pdb_id,chain_id,residue_id,residue_name,hydrophobicity,volume,charge,hbond_donor,hbond_acceptor,ss_type,rel_asa,phi,psi,hse_up,hse_down,hse_ratio,residue_depth,ca_depth,neighbor_count,atom_density,pos_charged_neighbors,neg_charged_neighbors,net_charge_environment,ss_H,ss_B,ss_E,ss_G,ss_I,ss_T,ss_S,ss_ ,ss_X
13pk,A,5,GLU,-3.5,138.4,-1.0,1,3,X,0.0,0.0,0.0,0.0,0.0,0.0,0.0,0.0,19,0.01958351838826056,25,24,1,0,0,0,0,0,0,0,0,1
13pk,A,6,LYS,-3.9,168.6,1.0,2,0,X,0.0,0.0,0.0,0.0,0.0,0.0,0.0,0.0,24,0.03823448828184205,18,37,-19,0,0,0,0,0,0,0,0,1
13pk,A,7,LYS,-3.9,168.6,1.0,2,0,X,0.0,0.0,0.0,0.0,0.0,0.0,0.0,0.0,26,0.045228601991935104,19,40,-21,0,0,0,0,0,0,0,0,1
13pk,A,8,SER,-0.8,89.0,0.0,1,1,X,0.0,0.0,0.0,0.0,0.0,0.0,0.0,0.0,29,0.04289723075523742,30,38,-8,0,0,0,0,0,0,0,0,1
13pk,A,9,ILE,4.5,166.7,0.0,0,0,X,0.0,0.0,0.0,0.0,0.0,0.0,0.0,0.0,32,0.048026247475972325,24,33,-9,0,0,0,0,0,0,0,0,1
13pk,A,10,ASN,-3.5,114.1,0.0,2,2,X,0.0,0.0,0.0,0.0,0.0,0.0,0.0,0.0,20,0.03124037457174899,21,22,-1,0,0,0,0,0,0,0,0,1
13pk,A,11,GLU,-3.5,138.4,-1.0,1,3,X,0.0,0.0,0.0,0.0,0.0,0.0,0.0,0.0,21,0.025178809356335007,25,15,10,0,0,0,0,0,0,0,0,1
13pk,A,12,CYS,2.5,108.5,0.0,1,0,X,0.0,0.0,0.0,0.0,0.0,0.0,0.0,0.0,24,0.032172923066428064,27,28,-1,0,0,0,0,0,0,0,0,1
13pk,A,13,ASP,-3.5,111.1,-1.0,1,3,X,0.0,0.0,0.0,0.0,0.0,0.0,0.0,0.0,20,0.025645083603674543,25,20,5,0,0,0,0,0,0,0,0,1
13pk,A,14,LEU,3.8,166.7,0.0,0,0,X,0.0,0.0,0.0,0.0,0.0,0.0,0.0,0.0,34,0.04289723075523742,35,28,7,0,0,0,0,0,0,0,0,1
13pk,A,15,LYS,-3.9,168.6,1.0,2,0,X,0.0,0.0,0.0,0.0,0.0,0.0,0.0,0.0,20,0.032639197313767604,13,21,-8,0,0,0,0,0,0,0,0,1
13pk,A,16,GLY,-0.4,60.1,0.0,0,0,X,0.0,0.0,0.0,0.0,0.0,0.0,0.0,0.0,21,0.030307826077069916,27,23,4,0,0,0,0,0,0,0,0,1
13pk,A,17,LYS,-3.9,168.6,1.0,2,0,X,0.0,0.0,0.0,0.0,0.0,0.0,0.0,0.0,24,0.040099585271200194,16,22,-6,0,0,0,0,0,0,0,0,1
13pk,A,18,LYS,-3.9,168.6,1.0,2,0,X,0.0,0.0,0.0,0.0,0.0,0.0,0.0,0.0,36,0.048026247475972325,15,16,-1,0,0,0,0,0,0,0,0,1
13pk,A,19,VAL,4.2,140.0,0.0,0,0,X,0.0,0.0,0.0,0.0,0.0,0.0,0.0,0.0,46,0.05222271570202816,25,15,10,0,0,0,0,0,0,0,0,1
13pk,A,20,LEU,3.8,166.7,0.0,0,0,X,0.0,0.0,0.0,0.0,0.0,0.0,0.0,0.0,39,0.053621538444046775,18,9,9,0,0,0,0,0,0,0,0,1
13pk,A,21,ILE,4.5,166.7,0.0,0,0,X,0.0,0.0,0.0,0.0,0.0,0.0,0.0,0.0,41,0.05175644145468863,15,10,5,0,0,0,0,0,0,0,0,1
13pk,A,22,ARG,-4.5,173.4,1.0,5,0,X,0.0,0.0,0.0,0.0,0.0,0.0,0.0,0.0,44,0.05175644145468863,20,22,-2,0,0,0,0,0,0,0,0,1
13pk,A,23,VAL,4.2,140.0,0.0,0,0,X,0.0,0.0,0.0,0.0,0.0,0.0,0.0,0.0,44,0.04989134446533048,29,16,13,0,0,0,0,0,0,0,0,1
13pk,A,24,ASP,-3.5,111.1,-1.0,1,3,X,0.0,0.0,0.0,0.0,0.0,0.0,0.0,0.0,45,0.053621538444046775,40,13,27,0,0,0,0,0,0,0,0,1
13pk,A,25,PHE,2.8,189.9,0.0,0,0,X,0.0,0.0,0.0,0.0,0.0,0.0,0.0,0.0,46,0.048958795970651406,45,21,24,0,0,0,0,0,0,0,0,1
13pk,A,26,ASN,-3.5,114.1,0.0,2,2,X,0.0,0.0,0.0,0.0,0.0,0.0,0.0,0.0,37,0.04429605349725603,43,17,26,0,0,0,0,0,0,0,0,1
13pk,A,27,VAL,4.2,140.0,0.0,0,0,X,0.0,0.0,0.0,0.0,0.0,0.0,0.0,0.0,34,0.04989134446533048,35,22,13,0,0,0,0,0,0,0,0,1
13pk,A,28,PRO,-1.6,112.7,0.0,0,0,X,0.0,0.0,0.0,0.0,0.0,0.0,0.0,0.0,36,0.03776821403450251,27,25,2,0,0,0,0,0,0,0,0,1
13pk,A,29,VAL,4.2,140.0,0.0,0,0,X,0.0,0.0,0.0,0.0,0.0,0.0,0.0,0.0,26,0.035436842797804825,25,16,9,0,0,0,0,0,0,0,0,1
13pk,A,30,LYS,-3.9,168.6,1.0,2,0,X,0.0,0.0,0.0,0.0,0.0,0.0,0.0,0.0,20,0.027510180593032695,19,18,1,0,0,0,0,0,0,0,0,1
13pk,A,31,ASN,-3.5,114.1,0.0,2,2,X,0.0,0.0,0.0,0.0,0.0,0.0,0.0,0.0,14,0.018650969893581486,28,8,20,0,0,0,0,0,0,0,0,1
13pk,A,32,GLY,-0.4,60.1,0.0,0,0,X,0.0,0.0,0.0,0.0,0.0,0.0,0.0,0.0,21,0.02984155182973038,36,7,29,0,0,0,0,0,0,0,0,1
13pk,A,33,LYS,-3.9,168.6,1.0,2,0,X,0.0,0.0,0.0,0.0,0.0,0.0,0.0,0.0,22,0.034970568550465285,39,9,30,0,0,0,0,0,0,0,0,1
13pk,A,34,ILE,4.5,166.7,0.0,0,0,X,0.0,0.0,0.0,0.0,0.0,0.0,0.0,0.0,32,0.048026247475972325,57,22,35,0,0,0,0,0,0,0,0,1
13pk,A,35,THR,-0.7,116.1,0.0,1,1,X,0.0,0.0,0.0,0.0,0.0,0.0,0.0,0.0,33,0.04616115048661418,39,32,7,0,0,0,0,0,0,0,0,1
13pk,A,36,ASN,-3.5,114.1,0.0,2,2,X,0.0,0.0,0.0,0.0,0.0,0.0,0.0,0.0,33,0.04942507021799094,44,34,10,0,0,0,0,0,0,0,0,1
13pk,A,37,ASP,-3.5,111.1,-1.0,1,3,X,0.0,0.0,0.0,0.0,0.0,0.0,0.0,0.0,28,0.04755997322863279,46,15,31,0,0,0,0,0,0,0,0,1
13pk,A,38,TYR,-1.3,193.6,0.0,1,1,X,0.0,0.0,0.0,0.0,0.0,0.0,0.0,0.0,37,0.04289723075523742,39,31,8,0,0,0,0,0,0,0,0,1
13pk,A,39,ARG,-4.5,173.4,1.0,5,0,X,0.0,0.0,0.0,0.0,0.0,0.0,0.0,0.0,39,0.05455408693872585,17,29,-12,0,0,0,0,0,0,0,0,1
13pk,A,40,ILE,4.5,166.7,0.0,0,0,X,0.0,0.0,0.0,0.0,0.0,0.0,0.0,0.0,37,0.050823892960009553,33,22,11,0,0,0,0,0,0,0,0,1
13pk,A,41,ARG,-4.5,173.4,1.0,5,0,X,0.0,0.0,0.0,0.0,0.0,0.0,0.0,0.0,28,0.043363505002576956,22,31,-9,0,0,0,0,0,0,0,0,1
13pk,A,42,SER,-0.8,89.0,0.0,1,1,X,0.0,0.0,0.0,0.0,0.0,0.0,0.0,0.0,38,0.04289723075523742,31,38,-7,0,0,0,0,0,0,0,0,1
13pk,A,43,ALA,1.8,88.6,0.0,0,0,X,0.0,0.0,0.0,0.0,0.0,0.0,0.0,0.0,42,0.048958795970651406,29,20,9,0,0,0,0,0,0,0,0,1
13pk,A,44,LEU,3.8,166.7,0.0,0,0,X,0.0,0.0,0.0,0.0,0.0,0.0,0.0,0.0,42,0.04662742473395372,31,20,11,0,0,0,0,0,0,0,0,1
13pk,A,45,PRO,-1.6,112.7,0.0,0,0,X,0.0,0.0,0.0,0.0,0.0,0.0,0.0,0.0,38,0.04709369898129325,33,19,14,0,0,0,0,0,0,0,0,1
13pk,A,46,THR,-0.7,116.1,0.0,1,1,X,0.0,0.0,0.0,0.0,0.0,0.0,0.0,0.0,43,0.04662742473395372,24,17,7,0,0,0,0,0,0,0,0,1
13pk,A,47,LEU,3.8,166.7,0.0,0,0,X,0.0,0.0,0.0,0.0,0.0,0.0,0.0,0.0,43,0.04429605349725603,29,9,20,0,0,0,0,0,0,0,0,1
13pk,A,48,LYS,-3.9,168.6,1.0,2,0,X,0.0,0.0,0.0,0.0,0.0,0.0,0.0,0.0,34,0.045694876239274644,16,14,2,0,0,0,0,0,0,0,0,1
13pk,A,49,LYS,-3.9,168.6,1.0,2,0,X,0.0,0.0,0.0,0.0,0.0,0.0,0.0,0.0,33,0.04196468226055834,12,15,-3,0,0,0,0,0,0,0,0,1
13pk,A,50,VAL,4.2,140.0,0.0,0,0,X,0.0,0.0,0.0,0.0,0.0,0.0,0.0,0.0,40,0.048026247475972325,42,17,25,0,0,0,0,0,0,0,0,1
13pk,A,51,LEU,3.8,166.7,0.0,0,0,X,0.0,0.0,0.0,0.0,0.0,0.0,0.0,0.0,39,0.043363505002576956,31,19,12,0,0,0,0,0,0,0,0,1
13pk,A,52,THR,-0.7,116.1,0.0,1,1,X,0.0,0.0,0.0,0.0,0.0,0.0,0.0,0.0,29,0.03683566553982344,39,10,29,0,0,0,0,0,0,0,0,1
13pk,A,53,GLU,-3.5,138.4,-1.0,1,3,X,0.0,0.0,0.0,0.0,0.0,0.0,0.0,0.0,26,0.03310547156110714,38,9,29,0,0,0,0,0,0,0,0,1
13pk,A,54,GLY,-0.4,60.1,0.0,0,0,X,0.0,0.0,0.0,0.0,0.0,0.0,0.0,0.0,26,0.03870076252918159,33,26,7,0,0,0,0,0,0,0,0,1
13pk,A,55,GLY,-0.4,60.1,0.0,0,0,X,0.0,0.0,0.0,0.0,0.0,0.0,0.0,0.0,32,0.04989134446533048,40,25,15,0,0,0,0,0,0,0,0,1
13pk,A,56,SER,-0.8,89.0,0.0,1,1,X,0.0,0.0,0.0,0.0,0.0,0.0,0.0,0.0,36,0.05035761871267001,28,21,7,0,0,0,0,0,0,0,0,1
13pk,A,57,CYS,2.5,108.5,0.0,1,0,X,0.0,0.0,0.0,0.0,0.0,0.0,0.0,0.0,43,0.05129016720734909,26,9,17,0,0,0,0,0,0,0,0,1
13pk,A,58,VAL,4.2,140.0,0.0,0,0,X,0.0,0.0,0.0,0.0,0.0,0.0,0.0,0.0,43,0.05175644145468863,16,9,7,0,0,0,0,0,0,0,0,1
13pk,A,59,LEU,3.8,166.7,0.0,0,0,X,0.0,0.0,0.0,0.0,0.0,0.0,0.0,0.0,42,0.04709369898129325,12,11,1,0,0,0,0,0,0,0,0,1
13pk,A,60,MET,1.9,162.9,0.0,0,0,X,0.0,0.0,0.0,0.0,0.0,0.0,0.0,0.0,40,0.05222271570202816,20,17,3,0,0,0,0,0,0,0,0,1
13pk,A,61,SER,-0.8,89.0,0.0,1,1,X,0.0,0.0,0.0,0.0,0.0,0.0,0.0,0.0,41,0.05502036118606539,32,22,10,0,0,0,0,0,0,0,0,1
13pk,A,62,HIS,-3.2,153.2,0.1,2,1,X,0.0,0.0,0.0,0.0,0.0,0.0,0.0,0.0,36,0.05455408693872585,44,19,25,0,0,0,0,0,0,0,0,1
13pk,A,63,LEU,3.8,166.7,0.0,0,0,X,0.0,0.0,0.0,0.0,0.0,0.0,0.0,0.0,35,0.048492521723311866,44,15,29,0,0,0,0,0,0,0,0,1
13pk,A,64,GLY,-0.4,60.1,0.0,0,0,X,0.0,0.0,0.0,0.0,0.0,0.0,0.0,0.0,28,0.03403802005578621,55,4,51,0,0,0,0,0,0,0,0,1
13pk,A,65,ARG,-4.5,173.4,1.0,5,0,X,0.0,0.0,0.0,0.0,0.0,0.0,0.0,0.0,17,0.030307826077069916,44,6,38,0,0,0,0,0,0,0,0,1
13pk,A,66,PRO,-1.6,112.7,0.0,0,0,X,0.0,0.0,0.0,0.0,0.0,0.0,0.0,0.0,26,0.03776821403450251,56,4,52,0,0,0,0,0,0,0,0,1
13pk,A,67,LYS,-3.9,168.6,1.0,2,0,X,0.0,0.0,0.0,0.0,0.0,0.0,0.0,0.0,17,0.02611135785101408,25,0,25,0,0,0,0,0,0,0,0,1
13pk,A,68,GLY,-0.4,60.1,0.0,0,0,X,0.0,0.0,0.0,0.0,0.0,0.0,0.0,0.0,24,0.04196468226055834,31,12,19,0,0,0,0,0,0,0,0,1
13pk,A,69,ILE,4.5,166.7,0.0,0,0,X,0.0,0.0,0.0,0.0,0.0,0.0,0.0,0.0,28,0.04289723075523742,27,12,15,0,0,0,0,0,0,0,0,1
13pk,A,70,PRO,-1.6,112.7,0.0,0,0,X,0.0,0.0,0.0,0.0,0.0,0.0,0.0,0.0,23,0.03403802005578621,22,15,7,0,0,0,0,0,0,0,0,1
13pk,A,71,MET,1.9,162.9,0.0,0,0,X,0.0,0.0,0.0,0.0,0.0,0.0,0.0,0.0,30,0.040565859518539735,23,25,-2,0,0,0,0,0,0,0,0,1
13pk,A,72,ALA,1.8,88.6,0.0,0,0,X,0.0,0.0,0.0,0.0,0.0,0.0,0.0,0.0,14,0.026577632098353617,19,6,13,0,0,0,0,0,0,0,0,1
13pk,A,73,GLN,-3.5,143.8,0.0,2,2,X,0.0,0.0,0.0,0.0,0.0,0.0,0.0,0.0,16,0.030307826077069916,22,4,18,0,0,0,0,0,0,0,0,1
13pk,A,74,ALA,1.8,88.6,0.0,0,0,X,0.0,0.0,0.0,0.0,0.0,0.0,0.0,0.0,25,0.04429605349725603,21,8,13,0,0,0,0,0,0,0,0,1
13pk,A,75,GLY,-0.4,60.1,0.0,0,0,X,0.0,0.0,0.0,0.0,0.0,0.0,0.0,0.0,20,0.029375277582390842,20,3,17,0,0,0,0,0,0,0,0,1
13pk,A,76,LYS,-3.9,168.6,1.0,2,0,X,0.0,0.0,0.0,0.0,0.0,0.0,0.0,0.0,14,0.026577632098353617,11,0,11,0,0,0,0,0,0,0,0,1
13pk,A,77,ILE,4.5,166.7,0.0,0,0,X,0.0,0.0,0.0,0.0,0.0,0.0,0.0,0.0,20,0.03450429430312575,20,4,16,0,0,0,0,0,0,0,0,1
13pk,A,78,ARG,-4.5,173.4,1.0,5,0,X,0.0,0.0,0.0,0.0,0.0,0.0,0.0,0.0,23,0.034970568550465285,9,8,1,0,0,0,0,0,0,0,0,1
13pk,A,79,SER,-0.8,89.0,0.0,1,1,X,0.0,0.0,0.0,0.0,0.0,0.0,0.0,0.0,13,0.021914889624958248,18,1,17,0,0,0,0,0,0,0,0,1
13pk,A,80,THR,-0.7,116.1,0.0,1,1,X,0.0,0.0,0.0,0.0,0.0,0.0,0.0,0.0,11,0.020516066882939634,14,0,14,0,0,0,0,0,0,0,0,1
13pk,A,81,GLY,-0.4,60.1,0.0,0,0,X,0.0,0.0,0.0,0.0,0.0,0.0,0.0,0.0,14,0.020049792635600097,14,3,11,0,0,0,0,0,0,0,0,1
13pk,A,82,GLY,-0.4,60.1,0.0,0,0,X,0.0,0.0,0.0,0.0,0.0,0.0,0.0,0.0,19,0.02611135785101408,16,7,9,0,0,0,0,0,0,0,0,1
13pk,A,83,VAL,4.2,140.0,0.0,0,0,X,0.0,0.0,0.0,0.0,0.0,0.0,0.0,0.0,28,0.03823448828184205,13,16,-3,0,0,0,0,0,0,0,0,1
13pk,A,84,PRO,-1.6,112.7,0.0,0,0,X,0.0,0.0,0.0,0.0,0.0,0.0,0.0,0.0,33,0.04616115048661418,20,17,3,0,0,0,0,0,0,0,0,1
13pk,A,85,GLY,-0.4,60.1,0.0,0,0,X,0.0,0.0,0.0,0.0,0.0,0.0,0.0,0.0,31,0.043363505002576956,25,14,11,0,0,0,0,0,0,0,0,1
13pk,A,86,PHE,2.8,189.9,0.0,0,0,X,0.0,0.0,0.0,0.0,0.0,0.0,0.0,0.0,25,0.040565859518539735,15,12,3,0,0,0,0,0,0,0,0,1
13pk,A,87,GLN,-3.5,143.8,0.0,2,2,X,0.0,0.0,0.0,0.0,0.0,0.0,0.0,0.0,21,0.03450429430312575,28,4,24,0,0,0,0,0,0,0,0,1
13pk,A,88,GLN,-3.5,143.8,0.0,2,2,X,0.0,0.0,0.0,0.0,0.0,0.0,0.0,0.0,20,0.02611135785101408,18,4,14,0,0,0,0,0,0,0,0,1
13pk,A,89,LYS,-3.9,168.6,1.0,2,0,X,0.0,0.0,0.0,0.0,0.0,0.0,0.0,0.0,21,0.029375277582390842,13,1,12,0,0,0,0,0,0,0,0,1
13pk,A,90,ALA,1.8,88.6,0.0,0,0,X,0.0,0.0,0.0,0.0,0.0,0.0,0.0,0.0,32,0.04662742473395372,37,8,29,0,0,0,0,0,0,0,0,1
13pk,A,91,THR,-0.7,116.1,0.0,1,1,X,0.0,0.0,0.0,0.0,0.0,0.0,0.0,0.0,34,0.048958795970651406,25,10,15,0,0,0,0,0,0,0,0,1
13pk,A,92,LEU,3.8,166.7,0.0,0,0,X,0.0,0.0,0.0,0.0,0.0,0.0,0.0,0.0,43,0.0526889899493677,29,12,17,0,0,0,0,0,0,0,0,1
13pk,A,93,LYS,-3.9,168.6,1.0,2,0,X,0.0,0.0,0.0,0.0,0.0,0.0,0.0,0.0,26,0.03870076252918159,13,8,5,0,0,0,0,0,0,0,0,1
13pk,A,94,PRO,-1.6,112.7,0.0,0,0,X,0.0,0.0,0.0,0.0,0.0,0.0,0.0,0.0,30,0.03963331102386066,43,11,32,0,0,0,0,0,0,0,0,1
13pk,A,95,VAL,4.2,140.0,0.0,0,0,X,0.0,0.0,0.0,0.0,0.0,0.0,0.0,0.0,40,0.04662742473395372,38,23,15,0,0,0,0,0,0,0,0,1
13pk,A,96,ALA,1.8,88.6,0.0,0,0,X,0.0,0.0,0.0,0.0,0.0,0.0,0.0,0.0,29,0.048492521723311866,30,11,19,0,0,0,0,0,0,0,0,1
13pk,A,97,LYS,-3.9,168.6,1.0,2,0,X,0.0,0.0,0.0,0.0,0.0,0.0,0.0,0.0,25,0.03823448828184205,37,10,27,0,0,0,0,0,0,0,0,1
13pk,A,98,ARG,-4.5,173.4,1.0,5,0,X,0.0,0.0,0.0,0.0,0.0,0.0,0.0,0.0,28,0.04149840801321881,36,28,8,0,0,0,0,0,0,0,0,1
13pk,A,99,LEU,3.8,166.7,0.0,0,0,X,0.0,0.0,0.0,0.0,0.0,0.0,0.0,0.0,38,0.048958795970651406,39,15,24,0,0,0,0,0,0,0,0,1
13pk,A,100,SER,-0.8,89.0,0.0,1,1,X,0.0,0.0,0.0,0.0,0.0,0.0,0.0,0.0,31,0.043829779249916496,41,9,32,0,0,0,0,0,0,0,0,1
13pk,A,101,GLU,-3.5,138.4,-1.0,1,3,X,0.0,0.0,0.0,0.0,0.0,0.0,0.0,0.0,27,0.04709369898129325,50,9,41,0,0,0,0,0,0,0,0,1
13pk,A,102,LEU,3.8,166.7,0.0,0,0,X,0.0,0.0,0.0,0.0,0.0,0.0,0.0,0.0,33,0.04289723075523742,42,32,10,0,0,0,0,0,0,0,0,1
13pk,A,103,LEU,3.8,166.7,0.0,0,0,X,0.0,0.0,0.0,0.0,0.0,0.0,0.0,0.0,39,0.040565859518539735,33,18,15,0,0,0,0,0,0,0,0,1
13pk,A,104,LEU,3.8,166.7,0.0,0,0,X,0.0,0.0,0.0,0.0,0.0,0.0,0.0,0.0,31,0.0363693912924839,26,20,6,0,0,0,0,0,0,0,0,1
13pk,A,105,ARG,-4.5,173.4,1.0,5,0,X,0.0,0.0,0.0,0.0,0.0,0.0,0.0,0.0,32,0.030307826077069916,6,18,-12,0,0,0,0,0,0,0,0,1
13pk,A,106,PRO,-1.6,112.7,0.0,0,0,X,0.0,0.0,0.0,0.0,0.0,0.0,0.0,0.0,23,0.02984155182973038,21,15,6,0,0,0,0,0,0,0,0,1
13pk,A,107,VAL,4.2,140.0,0.0,0,0,X,0.0,0.0,0.0,0.0,0.0,0.0,0.0,0.0,32,0.04196468226055834,28,14,14,0,0,0,0,0,0,0,0,1
13pk,A,108,THR,-0.7,116.1,0.0,1,1,X,0.0,0.0,0.0,0.0,0.0,0.0,0.0,0.0,27,0.02984155182973038,11,10,1,0,0,0,0,0,0,0,0,1
13pk,A,109,PHE,2.8,189.9,0.0,0,0,X,0.0,0.0,0.0,0.0,0.0,0.0,0.0,0.0,28,0.03916703677652112,15,14,1,0,0,0,0,0,0,0,0,1
13pk,A,110,ALA,1.8,88.6,0.0,0,0,X,0.0,0.0,0.0,0.0,0.0,0.0,0.0,0.0,30,0.04243095650789788,8,24,-16,0,0,0,0,0,0,0,0,1
13pk,A,111,PRO,-1.6,112.7,0.0,0,0,X,0.0,0.0,0.0,0.0,0.0,0.0,0.0,0.0,29,0.0363693912924839,11,20,-9,0,0,0,0,0,0,0,0,1
13pk,A,112,ASP,-3.5,111.1,-1.0,1,3,X,0.0,0.0,0.0,0.0,0.0,0.0,0.0,0.0,31,0.048958795970651406,11,13,-2,0,0,0,0,0,0,0,0,1
13pk,A,113,CYS,2.5,108.5,0.0,1,0,X,0.0,0.0,0.0,0.0,0.0,0.0,0.0,0.0,38,0.04942507021799094,9,21,-12,0,0,0,0,0,0,0,0,1
13pk,A,114,LEU,3.8,166.7,0.0,0,0,X,0.0,0.0,0.0,0.0,0.0,0.0,0.0,0.0,38,0.04196468226055834,13,22,-9,0,0,0,0,0,0,0,0,1
13pk,A,115,ASN,-3.5,114.1,0.0,2,2,X,0.0,0.0,0.0,0.0,0.0,0.0,0.0,0.0,23,0.035436842797804825,11,18,-7,0,0,0,0,0,0,0,0,1
13pk,A,116,ALA,1.8,88.6,0.0,0,0,X,0.0,0.0,0.0,0.0,0.0,0.0,0.0,0.0,29,0.03916703677652112,12,20,-8,0,0,0,0,0,0,0,0,1
13pk,A,117,ALA,1.8,88.6,0.0,0,0,X,0.0,0.0,0.0,0.0,0.0,0.0,0.0,0.0,21,0.03310547156110714,11,11,0,0,0,0,0,0,0,0,0,1
13pk,A,118,ASP,-3.5,111.1,-1.0,1,3,X,0.0,0.0,0.0,0.0,0.0,0.0,0.0,0.0,19,0.025178809356335007,10,4,6,0,0,0,0,0,0,0,0,1
13pk,A,119,VAL,4.2,140.0,0.0,0,0,X,0.0,0.0,0.0,0.0,0.0,0.0,0.0,0.0,25,0.03170664881908853,12,15,-3,0,0,0,0,0,0,0,0,1
13pk,A,120,VAL,4.2,140.0,0.0,0,0,X,0.0,0.0,0.0,0.0,0.0,0.0,0.0,0.0,31,0.04149840801321881,18,17,1,0,0,0,0,0,0,0,0,1
13pk,A,121,SER,-0.8,89.0,0.0,1,1,X,0.0,0.0,0.0,0.0,0.0,0.0,0.0,0.0,16,0.02844272908771177,14,11,3,0,0,0,0,0,0,0,0,1
13pk,A,122,LYS,-3.9,168.6,1.0,2,0,X,0.0,0.0,0.0,0.0,0.0,0.0,0.0,0.0,12,0.02611135785101408,3,12,-9,0,0,0,0,0,0,0,0,1
13pk,A,123,MET,1.9,162.9,0.0,0,0,X,0.0,0.0,0.0,0.0,0.0,0.0,0.0,0.0,27,0.03590311704514436,22,13,9,0,0,0,0,0,0,0,0,1
13pk,A,124,SER,-0.8,89.0,0.0,1,1,X,0.0,0.0,0.0,0.0,0.0,0.0,0.0,0.0,21,0.027510180593032695,20,11,9,0,0,0,0,0,0,0,0,1
13pk,A,125,PRO,-1.6,112.7,0.0,0,0,X,0.0,0.0,0.0,0.0,0.0,0.0,0.0,0.0,24,0.03403802005578621,30,18,12,0,0,0,0,0,0,0,0,1
13pk,A,126,GLY,-0.4,60.1,0.0,0,0,X,0.0,0.0,0.0,0.0,0.0,0.0,0.0,0.0,34,0.03450429430312575,24,15,9,0,0,0,0,0,0,0,0,1
13pk,A,127,ASP,-3.5,111.1,-1.0,1,3,X,0.0,0.0,0.0,0.0,0.0,0.0,0.0,0.0,28,0.04103213376587927,25,0,25,0,0,0,0,0,0,0,0,1
13pk,A,128,VAL,4.2,140.0,0.0,0,0,X,0.0,0.0,0.0,0.0,0.0,0.0,0.0,0.0,33,0.04755997322863279,12,8,4,0,0,0,0,0,0,0,0,1
13pk,A,129,VAL,4.2,140.0,0.0,0,0,X,0.0,0.0,0.0,0.0,0.0,0.0,0.0,0.0,39,0.048026247475972325,10,13,-3,0,0,0,0,0,0,0,0,1
13pk,A,130,LEU,3.8,166.7,0.0,0,0,X,0.0,0.0,0.0,0.0,0.0,0.0,0.0,0.0,41,0.0526889899493677,13,14,-1,0,0,0,0,0,0,0,0,1
13pk,A,131,LEU,3.8,166.7,0.0,0,0,X,0.0,0.0,0.0,0.0,0.0,0.0,0.0,0.0,42,0.0526889899493677,6,17,-11,0,0,0,0,0,0,0,0,1
13pk,A,132,GLU,-3.5,138.4,-1.0,1,3,X,0.0,0.0,0.0,0.0,0.0,0.0,0.0,0.0,37,0.05548663543340492,19,8,11,0,0,0,0,0,0,0,0,1
13pk,A,133,ASN,-3.5,114.1,0.0,2,2,X,0.0,0.0,0.0,0.0,0.0,0.0,0.0,0.0,44,0.05408781269138631,38,22,16,0,0,0,0,0,0,0,0,1
13pk,A,134,VAL,4.2,140.0,0.0,0,0,X,0.0,0.0,0.0,0.0,0.0,0.0,0.0,0.0,42,0.05548663543340492,33,32,1,0,0,0,0,0,0,0,0,1
13pk,A,135,ARG,-4.5,173.4,1.0,5,0,X,0.0,0.0,0.0,0.0,0.0,0.0,0.0,0.0,35,0.05408781269138631,44,16,28,0,0,0,0,0,0,0,0,1
13pk,A,136,PHE,2.8,189.9,0.0,0,0,X,0.0,0.0,0.0,0.0,0.0,0.0,0.0,0.0,38,0.056419183928083996,35,25,10,0,0,0,0,0,0,0,0,1
13pk,A,137,TYR,-1.3,193.6,0.0,1,1,X,0.0,0.0,0.0,0.0,0.0,0.0,0.0,0.0,41,0.05175644145468863,25,34,-9,0,0,0,0,0,0,0,0,1
13pk,A,138,LYS,-3.9,168.6,1.0,2,0,X,0.0,0.0,0.0,0.0,0.0,0.0,0.0,0.0,25,0.04289723075523742,22,24,-2,0,0,0,0,0,0,0,0,1
13pk,A,139,GLU,-3.5,138.4,-1.0,1,3,X,0.0,0.0,0.0,0.0,0.0,0.0,0.0,0.0,35,0.04755997322863279,49,22,27,0,0,0,0,0,0,0,0,1
13pk,A,140,GLU,-3.5,138.4,-1.0,1,3,X,0.0,0.0,0.0,0.0,0.0,0.0,0.0,0.0,40,0.05129016720734909,54,23,31,0,0,0,0,0,0,0,0,1
13pk,A,141,GLY,-0.4,60.1,0.0,0,0,X,0.0,0.0,0.0,0.0,0.0,0.0,0.0,0.0,30,0.040099585271200194,60,35,25,0,0,0,0,0,0,0,0,1
13pk,A,142,SER,-0.8,89.0,0.0,1,1,X,0.0,0.0,0.0,0.0,0.0,0.0,0.0,0.0,22,0.03823448828184205,47,40,7,0,0,0,0,0,0,0,0,1
13pk,A,143,LYS,-3.9,168.6,1.0,2,0,X,0.0,0.0,0.0,0.0,0.0,0.0,0.0,0.0,13,0.026577632098353617,32,25,7,0,0,0,0,0,0,0,0,1
13pk,A,144,LYS,-3.9,168.6,1.0,2,0,X,0.0,0.0,0.0,0.0,0.0,0.0,0.0,0.0,12,0.02844272908771177,32,25,7,0,0,0,0,0,0,0,0,1
13pk,A,145,ALA,1.8,88.6,0.0,0,0,X,0.0,0.0,0.0,0.0,0.0,0.0,0.0,0.0,21,0.032172923066428064,44,33,11,0,0,0,0,0,0,0,0,1
13pk,A,146,LYS,-3.9,168.6,1.0,2,0,X,0.0,0.0,0.0,0.0,0.0,0.0,0.0,0.0,13,0.02844272908771177,30,25,5,0,0,0,0,0,0,0,0,1
13pk,A,147,ASP,-3.5,111.1,-1.0,1,3,X,0.0,0.0,0.0,0.0,0.0,0.0,0.0,0.0,24,0.04289723075523742,49,23,26,0,0,0,0,0,0,0,0,1
13pk,A,148,ARG,-4.5,173.4,1.0,5,0,X,0.0,0.0,0.0,0.0,0.0,0.0,0.0,0.0,29,0.05502036118606539,36,43,-7,0,0,0,0,0,0,0,0,1
13pk,A,149,GLU,-3.5,138.4,-1.0,1,3,X,0.0,0.0,0.0,0.0,0.0,0.0,0.0,0.0,27,0.043829779249916496,44,17,27,0,0,0,0,0,0,0,0,1
13pk,A,150,ALA,1.8,88.6,0.0,0,0,X,0.0,0.0,0.0,0.0,0.0,0.0,0.0,0.0,26,0.035436842797804825,30,31,-1,0,0,0,0,0,0,0,0,1
13pk,A,151,MET,1.9,162.9,0.0,0,0,X,0.0,0.0,0.0,0.0,0.0,0.0,0.0,0.0,42,0.04662742473395372,30,33,-3,0,0,0,0,0,0,0,0,1
13pk,A,152,ALA,1.8,88.6,0.0,0,0,X,0.0,0.0,0.0,0.0,0.0,0.0,0.0,0.0,34,0.05175644145468863,29,27,2,0,0,0,0,0,0,0,0,1
13pk,A,153,LYS,-3.9,168.6,1.0,2,0,X,0.0,0.0,0.0,0.0,0.0,0.0,0.0,0.0,21,0.03776821403450251,15,13,2,0,0,0,0,0,0,0,0,1
13pk,A,154,ILE,4.5,166.7,0.0,0,0,X,0.0,0.0,0.0,0.0,0.0,0.0,0.0,0.0,29,0.0363693912924839,14,10,4,0,0,0,0,0,0,0,0,1
13pk,A,155,LEU,3.8,166.7,0.0,0,0,X,0.0,0.0,0.0,0.0,0.0,0.0,0.0,0.0,40,0.045228601991935104,11,12,-1,0,0,0,0,0,0,0,0,1
13pk,A,156,ALA,1.8,88.6,0.0,0,0,X,0.0,0.0,0.0,0.0,0.0,0.0,0.0,0.0,34,0.04476232774459557,16,10,6,0,0,0,0,0,0,0,0,1
13pk,A,157,SER,-0.8,89.0,0.0,1,1,X,0.0,0.0,0.0,0.0,0.0,0.0,0.0,0.0,26,0.02844272908771177,13,9,4,0,0,0,0,0,0,0,0,1
13pk,A,158,TYR,-1.3,193.6,0.0,1,1,X,0.0,0.0,0.0,0.0,0.0,0.0,0.0,0.0,34,0.04149840801321881,13,11,2,0,0,0,0,0,0,0,0,1
13pk,A,159,GLY,-0.4,60.1,0.0,0,0,X,0.0,0.0,0.0,0.0,0.0,0.0,0.0,0.0,30,0.04289723075523742,18,8,10,0,0,0,0,0,0,0,0,1
13pk,A,160,ASP,-3.5,111.1,-1.0,1,3,X,0.0,0.0,0.0,0.0,0.0,0.0,0.0,0.0,25,0.03357174580844668,21,6,15,0,0,0,0,0,0,0,0,1
13pk,A,161,VAL,4.2,140.0,0.0,0,0,X,0.0,0.0,0.0,0.0,0.0,0.0,0.0,0.0,36,0.04103213376587927,23,19,4,0,0,0,0,0,0,0,0,1
13pk,A,162,TYR,-1.3,193.6,0.0,1,1,X,0.0,0.0,0.0,0.0,0.0,0.0,0.0,0.0,45,0.05222271570202816,16,14,2,0,0,0,0,0,0,0,0,1
13pk,A,163,ILE,4.5,166.7,0.0,0,0,X,0.0,0.0,0.0,0.0,0.0,0.0,0.0,0.0,44,0.05175644145468863,18,14,4,0,0,0,0,0,0,0,0,1
13pk,A,164,SER,-0.8,89.0,0.0,1,1,X,0.0,0.0,0.0,0.0,0.0,0.0,0.0,0.0,44,0.053621538444046775,15,18,-3,0,0,0,0,0,0,0,0,1
13pk,A,165,ASP,-3.5,111.1,-1.0,1,3,X,0.0,0.0,0.0,0.0,0.0,0.0,0.0,0.0,42,0.05175644145468863,23,23,0,0,0,0,0,0,0,0,0,1
13pk,A,166,ALA,1.8,88.6,0.0,0,0,X,0.0,0.0,0.0,0.0,0.0,0.0,0.0,0.0,45,0.04755997322863279,41,24,17,0,0,0,0,0,0,0,0,1
13pk,A,167,PHE,2.8,189.9,0.0,0,0,X,0.0,0.0,0.0,0.0,0.0,0.0,0.0,0.0,45,0.0526889899493677,29,32,-3,0,0,0,0,0,0,0,0,1
13pk,A,168,GLY,-0.4,60.1,0.0,0,0,X,0.0,0.0,0.0,0.0,0.0,0.0,0.0,0.0,44,0.05129016720734909,48,25,23,0,0,0,0,0,0,0,0,1
13pk,A,169,THR,-0.7,116.1,0.0,1,1,X,0.0,0.0,0.0,0.0,0.0,0.0,0.0,0.0,40,0.043829779249916496,53,23,30,0,0,0,0,0,0,0,0,1
13pk,A,170,ALA,1.8,88.6,0.0,0,0,X,0.0,0.0,0.0,0.0,0.0,0.0,0.0,0.0,39,0.04662742473395372,37,28,9,0,0,0,0,0,0,0,0,1
13pk,A,171,HIS,-3.2,153.2,0.1,2,1,X,0.0,0.0,0.0,0.0,0.0,0.0,0.0,0.0,35,0.04476232774459557,26,25,1,0,0,0,0,0,0,0,0,1
13pk,A,172,ARG,-4.5,173.4,1.0,5,0,X,0.0,0.0,0.0,0.0,0.0,0.0,0.0,0.0,33,0.03870076252918159,36,27,9,0,0,0,0,0,0,0,0,1
13pk,A,173,ASP,-3.5,111.1,-1.0,1,3,X,0.0,0.0,0.0,0.0,0.0,0.0,0.0,0.0,31,0.03870076252918159,45,8,37,0,0,0,0,0,0,0,0,1
13pk,A,174,SER,-0.8,89.0,0.0,1,1,X,0.0,0.0,0.0,0.0,0.0,0.0,0.0,0.0,39,0.045228601991935104,60,27,33,0,0,0,0,0,0,0,0,1
13pk,A,175,ALA,1.8,88.6,0.0,0,0,X,0.0,0.0,0.0,0.0,0.0,0.0,0.0,0.0,42,0.05688545817542354,47,38,9,0,0,0,0,0,0,0,0,1
13pk,A,176,THR,-0.7,116.1,0.0,1,1,X,0.0,0.0,0.0,0.0,0.0,0.0,0.0,0.0,48,0.05175644145468863,41,20,21,0,0,0,0,0,0,0,0,1
13pk,A,177,MET,1.9,162.9,0.0,0,0,X,0.0,0.0,0.0,0.0,0.0,0.0,0.0,0.0,45,0.05595290968074446,41,24,17,0,0,0,0,0,0,0,0,1
13pk,A,178,THR,-0.7,116.1,0.0,1,1,X,0.0,0.0,0.0,0.0,0.0,0.0,0.0,0.0,34,0.05035761871267001,33,21,12,0,0,0,0,0,0,0,0,1
13pk,A,179,GLY,-0.4,60.1,0.0,0,0,X,0.0,0.0,0.0,0.0,0.0,0.0,0.0,0.0,39,0.05129016720734909,35,28,7,0,0,0,0,0,0,0,0,1
13pk,A,180,ILE,4.5,166.7,0.0,0,0,X,0.0,0.0,0.0,0.0,0.0,0.0,0.0,0.0,38,0.05548663543340492,25,14,11,0,0,0,0,0,0,0,0,1
13pk,A,181,PRO,-1.6,112.7,0.0,0,0,X,0.0,0.0,0.0,0.0,0.0,0.0,0.0,0.0,35,0.05129016720734909,13,12,1,0,0,0,0,0,0,0,0,1
13pk,A,182,LYS,-3.9,168.6,1.0,2,0,X,0.0,0.0,0.0,0.0,0.0,0.0,0.0,0.0,26,0.03357174580844668,15,13,2,0,0,0,0,0,0,0,0,1
13pk,A,183,ILE,4.5,166.7,0.0,0,0,X,0.0,0.0,0.0,0.0,0.0,0.0,0.0,0.0,28,0.03450429430312575,23,10,13,0,0,0,0,0,0,0,0,1
13pk,A,184,LEU,3.8,166.7,0.0,0,0,X,0.0,0.0,0.0,0.0,0.0,0.0,0.0,0.0,29,0.035436842797804825,14,10,4,0,0,0,0,0,0,0,0,1
13pk,A,185,GLY,-0.4,60.1,0.0,0,0,X,0.0,0.0,0.0,0.0,0.0,0.0,0.0,0.0,21,0.023779986614316396,12,10,2,0,0,0,0,0,0,0,0,1
13pk,A,186,ASN,-3.5,114.1,0.0,2,2,X,0.0,0.0,0.0,0.0,0.0,0.0,0.0,0.0,30,0.03683566553982344,16,14,2,0,0,0,0,0,0,0,0,1
13pk,A,187,GLY,-0.4,60.1,0.0,0,0,X,0.0,0.0,0.0,0.0,0.0,0.0,0.0,0.0,38,0.04942507021799094,30,22,8,0,0,0,0,0,0,0,0,1
13pk,A,188,ALA,1.8,88.6,0.0,0,0,X,0.0,0.0,0.0,0.0,0.0,0.0,0.0,0.0,41,0.053155264196707235,29,39,-10,0,0,0,0,0,0,0,0,1
13pk,A,189,ALA,1.8,88.6,0.0,0,0,X,0.0,0.0,0.0,0.0,0.0,0.0,0.0,0.0,40,0.05408781269138631,26,41,-15,0,0,0,0,0,0,0,0,1
13pk,A,190,GLY,-0.4,60.1,0.0,0,0,X,0.0,0.0,0.0,0.0,0.0,0.0,0.0,0.0,41,0.05035761871267001,30,25,5,0,0,0,0,0,0,0,0,1
13pk,A,191,TYR,-1.3,193.6,0.0,1,1,X,0.0,0.0,0.0,0.0,0.0,0.0,0.0,0.0,32,0.045694876239274644,29,22,7,0,0,0,0,0,0,0,0,1
13pk,A,192,LEU,3.8,166.7,0.0,0,0,X,0.0,0.0,0.0,0.0,0.0,0.0,0.0,0.0,40,0.04942507021799094,29,33,-4,0,0,0,0,0,0,0,0,1
13pk,A,193,MET,1.9,162.9,0.0,0,0,X,0.0,0.0,0.0,0.0,0.0,0.0,0.0,0.0,46,0.04942507021799094,24,31,-7,0,0,0,0,0,0,0,0,1
13pk,A,194,GLU,-3.5,138.4,-1.0,1,3,X,0.0,0.0,0.0,0.0,0.0,0.0,0.0,0.0,26,0.040565859518539735,21,25,-4,0,0,0,0,0,0,0,0,1
13pk,A,195,LYS,-3.9,168.6,1.0,2,0,X,0.0,0.0,0.0,0.0,0.0,0.0,0.0,0.0,28,0.03776821403450251,19,25,-6,0,0,0,0,0,0,0,0,1
13pk,A,196,GLU,-3.5,138.4,-1.0,1,3,X,0.0,0.0,0.0,0.0,0.0,0.0,0.0,0.0,37,0.048492521723311866,22,14,8,0,0,0,0,0,0,0,0,1
13pk,A,197,ILE,4.5,166.7,0.0,0,0,X,0.0,0.0,0.0,0.0,0.0,0.0,0.0,0.0,35,0.04103213376587927,25,26,-1,0,0,0,0,0,0,0,0,1
13pk,A,198,SER,-0.8,89.0,0.0,1,1,X,0.0,0.0,0.0,0.0,0.0,0.0,0.0,0.0,20,0.03170664881908853,23,23,0,0,0,0,0,0,0,0,0,1
13pk,A,199,TYR,-1.3,193.6,0.0,1,1,X,0.0,0.0,0.0,0.0,0.0,0.0,0.0,0.0,27,0.03916703677652112,27,11,16,0,0,0,0,0,0,0,0,1
13pk,A,200,PHE,2.8,189.9,0.0,0,0,X,0.0,0.0,0.0,0.0,0.0,0.0,0.0,0.0,36,0.04709369898129325,28,14,14,0,0,0,0,0,0,0,0,1
13pk,A,201,ALA,1.8,88.6,0.0,0,0,X,0.0,0.0,0.0,0.0,0.0,0.0,0.0,0.0,21,0.032639197313767604,17,9,8,0,0,0,0,0,0,0,0,1
13pk,A,202,LYS,-3.9,168.6,1.0,2,0,X,0.0,0.0,0.0,0.0,0.0,0.0,0.0,0.0,18,0.030307826077069916,8,4,4,0,0,0,0,0,0,0,0,1
13pk,A,203,VAL,4.2,140.0,0.0,0,0,X,0.0,0.0,0.0,0.0,0.0,0.0,0.0,0.0,26,0.03776821403450251,22,2,20,0,0,0,0,0,0,0,0,1
13pk,A,204,LEU,3.8,166.7,0.0,0,0,X,0.0,0.0,0.0,0.0,0.0,0.0,0.0,0.0,28,0.03916703677652112,26,7,19,0,0,0,0,0,0,0,0,1
13pk,A,205,GLY,-0.4,60.1,0.0,0,0,X,0.0,0.0,0.0,0.0,0.0,0.0,0.0,0.0,19,0.02331371236697686,26,0,26,0,0,0,0,0,0,0,0,1
13pk,A,206,ASN,-3.5,114.1,0.0,2,2,X,0.0,0.0,0.0,0.0,0.0,0.0,0.0,0.0,14,0.022847438119637322,20,0,20,0,0,0,0,0,0,0,0,1
13pk,A,207,PRO,-1.6,112.7,0.0,0,0,X,0.0,0.0,0.0,0.0,0.0,0.0,0.0,0.0,24,0.03683566553982344,38,5,33,0,0,0,0,0,0,0,0,1
13pk,A,208,PRO,-1.6,112.7,0.0,0,0,X,0.0,0.0,0.0,0.0,0.0,0.0,0.0,0.0,25,0.032639197313767604,27,4,23,0,0,0,0,0,0,0,0,1
13pk,A,209,ARG,-4.5,173.4,1.0,5,0,X,0.0,0.0,0.0,0.0,0.0,0.0,0.0,0.0,23,0.03450429430312575,21,8,13,0,0,0,0,0,0,0,0,1
13pk,A,210,PRO,-1.6,112.7,0.0,0,0,X,0.0,0.0,0.0,0.0,0.0,0.0,0.0,0.0,23,0.04196468226055834,32,8,24,0,0,0,0,0,0,0,0,1
13pk,A,211,LEU,3.8,166.7,0.0,0,0,X,0.0,0.0,0.0,0.0,0.0,0.0,0.0,0.0,36,0.05175644145468863,33,8,25,0,0,0,0,0,0,0,0,1
13pk,A,212,VAL,4.2,140.0,0.0,0,0,X,0.0,0.0,0.0,0.0,0.0,0.0,0.0,0.0,42,0.056419183928083996,23,8,15,0,0,0,0,0,0,0,0,1
13pk,A,213,ALA,1.8,88.6,0.0,0,0,X,0.0,0.0,0.0,0.0,0.0,0.0,0.0,0.0,39,0.048958795970651406,6,7,-1,0,0,0,0,0,0,0,0,1
13pk,A,214,ILE,4.5,166.7,0.0,0,0,X,0.0,0.0,0.0,0.0,0.0,0.0,0.0,0.0,44,0.05175644145468863,2,0,2,0,0,0,0,0,0,0,0,1
13pk,A,215,VAL,4.2,140.0,0.0,0,0,X,0.0,0.0,0.0,0.0,0.0,0.0,0.0,0.0,42,0.050823892960009553,10,0,10,0,0,0,0,0,0,0,0,1
13pk,A,216,GLY,-0.4,60.1,0.0,0,0,X,0.0,0.0,0.0,0.0,0.0,0.0,0.0,0.0,41,0.04942507021799094,17,3,14,0,0,0,0,0,0,0,0,1
13pk,A,217,GLY,-0.4,60.1,0.0,0,0,X,0.0,0.0,0.0,0.0,0.0,0.0,0.0,0.0,36,0.04289723075523742,26,13,13,0,0,0,0,0,0,0,0,1
13pk,A,218,ALA,1.8,88.6,0.0,0,0,X,0.0,0.0,0.0,0.0,0.0,0.0,0.0,0.0,31,0.030774100324409453,32,17,15,0,0,0,0,0,0,0,0,1
13pk,A,219,LYS,-3.9,168.6,1.0,2,0,X,0.0,0.0,0.0,0.0,0.0,0.0,0.0,0.0,30,0.03124037457174899,30,15,15,0,0,0,0,0,0,0,0,1
13pk,A,220,VAL,4.2,140.0,0.0,0,0,X,0.0,0.0,0.0,0.0,0.0,0.0,0.0,0.0,32,0.043829779249916496,39,18,21,0,0,0,0,0,0,0,0,1
13pk,A,221,SER,-0.8,89.0,0.0,1,1,X,0.0,0.0,0.0,0.0,0.0,0.0,0.0,0.0,21,0.0363693912924839,38,18,20,0,0,0,0,0,0,0,0,1
13pk,A,222,ASP,-3.5,111.1,-1.0,1,3,X,0.0,0.0,0.0,0.0,0.0,0.0,0.0,0.0,21,0.035436842797804825,39,8,31,0,0,0,0,0,0,0,0,1
13pk,A,223,LYS,-3.9,168.6,1.0,2,0,X,0.0,0.0,0.0,0.0,0.0,0.0,0.0,0.0,39,0.04289723075523742,20,17,3,0,0,0,0,0,0,0,0,1
13pk,A,224,ILE,4.5,166.7,0.0,0,0,X,0.0,0.0,0.0,0.0,0.0,0.0,0.0,0.0,33,0.05035761871267001,25,26,-1,0,0,0,0,0,0,0,0,1
13pk,A,225,GLN,-3.5,143.8,0.0,2,2,X,0.0,0.0,0.0,0.0,0.0,0.0,0.0,0.0,23,0.03823448828184205,19,26,-7,0,0,0,0,0,0,0,0,1
13pk,A,226,LEU,3.8,166.7,0.0,0,0,X,0.0,0.0,0.0,0.0,0.0,0.0,0.0,0.0,34,0.04616115048661418,23,33,-10,0,0,0,0,0,0,0,0,1
13pk,A,227,LEU,3.8,166.7,0.0,0,0,X,0.0,0.0,0.0,0.0,0.0,0.0,0.0,0.0,37,0.04616115048661418,14,19,-5,0,0,0,0,0,0,0,0,1
13pk,A,228,ASP,-3.5,111.1,-1.0,1,3,X,0.0,0.0,0.0,0.0,0.0,0.0,0.0,0.0,29,0.040099585271200194,28,9,19,0,0,0,0,0,0,0,0,1
13pk,A,229,ASN,-3.5,114.1,0.0,2,2,X,0.0,0.0,0.0,0.0,0.0,0.0,0.0,0.0,26,0.03870076252918159,30,27,3,0,0,0,0,0,0,0,0,1
13pk,A,230,MET,1.9,162.9,0.0,0,0,X,0.0,0.0,0.0,0.0,0.0,0.0,0.0,0.0,37,0.04709369898129325,23,26,-3,0,0,0,0,0,0,0,0,1
13pk,A,231,LEU,3.8,166.7,0.0,0,0,X,0.0,0.0,0.0,0.0,0.0,0.0,0.0,0.0,31,0.04942507021799094,41,30,11,0,0,0,0,0,0,0,0,1
13pk,A,232,GLN,-3.5,143.8,0.0,2,2,X,0.0,0.0,0.0,0.0,0.0,0.0,0.0,0.0,20,0.03450429430312575,37,23,14,0,0,0,0,0,0,0,0,1
13pk,A,233,ARG,-4.5,173.4,1.0,5,0,X,0.0,0.0,0.0,0.0,0.0,0.0,0.0,0.0,32,0.03683566553982344,13,17,-4,0,0,0,0,0,0,0,0,1
13pk,A,234,ILE,4.5,166.7,0.0,0,0,X,0.0,0.0,0.0,0.0,0.0,0.0,0.0,0.0,36,0.04709369898129325,34,13,21,0,0,0,0,0,0,0,0,1
13pk,A,235,ASP,-3.5,111.1,-1.0,1,3,X,0.0,0.0,0.0,0.0,0.0,0.0,0.0,0.0,28,0.04662742473395372,36,0,36,0,0,0,0,0,0,0,0,1
13pk,A,236,TYR,-1.3,193.6,0.0,1,1,X,0.0,0.0,0.0,0.0,0.0,0.0,0.0,0.0,29,0.048958795970651406,30,8,22,0,0,0,0,0,0,0,0,1
13pk,A,237,LEU,3.8,166.7,0.0,0,0,X,0.0,0.0,0.0,0.0,0.0,0.0,0.0,0.0,38,0.05035761871267001,3,7,-4,0,0,0,0,0,0,0,0,1
13pk,A,238,LEU,3.8,166.7,0.0,0,0,X,0.0,0.0,0.0,0.0,0.0,0.0,0.0,0.0,41,0.050823892960009553,9,4,5,0,0,0,0,0,0,0,0,1
13pk,A,239,ILE,4.5,166.7,0.0,0,0,X,0.0,0.0,0.0,0.0,0.0,0.0,0.0,0.0,43,0.05175644145468863,3,0,3,0,0,0,0,0,0,0,0,1
13pk,A,240,GLY,-0.4,60.1,0.0,0,0,X,0.0,0.0,0.0,0.0,0.0,0.0,0.0,0.0,45,0.05502036118606539,9,8,1,0,0,0,0,0,0,0,0,1
13pk,A,241,GLY,-0.4,60.1,0.0,0,0,X,0.0,0.0,0.0,0.0,0.0,0.0,0.0,0.0,46,0.048026247475972325,19,9,10,0,0,0,0,0,0,0,0,1
13pk,A,242,ALA,1.8,88.6,0.0,0,0,X,0.0,0.0,0.0,0.0,0.0,0.0,0.0,0.0,40,0.045228601991935104,24,11,13,0,0,0,0,0,0,0,0,1
13pk,A,243,MET,1.9,162.9,0.0,0,0,X,0.0,0.0,0.0,0.0,0.0,0.0,0.0,0.0,42,0.05455408693872585,26,13,13,0,0,0,0,0,0,0,0,1
13pk,A,244,ALA,1.8,88.6,0.0,0,0,X,0.0,0.0,0.0,0.0,0.0,0.0,0.0,0.0,46,0.048026247475972325,19,7,12,0,0,0,0,0,0,0,0,1
13pk,A,245,TYR,-1.3,193.6,0.0,1,1,X,0.0,0.0,0.0,0.0,0.0,0.0,0.0,0.0,45,0.05175644145468863,32,12,20,0,0,0,0,0,0,0,0,1
13pk,A,246,THR,-0.7,116.1,0.0,1,1,X,0.0,0.0,0.0,0.0,0.0,0.0,0.0,0.0,36,0.05595290968074446,34,22,12,0,0,0,0,0,0,0,0,1
13pk,A,247,PHE,2.8,189.9,0.0,0,0,X,0.0,0.0,0.0,0.0,0.0,0.0,0.0,0.0,41,0.048492521723311866,24,11,13,0,0,0,0,0,0,0,0,1
13pk,A,248,LEU,3.8,166.7,0.0,0,0,X,0.0,0.0,0.0,0.0,0.0,0.0,0.0,0.0,38,0.05129016720734909,21,5,16,0,0,0,0,0,0,0,0,1
13pk,A,249,LYS,-3.9,168.6,1.0,2,0,X,0.0,0.0,0.0,0.0,0.0,0.0,0.0,0.0,29,0.04476232774459557,18,16,2,0,0,0,0,0,0,0,0,1
13pk,A,250,ALA,1.8,88.6,0.0,0,0,X,0.0,0.0,0.0,0.0,0.0,0.0,0.0,0.0,29,0.045228601991935104,30,18,12,0,0,0,0,0,0,0,0,1
13pk,A,251,GLN,-3.5,143.8,0.0,2,2,X,0.0,0.0,0.0,0.0,0.0,0.0,0.0,0.0,28,0.03776821403450251,23,0,23,0,0,0,0,0,0,0,0,1
13pk,A,252,GLY,-0.4,60.1,0.0,0,0,X,0.0,0.0,0.0,0.0,0.0,0.0,0.0,0.0,28,0.035436842797804825,36,1,35,0,0,0,0,0,0,0,0,1
13pk,A,253,TYR,-1.3,193.6,0.0,1,1,X,0.0,0.0,0.0,0.0,0.0,0.0,0.0,0.0,31,0.04243095650789788,31,9,22,0,0,0,0,0,0,0,0,1
13pk,A,254,SER,-0.8,89.0,0.0,1,1,X,0.0,0.0,0.0,0.0,0.0,0.0,0.0,0.0,33,0.03963331102386066,39,21,18,0,0,0,0,0,0,0,0,1
13pk,A,255,ILE,4.5,166.7,0.0,0,0,X,0.0,0.0,0.0,0.0,0.0,0.0,0.0,0.0,36,0.050823892960009553,35,12,23,0,0,0,0,0,0,0,0,1
13pk,A,256,GLY,-0.4,60.1,0.0,0,0,X,0.0,0.0,0.0,0.0,0.0,0.0,0.0,0.0,28,0.03823448828184205,40,13,27,0,0,0,0,0,0,0,0,1
13pk,A,257,LYS,-3.9,168.6,1.0,2,0,X,0.0,0.0,0.0,0.0,0.0,0.0,0.0,0.0,22,0.032172923066428064,22,14,8,0,0,0,0,0,0,0,0,1
13pk,A,258,SER,-0.8,89.0,0.0,1,1,X,0.0,0.0,0.0,0.0,0.0,0.0,0.0,0.0,35,0.040099585271200194,40,10,30,0,0,0,0,0,0,0,0,1
13pk,A,259,LYS,-3.9,168.6,1.0,2,0,X,0.0,0.0,0.0,0.0,0.0,0.0,0.0,0.0,27,0.03403802005578621,12,16,-4,0,0,0,0,0,0,0,0,1
13pk,A,260,CYS,2.5,108.5,0.0,1,0,X,0.0,0.0,0.0,0.0,0.0,0.0,0.0,0.0,25,0.04289723075523742,30,18,12,0,0,0,0,0,0,0,0,1
13pk,A,261,GLU,-3.5,138.4,-1.0,1,3,X,0.0,0.0,0.0,0.0,0.0,0.0,0.0,0.0,26,0.03870076252918159,28,15,13,0,0,0,0,0,0,0,0,1
13pk,A,262,GLU,-3.5,138.4,-1.0,1,3,X,0.0,0.0,0.0,0.0,0.0,0.0,0.0,0.0,18,0.027043906345693154,25,12,13,0,0,0,0,0,0,0,0,1
13pk,A,263,SER,-0.8,89.0,0.0,1,1,X,0.0,0.0,0.0,0.0,0.0,0.0,0.0,0.0,16,0.023779986614316396,13,26,-13,0,0,0,0,0,0,0,0,1
13pk,A,264,LYS,-3.9,168.6,1.0,2,0,X,0.0,0.0,0.0,0.0,0.0,0.0,0.0,0.0,25,0.03683566553982344,12,30,-18,0,0,0,0,0,0,0,0,1
13pk,A,265,LEU,3.8,166.7,0.0,0,0,X,0.0,0.0,0.0,0.0,0.0,0.0,0.0,0.0,27,0.04429605349725603,31,26,5,0,0,0,0,0,0,0,0,1
13pk,A,266,GLU,-3.5,138.4,-1.0,1,3,X,0.0,0.0,0.0,0.0,0.0,0.0,0.0,0.0,20,0.02984155182973038,24,5,19,0,0,0,0,0,0,0,0,1
13pk,A,267,PHE,2.8,189.9,0.0,0,0,X,0.0,0.0,0.0,0.0,0.0,0.0,0.0,0.0,28,0.03776821403450251,30,23,7,0,0,0,0,0,0,0,0,1
13pk,A,268,ALA,1.8,88.6,0.0,0,0,X,0.0,0.0,0.0,0.0,0.0,0.0,0.0,0.0,35,0.05035761871267001,40,22,18,0,0,0,0,0,0,0,0,1
13pk,A,269,ARG,-4.5,173.4,1.0,5,0,X,0.0,0.0,0.0,0.0,0.0,0.0,0.0,0.0,27,0.04149840801321881,24,11,13,0,0,0,0,0,0,0,0,1
13pk,A,270,SER,-0.8,89.0,0.0,1,1,X,0.0,0.0,0.0,0.0,0.0,0.0,0.0,0.0,25,0.040099585271200194,33,28,5,0,0,0,0,0,0,0,0,1
13pk,A,271,LEU,3.8,166.7,0.0,0,0,X,0.0,0.0,0.0,0.0,0.0,0.0,0.0,0.0,35,0.04429605349725603,35,23,12,0,0,0,0,0,0,0,0,1
13pk,A,272,LEU,3.8,166.7,0.0,0,0,X,0.0,0.0,0.0,0.0,0.0,0.0,0.0,0.0,33,0.04196468226055834,29,26,3,0,0,0,0,0,0,0,0,1
13pk,A,273,LYS,-3.9,168.6,1.0,2,0,X,0.0,0.0,0.0,0.0,0.0,0.0,0.0,0.0,29,0.03823448828184205,31,29,2,0,0,0,0,0,0,0,0,1
13pk,A,274,LYS,-3.9,168.6,1.0,2,0,X,0.0,0.0,0.0,0.0,0.0,0.0,0.0,0.0,29,0.04243095650789788,30,26,4,0,0,0,0,0,0,0,0,1
13pk,A,275,ALA,1.8,88.6,0.0,0,0,X,0.0,0.0,0.0,0.0,0.0,0.0,0.0,0.0,29,0.048026247475972325,39,32,7,0,0,0,0,0,0,0,0,1
13pk,A,276,GLU,-3.5,138.4,-1.0,1,3,X,0.0,0.0,0.0,0.0,0.0,0.0,0.0,0.0,23,0.0363693912924839,41,16,25,0,0,0,0,0,0,0,0,1
13pk,A,277,ASP,-3.5,111.1,-1.0,1,3,X,0.0,0.0,0.0,0.0,0.0,0.0,0.0,0.0,21,0.029375277582390842,45,12,33,0,0,0,0,0,0,0,0,1
13pk,A,278,ARG,-4.5,173.4,1.0,5,0,X,0.0,0.0,0.0,0.0,0.0,0.0,0.0,0.0,20,0.03310547156110714,30,24,6,0,0,0,0,0,0,0,0,1
13pk,A,279,LYS,-3.9,168.6,1.0,2,0,X,0.0,0.0,0.0,0.0,0.0,0.0,0.0,0.0,17,0.02844272908771177,20,22,-2,0,0,0,0,0,0,0,0,1
13pk,A,280,VAL,4.2,140.0,0.0,0,0,X,0.0,0.0,0.0,0.0,0.0,0.0,0.0,0.0,30,0.04616115048661418,36,27,9,0,0,0,0,0,0,0,0,1
13pk,A,281,GLN,-3.5,143.8,0.0,2,2,X,0.0,0.0,0.0,0.0,0.0,0.0,0.0,0.0,29,0.0363693912924839,25,22,3,0,0,0,0,0,0,0,0,1
13pk,A,282,VAL,4.2,140.0,0.0,0,0,X,0.0,0.0,0.0,0.0,0.0,0.0,0.0,0.0,33,0.040099585271200194,17,17,0,0,0,0,0,0,0,0,0,1
13pk,A,283,ILE,4.5,166.7,0.0,0,0,X,0.0,0.0,0.0,0.0,0.0,0.0,0.0,0.0,36,0.040565859518539735,16,3,13,0,0,0,0,0,0,0,0,1
13pk,A,284,LEU,3.8,166.7,0.0,0,0,X,0.0,0.0,0.0,0.0,0.0,0.0,0.0,0.0,30,0.043829779249916496,8,5,3,0,0,0,0,0,0,0,0,1
13pk,A,285,PRO,-1.6,112.7,0.0,0,0,X,0.0,0.0,0.0,0.0,0.0,0.0,0.0,0.0,42,0.04942507021799094,22,19,3,0,0,0,0,0,0,0,0,1
13pk,A,286,ILE,4.5,166.7,0.0,0,0,X,0.0,0.0,0.0,0.0,0.0,0.0,0.0,0.0,27,0.04476232774459557,27,32,-5,0,0,0,0,0,0,0,0,1
13pk,A,287,ASP,-3.5,111.1,-1.0,1,3,X,0.0,0.0,0.0,0.0,0.0,0.0,0.0,0.0,29,0.05455408693872585,22,32,-10,0,0,0,0,0,0,0,0,1
13pk,A,288,HIS,-3.2,153.2,0.1,2,1,X,0.0,0.0,0.0,0.0,0.0,0.0,0.0,0.0,41,0.05735173242276307,15,29,-14,0,0,0,0,0,0,0,0,1
13pk,A,289,VAL,4.2,140.0,0.0,0,0,X,0.0,0.0,0.0,0.0,0.0,0.0,0.0,0.0,43,0.05222271570202816,34,19,15,0,0,0,0,0,0,0,0,1
13pk,A,290,CYS,2.5,108.5,0.0,1,0,X,0.0,0.0,0.0,0.0,0.0,0.0,0.0,0.0,38,0.05502036118606539,39,21,18,0,0,0,0,0,0,0,0,1
13pk,A,291,HIS,-3.2,153.2,0.1,2,1,X,0.0,0.0,0.0,0.0,0.0,0.0,0.0,0.0,28,0.04989134446533048,27,14,13,0,0,0,0,0,0,0,0,1
13pk,A,292,THR,-0.7,116.1,0.0,1,1,X,0.0,0.0,0.0,0.0,0.0,0.0,0.0,0.0,26,0.03450429430312575,42,13,29,0,0,0,0,0,0,0,0,1
13pk,A,293,GLU,-3.5,138.4,-1.0,1,3,X,0.0,0.0,0.0,0.0,0.0,0.0,0.0,0.0,15,0.032639197313767604,35,0,35,0,0,0,0,0,0,0,0,1
13pk,A,294,PHE,2.8,189.9,0.0,0,0,X,0.0,0.0,0.0,0.0,0.0,0.0,0.0,0.0,21,0.03450429430312575,26,16,10,0,0,0,0,0,0,0,0,1
13pk,A,295,LYS,-3.9,168.6,1.0,2,0,X,0.0,0.0,0.0,0.0,0.0,0.0,0.0,0.0,16,0.032639197313767604,11,10,1,0,0,0,0,0,0,0,0,1
13pk,A,296,ALA,1.8,88.6,0.0,0,0,X,0.0,0.0,0.0,0.0,0.0,0.0,0.0,0.0,21,0.03823448828184205,22,21,1,0,0,0,0,0,0,0,0,1
13pk,A,297,VAL,4.2,140.0,0.0,0,0,X,0.0,0.0,0.0,0.0,0.0,0.0,0.0,0.0,17,0.03124037457174899,17,17,0,0,0,0,0,0,0,0,0,1
13pk,A,298,ASP,-3.5,111.1,-1.0,1,3,X,0.0,0.0,0.0,0.0,0.0,0.0,0.0,0.0,17,0.02098234113027917,10,0,10,0,0,0,0,0,0,0,0,1
13pk,A,299,SER,-0.8,89.0,0.0,1,1,X,0.0,0.0,0.0,0.0,0.0,0.0,0.0,0.0,15,0.02144861537761871,13,8,5,0,0,0,0,0,0,0,0,1
13pk,A,300,PRO,-1.6,112.7,0.0,0,0,X,0.0,0.0,0.0,0.0,0.0,0.0,0.0,0.0,26,0.03590311704514436,25,17,8,0,0,0,0,0,0,0,0,1
13pk,A,301,LEU,3.8,166.7,0.0,0,0,X,0.0,0.0,0.0,0.0,0.0,0.0,0.0,0.0,32,0.03357174580844668,31,16,15,0,0,0,0,0,0,0,0,1
13pk,A,302,ILE,4.5,166.7,0.0,0,0,X,0.0,0.0,0.0,0.0,0.0,0.0,0.0,0.0,30,0.03683566553982344,25,26,-1,0,0,0,0,0,0,0,0,1
13pk,A,303,THR,-0.7,116.1,0.0,1,1,X,0.0,0.0,0.0,0.0,0.0,0.0,0.0,0.0,31,0.045694876239274644,30,27,3,0,0,0,0,0,0,0,0,1
13pk,A,304,GLU,-3.5,138.4,-1.0,1,3,X,0.0,0.0,0.0,0.0,0.0,0.0,0.0,0.0,25,0.03357174580844668,35,16,19,0,0,0,0,0,0,0,0,1
13pk,A,305,ASP,-3.5,111.1,-1.0,1,3,X,0.0,0.0,0.0,0.0,0.0,0.0,0.0,0.0,27,0.04429605349725603,35,20,15,0,0,0,0,0,0,0,0,1
13pk,A,306,GLN,-3.5,143.8,0.0,2,2,X,0.0,0.0,0.0,0.0,0.0,0.0,0.0,0.0,32,0.04755997322863279,21,22,-1,0,0,0,0,0,0,0,0,1
13pk,A,307,ASN,-3.5,114.1,0.0,2,2,X,0.0,0.0,0.0,0.0,0.0,0.0,0.0,0.0,34,0.04942507021799094,36,29,7,0,0,0,0,0,0,0,0,1
13pk,A,308,ILE,4.5,166.7,0.0,0,0,X,0.0,0.0,0.0,0.0,0.0,0.0,0.0,0.0,38,0.05595290968074446,47,25,22,0,0,0,0,0,0,0,0,1
13pk,A,309,PRO,-1.6,112.7,0.0,0,0,X,0.0,0.0,0.0,0.0,0.0,0.0,0.0,0.0,32,0.043829779249916496,54,15,39,0,0,0,0,0,0,0,0,1
13pk,A,310,GLU,-3.5,138.4,-1.0,1,3,X,0.0,0.0,0.0,0.0,0.0,0.0,0.0,0.0,26,0.03357174580844668,44,0,44,0,0,0,0,0,0,0,0,1
13pk,A,311,GLY,-0.4,60.1,0.0,0,0,X,0.0,0.0,0.0,0.0,0.0,0.0,0.0,0.0,25,0.03403802005578621,38,15,23,0,0,0,0,0,0,0,0,1
13pk,A,312,HIS,-3.2,153.2,0.1,2,1,X,0.0,0.0,0.0,0.0,0.0,0.0,0.0,0.0,30,0.04755997322863279,31,15,16,0,0,0,0,0,0,0,0,1
13pk,A,313,MET,1.9,162.9,0.0,0,0,X,0.0,0.0,0.0,0.0,0.0,0.0,0.0,0.0,29,0.05175644145468863,46,16,30,0,0,0,0,0,0,0,0,1
13pk,A,314,ALA,1.8,88.6,0.0,0,0,X,0.0,0.0,0.0,0.0,0.0,0.0,0.0,0.0,43,0.04942507021799094,41,16,25,0,0,0,0,0,0,0,0,1
13pk,A,315,LEU,3.8,166.7,0.0,0,0,X,0.0,0.0,0.0,0.0,0.0,0.0,0.0,0.0,41,0.050823892960009553,37,16,21,0,0,0,0,0,0,0,0,1
13pk,A,316,ASP,-3.5,111.1,-1.0,1,3,X,0.0,0.0,0.0,0.0,0.0,0.0,0.0,0.0,43,0.05455408693872585,21,9,12,0,0,0,0,0,0,0,0,1
13pk,A,317,ILE,4.5,166.7,0.0,0,0,X,0.0,0.0,0.0,0.0,0.0,0.0,0.0,0.0,46,0.05781800667010261,25,19,6,0,0,0,0,0,0,0,0,1
13pk,A,318,GLY,-0.4,60.1,0.0,0,0,X,0.0,0.0,0.0,0.0,0.0,0.0,0.0,0.0,39,0.04942507021799094,32,32,0,0,0,0,0,0,0,0,0,1
13pk,A,319,PRO,-1.6,112.7,0.0,0,0,X,0.0,0.0,0.0,0.0,0.0,0.0,0.0,0.0,23,0.03590311704514436,31,31,0,0,0,0,0,0,0,0,0,1
13pk,A,320,LYS,-3.9,168.6,1.0,2,0,X,0.0,0.0,0.0,0.0,0.0,0.0,0.0,0.0,21,0.03403802005578621,18,31,-13,0,0,0,0,0,0,0,0,1
13pk,A,321,THR,-0.7,116.1,0.0,1,1,X,0.0,0.0,0.0,0.0,0.0,0.0,0.0,0.0,36,0.04616115048661418,30,27,3,0,0,0,0,0,0,0,0,1
13pk,A,322,ILE,4.5,166.7,0.0,0,0,X,0.0,0.0,0.0,0.0,0.0,0.0,0.0,0.0,32,0.04616115048661418,27,24,3,0,0,0,0,0,0,0,0,1
13pk,A,323,GLU,-3.5,138.4,-1.0,1,3,X,0.0,0.0,0.0,0.0,0.0,0.0,0.0,0.0,15,0.034970568550465285,17,5,12,0,0,0,0,0,0,0,0,1
13pk,A,324,LYS,-3.9,168.6,1.0,2,0,X,0.0,0.0,0.0,0.0,0.0,0.0,0.0,0.0,27,0.03963331102386066,13,10,3,0,0,0,0,0,0,0,0,1
13pk,A,325,TYR,-1.3,193.6,0.0,1,1,X,0.0,0.0,0.0,0.0,0.0,0.0,0.0,0.0,39,0.048026247475972325,16,9,7,0,0,0,0,0,0,0,0,1
13pk,A,326,VAL,4.2,140.0,0.0,0,0,X,0.0,0.0,0.0,0.0,0.0,0.0,0.0,0.0,34,0.04103213376587927,37,9,28,0,0,0,0,0,0,0,0,1
13pk,A,327,GLN,-3.5,143.8,0.0,2,2,X,0.0,0.0,0.0,0.0,0.0,0.0,0.0,0.0,21,0.03310547156110714,21,8,13,0,0,0,0,0,0,0,0,1
13pk,A,328,THR,-0.7,116.1,0.0,1,1,X,0.0,0.0,0.0,0.0,0.0,0.0,0.0,0.0,30,0.040565859518539735,19,8,11,0,0,0,0,0,0,0,0,1
13pk,A,329,ILE,4.5,166.7,0.0,0,0,X,0.0,0.0,0.0,0.0,0.0,0.0,0.0,0.0,39,0.04709369898129325,35,3,32,0,0,0,0,0,0,0,0,1
13pk,A,330,GLY,-0.4,60.1,0.0,0,0,X,0.0,0.0,0.0,0.0,0.0,0.0,0.0,0.0,26,0.032172923066428064,42,2,40,0,0,0,0,0,0,0,0,1
13pk,A,331,LYS,-3.9,168.6,1.0,2,0,X,0.0,0.0,0.0,0.0,0.0,0.0,0.0,0.0,21,0.030307826077069916,15,7,8,0,0,0,0,0,0,0,0,1
13pk,A,332,CYS,2.5,108.5,0.0,1,0,X,0.0,0.0,0.0,0.0,0.0,0.0,0.0,0.0,31,0.043363505002576956,32,8,24,0,0,0,0,0,0,0,0,1
13pk,A,333,LYS,-3.9,168.6,1.0,2,0,X,0.0,0.0,0.0,0.0,0.0,0.0,0.0,0.0,23,0.040565859518539735,21,3,18,0,0,0,0,0,0,0,0,1
13pk,A,334,SER,-0.8,89.0,0.0,1,1,X,0.0,0.0,0.0,0.0,0.0,0.0,0.0,0.0,36,0.048026247475972325,27,7,20,0,0,0,0,0,0,0,0,1
13pk,A,335,ALA,1.8,88.6,0.0,0,0,X,0.0,0.0,0.0,0.0,0.0,0.0,0.0,0.0,45,0.04942507021799094,15,2,13,0,0,0,0,0,0,0,0,1
13pk,A,336,ILE,4.5,166.7,0.0,0,0,X,0.0,0.0,0.0,0.0,0.0,0.0,0.0,0.0,46,0.04709369898129325,13,2,11,0,0,0,0,0,0,0,0,1
13pk,A,337,TRP,-0.9,227.8,0.0,1,0,X,0.0,0.0,0.0,0.0,0.0,0.0,0.0,0.0,48,0.04662742473395372,6,3,3,0,0,0,0,0,0,0,0,1
13pk,A,338,ASN,-3.5,114.1,0.0,2,2,X,0.0,0.0,0.0,0.0,0.0,0.0,0.0,0.0,45,0.04989134446533048,15,8,7,0,0,0,0,0,0,0,0,1
13pk,A,339,GLY,-0.4,60.1,0.0,0,0,X,0.0,0.0,0.0,0.0,0.0,0.0,0.0,0.0,45,0.05129016720734909,10,9,1,0,0,0,0,0,0,0,0,1
13pk,A,340,PRO,-1.6,112.7,0.0,0,0,X,0.0,0.0,0.0,0.0,0.0,0.0,0.0,0.0,41,0.05035761871267001,7,22,-15,0,0,0,0,0,0,0,0,1
13pk,A,341,MET,1.9,162.9,0.0,0,0,X,0.0,0.0,0.0,0.0,0.0,0.0,0.0,0.0,44,0.0526889899493677,7,9,-2,0,0,0,0,0,0,0,0,1
13pk,A,342,GLY,-0.4,60.1,0.0,0,0,X,0.0,0.0,0.0,0.0,0.0,0.0,0.0,0.0,41,0.05175644145468863,5,23,-18,0,0,0,0,0,0,0,0,1
13pk,A,343,VAL,4.2,140.0,0.0,0,0,X,0.0,0.0,0.0,0.0,0.0,0.0,0.0,0.0,33,0.045228601991935104,7,21,-14,0,0,0,0,0,0,0,0,1
13pk,A,344,PHE,2.8,189.9,0.0,0,0,X,0.0,0.0,0.0,0.0,0.0,0.0,0.0,0.0,40,0.04989134446533048,8,23,-15,0,0,0,0,0,0,0,0,1
13pk,A,345,GLU,-3.5,138.4,-1.0,1,3,X,0.0,0.0,0.0,0.0,0.0,0.0,0.0,0.0,30,0.03450429430312575,13,9,4,0,0,0,0,0,0,0,0,1
13pk,A,346,MET,1.9,162.9,0.0,0,0,X,0.0,0.0,0.0,0.0,0.0,0.0,0.0,0.0,26,0.03823448828184205,20,18,2,0,0,0,0,0,0,0,0,1
13pk,A,347,VAL,4.2,140.0,0.0,0,0,X,0.0,0.0,0.0,0.0,0.0,0.0,0.0,0.0,34,0.03776821403450251,29,22,7,0,0,0,0,0,0,0,0,1
13pk,A,348,PRO,-1.6,112.7,0.0,0,0,X,0.0,0.0,0.0,0.0,0.0,0.0,0.0,0.0,29,0.040565859518539735,23,22,1,0,0,0,0,0,0,0,0,1
13pk,A,349,TYR,-1.3,193.6,0.0,1,1,X,0.0,0.0,0.0,0.0,0.0,0.0,0.0,0.0,33,0.05175644145468863,26,22,4,0,0,0,0,0,0,0,0,1
13pk,A,350,SER,-0.8,89.0,0.0,1,1,X,0.0,0.0,0.0,0.0,0.0,0.0,0.0,0.0,32,0.050823892960009553,18,17,1,0,0,0,0,0,0,0,0,1
13pk,A,351,LYS,-3.9,168.6,1.0,2,0,X,0.0,0.0,0.0,0.0,0.0,0.0,0.0,0.0,29,0.03823448828184205,4,11,-7,0,0,0,0,0,0,0,0,1
13pk,A,352,GLY,-0.4,60.1,0.0,0,0,X,0.0,0.0,0.0,0.0,0.0,0.0,0.0,0.0,36,0.04989134446533048,15,10,5,0,0,0,0,0,0,0,0,1
13pk,A,353,THR,-0.7,116.1,0.0,1,1,X,0.0,0.0,0.0,0.0,0.0,0.0,0.0,0.0,49,0.05129016720734909,14,19,-5,0,0,0,0,0,0,0,0,1
13pk,A,354,PHE,2.8,189.9,0.0,0,0,X,0.0,0.0,0.0,0.0,0.0,0.0,0.0,0.0,39,0.043829779249916496,28,19,9,0,0,0,0,0,0,0,0,1
13pk,A,355,ALA,1.8,88.6,0.0,0,0,X,0.0,0.0,0.0,0.0,0.0,0.0,0.0,0.0,34,0.03730193978716297,24,14,10,0,0,0,0,0,0,0,0,1
13pk,A,356,ILE,4.5,166.7,0.0,0,0,X,0.0,0.0,0.0,0.0,0.0,0.0,0.0,0.0,48,0.048492521723311866,18,10,8,0,0,0,0,0,0,0,0,1
13pk,A,357,ALA,1.8,88.6,0.0,0,0,X,0.0,0.0,0.0,0.0,0.0,0.0,0.0,0.0,41,0.04755997322863279,33,12,21,0,0,0,0,0,0,0,0,1
13pk,A,358,LYS,-3.9,168.6,1.0,2,0,X,0.0,0.0,0.0,0.0,0.0,0.0,0.0,0.0,28,0.03823448828184205,24,13,11,0,0,0,0,0,0,0,0,1
13pk,A,359,ALA,1.8,88.6,0.0,0,0,X,0.0,0.0,0.0,0.0,0.0,0.0,0.0,0.0,37,0.04196468226055834,39,16,23,0,0,0,0,0,0,0,0,1
13pk,A,360,MET,1.9,162.9,0.0,0,0,X,0.0,0.0,0.0,0.0,0.0,0.0,0.0,0.0,44,0.050823892960009553,33,10,23,0,0,0,0,0,0,0,0,1
13pk,A,361,GLY,-0.4,60.1,0.0,0,0,X,0.0,0.0,0.0,0.0,0.0,0.0,0.0,0.0,32,0.04942507021799094,55,18,37,0,0,0,0,0,0,0,0,1
13pk,A,362,ARG,-4.5,173.4,1.0,5,0,X,0.0,0.0,0.0,0.0,0.0,0.0,0.0,0.0,19,0.043363505002576956,38,14,24,0,0,0,0,0,0,0,0,1
13pk,A,363,GLY,-0.4,60.1,0.0,0,0,X,0.0,0.0,0.0,0.0,0.0,0.0,0.0,0.0,27,0.045694876239274644,55,13,42,0,0,0,0,0,0,0,0,1
13pk,A,364,THR,-0.7,116.1,0.0,1,1,X,0.0,0.0,0.0,0.0,0.0,0.0,0.0,0.0,29,0.04476232774459557,51,17,34,0,0,0,0,0,0,0,0,1
13pk,A,365,HIS,-3.2,153.2,0.1,2,1,X,0.0,0.0,0.0,0.0,0.0,0.0,0.0,0.0,17,0.03590311704514436,37,13,24,0,0,0,0,0,0,0,0,1
13pk,A,366,GLU,-3.5,138.4,-1.0,1,3,X,0.0,0.0,0.0,0.0,0.0,0.0,0.0,0.0,13,0.02844272908771177,41,1,40,0,0,0,0,0,0,0,0,1
13pk,A,367,HIS,-3.2,153.2,0.1,2,1,X,0.0,0.0,0.0,0.0,0.0,0.0,0.0,0.0,17,0.02471253510899547,31,9,22,0,0,0,0,0,0,0,0,1
13pk,A,368,GLY,-0.4,60.1,0.0,0,0,X,0.0,0.0,0.0,0.0,0.0,0.0,0.0,0.0,23,0.02844272908771177,33,6,27,0,0,0,0,0,0,0,0,1
13pk,A,369,LEU,3.8,166.7,0.0,0,0,X,0.0,0.0,0.0,0.0,0.0,0.0,0.0,0.0,37,0.04289723075523742,45,6,39,0,0,0,0,0,0,0,0,1
13pk,A,370,MET,1.9,162.9,0.0,0,0,X,0.0,0.0,0.0,0.0,0.0,0.0,0.0,0.0,33,0.04196468226055834,30,0,30,0,0,0,0,0,0,0,0,1
13pk,A,371,SER,-0.8,89.0,0.0,1,1,X,0.0,0.0,0.0,0.0,0.0,0.0,0.0,0.0,41,0.05035761871267001,33,4,29,0,0,0,0,0,0,0,0,1
13pk,A,372,ILE,4.5,166.7,0.0,0,0,X,0.0,0.0,0.0,0.0,0.0,0.0,0.0,0.0,39,0.05222271570202816,15,3,12,0,0,0,0,0,0,0,0,1
13pk,A,373,ILE,4.5,166.7,0.0,0,0,X,0.0,0.0,0.0,0.0,0.0,0.0,0.0,0.0,45,0.05129016720734909,14,13,1,0,0,0,0,0,0,0,0,1
13pk,A,374,GLY,-0.4,60.1,0.0,0,0,X,0.0,0.0,0.0,0.0,0.0,0.0,0.0,0.0,41,0.05408781269138631,19,11,8,0,0,0,0,0,0,0,0,1
13pk,A,375,GLY,-0.4,60.1,0.0,0,0,X,0.0,0.0,0.0,0.0,0.0,0.0,0.0,0.0,42,0.043829779249916496,16,16,0,0,0,0,0,0,0,0,0,1
13pk,A,376,GLY,-0.4,60.1,0.0,0,0,X,0.0,0.0,0.0,0.0,0.0,0.0,0.0,0.0,39,0.04476232774459557,16,25,-9,0,0,0,0,0,0,0,0,1
13pk,A,377,ASP,-3.5,111.1,-1.0,1,3,X,0.0,0.0,0.0,0.0,0.0,0.0,0.0,0.0,39,0.035436842797804825,12,9,3,0,0,0,0,0,0,0,0,1
13pk,A,378,SER,-0.8,89.0,0.0,1,1,X,0.0,0.0,0.0,0.0,0.0,0.0,0.0,0.0,43,0.045694876239274644,9,19,-10,0,0,0,0,0,0,0,0,1
13pk,A,379,ALA,1.8,88.6,0.0,0,0,X,0.0,0.0,0.0,0.0,0.0,0.0,0.0,0.0,41,0.04709369898129325,17,26,-9,0,0,0,0,0,0,0,0,1
13pk,A,380,SER,-0.8,89.0,0.0,1,1,X,0.0,0.0,0.0,0.0,0.0,0.0,0.0,0.0,39,0.045228601991935104,10,32,-22,0,0,0,0,0,0,0,0,1
13pk,A,381,ALA,1.8,88.6,0.0,0,0,X,0.0,0.0,0.0,0.0,0.0,0.0,0.0,0.0,43,0.04662742473395372,7,32,-25,0,0,0,0,0,0,0,0,1
13pk,A,382,ALA,1.8,88.6,0.0,0,0,X,0.0,0.0,0.0,0.0,0.0,0.0,0.0,0.0,38,0.048026247475972325,27,23,4,0,0,0,0,0,0,0,0,1
13pk,A,383,GLU,-3.5,138.4,-1.0,1,3,X,0.0,0.0,0.0,0.0,0.0,0.0,0.0,0.0,35,0.04289723075523742,29,17,12,0,0,0,0,0,0,0,0,1
13pk,A,384,LEU,3.8,166.7,0.0,0,0,X,0.0,0.0,0.0,0.0,0.0,0.0,0.0,0.0,38,0.043829779249916496,20,23,-3,0,0,0,0,0,0,0,0,1
13pk,A,385,SER,-0.8,89.0,0.0,1,1,X,0.0,0.0,0.0,0.0,0.0,0.0,0.0,0.0,37,0.04243095650789788,42,18,24,0,0,0,0,0,0,0,0,1
13pk,A,386,GLY,-0.4,60.1,0.0,0,0,X,0.0,0.0,0.0,0.0,0.0,0.0,0.0,0.0,31,0.04289723075523742,45,18,27,0,0,0,0,0,0,0,0,1
13pk,A,387,GLU,-3.5,138.4,-1.0,1,3,X,0.0,0.0,0.0,0.0,0.0,0.0,0.0,0.0,35,0.043363505002576956,48,6,42,0,0,0,0,0,0,0,0,1
13pk,A,388,ALA,1.8,88.6,0.0,0,0,X,0.0,0.0,0.0,0.0,0.0,0.0,0.0,0.0,32,0.04243095650789788,35,18,17,0,0,0,0,0,0,0,0,1
13pk,A,389,LYS,-3.9,168.6,1.0,2,0,X,0.0,0.0,0.0,0.0,0.0,0.0,0.0,0.0,22,0.027510180593032695,31,18,13,0,0,0,0,0,0,0,0,1
13pk,A,390,ARG,-4.5,173.4,1.0,5,0,X,0.0,0.0,0.0,0.0,0.0,0.0,0.0,0.0,25,0.03590311704514436,40,17,23,0,0,0,0,0,0,0,0,1
13pk,A,391,MET,1.9,162.9,0.0,0,0,X,0.0,0.0,0.0,0.0,0.0,0.0,0.0,0.0,35,0.04709369898129325,44,12,32,0,0,0,0,0,0,0,0,1
13pk,A,392,SER,-0.8,89.0,0.0,1,1,X,0.0,0.0,0.0,0.0,0.0,0.0,0.0,0.0,27,0.03823448828184205,30,2,28,0,0,0,0,0,0,0,0,1
13pk,A,393,HIS,-3.2,153.2,0.1,2,1,X,0.0,0.0,0.0,0.0,0.0,0.0,0.0,0.0,36,0.03916703677652112,24,10,14,0,0,0,0,0,0,0,0,1
13pk,A,394,VAL,4.2,140.0,0.0,0,0,X,0.0,0.0,0.0,0.0,0.0,0.0,0.0,0.0,36,0.045228601991935104,33,17,16,0,0,0,0,0,0,0,0,1
13pk,A,395,SER,-0.8,89.0,0.0,1,1,X,0.0,0.0,0.0,0.0,0.0,0.0,0.0,0.0,40,0.048958795970651406,29,13,16,0,0,0,0,0,0,0,0,1
13pk,A,396,THR,-0.7,116.1,0.0,1,1,X,0.0,0.0,0.0,0.0,0.0,0.0,0.0,0.0,45,0.05035761871267001,33,26,7,0,0,0,0,0,0,0,0,1
13pk,A,397,GLY,-0.4,60.1,0.0,0,0,X,0.0,0.0,0.0,0.0,0.0,0.0,0.0,0.0,42,0.04662742473395372,27,21,6,0,0,0,0,0,0,0,0,1
13pk,A,398,GLY,-0.4,60.1,0.0,0,0,X,0.0,0.0,0.0,0.0,0.0,0.0,0.0,0.0,44,0.045228601991935104,31,20,11,0,0,0,0,0,0,0,0,1
13pk,A,399,GLY,-0.4,60.1,0.0,0,0,X,0.0,0.0,0.0,0.0,0.0,0.0,0.0,0.0,44,0.04289723075523742,44,18,26,0,0,0,0,0,0,0,0,1
13pk,A,400,ALA,1.8,88.6,0.0,0,0,X,0.0,0.0,0.0,0.0,0.0,0.0,0.0,0.0,41,0.050823892960009553,30,21,9,0,0,0,0,0,0,0,0,1
13pk,A,401,SER,-0.8,89.0,0.0,1,1,X,0.0,0.0,0.0,0.0,0.0,0.0,0.0,0.0,40,0.05035761871267001,20,19,1,0,0,0,0,0,0,0,0,1
13pk,A,402,LEU,3.8,166.7,0.0,0,0,X,0.0,0.0,0.0,0.0,0.0,0.0,0.0,0.0,43,0.04429605349725603,19,18,1,0,0,0,0,0,0,0,0,1
13pk,A,403,GLU,-3.5,138.4,-1.0,1,3,X,0.0,0.0,0.0,0.0,0.0,0.0,0.0,0.0,31,0.050823892960009553,35,16,19,0,0,0,0,0,0,0,0,1
13pk,A,404,LEU,3.8,166.7,0.0,0,0,X,0.0,0.0,0.0,0.0,0.0,0.0,0.0,0.0,35,0.04476232774459557,24,23,1,0,0,0,0,0,0,0,0,1
13pk,A,405,LEU,3.8,166.7,0.0,0,0,X,0.0,0.0,0.0,0.0,0.0,0.0,0.0,0.0,32,0.045694876239274644,22,21,1,0,0,0,0,0,0,0,0,1
13pk,A,406,GLU,-3.5,138.4,-1.0,1,3,X,0.0,0.0,0.0,0.0,0.0,0.0,0.0,0.0,22,0.04103213376587927,19,14,5,0,0,0,0,0,0,0,0,1
13pk,A,407,GLY,-0.4,60.1,0.0,0,0,X,0.0,0.0,0.0,0.0,0.0,0.0,0.0,0.0,19,0.02844272908771177,18,17,1,0,0,0,0,0,0,0,0,1
13pk,A,408,LYS,-3.9,168.6,1.0,2,0,X,0.0,0.0,0.0,0.0,0.0,0.0,0.0,0.0,21,0.02611135785101408,12,18,-6,0,0,0,0,0,0,0,0,1
13pk,A,409,THR,-0.7,116.1,0.0,1,1,X,0.0,0.0,0.0,0.0,0.0,0.0,0.0,0.0,17,0.02797645484037223,18,16,2,0,0,0,0,0,0,0,0,1
13pk,A,410,LEU,3.8,166.7,0.0,0,0,X,0.0,0.0,0.0,0.0,0.0,0.0,0.0,0.0,32,0.04289723075523742,30,20,10,0,0,0,0,0,0,0,0,1
13pk,A,411,PRO,-1.6,112.7,0.0,0,0,X,0.0,0.0,0.0,0.0,0.0,0.0,0.0,0.0,27,0.040099585271200194,31,13,18,0,0,0,0,0,0,0,0,1
13pk,A,412,GLY,-0.4,60.1,0.0,0,0,X,0.0,0.0,0.0,0.0,0.0,0.0,0.0,0.0,39,0.05222271570202816,28,13,15,0,0,0,0,0,0,0,0,1
13pk,A,413,VAL,4.2,140.0,0.0,0,0,X,0.0,0.0,0.0,0.0,0.0,0.0,0.0,0.0,35,0.04103213376587927,23,24,-1,0,0,0,0,0,0,0,0,1
13pk,A,414,THR,-0.7,116.1,0.0,1,1,X,0.0,0.0,0.0,0.0,0.0,0.0,0.0,0.0,23,0.032639197313767604,17,24,-7,0,0,0,0,0,0,0,0,1
13pk,A,415,VAL,4.2,140.0,0.0,0,0,X,0.0,0.0,0.0,0.0,0.0,0.0,0.0,0.0,33,0.03590311704514436,18,22,-4,0,0,0,0,0,0,0,0,1
13pk,A,416,LEU,3.8,166.7,0.0,0,0,X,0.0,0.0,0.0,0.0,0.0,0.0,0.0,0.0,35,0.048492521723311866,29,28,1,0,0,0,0,0,0,0,0,1
13pk,A,417,ASP,-3.5,111.1,-1.0,1,3,X,0.0,0.0,0.0,0.0,0.0,0.0,0.0,0.0,25,0.03963331102386066,31,16,15,0,0,0,0,0,0,0,0,1
13pk,A,418,ASP,-3.5,111.1,-1.0,1,3,X,0.0,0.0,0.0,0.0,0.0,0.0,0.0,0.0,14,0.032172923066428064,28,18,10,0,0,0,0,0,0,0,0,1
13pk,A,419,LYS,-3.9,168.6,1.0,2,0,X,0.0,0.0,0.0,0.0,0.0,0.0,0.0,0.0,15,0.027510180593032695,18,34,-16,0,0,0,0,0,0,0,0,1
13pk,B,5,GLU,-3.5,138.4,-1.0,1,3,X,0.0,0.0,0.0,0.0,0.0,0.0,0.0,0.0,13,0.018650969893581486,25,23,2,0,0,0,0,0,0,0,0,1
13pk,B,6,LYS,-3.9,168.6,1.0,2,0,X,0.0,0.0,0.0,0.0,0.0,0.0,0.0,0.0,23,0.040565859518539735,19,36,-17,0,0,0,0,0,0,0,0,1
13pk,B,7,LYS,-3.9,168.6,1.0,2,0,X,0.0,0.0,0.0,0.0,0.0,0.0,0.0,0.0,25,0.04662742473395372,19,40,-21,0,0,0,0,0,0,0,0,1
13pk,B,8,SER,-0.8,89.0,0.0,1,1,X,0.0,0.0,0.0,0.0,0.0,0.0,0.0,0.0,28,0.04103213376587927,29,36,-7,0,0,0,0,0,0,0,0,1
13pk,B,9,ILE,4.5,166.7,0.0,0,0,X,0.0,0.0,0.0,0.0,0.0,0.0,0.0,0.0,32,0.048492521723311866,24,33,-9,0,0,0,0,0,0,0,0,1
13pk,B,10,ASN,-3.5,114.1,0.0,2,2,X,0.0,0.0,0.0,0.0,0.0,0.0,0.0,0.0,21,0.032172923066428064,21,22,-1,0,0,0,0,0,0,0,0,1
13pk,B,11,GLU,-3.5,138.4,-1.0,1,3,X,0.0,0.0,0.0,0.0,0.0,0.0,0.0,0.0,20,0.025645083603674543,27,21,6,0,0,0,0,0,0,0,0,1
13pk,B,12,CYS,2.5,108.5,0.0,1,0,X,0.0,0.0,0.0,0.0,0.0,0.0,0.0,0.0,24,0.03357174580844668,27,30,-3,0,0,0,0,0,0,0,0,1
13pk,B,13,ASP,-3.5,111.1,-1.0,1,3,X,0.0,0.0,0.0,0.0,0.0,0.0,0.0,0.0,20,0.025645083603674543,26,20,6,0,0,0,0,0,0,0,0,1
13pk,B,14,LEU,3.8,166.7,0.0,0,0,X,0.0,0.0,0.0,0.0,0.0,0.0,0.0,0.0,34,0.04289723075523742,36,28,8,0,0,0,0,0,0,0,0,1
13pk,B,15,LYS,-3.9,168.6,1.0,2,0,X,0.0,0.0,0.0,0.0,0.0,0.0,0.0,0.0,19,0.03310547156110714,13,20,-7,0,0,0,0,0,0,0,0,1
13pk,B,16,GLY,-0.4,60.1,0.0,0,0,X,0.0,0.0,0.0,0.0,0.0,0.0,0.0,0.0,21,0.030307826077069916,27,24,3,0,0,0,0,0,0,0,0,1
13pk,B,17,LYS,-3.9,168.6,1.0,2,0,X,0.0,0.0,0.0,0.0,0.0,0.0,0.0,0.0,25,0.03963331102386066,16,22,-6,0,0,0,0,0,0,0,0,1
13pk,B,18,LYS,-3.9,168.6,1.0,2,0,X,0.0,0.0,0.0,0.0,0.0,0.0,0.0,0.0,36,0.048492521723311866,15,16,-1,0,0,0,0,0,0,0,0,1
13pk,B,19,VAL,4.2,140.0,0.0,0,0,X,0.0,0.0,0.0,0.0,0.0,0.0,0.0,0.0,47,0.0526889899493677,25,15,10,0,0,0,0,0,0,0,0,1
13pk,B,20,LEU,3.8,166.7,0.0,0,0,X,0.0,0.0,0.0,0.0,0.0,0.0,0.0,0.0,41,0.053621538444046775,18,9,9,0,0,0,0,0,0,0,0,1
13pk,B,21,ILE,4.5,166.7,0.0,0,0,X,0.0,0.0,0.0,0.0,0.0,0.0,0.0,0.0,42,0.050823892960009553,15,11,4,0,0,0,0,0,0,0,0,1
13pk,B,22,ARG,-4.5,173.4,1.0,5,0,X,0.0,0.0,0.0,0.0,0.0,0.0,0.0,0.0,44,0.05175644145468863,19,22,-3,0,0,0,0,0,0,0,0,1
13pk,B,23,VAL,4.2,140.0,0.0,0,0,X,0.0,0.0,0.0,0.0,0.0,0.0,0.0,0.0,43,0.04989134446533048,29,16,13,0,0,0,0,0,0,0,0,1
13pk,B,24,ASP,-3.5,111.1,-1.0,1,3,X,0.0,0.0,0.0,0.0,0.0,0.0,0.0,0.0,42,0.053155264196707235,38,13,25,0,0,0,0,0,0,0,0,1
13pk,B,25,PHE,2.8,189.9,0.0,0,0,X,0.0,0.0,0.0,0.0,0.0,0.0,0.0,0.0,45,0.048492521723311866,46,20,26,0,0,0,0,0,0,0,0,1
13pk,B,26,ASN,-3.5,114.1,0.0,2,2,X,0.0,0.0,0.0,0.0,0.0,0.0,0.0,0.0,37,0.04476232774459557,43,16,27,0,0,0,0,0,0,0,0,1
13pk,B,27,VAL,4.2,140.0,0.0,0,0,X,0.0,0.0,0.0,0.0,0.0,0.0,0.0,0.0,34,0.04942507021799094,36,22,14,0,0,0,0,0,0,0,0,1
13pk,B,28,PRO,-1.6,112.7,0.0,0,0,X,0.0,0.0,0.0,0.0,0.0,0.0,0.0,0.0,36,0.03776821403450251,27,24,3,0,0,0,0,0,0,0,0,1
13pk,B,29,VAL,4.2,140.0,0.0,0,0,X,0.0,0.0,0.0,0.0,0.0,0.0,0.0,0.0,27,0.035436842797804825,25,15,10,0,0,0,0,0,0,0,0,1
13pk,B,30,LYS,-3.9,168.6,1.0,2,0,X,0.0,0.0,0.0,0.0,0.0,0.0,0.0,0.0,20,0.025645083603674543,17,18,-1,0,0,0,0,0,0,0,0,1
13pk,B,31,ASN,-3.5,114.1,0.0,2,2,X,0.0,0.0,0.0,0.0,0.0,0.0,0.0,0.0,13,0.019117244140921023,27,8,19,0,0,0,0,0,0,0,0,1
13pk,B,32,GLY,-0.4,60.1,0.0,0,0,X,0.0,0.0,0.0,0.0,0.0,0.0,0.0,0.0,21,0.029375277582390842,35,7,28,0,0,0,0,0,0,0,0,1
13pk,B,33,LYS,-3.9,168.6,1.0,2,0,X,0.0,0.0,0.0,0.0,0.0,0.0,0.0,0.0,22,0.03403802005578621,36,9,27,0,0,0,0,0,0,0,0,1
13pk,B,34,ILE,4.5,166.7,0.0,0,0,X,0.0,0.0,0.0,0.0,0.0,0.0,0.0,0.0,32,0.04755997322863279,55,22,33,0,0,0,0,0,0,0,0,1
13pk,B,35,THR,-0.7,116.1,0.0,1,1,X,0.0,0.0,0.0,0.0,0.0,0.0,0.0,0.0,33,0.045228601991935104,35,33,2,0,0,0,0,0,0,0,0,1
13pk,B,36,ASN,-3.5,114.1,0.0,2,2,X,0.0,0.0,0.0,0.0,0.0,0.0,0.0,0.0,34,0.048026247475972325,44,33,11,0,0,0,0,0,0,0,0,1
13pk,B,37,ASP,-3.5,111.1,-1.0,1,3,X,0.0,0.0,0.0,0.0,0.0,0.0,0.0,0.0,28,0.048492521723311866,46,14,32,0,0,0,0,0,0,0,0,1
13pk,B,38,TYR,-1.3,193.6,0.0,1,1,X,0.0,0.0,0.0,0.0,0.0,0.0,0.0,0.0,36,0.04289723075523742,39,29,10,0,0,0,0,0,0,0,0,1
13pk,B,39,ARG,-4.5,173.4,1.0,5,0,X,0.0,0.0,0.0,0.0,0.0,0.0,0.0,0.0,39,0.05222271570202816,18,25,-7,0,0,0,0,0,0,0,0,1
13pk,B,40,ILE,4.5,166.7,0.0,0,0,X,0.0,0.0,0.0,0.0,0.0,0.0,0.0,0.0,37,0.050823892960009553,33,22,11,0,0,0,0,0,0,0,0,1
13pk,B,41,ARG,-4.5,173.4,1.0,5,0,X,0.0,0.0,0.0,0.0,0.0,0.0,0.0,0.0,29,0.04196468226055834,21,31,-10,0,0,0,0,0,0,0,0,1
13pk,B,42,SER,-0.8,89.0,0.0,1,1,X,0.0,0.0,0.0,0.0,0.0,0.0,0.0,0.0,37,0.03963331102386066,31,39,-8,0,0,0,0,0,0,0,0,1
13pk,B,43,ALA,1.8,88.6,0.0,0,0,X,0.0,0.0,0.0,0.0,0.0,0.0,0.0,0.0,41,0.04709369898129325,28,20,8,0,0,0,0,0,0,0,0,1
13pk,B,44,LEU,3.8,166.7,0.0,0,0,X,0.0,0.0,0.0,0.0,0.0,0.0,0.0,0.0,41,0.04476232774459557,30,20,10,0,0,0,0,0,0,0,0,1
13pk,B,45,PRO,-1.6,112.7,0.0,0,0,X,0.0,0.0,0.0,0.0,0.0,0.0,0.0,0.0,37,0.045694876239274644,31,19,12,0,0,0,0,0,0,0,0,1
13pk,B,46,THR,-0.7,116.1,0.0,1,1,X,0.0,0.0,0.0,0.0,0.0,0.0,0.0,0.0,42,0.04709369898129325,24,16,8,0,0,0,0,0,0,0,0,1
13pk,B,47,LEU,3.8,166.7,0.0,0,0,X,0.0,0.0,0.0,0.0,0.0,0.0,0.0,0.0,42,0.04476232774459557,29,9,20,0,0,0,0,0,0,0,0,1
13pk,B,48,LYS,-3.9,168.6,1.0,2,0,X,0.0,0.0,0.0,0.0,0.0,0.0,0.0,0.0,34,0.045228601991935104,16,14,2,0,0,0,0,0,0,0,0,1
13pk,B,49,LYS,-3.9,168.6,1.0,2,0,X,0.0,0.0,0.0,0.0,0.0,0.0,0.0,0.0,32,0.04196468226055834,12,14,-2,0,0,0,0,0,0,0,0,1
13pk,B,50,VAL,4.2,140.0,0.0,0,0,X,0.0,0.0,0.0,0.0,0.0,0.0,0.0,0.0,40,0.048492521723311866,43,17,26,0,0,0,0,0,0,0,0,1
13pk,B,51,LEU,3.8,166.7,0.0,0,0,X,0.0,0.0,0.0,0.0,0.0,0.0,0.0,0.0,39,0.043363505002576956,31,18,13,0,0,0,0,0,0,0,0,1
13pk,B,52,THR,-0.7,116.1,0.0,1,1,X,0.0,0.0,0.0,0.0,0.0,0.0,0.0,0.0,31,0.03590311704514436,38,10,28,0,0,0,0,0,0,0,0,1
13pk,B,53,GLU,-3.5,138.4,-1.0,1,3,X,0.0,0.0,0.0,0.0,0.0,0.0,0.0,0.0,26,0.03357174580844668,38,9,29,0,0,0,0,0,0,0,0,1
13pk,B,54,GLY,-0.4,60.1,0.0,0,0,X,0.0,0.0,0.0,0.0,0.0,0.0,0.0,0.0,26,0.03823448828184205,33,26,7,0,0,0,0,0,0,0,0,1
13pk,B,55,GLY,-0.4,60.1,0.0,0,0,X,0.0,0.0,0.0,0.0,0.0,0.0,0.0,0.0,32,0.04989134446533048,40,25,15,0,0,0,0,0,0,0,0,1
13pk,B,56,SER,-0.8,89.0,0.0,1,1,X,0.0,0.0,0.0,0.0,0.0,0.0,0.0,0.0,36,0.05035761871267001,28,21,7,0,0,0,0,0,0,0,0,1
13pk,B,57,CYS,2.5,108.5,0.0,1,0,X,0.0,0.0,0.0,0.0,0.0,0.0,0.0,0.0,43,0.05129016720734909,26,9,17,0,0,0,0,0,0,0,0,1
13pk,B,58,VAL,4.2,140.0,0.0,0,0,X,0.0,0.0,0.0,0.0,0.0,0.0,0.0,0.0,44,0.05175644145468863,16,9,7,0,0,0,0,0,0,0,0,1
13pk,B,59,LEU,3.8,166.7,0.0,0,0,X,0.0,0.0,0.0,0.0,0.0,0.0,0.0,0.0,43,0.04709369898129325,12,11,1,0,0,0,0,0,0,0,0,1
13pk,B,60,MET,1.9,162.9,0.0,0,0,X,0.0,0.0,0.0,0.0,0.0,0.0,0.0,0.0,40,0.05222271570202816,20,17,3,0,0,0,0,0,0,0,0,1
13pk,B,61,SER,-0.8,89.0,0.0,1,1,X,0.0,0.0,0.0,0.0,0.0,0.0,0.0,0.0,39,0.05502036118606539,32,22,10,0,0,0,0,0,0,0,0,1
13pk,B,62,HIS,-3.2,153.2,0.1,2,1,X,0.0,0.0,0.0,0.0,0.0,0.0,0.0,0.0,36,0.05455408693872585,44,19,25,0,0,0,0,0,0,0,0,1
13pk,B,63,LEU,3.8,166.7,0.0,0,0,X,0.0,0.0,0.0,0.0,0.0,0.0,0.0,0.0,35,0.04755997322863279,44,15,29,0,0,0,0,0,0,0,0,1
13pk,B,64,GLY,-0.4,60.1,0.0,0,0,X,0.0,0.0,0.0,0.0,0.0,0.0,0.0,0.0,29,0.03403802005578621,55,5,50,0,0,0,0,0,0,0,0,1
13pk,B,65,ARG,-4.5,173.4,1.0,5,0,X,0.0,0.0,0.0,0.0,0.0,0.0,0.0,0.0,17,0.030307826077069916,43,6,37,0,0,0,0,0,0,0,0,1
13pk,B,66,PRO,-1.6,112.7,0.0,0,0,X,0.0,0.0,0.0,0.0,0.0,0.0,0.0,0.0,26,0.03870076252918159,56,4,52,0,0,0,0,0,0,0,0,1
13pk,B,67,LYS,-3.9,168.6,1.0,2,0,X,0.0,0.0,0.0,0.0,0.0,0.0,0.0,0.0,17,0.02611135785101408,25,0,25,0,0,0,0,0,0,0,0,1
13pk,B,68,GLY,-0.4,60.1,0.0,0,0,X,0.0,0.0,0.0,0.0,0.0,0.0,0.0,0.0,24,0.04149840801321881,31,12,19,0,0,0,0,0,0,0,0,1
13pk,B,69,ILE,4.5,166.7,0.0,0,0,X,0.0,0.0,0.0,0.0,0.0,0.0,0.0,0.0,28,0.04289723075523742,26,11,15,0,0,0,0,0,0,0,0,1
13pk,B,70,PRO,-1.6,112.7,0.0,0,0,X,0.0,0.0,0.0,0.0,0.0,0.0,0.0,0.0,23,0.03403802005578621,23,14,9,0,0,0,0,0,0,0,0,1
13pk,B,71,MET,1.9,162.9,0.0,0,0,X,0.0,0.0,0.0,0.0,0.0,0.0,0.0,0.0,30,0.04103213376587927,23,25,-2,0,0,0,0,0,0,0,0,1
13pk,B,72,ALA,1.8,88.6,0.0,0,0,X,0.0,0.0,0.0,0.0,0.0,0.0,0.0,0.0,14,0.026577632098353617,19,6,13,0,0,0,0,0,0,0,0,1
13pk,B,73,GLN,-3.5,143.8,0.0,2,2,X,0.0,0.0,0.0,0.0,0.0,0.0,0.0,0.0,16,0.030774100324409453,22,4,18,0,0,0,0,0,0,0,0,1
13pk,B,74,ALA,1.8,88.6,0.0,0,0,X,0.0,0.0,0.0,0.0,0.0,0.0,0.0,0.0,25,0.04429605349725603,21,8,13,0,0,0,0,0,0,0,0,1
13pk,B,75,GLY,-0.4,60.1,0.0,0,0,X,0.0,0.0,0.0,0.0,0.0,0.0,0.0,0.0,21,0.028909003335051305,20,6,14,0,0,0,0,0,0,0,0,1
13pk,B,76,LYS,-3.9,168.6,1.0,2,0,X,0.0,0.0,0.0,0.0,0.0,0.0,0.0,0.0,14,0.027043906345693154,11,0,11,0,0,0,0,0,0,0,0,1
13pk,B,77,ILE,4.5,166.7,0.0,0,0,X,0.0,0.0,0.0,0.0,0.0,0.0,0.0,0.0,22,0.03403802005578621,24,5,19,0,0,0,0,0,0,0,0,1
13pk,B,78,ARG,-4.5,173.4,1.0,5,0,X,0.0,0.0,0.0,0.0,0.0,0.0,0.0,0.0,26,0.03870076252918159,17,16,1,0,0,0,0,0,0,0,0,1
13pk,B,79,SER,-0.8,89.0,0.0,1,1,X,0.0,0.0,0.0,0.0,0.0,0.0,0.0,0.0,17,0.024246260861655933,32,8,24,0,0,0,0,0,0,0,0,1
13pk,B,80,THR,-0.7,116.1,0.0,1,1,X,0.0,0.0,0.0,0.0,0.0,0.0,0.0,0.0,15,0.022381163872297785,29,4,25,0,0,0,0,0,0,0,0,1
13pk,B,81,GLY,-0.4,60.1,0.0,0,0,X,0.0,0.0,0.0,0.0,0.0,0.0,0.0,0.0,26,0.03403802005578621,40,16,24,0,0,0,0,0,0,0,0,1
13pk,B,82,GLY,-0.4,60.1,0.0,0,0,X,0.0,0.0,0.0,0.0,0.0,0.0,0.0,0.0,26,0.02984155182973038,33,12,21,0,0,0,0,0,0,0,0,1
13pk,B,83,VAL,4.2,140.0,0.0,0,0,X,0.0,0.0,0.0,0.0,0.0,0.0,0.0,0.0,30,0.040099585271200194,23,16,7,0,0,0,0,0,0,0,0,1
13pk,B,84,PRO,-1.6,112.7,0.0,0,0,X,0.0,0.0,0.0,0.0,0.0,0.0,0.0,0.0,34,0.04616115048661418,23,17,6,0,0,0,0,0,0,0,0,1
13pk,B,85,GLY,-0.4,60.1,0.0,0,0,X,0.0,0.0,0.0,0.0,0.0,0.0,0.0,0.0,31,0.043363505002576956,28,13,15,0,0,0,0,0,0,0,0,1
13pk,B,86,PHE,2.8,189.9,0.0,0,0,X,0.0,0.0,0.0,0.0,0.0,0.0,0.0,0.0,28,0.03963331102386066,19,13,6,0,0,0,0,0,0,0,0,1
13pk,B,87,GLN,-3.5,143.8,0.0,2,2,X,0.0,0.0,0.0,0.0,0.0,0.0,0.0,0.0,21,0.034970568550465285,28,4,24,0,0,0,0,0,0,0,0,1
13pk,B,88,GLN,-3.5,143.8,0.0,2,2,X,0.0,0.0,0.0,0.0,0.0,0.0,0.0,0.0,22,0.02611135785101408,21,5,16,0,0,0,0,0,0,0,0,1
13pk,B,89,LYS,-3.9,168.6,1.0,2,0,X,0.0,0.0,0.0,0.0,0.0,0.0,0.0,0.0,21,0.030307826077069916,13,2,11,0,0,0,0,0,0,0,0,1
13pk,B,90,ALA,1.8,88.6,0.0,0,0,X,0.0,0.0,0.0,0.0,0.0,0.0,0.0,0.0,32,0.04616115048661418,37,9,28,0,0,0,0,0,0,0,0,1
13pk,B,91,THR,-0.7,116.1,0.0,1,1,X,0.0,0.0,0.0,0.0,0.0,0.0,0.0,0.0,34,0.04942507021799094,25,10,15,0,0,0,0,0,0,0,0,1
13pk,B,92,LEU,3.8,166.7,0.0,0,0,X,0.0,0.0,0.0,0.0,0.0,0.0,0.0,0.0,44,0.053155264196707235,28,12,16,0,0,0,0,0,0,0,0,1
13pk,B,93,LYS,-3.9,168.6,1.0,2,0,X,0.0,0.0,0.0,0.0,0.0,0.0,0.0,0.0,33,0.040565859518539735,20,8,12,0,0,0,0,0,0,0,0,1
13pk,B,94,PRO,-1.6,112.7,0.0,0,0,X,0.0,0.0,0.0,0.0,0.0,0.0,0.0,0.0,32,0.03963331102386066,43,11,32,0,0,0,0,0,0,0,0,1
13pk,B,95,VAL,4.2,140.0,0.0,0,0,X,0.0,0.0,0.0,0.0,0.0,0.0,0.0,0.0,40,0.04616115048661418,38,22,16,0,0,0,0,0,0,0,0,1
13pk,B,96,ALA,1.8,88.6,0.0,0,0,X,0.0,0.0,0.0,0.0,0.0,0.0,0.0,0.0,33,0.048026247475972325,30,11,19,0,0,0,0,0,0,0,0,1
13pk,B,97,LYS,-3.9,168.6,1.0,2,0,X,0.0,0.0,0.0,0.0,0.0,0.0,0.0,0.0,28,0.04243095650789788,35,14,21,0,0,0,0,0,0,0,0,1
13pk,B,98,ARG,-4.5,173.4,1.0,5,0,X,0.0,0.0,0.0,0.0,0.0,0.0,0.0,0.0,29,0.04103213376587927,34,28,6,0,0,0,0,0,0,0,0,1
13pk,B,99,LEU,3.8,166.7,0.0,0,0,X,0.0,0.0,0.0,0.0,0.0,0.0,0.0,0.0,38,0.048958795970651406,38,14,24,0,0,0,0,0,0,0,0,1
13pk,B,100,SER,-0.8,89.0,0.0,1,1,X,0.0,0.0,0.0,0.0,0.0,0.0,0.0,0.0,36,0.04616115048661418,42,15,27,0,0,0,0,0,0,0,0,1
13pk,B,101,GLU,-3.5,138.4,-1.0,1,3,X,0.0,0.0,0.0,0.0,0.0,0.0,0.0,0.0,30,0.048492521723311866,50,12,38,0,0,0,0,0,0,0,0,1
13pk,B,102,LEU,3.8,166.7,0.0,0,0,X,0.0,0.0,0.0,0.0,0.0,0.0,0.0,0.0,34,0.04196468226055834,43,32,11,0,0,0,0,0,0,0,0,1
13pk,B,103,LEU,3.8,166.7,0.0,0,0,X,0.0,0.0,0.0,0.0,0.0,0.0,0.0,0.0,40,0.04103213376587927,34,19,15,0,0,0,0,0,0,0,0,1
13pk,B,104,LEU,3.8,166.7,0.0,0,0,X,0.0,0.0,0.0,0.0,0.0,0.0,0.0,0.0,33,0.03730193978716297,26,24,2,0,0,0,0,0,0,0,0,1
13pk,B,105,ARG,-4.5,173.4,1.0,5,0,X,0.0,0.0,0.0,0.0,0.0,0.0,0.0,0.0,36,0.03403802005578621,8,28,-20,0,0,0,0,0,0,0,0,1
13pk,B,106,PRO,-1.6,112.7,0.0,0,0,X,0.0,0.0,0.0,0.0,0.0,0.0,0.0,0.0,28,0.03823448828184205,23,29,-6,0,0,0,0,0,0,0,0,1
13pk,B,107,VAL,4.2,140.0,0.0,0,0,X,0.0,0.0,0.0,0.0,0.0,0.0,0.0,0.0,38,0.045694876239274644,28,19,9,0,0,0,0,0,0,0,0,1
13pk,B,108,THR,-0.7,116.1,0.0,1,1,X,0.0,0.0,0.0,0.0,0.0,0.0,0.0,0.0,31,0.034970568550465285,13,12,1,0,0,0,0,0,0,0,0,1
13pk,B,109,PHE,2.8,189.9,0.0,0,0,X,0.0,0.0,0.0,0.0,0.0,0.0,0.0,0.0,31,0.04196468226055834,15,14,1,0,0,0,0,0,0,0,0,1
13pk,B,110,ALA,1.8,88.6,0.0,0,0,X,0.0,0.0,0.0,0.0,0.0,0.0,0.0,0.0,34,0.04243095650789788,11,27,-16,0,0,0,0,0,0,0,0,1
13pk,B,111,PRO,-1.6,112.7,0.0,0,0,X,0.0,0.0,0.0,0.0,0.0,0.0,0.0,0.0,35,0.03823448828184205,27,24,3,0,0,0,0,0,0,0,0,1
13pk,B,112,ASP,-3.5,111.1,-1.0,1,3,X,0.0,0.0,0.0,0.0,0.0,0.0,0.0,0.0,33,0.05035761871267001,15,16,-1,0,0,0,0,0,0,0,0,1
13pk,B,113,CYS,2.5,108.5,0.0,1,0,X,0.0,0.0,0.0,0.0,0.0,0.0,0.0,0.0,38,0.048492521723311866,9,21,-12,0,0,0,0,0,0,0,0,1
13pk,B,114,LEU,3.8,166.7,0.0,0,0,X,0.0,0.0,0.0,0.0,0.0,0.0,0.0,0.0,39,0.04243095650789788,13,22,-9,0,0,0,0,0,0,0,0,1
13pk,B,115,ASN,-3.5,114.1,0.0,2,2,X,0.0,0.0,0.0,0.0,0.0,0.0,0.0,0.0,26,0.03730193978716297,19,32,-13,0,0,0,0,0,0,0,0,1
13pk,B,116,ALA,1.8,88.6,0.0,0,0,X,0.0,0.0,0.0,0.0,0.0,0.0,0.0,0.0,29,0.040565859518539735,12,25,-13,0,0,0,0,0,0,0,0,1
13pk,B,117,ALA,1.8,88.6,0.0,0,0,X,0.0,0.0,0.0,0.0,0.0,0.0,0.0,0.0,22,0.03310547156110714,11,15,-4,0,0,0,0,0,0,0,0,1
13pk,B,118,ASP,-3.5,111.1,-1.0,1,3,X,0.0,0.0,0.0,0.0,0.0,0.0,0.0,0.0,27,0.02797645484037223,11,14,-3,0,0,0,0,0,0,0,0,1
13pk,B,119,VAL,4.2,140.0,0.0,0,0,X,0.0,0.0,0.0,0.0,0.0,0.0,0.0,0.0,29,0.03310547156110714,12,19,-7,0,0,0,0,0,0,0,0,1
13pk,B,120,VAL,4.2,140.0,0.0,0,0,X,0.0,0.0,0.0,0.0,0.0,0.0,0.0,0.0,31,0.04196468226055834,18,17,1,0,0,0,0,0,0,0,0,1
13pk,B,121,SER,-0.8,89.0,0.0,1,1,X,0.0,0.0,0.0,0.0,0.0,0.0,0.0,0.0,16,0.02844272908771177,14,11,3,0,0,0,0,0,0,0,0,1
13pk,B,122,LYS,-3.9,168.6,1.0,2,0,X,0.0,0.0,0.0,0.0,0.0,0.0,0.0,0.0,18,0.02611135785101408,8,13,-5,0,0,0,0,0,0,0,0,1
13pk,B,123,MET,1.9,162.9,0.0,0,0,X,0.0,0.0,0.0,0.0,0.0,0.0,0.0,0.0,28,0.03590311704514436,22,13,9,0,0,0,0,0,0,0,0,1
13pk,B,124,SER,-0.8,89.0,0.0,1,1,X,0.0,0.0,0.0,0.0,0.0,0.0,0.0,0.0,21,0.02797645484037223,20,11,9,0,0,0,0,0,0,0,0,1
13pk,B,125,PRO,-1.6,112.7,0.0,0,0,X,0.0,0.0,0.0,0.0,0.0,0.0,0.0,0.0,26,0.03403802005578621,30,19,11,0,0,0,0,0,0,0,0,1
13pk,B,126,GLY,-0.4,60.1,0.0,0,0,X,0.0,0.0,0.0,0.0,0.0,0.0,0.0,0.0,33,0.03450429430312575,23,15,8,0,0,0,0,0,0,0,0,1
13pk,B,127,ASP,-3.5,111.1,-1.0,1,3,X,0.0,0.0,0.0,0.0,0.0,0.0,0.0,0.0,27,0.04149840801321881,25,0,25,0,0,0,0,0,0,0,0,1
13pk,B,128,VAL,4.2,140.0,0.0,0,0,X,0.0,0.0,0.0,0.0,0.0,0.0,0.0,0.0,35,0.048026247475972325,12,8,4,0,0,0,0,0,0,0,0,1
13pk,B,129,VAL,4.2,140.0,0.0,0,0,X,0.0,0.0,0.0,0.0,0.0,0.0,0.0,0.0,40,0.04755997322863279,10,13,-3,0,0,0,0,0,0,0,0,1
13pk,B,130,LEU,3.8,166.7,0.0,0,0,X,0.0,0.0,0.0,0.0,0.0,0.0,0.0,0.0,41,0.05222271570202816,13,14,-1,0,0,0,0,0,0,0,0,1
13pk,B,131,LEU,3.8,166.7,0.0,0,0,X,0.0,0.0,0.0,0.0,0.0,0.0,0.0,0.0,42,0.05408781269138631,7,17,-10,0,0,0,0,0,0,0,0,1
13pk,B,132,GLU,-3.5,138.4,-1.0,1,3,X,0.0,0.0,0.0,0.0,0.0,0.0,0.0,0.0,37,0.05548663543340492,19,8,11,0,0,0,0,0,0,0,0,1
13pk,B,133,ASN,-3.5,114.1,0.0,2,2,X,0.0,0.0,0.0,0.0,0.0,0.0,0.0,0.0,44,0.053621538444046775,38,22,16,0,0,0,0,0,0,0,0,1
13pk,B,134,VAL,4.2,140.0,0.0,0,0,X,0.0,0.0,0.0,0.0,0.0,0.0,0.0,0.0,42,0.05548663543340492,33,32,1,0,0,0,0,0,0,0,0,1
13pk,B,135,ARG,-4.5,173.4,1.0,5,0,X,0.0,0.0,0.0,0.0,0.0,0.0,0.0,0.0,36,0.0526889899493677,45,17,28,0,0,0,0,0,0,0,0,1
13pk,B,136,PHE,2.8,189.9,0.0,0,0,X,0.0,0.0,0.0,0.0,0.0,0.0,0.0,0.0,38,0.056419183928083996,36,25,11,0,0,0,0,0,0,0,0,1
13pk,B,137,TYR,-1.3,193.6,0.0,1,1,X,0.0,0.0,0.0,0.0,0.0,0.0,0.0,0.0,41,0.05175644145468863,26,34,-8,0,0,0,0,0,0,0,0,1
13pk,B,138,LYS,-3.9,168.6,1.0,2,0,X,0.0,0.0,0.0,0.0,0.0,0.0,0.0,0.0,25,0.04289723075523742,22,24,-2,0,0,0,0,0,0,0,0,1
13pk,B,139,GLU,-3.5,138.4,-1.0,1,3,X,0.0,0.0,0.0,0.0,0.0,0.0,0.0,0.0,35,0.04709369898129325,50,22,28,0,0,0,0,0,0,0,0,1
13pk,B,140,GLU,-3.5,138.4,-1.0,1,3,X,0.0,0.0,0.0,0.0,0.0,0.0,0.0,0.0,41,0.04989134446533048,56,23,33,0,0,0,0,0,0,0,0,1
13pk,B,141,GLY,-0.4,60.1,0.0,0,0,X,0.0,0.0,0.0,0.0,0.0,0.0,0.0,0.0,30,0.04196468226055834,62,35,27,0,0,0,0,0,0,0,0,1
13pk,B,142,SER,-0.8,89.0,0.0,1,1,X,0.0,0.0,0.0,0.0,0.0,0.0,0.0,0.0,21,0.03776821403450251,49,40,9,0,0,0,0,0,0,0,0,1
13pk,B,143,LYS,-3.9,168.6,1.0,2,0,X,0.0,0.0,0.0,0.0,0.0,0.0,0.0,0.0,13,0.027043906345693154,32,25,7,0,0,0,0,0,0,0,0,1
13pk,B,144,LYS,-3.9,168.6,1.0,2,0,X,0.0,0.0,0.0,0.0,0.0,0.0,0.0,0.0,13,0.02844272908771177,32,27,5,0,0,0,0,0,0,0,0,1
13pk,B,145,ALA,1.8,88.6,0.0,0,0,X,0.0,0.0,0.0,0.0,0.0,0.0,0.0,0.0,21,0.032639197313767604,44,33,11,0,0,0,0,0,0,0,0,1
13pk,B,146,LYS,-3.9,168.6,1.0,2,0,X,0.0,0.0,0.0,0.0,0.0,0.0,0.0,0.0,13,0.02844272908771177,30,25,5,0,0,0,0,0,0,0,0,1
13pk,B,147,ASP,-3.5,111.1,-1.0,1,3,X,0.0,0.0,0.0,0.0,0.0,0.0,0.0,0.0,23,0.043363505002576956,48,23,25,0,0,0,0,0,0,0,0,1
13pk,B,148,ARG,-4.5,173.4,1.0,5,0,X,0.0,0.0,0.0,0.0,0.0,0.0,0.0,0.0,28,0.05595290968074446,38,43,-5,0,0,0,0,0,0,0,0,1
13pk,B,149,GLU,-3.5,138.4,-1.0,1,3,X,0.0,0.0,0.0,0.0,0.0,0.0,0.0,0.0,27,0.043363505002576956,44,21,23,0,0,0,0,0,0,0,0,1
13pk,B,150,ALA,1.8,88.6,0.0,0,0,X,0.0,0.0,0.0,0.0,0.0,0.0,0.0,0.0,27,0.035436842797804825,30,31,-1,0,0,0,0,0,0,0,0,1
13pk,B,151,MET,1.9,162.9,0.0,0,0,X,0.0,0.0,0.0,0.0,0.0,0.0,0.0,0.0,42,0.04709369898129325,30,33,-3,0,0,0,0,0,0,0,0,1
13pk,B,152,ALA,1.8,88.6,0.0,0,0,X,0.0,0.0,0.0,0.0,0.0,0.0,0.0,0.0,33,0.05175644145468863,29,27,2,0,0,0,0,0,0,0,0,1
13pk,B,153,LYS,-3.9,168.6,1.0,2,0,X,0.0,0.0,0.0,0.0,0.0,0.0,0.0,0.0,21,0.03870076252918159,16,13,3,0,0,0,0,0,0,0,0,1
13pk,B,154,ILE,4.5,166.7,0.0,0,0,X,0.0,0.0,0.0,0.0,0.0,0.0,0.0,0.0,31,0.0363693912924839,14,10,4,0,0,0,0,0,0,0,0,1
13pk,B,155,LEU,3.8,166.7,0.0,0,0,X,0.0,0.0,0.0,0.0,0.0,0.0,0.0,0.0,40,0.04616115048661418,11,12,-1,0,0,0,0,0,0,0,0,1
13pk,B,156,ALA,1.8,88.6,0.0,0,0,X,0.0,0.0,0.0,0.0,0.0,0.0,0.0,0.0,35,0.04616115048661418,17,10,7,0,0,0,0,0,0,0,0,1
13pk,B,157,SER,-0.8,89.0,0.0,1,1,X,0.0,0.0,0.0,0.0,0.0,0.0,0.0,0.0,26,0.028909003335051305,13,9,4,0,0,0,0,0,0,0,0,1
13pk,B,158,TYR,-1.3,193.6,0.0,1,1,X,0.0,0.0,0.0,0.0,0.0,0.0,0.0,0.0,34,0.04149840801321881,13,12,1,0,0,0,0,0,0,0,0,1
13pk,B,159,GLY,-0.4,60.1,0.0,0,0,X,0.0,0.0,0.0,0.0,0.0,0.0,0.0,0.0,31,0.04243095650789788,18,8,10,0,0,0,0,0,0,0,0,1
13pk,B,160,ASP,-3.5,111.1,-1.0,1,3,X,0.0,0.0,0.0,0.0,0.0,0.0,0.0,0.0,25,0.035436842797804825,21,6,15,0,0,0,0,0,0,0,0,1
13pk,B,161,VAL,4.2,140.0,0.0,0,0,X,0.0,0.0,0.0,0.0,0.0,0.0,0.0,0.0,37,0.043363505002576956,24,20,4,0,0,0,0,0,0,0,0,1
13pk,B,162,TYR,-1.3,193.6,0.0,1,1,X,0.0,0.0,0.0,0.0,0.0,0.0,0.0,0.0,46,0.05129016720734909,17,15,2,0,0,0,0,0,0,0,0,1
13pk,B,163,ILE,4.5,166.7,0.0,0,0,X,0.0,0.0,0.0,0.0,0.0,0.0,0.0,0.0,45,0.05175644145468863,19,13,6,0,0,0,0,0,0,0,0,1
13pk,B,164,SER,-0.8,89.0,0.0,1,1,X,0.0,0.0,0.0,0.0,0.0,0.0,0.0,0.0,44,0.0526889899493677,16,18,-2,0,0,0,0,0,0,0,0,1
13pk,B,165,ASP,-3.5,111.1,-1.0,1,3,X,0.0,0.0,0.0,0.0,0.0,0.0,0.0,0.0,41,0.048958795970651406,17,23,-6,0,0,0,0,0,0,0,0,1
13pk,B,166,ALA,1.8,88.6,0.0,0,0,X,0.0,0.0,0.0,0.0,0.0,0.0,0.0,0.0,44,0.048026247475972325,39,24,15,0,0,0,0,0,0,0,0,1
13pk,B,167,PHE,2.8,189.9,0.0,0,0,X,0.0,0.0,0.0,0.0,0.0,0.0,0.0,0.0,44,0.05175644145468863,30,30,0,0,0,0,0,0,0,0,0,1
13pk,B,168,GLY,-0.4,60.1,0.0,0,0,X,0.0,0.0,0.0,0.0,0.0,0.0,0.0,0.0,42,0.048492521723311866,45,27,18,0,0,0,0,0,0,0,0,1
13pk,B,169,THR,-0.7,116.1,0.0,1,1,X,0.0,0.0,0.0,0.0,0.0,0.0,0.0,0.0,40,0.04289723075523742,53,26,27,0,0,0,0,0,0,0,0,1
13pk,B,170,ALA,1.8,88.6,0.0,0,0,X,0.0,0.0,0.0,0.0,0.0,0.0,0.0,0.0,36,0.04755997322863279,37,24,13,0,0,0,0,0,0,0,0,1
13pk,B,171,HIS,-3.2,153.2,0.1,2,1,X,0.0,0.0,0.0,0.0,0.0,0.0,0.0,0.0,33,0.04429605349725603,28,20,8,0,0,0,0,0,0,0,0,1
13pk,B,172,ARG,-4.5,173.4,1.0,5,0,X,0.0,0.0,0.0,0.0,0.0,0.0,0.0,0.0,30,0.040099585271200194,38,24,14,0,0,0,0,0,0,0,0,1
13pk,B,173,ASP,-3.5,111.1,-1.0,1,3,X,0.0,0.0,0.0,0.0,0.0,0.0,0.0,0.0,31,0.03963331102386066,46,14,32,0,0,0,0,0,0,0,0,1
13pk,B,174,SER,-0.8,89.0,0.0,1,1,X,0.0,0.0,0.0,0.0,0.0,0.0,0.0,0.0,40,0.045694876239274644,55,29,26,0,0,0,0,0,0,0,0,1
13pk,B,175,ALA,1.8,88.6,0.0,0,0,X,0.0,0.0,0.0,0.0,0.0,0.0,0.0,0.0,42,0.053155264196707235,48,38,10,0,0,0,0,0,0,0,0,1
13pk,B,176,THR,-0.7,116.1,0.0,1,1,X,0.0,0.0,0.0,0.0,0.0,0.0,0.0,0.0,47,0.05129016720734909,38,21,17,0,0,0,0,0,0,0,0,1
13pk,B,177,MET,1.9,162.9,0.0,0,0,X,0.0,0.0,0.0,0.0,0.0,0.0,0.0,0.0,45,0.05595290968074446,37,22,15,0,0,0,0,0,0,0,0,1
13pk,B,178,THR,-0.7,116.1,0.0,1,1,X,0.0,0.0,0.0,0.0,0.0,0.0,0.0,0.0,33,0.04942507021799094,33,21,12,0,0,0,0,0,0,0,0,1
13pk,B,179,GLY,-0.4,60.1,0.0,0,0,X,0.0,0.0,0.0,0.0,0.0,0.0,0.0,0.0,38,0.05175644145468863,35,26,9,0,0,0,0,0,0,0,0,1
13pk,B,180,ILE,4.5,166.7,0.0,0,0,X,0.0,0.0,0.0,0.0,0.0,0.0,0.0,0.0,37,0.05502036118606539,25,14,11,0,0,0,0,0,0,0,0,1
13pk,B,181,PRO,-1.6,112.7,0.0,0,0,X,0.0,0.0,0.0,0.0,0.0,0.0,0.0,0.0,35,0.05175644145468863,13,10,3,0,0,0,0,0,0,0,0,1
13pk,B,182,LYS,-3.9,168.6,1.0,2,0,X,0.0,0.0,0.0,0.0,0.0,0.0,0.0,0.0,26,0.03357174580844668,16,13,3,0,0,0,0,0,0,0,0,1
13pk,B,183,ILE,4.5,166.7,0.0,0,0,X,0.0,0.0,0.0,0.0,0.0,0.0,0.0,0.0,28,0.03450429430312575,20,10,10,0,0,0,0,0,0,0,0,1
13pk,B,184,LEU,3.8,166.7,0.0,0,0,X,0.0,0.0,0.0,0.0,0.0,0.0,0.0,0.0,30,0.03590311704514436,14,11,3,0,0,0,0,0,0,0,0,1
13pk,B,185,GLY,-0.4,60.1,0.0,0,0,X,0.0,0.0,0.0,0.0,0.0,0.0,0.0,0.0,22,0.023779986614316396,10,10,0,0,0,0,0,0,0,0,0,1
13pk,B,186,ASN,-3.5,114.1,0.0,2,2,X,0.0,0.0,0.0,0.0,0.0,0.0,0.0,0.0,32,0.03730193978716297,17,17,0,0,0,0,0,0,0,0,0,1
13pk,B,187,GLY,-0.4,60.1,0.0,0,0,X,0.0,0.0,0.0,0.0,0.0,0.0,0.0,0.0,37,0.050823892960009553,30,21,9,0,0,0,0,0,0,0,0,1
13pk,B,188,ALA,1.8,88.6,0.0,0,0,X,0.0,0.0,0.0,0.0,0.0,0.0,0.0,0.0,41,0.05222271570202816,29,38,-9,0,0,0,0,0,0,0,0,1
13pk,B,189,ALA,1.8,88.6,0.0,0,0,X,0.0,0.0,0.0,0.0,0.0,0.0,0.0,0.0,40,0.053155264196707235,25,40,-15,0,0,0,0,0,0,0,0,1
13pk,B,190,GLY,-0.4,60.1,0.0,0,0,X,0.0,0.0,0.0,0.0,0.0,0.0,0.0,0.0,41,0.04989134446533048,28,24,4,0,0,0,0,0,0,0,0,1
13pk,B,191,TYR,-1.3,193.6,0.0,1,1,X,0.0,0.0,0.0,0.0,0.0,0.0,0.0,0.0,31,0.04429605349725603,28,25,3,0,0,0,0,0,0,0,0,1
13pk,B,192,LEU,3.8,166.7,0.0,0,0,X,0.0,0.0,0.0,0.0,0.0,0.0,0.0,0.0,40,0.048958795970651406,25,33,-8,0,0,0,0,0,0,0,0,1
13pk,B,193,MET,1.9,162.9,0.0,0,0,X,0.0,0.0,0.0,0.0,0.0,0.0,0.0,0.0,40,0.04942507021799094,24,28,-4,0,0,0,0,0,0,0,0,1
13pk,B,194,GLU,-3.5,138.4,-1.0,1,3,X,0.0,0.0,0.0,0.0,0.0,0.0,0.0,0.0,26,0.03776821403450251,20,24,-4,0,0,0,0,0,0,0,0,1
13pk,B,195,LYS,-3.9,168.6,1.0,2,0,X,0.0,0.0,0.0,0.0,0.0,0.0,0.0,0.0,26,0.03823448828184205,18,24,-6,0,0,0,0,0,0,0,0,1
13pk,B,196,GLU,-3.5,138.4,-1.0,1,3,X,0.0,0.0,0.0,0.0,0.0,0.0,0.0,0.0,37,0.04755997322863279,24,14,10,0,0,0,0,0,0,0,0,1
13pk,B,197,ILE,4.5,166.7,0.0,0,0,X,0.0,0.0,0.0,0.0,0.0,0.0,0.0,0.0,33,0.03963331102386066,24,24,0,0,0,0,0,0,0,0,0,1
13pk,B,198,SER,-0.8,89.0,0.0,1,1,X,0.0,0.0,0.0,0.0,0.0,0.0,0.0,0.0,20,0.02984155182973038,22,19,3,0,0,0,0,0,0,0,0,1
13pk,B,199,TYR,-1.3,193.6,0.0,1,1,X,0.0,0.0,0.0,0.0,0.0,0.0,0.0,0.0,27,0.03870076252918159,28,11,17,0,0,0,0,0,0,0,0,1
13pk,B,200,PHE,2.8,189.9,0.0,0,0,X,0.0,0.0,0.0,0.0,0.0,0.0,0.0,0.0,37,0.045228601991935104,29,12,17,0,0,0,0,0,0,0,0,1
13pk,B,201,ALA,1.8,88.6,0.0,0,0,X,0.0,0.0,0.0,0.0,0.0,0.0,0.0,0.0,21,0.030774100324409453,16,7,9,0,0,0,0,0,0,0,0,1
13pk,B,202,LYS,-3.9,168.6,1.0,2,0,X,0.0,0.0,0.0,0.0,0.0,0.0,0.0,0.0,18,0.02844272908771177,8,4,4,0,0,0,0,0,0,0,0,1
13pk,B,203,VAL,4.2,140.0,0.0,0,0,X,0.0,0.0,0.0,0.0,0.0,0.0,0.0,0.0,26,0.03730193978716297,23,2,21,0,0,0,0,0,0,0,0,1
13pk,B,204,LEU,3.8,166.7,0.0,0,0,X,0.0,0.0,0.0,0.0,0.0,0.0,0.0,0.0,29,0.03590311704514436,24,7,17,0,0,0,0,0,0,0,0,1
13pk,B,205,GLY,-0.4,60.1,0.0,0,0,X,0.0,0.0,0.0,0.0,0.0,0.0,0.0,0.0,17,0.023779986614316396,23,0,23,0,0,0,0,0,0,0,0,1
13pk,B,206,ASN,-3.5,114.1,0.0,2,2,X,0.0,0.0,0.0,0.0,0.0,0.0,0.0,0.0,14,0.023779986614316396,25,0,25,0,0,0,0,0,0,0,0,1
13pk,B,207,PRO,-1.6,112.7,0.0,0,0,X,0.0,0.0,0.0,0.0,0.0,0.0,0.0,0.0,24,0.034970568550465285,39,5,34,0,0,0,0,0,0,0,0,1
13pk,B,208,PRO,-1.6,112.7,0.0,0,0,X,0.0,0.0,0.0,0.0,0.0,0.0,0.0,0.0,26,0.03403802005578621,27,4,23,0,0,0,0,0,0,0,0,1
13pk,B,209,ARG,-4.5,173.4,1.0,5,0,X,0.0,0.0,0.0,0.0,0.0,0.0,0.0,0.0,21,0.03403802005578621,19,8,11,0,0,0,0,0,0,0,0,1
13pk,B,210,PRO,-1.6,112.7,0.0,0,0,X,0.0,0.0,0.0,0.0,0.0,0.0,0.0,0.0,22,0.040565859518539735,32,8,24,0,0,0,0,0,0,0,0,1
13pk,B,211,LEU,3.8,166.7,0.0,0,0,X,0.0,0.0,0.0,0.0,0.0,0.0,0.0,0.0,36,0.0526889899493677,33,8,25,0,0,0,0,0,0,0,0,1
13pk,B,212,VAL,4.2,140.0,0.0,0,0,X,0.0,0.0,0.0,0.0,0.0,0.0,0.0,0.0,41,0.05595290968074446,25,8,17,0,0,0,0,0,0,0,0,1
13pk,B,213,ALA,1.8,88.6,0.0,0,0,X,0.0,0.0,0.0,0.0,0.0,0.0,0.0,0.0,39,0.048492521723311866,5,7,-2,0,0,0,0,0,0,0,0,1
13pk,B,214,ILE,4.5,166.7,0.0,0,0,X,0.0,0.0,0.0,0.0,0.0,0.0,0.0,0.0,44,0.05175644145468863,2,0,2,0,0,0,0,0,0,0,0,1
13pk,B,215,VAL,4.2,140.0,0.0,0,0,X,0.0,0.0,0.0,0.0,0.0,0.0,0.0,0.0,42,0.05035761871267001,10,0,10,0,0,0,0,0,0,0,0,1
13pk,B,216,GLY,-0.4,60.1,0.0,0,0,X,0.0,0.0,0.0,0.0,0.0,0.0,0.0,0.0,42,0.048492521723311866,17,3,14,0,0,0,0,0,0,0,0,1
13pk,B,217,GLY,-0.4,60.1,0.0,0,0,X,0.0,0.0,0.0,0.0,0.0,0.0,0.0,0.0,36,0.04243095650789788,25,13,12,0,0,0,0,0,0,0,0,1
13pk,B,218,ALA,1.8,88.6,0.0,0,0,X,0.0,0.0,0.0,0.0,0.0,0.0,0.0,0.0,31,0.030774100324409453,32,18,14,0,0,0,0,0,0,0,0,1
13pk,B,219,LYS,-3.9,168.6,1.0,2,0,X,0.0,0.0,0.0,0.0,0.0,0.0,0.0,0.0,28,0.03124037457174899,26,15,11,0,0,0,0,0,0,0,0,1
13pk,B,220,VAL,4.2,140.0,0.0,0,0,X,0.0,0.0,0.0,0.0,0.0,0.0,0.0,0.0,32,0.043829779249916496,39,18,21,0,0,0,0,0,0,0,0,1
13pk,B,221,SER,-0.8,89.0,0.0,1,1,X,0.0,0.0,0.0,0.0,0.0,0.0,0.0,0.0,22,0.03590311704514436,37,18,19,0,0,0,0,0,0,0,0,1
13pk,B,222,ASP,-3.5,111.1,-1.0,1,3,X,0.0,0.0,0.0,0.0,0.0,0.0,0.0,0.0,23,0.03450429430312575,38,8,30,0,0,0,0,0,0,0,0,1
13pk,B,223,LYS,-3.9,168.6,1.0,2,0,X,0.0,0.0,0.0,0.0,0.0,0.0,0.0,0.0,38,0.04289723075523742,18,14,4,0,0,0,0,0,0,0,0,1
13pk,B,224,ILE,4.5,166.7,0.0,0,0,X,0.0,0.0,0.0,0.0,0.0,0.0,0.0,0.0,34,0.05035761871267001,26,25,1,0,0,0,0,0,0,0,0,1
13pk,B,225,GLN,-3.5,143.8,0.0,2,2,X,0.0,0.0,0.0,0.0,0.0,0.0,0.0,0.0,25,0.03870076252918159,20,28,-8,0,0,0,0,0,0,0,0,1
13pk,B,226,LEU,3.8,166.7,0.0,0,0,X,0.0,0.0,0.0,0.0,0.0,0.0,0.0,0.0,34,0.04662742473395372,25,33,-8,0,0,0,0,0,0,0,0,1
13pk,B,227,LEU,3.8,166.7,0.0,0,0,X,0.0,0.0,0.0,0.0,0.0,0.0,0.0,0.0,38,0.04616115048661418,14,20,-6,0,0,0,0,0,0,0,0,1
13pk,B,228,ASP,-3.5,111.1,-1.0,1,3,X,0.0,0.0,0.0,0.0,0.0,0.0,0.0,0.0,29,0.040099585271200194,29,9,20,0,0,0,0,0,0,0,0,1
13pk,B,229,ASN,-3.5,114.1,0.0,2,2,X,0.0,0.0,0.0,0.0,0.0,0.0,0.0,0.0,27,0.03870076252918159,28,27,1,0,0,0,0,0,0,0,0,1
13pk,B,230,MET,1.9,162.9,0.0,0,0,X,0.0,0.0,0.0,0.0,0.0,0.0,0.0,0.0,37,0.04709369898129325,21,26,-5,0,0,0,0,0,0,0,0,1
13pk,B,231,LEU,3.8,166.7,0.0,0,0,X,0.0,0.0,0.0,0.0,0.0,0.0,0.0,0.0,31,0.04989134446533048,39,29,10,0,0,0,0,0,0,0,0,1
13pk,B,232,GLN,-3.5,143.8,0.0,2,2,X,0.0,0.0,0.0,0.0,0.0,0.0,0.0,0.0,22,0.034970568550465285,37,20,17,0,0,0,0,0,0,0,0,1
13pk,B,233,ARG,-4.5,173.4,1.0,5,0,X,0.0,0.0,0.0,0.0,0.0,0.0,0.0,0.0,33,0.035436842797804825,12,17,-5,0,0,0,0,0,0,0,0,1
13pk,B,234,ILE,4.5,166.7,0.0,0,0,X,0.0,0.0,0.0,0.0,0.0,0.0,0.0,0.0,35,0.048026247475972325,34,13,21,0,0,0,0,0,0,0,0,1
13pk,B,235,ASP,-3.5,111.1,-1.0,1,3,X,0.0,0.0,0.0,0.0,0.0,0.0,0.0,0.0,28,0.04662742473395372,37,0,37,0,0,0,0,0,0,0,0,1
13pk,B,236,TYR,-1.3,193.6,0.0,1,1,X,0.0,0.0,0.0,0.0,0.0,0.0,0.0,0.0,29,0.048026247475972325,30,8,22,0,0,0,0,0,0,0,0,1
13pk,B,237,LEU,3.8,166.7,0.0,0,0,X,0.0,0.0,0.0,0.0,0.0,0.0,0.0,0.0,37,0.04989134446533048,3,7,-4,0,0,0,0,0,0,0,0,1
13pk,B,238,LEU,3.8,166.7,0.0,0,0,X,0.0,0.0,0.0,0.0,0.0,0.0,0.0,0.0,40,0.05035761871267001,9,3,6,0,0,0,0,0,0,0,0,1
13pk,B,239,ILE,4.5,166.7,0.0,0,0,X,0.0,0.0,0.0,0.0,0.0,0.0,0.0,0.0,42,0.0526889899493677,3,0,3,0,0,0,0,0,0,0,0,1
13pk,B,240,GLY,-0.4,60.1,0.0,0,0,X,0.0,0.0,0.0,0.0,0.0,0.0,0.0,0.0,45,0.05548663543340492,10,8,2,0,0,0,0,0,0,0,0,1
13pk,B,241,GLY,-0.4,60.1,0.0,0,0,X,0.0,0.0,0.0,0.0,0.0,0.0,0.0,0.0,46,0.04755997322863279,19,9,10,0,0,0,0,0,0,0,0,1
13pk,B,242,ALA,1.8,88.6,0.0,0,0,X,0.0,0.0,0.0,0.0,0.0,0.0,0.0,0.0,40,0.04429605349725603,24,11,13,0,0,0,0,0,0,0,0,1
13pk,B,243,MET,1.9,162.9,0.0,0,0,X,0.0,0.0,0.0,0.0,0.0,0.0,0.0,0.0,42,0.05455408693872585,25,13,12,0,0,0,0,0,0,0,0,1
13pk,B,244,ALA,1.8,88.6,0.0,0,0,X,0.0,0.0,0.0,0.0,0.0,0.0,0.0,0.0,46,0.048026247475972325,19,7,12,0,0,0,0,0,0,0,0,1
13pk,B,245,TYR,-1.3,193.6,0.0,1,1,X,0.0,0.0,0.0,0.0,0.0,0.0,0.0,0.0,45,0.05175644145468863,32,12,20,0,0,0,0,0,0,0,0,1
13pk,B,246,THR,-0.7,116.1,0.0,1,1,X,0.0,0.0,0.0,0.0,0.0,0.0,0.0,0.0,35,0.05688545817542354,34,22,12,0,0,0,0,0,0,0,0,1
13pk,B,247,PHE,2.8,189.9,0.0,0,0,X,0.0,0.0,0.0,0.0,0.0,0.0,0.0,0.0,40,0.048958795970651406,24,10,14,0,0,0,0,0,0,0,0,1
13pk,B,248,LEU,3.8,166.7,0.0,0,0,X,0.0,0.0,0.0,0.0,0.0,0.0,0.0,0.0,36,0.050823892960009553,18,5,13,0,0,0,0,0,0,0,0,1
13pk,B,249,LYS,-3.9,168.6,1.0,2,0,X,0.0,0.0,0.0,0.0,0.0,0.0,0.0,0.0,27,0.043829779249916496,14,16,-2,0,0,0,0,0,0,0,0,1
13pk,B,250,ALA,1.8,88.6,0.0,0,0,X,0.0,0.0,0.0,0.0,0.0,0.0,0.0,0.0,26,0.04289723075523742,25,18,7,0,0,0,0,0,0,0,0,1
13pk,B,251,GLN,-3.5,143.8,0.0,2,2,X,0.0,0.0,0.0,0.0,0.0,0.0,0.0,0.0,21,0.032639197313767604,18,0,18,0,0,0,0,0,0,0,0,1
13pk,B,252,GLY,-0.4,60.1,0.0,0,0,X,0.0,0.0,0.0,0.0,0.0,0.0,0.0,0.0,18,0.02611135785101408,14,0,14,0,0,0,0,0,0,0,0,1
13pk,B,253,TYR,-1.3,193.6,0.0,1,1,X,0.0,0.0,0.0,0.0,0.0,0.0,0.0,0.0,22,0.03870076252918159,13,9,4,0,0,0,0,0,0,0,0,1
13pk,B,254,SER,-0.8,89.0,0.0,1,1,X,0.0,0.0,0.0,0.0,0.0,0.0,0.0,0.0,24,0.03590311704514436,23,17,6,0,0,0,0,0,0,0,0,1
13pk,B,255,ILE,4.5,166.7,0.0,0,0,X,0.0,0.0,0.0,0.0,0.0,0.0,0.0,0.0,35,0.050823892960009553,34,12,22,0,0,0,0,0,0,0,0,1
13pk,B,256,GLY,-0.4,60.1,0.0,0,0,X,0.0,0.0,0.0,0.0,0.0,0.0,0.0,0.0,24,0.03870076252918159,37,13,24,0,0,0,0,0,0,0,0,1
13pk,B,257,LYS,-3.9,168.6,1.0,2,0,X,0.0,0.0,0.0,0.0,0.0,0.0,0.0,0.0,21,0.03170664881908853,21,15,6,0,0,0,0,0,0,0,0,1
13pk,B,258,SER,-0.8,89.0,0.0,1,1,X,0.0,0.0,0.0,0.0,0.0,0.0,0.0,0.0,35,0.040099585271200194,41,10,31,0,0,0,0,0,0,0,0,1
13pk,B,259,LYS,-3.9,168.6,1.0,2,0,X,0.0,0.0,0.0,0.0,0.0,0.0,0.0,0.0,27,0.035436842797804825,12,17,-5,0,0,0,0,0,0,0,0,1
13pk,B,260,CYS,2.5,108.5,0.0,1,0,X,0.0,0.0,0.0,0.0,0.0,0.0,0.0,0.0,25,0.04243095650789788,30,18,12,0,0,0,0,0,0,0,0,1
13pk,B,261,GLU,-3.5,138.4,-1.0,1,3,X,0.0,0.0,0.0,0.0,0.0,0.0,0.0,0.0,26,0.03870076252918159,28,15,13,0,0,0,0,0,0,0,0,1
13pk,B,262,GLU,-3.5,138.4,-1.0,1,3,X,0.0,0.0,0.0,0.0,0.0,0.0,0.0,0.0,18,0.027510180593032695,26,11,15,0,0,0,0,0,0,0,0,1
13pk,B,263,SER,-0.8,89.0,0.0,1,1,X,0.0,0.0,0.0,0.0,0.0,0.0,0.0,0.0,15,0.022847438119637322,12,26,-14,0,0,0,0,0,0,0,0,1
13pk,B,264,LYS,-3.9,168.6,1.0,2,0,X,0.0,0.0,0.0,0.0,0.0,0.0,0.0,0.0,25,0.03683566553982344,13,30,-17,0,0,0,0,0,0,0,0,1
13pk,B,265,LEU,3.8,166.7,0.0,0,0,X,0.0,0.0,0.0,0.0,0.0,0.0,0.0,0.0,26,0.04429605349725603,29,26,3,0,0,0,0,0,0,0,0,1
13pk,B,266,GLU,-3.5,138.4,-1.0,1,3,X,0.0,0.0,0.0,0.0,0.0,0.0,0.0,0.0,17,0.030307826077069916,24,5,19,0,0,0,0,0,0,0,0,1
13pk,B,267,PHE,2.8,189.9,0.0,0,0,X,0.0,0.0,0.0,0.0,0.0,0.0,0.0,0.0,28,0.03776821403450251,29,25,4,0,0,0,0,0,0,0,0,1
13pk,B,268,ALA,1.8,88.6,0.0,0,0,X,0.0,0.0,0.0,0.0,0.0,0.0,0.0,0.0,34,0.04989134446533048,40,22,18,0,0,0,0,0,0,0,0,1
13pk,B,269,ARG,-4.5,173.4,1.0,5,0,X,0.0,0.0,0.0,0.0,0.0,0.0,0.0,0.0,20,0.040099585271200194,21,11,10,0,0,0,0,0,0,0,0,1
13pk,B,270,SER,-0.8,89.0,0.0,1,1,X,0.0,0.0,0.0,0.0,0.0,0.0,0.0,0.0,19,0.03590311704514436,31,28,3,0,0,0,0,0,0,0,0,1
13pk,B,271,LEU,3.8,166.7,0.0,0,0,X,0.0,0.0,0.0,0.0,0.0,0.0,0.0,0.0,34,0.04429605349725603,35,23,12,0,0,0,0,0,0,0,0,1
13pk,B,272,LEU,3.8,166.7,0.0,0,0,X,0.0,0.0,0.0,0.0,0.0,0.0,0.0,0.0,30,0.04196468226055834,29,24,5,0,0,0,0,0,0,0,0,1
13pk,B,273,LYS,-3.9,168.6,1.0,2,0,X,0.0,0.0,0.0,0.0,0.0,0.0,0.0,0.0,17,0.03357174580844668,23,21,2,0,0,0,0,0,0,0,0,1
13pk,B,274,LYS,-3.9,168.6,1.0,2,0,X,0.0,0.0,0.0,0.0,0.0,0.0,0.0,0.0,23,0.04103213376587927,28,26,2,0,0,0,0,0,0,0,0,1
13pk,B,275,ALA,1.8,88.6,0.0,0,0,X,0.0,0.0,0.0,0.0,0.0,0.0,0.0,0.0,28,0.04755997322863279,40,29,11,0,0,0,0,0,0,0,0,1
13pk,B,276,GLU,-3.5,138.4,-1.0,1,3,X,0.0,0.0,0.0,0.0,0.0,0.0,0.0,0.0,15,0.03310547156110714,34,8,26,0,0,0,0,0,0,0,0,1
13pk,B,277,ASP,-3.5,111.1,-1.0,1,3,X,0.0,0.0,0.0,0.0,0.0,0.0,0.0,0.0,14,0.02797645484037223,38,9,29,0,0,0,0,0,0,0,0,1
13pk,B,278,ARG,-4.5,173.4,1.0,5,0,X,0.0,0.0,0.0,0.0,0.0,0.0,0.0,0.0,21,0.03357174580844668,31,24,7,0,0,0,0,0,0,0,0,1
13pk,B,279,LYS,-3.9,168.6,1.0,2,0,X,0.0,0.0,0.0,0.0,0.0,0.0,0.0,0.0,16,0.029375277582390842,19,22,-3,0,0,0,0,0,0,0,0,1
13pk,B,280,VAL,4.2,140.0,0.0,0,0,X,0.0,0.0,0.0,0.0,0.0,0.0,0.0,0.0,28,0.045694876239274644,36,25,11,0,0,0,0,0,0,0,0,1
13pk,B,281,GLN,-3.5,143.8,0.0,2,2,X,0.0,0.0,0.0,0.0,0.0,0.0,0.0,0.0,26,0.035436842797804825,19,16,3,0,0,0,0,0,0,0,0,1
13pk,B,282,VAL,4.2,140.0,0.0,0,0,X,0.0,0.0,0.0,0.0,0.0,0.0,0.0,0.0,31,0.03963331102386066,14,14,0,0,0,0,0,0,0,0,0,1
13pk,B,283,ILE,4.5,166.7,0.0,0,0,X,0.0,0.0,0.0,0.0,0.0,0.0,0.0,0.0,36,0.04243095650789788,12,3,9,0,0,0,0,0,0,0,0,1
13pk,B,284,LEU,3.8,166.7,0.0,0,0,X,0.0,0.0,0.0,0.0,0.0,0.0,0.0,0.0,30,0.043829779249916496,8,5,3,0,0,0,0,0,0,0,0,1
13pk,B,285,PRO,-1.6,112.7,0.0,0,0,X,0.0,0.0,0.0,0.0,0.0,0.0,0.0,0.0,42,0.04989134446533048,22,20,2,0,0,0,0,0,0,0,0,1
13pk,B,286,ILE,4.5,166.7,0.0,0,0,X,0.0,0.0,0.0,0.0,0.0,0.0,0.0,0.0,26,0.045228601991935104,27,32,-5,0,0,0,0,0,0,0,0,1
13pk,B,287,ASP,-3.5,111.1,-1.0,1,3,X,0.0,0.0,0.0,0.0,0.0,0.0,0.0,0.0,28,0.05455408693872585,22,32,-10,0,0,0,0,0,0,0,0,1
13pk,B,288,HIS,-3.2,153.2,0.1,2,1,X,0.0,0.0,0.0,0.0,0.0,0.0,0.0,0.0,40,0.05735173242276307,15,29,-14,0,0,0,0,0,0,0,0,1
13pk,B,289,VAL,4.2,140.0,0.0,0,0,X,0.0,0.0,0.0,0.0,0.0,0.0,0.0,0.0,43,0.05222271570202816,34,19,15,0,0,0,0,0,0,0,0,1
13pk,B,290,CYS,2.5,108.5,0.0,1,0,X,0.0,0.0,0.0,0.0,0.0,0.0,0.0,0.0,35,0.05408781269138631,39,21,18,0,0,0,0,0,0,0,0,1
13pk,B,291,HIS,-3.2,153.2,0.1,2,1,X,0.0,0.0,0.0,0.0,0.0,0.0,0.0,0.0,26,0.04942507021799094,24,14,10,0,0,0,0,0,0,0,0,1
13pk,B,292,THR,-0.7,116.1,0.0,1,1,X,0.0,0.0,0.0,0.0,0.0,0.0,0.0,0.0,22,0.032639197313767604,38,13,25,0,0,0,0,0,0,0,0,1
13pk,B,293,GLU,-3.5,138.4,-1.0,1,3,X,0.0,0.0,0.0,0.0,0.0,0.0,0.0,0.0,15,0.03310547156110714,34,0,34,0,0,0,0,0,0,0,0,1
13pk,B,294,PHE,2.8,189.9,0.0,0,0,X,0.0,0.0,0.0,0.0,0.0,0.0,0.0,0.0,21,0.03450429430312575,26,17,9,0,0,0,0,0,0,0,0,1
13pk,B,295,LYS,-3.9,168.6,1.0,2,0,X,0.0,0.0,0.0,0.0,0.0,0.0,0.0,0.0,16,0.03310547156110714,11,10,1,0,0,0,0,0,0,0,0,1
13pk,B,296,ALA,1.8,88.6,0.0,0,0,X,0.0,0.0,0.0,0.0,0.0,0.0,0.0,0.0,21,0.03823448828184205,22,21,1,0,0,0,0,0,0,0,0,1
13pk,B,297,VAL,4.2,140.0,0.0,0,0,X,0.0,0.0,0.0,0.0,0.0,0.0,0.0,0.0,17,0.030774100324409453,17,16,1,0,0,0,0,0,0,0,0,1
13pk,B,298,ASP,-3.5,111.1,-1.0,1,3,X,0.0,0.0,0.0,0.0,0.0,0.0,0.0,0.0,17,0.02098234113027917,10,0,10,0,0,0,0,0,0,0,0,1
13pk,B,299,SER,-0.8,89.0,0.0,1,1,X,0.0,0.0,0.0,0.0,0.0,0.0,0.0,0.0,15,0.02144861537761871,13,8,5,0,0,0,0,0,0,0,0,1
13pk,B,300,PRO,-1.6,112.7,0.0,0,0,X,0.0,0.0,0.0,0.0,0.0,0.0,0.0,0.0,26,0.03590311704514436,24,17,7,0,0,0,0,0,0,0,0,1
13pk,B,301,LEU,3.8,166.7,0.0,0,0,X,0.0,0.0,0.0,0.0,0.0,0.0,0.0,0.0,28,0.03310547156110714,27,16,11,0,0,0,0,0,0,0,0,1
13pk,B,302,ILE,4.5,166.7,0.0,0,0,X,0.0,0.0,0.0,0.0,0.0,0.0,0.0,0.0,27,0.0363693912924839,23,26,-3,0,0,0,0,0,0,0,0,1
13pk,B,303,THR,-0.7,116.1,0.0,1,1,X,0.0,0.0,0.0,0.0,0.0,0.0,0.0,0.0,27,0.043363505002576956,24,27,-3,0,0,0,0,0,0,0,0,1
13pk,B,304,GLU,-3.5,138.4,-1.0,1,3,X,0.0,0.0,0.0,0.0,0.0,0.0,0.0,0.0,16,0.028909003335051305,16,16,0,0,0,0,0,0,0,0,0,1
13pk,B,305,ASP,-3.5,111.1,-1.0,1,3,X,0.0,0.0,0.0,0.0,0.0,0.0,0.0,0.0,18,0.03683566553982344,15,17,-2,0,0,0,0,0,0,0,0,1
13pk,B,306,GLN,-3.5,143.8,0.0,2,2,X,0.0,0.0,0.0,0.0,0.0,0.0,0.0,0.0,25,0.04662742473395372,16,22,-6,0,0,0,0,0,0,0,0,1
13pk,B,307,ASN,-3.5,114.1,0.0,2,2,X,0.0,0.0,0.0,0.0,0.0,0.0,0.0,0.0,24,0.04429605349725603,13,23,-10,0,0,0,0,0,0,0,0,1
13pk,B,308,ILE,4.5,166.7,0.0,0,0,X,0.0,0.0,0.0,0.0,0.0,0.0,0.0,0.0,33,0.05035761871267001,38,25,13,0,0,0,0,0,0,0,0,1
13pk,B,309,PRO,-1.6,112.7,0.0,0,0,X,0.0,0.0,0.0,0.0,0.0,0.0,0.0,0.0,24,0.03170664881908853,33,15,18,0,0,0,0,0,0,0,0,1
13pk,B,310,GLU,-3.5,138.4,-1.0,1,3,X,0.0,0.0,0.0,0.0,0.0,0.0,0.0,0.0,14,0.027043906345693154,19,0,19,0,0,0,0,0,0,0,0,1
13pk,B,311,GLY,-0.4,60.1,0.0,0,0,X,0.0,0.0,0.0,0.0,0.0,0.0,0.0,0.0,17,0.027510180593032695,29,15,14,0,0,0,0,0,0,0,0,1
13pk,B,312,HIS,-3.2,153.2,0.1,2,1,X,0.0,0.0,0.0,0.0,0.0,0.0,0.0,0.0,25,0.04476232774459557,24,15,9,0,0,0,0,0,0,0,0,1
13pk,B,313,MET,1.9,162.9,0.0,0,0,X,0.0,0.0,0.0,0.0,0.0,0.0,0.0,0.0,29,0.05175644145468863,45,16,29,0,0,0,0,0,0,0,0,1
13pk,B,314,ALA,1.8,88.6,0.0,0,0,X,0.0,0.0,0.0,0.0,0.0,0.0,0.0,0.0,42,0.04942507021799094,41,15,26,0,0,0,0,0,0,0,0,1
13pk,B,315,LEU,3.8,166.7,0.0,0,0,X,0.0,0.0,0.0,0.0,0.0,0.0,0.0,0.0,40,0.04942507021799094,36,16,20,0,0,0,0,0,0,0,0,1
13pk,B,316,ASP,-3.5,111.1,-1.0,1,3,X,0.0,0.0,0.0,0.0,0.0,0.0,0.0,0.0,43,0.053621538444046775,20,9,11,0,0,0,0,0,0,0,0,1
13pk,B,317,ILE,4.5,166.7,0.0,0,0,X,0.0,0.0,0.0,0.0,0.0,0.0,0.0,0.0,45,0.05735173242276307,24,19,5,0,0,0,0,0,0,0,0,1
13pk,B,318,GLY,-0.4,60.1,0.0,0,0,X,0.0,0.0,0.0,0.0,0.0,0.0,0.0,0.0,38,0.04942507021799094,32,32,0,0,0,0,0,0,0,0,0,1
13pk,B,319,PRO,-1.6,112.7,0.0,0,0,X,0.0,0.0,0.0,0.0,0.0,0.0,0.0,0.0,23,0.035436842797804825,28,32,-4,0,0,0,0,0,0,0,0,1
13pk,B,320,LYS,-3.9,168.6,1.0,2,0,X,0.0,0.0,0.0,0.0,0.0,0.0,0.0,0.0,19,0.03403802005578621,14,31,-17,0,0,0,0,0,0,0,0,1
13pk,B,321,THR,-0.7,116.1,0.0,1,1,X,0.0,0.0,0.0,0.0,0.0,0.0,0.0,0.0,36,0.04616115048661418,30,27,3,0,0,0,0,0,0,0,0,1
13pk,B,322,ILE,4.5,166.7,0.0,0,0,X,0.0,0.0,0.0,0.0,0.0,0.0,0.0,0.0,32,0.045694876239274644,27,24,3,0,0,0,0,0,0,0,0,1
13pk,B,323,GLU,-3.5,138.4,-1.0,1,3,X,0.0,0.0,0.0,0.0,0.0,0.0,0.0,0.0,15,0.03403802005578621,18,5,13,0,0,0,0,0,0,0,0,1
13pk,B,324,LYS,-3.9,168.6,1.0,2,0,X,0.0,0.0,0.0,0.0,0.0,0.0,0.0,0.0,27,0.040565859518539735,13,10,3,0,0,0,0,0,0,0,0,1
13pk,B,325,TYR,-1.3,193.6,0.0,1,1,X,0.0,0.0,0.0,0.0,0.0,0.0,0.0,0.0,39,0.04755997322863279,16,9,7,0,0,0,0,0,0,0,0,1
13pk,B,326,VAL,4.2,140.0,0.0,0,0,X,0.0,0.0,0.0,0.0,0.0,0.0,0.0,0.0,32,0.04103213376587927,36,9,27,0,0,0,0,0,0,0,0,1
13pk,B,327,GLN,-3.5,143.8,0.0,2,2,X,0.0,0.0,0.0,0.0,0.0,0.0,0.0,0.0,21,0.03310547156110714,21,8,13,0,0,0,0,0,0,0,0,1
13pk,B,328,THR,-0.7,116.1,0.0,1,1,X,0.0,0.0,0.0,0.0,0.0,0.0,0.0,0.0,29,0.040099585271200194,19,8,11,0,0,0,0,0,0,0,0,1
13pk,B,329,ILE,4.5,166.7,0.0,0,0,X,0.0,0.0,0.0,0.0,0.0,0.0,0.0,0.0,37,0.04616115048661418,32,3,29,0,0,0,0,0,0,0,0,1
13pk,B,330,GLY,-0.4,60.1,0.0,0,0,X,0.0,0.0,0.0,0.0,0.0,0.0,0.0,0.0,26,0.030307826077069916,40,2,38,0,0,0,0,0,0,0,0,1
13pk,B,331,LYS,-3.9,168.6,1.0,2,0,X,0.0,0.0,0.0,0.0,0.0,0.0,0.0,0.0,21,0.02984155182973038,15,7,8,0,0,0,0,0,0,0,0,1
13pk,B,332,CYS,2.5,108.5,0.0,1,0,X,0.0,0.0,0.0,0.0,0.0,0.0,0.0,0.0,31,0.04429605349725603,31,8,23,0,0,0,0,0,0,0,0,1
13pk,B,333,LYS,-3.9,168.6,1.0,2,0,X,0.0,0.0,0.0,0.0,0.0,0.0,0.0,0.0,23,0.040099585271200194,21,3,18,0,0,0,0,0,0,0,0,1
13pk,B,334,SER,-0.8,89.0,0.0,1,1,X,0.0,0.0,0.0,0.0,0.0,0.0,0.0,0.0,36,0.04942507021799094,27,7,20,0,0,0,0,0,0,0,0,1
13pk,B,335,ALA,1.8,88.6,0.0,0,0,X,0.0,0.0,0.0,0.0,0.0,0.0,0.0,0.0,45,0.04942507021799094,15,1,14,0,0,0,0,0,0,0,0,1
13pk,B,336,ILE,4.5,166.7,0.0,0,0,X,0.0,0.0,0.0,0.0,0.0,0.0,0.0,0.0,45,0.043829779249916496,11,1,10,0,0,0,0,0,0,0,0,1
13pk,B,337,TRP,-0.9,227.8,0.0,1,0,X,0.0,0.0,0.0,0.0,0.0,0.0,0.0,0.0,48,0.04616115048661418,5,6,-1,0,0,0,0,0,0,0,0,1
13pk,B,338,ASN,-3.5,114.1,0.0,2,2,X,0.0,0.0,0.0,0.0,0.0,0.0,0.0,0.0,43,0.04942507021799094,14,8,6,0,0,0,0,0,0,0,0,1
13pk,B,339,GLY,-0.4,60.1,0.0,0,0,X,0.0,0.0,0.0,0.0,0.0,0.0,0.0,0.0,45,0.04989134446533048,10,9,1,0,0,0,0,0,0,0,0,1
13pk,B,340,PRO,-1.6,112.7,0.0,0,0,X,0.0,0.0,0.0,0.0,0.0,0.0,0.0,0.0,41,0.04989134446533048,6,22,-16,0,0,0,0,0,0,0,0,1
13pk,B,341,MET,1.9,162.9,0.0,0,0,X,0.0,0.0,0.0,0.0,0.0,0.0,0.0,0.0,44,0.05222271570202816,7,9,-2,0,0,0,0,0,0,0,0,1
13pk,B,342,GLY,-0.4,60.1,0.0,0,0,X,0.0,0.0,0.0,0.0,0.0,0.0,0.0,0.0,41,0.0526889899493677,5,24,-19,0,0,0,0,0,0,0,0,1
13pk,B,343,VAL,4.2,140.0,0.0,0,0,X,0.0,0.0,0.0,0.0,0.0,0.0,0.0,0.0,32,0.04476232774459557,7,21,-14,0,0,0,0,0,0,0,0,1
13pk,B,344,PHE,2.8,189.9,0.0,0,0,X,0.0,0.0,0.0,0.0,0.0,0.0,0.0,0.0,39,0.04942507021799094,8,23,-15,0,0,0,0,0,0,0,0,1
13pk,B,345,GLU,-3.5,138.4,-1.0,1,3,X,0.0,0.0,0.0,0.0,0.0,0.0,0.0,0.0,30,0.03357174580844668,13,9,4,0,0,0,0,0,0,0,0,1
13pk,B,346,MET,1.9,162.9,0.0,0,0,X,0.0,0.0,0.0,0.0,0.0,0.0,0.0,0.0,26,0.03776821403450251,19,19,0,0,0,0,0,0,0,0,0,1
13pk,B,347,VAL,4.2,140.0,0.0,0,0,X,0.0,0.0,0.0,0.0,0.0,0.0,0.0,0.0,33,0.03683566553982344,29,21,8,0,0,0,0,0,0,0,0,1
13pk,B,348,PRO,-1.6,112.7,0.0,0,0,X,0.0,0.0,0.0,0.0,0.0,0.0,0.0,0.0,29,0.04103213376587927,23,22,1,0,0,0,0,0,0,0,0,1
13pk,B,349,TYR,-1.3,193.6,0.0,1,1,X,0.0,0.0,0.0,0.0,0.0,0.0,0.0,0.0,33,0.05175644145468863,26,22,4,0,0,0,0,0,0,0,0,1
13pk,B,350,SER,-0.8,89.0,0.0,1,1,X,0.0,0.0,0.0,0.0,0.0,0.0,0.0,0.0,32,0.04989134446533048,18,17,1,0,0,0,0,0,0,0,0,1
13pk,B,351,LYS,-3.9,168.6,1.0,2,0,X,0.0,0.0,0.0,0.0,0.0,0.0,0.0,0.0,30,0.03823448828184205,4,11,-7,0,0,0,0,0,0,0,0,1
13pk,B,352,GLY,-0.4,60.1,0.0,0,0,X,0.0,0.0,0.0,0.0,0.0,0.0,0.0,0.0,37,0.04989134446533048,16,10,6,0,0,0,0,0,0,0,0,1
13pk,B,353,THR,-0.7,116.1,0.0,1,1,X,0.0,0.0,0.0,0.0,0.0,0.0,0.0,0.0,47,0.05129016720734909,14,17,-3,0,0,0,0,0,0,0,0,1
13pk,B,354,PHE,2.8,189.9,0.0,0,0,X,0.0,0.0,0.0,0.0,0.0,0.0,0.0,0.0,39,0.04243095650789788,28,19,9,0,0,0,0,0,0,0,0,1
13pk,B,355,ALA,1.8,88.6,0.0,0,0,X,0.0,0.0,0.0,0.0,0.0,0.0,0.0,0.0,35,0.0363693912924839,23,14,9,0,0,0,0,0,0,0,0,1
13pk,B,356,ILE,4.5,166.7,0.0,0,0,X,0.0,0.0,0.0,0.0,0.0,0.0,0.0,0.0,49,0.048958795970651406,18,10,8,0,0,0,0,0,0,0,0,1
13pk,B,357,ALA,1.8,88.6,0.0,0,0,X,0.0,0.0,0.0,0.0,0.0,0.0,0.0,0.0,41,0.04755997322863279,32,12,20,0,0,0,0,0,0,0,0,1
13pk,B,358,LYS,-3.9,168.6,1.0,2,0,X,0.0,0.0,0.0,0.0,0.0,0.0,0.0,0.0,28,0.03776821403450251,24,12,12,0,0,0,0,0,0,0,0,1
13pk,B,359,ALA,1.8,88.6,0.0,0,0,X,0.0,0.0,0.0,0.0,0.0,0.0,0.0,0.0,37,0.04196468226055834,35,15,20,0,0,0,0,0,0,0,0,1
13pk,B,360,MET,1.9,162.9,0.0,0,0,X,0.0,0.0,0.0,0.0,0.0,0.0,0.0,0.0,44,0.05175644145468863,32,10,22,0,0,0,0,0,0,0,0,1
13pk,B,361,GLY,-0.4,60.1,0.0,0,0,X,0.0,0.0,0.0,0.0,0.0,0.0,0.0,0.0,32,0.048958795970651406,55,18,37,0,0,0,0,0,0,0,0,1
13pk,B,362,ARG,-4.5,173.4,1.0,5,0,X,0.0,0.0,0.0,0.0,0.0,0.0,0.0,0.0,19,0.04289723075523742,37,14,23,0,0,0,0,0,0,0,0,1
13pk,B,363,GLY,-0.4,60.1,0.0,0,0,X,0.0,0.0,0.0,0.0,0.0,0.0,0.0,0.0,27,0.04616115048661418,55,14,41,0,0,0,0,0,0,0,0,1
13pk,B,364,THR,-0.7,116.1,0.0,1,1,X,0.0,0.0,0.0,0.0,0.0,0.0,0.0,0.0,28,0.04429605349725603,49,16,33,0,0,0,0,0,0,0,0,1
13pk,B,365,HIS,-3.2,153.2,0.1,2,1,X,0.0,0.0,0.0,0.0,0.0,0.0,0.0,0.0,17,0.0363693912924839,37,14,23,0,0,0,0,0,0,0,0,1
13pk,B,366,GLU,-3.5,138.4,-1.0,1,3,X,0.0,0.0,0.0,0.0,0.0,0.0,0.0,0.0,13,0.028909003335051305,41,1,40,0,0,0,0,0,0,0,0,1
13pk,B,367,HIS,-3.2,153.2,0.1,2,1,X,0.0,0.0,0.0,0.0,0.0,0.0,0.0,0.0,16,0.02471253510899547,29,9,20,0,0,0,0,0,0,0,0,1
13pk,B,368,GLY,-0.4,60.1,0.0,0,0,X,0.0,0.0,0.0,0.0,0.0,0.0,0.0,0.0,22,0.02797645484037223,33,6,27,0,0,0,0,0,0,0,0,1
13pk,B,369,LEU,3.8,166.7,0.0,0,0,X,0.0,0.0,0.0,0.0,0.0,0.0,0.0,0.0,36,0.04243095650789788,44,6,38,0,0,0,0,0,0,0,0,1
13pk,B,370,MET,1.9,162.9,0.0,0,0,X,0.0,0.0,0.0,0.0,0.0,0.0,0.0,0.0,33,0.04289723075523742,30,0,30,0,0,0,0,0,0,0,0,1
13pk,B,371,SER,-0.8,89.0,0.0,1,1,X,0.0,0.0,0.0,0.0,0.0,0.0,0.0,0.0,41,0.05129016720734909,33,4,29,0,0,0,0,0,0,0,0,1
13pk,B,372,ILE,4.5,166.7,0.0,0,0,X,0.0,0.0,0.0,0.0,0.0,0.0,0.0,0.0,40,0.05035761871267001,16,4,12,0,0,0,0,0,0,0,0,1
13pk,B,373,ILE,4.5,166.7,0.0,0,0,X,0.0,0.0,0.0,0.0,0.0,0.0,0.0,0.0,47,0.050823892960009553,15,13,2,0,0,0,0,0,0,0,0,1
13pk,B,374,GLY,-0.4,60.1,0.0,0,0,X,0.0,0.0,0.0,0.0,0.0,0.0,0.0,0.0,40,0.05222271570202816,19,11,8,0,0,0,0,0,0,0,0,1
13pk,B,375,GLY,-0.4,60.1,0.0,0,0,X,0.0,0.0,0.0,0.0,0.0,0.0,0.0,0.0,40,0.040565859518539735,17,15,2,0,0,0,0,0,0,0,0,1
13pk,B,376,GLY,-0.4,60.1,0.0,0,0,X,0.0,0.0,0.0,0.0,0.0,0.0,0.0,0.0,38,0.045228601991935104,15,24,-9,0,0,0,0,0,0,0,0,1
13pk,B,377,ASP,-3.5,111.1,-1.0,1,3,X,0.0,0.0,0.0,0.0,0.0,0.0,0.0,0.0,37,0.034970568550465285,12,8,4,0,0,0,0,0,0,0,0,1
13pk,B,378,SER,-0.8,89.0,0.0,1,1,X,0.0,0.0,0.0,0.0,0.0,0.0,0.0,0.0,43,0.045228601991935104,7,18,-11,0,0,0,0,0,0,0,0,1
13pk,B,379,ALA,1.8,88.6,0.0,0,0,X,0.0,0.0,0.0,0.0,0.0,0.0,0.0,0.0,43,0.045694876239274644,15,26,-11,0,0,0,0,0,0,0,0,1
13pk,B,380,SER,-0.8,89.0,0.0,1,1,X,0.0,0.0,0.0,0.0,0.0,0.0,0.0,0.0,40,0.043829779249916496,11,32,-21,0,0,0,0,0,0,0,0,1
13pk,B,381,ALA,1.8,88.6,0.0,0,0,X,0.0,0.0,0.0,0.0,0.0,0.0,0.0,0.0,42,0.04709369898129325,7,31,-24,0,0,0,0,0,0,0,0,1
13pk,B,382,ALA,1.8,88.6,0.0,0,0,X,0.0,0.0,0.0,0.0,0.0,0.0,0.0,0.0,37,0.048958795970651406,27,23,4,0,0,0,0,0,0,0,0,1
13pk,B,383,GLU,-3.5,138.4,-1.0,1,3,X,0.0,0.0,0.0,0.0,0.0,0.0,0.0,0.0,35,0.04429605349725603,28,18,10,0,0,0,0,0,0,0,0,1
13pk,B,384,LEU,3.8,166.7,0.0,0,0,X,0.0,0.0,0.0,0.0,0.0,0.0,0.0,0.0,38,0.043829779249916496,20,21,-1,0,0,0,0,0,0,0,0,1
13pk,B,385,SER,-0.8,89.0,0.0,1,1,X,0.0,0.0,0.0,0.0,0.0,0.0,0.0,0.0,37,0.04243095650789788,41,18,23,0,0,0,0,0,0,0,0,1
13pk,B,386,GLY,-0.4,60.1,0.0,0,0,X,0.0,0.0,0.0,0.0,0.0,0.0,0.0,0.0,30,0.04103213376587927,43,18,25,0,0,0,0,0,0,0,0,1
13pk,B,387,GLU,-3.5,138.4,-1.0,1,3,X,0.0,0.0,0.0,0.0,0.0,0.0,0.0,0.0,35,0.043829779249916496,47,6,41,0,0,0,0,0,0,0,0,1
13pk,B,388,ALA,1.8,88.6,0.0,0,0,X,0.0,0.0,0.0,0.0,0.0,0.0,0.0,0.0,33,0.04196468226055834,34,18,16,0,0,0,0,0,0,0,0,1
13pk,B,389,LYS,-3.9,168.6,1.0,2,0,X,0.0,0.0,0.0,0.0,0.0,0.0,0.0,0.0,21,0.02611135785101408,28,18,10,0,0,0,0,0,0,0,0,1
13pk,B,390,ARG,-4.5,173.4,1.0,5,0,X,0.0,0.0,0.0,0.0,0.0,0.0,0.0,0.0,27,0.03683566553982344,40,17,23,0,0,0,0,0,0,0,0,1
13pk,B,391,MET,1.9,162.9,0.0,0,0,X,0.0,0.0,0.0,0.0,0.0,0.0,0.0,0.0,35,0.04709369898129325,44,12,32,0,0,0,0,0,0,0,0,1
13pk,B,392,SER,-0.8,89.0,0.0,1,1,X,0.0,0.0,0.0,0.0,0.0,0.0,0.0,0.0,28,0.03823448828184205,29,2,27,0,0,0,0,0,0,0,0,1
13pk,B,393,HIS,-3.2,153.2,0.1,2,1,X,0.0,0.0,0.0,0.0,0.0,0.0,0.0,0.0,35,0.040099585271200194,23,9,14,0,0,0,0,0,0,0,0,1
13pk,B,394,VAL,4.2,140.0,0.0,0,0,X,0.0,0.0,0.0,0.0,0.0,0.0,0.0,0.0,35,0.043363505002576956,33,17,16,0,0,0,0,0,0,0,0,1
13pk,B,395,SER,-0.8,89.0,0.0,1,1,X,0.0,0.0,0.0,0.0,0.0,0.0,0.0,0.0,38,0.048492521723311866,29,12,17,0,0,0,0,0,0,0,0,1
13pk,B,396,THR,-0.7,116.1,0.0,1,1,X,0.0,0.0,0.0,0.0,0.0,0.0,0.0,0.0,42,0.04942507021799094,29,27,2,0,0,0,0,0,0,0,0,1
13pk,B,397,GLY,-0.4,60.1,0.0,0,0,X,0.0,0.0,0.0,0.0,0.0,0.0,0.0,0.0,40,0.04476232774459557,26,18,8,0,0,0,0,0,0,0,0,1
13pk,B,398,GLY,-0.4,60.1,0.0,0,0,X,0.0,0.0,0.0,0.0,0.0,0.0,0.0,0.0,44,0.04103213376587927,32,18,14,0,0,0,0,0,0,0,0,1
13pk,B,399,GLY,-0.4,60.1,0.0,0,0,X,0.0,0.0,0.0,0.0,0.0,0.0,0.0,0.0,46,0.04196468226055834,42,18,24,0,0,0,0,0,0,0,0,1
13pk,B,400,ALA,1.8,88.6,0.0,0,0,X,0.0,0.0,0.0,0.0,0.0,0.0,0.0,0.0,37,0.04709369898129325,35,18,17,0,0,0,0,0,0,0,0,1
13pk,B,401,SER,-0.8,89.0,0.0,1,1,X,0.0,0.0,0.0,0.0,0.0,0.0,0.0,0.0,41,0.04476232774459557,18,20,-2,0,0,0,0,0,0,0,0,1
13pk,B,402,LEU,3.8,166.7,0.0,0,0,X,0.0,0.0,0.0,0.0,0.0,0.0,0.0,0.0,44,0.043363505002576956,20,20,0,0,0,0,0,0,0,0,0,1
13pk,B,403,GLU,-3.5,138.4,-1.0,1,3,X,0.0,0.0,0.0,0.0,0.0,0.0,0.0,0.0,29,0.04709369898129325,34,15,19,0,0,0,0,0,0,0,0,1
13pk,B,404,LEU,3.8,166.7,0.0,0,0,X,0.0,0.0,0.0,0.0,0.0,0.0,0.0,0.0,32,0.04662742473395372,27,21,6,0,0,0,0,0,0,0,0,1
13pk,B,405,LEU,3.8,166.7,0.0,0,0,X,0.0,0.0,0.0,0.0,0.0,0.0,0.0,0.0,31,0.04476232774459557,21,19,2,0,0,0,0,0,0,0,0,1
13pk,B,406,GLU,-3.5,138.4,-1.0,1,3,X,0.0,0.0,0.0,0.0,0.0,0.0,0.0,0.0,22,0.04196468226055834,20,14,6,0,0,0,0,0,0,0,0,1
13pk,B,407,GLY,-0.4,60.1,0.0,0,0,X,0.0,0.0,0.0,0.0,0.0,0.0,0.0,0.0,17,0.02797645484037223,18,17,1,0,0,0,0,0,0,0,0,1
13pk,B,408,LYS,-3.9,168.6,1.0,2,0,X,0.0,0.0,0.0,0.0,0.0,0.0,0.0,0.0,20,0.025178809356335007,13,18,-5,0,0,0,0,0,0,0,0,1
13pk,B,409,THR,-0.7,116.1,0.0,1,1,X,0.0,0.0,0.0,0.0,0.0,0.0,0.0,0.0,16,0.024246260861655933,16,14,2,0,0,0,0,0,0,0,0,1
13pk,B,410,LEU,3.8,166.7,0.0,0,0,X,0.0,0.0,0.0,0.0,0.0,0.0,0.0,0.0,29,0.0363693912924839,29,15,14,0,0,0,0,0,0,0,0,1
13pk,B,411,PRO,-1.6,112.7,0.0,0,0,X,0.0,0.0,0.0,0.0,0.0,0.0,0.0,0.0,27,0.03823448828184205,32,12,20,0,0,0,0,0,0,0,0,1
13pk,B,412,GLY,-0.4,60.1,0.0,0,0,X,0.0,0.0,0.0,0.0,0.0,0.0,0.0,0.0,38,0.05175644145468863,26,13,13,0,0,0,0,0,0,0,0,1
13pk,B,413,VAL,4.2,140.0,0.0,0,0,X,0.0,0.0,0.0,0.0,0.0,0.0,0.0,0.0,37,0.040099585271200194,25,23,2,0,0,0,0,0,0,0,0,1
13pk,B,414,THR,-0.7,116.1,0.0,1,1,X,0.0,0.0,0.0,0.0,0.0,0.0,0.0,0.0,23,0.032172923066428064,14,24,-10,0,0,0,0,0,0,0,0,1
13pk,B,415,VAL,4.2,140.0,0.0,0,0,X,0.0,0.0,0.0,0.0,0.0,0.0,0.0,0.0,34,0.03683566553982344,18,21,-3,0,0,0,0,0,0,0,0,1
13pk,B,416,LEU,3.8,166.7,0.0,0,0,X,0.0,0.0,0.0,0.0,0.0,0.0,0.0,0.0,35,0.04662742473395372,30,22,8,0,0,0,0,0,0,0,0,1
13pk,B,417,ASP,-3.5,111.1,-1.0,1,3,X,0.0,0.0,0.0,0.0,0.0,0.0,0.0,0.0,26,0.03916703677652112,30,19,11,0,0,0,0,0,0,0,0,1
13pk,B,418,ASP,-3.5,111.1,-1.0,1,3,X,0.0,0.0,0.0,0.0,0.0,0.0,0.0,0.0,14,0.030774100324409453,27,18,9,0,0,0,0,0,0,0,0,1
13pk,B,419,LYS,-3.9,168.6,1.0,2,0,X,0.0,0.0,0.0,0.0,0.0,0.0,0.0,0.0,14,0.027043906345693154,18,34,-16,0,0,0,0,0,0,0,0,1
13pk,C,5,GLU,-3.5,138.4,-1.0,1,3,X,0.0,0.0,0.0,0.0,0.0,0.0,0.0,0.0,13,0.020049792635600097,24,21,3,0,0,0,0,0,0,0,0,1
13pk,C,6,LYS,-3.9,168.6,1.0,2,0,X,0.0,0.0,0.0,0.0,0.0,0.0,0.0,0.0,23,0.03730193978716297,18,39,-21,0,0,0,0,0,0,0,0,1
13pk,C,7,LYS,-3.9,168.6,1.0,2,0,X,0.0,0.0,0.0,0.0,0.0,0.0,0.0,0.0,26,0.045694876239274644,19,36,-17,0,0,0,0,0,0,0,0,1
13pk,C,8,SER,-0.8,89.0,0.0,1,1,X,0.0,0.0,0.0,0.0,0.0,0.0,0.0,0.0,29,0.04289723075523742,30,36,-6,0,0,0,0,0,0,0,0,1
13pk,C,9,ILE,4.5,166.7,0.0,0,0,X,0.0,0.0,0.0,0.0,0.0,0.0,0.0,0.0,32,0.04942507021799094,24,33,-9,0,0,0,0,0,0,0,0,1
13pk,C,10,ASN,-3.5,114.1,0.0,2,2,X,0.0,0.0,0.0,0.0,0.0,0.0,0.0,0.0,21,0.03124037457174899,22,22,0,0,0,0,0,0,0,0,0,1
13pk,C,11,GLU,-3.5,138.4,-1.0,1,3,X,0.0,0.0,0.0,0.0,0.0,0.0,0.0,0.0,21,0.02611135785101408,28,19,9,0,0,0,0,0,0,0,0,1
13pk,C,12,CYS,2.5,108.5,0.0,1,0,X,0.0,0.0,0.0,0.0,0.0,0.0,0.0,0.0,25,0.03170664881908853,27,30,-3,0,0,0,0,0,0,0,0,1
13pk,C,13,ASP,-3.5,111.1,-1.0,1,3,X,0.0,0.0,0.0,0.0,0.0,0.0,0.0,0.0,21,0.025645083603674543,26,20,6,0,0,0,0,0,0,0,0,1
13pk,C,14,LEU,3.8,166.7,0.0,0,0,X,0.0,0.0,0.0,0.0,0.0,0.0,0.0,0.0,34,0.04289723075523742,36,28,8,0,0,0,0,0,0,0,0,1
13pk,C,15,LYS,-3.9,168.6,1.0,2,0,X,0.0,0.0,0.0,0.0,0.0,0.0,0.0,0.0,20,0.032172923066428064,12,19,-7,0,0,0,0,0,0,0,0,1
13pk,C,16,GLY,-0.4,60.1,0.0,0,0,X,0.0,0.0,0.0,0.0,0.0,0.0,0.0,0.0,21,0.030307826077069916,27,23,4,0,0,0,0,0,0,0,0,1
13pk,C,17,LYS,-3.9,168.6,1.0,2,0,X,0.0,0.0,0.0,0.0,0.0,0.0,0.0,0.0,25,0.03963331102386066,16,22,-6,0,0,0,0,0,0,0,0,1
13pk,C,18,LYS,-3.9,168.6,1.0,2,0,X,0.0,0.0,0.0,0.0,0.0,0.0,0.0,0.0,36,0.048492521723311866,15,16,-1,0,0,0,0,0,0,0,0,1
13pk,C,19,VAL,4.2,140.0,0.0,0,0,X,0.0,0.0,0.0,0.0,0.0,0.0,0.0,0.0,46,0.05175644145468863,25,15,10,0,0,0,0,0,0,0,0,1
13pk,C,20,LEU,3.8,166.7,0.0,0,0,X,0.0,0.0,0.0,0.0,0.0,0.0,0.0,0.0,39,0.05408781269138631,18,9,9,0,0,0,0,0,0,0,0,1
13pk,C,21,ILE,4.5,166.7,0.0,0,0,X,0.0,0.0,0.0,0.0,0.0,0.0,0.0,0.0,41,0.050823892960009553,15,10,5,0,0,0,0,0,0,0,0,1
13pk,C,22,ARG,-4.5,173.4,1.0,5,0,X,0.0,0.0,0.0,0.0,0.0,0.0,0.0,0.0,44,0.053155264196707235,16,22,-6,0,0,0,0,0,0,0,0,1
13pk,C,23,VAL,4.2,140.0,0.0,0,0,X,0.0,0.0,0.0,0.0,0.0,0.0,0.0,0.0,43,0.05035761871267001,29,16,13,0,0,0,0,0,0,0,0,1
13pk,C,24,ASP,-3.5,111.1,-1.0,1,3,X,0.0,0.0,0.0,0.0,0.0,0.0,0.0,0.0,40,0.053621538444046775,37,13,24,0,0,0,0,0,0,0,0,1
13pk,C,25,PHE,2.8,189.9,0.0,0,0,X,0.0,0.0,0.0,0.0,0.0,0.0,0.0,0.0,46,0.048492521723311866,45,21,24,0,0,0,0,0,0,0,0,1
13pk,C,26,ASN,-3.5,114.1,0.0,2,2,X,0.0,0.0,0.0,0.0,0.0,0.0,0.0,0.0,37,0.04476232774459557,43,16,27,0,0,0,0,0,0,0,0,1
13pk,C,27,VAL,4.2,140.0,0.0,0,0,X,0.0,0.0,0.0,0.0,0.0,0.0,0.0,0.0,33,0.048492521723311866,36,22,14,0,0,0,0,0,0,0,0,1
13pk,C,28,PRO,-1.6,112.7,0.0,0,0,X,0.0,0.0,0.0,0.0,0.0,0.0,0.0,0.0,37,0.03730193978716297,27,24,3,0,0,0,0,0,0,0,0,1
13pk,C,29,VAL,4.2,140.0,0.0,0,0,X,0.0,0.0,0.0,0.0,0.0,0.0,0.0,0.0,28,0.03450429430312575,25,17,8,0,0,0,0,0,0,0,0,1
13pk,C,30,LYS,-3.9,168.6,1.0,2,0,X,0.0,0.0,0.0,0.0,0.0,0.0,0.0,0.0,29,0.025178809356335007,17,35,-18,0,0,0,0,0,0,0,0,1
13pk,C,31,ASN,-3.5,114.1,0.0,2,2,X,0.0,0.0,0.0,0.0,0.0,0.0,0.0,0.0,28,0.034970568550465285,37,31,6,0,0,0,0,0,0,0,0,1
13pk,C,32,GLY,-0.4,60.1,0.0,0,0,X,0.0,0.0,0.0,0.0,0.0,0.0,0.0,0.0,31,0.03916703677652112,42,15,27,0,0,0,0,0,0,0,0,1
13pk,C,33,LYS,-3.9,168.6,1.0,2,0,X,0.0,0.0,0.0,0.0,0.0,0.0,0.0,0.0,29,0.03730193978716297,34,20,14,0,0,0,0,0,0,0,0,1
13pk,C,34,ILE,4.5,166.7,0.0,0,0,X,0.0,0.0,0.0,0.0,0.0,0.0,0.0,0.0,33,0.04662742473395372,55,23,32,0,0,0,0,0,0,0,0,1
13pk,C,35,THR,-0.7,116.1,0.0,1,1,X,0.0,0.0,0.0,0.0,0.0,0.0,0.0,0.0,33,0.045694876239274644,33,33,0,0,0,0,0,0,0,0,0,1
13pk,C,36,ASN,-3.5,114.1,0.0,2,2,X,0.0,0.0,0.0,0.0,0.0,0.0,0.0,0.0,33,0.048026247475972325,44,34,10,0,0,0,0,0,0,0,0,1
13pk,C,37,ASP,-3.5,111.1,-1.0,1,3,X,0.0,0.0,0.0,0.0,0.0,0.0,0.0,0.0,28,0.04755997322863279,46,14,32,0,0,0,0,0,0,0,0,1
13pk,C,38,TYR,-1.3,193.6,0.0,1,1,X,0.0,0.0,0.0,0.0,0.0,0.0,0.0,0.0,37,0.04243095650789788,39,28,11,0,0,0,0,0,0,0,0,1
13pk,C,39,ARG,-4.5,173.4,1.0,5,0,X,0.0,0.0,0.0,0.0,0.0,0.0,0.0,0.0,39,0.05175644145468863,18,26,-8,0,0,0,0,0,0,0,0,1
13pk,C,40,ILE,4.5,166.7,0.0,0,0,X,0.0,0.0,0.0,0.0,0.0,0.0,0.0,0.0,37,0.05175644145468863,34,22,12,0,0,0,0,0,0,0,0,1
13pk,C,41,ARG,-4.5,173.4,1.0,5,0,X,0.0,0.0,0.0,0.0,0.0,0.0,0.0,0.0,28,0.04243095650789788,23,31,-8,0,0,0,0,0,0,0,0,1
13pk,C,42,SER,-0.8,89.0,0.0,1,1,X,0.0,0.0,0.0,0.0,0.0,0.0,0.0,0.0,36,0.04103213376587927,30,37,-7,0,0,0,0,0,0,0,0,1
13pk,C,43,ALA,1.8,88.6,0.0,0,0,X,0.0,0.0,0.0,0.0,0.0,0.0,0.0,0.0,44,0.048026247475972325,31,20,11,0,0,0,0,0,0,0,0,1
13pk,C,44,LEU,3.8,166.7,0.0,0,0,X,0.0,0.0,0.0,0.0,0.0,0.0,0.0,0.0,43,0.045694876239274644,33,20,13,0,0,0,0,0,0,0,0,1
13pk,C,45,PRO,-1.6,112.7,0.0,0,0,X,0.0,0.0,0.0,0.0,0.0,0.0,0.0,0.0,38,0.04662742473395372,33,20,13,0,0,0,0,0,0,0,0,1
13pk,C,46,THR,-0.7,116.1,0.0,1,1,X,0.0,0.0,0.0,0.0,0.0,0.0,0.0,0.0,43,0.048026247475972325,25,18,7,0,0,0,0,0,0,0,0,1
13pk,C,47,LEU,3.8,166.7,0.0,0,0,X,0.0,0.0,0.0,0.0,0.0,0.0,0.0,0.0,43,0.045228601991935104,29,9,20,0,0,0,0,0,0,0,0,1
13pk,C,48,LYS,-3.9,168.6,1.0,2,0,X,0.0,0.0,0.0,0.0,0.0,0.0,0.0,0.0,34,0.04616115048661418,15,14,1,0,0,0,0,0,0,0,0,1
13pk,C,49,LYS,-3.9,168.6,1.0,2,0,X,0.0,0.0,0.0,0.0,0.0,0.0,0.0,0.0,34,0.04196468226055834,13,15,-2,0,0,0,0,0,0,0,0,1
13pk,C,50,VAL,4.2,140.0,0.0,0,0,X,0.0,0.0,0.0,0.0,0.0,0.0,0.0,0.0,40,0.048026247475972325,43,17,26,0,0,0,0,0,0,0,0,1
13pk,C,51,LEU,3.8,166.7,0.0,0,0,X,0.0,0.0,0.0,0.0,0.0,0.0,0.0,0.0,39,0.043829779249916496,31,18,13,0,0,0,0,0,0,0,0,1
13pk,C,52,THR,-0.7,116.1,0.0,1,1,X,0.0,0.0,0.0,0.0,0.0,0.0,0.0,0.0,29,0.035436842797804825,38,9,29,0,0,0,0,0,0,0,0,1
13pk,C,53,GLU,-3.5,138.4,-1.0,1,3,X,0.0,0.0,0.0,0.0,0.0,0.0,0.0,0.0,26,0.03357174580844668,38,9,29,0,0,0,0,0,0,0,0,1
13pk,C,54,GLY,-0.4,60.1,0.0,0,0,X,0.0,0.0,0.0,0.0,0.0,0.0,0.0,0.0,26,0.03823448828184205,33,26,7,0,0,0,0,0,0,0,0,1
13pk,C,55,GLY,-0.4,60.1,0.0,0,0,X,0.0,0.0,0.0,0.0,0.0,0.0,0.0,0.0,32,0.04989134446533048,40,24,16,0,0,0,0,0,0,0,0,1
13pk,C,56,SER,-0.8,89.0,0.0,1,1,X,0.0,0.0,0.0,0.0,0.0,0.0,0.0,0.0,36,0.05035761871267001,28,21,7,0,0,0,0,0,0,0,0,1
13pk,C,57,CYS,2.5,108.5,0.0,1,0,X,0.0,0.0,0.0,0.0,0.0,0.0,0.0,0.0,43,0.05129016720734909,26,9,17,0,0,0,0,0,0,0,0,1
13pk,C,58,VAL,4.2,140.0,0.0,0,0,X,0.0,0.0,0.0,0.0,0.0,0.0,0.0,0.0,44,0.05175644145468863,16,9,7,0,0,0,0,0,0,0,0,1
13pk,C,59,LEU,3.8,166.7,0.0,0,0,X,0.0,0.0,0.0,0.0,0.0,0.0,0.0,0.0,41,0.048026247475972325,12,11,1,0,0,0,0,0,0,0,0,1
13pk,C,60,MET,1.9,162.9,0.0,0,0,X,0.0,0.0,0.0,0.0,0.0,0.0,0.0,0.0,42,0.05175644145468863,20,17,3,0,0,0,0,0,0,0,0,1
13pk,C,61,SER,-0.8,89.0,0.0,1,1,X,0.0,0.0,0.0,0.0,0.0,0.0,0.0,0.0,41,0.05502036118606539,33,22,11,0,0,0,0,0,0,0,0,1
13pk,C,62,HIS,-3.2,153.2,0.1,2,1,X,0.0,0.0,0.0,0.0,0.0,0.0,0.0,0.0,35,0.05408781269138631,42,19,23,0,0,0,0,0,0,0,0,1
13pk,C,63,LEU,3.8,166.7,0.0,0,0,X,0.0,0.0,0.0,0.0,0.0,0.0,0.0,0.0,35,0.048026247475972325,44,15,29,0,0,0,0,0,0,0,0,1
13pk,C,64,GLY,-0.4,60.1,0.0,0,0,X,0.0,0.0,0.0,0.0,0.0,0.0,0.0,0.0,28,0.03403802005578621,54,4,50,0,0,0,0,0,0,0,0,1
13pk,C,65,ARG,-4.5,173.4,1.0,5,0,X,0.0,0.0,0.0,0.0,0.0,0.0,0.0,0.0,18,0.030307826077069916,43,7,36,0,0,0,0,0,0,0,0,1
13pk,C,66,PRO,-1.6,112.7,0.0,0,0,X,0.0,0.0,0.0,0.0,0.0,0.0,0.0,0.0,26,0.03870076252918159,56,4,52,0,0,0,0,0,0,0,0,1
13pk,C,67,LYS,-3.9,168.6,1.0,2,0,X,0.0,0.0,0.0,0.0,0.0,0.0,0.0,0.0,17,0.02611135785101408,25,0,25,0,0,0,0,0,0,0,0,1
13pk,C,68,GLY,-0.4,60.1,0.0,0,0,X,0.0,0.0,0.0,0.0,0.0,0.0,0.0,0.0,24,0.04289723075523742,31,11,20,0,0,0,0,0,0,0,0,1
13pk,C,69,ILE,4.5,166.7,0.0,0,0,X,0.0,0.0,0.0,0.0,0.0,0.0,0.0,0.0,28,0.04289723075523742,27,12,15,0,0,0,0,0,0,0,0,1
13pk,C,70,PRO,-1.6,112.7,0.0,0,0,X,0.0,0.0,0.0,0.0,0.0,0.0,0.0,0.0,23,0.03403802005578621,22,14,8,0,0,0,0,0,0,0,0,1
13pk,C,71,MET,1.9,162.9,0.0,0,0,X,0.0,0.0,0.0,0.0,0.0,0.0,0.0,0.0,30,0.04103213376587927,23,25,-2,0,0,0,0,0,0,0,0,1
13pk,C,72,ALA,1.8,88.6,0.0,0,0,X,0.0,0.0,0.0,0.0,0.0,0.0,0.0,0.0,14,0.02611135785101408,19,6,13,0,0,0,0,0,0,0,0,1
13pk,C,73,GLN,-3.5,143.8,0.0,2,2,X,0.0,0.0,0.0,0.0,0.0,0.0,0.0,0.0,16,0.030307826077069916,22,4,18,0,0,0,0,0,0,0,0,1
13pk,C,74,ALA,1.8,88.6,0.0,0,0,X,0.0,0.0,0.0,0.0,0.0,0.0,0.0,0.0,25,0.04476232774459557,21,8,13,0,0,0,0,0,0,0,0,1
13pk,C,75,GLY,-0.4,60.1,0.0,0,0,X,0.0,0.0,0.0,0.0,0.0,0.0,0.0,0.0,20,0.028909003335051305,20,3,17,0,0,0,0,0,0,0,0,1
13pk,C,76,LYS,-3.9,168.6,1.0,2,0,X,0.0,0.0,0.0,0.0,0.0,0.0,0.0,0.0,14,0.027043906345693154,11,0,11,0,0,0,0,0,0,0,0,1
13pk,C,77,ILE,4.5,166.7,0.0,0,0,X,0.0,0.0,0.0,0.0,0.0,0.0,0.0,0.0,20,0.03450429430312575,20,4,16,0,0,0,0,0,0,0,0,1
13pk,C,78,ARG,-4.5,173.4,1.0,5,0,X,0.0,0.0,0.0,0.0,0.0,0.0,0.0,0.0,23,0.034970568550465285,9,8,1,0,0,0,0,0,0,0,0,1
13pk,C,79,SER,-0.8,89.0,0.0,1,1,X,0.0,0.0,0.0,0.0,0.0,0.0,0.0,0.0,13,0.021914889624958248,18,1,17,0,0,0,0,0,0,0,0,1
13pk,C,80,THR,-0.7,116.1,0.0,1,1,X,0.0,0.0,0.0,0.0,0.0,0.0,0.0,0.0,11,0.020516066882939634,14,0,14,0,0,0,0,0,0,0,0,1
13pk,C,81,GLY,-0.4,60.1,0.0,0,0,X,0.0,0.0,0.0,0.0,0.0,0.0,0.0,0.0,14,0.020049792635600097,14,3,11,0,0,0,0,0,0,0,0,1
13pk,C,82,GLY,-0.4,60.1,0.0,0,0,X,0.0,0.0,0.0,0.0,0.0,0.0,0.0,0.0,19,0.02611135785101408,16,7,9,0,0,0,0,0,0,0,0,1
13pk,C,83,VAL,4.2,140.0,0.0,0,0,X,0.0,0.0,0.0,0.0,0.0,0.0,0.0,0.0,28,0.03823448828184205,13,16,-3,0,0,0,0,0,0,0,0,1
13pk,C,84,PRO,-1.6,112.7,0.0,0,0,X,0.0,0.0,0.0,0.0,0.0,0.0,0.0,0.0,33,0.045228601991935104,20,17,3,0,0,0,0,0,0,0,0,1
13pk,C,85,GLY,-0.4,60.1,0.0,0,0,X,0.0,0.0,0.0,0.0,0.0,0.0,0.0,0.0,31,0.043363505002576956,28,14,14,0,0,0,0,0,0,0,0,1
13pk,C,86,PHE,2.8,189.9,0.0,0,0,X,0.0,0.0,0.0,0.0,0.0,0.0,0.0,0.0,27,0.040099585271200194,15,12,3,0,0,0,0,0,0,0,0,1
13pk,C,87,GLN,-3.5,143.8,0.0,2,2,X,0.0,0.0,0.0,0.0,0.0,0.0,0.0,0.0,23,0.03450429430312575,29,4,25,0,0,0,0,0,0,0,0,1
13pk,C,88,GLN,-3.5,143.8,0.0,2,2,X,0.0,0.0,0.0,0.0,0.0,0.0,0.0,0.0,28,0.03357174580844668,34,13,21,0,0,0,0,0,0,0,0,1
13pk,C,89,LYS,-3.9,168.6,1.0,2,0,X,0.0,0.0,0.0,0.0,0.0,0.0,0.0,0.0,27,0.03310547156110714,20,5,15,0,0,0,0,0,0,0,0,1
13pk,C,90,ALA,1.8,88.6,0.0,0,0,X,0.0,0.0,0.0,0.0,0.0,0.0,0.0,0.0,33,0.04709369898129325,36,11,25,0,0,0,0,0,0,0,0,1
13pk,C,91,THR,-0.7,116.1,0.0,1,1,X,0.0,0.0,0.0,0.0,0.0,0.0,0.0,0.0,37,0.04989134446533048,25,18,7,0,0,0,0,0,0,0,0,1
13pk,C,92,LEU,3.8,166.7,0.0,0,0,X,0.0,0.0,0.0,0.0,0.0,0.0,0.0,0.0,44,0.053621538444046775,28,13,15,0,0,0,0,0,0,0,0,1
13pk,C,93,LYS,-3.9,168.6,1.0,2,0,X,0.0,0.0,0.0,0.0,0.0,0.0,0.0,0.0,27,0.04103213376587927,13,17,-4,0,0,0,0,0,0,0,0,1
13pk,C,94,PRO,-1.6,112.7,0.0,0,0,X,0.0,0.0,0.0,0.0,0.0,0.0,0.0,0.0,31,0.04103213376587927,43,16,27,0,0,0,0,0,0,0,0,1
13pk,C,95,VAL,4.2,140.0,0.0,0,0,X,0.0,0.0,0.0,0.0,0.0,0.0,0.0,0.0,41,0.04616115048661418,39,23,16,0,0,0,0,0,0,0,0,1
13pk,C,96,ALA,1.8,88.6,0.0,0,0,X,0.0,0.0,0.0,0.0,0.0,0.0,0.0,0.0,29,0.048492521723311866,30,11,19,0,0,0,0,0,0,0,0,1
13pk,C,97,LYS,-3.9,168.6,1.0,2,0,X,0.0,0.0,0.0,0.0,0.0,0.0,0.0,0.0,23,0.03823448828184205,35,11,24,0,0,0,0,0,0,0,0,1
13pk,C,98,ARG,-4.5,173.4,1.0,5,0,X,0.0,0.0,0.0,0.0,0.0,0.0,0.0,0.0,29,0.04103213376587927,34,28,6,0,0,0,0,0,0,0,0,1
13pk,C,99,LEU,3.8,166.7,0.0,0,0,X,0.0,0.0,0.0,0.0,0.0,0.0,0.0,0.0,38,0.04942507021799094,39,14,25,0,0,0,0,0,0,0,0,1
13pk,C,100,SER,-0.8,89.0,0.0,1,1,X,0.0,0.0,0.0,0.0,0.0,0.0,0.0,0.0,31,0.04476232774459557,43,9,34,0,0,0,0,0,0,0,0,1
13pk,C,101,GLU,-3.5,138.4,-1.0,1,3,X,0.0,0.0,0.0,0.0,0.0,0.0,0.0,0.0,26,0.048958795970651406,50,8,42,0,0,0,0,0,0,0,0,1
13pk,C,102,LEU,3.8,166.7,0.0,0,0,X,0.0,0.0,0.0,0.0,0.0,0.0,0.0,0.0,33,0.04196468226055834,43,32,11,0,0,0,0,0,0,0,0,1
13pk,C,103,LEU,3.8,166.7,0.0,0,0,X,0.0,0.0,0.0,0.0,0.0,0.0,0.0,0.0,40,0.04149840801321881,34,17,17,0,0,0,0,0,0,0,0,1
13pk,C,104,LEU,3.8,166.7,0.0,0,0,X,0.0,0.0,0.0,0.0,0.0,0.0,0.0,0.0,31,0.035436842797804825,26,18,8,0,0,0,0,0,0,0,0,1
13pk,C,105,ARG,-4.5,173.4,1.0,5,0,X,0.0,0.0,0.0,0.0,0.0,0.0,0.0,0.0,32,0.02984155182973038,7,18,-11,0,0,0,0,0,0,0,0,1
13pk,C,106,PRO,-1.6,112.7,0.0,0,0,X,0.0,0.0,0.0,0.0,0.0,0.0,0.0,0.0,21,0.030307826077069916,21,14,7,0,0,0,0,0,0,0,0,1
13pk,C,107,VAL,4.2,140.0,0.0,0,0,X,0.0,0.0,0.0,0.0,0.0,0.0,0.0,0.0,32,0.04149840801321881,28,14,14,0,0,0,0,0,0,0,0,1
13pk,C,108,THR,-0.7,116.1,0.0,1,1,X,0.0,0.0,0.0,0.0,0.0,0.0,0.0,0.0,27,0.02984155182973038,13,10,3,0,0,0,0,0,0,0,0,1
13pk,C,109,PHE,2.8,189.9,0.0,0,0,X,0.0,0.0,0.0,0.0,0.0,0.0,0.0,0.0,27,0.03916703677652112,15,14,1,0,0,0,0,0,0,0,0,1
13pk,C,110,ALA,1.8,88.6,0.0,0,0,X,0.0,0.0,0.0,0.0,0.0,0.0,0.0,0.0,30,0.04243095650789788,8,24,-16,0,0,0,0,0,0,0,0,1
13pk,C,111,PRO,-1.6,112.7,0.0,0,0,X,0.0,0.0,0.0,0.0,0.0,0.0,0.0,0.0,29,0.03683566553982344,11,20,-9,0,0,0,0,0,0,0,0,1
13pk,C,112,ASP,-3.5,111.1,-1.0,1,3,X,0.0,0.0,0.0,0.0,0.0,0.0,0.0,0.0,31,0.048958795970651406,11,13,-2,0,0,0,0,0,0,0,0,1
13pk,C,113,CYS,2.5,108.5,0.0,1,0,X,0.0,0.0,0.0,0.0,0.0,0.0,0.0,0.0,38,0.048958795970651406,9,21,-12,0,0,0,0,0,0,0,0,1
13pk,C,114,LEU,3.8,166.7,0.0,0,0,X,0.0,0.0,0.0,0.0,0.0,0.0,0.0,0.0,39,0.04243095650789788,12,23,-11,0,0,0,0,0,0,0,0,1
13pk,C,115,ASN,-3.5,114.1,0.0,2,2,X,0.0,0.0,0.0,0.0,0.0,0.0,0.0,0.0,23,0.035436842797804825,11,18,-7,0,0,0,0,0,0,0,0,1
13pk,C,116,ALA,1.8,88.6,0.0,0,0,X,0.0,0.0,0.0,0.0,0.0,0.0,0.0,0.0,28,0.03916703677652112,12,20,-8,0,0,0,0,0,0,0,0,1
13pk,C,117,ALA,1.8,88.6,0.0,0,0,X,0.0,0.0,0.0,0.0,0.0,0.0,0.0,0.0,21,0.03310547156110714,11,10,1,0,0,0,0,0,0,0,0,1
13pk,C,118,ASP,-3.5,111.1,-1.0,1,3,X,0.0,0.0,0.0,0.0,0.0,0.0,0.0,0.0,19,0.025645083603674543,10,3,7,0,0,0,0,0,0,0,0,1
13pk,C,119,VAL,4.2,140.0,0.0,0,0,X,0.0,0.0,0.0,0.0,0.0,0.0,0.0,0.0,25,0.032172923066428064,12,14,-2,0,0,0,0,0,0,0,0,1
13pk,C,120,VAL,4.2,140.0,0.0,0,0,X,0.0,0.0,0.0,0.0,0.0,0.0,0.0,0.0,31,0.04196468226055834,18,17,1,0,0,0,0,0,0,0,0,1
13pk,C,121,SER,-0.8,89.0,0.0,1,1,X,0.0,0.0,0.0,0.0,0.0,0.0,0.0,0.0,16,0.028909003335051305,14,11,3,0,0,0,0,0,0,0,0,1
13pk,C,122,LYS,-3.9,168.6,1.0,2,0,X,0.0,0.0,0.0,0.0,0.0,0.0,0.0,0.0,12,0.02611135785101408,3,12,-9,0,0,0,0,0,0,0,0,1
13pk,C,123,MET,1.9,162.9,0.0,0,0,X,0.0,0.0,0.0,0.0,0.0,0.0,0.0,0.0,28,0.0363693912924839,22,14,8,0,0,0,0,0,0,0,0,1
13pk,C,124,SER,-0.8,89.0,0.0,1,1,X,0.0,0.0,0.0,0.0,0.0,0.0,0.0,0.0,21,0.027510180593032695,20,11,9,0,0,0,0,0,0,0,0,1
13pk,C,125,PRO,-1.6,112.7,0.0,0,0,X,0.0,0.0,0.0,0.0,0.0,0.0,0.0,0.0,25,0.03450429430312575,30,17,13,0,0,0,0,0,0,0,0,1
13pk,C,126,GLY,-0.4,60.1,0.0,0,0,X,0.0,0.0,0.0,0.0,0.0,0.0,0.0,0.0,33,0.03450429430312575,24,15,9,0,0,0,0,0,0,0,0,1
13pk,C,127,ASP,-3.5,111.1,-1.0,1,3,X,0.0,0.0,0.0,0.0,0.0,0.0,0.0,0.0,27,0.04196468226055834,25,0,25,0,0,0,0,0,0,0,0,1
13pk,C,128,VAL,4.2,140.0,0.0,0,0,X,0.0,0.0,0.0,0.0,0.0,0.0,0.0,0.0,34,0.04709369898129325,12,8,4,0,0,0,0,0,0,0,0,1
13pk,C,129,VAL,4.2,140.0,0.0,0,0,X,0.0,0.0,0.0,0.0,0.0,0.0,0.0,0.0,39,0.048026247475972325,10,13,-3,0,0,0,0,0,0,0,0,1
13pk,C,130,LEU,3.8,166.7,0.0,0,0,X,0.0,0.0,0.0,0.0,0.0,0.0,0.0,0.0,40,0.0526889899493677,13,14,-1,0,0,0,0,0,0,0,0,1
13pk,C,131,LEU,3.8,166.7,0.0,0,0,X,0.0,0.0,0.0,0.0,0.0,0.0,0.0,0.0,42,0.053155264196707235,7,17,-10,0,0,0,0,0,0,0,0,1
13pk,C,132,GLU,-3.5,138.4,-1.0,1,3,X,0.0,0.0,0.0,0.0,0.0,0.0,0.0,0.0,37,0.05595290968074446,19,8,11,0,0,0,0,0,0,0,0,1
13pk,C,133,ASN,-3.5,114.1,0.0,2,2,X,0.0,0.0,0.0,0.0,0.0,0.0,0.0,0.0,44,0.05408781269138631,38,22,16,0,0,0,0,0,0,0,0,1
13pk,C,134,VAL,4.2,140.0,0.0,0,0,X,0.0,0.0,0.0,0.0,0.0,0.0,0.0,0.0,42,0.05548663543340492,33,32,1,0,0,0,0,0,0,0,0,1
13pk,C,135,ARG,-4.5,173.4,1.0,5,0,X,0.0,0.0,0.0,0.0,0.0,0.0,0.0,0.0,36,0.05408781269138631,46,16,30,0,0,0,0,0,0,0,0,1
13pk,C,136,PHE,2.8,189.9,0.0,0,0,X,0.0,0.0,0.0,0.0,0.0,0.0,0.0,0.0,39,0.05688545817542354,35,24,11,0,0,0,0,0,0,0,0,1
13pk,C,137,TYR,-1.3,193.6,0.0,1,1,X,0.0,0.0,0.0,0.0,0.0,0.0,0.0,0.0,41,0.05222271570202816,26,34,-8,0,0,0,0,0,0,0,0,1
13pk,C,138,LYS,-3.9,168.6,1.0,2,0,X,0.0,0.0,0.0,0.0,0.0,0.0,0.0,0.0,25,0.04289723075523742,21,24,-3,0,0,0,0,0,0,0,0,1
13pk,C,139,GLU,-3.5,138.4,-1.0,1,3,X,0.0,0.0,0.0,0.0,0.0,0.0,0.0,0.0,35,0.04709369898129325,49,22,27,0,0,0,0,0,0,0,0,1
13pk,C,140,GLU,-3.5,138.4,-1.0,1,3,X,0.0,0.0,0.0,0.0,0.0,0.0,0.0,0.0,40,0.05175644145468863,55,24,31,0,0,0,0,0,0,0,0,1
13pk,C,141,GLY,-0.4,60.1,0.0,0,0,X,0.0,0.0,0.0,0.0,0.0,0.0,0.0,0.0,29,0.040565859518539735,61,34,27,0,0,0,0,0,0,0,0,1
13pk,C,142,SER,-0.8,89.0,0.0,1,1,X,0.0,0.0,0.0,0.0,0.0,0.0,0.0,0.0,22,0.03870076252918159,49,40,9,0,0,0,0,0,0,0,0,1
13pk,C,143,LYS,-3.9,168.6,1.0,2,0,X,0.0,0.0,0.0,0.0,0.0,0.0,0.0,0.0,13,0.027510180593032695,33,24,9,0,0,0,0,0,0,0,0,1
13pk,C,144,LYS,-3.9,168.6,1.0,2,0,X,0.0,0.0,0.0,0.0,0.0,0.0,0.0,0.0,12,0.02844272908771177,33,25,8,0,0,0,0,0,0,0,0,1
13pk,C,145,ALA,1.8,88.6,0.0,0,0,X,0.0,0.0,0.0,0.0,0.0,0.0,0.0,0.0,21,0.032639197313767604,44,32,12,0,0,0,0,0,0,0,0,1
13pk,C,146,LYS,-3.9,168.6,1.0,2,0,X,0.0,0.0,0.0,0.0,0.0,0.0,0.0,0.0,13,0.02797645484037223,30,25,5,0,0,0,0,0,0,0,0,1
13pk,C,147,ASP,-3.5,111.1,-1.0,1,3,X,0.0,0.0,0.0,0.0,0.0,0.0,0.0,0.0,22,0.043363505002576956,47,23,24,0,0,0,0,0,0,0,0,1
13pk,C,148,ARG,-4.5,173.4,1.0,5,0,X,0.0,0.0,0.0,0.0,0.0,0.0,0.0,0.0,28,0.05455408693872585,36,43,-7,0,0,0,0,0,0,0,0,1
13pk,C,149,GLU,-3.5,138.4,-1.0,1,3,X,0.0,0.0,0.0,0.0,0.0,0.0,0.0,0.0,27,0.043829779249916496,44,19,25,0,0,0,0,0,0,0,0,1
13pk,C,150,ALA,1.8,88.6,0.0,0,0,X,0.0,0.0,0.0,0.0,0.0,0.0,0.0,0.0,26,0.035436842797804825,28,31,-3,0,0,0,0,0,0,0,0,1
13pk,C,151,MET,1.9,162.9,0.0,0,0,X,0.0,0.0,0.0,0.0,0.0,0.0,0.0,0.0,42,0.04709369898129325,30,33,-3,0,0,0,0,0,0,0,0,1
13pk,C,152,ALA,1.8,88.6,0.0,0,0,X,0.0,0.0,0.0,0.0,0.0,0.0,0.0,0.0,33,0.050823892960009553,29,27,2,0,0,0,0,0,0,0,0,1
13pk,C,153,LYS,-3.9,168.6,1.0,2,0,X,0.0,0.0,0.0,0.0,0.0,0.0,0.0,0.0,21,0.03823448828184205,13,13,0,0,0,0,0,0,0,0,0,1
13pk,C,154,ILE,4.5,166.7,0.0,0,0,X,0.0,0.0,0.0,0.0,0.0,0.0,0.0,0.0,30,0.0363693912924839,14,10,4,0,0,0,0,0,0,0,0,1
13pk,C,155,LEU,3.8,166.7,0.0,0,0,X,0.0,0.0,0.0,0.0,0.0,0.0,0.0,0.0,40,0.04616115048661418,11,12,-1,0,0,0,0,0,0,0,0,1
13pk,C,156,ALA,1.8,88.6,0.0,0,0,X,0.0,0.0,0.0,0.0,0.0,0.0,0.0,0.0,34,0.045694876239274644,16,10,6,0,0,0,0,0,0,0,0,1
13pk,C,157,SER,-0.8,89.0,0.0,1,1,X,0.0,0.0,0.0,0.0,0.0,0.0,0.0,0.0,26,0.02797645484037223,13,8,5,0,0,0,0,0,0,0,0,1
13pk,C,158,TYR,-1.3,193.6,0.0,1,1,X,0.0,0.0,0.0,0.0,0.0,0.0,0.0,0.0,35,0.04149840801321881,13,12,1,0,0,0,0,0,0,0,0,1
13pk,C,159,GLY,-0.4,60.1,0.0,0,0,X,0.0,0.0,0.0,0.0,0.0,0.0,0.0,0.0,30,0.043363505002576956,18,8,10,0,0,0,0,0,0,0,0,1
13pk,C,160,ASP,-3.5,111.1,-1.0,1,3,X,0.0,0.0,0.0,0.0,0.0,0.0,0.0,0.0,24,0.03403802005578621,21,7,14,0,0,0,0,0,0,0,0,1
13pk,C,161,VAL,4.2,140.0,0.0,0,0,X,0.0,0.0,0.0,0.0,0.0,0.0,0.0,0.0,36,0.04289723075523742,23,19,4,0,0,0,0,0,0,0,0,1
13pk,C,162,TYR,-1.3,193.6,0.0,1,1,X,0.0,0.0,0.0,0.0,0.0,0.0,0.0,0.0,44,0.05175644145468863,17,15,2,0,0,0,0,0,0,0,0,1
13pk,C,163,ILE,4.5,166.7,0.0,0,0,X,0.0,0.0,0.0,0.0,0.0,0.0,0.0,0.0,47,0.050823892960009553,20,16,4,0,0,0,0,0,0,0,0,1
13pk,C,164,SER,-0.8,89.0,0.0,1,1,X,0.0,0.0,0.0,0.0,0.0,0.0,0.0,0.0,44,0.05408781269138631,15,19,-4,0,0,0,0,0,0,0,0,1
13pk,C,165,ASP,-3.5,111.1,-1.0,1,3,X,0.0,0.0,0.0,0.0,0.0,0.0,0.0,0.0,41,0.050823892960009553,21,25,-4,0,0,0,0,0,0,0,0,1
13pk,C,166,ALA,1.8,88.6,0.0,0,0,X,0.0,0.0,0.0,0.0,0.0,0.0,0.0,0.0,45,0.04755997322863279,39,24,15,0,0,0,0,0,0,0,0,1
13pk,C,167,PHE,2.8,189.9,0.0,0,0,X,0.0,0.0,0.0,0.0,0.0,0.0,0.0,0.0,42,0.05408781269138631,27,30,-3,0,0,0,0,0,0,0,0,1
13pk,C,168,GLY,-0.4,60.1,0.0,0,0,X,0.0,0.0,0.0,0.0,0.0,0.0,0.0,0.0,42,0.04662742473395372,45,28,17,0,0,0,0,0,0,0,0,1
13pk,C,169,THR,-0.7,116.1,0.0,1,1,X,0.0,0.0,0.0,0.0,0.0,0.0,0.0,0.0,40,0.043829779249916496,55,26,29,0,0,0,0,0,0,0,0,1
13pk,C,170,ALA,1.8,88.6,0.0,0,0,X,0.0,0.0,0.0,0.0,0.0,0.0,0.0,0.0,36,0.04989134446533048,38,23,15,0,0,0,0,0,0,0,0,1
13pk,C,171,HIS,-3.2,153.2,0.1,2,1,X,0.0,0.0,0.0,0.0,0.0,0.0,0.0,0.0,31,0.04942507021799094,25,17,8,0,0,0,0,0,0,0,0,1
13pk,C,172,ARG,-4.5,173.4,1.0,5,0,X,0.0,0.0,0.0,0.0,0.0,0.0,0.0,0.0,31,0.03776821403450251,37,24,13,0,0,0,0,0,0,0,0,1
13pk,C,173,ASP,-3.5,111.1,-1.0,1,3,X,0.0,0.0,0.0,0.0,0.0,0.0,0.0,0.0,32,0.03870076252918159,47,13,34,0,0,0,0,0,0,0,0,1
13pk,C,174,SER,-0.8,89.0,0.0,1,1,X,0.0,0.0,0.0,0.0,0.0,0.0,0.0,0.0,38,0.04429605349725603,56,31,25,0,0,0,0,0,0,0,0,1
13pk,C,175,ALA,1.8,88.6,0.0,0,0,X,0.0,0.0,0.0,0.0,0.0,0.0,0.0,0.0,42,0.053155264196707235,48,38,10,0,0,0,0,0,0,0,0,1
13pk,C,176,THR,-0.7,116.1,0.0,1,1,X,0.0,0.0,0.0,0.0,0.0,0.0,0.0,0.0,48,0.05035761871267001,36,22,14,0,0,0,0,0,0,0,0,1
13pk,C,177,MET,1.9,162.9,0.0,0,0,X,0.0,0.0,0.0,0.0,0.0,0.0,0.0,0.0,43,0.05548663543340492,42,23,19,0,0,0,0,0,0,0,0,1
13pk,C,178,THR,-0.7,116.1,0.0,1,1,X,0.0,0.0,0.0,0.0,0.0,0.0,0.0,0.0,35,0.048958795970651406,33,24,9,0,0,0,0,0,0,0,0,1
13pk,C,179,GLY,-0.4,60.1,0.0,0,0,X,0.0,0.0,0.0,0.0,0.0,0.0,0.0,0.0,37,0.05222271570202816,34,26,8,0,0,0,0,0,0,0,0,1
13pk,C,180,ILE,4.5,166.7,0.0,0,0,X,0.0,0.0,0.0,0.0,0.0,0.0,0.0,0.0,38,0.053155264196707235,25,12,13,0,0,0,0,0,0,0,0,1
13pk,C,181,PRO,-1.6,112.7,0.0,0,0,X,0.0,0.0,0.0,0.0,0.0,0.0,0.0,0.0,35,0.048026247475972325,14,11,3,0,0,0,0,0,0,0,0,1
13pk,C,182,LYS,-3.9,168.6,1.0,2,0,X,0.0,0.0,0.0,0.0,0.0,0.0,0.0,0.0,27,0.03310547156110714,12,14,-2,0,0,0,0,0,0,0,0,1
13pk,C,183,ILE,4.5,166.7,0.0,0,0,X,0.0,0.0,0.0,0.0,0.0,0.0,0.0,0.0,28,0.03403802005578621,20,10,10,0,0,0,0,0,0,0,0,1
13pk,C,184,LEU,3.8,166.7,0.0,0,0,X,0.0,0.0,0.0,0.0,0.0,0.0,0.0,0.0,26,0.034970568550465285,13,10,3,0,0,0,0,0,0,0,0,1
13pk,C,185,GLY,-0.4,60.1,0.0,0,0,X,0.0,0.0,0.0,0.0,0.0,0.0,0.0,0.0,20,0.022381163872297785,13,10,3,0,0,0,0,0,0,0,0,1
13pk,C,186,ASN,-3.5,114.1,0.0,2,2,X,0.0,0.0,0.0,0.0,0.0,0.0,0.0,0.0,30,0.0363693912924839,17,16,1,0,0,0,0,0,0,0,0,1
13pk,C,187,GLY,-0.4,60.1,0.0,0,0,X,0.0,0.0,0.0,0.0,0.0,0.0,0.0,0.0,38,0.04942507021799094,29,22,7,0,0,0,0,0,0,0,0,1
13pk,C,188,ALA,1.8,88.6,0.0,0,0,X,0.0,0.0,0.0,0.0,0.0,0.0,0.0,0.0,41,0.0526889899493677,30,38,-8,0,0,0,0,0,0,0,0,1
13pk,C,189,ALA,1.8,88.6,0.0,0,0,X,0.0,0.0,0.0,0.0,0.0,0.0,0.0,0.0,40,0.05502036118606539,26,41,-15,0,0,0,0,0,0,0,0,1
13pk,C,190,GLY,-0.4,60.1,0.0,0,0,X,0.0,0.0,0.0,0.0,0.0,0.0,0.0,0.0,40,0.050823892960009553,30,24,6,0,0,0,0,0,0,0,0,1
13pk,C,191,TYR,-1.3,193.6,0.0,1,1,X,0.0,0.0,0.0,0.0,0.0,0.0,0.0,0.0,33,0.045694876239274644,32,24,8,0,0,0,0,0,0,0,0,1
13pk,C,192,LEU,3.8,166.7,0.0,0,0,X,0.0,0.0,0.0,0.0,0.0,0.0,0.0,0.0,40,0.04942507021799094,29,33,-4,0,0,0,0,0,0,0,0,1
13pk,C,193,MET,1.9,162.9,0.0,0,0,X,0.0,0.0,0.0,0.0,0.0,0.0,0.0,0.0,40,0.05035761871267001,23,28,-5,0,0,0,0,0,0,0,0,1
13pk,C,194,GLU,-3.5,138.4,-1.0,1,3,X,0.0,0.0,0.0,0.0,0.0,0.0,0.0,0.0,27,0.03870076252918159,21,24,-3,0,0,0,0,0,0,0,0,1
13pk,C,195,LYS,-3.9,168.6,1.0,2,0,X,0.0,0.0,0.0,0.0,0.0,0.0,0.0,0.0,27,0.03590311704514436,20,25,-5,0,0,0,0,0,0,0,0,1
13pk,C,196,GLU,-3.5,138.4,-1.0,1,3,X,0.0,0.0,0.0,0.0,0.0,0.0,0.0,0.0,38,0.04942507021799094,22,14,8,0,0,0,0,0,0,0,0,1
13pk,C,197,ILE,4.5,166.7,0.0,0,0,X,0.0,0.0,0.0,0.0,0.0,0.0,0.0,0.0,33,0.03963331102386066,24,22,2,0,0,0,0,0,0,0,0,1
13pk,C,198,SER,-0.8,89.0,0.0,1,1,X,0.0,0.0,0.0,0.0,0.0,0.0,0.0,0.0,21,0.03357174580844668,23,21,2,0,0,0,0,0,0,0,0,1
13pk,C,199,TYR,-1.3,193.6,0.0,1,1,X,0.0,0.0,0.0,0.0,0.0,0.0,0.0,0.0,24,0.04149840801321881,26,11,15,0,0,0,0,0,0,0,0,1
13pk,C,200,PHE,2.8,189.9,0.0,0,0,X,0.0,0.0,0.0,0.0,0.0,0.0,0.0,0.0,36,0.04476232774459557,28,11,17,0,0,0,0,0,0,0,0,1
13pk,C,201,ALA,1.8,88.6,0.0,0,0,X,0.0,0.0,0.0,0.0,0.0,0.0,0.0,0.0,21,0.03124037457174899,16,7,9,0,0,0,0,0,0,0,0,1
13pk,C,202,LYS,-3.9,168.6,1.0,2,0,X,0.0,0.0,0.0,0.0,0.0,0.0,0.0,0.0,17,0.02611135785101408,6,4,2,0,0,0,0,0,0,0,0,1
13pk,C,203,VAL,4.2,140.0,0.0,0,0,X,0.0,0.0,0.0,0.0,0.0,0.0,0.0,0.0,26,0.03590311704514436,23,2,21,0,0,0,0,0,0,0,0,1
13pk,C,204,LEU,3.8,166.7,0.0,0,0,X,0.0,0.0,0.0,0.0,0.0,0.0,0.0,0.0,28,0.035436842797804825,24,2,22,0,0,0,0,0,0,0,0,1
13pk,C,205,GLY,-0.4,60.1,0.0,0,0,X,0.0,0.0,0.0,0.0,0.0,0.0,0.0,0.0,16,0.02471253510899547,24,0,24,0,0,0,0,0,0,0,0,1
13pk,C,206,ASN,-3.5,114.1,0.0,2,2,X,0.0,0.0,0.0,0.0,0.0,0.0,0.0,0.0,14,0.02331371236697686,22,0,22,0,0,0,0,0,0,0,0,1
13pk,C,207,PRO,-1.6,112.7,0.0,0,0,X,0.0,0.0,0.0,0.0,0.0,0.0,0.0,0.0,24,0.03730193978716297,35,5,30,0,0,0,0,0,0,0,0,1
13pk,C,208,PRO,-1.6,112.7,0.0,0,0,X,0.0,0.0,0.0,0.0,0.0,0.0,0.0,0.0,26,0.032172923066428064,25,4,21,0,0,0,0,0,0,0,0,1
13pk,C,209,ARG,-4.5,173.4,1.0,5,0,X,0.0,0.0,0.0,0.0,0.0,0.0,0.0,0.0,21,0.03357174580844668,21,8,13,0,0,0,0,0,0,0,0,1
13pk,C,210,PRO,-1.6,112.7,0.0,0,0,X,0.0,0.0,0.0,0.0,0.0,0.0,0.0,0.0,23,0.04103213376587927,32,8,24,0,0,0,0,0,0,0,0,1
13pk,C,211,LEU,3.8,166.7,0.0,0,0,X,0.0,0.0,0.0,0.0,0.0,0.0,0.0,0.0,36,0.05129016720734909,33,8,25,0,0,0,0,0,0,0,0,1
13pk,C,212,VAL,4.2,140.0,0.0,0,0,X,0.0,0.0,0.0,0.0,0.0,0.0,0.0,0.0,41,0.05548663543340492,22,8,14,0,0,0,0,0,0,0,0,1
13pk,C,213,ALA,1.8,88.6,0.0,0,0,X,0.0,0.0,0.0,0.0,0.0,0.0,0.0,0.0,38,0.048026247475972325,5,8,-3,0,0,0,0,0,0,0,0,1
13pk,C,214,ILE,4.5,166.7,0.0,0,0,X,0.0,0.0,0.0,0.0,0.0,0.0,0.0,0.0,44,0.050823892960009553,2,0,2,0,0,0,0,0,0,0,0,1
13pk,C,215,VAL,4.2,140.0,0.0,0,0,X,0.0,0.0,0.0,0.0,0.0,0.0,0.0,0.0,43,0.05035761871267001,10,0,10,0,0,0,0,0,0,0,0,1
13pk,C,216,GLY,-0.4,60.1,0.0,0,0,X,0.0,0.0,0.0,0.0,0.0,0.0,0.0,0.0,42,0.048958795970651406,17,3,14,0,0,0,0,0,0,0,0,1
13pk,C,217,GLY,-0.4,60.1,0.0,0,0,X,0.0,0.0,0.0,0.0,0.0,0.0,0.0,0.0,37,0.04289723075523742,26,13,13,0,0,0,0,0,0,0,0,1
13pk,C,218,ALA,1.8,88.6,0.0,0,0,X,0.0,0.0,0.0,0.0,0.0,0.0,0.0,0.0,30,0.030307826077069916,32,18,14,0,0,0,0,0,0,0,0,1
13pk,C,219,LYS,-3.9,168.6,1.0,2,0,X,0.0,0.0,0.0,0.0,0.0,0.0,0.0,0.0,28,0.030774100324409453,26,14,12,0,0,0,0,0,0,0,0,1
13pk,C,220,VAL,4.2,140.0,0.0,0,0,X,0.0,0.0,0.0,0.0,0.0,0.0,0.0,0.0,32,0.043829779249916496,39,18,21,0,0,0,0,0,0,0,0,1
13pk,C,221,SER,-0.8,89.0,0.0,1,1,X,0.0,0.0,0.0,0.0,0.0,0.0,0.0,0.0,22,0.0363693912924839,35,19,16,0,0,0,0,0,0,0,0,1
13pk,C,222,ASP,-3.5,111.1,-1.0,1,3,X,0.0,0.0,0.0,0.0,0.0,0.0,0.0,0.0,22,0.035436842797804825,37,8,29,0,0,0,0,0,0,0,0,1
13pk,C,223,LYS,-3.9,168.6,1.0,2,0,X,0.0,0.0,0.0,0.0,0.0,0.0,0.0,0.0,39,0.043363505002576956,17,15,2,0,0,0,0,0,0,0,0,1
13pk,C,224,ILE,4.5,166.7,0.0,0,0,X,0.0,0.0,0.0,0.0,0.0,0.0,0.0,0.0,33,0.05035761871267001,25,26,-1,0,0,0,0,0,0,0,0,1
13pk,C,225,GLN,-3.5,143.8,0.0,2,2,X,0.0,0.0,0.0,0.0,0.0,0.0,0.0,0.0,25,0.03823448828184205,21,27,-6,0,0,0,0,0,0,0,0,1
13pk,C,226,LEU,3.8,166.7,0.0,0,0,X,0.0,0.0,0.0,0.0,0.0,0.0,0.0,0.0,34,0.045694876239274644,25,32,-7,0,0,0,0,0,0,0,0,1
13pk,C,227,LEU,3.8,166.7,0.0,0,0,X,0.0,0.0,0.0,0.0,0.0,0.0,0.0,0.0,38,0.04755997322863279,14,18,-4,0,0,0,0,0,0,0,0,1
13pk,C,228,ASP,-3.5,111.1,-1.0,1,3,X,0.0,0.0,0.0,0.0,0.0,0.0,0.0,0.0,31,0.040099585271200194,28,9,19,0,0,0,0,0,0,0,0,1
13pk,C,229,ASN,-3.5,114.1,0.0,2,2,X,0.0,0.0,0.0,0.0,0.0,0.0,0.0,0.0,25,0.040099585271200194,28,27,1,0,0,0,0,0,0,0,0,1
13pk,C,230,MET,1.9,162.9,0.0,0,0,X,0.0,0.0,0.0,0.0,0.0,0.0,0.0,0.0,35,0.04662742473395372,20,25,-5,0,0,0,0,0,0,0,0,1
13pk,C,231,LEU,3.8,166.7,0.0,0,0,X,0.0,0.0,0.0,0.0,0.0,0.0,0.0,0.0,32,0.04989134446533048,41,30,11,0,0,0,0,0,0,0,0,1
13pk,C,232,GLN,-3.5,143.8,0.0,2,2,X,0.0,0.0,0.0,0.0,0.0,0.0,0.0,0.0,22,0.03450429430312575,37,23,14,0,0,0,0,0,0,0,0,1
13pk,C,233,ARG,-4.5,173.4,1.0,5,0,X,0.0,0.0,0.0,0.0,0.0,0.0,0.0,0.0,32,0.03450429430312575,12,17,-5,0,0,0,0,0,0,0,0,1
13pk,C,234,ILE,4.5,166.7,0.0,0,0,X,0.0,0.0,0.0,0.0,0.0,0.0,0.0,0.0,34,0.04709369898129325,33,12,21,0,0,0,0,0,0,0,0,1
13pk,C,235,ASP,-3.5,111.1,-1.0,1,3,X,0.0,0.0,0.0,0.0,0.0,0.0,0.0,0.0,27,0.04616115048661418,37,0,37,0,0,0,0,0,0,0,0,1
13pk,C,236,TYR,-1.3,193.6,0.0,1,1,X,0.0,0.0,0.0,0.0,0.0,0.0,0.0,0.0,29,0.048492521723311866,27,8,19,0,0,0,0,0,0,0,0,1
13pk,C,237,LEU,3.8,166.7,0.0,0,0,X,0.0,0.0,0.0,0.0,0.0,0.0,0.0,0.0,38,0.050823892960009553,3,7,-4,0,0,0,0,0,0,0,0,1
13pk,C,238,LEU,3.8,166.7,0.0,0,0,X,0.0,0.0,0.0,0.0,0.0,0.0,0.0,0.0,40,0.050823892960009553,9,3,6,0,0,0,0,0,0,0,0,1
13pk,C,239,ILE,4.5,166.7,0.0,0,0,X,0.0,0.0,0.0,0.0,0.0,0.0,0.0,0.0,42,0.05175644145468863,3,0,3,0,0,0,0,0,0,0,0,1
13pk,C,240,GLY,-0.4,60.1,0.0,0,0,X,0.0,0.0,0.0,0.0,0.0,0.0,0.0,0.0,45,0.05548663543340492,10,8,2,0,0,0,0,0,0,0,0,1
13pk,C,241,GLY,-0.4,60.1,0.0,0,0,X,0.0,0.0,0.0,0.0,0.0,0.0,0.0,0.0,46,0.048026247475972325,19,9,10,0,0,0,0,0,0,0,0,1
13pk,C,242,ALA,1.8,88.6,0.0,0,0,X,0.0,0.0,0.0,0.0,0.0,0.0,0.0,0.0,40,0.045228601991935104,24,11,13,0,0,0,0,0,0,0,0,1
13pk,C,243,MET,1.9,162.9,0.0,0,0,X,0.0,0.0,0.0,0.0,0.0,0.0,0.0,0.0,42,0.05502036118606539,25,13,12,0,0,0,0,0,0,0,0,1
13pk,C,244,ALA,1.8,88.6,0.0,0,0,X,0.0,0.0,0.0,0.0,0.0,0.0,0.0,0.0,46,0.048026247475972325,19,7,12,0,0,0,0,0,0,0,0,1
13pk,C,245,TYR,-1.3,193.6,0.0,1,1,X,0.0,0.0,0.0,0.0,0.0,0.0,0.0,0.0,45,0.05175644145468863,32,12,20,0,0,0,0,0,0,0,0,1
13pk,C,246,THR,-0.7,116.1,0.0,1,1,X,0.0,0.0,0.0,0.0,0.0,0.0,0.0,0.0,35,0.05688545817542354,34,22,12,0,0,0,0,0,0,0,0,1
13pk,C,247,PHE,2.8,189.9,0.0,0,0,X,0.0,0.0,0.0,0.0,0.0,0.0,0.0,0.0,40,0.048958795970651406,25,10,15,0,0,0,0,0,0,0,0,1
13pk,C,248,LEU,3.8,166.7,0.0,0,0,X,0.0,0.0,0.0,0.0,0.0,0.0,0.0,0.0,36,0.050823892960009553,19,5,14,0,0,0,0,0,0,0,0,1
13pk,C,249,LYS,-3.9,168.6,1.0,2,0,X,0.0,0.0,0.0,0.0,0.0,0.0,0.0,0.0,28,0.043829779249916496,15,16,-1,0,0,0,0,0,0,0,0,1
13pk,C,250,ALA,1.8,88.6,0.0,0,0,X,0.0,0.0,0.0,0.0,0.0,0.0,0.0,0.0,26,0.043363505002576956,25,18,7,0,0,0,0,0,0,0,0,1
13pk,C,251,GLN,-3.5,143.8,0.0,2,2,X,0.0,0.0,0.0,0.0,0.0,0.0,0.0,0.0,21,0.03310547156110714,18,0,18,0,0,0,0,0,0,0,0,1
13pk,C,252,GLY,-0.4,60.1,0.0,0,0,X,0.0,0.0,0.0,0.0,0.0,0.0,0.0,0.0,18,0.026577632098353617,15,0,15,0,0,0,0,0,0,0,0,1
13pk,C,253,TYR,-1.3,193.6,0.0,1,1,X,0.0,0.0,0.0,0.0,0.0,0.0,0.0,0.0,21,0.03823448828184205,13,8,5,0,0,0,0,0,0,0,0,1
13pk,C,254,SER,-0.8,89.0,0.0,1,1,X,0.0,0.0,0.0,0.0,0.0,0.0,0.0,0.0,24,0.03590311704514436,23,17,6,0,0,0,0,0,0,0,0,1
13pk,C,255,ILE,4.5,166.7,0.0,0,0,X,0.0,0.0,0.0,0.0,0.0,0.0,0.0,0.0,35,0.04989134446533048,34,12,22,0,0,0,0,0,0,0,0,1
13pk,C,256,GLY,-0.4,60.1,0.0,0,0,X,0.0,0.0,0.0,0.0,0.0,0.0,0.0,0.0,24,0.03870076252918159,37,13,24,0,0,0,0,0,0,0,0,1
13pk,C,257,LYS,-3.9,168.6,1.0,2,0,X,0.0,0.0,0.0,0.0,0.0,0.0,0.0,0.0,21,0.032639197313767604,22,15,7,0,0,0,0,0,0,0,0,1
13pk,C,258,SER,-0.8,89.0,0.0,1,1,X,0.0,0.0,0.0,0.0,0.0,0.0,0.0,0.0,35,0.040099585271200194,41,11,30,0,0,0,0,0,0,0,0,1
13pk,C,259,LYS,-3.9,168.6,1.0,2,0,X,0.0,0.0,0.0,0.0,0.0,0.0,0.0,0.0,27,0.03450429430312575,12,17,-5,0,0,0,0,0,0,0,0,1
13pk,C,260,CYS,2.5,108.5,0.0,1,0,X,0.0,0.0,0.0,0.0,0.0,0.0,0.0,0.0,24,0.04196468226055834,30,18,12,0,0,0,0,0,0,0,0,1
13pk,C,261,GLU,-3.5,138.4,-1.0,1,3,X,0.0,0.0,0.0,0.0,0.0,0.0,0.0,0.0,26,0.03870076252918159,28,15,13,0,0,0,0,0,0,0,0,1
13pk,C,262,GLU,-3.5,138.4,-1.0,1,3,X,0.0,0.0,0.0,0.0,0.0,0.0,0.0,0.0,18,0.027510180593032695,26,12,14,0,0,0,0,0,0,0,0,1
13pk,C,263,SER,-0.8,89.0,0.0,1,1,X,0.0,0.0,0.0,0.0,0.0,0.0,0.0,0.0,16,0.02331371236697686,13,26,-13,0,0,0,0,0,0,0,0,1
13pk,C,264,LYS,-3.9,168.6,1.0,2,0,X,0.0,0.0,0.0,0.0,0.0,0.0,0.0,0.0,25,0.03730193978716297,13,30,-17,0,0,0,0,0,0,0,0,1
13pk,C,265,LEU,3.8,166.7,0.0,0,0,X,0.0,0.0,0.0,0.0,0.0,0.0,0.0,0.0,26,0.043829779249916496,29,26,3,0,0,0,0,0,0,0,0,1
13pk,C,266,GLU,-3.5,138.4,-1.0,1,3,X,0.0,0.0,0.0,0.0,0.0,0.0,0.0,0.0,16,0.02984155182973038,24,5,19,0,0,0,0,0,0,0,0,1
13pk,C,267,PHE,2.8,189.9,0.0,0,0,X,0.0,0.0,0.0,0.0,0.0,0.0,0.0,0.0,28,0.03823448828184205,30,25,5,0,0,0,0,0,0,0,0,1
13pk,C,268,ALA,1.8,88.6,0.0,0,0,X,0.0,0.0,0.0,0.0,0.0,0.0,0.0,0.0,35,0.05035761871267001,40,22,18,0,0,0,0,0,0,0,0,1
13pk,C,269,ARG,-4.5,173.4,1.0,5,0,X,0.0,0.0,0.0,0.0,0.0,0.0,0.0,0.0,20,0.040099585271200194,21,11,10,0,0,0,0,0,0,0,0,1
13pk,C,270,SER,-0.8,89.0,0.0,1,1,X,0.0,0.0,0.0,0.0,0.0,0.0,0.0,0.0,18,0.0363693912924839,31,28,3,0,0,0,0,0,0,0,0,1
13pk,C,271,LEU,3.8,166.7,0.0,0,0,X,0.0,0.0,0.0,0.0,0.0,0.0,0.0,0.0,34,0.04476232774459557,35,23,12,0,0,0,0,0,0,0,0,1
13pk,C,272,LEU,3.8,166.7,0.0,0,0,X,0.0,0.0,0.0,0.0,0.0,0.0,0.0,0.0,30,0.04149840801321881,29,24,5,0,0,0,0,0,0,0,0,1
13pk,C,273,LYS,-3.9,168.6,1.0,2,0,X,0.0,0.0,0.0,0.0,0.0,0.0,0.0,0.0,17,0.03357174580844668,23,21,2,0,0,0,0,0,0,0,0,1
13pk,C,274,LYS,-3.9,168.6,1.0,2,0,X,0.0,0.0,0.0,0.0,0.0,0.0,0.0,0.0,24,0.03963331102386066,27,26,1,0,0,0,0,0,0,0,0,1
13pk,C,275,ALA,1.8,88.6,0.0,0,0,X,0.0,0.0,0.0,0.0,0.0,0.0,0.0,0.0,28,0.04755997322863279,40,29,11,0,0,0,0,0,0,0,0,1
13pk,C,276,GLU,-3.5,138.4,-1.0,1,3,X,0.0,0.0,0.0,0.0,0.0,0.0,0.0,0.0,15,0.03357174580844668,34,8,26,0,0,0,0,0,0,0,0,1
13pk,C,277,ASP,-3.5,111.1,-1.0,1,3,X,0.0,0.0,0.0,0.0,0.0,0.0,0.0,0.0,14,0.02797645484037223,38,9,29,0,0,0,0,0,0,0,0,1
13pk,C,278,ARG,-4.5,173.4,1.0,5,0,X,0.0,0.0,0.0,0.0,0.0,0.0,0.0,0.0,20,0.03357174580844668,30,24,6,0,0,0,0,0,0,0,0,1
13pk,C,279,LYS,-3.9,168.6,1.0,2,0,X,0.0,0.0,0.0,0.0,0.0,0.0,0.0,0.0,16,0.028909003335051305,18,23,-5,0,0,0,0,0,0,0,0,1
13pk,C,280,VAL,4.2,140.0,0.0,0,0,X,0.0,0.0,0.0,0.0,0.0,0.0,0.0,0.0,28,0.04616115048661418,35,25,10,0,0,0,0,0,0,0,0,1
13pk,C,281,GLN,-3.5,143.8,0.0,2,2,X,0.0,0.0,0.0,0.0,0.0,0.0,0.0,0.0,26,0.03450429430312575,19,16,3,0,0,0,0,0,0,0,0,1
13pk,C,282,VAL,4.2,140.0,0.0,0,0,X,0.0,0.0,0.0,0.0,0.0,0.0,0.0,0.0,31,0.04103213376587927,14,14,0,0,0,0,0,0,0,0,0,1
13pk,C,283,ILE,4.5,166.7,0.0,0,0,X,0.0,0.0,0.0,0.0,0.0,0.0,0.0,0.0,35,0.04103213376587927,12,3,9,0,0,0,0,0,0,0,0,1
13pk,C,284,LEU,3.8,166.7,0.0,0,0,X,0.0,0.0,0.0,0.0,0.0,0.0,0.0,0.0,31,0.043829779249916496,8,5,3,0,0,0,0,0,0,0,0,1
13pk,C,285,PRO,-1.6,112.7,0.0,0,0,X,0.0,0.0,0.0,0.0,0.0,0.0,0.0,0.0,42,0.04989134446533048,22,19,3,0,0,0,0,0,0,0,0,1
13pk,C,286,ILE,4.5,166.7,0.0,0,0,X,0.0,0.0,0.0,0.0,0.0,0.0,0.0,0.0,26,0.04429605349725603,27,32,-5,0,0,0,0,0,0,0,0,1
13pk,C,287,ASP,-3.5,111.1,-1.0,1,3,X,0.0,0.0,0.0,0.0,0.0,0.0,0.0,0.0,28,0.05455408693872585,22,33,-11,0,0,0,0,0,0,0,0,1
13pk,C,288,HIS,-3.2,153.2,0.1,2,1,X,0.0,0.0,0.0,0.0,0.0,0.0,0.0,0.0,40,0.05688545817542354,15,29,-14,0,0,0,0,0,0,0,0,1
13pk,C,289,VAL,4.2,140.0,0.0,0,0,X,0.0,0.0,0.0,0.0,0.0,0.0,0.0,0.0,43,0.0526889899493677,34,19,15,0,0,0,0,0,0,0,0,1
13pk,C,290,CYS,2.5,108.5,0.0,1,0,X,0.0,0.0,0.0,0.0,0.0,0.0,0.0,0.0,36,0.053621538444046775,39,20,19,0,0,0,0,0,0,0,0,1
13pk,C,291,HIS,-3.2,153.2,0.1,2,1,X,0.0,0.0,0.0,0.0,0.0,0.0,0.0,0.0,26,0.04942507021799094,24,14,10,0,0,0,0,0,0,0,0,1
13pk,C,292,THR,-0.7,116.1,0.0,1,1,X,0.0,0.0,0.0,0.0,0.0,0.0,0.0,0.0,22,0.032639197313767604,38,13,25,0,0,0,0,0,0,0,0,1
13pk,C,293,GLU,-3.5,138.4,-1.0,1,3,X,0.0,0.0,0.0,0.0,0.0,0.0,0.0,0.0,15,0.03357174580844668,34,0,34,0,0,0,0,0,0,0,0,1
13pk,C,294,PHE,2.8,189.9,0.0,0,0,X,0.0,0.0,0.0,0.0,0.0,0.0,0.0,0.0,22,0.03450429430312575,26,22,4,0,0,0,0,0,0,0,0,1
13pk,C,295,LYS,-3.9,168.6,1.0,2,0,X,0.0,0.0,0.0,0.0,0.0,0.0,0.0,0.0,20,0.03450429430312575,15,15,0,0,0,0,0,0,0,0,0,1
13pk,C,296,ALA,1.8,88.6,0.0,0,0,X,0.0,0.0,0.0,0.0,0.0,0.0,0.0,0.0,23,0.03823448828184205,24,25,-1,0,0,0,0,0,0,0,0,1
13pk,C,297,VAL,4.2,140.0,0.0,0,0,X,0.0,0.0,0.0,0.0,0.0,0.0,0.0,0.0,17,0.03124037457174899,17,17,0,0,0,0,0,0,0,0,0,1
13pk,C,298,ASP,-3.5,111.1,-1.0,1,3,X,0.0,0.0,0.0,0.0,0.0,0.0,0.0,0.0,17,0.02098234113027917,11,0,11,0,0,0,0,0,0,0,0,1
13pk,C,299,SER,-0.8,89.0,0.0,1,1,X,0.0,0.0,0.0,0.0,0.0,0.0,0.0,0.0,15,0.02144861537761871,13,8,5,0,0,0,0,0,0,0,0,1
13pk,C,300,PRO,-1.6,112.7,0.0,0,0,X,0.0,0.0,0.0,0.0,0.0,0.0,0.0,0.0,26,0.03590311704514436,26,17,9,0,0,0,0,0,0,0,0,1
13pk,C,301,LEU,3.8,166.7,0.0,0,0,X,0.0,0.0,0.0,0.0,0.0,0.0,0.0,0.0,28,0.03310547156110714,27,16,11,0,0,0,0,0,0,0,0,1
13pk,C,302,ILE,4.5,166.7,0.0,0,0,X,0.0,0.0,0.0,0.0,0.0,0.0,0.0,0.0,28,0.03683566553982344,23,26,-3,0,0,0,0,0,0,0,0,1
13pk,C,303,THR,-0.7,116.1,0.0,1,1,X,0.0,0.0,0.0,0.0,0.0,0.0,0.0,0.0,27,0.04243095650789788,24,27,-3,0,0,0,0,0,0,0,0,1
13pk,C,304,GLU,-3.5,138.4,-1.0,1,3,X,0.0,0.0,0.0,0.0,0.0,0.0,0.0,0.0,16,0.028909003335051305,16,16,0,0,0,0,0,0,0,0,0,1
13pk,C,305,ASP,-3.5,111.1,-1.0,1,3,X,0.0,0.0,0.0,0.0,0.0,0.0,0.0,0.0,17,0.0363693912924839,15,17,-2,0,0,0,0,0,0,0,0,1
13pk,C,306,GLN,-3.5,143.8,0.0,2,2,X,0.0,0.0,0.0,0.0,0.0,0.0,0.0,0.0,25,0.04616115048661418,16,22,-6,0,0,0,0,0,0,0,0,1
13pk,C,307,ASN,-3.5,114.1,0.0,2,2,X,0.0,0.0,0.0,0.0,0.0,0.0,0.0,0.0,24,0.043829779249916496,12,23,-11,0,0,0,0,0,0,0,0,1
13pk,C,308,ILE,4.5,166.7,0.0,0,0,X,0.0,0.0,0.0,0.0,0.0,0.0,0.0,0.0,33,0.04989134446533048,38,25,13,0,0,0,0,0,0,0,0,1
13pk,C,309,PRO,-1.6,112.7,0.0,0,0,X,0.0,0.0,0.0,0.0,0.0,0.0,0.0,0.0,24,0.03170664881908853,33,15,18,0,0,0,0,0,0,0,0,1
13pk,C,310,GLU,-3.5,138.4,-1.0,1,3,X,0.0,0.0,0.0,0.0,0.0,0.0,0.0,0.0,14,0.027043906345693154,19,0,19,0,0,0,0,0,0,0,0,1
13pk,C,311,GLY,-0.4,60.1,0.0,0,0,X,0.0,0.0,0.0,0.0,0.0,0.0,0.0,0.0,17,0.027510180593032695,29,15,14,0,0,0,0,0,0,0,0,1
13pk,C,312,HIS,-3.2,153.2,0.1,2,1,X,0.0,0.0,0.0,0.0,0.0,0.0,0.0,0.0,25,0.04476232774459557,24,15,9,0,0,0,0,0,0,0,0,1
13pk,C,313,MET,1.9,162.9,0.0,0,0,X,0.0,0.0,0.0,0.0,0.0,0.0,0.0,0.0,29,0.05129016720734909,47,16,31,0,0,0,0,0,0,0,0,1
13pk,C,314,ALA,1.8,88.6,0.0,0,0,X,0.0,0.0,0.0,0.0,0.0,0.0,0.0,0.0,43,0.050823892960009553,41,16,25,0,0,0,0,0,0,0,0,1
13pk,C,315,LEU,3.8,166.7,0.0,0,0,X,0.0,0.0,0.0,0.0,0.0,0.0,0.0,0.0,41,0.05035761871267001,37,16,21,0,0,0,0,0,0,0,0,1
13pk,C,316,ASP,-3.5,111.1,-1.0,1,3,X,0.0,0.0,0.0,0.0,0.0,0.0,0.0,0.0,42,0.053621538444046775,20,10,10,0,0,0,0,0,0,0,0,1
13pk,C,317,ILE,4.5,166.7,0.0,0,0,X,0.0,0.0,0.0,0.0,0.0,0.0,0.0,0.0,45,0.05735173242276307,25,19,6,0,0,0,0,0,0,0,0,1
13pk,C,318,GLY,-0.4,60.1,0.0,0,0,X,0.0,0.0,0.0,0.0,0.0,0.0,0.0,0.0,38,0.04989134446533048,32,33,-1,0,0,0,0,0,0,0,0,1
13pk,C,319,PRO,-1.6,112.7,0.0,0,0,X,0.0,0.0,0.0,0.0,0.0,0.0,0.0,0.0,23,0.035436842797804825,28,32,-4,0,0,0,0,0,0,0,0,1
13pk,C,320,LYS,-3.9,168.6,1.0,2,0,X,0.0,0.0,0.0,0.0,0.0,0.0,0.0,0.0,19,0.03403802005578621,14,31,-17,0,0,0,0,0,0,0,0,1
13pk,C,321,THR,-0.7,116.1,0.0,1,1,X,0.0,0.0,0.0,0.0,0.0,0.0,0.0,0.0,36,0.04616115048661418,30,27,3,0,0,0,0,0,0,0,0,1
13pk,C,322,ILE,4.5,166.7,0.0,0,0,X,0.0,0.0,0.0,0.0,0.0,0.0,0.0,0.0,33,0.04616115048661418,29,24,5,0,0,0,0,0,0,0,0,1
13pk,C,323,GLU,-3.5,138.4,-1.0,1,3,X,0.0,0.0,0.0,0.0,0.0,0.0,0.0,0.0,16,0.03357174580844668,18,5,13,0,0,0,0,0,0,0,0,1
13pk,C,324,LYS,-3.9,168.6,1.0,2,0,X,0.0,0.0,0.0,0.0,0.0,0.0,0.0,0.0,27,0.040099585271200194,13,10,3,0,0,0,0,0,0,0,0,1
13pk,C,325,TYR,-1.3,193.6,0.0,1,1,X,0.0,0.0,0.0,0.0,0.0,0.0,0.0,0.0,39,0.04662742473395372,16,9,7,0,0,0,0,0,0,0,0,1
13pk,C,326,VAL,4.2,140.0,0.0,0,0,X,0.0,0.0,0.0,0.0,0.0,0.0,0.0,0.0,34,0.04289723075523742,37,9,28,0,0,0,0,0,0,0,0,1
13pk,C,327,GLN,-3.5,143.8,0.0,2,2,X,0.0,0.0,0.0,0.0,0.0,0.0,0.0,0.0,21,0.03357174580844668,21,8,13,0,0,0,0,0,0,0,0,1
13pk,C,328,THR,-0.7,116.1,0.0,1,1,X,0.0,0.0,0.0,0.0,0.0,0.0,0.0,0.0,30,0.040099585271200194,20,8,12,0,0,0,0,0,0,0,0,1
13pk,C,329,ILE,4.5,166.7,0.0,0,0,X,0.0,0.0,0.0,0.0,0.0,0.0,0.0,0.0,38,0.04662742473395372,37,3,34,0,0,0,0,0,0,0,0,1
13pk,C,330,GLY,-0.4,60.1,0.0,0,0,X,0.0,0.0,0.0,0.0,0.0,0.0,0.0,0.0,25,0.03310547156110714,40,1,39,0,0,0,0,0,0,0,0,1
13pk,C,331,LYS,-3.9,168.6,1.0,2,0,X,0.0,0.0,0.0,0.0,0.0,0.0,0.0,0.0,21,0.030774100324409453,15,6,9,0,0,0,0,0,0,0,0,1
13pk,C,332,CYS,2.5,108.5,0.0,1,0,X,0.0,0.0,0.0,0.0,0.0,0.0,0.0,0.0,31,0.043363505002576956,31,8,23,0,0,0,0,0,0,0,0,1
13pk,C,333,LYS,-3.9,168.6,1.0,2,0,X,0.0,0.0,0.0,0.0,0.0,0.0,0.0,0.0,23,0.03963331102386066,20,3,17,0,0,0,0,0,0,0,0,1
13pk,C,334,SER,-0.8,89.0,0.0,1,1,X,0.0,0.0,0.0,0.0,0.0,0.0,0.0,0.0,35,0.04942507021799094,27,7,20,0,0,0,0,0,0,0,0,1
13pk,C,335,ALA,1.8,88.6,0.0,0,0,X,0.0,0.0,0.0,0.0,0.0,0.0,0.0,0.0,43,0.048958795970651406,15,1,14,0,0,0,0,0,0,0,0,1
13pk,C,336,ILE,4.5,166.7,0.0,0,0,X,0.0,0.0,0.0,0.0,0.0,0.0,0.0,0.0,44,0.045228601991935104,11,1,10,0,0,0,0,0,0,0,0,1
13pk,C,337,TRP,-0.9,227.8,0.0,1,0,X,0.0,0.0,0.0,0.0,0.0,0.0,0.0,0.0,49,0.045694876239274644,5,6,-1,0,0,0,0,0,0,0,0,1
13pk,C,338,ASN,-3.5,114.1,0.0,2,2,X,0.0,0.0,0.0,0.0,0.0,0.0,0.0,0.0,44,0.04942507021799094,15,8,7,0,0,0,0,0,0,0,0,1
13pk,C,339,GLY,-0.4,60.1,0.0,0,0,X,0.0,0.0,0.0,0.0,0.0,0.0,0.0,0.0,45,0.048958795970651406,10,9,1,0,0,0,0,0,0,0,0,1
13pk,C,340,PRO,-1.6,112.7,0.0,0,0,X,0.0,0.0,0.0,0.0,0.0,0.0,0.0,0.0,41,0.04989134446533048,5,22,-17,0,0,0,0,0,0,0,0,1
13pk,C,341,MET,1.9,162.9,0.0,0,0,X,0.0,0.0,0.0,0.0,0.0,0.0,0.0,0.0,43,0.05175644145468863,7,9,-2,0,0,0,0,0,0,0,0,1
13pk,C,342,GLY,-0.4,60.1,0.0,0,0,X,0.0,0.0,0.0,0.0,0.0,0.0,0.0,0.0,41,0.05175644145468863,5,23,-18,0,0,0,0,0,0,0,0,1
13pk,C,343,VAL,4.2,140.0,0.0,0,0,X,0.0,0.0,0.0,0.0,0.0,0.0,0.0,0.0,32,0.04476232774459557,7,21,-14,0,0,0,0,0,0,0,0,1
13pk,C,344,PHE,2.8,189.9,0.0,0,0,X,0.0,0.0,0.0,0.0,0.0,0.0,0.0,0.0,40,0.04942507021799094,8,23,-15,0,0,0,0,0,0,0,0,1
13pk,C,345,GLU,-3.5,138.4,-1.0,1,3,X,0.0,0.0,0.0,0.0,0.0,0.0,0.0,0.0,30,0.034970568550465285,13,9,4,0,0,0,0,0,0,0,0,1
13pk,C,346,MET,1.9,162.9,0.0,0,0,X,0.0,0.0,0.0,0.0,0.0,0.0,0.0,0.0,27,0.03870076252918159,19,23,-4,0,0,0,0,0,0,0,0,1
13pk,C,347,VAL,4.2,140.0,0.0,0,0,X,0.0,0.0,0.0,0.0,0.0,0.0,0.0,0.0,34,0.03823448828184205,30,24,6,0,0,0,0,0,0,0,0,1
13pk,C,348,PRO,-1.6,112.7,0.0,0,0,X,0.0,0.0,0.0,0.0,0.0,0.0,0.0,0.0,29,0.04149840801321881,23,22,1,0,0,0,0,0,0,0,0,1
13pk,C,349,TYR,-1.3,193.6,0.0,1,1,X,0.0,0.0,0.0,0.0,0.0,0.0,0.0,0.0,33,0.05175644145468863,26,22,4,0,0,0,0,0,0,0,0,1
13pk,C,350,SER,-0.8,89.0,0.0,1,1,X,0.0,0.0,0.0,0.0,0.0,0.0,0.0,0.0,32,0.05035761871267001,18,17,1,0,0,0,0,0,0,0,0,1
13pk,C,351,LYS,-3.9,168.6,1.0,2,0,X,0.0,0.0,0.0,0.0,0.0,0.0,0.0,0.0,30,0.03823448828184205,5,11,-6,0,0,0,0,0,0,0,0,1
13pk,C,352,GLY,-0.4,60.1,0.0,0,0,X,0.0,0.0,0.0,0.0,0.0,0.0,0.0,0.0,37,0.04942507021799094,16,10,6,0,0,0,0,0,0,0,0,1
13pk,C,353,THR,-0.7,116.1,0.0,1,1,X,0.0,0.0,0.0,0.0,0.0,0.0,0.0,0.0,46,0.05129016720734909,14,17,-3,0,0,0,0,0,0,0,0,1
13pk,C,354,PHE,2.8,189.9,0.0,0,0,X,0.0,0.0,0.0,0.0,0.0,0.0,0.0,0.0,39,0.043363505002576956,28,19,9,0,0,0,0,0,0,0,0,1
13pk,C,355,ALA,1.8,88.6,0.0,0,0,X,0.0,0.0,0.0,0.0,0.0,0.0,0.0,0.0,33,0.03776821403450251,28,14,14,0,0,0,0,0,0,0,0,1
13pk,C,356,ILE,4.5,166.7,0.0,0,0,X,0.0,0.0,0.0,0.0,0.0,0.0,0.0,0.0,49,0.048492521723311866,22,10,12,0,0,0,0,0,0,0,0,1
13pk,C,357,ALA,1.8,88.6,0.0,0,0,X,0.0,0.0,0.0,0.0,0.0,0.0,0.0,0.0,42,0.04755997322863279,37,12,25,0,0,0,0,0,0,0,0,1
13pk,C,358,LYS,-3.9,168.6,1.0,2,0,X,0.0,0.0,0.0,0.0,0.0,0.0,0.0,0.0,28,0.04196468226055834,24,10,14,0,0,0,0,0,0,0,0,1
13pk,C,359,ALA,1.8,88.6,0.0,0,0,X,0.0,0.0,0.0,0.0,0.0,0.0,0.0,0.0,37,0.04289723075523742,38,13,25,0,0,0,0,0,0,0,0,1
13pk,C,360,MET,1.9,162.9,0.0,0,0,X,0.0,0.0,0.0,0.0,0.0,0.0,0.0,0.0,44,0.053621538444046775,36,10,26,0,0,0,0,0,0,0,0,1
13pk,C,361,GLY,-0.4,60.1,0.0,0,0,X,0.0,0.0,0.0,0.0,0.0,0.0,0.0,0.0,32,0.05035761871267001,56,18,38,0,0,0,0,0,0,0,0,1
13pk,C,362,ARG,-4.5,173.4,1.0,5,0,X,0.0,0.0,0.0,0.0,0.0,0.0,0.0,0.0,23,0.043363505002576956,39,15,24,0,0,0,0,0,0,0,0,1
13pk,C,363,GLY,-0.4,60.1,0.0,0,0,X,0.0,0.0,0.0,0.0,0.0,0.0,0.0,0.0,28,0.045228601991935104,54,12,42,0,0,0,0,0,0,0,0,1
13pk,C,364,THR,-0.7,116.1,0.0,1,1,X,0.0,0.0,0.0,0.0,0.0,0.0,0.0,0.0,28,0.043363505002576956,49,14,35,0,0,0,0,0,0,0,0,1
13pk,C,365,HIS,-3.2,153.2,0.1,2,1,X,0.0,0.0,0.0,0.0,0.0,0.0,0.0,0.0,17,0.03403802005578621,33,13,20,0,0,0,0,0,0,0,0,1
13pk,C,366,GLU,-3.5,138.4,-1.0,1,3,X,0.0,0.0,0.0,0.0,0.0,0.0,0.0,0.0,12,0.027043906345693154,39,0,39,0,0,0,0,0,0,0,0,1
13pk,C,367,HIS,-3.2,153.2,0.1,2,1,X,0.0,0.0,0.0,0.0,0.0,0.0,0.0,0.0,16,0.025645083603674543,30,9,21,0,0,0,0,0,0,0,0,1
13pk,C,368,GLY,-0.4,60.1,0.0,0,0,X,0.0,0.0,0.0,0.0,0.0,0.0,0.0,0.0,23,0.026577632098353617,32,8,24,0,0,0,0,0,0,0,0,1
13pk,C,369,LEU,3.8,166.7,0.0,0,0,X,0.0,0.0,0.0,0.0,0.0,0.0,0.0,0.0,36,0.04149840801321881,43,6,37,0,0,0,0,0,0,0,0,1
13pk,C,370,MET,1.9,162.9,0.0,0,0,X,0.0,0.0,0.0,0.0,0.0,0.0,0.0,0.0,32,0.04149840801321881,29,0,29,0,0,0,0,0,0,0,0,1
13pk,C,371,SER,-0.8,89.0,0.0,1,1,X,0.0,0.0,0.0,0.0,0.0,0.0,0.0,0.0,41,0.048492521723311866,34,4,30,0,0,0,0,0,0,0,0,1
13pk,C,372,ILE,4.5,166.7,0.0,0,0,X,0.0,0.0,0.0,0.0,0.0,0.0,0.0,0.0,38,0.05035761871267001,15,2,13,0,0,0,0,0,0,0,0,1
13pk,C,373,ILE,4.5,166.7,0.0,0,0,X,0.0,0.0,0.0,0.0,0.0,0.0,0.0,0.0,43,0.050823892960009553,17,11,6,0,0,0,0,0,0,0,0,1
13pk,C,374,GLY,-0.4,60.1,0.0,0,0,X,0.0,0.0,0.0,0.0,0.0,0.0,0.0,0.0,40,0.05035761871267001,19,11,8,0,0,0,0,0,0,0,0,1
13pk,C,375,GLY,-0.4,60.1,0.0,0,0,X,0.0,0.0,0.0,0.0,0.0,0.0,0.0,0.0,40,0.040565859518539735,16,12,4,0,0,0,0,0,0,0,0,1
13pk,C,376,GLY,-0.4,60.1,0.0,0,0,X,0.0,0.0,0.0,0.0,0.0,0.0,0.0,0.0,38,0.04429605349725603,15,24,-9,0,0,0,0,0,0,0,0,1
13pk,C,377,ASP,-3.5,111.1,-1.0,1,3,X,0.0,0.0,0.0,0.0,0.0,0.0,0.0,0.0,37,0.035436842797804825,12,8,4,0,0,0,0,0,0,0,0,1
13pk,C,378,SER,-0.8,89.0,0.0,1,1,X,0.0,0.0,0.0,0.0,0.0,0.0,0.0,0.0,42,0.04476232774459557,6,19,-13,0,0,0,0,0,0,0,0,1
13pk,C,379,ALA,1.8,88.6,0.0,0,0,X,0.0,0.0,0.0,0.0,0.0,0.0,0.0,0.0,41,0.04429605349725603,15,26,-11,0,0,0,0,0,0,0,0,1
13pk,C,380,SER,-0.8,89.0,0.0,1,1,X,0.0,0.0,0.0,0.0,0.0,0.0,0.0,0.0,40,0.04476232774459557,9,32,-23,0,0,0,0,0,0,0,0,1
13pk,C,381,ALA,1.8,88.6,0.0,0,0,X,0.0,0.0,0.0,0.0,0.0,0.0,0.0,0.0,42,0.048026247475972325,8,33,-25,0,0,0,0,0,0,0,0,1
13pk,C,382,ALA,1.8,88.6,0.0,0,0,X,0.0,0.0,0.0,0.0,0.0,0.0,0.0,0.0,36,0.048492521723311866,26,23,3,0,0,0,0,0,0,0,0,1
13pk,C,383,GLU,-3.5,138.4,-1.0,1,3,X,0.0,0.0,0.0,0.0,0.0,0.0,0.0,0.0,34,0.04243095650789788,27,19,8,0,0,0,0,0,0,0,0,1
13pk,C,384,LEU,3.8,166.7,0.0,0,0,X,0.0,0.0,0.0,0.0,0.0,0.0,0.0,0.0,37,0.04429605349725603,19,24,-5,0,0,0,0,0,0,0,0,1
13pk,C,385,SER,-0.8,89.0,0.0,1,1,X,0.0,0.0,0.0,0.0,0.0,0.0,0.0,0.0,37,0.04289723075523742,38,17,21,0,0,0,0,0,0,0,0,1
13pk,C,386,GLY,-0.4,60.1,0.0,0,0,X,0.0,0.0,0.0,0.0,0.0,0.0,0.0,0.0,29,0.040565859518539735,44,18,26,0,0,0,0,0,0,0,0,1
13pk,C,387,GLU,-3.5,138.4,-1.0,1,3,X,0.0,0.0,0.0,0.0,0.0,0.0,0.0,0.0,35,0.043363505002576956,47,6,41,0,0,0,0,0,0,0,0,1
13pk,C,388,ALA,1.8,88.6,0.0,0,0,X,0.0,0.0,0.0,0.0,0.0,0.0,0.0,0.0,33,0.04429605349725603,32,18,14,0,0,0,0,0,0,0,0,1
13pk,C,389,LYS,-3.9,168.6,1.0,2,0,X,0.0,0.0,0.0,0.0,0.0,0.0,0.0,0.0,23,0.027510180593032695,30,18,12,0,0,0,0,0,0,0,0,1
13pk,C,390,ARG,-4.5,173.4,1.0,5,0,X,0.0,0.0,0.0,0.0,0.0,0.0,0.0,0.0,25,0.03590311704514436,41,16,25,0,0,0,0,0,0,0,0,1
13pk,C,391,MET,1.9,162.9,0.0,0,0,X,0.0,0.0,0.0,0.0,0.0,0.0,0.0,0.0,35,0.04616115048661418,43,12,31,0,0,0,0,0,0,0,0,1
13pk,C,392,SER,-0.8,89.0,0.0,1,1,X,0.0,0.0,0.0,0.0,0.0,0.0,0.0,0.0,27,0.03776821403450251,27,2,25,0,0,0,0,0,0,0,0,1
13pk,C,393,HIS,-3.2,153.2,0.1,2,1,X,0.0,0.0,0.0,0.0,0.0,0.0,0.0,0.0,37,0.03823448828184205,22,10,12,0,0,0,0,0,0,0,0,1
13pk,C,394,VAL,4.2,140.0,0.0,0,0,X,0.0,0.0,0.0,0.0,0.0,0.0,0.0,0.0,35,0.04289723075523742,34,18,16,0,0,0,0,0,0,0,0,1
13pk,C,395,SER,-0.8,89.0,0.0,1,1,X,0.0,0.0,0.0,0.0,0.0,0.0,0.0,0.0,38,0.04662742473395372,29,12,17,0,0,0,0,0,0,0,0,1
13pk,C,396,THR,-0.7,116.1,0.0,1,1,X,0.0,0.0,0.0,0.0,0.0,0.0,0.0,0.0,43,0.048026247475972325,28,27,1,0,0,0,0,0,0,0,0,1
13pk,C,397,GLY,-0.4,60.1,0.0,0,0,X,0.0,0.0,0.0,0.0,0.0,0.0,0.0,0.0,40,0.043829779249916496,24,18,6,0,0,0,0,0,0,0,0,1
13pk,C,398,GLY,-0.4,60.1,0.0,0,0,X,0.0,0.0,0.0,0.0,0.0,0.0,0.0,0.0,44,0.03916703677652112,32,17,15,0,0,0,0,0,0,0,0,1
13pk,C,399,GLY,-0.4,60.1,0.0,0,0,X,0.0,0.0,0.0,0.0,0.0,0.0,0.0,0.0,44,0.040099585271200194,46,15,31,0,0,0,0,0,0,0,0,1
13pk,C,400,ALA,1.8,88.6,0.0,0,0,X,0.0,0.0,0.0,0.0,0.0,0.0,0.0,0.0,35,0.04942507021799094,29,19,10,0,0,0,0,0,0,0,0,1
13pk,C,401,SER,-0.8,89.0,0.0,1,1,X,0.0,0.0,0.0,0.0,0.0,0.0,0.0,0.0,40,0.04149840801321881,21,15,6,0,0,0,0,0,0,0,0,1
13pk,C,402,LEU,3.8,166.7,0.0,0,0,X,0.0,0.0,0.0,0.0,0.0,0.0,0.0,0.0,43,0.04243095650789788,23,19,4,0,0,0,0,0,0,0,0,1
13pk,C,403,GLU,-3.5,138.4,-1.0,1,3,X,0.0,0.0,0.0,0.0,0.0,0.0,0.0,0.0,27,0.04755997322863279,35,16,19,0,0,0,0,0,0,0,0,1
13pk,C,404,LEU,3.8,166.7,0.0,0,0,X,0.0,0.0,0.0,0.0,0.0,0.0,0.0,0.0,32,0.045694876239274644,27,20,7,0,0,0,0,0,0,0,0,1
13pk,C,405,LEU,3.8,166.7,0.0,0,0,X,0.0,0.0,0.0,0.0,0.0,0.0,0.0,0.0,28,0.043829779249916496,22,22,0,0,0,0,0,0,0,0,0,1
13pk,C,406,GLU,-3.5,138.4,-1.0,1,3,X,0.0,0.0,0.0,0.0,0.0,0.0,0.0,0.0,21,0.03730193978716297,21,14,7,0,0,0,0,0,0,0,0,1
13pk,C,407,GLY,-0.4,60.1,0.0,0,0,X,0.0,0.0,0.0,0.0,0.0,0.0,0.0,0.0,18,0.027510180593032695,18,17,1,0,0,0,0,0,0,0,0,1
13pk,C,408,LYS,-3.9,168.6,1.0,2,0,X,0.0,0.0,0.0,0.0,0.0,0.0,0.0,0.0,21,0.02797645484037223,18,19,-1,0,0,0,0,0,0,0,0,1
13pk,C,409,THR,-0.7,116.1,0.0,1,1,X,0.0,0.0,0.0,0.0,0.0,0.0,0.0,0.0,18,0.02611135785101408,20,17,3,0,0,0,0,0,0,0,0,1
13pk,C,410,LEU,3.8,166.7,0.0,0,0,X,0.0,0.0,0.0,0.0,0.0,0.0,0.0,0.0,30,0.03870076252918159,29,16,13,0,0,0,0,0,0,0,0,1
13pk,C,411,PRO,-1.6,112.7,0.0,0,0,X,0.0,0.0,0.0,0.0,0.0,0.0,0.0,0.0,28,0.040099585271200194,33,11,22,0,0,0,0,0,0,0,0,1
13pk,C,412,GLY,-0.4,60.1,0.0,0,0,X,0.0,0.0,0.0,0.0,0.0,0.0,0.0,0.0,37,0.05222271570202816,29,13,16,0,0,0,0,0,0,0,0,1
13pk,C,413,VAL,4.2,140.0,0.0,0,0,X,0.0,0.0,0.0,0.0,0.0,0.0,0.0,0.0,36,0.03916703677652112,23,20,3,0,0,0,0,0,0,0,0,1
13pk,C,414,THR,-0.7,116.1,0.0,1,1,X,0.0,0.0,0.0,0.0,0.0,0.0,0.0,0.0,21,0.03124037457174899,14,21,-7,0,0,0,0,0,0,0,0,1
13pk,C,415,VAL,4.2,140.0,0.0,0,0,X,0.0,0.0,0.0,0.0,0.0,0.0,0.0,0.0,35,0.03776821403450251,19,19,0,0,0,0,0,0,0,0,0,1
13pk,C,416,LEU,3.8,166.7,0.0,0,0,X,0.0,0.0,0.0,0.0,0.0,0.0,0.0,0.0,35,0.04755997322863279,29,23,6,0,0,0,0,0,0,0,0,1
13pk,C,417,ASP,-3.5,111.1,-1.0,1,3,X,0.0,0.0,0.0,0.0,0.0,0.0,0.0,0.0,26,0.03870076252918159,30,20,10,0,0,0,0,0,0,0,0,1
13pk,C,418,ASP,-3.5,111.1,-1.0,1,3,X,0.0,0.0,0.0,0.0,0.0,0.0,0.0,0.0,14,0.030774100324409453,27,18,9,0,0,0,0,0,0,0,0,1
13pk,C,419,LYS,-3.9,168.6,1.0,2,0,X,0.0,0.0,0.0,0.0,0.0,0.0,0.0,0.0,14,0.025645083603674543,18,34,-16,0,0,0,0,0,0,0,0,1
13pk,D,5,GLU,-3.5,138.4,-1.0,1,3,X,0.0,0.0,0.0,0.0,0.0,0.0,0.0,0.0,13,0.018650969893581486,23,19,4,0,0,0,0,0,0,0,0,1
13pk,D,6,LYS,-3.9,168.6,1.0,2,0,X,0.0,0.0,0.0,0.0,0.0,0.0,0.0,0.0,24,0.03823448828184205,18,38,-20,0,0,0,0,0,0,0,0,1
13pk,D,7,LYS,-3.9,168.6,1.0,2,0,X,0.0,0.0,0.0,0.0,0.0,0.0,0.0,0.0,26,0.04476232774459557,19,35,-16,0,0,0,0,0,0,0,0,1
13pk,D,8,SER,-0.8,89.0,0.0,1,1,X,0.0,0.0,0.0,0.0,0.0,0.0,0.0,0.0,29,0.040099585271200194,30,35,-5,0,0,0,0,0,0,0,0,1
13pk,D,9,ILE,4.5,166.7,0.0,0,0,X,0.0,0.0,0.0,0.0,0.0,0.0,0.0,0.0,32,0.048492521723311866,24,33,-9,0,0,0,0,0,0,0,0,1
13pk,D,10,ASN,-3.5,114.1,0.0,2,2,X,0.0,0.0,0.0,0.0,0.0,0.0,0.0,0.0,21,0.03170664881908853,22,22,0,0,0,0,0,0,0,0,0,1
13pk,D,11,GLU,-3.5,138.4,-1.0,1,3,X,0.0,0.0,0.0,0.0,0.0,0.0,0.0,0.0,19,0.025178809356335007,26,14,12,0,0,0,0,0,0,0,0,1
13pk,D,12,CYS,2.5,108.5,0.0,1,0,X,0.0,0.0,0.0,0.0,0.0,0.0,0.0,0.0,24,0.032639197313767604,27,29,-2,0,0,0,0,0,0,0,0,1
13pk,D,13,ASP,-3.5,111.1,-1.0,1,3,X,0.0,0.0,0.0,0.0,0.0,0.0,0.0,0.0,22,0.025178809356335007,26,20,6,0,0,0,0,0,0,0,0,1
13pk,D,14,LEU,3.8,166.7,0.0,0,0,X,0.0,0.0,0.0,0.0,0.0,0.0,0.0,0.0,33,0.04289723075523742,36,28,8,0,0,0,0,0,0,0,0,1
13pk,D,15,LYS,-3.9,168.6,1.0,2,0,X,0.0,0.0,0.0,0.0,0.0,0.0,0.0,0.0,20,0.032639197313767604,13,19,-6,0,0,0,0,0,0,0,0,1
13pk,D,16,GLY,-0.4,60.1,0.0,0,0,X,0.0,0.0,0.0,0.0,0.0,0.0,0.0,0.0,21,0.030774100324409453,27,23,4,0,0,0,0,0,0,0,0,1
13pk,D,17,LYS,-3.9,168.6,1.0,2,0,X,0.0,0.0,0.0,0.0,0.0,0.0,0.0,0.0,24,0.03963331102386066,16,22,-6,0,0,0,0,0,0,0,0,1
13pk,D,18,LYS,-3.9,168.6,1.0,2,0,X,0.0,0.0,0.0,0.0,0.0,0.0,0.0,0.0,36,0.048492521723311866,15,16,-1,0,0,0,0,0,0,0,0,1
13pk,D,19,VAL,4.2,140.0,0.0,0,0,X,0.0,0.0,0.0,0.0,0.0,0.0,0.0,0.0,46,0.05175644145468863,25,15,10,0,0,0,0,0,0,0,0,1
13pk,D,20,LEU,3.8,166.7,0.0,0,0,X,0.0,0.0,0.0,0.0,0.0,0.0,0.0,0.0,39,0.053621538444046775,18,9,9,0,0,0,0,0,0,0,0,1
13pk,D,21,ILE,4.5,166.7,0.0,0,0,X,0.0,0.0,0.0,0.0,0.0,0.0,0.0,0.0,42,0.05129016720734909,14,11,3,0,0,0,0,0,0,0,0,1
13pk,D,22,ARG,-4.5,173.4,1.0,5,0,X,0.0,0.0,0.0,0.0,0.0,0.0,0.0,0.0,43,0.050823892960009553,16,22,-6,0,0,0,0,0,0,0,0,1
13pk,D,23,VAL,4.2,140.0,0.0,0,0,X,0.0,0.0,0.0,0.0,0.0,0.0,0.0,0.0,43,0.04989134446533048,30,16,14,0,0,0,0,0,0,0,0,1
13pk,D,24,ASP,-3.5,111.1,-1.0,1,3,X,0.0,0.0,0.0,0.0,0.0,0.0,0.0,0.0,40,0.053155264196707235,37,13,24,0,0,0,0,0,0,0,0,1
13pk,D,25,PHE,2.8,189.9,0.0,0,0,X,0.0,0.0,0.0,0.0,0.0,0.0,0.0,0.0,45,0.048026247475972325,45,20,25,0,0,0,0,0,0,0,0,1
13pk,D,26,ASN,-3.5,114.1,0.0,2,2,X,0.0,0.0,0.0,0.0,0.0,0.0,0.0,0.0,37,0.043829779249916496,41,16,25,0,0,0,0,0,0,0,0,1
13pk,D,27,VAL,4.2,140.0,0.0,0,0,X,0.0,0.0,0.0,0.0,0.0,0.0,0.0,0.0,34,0.04755997322863279,36,21,15,0,0,0,0,0,0,0,0,1
13pk,D,28,PRO,-1.6,112.7,0.0,0,0,X,0.0,0.0,0.0,0.0,0.0,0.0,0.0,0.0,36,0.03683566553982344,26,26,0,0,0,0,0,0,0,0,0,1
13pk,D,29,VAL,4.2,140.0,0.0,0,0,X,0.0,0.0,0.0,0.0,0.0,0.0,0.0,0.0,27,0.03450429430312575,26,13,13,0,0,0,0,0,0,0,0,1
13pk,D,30,LYS,-3.9,168.6,1.0,2,0,X,0.0,0.0,0.0,0.0,0.0,0.0,0.0,0.0,20,0.02471253510899547,17,14,3,0,0,0,0,0,0,0,0,1
13pk,D,31,ASN,-3.5,114.1,0.0,2,2,X,0.0,0.0,0.0,0.0,0.0,0.0,0.0,0.0,13,0.019117244140921023,27,6,21,0,0,0,0,0,0,0,0,1
13pk,D,32,GLY,-0.4,60.1,0.0,0,0,X,0.0,0.0,0.0,0.0,0.0,0.0,0.0,0.0,21,0.030307826077069916,35,6,29,0,0,0,0,0,0,0,0,1
13pk,D,33,LYS,-3.9,168.6,1.0,2,0,X,0.0,0.0,0.0,0.0,0.0,0.0,0.0,0.0,22,0.03403802005578621,35,9,26,0,0,0,0,0,0,0,0,1
13pk,D,34,ILE,4.5,166.7,0.0,0,0,X,0.0,0.0,0.0,0.0,0.0,0.0,0.0,0.0,32,0.04662742473395372,55,20,35,0,0,0,0,0,0,0,0,1
13pk,D,35,THR,-0.7,116.1,0.0,1,1,X,0.0,0.0,0.0,0.0,0.0,0.0,0.0,0.0,33,0.045694876239274644,36,32,4,0,0,0,0,0,0,0,0,1
13pk,D,36,ASN,-3.5,114.1,0.0,2,2,X,0.0,0.0,0.0,0.0,0.0,0.0,0.0,0.0,33,0.048026247475972325,42,36,6,0,0,0,0,0,0,0,0,1
13pk,D,37,ASP,-3.5,111.1,-1.0,1,3,X,0.0,0.0,0.0,0.0,0.0,0.0,0.0,0.0,28,0.048958795970651406,46,16,30,0,0,0,0,0,0,0,0,1
13pk,D,38,TYR,-1.3,193.6,0.0,1,1,X,0.0,0.0,0.0,0.0,0.0,0.0,0.0,0.0,35,0.04196468226055834,38,28,10,0,0,0,0,0,0,0,0,1
13pk,D,39,ARG,-4.5,173.4,1.0,5,0,X,0.0,0.0,0.0,0.0,0.0,0.0,0.0,0.0,39,0.0526889899493677,17,25,-8,0,0,0,0,0,0,0,0,1
13pk,D,40,ILE,4.5,166.7,0.0,0,0,X,0.0,0.0,0.0,0.0,0.0,0.0,0.0,0.0,37,0.05129016720734909,34,21,13,0,0,0,0,0,0,0,0,1
13pk,D,41,ARG,-4.5,173.4,1.0,5,0,X,0.0,0.0,0.0,0.0,0.0,0.0,0.0,0.0,28,0.04243095650789788,22,31,-9,0,0,0,0,0,0,0,0,1
13pk,D,42,SER,-0.8,89.0,0.0,1,1,X,0.0,0.0,0.0,0.0,0.0,0.0,0.0,0.0,35,0.040565859518539735,31,37,-6,0,0,0,0,0,0,0,0,1
13pk,D,43,ALA,1.8,88.6,0.0,0,0,X,0.0,0.0,0.0,0.0,0.0,0.0,0.0,0.0,42,0.048026247475972325,31,20,11,0,0,0,0,0,0,0,0,1
13pk,D,44,LEU,3.8,166.7,0.0,0,0,X,0.0,0.0,0.0,0.0,0.0,0.0,0.0,0.0,43,0.045694876239274644,32,20,12,0,0,0,0,0,0,0,0,1
13pk,D,45,PRO,-1.6,112.7,0.0,0,0,X,0.0,0.0,0.0,0.0,0.0,0.0,0.0,0.0,37,0.04616115048661418,34,18,16,0,0,0,0,0,0,0,0,1
13pk,D,46,THR,-0.7,116.1,0.0,1,1,X,0.0,0.0,0.0,0.0,0.0,0.0,0.0,0.0,43,0.04709369898129325,25,17,8,0,0,0,0,0,0,0,0,1
13pk,D,47,LEU,3.8,166.7,0.0,0,0,X,0.0,0.0,0.0,0.0,0.0,0.0,0.0,0.0,43,0.04476232774459557,29,9,20,0,0,0,0,0,0,0,0,1
13pk,D,48,LYS,-3.9,168.6,1.0,2,0,X,0.0,0.0,0.0,0.0,0.0,0.0,0.0,0.0,35,0.04616115048661418,15,14,1,0,0,0,0,0,0,0,0,1
13pk,D,49,LYS,-3.9,168.6,1.0,2,0,X,0.0,0.0,0.0,0.0,0.0,0.0,0.0,0.0,33,0.04196468226055834,13,15,-2,0,0,0,0,0,0,0,0,1
13pk,D,50,VAL,4.2,140.0,0.0,0,0,X,0.0,0.0,0.0,0.0,0.0,0.0,0.0,0.0,40,0.04755997322863279,43,17,26,0,0,0,0,0,0,0,0,1
13pk,D,51,LEU,3.8,166.7,0.0,0,0,X,0.0,0.0,0.0,0.0,0.0,0.0,0.0,0.0,39,0.043829779249916496,32,18,14,0,0,0,0,0,0,0,0,1
13pk,D,52,THR,-0.7,116.1,0.0,1,1,X,0.0,0.0,0.0,0.0,0.0,0.0,0.0,0.0,29,0.0363693912924839,38,9,29,0,0,0,0,0,0,0,0,1
13pk,D,53,GLU,-3.5,138.4,-1.0,1,3,X,0.0,0.0,0.0,0.0,0.0,0.0,0.0,0.0,25,0.03357174580844668,38,8,30,0,0,0,0,0,0,0,0,1
13pk,D,54,GLY,-0.4,60.1,0.0,0,0,X,0.0,0.0,0.0,0.0,0.0,0.0,0.0,0.0,26,0.03823448828184205,33,26,7,0,0,0,0,0,0,0,0,1
13pk,D,55,GLY,-0.4,60.1,0.0,0,0,X,0.0,0.0,0.0,0.0,0.0,0.0,0.0,0.0,32,0.04989134446533048,40,25,15,0,0,0,0,0,0,0,0,1
13pk,D,56,SER,-0.8,89.0,0.0,1,1,X,0.0,0.0,0.0,0.0,0.0,0.0,0.0,0.0,36,0.05035761871267001,28,21,7,0,0,0,0,0,0,0,0,1
13pk,D,57,CYS,2.5,108.5,0.0,1,0,X,0.0,0.0,0.0,0.0,0.0,0.0,0.0,0.0,43,0.05129016720734909,26,9,17,0,0,0,0,0,0,0,0,1
13pk,D,58,VAL,4.2,140.0,0.0,0,0,X,0.0,0.0,0.0,0.0,0.0,0.0,0.0,0.0,43,0.05175644145468863,16,9,7,0,0,0,0,0,0,0,0,1
13pk,D,59,LEU,3.8,166.7,0.0,0,0,X,0.0,0.0,0.0,0.0,0.0,0.0,0.0,0.0,41,0.04709369898129325,12,11,1,0,0,0,0,0,0,0,0,1
13pk,D,60,MET,1.9,162.9,0.0,0,0,X,0.0,0.0,0.0,0.0,0.0,0.0,0.0,0.0,42,0.05222271570202816,20,17,3,0,0,0,0,0,0,0,0,1
13pk,D,61,SER,-0.8,89.0,0.0,1,1,X,0.0,0.0,0.0,0.0,0.0,0.0,0.0,0.0,40,0.05595290968074446,32,22,10,0,0,0,0,0,0,0,0,1
13pk,D,62,HIS,-3.2,153.2,0.1,2,1,X,0.0,0.0,0.0,0.0,0.0,0.0,0.0,0.0,34,0.053621538444046775,41,19,22,0,0,0,0,0,0,0,0,1
13pk,D,63,LEU,3.8,166.7,0.0,0,0,X,0.0,0.0,0.0,0.0,0.0,0.0,0.0,0.0,34,0.048026247475972325,43,15,28,0,0,0,0,0,0,0,0,1
13pk,D,64,GLY,-0.4,60.1,0.0,0,0,X,0.0,0.0,0.0,0.0,0.0,0.0,0.0,0.0,28,0.03403802005578621,54,3,51,0,0,0,0,0,0,0,0,1
13pk,D,65,ARG,-4.5,173.4,1.0,5,0,X,0.0,0.0,0.0,0.0,0.0,0.0,0.0,0.0,15,0.030307826077069916,42,5,37,0,0,0,0,0,0,0,0,1
13pk,D,66,PRO,-1.6,112.7,0.0,0,0,X,0.0,0.0,0.0,0.0,0.0,0.0,0.0,0.0,26,0.03823448828184205,56,4,52,0,0,0,0,0,0,0,0,1
13pk,D,67,LYS,-3.9,168.6,1.0,2,0,X,0.0,0.0,0.0,0.0,0.0,0.0,0.0,0.0,17,0.02611135785101408,25,0,25,0,0,0,0,0,0,0,0,1
13pk,D,68,GLY,-0.4,60.1,0.0,0,0,X,0.0,0.0,0.0,0.0,0.0,0.0,0.0,0.0,24,0.04196468226055834,31,13,18,0,0,0,0,0,0,0,0,1
13pk,D,69,ILE,4.5,166.7,0.0,0,0,X,0.0,0.0,0.0,0.0,0.0,0.0,0.0,0.0,28,0.04289723075523742,26,12,14,0,0,0,0,0,0,0,0,1
13pk,D,70,PRO,-1.6,112.7,0.0,0,0,X,0.0,0.0,0.0,0.0,0.0,0.0,0.0,0.0,23,0.03450429430312575,23,14,9,0,0,0,0,0,0,0,0,1
13pk,D,71,MET,1.9,162.9,0.0,0,0,X,0.0,0.0,0.0,0.0,0.0,0.0,0.0,0.0,30,0.04149840801321881,23,25,-2,0,0,0,0,0,0,0,0,1
13pk,D,72,ALA,1.8,88.6,0.0,0,0,X,0.0,0.0,0.0,0.0,0.0,0.0,0.0,0.0,14,0.026577632098353617,20,6,14,0,0,0,0,0,0,0,0,1
13pk,D,73,GLN,-3.5,143.8,0.0,2,2,X,0.0,0.0,0.0,0.0,0.0,0.0,0.0,0.0,16,0.030774100324409453,22,4,18,0,0,0,0,0,0,0,0,1
13pk,D,74,ALA,1.8,88.6,0.0,0,0,X,0.0,0.0,0.0,0.0,0.0,0.0,0.0,0.0,25,0.045694876239274644,21,8,13,0,0,0,0,0,0,0,0,1
13pk,D,75,GLY,-0.4,60.1,0.0,0,0,X,0.0,0.0,0.0,0.0,0.0,0.0,0.0,0.0,20,0.02984155182973038,20,3,17,0,0,0,0,0,0,0,0,1
13pk,D,76,LYS,-3.9,168.6,1.0,2,0,X,0.0,0.0,0.0,0.0,0.0,0.0,0.0,0.0,14,0.027510180593032695,11,0,11,0,0,0,0,0,0,0,0,1
13pk,D,77,ILE,4.5,166.7,0.0,0,0,X,0.0,0.0,0.0,0.0,0.0,0.0,0.0,0.0,20,0.03450429430312575,20,4,16,0,0,0,0,0,0,0,0,1
13pk,D,78,ARG,-4.5,173.4,1.0,5,0,X,0.0,0.0,0.0,0.0,0.0,0.0,0.0,0.0,23,0.034970568550465285,9,8,1,0,0,0,0,0,0,0,0,1
13pk,D,79,SER,-0.8,89.0,0.0,1,1,X,0.0,0.0,0.0,0.0,0.0,0.0,0.0,0.0,14,0.021914889624958248,18,1,17,0,0,0,0,0,0,0,0,1
13pk,D,80,THR,-0.7,116.1,0.0,1,1,X,0.0,0.0,0.0,0.0,0.0,0.0,0.0,0.0,11,0.020516066882939634,14,0,14,0,0,0,0,0,0,0,0,1
13pk,D,81,GLY,-0.4,60.1,0.0,0,0,X,0.0,0.0,0.0,0.0,0.0,0.0,0.0,0.0,14,0.020049792635600097,14,3,11,0,0,0,0,0,0,0,0,1
13pk,D,82,GLY,-0.4,60.1,0.0,0,0,X,0.0,0.0,0.0,0.0,0.0,0.0,0.0,0.0,19,0.02611135785101408,16,7,9,0,0,0,0,0,0,0,0,1
13pk,D,83,VAL,4.2,140.0,0.0,0,0,X,0.0,0.0,0.0,0.0,0.0,0.0,0.0,0.0,28,0.03870076252918159,13,16,-3,0,0,0,0,0,0,0,0,1
13pk,D,84,PRO,-1.6,112.7,0.0,0,0,X,0.0,0.0,0.0,0.0,0.0,0.0,0.0,0.0,33,0.04616115048661418,20,17,3,0,0,0,0,0,0,0,0,1
13pk,D,85,GLY,-0.4,60.1,0.0,0,0,X,0.0,0.0,0.0,0.0,0.0,0.0,0.0,0.0,31,0.04289723075523742,26,12,14,0,0,0,0,0,0,0,0,1
13pk,D,86,PHE,2.8,189.9,0.0,0,0,X,0.0,0.0,0.0,0.0,0.0,0.0,0.0,0.0,25,0.03963331102386066,15,12,3,0,0,0,0,0,0,0,0,1
13pk,D,87,GLN,-3.5,143.8,0.0,2,2,X,0.0,0.0,0.0,0.0,0.0,0.0,0.0,0.0,21,0.034970568550465285,28,4,24,0,0,0,0,0,0,0,0,1
13pk,D,88,GLN,-3.5,143.8,0.0,2,2,X,0.0,0.0,0.0,0.0,0.0,0.0,0.0,0.0,20,0.02611135785101408,18,4,14,0,0,0,0,0,0,0,0,1
13pk,D,89,LYS,-3.9,168.6,1.0,2,0,X,0.0,0.0,0.0,0.0,0.0,0.0,0.0,0.0,21,0.02984155182973038,13,2,11,0,0,0,0,0,0,0,0,1
13pk,D,90,ALA,1.8,88.6,0.0,0,0,X,0.0,0.0,0.0,0.0,0.0,0.0,0.0,0.0,31,0.04662742473395372,37,8,29,0,0,0,0,0,0,0,0,1
13pk,D,91,THR,-0.7,116.1,0.0,1,1,X,0.0,0.0,0.0,0.0,0.0,0.0,0.0,0.0,34,0.048492521723311866,25,10,15,0,0,0,0,0,0,0,0,1
13pk,D,92,LEU,3.8,166.7,0.0,0,0,X,0.0,0.0,0.0,0.0,0.0,0.0,0.0,0.0,44,0.053621538444046775,28,12,16,0,0,0,0,0,0,0,0,1
13pk,D,93,LYS,-3.9,168.6,1.0,2,0,X,0.0,0.0,0.0,0.0,0.0,0.0,0.0,0.0,26,0.03916703677652112,13,8,5,0,0,0,0,0,0,0,0,1
13pk,D,94,PRO,-1.6,112.7,0.0,0,0,X,0.0,0.0,0.0,0.0,0.0,0.0,0.0,0.0,30,0.03870076252918159,43,9,34,0,0,0,0,0,0,0,0,1
13pk,D,95,VAL,4.2,140.0,0.0,0,0,X,0.0,0.0,0.0,0.0,0.0,0.0,0.0,0.0,40,0.04662742473395372,38,22,16,0,0,0,0,0,0,0,0,1
13pk,D,96,ALA,1.8,88.6,0.0,0,0,X,0.0,0.0,0.0,0.0,0.0,0.0,0.0,0.0,29,0.048492521723311866,30,11,19,0,0,0,0,0,0,0,0,1
13pk,D,97,LYS,-3.9,168.6,1.0,2,0,X,0.0,0.0,0.0,0.0,0.0,0.0,0.0,0.0,25,0.03916703677652112,37,9,28,0,0,0,0,0,0,0,0,1
13pk,D,98,ARG,-4.5,173.4,1.0,5,0,X,0.0,0.0,0.0,0.0,0.0,0.0,0.0,0.0,29,0.04149840801321881,34,28,6,0,0,0,0,0,0,0,0,1
13pk,D,99,LEU,3.8,166.7,0.0,0,0,X,0.0,0.0,0.0,0.0,0.0,0.0,0.0,0.0,38,0.048958795970651406,39,14,25,0,0,0,0,0,0,0,0,1
13pk,D,100,SER,-0.8,89.0,0.0,1,1,X,0.0,0.0,0.0,0.0,0.0,0.0,0.0,0.0,32,0.04429605349725603,45,9,36,0,0,0,0,0,0,0,0,1
13pk,D,101,GLU,-3.5,138.4,-1.0,1,3,X,0.0,0.0,0.0,0.0,0.0,0.0,0.0,0.0,26,0.04942507021799094,50,9,41,0,0,0,0,0,0,0,0,1
13pk,D,102,LEU,3.8,166.7,0.0,0,0,X,0.0,0.0,0.0,0.0,0.0,0.0,0.0,0.0,33,0.04196468226055834,45,32,13,0,0,0,0,0,0,0,0,1
13pk,D,103,LEU,3.8,166.7,0.0,0,0,X,0.0,0.0,0.0,0.0,0.0,0.0,0.0,0.0,41,0.040565859518539735,34,18,16,0,0,0,0,0,0,0,0,1
13pk,D,104,LEU,3.8,166.7,0.0,0,0,X,0.0,0.0,0.0,0.0,0.0,0.0,0.0,0.0,31,0.0363693912924839,26,18,8,0,0,0,0,0,0,0,0,1
13pk,D,105,ARG,-4.5,173.4,1.0,5,0,X,0.0,0.0,0.0,0.0,0.0,0.0,0.0,0.0,33,0.030774100324409453,8,18,-10,0,0,0,0,0,0,0,0,1
13pk,D,106,PRO,-1.6,112.7,0.0,0,0,X,0.0,0.0,0.0,0.0,0.0,0.0,0.0,0.0,22,0.030307826077069916,22,14,8,0,0,0,0,0,0,0,0,1
13pk,D,107,VAL,4.2,140.0,0.0,0,0,X,0.0,0.0,0.0,0.0,0.0,0.0,0.0,0.0,32,0.04149840801321881,28,14,14,0,0,0,0,0,0,0,0,1
13pk,D,108,THR,-0.7,116.1,0.0,1,1,X,0.0,0.0,0.0,0.0,0.0,0.0,0.0,0.0,27,0.030307826077069916,13,10,3,0,0,0,0,0,0,0,0,1
13pk,D,109,PHE,2.8,189.9,0.0,0,0,X,0.0,0.0,0.0,0.0,0.0,0.0,0.0,0.0,27,0.03916703677652112,15,14,1,0,0,0,0,0,0,0,0,1
13pk,D,110,ALA,1.8,88.6,0.0,0,0,X,0.0,0.0,0.0,0.0,0.0,0.0,0.0,0.0,30,0.04243095650789788,8,24,-16,0,0,0,0,0,0,0,0,1
13pk,D,111,PRO,-1.6,112.7,0.0,0,0,X,0.0,0.0,0.0,0.0,0.0,0.0,0.0,0.0,29,0.0363693912924839,11,20,-9,0,0,0,0,0,0,0,0,1
13pk,D,112,ASP,-3.5,111.1,-1.0,1,3,X,0.0,0.0,0.0,0.0,0.0,0.0,0.0,0.0,31,0.048958795970651406,11,13,-2,0,0,0,0,0,0,0,0,1
13pk,D,113,CYS,2.5,108.5,0.0,1,0,X,0.0,0.0,0.0,0.0,0.0,0.0,0.0,0.0,39,0.048958795970651406,9,21,-12,0,0,0,0,0,0,0,0,1
13pk,D,114,LEU,3.8,166.7,0.0,0,0,X,0.0,0.0,0.0,0.0,0.0,0.0,0.0,0.0,38,0.04243095650789788,12,23,-11,0,0,0,0,0,0,0,0,1
13pk,D,115,ASN,-3.5,114.1,0.0,2,2,X,0.0,0.0,0.0,0.0,0.0,0.0,0.0,0.0,23,0.035436842797804825,11,18,-7,0,0,0,0,0,0,0,0,1
13pk,D,116,ALA,1.8,88.6,0.0,0,0,X,0.0,0.0,0.0,0.0,0.0,0.0,0.0,0.0,28,0.03916703677652112,12,20,-8,0,0,0,0,0,0,0,0,1
13pk,D,117,ALA,1.8,88.6,0.0,0,0,X,0.0,0.0,0.0,0.0,0.0,0.0,0.0,0.0,21,0.03310547156110714,11,11,0,0,0,0,0,0,0,0,0,1
13pk,D,118,ASP,-3.5,111.1,-1.0,1,3,X,0.0,0.0,0.0,0.0,0.0,0.0,0.0,0.0,19,0.025178809356335007,10,2,8,0,0,0,0,0,0,0,0,1
13pk,D,119,VAL,4.2,140.0,0.0,0,0,X,0.0,0.0,0.0,0.0,0.0,0.0,0.0,0.0,25,0.03170664881908853,12,15,-3,0,0,0,0,0,0,0,0,1
13pk,D,120,VAL,4.2,140.0,0.0,0,0,X,0.0,0.0,0.0,0.0,0.0,0.0,0.0,0.0,32,0.04196468226055834,18,17,1,0,0,0,0,0,0,0,0,1
13pk,D,121,SER,-0.8,89.0,0.0,1,1,X,0.0,0.0,0.0,0.0,0.0,0.0,0.0,0.0,16,0.028909003335051305,14,11,3,0,0,0,0,0,0,0,0,1
13pk,D,122,LYS,-3.9,168.6,1.0,2,0,X,0.0,0.0,0.0,0.0,0.0,0.0,0.0,0.0,12,0.02611135785101408,3,12,-9,0,0,0,0,0,0,0,0,1
13pk,D,123,MET,1.9,162.9,0.0,0,0,X,0.0,0.0,0.0,0.0,0.0,0.0,0.0,0.0,28,0.03683566553982344,22,13,9,0,0,0,0,0,0,0,0,1
13pk,D,124,SER,-0.8,89.0,0.0,1,1,X,0.0,0.0,0.0,0.0,0.0,0.0,0.0,0.0,21,0.02797645484037223,20,11,9,0,0,0,0,0,0,0,0,1
13pk,D,125,PRO,-1.6,112.7,0.0,0,0,X,0.0,0.0,0.0,0.0,0.0,0.0,0.0,0.0,26,0.03403802005578621,30,19,11,0,0,0,0,0,0,0,0,1
13pk,D,126,GLY,-0.4,60.1,0.0,0,0,X,0.0,0.0,0.0,0.0,0.0,0.0,0.0,0.0,33,0.035436842797804825,23,15,8,0,0,0,0,0,0,0,0,1
13pk,D,127,ASP,-3.5,111.1,-1.0,1,3,X,0.0,0.0,0.0,0.0,0.0,0.0,0.0,0.0,27,0.04149840801321881,25,0,25,0,0,0,0,0,0,0,0,1
13pk,D,128,VAL,4.2,140.0,0.0,0,0,X,0.0,0.0,0.0,0.0,0.0,0.0,0.0,0.0,34,0.048492521723311866,12,8,4,0,0,0,0,0,0,0,0,1
13pk,D,129,VAL,4.2,140.0,0.0,0,0,X,0.0,0.0,0.0,0.0,0.0,0.0,0.0,0.0,40,0.04755997322863279,10,13,-3,0,0,0,0,0,0,0,0,1
13pk,D,130,LEU,3.8,166.7,0.0,0,0,X,0.0,0.0,0.0,0.0,0.0,0.0,0.0,0.0,40,0.05175644145468863,13,14,-1,0,0,0,0,0,0,0,0,1
13pk,D,131,LEU,3.8,166.7,0.0,0,0,X,0.0,0.0,0.0,0.0,0.0,0.0,0.0,0.0,42,0.0526889899493677,6,17,-11,0,0,0,0,0,0,0,0,1
13pk,D,132,GLU,-3.5,138.4,-1.0,1,3,X,0.0,0.0,0.0,0.0,0.0,0.0,0.0,0.0,37,0.05548663543340492,19,8,11,0,0,0,0,0,0,0,0,1
13pk,D,133,ASN,-3.5,114.1,0.0,2,2,X,0.0,0.0,0.0,0.0,0.0,0.0,0.0,0.0,44,0.05455408693872585,38,22,16,0,0,0,0,0,0,0,0,1
13pk,D,134,VAL,4.2,140.0,0.0,0,0,X,0.0,0.0,0.0,0.0,0.0,0.0,0.0,0.0,42,0.05595290968074446,33,32,1,0,0,0,0,0,0,0,0,1
13pk,D,135,ARG,-4.5,173.4,1.0,5,0,X,0.0,0.0,0.0,0.0,0.0,0.0,0.0,0.0,35,0.053155264196707235,44,16,28,0,0,0,0,0,0,0,0,1
13pk,D,136,PHE,2.8,189.9,0.0,0,0,X,0.0,0.0,0.0,0.0,0.0,0.0,0.0,0.0,38,0.056419183928083996,34,25,9,0,0,0,0,0,0,0,0,1
13pk,D,137,TYR,-1.3,193.6,0.0,1,1,X,0.0,0.0,0.0,0.0,0.0,0.0,0.0,0.0,41,0.05175644145468863,25,34,-9,0,0,0,0,0,0,0,0,1
13pk,D,138,LYS,-3.9,168.6,1.0,2,0,X,0.0,0.0,0.0,0.0,0.0,0.0,0.0,0.0,25,0.04289723075523742,22,24,-2,0,0,0,0,0,0,0,0,1
13pk,D,139,GLU,-3.5,138.4,-1.0,1,3,X,0.0,0.0,0.0,0.0,0.0,0.0,0.0,0.0,35,0.04755997322863279,50,22,28,0,0,0,0,0,0,0,0,1
13pk,D,140,GLU,-3.5,138.4,-1.0,1,3,X,0.0,0.0,0.0,0.0,0.0,0.0,0.0,0.0,40,0.04989134446533048,55,24,31,0,0,0,0,0,0,0,0,1
13pk,D,141,GLY,-0.4,60.1,0.0,0,0,X,0.0,0.0,0.0,0.0,0.0,0.0,0.0,0.0,29,0.040565859518539735,61,34,27,0,0,0,0,0,0,0,0,1
13pk,D,142,SER,-0.8,89.0,0.0,1,1,X,0.0,0.0,0.0,0.0,0.0,0.0,0.0,0.0,22,0.03870076252918159,50,40,10,0,0,0,0,0,0,0,0,1
13pk,D,143,LYS,-3.9,168.6,1.0,2,0,X,0.0,0.0,0.0,0.0,0.0,0.0,0.0,0.0,13,0.027510180593032695,32,24,8,0,0,0,0,0,0,0,0,1
13pk,D,144,LYS,-3.9,168.6,1.0,2,0,X,0.0,0.0,0.0,0.0,0.0,0.0,0.0,0.0,12,0.02844272908771177,32,25,7,0,0,0,0,0,0,0,0,1
13pk,D,145,ALA,1.8,88.6,0.0,0,0,X,0.0,0.0,0.0,0.0,0.0,0.0,0.0,0.0,21,0.03357174580844668,44,32,12,0,0,0,0,0,0,0,0,1
13pk,D,146,LYS,-3.9,168.6,1.0,2,0,X,0.0,0.0,0.0,0.0,0.0,0.0,0.0,0.0,13,0.02797645484037223,30,25,5,0,0,0,0,0,0,0,0,1
13pk,D,147,ASP,-3.5,111.1,-1.0,1,3,X,0.0,0.0,0.0,0.0,0.0,0.0,0.0,0.0,22,0.04289723075523742,48,23,25,0,0,0,0,0,0,0,0,1
13pk,D,148,ARG,-4.5,173.4,1.0,5,0,X,0.0,0.0,0.0,0.0,0.0,0.0,0.0,0.0,28,0.05502036118606539,39,43,-4,0,0,0,0,0,0,0,0,1
13pk,D,149,GLU,-3.5,138.4,-1.0,1,3,X,0.0,0.0,0.0,0.0,0.0,0.0,0.0,0.0,27,0.043363505002576956,44,19,25,0,0,0,0,0,0,0,0,1
13pk,D,150,ALA,1.8,88.6,0.0,0,0,X,0.0,0.0,0.0,0.0,0.0,0.0,0.0,0.0,26,0.035436842797804825,27,31,-4,0,0,0,0,0,0,0,0,1
13pk,D,151,MET,1.9,162.9,0.0,0,0,X,0.0,0.0,0.0,0.0,0.0,0.0,0.0,0.0,42,0.04662742473395372,30,33,-3,0,0,0,0,0,0,0,0,1
13pk,D,152,ALA,1.8,88.6,0.0,0,0,X,0.0,0.0,0.0,0.0,0.0,0.0,0.0,0.0,33,0.04942507021799094,29,27,2,0,0,0,0,0,0,0,0,1
13pk,D,153,LYS,-3.9,168.6,1.0,2,0,X,0.0,0.0,0.0,0.0,0.0,0.0,0.0,0.0,21,0.03823448828184205,13,13,0,0,0,0,0,0,0,0,0,1
13pk,D,154,ILE,4.5,166.7,0.0,0,0,X,0.0,0.0,0.0,0.0,0.0,0.0,0.0,0.0,29,0.0363693912924839,14,8,6,0,0,0,0,0,0,0,0,1
13pk,D,155,LEU,3.8,166.7,0.0,0,0,X,0.0,0.0,0.0,0.0,0.0,0.0,0.0,0.0,40,0.04662742473395372,11,12,-1,0,0,0,0,0,0,0,0,1
13pk,D,156,ALA,1.8,88.6,0.0,0,0,X,0.0,0.0,0.0,0.0,0.0,0.0,0.0,0.0,34,0.045228601991935104,16,10,6,0,0,0,0,0,0,0,0,1
13pk,D,157,SER,-0.8,89.0,0.0,1,1,X,0.0,0.0,0.0,0.0,0.0,0.0,0.0,0.0,26,0.02797645484037223,13,9,4,0,0,0,0,0,0,0,0,1
13pk,D,158,TYR,-1.3,193.6,0.0,1,1,X,0.0,0.0,0.0,0.0,0.0,0.0,0.0,0.0,35,0.04196468226055834,13,11,2,0,0,0,0,0,0,0,0,1
13pk,D,159,GLY,-0.4,60.1,0.0,0,0,X,0.0,0.0,0.0,0.0,0.0,0.0,0.0,0.0,30,0.043363505002576956,18,8,10,0,0,0,0,0,0,0,0,1
13pk,D,160,ASP,-3.5,111.1,-1.0,1,3,X,0.0,0.0,0.0,0.0,0.0,0.0,0.0,0.0,24,0.03403802005578621,21,7,14,0,0,0,0,0,0,0,0,1
13pk,D,161,VAL,4.2,140.0,0.0,0,0,X,0.0,0.0,0.0,0.0,0.0,0.0,0.0,0.0,36,0.043829779249916496,23,19,4,0,0,0,0,0,0,0,0,1
13pk,D,162,TYR,-1.3,193.6,0.0,1,1,X,0.0,0.0,0.0,0.0,0.0,0.0,0.0,0.0,44,0.050823892960009553,17,14,3,0,0,0,0,0,0,0,0,1
13pk,D,163,ILE,4.5,166.7,0.0,0,0,X,0.0,0.0,0.0,0.0,0.0,0.0,0.0,0.0,46,0.05129016720734909,20,14,6,0,0,0,0,0,0,0,0,1
13pk,D,164,SER,-0.8,89.0,0.0,1,1,X,0.0,0.0,0.0,0.0,0.0,0.0,0.0,0.0,43,0.0526889899493677,14,18,-4,0,0,0,0,0,0,0,0,1
13pk,D,165,ASP,-3.5,111.1,-1.0,1,3,X,0.0,0.0,0.0,0.0,0.0,0.0,0.0,0.0,41,0.05035761871267001,19,25,-6,0,0,0,0,0,0,0,0,1
13pk,D,166,ALA,1.8,88.6,0.0,0,0,X,0.0,0.0,0.0,0.0,0.0,0.0,0.0,0.0,46,0.04709369898129325,40,25,15,0,0,0,0,0,0,0,0,1
13pk,D,167,PHE,2.8,189.9,0.0,0,0,X,0.0,0.0,0.0,0.0,0.0,0.0,0.0,0.0,41,0.053155264196707235,26,29,-3,0,0,0,0,0,0,0,0,1
13pk,D,168,GLY,-0.4,60.1,0.0,0,0,X,0.0,0.0,0.0,0.0,0.0,0.0,0.0,0.0,40,0.045694876239274644,43,27,16,0,0,0,0,0,0,0,0,1
13pk,D,169,THR,-0.7,116.1,0.0,1,1,X,0.0,0.0,0.0,0.0,0.0,0.0,0.0,0.0,38,0.04243095650789788,51,22,29,0,0,0,0,0,0,0,0,1
13pk,D,170,ALA,1.8,88.6,0.0,0,0,X,0.0,0.0,0.0,0.0,0.0,0.0,0.0,0.0,36,0.048492521723311866,36,21,15,0,0,0,0,0,0,0,0,1
13pk,D,171,HIS,-3.2,153.2,0.1,2,1,X,0.0,0.0,0.0,0.0,0.0,0.0,0.0,0.0,31,0.04755997322863279,24,17,7,0,0,0,0,0,0,0,0,1
13pk,D,172,ARG,-4.5,173.4,1.0,5,0,X,0.0,0.0,0.0,0.0,0.0,0.0,0.0,0.0,29,0.0363693912924839,35,21,14,0,0,0,0,0,0,0,0,1
13pk,D,173,ASP,-3.5,111.1,-1.0,1,3,X,0.0,0.0,0.0,0.0,0.0,0.0,0.0,0.0,31,0.03963331102386066,48,11,37,0,0,0,0,0,0,0,0,1
13pk,D,174,SER,-0.8,89.0,0.0,1,1,X,0.0,0.0,0.0,0.0,0.0,0.0,0.0,0.0,39,0.043829779249916496,53,31,22,0,0,0,0,0,0,0,0,1
13pk,D,175,ALA,1.8,88.6,0.0,0,0,X,0.0,0.0,0.0,0.0,0.0,0.0,0.0,0.0,42,0.053155264196707235,48,38,10,0,0,0,0,0,0,0,0,1
13pk,D,176,THR,-0.7,116.1,0.0,1,1,X,0.0,0.0,0.0,0.0,0.0,0.0,0.0,0.0,47,0.050823892960009553,37,22,15,0,0,0,0,0,0,0,0,1
13pk,D,177,MET,1.9,162.9,0.0,0,0,X,0.0,0.0,0.0,0.0,0.0,0.0,0.0,0.0,44,0.05595290968074446,41,22,19,0,0,0,0,0,0,0,0,1
13pk,D,178,THR,-0.7,116.1,0.0,1,1,X,0.0,0.0,0.0,0.0,0.0,0.0,0.0,0.0,35,0.048958795970651406,33,24,9,0,0,0,0,0,0,0,0,1
13pk,D,179,GLY,-0.4,60.1,0.0,0,0,X,0.0,0.0,0.0,0.0,0.0,0.0,0.0,0.0,37,0.050823892960009553,32,26,6,0,0,0,0,0,0,0,0,1
13pk,D,180,ILE,4.5,166.7,0.0,0,0,X,0.0,0.0,0.0,0.0,0.0,0.0,0.0,0.0,39,0.05222271570202816,25,11,14,0,0,0,0,0,0,0,0,1
13pk,D,181,PRO,-1.6,112.7,0.0,0,0,X,0.0,0.0,0.0,0.0,0.0,0.0,0.0,0.0,35,0.04989134446533048,12,11,1,0,0,0,0,0,0,0,0,1
13pk,D,182,LYS,-3.9,168.6,1.0,2,0,X,0.0,0.0,0.0,0.0,0.0,0.0,0.0,0.0,27,0.03403802005578621,12,14,-2,0,0,0,0,0,0,0,0,1
13pk,D,183,ILE,4.5,166.7,0.0,0,0,X,0.0,0.0,0.0,0.0,0.0,0.0,0.0,0.0,26,0.03403802005578621,20,10,10,0,0,0,0,0,0,0,0,1
13pk,D,184,LEU,3.8,166.7,0.0,0,0,X,0.0,0.0,0.0,0.0,0.0,0.0,0.0,0.0,27,0.03450429430312575,12,10,2,0,0,0,0,0,0,0,0,1
13pk,D,185,GLY,-0.4,60.1,0.0,0,0,X,0.0,0.0,0.0,0.0,0.0,0.0,0.0,0.0,20,0.022847438119637322,12,11,1,0,0,0,0,0,0,0,0,1
13pk,D,186,ASN,-3.5,114.1,0.0,2,2,X,0.0,0.0,0.0,0.0,0.0,0.0,0.0,0.0,31,0.03683566553982344,17,17,0,0,0,0,0,0,0,0,0,1
13pk,D,187,GLY,-0.4,60.1,0.0,0,0,X,0.0,0.0,0.0,0.0,0.0,0.0,0.0,0.0,38,0.04989134446533048,29,22,7,0,0,0,0,0,0,0,0,1
13pk,D,188,ALA,1.8,88.6,0.0,0,0,X,0.0,0.0,0.0,0.0,0.0,0.0,0.0,0.0,41,0.05222271570202816,29,38,-9,0,0,0,0,0,0,0,0,1
13pk,D,189,ALA,1.8,88.6,0.0,0,0,X,0.0,0.0,0.0,0.0,0.0,0.0,0.0,0.0,40,0.05502036118606539,26,39,-13,0,0,0,0,0,0,0,0,1
13pk,D,190,GLY,-0.4,60.1,0.0,0,0,X,0.0,0.0,0.0,0.0,0.0,0.0,0.0,0.0,40,0.04942507021799094,31,24,7,0,0,0,0,0,0,0,0,1
13pk,D,191,TYR,-1.3,193.6,0.0,1,1,X,0.0,0.0,0.0,0.0,0.0,0.0,0.0,0.0,33,0.04476232774459557,31,24,7,0,0,0,0,0,0,0,0,1
13pk,D,192,LEU,3.8,166.7,0.0,0,0,X,0.0,0.0,0.0,0.0,0.0,0.0,0.0,0.0,40,0.048958795970651406,29,33,-4,0,0,0,0,0,0,0,0,1
13pk,D,193,MET,1.9,162.9,0.0,0,0,X,0.0,0.0,0.0,0.0,0.0,0.0,0.0,0.0,41,0.04942507021799094,28,28,0,0,0,0,0,0,0,0,0,1
13pk,D,194,GLU,-3.5,138.4,-1.0,1,3,X,0.0,0.0,0.0,0.0,0.0,0.0,0.0,0.0,27,0.03963331102386066,21,28,-7,0,0,0,0,0,0,0,0,1
13pk,D,195,LYS,-3.9,168.6,1.0,2,0,X,0.0,0.0,0.0,0.0,0.0,0.0,0.0,0.0,27,0.03963331102386066,23,25,-2,0,0,0,0,0,0,0,0,1
13pk,D,196,GLU,-3.5,138.4,-1.0,1,3,X,0.0,0.0,0.0,0.0,0.0,0.0,0.0,0.0,40,0.050823892960009553,22,15,7,0,0,0,0,0,0,0,0,1
13pk,D,197,ILE,4.5,166.7,0.0,0,0,X,0.0,0.0,0.0,0.0,0.0,0.0,0.0,0.0,32,0.040565859518539735,26,28,-2,0,0,0,0,0,0,0,0,1
13pk,D,198,SER,-0.8,89.0,0.0,1,1,X,0.0,0.0,0.0,0.0,0.0,0.0,0.0,0.0,22,0.03450429430312575,26,25,1,0,0,0,0,0,0,0,0,1
13pk,D,199,TYR,-1.3,193.6,0.0,1,1,X,0.0,0.0,0.0,0.0,0.0,0.0,0.0,0.0,28,0.04149840801321881,27,12,15,0,0,0,0,0,0,0,0,1
13pk,D,200,PHE,2.8,189.9,0.0,0,0,X,0.0,0.0,0.0,0.0,0.0,0.0,0.0,0.0,37,0.04755997322863279,28,13,15,0,0,0,0,0,0,0,0,1
13pk,D,201,ALA,1.8,88.6,0.0,0,0,X,0.0,0.0,0.0,0.0,0.0,0.0,0.0,0.0,24,0.032172923066428064,16,10,6,0,0,0,0,0,0,0,0,1
13pk,D,202,LYS,-3.9,168.6,1.0,2,0,X,0.0,0.0,0.0,0.0,0.0,0.0,0.0,0.0,17,0.026577632098353617,5,5,0,0,0,0,0,0,0,0,0,1
13pk,D,203,VAL,4.2,140.0,0.0,0,0,X,0.0,0.0,0.0,0.0,0.0,0.0,0.0,0.0,27,0.035436842797804825,23,2,21,0,0,0,0,0,0,0,0,1
13pk,D,204,LEU,3.8,166.7,0.0,0,0,X,0.0,0.0,0.0,0.0,0.0,0.0,0.0,0.0,27,0.03730193978716297,26,6,20,0,0,0,0,0,0,0,0,1
13pk,D,205,GLY,-0.4,60.1,0.0,0,0,X,0.0,0.0,0.0,0.0,0.0,0.0,0.0,0.0,18,0.025178809356335007,25,0,25,0,0,0,0,0,0,0,0,1
13pk,D,206,ASN,-3.5,114.1,0.0,2,2,X,0.0,0.0,0.0,0.0,0.0,0.0,0.0,0.0,14,0.022847438119637322,23,0,23,0,0,0,0,0,0,0,0,1
13pk,D,207,PRO,-1.6,112.7,0.0,0,0,X,0.0,0.0,0.0,0.0,0.0,0.0,0.0,0.0,23,0.03590311704514436,35,4,31,0,0,0,0,0,0,0,0,1
13pk,D,208,PRO,-1.6,112.7,0.0,0,0,X,0.0,0.0,0.0,0.0,0.0,0.0,0.0,0.0,26,0.03357174580844668,26,4,22,0,0,0,0,0,0,0,0,1
13pk,D,209,ARG,-4.5,173.4,1.0,5,0,X,0.0,0.0,0.0,0.0,0.0,0.0,0.0,0.0,24,0.03403802005578621,21,8,13,0,0,0,0,0,0,0,0,1
13pk,D,210,PRO,-1.6,112.7,0.0,0,0,X,0.0,0.0,0.0,0.0,0.0,0.0,0.0,0.0,25,0.040099585271200194,32,8,24,0,0,0,0,0,0,0,0,1
13pk,D,211,LEU,3.8,166.7,0.0,0,0,X,0.0,0.0,0.0,0.0,0.0,0.0,0.0,0.0,36,0.05222271570202816,33,8,25,0,0,0,0,0,0,0,0,1
13pk,D,212,VAL,4.2,140.0,0.0,0,0,X,0.0,0.0,0.0,0.0,0.0,0.0,0.0,0.0,40,0.05548663543340492,23,8,15,0,0,0,0,0,0,0,0,1
13pk,D,213,ALA,1.8,88.6,0.0,0,0,X,0.0,0.0,0.0,0.0,0.0,0.0,0.0,0.0,38,0.048958795970651406,5,7,-2,0,0,0,0,0,0,0,0,1
13pk,D,214,ILE,4.5,166.7,0.0,0,0,X,0.0,0.0,0.0,0.0,0.0,0.0,0.0,0.0,44,0.050823892960009553,2,0,2,0,0,0,0,0,0,0,0,1
13pk,D,215,VAL,4.2,140.0,0.0,0,0,X,0.0,0.0,0.0,0.0,0.0,0.0,0.0,0.0,42,0.05035761871267001,10,0,10,0,0,0,0,0,0,0,0,1
13pk,D,216,GLY,-0.4,60.1,0.0,0,0,X,0.0,0.0,0.0,0.0,0.0,0.0,0.0,0.0,42,0.048958795970651406,17,3,14,0,0,0,0,0,0,0,0,1
13pk,D,217,GLY,-0.4,60.1,0.0,0,0,X,0.0,0.0,0.0,0.0,0.0,0.0,0.0,0.0,37,0.043363505002576956,25,13,12,0,0,0,0,0,0,0,0,1
13pk,D,218,ALA,1.8,88.6,0.0,0,0,X,0.0,0.0,0.0,0.0,0.0,0.0,0.0,0.0,30,0.030774100324409453,30,17,13,0,0,0,0,0,0,0,0,1
13pk,D,219,LYS,-3.9,168.6,1.0,2,0,X,0.0,0.0,0.0,0.0,0.0,0.0,0.0,0.0,26,0.03124037457174899,21,14,7,0,0,0,0,0,0,0,0,1
13pk,D,220,VAL,4.2,140.0,0.0,0,0,X,0.0,0.0,0.0,0.0,0.0,0.0,0.0,0.0,32,0.04289723075523742,38,18,20,0,0,0,0,0,0,0,0,1
13pk,D,221,SER,-0.8,89.0,0.0,1,1,X,0.0,0.0,0.0,0.0,0.0,0.0,0.0,0.0,20,0.03683566553982344,35,18,17,0,0,0,0,0,0,0,0,1
13pk,D,222,ASP,-3.5,111.1,-1.0,1,3,X,0.0,0.0,0.0,0.0,0.0,0.0,0.0,0.0,22,0.03403802005578621,35,8,27,0,0,0,0,0,0,0,0,1
13pk,D,223,LYS,-3.9,168.6,1.0,2,0,X,0.0,0.0,0.0,0.0,0.0,0.0,0.0,0.0,38,0.04196468226055834,14,15,-1,0,0,0,0,0,0,0,0,1
13pk,D,224,ILE,4.5,166.7,0.0,0,0,X,0.0,0.0,0.0,0.0,0.0,0.0,0.0,0.0,34,0.04942507021799094,26,25,1,0,0,0,0,0,0,0,0,1
13pk,D,225,GLN,-3.5,143.8,0.0,2,2,X,0.0,0.0,0.0,0.0,0.0,0.0,0.0,0.0,22,0.03870076252918159,18,25,-7,0,0,0,0,0,0,0,0,1
13pk,D,226,LEU,3.8,166.7,0.0,0,0,X,0.0,0.0,0.0,0.0,0.0,0.0,0.0,0.0,33,0.04429605349725603,18,33,-15,0,0,0,0,0,0,0,0,1
13pk,D,227,LEU,3.8,166.7,0.0,0,0,X,0.0,0.0,0.0,0.0,0.0,0.0,0.0,0.0,37,0.04662742473395372,14,17,-3,0,0,0,0,0,0,0,0,1
13pk,D,228,ASP,-3.5,111.1,-1.0,1,3,X,0.0,0.0,0.0,0.0,0.0,0.0,0.0,0.0,31,0.040565859518539735,29,10,19,0,0,0,0,0,0,0,0,1
13pk,D,229,ASN,-3.5,114.1,0.0,2,2,X,0.0,0.0,0.0,0.0,0.0,0.0,0.0,0.0,26,0.03916703677652112,27,27,0,0,0,0,0,0,0,0,0,1
13pk,D,230,MET,1.9,162.9,0.0,0,0,X,0.0,0.0,0.0,0.0,0.0,0.0,0.0,0.0,35,0.048026247475972325,21,27,-6,0,0,0,0,0,0,0,0,1
13pk,D,231,LEU,3.8,166.7,0.0,0,0,X,0.0,0.0,0.0,0.0,0.0,0.0,0.0,0.0,30,0.04989134446533048,39,30,9,0,0,0,0,0,0,0,0,1
13pk,D,232,GLN,-3.5,143.8,0.0,2,2,X,0.0,0.0,0.0,0.0,0.0,0.0,0.0,0.0,22,0.034970568550465285,38,22,16,0,0,0,0,0,0,0,0,1
13pk,D,233,ARG,-4.5,173.4,1.0,5,0,X,0.0,0.0,0.0,0.0,0.0,0.0,0.0,0.0,32,0.0363693912924839,13,18,-5,0,0,0,0,0,0,0,0,1
13pk,D,234,ILE,4.5,166.7,0.0,0,0,X,0.0,0.0,0.0,0.0,0.0,0.0,0.0,0.0,35,0.04755997322863279,34,12,22,0,0,0,0,0,0,0,0,1
13pk,D,235,ASP,-3.5,111.1,-1.0,1,3,X,0.0,0.0,0.0,0.0,0.0,0.0,0.0,0.0,27,0.045694876239274644,36,0,36,0,0,0,0,0,0,0,0,1
13pk,D,236,TYR,-1.3,193.6,0.0,1,1,X,0.0,0.0,0.0,0.0,0.0,0.0,0.0,0.0,29,0.048492521723311866,29,8,21,0,0,0,0,0,0,0,0,1
13pk,D,237,LEU,3.8,166.7,0.0,0,0,X,0.0,0.0,0.0,0.0,0.0,0.0,0.0,0.0,38,0.04989134446533048,3,7,-4,0,0,0,0,0,0,0,0,1
13pk,D,238,LEU,3.8,166.7,0.0,0,0,X,0.0,0.0,0.0,0.0,0.0,0.0,0.0,0.0,40,0.05129016720734909,9,3,6,0,0,0,0,0,0,0,0,1
13pk,D,239,ILE,4.5,166.7,0.0,0,0,X,0.0,0.0,0.0,0.0,0.0,0.0,0.0,0.0,42,0.05175644145468863,3,0,3,0,0,0,0,0,0,0,0,1
13pk,D,240,GLY,-0.4,60.1,0.0,0,0,X,0.0,0.0,0.0,0.0,0.0,0.0,0.0,0.0,45,0.05502036118606539,10,8,2,0,0,0,0,0,0,0,0,1
13pk,D,241,GLY,-0.4,60.1,0.0,0,0,X,0.0,0.0,0.0,0.0,0.0,0.0,0.0,0.0,46,0.04709369898129325,19,9,10,0,0,0,0,0,0,0,0,1
13pk,D,242,ALA,1.8,88.6,0.0,0,0,X,0.0,0.0,0.0,0.0,0.0,0.0,0.0,0.0,40,0.04429605349725603,24,10,14,0,0,0,0,0,0,0,0,1
13pk,D,243,MET,1.9,162.9,0.0,0,0,X,0.0,0.0,0.0,0.0,0.0,0.0,0.0,0.0,44,0.05595290968074446,26,13,13,0,0,0,0,0,0,0,0,1
13pk,D,244,ALA,1.8,88.6,0.0,0,0,X,0.0,0.0,0.0,0.0,0.0,0.0,0.0,0.0,46,0.048026247475972325,19,7,12,0,0,0,0,0,0,0,0,1
13pk,D,245,TYR,-1.3,193.6,0.0,1,1,X,0.0,0.0,0.0,0.0,0.0,0.0,0.0,0.0,44,0.05175644145468863,32,12,20,0,0,0,0,0,0,0,0,1
13pk,D,246,THR,-0.7,116.1,0.0,1,1,X,0.0,0.0,0.0,0.0,0.0,0.0,0.0,0.0,36,0.05688545817542354,34,22,12,0,0,0,0,0,0,0,0,1
13pk,D,247,PHE,2.8,189.9,0.0,0,0,X,0.0,0.0,0.0,0.0,0.0,0.0,0.0,0.0,40,0.048492521723311866,24,10,14,0,0,0,0,0,0,0,0,1
13pk,D,248,LEU,3.8,166.7,0.0,0,0,X,0.0,0.0,0.0,0.0,0.0,0.0,0.0,0.0,36,0.05129016720734909,19,5,14,0,0,0,0,0,0,0,0,1
13pk,D,249,LYS,-3.9,168.6,1.0,2,0,X,0.0,0.0,0.0,0.0,0.0,0.0,0.0,0.0,28,0.043363505002576956,15,16,-1,0,0,0,0,0,0,0,0,1
13pk,D,250,ALA,1.8,88.6,0.0,0,0,X,0.0,0.0,0.0,0.0,0.0,0.0,0.0,0.0,26,0.043363505002576956,25,18,7,0,0,0,0,0,0,0,0,1
13pk,D,251,GLN,-3.5,143.8,0.0,2,2,X,0.0,0.0,0.0,0.0,0.0,0.0,0.0,0.0,21,0.03310547156110714,18,0,18,0,0,0,0,0,0,0,0,1
13pk,D,252,GLY,-0.4,60.1,0.0,0,0,X,0.0,0.0,0.0,0.0,0.0,0.0,0.0,0.0,17,0.027510180593032695,15,0,15,0,0,0,0,0,0,0,0,1
13pk,D,253,TYR,-1.3,193.6,0.0,1,1,X,0.0,0.0,0.0,0.0,0.0,0.0,0.0,0.0,21,0.03870076252918159,13,8,5,0,0,0,0,0,0,0,0,1
13pk,D,254,SER,-0.8,89.0,0.0,1,1,X,0.0,0.0,0.0,0.0,0.0,0.0,0.0,0.0,25,0.03590311704514436,23,17,6,0,0,0,0,0,0,0,0,1
13pk,D,255,ILE,4.5,166.7,0.0,0,0,X,0.0,0.0,0.0,0.0,0.0,0.0,0.0,0.0,35,0.050823892960009553,34,12,22,0,0,0,0,0,0,0,0,1
13pk,D,256,GLY,-0.4,60.1,0.0,0,0,X,0.0,0.0,0.0,0.0,0.0,0.0,0.0,0.0,25,0.03870076252918159,37,13,24,0,0,0,0,0,0,0,0,1
13pk,D,257,LYS,-3.9,168.6,1.0,2,0,X,0.0,0.0,0.0,0.0,0.0,0.0,0.0,0.0,21,0.032639197313767604,22,15,7,0,0,0,0,0,0,0,0,1
13pk,D,258,SER,-0.8,89.0,0.0,1,1,X,0.0,0.0,0.0,0.0,0.0,0.0,0.0,0.0,35,0.040099585271200194,40,11,29,0,0,0,0,0,0,0,0,1
13pk,D,259,LYS,-3.9,168.6,1.0,2,0,X,0.0,0.0,0.0,0.0,0.0,0.0,0.0,0.0,27,0.035436842797804825,12,16,-4,0,0,0,0,0,0,0,0,1
13pk,D,260,CYS,2.5,108.5,0.0,1,0,X,0.0,0.0,0.0,0.0,0.0,0.0,0.0,0.0,25,0.04243095650789788,30,18,12,0,0,0,0,0,0,0,0,1
13pk,D,261,GLU,-3.5,138.4,-1.0,1,3,X,0.0,0.0,0.0,0.0,0.0,0.0,0.0,0.0,26,0.03870076252918159,28,15,13,0,0,0,0,0,0,0,0,1
13pk,D,262,GLU,-3.5,138.4,-1.0,1,3,X,0.0,0.0,0.0,0.0,0.0,0.0,0.0,0.0,18,0.027510180593032695,26,12,14,0,0,0,0,0,0,0,0,1
13pk,D,263,SER,-0.8,89.0,0.0,1,1,X,0.0,0.0,0.0,0.0,0.0,0.0,0.0,0.0,16,0.02331371236697686,13,26,-13,0,0,0,0,0,0,0,0,1
13pk,D,264,LYS,-3.9,168.6,1.0,2,0,X,0.0,0.0,0.0,0.0,0.0,0.0,0.0,0.0,25,0.03776821403450251,13,30,-17,0,0,0,0,0,0,0,0,1
13pk,D,265,LEU,3.8,166.7,0.0,0,0,X,0.0,0.0,0.0,0.0,0.0,0.0,0.0,0.0,26,0.043829779249916496,29,26,3,0,0,0,0,0,0,0,0,1
13pk,D,266,GLU,-3.5,138.4,-1.0,1,3,X,0.0,0.0,0.0,0.0,0.0,0.0,0.0,0.0,16,0.02984155182973038,24,5,19,0,0,0,0,0,0,0,0,1
13pk,D,267,PHE,2.8,189.9,0.0,0,0,X,0.0,0.0,0.0,0.0,0.0,0.0,0.0,0.0,28,0.03823448828184205,30,24,6,0,0,0,0,0,0,0,0,1
13pk,D,268,ALA,1.8,88.6,0.0,0,0,X,0.0,0.0,0.0,0.0,0.0,0.0,0.0,0.0,35,0.05035761871267001,40,22,18,0,0,0,0,0,0,0,0,1
13pk,D,269,ARG,-4.5,173.4,1.0,5,0,X,0.0,0.0,0.0,0.0,0.0,0.0,0.0,0.0,20,0.040565859518539735,21,11,10,0,0,0,0,0,0,0,0,1
13pk,D,270,SER,-0.8,89.0,0.0,1,1,X,0.0,0.0,0.0,0.0,0.0,0.0,0.0,0.0,18,0.0363693912924839,31,28,3,0,0,0,0,0,0,0,0,1
13pk,D,271,LEU,3.8,166.7,0.0,0,0,X,0.0,0.0,0.0,0.0,0.0,0.0,0.0,0.0,34,0.04476232774459557,34,23,11,0,0,0,0,0,0,0,0,1
13pk,D,272,LEU,3.8,166.7,0.0,0,0,X,0.0,0.0,0.0,0.0,0.0,0.0,0.0,0.0,30,0.04149840801321881,29,23,6,0,0,0,0,0,0,0,0,1
13pk,D,273,LYS,-3.9,168.6,1.0,2,0,X,0.0,0.0,0.0,0.0,0.0,0.0,0.0,0.0,17,0.03357174580844668,23,21,2,0,0,0,0,0,0,0,0,1
13pk,D,274,LYS,-3.9,168.6,1.0,2,0,X,0.0,0.0,0.0,0.0,0.0,0.0,0.0,0.0,23,0.040099585271200194,27,26,1,0,0,0,0,0,0,0,0,1
13pk,D,275,ALA,1.8,88.6,0.0,0,0,X,0.0,0.0,0.0,0.0,0.0,0.0,0.0,0.0,28,0.048026247475972325,38,29,9,0,0,0,0,0,0,0,0,1
13pk,D,276,GLU,-3.5,138.4,-1.0,1,3,X,0.0,0.0,0.0,0.0,0.0,0.0,0.0,0.0,14,0.03357174580844668,34,8,26,0,0,0,0,0,0,0,0,1
13pk,D,277,ASP,-3.5,111.1,-1.0,1,3,X,0.0,0.0,0.0,0.0,0.0,0.0,0.0,0.0,14,0.02797645484037223,38,9,29,0,0,0,0,0,0,0,0,1
13pk,D,278,ARG,-4.5,173.4,1.0,5,0,X,0.0,0.0,0.0,0.0,0.0,0.0,0.0,0.0,20,0.03357174580844668,30,24,6,0,0,0,0,0,0,0,0,1
13pk,D,279,LYS,-3.9,168.6,1.0,2,0,X,0.0,0.0,0.0,0.0,0.0,0.0,0.0,0.0,16,0.028909003335051305,18,21,-3,0,0,0,0,0,0,0,0,1
13pk,D,280,VAL,4.2,140.0,0.0,0,0,X,0.0,0.0,0.0,0.0,0.0,0.0,0.0,0.0,27,0.04616115048661418,34,25,9,0,0,0,0,0,0,0,0,1
13pk,D,281,GLN,-3.5,143.8,0.0,2,2,X,0.0,0.0,0.0,0.0,0.0,0.0,0.0,0.0,26,0.03450429430312575,19,16,3,0,0,0,0,0,0,0,0,1
13pk,D,282,VAL,4.2,140.0,0.0,0,0,X,0.0,0.0,0.0,0.0,0.0,0.0,0.0,0.0,31,0.04103213376587927,14,14,0,0,0,0,0,0,0,0,0,1
13pk,D,283,ILE,4.5,166.7,0.0,0,0,X,0.0,0.0,0.0,0.0,0.0,0.0,0.0,0.0,36,0.04149840801321881,12,3,9,0,0,0,0,0,0,0,0,1
13pk,D,284,LEU,3.8,166.7,0.0,0,0,X,0.0,0.0,0.0,0.0,0.0,0.0,0.0,0.0,31,0.043829779249916496,8,5,3,0,0,0,0,0,0,0,0,1
13pk,D,285,PRO,-1.6,112.7,0.0,0,0,X,0.0,0.0,0.0,0.0,0.0,0.0,0.0,0.0,42,0.05035761871267001,22,19,3,0,0,0,0,0,0,0,0,1
13pk,D,286,ILE,4.5,166.7,0.0,0,0,X,0.0,0.0,0.0,0.0,0.0,0.0,0.0,0.0,26,0.04476232774459557,26,32,-6,0,0,0,0,0,0,0,0,1
13pk,D,287,ASP,-3.5,111.1,-1.0,1,3,X,0.0,0.0,0.0,0.0,0.0,0.0,0.0,0.0,27,0.05455408693872585,22,33,-11,0,0,0,0,0,0,0,0,1
13pk,D,288,HIS,-3.2,153.2,0.1,2,1,X,0.0,0.0,0.0,0.0,0.0,0.0,0.0,0.0,40,0.05781800667010261,15,29,-14,0,0,0,0,0,0,0,0,1
13pk,D,289,VAL,4.2,140.0,0.0,0,0,X,0.0,0.0,0.0,0.0,0.0,0.0,0.0,0.0,43,0.05222271570202816,34,19,15,0,0,0,0,0,0,0,0,1
13pk,D,290,CYS,2.5,108.5,0.0,1,0,X,0.0,0.0,0.0,0.0,0.0,0.0,0.0,0.0,37,0.05408781269138631,39,21,18,0,0,0,0,0,0,0,0,1
13pk,D,291,HIS,-3.2,153.2,0.1,2,1,X,0.0,0.0,0.0,0.0,0.0,0.0,0.0,0.0,26,0.04989134446533048,25,14,11,0,0,0,0,0,0,0,0,1
13pk,D,292,THR,-0.7,116.1,0.0,1,1,X,0.0,0.0,0.0,0.0,0.0,0.0,0.0,0.0,22,0.032639197313767604,38,13,25,0,0,0,0,0,0,0,0,1
13pk,D,293,GLU,-3.5,138.4,-1.0,1,3,X,0.0,0.0,0.0,0.0,0.0,0.0,0.0,0.0,15,0.03403802005578621,35,0,35,0,0,0,0,0,0,0,0,1
13pk,D,294,PHE,2.8,189.9,0.0,0,0,X,0.0,0.0,0.0,0.0,0.0,0.0,0.0,0.0,21,0.03450429430312575,26,18,8,0,0,0,0,0,0,0,0,1
13pk,D,295,LYS,-3.9,168.6,1.0,2,0,X,0.0,0.0,0.0,0.0,0.0,0.0,0.0,0.0,16,0.03310547156110714,11,10,1,0,0,0,0,0,0,0,0,1
13pk,D,296,ALA,1.8,88.6,0.0,0,0,X,0.0,0.0,0.0,0.0,0.0,0.0,0.0,0.0,21,0.03823448828184205,22,21,1,0,0,0,0,0,0,0,0,1
13pk,D,297,VAL,4.2,140.0,0.0,0,0,X,0.0,0.0,0.0,0.0,0.0,0.0,0.0,0.0,17,0.03124037457174899,17,17,0,0,0,0,0,0,0,0,0,1
13pk,D,298,ASP,-3.5,111.1,-1.0,1,3,X,0.0,0.0,0.0,0.0,0.0,0.0,0.0,0.0,18,0.02098234113027917,11,1,10,0,0,0,0,0,0,0,0,1
13pk,D,299,SER,-0.8,89.0,0.0,1,1,X,0.0,0.0,0.0,0.0,0.0,0.0,0.0,0.0,15,0.02144861537761871,15,8,7,0,0,0,0,0,0,0,0,1
13pk,D,300,PRO,-1.6,112.7,0.0,0,0,X,0.0,0.0,0.0,0.0,0.0,0.0,0.0,0.0,26,0.0363693912924839,25,17,8,0,0,0,0,0,0,0,0,1
13pk,D,301,LEU,3.8,166.7,0.0,0,0,X,0.0,0.0,0.0,0.0,0.0,0.0,0.0,0.0,27,0.03310547156110714,27,16,11,0,0,0,0,0,0,0,0,1
13pk,D,302,ILE,4.5,166.7,0.0,0,0,X,0.0,0.0,0.0,0.0,0.0,0.0,0.0,0.0,27,0.0363693912924839,23,26,-3,0,0,0,0,0,0,0,0,1
13pk,D,303,THR,-0.7,116.1,0.0,1,1,X,0.0,0.0,0.0,0.0,0.0,0.0,0.0,0.0,27,0.04289723075523742,24,27,-3,0,0,0,0,0,0,0,0,1
13pk,D,304,GLU,-3.5,138.4,-1.0,1,3,X,0.0,0.0,0.0,0.0,0.0,0.0,0.0,0.0,16,0.028909003335051305,16,16,0,0,0,0,0,0,0,0,0,1
13pk,D,305,ASP,-3.5,111.1,-1.0,1,3,X,0.0,0.0,0.0,0.0,0.0,0.0,0.0,0.0,17,0.03683566553982344,15,17,-2,0,0,0,0,0,0,0,0,1
13pk,D,306,GLN,-3.5,143.8,0.0,2,2,X,0.0,0.0,0.0,0.0,0.0,0.0,0.0,0.0,25,0.04662742473395372,16,22,-6,0,0,0,0,0,0,0,0,1
13pk,D,307,ASN,-3.5,114.1,0.0,2,2,X,0.0,0.0,0.0,0.0,0.0,0.0,0.0,0.0,24,0.043363505002576956,13,23,-10,0,0,0,0,0,0,0,0,1
13pk,D,308,ILE,4.5,166.7,0.0,0,0,X,0.0,0.0,0.0,0.0,0.0,0.0,0.0,0.0,33,0.04942507021799094,39,25,14,0,0,0,0,0,0,0,0,1
13pk,D,309,PRO,-1.6,112.7,0.0,0,0,X,0.0,0.0,0.0,0.0,0.0,0.0,0.0,0.0,24,0.03170664881908853,33,15,18,0,0,0,0,0,0,0,0,1
13pk,D,310,GLU,-3.5,138.4,-1.0,1,3,X,0.0,0.0,0.0,0.0,0.0,0.0,0.0,0.0,14,0.027043906345693154,19,0,19,0,0,0,0,0,0,0,0,1
13pk,D,311,GLY,-0.4,60.1,0.0,0,0,X,0.0,0.0,0.0,0.0,0.0,0.0,0.0,0.0,17,0.02797645484037223,29,15,14,0,0,0,0,0,0,0,0,1
13pk,D,312,HIS,-3.2,153.2,0.1,2,1,X,0.0,0.0,0.0,0.0,0.0,0.0,0.0,0.0,25,0.04476232774459557,24,15,9,0,0,0,0,0,0,0,0,1
13pk,D,313,MET,1.9,162.9,0.0,0,0,X,0.0,0.0,0.0,0.0,0.0,0.0,0.0,0.0,29,0.05129016720734909,45,16,29,0,0,0,0,0,0,0,0,1
13pk,D,314,ALA,1.8,88.6,0.0,0,0,X,0.0,0.0,0.0,0.0,0.0,0.0,0.0,0.0,43,0.04942507021799094,41,16,25,0,0,0,0,0,0,0,0,1
13pk,D,315,LEU,3.8,166.7,0.0,0,0,X,0.0,0.0,0.0,0.0,0.0,0.0,0.0,0.0,39,0.04989134446533048,36,16,20,0,0,0,0,0,0,0,0,1
13pk,D,316,ASP,-3.5,111.1,-1.0,1,3,X,0.0,0.0,0.0,0.0,0.0,0.0,0.0,0.0,42,0.053621538444046775,20,9,11,0,0,0,0,0,0,0,0,1
13pk,D,317,ILE,4.5,166.7,0.0,0,0,X,0.0,0.0,0.0,0.0,0.0,0.0,0.0,0.0,46,0.058750555164781684,24,19,5,0,0,0,0,0,0,0,0,1
13pk,D,318,GLY,-0.4,60.1,0.0,0,0,X,0.0,0.0,0.0,0.0,0.0,0.0,0.0,0.0,38,0.04989134446533048,32,32,0,0,0,0,0,0,0,0,0,1
13pk,D,319,PRO,-1.6,112.7,0.0,0,0,X,0.0,0.0,0.0,0.0,0.0,0.0,0.0,0.0,23,0.03590311704514436,28,32,-4,0,0,0,0,0,0,0,0,1
13pk,D,320,LYS,-3.9,168.6,1.0,2,0,X,0.0,0.0,0.0,0.0,0.0,0.0,0.0,0.0,19,0.03403802005578621,14,31,-17,0,0,0,0,0,0,0,0,1
13pk,D,321,THR,-0.7,116.1,0.0,1,1,X,0.0,0.0,0.0,0.0,0.0,0.0,0.0,0.0,36,0.04616115048661418,30,27,3,0,0,0,0,0,0,0,0,1
13pk,D,322,ILE,4.5,166.7,0.0,0,0,X,0.0,0.0,0.0,0.0,0.0,0.0,0.0,0.0,33,0.045694876239274644,29,24,5,0,0,0,0,0,0,0,0,1
13pk,D,323,GLU,-3.5,138.4,-1.0,1,3,X,0.0,0.0,0.0,0.0,0.0,0.0,0.0,0.0,16,0.034970568550465285,19,5,14,0,0,0,0,0,0,0,0,1
13pk,D,324,LYS,-3.9,168.6,1.0,2,0,X,0.0,0.0,0.0,0.0,0.0,0.0,0.0,0.0,27,0.040099585271200194,13,10,3,0,0,0,0,0,0,0,0,1
13pk,D,325,TYR,-1.3,193.6,0.0,1,1,X,0.0,0.0,0.0,0.0,0.0,0.0,0.0,0.0,39,0.04755997322863279,16,9,7,0,0,0,0,0,0,0,0,1
13pk,D,326,VAL,4.2,140.0,0.0,0,0,X,0.0,0.0,0.0,0.0,0.0,0.0,0.0,0.0,34,0.04289723075523742,37,9,28,0,0,0,0,0,0,0,0,1
13pk,D,327,GLN,-3.5,143.8,0.0,2,2,X,0.0,0.0,0.0,0.0,0.0,0.0,0.0,0.0,20,0.03357174580844668,22,8,14,0,0,0,0,0,0,0,0,1
13pk,D,328,THR,-0.7,116.1,0.0,1,1,X,0.0,0.0,0.0,0.0,0.0,0.0,0.0,0.0,31,0.040099585271200194,20,8,12,0,0,0,0,0,0,0,0,1
13pk,D,329,ILE,4.5,166.7,0.0,0,0,X,0.0,0.0,0.0,0.0,0.0,0.0,0.0,0.0,38,0.04709369898129325,36,3,33,0,0,0,0,0,0,0,0,1
13pk,D,330,GLY,-0.4,60.1,0.0,0,0,X,0.0,0.0,0.0,0.0,0.0,0.0,0.0,0.0,27,0.03310547156110714,42,2,40,0,0,0,0,0,0,0,0,1
13pk,D,331,LYS,-3.9,168.6,1.0,2,0,X,0.0,0.0,0.0,0.0,0.0,0.0,0.0,0.0,21,0.030307826077069916,16,6,10,0,0,0,0,0,0,0,0,1
13pk,D,332,CYS,2.5,108.5,0.0,1,0,X,0.0,0.0,0.0,0.0,0.0,0.0,0.0,0.0,31,0.04429605349725603,31,8,23,0,0,0,0,0,0,0,0,1
13pk,D,333,LYS,-3.9,168.6,1.0,2,0,X,0.0,0.0,0.0,0.0,0.0,0.0,0.0,0.0,23,0.03916703677652112,21,3,18,0,0,0,0,0,0,0,0,1
13pk,D,334,SER,-0.8,89.0,0.0,1,1,X,0.0,0.0,0.0,0.0,0.0,0.0,0.0,0.0,35,0.04942507021799094,27,7,20,0,0,0,0,0,0,0,0,1
13pk,D,335,ALA,1.8,88.6,0.0,0,0,X,0.0,0.0,0.0,0.0,0.0,0.0,0.0,0.0,44,0.048958795970651406,14,1,13,0,0,0,0,0,0,0,0,1
13pk,D,336,ILE,4.5,166.7,0.0,0,0,X,0.0,0.0,0.0,0.0,0.0,0.0,0.0,0.0,45,0.04476232774459557,11,1,10,0,0,0,0,0,0,0,0,1
13pk,D,337,TRP,-0.9,227.8,0.0,1,0,X,0.0,0.0,0.0,0.0,0.0,0.0,0.0,0.0,49,0.045228601991935104,5,6,-1,0,0,0,0,0,0,0,0,1
13pk,D,338,ASN,-3.5,114.1,0.0,2,2,X,0.0,0.0,0.0,0.0,0.0,0.0,0.0,0.0,44,0.048492521723311866,15,8,7,0,0,0,0,0,0,0,0,1
13pk,D,339,GLY,-0.4,60.1,0.0,0,0,X,0.0,0.0,0.0,0.0,0.0,0.0,0.0,0.0,44,0.048958795970651406,10,9,1,0,0,0,0,0,0,0,0,1
13pk,D,340,PRO,-1.6,112.7,0.0,0,0,X,0.0,0.0,0.0,0.0,0.0,0.0,0.0,0.0,41,0.04942507021799094,6,22,-16,0,0,0,0,0,0,0,0,1
13pk,D,341,MET,1.9,162.9,0.0,0,0,X,0.0,0.0,0.0,0.0,0.0,0.0,0.0,0.0,43,0.05175644145468863,7,9,-2,0,0,0,0,0,0,0,0,1
13pk,D,342,GLY,-0.4,60.1,0.0,0,0,X,0.0,0.0,0.0,0.0,0.0,0.0,0.0,0.0,41,0.05222271570202816,5,23,-18,0,0,0,0,0,0,0,0,1
13pk,D,343,VAL,4.2,140.0,0.0,0,0,X,0.0,0.0,0.0,0.0,0.0,0.0,0.0,0.0,32,0.04476232774459557,7,21,-14,0,0,0,0,0,0,0,0,1
13pk,D,344,PHE,2.8,189.9,0.0,0,0,X,0.0,0.0,0.0,0.0,0.0,0.0,0.0,0.0,39,0.04942507021799094,8,23,-15,0,0,0,0,0,0,0,0,1
13pk,D,345,GLU,-3.5,138.4,-1.0,1,3,X,0.0,0.0,0.0,0.0,0.0,0.0,0.0,0.0,28,0.03450429430312575,13,9,4,0,0,0,0,0,0,0,0,1
13pk,D,346,MET,1.9,162.9,0.0,0,0,X,0.0,0.0,0.0,0.0,0.0,0.0,0.0,0.0,26,0.03870076252918159,18,18,0,0,0,0,0,0,0,0,0,1
13pk,D,347,VAL,4.2,140.0,0.0,0,0,X,0.0,0.0,0.0,0.0,0.0,0.0,0.0,0.0,34,0.03776821403450251,30,23,7,0,0,0,0,0,0,0,0,1
13pk,D,348,PRO,-1.6,112.7,0.0,0,0,X,0.0,0.0,0.0,0.0,0.0,0.0,0.0,0.0,31,0.04149840801321881,23,23,0,0,0,0,0,0,0,0,0,1
13pk,D,349,TYR,-1.3,193.6,0.0,1,1,X,0.0,0.0,0.0,0.0,0.0,0.0,0.0,0.0,34,0.05129016720734909,27,22,5,0,0,0,0,0,0,0,0,1
13pk,D,350,SER,-0.8,89.0,0.0,1,1,X,0.0,0.0,0.0,0.0,0.0,0.0,0.0,0.0,33,0.050823892960009553,18,17,1,0,0,0,0,0,0,0,0,1
13pk,D,351,LYS,-3.9,168.6,1.0,2,0,X,0.0,0.0,0.0,0.0,0.0,0.0,0.0,0.0,29,0.03823448828184205,5,11,-6,0,0,0,0,0,0,0,0,1
13pk,D,352,GLY,-0.4,60.1,0.0,0,0,X,0.0,0.0,0.0,0.0,0.0,0.0,0.0,0.0,37,0.05035761871267001,16,10,6,0,0,0,0,0,0,0,0,1
13pk,D,353,THR,-0.7,116.1,0.0,1,1,X,0.0,0.0,0.0,0.0,0.0,0.0,0.0,0.0,46,0.05129016720734909,14,17,-3,0,0,0,0,0,0,0,0,1
13pk,D,354,PHE,2.8,189.9,0.0,0,0,X,0.0,0.0,0.0,0.0,0.0,0.0,0.0,0.0,39,0.043829779249916496,28,19,9,0,0,0,0,0,0,0,0,1
13pk,D,355,ALA,1.8,88.6,0.0,0,0,X,0.0,0.0,0.0,0.0,0.0,0.0,0.0,0.0,35,0.03730193978716297,28,14,14,0,0,0,0,0,0,0,0,1
13pk,D,356,ILE,4.5,166.7,0.0,0,0,X,0.0,0.0,0.0,0.0,0.0,0.0,0.0,0.0,49,0.04942507021799094,22,10,12,0,0,0,0,0,0,0,0,1
13pk,D,357,ALA,1.8,88.6,0.0,0,0,X,0.0,0.0,0.0,0.0,0.0,0.0,0.0,0.0,42,0.04755997322863279,37,12,25,0,0,0,0,0,0,0,0,1
13pk,D,358,LYS,-3.9,168.6,1.0,2,0,X,0.0,0.0,0.0,0.0,0.0,0.0,0.0,0.0,27,0.04149840801321881,24,10,14,0,0,0,0,0,0,0,0,1
13pk,D,359,ALA,1.8,88.6,0.0,0,0,X,0.0,0.0,0.0,0.0,0.0,0.0,0.0,0.0,37,0.04243095650789788,40,13,27,0,0,0,0,0,0,0,0,1
13pk,D,360,MET,1.9,162.9,0.0,0,0,X,0.0,0.0,0.0,0.0,0.0,0.0,0.0,0.0,45,0.05455408693872585,37,10,27,0,0,0,0,0,0,0,0,1
13pk,D,361,GLY,-0.4,60.1,0.0,0,0,X,0.0,0.0,0.0,0.0,0.0,0.0,0.0,0.0,32,0.05035761871267001,56,18,38,0,0,0,0,0,0,0,0,1
13pk,D,362,ARG,-4.5,173.4,1.0,5,0,X,0.0,0.0,0.0,0.0,0.0,0.0,0.0,0.0,23,0.04149840801321881,39,15,24,0,0,0,0,0,0,0,0,1
13pk,D,363,GLY,-0.4,60.1,0.0,0,0,X,0.0,0.0,0.0,0.0,0.0,0.0,0.0,0.0,27,0.045228601991935104,55,13,42,0,0,0,0,0,0,0,0,1
13pk,D,364,THR,-0.7,116.1,0.0,1,1,X,0.0,0.0,0.0,0.0,0.0,0.0,0.0,0.0,28,0.043363505002576956,49,15,34,0,0,0,0,0,0,0,0,1
13pk,D,365,HIS,-3.2,153.2,0.1,2,1,X,0.0,0.0,0.0,0.0,0.0,0.0,0.0,0.0,17,0.03403802005578621,34,13,21,0,0,0,0,0,0,0,0,1
13pk,D,366,GLU,-3.5,138.4,-1.0,1,3,X,0.0,0.0,0.0,0.0,0.0,0.0,0.0,0.0,12,0.026577632098353617,39,0,39,0,0,0,0,0,0,0,0,1
13pk,D,367,HIS,-3.2,153.2,0.1,2,1,X,0.0,0.0,0.0,0.0,0.0,0.0,0.0,0.0,16,0.02471253510899547,30,9,21,0,0,0,0,0,0,0,0,1
13pk,D,368,GLY,-0.4,60.1,0.0,0,0,X,0.0,0.0,0.0,0.0,0.0,0.0,0.0,0.0,23,0.02611135785101408,33,8,25,0,0,0,0,0,0,0,0,1
13pk,D,369,LEU,3.8,166.7,0.0,0,0,X,0.0,0.0,0.0,0.0,0.0,0.0,0.0,0.0,35,0.04149840801321881,44,6,38,0,0,0,0,0,0,0,0,1
13pk,D,370,MET,1.9,162.9,0.0,0,0,X,0.0,0.0,0.0,0.0,0.0,0.0,0.0,0.0,32,0.04196468226055834,29,0,29,0,0,0,0,0,0,0,0,1
13pk,D,371,SER,-0.8,89.0,0.0,1,1,X,0.0,0.0,0.0,0.0,0.0,0.0,0.0,0.0,40,0.04942507021799094,32,4,28,0,0,0,0,0,0,0,0,1
13pk,D,372,ILE,4.5,166.7,0.0,0,0,X,0.0,0.0,0.0,0.0,0.0,0.0,0.0,0.0,38,0.04989134446533048,15,4,11,0,0,0,0,0,0,0,0,1
13pk,D,373,ILE,4.5,166.7,0.0,0,0,X,0.0,0.0,0.0,0.0,0.0,0.0,0.0,0.0,43,0.05175644145468863,16,12,4,0,0,0,0,0,0,0,0,1
13pk,D,374,GLY,-0.4,60.1,0.0,0,0,X,0.0,0.0,0.0,0.0,0.0,0.0,0.0,0.0,38,0.050823892960009553,19,10,9,0,0,0,0,0,0,0,0,1
13pk,D,375,GLY,-0.4,60.1,0.0,0,0,X,0.0,0.0,0.0,0.0,0.0,0.0,0.0,0.0,38,0.040565859518539735,16,12,4,0,0,0,0,0,0,0,0,1
13pk,D,376,GLY,-0.4,60.1,0.0,0,0,X,0.0,0.0,0.0,0.0,0.0,0.0,0.0,0.0,37,0.043363505002576956,15,23,-8,0,0,0,0,0,0,0,0,1
13pk,D,377,ASP,-3.5,111.1,-1.0,1,3,X,0.0,0.0,0.0,0.0,0.0,0.0,0.0,0.0,37,0.03450429430312575,12,8,4,0,0,0,0,0,0,0,0,1
13pk,D,378,SER,-0.8,89.0,0.0,1,1,X,0.0,0.0,0.0,0.0,0.0,0.0,0.0,0.0,42,0.045228601991935104,6,20,-14,0,0,0,0,0,0,0,0,1
13pk,D,379,ALA,1.8,88.6,0.0,0,0,X,0.0,0.0,0.0,0.0,0.0,0.0,0.0,0.0,43,0.04476232774459557,15,26,-11,0,0,0,0,0,0,0,0,1
13pk,D,380,SER,-0.8,89.0,0.0,1,1,X,0.0,0.0,0.0,0.0,0.0,0.0,0.0,0.0,38,0.045228601991935104,7,31,-24,0,0,0,0,0,0,0,0,1
13pk,D,381,ALA,1.8,88.6,0.0,0,0,X,0.0,0.0,0.0,0.0,0.0,0.0,0.0,0.0,43,0.048492521723311866,8,33,-25,0,0,0,0,0,0,0,0,1
13pk,D,382,ALA,1.8,88.6,0.0,0,0,X,0.0,0.0,0.0,0.0,0.0,0.0,0.0,0.0,36,0.04989134446533048,26,23,3,0,0,0,0,0,0,0,0,1
13pk,D,383,GLU,-3.5,138.4,-1.0,1,3,X,0.0,0.0,0.0,0.0,0.0,0.0,0.0,0.0,36,0.04289723075523742,28,20,8,0,0,0,0,0,0,0,0,1
13pk,D,384,LEU,3.8,166.7,0.0,0,0,X,0.0,0.0,0.0,0.0,0.0,0.0,0.0,0.0,37,0.045694876239274644,18,23,-5,0,0,0,0,0,0,0,0,1
13pk,D,385,SER,-0.8,89.0,0.0,1,1,X,0.0,0.0,0.0,0.0,0.0,0.0,0.0,0.0,38,0.043829779249916496,40,17,23,0,0,0,0,0,0,0,0,1
13pk,D,386,GLY,-0.4,60.1,0.0,0,0,X,0.0,0.0,0.0,0.0,0.0,0.0,0.0,0.0,30,0.03963331102386066,43,18,25,0,0,0,0,0,0,0,0,1
13pk,D,387,GLU,-3.5,138.4,-1.0,1,3,X,0.0,0.0,0.0,0.0,0.0,0.0,0.0,0.0,34,0.04243095650789788,46,6,40,0,0,0,0,0,0,0,0,1
13pk,D,388,ALA,1.8,88.6,0.0,0,0,X,0.0,0.0,0.0,0.0,0.0,0.0,0.0,0.0,33,0.04429605349725603,33,18,15,0,0,0,0,0,0,0,0,1
13pk,D,389,LYS,-3.9,168.6,1.0,2,0,X,0.0,0.0,0.0,0.0,0.0,0.0,0.0,0.0,23,0.027510180593032695,32,19,13,0,0,0,0,0,0,0,0,1
13pk,D,390,ARG,-4.5,173.4,1.0,5,0,X,0.0,0.0,0.0,0.0,0.0,0.0,0.0,0.0,26,0.03683566553982344,41,16,25,0,0,0,0,0,0,0,0,1
13pk,D,391,MET,1.9,162.9,0.0,0,0,X,0.0,0.0,0.0,0.0,0.0,0.0,0.0,0.0,35,0.04662742473395372,45,12,33,0,0,0,0,0,0,0,0,1
13pk,D,392,SER,-0.8,89.0,0.0,1,1,X,0.0,0.0,0.0,0.0,0.0,0.0,0.0,0.0,28,0.03870076252918159,27,2,25,0,0,0,0,0,0,0,0,1
13pk,D,393,HIS,-3.2,153.2,0.1,2,1,X,0.0,0.0,0.0,0.0,0.0,0.0,0.0,0.0,37,0.03963331102386066,23,11,12,0,0,0,0,0,0,0,0,1
13pk,D,394,VAL,4.2,140.0,0.0,0,0,X,0.0,0.0,0.0,0.0,0.0,0.0,0.0,0.0,37,0.04289723075523742,36,17,19,0,0,0,0,0,0,0,0,1
13pk,D,395,SER,-0.8,89.0,0.0,1,1,X,0.0,0.0,0.0,0.0,0.0,0.0,0.0,0.0,38,0.04709369898129325,26,12,14,0,0,0,0,0,0,0,0,1
13pk,D,396,THR,-0.7,116.1,0.0,1,1,X,0.0,0.0,0.0,0.0,0.0,0.0,0.0,0.0,42,0.048026247475972325,30,27,3,0,0,0,0,0,0,0,0,1
13pk,D,397,GLY,-0.4,60.1,0.0,0,0,X,0.0,0.0,0.0,0.0,0.0,0.0,0.0,0.0,38,0.043829779249916496,22,19,3,0,0,0,0,0,0,0,0,1
13pk,D,398,GLY,-0.4,60.1,0.0,0,0,X,0.0,0.0,0.0,0.0,0.0,0.0,0.0,0.0,39,0.03730193978716297,27,15,12,0,0,0,0,0,0,0,0,1
13pk,D,399,GLY,-0.4,60.1,0.0,0,0,X,0.0,0.0,0.0,0.0,0.0,0.0,0.0,0.0,43,0.03823448828184205,41,17,24,0,0,0,0,0,0,0,0,1
13pk,D,400,ALA,1.8,88.6,0.0,0,0,X,0.0,0.0,0.0,0.0,0.0,0.0,0.0,0.0,35,0.045228601991935104,31,19,12,0,0,0,0,0,0,0,0,1
13pk,D,401,SER,-0.8,89.0,0.0,1,1,X,0.0,0.0,0.0,0.0,0.0,0.0,0.0,0.0,40,0.043363505002576956,18,21,-3,0,0,0,0,0,0,0,0,1
13pk,D,402,LEU,3.8,166.7,0.0,0,0,X,0.0,0.0,0.0,0.0,0.0,0.0,0.0,0.0,42,0.04103213376587927,18,18,0,0,0,0,0,0,0,0,0,1
13pk,D,403,GLU,-3.5,138.4,-1.0,1,3,X,0.0,0.0,0.0,0.0,0.0,0.0,0.0,0.0,27,0.04662742473395372,33,15,18,0,0,0,0,0,0,0,0,1
13pk,D,404,LEU,3.8,166.7,0.0,0,0,X,0.0,0.0,0.0,0.0,0.0,0.0,0.0,0.0,32,0.04429605349725603,27,20,7,0,0,0,0,0,0,0,0,1
13pk,D,405,LEU,3.8,166.7,0.0,0,0,X,0.0,0.0,0.0,0.0,0.0,0.0,0.0,0.0,31,0.04289723075523742,20,20,0,0,0,0,0,0,0,0,0,1
13pk,D,406,GLU,-3.5,138.4,-1.0,1,3,X,0.0,0.0,0.0,0.0,0.0,0.0,0.0,0.0,22,0.04103213376587927,20,14,6,0,0,0,0,0,0,0,0,1
13pk,D,407,GLY,-0.4,60.1,0.0,0,0,X,0.0,0.0,0.0,0.0,0.0,0.0,0.0,0.0,17,0.027510180593032695,19,17,2,0,0,0,0,0,0,0,0,1
13pk,D,408,LYS,-3.9,168.6,1.0,2,0,X,0.0,0.0,0.0,0.0,0.0,0.0,0.0,0.0,19,0.023779986614316396,14,18,-4,0,0,0,0,0,0,0,0,1
13pk,D,409,THR,-0.7,116.1,0.0,1,1,X,0.0,0.0,0.0,0.0,0.0,0.0,0.0,0.0,17,0.02611135785101408,18,11,7,0,0,0,0,0,0,0,0,1
13pk,D,410,LEU,3.8,166.7,0.0,0,0,X,0.0,0.0,0.0,0.0,0.0,0.0,0.0,0.0,30,0.03776821403450251,29,14,15,0,0,0,0,0,0,0,0,1
13pk,D,411,PRO,-1.6,112.7,0.0,0,0,X,0.0,0.0,0.0,0.0,0.0,0.0,0.0,0.0,30,0.03916703677652112,32,9,23,0,0,0,0,0,0,0,0,1
13pk,D,412,GLY,-0.4,60.1,0.0,0,0,X,0.0,0.0,0.0,0.0,0.0,0.0,0.0,0.0,37,0.05222271570202816,28,13,15,0,0,0,0,0,0,0,0,1
13pk,D,413,VAL,4.2,140.0,0.0,0,0,X,0.0,0.0,0.0,0.0,0.0,0.0,0.0,0.0,36,0.03963331102386066,24,21,3,0,0,0,0,0,0,0,0,1
13pk,D,414,THR,-0.7,116.1,0.0,1,1,X,0.0,0.0,0.0,0.0,0.0,0.0,0.0,0.0,23,0.032172923066428064,16,21,-5,0,0,0,0,0,0,0,0,1
13pk,D,415,VAL,4.2,140.0,0.0,0,0,X,0.0,0.0,0.0,0.0,0.0,0.0,0.0,0.0,34,0.03823448828184205,19,22,-3,0,0,0,0,0,0,0,0,1
13pk,D,416,LEU,3.8,166.7,0.0,0,0,X,0.0,0.0,0.0,0.0,0.0,0.0,0.0,0.0,35,0.04755997322863279,30,21,9,0,0,0,0,0,0,0,0,1
13pk,D,417,ASP,-3.5,111.1,-1.0,1,3,X,0.0,0.0,0.0,0.0,0.0,0.0,0.0,0.0,25,0.03870076252918159,30,15,15,0,0,0,0,0,0,0,0,1
13pk,D,418,ASP,-3.5,111.1,-1.0,1,3,X,0.0,0.0,0.0,0.0,0.0,0.0,0.0,0.0,14,0.030307826077069916,27,16,11,0,0,0,0,0,0,0,0,1
13pk,D,419,LYS,-3.9,168.6,1.0,2,0,X,0.0,0.0,0.0,0.0,0.0,0.0,0.0,0.0,14,0.025645083603674543,18,31,-13,0,0,0,0,0,0,0,0,1
