pdb_id,chain_id,residue_id,residue_name,hydrophobicity,volume,charge,hbond_donor,hbond_acceptor,ss_type,rel_asa,phi,psi,hse_up,hse_down,hse_ratio,residue_depth,ca_depth,neighbor_count,atom_density,pos_charged_neighbors,neg_charged_neighbors,net_charge_environment,ss_H,ss_B,ss_E,ss_G,ss_I,ss_T,ss_S,ss_ ,ss_X
1a0t,P,71,SER,-0.8,89.0,0.0,1,1,X,0.0,0.0,0.0,0.0,0.0,0.0,0.0,0.0,13,0.020049792635600097,22,11,11,0,0,0,0,0,0,0,0,1
1a0t,P,72,GLY,-0.4,60.1,0.0,0,0,X,0.0,0.0,0.0,0.0,0.0,0.0,0.0,0.0,15,0.024246260861655933,26,20,6,0,0,0,0,0,0,0,0,1
1a0t,P,73,PHE,2.8,189.9,0.0,0,0,X,0.0,0.0,0.0,0.0,0.0,0.0,0.0,0.0,14,0.03916703677652112,35,30,5,0,0,0,0,0,0,0,0,1
1a0t,P,74,GLU,-3.5,138.4,-1.0,1,3,X,0.0,0.0,0.0,0.0,0.0,0.0,0.0,0.0,18,0.04103213376587927,45,9,36,0,0,0,0,0,0,0,0,1
1a0t,P,75,PHE,2.8,189.9,0.0,0,0,X,0.0,0.0,0.0,0.0,0.0,0.0,0.0,0.0,19,0.04709369898129325,26,34,-8,0,0,0,0,0,0,0,0,1
1a0t,P,76,HIS,-3.2,153.2,0.1,2,1,X,0.0,0.0,0.0,0.0,0.0,0.0,0.0,0.0,19,0.04243095650789788,23,25,-2,0,0,0,0,0,0,0,0,1
1a0t,P,77,GLY,-0.4,60.1,0.0,0,0,X,0.0,0.0,0.0,0.0,0.0,0.0,0.0,0.0,24,0.04616115048661418,24,17,7,0,0,0,0,0,0,0,0,1
1a0t,P,78,TYR,-1.3,193.6,0.0,1,1,X,0.0,0.0,0.0,0.0,0.0,0.0,0.0,0.0,33,0.048492521723311866,36,28,8,0,0,0,0,0,0,0,0,1
1a0t,P,79,ALA,1.8,88.6,0.0,0,0,X,0.0,0.0,0.0,0.0,0.0,0.0,0.0,0.0,39,0.053621538444046775,33,29,4,0,0,0,0,0,0,0,0,1
1a0t,P,80,ARG,-4.5,173.4,1.0,5,0,X,0.0,0.0,0.0,0.0,0.0,0.0,0.0,0.0,34,0.0526889899493677,20,32,-12,0,0,0,0,0,0,0,0,1
1a0t,P,81,SER,-0.8,89.0,0.0,1,1,X,0.0,0.0,0.0,0.0,0.0,0.0,0.0,0.0,41,0.05455408693872585,32,19,13,0,0,0,0,0,0,0,0,1
1a0t,P,82,GLY,-0.4,60.1,0.0,0,0,X,0.0,0.0,0.0,0.0,0.0,0.0,0.0,0.0,45,0.0526889899493677,28,11,17,0,0,0,0,0,0,0,0,1
1a0t,P,83,VAL,4.2,140.0,0.0,0,0,X,0.0,0.0,0.0,0.0,0.0,0.0,0.0,0.0,44,0.04989134446533048,11,6,5,0,0,0,0,0,0,0,0,1
1a0t,P,84,ILE,4.5,166.7,0.0,0,0,X,0.0,0.0,0.0,0.0,0.0,0.0,0.0,0.0,37,0.050823892960009553,6,8,-2,0,0,0,0,0,0,0,0,1
1a0t,P,85,MET,1.9,162.9,0.0,0,0,X,0.0,0.0,0.0,0.0,0.0,0.0,0.0,0.0,30,0.045228601991935104,7,8,-1,0,0,0,0,0,0,0,0,1
1a0t,P,86,ASN,-3.5,114.1,0.0,2,2,X,0.0,0.0,0.0,0.0,0.0,0.0,0.0,0.0,26,0.043363505002576956,13,18,-5,0,0,0,0,0,0,0,0,1
1a0t,P,87,ASP,-3.5,111.1,-1.0,1,3,X,0.0,0.0,0.0,0.0,0.0,0.0,0.0,0.0,18,0.02984155182973038,7,9,-2,0,0,0,0,0,0,0,0,1
1a0t,P,88,SER,-0.8,89.0,0.0,1,1,X,0.0,0.0,0.0,0.0,0.0,0.0,0.0,0.0,18,0.02471253510899547,18,14,4,0,0,0,0,0,0,0,0,1
1a0t,P,89,GLY,-0.4,60.1,0.0,0,0,X,0.0,0.0,0.0,0.0,0.0,0.0,0.0,0.0,26,0.03683566553982344,21,13,8,0,0,0,0,0,0,0,0,1
1a0t,P,90,ALA,1.8,88.6,0.0,0,0,X,0.0,0.0,0.0,0.0,0.0,0.0,0.0,0.0,28,0.04196468226055834,23,17,6,0,0,0,0,0,0,0,0,1
1a0t,P,91,SER,-0.8,89.0,0.0,1,1,X,0.0,0.0,0.0,0.0,0.0,0.0,0.0,0.0,35,0.03450429430312575,20,10,10,0,0,0,0,0,0,0,0,1
1a0t,P,92,THR,-0.7,116.1,0.0,1,1,X,0.0,0.0,0.0,0.0,0.0,0.0,0.0,0.0,31,0.03730193978716297,9,19,-10,0,0,0,0,0,0,0,0,1
1a0t,P,93,LYS,-3.9,168.6,1.0,2,0,X,0.0,0.0,0.0,0.0,0.0,0.0,0.0,0.0,31,0.02984155182973038,0,17,-17,0,0,0,0,0,0,0,0,1
1a0t,P,94,SER,-0.8,89.0,0.0,1,1,X,0.0,0.0,0.0,0.0,0.0,0.0,0.0,0.0,34,0.0363693912924839,19,8,11,0,0,0,0,0,0,0,0,1
1a0t,P,95,GLY,-0.4,60.1,0.0,0,0,X,0.0,0.0,0.0,0.0,0.0,0.0,0.0,0.0,34,0.03730193978716297,27,15,12,0,0,0,0,0,0,0,0,1
1a0t,P,96,ALA,1.8,88.6,0.0,0,0,X,0.0,0.0,0.0,0.0,0.0,0.0,0.0,0.0,39,0.04616115048661418,24,14,10,0,0,0,0,0,0,0,0,1
1a0t,P,97,TYR,-1.3,193.6,0.0,1,1,X,0.0,0.0,0.0,0.0,0.0,0.0,0.0,0.0,28,0.03963331102386066,11,16,-5,0,0,0,0,0,0,0,0,1
1a0t,P,98,ILE,4.5,166.7,0.0,0,0,X,0.0,0.0,0.0,0.0,0.0,0.0,0.0,0.0,33,0.04429605349725603,13,15,-2,0,0,0,0,0,0,0,0,1
1a0t,P,99,THR,-0.7,116.1,0.0,1,1,X,0.0,0.0,0.0,0.0,0.0,0.0,0.0,0.0,40,0.048026247475972325,1,17,-16,0,0,0,0,0,0,0,0,1
1a0t,P,100,PRO,-1.6,112.7,0.0,0,0,X,0.0,0.0,0.0,0.0,0.0,0.0,0.0,0.0,42,0.045228601991935104,10,22,-12,0,0,0,0,0,0,0,0,1
1a0t,P,101,ALA,1.8,88.6,0.0,0,0,X,0.0,0.0,0.0,0.0,0.0,0.0,0.0,0.0,34,0.05548663543340492,3,16,-13,0,0,0,0,0,0,0,0,1
1a0t,P,102,GLY,-0.4,60.1,0.0,0,0,X,0.0,0.0,0.0,0.0,0.0,0.0,0.0,0.0,33,0.045694876239274644,10,13,-3,0,0,0,0,0,0,0,0,1
1a0t,P,103,GLU,-3.5,138.4,-1.0,1,3,X,0.0,0.0,0.0,0.0,0.0,0.0,0.0,0.0,29,0.03450429430312575,13,10,3,0,0,0,0,0,0,0,0,1
1a0t,P,104,THR,-0.7,116.1,0.0,1,1,X,0.0,0.0,0.0,0.0,0.0,0.0,0.0,0.0,37,0.04196468226055834,25,24,1,0,0,0,0,0,0,0,0,1
1a0t,P,105,GLY,-0.4,60.1,0.0,0,0,X,0.0,0.0,0.0,0.0,0.0,0.0,0.0,0.0,39,0.040099585271200194,21,21,0,0,0,0,0,0,0,0,0,1
1a0t,P,106,GLY,-0.4,60.1,0.0,0,0,X,0.0,0.0,0.0,0.0,0.0,0.0,0.0,0.0,36,0.05735173242276307,10,12,-2,0,0,0,0,0,0,0,0,1
1a0t,P,107,ALA,1.8,88.6,0.0,0,0,X,0.0,0.0,0.0,0.0,0.0,0.0,0.0,0.0,44,0.048958795970651406,15,15,0,0,0,0,0,0,0,0,0,1
1a0t,P,108,ILE,4.5,166.7,0.0,0,0,X,0.0,0.0,0.0,0.0,0.0,0.0,0.0,0.0,45,0.05502036118606539,19,13,6,0,0,0,0,0,0,0,0,1
1a0t,P,109,GLY,-0.4,60.1,0.0,0,0,X,0.0,0.0,0.0,0.0,0.0,0.0,0.0,0.0,40,0.05502036118606539,34,17,17,0,0,0,0,0,0,0,0,1
1a0t,P,110,ARG,-4.5,173.4,1.0,5,0,X,0.0,0.0,0.0,0.0,0.0,0.0,0.0,0.0,37,0.05035761871267001,37,25,12,0,0,0,0,0,0,0,0,1
1a0t,P,111,LEU,3.8,166.7,0.0,0,0,X,0.0,0.0,0.0,0.0,0.0,0.0,0.0,0.0,41,0.04989134446533048,48,18,30,0,0,0,0,0,0,0,0,1
1a0t,P,112,GLY,-0.4,60.1,0.0,0,0,X,0.0,0.0,0.0,0.0,0.0,0.0,0.0,0.0,42,0.05735173242276307,36,11,25,0,0,0,0,0,0,0,0,1
1a0t,P,113,ASN,-3.5,114.1,0.0,2,2,X,0.0,0.0,0.0,0.0,0.0,0.0,0.0,0.0,42,0.045228601991935104,29,15,14,0,0,0,0,0,0,0,0,1
1a0t,P,114,GLN,-3.5,143.8,0.0,2,2,X,0.0,0.0,0.0,0.0,0.0,0.0,0.0,0.0,39,0.04429605349725603,39,24,15,0,0,0,0,0,0,0,0,1
1a0t,P,115,ALA,1.8,88.6,0.0,0,0,X,0.0,0.0,0.0,0.0,0.0,0.0,0.0,0.0,37,0.048026247475972325,19,8,11,0,0,0,0,0,0,0,0,1
1a0t,P,116,ASP,-3.5,111.1,-1.0,1,3,X,0.0,0.0,0.0,0.0,0.0,0.0,0.0,0.0,31,0.04289723075523742,18,8,10,0,0,0,0,0,0,0,0,1
1a0t,P,117,THR,-0.7,116.1,0.0,1,1,X,0.0,0.0,0.0,0.0,0.0,0.0,0.0,0.0,37,0.05129016720734909,25,17,8,0,0,0,0,0,0,0,0,1
1a0t,P,118,TYR,-1.3,193.6,0.0,1,1,X,0.0,0.0,0.0,0.0,0.0,0.0,0.0,0.0,34,0.045228601991935104,20,37,-17,0,0,0,0,0,0,0,0,1
1a0t,P,119,VAL,4.2,140.0,0.0,0,0,X,0.0,0.0,0.0,0.0,0.0,0.0,0.0,0.0,36,0.04755997322863279,23,27,-4,0,0,0,0,0,0,0,0,1
1a0t,P,120,GLU,-3.5,138.4,-1.0,1,3,X,0.0,0.0,0.0,0.0,0.0,0.0,0.0,0.0,31,0.04709369898129325,27,7,20,0,0,0,0,0,0,0,0,1
1a0t,P,121,MET,1.9,162.9,0.0,0,0,X,0.0,0.0,0.0,0.0,0.0,0.0,0.0,0.0,27,0.045228601991935104,16,19,-3,0,0,0,0,0,0,0,0,1
1a0t,P,122,ASN,-3.5,114.1,0.0,2,2,X,0.0,0.0,0.0,0.0,0.0,0.0,0.0,0.0,28,0.04755997322863279,30,26,4,0,0,0,0,0,0,0,0,1
1a0t,P,123,LEU,3.8,166.7,0.0,0,0,X,0.0,0.0,0.0,0.0,0.0,0.0,0.0,0.0,22,0.04989134446533048,32,24,8,0,0,0,0,0,0,0,0,1
1a0t,P,124,GLU,-3.5,138.4,-1.0,1,3,X,0.0,0.0,0.0,0.0,0.0,0.0,0.0,0.0,23,0.05595290968074446,49,11,38,0,0,0,0,0,0,0,0,1
1a0t,P,125,HIS,-3.2,153.2,0.1,2,1,X,0.0,0.0,0.0,0.0,0.0,0.0,0.0,0.0,26,0.048026247475972325,32,21,11,0,0,0,0,0,0,0,0,1
1a0t,P,126,LYS,-3.9,168.6,1.0,2,0,X,0.0,0.0,0.0,0.0,0.0,0.0,0.0,0.0,21,0.04196468226055834,32,26,6,0,0,0,0,0,0,0,0,1
1a0t,P,127,GLN,-3.5,143.8,0.0,2,2,X,0.0,0.0,0.0,0.0,0.0,0.0,0.0,0.0,26,0.034970568550465285,25,7,18,0,0,0,0,0,0,0,0,1
1a0t,P,128,THR,-0.7,116.1,0.0,1,1,X,0.0,0.0,0.0,0.0,0.0,0.0,0.0,0.0,16,0.030307826077069916,14,8,6,0,0,0,0,0,0,0,0,1
1a0t,P,129,LEU,3.8,166.7,0.0,0,0,X,0.0,0.0,0.0,0.0,0.0,0.0,0.0,0.0,21,0.028909003335051305,5,8,-3,0,0,0,0,0,0,0,0,1
1a0t,P,130,ASP,-3.5,111.1,-1.0,1,3,X,0.0,0.0,0.0,0.0,0.0,0.0,0.0,0.0,11,0.018650969893581486,0,0,0,0,0,0,0,0,0,0,0,1
1a0t,P,131,ASN,-3.5,114.1,0.0,2,2,X,0.0,0.0,0.0,0.0,0.0,0.0,0.0,0.0,17,0.022381163872297785,1,8,-7,0,0,0,0,0,0,0,0,1
1a0t,P,132,GLY,-0.4,60.1,0.0,0,0,X,0.0,0.0,0.0,0.0,0.0,0.0,0.0,0.0,20,0.029375277582390842,3,8,-5,0,0,0,0,0,0,0,0,1
1a0t,P,133,ALA,1.8,88.6,0.0,0,0,X,0.0,0.0,0.0,0.0,0.0,0.0,0.0,0.0,25,0.04103213376587927,6,10,-4,0,0,0,0,0,0,0,0,1
1a0t,P,134,THR,-0.7,116.1,0.0,1,1,X,0.0,0.0,0.0,0.0,0.0,0.0,0.0,0.0,28,0.040099585271200194,21,12,9,0,0,0,0,0,0,0,0,1
1a0t,P,135,THR,-0.7,116.1,0.0,1,1,X,0.0,0.0,0.0,0.0,0.0,0.0,0.0,0.0,34,0.04476232774459557,37,14,23,0,0,0,0,0,0,0,0,1
1a0t,P,136,ARG,-4.5,173.4,1.0,5,0,X,0.0,0.0,0.0,0.0,0.0,0.0,0.0,0.0,34,0.048026247475972325,38,26,12,0,0,0,0,0,0,0,0,1
1a0t,P,137,PHE,2.8,189.9,0.0,0,0,X,0.0,0.0,0.0,0.0,0.0,0.0,0.0,0.0,40,0.05222271570202816,49,27,22,0,0,0,0,0,0,0,0,1
1a0t,P,138,LYS,-3.9,168.6,1.0,2,0,X,0.0,0.0,0.0,0.0,0.0,0.0,0.0,0.0,32,0.05129016720734909,53,22,31,0,0,0,0,0,0,0,0,1
1a0t,P,139,VAL,4.2,140.0,0.0,0,0,X,0.0,0.0,0.0,0.0,0.0,0.0,0.0,0.0,35,0.05222271570202816,42,19,23,0,0,0,0,0,0,0,0,1
1a0t,P,140,MET,1.9,162.9,0.0,0,0,X,0.0,0.0,0.0,0.0,0.0,0.0,0.0,0.0,31,0.048492521723311866,38,21,17,0,0,0,0,0,0,0,0,1
1a0t,P,141,VAL,4.2,140.0,0.0,0,0,X,0.0,0.0,0.0,0.0,0.0,0.0,0.0,0.0,28,0.04616115048661418,17,24,-7,0,0,0,0,0,0,0,0,1
1a0t,P,142,ALA,1.8,88.6,0.0,0,0,X,0.0,0.0,0.0,0.0,0.0,0.0,0.0,0.0,25,0.05175644145468863,11,27,-16,0,0,0,0,0,0,0,0,1
1a0t,P,143,ASP,-3.5,111.1,-1.0,1,3,X,0.0,0.0,0.0,0.0,0.0,0.0,0.0,0.0,30,0.04942507021799094,13,23,-10,0,0,0,0,0,0,0,0,1
1a0t,P,144,GLY,-0.4,60.1,0.0,0,0,X,0.0,0.0,0.0,0.0,0.0,0.0,0.0,0.0,26,0.04149840801321881,15,28,-13,0,0,0,0,0,0,0,0,1
1a0t,P,145,GLN,-3.5,143.8,0.0,2,2,X,0.0,0.0,0.0,0.0,0.0,0.0,0.0,0.0,32,0.040565859518539735,11,29,-18,0,0,0,0,0,0,0,0,1
1a0t,P,146,THR,-0.7,116.1,0.0,1,1,X,0.0,0.0,0.0,0.0,0.0,0.0,0.0,0.0,32,0.034970568550465285,5,27,-22,0,0,0,0,0,0,0,0,1
1a0t,P,147,SER,-0.8,89.0,0.0,1,1,X,0.0,0.0,0.0,0.0,0.0,0.0,0.0,0.0,37,0.04243095650789788,20,26,-6,0,0,0,0,0,0,0,0,1
1a0t,P,148,TYR,-1.3,193.6,0.0,1,1,X,0.0,0.0,0.0,0.0,0.0,0.0,0.0,0.0,39,0.05035761871267001,20,10,10,0,0,0,0,0,0,0,0,1
1a0t,P,149,ASN,-3.5,114.1,0.0,2,2,X,0.0,0.0,0.0,0.0,0.0,0.0,0.0,0.0,37,0.04149840801321881,33,8,25,0,0,0,0,0,0,0,0,1
1a0t,P,150,ASP,-3.5,111.1,-1.0,1,3,X,0.0,0.0,0.0,0.0,0.0,0.0,0.0,0.0,34,0.050823892960009553,36,3,33,0,0,0,0,0,0,0,0,1
1a0t,P,151,TRP,-0.9,227.8,0.0,1,0,X,0.0,0.0,0.0,0.0,0.0,0.0,0.0,0.0,27,0.03870076252918159,17,26,-9,0,0,0,0,0,0,0,0,1
1a0t,P,152,THR,-0.7,116.1,0.0,1,1,X,0.0,0.0,0.0,0.0,0.0,0.0,0.0,0.0,27,0.04662742473395372,16,28,-12,0,0,0,0,0,0,0,0,1
1a0t,P,153,ALA,1.8,88.6,0.0,0,0,X,0.0,0.0,0.0,0.0,0.0,0.0,0.0,0.0,17,0.03776821403450251,6,26,-20,0,0,0,0,0,0,0,0,1
1a0t,P,154,SER,-0.8,89.0,0.0,1,1,X,0.0,0.0,0.0,0.0,0.0,0.0,0.0,0.0,16,0.025178809356335007,0,25,-25,0,0,0,0,0,0,0,0,1
1a0t,P,155,THR,-0.7,116.1,0.0,1,1,X,0.0,0.0,0.0,0.0,0.0,0.0,0.0,0.0,21,0.026577632098353617,1,31,-30,0,0,0,0,0,0,0,0,1
1a0t,P,156,SER,-0.8,89.0,0.0,1,1,X,0.0,0.0,0.0,0.0,0.0,0.0,0.0,0.0,21,0.04289723075523742,2,24,-22,0,0,0,0,0,0,0,0,1
1a0t,P,157,ASP,-3.5,111.1,-1.0,1,3,X,0.0,0.0,0.0,0.0,0.0,0.0,0.0,0.0,20,0.040565859518539735,3,9,-6,0,0,0,0,0,0,0,0,1
1a0t,P,158,LEU,3.8,166.7,0.0,0,0,X,0.0,0.0,0.0,0.0,0.0,0.0,0.0,0.0,21,0.048026247475972325,7,30,-23,0,0,0,0,0,0,0,0,1
1a0t,P,159,ASN,-3.5,114.1,0.0,2,2,X,0.0,0.0,0.0,0.0,0.0,0.0,0.0,0.0,26,0.053155264196707235,15,38,-23,0,0,0,0,0,0,0,0,1
1a0t,P,160,VAL,4.2,140.0,0.0,0,0,X,0.0,0.0,0.0,0.0,0.0,0.0,0.0,0.0,37,0.05175644145468863,24,24,0,0,0,0,0,0,0,0,0,1
1a0t,P,161,ARG,-4.5,173.4,1.0,5,0,X,0.0,0.0,0.0,0.0,0.0,0.0,0.0,0.0,34,0.0526889899493677,17,25,-8,0,0,0,0,0,0,0,0,1
1a0t,P,162,GLN,-3.5,143.8,0.0,2,2,X,0.0,0.0,0.0,0.0,0.0,0.0,0.0,0.0,40,0.053155264196707235,43,22,21,0,0,0,0,0,0,0,0,1
1a0t,P,163,ALA,1.8,88.6,0.0,0,0,X,0.0,0.0,0.0,0.0,0.0,0.0,0.0,0.0,45,0.05595290968074446,43,11,32,0,0,0,0,0,0,0,0,1
1a0t,P,164,PHE,2.8,189.9,0.0,0,0,X,0.0,0.0,0.0,0.0,0.0,0.0,0.0,0.0,42,0.056419183928083996,47,21,26,0,0,0,0,0,0,0,0,1
1a0t,P,165,VAL,4.2,140.0,0.0,0,0,X,0.0,0.0,0.0,0.0,0.0,0.0,0.0,0.0,43,0.056419183928083996,47,22,25,0,0,0,0,0,0,0,0,1
1a0t,P,166,GLU,-3.5,138.4,-1.0,1,3,X,0.0,0.0,0.0,0.0,0.0,0.0,0.0,0.0,32,0.04989134446533048,44,5,39,0,0,0,0,0,0,0,0,1
1a0t,P,167,LEU,3.8,166.7,0.0,0,0,X,0.0,0.0,0.0,0.0,0.0,0.0,0.0,0.0,40,0.050823892960009553,17,16,1,0,0,0,0,0,0,0,0,1
1a0t,P,168,GLY,-0.4,60.1,0.0,0,0,X,0.0,0.0,0.0,0.0,0.0,0.0,0.0,0.0,35,0.043363505002576956,17,10,7,0,0,0,0,0,0,0,0,1
1a0t,P,169,ASN,-3.5,114.1,0.0,2,2,X,0.0,0.0,0.0,0.0,0.0,0.0,0.0,0.0,29,0.04149840801321881,11,5,6,0,0,0,0,0,0,0,0,1
1a0t,P,170,LEU,3.8,166.7,0.0,0,0,X,0.0,0.0,0.0,0.0,0.0,0.0,0.0,0.0,29,0.04709369898129325,14,2,12,0,0,0,0,0,0,0,0,1
1a0t,P,171,PRO,-1.6,112.7,0.0,0,0,X,0.0,0.0,0.0,0.0,0.0,0.0,0.0,0.0,23,0.03450429430312575,11,3,8,0,0,0,0,0,0,0,0,1
1a0t,P,172,THR,-0.7,116.1,0.0,1,1,X,0.0,0.0,0.0,0.0,0.0,0.0,0.0,0.0,20,0.030774100324409453,12,0,12,0,0,0,0,0,0,0,0,1
1a0t,P,173,PHE,2.8,189.9,0.0,0,0,X,0.0,0.0,0.0,0.0,0.0,0.0,0.0,0.0,28,0.03870076252918159,12,1,11,0,0,0,0,0,0,0,0,1
1a0t,P,174,ALA,1.8,88.6,0.0,0,0,X,0.0,0.0,0.0,0.0,0.0,0.0,0.0,0.0,17,0.026577632098353617,15,1,14,0,0,0,0,0,0,0,0,1
1a0t,P,175,GLY,-0.4,60.1,0.0,0,0,X,0.0,0.0,0.0,0.0,0.0,0.0,0.0,0.0,16,0.020049792635600097,18,6,12,0,0,0,0,0,0,0,0,1
1a0t,P,176,PRO,-1.6,112.7,0.0,0,0,X,0.0,0.0,0.0,0.0,0.0,0.0,0.0,0.0,20,0.03683566553982344,21,11,10,0,0,0,0,0,0,0,0,1
1a0t,P,177,PHE,2.8,189.9,0.0,0,0,X,0.0,0.0,0.0,0.0,0.0,0.0,0.0,0.0,21,0.03963331102386066,17,5,12,0,0,0,0,0,0,0,0,1
1a0t,P,178,LYS,-3.9,168.6,1.0,2,0,X,0.0,0.0,0.0,0.0,0.0,0.0,0.0,0.0,20,0.03916703677652112,9,5,4,0,0,0,0,0,0,0,0,1
1a0t,P,179,GLY,-0.4,60.1,0.0,0,0,X,0.0,0.0,0.0,0.0,0.0,0.0,0.0,0.0,26,0.032639197313767604,24,8,16,0,0,0,0,0,0,0,0,1
1a0t,P,180,SER,-0.8,89.0,0.0,1,1,X,0.0,0.0,0.0,0.0,0.0,0.0,0.0,0.0,29,0.04942507021799094,22,12,10,0,0,0,0,0,0,0,0,1
1a0t,P,181,THR,-0.7,116.1,0.0,1,1,X,0.0,0.0,0.0,0.0,0.0,0.0,0.0,0.0,33,0.04755997322863279,26,18,8,0,0,0,0,0,0,0,0,1
1a0t,P,182,LEU,3.8,166.7,0.0,0,0,X,0.0,0.0,0.0,0.0,0.0,0.0,0.0,0.0,40,0.04662742473395372,13,14,-1,0,0,0,0,0,0,0,0,1
1a0t,P,183,TRP,-0.9,227.8,0.0,1,0,X,0.0,0.0,0.0,0.0,0.0,0.0,0.0,0.0,35,0.05222271570202816,26,17,9,0,0,0,0,0,0,0,0,1
1a0t,P,184,ALA,1.8,88.6,0.0,0,0,X,0.0,0.0,0.0,0.0,0.0,0.0,0.0,0.0,43,0.05781800667010261,32,18,14,0,0,0,0,0,0,0,0,1
1a0t,P,185,GLY,-0.4,60.1,0.0,0,0,X,0.0,0.0,0.0,0.0,0.0,0.0,0.0,0.0,48,0.05548663543340492,34,12,22,0,0,0,0,0,0,0,0,1
1a0t,P,186,LYS,-3.9,168.6,1.0,2,0,X,0.0,0.0,0.0,0.0,0.0,0.0,0.0,0.0,47,0.05735173242276307,32,13,19,0,0,0,0,0,0,0,0,1
1a0t,P,187,ARG,-4.5,173.4,1.0,5,0,X,0.0,0.0,0.0,0.0,0.0,0.0,0.0,0.0,36,0.05502036118606539,35,21,14,0,0,0,0,0,0,0,0,1
1a0t,P,188,PHE,2.8,189.9,0.0,0,0,X,0.0,0.0,0.0,0.0,0.0,0.0,0.0,0.0,35,0.048492521723311866,47,28,19,0,0,0,0,0,0,0,0,1
1a0t,P,189,ASP,-3.5,111.1,-1.0,1,3,X,0.0,0.0,0.0,0.0,0.0,0.0,0.0,0.0,32,0.04755997322863279,25,10,15,0,0,0,0,0,0,0,0,1
1a0t,P,190,ARG,-4.5,173.4,1.0,5,0,X,0.0,0.0,0.0,0.0,0.0,0.0,0.0,0.0,24,0.03310547156110714,18,27,-9,0,0,0,0,0,0,0,0,1
1a0t,P,191,ASP,-3.5,111.1,-1.0,1,3,X,0.0,0.0,0.0,0.0,0.0,0.0,0.0,0.0,29,0.035436842797804825,31,16,15,0,0,0,0,0,0,0,0,1
1a0t,P,192,ASN,-3.5,114.1,0.0,2,2,X,0.0,0.0,0.0,0.0,0.0,0.0,0.0,0.0,28,0.04196468226055834,24,32,-8,0,0,0,0,0,0,0,0,1
1a0t,P,193,PHE,2.8,189.9,0.0,0,0,X,0.0,0.0,0.0,0.0,0.0,0.0,0.0,0.0,32,0.035436842797804825,26,29,-3,0,0,0,0,0,0,0,0,1
1a0t,P,194,ASP,-3.5,111.1,-1.0,1,3,X,0.0,0.0,0.0,0.0,0.0,0.0,0.0,0.0,23,0.03730193978716297,24,18,6,0,0,0,0,0,0,0,0,1
1a0t,P,195,ILE,4.5,166.7,0.0,0,0,X,0.0,0.0,0.0,0.0,0.0,0.0,0.0,0.0,37,0.04755997322863279,33,25,8,0,0,0,0,0,0,0,0,1
1a0t,P,196,HIS,-3.2,153.2,0.1,2,1,X,0.0,0.0,0.0,0.0,0.0,0.0,0.0,0.0,31,0.043829779249916496,33,31,2,0,0,0,0,0,0,0,0,1
1a0t,P,197,TRP,-0.9,227.8,0.0,1,0,X,0.0,0.0,0.0,0.0,0.0,0.0,0.0,0.0,36,0.04662742473395372,38,27,11,0,0,0,0,0,0,0,0,1
1a0t,P,198,ILE,4.5,166.7,0.0,0,0,X,0.0,0.0,0.0,0.0,0.0,0.0,0.0,0.0,42,0.053621538444046775,36,25,11,0,0,0,0,0,0,0,0,1
1a0t,P,199,ASP,-3.5,111.1,-1.0,1,3,X,0.0,0.0,0.0,0.0,0.0,0.0,0.0,0.0,31,0.045694876239274644,35,24,11,0,0,0,0,0,0,0,0,1
1a0t,P,200,SER,-0.8,89.0,0.0,1,1,X,0.0,0.0,0.0,0.0,0.0,0.0,0.0,0.0,33,0.04289723075523742,32,25,7,0,0,0,0,0,0,0,0,1
1a0t,P,201,ASP,-3.5,111.1,-1.0,1,3,X,0.0,0.0,0.0,0.0,0.0,0.0,0.0,0.0,31,0.043363505002576956,22,20,2,0,0,0,0,0,0,0,0,1
1a0t,P,202,VAL,4.2,140.0,0.0,0,0,X,0.0,0.0,0.0,0.0,0.0,0.0,0.0,0.0,40,0.04709369898129325,34,21,13,0,0,0,0,0,0,0,0,1
1a0t,P,203,VAL,4.2,140.0,0.0,0,0,X,0.0,0.0,0.0,0.0,0.0,0.0,0.0,0.0,37,0.048026247475972325,26,32,-6,0,0,0,0,0,0,0,0,1
1a0t,P,204,PHE,2.8,189.9,0.0,0,0,X,0.0,0.0,0.0,0.0,0.0,0.0,0.0,0.0,32,0.04476232774459557,26,38,-12,0,0,0,0,0,0,0,0,1
1a0t,P,205,LEU,3.8,166.7,0.0,0,0,X,0.0,0.0,0.0,0.0,0.0,0.0,0.0,0.0,41,0.04616115048661418,34,23,11,0,0,0,0,0,0,0,0,1
1a0t,P,206,ALA,1.8,88.6,0.0,0,0,X,0.0,0.0,0.0,0.0,0.0,0.0,0.0,0.0,37,0.053621538444046775,41,18,23,0,0,0,0,0,0,0,0,1
1a0t,P,207,GLY,-0.4,60.1,0.0,0,0,X,0.0,0.0,0.0,0.0,0.0,0.0,0.0,0.0,41,0.05455408693872585,37,15,22,0,0,0,0,0,0,0,0,1
1a0t,P,208,THR,-0.7,116.1,0.0,1,1,X,0.0,0.0,0.0,0.0,0.0,0.0,0.0,0.0,44,0.05408781269138631,32,10,22,0,0,0,0,0,0,0,0,1
1a0t,P,209,GLY,-0.4,60.1,0.0,0,0,X,0.0,0.0,0.0,0.0,0.0,0.0,0.0,0.0,42,0.053155264196707235,24,1,23,0,0,0,0,0,0,0,0,1
1a0t,P,210,GLY,-0.4,60.1,0.0,0,0,X,0.0,0.0,0.0,0.0,0.0,0.0,0.0,0.0,38,0.048492521723311866,17,5,12,0,0,0,0,0,0,0,0,1
1a0t,P,211,GLY,-0.4,60.1,0.0,0,0,X,0.0,0.0,0.0,0.0,0.0,0.0,0.0,0.0,35,0.045228601991935104,8,11,-3,0,0,0,0,0,0,0,0,1
1a0t,P,212,ILE,4.5,166.7,0.0,0,0,X,0.0,0.0,0.0,0.0,0.0,0.0,0.0,0.0,36,0.045694876239274644,9,15,-6,0,0,0,0,0,0,0,0,1
1a0t,P,213,TYR,-1.3,193.6,0.0,1,1,X,0.0,0.0,0.0,0.0,0.0,0.0,0.0,0.0,34,0.04989134446533048,28,32,-4,0,0,0,0,0,0,0,0,1
1a0t,P,214,ASP,-3.5,111.1,-1.0,1,3,X,0.0,0.0,0.0,0.0,0.0,0.0,0.0,0.0,30,0.04755997322863279,34,5,29,0,0,0,0,0,0,0,0,1
1a0t,P,215,VAL,4.2,140.0,0.0,0,0,X,0.0,0.0,0.0,0.0,0.0,0.0,0.0,0.0,27,0.05222271570202816,34,11,23,0,0,0,0,0,0,0,0,1
1a0t,P,216,LYS,-3.9,168.6,1.0,2,0,X,0.0,0.0,0.0,0.0,0.0,0.0,0.0,0.0,23,0.04662742473395372,19,16,3,0,0,0,0,0,0,0,0,1
1a0t,P,217,TRP,-0.9,227.8,0.0,1,0,X,0.0,0.0,0.0,0.0,0.0,0.0,0.0,0.0,18,0.03590311704514436,26,12,14,0,0,0,0,0,0,0,0,1
1a0t,P,218,ASN,-3.5,114.1,0.0,2,2,X,0.0,0.0,0.0,0.0,0.0,0.0,0.0,0.0,11,0.020516066882939634,13,8,5,0,0,0,0,0,0,0,0,1
1a0t,P,219,ASP,-3.5,111.1,-1.0,1,3,X,0.0,0.0,0.0,0.0,0.0,0.0,0.0,0.0,11,0.01958351838826056,15,0,15,0,0,0,0,0,0,0,0,1
1a0t,P,220,GLY,-0.4,60.1,0.0,0,0,X,0.0,0.0,0.0,0.0,0.0,0.0,0.0,0.0,14,0.024246260861655933,22,8,14,0,0,0,0,0,0,0,0,1
1a0t,P,221,LEU,3.8,166.7,0.0,0,0,X,0.0,0.0,0.0,0.0,0.0,0.0,0.0,0.0,20,0.03730193978716297,29,12,17,0,0,0,0,0,0,0,0,1
1a0t,P,222,ARG,-4.5,173.4,1.0,5,0,X,0.0,0.0,0.0,0.0,0.0,0.0,0.0,0.0,26,0.048492521723311866,23,16,7,0,0,0,0,0,0,0,0,1
1a0t,P,223,SER,-0.8,89.0,0.0,1,1,X,0.0,0.0,0.0,0.0,0.0,0.0,0.0,0.0,29,0.05502036118606539,33,11,22,0,0,0,0,0,0,0,0,1
1a0t,P,224,ASN,-3.5,114.1,0.0,2,2,X,0.0,0.0,0.0,0.0,0.0,0.0,0.0,0.0,32,0.05408781269138631,34,22,12,0,0,0,0,0,0,0,0,1
1a0t,P,225,PHE,2.8,189.9,0.0,0,0,X,0.0,0.0,0.0,0.0,0.0,0.0,0.0,0.0,28,0.03963331102386066,14,6,8,0,0,0,0,0,0,0,0,1
1a0t,P,226,SER,-0.8,89.0,0.0,1,1,X,0.0,0.0,0.0,0.0,0.0,0.0,0.0,0.0,30,0.043829779249916496,3,6,-3,0,0,0,0,0,0,0,0,1
1a0t,P,227,LEU,3.8,166.7,0.0,0,0,X,0.0,0.0,0.0,0.0,0.0,0.0,0.0,0.0,34,0.04103213376587927,3,1,2,0,0,0,0,0,0,0,0,1
1a0t,P,228,TYR,-1.3,193.6,0.0,1,1,X,0.0,0.0,0.0,0.0,0.0,0.0,0.0,0.0,40,0.05035761871267001,29,12,17,0,0,0,0,0,0,0,0,1
1a0t,P,229,GLY,-0.4,60.1,0.0,0,0,X,0.0,0.0,0.0,0.0,0.0,0.0,0.0,0.0,43,0.0526889899493677,27,5,22,0,0,0,0,0,0,0,0,1
1a0t,P,230,ARG,-4.5,173.4,1.0,5,0,X,0.0,0.0,0.0,0.0,0.0,0.0,0.0,0.0,38,0.05548663543340492,9,13,-4,0,0,0,0,0,0,0,0,1
1a0t,P,231,ASN,-3.5,114.1,0.0,2,2,X,0.0,0.0,0.0,0.0,0.0,0.0,0.0,0.0,38,0.048026247475972325,20,12,8,0,0,0,0,0,0,0,0,1
1a0t,P,232,PHE,2.8,189.9,0.0,0,0,X,0.0,0.0,0.0,0.0,0.0,0.0,0.0,0.0,35,0.04476232774459557,28,17,11,0,0,0,0,0,0,0,0,1
1a0t,P,233,GLY,-0.4,60.1,0.0,0,0,X,0.0,0.0,0.0,0.0,0.0,0.0,0.0,0.0,29,0.03450429430312575,19,28,-9,0,0,0,0,0,0,0,0,1
1a0t,P,234,ASP,-3.5,111.1,-1.0,1,3,X,0.0,0.0,0.0,0.0,0.0,0.0,0.0,0.0,20,0.032639197313767604,9,21,-12,0,0,0,0,0,0,0,0,1
1a0t,P,235,ILE,4.5,166.7,0.0,0,0,X,0.0,0.0,0.0,0.0,0.0,0.0,0.0,0.0,23,0.0363693912924839,3,24,-21,0,0,0,0,0,0,0,0,1
1a0t,P,236,ASP,-3.5,111.1,-1.0,1,3,X,0.0,0.0,0.0,0.0,0.0,0.0,0.0,0.0,15,0.022847438119637322,0,16,-16,0,0,0,0,0,0,0,0,1
1a0t,P,237,ASP,-3.5,111.1,-1.0,1,3,X,0.0,0.0,0.0,0.0,0.0,0.0,0.0,0.0,17,0.030774100324409453,15,23,-8,0,0,0,0,0,0,0,0,1
1a0t,P,238,SER,-0.8,89.0,0.0,1,1,X,0.0,0.0,0.0,0.0,0.0,0.0,0.0,0.0,22,0.02471253510899547,17,38,-21,0,0,0,0,0,0,0,0,1
1a0t,P,239,SER,-0.8,89.0,0.0,1,1,X,0.0,0.0,0.0,0.0,0.0,0.0,0.0,0.0,24,0.02844272908771177,19,44,-25,0,0,0,0,0,0,0,0,1
1a0t,P,240,ASN,-3.5,114.1,0.0,2,2,X,0.0,0.0,0.0,0.0,0.0,0.0,0.0,0.0,26,0.043363505002576956,21,39,-18,0,0,0,0,0,0,0,0,1
1a0t,P,241,SER,-0.8,89.0,0.0,1,1,X,0.0,0.0,0.0,0.0,0.0,0.0,0.0,0.0,29,0.045694876239274644,21,32,-11,0,0,0,0,0,0,0,0,1
1a0t,P,242,VAL,4.2,140.0,0.0,0,0,X,0.0,0.0,0.0,0.0,0.0,0.0,0.0,0.0,35,0.048026247475972325,27,23,4,0,0,0,0,0,0,0,0,1
1a0t,P,243,GLN,-3.5,143.8,0.0,2,2,X,0.0,0.0,0.0,0.0,0.0,0.0,0.0,0.0,37,0.048492521723311866,25,3,22,0,0,0,0,0,0,0,0,1
1a0t,P,244,ASN,-3.5,114.1,0.0,2,2,X,0.0,0.0,0.0,0.0,0.0,0.0,0.0,0.0,43,0.053155264196707235,28,5,23,0,0,0,0,0,0,0,0,1
1a0t,P,245,TYR,-1.3,193.6,0.0,1,1,X,0.0,0.0,0.0,0.0,0.0,0.0,0.0,0.0,36,0.045694876239274644,24,0,24,0,0,0,0,0,0,0,0,1
1a0t,P,246,ILE,4.5,166.7,0.0,0,0,X,0.0,0.0,0.0,0.0,0.0,0.0,0.0,0.0,40,0.04709369898129325,24,0,24,0,0,0,0,0,0,0,0,1
1a0t,P,247,LEU,3.8,166.7,0.0,0,0,X,0.0,0.0,0.0,0.0,0.0,0.0,0.0,0.0,25,0.034970568550465285,9,0,9,0,0,0,0,0,0,0,0,1
1a0t,P,248,THR,-0.7,116.1,0.0,1,1,X,0.0,0.0,0.0,0.0,0.0,0.0,0.0,0.0,30,0.043363505002576956,15,4,11,0,0,0,0,0,0,0,0,1
1a0t,P,249,MET,1.9,162.9,0.0,0,0,X,0.0,0.0,0.0,0.0,0.0,0.0,0.0,0.0,25,0.04243095650789788,14,0,14,0,0,0,0,0,0,0,0,1
1a0t,P,250,ASN,-3.5,114.1,0.0,2,2,X,0.0,0.0,0.0,0.0,0.0,0.0,0.0,0.0,38,0.048958795970651406,27,15,12,0,0,0,0,0,0,0,0,1
1a0t,P,251,HIS,-3.2,153.2,0.1,2,1,X,0.0,0.0,0.0,0.0,0.0,0.0,0.0,0.0,24,0.04755997322863279,11,3,8,0,0,0,0,0,0,0,0,1
1a0t,P,252,PHE,2.8,189.9,0.0,0,0,X,0.0,0.0,0.0,0.0,0.0,0.0,0.0,0.0,29,0.04476232774459557,34,17,17,0,0,0,0,0,0,0,0,1
1a0t,P,253,ALA,1.8,88.6,0.0,0,0,X,0.0,0.0,0.0,0.0,0.0,0.0,0.0,0.0,19,0.030774100324409453,27,2,25,0,0,0,0,0,0,0,0,1
1a0t,P,254,GLY,-0.4,60.1,0.0,0,0,X,0.0,0.0,0.0,0.0,0.0,0.0,0.0,0.0,16,0.02144861537761871,25,4,21,0,0,0,0,0,0,0,0,1
1a0t,P,255,PRO,-1.6,112.7,0.0,0,0,X,0.0,0.0,0.0,0.0,0.0,0.0,0.0,0.0,19,0.028909003335051305,18,6,12,0,0,0,0,0,0,0,0,1
1a0t,P,256,LEU,3.8,166.7,0.0,0,0,X,0.0,0.0,0.0,0.0,0.0,0.0,0.0,0.0,20,0.03403802005578621,20,0,20,0,0,0,0,0,0,0,0,1
1a0t,P,257,GLN,-3.5,143.8,0.0,2,2,X,0.0,0.0,0.0,0.0,0.0,0.0,0.0,0.0,31,0.048026247475972325,32,7,25,0,0,0,0,0,0,0,0,1
1a0t,P,258,MET,1.9,162.9,0.0,0,0,X,0.0,0.0,0.0,0.0,0.0,0.0,0.0,0.0,24,0.04196468226055834,15,0,15,0,0,0,0,0,0,0,0,1
1a0t,P,259,MET,1.9,162.9,0.0,0,0,X,0.0,0.0,0.0,0.0,0.0,0.0,0.0,0.0,38,0.045694876239274644,21,10,11,0,0,0,0,0,0,0,0,1
1a0t,P,260,VAL,4.2,140.0,0.0,0,0,X,0.0,0.0,0.0,0.0,0.0,0.0,0.0,0.0,25,0.03823448828184205,20,0,20,0,0,0,0,0,0,0,0,1
1a0t,P,261,SER,-0.8,89.0,0.0,1,1,X,0.0,0.0,0.0,0.0,0.0,0.0,0.0,0.0,33,0.04289723075523742,14,1,13,0,0,0,0,0,0,0,0,1
1a0t,P,262,GLY,-0.4,60.1,0.0,0,0,X,0.0,0.0,0.0,0.0,0.0,0.0,0.0,0.0,27,0.03357174580844668,21,0,21,0,0,0,0,0,0,0,0,1
1a0t,P,263,LEU,3.8,166.7,0.0,0,0,X,0.0,0.0,0.0,0.0,0.0,0.0,0.0,0.0,39,0.043363505002576956,30,6,24,0,0,0,0,0,0,0,0,1
1a0t,P,264,ARG,-4.5,173.4,1.0,5,0,X,0.0,0.0,0.0,0.0,0.0,0.0,0.0,0.0,27,0.04196468226055834,9,9,0,0,0,0,0,0,0,0,0,1
1a0t,P,265,ALA,1.8,88.6,0.0,0,0,X,0.0,0.0,0.0,0.0,0.0,0.0,0.0,0.0,33,0.048958795970651406,31,18,13,0,0,0,0,0,0,0,0,1
1a0t,P,266,LYS,-3.9,168.6,1.0,2,0,X,0.0,0.0,0.0,0.0,0.0,0.0,0.0,0.0,23,0.03963331102386066,13,26,-13,0,0,0,0,0,0,0,0,1
1a0t,P,267,ASP,-3.5,111.1,-1.0,1,3,X,0.0,0.0,0.0,0.0,0.0,0.0,0.0,0.0,26,0.03310547156110714,29,18,11,0,0,0,0,0,0,0,0,1
1a0t,P,268,ASN,-3.5,114.1,0.0,2,2,X,0.0,0.0,0.0,0.0,0.0,0.0,0.0,0.0,33,0.04662742473395372,36,34,2,0,0,0,0,0,0,0,0,1
1a0t,P,269,ASP,-3.5,111.1,-1.0,1,3,X,0.0,0.0,0.0,0.0,0.0,0.0,0.0,0.0,25,0.04289723075523742,30,25,5,0,0,0,0,0,0,0,0,1
1a0t,P,270,GLU,-3.5,138.4,-1.0,1,3,X,0.0,0.0,0.0,0.0,0.0,0.0,0.0,0.0,23,0.03730193978716297,33,20,13,0,0,0,0,0,0,0,0,1
1a0t,P,271,ARG,-4.5,173.4,1.0,5,0,X,0.0,0.0,0.0,0.0,0.0,0.0,0.0,0.0,32,0.04709369898129325,19,46,-27,0,0,0,0,0,0,0,0,1
1a0t,P,272,LYS,-3.9,168.6,1.0,2,0,X,0.0,0.0,0.0,0.0,0.0,0.0,0.0,0.0,20,0.040565859518539735,13,30,-17,0,0,0,0,0,0,0,0,1
1a0t,P,273,ASP,-3.5,111.1,-1.0,1,3,X,0.0,0.0,0.0,0.0,0.0,0.0,0.0,0.0,17,0.03730193978716297,23,14,9,0,0,0,0,0,0,0,0,1
1a0t,P,274,SER,-0.8,89.0,0.0,1,1,X,0.0,0.0,0.0,0.0,0.0,0.0,0.0,0.0,13,0.023779986614316396,9,19,-10,0,0,0,0,0,0,0,0,1
1a0t,P,275,ASN,-3.5,114.1,0.0,2,2,X,0.0,0.0,0.0,0.0,0.0,0.0,0.0,0.0,10,0.018650969893581486,7,11,-4,0,0,0,0,0,0,0,0,1
1a0t,P,276,GLY,-0.4,60.1,0.0,0,0,X,0.0,0.0,0.0,0.0,0.0,0.0,0.0,0.0,13,0.025178809356335007,15,13,2,0,0,0,0,0,0,0,0,1
1a0t,P,277,ASN,-3.5,114.1,0.0,2,2,X,0.0,0.0,0.0,0.0,0.0,0.0,0.0,0.0,14,0.026577632098353617,18,11,7,0,0,0,0,0,0,0,0,1
1a0t,P,278,LEU,3.8,166.7,0.0,0,0,X,0.0,0.0,0.0,0.0,0.0,0.0,0.0,0.0,18,0.032639197313767604,28,32,-4,0,0,0,0,0,0,0,0,1
1a0t,P,279,ALA,1.8,88.6,0.0,0,0,X,0.0,0.0,0.0,0.0,0.0,0.0,0.0,0.0,24,0.03357174580844668,28,29,-1,0,0,0,0,0,0,0,0,1
1a0t,P,280,LYS,-3.9,168.6,1.0,2,0,X,0.0,0.0,0.0,0.0,0.0,0.0,0.0,0.0,25,0.03357174580844668,25,23,2,0,0,0,0,0,0,0,0,1
1a0t,P,281,GLY,-0.4,60.1,0.0,0,0,X,0.0,0.0,0.0,0.0,0.0,0.0,0.0,0.0,20,0.02844272908771177,30,28,2,0,0,0,0,0,0,0,0,1
1a0t,P,282,ASP,-3.5,111.1,-1.0,1,3,X,0.0,0.0,0.0,0.0,0.0,0.0,0.0,0.0,23,0.02984155182973038,24,20,4,0,0,0,0,0,0,0,0,1
1a0t,P,283,ALA,1.8,88.6,0.0,0,0,X,0.0,0.0,0.0,0.0,0.0,0.0,0.0,0.0,32,0.04243095650789788,34,33,1,0,0,0,0,0,0,0,0,1
1a0t,P,284,ALA,1.8,88.6,0.0,0,0,X,0.0,0.0,0.0,0.0,0.0,0.0,0.0,0.0,36,0.04616115048661418,37,31,6,0,0,0,0,0,0,0,0,1
1a0t,P,285,ASN,-3.5,114.1,0.0,2,2,X,0.0,0.0,0.0,0.0,0.0,0.0,0.0,0.0,30,0.04243095650789788,29,29,0,0,0,0,0,0,0,0,0,1
1a0t,P,286,THR,-0.7,116.1,0.0,1,1,X,0.0,0.0,0.0,0.0,0.0,0.0,0.0,0.0,30,0.03916703677652112,32,8,24,0,0,0,0,0,0,0,0,1
1a0t,P,287,GLY,-0.4,60.1,0.0,0,0,X,0.0,0.0,0.0,0.0,0.0,0.0,0.0,0.0,33,0.04149840801321881,28,3,25,0,0,0,0,0,0,0,0,1
1a0t,P,288,VAL,4.2,140.0,0.0,0,0,X,0.0,0.0,0.0,0.0,0.0,0.0,0.0,0.0,30,0.03963331102386066,23,7,16,0,0,0,0,0,0,0,0,1
1a0t,P,289,HIS,-3.2,153.2,0.1,2,1,X,0.0,0.0,0.0,0.0,0.0,0.0,0.0,0.0,37,0.048958795970651406,13,8,5,0,0,0,0,0,0,0,0,1
1a0t,P,290,ALA,1.8,88.6,0.0,0,0,X,0.0,0.0,0.0,0.0,0.0,0.0,0.0,0.0,34,0.040099585271200194,20,2,18,0,0,0,0,0,0,0,0,1
1a0t,P,291,LEU,3.8,166.7,0.0,0,0,X,0.0,0.0,0.0,0.0,0.0,0.0,0.0,0.0,35,0.04429605349725603,25,1,24,0,0,0,0,0,0,0,0,1
1a0t,P,292,LEU,3.8,166.7,0.0,0,0,X,0.0,0.0,0.0,0.0,0.0,0.0,0.0,0.0,26,0.03730193978716297,11,0,11,0,0,0,0,0,0,0,0,1
1a0t,P,293,GLY,-0.4,60.1,0.0,0,0,X,0.0,0.0,0.0,0.0,0.0,0.0,0.0,0.0,26,0.045228601991935104,23,0,23,0,0,0,0,0,0,0,0,1
1a0t,P,294,LEU,3.8,166.7,0.0,0,0,X,0.0,0.0,0.0,0.0,0.0,0.0,0.0,0.0,26,0.040099585271200194,19,2,17,0,0,0,0,0,0,0,0,1
1a0t,P,295,HIS,-3.2,153.2,0.1,2,1,X,0.0,0.0,0.0,0.0,0.0,0.0,0.0,0.0,26,0.03916703677652112,13,7,6,0,0,0,0,0,0,0,0,1
1a0t,P,296,ASN,-3.5,114.1,0.0,2,2,X,0.0,0.0,0.0,0.0,0.0,0.0,0.0,0.0,23,0.03730193978716297,21,9,12,0,0,0,0,0,0,0,0,1
1a0t,P,297,ASP,-3.5,111.1,-1.0,1,3,X,0.0,0.0,0.0,0.0,0.0,0.0,0.0,0.0,17,0.024246260861655933,15,7,8,0,0,0,0,0,0,0,0,1
1a0t,P,298,SER,-0.8,89.0,0.0,1,1,X,0.0,0.0,0.0,0.0,0.0,0.0,0.0,0.0,20,0.03870076252918159,18,16,2,0,0,0,0,0,0,0,0,1
1a0t,P,299,PHE,2.8,189.9,0.0,0,0,X,0.0,0.0,0.0,0.0,0.0,0.0,0.0,0.0,24,0.048026247475972325,15,11,4,0,0,0,0,0,0,0,0,1
1a0t,P,300,TYR,-1.3,193.6,0.0,1,1,X,0.0,0.0,0.0,0.0,0.0,0.0,0.0,0.0,24,0.0363693912924839,17,7,10,0,0,0,0,0,0,0,0,1
1a0t,P,301,GLY,-0.4,60.1,0.0,0,0,X,0.0,0.0,0.0,0.0,0.0,0.0,0.0,0.0,14,0.024246260861655933,11,12,-1,0,0,0,0,0,0,0,0,1
1a0t,P,302,LEU,3.8,166.7,0.0,0,0,X,0.0,0.0,0.0,0.0,0.0,0.0,0.0,0.0,13,0.022847438119637322,11,9,2,0,0,0,0,0,0,0,0,1
1a0t,P,303,ARG,-4.5,173.4,1.0,5,0,X,0.0,0.0,0.0,0.0,0.0,0.0,0.0,0.0,16,0.032172923066428064,0,10,-10,0,0,0,0,0,0,0,0,1
1a0t,P,304,ASP,-3.5,111.1,-1.0,1,3,X,0.0,0.0,0.0,0.0,0.0,0.0,0.0,0.0,15,0.032172923066428064,11,7,4,0,0,0,0,0,0,0,0,1
1a0t,P,305,GLY,-0.4,60.1,0.0,0,0,X,0.0,0.0,0.0,0.0,0.0,0.0,0.0,0.0,23,0.03730193978716297,12,16,-4,0,0,0,0,0,0,0,0,1
1a0t,P,306,SER,-0.8,89.0,0.0,1,1,X,0.0,0.0,0.0,0.0,0.0,0.0,0.0,0.0,27,0.043363505002576956,23,15,8,0,0,0,0,0,0,0,0,1
1a0t,P,307,SER,-0.8,89.0,0.0,1,1,X,0.0,0.0,0.0,0.0,0.0,0.0,0.0,0.0,30,0.05035761871267001,22,12,10,0,0,0,0,0,0,0,0,1
1a0t,P,308,LYS,-3.9,168.6,1.0,2,0,X,0.0,0.0,0.0,0.0,0.0,0.0,0.0,0.0,33,0.048026247475972325,11,10,1,0,0,0,0,0,0,0,0,1
1a0t,P,309,THR,-0.7,116.1,0.0,1,1,X,0.0,0.0,0.0,0.0,0.0,0.0,0.0,0.0,27,0.04289723075523742,21,0,21,0,0,0,0,0,0,0,0,1
1a0t,P,310,ALA,1.8,88.6,0.0,0,0,X,0.0,0.0,0.0,0.0,0.0,0.0,0.0,0.0,32,0.045228601991935104,25,2,23,0,0,0,0,0,0,0,0,1
1a0t,P,311,LEU,3.8,166.7,0.0,0,0,X,0.0,0.0,0.0,0.0,0.0,0.0,0.0,0.0,26,0.03683566553982344,11,0,11,0,0,0,0,0,0,0,0,1
1a0t,P,312,LEU,3.8,166.7,0.0,0,0,X,0.0,0.0,0.0,0.0,0.0,0.0,0.0,0.0,36,0.04942507021799094,31,7,24,0,0,0,0,0,0,0,0,1
1a0t,P,313,TYR,-1.3,193.6,0.0,1,1,X,0.0,0.0,0.0,0.0,0.0,0.0,0.0,0.0,26,0.04942507021799094,27,12,15,0,0,0,0,0,0,0,0,1
1a0t,P,314,GLY,-0.4,60.1,0.0,0,0,X,0.0,0.0,0.0,0.0,0.0,0.0,0.0,0.0,34,0.053155264196707235,40,17,23,0,0,0,0,0,0,0,0,1
1a0t,P,315,HIS,-3.2,153.2,0.1,2,1,X,0.0,0.0,0.0,0.0,0.0,0.0,0.0,0.0,29,0.04429605349725603,20,18,2,0,0,0,0,0,0,0,0,1
1a0t,P,316,GLY,-0.4,60.1,0.0,0,0,X,0.0,0.0,0.0,0.0,0.0,0.0,0.0,0.0,39,0.04755997322863279,39,29,10,0,0,0,0,0,0,0,0,1
1a0t,P,317,LEU,3.8,166.7,0.0,0,0,X,0.0,0.0,0.0,0.0,0.0,0.0,0.0,0.0,45,0.05781800667010261,30,17,13,0,0,0,0,0,0,0,0,1
1a0t,P,318,GLY,-0.4,60.1,0.0,0,0,X,0.0,0.0,0.0,0.0,0.0,0.0,0.0,0.0,41,0.053621538444046775,37,24,13,0,0,0,0,0,0,0,0,1
1a0t,P,319,ALA,1.8,88.6,0.0,0,0,X,0.0,0.0,0.0,0.0,0.0,0.0,0.0,0.0,41,0.05688545817542354,55,30,25,0,0,0,0,0,0,0,0,1
1a0t,P,320,GLU,-3.5,138.4,-1.0,1,3,X,0.0,0.0,0.0,0.0,0.0,0.0,0.0,0.0,40,0.05222271570202816,38,15,23,0,0,0,0,0,0,0,0,1
1a0t,P,321,VAL,4.2,140.0,0.0,0,0,X,0.0,0.0,0.0,0.0,0.0,0.0,0.0,0.0,45,0.053155264196707235,42,19,23,0,0,0,0,0,0,0,0,1
1a0t,P,322,LYS,-3.9,168.6,1.0,2,0,X,0.0,0.0,0.0,0.0,0.0,0.0,0.0,0.0,38,0.043363505002576956,16,26,-10,0,0,0,0,0,0,0,0,1
1a0t,P,323,GLY,-0.4,60.1,0.0,0,0,X,0.0,0.0,0.0,0.0,0.0,0.0,0.0,0.0,34,0.04243095650789788,30,29,1,0,0,0,0,0,0,0,0,1
1a0t,P,324,ILE,4.5,166.7,0.0,0,0,X,0.0,0.0,0.0,0.0,0.0,0.0,0.0,0.0,44,0.04709369898129325,28,20,8,0,0,0,0,0,0,0,0,1
1a0t,P,325,GLY,-0.4,60.1,0.0,0,0,X,0.0,0.0,0.0,0.0,0.0,0.0,0.0,0.0,44,0.048958795970651406,27,21,6,0,0,0,0,0,0,0,0,1
1a0t,P,326,SER,-0.8,89.0,0.0,1,1,X,0.0,0.0,0.0,0.0,0.0,0.0,0.0,0.0,31,0.03870076252918159,21,22,-1,0,0,0,0,0,0,0,0,1
1a0t,P,327,ASP,-3.5,111.1,-1.0,1,3,X,0.0,0.0,0.0,0.0,0.0,0.0,0.0,0.0,35,0.03870076252918159,29,10,19,0,0,0,0,0,0,0,0,1
1a0t,P,328,GLY,-0.4,60.1,0.0,0,0,X,0.0,0.0,0.0,0.0,0.0,0.0,0.0,0.0,38,0.040565859518539735,28,23,5,0,0,0,0,0,0,0,0,1
1a0t,P,329,ALA,1.8,88.6,0.0,0,0,X,0.0,0.0,0.0,0.0,0.0,0.0,0.0,0.0,29,0.04289723075523742,34,26,8,0,0,0,0,0,0,0,0,1
1a0t,P,330,LEU,3.8,166.7,0.0,0,0,X,0.0,0.0,0.0,0.0,0.0,0.0,0.0,0.0,41,0.05548663543340492,37,36,1,0,0,0,0,0,0,0,0,1
1a0t,P,331,ARG,-4.5,173.4,1.0,5,0,X,0.0,0.0,0.0,0.0,0.0,0.0,0.0,0.0,29,0.04755997322863279,28,37,-9,0,0,0,0,0,0,0,0,1
1a0t,P,332,PRO,-1.6,112.7,0.0,0,0,X,0.0,0.0,0.0,0.0,0.0,0.0,0.0,0.0,28,0.03870076252918159,31,25,6,0,0,0,0,0,0,0,0,1
1a0t,P,333,GLY,-0.4,60.1,0.0,0,0,X,0.0,0.0,0.0,0.0,0.0,0.0,0.0,0.0,30,0.032639197313767604,35,35,0,0,0,0,0,0,0,0,0,1
1a0t,P,334,ALA,1.8,88.6,0.0,0,0,X,0.0,0.0,0.0,0.0,0.0,0.0,0.0,0.0,36,0.05175644145468863,42,37,5,0,0,0,0,0,0,0,0,1
1a0t,P,335,ASP,-3.5,111.1,-1.0,1,3,X,0.0,0.0,0.0,0.0,0.0,0.0,0.0,0.0,29,0.04662742473395372,47,13,34,0,0,0,0,0,0,0,0,1
1a0t,P,336,THR,-0.7,116.1,0.0,1,1,X,0.0,0.0,0.0,0.0,0.0,0.0,0.0,0.0,34,0.053155264196707235,60,23,37,0,0,0,0,0,0,0,0,1
1a0t,P,337,TRP,-0.9,227.8,0.0,1,0,X,0.0,0.0,0.0,0.0,0.0,0.0,0.0,0.0,21,0.04709369898129325,27,8,19,0,0,0,0,0,0,0,0,1
1a0t,P,338,ARG,-4.5,173.4,1.0,5,0,X,0.0,0.0,0.0,0.0,0.0,0.0,0.0,0.0,40,0.04709369898129325,23,15,8,0,0,0,0,0,0,0,0,1
1a0t,P,339,ILE,4.5,166.7,0.0,0,0,X,0.0,0.0,0.0,0.0,0.0,0.0,0.0,0.0,26,0.040099585271200194,16,0,16,0,0,0,0,0,0,0,0,1
1a0t,P,340,ALA,1.8,88.6,0.0,0,0,X,0.0,0.0,0.0,0.0,0.0,0.0,0.0,0.0,34,0.04709369898129325,18,8,10,0,0,0,0,0,0,0,0,1
1a0t,P,341,SER,-0.8,89.0,0.0,1,1,X,0.0,0.0,0.0,0.0,0.0,0.0,0.0,0.0,33,0.04289723075523742,11,2,9,0,0,0,0,0,0,0,0,1
1a0t,P,342,TYR,-1.3,193.6,0.0,1,1,X,0.0,0.0,0.0,0.0,0.0,0.0,0.0,0.0,34,0.045694876239274644,21,8,13,0,0,0,0,0,0,0,0,1
1a0t,P,343,GLY,-0.4,60.1,0.0,0,0,X,0.0,0.0,0.0,0.0,0.0,0.0,0.0,0.0,35,0.04709369898129325,18,3,15,0,0,0,0,0,0,0,0,1
1a0t,P,344,THR,-0.7,116.1,0.0,1,1,X,0.0,0.0,0.0,0.0,0.0,0.0,0.0,0.0,30,0.05175644145468863,17,16,1,0,0,0,0,0,0,0,0,1
1a0t,P,345,THR,-0.7,116.1,0.0,1,1,X,0.0,0.0,0.0,0.0,0.0,0.0,0.0,0.0,29,0.04616115048661418,13,12,1,0,0,0,0,0,0,0,0,1
1a0t,P,346,PRO,-1.6,112.7,0.0,0,0,X,0.0,0.0,0.0,0.0,0.0,0.0,0.0,0.0,24,0.0363693912924839,11,18,-7,0,0,0,0,0,0,0,0,1
1a0t,P,347,LEU,3.8,166.7,0.0,0,0,X,0.0,0.0,0.0,0.0,0.0,0.0,0.0,0.0,19,0.03124037457174899,10,13,-3,0,0,0,0,0,0,0,0,1
1a0t,P,348,SER,-0.8,89.0,0.0,1,1,X,0.0,0.0,0.0,0.0,0.0,0.0,0.0,0.0,13,0.02471253510899547,3,9,-6,0,0,0,0,0,0,0,0,1
1a0t,P,349,GLU,-3.5,138.4,-1.0,1,3,X,0.0,0.0,0.0,0.0,0.0,0.0,0.0,0.0,13,0.020516066882939634,0,0,0,0,0,0,0,0,0,0,0,1
1a0t,P,350,ASN,-3.5,114.1,0.0,2,2,X,0.0,0.0,0.0,0.0,0.0,0.0,0.0,0.0,19,0.03450429430312575,0,9,-9,0,0,0,0,0,0,0,0,1
1a0t,P,351,TRP,-0.9,227.8,0.0,1,0,X,0.0,0.0,0.0,0.0,0.0,0.0,0.0,0.0,22,0.04429605349725603,2,9,-7,0,0,0,0,0,0,0,0,1
1a0t,P,352,SER,-0.8,89.0,0.0,1,1,X,0.0,0.0,0.0,0.0,0.0,0.0,0.0,0.0,33,0.05035761871267001,8,12,-4,0,0,0,0,0,0,0,0,1
1a0t,P,353,VAL,4.2,140.0,0.0,0,0,X,0.0,0.0,0.0,0.0,0.0,0.0,0.0,0.0,31,0.04709369898129325,11,2,9,0,0,0,0,0,0,0,0,1
1a0t,P,354,ALA,1.8,88.6,0.0,0,0,X,0.0,0.0,0.0,0.0,0.0,0.0,0.0,0.0,33,0.04709369898129325,16,7,9,0,0,0,0,0,0,0,0,1
1a0t,P,355,PRO,-1.6,112.7,0.0,0,0,X,0.0,0.0,0.0,0.0,0.0,0.0,0.0,0.0,29,0.043363505002576956,9,1,8,0,0,0,0,0,0,0,0,1
1a0t,P,356,ALA,1.8,88.6,0.0,0,0,X,0.0,0.0,0.0,0.0,0.0,0.0,0.0,0.0,36,0.048026247475972325,13,6,7,0,0,0,0,0,0,0,0,1
1a0t,P,357,MET,1.9,162.9,0.0,0,0,X,0.0,0.0,0.0,0.0,0.0,0.0,0.0,0.0,27,0.04243095650789788,8,0,8,0,0,0,0,0,0,0,0,1
1a0t,P,358,LEU,3.8,166.7,0.0,0,0,X,0.0,0.0,0.0,0.0,0.0,0.0,0.0,0.0,38,0.04662742473395372,17,6,11,0,0,0,0,0,0,0,0,1
1a0t,P,359,ALA,1.8,88.6,0.0,0,0,X,0.0,0.0,0.0,0.0,0.0,0.0,0.0,0.0,33,0.04149840801321881,18,0,18,0,0,0,0,0,0,0,0,1
1a0t,P,360,GLN,-3.5,143.8,0.0,2,2,X,0.0,0.0,0.0,0.0,0.0,0.0,0.0,0.0,38,0.04709369898129325,35,14,21,0,0,0,0,0,0,0,0,1
1a0t,P,361,ARG,-4.5,173.4,1.0,5,0,X,0.0,0.0,0.0,0.0,0.0,0.0,0.0,0.0,22,0.045694876239274644,20,16,4,0,0,0,0,0,0,0,0,1
1a0t,P,362,SER,-0.8,89.0,0.0,1,1,X,0.0,0.0,0.0,0.0,0.0,0.0,0.0,0.0,35,0.05408781269138631,47,32,15,0,0,0,0,0,0,0,0,1
1a0t,P,363,LYS,-3.9,168.6,1.0,2,0,X,0.0,0.0,0.0,0.0,0.0,0.0,0.0,0.0,26,0.04429605349725603,34,31,3,0,0,0,0,0,0,0,0,1
1a0t,P,364,ASP,-3.5,111.1,-1.0,1,3,X,0.0,0.0,0.0,0.0,0.0,0.0,0.0,0.0,28,0.043829779249916496,42,30,12,0,0,0,0,0,0,0,0,1
1a0t,P,365,ARG,-4.5,173.4,1.0,5,0,X,0.0,0.0,0.0,0.0,0.0,0.0,0.0,0.0,43,0.05595290968074446,29,45,-16,0,0,0,0,0,0,0,0,1
1a0t,P,366,TYR,-1.3,193.6,0.0,1,1,X,0.0,0.0,0.0,0.0,0.0,0.0,0.0,0.0,37,0.04709369898129325,35,46,-11,0,0,0,0,0,0,0,0,1
1a0t,P,367,ALA,1.8,88.6,0.0,0,0,X,0.0,0.0,0.0,0.0,0.0,0.0,0.0,0.0,24,0.045228601991935104,34,40,-6,0,0,0,0,0,0,0,0,1
1a0t,P,368,ASP,-3.5,111.1,-1.0,1,3,X,0.0,0.0,0.0,0.0,0.0,0.0,0.0,0.0,19,0.028909003335051305,22,31,-9,0,0,0,0,0,0,0,0,1
1a0t,P,369,GLY,-0.4,60.1,0.0,0,0,X,0.0,0.0,0.0,0.0,0.0,0.0,0.0,0.0,20,0.02844272908771177,31,34,-3,0,0,0,0,0,0,0,0,1
1a0t,P,370,ASP,-3.5,111.1,-1.0,1,3,X,0.0,0.0,0.0,0.0,0.0,0.0,0.0,0.0,30,0.045694876239274644,41,33,8,0,0,0,0,0,0,0,0,1
1a0t,P,371,SER,-0.8,89.0,0.0,1,1,X,0.0,0.0,0.0,0.0,0.0,0.0,0.0,0.0,26,0.04942507021799094,38,39,-1,0,0,0,0,0,0,0,0,1
1a0t,P,372,TYR,-1.3,193.6,0.0,1,1,X,0.0,0.0,0.0,0.0,0.0,0.0,0.0,0.0,37,0.05502036118606539,39,38,1,0,0,0,0,0,0,0,0,1
1a0t,P,373,GLN,-3.5,143.8,0.0,2,2,X,0.0,0.0,0.0,0.0,0.0,0.0,0.0,0.0,23,0.04709369898129325,28,12,16,0,0,0,0,0,0,0,0,1
1a0t,P,374,TRP,-0.9,227.8,0.0,1,0,X,0.0,0.0,0.0,0.0,0.0,0.0,0.0,0.0,36,0.048492521723311866,18,10,8,0,0,0,0,0,0,0,0,1
1a0t,P,375,ALA,1.8,88.6,0.0,0,0,X,0.0,0.0,0.0,0.0,0.0,0.0,0.0,0.0,31,0.04289723075523742,3,5,-2,0,0,0,0,0,0,0,0,1
1a0t,P,376,THR,-0.7,116.1,0.0,1,1,X,0.0,0.0,0.0,0.0,0.0,0.0,0.0,0.0,37,0.050823892960009553,1,0,1,0,0,0,0,0,0,0,0,1
1a0t,P,377,PHE,2.8,189.9,0.0,0,0,X,0.0,0.0,0.0,0.0,0.0,0.0,0.0,0.0,28,0.040099585271200194,4,6,-2,0,0,0,0,0,0,0,0,1
1a0t,P,378,ASN,-3.5,114.1,0.0,2,2,X,0.0,0.0,0.0,0.0,0.0,0.0,0.0,0.0,33,0.04755997322863279,29,10,19,0,0,0,0,0,0,0,0,1
1a0t,P,379,LEU,3.8,166.7,0.0,0,0,X,0.0,0.0,0.0,0.0,0.0,0.0,0.0,0.0,31,0.04243095650789788,13,9,4,0,0,0,0,0,0,0,0,1
1a0t,P,380,ARG,-4.5,173.4,1.0,5,0,X,0.0,0.0,0.0,0.0,0.0,0.0,0.0,0.0,42,0.050823892960009553,28,16,12,0,0,0,0,0,0,0,0,1
1a0t,P,381,LEU,3.8,166.7,0.0,0,0,X,0.0,0.0,0.0,0.0,0.0,0.0,0.0,0.0,27,0.045228601991935104,11,9,2,0,0,0,0,0,0,0,0,1
1a0t,P,382,ILE,4.5,166.7,0.0,0,0,X,0.0,0.0,0.0,0.0,0.0,0.0,0.0,0.0,38,0.050823892960009553,16,13,3,0,0,0,0,0,0,0,0,1
1a0t,P,383,GLN,-3.5,143.8,0.0,2,2,X,0.0,0.0,0.0,0.0,0.0,0.0,0.0,0.0,23,0.04709369898129325,0,2,-2,0,0,0,0,0,0,0,0,1
1a0t,P,384,ALA,1.8,88.6,0.0,0,0,X,0.0,0.0,0.0,0.0,0.0,0.0,0.0,0.0,24,0.043363505002576956,4,10,-6,0,0,0,0,0,0,0,0,1
1a0t,P,385,ILE,4.5,166.7,0.0,0,0,X,0.0,0.0,0.0,0.0,0.0,0.0,0.0,0.0,19,0.032172923066428064,0,1,-1,0,0,0,0,0,0,0,0,1
1a0t,P,386,ASN,-3.5,114.1,0.0,2,2,X,0.0,0.0,0.0,0.0,0.0,0.0,0.0,0.0,19,0.027510180593032695,7,0,7,0,0,0,0,0,0,0,0,1
1a0t,P,387,GLN,-3.5,143.8,0.0,2,2,X,0.0,0.0,0.0,0.0,0.0,0.0,0.0,0.0,23,0.032172923066428064,8,1,7,0,0,0,0,0,0,0,0,1
1a0t,P,388,ASN,-3.5,114.1,0.0,2,2,X,0.0,0.0,0.0,0.0,0.0,0.0,0.0,0.0,30,0.048026247475972325,9,2,7,0,0,0,0,0,0,0,0,1
1a0t,P,389,PHE,2.8,189.9,0.0,0,0,X,0.0,0.0,0.0,0.0,0.0,0.0,0.0,0.0,27,0.04616115048661418,9,0,9,0,0,0,0,0,0,0,0,1
1a0t,P,390,ALA,1.8,88.6,0.0,0,0,X,0.0,0.0,0.0,0.0,0.0,0.0,0.0,0.0,30,0.05222271570202816,16,6,10,0,0,0,0,0,0,0,0,1
1a0t,P,391,LEU,3.8,166.7,0.0,0,0,X,0.0,0.0,0.0,0.0,0.0,0.0,0.0,0.0,25,0.048026247475972325,1,1,0,0,0,0,0,0,0,0,0,1
1a0t,P,392,ALA,1.8,88.6,0.0,0,0,X,0.0,0.0,0.0,0.0,0.0,0.0,0.0,0.0,36,0.05175644145468863,22,13,9,0,0,0,0,0,0,0,0,1
1a0t,P,393,TYR,-1.3,193.6,0.0,1,1,X,0.0,0.0,0.0,0.0,0.0,0.0,0.0,0.0,26,0.043829779249916496,9,8,1,0,0,0,0,0,0,0,0,1
1a0t,P,394,GLU,-3.5,138.4,-1.0,1,3,X,0.0,0.0,0.0,0.0,0.0,0.0,0.0,0.0,34,0.04942507021799094,28,0,28,0,0,0,0,0,0,0,0,1
1a0t,P,395,GLY,-0.4,60.1,0.0,0,0,X,0.0,0.0,0.0,0.0,0.0,0.0,0.0,0.0,30,0.03963331102386066,22,9,13,0,0,0,0,0,0,0,0,1
1a0t,P,396,SER,-0.8,89.0,0.0,1,1,X,0.0,0.0,0.0,0.0,0.0,0.0,0.0,0.0,34,0.04989134446533048,17,12,5,0,0,0,0,0,0,0,0,1
1a0t,P,397,TYR,-1.3,193.6,0.0,1,1,X,0.0,0.0,0.0,0.0,0.0,0.0,0.0,0.0,26,0.043829779249916496,5,2,3,0,0,0,0,0,0,0,0,1
1a0t,P,398,GLN,-3.5,143.8,0.0,2,2,X,0.0,0.0,0.0,0.0,0.0,0.0,0.0,0.0,40,0.05222271570202816,3,4,-1,0,0,0,0,0,0,0,0,1
1a0t,P,399,TYR,-1.3,193.6,0.0,1,1,X,0.0,0.0,0.0,0.0,0.0,0.0,0.0,0.0,23,0.03963331102386066,0,8,-8,0,0,0,0,0,0,0,0,1
1a0t,P,400,MET,1.9,162.9,0.0,0,0,X,0.0,0.0,0.0,0.0,0.0,0.0,0.0,0.0,35,0.04942507021799094,8,8,0,0,0,0,0,0,0,0,0,1
1a0t,P,401,ASP,-3.5,111.1,-1.0,1,3,X,0.0,0.0,0.0,0.0,0.0,0.0,0.0,0.0,28,0.04289723075523742,17,2,15,0,0,0,0,0,0,0,0,1
1a0t,P,402,LEU,3.8,166.7,0.0,0,0,X,0.0,0.0,0.0,0.0,0.0,0.0,0.0,0.0,33,0.05035761871267001,23,25,-2,0,0,0,0,0,0,0,0,1
1a0t,P,403,LYS,-3.9,168.6,1.0,2,0,X,0.0,0.0,0.0,0.0,0.0,0.0,0.0,0.0,25,0.04289723075523742,13,30,-17,0,0,0,0,0,0,0,0,1
1a0t,P,404,PRO,-1.6,112.7,0.0,0,0,X,0.0,0.0,0.0,0.0,0.0,0.0,0.0,0.0,29,0.04989134446533048,25,35,-10,0,0,0,0,0,0,0,0,1
1a0t,P,405,GLU,-3.5,138.4,-1.0,1,3,X,0.0,0.0,0.0,0.0,0.0,0.0,0.0,0.0,20,0.03450429430312575,16,23,-7,0,0,0,0,0,0,0,0,1
1a0t,P,406,GLY,-0.4,60.1,0.0,0,0,X,0.0,0.0,0.0,0.0,0.0,0.0,0.0,0.0,16,0.02797645484037223,15,25,-10,0,0,0,0,0,0,0,0,1
1a0t,P,407,TYR,-1.3,193.6,0.0,1,1,X,0.0,0.0,0.0,0.0,0.0,0.0,0.0,0.0,25,0.034970568550465285,29,32,-3,0,0,0,0,0,0,0,0,1
1a0t,P,408,ASN,-3.5,114.1,0.0,2,2,X,0.0,0.0,0.0,0.0,0.0,0.0,0.0,0.0,17,0.024246260861655933,12,22,-10,0,0,0,0,0,0,0,0,1
1a0t,P,409,ASP,-3.5,111.1,-1.0,1,3,X,0.0,0.0,0.0,0.0,0.0,0.0,0.0,0.0,14,0.02797645484037223,11,12,-1,0,0,0,0,0,0,0,0,1
1a0t,P,410,ARG,-4.5,173.4,1.0,5,0,X,0.0,0.0,0.0,0.0,0.0,0.0,0.0,0.0,24,0.04289723075523742,4,34,-30,0,0,0,0,0,0,0,0,1
1a0t,P,411,GLN,-3.5,143.8,0.0,2,2,X,0.0,0.0,0.0,0.0,0.0,0.0,0.0,0.0,22,0.03730193978716297,22,17,5,0,0,0,0,0,0,0,0,1
1a0t,P,412,ALA,1.8,88.6,0.0,0,0,X,0.0,0.0,0.0,0.0,0.0,0.0,0.0,0.0,24,0.03916703677652112,24,21,3,0,0,0,0,0,0,0,0,1
1a0t,P,413,VAL,4.2,140.0,0.0,0,0,X,0.0,0.0,0.0,0.0,0.0,0.0,0.0,0.0,29,0.045694876239274644,28,10,18,0,0,0,0,0,0,0,0,1
1a0t,P,414,ASN,-3.5,114.1,0.0,2,2,X,0.0,0.0,0.0,0.0,0.0,0.0,0.0,0.0,22,0.03870076252918159,22,8,14,0,0,0,0,0,0,0,0,1
1a0t,P,415,GLY,-0.4,60.1,0.0,0,0,X,0.0,0.0,0.0,0.0,0.0,0.0,0.0,0.0,26,0.040565859518539735,15,10,5,0,0,0,0,0,0,0,0,1
1a0t,P,416,SER,-0.8,89.0,0.0,1,1,X,0.0,0.0,0.0,0.0,0.0,0.0,0.0,0.0,26,0.04243095650789788,9,10,-1,0,0,0,0,0,0,0,0,1
1a0t,P,417,PHE,2.8,189.9,0.0,0,0,X,0.0,0.0,0.0,0.0,0.0,0.0,0.0,0.0,39,0.05222271570202816,10,10,0,0,0,0,0,0,0,0,0,1
1a0t,P,418,TYR,-1.3,193.6,0.0,1,1,X,0.0,0.0,0.0,0.0,0.0,0.0,0.0,0.0,23,0.04755997322863279,7,8,-1,0,0,0,0,0,0,0,0,1
1a0t,P,419,LYS,-3.9,168.6,1.0,2,0,X,0.0,0.0,0.0,0.0,0.0,0.0,0.0,0.0,38,0.048492521723311866,7,16,-9,0,0,0,0,0,0,0,0,1
1a0t,P,420,LEU,3.8,166.7,0.0,0,0,X,0.0,0.0,0.0,0.0,0.0,0.0,0.0,0.0,24,0.035436842797804825,9,16,-7,0,0,0,0,0,0,0,0,1
1a0t,P,421,THR,-0.7,116.1,0.0,1,1,X,0.0,0.0,0.0,0.0,0.0,0.0,0.0,0.0,33,0.045694876239274644,25,10,15,0,0,0,0,0,0,0,0,1
1a0t,P,422,PHE,2.8,189.9,0.0,0,0,X,0.0,0.0,0.0,0.0,0.0,0.0,0.0,0.0,26,0.04149840801321881,4,5,-1,0,0,0,0,0,0,0,0,1
1a0t,P,423,ALA,1.8,88.6,0.0,0,0,X,0.0,0.0,0.0,0.0,0.0,0.0,0.0,0.0,29,0.05035761871267001,18,13,5,0,0,0,0,0,0,0,0,1
1a0t,P,424,PRO,-1.6,112.7,0.0,0,0,X,0.0,0.0,0.0,0.0,0.0,0.0,0.0,0.0,27,0.04196468226055834,10,4,6,0,0,0,0,0,0,0,0,1
1a0t,P,425,THR,-0.7,116.1,0.0,1,1,X,0.0,0.0,0.0,0.0,0.0,0.0,0.0,0.0,38,0.04989134446533048,26,10,16,0,0,0,0,0,0,0,0,1
1a0t,P,426,PHE,2.8,189.9,0.0,0,0,X,0.0,0.0,0.0,0.0,0.0,0.0,0.0,0.0,35,0.048026247475972325,17,10,7,0,0,0,0,0,0,0,0,1
1a0t,P,427,LYS,-3.9,168.6,1.0,2,0,X,0.0,0.0,0.0,0.0,0.0,0.0,0.0,0.0,40,0.04709369898129325,19,17,2,0,0,0,0,0,0,0,0,1
1a0t,P,428,VAL,4.2,140.0,0.0,0,0,X,0.0,0.0,0.0,0.0,0.0,0.0,0.0,0.0,35,0.043829779249916496,15,11,4,0,0,0,0,0,0,0,0,1
1a0t,P,429,GLY,-0.4,60.1,0.0,0,0,X,0.0,0.0,0.0,0.0,0.0,0.0,0.0,0.0,29,0.03357174580844668,18,16,2,0,0,0,0,0,0,0,0,1
1a0t,P,430,SER,-0.8,89.0,0.0,1,1,X,0.0,0.0,0.0,0.0,0.0,0.0,0.0,0.0,23,0.024246260861655933,15,13,2,0,0,0,0,0,0,0,0,1
1a0t,P,431,ILE,4.5,166.7,0.0,0,0,X,0.0,0.0,0.0,0.0,0.0,0.0,0.0,0.0,31,0.04289723075523742,11,16,-5,0,0,0,0,0,0,0,0,1
1a0t,P,432,GLY,-0.4,60.1,0.0,0,0,X,0.0,0.0,0.0,0.0,0.0,0.0,0.0,0.0,29,0.040099585271200194,6,14,-8,0,0,0,0,0,0,0,0,1
1a0t,P,433,ASP,-3.5,111.1,-1.0,1,3,X,0.0,0.0,0.0,0.0,0.0,0.0,0.0,0.0,21,0.03124037457174899,16,3,13,0,0,0,0,0,0,0,0,1
1a0t,P,434,PHE,2.8,189.9,0.0,0,0,X,0.0,0.0,0.0,0.0,0.0,0.0,0.0,0.0,34,0.04149840801321881,33,14,19,0,0,0,0,0,0,0,0,1
1a0t,P,435,PHE,2.8,189.9,0.0,0,0,X,0.0,0.0,0.0,0.0,0.0,0.0,0.0,0.0,24,0.03357174580844668,27,19,8,0,0,0,0,0,0,0,0,1
1a0t,P,436,SER,-0.8,89.0,0.0,1,1,X,0.0,0.0,0.0,0.0,0.0,0.0,0.0,0.0,26,0.03776821403450251,26,23,3,0,0,0,0,0,0,0,0,1
1a0t,P,437,ARG,-4.5,173.4,1.0,5,0,X,0.0,0.0,0.0,0.0,0.0,0.0,0.0,0.0,34,0.04149840801321881,31,26,5,0,0,0,0,0,0,0,0,1
1a0t,P,438,PRO,-1.6,112.7,0.0,0,0,X,0.0,0.0,0.0,0.0,0.0,0.0,0.0,0.0,35,0.048026247475972325,37,22,15,0,0,0,0,0,0,0,0,1
1a0t,P,439,GLU,-3.5,138.4,-1.0,1,3,X,0.0,0.0,0.0,0.0,0.0,0.0,0.0,0.0,40,0.048958795970651406,39,11,28,0,0,0,0,0,0,0,0,1
1a0t,P,440,ILE,4.5,166.7,0.0,0,0,X,0.0,0.0,0.0,0.0,0.0,0.0,0.0,0.0,41,0.05548663543340492,26,22,4,0,0,0,0,0,0,0,0,1
1a0t,P,441,ARG,-4.5,173.4,1.0,5,0,X,0.0,0.0,0.0,0.0,0.0,0.0,0.0,0.0,43,0.05129016720734909,32,18,14,0,0,0,0,0,0,0,0,1
1a0t,P,442,PHE,2.8,189.9,0.0,0,0,X,0.0,0.0,0.0,0.0,0.0,0.0,0.0,0.0,28,0.03823448828184205,9,2,7,0,0,0,0,0,0,0,0,1
1a0t,P,443,TYR,-1.3,193.6,0.0,1,1,X,0.0,0.0,0.0,0.0,0.0,0.0,0.0,0.0,33,0.048492521723311866,15,0,15,0,0,0,0,0,0,0,0,1
1a0t,P,444,THR,-0.7,116.1,0.0,1,1,X,0.0,0.0,0.0,0.0,0.0,0.0,0.0,0.0,29,0.04243095650789788,7,5,2,0,0,0,0,0,0,0,0,1
1a0t,P,445,SER,-0.8,89.0,0.0,1,1,X,0.0,0.0,0.0,0.0,0.0,0.0,0.0,0.0,35,0.048958795970651406,12,17,-5,0,0,0,0,0,0,0,0,1
1a0t,P,446,TRP,-0.9,227.8,0.0,1,0,X,0.0,0.0,0.0,0.0,0.0,0.0,0.0,0.0,22,0.04196468226055834,8,19,-11,0,0,0,0,0,0,0,0,1
1a0t,P,447,MET,1.9,162.9,0.0,0,0,X,0.0,0.0,0.0,0.0,0.0,0.0,0.0,0.0,37,0.05175644145468863,15,19,-4,0,0,0,0,0,0,0,0,1
1a0t,P,448,ASP,-3.5,111.1,-1.0,1,3,X,0.0,0.0,0.0,0.0,0.0,0.0,0.0,0.0,23,0.045228601991935104,10,9,1,0,0,0,0,0,0,0,0,1
1a0t,P,449,TRP,-0.9,227.8,0.0,1,0,X,0.0,0.0,0.0,0.0,0.0,0.0,0.0,0.0,31,0.04289723075523742,15,18,-3,0,0,0,0,0,0,0,0,1
1a0t,P,450,SER,-0.8,89.0,0.0,1,1,X,0.0,0.0,0.0,0.0,0.0,0.0,0.0,0.0,24,0.034970568550465285,18,8,10,0,0,0,0,0,0,0,0,1
1a0t,P,451,LYS,-3.9,168.6,1.0,2,0,X,0.0,0.0,0.0,0.0,0.0,0.0,0.0,0.0,17,0.03310547156110714,9,3,6,0,0,0,0,0,0,0,0,1
1a0t,P,452,LYS,-3.9,168.6,1.0,2,0,X,0.0,0.0,0.0,0.0,0.0,0.0,0.0,0.0,20,0.03450429430312575,9,2,7,0,0,0,0,0,0,0,0,1
1a0t,P,453,LEU,3.8,166.7,0.0,0,0,X,0.0,0.0,0.0,0.0,0.0,0.0,0.0,0.0,32,0.05129016720734909,18,10,8,0,0,0,0,0,0,0,0,1
1a0t,P,454,ASN,-3.5,114.1,0.0,2,2,X,0.0,0.0,0.0,0.0,0.0,0.0,0.0,0.0,30,0.045228601991935104,17,11,6,0,0,0,0,0,0,0,0,1
1a0t,P,455,ASN,-3.5,114.1,0.0,2,2,X,0.0,0.0,0.0,0.0,0.0,0.0,0.0,0.0,22,0.0363693912924839,24,9,15,0,0,0,0,0,0,0,0,1
1a0t,P,456,TYR,-1.3,193.6,0.0,1,1,X,0.0,0.0,0.0,0.0,0.0,0.0,0.0,0.0,34,0.048026247475972325,20,34,-14,0,0,0,0,0,0,0,0,1
1a0t,P,457,ALA,1.8,88.6,0.0,0,0,X,0.0,0.0,0.0,0.0,0.0,0.0,0.0,0.0,26,0.040565859518539735,14,29,-15,0,0,0,0,0,0,0,0,1
1a0t,P,458,SER,-0.8,89.0,0.0,1,1,X,0.0,0.0,0.0,0.0,0.0,0.0,0.0,0.0,17,0.026577632098353617,10,26,-16,0,0,0,0,0,0,0,0,1
1a0t,P,459,ASP,-3.5,111.1,-1.0,1,3,X,0.0,0.0,0.0,0.0,0.0,0.0,0.0,0.0,18,0.020516066882939634,10,20,-10,0,0,0,0,0,0,0,0,1
1a0t,P,460,ASP,-3.5,111.1,-1.0,1,3,X,0.0,0.0,0.0,0.0,0.0,0.0,0.0,0.0,28,0.03730193978716297,15,17,-2,0,0,0,0,0,0,0,0,1
1a0t,P,461,ALA,1.8,88.6,0.0,0,0,X,0.0,0.0,0.0,0.0,0.0,0.0,0.0,0.0,28,0.03916703677652112,9,25,-16,0,0,0,0,0,0,0,0,1
1a0t,P,462,LEU,3.8,166.7,0.0,0,0,X,0.0,0.0,0.0,0.0,0.0,0.0,0.0,0.0,38,0.050823892960009553,18,25,-7,0,0,0,0,0,0,0,0,1
1a0t,P,463,GLY,-0.4,60.1,0.0,0,0,X,0.0,0.0,0.0,0.0,0.0,0.0,0.0,0.0,25,0.040565859518539735,12,25,-13,0,0,0,0,0,0,0,0,1
1a0t,P,464,SER,-0.8,89.0,0.0,1,1,X,0.0,0.0,0.0,0.0,0.0,0.0,0.0,0.0,22,0.03310547156110714,8,25,-17,0,0,0,0,0,0,0,0,1
1a0t,P,465,ASP,-3.5,111.1,-1.0,1,3,X,0.0,0.0,0.0,0.0,0.0,0.0,0.0,0.0,18,0.018650969893581486,6,5,1,0,0,0,0,0,0,0,0,1
1a0t,P,466,GLY,-0.4,60.1,0.0,0,0,X,0.0,0.0,0.0,0.0,0.0,0.0,0.0,0.0,22,0.027043906345693154,9,21,-12,0,0,0,0,0,0,0,0,1
1a0t,P,467,PHE,2.8,189.9,0.0,0,0,X,0.0,0.0,0.0,0.0,0.0,0.0,0.0,0.0,27,0.04289723075523742,9,28,-19,0,0,0,0,0,0,0,0,1
1a0t,P,468,ASN,-3.5,114.1,0.0,2,2,X,0.0,0.0,0.0,0.0,0.0,0.0,0.0,0.0,22,0.03776821403450251,12,17,-5,0,0,0,0,0,0,0,0,1
1a0t,P,469,SER,-0.8,89.0,0.0,1,1,X,0.0,0.0,0.0,0.0,0.0,0.0,0.0,0.0,20,0.028909003335051305,7,22,-15,0,0,0,0,0,0,0,0,1
1a0t,P,470,GLY,-0.4,60.1,0.0,0,0,X,0.0,0.0,0.0,0.0,0.0,0.0,0.0,0.0,20,0.030307826077069916,7,18,-11,0,0,0,0,0,0,0,0,1
1a0t,P,471,GLY,-0.4,60.1,0.0,0,0,X,0.0,0.0,0.0,0.0,0.0,0.0,0.0,0.0,18,0.032639197313767604,0,22,-22,0,0,0,0,0,0,0,0,1
1a0t,P,472,GLU,-3.5,138.4,-1.0,1,3,X,0.0,0.0,0.0,0.0,0.0,0.0,0.0,0.0,28,0.045694876239274644,6,15,-9,0,0,0,0,0,0,0,0,1
1a0t,P,473,TRP,-0.9,227.8,0.0,1,0,X,0.0,0.0,0.0,0.0,0.0,0.0,0.0,0.0,20,0.04476232774459557,0,20,-20,0,0,0,0,0,0,0,0,1
1a0t,P,474,SER,-0.8,89.0,0.0,1,1,X,0.0,0.0,0.0,0.0,0.0,0.0,0.0,0.0,35,0.048492521723311866,8,16,-8,0,0,0,0,0,0,0,0,1
1a0t,P,475,PHE,2.8,189.9,0.0,0,0,X,0.0,0.0,0.0,0.0,0.0,0.0,0.0,0.0,25,0.04149840801321881,0,11,-11,0,0,0,0,0,0,0,0,1
1a0t,P,476,GLY,-0.4,60.1,0.0,0,0,X,0.0,0.0,0.0,0.0,0.0,0.0,0.0,0.0,34,0.04289723075523742,7,0,7,0,0,0,0,0,0,0,0,1
1a0t,P,477,VAL,4.2,140.0,0.0,0,0,X,0.0,0.0,0.0,0.0,0.0,0.0,0.0,0.0,39,0.045228601991935104,11,3,8,0,0,0,0,0,0,0,0,1
1a0t,P,478,GLN,-3.5,143.8,0.0,2,2,X,0.0,0.0,0.0,0.0,0.0,0.0,0.0,0.0,44,0.05408781269138631,31,24,7,0,0,0,0,0,0,0,0,1
1a0t,P,479,MET,1.9,162.9,0.0,0,0,X,0.0,0.0,0.0,0.0,0.0,0.0,0.0,0.0,42,0.05408781269138631,40,24,16,0,0,0,0,0,0,0,0,1
1a0t,P,480,GLU,-3.5,138.4,-1.0,1,3,X,0.0,0.0,0.0,0.0,0.0,0.0,0.0,0.0,37,0.053621538444046775,56,10,46,0,0,0,0,0,0,0,0,1
1a0t,P,481,THR,-0.7,116.1,0.0,1,1,X,0.0,0.0,0.0,0.0,0.0,0.0,0.0,0.0,34,0.05175644145468863,45,23,22,0,0,0,0,0,0,0,0,1
1a0t,P,482,TRP,-0.9,227.8,0.0,1,0,X,0.0,0.0,0.0,0.0,0.0,0.0,0.0,0.0,26,0.04243095650789788,35,25,10,0,0,0,0,0,0,0,0,1
1a0t,P,483,PHE,2.8,189.9,0.0,0,0,X,0.0,0.0,0.0,0.0,0.0,0.0,0.0,0.0,30,0.029375277582390842,33,18,15,0,0,0,0,0,0,0,0,1
1a0t,Q,71,SER,-0.8,89.0,0.0,1,1,X,0.0,0.0,0.0,0.0,0.0,0.0,0.0,0.0,13,0.020049792635600097,22,11,11,0,0,0,0,0,0,0,0,1
1a0t,Q,72,GLY,-0.4,60.1,0.0,0,0,X,0.0,0.0,0.0,0.0,0.0,0.0,0.0,0.0,15,0.024246260861655933,28,19,9,0,0,0,0,0,0,0,0,1
1a0t,Q,73,PHE,2.8,189.9,0.0,0,0,X,0.0,0.0,0.0,0.0,0.0,0.0,0.0,0.0,13,0.03963331102386066,33,31,2,0,0,0,0,0,0,0,0,1
1a0t,Q,74,GLU,-3.5,138.4,-1.0,1,3,X,0.0,0.0,0.0,0.0,0.0,0.0,0.0,0.0,18,0.04103213376587927,45,9,36,0,0,0,0,0,0,0,0,1
1a0t,Q,75,PHE,2.8,189.9,0.0,0,0,X,0.0,0.0,0.0,0.0,0.0,0.0,0.0,0.0,19,0.04709369898129325,26,34,-8,0,0,0,0,0,0,0,0,1
1a0t,Q,76,HIS,-3.2,153.2,0.1,2,1,X,0.0,0.0,0.0,0.0,0.0,0.0,0.0,0.0,19,0.04149840801321881,23,25,-2,0,0,0,0,0,0,0,0,1
1a0t,Q,77,GLY,-0.4,60.1,0.0,0,0,X,0.0,0.0,0.0,0.0,0.0,0.0,0.0,0.0,24,0.04616115048661418,24,17,7,0,0,0,0,0,0,0,0,1
1a0t,Q,78,TYR,-1.3,193.6,0.0,1,1,X,0.0,0.0,0.0,0.0,0.0,0.0,0.0,0.0,33,0.048958795970651406,35,28,7,0,0,0,0,0,0,0,0,1
1a0t,Q,79,ALA,1.8,88.6,0.0,0,0,X,0.0,0.0,0.0,0.0,0.0,0.0,0.0,0.0,39,0.053155264196707235,33,29,4,0,0,0,0,0,0,0,0,1
1a0t,Q,80,ARG,-4.5,173.4,1.0,5,0,X,0.0,0.0,0.0,0.0,0.0,0.0,0.0,0.0,32,0.05222271570202816,20,32,-12,0,0,0,0,0,0,0,0,1
1a0t,Q,81,SER,-0.8,89.0,0.0,1,1,X,0.0,0.0,0.0,0.0,0.0,0.0,0.0,0.0,42,0.05502036118606539,32,20,12,0,0,0,0,0,0,0,0,1
1a0t,Q,82,GLY,-0.4,60.1,0.0,0,0,X,0.0,0.0,0.0,0.0,0.0,0.0,0.0,0.0,45,0.053155264196707235,28,11,17,0,0,0,0,0,0,0,0,1
1a0t,Q,83,VAL,4.2,140.0,0.0,0,0,X,0.0,0.0,0.0,0.0,0.0,0.0,0.0,0.0,44,0.048492521723311866,11,6,5,0,0,0,0,0,0,0,0,1
1a0t,Q,84,ILE,4.5,166.7,0.0,0,0,X,0.0,0.0,0.0,0.0,0.0,0.0,0.0,0.0,37,0.05035761871267001,6,7,-1,0,0,0,0,0,0,0,0,1
1a0t,Q,85,MET,1.9,162.9,0.0,0,0,X,0.0,0.0,0.0,0.0,0.0,0.0,0.0,0.0,30,0.045228601991935104,7,8,-1,0,0,0,0,0,0,0,0,1
1a0t,Q,86,ASN,-3.5,114.1,0.0,2,2,X,0.0,0.0,0.0,0.0,0.0,0.0,0.0,0.0,26,0.04289723075523742,13,18,-5,0,0,0,0,0,0,0,0,1
1a0t,Q,87,ASP,-3.5,111.1,-1.0,1,3,X,0.0,0.0,0.0,0.0,0.0,0.0,0.0,0.0,18,0.02984155182973038,7,9,-2,0,0,0,0,0,0,0,0,1
1a0t,Q,88,SER,-0.8,89.0,0.0,1,1,X,0.0,0.0,0.0,0.0,0.0,0.0,0.0,0.0,19,0.025178809356335007,18,14,4,0,0,0,0,0,0,0,0,1
1a0t,Q,89,GLY,-0.4,60.1,0.0,0,0,X,0.0,0.0,0.0,0.0,0.0,0.0,0.0,0.0,26,0.0363693912924839,21,13,8,0,0,0,0,0,0,0,0,1
1a0t,Q,90,ALA,1.8,88.6,0.0,0,0,X,0.0,0.0,0.0,0.0,0.0,0.0,0.0,0.0,28,0.04196468226055834,23,17,6,0,0,0,0,0,0,0,0,1
1a0t,Q,91,SER,-0.8,89.0,0.0,1,1,X,0.0,0.0,0.0,0.0,0.0,0.0,0.0,0.0,35,0.034970568550465285,20,9,11,0,0,0,0,0,0,0,0,1
1a0t,Q,92,THR,-0.7,116.1,0.0,1,1,X,0.0,0.0,0.0,0.0,0.0,0.0,0.0,0.0,32,0.03730193978716297,9,19,-10,0,0,0,0,0,0,0,0,1
1a0t,Q,93,LYS,-3.9,168.6,1.0,2,0,X,0.0,0.0,0.0,0.0,0.0,0.0,0.0,0.0,31,0.02984155182973038,0,18,-18,0,0,0,0,0,0,0,0,1
1a0t,Q,94,SER,-0.8,89.0,0.0,1,1,X,0.0,0.0,0.0,0.0,0.0,0.0,0.0,0.0,34,0.03730193978716297,19,8,11,0,0,0,0,0,0,0,0,1
1a0t,Q,95,GLY,-0.4,60.1,0.0,0,0,X,0.0,0.0,0.0,0.0,0.0,0.0,0.0,0.0,34,0.03823448828184205,27,15,12,0,0,0,0,0,0,0,0,1
1a0t,Q,96,ALA,1.8,88.6,0.0,0,0,X,0.0,0.0,0.0,0.0,0.0,0.0,0.0,0.0,39,0.04616115048661418,24,14,10,0,0,0,0,0,0,0,0,1
1a0t,Q,97,TYR,-1.3,193.6,0.0,1,1,X,0.0,0.0,0.0,0.0,0.0,0.0,0.0,0.0,29,0.03870076252918159,13,16,-3,0,0,0,0,0,0,0,0,1
1a0t,Q,98,ILE,4.5,166.7,0.0,0,0,X,0.0,0.0,0.0,0.0,0.0,0.0,0.0,0.0,32,0.04476232774459557,12,15,-3,0,0,0,0,0,0,0,0,1
1a0t,Q,99,THR,-0.7,116.1,0.0,1,1,X,0.0,0.0,0.0,0.0,0.0,0.0,0.0,0.0,41,0.048026247475972325,1,16,-15,0,0,0,0,0,0,0,0,1
1a0t,Q,100,PRO,-1.6,112.7,0.0,0,0,X,0.0,0.0,0.0,0.0,0.0,0.0,0.0,0.0,42,0.04476232774459557,10,22,-12,0,0,0,0,0,0,0,0,1
1a0t,Q,101,ALA,1.8,88.6,0.0,0,0,X,0.0,0.0,0.0,0.0,0.0,0.0,0.0,0.0,34,0.05595290968074446,3,16,-13,0,0,0,0,0,0,0,0,1
1a0t,Q,102,GLY,-0.4,60.1,0.0,0,0,X,0.0,0.0,0.0,0.0,0.0,0.0,0.0,0.0,33,0.04476232774459557,10,14,-4,0,0,0,0,0,0,0,0,1
1a0t,Q,103,GLU,-3.5,138.4,-1.0,1,3,X,0.0,0.0,0.0,0.0,0.0,0.0,0.0,0.0,28,0.03403802005578621,13,11,2,0,0,0,0,0,0,0,0,1
1a0t,Q,104,THR,-0.7,116.1,0.0,1,1,X,0.0,0.0,0.0,0.0,0.0,0.0,0.0,0.0,38,0.04103213376587927,25,23,2,0,0,0,0,0,0,0,0,1
1a0t,Q,105,GLY,-0.4,60.1,0.0,0,0,X,0.0,0.0,0.0,0.0,0.0,0.0,0.0,0.0,38,0.040099585271200194,21,20,1,0,0,0,0,0,0,0,0,1
1a0t,Q,106,GLY,-0.4,60.1,0.0,0,0,X,0.0,0.0,0.0,0.0,0.0,0.0,0.0,0.0,36,0.05735173242276307,10,12,-2,0,0,0,0,0,0,0,0,1
1a0t,Q,107,ALA,1.8,88.6,0.0,0,0,X,0.0,0.0,0.0,0.0,0.0,0.0,0.0,0.0,44,0.04942507021799094,16,15,1,0,0,0,0,0,0,0,0,1
1a0t,Q,108,ILE,4.5,166.7,0.0,0,0,X,0.0,0.0,0.0,0.0,0.0,0.0,0.0,0.0,46,0.05455408693872585,19,14,5,0,0,0,0,0,0,0,0,1
1a0t,Q,109,GLY,-0.4,60.1,0.0,0,0,X,0.0,0.0,0.0,0.0,0.0,0.0,0.0,0.0,40,0.05455408693872585,34,17,17,0,0,0,0,0,0,0,0,1
1a0t,Q,110,ARG,-4.5,173.4,1.0,5,0,X,0.0,0.0,0.0,0.0,0.0,0.0,0.0,0.0,37,0.050823892960009553,37,25,12,0,0,0,0,0,0,0,0,1
1a0t,Q,111,LEU,3.8,166.7,0.0,0,0,X,0.0,0.0,0.0,0.0,0.0,0.0,0.0,0.0,41,0.04989134446533048,48,18,30,0,0,0,0,0,0,0,0,1
1a0t,Q,112,GLY,-0.4,60.1,0.0,0,0,X,0.0,0.0,0.0,0.0,0.0,0.0,0.0,0.0,42,0.056419183928083996,36,11,25,0,0,0,0,0,0,0,0,1
1a0t,Q,113,ASN,-3.5,114.1,0.0,2,2,X,0.0,0.0,0.0,0.0,0.0,0.0,0.0,0.0,42,0.045228601991935104,30,15,15,0,0,0,0,0,0,0,0,1
1a0t,Q,114,GLN,-3.5,143.8,0.0,2,2,X,0.0,0.0,0.0,0.0,0.0,0.0,0.0,0.0,40,0.043363505002576956,39,24,15,0,0,0,0,0,0,0,0,1
1a0t,Q,115,ALA,1.8,88.6,0.0,0,0,X,0.0,0.0,0.0,0.0,0.0,0.0,0.0,0.0,39,0.04662742473395372,19,8,11,0,0,0,0,0,0,0,0,1
1a0t,Q,116,ASP,-3.5,111.1,-1.0,1,3,X,0.0,0.0,0.0,0.0,0.0,0.0,0.0,0.0,32,0.043363505002576956,19,8,11,0,0,0,0,0,0,0,0,1
1a0t,Q,117,THR,-0.7,116.1,0.0,1,1,X,0.0,0.0,0.0,0.0,0.0,0.0,0.0,0.0,37,0.05129016720734909,25,17,8,0,0,0,0,0,0,0,0,1
1a0t,Q,118,TYR,-1.3,193.6,0.0,1,1,X,0.0,0.0,0.0,0.0,0.0,0.0,0.0,0.0,34,0.045228601991935104,20,37,-17,0,0,0,0,0,0,0,0,1
1a0t,Q,119,VAL,4.2,140.0,0.0,0,0,X,0.0,0.0,0.0,0.0,0.0,0.0,0.0,0.0,36,0.04616115048661418,23,27,-4,0,0,0,0,0,0,0,0,1
1a0t,Q,120,GLU,-3.5,138.4,-1.0,1,3,X,0.0,0.0,0.0,0.0,0.0,0.0,0.0,0.0,31,0.04662742473395372,28,7,21,0,0,0,0,0,0,0,0,1
1a0t,Q,121,MET,1.9,162.9,0.0,0,0,X,0.0,0.0,0.0,0.0,0.0,0.0,0.0,0.0,27,0.045228601991935104,18,19,-1,0,0,0,0,0,0,0,0,1
1a0t,Q,122,ASN,-3.5,114.1,0.0,2,2,X,0.0,0.0,0.0,0.0,0.0,0.0,0.0,0.0,28,0.048026247475972325,30,26,4,0,0,0,0,0,0,0,0,1
1a0t,Q,123,LEU,3.8,166.7,0.0,0,0,X,0.0,0.0,0.0,0.0,0.0,0.0,0.0,0.0,22,0.04989134446533048,32,24,8,0,0,0,0,0,0,0,0,1
1a0t,Q,124,GLU,-3.5,138.4,-1.0,1,3,X,0.0,0.0,0.0,0.0,0.0,0.0,0.0,0.0,22,0.05548663543340492,49,11,38,0,0,0,0,0,0,0,0,1
1a0t,Q,125,HIS,-3.2,153.2,0.1,2,1,X,0.0,0.0,0.0,0.0,0.0,0.0,0.0,0.0,26,0.048492521723311866,32,21,11,0,0,0,0,0,0,0,0,1
1a0t,Q,126,LYS,-3.9,168.6,1.0,2,0,X,0.0,0.0,0.0,0.0,0.0,0.0,0.0,0.0,21,0.04149840801321881,32,26,6,0,0,0,0,0,0,0,0,1
1a0t,Q,127,GLN,-3.5,143.8,0.0,2,2,X,0.0,0.0,0.0,0.0,0.0,0.0,0.0,0.0,26,0.03450429430312575,25,7,18,0,0,0,0,0,0,0,0,1
1a0t,Q,128,THR,-0.7,116.1,0.0,1,1,X,0.0,0.0,0.0,0.0,0.0,0.0,0.0,0.0,16,0.03124037457174899,14,8,6,0,0,0,0,0,0,0,0,1
1a0t,Q,129,LEU,3.8,166.7,0.0,0,0,X,0.0,0.0,0.0,0.0,0.0,0.0,0.0,0.0,20,0.028909003335051305,5,8,-3,0,0,0,0,0,0,0,0,1
1a0t,Q,130,ASP,-3.5,111.1,-1.0,1,3,X,0.0,0.0,0.0,0.0,0.0,0.0,0.0,0.0,11,0.01818469564624195,0,0,0,0,0,0,0,0,0,0,0,1
1a0t,Q,131,ASN,-3.5,114.1,0.0,2,2,X,0.0,0.0,0.0,0.0,0.0,0.0,0.0,0.0,17,0.022381163872297785,1,8,-7,0,0,0,0,0,0,0,0,1
1a0t,Q,132,GLY,-0.4,60.1,0.0,0,0,X,0.0,0.0,0.0,0.0,0.0,0.0,0.0,0.0,20,0.029375277582390842,3,8,-5,0,0,0,0,0,0,0,0,1
1a0t,Q,133,ALA,1.8,88.6,0.0,0,0,X,0.0,0.0,0.0,0.0,0.0,0.0,0.0,0.0,26,0.04103213376587927,7,10,-3,0,0,0,0,0,0,0,0,1
1a0t,Q,134,THR,-0.7,116.1,0.0,1,1,X,0.0,0.0,0.0,0.0,0.0,0.0,0.0,0.0,28,0.03916703677652112,21,12,9,0,0,0,0,0,0,0,0,1
1a0t,Q,135,THR,-0.7,116.1,0.0,1,1,X,0.0,0.0,0.0,0.0,0.0,0.0,0.0,0.0,34,0.04476232774459557,37,13,24,0,0,0,0,0,0,0,0,1
1a0t,Q,136,ARG,-4.5,173.4,1.0,5,0,X,0.0,0.0,0.0,0.0,0.0,0.0,0.0,0.0,32,0.04662742473395372,38,27,11,0,0,0,0,0,0,0,0,1
1a0t,Q,137,PHE,2.8,189.9,0.0,0,0,X,0.0,0.0,0.0,0.0,0.0,0.0,0.0,0.0,39,0.05175644145468863,49,26,23,0,0,0,0,0,0,0,0,1
1a0t,Q,138,LYS,-3.9,168.6,1.0,2,0,X,0.0,0.0,0.0,0.0,0.0,0.0,0.0,0.0,32,0.05035761871267001,54,22,32,0,0,0,0,0,0,0,0,1
1a0t,Q,139,VAL,4.2,140.0,0.0,0,0,X,0.0,0.0,0.0,0.0,0.0,0.0,0.0,0.0,34,0.05222271570202816,41,19,22,0,0,0,0,0,0,0,0,1
1a0t,Q,140,MET,1.9,162.9,0.0,0,0,X,0.0,0.0,0.0,0.0,0.0,0.0,0.0,0.0,31,0.048492521723311866,37,21,16,0,0,0,0,0,0,0,0,1
1a0t,Q,141,VAL,4.2,140.0,0.0,0,0,X,0.0,0.0,0.0,0.0,0.0,0.0,0.0,0.0,28,0.04616115048661418,17,24,-7,0,0,0,0,0,0,0,0,1
1a0t,Q,142,ALA,1.8,88.6,0.0,0,0,X,0.0,0.0,0.0,0.0,0.0,0.0,0.0,0.0,25,0.05129016720734909,11,27,-16,0,0,0,0,0,0,0,0,1
1a0t,Q,143,ASP,-3.5,111.1,-1.0,1,3,X,0.0,0.0,0.0,0.0,0.0,0.0,0.0,0.0,30,0.04942507021799094,12,22,-10,0,0,0,0,0,0,0,0,1
1a0t,Q,144,GLY,-0.4,60.1,0.0,0,0,X,0.0,0.0,0.0,0.0,0.0,0.0,0.0,0.0,27,0.04149840801321881,15,28,-13,0,0,0,0,0,0,0,0,1
1a0t,Q,145,GLN,-3.5,143.8,0.0,2,2,X,0.0,0.0,0.0,0.0,0.0,0.0,0.0,0.0,32,0.040565859518539735,11,29,-18,0,0,0,0,0,0,0,0,1
1a0t,Q,146,THR,-0.7,116.1,0.0,1,1,X,0.0,0.0,0.0,0.0,0.0,0.0,0.0,0.0,31,0.03450429430312575,5,27,-22,0,0,0,0,0,0,0,0,1
1a0t,Q,147,SER,-0.8,89.0,0.0,1,1,X,0.0,0.0,0.0,0.0,0.0,0.0,0.0,0.0,37,0.04289723075523742,18,26,-8,0,0,0,0,0,0,0,0,1
1a0t,Q,148,TYR,-1.3,193.6,0.0,1,1,X,0.0,0.0,0.0,0.0,0.0,0.0,0.0,0.0,39,0.050823892960009553,20,9,11,0,0,0,0,0,0,0,0,1
1a0t,Q,149,ASN,-3.5,114.1,0.0,2,2,X,0.0,0.0,0.0,0.0,0.0,0.0,0.0,0.0,37,0.04103213376587927,33,8,25,0,0,0,0,0,0,0,0,1
1a0t,Q,150,ASP,-3.5,111.1,-1.0,1,3,X,0.0,0.0,0.0,0.0,0.0,0.0,0.0,0.0,33,0.04942507021799094,36,2,34,0,0,0,0,0,0,0,0,1
1a0t,Q,151,TRP,-0.9,227.8,0.0,1,0,X,0.0,0.0,0.0,0.0,0.0,0.0,0.0,0.0,27,0.03823448828184205,17,26,-9,0,0,0,0,0,0,0,0,1
1a0t,Q,152,THR,-0.7,116.1,0.0,1,1,X,0.0,0.0,0.0,0.0,0.0,0.0,0.0,0.0,26,0.04662742473395372,16,29,-13,0,0,0,0,0,0,0,0,1
1a0t,Q,153,ALA,1.8,88.6,0.0,0,0,X,0.0,0.0,0.0,0.0,0.0,0.0,0.0,0.0,18,0.03683566553982344,6,26,-20,0,0,0,0,0,0,0,0,1
1a0t,Q,154,SER,-0.8,89.0,0.0,1,1,X,0.0,0.0,0.0,0.0,0.0,0.0,0.0,0.0,16,0.025178809356335007,0,25,-25,0,0,0,0,0,0,0,0,1
1a0t,Q,155,THR,-0.7,116.1,0.0,1,1,X,0.0,0.0,0.0,0.0,0.0,0.0,0.0,0.0,21,0.027510180593032695,1,32,-31,0,0,0,0,0,0,0,0,1
1a0t,Q,156,SER,-0.8,89.0,0.0,1,1,X,0.0,0.0,0.0,0.0,0.0,0.0,0.0,0.0,20,0.04196468226055834,1,24,-23,0,0,0,0,0,0,0,0,1
1a0t,Q,157,ASP,-3.5,111.1,-1.0,1,3,X,0.0,0.0,0.0,0.0,0.0,0.0,0.0,0.0,20,0.040099585271200194,3,9,-6,0,0,0,0,0,0,0,0,1
1a0t,Q,158,LEU,3.8,166.7,0.0,0,0,X,0.0,0.0,0.0,0.0,0.0,0.0,0.0,0.0,21,0.04755997322863279,7,30,-23,0,0,0,0,0,0,0,0,1
1a0t,Q,159,ASN,-3.5,114.1,0.0,2,2,X,0.0,0.0,0.0,0.0,0.0,0.0,0.0,0.0,26,0.0526889899493677,15,39,-24,0,0,0,0,0,0,0,0,1
1a0t,Q,160,VAL,4.2,140.0,0.0,0,0,X,0.0,0.0,0.0,0.0,0.0,0.0,0.0,0.0,37,0.05222271570202816,24,23,1,0,0,0,0,0,0,0,0,1
1a0t,Q,161,ARG,-4.5,173.4,1.0,5,0,X,0.0,0.0,0.0,0.0,0.0,0.0,0.0,0.0,32,0.0526889899493677,18,25,-7,0,0,0,0,0,0,0,0,1
1a0t,Q,162,GLN,-3.5,143.8,0.0,2,2,X,0.0,0.0,0.0,0.0,0.0,0.0,0.0,0.0,40,0.0526889899493677,43,21,22,0,0,0,0,0,0,0,0,1
1a0t,Q,163,ALA,1.8,88.6,0.0,0,0,X,0.0,0.0,0.0,0.0,0.0,0.0,0.0,0.0,45,0.05548663543340492,43,10,33,0,0,0,0,0,0,0,0,1
1a0t,Q,164,PHE,2.8,189.9,0.0,0,0,X,0.0,0.0,0.0,0.0,0.0,0.0,0.0,0.0,42,0.056419183928083996,47,21,26,0,0,0,0,0,0,0,0,1
1a0t,Q,165,VAL,4.2,140.0,0.0,0,0,X,0.0,0.0,0.0,0.0,0.0,0.0,0.0,0.0,42,0.05595290968074446,46,21,25,0,0,0,0,0,0,0,0,1
1a0t,Q,166,GLU,-3.5,138.4,-1.0,1,3,X,0.0,0.0,0.0,0.0,0.0,0.0,0.0,0.0,32,0.04989134446533048,43,5,38,0,0,0,0,0,0,0,0,1
1a0t,Q,167,LEU,3.8,166.7,0.0,0,0,X,0.0,0.0,0.0,0.0,0.0,0.0,0.0,0.0,40,0.04989134446533048,17,16,1,0,0,0,0,0,0,0,0,1
1a0t,Q,168,GLY,-0.4,60.1,0.0,0,0,X,0.0,0.0,0.0,0.0,0.0,0.0,0.0,0.0,35,0.04196468226055834,17,10,7,0,0,0,0,0,0,0,0,1
1a0t,Q,169,ASN,-3.5,114.1,0.0,2,2,X,0.0,0.0,0.0,0.0,0.0,0.0,0.0,0.0,29,0.04103213376587927,11,5,6,0,0,0,0,0,0,0,0,1
1a0t,Q,170,LEU,3.8,166.7,0.0,0,0,X,0.0,0.0,0.0,0.0,0.0,0.0,0.0,0.0,29,0.04616115048661418,14,2,12,0,0,0,0,0,0,0,0,1
1a0t,Q,171,PRO,-1.6,112.7,0.0,0,0,X,0.0,0.0,0.0,0.0,0.0,0.0,0.0,0.0,22,0.03450429430312575,11,3,8,0,0,0,0,0,0,0,0,1
1a0t,Q,172,THR,-0.7,116.1,0.0,1,1,X,0.0,0.0,0.0,0.0,0.0,0.0,0.0,0.0,20,0.030774100324409453,12,0,12,0,0,0,0,0,0,0,0,1
1a0t,Q,173,PHE,2.8,189.9,0.0,0,0,X,0.0,0.0,0.0,0.0,0.0,0.0,0.0,0.0,28,0.03870076252918159,13,1,12,0,0,0,0,0,0,0,0,1
1a0t,Q,174,ALA,1.8,88.6,0.0,0,0,X,0.0,0.0,0.0,0.0,0.0,0.0,0.0,0.0,17,0.027043906345693154,15,1,14,0,0,0,0,0,0,0,0,1
1a0t,Q,175,GLY,-0.4,60.1,0.0,0,0,X,0.0,0.0,0.0,0.0,0.0,0.0,0.0,0.0,16,0.020049792635600097,18,7,11,0,0,0,0,0,0,0,0,1
1a0t,Q,176,PRO,-1.6,112.7,0.0,0,0,X,0.0,0.0,0.0,0.0,0.0,0.0,0.0,0.0,20,0.03590311704514436,21,11,10,0,0,0,0,0,0,0,0,1
1a0t,Q,177,PHE,2.8,189.9,0.0,0,0,X,0.0,0.0,0.0,0.0,0.0,0.0,0.0,0.0,21,0.03963331102386066,17,5,12,0,0,0,0,0,0,0,0,1
1a0t,Q,178,LYS,-3.9,168.6,1.0,2,0,X,0.0,0.0,0.0,0.0,0.0,0.0,0.0,0.0,21,0.03870076252918159,9,5,4,0,0,0,0,0,0,0,0,1
1a0t,Q,179,GLY,-0.4,60.1,0.0,0,0,X,0.0,0.0,0.0,0.0,0.0,0.0,0.0,0.0,26,0.032639197313767604,24,8,16,0,0,0,0,0,0,0,0,1
1a0t,Q,180,SER,-0.8,89.0,0.0,1,1,X,0.0,0.0,0.0,0.0,0.0,0.0,0.0,0.0,28,0.048958795970651406,22,12,10,0,0,0,0,0,0,0,0,1
1a0t,Q,181,THR,-0.7,116.1,0.0,1,1,X,0.0,0.0,0.0,0.0,0.0,0.0,0.0,0.0,33,0.048492521723311866,26,18,8,0,0,0,0,0,0,0,0,1
1a0t,Q,182,LEU,3.8,166.7,0.0,0,0,X,0.0,0.0,0.0,0.0,0.0,0.0,0.0,0.0,40,0.045694876239274644,13,14,-1,0,0,0,0,0,0,0,0,1
1a0t,Q,183,TRP,-0.9,227.8,0.0,1,0,X,0.0,0.0,0.0,0.0,0.0,0.0,0.0,0.0,34,0.05175644145468863,26,17,9,0,0,0,0,0,0,0,0,1
1a0t,Q,184,ALA,1.8,88.6,0.0,0,0,X,0.0,0.0,0.0,0.0,0.0,0.0,0.0,0.0,44,0.058750555164781684,32,18,14,0,0,0,0,0,0,0,0,1
1a0t,Q,185,GLY,-0.4,60.1,0.0,0,0,X,0.0,0.0,0.0,0.0,0.0,0.0,0.0,0.0,48,0.05595290968074446,34,10,24,0,0,0,0,0,0,0,0,1
1a0t,Q,186,LYS,-3.9,168.6,1.0,2,0,X,0.0,0.0,0.0,0.0,0.0,0.0,0.0,0.0,48,0.058284280917442144,32,13,19,0,0,0,0,0,0,0,0,1
1a0t,Q,187,ARG,-4.5,173.4,1.0,5,0,X,0.0,0.0,0.0,0.0,0.0,0.0,0.0,0.0,36,0.05595290968074446,35,22,13,0,0,0,0,0,0,0,0,1
1a0t,Q,188,PHE,2.8,189.9,0.0,0,0,X,0.0,0.0,0.0,0.0,0.0,0.0,0.0,0.0,35,0.048492521723311866,46,28,18,0,0,0,0,0,0,0,0,1
1a0t,Q,189,ASP,-3.5,111.1,-1.0,1,3,X,0.0,0.0,0.0,0.0,0.0,0.0,0.0,0.0,33,0.048492521723311866,25,11,14,0,0,0,0,0,0,0,0,1
1a0t,Q,190,ARG,-4.5,173.4,1.0,5,0,X,0.0,0.0,0.0,0.0,0.0,0.0,0.0,0.0,24,0.03357174580844668,18,27,-9,0,0,0,0,0,0,0,0,1
1a0t,Q,191,ASP,-3.5,111.1,-1.0,1,3,X,0.0,0.0,0.0,0.0,0.0,0.0,0.0,0.0,29,0.034970568550465285,32,16,16,0,0,0,0,0,0,0,0,1
1a0t,Q,192,ASN,-3.5,114.1,0.0,2,2,X,0.0,0.0,0.0,0.0,0.0,0.0,0.0,0.0,28,0.04243095650789788,23,32,-9,0,0,0,0,0,0,0,0,1
1a0t,Q,193,PHE,2.8,189.9,0.0,0,0,X,0.0,0.0,0.0,0.0,0.0,0.0,0.0,0.0,32,0.03590311704514436,25,29,-4,0,0,0,0,0,0,0,0,1
1a0t,Q,194,ASP,-3.5,111.1,-1.0,1,3,X,0.0,0.0,0.0,0.0,0.0,0.0,0.0,0.0,24,0.03683566553982344,24,18,6,0,0,0,0,0,0,0,0,1
1a0t,Q,195,ILE,4.5,166.7,0.0,0,0,X,0.0,0.0,0.0,0.0,0.0,0.0,0.0,0.0,37,0.048026247475972325,32,24,8,0,0,0,0,0,0,0,0,1
1a0t,Q,196,HIS,-3.2,153.2,0.1,2,1,X,0.0,0.0,0.0,0.0,0.0,0.0,0.0,0.0,31,0.04429605349725603,33,29,4,0,0,0,0,0,0,0,0,1
1a0t,Q,197,TRP,-0.9,227.8,0.0,1,0,X,0.0,0.0,0.0,0.0,0.0,0.0,0.0,0.0,35,0.048026247475972325,38,26,12,0,0,0,0,0,0,0,0,1
1a0t,Q,198,ILE,4.5,166.7,0.0,0,0,X,0.0,0.0,0.0,0.0,0.0,0.0,0.0,0.0,42,0.053621538444046775,36,25,11,0,0,0,0,0,0,0,0,1
1a0t,Q,199,ASP,-3.5,111.1,-1.0,1,3,X,0.0,0.0,0.0,0.0,0.0,0.0,0.0,0.0,31,0.04616115048661418,35,24,11,0,0,0,0,0,0,0,0,1
1a0t,Q,200,SER,-0.8,89.0,0.0,1,1,X,0.0,0.0,0.0,0.0,0.0,0.0,0.0,0.0,34,0.043363505002576956,32,25,7,0,0,0,0,0,0,0,0,1
1a0t,Q,201,ASP,-3.5,111.1,-1.0,1,3,X,0.0,0.0,0.0,0.0,0.0,0.0,0.0,0.0,31,0.04476232774459557,22,21,1,0,0,0,0,0,0,0,0,1
1a0t,Q,202,VAL,4.2,140.0,0.0,0,0,X,0.0,0.0,0.0,0.0,0.0,0.0,0.0,0.0,40,0.04662742473395372,35,21,14,0,0,0,0,0,0,0,0,1
1a0t,Q,203,VAL,4.2,140.0,0.0,0,0,X,0.0,0.0,0.0,0.0,0.0,0.0,0.0,0.0,36,0.04755997322863279,26,32,-6,0,0,0,0,0,0,0,0,1
1a0t,Q,204,PHE,2.8,189.9,0.0,0,0,X,0.0,0.0,0.0,0.0,0.0,0.0,0.0,0.0,33,0.04476232774459557,27,38,-11,0,0,0,0,0,0,0,0,1
1a0t,Q,205,LEU,3.8,166.7,0.0,0,0,X,0.0,0.0,0.0,0.0,0.0,0.0,0.0,0.0,42,0.04662742473395372,35,25,10,0,0,0,0,0,0,0,0,1
1a0t,Q,206,ALA,1.8,88.6,0.0,0,0,X,0.0,0.0,0.0,0.0,0.0,0.0,0.0,0.0,37,0.053155264196707235,41,18,23,0,0,0,0,0,0,0,0,1
1a0t,Q,207,GLY,-0.4,60.1,0.0,0,0,X,0.0,0.0,0.0,0.0,0.0,0.0,0.0,0.0,41,0.05502036118606539,37,14,23,0,0,0,0,0,0,0,0,1
1a0t,Q,208,THR,-0.7,116.1,0.0,1,1,X,0.0,0.0,0.0,0.0,0.0,0.0,0.0,0.0,43,0.0526889899493677,32,10,22,0,0,0,0,0,0,0,0,1
1a0t,Q,209,GLY,-0.4,60.1,0.0,0,0,X,0.0,0.0,0.0,0.0,0.0,0.0,0.0,0.0,42,0.05408781269138631,24,1,23,0,0,0,0,0,0,0,0,1
1a0t,Q,210,GLY,-0.4,60.1,0.0,0,0,X,0.0,0.0,0.0,0.0,0.0,0.0,0.0,0.0,38,0.04989134446533048,17,5,12,0,0,0,0,0,0,0,0,1
1a0t,Q,211,GLY,-0.4,60.1,0.0,0,0,X,0.0,0.0,0.0,0.0,0.0,0.0,0.0,0.0,35,0.045228601991935104,8,11,-3,0,0,0,0,0,0,0,0,1
1a0t,Q,212,ILE,4.5,166.7,0.0,0,0,X,0.0,0.0,0.0,0.0,0.0,0.0,0.0,0.0,37,0.04616115048661418,9,15,-6,0,0,0,0,0,0,0,0,1
1a0t,Q,213,TYR,-1.3,193.6,0.0,1,1,X,0.0,0.0,0.0,0.0,0.0,0.0,0.0,0.0,34,0.04942507021799094,28,32,-4,0,0,0,0,0,0,0,0,1
1a0t,Q,214,ASP,-3.5,111.1,-1.0,1,3,X,0.0,0.0,0.0,0.0,0.0,0.0,0.0,0.0,30,0.04709369898129325,34,5,29,0,0,0,0,0,0,0,0,1
1a0t,Q,215,VAL,4.2,140.0,0.0,0,0,X,0.0,0.0,0.0,0.0,0.0,0.0,0.0,0.0,28,0.053155264196707235,34,11,23,0,0,0,0,0,0,0,0,1
1a0t,Q,216,LYS,-3.9,168.6,1.0,2,0,X,0.0,0.0,0.0,0.0,0.0,0.0,0.0,0.0,23,0.04616115048661418,19,16,3,0,0,0,0,0,0,0,0,1
1a0t,Q,217,TRP,-0.9,227.8,0.0,1,0,X,0.0,0.0,0.0,0.0,0.0,0.0,0.0,0.0,19,0.0363693912924839,25,12,13,0,0,0,0,0,0,0,0,1
1a0t,Q,218,ASN,-3.5,114.1,0.0,2,2,X,0.0,0.0,0.0,0.0,0.0,0.0,0.0,0.0,11,0.020516066882939634,13,8,5,0,0,0,0,0,0,0,0,1
1a0t,Q,219,ASP,-3.5,111.1,-1.0,1,3,X,0.0,0.0,0.0,0.0,0.0,0.0,0.0,0.0,11,0.01958351838826056,15,0,15,0,0,0,0,0,0,0,0,1
1a0t,Q,220,GLY,-0.4,60.1,0.0,0,0,X,0.0,0.0,0.0,0.0,0.0,0.0,0.0,0.0,14,0.024246260861655933,22,8,14,0,0,0,0,0,0,0,0,1
1a0t,Q,221,LEU,3.8,166.7,0.0,0,0,X,0.0,0.0,0.0,0.0,0.0,0.0,0.0,0.0,20,0.03683566553982344,29,13,16,0,0,0,0,0,0,0,0,1
1a0t,Q,222,ARG,-4.5,173.4,1.0,5,0,X,0.0,0.0,0.0,0.0,0.0,0.0,0.0,0.0,27,0.048492521723311866,23,16,7,0,0,0,0,0,0,0,0,1
1a0t,Q,223,SER,-0.8,89.0,0.0,1,1,X,0.0,0.0,0.0,0.0,0.0,0.0,0.0,0.0,28,0.05455408693872585,33,11,22,0,0,0,0,0,0,0,0,1
1a0t,Q,224,ASN,-3.5,114.1,0.0,2,2,X,0.0,0.0,0.0,0.0,0.0,0.0,0.0,0.0,31,0.053621538444046775,34,22,12,0,0,0,0,0,0,0,0,1
1a0t,Q,225,PHE,2.8,189.9,0.0,0,0,X,0.0,0.0,0.0,0.0,0.0,0.0,0.0,0.0,28,0.040565859518539735,14,6,8,0,0,0,0,0,0,0,0,1
1a0t,Q,226,SER,-0.8,89.0,0.0,1,1,X,0.0,0.0,0.0,0.0,0.0,0.0,0.0,0.0,31,0.043829779249916496,3,6,-3,0,0,0,0,0,0,0,0,1
1a0t,Q,227,LEU,3.8,166.7,0.0,0,0,X,0.0,0.0,0.0,0.0,0.0,0.0,0.0,0.0,34,0.04103213376587927,3,1,2,0,0,0,0,0,0,0,0,1
1a0t,Q,228,TYR,-1.3,193.6,0.0,1,1,X,0.0,0.0,0.0,0.0,0.0,0.0,0.0,0.0,41,0.04989134446533048,28,12,16,0,0,0,0,0,0,0,0,1
1a0t,Q,229,GLY,-0.4,60.1,0.0,0,0,X,0.0,0.0,0.0,0.0,0.0,0.0,0.0,0.0,43,0.05175644145468863,27,5,22,0,0,0,0,0,0,0,0,1
1a0t,Q,230,ARG,-4.5,173.4,1.0,5,0,X,0.0,0.0,0.0,0.0,0.0,0.0,0.0,0.0,38,0.05548663543340492,9,13,-4,0,0,0,0,0,0,0,0,1
1a0t,Q,231,ASN,-3.5,114.1,0.0,2,2,X,0.0,0.0,0.0,0.0,0.0,0.0,0.0,0.0,38,0.048026247475972325,20,11,9,0,0,0,0,0,0,0,0,1
1a0t,Q,232,PHE,2.8,189.9,0.0,0,0,X,0.0,0.0,0.0,0.0,0.0,0.0,0.0,0.0,36,0.043829779249916496,28,17,11,0,0,0,0,0,0,0,0,1
1a0t,Q,233,GLY,-0.4,60.1,0.0,0,0,X,0.0,0.0,0.0,0.0,0.0,0.0,0.0,0.0,28,0.034970568550465285,19,28,-9,0,0,0,0,0,0,0,0,1
1a0t,Q,234,ASP,-3.5,111.1,-1.0,1,3,X,0.0,0.0,0.0,0.0,0.0,0.0,0.0,0.0,21,0.03124037457174899,9,21,-12,0,0,0,0,0,0,0,0,1
1a0t,Q,235,ILE,4.5,166.7,0.0,0,0,X,0.0,0.0,0.0,0.0,0.0,0.0,0.0,0.0,23,0.0363693912924839,3,24,-21,0,0,0,0,0,0,0,0,1
1a0t,Q,236,ASP,-3.5,111.1,-1.0,1,3,X,0.0,0.0,0.0,0.0,0.0,0.0,0.0,0.0,15,0.022847438119637322,0,16,-16,0,0,0,0,0,0,0,0,1
1a0t,Q,237,ASP,-3.5,111.1,-1.0,1,3,X,0.0,0.0,0.0,0.0,0.0,0.0,0.0,0.0,17,0.030774100324409453,15,23,-8,0,0,0,0,0,0,0,0,1
1a0t,Q,238,SER,-0.8,89.0,0.0,1,1,X,0.0,0.0,0.0,0.0,0.0,0.0,0.0,0.0,22,0.02471253510899547,16,38,-22,0,0,0,0,0,0,0,0,1
1a0t,Q,239,SER,-0.8,89.0,0.0,1,1,X,0.0,0.0,0.0,0.0,0.0,0.0,0.0,0.0,24,0.02844272908771177,19,42,-23,0,0,0,0,0,0,0,0,1
1a0t,Q,240,ASN,-3.5,114.1,0.0,2,2,X,0.0,0.0,0.0,0.0,0.0,0.0,0.0,0.0,26,0.04289723075523742,22,39,-17,0,0,0,0,0,0,0,0,1
1a0t,Q,241,SER,-0.8,89.0,0.0,1,1,X,0.0,0.0,0.0,0.0,0.0,0.0,0.0,0.0,29,0.045228601991935104,21,33,-12,0,0,0,0,0,0,0,0,1
1a0t,Q,242,VAL,4.2,140.0,0.0,0,0,X,0.0,0.0,0.0,0.0,0.0,0.0,0.0,0.0,35,0.048026247475972325,28,24,4,0,0,0,0,0,0,0,0,1
1a0t,Q,243,GLN,-3.5,143.8,0.0,2,2,X,0.0,0.0,0.0,0.0,0.0,0.0,0.0,0.0,36,0.04755997322863279,25,3,22,0,0,0,0,0,0,0,0,1
1a0t,Q,244,ASN,-3.5,114.1,0.0,2,2,X,0.0,0.0,0.0,0.0,0.0,0.0,0.0,0.0,43,0.0526889899493677,28,5,23,0,0,0,0,0,0,0,0,1
1a0t,Q,245,TYR,-1.3,193.6,0.0,1,1,X,0.0,0.0,0.0,0.0,0.0,0.0,0.0,0.0,37,0.045694876239274644,24,0,24,0,0,0,0,0,0,0,0,1
1a0t,Q,246,ILE,4.5,166.7,0.0,0,0,X,0.0,0.0,0.0,0.0,0.0,0.0,0.0,0.0,41,0.04662742473395372,24,0,24,0,0,0,0,0,0,0,0,1
1a0t,Q,247,LEU,3.8,166.7,0.0,0,0,X,0.0,0.0,0.0,0.0,0.0,0.0,0.0,0.0,24,0.034970568550465285,10,0,10,0,0,0,0,0,0,0,0,1
1a0t,Q,248,THR,-0.7,116.1,0.0,1,1,X,0.0,0.0,0.0,0.0,0.0,0.0,0.0,0.0,30,0.043829779249916496,15,4,11,0,0,0,0,0,0,0,0,1
1a0t,Q,249,MET,1.9,162.9,0.0,0,0,X,0.0,0.0,0.0,0.0,0.0,0.0,0.0,0.0,25,0.04243095650789788,15,0,15,0,0,0,0,0,0,0,0,1
1a0t,Q,250,ASN,-3.5,114.1,0.0,2,2,X,0.0,0.0,0.0,0.0,0.0,0.0,0.0,0.0,38,0.04989134446533048,29,16,13,0,0,0,0,0,0,0,0,1
1a0t,Q,251,HIS,-3.2,153.2,0.1,2,1,X,0.0,0.0,0.0,0.0,0.0,0.0,0.0,0.0,24,0.04755997322863279,11,3,8,0,0,0,0,0,0,0,0,1
1a0t,Q,252,PHE,2.8,189.9,0.0,0,0,X,0.0,0.0,0.0,0.0,0.0,0.0,0.0,0.0,29,0.04476232774459557,35,17,18,0,0,0,0,0,0,0,0,1
1a0t,Q,253,ALA,1.8,88.6,0.0,0,0,X,0.0,0.0,0.0,0.0,0.0,0.0,0.0,0.0,19,0.030774100324409453,27,2,25,0,0,0,0,0,0,0,0,1
1a0t,Q,254,GLY,-0.4,60.1,0.0,0,0,X,0.0,0.0,0.0,0.0,0.0,0.0,0.0,0.0,16,0.02144861537761871,25,4,21,0,0,0,0,0,0,0,0,1
1a0t,Q,255,PRO,-1.6,112.7,0.0,0,0,X,0.0,0.0,0.0,0.0,0.0,0.0,0.0,0.0,18,0.028909003335051305,18,5,13,0,0,0,0,0,0,0,0,1
1a0t,Q,256,LEU,3.8,166.7,0.0,0,0,X,0.0,0.0,0.0,0.0,0.0,0.0,0.0,0.0,20,0.03403802005578621,20,0,20,0,0,0,0,0,0,0,0,1
1a0t,Q,257,GLN,-3.5,143.8,0.0,2,2,X,0.0,0.0,0.0,0.0,0.0,0.0,0.0,0.0,31,0.048492521723311866,31,7,24,0,0,0,0,0,0,0,0,1
1a0t,Q,258,MET,1.9,162.9,0.0,0,0,X,0.0,0.0,0.0,0.0,0.0,0.0,0.0,0.0,23,0.04196468226055834,16,0,16,0,0,0,0,0,0,0,0,1
1a0t,Q,259,MET,1.9,162.9,0.0,0,0,X,0.0,0.0,0.0,0.0,0.0,0.0,0.0,0.0,38,0.04662742473395372,21,10,11,0,0,0,0,0,0,0,0,1
1a0t,Q,260,VAL,4.2,140.0,0.0,0,0,X,0.0,0.0,0.0,0.0,0.0,0.0,0.0,0.0,25,0.03823448828184205,20,0,20,0,0,0,0,0,0,0,0,1
1a0t,Q,261,SER,-0.8,89.0,0.0,1,1,X,0.0,0.0,0.0,0.0,0.0,0.0,0.0,0.0,34,0.04289723075523742,13,1,12,0,0,0,0,0,0,0,0,1
1a0t,Q,262,GLY,-0.4,60.1,0.0,0,0,X,0.0,0.0,0.0,0.0,0.0,0.0,0.0,0.0,27,0.03310547156110714,21,0,21,0,0,0,0,0,0,0,0,1
1a0t,Q,263,LEU,3.8,166.7,0.0,0,0,X,0.0,0.0,0.0,0.0,0.0,0.0,0.0,0.0,38,0.043363505002576956,30,5,25,0,0,0,0,0,0,0,0,1
1a0t,Q,264,ARG,-4.5,173.4,1.0,5,0,X,0.0,0.0,0.0,0.0,0.0,0.0,0.0,0.0,27,0.04243095650789788,9,9,0,0,0,0,0,0,0,0,0,1
1a0t,Q,265,ALA,1.8,88.6,0.0,0,0,X,0.0,0.0,0.0,0.0,0.0,0.0,0.0,0.0,32,0.04942507021799094,31,18,13,0,0,0,0,0,0,0,0,1
1a0t,Q,266,LYS,-3.9,168.6,1.0,2,0,X,0.0,0.0,0.0,0.0,0.0,0.0,0.0,0.0,23,0.03963331102386066,13,26,-13,0,0,0,0,0,0,0,0,1
1a0t,Q,267,ASP,-3.5,111.1,-1.0,1,3,X,0.0,0.0,0.0,0.0,0.0,0.0,0.0,0.0,26,0.03357174580844668,29,18,11,0,0,0,0,0,0,0,0,1
1a0t,Q,268,ASN,-3.5,114.1,0.0,2,2,X,0.0,0.0,0.0,0.0,0.0,0.0,0.0,0.0,33,0.048492521723311866,36,34,2,0,0,0,0,0,0,0,0,1
1a0t,Q,269,ASP,-3.5,111.1,-1.0,1,3,X,0.0,0.0,0.0,0.0,0.0,0.0,0.0,0.0,25,0.043363505002576956,31,25,6,0,0,0,0,0,0,0,0,1
1a0t,Q,270,GLU,-3.5,138.4,-1.0,1,3,X,0.0,0.0,0.0,0.0,0.0,0.0,0.0,0.0,23,0.03776821403450251,33,20,13,0,0,0,0,0,0,0,0,1
1a0t,Q,271,ARG,-4.5,173.4,1.0,5,0,X,0.0,0.0,0.0,0.0,0.0,0.0,0.0,0.0,32,0.04709369898129325,18,46,-28,0,0,0,0,0,0,0,0,1
1a0t,Q,272,LYS,-3.9,168.6,1.0,2,0,X,0.0,0.0,0.0,0.0,0.0,0.0,0.0,0.0,20,0.040565859518539735,13,31,-18,0,0,0,0,0,0,0,0,1
1a0t,Q,273,ASP,-3.5,111.1,-1.0,1,3,X,0.0,0.0,0.0,0.0,0.0,0.0,0.0,0.0,17,0.03730193978716297,23,14,9,0,0,0,0,0,0,0,0,1
1a0t,Q,274,SER,-0.8,89.0,0.0,1,1,X,0.0,0.0,0.0,0.0,0.0,0.0,0.0,0.0,13,0.023779986614316396,9,19,-10,0,0,0,0,0,0,0,0,1
1a0t,Q,275,ASN,-3.5,114.1,0.0,2,2,X,0.0,0.0,0.0,0.0,0.0,0.0,0.0,0.0,10,0.018650969893581486,7,11,-4,0,0,0,0,0,0,0,0,1
1a0t,Q,276,GLY,-0.4,60.1,0.0,0,0,X,0.0,0.0,0.0,0.0,0.0,0.0,0.0,0.0,13,0.02471253510899547,15,13,2,0,0,0,0,0,0,0,0,1
1a0t,Q,277,ASN,-3.5,114.1,0.0,2,2,X,0.0,0.0,0.0,0.0,0.0,0.0,0.0,0.0,14,0.026577632098353617,18,11,7,0,0,0,0,0,0,0,0,1
1a0t,Q,278,LEU,3.8,166.7,0.0,0,0,X,0.0,0.0,0.0,0.0,0.0,0.0,0.0,0.0,18,0.03310547156110714,28,32,-4,0,0,0,0,0,0,0,0,1
1a0t,Q,279,ALA,1.8,88.6,0.0,0,0,X,0.0,0.0,0.0,0.0,0.0,0.0,0.0,0.0,25,0.03450429430312575,28,30,-2,0,0,0,0,0,0,0,0,1
1a0t,Q,280,LYS,-3.9,168.6,1.0,2,0,X,0.0,0.0,0.0,0.0,0.0,0.0,0.0,0.0,25,0.03357174580844668,25,25,0,0,0,0,0,0,0,0,0,1
1a0t,Q,281,GLY,-0.4,60.1,0.0,0,0,X,0.0,0.0,0.0,0.0,0.0,0.0,0.0,0.0,20,0.02844272908771177,30,28,2,0,0,0,0,0,0,0,0,1
1a0t,Q,282,ASP,-3.5,111.1,-1.0,1,3,X,0.0,0.0,0.0,0.0,0.0,0.0,0.0,0.0,23,0.02984155182973038,24,20,4,0,0,0,0,0,0,0,0,1
1a0t,Q,283,ALA,1.8,88.6,0.0,0,0,X,0.0,0.0,0.0,0.0,0.0,0.0,0.0,0.0,32,0.04289723075523742,34,33,1,0,0,0,0,0,0,0,0,1
1a0t,Q,284,ALA,1.8,88.6,0.0,0,0,X,0.0,0.0,0.0,0.0,0.0,0.0,0.0,0.0,36,0.04662742473395372,38,31,7,0,0,0,0,0,0,0,0,1
1a0t,Q,285,ASN,-3.5,114.1,0.0,2,2,X,0.0,0.0,0.0,0.0,0.0,0.0,0.0,0.0,30,0.04289723075523742,30,29,1,0,0,0,0,0,0,0,0,1
1a0t,Q,286,THR,-0.7,116.1,0.0,1,1,X,0.0,0.0,0.0,0.0,0.0,0.0,0.0,0.0,30,0.03823448828184205,32,9,23,0,0,0,0,0,0,0,0,1
1a0t,Q,287,GLY,-0.4,60.1,0.0,0,0,X,0.0,0.0,0.0,0.0,0.0,0.0,0.0,0.0,33,0.04196468226055834,28,3,25,0,0,0,0,0,0,0,0,1
1a0t,Q,288,VAL,4.2,140.0,0.0,0,0,X,0.0,0.0,0.0,0.0,0.0,0.0,0.0,0.0,30,0.03916703677652112,23,7,16,0,0,0,0,0,0,0,0,1
1a0t,Q,289,HIS,-3.2,153.2,0.1,2,1,X,0.0,0.0,0.0,0.0,0.0,0.0,0.0,0.0,37,0.04942507021799094,12,7,5,0,0,0,0,0,0,0,0,1
1a0t,Q,290,ALA,1.8,88.6,0.0,0,0,X,0.0,0.0,0.0,0.0,0.0,0.0,0.0,0.0,34,0.040099585271200194,21,2,19,0,0,0,0,0,0,0,0,1
1a0t,Q,291,LEU,3.8,166.7,0.0,0,0,X,0.0,0.0,0.0,0.0,0.0,0.0,0.0,0.0,35,0.043829779249916496,26,1,25,0,0,0,0,0,0,0,0,1
1a0t,Q,292,LEU,3.8,166.7,0.0,0,0,X,0.0,0.0,0.0,0.0,0.0,0.0,0.0,0.0,26,0.03683566553982344,12,0,12,0,0,0,0,0,0,0,0,1
1a0t,Q,293,GLY,-0.4,60.1,0.0,0,0,X,0.0,0.0,0.0,0.0,0.0,0.0,0.0,0.0,26,0.045228601991935104,23,0,23,0,0,0,0,0,0,0,0,1
1a0t,Q,294,LEU,3.8,166.7,0.0,0,0,X,0.0,0.0,0.0,0.0,0.0,0.0,0.0,0.0,26,0.040099585271200194,19,2,17,0,0,0,0,0,0,0,0,1
1a0t,Q,295,HIS,-3.2,153.2,0.1,2,1,X,0.0,0.0,0.0,0.0,0.0,0.0,0.0,0.0,26,0.03916703677652112,13,7,6,0,0,0,0,0,0,0,0,1
1a0t,Q,296,ASN,-3.5,114.1,0.0,2,2,X,0.0,0.0,0.0,0.0,0.0,0.0,0.0,0.0,23,0.0363693912924839,21,9,12,0,0,0,0,0,0,0,0,1
1a0t,Q,297,ASP,-3.5,111.1,-1.0,1,3,X,0.0,0.0,0.0,0.0,0.0,0.0,0.0,0.0,17,0.024246260861655933,15,7,8,0,0,0,0,0,0,0,0,1
1a0t,Q,298,SER,-0.8,89.0,0.0,1,1,X,0.0,0.0,0.0,0.0,0.0,0.0,0.0,0.0,20,0.03823448828184205,18,16,2,0,0,0,0,0,0,0,0,1
1a0t,Q,299,PHE,2.8,189.9,0.0,0,0,X,0.0,0.0,0.0,0.0,0.0,0.0,0.0,0.0,24,0.04755997322863279,15,11,4,0,0,0,0,0,0,0,0,1
1a0t,Q,300,TYR,-1.3,193.6,0.0,1,1,X,0.0,0.0,0.0,0.0,0.0,0.0,0.0,0.0,24,0.0363693912924839,17,7,10,0,0,0,0,0,0,0,0,1
1a0t,Q,301,GLY,-0.4,60.1,0.0,0,0,X,0.0,0.0,0.0,0.0,0.0,0.0,0.0,0.0,13,0.024246260861655933,11,12,-1,0,0,0,0,0,0,0,0,1
1a0t,Q,302,LEU,3.8,166.7,0.0,0,0,X,0.0,0.0,0.0,0.0,0.0,0.0,0.0,0.0,13,0.022381163872297785,11,9,2,0,0,0,0,0,0,0,0,1
1a0t,Q,303,ARG,-4.5,173.4,1.0,5,0,X,0.0,0.0,0.0,0.0,0.0,0.0,0.0,0.0,15,0.032172923066428064,0,10,-10,0,0,0,0,0,0,0,0,1
1a0t,Q,304,ASP,-3.5,111.1,-1.0,1,3,X,0.0,0.0,0.0,0.0,0.0,0.0,0.0,0.0,15,0.032172923066428064,11,7,4,0,0,0,0,0,0,0,0,1
1a0t,Q,305,GLY,-0.4,60.1,0.0,0,0,X,0.0,0.0,0.0,0.0,0.0,0.0,0.0,0.0,24,0.03683566553982344,11,16,-5,0,0,0,0,0,0,0,0,1
1a0t,Q,306,SER,-0.8,89.0,0.0,1,1,X,0.0,0.0,0.0,0.0,0.0,0.0,0.0,0.0,28,0.043363505002576956,23,16,7,0,0,0,0,0,0,0,0,1
1a0t,Q,307,SER,-0.8,89.0,0.0,1,1,X,0.0,0.0,0.0,0.0,0.0,0.0,0.0,0.0,30,0.04989134446533048,22,12,10,0,0,0,0,0,0,0,0,1
1a0t,Q,308,LYS,-3.9,168.6,1.0,2,0,X,0.0,0.0,0.0,0.0,0.0,0.0,0.0,0.0,33,0.048492521723311866,11,10,1,0,0,0,0,0,0,0,0,1
1a0t,Q,309,THR,-0.7,116.1,0.0,1,1,X,0.0,0.0,0.0,0.0,0.0,0.0,0.0,0.0,27,0.043363505002576956,21,0,21,0,0,0,0,0,0,0,0,1
1a0t,Q,310,ALA,1.8,88.6,0.0,0,0,X,0.0,0.0,0.0,0.0,0.0,0.0,0.0,0.0,32,0.045228601991935104,25,2,23,0,0,0,0,0,0,0,0,1
1a0t,Q,311,LEU,3.8,166.7,0.0,0,0,X,0.0,0.0,0.0,0.0,0.0,0.0,0.0,0.0,25,0.03683566553982344,11,0,11,0,0,0,0,0,0,0,0,1
1a0t,Q,312,LEU,3.8,166.7,0.0,0,0,X,0.0,0.0,0.0,0.0,0.0,0.0,0.0,0.0,36,0.05035761871267001,31,7,24,0,0,0,0,0,0,0,0,1
1a0t,Q,313,TYR,-1.3,193.6,0.0,1,1,X,0.0,0.0,0.0,0.0,0.0,0.0,0.0,0.0,26,0.048958795970651406,27,12,15,0,0,0,0,0,0,0,0,1
1a0t,Q,314,GLY,-0.4,60.1,0.0,0,0,X,0.0,0.0,0.0,0.0,0.0,0.0,0.0,0.0,34,0.05222271570202816,41,16,25,0,0,0,0,0,0,0,0,1
1a0t,Q,315,HIS,-3.2,153.2,0.1,2,1,X,0.0,0.0,0.0,0.0,0.0,0.0,0.0,0.0,29,0.04429605349725603,21,18,3,0,0,0,0,0,0,0,0,1
1a0t,Q,316,GLY,-0.4,60.1,0.0,0,0,X,0.0,0.0,0.0,0.0,0.0,0.0,0.0,0.0,38,0.04662742473395372,41,29,12,0,0,0,0,0,0,0,0,1
1a0t,Q,317,LEU,3.8,166.7,0.0,0,0,X,0.0,0.0,0.0,0.0,0.0,0.0,0.0,0.0,46,0.05735173242276307,33,17,16,0,0,0,0,0,0,0,0,1
1a0t,Q,318,GLY,-0.4,60.1,0.0,0,0,X,0.0,0.0,0.0,0.0,0.0,0.0,0.0,0.0,41,0.05408781269138631,37,24,13,0,0,0,0,0,0,0,0,1
1a0t,Q,319,ALA,1.8,88.6,0.0,0,0,X,0.0,0.0,0.0,0.0,0.0,0.0,0.0,0.0,41,0.05688545817542354,56,30,26,0,0,0,0,0,0,0,0,1
1a0t,Q,320,GLU,-3.5,138.4,-1.0,1,3,X,0.0,0.0,0.0,0.0,0.0,0.0,0.0,0.0,42,0.05222271570202816,40,15,25,0,0,0,0,0,0,0,0,1
1a0t,Q,321,VAL,4.2,140.0,0.0,0,0,X,0.0,0.0,0.0,0.0,0.0,0.0,0.0,0.0,46,0.053155264196707235,42,19,23,0,0,0,0,0,0,0,0,1
1a0t,Q,322,LYS,-3.9,168.6,1.0,2,0,X,0.0,0.0,0.0,0.0,0.0,0.0,0.0,0.0,37,0.043363505002576956,16,24,-8,0,0,0,0,0,0,0,0,1
1a0t,Q,323,GLY,-0.4,60.1,0.0,0,0,X,0.0,0.0,0.0,0.0,0.0,0.0,0.0,0.0,34,0.04243095650789788,30,29,1,0,0,0,0,0,0,0,0,1
1a0t,Q,324,ILE,4.5,166.7,0.0,0,0,X,0.0,0.0,0.0,0.0,0.0,0.0,0.0,0.0,44,0.04709369898129325,28,20,8,0,0,0,0,0,0,0,0,1
1a0t,Q,325,GLY,-0.4,60.1,0.0,0,0,X,0.0,0.0,0.0,0.0,0.0,0.0,0.0,0.0,46,0.048026247475972325,28,20,8,0,0,0,0,0,0,0,0,1
1a0t,Q,326,SER,-0.8,89.0,0.0,1,1,X,0.0,0.0,0.0,0.0,0.0,0.0,0.0,0.0,31,0.03776821403450251,22,22,0,0,0,0,0,0,0,0,0,1
1a0t,Q,327,ASP,-3.5,111.1,-1.0,1,3,X,0.0,0.0,0.0,0.0,0.0,0.0,0.0,0.0,35,0.03730193978716297,30,10,20,0,0,0,0,0,0,0,0,1
1a0t,Q,328,GLY,-0.4,60.1,0.0,0,0,X,0.0,0.0,0.0,0.0,0.0,0.0,0.0,0.0,38,0.040565859518539735,29,21,8,0,0,0,0,0,0,0,0,1
1a0t,Q,329,ALA,1.8,88.6,0.0,0,0,X,0.0,0.0,0.0,0.0,0.0,0.0,0.0,0.0,29,0.04289723075523742,34,26,8,0,0,0,0,0,0,0,0,1
1a0t,Q,330,LEU,3.8,166.7,0.0,0,0,X,0.0,0.0,0.0,0.0,0.0,0.0,0.0,0.0,41,0.05595290968074446,38,36,2,0,0,0,0,0,0,0,0,1
1a0t,Q,331,ARG,-4.5,173.4,1.0,5,0,X,0.0,0.0,0.0,0.0,0.0,0.0,0.0,0.0,29,0.04709369898129325,28,37,-9,0,0,0,0,0,0,0,0,1
1a0t,Q,332,PRO,-1.6,112.7,0.0,0,0,X,0.0,0.0,0.0,0.0,0.0,0.0,0.0,0.0,29,0.03870076252918159,30,31,-1,0,0,0,0,0,0,0,0,1
1a0t,Q,333,GLY,-0.4,60.1,0.0,0,0,X,0.0,0.0,0.0,0.0,0.0,0.0,0.0,0.0,30,0.032172923066428064,34,33,1,0,0,0,0,0,0,0,0,1
1a0t,Q,334,ALA,1.8,88.6,0.0,0,0,X,0.0,0.0,0.0,0.0,0.0,0.0,0.0,0.0,36,0.05175644145468863,42,37,5,0,0,0,0,0,0,0,0,1
1a0t,Q,335,ASP,-3.5,111.1,-1.0,1,3,X,0.0,0.0,0.0,0.0,0.0,0.0,0.0,0.0,29,0.04662742473395372,47,14,33,0,0,0,0,0,0,0,0,1
1a0t,Q,336,THR,-0.7,116.1,0.0,1,1,X,0.0,0.0,0.0,0.0,0.0,0.0,0.0,0.0,34,0.053155264196707235,60,23,37,0,0,0,0,0,0,0,0,1
1a0t,Q,337,TRP,-0.9,227.8,0.0,1,0,X,0.0,0.0,0.0,0.0,0.0,0.0,0.0,0.0,21,0.04755997322863279,27,8,19,0,0,0,0,0,0,0,0,1
1a0t,Q,338,ARG,-4.5,173.4,1.0,5,0,X,0.0,0.0,0.0,0.0,0.0,0.0,0.0,0.0,40,0.04755997322863279,23,15,8,0,0,0,0,0,0,0,0,1
1a0t,Q,339,ILE,4.5,166.7,0.0,0,0,X,0.0,0.0,0.0,0.0,0.0,0.0,0.0,0.0,27,0.040099585271200194,16,0,16,0,0,0,0,0,0,0,0,1
1a0t,Q,340,ALA,1.8,88.6,0.0,0,0,X,0.0,0.0,0.0,0.0,0.0,0.0,0.0,0.0,34,0.04709369898129325,18,8,10,0,0,0,0,0,0,0,0,1
1a0t,Q,341,SER,-0.8,89.0,0.0,1,1,X,0.0,0.0,0.0,0.0,0.0,0.0,0.0,0.0,33,0.043363505002576956,11,2,9,0,0,0,0,0,0,0,0,1
1a0t,Q,342,TYR,-1.3,193.6,0.0,1,1,X,0.0,0.0,0.0,0.0,0.0,0.0,0.0,0.0,34,0.045694876239274644,21,8,13,0,0,0,0,0,0,0,0,1
1a0t,Q,343,GLY,-0.4,60.1,0.0,0,0,X,0.0,0.0,0.0,0.0,0.0,0.0,0.0,0.0,36,0.048026247475972325,18,3,15,0,0,0,0,0,0,0,0,1
1a0t,Q,344,THR,-0.7,116.1,0.0,1,1,X,0.0,0.0,0.0,0.0,0.0,0.0,0.0,0.0,30,0.05175644145468863,17,16,1,0,0,0,0,0,0,0,0,1
1a0t,Q,345,THR,-0.7,116.1,0.0,1,1,X,0.0,0.0,0.0,0.0,0.0,0.0,0.0,0.0,29,0.04616115048661418,13,12,1,0,0,0,0,0,0,0,0,1
1a0t,Q,346,PRO,-1.6,112.7,0.0,0,0,X,0.0,0.0,0.0,0.0,0.0,0.0,0.0,0.0,23,0.0363693912924839,11,17,-6,0,0,0,0,0,0,0,0,1
1a0t,Q,347,LEU,3.8,166.7,0.0,0,0,X,0.0,0.0,0.0,0.0,0.0,0.0,0.0,0.0,19,0.030774100324409453,10,13,-3,0,0,0,0,0,0,0,0,1
1a0t,Q,348,SER,-0.8,89.0,0.0,1,1,X,0.0,0.0,0.0,0.0,0.0,0.0,0.0,0.0,14,0.02471253510899547,3,9,-6,0,0,0,0,0,0,0,0,1
1a0t,Q,349,GLU,-3.5,138.4,-1.0,1,3,X,0.0,0.0,0.0,0.0,0.0,0.0,0.0,0.0,13,0.020516066882939634,0,0,0,0,0,0,0,0,0,0,0,1
1a0t,Q,350,ASN,-3.5,114.1,0.0,2,2,X,0.0,0.0,0.0,0.0,0.0,0.0,0.0,0.0,19,0.034970568550465285,0,9,-9,0,0,0,0,0,0,0,0,1
1a0t,Q,351,TRP,-0.9,227.8,0.0,1,0,X,0.0,0.0,0.0,0.0,0.0,0.0,0.0,0.0,22,0.045694876239274644,2,9,-7,0,0,0,0,0,0,0,0,1
1a0t,Q,352,SER,-0.8,89.0,0.0,1,1,X,0.0,0.0,0.0,0.0,0.0,0.0,0.0,0.0,33,0.04989134446533048,8,12,-4,0,0,0,0,0,0,0,0,1
1a0t,Q,353,VAL,4.2,140.0,0.0,0,0,X,0.0,0.0,0.0,0.0,0.0,0.0,0.0,0.0,31,0.04709369898129325,11,2,9,0,0,0,0,0,0,0,0,1
1a0t,Q,354,ALA,1.8,88.6,0.0,0,0,X,0.0,0.0,0.0,0.0,0.0,0.0,0.0,0.0,33,0.04662742473395372,16,7,9,0,0,0,0,0,0,0,0,1
1a0t,Q,355,PRO,-1.6,112.7,0.0,0,0,X,0.0,0.0,0.0,0.0,0.0,0.0,0.0,0.0,29,0.043363505002576956,9,1,8,0,0,0,0,0,0,0,0,1
1a0t,Q,356,ALA,1.8,88.6,0.0,0,0,X,0.0,0.0,0.0,0.0,0.0,0.0,0.0,0.0,37,0.04755997322863279,13,6,7,0,0,0,0,0,0,0,0,1
1a0t,Q,357,MET,1.9,162.9,0.0,0,0,X,0.0,0.0,0.0,0.0,0.0,0.0,0.0,0.0,27,0.04243095650789788,8,0,8,0,0,0,0,0,0,0,0,1
1a0t,Q,358,LEU,3.8,166.7,0.0,0,0,X,0.0,0.0,0.0,0.0,0.0,0.0,0.0,0.0,38,0.04662742473395372,17,6,11,0,0,0,0,0,0,0,0,1
1a0t,Q,359,ALA,1.8,88.6,0.0,0,0,X,0.0,0.0,0.0,0.0,0.0,0.0,0.0,0.0,33,0.04149840801321881,18,0,18,0,0,0,0,0,0,0,0,1
1a0t,Q,360,GLN,-3.5,143.8,0.0,2,2,X,0.0,0.0,0.0,0.0,0.0,0.0,0.0,0.0,38,0.04709369898129325,34,14,20,0,0,0,0,0,0,0,0,1
1a0t,Q,361,ARG,-4.5,173.4,1.0,5,0,X,0.0,0.0,0.0,0.0,0.0,0.0,0.0,0.0,22,0.04429605349725603,20,16,4,0,0,0,0,0,0,0,0,1
1a0t,Q,362,SER,-0.8,89.0,0.0,1,1,X,0.0,0.0,0.0,0.0,0.0,0.0,0.0,0.0,36,0.05455408693872585,48,32,16,0,0,0,0,0,0,0,0,1
1a0t,Q,363,LYS,-3.9,168.6,1.0,2,0,X,0.0,0.0,0.0,0.0,0.0,0.0,0.0,0.0,26,0.04476232774459557,34,31,3,0,0,0,0,0,0,0,0,1
1a0t,Q,364,ASP,-3.5,111.1,-1.0,1,3,X,0.0,0.0,0.0,0.0,0.0,0.0,0.0,0.0,28,0.043829779249916496,43,30,13,0,0,0,0,0,0,0,0,1
1a0t,Q,365,ARG,-4.5,173.4,1.0,5,0,X,0.0,0.0,0.0,0.0,0.0,0.0,0.0,0.0,43,0.05595290968074446,29,45,-16,0,0,0,0,0,0,0,0,1
1a0t,Q,366,TYR,-1.3,193.6,0.0,1,1,X,0.0,0.0,0.0,0.0,0.0,0.0,0.0,0.0,37,0.04755997322863279,33,47,-14,0,0,0,0,0,0,0,0,1
1a0t,Q,367,ALA,1.8,88.6,0.0,0,0,X,0.0,0.0,0.0,0.0,0.0,0.0,0.0,0.0,26,0.04476232774459557,34,42,-8,0,0,0,0,0,0,0,0,1
1a0t,Q,368,ASP,-3.5,111.1,-1.0,1,3,X,0.0,0.0,0.0,0.0,0.0,0.0,0.0,0.0,19,0.028909003335051305,22,32,-10,0,0,0,0,0,0,0,0,1
1a0t,Q,369,GLY,-0.4,60.1,0.0,0,0,X,0.0,0.0,0.0,0.0,0.0,0.0,0.0,0.0,20,0.028909003335051305,31,34,-3,0,0,0,0,0,0,0,0,1
1a0t,Q,370,ASP,-3.5,111.1,-1.0,1,3,X,0.0,0.0,0.0,0.0,0.0,0.0,0.0,0.0,30,0.045694876239274644,41,33,8,0,0,0,0,0,0,0,0,1
1a0t,Q,371,SER,-0.8,89.0,0.0,1,1,X,0.0,0.0,0.0,0.0,0.0,0.0,0.0,0.0,26,0.05035761871267001,38,39,-1,0,0,0,0,0,0,0,0,1
1a0t,Q,372,TYR,-1.3,193.6,0.0,1,1,X,0.0,0.0,0.0,0.0,0.0,0.0,0.0,0.0,37,0.05502036118606539,39,38,1,0,0,0,0,0,0,0,0,1
1a0t,Q,373,GLN,-3.5,143.8,0.0,2,2,X,0.0,0.0,0.0,0.0,0.0,0.0,0.0,0.0,23,0.04755997322863279,28,13,15,0,0,0,0,0,0,0,0,1
1a0t,Q,374,TRP,-0.9,227.8,0.0,1,0,X,0.0,0.0,0.0,0.0,0.0,0.0,0.0,0.0,37,0.04755997322863279,18,9,9,0,0,0,0,0,0,0,0,1
1a0t,Q,375,ALA,1.8,88.6,0.0,0,0,X,0.0,0.0,0.0,0.0,0.0,0.0,0.0,0.0,31,0.04243095650789788,3,5,-2,0,0,0,0,0,0,0,0,1
1a0t,Q,376,THR,-0.7,116.1,0.0,1,1,X,0.0,0.0,0.0,0.0,0.0,0.0,0.0,0.0,37,0.050823892960009553,1,0,1,0,0,0,0,0,0,0,0,1
1a0t,Q,377,PHE,2.8,189.9,0.0,0,0,X,0.0,0.0,0.0,0.0,0.0,0.0,0.0,0.0,28,0.040099585271200194,4,6,-2,0,0,0,0,0,0,0,0,1
1a0t,Q,378,ASN,-3.5,114.1,0.0,2,2,X,0.0,0.0,0.0,0.0,0.0,0.0,0.0,0.0,34,0.048492521723311866,29,10,19,0,0,0,0,0,0,0,0,1
1a0t,Q,379,LEU,3.8,166.7,0.0,0,0,X,0.0,0.0,0.0,0.0,0.0,0.0,0.0,0.0,31,0.043363505002576956,13,9,4,0,0,0,0,0,0,0,0,1
1a0t,Q,380,ARG,-4.5,173.4,1.0,5,0,X,0.0,0.0,0.0,0.0,0.0,0.0,0.0,0.0,43,0.05035761871267001,28,16,12,0,0,0,0,0,0,0,0,1
1a0t,Q,381,LEU,3.8,166.7,0.0,0,0,X,0.0,0.0,0.0,0.0,0.0,0.0,0.0,0.0,27,0.04476232774459557,11,9,2,0,0,0,0,0,0,0,0,1
1a0t,Q,382,ILE,4.5,166.7,0.0,0,0,X,0.0,0.0,0.0,0.0,0.0,0.0,0.0,0.0,38,0.05129016720734909,16,13,3,0,0,0,0,0,0,0,0,1
1a0t,Q,383,GLN,-3.5,143.8,0.0,2,2,X,0.0,0.0,0.0,0.0,0.0,0.0,0.0,0.0,23,0.04662742473395372,0,2,-2,0,0,0,0,0,0,0,0,1
1a0t,Q,384,ALA,1.8,88.6,0.0,0,0,X,0.0,0.0,0.0,0.0,0.0,0.0,0.0,0.0,24,0.043829779249916496,4,10,-6,0,0,0,0,0,0,0,0,1
1a0t,Q,385,ILE,4.5,166.7,0.0,0,0,X,0.0,0.0,0.0,0.0,0.0,0.0,0.0,0.0,19,0.032172923066428064,0,2,-2,0,0,0,0,0,0,0,0,1
1a0t,Q,386,ASN,-3.5,114.1,0.0,2,2,X,0.0,0.0,0.0,0.0,0.0,0.0,0.0,0.0,19,0.027510180593032695,7,0,7,0,0,0,0,0,0,0,0,1
1a0t,Q,387,GLN,-3.5,143.8,0.0,2,2,X,0.0,0.0,0.0,0.0,0.0,0.0,0.0,0.0,23,0.032639197313767604,8,1,7,0,0,0,0,0,0,0,0,1
1a0t,Q,388,ASN,-3.5,114.1,0.0,2,2,X,0.0,0.0,0.0,0.0,0.0,0.0,0.0,0.0,30,0.048492521723311866,9,2,7,0,0,0,0,0,0,0,0,1
1a0t,Q,389,PHE,2.8,189.9,0.0,0,0,X,0.0,0.0,0.0,0.0,0.0,0.0,0.0,0.0,27,0.045694876239274644,9,0,9,0,0,0,0,0,0,0,0,1
1a0t,Q,390,ALA,1.8,88.6,0.0,0,0,X,0.0,0.0,0.0,0.0,0.0,0.0,0.0,0.0,30,0.053155264196707235,15,6,9,0,0,0,0,0,0,0,0,1
1a0t,Q,391,LEU,3.8,166.7,0.0,0,0,X,0.0,0.0,0.0,0.0,0.0,0.0,0.0,0.0,25,0.04755997322863279,1,1,0,0,0,0,0,0,0,0,0,1
1a0t,Q,392,ALA,1.8,88.6,0.0,0,0,X,0.0,0.0,0.0,0.0,0.0,0.0,0.0,0.0,35,0.05129016720734909,21,13,8,0,0,0,0,0,0,0,0,1
1a0t,Q,393,TYR,-1.3,193.6,0.0,1,1,X,0.0,0.0,0.0,0.0,0.0,0.0,0.0,0.0,26,0.043829779249916496,8,9,-1,0,0,0,0,0,0,0,0,1
1a0t,Q,394,GLU,-3.5,138.4,-1.0,1,3,X,0.0,0.0,0.0,0.0,0.0,0.0,0.0,0.0,34,0.048958795970651406,29,0,29,0,0,0,0,0,0,0,0,1
1a0t,Q,395,GLY,-0.4,60.1,0.0,0,0,X,0.0,0.0,0.0,0.0,0.0,0.0,0.0,0.0,31,0.03963331102386066,22,9,13,0,0,0,0,0,0,0,0,1
1a0t,Q,396,SER,-0.8,89.0,0.0,1,1,X,0.0,0.0,0.0,0.0,0.0,0.0,0.0,0.0,34,0.048958795970651406,17,12,5,0,0,0,0,0,0,0,0,1
1a0t,Q,397,TYR,-1.3,193.6,0.0,1,1,X,0.0,0.0,0.0,0.0,0.0,0.0,0.0,0.0,26,0.04289723075523742,5,2,3,0,0,0,0,0,0,0,0,1
1a0t,Q,398,GLN,-3.5,143.8,0.0,2,2,X,0.0,0.0,0.0,0.0,0.0,0.0,0.0,0.0,40,0.05222271570202816,3,4,-1,0,0,0,0,0,0,0,0,1
1a0t,Q,399,TYR,-1.3,193.6,0.0,1,1,X,0.0,0.0,0.0,0.0,0.0,0.0,0.0,0.0,24,0.040565859518539735,0,8,-8,0,0,0,0,0,0,0,0,1
1a0t,Q,400,MET,1.9,162.9,0.0,0,0,X,0.0,0.0,0.0,0.0,0.0,0.0,0.0,0.0,35,0.04942507021799094,8,8,0,0,0,0,0,0,0,0,0,1
1a0t,Q,401,ASP,-3.5,111.1,-1.0,1,3,X,0.0,0.0,0.0,0.0,0.0,0.0,0.0,0.0,28,0.043363505002576956,17,2,15,0,0,0,0,0,0,0,0,1
1a0t,Q,402,LEU,3.8,166.7,0.0,0,0,X,0.0,0.0,0.0,0.0,0.0,0.0,0.0,0.0,33,0.050823892960009553,23,26,-3,0,0,0,0,0,0,0,0,1
1a0t,Q,403,LYS,-3.9,168.6,1.0,2,0,X,0.0,0.0,0.0,0.0,0.0,0.0,0.0,0.0,25,0.043363505002576956,14,30,-16,0,0,0,0,0,0,0,0,1
1a0t,Q,404,PRO,-1.6,112.7,0.0,0,0,X,0.0,0.0,0.0,0.0,0.0,0.0,0.0,0.0,29,0.050823892960009553,25,35,-10,0,0,0,0,0,0,0,0,1
1a0t,Q,405,GLU,-3.5,138.4,-1.0,1,3,X,0.0,0.0,0.0,0.0,0.0,0.0,0.0,0.0,21,0.034970568550465285,17,23,-6,0,0,0,0,0,0,0,0,1
1a0t,Q,406,GLY,-0.4,60.1,0.0,0,0,X,0.0,0.0,0.0,0.0,0.0,0.0,0.0,0.0,17,0.02797645484037223,15,25,-10,0,0,0,0,0,0,0,0,1
1a0t,Q,407,TYR,-1.3,193.6,0.0,1,1,X,0.0,0.0,0.0,0.0,0.0,0.0,0.0,0.0,25,0.0363693912924839,29,33,-4,0,0,0,0,0,0,0,0,1
1a0t,Q,408,ASN,-3.5,114.1,0.0,2,2,X,0.0,0.0,0.0,0.0,0.0,0.0,0.0,0.0,17,0.025178809356335007,12,22,-10,0,0,0,0,0,0,0,0,1
1a0t,Q,409,ASP,-3.5,111.1,-1.0,1,3,X,0.0,0.0,0.0,0.0,0.0,0.0,0.0,0.0,14,0.027510180593032695,11,12,-1,0,0,0,0,0,0,0,0,1
1a0t,Q,410,ARG,-4.5,173.4,1.0,5,0,X,0.0,0.0,0.0,0.0,0.0,0.0,0.0,0.0,24,0.04429605349725603,4,34,-30,0,0,0,0,0,0,0,0,1
1a0t,Q,411,GLN,-3.5,143.8,0.0,2,2,X,0.0,0.0,0.0,0.0,0.0,0.0,0.0,0.0,22,0.03776821403450251,22,17,5,0,0,0,0,0,0,0,0,1
1a0t,Q,412,ALA,1.8,88.6,0.0,0,0,X,0.0,0.0,0.0,0.0,0.0,0.0,0.0,0.0,24,0.03963331102386066,24,21,3,0,0,0,0,0,0,0,0,1
1a0t,Q,413,VAL,4.2,140.0,0.0,0,0,X,0.0,0.0,0.0,0.0,0.0,0.0,0.0,0.0,29,0.04616115048661418,28,11,17,0,0,0,0,0,0,0,0,1
1a0t,Q,414,ASN,-3.5,114.1,0.0,2,2,X,0.0,0.0,0.0,0.0,0.0,0.0,0.0,0.0,22,0.03823448828184205,22,8,14,0,0,0,0,0,0,0,0,1
1a0t,Q,415,GLY,-0.4,60.1,0.0,0,0,X,0.0,0.0,0.0,0.0,0.0,0.0,0.0,0.0,27,0.040099585271200194,15,10,5,0,0,0,0,0,0,0,0,1
1a0t,Q,416,SER,-0.8,89.0,0.0,1,1,X,0.0,0.0,0.0,0.0,0.0,0.0,0.0,0.0,27,0.04243095650789788,10,10,0,0,0,0,0,0,0,0,0,1
1a0t,Q,417,PHE,2.8,189.9,0.0,0,0,X,0.0,0.0,0.0,0.0,0.0,0.0,0.0,0.0,39,0.053155264196707235,10,10,0,0,0,0,0,0,0,0,0,1
1a0t,Q,418,TYR,-1.3,193.6,0.0,1,1,X,0.0,0.0,0.0,0.0,0.0,0.0,0.0,0.0,23,0.04616115048661418,7,8,-1,0,0,0,0,0,0,0,0,1
1a0t,Q,419,LYS,-3.9,168.6,1.0,2,0,X,0.0,0.0,0.0,0.0,0.0,0.0,0.0,0.0,38,0.048026247475972325,8,16,-8,0,0,0,0,0,0,0,0,1
1a0t,Q,420,LEU,3.8,166.7,0.0,0,0,X,0.0,0.0,0.0,0.0,0.0,0.0,0.0,0.0,24,0.035436842797804825,9,16,-7,0,0,0,0,0,0,0,0,1
1a0t,Q,421,THR,-0.7,116.1,0.0,1,1,X,0.0,0.0,0.0,0.0,0.0,0.0,0.0,0.0,33,0.045694876239274644,25,10,15,0,0,0,0,0,0,0,0,1
1a0t,Q,422,PHE,2.8,189.9,0.0,0,0,X,0.0,0.0,0.0,0.0,0.0,0.0,0.0,0.0,26,0.04243095650789788,3,5,-2,0,0,0,0,0,0,0,0,1
1a0t,Q,423,ALA,1.8,88.6,0.0,0,0,X,0.0,0.0,0.0,0.0,0.0,0.0,0.0,0.0,29,0.050823892960009553,18,12,6,0,0,0,0,0,0,0,0,1
1a0t,Q,424,PRO,-1.6,112.7,0.0,0,0,X,0.0,0.0,0.0,0.0,0.0,0.0,0.0,0.0,27,0.043363505002576956,10,4,6,0,0,0,0,0,0,0,0,1
1a0t,Q,425,THR,-0.7,116.1,0.0,1,1,X,0.0,0.0,0.0,0.0,0.0,0.0,0.0,0.0,38,0.04989134446533048,25,11,14,0,0,0,0,0,0,0,0,1
1a0t,Q,426,PHE,2.8,189.9,0.0,0,0,X,0.0,0.0,0.0,0.0,0.0,0.0,0.0,0.0,34,0.048026247475972325,17,10,7,0,0,0,0,0,0,0,0,1
1a0t,Q,427,LYS,-3.9,168.6,1.0,2,0,X,0.0,0.0,0.0,0.0,0.0,0.0,0.0,0.0,42,0.04709369898129325,19,17,2,0,0,0,0,0,0,0,0,1
1a0t,Q,428,VAL,4.2,140.0,0.0,0,0,X,0.0,0.0,0.0,0.0,0.0,0.0,0.0,0.0,35,0.043829779249916496,15,11,4,0,0,0,0,0,0,0,0,1
1a0t,Q,429,GLY,-0.4,60.1,0.0,0,0,X,0.0,0.0,0.0,0.0,0.0,0.0,0.0,0.0,29,0.03403802005578621,16,15,1,0,0,0,0,0,0,0,0,1
1a0t,Q,430,SER,-0.8,89.0,0.0,1,1,X,0.0,0.0,0.0,0.0,0.0,0.0,0.0,0.0,22,0.025645083603674543,15,12,3,0,0,0,0,0,0,0,0,1
1a0t,Q,431,ILE,4.5,166.7,0.0,0,0,X,0.0,0.0,0.0,0.0,0.0,0.0,0.0,0.0,31,0.04149840801321881,12,16,-4,0,0,0,0,0,0,0,0,1
1a0t,Q,432,GLY,-0.4,60.1,0.0,0,0,X,0.0,0.0,0.0,0.0,0.0,0.0,0.0,0.0,29,0.03963331102386066,5,14,-9,0,0,0,0,0,0,0,0,1
1a0t,Q,433,ASP,-3.5,111.1,-1.0,1,3,X,0.0,0.0,0.0,0.0,0.0,0.0,0.0,0.0,21,0.03124037457174899,16,3,13,0,0,0,0,0,0,0,0,1
1a0t,Q,434,PHE,2.8,189.9,0.0,0,0,X,0.0,0.0,0.0,0.0,0.0,0.0,0.0,0.0,33,0.04103213376587927,33,14,19,0,0,0,0,0,0,0,0,1
1a0t,Q,435,PHE,2.8,189.9,0.0,0,0,X,0.0,0.0,0.0,0.0,0.0,0.0,0.0,0.0,24,0.03357174580844668,28,19,9,0,0,0,0,0,0,0,0,1
1a0t,Q,436,SER,-0.8,89.0,0.0,1,1,X,0.0,0.0,0.0,0.0,0.0,0.0,0.0,0.0,24,0.03776821403450251,27,23,4,0,0,0,0,0,0,0,0,1
1a0t,Q,437,ARG,-4.5,173.4,1.0,5,0,X,0.0,0.0,0.0,0.0,0.0,0.0,0.0,0.0,32,0.04196468226055834,31,26,5,0,0,0,0,0,0,0,0,1
1a0t,Q,438,PRO,-1.6,112.7,0.0,0,0,X,0.0,0.0,0.0,0.0,0.0,0.0,0.0,0.0,35,0.048026247475972325,37,22,15,0,0,0,0,0,0,0,0,1
1a0t,Q,439,GLU,-3.5,138.4,-1.0,1,3,X,0.0,0.0,0.0,0.0,0.0,0.0,0.0,0.0,40,0.04989134446533048,39,11,28,0,0,0,0,0,0,0,0,1
1a0t,Q,440,ILE,4.5,166.7,0.0,0,0,X,0.0,0.0,0.0,0.0,0.0,0.0,0.0,0.0,40,0.05408781269138631,26,22,4,0,0,0,0,0,0,0,0,1
1a0t,Q,441,ARG,-4.5,173.4,1.0,5,0,X,0.0,0.0,0.0,0.0,0.0,0.0,0.0,0.0,44,0.05129016720734909,31,18,13,0,0,0,0,0,0,0,0,1
1a0t,Q,442,PHE,2.8,189.9,0.0,0,0,X,0.0,0.0,0.0,0.0,0.0,0.0,0.0,0.0,28,0.03870076252918159,9,2,7,0,0,0,0,0,0,0,0,1
1a0t,Q,443,TYR,-1.3,193.6,0.0,1,1,X,0.0,0.0,0.0,0.0,0.0,0.0,0.0,0.0,33,0.04755997322863279,15,0,15,0,0,0,0,0,0,0,0,1
1a0t,Q,444,THR,-0.7,116.1,0.0,1,1,X,0.0,0.0,0.0,0.0,0.0,0.0,0.0,0.0,29,0.04196468226055834,7,5,2,0,0,0,0,0,0,0,0,1
1a0t,Q,445,SER,-0.8,89.0,0.0,1,1,X,0.0,0.0,0.0,0.0,0.0,0.0,0.0,0.0,35,0.04942507021799094,12,16,-4,0,0,0,0,0,0,0,0,1
1a0t,Q,446,TRP,-0.9,227.8,0.0,1,0,X,0.0,0.0,0.0,0.0,0.0,0.0,0.0,0.0,22,0.04196468226055834,9,19,-10,0,0,0,0,0,0,0,0,1
1a0t,Q,447,MET,1.9,162.9,0.0,0,0,X,0.0,0.0,0.0,0.0,0.0,0.0,0.0,0.0,36,0.05175644145468863,15,18,-3,0,0,0,0,0,0,0,0,1
1a0t,Q,448,ASP,-3.5,111.1,-1.0,1,3,X,0.0,0.0,0.0,0.0,0.0,0.0,0.0,0.0,23,0.04429605349725603,10,9,1,0,0,0,0,0,0,0,0,1
1a0t,Q,449,TRP,-0.9,227.8,0.0,1,0,X,0.0,0.0,0.0,0.0,0.0,0.0,0.0,0.0,32,0.04289723075523742,15,18,-3,0,0,0,0,0,0,0,0,1
1a0t,Q,450,SER,-0.8,89.0,0.0,1,1,X,0.0,0.0,0.0,0.0,0.0,0.0,0.0,0.0,23,0.035436842797804825,18,8,10,0,0,0,0,0,0,0,0,1
1a0t,Q,451,LYS,-3.9,168.6,1.0,2,0,X,0.0,0.0,0.0,0.0,0.0,0.0,0.0,0.0,17,0.03357174580844668,9,3,6,0,0,0,0,0,0,0,0,1
1a0t,Q,452,LYS,-3.9,168.6,1.0,2,0,X,0.0,0.0,0.0,0.0,0.0,0.0,0.0,0.0,20,0.03450429430312575,9,2,7,0,0,0,0,0,0,0,0,1
1a0t,Q,453,LEU,3.8,166.7,0.0,0,0,X,0.0,0.0,0.0,0.0,0.0,0.0,0.0,0.0,32,0.05129016720734909,18,10,8,0,0,0,0,0,0,0,0,1
1a0t,Q,454,ASN,-3.5,114.1,0.0,2,2,X,0.0,0.0,0.0,0.0,0.0,0.0,0.0,0.0,30,0.04476232774459557,17,11,6,0,0,0,0,0,0,0,0,1
1a0t,Q,455,ASN,-3.5,114.1,0.0,2,2,X,0.0,0.0,0.0,0.0,0.0,0.0,0.0,0.0,22,0.0363693912924839,25,9,16,0,0,0,0,0,0,0,0,1
1a0t,Q,456,TYR,-1.3,193.6,0.0,1,1,X,0.0,0.0,0.0,0.0,0.0,0.0,0.0,0.0,34,0.048026247475972325,20,34,-14,0,0,0,0,0,0,0,0,1
1a0t,Q,457,ALA,1.8,88.6,0.0,0,0,X,0.0,0.0,0.0,0.0,0.0,0.0,0.0,0.0,26,0.04149840801321881,14,29,-15,0,0,0,0,0,0,0,0,1
1a0t,Q,458,SER,-0.8,89.0,0.0,1,1,X,0.0,0.0,0.0,0.0,0.0,0.0,0.0,0.0,17,0.02611135785101408,10,26,-16,0,0,0,0,0,0,0,0,1
1a0t,Q,459,ASP,-3.5,111.1,-1.0,1,3,X,0.0,0.0,0.0,0.0,0.0,0.0,0.0,0.0,18,0.020516066882939634,10,20,-10,0,0,0,0,0,0,0,0,1
1a0t,Q,460,ASP,-3.5,111.1,-1.0,1,3,X,0.0,0.0,0.0,0.0,0.0,0.0,0.0,0.0,27,0.03823448828184205,15,17,-2,0,0,0,0,0,0,0,0,1
1a0t,Q,461,ALA,1.8,88.6,0.0,0,0,X,0.0,0.0,0.0,0.0,0.0,0.0,0.0,0.0,28,0.03823448828184205,9,26,-17,0,0,0,0,0,0,0,0,1
1a0t,Q,462,LEU,3.8,166.7,0.0,0,0,X,0.0,0.0,0.0,0.0,0.0,0.0,0.0,0.0,38,0.04942507021799094,18,26,-8,0,0,0,0,0,0,0,0,1
1a0t,Q,463,GLY,-0.4,60.1,0.0,0,0,X,0.0,0.0,0.0,0.0,0.0,0.0,0.0,0.0,25,0.040565859518539735,12,25,-13,0,0,0,0,0,0,0,0,1
1a0t,Q,464,SER,-0.8,89.0,0.0,1,1,X,0.0,0.0,0.0,0.0,0.0,0.0,0.0,0.0,22,0.03403802005578621,8,25,-17,0,0,0,0,0,0,0,0,1
1a0t,Q,465,ASP,-3.5,111.1,-1.0,1,3,X,0.0,0.0,0.0,0.0,0.0,0.0,0.0,0.0,18,0.01818469564624195,6,6,0,0,0,0,0,0,0,0,0,1
1a0t,Q,466,GLY,-0.4,60.1,0.0,0,0,X,0.0,0.0,0.0,0.0,0.0,0.0,0.0,0.0,22,0.027043906345693154,9,21,-12,0,0,0,0,0,0,0,0,1
1a0t,Q,467,PHE,2.8,189.9,0.0,0,0,X,0.0,0.0,0.0,0.0,0.0,0.0,0.0,0.0,27,0.043363505002576956,9,27,-18,0,0,0,0,0,0,0,0,1
1a0t,Q,468,ASN,-3.5,114.1,0.0,2,2,X,0.0,0.0,0.0,0.0,0.0,0.0,0.0,0.0,22,0.03730193978716297,12,17,-5,0,0,0,0,0,0,0,0,1
1a0t,Q,469,SER,-0.8,89.0,0.0,1,1,X,0.0,0.0,0.0,0.0,0.0,0.0,0.0,0.0,20,0.02844272908771177,7,22,-15,0,0,0,0,0,0,0,0,1
1a0t,Q,470,GLY,-0.4,60.1,0.0,0,0,X,0.0,0.0,0.0,0.0,0.0,0.0,0.0,0.0,20,0.030774100324409453,6,18,-12,0,0,0,0,0,0,0,0,1
1a0t,Q,471,GLY,-0.4,60.1,0.0,0,0,X,0.0,0.0,0.0,0.0,0.0,0.0,0.0,0.0,18,0.032639197313767604,0,22,-22,0,0,0,0,0,0,0,0,1
1a0t,Q,472,GLU,-3.5,138.4,-1.0,1,3,X,0.0,0.0,0.0,0.0,0.0,0.0,0.0,0.0,31,0.04662742473395372,7,16,-9,0,0,0,0,0,0,0,0,1
1a0t,Q,473,TRP,-0.9,227.8,0.0,1,0,X,0.0,0.0,0.0,0.0,0.0,0.0,0.0,0.0,20,0.04429605349725603,0,20,-20,0,0,0,0,0,0,0,0,1
1a0t,Q,474,SER,-0.8,89.0,0.0,1,1,X,0.0,0.0,0.0,0.0,0.0,0.0,0.0,0.0,35,0.048492521723311866,8,16,-8,0,0,0,0,0,0,0,0,1
1a0t,Q,475,PHE,2.8,189.9,0.0,0,0,X,0.0,0.0,0.0,0.0,0.0,0.0,0.0,0.0,25,0.04196468226055834,0,11,-11,0,0,0,0,0,0,0,0,1
1a0t,Q,476,GLY,-0.4,60.1,0.0,0,0,X,0.0,0.0,0.0,0.0,0.0,0.0,0.0,0.0,35,0.04196468226055834,7,0,7,0,0,0,0,0,0,0,0,1
1a0t,Q,477,VAL,4.2,140.0,0.0,0,0,X,0.0,0.0,0.0,0.0,0.0,0.0,0.0,0.0,39,0.045228601991935104,11,3,8,0,0,0,0,0,0,0,0,1
1a0t,Q,478,GLN,-3.5,143.8,0.0,2,2,X,0.0,0.0,0.0,0.0,0.0,0.0,0.0,0.0,44,0.053155264196707235,31,23,8,0,0,0,0,0,0,0,0,1
1a0t,Q,479,MET,1.9,162.9,0.0,0,0,X,0.0,0.0,0.0,0.0,0.0,0.0,0.0,0.0,43,0.05408781269138631,39,24,15,0,0,0,0,0,0,0,0,1
1a0t,Q,480,GLU,-3.5,138.4,-1.0,1,3,X,0.0,0.0,0.0,0.0,0.0,0.0,0.0,0.0,36,0.05408781269138631,57,10,47,0,0,0,0,0,0,0,0,1
1a0t,Q,481,THR,-0.7,116.1,0.0,1,1,X,0.0,0.0,0.0,0.0,0.0,0.0,0.0,0.0,34,0.05129016720734909,45,23,22,0,0,0,0,0,0,0,0,1
1a0t,Q,482,TRP,-0.9,227.8,0.0,1,0,X,0.0,0.0,0.0,0.0,0.0,0.0,0.0,0.0,26,0.04243095650789788,35,25,10,0,0,0,0,0,0,0,0,1
1a0t,Q,483,PHE,2.8,189.9,0.0,0,0,X,0.0,0.0,0.0,0.0,0.0,0.0,0.0,0.0,28,0.029375277582390842,33,18,15,0,0,0,0,0,0,0,0,1
1a0t,R,71,SER,-0.8,89.0,0.0,1,1,X,0.0,0.0,0.0,0.0,0.0,0.0,0.0,0.0,13,0.019117244140921023,22,10,12,0,0,0,0,0,0,0,0,1
1a0t,R,72,GLY,-0.4,60.1,0.0,0,0,X,0.0,0.0,0.0,0.0,0.0,0.0,0.0,0.0,15,0.023779986614316396,26,19,7,0,0,0,0,0,0,0,0,1
1a0t,R,73,PHE,2.8,189.9,0.0,0,0,X,0.0,0.0,0.0,0.0,0.0,0.0,0.0,0.0,14,0.03916703677652112,35,30,5,0,0,0,0,0,0,0,0,1
1a0t,R,74,GLU,-3.5,138.4,-1.0,1,3,X,0.0,0.0,0.0,0.0,0.0,0.0,0.0,0.0,18,0.04103213376587927,45,9,36,0,0,0,0,0,0,0,0,1
1a0t,R,75,PHE,2.8,189.9,0.0,0,0,X,0.0,0.0,0.0,0.0,0.0,0.0,0.0,0.0,19,0.04662742473395372,26,33,-7,0,0,0,0,0,0,0,0,1
1a0t,R,76,HIS,-3.2,153.2,0.1,2,1,X,0.0,0.0,0.0,0.0,0.0,0.0,0.0,0.0,19,0.04196468226055834,23,25,-2,0,0,0,0,0,0,0,0,1
1a0t,R,77,GLY,-0.4,60.1,0.0,0,0,X,0.0,0.0,0.0,0.0,0.0,0.0,0.0,0.0,26,0.045694876239274644,25,17,8,0,0,0,0,0,0,0,0,1
1a0t,R,78,TYR,-1.3,193.6,0.0,1,1,X,0.0,0.0,0.0,0.0,0.0,0.0,0.0,0.0,33,0.048492521723311866,35,28,7,0,0,0,0,0,0,0,0,1
1a0t,R,79,ALA,1.8,88.6,0.0,0,0,X,0.0,0.0,0.0,0.0,0.0,0.0,0.0,0.0,39,0.05408781269138631,34,28,6,0,0,0,0,0,0,0,0,1
1a0t,R,80,ARG,-4.5,173.4,1.0,5,0,X,0.0,0.0,0.0,0.0,0.0,0.0,0.0,0.0,32,0.0526889899493677,20,31,-11,0,0,0,0,0,0,0,0,1
1a0t,R,81,SER,-0.8,89.0,0.0,1,1,X,0.0,0.0,0.0,0.0,0.0,0.0,0.0,0.0,43,0.05455408693872585,32,20,12,0,0,0,0,0,0,0,0,1
1a0t,R,82,GLY,-0.4,60.1,0.0,0,0,X,0.0,0.0,0.0,0.0,0.0,0.0,0.0,0.0,45,0.05408781269138631,27,11,16,0,0,0,0,0,0,0,0,1
1a0t,R,83,VAL,4.2,140.0,0.0,0,0,X,0.0,0.0,0.0,0.0,0.0,0.0,0.0,0.0,44,0.048492521723311866,11,6,5,0,0,0,0,0,0,0,0,1
1a0t,R,84,ILE,4.5,166.7,0.0,0,0,X,0.0,0.0,0.0,0.0,0.0,0.0,0.0,0.0,37,0.04989134446533048,6,7,-1,0,0,0,0,0,0,0,0,1
1a0t,R,85,MET,1.9,162.9,0.0,0,0,X,0.0,0.0,0.0,0.0,0.0,0.0,0.0,0.0,30,0.045228601991935104,7,8,-1,0,0,0,0,0,0,0,0,1
1a0t,R,86,ASN,-3.5,114.1,0.0,2,2,X,0.0,0.0,0.0,0.0,0.0,0.0,0.0,0.0,26,0.04289723075523742,12,18,-6,0,0,0,0,0,0,0,0,1
1a0t,R,87,ASP,-3.5,111.1,-1.0,1,3,X,0.0,0.0,0.0,0.0,0.0,0.0,0.0,0.0,18,0.030307826077069916,7,9,-2,0,0,0,0,0,0,0,0,1
1a0t,R,88,SER,-0.8,89.0,0.0,1,1,X,0.0,0.0,0.0,0.0,0.0,0.0,0.0,0.0,19,0.025178809356335007,18,14,4,0,0,0,0,0,0,0,0,1
1a0t,R,89,GLY,-0.4,60.1,0.0,0,0,X,0.0,0.0,0.0,0.0,0.0,0.0,0.0,0.0,26,0.03590311704514436,21,13,8,0,0,0,0,0,0,0,0,1
1a0t,R,90,ALA,1.8,88.6,0.0,0,0,X,0.0,0.0,0.0,0.0,0.0,0.0,0.0,0.0,28,0.04196468226055834,23,17,6,0,0,0,0,0,0,0,0,1
1a0t,R,91,SER,-0.8,89.0,0.0,1,1,X,0.0,0.0,0.0,0.0,0.0,0.0,0.0,0.0,35,0.03403802005578621,20,9,11,0,0,0,0,0,0,0,0,1
1a0t,R,92,THR,-0.7,116.1,0.0,1,1,X,0.0,0.0,0.0,0.0,0.0,0.0,0.0,0.0,32,0.03730193978716297,9,19,-10,0,0,0,0,0,0,0,0,1
1a0t,R,93,LYS,-3.9,168.6,1.0,2,0,X,0.0,0.0,0.0,0.0,0.0,0.0,0.0,0.0,31,0.02984155182973038,0,17,-17,0,0,0,0,0,0,0,0,1
1a0t,R,94,SER,-0.8,89.0,0.0,1,1,X,0.0,0.0,0.0,0.0,0.0,0.0,0.0,0.0,34,0.03683566553982344,19,8,11,0,0,0,0,0,0,0,0,1
1a0t,R,95,GLY,-0.4,60.1,0.0,0,0,X,0.0,0.0,0.0,0.0,0.0,0.0,0.0,0.0,34,0.03730193978716297,27,15,12,0,0,0,0,0,0,0,0,1
1a0t,R,96,ALA,1.8,88.6,0.0,0,0,X,0.0,0.0,0.0,0.0,0.0,0.0,0.0,0.0,39,0.04616115048661418,24,15,9,0,0,0,0,0,0,0,0,1
1a0t,R,97,TYR,-1.3,193.6,0.0,1,1,X,0.0,0.0,0.0,0.0,0.0,0.0,0.0,0.0,28,0.040099585271200194,11,16,-5,0,0,0,0,0,0,0,0,1
1a0t,R,98,ILE,4.5,166.7,0.0,0,0,X,0.0,0.0,0.0,0.0,0.0,0.0,0.0,0.0,32,0.04476232774459557,12,15,-3,0,0,0,0,0,0,0,0,1
1a0t,R,99,THR,-0.7,116.1,0.0,1,1,X,0.0,0.0,0.0,0.0,0.0,0.0,0.0,0.0,41,0.04616115048661418,1,16,-15,0,0,0,0,0,0,0,0,1
1a0t,R,100,PRO,-1.6,112.7,0.0,0,0,X,0.0,0.0,0.0,0.0,0.0,0.0,0.0,0.0,42,0.04476232774459557,11,21,-10,0,0,0,0,0,0,0,0,1
1a0t,R,101,ALA,1.8,88.6,0.0,0,0,X,0.0,0.0,0.0,0.0,0.0,0.0,0.0,0.0,34,0.05455408693872585,3,16,-13,0,0,0,0,0,0,0,0,1
1a0t,R,102,GLY,-0.4,60.1,0.0,0,0,X,0.0,0.0,0.0,0.0,0.0,0.0,0.0,0.0,32,0.045694876239274644,10,13,-3,0,0,0,0,0,0,0,0,1
1a0t,R,103,GLU,-3.5,138.4,-1.0,1,3,X,0.0,0.0,0.0,0.0,0.0,0.0,0.0,0.0,29,0.03450429430312575,13,10,3,0,0,0,0,0,0,0,0,1
1a0t,R,104,THR,-0.7,116.1,0.0,1,1,X,0.0,0.0,0.0,0.0,0.0,0.0,0.0,0.0,38,0.04149840801321881,25,23,2,0,0,0,0,0,0,0,0,1
1a0t,R,105,GLY,-0.4,60.1,0.0,0,0,X,0.0,0.0,0.0,0.0,0.0,0.0,0.0,0.0,41,0.040099585271200194,22,20,2,0,0,0,0,0,0,0,0,1
1a0t,R,106,GLY,-0.4,60.1,0.0,0,0,X,0.0,0.0,0.0,0.0,0.0,0.0,0.0,0.0,36,0.05688545817542354,9,11,-2,0,0,0,0,0,0,0,0,1
1a0t,R,107,ALA,1.8,88.6,0.0,0,0,X,0.0,0.0,0.0,0.0,0.0,0.0,0.0,0.0,44,0.04942507021799094,16,16,0,0,0,0,0,0,0,0,0,1
1a0t,R,108,ILE,4.5,166.7,0.0,0,0,X,0.0,0.0,0.0,0.0,0.0,0.0,0.0,0.0,45,0.05502036118606539,19,13,6,0,0,0,0,0,0,0,0,1
1a0t,R,109,GLY,-0.4,60.1,0.0,0,0,X,0.0,0.0,0.0,0.0,0.0,0.0,0.0,0.0,40,0.05455408693872585,33,17,16,0,0,0,0,0,0,0,0,1
1a0t,R,110,ARG,-4.5,173.4,1.0,5,0,X,0.0,0.0,0.0,0.0,0.0,0.0,0.0,0.0,37,0.04942507021799094,37,25,12,0,0,0,0,0,0,0,0,1
1a0t,R,111,LEU,3.8,166.7,0.0,0,0,X,0.0,0.0,0.0,0.0,0.0,0.0,0.0,0.0,40,0.050823892960009553,48,18,30,0,0,0,0,0,0,0,0,1
1a0t,R,112,GLY,-0.4,60.1,0.0,0,0,X,0.0,0.0,0.0,0.0,0.0,0.0,0.0,0.0,43,0.05688545817542354,36,11,25,0,0,0,0,0,0,0,0,1
1a0t,R,113,ASN,-3.5,114.1,0.0,2,2,X,0.0,0.0,0.0,0.0,0.0,0.0,0.0,0.0,43,0.045228601991935104,31,15,16,0,0,0,0,0,0,0,0,1
1a0t,R,114,GLN,-3.5,143.8,0.0,2,2,X,0.0,0.0,0.0,0.0,0.0,0.0,0.0,0.0,40,0.04429605349725603,39,24,15,0,0,0,0,0,0,0,0,1
1a0t,R,115,ALA,1.8,88.6,0.0,0,0,X,0.0,0.0,0.0,0.0,0.0,0.0,0.0,0.0,38,0.04662742473395372,19,8,11,0,0,0,0,0,0,0,0,1
1a0t,R,116,ASP,-3.5,111.1,-1.0,1,3,X,0.0,0.0,0.0,0.0,0.0,0.0,0.0,0.0,32,0.043363505002576956,18,9,9,0,0,0,0,0,0,0,0,1
1a0t,R,117,THR,-0.7,116.1,0.0,1,1,X,0.0,0.0,0.0,0.0,0.0,0.0,0.0,0.0,38,0.05129016720734909,25,17,8,0,0,0,0,0,0,0,0,1
1a0t,R,118,TYR,-1.3,193.6,0.0,1,1,X,0.0,0.0,0.0,0.0,0.0,0.0,0.0,0.0,34,0.04476232774459557,20,37,-17,0,0,0,0,0,0,0,0,1
1a0t,R,119,VAL,4.2,140.0,0.0,0,0,X,0.0,0.0,0.0,0.0,0.0,0.0,0.0,0.0,36,0.04755997322863279,23,27,-4,0,0,0,0,0,0,0,0,1
1a0t,R,120,GLU,-3.5,138.4,-1.0,1,3,X,0.0,0.0,0.0,0.0,0.0,0.0,0.0,0.0,31,0.04616115048661418,28,7,21,0,0,0,0,0,0,0,0,1
1a0t,R,121,MET,1.9,162.9,0.0,0,0,X,0.0,0.0,0.0,0.0,0.0,0.0,0.0,0.0,27,0.045694876239274644,17,19,-2,0,0,0,0,0,0,0,0,1
1a0t,R,122,ASN,-3.5,114.1,0.0,2,2,X,0.0,0.0,0.0,0.0,0.0,0.0,0.0,0.0,28,0.048026247475972325,30,26,4,0,0,0,0,0,0,0,0,1
1a0t,R,123,LEU,3.8,166.7,0.0,0,0,X,0.0,0.0,0.0,0.0,0.0,0.0,0.0,0.0,22,0.04989134446533048,32,24,8,0,0,0,0,0,0,0,0,1
1a0t,R,124,GLU,-3.5,138.4,-1.0,1,3,X,0.0,0.0,0.0,0.0,0.0,0.0,0.0,0.0,23,0.05595290968074446,49,11,38,0,0,0,0,0,0,0,0,1
1a0t,R,125,HIS,-3.2,153.2,0.1,2,1,X,0.0,0.0,0.0,0.0,0.0,0.0,0.0,0.0,26,0.048958795970651406,32,21,11,0,0,0,0,0,0,0,0,1
1a0t,R,126,LYS,-3.9,168.6,1.0,2,0,X,0.0,0.0,0.0,0.0,0.0,0.0,0.0,0.0,21,0.04149840801321881,32,26,6,0,0,0,0,0,0,0,0,1
1a0t,R,127,GLN,-3.5,143.8,0.0,2,2,X,0.0,0.0,0.0,0.0,0.0,0.0,0.0,0.0,26,0.03450429430312575,25,8,17,0,0,0,0,0,0,0,0,1
1a0t,R,128,THR,-0.7,116.1,0.0,1,1,X,0.0,0.0,0.0,0.0,0.0,0.0,0.0,0.0,16,0.030774100324409453,14,8,6,0,0,0,0,0,0,0,0,1
1a0t,R,129,LEU,3.8,166.7,0.0,0,0,X,0.0,0.0,0.0,0.0,0.0,0.0,0.0,0.0,21,0.028909003335051305,5,8,-3,0,0,0,0,0,0,0,0,1
1a0t,R,130,ASP,-3.5,111.1,-1.0,1,3,X,0.0,0.0,0.0,0.0,0.0,0.0,0.0,0.0,11,0.018650969893581486,0,0,0,0,0,0,0,0,0,0,0,1
1a0t,R,131,ASN,-3.5,114.1,0.0,2,2,X,0.0,0.0,0.0,0.0,0.0,0.0,0.0,0.0,17,0.022847438119637322,1,8,-7,0,0,0,0,0,0,0,0,1
1a0t,R,132,GLY,-0.4,60.1,0.0,0,0,X,0.0,0.0,0.0,0.0,0.0,0.0,0.0,0.0,20,0.029375277582390842,3,8,-5,0,0,0,0,0,0,0,0,1
1a0t,R,133,ALA,1.8,88.6,0.0,0,0,X,0.0,0.0,0.0,0.0,0.0,0.0,0.0,0.0,25,0.04103213376587927,6,10,-4,0,0,0,0,0,0,0,0,1
1a0t,R,134,THR,-0.7,116.1,0.0,1,1,X,0.0,0.0,0.0,0.0,0.0,0.0,0.0,0.0,28,0.03916703677652112,20,12,8,0,0,0,0,0,0,0,0,1
1a0t,R,135,THR,-0.7,116.1,0.0,1,1,X,0.0,0.0,0.0,0.0,0.0,0.0,0.0,0.0,34,0.04476232774459557,37,14,23,0,0,0,0,0,0,0,0,1
1a0t,R,136,ARG,-4.5,173.4,1.0,5,0,X,0.0,0.0,0.0,0.0,0.0,0.0,0.0,0.0,33,0.04616115048661418,38,26,12,0,0,0,0,0,0,0,0,1
1a0t,R,137,PHE,2.8,189.9,0.0,0,0,X,0.0,0.0,0.0,0.0,0.0,0.0,0.0,0.0,39,0.05175644145468863,49,26,23,0,0,0,0,0,0,0,0,1
1a0t,R,138,LYS,-3.9,168.6,1.0,2,0,X,0.0,0.0,0.0,0.0,0.0,0.0,0.0,0.0,32,0.050823892960009553,54,22,32,0,0,0,0,0,0,0,0,1
1a0t,R,139,VAL,4.2,140.0,0.0,0,0,X,0.0,0.0,0.0,0.0,0.0,0.0,0.0,0.0,35,0.05222271570202816,41,19,22,0,0,0,0,0,0,0,0,1
1a0t,R,140,MET,1.9,162.9,0.0,0,0,X,0.0,0.0,0.0,0.0,0.0,0.0,0.0,0.0,31,0.048492521723311866,37,20,17,0,0,0,0,0,0,0,0,1
1a0t,R,141,VAL,4.2,140.0,0.0,0,0,X,0.0,0.0,0.0,0.0,0.0,0.0,0.0,0.0,28,0.04709369898129325,17,24,-7,0,0,0,0,0,0,0,0,1
1a0t,R,142,ALA,1.8,88.6,0.0,0,0,X,0.0,0.0,0.0,0.0,0.0,0.0,0.0,0.0,25,0.05175644145468863,11,27,-16,0,0,0,0,0,0,0,0,1
1a0t,R,143,ASP,-3.5,111.1,-1.0,1,3,X,0.0,0.0,0.0,0.0,0.0,0.0,0.0,0.0,30,0.04942507021799094,13,23,-10,0,0,0,0,0,0,0,0,1
1a0t,R,144,GLY,-0.4,60.1,0.0,0,0,X,0.0,0.0,0.0,0.0,0.0,0.0,0.0,0.0,27,0.04103213376587927,14,28,-14,0,0,0,0,0,0,0,0,1
1a0t,R,145,GLN,-3.5,143.8,0.0,2,2,X,0.0,0.0,0.0,0.0,0.0,0.0,0.0,0.0,32,0.04103213376587927,12,30,-18,0,0,0,0,0,0,0,0,1
1a0t,R,146,THR,-0.7,116.1,0.0,1,1,X,0.0,0.0,0.0,0.0,0.0,0.0,0.0,0.0,30,0.034970568550465285,5,27,-22,0,0,0,0,0,0,0,0,1
1a0t,R,147,SER,-0.8,89.0,0.0,1,1,X,0.0,0.0,0.0,0.0,0.0,0.0,0.0,0.0,37,0.04289723075523742,20,24,-4,0,0,0,0,0,0,0,0,1
1a0t,R,148,TYR,-1.3,193.6,0.0,1,1,X,0.0,0.0,0.0,0.0,0.0,0.0,0.0,0.0,38,0.05035761871267001,20,9,11,0,0,0,0,0,0,0,0,1
1a0t,R,149,ASN,-3.5,114.1,0.0,2,2,X,0.0,0.0,0.0,0.0,0.0,0.0,0.0,0.0,37,0.04103213376587927,33,8,25,0,0,0,0,0,0,0,0,1
1a0t,R,150,ASP,-3.5,111.1,-1.0,1,3,X,0.0,0.0,0.0,0.0,0.0,0.0,0.0,0.0,33,0.05035761871267001,36,2,34,0,0,0,0,0,0,0,0,1
1a0t,R,151,TRP,-0.9,227.8,0.0,1,0,X,0.0,0.0,0.0,0.0,0.0,0.0,0.0,0.0,27,0.03823448828184205,17,26,-9,0,0,0,0,0,0,0,0,1
1a0t,R,152,THR,-0.7,116.1,0.0,1,1,X,0.0,0.0,0.0,0.0,0.0,0.0,0.0,0.0,27,0.04662742473395372,16,28,-12,0,0,0,0,0,0,0,0,1
1a0t,R,153,ALA,1.8,88.6,0.0,0,0,X,0.0,0.0,0.0,0.0,0.0,0.0,0.0,0.0,17,0.03730193978716297,6,26,-20,0,0,0,0,0,0,0,0,1
1a0t,R,154,SER,-0.8,89.0,0.0,1,1,X,0.0,0.0,0.0,0.0,0.0,0.0,0.0,0.0,16,0.025178809356335007,0,25,-25,0,0,0,0,0,0,0,0,1
1a0t,R,155,THR,-0.7,116.1,0.0,1,1,X,0.0,0.0,0.0,0.0,0.0,0.0,0.0,0.0,21,0.027510180593032695,1,32,-31,0,0,0,0,0,0,0,0,1
1a0t,R,156,SER,-0.8,89.0,0.0,1,1,X,0.0,0.0,0.0,0.0,0.0,0.0,0.0,0.0,20,0.04243095650789788,1,24,-23,0,0,0,0,0,0,0,0,1
1a0t,R,157,ASP,-3.5,111.1,-1.0,1,3,X,0.0,0.0,0.0,0.0,0.0,0.0,0.0,0.0,20,0.040565859518539735,3,9,-6,0,0,0,0,0,0,0,0,1
1a0t,R,158,LEU,3.8,166.7,0.0,0,0,X,0.0,0.0,0.0,0.0,0.0,0.0,0.0,0.0,21,0.048026247475972325,7,30,-23,0,0,0,0,0,0,0,0,1
1a0t,R,159,ASN,-3.5,114.1,0.0,2,2,X,0.0,0.0,0.0,0.0,0.0,0.0,0.0,0.0,26,0.0526889899493677,15,39,-24,0,0,0,0,0,0,0,0,1
1a0t,R,160,VAL,4.2,140.0,0.0,0,0,X,0.0,0.0,0.0,0.0,0.0,0.0,0.0,0.0,37,0.05175644145468863,24,23,1,0,0,0,0,0,0,0,0,1
1a0t,R,161,ARG,-4.5,173.4,1.0,5,0,X,0.0,0.0,0.0,0.0,0.0,0.0,0.0,0.0,33,0.0526889899493677,17,25,-8,0,0,0,0,0,0,0,0,1
1a0t,R,162,GLN,-3.5,143.8,0.0,2,2,X,0.0,0.0,0.0,0.0,0.0,0.0,0.0,0.0,40,0.05408781269138631,44,22,22,0,0,0,0,0,0,0,0,1
1a0t,R,163,ALA,1.8,88.6,0.0,0,0,X,0.0,0.0,0.0,0.0,0.0,0.0,0.0,0.0,44,0.05595290968074446,43,10,33,0,0,0,0,0,0,0,0,1
1a0t,R,164,PHE,2.8,189.9,0.0,0,0,X,0.0,0.0,0.0,0.0,0.0,0.0,0.0,0.0,42,0.05595290968074446,48,21,27,0,0,0,0,0,0,0,0,1
1a0t,R,165,VAL,4.2,140.0,0.0,0,0,X,0.0,0.0,0.0,0.0,0.0,0.0,0.0,0.0,43,0.05595290968074446,46,22,24,0,0,0,0,0,0,0,0,1
1a0t,R,166,GLU,-3.5,138.4,-1.0,1,3,X,0.0,0.0,0.0,0.0,0.0,0.0,0.0,0.0,31,0.04989134446533048,44,5,39,0,0,0,0,0,0,0,0,1
1a0t,R,167,LEU,3.8,166.7,0.0,0,0,X,0.0,0.0,0.0,0.0,0.0,0.0,0.0,0.0,40,0.04989134446533048,17,16,1,0,0,0,0,0,0,0,0,1
1a0t,R,168,GLY,-0.4,60.1,0.0,0,0,X,0.0,0.0,0.0,0.0,0.0,0.0,0.0,0.0,35,0.04149840801321881,17,10,7,0,0,0,0,0,0,0,0,1
1a0t,R,169,ASN,-3.5,114.1,0.0,2,2,X,0.0,0.0,0.0,0.0,0.0,0.0,0.0,0.0,29,0.04103213376587927,11,5,6,0,0,0,0,0,0,0,0,1
1a0t,R,170,LEU,3.8,166.7,0.0,0,0,X,0.0,0.0,0.0,0.0,0.0,0.0,0.0,0.0,29,0.045694876239274644,14,2,12,0,0,0,0,0,0,0,0,1
1a0t,R,171,PRO,-1.6,112.7,0.0,0,0,X,0.0,0.0,0.0,0.0,0.0,0.0,0.0,0.0,23,0.03450429430312575,11,2,9,0,0,0,0,0,0,0,0,1
1a0t,R,172,THR,-0.7,116.1,0.0,1,1,X,0.0,0.0,0.0,0.0,0.0,0.0,0.0,0.0,21,0.03124037457174899,12,0,12,0,0,0,0,0,0,0,0,1
1a0t,R,173,PHE,2.8,189.9,0.0,0,0,X,0.0,0.0,0.0,0.0,0.0,0.0,0.0,0.0,28,0.03823448828184205,12,1,11,0,0,0,0,0,0,0,0,1
1a0t,R,174,ALA,1.8,88.6,0.0,0,0,X,0.0,0.0,0.0,0.0,0.0,0.0,0.0,0.0,17,0.027043906345693154,15,1,14,0,0,0,0,0,0,0,0,1
1a0t,R,175,GLY,-0.4,60.1,0.0,0,0,X,0.0,0.0,0.0,0.0,0.0,0.0,0.0,0.0,16,0.020049792635600097,18,7,11,0,0,0,0,0,0,0,0,1
1a0t,R,176,PRO,-1.6,112.7,0.0,0,0,X,0.0,0.0,0.0,0.0,0.0,0.0,0.0,0.0,20,0.03590311704514436,21,11,10,0,0,0,0,0,0,0,0,1
1a0t,R,177,PHE,2.8,189.9,0.0,0,0,X,0.0,0.0,0.0,0.0,0.0,0.0,0.0,0.0,21,0.03963331102386066,17,5,12,0,0,0,0,0,0,0,0,1
1a0t,R,178,LYS,-3.9,168.6,1.0,2,0,X,0.0,0.0,0.0,0.0,0.0,0.0,0.0,0.0,21,0.03823448828184205,9,5,4,0,0,0,0,0,0,0,0,1
1a0t,R,179,GLY,-0.4,60.1,0.0,0,0,X,0.0,0.0,0.0,0.0,0.0,0.0,0.0,0.0,27,0.032639197313767604,24,8,16,0,0,0,0,0,0,0,0,1
1a0t,R,180,SER,-0.8,89.0,0.0,1,1,X,0.0,0.0,0.0,0.0,0.0,0.0,0.0,0.0,28,0.04942507021799094,22,12,10,0,0,0,0,0,0,0,0,1
1a0t,R,181,THR,-0.7,116.1,0.0,1,1,X,0.0,0.0,0.0,0.0,0.0,0.0,0.0,0.0,33,0.048026247475972325,25,18,7,0,0,0,0,0,0,0,0,1
1a0t,R,182,LEU,3.8,166.7,0.0,0,0,X,0.0,0.0,0.0,0.0,0.0,0.0,0.0,0.0,40,0.045694876239274644,13,13,0,0,0,0,0,0,0,0,0,1
1a0t,R,183,TRP,-0.9,227.8,0.0,1,0,X,0.0,0.0,0.0,0.0,0.0,0.0,0.0,0.0,35,0.0526889899493677,26,17,9,0,0,0,0,0,0,0,0,1
1a0t,R,184,ALA,1.8,88.6,0.0,0,0,X,0.0,0.0,0.0,0.0,0.0,0.0,0.0,0.0,43,0.05781800667010261,32,18,14,0,0,0,0,0,0,0,0,1
1a0t,R,185,GLY,-0.4,60.1,0.0,0,0,X,0.0,0.0,0.0,0.0,0.0,0.0,0.0,0.0,48,0.05502036118606539,34,11,23,0,0,0,0,0,0,0,0,1
1a0t,R,186,LYS,-3.9,168.6,1.0,2,0,X,0.0,0.0,0.0,0.0,0.0,0.0,0.0,0.0,47,0.05781800667010261,32,13,19,0,0,0,0,0,0,0,0,1
1a0t,R,187,ARG,-4.5,173.4,1.0,5,0,X,0.0,0.0,0.0,0.0,0.0,0.0,0.0,0.0,36,0.05455408693872585,35,21,14,0,0,0,0,0,0,0,0,1
1a0t,R,188,PHE,2.8,189.9,0.0,0,0,X,0.0,0.0,0.0,0.0,0.0,0.0,0.0,0.0,36,0.048958795970651406,45,28,17,0,0,0,0,0,0,0,0,1
1a0t,R,189,ASP,-3.5,111.1,-1.0,1,3,X,0.0,0.0,0.0,0.0,0.0,0.0,0.0,0.0,33,0.048492521723311866,25,11,14,0,0,0,0,0,0,0,0,1
1a0t,R,190,ARG,-4.5,173.4,1.0,5,0,X,0.0,0.0,0.0,0.0,0.0,0.0,0.0,0.0,24,0.03310547156110714,18,27,-9,0,0,0,0,0,0,0,0,1
1a0t,R,191,ASP,-3.5,111.1,-1.0,1,3,X,0.0,0.0,0.0,0.0,0.0,0.0,0.0,0.0,29,0.03590311704514436,32,16,16,0,0,0,0,0,0,0,0,1
1a0t,R,192,ASN,-3.5,114.1,0.0,2,2,X,0.0,0.0,0.0,0.0,0.0,0.0,0.0,0.0,28,0.04196468226055834,24,32,-8,0,0,0,0,0,0,0,0,1
1a0t,R,193,PHE,2.8,189.9,0.0,0,0,X,0.0,0.0,0.0,0.0,0.0,0.0,0.0,0.0,31,0.035436842797804825,24,29,-5,0,0,0,0,0,0,0,0,1
1a0t,R,194,ASP,-3.5,111.1,-1.0,1,3,X,0.0,0.0,0.0,0.0,0.0,0.0,0.0,0.0,25,0.03823448828184205,25,18,7,0,0,0,0,0,0,0,0,1
1a0t,R,195,ILE,4.5,166.7,0.0,0,0,X,0.0,0.0,0.0,0.0,0.0,0.0,0.0,0.0,37,0.04662742473395372,32,25,7,0,0,0,0,0,0,0,0,1
1a0t,R,196,HIS,-3.2,153.2,0.1,2,1,X,0.0,0.0,0.0,0.0,0.0,0.0,0.0,0.0,31,0.04289723075523742,33,29,4,0,0,0,0,0,0,0,0,1
1a0t,R,197,TRP,-0.9,227.8,0.0,1,0,X,0.0,0.0,0.0,0.0,0.0,0.0,0.0,0.0,36,0.048026247475972325,38,26,12,0,0,0,0,0,0,0,0,1
1a0t,R,198,ILE,4.5,166.7,0.0,0,0,X,0.0,0.0,0.0,0.0,0.0,0.0,0.0,0.0,42,0.053621538444046775,36,25,11,0,0,0,0,0,0,0,0,1
1a0t,R,199,ASP,-3.5,111.1,-1.0,1,3,X,0.0,0.0,0.0,0.0,0.0,0.0,0.0,0.0,31,0.04662742473395372,35,24,11,0,0,0,0,0,0,0,0,1
1a0t,R,200,SER,-0.8,89.0,0.0,1,1,X,0.0,0.0,0.0,0.0,0.0,0.0,0.0,0.0,33,0.043829779249916496,32,25,7,0,0,0,0,0,0,0,0,1
1a0t,R,201,ASP,-3.5,111.1,-1.0,1,3,X,0.0,0.0,0.0,0.0,0.0,0.0,0.0,0.0,31,0.043829779249916496,22,21,1,0,0,0,0,0,0,0,0,1
1a0t,R,202,VAL,4.2,140.0,0.0,0,0,X,0.0,0.0,0.0,0.0,0.0,0.0,0.0,0.0,40,0.04709369898129325,34,21,13,0,0,0,0,0,0,0,0,1
1a0t,R,203,VAL,4.2,140.0,0.0,0,0,X,0.0,0.0,0.0,0.0,0.0,0.0,0.0,0.0,36,0.04755997322863279,26,32,-6,0,0,0,0,0,0,0,0,1
1a0t,R,204,PHE,2.8,189.9,0.0,0,0,X,0.0,0.0,0.0,0.0,0.0,0.0,0.0,0.0,32,0.04429605349725603,28,37,-9,0,0,0,0,0,0,0,0,1
1a0t,R,205,LEU,3.8,166.7,0.0,0,0,X,0.0,0.0,0.0,0.0,0.0,0.0,0.0,0.0,41,0.045694876239274644,35,25,10,0,0,0,0,0,0,0,0,1
1a0t,R,206,ALA,1.8,88.6,0.0,0,0,X,0.0,0.0,0.0,0.0,0.0,0.0,0.0,0.0,37,0.05408781269138631,41,18,23,0,0,0,0,0,0,0,0,1
1a0t,R,207,GLY,-0.4,60.1,0.0,0,0,X,0.0,0.0,0.0,0.0,0.0,0.0,0.0,0.0,41,0.05455408693872585,37,15,22,0,0,0,0,0,0,0,0,1
1a0t,R,208,THR,-0.7,116.1,0.0,1,1,X,0.0,0.0,0.0,0.0,0.0,0.0,0.0,0.0,44,0.053155264196707235,32,10,22,0,0,0,0,0,0,0,0,1
1a0t,R,209,GLY,-0.4,60.1,0.0,0,0,X,0.0,0.0,0.0,0.0,0.0,0.0,0.0,0.0,43,0.053621538444046775,25,1,24,0,0,0,0,0,0,0,0,1
1a0t,R,210,GLY,-0.4,60.1,0.0,0,0,X,0.0,0.0,0.0,0.0,0.0,0.0,0.0,0.0,38,0.048958795970651406,17,5,12,0,0,0,0,0,0,0,0,1
1a0t,R,211,GLY,-0.4,60.1,0.0,0,0,X,0.0,0.0,0.0,0.0,0.0,0.0,0.0,0.0,35,0.045228601991935104,8,11,-3,0,0,0,0,0,0,0,0,1
1a0t,R,212,ILE,4.5,166.7,0.0,0,0,X,0.0,0.0,0.0,0.0,0.0,0.0,0.0,0.0,36,0.045694876239274644,9,14,-5,0,0,0,0,0,0,0,0,1
1a0t,R,213,TYR,-1.3,193.6,0.0,1,1,X,0.0,0.0,0.0,0.0,0.0,0.0,0.0,0.0,34,0.05035761871267001,27,32,-5,0,0,0,0,0,0,0,0,1
1a0t,R,214,ASP,-3.5,111.1,-1.0,1,3,X,0.0,0.0,0.0,0.0,0.0,0.0,0.0,0.0,29,0.048026247475972325,35,4,31,0,0,0,0,0,0,0,0,1
1a0t,R,215,VAL,4.2,140.0,0.0,0,0,X,0.0,0.0,0.0,0.0,0.0,0.0,0.0,0.0,28,0.0526889899493677,34,11,23,0,0,0,0,0,0,0,0,1
1a0t,R,216,LYS,-3.9,168.6,1.0,2,0,X,0.0,0.0,0.0,0.0,0.0,0.0,0.0,0.0,22,0.045228601991935104,19,16,3,0,0,0,0,0,0,0,0,1
1a0t,R,217,TRP,-0.9,227.8,0.0,1,0,X,0.0,0.0,0.0,0.0,0.0,0.0,0.0,0.0,19,0.035436842797804825,26,13,13,0,0,0,0,0,0,0,0,1
1a0t,R,218,ASN,-3.5,114.1,0.0,2,2,X,0.0,0.0,0.0,0.0,0.0,0.0,0.0,0.0,11,0.020516066882939634,13,8,5,0,0,0,0,0,0,0,0,1
1a0t,R,219,ASP,-3.5,111.1,-1.0,1,3,X,0.0,0.0,0.0,0.0,0.0,0.0,0.0,0.0,11,0.01958351838826056,15,0,15,0,0,0,0,0,0,0,0,1
1a0t,R,220,GLY,-0.4,60.1,0.0,0,0,X,0.0,0.0,0.0,0.0,0.0,0.0,0.0,0.0,14,0.02471253510899547,22,8,14,0,0,0,0,0,0,0,0,1
1a0t,R,221,LEU,3.8,166.7,0.0,0,0,X,0.0,0.0,0.0,0.0,0.0,0.0,0.0,0.0,20,0.03730193978716297,29,12,17,0,0,0,0,0,0,0,0,1
1a0t,R,222,ARG,-4.5,173.4,1.0,5,0,X,0.0,0.0,0.0,0.0,0.0,0.0,0.0,0.0,27,0.048492521723311866,23,16,7,0,0,0,0,0,0,0,0,1
1a0t,R,223,SER,-0.8,89.0,0.0,1,1,X,0.0,0.0,0.0,0.0,0.0,0.0,0.0,0.0,28,0.05502036118606539,33,11,22,0,0,0,0,0,0,0,0,1
1a0t,R,224,ASN,-3.5,114.1,0.0,2,2,X,0.0,0.0,0.0,0.0,0.0,0.0,0.0,0.0,32,0.05408781269138631,34,22,12,0,0,0,0,0,0,0,0,1
1a0t,R,225,PHE,2.8,189.9,0.0,0,0,X,0.0,0.0,0.0,0.0,0.0,0.0,0.0,0.0,28,0.040099585271200194,14,6,8,0,0,0,0,0,0,0,0,1
1a0t,R,226,SER,-0.8,89.0,0.0,1,1,X,0.0,0.0,0.0,0.0,0.0,0.0,0.0,0.0,30,0.04429605349725603,3,6,-3,0,0,0,0,0,0,0,0,1
1a0t,R,227,LEU,3.8,166.7,0.0,0,0,X,0.0,0.0,0.0,0.0,0.0,0.0,0.0,0.0,34,0.04149840801321881,3,1,2,0,0,0,0,0,0,0,0,1
1a0t,R,228,TYR,-1.3,193.6,0.0,1,1,X,0.0,0.0,0.0,0.0,0.0,0.0,0.0,0.0,40,0.04989134446533048,28,12,16,0,0,0,0,0,0,0,0,1
1a0t,R,229,GLY,-0.4,60.1,0.0,0,0,X,0.0,0.0,0.0,0.0,0.0,0.0,0.0,0.0,43,0.053155264196707235,27,5,22,0,0,0,0,0,0,0,0,1
1a0t,R,230,ARG,-4.5,173.4,1.0,5,0,X,0.0,0.0,0.0,0.0,0.0,0.0,0.0,0.0,38,0.05502036118606539,8,13,-5,0,0,0,0,0,0,0,0,1
1a0t,R,231,ASN,-3.5,114.1,0.0,2,2,X,0.0,0.0,0.0,0.0,0.0,0.0,0.0,0.0,38,0.04755997322863279,20,11,9,0,0,0,0,0,0,0,0,1
1a0t,R,232,PHE,2.8,189.9,0.0,0,0,X,0.0,0.0,0.0,0.0,0.0,0.0,0.0,0.0,35,0.045228601991935104,28,18,10,0,0,0,0,0,0,0,0,1
1a0t,R,233,GLY,-0.4,60.1,0.0,0,0,X,0.0,0.0,0.0,0.0,0.0,0.0,0.0,0.0,29,0.03450429430312575,19,28,-9,0,0,0,0,0,0,0,0,1
1a0t,R,234,ASP,-3.5,111.1,-1.0,1,3,X,0.0,0.0,0.0,0.0,0.0,0.0,0.0,0.0,20,0.03124037457174899,9,21,-12,0,0,0,0,0,0,0,0,1
1a0t,R,235,ILE,4.5,166.7,0.0,0,0,X,0.0,0.0,0.0,0.0,0.0,0.0,0.0,0.0,24,0.0363693912924839,3,24,-21,0,0,0,0,0,0,0,0,1
1a0t,R,236,ASP,-3.5,111.1,-1.0,1,3,X,0.0,0.0,0.0,0.0,0.0,0.0,0.0,0.0,15,0.022847438119637322,0,16,-16,0,0,0,0,0,0,0,0,1
1a0t,R,237,ASP,-3.5,111.1,-1.0,1,3,X,0.0,0.0,0.0,0.0,0.0,0.0,0.0,0.0,17,0.030307826077069916,15,23,-8,0,0,0,0,0,0,0,0,1
1a0t,R,238,SER,-0.8,89.0,0.0,1,1,X,0.0,0.0,0.0,0.0,0.0,0.0,0.0,0.0,22,0.02471253510899547,16,38,-22,0,0,0,0,0,0,0,0,1
1a0t,R,239,SER,-0.8,89.0,0.0,1,1,X,0.0,0.0,0.0,0.0,0.0,0.0,0.0,0.0,24,0.02844272908771177,19,42,-23,0,0,0,0,0,0,0,0,1
1a0t,R,240,ASN,-3.5,114.1,0.0,2,2,X,0.0,0.0,0.0,0.0,0.0,0.0,0.0,0.0,26,0.043363505002576956,22,39,-17,0,0,0,0,0,0,0,0,1
1a0t,R,241,SER,-0.8,89.0,0.0,1,1,X,0.0,0.0,0.0,0.0,0.0,0.0,0.0,0.0,29,0.045228601991935104,21,33,-12,0,0,0,0,0,0,0,0,1
1a0t,R,242,VAL,4.2,140.0,0.0,0,0,X,0.0,0.0,0.0,0.0,0.0,0.0,0.0,0.0,35,0.048026247475972325,27,24,3,0,0,0,0,0,0,0,0,1
1a0t,R,243,GLN,-3.5,143.8,0.0,2,2,X,0.0,0.0,0.0,0.0,0.0,0.0,0.0,0.0,36,0.048492521723311866,24,3,21,0,0,0,0,0,0,0,0,1
1a0t,R,244,ASN,-3.5,114.1,0.0,2,2,X,0.0,0.0,0.0,0.0,0.0,0.0,0.0,0.0,43,0.053155264196707235,27,5,22,0,0,0,0,0,0,0,0,1
1a0t,R,245,TYR,-1.3,193.6,0.0,1,1,X,0.0,0.0,0.0,0.0,0.0,0.0,0.0,0.0,37,0.045228601991935104,24,0,24,0,0,0,0,0,0,0,0,1
1a0t,R,246,ILE,4.5,166.7,0.0,0,0,X,0.0,0.0,0.0,0.0,0.0,0.0,0.0,0.0,41,0.04709369898129325,24,0,24,0,0,0,0,0,0,0,0,1
1a0t,R,247,LEU,3.8,166.7,0.0,0,0,X,0.0,0.0,0.0,0.0,0.0,0.0,0.0,0.0,24,0.034970568550465285,9,0,9,0,0,0,0,0,0,0,0,1
1a0t,R,248,THR,-0.7,116.1,0.0,1,1,X,0.0,0.0,0.0,0.0,0.0,0.0,0.0,0.0,30,0.043829779249916496,15,4,11,0,0,0,0,0,0,0,0,1
1a0t,R,249,MET,1.9,162.9,0.0,0,0,X,0.0,0.0,0.0,0.0,0.0,0.0,0.0,0.0,25,0.04243095650789788,14,0,14,0,0,0,0,0,0,0,0,1
1a0t,R,250,ASN,-3.5,114.1,0.0,2,2,X,0.0,0.0,0.0,0.0,0.0,0.0,0.0,0.0,37,0.04942507021799094,27,16,11,0,0,0,0,0,0,0,0,1
1a0t,R,251,HIS,-3.2,153.2,0.1,2,1,X,0.0,0.0,0.0,0.0,0.0,0.0,0.0,0.0,24,0.04755997322863279,11,3,8,0,0,0,0,0,0,0,0,1
1a0t,R,252,PHE,2.8,189.9,0.0,0,0,X,0.0,0.0,0.0,0.0,0.0,0.0,0.0,0.0,29,0.045228601991935104,37,16,21,0,0,0,0,0,0,0,0,1
1a0t,R,253,ALA,1.8,88.6,0.0,0,0,X,0.0,0.0,0.0,0.0,0.0,0.0,0.0,0.0,19,0.030774100324409453,27,2,25,0,0,0,0,0,0,0,0,1
1a0t,R,254,GLY,-0.4,60.1,0.0,0,0,X,0.0,0.0,0.0,0.0,0.0,0.0,0.0,0.0,16,0.020516066882939634,25,4,21,0,0,0,0,0,0,0,0,1
1a0t,R,255,PRO,-1.6,112.7,0.0,0,0,X,0.0,0.0,0.0,0.0,0.0,0.0,0.0,0.0,18,0.029375277582390842,17,7,10,0,0,0,0,0,0,0,0,1
1a0t,R,256,LEU,3.8,166.7,0.0,0,0,X,0.0,0.0,0.0,0.0,0.0,0.0,0.0,0.0,20,0.03403802005578621,20,0,20,0,0,0,0,0,0,0,0,1
1a0t,R,257,GLN,-3.5,143.8,0.0,2,2,X,0.0,0.0,0.0,0.0,0.0,0.0,0.0,0.0,31,0.048492521723311866,32,7,25,0,0,0,0,0,0,0,0,1
1a0t,R,258,MET,1.9,162.9,0.0,0,0,X,0.0,0.0,0.0,0.0,0.0,0.0,0.0,0.0,24,0.04149840801321881,16,0,16,0,0,0,0,0,0,0,0,1
1a0t,R,259,MET,1.9,162.9,0.0,0,0,X,0.0,0.0,0.0,0.0,0.0,0.0,0.0,0.0,38,0.04662742473395372,21,10,11,0,0,0,0,0,0,0,0,1
1a0t,R,260,VAL,4.2,140.0,0.0,0,0,X,0.0,0.0,0.0,0.0,0.0,0.0,0.0,0.0,25,0.03870076252918159,20,0,20,0,0,0,0,0,0,0,0,1
1a0t,R,261,SER,-0.8,89.0,0.0,1,1,X,0.0,0.0,0.0,0.0,0.0,0.0,0.0,0.0,34,0.04289723075523742,13,1,12,0,0,0,0,0,0,0,0,1
1a0t,R,262,GLY,-0.4,60.1,0.0,0,0,X,0.0,0.0,0.0,0.0,0.0,0.0,0.0,0.0,27,0.03357174580844668,21,0,21,0,0,0,0,0,0,0,0,1
1a0t,R,263,LEU,3.8,166.7,0.0,0,0,X,0.0,0.0,0.0,0.0,0.0,0.0,0.0,0.0,39,0.043829779249916496,30,6,24,0,0,0,0,0,0,0,0,1
1a0t,R,264,ARG,-4.5,173.4,1.0,5,0,X,0.0,0.0,0.0,0.0,0.0,0.0,0.0,0.0,28,0.04243095650789788,10,9,1,0,0,0,0,0,0,0,0,1
1a0t,R,265,ALA,1.8,88.6,0.0,0,0,X,0.0,0.0,0.0,0.0,0.0,0.0,0.0,0.0,32,0.04942507021799094,31,18,13,0,0,0,0,0,0,0,0,1
1a0t,R,266,LYS,-3.9,168.6,1.0,2,0,X,0.0,0.0,0.0,0.0,0.0,0.0,0.0,0.0,23,0.040099585271200194,13,26,-13,0,0,0,0,0,0,0,0,1
1a0t,R,267,ASP,-3.5,111.1,-1.0,1,3,X,0.0,0.0,0.0,0.0,0.0,0.0,0.0,0.0,26,0.03310547156110714,29,18,11,0,0,0,0,0,0,0,0,1
1a0t,R,268,ASN,-3.5,114.1,0.0,2,2,X,0.0,0.0,0.0,0.0,0.0,0.0,0.0,0.0,33,0.04755997322863279,35,33,2,0,0,0,0,0,0,0,0,1
1a0t,R,269,ASP,-3.5,111.1,-1.0,1,3,X,0.0,0.0,0.0,0.0,0.0,0.0,0.0,0.0,24,0.043363505002576956,31,25,6,0,0,0,0,0,0,0,0,1
1a0t,R,270,GLU,-3.5,138.4,-1.0,1,3,X,0.0,0.0,0.0,0.0,0.0,0.0,0.0,0.0,23,0.03776821403450251,33,20,13,0,0,0,0,0,0,0,0,1
1a0t,R,271,ARG,-4.5,173.4,1.0,5,0,X,0.0,0.0,0.0,0.0,0.0,0.0,0.0,0.0,32,0.04662742473395372,20,46,-26,0,0,0,0,0,0,0,0,1
1a0t,R,272,LYS,-3.9,168.6,1.0,2,0,X,0.0,0.0,0.0,0.0,0.0,0.0,0.0,0.0,20,0.040565859518539735,13,31,-18,0,0,0,0,0,0,0,0,1
1a0t,R,273,ASP,-3.5,111.1,-1.0,1,3,X,0.0,0.0,0.0,0.0,0.0,0.0,0.0,0.0,17,0.03730193978716297,23,13,10,0,0,0,0,0,0,0,0,1
1a0t,R,274,SER,-0.8,89.0,0.0,1,1,X,0.0,0.0,0.0,0.0,0.0,0.0,0.0,0.0,14,0.023779986614316396,9,21,-12,0,0,0,0,0,0,0,0,1
1a0t,R,275,ASN,-3.5,114.1,0.0,2,2,X,0.0,0.0,0.0,0.0,0.0,0.0,0.0,0.0,10,0.018650969893581486,7,11,-4,0,0,0,0,0,0,0,0,1
1a0t,R,276,GLY,-0.4,60.1,0.0,0,0,X,0.0,0.0,0.0,0.0,0.0,0.0,0.0,0.0,13,0.024246260861655933,15,13,2,0,0,0,0,0,0,0,0,1
1a0t,R,277,ASN,-3.5,114.1,0.0,2,2,X,0.0,0.0,0.0,0.0,0.0,0.0,0.0,0.0,13,0.026577632098353617,18,10,8,0,0,0,0,0,0,0,0,1
1a0t,R,278,LEU,3.8,166.7,0.0,0,0,X,0.0,0.0,0.0,0.0,0.0,0.0,0.0,0.0,18,0.032639197313767604,28,32,-4,0,0,0,0,0,0,0,0,1
1a0t,R,279,ALA,1.8,88.6,0.0,0,0,X,0.0,0.0,0.0,0.0,0.0,0.0,0.0,0.0,24,0.03403802005578621,28,29,-1,0,0,0,0,0,0,0,0,1
1a0t,R,280,LYS,-3.9,168.6,1.0,2,0,X,0.0,0.0,0.0,0.0,0.0,0.0,0.0,0.0,25,0.03310547156110714,25,25,0,0,0,0,0,0,0,0,0,1
1a0t,R,281,GLY,-0.4,60.1,0.0,0,0,X,0.0,0.0,0.0,0.0,0.0,0.0,0.0,0.0,20,0.02844272908771177,31,28,3,0,0,0,0,0,0,0,0,1
1a0t,R,282,ASP,-3.5,111.1,-1.0,1,3,X,0.0,0.0,0.0,0.0,0.0,0.0,0.0,0.0,23,0.029375277582390842,24,20,4,0,0,0,0,0,0,0,0,1
1a0t,R,283,ALA,1.8,88.6,0.0,0,0,X,0.0,0.0,0.0,0.0,0.0,0.0,0.0,0.0,31,0.04243095650789788,34,31,3,0,0,0,0,0,0,0,0,1
1a0t,R,284,ALA,1.8,88.6,0.0,0,0,X,0.0,0.0,0.0,0.0,0.0,0.0,0.0,0.0,36,0.04616115048661418,39,31,8,0,0,0,0,0,0,0,0,1
1a0t,R,285,ASN,-3.5,114.1,0.0,2,2,X,0.0,0.0,0.0,0.0,0.0,0.0,0.0,0.0,30,0.04289723075523742,30,29,1,0,0,0,0,0,0,0,0,1
1a0t,R,286,THR,-0.7,116.1,0.0,1,1,X,0.0,0.0,0.0,0.0,0.0,0.0,0.0,0.0,30,0.03823448828184205,32,9,23,0,0,0,0,0,0,0,0,1
1a0t,R,287,GLY,-0.4,60.1,0.0,0,0,X,0.0,0.0,0.0,0.0,0.0,0.0,0.0,0.0,33,0.04149840801321881,29,3,26,0,0,0,0,0,0,0,0,1
1a0t,R,288,VAL,4.2,140.0,0.0,0,0,X,0.0,0.0,0.0,0.0,0.0,0.0,0.0,0.0,31,0.03963331102386066,23,7,16,0,0,0,0,0,0,0,0,1
1a0t,R,289,HIS,-3.2,153.2,0.1,2,1,X,0.0,0.0,0.0,0.0,0.0,0.0,0.0,0.0,37,0.048492521723311866,13,8,5,0,0,0,0,0,0,0,0,1
1a0t,R,290,ALA,1.8,88.6,0.0,0,0,X,0.0,0.0,0.0,0.0,0.0,0.0,0.0,0.0,34,0.03963331102386066,20,2,18,0,0,0,0,0,0,0,0,1
1a0t,R,291,LEU,3.8,166.7,0.0,0,0,X,0.0,0.0,0.0,0.0,0.0,0.0,0.0,0.0,35,0.043829779249916496,24,1,23,0,0,0,0,0,0,0,0,1
1a0t,R,292,LEU,3.8,166.7,0.0,0,0,X,0.0,0.0,0.0,0.0,0.0,0.0,0.0,0.0,26,0.03683566553982344,11,0,11,0,0,0,0,0,0,0,0,1
1a0t,R,293,GLY,-0.4,60.1,0.0,0,0,X,0.0,0.0,0.0,0.0,0.0,0.0,0.0,0.0,26,0.04476232774459557,23,0,23,0,0,0,0,0,0,0,0,1
1a0t,R,294,LEU,3.8,166.7,0.0,0,0,X,0.0,0.0,0.0,0.0,0.0,0.0,0.0,0.0,26,0.040099585271200194,19,2,17,0,0,0,0,0,0,0,0,1
1a0t,R,295,HIS,-3.2,153.2,0.1,2,1,X,0.0,0.0,0.0,0.0,0.0,0.0,0.0,0.0,26,0.03823448828184205,13,8,5,0,0,0,0,0,0,0,0,1
1a0t,R,296,ASN,-3.5,114.1,0.0,2,2,X,0.0,0.0,0.0,0.0,0.0,0.0,0.0,0.0,23,0.0363693912924839,21,9,12,0,0,0,0,0,0,0,0,1
1a0t,R,297,ASP,-3.5,111.1,-1.0,1,3,X,0.0,0.0,0.0,0.0,0.0,0.0,0.0,0.0,17,0.02471253510899547,14,7,7,0,0,0,0,0,0,0,0,1
1a0t,R,298,SER,-0.8,89.0,0.0,1,1,X,0.0,0.0,0.0,0.0,0.0,0.0,0.0,0.0,20,0.03823448828184205,18,16,2,0,0,0,0,0,0,0,0,1
1a0t,R,299,PHE,2.8,189.9,0.0,0,0,X,0.0,0.0,0.0,0.0,0.0,0.0,0.0,0.0,24,0.048026247475972325,15,11,4,0,0,0,0,0,0,0,0,1
1a0t,R,300,TYR,-1.3,193.6,0.0,1,1,X,0.0,0.0,0.0,0.0,0.0,0.0,0.0,0.0,24,0.03683566553982344,17,7,10,0,0,0,0,0,0,0,0,1
1a0t,R,301,GLY,-0.4,60.1,0.0,0,0,X,0.0,0.0,0.0,0.0,0.0,0.0,0.0,0.0,13,0.024246260861655933,11,12,-1,0,0,0,0,0,0,0,0,1
1a0t,R,302,LEU,3.8,166.7,0.0,0,0,X,0.0,0.0,0.0,0.0,0.0,0.0,0.0,0.0,13,0.022847438119637322,11,8,3,0,0,0,0,0,0,0,0,1
1a0t,R,303,ARG,-4.5,173.4,1.0,5,0,X,0.0,0.0,0.0,0.0,0.0,0.0,0.0,0.0,16,0.032172923066428064,0,10,-10,0,0,0,0,0,0,0,0,1
1a0t,R,304,ASP,-3.5,111.1,-1.0,1,3,X,0.0,0.0,0.0,0.0,0.0,0.0,0.0,0.0,15,0.032172923066428064,11,7,4,0,0,0,0,0,0,0,0,1
1a0t,R,305,GLY,-0.4,60.1,0.0,0,0,X,0.0,0.0,0.0,0.0,0.0,0.0,0.0,0.0,23,0.03776821403450251,12,16,-4,0,0,0,0,0,0,0,0,1
1a0t,R,306,SER,-0.8,89.0,0.0,1,1,X,0.0,0.0,0.0,0.0,0.0,0.0,0.0,0.0,28,0.04289723075523742,23,16,7,0,0,0,0,0,0,0,0,1
1a0t,R,307,SER,-0.8,89.0,0.0,1,1,X,0.0,0.0,0.0,0.0,0.0,0.0,0.0,0.0,28,0.05035761871267001,22,11,11,0,0,0,0,0,0,0,0,1
1a0t,R,308,LYS,-3.9,168.6,1.0,2,0,X,0.0,0.0,0.0,0.0,0.0,0.0,0.0,0.0,33,0.048958795970651406,11,10,1,0,0,0,0,0,0,0,0,1
1a0t,R,309,THR,-0.7,116.1,0.0,1,1,X,0.0,0.0,0.0,0.0,0.0,0.0,0.0,0.0,27,0.04289723075523742,21,0,21,0,0,0,0,0,0,0,0,1
1a0t,R,310,ALA,1.8,88.6,0.0,0,0,X,0.0,0.0,0.0,0.0,0.0,0.0,0.0,0.0,32,0.04476232774459557,25,2,23,0,0,0,0,0,0,0,0,1
1a0t,R,311,LEU,3.8,166.7,0.0,0,0,X,0.0,0.0,0.0,0.0,0.0,0.0,0.0,0.0,26,0.03683566553982344,11,0,11,0,0,0,0,0,0,0,0,1
1a0t,R,312,LEU,3.8,166.7,0.0,0,0,X,0.0,0.0,0.0,0.0,0.0,0.0,0.0,0.0,36,0.04989134446533048,31,7,24,0,0,0,0,0,0,0,0,1
1a0t,R,313,TYR,-1.3,193.6,0.0,1,1,X,0.0,0.0,0.0,0.0,0.0,0.0,0.0,0.0,27,0.048492521723311866,27,12,15,0,0,0,0,0,0,0,0,1
1a0t,R,314,GLY,-0.4,60.1,0.0,0,0,X,0.0,0.0,0.0,0.0,0.0,0.0,0.0,0.0,34,0.053155264196707235,40,17,23,0,0,0,0,0,0,0,0,1
1a0t,R,315,HIS,-3.2,153.2,0.1,2,1,X,0.0,0.0,0.0,0.0,0.0,0.0,0.0,0.0,28,0.04476232774459557,21,18,3,0,0,0,0,0,0,0,0,1
1a0t,R,316,GLY,-0.4,60.1,0.0,0,0,X,0.0,0.0,0.0,0.0,0.0,0.0,0.0,0.0,38,0.048026247475972325,39,29,10,0,0,0,0,0,0,0,0,1
1a0t,R,317,LEU,3.8,166.7,0.0,0,0,X,0.0,0.0,0.0,0.0,0.0,0.0,0.0,0.0,46,0.05781800667010261,31,17,14,0,0,0,0,0,0,0,0,1
1a0t,R,318,GLY,-0.4,60.1,0.0,0,0,X,0.0,0.0,0.0,0.0,0.0,0.0,0.0,0.0,41,0.05455408693872585,37,24,13,0,0,0,0,0,0,0,0,1
1a0t,R,319,ALA,1.8,88.6,0.0,0,0,X,0.0,0.0,0.0,0.0,0.0,0.0,0.0,0.0,41,0.056419183928083996,55,30,25,0,0,0,0,0,0,0,0,1
1a0t,R,320,GLU,-3.5,138.4,-1.0,1,3,X,0.0,0.0,0.0,0.0,0.0,0.0,0.0,0.0,40,0.05175644145468863,38,15,23,0,0,0,0,0,0,0,0,1
1a0t,R,321,VAL,4.2,140.0,0.0,0,0,X,0.0,0.0,0.0,0.0,0.0,0.0,0.0,0.0,46,0.05408781269138631,42,19,23,0,0,0,0,0,0,0,0,1
1a0t,R,322,LYS,-3.9,168.6,1.0,2,0,X,0.0,0.0,0.0,0.0,0.0,0.0,0.0,0.0,38,0.04289723075523742,16,26,-10,0,0,0,0,0,0,0,0,1
1a0t,R,323,GLY,-0.4,60.1,0.0,0,0,X,0.0,0.0,0.0,0.0,0.0,0.0,0.0,0.0,35,0.04243095650789788,30,29,1,0,0,0,0,0,0,0,0,1
1a0t,R,324,ILE,4.5,166.7,0.0,0,0,X,0.0,0.0,0.0,0.0,0.0,0.0,0.0,0.0,44,0.04755997322863279,28,20,8,0,0,0,0,0,0,0,0,1
1a0t,R,325,GLY,-0.4,60.1,0.0,0,0,X,0.0,0.0,0.0,0.0,0.0,0.0,0.0,0.0,42,0.048958795970651406,26,21,5,0,0,0,0,0,0,0,0,1
1a0t,R,326,SER,-0.8,89.0,0.0,1,1,X,0.0,0.0,0.0,0.0,0.0,0.0,0.0,0.0,30,0.03823448828184205,22,22,0,0,0,0,0,0,0,0,0,1
1a0t,R,327,ASP,-3.5,111.1,-1.0,1,3,X,0.0,0.0,0.0,0.0,0.0,0.0,0.0,0.0,35,0.03870076252918159,30,10,20,0,0,0,0,0,0,0,0,1
1a0t,R,328,GLY,-0.4,60.1,0.0,0,0,X,0.0,0.0,0.0,0.0,0.0,0.0,0.0,0.0,38,0.040565859518539735,28,21,7,0,0,0,0,0,0,0,0,1
1a0t,R,329,ALA,1.8,88.6,0.0,0,0,X,0.0,0.0,0.0,0.0,0.0,0.0,0.0,0.0,29,0.04196468226055834,33,26,7,0,0,0,0,0,0,0,0,1
1a0t,R,330,LEU,3.8,166.7,0.0,0,0,X,0.0,0.0,0.0,0.0,0.0,0.0,0.0,0.0,41,0.05548663543340492,38,37,1,0,0,0,0,0,0,0,0,1
1a0t,R,331,ARG,-4.5,173.4,1.0,5,0,X,0.0,0.0,0.0,0.0,0.0,0.0,0.0,0.0,29,0.04709369898129325,28,37,-9,0,0,0,0,0,0,0,0,1
1a0t,R,332,PRO,-1.6,112.7,0.0,0,0,X,0.0,0.0,0.0,0.0,0.0,0.0,0.0,0.0,30,0.03870076252918159,31,28,3,0,0,0,0,0,0,0,0,1
1a0t,R,333,GLY,-0.4,60.1,0.0,0,0,X,0.0,0.0,0.0,0.0,0.0,0.0,0.0,0.0,30,0.032172923066428064,35,33,2,0,0,0,0,0,0,0,0,1
1a0t,R,334,ALA,1.8,88.6,0.0,0,0,X,0.0,0.0,0.0,0.0,0.0,0.0,0.0,0.0,35,0.05129016720734909,41,39,2,0,0,0,0,0,0,0,0,1
1a0t,R,335,ASP,-3.5,111.1,-1.0,1,3,X,0.0,0.0,0.0,0.0,0.0,0.0,0.0,0.0,29,0.04709369898129325,47,14,33,0,0,0,0,0,0,0,0,1
1a0t,R,336,THR,-0.7,116.1,0.0,1,1,X,0.0,0.0,0.0,0.0,0.0,0.0,0.0,0.0,34,0.053155264196707235,60,23,37,0,0,0,0,0,0,0,0,1
1a0t,R,337,TRP,-0.9,227.8,0.0,1,0,X,0.0,0.0,0.0,0.0,0.0,0.0,0.0,0.0,21,0.04662742473395372,27,8,19,0,0,0,0,0,0,0,0,1
1a0t,R,338,ARG,-4.5,173.4,1.0,5,0,X,0.0,0.0,0.0,0.0,0.0,0.0,0.0,0.0,40,0.04755997322863279,23,15,8,0,0,0,0,0,0,0,0,1
1a0t,R,339,ILE,4.5,166.7,0.0,0,0,X,0.0,0.0,0.0,0.0,0.0,0.0,0.0,0.0,27,0.04103213376587927,16,0,16,0,0,0,0,0,0,0,0,1
1a0t,R,340,ALA,1.8,88.6,0.0,0,0,X,0.0,0.0,0.0,0.0,0.0,0.0,0.0,0.0,34,0.04755997322863279,18,8,10,0,0,0,0,0,0,0,0,1
1a0t,R,341,SER,-0.8,89.0,0.0,1,1,X,0.0,0.0,0.0,0.0,0.0,0.0,0.0,0.0,33,0.043363505002576956,11,2,9,0,0,0,0,0,0,0,0,1
1a0t,R,342,TYR,-1.3,193.6,0.0,1,1,X,0.0,0.0,0.0,0.0,0.0,0.0,0.0,0.0,34,0.04429605349725603,21,8,13,0,0,0,0,0,0,0,0,1
1a0t,R,343,GLY,-0.4,60.1,0.0,0,0,X,0.0,0.0,0.0,0.0,0.0,0.0,0.0,0.0,35,0.04755997322863279,18,3,15,0,0,0,0,0,0,0,0,1
1a0t,R,344,THR,-0.7,116.1,0.0,1,1,X,0.0,0.0,0.0,0.0,0.0,0.0,0.0,0.0,29,0.050823892960009553,16,16,0,0,0,0,0,0,0,0,0,1
1a0t,R,345,THR,-0.7,116.1,0.0,1,1,X,0.0,0.0,0.0,0.0,0.0,0.0,0.0,0.0,29,0.045694876239274644,13,12,1,0,0,0,0,0,0,0,0,1
1a0t,R,346,PRO,-1.6,112.7,0.0,0,0,X,0.0,0.0,0.0,0.0,0.0,0.0,0.0,0.0,24,0.0363693912924839,11,17,-6,0,0,0,0,0,0,0,0,1
1a0t,R,347,LEU,3.8,166.7,0.0,0,0,X,0.0,0.0,0.0,0.0,0.0,0.0,0.0,0.0,19,0.030774100324409453,10,13,-3,0,0,0,0,0,0,0,0,1
1a0t,R,348,SER,-0.8,89.0,0.0,1,1,X,0.0,0.0,0.0,0.0,0.0,0.0,0.0,0.0,13,0.02471253510899547,3,9,-6,0,0,0,0,0,0,0,0,1
1a0t,R,349,GLU,-3.5,138.4,-1.0,1,3,X,0.0,0.0,0.0,0.0,0.0,0.0,0.0,0.0,13,0.020516066882939634,0,0,0,0,0,0,0,0,0,0,0,1
1a0t,R,350,ASN,-3.5,114.1,0.0,2,2,X,0.0,0.0,0.0,0.0,0.0,0.0,0.0,0.0,19,0.034970568550465285,0,9,-9,0,0,0,0,0,0,0,0,1
1a0t,R,351,TRP,-0.9,227.8,0.0,1,0,X,0.0,0.0,0.0,0.0,0.0,0.0,0.0,0.0,22,0.045694876239274644,2,9,-7,0,0,0,0,0,0,0,0,1
1a0t,R,352,SER,-0.8,89.0,0.0,1,1,X,0.0,0.0,0.0,0.0,0.0,0.0,0.0,0.0,32,0.04942507021799094,8,12,-4,0,0,0,0,0,0,0,0,1
1a0t,R,353,VAL,4.2,140.0,0.0,0,0,X,0.0,0.0,0.0,0.0,0.0,0.0,0.0,0.0,31,0.04662742473395372,12,2,10,0,0,0,0,0,0,0,0,1
1a0t,R,354,ALA,1.8,88.6,0.0,0,0,X,0.0,0.0,0.0,0.0,0.0,0.0,0.0,0.0,33,0.04662742473395372,16,7,9,0,0,0,0,0,0,0,0,1
1a0t,R,355,PRO,-1.6,112.7,0.0,0,0,X,0.0,0.0,0.0,0.0,0.0,0.0,0.0,0.0,29,0.04289723075523742,9,1,8,0,0,0,0,0,0,0,0,1
1a0t,R,356,ALA,1.8,88.6,0.0,0,0,X,0.0,0.0,0.0,0.0,0.0,0.0,0.0,0.0,35,0.04755997322863279,13,6,7,0,0,0,0,0,0,0,0,1
1a0t,R,357,MET,1.9,162.9,0.0,0,0,X,0.0,0.0,0.0,0.0,0.0,0.0,0.0,0.0,26,0.04243095650789788,8,0,8,0,0,0,0,0,0,0,0,1
1a0t,R,358,LEU,3.8,166.7,0.0,0,0,X,0.0,0.0,0.0,0.0,0.0,0.0,0.0,0.0,38,0.04709369898129325,17,6,11,0,0,0,0,0,0,0,0,1
1a0t,R,359,ALA,1.8,88.6,0.0,0,0,X,0.0,0.0,0.0,0.0,0.0,0.0,0.0,0.0,33,0.04196468226055834,18,0,18,0,0,0,0,0,0,0,0,1
1a0t,R,360,GLN,-3.5,143.8,0.0,2,2,X,0.0,0.0,0.0,0.0,0.0,0.0,0.0,0.0,38,0.04616115048661418,35,13,22,0,0,0,0,0,0,0,0,1
1a0t,R,361,ARG,-4.5,173.4,1.0,5,0,X,0.0,0.0,0.0,0.0,0.0,0.0,0.0,0.0,22,0.04429605349725603,20,16,4,0,0,0,0,0,0,0,0,1
1a0t,R,362,SER,-0.8,89.0,0.0,1,1,X,0.0,0.0,0.0,0.0,0.0,0.0,0.0,0.0,35,0.05408781269138631,47,32,15,0,0,0,0,0,0,0,0,1
1a0t,R,363,LYS,-3.9,168.6,1.0,2,0,X,0.0,0.0,0.0,0.0,0.0,0.0,0.0,0.0,26,0.04476232774459557,34,31,3,0,0,0,0,0,0,0,0,1
1a0t,R,364,ASP,-3.5,111.1,-1.0,1,3,X,0.0,0.0,0.0,0.0,0.0,0.0,0.0,0.0,28,0.04429605349725603,42,30,12,0,0,0,0,0,0,0,0,1
1a0t,R,365,ARG,-4.5,173.4,1.0,5,0,X,0.0,0.0,0.0,0.0,0.0,0.0,0.0,0.0,42,0.056419183928083996,29,45,-16,0,0,0,0,0,0,0,0,1
1a0t,R,366,TYR,-1.3,193.6,0.0,1,1,X,0.0,0.0,0.0,0.0,0.0,0.0,0.0,0.0,37,0.04662742473395372,35,47,-12,0,0,0,0,0,0,0,0,1
1a0t,R,367,ALA,1.8,88.6,0.0,0,0,X,0.0,0.0,0.0,0.0,0.0,0.0,0.0,0.0,26,0.04476232774459557,34,41,-7,0,0,0,0,0,0,0,0,1
1a0t,R,368,ASP,-3.5,111.1,-1.0,1,3,X,0.0,0.0,0.0,0.0,0.0,0.0,0.0,0.0,19,0.02844272908771177,23,31,-8,0,0,0,0,0,0,0,0,1
1a0t,R,369,GLY,-0.4,60.1,0.0,0,0,X,0.0,0.0,0.0,0.0,0.0,0.0,0.0,0.0,20,0.02844272908771177,31,34,-3,0,0,0,0,0,0,0,0,1
1a0t,R,370,ASP,-3.5,111.1,-1.0,1,3,X,0.0,0.0,0.0,0.0,0.0,0.0,0.0,0.0,30,0.045694876239274644,41,33,8,0,0,0,0,0,0,0,0,1
1a0t,R,371,SER,-0.8,89.0,0.0,1,1,X,0.0,0.0,0.0,0.0,0.0,0.0,0.0,0.0,26,0.05035761871267001,38,39,-1,0,0,0,0,0,0,0,0,1
1a0t,R,372,TYR,-1.3,193.6,0.0,1,1,X,0.0,0.0,0.0,0.0,0.0,0.0,0.0,0.0,37,0.056419183928083996,40,38,2,0,0,0,0,0,0,0,0,1
1a0t,R,373,GLN,-3.5,143.8,0.0,2,2,X,0.0,0.0,0.0,0.0,0.0,0.0,0.0,0.0,23,0.04709369898129325,28,11,17,0,0,0,0,0,0,0,0,1
1a0t,R,374,TRP,-0.9,227.8,0.0,1,0,X,0.0,0.0,0.0,0.0,0.0,0.0,0.0,0.0,37,0.048026247475972325,18,10,8,0,0,0,0,0,0,0,0,1
1a0t,R,375,ALA,1.8,88.6,0.0,0,0,X,0.0,0.0,0.0,0.0,0.0,0.0,0.0,0.0,31,0.043829779249916496,3,4,-1,0,0,0,0,0,0,0,0,1
1a0t,R,376,THR,-0.7,116.1,0.0,1,1,X,0.0,0.0,0.0,0.0,0.0,0.0,0.0,0.0,37,0.05035761871267001,2,0,2,0,0,0,0,0,0,0,0,1
1a0t,R,377,PHE,2.8,189.9,0.0,0,0,X,0.0,0.0,0.0,0.0,0.0,0.0,0.0,0.0,27,0.040565859518539735,4,6,-2,0,0,0,0,0,0,0,0,1
1a0t,R,378,ASN,-3.5,114.1,0.0,2,2,X,0.0,0.0,0.0,0.0,0.0,0.0,0.0,0.0,34,0.048026247475972325,29,10,19,0,0,0,0,0,0,0,0,1
1a0t,R,379,LEU,3.8,166.7,0.0,0,0,X,0.0,0.0,0.0,0.0,0.0,0.0,0.0,0.0,30,0.04289723075523742,14,9,5,0,0,0,0,0,0,0,0,1
1a0t,R,380,ARG,-4.5,173.4,1.0,5,0,X,0.0,0.0,0.0,0.0,0.0,0.0,0.0,0.0,43,0.05035761871267001,28,16,12,0,0,0,0,0,0,0,0,1
1a0t,R,381,LEU,3.8,166.7,0.0,0,0,X,0.0,0.0,0.0,0.0,0.0,0.0,0.0,0.0,27,0.045228601991935104,10,9,1,0,0,0,0,0,0,0,0,1
1a0t,R,382,ILE,4.5,166.7,0.0,0,0,X,0.0,0.0,0.0,0.0,0.0,0.0,0.0,0.0,38,0.05129016720734909,15,13,2,0,0,0,0,0,0,0,0,1
1a0t,R,383,GLN,-3.5,143.8,0.0,2,2,X,0.0,0.0,0.0,0.0,0.0,0.0,0.0,0.0,23,0.04709369898129325,0,2,-2,0,0,0,0,0,0,0,0,1
1a0t,R,384,ALA,1.8,88.6,0.0,0,0,X,0.0,0.0,0.0,0.0,0.0,0.0,0.0,0.0,24,0.043829779249916496,2,10,-8,0,0,0,0,0,0,0,0,1
1a0t,R,385,ILE,4.5,166.7,0.0,0,0,X,0.0,0.0,0.0,0.0,0.0,0.0,0.0,0.0,19,0.032172923066428064,0,2,-2,0,0,0,0,0,0,0,0,1
1a0t,R,386,ASN,-3.5,114.1,0.0,2,2,X,0.0,0.0,0.0,0.0,0.0,0.0,0.0,0.0,19,0.027510180593032695,6,0,6,0,0,0,0,0,0,0,0,1
1a0t,R,387,GLN,-3.5,143.8,0.0,2,2,X,0.0,0.0,0.0,0.0,0.0,0.0,0.0,0.0,23,0.032172923066428064,8,1,7,0,0,0,0,0,0,0,0,1
1a0t,R,388,ASN,-3.5,114.1,0.0,2,2,X,0.0,0.0,0.0,0.0,0.0,0.0,0.0,0.0,30,0.048026247475972325,9,2,7,0,0,0,0,0,0,0,0,1
1a0t,R,389,PHE,2.8,189.9,0.0,0,0,X,0.0,0.0,0.0,0.0,0.0,0.0,0.0,0.0,27,0.045694876239274644,9,0,9,0,0,0,0,0,0,0,0,1
1a0t,R,390,ALA,1.8,88.6,0.0,0,0,X,0.0,0.0,0.0,0.0,0.0,0.0,0.0,0.0,30,0.053155264196707235,15,6,9,0,0,0,0,0,0,0,0,1
1a0t,R,391,LEU,3.8,166.7,0.0,0,0,X,0.0,0.0,0.0,0.0,0.0,0.0,0.0,0.0,25,0.04755997322863279,1,1,0,0,0,0,0,0,0,0,0,1
1a0t,R,392,ALA,1.8,88.6,0.0,0,0,X,0.0,0.0,0.0,0.0,0.0,0.0,0.0,0.0,35,0.05129016720734909,21,13,8,0,0,0,0,0,0,0,0,1
1a0t,R,393,TYR,-1.3,193.6,0.0,1,1,X,0.0,0.0,0.0,0.0,0.0,0.0,0.0,0.0,26,0.043829779249916496,8,9,-1,0,0,0,0,0,0,0,0,1
1a0t,R,394,GLU,-3.5,138.4,-1.0,1,3,X,0.0,0.0,0.0,0.0,0.0,0.0,0.0,0.0,36,0.048492521723311866,30,0,30,0,0,0,0,0,0,0,0,1
1a0t,R,395,GLY,-0.4,60.1,0.0,0,0,X,0.0,0.0,0.0,0.0,0.0,0.0,0.0,0.0,31,0.03963331102386066,22,9,13,0,0,0,0,0,0,0,0,1
1a0t,R,396,SER,-0.8,89.0,0.0,1,1,X,0.0,0.0,0.0,0.0,0.0,0.0,0.0,0.0,34,0.05035761871267001,17,12,5,0,0,0,0,0,0,0,0,1
1a0t,R,397,TYR,-1.3,193.6,0.0,1,1,X,0.0,0.0,0.0,0.0,0.0,0.0,0.0,0.0,27,0.04289723075523742,5,2,3,0,0,0,0,0,0,0,0,1
1a0t,R,398,GLN,-3.5,143.8,0.0,2,2,X,0.0,0.0,0.0,0.0,0.0,0.0,0.0,0.0,40,0.05175644145468863,3,4,-1,0,0,0,0,0,0,0,0,1
1a0t,R,399,TYR,-1.3,193.6,0.0,1,1,X,0.0,0.0,0.0,0.0,0.0,0.0,0.0,0.0,23,0.040099585271200194,0,8,-8,0,0,0,0,0,0,0,0,1
1a0t,R,400,MET,1.9,162.9,0.0,0,0,X,0.0,0.0,0.0,0.0,0.0,0.0,0.0,0.0,36,0.04942507021799094,8,9,-1,0,0,0,0,0,0,0,0,1
1a0t,R,401,ASP,-3.5,111.1,-1.0,1,3,X,0.0,0.0,0.0,0.0,0.0,0.0,0.0,0.0,27,0.04429605349725603,17,2,15,0,0,0,0,0,0,0,0,1
1a0t,R,402,LEU,3.8,166.7,0.0,0,0,X,0.0,0.0,0.0,0.0,0.0,0.0,0.0,0.0,33,0.05035761871267001,23,25,-2,0,0,0,0,0,0,0,0,1
1a0t,R,403,LYS,-3.9,168.6,1.0,2,0,X,0.0,0.0,0.0,0.0,0.0,0.0,0.0,0.0,25,0.043363505002576956,13,30,-17,0,0,0,0,0,0,0,0,1
1a0t,R,404,PRO,-1.6,112.7,0.0,0,0,X,0.0,0.0,0.0,0.0,0.0,0.0,0.0,0.0,29,0.05035761871267001,26,35,-9,0,0,0,0,0,0,0,0,1
1a0t,R,405,GLU,-3.5,138.4,-1.0,1,3,X,0.0,0.0,0.0,0.0,0.0,0.0,0.0,0.0,21,0.03590311704514436,17,23,-6,0,0,0,0,0,0,0,0,1
1a0t,R,406,GLY,-0.4,60.1,0.0,0,0,X,0.0,0.0,0.0,0.0,0.0,0.0,0.0,0.0,16,0.02844272908771177,15,25,-10,0,0,0,0,0,0,0,0,1
1a0t,R,407,TYR,-1.3,193.6,0.0,1,1,X,0.0,0.0,0.0,0.0,0.0,0.0,0.0,0.0,25,0.035436842797804825,28,33,-5,0,0,0,0,0,0,0,0,1
1a0t,R,408,ASN,-3.5,114.1,0.0,2,2,X,0.0,0.0,0.0,0.0,0.0,0.0,0.0,0.0,17,0.025178809356335007,13,22,-9,0,0,0,0,0,0,0,0,1
1a0t,R,409,ASP,-3.5,111.1,-1.0,1,3,X,0.0,0.0,0.0,0.0,0.0,0.0,0.0,0.0,14,0.028909003335051305,11,12,-1,0,0,0,0,0,0,0,0,1
1a0t,R,410,ARG,-4.5,173.4,1.0,5,0,X,0.0,0.0,0.0,0.0,0.0,0.0,0.0,0.0,23,0.043829779249916496,4,34,-30,0,0,0,0,0,0,0,0,1
1a0t,R,411,GLN,-3.5,143.8,0.0,2,2,X,0.0,0.0,0.0,0.0,0.0,0.0,0.0,0.0,22,0.03776821403450251,22,18,4,0,0,0,0,0,0,0,0,1
1a0t,R,412,ALA,1.8,88.6,0.0,0,0,X,0.0,0.0,0.0,0.0,0.0,0.0,0.0,0.0,24,0.03870076252918159,24,21,3,0,0,0,0,0,0,0,0,1
1a0t,R,413,VAL,4.2,140.0,0.0,0,0,X,0.0,0.0,0.0,0.0,0.0,0.0,0.0,0.0,29,0.04616115048661418,28,10,18,0,0,0,0,0,0,0,0,1
1a0t,R,414,ASN,-3.5,114.1,0.0,2,2,X,0.0,0.0,0.0,0.0,0.0,0.0,0.0,0.0,23,0.03823448828184205,21,8,13,0,0,0,0,0,0,0,0,1
1a0t,R,415,GLY,-0.4,60.1,0.0,0,0,X,0.0,0.0,0.0,0.0,0.0,0.0,0.0,0.0,26,0.040565859518539735,15,10,5,0,0,0,0,0,0,0,0,1
1a0t,R,416,SER,-0.8,89.0,0.0,1,1,X,0.0,0.0,0.0,0.0,0.0,0.0,0.0,0.0,27,0.04243095650789788,10,10,0,0,0,0,0,0,0,0,0,1
1a0t,R,417,PHE,2.8,189.9,0.0,0,0,X,0.0,0.0,0.0,0.0,0.0,0.0,0.0,0.0,39,0.0526889899493677,10,10,0,0,0,0,0,0,0,0,0,1
1a0t,R,418,TYR,-1.3,193.6,0.0,1,1,X,0.0,0.0,0.0,0.0,0.0,0.0,0.0,0.0,24,0.04616115048661418,7,8,-1,0,0,0,0,0,0,0,0,1
1a0t,R,419,LYS,-3.9,168.6,1.0,2,0,X,0.0,0.0,0.0,0.0,0.0,0.0,0.0,0.0,38,0.048026247475972325,7,16,-9,0,0,0,0,0,0,0,0,1
1a0t,R,420,LEU,3.8,166.7,0.0,0,0,X,0.0,0.0,0.0,0.0,0.0,0.0,0.0,0.0,24,0.035436842797804825,9,16,-7,0,0,0,0,0,0,0,0,1
1a0t,R,421,THR,-0.7,116.1,0.0,1,1,X,0.0,0.0,0.0,0.0,0.0,0.0,0.0,0.0,33,0.045228601991935104,25,10,15,0,0,0,0,0,0,0,0,1
1a0t,R,422,PHE,2.8,189.9,0.0,0,0,X,0.0,0.0,0.0,0.0,0.0,0.0,0.0,0.0,26,0.04149840801321881,4,5,-1,0,0,0,0,0,0,0,0,1
1a0t,R,423,ALA,1.8,88.6,0.0,0,0,X,0.0,0.0,0.0,0.0,0.0,0.0,0.0,0.0,29,0.05035761871267001,18,12,6,0,0,0,0,0,0,0,0,1
1a0t,R,424,PRO,-1.6,112.7,0.0,0,0,X,0.0,0.0,0.0,0.0,0.0,0.0,0.0,0.0,27,0.04196468226055834,10,4,6,0,0,0,0,0,0,0,0,1
1a0t,R,425,THR,-0.7,116.1,0.0,1,1,X,0.0,0.0,0.0,0.0,0.0,0.0,0.0,0.0,37,0.048958795970651406,25,9,16,0,0,0,0,0,0,0,0,1
1a0t,R,426,PHE,2.8,189.9,0.0,0,0,X,0.0,0.0,0.0,0.0,0.0,0.0,0.0,0.0,34,0.048026247475972325,17,10,7,0,0,0,0,0,0,0,0,1
1a0t,R,427,LYS,-3.9,168.6,1.0,2,0,X,0.0,0.0,0.0,0.0,0.0,0.0,0.0,0.0,40,0.04662742473395372,19,17,2,0,0,0,0,0,0,0,0,1
1a0t,R,428,VAL,4.2,140.0,0.0,0,0,X,0.0,0.0,0.0,0.0,0.0,0.0,0.0,0.0,35,0.043363505002576956,15,11,4,0,0,0,0,0,0,0,0,1
1a0t,R,429,GLY,-0.4,60.1,0.0,0,0,X,0.0,0.0,0.0,0.0,0.0,0.0,0.0,0.0,29,0.03450429430312575,18,16,2,0,0,0,0,0,0,0,0,1
1a0t,R,430,SER,-0.8,89.0,0.0,1,1,X,0.0,0.0,0.0,0.0,0.0,0.0,0.0,0.0,23,0.02471253510899547,14,12,2,0,0,0,0,0,0,0,0,1
1a0t,R,431,ILE,4.5,166.7,0.0,0,0,X,0.0,0.0,0.0,0.0,0.0,0.0,0.0,0.0,31,0.04196468226055834,13,16,-3,0,0,0,0,0,0,0,0,1
1a0t,R,432,GLY,-0.4,60.1,0.0,0,0,X,0.0,0.0,0.0,0.0,0.0,0.0,0.0,0.0,29,0.03916703677652112,5,14,-9,0,0,0,0,0,0,0,0,1
1a0t,R,433,ASP,-3.5,111.1,-1.0,1,3,X,0.0,0.0,0.0,0.0,0.0,0.0,0.0,0.0,21,0.03124037457174899,16,3,13,0,0,0,0,0,0,0,0,1
1a0t,R,434,PHE,2.8,189.9,0.0,0,0,X,0.0,0.0,0.0,0.0,0.0,0.0,0.0,0.0,33,0.04103213376587927,33,14,19,0,0,0,0,0,0,0,0,1
1a0t,R,435,PHE,2.8,189.9,0.0,0,0,X,0.0,0.0,0.0,0.0,0.0,0.0,0.0,0.0,24,0.03310547156110714,28,19,9,0,0,0,0,0,0,0,0,1
1a0t,R,436,SER,-0.8,89.0,0.0,1,1,X,0.0,0.0,0.0,0.0,0.0,0.0,0.0,0.0,25,0.03776821403450251,27,23,4,0,0,0,0,0,0,0,0,1
1a0t,R,437,ARG,-4.5,173.4,1.0,5,0,X,0.0,0.0,0.0,0.0,0.0,0.0,0.0,0.0,33,0.04103213376587927,31,26,5,0,0,0,0,0,0,0,0,1
1a0t,R,438,PRO,-1.6,112.7,0.0,0,0,X,0.0,0.0,0.0,0.0,0.0,0.0,0.0,0.0,35,0.048958795970651406,37,22,15,0,0,0,0,0,0,0,0,1
1a0t,R,439,GLU,-3.5,138.4,-1.0,1,3,X,0.0,0.0,0.0,0.0,0.0,0.0,0.0,0.0,40,0.04942507021799094,39,11,28,0,0,0,0,0,0,0,0,1
1a0t,R,440,ILE,4.5,166.7,0.0,0,0,X,0.0,0.0,0.0,0.0,0.0,0.0,0.0,0.0,41,0.05502036118606539,26,22,4,0,0,0,0,0,0,0,0,1
1a0t,R,441,ARG,-4.5,173.4,1.0,5,0,X,0.0,0.0,0.0,0.0,0.0,0.0,0.0,0.0,45,0.050823892960009553,32,18,14,0,0,0,0,0,0,0,0,1
1a0t,R,442,PHE,2.8,189.9,0.0,0,0,X,0.0,0.0,0.0,0.0,0.0,0.0,0.0,0.0,28,0.03870076252918159,9,3,6,0,0,0,0,0,0,0,0,1
1a0t,R,443,TYR,-1.3,193.6,0.0,1,1,X,0.0,0.0,0.0,0.0,0.0,0.0,0.0,0.0,34,0.04755997322863279,14,0,14,0,0,0,0,0,0,0,0,1
1a0t,R,444,THR,-0.7,116.1,0.0,1,1,X,0.0,0.0,0.0,0.0,0.0,0.0,0.0,0.0,29,0.04243095650789788,6,5,1,0,0,0,0,0,0,0,0,1
1a0t,R,445,SER,-0.8,89.0,0.0,1,1,X,0.0,0.0,0.0,0.0,0.0,0.0,0.0,0.0,35,0.04942507021799094,12,16,-4,0,0,0,0,0,0,0,0,1
1a0t,R,446,TRP,-0.9,227.8,0.0,1,0,X,0.0,0.0,0.0,0.0,0.0,0.0,0.0,0.0,22,0.04243095650789788,9,19,-10,0,0,0,0,0,0,0,0,1
1a0t,R,447,MET,1.9,162.9,0.0,0,0,X,0.0,0.0,0.0,0.0,0.0,0.0,0.0,0.0,36,0.05129016720734909,15,18,-3,0,0,0,0,0,0,0,0,1
1a0t,R,448,ASP,-3.5,111.1,-1.0,1,3,X,0.0,0.0,0.0,0.0,0.0,0.0,0.0,0.0,24,0.04476232774459557,10,9,1,0,0,0,0,0,0,0,0,1
1a0t,R,449,TRP,-0.9,227.8,0.0,1,0,X,0.0,0.0,0.0,0.0,0.0,0.0,0.0,0.0,32,0.04289723075523742,14,18,-4,0,0,0,0,0,0,0,0,1
1a0t,R,450,SER,-0.8,89.0,0.0,1,1,X,0.0,0.0,0.0,0.0,0.0,0.0,0.0,0.0,23,0.03450429430312575,18,8,10,0,0,0,0,0,0,0,0,1
1a0t,R,451,LYS,-3.9,168.6,1.0,2,0,X,0.0,0.0,0.0,0.0,0.0,0.0,0.0,0.0,17,0.03357174580844668,9,3,6,0,0,0,0,0,0,0,0,1
1a0t,R,452,LYS,-3.9,168.6,1.0,2,0,X,0.0,0.0,0.0,0.0,0.0,0.0,0.0,0.0,20,0.03403802005578621,9,3,6,0,0,0,0,0,0,0,0,1
1a0t,R,453,LEU,3.8,166.7,0.0,0,0,X,0.0,0.0,0.0,0.0,0.0,0.0,0.0,0.0,33,0.05129016720734909,18,10,8,0,0,0,0,0,0,0,0,1
1a0t,R,454,ASN,-3.5,114.1,0.0,2,2,X,0.0,0.0,0.0,0.0,0.0,0.0,0.0,0.0,30,0.045228601991935104,17,11,6,0,0,0,0,0,0,0,0,1
1a0t,R,455,ASN,-3.5,114.1,0.0,2,2,X,0.0,0.0,0.0,0.0,0.0,0.0,0.0,0.0,23,0.0363693912924839,24,9,15,0,0,0,0,0,0,0,0,1
1a0t,R,456,TYR,-1.3,193.6,0.0,1,1,X,0.0,0.0,0.0,0.0,0.0,0.0,0.0,0.0,34,0.048958795970651406,19,34,-15,0,0,0,0,0,0,0,0,1
1a0t,R,457,ALA,1.8,88.6,0.0,0,0,X,0.0,0.0,0.0,0.0,0.0,0.0,0.0,0.0,26,0.040565859518539735,14,29,-15,0,0,0,0,0,0,0,0,1
1a0t,R,458,SER,-0.8,89.0,0.0,1,1,X,0.0,0.0,0.0,0.0,0.0,0.0,0.0,0.0,17,0.026577632098353617,10,26,-16,0,0,0,0,0,0,0,0,1
1a0t,R,459,ASP,-3.5,111.1,-1.0,1,3,X,0.0,0.0,0.0,0.0,0.0,0.0,0.0,0.0,18,0.02098234113027917,10,20,-10,0,0,0,0,0,0,0,0,1
1a0t,R,460,ASP,-3.5,111.1,-1.0,1,3,X,0.0,0.0,0.0,0.0,0.0,0.0,0.0,0.0,28,0.03730193978716297,15,17,-2,0,0,0,0,0,0,0,0,1
1a0t,R,461,ALA,1.8,88.6,0.0,0,0,X,0.0,0.0,0.0,0.0,0.0,0.0,0.0,0.0,28,0.03916703677652112,9,25,-16,0,0,0,0,0,0,0,0,1
1a0t,R,462,LEU,3.8,166.7,0.0,0,0,X,0.0,0.0,0.0,0.0,0.0,0.0,0.0,0.0,38,0.050823892960009553,18,25,-7,0,0,0,0,0,0,0,0,1
1a0t,R,463,GLY,-0.4,60.1,0.0,0,0,X,0.0,0.0,0.0,0.0,0.0,0.0,0.0,0.0,25,0.040565859518539735,12,25,-13,0,0,0,0,0,0,0,0,1
1a0t,R,464,SER,-0.8,89.0,0.0,1,1,X,0.0,0.0,0.0,0.0,0.0,0.0,0.0,0.0,22,0.03310547156110714,8,25,-17,0,0,0,0,0,0,0,0,1
1a0t,R,465,ASP,-3.5,111.1,-1.0,1,3,X,0.0,0.0,0.0,0.0,0.0,0.0,0.0,0.0,18,0.019117244140921023,6,6,0,0,0,0,0,0,0,0,0,1
1a0t,R,466,GLY,-0.4,60.1,0.0,0,0,X,0.0,0.0,0.0,0.0,0.0,0.0,0.0,0.0,22,0.027510180593032695,9,20,-11,0,0,0,0,0,0,0,0,1
1a0t,R,467,PHE,2.8,189.9,0.0,0,0,X,0.0,0.0,0.0,0.0,0.0,0.0,0.0,0.0,27,0.043363505002576956,9,26,-17,0,0,0,0,0,0,0,0,1
1a0t,R,468,ASN,-3.5,114.1,0.0,2,2,X,0.0,0.0,0.0,0.0,0.0,0.0,0.0,0.0,22,0.03730193978716297,12,17,-5,0,0,0,0,0,0,0,0,1
1a0t,R,469,SER,-0.8,89.0,0.0,1,1,X,0.0,0.0,0.0,0.0,0.0,0.0,0.0,0.0,20,0.02844272908771177,7,22,-15,0,0,0,0,0,0,0,0,1
1a0t,R,470,GLY,-0.4,60.1,0.0,0,0,X,0.0,0.0,0.0,0.0,0.0,0.0,0.0,0.0,20,0.030307826077069916,6,18,-12,0,0,0,0,0,0,0,0,1
1a0t,R,471,GLY,-0.4,60.1,0.0,0,0,X,0.0,0.0,0.0,0.0,0.0,0.0,0.0,0.0,18,0.03310547156110714,0,22,-22,0,0,0,0,0,0,0,0,1
1a0t,R,472,GLU,-3.5,138.4,-1.0,1,3,X,0.0,0.0,0.0,0.0,0.0,0.0,0.0,0.0,28,0.04616115048661418,6,15,-9,0,0,0,0,0,0,0,0,1
1a0t,R,473,TRP,-0.9,227.8,0.0,1,0,X,0.0,0.0,0.0,0.0,0.0,0.0,0.0,0.0,20,0.04476232774459557,0,20,-20,0,0,0,0,0,0,0,0,1
1a0t,R,474,SER,-0.8,89.0,0.0,1,1,X,0.0,0.0,0.0,0.0,0.0,0.0,0.0,0.0,35,0.048958795970651406,8,16,-8,0,0,0,0,0,0,0,0,1
1a0t,R,475,PHE,2.8,189.9,0.0,0,0,X,0.0,0.0,0.0,0.0,0.0,0.0,0.0,0.0,25,0.04149840801321881,0,11,-11,0,0,0,0,0,0,0,0,1
1a0t,R,476,GLY,-0.4,60.1,0.0,0,0,X,0.0,0.0,0.0,0.0,0.0,0.0,0.0,0.0,35,0.04196468226055834,7,0,7,0,0,0,0,0,0,0,0,1
1a0t,R,477,VAL,4.2,140.0,0.0,0,0,X,0.0,0.0,0.0,0.0,0.0,0.0,0.0,0.0,39,0.045694876239274644,11,3,8,0,0,0,0,0,0,0,0,1
1a0t,R,478,GLN,-3.5,143.8,0.0,2,2,X,0.0,0.0,0.0,0.0,0.0,0.0,0.0,0.0,44,0.053621538444046775,32,24,8,0,0,0,0,0,0,0,0,1
1a0t,R,479,MET,1.9,162.9,0.0,0,0,X,0.0,0.0,0.0,0.0,0.0,0.0,0.0,0.0,42,0.05408781269138631,38,24,14,0,0,0,0,0,0,0,0,1
1a0t,R,480,GLU,-3.5,138.4,-1.0,1,3,X,0.0,0.0,0.0,0.0,0.0,0.0,0.0,0.0,37,0.05408781269138631,56,10,46,0,0,0,0,0,0,0,0,1
1a0t,R,481,THR,-0.7,116.1,0.0,1,1,X,0.0,0.0,0.0,0.0,0.0,0.0,0.0,0.0,34,0.05129016720734909,45,23,22,0,0,0,0,0,0,0,0,1
1a0t,R,482,TRP,-0.9,227.8,0.0,1,0,X,0.0,0.0,0.0,0.0,0.0,0.0,0.0,0.0,26,0.04196468226055834,36,24,12,0,0,0,0,0,0,0,0,1
1a0t,R,483,PHE,2.8,189.9,0.0,0,0,X,0.0,0.0,0.0,0.0,0.0,0.0,0.0,0.0,29,0.029375277582390842,33,18,15,0,0,0,0,0,0,0,0,1
