pdb_id,chain_id,residue_id,residue_name,hydrophobicity,volume,charge,hbond_donor,hbond_acceptor,ss_type,rel_asa,phi,psi,hse_up,hse_down,hse_ratio,residue_depth,ca_depth,neighbor_count,atom_density,pos_charged_neighbors,neg_charged_neighbors,net_charge_environment,ss_H,ss_B,ss_E,ss_G,ss_I,ss_T,ss_S,ss_ ,ss_X
1ado,A,1,PRO,-1.6,112.7,0.0,0,0,X,0.0,0.0,0.0,0.0,0.0,0.0,0.0,0.0,30,0.03776821403450251,55,10,45,0,0,0,0,0,0,0,0,1
1ado,A,2,HIS,-3.2,153.2,0.1,2,1,X,0.0,0.0,0.0,0.0,0.0,0.0,0.0,0.0,23,0.03357174580844668,47,14,33,0,0,0,0,0,0,0,0,1
1ado,A,3,SER,-0.8,89.0,0.0,1,1,X,0.0,0.0,0.0,0.0,0.0,0.0,0.0,0.0,22,0.0363693912924839,58,4,54,0,0,0,0,0,0,0,0,1
1ado,A,4,HIS,-3.2,153.2,0.1,2,1,X,0.0,0.0,0.0,0.0,0.0,0.0,0.0,0.0,20,0.03170664881908853,28,7,21,0,0,0,0,0,0,0,0,1
1ado,A,5,PRO,-1.6,112.7,0.0,0,0,X,0.0,0.0,0.0,0.0,0.0,0.0,0.0,0.0,18,0.02611135785101408,30,0,30,0,0,0,0,0,0,0,0,1
1ado,A,6,ALA,1.8,88.6,0.0,0,0,X,0.0,0.0,0.0,0.0,0.0,0.0,0.0,0.0,25,0.035436842797804825,28,0,28,0,0,0,0,0,0,0,0,1
1ado,A,7,LEU,3.8,166.7,0.0,0,0,X,0.0,0.0,0.0,0.0,0.0,0.0,0.0,0.0,28,0.03776821403450251,24,11,13,0,0,0,0,0,0,0,0,1
1ado,A,8,THR,-0.7,116.1,0.0,1,1,X,0.0,0.0,0.0,0.0,0.0,0.0,0.0,0.0,14,0.02844272908771177,16,13,3,0,0,0,0,0,0,0,0,1
1ado,A,9,PRO,-1.6,112.7,0.0,0,0,X,0.0,0.0,0.0,0.0,0.0,0.0,0.0,0.0,14,0.02611135785101408,21,13,8,0,0,0,0,0,0,0,0,1
1ado,A,10,GLU,-3.5,138.4,-1.0,1,3,X,0.0,0.0,0.0,0.0,0.0,0.0,0.0,0.0,10,0.02797645484037223,18,10,8,0,0,0,0,0,0,0,0,1
1ado,A,11,GLN,-3.5,143.8,0.0,2,2,X,0.0,0.0,0.0,0.0,0.0,0.0,0.0,0.0,21,0.03823448828184205,17,18,-1,0,0,0,0,0,0,0,0,1
1ado,A,12,LYS,-3.9,168.6,1.0,2,0,X,0.0,0.0,0.0,0.0,0.0,0.0,0.0,0.0,25,0.045228601991935104,16,31,-15,0,0,0,0,0,0,0,0,1
1ado,A,13,LYS,-3.9,168.6,1.0,2,0,X,0.0,0.0,0.0,0.0,0.0,0.0,0.0,0.0,16,0.032172923066428064,14,29,-15,0,0,0,0,0,0,0,0,1
1ado,A,14,GLU,-3.5,138.4,-1.0,1,3,X,0.0,0.0,0.0,0.0,0.0,0.0,0.0,0.0,27,0.03590311704514436,27,24,3,0,0,0,0,0,0,0,0,1
1ado,A,15,LEU,3.8,166.7,0.0,0,0,X,0.0,0.0,0.0,0.0,0.0,0.0,0.0,0.0,35,0.05222271570202816,30,37,-7,0,0,0,0,0,0,0,0,1
1ado,A,16,SER,-0.8,89.0,0.0,1,1,X,0.0,0.0,0.0,0.0,0.0,0.0,0.0,0.0,29,0.04755997322863279,37,29,8,0,0,0,0,0,0,0,0,1
1ado,A,17,ASP,-3.5,111.1,-1.0,1,3,X,0.0,0.0,0.0,0.0,0.0,0.0,0.0,0.0,22,0.03450429430312575,36,20,16,0,0,0,0,0,0,0,0,1
1ado,A,18,ILE,4.5,166.7,0.0,0,0,X,0.0,0.0,0.0,0.0,0.0,0.0,0.0,0.0,34,0.04709369898129325,33,27,6,0,0,0,0,0,0,0,0,1
1ado,A,19,ALA,1.8,88.6,0.0,0,0,X,0.0,0.0,0.0,0.0,0.0,0.0,0.0,0.0,39,0.05222271570202816,25,23,2,0,0,0,0,0,0,0,0,1
1ado,A,20,HIS,-3.2,153.2,0.1,2,1,X,0.0,0.0,0.0,0.0,0.0,0.0,0.0,0.0,28,0.03963331102386066,15,16,-1,0,0,0,0,0,0,0,0,1
1ado,A,21,ARG,-4.5,173.4,1.0,5,0,X,0.0,0.0,0.0,0.0,0.0,0.0,0.0,0.0,25,0.03590311704514436,16,20,-4,0,0,0,0,0,0,0,0,1
1ado,A,22,ILE,4.5,166.7,0.0,0,0,X,0.0,0.0,0.0,0.0,0.0,0.0,0.0,0.0,42,0.048026247475972325,30,11,19,0,0,0,0,0,0,0,0,1
1ado,A,23,VAL,4.2,140.0,0.0,0,0,X,0.0,0.0,0.0,0.0,0.0,0.0,0.0,0.0,39,0.048958795970651406,26,3,23,0,0,0,0,0,0,0,0,1
1ado,A,24,ALA,1.8,88.6,0.0,0,0,X,0.0,0.0,0.0,0.0,0.0,0.0,0.0,0.0,32,0.02984155182973038,27,1,26,0,0,0,0,0,0,0,0,1
1ado,A,25,PRO,-1.6,112.7,0.0,0,0,X,0.0,0.0,0.0,0.0,0.0,0.0,0.0,0.0,22,0.026577632098353617,23,0,23,0,0,0,0,0,0,0,0,1
1ado,A,26,GLY,-0.4,60.1,0.0,0,0,X,0.0,0.0,0.0,0.0,0.0,0.0,0.0,0.0,34,0.03963331102386066,19,0,19,0,0,0,0,0,0,0,0,1
1ado,A,27,LYS,-3.9,168.6,1.0,2,0,X,0.0,0.0,0.0,0.0,0.0,0.0,0.0,0.0,36,0.04989134446533048,11,0,11,0,0,0,0,0,0,0,0,1
1ado,A,28,GLY,-0.4,60.1,0.0,0,0,X,0.0,0.0,0.0,0.0,0.0,0.0,0.0,0.0,47,0.053155264196707235,15,0,15,0,0,0,0,0,0,0,0,1
1ado,A,29,ILE,4.5,166.7,0.0,0,0,X,0.0,0.0,0.0,0.0,0.0,0.0,0.0,0.0,46,0.05222271570202816,18,3,15,0,0,0,0,0,0,0,0,1
1ado,A,30,LEU,3.8,166.7,0.0,0,0,X,0.0,0.0,0.0,0.0,0.0,0.0,0.0,0.0,38,0.04942507021799094,13,12,1,0,0,0,0,0,0,0,0,1
1ado,A,31,ALA,1.8,88.6,0.0,0,0,X,0.0,0.0,0.0,0.0,0.0,0.0,0.0,0.0,38,0.045694876239274644,29,20,9,0,0,0,0,0,0,0,0,1
1ado,A,32,ALA,1.8,88.6,0.0,0,0,X,0.0,0.0,0.0,0.0,0.0,0.0,0.0,0.0,38,0.04616115048661418,33,17,16,0,0,0,0,0,0,0,0,1
1ado,A,33,ASP,-3.5,111.1,-1.0,1,3,X,0.0,0.0,0.0,0.0,0.0,0.0,0.0,0.0,36,0.045694876239274644,40,18,22,0,0,0,0,0,0,0,0,1
1ado,A,34,GLU,-3.5,138.4,-1.0,1,3,X,0.0,0.0,0.0,0.0,0.0,0.0,0.0,0.0,31,0.04149840801321881,44,11,33,0,0,0,0,0,0,0,0,1
1ado,A,35,SER,-0.8,89.0,0.0,1,1,X,0.0,0.0,0.0,0.0,0.0,0.0,0.0,0.0,22,0.03450429430312575,39,26,13,0,0,0,0,0,0,0,0,1
1ado,A,36,THR,-0.7,116.1,0.0,1,1,X,0.0,0.0,0.0,0.0,0.0,0.0,0.0,0.0,22,0.03310547156110714,25,24,1,0,0,0,0,0,0,0,0,1
1ado,A,37,GLY,-0.4,60.1,0.0,0,0,X,0.0,0.0,0.0,0.0,0.0,0.0,0.0,0.0,16,0.02611135785101408,29,10,19,0,0,0,0,0,0,0,0,1
1ado,A,38,SER,-0.8,89.0,0.0,1,1,X,0.0,0.0,0.0,0.0,0.0,0.0,0.0,0.0,19,0.032639197313767604,32,17,15,0,0,0,0,0,0,0,0,1
1ado,A,39,ILE,4.5,166.7,0.0,0,0,X,0.0,0.0,0.0,0.0,0.0,0.0,0.0,0.0,31,0.04616115048661418,41,22,19,0,0,0,0,0,0,0,0,1
1ado,A,40,ALA,1.8,88.6,0.0,0,0,X,0.0,0.0,0.0,0.0,0.0,0.0,0.0,0.0,22,0.04103213376587927,32,13,19,0,0,0,0,0,0,0,0,1
1ado,A,41,LYS,-3.9,168.6,1.0,2,0,X,0.0,0.0,0.0,0.0,0.0,0.0,0.0,0.0,17,0.03450429430312575,11,6,5,0,0,0,0,0,0,0,0,1
1ado,A,42,ARG,-4.5,173.4,1.0,5,0,X,0.0,0.0,0.0,0.0,0.0,0.0,0.0,0.0,30,0.040565859518539735,27,18,9,0,0,0,0,0,0,0,0,1
1ado,A,43,LEU,3.8,166.7,0.0,0,0,X,0.0,0.0,0.0,0.0,0.0,0.0,0.0,0.0,30,0.04942507021799094,34,11,23,0,0,0,0,0,0,0,0,1
1ado,A,44,GLN,-3.5,143.8,0.0,2,2,X,0.0,0.0,0.0,0.0,0.0,0.0,0.0,0.0,19,0.03357174580844668,15,9,6,0,0,0,0,0,0,0,0,1
1ado,A,45,SER,-0.8,89.0,0.0,1,1,X,0.0,0.0,0.0,0.0,0.0,0.0,0.0,0.0,22,0.032172923066428064,23,10,13,0,0,0,0,0,0,0,0,1
1ado,A,46,ILE,4.5,166.7,0.0,0,0,X,0.0,0.0,0.0,0.0,0.0,0.0,0.0,0.0,28,0.032639197313767604,23,6,17,0,0,0,0,0,0,0,0,1
1ado,A,47,GLY,-0.4,60.1,0.0,0,0,X,0.0,0.0,0.0,0.0,0.0,0.0,0.0,0.0,19,0.024246260861655933,11,8,3,0,0,0,0,0,0,0,0,1
1ado,A,48,THR,-0.7,116.1,0.0,1,1,X,0.0,0.0,0.0,0.0,0.0,0.0,0.0,0.0,21,0.0363693912924839,17,10,7,0,0,0,0,0,0,0,0,1
1ado,A,49,GLU,-3.5,138.4,-1.0,1,3,X,0.0,0.0,0.0,0.0,0.0,0.0,0.0,0.0,15,0.03170664881908853,9,10,-1,0,0,0,0,0,0,0,0,1
1ado,A,50,ASN,-3.5,114.1,0.0,2,2,X,0.0,0.0,0.0,0.0,0.0,0.0,0.0,0.0,24,0.04196468226055834,27,24,3,0,0,0,0,0,0,0,0,1
1ado,A,51,THR,-0.7,116.1,0.0,1,1,X,0.0,0.0,0.0,0.0,0.0,0.0,0.0,0.0,19,0.03357174580844668,19,31,-12,0,0,0,0,0,0,0,0,1
1ado,A,52,GLU,-3.5,138.4,-1.0,1,3,X,0.0,0.0,0.0,0.0,0.0,0.0,0.0,0.0,20,0.03590311704514436,29,20,9,0,0,0,0,0,0,0,0,1
1ado,A,53,GLU,-3.5,138.4,-1.0,1,3,X,0.0,0.0,0.0,0.0,0.0,0.0,0.0,0.0,20,0.03450429430312575,33,20,13,0,0,0,0,0,0,0,0,1
1ado,A,54,ASN,-3.5,114.1,0.0,2,2,X,0.0,0.0,0.0,0.0,0.0,0.0,0.0,0.0,28,0.048026247475972325,33,26,7,0,0,0,0,0,0,0,0,1
1ado,A,55,ARG,-4.5,173.4,1.0,5,0,X,0.0,0.0,0.0,0.0,0.0,0.0,0.0,0.0,30,0.053621538444046775,21,41,-20,0,0,0,0,0,0,0,0,1
1ado,A,56,ARG,-4.5,173.4,1.0,5,0,X,0.0,0.0,0.0,0.0,0.0,0.0,0.0,0.0,25,0.05408781269138631,30,34,-4,0,0,0,0,0,0,0,0,1
1ado,A,57,PHE,2.8,189.9,0.0,0,0,X,0.0,0.0,0.0,0.0,0.0,0.0,0.0,0.0,30,0.04662742473395372,41,18,23,0,0,0,0,0,0,0,0,1
1ado,A,58,TYR,-1.3,193.6,0.0,1,1,X,0.0,0.0,0.0,0.0,0.0,0.0,0.0,0.0,42,0.04616115048661418,34,8,26,0,0,0,0,0,0,0,0,1
1ado,A,59,ARG,-4.5,173.4,1.0,5,0,X,0.0,0.0,0.0,0.0,0.0,0.0,0.0,0.0,37,0.04755997322863279,25,30,-5,0,0,0,0,0,0,0,0,1
1ado,A,60,GLN,-3.5,143.8,0.0,2,2,X,0.0,0.0,0.0,0.0,0.0,0.0,0.0,0.0,28,0.05175644145468863,35,22,13,0,0,0,0,0,0,0,0,1
1ado,A,61,LEU,3.8,166.7,0.0,0,0,X,0.0,0.0,0.0,0.0,0.0,0.0,0.0,0.0,34,0.05222271570202816,25,9,16,0,0,0,0,0,0,0,0,1
1ado,A,62,LEU,3.8,166.7,0.0,0,0,X,0.0,0.0,0.0,0.0,0.0,0.0,0.0,0.0,41,0.048958795970651406,18,12,6,0,0,0,0,0,0,0,0,1
1ado,A,63,LEU,3.8,166.7,0.0,0,0,X,0.0,0.0,0.0,0.0,0.0,0.0,0.0,0.0,38,0.045228601991935104,29,4,25,0,0,0,0,0,0,0,0,1
1ado,A,64,THR,-0.7,116.1,0.0,1,1,X,0.0,0.0,0.0,0.0,0.0,0.0,0.0,0.0,27,0.035436842797804825,18,24,-6,0,0,0,0,0,0,0,0,1
1ado,A,65,ALA,1.8,88.6,0.0,0,0,X,0.0,0.0,0.0,0.0,0.0,0.0,0.0,0.0,27,0.04149840801321881,28,25,3,0,0,0,0,0,0,0,0,1
1ado,A,66,ASP,-3.5,111.1,-1.0,1,3,X,0.0,0.0,0.0,0.0,0.0,0.0,0.0,0.0,21,0.03403802005578621,25,18,7,0,0,0,0,0,0,0,0,1
1ado,A,67,ASP,-3.5,111.1,-1.0,1,3,X,0.0,0.0,0.0,0.0,0.0,0.0,0.0,0.0,15,0.028909003335051305,20,8,12,0,0,0,0,0,0,0,0,1
1ado,A,68,ARG,-4.5,173.4,1.0,5,0,X,0.0,0.0,0.0,0.0,0.0,0.0,0.0,0.0,19,0.03357174580844668,10,26,-16,0,0,0,0,0,0,0,0,1
1ado,A,69,VAL,4.2,140.0,0.0,0,0,X,0.0,0.0,0.0,0.0,0.0,0.0,0.0,0.0,35,0.048492521723311866,33,19,14,0,0,0,0,0,0,0,0,1
1ado,A,70,ASN,-3.5,114.1,0.0,2,2,X,0.0,0.0,0.0,0.0,0.0,0.0,0.0,0.0,25,0.03730193978716297,26,16,10,0,0,0,0,0,0,0,0,1
1ado,A,71,PRO,-1.6,112.7,0.0,0,0,X,0.0,0.0,0.0,0.0,0.0,0.0,0.0,0.0,28,0.03170664881908853,24,10,14,0,0,0,0,0,0,0,0,1
1ado,A,72,CYS,2.5,108.5,0.0,1,0,X,0.0,0.0,0.0,0.0,0.0,0.0,0.0,0.0,38,0.045694876239274644,29,5,24,0,0,0,0,0,0,0,0,1
1ado,A,73,ILE,4.5,166.7,0.0,0,0,X,0.0,0.0,0.0,0.0,0.0,0.0,0.0,0.0,46,0.04942507021799094,27,3,24,0,0,0,0,0,0,0,0,1
1ado,A,74,GLY,-0.4,60.1,0.0,0,0,X,0.0,0.0,0.0,0.0,0.0,0.0,0.0,0.0,39,0.048492521723311866,32,1,31,0,0,0,0,0,0,0,0,1
1ado,A,75,GLY,-0.4,60.1,0.0,0,0,X,0.0,0.0,0.0,0.0,0.0,0.0,0.0,0.0,42,0.04755997322863279,20,2,18,0,0,0,0,0,0,0,0,1
1ado,A,76,VAL,4.2,140.0,0.0,0,0,X,0.0,0.0,0.0,0.0,0.0,0.0,0.0,0.0,44,0.04942507021799094,9,8,1,0,0,0,0,0,0,0,0,1
1ado,A,77,ILE,4.5,166.7,0.0,0,0,X,0.0,0.0,0.0,0.0,0.0,0.0,0.0,0.0,44,0.0526889899493677,26,20,6,0,0,0,0,0,0,0,0,1
1ado,A,78,LEU,3.8,166.7,0.0,0,0,X,0.0,0.0,0.0,0.0,0.0,0.0,0.0,0.0,37,0.05175644145468863,31,25,6,0,0,0,0,0,0,0,0,1
1ado,A,79,PHE,2.8,189.9,0.0,0,0,X,0.0,0.0,0.0,0.0,0.0,0.0,0.0,0.0,27,0.048958795970651406,36,29,7,0,0,0,0,0,0,0,0,1
1ado,A,80,HIS,-3.2,153.2,0.1,2,1,X,0.0,0.0,0.0,0.0,0.0,0.0,0.0,0.0,23,0.04103213376587927,19,19,0,0,0,0,0,0,0,0,0,1
1ado,A,81,GLU,-3.5,138.4,-1.0,1,3,X,0.0,0.0,0.0,0.0,0.0,0.0,0.0,0.0,26,0.03730193978716297,37,19,18,0,0,0,0,0,0,0,0,1
1ado,A,82,THR,-0.7,116.1,0.0,1,1,X,0.0,0.0,0.0,0.0,0.0,0.0,0.0,0.0,34,0.048026247475972325,48,26,22,0,0,0,0,0,0,0,0,1
1ado,A,83,LEU,3.8,166.7,0.0,0,0,X,0.0,0.0,0.0,0.0,0.0,0.0,0.0,0.0,31,0.048492521723311866,25,16,9,0,0,0,0,0,0,0,0,1
1ado,A,84,TYR,-1.3,193.6,0.0,1,1,X,0.0,0.0,0.0,0.0,0.0,0.0,0.0,0.0,20,0.03823448828184205,19,18,1,0,0,0,0,0,0,0,0,1
1ado,A,85,GLN,-3.5,143.8,0.0,2,2,X,0.0,0.0,0.0,0.0,0.0,0.0,0.0,0.0,25,0.04149840801321881,51,29,22,0,0,0,0,0,0,0,0,1
1ado,A,86,LYS,-3.9,168.6,1.0,2,0,X,0.0,0.0,0.0,0.0,0.0,0.0,0.0,0.0,20,0.04196468226055834,18,19,-1,0,0,0,0,0,0,0,0,1
1ado,A,87,ALA,1.8,88.6,0.0,0,0,X,0.0,0.0,0.0,0.0,0.0,0.0,0.0,0.0,22,0.043363505002576956,34,19,15,0,0,0,0,0,0,0,0,1
1ado,A,88,ASP,-3.5,111.1,-1.0,1,3,X,0.0,0.0,0.0,0.0,0.0,0.0,0.0,0.0,17,0.02471253510899547,28,13,15,0,0,0,0,0,0,0,0,1
1ado,A,89,ASP,-3.5,111.1,-1.0,1,3,X,0.0,0.0,0.0,0.0,0.0,0.0,0.0,0.0,14,0.02098234113027917,23,8,15,0,0,0,0,0,0,0,0,1
1ado,A,90,GLY,-0.4,60.1,0.0,0,0,X,0.0,0.0,0.0,0.0,0.0,0.0,0.0,0.0,13,0.022381163872297785,23,16,7,0,0,0,0,0,0,0,0,1
1ado,A,91,ARG,-4.5,173.4,1.0,5,0,X,0.0,0.0,0.0,0.0,0.0,0.0,0.0,0.0,19,0.035436842797804825,18,13,5,0,0,0,0,0,0,0,0,1
1ado,A,92,PRO,-1.6,112.7,0.0,0,0,X,0.0,0.0,0.0,0.0,0.0,0.0,0.0,0.0,24,0.04103213376587927,28,15,13,0,0,0,0,0,0,0,0,1
1ado,A,93,PHE,2.8,189.9,0.0,0,0,X,0.0,0.0,0.0,0.0,0.0,0.0,0.0,0.0,35,0.050823892960009553,46,13,33,0,0,0,0,0,0,0,0,1
1ado,A,94,PRO,-1.6,112.7,0.0,0,0,X,0.0,0.0,0.0,0.0,0.0,0.0,0.0,0.0,32,0.04662742473395372,33,11,22,0,0,0,0,0,0,0,0,1
1ado,A,95,GLN,-3.5,143.8,0.0,2,2,X,0.0,0.0,0.0,0.0,0.0,0.0,0.0,0.0,22,0.0363693912924839,29,6,23,0,0,0,0,0,0,0,0,1
1ado,A,96,VAL,4.2,140.0,0.0,0,0,X,0.0,0.0,0.0,0.0,0.0,0.0,0.0,0.0,30,0.04616115048661418,36,9,27,0,0,0,0,0,0,0,0,1
1ado,A,97,ILE,4.5,166.7,0.0,0,0,X,0.0,0.0,0.0,0.0,0.0,0.0,0.0,0.0,37,0.04709369898129325,27,2,25,0,0,0,0,0,0,0,0,1
1ado,A,98,LYS,-3.9,168.6,1.0,2,0,X,0.0,0.0,0.0,0.0,0.0,0.0,0.0,0.0,25,0.035436842797804825,17,8,9,0,0,0,0,0,0,0,0,1
1ado,A,99,SER,-0.8,89.0,0.0,1,1,X,0.0,0.0,0.0,0.0,0.0,0.0,0.0,0.0,19,0.030307826077069916,25,5,20,0,0,0,0,0,0,0,0,1
1ado,A,100,LYS,-3.9,168.6,1.0,2,0,X,0.0,0.0,0.0,0.0,0.0,0.0,0.0,0.0,29,0.03170664881908853,15,14,1,0,0,0,0,0,0,0,0,1
1ado,A,101,GLY,-0.4,60.1,0.0,0,0,X,0.0,0.0,0.0,0.0,0.0,0.0,0.0,0.0,25,0.02984155182973038,33,2,31,0,0,0,0,0,0,0,0,1
1ado,A,102,GLY,-0.4,60.1,0.0,0,0,X,0.0,0.0,0.0,0.0,0.0,0.0,0.0,0.0,32,0.04103213376587927,34,5,29,0,0,0,0,0,0,0,0,1
1ado,A,103,VAL,4.2,140.0,0.0,0,0,X,0.0,0.0,0.0,0.0,0.0,0.0,0.0,0.0,39,0.048026247475972325,34,10,24,0,0,0,0,0,0,0,0,1
1ado,A,104,VAL,4.2,140.0,0.0,0,0,X,0.0,0.0,0.0,0.0,0.0,0.0,0.0,0.0,39,0.05035761871267001,20,13,7,0,0,0,0,0,0,0,0,1
1ado,A,105,GLY,-0.4,60.1,0.0,0,0,X,0.0,0.0,0.0,0.0,0.0,0.0,0.0,0.0,42,0.04755997322863279,24,18,6,0,0,0,0,0,0,0,0,1
1ado,A,106,ILE,4.5,166.7,0.0,0,0,X,0.0,0.0,0.0,0.0,0.0,0.0,0.0,0.0,38,0.0526889899493677,41,27,14,0,0,0,0,0,0,0,0,1
1ado,A,107,LYS,-3.9,168.6,1.0,2,0,X,0.0,0.0,0.0,0.0,0.0,0.0,0.0,0.0,37,0.04616115048661418,38,27,11,0,0,0,0,0,0,0,0,1
1ado,A,108,VAL,4.2,140.0,0.0,0,0,X,0.0,0.0,0.0,0.0,0.0,0.0,0.0,0.0,36,0.04662742473395372,49,16,33,0,0,0,0,0,0,0,0,1
1ado,A,109,ASP,-3.5,111.1,-1.0,1,3,X,0.0,0.0,0.0,0.0,0.0,0.0,0.0,0.0,33,0.045694876239274644,43,14,29,0,0,0,0,0,0,0,0,1
1ado,A,110,LYS,-3.9,168.6,1.0,2,0,X,0.0,0.0,0.0,0.0,0.0,0.0,0.0,0.0,21,0.03403802005578621,18,25,-7,0,0,0,0,0,0,0,0,1
1ado,A,111,GLY,-0.4,60.1,0.0,0,0,X,0.0,0.0,0.0,0.0,0.0,0.0,0.0,0.0,24,0.03124037457174899,30,14,16,0,0,0,0,0,0,0,0,1
1ado,A,112,VAL,4.2,140.0,0.0,0,0,X,0.0,0.0,0.0,0.0,0.0,0.0,0.0,0.0,22,0.0363693912924839,20,11,9,0,0,0,0,0,0,0,0,1
1ado,A,113,VAL,4.2,140.0,0.0,0,0,X,0.0,0.0,0.0,0.0,0.0,0.0,0.0,0.0,30,0.03357174580844668,14,18,-4,0,0,0,0,0,0,0,0,1
1ado,A,114,PRO,-1.6,112.7,0.0,0,0,X,0.0,0.0,0.0,0.0,0.0,0.0,0.0,0.0,25,0.028909003335051305,7,10,-3,0,0,0,0,0,0,0,0,1
1ado,A,115,LEU,3.8,166.7,0.0,0,0,X,0.0,0.0,0.0,0.0,0.0,0.0,0.0,0.0,34,0.04196468226055834,31,20,11,0,0,0,0,0,0,0,0,1
1ado,A,116,ALA,1.8,88.6,0.0,0,0,X,0.0,0.0,0.0,0.0,0.0,0.0,0.0,0.0,35,0.03776821403450251,38,11,27,0,0,0,0,0,0,0,0,1
1ado,A,117,GLY,-0.4,60.1,0.0,0,0,X,0.0,0.0,0.0,0.0,0.0,0.0,0.0,0.0,29,0.03823448828184205,36,12,24,0,0,0,0,0,0,0,0,1
1ado,A,118,THR,-0.7,116.1,0.0,1,1,X,0.0,0.0,0.0,0.0,0.0,0.0,0.0,0.0,31,0.04243095650789788,34,11,23,0,0,0,0,0,0,0,0,1
1ado,A,119,ASN,-3.5,114.1,0.0,2,2,X,0.0,0.0,0.0,0.0,0.0,0.0,0.0,0.0,20,0.02984155182973038,34,14,20,0,0,0,0,0,0,0,0,1
1ado,A,120,GLY,-0.4,60.1,0.0,0,0,X,0.0,0.0,0.0,0.0,0.0,0.0,0.0,0.0,23,0.027510180593032695,21,9,12,0,0,0,0,0,0,0,0,1
1ado,A,121,GLU,-3.5,138.4,-1.0,1,3,X,0.0,0.0,0.0,0.0,0.0,0.0,0.0,0.0,29,0.04149840801321881,24,2,22,0,0,0,0,0,0,0,0,1
1ado,A,122,THR,-0.7,116.1,0.0,1,1,X,0.0,0.0,0.0,0.0,0.0,0.0,0.0,0.0,30,0.043829779249916496,17,19,-2,0,0,0,0,0,0,0,0,1
1ado,A,123,THR,-0.7,116.1,0.0,1,1,X,0.0,0.0,0.0,0.0,0.0,0.0,0.0,0.0,35,0.04989134446533048,16,21,-5,0,0,0,0,0,0,0,0,1
1ado,A,124,THR,-0.7,116.1,0.0,1,1,X,0.0,0.0,0.0,0.0,0.0,0.0,0.0,0.0,31,0.053621538444046775,24,26,-2,0,0,0,0,0,0,0,0,1
1ado,A,125,GLN,-3.5,143.8,0.0,2,2,X,0.0,0.0,0.0,0.0,0.0,0.0,0.0,0.0,24,0.04989134446533048,17,29,-12,0,0,0,0,0,0,0,0,1
1ado,A,126,GLY,-0.4,60.1,0.0,0,0,X,0.0,0.0,0.0,0.0,0.0,0.0,0.0,0.0,25,0.045228601991935104,31,24,7,0,0,0,0,0,0,0,0,1
1ado,A,127,LEU,3.8,166.7,0.0,0,0,X,0.0,0.0,0.0,0.0,0.0,0.0,0.0,0.0,28,0.04662742473395372,26,27,-1,0,0,0,0,0,0,0,0,1
1ado,A,128,ASP,-3.5,111.1,-1.0,1,3,X,0.0,0.0,0.0,0.0,0.0,0.0,0.0,0.0,19,0.03916703677652112,32,10,22,0,0,0,0,0,0,0,0,1
1ado,A,129,GLY,-0.4,60.1,0.0,0,0,X,0.0,0.0,0.0,0.0,0.0,0.0,0.0,0.0,20,0.032172923066428064,24,23,1,0,0,0,0,0,0,0,0,1
1ado,A,130,LEU,3.8,166.7,0.0,0,0,X,0.0,0.0,0.0,0.0,0.0,0.0,0.0,0.0,32,0.043363505002576956,28,26,2,0,0,0,0,0,0,0,0,1
1ado,A,131,SER,-0.8,89.0,0.0,1,1,X,0.0,0.0,0.0,0.0,0.0,0.0,0.0,0.0,26,0.03450429430312575,16,14,2,0,0,0,0,0,0,0,0,1
1ado,A,132,GLU,-3.5,138.4,-1.0,1,3,X,0.0,0.0,0.0,0.0,0.0,0.0,0.0,0.0,17,0.02844272908771177,12,5,7,0,0,0,0,0,0,0,0,1
1ado,A,133,ARG,-4.5,173.4,1.0,5,0,X,0.0,0.0,0.0,0.0,0.0,0.0,0.0,0.0,29,0.03870076252918159,21,20,1,0,0,0,0,0,0,0,0,1
1ado,A,134,CYS,2.5,108.5,0.0,1,0,X,0.0,0.0,0.0,0.0,0.0,0.0,0.0,0.0,35,0.048958795970651406,29,19,10,0,0,0,0,0,0,0,0,1
1ado,A,135,ALA,1.8,88.6,0.0,0,0,X,0.0,0.0,0.0,0.0,0.0,0.0,0.0,0.0,22,0.03916703677652112,26,16,10,0,0,0,0,0,0,0,0,1
1ado,A,136,GLN,-3.5,143.8,0.0,2,2,X,0.0,0.0,0.0,0.0,0.0,0.0,0.0,0.0,19,0.035436842797804825,27,14,13,0,0,0,0,0,0,0,0,1
1ado,A,137,TYR,-1.3,193.6,0.0,1,1,X,0.0,0.0,0.0,0.0,0.0,0.0,0.0,0.0,32,0.045694876239274644,42,17,25,0,0,0,0,0,0,0,0,1
1ado,A,138,LYS,-3.9,168.6,1.0,2,0,X,0.0,0.0,0.0,0.0,0.0,0.0,0.0,0.0,31,0.043829779249916496,16,22,-6,0,0,0,0,0,0,0,0,1
1ado,A,139,LYS,-3.9,168.6,1.0,2,0,X,0.0,0.0,0.0,0.0,0.0,0.0,0.0,0.0,15,0.02844272908771177,12,11,1,0,0,0,0,0,0,0,0,1
1ado,A,140,ASP,-3.5,111.1,-1.0,1,3,X,0.0,0.0,0.0,0.0,0.0,0.0,0.0,0.0,24,0.03450429430312575,27,4,23,0,0,0,0,0,0,0,0,1
1ado,A,141,GLY,-0.4,60.1,0.0,0,0,X,0.0,0.0,0.0,0.0,0.0,0.0,0.0,0.0,33,0.03590311704514436,25,17,8,0,0,0,0,0,0,0,0,1
1ado,A,142,ALA,1.8,88.6,0.0,0,0,X,0.0,0.0,0.0,0.0,0.0,0.0,0.0,0.0,38,0.048026247475972325,25,17,8,0,0,0,0,0,0,0,0,1
1ado,A,143,ASP,-3.5,111.1,-1.0,1,3,X,0.0,0.0,0.0,0.0,0.0,0.0,0.0,0.0,33,0.04662742473395372,25,16,9,0,0,0,0,0,0,0,0,1
1ado,A,144,PHE,2.8,189.9,0.0,0,0,X,0.0,0.0,0.0,0.0,0.0,0.0,0.0,0.0,43,0.05035761871267001,21,8,13,0,0,0,0,0,0,0,0,1
1ado,A,145,ALA,1.8,88.6,0.0,0,0,X,0.0,0.0,0.0,0.0,0.0,0.0,0.0,0.0,43,0.05175644145468863,24,19,5,0,0,0,0,0,0,0,0,1
1ado,A,146,LYS,-3.9,168.6,1.0,2,0,X,0.0,0.0,0.0,0.0,0.0,0.0,0.0,0.0,40,0.053621538444046775,30,26,4,0,0,0,0,0,0,0,0,1
1ado,A,147,TRP,-0.9,227.8,0.0,1,0,X,0.0,0.0,0.0,0.0,0.0,0.0,0.0,0.0,41,0.05408781269138631,43,22,21,0,0,0,0,0,0,0,0,1
1ado,A,148,ARG,-4.5,173.4,1.0,5,0,X,0.0,0.0,0.0,0.0,0.0,0.0,0.0,0.0,29,0.05035761871267001,27,30,-3,0,0,0,0,0,0,0,0,1
1ado,A,149,CYS,2.5,108.5,0.0,1,0,X,0.0,0.0,0.0,0.0,0.0,0.0,0.0,0.0,38,0.053621538444046775,23,30,-7,0,0,0,0,0,0,0,0,1
1ado,A,150,VAL,4.2,140.0,0.0,0,0,X,0.0,0.0,0.0,0.0,0.0,0.0,0.0,0.0,32,0.045694876239274644,20,30,-10,0,0,0,0,0,0,0,0,1
1ado,A,151,LEU,3.8,166.7,0.0,0,0,X,0.0,0.0,0.0,0.0,0.0,0.0,0.0,0.0,37,0.048026247475972325,18,23,-5,0,0,0,0,0,0,0,0,1
1ado,A,152,LYS,-3.9,168.6,1.0,2,0,X,0.0,0.0,0.0,0.0,0.0,0.0,0.0,0.0,30,0.04196468226055834,10,27,-17,0,0,0,0,0,0,0,0,1
1ado,A,153,ILE,4.5,166.7,0.0,0,0,X,0.0,0.0,0.0,0.0,0.0,0.0,0.0,0.0,34,0.04476232774459557,45,31,14,0,0,0,0,0,0,0,0,1
1ado,A,154,GLY,-0.4,60.1,0.0,0,0,X,0.0,0.0,0.0,0.0,0.0,0.0,0.0,0.0,23,0.03590311704514436,50,26,24,0,0,0,0,0,0,0,0,1
1ado,A,155,GLU,-3.5,138.4,-1.0,1,3,X,0.0,0.0,0.0,0.0,0.0,0.0,0.0,0.0,13,0.02797645484037223,44,3,41,0,0,0,0,0,0,0,0,1
1ado,A,156,HIS,-3.2,153.2,0.1,2,1,X,0.0,0.0,0.0,0.0,0.0,0.0,0.0,0.0,18,0.04196468226055834,36,22,14,0,0,0,0,0,0,0,0,1
1ado,A,157,THR,-0.7,116.1,0.0,1,1,X,0.0,0.0,0.0,0.0,0.0,0.0,0.0,0.0,28,0.04196468226055834,44,18,26,0,0,0,0,0,0,0,0,1
1ado,A,158,PRO,-1.6,112.7,0.0,0,0,X,0.0,0.0,0.0,0.0,0.0,0.0,0.0,0.0,32,0.043829779249916496,36,14,22,0,0,0,0,0,0,0,0,1
1ado,A,159,SER,-0.8,89.0,0.0,1,1,X,0.0,0.0,0.0,0.0,0.0,0.0,0.0,0.0,32,0.03310547156110714,29,18,11,0,0,0,0,0,0,0,0,1
1ado,A,160,ALA,1.8,88.6,0.0,0,0,X,0.0,0.0,0.0,0.0,0.0,0.0,0.0,0.0,25,0.027510180593032695,21,19,2,0,0,0,0,0,0,0,0,1
1ado,A,161,LEU,3.8,166.7,0.0,0,0,X,0.0,0.0,0.0,0.0,0.0,0.0,0.0,0.0,35,0.040099585271200194,31,26,5,0,0,0,0,0,0,0,0,1
1ado,A,162,ALA,1.8,88.6,0.0,0,0,X,0.0,0.0,0.0,0.0,0.0,0.0,0.0,0.0,36,0.04476232774459557,19,21,-2,0,0,0,0,0,0,0,0,1
1ado,A,163,ILE,4.5,166.7,0.0,0,0,X,0.0,0.0,0.0,0.0,0.0,0.0,0.0,0.0,37,0.043829779249916496,13,16,-3,0,0,0,0,0,0,0,0,1
1ado,A,164,MET,1.9,162.9,0.0,0,0,X,0.0,0.0,0.0,0.0,0.0,0.0,0.0,0.0,23,0.03730193978716297,18,19,-1,0,0,0,0,0,0,0,0,1
1ado,A,165,GLU,-3.5,138.4,-1.0,1,3,X,0.0,0.0,0.0,0.0,0.0,0.0,0.0,0.0,30,0.04662742473395372,24,5,19,0,0,0,0,0,0,0,0,1
1ado,A,166,ASN,-3.5,114.1,0.0,2,2,X,0.0,0.0,0.0,0.0,0.0,0.0,0.0,0.0,37,0.04942507021799094,13,25,-12,0,0,0,0,0,0,0,0,1
1ado,A,167,ALA,1.8,88.6,0.0,0,0,X,0.0,0.0,0.0,0.0,0.0,0.0,0.0,0.0,38,0.04989134446533048,21,17,4,0,0,0,0,0,0,0,0,1
1ado,A,168,ASN,-3.5,114.1,0.0,2,2,X,0.0,0.0,0.0,0.0,0.0,0.0,0.0,0.0,29,0.04709369898129325,31,26,5,0,0,0,0,0,0,0,0,1
1ado,A,169,VAL,4.2,140.0,0.0,0,0,X,0.0,0.0,0.0,0.0,0.0,0.0,0.0,0.0,38,0.05035761871267001,27,19,8,0,0,0,0,0,0,0,0,1
1ado,A,170,LEU,3.8,166.7,0.0,0,0,X,0.0,0.0,0.0,0.0,0.0,0.0,0.0,0.0,46,0.05455408693872585,24,19,5,0,0,0,0,0,0,0,0,1
1ado,A,171,ALA,1.8,88.6,0.0,0,0,X,0.0,0.0,0.0,0.0,0.0,0.0,0.0,0.0,39,0.05035761871267001,32,16,16,0,0,0,0,0,0,0,0,1
1ado,A,172,ARG,-4.5,173.4,1.0,5,0,X,0.0,0.0,0.0,0.0,0.0,0.0,0.0,0.0,36,0.045694876239274644,11,16,-5,0,0,0,0,0,0,0,0,1
1ado,A,173,TYR,-1.3,193.6,0.0,1,1,X,0.0,0.0,0.0,0.0,0.0,0.0,0.0,0.0,45,0.04942507021799094,27,12,15,0,0,0,0,0,0,0,0,1
1ado,A,174,ALA,1.8,88.6,0.0,0,0,X,0.0,0.0,0.0,0.0,0.0,0.0,0.0,0.0,41,0.053155264196707235,29,1,28,0,0,0,0,0,0,0,0,1
1ado,A,175,SER,-0.8,89.0,0.0,1,1,X,0.0,0.0,0.0,0.0,0.0,0.0,0.0,0.0,40,0.050823892960009553,30,2,28,0,0,0,0,0,0,0,0,1
1ado,A,176,ILE,4.5,166.7,0.0,0,0,X,0.0,0.0,0.0,0.0,0.0,0.0,0.0,0.0,36,0.048026247475972325,19,12,7,0,0,0,0,0,0,0,0,1
1ado,A,177,CYS,2.5,108.5,0.0,1,0,X,0.0,0.0,0.0,0.0,0.0,0.0,0.0,0.0,41,0.05548663543340492,22,5,17,0,0,0,0,0,0,0,0,1
1ado,A,178,GLN,-3.5,143.8,0.0,2,2,X,0.0,0.0,0.0,0.0,0.0,0.0,0.0,0.0,42,0.05222271570202816,18,14,4,0,0,0,0,0,0,0,0,1
1ado,A,179,GLN,-3.5,143.8,0.0,2,2,X,0.0,0.0,0.0,0.0,0.0,0.0,0.0,0.0,31,0.03916703677652112,9,0,9,0,0,0,0,0,0,0,0,1
1ado,A,180,ASN,-3.5,114.1,0.0,2,2,X,0.0,0.0,0.0,0.0,0.0,0.0,0.0,0.0,31,0.04149840801321881,19,15,4,0,0,0,0,0,0,0,0,1
1ado,A,181,GLY,-0.4,60.1,0.0,0,0,X,0.0,0.0,0.0,0.0,0.0,0.0,0.0,0.0,34,0.043363505002576956,18,19,-1,0,0,0,0,0,0,0,0,1
1ado,A,182,ILE,4.5,166.7,0.0,0,0,X,0.0,0.0,0.0,0.0,0.0,0.0,0.0,0.0,41,0.050823892960009553,14,15,-1,0,0,0,0,0,0,0,0,1
1ado,A,183,VAL,4.2,140.0,0.0,0,0,X,0.0,0.0,0.0,0.0,0.0,0.0,0.0,0.0,46,0.056419183928083996,12,24,-12,0,0,0,0,0,0,0,0,1
1ado,A,184,PRO,-1.6,112.7,0.0,0,0,X,0.0,0.0,0.0,0.0,0.0,0.0,0.0,0.0,43,0.05408781269138631,10,10,0,0,0,0,0,0,0,0,0,1
1ado,A,185,ILE,4.5,166.7,0.0,0,0,X,0.0,0.0,0.0,0.0,0.0,0.0,0.0,0.0,43,0.05035761871267001,28,13,15,0,0,0,0,0,0,0,0,1
1ado,A,186,VAL,4.2,140.0,0.0,0,0,X,0.0,0.0,0.0,0.0,0.0,0.0,0.0,0.0,41,0.05129016720734909,24,12,12,0,0,0,0,0,0,0,0,1
1ado,A,187,GLU,-3.5,138.4,-1.0,1,3,X,0.0,0.0,0.0,0.0,0.0,0.0,0.0,0.0,35,0.05222271570202816,32,16,16,0,0,0,0,0,0,0,0,1
1ado,A,188,PRO,-1.6,112.7,0.0,0,0,X,0.0,0.0,0.0,0.0,0.0,0.0,0.0,0.0,40,0.0526889899493677,21,18,3,0,0,0,0,0,0,0,0,1
1ado,A,189,GLU,-3.5,138.4,-1.0,1,3,X,0.0,0.0,0.0,0.0,0.0,0.0,0.0,0.0,33,0.048492521723311866,30,12,18,0,0,0,0,0,0,0,0,1
1ado,A,190,ILE,4.5,166.7,0.0,0,0,X,0.0,0.0,0.0,0.0,0.0,0.0,0.0,0.0,36,0.04755997322863279,22,23,-1,0,0,0,0,0,0,0,0,1
1ado,A,191,LEU,3.8,166.7,0.0,0,0,X,0.0,0.0,0.0,0.0,0.0,0.0,0.0,0.0,30,0.04149840801321881,28,18,10,0,0,0,0,0,0,0,0,1
1ado,A,192,PRO,-1.6,112.7,0.0,0,0,X,0.0,0.0,0.0,0.0,0.0,0.0,0.0,0.0,28,0.040565859518539735,29,20,9,0,0,0,0,0,0,0,0,1
1ado,A,193,ASP,-3.5,111.1,-1.0,1,3,X,0.0,0.0,0.0,0.0,0.0,0.0,0.0,0.0,22,0.03310547156110714,30,13,17,0,0,0,0,0,0,0,0,1
1ado,A,194,GLY,-0.4,60.1,0.0,0,0,X,0.0,0.0,0.0,0.0,0.0,0.0,0.0,0.0,20,0.032639197313767604,29,22,7,0,0,0,0,0,0,0,0,1
1ado,A,195,ASP,-3.5,111.1,-1.0,1,3,X,0.0,0.0,0.0,0.0,0.0,0.0,0.0,0.0,18,0.029375277582390842,23,15,8,0,0,0,0,0,0,0,0,1
1ado,A,196,HIS,-3.2,153.2,0.1,2,1,X,0.0,0.0,0.0,0.0,0.0,0.0,0.0,0.0,32,0.040565859518539735,28,25,3,0,0,0,0,0,0,0,0,1
1ado,A,197,ASP,-3.5,111.1,-1.0,1,3,X,0.0,0.0,0.0,0.0,0.0,0.0,0.0,0.0,26,0.043829779249916496,32,9,23,0,0,0,0,0,0,0,0,1
1ado,A,198,LEU,3.8,166.7,0.0,0,0,X,0.0,0.0,0.0,0.0,0.0,0.0,0.0,0.0,30,0.045228601991935104,30,21,9,0,0,0,0,0,0,0,0,1
1ado,A,199,LYS,-3.9,168.6,1.0,2,0,X,0.0,0.0,0.0,0.0,0.0,0.0,0.0,0.0,23,0.03403802005578621,19,15,4,0,0,0,0,0,0,0,0,1
1ado,A,200,ARG,-4.5,173.4,1.0,5,0,X,0.0,0.0,0.0,0.0,0.0,0.0,0.0,0.0,31,0.040565859518539735,34,22,12,0,0,0,0,0,0,0,0,1
1ado,A,201,CYS,2.5,108.5,0.0,1,0,X,0.0,0.0,0.0,0.0,0.0,0.0,0.0,0.0,35,0.05222271570202816,34,19,15,0,0,0,0,0,0,0,0,1
1ado,A,202,GLN,-3.5,143.8,0.0,2,2,X,0.0,0.0,0.0,0.0,0.0,0.0,0.0,0.0,33,0.048958795970651406,35,16,19,0,0,0,0,0,0,0,0,1
1ado,A,203,TYR,-1.3,193.6,0.0,1,1,X,0.0,0.0,0.0,0.0,0.0,0.0,0.0,0.0,32,0.043363505002576956,59,12,47,0,0,0,0,0,0,0,0,1
1ado,A,204,VAL,4.2,140.0,0.0,0,0,X,0.0,0.0,0.0,0.0,0.0,0.0,0.0,0.0,34,0.048492521723311866,45,13,32,0,0,0,0,0,0,0,0,1
1ado,A,205,THR,-0.7,116.1,0.0,1,1,X,0.0,0.0,0.0,0.0,0.0,0.0,0.0,0.0,42,0.04662742473395372,27,13,14,0,0,0,0,0,0,0,0,1
1ado,A,206,GLU,-3.5,138.4,-1.0,1,3,X,0.0,0.0,0.0,0.0,0.0,0.0,0.0,0.0,38,0.04709369898129325,38,4,34,0,0,0,0,0,0,0,0,1
1ado,A,207,LYS,-3.9,168.6,1.0,2,0,X,0.0,0.0,0.0,0.0,0.0,0.0,0.0,0.0,33,0.043363505002576956,33,17,16,0,0,0,0,0,0,0,0,1
1ado,A,208,VAL,4.2,140.0,0.0,0,0,X,0.0,0.0,0.0,0.0,0.0,0.0,0.0,0.0,43,0.043363505002576956,16,14,2,0,0,0,0,0,0,0,0,1
1ado,A,209,LEU,3.8,166.7,0.0,0,0,X,0.0,0.0,0.0,0.0,0.0,0.0,0.0,0.0,41,0.043363505002576956,24,13,11,0,0,0,0,0,0,0,0,1
1ado,A,210,ALA,1.8,88.6,0.0,0,0,X,0.0,0.0,0.0,0.0,0.0,0.0,0.0,0.0,27,0.045228601991935104,32,14,18,0,0,0,0,0,0,0,0,1
1ado,A,211,ALA,1.8,88.6,0.0,0,0,X,0.0,0.0,0.0,0.0,0.0,0.0,0.0,0.0,29,0.040565859518539735,25,19,6,0,0,0,0,0,0,0,0,1
1ado,A,212,VAL,4.2,140.0,0.0,0,0,X,0.0,0.0,0.0,0.0,0.0,0.0,0.0,0.0,39,0.04476232774459557,20,15,5,0,0,0,0,0,0,0,0,1
1ado,A,213,TYR,-1.3,193.6,0.0,1,1,X,0.0,0.0,0.0,0.0,0.0,0.0,0.0,0.0,35,0.04103213376587927,22,2,20,0,0,0,0,0,0,0,0,1
1ado,A,214,LYS,-3.9,168.6,1.0,2,0,X,0.0,0.0,0.0,0.0,0.0,0.0,0.0,0.0,24,0.03776821403450251,19,13,6,0,0,0,0,0,0,0,0,1
1ado,A,215,ALA,1.8,88.6,0.0,0,0,X,0.0,0.0,0.0,0.0,0.0,0.0,0.0,0.0,30,0.045228601991935104,40,13,27,0,0,0,0,0,0,0,0,1
1ado,A,216,LEU,3.8,166.7,0.0,0,0,X,0.0,0.0,0.0,0.0,0.0,0.0,0.0,0.0,39,0.048958795970651406,37,9,28,0,0,0,0,0,0,0,0,1
1ado,A,217,SER,-0.8,89.0,0.0,1,1,X,0.0,0.0,0.0,0.0,0.0,0.0,0.0,0.0,28,0.043829779249916496,46,17,29,0,0,0,0,0,0,0,0,1
1ado,A,218,ASP,-3.5,111.1,-1.0,1,3,X,0.0,0.0,0.0,0.0,0.0,0.0,0.0,0.0,28,0.03776821403450251,41,6,35,0,0,0,0,0,0,0,0,1
1ado,A,219,HIS,-3.2,153.2,0.1,2,1,X,0.0,0.0,0.0,0.0,0.0,0.0,0.0,0.0,37,0.045694876239274644,32,17,15,0,0,0,0,0,0,0,0,1
1ado,A,220,HIS,-3.2,153.2,0.1,2,1,X,0.0,0.0,0.0,0.0,0.0,0.0,0.0,0.0,37,0.0363693912924839,32,12,20,0,0,0,0,0,0,0,0,1
1ado,A,221,ILE,4.5,166.7,0.0,0,0,X,0.0,0.0,0.0,0.0,0.0,0.0,0.0,0.0,40,0.043829779249916496,41,13,28,0,0,0,0,0,0,0,0,1
1ado,A,222,TYR,-1.3,193.6,0.0,1,1,X,0.0,0.0,0.0,0.0,0.0,0.0,0.0,0.0,35,0.040565859518539735,29,19,10,0,0,0,0,0,0,0,0,1
1ado,A,223,LEU,3.8,166.7,0.0,0,0,X,0.0,0.0,0.0,0.0,0.0,0.0,0.0,0.0,36,0.04616115048661418,22,12,10,0,0,0,0,0,0,0,0,1
1ado,A,224,GLU,-3.5,138.4,-1.0,1,3,X,0.0,0.0,0.0,0.0,0.0,0.0,0.0,0.0,33,0.04662742473395372,43,5,38,0,0,0,0,0,0,0,0,1
1ado,A,225,GLY,-0.4,60.1,0.0,0,0,X,0.0,0.0,0.0,0.0,0.0,0.0,0.0,0.0,42,0.05688545817542354,23,21,2,0,0,0,0,0,0,0,0,1
1ado,A,226,THR,-0.7,116.1,0.0,1,1,X,0.0,0.0,0.0,0.0,0.0,0.0,0.0,0.0,44,0.05502036118606539,9,11,-2,0,0,0,0,0,0,0,0,1
1ado,A,227,LEU,3.8,166.7,0.0,0,0,X,0.0,0.0,0.0,0.0,0.0,0.0,0.0,0.0,48,0.053155264196707235,21,9,12,0,0,0,0,0,0,0,0,1
1ado,A,228,LEU,3.8,166.7,0.0,0,0,X,0.0,0.0,0.0,0.0,0.0,0.0,0.0,0.0,37,0.04616115048661418,9,11,-2,0,0,0,0,0,0,0,0,1
1ado,A,229,LYS,-3.9,168.6,1.0,2,0,X,0.0,0.0,0.0,0.0,0.0,0.0,0.0,0.0,38,0.05222271570202816,17,21,-4,0,0,0,0,0,0,0,0,1
1ado,A,230,PRO,-1.6,112.7,0.0,0,0,X,0.0,0.0,0.0,0.0,0.0,0.0,0.0,0.0,39,0.050823892960009553,9,18,-9,0,0,0,0,0,0,0,0,1
1ado,A,231,ASN,-3.5,114.1,0.0,2,2,X,0.0,0.0,0.0,0.0,0.0,0.0,0.0,0.0,39,0.05035761871267001,11,18,-7,0,0,0,0,0,0,0,0,1
1ado,A,232,MET,1.9,162.9,0.0,0,0,X,0.0,0.0,0.0,0.0,0.0,0.0,0.0,0.0,42,0.04755997322863279,6,10,-4,0,0,0,0,0,0,0,0,1
1ado,A,233,VAL,4.2,140.0,0.0,0,0,X,0.0,0.0,0.0,0.0,0.0,0.0,0.0,0.0,41,0.048026247475972325,16,16,0,0,0,0,0,0,0,0,0,1
1ado,A,234,THR,-0.7,116.1,0.0,1,1,X,0.0,0.0,0.0,0.0,0.0,0.0,0.0,0.0,38,0.048958795970651406,33,19,14,0,0,0,0,0,0,0,0,1
1ado,A,235,PRO,-1.6,112.7,0.0,0,0,X,0.0,0.0,0.0,0.0,0.0,0.0,0.0,0.0,35,0.048492521723311866,37,23,14,0,0,0,0,0,0,0,0,1
1ado,A,236,GLY,-0.4,60.1,0.0,0,0,X,0.0,0.0,0.0,0.0,0.0,0.0,0.0,0.0,28,0.04289723075523742,28,25,3,0,0,0,0,0,0,0,0,1
1ado,A,237,HIS,-3.2,153.2,0.1,2,1,X,0.0,0.0,0.0,0.0,0.0,0.0,0.0,0.0,21,0.032639197313767604,11,16,-5,0,0,0,0,0,0,0,0,1
1ado,A,238,ALA,1.8,88.6,0.0,0,0,X,0.0,0.0,0.0,0.0,0.0,0.0,0.0,0.0,14,0.026577632098353617,20,20,0,0,0,0,0,0,0,0,0,1
1ado,A,239,CYS,2.5,108.5,0.0,1,0,X,0.0,0.0,0.0,0.0,0.0,0.0,0.0,0.0,16,0.03590311704514436,28,20,8,0,0,0,0,0,0,0,0,1
1ado,A,240,THR,-0.7,116.1,0.0,1,1,X,0.0,0.0,0.0,0.0,0.0,0.0,0.0,0.0,12,0.022381163872297785,17,13,4,0,0,0,0,0,0,0,0,1
1ado,A,241,GLN,-3.5,143.8,0.0,2,2,X,0.0,0.0,0.0,0.0,0.0,0.0,0.0,0.0,15,0.023779986614316396,19,16,3,0,0,0,0,0,0,0,0,1
1ado,A,242,LYS,-3.9,168.6,1.0,2,0,X,0.0,0.0,0.0,0.0,0.0,0.0,0.0,0.0,12,0.025178809356335007,2,3,-1,0,0,0,0,0,0,0,0,1
1ado,A,243,TYR,-1.3,193.6,0.0,1,1,X,0.0,0.0,0.0,0.0,0.0,0.0,0.0,0.0,21,0.032639197313767604,26,23,3,0,0,0,0,0,0,0,0,1
1ado,A,244,SER,-0.8,89.0,0.0,1,1,X,0.0,0.0,0.0,0.0,0.0,0.0,0.0,0.0,18,0.027043906345693154,17,19,-2,0,0,0,0,0,0,0,0,1
1ado,A,245,HIS,-3.2,153.2,0.1,2,1,X,0.0,0.0,0.0,0.0,0.0,0.0,0.0,0.0,26,0.03450429430312575,4,29,-25,0,0,0,0,0,0,0,0,1
1ado,A,246,GLU,-3.5,138.4,-1.0,1,3,X,0.0,0.0,0.0,0.0,0.0,0.0,0.0,0.0,19,0.03170664881908853,18,9,9,0,0,0,0,0,0,0,0,1
1ado,A,247,GLU,-3.5,138.4,-1.0,1,3,X,0.0,0.0,0.0,0.0,0.0,0.0,0.0,0.0,19,0.03357174580844668,20,9,11,0,0,0,0,0,0,0,0,1
1ado,A,248,ILE,4.5,166.7,0.0,0,0,X,0.0,0.0,0.0,0.0,0.0,0.0,0.0,0.0,31,0.05175644145468863,13,22,-9,0,0,0,0,0,0,0,0,1
1ado,A,249,ALA,1.8,88.6,0.0,0,0,X,0.0,0.0,0.0,0.0,0.0,0.0,0.0,0.0,33,0.04942507021799094,19,18,1,0,0,0,0,0,0,0,0,1
1ado,A,250,MET,1.9,162.9,0.0,0,0,X,0.0,0.0,0.0,0.0,0.0,0.0,0.0,0.0,27,0.04196468226055834,22,19,3,0,0,0,0,0,0,0,0,1
1ado,A,251,ALA,1.8,88.6,0.0,0,0,X,0.0,0.0,0.0,0.0,0.0,0.0,0.0,0.0,35,0.043829779249916496,25,23,2,0,0,0,0,0,0,0,0,1
1ado,A,252,THR,-0.7,116.1,0.0,1,1,X,0.0,0.0,0.0,0.0,0.0,0.0,0.0,0.0,40,0.04942507021799094,13,14,-1,0,0,0,0,0,0,0,0,1
1ado,A,253,VAL,4.2,140.0,0.0,0,0,X,0.0,0.0,0.0,0.0,0.0,0.0,0.0,0.0,41,0.04942507021799094,35,8,27,0,0,0,0,0,0,0,0,1
1ado,A,254,THR,-0.7,116.1,0.0,1,1,X,0.0,0.0,0.0,0.0,0.0,0.0,0.0,0.0,32,0.04616115048661418,25,17,8,0,0,0,0,0,0,0,0,1
1ado,A,255,ALA,1.8,88.6,0.0,0,0,X,0.0,0.0,0.0,0.0,0.0,0.0,0.0,0.0,40,0.05129016720734909,26,13,13,0,0,0,0,0,0,0,0,1
1ado,A,256,LEU,3.8,166.7,0.0,0,0,X,0.0,0.0,0.0,0.0,0.0,0.0,0.0,0.0,39,0.048958795970651406,28,9,19,0,0,0,0,0,0,0,0,1
1ado,A,257,ARG,-4.5,173.4,1.0,5,0,X,0.0,0.0,0.0,0.0,0.0,0.0,0.0,0.0,28,0.050823892960009553,20,11,9,0,0,0,0,0,0,0,0,1
1ado,A,258,ARG,-4.5,173.4,1.0,5,0,X,0.0,0.0,0.0,0.0,0.0,0.0,0.0,0.0,36,0.048026247475972325,21,18,3,0,0,0,0,0,0,0,0,1
1ado,A,259,THR,-0.7,116.1,0.0,1,1,X,0.0,0.0,0.0,0.0,0.0,0.0,0.0,0.0,31,0.05129016720734909,29,9,20,0,0,0,0,0,0,0,0,1
1ado,A,260,VAL,4.2,140.0,0.0,0,0,X,0.0,0.0,0.0,0.0,0.0,0.0,0.0,0.0,34,0.05035761871267001,25,4,21,0,0,0,0,0,0,0,0,1
1ado,A,261,PRO,-1.6,112.7,0.0,0,0,X,0.0,0.0,0.0,0.0,0.0,0.0,0.0,0.0,25,0.053621538444046775,30,6,24,0,0,0,0,0,0,0,0,1
1ado,A,262,PRO,-1.6,112.7,0.0,0,0,X,0.0,0.0,0.0,0.0,0.0,0.0,0.0,0.0,23,0.05222271570202816,37,7,30,0,0,0,0,0,0,0,0,1
1ado,A,263,ALA,1.8,88.6,0.0,0,0,X,0.0,0.0,0.0,0.0,0.0,0.0,0.0,0.0,32,0.04429605349725603,27,10,17,0,0,0,0,0,0,0,0,1
1ado,A,264,VAL,4.2,140.0,0.0,0,0,X,0.0,0.0,0.0,0.0,0.0,0.0,0.0,0.0,34,0.05129016720734909,25,9,16,0,0,0,0,0,0,0,0,1
1ado,A,265,THR,-0.7,116.1,0.0,1,1,X,0.0,0.0,0.0,0.0,0.0,0.0,0.0,0.0,36,0.04616115048661418,17,13,4,0,0,0,0,0,0,0,0,1
1ado,A,266,GLY,-0.4,60.1,0.0,0,0,X,0.0,0.0,0.0,0.0,0.0,0.0,0.0,0.0,39,0.04709369898129325,17,5,12,0,0,0,0,0,0,0,0,1
1ado,A,267,VAL,4.2,140.0,0.0,0,0,X,0.0,0.0,0.0,0.0,0.0,0.0,0.0,0.0,41,0.05502036118606539,14,0,14,0,0,0,0,0,0,0,0,1
1ado,A,268,THR,-0.7,116.1,0.0,1,1,X,0.0,0.0,0.0,0.0,0.0,0.0,0.0,0.0,41,0.05455408693872585,14,8,6,0,0,0,0,0,0,0,0,1
1ado,A,269,PHE,2.8,189.9,0.0,0,0,X,0.0,0.0,0.0,0.0,0.0,0.0,0.0,0.0,38,0.05222271570202816,9,2,7,0,0,0,0,0,0,0,0,1
1ado,A,270,LEU,3.8,166.7,0.0,0,0,X,0.0,0.0,0.0,0.0,0.0,0.0,0.0,0.0,40,0.048492521723311866,21,18,3,0,0,0,0,0,0,0,0,1
1ado,A,271,SER,-0.8,89.0,0.0,1,1,X,0.0,0.0,0.0,0.0,0.0,0.0,0.0,0.0,38,0.04662742473395372,19,25,-6,0,0,0,0,0,0,0,0,1
1ado,A,272,GLY,-0.4,60.1,0.0,0,0,X,0.0,0.0,0.0,0.0,0.0,0.0,0.0,0.0,31,0.03403802005578621,25,24,1,0,0,0,0,0,0,0,0,1
1ado,A,273,GLY,-0.4,60.1,0.0,0,0,X,0.0,0.0,0.0,0.0,0.0,0.0,0.0,0.0,27,0.028909003335051305,21,30,-9,0,0,0,0,0,0,0,0,1
1ado,A,274,GLN,-3.5,143.8,0.0,2,2,X,0.0,0.0,0.0,0.0,0.0,0.0,0.0,0.0,33,0.03450429430312575,21,21,0,0,0,0,0,0,0,0,0,1
1ado,A,275,SER,-0.8,89.0,0.0,1,1,X,0.0,0.0,0.0,0.0,0.0,0.0,0.0,0.0,27,0.0363693912924839,22,33,-11,0,0,0,0,0,0,0,0,1
1ado,A,276,GLU,-3.5,138.4,-1.0,1,3,X,0.0,0.0,0.0,0.0,0.0,0.0,0.0,0.0,31,0.048958795970651406,30,29,1,0,0,0,0,0,0,0,0,1
1ado,A,277,GLU,-3.5,138.4,-1.0,1,3,X,0.0,0.0,0.0,0.0,0.0,0.0,0.0,0.0,28,0.03963331102386066,21,18,3,0,0,0,0,0,0,0,0,1
1ado,A,278,GLU,-3.5,138.4,-1.0,1,3,X,0.0,0.0,0.0,0.0,0.0,0.0,0.0,0.0,29,0.03730193978716297,19,15,4,0,0,0,0,0,0,0,0,1
1ado,A,279,ALA,1.8,88.6,0.0,0,0,X,0.0,0.0,0.0,0.0,0.0,0.0,0.0,0.0,36,0.05455408693872585,22,27,-5,0,0,0,0,0,0,0,0,1
1ado,A,280,SER,-0.8,89.0,0.0,1,1,X,0.0,0.0,0.0,0.0,0.0,0.0,0.0,0.0,40,0.056419183928083996,22,26,-4,0,0,0,0,0,0,0,0,1
1ado,A,281,ILE,4.5,166.7,0.0,0,0,X,0.0,0.0,0.0,0.0,0.0,0.0,0.0,0.0,33,0.04942507021799094,16,25,-9,0,0,0,0,0,0,0,0,1
1ado,A,282,ASN,-3.5,114.1,0.0,2,2,X,0.0,0.0,0.0,0.0,0.0,0.0,0.0,0.0,35,0.05035761871267001,10,28,-18,0,0,0,0,0,0,0,0,1
1ado,A,283,LEU,3.8,166.7,0.0,0,0,X,0.0,0.0,0.0,0.0,0.0,0.0,0.0,0.0,43,0.05968310365946076,15,7,8,0,0,0,0,0,0,0,0,1
1ado,A,284,ASN,-3.5,114.1,0.0,2,2,X,0.0,0.0,0.0,0.0,0.0,0.0,0.0,0.0,32,0.05175644145468863,26,6,20,0,0,0,0,0,0,0,0,1
1ado,A,285,ALA,1.8,88.6,0.0,0,0,X,0.0,0.0,0.0,0.0,0.0,0.0,0.0,0.0,36,0.04709369898129325,26,15,11,0,0,0,0,0,0,0,0,1
1ado,A,286,ILE,4.5,166.7,0.0,0,0,X,0.0,0.0,0.0,0.0,0.0,0.0,0.0,0.0,40,0.0526889899493677,21,11,10,0,0,0,0,0,0,0,0,1
1ado,A,287,ASN,-3.5,114.1,0.0,2,2,X,0.0,0.0,0.0,0.0,0.0,0.0,0.0,0.0,37,0.045694876239274644,24,0,24,0,0,0,0,0,0,0,0,1
1ado,A,288,LYS,-3.9,168.6,1.0,2,0,X,0.0,0.0,0.0,0.0,0.0,0.0,0.0,0.0,25,0.032639197313767604,12,9,3,0,0,0,0,0,0,0,0,1
1ado,A,289,CYS,2.5,108.5,0.0,1,0,X,0.0,0.0,0.0,0.0,0.0,0.0,0.0,0.0,25,0.03776821403450251,25,12,13,0,0,0,0,0,0,0,0,1
1ado,A,290,PRO,-1.6,112.7,0.0,0,0,X,0.0,0.0,0.0,0.0,0.0,0.0,0.0,0.0,15,0.02144861537761871,22,5,17,0,0,0,0,0,0,0,0,1
1ado,A,291,LEU,3.8,166.7,0.0,0,0,X,0.0,0.0,0.0,0.0,0.0,0.0,0.0,0.0,26,0.027510180593032695,27,4,23,0,0,0,0,0,0,0,0,1
1ado,A,292,LEU,3.8,166.7,0.0,0,0,X,0.0,0.0,0.0,0.0,0.0,0.0,0.0,0.0,18,0.028909003335051305,25,0,25,0,0,0,0,0,0,0,0,1
1ado,A,293,LYS,-3.9,168.6,1.0,2,0,X,0.0,0.0,0.0,0.0,0.0,0.0,0.0,0.0,24,0.03823448828184205,15,0,15,0,0,0,0,0,0,0,0,1
1ado,A,294,PRO,-1.6,112.7,0.0,0,0,X,0.0,0.0,0.0,0.0,0.0,0.0,0.0,0.0,17,0.03870076252918159,35,0,35,0,0,0,0,0,0,0,0,1
1ado,A,295,TRP,-0.9,227.8,0.0,1,0,X,0.0,0.0,0.0,0.0,0.0,0.0,0.0,0.0,31,0.03823448828184205,24,0,24,0,0,0,0,0,0,0,0,1
1ado,A,296,ALA,1.8,88.6,0.0,0,0,X,0.0,0.0,0.0,0.0,0.0,0.0,0.0,0.0,36,0.03963331102386066,22,0,22,0,0,0,0,0,0,0,0,1
1ado,A,297,LEU,3.8,166.7,0.0,0,0,X,0.0,0.0,0.0,0.0,0.0,0.0,0.0,0.0,41,0.04616115048661418,13,0,13,0,0,0,0,0,0,0,0,1
1ado,A,298,THR,-0.7,116.1,0.0,1,1,X,0.0,0.0,0.0,0.0,0.0,0.0,0.0,0.0,44,0.05408781269138631,12,0,12,0,0,0,0,0,0,0,0,1
1ado,A,299,PHE,2.8,189.9,0.0,0,0,X,0.0,0.0,0.0,0.0,0.0,0.0,0.0,0.0,46,0.05035761871267001,14,0,14,0,0,0,0,0,0,0,0,1
1ado,A,300,SER,-0.8,89.0,0.0,1,1,X,0.0,0.0,0.0,0.0,0.0,0.0,0.0,0.0,43,0.04755997322863279,19,9,10,0,0,0,0,0,0,0,0,1
1ado,A,301,TYR,-1.3,193.6,0.0,1,1,X,0.0,0.0,0.0,0.0,0.0,0.0,0.0,0.0,43,0.050823892960009553,19,11,8,0,0,0,0,0,0,0,0,1
1ado,A,302,GLY,-0.4,60.1,0.0,0,0,X,0.0,0.0,0.0,0.0,0.0,0.0,0.0,0.0,39,0.04289723075523742,24,25,-1,0,0,0,0,0,0,0,0,1
1ado,A,303,ARG,-4.5,173.4,1.0,5,0,X,0.0,0.0,0.0,0.0,0.0,0.0,0.0,0.0,31,0.04103213376587927,10,25,-15,0,0,0,0,0,0,0,0,1
1ado,A,304,ALA,1.8,88.6,0.0,0,0,X,0.0,0.0,0.0,0.0,0.0,0.0,0.0,0.0,40,0.04989134446533048,26,28,-2,0,0,0,0,0,0,0,0,1
1ado,A,305,LEU,3.8,166.7,0.0,0,0,X,0.0,0.0,0.0,0.0,0.0,0.0,0.0,0.0,45,0.053621538444046775,25,17,8,0,0,0,0,0,0,0,0,1
1ado,A,306,GLN,-3.5,143.8,0.0,2,2,X,0.0,0.0,0.0,0.0,0.0,0.0,0.0,0.0,37,0.04662742473395372,36,23,13,0,0,0,0,0,0,0,0,1
1ado,A,307,ALA,1.8,88.6,0.0,0,0,X,0.0,0.0,0.0,0.0,0.0,0.0,0.0,0.0,31,0.043363505002576956,38,29,9,0,0,0,0,0,0,0,0,1
1ado,A,308,SER,-0.8,89.0,0.0,1,1,X,0.0,0.0,0.0,0.0,0.0,0.0,0.0,0.0,32,0.04243095650789788,32,28,4,0,0,0,0,0,0,0,0,1
1ado,A,309,ALA,1.8,88.6,0.0,0,0,X,0.0,0.0,0.0,0.0,0.0,0.0,0.0,0.0,33,0.0526889899493677,23,19,4,0,0,0,0,0,0,0,0,1
1ado,A,310,LEU,3.8,166.7,0.0,0,0,X,0.0,0.0,0.0,0.0,0.0,0.0,0.0,0.0,38,0.04476232774459557,26,14,12,0,0,0,0,0,0,0,0,1
1ado,A,311,LYS,-3.9,168.6,1.0,2,0,X,0.0,0.0,0.0,0.0,0.0,0.0,0.0,0.0,25,0.0363693912924839,1,16,-15,0,0,0,0,0,0,0,0,1
1ado,A,312,ALA,1.8,88.6,0.0,0,0,X,0.0,0.0,0.0,0.0,0.0,0.0,0.0,0.0,26,0.03823448828184205,26,19,7,0,0,0,0,0,0,0,0,1
1ado,A,313,TRP,-0.9,227.8,0.0,1,0,X,0.0,0.0,0.0,0.0,0.0,0.0,0.0,0.0,33,0.04942507021799094,34,8,26,0,0,0,0,0,0,0,0,1
1ado,A,314,GLY,-0.4,60.1,0.0,0,0,X,0.0,0.0,0.0,0.0,0.0,0.0,0.0,0.0,27,0.03870076252918159,24,6,18,0,0,0,0,0,0,0,0,1
1ado,A,315,GLY,-0.4,60.1,0.0,0,0,X,0.0,0.0,0.0,0.0,0.0,0.0,0.0,0.0,21,0.0363693912924839,21,12,9,0,0,0,0,0,0,0,0,1
1ado,A,316,LYS,-3.9,168.6,1.0,2,0,X,0.0,0.0,0.0,0.0,0.0,0.0,0.0,0.0,19,0.030774100324409453,11,9,2,0,0,0,0,0,0,0,0,1
1ado,A,317,LYS,-3.9,168.6,1.0,2,0,X,0.0,0.0,0.0,0.0,0.0,0.0,0.0,0.0,18,0.030307826077069916,13,15,-2,0,0,0,0,0,0,0,0,1
1ado,A,318,GLU,-3.5,138.4,-1.0,1,3,X,0.0,0.0,0.0,0.0,0.0,0.0,0.0,0.0,12,0.026577632098353617,25,0,25,0,0,0,0,0,0,0,0,1
1ado,A,319,ASN,-3.5,114.1,0.0,2,2,X,0.0,0.0,0.0,0.0,0.0,0.0,0.0,0.0,20,0.040099585271200194,27,11,16,0,0,0,0,0,0,0,0,1
1ado,A,320,LEU,3.8,166.7,0.0,0,0,X,0.0,0.0,0.0,0.0,0.0,0.0,0.0,0.0,24,0.043829779249916496,23,14,9,0,0,0,0,0,0,0,0,1
1ado,A,321,LYS,-3.9,168.6,1.0,2,0,X,0.0,0.0,0.0,0.0,0.0,0.0,0.0,0.0,17,0.029375277582390842,5,24,-19,0,0,0,0,0,0,0,0,1
1ado,A,322,ALA,1.8,88.6,0.0,0,0,X,0.0,0.0,0.0,0.0,0.0,0.0,0.0,0.0,23,0.034970568550465285,23,27,-4,0,0,0,0,0,0,0,0,1
1ado,A,323,ALA,1.8,88.6,0.0,0,0,X,0.0,0.0,0.0,0.0,0.0,0.0,0.0,0.0,33,0.05035761871267001,22,23,-1,0,0,0,0,0,0,0,0,1
1ado,A,324,GLN,-3.5,143.8,0.0,2,2,X,0.0,0.0,0.0,0.0,0.0,0.0,0.0,0.0,31,0.04989134446533048,18,26,-8,0,0,0,0,0,0,0,0,1
1ado,A,325,GLU,-3.5,138.4,-1.0,1,3,X,0.0,0.0,0.0,0.0,0.0,0.0,0.0,0.0,21,0.03916703677652112,33,17,16,0,0,0,0,0,0,0,0,1
1ado,A,326,GLU,-3.5,138.4,-1.0,1,3,X,0.0,0.0,0.0,0.0,0.0,0.0,0.0,0.0,29,0.04196468226055834,36,14,22,0,0,0,0,0,0,0,0,1
1ado,A,327,TYR,-1.3,193.6,0.0,1,1,X,0.0,0.0,0.0,0.0,0.0,0.0,0.0,0.0,46,0.05455408693872585,30,30,0,0,0,0,0,0,0,0,0,1
1ado,A,328,VAL,4.2,140.0,0.0,0,0,X,0.0,0.0,0.0,0.0,0.0,0.0,0.0,0.0,30,0.048026247475972325,34,30,4,0,0,0,0,0,0,0,0,1
1ado,A,329,LYS,-3.9,168.6,1.0,2,0,X,0.0,0.0,0.0,0.0,0.0,0.0,0.0,0.0,27,0.03730193978716297,16,32,-16,0,0,0,0,0,0,0,0,1
1ado,A,330,ARG,-4.5,173.4,1.0,5,0,X,0.0,0.0,0.0,0.0,0.0,0.0,0.0,0.0,37,0.048026247475972325,11,34,-23,0,0,0,0,0,0,0,0,1
1ado,A,331,ALA,1.8,88.6,0.0,0,0,X,0.0,0.0,0.0,0.0,0.0,0.0,0.0,0.0,39,0.050823892960009553,35,13,22,0,0,0,0,0,0,0,0,1
1ado,A,332,LEU,3.8,166.7,0.0,0,0,X,0.0,0.0,0.0,0.0,0.0,0.0,0.0,0.0,28,0.04196468226055834,31,15,16,0,0,0,0,0,0,0,0,1
1ado,A,333,ALA,1.8,88.6,0.0,0,0,X,0.0,0.0,0.0,0.0,0.0,0.0,0.0,0.0,33,0.045228601991935104,25,14,11,0,0,0,0,0,0,0,0,1
1ado,A,334,ASN,-3.5,114.1,0.0,2,2,X,0.0,0.0,0.0,0.0,0.0,0.0,0.0,0.0,46,0.05595290968074446,23,21,2,0,0,0,0,0,0,0,0,1
1ado,A,335,SER,-0.8,89.0,0.0,1,1,X,0.0,0.0,0.0,0.0,0.0,0.0,0.0,0.0,36,0.048958795970651406,27,0,27,0,0,0,0,0,0,0,0,1
1ado,A,336,LEU,3.8,166.7,0.0,0,0,X,0.0,0.0,0.0,0.0,0.0,0.0,0.0,0.0,28,0.043363505002576956,17,0,17,0,0,0,0,0,0,0,0,1
1ado,A,337,ALA,1.8,88.6,0.0,0,0,X,0.0,0.0,0.0,0.0,0.0,0.0,0.0,0.0,37,0.058284280917442144,22,3,19,0,0,0,0,0,0,0,0,1
1ado,A,338,CYS,2.5,108.5,0.0,1,0,X,0.0,0.0,0.0,0.0,0.0,0.0,0.0,0.0,42,0.053621538444046775,19,0,19,0,0,0,0,0,0,0,0,1
1ado,A,339,GLN,-3.5,143.8,0.0,2,2,X,0.0,0.0,0.0,0.0,0.0,0.0,0.0,0.0,27,0.040565859518539735,17,0,17,0,0,0,0,0,0,0,0,1
1ado,A,340,GLY,-0.4,60.1,0.0,0,0,X,0.0,0.0,0.0,0.0,0.0,0.0,0.0,0.0,24,0.04289723075523742,20,0,20,0,0,0,0,0,0,0,0,1
1ado,A,341,LYS,-3.9,168.6,1.0,2,0,X,0.0,0.0,0.0,0.0,0.0,0.0,0.0,0.0,18,0.03403802005578621,7,0,7,0,0,0,0,0,0,0,0,1
1ado,A,342,TYR,-1.3,193.6,0.0,1,1,X,0.0,0.0,0.0,0.0,0.0,0.0,0.0,0.0,29,0.04429605349725603,22,15,7,0,0,0,0,0,0,0,0,1
1ado,A,343,THR,-0.7,116.1,0.0,1,1,X,0.0,0.0,0.0,0.0,0.0,0.0,0.0,0.0,15,0.02331371236697686,11,4,7,0,0,0,0,0,0,0,0,1
1ado,A,344,SER,-0.8,89.0,0.0,1,1,X,0.0,0.0,0.0,0.0,0.0,0.0,0.0,0.0,20,0.028909003335051305,13,12,1,0,0,0,0,0,0,0,0,1
1ado,A,345,SER,-0.8,89.0,0.0,1,1,X,0.0,0.0,0.0,0.0,0.0,0.0,0.0,0.0,13,0.020516066882939634,8,10,-2,0,0,0,0,0,0,0,0,1
1ado,A,346,GLY,-0.4,60.1,0.0,0,0,X,0.0,0.0,0.0,0.0,0.0,0.0,0.0,0.0,17,0.01818469564624195,9,12,-3,0,0,0,0,0,0,0,0,1
1ado,A,347,GLN,-3.5,143.8,0.0,2,2,X,0.0,0.0,0.0,0.0,0.0,0.0,0.0,0.0,14,0.01818469564624195,2,11,-9,0,0,0,0,0,0,0,0,1
1ado,A,348,ALA,1.8,88.6,0.0,0,0,X,0.0,0.0,0.0,0.0,0.0,0.0,0.0,0.0,7,0.013988227420186116,0,1,-1,0,0,0,0,0,0,0,0,1
1ado,A,349,GLY,-0.4,60.1,0.0,0,0,X,0.0,0.0,0.0,0.0,0.0,0.0,0.0,0.0,7,0.012589404678167503,1,0,1,0,0,0,0,0,0,0,0,1
1ado,A,350,ALA,1.8,88.6,0.0,0,0,X,0.0,0.0,0.0,0.0,0.0,0.0,0.0,0.0,12,0.016319598656883802,5,2,3,0,0,0,0,0,0,0,0,1
1ado,A,351,ALA,1.8,88.6,0.0,0,0,X,0.0,0.0,0.0,0.0,0.0,0.0,0.0,0.0,19,0.020049792635600097,15,19,-4,0,0,0,0,0,0,0,0,1
1ado,A,352,ALA,1.8,88.6,0.0,0,0,X,0.0,0.0,0.0,0.0,0.0,0.0,0.0,0.0,23,0.025645083603674543,22,26,-4,0,0,0,0,0,0,0,0,1
1ado,A,353,SER,-0.8,89.0,0.0,1,1,X,0.0,0.0,0.0,0.0,0.0,0.0,0.0,0.0,19,0.02471253510899547,18,16,2,0,0,0,0,0,0,0,0,1
1ado,A,354,GLU,-3.5,138.4,-1.0,1,3,X,0.0,0.0,0.0,0.0,0.0,0.0,0.0,0.0,19,0.020049792635600097,31,5,26,0,0,0,0,0,0,0,0,1
1ado,A,355,SER,-0.8,89.0,0.0,1,1,X,0.0,0.0,0.0,0.0,0.0,0.0,0.0,0.0,14,0.01818469564624195,15,9,6,0,0,0,0,0,0,0,0,1
1ado,A,356,LEU,3.8,166.7,0.0,0,0,X,0.0,0.0,0.0,0.0,0.0,0.0,0.0,0.0,12,0.01958351838826056,6,5,1,0,0,0,0,0,0,0,0,1
1ado,A,357,PHE,2.8,189.9,0.0,0,0,X,0.0,0.0,0.0,0.0,0.0,0.0,0.0,0.0,7,0.017718421398902413,3,2,1,0,0,0,0,0,0,0,0,1
1ado,A,358,ILE,4.5,166.7,0.0,0,0,X,0.0,0.0,0.0,0.0,0.0,0.0,0.0,0.0,7,0.019117244140921023,6,1,5,0,0,0,0,0,0,0,0,1
1ado,A,359,SER,-0.8,89.0,0.0,1,1,X,0.0,0.0,0.0,0.0,0.0,0.0,0.0,0.0,8,0.02144861537761871,10,0,10,0,0,0,0,0,0,0,0,1
1ado,A,360,ASN,-3.5,114.1,0.0,2,2,X,0.0,0.0,0.0,0.0,0.0,0.0,0.0,0.0,8,0.022847438119637322,10,0,10,0,0,0,0,0,0,0,0,1
1ado,A,361,HIS,-3.2,153.2,0.1,2,1,X,0.0,0.0,0.0,0.0,0.0,0.0,0.0,0.0,7,0.022381163872297785,0,0,0,0,0,0,0,0,0,0,0,1
1ado,A,362,ALA,1.8,88.6,0.0,0,0,X,0.0,0.0,0.0,0.0,0.0,0.0,0.0,0.0,5,0.017718421398902413,10,0,10,0,0,0,0,0,0,0,0,1
1ado,A,363,TYR,-1.3,193.6,0.0,1,1,X,0.0,0.0,0.0,0.0,0.0,0.0,0.0,0.0,5,0.01678587290422334,10,0,10,0,0,0,0,0,0,0,0,1
1ado,B,1,PRO,-1.6,112.7,0.0,0,0,X,0.0,0.0,0.0,0.0,0.0,0.0,0.0,0.0,28,0.03870076252918159,59,9,50,0,0,0,0,0,0,0,0,1
1ado,B,2,HIS,-3.2,153.2,0.1,2,1,X,0.0,0.0,0.0,0.0,0.0,0.0,0.0,0.0,22,0.03403802005578621,50,16,34,0,0,0,0,0,0,0,0,1
1ado,B,3,SER,-0.8,89.0,0.0,1,1,X,0.0,0.0,0.0,0.0,0.0,0.0,0.0,0.0,22,0.03823448828184205,59,4,55,0,0,0,0,0,0,0,0,1
1ado,B,4,HIS,-3.2,153.2,0.1,2,1,X,0.0,0.0,0.0,0.0,0.0,0.0,0.0,0.0,21,0.032172923066428064,29,7,22,0,0,0,0,0,0,0,0,1
1ado,B,5,PRO,-1.6,112.7,0.0,0,0,X,0.0,0.0,0.0,0.0,0.0,0.0,0.0,0.0,19,0.02797645484037223,27,0,27,0,0,0,0,0,0,0,0,1
1ado,B,6,ALA,1.8,88.6,0.0,0,0,X,0.0,0.0,0.0,0.0,0.0,0.0,0.0,0.0,25,0.03450429430312575,28,0,28,0,0,0,0,0,0,0,0,1
1ado,B,7,LEU,3.8,166.7,0.0,0,0,X,0.0,0.0,0.0,0.0,0.0,0.0,0.0,0.0,28,0.03776821403450251,24,9,15,0,0,0,0,0,0,0,0,1
1ado,B,8,THR,-0.7,116.1,0.0,1,1,X,0.0,0.0,0.0,0.0,0.0,0.0,0.0,0.0,14,0.02797645484037223,16,13,3,0,0,0,0,0,0,0,0,1
1ado,B,9,PRO,-1.6,112.7,0.0,0,0,X,0.0,0.0,0.0,0.0,0.0,0.0,0.0,0.0,13,0.025645083603674543,19,13,6,0,0,0,0,0,0,0,0,1
1ado,B,10,GLU,-3.5,138.4,-1.0,1,3,X,0.0,0.0,0.0,0.0,0.0,0.0,0.0,0.0,10,0.027043906345693154,18,9,9,0,0,0,0,0,0,0,0,1
1ado,B,11,GLN,-3.5,143.8,0.0,2,2,X,0.0,0.0,0.0,0.0,0.0,0.0,0.0,0.0,21,0.03823448828184205,17,18,-1,0,0,0,0,0,0,0,0,1
1ado,B,12,LYS,-3.9,168.6,1.0,2,0,X,0.0,0.0,0.0,0.0,0.0,0.0,0.0,0.0,24,0.043829779249916496,15,32,-17,0,0,0,0,0,0,0,0,1
1ado,B,13,LYS,-3.9,168.6,1.0,2,0,X,0.0,0.0,0.0,0.0,0.0,0.0,0.0,0.0,15,0.03357174580844668,14,30,-16,0,0,0,0,0,0,0,0,1
1ado,B,14,GLU,-3.5,138.4,-1.0,1,3,X,0.0,0.0,0.0,0.0,0.0,0.0,0.0,0.0,27,0.03450429430312575,26,23,3,0,0,0,0,0,0,0,0,1
1ado,B,15,LEU,3.8,166.7,0.0,0,0,X,0.0,0.0,0.0,0.0,0.0,0.0,0.0,0.0,35,0.053155264196707235,27,36,-9,0,0,0,0,0,0,0,0,1
1ado,B,16,SER,-0.8,89.0,0.0,1,1,X,0.0,0.0,0.0,0.0,0.0,0.0,0.0,0.0,31,0.048026247475972325,35,28,7,0,0,0,0,0,0,0,0,1
1ado,B,17,ASP,-3.5,111.1,-1.0,1,3,X,0.0,0.0,0.0,0.0,0.0,0.0,0.0,0.0,21,0.03403802005578621,36,17,19,0,0,0,0,0,0,0,0,1
1ado,B,18,ILE,4.5,166.7,0.0,0,0,X,0.0,0.0,0.0,0.0,0.0,0.0,0.0,0.0,35,0.04476232774459557,34,27,7,0,0,0,0,0,0,0,0,1
1ado,B,19,ALA,1.8,88.6,0.0,0,0,X,0.0,0.0,0.0,0.0,0.0,0.0,0.0,0.0,37,0.050823892960009553,25,25,0,0,0,0,0,0,0,0,0,1
1ado,B,20,HIS,-3.2,153.2,0.1,2,1,X,0.0,0.0,0.0,0.0,0.0,0.0,0.0,0.0,29,0.03916703677652112,16,16,0,0,0,0,0,0,0,0,0,1
1ado,B,21,ARG,-4.5,173.4,1.0,5,0,X,0.0,0.0,0.0,0.0,0.0,0.0,0.0,0.0,28,0.03590311704514436,20,17,3,0,0,0,0,0,0,0,0,1
1ado,B,22,ILE,4.5,166.7,0.0,0,0,X,0.0,0.0,0.0,0.0,0.0,0.0,0.0,0.0,41,0.048026247475972325,29,11,18,0,0,0,0,0,0,0,0,1
1ado,B,23,VAL,4.2,140.0,0.0,0,0,X,0.0,0.0,0.0,0.0,0.0,0.0,0.0,0.0,38,0.048492521723311866,26,3,23,0,0,0,0,0,0,0,0,1
1ado,B,24,ALA,1.8,88.6,0.0,0,0,X,0.0,0.0,0.0,0.0,0.0,0.0,0.0,0.0,32,0.030307826077069916,28,1,27,0,0,0,0,0,0,0,0,1
1ado,B,25,PRO,-1.6,112.7,0.0,0,0,X,0.0,0.0,0.0,0.0,0.0,0.0,0.0,0.0,21,0.026577632098353617,21,0,21,0,0,0,0,0,0,0,0,1
1ado,B,26,GLY,-0.4,60.1,0.0,0,0,X,0.0,0.0,0.0,0.0,0.0,0.0,0.0,0.0,34,0.03963331102386066,19,0,19,0,0,0,0,0,0,0,0,1
1ado,B,27,LYS,-3.9,168.6,1.0,2,0,X,0.0,0.0,0.0,0.0,0.0,0.0,0.0,0.0,36,0.04989134446533048,13,0,13,0,0,0,0,0,0,0,0,1
1ado,B,28,GLY,-0.4,60.1,0.0,0,0,X,0.0,0.0,0.0,0.0,0.0,0.0,0.0,0.0,47,0.053155264196707235,14,0,14,0,0,0,0,0,0,0,0,1
1ado,B,29,ILE,4.5,166.7,0.0,0,0,X,0.0,0.0,0.0,0.0,0.0,0.0,0.0,0.0,45,0.05175644145468863,18,3,15,0,0,0,0,0,0,0,0,1
1ado,B,30,LEU,3.8,166.7,0.0,0,0,X,0.0,0.0,0.0,0.0,0.0,0.0,0.0,0.0,38,0.04989134446533048,12,11,1,0,0,0,0,0,0,0,0,1
1ado,B,31,ALA,1.8,88.6,0.0,0,0,X,0.0,0.0,0.0,0.0,0.0,0.0,0.0,0.0,40,0.045228601991935104,29,20,9,0,0,0,0,0,0,0,0,1
1ado,B,32,ALA,1.8,88.6,0.0,0,0,X,0.0,0.0,0.0,0.0,0.0,0.0,0.0,0.0,38,0.045228601991935104,30,17,13,0,0,0,0,0,0,0,0,1
1ado,B,33,ASP,-3.5,111.1,-1.0,1,3,X,0.0,0.0,0.0,0.0,0.0,0.0,0.0,0.0,36,0.045228601991935104,41,18,23,0,0,0,0,0,0,0,0,1
1ado,B,34,GLU,-3.5,138.4,-1.0,1,3,X,0.0,0.0,0.0,0.0,0.0,0.0,0.0,0.0,31,0.04103213376587927,48,10,38,0,0,0,0,0,0,0,0,1
1ado,B,35,SER,-0.8,89.0,0.0,1,1,X,0.0,0.0,0.0,0.0,0.0,0.0,0.0,0.0,23,0.03450429430312575,33,26,7,0,0,0,0,0,0,0,0,1
1ado,B,36,THR,-0.7,116.1,0.0,1,1,X,0.0,0.0,0.0,0.0,0.0,0.0,0.0,0.0,23,0.03403802005578621,23,24,-1,0,0,0,0,0,0,0,0,1
1ado,B,37,GLY,-0.4,60.1,0.0,0,0,X,0.0,0.0,0.0,0.0,0.0,0.0,0.0,0.0,17,0.022847438119637322,29,10,19,0,0,0,0,0,0,0,0,1
1ado,B,38,SER,-0.8,89.0,0.0,1,1,X,0.0,0.0,0.0,0.0,0.0,0.0,0.0,0.0,23,0.032172923066428064,36,17,19,0,0,0,0,0,0,0,0,1
1ado,B,39,ILE,4.5,166.7,0.0,0,0,X,0.0,0.0,0.0,0.0,0.0,0.0,0.0,0.0,32,0.04429605349725603,42,21,21,0,0,0,0,0,0,0,0,1
1ado,B,40,ALA,1.8,88.6,0.0,0,0,X,0.0,0.0,0.0,0.0,0.0,0.0,0.0,0.0,23,0.04289723075523742,33,13,20,0,0,0,0,0,0,0,0,1
1ado,B,41,LYS,-3.9,168.6,1.0,2,0,X,0.0,0.0,0.0,0.0,0.0,0.0,0.0,0.0,21,0.04103213376587927,20,7,13,0,0,0,0,0,0,0,0,1
1ado,B,42,ARG,-4.5,173.4,1.0,5,0,X,0.0,0.0,0.0,0.0,0.0,0.0,0.0,0.0,25,0.040565859518539735,24,14,10,0,0,0,0,0,0,0,0,1
1ado,B,43,LEU,3.8,166.7,0.0,0,0,X,0.0,0.0,0.0,0.0,0.0,0.0,0.0,0.0,30,0.048958795970651406,33,9,24,0,0,0,0,0,0,0,0,1
1ado,B,44,GLN,-3.5,143.8,0.0,2,2,X,0.0,0.0,0.0,0.0,0.0,0.0,0.0,0.0,19,0.03730193978716297,16,9,7,0,0,0,0,0,0,0,0,1
1ado,B,45,SER,-0.8,89.0,0.0,1,1,X,0.0,0.0,0.0,0.0,0.0,0.0,0.0,0.0,21,0.030307826077069916,31,7,24,0,0,0,0,0,0,0,0,1
1ado,B,46,ILE,4.5,166.7,0.0,0,0,X,0.0,0.0,0.0,0.0,0.0,0.0,0.0,0.0,26,0.032639197313767604,25,5,20,0,0,0,0,0,0,0,0,1
1ado,B,47,GLY,-0.4,60.1,0.0,0,0,X,0.0,0.0,0.0,0.0,0.0,0.0,0.0,0.0,19,0.025178809356335007,14,9,5,0,0,0,0,0,0,0,0,1
1ado,B,48,THR,-0.7,116.1,0.0,1,1,X,0.0,0.0,0.0,0.0,0.0,0.0,0.0,0.0,22,0.03683566553982344,17,10,7,0,0,0,0,0,0,0,0,1
1ado,B,49,GLU,-3.5,138.4,-1.0,1,3,X,0.0,0.0,0.0,0.0,0.0,0.0,0.0,0.0,17,0.03124037457174899,3,6,-3,0,0,0,0,0,0,0,0,1
1ado,B,50,ASN,-3.5,114.1,0.0,2,2,X,0.0,0.0,0.0,0.0,0.0,0.0,0.0,0.0,23,0.04149840801321881,24,24,0,0,0,0,0,0,0,0,0,1
1ado,B,51,THR,-0.7,116.1,0.0,1,1,X,0.0,0.0,0.0,0.0,0.0,0.0,0.0,0.0,19,0.03357174580844668,20,31,-11,0,0,0,0,0,0,0,0,1
1ado,B,52,GLU,-3.5,138.4,-1.0,1,3,X,0.0,0.0,0.0,0.0,0.0,0.0,0.0,0.0,20,0.034970568550465285,29,20,9,0,0,0,0,0,0,0,0,1
1ado,B,53,GLU,-3.5,138.4,-1.0,1,3,X,0.0,0.0,0.0,0.0,0.0,0.0,0.0,0.0,21,0.03450429430312575,29,20,9,0,0,0,0,0,0,0,0,1
1ado,B,54,ASN,-3.5,114.1,0.0,2,2,X,0.0,0.0,0.0,0.0,0.0,0.0,0.0,0.0,25,0.04616115048661418,34,26,8,0,0,0,0,0,0,0,0,1
1ado,B,55,ARG,-4.5,173.4,1.0,5,0,X,0.0,0.0,0.0,0.0,0.0,0.0,0.0,0.0,28,0.05408781269138631,22,38,-16,0,0,0,0,0,0,0,0,1
1ado,B,56,ARG,-4.5,173.4,1.0,5,0,X,0.0,0.0,0.0,0.0,0.0,0.0,0.0,0.0,24,0.053621538444046775,28,34,-6,0,0,0,0,0,0,0,0,1
1ado,B,57,PHE,2.8,189.9,0.0,0,0,X,0.0,0.0,0.0,0.0,0.0,0.0,0.0,0.0,29,0.04616115048661418,39,18,21,0,0,0,0,0,0,0,0,1
1ado,B,58,TYR,-1.3,193.6,0.0,1,1,X,0.0,0.0,0.0,0.0,0.0,0.0,0.0,0.0,40,0.04662742473395372,34,9,25,0,0,0,0,0,0,0,0,1
1ado,B,59,ARG,-4.5,173.4,1.0,5,0,X,0.0,0.0,0.0,0.0,0.0,0.0,0.0,0.0,37,0.048492521723311866,23,31,-8,0,0,0,0,0,0,0,0,1
1ado,B,60,GLN,-3.5,143.8,0.0,2,2,X,0.0,0.0,0.0,0.0,0.0,0.0,0.0,0.0,27,0.05129016720734909,31,23,8,0,0,0,0,0,0,0,0,1
1ado,B,61,LEU,3.8,166.7,0.0,0,0,X,0.0,0.0,0.0,0.0,0.0,0.0,0.0,0.0,35,0.050823892960009553,32,8,24,0,0,0,0,0,0,0,0,1
1ado,B,62,LEU,3.8,166.7,0.0,0,0,X,0.0,0.0,0.0,0.0,0.0,0.0,0.0,0.0,42,0.04755997322863279,18,8,10,0,0,0,0,0,0,0,0,1
1ado,B,63,LEU,3.8,166.7,0.0,0,0,X,0.0,0.0,0.0,0.0,0.0,0.0,0.0,0.0,38,0.04616115048661418,28,4,24,0,0,0,0,0,0,0,0,1
1ado,B,64,THR,-0.7,116.1,0.0,1,1,X,0.0,0.0,0.0,0.0,0.0,0.0,0.0,0.0,28,0.03590311704514436,23,24,-1,0,0,0,0,0,0,0,0,1
1ado,B,65,ALA,1.8,88.6,0.0,0,0,X,0.0,0.0,0.0,0.0,0.0,0.0,0.0,0.0,28,0.04196468226055834,32,26,6,0,0,0,0,0,0,0,0,1
1ado,B,66,ASP,-3.5,111.1,-1.0,1,3,X,0.0,0.0,0.0,0.0,0.0,0.0,0.0,0.0,22,0.034970568550465285,27,18,9,0,0,0,0,0,0,0,0,1
1ado,B,67,ASP,-3.5,111.1,-1.0,1,3,X,0.0,0.0,0.0,0.0,0.0,0.0,0.0,0.0,15,0.028909003335051305,20,8,12,0,0,0,0,0,0,0,0,1
1ado,B,68,ARG,-4.5,173.4,1.0,5,0,X,0.0,0.0,0.0,0.0,0.0,0.0,0.0,0.0,18,0.03310547156110714,10,25,-15,0,0,0,0,0,0,0,0,1
1ado,B,69,VAL,4.2,140.0,0.0,0,0,X,0.0,0.0,0.0,0.0,0.0,0.0,0.0,0.0,35,0.048492521723311866,33,17,16,0,0,0,0,0,0,0,0,1
1ado,B,70,ASN,-3.5,114.1,0.0,2,2,X,0.0,0.0,0.0,0.0,0.0,0.0,0.0,0.0,27,0.03730193978716297,26,16,10,0,0,0,0,0,0,0,0,1
1ado,B,71,PRO,-1.6,112.7,0.0,0,0,X,0.0,0.0,0.0,0.0,0.0,0.0,0.0,0.0,28,0.03170664881908853,24,10,14,0,0,0,0,0,0,0,0,1
1ado,B,72,CYS,2.5,108.5,0.0,1,0,X,0.0,0.0,0.0,0.0,0.0,0.0,0.0,0.0,39,0.04616115048661418,28,5,23,0,0,0,0,0,0,0,0,1
1ado,B,73,ILE,4.5,166.7,0.0,0,0,X,0.0,0.0,0.0,0.0,0.0,0.0,0.0,0.0,46,0.048958795970651406,27,3,24,0,0,0,0,0,0,0,0,1
1ado,B,74,GLY,-0.4,60.1,0.0,0,0,X,0.0,0.0,0.0,0.0,0.0,0.0,0.0,0.0,38,0.04942507021799094,33,0,33,0,0,0,0,0,0,0,0,1
1ado,B,75,GLY,-0.4,60.1,0.0,0,0,X,0.0,0.0,0.0,0.0,0.0,0.0,0.0,0.0,42,0.04755997322863279,22,2,20,0,0,0,0,0,0,0,0,1
1ado,B,76,VAL,4.2,140.0,0.0,0,0,X,0.0,0.0,0.0,0.0,0.0,0.0,0.0,0.0,44,0.048958795970651406,9,8,1,0,0,0,0,0,0,0,0,1
1ado,B,77,ILE,4.5,166.7,0.0,0,0,X,0.0,0.0,0.0,0.0,0.0,0.0,0.0,0.0,44,0.053621538444046775,27,20,7,0,0,0,0,0,0,0,0,1
1ado,B,78,LEU,3.8,166.7,0.0,0,0,X,0.0,0.0,0.0,0.0,0.0,0.0,0.0,0.0,37,0.05175644145468863,34,24,10,0,0,0,0,0,0,0,0,1
1ado,B,79,PHE,2.8,189.9,0.0,0,0,X,0.0,0.0,0.0,0.0,0.0,0.0,0.0,0.0,26,0.048492521723311866,35,29,6,0,0,0,0,0,0,0,0,1
1ado,B,80,HIS,-3.2,153.2,0.1,2,1,X,0.0,0.0,0.0,0.0,0.0,0.0,0.0,0.0,23,0.040099585271200194,19,17,2,0,0,0,0,0,0,0,0,1
1ado,B,81,GLU,-3.5,138.4,-1.0,1,3,X,0.0,0.0,0.0,0.0,0.0,0.0,0.0,0.0,24,0.0363693912924839,37,18,19,0,0,0,0,0,0,0,0,1
1ado,B,82,THR,-0.7,116.1,0.0,1,1,X,0.0,0.0,0.0,0.0,0.0,0.0,0.0,0.0,32,0.048026247475972325,48,26,22,0,0,0,0,0,0,0,0,1
1ado,B,83,LEU,3.8,166.7,0.0,0,0,X,0.0,0.0,0.0,0.0,0.0,0.0,0.0,0.0,32,0.04755997322863279,23,16,7,0,0,0,0,0,0,0,0,1
1ado,B,84,TYR,-1.3,193.6,0.0,1,1,X,0.0,0.0,0.0,0.0,0.0,0.0,0.0,0.0,20,0.03730193978716297,21,18,3,0,0,0,0,0,0,0,0,1
1ado,B,85,GLN,-3.5,143.8,0.0,2,2,X,0.0,0.0,0.0,0.0,0.0,0.0,0.0,0.0,25,0.04196468226055834,50,29,21,0,0,0,0,0,0,0,0,1
1ado,B,86,LYS,-3.9,168.6,1.0,2,0,X,0.0,0.0,0.0,0.0,0.0,0.0,0.0,0.0,19,0.04103213376587927,18,21,-3,0,0,0,0,0,0,0,0,1
1ado,B,87,ALA,1.8,88.6,0.0,0,0,X,0.0,0.0,0.0,0.0,0.0,0.0,0.0,0.0,22,0.04243095650789788,35,19,16,0,0,0,0,0,0,0,0,1
1ado,B,88,ASP,-3.5,111.1,-1.0,1,3,X,0.0,0.0,0.0,0.0,0.0,0.0,0.0,0.0,16,0.024246260861655933,26,13,13,0,0,0,0,0,0,0,0,1
1ado,B,89,ASP,-3.5,111.1,-1.0,1,3,X,0.0,0.0,0.0,0.0,0.0,0.0,0.0,0.0,13,0.020049792635600097,23,8,15,0,0,0,0,0,0,0,0,1
1ado,B,90,GLY,-0.4,60.1,0.0,0,0,X,0.0,0.0,0.0,0.0,0.0,0.0,0.0,0.0,14,0.02471253510899547,25,16,9,0,0,0,0,0,0,0,0,1
1ado,B,91,ARG,-4.5,173.4,1.0,5,0,X,0.0,0.0,0.0,0.0,0.0,0.0,0.0,0.0,18,0.03590311704514436,16,13,3,0,0,0,0,0,0,0,0,1
1ado,B,92,PRO,-1.6,112.7,0.0,0,0,X,0.0,0.0,0.0,0.0,0.0,0.0,0.0,0.0,23,0.040565859518539735,26,16,10,0,0,0,0,0,0,0,0,1
1ado,B,93,PHE,2.8,189.9,0.0,0,0,X,0.0,0.0,0.0,0.0,0.0,0.0,0.0,0.0,34,0.05035761871267001,44,14,30,0,0,0,0,0,0,0,0,1
1ado,B,94,PRO,-1.6,112.7,0.0,0,0,X,0.0,0.0,0.0,0.0,0.0,0.0,0.0,0.0,33,0.04476232774459557,30,11,19,0,0,0,0,0,0,0,0,1
1ado,B,95,GLN,-3.5,143.8,0.0,2,2,X,0.0,0.0,0.0,0.0,0.0,0.0,0.0,0.0,18,0.0363693912924839,30,8,22,0,0,0,0,0,0,0,0,1
1ado,B,96,VAL,4.2,140.0,0.0,0,0,X,0.0,0.0,0.0,0.0,0.0,0.0,0.0,0.0,29,0.045694876239274644,35,10,25,0,0,0,0,0,0,0,0,1
1ado,B,97,ILE,4.5,166.7,0.0,0,0,X,0.0,0.0,0.0,0.0,0.0,0.0,0.0,0.0,37,0.04476232774459557,28,1,27,0,0,0,0,0,0,0,0,1
1ado,B,98,LYS,-3.9,168.6,1.0,2,0,X,0.0,0.0,0.0,0.0,0.0,0.0,0.0,0.0,26,0.03403802005578621,15,8,7,0,0,0,0,0,0,0,0,1
1ado,B,99,SER,-0.8,89.0,0.0,1,1,X,0.0,0.0,0.0,0.0,0.0,0.0,0.0,0.0,18,0.029375277582390842,26,5,21,0,0,0,0,0,0,0,0,1
1ado,B,100,LYS,-3.9,168.6,1.0,2,0,X,0.0,0.0,0.0,0.0,0.0,0.0,0.0,0.0,28,0.03310547156110714,16,15,1,0,0,0,0,0,0,0,0,1
1ado,B,101,GLY,-0.4,60.1,0.0,0,0,X,0.0,0.0,0.0,0.0,0.0,0.0,0.0,0.0,25,0.032639197313767604,33,3,30,0,0,0,0,0,0,0,0,1
1ado,B,102,GLY,-0.4,60.1,0.0,0,0,X,0.0,0.0,0.0,0.0,0.0,0.0,0.0,0.0,34,0.04289723075523742,34,6,28,0,0,0,0,0,0,0,0,1
1ado,B,103,VAL,4.2,140.0,0.0,0,0,X,0.0,0.0,0.0,0.0,0.0,0.0,0.0,0.0,39,0.048492521723311866,34,10,24,0,0,0,0,0,0,0,0,1
1ado,B,104,VAL,4.2,140.0,0.0,0,0,X,0.0,0.0,0.0,0.0,0.0,0.0,0.0,0.0,39,0.050823892960009553,20,13,7,0,0,0,0,0,0,0,0,1
1ado,B,105,GLY,-0.4,60.1,0.0,0,0,X,0.0,0.0,0.0,0.0,0.0,0.0,0.0,0.0,41,0.048492521723311866,23,18,5,0,0,0,0,0,0,0,0,1
1ado,B,106,ILE,4.5,166.7,0.0,0,0,X,0.0,0.0,0.0,0.0,0.0,0.0,0.0,0.0,38,0.0526889899493677,39,26,13,0,0,0,0,0,0,0,0,1
1ado,B,107,LYS,-3.9,168.6,1.0,2,0,X,0.0,0.0,0.0,0.0,0.0,0.0,0.0,0.0,37,0.045228601991935104,38,29,9,0,0,0,0,0,0,0,0,1
1ado,B,108,VAL,4.2,140.0,0.0,0,0,X,0.0,0.0,0.0,0.0,0.0,0.0,0.0,0.0,36,0.048026247475972325,49,16,33,0,0,0,0,0,0,0,0,1
1ado,B,109,ASP,-3.5,111.1,-1.0,1,3,X,0.0,0.0,0.0,0.0,0.0,0.0,0.0,0.0,33,0.045694876239274644,43,14,29,0,0,0,0,0,0,0,0,1
1ado,B,110,LYS,-3.9,168.6,1.0,2,0,X,0.0,0.0,0.0,0.0,0.0,0.0,0.0,0.0,23,0.034970568550465285,19,25,-6,0,0,0,0,0,0,0,0,1
1ado,B,111,GLY,-0.4,60.1,0.0,0,0,X,0.0,0.0,0.0,0.0,0.0,0.0,0.0,0.0,24,0.03310547156110714,29,15,14,0,0,0,0,0,0,0,0,1
1ado,B,112,VAL,4.2,140.0,0.0,0,0,X,0.0,0.0,0.0,0.0,0.0,0.0,0.0,0.0,21,0.0363693912924839,18,11,7,0,0,0,0,0,0,0,0,1
1ado,B,113,VAL,4.2,140.0,0.0,0,0,X,0.0,0.0,0.0,0.0,0.0,0.0,0.0,0.0,30,0.03310547156110714,14,18,-4,0,0,0,0,0,0,0,0,1
1ado,B,114,PRO,-1.6,112.7,0.0,0,0,X,0.0,0.0,0.0,0.0,0.0,0.0,0.0,0.0,25,0.02984155182973038,6,9,-3,0,0,0,0,0,0,0,0,1
1ado,B,115,LEU,3.8,166.7,0.0,0,0,X,0.0,0.0,0.0,0.0,0.0,0.0,0.0,0.0,35,0.04149840801321881,31,20,11,0,0,0,0,0,0,0,0,1
1ado,B,116,ALA,1.8,88.6,0.0,0,0,X,0.0,0.0,0.0,0.0,0.0,0.0,0.0,0.0,35,0.03730193978716297,39,11,28,0,0,0,0,0,0,0,0,1
1ado,B,117,GLY,-0.4,60.1,0.0,0,0,X,0.0,0.0,0.0,0.0,0.0,0.0,0.0,0.0,29,0.03963331102386066,36,12,24,0,0,0,0,0,0,0,0,1
1ado,B,118,THR,-0.7,116.1,0.0,1,1,X,0.0,0.0,0.0,0.0,0.0,0.0,0.0,0.0,30,0.04196468226055834,35,11,24,0,0,0,0,0,0,0,0,1
1ado,B,119,ASN,-3.5,114.1,0.0,2,2,X,0.0,0.0,0.0,0.0,0.0,0.0,0.0,0.0,20,0.030307826077069916,34,15,19,0,0,0,0,0,0,0,0,1
1ado,B,120,GLY,-0.4,60.1,0.0,0,0,X,0.0,0.0,0.0,0.0,0.0,0.0,0.0,0.0,23,0.027043906345693154,20,9,11,0,0,0,0,0,0,0,0,1
1ado,B,121,GLU,-3.5,138.4,-1.0,1,3,X,0.0,0.0,0.0,0.0,0.0,0.0,0.0,0.0,29,0.04103213376587927,23,2,21,0,0,0,0,0,0,0,0,1
1ado,B,122,THR,-0.7,116.1,0.0,1,1,X,0.0,0.0,0.0,0.0,0.0,0.0,0.0,0.0,30,0.04243095650789788,15,19,-4,0,0,0,0,0,0,0,0,1
1ado,B,123,THR,-0.7,116.1,0.0,1,1,X,0.0,0.0,0.0,0.0,0.0,0.0,0.0,0.0,35,0.05129016720734909,17,21,-4,0,0,0,0,0,0,0,0,1
1ado,B,124,THR,-0.7,116.1,0.0,1,1,X,0.0,0.0,0.0,0.0,0.0,0.0,0.0,0.0,31,0.05408781269138631,23,26,-3,0,0,0,0,0,0,0,0,1
1ado,B,125,GLN,-3.5,143.8,0.0,2,2,X,0.0,0.0,0.0,0.0,0.0,0.0,0.0,0.0,24,0.048958795970651406,19,29,-10,0,0,0,0,0,0,0,0,1
1ado,B,126,GLY,-0.4,60.1,0.0,0,0,X,0.0,0.0,0.0,0.0,0.0,0.0,0.0,0.0,26,0.045228601991935104,32,24,8,0,0,0,0,0,0,0,0,1
1ado,B,127,LEU,3.8,166.7,0.0,0,0,X,0.0,0.0,0.0,0.0,0.0,0.0,0.0,0.0,28,0.04662742473395372,28,27,1,0,0,0,0,0,0,0,0,1
1ado,B,128,ASP,-3.5,111.1,-1.0,1,3,X,0.0,0.0,0.0,0.0,0.0,0.0,0.0,0.0,19,0.040565859518539735,31,10,21,0,0,0,0,0,0,0,0,1
1ado,B,129,GLY,-0.4,60.1,0.0,0,0,X,0.0,0.0,0.0,0.0,0.0,0.0,0.0,0.0,19,0.032639197313767604,24,23,1,0,0,0,0,0,0,0,0,1
1ado,B,130,LEU,3.8,166.7,0.0,0,0,X,0.0,0.0,0.0,0.0,0.0,0.0,0.0,0.0,32,0.043363505002576956,28,26,2,0,0,0,0,0,0,0,0,1
1ado,B,131,SER,-0.8,89.0,0.0,1,1,X,0.0,0.0,0.0,0.0,0.0,0.0,0.0,0.0,26,0.03683566553982344,17,14,3,0,0,0,0,0,0,0,0,1
1ado,B,132,GLU,-3.5,138.4,-1.0,1,3,X,0.0,0.0,0.0,0.0,0.0,0.0,0.0,0.0,16,0.030774100324409453,11,5,6,0,0,0,0,0,0,0,0,1
1ado,B,133,ARG,-4.5,173.4,1.0,5,0,X,0.0,0.0,0.0,0.0,0.0,0.0,0.0,0.0,28,0.040565859518539735,19,20,-1,0,0,0,0,0,0,0,0,1
1ado,B,134,CYS,2.5,108.5,0.0,1,0,X,0.0,0.0,0.0,0.0,0.0,0.0,0.0,0.0,36,0.04989134446533048,28,19,9,0,0,0,0,0,0,0,0,1
1ado,B,135,ALA,1.8,88.6,0.0,0,0,X,0.0,0.0,0.0,0.0,0.0,0.0,0.0,0.0,23,0.03963331102386066,26,16,10,0,0,0,0,0,0,0,0,1
1ado,B,136,GLN,-3.5,143.8,0.0,2,2,X,0.0,0.0,0.0,0.0,0.0,0.0,0.0,0.0,18,0.03590311704514436,28,15,13,0,0,0,0,0,0,0,0,1
1ado,B,137,TYR,-1.3,193.6,0.0,1,1,X,0.0,0.0,0.0,0.0,0.0,0.0,0.0,0.0,32,0.04755997322863279,43,17,26,0,0,0,0,0,0,0,0,1
1ado,B,138,LYS,-3.9,168.6,1.0,2,0,X,0.0,0.0,0.0,0.0,0.0,0.0,0.0,0.0,31,0.04196468226055834,14,22,-8,0,0,0,0,0,0,0,0,1
1ado,B,139,LYS,-3.9,168.6,1.0,2,0,X,0.0,0.0,0.0,0.0,0.0,0.0,0.0,0.0,15,0.02844272908771177,11,11,0,0,0,0,0,0,0,0,0,1
1ado,B,140,ASP,-3.5,111.1,-1.0,1,3,X,0.0,0.0,0.0,0.0,0.0,0.0,0.0,0.0,23,0.032639197313767604,27,4,23,0,0,0,0,0,0,0,0,1
1ado,B,141,GLY,-0.4,60.1,0.0,0,0,X,0.0,0.0,0.0,0.0,0.0,0.0,0.0,0.0,33,0.03403802005578621,27,17,10,0,0,0,0,0,0,0,0,1
1ado,B,142,ALA,1.8,88.6,0.0,0,0,X,0.0,0.0,0.0,0.0,0.0,0.0,0.0,0.0,38,0.04755997322863279,25,18,7,0,0,0,0,0,0,0,0,1
1ado,B,143,ASP,-3.5,111.1,-1.0,1,3,X,0.0,0.0,0.0,0.0,0.0,0.0,0.0,0.0,34,0.045694876239274644,25,16,9,0,0,0,0,0,0,0,0,1
1ado,B,144,PHE,2.8,189.9,0.0,0,0,X,0.0,0.0,0.0,0.0,0.0,0.0,0.0,0.0,46,0.05035761871267001,22,9,13,0,0,0,0,0,0,0,0,1
1ado,B,145,ALA,1.8,88.6,0.0,0,0,X,0.0,0.0,0.0,0.0,0.0,0.0,0.0,0.0,42,0.05175644145468863,22,19,3,0,0,0,0,0,0,0,0,1
1ado,B,146,LYS,-3.9,168.6,1.0,2,0,X,0.0,0.0,0.0,0.0,0.0,0.0,0.0,0.0,38,0.05502036118606539,29,26,3,0,0,0,0,0,0,0,0,1
1ado,B,147,TRP,-0.9,227.8,0.0,1,0,X,0.0,0.0,0.0,0.0,0.0,0.0,0.0,0.0,41,0.05408781269138631,42,22,20,0,0,0,0,0,0,0,0,1
1ado,B,148,ARG,-4.5,173.4,1.0,5,0,X,0.0,0.0,0.0,0.0,0.0,0.0,0.0,0.0,28,0.05035761871267001,27,30,-3,0,0,0,0,0,0,0,0,1
1ado,B,149,CYS,2.5,108.5,0.0,1,0,X,0.0,0.0,0.0,0.0,0.0,0.0,0.0,0.0,37,0.05408781269138631,23,29,-6,0,0,0,0,0,0,0,0,1
1ado,B,150,VAL,4.2,140.0,0.0,0,0,X,0.0,0.0,0.0,0.0,0.0,0.0,0.0,0.0,32,0.04429605349725603,19,30,-11,0,0,0,0,0,0,0,0,1
1ado,B,151,LEU,3.8,166.7,0.0,0,0,X,0.0,0.0,0.0,0.0,0.0,0.0,0.0,0.0,39,0.04709369898129325,18,24,-6,0,0,0,0,0,0,0,0,1
1ado,B,152,LYS,-3.9,168.6,1.0,2,0,X,0.0,0.0,0.0,0.0,0.0,0.0,0.0,0.0,28,0.04243095650789788,14,28,-14,0,0,0,0,0,0,0,0,1
1ado,B,153,ILE,4.5,166.7,0.0,0,0,X,0.0,0.0,0.0,0.0,0.0,0.0,0.0,0.0,36,0.045694876239274644,45,33,12,0,0,0,0,0,0,0,0,1
1ado,B,154,GLY,-0.4,60.1,0.0,0,0,X,0.0,0.0,0.0,0.0,0.0,0.0,0.0,0.0,23,0.03590311704514436,52,26,26,0,0,0,0,0,0,0,0,1
1ado,B,155,GLU,-3.5,138.4,-1.0,1,3,X,0.0,0.0,0.0,0.0,0.0,0.0,0.0,0.0,14,0.027510180593032695,49,3,46,0,0,0,0,0,0,0,0,1
1ado,B,156,HIS,-3.2,153.2,0.1,2,1,X,0.0,0.0,0.0,0.0,0.0,0.0,0.0,0.0,19,0.040565859518539735,36,20,16,0,0,0,0,0,0,0,0,1
1ado,B,157,THR,-0.7,116.1,0.0,1,1,X,0.0,0.0,0.0,0.0,0.0,0.0,0.0,0.0,28,0.04196468226055834,46,19,27,0,0,0,0,0,0,0,0,1
1ado,B,158,PRO,-1.6,112.7,0.0,0,0,X,0.0,0.0,0.0,0.0,0.0,0.0,0.0,0.0,33,0.04289723075523742,36,14,22,0,0,0,0,0,0,0,0,1
1ado,B,159,SER,-0.8,89.0,0.0,1,1,X,0.0,0.0,0.0,0.0,0.0,0.0,0.0,0.0,34,0.03170664881908853,32,18,14,0,0,0,0,0,0,0,0,1
1ado,B,160,ALA,1.8,88.6,0.0,0,0,X,0.0,0.0,0.0,0.0,0.0,0.0,0.0,0.0,27,0.027510180593032695,22,19,3,0,0,0,0,0,0,0,0,1
1ado,B,161,LEU,3.8,166.7,0.0,0,0,X,0.0,0.0,0.0,0.0,0.0,0.0,0.0,0.0,34,0.040099585271200194,33,26,7,0,0,0,0,0,0,0,0,1
1ado,B,162,ALA,1.8,88.6,0.0,0,0,X,0.0,0.0,0.0,0.0,0.0,0.0,0.0,0.0,36,0.045228601991935104,20,21,-1,0,0,0,0,0,0,0,0,1
1ado,B,163,ILE,4.5,166.7,0.0,0,0,X,0.0,0.0,0.0,0.0,0.0,0.0,0.0,0.0,37,0.043829779249916496,13,16,-3,0,0,0,0,0,0,0,0,1
1ado,B,164,MET,1.9,162.9,0.0,0,0,X,0.0,0.0,0.0,0.0,0.0,0.0,0.0,0.0,24,0.03823448828184205,19,19,0,0,0,0,0,0,0,0,0,1
1ado,B,165,GLU,-3.5,138.4,-1.0,1,3,X,0.0,0.0,0.0,0.0,0.0,0.0,0.0,0.0,30,0.04662742473395372,24,6,18,0,0,0,0,0,0,0,0,1
1ado,B,166,ASN,-3.5,114.1,0.0,2,2,X,0.0,0.0,0.0,0.0,0.0,0.0,0.0,0.0,38,0.048958795970651406,13,23,-10,0,0,0,0,0,0,0,0,1
1ado,B,167,ALA,1.8,88.6,0.0,0,0,X,0.0,0.0,0.0,0.0,0.0,0.0,0.0,0.0,37,0.04989134446533048,22,17,5,0,0,0,0,0,0,0,0,1
1ado,B,168,ASN,-3.5,114.1,0.0,2,2,X,0.0,0.0,0.0,0.0,0.0,0.0,0.0,0.0,28,0.04709369898129325,31,25,6,0,0,0,0,0,0,0,0,1
1ado,B,169,VAL,4.2,140.0,0.0,0,0,X,0.0,0.0,0.0,0.0,0.0,0.0,0.0,0.0,36,0.04989134446533048,27,19,8,0,0,0,0,0,0,0,0,1
1ado,B,170,LEU,3.8,166.7,0.0,0,0,X,0.0,0.0,0.0,0.0,0.0,0.0,0.0,0.0,46,0.05455408693872585,25,19,6,0,0,0,0,0,0,0,0,1
1ado,B,171,ALA,1.8,88.6,0.0,0,0,X,0.0,0.0,0.0,0.0,0.0,0.0,0.0,0.0,39,0.050823892960009553,31,15,16,0,0,0,0,0,0,0,0,1
1ado,B,172,ARG,-4.5,173.4,1.0,5,0,X,0.0,0.0,0.0,0.0,0.0,0.0,0.0,0.0,36,0.045694876239274644,11,16,-5,0,0,0,0,0,0,0,0,1
1ado,B,173,TYR,-1.3,193.6,0.0,1,1,X,0.0,0.0,0.0,0.0,0.0,0.0,0.0,0.0,45,0.048492521723311866,31,12,19,0,0,0,0,0,0,0,0,1
1ado,B,174,ALA,1.8,88.6,0.0,0,0,X,0.0,0.0,0.0,0.0,0.0,0.0,0.0,0.0,40,0.05175644145468863,29,1,28,0,0,0,0,0,0,0,0,1
1ado,B,175,SER,-0.8,89.0,0.0,1,1,X,0.0,0.0,0.0,0.0,0.0,0.0,0.0,0.0,40,0.05035761871267001,29,2,27,0,0,0,0,0,0,0,0,1
1ado,B,176,ILE,4.5,166.7,0.0,0,0,X,0.0,0.0,0.0,0.0,0.0,0.0,0.0,0.0,36,0.04709369898129325,20,11,9,0,0,0,0,0,0,0,0,1
1ado,B,177,CYS,2.5,108.5,0.0,1,0,X,0.0,0.0,0.0,0.0,0.0,0.0,0.0,0.0,41,0.053621538444046775,22,5,17,0,0,0,0,0,0,0,0,1
1ado,B,178,GLN,-3.5,143.8,0.0,2,2,X,0.0,0.0,0.0,0.0,0.0,0.0,0.0,0.0,42,0.05408781269138631,18,14,4,0,0,0,0,0,0,0,0,1
1ado,B,179,GLN,-3.5,143.8,0.0,2,2,X,0.0,0.0,0.0,0.0,0.0,0.0,0.0,0.0,29,0.03870076252918159,5,0,5,0,0,0,0,0,0,0,0,1
1ado,B,180,ASN,-3.5,114.1,0.0,2,2,X,0.0,0.0,0.0,0.0,0.0,0.0,0.0,0.0,32,0.040565859518539735,17,14,3,0,0,0,0,0,0,0,0,1
1ado,B,181,GLY,-0.4,60.1,0.0,0,0,X,0.0,0.0,0.0,0.0,0.0,0.0,0.0,0.0,32,0.04196468226055834,18,19,-1,0,0,0,0,0,0,0,0,1
1ado,B,182,ILE,4.5,166.7,0.0,0,0,X,0.0,0.0,0.0,0.0,0.0,0.0,0.0,0.0,41,0.05035761871267001,14,16,-2,0,0,0,0,0,0,0,0,1
1ado,B,183,VAL,4.2,140.0,0.0,0,0,X,0.0,0.0,0.0,0.0,0.0,0.0,0.0,0.0,46,0.056419183928083996,11,24,-13,0,0,0,0,0,0,0,0,1
1ado,B,184,PRO,-1.6,112.7,0.0,0,0,X,0.0,0.0,0.0,0.0,0.0,0.0,0.0,0.0,44,0.05408781269138631,11,10,1,0,0,0,0,0,0,0,0,1
1ado,B,185,ILE,4.5,166.7,0.0,0,0,X,0.0,0.0,0.0,0.0,0.0,0.0,0.0,0.0,43,0.05222271570202816,28,14,14,0,0,0,0,0,0,0,0,1
1ado,B,186,VAL,4.2,140.0,0.0,0,0,X,0.0,0.0,0.0,0.0,0.0,0.0,0.0,0.0,40,0.0526889899493677,24,12,12,0,0,0,0,0,0,0,0,1
1ado,B,187,GLU,-3.5,138.4,-1.0,1,3,X,0.0,0.0,0.0,0.0,0.0,0.0,0.0,0.0,37,0.053621538444046775,31,16,15,0,0,0,0,0,0,0,0,1
1ado,B,188,PRO,-1.6,112.7,0.0,0,0,X,0.0,0.0,0.0,0.0,0.0,0.0,0.0,0.0,42,0.053155264196707235,22,18,4,0,0,0,0,0,0,0,0,1
1ado,B,189,GLU,-3.5,138.4,-1.0,1,3,X,0.0,0.0,0.0,0.0,0.0,0.0,0.0,0.0,34,0.048958795970651406,29,12,17,0,0,0,0,0,0,0,0,1
1ado,B,190,ILE,4.5,166.7,0.0,0,0,X,0.0,0.0,0.0,0.0,0.0,0.0,0.0,0.0,36,0.04755997322863279,23,23,0,0,0,0,0,0,0,0,0,1
1ado,B,191,LEU,3.8,166.7,0.0,0,0,X,0.0,0.0,0.0,0.0,0.0,0.0,0.0,0.0,30,0.04196468226055834,28,18,10,0,0,0,0,0,0,0,0,1
1ado,B,192,PRO,-1.6,112.7,0.0,0,0,X,0.0,0.0,0.0,0.0,0.0,0.0,0.0,0.0,29,0.04149840801321881,30,20,10,0,0,0,0,0,0,0,0,1
1ado,B,193,ASP,-3.5,111.1,-1.0,1,3,X,0.0,0.0,0.0,0.0,0.0,0.0,0.0,0.0,25,0.03357174580844668,30,13,17,0,0,0,0,0,0,0,0,1
1ado,B,194,GLY,-0.4,60.1,0.0,0,0,X,0.0,0.0,0.0,0.0,0.0,0.0,0.0,0.0,23,0.035436842797804825,32,22,10,0,0,0,0,0,0,0,0,1
1ado,B,195,ASP,-3.5,111.1,-1.0,1,3,X,0.0,0.0,0.0,0.0,0.0,0.0,0.0,0.0,19,0.029375277582390842,23,17,6,0,0,0,0,0,0,0,0,1
1ado,B,196,HIS,-3.2,153.2,0.1,2,1,X,0.0,0.0,0.0,0.0,0.0,0.0,0.0,0.0,32,0.040565859518539735,31,25,6,0,0,0,0,0,0,0,0,1
1ado,B,197,ASP,-3.5,111.1,-1.0,1,3,X,0.0,0.0,0.0,0.0,0.0,0.0,0.0,0.0,25,0.045228601991935104,34,9,25,0,0,0,0,0,0,0,0,1
1ado,B,198,LEU,3.8,166.7,0.0,0,0,X,0.0,0.0,0.0,0.0,0.0,0.0,0.0,0.0,31,0.04476232774459557,30,22,8,0,0,0,0,0,0,0,0,1
1ado,B,199,LYS,-3.9,168.6,1.0,2,0,X,0.0,0.0,0.0,0.0,0.0,0.0,0.0,0.0,24,0.03403802005578621,21,13,8,0,0,0,0,0,0,0,0,1
1ado,B,200,ARG,-4.5,173.4,1.0,5,0,X,0.0,0.0,0.0,0.0,0.0,0.0,0.0,0.0,31,0.04289723075523742,37,25,12,0,0,0,0,0,0,0,0,1
1ado,B,201,CYS,2.5,108.5,0.0,1,0,X,0.0,0.0,0.0,0.0,0.0,0.0,0.0,0.0,35,0.0526889899493677,35,19,16,0,0,0,0,0,0,0,0,1
1ado,B,202,GLN,-3.5,143.8,0.0,2,2,X,0.0,0.0,0.0,0.0,0.0,0.0,0.0,0.0,34,0.05035761871267001,33,16,17,0,0,0,0,0,0,0,0,1
1ado,B,203,TYR,-1.3,193.6,0.0,1,1,X,0.0,0.0,0.0,0.0,0.0,0.0,0.0,0.0,32,0.04616115048661418,59,12,47,0,0,0,0,0,0,0,0,1
1ado,B,204,VAL,4.2,140.0,0.0,0,0,X,0.0,0.0,0.0,0.0,0.0,0.0,0.0,0.0,36,0.048026247475972325,45,12,33,0,0,0,0,0,0,0,0,1
1ado,B,205,THR,-0.7,116.1,0.0,1,1,X,0.0,0.0,0.0,0.0,0.0,0.0,0.0,0.0,42,0.04709369898129325,27,13,14,0,0,0,0,0,0,0,0,1
1ado,B,206,GLU,-3.5,138.4,-1.0,1,3,X,0.0,0.0,0.0,0.0,0.0,0.0,0.0,0.0,37,0.04709369898129325,39,3,36,0,0,0,0,0,0,0,0,1
1ado,B,207,LYS,-3.9,168.6,1.0,2,0,X,0.0,0.0,0.0,0.0,0.0,0.0,0.0,0.0,33,0.04429605349725603,33,17,16,0,0,0,0,0,0,0,0,1
1ado,B,208,VAL,4.2,140.0,0.0,0,0,X,0.0,0.0,0.0,0.0,0.0,0.0,0.0,0.0,45,0.043363505002576956,16,16,0,0,0,0,0,0,0,0,0,1
1ado,B,209,LEU,3.8,166.7,0.0,0,0,X,0.0,0.0,0.0,0.0,0.0,0.0,0.0,0.0,41,0.043363505002576956,23,13,10,0,0,0,0,0,0,0,0,1
1ado,B,210,ALA,1.8,88.6,0.0,0,0,X,0.0,0.0,0.0,0.0,0.0,0.0,0.0,0.0,27,0.04476232774459557,32,14,18,0,0,0,0,0,0,0,0,1
1ado,B,211,ALA,1.8,88.6,0.0,0,0,X,0.0,0.0,0.0,0.0,0.0,0.0,0.0,0.0,30,0.040565859518539735,25,19,6,0,0,0,0,0,0,0,0,1
1ado,B,212,VAL,4.2,140.0,0.0,0,0,X,0.0,0.0,0.0,0.0,0.0,0.0,0.0,0.0,41,0.04476232774459557,19,14,5,0,0,0,0,0,0,0,0,1
1ado,B,213,TYR,-1.3,193.6,0.0,1,1,X,0.0,0.0,0.0,0.0,0.0,0.0,0.0,0.0,35,0.04103213376587927,21,2,19,0,0,0,0,0,0,0,0,1
1ado,B,214,LYS,-3.9,168.6,1.0,2,0,X,0.0,0.0,0.0,0.0,0.0,0.0,0.0,0.0,24,0.03776821403450251,19,13,6,0,0,0,0,0,0,0,0,1
1ado,B,215,ALA,1.8,88.6,0.0,0,0,X,0.0,0.0,0.0,0.0,0.0,0.0,0.0,0.0,30,0.045228601991935104,40,13,27,0,0,0,0,0,0,0,0,1
1ado,B,216,LEU,3.8,166.7,0.0,0,0,X,0.0,0.0,0.0,0.0,0.0,0.0,0.0,0.0,39,0.04942507021799094,37,9,28,0,0,0,0,0,0,0,0,1
1ado,B,217,SER,-0.8,89.0,0.0,1,1,X,0.0,0.0,0.0,0.0,0.0,0.0,0.0,0.0,26,0.045228601991935104,46,17,29,0,0,0,0,0,0,0,0,1
1ado,B,218,ASP,-3.5,111.1,-1.0,1,3,X,0.0,0.0,0.0,0.0,0.0,0.0,0.0,0.0,28,0.03776821403450251,41,6,35,0,0,0,0,0,0,0,0,1
1ado,B,219,HIS,-3.2,153.2,0.1,2,1,X,0.0,0.0,0.0,0.0,0.0,0.0,0.0,0.0,37,0.045228601991935104,32,17,15,0,0,0,0,0,0,0,0,1
1ado,B,220,HIS,-3.2,153.2,0.1,2,1,X,0.0,0.0,0.0,0.0,0.0,0.0,0.0,0.0,36,0.0363693912924839,31,12,19,0,0,0,0,0,0,0,0,1
1ado,B,221,ILE,4.5,166.7,0.0,0,0,X,0.0,0.0,0.0,0.0,0.0,0.0,0.0,0.0,40,0.043363505002576956,40,13,27,0,0,0,0,0,0,0,0,1
1ado,B,222,TYR,-1.3,193.6,0.0,1,1,X,0.0,0.0,0.0,0.0,0.0,0.0,0.0,0.0,35,0.04103213376587927,29,19,10,0,0,0,0,0,0,0,0,1
1ado,B,223,LEU,3.8,166.7,0.0,0,0,X,0.0,0.0,0.0,0.0,0.0,0.0,0.0,0.0,36,0.04616115048661418,23,13,10,0,0,0,0,0,0,0,0,1
1ado,B,224,GLU,-3.5,138.4,-1.0,1,3,X,0.0,0.0,0.0,0.0,0.0,0.0,0.0,0.0,33,0.045694876239274644,43,7,36,0,0,0,0,0,0,0,0,1
1ado,B,225,GLY,-0.4,60.1,0.0,0,0,X,0.0,0.0,0.0,0.0,0.0,0.0,0.0,0.0,41,0.056419183928083996,23,22,1,0,0,0,0,0,0,0,0,1
1ado,B,226,THR,-0.7,116.1,0.0,1,1,X,0.0,0.0,0.0,0.0,0.0,0.0,0.0,0.0,45,0.05408781269138631,9,11,-2,0,0,0,0,0,0,0,0,1
1ado,B,227,LEU,3.8,166.7,0.0,0,0,X,0.0,0.0,0.0,0.0,0.0,0.0,0.0,0.0,49,0.0526889899493677,21,9,12,0,0,0,0,0,0,0,0,1
1ado,B,228,LEU,3.8,166.7,0.0,0,0,X,0.0,0.0,0.0,0.0,0.0,0.0,0.0,0.0,39,0.04662742473395372,10,11,-1,0,0,0,0,0,0,0,0,1
1ado,B,229,LYS,-3.9,168.6,1.0,2,0,X,0.0,0.0,0.0,0.0,0.0,0.0,0.0,0.0,38,0.053621538444046775,18,21,-3,0,0,0,0,0,0,0,0,1
1ado,B,230,PRO,-1.6,112.7,0.0,0,0,X,0.0,0.0,0.0,0.0,0.0,0.0,0.0,0.0,38,0.05035761871267001,9,18,-9,0,0,0,0,0,0,0,0,1
1ado,B,231,ASN,-3.5,114.1,0.0,2,2,X,0.0,0.0,0.0,0.0,0.0,0.0,0.0,0.0,39,0.050823892960009553,10,19,-9,0,0,0,0,0,0,0,0,1
1ado,B,232,MET,1.9,162.9,0.0,0,0,X,0.0,0.0,0.0,0.0,0.0,0.0,0.0,0.0,42,0.04616115048661418,4,10,-6,0,0,0,0,0,0,0,0,1
1ado,B,233,VAL,4.2,140.0,0.0,0,0,X,0.0,0.0,0.0,0.0,0.0,0.0,0.0,0.0,41,0.04755997322863279,16,16,0,0,0,0,0,0,0,0,0,1
1ado,B,234,THR,-0.7,116.1,0.0,1,1,X,0.0,0.0,0.0,0.0,0.0,0.0,0.0,0.0,38,0.048492521723311866,32,19,13,0,0,0,0,0,0,0,0,1
1ado,B,235,PRO,-1.6,112.7,0.0,0,0,X,0.0,0.0,0.0,0.0,0.0,0.0,0.0,0.0,36,0.048958795970651406,37,25,12,0,0,0,0,0,0,0,0,1
1ado,B,236,GLY,-0.4,60.1,0.0,0,0,X,0.0,0.0,0.0,0.0,0.0,0.0,0.0,0.0,29,0.043363505002576956,28,25,3,0,0,0,0,0,0,0,0,1
1ado,B,237,HIS,-3.2,153.2,0.1,2,1,X,0.0,0.0,0.0,0.0,0.0,0.0,0.0,0.0,23,0.03590311704514436,10,16,-6,0,0,0,0,0,0,0,0,1
1ado,B,238,ALA,1.8,88.6,0.0,0,0,X,0.0,0.0,0.0,0.0,0.0,0.0,0.0,0.0,17,0.02984155182973038,20,21,-1,0,0,0,0,0,0,0,0,1
1ado,B,239,CYS,2.5,108.5,0.0,1,0,X,0.0,0.0,0.0,0.0,0.0,0.0,0.0,0.0,17,0.034970568550465285,27,20,7,0,0,0,0,0,0,0,0,1
1ado,B,240,THR,-0.7,116.1,0.0,1,1,X,0.0,0.0,0.0,0.0,0.0,0.0,0.0,0.0,13,0.022381163872297785,17,11,6,0,0,0,0,0,0,0,0,1
1ado,B,241,GLN,-3.5,143.8,0.0,2,2,X,0.0,0.0,0.0,0.0,0.0,0.0,0.0,0.0,15,0.023779986614316396,18,15,3,0,0,0,0,0,0,0,0,1
1ado,B,242,LYS,-3.9,168.6,1.0,2,0,X,0.0,0.0,0.0,0.0,0.0,0.0,0.0,0.0,8,0.024246260861655933,1,4,-3,0,0,0,0,0,0,0,0,1
1ado,B,243,TYR,-1.3,193.6,0.0,1,1,X,0.0,0.0,0.0,0.0,0.0,0.0,0.0,0.0,20,0.032639197313767604,25,23,2,0,0,0,0,0,0,0,0,1
1ado,B,244,SER,-0.8,89.0,0.0,1,1,X,0.0,0.0,0.0,0.0,0.0,0.0,0.0,0.0,18,0.027510180593032695,17,19,-2,0,0,0,0,0,0,0,0,1
1ado,B,245,HIS,-3.2,153.2,0.1,2,1,X,0.0,0.0,0.0,0.0,0.0,0.0,0.0,0.0,27,0.034970568550465285,3,29,-26,0,0,0,0,0,0,0,0,1
1ado,B,246,GLU,-3.5,138.4,-1.0,1,3,X,0.0,0.0,0.0,0.0,0.0,0.0,0.0,0.0,20,0.032639197313767604,18,9,9,0,0,0,0,0,0,0,0,1
1ado,B,247,GLU,-3.5,138.4,-1.0,1,3,X,0.0,0.0,0.0,0.0,0.0,0.0,0.0,0.0,20,0.03403802005578621,18,9,9,0,0,0,0,0,0,0,0,1
1ado,B,248,ILE,4.5,166.7,0.0,0,0,X,0.0,0.0,0.0,0.0,0.0,0.0,0.0,0.0,32,0.0526889899493677,13,23,-10,0,0,0,0,0,0,0,0,1
1ado,B,249,ALA,1.8,88.6,0.0,0,0,X,0.0,0.0,0.0,0.0,0.0,0.0,0.0,0.0,34,0.050823892960009553,20,17,3,0,0,0,0,0,0,0,0,1
1ado,B,250,MET,1.9,162.9,0.0,0,0,X,0.0,0.0,0.0,0.0,0.0,0.0,0.0,0.0,28,0.04103213376587927,21,20,1,0,0,0,0,0,0,0,0,1
1ado,B,251,ALA,1.8,88.6,0.0,0,0,X,0.0,0.0,0.0,0.0,0.0,0.0,0.0,0.0,35,0.043829779249916496,26,22,4,0,0,0,0,0,0,0,0,1
1ado,B,252,THR,-0.7,116.1,0.0,1,1,X,0.0,0.0,0.0,0.0,0.0,0.0,0.0,0.0,40,0.048026247475972325,13,13,0,0,0,0,0,0,0,0,0,1
1ado,B,253,VAL,4.2,140.0,0.0,0,0,X,0.0,0.0,0.0,0.0,0.0,0.0,0.0,0.0,41,0.048958795970651406,35,8,27,0,0,0,0,0,0,0,0,1
1ado,B,254,THR,-0.7,116.1,0.0,1,1,X,0.0,0.0,0.0,0.0,0.0,0.0,0.0,0.0,31,0.04616115048661418,25,16,9,0,0,0,0,0,0,0,0,1
1ado,B,255,ALA,1.8,88.6,0.0,0,0,X,0.0,0.0,0.0,0.0,0.0,0.0,0.0,0.0,40,0.050823892960009553,26,12,14,0,0,0,0,0,0,0,0,1
1ado,B,256,LEU,3.8,166.7,0.0,0,0,X,0.0,0.0,0.0,0.0,0.0,0.0,0.0,0.0,39,0.04755997322863279,28,9,19,0,0,0,0,0,0,0,0,1
1ado,B,257,ARG,-4.5,173.4,1.0,5,0,X,0.0,0.0,0.0,0.0,0.0,0.0,0.0,0.0,28,0.05129016720734909,20,10,10,0,0,0,0,0,0,0,0,1
1ado,B,258,ARG,-4.5,173.4,1.0,5,0,X,0.0,0.0,0.0,0.0,0.0,0.0,0.0,0.0,35,0.04662742473395372,21,18,3,0,0,0,0,0,0,0,0,1
1ado,B,259,THR,-0.7,116.1,0.0,1,1,X,0.0,0.0,0.0,0.0,0.0,0.0,0.0,0.0,31,0.04989134446533048,30,9,21,0,0,0,0,0,0,0,0,1
1ado,B,260,VAL,4.2,140.0,0.0,0,0,X,0.0,0.0,0.0,0.0,0.0,0.0,0.0,0.0,34,0.050823892960009553,25,4,21,0,0,0,0,0,0,0,0,1
1ado,B,261,PRO,-1.6,112.7,0.0,0,0,X,0.0,0.0,0.0,0.0,0.0,0.0,0.0,0.0,26,0.0526889899493677,30,6,24,0,0,0,0,0,0,0,0,1
1ado,B,262,PRO,-1.6,112.7,0.0,0,0,X,0.0,0.0,0.0,0.0,0.0,0.0,0.0,0.0,23,0.053155264196707235,37,7,30,0,0,0,0,0,0,0,0,1
1ado,B,263,ALA,1.8,88.6,0.0,0,0,X,0.0,0.0,0.0,0.0,0.0,0.0,0.0,0.0,32,0.04429605349725603,27,10,17,0,0,0,0,0,0,0,0,1
1ado,B,264,VAL,4.2,140.0,0.0,0,0,X,0.0,0.0,0.0,0.0,0.0,0.0,0.0,0.0,33,0.0526889899493677,25,9,16,0,0,0,0,0,0,0,0,1
1ado,B,265,THR,-0.7,116.1,0.0,1,1,X,0.0,0.0,0.0,0.0,0.0,0.0,0.0,0.0,36,0.04616115048661418,17,13,4,0,0,0,0,0,0,0,0,1
1ado,B,266,GLY,-0.4,60.1,0.0,0,0,X,0.0,0.0,0.0,0.0,0.0,0.0,0.0,0.0,41,0.04709369898129325,19,5,14,0,0,0,0,0,0,0,0,1
1ado,B,267,VAL,4.2,140.0,0.0,0,0,X,0.0,0.0,0.0,0.0,0.0,0.0,0.0,0.0,40,0.05502036118606539,14,0,14,0,0,0,0,0,0,0,0,1
1ado,B,268,THR,-0.7,116.1,0.0,1,1,X,0.0,0.0,0.0,0.0,0.0,0.0,0.0,0.0,43,0.05455408693872585,14,8,6,0,0,0,0,0,0,0,0,1
1ado,B,269,PHE,2.8,189.9,0.0,0,0,X,0.0,0.0,0.0,0.0,0.0,0.0,0.0,0.0,40,0.05222271570202816,9,2,7,0,0,0,0,0,0,0,0,1
1ado,B,270,LEU,3.8,166.7,0.0,0,0,X,0.0,0.0,0.0,0.0,0.0,0.0,0.0,0.0,40,0.048958795970651406,22,18,4,0,0,0,0,0,0,0,0,1
1ado,B,271,SER,-0.8,89.0,0.0,1,1,X,0.0,0.0,0.0,0.0,0.0,0.0,0.0,0.0,37,0.04429605349725603,18,24,-6,0,0,0,0,0,0,0,0,1
1ado,B,272,GLY,-0.4,60.1,0.0,0,0,X,0.0,0.0,0.0,0.0,0.0,0.0,0.0,0.0,31,0.03310547156110714,24,22,2,0,0,0,0,0,0,0,0,1
1ado,B,273,GLY,-0.4,60.1,0.0,0,0,X,0.0,0.0,0.0,0.0,0.0,0.0,0.0,0.0,30,0.02797645484037223,21,32,-11,0,0,0,0,0,0,0,0,1
1ado,B,274,GLN,-3.5,143.8,0.0,2,2,X,0.0,0.0,0.0,0.0,0.0,0.0,0.0,0.0,34,0.03357174580844668,14,21,-7,0,0,0,0,0,0,0,0,1
1ado,B,275,SER,-0.8,89.0,0.0,1,1,X,0.0,0.0,0.0,0.0,0.0,0.0,0.0,0.0,33,0.040099585271200194,20,35,-15,0,0,0,0,0,0,0,0,1
1ado,B,276,GLU,-3.5,138.4,-1.0,1,3,X,0.0,0.0,0.0,0.0,0.0,0.0,0.0,0.0,34,0.05222271570202816,27,29,-2,0,0,0,0,0,0,0,0,1
1ado,B,277,GLU,-3.5,138.4,-1.0,1,3,X,0.0,0.0,0.0,0.0,0.0,0.0,0.0,0.0,30,0.04616115048661418,18,18,0,0,0,0,0,0,0,0,0,1
1ado,B,278,GLU,-3.5,138.4,-1.0,1,3,X,0.0,0.0,0.0,0.0,0.0,0.0,0.0,0.0,30,0.04103213376587927,16,15,1,0,0,0,0,0,0,0,0,1
1ado,B,279,ALA,1.8,88.6,0.0,0,0,X,0.0,0.0,0.0,0.0,0.0,0.0,0.0,0.0,37,0.053155264196707235,18,27,-9,0,0,0,0,0,0,0,0,1
1ado,B,280,SER,-0.8,89.0,0.0,1,1,X,0.0,0.0,0.0,0.0,0.0,0.0,0.0,0.0,40,0.05595290968074446,21,26,-5,0,0,0,0,0,0,0,0,1
1ado,B,281,ILE,4.5,166.7,0.0,0,0,X,0.0,0.0,0.0,0.0,0.0,0.0,0.0,0.0,36,0.04989134446533048,18,28,-10,0,0,0,0,0,0,0,0,1
1ado,B,282,ASN,-3.5,114.1,0.0,2,2,X,0.0,0.0,0.0,0.0,0.0,0.0,0.0,0.0,34,0.05175644145468863,10,34,-24,0,0,0,0,0,0,0,0,1
1ado,B,283,LEU,3.8,166.7,0.0,0,0,X,0.0,0.0,0.0,0.0,0.0,0.0,0.0,0.0,44,0.05968310365946076,15,7,8,0,0,0,0,0,0,0,0,1
1ado,B,284,ASN,-3.5,114.1,0.0,2,2,X,0.0,0.0,0.0,0.0,0.0,0.0,0.0,0.0,31,0.05222271570202816,26,9,17,0,0,0,0,0,0,0,0,1
1ado,B,285,ALA,1.8,88.6,0.0,0,0,X,0.0,0.0,0.0,0.0,0.0,0.0,0.0,0.0,33,0.048958795970651406,26,15,11,0,0,0,0,0,0,0,0,1
1ado,B,286,ILE,4.5,166.7,0.0,0,0,X,0.0,0.0,0.0,0.0,0.0,0.0,0.0,0.0,40,0.0526889899493677,21,12,9,0,0,0,0,0,0,0,0,1
1ado,B,287,ASN,-3.5,114.1,0.0,2,2,X,0.0,0.0,0.0,0.0,0.0,0.0,0.0,0.0,37,0.045228601991935104,25,0,25,0,0,0,0,0,0,0,0,1
1ado,B,288,LYS,-3.9,168.6,1.0,2,0,X,0.0,0.0,0.0,0.0,0.0,0.0,0.0,0.0,26,0.03310547156110714,13,8,5,0,0,0,0,0,0,0,0,1
1ado,B,289,CYS,2.5,108.5,0.0,1,0,X,0.0,0.0,0.0,0.0,0.0,0.0,0.0,0.0,25,0.03683566553982344,25,12,13,0,0,0,0,0,0,0,0,1
1ado,B,290,PRO,-1.6,112.7,0.0,0,0,X,0.0,0.0,0.0,0.0,0.0,0.0,0.0,0.0,15,0.020049792635600097,22,1,21,0,0,0,0,0,0,0,0,1
1ado,B,291,LEU,3.8,166.7,0.0,0,0,X,0.0,0.0,0.0,0.0,0.0,0.0,0.0,0.0,26,0.027043906345693154,27,4,23,0,0,0,0,0,0,0,0,1
1ado,B,292,LEU,3.8,166.7,0.0,0,0,X,0.0,0.0,0.0,0.0,0.0,0.0,0.0,0.0,18,0.028909003335051305,25,0,25,0,0,0,0,0,0,0,0,1
1ado,B,293,LYS,-3.9,168.6,1.0,2,0,X,0.0,0.0,0.0,0.0,0.0,0.0,0.0,0.0,24,0.03916703677652112,14,0,14,0,0,0,0,0,0,0,0,1
1ado,B,294,PRO,-1.6,112.7,0.0,0,0,X,0.0,0.0,0.0,0.0,0.0,0.0,0.0,0.0,17,0.03916703677652112,35,0,35,0,0,0,0,0,0,0,0,1
1ado,B,295,TRP,-0.9,227.8,0.0,1,0,X,0.0,0.0,0.0,0.0,0.0,0.0,0.0,0.0,30,0.03823448828184205,24,0,24,0,0,0,0,0,0,0,0,1
1ado,B,296,ALA,1.8,88.6,0.0,0,0,X,0.0,0.0,0.0,0.0,0.0,0.0,0.0,0.0,36,0.03963331102386066,22,0,22,0,0,0,0,0,0,0,0,1
1ado,B,297,LEU,3.8,166.7,0.0,0,0,X,0.0,0.0,0.0,0.0,0.0,0.0,0.0,0.0,42,0.045228601991935104,13,0,13,0,0,0,0,0,0,0,0,1
1ado,B,298,THR,-0.7,116.1,0.0,1,1,X,0.0,0.0,0.0,0.0,0.0,0.0,0.0,0.0,42,0.05408781269138631,12,0,12,0,0,0,0,0,0,0,0,1
1ado,B,299,PHE,2.8,189.9,0.0,0,0,X,0.0,0.0,0.0,0.0,0.0,0.0,0.0,0.0,45,0.04942507021799094,14,0,14,0,0,0,0,0,0,0,0,1
1ado,B,300,SER,-0.8,89.0,0.0,1,1,X,0.0,0.0,0.0,0.0,0.0,0.0,0.0,0.0,42,0.04709369898129325,19,10,9,0,0,0,0,0,0,0,0,1
1ado,B,301,TYR,-1.3,193.6,0.0,1,1,X,0.0,0.0,0.0,0.0,0.0,0.0,0.0,0.0,45,0.05035761871267001,18,11,7,0,0,0,0,0,0,0,0,1
1ado,B,302,GLY,-0.4,60.1,0.0,0,0,X,0.0,0.0,0.0,0.0,0.0,0.0,0.0,0.0,37,0.04196468226055834,24,26,-2,0,0,0,0,0,0,0,0,1
1ado,B,303,ARG,-4.5,173.4,1.0,5,0,X,0.0,0.0,0.0,0.0,0.0,0.0,0.0,0.0,29,0.04196468226055834,16,21,-5,0,0,0,0,0,0,0,0,1
1ado,B,304,ALA,1.8,88.6,0.0,0,0,X,0.0,0.0,0.0,0.0,0.0,0.0,0.0,0.0,42,0.048958795970651406,25,28,-3,0,0,0,0,0,0,0,0,1
1ado,B,305,LEU,3.8,166.7,0.0,0,0,X,0.0,0.0,0.0,0.0,0.0,0.0,0.0,0.0,44,0.053621538444046775,23,17,6,0,0,0,0,0,0,0,0,1
1ado,B,306,GLN,-3.5,143.8,0.0,2,2,X,0.0,0.0,0.0,0.0,0.0,0.0,0.0,0.0,37,0.04662742473395372,36,23,13,0,0,0,0,0,0,0,0,1
1ado,B,307,ALA,1.8,88.6,0.0,0,0,X,0.0,0.0,0.0,0.0,0.0,0.0,0.0,0.0,34,0.04103213376587927,37,27,10,0,0,0,0,0,0,0,0,1
1ado,B,308,SER,-0.8,89.0,0.0,1,1,X,0.0,0.0,0.0,0.0,0.0,0.0,0.0,0.0,35,0.03870076252918159,31,27,4,0,0,0,0,0,0,0,0,1
1ado,B,309,ALA,1.8,88.6,0.0,0,0,X,0.0,0.0,0.0,0.0,0.0,0.0,0.0,0.0,32,0.05175644145468863,26,20,6,0,0,0,0,0,0,0,0,1
1ado,B,310,LEU,3.8,166.7,0.0,0,0,X,0.0,0.0,0.0,0.0,0.0,0.0,0.0,0.0,37,0.045694876239274644,30,13,17,0,0,0,0,0,0,0,0,1
1ado,B,311,LYS,-3.9,168.6,1.0,2,0,X,0.0,0.0,0.0,0.0,0.0,0.0,0.0,0.0,23,0.03357174580844668,2,16,-14,0,0,0,0,0,0,0,0,1
1ado,B,312,ALA,1.8,88.6,0.0,0,0,X,0.0,0.0,0.0,0.0,0.0,0.0,0.0,0.0,24,0.03776821403450251,26,17,9,0,0,0,0,0,0,0,0,1
1ado,B,313,TRP,-0.9,227.8,0.0,1,0,X,0.0,0.0,0.0,0.0,0.0,0.0,0.0,0.0,32,0.048492521723311866,34,9,25,0,0,0,0,0,0,0,0,1
1ado,B,314,GLY,-0.4,60.1,0.0,0,0,X,0.0,0.0,0.0,0.0,0.0,0.0,0.0,0.0,27,0.03870076252918159,28,10,18,0,0,0,0,0,0,0,0,1
1ado,B,315,GLY,-0.4,60.1,0.0,0,0,X,0.0,0.0,0.0,0.0,0.0,0.0,0.0,0.0,23,0.040565859518539735,23,14,9,0,0,0,0,0,0,0,0,1
1ado,B,316,LYS,-3.9,168.6,1.0,2,0,X,0.0,0.0,0.0,0.0,0.0,0.0,0.0,0.0,19,0.03170664881908853,12,9,3,0,0,0,0,0,0,0,0,1
1ado,B,317,LYS,-3.9,168.6,1.0,2,0,X,0.0,0.0,0.0,0.0,0.0,0.0,0.0,0.0,16,0.032639197313767604,11,11,0,0,0,0,0,0,0,0,0,1
1ado,B,318,GLU,-3.5,138.4,-1.0,1,3,X,0.0,0.0,0.0,0.0,0.0,0.0,0.0,0.0,12,0.027043906345693154,24,0,24,0,0,0,0,0,0,0,0,1
1ado,B,319,ASN,-3.5,114.1,0.0,2,2,X,0.0,0.0,0.0,0.0,0.0,0.0,0.0,0.0,21,0.040565859518539735,31,11,20,0,0,0,0,0,0,0,0,1
1ado,B,320,LEU,3.8,166.7,0.0,0,0,X,0.0,0.0,0.0,0.0,0.0,0.0,0.0,0.0,25,0.04196468226055834,23,15,8,0,0,0,0,0,0,0,0,1
1ado,B,321,LYS,-3.9,168.6,1.0,2,0,X,0.0,0.0,0.0,0.0,0.0,0.0,0.0,0.0,21,0.027510180593032695,6,25,-19,0,0,0,0,0,0,0,0,1
1ado,B,322,ALA,1.8,88.6,0.0,0,0,X,0.0,0.0,0.0,0.0,0.0,0.0,0.0,0.0,23,0.03450429430312575,25,24,1,0,0,0,0,0,0,0,0,1
1ado,B,323,ALA,1.8,88.6,0.0,0,0,X,0.0,0.0,0.0,0.0,0.0,0.0,0.0,0.0,33,0.04989134446533048,31,24,7,0,0,0,0,0,0,0,0,1
1ado,B,324,GLN,-3.5,143.8,0.0,2,2,X,0.0,0.0,0.0,0.0,0.0,0.0,0.0,0.0,31,0.05035761871267001,18,25,-7,0,0,0,0,0,0,0,0,1
1ado,B,325,GLU,-3.5,138.4,-1.0,1,3,X,0.0,0.0,0.0,0.0,0.0,0.0,0.0,0.0,21,0.04149840801321881,33,17,16,0,0,0,0,0,0,0,0,1
1ado,B,326,GLU,-3.5,138.4,-1.0,1,3,X,0.0,0.0,0.0,0.0,0.0,0.0,0.0,0.0,29,0.04196468226055834,33,14,19,0,0,0,0,0,0,0,0,1
1ado,B,327,TYR,-1.3,193.6,0.0,1,1,X,0.0,0.0,0.0,0.0,0.0,0.0,0.0,0.0,46,0.05502036118606539,29,29,0,0,0,0,0,0,0,0,0,1
1ado,B,328,VAL,4.2,140.0,0.0,0,0,X,0.0,0.0,0.0,0.0,0.0,0.0,0.0,0.0,29,0.04755997322863279,35,30,5,0,0,0,0,0,0,0,0,1
1ado,B,329,LYS,-3.9,168.6,1.0,2,0,X,0.0,0.0,0.0,0.0,0.0,0.0,0.0,0.0,25,0.03730193978716297,18,25,-7,0,0,0,0,0,0,0,0,1
1ado,B,330,ARG,-4.5,173.4,1.0,5,0,X,0.0,0.0,0.0,0.0,0.0,0.0,0.0,0.0,39,0.04755997322863279,11,33,-22,0,0,0,0,0,0,0,0,1
1ado,B,331,ALA,1.8,88.6,0.0,0,0,X,0.0,0.0,0.0,0.0,0.0,0.0,0.0,0.0,40,0.05129016720734909,34,13,21,0,0,0,0,0,0,0,0,1
1ado,B,332,LEU,3.8,166.7,0.0,0,0,X,0.0,0.0,0.0,0.0,0.0,0.0,0.0,0.0,29,0.04149840801321881,31,13,18,0,0,0,0,0,0,0,0,1
1ado,B,333,ALA,1.8,88.6,0.0,0,0,X,0.0,0.0,0.0,0.0,0.0,0.0,0.0,0.0,32,0.043829779249916496,24,14,10,0,0,0,0,0,0,0,0,1
1ado,B,334,ASN,-3.5,114.1,0.0,2,2,X,0.0,0.0,0.0,0.0,0.0,0.0,0.0,0.0,46,0.05548663543340492,21,21,0,0,0,0,0,0,0,0,0,1
1ado,B,335,SER,-0.8,89.0,0.0,1,1,X,0.0,0.0,0.0,0.0,0.0,0.0,0.0,0.0,36,0.048492521723311866,25,0,25,0,0,0,0,0,0,0,0,1
1ado,B,336,LEU,3.8,166.7,0.0,0,0,X,0.0,0.0,0.0,0.0,0.0,0.0,0.0,0.0,29,0.043829779249916496,17,0,17,0,0,0,0,0,0,0,0,1
1ado,B,337,ALA,1.8,88.6,0.0,0,0,X,0.0,0.0,0.0,0.0,0.0,0.0,0.0,0.0,37,0.058284280917442144,23,3,20,0,0,0,0,0,0,0,0,1
1ado,B,338,CYS,2.5,108.5,0.0,1,0,X,0.0,0.0,0.0,0.0,0.0,0.0,0.0,0.0,42,0.05455408693872585,20,0,20,0,0,0,0,0,0,0,0,1
1ado,B,339,GLN,-3.5,143.8,0.0,2,2,X,0.0,0.0,0.0,0.0,0.0,0.0,0.0,0.0,26,0.04149840801321881,18,0,18,0,0,0,0,0,0,0,0,1
1ado,B,340,GLY,-0.4,60.1,0.0,0,0,X,0.0,0.0,0.0,0.0,0.0,0.0,0.0,0.0,24,0.043829779249916496,20,0,20,0,0,0,0,0,0,0,0,1
1ado,B,341,LYS,-3.9,168.6,1.0,2,0,X,0.0,0.0,0.0,0.0,0.0,0.0,0.0,0.0,17,0.03310547156110714,7,0,7,0,0,0,0,0,0,0,0,1
1ado,B,342,TYR,-1.3,193.6,0.0,1,1,X,0.0,0.0,0.0,0.0,0.0,0.0,0.0,0.0,29,0.04149840801321881,21,15,6,0,0,0,0,0,0,0,0,1
1ado,B,343,THR,-0.7,116.1,0.0,1,1,X,0.0,0.0,0.0,0.0,0.0,0.0,0.0,0.0,17,0.025178809356335007,11,5,6,0,0,0,0,0,0,0,0,1
1ado,B,344,SER,-0.8,89.0,0.0,1,1,X,0.0,0.0,0.0,0.0,0.0,0.0,0.0,0.0,17,0.024246260861655933,9,9,0,0,0,0,0,0,0,0,0,1
1ado,B,345,SER,-0.8,89.0,0.0,1,1,X,0.0,0.0,0.0,0.0,0.0,0.0,0.0,0.0,11,0.019117244140921023,1,5,-4,0,0,0,0,0,0,0,0,1
1ado,B,346,GLY,-0.4,60.1,0.0,0,0,X,0.0,0.0,0.0,0.0,0.0,0.0,0.0,0.0,10,0.01678587290422334,3,6,-3,0,0,0,0,0,0,0,0,1
1ado,B,347,GLN,-3.5,143.8,0.0,2,2,X,0.0,0.0,0.0,0.0,0.0,0.0,0.0,0.0,10,0.018650969893581486,0,6,-6,0,0,0,0,0,0,0,0,1
1ado,B,348,ALA,1.8,88.6,0.0,0,0,X,0.0,0.0,0.0,0.0,0.0,0.0,0.0,0.0,18,0.024246260861655933,5,23,-18,0,0,0,0,0,0,0,0,1
1ado,B,349,GLY,-0.4,60.1,0.0,0,0,X,0.0,0.0,0.0,0.0,0.0,0.0,0.0,0.0,20,0.022381163872297785,8,22,-14,0,0,0,0,0,0,0,0,1
1ado,B,350,ALA,1.8,88.6,0.0,0,0,X,0.0,0.0,0.0,0.0,0.0,0.0,0.0,0.0,21,0.02797645484037223,20,28,-8,0,0,0,0,0,0,0,0,1
1ado,B,351,ALA,1.8,88.6,0.0,0,0,X,0.0,0.0,0.0,0.0,0.0,0.0,0.0,0.0,26,0.03450429430312575,13,36,-23,0,0,0,0,0,0,0,0,1
1ado,B,352,ALA,1.8,88.6,0.0,0,0,X,0.0,0.0,0.0,0.0,0.0,0.0,0.0,0.0,20,0.03124037457174899,5,32,-27,0,0,0,0,0,0,0,0,1
1ado,B,353,SER,-0.8,89.0,0.0,1,1,X,0.0,0.0,0.0,0.0,0.0,0.0,0.0,0.0,17,0.01958351838826056,10,17,-7,0,0,0,0,0,0,0,0,1
1ado,B,354,GLU,-3.5,138.4,-1.0,1,3,X,0.0,0.0,0.0,0.0,0.0,0.0,0.0,0.0,23,0.017718421398902413,27,4,23,0,0,0,0,0,0,0,0,1
1ado,B,355,SER,-0.8,89.0,0.0,1,1,X,0.0,0.0,0.0,0.0,0.0,0.0,0.0,0.0,14,0.01818469564624195,10,10,0,0,0,0,0,0,0,0,0,1
1ado,B,356,LEU,3.8,166.7,0.0,0,0,X,0.0,0.0,0.0,0.0,0.0,0.0,0.0,0.0,18,0.02144861537761871,10,13,-3,0,0,0,0,0,0,0,0,1
1ado,B,357,PHE,2.8,189.9,0.0,0,0,X,0.0,0.0,0.0,0.0,0.0,0.0,0.0,0.0,13,0.023779986614316396,18,8,10,0,0,0,0,0,0,0,0,1
1ado,B,358,ILE,4.5,166.7,0.0,0,0,X,0.0,0.0,0.0,0.0,0.0,0.0,0.0,0.0,9,0.019117244140921023,8,1,7,0,0,0,0,0,0,0,0,1
1ado,B,359,SER,-0.8,89.0,0.0,1,1,X,0.0,0.0,0.0,0.0,0.0,0.0,0.0,0.0,7,0.02098234113027917,10,0,10,0,0,0,0,0,0,0,0,1
1ado,B,360,ASN,-3.5,114.1,0.0,2,2,X,0.0,0.0,0.0,0.0,0.0,0.0,0.0,0.0,9,0.02331371236697686,10,1,9,0,0,0,0,0,0,0,0,1
1ado,B,361,HIS,-3.2,153.2,0.1,2,1,X,0.0,0.0,0.0,0.0,0.0,0.0,0.0,0.0,7,0.021914889624958248,2,0,2,0,0,0,0,0,0,0,0,1
1ado,B,362,ALA,1.8,88.6,0.0,0,0,X,0.0,0.0,0.0,0.0,0.0,0.0,0.0,0.0,7,0.020516066882939634,14,0,14,0,0,0,0,0,0,0,0,1
1ado,B,363,TYR,-1.3,193.6,0.0,1,1,X,0.0,0.0,0.0,0.0,0.0,0.0,0.0,0.0,13,0.019117244140921023,23,0,23,0,0,0,0,0,0,0,0,1
1ado,C,1,PRO,-1.6,112.7,0.0,0,0,X,0.0,0.0,0.0,0.0,0.0,0.0,0.0,0.0,29,0.03776821403450251,56,10,46,0,0,0,0,0,0,0,0,1
1ado,C,2,HIS,-3.2,153.2,0.1,2,1,X,0.0,0.0,0.0,0.0,0.0,0.0,0.0,0.0,23,0.03450429430312575,49,19,30,0,0,0,0,0,0,0,0,1
1ado,C,3,SER,-0.8,89.0,0.0,1,1,X,0.0,0.0,0.0,0.0,0.0,0.0,0.0,0.0,21,0.03730193978716297,58,4,54,0,0,0,0,0,0,0,0,1
1ado,C,4,HIS,-3.2,153.2,0.1,2,1,X,0.0,0.0,0.0,0.0,0.0,0.0,0.0,0.0,21,0.03124037457174899,28,10,18,0,0,0,0,0,0,0,0,1
1ado,C,5,PRO,-1.6,112.7,0.0,0,0,X,0.0,0.0,0.0,0.0,0.0,0.0,0.0,0.0,18,0.029375277582390842,33,0,33,0,0,0,0,0,0,0,0,1
1ado,C,6,ALA,1.8,88.6,0.0,0,0,X,0.0,0.0,0.0,0.0,0.0,0.0,0.0,0.0,25,0.034970568550465285,28,0,28,0,0,0,0,0,0,0,0,1
1ado,C,7,LEU,3.8,166.7,0.0,0,0,X,0.0,0.0,0.0,0.0,0.0,0.0,0.0,0.0,29,0.03823448828184205,25,14,11,0,0,0,0,0,0,0,0,1
1ado,C,8,THR,-0.7,116.1,0.0,1,1,X,0.0,0.0,0.0,0.0,0.0,0.0,0.0,0.0,14,0.02844272908771177,17,13,4,0,0,0,0,0,0,0,0,1
1ado,C,9,PRO,-1.6,112.7,0.0,0,0,X,0.0,0.0,0.0,0.0,0.0,0.0,0.0,0.0,13,0.02611135785101408,20,13,7,0,0,0,0,0,0,0,0,1
1ado,C,10,GLU,-3.5,138.4,-1.0,1,3,X,0.0,0.0,0.0,0.0,0.0,0.0,0.0,0.0,9,0.02844272908771177,18,10,8,0,0,0,0,0,0,0,0,1
1ado,C,11,GLN,-3.5,143.8,0.0,2,2,X,0.0,0.0,0.0,0.0,0.0,0.0,0.0,0.0,21,0.03916703677652112,18,18,0,0,0,0,0,0,0,0,0,1
1ado,C,12,LYS,-3.9,168.6,1.0,2,0,X,0.0,0.0,0.0,0.0,0.0,0.0,0.0,0.0,24,0.04476232774459557,14,31,-17,0,0,0,0,0,0,0,0,1
1ado,C,13,LYS,-3.9,168.6,1.0,2,0,X,0.0,0.0,0.0,0.0,0.0,0.0,0.0,0.0,15,0.032639197313767604,12,28,-16,0,0,0,0,0,0,0,0,1
1ado,C,14,GLU,-3.5,138.4,-1.0,1,3,X,0.0,0.0,0.0,0.0,0.0,0.0,0.0,0.0,28,0.03450429430312575,23,23,0,0,0,0,0,0,0,0,0,1
1ado,C,15,LEU,3.8,166.7,0.0,0,0,X,0.0,0.0,0.0,0.0,0.0,0.0,0.0,0.0,35,0.05222271570202816,25,35,-10,0,0,0,0,0,0,0,0,1
1ado,C,16,SER,-0.8,89.0,0.0,1,1,X,0.0,0.0,0.0,0.0,0.0,0.0,0.0,0.0,31,0.04616115048661418,34,29,5,0,0,0,0,0,0,0,0,1
1ado,C,17,ASP,-3.5,111.1,-1.0,1,3,X,0.0,0.0,0.0,0.0,0.0,0.0,0.0,0.0,22,0.03310547156110714,36,17,19,0,0,0,0,0,0,0,0,1
1ado,C,18,ILE,4.5,166.7,0.0,0,0,X,0.0,0.0,0.0,0.0,0.0,0.0,0.0,0.0,35,0.04476232774459557,32,27,5,0,0,0,0,0,0,0,0,1
1ado,C,19,ALA,1.8,88.6,0.0,0,0,X,0.0,0.0,0.0,0.0,0.0,0.0,0.0,0.0,39,0.05035761871267001,24,25,-1,0,0,0,0,0,0,0,0,1
1ado,C,20,HIS,-3.2,153.2,0.1,2,1,X,0.0,0.0,0.0,0.0,0.0,0.0,0.0,0.0,28,0.03870076252918159,14,16,-2,0,0,0,0,0,0,0,0,1
1ado,C,21,ARG,-4.5,173.4,1.0,5,0,X,0.0,0.0,0.0,0.0,0.0,0.0,0.0,0.0,29,0.03590311704514436,21,16,5,0,0,0,0,0,0,0,0,1
1ado,C,22,ILE,4.5,166.7,0.0,0,0,X,0.0,0.0,0.0,0.0,0.0,0.0,0.0,0.0,41,0.048958795970651406,30,10,20,0,0,0,0,0,0,0,0,1
1ado,C,23,VAL,4.2,140.0,0.0,0,0,X,0.0,0.0,0.0,0.0,0.0,0.0,0.0,0.0,38,0.048958795970651406,27,3,24,0,0,0,0,0,0,0,0,1
1ado,C,24,ALA,1.8,88.6,0.0,0,0,X,0.0,0.0,0.0,0.0,0.0,0.0,0.0,0.0,32,0.029375277582390842,29,1,28,0,0,0,0,0,0,0,0,1
1ado,C,25,PRO,-1.6,112.7,0.0,0,0,X,0.0,0.0,0.0,0.0,0.0,0.0,0.0,0.0,21,0.026577632098353617,22,0,22,0,0,0,0,0,0,0,0,1
1ado,C,26,GLY,-0.4,60.1,0.0,0,0,X,0.0,0.0,0.0,0.0,0.0,0.0,0.0,0.0,34,0.03916703677652112,19,0,19,0,0,0,0,0,0,0,0,1
1ado,C,27,LYS,-3.9,168.6,1.0,2,0,X,0.0,0.0,0.0,0.0,0.0,0.0,0.0,0.0,35,0.04989134446533048,15,0,15,0,0,0,0,0,0,0,0,1
1ado,C,28,GLY,-0.4,60.1,0.0,0,0,X,0.0,0.0,0.0,0.0,0.0,0.0,0.0,0.0,46,0.0526889899493677,15,0,15,0,0,0,0,0,0,0,0,1
1ado,C,29,ILE,4.5,166.7,0.0,0,0,X,0.0,0.0,0.0,0.0,0.0,0.0,0.0,0.0,45,0.05175644145468863,18,3,15,0,0,0,0,0,0,0,0,1
1ado,C,30,LEU,3.8,166.7,0.0,0,0,X,0.0,0.0,0.0,0.0,0.0,0.0,0.0,0.0,38,0.04942507021799094,14,12,2,0,0,0,0,0,0,0,0,1
1ado,C,31,ALA,1.8,88.6,0.0,0,0,X,0.0,0.0,0.0,0.0,0.0,0.0,0.0,0.0,39,0.045694876239274644,29,20,9,0,0,0,0,0,0,0,0,1
1ado,C,32,ALA,1.8,88.6,0.0,0,0,X,0.0,0.0,0.0,0.0,0.0,0.0,0.0,0.0,39,0.04709369898129325,34,17,17,0,0,0,0,0,0,0,0,1
1ado,C,33,ASP,-3.5,111.1,-1.0,1,3,X,0.0,0.0,0.0,0.0,0.0,0.0,0.0,0.0,36,0.045694876239274644,40,18,22,0,0,0,0,0,0,0,0,1
1ado,C,34,GLU,-3.5,138.4,-1.0,1,3,X,0.0,0.0,0.0,0.0,0.0,0.0,0.0,0.0,32,0.04243095650789788,48,11,37,0,0,0,0,0,0,0,0,1
1ado,C,35,SER,-0.8,89.0,0.0,1,1,X,0.0,0.0,0.0,0.0,0.0,0.0,0.0,0.0,22,0.03590311704514436,36,26,10,0,0,0,0,0,0,0,0,1
1ado,C,36,THR,-0.7,116.1,0.0,1,1,X,0.0,0.0,0.0,0.0,0.0,0.0,0.0,0.0,25,0.03403802005578621,32,29,3,0,0,0,0,0,0,0,0,1
1ado,C,37,GLY,-0.4,60.1,0.0,0,0,X,0.0,0.0,0.0,0.0,0.0,0.0,0.0,0.0,16,0.027043906345693154,26,11,15,0,0,0,0,0,0,0,0,1
1ado,C,38,SER,-0.8,89.0,0.0,1,1,X,0.0,0.0,0.0,0.0,0.0,0.0,0.0,0.0,20,0.03310547156110714,34,16,18,0,0,0,0,0,0,0,0,1
1ado,C,39,ILE,4.5,166.7,0.0,0,0,X,0.0,0.0,0.0,0.0,0.0,0.0,0.0,0.0,32,0.04476232774459557,42,21,21,0,0,0,0,0,0,0,0,1
1ado,C,40,ALA,1.8,88.6,0.0,0,0,X,0.0,0.0,0.0,0.0,0.0,0.0,0.0,0.0,23,0.04103213376587927,32,13,19,0,0,0,0,0,0,0,0,1
1ado,C,41,LYS,-3.9,168.6,1.0,2,0,X,0.0,0.0,0.0,0.0,0.0,0.0,0.0,0.0,16,0.03450429430312575,15,4,11,0,0,0,0,0,0,0,0,1
1ado,C,42,ARG,-4.5,173.4,1.0,5,0,X,0.0,0.0,0.0,0.0,0.0,0.0,0.0,0.0,31,0.040099585271200194,29,9,20,0,0,0,0,0,0,0,0,1
1ado,C,43,LEU,3.8,166.7,0.0,0,0,X,0.0,0.0,0.0,0.0,0.0,0.0,0.0,0.0,29,0.050823892960009553,37,9,28,0,0,0,0,0,0,0,0,1
1ado,C,44,GLN,-3.5,143.8,0.0,2,2,X,0.0,0.0,0.0,0.0,0.0,0.0,0.0,0.0,17,0.03357174580844668,16,6,10,0,0,0,0,0,0,0,0,1
1ado,C,45,SER,-0.8,89.0,0.0,1,1,X,0.0,0.0,0.0,0.0,0.0,0.0,0.0,0.0,18,0.027043906345693154,26,2,24,0,0,0,0,0,0,0,0,1
1ado,C,46,ILE,4.5,166.7,0.0,0,0,X,0.0,0.0,0.0,0.0,0.0,0.0,0.0,0.0,24,0.03403802005578621,28,5,23,0,0,0,0,0,0,0,0,1
1ado,C,47,GLY,-0.4,60.1,0.0,0,0,X,0.0,0.0,0.0,0.0,0.0,0.0,0.0,0.0,18,0.022847438119637322,13,9,4,0,0,0,0,0,0,0,0,1
1ado,C,48,THR,-0.7,116.1,0.0,1,1,X,0.0,0.0,0.0,0.0,0.0,0.0,0.0,0.0,22,0.0363693912924839,18,10,8,0,0,0,0,0,0,0,0,1
1ado,C,49,GLU,-3.5,138.4,-1.0,1,3,X,0.0,0.0,0.0,0.0,0.0,0.0,0.0,0.0,15,0.032172923066428064,7,10,-3,0,0,0,0,0,0,0,0,1
1ado,C,50,ASN,-3.5,114.1,0.0,2,2,X,0.0,0.0,0.0,0.0,0.0,0.0,0.0,0.0,23,0.04103213376587927,25,26,-1,0,0,0,0,0,0,0,0,1
1ado,C,51,THR,-0.7,116.1,0.0,1,1,X,0.0,0.0,0.0,0.0,0.0,0.0,0.0,0.0,18,0.032639197313767604,18,31,-13,0,0,0,0,0,0,0,0,1
1ado,C,52,GLU,-3.5,138.4,-1.0,1,3,X,0.0,0.0,0.0,0.0,0.0,0.0,0.0,0.0,20,0.03590311704514436,29,20,9,0,0,0,0,0,0,0,0,1
1ado,C,53,GLU,-3.5,138.4,-1.0,1,3,X,0.0,0.0,0.0,0.0,0.0,0.0,0.0,0.0,19,0.03450429430312575,28,22,6,0,0,0,0,0,0,0,0,1
1ado,C,54,ASN,-3.5,114.1,0.0,2,2,X,0.0,0.0,0.0,0.0,0.0,0.0,0.0,0.0,27,0.048026247475972325,33,26,7,0,0,0,0,0,0,0,0,1
1ado,C,55,ARG,-4.5,173.4,1.0,5,0,X,0.0,0.0,0.0,0.0,0.0,0.0,0.0,0.0,27,0.05502036118606539,19,39,-20,0,0,0,0,0,0,0,0,1
1ado,C,56,ARG,-4.5,173.4,1.0,5,0,X,0.0,0.0,0.0,0.0,0.0,0.0,0.0,0.0,25,0.05455408693872585,28,34,-6,0,0,0,0,0,0,0,0,1
1ado,C,57,PHE,2.8,189.9,0.0,0,0,X,0.0,0.0,0.0,0.0,0.0,0.0,0.0,0.0,33,0.04709369898129325,41,18,23,0,0,0,0,0,0,0,0,1
1ado,C,58,TYR,-1.3,193.6,0.0,1,1,X,0.0,0.0,0.0,0.0,0.0,0.0,0.0,0.0,41,0.048492521723311866,37,8,29,0,0,0,0,0,0,0,0,1
1ado,C,59,ARG,-4.5,173.4,1.0,5,0,X,0.0,0.0,0.0,0.0,0.0,0.0,0.0,0.0,39,0.048492521723311866,26,31,-5,0,0,0,0,0,0,0,0,1
1ado,C,60,GLN,-3.5,143.8,0.0,2,2,X,0.0,0.0,0.0,0.0,0.0,0.0,0.0,0.0,28,0.05222271570202816,33,22,11,0,0,0,0,0,0,0,0,1
1ado,C,61,LEU,3.8,166.7,0.0,0,0,X,0.0,0.0,0.0,0.0,0.0,0.0,0.0,0.0,35,0.053621538444046775,26,9,17,0,0,0,0,0,0,0,0,1
1ado,C,62,LEU,3.8,166.7,0.0,0,0,X,0.0,0.0,0.0,0.0,0.0,0.0,0.0,0.0,42,0.048026247475972325,20,12,8,0,0,0,0,0,0,0,0,1
1ado,C,63,LEU,3.8,166.7,0.0,0,0,X,0.0,0.0,0.0,0.0,0.0,0.0,0.0,0.0,41,0.04662742473395372,28,5,23,0,0,0,0,0,0,0,0,1
1ado,C,64,THR,-0.7,116.1,0.0,1,1,X,0.0,0.0,0.0,0.0,0.0,0.0,0.0,0.0,30,0.03683566553982344,23,27,-4,0,0,0,0,0,0,0,0,1
1ado,C,65,ALA,1.8,88.6,0.0,0,0,X,0.0,0.0,0.0,0.0,0.0,0.0,0.0,0.0,29,0.043363505002576956,30,26,4,0,0,0,0,0,0,0,0,1
1ado,C,66,ASP,-3.5,111.1,-1.0,1,3,X,0.0,0.0,0.0,0.0,0.0,0.0,0.0,0.0,23,0.03450429430312575,24,18,6,0,0,0,0,0,0,0,0,1
1ado,C,67,ASP,-3.5,111.1,-1.0,1,3,X,0.0,0.0,0.0,0.0,0.0,0.0,0.0,0.0,20,0.029375277582390842,21,8,13,0,0,0,0,0,0,0,0,1
1ado,C,68,ARG,-4.5,173.4,1.0,5,0,X,0.0,0.0,0.0,0.0,0.0,0.0,0.0,0.0,18,0.03310547156110714,10,26,-16,0,0,0,0,0,0,0,0,1
1ado,C,69,VAL,4.2,140.0,0.0,0,0,X,0.0,0.0,0.0,0.0,0.0,0.0,0.0,0.0,35,0.048492521723311866,33,21,12,0,0,0,0,0,0,0,0,1
1ado,C,70,ASN,-3.5,114.1,0.0,2,2,X,0.0,0.0,0.0,0.0,0.0,0.0,0.0,0.0,28,0.03823448828184205,27,15,12,0,0,0,0,0,0,0,0,1
1ado,C,71,PRO,-1.6,112.7,0.0,0,0,X,0.0,0.0,0.0,0.0,0.0,0.0,0.0,0.0,28,0.03170664881908853,24,9,15,0,0,0,0,0,0,0,0,1
1ado,C,72,CYS,2.5,108.5,0.0,1,0,X,0.0,0.0,0.0,0.0,0.0,0.0,0.0,0.0,39,0.04476232774459557,29,4,25,0,0,0,0,0,0,0,0,1
1ado,C,73,ILE,4.5,166.7,0.0,0,0,X,0.0,0.0,0.0,0.0,0.0,0.0,0.0,0.0,46,0.04989134446533048,28,4,24,0,0,0,0,0,0,0,0,1
1ado,C,74,GLY,-0.4,60.1,0.0,0,0,X,0.0,0.0,0.0,0.0,0.0,0.0,0.0,0.0,39,0.050823892960009553,33,1,32,0,0,0,0,0,0,0,0,1
1ado,C,75,GLY,-0.4,60.1,0.0,0,0,X,0.0,0.0,0.0,0.0,0.0,0.0,0.0,0.0,42,0.04709369898129325,24,2,22,0,0,0,0,0,0,0,0,1
1ado,C,76,VAL,4.2,140.0,0.0,0,0,X,0.0,0.0,0.0,0.0,0.0,0.0,0.0,0.0,44,0.048958795970651406,9,8,1,0,0,0,0,0,0,0,0,1
1ado,C,77,ILE,4.5,166.7,0.0,0,0,X,0.0,0.0,0.0,0.0,0.0,0.0,0.0,0.0,44,0.053155264196707235,27,20,7,0,0,0,0,0,0,0,0,1
1ado,C,78,LEU,3.8,166.7,0.0,0,0,X,0.0,0.0,0.0,0.0,0.0,0.0,0.0,0.0,38,0.05175644145468863,33,26,7,0,0,0,0,0,0,0,0,1
1ado,C,79,PHE,2.8,189.9,0.0,0,0,X,0.0,0.0,0.0,0.0,0.0,0.0,0.0,0.0,27,0.048958795970651406,36,30,6,0,0,0,0,0,0,0,0,1
1ado,C,80,HIS,-3.2,153.2,0.1,2,1,X,0.0,0.0,0.0,0.0,0.0,0.0,0.0,0.0,24,0.04149840801321881,21,19,2,0,0,0,0,0,0,0,0,1
1ado,C,81,GLU,-3.5,138.4,-1.0,1,3,X,0.0,0.0,0.0,0.0,0.0,0.0,0.0,0.0,27,0.03730193978716297,37,18,19,0,0,0,0,0,0,0,0,1
1ado,C,82,THR,-0.7,116.1,0.0,1,1,X,0.0,0.0,0.0,0.0,0.0,0.0,0.0,0.0,34,0.04755997322863279,47,27,20,0,0,0,0,0,0,0,0,1
1ado,C,83,LEU,3.8,166.7,0.0,0,0,X,0.0,0.0,0.0,0.0,0.0,0.0,0.0,0.0,30,0.04755997322863279,23,17,6,0,0,0,0,0,0,0,0,1
1ado,C,84,TYR,-1.3,193.6,0.0,1,1,X,0.0,0.0,0.0,0.0,0.0,0.0,0.0,0.0,20,0.03730193978716297,19,18,1,0,0,0,0,0,0,0,0,1
1ado,C,85,GLN,-3.5,143.8,0.0,2,2,X,0.0,0.0,0.0,0.0,0.0,0.0,0.0,0.0,25,0.04149840801321881,50,29,21,0,0,0,0,0,0,0,0,1
1ado,C,86,LYS,-3.9,168.6,1.0,2,0,X,0.0,0.0,0.0,0.0,0.0,0.0,0.0,0.0,19,0.04149840801321881,18,20,-2,0,0,0,0,0,0,0,0,1
1ado,C,87,ALA,1.8,88.6,0.0,0,0,X,0.0,0.0,0.0,0.0,0.0,0.0,0.0,0.0,22,0.043363505002576956,35,19,16,0,0,0,0,0,0,0,0,1
1ado,C,88,ASP,-3.5,111.1,-1.0,1,3,X,0.0,0.0,0.0,0.0,0.0,0.0,0.0,0.0,17,0.024246260861655933,29,12,17,0,0,0,0,0,0,0,0,1
1ado,C,89,ASP,-3.5,111.1,-1.0,1,3,X,0.0,0.0,0.0,0.0,0.0,0.0,0.0,0.0,14,0.021914889624958248,22,8,14,0,0,0,0,0,0,0,0,1
1ado,C,90,GLY,-0.4,60.1,0.0,0,0,X,0.0,0.0,0.0,0.0,0.0,0.0,0.0,0.0,13,0.024246260861655933,25,16,9,0,0,0,0,0,0,0,0,1
1ado,C,91,ARG,-4.5,173.4,1.0,5,0,X,0.0,0.0,0.0,0.0,0.0,0.0,0.0,0.0,19,0.034970568550465285,18,14,4,0,0,0,0,0,0,0,0,1
1ado,C,92,PRO,-1.6,112.7,0.0,0,0,X,0.0,0.0,0.0,0.0,0.0,0.0,0.0,0.0,26,0.040099585271200194,28,17,11,0,0,0,0,0,0,0,0,1
1ado,C,93,PHE,2.8,189.9,0.0,0,0,X,0.0,0.0,0.0,0.0,0.0,0.0,0.0,0.0,35,0.05129016720734909,45,17,28,0,0,0,0,0,0,0,0,1
1ado,C,94,PRO,-1.6,112.7,0.0,0,0,X,0.0,0.0,0.0,0.0,0.0,0.0,0.0,0.0,33,0.04662742473395372,34,11,23,0,0,0,0,0,0,0,0,1
1ado,C,95,GLN,-3.5,143.8,0.0,2,2,X,0.0,0.0,0.0,0.0,0.0,0.0,0.0,0.0,24,0.03683566553982344,28,6,22,0,0,0,0,0,0,0,0,1
1ado,C,96,VAL,4.2,140.0,0.0,0,0,X,0.0,0.0,0.0,0.0,0.0,0.0,0.0,0.0,30,0.045228601991935104,35,10,25,0,0,0,0,0,0,0,0,1
1ado,C,97,ILE,4.5,166.7,0.0,0,0,X,0.0,0.0,0.0,0.0,0.0,0.0,0.0,0.0,37,0.045694876239274644,30,2,28,0,0,0,0,0,0,0,0,1
1ado,C,98,LYS,-3.9,168.6,1.0,2,0,X,0.0,0.0,0.0,0.0,0.0,0.0,0.0,0.0,23,0.0363693912924839,17,8,9,0,0,0,0,0,0,0,0,1
1ado,C,99,SER,-0.8,89.0,0.0,1,1,X,0.0,0.0,0.0,0.0,0.0,0.0,0.0,0.0,21,0.030774100324409453,26,8,18,0,0,0,0,0,0,0,0,1
1ado,C,100,LYS,-3.9,168.6,1.0,2,0,X,0.0,0.0,0.0,0.0,0.0,0.0,0.0,0.0,30,0.03450429430312575,17,15,2,0,0,0,0,0,0,0,0,1
1ado,C,101,GLY,-0.4,60.1,0.0,0,0,X,0.0,0.0,0.0,0.0,0.0,0.0,0.0,0.0,25,0.032172923066428064,33,5,28,0,0,0,0,0,0,0,0,1
1ado,C,102,GLY,-0.4,60.1,0.0,0,0,X,0.0,0.0,0.0,0.0,0.0,0.0,0.0,0.0,33,0.043829779249916496,34,5,29,0,0,0,0,0,0,0,0,1
1ado,C,103,VAL,4.2,140.0,0.0,0,0,X,0.0,0.0,0.0,0.0,0.0,0.0,0.0,0.0,40,0.048492521723311866,34,10,24,0,0,0,0,0,0,0,0,1
1ado,C,104,VAL,4.2,140.0,0.0,0,0,X,0.0,0.0,0.0,0.0,0.0,0.0,0.0,0.0,39,0.050823892960009553,19,13,6,0,0,0,0,0,0,0,0,1
1ado,C,105,GLY,-0.4,60.1,0.0,0,0,X,0.0,0.0,0.0,0.0,0.0,0.0,0.0,0.0,42,0.048958795970651406,23,18,5,0,0,0,0,0,0,0,0,1
1ado,C,106,ILE,4.5,166.7,0.0,0,0,X,0.0,0.0,0.0,0.0,0.0,0.0,0.0,0.0,39,0.05175644145468863,40,26,14,0,0,0,0,0,0,0,0,1
1ado,C,107,LYS,-3.9,168.6,1.0,2,0,X,0.0,0.0,0.0,0.0,0.0,0.0,0.0,0.0,36,0.04662742473395372,40,27,13,0,0,0,0,0,0,0,0,1
1ado,C,108,VAL,4.2,140.0,0.0,0,0,X,0.0,0.0,0.0,0.0,0.0,0.0,0.0,0.0,37,0.04755997322863279,49,16,33,0,0,0,0,0,0,0,0,1
1ado,C,109,ASP,-3.5,111.1,-1.0,1,3,X,0.0,0.0,0.0,0.0,0.0,0.0,0.0,0.0,33,0.04616115048661418,43,15,28,0,0,0,0,0,0,0,0,1
1ado,C,110,LYS,-3.9,168.6,1.0,2,0,X,0.0,0.0,0.0,0.0,0.0,0.0,0.0,0.0,22,0.03357174580844668,19,24,-5,0,0,0,0,0,0,0,0,1
1ado,C,111,GLY,-0.4,60.1,0.0,0,0,X,0.0,0.0,0.0,0.0,0.0,0.0,0.0,0.0,24,0.03124037457174899,30,15,15,0,0,0,0,0,0,0,0,1
1ado,C,112,VAL,4.2,140.0,0.0,0,0,X,0.0,0.0,0.0,0.0,0.0,0.0,0.0,0.0,21,0.03730193978716297,19,11,8,0,0,0,0,0,0,0,0,1
1ado,C,113,VAL,4.2,140.0,0.0,0,0,X,0.0,0.0,0.0,0.0,0.0,0.0,0.0,0.0,30,0.032639197313767604,14,18,-4,0,0,0,0,0,0,0,0,1
1ado,C,114,PRO,-1.6,112.7,0.0,0,0,X,0.0,0.0,0.0,0.0,0.0,0.0,0.0,0.0,26,0.029375277582390842,7,10,-3,0,0,0,0,0,0,0,0,1
1ado,C,115,LEU,3.8,166.7,0.0,0,0,X,0.0,0.0,0.0,0.0,0.0,0.0,0.0,0.0,35,0.04149840801321881,32,20,12,0,0,0,0,0,0,0,0,1
1ado,C,116,ALA,1.8,88.6,0.0,0,0,X,0.0,0.0,0.0,0.0,0.0,0.0,0.0,0.0,35,0.03683566553982344,38,11,27,0,0,0,0,0,0,0,0,1
1ado,C,117,GLY,-0.4,60.1,0.0,0,0,X,0.0,0.0,0.0,0.0,0.0,0.0,0.0,0.0,29,0.03870076252918159,36,12,24,0,0,0,0,0,0,0,0,1
1ado,C,118,THR,-0.7,116.1,0.0,1,1,X,0.0,0.0,0.0,0.0,0.0,0.0,0.0,0.0,31,0.04196468226055834,38,10,28,0,0,0,0,0,0,0,0,1
1ado,C,119,ASN,-3.5,114.1,0.0,2,2,X,0.0,0.0,0.0,0.0,0.0,0.0,0.0,0.0,20,0.032172923066428064,34,15,19,0,0,0,0,0,0,0,0,1
1ado,C,120,GLY,-0.4,60.1,0.0,0,0,X,0.0,0.0,0.0,0.0,0.0,0.0,0.0,0.0,23,0.02611135785101408,20,9,11,0,0,0,0,0,0,0,0,1
1ado,C,121,GLU,-3.5,138.4,-1.0,1,3,X,0.0,0.0,0.0,0.0,0.0,0.0,0.0,0.0,29,0.04196468226055834,24,2,22,0,0,0,0,0,0,0,0,1
1ado,C,122,THR,-0.7,116.1,0.0,1,1,X,0.0,0.0,0.0,0.0,0.0,0.0,0.0,0.0,30,0.04476232774459557,17,19,-2,0,0,0,0,0,0,0,0,1
1ado,C,123,THR,-0.7,116.1,0.0,1,1,X,0.0,0.0,0.0,0.0,0.0,0.0,0.0,0.0,35,0.05035761871267001,17,20,-3,0,0,0,0,0,0,0,0,1
1ado,C,124,THR,-0.7,116.1,0.0,1,1,X,0.0,0.0,0.0,0.0,0.0,0.0,0.0,0.0,31,0.05408781269138631,24,26,-2,0,0,0,0,0,0,0,0,1
1ado,C,125,GLN,-3.5,143.8,0.0,2,2,X,0.0,0.0,0.0,0.0,0.0,0.0,0.0,0.0,24,0.048958795970651406,17,28,-11,0,0,0,0,0,0,0,0,1
1ado,C,126,GLY,-0.4,60.1,0.0,0,0,X,0.0,0.0,0.0,0.0,0.0,0.0,0.0,0.0,26,0.04662742473395372,32,24,8,0,0,0,0,0,0,0,0,1
1ado,C,127,LEU,3.8,166.7,0.0,0,0,X,0.0,0.0,0.0,0.0,0.0,0.0,0.0,0.0,28,0.04616115048661418,25,27,-2,0,0,0,0,0,0,0,0,1
1ado,C,128,ASP,-3.5,111.1,-1.0,1,3,X,0.0,0.0,0.0,0.0,0.0,0.0,0.0,0.0,19,0.03916703677652112,28,8,20,0,0,0,0,0,0,0,0,1
1ado,C,129,GLY,-0.4,60.1,0.0,0,0,X,0.0,0.0,0.0,0.0,0.0,0.0,0.0,0.0,20,0.032172923066428064,24,23,1,0,0,0,0,0,0,0,0,1
1ado,C,130,LEU,3.8,166.7,0.0,0,0,X,0.0,0.0,0.0,0.0,0.0,0.0,0.0,0.0,32,0.043829779249916496,28,26,2,0,0,0,0,0,0,0,0,1
1ado,C,131,SER,-0.8,89.0,0.0,1,1,X,0.0,0.0,0.0,0.0,0.0,0.0,0.0,0.0,26,0.035436842797804825,16,14,2,0,0,0,0,0,0,0,0,1
1ado,C,132,GLU,-3.5,138.4,-1.0,1,3,X,0.0,0.0,0.0,0.0,0.0,0.0,0.0,0.0,16,0.02844272908771177,10,5,5,0,0,0,0,0,0,0,0,1
1ado,C,133,ARG,-4.5,173.4,1.0,5,0,X,0.0,0.0,0.0,0.0,0.0,0.0,0.0,0.0,30,0.03916703677652112,22,20,2,0,0,0,0,0,0,0,0,1
1ado,C,134,CYS,2.5,108.5,0.0,1,0,X,0.0,0.0,0.0,0.0,0.0,0.0,0.0,0.0,36,0.04942507021799094,27,19,8,0,0,0,0,0,0,0,0,1
1ado,C,135,ALA,1.8,88.6,0.0,0,0,X,0.0,0.0,0.0,0.0,0.0,0.0,0.0,0.0,23,0.03916703677652112,26,16,10,0,0,0,0,0,0,0,0,1
1ado,C,136,GLN,-3.5,143.8,0.0,2,2,X,0.0,0.0,0.0,0.0,0.0,0.0,0.0,0.0,19,0.034970568550465285,27,14,13,0,0,0,0,0,0,0,0,1
1ado,C,137,TYR,-1.3,193.6,0.0,1,1,X,0.0,0.0,0.0,0.0,0.0,0.0,0.0,0.0,32,0.045694876239274644,41,18,23,0,0,0,0,0,0,0,0,1
1ado,C,138,LYS,-3.9,168.6,1.0,2,0,X,0.0,0.0,0.0,0.0,0.0,0.0,0.0,0.0,31,0.04196468226055834,14,23,-9,0,0,0,0,0,0,0,0,1
1ado,C,139,LYS,-3.9,168.6,1.0,2,0,X,0.0,0.0,0.0,0.0,0.0,0.0,0.0,0.0,16,0.02844272908771177,11,10,1,0,0,0,0,0,0,0,0,1
1ado,C,140,ASP,-3.5,111.1,-1.0,1,3,X,0.0,0.0,0.0,0.0,0.0,0.0,0.0,0.0,23,0.03357174580844668,27,5,22,0,0,0,0,0,0,0,0,1
1ado,C,141,GLY,-0.4,60.1,0.0,0,0,X,0.0,0.0,0.0,0.0,0.0,0.0,0.0,0.0,32,0.03683566553982344,25,17,8,0,0,0,0,0,0,0,0,1
1ado,C,142,ALA,1.8,88.6,0.0,0,0,X,0.0,0.0,0.0,0.0,0.0,0.0,0.0,0.0,37,0.048026247475972325,24,17,7,0,0,0,0,0,0,0,0,1
1ado,C,143,ASP,-3.5,111.1,-1.0,1,3,X,0.0,0.0,0.0,0.0,0.0,0.0,0.0,0.0,35,0.045694876239274644,25,14,11,0,0,0,0,0,0,0,0,1
1ado,C,144,PHE,2.8,189.9,0.0,0,0,X,0.0,0.0,0.0,0.0,0.0,0.0,0.0,0.0,44,0.048958795970651406,18,9,9,0,0,0,0,0,0,0,0,1
1ado,C,145,ALA,1.8,88.6,0.0,0,0,X,0.0,0.0,0.0,0.0,0.0,0.0,0.0,0.0,43,0.0526889899493677,23,19,4,0,0,0,0,0,0,0,0,1
1ado,C,146,LYS,-3.9,168.6,1.0,2,0,X,0.0,0.0,0.0,0.0,0.0,0.0,0.0,0.0,40,0.053621538444046775,30,26,4,0,0,0,0,0,0,0,0,1
1ado,C,147,TRP,-0.9,227.8,0.0,1,0,X,0.0,0.0,0.0,0.0,0.0,0.0,0.0,0.0,41,0.053155264196707235,42,22,20,0,0,0,0,0,0,0,0,1
1ado,C,148,ARG,-4.5,173.4,1.0,5,0,X,0.0,0.0,0.0,0.0,0.0,0.0,0.0,0.0,28,0.05035761871267001,26,30,-4,0,0,0,0,0,0,0,0,1
1ado,C,149,CYS,2.5,108.5,0.0,1,0,X,0.0,0.0,0.0,0.0,0.0,0.0,0.0,0.0,37,0.05455408693872585,22,29,-7,0,0,0,0,0,0,0,0,1
1ado,C,150,VAL,4.2,140.0,0.0,0,0,X,0.0,0.0,0.0,0.0,0.0,0.0,0.0,0.0,32,0.043363505002576956,20,29,-9,0,0,0,0,0,0,0,0,1
1ado,C,151,LEU,3.8,166.7,0.0,0,0,X,0.0,0.0,0.0,0.0,0.0,0.0,0.0,0.0,37,0.048492521723311866,18,23,-5,0,0,0,0,0,0,0,0,1
1ado,C,152,LYS,-3.9,168.6,1.0,2,0,X,0.0,0.0,0.0,0.0,0.0,0.0,0.0,0.0,28,0.04243095650789788,10,24,-14,0,0,0,0,0,0,0,0,1
1ado,C,153,ILE,4.5,166.7,0.0,0,0,X,0.0,0.0,0.0,0.0,0.0,0.0,0.0,0.0,35,0.045228601991935104,45,31,14,0,0,0,0,0,0,0,0,1
1ado,C,154,GLY,-0.4,60.1,0.0,0,0,X,0.0,0.0,0.0,0.0,0.0,0.0,0.0,0.0,22,0.0363693912924839,52,26,26,0,0,0,0,0,0,0,0,1
1ado,C,155,GLU,-3.5,138.4,-1.0,1,3,X,0.0,0.0,0.0,0.0,0.0,0.0,0.0,0.0,13,0.028909003335051305,46,3,43,0,0,0,0,0,0,0,0,1
1ado,C,156,HIS,-3.2,153.2,0.1,2,1,X,0.0,0.0,0.0,0.0,0.0,0.0,0.0,0.0,18,0.04243095650789788,38,23,15,0,0,0,0,0,0,0,0,1
1ado,C,157,THR,-0.7,116.1,0.0,1,1,X,0.0,0.0,0.0,0.0,0.0,0.0,0.0,0.0,28,0.043829779249916496,46,19,27,0,0,0,0,0,0,0,0,1
1ado,C,158,PRO,-1.6,112.7,0.0,0,0,X,0.0,0.0,0.0,0.0,0.0,0.0,0.0,0.0,32,0.04476232774459557,37,14,23,0,0,0,0,0,0,0,0,1
1ado,C,159,SER,-0.8,89.0,0.0,1,1,X,0.0,0.0,0.0,0.0,0.0,0.0,0.0,0.0,34,0.03170664881908853,32,18,14,0,0,0,0,0,0,0,0,1
1ado,C,160,ALA,1.8,88.6,0.0,0,0,X,0.0,0.0,0.0,0.0,0.0,0.0,0.0,0.0,26,0.027043906345693154,22,19,3,0,0,0,0,0,0,0,0,1
1ado,C,161,LEU,3.8,166.7,0.0,0,0,X,0.0,0.0,0.0,0.0,0.0,0.0,0.0,0.0,35,0.040099585271200194,31,26,5,0,0,0,0,0,0,0,0,1
1ado,C,162,ALA,1.8,88.6,0.0,0,0,X,0.0,0.0,0.0,0.0,0.0,0.0,0.0,0.0,36,0.04476232774459557,22,21,1,0,0,0,0,0,0,0,0,1
1ado,C,163,ILE,4.5,166.7,0.0,0,0,X,0.0,0.0,0.0,0.0,0.0,0.0,0.0,0.0,37,0.043829779249916496,13,17,-4,0,0,0,0,0,0,0,0,1
1ado,C,164,MET,1.9,162.9,0.0,0,0,X,0.0,0.0,0.0,0.0,0.0,0.0,0.0,0.0,24,0.03776821403450251,19,19,0,0,0,0,0,0,0,0,0,1
1ado,C,165,GLU,-3.5,138.4,-1.0,1,3,X,0.0,0.0,0.0,0.0,0.0,0.0,0.0,0.0,30,0.04616115048661418,24,6,18,0,0,0,0,0,0,0,0,1
1ado,C,166,ASN,-3.5,114.1,0.0,2,2,X,0.0,0.0,0.0,0.0,0.0,0.0,0.0,0.0,37,0.04942507021799094,12,25,-13,0,0,0,0,0,0,0,0,1
1ado,C,167,ALA,1.8,88.6,0.0,0,0,X,0.0,0.0,0.0,0.0,0.0,0.0,0.0,0.0,37,0.04989134446533048,22,17,5,0,0,0,0,0,0,0,0,1
1ado,C,168,ASN,-3.5,114.1,0.0,2,2,X,0.0,0.0,0.0,0.0,0.0,0.0,0.0,0.0,28,0.04662742473395372,31,25,6,0,0,0,0,0,0,0,0,1
1ado,C,169,VAL,4.2,140.0,0.0,0,0,X,0.0,0.0,0.0,0.0,0.0,0.0,0.0,0.0,35,0.04989134446533048,27,19,8,0,0,0,0,0,0,0,0,1
1ado,C,170,LEU,3.8,166.7,0.0,0,0,X,0.0,0.0,0.0,0.0,0.0,0.0,0.0,0.0,45,0.053155264196707235,23,19,4,0,0,0,0,0,0,0,0,1
1ado,C,171,ALA,1.8,88.6,0.0,0,0,X,0.0,0.0,0.0,0.0,0.0,0.0,0.0,0.0,39,0.05035761871267001,31,15,16,0,0,0,0,0,0,0,0,1
1ado,C,172,ARG,-4.5,173.4,1.0,5,0,X,0.0,0.0,0.0,0.0,0.0,0.0,0.0,0.0,35,0.045228601991935104,11,16,-5,0,0,0,0,0,0,0,0,1
1ado,C,173,TYR,-1.3,193.6,0.0,1,1,X,0.0,0.0,0.0,0.0,0.0,0.0,0.0,0.0,44,0.048026247475972325,28,12,16,0,0,0,0,0,0,0,0,1
1ado,C,174,ALA,1.8,88.6,0.0,0,0,X,0.0,0.0,0.0,0.0,0.0,0.0,0.0,0.0,41,0.053621538444046775,29,1,28,0,0,0,0,0,0,0,0,1
1ado,C,175,SER,-0.8,89.0,0.0,1,1,X,0.0,0.0,0.0,0.0,0.0,0.0,0.0,0.0,39,0.050823892960009553,29,2,27,0,0,0,0,0,0,0,0,1
1ado,C,176,ILE,4.5,166.7,0.0,0,0,X,0.0,0.0,0.0,0.0,0.0,0.0,0.0,0.0,36,0.048026247475972325,18,10,8,0,0,0,0,0,0,0,0,1
1ado,C,177,CYS,2.5,108.5,0.0,1,0,X,0.0,0.0,0.0,0.0,0.0,0.0,0.0,0.0,41,0.05548663543340492,22,5,17,0,0,0,0,0,0,0,0,1
1ado,C,178,GLN,-3.5,143.8,0.0,2,2,X,0.0,0.0,0.0,0.0,0.0,0.0,0.0,0.0,42,0.05502036118606539,18,16,2,0,0,0,0,0,0,0,0,1
1ado,C,179,GLN,-3.5,143.8,0.0,2,2,X,0.0,0.0,0.0,0.0,0.0,0.0,0.0,0.0,31,0.03916703677652112,8,1,7,0,0,0,0,0,0,0,0,1
1ado,C,180,ASN,-3.5,114.1,0.0,2,2,X,0.0,0.0,0.0,0.0,0.0,0.0,0.0,0.0,32,0.04149840801321881,17,15,2,0,0,0,0,0,0,0,0,1
1ado,C,181,GLY,-0.4,60.1,0.0,0,0,X,0.0,0.0,0.0,0.0,0.0,0.0,0.0,0.0,32,0.04243095650789788,18,19,-1,0,0,0,0,0,0,0,0,1
1ado,C,182,ILE,4.5,166.7,0.0,0,0,X,0.0,0.0,0.0,0.0,0.0,0.0,0.0,0.0,41,0.05175644145468863,14,16,-2,0,0,0,0,0,0,0,0,1
1ado,C,183,VAL,4.2,140.0,0.0,0,0,X,0.0,0.0,0.0,0.0,0.0,0.0,0.0,0.0,46,0.056419183928083996,11,24,-13,0,0,0,0,0,0,0,0,1
1ado,C,184,PRO,-1.6,112.7,0.0,0,0,X,0.0,0.0,0.0,0.0,0.0,0.0,0.0,0.0,42,0.053621538444046775,11,10,1,0,0,0,0,0,0,0,0,1
1ado,C,185,ILE,4.5,166.7,0.0,0,0,X,0.0,0.0,0.0,0.0,0.0,0.0,0.0,0.0,43,0.050823892960009553,26,13,13,0,0,0,0,0,0,0,0,1
1ado,C,186,VAL,4.2,140.0,0.0,0,0,X,0.0,0.0,0.0,0.0,0.0,0.0,0.0,0.0,41,0.05175644145468863,24,12,12,0,0,0,0,0,0,0,0,1
1ado,C,187,GLU,-3.5,138.4,-1.0,1,3,X,0.0,0.0,0.0,0.0,0.0,0.0,0.0,0.0,35,0.05222271570202816,31,16,15,0,0,0,0,0,0,0,0,1
1ado,C,188,PRO,-1.6,112.7,0.0,0,0,X,0.0,0.0,0.0,0.0,0.0,0.0,0.0,0.0,41,0.05175644145468863,20,18,2,0,0,0,0,0,0,0,0,1
1ado,C,189,GLU,-3.5,138.4,-1.0,1,3,X,0.0,0.0,0.0,0.0,0.0,0.0,0.0,0.0,33,0.048958795970651406,27,12,15,0,0,0,0,0,0,0,0,1
1ado,C,190,ILE,4.5,166.7,0.0,0,0,X,0.0,0.0,0.0,0.0,0.0,0.0,0.0,0.0,37,0.045694876239274644,22,24,-2,0,0,0,0,0,0,0,0,1
1ado,C,191,LEU,3.8,166.7,0.0,0,0,X,0.0,0.0,0.0,0.0,0.0,0.0,0.0,0.0,30,0.03870076252918159,28,18,10,0,0,0,0,0,0,0,0,1
1ado,C,192,PRO,-1.6,112.7,0.0,0,0,X,0.0,0.0,0.0,0.0,0.0,0.0,0.0,0.0,29,0.04149840801321881,27,20,7,0,0,0,0,0,0,0,0,1
1ado,C,193,ASP,-3.5,111.1,-1.0,1,3,X,0.0,0.0,0.0,0.0,0.0,0.0,0.0,0.0,22,0.032639197313767604,29,11,18,0,0,0,0,0,0,0,0,1
1ado,C,194,GLY,-0.4,60.1,0.0,0,0,X,0.0,0.0,0.0,0.0,0.0,0.0,0.0,0.0,20,0.032639197313767604,28,22,6,0,0,0,0,0,0,0,0,1
1ado,C,195,ASP,-3.5,111.1,-1.0,1,3,X,0.0,0.0,0.0,0.0,0.0,0.0,0.0,0.0,20,0.030774100324409453,20,17,3,0,0,0,0,0,0,0,0,1
1ado,C,196,HIS,-3.2,153.2,0.1,2,1,X,0.0,0.0,0.0,0.0,0.0,0.0,0.0,0.0,30,0.040099585271200194,30,24,6,0,0,0,0,0,0,0,0,1
1ado,C,197,ASP,-3.5,111.1,-1.0,1,3,X,0.0,0.0,0.0,0.0,0.0,0.0,0.0,0.0,25,0.043363505002576956,34,8,26,0,0,0,0,0,0,0,0,1
1ado,C,198,LEU,3.8,166.7,0.0,0,0,X,0.0,0.0,0.0,0.0,0.0,0.0,0.0,0.0,31,0.048026247475972325,31,21,10,0,0,0,0,0,0,0,0,1
1ado,C,199,LYS,-3.9,168.6,1.0,2,0,X,0.0,0.0,0.0,0.0,0.0,0.0,0.0,0.0,26,0.03590311704514436,20,20,0,0,0,0,0,0,0,0,0,1
1ado,C,200,ARG,-4.5,173.4,1.0,5,0,X,0.0,0.0,0.0,0.0,0.0,0.0,0.0,0.0,31,0.04196468226055834,37,20,17,0,0,0,0,0,0,0,0,1
1ado,C,201,CYS,2.5,108.5,0.0,1,0,X,0.0,0.0,0.0,0.0,0.0,0.0,0.0,0.0,36,0.053621538444046775,36,19,17,0,0,0,0,0,0,0,0,1
1ado,C,202,GLN,-3.5,143.8,0.0,2,2,X,0.0,0.0,0.0,0.0,0.0,0.0,0.0,0.0,34,0.050823892960009553,34,17,17,0,0,0,0,0,0,0,0,1
1ado,C,203,TYR,-1.3,193.6,0.0,1,1,X,0.0,0.0,0.0,0.0,0.0,0.0,0.0,0.0,33,0.04476232774459557,61,12,49,0,0,0,0,0,0,0,0,1
1ado,C,204,VAL,4.2,140.0,0.0,0,0,X,0.0,0.0,0.0,0.0,0.0,0.0,0.0,0.0,35,0.048026247475972325,45,12,33,0,0,0,0,0,0,0,0,1
1ado,C,205,THR,-0.7,116.1,0.0,1,1,X,0.0,0.0,0.0,0.0,0.0,0.0,0.0,0.0,42,0.04616115048661418,24,13,11,0,0,0,0,0,0,0,0,1
1ado,C,206,GLU,-3.5,138.4,-1.0,1,3,X,0.0,0.0,0.0,0.0,0.0,0.0,0.0,0.0,37,0.048026247475972325,38,4,34,0,0,0,0,0,0,0,0,1
1ado,C,207,LYS,-3.9,168.6,1.0,2,0,X,0.0,0.0,0.0,0.0,0.0,0.0,0.0,0.0,33,0.04289723075523742,32,17,15,0,0,0,0,0,0,0,0,1
1ado,C,208,VAL,4.2,140.0,0.0,0,0,X,0.0,0.0,0.0,0.0,0.0,0.0,0.0,0.0,43,0.043829779249916496,15,15,0,0,0,0,0,0,0,0,0,1
1ado,C,209,LEU,3.8,166.7,0.0,0,0,X,0.0,0.0,0.0,0.0,0.0,0.0,0.0,0.0,41,0.043363505002576956,23,13,10,0,0,0,0,0,0,0,0,1
1ado,C,210,ALA,1.8,88.6,0.0,0,0,X,0.0,0.0,0.0,0.0,0.0,0.0,0.0,0.0,27,0.04476232774459557,32,15,17,0,0,0,0,0,0,0,0,1
1ado,C,211,ALA,1.8,88.6,0.0,0,0,X,0.0,0.0,0.0,0.0,0.0,0.0,0.0,0.0,29,0.040565859518539735,25,19,6,0,0,0,0,0,0,0,0,1
1ado,C,212,VAL,4.2,140.0,0.0,0,0,X,0.0,0.0,0.0,0.0,0.0,0.0,0.0,0.0,40,0.04476232774459557,20,15,5,0,0,0,0,0,0,0,0,1
1ado,C,213,TYR,-1.3,193.6,0.0,1,1,X,0.0,0.0,0.0,0.0,0.0,0.0,0.0,0.0,37,0.04103213376587927,22,3,19,0,0,0,0,0,0,0,0,1
1ado,C,214,LYS,-3.9,168.6,1.0,2,0,X,0.0,0.0,0.0,0.0,0.0,0.0,0.0,0.0,25,0.03776821403450251,21,13,8,0,0,0,0,0,0,0,0,1
1ado,C,215,ALA,1.8,88.6,0.0,0,0,X,0.0,0.0,0.0,0.0,0.0,0.0,0.0,0.0,30,0.045228601991935104,41,12,29,0,0,0,0,0,0,0,0,1
1ado,C,216,LEU,3.8,166.7,0.0,0,0,X,0.0,0.0,0.0,0.0,0.0,0.0,0.0,0.0,38,0.048492521723311866,37,9,28,0,0,0,0,0,0,0,0,1
1ado,C,217,SER,-0.8,89.0,0.0,1,1,X,0.0,0.0,0.0,0.0,0.0,0.0,0.0,0.0,27,0.04429605349725603,46,17,29,0,0,0,0,0,0,0,0,1
1ado,C,218,ASP,-3.5,111.1,-1.0,1,3,X,0.0,0.0,0.0,0.0,0.0,0.0,0.0,0.0,27,0.03823448828184205,41,6,35,0,0,0,0,0,0,0,0,1
1ado,C,219,HIS,-3.2,153.2,0.1,2,1,X,0.0,0.0,0.0,0.0,0.0,0.0,0.0,0.0,37,0.04429605349725603,32,17,15,0,0,0,0,0,0,0,0,1
1ado,C,220,HIS,-3.2,153.2,0.1,2,1,X,0.0,0.0,0.0,0.0,0.0,0.0,0.0,0.0,36,0.03730193978716297,30,13,17,0,0,0,0,0,0,0,0,1
1ado,C,221,ILE,4.5,166.7,0.0,0,0,X,0.0,0.0,0.0,0.0,0.0,0.0,0.0,0.0,40,0.043363505002576956,39,13,26,0,0,0,0,0,0,0,0,1
1ado,C,222,TYR,-1.3,193.6,0.0,1,1,X,0.0,0.0,0.0,0.0,0.0,0.0,0.0,0.0,35,0.04196468226055834,29,19,10,0,0,0,0,0,0,0,0,1
1ado,C,223,LEU,3.8,166.7,0.0,0,0,X,0.0,0.0,0.0,0.0,0.0,0.0,0.0,0.0,36,0.04662742473395372,23,13,10,0,0,0,0,0,0,0,0,1
1ado,C,224,GLU,-3.5,138.4,-1.0,1,3,X,0.0,0.0,0.0,0.0,0.0,0.0,0.0,0.0,33,0.045694876239274644,43,7,36,0,0,0,0,0,0,0,0,1
1ado,C,225,GLY,-0.4,60.1,0.0,0,0,X,0.0,0.0,0.0,0.0,0.0,0.0,0.0,0.0,42,0.05548663543340492,23,22,1,0,0,0,0,0,0,0,0,1
1ado,C,226,THR,-0.7,116.1,0.0,1,1,X,0.0,0.0,0.0,0.0,0.0,0.0,0.0,0.0,45,0.05408781269138631,9,11,-2,0,0,0,0,0,0,0,0,1
1ado,C,227,LEU,3.8,166.7,0.0,0,0,X,0.0,0.0,0.0,0.0,0.0,0.0,0.0,0.0,48,0.05222271570202816,21,9,12,0,0,0,0,0,0,0,0,1
1ado,C,228,LEU,3.8,166.7,0.0,0,0,X,0.0,0.0,0.0,0.0,0.0,0.0,0.0,0.0,37,0.04616115048661418,9,11,-2,0,0,0,0,0,0,0,0,1
1ado,C,229,LYS,-3.9,168.6,1.0,2,0,X,0.0,0.0,0.0,0.0,0.0,0.0,0.0,0.0,38,0.0526889899493677,17,21,-4,0,0,0,0,0,0,0,0,1
1ado,C,230,PRO,-1.6,112.7,0.0,0,0,X,0.0,0.0,0.0,0.0,0.0,0.0,0.0,0.0,39,0.050823892960009553,9,18,-9,0,0,0,0,0,0,0,0,1
1ado,C,231,ASN,-3.5,114.1,0.0,2,2,X,0.0,0.0,0.0,0.0,0.0,0.0,0.0,0.0,39,0.05129016720734909,9,18,-9,0,0,0,0,0,0,0,0,1
1ado,C,232,MET,1.9,162.9,0.0,0,0,X,0.0,0.0,0.0,0.0,0.0,0.0,0.0,0.0,41,0.04755997322863279,5,9,-4,0,0,0,0,0,0,0,0,1
1ado,C,233,VAL,4.2,140.0,0.0,0,0,X,0.0,0.0,0.0,0.0,0.0,0.0,0.0,0.0,41,0.04942507021799094,19,16,3,0,0,0,0,0,0,0,0,1
1ado,C,234,THR,-0.7,116.1,0.0,1,1,X,0.0,0.0,0.0,0.0,0.0,0.0,0.0,0.0,38,0.04709369898129325,32,18,14,0,0,0,0,0,0,0,0,1
1ado,C,235,PRO,-1.6,112.7,0.0,0,0,X,0.0,0.0,0.0,0.0,0.0,0.0,0.0,0.0,36,0.048958795970651406,37,23,14,0,0,0,0,0,0,0,0,1
1ado,C,236,GLY,-0.4,60.1,0.0,0,0,X,0.0,0.0,0.0,0.0,0.0,0.0,0.0,0.0,30,0.043363505002576956,28,25,3,0,0,0,0,0,0,0,0,1
1ado,C,237,HIS,-3.2,153.2,0.1,2,1,X,0.0,0.0,0.0,0.0,0.0,0.0,0.0,0.0,24,0.03590311704514436,10,23,-13,0,0,0,0,0,0,0,0,1
1ado,C,238,ALA,1.8,88.6,0.0,0,0,X,0.0,0.0,0.0,0.0,0.0,0.0,0.0,0.0,20,0.03403802005578621,20,22,-2,0,0,0,0,0,0,0,0,1
1ado,C,239,CYS,2.5,108.5,0.0,1,0,X,0.0,0.0,0.0,0.0,0.0,0.0,0.0,0.0,25,0.043363505002576956,27,20,7,0,0,0,0,0,0,0,0,1
1ado,C,240,THR,-0.7,116.1,0.0,1,1,X,0.0,0.0,0.0,0.0,0.0,0.0,0.0,0.0,22,0.03730193978716297,20,14,6,0,0,0,0,0,0,0,0,1
1ado,C,241,GLN,-3.5,143.8,0.0,2,2,X,0.0,0.0,0.0,0.0,0.0,0.0,0.0,0.0,18,0.03124037457174899,17,17,0,0,0,0,0,0,0,0,0,1
1ado,C,242,LYS,-3.9,168.6,1.0,2,0,X,0.0,0.0,0.0,0.0,0.0,0.0,0.0,0.0,15,0.026577632098353617,1,5,-4,0,0,0,0,0,0,0,0,1
1ado,C,243,TYR,-1.3,193.6,0.0,1,1,X,0.0,0.0,0.0,0.0,0.0,0.0,0.0,0.0,21,0.03124037457174899,27,22,5,0,0,0,0,0,0,0,0,1
1ado,C,244,SER,-0.8,89.0,0.0,1,1,X,0.0,0.0,0.0,0.0,0.0,0.0,0.0,0.0,21,0.028909003335051305,17,18,-1,0,0,0,0,0,0,0,0,1
1ado,C,245,HIS,-3.2,153.2,0.1,2,1,X,0.0,0.0,0.0,0.0,0.0,0.0,0.0,0.0,32,0.03870076252918159,4,29,-25,0,0,0,0,0,0,0,0,1
1ado,C,246,GLU,-3.5,138.4,-1.0,1,3,X,0.0,0.0,0.0,0.0,0.0,0.0,0.0,0.0,25,0.03450429430312575,19,9,10,0,0,0,0,0,0,0,0,1
1ado,C,247,GLU,-3.5,138.4,-1.0,1,3,X,0.0,0.0,0.0,0.0,0.0,0.0,0.0,0.0,21,0.03310547156110714,20,9,11,0,0,0,0,0,0,0,0,1
1ado,C,248,ILE,4.5,166.7,0.0,0,0,X,0.0,0.0,0.0,0.0,0.0,0.0,0.0,0.0,31,0.05129016720734909,15,24,-9,0,0,0,0,0,0,0,0,1
1ado,C,249,ALA,1.8,88.6,0.0,0,0,X,0.0,0.0,0.0,0.0,0.0,0.0,0.0,0.0,35,0.05175644145468863,21,18,3,0,0,0,0,0,0,0,0,1
1ado,C,250,MET,1.9,162.9,0.0,0,0,X,0.0,0.0,0.0,0.0,0.0,0.0,0.0,0.0,29,0.04196468226055834,25,20,5,0,0,0,0,0,0,0,0,1
1ado,C,251,ALA,1.8,88.6,0.0,0,0,X,0.0,0.0,0.0,0.0,0.0,0.0,0.0,0.0,34,0.04476232774459557,28,21,7,0,0,0,0,0,0,0,0,1
1ado,C,252,THR,-0.7,116.1,0.0,1,1,X,0.0,0.0,0.0,0.0,0.0,0.0,0.0,0.0,41,0.05035761871267001,17,13,4,0,0,0,0,0,0,0,0,1
1ado,C,253,VAL,4.2,140.0,0.0,0,0,X,0.0,0.0,0.0,0.0,0.0,0.0,0.0,0.0,42,0.04989134446533048,35,8,27,0,0,0,0,0,0,0,0,1
1ado,C,254,THR,-0.7,116.1,0.0,1,1,X,0.0,0.0,0.0,0.0,0.0,0.0,0.0,0.0,32,0.04616115048661418,29,16,13,0,0,0,0,0,0,0,0,1
1ado,C,255,ALA,1.8,88.6,0.0,0,0,X,0.0,0.0,0.0,0.0,0.0,0.0,0.0,0.0,41,0.05175644145468863,27,12,15,0,0,0,0,0,0,0,0,1
1ado,C,256,LEU,3.8,166.7,0.0,0,0,X,0.0,0.0,0.0,0.0,0.0,0.0,0.0,0.0,39,0.04989134446533048,28,9,19,0,0,0,0,0,0,0,0,1
1ado,C,257,ARG,-4.5,173.4,1.0,5,0,X,0.0,0.0,0.0,0.0,0.0,0.0,0.0,0.0,29,0.05175644145468863,21,10,11,0,0,0,0,0,0,0,0,1
1ado,C,258,ARG,-4.5,173.4,1.0,5,0,X,0.0,0.0,0.0,0.0,0.0,0.0,0.0,0.0,37,0.04755997322863279,22,18,4,0,0,0,0,0,0,0,0,1
1ado,C,259,THR,-0.7,116.1,0.0,1,1,X,0.0,0.0,0.0,0.0,0.0,0.0,0.0,0.0,32,0.05175644145468863,29,10,19,0,0,0,0,0,0,0,0,1
1ado,C,260,VAL,4.2,140.0,0.0,0,0,X,0.0,0.0,0.0,0.0,0.0,0.0,0.0,0.0,34,0.05129016720734909,24,3,21,0,0,0,0,0,0,0,0,1
1ado,C,261,PRO,-1.6,112.7,0.0,0,0,X,0.0,0.0,0.0,0.0,0.0,0.0,0.0,0.0,26,0.05222271570202816,30,6,24,0,0,0,0,0,0,0,0,1
1ado,C,262,PRO,-1.6,112.7,0.0,0,0,X,0.0,0.0,0.0,0.0,0.0,0.0,0.0,0.0,23,0.053155264196707235,37,7,30,0,0,0,0,0,0,0,0,1
1ado,C,263,ALA,1.8,88.6,0.0,0,0,X,0.0,0.0,0.0,0.0,0.0,0.0,0.0,0.0,31,0.04429605349725603,27,9,18,0,0,0,0,0,0,0,0,1
1ado,C,264,VAL,4.2,140.0,0.0,0,0,X,0.0,0.0,0.0,0.0,0.0,0.0,0.0,0.0,35,0.05129016720734909,25,9,16,0,0,0,0,0,0,0,0,1
1ado,C,265,THR,-0.7,116.1,0.0,1,1,X,0.0,0.0,0.0,0.0,0.0,0.0,0.0,0.0,36,0.04616115048661418,17,13,4,0,0,0,0,0,0,0,0,1
1ado,C,266,GLY,-0.4,60.1,0.0,0,0,X,0.0,0.0,0.0,0.0,0.0,0.0,0.0,0.0,40,0.04709369898129325,18,5,13,0,0,0,0,0,0,0,0,1
1ado,C,267,VAL,4.2,140.0,0.0,0,0,X,0.0,0.0,0.0,0.0,0.0,0.0,0.0,0.0,39,0.05502036118606539,15,0,15,0,0,0,0,0,0,0,0,1
1ado,C,268,THR,-0.7,116.1,0.0,1,1,X,0.0,0.0,0.0,0.0,0.0,0.0,0.0,0.0,43,0.05408781269138631,13,8,5,0,0,0,0,0,0,0,0,1
1ado,C,269,PHE,2.8,189.9,0.0,0,0,X,0.0,0.0,0.0,0.0,0.0,0.0,0.0,0.0,39,0.05129016720734909,9,1,8,0,0,0,0,0,0,0,0,1
1ado,C,270,LEU,3.8,166.7,0.0,0,0,X,0.0,0.0,0.0,0.0,0.0,0.0,0.0,0.0,40,0.048026247475972325,20,18,2,0,0,0,0,0,0,0,0,1
1ado,C,271,SER,-0.8,89.0,0.0,1,1,X,0.0,0.0,0.0,0.0,0.0,0.0,0.0,0.0,36,0.04476232774459557,17,24,-7,0,0,0,0,0,0,0,0,1
1ado,C,272,GLY,-0.4,60.1,0.0,0,0,X,0.0,0.0,0.0,0.0,0.0,0.0,0.0,0.0,29,0.030774100324409453,22,21,1,0,0,0,0,0,0,0,0,1
1ado,C,273,GLY,-0.4,60.1,0.0,0,0,X,0.0,0.0,0.0,0.0,0.0,0.0,0.0,0.0,23,0.02611135785101408,18,21,-3,0,0,0,0,0,0,0,0,1
1ado,C,274,GLN,-3.5,143.8,0.0,2,2,X,0.0,0.0,0.0,0.0,0.0,0.0,0.0,0.0,33,0.03357174580844668,16,21,-5,0,0,0,0,0,0,0,0,1
1ado,C,275,SER,-0.8,89.0,0.0,1,1,X,0.0,0.0,0.0,0.0,0.0,0.0,0.0,0.0,28,0.032639197313767604,21,28,-7,0,0,0,0,0,0,0,0,1
1ado,C,276,GLU,-3.5,138.4,-1.0,1,3,X,0.0,0.0,0.0,0.0,0.0,0.0,0.0,0.0,26,0.04476232774459557,24,24,0,0,0,0,0,0,0,0,0,1
1ado,C,277,GLU,-3.5,138.4,-1.0,1,3,X,0.0,0.0,0.0,0.0,0.0,0.0,0.0,0.0,29,0.03683566553982344,18,18,0,0,0,0,0,0,0,0,0,1
1ado,C,278,GLU,-3.5,138.4,-1.0,1,3,X,0.0,0.0,0.0,0.0,0.0,0.0,0.0,0.0,33,0.04103213376587927,15,16,-1,0,0,0,0,0,0,0,0,1
1ado,C,279,ALA,1.8,88.6,0.0,0,0,X,0.0,0.0,0.0,0.0,0.0,0.0,0.0,0.0,38,0.05408781269138631,18,27,-9,0,0,0,0,0,0,0,0,1
1ado,C,280,SER,-0.8,89.0,0.0,1,1,X,0.0,0.0,0.0,0.0,0.0,0.0,0.0,0.0,40,0.05595290968074446,21,25,-4,0,0,0,0,0,0,0,0,1
1ado,C,281,ILE,4.5,166.7,0.0,0,0,X,0.0,0.0,0.0,0.0,0.0,0.0,0.0,0.0,36,0.053621538444046775,20,29,-9,0,0,0,0,0,0,0,0,1
1ado,C,282,ASN,-3.5,114.1,0.0,2,2,X,0.0,0.0,0.0,0.0,0.0,0.0,0.0,0.0,38,0.05035761871267001,10,33,-23,0,0,0,0,0,0,0,0,1
1ado,C,283,LEU,3.8,166.7,0.0,0,0,X,0.0,0.0,0.0,0.0,0.0,0.0,0.0,0.0,44,0.05735173242276307,18,7,11,0,0,0,0,0,0,0,0,1
1ado,C,284,ASN,-3.5,114.1,0.0,2,2,X,0.0,0.0,0.0,0.0,0.0,0.0,0.0,0.0,34,0.053155264196707235,27,13,14,0,0,0,0,0,0,0,0,1
1ado,C,285,ALA,1.8,88.6,0.0,0,0,X,0.0,0.0,0.0,0.0,0.0,0.0,0.0,0.0,39,0.048958795970651406,26,15,11,0,0,0,0,0,0,0,0,1
1ado,C,286,ILE,4.5,166.7,0.0,0,0,X,0.0,0.0,0.0,0.0,0.0,0.0,0.0,0.0,41,0.053155264196707235,22,13,9,0,0,0,0,0,0,0,0,1
1ado,C,287,ASN,-3.5,114.1,0.0,2,2,X,0.0,0.0,0.0,0.0,0.0,0.0,0.0,0.0,36,0.045694876239274644,25,0,25,0,0,0,0,0,0,0,0,1
1ado,C,288,LYS,-3.9,168.6,1.0,2,0,X,0.0,0.0,0.0,0.0,0.0,0.0,0.0,0.0,28,0.03403802005578621,14,9,5,0,0,0,0,0,0,0,0,1
1ado,C,289,CYS,2.5,108.5,0.0,1,0,X,0.0,0.0,0.0,0.0,0.0,0.0,0.0,0.0,25,0.03683566553982344,25,12,13,0,0,0,0,0,0,0,0,1
1ado,C,290,PRO,-1.6,112.7,0.0,0,0,X,0.0,0.0,0.0,0.0,0.0,0.0,0.0,0.0,15,0.020049792635600097,21,4,17,0,0,0,0,0,0,0,0,1
1ado,C,291,LEU,3.8,166.7,0.0,0,0,X,0.0,0.0,0.0,0.0,0.0,0.0,0.0,0.0,24,0.027043906345693154,25,4,21,0,0,0,0,0,0,0,0,1
1ado,C,292,LEU,3.8,166.7,0.0,0,0,X,0.0,0.0,0.0,0.0,0.0,0.0,0.0,0.0,18,0.029375277582390842,25,0,25,0,0,0,0,0,0,0,0,1
1ado,C,293,LYS,-3.9,168.6,1.0,2,0,X,0.0,0.0,0.0,0.0,0.0,0.0,0.0,0.0,24,0.03870076252918159,15,0,15,0,0,0,0,0,0,0,0,1
1ado,C,294,PRO,-1.6,112.7,0.0,0,0,X,0.0,0.0,0.0,0.0,0.0,0.0,0.0,0.0,17,0.03963331102386066,35,0,35,0,0,0,0,0,0,0,0,1
1ado,C,295,TRP,-0.9,227.8,0.0,1,0,X,0.0,0.0,0.0,0.0,0.0,0.0,0.0,0.0,32,0.03870076252918159,24,0,24,0,0,0,0,0,0,0,0,1
1ado,C,296,ALA,1.8,88.6,0.0,0,0,X,0.0,0.0,0.0,0.0,0.0,0.0,0.0,0.0,36,0.03870076252918159,23,0,23,0,0,0,0,0,0,0,0,1
1ado,C,297,LEU,3.8,166.7,0.0,0,0,X,0.0,0.0,0.0,0.0,0.0,0.0,0.0,0.0,41,0.04616115048661418,13,0,13,0,0,0,0,0,0,0,0,1
1ado,C,298,THR,-0.7,116.1,0.0,1,1,X,0.0,0.0,0.0,0.0,0.0,0.0,0.0,0.0,43,0.053155264196707235,11,0,11,0,0,0,0,0,0,0,0,1
1ado,C,299,PHE,2.8,189.9,0.0,0,0,X,0.0,0.0,0.0,0.0,0.0,0.0,0.0,0.0,46,0.05035761871267001,15,0,15,0,0,0,0,0,0,0,0,1
1ado,C,300,SER,-0.8,89.0,0.0,1,1,X,0.0,0.0,0.0,0.0,0.0,0.0,0.0,0.0,43,0.04755997322863279,19,9,10,0,0,0,0,0,0,0,0,1
1ado,C,301,TYR,-1.3,193.6,0.0,1,1,X,0.0,0.0,0.0,0.0,0.0,0.0,0.0,0.0,44,0.04989134446533048,20,12,8,0,0,0,0,0,0,0,0,1
1ado,C,302,GLY,-0.4,60.1,0.0,0,0,X,0.0,0.0,0.0,0.0,0.0,0.0,0.0,0.0,38,0.04243095650789788,23,21,2,0,0,0,0,0,0,0,0,1
1ado,C,303,ARG,-4.5,173.4,1.0,5,0,X,0.0,0.0,0.0,0.0,0.0,0.0,0.0,0.0,26,0.040565859518539735,12,13,-1,0,0,0,0,0,0,0,0,1
1ado,C,304,ALA,1.8,88.6,0.0,0,0,X,0.0,0.0,0.0,0.0,0.0,0.0,0.0,0.0,37,0.048492521723311866,28,23,5,0,0,0,0,0,0,0,0,1
1ado,C,305,LEU,3.8,166.7,0.0,0,0,X,0.0,0.0,0.0,0.0,0.0,0.0,0.0,0.0,44,0.053621538444046775,27,17,10,0,0,0,0,0,0,0,0,1
1ado,C,306,GLN,-3.5,143.8,0.0,2,2,X,0.0,0.0,0.0,0.0,0.0,0.0,0.0,0.0,37,0.048958795970651406,39,20,19,0,0,0,0,0,0,0,0,1
1ado,C,307,ALA,1.8,88.6,0.0,0,0,X,0.0,0.0,0.0,0.0,0.0,0.0,0.0,0.0,27,0.03776821403450251,38,20,18,0,0,0,0,0,0,0,0,1
1ado,C,308,SER,-0.8,89.0,0.0,1,1,X,0.0,0.0,0.0,0.0,0.0,0.0,0.0,0.0,29,0.03450429430312575,34,23,11,0,0,0,0,0,0,0,0,1
1ado,C,309,ALA,1.8,88.6,0.0,0,0,X,0.0,0.0,0.0,0.0,0.0,0.0,0.0,0.0,31,0.050823892960009553,29,20,9,0,0,0,0,0,0,0,0,1
1ado,C,310,LEU,3.8,166.7,0.0,0,0,X,0.0,0.0,0.0,0.0,0.0,0.0,0.0,0.0,34,0.04755997322863279,32,7,25,0,0,0,0,0,0,0,0,1
1ado,C,311,LYS,-3.9,168.6,1.0,2,0,X,0.0,0.0,0.0,0.0,0.0,0.0,0.0,0.0,21,0.03357174580844668,4,8,-4,0,0,0,0,0,0,0,0,1
1ado,C,312,ALA,1.8,88.6,0.0,0,0,X,0.0,0.0,0.0,0.0,0.0,0.0,0.0,0.0,24,0.03730193978716297,26,20,6,0,0,0,0,0,0,0,0,1
1ado,C,313,TRP,-0.9,227.8,0.0,1,0,X,0.0,0.0,0.0,0.0,0.0,0.0,0.0,0.0,35,0.048492521723311866,33,8,25,0,0,0,0,0,0,0,0,1
1ado,C,314,GLY,-0.4,60.1,0.0,0,0,X,0.0,0.0,0.0,0.0,0.0,0.0,0.0,0.0,26,0.03963331102386066,25,9,16,0,0,0,0,0,0,0,0,1
1ado,C,315,GLY,-0.4,60.1,0.0,0,0,X,0.0,0.0,0.0,0.0,0.0,0.0,0.0,0.0,23,0.03730193978716297,21,18,3,0,0,0,0,0,0,0,0,1
1ado,C,316,LYS,-3.9,168.6,1.0,2,0,X,0.0,0.0,0.0,0.0,0.0,0.0,0.0,0.0,18,0.030774100324409453,10,9,1,0,0,0,0,0,0,0,0,1
1ado,C,317,LYS,-3.9,168.6,1.0,2,0,X,0.0,0.0,0.0,0.0,0.0,0.0,0.0,0.0,16,0.032172923066428064,13,13,0,0,0,0,0,0,0,0,0,1
1ado,C,318,GLU,-3.5,138.4,-1.0,1,3,X,0.0,0.0,0.0,0.0,0.0,0.0,0.0,0.0,12,0.027043906345693154,26,0,26,0,0,0,0,0,0,0,0,1
1ado,C,319,ASN,-3.5,114.1,0.0,2,2,X,0.0,0.0,0.0,0.0,0.0,0.0,0.0,0.0,21,0.03916703677652112,30,11,19,0,0,0,0,0,0,0,0,1
1ado,C,320,LEU,3.8,166.7,0.0,0,0,X,0.0,0.0,0.0,0.0,0.0,0.0,0.0,0.0,24,0.04289723075523742,23,16,7,0,0,0,0,0,0,0,0,1
1ado,C,321,LYS,-3.9,168.6,1.0,2,0,X,0.0,0.0,0.0,0.0,0.0,0.0,0.0,0.0,19,0.02844272908771177,7,24,-17,0,0,0,0,0,0,0,0,1
1ado,C,322,ALA,1.8,88.6,0.0,0,0,X,0.0,0.0,0.0,0.0,0.0,0.0,0.0,0.0,23,0.03450429430312575,25,27,-2,0,0,0,0,0,0,0,0,1
1ado,C,323,ALA,1.8,88.6,0.0,0,0,X,0.0,0.0,0.0,0.0,0.0,0.0,0.0,0.0,33,0.05035761871267001,28,24,4,0,0,0,0,0,0,0,0,1
1ado,C,324,GLN,-3.5,143.8,0.0,2,2,X,0.0,0.0,0.0,0.0,0.0,0.0,0.0,0.0,32,0.05129016720734909,21,27,-6,0,0,0,0,0,0,0,0,1
1ado,C,325,GLU,-3.5,138.4,-1.0,1,3,X,0.0,0.0,0.0,0.0,0.0,0.0,0.0,0.0,22,0.03823448828184205,33,17,16,0,0,0,0,0,0,0,0,1
1ado,C,326,GLU,-3.5,138.4,-1.0,1,3,X,0.0,0.0,0.0,0.0,0.0,0.0,0.0,0.0,28,0.04243095650789788,33,14,19,0,0,0,0,0,0,0,0,1
1ado,C,327,TYR,-1.3,193.6,0.0,1,1,X,0.0,0.0,0.0,0.0,0.0,0.0,0.0,0.0,46,0.05455408693872585,30,29,1,0,0,0,0,0,0,0,0,1
1ado,C,328,VAL,4.2,140.0,0.0,0,0,X,0.0,0.0,0.0,0.0,0.0,0.0,0.0,0.0,29,0.04755997322863279,34,30,4,0,0,0,0,0,0,0,0,1
1ado,C,329,LYS,-3.9,168.6,1.0,2,0,X,0.0,0.0,0.0,0.0,0.0,0.0,0.0,0.0,25,0.03683566553982344,18,27,-9,0,0,0,0,0,0,0,0,1
1ado,C,330,ARG,-4.5,173.4,1.0,5,0,X,0.0,0.0,0.0,0.0,0.0,0.0,0.0,0.0,35,0.048026247475972325,11,33,-22,0,0,0,0,0,0,0,0,1
1ado,C,331,ALA,1.8,88.6,0.0,0,0,X,0.0,0.0,0.0,0.0,0.0,0.0,0.0,0.0,38,0.050823892960009553,31,14,17,0,0,0,0,0,0,0,0,1
1ado,C,332,LEU,3.8,166.7,0.0,0,0,X,0.0,0.0,0.0,0.0,0.0,0.0,0.0,0.0,28,0.03963331102386066,30,11,19,0,0,0,0,0,0,0,0,1
1ado,C,333,ALA,1.8,88.6,0.0,0,0,X,0.0,0.0,0.0,0.0,0.0,0.0,0.0,0.0,31,0.04429605349725603,26,15,11,0,0,0,0,0,0,0,0,1
1ado,C,334,ASN,-3.5,114.1,0.0,2,2,X,0.0,0.0,0.0,0.0,0.0,0.0,0.0,0.0,46,0.05595290968074446,21,22,-1,0,0,0,0,0,0,0,0,1
1ado,C,335,SER,-0.8,89.0,0.0,1,1,X,0.0,0.0,0.0,0.0,0.0,0.0,0.0,0.0,36,0.04942507021799094,27,0,27,0,0,0,0,0,0,0,0,1
1ado,C,336,LEU,3.8,166.7,0.0,0,0,X,0.0,0.0,0.0,0.0,0.0,0.0,0.0,0.0,26,0.04289723075523742,17,0,17,0,0,0,0,0,0,0,0,1
1ado,C,337,ALA,1.8,88.6,0.0,0,0,X,0.0,0.0,0.0,0.0,0.0,0.0,0.0,0.0,37,0.058284280917442144,23,4,19,0,0,0,0,0,0,0,0,1
1ado,C,338,CYS,2.5,108.5,0.0,1,0,X,0.0,0.0,0.0,0.0,0.0,0.0,0.0,0.0,43,0.053155264196707235,20,0,20,0,0,0,0,0,0,0,0,1
1ado,C,339,GLN,-3.5,143.8,0.0,2,2,X,0.0,0.0,0.0,0.0,0.0,0.0,0.0,0.0,27,0.040565859518539735,17,0,17,0,0,0,0,0,0,0,0,1
1ado,C,340,GLY,-0.4,60.1,0.0,0,0,X,0.0,0.0,0.0,0.0,0.0,0.0,0.0,0.0,24,0.043829779249916496,20,0,20,0,0,0,0,0,0,0,0,1
1ado,C,341,LYS,-3.9,168.6,1.0,2,0,X,0.0,0.0,0.0,0.0,0.0,0.0,0.0,0.0,18,0.03403802005578621,7,0,7,0,0,0,0,0,0,0,0,1
1ado,C,342,TYR,-1.3,193.6,0.0,1,1,X,0.0,0.0,0.0,0.0,0.0,0.0,0.0,0.0,30,0.043829779249916496,22,15,7,0,0,0,0,0,0,0,0,1
1ado,C,343,THR,-0.7,116.1,0.0,1,1,X,0.0,0.0,0.0,0.0,0.0,0.0,0.0,0.0,16,0.02331371236697686,11,4,7,0,0,0,0,0,0,0,0,1
1ado,C,344,SER,-0.8,89.0,0.0,1,1,X,0.0,0.0,0.0,0.0,0.0,0.0,0.0,0.0,18,0.02797645484037223,14,11,3,0,0,0,0,0,0,0,0,1
1ado,C,345,SER,-0.8,89.0,0.0,1,1,X,0.0,0.0,0.0,0.0,0.0,0.0,0.0,0.0,14,0.01958351838826056,9,7,2,0,0,0,0,0,0,0,0,1
1ado,C,346,GLY,-0.4,60.1,0.0,0,0,X,0.0,0.0,0.0,0.0,0.0,0.0,0.0,0.0,22,0.03450429430312575,13,21,-8,0,0,0,0,0,0,0,0,1
1ado,C,347,GLN,-3.5,143.8,0.0,2,2,X,0.0,0.0,0.0,0.0,0.0,0.0,0.0,0.0,15,0.027510180593032695,8,17,-9,0,0,0,0,0,0,0,0,1
1ado,C,348,ALA,1.8,88.6,0.0,0,0,X,0.0,0.0,0.0,0.0,0.0,0.0,0.0,0.0,21,0.02844272908771177,15,16,-1,0,0,0,0,0,0,0,0,1
1ado,C,349,GLY,-0.4,60.1,0.0,0,0,X,0.0,0.0,0.0,0.0,0.0,0.0,0.0,0.0,13,0.01678587290422334,7,0,7,0,0,0,0,0,0,0,0,1
1ado,C,350,ALA,1.8,88.6,0.0,0,0,X,0.0,0.0,0.0,0.0,0.0,0.0,0.0,0.0,8,0.015853324409544265,0,0,0,0,0,0,0,0,0,0,0,1
1ado,C,351,ALA,1.8,88.6,0.0,0,0,X,0.0,0.0,0.0,0.0,0.0,0.0,0.0,0.0,15,0.018650969893581486,3,17,-14,0,0,0,0,0,0,0,0,1
1ado,C,352,ALA,1.8,88.6,0.0,0,0,X,0.0,0.0,0.0,0.0,0.0,0.0,0.0,0.0,14,0.018650969893581486,1,19,-18,0,0,0,0,0,0,0,0,1
1ado,C,353,SER,-0.8,89.0,0.0,1,1,X,0.0,0.0,0.0,0.0,0.0,0.0,0.0,0.0,20,0.019117244140921023,5,19,-14,0,0,0,0,0,0,0,0,1
1ado,C,354,GLU,-3.5,138.4,-1.0,1,3,X,0.0,0.0,0.0,0.0,0.0,0.0,0.0,0.0,11,0.020049792635600097,8,1,7,0,0,0,0,0,0,0,0,1
1ado,C,355,SER,-0.8,89.0,0.0,1,1,X,0.0,0.0,0.0,0.0,0.0,0.0,0.0,0.0,19,0.02797645484037223,17,10,7,0,0,0,0,0,0,0,0,1
1ado,C,356,LEU,3.8,166.7,0.0,0,0,X,0.0,0.0,0.0,0.0,0.0,0.0,0.0,0.0,15,0.03170664881908853,13,9,4,0,0,0,0,0,0,0,0,1
1ado,C,357,PHE,2.8,189.9,0.0,0,0,X,0.0,0.0,0.0,0.0,0.0,0.0,0.0,0.0,19,0.03870076252918159,18,16,2,0,0,0,0,0,0,0,0,1
1ado,C,358,ILE,4.5,166.7,0.0,0,0,X,0.0,0.0,0.0,0.0,0.0,0.0,0.0,0.0,19,0.03963331102386066,19,6,13,0,0,0,0,0,0,0,0,1
1ado,C,359,SER,-0.8,89.0,0.0,1,1,X,0.0,0.0,0.0,0.0,0.0,0.0,0.0,0.0,15,0.03403802005578621,14,7,7,0,0,0,0,0,0,0,0,1
1ado,C,360,ASN,-3.5,114.1,0.0,2,2,X,0.0,0.0,0.0,0.0,0.0,0.0,0.0,0.0,9,0.026577632098353617,10,0,10,0,0,0,0,0,0,0,0,1
1ado,C,361,HIS,-3.2,153.2,0.1,2,1,X,0.0,0.0,0.0,0.0,0.0,0.0,0.0,0.0,10,0.027043906345693154,0,2,-2,0,0,0,0,0,0,0,0,1
1ado,C,362,ALA,1.8,88.6,0.0,0,0,X,0.0,0.0,0.0,0.0,0.0,0.0,0.0,0.0,14,0.03310547156110714,11,2,9,0,0,0,0,0,0,0,0,1
1ado,C,363,TYR,-1.3,193.6,0.0,1,1,X,0.0,0.0,0.0,0.0,0.0,0.0,0.0,0.0,12,0.018650969893581486,10,0,10,0,0,0,0,0,0,0,0,1
1ado,D,1,PRO,-1.6,112.7,0.0,0,0,X,0.0,0.0,0.0,0.0,0.0,0.0,0.0,0.0,28,0.03730193978716297,56,12,44,0,0,0,0,0,0,0,0,1
1ado,D,2,HIS,-3.2,153.2,0.1,2,1,X,0.0,0.0,0.0,0.0,0.0,0.0,0.0,0.0,23,0.03357174580844668,50,16,34,0,0,0,0,0,0,0,0,1
1ado,D,3,SER,-0.8,89.0,0.0,1,1,X,0.0,0.0,0.0,0.0,0.0,0.0,0.0,0.0,21,0.03590311704514436,59,2,57,0,0,0,0,0,0,0,0,1
1ado,D,4,HIS,-3.2,153.2,0.1,2,1,X,0.0,0.0,0.0,0.0,0.0,0.0,0.0,0.0,19,0.030307826077069916,27,7,20,0,0,0,0,0,0,0,0,1
1ado,D,5,PRO,-1.6,112.7,0.0,0,0,X,0.0,0.0,0.0,0.0,0.0,0.0,0.0,0.0,18,0.028909003335051305,31,0,31,0,0,0,0,0,0,0,0,1
1ado,D,6,ALA,1.8,88.6,0.0,0,0,X,0.0,0.0,0.0,0.0,0.0,0.0,0.0,0.0,25,0.03590311704514436,27,0,27,0,0,0,0,0,0,0,0,1
1ado,D,7,LEU,3.8,166.7,0.0,0,0,X,0.0,0.0,0.0,0.0,0.0,0.0,0.0,0.0,29,0.03823448828184205,26,11,15,0,0,0,0,0,0,0,0,1
1ado,D,8,THR,-0.7,116.1,0.0,1,1,X,0.0,0.0,0.0,0.0,0.0,0.0,0.0,0.0,14,0.02844272908771177,16,13,3,0,0,0,0,0,0,0,0,1
1ado,D,9,PRO,-1.6,112.7,0.0,0,0,X,0.0,0.0,0.0,0.0,0.0,0.0,0.0,0.0,14,0.026577632098353617,20,13,7,0,0,0,0,0,0,0,0,1
1ado,D,10,GLU,-3.5,138.4,-1.0,1,3,X,0.0,0.0,0.0,0.0,0.0,0.0,0.0,0.0,10,0.02844272908771177,18,10,8,0,0,0,0,0,0,0,0,1
1ado,D,11,GLN,-3.5,143.8,0.0,2,2,X,0.0,0.0,0.0,0.0,0.0,0.0,0.0,0.0,21,0.03963331102386066,18,18,0,0,0,0,0,0,0,0,0,1
1ado,D,12,LYS,-3.9,168.6,1.0,2,0,X,0.0,0.0,0.0,0.0,0.0,0.0,0.0,0.0,24,0.045228601991935104,14,32,-18,0,0,0,0,0,0,0,0,1
1ado,D,13,LYS,-3.9,168.6,1.0,2,0,X,0.0,0.0,0.0,0.0,0.0,0.0,0.0,0.0,16,0.03170664881908853,13,28,-15,0,0,0,0,0,0,0,0,1
1ado,D,14,GLU,-3.5,138.4,-1.0,1,3,X,0.0,0.0,0.0,0.0,0.0,0.0,0.0,0.0,28,0.035436842797804825,24,23,1,0,0,0,0,0,0,0,0,1
1ado,D,15,LEU,3.8,166.7,0.0,0,0,X,0.0,0.0,0.0,0.0,0.0,0.0,0.0,0.0,35,0.0526889899493677,27,37,-10,0,0,0,0,0,0,0,0,1
1ado,D,16,SER,-0.8,89.0,0.0,1,1,X,0.0,0.0,0.0,0.0,0.0,0.0,0.0,0.0,31,0.04616115048661418,37,29,8,0,0,0,0,0,0,0,0,1
1ado,D,17,ASP,-3.5,111.1,-1.0,1,3,X,0.0,0.0,0.0,0.0,0.0,0.0,0.0,0.0,21,0.034970568550465285,35,19,16,0,0,0,0,0,0,0,0,1
1ado,D,18,ILE,4.5,166.7,0.0,0,0,X,0.0,0.0,0.0,0.0,0.0,0.0,0.0,0.0,36,0.04616115048661418,34,27,7,0,0,0,0,0,0,0,0,1
1ado,D,19,ALA,1.8,88.6,0.0,0,0,X,0.0,0.0,0.0,0.0,0.0,0.0,0.0,0.0,39,0.05129016720734909,25,25,0,0,0,0,0,0,0,0,0,1
1ado,D,20,HIS,-3.2,153.2,0.1,2,1,X,0.0,0.0,0.0,0.0,0.0,0.0,0.0,0.0,28,0.03823448828184205,15,17,-2,0,0,0,0,0,0,0,0,1
1ado,D,21,ARG,-4.5,173.4,1.0,5,0,X,0.0,0.0,0.0,0.0,0.0,0.0,0.0,0.0,25,0.03590311704514436,19,20,-1,0,0,0,0,0,0,0,0,1
1ado,D,22,ILE,4.5,166.7,0.0,0,0,X,0.0,0.0,0.0,0.0,0.0,0.0,0.0,0.0,41,0.048026247475972325,30,10,20,0,0,0,0,0,0,0,0,1
1ado,D,23,VAL,4.2,140.0,0.0,0,0,X,0.0,0.0,0.0,0.0,0.0,0.0,0.0,0.0,39,0.04942507021799094,26,3,23,0,0,0,0,0,0,0,0,1
1ado,D,24,ALA,1.8,88.6,0.0,0,0,X,0.0,0.0,0.0,0.0,0.0,0.0,0.0,0.0,32,0.030307826077069916,27,1,26,0,0,0,0,0,0,0,0,1
1ado,D,25,PRO,-1.6,112.7,0.0,0,0,X,0.0,0.0,0.0,0.0,0.0,0.0,0.0,0.0,23,0.026577632098353617,21,0,21,0,0,0,0,0,0,0,0,1
1ado,D,26,GLY,-0.4,60.1,0.0,0,0,X,0.0,0.0,0.0,0.0,0.0,0.0,0.0,0.0,34,0.03870076252918159,19,0,19,0,0,0,0,0,0,0,0,1
1ado,D,27,LYS,-3.9,168.6,1.0,2,0,X,0.0,0.0,0.0,0.0,0.0,0.0,0.0,0.0,36,0.050823892960009553,12,0,12,0,0,0,0,0,0,0,0,1
1ado,D,28,GLY,-0.4,60.1,0.0,0,0,X,0.0,0.0,0.0,0.0,0.0,0.0,0.0,0.0,47,0.05408781269138631,14,0,14,0,0,0,0,0,0,0,0,1
1ado,D,29,ILE,4.5,166.7,0.0,0,0,X,0.0,0.0,0.0,0.0,0.0,0.0,0.0,0.0,46,0.05129016720734909,18,3,15,0,0,0,0,0,0,0,0,1
1ado,D,30,LEU,3.8,166.7,0.0,0,0,X,0.0,0.0,0.0,0.0,0.0,0.0,0.0,0.0,38,0.05035761871267001,13,11,2,0,0,0,0,0,0,0,0,1
1ado,D,31,ALA,1.8,88.6,0.0,0,0,X,0.0,0.0,0.0,0.0,0.0,0.0,0.0,0.0,39,0.045228601991935104,30,20,10,0,0,0,0,0,0,0,0,1
1ado,D,32,ALA,1.8,88.6,0.0,0,0,X,0.0,0.0,0.0,0.0,0.0,0.0,0.0,0.0,39,0.04616115048661418,34,17,17,0,0,0,0,0,0,0,0,1
1ado,D,33,ASP,-3.5,111.1,-1.0,1,3,X,0.0,0.0,0.0,0.0,0.0,0.0,0.0,0.0,35,0.045228601991935104,41,18,23,0,0,0,0,0,0,0,0,1
1ado,D,34,GLU,-3.5,138.4,-1.0,1,3,X,0.0,0.0,0.0,0.0,0.0,0.0,0.0,0.0,30,0.04149840801321881,44,10,34,0,0,0,0,0,0,0,0,1
1ado,D,35,SER,-0.8,89.0,0.0,1,1,X,0.0,0.0,0.0,0.0,0.0,0.0,0.0,0.0,23,0.0363693912924839,39,26,13,0,0,0,0,0,0,0,0,1
1ado,D,36,THR,-0.7,116.1,0.0,1,1,X,0.0,0.0,0.0,0.0,0.0,0.0,0.0,0.0,19,0.03403802005578621,26,23,3,0,0,0,0,0,0,0,0,1
1ado,D,37,GLY,-0.4,60.1,0.0,0,0,X,0.0,0.0,0.0,0.0,0.0,0.0,0.0,0.0,15,0.02471253510899547,28,10,18,0,0,0,0,0,0,0,0,1
1ado,D,38,SER,-0.8,89.0,0.0,1,1,X,0.0,0.0,0.0,0.0,0.0,0.0,0.0,0.0,18,0.03310547156110714,31,15,16,0,0,0,0,0,0,0,0,1
1ado,D,39,ILE,4.5,166.7,0.0,0,0,X,0.0,0.0,0.0,0.0,0.0,0.0,0.0,0.0,31,0.04289723075523742,41,22,19,0,0,0,0,0,0,0,0,1
1ado,D,40,ALA,1.8,88.6,0.0,0,0,X,0.0,0.0,0.0,0.0,0.0,0.0,0.0,0.0,22,0.03916703677652112,32,12,20,0,0,0,0,0,0,0,0,1
1ado,D,41,LYS,-3.9,168.6,1.0,2,0,X,0.0,0.0,0.0,0.0,0.0,0.0,0.0,0.0,15,0.03403802005578621,11,5,6,0,0,0,0,0,0,0,0,1
1ado,D,42,ARG,-4.5,173.4,1.0,5,0,X,0.0,0.0,0.0,0.0,0.0,0.0,0.0,0.0,29,0.035436842797804825,27,10,17,0,0,0,0,0,0,0,0,1
1ado,D,43,LEU,3.8,166.7,0.0,0,0,X,0.0,0.0,0.0,0.0,0.0,0.0,0.0,0.0,30,0.04709369898129325,34,10,24,0,0,0,0,0,0,0,0,1
1ado,D,44,GLN,-3.5,143.8,0.0,2,2,X,0.0,0.0,0.0,0.0,0.0,0.0,0.0,0.0,15,0.03403802005578621,15,5,10,0,0,0,0,0,0,0,0,1
1ado,D,45,SER,-0.8,89.0,0.0,1,1,X,0.0,0.0,0.0,0.0,0.0,0.0,0.0,0.0,17,0.026577632098353617,23,2,21,0,0,0,0,0,0,0,0,1
1ado,D,46,ILE,4.5,166.7,0.0,0,0,X,0.0,0.0,0.0,0.0,0.0,0.0,0.0,0.0,25,0.030774100324409453,26,5,21,0,0,0,0,0,0,0,0,1
1ado,D,47,GLY,-0.4,60.1,0.0,0,0,X,0.0,0.0,0.0,0.0,0.0,0.0,0.0,0.0,19,0.02331371236697686,15,9,6,0,0,0,0,0,0,0,0,1
1ado,D,48,THR,-0.7,116.1,0.0,1,1,X,0.0,0.0,0.0,0.0,0.0,0.0,0.0,0.0,22,0.035436842797804825,18,11,7,0,0,0,0,0,0,0,0,1
1ado,D,49,GLU,-3.5,138.4,-1.0,1,3,X,0.0,0.0,0.0,0.0,0.0,0.0,0.0,0.0,15,0.02797645484037223,7,10,-3,0,0,0,0,0,0,0,0,1
1ado,D,50,ASN,-3.5,114.1,0.0,2,2,X,0.0,0.0,0.0,0.0,0.0,0.0,0.0,0.0,24,0.03963331102386066,27,24,3,0,0,0,0,0,0,0,0,1
1ado,D,51,THR,-0.7,116.1,0.0,1,1,X,0.0,0.0,0.0,0.0,0.0,0.0,0.0,0.0,17,0.03310547156110714,18,31,-13,0,0,0,0,0,0,0,0,1
1ado,D,52,GLU,-3.5,138.4,-1.0,1,3,X,0.0,0.0,0.0,0.0,0.0,0.0,0.0,0.0,19,0.035436842797804825,26,20,6,0,0,0,0,0,0,0,0,1
1ado,D,53,GLU,-3.5,138.4,-1.0,1,3,X,0.0,0.0,0.0,0.0,0.0,0.0,0.0,0.0,19,0.03357174580844668,27,24,3,0,0,0,0,0,0,0,0,1
1ado,D,54,ASN,-3.5,114.1,0.0,2,2,X,0.0,0.0,0.0,0.0,0.0,0.0,0.0,0.0,26,0.04942507021799094,32,27,5,0,0,0,0,0,0,0,0,1
1ado,D,55,ARG,-4.5,173.4,1.0,5,0,X,0.0,0.0,0.0,0.0,0.0,0.0,0.0,0.0,28,0.053155264196707235,20,39,-19,0,0,0,0,0,0,0,0,1
1ado,D,56,ARG,-4.5,173.4,1.0,5,0,X,0.0,0.0,0.0,0.0,0.0,0.0,0.0,0.0,24,0.05408781269138631,28,34,-6,0,0,0,0,0,0,0,0,1
1ado,D,57,PHE,2.8,189.9,0.0,0,0,X,0.0,0.0,0.0,0.0,0.0,0.0,0.0,0.0,33,0.04709369898129325,41,18,23,0,0,0,0,0,0,0,0,1
1ado,D,58,TYR,-1.3,193.6,0.0,1,1,X,0.0,0.0,0.0,0.0,0.0,0.0,0.0,0.0,41,0.048492521723311866,36,8,28,0,0,0,0,0,0,0,0,1
1ado,D,59,ARG,-4.5,173.4,1.0,5,0,X,0.0,0.0,0.0,0.0,0.0,0.0,0.0,0.0,36,0.048492521723311866,23,30,-7,0,0,0,0,0,0,0,0,1
1ado,D,60,GLN,-3.5,143.8,0.0,2,2,X,0.0,0.0,0.0,0.0,0.0,0.0,0.0,0.0,28,0.0526889899493677,34,23,11,0,0,0,0,0,0,0,0,1
1ado,D,61,LEU,3.8,166.7,0.0,0,0,X,0.0,0.0,0.0,0.0,0.0,0.0,0.0,0.0,35,0.0526889899493677,25,8,17,0,0,0,0,0,0,0,0,1
1ado,D,62,LEU,3.8,166.7,0.0,0,0,X,0.0,0.0,0.0,0.0,0.0,0.0,0.0,0.0,41,0.04755997322863279,18,11,7,0,0,0,0,0,0,0,0,1
1ado,D,63,LEU,3.8,166.7,0.0,0,0,X,0.0,0.0,0.0,0.0,0.0,0.0,0.0,0.0,40,0.045228601991935104,29,5,24,0,0,0,0,0,0,0,0,1
1ado,D,64,THR,-0.7,116.1,0.0,1,1,X,0.0,0.0,0.0,0.0,0.0,0.0,0.0,0.0,30,0.03683566553982344,24,24,0,0,0,0,0,0,0,0,0,1
1ado,D,65,ALA,1.8,88.6,0.0,0,0,X,0.0,0.0,0.0,0.0,0.0,0.0,0.0,0.0,30,0.04289723075523742,31,25,6,0,0,0,0,0,0,0,0,1
1ado,D,66,ASP,-3.5,111.1,-1.0,1,3,X,0.0,0.0,0.0,0.0,0.0,0.0,0.0,0.0,20,0.034970568550465285,27,17,10,0,0,0,0,0,0,0,0,1
1ado,D,67,ASP,-3.5,111.1,-1.0,1,3,X,0.0,0.0,0.0,0.0,0.0,0.0,0.0,0.0,18,0.030307826077069916,20,8,12,0,0,0,0,0,0,0,0,1
1ado,D,68,ARG,-4.5,173.4,1.0,5,0,X,0.0,0.0,0.0,0.0,0.0,0.0,0.0,0.0,18,0.03357174580844668,10,26,-16,0,0,0,0,0,0,0,0,1
1ado,D,69,VAL,4.2,140.0,0.0,0,0,X,0.0,0.0,0.0,0.0,0.0,0.0,0.0,0.0,35,0.048026247475972325,33,18,15,0,0,0,0,0,0,0,0,1
1ado,D,70,ASN,-3.5,114.1,0.0,2,2,X,0.0,0.0,0.0,0.0,0.0,0.0,0.0,0.0,27,0.03776821403450251,26,16,10,0,0,0,0,0,0,0,0,1
1ado,D,71,PRO,-1.6,112.7,0.0,0,0,X,0.0,0.0,0.0,0.0,0.0,0.0,0.0,0.0,26,0.030307826077069916,24,10,14,0,0,0,0,0,0,0,0,1
1ado,D,72,CYS,2.5,108.5,0.0,1,0,X,0.0,0.0,0.0,0.0,0.0,0.0,0.0,0.0,39,0.045694876239274644,28,5,23,0,0,0,0,0,0,0,0,1
1ado,D,73,ILE,4.5,166.7,0.0,0,0,X,0.0,0.0,0.0,0.0,0.0,0.0,0.0,0.0,46,0.04989134446533048,27,5,22,0,0,0,0,0,0,0,0,1
1ado,D,74,GLY,-0.4,60.1,0.0,0,0,X,0.0,0.0,0.0,0.0,0.0,0.0,0.0,0.0,39,0.04989134446533048,33,1,32,0,0,0,0,0,0,0,0,1
1ado,D,75,GLY,-0.4,60.1,0.0,0,0,X,0.0,0.0,0.0,0.0,0.0,0.0,0.0,0.0,42,0.04709369898129325,22,2,20,0,0,0,0,0,0,0,0,1
1ado,D,76,VAL,4.2,140.0,0.0,0,0,X,0.0,0.0,0.0,0.0,0.0,0.0,0.0,0.0,45,0.048492521723311866,12,8,4,0,0,0,0,0,0,0,0,1
1ado,D,77,ILE,4.5,166.7,0.0,0,0,X,0.0,0.0,0.0,0.0,0.0,0.0,0.0,0.0,44,0.053621538444046775,27,20,7,0,0,0,0,0,0,0,0,1
1ado,D,78,LEU,3.8,166.7,0.0,0,0,X,0.0,0.0,0.0,0.0,0.0,0.0,0.0,0.0,38,0.05129016720734909,34,25,9,0,0,0,0,0,0,0,0,1
1ado,D,79,PHE,2.8,189.9,0.0,0,0,X,0.0,0.0,0.0,0.0,0.0,0.0,0.0,0.0,27,0.048026247475972325,37,31,6,0,0,0,0,0,0,0,0,1
1ado,D,80,HIS,-3.2,153.2,0.1,2,1,X,0.0,0.0,0.0,0.0,0.0,0.0,0.0,0.0,24,0.04149840801321881,19,17,2,0,0,0,0,0,0,0,0,1
1ado,D,81,GLU,-3.5,138.4,-1.0,1,3,X,0.0,0.0,0.0,0.0,0.0,0.0,0.0,0.0,26,0.03590311704514436,38,18,20,0,0,0,0,0,0,0,0,1
1ado,D,82,THR,-0.7,116.1,0.0,1,1,X,0.0,0.0,0.0,0.0,0.0,0.0,0.0,0.0,33,0.048026247475972325,48,25,23,0,0,0,0,0,0,0,0,1
1ado,D,83,LEU,3.8,166.7,0.0,0,0,X,0.0,0.0,0.0,0.0,0.0,0.0,0.0,0.0,30,0.048492521723311866,23,16,7,0,0,0,0,0,0,0,0,1
1ado,D,84,TYR,-1.3,193.6,0.0,1,1,X,0.0,0.0,0.0,0.0,0.0,0.0,0.0,0.0,20,0.03823448828184205,19,17,2,0,0,0,0,0,0,0,0,1
1ado,D,85,GLN,-3.5,143.8,0.0,2,2,X,0.0,0.0,0.0,0.0,0.0,0.0,0.0,0.0,28,0.04149840801321881,51,28,23,0,0,0,0,0,0,0,0,1
1ado,D,86,LYS,-3.9,168.6,1.0,2,0,X,0.0,0.0,0.0,0.0,0.0,0.0,0.0,0.0,19,0.04196468226055834,19,18,1,0,0,0,0,0,0,0,0,1
1ado,D,87,ALA,1.8,88.6,0.0,0,0,X,0.0,0.0,0.0,0.0,0.0,0.0,0.0,0.0,22,0.043363505002576956,35,19,16,0,0,0,0,0,0,0,0,1
1ado,D,88,ASP,-3.5,111.1,-1.0,1,3,X,0.0,0.0,0.0,0.0,0.0,0.0,0.0,0.0,17,0.02471253510899547,30,13,17,0,0,0,0,0,0,0,0,1
1ado,D,89,ASP,-3.5,111.1,-1.0,1,3,X,0.0,0.0,0.0,0.0,0.0,0.0,0.0,0.0,13,0.02098234113027917,23,8,15,0,0,0,0,0,0,0,0,1
1ado,D,90,GLY,-0.4,60.1,0.0,0,0,X,0.0,0.0,0.0,0.0,0.0,0.0,0.0,0.0,15,0.025178809356335007,25,16,9,0,0,0,0,0,0,0,0,1
1ado,D,91,ARG,-4.5,173.4,1.0,5,0,X,0.0,0.0,0.0,0.0,0.0,0.0,0.0,0.0,19,0.03590311704514436,17,14,3,0,0,0,0,0,0,0,0,1
1ado,D,92,PRO,-1.6,112.7,0.0,0,0,X,0.0,0.0,0.0,0.0,0.0,0.0,0.0,0.0,26,0.03916703677652112,27,17,10,0,0,0,0,0,0,0,0,1
1ado,D,93,PHE,2.8,189.9,0.0,0,0,X,0.0,0.0,0.0,0.0,0.0,0.0,0.0,0.0,36,0.048492521723311866,45,14,31,0,0,0,0,0,0,0,0,1
1ado,D,94,PRO,-1.6,112.7,0.0,0,0,X,0.0,0.0,0.0,0.0,0.0,0.0,0.0,0.0,33,0.045228601991935104,32,11,21,0,0,0,0,0,0,0,0,1
1ado,D,95,GLN,-3.5,143.8,0.0,2,2,X,0.0,0.0,0.0,0.0,0.0,0.0,0.0,0.0,20,0.03683566553982344,32,7,25,0,0,0,0,0,0,0,0,1
1ado,D,96,VAL,4.2,140.0,0.0,0,0,X,0.0,0.0,0.0,0.0,0.0,0.0,0.0,0.0,30,0.045228601991935104,36,9,27,0,0,0,0,0,0,0,0,1
1ado,D,97,ILE,4.5,166.7,0.0,0,0,X,0.0,0.0,0.0,0.0,0.0,0.0,0.0,0.0,35,0.045694876239274644,27,0,27,0,0,0,0,0,0,0,0,1
1ado,D,98,LYS,-3.9,168.6,1.0,2,0,X,0.0,0.0,0.0,0.0,0.0,0.0,0.0,0.0,26,0.03450429430312575,17,8,9,0,0,0,0,0,0,0,0,1
1ado,D,99,SER,-0.8,89.0,0.0,1,1,X,0.0,0.0,0.0,0.0,0.0,0.0,0.0,0.0,19,0.03124037457174899,25,6,19,0,0,0,0,0,0,0,0,1
1ado,D,100,LYS,-3.9,168.6,1.0,2,0,X,0.0,0.0,0.0,0.0,0.0,0.0,0.0,0.0,29,0.03450429430312575,17,15,2,0,0,0,0,0,0,0,0,1
1ado,D,101,GLY,-0.4,60.1,0.0,0,0,X,0.0,0.0,0.0,0.0,0.0,0.0,0.0,0.0,25,0.030774100324409453,33,4,29,0,0,0,0,0,0,0,0,1
1ado,D,102,GLY,-0.4,60.1,0.0,0,0,X,0.0,0.0,0.0,0.0,0.0,0.0,0.0,0.0,33,0.04476232774459557,34,5,29,0,0,0,0,0,0,0,0,1
1ado,D,103,VAL,4.2,140.0,0.0,0,0,X,0.0,0.0,0.0,0.0,0.0,0.0,0.0,0.0,38,0.048958795970651406,34,10,24,0,0,0,0,0,0,0,0,1
1ado,D,104,VAL,4.2,140.0,0.0,0,0,X,0.0,0.0,0.0,0.0,0.0,0.0,0.0,0.0,40,0.050823892960009553,19,13,6,0,0,0,0,0,0,0,0,1
1ado,D,105,GLY,-0.4,60.1,0.0,0,0,X,0.0,0.0,0.0,0.0,0.0,0.0,0.0,0.0,42,0.048492521723311866,24,18,6,0,0,0,0,0,0,0,0,1
1ado,D,106,ILE,4.5,166.7,0.0,0,0,X,0.0,0.0,0.0,0.0,0.0,0.0,0.0,0.0,39,0.05222271570202816,41,26,15,0,0,0,0,0,0,0,0,1
1ado,D,107,LYS,-3.9,168.6,1.0,2,0,X,0.0,0.0,0.0,0.0,0.0,0.0,0.0,0.0,37,0.04616115048661418,38,28,10,0,0,0,0,0,0,0,0,1
1ado,D,108,VAL,4.2,140.0,0.0,0,0,X,0.0,0.0,0.0,0.0,0.0,0.0,0.0,0.0,36,0.04662742473395372,49,16,33,0,0,0,0,0,0,0,0,1
1ado,D,109,ASP,-3.5,111.1,-1.0,1,3,X,0.0,0.0,0.0,0.0,0.0,0.0,0.0,0.0,33,0.04429605349725603,43,14,29,0,0,0,0,0,0,0,0,1
1ado,D,110,LYS,-3.9,168.6,1.0,2,0,X,0.0,0.0,0.0,0.0,0.0,0.0,0.0,0.0,22,0.03403802005578621,19,24,-5,0,0,0,0,0,0,0,0,1
1ado,D,111,GLY,-0.4,60.1,0.0,0,0,X,0.0,0.0,0.0,0.0,0.0,0.0,0.0,0.0,25,0.030774100324409453,27,15,12,0,0,0,0,0,0,0,0,1
1ado,D,112,VAL,4.2,140.0,0.0,0,0,X,0.0,0.0,0.0,0.0,0.0,0.0,0.0,0.0,21,0.0363693912924839,18,11,7,0,0,0,0,0,0,0,0,1
1ado,D,113,VAL,4.2,140.0,0.0,0,0,X,0.0,0.0,0.0,0.0,0.0,0.0,0.0,0.0,31,0.03310547156110714,14,18,-4,0,0,0,0,0,0,0,0,1
1ado,D,114,PRO,-1.6,112.7,0.0,0,0,X,0.0,0.0,0.0,0.0,0.0,0.0,0.0,0.0,24,0.02844272908771177,6,10,-4,0,0,0,0,0,0,0,0,1
1ado,D,115,LEU,3.8,166.7,0.0,0,0,X,0.0,0.0,0.0,0.0,0.0,0.0,0.0,0.0,33,0.04196468226055834,32,20,12,0,0,0,0,0,0,0,0,1
1ado,D,116,ALA,1.8,88.6,0.0,0,0,X,0.0,0.0,0.0,0.0,0.0,0.0,0.0,0.0,35,0.03776821403450251,39,11,28,0,0,0,0,0,0,0,0,1
1ado,D,117,GLY,-0.4,60.1,0.0,0,0,X,0.0,0.0,0.0,0.0,0.0,0.0,0.0,0.0,29,0.03870076252918159,37,12,25,0,0,0,0,0,0,0,0,1
1ado,D,118,THR,-0.7,116.1,0.0,1,1,X,0.0,0.0,0.0,0.0,0.0,0.0,0.0,0.0,32,0.04196468226055834,39,12,27,0,0,0,0,0,0,0,0,1
1ado,D,119,ASN,-3.5,114.1,0.0,2,2,X,0.0,0.0,0.0,0.0,0.0,0.0,0.0,0.0,20,0.03450429430312575,34,18,16,0,0,0,0,0,0,0,0,1
1ado,D,120,GLY,-0.4,60.1,0.0,0,0,X,0.0,0.0,0.0,0.0,0.0,0.0,0.0,0.0,24,0.02797645484037223,20,12,8,0,0,0,0,0,0,0,0,1
1ado,D,121,GLU,-3.5,138.4,-1.0,1,3,X,0.0,0.0,0.0,0.0,0.0,0.0,0.0,0.0,30,0.04196468226055834,25,5,20,0,0,0,0,0,0,0,0,1
1ado,D,122,THR,-0.7,116.1,0.0,1,1,X,0.0,0.0,0.0,0.0,0.0,0.0,0.0,0.0,30,0.043829779249916496,17,19,-2,0,0,0,0,0,0,0,0,1
1ado,D,123,THR,-0.7,116.1,0.0,1,1,X,0.0,0.0,0.0,0.0,0.0,0.0,0.0,0.0,35,0.04989134446533048,17,20,-3,0,0,0,0,0,0,0,0,1
1ado,D,124,THR,-0.7,116.1,0.0,1,1,X,0.0,0.0,0.0,0.0,0.0,0.0,0.0,0.0,31,0.0526889899493677,24,26,-2,0,0,0,0,0,0,0,0,1
1ado,D,125,GLN,-3.5,143.8,0.0,2,2,X,0.0,0.0,0.0,0.0,0.0,0.0,0.0,0.0,24,0.048958795970651406,17,28,-11,0,0,0,0,0,0,0,0,1
1ado,D,126,GLY,-0.4,60.1,0.0,0,0,X,0.0,0.0,0.0,0.0,0.0,0.0,0.0,0.0,26,0.04476232774459557,30,24,6,0,0,0,0,0,0,0,0,1
1ado,D,127,LEU,3.8,166.7,0.0,0,0,X,0.0,0.0,0.0,0.0,0.0,0.0,0.0,0.0,28,0.045694876239274644,26,27,-1,0,0,0,0,0,0,0,0,1
1ado,D,128,ASP,-3.5,111.1,-1.0,1,3,X,0.0,0.0,0.0,0.0,0.0,0.0,0.0,0.0,19,0.03870076252918159,29,7,22,0,0,0,0,0,0,0,0,1
1ado,D,129,GLY,-0.4,60.1,0.0,0,0,X,0.0,0.0,0.0,0.0,0.0,0.0,0.0,0.0,21,0.032639197313767604,24,23,1,0,0,0,0,0,0,0,0,1
1ado,D,130,LEU,3.8,166.7,0.0,0,0,X,0.0,0.0,0.0,0.0,0.0,0.0,0.0,0.0,32,0.04243095650789788,28,26,2,0,0,0,0,0,0,0,0,1
1ado,D,131,SER,-0.8,89.0,0.0,1,1,X,0.0,0.0,0.0,0.0,0.0,0.0,0.0,0.0,27,0.035436842797804825,17,14,3,0,0,0,0,0,0,0,0,1
1ado,D,132,GLU,-3.5,138.4,-1.0,1,3,X,0.0,0.0,0.0,0.0,0.0,0.0,0.0,0.0,18,0.029375277582390842,14,5,9,0,0,0,0,0,0,0,0,1
1ado,D,133,ARG,-4.5,173.4,1.0,5,0,X,0.0,0.0,0.0,0.0,0.0,0.0,0.0,0.0,29,0.03916703677652112,21,20,1,0,0,0,0,0,0,0,0,1
1ado,D,134,CYS,2.5,108.5,0.0,1,0,X,0.0,0.0,0.0,0.0,0.0,0.0,0.0,0.0,35,0.04989134446533048,30,19,11,0,0,0,0,0,0,0,0,1
1ado,D,135,ALA,1.8,88.6,0.0,0,0,X,0.0,0.0,0.0,0.0,0.0,0.0,0.0,0.0,22,0.040565859518539735,26,16,10,0,0,0,0,0,0,0,0,1
1ado,D,136,GLN,-3.5,143.8,0.0,2,2,X,0.0,0.0,0.0,0.0,0.0,0.0,0.0,0.0,19,0.03590311704514436,27,14,13,0,0,0,0,0,0,0,0,1
1ado,D,137,TYR,-1.3,193.6,0.0,1,1,X,0.0,0.0,0.0,0.0,0.0,0.0,0.0,0.0,32,0.045694876239274644,42,17,25,0,0,0,0,0,0,0,0,1
1ado,D,138,LYS,-3.9,168.6,1.0,2,0,X,0.0,0.0,0.0,0.0,0.0,0.0,0.0,0.0,31,0.04429605349725603,15,23,-8,0,0,0,0,0,0,0,0,1
1ado,D,139,LYS,-3.9,168.6,1.0,2,0,X,0.0,0.0,0.0,0.0,0.0,0.0,0.0,0.0,16,0.02797645484037223,13,13,0,0,0,0,0,0,0,0,0,1
1ado,D,140,ASP,-3.5,111.1,-1.0,1,3,X,0.0,0.0,0.0,0.0,0.0,0.0,0.0,0.0,23,0.032172923066428064,26,4,22,0,0,0,0,0,0,0,0,1
1ado,D,141,GLY,-0.4,60.1,0.0,0,0,X,0.0,0.0,0.0,0.0,0.0,0.0,0.0,0.0,33,0.03357174580844668,25,17,8,0,0,0,0,0,0,0,0,1
1ado,D,142,ALA,1.8,88.6,0.0,0,0,X,0.0,0.0,0.0,0.0,0.0,0.0,0.0,0.0,38,0.04709369898129325,25,18,7,0,0,0,0,0,0,0,0,1
1ado,D,143,ASP,-3.5,111.1,-1.0,1,3,X,0.0,0.0,0.0,0.0,0.0,0.0,0.0,0.0,33,0.04662742473395372,25,16,9,0,0,0,0,0,0,0,0,1
1ado,D,144,PHE,2.8,189.9,0.0,0,0,X,0.0,0.0,0.0,0.0,0.0,0.0,0.0,0.0,45,0.04942507021799094,19,9,10,0,0,0,0,0,0,0,0,1
1ado,D,145,ALA,1.8,88.6,0.0,0,0,X,0.0,0.0,0.0,0.0,0.0,0.0,0.0,0.0,43,0.050823892960009553,22,19,3,0,0,0,0,0,0,0,0,1
1ado,D,146,LYS,-3.9,168.6,1.0,2,0,X,0.0,0.0,0.0,0.0,0.0,0.0,0.0,0.0,39,0.05408781269138631,29,26,3,0,0,0,0,0,0,0,0,1
1ado,D,147,TRP,-0.9,227.8,0.0,1,0,X,0.0,0.0,0.0,0.0,0.0,0.0,0.0,0.0,41,0.053155264196707235,42,22,20,0,0,0,0,0,0,0,0,1
1ado,D,148,ARG,-4.5,173.4,1.0,5,0,X,0.0,0.0,0.0,0.0,0.0,0.0,0.0,0.0,28,0.048958795970651406,26,30,-4,0,0,0,0,0,0,0,0,1
1ado,D,149,CYS,2.5,108.5,0.0,1,0,X,0.0,0.0,0.0,0.0,0.0,0.0,0.0,0.0,37,0.053621538444046775,22,28,-6,0,0,0,0,0,0,0,0,1
1ado,D,150,VAL,4.2,140.0,0.0,0,0,X,0.0,0.0,0.0,0.0,0.0,0.0,0.0,0.0,31,0.043363505002576956,20,30,-10,0,0,0,0,0,0,0,0,1
1ado,D,151,LEU,3.8,166.7,0.0,0,0,X,0.0,0.0,0.0,0.0,0.0,0.0,0.0,0.0,37,0.048492521723311866,18,23,-5,0,0,0,0,0,0,0,0,1
1ado,D,152,LYS,-3.9,168.6,1.0,2,0,X,0.0,0.0,0.0,0.0,0.0,0.0,0.0,0.0,28,0.04103213376587927,11,28,-17,0,0,0,0,0,0,0,0,1
1ado,D,153,ILE,4.5,166.7,0.0,0,0,X,0.0,0.0,0.0,0.0,0.0,0.0,0.0,0.0,36,0.048026247475972325,45,34,11,0,0,0,0,0,0,0,0,1
1ado,D,154,GLY,-0.4,60.1,0.0,0,0,X,0.0,0.0,0.0,0.0,0.0,0.0,0.0,0.0,21,0.03730193978716297,50,24,26,0,0,0,0,0,0,0,0,1
1ado,D,155,GLU,-3.5,138.4,-1.0,1,3,X,0.0,0.0,0.0,0.0,0.0,0.0,0.0,0.0,17,0.027510180593032695,52,5,47,0,0,0,0,0,0,0,0,1
1ado,D,156,HIS,-3.2,153.2,0.1,2,1,X,0.0,0.0,0.0,0.0,0.0,0.0,0.0,0.0,19,0.040565859518539735,39,23,16,0,0,0,0,0,0,0,0,1
1ado,D,157,THR,-0.7,116.1,0.0,1,1,X,0.0,0.0,0.0,0.0,0.0,0.0,0.0,0.0,28,0.045228601991935104,45,18,27,0,0,0,0,0,0,0,0,1
1ado,D,158,PRO,-1.6,112.7,0.0,0,0,X,0.0,0.0,0.0,0.0,0.0,0.0,0.0,0.0,32,0.04616115048661418,39,18,21,0,0,0,0,0,0,0,0,1
1ado,D,159,SER,-0.8,89.0,0.0,1,1,X,0.0,0.0,0.0,0.0,0.0,0.0,0.0,0.0,33,0.032639197313767604,31,19,12,0,0,0,0,0,0,0,0,1
1ado,D,160,ALA,1.8,88.6,0.0,0,0,X,0.0,0.0,0.0,0.0,0.0,0.0,0.0,0.0,26,0.027510180593032695,22,19,3,0,0,0,0,0,0,0,0,1
1ado,D,161,LEU,3.8,166.7,0.0,0,0,X,0.0,0.0,0.0,0.0,0.0,0.0,0.0,0.0,36,0.040099585271200194,30,26,4,0,0,0,0,0,0,0,0,1
1ado,D,162,ALA,1.8,88.6,0.0,0,0,X,0.0,0.0,0.0,0.0,0.0,0.0,0.0,0.0,36,0.04476232774459557,20,21,-1,0,0,0,0,0,0,0,0,1
1ado,D,163,ILE,4.5,166.7,0.0,0,0,X,0.0,0.0,0.0,0.0,0.0,0.0,0.0,0.0,37,0.043363505002576956,13,16,-3,0,0,0,0,0,0,0,0,1
1ado,D,164,MET,1.9,162.9,0.0,0,0,X,0.0,0.0,0.0,0.0,0.0,0.0,0.0,0.0,24,0.03730193978716297,19,19,0,0,0,0,0,0,0,0,0,1
1ado,D,165,GLU,-3.5,138.4,-1.0,1,3,X,0.0,0.0,0.0,0.0,0.0,0.0,0.0,0.0,30,0.04616115048661418,24,6,18,0,0,0,0,0,0,0,0,1
1ado,D,166,ASN,-3.5,114.1,0.0,2,2,X,0.0,0.0,0.0,0.0,0.0,0.0,0.0,0.0,38,0.048958795970651406,12,25,-13,0,0,0,0,0,0,0,0,1
1ado,D,167,ALA,1.8,88.6,0.0,0,0,X,0.0,0.0,0.0,0.0,0.0,0.0,0.0,0.0,37,0.04989134446533048,22,17,5,0,0,0,0,0,0,0,0,1
1ado,D,168,ASN,-3.5,114.1,0.0,2,2,X,0.0,0.0,0.0,0.0,0.0,0.0,0.0,0.0,28,0.04662742473395372,31,25,6,0,0,0,0,0,0,0,0,1
1ado,D,169,VAL,4.2,140.0,0.0,0,0,X,0.0,0.0,0.0,0.0,0.0,0.0,0.0,0.0,36,0.050823892960009553,27,19,8,0,0,0,0,0,0,0,0,1
1ado,D,170,LEU,3.8,166.7,0.0,0,0,X,0.0,0.0,0.0,0.0,0.0,0.0,0.0,0.0,45,0.05548663543340492,23,18,5,0,0,0,0,0,0,0,0,1
1ado,D,171,ALA,1.8,88.6,0.0,0,0,X,0.0,0.0,0.0,0.0,0.0,0.0,0.0,0.0,39,0.05035761871267001,31,15,16,0,0,0,0,0,0,0,0,1
1ado,D,172,ARG,-4.5,173.4,1.0,5,0,X,0.0,0.0,0.0,0.0,0.0,0.0,0.0,0.0,36,0.045694876239274644,11,16,-5,0,0,0,0,0,0,0,0,1
1ado,D,173,TYR,-1.3,193.6,0.0,1,1,X,0.0,0.0,0.0,0.0,0.0,0.0,0.0,0.0,43,0.048026247475972325,27,12,15,0,0,0,0,0,0,0,0,1
1ado,D,174,ALA,1.8,88.6,0.0,0,0,X,0.0,0.0,0.0,0.0,0.0,0.0,0.0,0.0,42,0.0526889899493677,29,1,28,0,0,0,0,0,0,0,0,1
1ado,D,175,SER,-0.8,89.0,0.0,1,1,X,0.0,0.0,0.0,0.0,0.0,0.0,0.0,0.0,39,0.050823892960009553,30,2,28,0,0,0,0,0,0,0,0,1
1ado,D,176,ILE,4.5,166.7,0.0,0,0,X,0.0,0.0,0.0,0.0,0.0,0.0,0.0,0.0,36,0.04662742473395372,18,10,8,0,0,0,0,0,0,0,0,1
1ado,D,177,CYS,2.5,108.5,0.0,1,0,X,0.0,0.0,0.0,0.0,0.0,0.0,0.0,0.0,41,0.05455408693872585,22,5,17,0,0,0,0,0,0,0,0,1
1ado,D,178,GLN,-3.5,143.8,0.0,2,2,X,0.0,0.0,0.0,0.0,0.0,0.0,0.0,0.0,42,0.053155264196707235,19,16,3,0,0,0,0,0,0,0,0,1
1ado,D,179,GLN,-3.5,143.8,0.0,2,2,X,0.0,0.0,0.0,0.0,0.0,0.0,0.0,0.0,31,0.03916703677652112,8,1,7,0,0,0,0,0,0,0,0,1
1ado,D,180,ASN,-3.5,114.1,0.0,2,2,X,0.0,0.0,0.0,0.0,0.0,0.0,0.0,0.0,29,0.04149840801321881,21,15,6,0,0,0,0,0,0,0,0,1
1ado,D,181,GLY,-0.4,60.1,0.0,0,0,X,0.0,0.0,0.0,0.0,0.0,0.0,0.0,0.0,34,0.04289723075523742,18,19,-1,0,0,0,0,0,0,0,0,1
1ado,D,182,ILE,4.5,166.7,0.0,0,0,X,0.0,0.0,0.0,0.0,0.0,0.0,0.0,0.0,41,0.05175644145468863,14,16,-2,0,0,0,0,0,0,0,0,1
1ado,D,183,VAL,4.2,140.0,0.0,0,0,X,0.0,0.0,0.0,0.0,0.0,0.0,0.0,0.0,47,0.05548663543340492,12,24,-12,0,0,0,0,0,0,0,0,1
1ado,D,184,PRO,-1.6,112.7,0.0,0,0,X,0.0,0.0,0.0,0.0,0.0,0.0,0.0,0.0,44,0.053621538444046775,11,10,1,0,0,0,0,0,0,0,0,1
1ado,D,185,ILE,4.5,166.7,0.0,0,0,X,0.0,0.0,0.0,0.0,0.0,0.0,0.0,0.0,43,0.05035761871267001,27,13,14,0,0,0,0,0,0,0,0,1
1ado,D,186,VAL,4.2,140.0,0.0,0,0,X,0.0,0.0,0.0,0.0,0.0,0.0,0.0,0.0,41,0.050823892960009553,24,12,12,0,0,0,0,0,0,0,0,1
1ado,D,187,GLU,-3.5,138.4,-1.0,1,3,X,0.0,0.0,0.0,0.0,0.0,0.0,0.0,0.0,35,0.05222271570202816,31,16,15,0,0,0,0,0,0,0,0,1
1ado,D,188,PRO,-1.6,112.7,0.0,0,0,X,0.0,0.0,0.0,0.0,0.0,0.0,0.0,0.0,41,0.05222271570202816,21,18,3,0,0,0,0,0,0,0,0,1
1ado,D,189,GLU,-3.5,138.4,-1.0,1,3,X,0.0,0.0,0.0,0.0,0.0,0.0,0.0,0.0,34,0.048958795970651406,28,11,17,0,0,0,0,0,0,0,0,1
1ado,D,190,ILE,4.5,166.7,0.0,0,0,X,0.0,0.0,0.0,0.0,0.0,0.0,0.0,0.0,35,0.04662742473395372,22,23,-1,0,0,0,0,0,0,0,0,1
1ado,D,191,LEU,3.8,166.7,0.0,0,0,X,0.0,0.0,0.0,0.0,0.0,0.0,0.0,0.0,30,0.040099585271200194,28,18,10,0,0,0,0,0,0,0,0,1
1ado,D,192,PRO,-1.6,112.7,0.0,0,0,X,0.0,0.0,0.0,0.0,0.0,0.0,0.0,0.0,30,0.04103213376587927,28,20,8,0,0,0,0,0,0,0,0,1
1ado,D,193,ASP,-3.5,111.1,-1.0,1,3,X,0.0,0.0,0.0,0.0,0.0,0.0,0.0,0.0,21,0.03310547156110714,29,12,17,0,0,0,0,0,0,0,0,1
1ado,D,194,GLY,-0.4,60.1,0.0,0,0,X,0.0,0.0,0.0,0.0,0.0,0.0,0.0,0.0,21,0.032172923066428064,30,22,8,0,0,0,0,0,0,0,0,1
1ado,D,195,ASP,-3.5,111.1,-1.0,1,3,X,0.0,0.0,0.0,0.0,0.0,0.0,0.0,0.0,20,0.03124037457174899,23,14,9,0,0,0,0,0,0,0,0,1
1ado,D,196,HIS,-3.2,153.2,0.1,2,1,X,0.0,0.0,0.0,0.0,0.0,0.0,0.0,0.0,30,0.040565859518539735,29,24,5,0,0,0,0,0,0,0,0,1
1ado,D,197,ASP,-3.5,111.1,-1.0,1,3,X,0.0,0.0,0.0,0.0,0.0,0.0,0.0,0.0,26,0.043829779249916496,34,9,25,0,0,0,0,0,0,0,0,1
1ado,D,198,LEU,3.8,166.7,0.0,0,0,X,0.0,0.0,0.0,0.0,0.0,0.0,0.0,0.0,30,0.048026247475972325,30,21,9,0,0,0,0,0,0,0,0,1
1ado,D,199,LYS,-3.9,168.6,1.0,2,0,X,0.0,0.0,0.0,0.0,0.0,0.0,0.0,0.0,27,0.03590311704514436,20,20,0,0,0,0,0,0,0,0,0,1
1ado,D,200,ARG,-4.5,173.4,1.0,5,0,X,0.0,0.0,0.0,0.0,0.0,0.0,0.0,0.0,32,0.04149840801321881,35,19,16,0,0,0,0,0,0,0,0,1
1ado,D,201,CYS,2.5,108.5,0.0,1,0,X,0.0,0.0,0.0,0.0,0.0,0.0,0.0,0.0,36,0.05222271570202816,37,20,17,0,0,0,0,0,0,0,0,1
1ado,D,202,GLN,-3.5,143.8,0.0,2,2,X,0.0,0.0,0.0,0.0,0.0,0.0,0.0,0.0,34,0.05129016720734909,34,18,16,0,0,0,0,0,0,0,0,1
1ado,D,203,TYR,-1.3,193.6,0.0,1,1,X,0.0,0.0,0.0,0.0,0.0,0.0,0.0,0.0,33,0.04616115048661418,61,12,49,0,0,0,0,0,0,0,0,1
1ado,D,204,VAL,4.2,140.0,0.0,0,0,X,0.0,0.0,0.0,0.0,0.0,0.0,0.0,0.0,35,0.048026247475972325,44,12,32,0,0,0,0,0,0,0,0,1
1ado,D,205,THR,-0.7,116.1,0.0,1,1,X,0.0,0.0,0.0,0.0,0.0,0.0,0.0,0.0,42,0.04755997322863279,27,13,14,0,0,0,0,0,0,0,0,1
1ado,D,206,GLU,-3.5,138.4,-1.0,1,3,X,0.0,0.0,0.0,0.0,0.0,0.0,0.0,0.0,37,0.04755997322863279,37,3,34,0,0,0,0,0,0,0,0,1
1ado,D,207,LYS,-3.9,168.6,1.0,2,0,X,0.0,0.0,0.0,0.0,0.0,0.0,0.0,0.0,33,0.043829779249916496,34,17,17,0,0,0,0,0,0,0,0,1
1ado,D,208,VAL,4.2,140.0,0.0,0,0,X,0.0,0.0,0.0,0.0,0.0,0.0,0.0,0.0,41,0.043363505002576956,15,15,0,0,0,0,0,0,0,0,0,1
1ado,D,209,LEU,3.8,166.7,0.0,0,0,X,0.0,0.0,0.0,0.0,0.0,0.0,0.0,0.0,41,0.04289723075523742,24,13,11,0,0,0,0,0,0,0,0,1
1ado,D,210,ALA,1.8,88.6,0.0,0,0,X,0.0,0.0,0.0,0.0,0.0,0.0,0.0,0.0,27,0.045228601991935104,32,15,17,0,0,0,0,0,0,0,0,1
1ado,D,211,ALA,1.8,88.6,0.0,0,0,X,0.0,0.0,0.0,0.0,0.0,0.0,0.0,0.0,29,0.04103213376587927,25,19,6,0,0,0,0,0,0,0,0,1
1ado,D,212,VAL,4.2,140.0,0.0,0,0,X,0.0,0.0,0.0,0.0,0.0,0.0,0.0,0.0,39,0.04429605349725603,21,14,7,0,0,0,0,0,0,0,0,1
1ado,D,213,TYR,-1.3,193.6,0.0,1,1,X,0.0,0.0,0.0,0.0,0.0,0.0,0.0,0.0,36,0.040565859518539735,22,3,19,0,0,0,0,0,0,0,0,1
1ado,D,214,LYS,-3.9,168.6,1.0,2,0,X,0.0,0.0,0.0,0.0,0.0,0.0,0.0,0.0,25,0.03730193978716297,20,13,7,0,0,0,0,0,0,0,0,1
1ado,D,215,ALA,1.8,88.6,0.0,0,0,X,0.0,0.0,0.0,0.0,0.0,0.0,0.0,0.0,30,0.045228601991935104,41,12,29,0,0,0,0,0,0,0,0,1
1ado,D,216,LEU,3.8,166.7,0.0,0,0,X,0.0,0.0,0.0,0.0,0.0,0.0,0.0,0.0,39,0.048026247475972325,38,9,29,0,0,0,0,0,0,0,0,1
1ado,D,217,SER,-0.8,89.0,0.0,1,1,X,0.0,0.0,0.0,0.0,0.0,0.0,0.0,0.0,26,0.04476232774459557,46,17,29,0,0,0,0,0,0,0,0,1
1ado,D,218,ASP,-3.5,111.1,-1.0,1,3,X,0.0,0.0,0.0,0.0,0.0,0.0,0.0,0.0,27,0.03730193978716297,41,6,35,0,0,0,0,0,0,0,0,1
1ado,D,219,HIS,-3.2,153.2,0.1,2,1,X,0.0,0.0,0.0,0.0,0.0,0.0,0.0,0.0,37,0.04476232774459557,32,17,15,0,0,0,0,0,0,0,0,1
1ado,D,220,HIS,-3.2,153.2,0.1,2,1,X,0.0,0.0,0.0,0.0,0.0,0.0,0.0,0.0,36,0.03823448828184205,32,12,20,0,0,0,0,0,0,0,0,1
1ado,D,221,ILE,4.5,166.7,0.0,0,0,X,0.0,0.0,0.0,0.0,0.0,0.0,0.0,0.0,40,0.043829779249916496,40,13,27,0,0,0,0,0,0,0,0,1
1ado,D,222,TYR,-1.3,193.6,0.0,1,1,X,0.0,0.0,0.0,0.0,0.0,0.0,0.0,0.0,35,0.04149840801321881,29,19,10,0,0,0,0,0,0,0,0,1
1ado,D,223,LEU,3.8,166.7,0.0,0,0,X,0.0,0.0,0.0,0.0,0.0,0.0,0.0,0.0,37,0.04709369898129325,24,13,11,0,0,0,0,0,0,0,0,1
1ado,D,224,GLU,-3.5,138.4,-1.0,1,3,X,0.0,0.0,0.0,0.0,0.0,0.0,0.0,0.0,33,0.045228601991935104,43,6,37,0,0,0,0,0,0,0,0,1
1ado,D,225,GLY,-0.4,60.1,0.0,0,0,X,0.0,0.0,0.0,0.0,0.0,0.0,0.0,0.0,40,0.05688545817542354,24,22,2,0,0,0,0,0,0,0,0,1
1ado,D,226,THR,-0.7,116.1,0.0,1,1,X,0.0,0.0,0.0,0.0,0.0,0.0,0.0,0.0,45,0.05408781269138631,9,11,-2,0,0,0,0,0,0,0,0,1
1ado,D,227,LEU,3.8,166.7,0.0,0,0,X,0.0,0.0,0.0,0.0,0.0,0.0,0.0,0.0,48,0.05129016720734909,21,9,12,0,0,0,0,0,0,0,0,1
1ado,D,228,LEU,3.8,166.7,0.0,0,0,X,0.0,0.0,0.0,0.0,0.0,0.0,0.0,0.0,39,0.04662742473395372,10,11,-1,0,0,0,0,0,0,0,0,1
1ado,D,229,LYS,-3.9,168.6,1.0,2,0,X,0.0,0.0,0.0,0.0,0.0,0.0,0.0,0.0,39,0.0526889899493677,17,20,-3,0,0,0,0,0,0,0,0,1
1ado,D,230,PRO,-1.6,112.7,0.0,0,0,X,0.0,0.0,0.0,0.0,0.0,0.0,0.0,0.0,38,0.05175644145468863,9,18,-9,0,0,0,0,0,0,0,0,1
1ado,D,231,ASN,-3.5,114.1,0.0,2,2,X,0.0,0.0,0.0,0.0,0.0,0.0,0.0,0.0,39,0.05129016720734909,9,18,-9,0,0,0,0,0,0,0,0,1
1ado,D,232,MET,1.9,162.9,0.0,0,0,X,0.0,0.0,0.0,0.0,0.0,0.0,0.0,0.0,42,0.04709369898129325,5,10,-5,0,0,0,0,0,0,0,0,1
1ado,D,233,VAL,4.2,140.0,0.0,0,0,X,0.0,0.0,0.0,0.0,0.0,0.0,0.0,0.0,41,0.048958795970651406,19,16,3,0,0,0,0,0,0,0,0,1
1ado,D,234,THR,-0.7,116.1,0.0,1,1,X,0.0,0.0,0.0,0.0,0.0,0.0,0.0,0.0,39,0.04662742473395372,32,19,13,0,0,0,0,0,0,0,0,1
1ado,D,235,PRO,-1.6,112.7,0.0,0,0,X,0.0,0.0,0.0,0.0,0.0,0.0,0.0,0.0,35,0.048492521723311866,37,23,14,0,0,0,0,0,0,0,0,1
1ado,D,236,GLY,-0.4,60.1,0.0,0,0,X,0.0,0.0,0.0,0.0,0.0,0.0,0.0,0.0,28,0.043829779249916496,29,24,5,0,0,0,0,0,0,0,0,1
1ado,D,237,HIS,-3.2,153.2,0.1,2,1,X,0.0,0.0,0.0,0.0,0.0,0.0,0.0,0.0,21,0.03590311704514436,10,18,-8,0,0,0,0,0,0,0,0,1
1ado,D,238,ALA,1.8,88.6,0.0,0,0,X,0.0,0.0,0.0,0.0,0.0,0.0,0.0,0.0,21,0.03357174580844668,20,21,-1,0,0,0,0,0,0,0,0,1
1ado,D,239,CYS,2.5,108.5,0.0,1,0,X,0.0,0.0,0.0,0.0,0.0,0.0,0.0,0.0,25,0.043829779249916496,27,19,8,0,0,0,0,0,0,0,0,1
1ado,D,240,THR,-0.7,116.1,0.0,1,1,X,0.0,0.0,0.0,0.0,0.0,0.0,0.0,0.0,22,0.03590311704514436,17,14,3,0,0,0,0,0,0,0,0,1
1ado,D,241,GLN,-3.5,143.8,0.0,2,2,X,0.0,0.0,0.0,0.0,0.0,0.0,0.0,0.0,18,0.028909003335051305,17,16,1,0,0,0,0,0,0,0,0,1
1ado,D,242,LYS,-3.9,168.6,1.0,2,0,X,0.0,0.0,0.0,0.0,0.0,0.0,0.0,0.0,17,0.02797645484037223,7,8,-1,0,0,0,0,0,0,0,0,1
1ado,D,243,TYR,-1.3,193.6,0.0,1,1,X,0.0,0.0,0.0,0.0,0.0,0.0,0.0,0.0,22,0.030774100324409453,25,22,3,0,0,0,0,0,0,0,0,1
1ado,D,244,SER,-0.8,89.0,0.0,1,1,X,0.0,0.0,0.0,0.0,0.0,0.0,0.0,0.0,22,0.02844272908771177,19,19,0,0,0,0,0,0,0,0,0,1
1ado,D,245,HIS,-3.2,153.2,0.1,2,1,X,0.0,0.0,0.0,0.0,0.0,0.0,0.0,0.0,30,0.03590311704514436,6,29,-23,0,0,0,0,0,0,0,0,1
1ado,D,246,GLU,-3.5,138.4,-1.0,1,3,X,0.0,0.0,0.0,0.0,0.0,0.0,0.0,0.0,19,0.03310547156110714,20,9,11,0,0,0,0,0,0,0,0,1
1ado,D,247,GLU,-3.5,138.4,-1.0,1,3,X,0.0,0.0,0.0,0.0,0.0,0.0,0.0,0.0,21,0.03403802005578621,25,9,16,0,0,0,0,0,0,0,0,1
1ado,D,248,ILE,4.5,166.7,0.0,0,0,X,0.0,0.0,0.0,0.0,0.0,0.0,0.0,0.0,33,0.05175644145468863,11,23,-12,0,0,0,0,0,0,0,0,1
1ado,D,249,ALA,1.8,88.6,0.0,0,0,X,0.0,0.0,0.0,0.0,0.0,0.0,0.0,0.0,34,0.04989134446533048,19,18,1,0,0,0,0,0,0,0,0,1
1ado,D,250,MET,1.9,162.9,0.0,0,0,X,0.0,0.0,0.0,0.0,0.0,0.0,0.0,0.0,30,0.04103213376587927,25,18,7,0,0,0,0,0,0,0,0,1
1ado,D,251,ALA,1.8,88.6,0.0,0,0,X,0.0,0.0,0.0,0.0,0.0,0.0,0.0,0.0,35,0.04476232774459557,27,22,5,0,0,0,0,0,0,0,0,1
1ado,D,252,THR,-0.7,116.1,0.0,1,1,X,0.0,0.0,0.0,0.0,0.0,0.0,0.0,0.0,41,0.048492521723311866,14,14,0,0,0,0,0,0,0,0,0,1
1ado,D,253,VAL,4.2,140.0,0.0,0,0,X,0.0,0.0,0.0,0.0,0.0,0.0,0.0,0.0,42,0.04755997322863279,35,8,27,0,0,0,0,0,0,0,0,1
1ado,D,254,THR,-0.7,116.1,0.0,1,1,X,0.0,0.0,0.0,0.0,0.0,0.0,0.0,0.0,32,0.045228601991935104,27,16,11,0,0,0,0,0,0,0,0,1
1ado,D,255,ALA,1.8,88.6,0.0,0,0,X,0.0,0.0,0.0,0.0,0.0,0.0,0.0,0.0,41,0.05129016720734909,27,12,15,0,0,0,0,0,0,0,0,1
1ado,D,256,LEU,3.8,166.7,0.0,0,0,X,0.0,0.0,0.0,0.0,0.0,0.0,0.0,0.0,39,0.04942507021799094,27,9,18,0,0,0,0,0,0,0,0,1
1ado,D,257,ARG,-4.5,173.4,1.0,5,0,X,0.0,0.0,0.0,0.0,0.0,0.0,0.0,0.0,28,0.05035761871267001,20,10,10,0,0,0,0,0,0,0,0,1
1ado,D,258,ARG,-4.5,173.4,1.0,5,0,X,0.0,0.0,0.0,0.0,0.0,0.0,0.0,0.0,36,0.04709369898129325,22,18,4,0,0,0,0,0,0,0,0,1
1ado,D,259,THR,-0.7,116.1,0.0,1,1,X,0.0,0.0,0.0,0.0,0.0,0.0,0.0,0.0,32,0.05129016720734909,30,10,20,0,0,0,0,0,0,0,0,1
1ado,D,260,VAL,4.2,140.0,0.0,0,0,X,0.0,0.0,0.0,0.0,0.0,0.0,0.0,0.0,34,0.05129016720734909,25,3,22,0,0,0,0,0,0,0,0,1
1ado,D,261,PRO,-1.6,112.7,0.0,0,0,X,0.0,0.0,0.0,0.0,0.0,0.0,0.0,0.0,27,0.05222271570202816,30,6,24,0,0,0,0,0,0,0,0,1
1ado,D,262,PRO,-1.6,112.7,0.0,0,0,X,0.0,0.0,0.0,0.0,0.0,0.0,0.0,0.0,23,0.053621538444046775,37,7,30,0,0,0,0,0,0,0,0,1
1ado,D,263,ALA,1.8,88.6,0.0,0,0,X,0.0,0.0,0.0,0.0,0.0,0.0,0.0,0.0,32,0.045228601991935104,27,10,17,0,0,0,0,0,0,0,0,1
1ado,D,264,VAL,4.2,140.0,0.0,0,0,X,0.0,0.0,0.0,0.0,0.0,0.0,0.0,0.0,35,0.0526889899493677,25,9,16,0,0,0,0,0,0,0,0,1
1ado,D,265,THR,-0.7,116.1,0.0,1,1,X,0.0,0.0,0.0,0.0,0.0,0.0,0.0,0.0,36,0.045228601991935104,17,13,4,0,0,0,0,0,0,0,0,1
1ado,D,266,GLY,-0.4,60.1,0.0,0,0,X,0.0,0.0,0.0,0.0,0.0,0.0,0.0,0.0,40,0.04709369898129325,19,5,14,0,0,0,0,0,0,0,0,1
1ado,D,267,VAL,4.2,140.0,0.0,0,0,X,0.0,0.0,0.0,0.0,0.0,0.0,0.0,0.0,40,0.05455408693872585,15,0,15,0,0,0,0,0,0,0,0,1
1ado,D,268,THR,-0.7,116.1,0.0,1,1,X,0.0,0.0,0.0,0.0,0.0,0.0,0.0,0.0,41,0.05408781269138631,14,8,6,0,0,0,0,0,0,0,0,1
1ado,D,269,PHE,2.8,189.9,0.0,0,0,X,0.0,0.0,0.0,0.0,0.0,0.0,0.0,0.0,40,0.05175644145468863,9,2,7,0,0,0,0,0,0,0,0,1
1ado,D,270,LEU,3.8,166.7,0.0,0,0,X,0.0,0.0,0.0,0.0,0.0,0.0,0.0,0.0,40,0.048492521723311866,20,18,2,0,0,0,0,0,0,0,0,1
1ado,D,271,SER,-0.8,89.0,0.0,1,1,X,0.0,0.0,0.0,0.0,0.0,0.0,0.0,0.0,37,0.04289723075523742,20,24,-4,0,0,0,0,0,0,0,0,1
1ado,D,272,GLY,-0.4,60.1,0.0,0,0,X,0.0,0.0,0.0,0.0,0.0,0.0,0.0,0.0,30,0.030774100324409453,21,18,3,0,0,0,0,0,0,0,0,1
1ado,D,273,GLY,-0.4,60.1,0.0,0,0,X,0.0,0.0,0.0,0.0,0.0,0.0,0.0,0.0,24,0.026577632098353617,19,21,-2,0,0,0,0,0,0,0,0,1
1ado,D,274,GLN,-3.5,143.8,0.0,2,2,X,0.0,0.0,0.0,0.0,0.0,0.0,0.0,0.0,32,0.03403802005578621,18,21,-3,0,0,0,0,0,0,0,0,1
1ado,D,275,SER,-0.8,89.0,0.0,1,1,X,0.0,0.0,0.0,0.0,0.0,0.0,0.0,0.0,26,0.032639197313767604,20,27,-7,0,0,0,0,0,0,0,0,1
1ado,D,276,GLU,-3.5,138.4,-1.0,1,3,X,0.0,0.0,0.0,0.0,0.0,0.0,0.0,0.0,26,0.04662742473395372,27,24,3,0,0,0,0,0,0,0,0,1
1ado,D,277,GLU,-3.5,138.4,-1.0,1,3,X,0.0,0.0,0.0,0.0,0.0,0.0,0.0,0.0,26,0.03683566553982344,18,18,0,0,0,0,0,0,0,0,0,1
1ado,D,278,GLU,-3.5,138.4,-1.0,1,3,X,0.0,0.0,0.0,0.0,0.0,0.0,0.0,0.0,32,0.04149840801321881,17,15,2,0,0,0,0,0,0,0,0,1
1ado,D,279,ALA,1.8,88.6,0.0,0,0,X,0.0,0.0,0.0,0.0,0.0,0.0,0.0,0.0,36,0.053155264196707235,19,27,-8,0,0,0,0,0,0,0,0,1
1ado,D,280,SER,-0.8,89.0,0.0,1,1,X,0.0,0.0,0.0,0.0,0.0,0.0,0.0,0.0,41,0.056419183928083996,21,25,-4,0,0,0,0,0,0,0,0,1
1ado,D,281,ILE,4.5,166.7,0.0,0,0,X,0.0,0.0,0.0,0.0,0.0,0.0,0.0,0.0,37,0.05175644145468863,19,27,-8,0,0,0,0,0,0,0,0,1
1ado,D,282,ASN,-3.5,114.1,0.0,2,2,X,0.0,0.0,0.0,0.0,0.0,0.0,0.0,0.0,37,0.04989134446533048,10,32,-22,0,0,0,0,0,0,0,0,1
1ado,D,283,LEU,3.8,166.7,0.0,0,0,X,0.0,0.0,0.0,0.0,0.0,0.0,0.0,0.0,44,0.05921682941212122,17,7,10,0,0,0,0,0,0,0,0,1
1ado,D,284,ASN,-3.5,114.1,0.0,2,2,X,0.0,0.0,0.0,0.0,0.0,0.0,0.0,0.0,33,0.053621538444046775,25,9,16,0,0,0,0,0,0,0,0,1
1ado,D,285,ALA,1.8,88.6,0.0,0,0,X,0.0,0.0,0.0,0.0,0.0,0.0,0.0,0.0,34,0.048492521723311866,26,15,11,0,0,0,0,0,0,0,0,1
1ado,D,286,ILE,4.5,166.7,0.0,0,0,X,0.0,0.0,0.0,0.0,0.0,0.0,0.0,0.0,40,0.0526889899493677,21,11,10,0,0,0,0,0,0,0,0,1
1ado,D,287,ASN,-3.5,114.1,0.0,2,2,X,0.0,0.0,0.0,0.0,0.0,0.0,0.0,0.0,37,0.045694876239274644,24,0,24,0,0,0,0,0,0,0,0,1
1ado,D,288,LYS,-3.9,168.6,1.0,2,0,X,0.0,0.0,0.0,0.0,0.0,0.0,0.0,0.0,26,0.03357174580844668,12,8,4,0,0,0,0,0,0,0,0,1
1ado,D,289,CYS,2.5,108.5,0.0,1,0,X,0.0,0.0,0.0,0.0,0.0,0.0,0.0,0.0,25,0.03590311704514436,25,10,15,0,0,0,0,0,0,0,0,1
1ado,D,290,PRO,-1.6,112.7,0.0,0,0,X,0.0,0.0,0.0,0.0,0.0,0.0,0.0,0.0,15,0.020049792635600097,22,2,20,0,0,0,0,0,0,0,0,1
1ado,D,291,LEU,3.8,166.7,0.0,0,0,X,0.0,0.0,0.0,0.0,0.0,0.0,0.0,0.0,26,0.026577632098353617,26,4,22,0,0,0,0,0,0,0,0,1
1ado,D,292,LEU,3.8,166.7,0.0,0,0,X,0.0,0.0,0.0,0.0,0.0,0.0,0.0,0.0,17,0.02984155182973038,24,0,24,0,0,0,0,0,0,0,0,1
1ado,D,293,LYS,-3.9,168.6,1.0,2,0,X,0.0,0.0,0.0,0.0,0.0,0.0,0.0,0.0,23,0.03963331102386066,15,0,15,0,0,0,0,0,0,0,0,1
1ado,D,294,PRO,-1.6,112.7,0.0,0,0,X,0.0,0.0,0.0,0.0,0.0,0.0,0.0,0.0,17,0.03916703677652112,35,0,35,0,0,0,0,0,0,0,0,1
1ado,D,295,TRP,-0.9,227.8,0.0,1,0,X,0.0,0.0,0.0,0.0,0.0,0.0,0.0,0.0,33,0.03870076252918159,24,0,24,0,0,0,0,0,0,0,0,1
1ado,D,296,ALA,1.8,88.6,0.0,0,0,X,0.0,0.0,0.0,0.0,0.0,0.0,0.0,0.0,35,0.03963331102386066,23,0,23,0,0,0,0,0,0,0,0,1
1ado,D,297,LEU,3.8,166.7,0.0,0,0,X,0.0,0.0,0.0,0.0,0.0,0.0,0.0,0.0,42,0.04662742473395372,13,0,13,0,0,0,0,0,0,0,0,1
1ado,D,298,THR,-0.7,116.1,0.0,1,1,X,0.0,0.0,0.0,0.0,0.0,0.0,0.0,0.0,43,0.05408781269138631,12,0,12,0,0,0,0,0,0,0,0,1
1ado,D,299,PHE,2.8,189.9,0.0,0,0,X,0.0,0.0,0.0,0.0,0.0,0.0,0.0,0.0,46,0.04942507021799094,15,0,15,0,0,0,0,0,0,0,0,1
1ado,D,300,SER,-0.8,89.0,0.0,1,1,X,0.0,0.0,0.0,0.0,0.0,0.0,0.0,0.0,42,0.04662742473395372,19,9,10,0,0,0,0,0,0,0,0,1
1ado,D,301,TYR,-1.3,193.6,0.0,1,1,X,0.0,0.0,0.0,0.0,0.0,0.0,0.0,0.0,44,0.04942507021799094,22,12,10,0,0,0,0,0,0,0,0,1
1ado,D,302,GLY,-0.4,60.1,0.0,0,0,X,0.0,0.0,0.0,0.0,0.0,0.0,0.0,0.0,36,0.04196468226055834,23,23,0,0,0,0,0,0,0,0,0,1
1ado,D,303,ARG,-4.5,173.4,1.0,5,0,X,0.0,0.0,0.0,0.0,0.0,0.0,0.0,0.0,26,0.040099585271200194,13,16,-3,0,0,0,0,0,0,0,0,1
1ado,D,304,ALA,1.8,88.6,0.0,0,0,X,0.0,0.0,0.0,0.0,0.0,0.0,0.0,0.0,39,0.04989134446533048,27,25,2,0,0,0,0,0,0,0,0,1
1ado,D,305,LEU,3.8,166.7,0.0,0,0,X,0.0,0.0,0.0,0.0,0.0,0.0,0.0,0.0,45,0.053621538444046775,26,17,9,0,0,0,0,0,0,0,0,1
1ado,D,306,GLN,-3.5,143.8,0.0,2,2,X,0.0,0.0,0.0,0.0,0.0,0.0,0.0,0.0,35,0.04755997322863279,37,21,16,0,0,0,0,0,0,0,0,1
1ado,D,307,ALA,1.8,88.6,0.0,0,0,X,0.0,0.0,0.0,0.0,0.0,0.0,0.0,0.0,26,0.03730193978716297,38,20,18,0,0,0,0,0,0,0,0,1
1ado,D,308,SER,-0.8,89.0,0.0,1,1,X,0.0,0.0,0.0,0.0,0.0,0.0,0.0,0.0,28,0.03450429430312575,37,23,14,0,0,0,0,0,0,0,0,1
1ado,D,309,ALA,1.8,88.6,0.0,0,0,X,0.0,0.0,0.0,0.0,0.0,0.0,0.0,0.0,30,0.05129016720734909,24,20,4,0,0,0,0,0,0,0,0,1
1ado,D,310,LEU,3.8,166.7,0.0,0,0,X,0.0,0.0,0.0,0.0,0.0,0.0,0.0,0.0,36,0.045228601991935104,30,8,22,0,0,0,0,0,0,0,0,1
1ado,D,311,LYS,-3.9,168.6,1.0,2,0,X,0.0,0.0,0.0,0.0,0.0,0.0,0.0,0.0,20,0.03450429430312575,2,9,-7,0,0,0,0,0,0,0,0,1
1ado,D,312,ALA,1.8,88.6,0.0,0,0,X,0.0,0.0,0.0,0.0,0.0,0.0,0.0,0.0,24,0.03823448828184205,24,18,6,0,0,0,0,0,0,0,0,1
1ado,D,313,TRP,-0.9,227.8,0.0,1,0,X,0.0,0.0,0.0,0.0,0.0,0.0,0.0,0.0,32,0.04942507021799094,33,9,24,0,0,0,0,0,0,0,0,1
1ado,D,314,GLY,-0.4,60.1,0.0,0,0,X,0.0,0.0,0.0,0.0,0.0,0.0,0.0,0.0,27,0.03916703677652112,24,10,14,0,0,0,0,0,0,0,0,1
1ado,D,315,GLY,-0.4,60.1,0.0,0,0,X,0.0,0.0,0.0,0.0,0.0,0.0,0.0,0.0,24,0.040565859518539735,23,16,7,0,0,0,0,0,0,0,0,1
1ado,D,316,LYS,-3.9,168.6,1.0,2,0,X,0.0,0.0,0.0,0.0,0.0,0.0,0.0,0.0,19,0.03170664881908853,11,9,2,0,0,0,0,0,0,0,0,1
1ado,D,317,LYS,-3.9,168.6,1.0,2,0,X,0.0,0.0,0.0,0.0,0.0,0.0,0.0,0.0,15,0.032172923066428064,12,13,-1,0,0,0,0,0,0,0,0,1
1ado,D,318,GLU,-3.5,138.4,-1.0,1,3,X,0.0,0.0,0.0,0.0,0.0,0.0,0.0,0.0,13,0.025178809356335007,23,0,23,0,0,0,0,0,0,0,0,1
1ado,D,319,ASN,-3.5,114.1,0.0,2,2,X,0.0,0.0,0.0,0.0,0.0,0.0,0.0,0.0,21,0.040099585271200194,29,12,17,0,0,0,0,0,0,0,0,1
1ado,D,320,LEU,3.8,166.7,0.0,0,0,X,0.0,0.0,0.0,0.0,0.0,0.0,0.0,0.0,25,0.04243095650789788,23,16,7,0,0,0,0,0,0,0,0,1
1ado,D,321,LYS,-3.9,168.6,1.0,2,0,X,0.0,0.0,0.0,0.0,0.0,0.0,0.0,0.0,19,0.027510180593032695,6,21,-15,0,0,0,0,0,0,0,0,1
1ado,D,322,ALA,1.8,88.6,0.0,0,0,X,0.0,0.0,0.0,0.0,0.0,0.0,0.0,0.0,23,0.03357174580844668,24,24,0,0,0,0,0,0,0,0,0,1
1ado,D,323,ALA,1.8,88.6,0.0,0,0,X,0.0,0.0,0.0,0.0,0.0,0.0,0.0,0.0,33,0.04942507021799094,28,23,5,0,0,0,0,0,0,0,0,1
1ado,D,324,GLN,-3.5,143.8,0.0,2,2,X,0.0,0.0,0.0,0.0,0.0,0.0,0.0,0.0,32,0.05035761871267001,19,26,-7,0,0,0,0,0,0,0,0,1
1ado,D,325,GLU,-3.5,138.4,-1.0,1,3,X,0.0,0.0,0.0,0.0,0.0,0.0,0.0,0.0,21,0.040099585271200194,33,17,16,0,0,0,0,0,0,0,0,1
1ado,D,326,GLU,-3.5,138.4,-1.0,1,3,X,0.0,0.0,0.0,0.0,0.0,0.0,0.0,0.0,27,0.04196468226055834,34,14,20,0,0,0,0,0,0,0,0,1
1ado,D,327,TYR,-1.3,193.6,0.0,1,1,X,0.0,0.0,0.0,0.0,0.0,0.0,0.0,0.0,46,0.05408781269138631,31,29,2,0,0,0,0,0,0,0,0,1
1ado,D,328,VAL,4.2,140.0,0.0,0,0,X,0.0,0.0,0.0,0.0,0.0,0.0,0.0,0.0,30,0.04755997322863279,34,30,4,0,0,0,0,0,0,0,0,1
1ado,D,329,LYS,-3.9,168.6,1.0,2,0,X,0.0,0.0,0.0,0.0,0.0,0.0,0.0,0.0,25,0.0363693912924839,19,25,-6,0,0,0,0,0,0,0,0,1
1ado,D,330,ARG,-4.5,173.4,1.0,5,0,X,0.0,0.0,0.0,0.0,0.0,0.0,0.0,0.0,36,0.048026247475972325,11,33,-22,0,0,0,0,0,0,0,0,1
1ado,D,331,ALA,1.8,88.6,0.0,0,0,X,0.0,0.0,0.0,0.0,0.0,0.0,0.0,0.0,39,0.05129016720734909,31,13,18,0,0,0,0,0,0,0,0,1
1ado,D,332,LEU,3.8,166.7,0.0,0,0,X,0.0,0.0,0.0,0.0,0.0,0.0,0.0,0.0,29,0.04103213376587927,31,11,20,0,0,0,0,0,0,0,0,1
1ado,D,333,ALA,1.8,88.6,0.0,0,0,X,0.0,0.0,0.0,0.0,0.0,0.0,0.0,0.0,31,0.04476232774459557,24,16,8,0,0,0,0,0,0,0,0,1
1ado,D,334,ASN,-3.5,114.1,0.0,2,2,X,0.0,0.0,0.0,0.0,0.0,0.0,0.0,0.0,46,0.05688545817542354,21,21,0,0,0,0,0,0,0,0,0,1
1ado,D,335,SER,-0.8,89.0,0.0,1,1,X,0.0,0.0,0.0,0.0,0.0,0.0,0.0,0.0,36,0.048958795970651406,26,0,26,0,0,0,0,0,0,0,0,1
1ado,D,336,LEU,3.8,166.7,0.0,0,0,X,0.0,0.0,0.0,0.0,0.0,0.0,0.0,0.0,28,0.043363505002576956,18,0,18,0,0,0,0,0,0,0,0,1
1ado,D,337,ALA,1.8,88.6,0.0,0,0,X,0.0,0.0,0.0,0.0,0.0,0.0,0.0,0.0,37,0.05781800667010261,23,4,19,0,0,0,0,0,0,0,0,1
1ado,D,338,CYS,2.5,108.5,0.0,1,0,X,0.0,0.0,0.0,0.0,0.0,0.0,0.0,0.0,43,0.05502036118606539,20,0,20,0,0,0,0,0,0,0,0,1
1ado,D,339,GLN,-3.5,143.8,0.0,2,2,X,0.0,0.0,0.0,0.0,0.0,0.0,0.0,0.0,28,0.04196468226055834,18,0,18,0,0,0,0,0,0,0,0,1
1ado,D,340,GLY,-0.4,60.1,0.0,0,0,X,0.0,0.0,0.0,0.0,0.0,0.0,0.0,0.0,25,0.043829779249916496,21,0,21,0,0,0,0,0,0,0,0,1
1ado,D,341,LYS,-3.9,168.6,1.0,2,0,X,0.0,0.0,0.0,0.0,0.0,0.0,0.0,0.0,19,0.034970568550465285,7,0,7,0,0,0,0,0,0,0,0,1
1ado,D,342,TYR,-1.3,193.6,0.0,1,1,X,0.0,0.0,0.0,0.0,0.0,0.0,0.0,0.0,32,0.04476232774459557,20,15,5,0,0,0,0,0,0,0,0,1
1ado,D,343,THR,-0.7,116.1,0.0,1,1,X,0.0,0.0,0.0,0.0,0.0,0.0,0.0,0.0,19,0.03357174580844668,12,2,10,0,0,0,0,0,0,0,0,1
1ado,D,344,SER,-0.8,89.0,0.0,1,1,X,0.0,0.0,0.0,0.0,0.0,0.0,0.0,0.0,16,0.028909003335051305,5,7,-2,0,0,0,0,0,0,0,0,1
1ado,D,345,SER,-0.8,89.0,0.0,1,1,X,0.0,0.0,0.0,0.0,0.0,0.0,0.0,0.0,8,0.017718421398902413,0,1,-1,0,0,0,0,0,0,0,0,1
1ado,D,346,GLY,-0.4,60.1,0.0,0,0,X,0.0,0.0,0.0,0.0,0.0,0.0,0.0,0.0,8,0.017718421398902413,0,0,0,0,0,0,0,0,0,0,0,1
1ado,D,347,GLN,-3.5,143.8,0.0,2,2,X,0.0,0.0,0.0,0.0,0.0,0.0,0.0,0.0,11,0.020049792635600097,6,0,6,0,0,0,0,0,0,0,0,1
1ado,D,348,ALA,1.8,88.6,0.0,0,0,X,0.0,0.0,0.0,0.0,0.0,0.0,0.0,0.0,16,0.025178809356335007,8,7,1,0,0,0,0,0,0,0,0,1
1ado,D,349,GLY,-0.4,60.1,0.0,0,0,X,0.0,0.0,0.0,0.0,0.0,0.0,0.0,0.0,21,0.02844272908771177,11,19,-8,0,0,0,0,0,0,0,0,1
1ado,D,350,ALA,1.8,88.6,0.0,0,0,X,0.0,0.0,0.0,0.0,0.0,0.0,0.0,0.0,22,0.02144861537761871,10,21,-11,0,0,0,0,0,0,0,0,1
1ado,D,351,ALA,1.8,88.6,0.0,0,0,X,0.0,0.0,0.0,0.0,0.0,0.0,0.0,0.0,16,0.015853324409544265,12,21,-9,0,0,0,0,0,0,0,0,1
1ado,D,352,ALA,1.8,88.6,0.0,0,0,X,0.0,0.0,0.0,0.0,0.0,0.0,0.0,0.0,14,0.020516066882939634,11,16,-5,0,0,0,0,0,0,0,0,1
1ado,D,353,SER,-0.8,89.0,0.0,1,1,X,0.0,0.0,0.0,0.0,0.0,0.0,0.0,0.0,9,0.01492077591486519,0,16,-16,0,0,0,0,0,0,0,0,1
1ado,D,354,GLU,-3.5,138.4,-1.0,1,3,X,0.0,0.0,0.0,0.0,0.0,0.0,0.0,0.0,10,0.017252147151562876,2,0,2,0,0,0,0,0,0,0,0,1
1ado,D,355,SER,-0.8,89.0,0.0,1,1,X,0.0,0.0,0.0,0.0,0.0,0.0,0.0,0.0,20,0.026577632098353617,14,11,3,0,0,0,0,0,0,0,0,1
1ado,D,356,LEU,3.8,166.7,0.0,0,0,X,0.0,0.0,0.0,0.0,0.0,0.0,0.0,0.0,15,0.02984155182973038,12,9,3,0,0,0,0,0,0,0,0,1
1ado,D,357,PHE,2.8,189.9,0.0,0,0,X,0.0,0.0,0.0,0.0,0.0,0.0,0.0,0.0,17,0.03730193978716297,15,15,0,0,0,0,0,0,0,0,0,1
1ado,D,358,ILE,4.5,166.7,0.0,0,0,X,0.0,0.0,0.0,0.0,0.0,0.0,0.0,0.0,19,0.0363693912924839,18,8,10,0,0,0,0,0,0,0,0,1
1ado,D,359,SER,-0.8,89.0,0.0,1,1,X,0.0,0.0,0.0,0.0,0.0,0.0,0.0,0.0,14,0.03403802005578621,12,7,5,0,0,0,0,0,0,0,0,1
1ado,D,360,ASN,-3.5,114.1,0.0,2,2,X,0.0,0.0,0.0,0.0,0.0,0.0,0.0,0.0,9,0.02471253510899547,10,0,10,0,0,0,0,0,0,0,0,1
1ado,D,361,HIS,-3.2,153.2,0.1,2,1,X,0.0,0.0,0.0,0.0,0.0,0.0,0.0,0.0,9,0.026577632098353617,0,0,0,0,0,0,0,0,0,0,0,1
1ado,D,362,ALA,1.8,88.6,0.0,0,0,X,0.0,0.0,0.0,0.0,0.0,0.0,0.0,0.0,13,0.032172923066428064,10,1,9,0,0,0,0,0,0,0,0,1
1ado,D,363,TYR,-1.3,193.6,0.0,1,1,X,0.0,0.0,0.0,0.0,0.0,0.0,0.0,0.0,11,0.01818469564624195,9,0,9,0,0,0,0,0,0,0,0,1
