pdb_id,chain_id,residue_id,residue_name,hydrophobicity,volume,charge,hbond_donor,hbond_acceptor,ss_type,rel_asa,phi,psi,hse_up,hse_down,hse_ratio,residue_depth,ca_depth,neighbor_count,atom_density,pos_charged_neighbors,neg_charged_neighbors,net_charge_environment,ss_H,ss_B,ss_E,ss_G,ss_I,ss_T,ss_S,ss_ ,ss_X
1axg,A,1,SER,-0.8,89.0,0.0,1,1,X,0.0,0.0,0.0,0.0,0.0,0.0,0.0,0.0,10,0.012589404678167503,13,8,5,0,0,0,0,0,0,0,0,1
1axg,A,2,THR,-0.7,116.1,0.0,1,1,X,0.0,0.0,0.0,0.0,0.0,0.0,0.0,0.0,15,0.027510180593032695,22,9,13,0,0,0,0,0,0,0,0,1
1axg,A,3,ALA,1.8,88.6,0.0,0,0,X,0.0,0.0,0.0,0.0,0.0,0.0,0.0,0.0,17,0.02844272908771177,18,9,9,0,0,0,0,0,0,0,0,1
1axg,A,4,GLY,-0.4,60.1,0.0,0,0,X,0.0,0.0,0.0,0.0,0.0,0.0,0.0,0.0,16,0.026577632098353617,18,7,11,0,0,0,0,0,0,0,0,1
1axg,A,5,LYS,-3.9,168.6,1.0,2,0,X,0.0,0.0,0.0,0.0,0.0,0.0,0.0,0.0,15,0.030307826077069916,12,5,7,0,0,0,0,0,0,0,0,1
1axg,A,6,VAL,4.2,140.0,0.0,0,0,X,0.0,0.0,0.0,0.0,0.0,0.0,0.0,0.0,22,0.03590311704514436,30,12,18,0,0,0,0,0,0,0,0,1
1axg,A,7,ILE,4.5,166.7,0.0,0,0,X,0.0,0.0,0.0,0.0,0.0,0.0,0.0,0.0,29,0.040565859518539735,38,20,18,0,0,0,0,0,0,0,0,1
1axg,A,8,LYS,-3.9,168.6,1.0,2,0,X,0.0,0.0,0.0,0.0,0.0,0.0,0.0,0.0,17,0.03357174580844668,17,20,-3,0,0,0,0,0,0,0,0,1
1axg,A,9,CYS,2.5,108.5,0.0,1,0,X,0.0,0.0,0.0,0.0,0.0,0.0,0.0,0.0,29,0.03916703677652112,20,25,-5,0,0,0,0,0,0,0,0,1
1axg,A,10,LYS,-3.9,168.6,1.0,2,0,X,0.0,0.0,0.0,0.0,0.0,0.0,0.0,0.0,23,0.04289723075523742,6,29,-23,0,0,0,0,0,0,0,0,1
1axg,A,11,ALA,1.8,88.6,0.0,0,0,X,0.0,0.0,0.0,0.0,0.0,0.0,0.0,0.0,37,0.05408781269138631,13,29,-16,0,0,0,0,0,0,0,0,1
1axg,A,12,ALA,1.8,88.6,0.0,0,0,X,0.0,0.0,0.0,0.0,0.0,0.0,0.0,0.0,40,0.05175644145468863,10,20,-10,0,0,0,0,0,0,0,0,1
1axg,A,13,VAL,4.2,140.0,0.0,0,0,X,0.0,0.0,0.0,0.0,0.0,0.0,0.0,0.0,34,0.053621538444046775,25,19,6,0,0,0,0,0,0,0,0,1
1axg,A,14,LEU,3.8,166.7,0.0,0,0,X,0.0,0.0,0.0,0.0,0.0,0.0,0.0,0.0,37,0.05222271570202816,24,30,-6,0,0,0,0,0,0,0,0,1
1axg,A,15,TRP,-0.9,227.8,0.0,1,0,X,0.0,0.0,0.0,0.0,0.0,0.0,0.0,0.0,25,0.03963331102386066,32,20,12,0,0,0,0,0,0,0,0,1
1axg,A,16,GLU,-3.5,138.4,-1.0,1,3,X,0.0,0.0,0.0,0.0,0.0,0.0,0.0,0.0,15,0.034970568550465285,19,9,10,0,0,0,0,0,0,0,0,1
1axg,A,17,GLU,-3.5,138.4,-1.0,1,3,X,0.0,0.0,0.0,0.0,0.0,0.0,0.0,0.0,22,0.03450429430312575,23,12,11,0,0,0,0,0,0,0,0,1
1axg,A,18,LYS,-3.9,168.6,1.0,2,0,X,0.0,0.0,0.0,0.0,0.0,0.0,0.0,0.0,15,0.030774100324409453,18,24,-6,0,0,0,0,0,0,0,0,1
1axg,A,19,LYS,-3.9,168.6,1.0,2,0,X,0.0,0.0,0.0,0.0,0.0,0.0,0.0,0.0,15,0.032172923066428064,12,18,-6,0,0,0,0,0,0,0,0,1
1axg,A,20,PRO,-1.6,112.7,0.0,0,0,X,0.0,0.0,0.0,0.0,0.0,0.0,0.0,0.0,21,0.03310547156110714,21,21,0,0,0,0,0,0,0,0,0,1
1axg,A,21,PHE,2.8,189.9,0.0,0,0,X,0.0,0.0,0.0,0.0,0.0,0.0,0.0,0.0,36,0.04429605349725603,19,34,-15,0,0,0,0,0,0,0,0,1
1axg,A,22,SER,-0.8,89.0,0.0,1,1,X,0.0,0.0,0.0,0.0,0.0,0.0,0.0,0.0,25,0.03590311704514436,19,19,0,0,0,0,0,0,0,0,0,1
1axg,A,23,ILE,4.5,166.7,0.0,0,0,X,0.0,0.0,0.0,0.0,0.0,0.0,0.0,0.0,27,0.03916703677652112,15,25,-10,0,0,0,0,0,0,0,0,1
1axg,A,24,GLU,-3.5,138.4,-1.0,1,3,X,0.0,0.0,0.0,0.0,0.0,0.0,0.0,0.0,25,0.035436842797804825,20,11,9,0,0,0,0,0,0,0,0,1
1axg,A,25,GLU,-3.5,138.4,-1.0,1,3,X,0.0,0.0,0.0,0.0,0.0,0.0,0.0,0.0,22,0.03450429430312575,25,18,7,0,0,0,0,0,0,0,0,1
1axg,A,26,VAL,4.2,140.0,0.0,0,0,X,0.0,0.0,0.0,0.0,0.0,0.0,0.0,0.0,32,0.04709369898129325,32,27,5,0,0,0,0,0,0,0,0,1
1axg,A,27,GLU,-3.5,138.4,-1.0,1,3,X,0.0,0.0,0.0,0.0,0.0,0.0,0.0,0.0,27,0.043363505002576956,33,11,22,0,0,0,0,0,0,0,0,1
1axg,A,28,VAL,4.2,140.0,0.0,0,0,X,0.0,0.0,0.0,0.0,0.0,0.0,0.0,0.0,35,0.05408781269138631,44,18,26,0,0,0,0,0,0,0,0,1
1axg,A,29,ALA,1.8,88.6,0.0,0,0,X,0.0,0.0,0.0,0.0,0.0,0.0,0.0,0.0,31,0.04149840801321881,43,17,26,0,0,0,0,0,0,0,0,1
1axg,A,30,PRO,-1.6,112.7,0.0,0,0,X,0.0,0.0,0.0,0.0,0.0,0.0,0.0,0.0,30,0.04196468226055834,39,21,18,0,0,0,0,0,0,0,0,1
1axg,A,31,PRO,-1.6,112.7,0.0,0,0,X,0.0,0.0,0.0,0.0,0.0,0.0,0.0,0.0,32,0.04942507021799094,41,33,8,0,0,0,0,0,0,0,0,1
1axg,A,32,LYS,-3.9,168.6,1.0,2,0,X,0.0,0.0,0.0,0.0,0.0,0.0,0.0,0.0,23,0.03450429430312575,20,32,-12,0,0,0,0,0,0,0,0,1
1axg,A,33,ALA,1.8,88.6,0.0,0,0,X,0.0,0.0,0.0,0.0,0.0,0.0,0.0,0.0,21,0.030774100324409453,24,38,-14,0,0,0,0,0,0,0,0,1
1axg,A,34,HIS,-3.2,153.2,0.1,2,1,X,0.0,0.0,0.0,0.0,0.0,0.0,0.0,0.0,24,0.03823448828184205,11,38,-27,0,0,0,0,0,0,0,0,1
1axg,A,35,GLU,-3.5,138.4,-1.0,1,3,X,0.0,0.0,0.0,0.0,0.0,0.0,0.0,0.0,32,0.050823892960009553,39,29,10,0,0,0,0,0,0,0,0,1
1axg,A,36,VAL,4.2,140.0,0.0,0,0,X,0.0,0.0,0.0,0.0,0.0,0.0,0.0,0.0,44,0.05548663543340492,35,40,-5,0,0,0,0,0,0,0,0,1
1axg,A,37,ARG,-4.5,173.4,1.0,5,0,X,0.0,0.0,0.0,0.0,0.0,0.0,0.0,0.0,37,0.0526889899493677,27,20,7,0,0,0,0,0,0,0,0,1
1axg,A,38,ILE,4.5,166.7,0.0,0,0,X,0.0,0.0,0.0,0.0,0.0,0.0,0.0,0.0,46,0.05455408693872585,27,20,7,0,0,0,0,0,0,0,0,1
1axg,A,39,LYS,-3.9,168.6,1.0,2,0,X,0.0,0.0,0.0,0.0,0.0,0.0,0.0,0.0,26,0.045228601991935104,13,12,1,0,0,0,0,0,0,0,0,1
1axg,A,40,MET,1.9,162.9,0.0,0,0,X,0.0,0.0,0.0,0.0,0.0,0.0,0.0,0.0,39,0.05175644145468863,16,4,12,0,0,0,0,0,0,0,0,1
1axg,A,41,VAL,4.2,140.0,0.0,0,0,X,0.0,0.0,0.0,0.0,0.0,0.0,0.0,0.0,34,0.04196468226055834,18,12,6,0,0,0,0,0,0,0,0,1
1axg,A,42,ALA,1.8,88.6,0.0,0,0,X,0.0,0.0,0.0,0.0,0.0,0.0,0.0,0.0,38,0.048958795970651406,15,17,-2,0,0,0,0,0,0,0,0,1
1axg,A,43,THR,-0.7,116.1,0.0,1,1,X,0.0,0.0,0.0,0.0,0.0,0.0,0.0,0.0,44,0.058284280917442144,25,19,6,0,0,0,0,0,0,0,0,1
1axg,A,44,GLY,-0.4,60.1,0.0,0,0,X,0.0,0.0,0.0,0.0,0.0,0.0,0.0,0.0,46,0.050823892960009553,30,20,10,0,0,0,0,0,0,0,0,1
1axg,A,45,ILE,4.5,166.7,0.0,0,0,X,0.0,0.0,0.0,0.0,0.0,0.0,0.0,0.0,44,0.05175644145468863,46,31,15,0,0,0,0,0,0,0,0,1
1axg,A,46,CYS,2.5,108.5,0.0,1,0,X,0.0,0.0,0.0,0.0,0.0,0.0,0.0,0.0,41,0.043363505002576956,41,25,16,0,0,0,0,0,0,0,0,1
1axg,A,47,ARG,-4.5,173.4,1.0,5,0,X,0.0,0.0,0.0,0.0,0.0,0.0,0.0,0.0,33,0.034970568550465285,30,18,12,0,0,0,0,0,0,0,0,1
1axg,A,48,SER,-0.8,89.0,0.0,1,1,X,0.0,0.0,0.0,0.0,0.0,0.0,0.0,0.0,38,0.04103213376587927,34,22,12,0,0,0,0,0,0,0,0,1
1axg,A,49,ASP,-3.5,111.1,-1.0,1,3,X,0.0,0.0,0.0,0.0,0.0,0.0,0.0,0.0,38,0.05222271570202816,38,17,21,0,0,0,0,0,0,0,0,1
1axg,A,50,ASP,-3.5,111.1,-1.0,1,3,X,0.0,0.0,0.0,0.0,0.0,0.0,0.0,0.0,28,0.048958795970651406,44,15,29,0,0,0,0,0,0,0,0,1
1axg,A,51,HIS,-3.2,153.2,0.1,2,1,X,0.0,0.0,0.0,0.0,0.0,0.0,0.0,0.0,31,0.04289723075523742,20,20,0,0,0,0,0,0,0,0,0,1
1axg,A,52,VAL,4.2,140.0,0.0,0,0,X,0.0,0.0,0.0,0.0,0.0,0.0,0.0,0.0,37,0.05129016720734909,32,30,2,0,0,0,0,0,0,0,0,1
1axg,A,53,VAL,4.2,140.0,0.0,0,0,X,0.0,0.0,0.0,0.0,0.0,0.0,0.0,0.0,31,0.04942507021799094,37,29,8,0,0,0,0,0,0,0,0,1
1axg,A,54,SER,-0.8,89.0,0.0,1,1,X,0.0,0.0,0.0,0.0,0.0,0.0,0.0,0.0,23,0.035436842797804825,37,25,12,0,0,0,0,0,0,0,0,1
1axg,A,55,GLY,-0.4,60.1,0.0,0,0,X,0.0,0.0,0.0,0.0,0.0,0.0,0.0,0.0,24,0.03730193978716297,20,31,-11,0,0,0,0,0,0,0,0,1
1axg,A,56,THR,-0.7,116.1,0.0,1,1,X,0.0,0.0,0.0,0.0,0.0,0.0,0.0,0.0,24,0.03776821403450251,22,25,-3,0,0,0,0,0,0,0,0,1
1axg,A,57,LEU,3.8,166.7,0.0,0,0,X,0.0,0.0,0.0,0.0,0.0,0.0,0.0,0.0,34,0.045694876239274644,17,27,-10,0,0,0,0,0,0,0,0,1
1axg,A,58,VAL,4.2,140.0,0.0,0,0,X,0.0,0.0,0.0,0.0,0.0,0.0,0.0,0.0,29,0.03357174580844668,10,17,-7,0,0,0,0,0,0,0,0,1
1axg,A,59,THR,-0.7,116.1,0.0,1,1,X,0.0,0.0,0.0,0.0,0.0,0.0,0.0,0.0,32,0.040099585271200194,25,18,7,0,0,0,0,0,0,0,0,1
1axg,A,60,PRO,-1.6,112.7,0.0,0,0,X,0.0,0.0,0.0,0.0,0.0,0.0,0.0,0.0,24,0.032172923066428064,24,8,16,0,0,0,0,0,0,0,0,1
1axg,A,61,LEU,3.8,166.7,0.0,0,0,X,0.0,0.0,0.0,0.0,0.0,0.0,0.0,0.0,26,0.0363693912924839,18,18,0,0,0,0,0,0,0,0,0,1
1axg,A,62,PRO,-1.6,112.7,0.0,0,0,X,0.0,0.0,0.0,0.0,0.0,0.0,0.0,0.0,28,0.04196468226055834,27,15,12,0,0,0,0,0,0,0,0,1
1axg,A,63,VAL,4.2,140.0,0.0,0,0,X,0.0,0.0,0.0,0.0,0.0,0.0,0.0,0.0,40,0.053621538444046775,22,14,8,0,0,0,0,0,0,0,0,1
1axg,A,64,ILE,4.5,166.7,0.0,0,0,X,0.0,0.0,0.0,0.0,0.0,0.0,0.0,0.0,49,0.05548663543340492,29,6,23,0,0,0,0,0,0,0,0,1
1axg,A,65,ALA,1.8,88.6,0.0,0,0,X,0.0,0.0,0.0,0.0,0.0,0.0,0.0,0.0,46,0.05455408693872585,23,16,7,0,0,0,0,0,0,0,0,1
1axg,A,66,GLY,-0.4,60.1,0.0,0,0,X,0.0,0.0,0.0,0.0,0.0,0.0,0.0,0.0,46,0.053155264196707235,21,18,3,0,0,0,0,0,0,0,0,1
1axg,A,67,HIS,-3.2,153.2,0.1,2,1,X,0.0,0.0,0.0,0.0,0.0,0.0,0.0,0.0,43,0.06014937790680029,10,18,-8,0,0,0,0,0,0,0,0,1
1axg,A,68,GLU,-3.5,138.4,-1.0,1,3,X,0.0,0.0,0.0,0.0,0.0,0.0,0.0,0.0,46,0.05595290968074446,27,8,19,0,0,0,0,0,0,0,0,1
1axg,A,69,ALA,1.8,88.6,0.0,0,0,X,0.0,0.0,0.0,0.0,0.0,0.0,0.0,0.0,51,0.05222271570202816,18,15,3,0,0,0,0,0,0,0,0,1
1axg,A,70,ALA,1.8,88.6,0.0,0,0,X,0.0,0.0,0.0,0.0,0.0,0.0,0.0,0.0,44,0.05455408693872585,25,20,5,0,0,0,0,0,0,0,0,1
1axg,A,71,GLY,-0.4,60.1,0.0,0,0,X,0.0,0.0,0.0,0.0,0.0,0.0,0.0,0.0,40,0.048026247475972325,27,17,10,0,0,0,0,0,0,0,0,1
1axg,A,72,ILE,4.5,166.7,0.0,0,0,X,0.0,0.0,0.0,0.0,0.0,0.0,0.0,0.0,32,0.04289723075523742,30,17,13,0,0,0,0,0,0,0,0,1
1axg,A,73,VAL,4.2,140.0,0.0,0,0,X,0.0,0.0,0.0,0.0,0.0,0.0,0.0,0.0,34,0.04989134446533048,36,19,17,0,0,0,0,0,0,0,0,1
1axg,A,74,GLU,-3.5,138.4,-1.0,1,3,X,0.0,0.0,0.0,0.0,0.0,0.0,0.0,0.0,32,0.04243095650789788,28,5,23,0,0,0,0,0,0,0,0,1
1axg,A,75,SER,-0.8,89.0,0.0,1,1,X,0.0,0.0,0.0,0.0,0.0,0.0,0.0,0.0,34,0.04149840801321881,28,19,9,0,0,0,0,0,0,0,0,1
1axg,A,76,ILE,4.5,166.7,0.0,0,0,X,0.0,0.0,0.0,0.0,0.0,0.0,0.0,0.0,31,0.04429605349725603,31,37,-6,0,0,0,0,0,0,0,0,1
1axg,A,77,GLY,-0.4,60.1,0.0,0,0,X,0.0,0.0,0.0,0.0,0.0,0.0,0.0,0.0,25,0.03870076252918159,26,30,-4,0,0,0,0,0,0,0,0,1
1axg,A,78,GLU,-3.5,138.4,-1.0,1,3,X,0.0,0.0,0.0,0.0,0.0,0.0,0.0,0.0,13,0.027510180593032695,16,10,6,0,0,0,0,0,0,0,0,1
1axg,A,79,GLY,-0.4,60.1,0.0,0,0,X,0.0,0.0,0.0,0.0,0.0,0.0,0.0,0.0,13,0.026577632098353617,13,22,-9,0,0,0,0,0,0,0,0,1
1axg,A,80,VAL,4.2,140.0,0.0,0,0,X,0.0,0.0,0.0,0.0,0.0,0.0,0.0,0.0,25,0.03683566553982344,28,28,0,0,0,0,0,0,0,0,0,1
1axg,A,81,THR,-0.7,116.1,0.0,1,1,X,0.0,0.0,0.0,0.0,0.0,0.0,0.0,0.0,18,0.025645083603674543,27,16,11,0,0,0,0,0,0,0,0,1
1axg,A,82,THR,-0.7,116.1,0.0,1,1,X,0.0,0.0,0.0,0.0,0.0,0.0,0.0,0.0,24,0.028909003335051305,33,17,16,0,0,0,0,0,0,0,0,1
1axg,A,83,VAL,4.2,140.0,0.0,0,0,X,0.0,0.0,0.0,0.0,0.0,0.0,0.0,0.0,31,0.04149840801321881,34,25,9,0,0,0,0,0,0,0,0,1
1axg,A,84,ARG,-4.5,173.4,1.0,5,0,X,0.0,0.0,0.0,0.0,0.0,0.0,0.0,0.0,17,0.03590311704514436,7,11,-4,0,0,0,0,0,0,0,0,1
1axg,A,85,PRO,-1.6,112.7,0.0,0,0,X,0.0,0.0,0.0,0.0,0.0,0.0,0.0,0.0,20,0.030307826077069916,23,17,6,0,0,0,0,0,0,0,0,1
1axg,A,86,GLY,-0.4,60.1,0.0,0,0,X,0.0,0.0,0.0,0.0,0.0,0.0,0.0,0.0,22,0.025178809356335007,32,16,16,0,0,0,0,0,0,0,0,1
1axg,A,87,ASP,-3.5,111.1,-1.0,1,3,X,0.0,0.0,0.0,0.0,0.0,0.0,0.0,0.0,27,0.040099585271200194,30,10,20,0,0,0,0,0,0,0,0,1
1axg,A,88,LYS,-3.9,168.6,1.0,2,0,X,0.0,0.0,0.0,0.0,0.0,0.0,0.0,0.0,29,0.04755997322863279,14,18,-4,0,0,0,0,0,0,0,0,1
1axg,A,89,VAL,4.2,140.0,0.0,0,0,X,0.0,0.0,0.0,0.0,0.0,0.0,0.0,0.0,43,0.048958795970651406,33,15,18,0,0,0,0,0,0,0,0,1
1axg,A,90,ILE,4.5,166.7,0.0,0,0,X,0.0,0.0,0.0,0.0,0.0,0.0,0.0,0.0,48,0.048026247475972325,27,11,16,0,0,0,0,0,0,0,0,1
1axg,A,91,PRO,-1.6,112.7,0.0,0,0,X,0.0,0.0,0.0,0.0,0.0,0.0,0.0,0.0,48,0.05222271570202816,19,12,7,0,0,0,0,0,0,0,0,1
1axg,A,92,LEU,3.8,166.7,0.0,0,0,X,0.0,0.0,0.0,0.0,0.0,0.0,0.0,0.0,42,0.053155264196707235,22,15,7,0,0,0,0,0,0,0,0,1
1axg,A,93,PHE,2.8,189.9,0.0,0,0,X,0.0,0.0,0.0,0.0,0.0,0.0,0.0,0.0,45,0.04989134446533048,11,18,-7,0,0,0,0,0,0,0,0,1
1axg,A,94,THR,-0.7,116.1,0.0,1,1,X,0.0,0.0,0.0,0.0,0.0,0.0,0.0,0.0,43,0.053621538444046775,24,6,18,0,0,0,0,0,0,0,0,1
1axg,A,95,PRO,-1.6,112.7,0.0,0,0,X,0.0,0.0,0.0,0.0,0.0,0.0,0.0,0.0,37,0.04755997322863279,24,18,6,0,0,0,0,0,0,0,0,1
1axg,A,96,GLN,-3.5,143.8,0.0,2,2,X,0.0,0.0,0.0,0.0,0.0,0.0,0.0,0.0,35,0.048958795970651406,38,12,26,0,0,0,0,0,0,0,0,1
1axg,A,97,CYS,2.5,108.5,0.0,1,0,X,0.0,0.0,0.0,0.0,0.0,0.0,0.0,0.0,26,0.034970568550465285,36,11,25,0,0,0,0,0,0,0,0,1
1axg,A,98,GLY,-0.4,60.1,0.0,0,0,X,0.0,0.0,0.0,0.0,0.0,0.0,0.0,0.0,19,0.028909003335051305,45,3,42,0,0,0,0,0,0,0,0,1
1axg,A,99,LYS,-3.9,168.6,1.0,2,0,X,0.0,0.0,0.0,0.0,0.0,0.0,0.0,0.0,12,0.024246260861655933,20,0,20,0,0,0,0,0,0,0,0,1
1axg,A,100,CYS,2.5,108.5,0.0,1,0,X,0.0,0.0,0.0,0.0,0.0,0.0,0.0,0.0,23,0.03310547156110714,43,0,43,0,0,0,0,0,0,0,0,1
1axg,A,101,ARG,-4.5,173.4,1.0,5,0,X,0.0,0.0,0.0,0.0,0.0,0.0,0.0,0.0,28,0.03450429430312575,23,13,10,0,0,0,0,0,0,0,0,1
1axg,A,102,VAL,4.2,140.0,0.0,0,0,X,0.0,0.0,0.0,0.0,0.0,0.0,0.0,0.0,31,0.04709369898129325,45,15,30,0,0,0,0,0,0,0,0,1
1axg,A,103,CYS,2.5,108.5,0.0,1,0,X,0.0,0.0,0.0,0.0,0.0,0.0,0.0,0.0,28,0.04755997322863279,52,9,43,0,0,0,0,0,0,0,0,1
1axg,A,104,LYS,-3.9,168.6,1.0,2,0,X,0.0,0.0,0.0,0.0,0.0,0.0,0.0,0.0,16,0.032639197313767604,29,1,28,0,0,0,0,0,0,0,0,1
1axg,A,105,HIS,-3.2,153.2,0.1,2,1,X,0.0,0.0,0.0,0.0,0.0,0.0,0.0,0.0,20,0.032639197313767604,25,14,11,0,0,0,0,0,0,0,0,1
1axg,A,106,PRO,-1.6,112.7,0.0,0,0,X,0.0,0.0,0.0,0.0,0.0,0.0,0.0,0.0,19,0.02471253510899547,29,11,18,0,0,0,0,0,0,0,0,1
1axg,A,107,GLU,-3.5,138.4,-1.0,1,3,X,0.0,0.0,0.0,0.0,0.0,0.0,0.0,0.0,23,0.03124037457174899,37,0,37,0,0,0,0,0,0,0,0,1
1axg,A,108,GLY,-0.4,60.1,0.0,0,0,X,0.0,0.0,0.0,0.0,0.0,0.0,0.0,0.0,36,0.04755997322863279,37,14,23,0,0,0,0,0,0,0,0,1
1axg,A,109,ASN,-3.5,114.1,0.0,2,2,X,0.0,0.0,0.0,0.0,0.0,0.0,0.0,0.0,42,0.05222271570202816,28,13,15,0,0,0,0,0,0,0,0,1
1axg,A,110,PHE,2.8,189.9,0.0,0,0,X,0.0,0.0,0.0,0.0,0.0,0.0,0.0,0.0,39,0.0526889899493677,12,15,-3,0,0,0,0,0,0,0,0,1
1axg,A,111,CYS,2.5,108.5,0.0,1,0,X,0.0,0.0,0.0,0.0,0.0,0.0,0.0,0.0,36,0.05035761871267001,33,10,23,0,0,0,0,0,0,0,0,1
1axg,A,112,LEU,3.8,166.7,0.0,0,0,X,0.0,0.0,0.0,0.0,0.0,0.0,0.0,0.0,29,0.03683566553982344,24,12,12,0,0,0,0,0,0,0,0,1
1axg,A,113,LYS,-3.9,168.6,1.0,2,0,X,0.0,0.0,0.0,0.0,0.0,0.0,0.0,0.0,27,0.032639197313767604,15,12,3,0,0,0,0,0,0,0,0,1
1axg,A,114,ASN,-3.5,114.1,0.0,2,2,X,0.0,0.0,0.0,0.0,0.0,0.0,0.0,0.0,32,0.043829779249916496,17,12,5,0,0,0,0,0,0,0,0,1
1axg,A,115,ASP,-3.5,111.1,-1.0,1,3,X,0.0,0.0,0.0,0.0,0.0,0.0,0.0,0.0,32,0.04289723075523742,25,1,24,0,0,0,0,0,0,0,0,1
1axg,A,116,LEU,3.8,166.7,0.0,0,0,X,0.0,0.0,0.0,0.0,0.0,0.0,0.0,0.0,33,0.03823448828184205,6,12,-6,0,0,0,0,0,0,0,0,1
1axg,A,117,SER,-0.8,89.0,0.0,1,1,X,0.0,0.0,0.0,0.0,0.0,0.0,0.0,0.0,23,0.028909003335051305,9,15,-6,0,0,0,0,0,0,0,0,1
1axg,A,118,MET,1.9,162.9,0.0,0,0,X,0.0,0.0,0.0,0.0,0.0,0.0,0.0,0.0,17,0.02331371236697686,14,12,2,0,0,0,0,0,0,0,0,1
1axg,A,119,PRO,-1.6,112.7,0.0,0,0,X,0.0,0.0,0.0,0.0,0.0,0.0,0.0,0.0,23,0.034970568550465285,22,11,11,0,0,0,0,0,0,0,0,1
1axg,A,120,ARG,-4.5,173.4,1.0,5,0,X,0.0,0.0,0.0,0.0,0.0,0.0,0.0,0.0,24,0.032639197313767604,18,16,2,0,0,0,0,0,0,0,0,1
1axg,A,121,GLY,-0.4,60.1,0.0,0,0,X,0.0,0.0,0.0,0.0,0.0,0.0,0.0,0.0,33,0.04709369898129325,32,12,20,0,0,0,0,0,0,0,0,1
1axg,A,122,THR,-0.7,116.1,0.0,1,1,X,0.0,0.0,0.0,0.0,0.0,0.0,0.0,0.0,33,0.04662742473395372,42,24,18,0,0,0,0,0,0,0,0,1
1axg,A,123,MET,1.9,162.9,0.0,0,0,X,0.0,0.0,0.0,0.0,0.0,0.0,0.0,0.0,34,0.05129016720734909,49,31,18,0,0,0,0,0,0,0,0,1
1axg,A,124,GLN,-3.5,143.8,0.0,2,2,X,0.0,0.0,0.0,0.0,0.0,0.0,0.0,0.0,28,0.032172923066428064,30,34,-4,0,0,0,0,0,0,0,0,1
1axg,A,125,ASP,-3.5,111.1,-1.0,1,3,X,0.0,0.0,0.0,0.0,0.0,0.0,0.0,0.0,16,0.02844272908771177,33,13,20,0,0,0,0,0,0,0,0,1
1axg,A,126,GLY,-0.4,60.1,0.0,0,0,X,0.0,0.0,0.0,0.0,0.0,0.0,0.0,0.0,15,0.02611135785101408,33,17,16,0,0,0,0,0,0,0,0,1
1axg,A,127,THR,-0.7,116.1,0.0,1,1,X,0.0,0.0,0.0,0.0,0.0,0.0,0.0,0.0,20,0.030774100324409453,42,15,27,0,0,0,0,0,0,0,0,1
1axg,A,128,SER,-0.8,89.0,0.0,1,1,X,0.0,0.0,0.0,0.0,0.0,0.0,0.0,0.0,30,0.043363505002576956,40,17,23,0,0,0,0,0,0,0,0,1
1axg,A,129,ARG,-4.5,173.4,1.0,5,0,X,0.0,0.0,0.0,0.0,0.0,0.0,0.0,0.0,32,0.043363505002576956,29,27,2,0,0,0,0,0,0,0,0,1
1axg,A,130,PHE,2.8,189.9,0.0,0,0,X,0.0,0.0,0.0,0.0,0.0,0.0,0.0,0.0,44,0.04662742473395372,39,11,28,0,0,0,0,0,0,0,0,1
1axg,A,131,THR,-0.7,116.1,0.0,1,1,X,0.0,0.0,0.0,0.0,0.0,0.0,0.0,0.0,27,0.04196468226055834,37,22,15,0,0,0,0,0,0,0,0,1
1axg,A,132,CYS,2.5,108.5,0.0,1,0,X,0.0,0.0,0.0,0.0,0.0,0.0,0.0,0.0,27,0.04429605349725603,26,26,0,0,0,0,0,0,0,0,0,1
1axg,A,133,ARG,-4.5,173.4,1.0,5,0,X,0.0,0.0,0.0,0.0,0.0,0.0,0.0,0.0,15,0.025178809356335007,9,16,-7,0,0,0,0,0,0,0,0,1
1axg,A,134,GLY,-0.4,60.1,0.0,0,0,X,0.0,0.0,0.0,0.0,0.0,0.0,0.0,0.0,14,0.022847438119637322,20,12,8,0,0,0,0,0,0,0,0,1
1axg,A,135,LYS,-3.9,168.6,1.0,2,0,X,0.0,0.0,0.0,0.0,0.0,0.0,0.0,0.0,16,0.026577632098353617,13,5,8,0,0,0,0,0,0,0,0,1
1axg,A,136,PRO,-1.6,112.7,0.0,0,0,X,0.0,0.0,0.0,0.0,0.0,0.0,0.0,0.0,22,0.034970568550465285,34,4,30,0,0,0,0,0,0,0,0,1
1axg,A,137,ILE,4.5,166.7,0.0,0,0,X,0.0,0.0,0.0,0.0,0.0,0.0,0.0,0.0,33,0.0526889899493677,41,11,30,0,0,0,0,0,0,0,0,1
1axg,A,138,HIS,-3.2,153.2,0.1,2,1,X,0.0,0.0,0.0,0.0,0.0,0.0,0.0,0.0,31,0.05222271570202816,23,3,20,0,0,0,0,0,0,0,0,1
1axg,A,139,HIS,-3.2,153.2,0.1,2,1,X,0.0,0.0,0.0,0.0,0.0,0.0,0.0,0.0,41,0.058284280917442144,28,16,12,0,0,0,0,0,0,0,0,1
1axg,A,140,PHE,2.8,189.9,0.0,0,0,X,0.0,0.0,0.0,0.0,0.0,0.0,0.0,0.0,41,0.05222271570202816,32,19,13,0,0,0,0,0,0,0,0,1
1axg,A,141,LEU,3.8,166.7,0.0,0,0,X,0.0,0.0,0.0,0.0,0.0,0.0,0.0,0.0,44,0.04709369898129325,27,16,11,0,0,0,0,0,0,0,0,1
1axg,A,142,GLY,-0.4,60.1,0.0,0,0,X,0.0,0.0,0.0,0.0,0.0,0.0,0.0,0.0,43,0.053621538444046775,32,21,11,0,0,0,0,0,0,0,0,1
1axg,A,143,THR,-0.7,116.1,0.0,1,1,X,0.0,0.0,0.0,0.0,0.0,0.0,0.0,0.0,42,0.053621538444046775,22,21,1,0,0,0,0,0,0,0,0,1
1axg,A,144,SER,-0.8,89.0,0.0,1,1,X,0.0,0.0,0.0,0.0,0.0,0.0,0.0,0.0,48,0.05968310365946076,30,9,21,0,0,0,0,0,0,0,0,1
1axg,A,145,THR,-0.7,116.1,0.0,1,1,X,0.0,0.0,0.0,0.0,0.0,0.0,0.0,0.0,46,0.056419183928083996,19,11,8,0,0,0,0,0,0,0,0,1
1axg,A,146,PHE,2.8,189.9,0.0,0,0,X,0.0,0.0,0.0,0.0,0.0,0.0,0.0,0.0,43,0.05548663543340492,13,15,-2,0,0,0,0,0,0,0,0,1
1axg,A,147,SER,-0.8,89.0,0.0,1,1,X,0.0,0.0,0.0,0.0,0.0,0.0,0.0,0.0,47,0.05502036118606539,19,10,9,0,0,0,0,0,0,0,0,1
1axg,A,148,GLN,-3.5,143.8,0.0,2,2,X,0.0,0.0,0.0,0.0,0.0,0.0,0.0,0.0,30,0.04662742473395372,24,14,10,0,0,0,0,0,0,0,0,1
1axg,A,149,TYR,-1.3,193.6,0.0,1,1,X,0.0,0.0,0.0,0.0,0.0,0.0,0.0,0.0,36,0.05222271570202816,32,13,19,0,0,0,0,0,0,0,0,1
1axg,A,150,THR,-0.7,116.1,0.0,1,1,X,0.0,0.0,0.0,0.0,0.0,0.0,0.0,0.0,50,0.05408781269138631,36,15,21,0,0,0,0,0,0,0,0,1
1axg,A,151,VAL,4.2,140.0,0.0,0,0,X,0.0,0.0,0.0,0.0,0.0,0.0,0.0,0.0,46,0.05921682941212122,43,26,17,0,0,0,0,0,0,0,0,1
1axg,A,152,VAL,4.2,140.0,0.0,0,0,X,0.0,0.0,0.0,0.0,0.0,0.0,0.0,0.0,48,0.05222271570202816,32,25,7,0,0,0,0,0,0,0,0,1
1axg,A,153,ASP,-3.5,111.1,-1.0,1,3,X,0.0,0.0,0.0,0.0,0.0,0.0,0.0,0.0,39,0.04476232774459557,37,26,11,0,0,0,0,0,0,0,0,1
1axg,A,154,GLU,-3.5,138.4,-1.0,1,3,X,0.0,0.0,0.0,0.0,0.0,0.0,0.0,0.0,36,0.04243095650789788,22,21,1,0,0,0,0,0,0,0,0,1
1axg,A,155,ILE,4.5,166.7,0.0,0,0,X,0.0,0.0,0.0,0.0,0.0,0.0,0.0,0.0,34,0.04289723075523742,30,22,8,0,0,0,0,0,0,0,0,1
1axg,A,156,SER,-0.8,89.0,0.0,1,1,X,0.0,0.0,0.0,0.0,0.0,0.0,0.0,0.0,41,0.048958795970651406,17,24,-7,0,0,0,0,0,0,0,0,1
1axg,A,157,VAL,4.2,140.0,0.0,0,0,X,0.0,0.0,0.0,0.0,0.0,0.0,0.0,0.0,40,0.04755997322863279,26,25,1,0,0,0,0,0,0,0,0,1
1axg,A,158,ALA,1.8,88.6,0.0,0,0,X,0.0,0.0,0.0,0.0,0.0,0.0,0.0,0.0,39,0.048492521723311866,27,27,0,0,0,0,0,0,0,0,0,1
1axg,A,159,LYS,-3.9,168.6,1.0,2,0,X,0.0,0.0,0.0,0.0,0.0,0.0,0.0,0.0,28,0.04196468226055834,23,17,6,0,0,0,0,0,0,0,0,1
1axg,A,160,ILE,4.5,166.7,0.0,0,0,X,0.0,0.0,0.0,0.0,0.0,0.0,0.0,0.0,37,0.043363505002576956,25,17,8,0,0,0,0,0,0,0,0,1
1axg,A,161,ASP,-3.5,111.1,-1.0,1,3,X,0.0,0.0,0.0,0.0,0.0,0.0,0.0,0.0,24,0.03310547156110714,22,8,14,0,0,0,0,0,0,0,0,1
1axg,A,162,ALA,1.8,88.6,0.0,0,0,X,0.0,0.0,0.0,0.0,0.0,0.0,0.0,0.0,16,0.02844272908771177,17,16,1,0,0,0,0,0,0,0,0,1
1axg,A,163,ALA,1.8,88.6,0.0,0,0,X,0.0,0.0,0.0,0.0,0.0,0.0,0.0,0.0,15,0.02144861537761871,9,10,-1,0,0,0,0,0,0,0,0,1
1axg,A,164,SER,-0.8,89.0,0.0,1,1,X,0.0,0.0,0.0,0.0,0.0,0.0,0.0,0.0,28,0.03730193978716297,19,18,1,0,0,0,0,0,0,0,0,1
1axg,A,165,PRO,-1.6,112.7,0.0,0,0,X,0.0,0.0,0.0,0.0,0.0,0.0,0.0,0.0,25,0.03170664881908853,15,19,-4,0,0,0,0,0,0,0,0,1
1axg,A,166,LEU,3.8,166.7,0.0,0,0,X,0.0,0.0,0.0,0.0,0.0,0.0,0.0,0.0,37,0.04289723075523742,21,18,3,0,0,0,0,0,0,0,0,1
1axg,A,167,GLU,-3.5,138.4,-1.0,1,3,X,0.0,0.0,0.0,0.0,0.0,0.0,0.0,0.0,28,0.04289723075523742,13,2,11,0,0,0,0,0,0,0,0,1
1axg,A,168,LYS,-3.9,168.6,1.0,2,0,X,0.0,0.0,0.0,0.0,0.0,0.0,0.0,0.0,30,0.04103213376587927,3,18,-15,0,0,0,0,0,0,0,0,1
1axg,A,169,VAL,4.2,140.0,0.0,0,0,X,0.0,0.0,0.0,0.0,0.0,0.0,0.0,0.0,42,0.05129016720734909,17,25,-8,0,0,0,0,0,0,0,0,1
1axg,A,170,CYS,2.5,108.5,0.0,1,0,X,0.0,0.0,0.0,0.0,0.0,0.0,0.0,0.0,44,0.05129016720734909,20,18,2,0,0,0,0,0,0,0,0,1
1axg,A,171,LEU,3.8,166.7,0.0,0,0,X,0.0,0.0,0.0,0.0,0.0,0.0,0.0,0.0,45,0.050823892960009553,21,20,1,0,0,0,0,0,0,0,0,1
1axg,A,172,ILE,4.5,166.7,0.0,0,0,X,0.0,0.0,0.0,0.0,0.0,0.0,0.0,0.0,47,0.04989134446533048,12,15,-3,0,0,0,0,0,0,0,0,1
1axg,A,173,GLY,-0.4,60.1,0.0,0,0,X,0.0,0.0,0.0,0.0,0.0,0.0,0.0,0.0,46,0.053155264196707235,18,9,9,0,0,0,0,0,0,0,0,1
1axg,A,174,CYS,2.5,108.5,0.0,1,0,X,0.0,0.0,0.0,0.0,0.0,0.0,0.0,0.0,46,0.04755997322863279,19,10,9,0,0,0,0,0,0,0,0,1
1axg,A,175,GLY,-0.4,60.1,0.0,0,0,X,0.0,0.0,0.0,0.0,0.0,0.0,0.0,0.0,43,0.04662742473395372,20,9,11,0,0,0,0,0,0,0,0,1
1axg,A,176,PHE,2.8,189.9,0.0,0,0,X,0.0,0.0,0.0,0.0,0.0,0.0,0.0,0.0,42,0.05548663543340492,9,6,3,0,0,0,0,0,0,0,0,1
1axg,A,177,SER,-0.8,89.0,0.0,1,1,X,0.0,0.0,0.0,0.0,0.0,0.0,0.0,0.0,44,0.05222271570202816,9,4,5,0,0,0,0,0,0,0,0,1
1axg,A,178,THR,-0.7,116.1,0.0,1,1,X,0.0,0.0,0.0,0.0,0.0,0.0,0.0,0.0,47,0.053621538444046775,9,4,5,0,0,0,0,0,0,0,0,1
1axg,A,179,GLY,-0.4,60.1,0.0,0,0,X,0.0,0.0,0.0,0.0,0.0,0.0,0.0,0.0,45,0.053621538444046775,5,3,2,0,0,0,0,0,0,0,0,1
1axg,A,180,TYR,-1.3,193.6,0.0,1,1,X,0.0,0.0,0.0,0.0,0.0,0.0,0.0,0.0,39,0.05408781269138631,17,3,14,0,0,0,0,0,0,0,0,1
1axg,A,181,GLY,-0.4,60.1,0.0,0,0,X,0.0,0.0,0.0,0.0,0.0,0.0,0.0,0.0,39,0.048492521723311866,18,0,18,0,0,0,0,0,0,0,0,1
1axg,A,182,SER,-0.8,89.0,0.0,1,1,X,0.0,0.0,0.0,0.0,0.0,0.0,0.0,0.0,45,0.05548663543340492,25,4,21,0,0,0,0,0,0,0,0,1
1axg,A,183,ALA,1.8,88.6,0.0,0,0,X,0.0,0.0,0.0,0.0,0.0,0.0,0.0,0.0,45,0.056419183928083996,22,0,22,0,0,0,0,0,0,0,0,1
1axg,A,184,VAL,4.2,140.0,0.0,0,0,X,0.0,0.0,0.0,0.0,0.0,0.0,0.0,0.0,35,0.04616115048661418,24,0,24,0,0,0,0,0,0,0,0,1
1axg,A,185,LYS,-3.9,168.6,1.0,2,0,X,0.0,0.0,0.0,0.0,0.0,0.0,0.0,0.0,30,0.034970568550465285,24,9,15,0,0,0,0,0,0,0,0,1
1axg,A,186,VAL,4.2,140.0,0.0,0,0,X,0.0,0.0,0.0,0.0,0.0,0.0,0.0,0.0,38,0.040099585271200194,30,8,22,0,0,0,0,0,0,0,0,1
1axg,A,187,ALA,1.8,88.6,0.0,0,0,X,0.0,0.0,0.0,0.0,0.0,0.0,0.0,0.0,36,0.043829779249916496,25,4,21,0,0,0,0,0,0,0,0,1
1axg,A,188,LYS,-3.9,168.6,1.0,2,0,X,0.0,0.0,0.0,0.0,0.0,0.0,0.0,0.0,24,0.034970568550465285,20,7,13,0,0,0,0,0,0,0,0,1
1axg,A,189,VAL,4.2,140.0,0.0,0,0,X,0.0,0.0,0.0,0.0,0.0,0.0,0.0,0.0,36,0.04662742473395372,22,8,14,0,0,0,0,0,0,0,0,1
1axg,A,190,THR,-0.7,116.1,0.0,1,1,X,0.0,0.0,0.0,0.0,0.0,0.0,0.0,0.0,30,0.03124037457174899,15,13,2,0,0,0,0,0,0,0,0,1
1axg,A,191,GLN,-3.5,143.8,0.0,2,2,X,0.0,0.0,0.0,0.0,0.0,0.0,0.0,0.0,27,0.02797645484037223,9,8,1,0,0,0,0,0,0,0,0,1
1axg,A,192,GLY,-0.4,60.1,0.0,0,0,X,0.0,0.0,0.0,0.0,0.0,0.0,0.0,0.0,22,0.030307826077069916,12,14,-2,0,0,0,0,0,0,0,0,1
1axg,A,193,SER,-0.8,89.0,0.0,1,1,X,0.0,0.0,0.0,0.0,0.0,0.0,0.0,0.0,29,0.040565859518539735,18,8,10,0,0,0,0,0,0,0,0,1
1axg,A,194,THR,-0.7,116.1,0.0,1,1,X,0.0,0.0,0.0,0.0,0.0,0.0,0.0,0.0,37,0.045694876239274644,15,12,3,0,0,0,0,0,0,0,0,1
1axg,A,195,CYS,2.5,108.5,0.0,1,0,X,0.0,0.0,0.0,0.0,0.0,0.0,0.0,0.0,41,0.053155264196707235,15,14,1,0,0,0,0,0,0,0,0,1
1axg,A,196,ALA,1.8,88.6,0.0,0,0,X,0.0,0.0,0.0,0.0,0.0,0.0,0.0,0.0,50,0.05035761871267001,8,19,-11,0,0,0,0,0,0,0,0,1
1axg,A,197,VAL,4.2,140.0,0.0,0,0,X,0.0,0.0,0.0,0.0,0.0,0.0,0.0,0.0,49,0.053621538444046775,2,17,-15,0,0,0,0,0,0,0,0,1
1axg,A,198,PHE,2.8,189.9,0.0,0,0,X,0.0,0.0,0.0,0.0,0.0,0.0,0.0,0.0,43,0.04662742473395372,8,20,-12,0,0,0,0,0,0,0,0,1
1axg,A,199,GLY,-0.4,60.1,0.0,0,0,X,0.0,0.0,0.0,0.0,0.0,0.0,0.0,0.0,39,0.04289723075523742,11,17,-6,0,0,0,0,0,0,0,0,1
1axg,A,200,LEU,3.8,166.7,0.0,0,0,X,0.0,0.0,0.0,0.0,0.0,0.0,0.0,0.0,41,0.04476232774459557,24,16,8,0,0,0,0,0,0,0,0,1
1axg,A,201,GLY,-0.4,60.1,0.0,0,0,X,0.0,0.0,0.0,0.0,0.0,0.0,0.0,0.0,39,0.03590311704514436,35,6,29,0,0,0,0,0,0,0,0,1
1axg,A,202,GLY,-0.4,60.1,0.0,0,0,X,0.0,0.0,0.0,0.0,0.0,0.0,0.0,0.0,44,0.04196468226055834,27,7,20,0,0,0,0,0,0,0,0,1
1axg,A,203,ALA,1.8,88.6,0.0,0,0,X,0.0,0.0,0.0,0.0,0.0,0.0,0.0,0.0,42,0.04429605349725603,14,8,6,0,0,0,0,0,0,0,0,1
1axg,A,204,GLY,-0.4,60.1,0.0,0,0,X,0.0,0.0,0.0,0.0,0.0,0.0,0.0,0.0,45,0.04616115048661418,10,7,3,0,0,0,0,0,0,0,0,1
1axg,A,205,LEU,3.8,166.7,0.0,0,0,X,0.0,0.0,0.0,0.0,0.0,0.0,0.0,0.0,44,0.04989134446533048,30,12,18,0,0,0,0,0,0,0,0,1
1axg,A,206,SER,-0.8,89.0,0.0,1,1,X,0.0,0.0,0.0,0.0,0.0,0.0,0.0,0.0,45,0.04989134446533048,9,0,9,0,0,0,0,0,0,0,0,1
1axg,A,207,VAL,4.2,140.0,0.0,0,0,X,0.0,0.0,0.0,0.0,0.0,0.0,0.0,0.0,49,0.053621538444046775,6,4,2,0,0,0,0,0,0,0,0,1
1axg,A,208,ILE,4.5,166.7,0.0,0,0,X,0.0,0.0,0.0,0.0,0.0,0.0,0.0,0.0,47,0.04989134446533048,23,7,16,0,0,0,0,0,0,0,0,1
1axg,A,209,MET,1.9,162.9,0.0,0,0,X,0.0,0.0,0.0,0.0,0.0,0.0,0.0,0.0,38,0.04755997322863279,15,5,10,0,0,0,0,0,0,0,0,1
1axg,A,210,GLY,-0.4,60.1,0.0,0,0,X,0.0,0.0,0.0,0.0,0.0,0.0,0.0,0.0,41,0.04942507021799094,18,0,18,0,0,0,0,0,0,0,0,1
1axg,A,211,CYS,2.5,108.5,0.0,1,0,X,0.0,0.0,0.0,0.0,0.0,0.0,0.0,0.0,41,0.05175644145468863,19,0,19,0,0,0,0,0,0,0,0,1
1axg,A,212,LYS,-3.9,168.6,1.0,2,0,X,0.0,0.0,0.0,0.0,0.0,0.0,0.0,0.0,36,0.03870076252918159,8,6,2,0,0,0,0,0,0,0,0,1
1axg,A,213,ALA,1.8,88.6,0.0,0,0,X,0.0,0.0,0.0,0.0,0.0,0.0,0.0,0.0,34,0.02984155182973038,15,2,13,0,0,0,0,0,0,0,0,1
1axg,A,214,ALA,1.8,88.6,0.0,0,0,X,0.0,0.0,0.0,0.0,0.0,0.0,0.0,0.0,32,0.03730193978716297,20,1,19,0,0,0,0,0,0,0,0,1
1axg,A,215,GLY,-0.4,60.1,0.0,0,0,X,0.0,0.0,0.0,0.0,0.0,0.0,0.0,0.0,31,0.035436842797804825,16,1,15,0,0,0,0,0,0,0,0,1
1axg,A,216,ALA,1.8,88.6,0.0,0,0,X,0.0,0.0,0.0,0.0,0.0,0.0,0.0,0.0,34,0.043829779249916496,18,6,12,0,0,0,0,0,0,0,0,1
1axg,A,217,ALA,1.8,88.6,0.0,0,0,X,0.0,0.0,0.0,0.0,0.0,0.0,0.0,0.0,26,0.030774100324409453,20,7,13,0,0,0,0,0,0,0,0,1
1axg,A,218,ARG,-4.5,173.4,1.0,5,0,X,0.0,0.0,0.0,0.0,0.0,0.0,0.0,0.0,27,0.03730193978716297,0,16,-16,0,0,0,0,0,0,0,0,1
1axg,A,219,ILE,4.5,166.7,0.0,0,0,X,0.0,0.0,0.0,0.0,0.0,0.0,0.0,0.0,42,0.048958795970651406,28,10,18,0,0,0,0,0,0,0,0,1
1axg,A,220,ILE,4.5,166.7,0.0,0,0,X,0.0,0.0,0.0,0.0,0.0,0.0,0.0,0.0,41,0.04989134446533048,14,11,3,0,0,0,0,0,0,0,0,1
1axg,A,221,GLY,-0.4,60.1,0.0,0,0,X,0.0,0.0,0.0,0.0,0.0,0.0,0.0,0.0,42,0.05502036118606539,19,17,2,0,0,0,0,0,0,0,0,1
1axg,A,222,VAL,4.2,140.0,0.0,0,0,X,0.0,0.0,0.0,0.0,0.0,0.0,0.0,0.0,41,0.048026247475972325,7,20,-13,0,0,0,0,0,0,0,0,1
1axg,A,223,ASP,-3.5,111.1,-1.0,1,3,X,0.0,0.0,0.0,0.0,0.0,0.0,0.0,0.0,32,0.05035761871267001,17,11,6,0,0,0,0,0,0,0,0,1
1axg,A,224,ILE,4.5,166.7,0.0,0,0,X,0.0,0.0,0.0,0.0,0.0,0.0,0.0,0.0,20,0.03310547156110714,23,19,4,0,0,0,0,0,0,0,0,1
1axg,A,225,ASN,-3.5,114.1,0.0,2,2,X,0.0,0.0,0.0,0.0,0.0,0.0,0.0,0.0,25,0.03683566553982344,20,20,0,0,0,0,0,0,0,0,0,1
1axg,A,226,LYS,-3.9,168.6,1.0,2,0,X,0.0,0.0,0.0,0.0,0.0,0.0,0.0,0.0,16,0.03590311704514436,8,22,-14,0,0,0,0,0,0,0,0,1
1axg,A,227,ASP,-3.5,111.1,-1.0,1,3,X,0.0,0.0,0.0,0.0,0.0,0.0,0.0,0.0,16,0.027510180593032695,23,13,10,0,0,0,0,0,0,0,0,1
1axg,A,228,LYS,-3.9,168.6,1.0,2,0,X,0.0,0.0,0.0,0.0,0.0,0.0,0.0,0.0,33,0.040565859518539735,22,21,1,0,0,0,0,0,0,0,0,1
1axg,A,229,PHE,2.8,189.9,0.0,0,0,X,0.0,0.0,0.0,0.0,0.0,0.0,0.0,0.0,29,0.03963331102386066,33,25,8,0,0,0,0,0,0,0,0,1
1axg,A,230,ALA,1.8,88.6,0.0,0,0,X,0.0,0.0,0.0,0.0,0.0,0.0,0.0,0.0,19,0.028909003335051305,31,20,11,0,0,0,0,0,0,0,0,1
1axg,A,231,LYS,-3.9,168.6,1.0,2,0,X,0.0,0.0,0.0,0.0,0.0,0.0,0.0,0.0,29,0.03450429430312575,18,17,1,0,0,0,0,0,0,0,0,1
1axg,A,232,ALA,1.8,88.6,0.0,0,0,X,0.0,0.0,0.0,0.0,0.0,0.0,0.0,0.0,35,0.04755997322863279,31,20,11,0,0,0,0,0,0,0,0,1
1axg,A,233,LYS,-3.9,168.6,1.0,2,0,X,0.0,0.0,0.0,0.0,0.0,0.0,0.0,0.0,22,0.03590311704514436,15,19,-4,0,0,0,0,0,0,0,0,1
1axg,A,234,GLU,-3.5,138.4,-1.0,1,3,X,0.0,0.0,0.0,0.0,0.0,0.0,0.0,0.0,23,0.027043906345693154,25,8,17,0,0,0,0,0,0,0,0,1
1axg,A,235,VAL,4.2,140.0,0.0,0,0,X,0.0,0.0,0.0,0.0,0.0,0.0,0.0,0.0,36,0.03870076252918159,27,12,15,0,0,0,0,0,0,0,0,1
1axg,A,236,GLY,-0.4,60.1,0.0,0,0,X,0.0,0.0,0.0,0.0,0.0,0.0,0.0,0.0,34,0.03870076252918159,31,16,15,0,0,0,0,0,0,0,0,1
1axg,A,237,ALA,1.8,88.6,0.0,0,0,X,0.0,0.0,0.0,0.0,0.0,0.0,0.0,0.0,31,0.045694876239274644,32,15,17,0,0,0,0,0,0,0,0,1
1axg,A,238,THR,-0.7,116.1,0.0,1,1,X,0.0,0.0,0.0,0.0,0.0,0.0,0.0,0.0,25,0.032172923066428064,26,12,14,0,0,0,0,0,0,0,0,1
1axg,A,239,GLU,-3.5,138.4,-1.0,1,3,X,0.0,0.0,0.0,0.0,0.0,0.0,0.0,0.0,25,0.03403802005578621,20,0,20,0,0,0,0,0,0,0,0,1
1axg,A,240,CYS,2.5,108.5,0.0,1,0,X,0.0,0.0,0.0,0.0,0.0,0.0,0.0,0.0,34,0.043829779249916496,22,23,-1,0,0,0,0,0,0,0,0,1
1axg,A,241,VAL,4.2,140.0,0.0,0,0,X,0.0,0.0,0.0,0.0,0.0,0.0,0.0,0.0,31,0.04103213376587927,10,25,-15,0,0,0,0,0,0,0,0,1
1axg,A,242,ASN,-3.5,114.1,0.0,2,2,X,0.0,0.0,0.0,0.0,0.0,0.0,0.0,0.0,20,0.04476232774459557,13,18,-5,0,0,0,0,0,0,0,0,1
1axg,A,243,PRO,-1.6,112.7,0.0,0,0,X,0.0,0.0,0.0,0.0,0.0,0.0,0.0,0.0,28,0.04103213376587927,13,17,-4,0,0,0,0,0,0,0,0,1
1axg,A,244,GLN,-3.5,143.8,0.0,2,2,X,0.0,0.0,0.0,0.0,0.0,0.0,0.0,0.0,14,0.027043906345693154,10,15,-5,0,0,0,0,0,0,0,0,1
1axg,A,245,ASP,-3.5,111.1,-1.0,1,3,X,0.0,0.0,0.0,0.0,0.0,0.0,0.0,0.0,15,0.025645083603674543,18,3,15,0,0,0,0,0,0,0,0,1
1axg,A,246,TYR,-1.3,193.6,0.0,1,1,X,0.0,0.0,0.0,0.0,0.0,0.0,0.0,0.0,19,0.03124037457174899,17,18,-1,0,0,0,0,0,0,0,0,1
1axg,A,247,LYS,-3.9,168.6,1.0,2,0,X,0.0,0.0,0.0,0.0,0.0,0.0,0.0,0.0,9,0.020516066882939634,9,6,3,0,0,0,0,0,0,0,0,1
1axg,A,248,LYS,-3.9,168.6,1.0,2,0,X,0.0,0.0,0.0,0.0,0.0,0.0,0.0,0.0,15,0.026577632098353617,8,20,-12,0,0,0,0,0,0,0,0,1
1axg,A,249,PRO,-1.6,112.7,0.0,0,0,X,0.0,0.0,0.0,0.0,0.0,0.0,0.0,0.0,16,0.03124037457174899,15,10,5,0,0,0,0,0,0,0,0,1
1axg,A,250,ILE,4.5,166.7,0.0,0,0,X,0.0,0.0,0.0,0.0,0.0,0.0,0.0,0.0,30,0.04429605349725603,13,22,-9,0,0,0,0,0,0,0,0,1
1axg,A,251,GLN,-3.5,143.8,0.0,2,2,X,0.0,0.0,0.0,0.0,0.0,0.0,0.0,0.0,29,0.04289723075523742,12,14,-2,0,0,0,0,0,0,0,0,1
1axg,A,252,GLU,-3.5,138.4,-1.0,1,3,X,0.0,0.0,0.0,0.0,0.0,0.0,0.0,0.0,17,0.03776821403450251,13,9,4,0,0,0,0,0,0,0,0,1
1axg,A,253,VAL,4.2,140.0,0.0,0,0,X,0.0,0.0,0.0,0.0,0.0,0.0,0.0,0.0,28,0.043363505002576956,14,21,-7,0,0,0,0,0,0,0,0,1
1axg,A,254,LEU,3.8,166.7,0.0,0,0,X,0.0,0.0,0.0,0.0,0.0,0.0,0.0,0.0,39,0.048492521723311866,12,22,-10,0,0,0,0,0,0,0,0,1
1axg,A,255,THR,-0.7,116.1,0.0,1,1,X,0.0,0.0,0.0,0.0,0.0,0.0,0.0,0.0,29,0.04429605349725603,15,24,-9,0,0,0,0,0,0,0,0,1
1axg,A,256,GLU,-3.5,138.4,-1.0,1,3,X,0.0,0.0,0.0,0.0,0.0,0.0,0.0,0.0,18,0.032639197313767604,9,8,1,0,0,0,0,0,0,0,0,1
1axg,A,257,MET,1.9,162.9,0.0,0,0,X,0.0,0.0,0.0,0.0,0.0,0.0,0.0,0.0,28,0.034970568550465285,11,23,-12,0,0,0,0,0,0,0,0,1
1axg,A,258,SER,-0.8,89.0,0.0,1,1,X,0.0,0.0,0.0,0.0,0.0,0.0,0.0,0.0,28,0.03963331102386066,17,23,-6,0,0,0,0,0,0,0,0,1
1axg,A,259,ASN,-3.5,114.1,0.0,2,2,X,0.0,0.0,0.0,0.0,0.0,0.0,0.0,0.0,19,0.025645083603674543,14,12,2,0,0,0,0,0,0,0,0,1
1axg,A,260,GLY,-0.4,60.1,0.0,0,0,X,0.0,0.0,0.0,0.0,0.0,0.0,0.0,0.0,26,0.03403802005578621,16,25,-9,0,0,0,0,0,0,0,0,1
1axg,A,261,GLY,-0.4,60.1,0.0,0,0,X,0.0,0.0,0.0,0.0,0.0,0.0,0.0,0.0,36,0.048026247475972325,20,27,-7,0,0,0,0,0,0,0,0,1
1axg,A,262,VAL,4.2,140.0,0.0,0,0,X,0.0,0.0,0.0,0.0,0.0,0.0,0.0,0.0,38,0.05502036118606539,20,16,4,0,0,0,0,0,0,0,0,1
1axg,A,263,ASP,-3.5,111.1,-1.0,1,3,X,0.0,0.0,0.0,0.0,0.0,0.0,0.0,0.0,36,0.04989134446533048,23,2,21,0,0,0,0,0,0,0,0,1
1axg,A,264,PHE,2.8,189.9,0.0,0,0,X,0.0,0.0,0.0,0.0,0.0,0.0,0.0,0.0,43,0.053155264196707235,15,9,6,0,0,0,0,0,0,0,0,1
1axg,A,265,SER,-0.8,89.0,0.0,1,1,X,0.0,0.0,0.0,0.0,0.0,0.0,0.0,0.0,42,0.05502036118606539,11,15,-4,0,0,0,0,0,0,0,0,1
1axg,A,266,PHE,2.8,189.9,0.0,0,0,X,0.0,0.0,0.0,0.0,0.0,0.0,0.0,0.0,55,0.05175644145468863,8,13,-5,0,0,0,0,0,0,0,0,1
1axg,A,267,GLU,-3.5,138.4,-1.0,1,3,X,0.0,0.0,0.0,0.0,0.0,0.0,0.0,0.0,40,0.05735173242276307,10,7,3,0,0,0,0,0,0,0,0,1
1axg,A,268,VAL,4.2,140.0,0.0,0,0,X,0.0,0.0,0.0,0.0,0.0,0.0,0.0,0.0,39,0.04476232774459557,13,14,-1,0,0,0,0,0,0,0,0,1
1axg,A,269,ILE,4.5,166.7,0.0,0,0,X,0.0,0.0,0.0,0.0,0.0,0.0,0.0,0.0,30,0.03870076252918159,25,24,1,0,0,0,0,0,0,0,0,1
1axg,A,270,GLY,-0.4,60.1,0.0,0,0,X,0.0,0.0,0.0,0.0,0.0,0.0,0.0,0.0,29,0.04429605349725603,25,18,7,0,0,0,0,0,0,0,0,1
1axg,A,271,ARG,-4.5,173.4,1.0,5,0,X,0.0,0.0,0.0,0.0,0.0,0.0,0.0,0.0,23,0.03870076252918159,2,16,-14,0,0,0,0,0,0,0,0,1
1axg,A,272,LEU,3.8,166.7,0.0,0,0,X,0.0,0.0,0.0,0.0,0.0,0.0,0.0,0.0,28,0.04476232774459557,11,14,-3,0,0,0,0,0,0,0,0,1
1axg,A,273,ASP,-3.5,111.1,-1.0,1,3,X,0.0,0.0,0.0,0.0,0.0,0.0,0.0,0.0,21,0.03124037457174899,11,6,5,0,0,0,0,0,0,0,0,1
1axg,A,274,THR,-0.7,116.1,0.0,1,1,X,0.0,0.0,0.0,0.0,0.0,0.0,0.0,0.0,33,0.04103213376587927,11,17,-6,0,0,0,0,0,0,0,0,1
1axg,A,275,MET,1.9,162.9,0.0,0,0,X,0.0,0.0,0.0,0.0,0.0,0.0,0.0,0.0,37,0.05455408693872585,12,17,-5,0,0,0,0,0,0,0,0,1
1axg,A,276,VAL,4.2,140.0,0.0,0,0,X,0.0,0.0,0.0,0.0,0.0,0.0,0.0,0.0,28,0.04429605349725603,10,14,-4,0,0,0,0,0,0,0,0,1
1axg,A,277,THR,-0.7,116.1,0.0,1,1,X,0.0,0.0,0.0,0.0,0.0,0.0,0.0,0.0,35,0.04289723075523742,10,21,-11,0,0,0,0,0,0,0,0,1
1axg,A,278,ALA,1.8,88.6,0.0,0,0,X,0.0,0.0,0.0,0.0,0.0,0.0,0.0,0.0,44,0.053621538444046775,9,16,-7,0,0,0,0,0,0,0,0,1
1axg,A,279,LEU,3.8,166.7,0.0,0,0,X,0.0,0.0,0.0,0.0,0.0,0.0,0.0,0.0,42,0.053621538444046775,15,12,3,0,0,0,0,0,0,0,0,1
1axg,A,280,SER,-0.8,89.0,0.0,1,1,X,0.0,0.0,0.0,0.0,0.0,0.0,0.0,0.0,38,0.040099585271200194,10,18,-8,0,0,0,0,0,0,0,0,1
1axg,A,281,CYS,2.5,108.5,0.0,1,0,X,0.0,0.0,0.0,0.0,0.0,0.0,0.0,0.0,42,0.05035761871267001,10,19,-9,0,0,0,0,0,0,0,0,1
1axg,A,282,CYS,2.5,108.5,0.0,1,0,X,0.0,0.0,0.0,0.0,0.0,0.0,0.0,0.0,39,0.05781800667010261,16,18,-2,0,0,0,0,0,0,0,0,1
1axg,A,283,GLN,-3.5,143.8,0.0,2,2,X,0.0,0.0,0.0,0.0,0.0,0.0,0.0,0.0,37,0.050823892960009553,29,18,11,0,0,0,0,0,0,0,0,1
1axg,A,284,GLU,-3.5,138.4,-1.0,1,3,X,0.0,0.0,0.0,0.0,0.0,0.0,0.0,0.0,35,0.04942507021799094,17,0,17,0,0,0,0,0,0,0,0,1
1axg,A,285,ALA,1.8,88.6,0.0,0,0,X,0.0,0.0,0.0,0.0,0.0,0.0,0.0,0.0,39,0.050823892960009553,33,21,12,0,0,0,0,0,0,0,0,1
1axg,A,286,TYR,-1.3,193.6,0.0,1,1,X,0.0,0.0,0.0,0.0,0.0,0.0,0.0,0.0,35,0.04755997322863279,37,25,12,0,0,0,0,0,0,0,0,1
1axg,A,287,GLY,-0.4,60.1,0.0,0,0,X,0.0,0.0,0.0,0.0,0.0,0.0,0.0,0.0,34,0.05548663543340492,29,23,6,0,0,0,0,0,0,0,0,1
1axg,A,288,VAL,4.2,140.0,0.0,0,0,X,0.0,0.0,0.0,0.0,0.0,0.0,0.0,0.0,41,0.05035761871267001,33,16,17,0,0,0,0,0,0,0,0,1
1axg,A,289,SER,-0.8,89.0,0.0,1,1,X,0.0,0.0,0.0,0.0,0.0,0.0,0.0,0.0,37,0.05502036118606539,20,12,8,0,0,0,0,0,0,0,0,1
1axg,A,290,VAL,4.2,140.0,0.0,0,0,X,0.0,0.0,0.0,0.0,0.0,0.0,0.0,0.0,45,0.05222271570202816,16,11,5,0,0,0,0,0,0,0,0,1
1axg,A,291,ILE,4.5,166.7,0.0,0,0,X,0.0,0.0,0.0,0.0,0.0,0.0,0.0,0.0,42,0.05222271570202816,15,9,6,0,0,0,0,0,0,0,0,1
1axg,A,292,VAL,4.2,140.0,0.0,0,0,X,0.0,0.0,0.0,0.0,0.0,0.0,0.0,0.0,47,0.048026247475972325,8,9,-1,0,0,0,0,0,0,0,0,1
1axg,A,293,GLY,-0.4,60.1,0.0,0,0,X,0.0,0.0,0.0,0.0,0.0,0.0,0.0,0.0,40,0.03916703677652112,21,9,12,0,0,0,0,0,0,0,0,1
1axg,A,294,VAL,4.2,140.0,0.0,0,0,X,0.0,0.0,0.0,0.0,0.0,0.0,0.0,0.0,38,0.040565859518539735,24,14,10,0,0,0,0,0,0,0,0,1
1axg,A,295,PRO,-1.6,112.7,0.0,0,0,X,0.0,0.0,0.0,0.0,0.0,0.0,0.0,0.0,34,0.04709369898129325,15,14,1,0,0,0,0,0,0,0,0,1
1axg,A,296,PRO,-1.6,112.7,0.0,0,0,X,0.0,0.0,0.0,0.0,0.0,0.0,0.0,0.0,25,0.03730193978716297,19,10,9,0,0,0,0,0,0,0,0,1
1axg,A,297,ASP,-3.5,111.1,-1.0,1,3,X,0.0,0.0,0.0,0.0,0.0,0.0,0.0,0.0,21,0.032172923066428064,4,3,1,0,0,0,0,0,0,0,0,1
1axg,A,298,SER,-0.8,89.0,0.0,1,1,X,0.0,0.0,0.0,0.0,0.0,0.0,0.0,0.0,16,0.023779986614316396,0,8,-8,0,0,0,0,0,0,0,0,1
1axg,A,299,GLN,-3.5,143.8,0.0,2,2,X,0.0,0.0,0.0,0.0,0.0,0.0,0.0,0.0,19,0.030307826077069916,4,9,-5,0,0,0,0,0,0,0,0,1
1axg,A,300,ASN,-3.5,114.1,0.0,2,2,X,0.0,0.0,0.0,0.0,0.0,0.0,0.0,0.0,15,0.03357174580844668,0,4,-4,0,0,0,0,0,0,0,0,1
1axg,A,301,LEU,3.8,166.7,0.0,0,0,X,0.0,0.0,0.0,0.0,0.0,0.0,0.0,0.0,22,0.03823448828184205,3,7,-4,0,0,0,0,0,0,0,0,1
1axg,A,302,SER,-0.8,89.0,0.0,1,1,X,0.0,0.0,0.0,0.0,0.0,0.0,0.0,0.0,15,0.03124037457174899,0,5,-5,0,0,0,0,0,0,0,0,1
1axg,A,303,MET,1.9,162.9,0.0,0,0,X,0.0,0.0,0.0,0.0,0.0,0.0,0.0,0.0,22,0.040099585271200194,1,1,0,0,0,0,0,0,0,0,0,1
1axg,A,304,ASN,-3.5,114.1,0.0,2,2,X,0.0,0.0,0.0,0.0,0.0,0.0,0.0,0.0,23,0.03730193978716297,5,5,0,0,0,0,0,0,0,0,0,1
1axg,A,305,PRO,-1.6,112.7,0.0,0,0,X,0.0,0.0,0.0,0.0,0.0,0.0,0.0,0.0,33,0.048026247475972325,10,7,3,0,0,0,0,0,0,0,0,1
1axg,A,306,MET,1.9,162.9,0.0,0,0,X,0.0,0.0,0.0,0.0,0.0,0.0,0.0,0.0,35,0.0363693912924839,12,12,0,0,0,0,0,0,0,0,0,1
1axg,A,307,LEU,3.8,166.7,0.0,0,0,X,0.0,0.0,0.0,0.0,0.0,0.0,0.0,0.0,35,0.04289723075523742,14,9,5,0,0,0,0,0,0,0,0,1
1axg,A,308,LEU,3.8,166.7,0.0,0,0,X,0.0,0.0,0.0,0.0,0.0,0.0,0.0,0.0,33,0.05595290968074446,20,7,13,0,0,0,0,0,0,0,0,1
1axg,A,309,LEU,3.8,166.7,0.0,0,0,X,0.0,0.0,0.0,0.0,0.0,0.0,0.0,0.0,39,0.04942507021799094,14,12,2,0,0,0,0,0,0,0,0,1
1axg,A,310,SER,-0.8,89.0,0.0,1,1,X,0.0,0.0,0.0,0.0,0.0,0.0,0.0,0.0,35,0.048492521723311866,15,9,6,0,0,0,0,0,0,0,0,1
1axg,A,311,GLY,-0.4,60.1,0.0,0,0,X,0.0,0.0,0.0,0.0,0.0,0.0,0.0,0.0,35,0.0526889899493677,22,13,9,0,0,0,0,0,0,0,0,1
1axg,A,312,ARG,-4.5,173.4,1.0,5,0,X,0.0,0.0,0.0,0.0,0.0,0.0,0.0,0.0,35,0.05408781269138631,7,12,-5,0,0,0,0,0,0,0,0,1
1axg,A,313,THR,-0.7,116.1,0.0,1,1,X,0.0,0.0,0.0,0.0,0.0,0.0,0.0,0.0,29,0.048492521723311866,30,9,21,0,0,0,0,0,0,0,0,1
1axg,A,314,TRP,-0.9,227.8,0.0,1,0,X,0.0,0.0,0.0,0.0,0.0,0.0,0.0,0.0,31,0.05222271570202816,29,4,25,0,0,0,0,0,0,0,0,1
1axg,A,315,LYS,-3.9,168.6,1.0,2,0,X,0.0,0.0,0.0,0.0,0.0,0.0,0.0,0.0,34,0.04942507021799094,17,2,15,0,0,0,0,0,0,0,0,1
1axg,A,316,GLY,-0.4,60.1,0.0,0,0,X,0.0,0.0,0.0,0.0,0.0,0.0,0.0,0.0,43,0.048492521723311866,19,8,11,0,0,0,0,0,0,0,0,1
1axg,A,317,ALA,1.8,88.6,0.0,0,0,X,0.0,0.0,0.0,0.0,0.0,0.0,0.0,0.0,44,0.05035761871267001,20,4,16,0,0,0,0,0,0,0,0,1
1axg,A,318,ILE,4.5,166.7,0.0,0,0,X,0.0,0.0,0.0,0.0,0.0,0.0,0.0,0.0,44,0.04616115048661418,4,3,1,0,0,0,0,0,0,0,0,1
1axg,A,319,PHE,2.8,189.9,0.0,0,0,X,0.0,0.0,0.0,0.0,0.0,0.0,0.0,0.0,42,0.048492521723311866,17,3,14,0,0,0,0,0,0,0,0,1
1axg,A,320,GLY,-0.4,60.1,0.0,0,0,X,0.0,0.0,0.0,0.0,0.0,0.0,0.0,0.0,42,0.05129016720734909,16,2,14,0,0,0,0,0,0,0,0,1
1axg,A,321,GLY,-0.4,60.1,0.0,0,0,X,0.0,0.0,0.0,0.0,0.0,0.0,0.0,0.0,42,0.048026247475972325,24,9,15,0,0,0,0,0,0,0,0,1
1axg,A,322,PHE,2.8,189.9,0.0,0,0,X,0.0,0.0,0.0,0.0,0.0,0.0,0.0,0.0,38,0.04662742473395372,29,11,18,0,0,0,0,0,0,0,0,1
1axg,A,323,LYS,-3.9,168.6,1.0,2,0,X,0.0,0.0,0.0,0.0,0.0,0.0,0.0,0.0,31,0.04616115048661418,26,14,12,0,0,0,0,0,0,0,0,1
1axg,A,324,SER,-0.8,89.0,0.0,1,1,X,0.0,0.0,0.0,0.0,0.0,0.0,0.0,0.0,39,0.05129016720734909,26,9,17,0,0,0,0,0,0,0,0,1
1axg,A,325,LYS,-3.9,168.6,1.0,2,0,X,0.0,0.0,0.0,0.0,0.0,0.0,0.0,0.0,31,0.043363505002576956,19,18,1,0,0,0,0,0,0,0,0,1
1axg,A,326,ASP,-3.5,111.1,-1.0,1,3,X,0.0,0.0,0.0,0.0,0.0,0.0,0.0,0.0,25,0.032172923066428064,31,0,31,0,0,0,0,0,0,0,0,1
1axg,A,327,SER,-0.8,89.0,0.0,1,1,X,0.0,0.0,0.0,0.0,0.0,0.0,0.0,0.0,30,0.03963331102386066,30,13,17,0,0,0,0,0,0,0,0,1
1axg,A,328,VAL,4.2,140.0,0.0,0,0,X,0.0,0.0,0.0,0.0,0.0,0.0,0.0,0.0,38,0.05175644145468863,29,14,15,0,0,0,0,0,0,0,0,1
1axg,A,329,PRO,-1.6,112.7,0.0,0,0,X,0.0,0.0,0.0,0.0,0.0,0.0,0.0,0.0,30,0.040099585271200194,29,23,6,0,0,0,0,0,0,0,0,1
1axg,A,330,LYS,-3.9,168.6,1.0,2,0,X,0.0,0.0,0.0,0.0,0.0,0.0,0.0,0.0,21,0.03170664881908853,11,17,-6,0,0,0,0,0,0,0,0,1
1axg,A,331,LEU,3.8,166.7,0.0,0,0,X,0.0,0.0,0.0,0.0,0.0,0.0,0.0,0.0,34,0.043829779249916496,20,14,6,0,0,0,0,0,0,0,0,1
1axg,A,332,VAL,4.2,140.0,0.0,0,0,X,0.0,0.0,0.0,0.0,0.0,0.0,0.0,0.0,37,0.05175644145468863,25,18,7,0,0,0,0,0,0,0,0,1
1axg,A,333,ALA,1.8,88.6,0.0,0,0,X,0.0,0.0,0.0,0.0,0.0,0.0,0.0,0.0,25,0.03590311704514436,23,17,6,0,0,0,0,0,0,0,0,1
1axg,A,334,ASP,-3.5,111.1,-1.0,1,3,X,0.0,0.0,0.0,0.0,0.0,0.0,0.0,0.0,22,0.03823448828184205,23,0,23,0,0,0,0,0,0,0,0,1
1axg,A,335,PHE,2.8,189.9,0.0,0,0,X,0.0,0.0,0.0,0.0,0.0,0.0,0.0,0.0,31,0.04429605349725603,28,15,13,0,0,0,0,0,0,0,0,1
1axg,A,336,MET,1.9,162.9,0.0,0,0,X,0.0,0.0,0.0,0.0,0.0,0.0,0.0,0.0,25,0.034970568550465285,27,16,11,0,0,0,0,0,0,0,0,1
1axg,A,337,ALA,1.8,88.6,0.0,0,0,X,0.0,0.0,0.0,0.0,0.0,0.0,0.0,0.0,16,0.030307826077069916,30,8,22,0,0,0,0,0,0,0,0,1
1axg,A,338,LYS,-3.9,168.6,1.0,2,0,X,0.0,0.0,0.0,0.0,0.0,0.0,0.0,0.0,23,0.03683566553982344,20,12,8,0,0,0,0,0,0,0,0,1
1axg,A,339,LYS,-3.9,168.6,1.0,2,0,X,0.0,0.0,0.0,0.0,0.0,0.0,0.0,0.0,17,0.03124037457174899,11,11,0,0,0,0,0,0,0,0,0,1
1axg,A,340,PHE,2.8,189.9,0.0,0,0,X,0.0,0.0,0.0,0.0,0.0,0.0,0.0,0.0,28,0.035436842797804825,22,11,11,0,0,0,0,0,0,0,0,1
1axg,A,341,ALA,1.8,88.6,0.0,0,0,X,0.0,0.0,0.0,0.0,0.0,0.0,0.0,0.0,29,0.03357174580844668,21,15,6,0,0,0,0,0,0,0,0,1
1axg,A,342,LEU,3.8,166.7,0.0,0,0,X,0.0,0.0,0.0,0.0,0.0,0.0,0.0,0.0,36,0.043829779249916496,20,16,4,0,0,0,0,0,0,0,0,1
1axg,A,343,ASP,-3.5,111.1,-1.0,1,3,X,0.0,0.0,0.0,0.0,0.0,0.0,0.0,0.0,25,0.03170664881908853,19,5,14,0,0,0,0,0,0,0,0,1
1axg,A,344,PRO,-1.6,112.7,0.0,0,0,X,0.0,0.0,0.0,0.0,0.0,0.0,0.0,0.0,25,0.035436842797804825,19,17,2,0,0,0,0,0,0,0,0,1
1axg,A,345,LEU,3.8,166.7,0.0,0,0,X,0.0,0.0,0.0,0.0,0.0,0.0,0.0,0.0,39,0.045694876239274644,27,15,12,0,0,0,0,0,0,0,0,1
1axg,A,346,ILE,4.5,166.7,0.0,0,0,X,0.0,0.0,0.0,0.0,0.0,0.0,0.0,0.0,29,0.04196468226055834,33,15,18,0,0,0,0,0,0,0,0,1
1axg,A,347,THR,-0.7,116.1,0.0,1,1,X,0.0,0.0,0.0,0.0,0.0,0.0,0.0,0.0,24,0.034970568550465285,25,15,10,0,0,0,0,0,0,0,0,1
1axg,A,348,HIS,-3.2,153.2,0.1,2,1,X,0.0,0.0,0.0,0.0,0.0,0.0,0.0,0.0,25,0.03450429430312575,8,15,-7,0,0,0,0,0,0,0,0,1
1axg,A,349,VAL,4.2,140.0,0.0,0,0,X,0.0,0.0,0.0,0.0,0.0,0.0,0.0,0.0,24,0.03310547156110714,19,6,13,0,0,0,0,0,0,0,0,1
1axg,A,350,LEU,3.8,166.7,0.0,0,0,X,0.0,0.0,0.0,0.0,0.0,0.0,0.0,0.0,24,0.03683566553982344,21,18,3,0,0,0,0,0,0,0,0,1
1axg,A,351,PRO,-1.6,112.7,0.0,0,0,X,0.0,0.0,0.0,0.0,0.0,0.0,0.0,0.0,21,0.035436842797804825,12,17,-5,0,0,0,0,0,0,0,0,1
1axg,A,352,PHE,2.8,189.9,0.0,0,0,X,0.0,0.0,0.0,0.0,0.0,0.0,0.0,0.0,35,0.04476232774459557,16,15,1,0,0,0,0,0,0,0,0,1
1axg,A,353,GLU,-3.5,138.4,-1.0,1,3,X,0.0,0.0,0.0,0.0,0.0,0.0,0.0,0.0,20,0.03357174580844668,18,9,9,0,0,0,0,0,0,0,0,1
1axg,A,354,LYS,-3.9,168.6,1.0,2,0,X,0.0,0.0,0.0,0.0,0.0,0.0,0.0,0.0,19,0.0363693912924839,0,22,-22,0,0,0,0,0,0,0,0,1
1axg,A,355,ILE,4.5,166.7,0.0,0,0,X,0.0,0.0,0.0,0.0,0.0,0.0,0.0,0.0,33,0.05129016720734909,12,28,-16,0,0,0,0,0,0,0,0,1
1axg,A,356,ASN,-3.5,114.1,0.0,2,2,X,0.0,0.0,0.0,0.0,0.0,0.0,0.0,0.0,27,0.03963331102386066,19,23,-4,0,0,0,0,0,0,0,0,1
1axg,A,357,GLU,-3.5,138.4,-1.0,1,3,X,0.0,0.0,0.0,0.0,0.0,0.0,0.0,0.0,23,0.03310547156110714,15,14,1,0,0,0,0,0,0,0,0,1
1axg,A,358,GLY,-0.4,60.1,0.0,0,0,X,0.0,0.0,0.0,0.0,0.0,0.0,0.0,0.0,33,0.04989134446533048,32,33,-1,0,0,0,0,0,0,0,0,1
1axg,A,359,PHE,2.8,189.9,0.0,0,0,X,0.0,0.0,0.0,0.0,0.0,0.0,0.0,0.0,34,0.04662742473395372,29,32,-3,0,0,0,0,0,0,0,0,1
1axg,A,360,ASP,-3.5,111.1,-1.0,1,3,X,0.0,0.0,0.0,0.0,0.0,0.0,0.0,0.0,21,0.034970568550465285,19,22,-3,0,0,0,0,0,0,0,0,1
1axg,A,361,LEU,3.8,166.7,0.0,0,0,X,0.0,0.0,0.0,0.0,0.0,0.0,0.0,0.0,25,0.03963331102386066,31,25,6,0,0,0,0,0,0,0,0,1
1axg,A,362,LEU,3.8,166.7,0.0,0,0,X,0.0,0.0,0.0,0.0,0.0,0.0,0.0,0.0,29,0.045228601991935104,44,33,11,0,0,0,0,0,0,0,0,1
1axg,A,363,ARG,-4.5,173.4,1.0,5,0,X,0.0,0.0,0.0,0.0,0.0,0.0,0.0,0.0,23,0.030774100324409453,17,26,-9,0,0,0,0,0,0,0,0,1
1axg,A,364,SER,-0.8,89.0,0.0,1,1,X,0.0,0.0,0.0,0.0,0.0,0.0,0.0,0.0,19,0.026577632098353617,21,23,-2,0,0,0,0,0,0,0,0,1
1axg,A,365,GLY,-0.4,60.1,0.0,0,0,X,0.0,0.0,0.0,0.0,0.0,0.0,0.0,0.0,24,0.030774100324409453,27,26,1,0,0,0,0,0,0,0,0,1
1axg,A,366,GLU,-3.5,138.4,-1.0,1,3,X,0.0,0.0,0.0,0.0,0.0,0.0,0.0,0.0,19,0.03124037457174899,19,17,2,0,0,0,0,0,0,0,0,1
1axg,A,367,SER,-0.8,89.0,0.0,1,1,X,0.0,0.0,0.0,0.0,0.0,0.0,0.0,0.0,32,0.03963331102386066,43,20,23,0,0,0,0,0,0,0,0,1
1axg,A,368,ILE,4.5,166.7,0.0,0,0,X,0.0,0.0,0.0,0.0,0.0,0.0,0.0,0.0,39,0.04476232774459557,45,13,32,0,0,0,0,0,0,0,0,1
1axg,A,369,ARG,-4.5,173.4,1.0,5,0,X,0.0,0.0,0.0,0.0,0.0,0.0,0.0,0.0,42,0.04989134446533048,19,15,4,0,0,0,0,0,0,0,0,1
1axg,A,370,THR,-0.7,116.1,0.0,1,1,X,0.0,0.0,0.0,0.0,0.0,0.0,0.0,0.0,37,0.05222271570202816,26,19,7,0,0,0,0,0,0,0,0,1
1axg,A,371,ILE,4.5,166.7,0.0,0,0,X,0.0,0.0,0.0,0.0,0.0,0.0,0.0,0.0,36,0.04942507021799094,27,19,8,0,0,0,0,0,0,0,0,1
1axg,A,372,LEU,3.8,166.7,0.0,0,0,X,0.0,0.0,0.0,0.0,0.0,0.0,0.0,0.0,39,0.050823892960009553,16,24,-8,0,0,0,0,0,0,0,0,1
1axg,A,373,THR,-0.7,116.1,0.0,1,1,X,0.0,0.0,0.0,0.0,0.0,0.0,0.0,0.0,25,0.04149840801321881,10,17,-7,0,0,0,0,0,0,0,0,1
1axg,A,374,PHE,2.8,189.9,0.0,0,0,X,0.0,0.0,0.0,0.0,0.0,0.0,0.0,0.0,32,0.03823448828184205,16,10,6,0,0,0,0,0,0,0,0,1
1axg,B,1,SER,-0.8,89.0,0.0,1,1,X,0.0,0.0,0.0,0.0,0.0,0.0,0.0,0.0,10,0.010724307688809356,11,8,3,0,0,0,0,0,0,0,0,1
1axg,B,2,THR,-0.7,116.1,0.0,1,1,X,0.0,0.0,0.0,0.0,0.0,0.0,0.0,0.0,17,0.02844272908771177,26,9,17,0,0,0,0,0,0,0,0,1
1axg,B,3,ALA,1.8,88.6,0.0,0,0,X,0.0,0.0,0.0,0.0,0.0,0.0,0.0,0.0,18,0.02844272908771177,19,9,10,0,0,0,0,0,0,0,0,1
1axg,B,4,GLY,-0.4,60.1,0.0,0,0,X,0.0,0.0,0.0,0.0,0.0,0.0,0.0,0.0,16,0.025645083603674543,18,7,11,0,0,0,0,0,0,0,0,1
1axg,B,5,LYS,-3.9,168.6,1.0,2,0,X,0.0,0.0,0.0,0.0,0.0,0.0,0.0,0.0,15,0.030774100324409453,14,8,6,0,0,0,0,0,0,0,0,1
1axg,B,6,VAL,4.2,140.0,0.0,0,0,X,0.0,0.0,0.0,0.0,0.0,0.0,0.0,0.0,22,0.03590311704514436,29,12,17,0,0,0,0,0,0,0,0,1
1axg,B,7,ILE,4.5,166.7,0.0,0,0,X,0.0,0.0,0.0,0.0,0.0,0.0,0.0,0.0,29,0.04196468226055834,38,21,17,0,0,0,0,0,0,0,0,1
1axg,B,8,LYS,-3.9,168.6,1.0,2,0,X,0.0,0.0,0.0,0.0,0.0,0.0,0.0,0.0,20,0.03590311704514436,17,20,-3,0,0,0,0,0,0,0,0,1
1axg,B,9,CYS,2.5,108.5,0.0,1,0,X,0.0,0.0,0.0,0.0,0.0,0.0,0.0,0.0,32,0.040099585271200194,22,23,-1,0,0,0,0,0,0,0,0,1
1axg,B,10,LYS,-3.9,168.6,1.0,2,0,X,0.0,0.0,0.0,0.0,0.0,0.0,0.0,0.0,25,0.04289723075523742,7,26,-19,0,0,0,0,0,0,0,0,1
1axg,B,11,ALA,1.8,88.6,0.0,0,0,X,0.0,0.0,0.0,0.0,0.0,0.0,0.0,0.0,37,0.05222271570202816,12,28,-16,0,0,0,0,0,0,0,0,1
1axg,B,12,ALA,1.8,88.6,0.0,0,0,X,0.0,0.0,0.0,0.0,0.0,0.0,0.0,0.0,40,0.05222271570202816,12,18,-6,0,0,0,0,0,0,0,0,1
1axg,B,13,VAL,4.2,140.0,0.0,0,0,X,0.0,0.0,0.0,0.0,0.0,0.0,0.0,0.0,35,0.05408781269138631,21,17,4,0,0,0,0,0,0,0,0,1
1axg,B,14,LEU,3.8,166.7,0.0,0,0,X,0.0,0.0,0.0,0.0,0.0,0.0,0.0,0.0,35,0.05035761871267001,19,26,-7,0,0,0,0,0,0,0,0,1
1axg,B,15,TRP,-0.9,227.8,0.0,1,0,X,0.0,0.0,0.0,0.0,0.0,0.0,0.0,0.0,25,0.03776821403450251,29,20,9,0,0,0,0,0,0,0,0,1
1axg,B,16,GLU,-3.5,138.4,-1.0,1,3,X,0.0,0.0,0.0,0.0,0.0,0.0,0.0,0.0,14,0.03450429430312575,16,9,7,0,0,0,0,0,0,0,0,1
1axg,B,17,GLU,-3.5,138.4,-1.0,1,3,X,0.0,0.0,0.0,0.0,0.0,0.0,0.0,0.0,20,0.03450429430312575,22,12,10,0,0,0,0,0,0,0,0,1
1axg,B,18,LYS,-3.9,168.6,1.0,2,0,X,0.0,0.0,0.0,0.0,0.0,0.0,0.0,0.0,15,0.03124037457174899,17,24,-7,0,0,0,0,0,0,0,0,1
1axg,B,19,LYS,-3.9,168.6,1.0,2,0,X,0.0,0.0,0.0,0.0,0.0,0.0,0.0,0.0,15,0.032172923066428064,12,18,-6,0,0,0,0,0,0,0,0,1
1axg,B,20,PRO,-1.6,112.7,0.0,0,0,X,0.0,0.0,0.0,0.0,0.0,0.0,0.0,0.0,20,0.03310547156110714,20,20,0,0,0,0,0,0,0,0,0,1
1axg,B,21,PHE,2.8,189.9,0.0,0,0,X,0.0,0.0,0.0,0.0,0.0,0.0,0.0,0.0,35,0.04289723075523742,20,31,-11,0,0,0,0,0,0,0,0,1
1axg,B,22,SER,-0.8,89.0,0.0,1,1,X,0.0,0.0,0.0,0.0,0.0,0.0,0.0,0.0,25,0.0363693912924839,17,18,-1,0,0,0,0,0,0,0,0,1
1axg,B,23,ILE,4.5,166.7,0.0,0,0,X,0.0,0.0,0.0,0.0,0.0,0.0,0.0,0.0,26,0.03823448828184205,14,24,-10,0,0,0,0,0,0,0,0,1
1axg,B,24,GLU,-3.5,138.4,-1.0,1,3,X,0.0,0.0,0.0,0.0,0.0,0.0,0.0,0.0,23,0.034970568550465285,19,10,9,0,0,0,0,0,0,0,0,1
1axg,B,25,GLU,-3.5,138.4,-1.0,1,3,X,0.0,0.0,0.0,0.0,0.0,0.0,0.0,0.0,22,0.03450429430312575,25,18,7,0,0,0,0,0,0,0,0,1
1axg,B,26,VAL,4.2,140.0,0.0,0,0,X,0.0,0.0,0.0,0.0,0.0,0.0,0.0,0.0,32,0.04755997322863279,29,27,2,0,0,0,0,0,0,0,0,1
1axg,B,27,GLU,-3.5,138.4,-1.0,1,3,X,0.0,0.0,0.0,0.0,0.0,0.0,0.0,0.0,28,0.04196468226055834,29,11,18,0,0,0,0,0,0,0,0,1
1axg,B,28,VAL,4.2,140.0,0.0,0,0,X,0.0,0.0,0.0,0.0,0.0,0.0,0.0,0.0,35,0.053621538444046775,44,18,26,0,0,0,0,0,0,0,0,1
1axg,B,29,ALA,1.8,88.6,0.0,0,0,X,0.0,0.0,0.0,0.0,0.0,0.0,0.0,0.0,31,0.040565859518539735,46,17,29,0,0,0,0,0,0,0,0,1
1axg,B,30,PRO,-1.6,112.7,0.0,0,0,X,0.0,0.0,0.0,0.0,0.0,0.0,0.0,0.0,30,0.043829779249916496,41,19,22,0,0,0,0,0,0,0,0,1
1axg,B,31,PRO,-1.6,112.7,0.0,0,0,X,0.0,0.0,0.0,0.0,0.0,0.0,0.0,0.0,31,0.04942507021799094,40,29,11,0,0,0,0,0,0,0,0,1
1axg,B,32,LYS,-3.9,168.6,1.0,2,0,X,0.0,0.0,0.0,0.0,0.0,0.0,0.0,0.0,23,0.03450429430312575,23,31,-8,0,0,0,0,0,0,0,0,1
1axg,B,33,ALA,1.8,88.6,0.0,0,0,X,0.0,0.0,0.0,0.0,0.0,0.0,0.0,0.0,22,0.02984155182973038,26,39,-13,0,0,0,0,0,0,0,0,1
1axg,B,34,HIS,-3.2,153.2,0.1,2,1,X,0.0,0.0,0.0,0.0,0.0,0.0,0.0,0.0,24,0.03916703677652112,12,40,-28,0,0,0,0,0,0,0,0,1
1axg,B,35,GLU,-3.5,138.4,-1.0,1,3,X,0.0,0.0,0.0,0.0,0.0,0.0,0.0,0.0,32,0.0526889899493677,39,29,10,0,0,0,0,0,0,0,0,1
1axg,B,36,VAL,4.2,140.0,0.0,0,0,X,0.0,0.0,0.0,0.0,0.0,0.0,0.0,0.0,45,0.05408781269138631,32,41,-9,0,0,0,0,0,0,0,0,1
1axg,B,37,ARG,-4.5,173.4,1.0,5,0,X,0.0,0.0,0.0,0.0,0.0,0.0,0.0,0.0,35,0.05455408693872585,24,19,5,0,0,0,0,0,0,0,0,1
1axg,B,38,ILE,4.5,166.7,0.0,0,0,X,0.0,0.0,0.0,0.0,0.0,0.0,0.0,0.0,45,0.05455408693872585,27,20,7,0,0,0,0,0,0,0,0,1
1axg,B,39,LYS,-3.9,168.6,1.0,2,0,X,0.0,0.0,0.0,0.0,0.0,0.0,0.0,0.0,26,0.04476232774459557,10,12,-2,0,0,0,0,0,0,0,0,1
1axg,B,40,MET,1.9,162.9,0.0,0,0,X,0.0,0.0,0.0,0.0,0.0,0.0,0.0,0.0,40,0.0526889899493677,17,6,11,0,0,0,0,0,0,0,0,1
1axg,B,41,VAL,4.2,140.0,0.0,0,0,X,0.0,0.0,0.0,0.0,0.0,0.0,0.0,0.0,35,0.04149840801321881,18,12,6,0,0,0,0,0,0,0,0,1
1axg,B,42,ALA,1.8,88.6,0.0,0,0,X,0.0,0.0,0.0,0.0,0.0,0.0,0.0,0.0,41,0.05035761871267001,16,17,-1,0,0,0,0,0,0,0,0,1
1axg,B,43,THR,-0.7,116.1,0.0,1,1,X,0.0,0.0,0.0,0.0,0.0,0.0,0.0,0.0,44,0.05781800667010261,23,19,4,0,0,0,0,0,0,0,0,1
1axg,B,44,GLY,-0.4,60.1,0.0,0,0,X,0.0,0.0,0.0,0.0,0.0,0.0,0.0,0.0,47,0.05035761871267001,30,20,10,0,0,0,0,0,0,0,0,1
1axg,B,45,ILE,4.5,166.7,0.0,0,0,X,0.0,0.0,0.0,0.0,0.0,0.0,0.0,0.0,46,0.0526889899493677,45,31,14,0,0,0,0,0,0,0,0,1
1axg,B,46,CYS,2.5,108.5,0.0,1,0,X,0.0,0.0,0.0,0.0,0.0,0.0,0.0,0.0,41,0.045228601991935104,41,25,16,0,0,0,0,0,0,0,0,1
1axg,B,47,ARG,-4.5,173.4,1.0,5,0,X,0.0,0.0,0.0,0.0,0.0,0.0,0.0,0.0,33,0.03450429430312575,31,18,13,0,0,0,0,0,0,0,0,1
1axg,B,48,SER,-0.8,89.0,0.0,1,1,X,0.0,0.0,0.0,0.0,0.0,0.0,0.0,0.0,39,0.040565859518539735,34,23,11,0,0,0,0,0,0,0,0,1
1axg,B,49,ASP,-3.5,111.1,-1.0,1,3,X,0.0,0.0,0.0,0.0,0.0,0.0,0.0,0.0,38,0.0526889899493677,38,17,21,0,0,0,0,0,0,0,0,1
1axg,B,50,ASP,-3.5,111.1,-1.0,1,3,X,0.0,0.0,0.0,0.0,0.0,0.0,0.0,0.0,30,0.048026247475972325,42,14,28,0,0,0,0,0,0,0,0,1
1axg,B,51,HIS,-3.2,153.2,0.1,2,1,X,0.0,0.0,0.0,0.0,0.0,0.0,0.0,0.0,32,0.04243095650789788,19,21,-2,0,0,0,0,0,0,0,0,1
1axg,B,52,VAL,4.2,140.0,0.0,0,0,X,0.0,0.0,0.0,0.0,0.0,0.0,0.0,0.0,37,0.05129016720734909,30,30,0,0,0,0,0,0,0,0,0,1
1axg,B,53,VAL,4.2,140.0,0.0,0,0,X,0.0,0.0,0.0,0.0,0.0,0.0,0.0,0.0,31,0.04662742473395372,36,29,7,0,0,0,0,0,0,0,0,1
1axg,B,54,SER,-0.8,89.0,0.0,1,1,X,0.0,0.0,0.0,0.0,0.0,0.0,0.0,0.0,24,0.035436842797804825,36,26,10,0,0,0,0,0,0,0,0,1
1axg,B,55,GLY,-0.4,60.1,0.0,0,0,X,0.0,0.0,0.0,0.0,0.0,0.0,0.0,0.0,24,0.0363693912924839,19,29,-10,0,0,0,0,0,0,0,0,1
1axg,B,56,THR,-0.7,116.1,0.0,1,1,X,0.0,0.0,0.0,0.0,0.0,0.0,0.0,0.0,27,0.03870076252918159,23,25,-2,0,0,0,0,0,0,0,0,1
1axg,B,57,LEU,3.8,166.7,0.0,0,0,X,0.0,0.0,0.0,0.0,0.0,0.0,0.0,0.0,34,0.043363505002576956,17,25,-8,0,0,0,0,0,0,0,0,1
1axg,B,58,VAL,4.2,140.0,0.0,0,0,X,0.0,0.0,0.0,0.0,0.0,0.0,0.0,0.0,28,0.03170664881908853,9,16,-7,0,0,0,0,0,0,0,0,1
1axg,B,59,THR,-0.7,116.1,0.0,1,1,X,0.0,0.0,0.0,0.0,0.0,0.0,0.0,0.0,32,0.035436842797804825,25,18,7,0,0,0,0,0,0,0,0,1
1axg,B,60,PRO,-1.6,112.7,0.0,0,0,X,0.0,0.0,0.0,0.0,0.0,0.0,0.0,0.0,23,0.032172923066428064,24,6,18,0,0,0,0,0,0,0,0,1
1axg,B,61,LEU,3.8,166.7,0.0,0,0,X,0.0,0.0,0.0,0.0,0.0,0.0,0.0,0.0,26,0.035436842797804825,17,17,0,0,0,0,0,0,0,0,0,1
1axg,B,62,PRO,-1.6,112.7,0.0,0,0,X,0.0,0.0,0.0,0.0,0.0,0.0,0.0,0.0,27,0.04103213376587927,25,9,16,0,0,0,0,0,0,0,0,1
1axg,B,63,VAL,4.2,140.0,0.0,0,0,X,0.0,0.0,0.0,0.0,0.0,0.0,0.0,0.0,39,0.053155264196707235,22,12,10,0,0,0,0,0,0,0,0,1
1axg,B,64,ILE,4.5,166.7,0.0,0,0,X,0.0,0.0,0.0,0.0,0.0,0.0,0.0,0.0,49,0.05455408693872585,27,5,22,0,0,0,0,0,0,0,0,1
1axg,B,65,ALA,1.8,88.6,0.0,0,0,X,0.0,0.0,0.0,0.0,0.0,0.0,0.0,0.0,45,0.05688545817542354,24,16,8,0,0,0,0,0,0,0,0,1
1axg,B,66,GLY,-0.4,60.1,0.0,0,0,X,0.0,0.0,0.0,0.0,0.0,0.0,0.0,0.0,45,0.05502036118606539,21,19,2,0,0,0,0,0,0,0,0,1
1axg,B,67,HIS,-3.2,153.2,0.1,2,1,X,0.0,0.0,0.0,0.0,0.0,0.0,0.0,0.0,44,0.06108192640147937,10,18,-8,0,0,0,0,0,0,0,0,1
1axg,B,68,GLU,-3.5,138.4,-1.0,1,3,X,0.0,0.0,0.0,0.0,0.0,0.0,0.0,0.0,48,0.05781800667010261,24,8,16,0,0,0,0,0,0,0,0,1
1axg,B,69,ALA,1.8,88.6,0.0,0,0,X,0.0,0.0,0.0,0.0,0.0,0.0,0.0,0.0,53,0.05548663543340492,18,16,2,0,0,0,0,0,0,0,0,1
1axg,B,70,ALA,1.8,88.6,0.0,0,0,X,0.0,0.0,0.0,0.0,0.0,0.0,0.0,0.0,45,0.05455408693872585,24,18,6,0,0,0,0,0,0,0,0,1
1axg,B,71,GLY,-0.4,60.1,0.0,0,0,X,0.0,0.0,0.0,0.0,0.0,0.0,0.0,0.0,41,0.048026247475972325,27,17,10,0,0,0,0,0,0,0,0,1
1axg,B,72,ILE,4.5,166.7,0.0,0,0,X,0.0,0.0,0.0,0.0,0.0,0.0,0.0,0.0,32,0.043829779249916496,29,17,12,0,0,0,0,0,0,0,0,1
1axg,B,73,VAL,4.2,140.0,0.0,0,0,X,0.0,0.0,0.0,0.0,0.0,0.0,0.0,0.0,34,0.05222271570202816,35,19,16,0,0,0,0,0,0,0,0,1
1axg,B,74,GLU,-3.5,138.4,-1.0,1,3,X,0.0,0.0,0.0,0.0,0.0,0.0,0.0,0.0,32,0.043363505002576956,28,6,22,0,0,0,0,0,0,0,0,1
1axg,B,75,SER,-0.8,89.0,0.0,1,1,X,0.0,0.0,0.0,0.0,0.0,0.0,0.0,0.0,33,0.04289723075523742,29,20,9,0,0,0,0,0,0,0,0,1
1axg,B,76,ILE,4.5,166.7,0.0,0,0,X,0.0,0.0,0.0,0.0,0.0,0.0,0.0,0.0,31,0.04429605349725603,29,33,-4,0,0,0,0,0,0,0,0,1
1axg,B,77,GLY,-0.4,60.1,0.0,0,0,X,0.0,0.0,0.0,0.0,0.0,0.0,0.0,0.0,27,0.040565859518539735,32,30,2,0,0,0,0,0,0,0,0,1
1axg,B,78,GLU,-3.5,138.4,-1.0,1,3,X,0.0,0.0,0.0,0.0,0.0,0.0,0.0,0.0,14,0.02844272908771177,20,13,7,0,0,0,0,0,0,0,0,1
1axg,B,79,GLY,-0.4,60.1,0.0,0,0,X,0.0,0.0,0.0,0.0,0.0,0.0,0.0,0.0,18,0.03124037457174899,22,28,-6,0,0,0,0,0,0,0,0,1
1axg,B,80,VAL,4.2,140.0,0.0,0,0,X,0.0,0.0,0.0,0.0,0.0,0.0,0.0,0.0,27,0.040565859518539735,29,28,1,0,0,0,0,0,0,0,0,1
1axg,B,81,THR,-0.7,116.1,0.0,1,1,X,0.0,0.0,0.0,0.0,0.0,0.0,0.0,0.0,24,0.02984155182973038,36,17,19,0,0,0,0,0,0,0,0,1
1axg,B,82,THR,-0.7,116.1,0.0,1,1,X,0.0,0.0,0.0,0.0,0.0,0.0,0.0,0.0,31,0.03124037457174899,40,21,19,0,0,0,0,0,0,0,0,1
1axg,B,83,VAL,4.2,140.0,0.0,0,0,X,0.0,0.0,0.0,0.0,0.0,0.0,0.0,0.0,32,0.04429605349725603,35,26,9,0,0,0,0,0,0,0,0,1
1axg,B,84,ARG,-4.5,173.4,1.0,5,0,X,0.0,0.0,0.0,0.0,0.0,0.0,0.0,0.0,16,0.03730193978716297,8,11,-3,0,0,0,0,0,0,0,0,1
1axg,B,85,PRO,-1.6,112.7,0.0,0,0,X,0.0,0.0,0.0,0.0,0.0,0.0,0.0,0.0,20,0.030774100324409453,23,17,6,0,0,0,0,0,0,0,0,1
1axg,B,86,GLY,-0.4,60.1,0.0,0,0,X,0.0,0.0,0.0,0.0,0.0,0.0,0.0,0.0,22,0.025645083603674543,32,15,17,0,0,0,0,0,0,0,0,1
1axg,B,87,ASP,-3.5,111.1,-1.0,1,3,X,0.0,0.0,0.0,0.0,0.0,0.0,0.0,0.0,28,0.040099585271200194,33,9,24,0,0,0,0,0,0,0,0,1
1axg,B,88,LYS,-3.9,168.6,1.0,2,0,X,0.0,0.0,0.0,0.0,0.0,0.0,0.0,0.0,31,0.04616115048661418,15,18,-3,0,0,0,0,0,0,0,0,1
1axg,B,89,VAL,4.2,140.0,0.0,0,0,X,0.0,0.0,0.0,0.0,0.0,0.0,0.0,0.0,44,0.04942507021799094,33,16,17,0,0,0,0,0,0,0,0,1
1axg,B,90,ILE,4.5,166.7,0.0,0,0,X,0.0,0.0,0.0,0.0,0.0,0.0,0.0,0.0,47,0.04989134446533048,28,10,18,0,0,0,0,0,0,0,0,1
1axg,B,91,PRO,-1.6,112.7,0.0,0,0,X,0.0,0.0,0.0,0.0,0.0,0.0,0.0,0.0,52,0.05222271570202816,20,12,8,0,0,0,0,0,0,0,0,1
1axg,B,92,LEU,3.8,166.7,0.0,0,0,X,0.0,0.0,0.0,0.0,0.0,0.0,0.0,0.0,45,0.05408781269138631,22,15,7,0,0,0,0,0,0,0,0,1
1axg,B,93,PHE,2.8,189.9,0.0,0,0,X,0.0,0.0,0.0,0.0,0.0,0.0,0.0,0.0,47,0.04755997322863279,12,16,-4,0,0,0,0,0,0,0,0,1
1axg,B,94,THR,-0.7,116.1,0.0,1,1,X,0.0,0.0,0.0,0.0,0.0,0.0,0.0,0.0,44,0.053621538444046775,25,6,19,0,0,0,0,0,0,0,0,1
1axg,B,95,PRO,-1.6,112.7,0.0,0,0,X,0.0,0.0,0.0,0.0,0.0,0.0,0.0,0.0,38,0.048958795970651406,23,18,5,0,0,0,0,0,0,0,0,1
1axg,B,96,GLN,-3.5,143.8,0.0,2,2,X,0.0,0.0,0.0,0.0,0.0,0.0,0.0,0.0,35,0.04942507021799094,32,12,20,0,0,0,0,0,0,0,0,1
1axg,B,97,CYS,2.5,108.5,0.0,1,0,X,0.0,0.0,0.0,0.0,0.0,0.0,0.0,0.0,28,0.03590311704514436,46,14,32,0,0,0,0,0,0,0,0,1
1axg,B,98,GLY,-0.4,60.1,0.0,0,0,X,0.0,0.0,0.0,0.0,0.0,0.0,0.0,0.0,22,0.02984155182973038,53,5,48,0,0,0,0,0,0,0,0,1
1axg,B,99,LYS,-3.9,168.6,1.0,2,0,X,0.0,0.0,0.0,0.0,0.0,0.0,0.0,0.0,15,0.02471253510899547,27,6,21,0,0,0,0,0,0,0,0,1
1axg,B,100,CYS,2.5,108.5,0.0,1,0,X,0.0,0.0,0.0,0.0,0.0,0.0,0.0,0.0,24,0.032639197313767604,48,0,48,0,0,0,0,0,0,0,0,1
1axg,B,101,ARG,-4.5,173.4,1.0,5,0,X,0.0,0.0,0.0,0.0,0.0,0.0,0.0,0.0,28,0.03310547156110714,24,13,11,0,0,0,0,0,0,0,0,1
1axg,B,102,VAL,4.2,140.0,0.0,0,0,X,0.0,0.0,0.0,0.0,0.0,0.0,0.0,0.0,32,0.048958795970651406,45,15,30,0,0,0,0,0,0,0,0,1
1axg,B,103,CYS,2.5,108.5,0.0,1,0,X,0.0,0.0,0.0,0.0,0.0,0.0,0.0,0.0,28,0.04662742473395372,50,9,41,0,0,0,0,0,0,0,0,1
1axg,B,104,LYS,-3.9,168.6,1.0,2,0,X,0.0,0.0,0.0,0.0,0.0,0.0,0.0,0.0,21,0.030774100324409453,34,2,32,0,0,0,0,0,0,0,0,1
1axg,B,105,HIS,-3.2,153.2,0.1,2,1,X,0.0,0.0,0.0,0.0,0.0,0.0,0.0,0.0,21,0.03310547156110714,27,15,12,0,0,0,0,0,0,0,0,1
1axg,B,106,PRO,-1.6,112.7,0.0,0,0,X,0.0,0.0,0.0,0.0,0.0,0.0,0.0,0.0,21,0.023779986614316396,32,11,21,0,0,0,0,0,0,0,0,1
1axg,B,107,GLU,-3.5,138.4,-1.0,1,3,X,0.0,0.0,0.0,0.0,0.0,0.0,0.0,0.0,28,0.030774100324409453,36,1,35,0,0,0,0,0,0,0,0,1
1axg,B,108,GLY,-0.4,60.1,0.0,0,0,X,0.0,0.0,0.0,0.0,0.0,0.0,0.0,0.0,36,0.04942507021799094,39,13,26,0,0,0,0,0,0,0,0,1
1axg,B,109,ASN,-3.5,114.1,0.0,2,2,X,0.0,0.0,0.0,0.0,0.0,0.0,0.0,0.0,41,0.0526889899493677,28,12,16,0,0,0,0,0,0,0,0,1
1axg,B,110,PHE,2.8,189.9,0.0,0,0,X,0.0,0.0,0.0,0.0,0.0,0.0,0.0,0.0,38,0.053621538444046775,14,14,0,0,0,0,0,0,0,0,0,1
1axg,B,111,CYS,2.5,108.5,0.0,1,0,X,0.0,0.0,0.0,0.0,0.0,0.0,0.0,0.0,35,0.048026247475972325,31,9,22,0,0,0,0,0,0,0,0,1
1axg,B,112,LEU,3.8,166.7,0.0,0,0,X,0.0,0.0,0.0,0.0,0.0,0.0,0.0,0.0,29,0.03683566553982344,25,12,13,0,0,0,0,0,0,0,0,1
1axg,B,113,LYS,-3.9,168.6,1.0,2,0,X,0.0,0.0,0.0,0.0,0.0,0.0,0.0,0.0,26,0.03170664881908853,13,13,0,0,0,0,0,0,0,0,0,1
1axg,B,114,ASN,-3.5,114.1,0.0,2,2,X,0.0,0.0,0.0,0.0,0.0,0.0,0.0,0.0,31,0.04429605349725603,18,13,5,0,0,0,0,0,0,0,0,1
1axg,B,115,ASP,-3.5,111.1,-1.0,1,3,X,0.0,0.0,0.0,0.0,0.0,0.0,0.0,0.0,31,0.04149840801321881,27,1,26,0,0,0,0,0,0,0,0,1
1axg,B,116,LEU,3.8,166.7,0.0,0,0,X,0.0,0.0,0.0,0.0,0.0,0.0,0.0,0.0,32,0.03730193978716297,8,11,-3,0,0,0,0,0,0,0,0,1
1axg,B,117,SER,-0.8,89.0,0.0,1,1,X,0.0,0.0,0.0,0.0,0.0,0.0,0.0,0.0,25,0.02984155182973038,10,14,-4,0,0,0,0,0,0,0,0,1
1axg,B,118,MET,1.9,162.9,0.0,0,0,X,0.0,0.0,0.0,0.0,0.0,0.0,0.0,0.0,15,0.022847438119637322,13,11,2,0,0,0,0,0,0,0,0,1
1axg,B,119,PRO,-1.6,112.7,0.0,0,0,X,0.0,0.0,0.0,0.0,0.0,0.0,0.0,0.0,23,0.034970568550465285,20,10,10,0,0,0,0,0,0,0,0,1
1axg,B,120,ARG,-4.5,173.4,1.0,5,0,X,0.0,0.0,0.0,0.0,0.0,0.0,0.0,0.0,24,0.03310547156110714,19,15,4,0,0,0,0,0,0,0,0,1
1axg,B,121,GLY,-0.4,60.1,0.0,0,0,X,0.0,0.0,0.0,0.0,0.0,0.0,0.0,0.0,32,0.048026247475972325,35,12,23,0,0,0,0,0,0,0,0,1
1axg,B,122,THR,-0.7,116.1,0.0,1,1,X,0.0,0.0,0.0,0.0,0.0,0.0,0.0,0.0,32,0.045694876239274644,42,24,18,0,0,0,0,0,0,0,0,1
1axg,B,123,MET,1.9,162.9,0.0,0,0,X,0.0,0.0,0.0,0.0,0.0,0.0,0.0,0.0,34,0.04755997322863279,50,32,18,0,0,0,0,0,0,0,0,1
1axg,B,124,GLN,-3.5,143.8,0.0,2,2,X,0.0,0.0,0.0,0.0,0.0,0.0,0.0,0.0,26,0.03124037457174899,28,34,-6,0,0,0,0,0,0,0,0,1
1axg,B,125,ASP,-3.5,111.1,-1.0,1,3,X,0.0,0.0,0.0,0.0,0.0,0.0,0.0,0.0,15,0.02797645484037223,32,13,19,0,0,0,0,0,0,0,0,1
1axg,B,126,GLY,-0.4,60.1,0.0,0,0,X,0.0,0.0,0.0,0.0,0.0,0.0,0.0,0.0,15,0.027510180593032695,37,18,19,0,0,0,0,0,0,0,0,1
1axg,B,127,THR,-0.7,116.1,0.0,1,1,X,0.0,0.0,0.0,0.0,0.0,0.0,0.0,0.0,20,0.03124037457174899,45,15,30,0,0,0,0,0,0,0,0,1
1axg,B,128,SER,-0.8,89.0,0.0,1,1,X,0.0,0.0,0.0,0.0,0.0,0.0,0.0,0.0,30,0.04429605349725603,40,14,26,0,0,0,0,0,0,0,0,1
1axg,B,129,ARG,-4.5,173.4,1.0,5,0,X,0.0,0.0,0.0,0.0,0.0,0.0,0.0,0.0,33,0.04662742473395372,29,26,3,0,0,0,0,0,0,0,0,1
1axg,B,130,PHE,2.8,189.9,0.0,0,0,X,0.0,0.0,0.0,0.0,0.0,0.0,0.0,0.0,43,0.04616115048661418,38,10,28,0,0,0,0,0,0,0,0,1
1axg,B,131,THR,-0.7,116.1,0.0,1,1,X,0.0,0.0,0.0,0.0,0.0,0.0,0.0,0.0,25,0.04149840801321881,35,17,18,0,0,0,0,0,0,0,0,1
1axg,B,132,CYS,2.5,108.5,0.0,1,0,X,0.0,0.0,0.0,0.0,0.0,0.0,0.0,0.0,27,0.04476232774459557,26,26,0,0,0,0,0,0,0,0,0,1
1axg,B,133,ARG,-4.5,173.4,1.0,5,0,X,0.0,0.0,0.0,0.0,0.0,0.0,0.0,0.0,15,0.025645083603674543,9,20,-11,0,0,0,0,0,0,0,0,1
1axg,B,134,GLY,-0.4,60.1,0.0,0,0,X,0.0,0.0,0.0,0.0,0.0,0.0,0.0,0.0,13,0.021914889624958248,18,12,6,0,0,0,0,0,0,0,0,1
1axg,B,135,LYS,-3.9,168.6,1.0,2,0,X,0.0,0.0,0.0,0.0,0.0,0.0,0.0,0.0,17,0.02611135785101408,14,3,11,0,0,0,0,0,0,0,0,1
1axg,B,136,PRO,-1.6,112.7,0.0,0,0,X,0.0,0.0,0.0,0.0,0.0,0.0,0.0,0.0,23,0.035436842797804825,34,6,28,0,0,0,0,0,0,0,0,1
1axg,B,137,ILE,4.5,166.7,0.0,0,0,X,0.0,0.0,0.0,0.0,0.0,0.0,0.0,0.0,34,0.053155264196707235,41,9,32,0,0,0,0,0,0,0,0,1
1axg,B,138,HIS,-3.2,153.2,0.1,2,1,X,0.0,0.0,0.0,0.0,0.0,0.0,0.0,0.0,32,0.05222271570202816,25,3,22,0,0,0,0,0,0,0,0,1
1axg,B,139,HIS,-3.2,153.2,0.1,2,1,X,0.0,0.0,0.0,0.0,0.0,0.0,0.0,0.0,38,0.05781800667010261,28,11,17,0,0,0,0,0,0,0,0,1
1axg,B,140,PHE,2.8,189.9,0.0,0,0,X,0.0,0.0,0.0,0.0,0.0,0.0,0.0,0.0,41,0.05129016720734909,34,19,15,0,0,0,0,0,0,0,0,1
1axg,B,141,LEU,3.8,166.7,0.0,0,0,X,0.0,0.0,0.0,0.0,0.0,0.0,0.0,0.0,42,0.04709369898129325,25,16,9,0,0,0,0,0,0,0,0,1
1axg,B,142,GLY,-0.4,60.1,0.0,0,0,X,0.0,0.0,0.0,0.0,0.0,0.0,0.0,0.0,42,0.053621538444046775,28,19,9,0,0,0,0,0,0,0,0,1
1axg,B,143,THR,-0.7,116.1,0.0,1,1,X,0.0,0.0,0.0,0.0,0.0,0.0,0.0,0.0,41,0.053155264196707235,22,20,2,0,0,0,0,0,0,0,0,1
1axg,B,144,SER,-0.8,89.0,0.0,1,1,X,0.0,0.0,0.0,0.0,0.0,0.0,0.0,0.0,45,0.05688545817542354,29,9,20,0,0,0,0,0,0,0,0,1
1axg,B,145,THR,-0.7,116.1,0.0,1,1,X,0.0,0.0,0.0,0.0,0.0,0.0,0.0,0.0,48,0.056419183928083996,19,13,6,0,0,0,0,0,0,0,0,1
1axg,B,146,PHE,2.8,189.9,0.0,0,0,X,0.0,0.0,0.0,0.0,0.0,0.0,0.0,0.0,44,0.05408781269138631,14,15,-1,0,0,0,0,0,0,0,0,1
1axg,B,147,SER,-0.8,89.0,0.0,1,1,X,0.0,0.0,0.0,0.0,0.0,0.0,0.0,0.0,43,0.05408781269138631,20,11,9,0,0,0,0,0,0,0,0,1
1axg,B,148,GLN,-3.5,143.8,0.0,2,2,X,0.0,0.0,0.0,0.0,0.0,0.0,0.0,0.0,30,0.04755997322863279,23,14,9,0,0,0,0,0,0,0,0,1
1axg,B,149,TYR,-1.3,193.6,0.0,1,1,X,0.0,0.0,0.0,0.0,0.0,0.0,0.0,0.0,36,0.05455408693872585,32,13,19,0,0,0,0,0,0,0,0,1
1axg,B,150,THR,-0.7,116.1,0.0,1,1,X,0.0,0.0,0.0,0.0,0.0,0.0,0.0,0.0,48,0.0526889899493677,33,15,18,0,0,0,0,0,0,0,0,1
1axg,B,151,VAL,4.2,140.0,0.0,0,0,X,0.0,0.0,0.0,0.0,0.0,0.0,0.0,0.0,45,0.056419183928083996,41,27,14,0,0,0,0,0,0,0,0,1
1axg,B,152,VAL,4.2,140.0,0.0,0,0,X,0.0,0.0,0.0,0.0,0.0,0.0,0.0,0.0,47,0.0526889899493677,32,25,7,0,0,0,0,0,0,0,0,1
1axg,B,153,ASP,-3.5,111.1,-1.0,1,3,X,0.0,0.0,0.0,0.0,0.0,0.0,0.0,0.0,40,0.04289723075523742,39,25,14,0,0,0,0,0,0,0,0,1
1axg,B,154,GLU,-3.5,138.4,-1.0,1,3,X,0.0,0.0,0.0,0.0,0.0,0.0,0.0,0.0,36,0.04289723075523742,24,21,3,0,0,0,0,0,0,0,0,1
1axg,B,155,ILE,4.5,166.7,0.0,0,0,X,0.0,0.0,0.0,0.0,0.0,0.0,0.0,0.0,36,0.04243095650789788,30,24,6,0,0,0,0,0,0,0,0,1
1axg,B,156,SER,-0.8,89.0,0.0,1,1,X,0.0,0.0,0.0,0.0,0.0,0.0,0.0,0.0,41,0.048958795970651406,19,23,-4,0,0,0,0,0,0,0,0,1
1axg,B,157,VAL,4.2,140.0,0.0,0,0,X,0.0,0.0,0.0,0.0,0.0,0.0,0.0,0.0,43,0.050823892960009553,28,26,2,0,0,0,0,0,0,0,0,1
1axg,B,158,ALA,1.8,88.6,0.0,0,0,X,0.0,0.0,0.0,0.0,0.0,0.0,0.0,0.0,40,0.048026247475972325,28,25,3,0,0,0,0,0,0,0,0,1
1axg,B,159,LYS,-3.9,168.6,1.0,2,0,X,0.0,0.0,0.0,0.0,0.0,0.0,0.0,0.0,27,0.04149840801321881,24,17,7,0,0,0,0,0,0,0,0,1
1axg,B,160,ILE,4.5,166.7,0.0,0,0,X,0.0,0.0,0.0,0.0,0.0,0.0,0.0,0.0,37,0.043829779249916496,24,17,7,0,0,0,0,0,0,0,0,1
1axg,B,161,ASP,-3.5,111.1,-1.0,1,3,X,0.0,0.0,0.0,0.0,0.0,0.0,0.0,0.0,24,0.03357174580844668,22,8,14,0,0,0,0,0,0,0,0,1
1axg,B,162,ALA,1.8,88.6,0.0,0,0,X,0.0,0.0,0.0,0.0,0.0,0.0,0.0,0.0,16,0.02611135785101408,17,16,1,0,0,0,0,0,0,0,0,1
1axg,B,163,ALA,1.8,88.6,0.0,0,0,X,0.0,0.0,0.0,0.0,0.0,0.0,0.0,0.0,14,0.02144861537761871,9,10,-1,0,0,0,0,0,0,0,0,1
1axg,B,164,SER,-0.8,89.0,0.0,1,1,X,0.0,0.0,0.0,0.0,0.0,0.0,0.0,0.0,29,0.0363693912924839,18,18,0,0,0,0,0,0,0,0,0,1
1axg,B,165,PRO,-1.6,112.7,0.0,0,0,X,0.0,0.0,0.0,0.0,0.0,0.0,0.0,0.0,26,0.03170664881908853,14,20,-6,0,0,0,0,0,0,0,0,1
1axg,B,166,LEU,3.8,166.7,0.0,0,0,X,0.0,0.0,0.0,0.0,0.0,0.0,0.0,0.0,39,0.04243095650789788,20,18,2,0,0,0,0,0,0,0,0,1
1axg,B,167,GLU,-3.5,138.4,-1.0,1,3,X,0.0,0.0,0.0,0.0,0.0,0.0,0.0,0.0,29,0.04149840801321881,13,5,8,0,0,0,0,0,0,0,0,1
1axg,B,168,LYS,-3.9,168.6,1.0,2,0,X,0.0,0.0,0.0,0.0,0.0,0.0,0.0,0.0,28,0.04149840801321881,1,17,-16,0,0,0,0,0,0,0,0,1
1axg,B,169,VAL,4.2,140.0,0.0,0,0,X,0.0,0.0,0.0,0.0,0.0,0.0,0.0,0.0,42,0.05129016720734909,17,25,-8,0,0,0,0,0,0,0,0,1
1axg,B,170,CYS,2.5,108.5,0.0,1,0,X,0.0,0.0,0.0,0.0,0.0,0.0,0.0,0.0,42,0.0526889899493677,18,18,0,0,0,0,0,0,0,0,0,1
1axg,B,171,LEU,3.8,166.7,0.0,0,0,X,0.0,0.0,0.0,0.0,0.0,0.0,0.0,0.0,45,0.053155264196707235,22,19,3,0,0,0,0,0,0,0,0,1
1axg,B,172,ILE,4.5,166.7,0.0,0,0,X,0.0,0.0,0.0,0.0,0.0,0.0,0.0,0.0,46,0.05129016720734909,13,15,-2,0,0,0,0,0,0,0,0,1
1axg,B,173,GLY,-0.4,60.1,0.0,0,0,X,0.0,0.0,0.0,0.0,0.0,0.0,0.0,0.0,46,0.053621538444046775,17,9,8,0,0,0,0,0,0,0,0,1
1axg,B,174,CYS,2.5,108.5,0.0,1,0,X,0.0,0.0,0.0,0.0,0.0,0.0,0.0,0.0,46,0.048026247475972325,19,12,7,0,0,0,0,0,0,0,0,1
1axg,B,175,GLY,-0.4,60.1,0.0,0,0,X,0.0,0.0,0.0,0.0,0.0,0.0,0.0,0.0,44,0.04755997322863279,20,9,11,0,0,0,0,0,0,0,0,1
1axg,B,176,PHE,2.8,189.9,0.0,0,0,X,0.0,0.0,0.0,0.0,0.0,0.0,0.0,0.0,42,0.05455408693872585,8,6,2,0,0,0,0,0,0,0,0,1
1axg,B,177,SER,-0.8,89.0,0.0,1,1,X,0.0,0.0,0.0,0.0,0.0,0.0,0.0,0.0,45,0.05222271570202816,9,4,5,0,0,0,0,0,0,0,0,1
1axg,B,178,THR,-0.7,116.1,0.0,1,1,X,0.0,0.0,0.0,0.0,0.0,0.0,0.0,0.0,48,0.05455408693872585,10,4,6,0,0,0,0,0,0,0,0,1
1axg,B,179,GLY,-0.4,60.1,0.0,0,0,X,0.0,0.0,0.0,0.0,0.0,0.0,0.0,0.0,45,0.05408781269138631,6,3,3,0,0,0,0,0,0,0,0,1
1axg,B,180,TYR,-1.3,193.6,0.0,1,1,X,0.0,0.0,0.0,0.0,0.0,0.0,0.0,0.0,40,0.05502036118606539,16,3,13,0,0,0,0,0,0,0,0,1
1axg,B,181,GLY,-0.4,60.1,0.0,0,0,X,0.0,0.0,0.0,0.0,0.0,0.0,0.0,0.0,38,0.050823892960009553,18,0,18,0,0,0,0,0,0,0,0,1
1axg,B,182,SER,-0.8,89.0,0.0,1,1,X,0.0,0.0,0.0,0.0,0.0,0.0,0.0,0.0,45,0.05735173242276307,26,4,22,0,0,0,0,0,0,0,0,1
1axg,B,183,ALA,1.8,88.6,0.0,0,0,X,0.0,0.0,0.0,0.0,0.0,0.0,0.0,0.0,45,0.05595290968074446,25,0,25,0,0,0,0,0,0,0,0,1
1axg,B,184,VAL,4.2,140.0,0.0,0,0,X,0.0,0.0,0.0,0.0,0.0,0.0,0.0,0.0,32,0.043829779249916496,23,0,23,0,0,0,0,0,0,0,0,1
1axg,B,185,LYS,-3.9,168.6,1.0,2,0,X,0.0,0.0,0.0,0.0,0.0,0.0,0.0,0.0,29,0.03590311704514436,18,9,9,0,0,0,0,0,0,0,0,1
1axg,B,186,VAL,4.2,140.0,0.0,0,0,X,0.0,0.0,0.0,0.0,0.0,0.0,0.0,0.0,38,0.04103213376587927,30,7,23,0,0,0,0,0,0,0,0,1
1axg,B,187,ALA,1.8,88.6,0.0,0,0,X,0.0,0.0,0.0,0.0,0.0,0.0,0.0,0.0,35,0.04429605349725603,25,4,21,0,0,0,0,0,0,0,0,1
1axg,B,188,LYS,-3.9,168.6,1.0,2,0,X,0.0,0.0,0.0,0.0,0.0,0.0,0.0,0.0,22,0.0363693912924839,14,2,12,0,0,0,0,0,0,0,0,1
1axg,B,189,VAL,4.2,140.0,0.0,0,0,X,0.0,0.0,0.0,0.0,0.0,0.0,0.0,0.0,37,0.04662742473395372,23,8,15,0,0,0,0,0,0,0,0,1
1axg,B,190,THR,-0.7,116.1,0.0,1,1,X,0.0,0.0,0.0,0.0,0.0,0.0,0.0,0.0,25,0.03170664881908853,16,8,8,0,0,0,0,0,0,0,0,1
1axg,B,191,GLN,-3.5,143.8,0.0,2,2,X,0.0,0.0,0.0,0.0,0.0,0.0,0.0,0.0,17,0.025645083603674543,7,0,7,0,0,0,0,0,0,0,0,1
1axg,B,192,GLY,-0.4,60.1,0.0,0,0,X,0.0,0.0,0.0,0.0,0.0,0.0,0.0,0.0,17,0.026577632098353617,12,7,5,0,0,0,0,0,0,0,0,1
1axg,B,193,SER,-0.8,89.0,0.0,1,1,X,0.0,0.0,0.0,0.0,0.0,0.0,0.0,0.0,28,0.03916703677652112,20,8,12,0,0,0,0,0,0,0,0,1
1axg,B,194,THR,-0.7,116.1,0.0,1,1,X,0.0,0.0,0.0,0.0,0.0,0.0,0.0,0.0,36,0.04616115048661418,16,12,4,0,0,0,0,0,0,0,0,1
1axg,B,195,CYS,2.5,108.5,0.0,1,0,X,0.0,0.0,0.0,0.0,0.0,0.0,0.0,0.0,43,0.05129016720734909,15,15,0,0,0,0,0,0,0,0,0,1
1axg,B,196,ALA,1.8,88.6,0.0,0,0,X,0.0,0.0,0.0,0.0,0.0,0.0,0.0,0.0,48,0.04989134446533048,11,19,-8,0,0,0,0,0,0,0,0,1
1axg,B,197,VAL,4.2,140.0,0.0,0,0,X,0.0,0.0,0.0,0.0,0.0,0.0,0.0,0.0,48,0.053621538444046775,2,18,-16,0,0,0,0,0,0,0,0,1
1axg,B,198,PHE,2.8,189.9,0.0,0,0,X,0.0,0.0,0.0,0.0,0.0,0.0,0.0,0.0,41,0.04709369898129325,7,19,-12,0,0,0,0,0,0,0,0,1
1axg,B,199,GLY,-0.4,60.1,0.0,0,0,X,0.0,0.0,0.0,0.0,0.0,0.0,0.0,0.0,37,0.04289723075523742,10,17,-7,0,0,0,0,0,0,0,0,1
1axg,B,200,LEU,3.8,166.7,0.0,0,0,X,0.0,0.0,0.0,0.0,0.0,0.0,0.0,0.0,41,0.04662742473395372,24,17,7,0,0,0,0,0,0,0,0,1
1axg,B,201,GLY,-0.4,60.1,0.0,0,0,X,0.0,0.0,0.0,0.0,0.0,0.0,0.0,0.0,41,0.03683566553982344,36,10,26,0,0,0,0,0,0,0,0,1
1axg,B,202,GLY,-0.4,60.1,0.0,0,0,X,0.0,0.0,0.0,0.0,0.0,0.0,0.0,0.0,43,0.04243095650789788,25,5,20,0,0,0,0,0,0,0,0,1
1axg,B,203,ALA,1.8,88.6,0.0,0,0,X,0.0,0.0,0.0,0.0,0.0,0.0,0.0,0.0,42,0.04429605349725603,14,8,6,0,0,0,0,0,0,0,0,1
1axg,B,204,GLY,-0.4,60.1,0.0,0,0,X,0.0,0.0,0.0,0.0,0.0,0.0,0.0,0.0,42,0.045694876239274644,14,8,6,0,0,0,0,0,0,0,0,1
1axg,B,205,LEU,3.8,166.7,0.0,0,0,X,0.0,0.0,0.0,0.0,0.0,0.0,0.0,0.0,43,0.05035761871267001,30,13,17,0,0,0,0,0,0,0,0,1
1axg,B,206,SER,-0.8,89.0,0.0,1,1,X,0.0,0.0,0.0,0.0,0.0,0.0,0.0,0.0,45,0.04942507021799094,9,1,8,0,0,0,0,0,0,0,0,1
1axg,B,207,VAL,4.2,140.0,0.0,0,0,X,0.0,0.0,0.0,0.0,0.0,0.0,0.0,0.0,49,0.053621538444046775,5,4,1,0,0,0,0,0,0,0,0,1
1axg,B,208,ILE,4.5,166.7,0.0,0,0,X,0.0,0.0,0.0,0.0,0.0,0.0,0.0,0.0,47,0.05035761871267001,23,7,16,0,0,0,0,0,0,0,0,1
1axg,B,209,MET,1.9,162.9,0.0,0,0,X,0.0,0.0,0.0,0.0,0.0,0.0,0.0,0.0,39,0.04709369898129325,15,5,10,0,0,0,0,0,0,0,0,1
1axg,B,210,GLY,-0.4,60.1,0.0,0,0,X,0.0,0.0,0.0,0.0,0.0,0.0,0.0,0.0,40,0.048958795970651406,17,0,17,0,0,0,0,0,0,0,0,1
1axg,B,211,CYS,2.5,108.5,0.0,1,0,X,0.0,0.0,0.0,0.0,0.0,0.0,0.0,0.0,41,0.053621538444046775,19,0,19,0,0,0,0,0,0,0,0,1
1axg,B,212,LYS,-3.9,168.6,1.0,2,0,X,0.0,0.0,0.0,0.0,0.0,0.0,0.0,0.0,31,0.03590311704514436,7,3,4,0,0,0,0,0,0,0,0,1
1axg,B,213,ALA,1.8,88.6,0.0,0,0,X,0.0,0.0,0.0,0.0,0.0,0.0,0.0,0.0,28,0.029375277582390842,15,0,15,0,0,0,0,0,0,0,0,1
1axg,B,214,ALA,1.8,88.6,0.0,0,0,X,0.0,0.0,0.0,0.0,0.0,0.0,0.0,0.0,27,0.0363693912924839,16,0,16,0,0,0,0,0,0,0,0,1
1axg,B,215,GLY,-0.4,60.1,0.0,0,0,X,0.0,0.0,0.0,0.0,0.0,0.0,0.0,0.0,25,0.03357174580844668,16,0,16,0,0,0,0,0,0,0,0,1
1axg,B,216,ALA,1.8,88.6,0.0,0,0,X,0.0,0.0,0.0,0.0,0.0,0.0,0.0,0.0,31,0.04476232774459557,18,6,12,0,0,0,0,0,0,0,0,1
1axg,B,217,ALA,1.8,88.6,0.0,0,0,X,0.0,0.0,0.0,0.0,0.0,0.0,0.0,0.0,23,0.02984155182973038,18,8,10,0,0,0,0,0,0,0,0,1
1axg,B,218,ARG,-4.5,173.4,1.0,5,0,X,0.0,0.0,0.0,0.0,0.0,0.0,0.0,0.0,27,0.03683566553982344,3,17,-14,0,0,0,0,0,0,0,0,1
1axg,B,219,ILE,4.5,166.7,0.0,0,0,X,0.0,0.0,0.0,0.0,0.0,0.0,0.0,0.0,40,0.048492521723311866,28,10,18,0,0,0,0,0,0,0,0,1
1axg,B,220,ILE,4.5,166.7,0.0,0,0,X,0.0,0.0,0.0,0.0,0.0,0.0,0.0,0.0,40,0.04942507021799094,14,11,3,0,0,0,0,0,0,0,0,1
1axg,B,221,GLY,-0.4,60.1,0.0,0,0,X,0.0,0.0,0.0,0.0,0.0,0.0,0.0,0.0,42,0.056419183928083996,22,17,5,0,0,0,0,0,0,0,0,1
1axg,B,222,VAL,4.2,140.0,0.0,0,0,X,0.0,0.0,0.0,0.0,0.0,0.0,0.0,0.0,41,0.05035761871267001,7,19,-12,0,0,0,0,0,0,0,0,1
1axg,B,223,ASP,-3.5,111.1,-1.0,1,3,X,0.0,0.0,0.0,0.0,0.0,0.0,0.0,0.0,32,0.048492521723311866,16,10,6,0,0,0,0,0,0,0,0,1
1axg,B,224,ILE,4.5,166.7,0.0,0,0,X,0.0,0.0,0.0,0.0,0.0,0.0,0.0,0.0,21,0.03403802005578621,20,18,2,0,0,0,0,0,0,0,0,1
1axg,B,225,ASN,-3.5,114.1,0.0,2,2,X,0.0,0.0,0.0,0.0,0.0,0.0,0.0,0.0,26,0.03590311704514436,19,25,-6,0,0,0,0,0,0,0,0,1
1axg,B,226,LYS,-3.9,168.6,1.0,2,0,X,0.0,0.0,0.0,0.0,0.0,0.0,0.0,0.0,17,0.03450429430312575,11,22,-11,0,0,0,0,0,0,0,0,1
1axg,B,227,ASP,-3.5,111.1,-1.0,1,3,X,0.0,0.0,0.0,0.0,0.0,0.0,0.0,0.0,16,0.02844272908771177,24,15,9,0,0,0,0,0,0,0,0,1
1axg,B,228,LYS,-3.9,168.6,1.0,2,0,X,0.0,0.0,0.0,0.0,0.0,0.0,0.0,0.0,34,0.04196468226055834,20,22,-2,0,0,0,0,0,0,0,0,1
1axg,B,229,PHE,2.8,189.9,0.0,0,0,X,0.0,0.0,0.0,0.0,0.0,0.0,0.0,0.0,29,0.04476232774459557,33,26,7,0,0,0,0,0,0,0,0,1
1axg,B,230,ALA,1.8,88.6,0.0,0,0,X,0.0,0.0,0.0,0.0,0.0,0.0,0.0,0.0,19,0.028909003335051305,32,20,12,0,0,0,0,0,0,0,0,1
1axg,B,231,LYS,-3.9,168.6,1.0,2,0,X,0.0,0.0,0.0,0.0,0.0,0.0,0.0,0.0,30,0.034970568550465285,20,18,2,0,0,0,0,0,0,0,0,1
1axg,B,232,ALA,1.8,88.6,0.0,0,0,X,0.0,0.0,0.0,0.0,0.0,0.0,0.0,0.0,35,0.04755997322863279,29,21,8,0,0,0,0,0,0,0,0,1
1axg,B,233,LYS,-3.9,168.6,1.0,2,0,X,0.0,0.0,0.0,0.0,0.0,0.0,0.0,0.0,22,0.03776821403450251,14,19,-5,0,0,0,0,0,0,0,0,1
1axg,B,234,GLU,-3.5,138.4,-1.0,1,3,X,0.0,0.0,0.0,0.0,0.0,0.0,0.0,0.0,18,0.026577632098353617,22,3,19,0,0,0,0,0,0,0,0,1
1axg,B,235,VAL,4.2,140.0,0.0,0,0,X,0.0,0.0,0.0,0.0,0.0,0.0,0.0,0.0,32,0.03963331102386066,27,10,17,0,0,0,0,0,0,0,0,1
1axg,B,236,GLY,-0.4,60.1,0.0,0,0,X,0.0,0.0,0.0,0.0,0.0,0.0,0.0,0.0,32,0.03776821403450251,30,14,16,0,0,0,0,0,0,0,0,1
1axg,B,237,ALA,1.8,88.6,0.0,0,0,X,0.0,0.0,0.0,0.0,0.0,0.0,0.0,0.0,31,0.04476232774459557,33,15,18,0,0,0,0,0,0,0,0,1
1axg,B,238,THR,-0.7,116.1,0.0,1,1,X,0.0,0.0,0.0,0.0,0.0,0.0,0.0,0.0,24,0.03170664881908853,27,12,15,0,0,0,0,0,0,0,0,1
1axg,B,239,GLU,-3.5,138.4,-1.0,1,3,X,0.0,0.0,0.0,0.0,0.0,0.0,0.0,0.0,26,0.03450429430312575,20,0,20,0,0,0,0,0,0,0,0,1
1axg,B,240,CYS,2.5,108.5,0.0,1,0,X,0.0,0.0,0.0,0.0,0.0,0.0,0.0,0.0,35,0.04289723075523742,24,23,1,0,0,0,0,0,0,0,0,1
1axg,B,241,VAL,4.2,140.0,0.0,0,0,X,0.0,0.0,0.0,0.0,0.0,0.0,0.0,0.0,32,0.04103213376587927,10,25,-15,0,0,0,0,0,0,0,0,1
1axg,B,242,ASN,-3.5,114.1,0.0,2,2,X,0.0,0.0,0.0,0.0,0.0,0.0,0.0,0.0,22,0.043363505002576956,13,17,-4,0,0,0,0,0,0,0,0,1
1axg,B,243,PRO,-1.6,112.7,0.0,0,0,X,0.0,0.0,0.0,0.0,0.0,0.0,0.0,0.0,26,0.04196468226055834,13,16,-3,0,0,0,0,0,0,0,0,1
1axg,B,244,GLN,-3.5,143.8,0.0,2,2,X,0.0,0.0,0.0,0.0,0.0,0.0,0.0,0.0,14,0.027510180593032695,12,14,-2,0,0,0,0,0,0,0,0,1
1axg,B,245,ASP,-3.5,111.1,-1.0,1,3,X,0.0,0.0,0.0,0.0,0.0,0.0,0.0,0.0,15,0.024246260861655933,19,2,17,0,0,0,0,0,0,0,0,1
1axg,B,246,TYR,-1.3,193.6,0.0,1,1,X,0.0,0.0,0.0,0.0,0.0,0.0,0.0,0.0,19,0.02984155182973038,18,17,1,0,0,0,0,0,0,0,0,1
1axg,B,247,LYS,-3.9,168.6,1.0,2,0,X,0.0,0.0,0.0,0.0,0.0,0.0,0.0,0.0,10,0.02098234113027917,9,7,2,0,0,0,0,0,0,0,0,1
1axg,B,248,LYS,-3.9,168.6,1.0,2,0,X,0.0,0.0,0.0,0.0,0.0,0.0,0.0,0.0,14,0.02471253510899547,9,21,-12,0,0,0,0,0,0,0,0,1
1axg,B,249,PRO,-1.6,112.7,0.0,0,0,X,0.0,0.0,0.0,0.0,0.0,0.0,0.0,0.0,14,0.030307826077069916,15,15,0,0,0,0,0,0,0,0,0,1
1axg,B,250,ILE,4.5,166.7,0.0,0,0,X,0.0,0.0,0.0,0.0,0.0,0.0,0.0,0.0,29,0.04196468226055834,13,23,-10,0,0,0,0,0,0,0,0,1
1axg,B,251,GLN,-3.5,143.8,0.0,2,2,X,0.0,0.0,0.0,0.0,0.0,0.0,0.0,0.0,25,0.03823448828184205,11,17,-6,0,0,0,0,0,0,0,0,1
1axg,B,252,GLU,-3.5,138.4,-1.0,1,3,X,0.0,0.0,0.0,0.0,0.0,0.0,0.0,0.0,15,0.03357174580844668,13,9,4,0,0,0,0,0,0,0,0,1
1axg,B,253,VAL,4.2,140.0,0.0,0,0,X,0.0,0.0,0.0,0.0,0.0,0.0,0.0,0.0,28,0.04196468226055834,15,20,-5,0,0,0,0,0,0,0,0,1
1axg,B,254,LEU,3.8,166.7,0.0,0,0,X,0.0,0.0,0.0,0.0,0.0,0.0,0.0,0.0,37,0.045228601991935104,11,19,-8,0,0,0,0,0,0,0,0,1
1axg,B,255,THR,-0.7,116.1,0.0,1,1,X,0.0,0.0,0.0,0.0,0.0,0.0,0.0,0.0,25,0.04103213376587927,13,19,-6,0,0,0,0,0,0,0,0,1
1axg,B,256,GLU,-3.5,138.4,-1.0,1,3,X,0.0,0.0,0.0,0.0,0.0,0.0,0.0,0.0,15,0.03170664881908853,8,9,-1,0,0,0,0,0,0,0,0,1
1axg,B,257,MET,1.9,162.9,0.0,0,0,X,0.0,0.0,0.0,0.0,0.0,0.0,0.0,0.0,28,0.03357174580844668,10,23,-13,0,0,0,0,0,0,0,0,1
1axg,B,258,SER,-0.8,89.0,0.0,1,1,X,0.0,0.0,0.0,0.0,0.0,0.0,0.0,0.0,27,0.03870076252918159,17,24,-7,0,0,0,0,0,0,0,0,1
1axg,B,259,ASN,-3.5,114.1,0.0,2,2,X,0.0,0.0,0.0,0.0,0.0,0.0,0.0,0.0,20,0.026577632098353617,14,12,2,0,0,0,0,0,0,0,0,1
1axg,B,260,GLY,-0.4,60.1,0.0,0,0,X,0.0,0.0,0.0,0.0,0.0,0.0,0.0,0.0,26,0.03450429430312575,17,27,-10,0,0,0,0,0,0,0,0,1
1axg,B,261,GLY,-0.4,60.1,0.0,0,0,X,0.0,0.0,0.0,0.0,0.0,0.0,0.0,0.0,36,0.045228601991935104,19,26,-7,0,0,0,0,0,0,0,0,1
1axg,B,262,VAL,4.2,140.0,0.0,0,0,X,0.0,0.0,0.0,0.0,0.0,0.0,0.0,0.0,39,0.053155264196707235,22,13,9,0,0,0,0,0,0,0,0,1
1axg,B,263,ASP,-3.5,111.1,-1.0,1,3,X,0.0,0.0,0.0,0.0,0.0,0.0,0.0,0.0,36,0.048958795970651406,22,1,21,0,0,0,0,0,0,0,0,1
1axg,B,264,PHE,2.8,189.9,0.0,0,0,X,0.0,0.0,0.0,0.0,0.0,0.0,0.0,0.0,42,0.05222271570202816,17,8,9,0,0,0,0,0,0,0,0,1
1axg,B,265,SER,-0.8,89.0,0.0,1,1,X,0.0,0.0,0.0,0.0,0.0,0.0,0.0,0.0,42,0.05502036118606539,11,14,-3,0,0,0,0,0,0,0,0,1
1axg,B,266,PHE,2.8,189.9,0.0,0,0,X,0.0,0.0,0.0,0.0,0.0,0.0,0.0,0.0,54,0.053621538444046775,8,13,-5,0,0,0,0,0,0,0,0,1
1axg,B,267,GLU,-3.5,138.4,-1.0,1,3,X,0.0,0.0,0.0,0.0,0.0,0.0,0.0,0.0,39,0.05688545817542354,10,6,4,0,0,0,0,0,0,0,0,1
1axg,B,268,VAL,4.2,140.0,0.0,0,0,X,0.0,0.0,0.0,0.0,0.0,0.0,0.0,0.0,39,0.043363505002576956,12,15,-3,0,0,0,0,0,0,0,0,1
1axg,B,269,ILE,4.5,166.7,0.0,0,0,X,0.0,0.0,0.0,0.0,0.0,0.0,0.0,0.0,31,0.03823448828184205,27,24,3,0,0,0,0,0,0,0,0,1
1axg,B,270,GLY,-0.4,60.1,0.0,0,0,X,0.0,0.0,0.0,0.0,0.0,0.0,0.0,0.0,29,0.04476232774459557,27,18,9,0,0,0,0,0,0,0,0,1
1axg,B,271,ARG,-4.5,173.4,1.0,5,0,X,0.0,0.0,0.0,0.0,0.0,0.0,0.0,0.0,21,0.03776821403450251,3,16,-13,0,0,0,0,0,0,0,0,1
1axg,B,272,LEU,3.8,166.7,0.0,0,0,X,0.0,0.0,0.0,0.0,0.0,0.0,0.0,0.0,27,0.04476232774459557,11,16,-5,0,0,0,0,0,0,0,0,1
1axg,B,273,ASP,-3.5,111.1,-1.0,1,3,X,0.0,0.0,0.0,0.0,0.0,0.0,0.0,0.0,21,0.030774100324409453,11,6,5,0,0,0,0,0,0,0,0,1
1axg,B,274,THR,-0.7,116.1,0.0,1,1,X,0.0,0.0,0.0,0.0,0.0,0.0,0.0,0.0,33,0.04103213376587927,11,17,-6,0,0,0,0,0,0,0,0,1
1axg,B,275,MET,1.9,162.9,0.0,0,0,X,0.0,0.0,0.0,0.0,0.0,0.0,0.0,0.0,38,0.053155264196707235,13,17,-4,0,0,0,0,0,0,0,0,1
1axg,B,276,VAL,4.2,140.0,0.0,0,0,X,0.0,0.0,0.0,0.0,0.0,0.0,0.0,0.0,28,0.04476232774459557,10,15,-5,0,0,0,0,0,0,0,0,1
1axg,B,277,THR,-0.7,116.1,0.0,1,1,X,0.0,0.0,0.0,0.0,0.0,0.0,0.0,0.0,34,0.040099585271200194,7,18,-11,0,0,0,0,0,0,0,0,1
1axg,B,278,ALA,1.8,88.6,0.0,0,0,X,0.0,0.0,0.0,0.0,0.0,0.0,0.0,0.0,43,0.05408781269138631,10,15,-5,0,0,0,0,0,0,0,0,1
1axg,B,279,LEU,3.8,166.7,0.0,0,0,X,0.0,0.0,0.0,0.0,0.0,0.0,0.0,0.0,40,0.05408781269138631,15,12,3,0,0,0,0,0,0,0,0,1
1axg,B,280,SER,-0.8,89.0,0.0,1,1,X,0.0,0.0,0.0,0.0,0.0,0.0,0.0,0.0,36,0.03963331102386066,10,12,-2,0,0,0,0,0,0,0,0,1
1axg,B,281,CYS,2.5,108.5,0.0,1,0,X,0.0,0.0,0.0,0.0,0.0,0.0,0.0,0.0,43,0.05129016720734909,10,16,-6,0,0,0,0,0,0,0,0,1
1axg,B,282,CYS,2.5,108.5,0.0,1,0,X,0.0,0.0,0.0,0.0,0.0,0.0,0.0,0.0,38,0.05455408693872585,16,17,-1,0,0,0,0,0,0,0,0,1
1axg,B,283,GLN,-3.5,143.8,0.0,2,2,X,0.0,0.0,0.0,0.0,0.0,0.0,0.0,0.0,37,0.05035761871267001,29,19,10,0,0,0,0,0,0,0,0,1
1axg,B,284,GLU,-3.5,138.4,-1.0,1,3,X,0.0,0.0,0.0,0.0,0.0,0.0,0.0,0.0,36,0.048958795970651406,18,0,18,0,0,0,0,0,0,0,0,1
1axg,B,285,ALA,1.8,88.6,0.0,0,0,X,0.0,0.0,0.0,0.0,0.0,0.0,0.0,0.0,38,0.05222271570202816,34,17,17,0,0,0,0,0,0,0,0,1
1axg,B,286,TYR,-1.3,193.6,0.0,1,1,X,0.0,0.0,0.0,0.0,0.0,0.0,0.0,0.0,35,0.04429605349725603,39,25,14,0,0,0,0,0,0,0,0,1
1axg,B,287,GLY,-0.4,60.1,0.0,0,0,X,0.0,0.0,0.0,0.0,0.0,0.0,0.0,0.0,34,0.056419183928083996,33,19,14,0,0,0,0,0,0,0,0,1
1axg,B,288,VAL,4.2,140.0,0.0,0,0,X,0.0,0.0,0.0,0.0,0.0,0.0,0.0,0.0,39,0.04942507021799094,31,13,18,0,0,0,0,0,0,0,0,1
1axg,B,289,SER,-0.8,89.0,0.0,1,1,X,0.0,0.0,0.0,0.0,0.0,0.0,0.0,0.0,38,0.05688545817542354,24,12,12,0,0,0,0,0,0,0,0,1
1axg,B,290,VAL,4.2,140.0,0.0,0,0,X,0.0,0.0,0.0,0.0,0.0,0.0,0.0,0.0,44,0.053621538444046775,15,11,4,0,0,0,0,0,0,0,0,1
1axg,B,291,ILE,4.5,166.7,0.0,0,0,X,0.0,0.0,0.0,0.0,0.0,0.0,0.0,0.0,42,0.05175644145468863,16,9,7,0,0,0,0,0,0,0,0,1
1axg,B,292,VAL,4.2,140.0,0.0,0,0,X,0.0,0.0,0.0,0.0,0.0,0.0,0.0,0.0,49,0.048026247475972325,8,9,-1,0,0,0,0,0,0,0,0,1
1axg,B,293,GLY,-0.4,60.1,0.0,0,0,X,0.0,0.0,0.0,0.0,0.0,0.0,0.0,0.0,40,0.040099585271200194,21,9,12,0,0,0,0,0,0,0,0,1
1axg,B,294,VAL,4.2,140.0,0.0,0,0,X,0.0,0.0,0.0,0.0,0.0,0.0,0.0,0.0,40,0.04103213376587927,25,14,11,0,0,0,0,0,0,0,0,1
1axg,B,295,PRO,-1.6,112.7,0.0,0,0,X,0.0,0.0,0.0,0.0,0.0,0.0,0.0,0.0,34,0.04755997322863279,14,15,-1,0,0,0,0,0,0,0,0,1
1axg,B,296,PRO,-1.6,112.7,0.0,0,0,X,0.0,0.0,0.0,0.0,0.0,0.0,0.0,0.0,26,0.03870076252918159,19,11,8,0,0,0,0,0,0,0,0,1
1axg,B,297,ASP,-3.5,111.1,-1.0,1,3,X,0.0,0.0,0.0,0.0,0.0,0.0,0.0,0.0,21,0.032639197313767604,3,2,1,0,0,0,0,0,0,0,0,1
1axg,B,298,SER,-0.8,89.0,0.0,1,1,X,0.0,0.0,0.0,0.0,0.0,0.0,0.0,0.0,15,0.022381163872297785,0,8,-8,0,0,0,0,0,0,0,0,1
1axg,B,299,GLN,-3.5,143.8,0.0,2,2,X,0.0,0.0,0.0,0.0,0.0,0.0,0.0,0.0,20,0.030774100324409453,5,9,-4,0,0,0,0,0,0,0,0,1
1axg,B,300,ASN,-3.5,114.1,0.0,2,2,X,0.0,0.0,0.0,0.0,0.0,0.0,0.0,0.0,17,0.035436842797804825,0,5,-5,0,0,0,0,0,0,0,0,1
1axg,B,301,LEU,3.8,166.7,0.0,0,0,X,0.0,0.0,0.0,0.0,0.0,0.0,0.0,0.0,22,0.03963331102386066,3,7,-4,0,0,0,0,0,0,0,0,1
1axg,B,302,SER,-0.8,89.0,0.0,1,1,X,0.0,0.0,0.0,0.0,0.0,0.0,0.0,0.0,15,0.03170664881908853,0,5,-5,0,0,0,0,0,0,0,0,1
1axg,B,303,MET,1.9,162.9,0.0,0,0,X,0.0,0.0,0.0,0.0,0.0,0.0,0.0,0.0,22,0.03916703677652112,1,1,0,0,0,0,0,0,0,0,0,1
1axg,B,304,ASN,-3.5,114.1,0.0,2,2,X,0.0,0.0,0.0,0.0,0.0,0.0,0.0,0.0,23,0.0363693912924839,4,7,-3,0,0,0,0,0,0,0,0,1
1axg,B,305,PRO,-1.6,112.7,0.0,0,0,X,0.0,0.0,0.0,0.0,0.0,0.0,0.0,0.0,33,0.04709369898129325,13,8,5,0,0,0,0,0,0,0,0,1
1axg,B,306,MET,1.9,162.9,0.0,0,0,X,0.0,0.0,0.0,0.0,0.0,0.0,0.0,0.0,35,0.03590311704514436,11,14,-3,0,0,0,0,0,0,0,0,1
1axg,B,307,LEU,3.8,166.7,0.0,0,0,X,0.0,0.0,0.0,0.0,0.0,0.0,0.0,0.0,35,0.045228601991935104,15,9,6,0,0,0,0,0,0,0,0,1
1axg,B,308,LEU,3.8,166.7,0.0,0,0,X,0.0,0.0,0.0,0.0,0.0,0.0,0.0,0.0,32,0.05455408693872585,21,6,15,0,0,0,0,0,0,0,0,1
1axg,B,309,LEU,3.8,166.7,0.0,0,0,X,0.0,0.0,0.0,0.0,0.0,0.0,0.0,0.0,39,0.048026247475972325,15,12,3,0,0,0,0,0,0,0,0,1
1axg,B,310,SER,-0.8,89.0,0.0,1,1,X,0.0,0.0,0.0,0.0,0.0,0.0,0.0,0.0,36,0.04709369898129325,15,9,6,0,0,0,0,0,0,0,0,1
1axg,B,311,GLY,-0.4,60.1,0.0,0,0,X,0.0,0.0,0.0,0.0,0.0,0.0,0.0,0.0,35,0.056419183928083996,22,13,9,0,0,0,0,0,0,0,0,1
1axg,B,312,ARG,-4.5,173.4,1.0,5,0,X,0.0,0.0,0.0,0.0,0.0,0.0,0.0,0.0,35,0.05688545817542354,8,12,-4,0,0,0,0,0,0,0,0,1
1axg,B,313,THR,-0.7,116.1,0.0,1,1,X,0.0,0.0,0.0,0.0,0.0,0.0,0.0,0.0,28,0.048026247475972325,30,7,23,0,0,0,0,0,0,0,0,1
1axg,B,314,TRP,-0.9,227.8,0.0,1,0,X,0.0,0.0,0.0,0.0,0.0,0.0,0.0,0.0,30,0.053155264196707235,30,4,26,0,0,0,0,0,0,0,0,1
1axg,B,315,LYS,-3.9,168.6,1.0,2,0,X,0.0,0.0,0.0,0.0,0.0,0.0,0.0,0.0,34,0.04942507021799094,20,2,18,0,0,0,0,0,0,0,0,1
1axg,B,316,GLY,-0.4,60.1,0.0,0,0,X,0.0,0.0,0.0,0.0,0.0,0.0,0.0,0.0,41,0.048492521723311866,19,8,11,0,0,0,0,0,0,0,0,1
1axg,B,317,ALA,1.8,88.6,0.0,0,0,X,0.0,0.0,0.0,0.0,0.0,0.0,0.0,0.0,45,0.048492521723311866,20,5,15,0,0,0,0,0,0,0,0,1
1axg,B,318,ILE,4.5,166.7,0.0,0,0,X,0.0,0.0,0.0,0.0,0.0,0.0,0.0,0.0,44,0.045228601991935104,6,4,2,0,0,0,0,0,0,0,0,1
1axg,B,319,PHE,2.8,189.9,0.0,0,0,X,0.0,0.0,0.0,0.0,0.0,0.0,0.0,0.0,41,0.05175644145468863,18,4,14,0,0,0,0,0,0,0,0,1
1axg,B,320,GLY,-0.4,60.1,0.0,0,0,X,0.0,0.0,0.0,0.0,0.0,0.0,0.0,0.0,41,0.05035761871267001,17,2,15,0,0,0,0,0,0,0,0,1
1axg,B,321,GLY,-0.4,60.1,0.0,0,0,X,0.0,0.0,0.0,0.0,0.0,0.0,0.0,0.0,41,0.04709369898129325,24,6,18,0,0,0,0,0,0,0,0,1
1axg,B,322,PHE,2.8,189.9,0.0,0,0,X,0.0,0.0,0.0,0.0,0.0,0.0,0.0,0.0,38,0.045694876239274644,27,8,19,0,0,0,0,0,0,0,0,1
1axg,B,323,LYS,-3.9,168.6,1.0,2,0,X,0.0,0.0,0.0,0.0,0.0,0.0,0.0,0.0,32,0.04755997322863279,25,14,11,0,0,0,0,0,0,0,0,1
1axg,B,324,SER,-0.8,89.0,0.0,1,1,X,0.0,0.0,0.0,0.0,0.0,0.0,0.0,0.0,39,0.05035761871267001,24,9,15,0,0,0,0,0,0,0,0,1
1axg,B,325,LYS,-3.9,168.6,1.0,2,0,X,0.0,0.0,0.0,0.0,0.0,0.0,0.0,0.0,31,0.04429605349725603,17,18,-1,0,0,0,0,0,0,0,0,1
1axg,B,326,ASP,-3.5,111.1,-1.0,1,3,X,0.0,0.0,0.0,0.0,0.0,0.0,0.0,0.0,26,0.03124037457174899,30,0,30,0,0,0,0,0,0,0,0,1
1axg,B,327,SER,-0.8,89.0,0.0,1,1,X,0.0,0.0,0.0,0.0,0.0,0.0,0.0,0.0,30,0.03963331102386066,29,13,16,0,0,0,0,0,0,0,0,1
1axg,B,328,VAL,4.2,140.0,0.0,0,0,X,0.0,0.0,0.0,0.0,0.0,0.0,0.0,0.0,41,0.05129016720734909,28,15,13,0,0,0,0,0,0,0,0,1
1axg,B,329,PRO,-1.6,112.7,0.0,0,0,X,0.0,0.0,0.0,0.0,0.0,0.0,0.0,0.0,32,0.04196468226055834,30,23,7,0,0,0,0,0,0,0,0,1
1axg,B,330,LYS,-3.9,168.6,1.0,2,0,X,0.0,0.0,0.0,0.0,0.0,0.0,0.0,0.0,22,0.03310547156110714,13,18,-5,0,0,0,0,0,0,0,0,1
1axg,B,331,LEU,3.8,166.7,0.0,0,0,X,0.0,0.0,0.0,0.0,0.0,0.0,0.0,0.0,36,0.04429605349725603,23,13,10,0,0,0,0,0,0,0,0,1
1axg,B,332,VAL,4.2,140.0,0.0,0,0,X,0.0,0.0,0.0,0.0,0.0,0.0,0.0,0.0,37,0.05222271570202816,24,17,7,0,0,0,0,0,0,0,0,1
1axg,B,333,ALA,1.8,88.6,0.0,0,0,X,0.0,0.0,0.0,0.0,0.0,0.0,0.0,0.0,24,0.03776821403450251,25,17,8,0,0,0,0,0,0,0,0,1
1axg,B,334,ASP,-3.5,111.1,-1.0,1,3,X,0.0,0.0,0.0,0.0,0.0,0.0,0.0,0.0,21,0.03870076252918159,24,3,21,0,0,0,0,0,0,0,0,1
1axg,B,335,PHE,2.8,189.9,0.0,0,0,X,0.0,0.0,0.0,0.0,0.0,0.0,0.0,0.0,32,0.04662742473395372,28,18,10,0,0,0,0,0,0,0,0,1
1axg,B,336,MET,1.9,162.9,0.0,0,0,X,0.0,0.0,0.0,0.0,0.0,0.0,0.0,0.0,23,0.03590311704514436,22,16,6,0,0,0,0,0,0,0,0,1
1axg,B,337,ALA,1.8,88.6,0.0,0,0,X,0.0,0.0,0.0,0.0,0.0,0.0,0.0,0.0,12,0.02611135785101408,20,10,10,0,0,0,0,0,0,0,0,1
1axg,B,338,LYS,-3.9,168.6,1.0,2,0,X,0.0,0.0,0.0,0.0,0.0,0.0,0.0,0.0,13,0.028909003335051305,9,7,2,0,0,0,0,0,0,0,0,1
1axg,B,339,LYS,-3.9,168.6,1.0,2,0,X,0.0,0.0,0.0,0.0,0.0,0.0,0.0,0.0,14,0.029375277582390842,10,8,2,0,0,0,0,0,0,0,0,1
1axg,B,340,PHE,2.8,189.9,0.0,0,0,X,0.0,0.0,0.0,0.0,0.0,0.0,0.0,0.0,28,0.034970568550465285,20,10,10,0,0,0,0,0,0,0,0,1
1axg,B,341,ALA,1.8,88.6,0.0,0,0,X,0.0,0.0,0.0,0.0,0.0,0.0,0.0,0.0,25,0.03357174580844668,21,12,9,0,0,0,0,0,0,0,0,1
1axg,B,342,LEU,3.8,166.7,0.0,0,0,X,0.0,0.0,0.0,0.0,0.0,0.0,0.0,0.0,36,0.04289723075523742,19,19,0,0,0,0,0,0,0,0,0,1
1axg,B,343,ASP,-3.5,111.1,-1.0,1,3,X,0.0,0.0,0.0,0.0,0.0,0.0,0.0,0.0,22,0.028909003335051305,17,7,10,0,0,0,0,0,0,0,0,1
1axg,B,344,PRO,-1.6,112.7,0.0,0,0,X,0.0,0.0,0.0,0.0,0.0,0.0,0.0,0.0,25,0.035436842797804825,21,17,4,0,0,0,0,0,0,0,0,1
1axg,B,345,LEU,3.8,166.7,0.0,0,0,X,0.0,0.0,0.0,0.0,0.0,0.0,0.0,0.0,37,0.043829779249916496,29,15,14,0,0,0,0,0,0,0,0,1
1axg,B,346,ILE,4.5,166.7,0.0,0,0,X,0.0,0.0,0.0,0.0,0.0,0.0,0.0,0.0,29,0.04243095650789788,33,16,17,0,0,0,0,0,0,0,0,1
1axg,B,347,THR,-0.7,116.1,0.0,1,1,X,0.0,0.0,0.0,0.0,0.0,0.0,0.0,0.0,24,0.03450429430312575,27,12,15,0,0,0,0,0,0,0,0,1
1axg,B,348,HIS,-3.2,153.2,0.1,2,1,X,0.0,0.0,0.0,0.0,0.0,0.0,0.0,0.0,26,0.034970568550465285,10,19,-9,0,0,0,0,0,0,0,0,1
1axg,B,349,VAL,4.2,140.0,0.0,0,0,X,0.0,0.0,0.0,0.0,0.0,0.0,0.0,0.0,27,0.03450429430312575,24,9,15,0,0,0,0,0,0,0,0,1
1axg,B,350,LEU,3.8,166.7,0.0,0,0,X,0.0,0.0,0.0,0.0,0.0,0.0,0.0,0.0,24,0.03916703677652112,21,17,4,0,0,0,0,0,0,0,0,1
1axg,B,351,PRO,-1.6,112.7,0.0,0,0,X,0.0,0.0,0.0,0.0,0.0,0.0,0.0,0.0,22,0.03590311704514436,15,17,-2,0,0,0,0,0,0,0,0,1
1axg,B,352,PHE,2.8,189.9,0.0,0,0,X,0.0,0.0,0.0,0.0,0.0,0.0,0.0,0.0,35,0.04616115048661418,17,14,3,0,0,0,0,0,0,0,0,1
1axg,B,353,GLU,-3.5,138.4,-1.0,1,3,X,0.0,0.0,0.0,0.0,0.0,0.0,0.0,0.0,21,0.03403802005578621,18,7,11,0,0,0,0,0,0,0,0,1
1axg,B,354,LYS,-3.9,168.6,1.0,2,0,X,0.0,0.0,0.0,0.0,0.0,0.0,0.0,0.0,19,0.03683566553982344,3,20,-17,0,0,0,0,0,0,0,0,1
1axg,B,355,ILE,4.5,166.7,0.0,0,0,X,0.0,0.0,0.0,0.0,0.0,0.0,0.0,0.0,36,0.05129016720734909,12,27,-15,0,0,0,0,0,0,0,0,1
1axg,B,356,ASN,-3.5,114.1,0.0,2,2,X,0.0,0.0,0.0,0.0,0.0,0.0,0.0,0.0,27,0.04103213376587927,17,23,-6,0,0,0,0,0,0,0,0,1
1axg,B,357,GLU,-3.5,138.4,-1.0,1,3,X,0.0,0.0,0.0,0.0,0.0,0.0,0.0,0.0,21,0.03310547156110714,22,17,5,0,0,0,0,0,0,0,0,1
1axg,B,358,GLY,-0.4,60.1,0.0,0,0,X,0.0,0.0,0.0,0.0,0.0,0.0,0.0,0.0,32,0.05175644145468863,33,30,3,0,0,0,0,0,0,0,0,1
1axg,B,359,PHE,2.8,189.9,0.0,0,0,X,0.0,0.0,0.0,0.0,0.0,0.0,0.0,0.0,38,0.04755997322863279,32,30,2,0,0,0,0,0,0,0,0,1
1axg,B,360,ASP,-3.5,111.1,-1.0,1,3,X,0.0,0.0,0.0,0.0,0.0,0.0,0.0,0.0,20,0.03450429430312575,18,21,-3,0,0,0,0,0,0,0,0,1
1axg,B,361,LEU,3.8,166.7,0.0,0,0,X,0.0,0.0,0.0,0.0,0.0,0.0,0.0,0.0,25,0.04243095650789788,32,26,6,0,0,0,0,0,0,0,0,1
1axg,B,362,LEU,3.8,166.7,0.0,0,0,X,0.0,0.0,0.0,0.0,0.0,0.0,0.0,0.0,29,0.04942507021799094,44,32,12,0,0,0,0,0,0,0,0,1
1axg,B,363,ARG,-4.5,173.4,1.0,5,0,X,0.0,0.0,0.0,0.0,0.0,0.0,0.0,0.0,25,0.03170664881908853,16,27,-11,0,0,0,0,0,0,0,0,1
1axg,B,364,SER,-0.8,89.0,0.0,1,1,X,0.0,0.0,0.0,0.0,0.0,0.0,0.0,0.0,18,0.026577632098353617,21,22,-1,0,0,0,0,0,0,0,0,1
1axg,B,365,GLY,-0.4,60.1,0.0,0,0,X,0.0,0.0,0.0,0.0,0.0,0.0,0.0,0.0,25,0.03124037457174899,28,26,2,0,0,0,0,0,0,0,0,1
1axg,B,366,GLU,-3.5,138.4,-1.0,1,3,X,0.0,0.0,0.0,0.0,0.0,0.0,0.0,0.0,19,0.03357174580844668,22,18,4,0,0,0,0,0,0,0,0,1
1axg,B,367,SER,-0.8,89.0,0.0,1,1,X,0.0,0.0,0.0,0.0,0.0,0.0,0.0,0.0,32,0.040099585271200194,41,20,21,0,0,0,0,0,0,0,0,1
1axg,B,368,ILE,4.5,166.7,0.0,0,0,X,0.0,0.0,0.0,0.0,0.0,0.0,0.0,0.0,39,0.04476232774459557,45,14,31,0,0,0,0,0,0,0,0,1
1axg,B,369,ARG,-4.5,173.4,1.0,5,0,X,0.0,0.0,0.0,0.0,0.0,0.0,0.0,0.0,41,0.04989134446533048,17,16,1,0,0,0,0,0,0,0,0,1
1axg,B,370,THR,-0.7,116.1,0.0,1,1,X,0.0,0.0,0.0,0.0,0.0,0.0,0.0,0.0,38,0.05455408693872585,27,22,5,0,0,0,0,0,0,0,0,1
1axg,B,371,ILE,4.5,166.7,0.0,0,0,X,0.0,0.0,0.0,0.0,0.0,0.0,0.0,0.0,37,0.05035761871267001,26,19,7,0,0,0,0,0,0,0,0,1
1axg,B,372,LEU,3.8,166.7,0.0,0,0,X,0.0,0.0,0.0,0.0,0.0,0.0,0.0,0.0,37,0.053155264196707235,17,23,-6,0,0,0,0,0,0,0,0,1
1axg,B,373,THR,-0.7,116.1,0.0,1,1,X,0.0,0.0,0.0,0.0,0.0,0.0,0.0,0.0,25,0.040099585271200194,11,16,-5,0,0,0,0,0,0,0,0,1
1axg,B,374,PHE,2.8,189.9,0.0,0,0,X,0.0,0.0,0.0,0.0,0.0,0.0,0.0,0.0,33,0.03916703677652112,19,10,9,0,0,0,0,0,0,0,0,1
1axg,C,1,SER,-0.8,89.0,0.0,1,1,X,0.0,0.0,0.0,0.0,0.0,0.0,0.0,0.0,9,0.012589404678167503,13,7,6,0,0,0,0,0,0,0,0,1
1axg,C,2,THR,-0.7,116.1,0.0,1,1,X,0.0,0.0,0.0,0.0,0.0,0.0,0.0,0.0,17,0.027510180593032695,25,9,16,0,0,0,0,0,0,0,0,1
1axg,C,3,ALA,1.8,88.6,0.0,0,0,X,0.0,0.0,0.0,0.0,0.0,0.0,0.0,0.0,18,0.030774100324409453,20,9,11,0,0,0,0,0,0,0,0,1
1axg,C,4,GLY,-0.4,60.1,0.0,0,0,X,0.0,0.0,0.0,0.0,0.0,0.0,0.0,0.0,16,0.02797645484037223,19,7,12,0,0,0,0,0,0,0,0,1
1axg,C,5,LYS,-3.9,168.6,1.0,2,0,X,0.0,0.0,0.0,0.0,0.0,0.0,0.0,0.0,14,0.029375277582390842,13,4,9,0,0,0,0,0,0,0,0,1
1axg,C,6,VAL,4.2,140.0,0.0,0,0,X,0.0,0.0,0.0,0.0,0.0,0.0,0.0,0.0,21,0.034970568550465285,30,13,17,0,0,0,0,0,0,0,0,1
1axg,C,7,ILE,4.5,166.7,0.0,0,0,X,0.0,0.0,0.0,0.0,0.0,0.0,0.0,0.0,29,0.040099585271200194,37,20,17,0,0,0,0,0,0,0,0,1
1axg,C,8,LYS,-3.9,168.6,1.0,2,0,X,0.0,0.0,0.0,0.0,0.0,0.0,0.0,0.0,19,0.03310547156110714,18,20,-2,0,0,0,0,0,0,0,0,1
1axg,C,9,CYS,2.5,108.5,0.0,1,0,X,0.0,0.0,0.0,0.0,0.0,0.0,0.0,0.0,29,0.03870076252918159,21,24,-3,0,0,0,0,0,0,0,0,1
1axg,C,10,LYS,-3.9,168.6,1.0,2,0,X,0.0,0.0,0.0,0.0,0.0,0.0,0.0,0.0,23,0.043829779249916496,6,29,-23,0,0,0,0,0,0,0,0,1
1axg,C,11,ALA,1.8,88.6,0.0,0,0,X,0.0,0.0,0.0,0.0,0.0,0.0,0.0,0.0,37,0.053621538444046775,12,28,-16,0,0,0,0,0,0,0,0,1
1axg,C,12,ALA,1.8,88.6,0.0,0,0,X,0.0,0.0,0.0,0.0,0.0,0.0,0.0,0.0,40,0.05408781269138631,12,19,-7,0,0,0,0,0,0,0,0,1
1axg,C,13,VAL,4.2,140.0,0.0,0,0,X,0.0,0.0,0.0,0.0,0.0,0.0,0.0,0.0,38,0.05455408693872585,23,19,4,0,0,0,0,0,0,0,0,1
1axg,C,14,LEU,3.8,166.7,0.0,0,0,X,0.0,0.0,0.0,0.0,0.0,0.0,0.0,0.0,36,0.05222271570202816,23,27,-4,0,0,0,0,0,0,0,0,1
1axg,C,15,TRP,-0.9,227.8,0.0,1,0,X,0.0,0.0,0.0,0.0,0.0,0.0,0.0,0.0,26,0.04149840801321881,30,20,10,0,0,0,0,0,0,0,0,1
1axg,C,16,GLU,-3.5,138.4,-1.0,1,3,X,0.0,0.0,0.0,0.0,0.0,0.0,0.0,0.0,18,0.035436842797804825,24,9,15,0,0,0,0,0,0,0,0,1
1axg,C,17,GLU,-3.5,138.4,-1.0,1,3,X,0.0,0.0,0.0,0.0,0.0,0.0,0.0,0.0,23,0.03590311704514436,28,12,16,0,0,0,0,0,0,0,0,1
1axg,C,18,LYS,-3.9,168.6,1.0,2,0,X,0.0,0.0,0.0,0.0,0.0,0.0,0.0,0.0,21,0.032639197313767604,31,24,7,0,0,0,0,0,0,0,0,1
1axg,C,19,LYS,-3.9,168.6,1.0,2,0,X,0.0,0.0,0.0,0.0,0.0,0.0,0.0,0.0,22,0.03590311704514436,21,21,0,0,0,0,0,0,0,0,0,1
1axg,C,20,PRO,-1.6,112.7,0.0,0,0,X,0.0,0.0,0.0,0.0,0.0,0.0,0.0,0.0,25,0.03730193978716297,20,23,-3,0,0,0,0,0,0,0,0,1
1axg,C,21,PHE,2.8,189.9,0.0,0,0,X,0.0,0.0,0.0,0.0,0.0,0.0,0.0,0.0,37,0.043363505002576956,19,35,-16,0,0,0,0,0,0,0,0,1
1axg,C,22,SER,-0.8,89.0,0.0,1,1,X,0.0,0.0,0.0,0.0,0.0,0.0,0.0,0.0,26,0.03776821403450251,19,19,0,0,0,0,0,0,0,0,0,1
1axg,C,23,ILE,4.5,166.7,0.0,0,0,X,0.0,0.0,0.0,0.0,0.0,0.0,0.0,0.0,26,0.03776821403450251,16,27,-11,0,0,0,0,0,0,0,0,1
1axg,C,24,GLU,-3.5,138.4,-1.0,1,3,X,0.0,0.0,0.0,0.0,0.0,0.0,0.0,0.0,25,0.035436842797804825,20,11,9,0,0,0,0,0,0,0,0,1
1axg,C,25,GLU,-3.5,138.4,-1.0,1,3,X,0.0,0.0,0.0,0.0,0.0,0.0,0.0,0.0,22,0.03450429430312575,27,18,9,0,0,0,0,0,0,0,0,1
1axg,C,26,VAL,4.2,140.0,0.0,0,0,X,0.0,0.0,0.0,0.0,0.0,0.0,0.0,0.0,32,0.048026247475972325,30,27,3,0,0,0,0,0,0,0,0,1
1axg,C,27,GLU,-3.5,138.4,-1.0,1,3,X,0.0,0.0,0.0,0.0,0.0,0.0,0.0,0.0,28,0.043363505002576956,30,11,19,0,0,0,0,0,0,0,0,1
1axg,C,28,VAL,4.2,140.0,0.0,0,0,X,0.0,0.0,0.0,0.0,0.0,0.0,0.0,0.0,35,0.05502036118606539,44,19,25,0,0,0,0,0,0,0,0,1
1axg,C,29,ALA,1.8,88.6,0.0,0,0,X,0.0,0.0,0.0,0.0,0.0,0.0,0.0,0.0,31,0.04196468226055834,47,18,29,0,0,0,0,0,0,0,0,1
1axg,C,30,PRO,-1.6,112.7,0.0,0,0,X,0.0,0.0,0.0,0.0,0.0,0.0,0.0,0.0,27,0.045228601991935104,39,20,19,0,0,0,0,0,0,0,0,1
1axg,C,31,PRO,-1.6,112.7,0.0,0,0,X,0.0,0.0,0.0,0.0,0.0,0.0,0.0,0.0,32,0.050823892960009553,41,31,10,0,0,0,0,0,0,0,0,1
1axg,C,32,LYS,-3.9,168.6,1.0,2,0,X,0.0,0.0,0.0,0.0,0.0,0.0,0.0,0.0,25,0.03357174580844668,23,32,-9,0,0,0,0,0,0,0,0,1
1axg,C,33,ALA,1.8,88.6,0.0,0,0,X,0.0,0.0,0.0,0.0,0.0,0.0,0.0,0.0,21,0.02984155182973038,25,40,-15,0,0,0,0,0,0,0,0,1
1axg,C,34,HIS,-3.2,153.2,0.1,2,1,X,0.0,0.0,0.0,0.0,0.0,0.0,0.0,0.0,24,0.03823448828184205,11,34,-23,0,0,0,0,0,0,0,0,1
1axg,C,35,GLU,-3.5,138.4,-1.0,1,3,X,0.0,0.0,0.0,0.0,0.0,0.0,0.0,0.0,32,0.05222271570202816,39,29,10,0,0,0,0,0,0,0,0,1
1axg,C,36,VAL,4.2,140.0,0.0,0,0,X,0.0,0.0,0.0,0.0,0.0,0.0,0.0,0.0,46,0.05688545817542354,34,39,-5,0,0,0,0,0,0,0,0,1
1axg,C,37,ARG,-4.5,173.4,1.0,5,0,X,0.0,0.0,0.0,0.0,0.0,0.0,0.0,0.0,35,0.053155264196707235,25,19,6,0,0,0,0,0,0,0,0,1
1axg,C,38,ILE,4.5,166.7,0.0,0,0,X,0.0,0.0,0.0,0.0,0.0,0.0,0.0,0.0,46,0.05502036118606539,26,21,5,0,0,0,0,0,0,0,0,1
1axg,C,39,LYS,-3.9,168.6,1.0,2,0,X,0.0,0.0,0.0,0.0,0.0,0.0,0.0,0.0,26,0.045694876239274644,10,12,-2,0,0,0,0,0,0,0,0,1
1axg,C,40,MET,1.9,162.9,0.0,0,0,X,0.0,0.0,0.0,0.0,0.0,0.0,0.0,0.0,41,0.0526889899493677,18,6,12,0,0,0,0,0,0,0,0,1
1axg,C,41,VAL,4.2,140.0,0.0,0,0,X,0.0,0.0,0.0,0.0,0.0,0.0,0.0,0.0,33,0.04103213376587927,17,12,5,0,0,0,0,0,0,0,0,1
1axg,C,42,ALA,1.8,88.6,0.0,0,0,X,0.0,0.0,0.0,0.0,0.0,0.0,0.0,0.0,40,0.048958795970651406,15,17,-2,0,0,0,0,0,0,0,0,1
1axg,C,43,THR,-0.7,116.1,0.0,1,1,X,0.0,0.0,0.0,0.0,0.0,0.0,0.0,0.0,42,0.056419183928083996,21,18,3,0,0,0,0,0,0,0,0,1
1axg,C,44,GLY,-0.4,60.1,0.0,0,0,X,0.0,0.0,0.0,0.0,0.0,0.0,0.0,0.0,46,0.04989134446533048,30,20,10,0,0,0,0,0,0,0,0,1
1axg,C,45,ILE,4.5,166.7,0.0,0,0,X,0.0,0.0,0.0,0.0,0.0,0.0,0.0,0.0,46,0.053155264196707235,44,31,13,0,0,0,0,0,0,0,0,1
1axg,C,46,CYS,2.5,108.5,0.0,1,0,X,0.0,0.0,0.0,0.0,0.0,0.0,0.0,0.0,41,0.045228601991935104,41,25,16,0,0,0,0,0,0,0,0,1
1axg,C,47,ARG,-4.5,173.4,1.0,5,0,X,0.0,0.0,0.0,0.0,0.0,0.0,0.0,0.0,32,0.034970568550465285,32,17,15,0,0,0,0,0,0,0,0,1
1axg,C,48,SER,-0.8,89.0,0.0,1,1,X,0.0,0.0,0.0,0.0,0.0,0.0,0.0,0.0,38,0.04196468226055834,35,22,13,0,0,0,0,0,0,0,0,1
1axg,C,49,ASP,-3.5,111.1,-1.0,1,3,X,0.0,0.0,0.0,0.0,0.0,0.0,0.0,0.0,39,0.0526889899493677,38,17,21,0,0,0,0,0,0,0,0,1
1axg,C,50,ASP,-3.5,111.1,-1.0,1,3,X,0.0,0.0,0.0,0.0,0.0,0.0,0.0,0.0,31,0.048958795970651406,43,15,28,0,0,0,0,0,0,0,0,1
1axg,C,51,HIS,-3.2,153.2,0.1,2,1,X,0.0,0.0,0.0,0.0,0.0,0.0,0.0,0.0,31,0.04243095650789788,19,22,-3,0,0,0,0,0,0,0,0,1
1axg,C,52,VAL,4.2,140.0,0.0,0,0,X,0.0,0.0,0.0,0.0,0.0,0.0,0.0,0.0,38,0.05222271570202816,34,30,4,0,0,0,0,0,0,0,0,1
1axg,C,53,VAL,4.2,140.0,0.0,0,0,X,0.0,0.0,0.0,0.0,0.0,0.0,0.0,0.0,32,0.05035761871267001,37,30,7,0,0,0,0,0,0,0,0,1
1axg,C,54,SER,-0.8,89.0,0.0,1,1,X,0.0,0.0,0.0,0.0,0.0,0.0,0.0,0.0,27,0.03683566553982344,44,27,17,0,0,0,0,0,0,0,0,1
1axg,C,55,GLY,-0.4,60.1,0.0,0,0,X,0.0,0.0,0.0,0.0,0.0,0.0,0.0,0.0,26,0.03776821403450251,22,30,-8,0,0,0,0,0,0,0,0,1
1axg,C,56,THR,-0.7,116.1,0.0,1,1,X,0.0,0.0,0.0,0.0,0.0,0.0,0.0,0.0,26,0.03963331102386066,24,25,-1,0,0,0,0,0,0,0,0,1
1axg,C,57,LEU,3.8,166.7,0.0,0,0,X,0.0,0.0,0.0,0.0,0.0,0.0,0.0,0.0,34,0.04662742473395372,17,28,-11,0,0,0,0,0,0,0,0,1
1axg,C,58,VAL,4.2,140.0,0.0,0,0,X,0.0,0.0,0.0,0.0,0.0,0.0,0.0,0.0,28,0.034970568550465285,10,16,-6,0,0,0,0,0,0,0,0,1
1axg,C,59,THR,-0.7,116.1,0.0,1,1,X,0.0,0.0,0.0,0.0,0.0,0.0,0.0,0.0,33,0.04289723075523742,25,21,4,0,0,0,0,0,0,0,0,1
1axg,C,60,PRO,-1.6,112.7,0.0,0,0,X,0.0,0.0,0.0,0.0,0.0,0.0,0.0,0.0,24,0.03403802005578621,24,9,15,0,0,0,0,0,0,0,0,1
1axg,C,61,LEU,3.8,166.7,0.0,0,0,X,0.0,0.0,0.0,0.0,0.0,0.0,0.0,0.0,27,0.03730193978716297,18,18,0,0,0,0,0,0,0,0,0,1
1axg,C,62,PRO,-1.6,112.7,0.0,0,0,X,0.0,0.0,0.0,0.0,0.0,0.0,0.0,0.0,26,0.04149840801321881,26,11,15,0,0,0,0,0,0,0,0,1
1axg,C,63,VAL,4.2,140.0,0.0,0,0,X,0.0,0.0,0.0,0.0,0.0,0.0,0.0,0.0,42,0.053155264196707235,22,11,11,0,0,0,0,0,0,0,0,1
1axg,C,64,ILE,4.5,166.7,0.0,0,0,X,0.0,0.0,0.0,0.0,0.0,0.0,0.0,0.0,48,0.056419183928083996,27,6,21,0,0,0,0,0,0,0,0,1
1axg,C,65,ALA,1.8,88.6,0.0,0,0,X,0.0,0.0,0.0,0.0,0.0,0.0,0.0,0.0,46,0.05548663543340492,24,16,8,0,0,0,0,0,0,0,0,1
1axg,C,66,GLY,-0.4,60.1,0.0,0,0,X,0.0,0.0,0.0,0.0,0.0,0.0,0.0,0.0,47,0.053621538444046775,21,19,2,0,0,0,0,0,0,0,0,1
1axg,C,67,HIS,-3.2,153.2,0.1,2,1,X,0.0,0.0,0.0,0.0,0.0,0.0,0.0,0.0,42,0.06061565215413983,9,18,-9,0,0,0,0,0,0,0,0,1
1axg,C,68,GLU,-3.5,138.4,-1.0,1,3,X,0.0,0.0,0.0,0.0,0.0,0.0,0.0,0.0,47,0.05595290968074446,24,7,17,0,0,0,0,0,0,0,0,1
1axg,C,69,ALA,1.8,88.6,0.0,0,0,X,0.0,0.0,0.0,0.0,0.0,0.0,0.0,0.0,52,0.053621538444046775,18,16,2,0,0,0,0,0,0,0,0,1
1axg,C,70,ALA,1.8,88.6,0.0,0,0,X,0.0,0.0,0.0,0.0,0.0,0.0,0.0,0.0,46,0.053155264196707235,24,19,5,0,0,0,0,0,0,0,0,1
1axg,C,71,GLY,-0.4,60.1,0.0,0,0,X,0.0,0.0,0.0,0.0,0.0,0.0,0.0,0.0,41,0.048492521723311866,24,16,8,0,0,0,0,0,0,0,0,1
1axg,C,72,ILE,4.5,166.7,0.0,0,0,X,0.0,0.0,0.0,0.0,0.0,0.0,0.0,0.0,31,0.043363505002576956,27,17,10,0,0,0,0,0,0,0,0,1
1axg,C,73,VAL,4.2,140.0,0.0,0,0,X,0.0,0.0,0.0,0.0,0.0,0.0,0.0,0.0,36,0.050823892960009553,36,19,17,0,0,0,0,0,0,0,0,1
1axg,C,74,GLU,-3.5,138.4,-1.0,1,3,X,0.0,0.0,0.0,0.0,0.0,0.0,0.0,0.0,32,0.043829779249916496,29,6,23,0,0,0,0,0,0,0,0,1
1axg,C,75,SER,-0.8,89.0,0.0,1,1,X,0.0,0.0,0.0,0.0,0.0,0.0,0.0,0.0,34,0.04149840801321881,28,20,8,0,0,0,0,0,0,0,0,1
1axg,C,76,ILE,4.5,166.7,0.0,0,0,X,0.0,0.0,0.0,0.0,0.0,0.0,0.0,0.0,29,0.04662742473395372,33,37,-4,0,0,0,0,0,0,0,0,1
1axg,C,77,GLY,-0.4,60.1,0.0,0,0,X,0.0,0.0,0.0,0.0,0.0,0.0,0.0,0.0,27,0.040565859518539735,28,30,-2,0,0,0,0,0,0,0,0,1
1axg,C,78,GLU,-3.5,138.4,-1.0,1,3,X,0.0,0.0,0.0,0.0,0.0,0.0,0.0,0.0,12,0.02797645484037223,17,8,9,0,0,0,0,0,0,0,0,1
1axg,C,79,GLY,-0.4,60.1,0.0,0,0,X,0.0,0.0,0.0,0.0,0.0,0.0,0.0,0.0,14,0.027510180593032695,14,23,-9,0,0,0,0,0,0,0,0,1
1axg,C,80,VAL,4.2,140.0,0.0,0,0,X,0.0,0.0,0.0,0.0,0.0,0.0,0.0,0.0,25,0.03823448828184205,28,26,2,0,0,0,0,0,0,0,0,1
1axg,C,81,THR,-0.7,116.1,0.0,1,1,X,0.0,0.0,0.0,0.0,0.0,0.0,0.0,0.0,18,0.02471253510899547,27,16,11,0,0,0,0,0,0,0,0,1
1axg,C,82,THR,-0.7,116.1,0.0,1,1,X,0.0,0.0,0.0,0.0,0.0,0.0,0.0,0.0,24,0.029375277582390842,35,17,18,0,0,0,0,0,0,0,0,1
1axg,C,83,VAL,4.2,140.0,0.0,0,0,X,0.0,0.0,0.0,0.0,0.0,0.0,0.0,0.0,32,0.04616115048661418,36,27,9,0,0,0,0,0,0,0,0,1
1axg,C,84,ARG,-4.5,173.4,1.0,5,0,X,0.0,0.0,0.0,0.0,0.0,0.0,0.0,0.0,17,0.03823448828184205,7,12,-5,0,0,0,0,0,0,0,0,1
1axg,C,85,PRO,-1.6,112.7,0.0,0,0,X,0.0,0.0,0.0,0.0,0.0,0.0,0.0,0.0,22,0.030774100324409453,23,18,5,0,0,0,0,0,0,0,0,1
1axg,C,86,GLY,-0.4,60.1,0.0,0,0,X,0.0,0.0,0.0,0.0,0.0,0.0,0.0,0.0,22,0.025645083603674543,32,17,15,0,0,0,0,0,0,0,0,1
1axg,C,87,ASP,-3.5,111.1,-1.0,1,3,X,0.0,0.0,0.0,0.0,0.0,0.0,0.0,0.0,28,0.04103213376587927,30,9,21,0,0,0,0,0,0,0,0,1
1axg,C,88,LYS,-3.9,168.6,1.0,2,0,X,0.0,0.0,0.0,0.0,0.0,0.0,0.0,0.0,30,0.04616115048661418,14,18,-4,0,0,0,0,0,0,0,0,1
1axg,C,89,VAL,4.2,140.0,0.0,0,0,X,0.0,0.0,0.0,0.0,0.0,0.0,0.0,0.0,43,0.048958795970651406,34,15,19,0,0,0,0,0,0,0,0,1
1axg,C,90,ILE,4.5,166.7,0.0,0,0,X,0.0,0.0,0.0,0.0,0.0,0.0,0.0,0.0,48,0.05035761871267001,29,12,17,0,0,0,0,0,0,0,0,1
1axg,C,91,PRO,-1.6,112.7,0.0,0,0,X,0.0,0.0,0.0,0.0,0.0,0.0,0.0,0.0,52,0.05129016720734909,20,12,8,0,0,0,0,0,0,0,0,1
1axg,C,92,LEU,3.8,166.7,0.0,0,0,X,0.0,0.0,0.0,0.0,0.0,0.0,0.0,0.0,44,0.053621538444046775,22,15,7,0,0,0,0,0,0,0,0,1
1axg,C,93,PHE,2.8,189.9,0.0,0,0,X,0.0,0.0,0.0,0.0,0.0,0.0,0.0,0.0,46,0.048026247475972325,13,16,-3,0,0,0,0,0,0,0,0,1
1axg,C,94,THR,-0.7,116.1,0.0,1,1,X,0.0,0.0,0.0,0.0,0.0,0.0,0.0,0.0,44,0.053621538444046775,24,6,18,0,0,0,0,0,0,0,0,1
1axg,C,95,PRO,-1.6,112.7,0.0,0,0,X,0.0,0.0,0.0,0.0,0.0,0.0,0.0,0.0,39,0.048492521723311866,24,18,6,0,0,0,0,0,0,0,0,1
1axg,C,96,GLN,-3.5,143.8,0.0,2,2,X,0.0,0.0,0.0,0.0,0.0,0.0,0.0,0.0,35,0.05035761871267001,35,12,23,0,0,0,0,0,0,0,0,1
1axg,C,97,CYS,2.5,108.5,0.0,1,0,X,0.0,0.0,0.0,0.0,0.0,0.0,0.0,0.0,27,0.0363693912924839,37,14,23,0,0,0,0,0,0,0,0,1
1axg,C,98,GLY,-0.4,60.1,0.0,0,0,X,0.0,0.0,0.0,0.0,0.0,0.0,0.0,0.0,20,0.028909003335051305,46,5,41,0,0,0,0,0,0,0,0,1
1axg,C,99,LYS,-3.9,168.6,1.0,2,0,X,0.0,0.0,0.0,0.0,0.0,0.0,0.0,0.0,13,0.02331371236697686,20,0,20,0,0,0,0,0,0,0,0,1
1axg,C,100,CYS,2.5,108.5,0.0,1,0,X,0.0,0.0,0.0,0.0,0.0,0.0,0.0,0.0,22,0.03310547156110714,44,0,44,0,0,0,0,0,0,0,0,1
1axg,C,101,ARG,-4.5,173.4,1.0,5,0,X,0.0,0.0,0.0,0.0,0.0,0.0,0.0,0.0,27,0.032639197313767604,22,13,9,0,0,0,0,0,0,0,0,1
1axg,C,102,VAL,4.2,140.0,0.0,0,0,X,0.0,0.0,0.0,0.0,0.0,0.0,0.0,0.0,30,0.048492521723311866,45,14,31,0,0,0,0,0,0,0,0,1
1axg,C,103,CYS,2.5,108.5,0.0,1,0,X,0.0,0.0,0.0,0.0,0.0,0.0,0.0,0.0,28,0.04709369898129325,50,10,40,0,0,0,0,0,0,0,0,1
1axg,C,104,LYS,-3.9,168.6,1.0,2,0,X,0.0,0.0,0.0,0.0,0.0,0.0,0.0,0.0,16,0.030774100324409453,29,1,28,0,0,0,0,0,0,0,0,1
1axg,C,105,HIS,-3.2,153.2,0.1,2,1,X,0.0,0.0,0.0,0.0,0.0,0.0,0.0,0.0,19,0.03170664881908853,24,15,9,0,0,0,0,0,0,0,0,1
1axg,C,106,PRO,-1.6,112.7,0.0,0,0,X,0.0,0.0,0.0,0.0,0.0,0.0,0.0,0.0,16,0.022381163872297785,27,9,18,0,0,0,0,0,0,0,0,1
1axg,C,107,GLU,-3.5,138.4,-1.0,1,3,X,0.0,0.0,0.0,0.0,0.0,0.0,0.0,0.0,23,0.032639197313767604,36,0,36,0,0,0,0,0,0,0,0,1
1axg,C,108,GLY,-0.4,60.1,0.0,0,0,X,0.0,0.0,0.0,0.0,0.0,0.0,0.0,0.0,33,0.045694876239274644,36,12,24,0,0,0,0,0,0,0,0,1
1axg,C,109,ASN,-3.5,114.1,0.0,2,2,X,0.0,0.0,0.0,0.0,0.0,0.0,0.0,0.0,41,0.053155264196707235,29,11,18,0,0,0,0,0,0,0,0,1
1axg,C,110,PHE,2.8,189.9,0.0,0,0,X,0.0,0.0,0.0,0.0,0.0,0.0,0.0,0.0,38,0.0526889899493677,12,15,-3,0,0,0,0,0,0,0,0,1
1axg,C,111,CYS,2.5,108.5,0.0,1,0,X,0.0,0.0,0.0,0.0,0.0,0.0,0.0,0.0,37,0.048026247475972325,31,9,22,0,0,0,0,0,0,0,0,1
1axg,C,112,LEU,3.8,166.7,0.0,0,0,X,0.0,0.0,0.0,0.0,0.0,0.0,0.0,0.0,30,0.03870076252918159,24,12,12,0,0,0,0,0,0,0,0,1
1axg,C,113,LYS,-3.9,168.6,1.0,2,0,X,0.0,0.0,0.0,0.0,0.0,0.0,0.0,0.0,27,0.032172923066428064,14,12,2,0,0,0,0,0,0,0,0,1
1axg,C,114,ASN,-3.5,114.1,0.0,2,2,X,0.0,0.0,0.0,0.0,0.0,0.0,0.0,0.0,32,0.04429605349725603,17,13,4,0,0,0,0,0,0,0,0,1
1axg,C,115,ASP,-3.5,111.1,-1.0,1,3,X,0.0,0.0,0.0,0.0,0.0,0.0,0.0,0.0,31,0.043363505002576956,29,1,28,0,0,0,0,0,0,0,0,1
1axg,C,116,LEU,3.8,166.7,0.0,0,0,X,0.0,0.0,0.0,0.0,0.0,0.0,0.0,0.0,33,0.03683566553982344,5,12,-7,0,0,0,0,0,0,0,0,1
1axg,C,117,SER,-0.8,89.0,0.0,1,1,X,0.0,0.0,0.0,0.0,0.0,0.0,0.0,0.0,22,0.027510180593032695,9,15,-6,0,0,0,0,0,0,0,0,1
1axg,C,118,MET,1.9,162.9,0.0,0,0,X,0.0,0.0,0.0,0.0,0.0,0.0,0.0,0.0,17,0.02331371236697686,13,12,1,0,0,0,0,0,0,0,0,1
1axg,C,119,PRO,-1.6,112.7,0.0,0,0,X,0.0,0.0,0.0,0.0,0.0,0.0,0.0,0.0,23,0.034970568550465285,22,10,12,0,0,0,0,0,0,0,0,1
1axg,C,120,ARG,-4.5,173.4,1.0,5,0,X,0.0,0.0,0.0,0.0,0.0,0.0,0.0,0.0,23,0.032639197313767604,19,16,3,0,0,0,0,0,0,0,0,1
1axg,C,121,GLY,-0.4,60.1,0.0,0,0,X,0.0,0.0,0.0,0.0,0.0,0.0,0.0,0.0,33,0.048492521723311866,32,12,20,0,0,0,0,0,0,0,0,1
1axg,C,122,THR,-0.7,116.1,0.0,1,1,X,0.0,0.0,0.0,0.0,0.0,0.0,0.0,0.0,31,0.04709369898129325,42,22,20,0,0,0,0,0,0,0,0,1
1axg,C,123,MET,1.9,162.9,0.0,0,0,X,0.0,0.0,0.0,0.0,0.0,0.0,0.0,0.0,33,0.04989134446533048,49,30,19,0,0,0,0,0,0,0,0,1
1axg,C,124,GLN,-3.5,143.8,0.0,2,2,X,0.0,0.0,0.0,0.0,0.0,0.0,0.0,0.0,28,0.032639197313767604,32,34,-2,0,0,0,0,0,0,0,0,1
1axg,C,125,ASP,-3.5,111.1,-1.0,1,3,X,0.0,0.0,0.0,0.0,0.0,0.0,0.0,0.0,15,0.027043906345693154,30,11,19,0,0,0,0,0,0,0,0,1
1axg,C,126,GLY,-0.4,60.1,0.0,0,0,X,0.0,0.0,0.0,0.0,0.0,0.0,0.0,0.0,17,0.027043906345693154,36,17,19,0,0,0,0,0,0,0,0,1
1axg,C,127,THR,-0.7,116.1,0.0,1,1,X,0.0,0.0,0.0,0.0,0.0,0.0,0.0,0.0,19,0.030307826077069916,41,15,26,0,0,0,0,0,0,0,0,1
1axg,C,128,SER,-0.8,89.0,0.0,1,1,X,0.0,0.0,0.0,0.0,0.0,0.0,0.0,0.0,31,0.04289723075523742,40,15,25,0,0,0,0,0,0,0,0,1
1axg,C,129,ARG,-4.5,173.4,1.0,5,0,X,0.0,0.0,0.0,0.0,0.0,0.0,0.0,0.0,33,0.04149840801321881,29,27,2,0,0,0,0,0,0,0,0,1
1axg,C,130,PHE,2.8,189.9,0.0,0,0,X,0.0,0.0,0.0,0.0,0.0,0.0,0.0,0.0,43,0.048026247475972325,36,11,25,0,0,0,0,0,0,0,0,1
1axg,C,131,THR,-0.7,116.1,0.0,1,1,X,0.0,0.0,0.0,0.0,0.0,0.0,0.0,0.0,27,0.04149840801321881,37,23,14,0,0,0,0,0,0,0,0,1
1axg,C,132,CYS,2.5,108.5,0.0,1,0,X,0.0,0.0,0.0,0.0,0.0,0.0,0.0,0.0,27,0.04429605349725603,26,26,0,0,0,0,0,0,0,0,0,1
1axg,C,133,ARG,-4.5,173.4,1.0,5,0,X,0.0,0.0,0.0,0.0,0.0,0.0,0.0,0.0,15,0.02471253510899547,9,20,-11,0,0,0,0,0,0,0,0,1
1axg,C,134,GLY,-0.4,60.1,0.0,0,0,X,0.0,0.0,0.0,0.0,0.0,0.0,0.0,0.0,13,0.021914889624958248,18,14,4,0,0,0,0,0,0,0,0,1
1axg,C,135,LYS,-3.9,168.6,1.0,2,0,X,0.0,0.0,0.0,0.0,0.0,0.0,0.0,0.0,16,0.02611135785101408,12,7,5,0,0,0,0,0,0,0,0,1
1axg,C,136,PRO,-1.6,112.7,0.0,0,0,X,0.0,0.0,0.0,0.0,0.0,0.0,0.0,0.0,22,0.03403802005578621,32,6,26,0,0,0,0,0,0,0,0,1
1axg,C,137,ILE,4.5,166.7,0.0,0,0,X,0.0,0.0,0.0,0.0,0.0,0.0,0.0,0.0,34,0.04989134446533048,40,11,29,0,0,0,0,0,0,0,0,1
1axg,C,138,HIS,-3.2,153.2,0.1,2,1,X,0.0,0.0,0.0,0.0,0.0,0.0,0.0,0.0,31,0.05129016720734909,23,3,20,0,0,0,0,0,0,0,0,1
1axg,C,139,HIS,-3.2,153.2,0.1,2,1,X,0.0,0.0,0.0,0.0,0.0,0.0,0.0,0.0,39,0.05735173242276307,28,12,16,0,0,0,0,0,0,0,0,1
1axg,C,140,PHE,2.8,189.9,0.0,0,0,X,0.0,0.0,0.0,0.0,0.0,0.0,0.0,0.0,42,0.053155264196707235,34,19,15,0,0,0,0,0,0,0,0,1
1axg,C,141,LEU,3.8,166.7,0.0,0,0,X,0.0,0.0,0.0,0.0,0.0,0.0,0.0,0.0,43,0.04709369898129325,28,16,12,0,0,0,0,0,0,0,0,1
1axg,C,142,GLY,-0.4,60.1,0.0,0,0,X,0.0,0.0,0.0,0.0,0.0,0.0,0.0,0.0,45,0.05455408693872585,30,21,9,0,0,0,0,0,0,0,0,1
1axg,C,143,THR,-0.7,116.1,0.0,1,1,X,0.0,0.0,0.0,0.0,0.0,0.0,0.0,0.0,42,0.05222271570202816,22,19,3,0,0,0,0,0,0,0,0,1
1axg,C,144,SER,-0.8,89.0,0.0,1,1,X,0.0,0.0,0.0,0.0,0.0,0.0,0.0,0.0,49,0.058284280917442144,31,9,22,0,0,0,0,0,0,0,0,1
1axg,C,145,THR,-0.7,116.1,0.0,1,1,X,0.0,0.0,0.0,0.0,0.0,0.0,0.0,0.0,47,0.05781800667010261,19,13,6,0,0,0,0,0,0,0,0,1
1axg,C,146,PHE,2.8,189.9,0.0,0,0,X,0.0,0.0,0.0,0.0,0.0,0.0,0.0,0.0,43,0.05595290968074446,13,15,-2,0,0,0,0,0,0,0,0,1
1axg,C,147,SER,-0.8,89.0,0.0,1,1,X,0.0,0.0,0.0,0.0,0.0,0.0,0.0,0.0,42,0.05502036118606539,17,10,7,0,0,0,0,0,0,0,0,1
1axg,C,148,GLN,-3.5,143.8,0.0,2,2,X,0.0,0.0,0.0,0.0,0.0,0.0,0.0,0.0,30,0.045694876239274644,23,14,9,0,0,0,0,0,0,0,0,1
1axg,C,149,TYR,-1.3,193.6,0.0,1,1,X,0.0,0.0,0.0,0.0,0.0,0.0,0.0,0.0,33,0.05222271570202816,31,13,18,0,0,0,0,0,0,0,0,1
1axg,C,150,THR,-0.7,116.1,0.0,1,1,X,0.0,0.0,0.0,0.0,0.0,0.0,0.0,0.0,50,0.05502036118606539,35,17,18,0,0,0,0,0,0,0,0,1
1axg,C,151,VAL,4.2,140.0,0.0,0,0,X,0.0,0.0,0.0,0.0,0.0,0.0,0.0,0.0,45,0.05688545817542354,43,26,17,0,0,0,0,0,0,0,0,1
1axg,C,152,VAL,4.2,140.0,0.0,0,0,X,0.0,0.0,0.0,0.0,0.0,0.0,0.0,0.0,48,0.05408781269138631,33,25,8,0,0,0,0,0,0,0,0,1
1axg,C,153,ASP,-3.5,111.1,-1.0,1,3,X,0.0,0.0,0.0,0.0,0.0,0.0,0.0,0.0,41,0.043363505002576956,38,25,13,0,0,0,0,0,0,0,0,1
1axg,C,154,GLU,-3.5,138.4,-1.0,1,3,X,0.0,0.0,0.0,0.0,0.0,0.0,0.0,0.0,38,0.043829779249916496,24,21,3,0,0,0,0,0,0,0,0,1
1axg,C,155,ILE,4.5,166.7,0.0,0,0,X,0.0,0.0,0.0,0.0,0.0,0.0,0.0,0.0,36,0.04289723075523742,33,23,10,0,0,0,0,0,0,0,0,1
1axg,C,156,SER,-0.8,89.0,0.0,1,1,X,0.0,0.0,0.0,0.0,0.0,0.0,0.0,0.0,41,0.048492521723311866,18,24,-6,0,0,0,0,0,0,0,0,1
1axg,C,157,VAL,4.2,140.0,0.0,0,0,X,0.0,0.0,0.0,0.0,0.0,0.0,0.0,0.0,42,0.050823892960009553,26,26,0,0,0,0,0,0,0,0,0,1
1axg,C,158,ALA,1.8,88.6,0.0,0,0,X,0.0,0.0,0.0,0.0,0.0,0.0,0.0,0.0,40,0.04989134446533048,27,26,1,0,0,0,0,0,0,0,0,1
1axg,C,159,LYS,-3.9,168.6,1.0,2,0,X,0.0,0.0,0.0,0.0,0.0,0.0,0.0,0.0,26,0.040565859518539735,23,17,6,0,0,0,0,0,0,0,0,1
1axg,C,160,ILE,4.5,166.7,0.0,0,0,X,0.0,0.0,0.0,0.0,0.0,0.0,0.0,0.0,38,0.04289723075523742,25,18,7,0,0,0,0,0,0,0,0,1
1axg,C,161,ASP,-3.5,111.1,-1.0,1,3,X,0.0,0.0,0.0,0.0,0.0,0.0,0.0,0.0,24,0.03450429430312575,22,9,13,0,0,0,0,0,0,0,0,1
1axg,C,162,ALA,1.8,88.6,0.0,0,0,X,0.0,0.0,0.0,0.0,0.0,0.0,0.0,0.0,16,0.02797645484037223,17,16,1,0,0,0,0,0,0,0,0,1
1axg,C,163,ALA,1.8,88.6,0.0,0,0,X,0.0,0.0,0.0,0.0,0.0,0.0,0.0,0.0,15,0.021914889624958248,9,12,-3,0,0,0,0,0,0,0,0,1
1axg,C,164,SER,-0.8,89.0,0.0,1,1,X,0.0,0.0,0.0,0.0,0.0,0.0,0.0,0.0,29,0.03683566553982344,19,20,-1,0,0,0,0,0,0,0,0,1
1axg,C,165,PRO,-1.6,112.7,0.0,0,0,X,0.0,0.0,0.0,0.0,0.0,0.0,0.0,0.0,26,0.032639197313767604,15,21,-6,0,0,0,0,0,0,0,0,1
1axg,C,166,LEU,3.8,166.7,0.0,0,0,X,0.0,0.0,0.0,0.0,0.0,0.0,0.0,0.0,39,0.04289723075523742,20,17,3,0,0,0,0,0,0,0,0,1
1axg,C,167,GLU,-3.5,138.4,-1.0,1,3,X,0.0,0.0,0.0,0.0,0.0,0.0,0.0,0.0,28,0.040565859518539735,13,6,7,0,0,0,0,0,0,0,0,1
1axg,C,168,LYS,-3.9,168.6,1.0,2,0,X,0.0,0.0,0.0,0.0,0.0,0.0,0.0,0.0,27,0.04243095650789788,1,17,-16,0,0,0,0,0,0,0,0,1
1axg,C,169,VAL,4.2,140.0,0.0,0,0,X,0.0,0.0,0.0,0.0,0.0,0.0,0.0,0.0,43,0.05129016720734909,17,25,-8,0,0,0,0,0,0,0,0,1
1axg,C,170,CYS,2.5,108.5,0.0,1,0,X,0.0,0.0,0.0,0.0,0.0,0.0,0.0,0.0,43,0.05175644145468863,19,18,1,0,0,0,0,0,0,0,0,1
1axg,C,171,LEU,3.8,166.7,0.0,0,0,X,0.0,0.0,0.0,0.0,0.0,0.0,0.0,0.0,44,0.05129016720734909,22,19,3,0,0,0,0,0,0,0,0,1
1axg,C,172,ILE,4.5,166.7,0.0,0,0,X,0.0,0.0,0.0,0.0,0.0,0.0,0.0,0.0,46,0.05175644145468863,11,14,-3,0,0,0,0,0,0,0,0,1
1axg,C,173,GLY,-0.4,60.1,0.0,0,0,X,0.0,0.0,0.0,0.0,0.0,0.0,0.0,0.0,45,0.05222271570202816,17,10,7,0,0,0,0,0,0,0,0,1
1axg,C,174,CYS,2.5,108.5,0.0,1,0,X,0.0,0.0,0.0,0.0,0.0,0.0,0.0,0.0,46,0.04755997322863279,19,13,6,0,0,0,0,0,0,0,0,1
1axg,C,175,GLY,-0.4,60.1,0.0,0,0,X,0.0,0.0,0.0,0.0,0.0,0.0,0.0,0.0,45,0.04662742473395372,20,9,11,0,0,0,0,0,0,0,0,1
1axg,C,176,PHE,2.8,189.9,0.0,0,0,X,0.0,0.0,0.0,0.0,0.0,0.0,0.0,0.0,43,0.053155264196707235,8,7,1,0,0,0,0,0,0,0,0,1
1axg,C,177,SER,-0.8,89.0,0.0,1,1,X,0.0,0.0,0.0,0.0,0.0,0.0,0.0,0.0,46,0.053621538444046775,9,5,4,0,0,0,0,0,0,0,0,1
1axg,C,178,THR,-0.7,116.1,0.0,1,1,X,0.0,0.0,0.0,0.0,0.0,0.0,0.0,0.0,48,0.053155264196707235,9,4,5,0,0,0,0,0,0,0,0,1
1axg,C,179,GLY,-0.4,60.1,0.0,0,0,X,0.0,0.0,0.0,0.0,0.0,0.0,0.0,0.0,45,0.0526889899493677,5,3,2,0,0,0,0,0,0,0,0,1
1axg,C,180,TYR,-1.3,193.6,0.0,1,1,X,0.0,0.0,0.0,0.0,0.0,0.0,0.0,0.0,41,0.05548663543340492,18,3,15,0,0,0,0,0,0,0,0,1
1axg,C,181,GLY,-0.4,60.1,0.0,0,0,X,0.0,0.0,0.0,0.0,0.0,0.0,0.0,0.0,39,0.05035761871267001,19,0,19,0,0,0,0,0,0,0,0,1
1axg,C,182,SER,-0.8,89.0,0.0,1,1,X,0.0,0.0,0.0,0.0,0.0,0.0,0.0,0.0,45,0.05548663543340492,25,4,21,0,0,0,0,0,0,0,0,1
1axg,C,183,ALA,1.8,88.6,0.0,0,0,X,0.0,0.0,0.0,0.0,0.0,0.0,0.0,0.0,46,0.05548663543340492,23,0,23,0,0,0,0,0,0,0,0,1
1axg,C,184,VAL,4.2,140.0,0.0,0,0,X,0.0,0.0,0.0,0.0,0.0,0.0,0.0,0.0,34,0.04616115048661418,22,0,22,0,0,0,0,0,0,0,0,1
1axg,C,185,LYS,-3.9,168.6,1.0,2,0,X,0.0,0.0,0.0,0.0,0.0,0.0,0.0,0.0,27,0.034970568550465285,19,9,10,0,0,0,0,0,0,0,0,1
1axg,C,186,VAL,4.2,140.0,0.0,0,0,X,0.0,0.0,0.0,0.0,0.0,0.0,0.0,0.0,38,0.03916703677652112,30,8,22,0,0,0,0,0,0,0,0,1
1axg,C,187,ALA,1.8,88.6,0.0,0,0,X,0.0,0.0,0.0,0.0,0.0,0.0,0.0,0.0,37,0.045228601991935104,25,5,20,0,0,0,0,0,0,0,0,1
1axg,C,188,LYS,-3.9,168.6,1.0,2,0,X,0.0,0.0,0.0,0.0,0.0,0.0,0.0,0.0,22,0.035436842797804825,13,7,6,0,0,0,0,0,0,0,0,1
1axg,C,189,VAL,4.2,140.0,0.0,0,0,X,0.0,0.0,0.0,0.0,0.0,0.0,0.0,0.0,36,0.04616115048661418,21,8,13,0,0,0,0,0,0,0,0,1
1axg,C,190,THR,-0.7,116.1,0.0,1,1,X,0.0,0.0,0.0,0.0,0.0,0.0,0.0,0.0,27,0.03124037457174899,13,10,3,0,0,0,0,0,0,0,0,1
1axg,C,191,GLN,-3.5,143.8,0.0,2,2,X,0.0,0.0,0.0,0.0,0.0,0.0,0.0,0.0,15,0.02611135785101408,6,0,6,0,0,0,0,0,0,0,0,1
1axg,C,192,GLY,-0.4,60.1,0.0,0,0,X,0.0,0.0,0.0,0.0,0.0,0.0,0.0,0.0,16,0.024246260861655933,8,7,1,0,0,0,0,0,0,0,0,1
1axg,C,193,SER,-0.8,89.0,0.0,1,1,X,0.0,0.0,0.0,0.0,0.0,0.0,0.0,0.0,30,0.03916703677652112,18,8,10,0,0,0,0,0,0,0,0,1
1axg,C,194,THR,-0.7,116.1,0.0,1,1,X,0.0,0.0,0.0,0.0,0.0,0.0,0.0,0.0,37,0.043363505002576956,15,11,4,0,0,0,0,0,0,0,0,1
1axg,C,195,CYS,2.5,108.5,0.0,1,0,X,0.0,0.0,0.0,0.0,0.0,0.0,0.0,0.0,44,0.05129016720734909,14,14,0,0,0,0,0,0,0,0,0,1
1axg,C,196,ALA,1.8,88.6,0.0,0,0,X,0.0,0.0,0.0,0.0,0.0,0.0,0.0,0.0,49,0.04989134446533048,8,17,-9,0,0,0,0,0,0,0,0,1
1axg,C,197,VAL,4.2,140.0,0.0,0,0,X,0.0,0.0,0.0,0.0,0.0,0.0,0.0,0.0,48,0.05408781269138631,3,18,-15,0,0,0,0,0,0,0,0,1
1axg,C,198,PHE,2.8,189.9,0.0,0,0,X,0.0,0.0,0.0,0.0,0.0,0.0,0.0,0.0,44,0.04709369898129325,8,20,-12,0,0,0,0,0,0,0,0,1
1axg,C,199,GLY,-0.4,60.1,0.0,0,0,X,0.0,0.0,0.0,0.0,0.0,0.0,0.0,0.0,35,0.040565859518539735,12,17,-5,0,0,0,0,0,0,0,0,1
1axg,C,200,LEU,3.8,166.7,0.0,0,0,X,0.0,0.0,0.0,0.0,0.0,0.0,0.0,0.0,42,0.04709369898129325,23,16,7,0,0,0,0,0,0,0,0,1
1axg,C,201,GLY,-0.4,60.1,0.0,0,0,X,0.0,0.0,0.0,0.0,0.0,0.0,0.0,0.0,42,0.035436842797804825,35,10,25,0,0,0,0,0,0,0,0,1
1axg,C,202,GLY,-0.4,60.1,0.0,0,0,X,0.0,0.0,0.0,0.0,0.0,0.0,0.0,0.0,43,0.043363505002576956,28,5,23,0,0,0,0,0,0,0,0,1
1axg,C,203,ALA,1.8,88.6,0.0,0,0,X,0.0,0.0,0.0,0.0,0.0,0.0,0.0,0.0,40,0.04429605349725603,13,8,5,0,0,0,0,0,0,0,0,1
1axg,C,204,GLY,-0.4,60.1,0.0,0,0,X,0.0,0.0,0.0,0.0,0.0,0.0,0.0,0.0,45,0.04616115048661418,11,7,4,0,0,0,0,0,0,0,0,1
1axg,C,205,LEU,3.8,166.7,0.0,0,0,X,0.0,0.0,0.0,0.0,0.0,0.0,0.0,0.0,43,0.05035761871267001,28,11,17,0,0,0,0,0,0,0,0,1
1axg,C,206,SER,-0.8,89.0,0.0,1,1,X,0.0,0.0,0.0,0.0,0.0,0.0,0.0,0.0,44,0.04942507021799094,8,0,8,0,0,0,0,0,0,0,0,1
1axg,C,207,VAL,4.2,140.0,0.0,0,0,X,0.0,0.0,0.0,0.0,0.0,0.0,0.0,0.0,49,0.053621538444046775,6,4,2,0,0,0,0,0,0,0,0,1
1axg,C,208,ILE,4.5,166.7,0.0,0,0,X,0.0,0.0,0.0,0.0,0.0,0.0,0.0,0.0,46,0.050823892960009553,22,8,14,0,0,0,0,0,0,0,0,1
1axg,C,209,MET,1.9,162.9,0.0,0,0,X,0.0,0.0,0.0,0.0,0.0,0.0,0.0,0.0,38,0.04662742473395372,15,4,11,0,0,0,0,0,0,0,0,1
1axg,C,210,GLY,-0.4,60.1,0.0,0,0,X,0.0,0.0,0.0,0.0,0.0,0.0,0.0,0.0,39,0.048958795970651406,19,0,19,0,0,0,0,0,0,0,0,1
1axg,C,211,CYS,2.5,108.5,0.0,1,0,X,0.0,0.0,0.0,0.0,0.0,0.0,0.0,0.0,40,0.05129016720734909,19,0,19,0,0,0,0,0,0,0,0,1
1axg,C,212,LYS,-3.9,168.6,1.0,2,0,X,0.0,0.0,0.0,0.0,0.0,0.0,0.0,0.0,32,0.03403802005578621,7,2,5,0,0,0,0,0,0,0,0,1
1axg,C,213,ALA,1.8,88.6,0.0,0,0,X,0.0,0.0,0.0,0.0,0.0,0.0,0.0,0.0,28,0.02797645484037223,15,0,15,0,0,0,0,0,0,0,0,1
1axg,C,214,ALA,1.8,88.6,0.0,0,0,X,0.0,0.0,0.0,0.0,0.0,0.0,0.0,0.0,28,0.03590311704514436,17,0,17,0,0,0,0,0,0,0,0,1
1axg,C,215,GLY,-0.4,60.1,0.0,0,0,X,0.0,0.0,0.0,0.0,0.0,0.0,0.0,0.0,25,0.03357174580844668,16,0,16,0,0,0,0,0,0,0,0,1
1axg,C,216,ALA,1.8,88.6,0.0,0,0,X,0.0,0.0,0.0,0.0,0.0,0.0,0.0,0.0,31,0.04476232774459557,18,5,13,0,0,0,0,0,0,0,0,1
1axg,C,217,ALA,1.8,88.6,0.0,0,0,X,0.0,0.0,0.0,0.0,0.0,0.0,0.0,0.0,21,0.028909003335051305,20,6,14,0,0,0,0,0,0,0,0,1
1axg,C,218,ARG,-4.5,173.4,1.0,5,0,X,0.0,0.0,0.0,0.0,0.0,0.0,0.0,0.0,27,0.03870076252918159,0,16,-16,0,0,0,0,0,0,0,0,1
1axg,C,219,ILE,4.5,166.7,0.0,0,0,X,0.0,0.0,0.0,0.0,0.0,0.0,0.0,0.0,43,0.048958795970651406,28,10,18,0,0,0,0,0,0,0,0,1
1axg,C,220,ILE,4.5,166.7,0.0,0,0,X,0.0,0.0,0.0,0.0,0.0,0.0,0.0,0.0,41,0.050823892960009553,14,11,3,0,0,0,0,0,0,0,0,1
1axg,C,221,GLY,-0.4,60.1,0.0,0,0,X,0.0,0.0,0.0,0.0,0.0,0.0,0.0,0.0,45,0.05548663543340492,21,17,4,0,0,0,0,0,0,0,0,1
1axg,C,222,VAL,4.2,140.0,0.0,0,0,X,0.0,0.0,0.0,0.0,0.0,0.0,0.0,0.0,42,0.048958795970651406,7,19,-12,0,0,0,0,0,0,0,0,1
1axg,C,223,ASP,-3.5,111.1,-1.0,1,3,X,0.0,0.0,0.0,0.0,0.0,0.0,0.0,0.0,33,0.048958795970651406,17,11,6,0,0,0,0,0,0,0,0,1
1axg,C,224,ILE,4.5,166.7,0.0,0,0,X,0.0,0.0,0.0,0.0,0.0,0.0,0.0,0.0,21,0.03310547156110714,21,20,1,0,0,0,0,0,0,0,0,1
1axg,C,225,ASN,-3.5,114.1,0.0,2,2,X,0.0,0.0,0.0,0.0,0.0,0.0,0.0,0.0,25,0.0363693912924839,19,22,-3,0,0,0,0,0,0,0,0,1
1axg,C,226,LYS,-3.9,168.6,1.0,2,0,X,0.0,0.0,0.0,0.0,0.0,0.0,0.0,0.0,17,0.03450429430312575,10,21,-11,0,0,0,0,0,0,0,0,1
1axg,C,227,ASP,-3.5,111.1,-1.0,1,3,X,0.0,0.0,0.0,0.0,0.0,0.0,0.0,0.0,17,0.027043906345693154,24,13,11,0,0,0,0,0,0,0,0,1
1axg,C,228,LYS,-3.9,168.6,1.0,2,0,X,0.0,0.0,0.0,0.0,0.0,0.0,0.0,0.0,31,0.04149840801321881,20,21,-1,0,0,0,0,0,0,0,0,1
1axg,C,229,PHE,2.8,189.9,0.0,0,0,X,0.0,0.0,0.0,0.0,0.0,0.0,0.0,0.0,30,0.040565859518539735,33,26,7,0,0,0,0,0,0,0,0,1
1axg,C,230,ALA,1.8,88.6,0.0,0,0,X,0.0,0.0,0.0,0.0,0.0,0.0,0.0,0.0,19,0.027510180593032695,32,20,12,0,0,0,0,0,0,0,0,1
1axg,C,231,LYS,-3.9,168.6,1.0,2,0,X,0.0,0.0,0.0,0.0,0.0,0.0,0.0,0.0,30,0.03450429430312575,19,18,1,0,0,0,0,0,0,0,0,1
1axg,C,232,ALA,1.8,88.6,0.0,0,0,X,0.0,0.0,0.0,0.0,0.0,0.0,0.0,0.0,35,0.04942507021799094,29,23,6,0,0,0,0,0,0,0,0,1
1axg,C,233,LYS,-3.9,168.6,1.0,2,0,X,0.0,0.0,0.0,0.0,0.0,0.0,0.0,0.0,23,0.03730193978716297,15,19,-4,0,0,0,0,0,0,0,0,1
1axg,C,234,GLU,-3.5,138.4,-1.0,1,3,X,0.0,0.0,0.0,0.0,0.0,0.0,0.0,0.0,19,0.027043906345693154,22,2,20,0,0,0,0,0,0,0,0,1
1axg,C,235,VAL,4.2,140.0,0.0,0,0,X,0.0,0.0,0.0,0.0,0.0,0.0,0.0,0.0,33,0.03683566553982344,27,11,16,0,0,0,0,0,0,0,0,1
1axg,C,236,GLY,-0.4,60.1,0.0,0,0,X,0.0,0.0,0.0,0.0,0.0,0.0,0.0,0.0,32,0.04103213376587927,30,15,15,0,0,0,0,0,0,0,0,1
1axg,C,237,ALA,1.8,88.6,0.0,0,0,X,0.0,0.0,0.0,0.0,0.0,0.0,0.0,0.0,31,0.045228601991935104,31,15,16,0,0,0,0,0,0,0,0,1
1axg,C,238,THR,-0.7,116.1,0.0,1,1,X,0.0,0.0,0.0,0.0,0.0,0.0,0.0,0.0,23,0.03170664881908853,25,13,12,0,0,0,0,0,0,0,0,1
1axg,C,239,GLU,-3.5,138.4,-1.0,1,3,X,0.0,0.0,0.0,0.0,0.0,0.0,0.0,0.0,27,0.03590311704514436,20,0,20,0,0,0,0,0,0,0,0,1
1axg,C,240,CYS,2.5,108.5,0.0,1,0,X,0.0,0.0,0.0,0.0,0.0,0.0,0.0,0.0,35,0.043363505002576956,25,23,2,0,0,0,0,0,0,0,0,1
1axg,C,241,VAL,4.2,140.0,0.0,0,0,X,0.0,0.0,0.0,0.0,0.0,0.0,0.0,0.0,33,0.04243095650789788,12,25,-13,0,0,0,0,0,0,0,0,1
1axg,C,242,ASN,-3.5,114.1,0.0,2,2,X,0.0,0.0,0.0,0.0,0.0,0.0,0.0,0.0,24,0.04289723075523742,12,17,-5,0,0,0,0,0,0,0,0,1
1axg,C,243,PRO,-1.6,112.7,0.0,0,0,X,0.0,0.0,0.0,0.0,0.0,0.0,0.0,0.0,26,0.04103213376587927,12,16,-4,0,0,0,0,0,0,0,0,1
1axg,C,244,GLN,-3.5,143.8,0.0,2,2,X,0.0,0.0,0.0,0.0,0.0,0.0,0.0,0.0,14,0.025645083603674543,9,15,-6,0,0,0,0,0,0,0,0,1
1axg,C,245,ASP,-3.5,111.1,-1.0,1,3,X,0.0,0.0,0.0,0.0,0.0,0.0,0.0,0.0,16,0.022847438119637322,17,3,14,0,0,0,0,0,0,0,0,1
1axg,C,246,TYR,-1.3,193.6,0.0,1,1,X,0.0,0.0,0.0,0.0,0.0,0.0,0.0,0.0,18,0.030774100324409453,17,14,3,0,0,0,0,0,0,0,0,1
1axg,C,247,LYS,-3.9,168.6,1.0,2,0,X,0.0,0.0,0.0,0.0,0.0,0.0,0.0,0.0,14,0.02098234113027917,22,10,12,0,0,0,0,0,0,0,0,1
1axg,C,248,LYS,-3.9,168.6,1.0,2,0,X,0.0,0.0,0.0,0.0,0.0,0.0,0.0,0.0,15,0.025645083603674543,8,20,-12,0,0,0,0,0,0,0,0,1
1axg,C,249,PRO,-1.6,112.7,0.0,0,0,X,0.0,0.0,0.0,0.0,0.0,0.0,0.0,0.0,24,0.03310547156110714,15,12,3,0,0,0,0,0,0,0,0,1
1axg,C,250,ILE,4.5,166.7,0.0,0,0,X,0.0,0.0,0.0,0.0,0.0,0.0,0.0,0.0,34,0.04476232774459557,13,23,-10,0,0,0,0,0,0,0,0,1
1axg,C,251,GLN,-3.5,143.8,0.0,2,2,X,0.0,0.0,0.0,0.0,0.0,0.0,0.0,0.0,27,0.04243095650789788,12,14,-2,0,0,0,0,0,0,0,0,1
1axg,C,252,GLU,-3.5,138.4,-1.0,1,3,X,0.0,0.0,0.0,0.0,0.0,0.0,0.0,0.0,17,0.03683566553982344,15,9,6,0,0,0,0,0,0,0,0,1
1axg,C,253,VAL,4.2,140.0,0.0,0,0,X,0.0,0.0,0.0,0.0,0.0,0.0,0.0,0.0,28,0.04289723075523742,14,23,-9,0,0,0,0,0,0,0,0,1
1axg,C,254,LEU,3.8,166.7,0.0,0,0,X,0.0,0.0,0.0,0.0,0.0,0.0,0.0,0.0,40,0.045694876239274644,11,22,-11,0,0,0,0,0,0,0,0,1
1axg,C,255,THR,-0.7,116.1,0.0,1,1,X,0.0,0.0,0.0,0.0,0.0,0.0,0.0,0.0,30,0.04476232774459557,15,25,-10,0,0,0,0,0,0,0,0,1
1axg,C,256,GLU,-3.5,138.4,-1.0,1,3,X,0.0,0.0,0.0,0.0,0.0,0.0,0.0,0.0,18,0.032172923066428064,9,8,1,0,0,0,0,0,0,0,0,1
1axg,C,257,MET,1.9,162.9,0.0,0,0,X,0.0,0.0,0.0,0.0,0.0,0.0,0.0,0.0,28,0.03450429430312575,13,23,-10,0,0,0,0,0,0,0,0,1
1axg,C,258,SER,-0.8,89.0,0.0,1,1,X,0.0,0.0,0.0,0.0,0.0,0.0,0.0,0.0,28,0.03870076252918159,17,25,-8,0,0,0,0,0,0,0,0,1
1axg,C,259,ASN,-3.5,114.1,0.0,2,2,X,0.0,0.0,0.0,0.0,0.0,0.0,0.0,0.0,19,0.025645083603674543,13,11,2,0,0,0,0,0,0,0,0,1
1axg,C,260,GLY,-0.4,60.1,0.0,0,0,X,0.0,0.0,0.0,0.0,0.0,0.0,0.0,0.0,27,0.03357174580844668,16,28,-12,0,0,0,0,0,0,0,0,1
1axg,C,261,GLY,-0.4,60.1,0.0,0,0,X,0.0,0.0,0.0,0.0,0.0,0.0,0.0,0.0,37,0.048958795970651406,18,27,-9,0,0,0,0,0,0,0,0,1
1axg,C,262,VAL,4.2,140.0,0.0,0,0,X,0.0,0.0,0.0,0.0,0.0,0.0,0.0,0.0,40,0.05502036118606539,21,16,5,0,0,0,0,0,0,0,0,1
1axg,C,263,ASP,-3.5,111.1,-1.0,1,3,X,0.0,0.0,0.0,0.0,0.0,0.0,0.0,0.0,36,0.05035761871267001,22,4,18,0,0,0,0,0,0,0,0,1
1axg,C,264,PHE,2.8,189.9,0.0,0,0,X,0.0,0.0,0.0,0.0,0.0,0.0,0.0,0.0,41,0.053621538444046775,17,9,8,0,0,0,0,0,0,0,0,1
1axg,C,265,SER,-0.8,89.0,0.0,1,1,X,0.0,0.0,0.0,0.0,0.0,0.0,0.0,0.0,44,0.05502036118606539,11,14,-3,0,0,0,0,0,0,0,0,1
1axg,C,266,PHE,2.8,189.9,0.0,0,0,X,0.0,0.0,0.0,0.0,0.0,0.0,0.0,0.0,55,0.0526889899493677,7,13,-6,0,0,0,0,0,0,0,0,1
1axg,C,267,GLU,-3.5,138.4,-1.0,1,3,X,0.0,0.0,0.0,0.0,0.0,0.0,0.0,0.0,39,0.05502036118606539,10,7,3,0,0,0,0,0,0,0,0,1
1axg,C,268,VAL,4.2,140.0,0.0,0,0,X,0.0,0.0,0.0,0.0,0.0,0.0,0.0,0.0,39,0.04476232774459557,13,15,-2,0,0,0,0,0,0,0,0,1
1axg,C,269,ILE,4.5,166.7,0.0,0,0,X,0.0,0.0,0.0,0.0,0.0,0.0,0.0,0.0,31,0.03776821403450251,25,23,2,0,0,0,0,0,0,0,0,1
1axg,C,270,GLY,-0.4,60.1,0.0,0,0,X,0.0,0.0,0.0,0.0,0.0,0.0,0.0,0.0,29,0.04243095650789788,27,18,9,0,0,0,0,0,0,0,0,1
1axg,C,271,ARG,-4.5,173.4,1.0,5,0,X,0.0,0.0,0.0,0.0,0.0,0.0,0.0,0.0,24,0.03730193978716297,2,16,-14,0,0,0,0,0,0,0,0,1
1axg,C,272,LEU,3.8,166.7,0.0,0,0,X,0.0,0.0,0.0,0.0,0.0,0.0,0.0,0.0,28,0.04476232774459557,11,14,-3,0,0,0,0,0,0,0,0,1
1axg,C,273,ASP,-3.5,111.1,-1.0,1,3,X,0.0,0.0,0.0,0.0,0.0,0.0,0.0,0.0,26,0.0363693912924839,11,5,6,0,0,0,0,0,0,0,0,1
1axg,C,274,THR,-0.7,116.1,0.0,1,1,X,0.0,0.0,0.0,0.0,0.0,0.0,0.0,0.0,37,0.043829779249916496,11,17,-6,0,0,0,0,0,0,0,0,1
1axg,C,275,MET,1.9,162.9,0.0,0,0,X,0.0,0.0,0.0,0.0,0.0,0.0,0.0,0.0,39,0.05455408693872585,12,17,-5,0,0,0,0,0,0,0,0,1
1axg,C,276,VAL,4.2,140.0,0.0,0,0,X,0.0,0.0,0.0,0.0,0.0,0.0,0.0,0.0,29,0.048492521723311866,10,14,-4,0,0,0,0,0,0,0,0,1
1axg,C,277,THR,-0.7,116.1,0.0,1,1,X,0.0,0.0,0.0,0.0,0.0,0.0,0.0,0.0,35,0.04429605349725603,9,20,-11,0,0,0,0,0,0,0,0,1
1axg,C,278,ALA,1.8,88.6,0.0,0,0,X,0.0,0.0,0.0,0.0,0.0,0.0,0.0,0.0,43,0.05548663543340492,10,16,-6,0,0,0,0,0,0,0,0,1
1axg,C,279,LEU,3.8,166.7,0.0,0,0,X,0.0,0.0,0.0,0.0,0.0,0.0,0.0,0.0,40,0.05502036118606539,15,12,3,0,0,0,0,0,0,0,0,1
1axg,C,280,SER,-0.8,89.0,0.0,1,1,X,0.0,0.0,0.0,0.0,0.0,0.0,0.0,0.0,38,0.040099585271200194,10,16,-6,0,0,0,0,0,0,0,0,1
1axg,C,281,CYS,2.5,108.5,0.0,1,0,X,0.0,0.0,0.0,0.0,0.0,0.0,0.0,0.0,42,0.0526889899493677,7,20,-13,0,0,0,0,0,0,0,0,1
1axg,C,282,CYS,2.5,108.5,0.0,1,0,X,0.0,0.0,0.0,0.0,0.0,0.0,0.0,0.0,40,0.05688545817542354,14,18,-4,0,0,0,0,0,0,0,0,1
1axg,C,283,GLN,-3.5,143.8,0.0,2,2,X,0.0,0.0,0.0,0.0,0.0,0.0,0.0,0.0,36,0.05035761871267001,28,19,9,0,0,0,0,0,0,0,0,1
1axg,C,284,GLU,-3.5,138.4,-1.0,1,3,X,0.0,0.0,0.0,0.0,0.0,0.0,0.0,0.0,33,0.048492521723311866,17,0,17,0,0,0,0,0,0,0,0,1
1axg,C,285,ALA,1.8,88.6,0.0,0,0,X,0.0,0.0,0.0,0.0,0.0,0.0,0.0,0.0,38,0.05222271570202816,32,20,12,0,0,0,0,0,0,0,0,1
1axg,C,286,TYR,-1.3,193.6,0.0,1,1,X,0.0,0.0,0.0,0.0,0.0,0.0,0.0,0.0,34,0.04709369898129325,37,26,11,0,0,0,0,0,0,0,0,1
1axg,C,287,GLY,-0.4,60.1,0.0,0,0,X,0.0,0.0,0.0,0.0,0.0,0.0,0.0,0.0,34,0.05408781269138631,30,22,8,0,0,0,0,0,0,0,0,1
1axg,C,288,VAL,4.2,140.0,0.0,0,0,X,0.0,0.0,0.0,0.0,0.0,0.0,0.0,0.0,40,0.05175644145468863,33,16,17,0,0,0,0,0,0,0,0,1
1axg,C,289,SER,-0.8,89.0,0.0,1,1,X,0.0,0.0,0.0,0.0,0.0,0.0,0.0,0.0,39,0.05595290968074446,22,12,10,0,0,0,0,0,0,0,0,1
1axg,C,290,VAL,4.2,140.0,0.0,0,0,X,0.0,0.0,0.0,0.0,0.0,0.0,0.0,0.0,45,0.05175644145468863,16,11,5,0,0,0,0,0,0,0,0,1
1axg,C,291,ILE,4.5,166.7,0.0,0,0,X,0.0,0.0,0.0,0.0,0.0,0.0,0.0,0.0,43,0.05175644145468863,16,9,7,0,0,0,0,0,0,0,0,1
1axg,C,292,VAL,4.2,140.0,0.0,0,0,X,0.0,0.0,0.0,0.0,0.0,0.0,0.0,0.0,48,0.048958795970651406,8,9,-1,0,0,0,0,0,0,0,0,1
1axg,C,293,GLY,-0.4,60.1,0.0,0,0,X,0.0,0.0,0.0,0.0,0.0,0.0,0.0,0.0,40,0.03963331102386066,21,9,12,0,0,0,0,0,0,0,0,1
1axg,C,294,VAL,4.2,140.0,0.0,0,0,X,0.0,0.0,0.0,0.0,0.0,0.0,0.0,0.0,37,0.043829779249916496,24,14,10,0,0,0,0,0,0,0,0,1
1axg,C,295,PRO,-1.6,112.7,0.0,0,0,X,0.0,0.0,0.0,0.0,0.0,0.0,0.0,0.0,34,0.048492521723311866,14,14,0,0,0,0,0,0,0,0,0,1
1axg,C,296,PRO,-1.6,112.7,0.0,0,0,X,0.0,0.0,0.0,0.0,0.0,0.0,0.0,0.0,26,0.03776821403450251,19,11,8,0,0,0,0,0,0,0,0,1
1axg,C,297,ASP,-3.5,111.1,-1.0,1,3,X,0.0,0.0,0.0,0.0,0.0,0.0,0.0,0.0,21,0.032639197313767604,5,3,2,0,0,0,0,0,0,0,0,1
1axg,C,298,SER,-0.8,89.0,0.0,1,1,X,0.0,0.0,0.0,0.0,0.0,0.0,0.0,0.0,15,0.025178809356335007,0,8,-8,0,0,0,0,0,0,0,0,1
1axg,C,299,GLN,-3.5,143.8,0.0,2,2,X,0.0,0.0,0.0,0.0,0.0,0.0,0.0,0.0,20,0.03124037457174899,5,10,-5,0,0,0,0,0,0,0,0,1
1axg,C,300,ASN,-3.5,114.1,0.0,2,2,X,0.0,0.0,0.0,0.0,0.0,0.0,0.0,0.0,15,0.03403802005578621,0,4,-4,0,0,0,0,0,0,0,0,1
1axg,C,301,LEU,3.8,166.7,0.0,0,0,X,0.0,0.0,0.0,0.0,0.0,0.0,0.0,0.0,23,0.040565859518539735,3,7,-4,0,0,0,0,0,0,0,0,1
1axg,C,302,SER,-0.8,89.0,0.0,1,1,X,0.0,0.0,0.0,0.0,0.0,0.0,0.0,0.0,23,0.035436842797804825,1,6,-5,0,0,0,0,0,0,0,0,1
1axg,C,303,MET,1.9,162.9,0.0,0,0,X,0.0,0.0,0.0,0.0,0.0,0.0,0.0,0.0,23,0.03916703677652112,1,2,-1,0,0,0,0,0,0,0,0,1
1axg,C,304,ASN,-3.5,114.1,0.0,2,2,X,0.0,0.0,0.0,0.0,0.0,0.0,0.0,0.0,25,0.03590311704514436,6,7,-1,0,0,0,0,0,0,0,0,1
1axg,C,305,PRO,-1.6,112.7,0.0,0,0,X,0.0,0.0,0.0,0.0,0.0,0.0,0.0,0.0,33,0.04709369898129325,12,10,2,0,0,0,0,0,0,0,0,1
1axg,C,306,MET,1.9,162.9,0.0,0,0,X,0.0,0.0,0.0,0.0,0.0,0.0,0.0,0.0,34,0.03590311704514436,12,15,-3,0,0,0,0,0,0,0,0,1
1axg,C,307,LEU,3.8,166.7,0.0,0,0,X,0.0,0.0,0.0,0.0,0.0,0.0,0.0,0.0,35,0.04429605349725603,14,9,5,0,0,0,0,0,0,0,0,1
1axg,C,308,LEU,3.8,166.7,0.0,0,0,X,0.0,0.0,0.0,0.0,0.0,0.0,0.0,0.0,32,0.0526889899493677,20,5,15,0,0,0,0,0,0,0,0,1
1axg,C,309,LEU,3.8,166.7,0.0,0,0,X,0.0,0.0,0.0,0.0,0.0,0.0,0.0,0.0,38,0.048492521723311866,15,10,5,0,0,0,0,0,0,0,0,1
1axg,C,310,SER,-0.8,89.0,0.0,1,1,X,0.0,0.0,0.0,0.0,0.0,0.0,0.0,0.0,36,0.04755997322863279,15,10,5,0,0,0,0,0,0,0,0,1
1axg,C,311,GLY,-0.4,60.1,0.0,0,0,X,0.0,0.0,0.0,0.0,0.0,0.0,0.0,0.0,36,0.05222271570202816,23,14,9,0,0,0,0,0,0,0,0,1
1axg,C,312,ARG,-4.5,173.4,1.0,5,0,X,0.0,0.0,0.0,0.0,0.0,0.0,0.0,0.0,35,0.05548663543340492,8,12,-4,0,0,0,0,0,0,0,0,1
1axg,C,313,THR,-0.7,116.1,0.0,1,1,X,0.0,0.0,0.0,0.0,0.0,0.0,0.0,0.0,29,0.04755997322863279,30,11,19,0,0,0,0,0,0,0,0,1
1axg,C,314,TRP,-0.9,227.8,0.0,1,0,X,0.0,0.0,0.0,0.0,0.0,0.0,0.0,0.0,31,0.0526889899493677,30,3,27,0,0,0,0,0,0,0,0,1
1axg,C,315,LYS,-3.9,168.6,1.0,2,0,X,0.0,0.0,0.0,0.0,0.0,0.0,0.0,0.0,35,0.04989134446533048,18,3,15,0,0,0,0,0,0,0,0,1
1axg,C,316,GLY,-0.4,60.1,0.0,0,0,X,0.0,0.0,0.0,0.0,0.0,0.0,0.0,0.0,41,0.04989134446533048,19,8,11,0,0,0,0,0,0,0,0,1
1axg,C,317,ALA,1.8,88.6,0.0,0,0,X,0.0,0.0,0.0,0.0,0.0,0.0,0.0,0.0,44,0.04989134446533048,18,5,13,0,0,0,0,0,0,0,0,1
1axg,C,318,ILE,4.5,166.7,0.0,0,0,X,0.0,0.0,0.0,0.0,0.0,0.0,0.0,0.0,44,0.045228601991935104,4,4,0,0,0,0,0,0,0,0,0,1
1axg,C,319,PHE,2.8,189.9,0.0,0,0,X,0.0,0.0,0.0,0.0,0.0,0.0,0.0,0.0,41,0.04709369898129325,17,4,13,0,0,0,0,0,0,0,0,1
1axg,C,320,GLY,-0.4,60.1,0.0,0,0,X,0.0,0.0,0.0,0.0,0.0,0.0,0.0,0.0,43,0.050823892960009553,17,2,15,0,0,0,0,0,0,0,0,1
1axg,C,321,GLY,-0.4,60.1,0.0,0,0,X,0.0,0.0,0.0,0.0,0.0,0.0,0.0,0.0,41,0.048026247475972325,24,9,15,0,0,0,0,0,0,0,0,1
1axg,C,322,PHE,2.8,189.9,0.0,0,0,X,0.0,0.0,0.0,0.0,0.0,0.0,0.0,0.0,37,0.04662742473395372,31,10,21,0,0,0,0,0,0,0,0,1
1axg,C,323,LYS,-3.9,168.6,1.0,2,0,X,0.0,0.0,0.0,0.0,0.0,0.0,0.0,0.0,33,0.048492521723311866,26,14,12,0,0,0,0,0,0,0,0,1
1axg,C,324,SER,-0.8,89.0,0.0,1,1,X,0.0,0.0,0.0,0.0,0.0,0.0,0.0,0.0,39,0.05175644145468863,25,9,16,0,0,0,0,0,0,0,0,1
1axg,C,325,LYS,-3.9,168.6,1.0,2,0,X,0.0,0.0,0.0,0.0,0.0,0.0,0.0,0.0,31,0.043829779249916496,18,18,0,0,0,0,0,0,0,0,0,1
1axg,C,326,ASP,-3.5,111.1,-1.0,1,3,X,0.0,0.0,0.0,0.0,0.0,0.0,0.0,0.0,26,0.03170664881908853,32,0,32,0,0,0,0,0,0,0,0,1
1axg,C,327,SER,-0.8,89.0,0.0,1,1,X,0.0,0.0,0.0,0.0,0.0,0.0,0.0,0.0,31,0.04149840801321881,31,13,18,0,0,0,0,0,0,0,0,1
1axg,C,328,VAL,4.2,140.0,0.0,0,0,X,0.0,0.0,0.0,0.0,0.0,0.0,0.0,0.0,40,0.05455408693872585,28,14,14,0,0,0,0,0,0,0,0,1
1axg,C,329,PRO,-1.6,112.7,0.0,0,0,X,0.0,0.0,0.0,0.0,0.0,0.0,0.0,0.0,32,0.04103213376587927,30,22,8,0,0,0,0,0,0,0,0,1
1axg,C,330,LYS,-3.9,168.6,1.0,2,0,X,0.0,0.0,0.0,0.0,0.0,0.0,0.0,0.0,23,0.032639197313767604,12,17,-5,0,0,0,0,0,0,0,0,1
1axg,C,331,LEU,3.8,166.7,0.0,0,0,X,0.0,0.0,0.0,0.0,0.0,0.0,0.0,0.0,36,0.045228601991935104,20,13,7,0,0,0,0,0,0,0,0,1
1axg,C,332,VAL,4.2,140.0,0.0,0,0,X,0.0,0.0,0.0,0.0,0.0,0.0,0.0,0.0,36,0.05175644145468863,24,18,6,0,0,0,0,0,0,0,0,1
1axg,C,333,ALA,1.8,88.6,0.0,0,0,X,0.0,0.0,0.0,0.0,0.0,0.0,0.0,0.0,26,0.03683566553982344,24,17,7,0,0,0,0,0,0,0,0,1
1axg,C,334,ASP,-3.5,111.1,-1.0,1,3,X,0.0,0.0,0.0,0.0,0.0,0.0,0.0,0.0,22,0.03916703677652112,24,3,21,0,0,0,0,0,0,0,0,1
1axg,C,335,PHE,2.8,189.9,0.0,0,0,X,0.0,0.0,0.0,0.0,0.0,0.0,0.0,0.0,31,0.04662742473395372,28,19,9,0,0,0,0,0,0,0,0,1
1axg,C,336,MET,1.9,162.9,0.0,0,0,X,0.0,0.0,0.0,0.0,0.0,0.0,0.0,0.0,23,0.035436842797804825,23,16,7,0,0,0,0,0,0,0,0,1
1axg,C,337,ALA,1.8,88.6,0.0,0,0,X,0.0,0.0,0.0,0.0,0.0,0.0,0.0,0.0,12,0.026577632098353617,20,10,10,0,0,0,0,0,0,0,0,1
1axg,C,338,LYS,-3.9,168.6,1.0,2,0,X,0.0,0.0,0.0,0.0,0.0,0.0,0.0,0.0,12,0.030307826077069916,9,8,1,0,0,0,0,0,0,0,0,1
1axg,C,339,LYS,-3.9,168.6,1.0,2,0,X,0.0,0.0,0.0,0.0,0.0,0.0,0.0,0.0,14,0.029375277582390842,11,8,3,0,0,0,0,0,0,0,0,1
1axg,C,340,PHE,2.8,189.9,0.0,0,0,X,0.0,0.0,0.0,0.0,0.0,0.0,0.0,0.0,26,0.03683566553982344,22,11,11,0,0,0,0,0,0,0,0,1
1axg,C,341,ALA,1.8,88.6,0.0,0,0,X,0.0,0.0,0.0,0.0,0.0,0.0,0.0,0.0,25,0.034970568550465285,22,17,5,0,0,0,0,0,0,0,0,1
1axg,C,342,LEU,3.8,166.7,0.0,0,0,X,0.0,0.0,0.0,0.0,0.0,0.0,0.0,0.0,36,0.043829779249916496,19,17,2,0,0,0,0,0,0,0,0,1
1axg,C,343,ASP,-3.5,111.1,-1.0,1,3,X,0.0,0.0,0.0,0.0,0.0,0.0,0.0,0.0,22,0.030307826077069916,18,10,8,0,0,0,0,0,0,0,0,1
1axg,C,344,PRO,-1.6,112.7,0.0,0,0,X,0.0,0.0,0.0,0.0,0.0,0.0,0.0,0.0,25,0.034970568550465285,22,17,5,0,0,0,0,0,0,0,0,1
1axg,C,345,LEU,3.8,166.7,0.0,0,0,X,0.0,0.0,0.0,0.0,0.0,0.0,0.0,0.0,37,0.04476232774459557,29,16,13,0,0,0,0,0,0,0,0,1
1axg,C,346,ILE,4.5,166.7,0.0,0,0,X,0.0,0.0,0.0,0.0,0.0,0.0,0.0,0.0,30,0.04149840801321881,33,17,16,0,0,0,0,0,0,0,0,1
1axg,C,347,THR,-0.7,116.1,0.0,1,1,X,0.0,0.0,0.0,0.0,0.0,0.0,0.0,0.0,24,0.03450429430312575,27,14,13,0,0,0,0,0,0,0,0,1
1axg,C,348,HIS,-3.2,153.2,0.1,2,1,X,0.0,0.0,0.0,0.0,0.0,0.0,0.0,0.0,26,0.03403802005578621,11,15,-4,0,0,0,0,0,0,0,0,1
1axg,C,349,VAL,4.2,140.0,0.0,0,0,X,0.0,0.0,0.0,0.0,0.0,0.0,0.0,0.0,24,0.03450429430312575,23,5,18,0,0,0,0,0,0,0,0,1
1axg,C,350,LEU,3.8,166.7,0.0,0,0,X,0.0,0.0,0.0,0.0,0.0,0.0,0.0,0.0,24,0.03776821403450251,21,18,3,0,0,0,0,0,0,0,0,1
1axg,C,351,PRO,-1.6,112.7,0.0,0,0,X,0.0,0.0,0.0,0.0,0.0,0.0,0.0,0.0,21,0.03683566553982344,12,17,-5,0,0,0,0,0,0,0,0,1
1axg,C,352,PHE,2.8,189.9,0.0,0,0,X,0.0,0.0,0.0,0.0,0.0,0.0,0.0,0.0,35,0.04289723075523742,16,15,1,0,0,0,0,0,0,0,0,1
1axg,C,353,GLU,-3.5,138.4,-1.0,1,3,X,0.0,0.0,0.0,0.0,0.0,0.0,0.0,0.0,19,0.03450429430312575,18,8,10,0,0,0,0,0,0,0,0,1
1axg,C,354,LYS,-3.9,168.6,1.0,2,0,X,0.0,0.0,0.0,0.0,0.0,0.0,0.0,0.0,19,0.03776821403450251,1,23,-22,0,0,0,0,0,0,0,0,1
1axg,C,355,ILE,4.5,166.7,0.0,0,0,X,0.0,0.0,0.0,0.0,0.0,0.0,0.0,0.0,37,0.05175644145468863,14,28,-14,0,0,0,0,0,0,0,0,1
1axg,C,356,ASN,-3.5,114.1,0.0,2,2,X,0.0,0.0,0.0,0.0,0.0,0.0,0.0,0.0,28,0.04196468226055834,20,23,-3,0,0,0,0,0,0,0,0,1
1axg,C,357,GLU,-3.5,138.4,-1.0,1,3,X,0.0,0.0,0.0,0.0,0.0,0.0,0.0,0.0,25,0.03357174580844668,18,15,3,0,0,0,0,0,0,0,0,1
1axg,C,358,GLY,-0.4,60.1,0.0,0,0,X,0.0,0.0,0.0,0.0,0.0,0.0,0.0,0.0,33,0.053155264196707235,36,31,5,0,0,0,0,0,0,0,0,1
1axg,C,359,PHE,2.8,189.9,0.0,0,0,X,0.0,0.0,0.0,0.0,0.0,0.0,0.0,0.0,37,0.04755997322863279,31,32,-1,0,0,0,0,0,0,0,0,1
1axg,C,360,ASP,-3.5,111.1,-1.0,1,3,X,0.0,0.0,0.0,0.0,0.0,0.0,0.0,0.0,22,0.03450429430312575,20,21,-1,0,0,0,0,0,0,0,0,1
1axg,C,361,LEU,3.8,166.7,0.0,0,0,X,0.0,0.0,0.0,0.0,0.0,0.0,0.0,0.0,25,0.040565859518539735,31,25,6,0,0,0,0,0,0,0,0,1
1axg,C,362,LEU,3.8,166.7,0.0,0,0,X,0.0,0.0,0.0,0.0,0.0,0.0,0.0,0.0,29,0.04989134446533048,45,34,11,0,0,0,0,0,0,0,0,1
1axg,C,363,ARG,-4.5,173.4,1.0,5,0,X,0.0,0.0,0.0,0.0,0.0,0.0,0.0,0.0,24,0.03170664881908853,16,28,-12,0,0,0,0,0,0,0,0,1
1axg,C,364,SER,-0.8,89.0,0.0,1,1,X,0.0,0.0,0.0,0.0,0.0,0.0,0.0,0.0,17,0.025645083603674543,25,22,3,0,0,0,0,0,0,0,0,1
1axg,C,365,GLY,-0.4,60.1,0.0,0,0,X,0.0,0.0,0.0,0.0,0.0,0.0,0.0,0.0,23,0.02984155182973038,27,25,2,0,0,0,0,0,0,0,0,1
1axg,C,366,GLU,-3.5,138.4,-1.0,1,3,X,0.0,0.0,0.0,0.0,0.0,0.0,0.0,0.0,19,0.03170664881908853,23,15,8,0,0,0,0,0,0,0,0,1
1axg,C,367,SER,-0.8,89.0,0.0,1,1,X,0.0,0.0,0.0,0.0,0.0,0.0,0.0,0.0,32,0.040565859518539735,42,19,23,0,0,0,0,0,0,0,0,1
1axg,C,368,ILE,4.5,166.7,0.0,0,0,X,0.0,0.0,0.0,0.0,0.0,0.0,0.0,0.0,38,0.043829779249916496,46,13,33,0,0,0,0,0,0,0,0,1
1axg,C,369,ARG,-4.5,173.4,1.0,5,0,X,0.0,0.0,0.0,0.0,0.0,0.0,0.0,0.0,43,0.048492521723311866,20,16,4,0,0,0,0,0,0,0,0,1
1axg,C,370,THR,-0.7,116.1,0.0,1,1,X,0.0,0.0,0.0,0.0,0.0,0.0,0.0,0.0,37,0.053155264196707235,28,18,10,0,0,0,0,0,0,0,0,1
1axg,C,371,ILE,4.5,166.7,0.0,0,0,X,0.0,0.0,0.0,0.0,0.0,0.0,0.0,0.0,38,0.04942507021799094,27,19,8,0,0,0,0,0,0,0,0,1
1axg,C,372,LEU,3.8,166.7,0.0,0,0,X,0.0,0.0,0.0,0.0,0.0,0.0,0.0,0.0,39,0.05222271570202816,17,26,-9,0,0,0,0,0,0,0,0,1
1axg,C,373,THR,-0.7,116.1,0.0,1,1,X,0.0,0.0,0.0,0.0,0.0,0.0,0.0,0.0,26,0.03916703677652112,10,16,-6,0,0,0,0,0,0,0,0,1
1axg,C,374,PHE,2.8,189.9,0.0,0,0,X,0.0,0.0,0.0,0.0,0.0,0.0,0.0,0.0,31,0.03870076252918159,15,10,5,0,0,0,0,0,0,0,0,1
1axg,D,1,SER,-0.8,89.0,0.0,1,1,X,0.0,0.0,0.0,0.0,0.0,0.0,0.0,0.0,10,0.01305567892550704,13,7,6,0,0,0,0,0,0,0,0,1
1axg,D,2,THR,-0.7,116.1,0.0,1,1,X,0.0,0.0,0.0,0.0,0.0,0.0,0.0,0.0,19,0.028909003335051305,26,9,17,0,0,0,0,0,0,0,0,1
1axg,D,3,ALA,1.8,88.6,0.0,0,0,X,0.0,0.0,0.0,0.0,0.0,0.0,0.0,0.0,18,0.030774100324409453,20,9,11,0,0,0,0,0,0,0,0,1
1axg,D,4,GLY,-0.4,60.1,0.0,0,0,X,0.0,0.0,0.0,0.0,0.0,0.0,0.0,0.0,16,0.027510180593032695,19,7,12,0,0,0,0,0,0,0,0,1
1axg,D,5,LYS,-3.9,168.6,1.0,2,0,X,0.0,0.0,0.0,0.0,0.0,0.0,0.0,0.0,16,0.03170664881908853,15,7,8,0,0,0,0,0,0,0,0,1
1axg,D,6,VAL,4.2,140.0,0.0,0,0,X,0.0,0.0,0.0,0.0,0.0,0.0,0.0,0.0,22,0.03730193978716297,30,12,18,0,0,0,0,0,0,0,0,1
1axg,D,7,ILE,4.5,166.7,0.0,0,0,X,0.0,0.0,0.0,0.0,0.0,0.0,0.0,0.0,29,0.04103213376587927,41,20,21,0,0,0,0,0,0,0,0,1
1axg,D,8,LYS,-3.9,168.6,1.0,2,0,X,0.0,0.0,0.0,0.0,0.0,0.0,0.0,0.0,19,0.03450429430312575,17,20,-3,0,0,0,0,0,0,0,0,1
1axg,D,9,CYS,2.5,108.5,0.0,1,0,X,0.0,0.0,0.0,0.0,0.0,0.0,0.0,0.0,30,0.040099585271200194,23,25,-2,0,0,0,0,0,0,0,0,1
1axg,D,10,LYS,-3.9,168.6,1.0,2,0,X,0.0,0.0,0.0,0.0,0.0,0.0,0.0,0.0,23,0.04429605349725603,6,28,-22,0,0,0,0,0,0,0,0,1
1axg,D,11,ALA,1.8,88.6,0.0,0,0,X,0.0,0.0,0.0,0.0,0.0,0.0,0.0,0.0,36,0.0526889899493677,13,29,-16,0,0,0,0,0,0,0,0,1
1axg,D,12,ALA,1.8,88.6,0.0,0,0,X,0.0,0.0,0.0,0.0,0.0,0.0,0.0,0.0,39,0.05129016720734909,9,19,-10,0,0,0,0,0,0,0,0,1
1axg,D,13,VAL,4.2,140.0,0.0,0,0,X,0.0,0.0,0.0,0.0,0.0,0.0,0.0,0.0,37,0.05408781269138631,20,18,2,0,0,0,0,0,0,0,0,1
1axg,D,14,LEU,3.8,166.7,0.0,0,0,X,0.0,0.0,0.0,0.0,0.0,0.0,0.0,0.0,37,0.04989134446533048,20,28,-8,0,0,0,0,0,0,0,0,1
1axg,D,15,TRP,-0.9,227.8,0.0,1,0,X,0.0,0.0,0.0,0.0,0.0,0.0,0.0,0.0,25,0.03450429430312575,30,19,11,0,0,0,0,0,0,0,0,1
1axg,D,16,GLU,-3.5,138.4,-1.0,1,3,X,0.0,0.0,0.0,0.0,0.0,0.0,0.0,0.0,14,0.03403802005578621,16,9,7,0,0,0,0,0,0,0,0,1
1axg,D,17,GLU,-3.5,138.4,-1.0,1,3,X,0.0,0.0,0.0,0.0,0.0,0.0,0.0,0.0,22,0.03450429430312575,22,17,5,0,0,0,0,0,0,0,0,1
1axg,D,18,LYS,-3.9,168.6,1.0,2,0,X,0.0,0.0,0.0,0.0,0.0,0.0,0.0,0.0,15,0.030774100324409453,18,25,-7,0,0,0,0,0,0,0,0,1
1axg,D,19,LYS,-3.9,168.6,1.0,2,0,X,0.0,0.0,0.0,0.0,0.0,0.0,0.0,0.0,16,0.030307826077069916,12,18,-6,0,0,0,0,0,0,0,0,1
1axg,D,20,PRO,-1.6,112.7,0.0,0,0,X,0.0,0.0,0.0,0.0,0.0,0.0,0.0,0.0,21,0.030307826077069916,20,21,-1,0,0,0,0,0,0,0,0,1
1axg,D,21,PHE,2.8,189.9,0.0,0,0,X,0.0,0.0,0.0,0.0,0.0,0.0,0.0,0.0,35,0.04149840801321881,19,36,-17,0,0,0,0,0,0,0,0,1
1axg,D,22,SER,-0.8,89.0,0.0,1,1,X,0.0,0.0,0.0,0.0,0.0,0.0,0.0,0.0,25,0.034970568550465285,17,20,-3,0,0,0,0,0,0,0,0,1
1axg,D,23,ILE,4.5,166.7,0.0,0,0,X,0.0,0.0,0.0,0.0,0.0,0.0,0.0,0.0,26,0.040099585271200194,15,24,-9,0,0,0,0,0,0,0,0,1
1axg,D,24,GLU,-3.5,138.4,-1.0,1,3,X,0.0,0.0,0.0,0.0,0.0,0.0,0.0,0.0,27,0.03963331102386066,20,12,8,0,0,0,0,0,0,0,0,1
1axg,D,25,GLU,-3.5,138.4,-1.0,1,3,X,0.0,0.0,0.0,0.0,0.0,0.0,0.0,0.0,22,0.035436842797804825,27,18,9,0,0,0,0,0,0,0,0,1
1axg,D,26,VAL,4.2,140.0,0.0,0,0,X,0.0,0.0,0.0,0.0,0.0,0.0,0.0,0.0,33,0.048026247475972325,33,27,6,0,0,0,0,0,0,0,0,1
1axg,D,27,GLU,-3.5,138.4,-1.0,1,3,X,0.0,0.0,0.0,0.0,0.0,0.0,0.0,0.0,28,0.04289723075523742,31,13,18,0,0,0,0,0,0,0,0,1
1axg,D,28,VAL,4.2,140.0,0.0,0,0,X,0.0,0.0,0.0,0.0,0.0,0.0,0.0,0.0,37,0.05548663543340492,45,17,28,0,0,0,0,0,0,0,0,1
1axg,D,29,ALA,1.8,88.6,0.0,0,0,X,0.0,0.0,0.0,0.0,0.0,0.0,0.0,0.0,31,0.04103213376587927,44,17,27,0,0,0,0,0,0,0,0,1
1axg,D,30,PRO,-1.6,112.7,0.0,0,0,X,0.0,0.0,0.0,0.0,0.0,0.0,0.0,0.0,29,0.048026247475972325,39,20,19,0,0,0,0,0,0,0,0,1
1axg,D,31,PRO,-1.6,112.7,0.0,0,0,X,0.0,0.0,0.0,0.0,0.0,0.0,0.0,0.0,32,0.05035761871267001,38,30,8,0,0,0,0,0,0,0,0,1
1axg,D,32,LYS,-3.9,168.6,1.0,2,0,X,0.0,0.0,0.0,0.0,0.0,0.0,0.0,0.0,26,0.03450429430312575,26,33,-7,0,0,0,0,0,0,0,0,1
1axg,D,33,ALA,1.8,88.6,0.0,0,0,X,0.0,0.0,0.0,0.0,0.0,0.0,0.0,0.0,21,0.02984155182973038,25,39,-14,0,0,0,0,0,0,0,0,1
1axg,D,34,HIS,-3.2,153.2,0.1,2,1,X,0.0,0.0,0.0,0.0,0.0,0.0,0.0,0.0,21,0.03870076252918159,8,35,-27,0,0,0,0,0,0,0,0,1
1axg,D,35,GLU,-3.5,138.4,-1.0,1,3,X,0.0,0.0,0.0,0.0,0.0,0.0,0.0,0.0,32,0.050823892960009553,39,29,10,0,0,0,0,0,0,0,0,1
1axg,D,36,VAL,4.2,140.0,0.0,0,0,X,0.0,0.0,0.0,0.0,0.0,0.0,0.0,0.0,45,0.05502036118606539,31,40,-9,0,0,0,0,0,0,0,0,1
1axg,D,37,ARG,-4.5,173.4,1.0,5,0,X,0.0,0.0,0.0,0.0,0.0,0.0,0.0,0.0,34,0.05455408693872585,26,19,7,0,0,0,0,0,0,0,0,1
1axg,D,38,ILE,4.5,166.7,0.0,0,0,X,0.0,0.0,0.0,0.0,0.0,0.0,0.0,0.0,46,0.05502036118606539,27,20,7,0,0,0,0,0,0,0,0,1
1axg,D,39,LYS,-3.9,168.6,1.0,2,0,X,0.0,0.0,0.0,0.0,0.0,0.0,0.0,0.0,26,0.045228601991935104,12,11,1,0,0,0,0,0,0,0,0,1
1axg,D,40,MET,1.9,162.9,0.0,0,0,X,0.0,0.0,0.0,0.0,0.0,0.0,0.0,0.0,40,0.05222271570202816,16,6,10,0,0,0,0,0,0,0,0,1
1axg,D,41,VAL,4.2,140.0,0.0,0,0,X,0.0,0.0,0.0,0.0,0.0,0.0,0.0,0.0,33,0.04149840801321881,17,11,6,0,0,0,0,0,0,0,0,1
1axg,D,42,ALA,1.8,88.6,0.0,0,0,X,0.0,0.0,0.0,0.0,0.0,0.0,0.0,0.0,40,0.048026247475972325,11,17,-6,0,0,0,0,0,0,0,0,1
1axg,D,43,THR,-0.7,116.1,0.0,1,1,X,0.0,0.0,0.0,0.0,0.0,0.0,0.0,0.0,44,0.056419183928083996,22,18,4,0,0,0,0,0,0,0,0,1
1axg,D,44,GLY,-0.4,60.1,0.0,0,0,X,0.0,0.0,0.0,0.0,0.0,0.0,0.0,0.0,47,0.05035761871267001,30,20,10,0,0,0,0,0,0,0,0,1
1axg,D,45,ILE,4.5,166.7,0.0,0,0,X,0.0,0.0,0.0,0.0,0.0,0.0,0.0,0.0,46,0.05408781269138631,45,31,14,0,0,0,0,0,0,0,0,1
1axg,D,46,CYS,2.5,108.5,0.0,1,0,X,0.0,0.0,0.0,0.0,0.0,0.0,0.0,0.0,41,0.043829779249916496,40,25,15,0,0,0,0,0,0,0,0,1
1axg,D,47,ARG,-4.5,173.4,1.0,5,0,X,0.0,0.0,0.0,0.0,0.0,0.0,0.0,0.0,33,0.034970568550465285,30,17,13,0,0,0,0,0,0,0,0,1
1axg,D,48,SER,-0.8,89.0,0.0,1,1,X,0.0,0.0,0.0,0.0,0.0,0.0,0.0,0.0,39,0.040565859518539735,35,23,12,0,0,0,0,0,0,0,0,1
1axg,D,49,ASP,-3.5,111.1,-1.0,1,3,X,0.0,0.0,0.0,0.0,0.0,0.0,0.0,0.0,39,0.05175644145468863,39,17,22,0,0,0,0,0,0,0,0,1
1axg,D,50,ASP,-3.5,111.1,-1.0,1,3,X,0.0,0.0,0.0,0.0,0.0,0.0,0.0,0.0,28,0.048958795970651406,42,14,28,0,0,0,0,0,0,0,0,1
1axg,D,51,HIS,-3.2,153.2,0.1,2,1,X,0.0,0.0,0.0,0.0,0.0,0.0,0.0,0.0,29,0.04289723075523742,20,22,-2,0,0,0,0,0,0,0,0,1
1axg,D,52,VAL,4.2,140.0,0.0,0,0,X,0.0,0.0,0.0,0.0,0.0,0.0,0.0,0.0,37,0.05222271570202816,30,30,0,0,0,0,0,0,0,0,0,1
1axg,D,53,VAL,4.2,140.0,0.0,0,0,X,0.0,0.0,0.0,0.0,0.0,0.0,0.0,0.0,30,0.04942507021799094,36,29,7,0,0,0,0,0,0,0,0,1
1axg,D,54,SER,-0.8,89.0,0.0,1,1,X,0.0,0.0,0.0,0.0,0.0,0.0,0.0,0.0,25,0.0363693912924839,36,27,9,0,0,0,0,0,0,0,0,1
1axg,D,55,GLY,-0.4,60.1,0.0,0,0,X,0.0,0.0,0.0,0.0,0.0,0.0,0.0,0.0,26,0.03730193978716297,20,33,-13,0,0,0,0,0,0,0,0,1
1axg,D,56,THR,-0.7,116.1,0.0,1,1,X,0.0,0.0,0.0,0.0,0.0,0.0,0.0,0.0,25,0.03916703677652112,25,25,0,0,0,0,0,0,0,0,0,1
1axg,D,57,LEU,3.8,166.7,0.0,0,0,X,0.0,0.0,0.0,0.0,0.0,0.0,0.0,0.0,35,0.045228601991935104,20,29,-9,0,0,0,0,0,0,0,0,1
1axg,D,58,VAL,4.2,140.0,0.0,0,0,X,0.0,0.0,0.0,0.0,0.0,0.0,0.0,0.0,33,0.03590311704514436,13,18,-5,0,0,0,0,0,0,0,0,1
1axg,D,59,THR,-0.7,116.1,0.0,1,1,X,0.0,0.0,0.0,0.0,0.0,0.0,0.0,0.0,34,0.040565859518539735,30,18,12,0,0,0,0,0,0,0,0,1
1axg,D,60,PRO,-1.6,112.7,0.0,0,0,X,0.0,0.0,0.0,0.0,0.0,0.0,0.0,0.0,27,0.035436842797804825,30,9,21,0,0,0,0,0,0,0,0,1
1axg,D,61,LEU,3.8,166.7,0.0,0,0,X,0.0,0.0,0.0,0.0,0.0,0.0,0.0,0.0,28,0.0363693912924839,22,20,2,0,0,0,0,0,0,0,0,1
1axg,D,62,PRO,-1.6,112.7,0.0,0,0,X,0.0,0.0,0.0,0.0,0.0,0.0,0.0,0.0,28,0.04103213376587927,25,10,15,0,0,0,0,0,0,0,0,1
1axg,D,63,VAL,4.2,140.0,0.0,0,0,X,0.0,0.0,0.0,0.0,0.0,0.0,0.0,0.0,39,0.053155264196707235,22,9,13,0,0,0,0,0,0,0,0,1
1axg,D,64,ILE,4.5,166.7,0.0,0,0,X,0.0,0.0,0.0,0.0,0.0,0.0,0.0,0.0,48,0.05455408693872585,27,8,19,0,0,0,0,0,0,0,0,1
1axg,D,65,ALA,1.8,88.6,0.0,0,0,X,0.0,0.0,0.0,0.0,0.0,0.0,0.0,0.0,46,0.05455408693872585,22,16,6,0,0,0,0,0,0,0,0,1
1axg,D,66,GLY,-0.4,60.1,0.0,0,0,X,0.0,0.0,0.0,0.0,0.0,0.0,0.0,0.0,45,0.05455408693872585,21,19,2,0,0,0,0,0,0,0,0,1
1axg,D,67,HIS,-3.2,153.2,0.1,2,1,X,0.0,0.0,0.0,0.0,0.0,0.0,0.0,0.0,41,0.061548200648818906,9,18,-9,0,0,0,0,0,0,0,0,1
1axg,D,68,GLU,-3.5,138.4,-1.0,1,3,X,0.0,0.0,0.0,0.0,0.0,0.0,0.0,0.0,45,0.056419183928083996,26,8,18,0,0,0,0,0,0,0,0,1
1axg,D,69,ALA,1.8,88.6,0.0,0,0,X,0.0,0.0,0.0,0.0,0.0,0.0,0.0,0.0,53,0.053155264196707235,18,16,2,0,0,0,0,0,0,0,0,1
1axg,D,70,ALA,1.8,88.6,0.0,0,0,X,0.0,0.0,0.0,0.0,0.0,0.0,0.0,0.0,44,0.05408781269138631,24,19,5,0,0,0,0,0,0,0,0,1
1axg,D,71,GLY,-0.4,60.1,0.0,0,0,X,0.0,0.0,0.0,0.0,0.0,0.0,0.0,0.0,40,0.048026247475972325,27,14,13,0,0,0,0,0,0,0,0,1
1axg,D,72,ILE,4.5,166.7,0.0,0,0,X,0.0,0.0,0.0,0.0,0.0,0.0,0.0,0.0,33,0.043363505002576956,29,18,11,0,0,0,0,0,0,0,0,1
1axg,D,73,VAL,4.2,140.0,0.0,0,0,X,0.0,0.0,0.0,0.0,0.0,0.0,0.0,0.0,36,0.050823892960009553,35,19,16,0,0,0,0,0,0,0,0,1
1axg,D,74,GLU,-3.5,138.4,-1.0,1,3,X,0.0,0.0,0.0,0.0,0.0,0.0,0.0,0.0,32,0.043363505002576956,29,6,23,0,0,0,0,0,0,0,0,1
1axg,D,75,SER,-0.8,89.0,0.0,1,1,X,0.0,0.0,0.0,0.0,0.0,0.0,0.0,0.0,34,0.04429605349725603,31,18,13,0,0,0,0,0,0,0,0,1
1axg,D,76,ILE,4.5,166.7,0.0,0,0,X,0.0,0.0,0.0,0.0,0.0,0.0,0.0,0.0,31,0.048026247475972325,29,32,-3,0,0,0,0,0,0,0,0,1
1axg,D,77,GLY,-0.4,60.1,0.0,0,0,X,0.0,0.0,0.0,0.0,0.0,0.0,0.0,0.0,27,0.040565859518539735,30,32,-2,0,0,0,0,0,0,0,0,1
1axg,D,78,GLU,-3.5,138.4,-1.0,1,3,X,0.0,0.0,0.0,0.0,0.0,0.0,0.0,0.0,11,0.02797645484037223,16,9,7,0,0,0,0,0,0,0,0,1
1axg,D,79,GLY,-0.4,60.1,0.0,0,0,X,0.0,0.0,0.0,0.0,0.0,0.0,0.0,0.0,15,0.02797645484037223,17,23,-6,0,0,0,0,0,0,0,0,1
1axg,D,80,VAL,4.2,140.0,0.0,0,0,X,0.0,0.0,0.0,0.0,0.0,0.0,0.0,0.0,25,0.03963331102386066,27,27,0,0,0,0,0,0,0,0,0,1
1axg,D,81,THR,-0.7,116.1,0.0,1,1,X,0.0,0.0,0.0,0.0,0.0,0.0,0.0,0.0,17,0.025645083603674543,28,16,12,0,0,0,0,0,0,0,0,1
1axg,D,82,THR,-0.7,116.1,0.0,1,1,X,0.0,0.0,0.0,0.0,0.0,0.0,0.0,0.0,24,0.02797645484037223,34,15,19,0,0,0,0,0,0,0,0,1
1axg,D,83,VAL,4.2,140.0,0.0,0,0,X,0.0,0.0,0.0,0.0,0.0,0.0,0.0,0.0,31,0.04196468226055834,34,26,8,0,0,0,0,0,0,0,0,1
1axg,D,84,ARG,-4.5,173.4,1.0,5,0,X,0.0,0.0,0.0,0.0,0.0,0.0,0.0,0.0,17,0.03730193978716297,7,11,-4,0,0,0,0,0,0,0,0,1
1axg,D,85,PRO,-1.6,112.7,0.0,0,0,X,0.0,0.0,0.0,0.0,0.0,0.0,0.0,0.0,23,0.03170664881908853,23,17,6,0,0,0,0,0,0,0,0,1
1axg,D,86,GLY,-0.4,60.1,0.0,0,0,X,0.0,0.0,0.0,0.0,0.0,0.0,0.0,0.0,22,0.024246260861655933,32,17,15,0,0,0,0,0,0,0,0,1
1axg,D,87,ASP,-3.5,111.1,-1.0,1,3,X,0.0,0.0,0.0,0.0,0.0,0.0,0.0,0.0,27,0.03963331102386066,30,9,21,0,0,0,0,0,0,0,0,1
1axg,D,88,LYS,-3.9,168.6,1.0,2,0,X,0.0,0.0,0.0,0.0,0.0,0.0,0.0,0.0,30,0.04709369898129325,13,19,-6,0,0,0,0,0,0,0,0,1
1axg,D,89,VAL,4.2,140.0,0.0,0,0,X,0.0,0.0,0.0,0.0,0.0,0.0,0.0,0.0,44,0.048958795970651406,33,15,18,0,0,0,0,0,0,0,0,1
1axg,D,90,ILE,4.5,166.7,0.0,0,0,X,0.0,0.0,0.0,0.0,0.0,0.0,0.0,0.0,48,0.05035761871267001,27,11,16,0,0,0,0,0,0,0,0,1
1axg,D,91,PRO,-1.6,112.7,0.0,0,0,X,0.0,0.0,0.0,0.0,0.0,0.0,0.0,0.0,49,0.05129016720734909,18,12,6,0,0,0,0,0,0,0,0,1
1axg,D,92,LEU,3.8,166.7,0.0,0,0,X,0.0,0.0,0.0,0.0,0.0,0.0,0.0,0.0,44,0.053621538444046775,23,15,8,0,0,0,0,0,0,0,0,1
1axg,D,93,PHE,2.8,189.9,0.0,0,0,X,0.0,0.0,0.0,0.0,0.0,0.0,0.0,0.0,45,0.04989134446533048,12,16,-4,0,0,0,0,0,0,0,0,1
1axg,D,94,THR,-0.7,116.1,0.0,1,1,X,0.0,0.0,0.0,0.0,0.0,0.0,0.0,0.0,44,0.05408781269138631,23,6,17,0,0,0,0,0,0,0,0,1
1axg,D,95,PRO,-1.6,112.7,0.0,0,0,X,0.0,0.0,0.0,0.0,0.0,0.0,0.0,0.0,37,0.048492521723311866,23,17,6,0,0,0,0,0,0,0,0,1
1axg,D,96,GLN,-3.5,143.8,0.0,2,2,X,0.0,0.0,0.0,0.0,0.0,0.0,0.0,0.0,36,0.04989134446533048,36,14,22,0,0,0,0,0,0,0,0,1
1axg,D,97,CYS,2.5,108.5,0.0,1,0,X,0.0,0.0,0.0,0.0,0.0,0.0,0.0,0.0,26,0.03403802005578621,38,11,27,0,0,0,0,0,0,0,0,1
1axg,D,98,GLY,-0.4,60.1,0.0,0,0,X,0.0,0.0,0.0,0.0,0.0,0.0,0.0,0.0,20,0.027510180593032695,43,3,40,0,0,0,0,0,0,0,0,1
1axg,D,99,LYS,-3.9,168.6,1.0,2,0,X,0.0,0.0,0.0,0.0,0.0,0.0,0.0,0.0,12,0.022381163872297785,18,0,18,0,0,0,0,0,0,0,0,1
1axg,D,100,CYS,2.5,108.5,0.0,1,0,X,0.0,0.0,0.0,0.0,0.0,0.0,0.0,0.0,23,0.03310547156110714,45,0,45,0,0,0,0,0,0,0,0,1
1axg,D,101,ARG,-4.5,173.4,1.0,5,0,X,0.0,0.0,0.0,0.0,0.0,0.0,0.0,0.0,26,0.03310547156110714,23,12,11,0,0,0,0,0,0,0,0,1
1axg,D,102,VAL,4.2,140.0,0.0,0,0,X,0.0,0.0,0.0,0.0,0.0,0.0,0.0,0.0,31,0.04942507021799094,45,14,31,0,0,0,0,0,0,0,0,1
1axg,D,103,CYS,2.5,108.5,0.0,1,0,X,0.0,0.0,0.0,0.0,0.0,0.0,0.0,0.0,29,0.04616115048661418,49,8,41,0,0,0,0,0,0,0,0,1
1axg,D,104,LYS,-3.9,168.6,1.0,2,0,X,0.0,0.0,0.0,0.0,0.0,0.0,0.0,0.0,17,0.03124037457174899,30,2,28,0,0,0,0,0,0,0,0,1
1axg,D,105,HIS,-3.2,153.2,0.1,2,1,X,0.0,0.0,0.0,0.0,0.0,0.0,0.0,0.0,21,0.03357174580844668,26,15,11,0,0,0,0,0,0,0,0,1
1axg,D,106,PRO,-1.6,112.7,0.0,0,0,X,0.0,0.0,0.0,0.0,0.0,0.0,0.0,0.0,18,0.02331371236697686,32,11,21,0,0,0,0,0,0,0,0,1
1axg,D,107,GLU,-3.5,138.4,-1.0,1,3,X,0.0,0.0,0.0,0.0,0.0,0.0,0.0,0.0,26,0.030307826077069916,34,1,33,0,0,0,0,0,0,0,0,1
1axg,D,108,GLY,-0.4,60.1,0.0,0,0,X,0.0,0.0,0.0,0.0,0.0,0.0,0.0,0.0,37,0.048958795970651406,40,12,28,0,0,0,0,0,0,0,0,1
1axg,D,109,ASN,-3.5,114.1,0.0,2,2,X,0.0,0.0,0.0,0.0,0.0,0.0,0.0,0.0,42,0.0526889899493677,29,10,19,0,0,0,0,0,0,0,0,1
1axg,D,110,PHE,2.8,189.9,0.0,0,0,X,0.0,0.0,0.0,0.0,0.0,0.0,0.0,0.0,39,0.05129016720734909,12,15,-3,0,0,0,0,0,0,0,0,1
1axg,D,111,CYS,2.5,108.5,0.0,1,0,X,0.0,0.0,0.0,0.0,0.0,0.0,0.0,0.0,36,0.048492521723311866,31,9,22,0,0,0,0,0,0,0,0,1
1axg,D,112,LEU,3.8,166.7,0.0,0,0,X,0.0,0.0,0.0,0.0,0.0,0.0,0.0,0.0,30,0.03730193978716297,25,11,14,0,0,0,0,0,0,0,0,1
1axg,D,113,LYS,-3.9,168.6,1.0,2,0,X,0.0,0.0,0.0,0.0,0.0,0.0,0.0,0.0,30,0.03170664881908853,13,15,-2,0,0,0,0,0,0,0,0,1
1axg,D,114,ASN,-3.5,114.1,0.0,2,2,X,0.0,0.0,0.0,0.0,0.0,0.0,0.0,0.0,33,0.04429605349725603,18,12,6,0,0,0,0,0,0,0,0,1
1axg,D,115,ASP,-3.5,111.1,-1.0,1,3,X,0.0,0.0,0.0,0.0,0.0,0.0,0.0,0.0,35,0.04289723075523742,34,1,33,0,0,0,0,0,0,0,0,1
1axg,D,116,LEU,3.8,166.7,0.0,0,0,X,0.0,0.0,0.0,0.0,0.0,0.0,0.0,0.0,30,0.03590311704514436,8,11,-3,0,0,0,0,0,0,0,0,1
1axg,D,117,SER,-0.8,89.0,0.0,1,1,X,0.0,0.0,0.0,0.0,0.0,0.0,0.0,0.0,25,0.028909003335051305,17,17,0,0,0,0,0,0,0,0,0,1
1axg,D,118,MET,1.9,162.9,0.0,0,0,X,0.0,0.0,0.0,0.0,0.0,0.0,0.0,0.0,22,0.02984155182973038,29,14,15,0,0,0,0,0,0,0,0,1
1axg,D,119,PRO,-1.6,112.7,0.0,0,0,X,0.0,0.0,0.0,0.0,0.0,0.0,0.0,0.0,27,0.03823448828184205,33,10,23,0,0,0,0,0,0,0,0,1
1axg,D,120,ARG,-4.5,173.4,1.0,5,0,X,0.0,0.0,0.0,0.0,0.0,0.0,0.0,0.0,27,0.03776821403450251,26,15,11,0,0,0,0,0,0,0,0,1
1axg,D,121,GLY,-0.4,60.1,0.0,0,0,X,0.0,0.0,0.0,0.0,0.0,0.0,0.0,0.0,33,0.048958795970651406,37,12,25,0,0,0,0,0,0,0,0,1
1axg,D,122,THR,-0.7,116.1,0.0,1,1,X,0.0,0.0,0.0,0.0,0.0,0.0,0.0,0.0,32,0.048026247475972325,44,22,22,0,0,0,0,0,0,0,0,1
1axg,D,123,MET,1.9,162.9,0.0,0,0,X,0.0,0.0,0.0,0.0,0.0,0.0,0.0,0.0,34,0.048958795970651406,47,31,16,0,0,0,0,0,0,0,0,1
1axg,D,124,GLN,-3.5,143.8,0.0,2,2,X,0.0,0.0,0.0,0.0,0.0,0.0,0.0,0.0,29,0.034970568550465285,32,33,-1,0,0,0,0,0,0,0,0,1
1axg,D,125,ASP,-3.5,111.1,-1.0,1,3,X,0.0,0.0,0.0,0.0,0.0,0.0,0.0,0.0,15,0.028909003335051305,29,13,16,0,0,0,0,0,0,0,0,1
1axg,D,126,GLY,-0.4,60.1,0.0,0,0,X,0.0,0.0,0.0,0.0,0.0,0.0,0.0,0.0,19,0.02611135785101408,34,17,17,0,0,0,0,0,0,0,0,1
1axg,D,127,THR,-0.7,116.1,0.0,1,1,X,0.0,0.0,0.0,0.0,0.0,0.0,0.0,0.0,19,0.032172923066428064,41,15,26,0,0,0,0,0,0,0,0,1
1axg,D,128,SER,-0.8,89.0,0.0,1,1,X,0.0,0.0,0.0,0.0,0.0,0.0,0.0,0.0,31,0.04243095650789788,40,14,26,0,0,0,0,0,0,0,0,1
1axg,D,129,ARG,-4.5,173.4,1.0,5,0,X,0.0,0.0,0.0,0.0,0.0,0.0,0.0,0.0,33,0.04289723075523742,29,25,4,0,0,0,0,0,0,0,0,1
1axg,D,130,PHE,2.8,189.9,0.0,0,0,X,0.0,0.0,0.0,0.0,0.0,0.0,0.0,0.0,44,0.04662742473395372,36,12,24,0,0,0,0,0,0,0,0,1
1axg,D,131,THR,-0.7,116.1,0.0,1,1,X,0.0,0.0,0.0,0.0,0.0,0.0,0.0,0.0,27,0.04149840801321881,35,22,13,0,0,0,0,0,0,0,0,1
1axg,D,132,CYS,2.5,108.5,0.0,1,0,X,0.0,0.0,0.0,0.0,0.0,0.0,0.0,0.0,28,0.043829779249916496,26,26,0,0,0,0,0,0,0,0,0,1
1axg,D,133,ARG,-4.5,173.4,1.0,5,0,X,0.0,0.0,0.0,0.0,0.0,0.0,0.0,0.0,15,0.027043906345693154,9,19,-10,0,0,0,0,0,0,0,0,1
1axg,D,134,GLY,-0.4,60.1,0.0,0,0,X,0.0,0.0,0.0,0.0,0.0,0.0,0.0,0.0,12,0.022381163872297785,19,11,8,0,0,0,0,0,0,0,0,1
1axg,D,135,LYS,-3.9,168.6,1.0,2,0,X,0.0,0.0,0.0,0.0,0.0,0.0,0.0,0.0,16,0.025178809356335007,13,5,8,0,0,0,0,0,0,0,0,1
1axg,D,136,PRO,-1.6,112.7,0.0,0,0,X,0.0,0.0,0.0,0.0,0.0,0.0,0.0,0.0,22,0.03450429430312575,34,7,27,0,0,0,0,0,0,0,0,1
1axg,D,137,ILE,4.5,166.7,0.0,0,0,X,0.0,0.0,0.0,0.0,0.0,0.0,0.0,0.0,34,0.050823892960009553,43,11,32,0,0,0,0,0,0,0,0,1
1axg,D,138,HIS,-3.2,153.2,0.1,2,1,X,0.0,0.0,0.0,0.0,0.0,0.0,0.0,0.0,32,0.05222271570202816,26,3,23,0,0,0,0,0,0,0,0,1
1axg,D,139,HIS,-3.2,153.2,0.1,2,1,X,0.0,0.0,0.0,0.0,0.0,0.0,0.0,0.0,39,0.05921682941212122,28,13,15,0,0,0,0,0,0,0,0,1
1axg,D,140,PHE,2.8,189.9,0.0,0,0,X,0.0,0.0,0.0,0.0,0.0,0.0,0.0,0.0,41,0.05222271570202816,32,19,13,0,0,0,0,0,0,0,0,1
1axg,D,141,LEU,3.8,166.7,0.0,0,0,X,0.0,0.0,0.0,0.0,0.0,0.0,0.0,0.0,43,0.048492521723311866,26,15,11,0,0,0,0,0,0,0,0,1
1axg,D,142,GLY,-0.4,60.1,0.0,0,0,X,0.0,0.0,0.0,0.0,0.0,0.0,0.0,0.0,44,0.05548663543340492,30,21,9,0,0,0,0,0,0,0,0,1
1axg,D,143,THR,-0.7,116.1,0.0,1,1,X,0.0,0.0,0.0,0.0,0.0,0.0,0.0,0.0,42,0.053621538444046775,22,19,3,0,0,0,0,0,0,0,0,1
1axg,D,144,SER,-0.8,89.0,0.0,1,1,X,0.0,0.0,0.0,0.0,0.0,0.0,0.0,0.0,47,0.05688545817542354,29,8,21,0,0,0,0,0,0,0,0,1
1axg,D,145,THR,-0.7,116.1,0.0,1,1,X,0.0,0.0,0.0,0.0,0.0,0.0,0.0,0.0,48,0.05502036118606539,19,12,7,0,0,0,0,0,0,0,0,1
1axg,D,146,PHE,2.8,189.9,0.0,0,0,X,0.0,0.0,0.0,0.0,0.0,0.0,0.0,0.0,45,0.053155264196707235,13,15,-2,0,0,0,0,0,0,0,0,1
1axg,D,147,SER,-0.8,89.0,0.0,1,1,X,0.0,0.0,0.0,0.0,0.0,0.0,0.0,0.0,42,0.05455408693872585,20,13,7,0,0,0,0,0,0,0,0,1
1axg,D,148,GLN,-3.5,143.8,0.0,2,2,X,0.0,0.0,0.0,0.0,0.0,0.0,0.0,0.0,30,0.048492521723311866,23,14,9,0,0,0,0,0,0,0,0,1
1axg,D,149,TYR,-1.3,193.6,0.0,1,1,X,0.0,0.0,0.0,0.0,0.0,0.0,0.0,0.0,36,0.05455408693872585,33,13,20,0,0,0,0,0,0,0,0,1
1axg,D,150,THR,-0.7,116.1,0.0,1,1,X,0.0,0.0,0.0,0.0,0.0,0.0,0.0,0.0,48,0.0526889899493677,33,15,18,0,0,0,0,0,0,0,0,1
1axg,D,151,VAL,4.2,140.0,0.0,0,0,X,0.0,0.0,0.0,0.0,0.0,0.0,0.0,0.0,44,0.056419183928083996,42,26,16,0,0,0,0,0,0,0,0,1
1axg,D,152,VAL,4.2,140.0,0.0,0,0,X,0.0,0.0,0.0,0.0,0.0,0.0,0.0,0.0,49,0.053155264196707235,34,25,9,0,0,0,0,0,0,0,0,1
1axg,D,153,ASP,-3.5,111.1,-1.0,1,3,X,0.0,0.0,0.0,0.0,0.0,0.0,0.0,0.0,38,0.04289723075523742,40,25,15,0,0,0,0,0,0,0,0,1
1axg,D,154,GLU,-3.5,138.4,-1.0,1,3,X,0.0,0.0,0.0,0.0,0.0,0.0,0.0,0.0,35,0.04289723075523742,22,21,1,0,0,0,0,0,0,0,0,1
1axg,D,155,ILE,4.5,166.7,0.0,0,0,X,0.0,0.0,0.0,0.0,0.0,0.0,0.0,0.0,34,0.04243095650789788,27,24,3,0,0,0,0,0,0,0,0,1
1axg,D,156,SER,-0.8,89.0,0.0,1,1,X,0.0,0.0,0.0,0.0,0.0,0.0,0.0,0.0,41,0.04942507021799094,18,24,-6,0,0,0,0,0,0,0,0,1
1axg,D,157,VAL,4.2,140.0,0.0,0,0,X,0.0,0.0,0.0,0.0,0.0,0.0,0.0,0.0,43,0.04989134446533048,28,26,2,0,0,0,0,0,0,0,0,1
1axg,D,158,ALA,1.8,88.6,0.0,0,0,X,0.0,0.0,0.0,0.0,0.0,0.0,0.0,0.0,42,0.04989134446533048,28,26,2,0,0,0,0,0,0,0,0,1
1axg,D,159,LYS,-3.9,168.6,1.0,2,0,X,0.0,0.0,0.0,0.0,0.0,0.0,0.0,0.0,29,0.04196468226055834,26,20,6,0,0,0,0,0,0,0,0,1
1axg,D,160,ILE,4.5,166.7,0.0,0,0,X,0.0,0.0,0.0,0.0,0.0,0.0,0.0,0.0,38,0.04476232774459557,24,17,7,0,0,0,0,0,0,0,0,1
1axg,D,161,ASP,-3.5,111.1,-1.0,1,3,X,0.0,0.0,0.0,0.0,0.0,0.0,0.0,0.0,24,0.03403802005578621,22,9,13,0,0,0,0,0,0,0,0,1
1axg,D,162,ALA,1.8,88.6,0.0,0,0,X,0.0,0.0,0.0,0.0,0.0,0.0,0.0,0.0,16,0.027510180593032695,17,16,1,0,0,0,0,0,0,0,0,1
1axg,D,163,ALA,1.8,88.6,0.0,0,0,X,0.0,0.0,0.0,0.0,0.0,0.0,0.0,0.0,15,0.020516066882939634,9,11,-2,0,0,0,0,0,0,0,0,1
1axg,D,164,SER,-0.8,89.0,0.0,1,1,X,0.0,0.0,0.0,0.0,0.0,0.0,0.0,0.0,30,0.03823448828184205,20,19,1,0,0,0,0,0,0,0,0,1
1axg,D,165,PRO,-1.6,112.7,0.0,0,0,X,0.0,0.0,0.0,0.0,0.0,0.0,0.0,0.0,25,0.03124037457174899,15,18,-3,0,0,0,0,0,0,0,0,1
1axg,D,166,LEU,3.8,166.7,0.0,0,0,X,0.0,0.0,0.0,0.0,0.0,0.0,0.0,0.0,39,0.043829779249916496,20,18,2,0,0,0,0,0,0,0,0,1
1axg,D,167,GLU,-3.5,138.4,-1.0,1,3,X,0.0,0.0,0.0,0.0,0.0,0.0,0.0,0.0,31,0.04196468226055834,13,6,7,0,0,0,0,0,0,0,0,1
1axg,D,168,LYS,-3.9,168.6,1.0,2,0,X,0.0,0.0,0.0,0.0,0.0,0.0,0.0,0.0,29,0.04243095650789788,1,17,-16,0,0,0,0,0,0,0,0,1
1axg,D,169,VAL,4.2,140.0,0.0,0,0,X,0.0,0.0,0.0,0.0,0.0,0.0,0.0,0.0,42,0.0526889899493677,17,23,-6,0,0,0,0,0,0,0,0,1
1axg,D,170,CYS,2.5,108.5,0.0,1,0,X,0.0,0.0,0.0,0.0,0.0,0.0,0.0,0.0,43,0.05129016720734909,19,18,1,0,0,0,0,0,0,0,0,1
1axg,D,171,LEU,3.8,166.7,0.0,0,0,X,0.0,0.0,0.0,0.0,0.0,0.0,0.0,0.0,45,0.0526889899493677,20,20,0,0,0,0,0,0,0,0,0,1
1axg,D,172,ILE,4.5,166.7,0.0,0,0,X,0.0,0.0,0.0,0.0,0.0,0.0,0.0,0.0,47,0.05222271570202816,13,13,0,0,0,0,0,0,0,0,0,1
1axg,D,173,GLY,-0.4,60.1,0.0,0,0,X,0.0,0.0,0.0,0.0,0.0,0.0,0.0,0.0,46,0.05502036118606539,17,9,8,0,0,0,0,0,0,0,0,1
1axg,D,174,CYS,2.5,108.5,0.0,1,0,X,0.0,0.0,0.0,0.0,0.0,0.0,0.0,0.0,47,0.04755997322863279,18,13,5,0,0,0,0,0,0,0,0,1
1axg,D,175,GLY,-0.4,60.1,0.0,0,0,X,0.0,0.0,0.0,0.0,0.0,0.0,0.0,0.0,45,0.048026247475972325,20,10,10,0,0,0,0,0,0,0,0,1
1axg,D,176,PHE,2.8,189.9,0.0,0,0,X,0.0,0.0,0.0,0.0,0.0,0.0,0.0,0.0,45,0.05502036118606539,8,7,1,0,0,0,0,0,0,0,0,1
1axg,D,177,SER,-0.8,89.0,0.0,1,1,X,0.0,0.0,0.0,0.0,0.0,0.0,0.0,0.0,47,0.053621538444046775,8,5,3,0,0,0,0,0,0,0,0,1
1axg,D,178,THR,-0.7,116.1,0.0,1,1,X,0.0,0.0,0.0,0.0,0.0,0.0,0.0,0.0,48,0.05455408693872585,9,4,5,0,0,0,0,0,0,0,0,1
1axg,D,179,GLY,-0.4,60.1,0.0,0,0,X,0.0,0.0,0.0,0.0,0.0,0.0,0.0,0.0,45,0.05408781269138631,6,2,4,0,0,0,0,0,0,0,0,1
1axg,D,180,TYR,-1.3,193.6,0.0,1,1,X,0.0,0.0,0.0,0.0,0.0,0.0,0.0,0.0,40,0.05502036118606539,16,4,12,0,0,0,0,0,0,0,0,1
1axg,D,181,GLY,-0.4,60.1,0.0,0,0,X,0.0,0.0,0.0,0.0,0.0,0.0,0.0,0.0,37,0.0526889899493677,18,0,18,0,0,0,0,0,0,0,0,1
1axg,D,182,SER,-0.8,89.0,0.0,1,1,X,0.0,0.0,0.0,0.0,0.0,0.0,0.0,0.0,46,0.05688545817542354,24,4,20,0,0,0,0,0,0,0,0,1
1axg,D,183,ALA,1.8,88.6,0.0,0,0,X,0.0,0.0,0.0,0.0,0.0,0.0,0.0,0.0,47,0.05548663543340492,23,0,23,0,0,0,0,0,0,0,0,1
1axg,D,184,VAL,4.2,140.0,0.0,0,0,X,0.0,0.0,0.0,0.0,0.0,0.0,0.0,0.0,35,0.045694876239274644,22,0,22,0,0,0,0,0,0,0,0,1
1axg,D,185,LYS,-3.9,168.6,1.0,2,0,X,0.0,0.0,0.0,0.0,0.0,0.0,0.0,0.0,29,0.03683566553982344,20,9,11,0,0,0,0,0,0,0,0,1
1axg,D,186,VAL,4.2,140.0,0.0,0,0,X,0.0,0.0,0.0,0.0,0.0,0.0,0.0,0.0,39,0.03963331102386066,30,7,23,0,0,0,0,0,0,0,0,1
1axg,D,187,ALA,1.8,88.6,0.0,0,0,X,0.0,0.0,0.0,0.0,0.0,0.0,0.0,0.0,36,0.04476232774459557,25,4,21,0,0,0,0,0,0,0,0,1
1axg,D,188,LYS,-3.9,168.6,1.0,2,0,X,0.0,0.0,0.0,0.0,0.0,0.0,0.0,0.0,23,0.035436842797804825,14,5,9,0,0,0,0,0,0,0,0,1
1axg,D,189,VAL,4.2,140.0,0.0,0,0,X,0.0,0.0,0.0,0.0,0.0,0.0,0.0,0.0,36,0.048958795970651406,22,8,14,0,0,0,0,0,0,0,0,1
1axg,D,190,THR,-0.7,116.1,0.0,1,1,X,0.0,0.0,0.0,0.0,0.0,0.0,0.0,0.0,25,0.032172923066428064,16,8,8,0,0,0,0,0,0,0,0,1
1axg,D,191,GLN,-3.5,143.8,0.0,2,2,X,0.0,0.0,0.0,0.0,0.0,0.0,0.0,0.0,18,0.025645083603674543,7,1,6,0,0,0,0,0,0,0,0,1
1axg,D,192,GLY,-0.4,60.1,0.0,0,0,X,0.0,0.0,0.0,0.0,0.0,0.0,0.0,0.0,18,0.02611135785101408,12,7,5,0,0,0,0,0,0,0,0,1
1axg,D,193,SER,-0.8,89.0,0.0,1,1,X,0.0,0.0,0.0,0.0,0.0,0.0,0.0,0.0,29,0.040099585271200194,21,8,13,0,0,0,0,0,0,0,0,1
1axg,D,194,THR,-0.7,116.1,0.0,1,1,X,0.0,0.0,0.0,0.0,0.0,0.0,0.0,0.0,36,0.045694876239274644,16,12,4,0,0,0,0,0,0,0,0,1
1axg,D,195,CYS,2.5,108.5,0.0,1,0,X,0.0,0.0,0.0,0.0,0.0,0.0,0.0,0.0,43,0.053155264196707235,17,15,2,0,0,0,0,0,0,0,0,1
1axg,D,196,ALA,1.8,88.6,0.0,0,0,X,0.0,0.0,0.0,0.0,0.0,0.0,0.0,0.0,47,0.04942507021799094,8,20,-12,0,0,0,0,0,0,0,0,1
1axg,D,197,VAL,4.2,140.0,0.0,0,0,X,0.0,0.0,0.0,0.0,0.0,0.0,0.0,0.0,47,0.05502036118606539,2,17,-15,0,0,0,0,0,0,0,0,1
1axg,D,198,PHE,2.8,189.9,0.0,0,0,X,0.0,0.0,0.0,0.0,0.0,0.0,0.0,0.0,44,0.04662742473395372,5,19,-14,0,0,0,0,0,0,0,0,1
1axg,D,199,GLY,-0.4,60.1,0.0,0,0,X,0.0,0.0,0.0,0.0,0.0,0.0,0.0,0.0,37,0.04243095650789788,10,17,-7,0,0,0,0,0,0,0,0,1
1axg,D,200,LEU,3.8,166.7,0.0,0,0,X,0.0,0.0,0.0,0.0,0.0,0.0,0.0,0.0,40,0.045228601991935104,23,16,7,0,0,0,0,0,0,0,0,1
1axg,D,201,GLY,-0.4,60.1,0.0,0,0,X,0.0,0.0,0.0,0.0,0.0,0.0,0.0,0.0,41,0.03590311704514436,34,7,27,0,0,0,0,0,0,0,0,1
1axg,D,202,GLY,-0.4,60.1,0.0,0,0,X,0.0,0.0,0.0,0.0,0.0,0.0,0.0,0.0,44,0.04149840801321881,24,7,17,0,0,0,0,0,0,0,0,1
1axg,D,203,ALA,1.8,88.6,0.0,0,0,X,0.0,0.0,0.0,0.0,0.0,0.0,0.0,0.0,43,0.04476232774459557,14,8,6,0,0,0,0,0,0,0,0,1
1axg,D,204,GLY,-0.4,60.1,0.0,0,0,X,0.0,0.0,0.0,0.0,0.0,0.0,0.0,0.0,44,0.04476232774459557,12,7,5,0,0,0,0,0,0,0,0,1
1axg,D,205,LEU,3.8,166.7,0.0,0,0,X,0.0,0.0,0.0,0.0,0.0,0.0,0.0,0.0,44,0.04989134446533048,28,14,14,0,0,0,0,0,0,0,0,1
1axg,D,206,SER,-0.8,89.0,0.0,1,1,X,0.0,0.0,0.0,0.0,0.0,0.0,0.0,0.0,43,0.048958795970651406,9,0,9,0,0,0,0,0,0,0,0,1
1axg,D,207,VAL,4.2,140.0,0.0,0,0,X,0.0,0.0,0.0,0.0,0.0,0.0,0.0,0.0,49,0.053155264196707235,5,4,1,0,0,0,0,0,0,0,0,1
1axg,D,208,ILE,4.5,166.7,0.0,0,0,X,0.0,0.0,0.0,0.0,0.0,0.0,0.0,0.0,48,0.053155264196707235,22,7,15,0,0,0,0,0,0,0,0,1
1axg,D,209,MET,1.9,162.9,0.0,0,0,X,0.0,0.0,0.0,0.0,0.0,0.0,0.0,0.0,38,0.048026247475972325,16,4,12,0,0,0,0,0,0,0,0,1
1axg,D,210,GLY,-0.4,60.1,0.0,0,0,X,0.0,0.0,0.0,0.0,0.0,0.0,0.0,0.0,40,0.05035761871267001,18,0,18,0,0,0,0,0,0,0,0,1
1axg,D,211,CYS,2.5,108.5,0.0,1,0,X,0.0,0.0,0.0,0.0,0.0,0.0,0.0,0.0,41,0.05175644145468863,19,0,19,0,0,0,0,0,0,0,0,1
1axg,D,212,LYS,-3.9,168.6,1.0,2,0,X,0.0,0.0,0.0,0.0,0.0,0.0,0.0,0.0,32,0.03683566553982344,8,3,5,0,0,0,0,0,0,0,0,1
1axg,D,213,ALA,1.8,88.6,0.0,0,0,X,0.0,0.0,0.0,0.0,0.0,0.0,0.0,0.0,27,0.029375277582390842,15,0,15,0,0,0,0,0,0,0,0,1
1axg,D,214,ALA,1.8,88.6,0.0,0,0,X,0.0,0.0,0.0,0.0,0.0,0.0,0.0,0.0,27,0.03730193978716297,17,0,17,0,0,0,0,0,0,0,0,1
1axg,D,215,GLY,-0.4,60.1,0.0,0,0,X,0.0,0.0,0.0,0.0,0.0,0.0,0.0,0.0,26,0.03357174580844668,16,1,15,0,0,0,0,0,0,0,0,1
1axg,D,216,ALA,1.8,88.6,0.0,0,0,X,0.0,0.0,0.0,0.0,0.0,0.0,0.0,0.0,32,0.04662742473395372,19,6,13,0,0,0,0,0,0,0,0,1
1axg,D,217,ALA,1.8,88.6,0.0,0,0,X,0.0,0.0,0.0,0.0,0.0,0.0,0.0,0.0,22,0.029375277582390842,19,6,13,0,0,0,0,0,0,0,0,1
1axg,D,218,ARG,-4.5,173.4,1.0,5,0,X,0.0,0.0,0.0,0.0,0.0,0.0,0.0,0.0,29,0.03730193978716297,2,16,-14,0,0,0,0,0,0,0,0,1
1axg,D,219,ILE,4.5,166.7,0.0,0,0,X,0.0,0.0,0.0,0.0,0.0,0.0,0.0,0.0,41,0.048492521723311866,28,10,18,0,0,0,0,0,0,0,0,1
1axg,D,220,ILE,4.5,166.7,0.0,0,0,X,0.0,0.0,0.0,0.0,0.0,0.0,0.0,0.0,41,0.05035761871267001,17,11,6,0,0,0,0,0,0,0,0,1
1axg,D,221,GLY,-0.4,60.1,0.0,0,0,X,0.0,0.0,0.0,0.0,0.0,0.0,0.0,0.0,41,0.05688545817542354,21,17,4,0,0,0,0,0,0,0,0,1
1axg,D,222,VAL,4.2,140.0,0.0,0,0,X,0.0,0.0,0.0,0.0,0.0,0.0,0.0,0.0,42,0.048958795970651406,7,19,-12,0,0,0,0,0,0,0,0,1
1axg,D,223,ASP,-3.5,111.1,-1.0,1,3,X,0.0,0.0,0.0,0.0,0.0,0.0,0.0,0.0,31,0.048026247475972325,16,11,5,0,0,0,0,0,0,0,0,1
1axg,D,224,ILE,4.5,166.7,0.0,0,0,X,0.0,0.0,0.0,0.0,0.0,0.0,0.0,0.0,20,0.032639197313767604,20,21,-1,0,0,0,0,0,0,0,0,1
1axg,D,225,ASN,-3.5,114.1,0.0,2,2,X,0.0,0.0,0.0,0.0,0.0,0.0,0.0,0.0,24,0.03403802005578621,19,22,-3,0,0,0,0,0,0,0,0,1
1axg,D,226,LYS,-3.9,168.6,1.0,2,0,X,0.0,0.0,0.0,0.0,0.0,0.0,0.0,0.0,16,0.034970568550465285,9,22,-13,0,0,0,0,0,0,0,0,1
1axg,D,227,ASP,-3.5,111.1,-1.0,1,3,X,0.0,0.0,0.0,0.0,0.0,0.0,0.0,0.0,16,0.026577632098353617,24,13,11,0,0,0,0,0,0,0,0,1
1axg,D,228,LYS,-3.9,168.6,1.0,2,0,X,0.0,0.0,0.0,0.0,0.0,0.0,0.0,0.0,32,0.040565859518539735,18,21,-3,0,0,0,0,0,0,0,0,1
1axg,D,229,PHE,2.8,189.9,0.0,0,0,X,0.0,0.0,0.0,0.0,0.0,0.0,0.0,0.0,29,0.03916703677652112,33,27,6,0,0,0,0,0,0,0,0,1
1axg,D,230,ALA,1.8,88.6,0.0,0,0,X,0.0,0.0,0.0,0.0,0.0,0.0,0.0,0.0,19,0.027510180593032695,32,20,12,0,0,0,0,0,0,0,0,1
1axg,D,231,LYS,-3.9,168.6,1.0,2,0,X,0.0,0.0,0.0,0.0,0.0,0.0,0.0,0.0,29,0.03450429430312575,18,19,-1,0,0,0,0,0,0,0,0,1
1axg,D,232,ALA,1.8,88.6,0.0,0,0,X,0.0,0.0,0.0,0.0,0.0,0.0,0.0,0.0,35,0.04755997322863279,29,21,8,0,0,0,0,0,0,0,0,1
1axg,D,233,LYS,-3.9,168.6,1.0,2,0,X,0.0,0.0,0.0,0.0,0.0,0.0,0.0,0.0,23,0.03730193978716297,15,19,-4,0,0,0,0,0,0,0,0,1
1axg,D,234,GLU,-3.5,138.4,-1.0,1,3,X,0.0,0.0,0.0,0.0,0.0,0.0,0.0,0.0,18,0.027043906345693154,22,3,19,0,0,0,0,0,0,0,0,1
1axg,D,235,VAL,4.2,140.0,0.0,0,0,X,0.0,0.0,0.0,0.0,0.0,0.0,0.0,0.0,33,0.03963331102386066,26,12,14,0,0,0,0,0,0,0,0,1
1axg,D,236,GLY,-0.4,60.1,0.0,0,0,X,0.0,0.0,0.0,0.0,0.0,0.0,0.0,0.0,30,0.03683566553982344,29,16,13,0,0,0,0,0,0,0,0,1
1axg,D,237,ALA,1.8,88.6,0.0,0,0,X,0.0,0.0,0.0,0.0,0.0,0.0,0.0,0.0,31,0.04616115048661418,32,15,17,0,0,0,0,0,0,0,0,1
1axg,D,238,THR,-0.7,116.1,0.0,1,1,X,0.0,0.0,0.0,0.0,0.0,0.0,0.0,0.0,24,0.032172923066428064,27,13,14,0,0,0,0,0,0,0,0,1
1axg,D,239,GLU,-3.5,138.4,-1.0,1,3,X,0.0,0.0,0.0,0.0,0.0,0.0,0.0,0.0,26,0.03450429430312575,20,0,20,0,0,0,0,0,0,0,0,1
1axg,D,240,CYS,2.5,108.5,0.0,1,0,X,0.0,0.0,0.0,0.0,0.0,0.0,0.0,0.0,34,0.04243095650789788,23,22,1,0,0,0,0,0,0,0,0,1
1axg,D,241,VAL,4.2,140.0,0.0,0,0,X,0.0,0.0,0.0,0.0,0.0,0.0,0.0,0.0,32,0.04196468226055834,11,25,-14,0,0,0,0,0,0,0,0,1
1axg,D,242,ASN,-3.5,114.1,0.0,2,2,X,0.0,0.0,0.0,0.0,0.0,0.0,0.0,0.0,21,0.043829779249916496,13,17,-4,0,0,0,0,0,0,0,0,1
1axg,D,243,PRO,-1.6,112.7,0.0,0,0,X,0.0,0.0,0.0,0.0,0.0,0.0,0.0,0.0,27,0.04103213376587927,11,17,-6,0,0,0,0,0,0,0,0,1
1axg,D,244,GLN,-3.5,143.8,0.0,2,2,X,0.0,0.0,0.0,0.0,0.0,0.0,0.0,0.0,14,0.027510180593032695,11,14,-3,0,0,0,0,0,0,0,0,1
1axg,D,245,ASP,-3.5,111.1,-1.0,1,3,X,0.0,0.0,0.0,0.0,0.0,0.0,0.0,0.0,15,0.02471253510899547,20,2,18,0,0,0,0,0,0,0,0,1
1axg,D,246,TYR,-1.3,193.6,0.0,1,1,X,0.0,0.0,0.0,0.0,0.0,0.0,0.0,0.0,19,0.03124037457174899,18,18,0,0,0,0,0,0,0,0,0,1
1axg,D,247,LYS,-3.9,168.6,1.0,2,0,X,0.0,0.0,0.0,0.0,0.0,0.0,0.0,0.0,10,0.01958351838826056,9,8,1,0,0,0,0,0,0,0,0,1
1axg,D,248,LYS,-3.9,168.6,1.0,2,0,X,0.0,0.0,0.0,0.0,0.0,0.0,0.0,0.0,14,0.025178809356335007,9,20,-11,0,0,0,0,0,0,0,0,1
1axg,D,249,PRO,-1.6,112.7,0.0,0,0,X,0.0,0.0,0.0,0.0,0.0,0.0,0.0,0.0,17,0.02984155182973038,15,16,-1,0,0,0,0,0,0,0,0,1
1axg,D,250,ILE,4.5,166.7,0.0,0,0,X,0.0,0.0,0.0,0.0,0.0,0.0,0.0,0.0,31,0.043363505002576956,13,25,-12,0,0,0,0,0,0,0,0,1
1axg,D,251,GLN,-3.5,143.8,0.0,2,2,X,0.0,0.0,0.0,0.0,0.0,0.0,0.0,0.0,27,0.040099585271200194,11,17,-6,0,0,0,0,0,0,0,0,1
1axg,D,252,GLU,-3.5,138.4,-1.0,1,3,X,0.0,0.0,0.0,0.0,0.0,0.0,0.0,0.0,15,0.035436842797804825,13,9,4,0,0,0,0,0,0,0,0,1
1axg,D,253,VAL,4.2,140.0,0.0,0,0,X,0.0,0.0,0.0,0.0,0.0,0.0,0.0,0.0,28,0.04289723075523742,14,21,-7,0,0,0,0,0,0,0,0,1
1axg,D,254,LEU,3.8,166.7,0.0,0,0,X,0.0,0.0,0.0,0.0,0.0,0.0,0.0,0.0,38,0.045228601991935104,9,23,-14,0,0,0,0,0,0,0,0,1
1axg,D,255,THR,-0.7,116.1,0.0,1,1,X,0.0,0.0,0.0,0.0,0.0,0.0,0.0,0.0,29,0.043363505002576956,14,22,-8,0,0,0,0,0,0,0,0,1
1axg,D,256,GLU,-3.5,138.4,-1.0,1,3,X,0.0,0.0,0.0,0.0,0.0,0.0,0.0,0.0,17,0.032172923066428064,10,9,1,0,0,0,0,0,0,0,0,1
1axg,D,257,MET,1.9,162.9,0.0,0,0,X,0.0,0.0,0.0,0.0,0.0,0.0,0.0,0.0,28,0.03403802005578621,9,23,-14,0,0,0,0,0,0,0,0,1
1axg,D,258,SER,-0.8,89.0,0.0,1,1,X,0.0,0.0,0.0,0.0,0.0,0.0,0.0,0.0,26,0.03916703677652112,17,21,-4,0,0,0,0,0,0,0,0,1
1axg,D,259,ASN,-3.5,114.1,0.0,2,2,X,0.0,0.0,0.0,0.0,0.0,0.0,0.0,0.0,20,0.025178809356335007,14,12,2,0,0,0,0,0,0,0,0,1
1axg,D,260,GLY,-0.4,60.1,0.0,0,0,X,0.0,0.0,0.0,0.0,0.0,0.0,0.0,0.0,27,0.03357174580844668,17,27,-10,0,0,0,0,0,0,0,0,1
1axg,D,261,GLY,-0.4,60.1,0.0,0,0,X,0.0,0.0,0.0,0.0,0.0,0.0,0.0,0.0,37,0.04755997322863279,18,25,-7,0,0,0,0,0,0,0,0,1
1axg,D,262,VAL,4.2,140.0,0.0,0,0,X,0.0,0.0,0.0,0.0,0.0,0.0,0.0,0.0,39,0.05548663543340492,21,12,9,0,0,0,0,0,0,0,0,1
1axg,D,263,ASP,-3.5,111.1,-1.0,1,3,X,0.0,0.0,0.0,0.0,0.0,0.0,0.0,0.0,38,0.04942507021799094,24,3,21,0,0,0,0,0,0,0,0,1
1axg,D,264,PHE,2.8,189.9,0.0,0,0,X,0.0,0.0,0.0,0.0,0.0,0.0,0.0,0.0,43,0.053155264196707235,15,8,7,0,0,0,0,0,0,0,0,1
1axg,D,265,SER,-0.8,89.0,0.0,1,1,X,0.0,0.0,0.0,0.0,0.0,0.0,0.0,0.0,42,0.05688545817542354,11,15,-4,0,0,0,0,0,0,0,0,1
1axg,D,266,PHE,2.8,189.9,0.0,0,0,X,0.0,0.0,0.0,0.0,0.0,0.0,0.0,0.0,53,0.0526889899493677,8,12,-4,0,0,0,0,0,0,0,0,1
1axg,D,267,GLU,-3.5,138.4,-1.0,1,3,X,0.0,0.0,0.0,0.0,0.0,0.0,0.0,0.0,39,0.056419183928083996,10,6,4,0,0,0,0,0,0,0,0,1
1axg,D,268,VAL,4.2,140.0,0.0,0,0,X,0.0,0.0,0.0,0.0,0.0,0.0,0.0,0.0,39,0.04429605349725603,10,15,-5,0,0,0,0,0,0,0,0,1
1axg,D,269,ILE,4.5,166.7,0.0,0,0,X,0.0,0.0,0.0,0.0,0.0,0.0,0.0,0.0,30,0.03916703677652112,24,24,0,0,0,0,0,0,0,0,0,1
1axg,D,270,GLY,-0.4,60.1,0.0,0,0,X,0.0,0.0,0.0,0.0,0.0,0.0,0.0,0.0,27,0.043363505002576956,27,18,9,0,0,0,0,0,0,0,0,1
1axg,D,271,ARG,-4.5,173.4,1.0,5,0,X,0.0,0.0,0.0,0.0,0.0,0.0,0.0,0.0,21,0.03776821403450251,3,16,-13,0,0,0,0,0,0,0,0,1
1axg,D,272,LEU,3.8,166.7,0.0,0,0,X,0.0,0.0,0.0,0.0,0.0,0.0,0.0,0.0,27,0.04429605349725603,11,16,-5,0,0,0,0,0,0,0,0,1
1axg,D,273,ASP,-3.5,111.1,-1.0,1,3,X,0.0,0.0,0.0,0.0,0.0,0.0,0.0,0.0,24,0.03170664881908853,11,6,5,0,0,0,0,0,0,0,0,1
1axg,D,274,THR,-0.7,116.1,0.0,1,1,X,0.0,0.0,0.0,0.0,0.0,0.0,0.0,0.0,35,0.040099585271200194,11,17,-6,0,0,0,0,0,0,0,0,1
1axg,D,275,MET,1.9,162.9,0.0,0,0,X,0.0,0.0,0.0,0.0,0.0,0.0,0.0,0.0,37,0.05502036118606539,11,17,-6,0,0,0,0,0,0,0,0,1
1axg,D,276,VAL,4.2,140.0,0.0,0,0,X,0.0,0.0,0.0,0.0,0.0,0.0,0.0,0.0,28,0.04616115048661418,10,15,-5,0,0,0,0,0,0,0,0,1
1axg,D,277,THR,-0.7,116.1,0.0,1,1,X,0.0,0.0,0.0,0.0,0.0,0.0,0.0,0.0,35,0.04243095650789788,7,18,-11,0,0,0,0,0,0,0,0,1
1axg,D,278,ALA,1.8,88.6,0.0,0,0,X,0.0,0.0,0.0,0.0,0.0,0.0,0.0,0.0,44,0.053621538444046775,10,16,-6,0,0,0,0,0,0,0,0,1
1axg,D,279,LEU,3.8,166.7,0.0,0,0,X,0.0,0.0,0.0,0.0,0.0,0.0,0.0,0.0,40,0.056419183928083996,17,12,5,0,0,0,0,0,0,0,0,1
1axg,D,280,SER,-0.8,89.0,0.0,1,1,X,0.0,0.0,0.0,0.0,0.0,0.0,0.0,0.0,35,0.03963331102386066,10,16,-6,0,0,0,0,0,0,0,0,1
1axg,D,281,CYS,2.5,108.5,0.0,1,0,X,0.0,0.0,0.0,0.0,0.0,0.0,0.0,0.0,42,0.05129016720734909,9,18,-9,0,0,0,0,0,0,0,0,1
1axg,D,282,CYS,2.5,108.5,0.0,1,0,X,0.0,0.0,0.0,0.0,0.0,0.0,0.0,0.0,38,0.05595290968074446,15,17,-2,0,0,0,0,0,0,0,0,1
1axg,D,283,GLN,-3.5,143.8,0.0,2,2,X,0.0,0.0,0.0,0.0,0.0,0.0,0.0,0.0,35,0.048958795970651406,29,17,12,0,0,0,0,0,0,0,0,1
1axg,D,284,GLU,-3.5,138.4,-1.0,1,3,X,0.0,0.0,0.0,0.0,0.0,0.0,0.0,0.0,35,0.04755997322863279,16,0,16,0,0,0,0,0,0,0,0,1
1axg,D,285,ALA,1.8,88.6,0.0,0,0,X,0.0,0.0,0.0,0.0,0.0,0.0,0.0,0.0,38,0.05129016720734909,31,20,11,0,0,0,0,0,0,0,0,1
1axg,D,286,TYR,-1.3,193.6,0.0,1,1,X,0.0,0.0,0.0,0.0,0.0,0.0,0.0,0.0,34,0.04755997322863279,39,25,14,0,0,0,0,0,0,0,0,1
1axg,D,287,GLY,-0.4,60.1,0.0,0,0,X,0.0,0.0,0.0,0.0,0.0,0.0,0.0,0.0,34,0.05502036118606539,32,21,11,0,0,0,0,0,0,0,0,1
1axg,D,288,VAL,4.2,140.0,0.0,0,0,X,0.0,0.0,0.0,0.0,0.0,0.0,0.0,0.0,41,0.05129016720734909,31,14,17,0,0,0,0,0,0,0,0,1
1axg,D,289,SER,-0.8,89.0,0.0,1,1,X,0.0,0.0,0.0,0.0,0.0,0.0,0.0,0.0,39,0.05595290968074446,25,12,13,0,0,0,0,0,0,0,0,1
1axg,D,290,VAL,4.2,140.0,0.0,0,0,X,0.0,0.0,0.0,0.0,0.0,0.0,0.0,0.0,47,0.0526889899493677,15,11,4,0,0,0,0,0,0,0,0,1
1axg,D,291,ILE,4.5,166.7,0.0,0,0,X,0.0,0.0,0.0,0.0,0.0,0.0,0.0,0.0,42,0.05175644145468863,16,9,7,0,0,0,0,0,0,0,0,1
1axg,D,292,VAL,4.2,140.0,0.0,0,0,X,0.0,0.0,0.0,0.0,0.0,0.0,0.0,0.0,46,0.04755997322863279,8,9,-1,0,0,0,0,0,0,0,0,1
1axg,D,293,GLY,-0.4,60.1,0.0,0,0,X,0.0,0.0,0.0,0.0,0.0,0.0,0.0,0.0,40,0.040099585271200194,20,9,11,0,0,0,0,0,0,0,0,1
1axg,D,294,VAL,4.2,140.0,0.0,0,0,X,0.0,0.0,0.0,0.0,0.0,0.0,0.0,0.0,36,0.04196468226055834,26,14,12,0,0,0,0,0,0,0,0,1
1axg,D,295,PRO,-1.6,112.7,0.0,0,0,X,0.0,0.0,0.0,0.0,0.0,0.0,0.0,0.0,34,0.04709369898129325,15,15,0,0,0,0,0,0,0,0,0,1
1axg,D,296,PRO,-1.6,112.7,0.0,0,0,X,0.0,0.0,0.0,0.0,0.0,0.0,0.0,0.0,26,0.03870076252918159,17,11,6,0,0,0,0,0,0,0,0,1
1axg,D,297,ASP,-3.5,111.1,-1.0,1,3,X,0.0,0.0,0.0,0.0,0.0,0.0,0.0,0.0,24,0.03357174580844668,10,7,3,0,0,0,0,0,0,0,0,1
1axg,D,298,SER,-0.8,89.0,0.0,1,1,X,0.0,0.0,0.0,0.0,0.0,0.0,0.0,0.0,21,0.02611135785101408,9,11,-2,0,0,0,0,0,0,0,0,1
1axg,D,299,GLN,-3.5,143.8,0.0,2,2,X,0.0,0.0,0.0,0.0,0.0,0.0,0.0,0.0,22,0.03124037457174899,10,10,0,0,0,0,0,0,0,0,0,1
1axg,D,300,ASN,-3.5,114.1,0.0,2,2,X,0.0,0.0,0.0,0.0,0.0,0.0,0.0,0.0,20,0.035436842797804825,5,4,1,0,0,0,0,0,0,0,0,1
1axg,D,301,LEU,3.8,166.7,0.0,0,0,X,0.0,0.0,0.0,0.0,0.0,0.0,0.0,0.0,22,0.03823448828184205,3,7,-4,0,0,0,0,0,0,0,0,1
1axg,D,302,SER,-0.8,89.0,0.0,1,1,X,0.0,0.0,0.0,0.0,0.0,0.0,0.0,0.0,15,0.032172923066428064,0,5,-5,0,0,0,0,0,0,0,0,1
1axg,D,303,MET,1.9,162.9,0.0,0,0,X,0.0,0.0,0.0,0.0,0.0,0.0,0.0,0.0,22,0.03823448828184205,2,1,1,0,0,0,0,0,0,0,0,1
1axg,D,304,ASN,-3.5,114.1,0.0,2,2,X,0.0,0.0,0.0,0.0,0.0,0.0,0.0,0.0,24,0.0363693912924839,5,7,-2,0,0,0,0,0,0,0,0,1
1axg,D,305,PRO,-1.6,112.7,0.0,0,0,X,0.0,0.0,0.0,0.0,0.0,0.0,0.0,0.0,34,0.04709369898129325,14,7,7,0,0,0,0,0,0,0,0,1
1axg,D,306,MET,1.9,162.9,0.0,0,0,X,0.0,0.0,0.0,0.0,0.0,0.0,0.0,0.0,34,0.03590311704514436,11,14,-3,0,0,0,0,0,0,0,0,1
1axg,D,307,LEU,3.8,166.7,0.0,0,0,X,0.0,0.0,0.0,0.0,0.0,0.0,0.0,0.0,33,0.04476232774459557,15,9,6,0,0,0,0,0,0,0,0,1
1axg,D,308,LEU,3.8,166.7,0.0,0,0,X,0.0,0.0,0.0,0.0,0.0,0.0,0.0,0.0,32,0.05408781269138631,20,5,15,0,0,0,0,0,0,0,0,1
1axg,D,309,LEU,3.8,166.7,0.0,0,0,X,0.0,0.0,0.0,0.0,0.0,0.0,0.0,0.0,40,0.048492521723311866,16,13,3,0,0,0,0,0,0,0,0,1
1axg,D,310,SER,-0.8,89.0,0.0,1,1,X,0.0,0.0,0.0,0.0,0.0,0.0,0.0,0.0,36,0.04709369898129325,17,9,8,0,0,0,0,0,0,0,0,1
1axg,D,311,GLY,-0.4,60.1,0.0,0,0,X,0.0,0.0,0.0,0.0,0.0,0.0,0.0,0.0,34,0.05222271570202816,22,14,8,0,0,0,0,0,0,0,0,1
1axg,D,312,ARG,-4.5,173.4,1.0,5,0,X,0.0,0.0,0.0,0.0,0.0,0.0,0.0,0.0,36,0.05548663543340492,8,12,-4,0,0,0,0,0,0,0,0,1
1axg,D,313,THR,-0.7,116.1,0.0,1,1,X,0.0,0.0,0.0,0.0,0.0,0.0,0.0,0.0,29,0.048026247475972325,30,8,22,0,0,0,0,0,0,0,0,1
1axg,D,314,TRP,-0.9,227.8,0.0,1,0,X,0.0,0.0,0.0,0.0,0.0,0.0,0.0,0.0,32,0.053621538444046775,29,4,25,0,0,0,0,0,0,0,0,1
1axg,D,315,LYS,-3.9,168.6,1.0,2,0,X,0.0,0.0,0.0,0.0,0.0,0.0,0.0,0.0,34,0.04989134446533048,20,3,17,0,0,0,0,0,0,0,0,1
1axg,D,316,GLY,-0.4,60.1,0.0,0,0,X,0.0,0.0,0.0,0.0,0.0,0.0,0.0,0.0,43,0.04942507021799094,20,9,11,0,0,0,0,0,0,0,0,1
1axg,D,317,ALA,1.8,88.6,0.0,0,0,X,0.0,0.0,0.0,0.0,0.0,0.0,0.0,0.0,45,0.048026247475972325,19,6,13,0,0,0,0,0,0,0,0,1
1axg,D,318,ILE,4.5,166.7,0.0,0,0,X,0.0,0.0,0.0,0.0,0.0,0.0,0.0,0.0,44,0.043829779249916496,6,3,3,0,0,0,0,0,0,0,0,1
1axg,D,319,PHE,2.8,189.9,0.0,0,0,X,0.0,0.0,0.0,0.0,0.0,0.0,0.0,0.0,40,0.048492521723311866,18,3,15,0,0,0,0,0,0,0,0,1
1axg,D,320,GLY,-0.4,60.1,0.0,0,0,X,0.0,0.0,0.0,0.0,0.0,0.0,0.0,0.0,41,0.05175644145468863,19,2,17,0,0,0,0,0,0,0,0,1
1axg,D,321,GLY,-0.4,60.1,0.0,0,0,X,0.0,0.0,0.0,0.0,0.0,0.0,0.0,0.0,43,0.04755997322863279,26,6,20,0,0,0,0,0,0,0,0,1
1axg,D,322,PHE,2.8,189.9,0.0,0,0,X,0.0,0.0,0.0,0.0,0.0,0.0,0.0,0.0,37,0.04662742473395372,30,8,22,0,0,0,0,0,0,0,0,1
1axg,D,323,LYS,-3.9,168.6,1.0,2,0,X,0.0,0.0,0.0,0.0,0.0,0.0,0.0,0.0,31,0.045694876239274644,26,14,12,0,0,0,0,0,0,0,0,1
1axg,D,324,SER,-0.8,89.0,0.0,1,1,X,0.0,0.0,0.0,0.0,0.0,0.0,0.0,0.0,38,0.04989134446533048,24,9,15,0,0,0,0,0,0,0,0,1
1axg,D,325,LYS,-3.9,168.6,1.0,2,0,X,0.0,0.0,0.0,0.0,0.0,0.0,0.0,0.0,29,0.04289723075523742,19,19,0,0,0,0,0,0,0,0,0,1
1axg,D,326,ASP,-3.5,111.1,-1.0,1,3,X,0.0,0.0,0.0,0.0,0.0,0.0,0.0,0.0,24,0.032639197313767604,30,0,30,0,0,0,0,0,0,0,0,1
1axg,D,327,SER,-0.8,89.0,0.0,1,1,X,0.0,0.0,0.0,0.0,0.0,0.0,0.0,0.0,31,0.040099585271200194,30,13,17,0,0,0,0,0,0,0,0,1
1axg,D,328,VAL,4.2,140.0,0.0,0,0,X,0.0,0.0,0.0,0.0,0.0,0.0,0.0,0.0,41,0.05408781269138631,28,13,15,0,0,0,0,0,0,0,0,1
1axg,D,329,PRO,-1.6,112.7,0.0,0,0,X,0.0,0.0,0.0,0.0,0.0,0.0,0.0,0.0,32,0.04196468226055834,30,23,7,0,0,0,0,0,0,0,0,1
1axg,D,330,LYS,-3.9,168.6,1.0,2,0,X,0.0,0.0,0.0,0.0,0.0,0.0,0.0,0.0,23,0.03310547156110714,12,18,-6,0,0,0,0,0,0,0,0,1
1axg,D,331,LEU,3.8,166.7,0.0,0,0,X,0.0,0.0,0.0,0.0,0.0,0.0,0.0,0.0,37,0.04616115048661418,25,15,10,0,0,0,0,0,0,0,0,1
1axg,D,332,VAL,4.2,140.0,0.0,0,0,X,0.0,0.0,0.0,0.0,0.0,0.0,0.0,0.0,38,0.05222271570202816,27,18,9,0,0,0,0,0,0,0,0,1
1axg,D,333,ALA,1.8,88.6,0.0,0,0,X,0.0,0.0,0.0,0.0,0.0,0.0,0.0,0.0,24,0.03776821403450251,24,17,7,0,0,0,0,0,0,0,0,1
1axg,D,334,ASP,-3.5,111.1,-1.0,1,3,X,0.0,0.0,0.0,0.0,0.0,0.0,0.0,0.0,19,0.040099585271200194,24,3,21,0,0,0,0,0,0,0,0,1
1axg,D,335,PHE,2.8,189.9,0.0,0,0,X,0.0,0.0,0.0,0.0,0.0,0.0,0.0,0.0,30,0.04429605349725603,28,20,8,0,0,0,0,0,0,0,0,1
1axg,D,336,MET,1.9,162.9,0.0,0,0,X,0.0,0.0,0.0,0.0,0.0,0.0,0.0,0.0,22,0.034970568550465285,22,16,6,0,0,0,0,0,0,0,0,1
1axg,D,337,ALA,1.8,88.6,0.0,0,0,X,0.0,0.0,0.0,0.0,0.0,0.0,0.0,0.0,12,0.026577632098353617,20,11,9,0,0,0,0,0,0,0,0,1
1axg,D,338,LYS,-3.9,168.6,1.0,2,0,X,0.0,0.0,0.0,0.0,0.0,0.0,0.0,0.0,10,0.02844272908771177,9,5,4,0,0,0,0,0,0,0,0,1
1axg,D,339,LYS,-3.9,168.6,1.0,2,0,X,0.0,0.0,0.0,0.0,0.0,0.0,0.0,0.0,14,0.02844272908771177,11,8,3,0,0,0,0,0,0,0,0,1
1axg,D,340,PHE,2.8,189.9,0.0,0,0,X,0.0,0.0,0.0,0.0,0.0,0.0,0.0,0.0,28,0.034970568550465285,21,10,11,0,0,0,0,0,0,0,0,1
1axg,D,341,ALA,1.8,88.6,0.0,0,0,X,0.0,0.0,0.0,0.0,0.0,0.0,0.0,0.0,28,0.034970568550465285,21,15,6,0,0,0,0,0,0,0,0,1
1axg,D,342,LEU,3.8,166.7,0.0,0,0,X,0.0,0.0,0.0,0.0,0.0,0.0,0.0,0.0,37,0.04149840801321881,21,18,3,0,0,0,0,0,0,0,0,1
1axg,D,343,ASP,-3.5,111.1,-1.0,1,3,X,0.0,0.0,0.0,0.0,0.0,0.0,0.0,0.0,22,0.030307826077069916,16,9,7,0,0,0,0,0,0,0,0,1
1axg,D,344,PRO,-1.6,112.7,0.0,0,0,X,0.0,0.0,0.0,0.0,0.0,0.0,0.0,0.0,26,0.034970568550465285,22,17,5,0,0,0,0,0,0,0,0,1
1axg,D,345,LEU,3.8,166.7,0.0,0,0,X,0.0,0.0,0.0,0.0,0.0,0.0,0.0,0.0,38,0.045228601991935104,30,16,14,0,0,0,0,0,0,0,0,1
1axg,D,346,ILE,4.5,166.7,0.0,0,0,X,0.0,0.0,0.0,0.0,0.0,0.0,0.0,0.0,29,0.04243095650789788,33,18,15,0,0,0,0,0,0,0,0,1
1axg,D,347,THR,-0.7,116.1,0.0,1,1,X,0.0,0.0,0.0,0.0,0.0,0.0,0.0,0.0,23,0.03403802005578621,27,12,15,0,0,0,0,0,0,0,0,1
1axg,D,348,HIS,-3.2,153.2,0.1,2,1,X,0.0,0.0,0.0,0.0,0.0,0.0,0.0,0.0,26,0.03450429430312575,10,19,-9,0,0,0,0,0,0,0,0,1
1axg,D,349,VAL,4.2,140.0,0.0,0,0,X,0.0,0.0,0.0,0.0,0.0,0.0,0.0,0.0,25,0.034970568550465285,23,8,15,0,0,0,0,0,0,0,0,1
1axg,D,350,LEU,3.8,166.7,0.0,0,0,X,0.0,0.0,0.0,0.0,0.0,0.0,0.0,0.0,23,0.03870076252918159,21,17,4,0,0,0,0,0,0,0,0,1
1axg,D,351,PRO,-1.6,112.7,0.0,0,0,X,0.0,0.0,0.0,0.0,0.0,0.0,0.0,0.0,22,0.035436842797804825,12,17,-5,0,0,0,0,0,0,0,0,1
1axg,D,352,PHE,2.8,189.9,0.0,0,0,X,0.0,0.0,0.0,0.0,0.0,0.0,0.0,0.0,33,0.043363505002576956,17,14,3,0,0,0,0,0,0,0,0,1
1axg,D,353,GLU,-3.5,138.4,-1.0,1,3,X,0.0,0.0,0.0,0.0,0.0,0.0,0.0,0.0,19,0.03403802005578621,18,6,12,0,0,0,0,0,0,0,0,1
1axg,D,354,LYS,-3.9,168.6,1.0,2,0,X,0.0,0.0,0.0,0.0,0.0,0.0,0.0,0.0,19,0.03776821403450251,1,22,-21,0,0,0,0,0,0,0,0,1
1axg,D,355,ILE,4.5,166.7,0.0,0,0,X,0.0,0.0,0.0,0.0,0.0,0.0,0.0,0.0,35,0.05175644145468863,12,28,-16,0,0,0,0,0,0,0,0,1
1axg,D,356,ASN,-3.5,114.1,0.0,2,2,X,0.0,0.0,0.0,0.0,0.0,0.0,0.0,0.0,26,0.040099585271200194,17,23,-6,0,0,0,0,0,0,0,0,1
1axg,D,357,GLU,-3.5,138.4,-1.0,1,3,X,0.0,0.0,0.0,0.0,0.0,0.0,0.0,0.0,22,0.03403802005578621,20,16,4,0,0,0,0,0,0,0,0,1
1axg,D,358,GLY,-0.4,60.1,0.0,0,0,X,0.0,0.0,0.0,0.0,0.0,0.0,0.0,0.0,32,0.05222271570202816,31,30,1,0,0,0,0,0,0,0,0,1
1axg,D,359,PHE,2.8,189.9,0.0,0,0,X,0.0,0.0,0.0,0.0,0.0,0.0,0.0,0.0,35,0.04616115048661418,30,30,0,0,0,0,0,0,0,0,0,1
1axg,D,360,ASP,-3.5,111.1,-1.0,1,3,X,0.0,0.0,0.0,0.0,0.0,0.0,0.0,0.0,21,0.03403802005578621,20,21,-1,0,0,0,0,0,0,0,0,1
1axg,D,361,LEU,3.8,166.7,0.0,0,0,X,0.0,0.0,0.0,0.0,0.0,0.0,0.0,0.0,25,0.04289723075523742,31,26,5,0,0,0,0,0,0,0,0,1
1axg,D,362,LEU,3.8,166.7,0.0,0,0,X,0.0,0.0,0.0,0.0,0.0,0.0,0.0,0.0,29,0.04709369898129325,43,33,10,0,0,0,0,0,0,0,0,1
1axg,D,363,ARG,-4.5,173.4,1.0,5,0,X,0.0,0.0,0.0,0.0,0.0,0.0,0.0,0.0,23,0.03124037457174899,15,25,-10,0,0,0,0,0,0,0,0,1
1axg,D,364,SER,-0.8,89.0,0.0,1,1,X,0.0,0.0,0.0,0.0,0.0,0.0,0.0,0.0,18,0.025645083603674543,21,23,-2,0,0,0,0,0,0,0,0,1
1axg,D,365,GLY,-0.4,60.1,0.0,0,0,X,0.0,0.0,0.0,0.0,0.0,0.0,0.0,0.0,24,0.030307826077069916,26,26,0,0,0,0,0,0,0,0,0,1
1axg,D,366,GLU,-3.5,138.4,-1.0,1,3,X,0.0,0.0,0.0,0.0,0.0,0.0,0.0,0.0,19,0.03170664881908853,20,17,3,0,0,0,0,0,0,0,0,1
1axg,D,367,SER,-0.8,89.0,0.0,1,1,X,0.0,0.0,0.0,0.0,0.0,0.0,0.0,0.0,31,0.03963331102386066,42,20,22,0,0,0,0,0,0,0,0,1
1axg,D,368,ILE,4.5,166.7,0.0,0,0,X,0.0,0.0,0.0,0.0,0.0,0.0,0.0,0.0,39,0.045694876239274644,44,12,32,0,0,0,0,0,0,0,0,1
1axg,D,369,ARG,-4.5,173.4,1.0,5,0,X,0.0,0.0,0.0,0.0,0.0,0.0,0.0,0.0,41,0.05035761871267001,17,16,1,0,0,0,0,0,0,0,0,1
1axg,D,370,THR,-0.7,116.1,0.0,1,1,X,0.0,0.0,0.0,0.0,0.0,0.0,0.0,0.0,38,0.053155264196707235,27,22,5,0,0,0,0,0,0,0,0,1
1axg,D,371,ILE,4.5,166.7,0.0,0,0,X,0.0,0.0,0.0,0.0,0.0,0.0,0.0,0.0,38,0.04989134446533048,28,18,10,0,0,0,0,0,0,0,0,1
1axg,D,372,LEU,3.8,166.7,0.0,0,0,X,0.0,0.0,0.0,0.0,0.0,0.0,0.0,0.0,40,0.0526889899493677,17,26,-9,0,0,0,0,0,0,0,0,1
1axg,D,373,THR,-0.7,116.1,0.0,1,1,X,0.0,0.0,0.0,0.0,0.0,0.0,0.0,0.0,26,0.03870076252918159,11,16,-5,0,0,0,0,0,0,0,0,1
1axg,D,374,PHE,2.8,189.9,0.0,0,0,X,0.0,0.0,0.0,0.0,0.0,0.0,0.0,0.0,32,0.03730193978716297,19,10,9,0,0,0,0,0,0,0,0,1
