pdb_id,chain_id,residue_id,residue_name,hydrophobicity,volume,charge,hbond_donor,hbond_acceptor,ss_type,rel_asa,phi,psi,hse_up,hse_down,hse_ratio,residue_depth,ca_depth,neighbor_count,atom_density,pos_charged_neighbors,neg_charged_neighbors,net_charge_environment,ss_H,ss_B,ss_E,ss_G,ss_I,ss_T,ss_S,ss_ ,ss_X,is_binding_site
1b5q,A,5,PRO,-1.6,112.7,0.0,0,0,X,0.0,0.0,0.0,0.0,0.0,0.0,0.0,0.0,24,0.032639197313767604,15,16,-1,0,0,0,0,0,0,0,0,1,0
1b5q,A,6,ARG,-4.5,173.4,1.0,5,0,X,0.0,0.0,0.0,0.0,0.0,0.0,0.0,0.0,23,0.03823448828184205,5,16,-11,0,0,0,0,0,0,0,0,1,0
1b5q,A,7,VAL,4.2,140.0,0.0,0,0,X,0.0,0.0,0.0,0.0,0.0,0.0,0.0,0.0,34,0.05175644145468863,20,16,4,0,0,0,0,0,0,0,0,1,0
1b5q,A,8,ILE,4.5,166.7,0.0,0,0,X,0.0,0.0,0.0,0.0,0.0,0.0,0.0,0.0,41,0.04942507021799094,19,16,3,0,0,0,0,0,0,0,0,1,0
1b5q,A,9,VAL,4.2,140.0,0.0,0,0,X,0.0,0.0,0.0,0.0,0.0,0.0,0.0,0.0,42,0.04942507021799094,9,9,0,0,0,0,0,0,0,0,0,1,0
1b5q,A,10,VAL,4.2,140.0,0.0,0,0,X,0.0,0.0,0.0,0.0,0.0,0.0,0.0,0.0,42,0.04429605349725603,8,11,-3,0,0,0,0,0,0,0,0,1,1
1b5q,A,11,GLY,-0.4,60.1,0.0,0,0,X,0.0,0.0,0.0,0.0,0.0,0.0,0.0,0.0,44,0.04149840801321881,10,9,1,0,0,0,0,0,0,0,0,1,1
1b5q,A,12,ALA,1.8,88.6,0.0,0,0,X,0.0,0.0,0.0,0.0,0.0,0.0,0.0,0.0,42,0.045228601991935104,14,13,1,0,0,0,0,0,0,0,0,1,0
1b5q,A,13,GLY,-0.4,60.1,0.0,0,0,X,0.0,0.0,0.0,0.0,0.0,0.0,0.0,0.0,46,0.043363505002576956,19,13,6,0,0,0,0,0,0,0,0,1,1
1b5q,A,14,MET,1.9,162.9,0.0,0,0,X,0.0,0.0,0.0,0.0,0.0,0.0,0.0,0.0,42,0.045694876239274644,17,9,8,0,0,0,0,0,0,0,0,1,1
1b5q,A,15,SER,-0.8,89.0,0.0,1,1,X,0.0,0.0,0.0,0.0,0.0,0.0,0.0,0.0,47,0.048026247475972325,19,11,8,0,0,0,0,0,0,0,0,1,1
1b5q,A,16,GLY,-0.4,60.1,0.0,0,0,X,0.0,0.0,0.0,0.0,0.0,0.0,0.0,0.0,46,0.050823892960009553,11,7,4,0,0,0,0,0,0,0,0,1,0
1b5q,A,17,ILE,4.5,166.7,0.0,0,0,X,0.0,0.0,0.0,0.0,0.0,0.0,0.0,0.0,44,0.04755997322863279,14,5,9,0,0,0,0,0,0,0,0,1,0
1b5q,A,18,SER,-0.8,89.0,0.0,1,1,X,0.0,0.0,0.0,0.0,0.0,0.0,0.0,0.0,43,0.05175644145468863,21,14,7,0,0,0,0,0,0,0,0,1,0
1b5q,A,19,ALA,1.8,88.6,0.0,0,0,X,0.0,0.0,0.0,0.0,0.0,0.0,0.0,0.0,44,0.05175644145468863,20,19,1,0,0,0,0,0,0,0,0,1,0
1b5q,A,20,ALA,1.8,88.6,0.0,0,0,X,0.0,0.0,0.0,0.0,0.0,0.0,0.0,0.0,44,0.045694876239274644,28,13,15,0,0,0,0,0,0,0,0,1,0
1b5q,A,21,LYS,-3.9,168.6,1.0,2,0,X,0.0,0.0,0.0,0.0,0.0,0.0,0.0,0.0,32,0.048026247475972325,13,10,3,0,0,0,0,0,0,0,0,1,0
1b5q,A,22,ARG,-4.5,173.4,1.0,5,0,X,0.0,0.0,0.0,0.0,0.0,0.0,0.0,0.0,30,0.04755997322863279,9,25,-16,0,0,0,0,0,0,0,0,1,0
1b5q,A,23,LEU,3.8,166.7,0.0,0,0,X,0.0,0.0,0.0,0.0,0.0,0.0,0.0,0.0,39,0.048958795970651406,24,25,-1,0,0,0,0,0,0,0,0,1,0
1b5q,A,24,SER,-0.8,89.0,0.0,1,1,X,0.0,0.0,0.0,0.0,0.0,0.0,0.0,0.0,26,0.04149840801321881,25,14,11,0,0,0,0,0,0,0,0,1,0
1b5q,A,25,GLU,-3.5,138.4,-1.0,1,3,X,0.0,0.0,0.0,0.0,0.0,0.0,0.0,0.0,22,0.030307826077069916,20,4,16,0,0,0,0,0,0,0,0,1,0
1b5q,A,26,ALA,1.8,88.6,0.0,0,0,X,0.0,0.0,0.0,0.0,0.0,0.0,0.0,0.0,21,0.02984155182973038,18,18,0,0,0,0,0,0,0,0,0,1,0
1b5q,A,27,GLY,-0.4,60.1,0.0,0,0,X,0.0,0.0,0.0,0.0,0.0,0.0,0.0,0.0,19,0.02331371236697686,16,14,2,0,0,0,0,0,0,0,0,1,0
1b5q,A,28,ILE,4.5,166.7,0.0,0,0,X,0.0,0.0,0.0,0.0,0.0,0.0,0.0,0.0,28,0.0363693912924839,24,16,8,0,0,0,0,0,0,0,0,1,0
1b5q,A,29,THR,-0.7,116.1,0.0,1,1,X,0.0,0.0,0.0,0.0,0.0,0.0,0.0,0.0,20,0.03310547156110714,23,17,6,0,0,0,0,0,0,0,0,1,0
1b5q,A,30,ASP,-3.5,111.1,-1.0,1,3,X,0.0,0.0,0.0,0.0,0.0,0.0,0.0,0.0,20,0.03124037457174899,22,7,15,0,0,0,0,0,0,0,0,1,0
1b5q,A,31,LEU,3.8,166.7,0.0,0,0,X,0.0,0.0,0.0,0.0,0.0,0.0,0.0,0.0,34,0.045228601991935104,28,15,13,0,0,0,0,0,0,0,0,1,0
1b5q,A,32,LEU,3.8,166.7,0.0,0,0,X,0.0,0.0,0.0,0.0,0.0,0.0,0.0,0.0,32,0.04709369898129325,27,15,12,0,0,0,0,0,0,0,0,1,0
1b5q,A,33,ILE,4.5,166.7,0.0,0,0,X,0.0,0.0,0.0,0.0,0.0,0.0,0.0,0.0,42,0.048026247475972325,23,18,5,0,0,0,0,0,0,0,0,1,0
1b5q,A,34,LEU,3.8,166.7,0.0,0,0,X,0.0,0.0,0.0,0.0,0.0,0.0,0.0,0.0,38,0.05502036118606539,21,13,8,0,0,0,0,0,0,0,0,1,1
1b5q,A,35,GLU,-3.5,138.4,-1.0,1,3,X,0.0,0.0,0.0,0.0,0.0,0.0,0.0,0.0,30,0.04989134446533048,19,7,12,0,0,0,0,0,0,0,0,1,1
1b5q,A,36,ALA,1.8,88.6,0.0,0,0,X,0.0,0.0,0.0,0.0,0.0,0.0,0.0,0.0,31,0.04103213376587927,31,30,1,0,0,0,0,0,0,0,0,1,1
1b5q,A,37,THR,-0.7,116.1,0.0,1,1,X,0.0,0.0,0.0,0.0,0.0,0.0,0.0,0.0,25,0.035436842797804825,27,20,7,0,0,0,0,0,0,0,0,1,1
1b5q,A,38,ASP,-3.5,111.1,-1.0,1,3,X,0.0,0.0,0.0,0.0,0.0,0.0,0.0,0.0,17,0.02844272908771177,17,9,8,0,0,0,0,0,0,0,0,1,0
1b5q,A,39,HIS,-3.2,153.2,0.1,2,1,X,0.0,0.0,0.0,0.0,0.0,0.0,0.0,0.0,26,0.03683566553982344,19,25,-6,0,0,0,0,0,0,0,0,1,0
1b5q,A,40,ILE,4.5,166.7,0.0,0,0,X,0.0,0.0,0.0,0.0,0.0,0.0,0.0,0.0,36,0.04429605349725603,21,25,-4,0,0,0,0,0,0,0,0,1,0
1b5q,A,41,GLY,-0.4,60.1,0.0,0,0,X,0.0,0.0,0.0,0.0,0.0,0.0,0.0,0.0,38,0.05035761871267001,33,20,13,0,0,0,0,0,0,0,0,1,0
1b5q,A,42,GLY,-0.4,60.1,0.0,0,0,X,0.0,0.0,0.0,0.0,0.0,0.0,0.0,0.0,37,0.04103213376587927,35,22,13,0,0,0,0,0,0,0,0,1,1
1b5q,A,43,ARG,-4.5,173.4,1.0,5,0,X,0.0,0.0,0.0,0.0,0.0,0.0,0.0,0.0,41,0.03590311704514436,16,13,3,0,0,0,0,0,0,0,0,1,1
1b5q,A,44,MET,1.9,162.9,0.0,0,0,X,0.0,0.0,0.0,0.0,0.0,0.0,0.0,0.0,37,0.04709369898129325,35,18,17,0,0,0,0,0,0,0,0,1,1
1b5q,A,45,HIS,-3.2,153.2,0.1,2,1,X,0.0,0.0,0.0,0.0,0.0,0.0,0.0,0.0,30,0.04755997322863279,27,20,7,0,0,0,0,0,0,0,0,1,0
1b5q,A,46,LYS,-3.9,168.6,1.0,2,0,X,0.0,0.0,0.0,0.0,0.0,0.0,0.0,0.0,29,0.04243095650789788,24,24,0,0,0,0,0,0,0,0,0,1,0
1b5q,A,47,THR,-0.7,116.1,0.0,1,1,X,0.0,0.0,0.0,0.0,0.0,0.0,0.0,0.0,24,0.0363693912924839,21,14,7,0,0,0,0,0,0,0,0,1,0
1b5q,A,48,ASN,-3.5,114.1,0.0,2,2,X,0.0,0.0,0.0,0.0,0.0,0.0,0.0,0.0,14,0.03124037457174899,9,6,3,0,0,0,0,0,0,0,0,1,0
1b5q,A,49,PHE,2.8,189.9,0.0,0,0,X,0.0,0.0,0.0,0.0,0.0,0.0,0.0,0.0,30,0.03730193978716297,11,12,-1,0,0,0,0,0,0,0,0,1,0
1b5q,A,50,ALA,1.8,88.6,0.0,0,0,X,0.0,0.0,0.0,0.0,0.0,0.0,0.0,0.0,22,0.02984155182973038,9,10,-1,0,0,0,0,0,0,0,0,1,0
1b5q,A,51,GLY,-0.4,60.1,0.0,0,0,X,0.0,0.0,0.0,0.0,0.0,0.0,0.0,0.0,14,0.020516066882939634,5,4,1,0,0,0,0,0,0,0,0,1,0
1b5q,A,52,ILE,4.5,166.7,0.0,0,0,X,0.0,0.0,0.0,0.0,0.0,0.0,0.0,0.0,26,0.030774100324409453,13,9,4,0,0,0,0,0,0,0,0,1,0
1b5q,A,53,ASN,-3.5,114.1,0.0,2,2,X,0.0,0.0,0.0,0.0,0.0,0.0,0.0,0.0,25,0.043363505002576956,19,20,-1,0,0,0,0,0,0,0,0,1,0
1b5q,A,54,VAL,4.2,140.0,0.0,0,0,X,0.0,0.0,0.0,0.0,0.0,0.0,0.0,0.0,35,0.048026247475972325,27,15,12,0,0,0,0,0,0,0,0,1,0
1b5q,A,55,GLU,-3.5,138.4,-1.0,1,3,X,0.0,0.0,0.0,0.0,0.0,0.0,0.0,0.0,35,0.04709369898129325,34,13,21,0,0,0,0,0,0,0,0,1,0
1b5q,A,56,LEU,3.8,166.7,0.0,0,0,X,0.0,0.0,0.0,0.0,0.0,0.0,0.0,0.0,29,0.045694876239274644,38,12,26,0,0,0,0,0,0,0,0,1,1
1b5q,A,57,GLY,-0.4,60.1,0.0,0,0,X,0.0,0.0,0.0,0.0,0.0,0.0,0.0,0.0,33,0.043829779249916496,34,15,19,0,0,0,0,0,0,0,0,1,1
1b5q,A,58,ALA,1.8,88.6,0.0,0,0,X,0.0,0.0,0.0,0.0,0.0,0.0,0.0,0.0,32,0.043363505002576956,27,21,6,0,0,0,0,0,0,0,0,1,1
1b5q,A,59,ASN,-3.5,114.1,0.0,2,2,X,0.0,0.0,0.0,0.0,0.0,0.0,0.0,0.0,40,0.04476232774459557,17,23,-6,0,0,0,0,0,0,0,0,1,1
1b5q,A,60,TRP,-0.9,227.8,0.0,1,0,X,0.0,0.0,0.0,0.0,0.0,0.0,0.0,0.0,37,0.043829779249916496,8,27,-19,0,0,0,0,0,0,0,0,1,1
1b5q,A,61,VAL,4.2,140.0,0.0,0,0,X,0.0,0.0,0.0,0.0,0.0,0.0,0.0,0.0,40,0.05455408693872585,15,17,-2,0,0,0,0,0,0,0,0,1,0
1b5q,A,62,GLU,-3.5,138.4,-1.0,1,3,X,0.0,0.0,0.0,0.0,0.0,0.0,0.0,0.0,34,0.05175644145468863,9,19,-10,0,0,0,0,0,0,0,0,1,1
1b5q,A,63,GLY,-0.4,60.1,0.0,0,0,X,0.0,0.0,0.0,0.0,0.0,0.0,0.0,0.0,32,0.05455408693872585,14,33,-19,0,0,0,0,0,0,0,0,1,0
1b5q,A,64,VAL,4.2,140.0,0.0,0,0,X,0.0,0.0,0.0,0.0,0.0,0.0,0.0,0.0,31,0.05175644145468863,18,28,-10,0,0,0,0,0,0,0,0,1,0
1b5q,A,65,ASN,-3.5,114.1,0.0,2,2,X,0.0,0.0,0.0,0.0,0.0,0.0,0.0,0.0,21,0.03170664881908853,12,21,-9,0,0,0,0,0,0,0,0,1,0
1b5q,A,66,GLY,-0.4,60.1,0.0,0,0,X,0.0,0.0,0.0,0.0,0.0,0.0,0.0,0.0,19,0.032639197313767604,8,25,-17,0,0,0,0,0,0,0,0,1,0
1b5q,A,67,GLY,-0.4,60.1,0.0,0,0,X,0.0,0.0,0.0,0.0,0.0,0.0,0.0,0.0,16,0.020516066882939634,9,9,0,0,0,0,0,0,0,0,0,1,0
1b5q,A,68,LYS,-3.9,168.6,1.0,2,0,X,0.0,0.0,0.0,0.0,0.0,0.0,0.0,0.0,17,0.02844272908771177,0,8,-8,0,0,0,0,0,0,0,0,1,0
1b5q,A,69,MET,1.9,162.9,0.0,0,0,X,0.0,0.0,0.0,0.0,0.0,0.0,0.0,0.0,22,0.03450429430312575,11,5,6,0,0,0,0,0,0,0,0,1,0
1b5q,A,70,ASN,-3.5,114.1,0.0,2,2,X,0.0,0.0,0.0,0.0,0.0,0.0,0.0,0.0,33,0.04616115048661418,17,15,2,0,0,0,0,0,0,0,0,1,0
1b5q,A,71,PRO,-1.6,112.7,0.0,0,0,X,0.0,0.0,0.0,0.0,0.0,0.0,0.0,0.0,27,0.0363693912924839,16,3,13,0,0,0,0,0,0,0,0,1,0
1b5q,A,72,ILE,4.5,166.7,0.0,0,0,X,0.0,0.0,0.0,0.0,0.0,0.0,0.0,0.0,35,0.04476232774459557,10,5,5,0,0,0,0,0,0,0,0,1,0
1b5q,A,73,TRP,-0.9,227.8,0.0,1,0,X,0.0,0.0,0.0,0.0,0.0,0.0,0.0,0.0,33,0.04616115048661418,8,8,0,0,0,0,0,0,0,0,0,1,0
1b5q,A,74,PRO,-1.6,112.7,0.0,0,0,X,0.0,0.0,0.0,0.0,0.0,0.0,0.0,0.0,20,0.03683566553982344,4,0,4,0,0,0,0,0,0,0,0,1,0
1b5q,A,75,ILE,4.5,166.7,0.0,0,0,X,0.0,0.0,0.0,0.0,0.0,0.0,0.0,0.0,27,0.04196468226055834,6,0,6,0,0,0,0,0,0,0,0,1,0
1b5q,A,76,VAL,4.2,140.0,0.0,0,0,X,0.0,0.0,0.0,0.0,0.0,0.0,0.0,0.0,37,0.0526889899493677,17,8,9,0,0,0,0,0,0,0,0,1,0
1b5q,A,77,ASN,-3.5,114.1,0.0,2,2,X,0.0,0.0,0.0,0.0,0.0,0.0,0.0,0.0,23,0.040565859518539735,15,1,14,0,0,0,0,0,0,0,0,1,0
1b5q,A,78,SER,-0.8,89.0,0.0,1,1,X,0.0,0.0,0.0,0.0,0.0,0.0,0.0,0.0,15,0.030307826077069916,11,0,11,0,0,0,0,0,0,0,0,1,0
1b5q,A,79,THR,-0.7,116.1,0.0,1,1,X,0.0,0.0,0.0,0.0,0.0,0.0,0.0,0.0,17,0.02984155182973038,12,0,12,0,0,0,0,0,0,0,0,1,0
1b5q,A,80,LEU,3.8,166.7,0.0,0,0,X,0.0,0.0,0.0,0.0,0.0,0.0,0.0,0.0,24,0.03683566553982344,25,7,18,0,0,0,0,0,0,0,0,1,0
1b5q,A,81,LYS,-3.9,168.6,1.0,2,0,X,0.0,0.0,0.0,0.0,0.0,0.0,0.0,0.0,13,0.03590311704514436,11,4,7,0,0,0,0,0,0,0,0,1,0
1b5q,A,82,LEU,3.8,166.7,0.0,0,0,X,0.0,0.0,0.0,0.0,0.0,0.0,0.0,0.0,29,0.043363505002576956,29,14,15,0,0,0,0,0,0,0,0,1,0
1b5q,A,83,ARG,-4.5,173.4,1.0,5,0,X,0.0,0.0,0.0,0.0,0.0,0.0,0.0,0.0,23,0.034970568550465285,21,9,12,0,0,0,0,0,0,0,0,1,0
1b5q,A,84,ASN,-3.5,114.1,0.0,2,2,X,0.0,0.0,0.0,0.0,0.0,0.0,0.0,0.0,25,0.04429605349725603,31,7,24,0,0,0,0,0,0,0,0,1,0
1b5q,A,85,PHE,2.8,189.9,0.0,0,0,X,0.0,0.0,0.0,0.0,0.0,0.0,0.0,0.0,27,0.04196468226055834,28,13,15,0,0,0,0,0,0,0,0,1,0
1b5q,A,86,ARG,-4.5,173.4,1.0,5,0,X,0.0,0.0,0.0,0.0,0.0,0.0,0.0,0.0,21,0.03870076252918159,4,31,-27,0,0,0,0,0,0,0,0,1,0
1b5q,A,87,SER,-0.8,89.0,0.0,1,1,X,0.0,0.0,0.0,0.0,0.0,0.0,0.0,0.0,27,0.04476232774459557,16,38,-22,0,0,0,0,0,0,0,0,1,0
1b5q,A,88,ASP,-3.5,111.1,-1.0,1,3,X,0.0,0.0,0.0,0.0,0.0,0.0,0.0,0.0,22,0.03403802005578621,26,24,2,0,0,0,0,0,0,0,0,1,0
1b5q,A,89,PHE,2.8,189.9,0.0,0,0,X,0.0,0.0,0.0,0.0,0.0,0.0,0.0,0.0,27,0.03450429430312575,16,33,-17,0,0,0,0,0,0,0,0,1,0
1b5q,A,90,ASP,-3.5,111.1,-1.0,1,3,X,0.0,0.0,0.0,0.0,0.0,0.0,0.0,0.0,19,0.027510180593032695,11,11,0,0,0,0,0,0,0,0,0,1,0
1b5q,A,91,TYR,-1.3,193.6,0.0,1,1,X,0.0,0.0,0.0,0.0,0.0,0.0,0.0,0.0,18,0.03916703677652112,21,25,-4,0,0,0,0,0,0,0,0,1,0
1b5q,A,92,LEU,3.8,166.7,0.0,0,0,X,0.0,0.0,0.0,0.0,0.0,0.0,0.0,0.0,30,0.04429605349725603,10,28,-18,0,0,0,0,0,0,0,0,1,0
1b5q,A,93,ALA,1.8,88.6,0.0,0,0,X,0.0,0.0,0.0,0.0,0.0,0.0,0.0,0.0,28,0.04429605349725603,11,32,-21,0,0,0,0,0,0,0,0,1,0
1b5q,A,94,GLN,-3.5,143.8,0.0,2,2,X,0.0,0.0,0.0,0.0,0.0,0.0,0.0,0.0,26,0.040565859518539735,18,25,-7,0,0,0,0,0,0,0,0,1,0
1b5q,A,95,ASN,-3.5,114.1,0.0,2,2,X,0.0,0.0,0.0,0.0,0.0,0.0,0.0,0.0,34,0.048958795970651406,14,24,-10,0,0,0,0,0,0,0,0,1,0
1b5q,A,96,VAL,4.2,140.0,0.0,0,0,X,0.0,0.0,0.0,0.0,0.0,0.0,0.0,0.0,37,0.05222271570202816,12,15,-3,0,0,0,0,0,0,0,0,1,0
1b5q,A,97,TYR,-1.3,193.6,0.0,1,1,X,0.0,0.0,0.0,0.0,0.0,0.0,0.0,0.0,34,0.05175644145468863,21,10,11,0,0,0,0,0,0,0,0,1,0
1b5q,A,98,LYS,-3.9,168.6,1.0,2,0,X,0.0,0.0,0.0,0.0,0.0,0.0,0.0,0.0,24,0.04662742473395372,5,22,-17,0,0,0,0,0,0,0,0,1,0
1b5q,A,99,GLU,-3.5,138.4,-1.0,1,3,X,0.0,0.0,0.0,0.0,0.0,0.0,0.0,0.0,25,0.040099585271200194,27,8,19,0,0,0,0,0,0,0,0,1,0
1b5q,A,100,ASP,-3.5,111.1,-1.0,1,3,X,0.0,0.0,0.0,0.0,0.0,0.0,0.0,0.0,19,0.028909003335051305,23,9,14,0,0,0,0,0,0,0,0,1,0
1b5q,A,101,GLY,-0.4,60.1,0.0,0,0,X,0.0,0.0,0.0,0.0,0.0,0.0,0.0,0.0,19,0.034970568550465285,22,16,6,0,0,0,0,0,0,0,0,1,0
1b5q,A,102,GLY,-0.4,60.1,0.0,0,0,X,0.0,0.0,0.0,0.0,0.0,0.0,0.0,0.0,25,0.03310547156110714,17,15,2,0,0,0,0,0,0,0,0,1,0
1b5q,A,103,VAL,4.2,140.0,0.0,0,0,X,0.0,0.0,0.0,0.0,0.0,0.0,0.0,0.0,28,0.03403802005578621,14,23,-9,0,0,0,0,0,0,0,0,1,0
1b5q,A,104,TYR,-1.3,193.6,0.0,1,1,X,0.0,0.0,0.0,0.0,0.0,0.0,0.0,0.0,29,0.03776821403450251,12,26,-14,0,0,0,0,0,0,0,0,1,0
1b5q,A,105,ASP,-3.5,111.1,-1.0,1,3,X,0.0,0.0,0.0,0.0,0.0,0.0,0.0,0.0,17,0.02984155182973038,10,17,-7,0,0,0,0,0,0,0,0,1,0
1b5q,A,106,GLU,-3.5,138.4,-1.0,1,3,X,0.0,0.0,0.0,0.0,0.0,0.0,0.0,0.0,19,0.03730193978716297,6,19,-13,0,0,0,0,0,0,0,0,1,0
1b5q,A,107,ASP,-3.5,111.1,-1.0,1,3,X,0.0,0.0,0.0,0.0,0.0,0.0,0.0,0.0,12,0.02844272908771177,15,23,-8,0,0,0,0,0,0,0,0,1,0
1b5q,A,108,TYR,-1.3,193.6,0.0,1,1,X,0.0,0.0,0.0,0.0,0.0,0.0,0.0,0.0,19,0.03450429430312575,22,29,-7,0,0,0,0,0,0,0,0,1,0
1b5q,A,109,VAL,4.2,140.0,0.0,0,0,X,0.0,0.0,0.0,0.0,0.0,0.0,0.0,0.0,28,0.04989134446533048,19,42,-23,0,0,0,0,0,0,0,0,1,0
1b5q,A,110,GLN,-3.5,143.8,0.0,2,2,X,0.0,0.0,0.0,0.0,0.0,0.0,0.0,0.0,23,0.03870076252918159,16,41,-25,0,0,0,0,0,0,0,0,1,0
1b5q,A,111,LYS,-3.9,168.6,1.0,2,0,X,0.0,0.0,0.0,0.0,0.0,0.0,0.0,0.0,16,0.03823448828184205,11,26,-15,0,0,0,0,0,0,0,0,1,0
1b5q,A,112,ARG,-4.5,173.4,1.0,5,0,X,0.0,0.0,0.0,0.0,0.0,0.0,0.0,0.0,28,0.04476232774459557,10,34,-24,0,0,0,0,0,0,0,0,1,0
1b5q,A,113,ILE,4.5,166.7,0.0,0,0,X,0.0,0.0,0.0,0.0,0.0,0.0,0.0,0.0,29,0.040099585271200194,25,39,-14,0,0,0,0,0,0,0,0,1,0
1b5q,A,114,GLU,-3.5,138.4,-1.0,1,3,X,0.0,0.0,0.0,0.0,0.0,0.0,0.0,0.0,17,0.03403802005578621,22,19,3,0,0,0,0,0,0,0,0,1,0
1b5q,A,115,LEU,3.8,166.7,0.0,0,0,X,0.0,0.0,0.0,0.0,0.0,0.0,0.0,0.0,21,0.035436842797804825,24,41,-17,0,0,0,0,0,0,0,0,1,0
1b5q,A,116,ALA,1.8,88.6,0.0,0,0,X,0.0,0.0,0.0,0.0,0.0,0.0,0.0,0.0,29,0.045228601991935104,26,56,-30,0,0,0,0,0,0,0,0,1,0
1b5q,A,117,ASP,-3.5,111.1,-1.0,1,3,X,0.0,0.0,0.0,0.0,0.0,0.0,0.0,0.0,22,0.034970568550465285,18,34,-16,0,0,0,0,0,0,0,0,1,0
1b5q,A,118,SER,-0.8,89.0,0.0,1,1,X,0.0,0.0,0.0,0.0,0.0,0.0,0.0,0.0,20,0.032172923066428064,13,47,-34,0,0,0,0,0,0,0,0,1,0
1b5q,A,119,VAL,4.2,140.0,0.0,0,0,X,0.0,0.0,0.0,0.0,0.0,0.0,0.0,0.0,31,0.043829779249916496,15,49,-34,0,0,0,0,0,0,0,0,1,0
1b5q,A,120,GLU,-3.5,138.4,-1.0,1,3,X,0.0,0.0,0.0,0.0,0.0,0.0,0.0,0.0,29,0.045228601991935104,13,33,-20,0,0,0,0,0,0,0,0,1,0
1b5q,A,121,GLU,-3.5,138.4,-1.0,1,3,X,0.0,0.0,0.0,0.0,0.0,0.0,0.0,0.0,19,0.035436842797804825,12,29,-17,0,0,0,0,0,0,0,0,1,0
1b5q,A,122,MET,1.9,162.9,0.0,0,0,X,0.0,0.0,0.0,0.0,0.0,0.0,0.0,0.0,22,0.0363693912924839,11,38,-27,0,0,0,0,0,0,0,0,1,0
1b5q,A,123,GLY,-0.4,60.1,0.0,0,0,X,0.0,0.0,0.0,0.0,0.0,0.0,0.0,0.0,31,0.04709369898129325,11,29,-18,0,0,0,0,0,0,0,0,1,0
1b5q,A,124,GLU,-3.5,138.4,-1.0,1,3,X,0.0,0.0,0.0,0.0,0.0,0.0,0.0,0.0,25,0.040099585271200194,10,21,-11,0,0,0,0,0,0,0,0,1,0
1b5q,A,125,LYS,-3.9,168.6,1.0,2,0,X,0.0,0.0,0.0,0.0,0.0,0.0,0.0,0.0,19,0.030774100324409453,1,24,-23,0,0,0,0,0,0,0,0,1,0
1b5q,A,126,LEU,3.8,166.7,0.0,0,0,X,0.0,0.0,0.0,0.0,0.0,0.0,0.0,0.0,29,0.03590311704514436,16,27,-11,0,0,0,0,0,0,0,0,1,0
1b5q,A,127,SER,-0.8,89.0,0.0,1,1,X,0.0,0.0,0.0,0.0,0.0,0.0,0.0,0.0,28,0.04196468226055834,15,28,-13,0,0,0,0,0,0,0,0,1,0
1b5q,A,128,ALA,1.8,88.6,0.0,0,0,X,0.0,0.0,0.0,0.0,0.0,0.0,0.0,0.0,18,0.026577632098353617,18,12,6,0,0,0,0,0,0,0,0,1,0
1b5q,A,129,THR,-0.7,116.1,0.0,1,1,X,0.0,0.0,0.0,0.0,0.0,0.0,0.0,0.0,17,0.026577632098353617,22,14,8,0,0,0,0,0,0,0,0,1,0
1b5q,A,130,LEU,3.8,166.7,0.0,0,0,X,0.0,0.0,0.0,0.0,0.0,0.0,0.0,0.0,24,0.03870076252918159,29,20,9,0,0,0,0,0,0,0,0,1,0
1b5q,A,131,HIS,-3.2,153.2,0.1,2,1,X,0.0,0.0,0.0,0.0,0.0,0.0,0.0,0.0,15,0.032172923066428064,17,16,1,0,0,0,0,0,0,0,0,1,0
1b5q,A,132,ALA,1.8,88.6,0.0,0,0,X,0.0,0.0,0.0,0.0,0.0,0.0,0.0,0.0,17,0.022381163872297785,35,14,21,0,0,0,0,0,0,0,0,1,0
1b5q,A,133,SER,-0.8,89.0,0.0,1,1,X,0.0,0.0,0.0,0.0,0.0,0.0,0.0,0.0,16,0.02844272908771177,39,17,22,0,0,0,0,0,0,0,0,1,0
1b5q,A,134,GLY,-0.4,60.1,0.0,0,0,X,0.0,0.0,0.0,0.0,0.0,0.0,0.0,0.0,24,0.04196468226055834,38,21,17,0,0,0,0,0,0,0,0,1,0
1b5q,A,135,ARG,-4.5,173.4,1.0,5,0,X,0.0,0.0,0.0,0.0,0.0,0.0,0.0,0.0,16,0.03776821403450251,10,21,-11,0,0,0,0,0,0,0,0,1,0
1b5q,A,136,ASP,-3.5,111.1,-1.0,1,3,X,0.0,0.0,0.0,0.0,0.0,0.0,0.0,0.0,24,0.03916703677652112,37,15,22,0,0,0,0,0,0,0,0,1,0
1b5q,A,137,ASP,-3.5,111.1,-1.0,1,3,X,0.0,0.0,0.0,0.0,0.0,0.0,0.0,0.0,32,0.045228601991935104,15,12,3,0,0,0,0,0,0,0,0,1,0
1b5q,A,138,MET,1.9,162.9,0.0,0,0,X,0.0,0.0,0.0,0.0,0.0,0.0,0.0,0.0,37,0.04709369898129325,23,21,2,0,0,0,0,0,0,0,0,1,0
1b5q,A,139,SER,-0.8,89.0,0.0,1,1,X,0.0,0.0,0.0,0.0,0.0,0.0,0.0,0.0,33,0.04989134446533048,19,13,6,0,0,0,0,0,0,0,0,1,0
1b5q,A,140,ILE,4.5,166.7,0.0,0,0,X,0.0,0.0,0.0,0.0,0.0,0.0,0.0,0.0,43,0.04989134446533048,19,26,-7,0,0,0,0,0,0,0,0,1,0
1b5q,A,141,LEU,3.8,166.7,0.0,0,0,X,0.0,0.0,0.0,0.0,0.0,0.0,0.0,0.0,35,0.04616115048661418,29,19,10,0,0,0,0,0,0,0,0,1,0
1b5q,A,142,ALA,1.8,88.6,0.0,0,0,X,0.0,0.0,0.0,0.0,0.0,0.0,0.0,0.0,40,0.048958795970651406,26,19,7,0,0,0,0,0,0,0,0,1,0
1b5q,A,143,MET,1.9,162.9,0.0,0,0,X,0.0,0.0,0.0,0.0,0.0,0.0,0.0,0.0,42,0.048492521723311866,22,30,-8,0,0,0,0,0,0,0,0,1,0
1b5q,A,144,GLN,-3.5,143.8,0.0,2,2,X,0.0,0.0,0.0,0.0,0.0,0.0,0.0,0.0,39,0.048026247475972325,21,27,-6,0,0,0,0,0,0,0,0,1,0
1b5q,A,145,ARG,-4.5,173.4,1.0,5,0,X,0.0,0.0,0.0,0.0,0.0,0.0,0.0,0.0,36,0.05781800667010261,18,18,0,0,0,0,0,0,0,0,0,1,0
1b5q,A,146,LEU,3.8,166.7,0.0,0,0,X,0.0,0.0,0.0,0.0,0.0,0.0,0.0,0.0,31,0.050823892960009553,34,12,22,0,0,0,0,0,0,0,0,1,0
1b5q,A,147,ASN,-3.5,114.1,0.0,2,2,X,0.0,0.0,0.0,0.0,0.0,0.0,0.0,0.0,30,0.040565859518539735,24,21,3,0,0,0,0,0,0,0,0,1,0
1b5q,A,148,GLU,-3.5,138.4,-1.0,1,3,X,0.0,0.0,0.0,0.0,0.0,0.0,0.0,0.0,27,0.035436842797804825,21,5,16,0,0,0,0,0,0,0,0,1,0
1b5q,A,149,HIS,-3.2,153.2,0.1,2,1,X,0.0,0.0,0.0,0.0,0.0,0.0,0.0,0.0,24,0.040099585271200194,12,17,-5,0,0,0,0,0,0,0,0,1,0
1b5q,A,150,GLN,-3.5,143.8,0.0,2,2,X,0.0,0.0,0.0,0.0,0.0,0.0,0.0,0.0,29,0.04709369898129325,29,17,12,0,0,0,0,0,0,0,0,1,0
1b5q,A,151,PRO,-1.6,112.7,0.0,0,0,X,0.0,0.0,0.0,0.0,0.0,0.0,0.0,0.0,38,0.05129016720734909,33,22,11,0,0,0,0,0,0,0,0,1,0
1b5q,A,152,ASN,-3.5,114.1,0.0,2,2,X,0.0,0.0,0.0,0.0,0.0,0.0,0.0,0.0,32,0.040565859518539735,32,17,15,0,0,0,0,0,0,0,0,1,0
1b5q,A,153,GLY,-0.4,60.1,0.0,0,0,X,0.0,0.0,0.0,0.0,0.0,0.0,0.0,0.0,30,0.03963331102386066,34,25,9,0,0,0,0,0,0,0,0,1,0
1b5q,A,154,PRO,-1.6,112.7,0.0,0,0,X,0.0,0.0,0.0,0.0,0.0,0.0,0.0,0.0,33,0.03403802005578621,29,26,3,0,0,0,0,0,0,0,0,1,0
1b5q,A,155,ALA,1.8,88.6,0.0,0,0,X,0.0,0.0,0.0,0.0,0.0,0.0,0.0,0.0,30,0.03916703677652112,31,28,3,0,0,0,0,0,0,0,0,1,0
1b5q,A,156,THR,-0.7,116.1,0.0,1,1,X,0.0,0.0,0.0,0.0,0.0,0.0,0.0,0.0,23,0.030307826077069916,27,13,14,0,0,0,0,0,0,0,0,1,0
1b5q,A,157,PRO,-1.6,112.7,0.0,0,0,X,0.0,0.0,0.0,0.0,0.0,0.0,0.0,0.0,28,0.04289723075523742,32,19,13,0,0,0,0,0,0,0,0,1,0
1b5q,A,158,VAL,4.2,140.0,0.0,0,0,X,0.0,0.0,0.0,0.0,0.0,0.0,0.0,0.0,30,0.043829779249916496,19,18,1,0,0,0,0,0,0,0,0,1,0
1b5q,A,159,ASP,-3.5,111.1,-1.0,1,3,X,0.0,0.0,0.0,0.0,0.0,0.0,0.0,0.0,31,0.04196468226055834,20,13,7,0,0,0,0,0,0,0,0,1,0
1b5q,A,160,MET,1.9,162.9,0.0,0,0,X,0.0,0.0,0.0,0.0,0.0,0.0,0.0,0.0,34,0.045694876239274644,24,27,-3,0,0,0,0,0,0,0,0,1,0
1b5q,A,161,VAL,4.2,140.0,0.0,0,0,X,0.0,0.0,0.0,0.0,0.0,0.0,0.0,0.0,38,0.05222271570202816,23,22,1,0,0,0,0,0,0,0,0,1,0
1b5q,A,162,VAL,4.2,140.0,0.0,0,0,X,0.0,0.0,0.0,0.0,0.0,0.0,0.0,0.0,37,0.04662742473395372,27,30,-3,0,0,0,0,0,0,0,0,1,0
1b5q,A,163,ASP,-3.5,111.1,-1.0,1,3,X,0.0,0.0,0.0,0.0,0.0,0.0,0.0,0.0,37,0.048026247475972325,21,28,-7,0,0,0,0,0,0,0,0,1,0
1b5q,A,164,TYR,-1.3,193.6,0.0,1,1,X,0.0,0.0,0.0,0.0,0.0,0.0,0.0,0.0,37,0.05175644145468863,20,36,-16,0,0,0,0,0,0,0,0,1,0
1b5q,A,165,TYR,-1.3,193.6,0.0,1,1,X,0.0,0.0,0.0,0.0,0.0,0.0,0.0,0.0,30,0.04616115048661418,10,30,-20,0,0,0,0,0,0,0,0,1,0
1b5q,A,166,LYS,-3.9,168.6,1.0,2,0,X,0.0,0.0,0.0,0.0,0.0,0.0,0.0,0.0,35,0.040565859518539735,4,45,-41,0,0,0,0,0,0,0,0,1,0
1b5q,A,167,PHE,2.8,189.9,0.0,0,0,X,0.0,0.0,0.0,0.0,0.0,0.0,0.0,0.0,36,0.0526889899493677,15,43,-28,0,0,0,0,0,0,0,0,1,0
1b5q,A,168,ASP,-3.5,111.1,-1.0,1,3,X,0.0,0.0,0.0,0.0,0.0,0.0,0.0,0.0,33,0.04942507021799094,23,33,-10,0,0,0,0,0,0,0,0,1,0
1b5q,A,169,TYR,-1.3,193.6,0.0,1,1,X,0.0,0.0,0.0,0.0,0.0,0.0,0.0,0.0,34,0.04989134446533048,9,25,-16,0,0,0,0,0,0,0,0,1,1
1b5q,A,170,GLU,-3.5,138.4,-1.0,1,3,X,0.0,0.0,0.0,0.0,0.0,0.0,0.0,0.0,31,0.03916703677652112,6,20,-14,0,0,0,0,0,0,0,0,1,1
1b5q,A,171,PHE,2.8,189.9,0.0,0,0,X,0.0,0.0,0.0,0.0,0.0,0.0,0.0,0.0,36,0.04616115048661418,5,33,-28,0,0,0,0,0,0,0,0,1,1
1b5q,A,172,ALA,1.8,88.6,0.0,0,0,X,0.0,0.0,0.0,0.0,0.0,0.0,0.0,0.0,37,0.053155264196707235,13,45,-32,0,0,0,0,0,0,0,0,1,0
1b5q,A,173,GLU,-3.5,138.4,-1.0,1,3,X,0.0,0.0,0.0,0.0,0.0,0.0,0.0,0.0,36,0.04989134446533048,26,34,-8,0,0,0,0,0,0,0,0,1,0
1b5q,A,174,PRO,-1.6,112.7,0.0,0,0,X,0.0,0.0,0.0,0.0,0.0,0.0,0.0,0.0,32,0.05035761871267001,31,47,-16,0,0,0,0,0,0,0,0,1,0
1b5q,A,175,PRO,-1.6,112.7,0.0,0,0,X,0.0,0.0,0.0,0.0,0.0,0.0,0.0,0.0,36,0.048492521723311866,29,26,3,0,0,0,0,0,0,0,0,1,0
1b5q,A,176,ARG,-4.5,173.4,1.0,5,0,X,0.0,0.0,0.0,0.0,0.0,0.0,0.0,0.0,27,0.04103213376587927,16,45,-29,0,0,0,0,0,0,0,0,1,0
1b5q,A,177,VAL,4.2,140.0,0.0,0,0,X,0.0,0.0,0.0,0.0,0.0,0.0,0.0,0.0,31,0.048958795970651406,27,24,3,0,0,0,0,0,0,0,0,1,0
1b5q,A,178,THR,-0.7,116.1,0.0,1,1,X,0.0,0.0,0.0,0.0,0.0,0.0,0.0,0.0,34,0.053155264196707235,13,26,-13,0,0,0,0,0,0,0,0,1,0
1b5q,A,179,SER,-0.8,89.0,0.0,1,1,X,0.0,0.0,0.0,0.0,0.0,0.0,0.0,0.0,37,0.056419183928083996,5,13,-8,0,0,0,0,0,0,0,0,1,0
1b5q,A,180,LEU,3.8,166.7,0.0,0,0,X,0.0,0.0,0.0,0.0,0.0,0.0,0.0,0.0,40,0.050823892960009553,6,27,-21,0,0,0,0,0,0,0,0,1,0
1b5q,A,181,GLN,-3.5,143.8,0.0,2,2,X,0.0,0.0,0.0,0.0,0.0,0.0,0.0,0.0,33,0.045228601991935104,21,19,2,0,0,0,0,0,0,0,0,1,0
1b5q,A,182,ASN,-3.5,114.1,0.0,2,2,X,0.0,0.0,0.0,0.0,0.0,0.0,0.0,0.0,36,0.03916703677652112,20,9,11,0,0,0,0,0,0,0,0,1,0
1b5q,A,183,THR,-0.7,116.1,0.0,1,1,X,0.0,0.0,0.0,0.0,0.0,0.0,0.0,0.0,39,0.04243095650789788,4,19,-15,0,0,0,0,0,0,0,0,1,0
1b5q,A,184,VAL,4.2,140.0,0.0,0,0,X,0.0,0.0,0.0,0.0,0.0,0.0,0.0,0.0,31,0.04289723075523742,6,27,-21,0,0,0,0,0,0,0,0,1,0
1b5q,A,185,PRO,-1.6,112.7,0.0,0,0,X,0.0,0.0,0.0,0.0,0.0,0.0,0.0,0.0,27,0.03357174580844668,6,25,-19,0,0,0,0,0,0,0,0,1,0
1b5q,A,186,LEU,3.8,166.7,0.0,0,0,X,0.0,0.0,0.0,0.0,0.0,0.0,0.0,0.0,33,0.03683566553982344,11,32,-21,0,0,0,0,0,0,0,0,1,0
1b5q,A,187,ALA,1.8,88.6,0.0,0,0,X,0.0,0.0,0.0,0.0,0.0,0.0,0.0,0.0,27,0.03916703677652112,21,15,6,0,0,0,0,0,0,0,0,1,0
1b5q,A,188,THR,-0.7,116.1,0.0,1,1,X,0.0,0.0,0.0,0.0,0.0,0.0,0.0,0.0,33,0.04989134446533048,23,32,-9,0,0,0,0,0,0,0,0,1,0
1b5q,A,189,PHE,2.8,189.9,0.0,0,0,X,0.0,0.0,0.0,0.0,0.0,0.0,0.0,0.0,28,0.043363505002576956,7,42,-35,0,0,0,0,0,0,0,0,1,0
1b5q,A,190,SER,-0.8,89.0,0.0,1,1,X,0.0,0.0,0.0,0.0,0.0,0.0,0.0,0.0,23,0.03124037457174899,13,22,-9,0,0,0,0,0,0,0,0,1,0
1b5q,A,191,ASP,-3.5,111.1,-1.0,1,3,X,0.0,0.0,0.0,0.0,0.0,0.0,0.0,0.0,23,0.03590311704514436,23,6,17,0,0,0,0,0,0,0,0,1,0
1b5q,A,192,PHE,2.8,189.9,0.0,0,0,X,0.0,0.0,0.0,0.0,0.0,0.0,0.0,0.0,29,0.05129016720734909,22,24,-2,0,0,0,0,0,0,0,0,1,0
1b5q,A,193,GLY,-0.4,60.1,0.0,0,0,X,0.0,0.0,0.0,0.0,0.0,0.0,0.0,0.0,24,0.04149840801321881,11,31,-20,0,0,0,0,0,0,0,0,1,0
1b5q,A,194,ASP,-3.5,111.1,-1.0,1,3,X,0.0,0.0,0.0,0.0,0.0,0.0,0.0,0.0,22,0.032639197313767604,5,18,-13,0,0,0,0,0,0,0,0,1,0
1b5q,A,195,ASP,-3.5,111.1,-1.0,1,3,X,0.0,0.0,0.0,0.0,0.0,0.0,0.0,0.0,23,0.04149840801321881,11,23,-12,0,0,0,0,0,0,0,0,1,0
1b5q,A,196,VAL,4.2,140.0,0.0,0,0,X,0.0,0.0,0.0,0.0,0.0,0.0,0.0,0.0,33,0.04942507021799094,12,34,-22,0,0,0,0,0,0,0,0,1,0
1b5q,A,197,TYR,-1.3,193.6,0.0,1,1,X,0.0,0.0,0.0,0.0,0.0,0.0,0.0,0.0,30,0.048492521723311866,15,21,-6,0,0,0,0,0,0,0,0,1,0
1b5q,A,198,PHE,2.8,189.9,0.0,0,0,X,0.0,0.0,0.0,0.0,0.0,0.0,0.0,0.0,38,0.05175644145468863,29,24,5,0,0,0,0,0,0,0,0,1,0
1b5q,A,199,VAL,4.2,140.0,0.0,0,0,X,0.0,0.0,0.0,0.0,0.0,0.0,0.0,0.0,40,0.056419183928083996,23,20,3,0,0,0,0,0,0,0,0,1,0
1b5q,A,200,ALA,1.8,88.6,0.0,0,0,X,0.0,0.0,0.0,0.0,0.0,0.0,0.0,0.0,30,0.05222271570202816,30,16,14,0,0,0,0,0,0,0,0,1,0
1b5q,A,201,ASP,-3.5,111.1,-1.0,1,3,X,0.0,0.0,0.0,0.0,0.0,0.0,0.0,0.0,25,0.04103213376587927,33,13,20,0,0,0,0,0,0,0,0,1,0
1b5q,A,202,GLN,-3.5,143.8,0.0,2,2,X,0.0,0.0,0.0,0.0,0.0,0.0,0.0,0.0,21,0.030307826077069916,31,20,11,0,0,0,0,0,0,0,0,1,0
1b5q,A,203,ARG,-4.5,173.4,1.0,5,0,X,0.0,0.0,0.0,0.0,0.0,0.0,0.0,0.0,22,0.030307826077069916,17,19,-2,0,0,0,0,0,0,0,0,1,0
1b5q,A,204,GLY,-0.4,60.1,0.0,0,0,X,0.0,0.0,0.0,0.0,0.0,0.0,0.0,0.0,29,0.048492521723311866,35,25,10,0,0,0,0,0,0,0,0,1,0
1b5q,A,205,TYR,-1.3,193.6,0.0,1,1,X,0.0,0.0,0.0,0.0,0.0,0.0,0.0,0.0,39,0.05129016720734909,24,28,-4,0,0,0,0,0,0,0,0,1,0
1b5q,A,206,GLU,-3.5,138.4,-1.0,1,3,X,0.0,0.0,0.0,0.0,0.0,0.0,0.0,0.0,33,0.04755997322863279,40,14,26,0,0,0,0,0,0,0,0,1,0
1b5q,A,207,ALA,1.8,88.6,0.0,0,0,X,0.0,0.0,0.0,0.0,0.0,0.0,0.0,0.0,30,0.03963331102386066,22,19,3,0,0,0,0,0,0,0,0,1,0
1b5q,A,208,VAL,4.2,140.0,0.0,0,0,X,0.0,0.0,0.0,0.0,0.0,0.0,0.0,0.0,35,0.04429605349725603,7,9,-2,0,0,0,0,0,0,0,0,1,0
1b5q,A,209,VAL,4.2,140.0,0.0,0,0,X,0.0,0.0,0.0,0.0,0.0,0.0,0.0,0.0,38,0.04662742473395372,11,9,2,0,0,0,0,0,0,0,0,1,0
1b5q,A,210,TYR,-1.3,193.6,0.0,1,1,X,0.0,0.0,0.0,0.0,0.0,0.0,0.0,0.0,31,0.03916703677652112,25,9,16,0,0,0,0,0,0,0,0,1,0
1b5q,A,211,TYR,-1.3,193.6,0.0,1,1,X,0.0,0.0,0.0,0.0,0.0,0.0,0.0,0.0,30,0.0363693912924839,7,2,5,0,0,0,0,0,0,0,0,1,0
1b5q,A,212,LEU,3.8,166.7,0.0,0,0,X,0.0,0.0,0.0,0.0,0.0,0.0,0.0,0.0,34,0.04476232774459557,11,5,6,0,0,0,0,0,0,0,0,1,0
1b5q,A,213,ALA,1.8,88.6,0.0,0,0,X,0.0,0.0,0.0,0.0,0.0,0.0,0.0,0.0,35,0.04616115048661418,19,7,12,0,0,0,0,0,0,0,0,1,0
1b5q,A,214,GLY,-0.4,60.1,0.0,0,0,X,0.0,0.0,0.0,0.0,0.0,0.0,0.0,0.0,24,0.03870076252918159,19,7,12,0,0,0,0,0,0,0,0,1,0
1b5q,A,215,GLN,-3.5,143.8,0.0,2,2,X,0.0,0.0,0.0,0.0,0.0,0.0,0.0,0.0,21,0.03170664881908853,14,6,8,0,0,0,0,0,0,0,0,1,0
1b5q,A,216,TYR,-1.3,193.6,0.0,1,1,X,0.0,0.0,0.0,0.0,0.0,0.0,0.0,0.0,29,0.034970568550465285,33,16,17,0,0,0,0,0,0,0,0,1,0
1b5q,A,217,LEU,3.8,166.7,0.0,0,0,X,0.0,0.0,0.0,0.0,0.0,0.0,0.0,0.0,28,0.040565859518539735,31,9,22,0,0,0,0,0,0,0,0,1,0
1b5q,A,218,LYS,-3.9,168.6,1.0,2,0,X,0.0,0.0,0.0,0.0,0.0,0.0,0.0,0.0,16,0.03357174580844668,14,19,-5,0,0,0,0,0,0,0,0,1,0
1b5q,A,219,THR,-0.7,116.1,0.0,1,1,X,0.0,0.0,0.0,0.0,0.0,0.0,0.0,0.0,20,0.03590311704514436,22,24,-2,0,0,0,0,0,0,0,0,1,0
1b5q,A,220,ASP,-3.5,111.1,-1.0,1,3,X,0.0,0.0,0.0,0.0,0.0,0.0,0.0,0.0,11,0.02984155182973038,25,10,15,0,0,0,0,0,0,0,0,1,0
1b5q,A,221,ASP,-3.5,111.1,-1.0,1,3,X,0.0,0.0,0.0,0.0,0.0,0.0,0.0,0.0,8,0.020516066882939634,18,8,10,0,0,0,0,0,0,0,0,1,0
1b5q,A,222,LYS,-3.9,168.6,1.0,2,0,X,0.0,0.0,0.0,0.0,0.0,0.0,0.0,0.0,6,0.017718421398902413,6,16,-10,0,0,0,0,0,0,0,0,1,0
1b5q,A,223,SER,-0.8,89.0,0.0,1,1,X,0.0,0.0,0.0,0.0,0.0,0.0,0.0,0.0,9,0.022381163872297785,20,16,4,0,0,0,0,0,0,0,0,1,0
1b5q,A,224,GLY,-0.4,60.1,0.0,0,0,X,0.0,0.0,0.0,0.0,0.0,0.0,0.0,0.0,14,0.026577632098353617,21,17,4,0,0,0,0,0,0,0,0,1,0
1b5q,A,225,LYS,-3.9,168.6,1.0,2,0,X,0.0,0.0,0.0,0.0,0.0,0.0,0.0,0.0,14,0.026577632098353617,9,14,-5,0,0,0,0,0,0,0,0,1,0
1b5q,A,226,ILE,4.5,166.7,0.0,0,0,X,0.0,0.0,0.0,0.0,0.0,0.0,0.0,0.0,29,0.035436842797804825,24,18,6,0,0,0,0,0,0,0,0,1,0
1b5q,A,227,VAL,4.2,140.0,0.0,0,0,X,0.0,0.0,0.0,0.0,0.0,0.0,0.0,0.0,15,0.03310547156110714,24,19,5,0,0,0,0,0,0,0,0,1,0
1b5q,A,228,ASP,-3.5,111.1,-1.0,1,3,X,0.0,0.0,0.0,0.0,0.0,0.0,0.0,0.0,19,0.03683566553982344,23,2,21,0,0,0,0,0,0,0,0,1,0
1b5q,A,229,PRO,-1.6,112.7,0.0,0,0,X,0.0,0.0,0.0,0.0,0.0,0.0,0.0,0.0,17,0.02611135785101408,22,9,13,0,0,0,0,0,0,0,0,1,0
1b5q,A,230,ARG,-4.5,173.4,1.0,5,0,X,0.0,0.0,0.0,0.0,0.0,0.0,0.0,0.0,26,0.03823448828184205,15,16,-1,0,0,0,0,0,0,0,0,1,0
1b5q,A,231,LEU,3.8,166.7,0.0,0,0,X,0.0,0.0,0.0,0.0,0.0,0.0,0.0,0.0,29,0.04429605349725603,28,19,9,0,0,0,0,0,0,0,0,1,0
1b5q,A,232,GLN,-3.5,143.8,0.0,2,2,X,0.0,0.0,0.0,0.0,0.0,0.0,0.0,0.0,29,0.040099585271200194,17,20,-3,0,0,0,0,0,0,0,0,1,0
1b5q,A,233,LEU,3.8,166.7,0.0,0,0,X,0.0,0.0,0.0,0.0,0.0,0.0,0.0,0.0,24,0.04103213376587927,22,20,2,0,0,0,0,0,0,0,0,1,0
1b5q,A,234,ASN,-3.5,114.1,0.0,2,2,X,0.0,0.0,0.0,0.0,0.0,0.0,0.0,0.0,20,0.03403802005578621,18,30,-12,0,0,0,0,0,0,0,0,1,0
1b5q,A,235,LYS,-3.9,168.6,1.0,2,0,X,0.0,0.0,0.0,0.0,0.0,0.0,0.0,0.0,29,0.04476232774459557,9,28,-19,0,0,0,0,0,0,0,0,1,1
1b5q,A,236,VAL,4.2,140.0,0.0,0,0,X,0.0,0.0,0.0,0.0,0.0,0.0,0.0,0.0,27,0.04616115048661418,34,32,2,0,0,0,0,0,0,0,0,1,0
1b5q,A,237,VAL,4.2,140.0,0.0,0,0,X,0.0,0.0,0.0,0.0,0.0,0.0,0.0,0.0,40,0.048026247475972325,33,30,3,0,0,0,0,0,0,0,0,1,1
1b5q,A,238,ARG,-4.5,173.4,1.0,5,0,X,0.0,0.0,0.0,0.0,0.0,0.0,0.0,0.0,23,0.04243095650789788,18,28,-10,0,0,0,0,0,0,0,0,1,0
1b5q,A,239,GLU,-3.5,138.4,-1.0,1,3,X,0.0,0.0,0.0,0.0,0.0,0.0,0.0,0.0,22,0.04709369898129325,38,3,35,0,0,0,0,0,0,0,0,1,0
1b5q,A,240,ILE,4.5,166.7,0.0,0,0,X,0.0,0.0,0.0,0.0,0.0,0.0,0.0,0.0,35,0.05408781269138631,37,9,28,0,0,0,0,0,0,0,0,1,0
1b5q,A,241,LYS,-3.9,168.6,1.0,2,0,X,0.0,0.0,0.0,0.0,0.0,0.0,0.0,0.0,22,0.04476232774459557,21,9,12,0,0,0,0,0,0,0,0,1,0
1b5q,A,242,TYR,-1.3,193.6,0.0,1,1,X,0.0,0.0,0.0,0.0,0.0,0.0,0.0,0.0,28,0.043363505002576956,30,6,24,0,0,0,0,0,0,0,0,1,0
1b5q,A,243,SER,-0.8,89.0,0.0,1,1,X,0.0,0.0,0.0,0.0,0.0,0.0,0.0,0.0,18,0.026577632098353617,23,4,19,0,0,0,0,0,0,0,0,1,0
1b5q,A,244,PRO,-1.6,112.7,0.0,0,0,X,0.0,0.0,0.0,0.0,0.0,0.0,0.0,0.0,14,0.020049792635600097,13,3,10,0,0,0,0,0,0,0,0,1,0
1b5q,A,245,GLY,-0.4,60.1,0.0,0,0,X,0.0,0.0,0.0,0.0,0.0,0.0,0.0,0.0,15,0.019117244140921023,15,8,7,0,0,0,0,0,0,0,0,1,0
1b5q,A,246,GLY,-0.4,60.1,0.0,0,0,X,0.0,0.0,0.0,0.0,0.0,0.0,0.0,0.0,23,0.03730193978716297,22,8,14,0,0,0,0,0,0,0,0,1,0
1b5q,A,247,VAL,4.2,140.0,0.0,0,0,X,0.0,0.0,0.0,0.0,0.0,0.0,0.0,0.0,31,0.04616115048661418,32,10,22,0,0,0,0,0,0,0,0,1,0
1b5q,A,248,THR,-0.7,116.1,0.0,1,1,X,0.0,0.0,0.0,0.0,0.0,0.0,0.0,0.0,28,0.03916703677652112,27,13,14,0,0,0,0,0,0,0,0,1,0
1b5q,A,249,VAL,4.2,140.0,0.0,0,0,X,0.0,0.0,0.0,0.0,0.0,0.0,0.0,0.0,37,0.04942507021799094,31,12,19,0,0,0,0,0,0,0,0,1,0
1b5q,A,250,LYS,-3.9,168.6,1.0,2,0,X,0.0,0.0,0.0,0.0,0.0,0.0,0.0,0.0,24,0.04616115048661418,23,21,2,0,0,0,0,0,0,0,0,1,0
1b5q,A,251,THR,-0.7,116.1,0.0,1,1,X,0.0,0.0,0.0,0.0,0.0,0.0,0.0,0.0,27,0.048958795970651406,30,28,2,0,0,0,0,0,0,0,0,1,0
1b5q,A,252,GLU,-3.5,138.4,-1.0,1,3,X,0.0,0.0,0.0,0.0,0.0,0.0,0.0,0.0,15,0.03590311704514436,32,11,21,0,0,0,0,0,0,0,0,1,0
1b5q,A,253,ASP,-3.5,111.1,-1.0,1,3,X,0.0,0.0,0.0,0.0,0.0,0.0,0.0,0.0,17,0.026577632098353617,20,10,10,0,0,0,0,0,0,0,0,1,0
1b5q,A,254,ASN,-3.5,114.1,0.0,2,2,X,0.0,0.0,0.0,0.0,0.0,0.0,0.0,0.0,12,0.023779986614316396,17,18,-1,0,0,0,0,0,0,0,0,1,0
1b5q,A,255,SER,-0.8,89.0,0.0,1,1,X,0.0,0.0,0.0,0.0,0.0,0.0,0.0,0.0,20,0.029375277582390842,21,16,5,0,0,0,0,0,0,0,0,1,0
1b5q,A,256,VAL,4.2,140.0,0.0,0,0,X,0.0,0.0,0.0,0.0,0.0,0.0,0.0,0.0,20,0.03170664881908853,19,18,1,0,0,0,0,0,0,0,0,1,0
1b5q,A,257,TYR,-1.3,193.6,0.0,1,1,X,0.0,0.0,0.0,0.0,0.0,0.0,0.0,0.0,30,0.034970568550465285,24,8,16,0,0,0,0,0,0,0,0,1,0
1b5q,A,258,SER,-0.8,89.0,0.0,1,1,X,0.0,0.0,0.0,0.0,0.0,0.0,0.0,0.0,20,0.032639197313767604,18,12,6,0,0,0,0,0,0,0,0,1,0
1b5q,A,259,ALA,1.8,88.6,0.0,0,0,X,0.0,0.0,0.0,0.0,0.0,0.0,0.0,0.0,27,0.04243095650789788,24,15,9,0,0,0,0,0,0,0,0,1,0
1b5q,A,260,ASP,-3.5,111.1,-1.0,1,3,X,0.0,0.0,0.0,0.0,0.0,0.0,0.0,0.0,26,0.03963331102386066,24,7,17,0,0,0,0,0,0,0,0,1,0
1b5q,A,261,TYR,-1.3,193.6,0.0,1,1,X,0.0,0.0,0.0,0.0,0.0,0.0,0.0,0.0,37,0.053155264196707235,19,9,10,0,0,0,0,0,0,0,0,1,0
1b5q,A,262,VAL,4.2,140.0,0.0,0,0,X,0.0,0.0,0.0,0.0,0.0,0.0,0.0,0.0,38,0.050823892960009553,18,8,10,0,0,0,0,0,0,0,0,1,0
1b5q,A,263,MET,1.9,162.9,0.0,0,0,X,0.0,0.0,0.0,0.0,0.0,0.0,0.0,0.0,46,0.050823892960009553,7,4,3,0,0,0,0,0,0,0,0,1,0
1b5q,A,264,VAL,4.2,140.0,0.0,0,0,X,0.0,0.0,0.0,0.0,0.0,0.0,0.0,0.0,42,0.04476232774459557,12,0,12,0,0,0,0,0,0,0,0,1,0
1b5q,A,265,SER,-0.8,89.0,0.0,1,1,X,0.0,0.0,0.0,0.0,0.0,0.0,0.0,0.0,44,0.04662742473395372,14,12,2,0,0,0,0,0,0,0,0,1,1
1b5q,A,266,ALA,1.8,88.6,0.0,0,0,X,0.0,0.0,0.0,0.0,0.0,0.0,0.0,0.0,41,0.04149840801321881,21,10,11,0,0,0,0,0,0,0,0,1,1
1b5q,A,267,SER,-0.8,89.0,0.0,1,1,X,0.0,0.0,0.0,0.0,0.0,0.0,0.0,0.0,39,0.048958795970651406,30,14,16,0,0,0,0,0,0,0,0,1,0
1b5q,A,268,LEU,3.8,166.7,0.0,0,0,X,0.0,0.0,0.0,0.0,0.0,0.0,0.0,0.0,42,0.048958795970651406,28,17,11,0,0,0,0,0,0,0,0,1,0
1b5q,A,269,GLY,-0.4,60.1,0.0,0,0,X,0.0,0.0,0.0,0.0,0.0,0.0,0.0,0.0,38,0.04989134446533048,33,15,18,0,0,0,0,0,0,0,0,1,0
1b5q,A,270,VAL,4.2,140.0,0.0,0,0,X,0.0,0.0,0.0,0.0,0.0,0.0,0.0,0.0,35,0.04755997322863279,28,14,14,0,0,0,0,0,0,0,0,1,0
1b5q,A,271,LEU,3.8,166.7,0.0,0,0,X,0.0,0.0,0.0,0.0,0.0,0.0,0.0,0.0,38,0.04662742473395372,26,8,18,0,0,0,0,0,0,0,0,1,0
1b5q,A,272,GLN,-3.5,143.8,0.0,2,2,X,0.0,0.0,0.0,0.0,0.0,0.0,0.0,0.0,38,0.05222271570202816,41,21,20,0,0,0,0,0,0,0,0,1,0
1b5q,A,273,SER,-0.8,89.0,0.0,1,1,X,0.0,0.0,0.0,0.0,0.0,0.0,0.0,0.0,30,0.04429605349725603,33,14,19,0,0,0,0,0,0,0,0,1,0
1b5q,A,274,ASP,-3.5,111.1,-1.0,1,3,X,0.0,0.0,0.0,0.0,0.0,0.0,0.0,0.0,25,0.03683566553982344,25,6,19,0,0,0,0,0,0,0,0,1,0
1b5q,A,275,LEU,3.8,166.7,0.0,0,0,X,0.0,0.0,0.0,0.0,0.0,0.0,0.0,0.0,29,0.035436842797804825,29,22,7,0,0,0,0,0,0,0,0,1,1
1b5q,A,276,ILE,4.5,166.7,0.0,0,0,X,0.0,0.0,0.0,0.0,0.0,0.0,0.0,0.0,34,0.04289723075523742,22,18,4,0,0,0,0,0,0,0,0,1,0
1b5q,A,277,GLN,-3.5,143.8,0.0,2,2,X,0.0,0.0,0.0,0.0,0.0,0.0,0.0,0.0,18,0.03776821403450251,47,17,30,0,0,0,0,0,0,0,0,1,0
1b5q,A,278,PHE,2.8,189.9,0.0,0,0,X,0.0,0.0,0.0,0.0,0.0,0.0,0.0,0.0,30,0.043363505002576956,31,17,14,0,0,0,0,0,0,0,0,1,0
1b5q,A,279,LYS,-3.9,168.6,1.0,2,0,X,0.0,0.0,0.0,0.0,0.0,0.0,0.0,0.0,16,0.03730193978716297,26,9,17,0,0,0,0,0,0,0,0,1,0
1b5q,A,280,PRO,-1.6,112.7,0.0,0,0,X,0.0,0.0,0.0,0.0,0.0,0.0,0.0,0.0,16,0.02984155182973038,27,3,24,0,0,0,0,0,0,0,0,1,0
1b5q,A,281,LYS,-3.9,168.6,1.0,2,0,X,0.0,0.0,0.0,0.0,0.0,0.0,0.0,0.0,16,0.028909003335051305,14,4,10,0,0,0,0,0,0,0,0,1,0
1b5q,A,282,LEU,3.8,166.7,0.0,0,0,X,0.0,0.0,0.0,0.0,0.0,0.0,0.0,0.0,27,0.03963331102386066,27,1,26,0,0,0,0,0,0,0,0,1,0
1b5q,A,283,PRO,-1.6,112.7,0.0,0,0,X,0.0,0.0,0.0,0.0,0.0,0.0,0.0,0.0,18,0.030307826077069916,23,0,23,0,0,0,0,0,0,0,0,1,0
1b5q,A,284,THR,-0.7,116.1,0.0,1,1,X,0.0,0.0,0.0,0.0,0.0,0.0,0.0,0.0,16,0.027043906345693154,25,1,24,0,0,0,0,0,0,0,0,1,0
1b5q,A,285,TRP,-0.9,227.8,0.0,1,0,X,0.0,0.0,0.0,0.0,0.0,0.0,0.0,0.0,20,0.03357174580844668,23,10,13,0,0,0,0,0,0,0,0,1,0
1b5q,A,286,LYS,-3.9,168.6,1.0,2,0,X,0.0,0.0,0.0,0.0,0.0,0.0,0.0,0.0,30,0.04616115048661418,16,11,5,0,0,0,0,0,0,0,0,1,0
1b5q,A,287,VAL,4.2,140.0,0.0,0,0,X,0.0,0.0,0.0,0.0,0.0,0.0,0.0,0.0,27,0.043363505002576956,36,4,32,0,0,0,0,0,0,0,0,1,0
1b5q,A,288,ARG,-4.5,173.4,1.0,5,0,X,0.0,0.0,0.0,0.0,0.0,0.0,0.0,0.0,26,0.04289723075523742,10,15,-5,0,0,0,0,0,0,0,0,1,0
1b5q,A,289,ALA,1.8,88.6,0.0,0,0,X,0.0,0.0,0.0,0.0,0.0,0.0,0.0,0.0,33,0.05035761871267001,29,16,13,0,0,0,0,0,0,0,0,1,0
1b5q,A,290,ILE,4.5,166.7,0.0,0,0,X,0.0,0.0,0.0,0.0,0.0,0.0,0.0,0.0,39,0.04942507021799094,42,14,28,0,0,0,0,0,0,0,0,1,0
1b5q,A,291,TYR,-1.3,193.6,0.0,1,1,X,0.0,0.0,0.0,0.0,0.0,0.0,0.0,0.0,36,0.05222271570202816,36,20,16,0,0,0,0,0,0,0,0,1,0
1b5q,A,292,GLN,-3.5,143.8,0.0,2,2,X,0.0,0.0,0.0,0.0,0.0,0.0,0.0,0.0,39,0.05175644145468863,24,27,-3,0,0,0,0,0,0,0,0,1,0
1b5q,A,293,PHE,2.8,189.9,0.0,0,0,X,0.0,0.0,0.0,0.0,0.0,0.0,0.0,0.0,40,0.0526889899493677,19,28,-9,0,0,0,0,0,0,0,0,1,0
1b5q,A,294,ASP,-3.5,111.1,-1.0,1,3,X,0.0,0.0,0.0,0.0,0.0,0.0,0.0,0.0,41,0.045694876239274644,21,13,8,0,0,0,0,0,0,0,0,1,0
1b5q,A,295,MET,1.9,162.9,0.0,0,0,X,0.0,0.0,0.0,0.0,0.0,0.0,0.0,0.0,42,0.05222271570202816,35,23,12,0,0,0,0,0,0,0,0,1,0
1b5q,A,296,ALA,1.8,88.6,0.0,0,0,X,0.0,0.0,0.0,0.0,0.0,0.0,0.0,0.0,42,0.048026247475972325,23,35,-12,0,0,0,0,0,0,0,0,1,0
1b5q,A,297,VAL,4.2,140.0,0.0,0,0,X,0.0,0.0,0.0,0.0,0.0,0.0,0.0,0.0,38,0.05455408693872585,27,40,-13,0,0,0,0,0,0,0,0,1,0
1b5q,A,298,TYR,-1.3,193.6,0.0,1,1,X,0.0,0.0,0.0,0.0,0.0,0.0,0.0,0.0,37,0.04755997322863279,10,24,-14,0,0,0,0,0,0,0,0,1,1
1b5q,A,299,THR,-0.7,116.1,0.0,1,1,X,0.0,0.0,0.0,0.0,0.0,0.0,0.0,0.0,40,0.05175644145468863,25,24,1,0,0,0,0,0,0,0,0,1,0
1b5q,A,300,LYS,-3.9,168.6,1.0,2,0,X,0.0,0.0,0.0,0.0,0.0,0.0,0.0,0.0,35,0.048958795970651406,4,8,-4,0,0,0,0,0,0,0,0,1,0
1b5q,A,301,ILE,4.5,166.7,0.0,0,0,X,0.0,0.0,0.0,0.0,0.0,0.0,0.0,0.0,39,0.04942507021799094,20,12,8,0,0,0,0,0,0,0,0,1,0
1b5q,A,302,PHE,2.8,189.9,0.0,0,0,X,0.0,0.0,0.0,0.0,0.0,0.0,0.0,0.0,34,0.048492521723311866,15,13,2,0,0,0,0,0,0,0,0,1,0
1b5q,A,303,LEU,3.8,166.7,0.0,0,0,X,0.0,0.0,0.0,0.0,0.0,0.0,0.0,0.0,39,0.05175644145468863,21,14,7,0,0,0,0,0,0,0,0,1,0
1b5q,A,304,LYS,-3.9,168.6,1.0,2,0,X,0.0,0.0,0.0,0.0,0.0,0.0,0.0,0.0,29,0.050823892960009553,10,13,-3,0,0,0,0,0,0,0,0,1,0
1b5q,A,305,PHE,2.8,189.9,0.0,0,0,X,0.0,0.0,0.0,0.0,0.0,0.0,0.0,0.0,30,0.04755997322863279,32,17,15,0,0,0,0,0,0,0,0,1,0
1b5q,A,306,PRO,-1.6,112.7,0.0,0,0,X,0.0,0.0,0.0,0.0,0.0,0.0,0.0,0.0,19,0.03170664881908853,26,14,12,0,0,0,0,0,0,0,0,1,0
1b5q,A,307,ARG,-4.5,173.4,1.0,5,0,X,0.0,0.0,0.0,0.0,0.0,0.0,0.0,0.0,16,0.03124037457174899,18,13,5,0,0,0,0,0,0,0,0,1,0
1b5q,A,308,LYS,-3.9,168.6,1.0,2,0,X,0.0,0.0,0.0,0.0,0.0,0.0,0.0,0.0,20,0.03730193978716297,16,27,-11,0,0,0,0,0,0,0,0,1,0
1b5q,A,309,PHE,2.8,189.9,0.0,0,0,X,0.0,0.0,0.0,0.0,0.0,0.0,0.0,0.0,28,0.040565859518539735,40,17,23,0,0,0,0,0,0,0,0,1,0
1b5q,A,310,TRP,-0.9,227.8,0.0,1,0,X,0.0,0.0,0.0,0.0,0.0,0.0,0.0,0.0,31,0.040565859518539735,30,30,0,0,0,0,0,0,0,0,0,1,0
1b5q,A,311,PRO,-1.6,112.7,0.0,0,0,X,0.0,0.0,0.0,0.0,0.0,0.0,0.0,0.0,23,0.035436842797804825,29,30,-1,0,0,0,0,0,0,0,0,1,0
1b5q,A,312,GLU,-3.5,138.4,-1.0,1,3,X,0.0,0.0,0.0,0.0,0.0,0.0,0.0,0.0,24,0.032639197313767604,29,28,1,0,0,0,0,0,0,0,0,1,0
1b5q,A,313,GLY,-0.4,60.1,0.0,0,0,X,0.0,0.0,0.0,0.0,0.0,0.0,0.0,0.0,17,0.02331371236697686,30,35,-5,0,0,0,0,0,0,0,0,1,0
1b5q,A,314,LYS,-3.9,168.6,1.0,2,0,X,0.0,0.0,0.0,0.0,0.0,0.0,0.0,0.0,14,0.023779986614316396,13,28,-15,0,0,0,0,0,0,0,0,1,0
1b5q,A,315,GLY,-0.4,60.1,0.0,0,0,X,0.0,0.0,0.0,0.0,0.0,0.0,0.0,0.0,23,0.04289723075523742,24,45,-21,0,0,0,0,0,0,0,0,1,0
1b5q,A,316,ARG,-4.5,173.4,1.0,5,0,X,0.0,0.0,0.0,0.0,0.0,0.0,0.0,0.0,24,0.045228601991935104,7,33,-26,0,0,0,0,0,0,0,0,1,0
1b5q,A,317,GLU,-3.5,138.4,-1.0,1,3,X,0.0,0.0,0.0,0.0,0.0,0.0,0.0,0.0,33,0.048958795970651406,26,35,-9,0,0,0,0,0,0,0,0,1,0
1b5q,A,318,PHE,2.8,189.9,0.0,0,0,X,0.0,0.0,0.0,0.0,0.0,0.0,0.0,0.0,34,0.05129016720734909,13,35,-22,0,0,0,0,0,0,0,0,1,0
1b5q,A,319,PHE,2.8,189.9,0.0,0,0,X,0.0,0.0,0.0,0.0,0.0,0.0,0.0,0.0,37,0.05175644145468863,10,17,-7,0,0,0,0,0,0,0,0,1,0
1b5q,A,320,LEU,3.8,166.7,0.0,0,0,X,0.0,0.0,0.0,0.0,0.0,0.0,0.0,0.0,43,0.048026247475972325,6,3,3,0,0,0,0,0,0,0,0,1,0
1b5q,A,321,TYR,-1.3,193.6,0.0,1,1,X,0.0,0.0,0.0,0.0,0.0,0.0,0.0,0.0,36,0.05222271570202816,26,18,8,0,0,0,0,0,0,0,0,1,0
1b5q,A,322,ALA,1.8,88.6,0.0,0,0,X,0.0,0.0,0.0,0.0,0.0,0.0,0.0,0.0,37,0.053155264196707235,22,22,0,0,0,0,0,0,0,0,0,1,0
1b5q,A,323,SER,-0.8,89.0,0.0,1,1,X,0.0,0.0,0.0,0.0,0.0,0.0,0.0,0.0,31,0.043363505002576956,37,17,20,0,0,0,0,0,0,0,0,1,0
1b5q,A,324,SER,-0.8,89.0,0.0,1,1,X,0.0,0.0,0.0,0.0,0.0,0.0,0.0,0.0,29,0.03450429430312575,40,32,8,0,0,0,0,0,0,0,0,1,0
1b5q,A,325,ARG,-4.5,173.4,1.0,5,0,X,0.0,0.0,0.0,0.0,0.0,0.0,0.0,0.0,19,0.03776821403450251,23,38,-15,0,0,0,0,0,0,0,0,1,0
1b5q,A,326,ARG,-4.5,173.4,1.0,5,0,X,0.0,0.0,0.0,0.0,0.0,0.0,0.0,0.0,35,0.03823448828184205,20,52,-32,0,0,0,0,0,0,0,0,1,0
1b5q,A,327,GLY,-0.4,60.1,0.0,0,0,X,0.0,0.0,0.0,0.0,0.0,0.0,0.0,0.0,32,0.045228601991935104,28,38,-10,0,0,0,0,0,0,0,0,1,0
1b5q,A,328,TYR,-1.3,193.6,0.0,1,1,X,0.0,0.0,0.0,0.0,0.0,0.0,0.0,0.0,34,0.04429605349725603,35,26,9,0,0,0,0,0,0,0,0,1,0
1b5q,A,329,TYR,-1.3,193.6,0.0,1,1,X,0.0,0.0,0.0,0.0,0.0,0.0,0.0,0.0,35,0.050823892960009553,20,18,2,0,0,0,0,0,0,0,0,1,0
1b5q,A,330,GLY,-0.4,60.1,0.0,0,0,X,0.0,0.0,0.0,0.0,0.0,0.0,0.0,0.0,38,0.05129016720734909,8,4,4,0,0,0,0,0,0,0,0,1,0
1b5q,A,331,VAL,4.2,140.0,0.0,0,0,X,0.0,0.0,0.0,0.0,0.0,0.0,0.0,0.0,38,0.05222271570202816,2,8,-6,0,0,0,0,0,0,0,0,1,0
1b5q,A,332,TRP,-0.9,227.8,0.0,1,0,X,0.0,0.0,0.0,0.0,0.0,0.0,0.0,0.0,37,0.05035761871267001,1,9,-8,0,0,0,0,0,0,0,0,1,0
1b5q,A,333,GLN,-3.5,143.8,0.0,2,2,X,0.0,0.0,0.0,0.0,0.0,0.0,0.0,0.0,33,0.050823892960009553,12,25,-13,0,0,0,0,0,0,0,0,1,0
1b5q,A,334,GLU,-3.5,138.4,-1.0,1,3,X,0.0,0.0,0.0,0.0,0.0,0.0,0.0,0.0,29,0.05222271570202816,26,28,-2,0,0,0,0,0,0,0,0,1,0
1b5q,A,335,PHE,2.8,189.9,0.0,0,0,X,0.0,0.0,0.0,0.0,0.0,0.0,0.0,0.0,35,0.05222271570202816,14,35,-21,0,0,0,0,0,0,0,0,1,0
1b5q,A,336,GLU,-3.5,138.4,-1.0,1,3,X,0.0,0.0,0.0,0.0,0.0,0.0,0.0,0.0,24,0.04196468226055834,27,34,-7,0,0,0,0,0,0,0,0,1,0
1b5q,A,337,LYS,-3.9,168.6,1.0,2,0,X,0.0,0.0,0.0,0.0,0.0,0.0,0.0,0.0,22,0.03403802005578621,16,35,-19,0,0,0,0,0,0,0,0,1,0
1b5q,A,338,GLN,-3.5,143.8,0.0,2,2,X,0.0,0.0,0.0,0.0,0.0,0.0,0.0,0.0,30,0.04429605349725603,22,32,-10,0,0,0,0,0,0,0,0,1,0
1b5q,A,339,TYR,-1.3,193.6,0.0,1,1,X,0.0,0.0,0.0,0.0,0.0,0.0,0.0,0.0,34,0.03730193978716297,16,26,-10,0,0,0,0,0,0,0,0,1,0
1b5q,A,340,PRO,-1.6,112.7,0.0,0,0,X,0.0,0.0,0.0,0.0,0.0,0.0,0.0,0.0,17,0.02611135785101408,14,23,-9,0,0,0,0,0,0,0,0,1,0
1b5q,A,341,ASP,-3.5,111.1,-1.0,1,3,X,0.0,0.0,0.0,0.0,0.0,0.0,0.0,0.0,18,0.021914889624958248,15,12,3,0,0,0,0,0,0,0,0,1,0
1b5q,A,342,ALA,1.8,88.6,0.0,0,0,X,0.0,0.0,0.0,0.0,0.0,0.0,0.0,0.0,25,0.03310547156110714,22,20,2,0,0,0,0,0,0,0,0,1,0
1b5q,A,343,ASN,-3.5,114.1,0.0,2,2,X,0.0,0.0,0.0,0.0,0.0,0.0,0.0,0.0,27,0.04429605349725603,26,22,4,0,0,0,0,0,0,0,0,1,0
1b5q,A,344,VAL,4.2,140.0,0.0,0,0,X,0.0,0.0,0.0,0.0,0.0,0.0,0.0,0.0,36,0.050823892960009553,18,24,-6,0,0,0,0,0,0,0,0,1,0
1b5q,A,345,LEU,3.8,166.7,0.0,0,0,X,0.0,0.0,0.0,0.0,0.0,0.0,0.0,0.0,37,0.05455408693872585,15,16,-1,0,0,0,0,0,0,0,0,1,0
1b5q,A,346,LEU,3.8,166.7,0.0,0,0,X,0.0,0.0,0.0,0.0,0.0,0.0,0.0,0.0,37,0.05175644145468863,10,13,-3,0,0,0,0,0,0,0,0,1,0
1b5q,A,347,VAL,4.2,140.0,0.0,0,0,X,0.0,0.0,0.0,0.0,0.0,0.0,0.0,0.0,37,0.050823892960009553,9,2,7,0,0,0,0,0,0,0,0,1,0
1b5q,A,348,THR,-0.7,116.1,0.0,1,1,X,0.0,0.0,0.0,0.0,0.0,0.0,0.0,0.0,38,0.0526889899493677,9,10,-1,0,0,0,0,0,0,0,0,1,0
1b5q,A,349,VAL,4.2,140.0,0.0,0,0,X,0.0,0.0,0.0,0.0,0.0,0.0,0.0,0.0,36,0.05408781269138631,20,33,-13,0,0,0,0,0,0,0,0,1,0
1b5q,A,350,THR,-0.7,116.1,0.0,1,1,X,0.0,0.0,0.0,0.0,0.0,0.0,0.0,0.0,36,0.05175644145468863,23,48,-25,0,0,0,0,0,0,0,0,1,0
1b5q,A,351,ASP,-3.5,111.1,-1.0,1,3,X,0.0,0.0,0.0,0.0,0.0,0.0,0.0,0.0,33,0.04476232774459557,28,40,-12,0,0,0,0,0,0,0,0,1,0
1b5q,A,352,GLU,-3.5,138.4,-1.0,1,3,X,0.0,0.0,0.0,0.0,0.0,0.0,0.0,0.0,27,0.03357174580844668,60,25,35,0,0,0,0,0,0,0,0,1,0
1b5q,A,353,GLU,-3.5,138.4,-1.0,1,3,X,0.0,0.0,0.0,0.0,0.0,0.0,0.0,0.0,27,0.04429605349725603,51,28,23,0,0,0,0,0,0,0,0,1,0
1b5q,A,354,SER,-0.8,89.0,0.0,1,1,X,0.0,0.0,0.0,0.0,0.0,0.0,0.0,0.0,35,0.050823892960009553,35,35,0,0,0,0,0,0,0,0,0,1,0
1b5q,A,355,ARG,-4.5,173.4,1.0,5,0,X,0.0,0.0,0.0,0.0,0.0,0.0,0.0,0.0,32,0.04616115048661418,20,37,-17,0,0,0,0,0,0,0,0,1,0
1b5q,A,356,ARG,-4.5,173.4,1.0,5,0,X,0.0,0.0,0.0,0.0,0.0,0.0,0.0,0.0,32,0.043829779249916496,28,36,-8,0,0,0,0,0,0,0,0,1,0
1b5q,A,357,ILE,4.5,166.7,0.0,0,0,X,0.0,0.0,0.0,0.0,0.0,0.0,0.0,0.0,37,0.048958795970651406,34,44,-10,0,0,0,0,0,0,0,0,1,0
1b5q,A,358,GLU,-3.5,138.4,-1.0,1,3,X,0.0,0.0,0.0,0.0,0.0,0.0,0.0,0.0,30,0.04755997322863279,31,20,11,0,0,0,0,0,0,0,0,1,0
1b5q,A,359,GLN,-3.5,143.8,0.0,2,2,X,0.0,0.0,0.0,0.0,0.0,0.0,0.0,0.0,24,0.03124037457174899,28,16,12,0,0,0,0,0,0,0,0,1,0
1b5q,A,360,GLN,-3.5,143.8,0.0,2,2,X,0.0,0.0,0.0,0.0,0.0,0.0,0.0,0.0,24,0.034970568550465285,25,40,-15,0,0,0,0,0,0,0,0,1,0
1b5q,A,361,SER,-0.8,89.0,0.0,1,1,X,0.0,0.0,0.0,0.0,0.0,0.0,0.0,0.0,16,0.03170664881908853,17,28,-11,0,0,0,0,0,0,0,0,1,0
1b5q,A,362,ASP,-3.5,111.1,-1.0,1,3,X,0.0,0.0,0.0,0.0,0.0,0.0,0.0,0.0,23,0.03776821403450251,17,22,-5,0,0,0,0,0,0,0,0,1,0
1b5q,A,363,GLU,-3.5,138.4,-1.0,1,3,X,0.0,0.0,0.0,0.0,0.0,0.0,0.0,0.0,15,0.029375277582390842,10,17,-7,0,0,0,0,0,0,0,0,1,0
1b5q,A,364,GLN,-3.5,143.8,0.0,2,2,X,0.0,0.0,0.0,0.0,0.0,0.0,0.0,0.0,21,0.03310547156110714,18,30,-12,0,0,0,0,0,0,0,0,1,0
1b5q,A,365,THR,-0.7,116.1,0.0,1,1,X,0.0,0.0,0.0,0.0,0.0,0.0,0.0,0.0,32,0.04942507021799094,23,35,-12,0,0,0,0,0,0,0,0,1,0
1b5q,A,366,LYS,-3.9,168.6,1.0,2,0,X,0.0,0.0,0.0,0.0,0.0,0.0,0.0,0.0,31,0.043363505002576956,7,41,-34,0,0,0,0,0,0,0,0,1,0
1b5q,A,367,ALA,1.8,88.6,0.0,0,0,X,0.0,0.0,0.0,0.0,0.0,0.0,0.0,0.0,21,0.0363693912924839,19,29,-10,0,0,0,0,0,0,0,0,1,0
1b5q,A,368,GLU,-3.5,138.4,-1.0,1,3,X,0.0,0.0,0.0,0.0,0.0,0.0,0.0,0.0,27,0.040099585271200194,19,15,4,0,0,0,0,0,0,0,0,1,0
1b5q,A,369,ILE,4.5,166.7,0.0,0,0,X,0.0,0.0,0.0,0.0,0.0,0.0,0.0,0.0,41,0.04662742473395372,21,22,-1,0,0,0,0,0,0,0,0,1,0
1b5q,A,370,MET,1.9,162.9,0.0,0,0,X,0.0,0.0,0.0,0.0,0.0,0.0,0.0,0.0,30,0.04429605349725603,27,18,9,0,0,0,0,0,0,0,0,1,0
1b5q,A,371,GLN,-3.5,143.8,0.0,2,2,X,0.0,0.0,0.0,0.0,0.0,0.0,0.0,0.0,19,0.035436842797804825,25,12,13,0,0,0,0,0,0,0,0,1,0
1b5q,A,372,VAL,4.2,140.0,0.0,0,0,X,0.0,0.0,0.0,0.0,0.0,0.0,0.0,0.0,33,0.04476232774459557,23,23,0,0,0,0,0,0,0,0,0,1,0
1b5q,A,373,LEU,3.8,166.7,0.0,0,0,X,0.0,0.0,0.0,0.0,0.0,0.0,0.0,0.0,32,0.048026247475972325,28,12,16,0,0,0,0,0,0,0,0,1,0
1b5q,A,374,ARG,-4.5,173.4,1.0,5,0,X,0.0,0.0,0.0,0.0,0.0,0.0,0.0,0.0,22,0.04196468226055834,17,20,-3,0,0,0,0,0,0,0,0,1,0
1b5q,A,375,LYS,-3.9,168.6,1.0,2,0,X,0.0,0.0,0.0,0.0,0.0,0.0,0.0,0.0,22,0.04196468226055834,13,19,-6,0,0,0,0,0,0,0,0,1,0
1b5q,A,376,MET,1.9,162.9,0.0,0,0,X,0.0,0.0,0.0,0.0,0.0,0.0,0.0,0.0,33,0.048492521723311866,28,13,15,0,0,0,0,0,0,0,0,1,0
1b5q,A,377,PHE,2.8,189.9,0.0,0,0,X,0.0,0.0,0.0,0.0,0.0,0.0,0.0,0.0,31,0.04289723075523742,28,7,21,0,0,0,0,0,0,0,0,1,0
1b5q,A,378,PRO,-1.6,112.7,0.0,0,0,X,0.0,0.0,0.0,0.0,0.0,0.0,0.0,0.0,20,0.027043906345693154,25,15,10,0,0,0,0,0,0,0,0,1,0
1b5q,A,379,GLY,-0.4,60.1,0.0,0,0,X,0.0,0.0,0.0,0.0,0.0,0.0,0.0,0.0,12,0.01678587290422334,19,8,11,0,0,0,0,0,0,0,0,1,0
1b5q,A,380,LYS,-3.9,168.6,1.0,2,0,X,0.0,0.0,0.0,0.0,0.0,0.0,0.0,0.0,16,0.028909003335051305,23,8,15,0,0,0,0,0,0,0,0,1,0
1b5q,A,381,ASP,-3.5,111.1,-1.0,1,3,X,0.0,0.0,0.0,0.0,0.0,0.0,0.0,0.0,14,0.02611135785101408,33,4,29,0,0,0,0,0,0,0,0,1,0
1b5q,A,382,VAL,4.2,140.0,0.0,0,0,X,0.0,0.0,0.0,0.0,0.0,0.0,0.0,0.0,23,0.04196468226055834,37,16,21,0,0,0,0,0,0,0,0,1,0
1b5q,A,383,PRO,-1.6,112.7,0.0,0,0,X,0.0,0.0,0.0,0.0,0.0,0.0,0.0,0.0,22,0.03823448828184205,37,17,20,0,0,0,0,0,0,0,0,1,0
1b5q,A,384,ASP,-3.5,111.1,-1.0,1,3,X,0.0,0.0,0.0,0.0,0.0,0.0,0.0,0.0,21,0.03403802005578621,29,9,20,0,0,0,0,0,0,0,0,1,0
1b5q,A,385,ALA,1.8,88.6,0.0,0,0,X,0.0,0.0,0.0,0.0,0.0,0.0,0.0,0.0,29,0.04243095650789788,25,21,4,0,0,0,0,0,0,0,0,1,0
1b5q,A,386,THR,-0.7,116.1,0.0,1,1,X,0.0,0.0,0.0,0.0,0.0,0.0,0.0,0.0,19,0.032639197313767604,17,16,1,0,0,0,0,0,0,0,0,1,0
1b5q,A,387,ASP,-3.5,111.1,-1.0,1,3,X,0.0,0.0,0.0,0.0,0.0,0.0,0.0,0.0,23,0.030774100324409453,16,15,1,0,0,0,0,0,0,0,0,1,0
1b5q,A,388,ILE,4.5,166.7,0.0,0,0,X,0.0,0.0,0.0,0.0,0.0,0.0,0.0,0.0,30,0.04149840801321881,21,25,-4,0,0,0,0,0,0,0,0,1,0
1b5q,A,389,LEU,3.8,166.7,0.0,0,0,X,0.0,0.0,0.0,0.0,0.0,0.0,0.0,0.0,28,0.03870076252918159,20,20,0,0,0,0,0,0,0,0,0,1,0
1b5q,A,390,VAL,4.2,140.0,0.0,0,0,X,0.0,0.0,0.0,0.0,0.0,0.0,0.0,0.0,33,0.040099585271200194,20,23,-3,0,0,0,0,0,0,0,0,1,0
1b5q,A,391,PRO,-1.6,112.7,0.0,0,0,X,0.0,0.0,0.0,0.0,0.0,0.0,0.0,0.0,31,0.04149840801321881,22,20,2,0,0,0,0,0,0,0,0,1,0
1b5q,A,392,ARG,-4.5,173.4,1.0,5,0,X,0.0,0.0,0.0,0.0,0.0,0.0,0.0,0.0,25,0.03683566553982344,11,24,-13,0,0,0,0,0,0,0,0,1,0
1b5q,A,393,TRP,-0.9,227.8,0.0,1,0,X,0.0,0.0,0.0,0.0,0.0,0.0,0.0,0.0,32,0.048026247475972325,46,15,31,0,0,0,0,0,0,0,0,1,0
1b5q,A,394,TRP,-0.9,227.8,0.0,1,0,X,0.0,0.0,0.0,0.0,0.0,0.0,0.0,0.0,33,0.048492521723311866,37,26,11,0,0,0,0,0,0,0,0,1,0
1b5q,A,395,SER,-0.8,89.0,0.0,1,1,X,0.0,0.0,0.0,0.0,0.0,0.0,0.0,0.0,22,0.035436842797804825,36,17,19,0,0,0,0,0,0,0,0,1,0
1b5q,A,396,ASP,-3.5,111.1,-1.0,1,3,X,0.0,0.0,0.0,0.0,0.0,0.0,0.0,0.0,23,0.03823448828184205,29,5,24,0,0,0,0,0,0,0,0,1,0
1b5q,A,397,ARG,-4.5,173.4,1.0,5,0,X,0.0,0.0,0.0,0.0,0.0,0.0,0.0,0.0,20,0.034970568550465285,17,17,0,0,0,0,0,0,0,0,0,1,0
1b5q,A,398,PHE,2.8,189.9,0.0,0,0,X,0.0,0.0,0.0,0.0,0.0,0.0,0.0,0.0,33,0.03916703677652112,34,21,13,0,0,0,0,0,0,0,0,1,1
1b5q,A,399,TYR,-1.3,193.6,0.0,1,1,X,0.0,0.0,0.0,0.0,0.0,0.0,0.0,0.0,35,0.04942507021799094,38,12,26,0,0,0,0,0,0,0,0,1,1
1b5q,A,400,LYS,-3.9,168.6,1.0,2,0,X,0.0,0.0,0.0,0.0,0.0,0.0,0.0,0.0,31,0.05595290968074446,24,13,11,0,0,0,0,0,0,0,0,1,0
1b5q,A,401,GLY,-0.4,60.1,0.0,0,0,X,0.0,0.0,0.0,0.0,0.0,0.0,0.0,0.0,38,0.05408781269138631,34,18,16,0,0,0,0,0,0,0,0,1,0
1b5q,A,402,THR,-0.7,116.1,0.0,1,1,X,0.0,0.0,0.0,0.0,0.0,0.0,0.0,0.0,42,0.04662742473395372,25,16,9,0,0,0,0,0,0,0,0,1,1
1b5q,A,403,PHE,2.8,189.9,0.0,0,0,X,0.0,0.0,0.0,0.0,0.0,0.0,0.0,0.0,39,0.04429605349725603,17,34,-17,0,0,0,0,0,0,0,0,1,1
1b5q,A,404,SER,-0.8,89.0,0.0,1,1,X,0.0,0.0,0.0,0.0,0.0,0.0,0.0,0.0,36,0.05548663543340492,16,26,-10,0,0,0,0,0,0,0,0,1,1
1b5q,A,405,ASN,-3.5,114.1,0.0,2,2,X,0.0,0.0,0.0,0.0,0.0,0.0,0.0,0.0,41,0.05222271570202816,6,29,-23,0,0,0,0,0,0,0,0,1,1
1b5q,A,406,TRP,-0.9,227.8,0.0,1,0,X,0.0,0.0,0.0,0.0,0.0,0.0,0.0,0.0,41,0.05129016720734909,20,27,-7,0,0,0,0,0,0,0,0,1,0
1b5q,A,407,PRO,-1.6,112.7,0.0,0,0,X,0.0,0.0,0.0,0.0,0.0,0.0,0.0,0.0,40,0.05035761871267001,13,25,-12,0,0,0,0,0,0,0,0,1,0
1b5q,A,408,VAL,4.2,140.0,0.0,0,0,X,0.0,0.0,0.0,0.0,0.0,0.0,0.0,0.0,30,0.04616115048661418,11,24,-13,0,0,0,0,0,0,0,0,1,0
1b5q,A,409,GLY,-0.4,60.1,0.0,0,0,X,0.0,0.0,0.0,0.0,0.0,0.0,0.0,0.0,29,0.045228601991935104,17,40,-23,0,0,0,0,0,0,0,0,1,0
1b5q,A,410,VAL,4.2,140.0,0.0,0,0,X,0.0,0.0,0.0,0.0,0.0,0.0,0.0,0.0,36,0.04755997322863279,16,32,-16,0,0,0,0,0,0,0,0,1,0
1b5q,A,411,ASN,-3.5,114.1,0.0,2,2,X,0.0,0.0,0.0,0.0,0.0,0.0,0.0,0.0,25,0.04243095650789788,26,32,-6,0,0,0,0,0,0,0,0,1,0
1b5q,A,412,ARG,-4.5,173.4,1.0,5,0,X,0.0,0.0,0.0,0.0,0.0,0.0,0.0,0.0,25,0.040565859518539735,20,25,-5,0,0,0,0,0,0,0,0,1,0
1b5q,A,413,TYR,-1.3,193.6,0.0,1,1,X,0.0,0.0,0.0,0.0,0.0,0.0,0.0,0.0,17,0.03357174580844668,15,18,-3,0,0,0,0,0,0,0,0,1,0
1b5q,A,414,GLU,-3.5,138.4,-1.0,1,3,X,0.0,0.0,0.0,0.0,0.0,0.0,0.0,0.0,29,0.04429605349725603,26,17,9,0,0,0,0,0,0,0,0,1,0
1b5q,A,415,TYR,-1.3,193.6,0.0,1,1,X,0.0,0.0,0.0,0.0,0.0,0.0,0.0,0.0,32,0.05129016720734909,43,32,11,0,0,0,0,0,0,0,0,1,0
1b5q,A,416,ASP,-3.5,111.1,-1.0,1,3,X,0.0,0.0,0.0,0.0,0.0,0.0,0.0,0.0,23,0.04662742473395372,29,18,11,0,0,0,0,0,0,0,0,1,0
1b5q,A,417,GLN,-3.5,143.8,0.0,2,2,X,0.0,0.0,0.0,0.0,0.0,0.0,0.0,0.0,25,0.04709369898129325,33,17,16,0,0,0,0,0,0,0,0,1,0
1b5q,A,418,LEU,3.8,166.7,0.0,0,0,X,0.0,0.0,0.0,0.0,0.0,0.0,0.0,0.0,42,0.053155264196707235,36,23,13,0,0,0,0,0,0,0,0,1,0
1b5q,A,419,ARG,-4.5,173.4,1.0,5,0,X,0.0,0.0,0.0,0.0,0.0,0.0,0.0,0.0,31,0.04616115048661418,21,33,-12,0,0,0,0,0,0,0,0,1,0
1b5q,A,420,ALA,1.8,88.6,0.0,0,0,X,0.0,0.0,0.0,0.0,0.0,0.0,0.0,0.0,28,0.03683566553982344,24,10,14,0,0,0,0,0,0,0,0,1,0
1b5q,A,421,PRO,-1.6,112.7,0.0,0,0,X,0.0,0.0,0.0,0.0,0.0,0.0,0.0,0.0,27,0.03776821403450251,21,2,19,0,0,0,0,0,0,0,0,1,0
1b5q,A,422,VAL,4.2,140.0,0.0,0,0,X,0.0,0.0,0.0,0.0,0.0,0.0,0.0,0.0,28,0.03963331102386066,24,0,24,0,0,0,0,0,0,0,0,1,0
1b5q,A,423,GLY,-0.4,60.1,0.0,0,0,X,0.0,0.0,0.0,0.0,0.0,0.0,0.0,0.0,26,0.030307826077069916,14,2,12,0,0,0,0,0,0,0,0,1,0
1b5q,A,424,ARG,-4.5,173.4,1.0,5,0,X,0.0,0.0,0.0,0.0,0.0,0.0,0.0,0.0,27,0.045694876239274644,6,8,-2,0,0,0,0,0,0,0,0,1,0
1b5q,A,425,VAL,4.2,140.0,0.0,0,0,X,0.0,0.0,0.0,0.0,0.0,0.0,0.0,0.0,36,0.048958795970651406,24,2,22,0,0,0,0,0,0,0,0,1,0
1b5q,A,426,TYR,-1.3,193.6,0.0,1,1,X,0.0,0.0,0.0,0.0,0.0,0.0,0.0,0.0,35,0.050823892960009553,18,8,10,0,0,0,0,0,0,0,0,1,0
1b5q,A,427,PHE,2.8,189.9,0.0,0,0,X,0.0,0.0,0.0,0.0,0.0,0.0,0.0,0.0,38,0.04709369898129325,30,2,28,0,0,0,0,0,0,0,0,1,0
1b5q,A,428,THR,-0.7,116.1,0.0,1,1,X,0.0,0.0,0.0,0.0,0.0,0.0,0.0,0.0,48,0.053621538444046775,21,17,4,0,0,0,0,0,0,0,0,1,0
1b5q,A,429,GLY,-0.4,60.1,0.0,0,0,X,0.0,0.0,0.0,0.0,0.0,0.0,0.0,0.0,45,0.048026247475972325,28,17,11,0,0,0,0,0,0,0,0,1,1
1b5q,A,430,GLU,-3.5,138.4,-1.0,1,3,X,0.0,0.0,0.0,0.0,0.0,0.0,0.0,0.0,38,0.053155264196707235,29,5,24,0,0,0,0,0,0,0,0,1,1
1b5q,A,431,HIS,-3.2,153.2,0.1,2,1,X,0.0,0.0,0.0,0.0,0.0,0.0,0.0,0.0,43,0.05129016720734909,17,19,-2,0,0,0,0,0,0,0,0,1,0
1b5q,A,432,THR,-0.7,116.1,0.0,1,1,X,0.0,0.0,0.0,0.0,0.0,0.0,0.0,0.0,47,0.04989134446533048,28,35,-7,0,0,0,0,0,0,0,0,1,0
1b5q,A,433,SER,-0.8,89.0,0.0,1,1,X,0.0,0.0,0.0,0.0,0.0,0.0,0.0,0.0,34,0.05455408693872585,43,33,10,0,0,0,0,0,0,0,0,1,0
1b5q,A,434,GLU,-3.5,138.4,-1.0,1,3,X,0.0,0.0,0.0,0.0,0.0,0.0,0.0,0.0,23,0.04149840801321881,32,18,14,0,0,0,0,0,0,0,0,1,0
1b5q,A,435,HIS,-3.2,153.2,0.1,2,1,X,0.0,0.0,0.0,0.0,0.0,0.0,0.0,0.0,29,0.0363693912924839,17,21,-4,0,0,0,0,0,0,0,0,1,0
1b5q,A,436,TYR,-1.3,193.6,0.0,1,1,X,0.0,0.0,0.0,0.0,0.0,0.0,0.0,0.0,36,0.04942507021799094,26,27,-1,0,0,0,0,0,0,0,0,1,0
1b5q,A,437,ASN,-3.5,114.1,0.0,2,2,X,0.0,0.0,0.0,0.0,0.0,0.0,0.0,0.0,36,0.05175644145468863,32,21,11,0,0,0,0,0,0,0,0,1,0
1b5q,A,438,GLY,-0.4,60.1,0.0,0,0,X,0.0,0.0,0.0,0.0,0.0,0.0,0.0,0.0,36,0.04243095650789788,29,24,5,0,0,0,0,0,0,0,0,1,1
1b5q,A,439,TYR,-1.3,193.6,0.0,1,1,X,0.0,0.0,0.0,0.0,0.0,0.0,0.0,0.0,36,0.04289723075523742,18,26,-8,0,0,0,0,0,0,0,0,1,1
1b5q,A,440,VAL,4.2,140.0,0.0,0,0,X,0.0,0.0,0.0,0.0,0.0,0.0,0.0,0.0,42,0.03870076252918159,21,20,1,0,0,0,0,0,0,0,0,1,1
1b5q,A,441,HIS,-3.2,153.2,0.1,2,1,X,0.0,0.0,0.0,0.0,0.0,0.0,0.0,0.0,33,0.048492521723311866,5,19,-14,0,0,0,0,0,0,0,0,1,0
1b5q,A,442,GLY,-0.4,60.1,0.0,0,0,X,0.0,0.0,0.0,0.0,0.0,0.0,0.0,0.0,37,0.0526889899493677,26,21,5,0,0,0,0,0,0,0,0,1,0
1b5q,A,443,ALA,1.8,88.6,0.0,0,0,X,0.0,0.0,0.0,0.0,0.0,0.0,0.0,0.0,39,0.053155264196707235,27,16,11,0,0,0,0,0,0,0,0,1,1
1b5q,A,444,TYR,-1.3,193.6,0.0,1,1,X,0.0,0.0,0.0,0.0,0.0,0.0,0.0,0.0,37,0.048492521723311866,22,7,15,0,0,0,0,0,0,0,0,1,0
1b5q,A,445,LEU,3.8,166.7,0.0,0,0,X,0.0,0.0,0.0,0.0,0.0,0.0,0.0,0.0,33,0.04149840801321881,20,22,-2,0,0,0,0,0,0,0,0,1,0
1b5q,A,446,SER,-0.8,89.0,0.0,1,1,X,0.0,0.0,0.0,0.0,0.0,0.0,0.0,0.0,39,0.0526889899493677,28,27,1,0,0,0,0,0,0,0,0,1,0
1b5q,A,447,GLY,-0.4,60.1,0.0,0,0,X,0.0,0.0,0.0,0.0,0.0,0.0,0.0,0.0,41,0.053621538444046775,22,22,0,0,0,0,0,0,0,0,0,1,0
1b5q,A,448,ILE,4.5,166.7,0.0,0,0,X,0.0,0.0,0.0,0.0,0.0,0.0,0.0,0.0,31,0.04755997322863279,22,22,0,0,0,0,0,0,0,0,0,1,0
1b5q,A,449,ASP,-3.5,111.1,-1.0,1,3,X,0.0,0.0,0.0,0.0,0.0,0.0,0.0,0.0,29,0.03683566553982344,20,17,3,0,0,0,0,0,0,0,0,1,0
1b5q,A,450,SER,-0.8,89.0,0.0,1,1,X,0.0,0.0,0.0,0.0,0.0,0.0,0.0,0.0,39,0.048026247475972325,20,18,2,0,0,0,0,0,0,0,0,1,0
1b5q,A,451,ALA,1.8,88.6,0.0,0,0,X,0.0,0.0,0.0,0.0,0.0,0.0,0.0,0.0,38,0.050823892960009553,17,22,-5,0,0,0,0,0,0,0,0,1,0
1b5q,A,452,GLU,-3.5,138.4,-1.0,1,3,X,0.0,0.0,0.0,0.0,0.0,0.0,0.0,0.0,26,0.03916703677652112,17,11,6,0,0,0,0,0,0,0,0,1,0
1b5q,A,453,ILE,4.5,166.7,0.0,0,0,X,0.0,0.0,0.0,0.0,0.0,0.0,0.0,0.0,30,0.03776821403450251,12,17,-5,0,0,0,0,0,0,0,0,1,0
1b5q,A,454,LEU,3.8,166.7,0.0,0,0,X,0.0,0.0,0.0,0.0,0.0,0.0,0.0,0.0,37,0.043363505002576956,20,14,6,0,0,0,0,0,0,0,0,1,0
1b5q,A,455,ILE,4.5,166.7,0.0,0,0,X,0.0,0.0,0.0,0.0,0.0,0.0,0.0,0.0,29,0.045228601991935104,23,18,5,0,0,0,0,0,0,0,0,1,0
1b5q,A,456,ASN,-3.5,114.1,0.0,2,2,X,0.0,0.0,0.0,0.0,0.0,0.0,0.0,0.0,21,0.040099585271200194,21,11,10,0,0,0,0,0,0,0,0,1,0
1b5q,A,457,CYS,2.5,108.5,0.0,1,0,X,0.0,0.0,0.0,0.0,0.0,0.0,0.0,0.0,21,0.040565859518539735,29,4,25,0,0,0,0,0,0,0,0,1,0
1b5q,A,458,ALA,1.8,88.6,0.0,0,0,X,0.0,0.0,0.0,0.0,0.0,0.0,0.0,0.0,23,0.04103213376587927,28,10,18,0,0,0,0,0,0,0,0,1,0
1b5q,A,459,GLN,-3.5,143.8,0.0,2,2,X,0.0,0.0,0.0,0.0,0.0,0.0,0.0,0.0,20,0.030774100324409453,20,3,17,0,0,0,0,0,0,0,0,1,0
1b5q,A,460,LYS,-3.9,168.6,1.0,2,0,X,0.0,0.0,0.0,0.0,0.0,0.0,0.0,0.0,14,0.02844272908771177,9,3,6,0,0,0,0,0,0,0,0,1,0
1b5q,A,461,LYS,-3.9,168.6,1.0,2,0,X,0.0,0.0,0.0,0.0,0.0,0.0,0.0,0.0,13,0.025178809356335007,11,0,11,0,0,0,0,0,0,0,0,1,0
1b5q,A,462,MET,1.9,162.9,0.0,0,0,X,0.0,0.0,0.0,0.0,0.0,0.0,0.0,0.0,12,0.02471253510899547,18,2,16,0,0,0,0,0,0,0,0,1,0
1b5q,A,463,CYS,2.5,108.5,0.0,1,0,X,0.0,0.0,0.0,0.0,0.0,0.0,0.0,0.0,15,0.022381163872297785,16,2,14,0,0,0,0,0,0,0,0,1,0
1b5q,B,5,PRO,-1.6,112.7,0.0,0,0,X,0.0,0.0,0.0,0.0,0.0,0.0,0.0,0.0,23,0.03124037457174899,13,16,-3,0,0,0,0,0,0,0,0,1,0
1b5q,B,6,ARG,-4.5,173.4,1.0,5,0,X,0.0,0.0,0.0,0.0,0.0,0.0,0.0,0.0,23,0.03823448828184205,5,16,-11,0,0,0,0,0,0,0,0,1,0
1b5q,B,7,VAL,4.2,140.0,0.0,0,0,X,0.0,0.0,0.0,0.0,0.0,0.0,0.0,0.0,35,0.05175644145468863,21,16,5,0,0,0,0,0,0,0,0,1,0
1b5q,B,8,ILE,4.5,166.7,0.0,0,0,X,0.0,0.0,0.0,0.0,0.0,0.0,0.0,0.0,39,0.04989134446533048,18,16,2,0,0,0,0,0,0,0,0,1,0
1b5q,B,9,VAL,4.2,140.0,0.0,0,0,X,0.0,0.0,0.0,0.0,0.0,0.0,0.0,0.0,41,0.04942507021799094,9,9,0,0,0,0,0,0,0,0,0,1,0
1b5q,B,10,VAL,4.2,140.0,0.0,0,0,X,0.0,0.0,0.0,0.0,0.0,0.0,0.0,0.0,42,0.043363505002576956,7,12,-5,0,0,0,0,0,0,0,0,1,1
1b5q,B,11,GLY,-0.4,60.1,0.0,0,0,X,0.0,0.0,0.0,0.0,0.0,0.0,0.0,0.0,44,0.04196468226055834,9,9,0,0,0,0,0,0,0,0,0,1,1
1b5q,B,12,ALA,1.8,88.6,0.0,0,0,X,0.0,0.0,0.0,0.0,0.0,0.0,0.0,0.0,43,0.045228601991935104,14,13,1,0,0,0,0,0,0,0,0,1,0
1b5q,B,13,GLY,-0.4,60.1,0.0,0,0,X,0.0,0.0,0.0,0.0,0.0,0.0,0.0,0.0,45,0.04243095650789788,18,13,5,0,0,0,0,0,0,0,0,1,1
1b5q,B,14,MET,1.9,162.9,0.0,0,0,X,0.0,0.0,0.0,0.0,0.0,0.0,0.0,0.0,42,0.04616115048661418,17,9,8,0,0,0,0,0,0,0,0,1,1
1b5q,B,15,SER,-0.8,89.0,0.0,1,1,X,0.0,0.0,0.0,0.0,0.0,0.0,0.0,0.0,47,0.048026247475972325,18,11,7,0,0,0,0,0,0,0,0,1,1
1b5q,B,16,GLY,-0.4,60.1,0.0,0,0,X,0.0,0.0,0.0,0.0,0.0,0.0,0.0,0.0,46,0.05129016720734909,11,7,4,0,0,0,0,0,0,0,0,1,0
1b5q,B,17,ILE,4.5,166.7,0.0,0,0,X,0.0,0.0,0.0,0.0,0.0,0.0,0.0,0.0,44,0.048026247475972325,14,5,9,0,0,0,0,0,0,0,0,1,0
1b5q,B,18,SER,-0.8,89.0,0.0,1,1,X,0.0,0.0,0.0,0.0,0.0,0.0,0.0,0.0,43,0.05175644145468863,19,13,6,0,0,0,0,0,0,0,0,1,0
1b5q,B,19,ALA,1.8,88.6,0.0,0,0,X,0.0,0.0,0.0,0.0,0.0,0.0,0.0,0.0,44,0.05175644145468863,19,20,-1,0,0,0,0,0,0,0,0,1,0
1b5q,B,20,ALA,1.8,88.6,0.0,0,0,X,0.0,0.0,0.0,0.0,0.0,0.0,0.0,0.0,44,0.045228601991935104,28,12,16,0,0,0,0,0,0,0,0,1,0
1b5q,B,21,LYS,-3.9,168.6,1.0,2,0,X,0.0,0.0,0.0,0.0,0.0,0.0,0.0,0.0,32,0.048958795970651406,13,9,4,0,0,0,0,0,0,0,0,1,0
1b5q,B,22,ARG,-4.5,173.4,1.0,5,0,X,0.0,0.0,0.0,0.0,0.0,0.0,0.0,0.0,30,0.04755997322863279,9,25,-16,0,0,0,0,0,0,0,0,1,0
1b5q,B,23,LEU,3.8,166.7,0.0,0,0,X,0.0,0.0,0.0,0.0,0.0,0.0,0.0,0.0,39,0.04989134446533048,23,25,-2,0,0,0,0,0,0,0,0,1,0
1b5q,B,24,SER,-0.8,89.0,0.0,1,1,X,0.0,0.0,0.0,0.0,0.0,0.0,0.0,0.0,26,0.04149840801321881,25,14,11,0,0,0,0,0,0,0,0,1,0
1b5q,B,25,GLU,-3.5,138.4,-1.0,1,3,X,0.0,0.0,0.0,0.0,0.0,0.0,0.0,0.0,22,0.02984155182973038,20,3,17,0,0,0,0,0,0,0,0,1,0
1b5q,B,26,ALA,1.8,88.6,0.0,0,0,X,0.0,0.0,0.0,0.0,0.0,0.0,0.0,0.0,22,0.02984155182973038,17,18,-1,0,0,0,0,0,0,0,0,1,0
1b5q,B,27,GLY,-0.4,60.1,0.0,0,0,X,0.0,0.0,0.0,0.0,0.0,0.0,0.0,0.0,20,0.024246260861655933,16,13,3,0,0,0,0,0,0,0,0,1,0
1b5q,B,28,ILE,4.5,166.7,0.0,0,0,X,0.0,0.0,0.0,0.0,0.0,0.0,0.0,0.0,28,0.03730193978716297,24,16,8,0,0,0,0,0,0,0,0,1,0
1b5q,B,29,THR,-0.7,116.1,0.0,1,1,X,0.0,0.0,0.0,0.0,0.0,0.0,0.0,0.0,20,0.03357174580844668,23,16,7,0,0,0,0,0,0,0,0,1,0
1b5q,B,30,ASP,-3.5,111.1,-1.0,1,3,X,0.0,0.0,0.0,0.0,0.0,0.0,0.0,0.0,19,0.030774100324409453,22,8,14,0,0,0,0,0,0,0,0,1,0
1b5q,B,31,LEU,3.8,166.7,0.0,0,0,X,0.0,0.0,0.0,0.0,0.0,0.0,0.0,0.0,34,0.045228601991935104,28,15,13,0,0,0,0,0,0,0,0,1,0
1b5q,B,32,LEU,3.8,166.7,0.0,0,0,X,0.0,0.0,0.0,0.0,0.0,0.0,0.0,0.0,33,0.048026247475972325,26,15,11,0,0,0,0,0,0,0,0,1,0
1b5q,B,33,ILE,4.5,166.7,0.0,0,0,X,0.0,0.0,0.0,0.0,0.0,0.0,0.0,0.0,42,0.04709369898129325,23,18,5,0,0,0,0,0,0,0,0,1,0
1b5q,B,34,LEU,3.8,166.7,0.0,0,0,X,0.0,0.0,0.0,0.0,0.0,0.0,0.0,0.0,39,0.053621538444046775,21,14,7,0,0,0,0,0,0,0,0,1,1
1b5q,B,35,GLU,-3.5,138.4,-1.0,1,3,X,0.0,0.0,0.0,0.0,0.0,0.0,0.0,0.0,30,0.04942507021799094,19,7,12,0,0,0,0,0,0,0,0,1,1
1b5q,B,36,ALA,1.8,88.6,0.0,0,0,X,0.0,0.0,0.0,0.0,0.0,0.0,0.0,0.0,31,0.04196468226055834,29,30,-1,0,0,0,0,0,0,0,0,1,1
1b5q,B,37,THR,-0.7,116.1,0.0,1,1,X,0.0,0.0,0.0,0.0,0.0,0.0,0.0,0.0,26,0.035436842797804825,27,21,6,0,0,0,0,0,0,0,0,1,1
1b5q,B,38,ASP,-3.5,111.1,-1.0,1,3,X,0.0,0.0,0.0,0.0,0.0,0.0,0.0,0.0,16,0.02797645484037223,17,9,8,0,0,0,0,0,0,0,0,1,0
1b5q,B,39,HIS,-3.2,153.2,0.1,2,1,X,0.0,0.0,0.0,0.0,0.0,0.0,0.0,0.0,27,0.0363693912924839,19,25,-6,0,0,0,0,0,0,0,0,1,0
1b5q,B,40,ILE,4.5,166.7,0.0,0,0,X,0.0,0.0,0.0,0.0,0.0,0.0,0.0,0.0,36,0.04429605349725603,21,25,-4,0,0,0,0,0,0,0,0,1,0
1b5q,B,41,GLY,-0.4,60.1,0.0,0,0,X,0.0,0.0,0.0,0.0,0.0,0.0,0.0,0.0,37,0.04942507021799094,33,18,15,0,0,0,0,0,0,0,0,1,0
1b5q,B,42,GLY,-0.4,60.1,0.0,0,0,X,0.0,0.0,0.0,0.0,0.0,0.0,0.0,0.0,37,0.04103213376587927,35,22,13,0,0,0,0,0,0,0,0,1,1
1b5q,B,43,ARG,-4.5,173.4,1.0,5,0,X,0.0,0.0,0.0,0.0,0.0,0.0,0.0,0.0,41,0.03590311704514436,16,12,4,0,0,0,0,0,0,0,0,1,1
1b5q,B,44,MET,1.9,162.9,0.0,0,0,X,0.0,0.0,0.0,0.0,0.0,0.0,0.0,0.0,38,0.048026247475972325,38,18,20,0,0,0,0,0,0,0,0,1,0
1b5q,B,45,HIS,-3.2,153.2,0.1,2,1,X,0.0,0.0,0.0,0.0,0.0,0.0,0.0,0.0,29,0.048492521723311866,28,22,6,0,0,0,0,0,0,0,0,1,0
1b5q,B,46,LYS,-3.9,168.6,1.0,2,0,X,0.0,0.0,0.0,0.0,0.0,0.0,0.0,0.0,31,0.04289723075523742,25,25,0,0,0,0,0,0,0,0,0,1,0
1b5q,B,47,THR,-0.7,116.1,0.0,1,1,X,0.0,0.0,0.0,0.0,0.0,0.0,0.0,0.0,23,0.0363693912924839,20,14,6,0,0,0,0,0,0,0,0,1,0
1b5q,B,48,ASN,-3.5,114.1,0.0,2,2,X,0.0,0.0,0.0,0.0,0.0,0.0,0.0,0.0,14,0.02984155182973038,9,6,3,0,0,0,0,0,0,0,0,1,0
1b5q,B,49,PHE,2.8,189.9,0.0,0,0,X,0.0,0.0,0.0,0.0,0.0,0.0,0.0,0.0,29,0.03823448828184205,11,12,-1,0,0,0,0,0,0,0,0,1,0
1b5q,B,50,ALA,1.8,88.6,0.0,0,0,X,0.0,0.0,0.0,0.0,0.0,0.0,0.0,0.0,20,0.027510180593032695,9,8,1,0,0,0,0,0,0,0,0,1,0
1b5q,B,51,GLY,-0.4,60.1,0.0,0,0,X,0.0,0.0,0.0,0.0,0.0,0.0,0.0,0.0,13,0.02144861537761871,5,4,1,0,0,0,0,0,0,0,0,1,0
1b5q,B,52,ILE,4.5,166.7,0.0,0,0,X,0.0,0.0,0.0,0.0,0.0,0.0,0.0,0.0,26,0.03170664881908853,12,8,4,0,0,0,0,0,0,0,0,1,0
1b5q,B,53,ASN,-3.5,114.1,0.0,2,2,X,0.0,0.0,0.0,0.0,0.0,0.0,0.0,0.0,23,0.04243095650789788,18,20,-2,0,0,0,0,0,0,0,0,1,0
1b5q,B,54,VAL,4.2,140.0,0.0,0,0,X,0.0,0.0,0.0,0.0,0.0,0.0,0.0,0.0,35,0.048026247475972325,26,14,12,0,0,0,0,0,0,0,0,1,0
1b5q,B,55,GLU,-3.5,138.4,-1.0,1,3,X,0.0,0.0,0.0,0.0,0.0,0.0,0.0,0.0,35,0.04662742473395372,34,13,21,0,0,0,0,0,0,0,0,1,0
1b5q,B,56,LEU,3.8,166.7,0.0,0,0,X,0.0,0.0,0.0,0.0,0.0,0.0,0.0,0.0,30,0.04662742473395372,38,12,26,0,0,0,0,0,0,0,0,1,1
1b5q,B,57,GLY,-0.4,60.1,0.0,0,0,X,0.0,0.0,0.0,0.0,0.0,0.0,0.0,0.0,33,0.043829779249916496,34,14,20,0,0,0,0,0,0,0,0,1,1
1b5q,B,58,ALA,1.8,88.6,0.0,0,0,X,0.0,0.0,0.0,0.0,0.0,0.0,0.0,0.0,34,0.04289723075523742,26,22,4,0,0,0,0,0,0,0,0,1,1
1b5q,B,59,ASN,-3.5,114.1,0.0,2,2,X,0.0,0.0,0.0,0.0,0.0,0.0,0.0,0.0,41,0.04429605349725603,17,22,-5,0,0,0,0,0,0,0,0,1,1
1b5q,B,60,TRP,-0.9,227.8,0.0,1,0,X,0.0,0.0,0.0,0.0,0.0,0.0,0.0,0.0,38,0.043363505002576956,8,27,-19,0,0,0,0,0,0,0,0,1,1
1b5q,B,61,VAL,4.2,140.0,0.0,0,0,X,0.0,0.0,0.0,0.0,0.0,0.0,0.0,0.0,39,0.053621538444046775,15,17,-2,0,0,0,0,0,0,0,0,1,0
1b5q,B,62,GLU,-3.5,138.4,-1.0,1,3,X,0.0,0.0,0.0,0.0,0.0,0.0,0.0,0.0,35,0.053621538444046775,9,19,-10,0,0,0,0,0,0,0,0,1,1
1b5q,B,63,GLY,-0.4,60.1,0.0,0,0,X,0.0,0.0,0.0,0.0,0.0,0.0,0.0,0.0,32,0.05408781269138631,14,33,-19,0,0,0,0,0,0,0,0,1,0
1b5q,B,64,VAL,4.2,140.0,0.0,0,0,X,0.0,0.0,0.0,0.0,0.0,0.0,0.0,0.0,31,0.05175644145468863,18,28,-10,0,0,0,0,0,0,0,0,1,0
1b5q,B,65,ASN,-3.5,114.1,0.0,2,2,X,0.0,0.0,0.0,0.0,0.0,0.0,0.0,0.0,21,0.032639197313767604,12,20,-8,0,0,0,0,0,0,0,0,1,0
1b5q,B,66,GLY,-0.4,60.1,0.0,0,0,X,0.0,0.0,0.0,0.0,0.0,0.0,0.0,0.0,19,0.032639197313767604,8,25,-17,0,0,0,0,0,0,0,0,1,0
1b5q,B,67,GLY,-0.4,60.1,0.0,0,0,X,0.0,0.0,0.0,0.0,0.0,0.0,0.0,0.0,16,0.01958351838826056,9,9,0,0,0,0,0,0,0,0,0,1,0
1b5q,B,68,LYS,-3.9,168.6,1.0,2,0,X,0.0,0.0,0.0,0.0,0.0,0.0,0.0,0.0,17,0.02797645484037223,0,8,-8,0,0,0,0,0,0,0,0,1,0
1b5q,B,69,MET,1.9,162.9,0.0,0,0,X,0.0,0.0,0.0,0.0,0.0,0.0,0.0,0.0,22,0.034970568550465285,13,6,7,0,0,0,0,0,0,0,0,1,0
1b5q,B,70,ASN,-3.5,114.1,0.0,2,2,X,0.0,0.0,0.0,0.0,0.0,0.0,0.0,0.0,33,0.04662742473395372,17,15,2,0,0,0,0,0,0,0,0,1,0
1b5q,B,71,PRO,-1.6,112.7,0.0,0,0,X,0.0,0.0,0.0,0.0,0.0,0.0,0.0,0.0,26,0.03590311704514436,16,3,13,0,0,0,0,0,0,0,0,1,0
1b5q,B,72,ILE,4.5,166.7,0.0,0,0,X,0.0,0.0,0.0,0.0,0.0,0.0,0.0,0.0,35,0.045694876239274644,10,5,5,0,0,0,0,0,0,0,0,1,0
1b5q,B,73,TRP,-0.9,227.8,0.0,1,0,X,0.0,0.0,0.0,0.0,0.0,0.0,0.0,0.0,33,0.045694876239274644,7,9,-2,0,0,0,0,0,0,0,0,1,0
1b5q,B,74,PRO,-1.6,112.7,0.0,0,0,X,0.0,0.0,0.0,0.0,0.0,0.0,0.0,0.0,21,0.03590311704514436,2,0,2,0,0,0,0,0,0,0,0,1,0
1b5q,B,75,ILE,4.5,166.7,0.0,0,0,X,0.0,0.0,0.0,0.0,0.0,0.0,0.0,0.0,30,0.043363505002576956,7,2,5,0,0,0,0,0,0,0,0,1,0
1b5q,B,76,VAL,4.2,140.0,0.0,0,0,X,0.0,0.0,0.0,0.0,0.0,0.0,0.0,0.0,37,0.05175644145468863,16,9,7,0,0,0,0,0,0,0,0,1,0
1b5q,B,77,ASN,-3.5,114.1,0.0,2,2,X,0.0,0.0,0.0,0.0,0.0,0.0,0.0,0.0,24,0.04149840801321881,15,0,15,0,0,0,0,0,0,0,0,1,0
1b5q,B,78,SER,-0.8,89.0,0.0,1,1,X,0.0,0.0,0.0,0.0,0.0,0.0,0.0,0.0,16,0.032639197313767604,12,0,12,0,0,0,0,0,0,0,0,1,0
1b5q,B,79,THR,-0.7,116.1,0.0,1,1,X,0.0,0.0,0.0,0.0,0.0,0.0,0.0,0.0,17,0.029375277582390842,12,0,12,0,0,0,0,0,0,0,0,1,0
1b5q,B,80,LEU,3.8,166.7,0.0,0,0,X,0.0,0.0,0.0,0.0,0.0,0.0,0.0,0.0,24,0.03683566553982344,24,7,17,0,0,0,0,0,0,0,0,1,0
1b5q,B,81,LYS,-3.9,168.6,1.0,2,0,X,0.0,0.0,0.0,0.0,0.0,0.0,0.0,0.0,13,0.03590311704514436,13,4,9,0,0,0,0,0,0,0,0,1,0
1b5q,B,82,LEU,3.8,166.7,0.0,0,0,X,0.0,0.0,0.0,0.0,0.0,0.0,0.0,0.0,29,0.04429605349725603,29,14,15,0,0,0,0,0,0,0,0,1,0
1b5q,B,83,ARG,-4.5,173.4,1.0,5,0,X,0.0,0.0,0.0,0.0,0.0,0.0,0.0,0.0,23,0.03450429430312575,21,9,12,0,0,0,0,0,0,0,0,1,0
1b5q,B,84,ASN,-3.5,114.1,0.0,2,2,X,0.0,0.0,0.0,0.0,0.0,0.0,0.0,0.0,25,0.043363505002576956,30,7,23,0,0,0,0,0,0,0,0,1,0
1b5q,B,85,PHE,2.8,189.9,0.0,0,0,X,0.0,0.0,0.0,0.0,0.0,0.0,0.0,0.0,26,0.04243095650789788,30,17,13,0,0,0,0,0,0,0,0,1,0
1b5q,B,86,ARG,-4.5,173.4,1.0,5,0,X,0.0,0.0,0.0,0.0,0.0,0.0,0.0,0.0,21,0.03916703677652112,4,30,-26,0,0,0,0,0,0,0,0,1,0
1b5q,B,87,SER,-0.8,89.0,0.0,1,1,X,0.0,0.0,0.0,0.0,0.0,0.0,0.0,0.0,27,0.04429605349725603,16,38,-22,0,0,0,0,0,0,0,0,1,0
1b5q,B,88,ASP,-3.5,111.1,-1.0,1,3,X,0.0,0.0,0.0,0.0,0.0,0.0,0.0,0.0,21,0.034970568550465285,26,24,2,0,0,0,0,0,0,0,0,1,0
1b5q,B,89,PHE,2.8,189.9,0.0,0,0,X,0.0,0.0,0.0,0.0,0.0,0.0,0.0,0.0,26,0.03450429430312575,14,34,-20,0,0,0,0,0,0,0,0,1,0
1b5q,B,90,ASP,-3.5,111.1,-1.0,1,3,X,0.0,0.0,0.0,0.0,0.0,0.0,0.0,0.0,20,0.026577632098353617,11,13,-2,0,0,0,0,0,0,0,0,1,0
1b5q,B,91,TYR,-1.3,193.6,0.0,1,1,X,0.0,0.0,0.0,0.0,0.0,0.0,0.0,0.0,18,0.03963331102386066,21,25,-4,0,0,0,0,0,0,0,0,1,0
1b5q,B,92,LEU,3.8,166.7,0.0,0,0,X,0.0,0.0,0.0,0.0,0.0,0.0,0.0,0.0,30,0.043829779249916496,9,27,-18,0,0,0,0,0,0,0,0,1,0
1b5q,B,93,ALA,1.8,88.6,0.0,0,0,X,0.0,0.0,0.0,0.0,0.0,0.0,0.0,0.0,28,0.04476232774459557,11,34,-23,0,0,0,0,0,0,0,0,1,0
1b5q,B,94,GLN,-3.5,143.8,0.0,2,2,X,0.0,0.0,0.0,0.0,0.0,0.0,0.0,0.0,26,0.040565859518539735,20,30,-10,0,0,0,0,0,0,0,0,1,0
1b5q,B,95,ASN,-3.5,114.1,0.0,2,2,X,0.0,0.0,0.0,0.0,0.0,0.0,0.0,0.0,36,0.048026247475972325,14,26,-12,0,0,0,0,0,0,0,0,1,0
1b5q,B,96,VAL,4.2,140.0,0.0,0,0,X,0.0,0.0,0.0,0.0,0.0,0.0,0.0,0.0,36,0.0526889899493677,12,15,-3,0,0,0,0,0,0,0,0,1,0
1b5q,B,97,TYR,-1.3,193.6,0.0,1,1,X,0.0,0.0,0.0,0.0,0.0,0.0,0.0,0.0,35,0.053155264196707235,21,10,11,0,0,0,0,0,0,0,0,1,0
1b5q,B,98,LYS,-3.9,168.6,1.0,2,0,X,0.0,0.0,0.0,0.0,0.0,0.0,0.0,0.0,24,0.04616115048661418,6,22,-16,0,0,0,0,0,0,0,0,1,0
1b5q,B,99,GLU,-3.5,138.4,-1.0,1,3,X,0.0,0.0,0.0,0.0,0.0,0.0,0.0,0.0,28,0.03916703677652112,29,8,21,0,0,0,0,0,0,0,0,1,0
1b5q,B,100,ASP,-3.5,111.1,-1.0,1,3,X,0.0,0.0,0.0,0.0,0.0,0.0,0.0,0.0,20,0.02984155182973038,23,9,14,0,0,0,0,0,0,0,0,1,0
1b5q,B,101,GLY,-0.4,60.1,0.0,0,0,X,0.0,0.0,0.0,0.0,0.0,0.0,0.0,0.0,20,0.03590311704514436,22,16,6,0,0,0,0,0,0,0,0,1,0
1b5q,B,102,GLY,-0.4,60.1,0.0,0,0,X,0.0,0.0,0.0,0.0,0.0,0.0,0.0,0.0,25,0.03357174580844668,18,14,4,0,0,0,0,0,0,0,0,1,0
1b5q,B,103,VAL,4.2,140.0,0.0,0,0,X,0.0,0.0,0.0,0.0,0.0,0.0,0.0,0.0,28,0.035436842797804825,14,20,-6,0,0,0,0,0,0,0,0,1,0
1b5q,B,104,TYR,-1.3,193.6,0.0,1,1,X,0.0,0.0,0.0,0.0,0.0,0.0,0.0,0.0,29,0.040099585271200194,12,27,-15,0,0,0,0,0,0,0,0,1,0
1b5q,B,105,ASP,-3.5,111.1,-1.0,1,3,X,0.0,0.0,0.0,0.0,0.0,0.0,0.0,0.0,17,0.03170664881908853,13,17,-4,0,0,0,0,0,0,0,0,1,0
1b5q,B,106,GLU,-3.5,138.4,-1.0,1,3,X,0.0,0.0,0.0,0.0,0.0,0.0,0.0,0.0,18,0.03776821403450251,9,18,-9,0,0,0,0,0,0,0,0,1,0
1b5q,B,107,ASP,-3.5,111.1,-1.0,1,3,X,0.0,0.0,0.0,0.0,0.0,0.0,0.0,0.0,12,0.02984155182973038,14,20,-6,0,0,0,0,0,0,0,0,1,0
1b5q,B,108,TYR,-1.3,193.6,0.0,1,1,X,0.0,0.0,0.0,0.0,0.0,0.0,0.0,0.0,20,0.03450429430312575,23,29,-6,0,0,0,0,0,0,0,0,1,0
1b5q,B,109,VAL,4.2,140.0,0.0,0,0,X,0.0,0.0,0.0,0.0,0.0,0.0,0.0,0.0,28,0.04942507021799094,19,42,-23,0,0,0,0,0,0,0,0,1,0
1b5q,B,110,GLN,-3.5,143.8,0.0,2,2,X,0.0,0.0,0.0,0.0,0.0,0.0,0.0,0.0,23,0.03916703677652112,17,42,-25,0,0,0,0,0,0,0,0,1,0
1b5q,B,111,LYS,-3.9,168.6,1.0,2,0,X,0.0,0.0,0.0,0.0,0.0,0.0,0.0,0.0,15,0.03776821403450251,11,30,-19,0,0,0,0,0,0,0,0,1,0
1b5q,B,112,ARG,-4.5,173.4,1.0,5,0,X,0.0,0.0,0.0,0.0,0.0,0.0,0.0,0.0,28,0.043363505002576956,10,33,-23,0,0,0,0,0,0,0,0,1,0
1b5q,B,113,ILE,4.5,166.7,0.0,0,0,X,0.0,0.0,0.0,0.0,0.0,0.0,0.0,0.0,31,0.04196468226055834,25,41,-16,0,0,0,0,0,0,0,0,1,0
1b5q,B,114,GLU,-3.5,138.4,-1.0,1,3,X,0.0,0.0,0.0,0.0,0.0,0.0,0.0,0.0,18,0.03310547156110714,22,16,6,0,0,0,0,0,0,0,0,1,0
1b5q,B,115,LEU,3.8,166.7,0.0,0,0,X,0.0,0.0,0.0,0.0,0.0,0.0,0.0,0.0,21,0.03357174580844668,22,39,-17,0,0,0,0,0,0,0,0,1,0
1b5q,B,116,ALA,1.8,88.6,0.0,0,0,X,0.0,0.0,0.0,0.0,0.0,0.0,0.0,0.0,29,0.045694876239274644,25,57,-32,0,0,0,0,0,0,0,0,1,0
1b5q,B,117,ASP,-3.5,111.1,-1.0,1,3,X,0.0,0.0,0.0,0.0,0.0,0.0,0.0,0.0,22,0.035436842797804825,18,34,-16,0,0,0,0,0,0,0,0,1,0
1b5q,B,118,SER,-0.8,89.0,0.0,1,1,X,0.0,0.0,0.0,0.0,0.0,0.0,0.0,0.0,21,0.032639197313767604,11,47,-36,0,0,0,0,0,0,0,0,1,0
1b5q,B,119,VAL,4.2,140.0,0.0,0,0,X,0.0,0.0,0.0,0.0,0.0,0.0,0.0,0.0,31,0.04243095650789788,13,49,-36,0,0,0,0,0,0,0,0,1,0
1b5q,B,120,GLU,-3.5,138.4,-1.0,1,3,X,0.0,0.0,0.0,0.0,0.0,0.0,0.0,0.0,28,0.04476232774459557,13,30,-17,0,0,0,0,0,0,0,0,1,0
1b5q,B,121,GLU,-3.5,138.4,-1.0,1,3,X,0.0,0.0,0.0,0.0,0.0,0.0,0.0,0.0,19,0.03450429430312575,11,30,-19,0,0,0,0,0,0,0,0,1,0
1b5q,B,122,MET,1.9,162.9,0.0,0,0,X,0.0,0.0,0.0,0.0,0.0,0.0,0.0,0.0,21,0.03683566553982344,11,33,-22,0,0,0,0,0,0,0,0,1,0
1b5q,B,123,GLY,-0.4,60.1,0.0,0,0,X,0.0,0.0,0.0,0.0,0.0,0.0,0.0,0.0,31,0.04709369898129325,13,30,-17,0,0,0,0,0,0,0,0,1,0
1b5q,B,124,GLU,-3.5,138.4,-1.0,1,3,X,0.0,0.0,0.0,0.0,0.0,0.0,0.0,0.0,23,0.03963331102386066,9,21,-12,0,0,0,0,0,0,0,0,1,0
1b5q,B,125,LYS,-3.9,168.6,1.0,2,0,X,0.0,0.0,0.0,0.0,0.0,0.0,0.0,0.0,18,0.030307826077069916,3,22,-19,0,0,0,0,0,0,0,0,1,0
1b5q,B,126,LEU,3.8,166.7,0.0,0,0,X,0.0,0.0,0.0,0.0,0.0,0.0,0.0,0.0,28,0.034970568550465285,16,26,-10,0,0,0,0,0,0,0,0,1,0
1b5q,B,127,SER,-0.8,89.0,0.0,1,1,X,0.0,0.0,0.0,0.0,0.0,0.0,0.0,0.0,28,0.040099585271200194,14,27,-13,0,0,0,0,0,0,0,0,1,0
1b5q,B,128,ALA,1.8,88.6,0.0,0,0,X,0.0,0.0,0.0,0.0,0.0,0.0,0.0,0.0,18,0.027043906345693154,14,10,4,0,0,0,0,0,0,0,0,1,0
1b5q,B,129,THR,-0.7,116.1,0.0,1,1,X,0.0,0.0,0.0,0.0,0.0,0.0,0.0,0.0,17,0.023779986614316396,19,13,6,0,0,0,0,0,0,0,0,1,0
1b5q,B,130,LEU,3.8,166.7,0.0,0,0,X,0.0,0.0,0.0,0.0,0.0,0.0,0.0,0.0,22,0.0363693912924839,24,19,5,0,0,0,0,0,0,0,0,1,0
1b5q,B,131,HIS,-3.2,153.2,0.1,2,1,X,0.0,0.0,0.0,0.0,0.0,0.0,0.0,0.0,14,0.028909003335051305,19,12,7,0,0,0,0,0,0,0,0,1,0
1b5q,B,132,ALA,1.8,88.6,0.0,0,0,X,0.0,0.0,0.0,0.0,0.0,0.0,0.0,0.0,17,0.02471253510899547,29,14,15,0,0,0,0,0,0,0,0,1,0
1b5q,B,133,SER,-0.8,89.0,0.0,1,1,X,0.0,0.0,0.0,0.0,0.0,0.0,0.0,0.0,18,0.03124037457174899,38,22,16,0,0,0,0,0,0,0,0,1,0
1b5q,B,134,GLY,-0.4,60.1,0.0,0,0,X,0.0,0.0,0.0,0.0,0.0,0.0,0.0,0.0,24,0.04289723075523742,37,23,14,0,0,0,0,0,0,0,0,1,0
1b5q,B,135,ARG,-4.5,173.4,1.0,5,0,X,0.0,0.0,0.0,0.0,0.0,0.0,0.0,0.0,14,0.0363693912924839,15,25,-10,0,0,0,0,0,0,0,0,1,0
1b5q,B,136,ASP,-3.5,111.1,-1.0,1,3,X,0.0,0.0,0.0,0.0,0.0,0.0,0.0,0.0,23,0.03357174580844668,27,14,13,0,0,0,0,0,0,0,0,1,0
1b5q,B,137,ASP,-3.5,111.1,-1.0,1,3,X,0.0,0.0,0.0,0.0,0.0,0.0,0.0,0.0,32,0.04149840801321881,14,10,4,0,0,0,0,0,0,0,0,1,0
1b5q,B,138,MET,1.9,162.9,0.0,0,0,X,0.0,0.0,0.0,0.0,0.0,0.0,0.0,0.0,37,0.04476232774459557,23,21,2,0,0,0,0,0,0,0,0,1,0
1b5q,B,139,SER,-0.8,89.0,0.0,1,1,X,0.0,0.0,0.0,0.0,0.0,0.0,0.0,0.0,33,0.050823892960009553,19,13,6,0,0,0,0,0,0,0,0,1,0
1b5q,B,140,ILE,4.5,166.7,0.0,0,0,X,0.0,0.0,0.0,0.0,0.0,0.0,0.0,0.0,42,0.04989134446533048,20,24,-4,0,0,0,0,0,0,0,0,1,0
1b5q,B,141,LEU,3.8,166.7,0.0,0,0,X,0.0,0.0,0.0,0.0,0.0,0.0,0.0,0.0,35,0.045694876239274644,28,19,9,0,0,0,0,0,0,0,0,1,0
1b5q,B,142,ALA,1.8,88.6,0.0,0,0,X,0.0,0.0,0.0,0.0,0.0,0.0,0.0,0.0,40,0.04942507021799094,28,21,7,0,0,0,0,0,0,0,0,1,0
1b5q,B,143,MET,1.9,162.9,0.0,0,0,X,0.0,0.0,0.0,0.0,0.0,0.0,0.0,0.0,41,0.04942507021799094,24,29,-5,0,0,0,0,0,0,0,0,1,0
1b5q,B,144,GLN,-3.5,143.8,0.0,2,2,X,0.0,0.0,0.0,0.0,0.0,0.0,0.0,0.0,39,0.048958795970651406,21,30,-9,0,0,0,0,0,0,0,0,1,0
1b5q,B,145,ARG,-4.5,173.4,1.0,5,0,X,0.0,0.0,0.0,0.0,0.0,0.0,0.0,0.0,36,0.05781800667010261,18,18,0,0,0,0,0,0,0,0,0,1,0
1b5q,B,146,LEU,3.8,166.7,0.0,0,0,X,0.0,0.0,0.0,0.0,0.0,0.0,0.0,0.0,31,0.050823892960009553,34,10,24,0,0,0,0,0,0,0,0,1,0
1b5q,B,147,ASN,-3.5,114.1,0.0,2,2,X,0.0,0.0,0.0,0.0,0.0,0.0,0.0,0.0,29,0.040565859518539735,22,22,0,0,0,0,0,0,0,0,0,1,0
1b5q,B,148,GLU,-3.5,138.4,-1.0,1,3,X,0.0,0.0,0.0,0.0,0.0,0.0,0.0,0.0,28,0.03450429430312575,21,9,12,0,0,0,0,0,0,0,0,1,0
1b5q,B,149,HIS,-3.2,153.2,0.1,2,1,X,0.0,0.0,0.0,0.0,0.0,0.0,0.0,0.0,23,0.04243095650789788,9,17,-8,0,0,0,0,0,0,0,0,1,0
1b5q,B,150,GLN,-3.5,143.8,0.0,2,2,X,0.0,0.0,0.0,0.0,0.0,0.0,0.0,0.0,28,0.048492521723311866,30,17,13,0,0,0,0,0,0,0,0,1,0
1b5q,B,151,PRO,-1.6,112.7,0.0,0,0,X,0.0,0.0,0.0,0.0,0.0,0.0,0.0,0.0,39,0.05175644145468863,35,21,14,0,0,0,0,0,0,0,0,1,0
1b5q,B,152,ASN,-3.5,114.1,0.0,2,2,X,0.0,0.0,0.0,0.0,0.0,0.0,0.0,0.0,33,0.040565859518539735,34,18,16,0,0,0,0,0,0,0,0,1,0
1b5q,B,153,GLY,-0.4,60.1,0.0,0,0,X,0.0,0.0,0.0,0.0,0.0,0.0,0.0,0.0,32,0.04103213376587927,36,27,9,0,0,0,0,0,0,0,0,1,0
1b5q,B,154,PRO,-1.6,112.7,0.0,0,0,X,0.0,0.0,0.0,0.0,0.0,0.0,0.0,0.0,33,0.035436842797804825,30,25,5,0,0,0,0,0,0,0,0,1,0
1b5q,B,155,ALA,1.8,88.6,0.0,0,0,X,0.0,0.0,0.0,0.0,0.0,0.0,0.0,0.0,31,0.03916703677652112,32,28,4,0,0,0,0,0,0,0,0,1,0
1b5q,B,156,THR,-0.7,116.1,0.0,1,1,X,0.0,0.0,0.0,0.0,0.0,0.0,0.0,0.0,23,0.030774100324409453,28,13,15,0,0,0,0,0,0,0,0,1,0
1b5q,B,157,PRO,-1.6,112.7,0.0,0,0,X,0.0,0.0,0.0,0.0,0.0,0.0,0.0,0.0,27,0.04289723075523742,31,19,12,0,0,0,0,0,0,0,0,1,0
1b5q,B,158,VAL,4.2,140.0,0.0,0,0,X,0.0,0.0,0.0,0.0,0.0,0.0,0.0,0.0,34,0.045228601991935104,21,17,4,0,0,0,0,0,0,0,0,1,0
1b5q,B,159,ASP,-3.5,111.1,-1.0,1,3,X,0.0,0.0,0.0,0.0,0.0,0.0,0.0,0.0,32,0.04243095650789788,21,14,7,0,0,0,0,0,0,0,0,1,0
1b5q,B,160,MET,1.9,162.9,0.0,0,0,X,0.0,0.0,0.0,0.0,0.0,0.0,0.0,0.0,33,0.04662742473395372,25,27,-2,0,0,0,0,0,0,0,0,1,0
1b5q,B,161,VAL,4.2,140.0,0.0,0,0,X,0.0,0.0,0.0,0.0,0.0,0.0,0.0,0.0,38,0.053621538444046775,22,22,0,0,0,0,0,0,0,0,0,1,0
1b5q,B,162,VAL,4.2,140.0,0.0,0,0,X,0.0,0.0,0.0,0.0,0.0,0.0,0.0,0.0,36,0.045694876239274644,27,30,-3,0,0,0,0,0,0,0,0,1,0
1b5q,B,163,ASP,-3.5,111.1,-1.0,1,3,X,0.0,0.0,0.0,0.0,0.0,0.0,0.0,0.0,36,0.048492521723311866,21,27,-6,0,0,0,0,0,0,0,0,1,0
1b5q,B,164,TYR,-1.3,193.6,0.0,1,1,X,0.0,0.0,0.0,0.0,0.0,0.0,0.0,0.0,38,0.05129016720734909,20,35,-15,0,0,0,0,0,0,0,0,1,0
1b5q,B,165,TYR,-1.3,193.6,0.0,1,1,X,0.0,0.0,0.0,0.0,0.0,0.0,0.0,0.0,30,0.04755997322863279,10,28,-18,0,0,0,0,0,0,0,0,1,0
1b5q,B,166,LYS,-3.9,168.6,1.0,2,0,X,0.0,0.0,0.0,0.0,0.0,0.0,0.0,0.0,36,0.040565859518539735,4,45,-41,0,0,0,0,0,0,0,0,1,0
1b5q,B,167,PHE,2.8,189.9,0.0,0,0,X,0.0,0.0,0.0,0.0,0.0,0.0,0.0,0.0,36,0.0526889899493677,15,43,-28,0,0,0,0,0,0,0,0,1,0
1b5q,B,168,ASP,-3.5,111.1,-1.0,1,3,X,0.0,0.0,0.0,0.0,0.0,0.0,0.0,0.0,34,0.04989134446533048,21,34,-13,0,0,0,0,0,0,0,0,1,0
1b5q,B,169,TYR,-1.3,193.6,0.0,1,1,X,0.0,0.0,0.0,0.0,0.0,0.0,0.0,0.0,34,0.05035761871267001,10,24,-14,0,0,0,0,0,0,0,0,1,1
1b5q,B,170,GLU,-3.5,138.4,-1.0,1,3,X,0.0,0.0,0.0,0.0,0.0,0.0,0.0,0.0,31,0.03916703677652112,6,20,-14,0,0,0,0,0,0,0,0,1,1
1b5q,B,171,PHE,2.8,189.9,0.0,0,0,X,0.0,0.0,0.0,0.0,0.0,0.0,0.0,0.0,38,0.04662742473395372,6,33,-27,0,0,0,0,0,0,0,0,1,1
1b5q,B,172,ALA,1.8,88.6,0.0,0,0,X,0.0,0.0,0.0,0.0,0.0,0.0,0.0,0.0,36,0.053621538444046775,11,44,-33,0,0,0,0,0,0,0,0,1,0
1b5q,B,173,GLU,-3.5,138.4,-1.0,1,3,X,0.0,0.0,0.0,0.0,0.0,0.0,0.0,0.0,37,0.05035761871267001,25,34,-9,0,0,0,0,0,0,0,0,1,0
1b5q,B,174,PRO,-1.6,112.7,0.0,0,0,X,0.0,0.0,0.0,0.0,0.0,0.0,0.0,0.0,31,0.04989134446533048,32,47,-15,0,0,0,0,0,0,0,0,1,0
1b5q,B,175,PRO,-1.6,112.7,0.0,0,0,X,0.0,0.0,0.0,0.0,0.0,0.0,0.0,0.0,36,0.04942507021799094,29,27,2,0,0,0,0,0,0,0,0,1,0
1b5q,B,176,ARG,-4.5,173.4,1.0,5,0,X,0.0,0.0,0.0,0.0,0.0,0.0,0.0,0.0,27,0.04103213376587927,16,43,-27,0,0,0,0,0,0,0,0,1,0
1b5q,B,177,VAL,4.2,140.0,0.0,0,0,X,0.0,0.0,0.0,0.0,0.0,0.0,0.0,0.0,30,0.04989134446533048,26,24,2,0,0,0,0,0,0,0,0,1,0
1b5q,B,178,THR,-0.7,116.1,0.0,1,1,X,0.0,0.0,0.0,0.0,0.0,0.0,0.0,0.0,35,0.053621538444046775,13,27,-14,0,0,0,0,0,0,0,0,1,0
1b5q,B,179,SER,-0.8,89.0,0.0,1,1,X,0.0,0.0,0.0,0.0,0.0,0.0,0.0,0.0,36,0.05595290968074446,4,14,-10,0,0,0,0,0,0,0,0,1,0
1b5q,B,180,LEU,3.8,166.7,0.0,0,0,X,0.0,0.0,0.0,0.0,0.0,0.0,0.0,0.0,40,0.05129016720734909,6,27,-21,0,0,0,0,0,0,0,0,1,0
1b5q,B,181,GLN,-3.5,143.8,0.0,2,2,X,0.0,0.0,0.0,0.0,0.0,0.0,0.0,0.0,33,0.04476232774459557,19,20,-1,0,0,0,0,0,0,0,0,1,0
1b5q,B,182,ASN,-3.5,114.1,0.0,2,2,X,0.0,0.0,0.0,0.0,0.0,0.0,0.0,0.0,36,0.03963331102386066,16,10,6,0,0,0,0,0,0,0,0,1,0
1b5q,B,183,THR,-0.7,116.1,0.0,1,1,X,0.0,0.0,0.0,0.0,0.0,0.0,0.0,0.0,35,0.04149840801321881,3,22,-19,0,0,0,0,0,0,0,0,1,0
1b5q,B,184,VAL,4.2,140.0,0.0,0,0,X,0.0,0.0,0.0,0.0,0.0,0.0,0.0,0.0,32,0.04289723075523742,8,28,-20,0,0,0,0,0,0,0,0,1,0
1b5q,B,185,PRO,-1.6,112.7,0.0,0,0,X,0.0,0.0,0.0,0.0,0.0,0.0,0.0,0.0,27,0.034970568550465285,6,27,-21,0,0,0,0,0,0,0,0,1,0
1b5q,B,186,LEU,3.8,166.7,0.0,0,0,X,0.0,0.0,0.0,0.0,0.0,0.0,0.0,0.0,33,0.03776821403450251,11,34,-23,0,0,0,0,0,0,0,0,1,0
1b5q,B,187,ALA,1.8,88.6,0.0,0,0,X,0.0,0.0,0.0,0.0,0.0,0.0,0.0,0.0,26,0.03870076252918159,19,16,3,0,0,0,0,0,0,0,0,1,0
1b5q,B,188,THR,-0.7,116.1,0.0,1,1,X,0.0,0.0,0.0,0.0,0.0,0.0,0.0,0.0,34,0.04942507021799094,23,32,-9,0,0,0,0,0,0,0,0,1,0
1b5q,B,189,PHE,2.8,189.9,0.0,0,0,X,0.0,0.0,0.0,0.0,0.0,0.0,0.0,0.0,27,0.043829779249916496,6,39,-33,0,0,0,0,0,0,0,0,1,0
1b5q,B,190,SER,-0.8,89.0,0.0,1,1,X,0.0,0.0,0.0,0.0,0.0,0.0,0.0,0.0,23,0.030774100324409453,12,22,-10,0,0,0,0,0,0,0,0,1,0
1b5q,B,191,ASP,-3.5,111.1,-1.0,1,3,X,0.0,0.0,0.0,0.0,0.0,0.0,0.0,0.0,23,0.03590311704514436,23,6,17,0,0,0,0,0,0,0,0,1,0
1b5q,B,192,PHE,2.8,189.9,0.0,0,0,X,0.0,0.0,0.0,0.0,0.0,0.0,0.0,0.0,29,0.050823892960009553,22,25,-3,0,0,0,0,0,0,0,0,1,0
1b5q,B,193,GLY,-0.4,60.1,0.0,0,0,X,0.0,0.0,0.0,0.0,0.0,0.0,0.0,0.0,24,0.04243095650789788,11,32,-21,0,0,0,0,0,0,0,0,1,0
1b5q,B,194,ASP,-3.5,111.1,-1.0,1,3,X,0.0,0.0,0.0,0.0,0.0,0.0,0.0,0.0,23,0.032639197313767604,5,19,-14,0,0,0,0,0,0,0,0,1,0
1b5q,B,195,ASP,-3.5,111.1,-1.0,1,3,X,0.0,0.0,0.0,0.0,0.0,0.0,0.0,0.0,23,0.04103213376587927,11,23,-12,0,0,0,0,0,0,0,0,1,0
1b5q,B,196,VAL,4.2,140.0,0.0,0,0,X,0.0,0.0,0.0,0.0,0.0,0.0,0.0,0.0,33,0.05035761871267001,12,34,-22,0,0,0,0,0,0,0,0,1,1
1b5q,B,197,TYR,-1.3,193.6,0.0,1,1,X,0.0,0.0,0.0,0.0,0.0,0.0,0.0,0.0,32,0.048958795970651406,15,22,-7,0,0,0,0,0,0,0,0,1,0
1b5q,B,198,PHE,2.8,189.9,0.0,0,0,X,0.0,0.0,0.0,0.0,0.0,0.0,0.0,0.0,38,0.05175644145468863,28,24,4,0,0,0,0,0,0,0,0,1,0
1b5q,B,199,VAL,4.2,140.0,0.0,0,0,X,0.0,0.0,0.0,0.0,0.0,0.0,0.0,0.0,40,0.056419183928083996,24,21,3,0,0,0,0,0,0,0,0,1,0
1b5q,B,200,ALA,1.8,88.6,0.0,0,0,X,0.0,0.0,0.0,0.0,0.0,0.0,0.0,0.0,30,0.0526889899493677,30,16,14,0,0,0,0,0,0,0,0,1,0
1b5q,B,201,ASP,-3.5,111.1,-1.0,1,3,X,0.0,0.0,0.0,0.0,0.0,0.0,0.0,0.0,25,0.04149840801321881,33,13,20,0,0,0,0,0,0,0,0,1,0
1b5q,B,202,GLN,-3.5,143.8,0.0,2,2,X,0.0,0.0,0.0,0.0,0.0,0.0,0.0,0.0,21,0.029375277582390842,31,18,13,0,0,0,0,0,0,0,0,1,0
1b5q,B,203,ARG,-4.5,173.4,1.0,5,0,X,0.0,0.0,0.0,0.0,0.0,0.0,0.0,0.0,21,0.030774100324409453,18,20,-2,0,0,0,0,0,0,0,0,1,0
1b5q,B,204,GLY,-0.4,60.1,0.0,0,0,X,0.0,0.0,0.0,0.0,0.0,0.0,0.0,0.0,31,0.048492521723311866,35,25,10,0,0,0,0,0,0,0,0,1,0
1b5q,B,205,TYR,-1.3,193.6,0.0,1,1,X,0.0,0.0,0.0,0.0,0.0,0.0,0.0,0.0,40,0.050823892960009553,26,27,-1,0,0,0,0,0,0,0,0,1,0
1b5q,B,206,GLU,-3.5,138.4,-1.0,1,3,X,0.0,0.0,0.0,0.0,0.0,0.0,0.0,0.0,34,0.048026247475972325,40,15,25,0,0,0,0,0,0,0,0,1,0
1b5q,B,207,ALA,1.8,88.6,0.0,0,0,X,0.0,0.0,0.0,0.0,0.0,0.0,0.0,0.0,30,0.040565859518539735,23,19,4,0,0,0,0,0,0,0,0,1,0
1b5q,B,208,VAL,4.2,140.0,0.0,0,0,X,0.0,0.0,0.0,0.0,0.0,0.0,0.0,0.0,35,0.04662742473395372,6,10,-4,0,0,0,0,0,0,0,0,1,0
1b5q,B,209,VAL,4.2,140.0,0.0,0,0,X,0.0,0.0,0.0,0.0,0.0,0.0,0.0,0.0,39,0.04709369898129325,11,9,2,0,0,0,0,0,0,0,0,1,0
1b5q,B,210,TYR,-1.3,193.6,0.0,1,1,X,0.0,0.0,0.0,0.0,0.0,0.0,0.0,0.0,33,0.03870076252918159,25,10,15,0,0,0,0,0,0,0,0,1,0
1b5q,B,211,TYR,-1.3,193.6,0.0,1,1,X,0.0,0.0,0.0,0.0,0.0,0.0,0.0,0.0,29,0.0363693912924839,7,2,5,0,0,0,0,0,0,0,0,1,0
1b5q,B,212,LEU,3.8,166.7,0.0,0,0,X,0.0,0.0,0.0,0.0,0.0,0.0,0.0,0.0,34,0.045228601991935104,11,5,6,0,0,0,0,0,0,0,0,1,0
1b5q,B,213,ALA,1.8,88.6,0.0,0,0,X,0.0,0.0,0.0,0.0,0.0,0.0,0.0,0.0,35,0.04709369898129325,19,7,12,0,0,0,0,0,0,0,0,1,0
1b5q,B,214,GLY,-0.4,60.1,0.0,0,0,X,0.0,0.0,0.0,0.0,0.0,0.0,0.0,0.0,25,0.03963331102386066,19,7,12,0,0,0,0,0,0,0,0,1,0
1b5q,B,215,GLN,-3.5,143.8,0.0,2,2,X,0.0,0.0,0.0,0.0,0.0,0.0,0.0,0.0,20,0.032172923066428064,14,6,8,0,0,0,0,0,0,0,0,1,0
1b5q,B,216,TYR,-1.3,193.6,0.0,1,1,X,0.0,0.0,0.0,0.0,0.0,0.0,0.0,0.0,29,0.03450429430312575,31,16,15,0,0,0,0,0,0,0,0,1,0
1b5q,B,217,LEU,3.8,166.7,0.0,0,0,X,0.0,0.0,0.0,0.0,0.0,0.0,0.0,0.0,28,0.04149840801321881,31,9,22,0,0,0,0,0,0,0,0,1,0
1b5q,B,218,LYS,-3.9,168.6,1.0,2,0,X,0.0,0.0,0.0,0.0,0.0,0.0,0.0,0.0,16,0.03357174580844668,14,21,-7,0,0,0,0,0,0,0,0,1,0
1b5q,B,219,THR,-0.7,116.1,0.0,1,1,X,0.0,0.0,0.0,0.0,0.0,0.0,0.0,0.0,20,0.0363693912924839,22,24,-2,0,0,0,0,0,0,0,0,1,0
1b5q,B,220,ASP,-3.5,111.1,-1.0,1,3,X,0.0,0.0,0.0,0.0,0.0,0.0,0.0,0.0,11,0.02984155182973038,24,10,14,0,0,0,0,0,0,0,0,1,0
1b5q,B,221,ASP,-3.5,111.1,-1.0,1,3,X,0.0,0.0,0.0,0.0,0.0,0.0,0.0,0.0,9,0.02098234113027917,20,8,12,0,0,0,0,0,0,0,0,1,0
1b5q,B,222,LYS,-3.9,168.6,1.0,2,0,X,0.0,0.0,0.0,0.0,0.0,0.0,0.0,0.0,6,0.01818469564624195,8,16,-8,0,0,0,0,0,0,0,0,1,0
1b5q,B,223,SER,-0.8,89.0,0.0,1,1,X,0.0,0.0,0.0,0.0,0.0,0.0,0.0,0.0,9,0.02098234113027917,20,16,4,0,0,0,0,0,0,0,0,1,0
1b5q,B,224,GLY,-0.4,60.1,0.0,0,0,X,0.0,0.0,0.0,0.0,0.0,0.0,0.0,0.0,14,0.026577632098353617,21,17,4,0,0,0,0,0,0,0,0,1,0
1b5q,B,225,LYS,-3.9,168.6,1.0,2,0,X,0.0,0.0,0.0,0.0,0.0,0.0,0.0,0.0,13,0.02797645484037223,9,15,-6,0,0,0,0,0,0,0,0,1,0
1b5q,B,226,ILE,4.5,166.7,0.0,0,0,X,0.0,0.0,0.0,0.0,0.0,0.0,0.0,0.0,29,0.03590311704514436,24,18,6,0,0,0,0,0,0,0,0,1,0
1b5q,B,227,VAL,4.2,140.0,0.0,0,0,X,0.0,0.0,0.0,0.0,0.0,0.0,0.0,0.0,16,0.03357174580844668,24,21,3,0,0,0,0,0,0,0,0,1,0
1b5q,B,228,ASP,-3.5,111.1,-1.0,1,3,X,0.0,0.0,0.0,0.0,0.0,0.0,0.0,0.0,19,0.0363693912924839,23,2,21,0,0,0,0,0,0,0,0,1,0
1b5q,B,229,PRO,-1.6,112.7,0.0,0,0,X,0.0,0.0,0.0,0.0,0.0,0.0,0.0,0.0,17,0.025645083603674543,22,9,13,0,0,0,0,0,0,0,0,1,0
1b5q,B,230,ARG,-4.5,173.4,1.0,5,0,X,0.0,0.0,0.0,0.0,0.0,0.0,0.0,0.0,26,0.03730193978716297,15,16,-1,0,0,0,0,0,0,0,0,1,0
1b5q,B,231,LEU,3.8,166.7,0.0,0,0,X,0.0,0.0,0.0,0.0,0.0,0.0,0.0,0.0,31,0.043829779249916496,29,19,10,0,0,0,0,0,0,0,0,1,0
1b5q,B,232,GLN,-3.5,143.8,0.0,2,2,X,0.0,0.0,0.0,0.0,0.0,0.0,0.0,0.0,28,0.04103213376587927,17,20,-3,0,0,0,0,0,0,0,0,1,0
1b5q,B,233,LEU,3.8,166.7,0.0,0,0,X,0.0,0.0,0.0,0.0,0.0,0.0,0.0,0.0,24,0.040565859518539735,23,20,3,0,0,0,0,0,0,0,0,1,0
1b5q,B,234,ASN,-3.5,114.1,0.0,2,2,X,0.0,0.0,0.0,0.0,0.0,0.0,0.0,0.0,21,0.03403802005578621,18,30,-12,0,0,0,0,0,0,0,0,1,0
1b5q,B,235,LYS,-3.9,168.6,1.0,2,0,X,0.0,0.0,0.0,0.0,0.0,0.0,0.0,0.0,31,0.045694876239274644,9,28,-19,0,0,0,0,0,0,0,0,1,1
1b5q,B,236,VAL,4.2,140.0,0.0,0,0,X,0.0,0.0,0.0,0.0,0.0,0.0,0.0,0.0,28,0.04476232774459557,33,32,1,0,0,0,0,0,0,0,0,1,0
1b5q,B,237,VAL,4.2,140.0,0.0,0,0,X,0.0,0.0,0.0,0.0,0.0,0.0,0.0,0.0,40,0.048492521723311866,30,29,1,0,0,0,0,0,0,0,0,1,1
1b5q,B,238,ARG,-4.5,173.4,1.0,5,0,X,0.0,0.0,0.0,0.0,0.0,0.0,0.0,0.0,22,0.043363505002576956,24,27,-3,0,0,0,0,0,0,0,0,1,0
1b5q,B,239,GLU,-3.5,138.4,-1.0,1,3,X,0.0,0.0,0.0,0.0,0.0,0.0,0.0,0.0,24,0.048026247475972325,38,4,34,0,0,0,0,0,0,0,0,1,0
1b5q,B,240,ILE,4.5,166.7,0.0,0,0,X,0.0,0.0,0.0,0.0,0.0,0.0,0.0,0.0,34,0.05408781269138631,43,9,34,0,0,0,0,0,0,0,0,1,0
1b5q,B,241,LYS,-3.9,168.6,1.0,2,0,X,0.0,0.0,0.0,0.0,0.0,0.0,0.0,0.0,22,0.04476232774459557,27,9,18,0,0,0,0,0,0,0,0,1,0
1b5q,B,242,TYR,-1.3,193.6,0.0,1,1,X,0.0,0.0,0.0,0.0,0.0,0.0,0.0,0.0,28,0.04476232774459557,32,6,26,0,0,0,0,0,0,0,0,1,0
1b5q,B,243,SER,-0.8,89.0,0.0,1,1,X,0.0,0.0,0.0,0.0,0.0,0.0,0.0,0.0,18,0.027510180593032695,23,5,18,0,0,0,0,0,0,0,0,1,0
1b5q,B,244,PRO,-1.6,112.7,0.0,0,0,X,0.0,0.0,0.0,0.0,0.0,0.0,0.0,0.0,14,0.01818469564624195,13,3,10,0,0,0,0,0,0,0,0,1,0
1b5q,B,245,GLY,-0.4,60.1,0.0,0,0,X,0.0,0.0,0.0,0.0,0.0,0.0,0.0,0.0,13,0.01818469564624195,13,8,5,0,0,0,0,0,0,0,0,1,0
1b5q,B,246,GLY,-0.4,60.1,0.0,0,0,X,0.0,0.0,0.0,0.0,0.0,0.0,0.0,0.0,23,0.03683566553982344,20,8,12,0,0,0,0,0,0,0,0,1,0
1b5q,B,247,VAL,4.2,140.0,0.0,0,0,X,0.0,0.0,0.0,0.0,0.0,0.0,0.0,0.0,32,0.04662742473395372,32,11,21,0,0,0,0,0,0,0,0,1,0
1b5q,B,248,THR,-0.7,116.1,0.0,1,1,X,0.0,0.0,0.0,0.0,0.0,0.0,0.0,0.0,29,0.03870076252918159,30,13,17,0,0,0,0,0,0,0,0,1,0
1b5q,B,249,VAL,4.2,140.0,0.0,0,0,X,0.0,0.0,0.0,0.0,0.0,0.0,0.0,0.0,37,0.048958795970651406,35,12,23,0,0,0,0,0,0,0,0,1,0
1b5q,B,250,LYS,-3.9,168.6,1.0,2,0,X,0.0,0.0,0.0,0.0,0.0,0.0,0.0,0.0,24,0.04755997322863279,26,21,5,0,0,0,0,0,0,0,0,1,0
1b5q,B,251,THR,-0.7,116.1,0.0,1,1,X,0.0,0.0,0.0,0.0,0.0,0.0,0.0,0.0,27,0.04989134446533048,30,28,2,0,0,0,0,0,0,0,0,1,0
1b5q,B,252,GLU,-3.5,138.4,-1.0,1,3,X,0.0,0.0,0.0,0.0,0.0,0.0,0.0,0.0,17,0.034970568550465285,33,13,20,0,0,0,0,0,0,0,0,1,0
1b5q,B,253,ASP,-3.5,111.1,-1.0,1,3,X,0.0,0.0,0.0,0.0,0.0,0.0,0.0,0.0,16,0.025178809356335007,24,9,15,0,0,0,0,0,0,0,0,1,0
1b5q,B,254,ASN,-3.5,114.1,0.0,2,2,X,0.0,0.0,0.0,0.0,0.0,0.0,0.0,0.0,12,0.027510180593032695,21,17,4,0,0,0,0,0,0,0,0,1,0
1b5q,B,255,SER,-0.8,89.0,0.0,1,1,X,0.0,0.0,0.0,0.0,0.0,0.0,0.0,0.0,20,0.030774100324409453,27,16,11,0,0,0,0,0,0,0,0,1,0
1b5q,B,256,VAL,4.2,140.0,0.0,0,0,X,0.0,0.0,0.0,0.0,0.0,0.0,0.0,0.0,21,0.032639197313767604,24,17,7,0,0,0,0,0,0,0,0,1,0
1b5q,B,257,TYR,-1.3,193.6,0.0,1,1,X,0.0,0.0,0.0,0.0,0.0,0.0,0.0,0.0,29,0.03403802005578621,23,8,15,0,0,0,0,0,0,0,0,1,0
1b5q,B,258,SER,-0.8,89.0,0.0,1,1,X,0.0,0.0,0.0,0.0,0.0,0.0,0.0,0.0,21,0.032172923066428064,18,12,6,0,0,0,0,0,0,0,0,1,0
1b5q,B,259,ALA,1.8,88.6,0.0,0,0,X,0.0,0.0,0.0,0.0,0.0,0.0,0.0,0.0,27,0.043829779249916496,24,15,9,0,0,0,0,0,0,0,0,1,0
1b5q,B,260,ASP,-3.5,111.1,-1.0,1,3,X,0.0,0.0,0.0,0.0,0.0,0.0,0.0,0.0,26,0.03916703677652112,22,7,15,0,0,0,0,0,0,0,0,1,0
1b5q,B,261,TYR,-1.3,193.6,0.0,1,1,X,0.0,0.0,0.0,0.0,0.0,0.0,0.0,0.0,37,0.05175644145468863,18,9,9,0,0,0,0,0,0,0,0,1,0
1b5q,B,262,VAL,4.2,140.0,0.0,0,0,X,0.0,0.0,0.0,0.0,0.0,0.0,0.0,0.0,38,0.050823892960009553,20,8,12,0,0,0,0,0,0,0,0,1,0
1b5q,B,263,MET,1.9,162.9,0.0,0,0,X,0.0,0.0,0.0,0.0,0.0,0.0,0.0,0.0,47,0.04989134446533048,7,4,3,0,0,0,0,0,0,0,0,1,0
1b5q,B,264,VAL,4.2,140.0,0.0,0,0,X,0.0,0.0,0.0,0.0,0.0,0.0,0.0,0.0,41,0.04662742473395372,11,0,11,0,0,0,0,0,0,0,0,1,0
1b5q,B,265,SER,-0.8,89.0,0.0,1,1,X,0.0,0.0,0.0,0.0,0.0,0.0,0.0,0.0,44,0.04662742473395372,13,13,0,0,0,0,0,0,0,0,0,1,1
1b5q,B,266,ALA,1.8,88.6,0.0,0,0,X,0.0,0.0,0.0,0.0,0.0,0.0,0.0,0.0,41,0.04103213376587927,21,10,11,0,0,0,0,0,0,0,0,1,0
1b5q,B,267,SER,-0.8,89.0,0.0,1,1,X,0.0,0.0,0.0,0.0,0.0,0.0,0.0,0.0,39,0.048026247475972325,30,14,16,0,0,0,0,0,0,0,0,1,0
1b5q,B,268,LEU,3.8,166.7,0.0,0,0,X,0.0,0.0,0.0,0.0,0.0,0.0,0.0,0.0,42,0.04942507021799094,27,17,10,0,0,0,0,0,0,0,0,1,0
1b5q,B,269,GLY,-0.4,60.1,0.0,0,0,X,0.0,0.0,0.0,0.0,0.0,0.0,0.0,0.0,38,0.050823892960009553,33,17,16,0,0,0,0,0,0,0,0,1,0
1b5q,B,270,VAL,4.2,140.0,0.0,0,0,X,0.0,0.0,0.0,0.0,0.0,0.0,0.0,0.0,35,0.04709369898129325,29,14,15,0,0,0,0,0,0,0,0,1,0
1b5q,B,271,LEU,3.8,166.7,0.0,0,0,X,0.0,0.0,0.0,0.0,0.0,0.0,0.0,0.0,36,0.04616115048661418,25,8,17,0,0,0,0,0,0,0,0,1,0
1b5q,B,272,GLN,-3.5,143.8,0.0,2,2,X,0.0,0.0,0.0,0.0,0.0,0.0,0.0,0.0,37,0.04989134446533048,41,20,21,0,0,0,0,0,0,0,0,1,0
1b5q,B,273,SER,-0.8,89.0,0.0,1,1,X,0.0,0.0,0.0,0.0,0.0,0.0,0.0,0.0,28,0.04243095650789788,30,14,16,0,0,0,0,0,0,0,0,1,0
1b5q,B,274,ASP,-3.5,111.1,-1.0,1,3,X,0.0,0.0,0.0,0.0,0.0,0.0,0.0,0.0,25,0.032639197313767604,22,3,19,0,0,0,0,0,0,0,0,1,0
1b5q,B,275,LEU,3.8,166.7,0.0,0,0,X,0.0,0.0,0.0,0.0,0.0,0.0,0.0,0.0,29,0.032639197313767604,26,22,4,0,0,0,0,0,0,0,0,1,0
1b5q,B,276,ILE,4.5,166.7,0.0,0,0,X,0.0,0.0,0.0,0.0,0.0,0.0,0.0,0.0,33,0.03963331102386066,19,20,-1,0,0,0,0,0,0,0,0,1,0
1b5q,B,277,GLN,-3.5,143.8,0.0,2,2,X,0.0,0.0,0.0,0.0,0.0,0.0,0.0,0.0,18,0.03823448828184205,47,17,30,0,0,0,0,0,0,0,0,1,0
1b5q,B,278,PHE,2.8,189.9,0.0,0,0,X,0.0,0.0,0.0,0.0,0.0,0.0,0.0,0.0,30,0.043829779249916496,31,17,14,0,0,0,0,0,0,0,0,1,0
1b5q,B,279,LYS,-3.9,168.6,1.0,2,0,X,0.0,0.0,0.0,0.0,0.0,0.0,0.0,0.0,17,0.03730193978716297,29,9,20,0,0,0,0,0,0,0,0,1,0
1b5q,B,280,PRO,-1.6,112.7,0.0,0,0,X,0.0,0.0,0.0,0.0,0.0,0.0,0.0,0.0,16,0.029375277582390842,27,4,23,0,0,0,0,0,0,0,0,1,0
1b5q,B,281,LYS,-3.9,168.6,1.0,2,0,X,0.0,0.0,0.0,0.0,0.0,0.0,0.0,0.0,16,0.028909003335051305,14,4,10,0,0,0,0,0,0,0,0,1,0
1b5q,B,282,LEU,3.8,166.7,0.0,0,0,X,0.0,0.0,0.0,0.0,0.0,0.0,0.0,0.0,27,0.03823448828184205,26,3,23,0,0,0,0,0,0,0,0,1,0
1b5q,B,283,PRO,-1.6,112.7,0.0,0,0,X,0.0,0.0,0.0,0.0,0.0,0.0,0.0,0.0,18,0.02984155182973038,23,0,23,0,0,0,0,0,0,0,0,1,0
1b5q,B,284,THR,-0.7,116.1,0.0,1,1,X,0.0,0.0,0.0,0.0,0.0,0.0,0.0,0.0,16,0.027510180593032695,28,0,28,0,0,0,0,0,0,0,0,1,0
1b5q,B,285,TRP,-0.9,227.8,0.0,1,0,X,0.0,0.0,0.0,0.0,0.0,0.0,0.0,0.0,21,0.032172923066428064,24,12,12,0,0,0,0,0,0,0,0,1,0
1b5q,B,286,LYS,-3.9,168.6,1.0,2,0,X,0.0,0.0,0.0,0.0,0.0,0.0,0.0,0.0,30,0.04616115048661418,18,8,10,0,0,0,0,0,0,0,0,1,0
1b5q,B,287,VAL,4.2,140.0,0.0,0,0,X,0.0,0.0,0.0,0.0,0.0,0.0,0.0,0.0,26,0.04243095650789788,36,3,33,0,0,0,0,0,0,0,0,1,0
1b5q,B,288,ARG,-4.5,173.4,1.0,5,0,X,0.0,0.0,0.0,0.0,0.0,0.0,0.0,0.0,26,0.04289723075523742,12,17,-5,0,0,0,0,0,0,0,0,1,0
1b5q,B,289,ALA,1.8,88.6,0.0,0,0,X,0.0,0.0,0.0,0.0,0.0,0.0,0.0,0.0,33,0.05175644145468863,31,16,15,0,0,0,0,0,0,0,0,1,0
1b5q,B,290,ILE,4.5,166.7,0.0,0,0,X,0.0,0.0,0.0,0.0,0.0,0.0,0.0,0.0,39,0.04755997322863279,42,11,31,0,0,0,0,0,0,0,0,1,0
1b5q,B,291,TYR,-1.3,193.6,0.0,1,1,X,0.0,0.0,0.0,0.0,0.0,0.0,0.0,0.0,34,0.05129016720734909,36,18,18,0,0,0,0,0,0,0,0,1,0
1b5q,B,292,GLN,-3.5,143.8,0.0,2,2,X,0.0,0.0,0.0,0.0,0.0,0.0,0.0,0.0,40,0.0526889899493677,26,28,-2,0,0,0,0,0,0,0,0,1,0
1b5q,B,293,PHE,2.8,189.9,0.0,0,0,X,0.0,0.0,0.0,0.0,0.0,0.0,0.0,0.0,41,0.04989134446533048,19,26,-7,0,0,0,0,0,0,0,0,1,0
1b5q,B,294,ASP,-3.5,111.1,-1.0,1,3,X,0.0,0.0,0.0,0.0,0.0,0.0,0.0,0.0,42,0.045694876239274644,22,13,9,0,0,0,0,0,0,0,0,1,0
1b5q,B,295,MET,1.9,162.9,0.0,0,0,X,0.0,0.0,0.0,0.0,0.0,0.0,0.0,0.0,42,0.05222271570202816,34,21,13,0,0,0,0,0,0,0,0,1,0
1b5q,B,296,ALA,1.8,88.6,0.0,0,0,X,0.0,0.0,0.0,0.0,0.0,0.0,0.0,0.0,43,0.04755997322863279,23,34,-11,0,0,0,0,0,0,0,0,1,0
1b5q,B,297,VAL,4.2,140.0,0.0,0,0,X,0.0,0.0,0.0,0.0,0.0,0.0,0.0,0.0,39,0.05548663543340492,27,40,-13,0,0,0,0,0,0,0,0,1,0
1b5q,B,298,TYR,-1.3,193.6,0.0,1,1,X,0.0,0.0,0.0,0.0,0.0,0.0,0.0,0.0,36,0.04755997322863279,9,24,-15,0,0,0,0,0,0,0,0,1,1
1b5q,B,299,THR,-0.7,116.1,0.0,1,1,X,0.0,0.0,0.0,0.0,0.0,0.0,0.0,0.0,39,0.050823892960009553,24,23,1,0,0,0,0,0,0,0,0,1,0
1b5q,B,300,LYS,-3.9,168.6,1.0,2,0,X,0.0,0.0,0.0,0.0,0.0,0.0,0.0,0.0,36,0.05035761871267001,4,8,-4,0,0,0,0,0,0,0,0,1,0
1b5q,B,301,ILE,4.5,166.7,0.0,0,0,X,0.0,0.0,0.0,0.0,0.0,0.0,0.0,0.0,37,0.048958795970651406,18,12,6,0,0,0,0,0,0,0,0,1,0
1b5q,B,302,PHE,2.8,189.9,0.0,0,0,X,0.0,0.0,0.0,0.0,0.0,0.0,0.0,0.0,34,0.048026247475972325,16,12,4,0,0,0,0,0,0,0,0,1,0
1b5q,B,303,LEU,3.8,166.7,0.0,0,0,X,0.0,0.0,0.0,0.0,0.0,0.0,0.0,0.0,39,0.05129016720734909,21,15,6,0,0,0,0,0,0,0,0,1,0
1b5q,B,304,LYS,-3.9,168.6,1.0,2,0,X,0.0,0.0,0.0,0.0,0.0,0.0,0.0,0.0,29,0.05035761871267001,10,14,-4,0,0,0,0,0,0,0,0,1,0
1b5q,B,305,PHE,2.8,189.9,0.0,0,0,X,0.0,0.0,0.0,0.0,0.0,0.0,0.0,0.0,30,0.04616115048661418,33,17,16,0,0,0,0,0,0,0,0,1,0
1b5q,B,306,PRO,-1.6,112.7,0.0,0,0,X,0.0,0.0,0.0,0.0,0.0,0.0,0.0,0.0,19,0.032172923066428064,26,16,10,0,0,0,0,0,0,0,0,1,0
1b5q,B,307,ARG,-4.5,173.4,1.0,5,0,X,0.0,0.0,0.0,0.0,0.0,0.0,0.0,0.0,17,0.030774100324409453,18,13,5,0,0,0,0,0,0,0,0,1,0
1b5q,B,308,LYS,-3.9,168.6,1.0,2,0,X,0.0,0.0,0.0,0.0,0.0,0.0,0.0,0.0,19,0.03823448828184205,17,29,-12,0,0,0,0,0,0,0,0,1,0
1b5q,B,309,PHE,2.8,189.9,0.0,0,0,X,0.0,0.0,0.0,0.0,0.0,0.0,0.0,0.0,29,0.040565859518539735,40,18,22,0,0,0,0,0,0,0,0,1,0
1b5q,B,310,TRP,-0.9,227.8,0.0,1,0,X,0.0,0.0,0.0,0.0,0.0,0.0,0.0,0.0,32,0.03776821403450251,29,30,-1,0,0,0,0,0,0,0,0,1,0
1b5q,B,311,PRO,-1.6,112.7,0.0,0,0,X,0.0,0.0,0.0,0.0,0.0,0.0,0.0,0.0,24,0.03683566553982344,28,30,-2,0,0,0,0,0,0,0,0,1,0
1b5q,B,312,GLU,-3.5,138.4,-1.0,1,3,X,0.0,0.0,0.0,0.0,0.0,0.0,0.0,0.0,24,0.032639197313767604,30,28,2,0,0,0,0,0,0,0,0,1,0
1b5q,B,313,GLY,-0.4,60.1,0.0,0,0,X,0.0,0.0,0.0,0.0,0.0,0.0,0.0,0.0,17,0.023779986614316396,30,35,-5,0,0,0,0,0,0,0,0,1,0
1b5q,B,314,LYS,-3.9,168.6,1.0,2,0,X,0.0,0.0,0.0,0.0,0.0,0.0,0.0,0.0,14,0.02471253510899547,13,25,-12,0,0,0,0,0,0,0,0,1,0
1b5q,B,315,GLY,-0.4,60.1,0.0,0,0,X,0.0,0.0,0.0,0.0,0.0,0.0,0.0,0.0,24,0.04289723075523742,22,46,-24,0,0,0,0,0,0,0,0,1,0
1b5q,B,316,ARG,-4.5,173.4,1.0,5,0,X,0.0,0.0,0.0,0.0,0.0,0.0,0.0,0.0,25,0.04476232774459557,10,33,-23,0,0,0,0,0,0,0,0,1,0
1b5q,B,317,GLU,-3.5,138.4,-1.0,1,3,X,0.0,0.0,0.0,0.0,0.0,0.0,0.0,0.0,33,0.04709369898129325,25,35,-10,0,0,0,0,0,0,0,0,1,0
1b5q,B,318,PHE,2.8,189.9,0.0,0,0,X,0.0,0.0,0.0,0.0,0.0,0.0,0.0,0.0,34,0.05129016720734909,12,34,-22,0,0,0,0,0,0,0,0,1,0
1b5q,B,319,PHE,2.8,189.9,0.0,0,0,X,0.0,0.0,0.0,0.0,0.0,0.0,0.0,0.0,37,0.05222271570202816,10,18,-8,0,0,0,0,0,0,0,0,1,0
1b5q,B,320,LEU,3.8,166.7,0.0,0,0,X,0.0,0.0,0.0,0.0,0.0,0.0,0.0,0.0,44,0.04942507021799094,6,4,2,0,0,0,0,0,0,0,0,1,0
1b5q,B,321,TYR,-1.3,193.6,0.0,1,1,X,0.0,0.0,0.0,0.0,0.0,0.0,0.0,0.0,36,0.05222271570202816,27,18,9,0,0,0,0,0,0,0,0,1,0
1b5q,B,322,ALA,1.8,88.6,0.0,0,0,X,0.0,0.0,0.0,0.0,0.0,0.0,0.0,0.0,36,0.05222271570202816,21,20,1,0,0,0,0,0,0,0,0,1,0
1b5q,B,323,SER,-0.8,89.0,0.0,1,1,X,0.0,0.0,0.0,0.0,0.0,0.0,0.0,0.0,31,0.045228601991935104,36,16,20,0,0,0,0,0,0,0,0,1,0
1b5q,B,324,SER,-0.8,89.0,0.0,1,1,X,0.0,0.0,0.0,0.0,0.0,0.0,0.0,0.0,27,0.035436842797804825,40,28,12,0,0,0,0,0,0,0,0,1,0
1b5q,B,325,ARG,-4.5,173.4,1.0,5,0,X,0.0,0.0,0.0,0.0,0.0,0.0,0.0,0.0,18,0.03776821403450251,23,38,-15,0,0,0,0,0,0,0,0,1,0
1b5q,B,326,ARG,-4.5,173.4,1.0,5,0,X,0.0,0.0,0.0,0.0,0.0,0.0,0.0,0.0,36,0.03823448828184205,19,50,-31,0,0,0,0,0,0,0,0,1,0
1b5q,B,327,GLY,-0.4,60.1,0.0,0,0,X,0.0,0.0,0.0,0.0,0.0,0.0,0.0,0.0,32,0.04662742473395372,28,38,-10,0,0,0,0,0,0,0,0,1,0
1b5q,B,328,TYR,-1.3,193.6,0.0,1,1,X,0.0,0.0,0.0,0.0,0.0,0.0,0.0,0.0,34,0.043363505002576956,34,26,8,0,0,0,0,0,0,0,0,1,0
1b5q,B,329,TYR,-1.3,193.6,0.0,1,1,X,0.0,0.0,0.0,0.0,0.0,0.0,0.0,0.0,35,0.05129016720734909,21,18,3,0,0,0,0,0,0,0,0,1,0
1b5q,B,330,GLY,-0.4,60.1,0.0,0,0,X,0.0,0.0,0.0,0.0,0.0,0.0,0.0,0.0,38,0.050823892960009553,9,5,4,0,0,0,0,0,0,0,0,1,0
1b5q,B,331,VAL,4.2,140.0,0.0,0,0,X,0.0,0.0,0.0,0.0,0.0,0.0,0.0,0.0,39,0.05222271570202816,2,8,-6,0,0,0,0,0,0,0,0,1,0
1b5q,B,332,TRP,-0.9,227.8,0.0,1,0,X,0.0,0.0,0.0,0.0,0.0,0.0,0.0,0.0,37,0.04989134446533048,1,9,-8,0,0,0,0,0,0,0,0,1,0
1b5q,B,333,GLN,-3.5,143.8,0.0,2,2,X,0.0,0.0,0.0,0.0,0.0,0.0,0.0,0.0,33,0.05129016720734909,12,27,-15,0,0,0,0,0,0,0,0,1,0
1b5q,B,334,GLU,-3.5,138.4,-1.0,1,3,X,0.0,0.0,0.0,0.0,0.0,0.0,0.0,0.0,30,0.0526889899493677,25,28,-3,0,0,0,0,0,0,0,0,1,0
1b5q,B,335,PHE,2.8,189.9,0.0,0,0,X,0.0,0.0,0.0,0.0,0.0,0.0,0.0,0.0,36,0.053155264196707235,13,35,-22,0,0,0,0,0,0,0,0,1,0
1b5q,B,336,GLU,-3.5,138.4,-1.0,1,3,X,0.0,0.0,0.0,0.0,0.0,0.0,0.0,0.0,25,0.04149840801321881,27,34,-7,0,0,0,0,0,0,0,0,1,0
1b5q,B,337,LYS,-3.9,168.6,1.0,2,0,X,0.0,0.0,0.0,0.0,0.0,0.0,0.0,0.0,22,0.03450429430312575,14,35,-21,0,0,0,0,0,0,0,0,1,0
1b5q,B,338,GLN,-3.5,143.8,0.0,2,2,X,0.0,0.0,0.0,0.0,0.0,0.0,0.0,0.0,31,0.04429605349725603,22,31,-9,0,0,0,0,0,0,0,0,1,0
1b5q,B,339,TYR,-1.3,193.6,0.0,1,1,X,0.0,0.0,0.0,0.0,0.0,0.0,0.0,0.0,33,0.03916703677652112,16,27,-11,0,0,0,0,0,0,0,0,1,0
1b5q,B,340,PRO,-1.6,112.7,0.0,0,0,X,0.0,0.0,0.0,0.0,0.0,0.0,0.0,0.0,17,0.029375277582390842,13,24,-11,0,0,0,0,0,0,0,0,1,0
1b5q,B,341,ASP,-3.5,111.1,-1.0,1,3,X,0.0,0.0,0.0,0.0,0.0,0.0,0.0,0.0,18,0.022381163872297785,16,12,4,0,0,0,0,0,0,0,0,1,0
1b5q,B,342,ALA,1.8,88.6,0.0,0,0,X,0.0,0.0,0.0,0.0,0.0,0.0,0.0,0.0,25,0.030774100324409453,21,20,1,0,0,0,0,0,0,0,0,1,0
1b5q,B,343,ASN,-3.5,114.1,0.0,2,2,X,0.0,0.0,0.0,0.0,0.0,0.0,0.0,0.0,27,0.04429605349725603,26,21,5,0,0,0,0,0,0,0,0,1,0
1b5q,B,344,VAL,4.2,140.0,0.0,0,0,X,0.0,0.0,0.0,0.0,0.0,0.0,0.0,0.0,37,0.050823892960009553,18,25,-7,0,0,0,0,0,0,0,0,1,0
1b5q,B,345,LEU,3.8,166.7,0.0,0,0,X,0.0,0.0,0.0,0.0,0.0,0.0,0.0,0.0,37,0.05502036118606539,16,17,-1,0,0,0,0,0,0,0,0,1,0
1b5q,B,346,LEU,3.8,166.7,0.0,0,0,X,0.0,0.0,0.0,0.0,0.0,0.0,0.0,0.0,36,0.05035761871267001,10,13,-3,0,0,0,0,0,0,0,0,1,0
1b5q,B,347,VAL,4.2,140.0,0.0,0,0,X,0.0,0.0,0.0,0.0,0.0,0.0,0.0,0.0,37,0.050823892960009553,8,2,6,0,0,0,0,0,0,0,0,1,0
1b5q,B,348,THR,-0.7,116.1,0.0,1,1,X,0.0,0.0,0.0,0.0,0.0,0.0,0.0,0.0,37,0.0526889899493677,9,10,-1,0,0,0,0,0,0,0,0,1,0
1b5q,B,349,VAL,4.2,140.0,0.0,0,0,X,0.0,0.0,0.0,0.0,0.0,0.0,0.0,0.0,36,0.05455408693872585,19,34,-15,0,0,0,0,0,0,0,0,1,0
1b5q,B,350,THR,-0.7,116.1,0.0,1,1,X,0.0,0.0,0.0,0.0,0.0,0.0,0.0,0.0,36,0.05035761871267001,24,48,-24,0,0,0,0,0,0,0,0,1,0
1b5q,B,351,ASP,-3.5,111.1,-1.0,1,3,X,0.0,0.0,0.0,0.0,0.0,0.0,0.0,0.0,32,0.045228601991935104,27,40,-13,0,0,0,0,0,0,0,0,1,0
1b5q,B,352,GLU,-3.5,138.4,-1.0,1,3,X,0.0,0.0,0.0,0.0,0.0,0.0,0.0,0.0,27,0.03450429430312575,57,25,32,0,0,0,0,0,0,0,0,1,0
1b5q,B,353,GLU,-3.5,138.4,-1.0,1,3,X,0.0,0.0,0.0,0.0,0.0,0.0,0.0,0.0,27,0.04289723075523742,50,28,22,0,0,0,0,0,0,0,0,1,0
1b5q,B,354,SER,-0.8,89.0,0.0,1,1,X,0.0,0.0,0.0,0.0,0.0,0.0,0.0,0.0,35,0.05035761871267001,35,35,0,0,0,0,0,0,0,0,0,1,0
1b5q,B,355,ARG,-4.5,173.4,1.0,5,0,X,0.0,0.0,0.0,0.0,0.0,0.0,0.0,0.0,33,0.04755997322863279,18,37,-19,0,0,0,0,0,0,0,0,1,0
1b5q,B,356,ARG,-4.5,173.4,1.0,5,0,X,0.0,0.0,0.0,0.0,0.0,0.0,0.0,0.0,32,0.043829779249916496,28,36,-8,0,0,0,0,0,0,0,0,1,0
1b5q,B,357,ILE,4.5,166.7,0.0,0,0,X,0.0,0.0,0.0,0.0,0.0,0.0,0.0,0.0,37,0.04989134446533048,34,44,-10,0,0,0,0,0,0,0,0,1,0
1b5q,B,358,GLU,-3.5,138.4,-1.0,1,3,X,0.0,0.0,0.0,0.0,0.0,0.0,0.0,0.0,31,0.04755997322863279,29,18,11,0,0,0,0,0,0,0,0,1,0
1b5q,B,359,GLN,-3.5,143.8,0.0,2,2,X,0.0,0.0,0.0,0.0,0.0,0.0,0.0,0.0,23,0.030307826077069916,27,17,10,0,0,0,0,0,0,0,0,1,0
1b5q,B,360,GLN,-3.5,143.8,0.0,2,2,X,0.0,0.0,0.0,0.0,0.0,0.0,0.0,0.0,24,0.03357174580844668,25,38,-13,0,0,0,0,0,0,0,0,1,0
1b5q,B,361,SER,-0.8,89.0,0.0,1,1,X,0.0,0.0,0.0,0.0,0.0,0.0,0.0,0.0,16,0.03124037457174899,17,28,-11,0,0,0,0,0,0,0,0,1,0
1b5q,B,362,ASP,-3.5,111.1,-1.0,1,3,X,0.0,0.0,0.0,0.0,0.0,0.0,0.0,0.0,25,0.03730193978716297,18,24,-6,0,0,0,0,0,0,0,0,1,0
1b5q,B,363,GLU,-3.5,138.4,-1.0,1,3,X,0.0,0.0,0.0,0.0,0.0,0.0,0.0,0.0,15,0.029375277582390842,10,17,-7,0,0,0,0,0,0,0,0,1,0
1b5q,B,364,GLN,-3.5,143.8,0.0,2,2,X,0.0,0.0,0.0,0.0,0.0,0.0,0.0,0.0,22,0.032639197313767604,17,28,-11,0,0,0,0,0,0,0,0,1,0
1b5q,B,365,THR,-0.7,116.1,0.0,1,1,X,0.0,0.0,0.0,0.0,0.0,0.0,0.0,0.0,32,0.048958795970651406,23,34,-11,0,0,0,0,0,0,0,0,1,0
1b5q,B,366,LYS,-3.9,168.6,1.0,2,0,X,0.0,0.0,0.0,0.0,0.0,0.0,0.0,0.0,31,0.04429605349725603,7,41,-34,0,0,0,0,0,0,0,0,1,0
1b5q,B,367,ALA,1.8,88.6,0.0,0,0,X,0.0,0.0,0.0,0.0,0.0,0.0,0.0,0.0,22,0.03683566553982344,19,30,-11,0,0,0,0,0,0,0,0,1,0
1b5q,B,368,GLU,-3.5,138.4,-1.0,1,3,X,0.0,0.0,0.0,0.0,0.0,0.0,0.0,0.0,27,0.04149840801321881,21,13,8,0,0,0,0,0,0,0,0,1,0
1b5q,B,369,ILE,4.5,166.7,0.0,0,0,X,0.0,0.0,0.0,0.0,0.0,0.0,0.0,0.0,40,0.04709369898129325,21,22,-1,0,0,0,0,0,0,0,0,1,0
1b5q,B,370,MET,1.9,162.9,0.0,0,0,X,0.0,0.0,0.0,0.0,0.0,0.0,0.0,0.0,31,0.04429605349725603,27,18,9,0,0,0,0,0,0,0,0,1,0
1b5q,B,371,GLN,-3.5,143.8,0.0,2,2,X,0.0,0.0,0.0,0.0,0.0,0.0,0.0,0.0,21,0.034970568550465285,26,14,12,0,0,0,0,0,0,0,0,1,0
1b5q,B,372,VAL,4.2,140.0,0.0,0,0,X,0.0,0.0,0.0,0.0,0.0,0.0,0.0,0.0,33,0.045694876239274644,24,23,1,0,0,0,0,0,0,0,0,1,0
1b5q,B,373,LEU,3.8,166.7,0.0,0,0,X,0.0,0.0,0.0,0.0,0.0,0.0,0.0,0.0,34,0.048492521723311866,29,12,17,0,0,0,0,0,0,0,0,1,0
1b5q,B,374,ARG,-4.5,173.4,1.0,5,0,X,0.0,0.0,0.0,0.0,0.0,0.0,0.0,0.0,22,0.04196468226055834,18,20,-2,0,0,0,0,0,0,0,0,1,0
1b5q,B,375,LYS,-3.9,168.6,1.0,2,0,X,0.0,0.0,0.0,0.0,0.0,0.0,0.0,0.0,22,0.04103213376587927,14,19,-5,0,0,0,0,0,0,0,0,1,0
1b5q,B,376,MET,1.9,162.9,0.0,0,0,X,0.0,0.0,0.0,0.0,0.0,0.0,0.0,0.0,34,0.04989134446533048,27,14,13,0,0,0,0,0,0,0,0,1,0
1b5q,B,377,PHE,2.8,189.9,0.0,0,0,X,0.0,0.0,0.0,0.0,0.0,0.0,0.0,0.0,31,0.04196468226055834,30,7,23,0,0,0,0,0,0,0,0,1,0
1b5q,B,378,PRO,-1.6,112.7,0.0,0,0,X,0.0,0.0,0.0,0.0,0.0,0.0,0.0,0.0,20,0.027510180593032695,26,15,11,0,0,0,0,0,0,0,0,1,0
1b5q,B,379,GLY,-0.4,60.1,0.0,0,0,X,0.0,0.0,0.0,0.0,0.0,0.0,0.0,0.0,12,0.01678587290422334,19,8,11,0,0,0,0,0,0,0,0,1,0
1b5q,B,380,LYS,-3.9,168.6,1.0,2,0,X,0.0,0.0,0.0,0.0,0.0,0.0,0.0,0.0,16,0.029375277582390842,25,8,17,0,0,0,0,0,0,0,0,1,0
1b5q,B,381,ASP,-3.5,111.1,-1.0,1,3,X,0.0,0.0,0.0,0.0,0.0,0.0,0.0,0.0,16,0.027510180593032695,35,5,30,0,0,0,0,0,0,0,0,1,0
1b5q,B,382,VAL,4.2,140.0,0.0,0,0,X,0.0,0.0,0.0,0.0,0.0,0.0,0.0,0.0,23,0.04289723075523742,37,16,21,0,0,0,0,0,0,0,0,1,0
1b5q,B,383,PRO,-1.6,112.7,0.0,0,0,X,0.0,0.0,0.0,0.0,0.0,0.0,0.0,0.0,21,0.03776821403450251,37,17,20,0,0,0,0,0,0,0,0,1,0
1b5q,B,384,ASP,-3.5,111.1,-1.0,1,3,X,0.0,0.0,0.0,0.0,0.0,0.0,0.0,0.0,22,0.035436842797804825,30,12,18,0,0,0,0,0,0,0,0,1,0
1b5q,B,385,ALA,1.8,88.6,0.0,0,0,X,0.0,0.0,0.0,0.0,0.0,0.0,0.0,0.0,28,0.04289723075523742,26,21,5,0,0,0,0,0,0,0,0,1,0
1b5q,B,386,THR,-0.7,116.1,0.0,1,1,X,0.0,0.0,0.0,0.0,0.0,0.0,0.0,0.0,19,0.029375277582390842,17,16,1,0,0,0,0,0,0,0,0,1,0
1b5q,B,387,ASP,-3.5,111.1,-1.0,1,3,X,0.0,0.0,0.0,0.0,0.0,0.0,0.0,0.0,23,0.03124037457174899,15,13,2,0,0,0,0,0,0,0,0,1,0
1b5q,B,388,ILE,4.5,166.7,0.0,0,0,X,0.0,0.0,0.0,0.0,0.0,0.0,0.0,0.0,30,0.04103213376587927,21,26,-5,0,0,0,0,0,0,0,0,1,0
1b5q,B,389,LEU,3.8,166.7,0.0,0,0,X,0.0,0.0,0.0,0.0,0.0,0.0,0.0,0.0,28,0.03823448828184205,21,20,1,0,0,0,0,0,0,0,0,1,0
1b5q,B,390,VAL,4.2,140.0,0.0,0,0,X,0.0,0.0,0.0,0.0,0.0,0.0,0.0,0.0,34,0.04149840801321881,22,23,-1,0,0,0,0,0,0,0,0,1,0
1b5q,B,391,PRO,-1.6,112.7,0.0,0,0,X,0.0,0.0,0.0,0.0,0.0,0.0,0.0,0.0,32,0.04103213376587927,21,20,1,0,0,0,0,0,0,0,0,1,0
1b5q,B,392,ARG,-4.5,173.4,1.0,5,0,X,0.0,0.0,0.0,0.0,0.0,0.0,0.0,0.0,24,0.03683566553982344,10,24,-14,0,0,0,0,0,0,0,0,1,0
1b5q,B,393,TRP,-0.9,227.8,0.0,1,0,X,0.0,0.0,0.0,0.0,0.0,0.0,0.0,0.0,31,0.048026247475972325,45,15,30,0,0,0,0,0,0,0,0,1,1
1b5q,B,394,TRP,-0.9,227.8,0.0,1,0,X,0.0,0.0,0.0,0.0,0.0,0.0,0.0,0.0,32,0.048958795970651406,36,25,11,0,0,0,0,0,0,0,0,1,0
1b5q,B,395,SER,-0.8,89.0,0.0,1,1,X,0.0,0.0,0.0,0.0,0.0,0.0,0.0,0.0,21,0.03357174580844668,36,17,19,0,0,0,0,0,0,0,0,1,0
1b5q,B,396,ASP,-3.5,111.1,-1.0,1,3,X,0.0,0.0,0.0,0.0,0.0,0.0,0.0,0.0,22,0.03730193978716297,29,4,25,0,0,0,0,0,0,0,0,1,0
1b5q,B,397,ARG,-4.5,173.4,1.0,5,0,X,0.0,0.0,0.0,0.0,0.0,0.0,0.0,0.0,21,0.03450429430312575,11,16,-5,0,0,0,0,0,0,0,0,1,0
1b5q,B,398,PHE,2.8,189.9,0.0,0,0,X,0.0,0.0,0.0,0.0,0.0,0.0,0.0,0.0,32,0.040099585271200194,29,21,8,0,0,0,0,0,0,0,0,1,1
1b5q,B,399,TYR,-1.3,193.6,0.0,1,1,X,0.0,0.0,0.0,0.0,0.0,0.0,0.0,0.0,36,0.04989134446533048,38,12,26,0,0,0,0,0,0,0,0,1,1
1b5q,B,400,LYS,-3.9,168.6,1.0,2,0,X,0.0,0.0,0.0,0.0,0.0,0.0,0.0,0.0,31,0.05502036118606539,22,13,9,0,0,0,0,0,0,0,0,1,0
1b5q,B,401,GLY,-0.4,60.1,0.0,0,0,X,0.0,0.0,0.0,0.0,0.0,0.0,0.0,0.0,38,0.053621538444046775,34,18,16,0,0,0,0,0,0,0,0,1,0
1b5q,B,402,THR,-0.7,116.1,0.0,1,1,X,0.0,0.0,0.0,0.0,0.0,0.0,0.0,0.0,42,0.045228601991935104,24,16,8,0,0,0,0,0,0,0,0,1,1
1b5q,B,403,PHE,2.8,189.9,0.0,0,0,X,0.0,0.0,0.0,0.0,0.0,0.0,0.0,0.0,38,0.04289723075523742,17,34,-17,0,0,0,0,0,0,0,0,1,1
1b5q,B,404,SER,-0.8,89.0,0.0,1,1,X,0.0,0.0,0.0,0.0,0.0,0.0,0.0,0.0,36,0.053155264196707235,16,25,-9,0,0,0,0,0,0,0,0,1,1
1b5q,B,405,ASN,-3.5,114.1,0.0,2,2,X,0.0,0.0,0.0,0.0,0.0,0.0,0.0,0.0,41,0.05175644145468863,7,30,-23,0,0,0,0,0,0,0,0,1,1
1b5q,B,406,TRP,-0.9,227.8,0.0,1,0,X,0.0,0.0,0.0,0.0,0.0,0.0,0.0,0.0,41,0.05129016720734909,14,26,-12,0,0,0,0,0,0,0,0,1,0
1b5q,B,407,PRO,-1.6,112.7,0.0,0,0,X,0.0,0.0,0.0,0.0,0.0,0.0,0.0,0.0,40,0.04989134446533048,11,24,-13,0,0,0,0,0,0,0,0,1,0
1b5q,B,408,VAL,4.2,140.0,0.0,0,0,X,0.0,0.0,0.0,0.0,0.0,0.0,0.0,0.0,31,0.04662742473395372,14,25,-11,0,0,0,0,0,0,0,0,1,0
1b5q,B,409,GLY,-0.4,60.1,0.0,0,0,X,0.0,0.0,0.0,0.0,0.0,0.0,0.0,0.0,32,0.04709369898129325,18,38,-20,0,0,0,0,0,0,0,0,1,0
1b5q,B,410,VAL,4.2,140.0,0.0,0,0,X,0.0,0.0,0.0,0.0,0.0,0.0,0.0,0.0,35,0.04709369898129325,16,33,-17,0,0,0,0,0,0,0,0,1,0
1b5q,B,411,ASN,-3.5,114.1,0.0,2,2,X,0.0,0.0,0.0,0.0,0.0,0.0,0.0,0.0,25,0.04289723075523742,31,34,-3,0,0,0,0,0,0,0,0,1,0
1b5q,B,412,ARG,-4.5,173.4,1.0,5,0,X,0.0,0.0,0.0,0.0,0.0,0.0,0.0,0.0,20,0.03963331102386066,20,24,-4,0,0,0,0,0,0,0,0,1,0
1b5q,B,413,TYR,-1.3,193.6,0.0,1,1,X,0.0,0.0,0.0,0.0,0.0,0.0,0.0,0.0,18,0.03357174580844668,30,18,12,0,0,0,0,0,0,0,0,1,0
1b5q,B,414,GLU,-3.5,138.4,-1.0,1,3,X,0.0,0.0,0.0,0.0,0.0,0.0,0.0,0.0,29,0.045694876239274644,29,20,9,0,0,0,0,0,0,0,0,1,0
1b5q,B,415,TYR,-1.3,193.6,0.0,1,1,X,0.0,0.0,0.0,0.0,0.0,0.0,0.0,0.0,33,0.04755997322863279,39,29,10,0,0,0,0,0,0,0,0,1,0
1b5q,B,416,ASP,-3.5,111.1,-1.0,1,3,X,0.0,0.0,0.0,0.0,0.0,0.0,0.0,0.0,22,0.045228601991935104,38,16,22,0,0,0,0,0,0,0,0,1,0
1b5q,B,417,GLN,-3.5,143.8,0.0,2,2,X,0.0,0.0,0.0,0.0,0.0,0.0,0.0,0.0,25,0.048026247475972325,35,17,18,0,0,0,0,0,0,0,0,1,0
1b5q,B,418,LEU,3.8,166.7,0.0,0,0,X,0.0,0.0,0.0,0.0,0.0,0.0,0.0,0.0,41,0.05222271570202816,37,19,18,0,0,0,0,0,0,0,0,1,0
1b5q,B,419,ARG,-4.5,173.4,1.0,5,0,X,0.0,0.0,0.0,0.0,0.0,0.0,0.0,0.0,36,0.048492521723311866,24,32,-8,0,0,0,0,0,0,0,0,1,0
1b5q,B,420,ALA,1.8,88.6,0.0,0,0,X,0.0,0.0,0.0,0.0,0.0,0.0,0.0,0.0,29,0.04662742473395372,34,11,23,0,0,0,0,0,0,0,0,1,0
1b5q,B,421,PRO,-1.6,112.7,0.0,0,0,X,0.0,0.0,0.0,0.0,0.0,0.0,0.0,0.0,30,0.04103213376587927,35,7,28,0,0,0,0,0,0,0,0,1,0
1b5q,B,422,VAL,4.2,140.0,0.0,0,0,X,0.0,0.0,0.0,0.0,0.0,0.0,0.0,0.0,30,0.03870076252918159,26,0,26,0,0,0,0,0,0,0,0,1,0
1b5q,B,423,GLY,-0.4,60.1,0.0,0,0,X,0.0,0.0,0.0,0.0,0.0,0.0,0.0,0.0,31,0.03170664881908853,19,2,17,0,0,0,0,0,0,0,0,1,0
1b5q,B,424,ARG,-4.5,173.4,1.0,5,0,X,0.0,0.0,0.0,0.0,0.0,0.0,0.0,0.0,27,0.04709369898129325,5,8,-3,0,0,0,0,0,0,0,0,1,0
1b5q,B,425,VAL,4.2,140.0,0.0,0,0,X,0.0,0.0,0.0,0.0,0.0,0.0,0.0,0.0,37,0.05035761871267001,23,2,21,0,0,0,0,0,0,0,0,1,0
1b5q,B,426,TYR,-1.3,193.6,0.0,1,1,X,0.0,0.0,0.0,0.0,0.0,0.0,0.0,0.0,40,0.048958795970651406,16,8,8,0,0,0,0,0,0,0,0,1,0
1b5q,B,427,PHE,2.8,189.9,0.0,0,0,X,0.0,0.0,0.0,0.0,0.0,0.0,0.0,0.0,39,0.04755997322863279,32,2,30,0,0,0,0,0,0,0,0,1,0
1b5q,B,428,THR,-0.7,116.1,0.0,1,1,X,0.0,0.0,0.0,0.0,0.0,0.0,0.0,0.0,48,0.0526889899493677,23,16,7,0,0,0,0,0,0,0,0,1,0
1b5q,B,429,GLY,-0.4,60.1,0.0,0,0,X,0.0,0.0,0.0,0.0,0.0,0.0,0.0,0.0,44,0.048026247475972325,28,17,11,0,0,0,0,0,0,0,0,1,1
1b5q,B,430,GLU,-3.5,138.4,-1.0,1,3,X,0.0,0.0,0.0,0.0,0.0,0.0,0.0,0.0,39,0.0526889899493677,27,5,22,0,0,0,0,0,0,0,0,1,1
1b5q,B,431,HIS,-3.2,153.2,0.1,2,1,X,0.0,0.0,0.0,0.0,0.0,0.0,0.0,0.0,43,0.05175644145468863,16,15,1,0,0,0,0,0,0,0,0,1,0
1b5q,B,432,THR,-0.7,116.1,0.0,1,1,X,0.0,0.0,0.0,0.0,0.0,0.0,0.0,0.0,46,0.04709369898129325,26,34,-8,0,0,0,0,0,0,0,0,1,0
1b5q,B,433,SER,-0.8,89.0,0.0,1,1,X,0.0,0.0,0.0,0.0,0.0,0.0,0.0,0.0,31,0.053155264196707235,38,25,13,0,0,0,0,0,0,0,0,1,0
1b5q,B,434,GLU,-3.5,138.4,-1.0,1,3,X,0.0,0.0,0.0,0.0,0.0,0.0,0.0,0.0,24,0.03403802005578621,37,19,18,0,0,0,0,0,0,0,0,1,0
1b5q,B,435,HIS,-3.2,153.2,0.1,2,1,X,0.0,0.0,0.0,0.0,0.0,0.0,0.0,0.0,29,0.03357174580844668,11,18,-7,0,0,0,0,0,0,0,0,1,0
1b5q,B,436,TYR,-1.3,193.6,0.0,1,1,X,0.0,0.0,0.0,0.0,0.0,0.0,0.0,0.0,34,0.048026247475972325,23,26,-3,0,0,0,0,0,0,0,0,1,0
1b5q,B,437,ASN,-3.5,114.1,0.0,2,2,X,0.0,0.0,0.0,0.0,0.0,0.0,0.0,0.0,33,0.050823892960009553,27,22,5,0,0,0,0,0,0,0,0,1,0
1b5q,B,438,GLY,-0.4,60.1,0.0,0,0,X,0.0,0.0,0.0,0.0,0.0,0.0,0.0,0.0,36,0.043829779249916496,28,24,4,0,0,0,0,0,0,0,0,1,1
1b5q,B,439,TYR,-1.3,193.6,0.0,1,1,X,0.0,0.0,0.0,0.0,0.0,0.0,0.0,0.0,35,0.04243095650789788,18,26,-8,0,0,0,0,0,0,0,0,1,1
1b5q,B,440,VAL,4.2,140.0,0.0,0,0,X,0.0,0.0,0.0,0.0,0.0,0.0,0.0,0.0,42,0.040565859518539735,21,20,1,0,0,0,0,0,0,0,0,1,1
1b5q,B,441,HIS,-3.2,153.2,0.1,2,1,X,0.0,0.0,0.0,0.0,0.0,0.0,0.0,0.0,33,0.048958795970651406,5,19,-14,0,0,0,0,0,0,0,0,1,0
1b5q,B,442,GLY,-0.4,60.1,0.0,0,0,X,0.0,0.0,0.0,0.0,0.0,0.0,0.0,0.0,37,0.05175644145468863,27,22,5,0,0,0,0,0,0,0,0,1,0
1b5q,B,443,ALA,1.8,88.6,0.0,0,0,X,0.0,0.0,0.0,0.0,0.0,0.0,0.0,0.0,38,0.05222271570202816,25,15,10,0,0,0,0,0,0,0,0,1,1
1b5q,B,444,TYR,-1.3,193.6,0.0,1,1,X,0.0,0.0,0.0,0.0,0.0,0.0,0.0,0.0,35,0.048958795970651406,22,7,15,0,0,0,0,0,0,0,0,1,0
1b5q,B,445,LEU,3.8,166.7,0.0,0,0,X,0.0,0.0,0.0,0.0,0.0,0.0,0.0,0.0,34,0.04149840801321881,21,24,-3,0,0,0,0,0,0,0,0,1,0
1b5q,B,446,SER,-0.8,89.0,0.0,1,1,X,0.0,0.0,0.0,0.0,0.0,0.0,0.0,0.0,40,0.05175644145468863,27,30,-3,0,0,0,0,0,0,0,0,1,0
1b5q,B,447,GLY,-0.4,60.1,0.0,0,0,X,0.0,0.0,0.0,0.0,0.0,0.0,0.0,0.0,40,0.05408781269138631,21,20,1,0,0,0,0,0,0,0,0,1,0
1b5q,B,448,ILE,4.5,166.7,0.0,0,0,X,0.0,0.0,0.0,0.0,0.0,0.0,0.0,0.0,32,0.04755997322863279,23,22,1,0,0,0,0,0,0,0,0,1,0
1b5q,B,449,ASP,-3.5,111.1,-1.0,1,3,X,0.0,0.0,0.0,0.0,0.0,0.0,0.0,0.0,31,0.03776821403450251,18,16,2,0,0,0,0,0,0,0,0,1,0
1b5q,B,450,SER,-0.8,89.0,0.0,1,1,X,0.0,0.0,0.0,0.0,0.0,0.0,0.0,0.0,39,0.04755997322863279,18,19,-1,0,0,0,0,0,0,0,0,1,0
1b5q,B,451,ALA,1.8,88.6,0.0,0,0,X,0.0,0.0,0.0,0.0,0.0,0.0,0.0,0.0,38,0.050823892960009553,17,21,-4,0,0,0,0,0,0,0,0,1,0
1b5q,B,452,GLU,-3.5,138.4,-1.0,1,3,X,0.0,0.0,0.0,0.0,0.0,0.0,0.0,0.0,26,0.040099585271200194,17,11,6,0,0,0,0,0,0,0,0,1,0
1b5q,B,453,ILE,4.5,166.7,0.0,0,0,X,0.0,0.0,0.0,0.0,0.0,0.0,0.0,0.0,32,0.03963331102386066,23,18,5,0,0,0,0,0,0,0,0,1,0
1b5q,B,454,LEU,3.8,166.7,0.0,0,0,X,0.0,0.0,0.0,0.0,0.0,0.0,0.0,0.0,39,0.043363505002576956,25,15,10,0,0,0,0,0,0,0,0,1,0
1b5q,B,455,ILE,4.5,166.7,0.0,0,0,X,0.0,0.0,0.0,0.0,0.0,0.0,0.0,0.0,29,0.048492521723311866,23,18,5,0,0,0,0,0,0,0,0,1,0
1b5q,B,456,ASN,-3.5,114.1,0.0,2,2,X,0.0,0.0,0.0,0.0,0.0,0.0,0.0,0.0,23,0.040099585271200194,23,11,12,0,0,0,0,0,0,0,0,1,0
1b5q,B,457,CYS,2.5,108.5,0.0,1,0,X,0.0,0.0,0.0,0.0,0.0,0.0,0.0,0.0,25,0.04289723075523742,34,7,27,0,0,0,0,0,0,0,0,1,0
1b5q,B,458,ALA,1.8,88.6,0.0,0,0,X,0.0,0.0,0.0,0.0,0.0,0.0,0.0,0.0,22,0.040565859518539735,25,10,15,0,0,0,0,0,0,0,0,1,0
1b5q,B,459,GLN,-3.5,143.8,0.0,2,2,X,0.0,0.0,0.0,0.0,0.0,0.0,0.0,0.0,20,0.03310547156110714,22,5,17,0,0,0,0,0,0,0,0,1,0
1b5q,B,460,LYS,-3.9,168.6,1.0,2,0,X,0.0,0.0,0.0,0.0,0.0,0.0,0.0,0.0,14,0.02844272908771177,9,4,5,0,0,0,0,0,0,0,0,1,0
1b5q,B,461,LYS,-3.9,168.6,1.0,2,0,X,0.0,0.0,0.0,0.0,0.0,0.0,0.0,0.0,12,0.02611135785101408,10,0,10,0,0,0,0,0,0,0,0,1,0
1b5q,B,462,MET,1.9,162.9,0.0,0,0,X,0.0,0.0,0.0,0.0,0.0,0.0,0.0,0.0,15,0.029375277582390842,26,2,24,0,0,0,0,0,0,0,0,1,0
1b5q,B,463,CYS,2.5,108.5,0.0,1,0,X,0.0,0.0,0.0,0.0,0.0,0.0,0.0,0.0,19,0.02844272908771177,31,1,30,0,0,0,0,0,0,0,0,1,0
1b5q,B,464,LYS,-3.9,168.6,1.0,2,0,X,0.0,0.0,0.0,0.0,0.0,0.0,0.0,0.0,11,0.01958351838826056,14,0,14,0,0,0,0,0,0,0,0,1,0
1b5q,B,465,TYR,-1.3,193.6,0.0,1,1,X,0.0,0.0,0.0,0.0,0.0,0.0,0.0,0.0,27,0.02471253510899547,29,11,18,0,0,0,0,0,0,0,0,1,0
1b5q,B,466,HIS,-3.2,153.2,0.1,2,1,X,0.0,0.0,0.0,0.0,0.0,0.0,0.0,0.0,14,0.015853324409544265,21,10,11,0,0,0,0,0,0,0,0,1,0
1b5q,C,5,PRO,-1.6,112.7,0.0,0,0,X,0.0,0.0,0.0,0.0,0.0,0.0,0.0,0.0,24,0.032172923066428064,15,16,-1,0,0,0,0,0,0,0,0,1,0
1b5q,C,6,ARG,-4.5,173.4,1.0,5,0,X,0.0,0.0,0.0,0.0,0.0,0.0,0.0,0.0,23,0.03823448828184205,6,16,-10,0,0,0,0,0,0,0,0,1,0
1b5q,C,7,VAL,4.2,140.0,0.0,0,0,X,0.0,0.0,0.0,0.0,0.0,0.0,0.0,0.0,34,0.0526889899493677,20,16,4,0,0,0,0,0,0,0,0,1,0
1b5q,C,8,ILE,4.5,166.7,0.0,0,0,X,0.0,0.0,0.0,0.0,0.0,0.0,0.0,0.0,40,0.048958795970651406,19,16,3,0,0,0,0,0,0,0,0,1,0
1b5q,C,9,VAL,4.2,140.0,0.0,0,0,X,0.0,0.0,0.0,0.0,0.0,0.0,0.0,0.0,41,0.04942507021799094,8,9,-1,0,0,0,0,0,0,0,0,1,0
1b5q,C,10,VAL,4.2,140.0,0.0,0,0,X,0.0,0.0,0.0,0.0,0.0,0.0,0.0,0.0,43,0.04429605349725603,8,11,-3,0,0,0,0,0,0,0,0,1,1
1b5q,C,11,GLY,-0.4,60.1,0.0,0,0,X,0.0,0.0,0.0,0.0,0.0,0.0,0.0,0.0,44,0.04196468226055834,9,9,0,0,0,0,0,0,0,0,0,1,1
1b5q,C,12,ALA,1.8,88.6,0.0,0,0,X,0.0,0.0,0.0,0.0,0.0,0.0,0.0,0.0,43,0.04476232774459557,14,13,1,0,0,0,0,0,0,0,0,1,0
1b5q,C,13,GLY,-0.4,60.1,0.0,0,0,X,0.0,0.0,0.0,0.0,0.0,0.0,0.0,0.0,47,0.04243095650789788,17,13,4,0,0,0,0,0,0,0,0,1,1
1b5q,C,14,MET,1.9,162.9,0.0,0,0,X,0.0,0.0,0.0,0.0,0.0,0.0,0.0,0.0,42,0.045694876239274644,17,9,8,0,0,0,0,0,0,0,0,1,1
1b5q,C,15,SER,-0.8,89.0,0.0,1,1,X,0.0,0.0,0.0,0.0,0.0,0.0,0.0,0.0,47,0.048958795970651406,18,12,6,0,0,0,0,0,0,0,0,1,1
1b5q,C,16,GLY,-0.4,60.1,0.0,0,0,X,0.0,0.0,0.0,0.0,0.0,0.0,0.0,0.0,46,0.05035761871267001,11,7,4,0,0,0,0,0,0,0,0,1,0
1b5q,C,17,ILE,4.5,166.7,0.0,0,0,X,0.0,0.0,0.0,0.0,0.0,0.0,0.0,0.0,42,0.048026247475972325,13,3,10,0,0,0,0,0,0,0,0,1,0
1b5q,C,18,SER,-0.8,89.0,0.0,1,1,X,0.0,0.0,0.0,0.0,0.0,0.0,0.0,0.0,43,0.05175644145468863,21,13,8,0,0,0,0,0,0,0,0,1,0
1b5q,C,19,ALA,1.8,88.6,0.0,0,0,X,0.0,0.0,0.0,0.0,0.0,0.0,0.0,0.0,44,0.050823892960009553,19,19,0,0,0,0,0,0,0,0,0,1,0
1b5q,C,20,ALA,1.8,88.6,0.0,0,0,X,0.0,0.0,0.0,0.0,0.0,0.0,0.0,0.0,44,0.04476232774459557,28,12,16,0,0,0,0,0,0,0,0,1,0
1b5q,C,21,LYS,-3.9,168.6,1.0,2,0,X,0.0,0.0,0.0,0.0,0.0,0.0,0.0,0.0,32,0.04942507021799094,13,10,3,0,0,0,0,0,0,0,0,1,0
1b5q,C,22,ARG,-4.5,173.4,1.0,5,0,X,0.0,0.0,0.0,0.0,0.0,0.0,0.0,0.0,29,0.04709369898129325,9,24,-15,0,0,0,0,0,0,0,0,1,0
1b5q,C,23,LEU,3.8,166.7,0.0,0,0,X,0.0,0.0,0.0,0.0,0.0,0.0,0.0,0.0,39,0.048958795970651406,24,25,-1,0,0,0,0,0,0,0,0,1,0
1b5q,C,24,SER,-0.8,89.0,0.0,1,1,X,0.0,0.0,0.0,0.0,0.0,0.0,0.0,0.0,27,0.04149840801321881,25,15,10,0,0,0,0,0,0,0,0,1,0
1b5q,C,25,GLU,-3.5,138.4,-1.0,1,3,X,0.0,0.0,0.0,0.0,0.0,0.0,0.0,0.0,21,0.030307826077069916,20,4,16,0,0,0,0,0,0,0,0,1,0
1b5q,C,26,ALA,1.8,88.6,0.0,0,0,X,0.0,0.0,0.0,0.0,0.0,0.0,0.0,0.0,21,0.029375277582390842,19,18,1,0,0,0,0,0,0,0,0,1,0
1b5q,C,27,GLY,-0.4,60.1,0.0,0,0,X,0.0,0.0,0.0,0.0,0.0,0.0,0.0,0.0,18,0.023779986614316396,15,13,2,0,0,0,0,0,0,0,0,1,0
1b5q,C,28,ILE,4.5,166.7,0.0,0,0,X,0.0,0.0,0.0,0.0,0.0,0.0,0.0,0.0,28,0.03590311704514436,23,15,8,0,0,0,0,0,0,0,0,1,0
1b5q,C,29,THR,-0.7,116.1,0.0,1,1,X,0.0,0.0,0.0,0.0,0.0,0.0,0.0,0.0,20,0.032639197313767604,25,16,9,0,0,0,0,0,0,0,0,1,0
1b5q,C,30,ASP,-3.5,111.1,-1.0,1,3,X,0.0,0.0,0.0,0.0,0.0,0.0,0.0,0.0,20,0.03170664881908853,22,7,15,0,0,0,0,0,0,0,0,1,0
1b5q,C,31,LEU,3.8,166.7,0.0,0,0,X,0.0,0.0,0.0,0.0,0.0,0.0,0.0,0.0,34,0.04476232774459557,28,15,13,0,0,0,0,0,0,0,0,1,0
1b5q,C,32,LEU,3.8,166.7,0.0,0,0,X,0.0,0.0,0.0,0.0,0.0,0.0,0.0,0.0,33,0.04755997322863279,26,15,11,0,0,0,0,0,0,0,0,1,0
1b5q,C,33,ILE,4.5,166.7,0.0,0,0,X,0.0,0.0,0.0,0.0,0.0,0.0,0.0,0.0,41,0.04662742473395372,22,18,4,0,0,0,0,0,0,0,0,1,0
1b5q,C,34,LEU,3.8,166.7,0.0,0,0,X,0.0,0.0,0.0,0.0,0.0,0.0,0.0,0.0,38,0.05455408693872585,20,14,6,0,0,0,0,0,0,0,0,1,1
1b5q,C,35,GLU,-3.5,138.4,-1.0,1,3,X,0.0,0.0,0.0,0.0,0.0,0.0,0.0,0.0,30,0.048958795970651406,19,7,12,0,0,0,0,0,0,0,0,1,1
1b5q,C,36,ALA,1.8,88.6,0.0,0,0,X,0.0,0.0,0.0,0.0,0.0,0.0,0.0,0.0,32,0.04149840801321881,31,29,2,0,0,0,0,0,0,0,0,1,1
1b5q,C,37,THR,-0.7,116.1,0.0,1,1,X,0.0,0.0,0.0,0.0,0.0,0.0,0.0,0.0,25,0.035436842797804825,26,20,6,0,0,0,0,0,0,0,0,1,1
1b5q,C,38,ASP,-3.5,111.1,-1.0,1,3,X,0.0,0.0,0.0,0.0,0.0,0.0,0.0,0.0,17,0.02844272908771177,17,9,8,0,0,0,0,0,0,0,0,1,0
1b5q,C,39,HIS,-3.2,153.2,0.1,2,1,X,0.0,0.0,0.0,0.0,0.0,0.0,0.0,0.0,26,0.0363693912924839,18,24,-6,0,0,0,0,0,0,0,0,1,0
1b5q,C,40,ILE,4.5,166.7,0.0,0,0,X,0.0,0.0,0.0,0.0,0.0,0.0,0.0,0.0,37,0.043363505002576956,21,25,-4,0,0,0,0,0,0,0,0,1,0
1b5q,C,41,GLY,-0.4,60.1,0.0,0,0,X,0.0,0.0,0.0,0.0,0.0,0.0,0.0,0.0,37,0.050823892960009553,33,20,13,0,0,0,0,0,0,0,0,1,0
1b5q,C,42,GLY,-0.4,60.1,0.0,0,0,X,0.0,0.0,0.0,0.0,0.0,0.0,0.0,0.0,36,0.040565859518539735,35,22,13,0,0,0,0,0,0,0,0,1,1
1b5q,C,43,ARG,-4.5,173.4,1.0,5,0,X,0.0,0.0,0.0,0.0,0.0,0.0,0.0,0.0,41,0.03683566553982344,16,12,4,0,0,0,0,0,0,0,0,1,1
1b5q,C,44,MET,1.9,162.9,0.0,0,0,X,0.0,0.0,0.0,0.0,0.0,0.0,0.0,0.0,37,0.04755997322863279,36,18,18,0,0,0,0,0,0,0,0,1,1
1b5q,C,45,HIS,-3.2,153.2,0.1,2,1,X,0.0,0.0,0.0,0.0,0.0,0.0,0.0,0.0,29,0.048026247475972325,27,22,5,0,0,0,0,0,0,0,0,1,0
1b5q,C,46,LYS,-3.9,168.6,1.0,2,0,X,0.0,0.0,0.0,0.0,0.0,0.0,0.0,0.0,29,0.04243095650789788,24,24,0,0,0,0,0,0,0,0,0,1,0
1b5q,C,47,THR,-0.7,116.1,0.0,1,1,X,0.0,0.0,0.0,0.0,0.0,0.0,0.0,0.0,22,0.035436842797804825,19,14,5,0,0,0,0,0,0,0,0,1,0
1b5q,C,48,ASN,-3.5,114.1,0.0,2,2,X,0.0,0.0,0.0,0.0,0.0,0.0,0.0,0.0,14,0.030774100324409453,9,5,4,0,0,0,0,0,0,0,0,1,0
1b5q,C,49,PHE,2.8,189.9,0.0,0,0,X,0.0,0.0,0.0,0.0,0.0,0.0,0.0,0.0,29,0.0363693912924839,11,12,-1,0,0,0,0,0,0,0,0,1,0
1b5q,C,50,ALA,1.8,88.6,0.0,0,0,X,0.0,0.0,0.0,0.0,0.0,0.0,0.0,0.0,22,0.029375277582390842,9,10,-1,0,0,0,0,0,0,0,0,1,0
1b5q,C,51,GLY,-0.4,60.1,0.0,0,0,X,0.0,0.0,0.0,0.0,0.0,0.0,0.0,0.0,14,0.021914889624958248,5,5,0,0,0,0,0,0,0,0,0,1,0
1b5q,C,52,ILE,4.5,166.7,0.0,0,0,X,0.0,0.0,0.0,0.0,0.0,0.0,0.0,0.0,26,0.03124037457174899,13,11,2,0,0,0,0,0,0,0,0,1,0
1b5q,C,53,ASN,-3.5,114.1,0.0,2,2,X,0.0,0.0,0.0,0.0,0.0,0.0,0.0,0.0,24,0.043363505002576956,18,20,-2,0,0,0,0,0,0,0,0,1,0
1b5q,C,54,VAL,4.2,140.0,0.0,0,0,X,0.0,0.0,0.0,0.0,0.0,0.0,0.0,0.0,36,0.048492521723311866,27,15,12,0,0,0,0,0,0,0,0,1,0
1b5q,C,55,GLU,-3.5,138.4,-1.0,1,3,X,0.0,0.0,0.0,0.0,0.0,0.0,0.0,0.0,34,0.04755997322863279,34,13,21,0,0,0,0,0,0,0,0,1,0
1b5q,C,56,LEU,3.8,166.7,0.0,0,0,X,0.0,0.0,0.0,0.0,0.0,0.0,0.0,0.0,31,0.04616115048661418,39,12,27,0,0,0,0,0,0,0,0,1,1
1b5q,C,57,GLY,-0.4,60.1,0.0,0,0,X,0.0,0.0,0.0,0.0,0.0,0.0,0.0,0.0,34,0.04289723075523742,34,15,19,0,0,0,0,0,0,0,0,1,1
1b5q,C,58,ALA,1.8,88.6,0.0,0,0,X,0.0,0.0,0.0,0.0,0.0,0.0,0.0,0.0,34,0.04289723075523742,26,22,4,0,0,0,0,0,0,0,0,1,1
1b5q,C,59,ASN,-3.5,114.1,0.0,2,2,X,0.0,0.0,0.0,0.0,0.0,0.0,0.0,0.0,41,0.04429605349725603,17,23,-6,0,0,0,0,0,0,0,0,1,1
1b5q,C,60,TRP,-0.9,227.8,0.0,1,0,X,0.0,0.0,0.0,0.0,0.0,0.0,0.0,0.0,37,0.04429605349725603,9,27,-18,0,0,0,0,0,0,0,0,1,1
1b5q,C,61,VAL,4.2,140.0,0.0,0,0,X,0.0,0.0,0.0,0.0,0.0,0.0,0.0,0.0,40,0.05455408693872585,15,17,-2,0,0,0,0,0,0,0,0,1,0
1b5q,C,62,GLU,-3.5,138.4,-1.0,1,3,X,0.0,0.0,0.0,0.0,0.0,0.0,0.0,0.0,34,0.053155264196707235,9,19,-10,0,0,0,0,0,0,0,0,1,1
1b5q,C,63,GLY,-0.4,60.1,0.0,0,0,X,0.0,0.0,0.0,0.0,0.0,0.0,0.0,0.0,32,0.05455408693872585,14,33,-19,0,0,0,0,0,0,0,0,1,0
1b5q,C,64,VAL,4.2,140.0,0.0,0,0,X,0.0,0.0,0.0,0.0,0.0,0.0,0.0,0.0,30,0.0526889899493677,18,28,-10,0,0,0,0,0,0,0,0,1,0
1b5q,C,65,ASN,-3.5,114.1,0.0,2,2,X,0.0,0.0,0.0,0.0,0.0,0.0,0.0,0.0,21,0.030307826077069916,10,20,-10,0,0,0,0,0,0,0,0,1,0
1b5q,C,66,GLY,-0.4,60.1,0.0,0,0,X,0.0,0.0,0.0,0.0,0.0,0.0,0.0,0.0,19,0.03403802005578621,9,25,-16,0,0,0,0,0,0,0,0,1,0
1b5q,C,67,GLY,-0.4,60.1,0.0,0,0,X,0.0,0.0,0.0,0.0,0.0,0.0,0.0,0.0,16,0.020049792635600097,9,9,0,0,0,0,0,0,0,0,0,1,0
1b5q,C,68,LYS,-3.9,168.6,1.0,2,0,X,0.0,0.0,0.0,0.0,0.0,0.0,0.0,0.0,17,0.027510180593032695,0,8,-8,0,0,0,0,0,0,0,0,1,0
1b5q,C,69,MET,1.9,162.9,0.0,0,0,X,0.0,0.0,0.0,0.0,0.0,0.0,0.0,0.0,21,0.034970568550465285,11,5,6,0,0,0,0,0,0,0,0,1,0
1b5q,C,70,ASN,-3.5,114.1,0.0,2,2,X,0.0,0.0,0.0,0.0,0.0,0.0,0.0,0.0,33,0.04662742473395372,17,15,2,0,0,0,0,0,0,0,0,1,0
1b5q,C,71,PRO,-1.6,112.7,0.0,0,0,X,0.0,0.0,0.0,0.0,0.0,0.0,0.0,0.0,26,0.0363693912924839,15,3,12,0,0,0,0,0,0,0,0,1,0
1b5q,C,72,ILE,4.5,166.7,0.0,0,0,X,0.0,0.0,0.0,0.0,0.0,0.0,0.0,0.0,35,0.045228601991935104,10,5,5,0,0,0,0,0,0,0,0,1,0
1b5q,C,73,TRP,-0.9,227.8,0.0,1,0,X,0.0,0.0,0.0,0.0,0.0,0.0,0.0,0.0,32,0.045228601991935104,5,8,-3,0,0,0,0,0,0,0,0,1,0
1b5q,C,74,PRO,-1.6,112.7,0.0,0,0,X,0.0,0.0,0.0,0.0,0.0,0.0,0.0,0.0,21,0.0363693912924839,4,0,4,0,0,0,0,0,0,0,0,1,0
1b5q,C,75,ILE,4.5,166.7,0.0,0,0,X,0.0,0.0,0.0,0.0,0.0,0.0,0.0,0.0,30,0.04196468226055834,7,2,5,0,0,0,0,0,0,0,0,1,0
1b5q,C,76,VAL,4.2,140.0,0.0,0,0,X,0.0,0.0,0.0,0.0,0.0,0.0,0.0,0.0,37,0.05129016720734909,17,9,8,0,0,0,0,0,0,0,0,1,0
1b5q,C,77,ASN,-3.5,114.1,0.0,2,2,X,0.0,0.0,0.0,0.0,0.0,0.0,0.0,0.0,24,0.040565859518539735,15,1,14,0,0,0,0,0,0,0,0,1,0
1b5q,C,78,SER,-0.8,89.0,0.0,1,1,X,0.0,0.0,0.0,0.0,0.0,0.0,0.0,0.0,15,0.032172923066428064,11,0,11,0,0,0,0,0,0,0,0,1,0
1b5q,C,79,THR,-0.7,116.1,0.0,1,1,X,0.0,0.0,0.0,0.0,0.0,0.0,0.0,0.0,17,0.030307826077069916,13,0,13,0,0,0,0,0,0,0,0,1,0
1b5q,C,80,LEU,3.8,166.7,0.0,0,0,X,0.0,0.0,0.0,0.0,0.0,0.0,0.0,0.0,24,0.03683566553982344,24,7,17,0,0,0,0,0,0,0,0,1,0
1b5q,C,81,LYS,-3.9,168.6,1.0,2,0,X,0.0,0.0,0.0,0.0,0.0,0.0,0.0,0.0,13,0.03590311704514436,12,4,8,0,0,0,0,0,0,0,0,1,0
1b5q,C,82,LEU,3.8,166.7,0.0,0,0,X,0.0,0.0,0.0,0.0,0.0,0.0,0.0,0.0,28,0.043363505002576956,29,14,15,0,0,0,0,0,0,0,0,1,0
1b5q,C,83,ARG,-4.5,173.4,1.0,5,0,X,0.0,0.0,0.0,0.0,0.0,0.0,0.0,0.0,22,0.03450429430312575,19,8,11,0,0,0,0,0,0,0,0,1,0
1b5q,C,84,ASN,-3.5,114.1,0.0,2,2,X,0.0,0.0,0.0,0.0,0.0,0.0,0.0,0.0,25,0.043829779249916496,29,7,22,0,0,0,0,0,0,0,0,1,0
1b5q,C,85,PHE,2.8,189.9,0.0,0,0,X,0.0,0.0,0.0,0.0,0.0,0.0,0.0,0.0,26,0.04149840801321881,28,15,13,0,0,0,0,0,0,0,0,1,0
1b5q,C,86,ARG,-4.5,173.4,1.0,5,0,X,0.0,0.0,0.0,0.0,0.0,0.0,0.0,0.0,21,0.03823448828184205,3,29,-26,0,0,0,0,0,0,0,0,1,0
1b5q,C,87,SER,-0.8,89.0,0.0,1,1,X,0.0,0.0,0.0,0.0,0.0,0.0,0.0,0.0,26,0.04662742473395372,16,38,-22,0,0,0,0,0,0,0,0,1,0
1b5q,C,88,ASP,-3.5,111.1,-1.0,1,3,X,0.0,0.0,0.0,0.0,0.0,0.0,0.0,0.0,21,0.034970568550465285,25,24,1,0,0,0,0,0,0,0,0,1,0
1b5q,C,89,PHE,2.8,189.9,0.0,0,0,X,0.0,0.0,0.0,0.0,0.0,0.0,0.0,0.0,26,0.03450429430312575,14,31,-17,0,0,0,0,0,0,0,0,1,0
1b5q,C,90,ASP,-3.5,111.1,-1.0,1,3,X,0.0,0.0,0.0,0.0,0.0,0.0,0.0,0.0,20,0.026577632098353617,11,12,-1,0,0,0,0,0,0,0,0,1,0
1b5q,C,91,TYR,-1.3,193.6,0.0,1,1,X,0.0,0.0,0.0,0.0,0.0,0.0,0.0,0.0,19,0.03823448828184205,23,26,-3,0,0,0,0,0,0,0,0,1,0
1b5q,C,92,LEU,3.8,166.7,0.0,0,0,X,0.0,0.0,0.0,0.0,0.0,0.0,0.0,0.0,32,0.045694876239274644,9,28,-19,0,0,0,0,0,0,0,0,1,0
1b5q,C,93,ALA,1.8,88.6,0.0,0,0,X,0.0,0.0,0.0,0.0,0.0,0.0,0.0,0.0,27,0.04429605349725603,11,34,-23,0,0,0,0,0,0,0,0,1,0
1b5q,C,94,GLN,-3.5,143.8,0.0,2,2,X,0.0,0.0,0.0,0.0,0.0,0.0,0.0,0.0,26,0.040099585271200194,19,27,-8,0,0,0,0,0,0,0,0,1,0
1b5q,C,95,ASN,-3.5,114.1,0.0,2,2,X,0.0,0.0,0.0,0.0,0.0,0.0,0.0,0.0,34,0.04989134446533048,14,24,-10,0,0,0,0,0,0,0,0,1,0
1b5q,C,96,VAL,4.2,140.0,0.0,0,0,X,0.0,0.0,0.0,0.0,0.0,0.0,0.0,0.0,37,0.053155264196707235,12,16,-4,0,0,0,0,0,0,0,0,1,0
1b5q,C,97,TYR,-1.3,193.6,0.0,1,1,X,0.0,0.0,0.0,0.0,0.0,0.0,0.0,0.0,33,0.053155264196707235,20,10,10,0,0,0,0,0,0,0,0,1,0
1b5q,C,98,LYS,-3.9,168.6,1.0,2,0,X,0.0,0.0,0.0,0.0,0.0,0.0,0.0,0.0,24,0.04709369898129325,6,22,-16,0,0,0,0,0,0,0,0,1,0
1b5q,C,99,GLU,-3.5,138.4,-1.0,1,3,X,0.0,0.0,0.0,0.0,0.0,0.0,0.0,0.0,26,0.040565859518539735,27,8,19,0,0,0,0,0,0,0,0,1,0
1b5q,C,100,ASP,-3.5,111.1,-1.0,1,3,X,0.0,0.0,0.0,0.0,0.0,0.0,0.0,0.0,19,0.030774100324409453,23,9,14,0,0,0,0,0,0,0,0,1,0
1b5q,C,101,GLY,-0.4,60.1,0.0,0,0,X,0.0,0.0,0.0,0.0,0.0,0.0,0.0,0.0,20,0.03870076252918159,23,16,7,0,0,0,0,0,0,0,0,1,0
1b5q,C,102,GLY,-0.4,60.1,0.0,0,0,X,0.0,0.0,0.0,0.0,0.0,0.0,0.0,0.0,25,0.03357174580844668,17,16,1,0,0,0,0,0,0,0,0,1,0
1b5q,C,103,VAL,4.2,140.0,0.0,0,0,X,0.0,0.0,0.0,0.0,0.0,0.0,0.0,0.0,28,0.035436842797804825,15,19,-4,0,0,0,0,0,0,0,0,1,0
1b5q,C,104,TYR,-1.3,193.6,0.0,1,1,X,0.0,0.0,0.0,0.0,0.0,0.0,0.0,0.0,29,0.03963331102386066,12,26,-14,0,0,0,0,0,0,0,0,1,0
1b5q,C,105,ASP,-3.5,111.1,-1.0,1,3,X,0.0,0.0,0.0,0.0,0.0,0.0,0.0,0.0,17,0.03124037457174899,13,17,-4,0,0,0,0,0,0,0,0,1,0
1b5q,C,106,GLU,-3.5,138.4,-1.0,1,3,X,0.0,0.0,0.0,0.0,0.0,0.0,0.0,0.0,19,0.03776821403450251,10,20,-10,0,0,0,0,0,0,0,0,1,0
1b5q,C,107,ASP,-3.5,111.1,-1.0,1,3,X,0.0,0.0,0.0,0.0,0.0,0.0,0.0,0.0,12,0.02984155182973038,14,21,-7,0,0,0,0,0,0,0,0,1,0
1b5q,C,108,TYR,-1.3,193.6,0.0,1,1,X,0.0,0.0,0.0,0.0,0.0,0.0,0.0,0.0,20,0.034970568550465285,24,29,-5,0,0,0,0,0,0,0,0,1,0
1b5q,C,109,VAL,4.2,140.0,0.0,0,0,X,0.0,0.0,0.0,0.0,0.0,0.0,0.0,0.0,29,0.05035761871267001,20,42,-22,0,0,0,0,0,0,0,0,1,0
1b5q,C,110,GLN,-3.5,143.8,0.0,2,2,X,0.0,0.0,0.0,0.0,0.0,0.0,0.0,0.0,22,0.03870076252918159,17,42,-25,0,0,0,0,0,0,0,0,1,0
1b5q,C,111,LYS,-3.9,168.6,1.0,2,0,X,0.0,0.0,0.0,0.0,0.0,0.0,0.0,0.0,15,0.03730193978716297,11,33,-22,0,0,0,0,0,0,0,0,1,0
1b5q,C,112,ARG,-4.5,173.4,1.0,5,0,X,0.0,0.0,0.0,0.0,0.0,0.0,0.0,0.0,28,0.04476232774459557,10,32,-22,0,0,0,0,0,0,0,0,1,0
1b5q,C,113,ILE,4.5,166.7,0.0,0,0,X,0.0,0.0,0.0,0.0,0.0,0.0,0.0,0.0,31,0.04149840801321881,26,39,-13,0,0,0,0,0,0,0,0,1,0
1b5q,C,114,GLU,-3.5,138.4,-1.0,1,3,X,0.0,0.0,0.0,0.0,0.0,0.0,0.0,0.0,17,0.03170664881908853,21,16,5,0,0,0,0,0,0,0,0,1,0
1b5q,C,115,LEU,3.8,166.7,0.0,0,0,X,0.0,0.0,0.0,0.0,0.0,0.0,0.0,0.0,22,0.03450429430312575,22,40,-18,0,0,0,0,0,0,0,0,1,0
1b5q,C,116,ALA,1.8,88.6,0.0,0,0,X,0.0,0.0,0.0,0.0,0.0,0.0,0.0,0.0,28,0.045694876239274644,25,56,-31,0,0,0,0,0,0,0,0,1,0
1b5q,C,117,ASP,-3.5,111.1,-1.0,1,3,X,0.0,0.0,0.0,0.0,0.0,0.0,0.0,0.0,23,0.034970568550465285,18,35,-17,0,0,0,0,0,0,0,0,1,0
1b5q,C,118,SER,-0.8,89.0,0.0,1,1,X,0.0,0.0,0.0,0.0,0.0,0.0,0.0,0.0,21,0.032172923066428064,12,46,-34,0,0,0,0,0,0,0,0,1,0
1b5q,C,119,VAL,4.2,140.0,0.0,0,0,X,0.0,0.0,0.0,0.0,0.0,0.0,0.0,0.0,31,0.043829779249916496,14,49,-35,0,0,0,0,0,0,0,0,1,0
1b5q,C,120,GLU,-3.5,138.4,-1.0,1,3,X,0.0,0.0,0.0,0.0,0.0,0.0,0.0,0.0,29,0.04476232774459557,13,31,-18,0,0,0,0,0,0,0,0,1,0
1b5q,C,121,GLU,-3.5,138.4,-1.0,1,3,X,0.0,0.0,0.0,0.0,0.0,0.0,0.0,0.0,19,0.03403802005578621,11,29,-18,0,0,0,0,0,0,0,0,1,0
1b5q,C,122,MET,1.9,162.9,0.0,0,0,X,0.0,0.0,0.0,0.0,0.0,0.0,0.0,0.0,20,0.03683566553982344,9,39,-30,0,0,0,0,0,0,0,0,1,0
1b5q,C,123,GLY,-0.4,60.1,0.0,0,0,X,0.0,0.0,0.0,0.0,0.0,0.0,0.0,0.0,30,0.048026247475972325,9,29,-20,0,0,0,0,0,0,0,0,1,0
1b5q,C,124,GLU,-3.5,138.4,-1.0,1,3,X,0.0,0.0,0.0,0.0,0.0,0.0,0.0,0.0,24,0.040099585271200194,9,21,-12,0,0,0,0,0,0,0,0,1,0
1b5q,C,125,LYS,-3.9,168.6,1.0,2,0,X,0.0,0.0,0.0,0.0,0.0,0.0,0.0,0.0,17,0.02984155182973038,0,21,-21,0,0,0,0,0,0,0,0,1,0
1b5q,C,126,LEU,3.8,166.7,0.0,0,0,X,0.0,0.0,0.0,0.0,0.0,0.0,0.0,0.0,25,0.032639197313767604,10,24,-14,0,0,0,0,0,0,0,0,1,0
1b5q,C,127,SER,-0.8,89.0,0.0,1,1,X,0.0,0.0,0.0,0.0,0.0,0.0,0.0,0.0,27,0.040565859518539735,11,27,-16,0,0,0,0,0,0,0,0,1,0
1b5q,C,128,ALA,1.8,88.6,0.0,0,0,X,0.0,0.0,0.0,0.0,0.0,0.0,0.0,0.0,17,0.027043906345693154,13,10,3,0,0,0,0,0,0,0,0,1,0
1b5q,C,129,THR,-0.7,116.1,0.0,1,1,X,0.0,0.0,0.0,0.0,0.0,0.0,0.0,0.0,16,0.022381163872297785,14,13,1,0,0,0,0,0,0,0,0,1,0
1b5q,C,130,LEU,3.8,166.7,0.0,0,0,X,0.0,0.0,0.0,0.0,0.0,0.0,0.0,0.0,21,0.03590311704514436,20,19,1,0,0,0,0,0,0,0,0,1,0
1b5q,C,131,HIS,-3.2,153.2,0.1,2,1,X,0.0,0.0,0.0,0.0,0.0,0.0,0.0,0.0,14,0.028909003335051305,12,12,0,0,0,0,0,0,0,0,0,1,0
1b5q,C,132,ALA,1.8,88.6,0.0,0,0,X,0.0,0.0,0.0,0.0,0.0,0.0,0.0,0.0,17,0.022381163872297785,30,14,16,0,0,0,0,0,0,0,0,1,0
1b5q,C,133,SER,-0.8,89.0,0.0,1,1,X,0.0,0.0,0.0,0.0,0.0,0.0,0.0,0.0,17,0.027510180593032695,28,17,11,0,0,0,0,0,0,0,0,1,0
1b5q,C,134,GLY,-0.4,60.1,0.0,0,0,X,0.0,0.0,0.0,0.0,0.0,0.0,0.0,0.0,23,0.040099585271200194,27,18,9,0,0,0,0,0,0,0,0,1,0
1b5q,C,135,ARG,-4.5,173.4,1.0,5,0,X,0.0,0.0,0.0,0.0,0.0,0.0,0.0,0.0,10,0.02844272908771177,10,14,-4,0,0,0,0,0,0,0,0,1,0
1b5q,C,136,ASP,-3.5,111.1,-1.0,1,3,X,0.0,0.0,0.0,0.0,0.0,0.0,0.0,0.0,17,0.02984155182973038,21,8,13,0,0,0,0,0,0,0,0,1,0
1b5q,C,137,ASP,-3.5,111.1,-1.0,1,3,X,0.0,0.0,0.0,0.0,0.0,0.0,0.0,0.0,30,0.03823448828184205,13,8,5,0,0,0,0,0,0,0,0,1,0
1b5q,C,138,MET,1.9,162.9,0.0,0,0,X,0.0,0.0,0.0,0.0,0.0,0.0,0.0,0.0,30,0.03776821403450251,13,16,-3,0,0,0,0,0,0,0,0,1,0
1b5q,C,139,SER,-0.8,89.0,0.0,1,1,X,0.0,0.0,0.0,0.0,0.0,0.0,0.0,0.0,28,0.04709369898129325,17,10,7,0,0,0,0,0,0,0,0,1,0
1b5q,C,140,ILE,4.5,166.7,0.0,0,0,X,0.0,0.0,0.0,0.0,0.0,0.0,0.0,0.0,42,0.04989134446533048,19,24,-5,0,0,0,0,0,0,0,0,1,0
1b5q,C,141,LEU,3.8,166.7,0.0,0,0,X,0.0,0.0,0.0,0.0,0.0,0.0,0.0,0.0,27,0.04616115048661418,25,10,15,0,0,0,0,0,0,0,0,1,0
1b5q,C,142,ALA,1.8,88.6,0.0,0,0,X,0.0,0.0,0.0,0.0,0.0,0.0,0.0,0.0,28,0.03823448828184205,19,12,7,0,0,0,0,0,0,0,0,1,0
1b5q,C,143,MET,1.9,162.9,0.0,0,0,X,0.0,0.0,0.0,0.0,0.0,0.0,0.0,0.0,38,0.04429605349725603,18,28,-10,0,0,0,0,0,0,0,0,1,0
1b5q,C,144,GLN,-3.5,143.8,0.0,2,2,X,0.0,0.0,0.0,0.0,0.0,0.0,0.0,0.0,38,0.04755997322863279,21,28,-7,0,0,0,0,0,0,0,0,1,0
1b5q,C,145,ARG,-4.5,173.4,1.0,5,0,X,0.0,0.0,0.0,0.0,0.0,0.0,0.0,0.0,19,0.048958795970651406,12,9,3,0,0,0,0,0,0,0,0,1,0
1b5q,C,146,LEU,3.8,166.7,0.0,0,0,X,0.0,0.0,0.0,0.0,0.0,0.0,0.0,0.0,19,0.03403802005578621,21,9,12,0,0,0,0,0,0,0,0,1,0
1b5q,C,147,ASN,-3.5,114.1,0.0,2,2,X,0.0,0.0,0.0,0.0,0.0,0.0,0.0,0.0,27,0.03730193978716297,19,22,-3,0,0,0,0,0,0,0,0,1,0
1b5q,C,148,GLU,-3.5,138.4,-1.0,1,3,X,0.0,0.0,0.0,0.0,0.0,0.0,0.0,0.0,24,0.032172923066428064,21,7,14,0,0,0,0,0,0,0,0,1,0
1b5q,C,149,HIS,-3.2,153.2,0.1,2,1,X,0.0,0.0,0.0,0.0,0.0,0.0,0.0,0.0,12,0.027510180593032695,8,9,-1,0,0,0,0,0,0,0,0,1,0
1b5q,C,150,GLN,-3.5,143.8,0.0,2,2,X,0.0,0.0,0.0,0.0,0.0,0.0,0.0,0.0,18,0.029375277582390842,21,10,11,0,0,0,0,0,0,0,0,1,0
1b5q,C,151,PRO,-1.6,112.7,0.0,0,0,X,0.0,0.0,0.0,0.0,0.0,0.0,0.0,0.0,12,0.02144861537761871,18,9,9,0,0,0,0,0,0,0,0,1,0
1b5q,C,152,ASN,-3.5,114.1,0.0,2,2,X,0.0,0.0,0.0,0.0,0.0,0.0,0.0,0.0,16,0.030307826077069916,16,13,3,0,0,0,0,0,0,0,0,1,0
1b5q,C,153,GLY,-0.4,60.1,0.0,0,0,X,0.0,0.0,0.0,0.0,0.0,0.0,0.0,0.0,24,0.03870076252918159,29,24,5,0,0,0,0,0,0,0,0,1,0
1b5q,C,154,PRO,-1.6,112.7,0.0,0,0,X,0.0,0.0,0.0,0.0,0.0,0.0,0.0,0.0,29,0.035436842797804825,22,24,-2,0,0,0,0,0,0,0,0,1,0
1b5q,C,155,ALA,1.8,88.6,0.0,0,0,X,0.0,0.0,0.0,0.0,0.0,0.0,0.0,0.0,21,0.028909003335051305,14,17,-3,0,0,0,0,0,0,0,0,1,0
1b5q,C,156,THR,-0.7,116.1,0.0,1,1,X,0.0,0.0,0.0,0.0,0.0,0.0,0.0,0.0,19,0.027043906345693154,15,13,2,0,0,0,0,0,0,0,0,1,0
1b5q,C,157,PRO,-1.6,112.7,0.0,0,0,X,0.0,0.0,0.0,0.0,0.0,0.0,0.0,0.0,24,0.04149840801321881,24,19,5,0,0,0,0,0,0,0,0,1,0
1b5q,C,158,VAL,4.2,140.0,0.0,0,0,X,0.0,0.0,0.0,0.0,0.0,0.0,0.0,0.0,32,0.04616115048661418,21,16,5,0,0,0,0,0,0,0,0,1,0
1b5q,C,159,ASP,-3.5,111.1,-1.0,1,3,X,0.0,0.0,0.0,0.0,0.0,0.0,0.0,0.0,31,0.04243095650789788,20,14,6,0,0,0,0,0,0,0,0,1,0
1b5q,C,160,MET,1.9,162.9,0.0,0,0,X,0.0,0.0,0.0,0.0,0.0,0.0,0.0,0.0,29,0.045694876239274644,18,20,-2,0,0,0,0,0,0,0,0,1,0
1b5q,C,161,VAL,4.2,140.0,0.0,0,0,X,0.0,0.0,0.0,0.0,0.0,0.0,0.0,0.0,39,0.0526889899493677,24,22,2,0,0,0,0,0,0,0,0,1,0
1b5q,C,162,VAL,4.2,140.0,0.0,0,0,X,0.0,0.0,0.0,0.0,0.0,0.0,0.0,0.0,36,0.04662742473395372,27,30,-3,0,0,0,0,0,0,0,0,1,0
1b5q,C,163,ASP,-3.5,111.1,-1.0,1,3,X,0.0,0.0,0.0,0.0,0.0,0.0,0.0,0.0,37,0.048492521723311866,21,28,-7,0,0,0,0,0,0,0,0,1,0
1b5q,C,164,TYR,-1.3,193.6,0.0,1,1,X,0.0,0.0,0.0,0.0,0.0,0.0,0.0,0.0,36,0.05222271570202816,20,35,-15,0,0,0,0,0,0,0,0,1,0
1b5q,C,165,TYR,-1.3,193.6,0.0,1,1,X,0.0,0.0,0.0,0.0,0.0,0.0,0.0,0.0,31,0.04662742473395372,10,29,-19,0,0,0,0,0,0,0,0,1,0
1b5q,C,166,LYS,-3.9,168.6,1.0,2,0,X,0.0,0.0,0.0,0.0,0.0,0.0,0.0,0.0,36,0.040099585271200194,4,46,-42,0,0,0,0,0,0,0,0,1,0
1b5q,C,167,PHE,2.8,189.9,0.0,0,0,X,0.0,0.0,0.0,0.0,0.0,0.0,0.0,0.0,36,0.05222271570202816,15,43,-28,0,0,0,0,0,0,0,0,1,0
1b5q,C,168,ASP,-3.5,111.1,-1.0,1,3,X,0.0,0.0,0.0,0.0,0.0,0.0,0.0,0.0,34,0.048958795970651406,18,33,-15,0,0,0,0,0,0,0,0,1,0
1b5q,C,169,TYR,-1.3,193.6,0.0,1,1,X,0.0,0.0,0.0,0.0,0.0,0.0,0.0,0.0,34,0.05035761871267001,9,25,-16,0,0,0,0,0,0,0,0,1,1
1b5q,C,170,GLU,-3.5,138.4,-1.0,1,3,X,0.0,0.0,0.0,0.0,0.0,0.0,0.0,0.0,31,0.03916703677652112,6,20,-14,0,0,0,0,0,0,0,0,1,1
1b5q,C,171,PHE,2.8,189.9,0.0,0,0,X,0.0,0.0,0.0,0.0,0.0,0.0,0.0,0.0,36,0.04616115048661418,6,34,-28,0,0,0,0,0,0,0,0,1,1
1b5q,C,172,ALA,1.8,88.6,0.0,0,0,X,0.0,0.0,0.0,0.0,0.0,0.0,0.0,0.0,35,0.053621538444046775,9,44,-35,0,0,0,0,0,0,0,0,1,0
1b5q,C,173,GLU,-3.5,138.4,-1.0,1,3,X,0.0,0.0,0.0,0.0,0.0,0.0,0.0,0.0,34,0.048958795970651406,15,34,-19,0,0,0,0,0,0,0,0,1,0
1b5q,C,174,PRO,-1.6,112.7,0.0,0,0,X,0.0,0.0,0.0,0.0,0.0,0.0,0.0,0.0,31,0.048492521723311866,21,43,-22,0,0,0,0,0,0,0,0,1,0
1b5q,C,175,PRO,-1.6,112.7,0.0,0,0,X,0.0,0.0,0.0,0.0,0.0,0.0,0.0,0.0,34,0.04942507021799094,24,25,-1,0,0,0,0,0,0,0,0,1,0
1b5q,C,176,ARG,-4.5,173.4,1.0,5,0,X,0.0,0.0,0.0,0.0,0.0,0.0,0.0,0.0,21,0.0363693912924839,12,17,-5,0,0,0,0,0,0,0,0,1,0
1b5q,C,177,VAL,4.2,140.0,0.0,0,0,X,0.0,0.0,0.0,0.0,0.0,0.0,0.0,0.0,30,0.040565859518539735,12,24,-12,0,0,0,0,0,0,0,0,1,0
1b5q,C,178,THR,-0.7,116.1,0.0,1,1,X,0.0,0.0,0.0,0.0,0.0,0.0,0.0,0.0,35,0.053621538444046775,7,27,-20,0,0,0,0,0,0,0,0,1,0
1b5q,C,179,SER,-0.8,89.0,0.0,1,1,X,0.0,0.0,0.0,0.0,0.0,0.0,0.0,0.0,37,0.05688545817542354,5,13,-8,0,0,0,0,0,0,0,0,1,0
1b5q,C,180,LEU,3.8,166.7,0.0,0,0,X,0.0,0.0,0.0,0.0,0.0,0.0,0.0,0.0,40,0.04989134446533048,6,27,-21,0,0,0,0,0,0,0,0,1,0
1b5q,C,181,GLN,-3.5,143.8,0.0,2,2,X,0.0,0.0,0.0,0.0,0.0,0.0,0.0,0.0,32,0.045694876239274644,21,20,1,0,0,0,0,0,0,0,0,1,0
1b5q,C,182,ASN,-3.5,114.1,0.0,2,2,X,0.0,0.0,0.0,0.0,0.0,0.0,0.0,0.0,36,0.03823448828184205,20,9,11,0,0,0,0,0,0,0,0,1,0
1b5q,C,183,THR,-0.7,116.1,0.0,1,1,X,0.0,0.0,0.0,0.0,0.0,0.0,0.0,0.0,37,0.04289723075523742,4,21,-17,0,0,0,0,0,0,0,0,1,0
1b5q,C,184,VAL,4.2,140.0,0.0,0,0,X,0.0,0.0,0.0,0.0,0.0,0.0,0.0,0.0,32,0.04149840801321881,6,26,-20,0,0,0,0,0,0,0,0,1,0
1b5q,C,185,PRO,-1.6,112.7,0.0,0,0,X,0.0,0.0,0.0,0.0,0.0,0.0,0.0,0.0,27,0.03450429430312575,6,26,-20,0,0,0,0,0,0,0,0,1,0
1b5q,C,186,LEU,3.8,166.7,0.0,0,0,X,0.0,0.0,0.0,0.0,0.0,0.0,0.0,0.0,34,0.03730193978716297,12,32,-20,0,0,0,0,0,0,0,0,1,0
1b5q,C,187,ALA,1.8,88.6,0.0,0,0,X,0.0,0.0,0.0,0.0,0.0,0.0,0.0,0.0,26,0.03916703677652112,23,14,9,0,0,0,0,0,0,0,0,1,0
1b5q,C,188,THR,-0.7,116.1,0.0,1,1,X,0.0,0.0,0.0,0.0,0.0,0.0,0.0,0.0,34,0.048958795970651406,26,32,-6,0,0,0,0,0,0,0,0,1,0
1b5q,C,189,PHE,2.8,189.9,0.0,0,0,X,0.0,0.0,0.0,0.0,0.0,0.0,0.0,0.0,29,0.043829779249916496,7,41,-34,0,0,0,0,0,0,0,0,1,0
1b5q,C,190,SER,-0.8,89.0,0.0,1,1,X,0.0,0.0,0.0,0.0,0.0,0.0,0.0,0.0,23,0.030307826077069916,14,22,-8,0,0,0,0,0,0,0,0,1,0
1b5q,C,191,ASP,-3.5,111.1,-1.0,1,3,X,0.0,0.0,0.0,0.0,0.0,0.0,0.0,0.0,23,0.035436842797804825,23,6,17,0,0,0,0,0,0,0,0,1,0
1b5q,C,192,PHE,2.8,189.9,0.0,0,0,X,0.0,0.0,0.0,0.0,0.0,0.0,0.0,0.0,29,0.05175644145468863,22,23,-1,0,0,0,0,0,0,0,0,1,0
1b5q,C,193,GLY,-0.4,60.1,0.0,0,0,X,0.0,0.0,0.0,0.0,0.0,0.0,0.0,0.0,24,0.04103213376587927,11,31,-20,0,0,0,0,0,0,0,0,1,0
1b5q,C,194,ASP,-3.5,111.1,-1.0,1,3,X,0.0,0.0,0.0,0.0,0.0,0.0,0.0,0.0,22,0.03310547156110714,5,19,-14,0,0,0,0,0,0,0,0,1,0
1b5q,C,195,ASP,-3.5,111.1,-1.0,1,3,X,0.0,0.0,0.0,0.0,0.0,0.0,0.0,0.0,22,0.04149840801321881,11,22,-11,0,0,0,0,0,0,0,0,1,0
1b5q,C,196,VAL,4.2,140.0,0.0,0,0,X,0.0,0.0,0.0,0.0,0.0,0.0,0.0,0.0,33,0.050823892960009553,12,35,-23,0,0,0,0,0,0,0,0,1,1
1b5q,C,197,TYR,-1.3,193.6,0.0,1,1,X,0.0,0.0,0.0,0.0,0.0,0.0,0.0,0.0,30,0.048958795970651406,14,21,-7,0,0,0,0,0,0,0,0,1,0
1b5q,C,198,PHE,2.8,189.9,0.0,0,0,X,0.0,0.0,0.0,0.0,0.0,0.0,0.0,0.0,38,0.05129016720734909,28,24,4,0,0,0,0,0,0,0,0,1,0
1b5q,C,199,VAL,4.2,140.0,0.0,0,0,X,0.0,0.0,0.0,0.0,0.0,0.0,0.0,0.0,40,0.056419183928083996,23,21,2,0,0,0,0,0,0,0,0,1,0
1b5q,C,200,ALA,1.8,88.6,0.0,0,0,X,0.0,0.0,0.0,0.0,0.0,0.0,0.0,0.0,30,0.05175644145468863,29,16,13,0,0,0,0,0,0,0,0,1,0
1b5q,C,201,ASP,-3.5,111.1,-1.0,1,3,X,0.0,0.0,0.0,0.0,0.0,0.0,0.0,0.0,25,0.04149840801321881,33,13,20,0,0,0,0,0,0,0,0,1,0
1b5q,C,202,GLN,-3.5,143.8,0.0,2,2,X,0.0,0.0,0.0,0.0,0.0,0.0,0.0,0.0,21,0.02984155182973038,31,18,13,0,0,0,0,0,0,0,0,1,0
1b5q,C,203,ARG,-4.5,173.4,1.0,5,0,X,0.0,0.0,0.0,0.0,0.0,0.0,0.0,0.0,21,0.030774100324409453,18,20,-2,0,0,0,0,0,0,0,0,1,0
1b5q,C,204,GLY,-0.4,60.1,0.0,0,0,X,0.0,0.0,0.0,0.0,0.0,0.0,0.0,0.0,29,0.04755997322863279,35,25,10,0,0,0,0,0,0,0,0,1,0
1b5q,C,205,TYR,-1.3,193.6,0.0,1,1,X,0.0,0.0,0.0,0.0,0.0,0.0,0.0,0.0,39,0.05129016720734909,23,28,-5,0,0,0,0,0,0,0,0,1,0
1b5q,C,206,GLU,-3.5,138.4,-1.0,1,3,X,0.0,0.0,0.0,0.0,0.0,0.0,0.0,0.0,33,0.048492521723311866,40,14,26,0,0,0,0,0,0,0,0,1,0
1b5q,C,207,ALA,1.8,88.6,0.0,0,0,X,0.0,0.0,0.0,0.0,0.0,0.0,0.0,0.0,29,0.040099585271200194,21,19,2,0,0,0,0,0,0,0,0,1,0
1b5q,C,208,VAL,4.2,140.0,0.0,0,0,X,0.0,0.0,0.0,0.0,0.0,0.0,0.0,0.0,36,0.045228601991935104,9,10,-1,0,0,0,0,0,0,0,0,1,0
1b5q,C,209,VAL,4.2,140.0,0.0,0,0,X,0.0,0.0,0.0,0.0,0.0,0.0,0.0,0.0,37,0.04616115048661418,11,9,2,0,0,0,0,0,0,0,0,1,0
1b5q,C,210,TYR,-1.3,193.6,0.0,1,1,X,0.0,0.0,0.0,0.0,0.0,0.0,0.0,0.0,32,0.03776821403450251,25,10,15,0,0,0,0,0,0,0,0,1,0
1b5q,C,211,TYR,-1.3,193.6,0.0,1,1,X,0.0,0.0,0.0,0.0,0.0,0.0,0.0,0.0,28,0.03590311704514436,7,2,5,0,0,0,0,0,0,0,0,1,0
1b5q,C,212,LEU,3.8,166.7,0.0,0,0,X,0.0,0.0,0.0,0.0,0.0,0.0,0.0,0.0,34,0.04476232774459557,11,6,5,0,0,0,0,0,0,0,0,1,0
1b5q,C,213,ALA,1.8,88.6,0.0,0,0,X,0.0,0.0,0.0,0.0,0.0,0.0,0.0,0.0,35,0.04662742473395372,19,7,12,0,0,0,0,0,0,0,0,1,0
1b5q,C,214,GLY,-0.4,60.1,0.0,0,0,X,0.0,0.0,0.0,0.0,0.0,0.0,0.0,0.0,24,0.03870076252918159,18,6,12,0,0,0,0,0,0,0,0,1,0
1b5q,C,215,GLN,-3.5,143.8,0.0,2,2,X,0.0,0.0,0.0,0.0,0.0,0.0,0.0,0.0,20,0.030774100324409453,12,7,5,0,0,0,0,0,0,0,0,1,0
1b5q,C,216,TYR,-1.3,193.6,0.0,1,1,X,0.0,0.0,0.0,0.0,0.0,0.0,0.0,0.0,29,0.03450429430312575,33,16,17,0,0,0,0,0,0,0,0,1,0
1b5q,C,217,LEU,3.8,166.7,0.0,0,0,X,0.0,0.0,0.0,0.0,0.0,0.0,0.0,0.0,28,0.04196468226055834,31,9,22,0,0,0,0,0,0,0,0,1,0
1b5q,C,218,LYS,-3.9,168.6,1.0,2,0,X,0.0,0.0,0.0,0.0,0.0,0.0,0.0,0.0,16,0.03450429430312575,14,20,-6,0,0,0,0,0,0,0,0,1,0
1b5q,C,219,THR,-0.7,116.1,0.0,1,1,X,0.0,0.0,0.0,0.0,0.0,0.0,0.0,0.0,19,0.0363693912924839,22,24,-2,0,0,0,0,0,0,0,0,1,0
1b5q,C,220,ASP,-3.5,111.1,-1.0,1,3,X,0.0,0.0,0.0,0.0,0.0,0.0,0.0,0.0,11,0.02984155182973038,25,10,15,0,0,0,0,0,0,0,0,1,0
1b5q,C,221,ASP,-3.5,111.1,-1.0,1,3,X,0.0,0.0,0.0,0.0,0.0,0.0,0.0,0.0,9,0.02098234113027917,19,8,11,0,0,0,0,0,0,0,0,1,0
1b5q,C,222,LYS,-3.9,168.6,1.0,2,0,X,0.0,0.0,0.0,0.0,0.0,0.0,0.0,0.0,7,0.018650969893581486,9,16,-7,0,0,0,0,0,0,0,0,1,0
1b5q,C,223,SER,-0.8,89.0,0.0,1,1,X,0.0,0.0,0.0,0.0,0.0,0.0,0.0,0.0,9,0.022381163872297785,20,16,4,0,0,0,0,0,0,0,0,1,0
1b5q,C,224,GLY,-0.4,60.1,0.0,0,0,X,0.0,0.0,0.0,0.0,0.0,0.0,0.0,0.0,13,0.026577632098353617,22,17,5,0,0,0,0,0,0,0,0,1,0
1b5q,C,225,LYS,-3.9,168.6,1.0,2,0,X,0.0,0.0,0.0,0.0,0.0,0.0,0.0,0.0,14,0.02797645484037223,12,13,-1,0,0,0,0,0,0,0,0,1,0
1b5q,C,226,ILE,4.5,166.7,0.0,0,0,X,0.0,0.0,0.0,0.0,0.0,0.0,0.0,0.0,28,0.0363693912924839,24,18,6,0,0,0,0,0,0,0,0,1,0
1b5q,C,227,VAL,4.2,140.0,0.0,0,0,X,0.0,0.0,0.0,0.0,0.0,0.0,0.0,0.0,18,0.03357174580844668,25,21,4,0,0,0,0,0,0,0,0,1,0
1b5q,C,228,ASP,-3.5,111.1,-1.0,1,3,X,0.0,0.0,0.0,0.0,0.0,0.0,0.0,0.0,19,0.03683566553982344,23,2,21,0,0,0,0,0,0,0,0,1,0
1b5q,C,229,PRO,-1.6,112.7,0.0,0,0,X,0.0,0.0,0.0,0.0,0.0,0.0,0.0,0.0,17,0.025645083603674543,22,9,13,0,0,0,0,0,0,0,0,1,0
1b5q,C,230,ARG,-4.5,173.4,1.0,5,0,X,0.0,0.0,0.0,0.0,0.0,0.0,0.0,0.0,26,0.03683566553982344,14,16,-2,0,0,0,0,0,0,0,0,1,0
1b5q,C,231,LEU,3.8,166.7,0.0,0,0,X,0.0,0.0,0.0,0.0,0.0,0.0,0.0,0.0,29,0.04289723075523742,27,18,9,0,0,0,0,0,0,0,0,1,0
1b5q,C,232,GLN,-3.5,143.8,0.0,2,2,X,0.0,0.0,0.0,0.0,0.0,0.0,0.0,0.0,28,0.040099585271200194,17,19,-2,0,0,0,0,0,0,0,0,1,0
1b5q,C,233,LEU,3.8,166.7,0.0,0,0,X,0.0,0.0,0.0,0.0,0.0,0.0,0.0,0.0,24,0.040099585271200194,21,20,1,0,0,0,0,0,0,0,0,1,0
1b5q,C,234,ASN,-3.5,114.1,0.0,2,2,X,0.0,0.0,0.0,0.0,0.0,0.0,0.0,0.0,20,0.03450429430312575,18,29,-11,0,0,0,0,0,0,0,0,1,0
1b5q,C,235,LYS,-3.9,168.6,1.0,2,0,X,0.0,0.0,0.0,0.0,0.0,0.0,0.0,0.0,29,0.04429605349725603,11,28,-17,0,0,0,0,0,0,0,0,1,1
1b5q,C,236,VAL,4.2,140.0,0.0,0,0,X,0.0,0.0,0.0,0.0,0.0,0.0,0.0,0.0,27,0.045694876239274644,34,32,2,0,0,0,0,0,0,0,0,1,0
1b5q,C,237,VAL,4.2,140.0,0.0,0,0,X,0.0,0.0,0.0,0.0,0.0,0.0,0.0,0.0,40,0.048958795970651406,31,31,0,0,0,0,0,0,0,0,0,1,1
1b5q,C,238,ARG,-4.5,173.4,1.0,5,0,X,0.0,0.0,0.0,0.0,0.0,0.0,0.0,0.0,23,0.043363505002576956,18,30,-12,0,0,0,0,0,0,0,0,1,0
1b5q,C,239,GLU,-3.5,138.4,-1.0,1,3,X,0.0,0.0,0.0,0.0,0.0,0.0,0.0,0.0,22,0.04709369898129325,38,5,33,0,0,0,0,0,0,0,0,1,0
1b5q,C,240,ILE,4.5,166.7,0.0,0,0,X,0.0,0.0,0.0,0.0,0.0,0.0,0.0,0.0,34,0.05408781269138631,36,9,27,0,0,0,0,0,0,0,0,1,0
1b5q,C,241,LYS,-3.9,168.6,1.0,2,0,X,0.0,0.0,0.0,0.0,0.0,0.0,0.0,0.0,23,0.04476232774459557,21,9,12,0,0,0,0,0,0,0,0,1,0
1b5q,C,242,TYR,-1.3,193.6,0.0,1,1,X,0.0,0.0,0.0,0.0,0.0,0.0,0.0,0.0,29,0.043363505002576956,31,6,25,0,0,0,0,0,0,0,0,1,0
1b5q,C,243,SER,-0.8,89.0,0.0,1,1,X,0.0,0.0,0.0,0.0,0.0,0.0,0.0,0.0,18,0.026577632098353617,23,4,19,0,0,0,0,0,0,0,0,1,0
1b5q,C,244,PRO,-1.6,112.7,0.0,0,0,X,0.0,0.0,0.0,0.0,0.0,0.0,0.0,0.0,14,0.01958351838826056,13,3,10,0,0,0,0,0,0,0,0,1,0
1b5q,C,245,GLY,-0.4,60.1,0.0,0,0,X,0.0,0.0,0.0,0.0,0.0,0.0,0.0,0.0,16,0.02098234113027917,14,8,6,0,0,0,0,0,0,0,0,1,0
1b5q,C,246,GLY,-0.4,60.1,0.0,0,0,X,0.0,0.0,0.0,0.0,0.0,0.0,0.0,0.0,24,0.03730193978716297,21,8,13,0,0,0,0,0,0,0,0,1,0
1b5q,C,247,VAL,4.2,140.0,0.0,0,0,X,0.0,0.0,0.0,0.0,0.0,0.0,0.0,0.0,32,0.04616115048661418,32,10,22,0,0,0,0,0,0,0,0,1,0
1b5q,C,248,THR,-0.7,116.1,0.0,1,1,X,0.0,0.0,0.0,0.0,0.0,0.0,0.0,0.0,28,0.03963331102386066,27,13,14,0,0,0,0,0,0,0,0,1,0
1b5q,C,249,VAL,4.2,140.0,0.0,0,0,X,0.0,0.0,0.0,0.0,0.0,0.0,0.0,0.0,38,0.04989134446533048,32,12,20,0,0,0,0,0,0,0,0,1,0
1b5q,C,250,LYS,-3.9,168.6,1.0,2,0,X,0.0,0.0,0.0,0.0,0.0,0.0,0.0,0.0,25,0.04662742473395372,20,21,-1,0,0,0,0,0,0,0,0,1,0
1b5q,C,251,THR,-0.7,116.1,0.0,1,1,X,0.0,0.0,0.0,0.0,0.0,0.0,0.0,0.0,27,0.048958795970651406,30,28,2,0,0,0,0,0,0,0,0,1,0
1b5q,C,252,GLU,-3.5,138.4,-1.0,1,3,X,0.0,0.0,0.0,0.0,0.0,0.0,0.0,0.0,15,0.035436842797804825,32,11,21,0,0,0,0,0,0,0,0,1,0
1b5q,C,253,ASP,-3.5,111.1,-1.0,1,3,X,0.0,0.0,0.0,0.0,0.0,0.0,0.0,0.0,15,0.027510180593032695,20,9,11,0,0,0,0,0,0,0,0,1,0
1b5q,C,254,ASN,-3.5,114.1,0.0,2,2,X,0.0,0.0,0.0,0.0,0.0,0.0,0.0,0.0,11,0.02331371236697686,17,17,0,0,0,0,0,0,0,0,0,1,0
1b5q,C,255,SER,-0.8,89.0,0.0,1,1,X,0.0,0.0,0.0,0.0,0.0,0.0,0.0,0.0,19,0.029375277582390842,22,16,6,0,0,0,0,0,0,0,0,1,0
1b5q,C,256,VAL,4.2,140.0,0.0,0,0,X,0.0,0.0,0.0,0.0,0.0,0.0,0.0,0.0,21,0.03170664881908853,19,18,1,0,0,0,0,0,0,0,0,1,0
1b5q,C,257,TYR,-1.3,193.6,0.0,1,1,X,0.0,0.0,0.0,0.0,0.0,0.0,0.0,0.0,28,0.034970568550465285,23,9,14,0,0,0,0,0,0,0,0,1,0
1b5q,C,258,SER,-0.8,89.0,0.0,1,1,X,0.0,0.0,0.0,0.0,0.0,0.0,0.0,0.0,20,0.03124037457174899,19,12,7,0,0,0,0,0,0,0,0,1,0
1b5q,C,259,ALA,1.8,88.6,0.0,0,0,X,0.0,0.0,0.0,0.0,0.0,0.0,0.0,0.0,25,0.04196468226055834,25,15,10,0,0,0,0,0,0,0,0,1,0
1b5q,C,260,ASP,-3.5,111.1,-1.0,1,3,X,0.0,0.0,0.0,0.0,0.0,0.0,0.0,0.0,26,0.03823448828184205,24,7,17,0,0,0,0,0,0,0,0,1,0
1b5q,C,261,TYR,-1.3,193.6,0.0,1,1,X,0.0,0.0,0.0,0.0,0.0,0.0,0.0,0.0,37,0.0526889899493677,19,9,10,0,0,0,0,0,0,0,0,1,0
1b5q,C,262,VAL,4.2,140.0,0.0,0,0,X,0.0,0.0,0.0,0.0,0.0,0.0,0.0,0.0,38,0.05175644145468863,18,8,10,0,0,0,0,0,0,0,0,1,0
1b5q,C,263,MET,1.9,162.9,0.0,0,0,X,0.0,0.0,0.0,0.0,0.0,0.0,0.0,0.0,46,0.05035761871267001,6,4,2,0,0,0,0,0,0,0,0,1,0
1b5q,C,264,VAL,4.2,140.0,0.0,0,0,X,0.0,0.0,0.0,0.0,0.0,0.0,0.0,0.0,42,0.045228601991935104,12,0,12,0,0,0,0,0,0,0,0,1,0
1b5q,C,265,SER,-0.8,89.0,0.0,1,1,X,0.0,0.0,0.0,0.0,0.0,0.0,0.0,0.0,44,0.04709369898129325,13,11,2,0,0,0,0,0,0,0,0,1,1
1b5q,C,266,ALA,1.8,88.6,0.0,0,0,X,0.0,0.0,0.0,0.0,0.0,0.0,0.0,0.0,41,0.040565859518539735,20,10,10,0,0,0,0,0,0,0,0,1,0
1b5q,C,267,SER,-0.8,89.0,0.0,1,1,X,0.0,0.0,0.0,0.0,0.0,0.0,0.0,0.0,36,0.048026247475972325,30,13,17,0,0,0,0,0,0,0,0,1,0
1b5q,C,268,LEU,3.8,166.7,0.0,0,0,X,0.0,0.0,0.0,0.0,0.0,0.0,0.0,0.0,37,0.04755997322863279,22,16,6,0,0,0,0,0,0,0,0,1,0
1b5q,C,269,GLY,-0.4,60.1,0.0,0,0,X,0.0,0.0,0.0,0.0,0.0,0.0,0.0,0.0,33,0.045694876239274644,25,13,12,0,0,0,0,0,0,0,0,1,0
1b5q,C,270,VAL,4.2,140.0,0.0,0,0,X,0.0,0.0,0.0,0.0,0.0,0.0,0.0,0.0,32,0.04476232774459557,26,13,13,0,0,0,0,0,0,0,0,1,0
1b5q,C,271,LEU,3.8,166.7,0.0,0,0,X,0.0,0.0,0.0,0.0,0.0,0.0,0.0,0.0,36,0.04289723075523742,20,6,14,0,0,0,0,0,0,0,0,1,0
1b5q,C,272,GLN,-3.5,143.8,0.0,2,2,X,0.0,0.0,0.0,0.0,0.0,0.0,0.0,0.0,27,0.034970568550465285,20,13,7,0,0,0,0,0,0,0,0,1,0
1b5q,C,273,SER,-0.8,89.0,0.0,1,1,X,0.0,0.0,0.0,0.0,0.0,0.0,0.0,0.0,23,0.030774100324409453,19,10,9,0,0,0,0,0,0,0,0,1,0
1b5q,C,274,ASP,-3.5,111.1,-1.0,1,3,X,0.0,0.0,0.0,0.0,0.0,0.0,0.0,0.0,14,0.02471253510899547,22,0,22,0,0,0,0,0,0,0,0,1,0
1b5q,C,275,LEU,3.8,166.7,0.0,0,0,X,0.0,0.0,0.0,0.0,0.0,0.0,0.0,0.0,27,0.03590311704514436,28,22,6,0,0,0,0,0,0,0,0,1,1
1b5q,C,276,ILE,4.5,166.7,0.0,0,0,X,0.0,0.0,0.0,0.0,0.0,0.0,0.0,0.0,34,0.04243095650789788,22,18,4,0,0,0,0,0,0,0,0,1,0
1b5q,C,277,GLN,-3.5,143.8,0.0,2,2,X,0.0,0.0,0.0,0.0,0.0,0.0,0.0,0.0,18,0.03730193978716297,47,17,30,0,0,0,0,0,0,0,0,1,0
1b5q,C,278,PHE,2.8,189.9,0.0,0,0,X,0.0,0.0,0.0,0.0,0.0,0.0,0.0,0.0,31,0.043363505002576956,31,13,18,0,0,0,0,0,0,0,0,1,0
1b5q,C,279,LYS,-3.9,168.6,1.0,2,0,X,0.0,0.0,0.0,0.0,0.0,0.0,0.0,0.0,15,0.03776821403450251,24,9,15,0,0,0,0,0,0,0,0,1,0
1b5q,C,280,PRO,-1.6,112.7,0.0,0,0,X,0.0,0.0,0.0,0.0,0.0,0.0,0.0,0.0,16,0.030307826077069916,27,3,24,0,0,0,0,0,0,0,0,1,0
1b5q,C,281,LYS,-3.9,168.6,1.0,2,0,X,0.0,0.0,0.0,0.0,0.0,0.0,0.0,0.0,14,0.030307826077069916,11,1,10,0,0,0,0,0,0,0,0,1,0
1b5q,C,282,LEU,3.8,166.7,0.0,0,0,X,0.0,0.0,0.0,0.0,0.0,0.0,0.0,0.0,25,0.03916703677652112,26,0,26,0,0,0,0,0,0,0,0,1,0
1b5q,C,283,PRO,-1.6,112.7,0.0,0,0,X,0.0,0.0,0.0,0.0,0.0,0.0,0.0,0.0,19,0.030774100324409453,23,0,23,0,0,0,0,0,0,0,0,1,0
1b5q,C,284,THR,-0.7,116.1,0.0,1,1,X,0.0,0.0,0.0,0.0,0.0,0.0,0.0,0.0,13,0.026577632098353617,25,1,24,0,0,0,0,0,0,0,0,1,0
1b5q,C,285,TRP,-0.9,227.8,0.0,1,0,X,0.0,0.0,0.0,0.0,0.0,0.0,0.0,0.0,22,0.03357174580844668,22,10,12,0,0,0,0,0,0,0,0,1,0
1b5q,C,286,LYS,-3.9,168.6,1.0,2,0,X,0.0,0.0,0.0,0.0,0.0,0.0,0.0,0.0,29,0.04616115048661418,17,11,6,0,0,0,0,0,0,0,0,1,0
1b5q,C,287,VAL,4.2,140.0,0.0,0,0,X,0.0,0.0,0.0,0.0,0.0,0.0,0.0,0.0,21,0.03870076252918159,26,3,23,0,0,0,0,0,0,0,0,1,0
1b5q,C,288,ARG,-4.5,173.4,1.0,5,0,X,0.0,0.0,0.0,0.0,0.0,0.0,0.0,0.0,13,0.03776821403450251,7,6,1,0,0,0,0,0,0,0,0,1,0
1b5q,C,289,ALA,1.8,88.6,0.0,0,0,X,0.0,0.0,0.0,0.0,0.0,0.0,0.0,0.0,29,0.05035761871267001,26,16,10,0,0,0,0,0,0,0,0,1,0
1b5q,C,290,ILE,4.5,166.7,0.0,0,0,X,0.0,0.0,0.0,0.0,0.0,0.0,0.0,0.0,32,0.04755997322863279,27,11,16,0,0,0,0,0,0,0,0,1,0
1b5q,C,291,TYR,-1.3,193.6,0.0,1,1,X,0.0,0.0,0.0,0.0,0.0,0.0,0.0,0.0,22,0.034970568550465285,15,8,7,0,0,0,0,0,0,0,0,1,0
1b5q,C,292,GLN,-3.5,143.8,0.0,2,2,X,0.0,0.0,0.0,0.0,0.0,0.0,0.0,0.0,24,0.03683566553982344,12,17,-5,0,0,0,0,0,0,0,0,1,0
1b5q,C,293,PHE,2.8,189.9,0.0,0,0,X,0.0,0.0,0.0,0.0,0.0,0.0,0.0,0.0,37,0.048492521723311866,14,28,-14,0,0,0,0,0,0,0,0,1,0
1b5q,C,294,ASP,-3.5,111.1,-1.0,1,3,X,0.0,0.0,0.0,0.0,0.0,0.0,0.0,0.0,33,0.04103213376587927,7,13,-6,0,0,0,0,0,0,0,0,1,0
1b5q,C,295,MET,1.9,162.9,0.0,0,0,X,0.0,0.0,0.0,0.0,0.0,0.0,0.0,0.0,38,0.04755997322863279,29,23,6,0,0,0,0,0,0,0,0,1,0
1b5q,C,296,ALA,1.8,88.6,0.0,0,0,X,0.0,0.0,0.0,0.0,0.0,0.0,0.0,0.0,38,0.048026247475972325,18,34,-16,0,0,0,0,0,0,0,0,1,0
1b5q,C,297,VAL,4.2,140.0,0.0,0,0,X,0.0,0.0,0.0,0.0,0.0,0.0,0.0,0.0,36,0.05502036118606539,26,40,-14,0,0,0,0,0,0,0,0,1,0
1b5q,C,298,TYR,-1.3,193.6,0.0,1,1,X,0.0,0.0,0.0,0.0,0.0,0.0,0.0,0.0,37,0.04755997322863279,10,24,-14,0,0,0,0,0,0,0,0,1,1
1b5q,C,299,THR,-0.7,116.1,0.0,1,1,X,0.0,0.0,0.0,0.0,0.0,0.0,0.0,0.0,39,0.05175644145468863,24,23,1,0,0,0,0,0,0,0,0,1,0
1b5q,C,300,LYS,-3.9,168.6,1.0,2,0,X,0.0,0.0,0.0,0.0,0.0,0.0,0.0,0.0,35,0.05035761871267001,4,8,-4,0,0,0,0,0,0,0,0,1,0
1b5q,C,301,ILE,4.5,166.7,0.0,0,0,X,0.0,0.0,0.0,0.0,0.0,0.0,0.0,0.0,37,0.04942507021799094,21,13,8,0,0,0,0,0,0,0,0,1,0
1b5q,C,302,PHE,2.8,189.9,0.0,0,0,X,0.0,0.0,0.0,0.0,0.0,0.0,0.0,0.0,34,0.048958795970651406,16,13,3,0,0,0,0,0,0,0,0,1,0
1b5q,C,303,LEU,3.8,166.7,0.0,0,0,X,0.0,0.0,0.0,0.0,0.0,0.0,0.0,0.0,37,0.05175644145468863,21,13,8,0,0,0,0,0,0,0,0,1,0
1b5q,C,304,LYS,-3.9,168.6,1.0,2,0,X,0.0,0.0,0.0,0.0,0.0,0.0,0.0,0.0,29,0.04989134446533048,12,14,-2,0,0,0,0,0,0,0,0,1,0
1b5q,C,305,PHE,2.8,189.9,0.0,0,0,X,0.0,0.0,0.0,0.0,0.0,0.0,0.0,0.0,30,0.04755997322863279,33,15,18,0,0,0,0,0,0,0,0,1,0
1b5q,C,306,PRO,-1.6,112.7,0.0,0,0,X,0.0,0.0,0.0,0.0,0.0,0.0,0.0,0.0,19,0.032639197313767604,28,12,16,0,0,0,0,0,0,0,0,1,0
1b5q,C,307,ARG,-4.5,173.4,1.0,5,0,X,0.0,0.0,0.0,0.0,0.0,0.0,0.0,0.0,17,0.028909003335051305,19,13,6,0,0,0,0,0,0,0,0,1,0
1b5q,C,308,LYS,-3.9,168.6,1.0,2,0,X,0.0,0.0,0.0,0.0,0.0,0.0,0.0,0.0,22,0.03870076252918159,20,32,-12,0,0,0,0,0,0,0,0,1,0
1b5q,C,309,PHE,2.8,189.9,0.0,0,0,X,0.0,0.0,0.0,0.0,0.0,0.0,0.0,0.0,28,0.03870076252918159,38,18,20,0,0,0,0,0,0,0,0,1,0
1b5q,C,310,TRP,-0.9,227.8,0.0,1,0,X,0.0,0.0,0.0,0.0,0.0,0.0,0.0,0.0,30,0.03870076252918159,27,29,-2,0,0,0,0,0,0,0,0,1,0
1b5q,C,311,PRO,-1.6,112.7,0.0,0,0,X,0.0,0.0,0.0,0.0,0.0,0.0,0.0,0.0,23,0.03310547156110714,28,30,-2,0,0,0,0,0,0,0,0,1,0
1b5q,C,312,GLU,-3.5,138.4,-1.0,1,3,X,0.0,0.0,0.0,0.0,0.0,0.0,0.0,0.0,22,0.03124037457174899,32,25,7,0,0,0,0,0,0,0,0,1,0
1b5q,C,313,GLY,-0.4,60.1,0.0,0,0,X,0.0,0.0,0.0,0.0,0.0,0.0,0.0,0.0,16,0.024246260861655933,27,34,-7,0,0,0,0,0,0,0,0,1,0
1b5q,C,314,LYS,-3.9,168.6,1.0,2,0,X,0.0,0.0,0.0,0.0,0.0,0.0,0.0,0.0,14,0.023779986614316396,14,24,-10,0,0,0,0,0,0,0,0,1,0
1b5q,C,315,GLY,-0.4,60.1,0.0,0,0,X,0.0,0.0,0.0,0.0,0.0,0.0,0.0,0.0,24,0.043363505002576956,24,44,-20,0,0,0,0,0,0,0,0,1,0
1b5q,C,316,ARG,-4.5,173.4,1.0,5,0,X,0.0,0.0,0.0,0.0,0.0,0.0,0.0,0.0,25,0.045228601991935104,9,33,-24,0,0,0,0,0,0,0,0,1,0
1b5q,C,317,GLU,-3.5,138.4,-1.0,1,3,X,0.0,0.0,0.0,0.0,0.0,0.0,0.0,0.0,34,0.04942507021799094,25,34,-9,0,0,0,0,0,0,0,0,1,0
1b5q,C,318,PHE,2.8,189.9,0.0,0,0,X,0.0,0.0,0.0,0.0,0.0,0.0,0.0,0.0,34,0.050823892960009553,15,32,-17,0,0,0,0,0,0,0,0,1,0
1b5q,C,319,PHE,2.8,189.9,0.0,0,0,X,0.0,0.0,0.0,0.0,0.0,0.0,0.0,0.0,37,0.05222271570202816,11,17,-6,0,0,0,0,0,0,0,0,1,0
1b5q,C,320,LEU,3.8,166.7,0.0,0,0,X,0.0,0.0,0.0,0.0,0.0,0.0,0.0,0.0,44,0.048958795970651406,6,4,2,0,0,0,0,0,0,0,0,1,0
1b5q,C,321,TYR,-1.3,193.6,0.0,1,1,X,0.0,0.0,0.0,0.0,0.0,0.0,0.0,0.0,36,0.0526889899493677,27,18,9,0,0,0,0,0,0,0,0,1,0
1b5q,C,322,ALA,1.8,88.6,0.0,0,0,X,0.0,0.0,0.0,0.0,0.0,0.0,0.0,0.0,35,0.0526889899493677,23,21,2,0,0,0,0,0,0,0,0,1,0
1b5q,C,323,SER,-0.8,89.0,0.0,1,1,X,0.0,0.0,0.0,0.0,0.0,0.0,0.0,0.0,31,0.045228601991935104,28,16,12,0,0,0,0,0,0,0,0,1,0
1b5q,C,324,SER,-0.8,89.0,0.0,1,1,X,0.0,0.0,0.0,0.0,0.0,0.0,0.0,0.0,20,0.02844272908771177,22,14,8,0,0,0,0,0,0,0,0,1,0
1b5q,C,325,ARG,-4.5,173.4,1.0,5,0,X,0.0,0.0,0.0,0.0,0.0,0.0,0.0,0.0,19,0.027510180593032695,12,20,-8,0,0,0,0,0,0,0,0,1,0
1b5q,C,326,ARG,-4.5,173.4,1.0,5,0,X,0.0,0.0,0.0,0.0,0.0,0.0,0.0,0.0,34,0.03357174580844668,15,38,-23,0,0,0,0,0,0,0,0,1,0
1b5q,C,327,GLY,-0.4,60.1,0.0,0,0,X,0.0,0.0,0.0,0.0,0.0,0.0,0.0,0.0,32,0.04476232774459557,25,34,-9,0,0,0,0,0,0,0,0,1,0
1b5q,C,328,TYR,-1.3,193.6,0.0,1,1,X,0.0,0.0,0.0,0.0,0.0,0.0,0.0,0.0,34,0.043363505002576956,26,26,0,0,0,0,0,0,0,0,0,1,0
1b5q,C,329,TYR,-1.3,193.6,0.0,1,1,X,0.0,0.0,0.0,0.0,0.0,0.0,0.0,0.0,35,0.05222271570202816,21,18,3,0,0,0,0,0,0,0,0,1,0
1b5q,C,330,GLY,-0.4,60.1,0.0,0,0,X,0.0,0.0,0.0,0.0,0.0,0.0,0.0,0.0,38,0.050823892960009553,8,5,3,0,0,0,0,0,0,0,0,1,0
1b5q,C,331,VAL,4.2,140.0,0.0,0,0,X,0.0,0.0,0.0,0.0,0.0,0.0,0.0,0.0,38,0.0526889899493677,2,8,-6,0,0,0,0,0,0,0,0,1,0
1b5q,C,332,TRP,-0.9,227.8,0.0,1,0,X,0.0,0.0,0.0,0.0,0.0,0.0,0.0,0.0,37,0.050823892960009553,1,10,-9,0,0,0,0,0,0,0,0,1,0
1b5q,C,333,GLN,-3.5,143.8,0.0,2,2,X,0.0,0.0,0.0,0.0,0.0,0.0,0.0,0.0,32,0.05175644145468863,16,25,-9,0,0,0,0,0,0,0,0,1,0
1b5q,C,334,GLU,-3.5,138.4,-1.0,1,3,X,0.0,0.0,0.0,0.0,0.0,0.0,0.0,0.0,30,0.05175644145468863,25,27,-2,0,0,0,0,0,0,0,0,1,0
1b5q,C,335,PHE,2.8,189.9,0.0,0,0,X,0.0,0.0,0.0,0.0,0.0,0.0,0.0,0.0,37,0.05548663543340492,18,33,-15,0,0,0,0,0,0,0,0,1,0
1b5q,C,336,GLU,-3.5,138.4,-1.0,1,3,X,0.0,0.0,0.0,0.0,0.0,0.0,0.0,0.0,25,0.04243095650789788,26,34,-8,0,0,0,0,0,0,0,0,1,0
1b5q,C,337,LYS,-3.9,168.6,1.0,2,0,X,0.0,0.0,0.0,0.0,0.0,0.0,0.0,0.0,24,0.03357174580844668,19,37,-18,0,0,0,0,0,0,0,0,1,0
1b5q,C,338,GLN,-3.5,143.8,0.0,2,2,X,0.0,0.0,0.0,0.0,0.0,0.0,0.0,0.0,32,0.04289723075523742,23,32,-9,0,0,0,0,0,0,0,0,1,0
1b5q,C,339,TYR,-1.3,193.6,0.0,1,1,X,0.0,0.0,0.0,0.0,0.0,0.0,0.0,0.0,34,0.03776821403450251,19,27,-8,0,0,0,0,0,0,0,0,1,0
1b5q,C,340,PRO,-1.6,112.7,0.0,0,0,X,0.0,0.0,0.0,0.0,0.0,0.0,0.0,0.0,18,0.030774100324409453,17,27,-10,0,0,0,0,0,0,0,0,1,0
1b5q,C,341,ASP,-3.5,111.1,-1.0,1,3,X,0.0,0.0,0.0,0.0,0.0,0.0,0.0,0.0,18,0.022381163872297785,16,10,6,0,0,0,0,0,0,0,0,1,0
1b5q,C,342,ALA,1.8,88.6,0.0,0,0,X,0.0,0.0,0.0,0.0,0.0,0.0,0.0,0.0,26,0.03590311704514436,22,20,2,0,0,0,0,0,0,0,0,1,0
1b5q,C,343,ASN,-3.5,114.1,0.0,2,2,X,0.0,0.0,0.0,0.0,0.0,0.0,0.0,0.0,27,0.04662742473395372,25,24,1,0,0,0,0,0,0,0,0,1,0
1b5q,C,344,VAL,4.2,140.0,0.0,0,0,X,0.0,0.0,0.0,0.0,0.0,0.0,0.0,0.0,37,0.0526889899493677,21,25,-4,0,0,0,0,0,0,0,0,1,0
1b5q,C,345,LEU,3.8,166.7,0.0,0,0,X,0.0,0.0,0.0,0.0,0.0,0.0,0.0,0.0,37,0.053621538444046775,20,16,4,0,0,0,0,0,0,0,0,1,0
1b5q,C,346,LEU,3.8,166.7,0.0,0,0,X,0.0,0.0,0.0,0.0,0.0,0.0,0.0,0.0,36,0.050823892960009553,10,14,-4,0,0,0,0,0,0,0,0,1,0
1b5q,C,347,VAL,4.2,140.0,0.0,0,0,X,0.0,0.0,0.0,0.0,0.0,0.0,0.0,0.0,37,0.04989134446533048,9,2,7,0,0,0,0,0,0,0,0,1,0
1b5q,C,348,THR,-0.7,116.1,0.0,1,1,X,0.0,0.0,0.0,0.0,0.0,0.0,0.0,0.0,38,0.053155264196707235,9,9,0,0,0,0,0,0,0,0,0,1,0
1b5q,C,349,VAL,4.2,140.0,0.0,0,0,X,0.0,0.0,0.0,0.0,0.0,0.0,0.0,0.0,36,0.053621538444046775,19,33,-14,0,0,0,0,0,0,0,0,1,0
1b5q,C,350,THR,-0.7,116.1,0.0,1,1,X,0.0,0.0,0.0,0.0,0.0,0.0,0.0,0.0,35,0.05129016720734909,21,48,-27,0,0,0,0,0,0,0,0,1,0
1b5q,C,351,ASP,-3.5,111.1,-1.0,1,3,X,0.0,0.0,0.0,0.0,0.0,0.0,0.0,0.0,27,0.04289723075523742,19,39,-20,0,0,0,0,0,0,0,0,1,0
1b5q,C,352,GLU,-3.5,138.4,-1.0,1,3,X,0.0,0.0,0.0,0.0,0.0,0.0,0.0,0.0,21,0.029375277582390842,33,25,8,0,0,0,0,0,0,0,0,1,0
1b5q,C,353,GLU,-3.5,138.4,-1.0,1,3,X,0.0,0.0,0.0,0.0,0.0,0.0,0.0,0.0,24,0.04243095650789788,36,27,9,0,0,0,0,0,0,0,0,1,0
1b5q,C,354,SER,-0.8,89.0,0.0,1,1,X,0.0,0.0,0.0,0.0,0.0,0.0,0.0,0.0,33,0.05129016720734909,35,35,0,0,0,0,0,0,0,0,0,1,0
1b5q,C,355,ARG,-4.5,173.4,1.0,5,0,X,0.0,0.0,0.0,0.0,0.0,0.0,0.0,0.0,24,0.04429605349725603,14,37,-23,0,0,0,0,0,0,0,0,1,0
1b5q,C,356,ARG,-4.5,173.4,1.0,5,0,X,0.0,0.0,0.0,0.0,0.0,0.0,0.0,0.0,24,0.03683566553982344,14,33,-19,0,0,0,0,0,0,0,0,1,0
1b5q,C,357,ILE,4.5,166.7,0.0,0,0,X,0.0,0.0,0.0,0.0,0.0,0.0,0.0,0.0,36,0.048492521723311866,34,44,-10,0,0,0,0,0,0,0,0,1,0
1b5q,C,358,GLU,-3.5,138.4,-1.0,1,3,X,0.0,0.0,0.0,0.0,0.0,0.0,0.0,0.0,29,0.04709369898129325,33,20,13,0,0,0,0,0,0,0,0,1,0
1b5q,C,359,GLN,-3.5,143.8,0.0,2,2,X,0.0,0.0,0.0,0.0,0.0,0.0,0.0,0.0,16,0.030774100324409453,26,15,11,0,0,0,0,0,0,0,0,1,0
1b5q,C,360,GLN,-3.5,143.8,0.0,2,2,X,0.0,0.0,0.0,0.0,0.0,0.0,0.0,0.0,22,0.03403802005578621,25,37,-12,0,0,0,0,0,0,0,0,1,0
1b5q,C,361,SER,-0.8,89.0,0.0,1,1,X,0.0,0.0,0.0,0.0,0.0,0.0,0.0,0.0,16,0.03170664881908853,17,28,-11,0,0,0,0,0,0,0,0,1,0
1b5q,C,362,ASP,-3.5,111.1,-1.0,1,3,X,0.0,0.0,0.0,0.0,0.0,0.0,0.0,0.0,23,0.03776821403450251,17,23,-6,0,0,0,0,0,0,0,0,1,0
1b5q,C,363,GLU,-3.5,138.4,-1.0,1,3,X,0.0,0.0,0.0,0.0,0.0,0.0,0.0,0.0,14,0.028909003335051305,10,14,-4,0,0,0,0,0,0,0,0,1,0
1b5q,C,364,GLN,-3.5,143.8,0.0,2,2,X,0.0,0.0,0.0,0.0,0.0,0.0,0.0,0.0,19,0.032172923066428064,18,29,-11,0,0,0,0,0,0,0,0,1,0
1b5q,C,365,THR,-0.7,116.1,0.0,1,1,X,0.0,0.0,0.0,0.0,0.0,0.0,0.0,0.0,32,0.048492521723311866,23,34,-11,0,0,0,0,0,0,0,0,1,0
1b5q,C,366,LYS,-3.9,168.6,1.0,2,0,X,0.0,0.0,0.0,0.0,0.0,0.0,0.0,0.0,30,0.04196468226055834,7,41,-34,0,0,0,0,0,0,0,0,1,0
1b5q,C,367,ALA,1.8,88.6,0.0,0,0,X,0.0,0.0,0.0,0.0,0.0,0.0,0.0,0.0,21,0.0363693912924839,19,30,-11,0,0,0,0,0,0,0,0,1,0
1b5q,C,368,GLU,-3.5,138.4,-1.0,1,3,X,0.0,0.0,0.0,0.0,0.0,0.0,0.0,0.0,25,0.040099585271200194,21,15,6,0,0,0,0,0,0,0,0,1,0
1b5q,C,369,ILE,4.5,166.7,0.0,0,0,X,0.0,0.0,0.0,0.0,0.0,0.0,0.0,0.0,40,0.04662742473395372,21,20,1,0,0,0,0,0,0,0,0,1,0
1b5q,C,370,MET,1.9,162.9,0.0,0,0,X,0.0,0.0,0.0,0.0,0.0,0.0,0.0,0.0,31,0.04429605349725603,27,18,9,0,0,0,0,0,0,0,0,1,0
1b5q,C,371,GLN,-3.5,143.8,0.0,2,2,X,0.0,0.0,0.0,0.0,0.0,0.0,0.0,0.0,20,0.03450429430312575,25,12,13,0,0,0,0,0,0,0,0,1,0
1b5q,C,372,VAL,4.2,140.0,0.0,0,0,X,0.0,0.0,0.0,0.0,0.0,0.0,0.0,0.0,33,0.04709369898129325,23,21,2,0,0,0,0,0,0,0,0,1,0
1b5q,C,373,LEU,3.8,166.7,0.0,0,0,X,0.0,0.0,0.0,0.0,0.0,0.0,0.0,0.0,33,0.048026247475972325,28,12,16,0,0,0,0,0,0,0,0,1,0
1b5q,C,374,ARG,-4.5,173.4,1.0,5,0,X,0.0,0.0,0.0,0.0,0.0,0.0,0.0,0.0,22,0.043363505002576956,17,20,-3,0,0,0,0,0,0,0,0,1,0
1b5q,C,375,LYS,-3.9,168.6,1.0,2,0,X,0.0,0.0,0.0,0.0,0.0,0.0,0.0,0.0,23,0.04196468226055834,14,19,-5,0,0,0,0,0,0,0,0,1,0
1b5q,C,376,MET,1.9,162.9,0.0,0,0,X,0.0,0.0,0.0,0.0,0.0,0.0,0.0,0.0,34,0.048958795970651406,28,13,15,0,0,0,0,0,0,0,0,1,0
1b5q,C,377,PHE,2.8,189.9,0.0,0,0,X,0.0,0.0,0.0,0.0,0.0,0.0,0.0,0.0,30,0.04243095650789788,28,9,19,0,0,0,0,0,0,0,0,1,0
1b5q,C,378,PRO,-1.6,112.7,0.0,0,0,X,0.0,0.0,0.0,0.0,0.0,0.0,0.0,0.0,19,0.027510180593032695,26,14,12,0,0,0,0,0,0,0,0,1,0
1b5q,C,379,GLY,-0.4,60.1,0.0,0,0,X,0.0,0.0,0.0,0.0,0.0,0.0,0.0,0.0,15,0.01678587290422334,19,9,10,0,0,0,0,0,0,0,0,1,0
1b5q,C,380,LYS,-3.9,168.6,1.0,2,0,X,0.0,0.0,0.0,0.0,0.0,0.0,0.0,0.0,16,0.029375277582390842,23,8,15,0,0,0,0,0,0,0,0,1,0
1b5q,C,381,ASP,-3.5,111.1,-1.0,1,3,X,0.0,0.0,0.0,0.0,0.0,0.0,0.0,0.0,14,0.027043906345693154,34,6,28,0,0,0,0,0,0,0,0,1,0
1b5q,C,382,VAL,4.2,140.0,0.0,0,0,X,0.0,0.0,0.0,0.0,0.0,0.0,0.0,0.0,23,0.04149840801321881,38,16,22,0,0,0,0,0,0,0,0,1,0
1b5q,C,383,PRO,-1.6,112.7,0.0,0,0,X,0.0,0.0,0.0,0.0,0.0,0.0,0.0,0.0,23,0.03776821403450251,38,17,21,0,0,0,0,0,0,0,0,1,0
1b5q,C,384,ASP,-3.5,111.1,-1.0,1,3,X,0.0,0.0,0.0,0.0,0.0,0.0,0.0,0.0,20,0.03450429430312575,29,10,19,0,0,0,0,0,0,0,0,1,0
1b5q,C,385,ALA,1.8,88.6,0.0,0,0,X,0.0,0.0,0.0,0.0,0.0,0.0,0.0,0.0,28,0.043363505002576956,25,21,4,0,0,0,0,0,0,0,0,1,0
1b5q,C,386,THR,-0.7,116.1,0.0,1,1,X,0.0,0.0,0.0,0.0,0.0,0.0,0.0,0.0,19,0.029375277582390842,17,16,1,0,0,0,0,0,0,0,0,1,0
1b5q,C,387,ASP,-3.5,111.1,-1.0,1,3,X,0.0,0.0,0.0,0.0,0.0,0.0,0.0,0.0,23,0.030774100324409453,16,12,4,0,0,0,0,0,0,0,0,1,0
1b5q,C,388,ILE,4.5,166.7,0.0,0,0,X,0.0,0.0,0.0,0.0,0.0,0.0,0.0,0.0,30,0.04196468226055834,21,24,-3,0,0,0,0,0,0,0,0,1,0
1b5q,C,389,LEU,3.8,166.7,0.0,0,0,X,0.0,0.0,0.0,0.0,0.0,0.0,0.0,0.0,28,0.03776821403450251,20,20,0,0,0,0,0,0,0,0,0,1,0
1b5q,C,390,VAL,4.2,140.0,0.0,0,0,X,0.0,0.0,0.0,0.0,0.0,0.0,0.0,0.0,34,0.04103213376587927,22,23,-1,0,0,0,0,0,0,0,0,1,0
1b5q,C,391,PRO,-1.6,112.7,0.0,0,0,X,0.0,0.0,0.0,0.0,0.0,0.0,0.0,0.0,32,0.04103213376587927,21,21,0,0,0,0,0,0,0,0,0,1,0
1b5q,C,392,ARG,-4.5,173.4,1.0,5,0,X,0.0,0.0,0.0,0.0,0.0,0.0,0.0,0.0,25,0.03683566553982344,11,24,-13,0,0,0,0,0,0,0,0,1,0
1b5q,C,393,TRP,-0.9,227.8,0.0,1,0,X,0.0,0.0,0.0,0.0,0.0,0.0,0.0,0.0,31,0.048492521723311866,46,15,31,0,0,0,0,0,0,0,0,1,1
1b5q,C,394,TRP,-0.9,227.8,0.0,1,0,X,0.0,0.0,0.0,0.0,0.0,0.0,0.0,0.0,28,0.04755997322863279,37,26,11,0,0,0,0,0,0,0,0,1,0
1b5q,C,395,SER,-0.8,89.0,0.0,1,1,X,0.0,0.0,0.0,0.0,0.0,0.0,0.0,0.0,19,0.034970568550465285,36,17,19,0,0,0,0,0,0,0,0,1,0
1b5q,C,396,ASP,-3.5,111.1,-1.0,1,3,X,0.0,0.0,0.0,0.0,0.0,0.0,0.0,0.0,23,0.03916703677652112,29,5,24,0,0,0,0,0,0,0,0,1,0
1b5q,C,397,ARG,-4.5,173.4,1.0,5,0,X,0.0,0.0,0.0,0.0,0.0,0.0,0.0,0.0,20,0.035436842797804825,17,19,-2,0,0,0,0,0,0,0,0,1,0
1b5q,C,398,PHE,2.8,189.9,0.0,0,0,X,0.0,0.0,0.0,0.0,0.0,0.0,0.0,0.0,33,0.040099585271200194,34,21,13,0,0,0,0,0,0,0,0,1,1
1b5q,C,399,TYR,-1.3,193.6,0.0,1,1,X,0.0,0.0,0.0,0.0,0.0,0.0,0.0,0.0,35,0.05175644145468863,38,12,26,0,0,0,0,0,0,0,0,1,1
1b5q,C,400,LYS,-3.9,168.6,1.0,2,0,X,0.0,0.0,0.0,0.0,0.0,0.0,0.0,0.0,27,0.05129016720734909,21,15,6,0,0,0,0,0,0,0,0,1,0
1b5q,C,401,GLY,-0.4,60.1,0.0,0,0,X,0.0,0.0,0.0,0.0,0.0,0.0,0.0,0.0,36,0.053621538444046775,34,20,14,0,0,0,0,0,0,0,0,1,0
1b5q,C,402,THR,-0.7,116.1,0.0,1,1,X,0.0,0.0,0.0,0.0,0.0,0.0,0.0,0.0,42,0.04709369898129325,25,16,9,0,0,0,0,0,0,0,0,1,1
1b5q,C,403,PHE,2.8,189.9,0.0,0,0,X,0.0,0.0,0.0,0.0,0.0,0.0,0.0,0.0,38,0.04476232774459557,17,35,-18,0,0,0,0,0,0,0,0,1,1
1b5q,C,404,SER,-0.8,89.0,0.0,1,1,X,0.0,0.0,0.0,0.0,0.0,0.0,0.0,0.0,36,0.05502036118606539,16,25,-9,0,0,0,0,0,0,0,0,1,1
1b5q,C,405,ASN,-3.5,114.1,0.0,2,2,X,0.0,0.0,0.0,0.0,0.0,0.0,0.0,0.0,38,0.05129016720734909,2,28,-26,0,0,0,0,0,0,0,0,1,1
1b5q,C,406,TRP,-0.9,227.8,0.0,1,0,X,0.0,0.0,0.0,0.0,0.0,0.0,0.0,0.0,40,0.05222271570202816,19,27,-8,0,0,0,0,0,0,0,0,1,0
1b5q,C,407,PRO,-1.6,112.7,0.0,0,0,X,0.0,0.0,0.0,0.0,0.0,0.0,0.0,0.0,35,0.048492521723311866,3,22,-19,0,0,0,0,0,0,0,0,1,0
1b5q,C,408,VAL,4.2,140.0,0.0,0,0,X,0.0,0.0,0.0,0.0,0.0,0.0,0.0,0.0,29,0.04196468226055834,6,17,-11,0,0,0,0,0,0,0,0,1,0
1b5q,C,409,GLY,-0.4,60.1,0.0,0,0,X,0.0,0.0,0.0,0.0,0.0,0.0,0.0,0.0,26,0.029375277582390842,9,25,-16,0,0,0,0,0,0,0,0,1,0
1b5q,C,410,VAL,4.2,140.0,0.0,0,0,X,0.0,0.0,0.0,0.0,0.0,0.0,0.0,0.0,32,0.04429605349725603,11,25,-14,0,0,0,0,0,0,0,0,1,0
1b5q,C,411,ASN,-3.5,114.1,0.0,2,2,X,0.0,0.0,0.0,0.0,0.0,0.0,0.0,0.0,25,0.04149840801321881,21,23,-2,0,0,0,0,0,0,0,0,1,0
1b5q,C,412,ARG,-4.5,173.4,1.0,5,0,X,0.0,0.0,0.0,0.0,0.0,0.0,0.0,0.0,26,0.03870076252918159,19,25,-6,0,0,0,0,0,0,0,0,1,0
1b5q,C,413,TYR,-1.3,193.6,0.0,1,1,X,0.0,0.0,0.0,0.0,0.0,0.0,0.0,0.0,18,0.032172923066428064,17,18,-1,0,0,0,0,0,0,0,0,1,0
1b5q,C,414,GLU,-3.5,138.4,-1.0,1,3,X,0.0,0.0,0.0,0.0,0.0,0.0,0.0,0.0,25,0.043363505002576956,24,8,16,0,0,0,0,0,0,0,0,1,0
1b5q,C,415,TYR,-1.3,193.6,0.0,1,1,X,0.0,0.0,0.0,0.0,0.0,0.0,0.0,0.0,32,0.05175644145468863,43,32,11,0,0,0,0,0,0,0,0,1,0
1b5q,C,416,ASP,-3.5,111.1,-1.0,1,3,X,0.0,0.0,0.0,0.0,0.0,0.0,0.0,0.0,24,0.04662742473395372,36,18,18,0,0,0,0,0,0,0,0,1,0
1b5q,C,417,GLN,-3.5,143.8,0.0,2,2,X,0.0,0.0,0.0,0.0,0.0,0.0,0.0,0.0,27,0.04616115048661418,36,17,19,0,0,0,0,0,0,0,0,1,0
1b5q,C,418,LEU,3.8,166.7,0.0,0,0,X,0.0,0.0,0.0,0.0,0.0,0.0,0.0,0.0,41,0.053621538444046775,36,24,12,0,0,0,0,0,0,0,0,1,0
1b5q,C,419,ARG,-4.5,173.4,1.0,5,0,X,0.0,0.0,0.0,0.0,0.0,0.0,0.0,0.0,34,0.04755997322863279,25,33,-8,0,0,0,0,0,0,0,0,1,0
1b5q,C,420,ALA,1.8,88.6,0.0,0,0,X,0.0,0.0,0.0,0.0,0.0,0.0,0.0,0.0,30,0.03916703677652112,31,11,20,0,0,0,0,0,0,0,0,1,0
1b5q,C,421,PRO,-1.6,112.7,0.0,0,0,X,0.0,0.0,0.0,0.0,0.0,0.0,0.0,0.0,30,0.03730193978716297,30,3,27,0,0,0,0,0,0,0,0,1,0
1b5q,C,422,VAL,4.2,140.0,0.0,0,0,X,0.0,0.0,0.0,0.0,0.0,0.0,0.0,0.0,28,0.040099585271200194,23,0,23,0,0,0,0,0,0,0,0,1,0
1b5q,C,423,GLY,-0.4,60.1,0.0,0,0,X,0.0,0.0,0.0,0.0,0.0,0.0,0.0,0.0,27,0.030774100324409453,15,2,13,0,0,0,0,0,0,0,0,1,0
1b5q,C,424,ARG,-4.5,173.4,1.0,5,0,X,0.0,0.0,0.0,0.0,0.0,0.0,0.0,0.0,26,0.04616115048661418,5,8,-3,0,0,0,0,0,0,0,0,1,0
1b5q,C,425,VAL,4.2,140.0,0.0,0,0,X,0.0,0.0,0.0,0.0,0.0,0.0,0.0,0.0,36,0.048492521723311866,24,2,22,0,0,0,0,0,0,0,0,1,0
1b5q,C,426,TYR,-1.3,193.6,0.0,1,1,X,0.0,0.0,0.0,0.0,0.0,0.0,0.0,0.0,37,0.04942507021799094,19,8,11,0,0,0,0,0,0,0,0,1,0
1b5q,C,427,PHE,2.8,189.9,0.0,0,0,X,0.0,0.0,0.0,0.0,0.0,0.0,0.0,0.0,38,0.04709369898129325,30,2,28,0,0,0,0,0,0,0,0,1,0
1b5q,C,428,THR,-0.7,116.1,0.0,1,1,X,0.0,0.0,0.0,0.0,0.0,0.0,0.0,0.0,49,0.05408781269138631,21,17,4,0,0,0,0,0,0,0,0,1,0
1b5q,C,429,GLY,-0.4,60.1,0.0,0,0,X,0.0,0.0,0.0,0.0,0.0,0.0,0.0,0.0,45,0.04755997322863279,28,17,11,0,0,0,0,0,0,0,0,1,1
1b5q,C,430,GLU,-3.5,138.4,-1.0,1,3,X,0.0,0.0,0.0,0.0,0.0,0.0,0.0,0.0,39,0.0526889899493677,28,5,23,0,0,0,0,0,0,0,0,1,1
1b5q,C,431,HIS,-3.2,153.2,0.1,2,1,X,0.0,0.0,0.0,0.0,0.0,0.0,0.0,0.0,43,0.05175644145468863,16,19,-3,0,0,0,0,0,0,0,0,1,0
1b5q,C,432,THR,-0.7,116.1,0.0,1,1,X,0.0,0.0,0.0,0.0,0.0,0.0,0.0,0.0,47,0.050823892960009553,28,35,-7,0,0,0,0,0,0,0,0,1,0
1b5q,C,433,SER,-0.8,89.0,0.0,1,1,X,0.0,0.0,0.0,0.0,0.0,0.0,0.0,0.0,34,0.05502036118606539,45,33,12,0,0,0,0,0,0,0,0,1,0
1b5q,C,434,GLU,-3.5,138.4,-1.0,1,3,X,0.0,0.0,0.0,0.0,0.0,0.0,0.0,0.0,26,0.04149840801321881,34,16,18,0,0,0,0,0,0,0,0,1,0
1b5q,C,435,HIS,-3.2,153.2,0.1,2,1,X,0.0,0.0,0.0,0.0,0.0,0.0,0.0,0.0,28,0.03730193978716297,18,21,-3,0,0,0,0,0,0,0,0,1,0
1b5q,C,436,TYR,-1.3,193.6,0.0,1,1,X,0.0,0.0,0.0,0.0,0.0,0.0,0.0,0.0,36,0.04942507021799094,27,26,1,0,0,0,0,0,0,0,0,1,0
1b5q,C,437,ASN,-3.5,114.1,0.0,2,2,X,0.0,0.0,0.0,0.0,0.0,0.0,0.0,0.0,37,0.050823892960009553,33,23,10,0,0,0,0,0,0,0,0,1,0
1b5q,C,438,GLY,-0.4,60.1,0.0,0,0,X,0.0,0.0,0.0,0.0,0.0,0.0,0.0,0.0,36,0.04289723075523742,28,24,4,0,0,0,0,0,0,0,0,1,1
1b5q,C,439,TYR,-1.3,193.6,0.0,1,1,X,0.0,0.0,0.0,0.0,0.0,0.0,0.0,0.0,36,0.04289723075523742,18,26,-8,0,0,0,0,0,0,0,0,1,1
1b5q,C,440,VAL,4.2,140.0,0.0,0,0,X,0.0,0.0,0.0,0.0,0.0,0.0,0.0,0.0,42,0.03963331102386066,21,20,1,0,0,0,0,0,0,0,0,1,1
1b5q,C,441,HIS,-3.2,153.2,0.1,2,1,X,0.0,0.0,0.0,0.0,0.0,0.0,0.0,0.0,32,0.048958795970651406,5,18,-13,0,0,0,0,0,0,0,0,1,0
1b5q,C,442,GLY,-0.4,60.1,0.0,0,0,X,0.0,0.0,0.0,0.0,0.0,0.0,0.0,0.0,37,0.053155264196707235,26,21,5,0,0,0,0,0,0,0,0,1,0
1b5q,C,443,ALA,1.8,88.6,0.0,0,0,X,0.0,0.0,0.0,0.0,0.0,0.0,0.0,0.0,39,0.0526889899493677,25,15,10,0,0,0,0,0,0,0,0,1,1
1b5q,C,444,TYR,-1.3,193.6,0.0,1,1,X,0.0,0.0,0.0,0.0,0.0,0.0,0.0,0.0,37,0.04709369898129325,22,7,15,0,0,0,0,0,0,0,0,1,0
1b5q,C,445,LEU,3.8,166.7,0.0,0,0,X,0.0,0.0,0.0,0.0,0.0,0.0,0.0,0.0,33,0.04149840801321881,20,22,-2,0,0,0,0,0,0,0,0,1,0
1b5q,C,446,SER,-0.8,89.0,0.0,1,1,X,0.0,0.0,0.0,0.0,0.0,0.0,0.0,0.0,39,0.0526889899493677,28,27,1,0,0,0,0,0,0,0,0,1,0
1b5q,C,447,GLY,-0.4,60.1,0.0,0,0,X,0.0,0.0,0.0,0.0,0.0,0.0,0.0,0.0,41,0.053621538444046775,22,22,0,0,0,0,0,0,0,0,0,1,0
1b5q,C,448,ILE,4.5,166.7,0.0,0,0,X,0.0,0.0,0.0,0.0,0.0,0.0,0.0,0.0,31,0.04755997322863279,22,22,0,0,0,0,0,0,0,0,0,1,0
1b5q,C,449,ASP,-3.5,111.1,-1.0,1,3,X,0.0,0.0,0.0,0.0,0.0,0.0,0.0,0.0,30,0.03683566553982344,19,17,2,0,0,0,0,0,0,0,0,1,0
1b5q,C,450,SER,-0.8,89.0,0.0,1,1,X,0.0,0.0,0.0,0.0,0.0,0.0,0.0,0.0,39,0.04709369898129325,20,18,2,0,0,0,0,0,0,0,0,1,0
1b5q,C,451,ALA,1.8,88.6,0.0,0,0,X,0.0,0.0,0.0,0.0,0.0,0.0,0.0,0.0,37,0.05035761871267001,16,22,-6,0,0,0,0,0,0,0,0,1,0
1b5q,C,452,GLU,-3.5,138.4,-1.0,1,3,X,0.0,0.0,0.0,0.0,0.0,0.0,0.0,0.0,25,0.03963331102386066,17,11,6,0,0,0,0,0,0,0,0,1,0
1b5q,C,453,ILE,4.5,166.7,0.0,0,0,X,0.0,0.0,0.0,0.0,0.0,0.0,0.0,0.0,31,0.040099585271200194,24,17,7,0,0,0,0,0,0,0,0,1,0
1b5q,C,454,LEU,3.8,166.7,0.0,0,0,X,0.0,0.0,0.0,0.0,0.0,0.0,0.0,0.0,38,0.043829779249916496,22,15,7,0,0,0,0,0,0,0,0,1,0
1b5q,C,455,ILE,4.5,166.7,0.0,0,0,X,0.0,0.0,0.0,0.0,0.0,0.0,0.0,0.0,29,0.04755997322863279,23,18,5,0,0,0,0,0,0,0,0,1,0
1b5q,C,456,ASN,-3.5,114.1,0.0,2,2,X,0.0,0.0,0.0,0.0,0.0,0.0,0.0,0.0,23,0.04103213376587927,29,11,18,0,0,0,0,0,0,0,0,1,0
1b5q,C,457,CYS,2.5,108.5,0.0,1,0,X,0.0,0.0,0.0,0.0,0.0,0.0,0.0,0.0,24,0.04289723075523742,35,5,30,0,0,0,0,0,0,0,0,1,0
1b5q,C,458,ALA,1.8,88.6,0.0,0,0,X,0.0,0.0,0.0,0.0,0.0,0.0,0.0,0.0,23,0.04103213376587927,29,10,19,0,0,0,0,0,0,0,0,1,0
1b5q,C,459,GLN,-3.5,143.8,0.0,2,2,X,0.0,0.0,0.0,0.0,0.0,0.0,0.0,0.0,20,0.03170664881908853,20,5,15,0,0,0,0,0,0,0,0,1,0
1b5q,C,460,LYS,-3.9,168.6,1.0,2,0,X,0.0,0.0,0.0,0.0,0.0,0.0,0.0,0.0,15,0.02844272908771177,10,3,7,0,0,0,0,0,0,0,0,1,0
1b5q,C,461,LYS,-3.9,168.6,1.0,2,0,X,0.0,0.0,0.0,0.0,0.0,0.0,0.0,0.0,15,0.025645083603674543,12,0,12,0,0,0,0,0,0,0,0,1,0
1b5q,C,462,MET,1.9,162.9,0.0,0,0,X,0.0,0.0,0.0,0.0,0.0,0.0,0.0,0.0,14,0.027510180593032695,26,2,24,0,0,0,0,0,0,0,0,1,0
1b5q,C,463,CYS,2.5,108.5,0.0,1,0,X,0.0,0.0,0.0,0.0,0.0,0.0,0.0,0.0,18,0.02984155182973038,27,2,25,0,0,0,0,0,0,0,0,1,0
1b5q,C,464,LYS,-3.9,168.6,1.0,2,0,X,0.0,0.0,0.0,0.0,0.0,0.0,0.0,0.0,15,0.02611135785101408,13,3,10,0,0,0,0,0,0,0,0,1,0
1b5q,C,465,TYR,-1.3,193.6,0.0,1,1,X,0.0,0.0,0.0,0.0,0.0,0.0,0.0,0.0,8,0.018650969893581486,19,0,19,0,0,0,0,0,0,0,0,1,0
1b5q,C,466,HIS,-3.2,153.2,0.1,2,1,X,0.0,0.0,0.0,0.0,0.0,0.0,0.0,0.0,8,0.017718421398902413,9,6,3,0,0,0,0,0,0,0,0,1,0
