pdb_id,chain_id,residue_id,residue_name,hydrophobicity,volume,charge,hbond_donor,hbond_acceptor,ss_type,rel_asa,phi,psi,hse_up,hse_down,hse_ratio,residue_depth,ca_depth,neighbor_count,atom_density,pos_charged_neighbors,neg_charged_neighbors,net_charge_environment,ss_H,ss_B,ss_E,ss_G,ss_I,ss_T,ss_S,ss_ ,ss_X,is_binding_site
1bav,A,1,ALA,1.8,88.6,0.0,0,0,X,0.0,0.0,0.0,0.0,0.0,0.0,0.0,0.0,14,0.02098234113027917,14,14,0,0,0,0,0,0,0,0,0,1,0
1bav,A,2,ARG,-4.5,173.4,1.0,5,0,X,0.0,0.0,0.0,0.0,0.0,0.0,0.0,0.0,8,0.018650969893581486,0,0,0,0,0,0,0,0,0,0,0,1,0
1bav,A,3,SER,-0.8,89.0,0.0,1,1,X,0.0,0.0,0.0,0.0,0.0,0.0,0.0,0.0,17,0.03124037457174899,17,4,13,0,0,0,0,0,0,0,0,1,0
1bav,A,4,THR,-0.7,116.1,0.0,1,1,X,0.0,0.0,0.0,0.0,0.0,0.0,0.0,0.0,26,0.04429605349725603,22,11,11,0,0,0,0,0,0,0,0,1,0
1bav,A,5,ASN,-3.5,114.1,0.0,2,2,X,0.0,0.0,0.0,0.0,0.0,0.0,0.0,0.0,16,0.02611135785101408,16,5,11,0,0,0,0,0,0,0,0,1,0
1bav,A,6,THR,-0.7,116.1,0.0,1,1,X,0.0,0.0,0.0,0.0,0.0,0.0,0.0,0.0,13,0.027043906345693154,17,0,17,0,0,0,0,0,0,0,0,1,0
1bav,A,7,PHE,2.8,189.9,0.0,0,0,X,0.0,0.0,0.0,0.0,0.0,0.0,0.0,0.0,25,0.035436842797804825,19,13,6,0,0,0,0,0,0,0,0,1,0
1bav,A,8,ASN,-3.5,114.1,0.0,2,2,X,0.0,0.0,0.0,0.0,0.0,0.0,0.0,0.0,19,0.028909003335051305,8,5,3,0,0,0,0,0,0,0,0,1,0
1bav,A,9,TYR,-1.3,193.6,0.0,1,1,X,0.0,0.0,0.0,0.0,0.0,0.0,0.0,0.0,29,0.03963331102386066,19,4,15,0,0,0,0,0,0,0,0,1,0
1bav,A,10,ALA,1.8,88.6,0.0,0,0,X,0.0,0.0,0.0,0.0,0.0,0.0,0.0,0.0,20,0.034970568550465285,8,0,8,0,0,0,0,0,0,0,0,1,0
1bav,A,11,THR,-0.7,116.1,0.0,1,1,X,0.0,0.0,0.0,0.0,0.0,0.0,0.0,0.0,21,0.02984155182973038,12,5,7,0,0,0,0,0,0,0,0,1,0
1bav,A,12,TYR,-1.3,193.6,0.0,1,1,X,0.0,0.0,0.0,0.0,0.0,0.0,0.0,0.0,32,0.03870076252918159,23,5,18,0,0,0,0,0,0,0,0,1,0
1bav,A,13,HIS,-3.2,153.2,0.1,2,1,X,0.0,0.0,0.0,0.0,0.0,0.0,0.0,0.0,27,0.03730193978716297,6,18,-12,0,0,0,0,0,0,0,0,1,0
1bav,A,14,THR,-0.7,116.1,0.0,1,1,X,0.0,0.0,0.0,0.0,0.0,0.0,0.0,0.0,22,0.03776821403450251,20,23,-3,0,0,0,0,0,0,0,0,1,0
1bav,A,15,LEU,3.8,166.7,0.0,0,0,X,0.0,0.0,0.0,0.0,0.0,0.0,0.0,0.0,26,0.04103213376587927,24,24,0,0,0,0,0,0,0,0,0,1,0
1bav,A,16,ASP,-3.5,111.1,-1.0,1,3,X,0.0,0.0,0.0,0.0,0.0,0.0,0.0,0.0,17,0.02984155182973038,18,18,0,0,0,0,0,0,0,0,0,1,0
1bav,A,17,GLU,-3.5,138.4,-1.0,1,3,X,0.0,0.0,0.0,0.0,0.0,0.0,0.0,0.0,19,0.03683566553982344,16,16,0,0,0,0,0,0,0,0,0,1,0
1bav,A,18,ILE,4.5,166.7,0.0,0,0,X,0.0,0.0,0.0,0.0,0.0,0.0,0.0,0.0,34,0.04989134446533048,15,32,-17,0,0,0,0,0,0,0,0,1,0
1bav,A,19,TYR,-1.3,193.6,0.0,1,1,X,0.0,0.0,0.0,0.0,0.0,0.0,0.0,0.0,27,0.04149840801321881,13,30,-17,0,0,0,0,0,0,0,0,1,0
1bav,A,20,ASP,-3.5,111.1,-1.0,1,3,X,0.0,0.0,0.0,0.0,0.0,0.0,0.0,0.0,20,0.03450429430312575,9,25,-16,0,0,0,0,0,0,0,0,1,0
1bav,A,21,PHE,2.8,189.9,0.0,0,0,X,0.0,0.0,0.0,0.0,0.0,0.0,0.0,0.0,41,0.04476232774459557,19,25,-6,0,0,0,0,0,0,0,0,1,0
1bav,A,22,MET,1.9,162.9,0.0,0,0,X,0.0,0.0,0.0,0.0,0.0,0.0,0.0,0.0,33,0.04149840801321881,11,26,-15,0,0,0,0,0,0,0,0,1,0
1bav,A,23,ASP,-3.5,111.1,-1.0,1,3,X,0.0,0.0,0.0,0.0,0.0,0.0,0.0,0.0,20,0.03357174580844668,10,12,-2,0,0,0,0,0,0,0,0,1,0
1bav,A,24,LEU,3.8,166.7,0.0,0,0,X,0.0,0.0,0.0,0.0,0.0,0.0,0.0,0.0,25,0.03823448828184205,17,19,-2,0,0,0,0,0,0,0,0,1,0
1bav,A,25,LEU,3.8,166.7,0.0,0,0,X,0.0,0.0,0.0,0.0,0.0,0.0,0.0,0.0,37,0.04942507021799094,29,14,15,0,0,0,0,0,0,0,0,1,0
1bav,A,26,VAL,4.2,140.0,0.0,0,0,X,0.0,0.0,0.0,0.0,0.0,0.0,0.0,0.0,24,0.040099585271200194,23,18,5,0,0,0,0,0,0,0,0,1,0
1bav,A,27,ALA,1.8,88.6,0.0,0,0,X,0.0,0.0,0.0,0.0,0.0,0.0,0.0,0.0,19,0.027510180593032695,12,15,-3,0,0,0,0,0,0,0,0,1,0
1bav,A,28,GLN,-3.5,143.8,0.0,2,2,X,0.0,0.0,0.0,0.0,0.0,0.0,0.0,0.0,22,0.02984155182973038,20,8,12,0,0,0,0,0,0,0,0,1,0
1bav,A,29,HIS,-3.2,153.2,0.1,2,1,X,0.0,0.0,0.0,0.0,0.0,0.0,0.0,0.0,24,0.0363693912924839,10,17,-7,0,0,0,0,0,0,0,0,1,0
1bav,A,30,PRO,-1.6,112.7,0.0,0,0,X,0.0,0.0,0.0,0.0,0.0,0.0,0.0,0.0,17,0.02844272908771177,12,11,1,0,0,0,0,0,0,0,0,1,0
1bav,A,31,GLU,-3.5,138.4,-1.0,1,3,X,0.0,0.0,0.0,0.0,0.0,0.0,0.0,0.0,15,0.022381163872297785,11,0,11,0,0,0,0,0,0,0,0,1,0
1bav,A,32,LEU,3.8,166.7,0.0,0,0,X,0.0,0.0,0.0,0.0,0.0,0.0,0.0,0.0,31,0.03823448828184205,24,21,3,0,0,0,0,0,0,0,0,1,0
1bav,A,33,VAL,4.2,140.0,0.0,0,0,X,0.0,0.0,0.0,0.0,0.0,0.0,0.0,0.0,29,0.043829779249916496,27,13,14,0,0,0,0,0,0,0,0,1,0
1bav,A,34,SER,-0.8,89.0,0.0,1,1,X,0.0,0.0,0.0,0.0,0.0,0.0,0.0,0.0,26,0.03730193978716297,23,11,12,0,0,0,0,0,0,0,0,1,0
1bav,A,35,LYS,-3.9,168.6,1.0,2,0,X,0.0,0.0,0.0,0.0,0.0,0.0,0.0,0.0,24,0.03776821403450251,7,11,-4,0,0,0,0,0,0,0,0,1,0
1bav,A,36,LEU,3.8,166.7,0.0,0,0,X,0.0,0.0,0.0,0.0,0.0,0.0,0.0,0.0,20,0.035436842797804825,18,7,11,0,0,0,0,0,0,0,0,1,0
1bav,A,37,GLN,-3.5,143.8,0.0,2,2,X,0.0,0.0,0.0,0.0,0.0,0.0,0.0,0.0,18,0.03450429430312575,24,2,22,0,0,0,0,0,0,0,0,1,0
1bav,A,38,ILE,4.5,166.7,0.0,0,0,X,0.0,0.0,0.0,0.0,0.0,0.0,0.0,0.0,31,0.035436842797804825,19,21,-2,0,0,0,0,0,0,0,0,1,0
1bav,A,39,GLY,-0.4,60.1,0.0,0,0,X,0.0,0.0,0.0,0.0,0.0,0.0,0.0,0.0,25,0.03403802005578621,23,15,8,0,0,0,0,0,0,0,0,1,0
1bav,A,40,ARG,-4.5,173.4,1.0,5,0,X,0.0,0.0,0.0,0.0,0.0,0.0,0.0,0.0,17,0.040099585271200194,9,12,-3,0,0,0,0,0,0,0,0,1,0
1bav,A,41,SER,-0.8,89.0,0.0,1,1,X,0.0,0.0,0.0,0.0,0.0,0.0,0.0,0.0,27,0.04709369898129325,28,24,4,0,0,0,0,0,0,0,0,1,0
1bav,A,42,TYR,-1.3,193.6,0.0,1,1,X,0.0,0.0,0.0,0.0,0.0,0.0,0.0,0.0,22,0.04103213376587927,28,25,3,0,0,0,0,0,0,0,0,1,0
1bav,A,43,GLU,-3.5,138.4,-1.0,1,3,X,0.0,0.0,0.0,0.0,0.0,0.0,0.0,0.0,21,0.03170664881908853,31,4,27,0,0,0,0,0,0,0,0,1,0
1bav,A,44,GLY,-0.4,60.1,0.0,0,0,X,0.0,0.0,0.0,0.0,0.0,0.0,0.0,0.0,16,0.028909003335051305,22,13,9,0,0,0,0,0,0,0,0,1,0
1bav,A,45,ARG,-4.5,173.4,1.0,5,0,X,0.0,0.0,0.0,0.0,0.0,0.0,0.0,0.0,25,0.03916703677652112,14,16,-2,0,0,0,0,0,0,0,0,1,0
1bav,A,46,PRO,-1.6,112.7,0.0,0,0,X,0.0,0.0,0.0,0.0,0.0,0.0,0.0,0.0,26,0.03776821403450251,26,9,17,0,0,0,0,0,0,0,0,1,0
1bav,A,47,ILE,4.5,166.7,0.0,0,0,X,0.0,0.0,0.0,0.0,0.0,0.0,0.0,0.0,33,0.04989134446533048,22,18,4,0,0,0,0,0,0,0,0,1,0
1bav,A,48,TYR,-1.3,193.6,0.0,1,1,X,0.0,0.0,0.0,0.0,0.0,0.0,0.0,0.0,28,0.04942507021799094,22,16,6,0,0,0,0,0,0,0,0,1,0
1bav,A,49,VAL,4.2,140.0,0.0,0,0,X,0.0,0.0,0.0,0.0,0.0,0.0,0.0,0.0,32,0.04989134446533048,17,12,5,0,0,0,0,0,0,0,0,1,0
1bav,A,50,LEU,3.8,166.7,0.0,0,0,X,0.0,0.0,0.0,0.0,0.0,0.0,0.0,0.0,39,0.04709369898129325,19,11,8,0,0,0,0,0,0,0,0,1,0
1bav,A,51,LYS,-3.9,168.6,1.0,2,0,X,0.0,0.0,0.0,0.0,0.0,0.0,0.0,0.0,34,0.04755997322863279,11,11,0,0,0,0,0,0,0,0,0,1,0
1bav,A,52,PHE,2.8,189.9,0.0,0,0,X,0.0,0.0,0.0,0.0,0.0,0.0,0.0,0.0,38,0.050823892960009553,27,14,13,0,0,0,0,0,0,0,0,1,0
1bav,A,53,SER,-0.8,89.0,0.0,1,1,X,0.0,0.0,0.0,0.0,0.0,0.0,0.0,0.0,28,0.04196468226055834,22,21,1,0,0,0,0,0,0,0,0,1,0
1bav,A,54,THR,-0.7,116.1,0.0,1,1,X,0.0,0.0,0.0,0.0,0.0,0.0,0.0,0.0,23,0.034970568550465285,15,22,-7,0,0,0,0,0,0,0,0,1,0
1bav,A,55,GLY,-0.4,60.1,0.0,0,0,X,0.0,0.0,0.0,0.0,0.0,0.0,0.0,0.0,21,0.02144861537761871,18,18,0,0,0,0,0,0,0,0,0,1,0
1bav,A,56,GLY,-0.4,60.1,0.0,0,0,X,0.0,0.0,0.0,0.0,0.0,0.0,0.0,0.0,15,0.01958351838826056,15,9,6,0,0,0,0,0,0,0,0,1,0
1bav,A,57,SER,-0.8,89.0,0.0,1,1,X,0.0,0.0,0.0,0.0,0.0,0.0,0.0,0.0,15,0.01678587290422334,19,7,12,0,0,0,0,0,0,0,0,1,0
1bav,A,58,ASN,-3.5,114.1,0.0,2,2,X,0.0,0.0,0.0,0.0,0.0,0.0,0.0,0.0,19,0.027510180593032695,25,6,19,0,0,0,0,0,0,0,0,1,0
1bav,A,59,ARG,-4.5,173.4,1.0,5,0,X,0.0,0.0,0.0,0.0,0.0,0.0,0.0,0.0,23,0.035436842797804825,10,15,-5,0,0,0,0,0,0,0,0,1,0
1bav,A,60,PRO,-1.6,112.7,0.0,0,0,X,0.0,0.0,0.0,0.0,0.0,0.0,0.0,0.0,27,0.04243095650789788,28,12,16,0,0,0,0,0,0,0,0,1,0
1bav,A,61,ALA,1.8,88.6,0.0,0,0,X,0.0,0.0,0.0,0.0,0.0,0.0,0.0,0.0,33,0.05035761871267001,28,8,20,0,0,0,0,0,0,0,0,1,0
1bav,A,62,ILE,4.5,166.7,0.0,0,0,X,0.0,0.0,0.0,0.0,0.0,0.0,0.0,0.0,35,0.05222271570202816,18,10,8,0,0,0,0,0,0,0,0,1,0
1bav,A,63,TRP,-0.9,227.8,0.0,1,0,X,0.0,0.0,0.0,0.0,0.0,0.0,0.0,0.0,40,0.05222271570202816,11,19,-8,0,0,0,0,0,0,0,0,1,0
1bav,A,64,ILE,4.5,166.7,0.0,0,0,X,0.0,0.0,0.0,0.0,0.0,0.0,0.0,0.0,41,0.05129016720734909,1,18,-17,0,0,0,0,0,0,0,0,1,0
1bav,A,65,ASP,-3.5,111.1,-1.0,1,3,X,0.0,0.0,0.0,0.0,0.0,0.0,0.0,0.0,39,0.05175644145468863,11,11,0,0,0,0,0,0,0,0,0,1,0
1bav,A,66,LEU,3.8,166.7,0.0,0,0,X,0.0,0.0,0.0,0.0,0.0,0.0,0.0,0.0,39,0.05502036118606539,15,25,-10,0,0,0,0,0,0,0,0,1,0
1bav,A,67,GLY,-0.4,60.1,0.0,0,0,X,0.0,0.0,0.0,0.0,0.0,0.0,0.0,0.0,42,0.06014937790680029,36,29,7,0,0,0,0,0,0,0,0,1,0
1bav,A,68,ILE,4.5,166.7,0.0,0,0,X,0.0,0.0,0.0,0.0,0.0,0.0,0.0,0.0,43,0.053621538444046775,43,44,-1,0,0,0,0,0,0,0,0,1,0
1bav,A,69,HIS,-3.2,153.2,0.1,2,1,X,0.0,0.0,0.0,0.0,0.0,0.0,0.0,0.0,39,0.05455408693872585,48,31,17,0,0,0,0,0,0,0,0,1,1
1bav,A,70,SER,-0.8,89.0,0.0,1,1,X,0.0,0.0,0.0,0.0,0.0,0.0,0.0,0.0,38,0.058284280917442144,61,11,50,0,0,0,0,0,0,0,0,1,0
1bav,A,71,ARG,-4.5,173.4,1.0,5,0,X,0.0,0.0,0.0,0.0,0.0,0.0,0.0,0.0,30,0.05735173242276307,43,19,24,0,0,0,0,0,0,0,0,1,0
1bav,A,72,GLU,-3.5,138.4,-1.0,1,3,X,0.0,0.0,0.0,0.0,0.0,0.0,0.0,0.0,37,0.053621538444046775,53,10,43,0,0,0,0,0,0,0,0,1,0
1bav,A,73,TRP,-0.9,227.8,0.0,1,0,X,0.0,0.0,0.0,0.0,0.0,0.0,0.0,0.0,35,0.04989134446533048,38,8,30,0,0,0,0,0,0,0,0,1,0
1bav,A,74,ILE,4.5,166.7,0.0,0,0,X,0.0,0.0,0.0,0.0,0.0,0.0,0.0,0.0,46,0.04989134446533048,24,17,7,0,0,0,0,0,0,0,0,1,0
1bav,A,75,THR,-0.7,116.1,0.0,1,1,X,0.0,0.0,0.0,0.0,0.0,0.0,0.0,0.0,42,0.048026247475972325,25,22,3,0,0,0,0,0,0,0,0,1,0
1bav,A,76,GLN,-3.5,143.8,0.0,2,2,X,0.0,0.0,0.0,0.0,0.0,0.0,0.0,0.0,42,0.04942507021799094,27,17,10,0,0,0,0,0,0,0,0,1,0
1bav,A,77,ALA,1.8,88.6,0.0,0,0,X,0.0,0.0,0.0,0.0,0.0,0.0,0.0,0.0,41,0.05175644145468863,10,5,5,0,0,0,0,0,0,0,0,1,0
1bav,A,78,THR,-0.7,116.1,0.0,1,1,X,0.0,0.0,0.0,0.0,0.0,0.0,0.0,0.0,42,0.04989134446533048,7,10,-3,0,0,0,0,0,0,0,0,1,0
1bav,A,79,GLY,-0.4,60.1,0.0,0,0,X,0.0,0.0,0.0,0.0,0.0,0.0,0.0,0.0,38,0.048026247475972325,11,9,2,0,0,0,0,0,0,0,0,1,0
1bav,A,80,VAL,4.2,140.0,0.0,0,0,X,0.0,0.0,0.0,0.0,0.0,0.0,0.0,0.0,39,0.048958795970651406,22,5,17,0,0,0,0,0,0,0,0,1,0
1bav,A,81,TRP,-0.9,227.8,0.0,1,0,X,0.0,0.0,0.0,0.0,0.0,0.0,0.0,0.0,33,0.048958795970651406,17,10,7,0,0,0,0,0,0,0,0,1,0
1bav,A,82,PHE,2.8,189.9,0.0,0,0,X,0.0,0.0,0.0,0.0,0.0,0.0,0.0,0.0,42,0.05035761871267001,15,8,7,0,0,0,0,0,0,0,0,1,0
1bav,A,83,ALA,1.8,88.6,0.0,0,0,X,0.0,0.0,0.0,0.0,0.0,0.0,0.0,0.0,38,0.048958795970651406,27,9,18,0,0,0,0,0,0,0,0,1,0
1bav,A,84,LYS,-3.9,168.6,1.0,2,0,X,0.0,0.0,0.0,0.0,0.0,0.0,0.0,0.0,29,0.050823892960009553,17,9,8,0,0,0,0,0,0,0,0,1,0
1bav,A,85,LYS,-3.9,168.6,1.0,2,0,X,0.0,0.0,0.0,0.0,0.0,0.0,0.0,0.0,29,0.04755997322863279,9,9,0,0,0,0,0,0,0,0,0,1,0
1bav,A,86,PHE,2.8,189.9,0.0,0,0,X,0.0,0.0,0.0,0.0,0.0,0.0,0.0,0.0,36,0.05035761871267001,20,10,10,0,0,0,0,0,0,0,0,1,0
1bav,A,87,THR,-0.7,116.1,0.0,1,1,X,0.0,0.0,0.0,0.0,0.0,0.0,0.0,0.0,31,0.04616115048661418,28,11,17,0,0,0,0,0,0,0,0,1,0
1bav,A,88,GLU,-3.5,138.4,-1.0,1,3,X,0.0,0.0,0.0,0.0,0.0,0.0,0.0,0.0,23,0.03450429430312575,24,0,24,0,0,0,0,0,0,0,0,1,0
1bav,A,89,ASN,-3.5,114.1,0.0,2,2,X,0.0,0.0,0.0,0.0,0.0,0.0,0.0,0.0,21,0.043363505002576956,16,9,7,0,0,0,0,0,0,0,0,1,0
1bav,A,90,TYR,-1.3,193.6,0.0,1,1,X,0.0,0.0,0.0,0.0,0.0,0.0,0.0,0.0,27,0.04149840801321881,7,16,-9,0,0,0,0,0,0,0,0,1,0
1bav,A,91,GLY,-0.4,60.1,0.0,0,0,X,0.0,0.0,0.0,0.0,0.0,0.0,0.0,0.0,17,0.026577632098353617,1,10,-9,0,0,0,0,0,0,0,0,1,0
1bav,A,92,GLN,-3.5,143.8,0.0,2,2,X,0.0,0.0,0.0,0.0,0.0,0.0,0.0,0.0,12,0.027510180593032695,4,8,-4,0,0,0,0,0,0,0,0,1,0
1bav,A,93,ASN,-3.5,114.1,0.0,2,2,X,0.0,0.0,0.0,0.0,0.0,0.0,0.0,0.0,17,0.03124037457174899,6,9,-3,0,0,0,0,0,0,0,0,1,0
1bav,A,94,PRO,-1.6,112.7,0.0,0,0,X,0.0,0.0,0.0,0.0,0.0,0.0,0.0,0.0,14,0.02331371236697686,0,6,-6,0,0,0,0,0,0,0,0,1,0
1bav,A,95,SER,-0.8,89.0,0.0,1,1,X,0.0,0.0,0.0,0.0,0.0,0.0,0.0,0.0,20,0.030774100324409453,1,14,-13,0,0,0,0,0,0,0,0,1,0
1bav,A,96,PHE,2.8,189.9,0.0,0,0,X,0.0,0.0,0.0,0.0,0.0,0.0,0.0,0.0,32,0.04476232774459557,9,20,-11,0,0,0,0,0,0,0,0,1,0
1bav,A,97,THR,-0.7,116.1,0.0,1,1,X,0.0,0.0,0.0,0.0,0.0,0.0,0.0,0.0,23,0.043829779249916496,1,10,-9,0,0,0,0,0,0,0,0,1,0
1bav,A,98,ALA,1.8,88.6,0.0,0,0,X,0.0,0.0,0.0,0.0,0.0,0.0,0.0,0.0,23,0.032172923066428064,2,17,-15,0,0,0,0,0,0,0,0,1,0
1bav,A,99,ILE,4.5,166.7,0.0,0,0,X,0.0,0.0,0.0,0.0,0.0,0.0,0.0,0.0,32,0.045228601991935104,6,23,-17,0,0,0,0,0,0,0,0,1,0
1bav,A,100,LEU,3.8,166.7,0.0,0,0,X,0.0,0.0,0.0,0.0,0.0,0.0,0.0,0.0,35,0.050823892960009553,10,17,-7,0,0,0,0,0,0,0,0,1,0
1bav,A,101,ASP,-3.5,111.1,-1.0,1,3,X,0.0,0.0,0.0,0.0,0.0,0.0,0.0,0.0,21,0.03590311704514436,7,5,2,0,0,0,0,0,0,0,0,1,0
1bav,A,102,SER,-0.8,89.0,0.0,1,1,X,0.0,0.0,0.0,0.0,0.0,0.0,0.0,0.0,26,0.03310547156110714,11,16,-5,0,0,0,0,0,0,0,0,1,0
1bav,A,103,MET,1.9,162.9,0.0,0,0,X,0.0,0.0,0.0,0.0,0.0,0.0,0.0,0.0,33,0.043363505002576956,22,19,3,0,0,0,0,0,0,0,0,1,0
1bav,A,104,ASP,-3.5,111.1,-1.0,1,3,X,0.0,0.0,0.0,0.0,0.0,0.0,0.0,0.0,36,0.05408781269138631,29,5,24,0,0,0,0,0,0,0,0,1,0
1bav,A,105,ILE,4.5,166.7,0.0,0,0,X,0.0,0.0,0.0,0.0,0.0,0.0,0.0,0.0,37,0.05222271570202816,13,11,2,0,0,0,0,0,0,0,0,1,0
1bav,A,106,PHE,2.8,189.9,0.0,0,0,X,0.0,0.0,0.0,0.0,0.0,0.0,0.0,0.0,37,0.053621538444046775,23,19,4,0,0,0,0,0,0,0,0,1,0
1bav,A,107,LEU,3.8,166.7,0.0,0,0,X,0.0,0.0,0.0,0.0,0.0,0.0,0.0,0.0,41,0.05408781269138631,9,19,-10,0,0,0,0,0,0,0,0,1,0
1bav,A,108,GLU,-3.5,138.4,-1.0,1,3,X,0.0,0.0,0.0,0.0,0.0,0.0,0.0,0.0,42,0.048492521723311866,2,13,-11,0,0,0,0,0,0,0,0,1,0
1bav,A,109,ILE,4.5,166.7,0.0,0,0,X,0.0,0.0,0.0,0.0,0.0,0.0,0.0,0.0,42,0.048492521723311866,3,18,-15,0,0,0,0,0,0,0,0,1,0
1bav,A,110,VAL,4.2,140.0,0.0,0,0,X,0.0,0.0,0.0,0.0,0.0,0.0,0.0,0.0,41,0.04989134446533048,12,20,-8,0,0,0,0,0,0,0,0,1,0
1bav,A,111,THR,-0.7,116.1,0.0,1,1,X,0.0,0.0,0.0,0.0,0.0,0.0,0.0,0.0,45,0.043829779249916496,14,26,-12,0,0,0,0,0,0,0,0,1,0
1bav,A,112,ASN,-3.5,114.1,0.0,2,2,X,0.0,0.0,0.0,0.0,0.0,0.0,0.0,0.0,45,0.050823892960009553,40,26,14,0,0,0,0,0,0,0,0,1,0
1bav,A,113,PRO,-1.6,112.7,0.0,0,0,X,0.0,0.0,0.0,0.0,0.0,0.0,0.0,0.0,40,0.04616115048661418,27,24,3,0,0,0,0,0,0,0,0,1,0
1bav,A,114,ASN,-3.5,114.1,0.0,2,2,X,0.0,0.0,0.0,0.0,0.0,0.0,0.0,0.0,35,0.05222271570202816,34,17,17,0,0,0,0,0,0,0,0,1,0
1bav,A,115,GLY,-0.4,60.1,0.0,0,0,X,0.0,0.0,0.0,0.0,0.0,0.0,0.0,0.0,38,0.05548663543340492,57,18,39,0,0,0,0,0,0,0,0,1,0
1bav,A,116,PHE,2.8,189.9,0.0,0,0,X,0.0,0.0,0.0,0.0,0.0,0.0,0.0,0.0,40,0.05455408693872585,48,11,37,0,0,0,0,0,0,0,0,1,0
1bav,A,117,ALA,1.8,88.6,0.0,0,0,X,0.0,0.0,0.0,0.0,0.0,0.0,0.0,0.0,27,0.043363505002576956,36,20,16,0,0,0,0,0,0,0,0,1,0
1bav,A,118,PHE,2.8,189.9,0.0,0,0,X,0.0,0.0,0.0,0.0,0.0,0.0,0.0,0.0,24,0.04616115048661418,43,13,30,0,0,0,0,0,0,0,0,1,0
1bav,A,119,THR,-0.7,116.1,0.0,1,1,X,0.0,0.0,0.0,0.0,0.0,0.0,0.0,0.0,30,0.053155264196707235,46,13,33,0,0,0,0,0,0,0,0,1,0
1bav,A,120,HIS,-3.2,153.2,0.1,2,1,X,0.0,0.0,0.0,0.0,0.0,0.0,0.0,0.0,24,0.03916703677652112,20,18,2,0,0,0,0,0,0,0,0,1,0
1bav,A,121,SER,-0.8,89.0,0.0,1,1,X,0.0,0.0,0.0,0.0,0.0,0.0,0.0,0.0,16,0.025645083603674543,19,9,10,0,0,0,0,0,0,0,0,1,0
1bav,A,122,GLU,-3.5,138.4,-1.0,1,3,X,0.0,0.0,0.0,0.0,0.0,0.0,0.0,0.0,13,0.02471253510899547,21,0,21,0,0,0,0,0,0,0,0,1,0
1bav,A,123,ASN,-3.5,114.1,0.0,2,2,X,0.0,0.0,0.0,0.0,0.0,0.0,0.0,0.0,20,0.035436842797804825,39,12,27,0,0,0,0,0,0,0,0,1,0
1bav,A,124,ARG,-4.5,173.4,1.0,5,0,X,0.0,0.0,0.0,0.0,0.0,0.0,0.0,0.0,26,0.04103213376587927,27,11,16,0,0,0,0,0,0,0,0,1,0
1bav,A,125,LEU,3.8,166.7,0.0,0,0,X,0.0,0.0,0.0,0.0,0.0,0.0,0.0,0.0,23,0.03963331102386066,37,15,22,0,0,0,0,0,0,0,0,1,0
1bav,A,126,TRP,-0.9,227.8,0.0,1,0,X,0.0,0.0,0.0,0.0,0.0,0.0,0.0,0.0,32,0.04989134446533048,56,19,37,0,0,0,0,0,0,0,0,1,0
1bav,A,127,ARG,-4.5,173.4,1.0,5,0,X,0.0,0.0,0.0,0.0,0.0,0.0,0.0,0.0,33,0.0526889899493677,48,26,22,0,0,0,0,0,0,0,0,1,0
1bav,A,128,LYS,-3.9,168.6,1.0,2,0,X,0.0,0.0,0.0,0.0,0.0,0.0,0.0,0.0,37,0.05595290968074446,47,25,22,0,0,0,0,0,0,0,0,1,0
1bav,A,129,THR,-0.7,116.1,0.0,1,1,X,0.0,0.0,0.0,0.0,0.0,0.0,0.0,0.0,39,0.053155264196707235,37,38,-1,0,0,0,0,0,0,0,0,1,0
1bav,A,130,ARG,-4.5,173.4,1.0,5,0,X,0.0,0.0,0.0,0.0,0.0,0.0,0.0,0.0,30,0.050823892960009553,17,18,-1,0,0,0,0,0,0,0,0,1,0
1bav,A,131,SER,-0.8,89.0,0.0,1,1,X,0.0,0.0,0.0,0.0,0.0,0.0,0.0,0.0,30,0.04196468226055834,25,25,0,0,0,0,0,0,0,0,0,1,0
1bav,A,132,VAL,4.2,140.0,0.0,0,0,X,0.0,0.0,0.0,0.0,0.0,0.0,0.0,0.0,20,0.02984155182973038,14,9,5,0,0,0,0,0,0,0,0,1,0
1bav,A,133,THR,-0.7,116.1,0.0,1,1,X,0.0,0.0,0.0,0.0,0.0,0.0,0.0,0.0,17,0.019117244140921023,8,3,5,0,0,0,0,0,0,0,0,1,0
1bav,A,134,SER,-0.8,89.0,0.0,1,1,X,0.0,0.0,0.0,0.0,0.0,0.0,0.0,0.0,20,0.021914889624958248,8,2,6,0,0,0,0,0,0,0,0,1,0
1bav,A,135,SER,-0.8,89.0,0.0,1,1,X,0.0,0.0,0.0,0.0,0.0,0.0,0.0,0.0,21,0.015853324409544265,9,1,8,0,0,0,0,0,0,0,0,1,0
1bav,A,136,SER,-0.8,89.0,0.0,1,1,X,0.0,0.0,0.0,0.0,0.0,0.0,0.0,0.0,19,0.021914889624958248,5,0,5,0,0,0,0,0,0,0,0,1,0
1bav,A,137,LEU,3.8,166.7,0.0,0,0,X,0.0,0.0,0.0,0.0,0.0,0.0,0.0,0.0,15,0.017252147151562876,1,0,1,0,0,0,0,0,0,0,0,1,0
1bav,A,138,CYS,2.5,108.5,0.0,1,0,X,0.0,0.0,0.0,0.0,0.0,0.0,0.0,0.0,21,0.026577632098353617,13,3,10,0,0,0,0,0,0,0,0,1,0
1bav,A,139,VAL,4.2,140.0,0.0,0,0,X,0.0,0.0,0.0,0.0,0.0,0.0,0.0,0.0,25,0.040565859518539735,22,12,10,0,0,0,0,0,0,0,0,1,0
1bav,A,140,GLY,-0.4,60.1,0.0,0,0,X,0.0,0.0,0.0,0.0,0.0,0.0,0.0,0.0,35,0.043829779249916496,32,28,4,0,0,0,0,0,0,0,0,1,0
1bav,A,141,VAL,4.2,140.0,0.0,0,0,X,0.0,0.0,0.0,0.0,0.0,0.0,0.0,0.0,42,0.05408781269138631,54,32,22,0,0,0,0,0,0,0,0,1,0
1bav,A,142,ASP,-3.5,111.1,-1.0,1,3,X,0.0,0.0,0.0,0.0,0.0,0.0,0.0,0.0,41,0.05688545817542354,57,17,40,0,0,0,0,0,0,0,0,1,0
1bav,A,143,ALA,1.8,88.6,0.0,0,0,X,0.0,0.0,0.0,0.0,0.0,0.0,0.0,0.0,43,0.056419183928083996,51,32,19,0,0,0,0,0,0,0,0,1,0
1bav,A,144,ASN,-3.5,114.1,0.0,2,2,X,0.0,0.0,0.0,0.0,0.0,0.0,0.0,0.0,46,0.045694876239274644,42,26,16,0,0,0,0,0,0,0,0,1,1
1bav,A,145,ARG,-4.5,173.4,1.0,5,0,X,0.0,0.0,0.0,0.0,0.0,0.0,0.0,0.0,43,0.0526889899493677,30,19,11,0,0,0,0,0,0,0,0,1,1
1bav,A,146,ASN,-3.5,114.1,0.0,2,2,X,0.0,0.0,0.0,0.0,0.0,0.0,0.0,0.0,38,0.06108192640147937,33,32,1,0,0,0,0,0,0,0,0,1,0
1bav,A,147,TRP,-0.9,227.8,0.0,1,0,X,0.0,0.0,0.0,0.0,0.0,0.0,0.0,0.0,41,0.05455408693872585,21,35,-14,0,0,0,0,0,0,0,0,1,0
1bav,A,148,ASP,-3.5,111.1,-1.0,1,3,X,0.0,0.0,0.0,0.0,0.0,0.0,0.0,0.0,25,0.04149840801321881,7,5,2,0,0,0,0,0,0,0,0,1,0
1bav,A,149,ALA,1.8,88.6,0.0,0,0,X,0.0,0.0,0.0,0.0,0.0,0.0,0.0,0.0,33,0.04476232774459557,16,16,0,0,0,0,0,0,0,0,0,1,0
1bav,A,150,GLY,-0.4,60.1,0.0,0,0,X,0.0,0.0,0.0,0.0,0.0,0.0,0.0,0.0,27,0.035436842797804825,19,16,3,0,0,0,0,0,0,0,0,1,0
1bav,A,151,PHE,2.8,189.9,0.0,0,0,X,0.0,0.0,0.0,0.0,0.0,0.0,0.0,0.0,30,0.04103213376587927,32,9,23,0,0,0,0,0,0,0,0,1,0
1bav,A,152,GLY,-0.4,60.1,0.0,0,0,X,0.0,0.0,0.0,0.0,0.0,0.0,0.0,0.0,25,0.03683566553982344,30,4,26,0,0,0,0,0,0,0,0,1,0
1bav,A,153,LYS,-3.9,168.6,1.0,2,0,X,0.0,0.0,0.0,0.0,0.0,0.0,0.0,0.0,20,0.030774100324409453,7,4,3,0,0,0,0,0,0,0,0,1,0
1bav,A,154,ALA,1.8,88.6,0.0,0,0,X,0.0,0.0,0.0,0.0,0.0,0.0,0.0,0.0,24,0.025645083603674543,21,5,16,0,0,0,0,0,0,0,0,1,0
1bav,A,155,GLY,-0.4,60.1,0.0,0,0,X,0.0,0.0,0.0,0.0,0.0,0.0,0.0,0.0,33,0.0363693912924839,26,19,7,0,0,0,0,0,0,0,0,1,0
1bav,A,156,ALA,1.8,88.6,0.0,0,0,X,0.0,0.0,0.0,0.0,0.0,0.0,0.0,0.0,34,0.04429605349725603,29,31,-2,0,0,0,0,0,0,0,0,1,0
1bav,A,157,SER,-0.8,89.0,0.0,1,1,X,0.0,0.0,0.0,0.0,0.0,0.0,0.0,0.0,31,0.043363505002576956,35,38,-3,0,0,0,0,0,0,0,0,1,0
1bav,A,158,SER,-0.8,89.0,0.0,1,1,X,0.0,0.0,0.0,0.0,0.0,0.0,0.0,0.0,28,0.03683566553982344,32,7,25,0,0,0,0,0,0,0,0,1,0
1bav,A,159,SER,-0.8,89.0,0.0,1,1,X,0.0,0.0,0.0,0.0,0.0,0.0,0.0,0.0,30,0.04196468226055834,23,31,-8,0,0,0,0,0,0,0,0,1,0
1bav,A,160,PRO,-1.6,112.7,0.0,0,0,X,0.0,0.0,0.0,0.0,0.0,0.0,0.0,0.0,30,0.04243095650789788,28,15,13,0,0,0,0,0,0,0,0,1,0
1bav,A,161,CYS,2.5,108.5,0.0,1,0,X,0.0,0.0,0.0,0.0,0.0,0.0,0.0,0.0,28,0.03963331102386066,14,26,-12,0,0,0,0,0,0,0,0,1,0
1bav,A,162,SER,-0.8,89.0,0.0,1,1,X,0.0,0.0,0.0,0.0,0.0,0.0,0.0,0.0,31,0.04103213376587927,26,44,-18,0,0,0,0,0,0,0,0,1,0
1bav,A,163,GLU,-3.5,138.4,-1.0,1,3,X,0.0,0.0,0.0,0.0,0.0,0.0,0.0,0.0,31,0.04103213376587927,42,25,17,0,0,0,0,0,0,0,0,1,0
1bav,A,164,THR,-0.7,116.1,0.0,1,1,X,0.0,0.0,0.0,0.0,0.0,0.0,0.0,0.0,33,0.048958795970651406,47,34,13,0,0,0,0,0,0,0,0,1,0
1bav,A,165,TYR,-1.3,193.6,0.0,1,1,X,0.0,0.0,0.0,0.0,0.0,0.0,0.0,0.0,36,0.053621538444046775,34,24,10,0,0,0,0,0,0,0,0,1,0
1bav,A,166,HIS,-3.2,153.2,0.1,2,1,X,0.0,0.0,0.0,0.0,0.0,0.0,0.0,0.0,36,0.062014474896158446,24,16,8,0,0,0,0,0,0,0,0,1,0
1bav,A,167,GLY,-0.4,60.1,0.0,0,0,X,0.0,0.0,0.0,0.0,0.0,0.0,0.0,0.0,35,0.04989134446533048,28,14,14,0,0,0,0,0,0,0,0,1,0
1bav,A,168,LYS,-3.9,168.6,1.0,2,0,X,0.0,0.0,0.0,0.0,0.0,0.0,0.0,0.0,22,0.03170664881908853,10,9,1,0,0,0,0,0,0,0,0,1,0
1bav,A,169,TYR,-1.3,193.6,0.0,1,1,X,0.0,0.0,0.0,0.0,0.0,0.0,0.0,0.0,20,0.03357174580844668,21,14,7,0,0,0,0,0,0,0,0,1,0
1bav,A,170,ALA,1.8,88.6,0.0,0,0,X,0.0,0.0,0.0,0.0,0.0,0.0,0.0,0.0,24,0.040565859518539735,27,17,10,0,0,0,0,0,0,0,0,1,0
1bav,A,171,ASN,-3.5,114.1,0.0,2,2,X,0.0,0.0,0.0,0.0,0.0,0.0,0.0,0.0,28,0.045694876239274644,24,30,-6,0,0,0,0,0,0,0,0,1,0
1bav,A,172,SER,-0.8,89.0,0.0,1,1,X,0.0,0.0,0.0,0.0,0.0,0.0,0.0,0.0,28,0.03916703677652112,26,23,3,0,0,0,0,0,0,0,0,1,0
1bav,A,173,GLU,-3.5,138.4,-1.0,1,3,X,0.0,0.0,0.0,0.0,0.0,0.0,0.0,0.0,36,0.043829779249916496,34,14,20,0,0,0,0,0,0,0,0,1,0
1bav,A,174,VAL,4.2,140.0,0.0,0,0,X,0.0,0.0,0.0,0.0,0.0,0.0,0.0,0.0,31,0.0363693912924839,21,27,-6,0,0,0,0,0,0,0,0,1,0
1bav,A,175,GLU,-3.5,138.4,-1.0,1,3,X,0.0,0.0,0.0,0.0,0.0,0.0,0.0,0.0,39,0.04755997322863279,25,17,8,0,0,0,0,0,0,0,0,1,0
1bav,A,176,VAL,4.2,140.0,0.0,0,0,X,0.0,0.0,0.0,0.0,0.0,0.0,0.0,0.0,38,0.048492521723311866,15,37,-22,0,0,0,0,0,0,0,0,1,0
1bav,A,177,LYS,-3.9,168.6,1.0,2,0,X,0.0,0.0,0.0,0.0,0.0,0.0,0.0,0.0,24,0.040565859518539735,8,24,-16,0,0,0,0,0,0,0,0,1,0
1bav,A,178,SER,-0.8,89.0,0.0,1,1,X,0.0,0.0,0.0,0.0,0.0,0.0,0.0,0.0,32,0.04289723075523742,17,27,-10,0,0,0,0,0,0,0,0,1,0
1bav,A,179,ILE,4.5,166.7,0.0,0,0,X,0.0,0.0,0.0,0.0,0.0,0.0,0.0,0.0,35,0.048958795970651406,15,32,-17,0,0,0,0,0,0,0,0,1,0
1bav,A,180,VAL,4.2,140.0,0.0,0,0,X,0.0,0.0,0.0,0.0,0.0,0.0,0.0,0.0,29,0.04429605349725603,20,20,0,0,0,0,0,0,0,0,0,1,0
1bav,A,181,ASP,-3.5,111.1,-1.0,1,3,X,0.0,0.0,0.0,0.0,0.0,0.0,0.0,0.0,20,0.03450429430312575,21,3,18,0,0,0,0,0,0,0,0,1,0
1bav,A,182,PHE,2.8,189.9,0.0,0,0,X,0.0,0.0,0.0,0.0,0.0,0.0,0.0,0.0,29,0.03963331102386066,23,13,10,0,0,0,0,0,0,0,0,1,0
1bav,A,183,VAL,4.2,140.0,0.0,0,0,X,0.0,0.0,0.0,0.0,0.0,0.0,0.0,0.0,31,0.048958795970651406,24,9,15,0,0,0,0,0,0,0,0,1,0
1bav,A,184,LYS,-3.9,168.6,1.0,2,0,X,0.0,0.0,0.0,0.0,0.0,0.0,0.0,0.0,22,0.035436842797804825,13,8,5,0,0,0,0,0,0,0,0,1,0
1bav,A,185,ASN,-3.5,114.1,0.0,2,2,X,0.0,0.0,0.0,0.0,0.0,0.0,0.0,0.0,15,0.02611135785101408,21,8,13,0,0,0,0,0,0,0,0,1,0
1bav,A,186,HIS,-3.2,153.2,0.1,2,1,X,0.0,0.0,0.0,0.0,0.0,0.0,0.0,0.0,22,0.035436842797804825,19,7,12,0,0,0,0,0,0,0,0,1,0
1bav,A,187,GLY,-0.4,60.1,0.0,0,0,X,0.0,0.0,0.0,0.0,0.0,0.0,0.0,0.0,19,0.027043906345693154,31,2,29,0,0,0,0,0,0,0,0,1,0
1bav,A,188,ASN,-3.5,114.1,0.0,2,2,X,0.0,0.0,0.0,0.0,0.0,0.0,0.0,0.0,23,0.035436842797804825,30,7,23,0,0,0,0,0,0,0,0,1,0
1bav,A,189,PHE,2.8,189.9,0.0,0,0,X,0.0,0.0,0.0,0.0,0.0,0.0,0.0,0.0,34,0.045228601991935104,31,8,23,0,0,0,0,0,0,0,0,1,0
1bav,A,190,LYS,-3.9,168.6,1.0,2,0,X,0.0,0.0,0.0,0.0,0.0,0.0,0.0,0.0,30,0.04243095650789788,21,3,18,0,0,0,0,0,0,0,0,1,0
1bav,A,191,ALA,1.8,88.6,0.0,0,0,X,0.0,0.0,0.0,0.0,0.0,0.0,0.0,0.0,35,0.05129016720734909,19,6,13,0,0,0,0,0,0,0,0,1,0
1bav,A,192,PHE,2.8,189.9,0.0,0,0,X,0.0,0.0,0.0,0.0,0.0,0.0,0.0,0.0,39,0.058750555164781684,10,13,-3,0,0,0,0,0,0,0,0,1,0
1bav,A,193,LEU,3.8,166.7,0.0,0,0,X,0.0,0.0,0.0,0.0,0.0,0.0,0.0,0.0,38,0.053155264196707235,9,9,0,0,0,0,0,0,0,0,0,1,0
1bav,A,194,SER,-0.8,89.0,0.0,1,1,X,0.0,0.0,0.0,0.0,0.0,0.0,0.0,0.0,43,0.05175644145468863,13,22,-9,0,0,0,0,0,0,0,0,1,0
1bav,A,195,ILE,4.5,166.7,0.0,0,0,X,0.0,0.0,0.0,0.0,0.0,0.0,0.0,0.0,42,0.04989134446533048,18,30,-12,0,0,0,0,0,0,0,0,1,0
1bav,A,196,HIS,-3.2,153.2,0.1,2,1,X,0.0,0.0,0.0,0.0,0.0,0.0,0.0,0.0,40,0.05175644145468863,22,27,-5,0,0,0,0,0,0,0,0,1,1
1bav,A,197,SER,-0.8,89.0,0.0,1,1,X,0.0,0.0,0.0,0.0,0.0,0.0,0.0,0.0,38,0.05222271570202816,42,25,17,0,0,0,0,0,0,0,0,1,0
1bav,A,198,TYR,-1.3,193.6,0.0,1,1,X,0.0,0.0,0.0,0.0,0.0,0.0,0.0,0.0,32,0.04989134446533048,42,34,8,0,0,0,0,0,0,0,0,1,0
1bav,A,199,SER,-0.8,89.0,0.0,1,1,X,0.0,0.0,0.0,0.0,0.0,0.0,0.0,0.0,30,0.04243095650789788,24,26,-2,0,0,0,0,0,0,0,0,1,0
1bav,A,200,GLN,-3.5,143.8,0.0,2,2,X,0.0,0.0,0.0,0.0,0.0,0.0,0.0,0.0,27,0.048492521723311866,22,20,2,0,0,0,0,0,0,0,0,1,0
1bav,A,201,LEU,3.8,166.7,0.0,0,0,X,0.0,0.0,0.0,0.0,0.0,0.0,0.0,0.0,32,0.048958795970651406,18,13,5,0,0,0,0,0,0,0,0,1,0
1bav,A,202,LEU,3.8,166.7,0.0,0,0,X,0.0,0.0,0.0,0.0,0.0,0.0,0.0,0.0,40,0.0526889899493677,12,9,3,0,0,0,0,0,0,0,0,1,0
1bav,A,203,LEU,3.8,166.7,0.0,0,0,X,0.0,0.0,0.0,0.0,0.0,0.0,0.0,0.0,37,0.0526889899493677,12,13,-1,0,0,0,0,0,0,0,0,1,1
1bav,A,204,TYR,-1.3,193.6,0.0,1,1,X,0.0,0.0,0.0,0.0,0.0,0.0,0.0,0.0,38,0.05222271570202816,15,14,1,0,0,0,0,0,0,0,0,1,0
1bav,A,205,PRO,-1.6,112.7,0.0,0,0,X,0.0,0.0,0.0,0.0,0.0,0.0,0.0,0.0,40,0.05035761871267001,12,15,-3,0,0,0,0,0,0,0,0,1,0
1bav,A,206,TYR,-1.3,193.6,0.0,1,1,X,0.0,0.0,0.0,0.0,0.0,0.0,0.0,0.0,35,0.053621538444046775,4,9,-5,0,0,0,0,0,0,0,0,1,0
1bav,A,207,GLY,-0.4,60.1,0.0,0,0,X,0.0,0.0,0.0,0.0,0.0,0.0,0.0,0.0,37,0.04989134446533048,11,8,3,0,0,0,0,0,0,0,0,1,0
1bav,A,208,TYR,-1.3,193.6,0.0,1,1,X,0.0,0.0,0.0,0.0,0.0,0.0,0.0,0.0,30,0.048958795970651406,9,12,-3,0,0,0,0,0,0,0,0,1,0
1bav,A,209,THR,-0.7,116.1,0.0,1,1,X,0.0,0.0,0.0,0.0,0.0,0.0,0.0,0.0,24,0.034970568550465285,5,7,-2,0,0,0,0,0,0,0,0,1,0
1bav,A,210,THR,-0.7,116.1,0.0,1,1,X,0.0,0.0,0.0,0.0,0.0,0.0,0.0,0.0,14,0.028909003335051305,0,0,0,0,0,0,0,0,0,0,0,1,0
1bav,A,211,GLN,-3.5,143.8,0.0,2,2,X,0.0,0.0,0.0,0.0,0.0,0.0,0.0,0.0,16,0.02331371236697686,2,4,-2,0,0,0,0,0,0,0,0,1,0
1bav,A,212,SER,-0.8,89.0,0.0,1,1,X,0.0,0.0,0.0,0.0,0.0,0.0,0.0,0.0,16,0.03170664881908853,9,5,4,0,0,0,0,0,0,0,0,1,0
1bav,A,213,ILE,4.5,166.7,0.0,0,0,X,0.0,0.0,0.0,0.0,0.0,0.0,0.0,0.0,27,0.03683566553982344,16,17,-1,0,0,0,0,0,0,0,0,1,0
1bav,A,214,PRO,-1.6,112.7,0.0,0,0,X,0.0,0.0,0.0,0.0,0.0,0.0,0.0,0.0,14,0.022847438119637322,16,15,1,0,0,0,0,0,0,0,0,1,0
1bav,A,215,ASP,-3.5,111.1,-1.0,1,3,X,0.0,0.0,0.0,0.0,0.0,0.0,0.0,0.0,21,0.03310547156110714,20,9,11,0,0,0,0,0,0,0,0,1,0
1bav,A,216,LYS,-3.9,168.6,1.0,2,0,X,0.0,0.0,0.0,0.0,0.0,0.0,0.0,0.0,22,0.03776821403450251,0,16,-16,0,0,0,0,0,0,0,0,1,0
1bav,A,217,THR,-0.7,116.1,0.0,1,1,X,0.0,0.0,0.0,0.0,0.0,0.0,0.0,0.0,17,0.02984155182973038,16,17,-1,0,0,0,0,0,0,0,0,1,0
1bav,A,218,GLU,-3.5,138.4,-1.0,1,3,X,0.0,0.0,0.0,0.0,0.0,0.0,0.0,0.0,22,0.03730193978716297,26,8,18,0,0,0,0,0,0,0,0,1,0
1bav,A,219,LEU,3.8,166.7,0.0,0,0,X,0.0,0.0,0.0,0.0,0.0,0.0,0.0,0.0,34,0.05035761871267001,28,17,11,0,0,0,0,0,0,0,0,1,0
1bav,A,220,ASN,-3.5,114.1,0.0,2,2,X,0.0,0.0,0.0,0.0,0.0,0.0,0.0,0.0,23,0.04616115048661418,20,12,8,0,0,0,0,0,0,0,0,1,0
1bav,A,221,GLN,-3.5,143.8,0.0,2,2,X,0.0,0.0,0.0,0.0,0.0,0.0,0.0,0.0,21,0.03870076252918159,20,11,9,0,0,0,0,0,0,0,0,1,0
1bav,A,222,VAL,4.2,140.0,0.0,0,0,X,0.0,0.0,0.0,0.0,0.0,0.0,0.0,0.0,34,0.048026247475972325,26,16,10,0,0,0,0,0,0,0,0,1,0
1bav,A,223,ALA,1.8,88.6,0.0,0,0,X,0.0,0.0,0.0,0.0,0.0,0.0,0.0,0.0,33,0.053155264196707235,21,6,15,0,0,0,0,0,0,0,0,1,0
1bav,A,224,LYS,-3.9,168.6,1.0,2,0,X,0.0,0.0,0.0,0.0,0.0,0.0,0.0,0.0,20,0.03870076252918159,3,2,1,0,0,0,0,0,0,0,0,1,0
1bav,A,225,SER,-0.8,89.0,0.0,1,1,X,0.0,0.0,0.0,0.0,0.0,0.0,0.0,0.0,25,0.035436842797804825,19,5,14,0,0,0,0,0,0,0,0,1,0
1bav,A,226,ALA,1.8,88.6,0.0,0,0,X,0.0,0.0,0.0,0.0,0.0,0.0,0.0,0.0,34,0.045228601991935104,21,7,14,0,0,0,0,0,0,0,0,1,0
1bav,A,227,VAL,4.2,140.0,0.0,0,0,X,0.0,0.0,0.0,0.0,0.0,0.0,0.0,0.0,33,0.048026247475972325,25,7,18,0,0,0,0,0,0,0,0,1,0
1bav,A,228,ALA,1.8,88.6,0.0,0,0,X,0.0,0.0,0.0,0.0,0.0,0.0,0.0,0.0,25,0.029375277582390842,18,3,15,0,0,0,0,0,0,0,0,1,0
1bav,A,229,ALA,1.8,88.6,0.0,0,0,X,0.0,0.0,0.0,0.0,0.0,0.0,0.0,0.0,28,0.035436842797804825,13,11,2,0,0,0,0,0,0,0,0,1,0
1bav,A,230,LEU,3.8,166.7,0.0,0,0,X,0.0,0.0,0.0,0.0,0.0,0.0,0.0,0.0,37,0.05222271570202816,18,10,8,0,0,0,0,0,0,0,0,1,0
1bav,A,231,LYS,-3.9,168.6,1.0,2,0,X,0.0,0.0,0.0,0.0,0.0,0.0,0.0,0.0,20,0.04149840801321881,3,8,-5,0,0,0,0,0,0,0,0,1,0
1bav,A,232,SER,-0.8,89.0,0.0,1,1,X,0.0,0.0,0.0,0.0,0.0,0.0,0.0,0.0,19,0.030774100324409453,9,9,0,0,0,0,0,0,0,0,0,1,0
1bav,A,233,LEU,3.8,166.7,0.0,0,0,X,0.0,0.0,0.0,0.0,0.0,0.0,0.0,0.0,20,0.030774100324409453,11,9,2,0,0,0,0,0,0,0,0,1,0
1bav,A,234,TYR,-1.3,193.6,0.0,1,1,X,0.0,0.0,0.0,0.0,0.0,0.0,0.0,0.0,19,0.02797645484037223,13,9,4,0,0,0,0,0,0,0,0,1,0
1bav,A,235,GLY,-0.4,60.1,0.0,0,0,X,0.0,0.0,0.0,0.0,0.0,0.0,0.0,0.0,16,0.02471253510899547,15,6,9,0,0,0,0,0,0,0,0,1,0
1bav,A,236,THR,-0.7,116.1,0.0,1,1,X,0.0,0.0,0.0,0.0,0.0,0.0,0.0,0.0,28,0.03450429430312575,20,15,5,0,0,0,0,0,0,0,0,1,0
1bav,A,237,SER,-0.8,89.0,0.0,1,1,X,0.0,0.0,0.0,0.0,0.0,0.0,0.0,0.0,22,0.03310547156110714,26,9,17,0,0,0,0,0,0,0,0,1,0
1bav,A,238,TYR,-1.3,193.6,0.0,1,1,X,0.0,0.0,0.0,0.0,0.0,0.0,0.0,0.0,33,0.04103213376587927,31,19,12,0,0,0,0,0,0,0,0,1,0
1bav,A,239,LYS,-3.9,168.6,1.0,2,0,X,0.0,0.0,0.0,0.0,0.0,0.0,0.0,0.0,22,0.032172923066428064,4,4,0,0,0,0,0,0,0,0,0,1,0
1bav,A,240,TYR,-1.3,193.6,0.0,1,1,X,0.0,0.0,0.0,0.0,0.0,0.0,0.0,0.0,28,0.04476232774459557,21,1,20,0,0,0,0,0,0,0,0,1,0
1bav,A,241,GLY,-0.4,60.1,0.0,0,0,X,0.0,0.0,0.0,0.0,0.0,0.0,0.0,0.0,33,0.04616115048661418,18,2,16,0,0,0,0,0,0,0,0,1,0
1bav,A,242,SER,-0.8,89.0,0.0,1,1,X,0.0,0.0,0.0,0.0,0.0,0.0,0.0,0.0,35,0.04289723075523742,11,5,6,0,0,0,0,0,0,0,0,1,0
1bav,A,243,ILE,4.5,166.7,0.0,0,0,X,0.0,0.0,0.0,0.0,0.0,0.0,0.0,0.0,33,0.050823892960009553,4,11,-7,0,0,0,0,0,0,0,0,1,1
1bav,A,244,ILE,4.5,166.7,0.0,0,0,X,0.0,0.0,0.0,0.0,0.0,0.0,0.0,0.0,26,0.04662742473395372,2,8,-6,0,0,0,0,0,0,0,0,1,0
1bav,A,245,THR,-0.7,116.1,0.0,1,1,X,0.0,0.0,0.0,0.0,0.0,0.0,0.0,0.0,26,0.032639197313767604,6,9,-3,0,0,0,0,0,0,0,0,1,0
1bav,A,246,THR,-0.7,116.1,0.0,1,1,X,0.0,0.0,0.0,0.0,0.0,0.0,0.0,0.0,23,0.03916703677652112,9,10,-1,0,0,0,0,0,0,0,0,1,0
1bav,A,247,ILE,4.5,166.7,0.0,0,0,X,0.0,0.0,0.0,0.0,0.0,0.0,0.0,0.0,29,0.034970568550465285,13,13,0,0,0,0,0,0,0,0,0,1,1
1bav,A,248,TYR,-1.3,193.6,0.0,1,1,X,0.0,0.0,0.0,0.0,0.0,0.0,0.0,0.0,32,0.03683566553982344,15,11,4,0,0,0,0,0,0,0,0,1,1
1bav,A,249,GLN,-3.5,143.8,0.0,2,2,X,0.0,0.0,0.0,0.0,0.0,0.0,0.0,0.0,27,0.03870076252918159,18,4,14,0,0,0,0,0,0,0,0,1,0
1bav,A,250,ALA,1.8,88.6,0.0,0,0,X,0.0,0.0,0.0,0.0,0.0,0.0,0.0,0.0,39,0.045228601991935104,19,10,9,0,0,0,0,0,0,0,0,1,1
1bav,A,251,SER,-0.8,89.0,0.0,1,1,X,0.0,0.0,0.0,0.0,0.0,0.0,0.0,0.0,34,0.050823892960009553,30,17,13,0,0,0,0,0,0,0,0,1,0
1bav,A,252,GLY,-0.4,60.1,0.0,0,0,X,0.0,0.0,0.0,0.0,0.0,0.0,0.0,0.0,42,0.06014937790680029,31,24,7,0,0,0,0,0,0,0,0,1,0
1bav,A,253,GLY,-0.4,60.1,0.0,0,0,X,0.0,0.0,0.0,0.0,0.0,0.0,0.0,0.0,42,0.05129016720734909,18,20,-2,0,0,0,0,0,0,0,0,1,0
1bav,A,254,SER,-0.8,89.0,0.0,1,1,X,0.0,0.0,0.0,0.0,0.0,0.0,0.0,0.0,45,0.05035761871267001,14,22,-8,0,0,0,0,0,0,0,0,1,0
1bav,A,255,ILE,4.5,166.7,0.0,0,0,X,0.0,0.0,0.0,0.0,0.0,0.0,0.0,0.0,38,0.05548663543340492,9,12,-3,0,0,0,0,0,0,0,0,1,0
1bav,A,256,ASP,-3.5,111.1,-1.0,1,3,X,0.0,0.0,0.0,0.0,0.0,0.0,0.0,0.0,38,0.05408781269138631,1,5,-4,0,0,0,0,0,0,0,0,1,0
1bav,A,257,TRP,-0.9,227.8,0.0,1,0,X,0.0,0.0,0.0,0.0,0.0,0.0,0.0,0.0,33,0.053155264196707235,10,18,-8,0,0,0,0,0,0,0,0,1,0
1bav,A,258,SER,-0.8,89.0,0.0,1,1,X,0.0,0.0,0.0,0.0,0.0,0.0,0.0,0.0,35,0.05129016720734909,14,13,1,0,0,0,0,0,0,0,0,1,0
1bav,A,259,TYR,-1.3,193.6,0.0,1,1,X,0.0,0.0,0.0,0.0,0.0,0.0,0.0,0.0,28,0.04989134446533048,14,16,-2,0,0,0,0,0,0,0,0,1,0
1bav,A,260,ASN,-3.5,114.1,0.0,2,2,X,0.0,0.0,0.0,0.0,0.0,0.0,0.0,0.0,25,0.03776821403450251,5,17,-12,0,0,0,0,0,0,0,0,1,0
1bav,A,261,GLN,-3.5,143.8,0.0,2,2,X,0.0,0.0,0.0,0.0,0.0,0.0,0.0,0.0,22,0.03124037457174899,11,11,0,0,0,0,0,0,0,0,0,1,0
1bav,A,262,GLY,-0.4,60.1,0.0,0,0,X,0.0,0.0,0.0,0.0,0.0,0.0,0.0,0.0,23,0.027043906345693154,20,7,13,0,0,0,0,0,0,0,0,1,0
1bav,A,263,ILE,4.5,166.7,0.0,0,0,X,0.0,0.0,0.0,0.0,0.0,0.0,0.0,0.0,30,0.04289723075523742,21,6,15,0,0,0,0,0,0,0,0,1,0
1bav,A,264,LYS,-3.9,168.6,1.0,2,0,X,0.0,0.0,0.0,0.0,0.0,0.0,0.0,0.0,29,0.043363505002576956,21,17,4,0,0,0,0,0,0,0,0,1,0
1bav,A,265,TYR,-1.3,193.6,0.0,1,1,X,0.0,0.0,0.0,0.0,0.0,0.0,0.0,0.0,34,0.048958795970651406,27,20,7,0,0,0,0,0,0,0,0,1,0
1bav,A,266,SER,-0.8,89.0,0.0,1,1,X,0.0,0.0,0.0,0.0,0.0,0.0,0.0,0.0,38,0.05408781269138631,12,13,-1,0,0,0,0,0,0,0,0,1,0
1bav,A,267,PHE,2.8,189.9,0.0,0,0,X,0.0,0.0,0.0,0.0,0.0,0.0,0.0,0.0,46,0.053155264196707235,10,6,4,0,0,0,0,0,0,0,0,1,0
1bav,A,268,THR,-0.7,116.1,0.0,1,1,X,0.0,0.0,0.0,0.0,0.0,0.0,0.0,0.0,42,0.050823892960009553,11,20,-9,0,0,0,0,0,0,0,0,1,0
1bav,A,269,PHE,2.8,189.9,0.0,0,0,X,0.0,0.0,0.0,0.0,0.0,0.0,0.0,0.0,42,0.04989134446533048,15,16,-1,0,0,0,0,0,0,0,0,1,0
1bav,A,270,GLU,-3.5,138.4,-1.0,1,3,X,0.0,0.0,0.0,0.0,0.0,0.0,0.0,0.0,32,0.05222271570202816,24,10,14,0,0,0,0,0,0,0,0,1,1
1bav,A,271,LEU,3.8,166.7,0.0,0,0,X,0.0,0.0,0.0,0.0,0.0,0.0,0.0,0.0,40,0.05502036118606539,20,33,-13,0,0,0,0,0,0,0,0,1,0
1bav,A,272,ARG,-4.5,173.4,1.0,5,0,X,0.0,0.0,0.0,0.0,0.0,0.0,0.0,0.0,37,0.050823892960009553,4,22,-18,0,0,0,0,0,0,0,0,1,0
1bav,A,273,ASP,-3.5,111.1,-1.0,1,3,X,0.0,0.0,0.0,0.0,0.0,0.0,0.0,0.0,29,0.045228601991935104,24,11,13,0,0,0,0,0,0,0,0,1,0
1bav,A,274,THR,-0.7,116.1,0.0,1,1,X,0.0,0.0,0.0,0.0,0.0,0.0,0.0,0.0,31,0.03823448828184205,26,20,6,0,0,0,0,0,0,0,0,1,0
1bav,A,275,GLY,-0.4,60.1,0.0,0,0,X,0.0,0.0,0.0,0.0,0.0,0.0,0.0,0.0,25,0.04289723075523742,36,17,19,0,0,0,0,0,0,0,0,1,0
1bav,A,276,ARG,-4.5,173.4,1.0,5,0,X,0.0,0.0,0.0,0.0,0.0,0.0,0.0,0.0,16,0.0363693912924839,8,12,-4,0,0,0,0,0,0,0,0,1,0
1bav,A,277,TYR,-1.3,193.6,0.0,1,1,X,0.0,0.0,0.0,0.0,0.0,0.0,0.0,0.0,19,0.04149840801321881,26,8,18,0,0,0,0,0,0,0,0,1,0
1bav,A,278,GLY,-0.4,60.1,0.0,0,0,X,0.0,0.0,0.0,0.0,0.0,0.0,0.0,0.0,31,0.045228601991935104,38,23,15,0,0,0,0,0,0,0,0,1,0
1bav,A,279,PHE,2.8,189.9,0.0,0,0,X,0.0,0.0,0.0,0.0,0.0,0.0,0.0,0.0,34,0.04709369898129325,53,20,33,0,0,0,0,0,0,0,0,1,0
1bav,A,280,LEU,3.8,166.7,0.0,0,0,X,0.0,0.0,0.0,0.0,0.0,0.0,0.0,0.0,22,0.0363693912924839,32,9,23,0,0,0,0,0,0,0,0,1,0
1bav,A,281,LEU,3.8,166.7,0.0,0,0,X,0.0,0.0,0.0,0.0,0.0,0.0,0.0,0.0,31,0.045228601991935104,26,13,13,0,0,0,0,0,0,0,0,1,0
1bav,A,282,PRO,-1.6,112.7,0.0,0,0,X,0.0,0.0,0.0,0.0,0.0,0.0,0.0,0.0,21,0.029375277582390842,19,6,13,0,0,0,0,0,0,0,0,1,0
1bav,A,283,ALA,1.8,88.6,0.0,0,0,X,0.0,0.0,0.0,0.0,0.0,0.0,0.0,0.0,22,0.03310547156110714,4,0,4,0,0,0,0,0,0,0,0,1,0
1bav,A,284,SER,-0.8,89.0,0.0,1,1,X,0.0,0.0,0.0,0.0,0.0,0.0,0.0,0.0,18,0.027043906345693154,5,0,5,0,0,0,0,0,0,0,0,1,0
1bav,A,285,GLN,-3.5,143.8,0.0,2,2,X,0.0,0.0,0.0,0.0,0.0,0.0,0.0,0.0,28,0.03730193978716297,12,11,1,0,0,0,0,0,0,0,0,1,0
1bav,A,286,ILE,4.5,166.7,0.0,0,0,X,0.0,0.0,0.0,0.0,0.0,0.0,0.0,0.0,31,0.05222271570202816,11,2,9,0,0,0,0,0,0,0,0,1,0
1bav,A,287,ILE,4.5,166.7,0.0,0,0,X,0.0,0.0,0.0,0.0,0.0,0.0,0.0,0.0,26,0.040565859518539735,4,6,-2,0,0,0,0,0,0,0,0,1,0
1bav,A,288,PRO,-1.6,112.7,0.0,0,0,X,0.0,0.0,0.0,0.0,0.0,0.0,0.0,0.0,25,0.040099585271200194,9,9,0,0,0,0,0,0,0,0,0,1,0
1bav,A,289,THR,-0.7,116.1,0.0,1,1,X,0.0,0.0,0.0,0.0,0.0,0.0,0.0,0.0,38,0.05129016720734909,12,14,-2,0,0,0,0,0,0,0,0,1,0
1bav,A,290,ALA,1.8,88.6,0.0,0,0,X,0.0,0.0,0.0,0.0,0.0,0.0,0.0,0.0,36,0.05129016720734909,15,9,6,0,0,0,0,0,0,0,0,1,0
1bav,A,291,GLN,-3.5,143.8,0.0,2,2,X,0.0,0.0,0.0,0.0,0.0,0.0,0.0,0.0,23,0.04709369898129325,10,9,1,0,0,0,0,0,0,0,0,1,0
1bav,A,292,GLU,-3.5,138.4,-1.0,1,3,X,0.0,0.0,0.0,0.0,0.0,0.0,0.0,0.0,34,0.053621538444046775,16,1,15,0,0,0,0,0,0,0,0,1,0
1bav,A,293,THR,-0.7,116.1,0.0,1,1,X,0.0,0.0,0.0,0.0,0.0,0.0,0.0,0.0,45,0.04942507021799094,9,13,-4,0,0,0,0,0,0,0,0,1,0
1bav,A,294,TRP,-0.9,227.8,0.0,1,0,X,0.0,0.0,0.0,0.0,0.0,0.0,0.0,0.0,33,0.045694876239274644,10,10,0,0,0,0,0,0,0,0,0,1,0
1bav,A,295,LEU,3.8,166.7,0.0,0,0,X,0.0,0.0,0.0,0.0,0.0,0.0,0.0,0.0,30,0.045694876239274644,9,13,-4,0,0,0,0,0,0,0,0,1,0
1bav,A,296,GLY,-0.4,60.1,0.0,0,0,X,0.0,0.0,0.0,0.0,0.0,0.0,0.0,0.0,35,0.04942507021799094,9,14,-5,0,0,0,0,0,0,0,0,1,0
1bav,A,297,VAL,4.2,140.0,0.0,0,0,X,0.0,0.0,0.0,0.0,0.0,0.0,0.0,0.0,43,0.045694876239274644,2,12,-10,0,0,0,0,0,0,0,0,1,0
1bav,A,298,LEU,3.8,166.7,0.0,0,0,X,0.0,0.0,0.0,0.0,0.0,0.0,0.0,0.0,35,0.043363505002576956,6,11,-5,0,0,0,0,0,0,0,0,1,0
1bav,A,299,THR,-0.7,116.1,0.0,1,1,X,0.0,0.0,0.0,0.0,0.0,0.0,0.0,0.0,33,0.040099585271200194,14,10,4,0,0,0,0,0,0,0,0,1,0
1bav,A,300,ILE,4.5,166.7,0.0,0,0,X,0.0,0.0,0.0,0.0,0.0,0.0,0.0,0.0,42,0.05035761871267001,16,11,5,0,0,0,0,0,0,0,0,1,0
1bav,A,301,MET,1.9,162.9,0.0,0,0,X,0.0,0.0,0.0,0.0,0.0,0.0,0.0,0.0,39,0.045694876239274644,12,12,0,0,0,0,0,0,0,0,0,1,0
1bav,A,302,GLU,-3.5,138.4,-1.0,1,3,X,0.0,0.0,0.0,0.0,0.0,0.0,0.0,0.0,27,0.03963331102386066,10,0,10,0,0,0,0,0,0,0,0,1,0
1bav,A,303,HIS,-3.2,153.2,0.1,2,1,X,0.0,0.0,0.0,0.0,0.0,0.0,0.0,0.0,26,0.040099585271200194,10,18,-8,0,0,0,0,0,0,0,0,1,0
1bav,A,304,THR,-0.7,116.1,0.0,1,1,X,0.0,0.0,0.0,0.0,0.0,0.0,0.0,0.0,31,0.04289723075523742,28,13,15,0,0,0,0,0,0,0,0,1,0
1bav,A,305,VAL,4.2,140.0,0.0,0,0,X,0.0,0.0,0.0,0.0,0.0,0.0,0.0,0.0,25,0.03730193978716297,17,13,4,0,0,0,0,0,0,0,0,1,0
1bav,A,306,ASN,-3.5,114.1,0.0,2,2,X,0.0,0.0,0.0,0.0,0.0,0.0,0.0,0.0,16,0.023779986614316396,10,10,0,0,0,0,0,0,0,0,0,1,0
1bav,A,307,ASN,-3.5,114.1,0.0,2,2,X,0.0,0.0,0.0,0.0,0.0,0.0,0.0,0.0,15,0.026577632098353617,19,13,6,0,0,0,0,0,0,0,0,1,0
1bav,B,1,ALA,1.8,88.6,0.0,0,0,X,0.0,0.0,0.0,0.0,0.0,0.0,0.0,0.0,29,0.0363693912924839,16,24,-8,0,0,0,0,0,0,0,0,1,0
1bav,B,2,ARG,-4.5,173.4,1.0,5,0,X,0.0,0.0,0.0,0.0,0.0,0.0,0.0,0.0,25,0.034970568550465285,2,4,-2,0,0,0,0,0,0,0,0,1,0
1bav,B,3,SER,-0.8,89.0,0.0,1,1,X,0.0,0.0,0.0,0.0,0.0,0.0,0.0,0.0,26,0.03823448828184205,19,5,14,0,0,0,0,0,0,0,0,1,0
1bav,B,4,THR,-0.7,116.1,0.0,1,1,X,0.0,0.0,0.0,0.0,0.0,0.0,0.0,0.0,29,0.045228601991935104,27,13,14,0,0,0,0,0,0,0,0,1,0
1bav,B,5,ASN,-3.5,114.1,0.0,2,2,X,0.0,0.0,0.0,0.0,0.0,0.0,0.0,0.0,25,0.03310547156110714,28,6,22,0,0,0,0,0,0,0,0,1,0
1bav,B,6,THR,-0.7,116.1,0.0,1,1,X,0.0,0.0,0.0,0.0,0.0,0.0,0.0,0.0,23,0.040565859518539735,26,0,26,0,0,0,0,0,0,0,0,1,0
1bav,B,7,PHE,2.8,189.9,0.0,0,0,X,0.0,0.0,0.0,0.0,0.0,0.0,0.0,0.0,25,0.03683566553982344,24,14,10,0,0,0,0,0,0,0,0,1,0
1bav,B,8,ASN,-3.5,114.1,0.0,2,2,X,0.0,0.0,0.0,0.0,0.0,0.0,0.0,0.0,19,0.02844272908771177,9,5,4,0,0,0,0,0,0,0,0,1,0
1bav,B,9,TYR,-1.3,193.6,0.0,1,1,X,0.0,0.0,0.0,0.0,0.0,0.0,0.0,0.0,29,0.04196468226055834,20,1,19,0,0,0,0,0,0,0,0,1,0
1bav,B,10,ALA,1.8,88.6,0.0,0,0,X,0.0,0.0,0.0,0.0,0.0,0.0,0.0,0.0,20,0.03357174580844668,8,0,8,0,0,0,0,0,0,0,0,1,0
1bav,B,11,THR,-0.7,116.1,0.0,1,1,X,0.0,0.0,0.0,0.0,0.0,0.0,0.0,0.0,23,0.030774100324409453,11,5,6,0,0,0,0,0,0,0,0,1,0
1bav,B,12,TYR,-1.3,193.6,0.0,1,1,X,0.0,0.0,0.0,0.0,0.0,0.0,0.0,0.0,31,0.03963331102386066,22,4,18,0,0,0,0,0,0,0,0,1,0
1bav,B,13,HIS,-3.2,153.2,0.1,2,1,X,0.0,0.0,0.0,0.0,0.0,0.0,0.0,0.0,27,0.03776821403450251,6,16,-10,0,0,0,0,0,0,0,0,1,0
1bav,B,14,THR,-0.7,116.1,0.0,1,1,X,0.0,0.0,0.0,0.0,0.0,0.0,0.0,0.0,28,0.03730193978716297,20,23,-3,0,0,0,0,0,0,0,0,1,0
1bav,B,15,LEU,3.8,166.7,0.0,0,0,X,0.0,0.0,0.0,0.0,0.0,0.0,0.0,0.0,30,0.040565859518539735,25,24,1,0,0,0,0,0,0,0,0,1,0
1bav,B,16,ASP,-3.5,111.1,-1.0,1,3,X,0.0,0.0,0.0,0.0,0.0,0.0,0.0,0.0,33,0.03310547156110714,21,25,-4,0,0,0,0,0,0,0,0,1,0
1bav,B,17,GLU,-3.5,138.4,-1.0,1,3,X,0.0,0.0,0.0,0.0,0.0,0.0,0.0,0.0,27,0.03963331102386066,15,16,-1,0,0,0,0,0,0,0,0,1,0
1bav,B,18,ILE,4.5,166.7,0.0,0,0,X,0.0,0.0,0.0,0.0,0.0,0.0,0.0,0.0,33,0.048492521723311866,14,31,-17,0,0,0,0,0,0,0,0,1,0
1bav,B,19,TYR,-1.3,193.6,0.0,1,1,X,0.0,0.0,0.0,0.0,0.0,0.0,0.0,0.0,29,0.04196468226055834,16,32,-16,0,0,0,0,0,0,0,0,1,0
1bav,B,20,ASP,-3.5,111.1,-1.0,1,3,X,0.0,0.0,0.0,0.0,0.0,0.0,0.0,0.0,30,0.04429605349725603,13,33,-20,0,0,0,0,0,0,0,0,1,0
1bav,B,21,PHE,2.8,189.9,0.0,0,0,X,0.0,0.0,0.0,0.0,0.0,0.0,0.0,0.0,43,0.04755997322863279,24,24,0,0,0,0,0,0,0,0,0,1,0
1bav,B,22,MET,1.9,162.9,0.0,0,0,X,0.0,0.0,0.0,0.0,0.0,0.0,0.0,0.0,33,0.04709369898129325,11,28,-17,0,0,0,0,0,0,0,0,1,0
1bav,B,23,ASP,-3.5,111.1,-1.0,1,3,X,0.0,0.0,0.0,0.0,0.0,0.0,0.0,0.0,29,0.03683566553982344,12,19,-7,0,0,0,0,0,0,0,0,1,0
1bav,B,24,LEU,3.8,166.7,0.0,0,0,X,0.0,0.0,0.0,0.0,0.0,0.0,0.0,0.0,33,0.043829779249916496,23,20,3,0,0,0,0,0,0,0,0,1,0
1bav,B,25,LEU,3.8,166.7,0.0,0,0,X,0.0,0.0,0.0,0.0,0.0,0.0,0.0,0.0,37,0.048958795970651406,32,17,15,0,0,0,0,0,0,0,0,1,0
1bav,B,26,VAL,4.2,140.0,0.0,0,0,X,0.0,0.0,0.0,0.0,0.0,0.0,0.0,0.0,24,0.04289723075523742,23,15,8,0,0,0,0,0,0,0,0,1,0
1bav,B,27,ALA,1.8,88.6,0.0,0,0,X,0.0,0.0,0.0,0.0,0.0,0.0,0.0,0.0,22,0.030307826077069916,14,15,-1,0,0,0,0,0,0,0,0,1,0
1bav,B,28,GLN,-3.5,143.8,0.0,2,2,X,0.0,0.0,0.0,0.0,0.0,0.0,0.0,0.0,24,0.027510180593032695,21,10,11,0,0,0,0,0,0,0,0,1,0
1bav,B,29,HIS,-3.2,153.2,0.1,2,1,X,0.0,0.0,0.0,0.0,0.0,0.0,0.0,0.0,24,0.035436842797804825,10,19,-9,0,0,0,0,0,0,0,0,1,0
1bav,B,30,PRO,-1.6,112.7,0.0,0,0,X,0.0,0.0,0.0,0.0,0.0,0.0,0.0,0.0,16,0.02797645484037223,12,10,2,0,0,0,0,0,0,0,0,1,0
1bav,B,31,GLU,-3.5,138.4,-1.0,1,3,X,0.0,0.0,0.0,0.0,0.0,0.0,0.0,0.0,15,0.022381163872297785,10,0,10,0,0,0,0,0,0,0,0,1,0
1bav,B,32,LEU,3.8,166.7,0.0,0,0,X,0.0,0.0,0.0,0.0,0.0,0.0,0.0,0.0,30,0.03963331102386066,21,17,4,0,0,0,0,0,0,0,0,1,0
1bav,B,33,VAL,4.2,140.0,0.0,0,0,X,0.0,0.0,0.0,0.0,0.0,0.0,0.0,0.0,28,0.043363505002576956,27,13,14,0,0,0,0,0,0,0,0,1,0
1bav,B,34,SER,-0.8,89.0,0.0,1,1,X,0.0,0.0,0.0,0.0,0.0,0.0,0.0,0.0,24,0.03823448828184205,24,11,13,0,0,0,0,0,0,0,0,1,0
1bav,B,35,LYS,-3.9,168.6,1.0,2,0,X,0.0,0.0,0.0,0.0,0.0,0.0,0.0,0.0,22,0.03776821403450251,6,12,-6,0,0,0,0,0,0,0,0,1,0
1bav,B,36,LEU,3.8,166.7,0.0,0,0,X,0.0,0.0,0.0,0.0,0.0,0.0,0.0,0.0,21,0.034970568550465285,18,4,14,0,0,0,0,0,0,0,0,1,0
1bav,B,37,GLN,-3.5,143.8,0.0,2,2,X,0.0,0.0,0.0,0.0,0.0,0.0,0.0,0.0,19,0.03403802005578621,23,1,22,0,0,0,0,0,0,0,0,1,0
1bav,B,38,ILE,4.5,166.7,0.0,0,0,X,0.0,0.0,0.0,0.0,0.0,0.0,0.0,0.0,30,0.03590311704514436,18,21,-3,0,0,0,0,0,0,0,0,1,0
1bav,B,39,GLY,-0.4,60.1,0.0,0,0,X,0.0,0.0,0.0,0.0,0.0,0.0,0.0,0.0,25,0.03357174580844668,22,16,6,0,0,0,0,0,0,0,0,1,0
1bav,B,40,ARG,-4.5,173.4,1.0,5,0,X,0.0,0.0,0.0,0.0,0.0,0.0,0.0,0.0,25,0.03963331102386066,15,14,1,0,0,0,0,0,0,0,0,1,0
1bav,B,41,SER,-0.8,89.0,0.0,1,1,X,0.0,0.0,0.0,0.0,0.0,0.0,0.0,0.0,35,0.04709369898129325,33,26,7,0,0,0,0,0,0,0,0,1,0
1bav,B,42,TYR,-1.3,193.6,0.0,1,1,X,0.0,0.0,0.0,0.0,0.0,0.0,0.0,0.0,26,0.045228601991935104,34,29,5,0,0,0,0,0,0,0,0,1,0
1bav,B,43,GLU,-3.5,138.4,-1.0,1,3,X,0.0,0.0,0.0,0.0,0.0,0.0,0.0,0.0,31,0.043829779249916496,35,12,23,0,0,0,0,0,0,0,0,1,0
1bav,B,44,GLY,-0.4,60.1,0.0,0,0,X,0.0,0.0,0.0,0.0,0.0,0.0,0.0,0.0,26,0.04149840801321881,29,20,9,0,0,0,0,0,0,0,0,1,0
1bav,B,45,ARG,-4.5,173.4,1.0,5,0,X,0.0,0.0,0.0,0.0,0.0,0.0,0.0,0.0,34,0.04103213376587927,16,17,-1,0,0,0,0,0,0,0,0,1,0
1bav,B,46,PRO,-1.6,112.7,0.0,0,0,X,0.0,0.0,0.0,0.0,0.0,0.0,0.0,0.0,31,0.03776821403450251,29,9,20,0,0,0,0,0,0,0,0,1,0
1bav,B,47,ILE,4.5,166.7,0.0,0,0,X,0.0,0.0,0.0,0.0,0.0,0.0,0.0,0.0,33,0.04942507021799094,20,18,2,0,0,0,0,0,0,0,0,1,0
1bav,B,48,TYR,-1.3,193.6,0.0,1,1,X,0.0,0.0,0.0,0.0,0.0,0.0,0.0,0.0,28,0.05035761871267001,20,17,3,0,0,0,0,0,0,0,0,1,0
1bav,B,49,VAL,4.2,140.0,0.0,0,0,X,0.0,0.0,0.0,0.0,0.0,0.0,0.0,0.0,32,0.05175644145468863,17,12,5,0,0,0,0,0,0,0,0,1,0
1bav,B,50,LEU,3.8,166.7,0.0,0,0,X,0.0,0.0,0.0,0.0,0.0,0.0,0.0,0.0,38,0.048026247475972325,18,12,6,0,0,0,0,0,0,0,0,1,0
1bav,B,51,LYS,-3.9,168.6,1.0,2,0,X,0.0,0.0,0.0,0.0,0.0,0.0,0.0,0.0,36,0.04755997322863279,14,11,3,0,0,0,0,0,0,0,0,1,0
1bav,B,52,PHE,2.8,189.9,0.0,0,0,X,0.0,0.0,0.0,0.0,0.0,0.0,0.0,0.0,38,0.048492521723311866,25,13,12,0,0,0,0,0,0,0,0,1,0
1bav,B,53,SER,-0.8,89.0,0.0,1,1,X,0.0,0.0,0.0,0.0,0.0,0.0,0.0,0.0,29,0.04476232774459557,22,23,-1,0,0,0,0,0,0,0,0,1,0
1bav,B,54,THR,-0.7,116.1,0.0,1,1,X,0.0,0.0,0.0,0.0,0.0,0.0,0.0,0.0,23,0.03683566553982344,15,23,-8,0,0,0,0,0,0,0,0,1,0
1bav,B,55,GLY,-0.4,60.1,0.0,0,0,X,0.0,0.0,0.0,0.0,0.0,0.0,0.0,0.0,21,0.021914889624958248,18,20,-2,0,0,0,0,0,0,0,0,1,0
1bav,B,56,GLY,-0.4,60.1,0.0,0,0,X,0.0,0.0,0.0,0.0,0.0,0.0,0.0,0.0,15,0.02144861537761871,16,9,7,0,0,0,0,0,0,0,0,1,0
1bav,B,57,SER,-0.8,89.0,0.0,1,1,X,0.0,0.0,0.0,0.0,0.0,0.0,0.0,0.0,13,0.017252147151562876,20,6,14,0,0,0,0,0,0,0,0,1,0
1bav,B,58,ASN,-3.5,114.1,0.0,2,2,X,0.0,0.0,0.0,0.0,0.0,0.0,0.0,0.0,20,0.02984155182973038,27,8,19,0,0,0,0,0,0,0,0,1,0
1bav,B,59,ARG,-4.5,173.4,1.0,5,0,X,0.0,0.0,0.0,0.0,0.0,0.0,0.0,0.0,24,0.03823448828184205,11,15,-4,0,0,0,0,0,0,0,0,1,0
1bav,B,60,PRO,-1.6,112.7,0.0,0,0,X,0.0,0.0,0.0,0.0,0.0,0.0,0.0,0.0,28,0.040565859518539735,29,10,19,0,0,0,0,0,0,0,0,1,0
1bav,B,61,ALA,1.8,88.6,0.0,0,0,X,0.0,0.0,0.0,0.0,0.0,0.0,0.0,0.0,32,0.05035761871267001,29,8,21,0,0,0,0,0,0,0,0,1,0
1bav,B,62,ILE,4.5,166.7,0.0,0,0,X,0.0,0.0,0.0,0.0,0.0,0.0,0.0,0.0,40,0.053155264196707235,19,11,8,0,0,0,0,0,0,0,0,1,0
1bav,B,63,TRP,-0.9,227.8,0.0,1,0,X,0.0,0.0,0.0,0.0,0.0,0.0,0.0,0.0,42,0.05175644145468863,11,19,-8,0,0,0,0,0,0,0,0,1,0
1bav,B,64,ILE,4.5,166.7,0.0,0,0,X,0.0,0.0,0.0,0.0,0.0,0.0,0.0,0.0,40,0.05175644145468863,1,19,-18,0,0,0,0,0,0,0,0,1,0
1bav,B,65,ASP,-3.5,111.1,-1.0,1,3,X,0.0,0.0,0.0,0.0,0.0,0.0,0.0,0.0,39,0.053155264196707235,12,11,1,0,0,0,0,0,0,0,0,1,0
1bav,B,66,LEU,3.8,166.7,0.0,0,0,X,0.0,0.0,0.0,0.0,0.0,0.0,0.0,0.0,39,0.05688545817542354,15,25,-10,0,0,0,0,0,0,0,0,1,0
1bav,B,67,GLY,-0.4,60.1,0.0,0,0,X,0.0,0.0,0.0,0.0,0.0,0.0,0.0,0.0,42,0.06108192640147937,34,28,6,0,0,0,0,0,0,0,0,1,0
1bav,B,68,ILE,4.5,166.7,0.0,0,0,X,0.0,0.0,0.0,0.0,0.0,0.0,0.0,0.0,43,0.05502036118606539,43,44,-1,0,0,0,0,0,0,0,0,1,0
1bav,B,69,HIS,-3.2,153.2,0.1,2,1,X,0.0,0.0,0.0,0.0,0.0,0.0,0.0,0.0,40,0.05502036118606539,49,30,19,0,0,0,0,0,0,0,0,1,1
1bav,B,70,SER,-0.8,89.0,0.0,1,1,X,0.0,0.0,0.0,0.0,0.0,0.0,0.0,0.0,37,0.05968310365946076,63,10,53,0,0,0,0,0,0,0,0,1,0
1bav,B,71,ARG,-4.5,173.4,1.0,5,0,X,0.0,0.0,0.0,0.0,0.0,0.0,0.0,0.0,30,0.058750555164781684,44,18,26,0,0,0,0,0,0,0,0,1,0
1bav,B,72,GLU,-3.5,138.4,-1.0,1,3,X,0.0,0.0,0.0,0.0,0.0,0.0,0.0,0.0,36,0.05455408693872585,53,11,42,0,0,0,0,0,0,0,0,1,0
1bav,B,73,TRP,-0.9,227.8,0.0,1,0,X,0.0,0.0,0.0,0.0,0.0,0.0,0.0,0.0,37,0.04942507021799094,37,8,29,0,0,0,0,0,0,0,0,1,0
1bav,B,74,ILE,4.5,166.7,0.0,0,0,X,0.0,0.0,0.0,0.0,0.0,0.0,0.0,0.0,47,0.048492521723311866,25,16,9,0,0,0,0,0,0,0,0,1,0
1bav,B,75,THR,-0.7,116.1,0.0,1,1,X,0.0,0.0,0.0,0.0,0.0,0.0,0.0,0.0,42,0.048026247475972325,25,21,4,0,0,0,0,0,0,0,0,1,0
1bav,B,76,GLN,-3.5,143.8,0.0,2,2,X,0.0,0.0,0.0,0.0,0.0,0.0,0.0,0.0,41,0.04755997322863279,26,15,11,0,0,0,0,0,0,0,0,1,0
1bav,B,77,ALA,1.8,88.6,0.0,0,0,X,0.0,0.0,0.0,0.0,0.0,0.0,0.0,0.0,39,0.0526889899493677,10,3,7,0,0,0,0,0,0,0,0,1,0
1bav,B,78,THR,-0.7,116.1,0.0,1,1,X,0.0,0.0,0.0,0.0,0.0,0.0,0.0,0.0,41,0.04942507021799094,9,10,-1,0,0,0,0,0,0,0,0,1,0
1bav,B,79,GLY,-0.4,60.1,0.0,0,0,X,0.0,0.0,0.0,0.0,0.0,0.0,0.0,0.0,38,0.04942507021799094,12,11,1,0,0,0,0,0,0,0,0,1,0
1bav,B,80,VAL,4.2,140.0,0.0,0,0,X,0.0,0.0,0.0,0.0,0.0,0.0,0.0,0.0,38,0.048958795970651406,23,5,18,0,0,0,0,0,0,0,0,1,0
1bav,B,81,TRP,-0.9,227.8,0.0,1,0,X,0.0,0.0,0.0,0.0,0.0,0.0,0.0,0.0,35,0.04755997322863279,18,8,10,0,0,0,0,0,0,0,0,1,0
1bav,B,82,PHE,2.8,189.9,0.0,0,0,X,0.0,0.0,0.0,0.0,0.0,0.0,0.0,0.0,43,0.050823892960009553,15,9,6,0,0,0,0,0,0,0,0,1,0
1bav,B,83,ALA,1.8,88.6,0.0,0,0,X,0.0,0.0,0.0,0.0,0.0,0.0,0.0,0.0,37,0.04662742473395372,26,10,16,0,0,0,0,0,0,0,0,1,0
1bav,B,84,LYS,-3.9,168.6,1.0,2,0,X,0.0,0.0,0.0,0.0,0.0,0.0,0.0,0.0,33,0.048958795970651406,15,9,6,0,0,0,0,0,0,0,0,1,0
1bav,B,85,LYS,-3.9,168.6,1.0,2,0,X,0.0,0.0,0.0,0.0,0.0,0.0,0.0,0.0,31,0.04755997322863279,9,9,0,0,0,0,0,0,0,0,0,1,0
1bav,B,86,PHE,2.8,189.9,0.0,0,0,X,0.0,0.0,0.0,0.0,0.0,0.0,0.0,0.0,38,0.04662742473395372,25,9,16,0,0,0,0,0,0,0,0,1,0
1bav,B,87,THR,-0.7,116.1,0.0,1,1,X,0.0,0.0,0.0,0.0,0.0,0.0,0.0,0.0,29,0.04429605349725603,28,10,18,0,0,0,0,0,0,0,0,1,0
1bav,B,88,GLU,-3.5,138.4,-1.0,1,3,X,0.0,0.0,0.0,0.0,0.0,0.0,0.0,0.0,25,0.034970568550465285,25,0,25,0,0,0,0,0,0,0,0,1,0
1bav,B,89,ASN,-3.5,114.1,0.0,2,2,X,0.0,0.0,0.0,0.0,0.0,0.0,0.0,0.0,27,0.04243095650789788,19,9,10,0,0,0,0,0,0,0,0,1,0
1bav,B,90,TYR,-1.3,193.6,0.0,1,1,X,0.0,0.0,0.0,0.0,0.0,0.0,0.0,0.0,27,0.043829779249916496,7,15,-8,0,0,0,0,0,0,0,0,1,0
1bav,B,91,GLY,-0.4,60.1,0.0,0,0,X,0.0,0.0,0.0,0.0,0.0,0.0,0.0,0.0,21,0.028909003335051305,3,10,-7,0,0,0,0,0,0,0,0,1,0
1bav,B,92,GLN,-3.5,143.8,0.0,2,2,X,0.0,0.0,0.0,0.0,0.0,0.0,0.0,0.0,19,0.02844272908771177,9,9,0,0,0,0,0,0,0,0,0,1,0
1bav,B,93,ASN,-3.5,114.1,0.0,2,2,X,0.0,0.0,0.0,0.0,0.0,0.0,0.0,0.0,20,0.0363693912924839,14,9,5,0,0,0,0,0,0,0,0,1,0
1bav,B,94,PRO,-1.6,112.7,0.0,0,0,X,0.0,0.0,0.0,0.0,0.0,0.0,0.0,0.0,17,0.02797645484037223,8,8,0,0,0,0,0,0,0,0,0,1,0
1bav,B,95,SER,-0.8,89.0,0.0,1,1,X,0.0,0.0,0.0,0.0,0.0,0.0,0.0,0.0,22,0.029375277582390842,2,14,-12,0,0,0,0,0,0,0,0,1,0
1bav,B,96,PHE,2.8,189.9,0.0,0,0,X,0.0,0.0,0.0,0.0,0.0,0.0,0.0,0.0,33,0.04662742473395372,10,20,-10,0,0,0,0,0,0,0,0,1,0
1bav,B,97,THR,-0.7,116.1,0.0,1,1,X,0.0,0.0,0.0,0.0,0.0,0.0,0.0,0.0,22,0.04429605349725603,0,10,-10,0,0,0,0,0,0,0,0,1,0
1bav,B,98,ALA,1.8,88.6,0.0,0,0,X,0.0,0.0,0.0,0.0,0.0,0.0,0.0,0.0,23,0.032172923066428064,1,17,-16,0,0,0,0,0,0,0,0,1,0
1bav,B,99,ILE,4.5,166.7,0.0,0,0,X,0.0,0.0,0.0,0.0,0.0,0.0,0.0,0.0,34,0.045694876239274644,5,23,-18,0,0,0,0,0,0,0,0,1,0
1bav,B,100,LEU,3.8,166.7,0.0,0,0,X,0.0,0.0,0.0,0.0,0.0,0.0,0.0,0.0,34,0.05129016720734909,11,18,-7,0,0,0,0,0,0,0,0,1,0
1bav,B,101,ASP,-3.5,111.1,-1.0,1,3,X,0.0,0.0,0.0,0.0,0.0,0.0,0.0,0.0,22,0.035436842797804825,7,4,3,0,0,0,0,0,0,0,0,1,0
1bav,B,102,SER,-0.8,89.0,0.0,1,1,X,0.0,0.0,0.0,0.0,0.0,0.0,0.0,0.0,28,0.035436842797804825,13,16,-3,0,0,0,0,0,0,0,0,1,0
1bav,B,103,MET,1.9,162.9,0.0,0,0,X,0.0,0.0,0.0,0.0,0.0,0.0,0.0,0.0,34,0.045694876239274644,24,19,5,0,0,0,0,0,0,0,0,1,0
1bav,B,104,ASP,-3.5,111.1,-1.0,1,3,X,0.0,0.0,0.0,0.0,0.0,0.0,0.0,0.0,32,0.0526889899493677,30,4,26,0,0,0,0,0,0,0,0,1,0
1bav,B,105,ILE,4.5,166.7,0.0,0,0,X,0.0,0.0,0.0,0.0,0.0,0.0,0.0,0.0,37,0.05222271570202816,16,11,5,0,0,0,0,0,0,0,0,1,0
1bav,B,106,PHE,2.8,189.9,0.0,0,0,X,0.0,0.0,0.0,0.0,0.0,0.0,0.0,0.0,37,0.05455408693872585,24,19,5,0,0,0,0,0,0,0,0,1,0
1bav,B,107,LEU,3.8,166.7,0.0,0,0,X,0.0,0.0,0.0,0.0,0.0,0.0,0.0,0.0,40,0.05502036118606539,8,19,-11,0,0,0,0,0,0,0,0,1,0
1bav,B,108,GLU,-3.5,138.4,-1.0,1,3,X,0.0,0.0,0.0,0.0,0.0,0.0,0.0,0.0,42,0.04942507021799094,1,13,-12,0,0,0,0,0,0,0,0,1,0
1bav,B,109,ILE,4.5,166.7,0.0,0,0,X,0.0,0.0,0.0,0.0,0.0,0.0,0.0,0.0,40,0.05035761871267001,1,18,-17,0,0,0,0,0,0,0,0,1,0
1bav,B,110,VAL,4.2,140.0,0.0,0,0,X,0.0,0.0,0.0,0.0,0.0,0.0,0.0,0.0,43,0.050823892960009553,10,24,-14,0,0,0,0,0,0,0,0,1,0
1bav,B,111,THR,-0.7,116.1,0.0,1,1,X,0.0,0.0,0.0,0.0,0.0,0.0,0.0,0.0,46,0.048026247475972325,15,28,-13,0,0,0,0,0,0,0,0,1,0
1bav,B,112,ASN,-3.5,114.1,0.0,2,2,X,0.0,0.0,0.0,0.0,0.0,0.0,0.0,0.0,45,0.05035761871267001,40,28,12,0,0,0,0,0,0,0,0,1,0
1bav,B,113,PRO,-1.6,112.7,0.0,0,0,X,0.0,0.0,0.0,0.0,0.0,0.0,0.0,0.0,39,0.048026247475972325,27,23,4,0,0,0,0,0,0,0,0,1,0
1bav,B,114,ASN,-3.5,114.1,0.0,2,2,X,0.0,0.0,0.0,0.0,0.0,0.0,0.0,0.0,38,0.04942507021799094,33,17,16,0,0,0,0,0,0,0,0,1,0
1bav,B,115,GLY,-0.4,60.1,0.0,0,0,X,0.0,0.0,0.0,0.0,0.0,0.0,0.0,0.0,38,0.05688545817542354,58,17,41,0,0,0,0,0,0,0,0,1,0
1bav,B,116,PHE,2.8,189.9,0.0,0,0,X,0.0,0.0,0.0,0.0,0.0,0.0,0.0,0.0,40,0.05502036118606539,42,10,32,0,0,0,0,0,0,0,0,1,0
1bav,B,117,ALA,1.8,88.6,0.0,0,0,X,0.0,0.0,0.0,0.0,0.0,0.0,0.0,0.0,32,0.043829779249916496,35,18,17,0,0,0,0,0,0,0,0,1,0
1bav,B,118,PHE,2.8,189.9,0.0,0,0,X,0.0,0.0,0.0,0.0,0.0,0.0,0.0,0.0,28,0.048958795970651406,43,13,30,0,0,0,0,0,0,0,0,1,0
1bav,B,119,THR,-0.7,116.1,0.0,1,1,X,0.0,0.0,0.0,0.0,0.0,0.0,0.0,0.0,29,0.05408781269138631,46,11,35,0,0,0,0,0,0,0,0,1,0
1bav,B,120,HIS,-3.2,153.2,0.1,2,1,X,0.0,0.0,0.0,0.0,0.0,0.0,0.0,0.0,28,0.03963331102386066,21,11,10,0,0,0,0,0,0,0,0,1,0
1bav,B,121,SER,-0.8,89.0,0.0,1,1,X,0.0,0.0,0.0,0.0,0.0,0.0,0.0,0.0,25,0.03823448828184205,23,9,14,0,0,0,0,0,0,0,0,1,0
1bav,B,122,GLU,-3.5,138.4,-1.0,1,3,X,0.0,0.0,0.0,0.0,0.0,0.0,0.0,0.0,19,0.027043906345693154,17,0,17,0,0,0,0,0,0,0,0,1,0
1bav,B,123,ASN,-3.5,114.1,0.0,2,2,X,0.0,0.0,0.0,0.0,0.0,0.0,0.0,0.0,21,0.03403802005578621,39,12,27,0,0,0,0,0,0,0,0,1,0
1bav,B,124,ARG,-4.5,173.4,1.0,5,0,X,0.0,0.0,0.0,0.0,0.0,0.0,0.0,0.0,25,0.03963331102386066,25,11,14,0,0,0,0,0,0,0,0,1,0
1bav,B,125,LEU,3.8,166.7,0.0,0,0,X,0.0,0.0,0.0,0.0,0.0,0.0,0.0,0.0,21,0.040099585271200194,37,14,23,0,0,0,0,0,0,0,0,1,0
1bav,B,126,TRP,-0.9,227.8,0.0,1,0,X,0.0,0.0,0.0,0.0,0.0,0.0,0.0,0.0,33,0.04989134446533048,57,19,38,0,0,0,0,0,0,0,0,1,0
1bav,B,127,ARG,-4.5,173.4,1.0,5,0,X,0.0,0.0,0.0,0.0,0.0,0.0,0.0,0.0,31,0.05222271570202816,46,25,21,0,0,0,0,0,0,0,0,1,0
1bav,B,128,LYS,-3.9,168.6,1.0,2,0,X,0.0,0.0,0.0,0.0,0.0,0.0,0.0,0.0,38,0.05548663543340492,48,25,23,0,0,0,0,0,0,0,0,1,0
1bav,B,129,THR,-0.7,116.1,0.0,1,1,X,0.0,0.0,0.0,0.0,0.0,0.0,0.0,0.0,40,0.053155264196707235,39,36,3,0,0,0,0,0,0,0,0,1,0
1bav,B,130,ARG,-4.5,173.4,1.0,5,0,X,0.0,0.0,0.0,0.0,0.0,0.0,0.0,0.0,32,0.05129016720734909,18,20,-2,0,0,0,0,0,0,0,0,1,0
1bav,B,131,SER,-0.8,89.0,0.0,1,1,X,0.0,0.0,0.0,0.0,0.0,0.0,0.0,0.0,31,0.040565859518539735,25,25,0,0,0,0,0,0,0,0,0,1,0
1bav,B,132,VAL,4.2,140.0,0.0,0,0,X,0.0,0.0,0.0,0.0,0.0,0.0,0.0,0.0,22,0.030774100324409453,15,9,6,0,0,0,0,0,0,0,0,1,0
1bav,B,133,THR,-0.7,116.1,0.0,1,1,X,0.0,0.0,0.0,0.0,0.0,0.0,0.0,0.0,18,0.01958351838826056,7,1,6,0,0,0,0,0,0,0,0,1,0
1bav,B,134,SER,-0.8,89.0,0.0,1,1,X,0.0,0.0,0.0,0.0,0.0,0.0,0.0,0.0,11,0.015387050162204726,5,0,5,0,0,0,0,0,0,0,0,1,0
1bav,B,135,SER,-0.8,89.0,0.0,1,1,X,0.0,0.0,0.0,0.0,0.0,0.0,0.0,0.0,8,0.013988227420186116,0,0,0,0,0,0,0,0,0,0,0,1,0
1bav,B,136,SER,-0.8,89.0,0.0,1,1,X,0.0,0.0,0.0,0.0,0.0,0.0,0.0,0.0,15,0.023779986614316396,1,0,1,0,0,0,0,0,0,0,0,1,0
1bav,B,137,LEU,3.8,166.7,0.0,0,0,X,0.0,0.0,0.0,0.0,0.0,0.0,0.0,0.0,13,0.017252147151562876,2,0,2,0,0,0,0,0,0,0,0,1,0
1bav,B,138,CYS,2.5,108.5,0.0,1,0,X,0.0,0.0,0.0,0.0,0.0,0.0,0.0,0.0,20,0.02844272908771177,12,1,11,0,0,0,0,0,0,0,0,1,0
1bav,B,139,VAL,4.2,140.0,0.0,0,0,X,0.0,0.0,0.0,0.0,0.0,0.0,0.0,0.0,28,0.040565859518539735,24,12,12,0,0,0,0,0,0,0,0,1,0
1bav,B,140,GLY,-0.4,60.1,0.0,0,0,X,0.0,0.0,0.0,0.0,0.0,0.0,0.0,0.0,36,0.045694876239274644,33,26,7,0,0,0,0,0,0,0,0,1,0
1bav,B,141,VAL,4.2,140.0,0.0,0,0,X,0.0,0.0,0.0,0.0,0.0,0.0,0.0,0.0,39,0.05455408693872585,53,30,23,0,0,0,0,0,0,0,0,1,0
1bav,B,142,ASP,-3.5,111.1,-1.0,1,3,X,0.0,0.0,0.0,0.0,0.0,0.0,0.0,0.0,42,0.05735173242276307,58,17,41,0,0,0,0,0,0,0,0,1,0
1bav,B,143,ALA,1.8,88.6,0.0,0,0,X,0.0,0.0,0.0,0.0,0.0,0.0,0.0,0.0,41,0.058284280917442144,53,32,21,0,0,0,0,0,0,0,0,1,0
1bav,B,144,ASN,-3.5,114.1,0.0,2,2,X,0.0,0.0,0.0,0.0,0.0,0.0,0.0,0.0,44,0.04616115048661418,45,28,17,0,0,0,0,0,0,0,0,1,1
1bav,B,145,ARG,-4.5,173.4,1.0,5,0,X,0.0,0.0,0.0,0.0,0.0,0.0,0.0,0.0,41,0.05595290968074446,34,17,17,0,0,0,0,0,0,0,0,1,1
1bav,B,146,ASN,-3.5,114.1,0.0,2,2,X,0.0,0.0,0.0,0.0,0.0,0.0,0.0,0.0,38,0.061548200648818906,32,31,1,0,0,0,0,0,0,0,0,1,0
1bav,B,147,TRP,-0.9,227.8,0.0,1,0,X,0.0,0.0,0.0,0.0,0.0,0.0,0.0,0.0,42,0.05595290968074446,21,36,-15,0,0,0,0,0,0,0,0,1,0
1bav,B,148,ASP,-3.5,111.1,-1.0,1,3,X,0.0,0.0,0.0,0.0,0.0,0.0,0.0,0.0,25,0.04243095650789788,8,7,1,0,0,0,0,0,0,0,0,1,0
1bav,B,149,ALA,1.8,88.6,0.0,0,0,X,0.0,0.0,0.0,0.0,0.0,0.0,0.0,0.0,34,0.04429605349725603,16,16,0,0,0,0,0,0,0,0,0,1,0
1bav,B,150,GLY,-0.4,60.1,0.0,0,0,X,0.0,0.0,0.0,0.0,0.0,0.0,0.0,0.0,27,0.0363693912924839,23,16,7,0,0,0,0,0,0,0,0,1,0
1bav,B,151,PHE,2.8,189.9,0.0,0,0,X,0.0,0.0,0.0,0.0,0.0,0.0,0.0,0.0,31,0.04196468226055834,31,9,22,0,0,0,0,0,0,0,0,1,0
1bav,B,152,GLY,-0.4,60.1,0.0,0,0,X,0.0,0.0,0.0,0.0,0.0,0.0,0.0,0.0,26,0.03403802005578621,31,4,27,0,0,0,0,0,0,0,0,1,0
1bav,B,153,LYS,-3.9,168.6,1.0,2,0,X,0.0,0.0,0.0,0.0,0.0,0.0,0.0,0.0,21,0.030307826077069916,8,1,7,0,0,0,0,0,0,0,0,1,0
1bav,B,154,ALA,1.8,88.6,0.0,0,0,X,0.0,0.0,0.0,0.0,0.0,0.0,0.0,0.0,21,0.02611135785101408,22,0,22,0,0,0,0,0,0,0,0,1,0
1bav,B,155,GLY,-0.4,60.1,0.0,0,0,X,0.0,0.0,0.0,0.0,0.0,0.0,0.0,0.0,32,0.03450429430312575,27,6,21,0,0,0,0,0,0,0,0,1,0
1bav,B,156,ALA,1.8,88.6,0.0,0,0,X,0.0,0.0,0.0,0.0,0.0,0.0,0.0,0.0,30,0.04476232774459557,29,13,16,0,0,0,0,0,0,0,0,1,0
1bav,B,157,SER,-0.8,89.0,0.0,1,1,X,0.0,0.0,0.0,0.0,0.0,0.0,0.0,0.0,25,0.03730193978716297,31,14,17,0,0,0,0,0,0,0,0,1,0
1bav,B,158,SER,-0.8,89.0,0.0,1,1,X,0.0,0.0,0.0,0.0,0.0,0.0,0.0,0.0,18,0.02984155182973038,17,2,15,0,0,0,0,0,0,0,0,1,0
1bav,B,159,SER,-0.8,89.0,0.0,1,1,X,0.0,0.0,0.0,0.0,0.0,0.0,0.0,0.0,19,0.02797645484037223,13,6,7,0,0,0,0,0,0,0,0,1,0
1bav,B,160,PRO,-1.6,112.7,0.0,0,0,X,0.0,0.0,0.0,0.0,0.0,0.0,0.0,0.0,25,0.03963331102386066,20,6,14,0,0,0,0,0,0,0,0,1,0
1bav,B,161,CYS,2.5,108.5,0.0,1,0,X,0.0,0.0,0.0,0.0,0.0,0.0,0.0,0.0,18,0.02984155182973038,6,9,-3,0,0,0,0,0,0,0,0,1,0
1bav,B,162,SER,-0.8,89.0,0.0,1,1,X,0.0,0.0,0.0,0.0,0.0,0.0,0.0,0.0,22,0.03403802005578621,31,17,14,0,0,0,0,0,0,0,0,1,0
1bav,B,163,GLU,-3.5,138.4,-1.0,1,3,X,0.0,0.0,0.0,0.0,0.0,0.0,0.0,0.0,26,0.03776821403450251,42,9,33,0,0,0,0,0,0,0,0,1,0
1bav,B,164,THR,-0.7,116.1,0.0,1,1,X,0.0,0.0,0.0,0.0,0.0,0.0,0.0,0.0,29,0.04662742473395372,47,17,30,0,0,0,0,0,0,0,0,1,0
1bav,B,165,TYR,-1.3,193.6,0.0,1,1,X,0.0,0.0,0.0,0.0,0.0,0.0,0.0,0.0,30,0.05222271570202816,35,17,18,0,0,0,0,0,0,0,0,1,0
1bav,B,166,HIS,-3.2,153.2,0.1,2,1,X,0.0,0.0,0.0,0.0,0.0,0.0,0.0,0.0,36,0.06014937790680029,24,14,10,0,0,0,0,0,0,0,0,1,0
1bav,B,167,GLY,-0.4,60.1,0.0,0,0,X,0.0,0.0,0.0,0.0,0.0,0.0,0.0,0.0,30,0.05222271570202816,30,14,16,0,0,0,0,0,0,0,0,1,0
1bav,B,168,LYS,-3.9,168.6,1.0,2,0,X,0.0,0.0,0.0,0.0,0.0,0.0,0.0,0.0,18,0.030307826077069916,10,7,3,0,0,0,0,0,0,0,0,1,0
1bav,B,169,TYR,-1.3,193.6,0.0,1,1,X,0.0,0.0,0.0,0.0,0.0,0.0,0.0,0.0,17,0.032639197313767604,22,10,12,0,0,0,0,0,0,0,0,1,0
1bav,B,170,ALA,1.8,88.6,0.0,0,0,X,0.0,0.0,0.0,0.0,0.0,0.0,0.0,0.0,24,0.040099585271200194,31,17,14,0,0,0,0,0,0,0,0,1,0
1bav,B,171,ASN,-3.5,114.1,0.0,2,2,X,0.0,0.0,0.0,0.0,0.0,0.0,0.0,0.0,27,0.04476232774459557,20,30,-10,0,0,0,0,0,0,0,0,1,0
1bav,B,172,SER,-0.8,89.0,0.0,1,1,X,0.0,0.0,0.0,0.0,0.0,0.0,0.0,0.0,27,0.040099585271200194,27,23,4,0,0,0,0,0,0,0,0,1,0
1bav,B,173,GLU,-3.5,138.4,-1.0,1,3,X,0.0,0.0,0.0,0.0,0.0,0.0,0.0,0.0,38,0.045228601991935104,35,16,19,0,0,0,0,0,0,0,0,1,0
1bav,B,174,VAL,4.2,140.0,0.0,0,0,X,0.0,0.0,0.0,0.0,0.0,0.0,0.0,0.0,34,0.0363693912924839,23,27,-4,0,0,0,0,0,0,0,0,1,0
1bav,B,175,GLU,-3.5,138.4,-1.0,1,3,X,0.0,0.0,0.0,0.0,0.0,0.0,0.0,0.0,40,0.048026247475972325,26,17,9,0,0,0,0,0,0,0,0,1,0
1bav,B,176,VAL,4.2,140.0,0.0,0,0,X,0.0,0.0,0.0,0.0,0.0,0.0,0.0,0.0,38,0.05129016720734909,15,38,-23,0,0,0,0,0,0,0,0,1,0
1bav,B,177,LYS,-3.9,168.6,1.0,2,0,X,0.0,0.0,0.0,0.0,0.0,0.0,0.0,0.0,24,0.04103213376587927,9,26,-17,0,0,0,0,0,0,0,0,1,0
1bav,B,178,SER,-0.8,89.0,0.0,1,1,X,0.0,0.0,0.0,0.0,0.0,0.0,0.0,0.0,29,0.04196468226055834,18,27,-9,0,0,0,0,0,0,0,0,1,0
1bav,B,179,ILE,4.5,166.7,0.0,0,0,X,0.0,0.0,0.0,0.0,0.0,0.0,0.0,0.0,35,0.04942507021799094,15,32,-17,0,0,0,0,0,0,0,0,1,0
1bav,B,180,VAL,4.2,140.0,0.0,0,0,X,0.0,0.0,0.0,0.0,0.0,0.0,0.0,0.0,29,0.043829779249916496,20,22,-2,0,0,0,0,0,0,0,0,1,0
1bav,B,181,ASP,-3.5,111.1,-1.0,1,3,X,0.0,0.0,0.0,0.0,0.0,0.0,0.0,0.0,21,0.034970568550465285,21,3,18,0,0,0,0,0,0,0,0,1,0
1bav,B,182,PHE,2.8,189.9,0.0,0,0,X,0.0,0.0,0.0,0.0,0.0,0.0,0.0,0.0,30,0.04103213376587927,24,11,13,0,0,0,0,0,0,0,0,1,0
1bav,B,183,VAL,4.2,140.0,0.0,0,0,X,0.0,0.0,0.0,0.0,0.0,0.0,0.0,0.0,29,0.04709369898129325,26,8,18,0,0,0,0,0,0,0,0,1,0
1bav,B,184,LYS,-3.9,168.6,1.0,2,0,X,0.0,0.0,0.0,0.0,0.0,0.0,0.0,0.0,19,0.03310547156110714,14,8,6,0,0,0,0,0,0,0,0,1,0
1bav,B,185,ASN,-3.5,114.1,0.0,2,2,X,0.0,0.0,0.0,0.0,0.0,0.0,0.0,0.0,14,0.02797645484037223,20,8,12,0,0,0,0,0,0,0,0,1,0
1bav,B,186,HIS,-3.2,153.2,0.1,2,1,X,0.0,0.0,0.0,0.0,0.0,0.0,0.0,0.0,24,0.03450429430312575,21,11,10,0,0,0,0,0,0,0,0,1,0
1bav,B,187,GLY,-0.4,60.1,0.0,0,0,X,0.0,0.0,0.0,0.0,0.0,0.0,0.0,0.0,20,0.030307826077069916,29,2,27,0,0,0,0,0,0,0,0,1,0
1bav,B,188,ASN,-3.5,114.1,0.0,2,2,X,0.0,0.0,0.0,0.0,0.0,0.0,0.0,0.0,24,0.03450429430312575,30,8,22,0,0,0,0,0,0,0,0,1,0
1bav,B,189,PHE,2.8,189.9,0.0,0,0,X,0.0,0.0,0.0,0.0,0.0,0.0,0.0,0.0,34,0.043829779249916496,31,9,22,0,0,0,0,0,0,0,0,1,0
1bav,B,190,LYS,-3.9,168.6,1.0,2,0,X,0.0,0.0,0.0,0.0,0.0,0.0,0.0,0.0,32,0.043363505002576956,23,4,19,0,0,0,0,0,0,0,0,1,0
1bav,B,191,ALA,1.8,88.6,0.0,0,0,X,0.0,0.0,0.0,0.0,0.0,0.0,0.0,0.0,34,0.05175644145468863,22,5,17,0,0,0,0,0,0,0,0,1,0
1bav,B,192,PHE,2.8,189.9,0.0,0,0,X,0.0,0.0,0.0,0.0,0.0,0.0,0.0,0.0,39,0.05502036118606539,9,13,-4,0,0,0,0,0,0,0,0,1,0
1bav,B,193,LEU,3.8,166.7,0.0,0,0,X,0.0,0.0,0.0,0.0,0.0,0.0,0.0,0.0,40,0.05222271570202816,7,11,-4,0,0,0,0,0,0,0,0,1,0
1bav,B,194,SER,-0.8,89.0,0.0,1,1,X,0.0,0.0,0.0,0.0,0.0,0.0,0.0,0.0,41,0.05222271570202816,12,21,-9,0,0,0,0,0,0,0,0,1,0
1bav,B,195,ILE,4.5,166.7,0.0,0,0,X,0.0,0.0,0.0,0.0,0.0,0.0,0.0,0.0,41,0.04942507021799094,17,30,-13,0,0,0,0,0,0,0,0,1,0
1bav,B,196,HIS,-3.2,153.2,0.1,2,1,X,0.0,0.0,0.0,0.0,0.0,0.0,0.0,0.0,39,0.05129016720734909,26,27,-1,0,0,0,0,0,0,0,0,1,1
1bav,B,197,SER,-0.8,89.0,0.0,1,1,X,0.0,0.0,0.0,0.0,0.0,0.0,0.0,0.0,37,0.05129016720734909,41,26,15,0,0,0,0,0,0,0,0,1,0
1bav,B,198,TYR,-1.3,193.6,0.0,1,1,X,0.0,0.0,0.0,0.0,0.0,0.0,0.0,0.0,27,0.04989134446533048,27,26,1,0,0,0,0,0,0,0,0,1,0
1bav,B,199,SER,-0.8,89.0,0.0,1,1,X,0.0,0.0,0.0,0.0,0.0,0.0,0.0,0.0,27,0.04196468226055834,23,19,4,0,0,0,0,0,0,0,0,1,0
1bav,B,200,GLN,-3.5,143.8,0.0,2,2,X,0.0,0.0,0.0,0.0,0.0,0.0,0.0,0.0,27,0.048958795970651406,23,20,3,0,0,0,0,0,0,0,0,1,0
1bav,B,201,LEU,3.8,166.7,0.0,0,0,X,0.0,0.0,0.0,0.0,0.0,0.0,0.0,0.0,32,0.04942507021799094,19,13,6,0,0,0,0,0,0,0,0,1,0
1bav,B,202,LEU,3.8,166.7,0.0,0,0,X,0.0,0.0,0.0,0.0,0.0,0.0,0.0,0.0,41,0.05222271570202816,13,9,4,0,0,0,0,0,0,0,0,1,0
1bav,B,203,LEU,3.8,166.7,0.0,0,0,X,0.0,0.0,0.0,0.0,0.0,0.0,0.0,0.0,37,0.05408781269138631,11,12,-1,0,0,0,0,0,0,0,0,1,0
1bav,B,204,TYR,-1.3,193.6,0.0,1,1,X,0.0,0.0,0.0,0.0,0.0,0.0,0.0,0.0,36,0.05548663543340492,14,13,1,0,0,0,0,0,0,0,0,1,0
1bav,B,205,PRO,-1.6,112.7,0.0,0,0,X,0.0,0.0,0.0,0.0,0.0,0.0,0.0,0.0,39,0.05222271570202816,14,15,-1,0,0,0,0,0,0,0,0,1,0
1bav,B,206,TYR,-1.3,193.6,0.0,1,1,X,0.0,0.0,0.0,0.0,0.0,0.0,0.0,0.0,33,0.05455408693872585,4,9,-5,0,0,0,0,0,0,0,0,1,0
1bav,B,207,GLY,-0.4,60.1,0.0,0,0,X,0.0,0.0,0.0,0.0,0.0,0.0,0.0,0.0,38,0.048492521723311866,13,8,5,0,0,0,0,0,0,0,0,1,0
1bav,B,208,TYR,-1.3,193.6,0.0,1,1,X,0.0,0.0,0.0,0.0,0.0,0.0,0.0,0.0,31,0.048492521723311866,9,13,-4,0,0,0,0,0,0,0,0,1,0
1bav,B,209,THR,-0.7,116.1,0.0,1,1,X,0.0,0.0,0.0,0.0,0.0,0.0,0.0,0.0,24,0.03450429430312575,6,7,-1,0,0,0,0,0,0,0,0,1,0
1bav,B,210,THR,-0.7,116.1,0.0,1,1,X,0.0,0.0,0.0,0.0,0.0,0.0,0.0,0.0,16,0.028909003335051305,1,1,0,0,0,0,0,0,0,0,0,1,0
1bav,B,211,GLN,-3.5,143.8,0.0,2,2,X,0.0,0.0,0.0,0.0,0.0,0.0,0.0,0.0,16,0.025178809356335007,6,4,2,0,0,0,0,0,0,0,0,1,0
1bav,B,212,SER,-0.8,89.0,0.0,1,1,X,0.0,0.0,0.0,0.0,0.0,0.0,0.0,0.0,16,0.032639197313767604,9,7,2,0,0,0,0,0,0,0,0,1,0
1bav,B,213,ILE,4.5,166.7,0.0,0,0,X,0.0,0.0,0.0,0.0,0.0,0.0,0.0,0.0,27,0.03730193978716297,15,17,-2,0,0,0,0,0,0,0,0,1,0
1bav,B,214,PRO,-1.6,112.7,0.0,0,0,X,0.0,0.0,0.0,0.0,0.0,0.0,0.0,0.0,14,0.022381163872297785,17,15,2,0,0,0,0,0,0,0,0,1,0
1bav,B,215,ASP,-3.5,111.1,-1.0,1,3,X,0.0,0.0,0.0,0.0,0.0,0.0,0.0,0.0,22,0.03403802005578621,20,9,11,0,0,0,0,0,0,0,0,1,0
1bav,B,216,LYS,-3.9,168.6,1.0,2,0,X,0.0,0.0,0.0,0.0,0.0,0.0,0.0,0.0,23,0.03823448828184205,0,16,-16,0,0,0,0,0,0,0,0,1,0
1bav,B,217,THR,-0.7,116.1,0.0,1,1,X,0.0,0.0,0.0,0.0,0.0,0.0,0.0,0.0,15,0.028909003335051305,12,17,-5,0,0,0,0,0,0,0,0,1,0
1bav,B,218,GLU,-3.5,138.4,-1.0,1,3,X,0.0,0.0,0.0,0.0,0.0,0.0,0.0,0.0,21,0.0363693912924839,26,8,18,0,0,0,0,0,0,0,0,1,0
1bav,B,219,LEU,3.8,166.7,0.0,0,0,X,0.0,0.0,0.0,0.0,0.0,0.0,0.0,0.0,29,0.048492521723311866,27,17,10,0,0,0,0,0,0,0,0,1,0
1bav,B,220,ASN,-3.5,114.1,0.0,2,2,X,0.0,0.0,0.0,0.0,0.0,0.0,0.0,0.0,23,0.04662742473395372,20,11,9,0,0,0,0,0,0,0,0,1,0
1bav,B,221,GLN,-3.5,143.8,0.0,2,2,X,0.0,0.0,0.0,0.0,0.0,0.0,0.0,0.0,19,0.035436842797804825,18,10,8,0,0,0,0,0,0,0,0,1,0
1bav,B,222,VAL,4.2,140.0,0.0,0,0,X,0.0,0.0,0.0,0.0,0.0,0.0,0.0,0.0,33,0.04429605349725603,23,16,7,0,0,0,0,0,0,0,0,1,0
1bav,B,223,ALA,1.8,88.6,0.0,0,0,X,0.0,0.0,0.0,0.0,0.0,0.0,0.0,0.0,33,0.05222271570202816,20,5,15,0,0,0,0,0,0,0,0,1,0
1bav,B,224,LYS,-3.9,168.6,1.0,2,0,X,0.0,0.0,0.0,0.0,0.0,0.0,0.0,0.0,21,0.03683566553982344,4,2,2,0,0,0,0,0,0,0,0,1,0
1bav,B,225,SER,-0.8,89.0,0.0,1,1,X,0.0,0.0,0.0,0.0,0.0,0.0,0.0,0.0,24,0.035436842797804825,19,4,15,0,0,0,0,0,0,0,0,1,0
1bav,B,226,ALA,1.8,88.6,0.0,0,0,X,0.0,0.0,0.0,0.0,0.0,0.0,0.0,0.0,34,0.043829779249916496,18,4,14,0,0,0,0,0,0,0,0,1,0
1bav,B,227,VAL,4.2,140.0,0.0,0,0,X,0.0,0.0,0.0,0.0,0.0,0.0,0.0,0.0,33,0.048492521723311866,25,5,20,0,0,0,0,0,0,0,0,1,0
1bav,B,228,ALA,1.8,88.6,0.0,0,0,X,0.0,0.0,0.0,0.0,0.0,0.0,0.0,0.0,24,0.032172923066428064,18,4,14,0,0,0,0,0,0,0,0,1,0
1bav,B,229,ALA,1.8,88.6,0.0,0,0,X,0.0,0.0,0.0,0.0,0.0,0.0,0.0,0.0,27,0.034970568550465285,13,9,4,0,0,0,0,0,0,0,0,1,0
1bav,B,230,LEU,3.8,166.7,0.0,0,0,X,0.0,0.0,0.0,0.0,0.0,0.0,0.0,0.0,35,0.050823892960009553,19,10,9,0,0,0,0,0,0,0,0,1,0
1bav,B,231,LYS,-3.9,168.6,1.0,2,0,X,0.0,0.0,0.0,0.0,0.0,0.0,0.0,0.0,19,0.04103213376587927,4,8,-4,0,0,0,0,0,0,0,0,1,0
1bav,B,232,SER,-0.8,89.0,0.0,1,1,X,0.0,0.0,0.0,0.0,0.0,0.0,0.0,0.0,19,0.028909003335051305,9,9,0,0,0,0,0,0,0,0,0,1,0
1bav,B,233,LEU,3.8,166.7,0.0,0,0,X,0.0,0.0,0.0,0.0,0.0,0.0,0.0,0.0,24,0.032639197313767604,11,9,2,0,0,0,0,0,0,0,0,1,0
1bav,B,234,TYR,-1.3,193.6,0.0,1,1,X,0.0,0.0,0.0,0.0,0.0,0.0,0.0,0.0,18,0.028909003335051305,12,9,3,0,0,0,0,0,0,0,0,1,0
1bav,B,235,GLY,-0.4,60.1,0.0,0,0,X,0.0,0.0,0.0,0.0,0.0,0.0,0.0,0.0,15,0.024246260861655933,15,9,6,0,0,0,0,0,0,0,0,1,0
1bav,B,236,THR,-0.7,116.1,0.0,1,1,X,0.0,0.0,0.0,0.0,0.0,0.0,0.0,0.0,27,0.03590311704514436,20,15,5,0,0,0,0,0,0,0,0,1,0
1bav,B,237,SER,-0.8,89.0,0.0,1,1,X,0.0,0.0,0.0,0.0,0.0,0.0,0.0,0.0,21,0.030774100324409453,26,9,17,0,0,0,0,0,0,0,0,1,0
1bav,B,238,TYR,-1.3,193.6,0.0,1,1,X,0.0,0.0,0.0,0.0,0.0,0.0,0.0,0.0,33,0.03963331102386066,30,18,12,0,0,0,0,0,0,0,0,1,0
1bav,B,239,LYS,-3.9,168.6,1.0,2,0,X,0.0,0.0,0.0,0.0,0.0,0.0,0.0,0.0,20,0.032172923066428064,1,5,-4,0,0,0,0,0,0,0,0,1,0
1bav,B,240,TYR,-1.3,193.6,0.0,1,1,X,0.0,0.0,0.0,0.0,0.0,0.0,0.0,0.0,26,0.04616115048661418,20,0,20,0,0,0,0,0,0,0,0,1,0
1bav,B,241,GLY,-0.4,60.1,0.0,0,0,X,0.0,0.0,0.0,0.0,0.0,0.0,0.0,0.0,31,0.043363505002576956,19,0,19,0,0,0,0,0,0,0,0,1,0
1bav,B,242,SER,-0.8,89.0,0.0,1,1,X,0.0,0.0,0.0,0.0,0.0,0.0,0.0,0.0,33,0.04289723075523742,11,3,8,0,0,0,0,0,0,0,0,1,0
1bav,B,243,ILE,4.5,166.7,0.0,0,0,X,0.0,0.0,0.0,0.0,0.0,0.0,0.0,0.0,34,0.050823892960009553,3,11,-8,0,0,0,0,0,0,0,0,1,1
1bav,B,244,ILE,4.5,166.7,0.0,0,0,X,0.0,0.0,0.0,0.0,0.0,0.0,0.0,0.0,23,0.04476232774459557,0,3,-3,0,0,0,0,0,0,0,0,1,0
1bav,B,245,THR,-0.7,116.1,0.0,1,1,X,0.0,0.0,0.0,0.0,0.0,0.0,0.0,0.0,23,0.026577632098353617,3,0,3,0,0,0,0,0,0,0,0,1,0
1bav,B,246,THR,-0.7,116.1,0.0,1,1,X,0.0,0.0,0.0,0.0,0.0,0.0,0.0,0.0,23,0.03730193978716297,9,4,5,0,0,0,0,0,0,0,0,1,0
1bav,B,247,ILE,4.5,166.7,0.0,0,0,X,0.0,0.0,0.0,0.0,0.0,0.0,0.0,0.0,23,0.02797645484037223,9,6,3,0,0,0,0,0,0,0,0,1,1
1bav,B,248,TYR,-1.3,193.6,0.0,1,1,X,0.0,0.0,0.0,0.0,0.0,0.0,0.0,0.0,24,0.030307826077069916,8,4,4,0,0,0,0,0,0,0,0,1,0
1bav,B,249,GLN,-3.5,143.8,0.0,2,2,X,0.0,0.0,0.0,0.0,0.0,0.0,0.0,0.0,24,0.03916703677652112,12,2,10,0,0,0,0,0,0,0,0,1,0
1bav,B,250,ALA,1.8,88.6,0.0,0,0,X,0.0,0.0,0.0,0.0,0.0,0.0,0.0,0.0,39,0.04476232774459557,19,10,9,0,0,0,0,0,0,0,0,1,1
1bav,B,251,SER,-0.8,89.0,0.0,1,1,X,0.0,0.0,0.0,0.0,0.0,0.0,0.0,0.0,35,0.050823892960009553,30,17,13,0,0,0,0,0,0,0,0,1,0
1bav,B,252,GLY,-0.4,60.1,0.0,0,0,X,0.0,0.0,0.0,0.0,0.0,0.0,0.0,0.0,43,0.05968310365946076,29,24,5,0,0,0,0,0,0,0,0,1,0
1bav,B,253,GLY,-0.4,60.1,0.0,0,0,X,0.0,0.0,0.0,0.0,0.0,0.0,0.0,0.0,46,0.05222271570202816,19,22,-3,0,0,0,0,0,0,0,0,1,0
1bav,B,254,SER,-0.8,89.0,0.0,1,1,X,0.0,0.0,0.0,0.0,0.0,0.0,0.0,0.0,44,0.05035761871267001,15,22,-7,0,0,0,0,0,0,0,0,1,0
1bav,B,255,ILE,4.5,166.7,0.0,0,0,X,0.0,0.0,0.0,0.0,0.0,0.0,0.0,0.0,40,0.05502036118606539,7,14,-7,0,0,0,0,0,0,0,0,1,0
1bav,B,256,ASP,-3.5,111.1,-1.0,1,3,X,0.0,0.0,0.0,0.0,0.0,0.0,0.0,0.0,37,0.05595290968074446,2,6,-4,0,0,0,0,0,0,0,0,1,0
1bav,B,257,TRP,-0.9,227.8,0.0,1,0,X,0.0,0.0,0.0,0.0,0.0,0.0,0.0,0.0,32,0.05408781269138631,13,18,-5,0,0,0,0,0,0,0,0,1,0
1bav,B,258,SER,-0.8,89.0,0.0,1,1,X,0.0,0.0,0.0,0.0,0.0,0.0,0.0,0.0,34,0.05035761871267001,12,14,-2,0,0,0,0,0,0,0,0,1,0
1bav,B,259,TYR,-1.3,193.6,0.0,1,1,X,0.0,0.0,0.0,0.0,0.0,0.0,0.0,0.0,29,0.050823892960009553,12,16,-4,0,0,0,0,0,0,0,0,1,0
1bav,B,260,ASN,-3.5,114.1,0.0,2,2,X,0.0,0.0,0.0,0.0,0.0,0.0,0.0,0.0,23,0.0363693912924839,4,17,-13,0,0,0,0,0,0,0,0,1,0
1bav,B,261,GLN,-3.5,143.8,0.0,2,2,X,0.0,0.0,0.0,0.0,0.0,0.0,0.0,0.0,21,0.029375277582390842,11,13,-2,0,0,0,0,0,0,0,0,1,0
1bav,B,262,GLY,-0.4,60.1,0.0,0,0,X,0.0,0.0,0.0,0.0,0.0,0.0,0.0,0.0,21,0.02797645484037223,18,6,12,0,0,0,0,0,0,0,0,1,0
1bav,B,263,ILE,4.5,166.7,0.0,0,0,X,0.0,0.0,0.0,0.0,0.0,0.0,0.0,0.0,29,0.043829779249916496,19,6,13,0,0,0,0,0,0,0,0,1,0
1bav,B,264,LYS,-3.9,168.6,1.0,2,0,X,0.0,0.0,0.0,0.0,0.0,0.0,0.0,0.0,28,0.043363505002576956,20,17,3,0,0,0,0,0,0,0,0,1,0
1bav,B,265,TYR,-1.3,193.6,0.0,1,1,X,0.0,0.0,0.0,0.0,0.0,0.0,0.0,0.0,33,0.04989134446533048,28,20,8,0,0,0,0,0,0,0,0,1,0
1bav,B,266,SER,-0.8,89.0,0.0,1,1,X,0.0,0.0,0.0,0.0,0.0,0.0,0.0,0.0,37,0.05548663543340492,13,11,2,0,0,0,0,0,0,0,0,1,0
1bav,B,267,PHE,2.8,189.9,0.0,0,0,X,0.0,0.0,0.0,0.0,0.0,0.0,0.0,0.0,44,0.05175644145468863,11,4,7,0,0,0,0,0,0,0,0,1,0
1bav,B,268,THR,-0.7,116.1,0.0,1,1,X,0.0,0.0,0.0,0.0,0.0,0.0,0.0,0.0,39,0.0526889899493677,11,20,-9,0,0,0,0,0,0,0,0,1,1
1bav,B,269,PHE,2.8,189.9,0.0,0,0,X,0.0,0.0,0.0,0.0,0.0,0.0,0.0,0.0,42,0.05035761871267001,13,15,-2,0,0,0,0,0,0,0,0,1,0
1bav,B,270,GLU,-3.5,138.4,-1.0,1,3,X,0.0,0.0,0.0,0.0,0.0,0.0,0.0,0.0,34,0.05222271570202816,26,10,16,0,0,0,0,0,0,0,0,1,1
1bav,B,271,LEU,3.8,166.7,0.0,0,0,X,0.0,0.0,0.0,0.0,0.0,0.0,0.0,0.0,39,0.05408781269138631,19,33,-14,0,0,0,0,0,0,0,0,1,0
1bav,B,272,ARG,-4.5,173.4,1.0,5,0,X,0.0,0.0,0.0,0.0,0.0,0.0,0.0,0.0,36,0.04942507021799094,4,22,-18,0,0,0,0,0,0,0,0,1,0
1bav,B,273,ASP,-3.5,111.1,-1.0,1,3,X,0.0,0.0,0.0,0.0,0.0,0.0,0.0,0.0,25,0.045694876239274644,22,5,17,0,0,0,0,0,0,0,0,1,0
1bav,B,274,THR,-0.7,116.1,0.0,1,1,X,0.0,0.0,0.0,0.0,0.0,0.0,0.0,0.0,20,0.03124037457174899,17,11,6,0,0,0,0,0,0,0,0,1,0
1bav,B,275,GLY,-0.4,60.1,0.0,0,0,X,0.0,0.0,0.0,0.0,0.0,0.0,0.0,0.0,15,0.025645083603674543,16,8,8,0,0,0,0,0,0,0,0,1,0
1bav,B,276,ARG,-4.5,173.4,1.0,5,0,X,0.0,0.0,0.0,0.0,0.0,0.0,0.0,0.0,11,0.02331371236697686,0,8,-8,0,0,0,0,0,0,0,0,1,0
1bav,B,277,TYR,-1.3,193.6,0.0,1,1,X,0.0,0.0,0.0,0.0,0.0,0.0,0.0,0.0,16,0.03683566553982344,17,8,9,0,0,0,0,0,0,0,0,1,0
1bav,B,278,GLY,-0.4,60.1,0.0,0,0,X,0.0,0.0,0.0,0.0,0.0,0.0,0.0,0.0,24,0.03963331102386066,31,16,15,0,0,0,0,0,0,0,0,1,0
1bav,B,279,PHE,2.8,189.9,0.0,0,0,X,0.0,0.0,0.0,0.0,0.0,0.0,0.0,0.0,31,0.04755997322863279,47,19,28,0,0,0,0,0,0,0,0,1,0
1bav,B,280,LEU,3.8,166.7,0.0,0,0,X,0.0,0.0,0.0,0.0,0.0,0.0,0.0,0.0,19,0.03730193978716297,28,11,17,0,0,0,0,0,0,0,0,1,0
1bav,B,281,LEU,3.8,166.7,0.0,0,0,X,0.0,0.0,0.0,0.0,0.0,0.0,0.0,0.0,29,0.043829779249916496,25,13,12,0,0,0,0,0,0,0,0,1,0
1bav,B,282,PRO,-1.6,112.7,0.0,0,0,X,0.0,0.0,0.0,0.0,0.0,0.0,0.0,0.0,22,0.030307826077069916,20,6,14,0,0,0,0,0,0,0,0,1,0
1bav,B,283,ALA,1.8,88.6,0.0,0,0,X,0.0,0.0,0.0,0.0,0.0,0.0,0.0,0.0,22,0.03310547156110714,5,0,5,0,0,0,0,0,0,0,0,1,0
1bav,B,284,SER,-0.8,89.0,0.0,1,1,X,0.0,0.0,0.0,0.0,0.0,0.0,0.0,0.0,16,0.026577632098353617,5,0,5,0,0,0,0,0,0,0,0,1,0
1bav,B,285,GLN,-3.5,143.8,0.0,2,2,X,0.0,0.0,0.0,0.0,0.0,0.0,0.0,0.0,25,0.03683566553982344,11,11,0,0,0,0,0,0,0,0,0,1,0
1bav,B,286,ILE,4.5,166.7,0.0,0,0,X,0.0,0.0,0.0,0.0,0.0,0.0,0.0,0.0,31,0.050823892960009553,10,2,8,0,0,0,0,0,0,0,0,1,0
1bav,B,287,ILE,4.5,166.7,0.0,0,0,X,0.0,0.0,0.0,0.0,0.0,0.0,0.0,0.0,27,0.04103213376587927,5,8,-3,0,0,0,0,0,0,0,0,1,0
1bav,B,288,PRO,-1.6,112.7,0.0,0,0,X,0.0,0.0,0.0,0.0,0.0,0.0,0.0,0.0,26,0.040565859518539735,7,9,-2,0,0,0,0,0,0,0,0,1,0
1bav,B,289,THR,-0.7,116.1,0.0,1,1,X,0.0,0.0,0.0,0.0,0.0,0.0,0.0,0.0,38,0.05035761871267001,12,14,-2,0,0,0,0,0,0,0,0,1,0
1bav,B,290,ALA,1.8,88.6,0.0,0,0,X,0.0,0.0,0.0,0.0,0.0,0.0,0.0,0.0,34,0.050823892960009553,15,9,6,0,0,0,0,0,0,0,0,1,0
1bav,B,291,GLN,-3.5,143.8,0.0,2,2,X,0.0,0.0,0.0,0.0,0.0,0.0,0.0,0.0,25,0.048492521723311866,10,9,1,0,0,0,0,0,0,0,0,1,0
1bav,B,292,GLU,-3.5,138.4,-1.0,1,3,X,0.0,0.0,0.0,0.0,0.0,0.0,0.0,0.0,33,0.05175644145468863,15,0,15,0,0,0,0,0,0,0,0,1,0
1bav,B,293,THR,-0.7,116.1,0.0,1,1,X,0.0,0.0,0.0,0.0,0.0,0.0,0.0,0.0,43,0.05035761871267001,14,12,2,0,0,0,0,0,0,0,0,1,0
1bav,B,294,TRP,-0.9,227.8,0.0,1,0,X,0.0,0.0,0.0,0.0,0.0,0.0,0.0,0.0,34,0.045228601991935104,10,10,0,0,0,0,0,0,0,0,0,1,0
1bav,B,295,LEU,3.8,166.7,0.0,0,0,X,0.0,0.0,0.0,0.0,0.0,0.0,0.0,0.0,31,0.04616115048661418,9,13,-4,0,0,0,0,0,0,0,0,1,0
1bav,B,296,GLY,-0.4,60.1,0.0,0,0,X,0.0,0.0,0.0,0.0,0.0,0.0,0.0,0.0,33,0.05175644145468863,6,14,-8,0,0,0,0,0,0,0,0,1,0
1bav,B,297,VAL,4.2,140.0,0.0,0,0,X,0.0,0.0,0.0,0.0,0.0,0.0,0.0,0.0,42,0.045228601991935104,2,11,-9,0,0,0,0,0,0,0,0,1,0
1bav,B,298,LEU,3.8,166.7,0.0,0,0,X,0.0,0.0,0.0,0.0,0.0,0.0,0.0,0.0,33,0.04289723075523742,8,11,-3,0,0,0,0,0,0,0,0,1,0
1bav,B,299,THR,-0.7,116.1,0.0,1,1,X,0.0,0.0,0.0,0.0,0.0,0.0,0.0,0.0,30,0.04149840801321881,14,10,4,0,0,0,0,0,0,0,0,1,0
1bav,B,300,ILE,4.5,166.7,0.0,0,0,X,0.0,0.0,0.0,0.0,0.0,0.0,0.0,0.0,40,0.04942507021799094,16,10,6,0,0,0,0,0,0,0,0,1,0
1bav,B,301,MET,1.9,162.9,0.0,0,0,X,0.0,0.0,0.0,0.0,0.0,0.0,0.0,0.0,36,0.04476232774459557,12,12,0,0,0,0,0,0,0,0,0,1,0
1bav,B,302,GLU,-3.5,138.4,-1.0,1,3,X,0.0,0.0,0.0,0.0,0.0,0.0,0.0,0.0,27,0.03870076252918159,10,0,10,0,0,0,0,0,0,0,0,1,0
1bav,B,303,HIS,-3.2,153.2,0.1,2,1,X,0.0,0.0,0.0,0.0,0.0,0.0,0.0,0.0,25,0.03823448828184205,10,18,-8,0,0,0,0,0,0,0,0,1,0
1bav,B,304,THR,-0.7,116.1,0.0,1,1,X,0.0,0.0,0.0,0.0,0.0,0.0,0.0,0.0,32,0.04289723075523742,28,14,14,0,0,0,0,0,0,0,0,1,0
1bav,B,305,VAL,4.2,140.0,0.0,0,0,X,0.0,0.0,0.0,0.0,0.0,0.0,0.0,0.0,25,0.03683566553982344,17,15,2,0,0,0,0,0,0,0,0,1,0
1bav,B,306,ASN,-3.5,114.1,0.0,2,2,X,0.0,0.0,0.0,0.0,0.0,0.0,0.0,0.0,16,0.024246260861655933,11,10,1,0,0,0,0,0,0,0,0,1,0
1bav,B,307,ASN,-3.5,114.1,0.0,2,2,X,0.0,0.0,0.0,0.0,0.0,0.0,0.0,0.0,14,0.025178809356335007,24,10,14,0,0,0,0,0,0,0,0,1,0
1bav,C,1,ALA,1.8,88.6,0.0,0,0,X,0.0,0.0,0.0,0.0,0.0,0.0,0.0,0.0,19,0.02611135785101408,16,19,-3,0,0,0,0,0,0,0,0,1,0
1bav,C,2,ARG,-4.5,173.4,1.0,5,0,X,0.0,0.0,0.0,0.0,0.0,0.0,0.0,0.0,9,0.01958351838826056,0,3,-3,0,0,0,0,0,0,0,0,1,0
1bav,C,3,SER,-0.8,89.0,0.0,1,1,X,0.0,0.0,0.0,0.0,0.0,0.0,0.0,0.0,17,0.032172923066428064,17,5,12,0,0,0,0,0,0,0,0,1,0
1bav,C,4,THR,-0.7,116.1,0.0,1,1,X,0.0,0.0,0.0,0.0,0.0,0.0,0.0,0.0,26,0.04476232774459557,24,13,11,0,0,0,0,0,0,0,0,1,0
1bav,C,5,ASN,-3.5,114.1,0.0,2,2,X,0.0,0.0,0.0,0.0,0.0,0.0,0.0,0.0,16,0.02611135785101408,17,5,12,0,0,0,0,0,0,0,0,1,0
1bav,C,6,THR,-0.7,116.1,0.0,1,1,X,0.0,0.0,0.0,0.0,0.0,0.0,0.0,0.0,13,0.02844272908771177,16,0,16,0,0,0,0,0,0,0,0,1,0
1bav,C,7,PHE,2.8,189.9,0.0,0,0,X,0.0,0.0,0.0,0.0,0.0,0.0,0.0,0.0,26,0.03683566553982344,23,16,7,0,0,0,0,0,0,0,0,1,0
1bav,C,8,ASN,-3.5,114.1,0.0,2,2,X,0.0,0.0,0.0,0.0,0.0,0.0,0.0,0.0,19,0.028909003335051305,8,4,4,0,0,0,0,0,0,0,0,1,0
1bav,C,9,TYR,-1.3,193.6,0.0,1,1,X,0.0,0.0,0.0,0.0,0.0,0.0,0.0,0.0,29,0.04243095650789788,20,5,15,0,0,0,0,0,0,0,0,1,0
1bav,C,10,ALA,1.8,88.6,0.0,0,0,X,0.0,0.0,0.0,0.0,0.0,0.0,0.0,0.0,22,0.03403802005578621,8,0,8,0,0,0,0,0,0,0,0,1,0
1bav,C,11,THR,-0.7,116.1,0.0,1,1,X,0.0,0.0,0.0,0.0,0.0,0.0,0.0,0.0,24,0.032172923066428064,11,5,6,0,0,0,0,0,0,0,0,1,0
1bav,C,12,TYR,-1.3,193.6,0.0,1,1,X,0.0,0.0,0.0,0.0,0.0,0.0,0.0,0.0,32,0.03916703677652112,23,4,19,0,0,0,0,0,0,0,0,1,0
1bav,C,13,HIS,-3.2,153.2,0.1,2,1,X,0.0,0.0,0.0,0.0,0.0,0.0,0.0,0.0,25,0.03823448828184205,6,17,-11,0,0,0,0,0,0,0,0,1,0
1bav,C,14,THR,-0.7,116.1,0.0,1,1,X,0.0,0.0,0.0,0.0,0.0,0.0,0.0,0.0,22,0.03730193978716297,20,23,-3,0,0,0,0,0,0,0,0,1,0
1bav,C,15,LEU,3.8,166.7,0.0,0,0,X,0.0,0.0,0.0,0.0,0.0,0.0,0.0,0.0,26,0.040565859518539735,24,24,0,0,0,0,0,0,0,0,0,1,0
1bav,C,16,ASP,-3.5,111.1,-1.0,1,3,X,0.0,0.0,0.0,0.0,0.0,0.0,0.0,0.0,18,0.02984155182973038,18,18,0,0,0,0,0,0,0,0,0,1,0
1bav,C,17,GLU,-3.5,138.4,-1.0,1,3,X,0.0,0.0,0.0,0.0,0.0,0.0,0.0,0.0,19,0.0363693912924839,15,16,-1,0,0,0,0,0,0,0,0,1,0
1bav,C,18,ILE,4.5,166.7,0.0,0,0,X,0.0,0.0,0.0,0.0,0.0,0.0,0.0,0.0,30,0.04989134446533048,15,31,-16,0,0,0,0,0,0,0,0,1,0
1bav,C,19,TYR,-1.3,193.6,0.0,1,1,X,0.0,0.0,0.0,0.0,0.0,0.0,0.0,0.0,25,0.040099585271200194,12,29,-17,0,0,0,0,0,0,0,0,1,0
1bav,C,20,ASP,-3.5,111.1,-1.0,1,3,X,0.0,0.0,0.0,0.0,0.0,0.0,0.0,0.0,21,0.034970568550465285,10,25,-15,0,0,0,0,0,0,0,0,1,0
1bav,C,21,PHE,2.8,189.9,0.0,0,0,X,0.0,0.0,0.0,0.0,0.0,0.0,0.0,0.0,41,0.04709369898129325,22,24,-2,0,0,0,0,0,0,0,0,1,0
1bav,C,22,MET,1.9,162.9,0.0,0,0,X,0.0,0.0,0.0,0.0,0.0,0.0,0.0,0.0,34,0.043829779249916496,11,26,-15,0,0,0,0,0,0,0,0,1,0
1bav,C,23,ASP,-3.5,111.1,-1.0,1,3,X,0.0,0.0,0.0,0.0,0.0,0.0,0.0,0.0,21,0.03403802005578621,10,12,-2,0,0,0,0,0,0,0,0,1,0
1bav,C,24,LEU,3.8,166.7,0.0,0,0,X,0.0,0.0,0.0,0.0,0.0,0.0,0.0,0.0,26,0.03870076252918159,20,19,1,0,0,0,0,0,0,0,0,1,0
1bav,C,25,LEU,3.8,166.7,0.0,0,0,X,0.0,0.0,0.0,0.0,0.0,0.0,0.0,0.0,37,0.04942507021799094,29,14,15,0,0,0,0,0,0,0,0,1,0
1bav,C,26,VAL,4.2,140.0,0.0,0,0,X,0.0,0.0,0.0,0.0,0.0,0.0,0.0,0.0,24,0.04289723075523742,24,18,6,0,0,0,0,0,0,0,0,1,0
1bav,C,27,ALA,1.8,88.6,0.0,0,0,X,0.0,0.0,0.0,0.0,0.0,0.0,0.0,0.0,19,0.028909003335051305,13,17,-4,0,0,0,0,0,0,0,0,1,0
1bav,C,28,GLN,-3.5,143.8,0.0,2,2,X,0.0,0.0,0.0,0.0,0.0,0.0,0.0,0.0,22,0.028909003335051305,20,8,12,0,0,0,0,0,0,0,0,1,0
1bav,C,29,HIS,-3.2,153.2,0.1,2,1,X,0.0,0.0,0.0,0.0,0.0,0.0,0.0,0.0,25,0.0363693912924839,10,17,-7,0,0,0,0,0,0,0,0,1,0
1bav,C,30,PRO,-1.6,112.7,0.0,0,0,X,0.0,0.0,0.0,0.0,0.0,0.0,0.0,0.0,16,0.02797645484037223,12,11,1,0,0,0,0,0,0,0,0,1,0
1bav,C,31,GLU,-3.5,138.4,-1.0,1,3,X,0.0,0.0,0.0,0.0,0.0,0.0,0.0,0.0,14,0.020516066882939634,11,0,11,0,0,0,0,0,0,0,0,1,0
1bav,C,32,LEU,3.8,166.7,0.0,0,0,X,0.0,0.0,0.0,0.0,0.0,0.0,0.0,0.0,29,0.03916703677652112,21,14,7,0,0,0,0,0,0,0,0,1,0
1bav,C,33,VAL,4.2,140.0,0.0,0,0,X,0.0,0.0,0.0,0.0,0.0,0.0,0.0,0.0,28,0.043363505002576956,27,13,14,0,0,0,0,0,0,0,0,1,0
1bav,C,34,SER,-0.8,89.0,0.0,1,1,X,0.0,0.0,0.0,0.0,0.0,0.0,0.0,0.0,25,0.03683566553982344,23,10,13,0,0,0,0,0,0,0,0,1,0
1bav,C,35,LYS,-3.9,168.6,1.0,2,0,X,0.0,0.0,0.0,0.0,0.0,0.0,0.0,0.0,23,0.03683566553982344,7,11,-4,0,0,0,0,0,0,0,0,1,0
1bav,C,36,LEU,3.8,166.7,0.0,0,0,X,0.0,0.0,0.0,0.0,0.0,0.0,0.0,0.0,21,0.035436842797804825,18,6,12,0,0,0,0,0,0,0,0,1,0
1bav,C,37,GLN,-3.5,143.8,0.0,2,2,X,0.0,0.0,0.0,0.0,0.0,0.0,0.0,0.0,18,0.034970568550465285,22,1,21,0,0,0,0,0,0,0,0,1,0
1bav,C,38,ILE,4.5,166.7,0.0,0,0,X,0.0,0.0,0.0,0.0,0.0,0.0,0.0,0.0,31,0.0363693912924839,19,20,-1,0,0,0,0,0,0,0,0,1,0
1bav,C,39,GLY,-0.4,60.1,0.0,0,0,X,0.0,0.0,0.0,0.0,0.0,0.0,0.0,0.0,25,0.03310547156110714,22,15,7,0,0,0,0,0,0,0,0,1,0
1bav,C,40,ARG,-4.5,173.4,1.0,5,0,X,0.0,0.0,0.0,0.0,0.0,0.0,0.0,0.0,16,0.03963331102386066,7,12,-5,0,0,0,0,0,0,0,0,1,0
1bav,C,41,SER,-0.8,89.0,0.0,1,1,X,0.0,0.0,0.0,0.0,0.0,0.0,0.0,0.0,27,0.045228601991935104,28,24,4,0,0,0,0,0,0,0,0,1,0
1bav,C,42,TYR,-1.3,193.6,0.0,1,1,X,0.0,0.0,0.0,0.0,0.0,0.0,0.0,0.0,22,0.040099585271200194,27,25,2,0,0,0,0,0,0,0,0,1,0
1bav,C,43,GLU,-3.5,138.4,-1.0,1,3,X,0.0,0.0,0.0,0.0,0.0,0.0,0.0,0.0,19,0.03170664881908853,30,4,26,0,0,0,0,0,0,0,0,1,0
1bav,C,44,GLY,-0.4,60.1,0.0,0,0,X,0.0,0.0,0.0,0.0,0.0,0.0,0.0,0.0,16,0.02984155182973038,22,13,9,0,0,0,0,0,0,0,0,1,0
1bav,C,45,ARG,-4.5,173.4,1.0,5,0,X,0.0,0.0,0.0,0.0,0.0,0.0,0.0,0.0,25,0.03963331102386066,15,17,-2,0,0,0,0,0,0,0,0,1,0
1bav,C,46,PRO,-1.6,112.7,0.0,0,0,X,0.0,0.0,0.0,0.0,0.0,0.0,0.0,0.0,26,0.03730193978716297,26,9,17,0,0,0,0,0,0,0,0,1,0
1bav,C,47,ILE,4.5,166.7,0.0,0,0,X,0.0,0.0,0.0,0.0,0.0,0.0,0.0,0.0,33,0.04989134446533048,21,18,3,0,0,0,0,0,0,0,0,1,0
1bav,C,48,TYR,-1.3,193.6,0.0,1,1,X,0.0,0.0,0.0,0.0,0.0,0.0,0.0,0.0,28,0.04942507021799094,21,15,6,0,0,0,0,0,0,0,0,1,0
1bav,C,49,VAL,4.2,140.0,0.0,0,0,X,0.0,0.0,0.0,0.0,0.0,0.0,0.0,0.0,33,0.05035761871267001,17,12,5,0,0,0,0,0,0,0,0,1,0
1bav,C,50,LEU,3.8,166.7,0.0,0,0,X,0.0,0.0,0.0,0.0,0.0,0.0,0.0,0.0,39,0.048026247475972325,19,13,6,0,0,0,0,0,0,0,0,1,0
1bav,C,51,LYS,-3.9,168.6,1.0,2,0,X,0.0,0.0,0.0,0.0,0.0,0.0,0.0,0.0,33,0.045228601991935104,10,10,0,0,0,0,0,0,0,0,0,1,0
1bav,C,52,PHE,2.8,189.9,0.0,0,0,X,0.0,0.0,0.0,0.0,0.0,0.0,0.0,0.0,38,0.048026247475972325,26,12,14,0,0,0,0,0,0,0,0,1,0
1bav,C,53,SER,-0.8,89.0,0.0,1,1,X,0.0,0.0,0.0,0.0,0.0,0.0,0.0,0.0,27,0.04289723075523742,22,21,1,0,0,0,0,0,0,0,0,1,0
1bav,C,54,THR,-0.7,116.1,0.0,1,1,X,0.0,0.0,0.0,0.0,0.0,0.0,0.0,0.0,24,0.03590311704514436,15,22,-7,0,0,0,0,0,0,0,0,1,0
1bav,C,55,GLY,-0.4,60.1,0.0,0,0,X,0.0,0.0,0.0,0.0,0.0,0.0,0.0,0.0,22,0.020516066882939634,18,18,0,0,0,0,0,0,0,0,0,1,0
1bav,C,56,GLY,-0.4,60.1,0.0,0,0,X,0.0,0.0,0.0,0.0,0.0,0.0,0.0,0.0,14,0.020516066882939634,14,9,5,0,0,0,0,0,0,0,0,1,0
1bav,C,57,SER,-0.8,89.0,0.0,1,1,X,0.0,0.0,0.0,0.0,0.0,0.0,0.0,0.0,16,0.018650969893581486,20,7,13,0,0,0,0,0,0,0,0,1,0
1bav,C,58,ASN,-3.5,114.1,0.0,2,2,X,0.0,0.0,0.0,0.0,0.0,0.0,0.0,0.0,19,0.026577632098353617,25,8,17,0,0,0,0,0,0,0,0,1,0
1bav,C,59,ARG,-4.5,173.4,1.0,5,0,X,0.0,0.0,0.0,0.0,0.0,0.0,0.0,0.0,24,0.03776821403450251,12,15,-3,0,0,0,0,0,0,0,0,1,0
1bav,C,60,PRO,-1.6,112.7,0.0,0,0,X,0.0,0.0,0.0,0.0,0.0,0.0,0.0,0.0,28,0.04243095650789788,28,12,16,0,0,0,0,0,0,0,0,1,0
1bav,C,61,ALA,1.8,88.6,0.0,0,0,X,0.0,0.0,0.0,0.0,0.0,0.0,0.0,0.0,33,0.05035761871267001,28,8,20,0,0,0,0,0,0,0,0,1,0
1bav,C,62,ILE,4.5,166.7,0.0,0,0,X,0.0,0.0,0.0,0.0,0.0,0.0,0.0,0.0,35,0.053621538444046775,18,10,8,0,0,0,0,0,0,0,0,1,0
1bav,C,63,TRP,-0.9,227.8,0.0,1,0,X,0.0,0.0,0.0,0.0,0.0,0.0,0.0,0.0,40,0.053155264196707235,10,19,-9,0,0,0,0,0,0,0,0,1,0
1bav,C,64,ILE,4.5,166.7,0.0,0,0,X,0.0,0.0,0.0,0.0,0.0,0.0,0.0,0.0,39,0.05175644145468863,0,19,-19,0,0,0,0,0,0,0,0,1,0
1bav,C,65,ASP,-3.5,111.1,-1.0,1,3,X,0.0,0.0,0.0,0.0,0.0,0.0,0.0,0.0,39,0.05129016720734909,11,11,0,0,0,0,0,0,0,0,0,1,0
1bav,C,66,LEU,3.8,166.7,0.0,0,0,X,0.0,0.0,0.0,0.0,0.0,0.0,0.0,0.0,39,0.05595290968074446,15,25,-10,0,0,0,0,0,0,0,0,1,0
1bav,C,67,GLY,-0.4,60.1,0.0,0,0,X,0.0,0.0,0.0,0.0,0.0,0.0,0.0,0.0,42,0.061548200648818906,35,28,7,0,0,0,0,0,0,0,0,1,0
1bav,C,68,ILE,4.5,166.7,0.0,0,0,X,0.0,0.0,0.0,0.0,0.0,0.0,0.0,0.0,44,0.05408781269138631,44,43,1,0,0,0,0,0,0,0,0,1,0
1bav,C,69,HIS,-3.2,153.2,0.1,2,1,X,0.0,0.0,0.0,0.0,0.0,0.0,0.0,0.0,39,0.05455408693872585,48,31,17,0,0,0,0,0,0,0,0,1,1
1bav,C,70,SER,-0.8,89.0,0.0,1,1,X,0.0,0.0,0.0,0.0,0.0,0.0,0.0,0.0,39,0.05921682941212122,63,13,50,0,0,0,0,0,0,0,0,1,0
1bav,C,71,ARG,-4.5,173.4,1.0,5,0,X,0.0,0.0,0.0,0.0,0.0,0.0,0.0,0.0,29,0.05688545817542354,44,19,25,0,0,0,0,0,0,0,0,1,0
1bav,C,72,GLU,-3.5,138.4,-1.0,1,3,X,0.0,0.0,0.0,0.0,0.0,0.0,0.0,0.0,36,0.053621538444046775,53,9,44,0,0,0,0,0,0,0,0,1,0
1bav,C,73,TRP,-0.9,227.8,0.0,1,0,X,0.0,0.0,0.0,0.0,0.0,0.0,0.0,0.0,34,0.05035761871267001,37,8,29,0,0,0,0,0,0,0,0,1,0
1bav,C,74,ILE,4.5,166.7,0.0,0,0,X,0.0,0.0,0.0,0.0,0.0,0.0,0.0,0.0,47,0.04942507021799094,22,16,6,0,0,0,0,0,0,0,0,1,0
1bav,C,75,THR,-0.7,116.1,0.0,1,1,X,0.0,0.0,0.0,0.0,0.0,0.0,0.0,0.0,42,0.048026247475972325,23,22,1,0,0,0,0,0,0,0,0,1,0
1bav,C,76,GLN,-3.5,143.8,0.0,2,2,X,0.0,0.0,0.0,0.0,0.0,0.0,0.0,0.0,41,0.048026247475972325,28,15,13,0,0,0,0,0,0,0,0,1,0
1bav,C,77,ALA,1.8,88.6,0.0,0,0,X,0.0,0.0,0.0,0.0,0.0,0.0,0.0,0.0,40,0.0526889899493677,10,3,7,0,0,0,0,0,0,0,0,1,0
1bav,C,78,THR,-0.7,116.1,0.0,1,1,X,0.0,0.0,0.0,0.0,0.0,0.0,0.0,0.0,43,0.050823892960009553,8,9,-1,0,0,0,0,0,0,0,0,1,0
1bav,C,79,GLY,-0.4,60.1,0.0,0,0,X,0.0,0.0,0.0,0.0,0.0,0.0,0.0,0.0,38,0.04709369898129325,10,10,0,0,0,0,0,0,0,0,0,1,0
1bav,C,80,VAL,4.2,140.0,0.0,0,0,X,0.0,0.0,0.0,0.0,0.0,0.0,0.0,0.0,41,0.04942507021799094,22,6,16,0,0,0,0,0,0,0,0,1,0
1bav,C,81,TRP,-0.9,227.8,0.0,1,0,X,0.0,0.0,0.0,0.0,0.0,0.0,0.0,0.0,34,0.04709369898129325,17,10,7,0,0,0,0,0,0,0,0,1,0
1bav,C,82,PHE,2.8,189.9,0.0,0,0,X,0.0,0.0,0.0,0.0,0.0,0.0,0.0,0.0,44,0.04942507021799094,15,10,5,0,0,0,0,0,0,0,0,1,0
1bav,C,83,ALA,1.8,88.6,0.0,0,0,X,0.0,0.0,0.0,0.0,0.0,0.0,0.0,0.0,38,0.048492521723311866,26,9,17,0,0,0,0,0,0,0,0,1,0
1bav,C,84,LYS,-3.9,168.6,1.0,2,0,X,0.0,0.0,0.0,0.0,0.0,0.0,0.0,0.0,31,0.04942507021799094,17,9,8,0,0,0,0,0,0,0,0,1,0
1bav,C,85,LYS,-3.9,168.6,1.0,2,0,X,0.0,0.0,0.0,0.0,0.0,0.0,0.0,0.0,28,0.048026247475972325,9,9,0,0,0,0,0,0,0,0,0,1,0
1bav,C,86,PHE,2.8,189.9,0.0,0,0,X,0.0,0.0,0.0,0.0,0.0,0.0,0.0,0.0,36,0.04662742473395372,24,9,15,0,0,0,0,0,0,0,0,1,0
1bav,C,87,THR,-0.7,116.1,0.0,1,1,X,0.0,0.0,0.0,0.0,0.0,0.0,0.0,0.0,31,0.045228601991935104,28,11,17,0,0,0,0,0,0,0,0,1,0
1bav,C,88,GLU,-3.5,138.4,-1.0,1,3,X,0.0,0.0,0.0,0.0,0.0,0.0,0.0,0.0,25,0.03357174580844668,24,0,24,0,0,0,0,0,0,0,0,1,0
1bav,C,89,ASN,-3.5,114.1,0.0,2,2,X,0.0,0.0,0.0,0.0,0.0,0.0,0.0,0.0,22,0.04289723075523742,16,9,7,0,0,0,0,0,0,0,0,1,0
1bav,C,90,TYR,-1.3,193.6,0.0,1,1,X,0.0,0.0,0.0,0.0,0.0,0.0,0.0,0.0,27,0.04289723075523742,7,15,-8,0,0,0,0,0,0,0,0,1,0
1bav,C,91,GLY,-0.4,60.1,0.0,0,0,X,0.0,0.0,0.0,0.0,0.0,0.0,0.0,0.0,17,0.027510180593032695,1,10,-9,0,0,0,0,0,0,0,0,1,0
1bav,C,92,GLN,-3.5,143.8,0.0,2,2,X,0.0,0.0,0.0,0.0,0.0,0.0,0.0,0.0,15,0.025645083603674543,5,6,-1,0,0,0,0,0,0,0,0,1,0
1bav,C,93,ASN,-3.5,114.1,0.0,2,2,X,0.0,0.0,0.0,0.0,0.0,0.0,0.0,0.0,18,0.03170664881908853,6,8,-2,0,0,0,0,0,0,0,0,1,0
1bav,C,94,PRO,-1.6,112.7,0.0,0,0,X,0.0,0.0,0.0,0.0,0.0,0.0,0.0,0.0,15,0.02471253510899547,0,8,-8,0,0,0,0,0,0,0,0,1,0
1bav,C,95,SER,-0.8,89.0,0.0,1,1,X,0.0,0.0,0.0,0.0,0.0,0.0,0.0,0.0,21,0.030774100324409453,1,15,-14,0,0,0,0,0,0,0,0,1,0
1bav,C,96,PHE,2.8,189.9,0.0,0,0,X,0.0,0.0,0.0,0.0,0.0,0.0,0.0,0.0,32,0.045694876239274644,10,19,-9,0,0,0,0,0,0,0,0,1,0
1bav,C,97,THR,-0.7,116.1,0.0,1,1,X,0.0,0.0,0.0,0.0,0.0,0.0,0.0,0.0,23,0.043363505002576956,0,12,-12,0,0,0,0,0,0,0,0,1,0
1bav,C,98,ALA,1.8,88.6,0.0,0,0,X,0.0,0.0,0.0,0.0,0.0,0.0,0.0,0.0,24,0.032639197313767604,2,17,-15,0,0,0,0,0,0,0,0,1,0
1bav,C,99,ILE,4.5,166.7,0.0,0,0,X,0.0,0.0,0.0,0.0,0.0,0.0,0.0,0.0,32,0.04616115048661418,7,23,-16,0,0,0,0,0,0,0,0,1,0
1bav,C,100,LEU,3.8,166.7,0.0,0,0,X,0.0,0.0,0.0,0.0,0.0,0.0,0.0,0.0,34,0.04989134446533048,9,17,-8,0,0,0,0,0,0,0,0,1,0
1bav,C,101,ASP,-3.5,111.1,-1.0,1,3,X,0.0,0.0,0.0,0.0,0.0,0.0,0.0,0.0,21,0.035436842797804825,7,4,3,0,0,0,0,0,0,0,0,1,0
1bav,C,102,SER,-0.8,89.0,0.0,1,1,X,0.0,0.0,0.0,0.0,0.0,0.0,0.0,0.0,28,0.03357174580844668,14,16,-2,0,0,0,0,0,0,0,0,1,0
1bav,C,103,MET,1.9,162.9,0.0,0,0,X,0.0,0.0,0.0,0.0,0.0,0.0,0.0,0.0,34,0.045694876239274644,22,20,2,0,0,0,0,0,0,0,0,1,0
1bav,C,104,ASP,-3.5,111.1,-1.0,1,3,X,0.0,0.0,0.0,0.0,0.0,0.0,0.0,0.0,35,0.05408781269138631,30,4,26,0,0,0,0,0,0,0,0,1,0
1bav,C,105,ILE,4.5,166.7,0.0,0,0,X,0.0,0.0,0.0,0.0,0.0,0.0,0.0,0.0,36,0.05222271570202816,15,11,4,0,0,0,0,0,0,0,0,1,0
1bav,C,106,PHE,2.8,189.9,0.0,0,0,X,0.0,0.0,0.0,0.0,0.0,0.0,0.0,0.0,37,0.05129016720734909,22,19,3,0,0,0,0,0,0,0,0,1,0
1bav,C,107,LEU,3.8,166.7,0.0,0,0,X,0.0,0.0,0.0,0.0,0.0,0.0,0.0,0.0,41,0.05455408693872585,9,19,-10,0,0,0,0,0,0,0,0,1,0
1bav,C,108,GLU,-3.5,138.4,-1.0,1,3,X,0.0,0.0,0.0,0.0,0.0,0.0,0.0,0.0,42,0.048492521723311866,1,13,-12,0,0,0,0,0,0,0,0,1,0
1bav,C,109,ILE,4.5,166.7,0.0,0,0,X,0.0,0.0,0.0,0.0,0.0,0.0,0.0,0.0,41,0.04989134446533048,1,18,-17,0,0,0,0,0,0,0,0,1,0
1bav,C,110,VAL,4.2,140.0,0.0,0,0,X,0.0,0.0,0.0,0.0,0.0,0.0,0.0,0.0,41,0.050823892960009553,12,24,-12,0,0,0,0,0,0,0,0,1,0
1bav,C,111,THR,-0.7,116.1,0.0,1,1,X,0.0,0.0,0.0,0.0,0.0,0.0,0.0,0.0,47,0.04709369898129325,14,26,-12,0,0,0,0,0,0,0,0,1,0
1bav,C,112,ASN,-3.5,114.1,0.0,2,2,X,0.0,0.0,0.0,0.0,0.0,0.0,0.0,0.0,46,0.050823892960009553,41,26,15,0,0,0,0,0,0,0,0,1,0
1bav,C,113,PRO,-1.6,112.7,0.0,0,0,X,0.0,0.0,0.0,0.0,0.0,0.0,0.0,0.0,40,0.048026247475972325,27,23,4,0,0,0,0,0,0,0,0,1,0
1bav,C,114,ASN,-3.5,114.1,0.0,2,2,X,0.0,0.0,0.0,0.0,0.0,0.0,0.0,0.0,35,0.05129016720734909,32,17,15,0,0,0,0,0,0,0,0,1,0
1bav,C,115,GLY,-0.4,60.1,0.0,0,0,X,0.0,0.0,0.0,0.0,0.0,0.0,0.0,0.0,37,0.056419183928083996,57,17,40,0,0,0,0,0,0,0,0,1,0
1bav,C,116,PHE,2.8,189.9,0.0,0,0,X,0.0,0.0,0.0,0.0,0.0,0.0,0.0,0.0,40,0.053621538444046775,46,11,35,0,0,0,0,0,0,0,0,1,0
1bav,C,117,ALA,1.8,88.6,0.0,0,0,X,0.0,0.0,0.0,0.0,0.0,0.0,0.0,0.0,29,0.04196468226055834,34,20,14,0,0,0,0,0,0,0,0,1,0
1bav,C,118,PHE,2.8,189.9,0.0,0,0,X,0.0,0.0,0.0,0.0,0.0,0.0,0.0,0.0,24,0.045228601991935104,44,13,31,0,0,0,0,0,0,0,0,1,0
1bav,C,119,THR,-0.7,116.1,0.0,1,1,X,0.0,0.0,0.0,0.0,0.0,0.0,0.0,0.0,26,0.0526889899493677,43,13,30,0,0,0,0,0,0,0,0,1,0
1bav,C,120,HIS,-3.2,153.2,0.1,2,1,X,0.0,0.0,0.0,0.0,0.0,0.0,0.0,0.0,25,0.03776821403450251,21,15,6,0,0,0,0,0,0,0,0,1,0
1bav,C,121,SER,-0.8,89.0,0.0,1,1,X,0.0,0.0,0.0,0.0,0.0,0.0,0.0,0.0,16,0.024246260861655933,22,9,13,0,0,0,0,0,0,0,0,1,0
1bav,C,122,GLU,-3.5,138.4,-1.0,1,3,X,0.0,0.0,0.0,0.0,0.0,0.0,0.0,0.0,13,0.02471253510899547,20,0,20,0,0,0,0,0,0,0,0,1,0
1bav,C,123,ASN,-3.5,114.1,0.0,2,2,X,0.0,0.0,0.0,0.0,0.0,0.0,0.0,0.0,19,0.034970568550465285,40,12,28,0,0,0,0,0,0,0,0,1,0
1bav,C,124,ARG,-4.5,173.4,1.0,5,0,X,0.0,0.0,0.0,0.0,0.0,0.0,0.0,0.0,25,0.040565859518539735,25,11,14,0,0,0,0,0,0,0,0,1,0
1bav,C,125,LEU,3.8,166.7,0.0,0,0,X,0.0,0.0,0.0,0.0,0.0,0.0,0.0,0.0,23,0.040565859518539735,38,15,23,0,0,0,0,0,0,0,0,1,0
1bav,C,126,TRP,-0.9,227.8,0.0,1,0,X,0.0,0.0,0.0,0.0,0.0,0.0,0.0,0.0,32,0.048026247475972325,56,19,37,0,0,0,0,0,0,0,0,1,0
1bav,C,127,ARG,-4.5,173.4,1.0,5,0,X,0.0,0.0,0.0,0.0,0.0,0.0,0.0,0.0,34,0.05222271570202816,48,25,23,0,0,0,0,0,0,0,0,1,0
1bav,C,128,LYS,-3.9,168.6,1.0,2,0,X,0.0,0.0,0.0,0.0,0.0,0.0,0.0,0.0,38,0.056419183928083996,48,23,25,0,0,0,0,0,0,0,0,1,0
1bav,C,129,THR,-0.7,116.1,0.0,1,1,X,0.0,0.0,0.0,0.0,0.0,0.0,0.0,0.0,39,0.0526889899493677,39,37,2,0,0,0,0,0,0,0,0,1,0
1bav,C,130,ARG,-4.5,173.4,1.0,5,0,X,0.0,0.0,0.0,0.0,0.0,0.0,0.0,0.0,29,0.050823892960009553,18,17,1,0,0,0,0,0,0,0,0,1,0
1bav,C,131,SER,-0.8,89.0,0.0,1,1,X,0.0,0.0,0.0,0.0,0.0,0.0,0.0,0.0,29,0.04196468226055834,23,24,-1,0,0,0,0,0,0,0,0,1,0
1bav,C,132,VAL,4.2,140.0,0.0,0,0,X,0.0,0.0,0.0,0.0,0.0,0.0,0.0,0.0,20,0.030774100324409453,12,9,3,0,0,0,0,0,0,0,0,1,0
1bav,C,133,THR,-0.7,116.1,0.0,1,1,X,0.0,0.0,0.0,0.0,0.0,0.0,0.0,0.0,20,0.019117244140921023,10,3,7,0,0,0,0,0,0,0,0,1,0
1bav,C,134,SER,-0.8,89.0,0.0,1,1,X,0.0,0.0,0.0,0.0,0.0,0.0,0.0,0.0,19,0.022847438119637322,8,1,7,0,0,0,0,0,0,0,0,1,0
1bav,C,135,SER,-0.8,89.0,0.0,1,1,X,0.0,0.0,0.0,0.0,0.0,0.0,0.0,0.0,13,0.015387050162204726,4,0,4,0,0,0,0,0,0,0,0,1,0
1bav,C,136,SER,-0.8,89.0,0.0,1,1,X,0.0,0.0,0.0,0.0,0.0,0.0,0.0,0.0,17,0.02331371236697686,4,0,4,0,0,0,0,0,0,0,0,1,0
1bav,C,137,LEU,3.8,166.7,0.0,0,0,X,0.0,0.0,0.0,0.0,0.0,0.0,0.0,0.0,15,0.018650969893581486,1,0,1,0,0,0,0,0,0,0,0,1,0
1bav,C,138,CYS,2.5,108.5,0.0,1,0,X,0.0,0.0,0.0,0.0,0.0,0.0,0.0,0.0,21,0.027510180593032695,13,2,11,0,0,0,0,0,0,0,0,1,0
1bav,C,139,VAL,4.2,140.0,0.0,0,0,X,0.0,0.0,0.0,0.0,0.0,0.0,0.0,0.0,26,0.04103213376587927,22,9,13,0,0,0,0,0,0,0,0,1,0
1bav,C,140,GLY,-0.4,60.1,0.0,0,0,X,0.0,0.0,0.0,0.0,0.0,0.0,0.0,0.0,36,0.04476232774459557,34,26,8,0,0,0,0,0,0,0,0,1,0
1bav,C,141,VAL,4.2,140.0,0.0,0,0,X,0.0,0.0,0.0,0.0,0.0,0.0,0.0,0.0,42,0.053155264196707235,53,30,23,0,0,0,0,0,0,0,0,1,0
1bav,C,142,ASP,-3.5,111.1,-1.0,1,3,X,0.0,0.0,0.0,0.0,0.0,0.0,0.0,0.0,41,0.056419183928083996,59,16,43,0,0,0,0,0,0,0,0,1,0
1bav,C,143,ALA,1.8,88.6,0.0,0,0,X,0.0,0.0,0.0,0.0,0.0,0.0,0.0,0.0,44,0.05921682941212122,51,33,18,0,0,0,0,0,0,0,0,1,0
1bav,C,144,ASN,-3.5,114.1,0.0,2,2,X,0.0,0.0,0.0,0.0,0.0,0.0,0.0,0.0,44,0.04662742473395372,44,27,17,0,0,0,0,0,0,0,0,1,1
1bav,C,145,ARG,-4.5,173.4,1.0,5,0,X,0.0,0.0,0.0,0.0,0.0,0.0,0.0,0.0,42,0.053155264196707235,34,19,15,0,0,0,0,0,0,0,0,1,1
1bav,C,146,ASN,-3.5,114.1,0.0,2,2,X,0.0,0.0,0.0,0.0,0.0,0.0,0.0,0.0,38,0.061548200648818906,32,32,0,0,0,0,0,0,0,0,0,1,0
1bav,C,147,TRP,-0.9,227.8,0.0,1,0,X,0.0,0.0,0.0,0.0,0.0,0.0,0.0,0.0,42,0.05595290968074446,22,36,-14,0,0,0,0,0,0,0,0,1,0
1bav,C,148,ASP,-3.5,111.1,-1.0,1,3,X,0.0,0.0,0.0,0.0,0.0,0.0,0.0,0.0,26,0.04149840801321881,9,7,2,0,0,0,0,0,0,0,0,1,0
1bav,C,149,ALA,1.8,88.6,0.0,0,0,X,0.0,0.0,0.0,0.0,0.0,0.0,0.0,0.0,31,0.04429605349725603,15,16,-1,0,0,0,0,0,0,0,0,1,0
1bav,C,150,GLY,-0.4,60.1,0.0,0,0,X,0.0,0.0,0.0,0.0,0.0,0.0,0.0,0.0,27,0.035436842797804825,20,16,4,0,0,0,0,0,0,0,0,1,0
1bav,C,151,PHE,2.8,189.9,0.0,0,0,X,0.0,0.0,0.0,0.0,0.0,0.0,0.0,0.0,30,0.04103213376587927,31,9,22,0,0,0,0,0,0,0,0,1,0
1bav,C,152,GLY,-0.4,60.1,0.0,0,0,X,0.0,0.0,0.0,0.0,0.0,0.0,0.0,0.0,26,0.03310547156110714,30,4,26,0,0,0,0,0,0,0,0,1,0
1bav,C,153,LYS,-3.9,168.6,1.0,2,0,X,0.0,0.0,0.0,0.0,0.0,0.0,0.0,0.0,22,0.030307826077069916,8,2,6,0,0,0,0,0,0,0,0,1,0
1bav,C,154,ALA,1.8,88.6,0.0,0,0,X,0.0,0.0,0.0,0.0,0.0,0.0,0.0,0.0,24,0.026577632098353617,22,5,17,0,0,0,0,0,0,0,0,1,0
1bav,C,155,GLY,-0.4,60.1,0.0,0,0,X,0.0,0.0,0.0,0.0,0.0,0.0,0.0,0.0,35,0.03683566553982344,28,22,6,0,0,0,0,0,0,0,0,1,0
1bav,C,156,ALA,1.8,88.6,0.0,0,0,X,0.0,0.0,0.0,0.0,0.0,0.0,0.0,0.0,35,0.04616115048661418,29,31,-2,0,0,0,0,0,0,0,0,1,0
1bav,C,157,SER,-0.8,89.0,0.0,1,1,X,0.0,0.0,0.0,0.0,0.0,0.0,0.0,0.0,32,0.043363505002576956,37,39,-2,0,0,0,0,0,0,0,0,1,0
1bav,C,158,SER,-0.8,89.0,0.0,1,1,X,0.0,0.0,0.0,0.0,0.0,0.0,0.0,0.0,29,0.0363693912924839,32,7,25,0,0,0,0,0,0,0,0,1,0
1bav,C,159,SER,-0.8,89.0,0.0,1,1,X,0.0,0.0,0.0,0.0,0.0,0.0,0.0,0.0,31,0.040099585271200194,23,24,-1,0,0,0,0,0,0,0,0,1,0
1bav,C,160,PRO,-1.6,112.7,0.0,0,0,X,0.0,0.0,0.0,0.0,0.0,0.0,0.0,0.0,30,0.043363505002576956,28,9,19,0,0,0,0,0,0,0,0,1,0
1bav,C,161,CYS,2.5,108.5,0.0,1,0,X,0.0,0.0,0.0,0.0,0.0,0.0,0.0,0.0,28,0.03963331102386066,13,26,-13,0,0,0,0,0,0,0,0,1,0
1bav,C,162,SER,-0.8,89.0,0.0,1,1,X,0.0,0.0,0.0,0.0,0.0,0.0,0.0,0.0,30,0.040565859518539735,27,43,-16,0,0,0,0,0,0,0,0,1,0
1bav,C,163,GLU,-3.5,138.4,-1.0,1,3,X,0.0,0.0,0.0,0.0,0.0,0.0,0.0,0.0,32,0.04149840801321881,42,26,16,0,0,0,0,0,0,0,0,1,0
1bav,C,164,THR,-0.7,116.1,0.0,1,1,X,0.0,0.0,0.0,0.0,0.0,0.0,0.0,0.0,34,0.048958795970651406,47,34,13,0,0,0,0,0,0,0,0,1,0
1bav,C,165,TYR,-1.3,193.6,0.0,1,1,X,0.0,0.0,0.0,0.0,0.0,0.0,0.0,0.0,37,0.053155264196707235,36,22,14,0,0,0,0,0,0,0,0,1,0
1bav,C,166,HIS,-3.2,153.2,0.1,2,1,X,0.0,0.0,0.0,0.0,0.0,0.0,0.0,0.0,36,0.06061565215413983,25,14,11,0,0,0,0,0,0,0,0,1,0
1bav,C,167,GLY,-0.4,60.1,0.0,0,0,X,0.0,0.0,0.0,0.0,0.0,0.0,0.0,0.0,34,0.04942507021799094,29,13,16,0,0,0,0,0,0,0,0,1,0
1bav,C,168,LYS,-3.9,168.6,1.0,2,0,X,0.0,0.0,0.0,0.0,0.0,0.0,0.0,0.0,18,0.03124037457174899,10,8,2,0,0,0,0,0,0,0,0,1,0
1bav,C,169,TYR,-1.3,193.6,0.0,1,1,X,0.0,0.0,0.0,0.0,0.0,0.0,0.0,0.0,18,0.032639197313767604,22,14,8,0,0,0,0,0,0,0,0,1,0
1bav,C,170,ALA,1.8,88.6,0.0,0,0,X,0.0,0.0,0.0,0.0,0.0,0.0,0.0,0.0,24,0.040099585271200194,28,17,11,0,0,0,0,0,0,0,0,1,0
1bav,C,171,ASN,-3.5,114.1,0.0,2,2,X,0.0,0.0,0.0,0.0,0.0,0.0,0.0,0.0,27,0.045694876239274644,23,30,-7,0,0,0,0,0,0,0,0,1,0
1bav,C,172,SER,-0.8,89.0,0.0,1,1,X,0.0,0.0,0.0,0.0,0.0,0.0,0.0,0.0,28,0.03963331102386066,26,23,3,0,0,0,0,0,0,0,0,1,0
1bav,C,173,GLU,-3.5,138.4,-1.0,1,3,X,0.0,0.0,0.0,0.0,0.0,0.0,0.0,0.0,38,0.043363505002576956,33,14,19,0,0,0,0,0,0,0,0,1,0
1bav,C,174,VAL,4.2,140.0,0.0,0,0,X,0.0,0.0,0.0,0.0,0.0,0.0,0.0,0.0,31,0.035436842797804825,22,27,-5,0,0,0,0,0,0,0,0,1,0
1bav,C,175,GLU,-3.5,138.4,-1.0,1,3,X,0.0,0.0,0.0,0.0,0.0,0.0,0.0,0.0,40,0.04989134446533048,25,17,8,0,0,0,0,0,0,0,0,1,0
1bav,C,176,VAL,4.2,140.0,0.0,0,0,X,0.0,0.0,0.0,0.0,0.0,0.0,0.0,0.0,38,0.04989134446533048,15,37,-22,0,0,0,0,0,0,0,0,1,0
1bav,C,177,LYS,-3.9,168.6,1.0,2,0,X,0.0,0.0,0.0,0.0,0.0,0.0,0.0,0.0,24,0.040565859518539735,8,24,-16,0,0,0,0,0,0,0,0,1,0
1bav,C,178,SER,-0.8,89.0,0.0,1,1,X,0.0,0.0,0.0,0.0,0.0,0.0,0.0,0.0,30,0.04196468226055834,17,27,-10,0,0,0,0,0,0,0,0,1,0
1bav,C,179,ILE,4.5,166.7,0.0,0,0,X,0.0,0.0,0.0,0.0,0.0,0.0,0.0,0.0,34,0.05035761871267001,15,32,-17,0,0,0,0,0,0,0,0,1,0
1bav,C,180,VAL,4.2,140.0,0.0,0,0,X,0.0,0.0,0.0,0.0,0.0,0.0,0.0,0.0,29,0.04476232774459557,19,22,-3,0,0,0,0,0,0,0,0,1,0
1bav,C,181,ASP,-3.5,111.1,-1.0,1,3,X,0.0,0.0,0.0,0.0,0.0,0.0,0.0,0.0,21,0.034970568550465285,22,3,19,0,0,0,0,0,0,0,0,1,0
1bav,C,182,PHE,2.8,189.9,0.0,0,0,X,0.0,0.0,0.0,0.0,0.0,0.0,0.0,0.0,30,0.03916703677652112,23,12,11,0,0,0,0,0,0,0,0,1,0
1bav,C,183,VAL,4.2,140.0,0.0,0,0,X,0.0,0.0,0.0,0.0,0.0,0.0,0.0,0.0,30,0.048958795970651406,22,9,13,0,0,0,0,0,0,0,0,1,0
1bav,C,184,LYS,-3.9,168.6,1.0,2,0,X,0.0,0.0,0.0,0.0,0.0,0.0,0.0,0.0,22,0.034970568550465285,14,8,6,0,0,0,0,0,0,0,0,1,0
1bav,C,185,ASN,-3.5,114.1,0.0,2,2,X,0.0,0.0,0.0,0.0,0.0,0.0,0.0,0.0,15,0.02844272908771177,20,8,12,0,0,0,0,0,0,0,0,1,0
1bav,C,186,HIS,-3.2,153.2,0.1,2,1,X,0.0,0.0,0.0,0.0,0.0,0.0,0.0,0.0,23,0.03450429430312575,19,11,8,0,0,0,0,0,0,0,0,1,0
1bav,C,187,GLY,-0.4,60.1,0.0,0,0,X,0.0,0.0,0.0,0.0,0.0,0.0,0.0,0.0,20,0.028909003335051305,31,2,29,0,0,0,0,0,0,0,0,1,0
1bav,C,188,ASN,-3.5,114.1,0.0,2,2,X,0.0,0.0,0.0,0.0,0.0,0.0,0.0,0.0,24,0.03403802005578621,30,8,22,0,0,0,0,0,0,0,0,1,0
1bav,C,189,PHE,2.8,189.9,0.0,0,0,X,0.0,0.0,0.0,0.0,0.0,0.0,0.0,0.0,34,0.043829779249916496,31,8,23,0,0,0,0,0,0,0,0,1,0
1bav,C,190,LYS,-3.9,168.6,1.0,2,0,X,0.0,0.0,0.0,0.0,0.0,0.0,0.0,0.0,31,0.043829779249916496,21,5,16,0,0,0,0,0,0,0,0,1,0
1bav,C,191,ALA,1.8,88.6,0.0,0,0,X,0.0,0.0,0.0,0.0,0.0,0.0,0.0,0.0,34,0.050823892960009553,20,5,15,0,0,0,0,0,0,0,0,1,0
1bav,C,192,PHE,2.8,189.9,0.0,0,0,X,0.0,0.0,0.0,0.0,0.0,0.0,0.0,0.0,39,0.058284280917442144,9,13,-4,0,0,0,0,0,0,0,0,1,0
1bav,C,193,LEU,3.8,166.7,0.0,0,0,X,0.0,0.0,0.0,0.0,0.0,0.0,0.0,0.0,38,0.0526889899493677,9,10,-1,0,0,0,0,0,0,0,0,1,0
1bav,C,194,SER,-0.8,89.0,0.0,1,1,X,0.0,0.0,0.0,0.0,0.0,0.0,0.0,0.0,40,0.05408781269138631,14,24,-10,0,0,0,0,0,0,0,0,1,0
1bav,C,195,ILE,4.5,166.7,0.0,0,0,X,0.0,0.0,0.0,0.0,0.0,0.0,0.0,0.0,42,0.04942507021799094,18,30,-12,0,0,0,0,0,0,0,0,1,0
1bav,C,196,HIS,-3.2,153.2,0.1,2,1,X,0.0,0.0,0.0,0.0,0.0,0.0,0.0,0.0,39,0.05408781269138631,26,27,-1,0,0,0,0,0,0,0,0,1,1
1bav,C,197,SER,-0.8,89.0,0.0,1,1,X,0.0,0.0,0.0,0.0,0.0,0.0,0.0,0.0,39,0.050823892960009553,43,26,17,0,0,0,0,0,0,0,0,1,0
1bav,C,198,TYR,-1.3,193.6,0.0,1,1,X,0.0,0.0,0.0,0.0,0.0,0.0,0.0,0.0,33,0.05175644145468863,42,34,8,0,0,0,0,0,0,0,0,1,0
1bav,C,199,SER,-0.8,89.0,0.0,1,1,X,0.0,0.0,0.0,0.0,0.0,0.0,0.0,0.0,30,0.043363505002576956,27,26,1,0,0,0,0,0,0,0,0,1,0
1bav,C,200,GLN,-3.5,143.8,0.0,2,2,X,0.0,0.0,0.0,0.0,0.0,0.0,0.0,0.0,26,0.04989134446533048,22,21,1,0,0,0,0,0,0,0,0,1,0
1bav,C,201,LEU,3.8,166.7,0.0,0,0,X,0.0,0.0,0.0,0.0,0.0,0.0,0.0,0.0,32,0.048958795970651406,19,11,8,0,0,0,0,0,0,0,0,1,0
1bav,C,202,LEU,3.8,166.7,0.0,0,0,X,0.0,0.0,0.0,0.0,0.0,0.0,0.0,0.0,40,0.053155264196707235,12,9,3,0,0,0,0,0,0,0,0,1,0
1bav,C,203,LEU,3.8,166.7,0.0,0,0,X,0.0,0.0,0.0,0.0,0.0,0.0,0.0,0.0,38,0.05455408693872585,10,12,-2,0,0,0,0,0,0,0,0,1,0
1bav,C,204,TYR,-1.3,193.6,0.0,1,1,X,0.0,0.0,0.0,0.0,0.0,0.0,0.0,0.0,37,0.0526889899493677,14,14,0,0,0,0,0,0,0,0,0,1,0
1bav,C,205,PRO,-1.6,112.7,0.0,0,0,X,0.0,0.0,0.0,0.0,0.0,0.0,0.0,0.0,39,0.05129016720734909,14,15,-1,0,0,0,0,0,0,0,0,1,0
1bav,C,206,TYR,-1.3,193.6,0.0,1,1,X,0.0,0.0,0.0,0.0,0.0,0.0,0.0,0.0,34,0.05129016720734909,4,9,-5,0,0,0,0,0,0,0,0,1,0
1bav,C,207,GLY,-0.4,60.1,0.0,0,0,X,0.0,0.0,0.0,0.0,0.0,0.0,0.0,0.0,37,0.04942507021799094,12,8,4,0,0,0,0,0,0,0,0,1,0
1bav,C,208,TYR,-1.3,193.6,0.0,1,1,X,0.0,0.0,0.0,0.0,0.0,0.0,0.0,0.0,30,0.048492521723311866,9,12,-3,0,0,0,0,0,0,0,0,1,0
1bav,C,209,THR,-0.7,116.1,0.0,1,1,X,0.0,0.0,0.0,0.0,0.0,0.0,0.0,0.0,24,0.03403802005578621,7,5,2,0,0,0,0,0,0,0,0,1,0
1bav,C,210,THR,-0.7,116.1,0.0,1,1,X,0.0,0.0,0.0,0.0,0.0,0.0,0.0,0.0,14,0.02844272908771177,0,1,-1,0,0,0,0,0,0,0,0,1,0
1bav,C,211,GLN,-3.5,143.8,0.0,2,2,X,0.0,0.0,0.0,0.0,0.0,0.0,0.0,0.0,17,0.025178809356335007,5,3,2,0,0,0,0,0,0,0,0,1,0
1bav,C,212,SER,-0.8,89.0,0.0,1,1,X,0.0,0.0,0.0,0.0,0.0,0.0,0.0,0.0,17,0.03450429430312575,9,5,4,0,0,0,0,0,0,0,0,1,0
1bav,C,213,ILE,4.5,166.7,0.0,0,0,X,0.0,0.0,0.0,0.0,0.0,0.0,0.0,0.0,27,0.03776821403450251,15,16,-1,0,0,0,0,0,0,0,0,1,0
1bav,C,214,PRO,-1.6,112.7,0.0,0,0,X,0.0,0.0,0.0,0.0,0.0,0.0,0.0,0.0,14,0.022381163872297785,16,13,3,0,0,0,0,0,0,0,0,1,0
1bav,C,215,ASP,-3.5,111.1,-1.0,1,3,X,0.0,0.0,0.0,0.0,0.0,0.0,0.0,0.0,22,0.03403802005578621,19,9,10,0,0,0,0,0,0,0,0,1,0
1bav,C,216,LYS,-3.9,168.6,1.0,2,0,X,0.0,0.0,0.0,0.0,0.0,0.0,0.0,0.0,23,0.03776821403450251,0,16,-16,0,0,0,0,0,0,0,0,1,0
1bav,C,217,THR,-0.7,116.1,0.0,1,1,X,0.0,0.0,0.0,0.0,0.0,0.0,0.0,0.0,17,0.02984155182973038,14,17,-3,0,0,0,0,0,0,0,0,1,0
1bav,C,218,GLU,-3.5,138.4,-1.0,1,3,X,0.0,0.0,0.0,0.0,0.0,0.0,0.0,0.0,22,0.03730193978716297,26,8,18,0,0,0,0,0,0,0,0,1,0
1bav,C,219,LEU,3.8,166.7,0.0,0,0,X,0.0,0.0,0.0,0.0,0.0,0.0,0.0,0.0,35,0.04942507021799094,28,17,11,0,0,0,0,0,0,0,0,1,0
1bav,C,220,ASN,-3.5,114.1,0.0,2,2,X,0.0,0.0,0.0,0.0,0.0,0.0,0.0,0.0,23,0.04662742473395372,19,11,8,0,0,0,0,0,0,0,0,1,0
1bav,C,221,GLN,-3.5,143.8,0.0,2,2,X,0.0,0.0,0.0,0.0,0.0,0.0,0.0,0.0,20,0.03730193978716297,21,11,10,0,0,0,0,0,0,0,0,1,0
1bav,C,222,VAL,4.2,140.0,0.0,0,0,X,0.0,0.0,0.0,0.0,0.0,0.0,0.0,0.0,34,0.04709369898129325,25,17,8,0,0,0,0,0,0,0,0,1,0
1bav,C,223,ALA,1.8,88.6,0.0,0,0,X,0.0,0.0,0.0,0.0,0.0,0.0,0.0,0.0,34,0.0526889899493677,21,6,15,0,0,0,0,0,0,0,0,1,0
1bav,C,224,LYS,-3.9,168.6,1.0,2,0,X,0.0,0.0,0.0,0.0,0.0,0.0,0.0,0.0,22,0.03823448828184205,4,2,2,0,0,0,0,0,0,0,0,1,0
1bav,C,225,SER,-0.8,89.0,0.0,1,1,X,0.0,0.0,0.0,0.0,0.0,0.0,0.0,0.0,27,0.034970568550465285,19,5,14,0,0,0,0,0,0,0,0,1,0
1bav,C,226,ALA,1.8,88.6,0.0,0,0,X,0.0,0.0,0.0,0.0,0.0,0.0,0.0,0.0,34,0.04429605349725603,22,5,17,0,0,0,0,0,0,0,0,1,0
1bav,C,227,VAL,4.2,140.0,0.0,0,0,X,0.0,0.0,0.0,0.0,0.0,0.0,0.0,0.0,33,0.048492521723311866,26,4,22,0,0,0,0,0,0,0,0,1,0
1bav,C,228,ALA,1.8,88.6,0.0,0,0,X,0.0,0.0,0.0,0.0,0.0,0.0,0.0,0.0,25,0.032172923066428064,18,3,15,0,0,0,0,0,0,0,0,1,0
1bav,C,229,ALA,1.8,88.6,0.0,0,0,X,0.0,0.0,0.0,0.0,0.0,0.0,0.0,0.0,29,0.03403802005578621,14,11,3,0,0,0,0,0,0,0,0,1,0
1bav,C,230,LEU,3.8,166.7,0.0,0,0,X,0.0,0.0,0.0,0.0,0.0,0.0,0.0,0.0,35,0.05175644145468863,18,10,8,0,0,0,0,0,0,0,0,1,0
1bav,C,231,LYS,-3.9,168.6,1.0,2,0,X,0.0,0.0,0.0,0.0,0.0,0.0,0.0,0.0,24,0.04289723075523742,6,8,-2,0,0,0,0,0,0,0,0,1,0
1bav,C,232,SER,-0.8,89.0,0.0,1,1,X,0.0,0.0,0.0,0.0,0.0,0.0,0.0,0.0,24,0.03403802005578621,20,9,11,0,0,0,0,0,0,0,0,1,0
1bav,C,233,LEU,3.8,166.7,0.0,0,0,X,0.0,0.0,0.0,0.0,0.0,0.0,0.0,0.0,27,0.04103213376587927,22,9,13,0,0,0,0,0,0,0,0,1,0
1bav,C,234,TYR,-1.3,193.6,0.0,1,1,X,0.0,0.0,0.0,0.0,0.0,0.0,0.0,0.0,27,0.04289723075523742,24,9,15,0,0,0,0,0,0,0,0,1,0
1bav,C,235,GLY,-0.4,60.1,0.0,0,0,X,0.0,0.0,0.0,0.0,0.0,0.0,0.0,0.0,22,0.035436842797804825,21,8,13,0,0,0,0,0,0,0,0,1,0
1bav,C,236,THR,-0.7,116.1,0.0,1,1,X,0.0,0.0,0.0,0.0,0.0,0.0,0.0,0.0,30,0.03683566553982344,22,15,7,0,0,0,0,0,0,0,0,1,0
1bav,C,237,SER,-0.8,89.0,0.0,1,1,X,0.0,0.0,0.0,0.0,0.0,0.0,0.0,0.0,23,0.032172923066428064,26,9,17,0,0,0,0,0,0,0,0,1,0
1bav,C,238,TYR,-1.3,193.6,0.0,1,1,X,0.0,0.0,0.0,0.0,0.0,0.0,0.0,0.0,33,0.03963331102386066,31,19,12,0,0,0,0,0,0,0,0,1,0
1bav,C,239,LYS,-3.9,168.6,1.0,2,0,X,0.0,0.0,0.0,0.0,0.0,0.0,0.0,0.0,21,0.032172923066428064,3,5,-2,0,0,0,0,0,0,0,0,1,0
1bav,C,240,TYR,-1.3,193.6,0.0,1,1,X,0.0,0.0,0.0,0.0,0.0,0.0,0.0,0.0,26,0.04289723075523742,22,0,22,0,0,0,0,0,0,0,0,1,0
1bav,C,241,GLY,-0.4,60.1,0.0,0,0,X,0.0,0.0,0.0,0.0,0.0,0.0,0.0,0.0,32,0.04616115048661418,18,1,17,0,0,0,0,0,0,0,0,1,0
1bav,C,242,SER,-0.8,89.0,0.0,1,1,X,0.0,0.0,0.0,0.0,0.0,0.0,0.0,0.0,34,0.04476232774459557,10,5,5,0,0,0,0,0,0,0,0,1,0
1bav,C,243,ILE,4.5,166.7,0.0,0,0,X,0.0,0.0,0.0,0.0,0.0,0.0,0.0,0.0,34,0.05035761871267001,4,10,-6,0,0,0,0,0,0,0,0,1,1
1bav,C,244,ILE,4.5,166.7,0.0,0,0,X,0.0,0.0,0.0,0.0,0.0,0.0,0.0,0.0,26,0.045694876239274644,2,8,-6,0,0,0,0,0,0,0,0,1,0
1bav,C,245,THR,-0.7,116.1,0.0,1,1,X,0.0,0.0,0.0,0.0,0.0,0.0,0.0,0.0,26,0.032172923066428064,6,9,-3,0,0,0,0,0,0,0,0,1,0
1bav,C,246,THR,-0.7,116.1,0.0,1,1,X,0.0,0.0,0.0,0.0,0.0,0.0,0.0,0.0,25,0.03823448828184205,7,10,-3,0,0,0,0,0,0,0,0,1,0
1bav,C,247,ILE,4.5,166.7,0.0,0,0,X,0.0,0.0,0.0,0.0,0.0,0.0,0.0,0.0,30,0.03683566553982344,13,15,-2,0,0,0,0,0,0,0,0,1,1
1bav,C,248,TYR,-1.3,193.6,0.0,1,1,X,0.0,0.0,0.0,0.0,0.0,0.0,0.0,0.0,35,0.034970568550465285,18,12,6,0,0,0,0,0,0,0,0,1,1
1bav,C,249,GLN,-3.5,143.8,0.0,2,2,X,0.0,0.0,0.0,0.0,0.0,0.0,0.0,0.0,30,0.03823448828184205,18,6,12,0,0,0,0,0,0,0,0,1,0
1bav,C,250,ALA,1.8,88.6,0.0,0,0,X,0.0,0.0,0.0,0.0,0.0,0.0,0.0,0.0,37,0.045228601991935104,19,10,9,0,0,0,0,0,0,0,0,1,1
1bav,C,251,SER,-0.8,89.0,0.0,1,1,X,0.0,0.0,0.0,0.0,0.0,0.0,0.0,0.0,34,0.0526889899493677,30,17,13,0,0,0,0,0,0,0,0,1,0
1bav,C,252,GLY,-0.4,60.1,0.0,0,0,X,0.0,0.0,0.0,0.0,0.0,0.0,0.0,0.0,42,0.05968310365946076,31,24,7,0,0,0,0,0,0,0,0,1,0
1bav,C,253,GLY,-0.4,60.1,0.0,0,0,X,0.0,0.0,0.0,0.0,0.0,0.0,0.0,0.0,44,0.053155264196707235,18,21,-3,0,0,0,0,0,0,0,0,1,0
1bav,C,254,SER,-0.8,89.0,0.0,1,1,X,0.0,0.0,0.0,0.0,0.0,0.0,0.0,0.0,44,0.04942507021799094,16,23,-7,0,0,0,0,0,0,0,0,1,0
1bav,C,255,ILE,4.5,166.7,0.0,0,0,X,0.0,0.0,0.0,0.0,0.0,0.0,0.0,0.0,39,0.05455408693872585,8,12,-4,0,0,0,0,0,0,0,0,1,0
1bav,C,256,ASP,-3.5,111.1,-1.0,1,3,X,0.0,0.0,0.0,0.0,0.0,0.0,0.0,0.0,38,0.05455408693872585,1,5,-4,0,0,0,0,0,0,0,0,1,0
1bav,C,257,TRP,-0.9,227.8,0.0,1,0,X,0.0,0.0,0.0,0.0,0.0,0.0,0.0,0.0,35,0.05502036118606539,10,19,-9,0,0,0,0,0,0,0,0,1,0
1bav,C,258,SER,-0.8,89.0,0.0,1,1,X,0.0,0.0,0.0,0.0,0.0,0.0,0.0,0.0,37,0.05222271570202816,13,13,0,0,0,0,0,0,0,0,0,1,0
1bav,C,259,TYR,-1.3,193.6,0.0,1,1,X,0.0,0.0,0.0,0.0,0.0,0.0,0.0,0.0,31,0.050823892960009553,13,16,-3,0,0,0,0,0,0,0,0,1,0
1bav,C,260,ASN,-3.5,114.1,0.0,2,2,X,0.0,0.0,0.0,0.0,0.0,0.0,0.0,0.0,23,0.03683566553982344,4,16,-12,0,0,0,0,0,0,0,0,1,0
1bav,C,261,GLN,-3.5,143.8,0.0,2,2,X,0.0,0.0,0.0,0.0,0.0,0.0,0.0,0.0,23,0.03124037457174899,11,10,1,0,0,0,0,0,0,0,0,1,0
1bav,C,262,GLY,-0.4,60.1,0.0,0,0,X,0.0,0.0,0.0,0.0,0.0,0.0,0.0,0.0,22,0.027510180593032695,18,6,12,0,0,0,0,0,0,0,0,1,0
1bav,C,263,ILE,4.5,166.7,0.0,0,0,X,0.0,0.0,0.0,0.0,0.0,0.0,0.0,0.0,30,0.043363505002576956,21,6,15,0,0,0,0,0,0,0,0,1,0
1bav,C,264,LYS,-3.9,168.6,1.0,2,0,X,0.0,0.0,0.0,0.0,0.0,0.0,0.0,0.0,29,0.04149840801321881,20,17,3,0,0,0,0,0,0,0,0,1,0
1bav,C,265,TYR,-1.3,193.6,0.0,1,1,X,0.0,0.0,0.0,0.0,0.0,0.0,0.0,0.0,34,0.050823892960009553,28,20,8,0,0,0,0,0,0,0,0,1,0
1bav,C,266,SER,-0.8,89.0,0.0,1,1,X,0.0,0.0,0.0,0.0,0.0,0.0,0.0,0.0,39,0.05548663543340492,13,13,0,0,0,0,0,0,0,0,0,1,0
1bav,C,267,PHE,2.8,189.9,0.0,0,0,X,0.0,0.0,0.0,0.0,0.0,0.0,0.0,0.0,44,0.0526889899493677,10,5,5,0,0,0,0,0,0,0,0,1,0
1bav,C,268,THR,-0.7,116.1,0.0,1,1,X,0.0,0.0,0.0,0.0,0.0,0.0,0.0,0.0,42,0.05222271570202816,11,21,-10,0,0,0,0,0,0,0,0,1,1
1bav,C,269,PHE,2.8,189.9,0.0,0,0,X,0.0,0.0,0.0,0.0,0.0,0.0,0.0,0.0,42,0.04989134446533048,14,15,-1,0,0,0,0,0,0,0,0,1,0
1bav,C,270,GLU,-3.5,138.4,-1.0,1,3,X,0.0,0.0,0.0,0.0,0.0,0.0,0.0,0.0,32,0.0526889899493677,24,10,14,0,0,0,0,0,0,0,0,1,1
1bav,C,271,LEU,3.8,166.7,0.0,0,0,X,0.0,0.0,0.0,0.0,0.0,0.0,0.0,0.0,40,0.05502036118606539,20,33,-13,0,0,0,0,0,0,0,0,1,0
1bav,C,272,ARG,-4.5,173.4,1.0,5,0,X,0.0,0.0,0.0,0.0,0.0,0.0,0.0,0.0,37,0.05175644145468863,4,22,-18,0,0,0,0,0,0,0,0,1,0
1bav,C,273,ASP,-3.5,111.1,-1.0,1,3,X,0.0,0.0,0.0,0.0,0.0,0.0,0.0,0.0,30,0.04429605349725603,25,11,14,0,0,0,0,0,0,0,0,1,0
1bav,C,274,THR,-0.7,116.1,0.0,1,1,X,0.0,0.0,0.0,0.0,0.0,0.0,0.0,0.0,31,0.03870076252918159,27,20,7,0,0,0,0,0,0,0,0,1,0
1bav,C,275,GLY,-0.4,60.1,0.0,0,0,X,0.0,0.0,0.0,0.0,0.0,0.0,0.0,0.0,26,0.04243095650789788,38,17,21,0,0,0,0,0,0,0,0,1,0
1bav,C,276,ARG,-4.5,173.4,1.0,5,0,X,0.0,0.0,0.0,0.0,0.0,0.0,0.0,0.0,19,0.03590311704514436,10,12,-2,0,0,0,0,0,0,0,0,1,0
1bav,C,277,TYR,-1.3,193.6,0.0,1,1,X,0.0,0.0,0.0,0.0,0.0,0.0,0.0,0.0,19,0.04196468226055834,23,8,15,0,0,0,0,0,0,0,0,1,0
1bav,C,278,GLY,-0.4,60.1,0.0,0,0,X,0.0,0.0,0.0,0.0,0.0,0.0,0.0,0.0,30,0.04429605349725603,40,21,19,0,0,0,0,0,0,0,0,1,0
1bav,C,279,PHE,2.8,189.9,0.0,0,0,X,0.0,0.0,0.0,0.0,0.0,0.0,0.0,0.0,36,0.048492521723311866,54,21,33,0,0,0,0,0,0,0,0,1,0
1bav,C,280,LEU,3.8,166.7,0.0,0,0,X,0.0,0.0,0.0,0.0,0.0,0.0,0.0,0.0,22,0.03683566553982344,31,8,23,0,0,0,0,0,0,0,0,1,0
1bav,C,281,LEU,3.8,166.7,0.0,0,0,X,0.0,0.0,0.0,0.0,0.0,0.0,0.0,0.0,31,0.043829779249916496,26,12,14,0,0,0,0,0,0,0,0,1,0
1bav,C,282,PRO,-1.6,112.7,0.0,0,0,X,0.0,0.0,0.0,0.0,0.0,0.0,0.0,0.0,21,0.030307826077069916,21,6,15,0,0,0,0,0,0,0,0,1,0
1bav,C,283,ALA,1.8,88.6,0.0,0,0,X,0.0,0.0,0.0,0.0,0.0,0.0,0.0,0.0,22,0.03310547156110714,5,0,5,0,0,0,0,0,0,0,0,1,0
1bav,C,284,SER,-0.8,89.0,0.0,1,1,X,0.0,0.0,0.0,0.0,0.0,0.0,0.0,0.0,17,0.026577632098353617,5,0,5,0,0,0,0,0,0,0,0,1,0
1bav,C,285,GLN,-3.5,143.8,0.0,2,2,X,0.0,0.0,0.0,0.0,0.0,0.0,0.0,0.0,25,0.03683566553982344,11,11,0,0,0,0,0,0,0,0,0,1,0
1bav,C,286,ILE,4.5,166.7,0.0,0,0,X,0.0,0.0,0.0,0.0,0.0,0.0,0.0,0.0,31,0.05175644145468863,11,3,8,0,0,0,0,0,0,0,0,1,0
1bav,C,287,ILE,4.5,166.7,0.0,0,0,X,0.0,0.0,0.0,0.0,0.0,0.0,0.0,0.0,27,0.04243095650789788,4,8,-4,0,0,0,0,0,0,0,0,1,0
1bav,C,288,PRO,-1.6,112.7,0.0,0,0,X,0.0,0.0,0.0,0.0,0.0,0.0,0.0,0.0,24,0.04103213376587927,9,9,0,0,0,0,0,0,0,0,0,1,0
1bav,C,289,THR,-0.7,116.1,0.0,1,1,X,0.0,0.0,0.0,0.0,0.0,0.0,0.0,0.0,38,0.05129016720734909,12,14,-2,0,0,0,0,0,0,0,0,1,0
1bav,C,290,ALA,1.8,88.6,0.0,0,0,X,0.0,0.0,0.0,0.0,0.0,0.0,0.0,0.0,34,0.053155264196707235,15,9,6,0,0,0,0,0,0,0,0,1,0
1bav,C,291,GLN,-3.5,143.8,0.0,2,2,X,0.0,0.0,0.0,0.0,0.0,0.0,0.0,0.0,25,0.048492521723311866,10,10,0,0,0,0,0,0,0,0,0,1,0
1bav,C,292,GLU,-3.5,138.4,-1.0,1,3,X,0.0,0.0,0.0,0.0,0.0,0.0,0.0,0.0,34,0.053621538444046775,15,1,14,0,0,0,0,0,0,0,0,1,0
1bav,C,293,THR,-0.7,116.1,0.0,1,1,X,0.0,0.0,0.0,0.0,0.0,0.0,0.0,0.0,44,0.04989134446533048,11,12,-1,0,0,0,0,0,0,0,0,1,0
1bav,C,294,TRP,-0.9,227.8,0.0,1,0,X,0.0,0.0,0.0,0.0,0.0,0.0,0.0,0.0,34,0.045228601991935104,10,11,-1,0,0,0,0,0,0,0,0,1,0
1bav,C,295,LEU,3.8,166.7,0.0,0,0,X,0.0,0.0,0.0,0.0,0.0,0.0,0.0,0.0,30,0.045694876239274644,9,13,-4,0,0,0,0,0,0,0,0,1,0
1bav,C,296,GLY,-0.4,60.1,0.0,0,0,X,0.0,0.0,0.0,0.0,0.0,0.0,0.0,0.0,35,0.04942507021799094,8,14,-6,0,0,0,0,0,0,0,0,1,0
1bav,C,297,VAL,4.2,140.0,0.0,0,0,X,0.0,0.0,0.0,0.0,0.0,0.0,0.0,0.0,42,0.043829779249916496,2,12,-10,0,0,0,0,0,0,0,0,1,0
1bav,C,298,LEU,3.8,166.7,0.0,0,0,X,0.0,0.0,0.0,0.0,0.0,0.0,0.0,0.0,37,0.04243095650789788,6,11,-5,0,0,0,0,0,0,0,0,1,0
1bav,C,299,THR,-0.7,116.1,0.0,1,1,X,0.0,0.0,0.0,0.0,0.0,0.0,0.0,0.0,32,0.04196468226055834,14,10,4,0,0,0,0,0,0,0,0,1,0
1bav,C,300,ILE,4.5,166.7,0.0,0,0,X,0.0,0.0,0.0,0.0,0.0,0.0,0.0,0.0,41,0.05035761871267001,16,13,3,0,0,0,0,0,0,0,0,1,0
1bav,C,301,MET,1.9,162.9,0.0,0,0,X,0.0,0.0,0.0,0.0,0.0,0.0,0.0,0.0,39,0.045694876239274644,13,12,1,0,0,0,0,0,0,0,0,1,0
1bav,C,302,GLU,-3.5,138.4,-1.0,1,3,X,0.0,0.0,0.0,0.0,0.0,0.0,0.0,0.0,27,0.04103213376587927,10,0,10,0,0,0,0,0,0,0,0,1,0
1bav,C,303,HIS,-3.2,153.2,0.1,2,1,X,0.0,0.0,0.0,0.0,0.0,0.0,0.0,0.0,25,0.040099585271200194,7,18,-11,0,0,0,0,0,0,0,0,1,0
1bav,C,304,THR,-0.7,116.1,0.0,1,1,X,0.0,0.0,0.0,0.0,0.0,0.0,0.0,0.0,31,0.043363505002576956,28,13,15,0,0,0,0,0,0,0,0,1,0
1bav,C,305,VAL,4.2,140.0,0.0,0,0,X,0.0,0.0,0.0,0.0,0.0,0.0,0.0,0.0,25,0.03730193978716297,17,15,2,0,0,0,0,0,0,0,0,1,0
1bav,C,306,ASN,-3.5,114.1,0.0,2,2,X,0.0,0.0,0.0,0.0,0.0,0.0,0.0,0.0,17,0.024246260861655933,10,11,-1,0,0,0,0,0,0,0,0,1,0
1bav,C,307,ASN,-3.5,114.1,0.0,2,2,X,0.0,0.0,0.0,0.0,0.0,0.0,0.0,0.0,15,0.026577632098353617,20,13,7,0,0,0,0,0,0,0,0,1,0
1bav,D,1,ALA,1.8,88.6,0.0,0,0,X,0.0,0.0,0.0,0.0,0.0,0.0,0.0,0.0,28,0.03310547156110714,17,20,-3,0,0,0,0,0,0,0,0,1,0
1bav,D,2,ARG,-4.5,173.4,1.0,5,0,X,0.0,0.0,0.0,0.0,0.0,0.0,0.0,0.0,19,0.02844272908771177,1,2,-1,0,0,0,0,0,0,0,0,1,0
1bav,D,3,SER,-0.8,89.0,0.0,1,1,X,0.0,0.0,0.0,0.0,0.0,0.0,0.0,0.0,20,0.032639197313767604,18,4,14,0,0,0,0,0,0,0,0,1,0
1bav,D,4,THR,-0.7,116.1,0.0,1,1,X,0.0,0.0,0.0,0.0,0.0,0.0,0.0,0.0,26,0.04476232774459557,25,12,13,0,0,0,0,0,0,0,0,1,0
1bav,D,5,ASN,-3.5,114.1,0.0,2,2,X,0.0,0.0,0.0,0.0,0.0,0.0,0.0,0.0,16,0.027510180593032695,20,4,16,0,0,0,0,0,0,0,0,1,0
1bav,D,6,THR,-0.7,116.1,0.0,1,1,X,0.0,0.0,0.0,0.0,0.0,0.0,0.0,0.0,15,0.028909003335051305,17,0,17,0,0,0,0,0,0,0,0,1,0
1bav,D,7,PHE,2.8,189.9,0.0,0,0,X,0.0,0.0,0.0,0.0,0.0,0.0,0.0,0.0,25,0.040099585271200194,24,14,10,0,0,0,0,0,0,0,0,1,0
1bav,D,8,ASN,-3.5,114.1,0.0,2,2,X,0.0,0.0,0.0,0.0,0.0,0.0,0.0,0.0,20,0.029375277582390842,10,5,5,0,0,0,0,0,0,0,0,1,0
1bav,D,9,TYR,-1.3,193.6,0.0,1,1,X,0.0,0.0,0.0,0.0,0.0,0.0,0.0,0.0,28,0.040099585271200194,19,3,16,0,0,0,0,0,0,0,0,1,0
1bav,D,10,ALA,1.8,88.6,0.0,0,0,X,0.0,0.0,0.0,0.0,0.0,0.0,0.0,0.0,21,0.034970568550465285,8,0,8,0,0,0,0,0,0,0,0,1,0
1bav,D,11,THR,-0.7,116.1,0.0,1,1,X,0.0,0.0,0.0,0.0,0.0,0.0,0.0,0.0,24,0.030774100324409453,12,5,7,0,0,0,0,0,0,0,0,1,0
1bav,D,12,TYR,-1.3,193.6,0.0,1,1,X,0.0,0.0,0.0,0.0,0.0,0.0,0.0,0.0,31,0.04103213376587927,22,5,17,0,0,0,0,0,0,0,0,1,0
1bav,D,13,HIS,-3.2,153.2,0.1,2,1,X,0.0,0.0,0.0,0.0,0.0,0.0,0.0,0.0,27,0.03776821403450251,6,16,-10,0,0,0,0,0,0,0,0,1,0
1bav,D,14,THR,-0.7,116.1,0.0,1,1,X,0.0,0.0,0.0,0.0,0.0,0.0,0.0,0.0,28,0.03776821403450251,20,23,-3,0,0,0,0,0,0,0,0,1,0
1bav,D,15,LEU,3.8,166.7,0.0,0,0,X,0.0,0.0,0.0,0.0,0.0,0.0,0.0,0.0,29,0.040565859518539735,24,24,0,0,0,0,0,0,0,0,0,1,0
1bav,D,16,ASP,-3.5,111.1,-1.0,1,3,X,0.0,0.0,0.0,0.0,0.0,0.0,0.0,0.0,33,0.03310547156110714,23,27,-4,0,0,0,0,0,0,0,0,1,0
1bav,D,17,GLU,-3.5,138.4,-1.0,1,3,X,0.0,0.0,0.0,0.0,0.0,0.0,0.0,0.0,27,0.040099585271200194,15,16,-1,0,0,0,0,0,0,0,0,1,0
1bav,D,18,ILE,4.5,166.7,0.0,0,0,X,0.0,0.0,0.0,0.0,0.0,0.0,0.0,0.0,35,0.048958795970651406,14,33,-19,0,0,0,0,0,0,0,0,1,0
1bav,D,19,TYR,-1.3,193.6,0.0,1,1,X,0.0,0.0,0.0,0.0,0.0,0.0,0.0,0.0,29,0.04196468226055834,14,34,-20,0,0,0,0,0,0,0,0,1,0
1bav,D,20,ASP,-3.5,111.1,-1.0,1,3,X,0.0,0.0,0.0,0.0,0.0,0.0,0.0,0.0,31,0.04103213376587927,12,34,-22,0,0,0,0,0,0,0,0,1,0
1bav,D,21,PHE,2.8,189.9,0.0,0,0,X,0.0,0.0,0.0,0.0,0.0,0.0,0.0,0.0,43,0.04616115048661418,24,25,-1,0,0,0,0,0,0,0,0,1,0
1bav,D,22,MET,1.9,162.9,0.0,0,0,X,0.0,0.0,0.0,0.0,0.0,0.0,0.0,0.0,33,0.045228601991935104,12,26,-14,0,0,0,0,0,0,0,0,1,0
1bav,D,23,ASP,-3.5,111.1,-1.0,1,3,X,0.0,0.0,0.0,0.0,0.0,0.0,0.0,0.0,28,0.03730193978716297,11,18,-7,0,0,0,0,0,0,0,0,1,0
1bav,D,24,LEU,3.8,166.7,0.0,0,0,X,0.0,0.0,0.0,0.0,0.0,0.0,0.0,0.0,32,0.043829779249916496,21,20,1,0,0,0,0,0,0,0,0,1,0
1bav,D,25,LEU,3.8,166.7,0.0,0,0,X,0.0,0.0,0.0,0.0,0.0,0.0,0.0,0.0,37,0.05035761871267001,30,16,14,0,0,0,0,0,0,0,0,1,0
1bav,D,26,VAL,4.2,140.0,0.0,0,0,X,0.0,0.0,0.0,0.0,0.0,0.0,0.0,0.0,24,0.04243095650789788,23,15,8,0,0,0,0,0,0,0,0,1,0
1bav,D,27,ALA,1.8,88.6,0.0,0,0,X,0.0,0.0,0.0,0.0,0.0,0.0,0.0,0.0,22,0.03124037457174899,14,13,1,0,0,0,0,0,0,0,0,1,0
1bav,D,28,GLN,-3.5,143.8,0.0,2,2,X,0.0,0.0,0.0,0.0,0.0,0.0,0.0,0.0,24,0.028909003335051305,19,8,11,0,0,0,0,0,0,0,0,1,0
1bav,D,29,HIS,-3.2,153.2,0.1,2,1,X,0.0,0.0,0.0,0.0,0.0,0.0,0.0,0.0,26,0.035436842797804825,10,19,-9,0,0,0,0,0,0,0,0,1,0
1bav,D,30,PRO,-1.6,112.7,0.0,0,0,X,0.0,0.0,0.0,0.0,0.0,0.0,0.0,0.0,16,0.02797645484037223,12,11,1,0,0,0,0,0,0,0,0,1,0
1bav,D,31,GLU,-3.5,138.4,-1.0,1,3,X,0.0,0.0,0.0,0.0,0.0,0.0,0.0,0.0,15,0.023779986614316396,8,0,8,0,0,0,0,0,0,0,0,1,0
1bav,D,32,LEU,3.8,166.7,0.0,0,0,X,0.0,0.0,0.0,0.0,0.0,0.0,0.0,0.0,30,0.03870076252918159,21,18,3,0,0,0,0,0,0,0,0,1,0
1bav,D,33,VAL,4.2,140.0,0.0,0,0,X,0.0,0.0,0.0,0.0,0.0,0.0,0.0,0.0,29,0.04476232774459557,27,13,14,0,0,0,0,0,0,0,0,1,0
1bav,D,34,SER,-0.8,89.0,0.0,1,1,X,0.0,0.0,0.0,0.0,0.0,0.0,0.0,0.0,25,0.03683566553982344,23,13,10,0,0,0,0,0,0,0,0,1,0
1bav,D,35,LYS,-3.9,168.6,1.0,2,0,X,0.0,0.0,0.0,0.0,0.0,0.0,0.0,0.0,23,0.03776821403450251,7,12,-5,0,0,0,0,0,0,0,0,1,0
1bav,D,36,LEU,3.8,166.7,0.0,0,0,X,0.0,0.0,0.0,0.0,0.0,0.0,0.0,0.0,22,0.035436842797804825,18,6,12,0,0,0,0,0,0,0,0,1,0
1bav,D,37,GLN,-3.5,143.8,0.0,2,2,X,0.0,0.0,0.0,0.0,0.0,0.0,0.0,0.0,19,0.03450429430312575,24,1,23,0,0,0,0,0,0,0,0,1,0
1bav,D,38,ILE,4.5,166.7,0.0,0,0,X,0.0,0.0,0.0,0.0,0.0,0.0,0.0,0.0,32,0.03590311704514436,17,21,-4,0,0,0,0,0,0,0,0,1,0
1bav,D,39,GLY,-0.4,60.1,0.0,0,0,X,0.0,0.0,0.0,0.0,0.0,0.0,0.0,0.0,25,0.03450429430312575,22,16,6,0,0,0,0,0,0,0,0,1,0
1bav,D,40,ARG,-4.5,173.4,1.0,5,0,X,0.0,0.0,0.0,0.0,0.0,0.0,0.0,0.0,27,0.04103213376587927,17,15,2,0,0,0,0,0,0,0,0,1,0
1bav,D,41,SER,-0.8,89.0,0.0,1,1,X,0.0,0.0,0.0,0.0,0.0,0.0,0.0,0.0,34,0.04755997322863279,33,25,8,0,0,0,0,0,0,0,0,1,0
1bav,D,42,TYR,-1.3,193.6,0.0,1,1,X,0.0,0.0,0.0,0.0,0.0,0.0,0.0,0.0,27,0.04476232774459557,32,29,3,0,0,0,0,0,0,0,0,1,0
1bav,D,43,GLU,-3.5,138.4,-1.0,1,3,X,0.0,0.0,0.0,0.0,0.0,0.0,0.0,0.0,31,0.043363505002576956,36,9,27,0,0,0,0,0,0,0,0,1,0
1bav,D,44,GLY,-0.4,60.1,0.0,0,0,X,0.0,0.0,0.0,0.0,0.0,0.0,0.0,0.0,26,0.04243095650789788,29,21,8,0,0,0,0,0,0,0,0,1,0
1bav,D,45,ARG,-4.5,173.4,1.0,5,0,X,0.0,0.0,0.0,0.0,0.0,0.0,0.0,0.0,34,0.04243095650789788,16,15,1,0,0,0,0,0,0,0,0,1,0
1bav,D,46,PRO,-1.6,112.7,0.0,0,0,X,0.0,0.0,0.0,0.0,0.0,0.0,0.0,0.0,31,0.03916703677652112,28,11,17,0,0,0,0,0,0,0,0,1,0
1bav,D,47,ILE,4.5,166.7,0.0,0,0,X,0.0,0.0,0.0,0.0,0.0,0.0,0.0,0.0,33,0.04989134446533048,21,18,3,0,0,0,0,0,0,0,0,1,0
1bav,D,48,TYR,-1.3,193.6,0.0,1,1,X,0.0,0.0,0.0,0.0,0.0,0.0,0.0,0.0,28,0.04942507021799094,21,17,4,0,0,0,0,0,0,0,0,1,0
1bav,D,49,VAL,4.2,140.0,0.0,0,0,X,0.0,0.0,0.0,0.0,0.0,0.0,0.0,0.0,32,0.05222271570202816,17,12,5,0,0,0,0,0,0,0,0,1,0
1bav,D,50,LEU,3.8,166.7,0.0,0,0,X,0.0,0.0,0.0,0.0,0.0,0.0,0.0,0.0,39,0.048958795970651406,19,11,8,0,0,0,0,0,0,0,0,1,0
1bav,D,51,LYS,-3.9,168.6,1.0,2,0,X,0.0,0.0,0.0,0.0,0.0,0.0,0.0,0.0,36,0.04755997322863279,14,12,2,0,0,0,0,0,0,0,0,1,0
1bav,D,52,PHE,2.8,189.9,0.0,0,0,X,0.0,0.0,0.0,0.0,0.0,0.0,0.0,0.0,39,0.04989134446533048,26,14,12,0,0,0,0,0,0,0,0,1,0
1bav,D,53,SER,-0.8,89.0,0.0,1,1,X,0.0,0.0,0.0,0.0,0.0,0.0,0.0,0.0,29,0.04476232774459557,22,23,-1,0,0,0,0,0,0,0,0,1,0
1bav,D,54,THR,-0.7,116.1,0.0,1,1,X,0.0,0.0,0.0,0.0,0.0,0.0,0.0,0.0,22,0.03590311704514436,15,24,-9,0,0,0,0,0,0,0,0,1,0
1bav,D,55,GLY,-0.4,60.1,0.0,0,0,X,0.0,0.0,0.0,0.0,0.0,0.0,0.0,0.0,19,0.02144861537761871,15,21,-6,0,0,0,0,0,0,0,0,1,0
1bav,D,56,GLY,-0.4,60.1,0.0,0,0,X,0.0,0.0,0.0,0.0,0.0,0.0,0.0,0.0,16,0.019117244140921023,16,9,7,0,0,0,0,0,0,0,0,1,0
1bav,D,57,SER,-0.8,89.0,0.0,1,1,X,0.0,0.0,0.0,0.0,0.0,0.0,0.0,0.0,12,0.016319598656883802,20,4,16,0,0,0,0,0,0,0,0,1,0
1bav,D,58,ASN,-3.5,114.1,0.0,2,2,X,0.0,0.0,0.0,0.0,0.0,0.0,0.0,0.0,20,0.030307826077069916,24,8,16,0,0,0,0,0,0,0,0,1,0
1bav,D,59,ARG,-4.5,173.4,1.0,5,0,X,0.0,0.0,0.0,0.0,0.0,0.0,0.0,0.0,23,0.03730193978716297,10,15,-5,0,0,0,0,0,0,0,0,1,0
1bav,D,60,PRO,-1.6,112.7,0.0,0,0,X,0.0,0.0,0.0,0.0,0.0,0.0,0.0,0.0,28,0.040099585271200194,30,10,20,0,0,0,0,0,0,0,0,1,0
1bav,D,61,ALA,1.8,88.6,0.0,0,0,X,0.0,0.0,0.0,0.0,0.0,0.0,0.0,0.0,32,0.050823892960009553,30,8,22,0,0,0,0,0,0,0,0,1,0
1bav,D,62,ILE,4.5,166.7,0.0,0,0,X,0.0,0.0,0.0,0.0,0.0,0.0,0.0,0.0,38,0.05129016720734909,19,11,8,0,0,0,0,0,0,0,0,1,0
1bav,D,63,TRP,-0.9,227.8,0.0,1,0,X,0.0,0.0,0.0,0.0,0.0,0.0,0.0,0.0,39,0.05129016720734909,10,19,-9,0,0,0,0,0,0,0,0,1,0
1bav,D,64,ILE,4.5,166.7,0.0,0,0,X,0.0,0.0,0.0,0.0,0.0,0.0,0.0,0.0,39,0.05129016720734909,2,18,-16,0,0,0,0,0,0,0,0,1,0
1bav,D,65,ASP,-3.5,111.1,-1.0,1,3,X,0.0,0.0,0.0,0.0,0.0,0.0,0.0,0.0,38,0.053621538444046775,12,11,1,0,0,0,0,0,0,0,0,1,0
1bav,D,66,LEU,3.8,166.7,0.0,0,0,X,0.0,0.0,0.0,0.0,0.0,0.0,0.0,0.0,38,0.056419183928083996,15,25,-10,0,0,0,0,0,0,0,0,1,0
1bav,D,67,GLY,-0.4,60.1,0.0,0,0,X,0.0,0.0,0.0,0.0,0.0,0.0,0.0,0.0,41,0.05921682941212122,34,28,6,0,0,0,0,0,0,0,0,1,0
1bav,D,68,ILE,4.5,166.7,0.0,0,0,X,0.0,0.0,0.0,0.0,0.0,0.0,0.0,0.0,43,0.053155264196707235,44,43,1,0,0,0,0,0,0,0,0,1,0
1bav,D,69,HIS,-3.2,153.2,0.1,2,1,X,0.0,0.0,0.0,0.0,0.0,0.0,0.0,0.0,40,0.05408781269138631,49,30,19,0,0,0,0,0,0,0,0,1,1
1bav,D,70,SER,-0.8,89.0,0.0,1,1,X,0.0,0.0,0.0,0.0,0.0,0.0,0.0,0.0,38,0.06061565215413983,63,11,52,0,0,0,0,0,0,0,0,1,0
1bav,D,71,ARG,-4.5,173.4,1.0,5,0,X,0.0,0.0,0.0,0.0,0.0,0.0,0.0,0.0,30,0.05781800667010261,44,17,27,0,0,0,0,0,0,0,0,1,0
1bav,D,72,GLU,-3.5,138.4,-1.0,1,3,X,0.0,0.0,0.0,0.0,0.0,0.0,0.0,0.0,37,0.05455408693872585,55,11,44,0,0,0,0,0,0,0,0,1,0
1bav,D,73,TRP,-0.9,227.8,0.0,1,0,X,0.0,0.0,0.0,0.0,0.0,0.0,0.0,0.0,38,0.048958795970651406,39,8,31,0,0,0,0,0,0,0,0,1,0
1bav,D,74,ILE,4.5,166.7,0.0,0,0,X,0.0,0.0,0.0,0.0,0.0,0.0,0.0,0.0,46,0.048958795970651406,25,16,9,0,0,0,0,0,0,0,0,1,0
1bav,D,75,THR,-0.7,116.1,0.0,1,1,X,0.0,0.0,0.0,0.0,0.0,0.0,0.0,0.0,43,0.048958795970651406,27,22,5,0,0,0,0,0,0,0,0,1,0
1bav,D,76,GLN,-3.5,143.8,0.0,2,2,X,0.0,0.0,0.0,0.0,0.0,0.0,0.0,0.0,41,0.048958795970651406,27,14,13,0,0,0,0,0,0,0,0,1,0
1bav,D,77,ALA,1.8,88.6,0.0,0,0,X,0.0,0.0,0.0,0.0,0.0,0.0,0.0,0.0,41,0.0526889899493677,11,4,7,0,0,0,0,0,0,0,0,1,0
1bav,D,78,THR,-0.7,116.1,0.0,1,1,X,0.0,0.0,0.0,0.0,0.0,0.0,0.0,0.0,44,0.05035761871267001,10,9,1,0,0,0,0,0,0,0,0,1,0
1bav,D,79,GLY,-0.4,60.1,0.0,0,0,X,0.0,0.0,0.0,0.0,0.0,0.0,0.0,0.0,38,0.04989134446533048,11,10,1,0,0,0,0,0,0,0,0,1,0
1bav,D,80,VAL,4.2,140.0,0.0,0,0,X,0.0,0.0,0.0,0.0,0.0,0.0,0.0,0.0,38,0.048492521723311866,23,5,18,0,0,0,0,0,0,0,0,1,0
1bav,D,81,TRP,-0.9,227.8,0.0,1,0,X,0.0,0.0,0.0,0.0,0.0,0.0,0.0,0.0,34,0.04755997322863279,18,10,8,0,0,0,0,0,0,0,0,1,0
1bav,D,82,PHE,2.8,189.9,0.0,0,0,X,0.0,0.0,0.0,0.0,0.0,0.0,0.0,0.0,44,0.05035761871267001,15,10,5,0,0,0,0,0,0,0,0,1,0
1bav,D,83,ALA,1.8,88.6,0.0,0,0,X,0.0,0.0,0.0,0.0,0.0,0.0,0.0,0.0,39,0.04709369898129325,27,10,17,0,0,0,0,0,0,0,0,1,0
1bav,D,84,LYS,-3.9,168.6,1.0,2,0,X,0.0,0.0,0.0,0.0,0.0,0.0,0.0,0.0,31,0.05175644145468863,17,9,8,0,0,0,0,0,0,0,0,1,0
1bav,D,85,LYS,-3.9,168.6,1.0,2,0,X,0.0,0.0,0.0,0.0,0.0,0.0,0.0,0.0,28,0.04709369898129325,9,9,0,0,0,0,0,0,0,0,0,1,0
1bav,D,86,PHE,2.8,189.9,0.0,0,0,X,0.0,0.0,0.0,0.0,0.0,0.0,0.0,0.0,38,0.048492521723311866,25,10,15,0,0,0,0,0,0,0,0,1,0
1bav,D,87,THR,-0.7,116.1,0.0,1,1,X,0.0,0.0,0.0,0.0,0.0,0.0,0.0,0.0,30,0.043363505002576956,28,10,18,0,0,0,0,0,0,0,0,1,0
1bav,D,88,GLU,-3.5,138.4,-1.0,1,3,X,0.0,0.0,0.0,0.0,0.0,0.0,0.0,0.0,23,0.035436842797804825,24,0,24,0,0,0,0,0,0,0,0,1,0
1bav,D,89,ASN,-3.5,114.1,0.0,2,2,X,0.0,0.0,0.0,0.0,0.0,0.0,0.0,0.0,24,0.04289723075523742,14,9,5,0,0,0,0,0,0,0,0,1,0
1bav,D,90,TYR,-1.3,193.6,0.0,1,1,X,0.0,0.0,0.0,0.0,0.0,0.0,0.0,0.0,28,0.043363505002576956,7,15,-8,0,0,0,0,0,0,0,0,1,0
1bav,D,91,GLY,-0.4,60.1,0.0,0,0,X,0.0,0.0,0.0,0.0,0.0,0.0,0.0,0.0,18,0.02797645484037223,1,10,-9,0,0,0,0,0,0,0,0,1,0
1bav,D,92,GLN,-3.5,143.8,0.0,2,2,X,0.0,0.0,0.0,0.0,0.0,0.0,0.0,0.0,13,0.025178809356335007,4,9,-5,0,0,0,0,0,0,0,0,1,0
1bav,D,93,ASN,-3.5,114.1,0.0,2,2,X,0.0,0.0,0.0,0.0,0.0,0.0,0.0,0.0,20,0.03124037457174899,6,10,-4,0,0,0,0,0,0,0,0,1,0
1bav,D,94,PRO,-1.6,112.7,0.0,0,0,X,0.0,0.0,0.0,0.0,0.0,0.0,0.0,0.0,14,0.02331371236697686,0,6,-6,0,0,0,0,0,0,0,0,1,0
1bav,D,95,SER,-0.8,89.0,0.0,1,1,X,0.0,0.0,0.0,0.0,0.0,0.0,0.0,0.0,21,0.030774100324409453,1,13,-12,0,0,0,0,0,0,0,0,1,0
1bav,D,96,PHE,2.8,189.9,0.0,0,0,X,0.0,0.0,0.0,0.0,0.0,0.0,0.0,0.0,35,0.048026247475972325,10,23,-13,0,0,0,0,0,0,0,0,1,0
1bav,D,97,THR,-0.7,116.1,0.0,1,1,X,0.0,0.0,0.0,0.0,0.0,0.0,0.0,0.0,22,0.04429605349725603,0,10,-10,0,0,0,0,0,0,0,0,1,0
1bav,D,98,ALA,1.8,88.6,0.0,0,0,X,0.0,0.0,0.0,0.0,0.0,0.0,0.0,0.0,24,0.032172923066428064,3,18,-15,0,0,0,0,0,0,0,0,1,0
1bav,D,99,ILE,4.5,166.7,0.0,0,0,X,0.0,0.0,0.0,0.0,0.0,0.0,0.0,0.0,34,0.04476232774459557,7,23,-16,0,0,0,0,0,0,0,0,1,0
1bav,D,100,LEU,3.8,166.7,0.0,0,0,X,0.0,0.0,0.0,0.0,0.0,0.0,0.0,0.0,34,0.050823892960009553,12,17,-5,0,0,0,0,0,0,0,0,1,0
1bav,D,101,ASP,-3.5,111.1,-1.0,1,3,X,0.0,0.0,0.0,0.0,0.0,0.0,0.0,0.0,21,0.0363693912924839,7,6,1,0,0,0,0,0,0,0,0,1,0
1bav,D,102,SER,-0.8,89.0,0.0,1,1,X,0.0,0.0,0.0,0.0,0.0,0.0,0.0,0.0,27,0.03403802005578621,12,16,-4,0,0,0,0,0,0,0,0,1,0
1bav,D,103,MET,1.9,162.9,0.0,0,0,X,0.0,0.0,0.0,0.0,0.0,0.0,0.0,0.0,32,0.04289723075523742,21,20,1,0,0,0,0,0,0,0,0,1,0
1bav,D,104,ASP,-3.5,111.1,-1.0,1,3,X,0.0,0.0,0.0,0.0,0.0,0.0,0.0,0.0,33,0.05408781269138631,29,5,24,0,0,0,0,0,0,0,0,1,0
1bav,D,105,ILE,4.5,166.7,0.0,0,0,X,0.0,0.0,0.0,0.0,0.0,0.0,0.0,0.0,38,0.0526889899493677,16,11,5,0,0,0,0,0,0,0,0,1,0
1bav,D,106,PHE,2.8,189.9,0.0,0,0,X,0.0,0.0,0.0,0.0,0.0,0.0,0.0,0.0,38,0.05455408693872585,23,19,4,0,0,0,0,0,0,0,0,1,0
1bav,D,107,LEU,3.8,166.7,0.0,0,0,X,0.0,0.0,0.0,0.0,0.0,0.0,0.0,0.0,43,0.0526889899493677,8,19,-11,0,0,0,0,0,0,0,0,1,0
1bav,D,108,GLU,-3.5,138.4,-1.0,1,3,X,0.0,0.0,0.0,0.0,0.0,0.0,0.0,0.0,40,0.04989134446533048,1,13,-12,0,0,0,0,0,0,0,0,1,0
1bav,D,109,ILE,4.5,166.7,0.0,0,0,X,0.0,0.0,0.0,0.0,0.0,0.0,0.0,0.0,41,0.04989134446533048,1,17,-16,0,0,0,0,0,0,0,0,1,0
1bav,D,110,VAL,4.2,140.0,0.0,0,0,X,0.0,0.0,0.0,0.0,0.0,0.0,0.0,0.0,42,0.04989134446533048,9,20,-11,0,0,0,0,0,0,0,0,1,0
1bav,D,111,THR,-0.7,116.1,0.0,1,1,X,0.0,0.0,0.0,0.0,0.0,0.0,0.0,0.0,43,0.04616115048661418,12,26,-14,0,0,0,0,0,0,0,0,1,0
1bav,D,112,ASN,-3.5,114.1,0.0,2,2,X,0.0,0.0,0.0,0.0,0.0,0.0,0.0,0.0,46,0.050823892960009553,40,27,13,0,0,0,0,0,0,0,0,1,0
1bav,D,113,PRO,-1.6,112.7,0.0,0,0,X,0.0,0.0,0.0,0.0,0.0,0.0,0.0,0.0,39,0.048492521723311866,28,23,5,0,0,0,0,0,0,0,0,1,0
1bav,D,114,ASN,-3.5,114.1,0.0,2,2,X,0.0,0.0,0.0,0.0,0.0,0.0,0.0,0.0,38,0.050823892960009553,32,17,15,0,0,0,0,0,0,0,0,1,0
1bav,D,115,GLY,-0.4,60.1,0.0,0,0,X,0.0,0.0,0.0,0.0,0.0,0.0,0.0,0.0,38,0.05595290968074446,59,17,42,0,0,0,0,0,0,0,0,1,0
1bav,D,116,PHE,2.8,189.9,0.0,0,0,X,0.0,0.0,0.0,0.0,0.0,0.0,0.0,0.0,39,0.05502036118606539,43,10,33,0,0,0,0,0,0,0,0,1,0
1bav,D,117,ALA,1.8,88.6,0.0,0,0,X,0.0,0.0,0.0,0.0,0.0,0.0,0.0,0.0,33,0.04429605349725603,35,18,17,0,0,0,0,0,0,0,0,1,0
1bav,D,118,PHE,2.8,189.9,0.0,0,0,X,0.0,0.0,0.0,0.0,0.0,0.0,0.0,0.0,27,0.04942507021799094,41,13,28,0,0,0,0,0,0,0,0,1,0
1bav,D,119,THR,-0.7,116.1,0.0,1,1,X,0.0,0.0,0.0,0.0,0.0,0.0,0.0,0.0,29,0.05455408693872585,48,12,36,0,0,0,0,0,0,0,0,1,0
1bav,D,120,HIS,-3.2,153.2,0.1,2,1,X,0.0,0.0,0.0,0.0,0.0,0.0,0.0,0.0,29,0.04103213376587927,21,10,11,0,0,0,0,0,0,0,0,1,0
1bav,D,121,SER,-0.8,89.0,0.0,1,1,X,0.0,0.0,0.0,0.0,0.0,0.0,0.0,0.0,24,0.03730193978716297,23,9,14,0,0,0,0,0,0,0,0,1,0
1bav,D,122,GLU,-3.5,138.4,-1.0,1,3,X,0.0,0.0,0.0,0.0,0.0,0.0,0.0,0.0,19,0.029375277582390842,17,0,17,0,0,0,0,0,0,0,0,1,0
1bav,D,123,ASN,-3.5,114.1,0.0,2,2,X,0.0,0.0,0.0,0.0,0.0,0.0,0.0,0.0,21,0.034970568550465285,39,12,27,0,0,0,0,0,0,0,0,1,0
1bav,D,124,ARG,-4.5,173.4,1.0,5,0,X,0.0,0.0,0.0,0.0,0.0,0.0,0.0,0.0,25,0.040099585271200194,26,11,15,0,0,0,0,0,0,0,0,1,0
1bav,D,125,LEU,3.8,166.7,0.0,0,0,X,0.0,0.0,0.0,0.0,0.0,0.0,0.0,0.0,21,0.03963331102386066,37,15,22,0,0,0,0,0,0,0,0,1,0
1bav,D,126,TRP,-0.9,227.8,0.0,1,0,X,0.0,0.0,0.0,0.0,0.0,0.0,0.0,0.0,32,0.05035761871267001,57,19,38,0,0,0,0,0,0,0,0,1,0
1bav,D,127,ARG,-4.5,173.4,1.0,5,0,X,0.0,0.0,0.0,0.0,0.0,0.0,0.0,0.0,31,0.05035761871267001,46,24,22,0,0,0,0,0,0,0,0,1,0
1bav,D,128,LYS,-3.9,168.6,1.0,2,0,X,0.0,0.0,0.0,0.0,0.0,0.0,0.0,0.0,37,0.05502036118606539,47,25,22,0,0,0,0,0,0,0,0,1,0
1bav,D,129,THR,-0.7,116.1,0.0,1,1,X,0.0,0.0,0.0,0.0,0.0,0.0,0.0,0.0,39,0.05408781269138631,36,35,1,0,0,0,0,0,0,0,0,1,0
1bav,D,130,ARG,-4.5,173.4,1.0,5,0,X,0.0,0.0,0.0,0.0,0.0,0.0,0.0,0.0,32,0.050823892960009553,18,20,-2,0,0,0,0,0,0,0,0,1,0
1bav,D,131,SER,-0.8,89.0,0.0,1,1,X,0.0,0.0,0.0,0.0,0.0,0.0,0.0,0.0,30,0.040565859518539735,26,24,2,0,0,0,0,0,0,0,0,1,0
1bav,D,132,VAL,4.2,140.0,0.0,0,0,X,0.0,0.0,0.0,0.0,0.0,0.0,0.0,0.0,22,0.03170664881908853,16,9,7,0,0,0,0,0,0,0,0,1,0
1bav,D,133,THR,-0.7,116.1,0.0,1,1,X,0.0,0.0,0.0,0.0,0.0,0.0,0.0,0.0,19,0.020049792635600097,7,8,-1,0,0,0,0,0,0,0,0,1,0
1bav,D,134,SER,-0.8,89.0,0.0,1,1,X,0.0,0.0,0.0,0.0,0.0,0.0,0.0,0.0,19,0.020516066882939634,12,7,5,0,0,0,0,0,0,0,0,1,0
1bav,D,135,SER,-0.8,89.0,0.0,1,1,X,0.0,0.0,0.0,0.0,0.0,0.0,0.0,0.0,23,0.018650969893581486,10,2,8,0,0,0,0,0,0,0,0,1,0
1bav,D,136,SER,-0.8,89.0,0.0,1,1,X,0.0,0.0,0.0,0.0,0.0,0.0,0.0,0.0,18,0.024246260861655933,5,0,5,0,0,0,0,0,0,0,0,1,0
1bav,D,137,LEU,3.8,166.7,0.0,0,0,X,0.0,0.0,0.0,0.0,0.0,0.0,0.0,0.0,16,0.018650969893581486,3,0,3,0,0,0,0,0,0,0,0,1,0
1bav,D,138,CYS,2.5,108.5,0.0,1,0,X,0.0,0.0,0.0,0.0,0.0,0.0,0.0,0.0,20,0.027043906345693154,12,3,9,0,0,0,0,0,0,0,0,1,0
1bav,D,139,VAL,4.2,140.0,0.0,0,0,X,0.0,0.0,0.0,0.0,0.0,0.0,0.0,0.0,26,0.03963331102386066,22,12,10,0,0,0,0,0,0,0,0,1,0
1bav,D,140,GLY,-0.4,60.1,0.0,0,0,X,0.0,0.0,0.0,0.0,0.0,0.0,0.0,0.0,33,0.045228601991935104,36,27,9,0,0,0,0,0,0,0,0,1,0
1bav,D,141,VAL,4.2,140.0,0.0,0,0,X,0.0,0.0,0.0,0.0,0.0,0.0,0.0,0.0,39,0.05408781269138631,54,31,23,0,0,0,0,0,0,0,0,1,0
1bav,D,142,ASP,-3.5,111.1,-1.0,1,3,X,0.0,0.0,0.0,0.0,0.0,0.0,0.0,0.0,42,0.056419183928083996,55,17,38,0,0,0,0,0,0,0,0,1,0
1bav,D,143,ALA,1.8,88.6,0.0,0,0,X,0.0,0.0,0.0,0.0,0.0,0.0,0.0,0.0,42,0.05688545817542354,53,32,21,0,0,0,0,0,0,0,0,1,0
1bav,D,144,ASN,-3.5,114.1,0.0,2,2,X,0.0,0.0,0.0,0.0,0.0,0.0,0.0,0.0,43,0.045694876239274644,42,28,14,0,0,0,0,0,0,0,0,1,1
1bav,D,145,ARG,-4.5,173.4,1.0,5,0,X,0.0,0.0,0.0,0.0,0.0,0.0,0.0,0.0,41,0.05548663543340492,33,17,16,0,0,0,0,0,0,0,0,1,1
1bav,D,146,ASN,-3.5,114.1,0.0,2,2,X,0.0,0.0,0.0,0.0,0.0,0.0,0.0,0.0,37,0.06248074914349798,31,31,0,0,0,0,0,0,0,0,0,1,0
1bav,D,147,TRP,-0.9,227.8,0.0,1,0,X,0.0,0.0,0.0,0.0,0.0,0.0,0.0,0.0,42,0.05548663543340492,22,35,-13,0,0,0,0,0,0,0,0,1,0
1bav,D,148,ASP,-3.5,111.1,-1.0,1,3,X,0.0,0.0,0.0,0.0,0.0,0.0,0.0,0.0,27,0.040565859518539735,11,6,5,0,0,0,0,0,0,0,0,1,0
1bav,D,149,ALA,1.8,88.6,0.0,0,0,X,0.0,0.0,0.0,0.0,0.0,0.0,0.0,0.0,35,0.045694876239274644,17,16,1,0,0,0,0,0,0,0,0,1,0
1bav,D,150,GLY,-0.4,60.1,0.0,0,0,X,0.0,0.0,0.0,0.0,0.0,0.0,0.0,0.0,27,0.03590311704514436,24,16,8,0,0,0,0,0,0,0,0,1,0
1bav,D,151,PHE,2.8,189.9,0.0,0,0,X,0.0,0.0,0.0,0.0,0.0,0.0,0.0,0.0,31,0.04149840801321881,31,9,22,0,0,0,0,0,0,0,0,1,0
1bav,D,152,GLY,-0.4,60.1,0.0,0,0,X,0.0,0.0,0.0,0.0,0.0,0.0,0.0,0.0,27,0.0363693912924839,31,4,27,0,0,0,0,0,0,0,0,1,0
1bav,D,153,LYS,-3.9,168.6,1.0,2,0,X,0.0,0.0,0.0,0.0,0.0,0.0,0.0,0.0,21,0.03170664881908853,8,2,6,0,0,0,0,0,0,0,0,1,0
1bav,D,154,ALA,1.8,88.6,0.0,0,0,X,0.0,0.0,0.0,0.0,0.0,0.0,0.0,0.0,21,0.02471253510899547,21,0,21,0,0,0,0,0,0,0,0,1,0
1bav,D,155,GLY,-0.4,60.1,0.0,0,0,X,0.0,0.0,0.0,0.0,0.0,0.0,0.0,0.0,31,0.034970568550465285,27,4,23,0,0,0,0,0,0,0,0,1,0
1bav,D,156,ALA,1.8,88.6,0.0,0,0,X,0.0,0.0,0.0,0.0,0.0,0.0,0.0,0.0,30,0.04289723075523742,29,12,17,0,0,0,0,0,0,0,0,1,0
1bav,D,157,SER,-0.8,89.0,0.0,1,1,X,0.0,0.0,0.0,0.0,0.0,0.0,0.0,0.0,25,0.03776821403450251,29,14,15,0,0,0,0,0,0,0,0,1,0
1bav,D,158,SER,-0.8,89.0,0.0,1,1,X,0.0,0.0,0.0,0.0,0.0,0.0,0.0,0.0,19,0.032172923066428064,20,1,19,0,0,0,0,0,0,0,0,1,0
1bav,D,159,SER,-0.8,89.0,0.0,1,1,X,0.0,0.0,0.0,0.0,0.0,0.0,0.0,0.0,22,0.02984155182973038,16,7,9,0,0,0,0,0,0,0,0,1,0
1bav,D,160,PRO,-1.6,112.7,0.0,0,0,X,0.0,0.0,0.0,0.0,0.0,0.0,0.0,0.0,26,0.040099585271200194,22,7,15,0,0,0,0,0,0,0,0,1,0
1bav,D,161,CYS,2.5,108.5,0.0,1,0,X,0.0,0.0,0.0,0.0,0.0,0.0,0.0,0.0,19,0.03124037457174899,6,10,-4,0,0,0,0,0,0,0,0,1,0
1bav,D,162,SER,-0.8,89.0,0.0,1,1,X,0.0,0.0,0.0,0.0,0.0,0.0,0.0,0.0,21,0.03357174580844668,27,17,10,0,0,0,0,0,0,0,0,1,0
1bav,D,163,GLU,-3.5,138.4,-1.0,1,3,X,0.0,0.0,0.0,0.0,0.0,0.0,0.0,0.0,25,0.03683566553982344,40,8,32,0,0,0,0,0,0,0,0,1,0
1bav,D,164,THR,-0.7,116.1,0.0,1,1,X,0.0,0.0,0.0,0.0,0.0,0.0,0.0,0.0,30,0.045694876239274644,45,17,28,0,0,0,0,0,0,0,0,1,0
1bav,D,165,TYR,-1.3,193.6,0.0,1,1,X,0.0,0.0,0.0,0.0,0.0,0.0,0.0,0.0,31,0.0526889899493677,33,20,13,0,0,0,0,0,0,0,0,1,0
1bav,D,166,HIS,-3.2,153.2,0.1,2,1,X,0.0,0.0,0.0,0.0,0.0,0.0,0.0,0.0,37,0.062014474896158446,24,15,9,0,0,0,0,0,0,0,0,1,0
1bav,D,167,GLY,-0.4,60.1,0.0,0,0,X,0.0,0.0,0.0,0.0,0.0,0.0,0.0,0.0,32,0.0526889899493677,29,14,15,0,0,0,0,0,0,0,0,1,0
1bav,D,168,LYS,-3.9,168.6,1.0,2,0,X,0.0,0.0,0.0,0.0,0.0,0.0,0.0,0.0,27,0.03124037457174899,10,7,3,0,0,0,0,0,0,0,0,1,0
1bav,D,169,TYR,-1.3,193.6,0.0,1,1,X,0.0,0.0,0.0,0.0,0.0,0.0,0.0,0.0,21,0.03450429430312575,22,11,11,0,0,0,0,0,0,0,0,1,0
1bav,D,170,ALA,1.8,88.6,0.0,0,0,X,0.0,0.0,0.0,0.0,0.0,0.0,0.0,0.0,25,0.040565859518539735,28,17,11,0,0,0,0,0,0,0,0,1,0
1bav,D,171,ASN,-3.5,114.1,0.0,2,2,X,0.0,0.0,0.0,0.0,0.0,0.0,0.0,0.0,27,0.04476232774459557,20,30,-10,0,0,0,0,0,0,0,0,1,0
1bav,D,172,SER,-0.8,89.0,0.0,1,1,X,0.0,0.0,0.0,0.0,0.0,0.0,0.0,0.0,29,0.040565859518539735,27,22,5,0,0,0,0,0,0,0,0,1,0
1bav,D,173,GLU,-3.5,138.4,-1.0,1,3,X,0.0,0.0,0.0,0.0,0.0,0.0,0.0,0.0,38,0.045228601991935104,36,16,20,0,0,0,0,0,0,0,0,1,0
1bav,D,174,VAL,4.2,140.0,0.0,0,0,X,0.0,0.0,0.0,0.0,0.0,0.0,0.0,0.0,32,0.035436842797804825,21,27,-6,0,0,0,0,0,0,0,0,1,0
1bav,D,175,GLU,-3.5,138.4,-1.0,1,3,X,0.0,0.0,0.0,0.0,0.0,0.0,0.0,0.0,39,0.048026247475972325,25,17,8,0,0,0,0,0,0,0,0,1,0
1bav,D,176,VAL,4.2,140.0,0.0,0,0,X,0.0,0.0,0.0,0.0,0.0,0.0,0.0,0.0,38,0.05035761871267001,15,37,-22,0,0,0,0,0,0,0,0,1,0
1bav,D,177,LYS,-3.9,168.6,1.0,2,0,X,0.0,0.0,0.0,0.0,0.0,0.0,0.0,0.0,24,0.040565859518539735,8,25,-17,0,0,0,0,0,0,0,0,1,0
1bav,D,178,SER,-0.8,89.0,0.0,1,1,X,0.0,0.0,0.0,0.0,0.0,0.0,0.0,0.0,28,0.04289723075523742,16,27,-11,0,0,0,0,0,0,0,0,1,0
1bav,D,179,ILE,4.5,166.7,0.0,0,0,X,0.0,0.0,0.0,0.0,0.0,0.0,0.0,0.0,35,0.048958795970651406,15,32,-17,0,0,0,0,0,0,0,0,1,0
1bav,D,180,VAL,4.2,140.0,0.0,0,0,X,0.0,0.0,0.0,0.0,0.0,0.0,0.0,0.0,27,0.043829779249916496,20,20,0,0,0,0,0,0,0,0,0,1,0
1bav,D,181,ASP,-3.5,111.1,-1.0,1,3,X,0.0,0.0,0.0,0.0,0.0,0.0,0.0,0.0,21,0.03590311704514436,21,3,18,0,0,0,0,0,0,0,0,1,0
1bav,D,182,PHE,2.8,189.9,0.0,0,0,X,0.0,0.0,0.0,0.0,0.0,0.0,0.0,0.0,31,0.03963331102386066,25,14,11,0,0,0,0,0,0,0,0,1,0
1bav,D,183,VAL,4.2,140.0,0.0,0,0,X,0.0,0.0,0.0,0.0,0.0,0.0,0.0,0.0,27,0.04662742473395372,24,8,16,0,0,0,0,0,0,0,0,1,0
1bav,D,184,LYS,-3.9,168.6,1.0,2,0,X,0.0,0.0,0.0,0.0,0.0,0.0,0.0,0.0,19,0.032172923066428064,14,8,6,0,0,0,0,0,0,0,0,1,0
1bav,D,185,ASN,-3.5,114.1,0.0,2,2,X,0.0,0.0,0.0,0.0,0.0,0.0,0.0,0.0,14,0.027043906345693154,21,8,13,0,0,0,0,0,0,0,0,1,0
1bav,D,186,HIS,-3.2,153.2,0.1,2,1,X,0.0,0.0,0.0,0.0,0.0,0.0,0.0,0.0,24,0.034970568550465285,20,10,10,0,0,0,0,0,0,0,0,1,0
1bav,D,187,GLY,-0.4,60.1,0.0,0,0,X,0.0,0.0,0.0,0.0,0.0,0.0,0.0,0.0,19,0.02844272908771177,29,2,27,0,0,0,0,0,0,0,0,1,0
1bav,D,188,ASN,-3.5,114.1,0.0,2,2,X,0.0,0.0,0.0,0.0,0.0,0.0,0.0,0.0,23,0.03403802005578621,30,7,23,0,0,0,0,0,0,0,0,1,0
1bav,D,189,PHE,2.8,189.9,0.0,0,0,X,0.0,0.0,0.0,0.0,0.0,0.0,0.0,0.0,34,0.04476232774459557,30,8,22,0,0,0,0,0,0,0,0,1,0
1bav,D,190,LYS,-3.9,168.6,1.0,2,0,X,0.0,0.0,0.0,0.0,0.0,0.0,0.0,0.0,31,0.04196468226055834,18,2,16,0,0,0,0,0,0,0,0,1,0
1bav,D,191,ALA,1.8,88.6,0.0,0,0,X,0.0,0.0,0.0,0.0,0.0,0.0,0.0,0.0,34,0.05222271570202816,21,5,16,0,0,0,0,0,0,0,0,1,0
1bav,D,192,PHE,2.8,189.9,0.0,0,0,X,0.0,0.0,0.0,0.0,0.0,0.0,0.0,0.0,39,0.05548663543340492,9,13,-4,0,0,0,0,0,0,0,0,1,0
1bav,D,193,LEU,3.8,166.7,0.0,0,0,X,0.0,0.0,0.0,0.0,0.0,0.0,0.0,0.0,39,0.05175644145468863,7,10,-3,0,0,0,0,0,0,0,0,1,0
1bav,D,194,SER,-0.8,89.0,0.0,1,1,X,0.0,0.0,0.0,0.0,0.0,0.0,0.0,0.0,42,0.053155264196707235,13,20,-7,0,0,0,0,0,0,0,0,1,0
1bav,D,195,ILE,4.5,166.7,0.0,0,0,X,0.0,0.0,0.0,0.0,0.0,0.0,0.0,0.0,42,0.050823892960009553,18,30,-12,0,0,0,0,0,0,0,0,1,0
1bav,D,196,HIS,-3.2,153.2,0.1,2,1,X,0.0,0.0,0.0,0.0,0.0,0.0,0.0,0.0,37,0.05129016720734909,23,27,-4,0,0,0,0,0,0,0,0,1,1
1bav,D,197,SER,-0.8,89.0,0.0,1,1,X,0.0,0.0,0.0,0.0,0.0,0.0,0.0,0.0,38,0.053621538444046775,41,26,15,0,0,0,0,0,0,0,0,1,0
1bav,D,198,TYR,-1.3,193.6,0.0,1,1,X,0.0,0.0,0.0,0.0,0.0,0.0,0.0,0.0,26,0.05129016720734909,27,26,1,0,0,0,0,0,0,0,0,1,0
1bav,D,199,SER,-0.8,89.0,0.0,1,1,X,0.0,0.0,0.0,0.0,0.0,0.0,0.0,0.0,26,0.04103213376587927,22,17,5,0,0,0,0,0,0,0,0,1,0
1bav,D,200,GLN,-3.5,143.8,0.0,2,2,X,0.0,0.0,0.0,0.0,0.0,0.0,0.0,0.0,28,0.04989134446533048,24,20,4,0,0,0,0,0,0,0,0,1,0
1bav,D,201,LEU,3.8,166.7,0.0,0,0,X,0.0,0.0,0.0,0.0,0.0,0.0,0.0,0.0,32,0.050823892960009553,19,13,6,0,0,0,0,0,0,0,0,1,0
1bav,D,202,LEU,3.8,166.7,0.0,0,0,X,0.0,0.0,0.0,0.0,0.0,0.0,0.0,0.0,41,0.05222271570202816,14,9,5,0,0,0,0,0,0,0,0,1,0
1bav,D,203,LEU,3.8,166.7,0.0,0,0,X,0.0,0.0,0.0,0.0,0.0,0.0,0.0,0.0,37,0.05408781269138631,12,13,-1,0,0,0,0,0,0,0,0,1,0
1bav,D,204,TYR,-1.3,193.6,0.0,1,1,X,0.0,0.0,0.0,0.0,0.0,0.0,0.0,0.0,36,0.05408781269138631,14,14,0,0,0,0,0,0,0,0,0,1,0
1bav,D,205,PRO,-1.6,112.7,0.0,0,0,X,0.0,0.0,0.0,0.0,0.0,0.0,0.0,0.0,39,0.05175644145468863,14,15,-1,0,0,0,0,0,0,0,0,1,0
1bav,D,206,TYR,-1.3,193.6,0.0,1,1,X,0.0,0.0,0.0,0.0,0.0,0.0,0.0,0.0,35,0.053621538444046775,4,9,-5,0,0,0,0,0,0,0,0,1,0
1bav,D,207,GLY,-0.4,60.1,0.0,0,0,X,0.0,0.0,0.0,0.0,0.0,0.0,0.0,0.0,37,0.05129016720734909,10,8,2,0,0,0,0,0,0,0,0,1,0
1bav,D,208,TYR,-1.3,193.6,0.0,1,1,X,0.0,0.0,0.0,0.0,0.0,0.0,0.0,0.0,31,0.048492521723311866,9,13,-4,0,0,0,0,0,0,0,0,1,0
1bav,D,209,THR,-0.7,116.1,0.0,1,1,X,0.0,0.0,0.0,0.0,0.0,0.0,0.0,0.0,25,0.03310547156110714,4,7,-3,0,0,0,0,0,0,0,0,1,0
1bav,D,210,THR,-0.7,116.1,0.0,1,1,X,0.0,0.0,0.0,0.0,0.0,0.0,0.0,0.0,14,0.02797645484037223,1,0,1,0,0,0,0,0,0,0,0,1,0
1bav,D,211,GLN,-3.5,143.8,0.0,2,2,X,0.0,0.0,0.0,0.0,0.0,0.0,0.0,0.0,16,0.025178809356335007,5,4,1,0,0,0,0,0,0,0,0,1,0
1bav,D,212,SER,-0.8,89.0,0.0,1,1,X,0.0,0.0,0.0,0.0,0.0,0.0,0.0,0.0,16,0.03170664881908853,9,7,2,0,0,0,0,0,0,0,0,1,0
1bav,D,213,ILE,4.5,166.7,0.0,0,0,X,0.0,0.0,0.0,0.0,0.0,0.0,0.0,0.0,26,0.03823448828184205,16,17,-1,0,0,0,0,0,0,0,0,1,0
1bav,D,214,PRO,-1.6,112.7,0.0,0,0,X,0.0,0.0,0.0,0.0,0.0,0.0,0.0,0.0,14,0.021914889624958248,17,15,2,0,0,0,0,0,0,0,0,1,0
1bav,D,215,ASP,-3.5,111.1,-1.0,1,3,X,0.0,0.0,0.0,0.0,0.0,0.0,0.0,0.0,22,0.03310547156110714,21,9,12,0,0,0,0,0,0,0,0,1,0
1bav,D,216,LYS,-3.9,168.6,1.0,2,0,X,0.0,0.0,0.0,0.0,0.0,0.0,0.0,0.0,21,0.03916703677652112,0,16,-16,0,0,0,0,0,0,0,0,1,0
1bav,D,217,THR,-0.7,116.1,0.0,1,1,X,0.0,0.0,0.0,0.0,0.0,0.0,0.0,0.0,17,0.02844272908771177,14,17,-3,0,0,0,0,0,0,0,0,1,0
1bav,D,218,GLU,-3.5,138.4,-1.0,1,3,X,0.0,0.0,0.0,0.0,0.0,0.0,0.0,0.0,21,0.03730193978716297,27,8,19,0,0,0,0,0,0,0,0,1,0
1bav,D,219,LEU,3.8,166.7,0.0,0,0,X,0.0,0.0,0.0,0.0,0.0,0.0,0.0,0.0,31,0.048026247475972325,29,17,12,0,0,0,0,0,0,0,0,1,0
1bav,D,220,ASN,-3.5,114.1,0.0,2,2,X,0.0,0.0,0.0,0.0,0.0,0.0,0.0,0.0,23,0.045228601991935104,20,11,9,0,0,0,0,0,0,0,0,1,0
1bav,D,221,GLN,-3.5,143.8,0.0,2,2,X,0.0,0.0,0.0,0.0,0.0,0.0,0.0,0.0,22,0.035436842797804825,19,10,9,0,0,0,0,0,0,0,0,1,0
1bav,D,222,VAL,4.2,140.0,0.0,0,0,X,0.0,0.0,0.0,0.0,0.0,0.0,0.0,0.0,32,0.043363505002576956,22,16,6,0,0,0,0,0,0,0,0,1,0
1bav,D,223,ALA,1.8,88.6,0.0,0,0,X,0.0,0.0,0.0,0.0,0.0,0.0,0.0,0.0,33,0.05175644145468863,20,5,15,0,0,0,0,0,0,0,0,1,0
1bav,D,224,LYS,-3.9,168.6,1.0,2,0,X,0.0,0.0,0.0,0.0,0.0,0.0,0.0,0.0,20,0.03683566553982344,5,2,3,0,0,0,0,0,0,0,0,1,0
1bav,D,225,SER,-0.8,89.0,0.0,1,1,X,0.0,0.0,0.0,0.0,0.0,0.0,0.0,0.0,25,0.034970568550465285,18,5,13,0,0,0,0,0,0,0,0,1,0
1bav,D,226,ALA,1.8,88.6,0.0,0,0,X,0.0,0.0,0.0,0.0,0.0,0.0,0.0,0.0,33,0.043363505002576956,17,6,11,0,0,0,0,0,0,0,0,1,0
1bav,D,227,VAL,4.2,140.0,0.0,0,0,X,0.0,0.0,0.0,0.0,0.0,0.0,0.0,0.0,33,0.048958795970651406,25,8,17,0,0,0,0,0,0,0,0,1,0
1bav,D,228,ALA,1.8,88.6,0.0,0,0,X,0.0,0.0,0.0,0.0,0.0,0.0,0.0,0.0,24,0.030774100324409453,18,4,14,0,0,0,0,0,0,0,0,1,0
1bav,D,229,ALA,1.8,88.6,0.0,0,0,X,0.0,0.0,0.0,0.0,0.0,0.0,0.0,0.0,27,0.035436842797804825,12,10,2,0,0,0,0,0,0,0,0,1,0
1bav,D,230,LEU,3.8,166.7,0.0,0,0,X,0.0,0.0,0.0,0.0,0.0,0.0,0.0,0.0,36,0.05129016720734909,19,10,9,0,0,0,0,0,0,0,0,1,0
1bav,D,231,LYS,-3.9,168.6,1.0,2,0,X,0.0,0.0,0.0,0.0,0.0,0.0,0.0,0.0,19,0.04196468226055834,4,8,-4,0,0,0,0,0,0,0,0,1,0
1bav,D,232,SER,-0.8,89.0,0.0,1,1,X,0.0,0.0,0.0,0.0,0.0,0.0,0.0,0.0,18,0.02797645484037223,9,9,0,0,0,0,0,0,0,0,0,1,0
1bav,D,233,LEU,3.8,166.7,0.0,0,0,X,0.0,0.0,0.0,0.0,0.0,0.0,0.0,0.0,20,0.032172923066428064,11,9,2,0,0,0,0,0,0,0,0,1,0
1bav,D,234,TYR,-1.3,193.6,0.0,1,1,X,0.0,0.0,0.0,0.0,0.0,0.0,0.0,0.0,19,0.028909003335051305,12,9,3,0,0,0,0,0,0,0,0,1,0
1bav,D,235,GLY,-0.4,60.1,0.0,0,0,X,0.0,0.0,0.0,0.0,0.0,0.0,0.0,0.0,14,0.02471253510899547,15,7,8,0,0,0,0,0,0,0,0,1,0
1bav,D,236,THR,-0.7,116.1,0.0,1,1,X,0.0,0.0,0.0,0.0,0.0,0.0,0.0,0.0,27,0.035436842797804825,20,15,5,0,0,0,0,0,0,0,0,1,0
1bav,D,237,SER,-0.8,89.0,0.0,1,1,X,0.0,0.0,0.0,0.0,0.0,0.0,0.0,0.0,21,0.032172923066428064,26,9,17,0,0,0,0,0,0,0,0,1,0
1bav,D,238,TYR,-1.3,193.6,0.0,1,1,X,0.0,0.0,0.0,0.0,0.0,0.0,0.0,0.0,33,0.03963331102386066,30,18,12,0,0,0,0,0,0,0,0,1,0
1bav,D,239,LYS,-3.9,168.6,1.0,2,0,X,0.0,0.0,0.0,0.0,0.0,0.0,0.0,0.0,20,0.03403802005578621,1,6,-5,0,0,0,0,0,0,0,0,1,0
1bav,D,240,TYR,-1.3,193.6,0.0,1,1,X,0.0,0.0,0.0,0.0,0.0,0.0,0.0,0.0,27,0.04662742473395372,20,0,20,0,0,0,0,0,0,0,0,1,0
1bav,D,241,GLY,-0.4,60.1,0.0,0,0,X,0.0,0.0,0.0,0.0,0.0,0.0,0.0,0.0,33,0.04476232774459557,18,1,17,0,0,0,0,0,0,0,0,1,0
1bav,D,242,SER,-0.8,89.0,0.0,1,1,X,0.0,0.0,0.0,0.0,0.0,0.0,0.0,0.0,33,0.043363505002576956,12,3,9,0,0,0,0,0,0,0,0,1,0
1bav,D,243,ILE,4.5,166.7,0.0,0,0,X,0.0,0.0,0.0,0.0,0.0,0.0,0.0,0.0,34,0.050823892960009553,3,11,-8,0,0,0,0,0,0,0,0,1,1
1bav,D,244,ILE,4.5,166.7,0.0,0,0,X,0.0,0.0,0.0,0.0,0.0,0.0,0.0,0.0,23,0.045694876239274644,0,3,-3,0,0,0,0,0,0,0,0,1,0
1bav,D,245,THR,-0.7,116.1,0.0,1,1,X,0.0,0.0,0.0,0.0,0.0,0.0,0.0,0.0,20,0.025645083603674543,3,0,3,0,0,0,0,0,0,0,0,1,0
1bav,D,246,THR,-0.7,116.1,0.0,1,1,X,0.0,0.0,0.0,0.0,0.0,0.0,0.0,0.0,24,0.035436842797804825,9,4,5,0,0,0,0,0,0,0,0,1,0
1bav,D,247,ILE,4.5,166.7,0.0,0,0,X,0.0,0.0,0.0,0.0,0.0,0.0,0.0,0.0,23,0.02844272908771177,8,5,3,0,0,0,0,0,0,0,0,1,0
1bav,D,248,TYR,-1.3,193.6,0.0,1,1,X,0.0,0.0,0.0,0.0,0.0,0.0,0.0,0.0,24,0.03170664881908853,8,4,4,0,0,0,0,0,0,0,0,1,1
1bav,D,249,GLN,-3.5,143.8,0.0,2,2,X,0.0,0.0,0.0,0.0,0.0,0.0,0.0,0.0,24,0.03730193978716297,12,2,10,0,0,0,0,0,0,0,0,1,0
1bav,D,250,ALA,1.8,88.6,0.0,0,0,X,0.0,0.0,0.0,0.0,0.0,0.0,0.0,0.0,39,0.04616115048661418,19,10,9,0,0,0,0,0,0,0,0,1,1
1bav,D,251,SER,-0.8,89.0,0.0,1,1,X,0.0,0.0,0.0,0.0,0.0,0.0,0.0,0.0,36,0.0526889899493677,30,17,13,0,0,0,0,0,0,0,0,1,0
1bav,D,252,GLY,-0.4,60.1,0.0,0,0,X,0.0,0.0,0.0,0.0,0.0,0.0,0.0,0.0,42,0.058750555164781684,31,24,7,0,0,0,0,0,0,0,0,1,0
1bav,D,253,GLY,-0.4,60.1,0.0,0,0,X,0.0,0.0,0.0,0.0,0.0,0.0,0.0,0.0,44,0.053155264196707235,20,22,-2,0,0,0,0,0,0,0,0,1,0
1bav,D,254,SER,-0.8,89.0,0.0,1,1,X,0.0,0.0,0.0,0.0,0.0,0.0,0.0,0.0,43,0.050823892960009553,13,19,-6,0,0,0,0,0,0,0,0,1,0
1bav,D,255,ILE,4.5,166.7,0.0,0,0,X,0.0,0.0,0.0,0.0,0.0,0.0,0.0,0.0,41,0.05408781269138631,7,14,-7,0,0,0,0,0,0,0,0,1,0
1bav,D,256,ASP,-3.5,111.1,-1.0,1,3,X,0.0,0.0,0.0,0.0,0.0,0.0,0.0,0.0,37,0.05595290968074446,0,5,-5,0,0,0,0,0,0,0,0,1,0
1bav,D,257,TRP,-0.9,227.8,0.0,1,0,X,0.0,0.0,0.0,0.0,0.0,0.0,0.0,0.0,32,0.05408781269138631,12,18,-6,0,0,0,0,0,0,0,0,1,0
1bav,D,258,SER,-0.8,89.0,0.0,1,1,X,0.0,0.0,0.0,0.0,0.0,0.0,0.0,0.0,34,0.04942507021799094,12,14,-2,0,0,0,0,0,0,0,0,1,0
1bav,D,259,TYR,-1.3,193.6,0.0,1,1,X,0.0,0.0,0.0,0.0,0.0,0.0,0.0,0.0,29,0.05035761871267001,13,16,-3,0,0,0,0,0,0,0,0,1,0
1bav,D,260,ASN,-3.5,114.1,0.0,2,2,X,0.0,0.0,0.0,0.0,0.0,0.0,0.0,0.0,24,0.0363693912924839,4,17,-13,0,0,0,0,0,0,0,0,1,0
1bav,D,261,GLN,-3.5,143.8,0.0,2,2,X,0.0,0.0,0.0,0.0,0.0,0.0,0.0,0.0,21,0.029375277582390842,11,13,-2,0,0,0,0,0,0,0,0,1,0
1bav,D,262,GLY,-0.4,60.1,0.0,0,0,X,0.0,0.0,0.0,0.0,0.0,0.0,0.0,0.0,20,0.027510180593032695,18,6,12,0,0,0,0,0,0,0,0,1,0
1bav,D,263,ILE,4.5,166.7,0.0,0,0,X,0.0,0.0,0.0,0.0,0.0,0.0,0.0,0.0,29,0.043363505002576956,18,6,12,0,0,0,0,0,0,0,0,1,0
1bav,D,264,LYS,-3.9,168.6,1.0,2,0,X,0.0,0.0,0.0,0.0,0.0,0.0,0.0,0.0,29,0.043829779249916496,22,17,5,0,0,0,0,0,0,0,0,1,0
1bav,D,265,TYR,-1.3,193.6,0.0,1,1,X,0.0,0.0,0.0,0.0,0.0,0.0,0.0,0.0,33,0.04942507021799094,28,21,7,0,0,0,0,0,0,0,0,1,0
1bav,D,266,SER,-0.8,89.0,0.0,1,1,X,0.0,0.0,0.0,0.0,0.0,0.0,0.0,0.0,35,0.05455408693872585,13,12,1,0,0,0,0,0,0,0,0,1,0
1bav,D,267,PHE,2.8,189.9,0.0,0,0,X,0.0,0.0,0.0,0.0,0.0,0.0,0.0,0.0,45,0.05175644145468863,12,5,7,0,0,0,0,0,0,0,0,1,0
1bav,D,268,THR,-0.7,116.1,0.0,1,1,X,0.0,0.0,0.0,0.0,0.0,0.0,0.0,0.0,38,0.05175644145468863,11,21,-10,0,0,0,0,0,0,0,0,1,1
1bav,D,269,PHE,2.8,189.9,0.0,0,0,X,0.0,0.0,0.0,0.0,0.0,0.0,0.0,0.0,42,0.050823892960009553,15,14,1,0,0,0,0,0,0,0,0,1,0
1bav,D,270,GLU,-3.5,138.4,-1.0,1,3,X,0.0,0.0,0.0,0.0,0.0,0.0,0.0,0.0,33,0.053155264196707235,26,10,16,0,0,0,0,0,0,0,0,1,1
1bav,D,271,LEU,3.8,166.7,0.0,0,0,X,0.0,0.0,0.0,0.0,0.0,0.0,0.0,0.0,39,0.05502036118606539,19,33,-14,0,0,0,0,0,0,0,0,1,0
1bav,D,272,ARG,-4.5,173.4,1.0,5,0,X,0.0,0.0,0.0,0.0,0.0,0.0,0.0,0.0,36,0.05129016720734909,4,22,-18,0,0,0,0,0,0,0,0,1,0
1bav,D,273,ASP,-3.5,111.1,-1.0,1,3,X,0.0,0.0,0.0,0.0,0.0,0.0,0.0,0.0,26,0.04755997322863279,20,5,15,0,0,0,0,0,0,0,0,1,0
1bav,D,274,THR,-0.7,116.1,0.0,1,1,X,0.0,0.0,0.0,0.0,0.0,0.0,0.0,0.0,20,0.03124037457174899,19,11,8,0,0,0,0,0,0,0,0,1,0
1bav,D,275,GLY,-0.4,60.1,0.0,0,0,X,0.0,0.0,0.0,0.0,0.0,0.0,0.0,0.0,16,0.026577632098353617,17,8,9,0,0,0,0,0,0,0,0,1,0
1bav,D,276,ARG,-4.5,173.4,1.0,5,0,X,0.0,0.0,0.0,0.0,0.0,0.0,0.0,0.0,11,0.02471253510899547,0,8,-8,0,0,0,0,0,0,0,0,1,0
1bav,D,277,TYR,-1.3,193.6,0.0,1,1,X,0.0,0.0,0.0,0.0,0.0,0.0,0.0,0.0,16,0.03730193978716297,16,8,8,0,0,0,0,0,0,0,0,1,0
1bav,D,278,GLY,-0.4,60.1,0.0,0,0,X,0.0,0.0,0.0,0.0,0.0,0.0,0.0,0.0,23,0.03963331102386066,30,16,14,0,0,0,0,0,0,0,0,1,0
1bav,D,279,PHE,2.8,189.9,0.0,0,0,X,0.0,0.0,0.0,0.0,0.0,0.0,0.0,0.0,30,0.048026247475972325,46,18,28,0,0,0,0,0,0,0,0,1,0
1bav,D,280,LEU,3.8,166.7,0.0,0,0,X,0.0,0.0,0.0,0.0,0.0,0.0,0.0,0.0,20,0.03683566553982344,27,11,16,0,0,0,0,0,0,0,0,1,0
1bav,D,281,LEU,3.8,166.7,0.0,0,0,X,0.0,0.0,0.0,0.0,0.0,0.0,0.0,0.0,30,0.04476232774459557,24,14,10,0,0,0,0,0,0,0,0,1,0
1bav,D,282,PRO,-1.6,112.7,0.0,0,0,X,0.0,0.0,0.0,0.0,0.0,0.0,0.0,0.0,21,0.03170664881908853,20,6,14,0,0,0,0,0,0,0,0,1,0
1bav,D,283,ALA,1.8,88.6,0.0,0,0,X,0.0,0.0,0.0,0.0,0.0,0.0,0.0,0.0,21,0.03310547156110714,4,0,4,0,0,0,0,0,0,0,0,1,0
1bav,D,284,SER,-0.8,89.0,0.0,1,1,X,0.0,0.0,0.0,0.0,0.0,0.0,0.0,0.0,17,0.02797645484037223,5,0,5,0,0,0,0,0,0,0,0,1,0
1bav,D,285,GLN,-3.5,143.8,0.0,2,2,X,0.0,0.0,0.0,0.0,0.0,0.0,0.0,0.0,27,0.0363693912924839,12,11,1,0,0,0,0,0,0,0,0,1,0
1bav,D,286,ILE,4.5,166.7,0.0,0,0,X,0.0,0.0,0.0,0.0,0.0,0.0,0.0,0.0,30,0.05129016720734909,11,2,9,0,0,0,0,0,0,0,0,1,0
1bav,D,287,ILE,4.5,166.7,0.0,0,0,X,0.0,0.0,0.0,0.0,0.0,0.0,0.0,0.0,26,0.040565859518539735,4,8,-4,0,0,0,0,0,0,0,0,1,0
1bav,D,288,PRO,-1.6,112.7,0.0,0,0,X,0.0,0.0,0.0,0.0,0.0,0.0,0.0,0.0,25,0.040565859518539735,9,9,0,0,0,0,0,0,0,0,0,1,0
1bav,D,289,THR,-0.7,116.1,0.0,1,1,X,0.0,0.0,0.0,0.0,0.0,0.0,0.0,0.0,38,0.05129016720734909,12,14,-2,0,0,0,0,0,0,0,0,1,0
1bav,D,290,ALA,1.8,88.6,0.0,0,0,X,0.0,0.0,0.0,0.0,0.0,0.0,0.0,0.0,36,0.05129016720734909,15,9,6,0,0,0,0,0,0,0,0,1,0
1bav,D,291,GLN,-3.5,143.8,0.0,2,2,X,0.0,0.0,0.0,0.0,0.0,0.0,0.0,0.0,22,0.04755997322863279,10,9,1,0,0,0,0,0,0,0,0,1,0
1bav,D,292,GLU,-3.5,138.4,-1.0,1,3,X,0.0,0.0,0.0,0.0,0.0,0.0,0.0,0.0,33,0.05222271570202816,15,0,15,0,0,0,0,0,0,0,0,1,0
1bav,D,293,THR,-0.7,116.1,0.0,1,1,X,0.0,0.0,0.0,0.0,0.0,0.0,0.0,0.0,43,0.04942507021799094,13,12,1,0,0,0,0,0,0,0,0,1,0
1bav,D,294,TRP,-0.9,227.8,0.0,1,0,X,0.0,0.0,0.0,0.0,0.0,0.0,0.0,0.0,35,0.04662742473395372,10,10,0,0,0,0,0,0,0,0,0,1,0
1bav,D,295,LEU,3.8,166.7,0.0,0,0,X,0.0,0.0,0.0,0.0,0.0,0.0,0.0,0.0,31,0.04476232774459557,9,13,-4,0,0,0,0,0,0,0,0,1,0
1bav,D,296,GLY,-0.4,60.1,0.0,0,0,X,0.0,0.0,0.0,0.0,0.0,0.0,0.0,0.0,32,0.050823892960009553,7,15,-8,0,0,0,0,0,0,0,0,1,0
1bav,D,297,VAL,4.2,140.0,0.0,0,0,X,0.0,0.0,0.0,0.0,0.0,0.0,0.0,0.0,44,0.045694876239274644,2,12,-10,0,0,0,0,0,0,0,0,1,0
1bav,D,298,LEU,3.8,166.7,0.0,0,0,X,0.0,0.0,0.0,0.0,0.0,0.0,0.0,0.0,33,0.043829779249916496,7,11,-4,0,0,0,0,0,0,0,0,1,0
1bav,D,299,THR,-0.7,116.1,0.0,1,1,X,0.0,0.0,0.0,0.0,0.0,0.0,0.0,0.0,30,0.03963331102386066,14,10,4,0,0,0,0,0,0,0,0,1,0
1bav,D,300,ILE,4.5,166.7,0.0,0,0,X,0.0,0.0,0.0,0.0,0.0,0.0,0.0,0.0,41,0.048958795970651406,16,10,6,0,0,0,0,0,0,0,0,1,0
1bav,D,301,MET,1.9,162.9,0.0,0,0,X,0.0,0.0,0.0,0.0,0.0,0.0,0.0,0.0,36,0.045228601991935104,10,13,-3,0,0,0,0,0,0,0,0,1,0
1bav,D,302,GLU,-3.5,138.4,-1.0,1,3,X,0.0,0.0,0.0,0.0,0.0,0.0,0.0,0.0,27,0.03963331102386066,10,0,10,0,0,0,0,0,0,0,0,1,0
1bav,D,303,HIS,-3.2,153.2,0.1,2,1,X,0.0,0.0,0.0,0.0,0.0,0.0,0.0,0.0,24,0.03916703677652112,11,18,-7,0,0,0,0,0,0,0,0,1,0
1bav,D,304,THR,-0.7,116.1,0.0,1,1,X,0.0,0.0,0.0,0.0,0.0,0.0,0.0,0.0,32,0.04243095650789788,28,13,15,0,0,0,0,0,0,0,0,1,0
1bav,D,305,VAL,4.2,140.0,0.0,0,0,X,0.0,0.0,0.0,0.0,0.0,0.0,0.0,0.0,25,0.03590311704514436,15,14,1,0,0,0,0,0,0,0,0,1,0
1bav,D,306,ASN,-3.5,114.1,0.0,2,2,X,0.0,0.0,0.0,0.0,0.0,0.0,0.0,0.0,14,0.022847438119637322,10,10,0,0,0,0,0,0,0,0,0,1,0
1bav,D,307,ASN,-3.5,114.1,0.0,2,2,X,0.0,0.0,0.0,0.0,0.0,0.0,0.0,0.0,14,0.027043906345693154,24,10,14,0,0,0,0,0,0,0,0,1,0
