pdb_id,chain_id,residue_id,residue_name,hydrophobicity,volume,charge,hbond_donor,hbond_acceptor,ss_type,rel_asa,phi,psi,hse_up,hse_down,hse_ratio,residue_depth,ca_depth,neighbor_count,atom_density,pos_charged_neighbors,neg_charged_neighbors,net_charge_environment,ss_H,ss_B,ss_E,ss_G,ss_I,ss_T,ss_S,ss_ ,ss_X
1bgg,A,2,THR,-0.7,116.1,0.0,1,1,X,0.0,0.0,0.0,0.0,0.0,0.0,0.0,0.0,13,0.022847438119637322,18,9,9,0,0,0,0,0,0,0,0,1
1bgg,A,3,ILE,4.5,166.7,0.0,0,0,X,0.0,0.0,0.0,0.0,0.0,0.0,0.0,0.0,18,0.035436842797804825,13,9,4,0,0,0,0,0,0,0,0,1
1bgg,A,4,PHE,2.8,189.9,0.0,0,0,X,0.0,0.0,0.0,0.0,0.0,0.0,0.0,0.0,25,0.04429605349725603,23,9,14,0,0,0,0,0,0,0,0,1
1bgg,A,5,GLN,-3.5,143.8,0.0,2,2,X,0.0,0.0,0.0,0.0,0.0,0.0,0.0,0.0,22,0.03730193978716297,12,4,8,0,0,0,0,0,0,0,0,1
1bgg,A,6,PHE,2.8,189.9,0.0,0,0,X,0.0,0.0,0.0,0.0,0.0,0.0,0.0,0.0,31,0.04289723075523742,20,5,15,0,0,0,0,0,0,0,0,1
1bgg,A,7,PRO,-1.6,112.7,0.0,0,0,X,0.0,0.0,0.0,0.0,0.0,0.0,0.0,0.0,20,0.03170664881908853,23,8,15,0,0,0,0,0,0,0,0,1
1bgg,A,8,GLN,-3.5,143.8,0.0,2,2,X,0.0,0.0,0.0,0.0,0.0,0.0,0.0,0.0,13,0.022381163872297785,4,8,-4,0,0,0,0,0,0,0,0,1
1bgg,A,9,ASP,-3.5,111.1,-1.0,1,3,X,0.0,0.0,0.0,0.0,0.0,0.0,0.0,0.0,13,0.025178809356335007,16,3,13,0,0,0,0,0,0,0,0,1
1bgg,A,10,PHE,2.8,189.9,0.0,0,0,X,0.0,0.0,0.0,0.0,0.0,0.0,0.0,0.0,30,0.043363505002576956,26,8,18,0,0,0,0,0,0,0,0,1
1bgg,A,11,MET,1.9,162.9,0.0,0,0,X,0.0,0.0,0.0,0.0,0.0,0.0,0.0,0.0,34,0.043363505002576956,27,17,10,0,0,0,0,0,0,0,0,1
1bgg,A,12,TRP,-0.9,227.8,0.0,1,0,X,0.0,0.0,0.0,0.0,0.0,0.0,0.0,0.0,36,0.050823892960009553,18,4,14,0,0,0,0,0,0,0,0,1
1bgg,A,13,GLY,-0.4,60.1,0.0,0,0,X,0.0,0.0,0.0,0.0,0.0,0.0,0.0,0.0,38,0.05129016720734909,20,7,13,0,0,0,0,0,0,0,0,1
1bgg,A,14,THR,-0.7,116.1,0.0,1,1,X,0.0,0.0,0.0,0.0,0.0,0.0,0.0,0.0,41,0.05502036118606539,16,9,7,0,0,0,0,0,0,0,0,1
1bgg,A,15,ALA,1.8,88.6,0.0,0,0,X,0.0,0.0,0.0,0.0,0.0,0.0,0.0,0.0,42,0.05408781269138631,16,11,5,0,0,0,0,0,0,0,0,1
1bgg,A,16,THR,-0.7,116.1,0.0,1,1,X,0.0,0.0,0.0,0.0,0.0,0.0,0.0,0.0,42,0.05735173242276307,19,20,-1,0,0,0,0,0,0,0,0,1
1bgg,A,17,ALA,1.8,88.6,0.0,0,0,X,0.0,0.0,0.0,0.0,0.0,0.0,0.0,0.0,38,0.05129016720734909,21,26,-5,0,0,0,0,0,0,0,0,1
1bgg,A,18,ALA,1.8,88.6,0.0,0,0,X,0.0,0.0,0.0,0.0,0.0,0.0,0.0,0.0,44,0.05035761871267001,26,20,6,0,0,0,0,0,0,0,0,1
1bgg,A,19,TYR,-1.3,193.6,0.0,1,1,X,0.0,0.0,0.0,0.0,0.0,0.0,0.0,0.0,45,0.053621538444046775,23,30,-7,0,0,0,0,0,0,0,0,1
1bgg,A,20,GLN,-3.5,143.8,0.0,2,2,X,0.0,0.0,0.0,0.0,0.0,0.0,0.0,0.0,40,0.05548663543340492,9,31,-22,0,0,0,0,0,0,0,0,1
1bgg,A,21,ILE,4.5,166.7,0.0,0,0,X,0.0,0.0,0.0,0.0,0.0,0.0,0.0,0.0,44,0.053155264196707235,18,29,-11,0,0,0,0,0,0,0,0,1
1bgg,A,22,GLU,-3.5,138.4,-1.0,1,3,X,0.0,0.0,0.0,0.0,0.0,0.0,0.0,0.0,42,0.05175644145468863,30,21,9,0,0,0,0,0,0,0,0,1
1bgg,A,23,GLY,-0.4,60.1,0.0,0,0,X,0.0,0.0,0.0,0.0,0.0,0.0,0.0,0.0,31,0.05035761871267001,35,30,5,0,0,0,0,0,0,0,0,1
1bgg,A,24,ALA,1.8,88.6,0.0,0,0,X,0.0,0.0,0.0,0.0,0.0,0.0,0.0,0.0,28,0.04755997322863279,29,37,-8,0,0,0,0,0,0,0,0,1
1bgg,A,25,TYR,-1.3,193.6,0.0,1,1,X,0.0,0.0,0.0,0.0,0.0,0.0,0.0,0.0,26,0.045694876239274644,23,22,1,0,0,0,0,0,0,0,0,1
1bgg,A,26,GLN,-3.5,143.8,0.0,2,2,X,0.0,0.0,0.0,0.0,0.0,0.0,0.0,0.0,17,0.032172923066428064,19,20,-1,0,0,0,0,0,0,0,0,1
1bgg,A,27,GLU,-3.5,138.4,-1.0,1,3,X,0.0,0.0,0.0,0.0,0.0,0.0,0.0,0.0,19,0.03310547156110714,29,23,6,0,0,0,0,0,0,0,0,1
1bgg,A,28,ASP,-3.5,111.1,-1.0,1,3,X,0.0,0.0,0.0,0.0,0.0,0.0,0.0,0.0,22,0.032172923066428064,28,24,4,0,0,0,0,0,0,0,0,1
1bgg,A,29,GLY,-0.4,60.1,0.0,0,0,X,0.0,0.0,0.0,0.0,0.0,0.0,0.0,0.0,24,0.03170664881908853,22,27,-5,0,0,0,0,0,0,0,0,1
1bgg,A,30,ARG,-4.5,173.4,1.0,5,0,X,0.0,0.0,0.0,0.0,0.0,0.0,0.0,0.0,36,0.045228601991935104,12,38,-26,0,0,0,0,0,0,0,0,1
1bgg,A,31,GLY,-0.4,60.1,0.0,0,0,X,0.0,0.0,0.0,0.0,0.0,0.0,0.0,0.0,30,0.043829779249916496,22,24,-2,0,0,0,0,0,0,0,0,1
1bgg,A,32,LEU,3.8,166.7,0.0,0,0,X,0.0,0.0,0.0,0.0,0.0,0.0,0.0,0.0,32,0.043363505002576956,21,16,5,0,0,0,0,0,0,0,0,1
1bgg,A,33,SER,-0.8,89.0,0.0,1,1,X,0.0,0.0,0.0,0.0,0.0,0.0,0.0,0.0,36,0.050823892960009553,21,19,2,0,0,0,0,0,0,0,0,1
1bgg,A,34,ILE,4.5,166.7,0.0,0,0,X,0.0,0.0,0.0,0.0,0.0,0.0,0.0,0.0,36,0.048958795970651406,11,21,-10,0,0,0,0,0,0,0,0,1
1bgg,A,35,TRP,-0.9,227.8,0.0,1,0,X,0.0,0.0,0.0,0.0,0.0,0.0,0.0,0.0,37,0.05035761871267001,33,23,10,0,0,0,0,0,0,0,0,1
1bgg,A,36,ASP,-3.5,111.1,-1.0,1,3,X,0.0,0.0,0.0,0.0,0.0,0.0,0.0,0.0,31,0.05175644145468863,19,9,10,0,0,0,0,0,0,0,0,1
1bgg,A,37,THR,-0.7,116.1,0.0,1,1,X,0.0,0.0,0.0,0.0,0.0,0.0,0.0,0.0,29,0.03776821403450251,18,11,7,0,0,0,0,0,0,0,0,1
1bgg,A,38,PHE,2.8,189.9,0.0,0,0,X,0.0,0.0,0.0,0.0,0.0,0.0,0.0,0.0,34,0.048492521723311866,29,10,19,0,0,0,0,0,0,0,0,1
1bgg,A,39,ALA,1.8,88.6,0.0,0,0,X,0.0,0.0,0.0,0.0,0.0,0.0,0.0,0.0,34,0.05502036118606539,21,17,4,0,0,0,0,0,0,0,0,1
1bgg,A,40,HIS,-3.2,153.2,0.1,2,1,X,0.0,0.0,0.0,0.0,0.0,0.0,0.0,0.0,29,0.04149840801321881,6,13,-7,0,0,0,0,0,0,0,0,1
1bgg,A,41,THR,-0.7,116.1,0.0,1,1,X,0.0,0.0,0.0,0.0,0.0,0.0,0.0,0.0,23,0.03450429430312575,19,8,11,0,0,0,0,0,0,0,0,1
1bgg,A,42,PRO,-1.6,112.7,0.0,0,0,X,0.0,0.0,0.0,0.0,0.0,0.0,0.0,0.0,23,0.0363693912924839,16,10,6,0,0,0,0,0,0,0,0,1
1bgg,A,43,GLY,-0.4,60.1,0.0,0,0,X,0.0,0.0,0.0,0.0,0.0,0.0,0.0,0.0,22,0.027043906345693154,16,10,6,0,0,0,0,0,0,0,0,1
1bgg,A,44,LYS,-3.9,168.6,1.0,2,0,X,0.0,0.0,0.0,0.0,0.0,0.0,0.0,0.0,30,0.034970568550465285,12,7,5,0,0,0,0,0,0,0,0,1
1bgg,A,45,VAL,4.2,140.0,0.0,0,0,X,0.0,0.0,0.0,0.0,0.0,0.0,0.0,0.0,34,0.04616115048661418,25,26,-1,0,0,0,0,0,0,0,0,1
1bgg,A,46,PHE,2.8,189.9,0.0,0,0,X,0.0,0.0,0.0,0.0,0.0,0.0,0.0,0.0,21,0.03916703677652112,12,26,-14,0,0,0,0,0,0,0,0,1
1bgg,A,47,ASN,-3.5,114.1,0.0,2,2,X,0.0,0.0,0.0,0.0,0.0,0.0,0.0,0.0,28,0.03403802005578621,13,21,-8,0,0,0,0,0,0,0,0,1
1bgg,A,48,GLY,-0.4,60.1,0.0,0,0,X,0.0,0.0,0.0,0.0,0.0,0.0,0.0,0.0,36,0.048492521723311866,23,22,1,0,0,0,0,0,0,0,0,1
1bgg,A,49,ASP,-3.5,111.1,-1.0,1,3,X,0.0,0.0,0.0,0.0,0.0,0.0,0.0,0.0,35,0.04289723075523742,14,11,3,0,0,0,0,0,0,0,0,1
1bgg,A,50,ASN,-3.5,114.1,0.0,2,2,X,0.0,0.0,0.0,0.0,0.0,0.0,0.0,0.0,34,0.048958795970651406,10,19,-9,0,0,0,0,0,0,0,0,1
1bgg,A,51,GLY,-0.4,60.1,0.0,0,0,X,0.0,0.0,0.0,0.0,0.0,0.0,0.0,0.0,39,0.05408781269138631,15,31,-16,0,0,0,0,0,0,0,0,1
1bgg,A,52,ASN,-3.5,114.1,0.0,2,2,X,0.0,0.0,0.0,0.0,0.0,0.0,0.0,0.0,32,0.03823448828184205,15,23,-8,0,0,0,0,0,0,0,0,1
1bgg,A,53,VAL,4.2,140.0,0.0,0,0,X,0.0,0.0,0.0,0.0,0.0,0.0,0.0,0.0,35,0.03683566553982344,27,18,9,0,0,0,0,0,0,0,0,1
1bgg,A,54,ALA,1.8,88.6,0.0,0,0,X,0.0,0.0,0.0,0.0,0.0,0.0,0.0,0.0,35,0.05035761871267001,12,30,-18,0,0,0,0,0,0,0,0,1
1bgg,A,55,CYS,2.5,108.5,0.0,1,0,X,0.0,0.0,0.0,0.0,0.0,0.0,0.0,0.0,41,0.05502036118606539,32,35,-3,0,0,0,0,0,0,0,0,1
1bgg,A,56,ASP,-3.5,111.1,-1.0,1,3,X,0.0,0.0,0.0,0.0,0.0,0.0,0.0,0.0,32,0.04662742473395372,30,22,8,0,0,0,0,0,0,0,0,1
1bgg,A,57,SER,-0.8,89.0,0.0,1,1,X,0.0,0.0,0.0,0.0,0.0,0.0,0.0,0.0,37,0.05129016720734909,31,40,-9,0,0,0,0,0,0,0,0,1
1bgg,A,58,TYR,-1.3,193.6,0.0,1,1,X,0.0,0.0,0.0,0.0,0.0,0.0,0.0,0.0,30,0.05129016720734909,41,45,-4,0,0,0,0,0,0,0,0,1
1bgg,A,59,HIS,-3.2,153.2,0.1,2,1,X,0.0,0.0,0.0,0.0,0.0,0.0,0.0,0.0,25,0.040565859518539735,23,38,-15,0,0,0,0,0,0,0,0,1
1bgg,A,60,ARG,-4.5,173.4,1.0,5,0,X,0.0,0.0,0.0,0.0,0.0,0.0,0.0,0.0,25,0.04196468226055834,22,37,-15,0,0,0,0,0,0,0,0,1
1bgg,A,61,TYR,-1.3,193.6,0.0,1,1,X,0.0,0.0,0.0,0.0,0.0,0.0,0.0,0.0,27,0.04476232774459557,42,42,0,0,0,0,0,0,0,0,0,1
1bgg,A,62,GLU,-3.5,138.4,-1.0,1,3,X,0.0,0.0,0.0,0.0,0.0,0.0,0.0,0.0,20,0.034970568550465285,33,19,14,0,0,0,0,0,0,0,0,1
1bgg,A,63,GLU,-3.5,138.4,-1.0,1,3,X,0.0,0.0,0.0,0.0,0.0,0.0,0.0,0.0,26,0.03590311704514436,40,23,17,0,0,0,0,0,0,0,0,1
1bgg,A,64,ASP,-3.5,111.1,-1.0,1,3,X,0.0,0.0,0.0,0.0,0.0,0.0,0.0,0.0,36,0.045228601991935104,39,25,14,0,0,0,0,0,0,0,0,1
1bgg,A,65,ILE,4.5,166.7,0.0,0,0,X,0.0,0.0,0.0,0.0,0.0,0.0,0.0,0.0,33,0.04989134446533048,29,42,-13,0,0,0,0,0,0,0,0,1
1bgg,A,66,ARG,-4.5,173.4,1.0,5,0,X,0.0,0.0,0.0,0.0,0.0,0.0,0.0,0.0,19,0.03823448828184205,16,35,-19,0,0,0,0,0,0,0,0,1
1bgg,A,67,LEU,3.8,166.7,0.0,0,0,X,0.0,0.0,0.0,0.0,0.0,0.0,0.0,0.0,29,0.045228601991935104,39,31,8,0,0,0,0,0,0,0,0,1
1bgg,A,68,MET,1.9,162.9,0.0,0,0,X,0.0,0.0,0.0,0.0,0.0,0.0,0.0,0.0,36,0.045694876239274644,24,29,-5,0,0,0,0,0,0,0,0,1
1bgg,A,69,LYS,-3.9,168.6,1.0,2,0,X,0.0,0.0,0.0,0.0,0.0,0.0,0.0,0.0,26,0.04103213376587927,18,21,-3,0,0,0,0,0,0,0,0,1
1bgg,A,70,GLU,-3.5,138.4,-1.0,1,3,X,0.0,0.0,0.0,0.0,0.0,0.0,0.0,0.0,24,0.03403802005578621,34,9,25,0,0,0,0,0,0,0,0,1
1bgg,A,71,LEU,3.8,166.7,0.0,0,0,X,0.0,0.0,0.0,0.0,0.0,0.0,0.0,0.0,31,0.045228601991935104,29,11,18,0,0,0,0,0,0,0,0,1
1bgg,A,72,GLY,-0.4,60.1,0.0,0,0,X,0.0,0.0,0.0,0.0,0.0,0.0,0.0,0.0,32,0.035436842797804825,30,7,23,0,0,0,0,0,0,0,0,1
1bgg,A,73,ILE,4.5,166.7,0.0,0,0,X,0.0,0.0,0.0,0.0,0.0,0.0,0.0,0.0,36,0.048026247475972325,29,14,15,0,0,0,0,0,0,0,0,1
1bgg,A,74,ARG,-4.5,173.4,1.0,5,0,X,0.0,0.0,0.0,0.0,0.0,0.0,0.0,0.0,27,0.03730193978716297,9,17,-8,0,0,0,0,0,0,0,0,1
1bgg,A,75,THR,-0.7,116.1,0.0,1,1,X,0.0,0.0,0.0,0.0,0.0,0.0,0.0,0.0,36,0.050823892960009553,30,10,20,0,0,0,0,0,0,0,0,1
1bgg,A,76,TYR,-1.3,193.6,0.0,1,1,X,0.0,0.0,0.0,0.0,0.0,0.0,0.0,0.0,38,0.05222271570202816,16,11,5,0,0,0,0,0,0,0,0,1
1bgg,A,77,ARG,-4.5,173.4,1.0,5,0,X,0.0,0.0,0.0,0.0,0.0,0.0,0.0,0.0,44,0.05129016720734909,13,11,2,0,0,0,0,0,0,0,0,1
1bgg,A,78,PHE,2.8,189.9,0.0,0,0,X,0.0,0.0,0.0,0.0,0.0,0.0,0.0,0.0,37,0.048492521723311866,22,7,15,0,0,0,0,0,0,0,0,1
1bgg,A,79,SER,-0.8,89.0,0.0,1,1,X,0.0,0.0,0.0,0.0,0.0,0.0,0.0,0.0,39,0.050823892960009553,24,16,8,0,0,0,0,0,0,0,0,1
1bgg,A,80,VAL,4.2,140.0,0.0,0,0,X,0.0,0.0,0.0,0.0,0.0,0.0,0.0,0.0,39,0.05035761871267001,21,13,8,0,0,0,0,0,0,0,0,1
1bgg,A,81,SER,-0.8,89.0,0.0,1,1,X,0.0,0.0,0.0,0.0,0.0,0.0,0.0,0.0,41,0.050823892960009553,28,23,5,0,0,0,0,0,0,0,0,1
1bgg,A,82,TRP,-0.9,227.8,0.0,1,0,X,0.0,0.0,0.0,0.0,0.0,0.0,0.0,0.0,43,0.05502036118606539,14,15,-1,0,0,0,0,0,0,0,0,1
1bgg,A,83,PRO,-1.6,112.7,0.0,0,0,X,0.0,0.0,0.0,0.0,0.0,0.0,0.0,0.0,41,0.05502036118606539,22,21,1,0,0,0,0,0,0,0,0,1
1bgg,A,84,ARG,-4.5,173.4,1.0,5,0,X,0.0,0.0,0.0,0.0,0.0,0.0,0.0,0.0,38,0.053155264196707235,12,46,-34,0,0,0,0,0,0,0,0,1
1bgg,A,85,ILE,4.5,166.7,0.0,0,0,X,0.0,0.0,0.0,0.0,0.0,0.0,0.0,0.0,37,0.05595290968074446,19,22,-3,0,0,0,0,0,0,0,0,1
1bgg,A,86,PHE,2.8,189.9,0.0,0,0,X,0.0,0.0,0.0,0.0,0.0,0.0,0.0,0.0,33,0.05408781269138631,7,20,-13,0,0,0,0,0,0,0,0,1
1bgg,A,87,PRO,-1.6,112.7,0.0,0,0,X,0.0,0.0,0.0,0.0,0.0,0.0,0.0,0.0,31,0.04755997322863279,18,19,-1,0,0,0,0,0,0,0,0,1
1bgg,A,88,ASN,-3.5,114.1,0.0,2,2,X,0.0,0.0,0.0,0.0,0.0,0.0,0.0,0.0,26,0.040565859518539735,8,18,-10,0,0,0,0,0,0,0,0,1
1bgg,A,89,GLY,-0.4,60.1,0.0,0,0,X,0.0,0.0,0.0,0.0,0.0,0.0,0.0,0.0,34,0.0526889899493677,9,19,-10,0,0,0,0,0,0,0,0,1
1bgg,A,90,ASP,-3.5,111.1,-1.0,1,3,X,0.0,0.0,0.0,0.0,0.0,0.0,0.0,0.0,24,0.0363693912924839,11,9,2,0,0,0,0,0,0,0,0,1
1bgg,A,91,GLY,-0.4,60.1,0.0,0,0,X,0.0,0.0,0.0,0.0,0.0,0.0,0.0,0.0,19,0.028909003335051305,0,17,-17,0,0,0,0,0,0,0,0,1
1bgg,A,92,GLU,-3.5,138.4,-1.0,1,3,X,0.0,0.0,0.0,0.0,0.0,0.0,0.0,0.0,14,0.026577632098353617,2,8,-6,0,0,0,0,0,0,0,0,1
1bgg,A,93,VAL,4.2,140.0,0.0,0,0,X,0.0,0.0,0.0,0.0,0.0,0.0,0.0,0.0,24,0.03450429430312575,6,24,-18,0,0,0,0,0,0,0,0,1
1bgg,A,94,ASN,-3.5,114.1,0.0,2,2,X,0.0,0.0,0.0,0.0,0.0,0.0,0.0,0.0,26,0.04149840801321881,15,35,-20,0,0,0,0,0,0,0,0,1
1bgg,A,95,GLN,-3.5,143.8,0.0,2,2,X,0.0,0.0,0.0,0.0,0.0,0.0,0.0,0.0,21,0.032639197313767604,14,28,-14,0,0,0,0,0,0,0,0,1
1bgg,A,96,GLU,-3.5,138.4,-1.0,1,3,X,0.0,0.0,0.0,0.0,0.0,0.0,0.0,0.0,20,0.03730193978716297,21,24,-3,0,0,0,0,0,0,0,0,1
1bgg,A,97,GLY,-0.4,60.1,0.0,0,0,X,0.0,0.0,0.0,0.0,0.0,0.0,0.0,0.0,32,0.05688545817542354,36,37,-1,0,0,0,0,0,0,0,0,1
1bgg,A,98,LEU,3.8,166.7,0.0,0,0,X,0.0,0.0,0.0,0.0,0.0,0.0,0.0,0.0,29,0.048026247475972325,30,26,4,0,0,0,0,0,0,0,0,1
1bgg,A,99,ASP,-3.5,111.1,-1.0,1,3,X,0.0,0.0,0.0,0.0,0.0,0.0,0.0,0.0,21,0.03823448828184205,27,24,3,0,0,0,0,0,0,0,0,1
1bgg,A,100,TYR,-1.3,193.6,0.0,1,1,X,0.0,0.0,0.0,0.0,0.0,0.0,0.0,0.0,36,0.04989134446533048,43,39,4,0,0,0,0,0,0,0,0,1
1bgg,A,101,TYR,-1.3,193.6,0.0,1,1,X,0.0,0.0,0.0,0.0,0.0,0.0,0.0,0.0,37,0.04755997322863279,33,21,12,0,0,0,0,0,0,0,0,1
1bgg,A,102,HIS,-3.2,153.2,0.1,2,1,X,0.0,0.0,0.0,0.0,0.0,0.0,0.0,0.0,26,0.04149840801321881,23,29,-6,0,0,0,0,0,0,0,0,1
1bgg,A,103,ARG,-4.5,173.4,1.0,5,0,X,0.0,0.0,0.0,0.0,0.0,0.0,0.0,0.0,22,0.040099585271200194,16,30,-14,0,0,0,0,0,0,0,0,1
1bgg,A,104,VAL,4.2,140.0,0.0,0,0,X,0.0,0.0,0.0,0.0,0.0,0.0,0.0,0.0,35,0.04942507021799094,29,35,-6,0,0,0,0,0,0,0,0,1
1bgg,A,105,VAL,4.2,140.0,0.0,0,0,X,0.0,0.0,0.0,0.0,0.0,0.0,0.0,0.0,33,0.048958795970651406,27,25,2,0,0,0,0,0,0,0,0,1
1bgg,A,106,ASP,-3.5,111.1,-1.0,1,3,X,0.0,0.0,0.0,0.0,0.0,0.0,0.0,0.0,24,0.03916703677652112,27,12,15,0,0,0,0,0,0,0,0,1
1bgg,A,107,LEU,3.8,166.7,0.0,0,0,X,0.0,0.0,0.0,0.0,0.0,0.0,0.0,0.0,23,0.04103213376587927,23,34,-11,0,0,0,0,0,0,0,0,1
1bgg,A,108,LEU,3.8,166.7,0.0,0,0,X,0.0,0.0,0.0,0.0,0.0,0.0,0.0,0.0,31,0.04755997322863279,30,30,0,0,0,0,0,0,0,0,0,1
1bgg,A,109,ASN,-3.5,114.1,0.0,2,2,X,0.0,0.0,0.0,0.0,0.0,0.0,0.0,0.0,26,0.03823448828184205,17,25,-8,0,0,0,0,0,0,0,0,1
1bgg,A,110,ASP,-3.5,111.1,-1.0,1,3,X,0.0,0.0,0.0,0.0,0.0,0.0,0.0,0.0,15,0.027043906345693154,9,9,0,0,0,0,0,0,0,0,0,1
1bgg,A,111,ASN,-3.5,114.1,0.0,2,2,X,0.0,0.0,0.0,0.0,0.0,0.0,0.0,0.0,25,0.030774100324409453,20,23,-3,0,0,0,0,0,0,0,0,1
1bgg,A,112,GLY,-0.4,60.1,0.0,0,0,X,0.0,0.0,0.0,0.0,0.0,0.0,0.0,0.0,21,0.02844272908771177,20,20,0,0,0,0,0,0,0,0,0,1
1bgg,A,113,ILE,4.5,166.7,0.0,0,0,X,0.0,0.0,0.0,0.0,0.0,0.0,0.0,0.0,33,0.04616115048661418,26,23,3,0,0,0,0,0,0,0,0,1
1bgg,A,114,GLU,-3.5,138.4,-1.0,1,3,X,0.0,0.0,0.0,0.0,0.0,0.0,0.0,0.0,29,0.04755997322863279,27,2,25,0,0,0,0,0,0,0,0,1
1bgg,A,115,PRO,-1.6,112.7,0.0,0,0,X,0.0,0.0,0.0,0.0,0.0,0.0,0.0,0.0,35,0.05595290968074446,32,15,17,0,0,0,0,0,0,0,0,1
1bgg,A,116,PHE,2.8,189.9,0.0,0,0,X,0.0,0.0,0.0,0.0,0.0,0.0,0.0,0.0,40,0.05408781269138631,25,10,15,0,0,0,0,0,0,0,0,1
1bgg,A,117,CYS,2.5,108.5,0.0,1,0,X,0.0,0.0,0.0,0.0,0.0,0.0,0.0,0.0,41,0.05175644145468863,27,3,24,0,0,0,0,0,0,0,0,1
1bgg,A,118,THR,-0.7,116.1,0.0,1,1,X,0.0,0.0,0.0,0.0,0.0,0.0,0.0,0.0,42,0.05175644145468863,25,8,17,0,0,0,0,0,0,0,0,1
1bgg,A,119,LEU,3.8,166.7,0.0,0,0,X,0.0,0.0,0.0,0.0,0.0,0.0,0.0,0.0,41,0.05408781269138631,14,7,7,0,0,0,0,0,0,0,0,1
1bgg,A,120,TYR,-1.3,193.6,0.0,1,1,X,0.0,0.0,0.0,0.0,0.0,0.0,0.0,0.0,40,0.05781800667010261,13,13,0,0,0,0,0,0,0,0,0,1
1bgg,A,121,HIS,-3.2,153.2,0.1,2,1,X,0.0,0.0,0.0,0.0,0.0,0.0,0.0,0.0,38,0.053621538444046775,11,21,-10,0,0,0,0,0,0,0,0,1
1bgg,A,122,TRP,-0.9,227.8,0.0,1,0,X,0.0,0.0,0.0,0.0,0.0,0.0,0.0,0.0,40,0.05222271570202816,22,20,2,0,0,0,0,0,0,0,0,1
1bgg,A,123,ASP,-3.5,111.1,-1.0,1,3,X,0.0,0.0,0.0,0.0,0.0,0.0,0.0,0.0,38,0.05688545817542354,23,9,14,0,0,0,0,0,0,0,0,1
1bgg,A,124,LEU,3.8,166.7,0.0,0,0,X,0.0,0.0,0.0,0.0,0.0,0.0,0.0,0.0,42,0.05175644145468863,6,17,-11,0,0,0,0,0,0,0,0,1
1bgg,A,125,PRO,-1.6,112.7,0.0,0,0,X,0.0,0.0,0.0,0.0,0.0,0.0,0.0,0.0,36,0.056419183928083996,10,26,-16,0,0,0,0,0,0,0,0,1
1bgg,A,126,GLN,-3.5,143.8,0.0,2,2,X,0.0,0.0,0.0,0.0,0.0,0.0,0.0,0.0,27,0.045694876239274644,1,20,-19,0,0,0,0,0,0,0,0,1
1bgg,A,127,ALA,1.8,88.6,0.0,0,0,X,0.0,0.0,0.0,0.0,0.0,0.0,0.0,0.0,28,0.03357174580844668,2,17,-15,0,0,0,0,0,0,0,0,1
1bgg,A,128,LEU,3.8,166.7,0.0,0,0,X,0.0,0.0,0.0,0.0,0.0,0.0,0.0,0.0,33,0.04662742473395372,14,18,-4,0,0,0,0,0,0,0,0,1
1bgg,A,129,GLN,-3.5,143.8,0.0,2,2,X,0.0,0.0,0.0,0.0,0.0,0.0,0.0,0.0,29,0.03870076252918159,0,10,-10,0,0,0,0,0,0,0,0,1
1bgg,A,130,ASP,-3.5,111.1,-1.0,1,3,X,0.0,0.0,0.0,0.0,0.0,0.0,0.0,0.0,18,0.02471253510899547,0,0,0,0,0,0,0,0,0,0,0,1
1bgg,A,131,ALA,1.8,88.6,0.0,0,0,X,0.0,0.0,0.0,0.0,0.0,0.0,0.0,0.0,18,0.02844272908771177,14,11,3,0,0,0,0,0,0,0,0,1
1bgg,A,132,GLY,-0.4,60.1,0.0,0,0,X,0.0,0.0,0.0,0.0,0.0,0.0,0.0,0.0,24,0.02844272908771177,20,12,8,0,0,0,0,0,0,0,0,1
1bgg,A,133,GLY,-0.4,60.1,0.0,0,0,X,0.0,0.0,0.0,0.0,0.0,0.0,0.0,0.0,31,0.043363505002576956,26,14,12,0,0,0,0,0,0,0,0,1
1bgg,A,134,TRP,-0.9,227.8,0.0,1,0,X,0.0,0.0,0.0,0.0,0.0,0.0,0.0,0.0,42,0.048958795970651406,27,8,19,0,0,0,0,0,0,0,0,1
1bgg,A,135,GLY,-0.4,60.1,0.0,0,0,X,0.0,0.0,0.0,0.0,0.0,0.0,0.0,0.0,27,0.04149840801321881,34,10,24,0,0,0,0,0,0,0,0,1
1bgg,A,136,ASN,-3.5,114.1,0.0,2,2,X,0.0,0.0,0.0,0.0,0.0,0.0,0.0,0.0,22,0.035436842797804825,32,12,20,0,0,0,0,0,0,0,0,1
1bgg,A,137,ARG,-4.5,173.4,1.0,5,0,X,0.0,0.0,0.0,0.0,0.0,0.0,0.0,0.0,25,0.03683566553982344,30,14,16,0,0,0,0,0,0,0,0,1
1bgg,A,138,ARG,-4.5,173.4,1.0,5,0,X,0.0,0.0,0.0,0.0,0.0,0.0,0.0,0.0,21,0.03124037457174899,10,9,1,0,0,0,0,0,0,0,0,1
1bgg,A,139,THR,-0.7,116.1,0.0,1,1,X,0.0,0.0,0.0,0.0,0.0,0.0,0.0,0.0,34,0.0526889899493677,29,9,20,0,0,0,0,0,0,0,0,1
1bgg,A,140,ILE,4.5,166.7,0.0,0,0,X,0.0,0.0,0.0,0.0,0.0,0.0,0.0,0.0,32,0.05175644145468863,40,6,34,0,0,0,0,0,0,0,0,1
1bgg,A,141,GLN,-3.5,143.8,0.0,2,2,X,0.0,0.0,0.0,0.0,0.0,0.0,0.0,0.0,21,0.035436842797804825,22,10,12,0,0,0,0,0,0,0,0,1
1bgg,A,142,ALA,1.8,88.6,0.0,0,0,X,0.0,0.0,0.0,0.0,0.0,0.0,0.0,0.0,29,0.048958795970651406,13,14,-1,0,0,0,0,0,0,0,0,1
1bgg,A,143,PHE,2.8,189.9,0.0,0,0,X,0.0,0.0,0.0,0.0,0.0,0.0,0.0,0.0,42,0.05175644145468863,15,10,5,0,0,0,0,0,0,0,0,1
1bgg,A,144,VAL,4.2,140.0,0.0,0,0,X,0.0,0.0,0.0,0.0,0.0,0.0,0.0,0.0,36,0.04709369898129325,25,11,14,0,0,0,0,0,0,0,0,1
1bgg,A,145,GLN,-3.5,143.8,0.0,2,2,X,0.0,0.0,0.0,0.0,0.0,0.0,0.0,0.0,26,0.03776821403450251,12,21,-9,0,0,0,0,0,0,0,0,1
1bgg,A,146,PHE,2.8,189.9,0.0,0,0,X,0.0,0.0,0.0,0.0,0.0,0.0,0.0,0.0,45,0.05129016720734909,7,16,-9,0,0,0,0,0,0,0,0,1
1bgg,A,147,ALA,1.8,88.6,0.0,0,0,X,0.0,0.0,0.0,0.0,0.0,0.0,0.0,0.0,38,0.04755997322863279,25,13,12,0,0,0,0,0,0,0,0,1
1bgg,A,148,GLU,-3.5,138.4,-1.0,1,3,X,0.0,0.0,0.0,0.0,0.0,0.0,0.0,0.0,28,0.045694876239274644,26,10,16,0,0,0,0,0,0,0,0,1
1bgg,A,149,THR,-0.7,116.1,0.0,1,1,X,0.0,0.0,0.0,0.0,0.0,0.0,0.0,0.0,29,0.04429605349725603,18,19,-1,0,0,0,0,0,0,0,0,1
1bgg,A,150,MET,1.9,162.9,0.0,0,0,X,0.0,0.0,0.0,0.0,0.0,0.0,0.0,0.0,37,0.04989134446533048,23,17,6,0,0,0,0,0,0,0,0,1
1bgg,A,151,PHE,2.8,189.9,0.0,0,0,X,0.0,0.0,0.0,0.0,0.0,0.0,0.0,0.0,37,0.05502036118606539,41,18,23,0,0,0,0,0,0,0,0,1
1bgg,A,152,ARG,-4.5,173.4,1.0,5,0,X,0.0,0.0,0.0,0.0,0.0,0.0,0.0,0.0,22,0.03870076252918159,19,18,1,0,0,0,0,0,0,0,0,1
1bgg,A,153,GLU,-3.5,138.4,-1.0,1,3,X,0.0,0.0,0.0,0.0,0.0,0.0,0.0,0.0,26,0.03776821403450251,35,13,22,0,0,0,0,0,0,0,0,1
1bgg,A,154,PHE,2.8,189.9,0.0,0,0,X,0.0,0.0,0.0,0.0,0.0,0.0,0.0,0.0,35,0.043363505002576956,36,21,15,0,0,0,0,0,0,0,0,1
1bgg,A,155,HIS,-3.2,153.2,0.1,2,1,X,0.0,0.0,0.0,0.0,0.0,0.0,0.0,0.0,19,0.04149840801321881,18,7,11,0,0,0,0,0,0,0,0,1
1bgg,A,156,GLY,-0.4,60.1,0.0,0,0,X,0.0,0.0,0.0,0.0,0.0,0.0,0.0,0.0,21,0.028909003335051305,26,7,19,0,0,0,0,0,0,0,0,1
1bgg,A,157,LYS,-3.9,168.6,1.0,2,0,X,0.0,0.0,0.0,0.0,0.0,0.0,0.0,0.0,29,0.0363693912924839,29,20,9,0,0,0,0,0,0,0,0,1
1bgg,A,158,ILE,4.5,166.7,0.0,0,0,X,0.0,0.0,0.0,0.0,0.0,0.0,0.0,0.0,35,0.048026247475972325,34,16,18,0,0,0,0,0,0,0,0,1
1bgg,A,159,GLN,-3.5,143.8,0.0,2,2,X,0.0,0.0,0.0,0.0,0.0,0.0,0.0,0.0,27,0.045694876239274644,27,10,17,0,0,0,0,0,0,0,0,1
1bgg,A,160,HIS,-3.2,153.2,0.1,2,1,X,0.0,0.0,0.0,0.0,0.0,0.0,0.0,0.0,31,0.05129016720734909,15,13,2,0,0,0,0,0,0,0,0,1
1bgg,A,161,TRP,-0.9,227.8,0.0,1,0,X,0.0,0.0,0.0,0.0,0.0,0.0,0.0,0.0,37,0.05548663543340492,24,4,20,0,0,0,0,0,0,0,0,1
1bgg,A,162,LEU,3.8,166.7,0.0,0,0,X,0.0,0.0,0.0,0.0,0.0,0.0,0.0,0.0,42,0.053621538444046775,30,2,28,0,0,0,0,0,0,0,0,1
1bgg,A,163,THR,-0.7,116.1,0.0,1,1,X,0.0,0.0,0.0,0.0,0.0,0.0,0.0,0.0,42,0.0526889899493677,16,3,13,0,0,0,0,0,0,0,0,1
1bgg,A,164,PHE,2.8,189.9,0.0,0,0,X,0.0,0.0,0.0,0.0,0.0,0.0,0.0,0.0,40,0.05548663543340492,24,8,16,0,0,0,0,0,0,0,0,1
1bgg,A,165,ASN,-3.5,114.1,0.0,2,2,X,0.0,0.0,0.0,0.0,0.0,0.0,0.0,0.0,39,0.05921682941212122,18,18,0,0,0,0,0,0,0,0,0,1
1bgg,A,166,GLU,-3.5,138.4,-1.0,1,3,X,0.0,0.0,0.0,0.0,0.0,0.0,0.0,0.0,40,0.053155264196707235,28,8,20,0,0,0,0,0,0,0,0,1
1bgg,A,167,PRO,-1.6,112.7,0.0,0,0,X,0.0,0.0,0.0,0.0,0.0,0.0,0.0,0.0,39,0.05455408693872585,17,10,7,0,0,0,0,0,0,0,0,1
1bgg,A,168,TRP,-0.9,227.8,0.0,1,0,X,0.0,0.0,0.0,0.0,0.0,0.0,0.0,0.0,34,0.0526889899493677,15,9,6,0,0,0,0,0,0,0,0,1
1bgg,A,169,CYS,2.5,108.5,0.0,1,0,X,0.0,0.0,0.0,0.0,0.0,0.0,0.0,0.0,35,0.05035761871267001,26,9,17,0,0,0,0,0,0,0,0,1
1bgg,A,170,ILE,4.5,166.7,0.0,0,0,X,0.0,0.0,0.0,0.0,0.0,0.0,0.0,0.0,40,0.05735173242276307,20,14,6,0,0,0,0,0,0,0,0,1
1bgg,A,171,ALA,1.8,88.6,0.0,0,0,X,0.0,0.0,0.0,0.0,0.0,0.0,0.0,0.0,46,0.05175644145468863,14,9,5,0,0,0,0,0,0,0,0,1
1bgg,A,172,PHE,2.8,189.9,0.0,0,0,X,0.0,0.0,0.0,0.0,0.0,0.0,0.0,0.0,36,0.0526889899493677,12,6,6,0,0,0,0,0,0,0,0,1
1bgg,A,173,LEU,3.8,166.7,0.0,0,0,X,0.0,0.0,0.0,0.0,0.0,0.0,0.0,0.0,29,0.04709369898129325,15,6,9,0,0,0,0,0,0,0,0,1
1bgg,A,174,SER,-0.8,89.0,0.0,1,1,X,0.0,0.0,0.0,0.0,0.0,0.0,0.0,0.0,33,0.05455408693872585,10,1,9,0,0,0,0,0,0,0,0,1
1bgg,A,175,ASN,-3.5,114.1,0.0,2,2,X,0.0,0.0,0.0,0.0,0.0,0.0,0.0,0.0,36,0.05502036118606539,6,7,-1,0,0,0,0,0,0,0,0,1
1bgg,A,176,MET,1.9,162.9,0.0,0,0,X,0.0,0.0,0.0,0.0,0.0,0.0,0.0,0.0,28,0.04709369898129325,2,0,2,0,0,0,0,0,0,0,0,1
1bgg,A,177,LEU,3.8,166.7,0.0,0,0,X,0.0,0.0,0.0,0.0,0.0,0.0,0.0,0.0,24,0.03823448828184205,10,0,10,0,0,0,0,0,0,0,0,1
1bgg,A,178,GLY,-0.4,60.1,0.0,0,0,X,0.0,0.0,0.0,0.0,0.0,0.0,0.0,0.0,25,0.04243095650789788,19,0,19,0,0,0,0,0,0,0,0,1
1bgg,A,179,VAL,4.2,140.0,0.0,0,0,X,0.0,0.0,0.0,0.0,0.0,0.0,0.0,0.0,28,0.03823448828184205,19,6,13,0,0,0,0,0,0,0,0,1
1bgg,A,180,HIS,-3.2,153.2,0.1,2,1,X,0.0,0.0,0.0,0.0,0.0,0.0,0.0,0.0,30,0.050823892960009553,7,12,-5,0,0,0,0,0,0,0,0,1
1bgg,A,181,ALA,1.8,88.6,0.0,0,0,X,0.0,0.0,0.0,0.0,0.0,0.0,0.0,0.0,39,0.048492521723311866,20,9,11,0,0,0,0,0,0,0,0,1
1bgg,A,182,PRO,-1.6,112.7,0.0,0,0,X,0.0,0.0,0.0,0.0,0.0,0.0,0.0,0.0,39,0.04149840801321881,13,2,11,0,0,0,0,0,0,0,0,1
1bgg,A,183,GLY,-0.4,60.1,0.0,0,0,X,0.0,0.0,0.0,0.0,0.0,0.0,0.0,0.0,25,0.03870076252918159,17,0,17,0,0,0,0,0,0,0,0,1
1bgg,A,184,LEU,3.8,166.7,0.0,0,0,X,0.0,0.0,0.0,0.0,0.0,0.0,0.0,0.0,27,0.035436842797804825,8,0,8,0,0,0,0,0,0,0,0,1
1bgg,A,185,THR,-0.7,116.1,0.0,1,1,X,0.0,0.0,0.0,0.0,0.0,0.0,0.0,0.0,20,0.03450429430312575,3,0,3,0,0,0,0,0,0,0,0,1
1bgg,A,186,ASN,-3.5,114.1,0.0,2,2,X,0.0,0.0,0.0,0.0,0.0,0.0,0.0,0.0,21,0.03124037457174899,0,7,-7,0,0,0,0,0,0,0,0,1
1bgg,A,187,LEU,3.8,166.7,0.0,0,0,X,0.0,0.0,0.0,0.0,0.0,0.0,0.0,0.0,30,0.04476232774459557,0,8,-8,0,0,0,0,0,0,0,0,1
1bgg,A,188,GLN,-3.5,143.8,0.0,2,2,X,0.0,0.0,0.0,0.0,0.0,0.0,0.0,0.0,25,0.035436842797804825,5,8,-3,0,0,0,0,0,0,0,0,1
1bgg,A,189,THR,-0.7,116.1,0.0,1,1,X,0.0,0.0,0.0,0.0,0.0,0.0,0.0,0.0,30,0.03963331102386066,9,8,1,0,0,0,0,0,0,0,0,1
1bgg,A,190,ALA,1.8,88.6,0.0,0,0,X,0.0,0.0,0.0,0.0,0.0,0.0,0.0,0.0,38,0.05175644145468863,13,8,5,0,0,0,0,0,0,0,0,1
1bgg,A,191,ILE,4.5,166.7,0.0,0,0,X,0.0,0.0,0.0,0.0,0.0,0.0,0.0,0.0,34,0.05502036118606539,19,8,11,0,0,0,0,0,0,0,0,1
1bgg,A,192,ASP,-3.5,111.1,-1.0,1,3,X,0.0,0.0,0.0,0.0,0.0,0.0,0.0,0.0,32,0.04662742473395372,28,1,27,0,0,0,0,0,0,0,0,1
1bgg,A,193,VAL,4.2,140.0,0.0,0,0,X,0.0,0.0,0.0,0.0,0.0,0.0,0.0,0.0,45,0.04942507021799094,23,9,14,0,0,0,0,0,0,0,0,1
1bgg,A,194,GLY,-0.4,60.1,0.0,0,0,X,0.0,0.0,0.0,0.0,0.0,0.0,0.0,0.0,38,0.05688545817542354,22,10,12,0,0,0,0,0,0,0,0,1
1bgg,A,195,HIS,-3.2,153.2,0.1,2,1,X,0.0,0.0,0.0,0.0,0.0,0.0,0.0,0.0,35,0.05455408693872585,21,16,5,0,0,0,0,0,0,0,0,1
1bgg,A,196,HIS,-3.2,153.2,0.1,2,1,X,0.0,0.0,0.0,0.0,0.0,0.0,0.0,0.0,37,0.05502036118606539,28,13,15,0,0,0,0,0,0,0,0,1
1bgg,A,197,LEU,3.8,166.7,0.0,0,0,X,0.0,0.0,0.0,0.0,0.0,0.0,0.0,0.0,41,0.0526889899493677,30,9,21,0,0,0,0,0,0,0,0,1
1bgg,A,198,LEU,3.8,166.7,0.0,0,0,X,0.0,0.0,0.0,0.0,0.0,0.0,0.0,0.0,46,0.053155264196707235,30,16,14,0,0,0,0,0,0,0,0,1
1bgg,A,199,VAL,4.2,140.0,0.0,0,0,X,0.0,0.0,0.0,0.0,0.0,0.0,0.0,0.0,40,0.05175644145468863,47,17,30,0,0,0,0,0,0,0,0,1
1bgg,A,200,ALA,1.8,88.6,0.0,0,0,X,0.0,0.0,0.0,0.0,0.0,0.0,0.0,0.0,40,0.04989134446533048,45,5,40,0,0,0,0,0,0,0,0,1
1bgg,A,201,HIS,-3.2,153.2,0.1,2,1,X,0.0,0.0,0.0,0.0,0.0,0.0,0.0,0.0,48,0.053155264196707235,13,12,1,0,0,0,0,0,0,0,0,1
1bgg,A,202,GLY,-0.4,60.1,0.0,0,0,X,0.0,0.0,0.0,0.0,0.0,0.0,0.0,0.0,37,0.05175644145468863,36,20,16,0,0,0,0,0,0,0,0,1
1bgg,A,203,LEU,3.8,166.7,0.0,0,0,X,0.0,0.0,0.0,0.0,0.0,0.0,0.0,0.0,37,0.04476232774459557,37,24,13,0,0,0,0,0,0,0,0,1
1bgg,A,204,SER,-0.8,89.0,0.0,1,1,X,0.0,0.0,0.0,0.0,0.0,0.0,0.0,0.0,40,0.05175644145468863,43,25,18,0,0,0,0,0,0,0,0,1
1bgg,A,205,VAL,4.2,140.0,0.0,0,0,X,0.0,0.0,0.0,0.0,0.0,0.0,0.0,0.0,39,0.05129016720734909,41,25,16,0,0,0,0,0,0,0,0,1
1bgg,A,206,ARG,-4.5,173.4,1.0,5,0,X,0.0,0.0,0.0,0.0,0.0,0.0,0.0,0.0,22,0.043363505002576956,28,22,6,0,0,0,0,0,0,0,0,1
1bgg,A,207,ARG,-4.5,173.4,1.0,5,0,X,0.0,0.0,0.0,0.0,0.0,0.0,0.0,0.0,24,0.04662742473395372,26,22,4,0,0,0,0,0,0,0,0,1
1bgg,A,208,PHE,2.8,189.9,0.0,0,0,X,0.0,0.0,0.0,0.0,0.0,0.0,0.0,0.0,34,0.050823892960009553,45,24,21,0,0,0,0,0,0,0,0,1
1bgg,A,209,ARG,-4.5,173.4,1.0,5,0,X,0.0,0.0,0.0,0.0,0.0,0.0,0.0,0.0,23,0.0363693912924839,18,23,-5,0,0,0,0,0,0,0,0,1
1bgg,A,210,GLU,-3.5,138.4,-1.0,1,3,X,0.0,0.0,0.0,0.0,0.0,0.0,0.0,0.0,15,0.02797645484037223,32,10,22,0,0,0,0,0,0,0,0,1
1bgg,A,211,LEU,3.8,166.7,0.0,0,0,X,0.0,0.0,0.0,0.0,0.0,0.0,0.0,0.0,21,0.03403802005578621,45,19,26,0,0,0,0,0,0,0,0,1
1bgg,A,212,GLY,-0.4,60.1,0.0,0,0,X,0.0,0.0,0.0,0.0,0.0,0.0,0.0,0.0,19,0.027510180593032695,36,8,28,0,0,0,0,0,0,0,0,1
1bgg,A,213,THR,-0.7,116.1,0.0,1,1,X,0.0,0.0,0.0,0.0,0.0,0.0,0.0,0.0,29,0.04289723075523742,40,13,27,0,0,0,0,0,0,0,0,1
1bgg,A,214,SER,-0.8,89.0,0.0,1,1,X,0.0,0.0,0.0,0.0,0.0,0.0,0.0,0.0,22,0.03590311704514436,36,2,34,0,0,0,0,0,0,0,0,1
1bgg,A,215,GLY,-0.4,60.1,0.0,0,0,X,0.0,0.0,0.0,0.0,0.0,0.0,0.0,0.0,23,0.03683566553982344,32,9,23,0,0,0,0,0,0,0,0,1
1bgg,A,216,GLN,-3.5,143.8,0.0,2,2,X,0.0,0.0,0.0,0.0,0.0,0.0,0.0,0.0,28,0.04196468226055834,18,16,2,0,0,0,0,0,0,0,0,1
1bgg,A,217,ILE,4.5,166.7,0.0,0,0,X,0.0,0.0,0.0,0.0,0.0,0.0,0.0,0.0,35,0.053621538444046775,33,14,19,0,0,0,0,0,0,0,0,1
1bgg,A,218,GLY,-0.4,60.1,0.0,0,0,X,0.0,0.0,0.0,0.0,0.0,0.0,0.0,0.0,42,0.04942507021799094,23,13,10,0,0,0,0,0,0,0,0,1
1bgg,A,219,ILE,4.5,166.7,0.0,0,0,X,0.0,0.0,0.0,0.0,0.0,0.0,0.0,0.0,45,0.04616115048661418,13,11,2,0,0,0,0,0,0,0,0,1
1bgg,A,220,ALA,1.8,88.6,0.0,0,0,X,0.0,0.0,0.0,0.0,0.0,0.0,0.0,0.0,43,0.05222271570202816,22,18,4,0,0,0,0,0,0,0,0,1
1bgg,A,221,PRO,-1.6,112.7,0.0,0,0,X,0.0,0.0,0.0,0.0,0.0,0.0,0.0,0.0,46,0.053155264196707235,14,20,-6,0,0,0,0,0,0,0,0,1
1bgg,A,222,ASN,-3.5,114.1,0.0,2,2,X,0.0,0.0,0.0,0.0,0.0,0.0,0.0,0.0,37,0.04989134446533048,11,19,-8,0,0,0,0,0,0,0,0,1
1bgg,A,223,VAL,4.2,140.0,0.0,0,0,X,0.0,0.0,0.0,0.0,0.0,0.0,0.0,0.0,41,0.04476232774459557,10,19,-9,0,0,0,0,0,0,0,0,1
1bgg,A,224,SER,-0.8,89.0,0.0,1,1,X,0.0,0.0,0.0,0.0,0.0,0.0,0.0,0.0,35,0.043363505002576956,14,10,4,0,0,0,0,0,0,0,0,1
1bgg,A,225,TRP,-0.9,227.8,0.0,1,0,X,0.0,0.0,0.0,0.0,0.0,0.0,0.0,0.0,31,0.04662742473395372,18,17,1,0,0,0,0,0,0,0,0,1
1bgg,A,226,ALA,1.8,88.6,0.0,0,0,X,0.0,0.0,0.0,0.0,0.0,0.0,0.0,0.0,34,0.04429605349725603,21,25,-4,0,0,0,0,0,0,0,0,1
1bgg,A,227,VAL,4.2,140.0,0.0,0,0,X,0.0,0.0,0.0,0.0,0.0,0.0,0.0,0.0,29,0.03730193978716297,16,22,-6,0,0,0,0,0,0,0,0,1
1bgg,A,228,PRO,-1.6,112.7,0.0,0,0,X,0.0,0.0,0.0,0.0,0.0,0.0,0.0,0.0,27,0.043363505002576956,19,19,0,0,0,0,0,0,0,0,0,1
1bgg,A,229,TYR,-1.3,193.6,0.0,1,1,X,0.0,0.0,0.0,0.0,0.0,0.0,0.0,0.0,18,0.03776821403450251,12,19,-7,0,0,0,0,0,0,0,0,1
1bgg,A,230,SER,-0.8,89.0,0.0,1,1,X,0.0,0.0,0.0,0.0,0.0,0.0,0.0,0.0,17,0.027043906345693154,17,23,-6,0,0,0,0,0,0,0,0,1
1bgg,A,231,THR,-0.7,116.1,0.0,1,1,X,0.0,0.0,0.0,0.0,0.0,0.0,0.0,0.0,11,0.023779986614316396,8,25,-17,0,0,0,0,0,0,0,0,1
1bgg,A,232,SER,-0.8,89.0,0.0,1,1,X,0.0,0.0,0.0,0.0,0.0,0.0,0.0,0.0,15,0.025645083603674543,16,26,-10,0,0,0,0,0,0,0,0,1
1bgg,A,233,GLU,-3.5,138.4,-1.0,1,3,X,0.0,0.0,0.0,0.0,0.0,0.0,0.0,0.0,13,0.02611135785101408,10,17,-7,0,0,0,0,0,0,0,0,1
1bgg,A,234,GLU,-3.5,138.4,-1.0,1,3,X,0.0,0.0,0.0,0.0,0.0,0.0,0.0,0.0,21,0.03403802005578621,18,17,1,0,0,0,0,0,0,0,0,1
1bgg,A,235,ASP,-3.5,111.1,-1.0,1,3,X,0.0,0.0,0.0,0.0,0.0,0.0,0.0,0.0,27,0.04942507021799094,23,26,-3,0,0,0,0,0,0,0,0,1
1bgg,A,236,LYS,-3.9,168.6,1.0,2,0,X,0.0,0.0,0.0,0.0,0.0,0.0,0.0,0.0,20,0.040099585271200194,9,24,-15,0,0,0,0,0,0,0,0,1
1bgg,A,237,ALA,1.8,88.6,0.0,0,0,X,0.0,0.0,0.0,0.0,0.0,0.0,0.0,0.0,28,0.03590311704514436,25,27,-2,0,0,0,0,0,0,0,0,1
1bgg,A,238,ALA,1.8,88.6,0.0,0,0,X,0.0,0.0,0.0,0.0,0.0,0.0,0.0,0.0,36,0.05129016720734909,26,29,-3,0,0,0,0,0,0,0,0,1
1bgg,A,239,CYS,2.5,108.5,0.0,1,0,X,0.0,0.0,0.0,0.0,0.0,0.0,0.0,0.0,34,0.048958795970651406,25,23,2,0,0,0,0,0,0,0,0,1
1bgg,A,240,ALA,1.8,88.6,0.0,0,0,X,0.0,0.0,0.0,0.0,0.0,0.0,0.0,0.0,31,0.040099585271200194,25,16,9,0,0,0,0,0,0,0,0,1
1bgg,A,241,ARG,-4.5,173.4,1.0,5,0,X,0.0,0.0,0.0,0.0,0.0,0.0,0.0,0.0,35,0.04662742473395372,11,12,-1,0,0,0,0,0,0,0,0,1
1bgg,A,242,THR,-0.7,116.1,0.0,1,1,X,0.0,0.0,0.0,0.0,0.0,0.0,0.0,0.0,36,0.04989134446533048,26,16,10,0,0,0,0,0,0,0,0,1
1bgg,A,243,ILE,4.5,166.7,0.0,0,0,X,0.0,0.0,0.0,0.0,0.0,0.0,0.0,0.0,37,0.048958795970651406,22,12,10,0,0,0,0,0,0,0,0,1
1bgg,A,244,SER,-0.8,89.0,0.0,1,1,X,0.0,0.0,0.0,0.0,0.0,0.0,0.0,0.0,37,0.048026247475972325,23,8,15,0,0,0,0,0,0,0,0,1
1bgg,A,245,LEU,3.8,166.7,0.0,0,0,X,0.0,0.0,0.0,0.0,0.0,0.0,0.0,0.0,39,0.05548663543340492,18,8,10,0,0,0,0,0,0,0,0,1
1bgg,A,246,HIS,-3.2,153.2,0.1,2,1,X,0.0,0.0,0.0,0.0,0.0,0.0,0.0,0.0,37,0.05735173242276307,4,17,-13,0,0,0,0,0,0,0,0,1
1bgg,A,247,SER,-0.8,89.0,0.0,1,1,X,0.0,0.0,0.0,0.0,0.0,0.0,0.0,0.0,39,0.05502036118606539,17,10,7,0,0,0,0,0,0,0,0,1
1bgg,A,248,ASP,-3.5,111.1,-1.0,1,3,X,0.0,0.0,0.0,0.0,0.0,0.0,0.0,0.0,35,0.04989134446533048,20,0,20,0,0,0,0,0,0,0,0,1
1bgg,A,249,TRP,-0.9,227.8,0.0,1,0,X,0.0,0.0,0.0,0.0,0.0,0.0,0.0,0.0,42,0.05455408693872585,17,10,7,0,0,0,0,0,0,0,0,1
1bgg,A,250,PHE,2.8,189.9,0.0,0,0,X,0.0,0.0,0.0,0.0,0.0,0.0,0.0,0.0,43,0.05408781269138631,23,13,10,0,0,0,0,0,0,0,0,1
1bgg,A,251,LEU,3.8,166.7,0.0,0,0,X,0.0,0.0,0.0,0.0,0.0,0.0,0.0,0.0,38,0.048492521723311866,19,8,11,0,0,0,0,0,0,0,0,1
1bgg,A,252,GLN,-3.5,143.8,0.0,2,2,X,0.0,0.0,0.0,0.0,0.0,0.0,0.0,0.0,25,0.050823892960009553,8,8,0,0,0,0,0,0,0,0,0,1
1bgg,A,253,PRO,-1.6,112.7,0.0,0,0,X,0.0,0.0,0.0,0.0,0.0,0.0,0.0,0.0,33,0.05035761871267001,14,19,-5,0,0,0,0,0,0,0,0,1
1bgg,A,254,ILE,4.5,166.7,0.0,0,0,X,0.0,0.0,0.0,0.0,0.0,0.0,0.0,0.0,37,0.04942507021799094,10,18,-8,0,0,0,0,0,0,0,0,1
1bgg,A,255,TYR,-1.3,193.6,0.0,1,1,X,0.0,0.0,0.0,0.0,0.0,0.0,0.0,0.0,29,0.03963331102386066,11,15,-4,0,0,0,0,0,0,0,0,1
1bgg,A,256,GLN,-3.5,143.8,0.0,2,2,X,0.0,0.0,0.0,0.0,0.0,0.0,0.0,0.0,17,0.030774100324409453,9,6,3,0,0,0,0,0,0,0,0,1
1bgg,A,257,GLY,-0.4,60.1,0.0,0,0,X,0.0,0.0,0.0,0.0,0.0,0.0,0.0,0.0,25,0.03590311704514436,1,15,-14,0,0,0,0,0,0,0,0,1
1bgg,A,258,SER,-0.8,89.0,0.0,1,1,X,0.0,0.0,0.0,0.0,0.0,0.0,0.0,0.0,25,0.035436842797804825,2,8,-6,0,0,0,0,0,0,0,0,1
1bgg,A,259,TYR,-1.3,193.6,0.0,1,1,X,0.0,0.0,0.0,0.0,0.0,0.0,0.0,0.0,35,0.04616115048661418,11,9,2,0,0,0,0,0,0,0,0,1
1bgg,A,260,PRO,-1.6,112.7,0.0,0,0,X,0.0,0.0,0.0,0.0,0.0,0.0,0.0,0.0,32,0.04476232774459557,8,15,-7,0,0,0,0,0,0,0,0,1
1bgg,A,261,GLN,-3.5,143.8,0.0,2,2,X,0.0,0.0,0.0,0.0,0.0,0.0,0.0,0.0,14,0.030307826077069916,0,8,-8,0,0,0,0,0,0,0,0,1
1bgg,A,262,PHE,2.8,189.9,0.0,0,0,X,0.0,0.0,0.0,0.0,0.0,0.0,0.0,0.0,26,0.029375277582390842,14,16,-2,0,0,0,0,0,0,0,0,1
1bgg,A,263,LEU,3.8,166.7,0.0,0,0,X,0.0,0.0,0.0,0.0,0.0,0.0,0.0,0.0,32,0.04942507021799094,12,18,-6,0,0,0,0,0,0,0,0,1
1bgg,A,264,VAL,4.2,140.0,0.0,0,0,X,0.0,0.0,0.0,0.0,0.0,0.0,0.0,0.0,22,0.04476232774459557,0,16,-16,0,0,0,0,0,0,0,0,1
1bgg,A,265,ASP,-3.5,111.1,-1.0,1,3,X,0.0,0.0,0.0,0.0,0.0,0.0,0.0,0.0,17,0.03357174580844668,2,9,-7,0,0,0,0,0,0,0,0,1
1bgg,A,266,TRP,-0.9,227.8,0.0,1,0,X,0.0,0.0,0.0,0.0,0.0,0.0,0.0,0.0,27,0.04243095650789788,11,17,-6,0,0,0,0,0,0,0,0,1
1bgg,A,267,PHE,2.8,189.9,0.0,0,0,X,0.0,0.0,0.0,0.0,0.0,0.0,0.0,0.0,28,0.045694876239274644,6,18,-12,0,0,0,0,0,0,0,0,1
1bgg,A,268,ALA,1.8,88.6,0.0,0,0,X,0.0,0.0,0.0,0.0,0.0,0.0,0.0,0.0,16,0.03403802005578621,0,17,-17,0,0,0,0,0,0,0,0,1
1bgg,A,269,GLU,-3.5,138.4,-1.0,1,3,X,0.0,0.0,0.0,0.0,0.0,0.0,0.0,0.0,15,0.027510180593032695,0,8,-8,0,0,0,0,0,0,0,0,1
1bgg,A,270,GLN,-3.5,143.8,0.0,2,2,X,0.0,0.0,0.0,0.0,0.0,0.0,0.0,0.0,21,0.027043906345693154,1,14,-13,0,0,0,0,0,0,0,0,1
1bgg,A,271,GLY,-0.4,60.1,0.0,0,0,X,0.0,0.0,0.0,0.0,0.0,0.0,0.0,0.0,16,0.022847438119637322,0,12,-12,0,0,0,0,0,0,0,0,1
1bgg,A,272,ALA,1.8,88.6,0.0,0,0,X,0.0,0.0,0.0,0.0,0.0,0.0,0.0,0.0,23,0.034970568550465285,0,18,-18,0,0,0,0,0,0,0,0,1
1bgg,A,273,THR,-0.7,116.1,0.0,1,1,X,0.0,0.0,0.0,0.0,0.0,0.0,0.0,0.0,22,0.032639197313767604,4,13,-9,0,0,0,0,0,0,0,0,1
1bgg,A,274,VAL,4.2,140.0,0.0,0,0,X,0.0,0.0,0.0,0.0,0.0,0.0,0.0,0.0,33,0.03870076252918159,18,12,6,0,0,0,0,0,0,0,0,1
1bgg,A,275,PRO,-1.6,112.7,0.0,0,0,X,0.0,0.0,0.0,0.0,0.0,0.0,0.0,0.0,27,0.0363693912924839,29,16,13,0,0,0,0,0,0,0,0,1
1bgg,A,276,ILE,4.5,166.7,0.0,0,0,X,0.0,0.0,0.0,0.0,0.0,0.0,0.0,0.0,24,0.034970568550465285,22,20,2,0,0,0,0,0,0,0,0,1
1bgg,A,277,GLN,-3.5,143.8,0.0,2,2,X,0.0,0.0,0.0,0.0,0.0,0.0,0.0,0.0,15,0.027510180593032695,23,17,6,0,0,0,0,0,0,0,0,1
1bgg,A,278,ASP,-3.5,111.1,-1.0,1,3,X,0.0,0.0,0.0,0.0,0.0,0.0,0.0,0.0,10,0.02098234113027917,6,14,-8,0,0,0,0,0,0,0,0,1
1bgg,A,279,GLY,-0.4,60.1,0.0,0,0,X,0.0,0.0,0.0,0.0,0.0,0.0,0.0,0.0,16,0.02471253510899547,12,24,-12,0,0,0,0,0,0,0,0,1
1bgg,A,280,ASP,-3.5,111.1,-1.0,1,3,X,0.0,0.0,0.0,0.0,0.0,0.0,0.0,0.0,24,0.040565859518539735,28,16,12,0,0,0,0,0,0,0,0,1
1bgg,A,281,MET,1.9,162.9,0.0,0,0,X,0.0,0.0,0.0,0.0,0.0,0.0,0.0,0.0,27,0.03916703677652112,11,25,-14,0,0,0,0,0,0,0,0,1
1bgg,A,282,ASP,-3.5,111.1,-1.0,1,3,X,0.0,0.0,0.0,0.0,0.0,0.0,0.0,0.0,21,0.02797645484037223,7,22,-15,0,0,0,0,0,0,0,0,1
1bgg,A,283,ILE,4.5,166.7,0.0,0,0,X,0.0,0.0,0.0,0.0,0.0,0.0,0.0,0.0,30,0.03870076252918159,29,29,0,0,0,0,0,0,0,0,0,1
1bgg,A,284,ILE,4.5,166.7,0.0,0,0,X,0.0,0.0,0.0,0.0,0.0,0.0,0.0,0.0,37,0.05129016720734909,31,25,6,0,0,0,0,0,0,0,0,1
1bgg,A,285,GLY,-0.4,60.1,0.0,0,0,X,0.0,0.0,0.0,0.0,0.0,0.0,0.0,0.0,26,0.04243095650789788,19,21,-2,0,0,0,0,0,0,0,0,1
1bgg,A,286,GLU,-3.5,138.4,-1.0,1,3,X,0.0,0.0,0.0,0.0,0.0,0.0,0.0,0.0,28,0.040099585271200194,34,18,16,0,0,0,0,0,0,0,0,1
1bgg,A,287,PRO,-1.6,112.7,0.0,0,0,X,0.0,0.0,0.0,0.0,0.0,0.0,0.0,0.0,22,0.029375277582390842,25,19,6,0,0,0,0,0,0,0,0,1
1bgg,A,288,ILE,4.5,166.7,0.0,0,0,X,0.0,0.0,0.0,0.0,0.0,0.0,0.0,0.0,31,0.04103213376587927,16,24,-8,0,0,0,0,0,0,0,0,1
1bgg,A,289,ASP,-3.5,111.1,-1.0,1,3,X,0.0,0.0,0.0,0.0,0.0,0.0,0.0,0.0,28,0.03403802005578621,18,11,7,0,0,0,0,0,0,0,0,1
1bgg,A,290,MET,1.9,162.9,0.0,0,0,X,0.0,0.0,0.0,0.0,0.0,0.0,0.0,0.0,34,0.04709369898129325,27,16,11,0,0,0,0,0,0,0,0,1
1bgg,A,291,ILE,4.5,166.7,0.0,0,0,X,0.0,0.0,0.0,0.0,0.0,0.0,0.0,0.0,39,0.05175644145468863,9,13,-4,0,0,0,0,0,0,0,0,1
1bgg,A,292,GLY,-0.4,60.1,0.0,0,0,X,0.0,0.0,0.0,0.0,0.0,0.0,0.0,0.0,43,0.053155264196707235,9,23,-14,0,0,0,0,0,0,0,0,1
1bgg,A,293,ILE,4.5,166.7,0.0,0,0,X,0.0,0.0,0.0,0.0,0.0,0.0,0.0,0.0,40,0.04662742473395372,8,17,-9,0,0,0,0,0,0,0,0,1
1bgg,A,294,ASN,-3.5,114.1,0.0,2,2,X,0.0,0.0,0.0,0.0,0.0,0.0,0.0,0.0,42,0.0526889899493677,15,18,-3,0,0,0,0,0,0,0,0,1
1bgg,A,295,TYR,-1.3,193.6,0.0,1,1,X,0.0,0.0,0.0,0.0,0.0,0.0,0.0,0.0,40,0.050823892960009553,17,18,-1,0,0,0,0,0,0,0,0,1
1bgg,A,296,TYR,-1.3,193.6,0.0,1,1,X,0.0,0.0,0.0,0.0,0.0,0.0,0.0,0.0,36,0.04243095650789788,8,18,-10,0,0,0,0,0,0,0,0,1
1bgg,A,297,SER,-0.8,89.0,0.0,1,1,X,0.0,0.0,0.0,0.0,0.0,0.0,0.0,0.0,35,0.048492521723311866,14,14,0,0,0,0,0,0,0,0,0,1
1bgg,A,298,MET,1.9,162.9,0.0,0,0,X,0.0,0.0,0.0,0.0,0.0,0.0,0.0,0.0,32,0.04662742473395372,14,23,-9,0,0,0,0,0,0,0,0,1
1bgg,A,299,SER,-0.8,89.0,0.0,1,1,X,0.0,0.0,0.0,0.0,0.0,0.0,0.0,0.0,31,0.04196468226055834,8,22,-14,0,0,0,0,0,0,0,0,1
1bgg,A,300,VAL,4.2,140.0,0.0,0,0,X,0.0,0.0,0.0,0.0,0.0,0.0,0.0,0.0,27,0.043829779249916496,13,29,-16,0,0,0,0,0,0,0,0,1
1bgg,A,301,ASN,-3.5,114.1,0.0,2,2,X,0.0,0.0,0.0,0.0,0.0,0.0,0.0,0.0,32,0.05455408693872585,22,28,-6,0,0,0,0,0,0,0,0,1
1bgg,A,302,ARG,-4.5,173.4,1.0,5,0,X,0.0,0.0,0.0,0.0,0.0,0.0,0.0,0.0,25,0.05595290968074446,2,32,-30,0,0,0,0,0,0,0,0,1
1bgg,A,303,PHE,2.8,189.9,0.0,0,0,X,0.0,0.0,0.0,0.0,0.0,0.0,0.0,0.0,25,0.04989134446533048,22,38,-16,0,0,0,0,0,0,0,0,1
1bgg,A,304,ASN,-3.5,114.1,0.0,2,2,X,0.0,0.0,0.0,0.0,0.0,0.0,0.0,0.0,19,0.03870076252918159,15,35,-20,0,0,0,0,0,0,0,0,1
1bgg,A,305,PRO,-1.6,112.7,0.0,0,0,X,0.0,0.0,0.0,0.0,0.0,0.0,0.0,0.0,16,0.02797645484037223,9,19,-10,0,0,0,0,0,0,0,0,1
1bgg,A,306,GLU,-3.5,138.4,-1.0,1,3,X,0.0,0.0,0.0,0.0,0.0,0.0,0.0,0.0,10,0.022847438119637322,0,7,-7,0,0,0,0,0,0,0,0,1
1bgg,A,307,ALA,1.8,88.6,0.0,0,0,X,0.0,0.0,0.0,0.0,0.0,0.0,0.0,0.0,19,0.03403802005578621,11,23,-12,0,0,0,0,0,0,0,0,1
1bgg,A,308,GLY,-0.4,60.1,0.0,0,0,X,0.0,0.0,0.0,0.0,0.0,0.0,0.0,0.0,20,0.026577632098353617,6,15,-9,0,0,0,0,0,0,0,0,1
1bgg,A,309,PHE,2.8,189.9,0.0,0,0,X,0.0,0.0,0.0,0.0,0.0,0.0,0.0,0.0,27,0.032172923066428064,9,2,7,0,0,0,0,0,0,0,0,1
1bgg,A,310,LEU,3.8,166.7,0.0,0,0,X,0.0,0.0,0.0,0.0,0.0,0.0,0.0,0.0,33,0.04149840801321881,16,8,8,0,0,0,0,0,0,0,0,1
1bgg,A,311,GLN,-3.5,143.8,0.0,2,2,X,0.0,0.0,0.0,0.0,0.0,0.0,0.0,0.0,20,0.045694876239274644,15,22,-7,0,0,0,0,0,0,0,0,1
1bgg,A,312,SER,-0.8,89.0,0.0,1,1,X,0.0,0.0,0.0,0.0,0.0,0.0,0.0,0.0,31,0.05408781269138631,22,32,-10,0,0,0,0,0,0,0,0,1
1bgg,A,313,GLU,-3.5,138.4,-1.0,1,3,X,0.0,0.0,0.0,0.0,0.0,0.0,0.0,0.0,26,0.03823448828184205,12,22,-10,0,0,0,0,0,0,0,0,1
1bgg,A,314,GLU,-3.5,138.4,-1.0,1,3,X,0.0,0.0,0.0,0.0,0.0,0.0,0.0,0.0,25,0.03310547156110714,10,9,1,0,0,0,0,0,0,0,0,1
1bgg,A,315,ILE,4.5,166.7,0.0,0,0,X,0.0,0.0,0.0,0.0,0.0,0.0,0.0,0.0,22,0.03730193978716297,11,21,-10,0,0,0,0,0,0,0,0,1
1bgg,A,316,ASN,-3.5,114.1,0.0,2,2,X,0.0,0.0,0.0,0.0,0.0,0.0,0.0,0.0,16,0.025178809356335007,2,14,-12,0,0,0,0,0,0,0,0,1
1bgg,A,317,MET,1.9,162.9,0.0,0,0,X,0.0,0.0,0.0,0.0,0.0,0.0,0.0,0.0,18,0.023779986614316396,1,12,-11,0,0,0,0,0,0,0,0,1
1bgg,A,318,GLY,-0.4,60.1,0.0,0,0,X,0.0,0.0,0.0,0.0,0.0,0.0,0.0,0.0,12,0.018650969893581486,0,1,-1,0,0,0,0,0,0,0,0,1
1bgg,A,319,LEU,3.8,166.7,0.0,0,0,X,0.0,0.0,0.0,0.0,0.0,0.0,0.0,0.0,18,0.02471253510899547,0,10,-10,0,0,0,0,0,0,0,0,1
1bgg,A,320,PRO,-1.6,112.7,0.0,0,0,X,0.0,0.0,0.0,0.0,0.0,0.0,0.0,0.0,17,0.021914889624958248,5,8,-3,0,0,0,0,0,0,0,0,1
1bgg,A,321,VAL,4.2,140.0,0.0,0,0,X,0.0,0.0,0.0,0.0,0.0,0.0,0.0,0.0,19,0.03403802005578621,7,10,-3,0,0,0,0,0,0,0,0,1
1bgg,A,322,THR,-0.7,116.1,0.0,1,1,X,0.0,0.0,0.0,0.0,0.0,0.0,0.0,0.0,23,0.04196468226055834,18,9,9,0,0,0,0,0,0,0,0,1
1bgg,A,323,ASP,-3.5,111.1,-1.0,1,3,X,0.0,0.0,0.0,0.0,0.0,0.0,0.0,0.0,20,0.0363693912924839,21,10,11,0,0,0,0,0,0,0,0,1
1bgg,A,324,ILE,4.5,166.7,0.0,0,0,X,0.0,0.0,0.0,0.0,0.0,0.0,0.0,0.0,22,0.03730193978716297,6,25,-19,0,0,0,0,0,0,0,0,1
1bgg,A,325,GLY,-0.4,60.1,0.0,0,0,X,0.0,0.0,0.0,0.0,0.0,0.0,0.0,0.0,22,0.027510180593032695,1,15,-14,0,0,0,0,0,0,0,0,1
1bgg,A,326,TRP,-0.9,227.8,0.0,1,0,X,0.0,0.0,0.0,0.0,0.0,0.0,0.0,0.0,24,0.034970568550465285,0,17,-17,0,0,0,0,0,0,0,0,1
1bgg,A,327,PRO,-1.6,112.7,0.0,0,0,X,0.0,0.0,0.0,0.0,0.0,0.0,0.0,0.0,28,0.03870076252918159,3,17,-14,0,0,0,0,0,0,0,0,1
1bgg,A,328,VAL,4.2,140.0,0.0,0,0,X,0.0,0.0,0.0,0.0,0.0,0.0,0.0,0.0,29,0.045694876239274644,18,10,8,0,0,0,0,0,0,0,0,1
1bgg,A,329,GLU,-3.5,138.4,-1.0,1,3,X,0.0,0.0,0.0,0.0,0.0,0.0,0.0,0.0,26,0.040099585271200194,19,6,13,0,0,0,0,0,0,0,0,1
1bgg,A,330,SER,-0.8,89.0,0.0,1,1,X,0.0,0.0,0.0,0.0,0.0,0.0,0.0,0.0,29,0.048492521723311866,28,16,12,0,0,0,0,0,0,0,0,1
1bgg,A,331,ARG,-4.5,173.4,1.0,5,0,X,0.0,0.0,0.0,0.0,0.0,0.0,0.0,0.0,21,0.04149840801321881,8,18,-10,0,0,0,0,0,0,0,0,1
1bgg,A,332,GLY,-0.4,60.1,0.0,0,0,X,0.0,0.0,0.0,0.0,0.0,0.0,0.0,0.0,33,0.05175644145468863,32,18,14,0,0,0,0,0,0,0,0,1
1bgg,A,333,LEU,3.8,166.7,0.0,0,0,X,0.0,0.0,0.0,0.0,0.0,0.0,0.0,0.0,38,0.053155264196707235,35,17,18,0,0,0,0,0,0,0,0,1
1bgg,A,334,TYR,-1.3,193.6,0.0,1,1,X,0.0,0.0,0.0,0.0,0.0,0.0,0.0,0.0,28,0.05222271570202816,40,18,22,0,0,0,0,0,0,0,0,1
1bgg,A,335,GLU,-3.5,138.4,-1.0,1,3,X,0.0,0.0,0.0,0.0,0.0,0.0,0.0,0.0,25,0.04429605349725603,27,6,21,0,0,0,0,0,0,0,0,1
1bgg,A,336,VAL,4.2,140.0,0.0,0,0,X,0.0,0.0,0.0,0.0,0.0,0.0,0.0,0.0,37,0.04942507021799094,19,12,7,0,0,0,0,0,0,0,0,1
1bgg,A,337,LEU,3.8,166.7,0.0,0,0,X,0.0,0.0,0.0,0.0,0.0,0.0,0.0,0.0,42,0.045694876239274644,27,14,13,0,0,0,0,0,0,0,0,1
1bgg,A,338,HIS,-3.2,153.2,0.1,2,1,X,0.0,0.0,0.0,0.0,0.0,0.0,0.0,0.0,25,0.04103213376587927,18,17,1,0,0,0,0,0,0,0,0,1
1bgg,A,339,TYR,-1.3,193.6,0.0,1,1,X,0.0,0.0,0.0,0.0,0.0,0.0,0.0,0.0,26,0.03823448828184205,17,15,2,0,0,0,0,0,0,0,0,1
1bgg,A,340,LEU,3.8,166.7,0.0,0,0,X,0.0,0.0,0.0,0.0,0.0,0.0,0.0,0.0,33,0.04476232774459557,17,15,2,0,0,0,0,0,0,0,0,1
1bgg,A,341,GLN,-3.5,143.8,0.0,2,2,X,0.0,0.0,0.0,0.0,0.0,0.0,0.0,0.0,24,0.03870076252918159,27,9,18,0,0,0,0,0,0,0,0,1
1bgg,A,342,LYS,-3.9,168.6,1.0,2,0,X,0.0,0.0,0.0,0.0,0.0,0.0,0.0,0.0,20,0.028909003335051305,5,9,-4,0,0,0,0,0,0,0,0,1
1bgg,A,343,TYR,-1.3,193.6,0.0,1,1,X,0.0,0.0,0.0,0.0,0.0,0.0,0.0,0.0,26,0.035436842797804825,11,8,3,0,0,0,0,0,0,0,0,1
1bgg,A,344,GLY,-0.4,60.1,0.0,0,0,X,0.0,0.0,0.0,0.0,0.0,0.0,0.0,0.0,19,0.025178809356335007,22,7,15,0,0,0,0,0,0,0,0,1
1bgg,A,345,ASN,-3.5,114.1,0.0,2,2,X,0.0,0.0,0.0,0.0,0.0,0.0,0.0,0.0,19,0.032172923066428064,25,11,14,0,0,0,0,0,0,0,0,1
1bgg,A,346,ILE,4.5,166.7,0.0,0,0,X,0.0,0.0,0.0,0.0,0.0,0.0,0.0,0.0,26,0.04103213376587927,23,13,10,0,0,0,0,0,0,0,0,1
1bgg,A,347,ASP,-3.5,111.1,-1.0,1,3,X,0.0,0.0,0.0,0.0,0.0,0.0,0.0,0.0,27,0.045228601991935104,20,8,12,0,0,0,0,0,0,0,0,1
1bgg,A,348,ILE,4.5,166.7,0.0,0,0,X,0.0,0.0,0.0,0.0,0.0,0.0,0.0,0.0,41,0.05129016720734909,20,10,10,0,0,0,0,0,0,0,0,1
1bgg,A,349,TYR,-1.3,193.6,0.0,1,1,X,0.0,0.0,0.0,0.0,0.0,0.0,0.0,0.0,38,0.050823892960009553,28,15,13,0,0,0,0,0,0,0,0,1
1bgg,A,350,ILE,4.5,166.7,0.0,0,0,X,0.0,0.0,0.0,0.0,0.0,0.0,0.0,0.0,45,0.05222271570202816,21,11,10,0,0,0,0,0,0,0,0,1
1bgg,A,351,THR,-0.7,116.1,0.0,1,1,X,0.0,0.0,0.0,0.0,0.0,0.0,0.0,0.0,44,0.05408781269138631,15,15,0,0,0,0,0,0,0,0,0,1
1bgg,A,352,GLU,-3.5,138.4,-1.0,1,3,X,0.0,0.0,0.0,0.0,0.0,0.0,0.0,0.0,41,0.05735173242276307,16,9,7,0,0,0,0,0,0,0,0,1
1bgg,A,353,ASN,-3.5,114.1,0.0,2,2,X,0.0,0.0,0.0,0.0,0.0,0.0,0.0,0.0,38,0.05548663543340492,16,10,6,0,0,0,0,0,0,0,0,1
1bgg,A,354,GLY,-0.4,60.1,0.0,0,0,X,0.0,0.0,0.0,0.0,0.0,0.0,0.0,0.0,38,0.05455408693872585,24,13,11,0,0,0,0,0,0,0,0,1
1bgg,A,355,ALA,1.8,88.6,0.0,0,0,X,0.0,0.0,0.0,0.0,0.0,0.0,0.0,0.0,40,0.05175644145468863,37,23,14,0,0,0,0,0,0,0,0,1
1bgg,A,356,CYS,2.5,108.5,0.0,1,0,X,0.0,0.0,0.0,0.0,0.0,0.0,0.0,0.0,29,0.0526889899493677,33,34,-1,0,0,0,0,0,0,0,0,1
1bgg,A,357,ILE,4.5,166.7,0.0,0,0,X,0.0,0.0,0.0,0.0,0.0,0.0,0.0,0.0,34,0.05175644145468863,37,38,-1,0,0,0,0,0,0,0,0,1
1bgg,A,358,ASN,-3.5,114.1,0.0,2,2,X,0.0,0.0,0.0,0.0,0.0,0.0,0.0,0.0,24,0.04149840801321881,33,35,-2,0,0,0,0,0,0,0,0,1
1bgg,A,359,ASP,-3.5,111.1,-1.0,1,3,X,0.0,0.0,0.0,0.0,0.0,0.0,0.0,0.0,25,0.03870076252918159,51,38,13,0,0,0,0,0,0,0,0,1
1bgg,A,360,GLU,-3.5,138.4,-1.0,1,3,X,0.0,0.0,0.0,0.0,0.0,0.0,0.0,0.0,25,0.03310547156110714,40,25,15,0,0,0,0,0,0,0,0,1
1bgg,A,361,VAL,4.2,140.0,0.0,0,0,X,0.0,0.0,0.0,0.0,0.0,0.0,0.0,0.0,23,0.032172923066428064,38,28,10,0,0,0,0,0,0,0,0,1
1bgg,A,362,VAL,4.2,140.0,0.0,0,0,X,0.0,0.0,0.0,0.0,0.0,0.0,0.0,0.0,12,0.025178809356335007,14,21,-7,0,0,0,0,0,0,0,0,1
1bgg,A,363,ASN,-3.5,114.1,0.0,2,2,X,0.0,0.0,0.0,0.0,0.0,0.0,0.0,0.0,11,0.017718421398902413,12,12,0,0,0,0,0,0,0,0,0,1
1bgg,A,364,GLY,-0.4,60.1,0.0,0,0,X,0.0,0.0,0.0,0.0,0.0,0.0,0.0,0.0,18,0.02144861537761871,30,15,15,0,0,0,0,0,0,0,0,1
1bgg,A,365,LYS,-3.9,168.6,1.0,2,0,X,0.0,0.0,0.0,0.0,0.0,0.0,0.0,0.0,20,0.040099585271200194,16,30,-14,0,0,0,0,0,0,0,0,1
1bgg,A,366,VAL,4.2,140.0,0.0,0,0,X,0.0,0.0,0.0,0.0,0.0,0.0,0.0,0.0,31,0.05035761871267001,48,44,4,0,0,0,0,0,0,0,0,1
1bgg,A,367,GLN,-3.5,143.8,0.0,2,2,X,0.0,0.0,0.0,0.0,0.0,0.0,0.0,0.0,21,0.03776821403450251,36,37,-1,0,0,0,0,0,0,0,0,1
1bgg,A,368,ASP,-3.5,111.1,-1.0,1,3,X,0.0,0.0,0.0,0.0,0.0,0.0,0.0,0.0,34,0.048026247475972325,45,32,13,0,0,0,0,0,0,0,0,1
1bgg,A,369,ASP,-3.5,111.1,-1.0,1,3,X,0.0,0.0,0.0,0.0,0.0,0.0,0.0,0.0,18,0.035436842797804825,27,23,4,0,0,0,0,0,0,0,0,1
1bgg,A,370,ARG,-4.5,173.4,1.0,5,0,X,0.0,0.0,0.0,0.0,0.0,0.0,0.0,0.0,23,0.035436842797804825,12,31,-19,0,0,0,0,0,0,0,0,1
1bgg,A,371,ARG,-4.5,173.4,1.0,5,0,X,0.0,0.0,0.0,0.0,0.0,0.0,0.0,0.0,39,0.048026247475972325,28,37,-9,0,0,0,0,0,0,0,0,1
1bgg,A,372,ILE,4.5,166.7,0.0,0,0,X,0.0,0.0,0.0,0.0,0.0,0.0,0.0,0.0,30,0.045228601991935104,25,26,-1,0,0,0,0,0,0,0,0,1
1bgg,A,373,SER,-0.8,89.0,0.0,1,1,X,0.0,0.0,0.0,0.0,0.0,0.0,0.0,0.0,24,0.035436842797804825,27,15,12,0,0,0,0,0,0,0,0,1
1bgg,A,374,TYR,-1.3,193.6,0.0,1,1,X,0.0,0.0,0.0,0.0,0.0,0.0,0.0,0.0,38,0.04662742473395372,27,10,17,0,0,0,0,0,0,0,0,1
1bgg,A,375,MET,1.9,162.9,0.0,0,0,X,0.0,0.0,0.0,0.0,0.0,0.0,0.0,0.0,39,0.05175644145468863,26,11,15,0,0,0,0,0,0,0,0,1
1bgg,A,376,GLN,-3.5,143.8,0.0,2,2,X,0.0,0.0,0.0,0.0,0.0,0.0,0.0,0.0,27,0.045228601991935104,26,8,18,0,0,0,0,0,0,0,0,1
1bgg,A,377,GLN,-3.5,143.8,0.0,2,2,X,0.0,0.0,0.0,0.0,0.0,0.0,0.0,0.0,28,0.04289723075523742,22,7,15,0,0,0,0,0,0,0,0,1
1bgg,A,378,HIS,-3.2,153.2,0.1,2,1,X,0.0,0.0,0.0,0.0,0.0,0.0,0.0,0.0,35,0.05035761871267001,10,8,2,0,0,0,0,0,0,0,0,1
1bgg,A,379,LEU,3.8,166.7,0.0,0,0,X,0.0,0.0,0.0,0.0,0.0,0.0,0.0,0.0,38,0.04755997322863279,25,4,21,0,0,0,0,0,0,0,0,1
1bgg,A,380,VAL,4.2,140.0,0.0,0,0,X,0.0,0.0,0.0,0.0,0.0,0.0,0.0,0.0,30,0.04476232774459557,36,4,32,0,0,0,0,0,0,0,0,1
1bgg,A,381,GLN,-3.5,143.8,0.0,2,2,X,0.0,0.0,0.0,0.0,0.0,0.0,0.0,0.0,33,0.04989134446533048,43,13,30,0,0,0,0,0,0,0,0,1
1bgg,A,382,VAL,4.2,140.0,0.0,0,0,X,0.0,0.0,0.0,0.0,0.0,0.0,0.0,0.0,39,0.05035761871267001,38,4,34,0,0,0,0,0,0,0,0,1
1bgg,A,383,HIS,-3.2,153.2,0.1,2,1,X,0.0,0.0,0.0,0.0,0.0,0.0,0.0,0.0,27,0.048958795970651406,21,7,14,0,0,0,0,0,0,0,0,1
1bgg,A,384,ARG,-4.5,173.4,1.0,5,0,X,0.0,0.0,0.0,0.0,0.0,0.0,0.0,0.0,23,0.045694876239274644,37,14,23,0,0,0,0,0,0,0,0,1
1bgg,A,385,THR,-0.7,116.1,0.0,1,1,X,0.0,0.0,0.0,0.0,0.0,0.0,0.0,0.0,30,0.050823892960009553,52,12,40,0,0,0,0,0,0,0,0,1
1bgg,A,386,ILE,4.5,166.7,0.0,0,0,X,0.0,0.0,0.0,0.0,0.0,0.0,0.0,0.0,27,0.04289723075523742,49,8,41,0,0,0,0,0,0,0,0,1
1bgg,A,387,HIS,-3.2,153.2,0.1,2,1,X,0.0,0.0,0.0,0.0,0.0,0.0,0.0,0.0,15,0.02984155182973038,22,8,14,0,0,0,0,0,0,0,0,1
1bgg,A,388,ASP,-3.5,111.1,-1.0,1,3,X,0.0,0.0,0.0,0.0,0.0,0.0,0.0,0.0,17,0.029375277582390842,42,0,42,0,0,0,0,0,0,0,0,1
1bgg,A,389,GLY,-0.4,60.1,0.0,0,0,X,0.0,0.0,0.0,0.0,0.0,0.0,0.0,0.0,18,0.02797645484037223,37,8,29,0,0,0,0,0,0,0,0,1
1bgg,A,390,LEU,3.8,166.7,0.0,0,0,X,0.0,0.0,0.0,0.0,0.0,0.0,0.0,0.0,26,0.04429605349725603,43,15,28,0,0,0,0,0,0,0,0,1
1bgg,A,391,HIS,-3.2,153.2,0.1,2,1,X,0.0,0.0,0.0,0.0,0.0,0.0,0.0,0.0,21,0.03916703677652112,10,14,-4,0,0,0,0,0,0,0,0,1
1bgg,A,392,VAL,4.2,140.0,0.0,0,0,X,0.0,0.0,0.0,0.0,0.0,0.0,0.0,0.0,36,0.048958795970651406,32,14,18,0,0,0,0,0,0,0,0,1
1bgg,A,393,LYS,-3.9,168.6,1.0,2,0,X,0.0,0.0,0.0,0.0,0.0,0.0,0.0,0.0,30,0.043363505002576956,17,17,0,0,0,0,0,0,0,0,0,1
1bgg,A,394,GLY,-0.4,60.1,0.0,0,0,X,0.0,0.0,0.0,0.0,0.0,0.0,0.0,0.0,40,0.050823892960009553,23,12,11,0,0,0,0,0,0,0,0,1
1bgg,A,395,TYR,-1.3,193.6,0.0,1,1,X,0.0,0.0,0.0,0.0,0.0,0.0,0.0,0.0,43,0.05408781269138631,13,6,7,0,0,0,0,0,0,0,0,1
1bgg,A,396,MET,1.9,162.9,0.0,0,0,X,0.0,0.0,0.0,0.0,0.0,0.0,0.0,0.0,44,0.05455408693872585,17,10,7,0,0,0,0,0,0,0,0,1
1bgg,A,397,ALA,1.8,88.6,0.0,0,0,X,0.0,0.0,0.0,0.0,0.0,0.0,0.0,0.0,41,0.05035761871267001,16,9,7,0,0,0,0,0,0,0,0,1
1bgg,A,398,TRP,-0.9,227.8,0.0,1,0,X,0.0,0.0,0.0,0.0,0.0,0.0,0.0,0.0,43,0.05502036118606539,23,25,-2,0,0,0,0,0,0,0,0,1
1bgg,A,399,SER,-0.8,89.0,0.0,1,1,X,0.0,0.0,0.0,0.0,0.0,0.0,0.0,0.0,42,0.05035761871267001,25,21,4,0,0,0,0,0,0,0,0,1
1bgg,A,400,LEU,3.8,166.7,0.0,0,0,X,0.0,0.0,0.0,0.0,0.0,0.0,0.0,0.0,43,0.048026247475972325,27,18,9,0,0,0,0,0,0,0,0,1
1bgg,A,401,LEU,3.8,166.7,0.0,0,0,X,0.0,0.0,0.0,0.0,0.0,0.0,0.0,0.0,45,0.04942507021799094,35,22,13,0,0,0,0,0,0,0,0,1
1bgg,A,402,ASP,-3.5,111.1,-1.0,1,3,X,0.0,0.0,0.0,0.0,0.0,0.0,0.0,0.0,42,0.05455408693872585,43,20,23,0,0,0,0,0,0,0,0,1
1bgg,A,403,ASN,-3.5,114.1,0.0,2,2,X,0.0,0.0,0.0,0.0,0.0,0.0,0.0,0.0,40,0.05735173242276307,17,26,-9,0,0,0,0,0,0,0,0,1
1bgg,A,404,PHE,2.8,189.9,0.0,0,0,X,0.0,0.0,0.0,0.0,0.0,0.0,0.0,0.0,36,0.05735173242276307,3,33,-30,0,0,0,0,0,0,0,0,1
1bgg,A,405,GLU,-3.5,138.4,-1.0,1,3,X,0.0,0.0,0.0,0.0,0.0,0.0,0.0,0.0,36,0.050823892960009553,13,20,-7,0,0,0,0,0,0,0,0,1
1bgg,A,406,TRP,-0.9,227.8,0.0,1,0,X,0.0,0.0,0.0,0.0,0.0,0.0,0.0,0.0,40,0.04662742473395372,20,29,-9,0,0,0,0,0,0,0,0,1
1bgg,A,407,ALA,1.8,88.6,0.0,0,0,X,0.0,0.0,0.0,0.0,0.0,0.0,0.0,0.0,30,0.043829779249916496,17,26,-9,0,0,0,0,0,0,0,0,1
1bgg,A,408,GLU,-3.5,138.4,-1.0,1,3,X,0.0,0.0,0.0,0.0,0.0,0.0,0.0,0.0,27,0.04243095650789788,10,19,-9,0,0,0,0,0,0,0,0,1
1bgg,A,409,GLY,-0.4,60.1,0.0,0,0,X,0.0,0.0,0.0,0.0,0.0,0.0,0.0,0.0,30,0.0526889899493677,11,30,-19,0,0,0,0,0,0,0,0,1
1bgg,A,410,TYR,-1.3,193.6,0.0,1,1,X,0.0,0.0,0.0,0.0,0.0,0.0,0.0,0.0,34,0.045694876239274644,11,35,-24,0,0,0,0,0,0,0,0,1
1bgg,A,411,ASN,-3.5,114.1,0.0,2,2,X,0.0,0.0,0.0,0.0,0.0,0.0,0.0,0.0,24,0.034970568550465285,14,35,-21,0,0,0,0,0,0,0,0,1
1bgg,A,412,MET,1.9,162.9,0.0,0,0,X,0.0,0.0,0.0,0.0,0.0,0.0,0.0,0.0,30,0.048492521723311866,13,35,-22,0,0,0,0,0,0,0,0,1
1bgg,A,413,ARG,-4.5,173.4,1.0,5,0,X,0.0,0.0,0.0,0.0,0.0,0.0,0.0,0.0,35,0.05222271570202816,20,47,-27,0,0,0,0,0,0,0,0,1
1bgg,A,414,PHE,2.8,189.9,0.0,0,0,X,0.0,0.0,0.0,0.0,0.0,0.0,0.0,0.0,38,0.05408781269138631,20,32,-12,0,0,0,0,0,0,0,0,1
1bgg,A,415,GLY,-0.4,60.1,0.0,0,0,X,0.0,0.0,0.0,0.0,0.0,0.0,0.0,0.0,39,0.053621538444046775,41,27,14,0,0,0,0,0,0,0,0,1
1bgg,A,416,MET,1.9,162.9,0.0,0,0,X,0.0,0.0,0.0,0.0,0.0,0.0,0.0,0.0,42,0.05502036118606539,33,21,12,0,0,0,0,0,0,0,0,1
1bgg,A,417,ILE,4.5,166.7,0.0,0,0,X,0.0,0.0,0.0,0.0,0.0,0.0,0.0,0.0,39,0.05455408693872585,41,30,11,0,0,0,0,0,0,0,0,1
1bgg,A,418,HIS,-3.2,153.2,0.1,2,1,X,0.0,0.0,0.0,0.0,0.0,0.0,0.0,0.0,37,0.05222271570202816,39,35,4,0,0,0,0,0,0,0,0,1
1bgg,A,419,VAL,4.2,140.0,0.0,0,0,X,0.0,0.0,0.0,0.0,0.0,0.0,0.0,0.0,36,0.053621538444046775,46,33,13,0,0,0,0,0,0,0,0,1
1bgg,A,420,ASP,-3.5,111.1,-1.0,1,3,X,0.0,0.0,0.0,0.0,0.0,0.0,0.0,0.0,23,0.04243095650789788,44,17,27,0,0,0,0,0,0,0,0,1
1bgg,A,421,PHE,2.8,189.9,0.0,0,0,X,0.0,0.0,0.0,0.0,0.0,0.0,0.0,0.0,32,0.04149840801321881,43,27,16,0,0,0,0,0,0,0,0,1
1bgg,A,422,ARG,-4.5,173.4,1.0,5,0,X,0.0,0.0,0.0,0.0,0.0,0.0,0.0,0.0,26,0.030774100324409453,27,21,6,0,0,0,0,0,0,0,0,1
1bgg,A,423,THR,-0.7,116.1,0.0,1,1,X,0.0,0.0,0.0,0.0,0.0,0.0,0.0,0.0,20,0.02797645484037223,38,15,23,0,0,0,0,0,0,0,0,1
1bgg,A,424,GLN,-3.5,143.8,0.0,2,2,X,0.0,0.0,0.0,0.0,0.0,0.0,0.0,0.0,27,0.04103213376587927,43,27,16,0,0,0,0,0,0,0,0,1
1bgg,A,425,VAL,4.2,140.0,0.0,0,0,X,0.0,0.0,0.0,0.0,0.0,0.0,0.0,0.0,20,0.035436842797804825,36,15,21,0,0,0,0,0,0,0,0,1
1bgg,A,426,ARG,-4.5,173.4,1.0,5,0,X,0.0,0.0,0.0,0.0,0.0,0.0,0.0,0.0,32,0.03963331102386066,27,42,-15,0,0,0,0,0,0,0,0,1
1bgg,A,427,THR,-0.7,116.1,0.0,1,1,X,0.0,0.0,0.0,0.0,0.0,0.0,0.0,0.0,33,0.03916703677652112,40,33,7,0,0,0,0,0,0,0,0,1
1bgg,A,428,PRO,-1.6,112.7,0.0,0,0,X,0.0,0.0,0.0,0.0,0.0,0.0,0.0,0.0,31,0.04616115048661418,51,20,31,0,0,0,0,0,0,0,0,1
1bgg,A,429,LYS,-3.9,168.6,1.0,2,0,X,0.0,0.0,0.0,0.0,0.0,0.0,0.0,0.0,39,0.05502036118606539,47,41,6,0,0,0,0,0,0,0,0,1
1bgg,A,430,GLU,-3.5,138.4,-1.0,1,3,X,0.0,0.0,0.0,0.0,0.0,0.0,0.0,0.0,29,0.048958795970651406,42,22,20,0,0,0,0,0,0,0,0,1
1bgg,A,431,SER,-0.8,89.0,0.0,1,1,X,0.0,0.0,0.0,0.0,0.0,0.0,0.0,0.0,36,0.05455408693872585,32,25,7,0,0,0,0,0,0,0,0,1
1bgg,A,432,TYR,-1.3,193.6,0.0,1,1,X,0.0,0.0,0.0,0.0,0.0,0.0,0.0,0.0,38,0.053155264196707235,37,22,15,0,0,0,0,0,0,0,0,1
1bgg,A,433,TYR,-1.3,193.6,0.0,1,1,X,0.0,0.0,0.0,0.0,0.0,0.0,0.0,0.0,27,0.04616115048661418,36,23,13,0,0,0,0,0,0,0,0,1
1bgg,A,434,TRP,-0.9,227.8,0.0,1,0,X,0.0,0.0,0.0,0.0,0.0,0.0,0.0,0.0,34,0.03916703677652112,21,23,-2,0,0,0,0,0,0,0,0,1
1bgg,A,435,TYR,-1.3,193.6,0.0,1,1,X,0.0,0.0,0.0,0.0,0.0,0.0,0.0,0.0,40,0.048958795970651406,14,4,10,0,0,0,0,0,0,0,0,1
1bgg,A,436,ARG,-4.5,173.4,1.0,5,0,X,0.0,0.0,0.0,0.0,0.0,0.0,0.0,0.0,29,0.04755997322863279,15,12,3,0,0,0,0,0,0,0,0,1
1bgg,A,437,ASN,-3.5,114.1,0.0,2,2,X,0.0,0.0,0.0,0.0,0.0,0.0,0.0,0.0,26,0.04289723075523742,13,13,0,0,0,0,0,0,0,0,0,1
1bgg,A,438,VAL,4.2,140.0,0.0,0,0,X,0.0,0.0,0.0,0.0,0.0,0.0,0.0,0.0,31,0.0526889899493677,7,5,2,0,0,0,0,0,0,0,0,1
1bgg,A,439,VAL,4.2,140.0,0.0,0,0,X,0.0,0.0,0.0,0.0,0.0,0.0,0.0,0.0,31,0.04709369898129325,16,2,14,0,0,0,0,0,0,0,0,1
1bgg,A,440,SER,-0.8,89.0,0.0,1,1,X,0.0,0.0,0.0,0.0,0.0,0.0,0.0,0.0,28,0.03310547156110714,21,2,19,0,0,0,0,0,0,0,0,1
1bgg,A,441,ASN,-3.5,114.1,0.0,2,2,X,0.0,0.0,0.0,0.0,0.0,0.0,0.0,0.0,31,0.03916703677652112,17,10,7,0,0,0,0,0,0,0,0,1
1bgg,A,442,ASN,-3.5,114.1,0.0,2,2,X,0.0,0.0,0.0,0.0,0.0,0.0,0.0,0.0,27,0.048026247475972325,8,6,2,0,0,0,0,0,0,0,0,1
1bgg,A,443,TRP,-0.9,227.8,0.0,1,0,X,0.0,0.0,0.0,0.0,0.0,0.0,0.0,0.0,34,0.04755997322863279,13,13,0,0,0,0,0,0,0,0,0,1
1bgg,A,444,LEU,3.8,166.7,0.0,0,0,X,0.0,0.0,0.0,0.0,0.0,0.0,0.0,0.0,30,0.0526889899493677,21,9,12,0,0,0,0,0,0,0,0,1
1bgg,A,445,GLU,-3.5,138.4,-1.0,1,3,X,0.0,0.0,0.0,0.0,0.0,0.0,0.0,0.0,23,0.040099585271200194,16,1,15,0,0,0,0,0,0,0,0,1
1bgg,A,446,THR,-0.7,116.1,0.0,1,1,X,0.0,0.0,0.0,0.0,0.0,0.0,0.0,0.0,17,0.032172923066428064,19,9,10,0,0,0,0,0,0,0,0,1
1bgg,A,447,ARG,-4.5,173.4,1.0,5,0,X,0.0,0.0,0.0,0.0,0.0,0.0,0.0,0.0,15,0.02144861537761871,9,9,0,0,0,0,0,0,0,0,0,1
1bgg,A,448,ARG,-4.5,173.4,1.0,5,0,X,0.0,0.0,0.0,0.0,0.0,0.0,0.0,0.0,3,0.01165685618348843,8,0,8,0,0,0,0,0,0,0,0,1
1bgg,B,2,THR,-0.7,116.1,0.0,1,1,X,0.0,0.0,0.0,0.0,0.0,0.0,0.0,0.0,13,0.022847438119637322,18,9,9,0,0,0,0,0,0,0,0,1
1bgg,B,3,ILE,4.5,166.7,0.0,0,0,X,0.0,0.0,0.0,0.0,0.0,0.0,0.0,0.0,18,0.035436842797804825,13,9,4,0,0,0,0,0,0,0,0,1
1bgg,B,4,PHE,2.8,189.9,0.0,0,0,X,0.0,0.0,0.0,0.0,0.0,0.0,0.0,0.0,25,0.04429605349725603,23,9,14,0,0,0,0,0,0,0,0,1
1bgg,B,5,GLN,-3.5,143.8,0.0,2,2,X,0.0,0.0,0.0,0.0,0.0,0.0,0.0,0.0,21,0.03730193978716297,12,4,8,0,0,0,0,0,0,0,0,1
1bgg,B,6,PHE,2.8,189.9,0.0,0,0,X,0.0,0.0,0.0,0.0,0.0,0.0,0.0,0.0,31,0.043363505002576956,20,5,15,0,0,0,0,0,0,0,0,1
1bgg,B,7,PRO,-1.6,112.7,0.0,0,0,X,0.0,0.0,0.0,0.0,0.0,0.0,0.0,0.0,20,0.03170664881908853,22,8,14,0,0,0,0,0,0,0,0,1
1bgg,B,8,GLN,-3.5,143.8,0.0,2,2,X,0.0,0.0,0.0,0.0,0.0,0.0,0.0,0.0,13,0.022381163872297785,4,8,-4,0,0,0,0,0,0,0,0,1
1bgg,B,9,ASP,-3.5,111.1,-1.0,1,3,X,0.0,0.0,0.0,0.0,0.0,0.0,0.0,0.0,13,0.025178809356335007,16,3,13,0,0,0,0,0,0,0,0,1
1bgg,B,10,PHE,2.8,189.9,0.0,0,0,X,0.0,0.0,0.0,0.0,0.0,0.0,0.0,0.0,30,0.043363505002576956,26,8,18,0,0,0,0,0,0,0,0,1
1bgg,B,11,MET,1.9,162.9,0.0,0,0,X,0.0,0.0,0.0,0.0,0.0,0.0,0.0,0.0,34,0.043363505002576956,26,17,9,0,0,0,0,0,0,0,0,1
1bgg,B,12,TRP,-0.9,227.8,0.0,1,0,X,0.0,0.0,0.0,0.0,0.0,0.0,0.0,0.0,36,0.050823892960009553,18,4,14,0,0,0,0,0,0,0,0,1
1bgg,B,13,GLY,-0.4,60.1,0.0,0,0,X,0.0,0.0,0.0,0.0,0.0,0.0,0.0,0.0,38,0.05175644145468863,20,7,13,0,0,0,0,0,0,0,0,1
1bgg,B,14,THR,-0.7,116.1,0.0,1,1,X,0.0,0.0,0.0,0.0,0.0,0.0,0.0,0.0,41,0.05502036118606539,16,8,8,0,0,0,0,0,0,0,0,1
1bgg,B,15,ALA,1.8,88.6,0.0,0,0,X,0.0,0.0,0.0,0.0,0.0,0.0,0.0,0.0,41,0.05408781269138631,16,10,6,0,0,0,0,0,0,0,0,1
1bgg,B,16,THR,-0.7,116.1,0.0,1,1,X,0.0,0.0,0.0,0.0,0.0,0.0,0.0,0.0,41,0.05688545817542354,19,19,0,0,0,0,0,0,0,0,0,1
1bgg,B,17,ALA,1.8,88.6,0.0,0,0,X,0.0,0.0,0.0,0.0,0.0,0.0,0.0,0.0,38,0.05129016720734909,21,24,-3,0,0,0,0,0,0,0,0,1
1bgg,B,18,ALA,1.8,88.6,0.0,0,0,X,0.0,0.0,0.0,0.0,0.0,0.0,0.0,0.0,44,0.050823892960009553,26,20,6,0,0,0,0,0,0,0,0,1
1bgg,B,19,TYR,-1.3,193.6,0.0,1,1,X,0.0,0.0,0.0,0.0,0.0,0.0,0.0,0.0,45,0.053155264196707235,23,30,-7,0,0,0,0,0,0,0,0,1
1bgg,B,20,GLN,-3.5,143.8,0.0,2,2,X,0.0,0.0,0.0,0.0,0.0,0.0,0.0,0.0,40,0.05455408693872585,9,31,-22,0,0,0,0,0,0,0,0,1
1bgg,B,21,ILE,4.5,166.7,0.0,0,0,X,0.0,0.0,0.0,0.0,0.0,0.0,0.0,0.0,44,0.053621538444046775,18,29,-11,0,0,0,0,0,0,0,0,1
1bgg,B,22,GLU,-3.5,138.4,-1.0,1,3,X,0.0,0.0,0.0,0.0,0.0,0.0,0.0,0.0,42,0.05175644145468863,30,21,9,0,0,0,0,0,0,0,0,1
1bgg,B,23,GLY,-0.4,60.1,0.0,0,0,X,0.0,0.0,0.0,0.0,0.0,0.0,0.0,0.0,31,0.05035761871267001,35,30,5,0,0,0,0,0,0,0,0,1
1bgg,B,24,ALA,1.8,88.6,0.0,0,0,X,0.0,0.0,0.0,0.0,0.0,0.0,0.0,0.0,28,0.04755997322863279,29,37,-8,0,0,0,0,0,0,0,0,1
1bgg,B,25,TYR,-1.3,193.6,0.0,1,1,X,0.0,0.0,0.0,0.0,0.0,0.0,0.0,0.0,26,0.04616115048661418,23,22,1,0,0,0,0,0,0,0,0,1
1bgg,B,26,GLN,-3.5,143.8,0.0,2,2,X,0.0,0.0,0.0,0.0,0.0,0.0,0.0,0.0,17,0.032172923066428064,19,20,-1,0,0,0,0,0,0,0,0,1
1bgg,B,27,GLU,-3.5,138.4,-1.0,1,3,X,0.0,0.0,0.0,0.0,0.0,0.0,0.0,0.0,19,0.03310547156110714,29,23,6,0,0,0,0,0,0,0,0,1
1bgg,B,28,ASP,-3.5,111.1,-1.0,1,3,X,0.0,0.0,0.0,0.0,0.0,0.0,0.0,0.0,22,0.032172923066428064,28,24,4,0,0,0,0,0,0,0,0,1
1bgg,B,29,GLY,-0.4,60.1,0.0,0,0,X,0.0,0.0,0.0,0.0,0.0,0.0,0.0,0.0,24,0.03170664881908853,22,27,-5,0,0,0,0,0,0,0,0,1
1bgg,B,30,ARG,-4.5,173.4,1.0,5,0,X,0.0,0.0,0.0,0.0,0.0,0.0,0.0,0.0,36,0.045228601991935104,12,38,-26,0,0,0,0,0,0,0,0,1
1bgg,B,31,GLY,-0.4,60.1,0.0,0,0,X,0.0,0.0,0.0,0.0,0.0,0.0,0.0,0.0,29,0.043829779249916496,22,23,-1,0,0,0,0,0,0,0,0,1
1bgg,B,32,LEU,3.8,166.7,0.0,0,0,X,0.0,0.0,0.0,0.0,0.0,0.0,0.0,0.0,32,0.043363505002576956,21,16,5,0,0,0,0,0,0,0,0,1
1bgg,B,33,SER,-0.8,89.0,0.0,1,1,X,0.0,0.0,0.0,0.0,0.0,0.0,0.0,0.0,36,0.05035761871267001,22,19,3,0,0,0,0,0,0,0,0,1
1bgg,B,34,ILE,4.5,166.7,0.0,0,0,X,0.0,0.0,0.0,0.0,0.0,0.0,0.0,0.0,36,0.048958795970651406,11,21,-10,0,0,0,0,0,0,0,0,1
1bgg,B,35,TRP,-0.9,227.8,0.0,1,0,X,0.0,0.0,0.0,0.0,0.0,0.0,0.0,0.0,36,0.04989134446533048,32,23,9,0,0,0,0,0,0,0,0,1
1bgg,B,36,ASP,-3.5,111.1,-1.0,1,3,X,0.0,0.0,0.0,0.0,0.0,0.0,0.0,0.0,31,0.05175644145468863,19,9,10,0,0,0,0,0,0,0,0,1
1bgg,B,37,THR,-0.7,116.1,0.0,1,1,X,0.0,0.0,0.0,0.0,0.0,0.0,0.0,0.0,29,0.03776821403450251,18,11,7,0,0,0,0,0,0,0,0,1
1bgg,B,38,PHE,2.8,189.9,0.0,0,0,X,0.0,0.0,0.0,0.0,0.0,0.0,0.0,0.0,34,0.048492521723311866,29,10,19,0,0,0,0,0,0,0,0,1
1bgg,B,39,ALA,1.8,88.6,0.0,0,0,X,0.0,0.0,0.0,0.0,0.0,0.0,0.0,0.0,34,0.05502036118606539,21,17,4,0,0,0,0,0,0,0,0,1
1bgg,B,40,HIS,-3.2,153.2,0.1,2,1,X,0.0,0.0,0.0,0.0,0.0,0.0,0.0,0.0,30,0.04149840801321881,6,13,-7,0,0,0,0,0,0,0,0,1
1bgg,B,41,THR,-0.7,116.1,0.0,1,1,X,0.0,0.0,0.0,0.0,0.0,0.0,0.0,0.0,23,0.03450429430312575,19,8,11,0,0,0,0,0,0,0,0,1
1bgg,B,42,PRO,-1.6,112.7,0.0,0,0,X,0.0,0.0,0.0,0.0,0.0,0.0,0.0,0.0,23,0.0363693912924839,16,10,6,0,0,0,0,0,0,0,0,1
1bgg,B,43,GLY,-0.4,60.1,0.0,0,0,X,0.0,0.0,0.0,0.0,0.0,0.0,0.0,0.0,22,0.027510180593032695,16,10,6,0,0,0,0,0,0,0,0,1
1bgg,B,44,LYS,-3.9,168.6,1.0,2,0,X,0.0,0.0,0.0,0.0,0.0,0.0,0.0,0.0,30,0.035436842797804825,12,8,4,0,0,0,0,0,0,0,0,1
1bgg,B,45,VAL,4.2,140.0,0.0,0,0,X,0.0,0.0,0.0,0.0,0.0,0.0,0.0,0.0,34,0.04662742473395372,24,27,-3,0,0,0,0,0,0,0,0,1
1bgg,B,46,PHE,2.8,189.9,0.0,0,0,X,0.0,0.0,0.0,0.0,0.0,0.0,0.0,0.0,21,0.03916703677652112,12,28,-16,0,0,0,0,0,0,0,0,1
1bgg,B,47,ASN,-3.5,114.1,0.0,2,2,X,0.0,0.0,0.0,0.0,0.0,0.0,0.0,0.0,29,0.03403802005578621,14,21,-7,0,0,0,0,0,0,0,0,1
1bgg,B,48,GLY,-0.4,60.1,0.0,0,0,X,0.0,0.0,0.0,0.0,0.0,0.0,0.0,0.0,36,0.048492521723311866,23,22,1,0,0,0,0,0,0,0,0,1
1bgg,B,49,ASP,-3.5,111.1,-1.0,1,3,X,0.0,0.0,0.0,0.0,0.0,0.0,0.0,0.0,35,0.04289723075523742,14,11,3,0,0,0,0,0,0,0,0,1
1bgg,B,50,ASN,-3.5,114.1,0.0,2,2,X,0.0,0.0,0.0,0.0,0.0,0.0,0.0,0.0,35,0.048958795970651406,12,19,-7,0,0,0,0,0,0,0,0,1
1bgg,B,51,GLY,-0.4,60.1,0.0,0,0,X,0.0,0.0,0.0,0.0,0.0,0.0,0.0,0.0,39,0.05408781269138631,15,31,-16,0,0,0,0,0,0,0,0,1
1bgg,B,52,ASN,-3.5,114.1,0.0,2,2,X,0.0,0.0,0.0,0.0,0.0,0.0,0.0,0.0,32,0.03823448828184205,15,23,-8,0,0,0,0,0,0,0,0,1
1bgg,B,53,VAL,4.2,140.0,0.0,0,0,X,0.0,0.0,0.0,0.0,0.0,0.0,0.0,0.0,35,0.03730193978716297,26,18,8,0,0,0,0,0,0,0,0,1
1bgg,B,54,ALA,1.8,88.6,0.0,0,0,X,0.0,0.0,0.0,0.0,0.0,0.0,0.0,0.0,35,0.050823892960009553,12,30,-18,0,0,0,0,0,0,0,0,1
1bgg,B,55,CYS,2.5,108.5,0.0,1,0,X,0.0,0.0,0.0,0.0,0.0,0.0,0.0,0.0,42,0.05548663543340492,32,35,-3,0,0,0,0,0,0,0,0,1
1bgg,B,56,ASP,-3.5,111.1,-1.0,1,3,X,0.0,0.0,0.0,0.0,0.0,0.0,0.0,0.0,32,0.04662742473395372,29,22,7,0,0,0,0,0,0,0,0,1
1bgg,B,57,SER,-0.8,89.0,0.0,1,1,X,0.0,0.0,0.0,0.0,0.0,0.0,0.0,0.0,37,0.05129016720734909,31,40,-9,0,0,0,0,0,0,0,0,1
1bgg,B,58,TYR,-1.3,193.6,0.0,1,1,X,0.0,0.0,0.0,0.0,0.0,0.0,0.0,0.0,30,0.050823892960009553,41,45,-4,0,0,0,0,0,0,0,0,1
1bgg,B,59,HIS,-3.2,153.2,0.1,2,1,X,0.0,0.0,0.0,0.0,0.0,0.0,0.0,0.0,25,0.040565859518539735,23,38,-15,0,0,0,0,0,0,0,0,1
1bgg,B,60,ARG,-4.5,173.4,1.0,5,0,X,0.0,0.0,0.0,0.0,0.0,0.0,0.0,0.0,25,0.04196468226055834,22,37,-15,0,0,0,0,0,0,0,0,1
1bgg,B,61,TYR,-1.3,193.6,0.0,1,1,X,0.0,0.0,0.0,0.0,0.0,0.0,0.0,0.0,27,0.045228601991935104,42,42,0,0,0,0,0,0,0,0,0,1
1bgg,B,62,GLU,-3.5,138.4,-1.0,1,3,X,0.0,0.0,0.0,0.0,0.0,0.0,0.0,0.0,20,0.034970568550465285,33,19,14,0,0,0,0,0,0,0,0,1
1bgg,B,63,GLU,-3.5,138.4,-1.0,1,3,X,0.0,0.0,0.0,0.0,0.0,0.0,0.0,0.0,26,0.03590311704514436,40,23,17,0,0,0,0,0,0,0,0,1
1bgg,B,64,ASP,-3.5,111.1,-1.0,1,3,X,0.0,0.0,0.0,0.0,0.0,0.0,0.0,0.0,36,0.045694876239274644,39,25,14,0,0,0,0,0,0,0,0,1
1bgg,B,65,ILE,4.5,166.7,0.0,0,0,X,0.0,0.0,0.0,0.0,0.0,0.0,0.0,0.0,33,0.05035761871267001,29,42,-13,0,0,0,0,0,0,0,0,1
1bgg,B,66,ARG,-4.5,173.4,1.0,5,0,X,0.0,0.0,0.0,0.0,0.0,0.0,0.0,0.0,19,0.03823448828184205,16,35,-19,0,0,0,0,0,0,0,0,1
1bgg,B,67,LEU,3.8,166.7,0.0,0,0,X,0.0,0.0,0.0,0.0,0.0,0.0,0.0,0.0,29,0.045228601991935104,39,31,8,0,0,0,0,0,0,0,0,1
1bgg,B,68,MET,1.9,162.9,0.0,0,0,X,0.0,0.0,0.0,0.0,0.0,0.0,0.0,0.0,36,0.045694876239274644,24,29,-5,0,0,0,0,0,0,0,0,1
1bgg,B,69,LYS,-3.9,168.6,1.0,2,0,X,0.0,0.0,0.0,0.0,0.0,0.0,0.0,0.0,26,0.04103213376587927,18,21,-3,0,0,0,0,0,0,0,0,1
1bgg,B,70,GLU,-3.5,138.4,-1.0,1,3,X,0.0,0.0,0.0,0.0,0.0,0.0,0.0,0.0,24,0.03403802005578621,35,9,26,0,0,0,0,0,0,0,0,1
1bgg,B,71,LEU,3.8,166.7,0.0,0,0,X,0.0,0.0,0.0,0.0,0.0,0.0,0.0,0.0,31,0.045694876239274644,29,11,18,0,0,0,0,0,0,0,0,1
1bgg,B,72,GLY,-0.4,60.1,0.0,0,0,X,0.0,0.0,0.0,0.0,0.0,0.0,0.0,0.0,32,0.035436842797804825,30,7,23,0,0,0,0,0,0,0,0,1
1bgg,B,73,ILE,4.5,166.7,0.0,0,0,X,0.0,0.0,0.0,0.0,0.0,0.0,0.0,0.0,36,0.048026247475972325,29,14,15,0,0,0,0,0,0,0,0,1
1bgg,B,74,ARG,-4.5,173.4,1.0,5,0,X,0.0,0.0,0.0,0.0,0.0,0.0,0.0,0.0,27,0.03730193978716297,9,17,-8,0,0,0,0,0,0,0,0,1
1bgg,B,75,THR,-0.7,116.1,0.0,1,1,X,0.0,0.0,0.0,0.0,0.0,0.0,0.0,0.0,36,0.050823892960009553,30,10,20,0,0,0,0,0,0,0,0,1
1bgg,B,76,TYR,-1.3,193.6,0.0,1,1,X,0.0,0.0,0.0,0.0,0.0,0.0,0.0,0.0,38,0.0526889899493677,16,11,5,0,0,0,0,0,0,0,0,1
1bgg,B,77,ARG,-4.5,173.4,1.0,5,0,X,0.0,0.0,0.0,0.0,0.0,0.0,0.0,0.0,44,0.05129016720734909,13,11,2,0,0,0,0,0,0,0,0,1
1bgg,B,78,PHE,2.8,189.9,0.0,0,0,X,0.0,0.0,0.0,0.0,0.0,0.0,0.0,0.0,37,0.048492521723311866,22,7,15,0,0,0,0,0,0,0,0,1
1bgg,B,79,SER,-0.8,89.0,0.0,1,1,X,0.0,0.0,0.0,0.0,0.0,0.0,0.0,0.0,39,0.050823892960009553,24,16,8,0,0,0,0,0,0,0,0,1
1bgg,B,80,VAL,4.2,140.0,0.0,0,0,X,0.0,0.0,0.0,0.0,0.0,0.0,0.0,0.0,39,0.050823892960009553,21,13,8,0,0,0,0,0,0,0,0,1
1bgg,B,81,SER,-0.8,89.0,0.0,1,1,X,0.0,0.0,0.0,0.0,0.0,0.0,0.0,0.0,40,0.050823892960009553,28,21,7,0,0,0,0,0,0,0,0,1
1bgg,B,82,TRP,-0.9,227.8,0.0,1,0,X,0.0,0.0,0.0,0.0,0.0,0.0,0.0,0.0,43,0.05502036118606539,14,15,-1,0,0,0,0,0,0,0,0,1
1bgg,B,83,PRO,-1.6,112.7,0.0,0,0,X,0.0,0.0,0.0,0.0,0.0,0.0,0.0,0.0,41,0.05502036118606539,22,21,1,0,0,0,0,0,0,0,0,1
1bgg,B,84,ARG,-4.5,173.4,1.0,5,0,X,0.0,0.0,0.0,0.0,0.0,0.0,0.0,0.0,38,0.053155264196707235,12,46,-34,0,0,0,0,0,0,0,0,1
1bgg,B,85,ILE,4.5,166.7,0.0,0,0,X,0.0,0.0,0.0,0.0,0.0,0.0,0.0,0.0,37,0.05595290968074446,18,22,-4,0,0,0,0,0,0,0,0,1
1bgg,B,86,PHE,2.8,189.9,0.0,0,0,X,0.0,0.0,0.0,0.0,0.0,0.0,0.0,0.0,33,0.053155264196707235,7,20,-13,0,0,0,0,0,0,0,0,1
1bgg,B,87,PRO,-1.6,112.7,0.0,0,0,X,0.0,0.0,0.0,0.0,0.0,0.0,0.0,0.0,31,0.04662742473395372,18,19,-1,0,0,0,0,0,0,0,0,1
1bgg,B,88,ASN,-3.5,114.1,0.0,2,2,X,0.0,0.0,0.0,0.0,0.0,0.0,0.0,0.0,26,0.040565859518539735,8,18,-10,0,0,0,0,0,0,0,0,1
1bgg,B,89,GLY,-0.4,60.1,0.0,0,0,X,0.0,0.0,0.0,0.0,0.0,0.0,0.0,0.0,33,0.0526889899493677,9,19,-10,0,0,0,0,0,0,0,0,1
1bgg,B,90,ASP,-3.5,111.1,-1.0,1,3,X,0.0,0.0,0.0,0.0,0.0,0.0,0.0,0.0,24,0.03590311704514436,11,9,2,0,0,0,0,0,0,0,0,1
1bgg,B,91,GLY,-0.4,60.1,0.0,0,0,X,0.0,0.0,0.0,0.0,0.0,0.0,0.0,0.0,19,0.028909003335051305,0,17,-17,0,0,0,0,0,0,0,0,1
1bgg,B,92,GLU,-3.5,138.4,-1.0,1,3,X,0.0,0.0,0.0,0.0,0.0,0.0,0.0,0.0,14,0.026577632098353617,2,8,-6,0,0,0,0,0,0,0,0,1
1bgg,B,93,VAL,4.2,140.0,0.0,0,0,X,0.0,0.0,0.0,0.0,0.0,0.0,0.0,0.0,24,0.03450429430312575,6,24,-18,0,0,0,0,0,0,0,0,1
1bgg,B,94,ASN,-3.5,114.1,0.0,2,2,X,0.0,0.0,0.0,0.0,0.0,0.0,0.0,0.0,26,0.04149840801321881,15,35,-20,0,0,0,0,0,0,0,0,1
1bgg,B,95,GLN,-3.5,143.8,0.0,2,2,X,0.0,0.0,0.0,0.0,0.0,0.0,0.0,0.0,21,0.032639197313767604,14,28,-14,0,0,0,0,0,0,0,0,1
1bgg,B,96,GLU,-3.5,138.4,-1.0,1,3,X,0.0,0.0,0.0,0.0,0.0,0.0,0.0,0.0,20,0.03730193978716297,21,24,-3,0,0,0,0,0,0,0,0,1
1bgg,B,97,GLY,-0.4,60.1,0.0,0,0,X,0.0,0.0,0.0,0.0,0.0,0.0,0.0,0.0,32,0.05688545817542354,36,37,-1,0,0,0,0,0,0,0,0,1
1bgg,B,98,LEU,3.8,166.7,0.0,0,0,X,0.0,0.0,0.0,0.0,0.0,0.0,0.0,0.0,29,0.048026247475972325,30,26,4,0,0,0,0,0,0,0,0,1
1bgg,B,99,ASP,-3.5,111.1,-1.0,1,3,X,0.0,0.0,0.0,0.0,0.0,0.0,0.0,0.0,21,0.03823448828184205,27,24,3,0,0,0,0,0,0,0,0,1
1bgg,B,100,TYR,-1.3,193.6,0.0,1,1,X,0.0,0.0,0.0,0.0,0.0,0.0,0.0,0.0,36,0.04989134446533048,43,39,4,0,0,0,0,0,0,0,0,1
1bgg,B,101,TYR,-1.3,193.6,0.0,1,1,X,0.0,0.0,0.0,0.0,0.0,0.0,0.0,0.0,37,0.04755997322863279,33,21,12,0,0,0,0,0,0,0,0,1
1bgg,B,102,HIS,-3.2,153.2,0.1,2,1,X,0.0,0.0,0.0,0.0,0.0,0.0,0.0,0.0,26,0.04149840801321881,23,29,-6,0,0,0,0,0,0,0,0,1
1bgg,B,103,ARG,-4.5,173.4,1.0,5,0,X,0.0,0.0,0.0,0.0,0.0,0.0,0.0,0.0,22,0.040099585271200194,16,30,-14,0,0,0,0,0,0,0,0,1
1bgg,B,104,VAL,4.2,140.0,0.0,0,0,X,0.0,0.0,0.0,0.0,0.0,0.0,0.0,0.0,35,0.04942507021799094,29,35,-6,0,0,0,0,0,0,0,0,1
1bgg,B,105,VAL,4.2,140.0,0.0,0,0,X,0.0,0.0,0.0,0.0,0.0,0.0,0.0,0.0,33,0.048492521723311866,27,25,2,0,0,0,0,0,0,0,0,1
1bgg,B,106,ASP,-3.5,111.1,-1.0,1,3,X,0.0,0.0,0.0,0.0,0.0,0.0,0.0,0.0,24,0.03916703677652112,27,12,15,0,0,0,0,0,0,0,0,1
1bgg,B,107,LEU,3.8,166.7,0.0,0,0,X,0.0,0.0,0.0,0.0,0.0,0.0,0.0,0.0,23,0.04103213376587927,23,34,-11,0,0,0,0,0,0,0,0,1
1bgg,B,108,LEU,3.8,166.7,0.0,0,0,X,0.0,0.0,0.0,0.0,0.0,0.0,0.0,0.0,31,0.04755997322863279,30,30,0,0,0,0,0,0,0,0,0,1
1bgg,B,109,ASN,-3.5,114.1,0.0,2,2,X,0.0,0.0,0.0,0.0,0.0,0.0,0.0,0.0,26,0.03823448828184205,17,25,-8,0,0,0,0,0,0,0,0,1
1bgg,B,110,ASP,-3.5,111.1,-1.0,1,3,X,0.0,0.0,0.0,0.0,0.0,0.0,0.0,0.0,15,0.027043906345693154,9,9,0,0,0,0,0,0,0,0,0,1
1bgg,B,111,ASN,-3.5,114.1,0.0,2,2,X,0.0,0.0,0.0,0.0,0.0,0.0,0.0,0.0,25,0.030774100324409453,20,23,-3,0,0,0,0,0,0,0,0,1
1bgg,B,112,GLY,-0.4,60.1,0.0,0,0,X,0.0,0.0,0.0,0.0,0.0,0.0,0.0,0.0,21,0.02844272908771177,20,20,0,0,0,0,0,0,0,0,0,1
1bgg,B,113,ILE,4.5,166.7,0.0,0,0,X,0.0,0.0,0.0,0.0,0.0,0.0,0.0,0.0,33,0.04616115048661418,26,23,3,0,0,0,0,0,0,0,0,1
1bgg,B,114,GLU,-3.5,138.4,-1.0,1,3,X,0.0,0.0,0.0,0.0,0.0,0.0,0.0,0.0,29,0.04709369898129325,27,2,25,0,0,0,0,0,0,0,0,1
1bgg,B,115,PRO,-1.6,112.7,0.0,0,0,X,0.0,0.0,0.0,0.0,0.0,0.0,0.0,0.0,35,0.05548663543340492,32,15,17,0,0,0,0,0,0,0,0,1
1bgg,B,116,PHE,2.8,189.9,0.0,0,0,X,0.0,0.0,0.0,0.0,0.0,0.0,0.0,0.0,40,0.05408781269138631,25,10,15,0,0,0,0,0,0,0,0,1
1bgg,B,117,CYS,2.5,108.5,0.0,1,0,X,0.0,0.0,0.0,0.0,0.0,0.0,0.0,0.0,41,0.05175644145468863,28,3,25,0,0,0,0,0,0,0,0,1
1bgg,B,118,THR,-0.7,116.1,0.0,1,1,X,0.0,0.0,0.0,0.0,0.0,0.0,0.0,0.0,42,0.05222271570202816,25,8,17,0,0,0,0,0,0,0,0,1
1bgg,B,119,LEU,3.8,166.7,0.0,0,0,X,0.0,0.0,0.0,0.0,0.0,0.0,0.0,0.0,41,0.05408781269138631,14,7,7,0,0,0,0,0,0,0,0,1
1bgg,B,120,TYR,-1.3,193.6,0.0,1,1,X,0.0,0.0,0.0,0.0,0.0,0.0,0.0,0.0,40,0.05781800667010261,13,13,0,0,0,0,0,0,0,0,0,1
1bgg,B,121,HIS,-3.2,153.2,0.1,2,1,X,0.0,0.0,0.0,0.0,0.0,0.0,0.0,0.0,38,0.053621538444046775,11,21,-10,0,0,0,0,0,0,0,0,1
1bgg,B,122,TRP,-0.9,227.8,0.0,1,0,X,0.0,0.0,0.0,0.0,0.0,0.0,0.0,0.0,40,0.05175644145468863,22,20,2,0,0,0,0,0,0,0,0,1
1bgg,B,123,ASP,-3.5,111.1,-1.0,1,3,X,0.0,0.0,0.0,0.0,0.0,0.0,0.0,0.0,38,0.05688545817542354,23,9,14,0,0,0,0,0,0,0,0,1
1bgg,B,124,LEU,3.8,166.7,0.0,0,0,X,0.0,0.0,0.0,0.0,0.0,0.0,0.0,0.0,42,0.05175644145468863,6,16,-10,0,0,0,0,0,0,0,0,1
1bgg,B,125,PRO,-1.6,112.7,0.0,0,0,X,0.0,0.0,0.0,0.0,0.0,0.0,0.0,0.0,36,0.056419183928083996,11,26,-15,0,0,0,0,0,0,0,0,1
1bgg,B,126,GLN,-3.5,143.8,0.0,2,2,X,0.0,0.0,0.0,0.0,0.0,0.0,0.0,0.0,27,0.045694876239274644,1,20,-19,0,0,0,0,0,0,0,0,1
1bgg,B,127,ALA,1.8,88.6,0.0,0,0,X,0.0,0.0,0.0,0.0,0.0,0.0,0.0,0.0,28,0.03403802005578621,2,17,-15,0,0,0,0,0,0,0,0,1
1bgg,B,128,LEU,3.8,166.7,0.0,0,0,X,0.0,0.0,0.0,0.0,0.0,0.0,0.0,0.0,33,0.04755997322863279,14,18,-4,0,0,0,0,0,0,0,0,1
1bgg,B,129,GLN,-3.5,143.8,0.0,2,2,X,0.0,0.0,0.0,0.0,0.0,0.0,0.0,0.0,29,0.040099585271200194,0,10,-10,0,0,0,0,0,0,0,0,1
1bgg,B,130,ASP,-3.5,111.1,-1.0,1,3,X,0.0,0.0,0.0,0.0,0.0,0.0,0.0,0.0,18,0.02471253510899547,0,0,0,0,0,0,0,0,0,0,0,1
1bgg,B,131,ALA,1.8,88.6,0.0,0,0,X,0.0,0.0,0.0,0.0,0.0,0.0,0.0,0.0,18,0.02844272908771177,14,11,3,0,0,0,0,0,0,0,0,1
1bgg,B,132,GLY,-0.4,60.1,0.0,0,0,X,0.0,0.0,0.0,0.0,0.0,0.0,0.0,0.0,24,0.02844272908771177,21,12,9,0,0,0,0,0,0,0,0,1
1bgg,B,133,GLY,-0.4,60.1,0.0,0,0,X,0.0,0.0,0.0,0.0,0.0,0.0,0.0,0.0,31,0.043363505002576956,26,13,13,0,0,0,0,0,0,0,0,1
1bgg,B,134,TRP,-0.9,227.8,0.0,1,0,X,0.0,0.0,0.0,0.0,0.0,0.0,0.0,0.0,42,0.048958795970651406,27,8,19,0,0,0,0,0,0,0,0,1
1bgg,B,135,GLY,-0.4,60.1,0.0,0,0,X,0.0,0.0,0.0,0.0,0.0,0.0,0.0,0.0,27,0.04149840801321881,34,10,24,0,0,0,0,0,0,0,0,1
1bgg,B,136,ASN,-3.5,114.1,0.0,2,2,X,0.0,0.0,0.0,0.0,0.0,0.0,0.0,0.0,22,0.035436842797804825,32,12,20,0,0,0,0,0,0,0,0,1
1bgg,B,137,ARG,-4.5,173.4,1.0,5,0,X,0.0,0.0,0.0,0.0,0.0,0.0,0.0,0.0,25,0.03683566553982344,30,14,16,0,0,0,0,0,0,0,0,1
1bgg,B,138,ARG,-4.5,173.4,1.0,5,0,X,0.0,0.0,0.0,0.0,0.0,0.0,0.0,0.0,21,0.03124037457174899,10,9,1,0,0,0,0,0,0,0,0,1
1bgg,B,139,THR,-0.7,116.1,0.0,1,1,X,0.0,0.0,0.0,0.0,0.0,0.0,0.0,0.0,34,0.0526889899493677,29,9,20,0,0,0,0,0,0,0,0,1
1bgg,B,140,ILE,4.5,166.7,0.0,0,0,X,0.0,0.0,0.0,0.0,0.0,0.0,0.0,0.0,32,0.05175644145468863,40,6,34,0,0,0,0,0,0,0,0,1
1bgg,B,141,GLN,-3.5,143.8,0.0,2,2,X,0.0,0.0,0.0,0.0,0.0,0.0,0.0,0.0,21,0.035436842797804825,22,10,12,0,0,0,0,0,0,0,0,1
1bgg,B,142,ALA,1.8,88.6,0.0,0,0,X,0.0,0.0,0.0,0.0,0.0,0.0,0.0,0.0,29,0.048958795970651406,13,14,-1,0,0,0,0,0,0,0,0,1
1bgg,B,143,PHE,2.8,189.9,0.0,0,0,X,0.0,0.0,0.0,0.0,0.0,0.0,0.0,0.0,42,0.05175644145468863,15,10,5,0,0,0,0,0,0,0,0,1
1bgg,B,144,VAL,4.2,140.0,0.0,0,0,X,0.0,0.0,0.0,0.0,0.0,0.0,0.0,0.0,36,0.04709369898129325,25,11,14,0,0,0,0,0,0,0,0,1
1bgg,B,145,GLN,-3.5,143.8,0.0,2,2,X,0.0,0.0,0.0,0.0,0.0,0.0,0.0,0.0,26,0.03823448828184205,12,21,-9,0,0,0,0,0,0,0,0,1
1bgg,B,146,PHE,2.8,189.9,0.0,0,0,X,0.0,0.0,0.0,0.0,0.0,0.0,0.0,0.0,45,0.050823892960009553,7,16,-9,0,0,0,0,0,0,0,0,1
1bgg,B,147,ALA,1.8,88.6,0.0,0,0,X,0.0,0.0,0.0,0.0,0.0,0.0,0.0,0.0,38,0.04755997322863279,25,13,12,0,0,0,0,0,0,0,0,1
1bgg,B,148,GLU,-3.5,138.4,-1.0,1,3,X,0.0,0.0,0.0,0.0,0.0,0.0,0.0,0.0,28,0.045694876239274644,26,10,16,0,0,0,0,0,0,0,0,1
1bgg,B,149,THR,-0.7,116.1,0.0,1,1,X,0.0,0.0,0.0,0.0,0.0,0.0,0.0,0.0,29,0.045228601991935104,18,19,-1,0,0,0,0,0,0,0,0,1
1bgg,B,150,MET,1.9,162.9,0.0,0,0,X,0.0,0.0,0.0,0.0,0.0,0.0,0.0,0.0,37,0.04989134446533048,23,17,6,0,0,0,0,0,0,0,0,1
1bgg,B,151,PHE,2.8,189.9,0.0,0,0,X,0.0,0.0,0.0,0.0,0.0,0.0,0.0,0.0,37,0.05502036118606539,41,18,23,0,0,0,0,0,0,0,0,1
1bgg,B,152,ARG,-4.5,173.4,1.0,5,0,X,0.0,0.0,0.0,0.0,0.0,0.0,0.0,0.0,22,0.03870076252918159,19,18,1,0,0,0,0,0,0,0,0,1
1bgg,B,153,GLU,-3.5,138.4,-1.0,1,3,X,0.0,0.0,0.0,0.0,0.0,0.0,0.0,0.0,27,0.03776821403450251,35,13,22,0,0,0,0,0,0,0,0,1
1bgg,B,154,PHE,2.8,189.9,0.0,0,0,X,0.0,0.0,0.0,0.0,0.0,0.0,0.0,0.0,35,0.043363505002576956,36,21,15,0,0,0,0,0,0,0,0,1
1bgg,B,155,HIS,-3.2,153.2,0.1,2,1,X,0.0,0.0,0.0,0.0,0.0,0.0,0.0,0.0,19,0.04149840801321881,18,7,11,0,0,0,0,0,0,0,0,1
1bgg,B,156,GLY,-0.4,60.1,0.0,0,0,X,0.0,0.0,0.0,0.0,0.0,0.0,0.0,0.0,21,0.028909003335051305,26,7,19,0,0,0,0,0,0,0,0,1
1bgg,B,157,LYS,-3.9,168.6,1.0,2,0,X,0.0,0.0,0.0,0.0,0.0,0.0,0.0,0.0,29,0.0363693912924839,29,20,9,0,0,0,0,0,0,0,0,1
1bgg,B,158,ILE,4.5,166.7,0.0,0,0,X,0.0,0.0,0.0,0.0,0.0,0.0,0.0,0.0,35,0.048026247475972325,34,16,18,0,0,0,0,0,0,0,0,1
1bgg,B,159,GLN,-3.5,143.8,0.0,2,2,X,0.0,0.0,0.0,0.0,0.0,0.0,0.0,0.0,27,0.04616115048661418,27,10,17,0,0,0,0,0,0,0,0,1
1bgg,B,160,HIS,-3.2,153.2,0.1,2,1,X,0.0,0.0,0.0,0.0,0.0,0.0,0.0,0.0,31,0.05129016720734909,15,13,2,0,0,0,0,0,0,0,0,1
1bgg,B,161,TRP,-0.9,227.8,0.0,1,0,X,0.0,0.0,0.0,0.0,0.0,0.0,0.0,0.0,37,0.05548663543340492,24,4,20,0,0,0,0,0,0,0,0,1
1bgg,B,162,LEU,3.8,166.7,0.0,0,0,X,0.0,0.0,0.0,0.0,0.0,0.0,0.0,0.0,42,0.0526889899493677,30,2,28,0,0,0,0,0,0,0,0,1
1bgg,B,163,THR,-0.7,116.1,0.0,1,1,X,0.0,0.0,0.0,0.0,0.0,0.0,0.0,0.0,42,0.0526889899493677,16,3,13,0,0,0,0,0,0,0,0,1
1bgg,B,164,PHE,2.8,189.9,0.0,0,0,X,0.0,0.0,0.0,0.0,0.0,0.0,0.0,0.0,40,0.05502036118606539,24,7,17,0,0,0,0,0,0,0,0,1
1bgg,B,165,ASN,-3.5,114.1,0.0,2,2,X,0.0,0.0,0.0,0.0,0.0,0.0,0.0,0.0,39,0.05921682941212122,18,18,0,0,0,0,0,0,0,0,0,1
1bgg,B,166,GLU,-3.5,138.4,-1.0,1,3,X,0.0,0.0,0.0,0.0,0.0,0.0,0.0,0.0,40,0.053155264196707235,28,8,20,0,0,0,0,0,0,0,0,1
1bgg,B,167,PRO,-1.6,112.7,0.0,0,0,X,0.0,0.0,0.0,0.0,0.0,0.0,0.0,0.0,39,0.05455408693872585,17,10,7,0,0,0,0,0,0,0,0,1
1bgg,B,168,TRP,-0.9,227.8,0.0,1,0,X,0.0,0.0,0.0,0.0,0.0,0.0,0.0,0.0,34,0.0526889899493677,15,9,6,0,0,0,0,0,0,0,0,1
1bgg,B,169,CYS,2.5,108.5,0.0,1,0,X,0.0,0.0,0.0,0.0,0.0,0.0,0.0,0.0,35,0.05035761871267001,25,9,16,0,0,0,0,0,0,0,0,1
1bgg,B,170,ILE,4.5,166.7,0.0,0,0,X,0.0,0.0,0.0,0.0,0.0,0.0,0.0,0.0,40,0.05735173242276307,20,14,6,0,0,0,0,0,0,0,0,1
1bgg,B,171,ALA,1.8,88.6,0.0,0,0,X,0.0,0.0,0.0,0.0,0.0,0.0,0.0,0.0,46,0.05175644145468863,14,9,5,0,0,0,0,0,0,0,0,1
1bgg,B,172,PHE,2.8,189.9,0.0,0,0,X,0.0,0.0,0.0,0.0,0.0,0.0,0.0,0.0,36,0.0526889899493677,12,6,6,0,0,0,0,0,0,0,0,1
1bgg,B,173,LEU,3.8,166.7,0.0,0,0,X,0.0,0.0,0.0,0.0,0.0,0.0,0.0,0.0,29,0.04709369898129325,15,6,9,0,0,0,0,0,0,0,0,1
1bgg,B,174,SER,-0.8,89.0,0.0,1,1,X,0.0,0.0,0.0,0.0,0.0,0.0,0.0,0.0,33,0.05455408693872585,10,2,8,0,0,0,0,0,0,0,0,1
1bgg,B,175,ASN,-3.5,114.1,0.0,2,2,X,0.0,0.0,0.0,0.0,0.0,0.0,0.0,0.0,36,0.05548663543340492,6,7,-1,0,0,0,0,0,0,0,0,1
1bgg,B,176,MET,1.9,162.9,0.0,0,0,X,0.0,0.0,0.0,0.0,0.0,0.0,0.0,0.0,28,0.04755997322863279,2,0,2,0,0,0,0,0,0,0,0,1
1bgg,B,177,LEU,3.8,166.7,0.0,0,0,X,0.0,0.0,0.0,0.0,0.0,0.0,0.0,0.0,24,0.03823448828184205,10,0,10,0,0,0,0,0,0,0,0,1
1bgg,B,178,GLY,-0.4,60.1,0.0,0,0,X,0.0,0.0,0.0,0.0,0.0,0.0,0.0,0.0,25,0.04243095650789788,19,0,19,0,0,0,0,0,0,0,0,1
1bgg,B,179,VAL,4.2,140.0,0.0,0,0,X,0.0,0.0,0.0,0.0,0.0,0.0,0.0,0.0,28,0.03823448828184205,19,6,13,0,0,0,0,0,0,0,0,1
1bgg,B,180,HIS,-3.2,153.2,0.1,2,1,X,0.0,0.0,0.0,0.0,0.0,0.0,0.0,0.0,30,0.050823892960009553,7,13,-6,0,0,0,0,0,0,0,0,1
1bgg,B,181,ALA,1.8,88.6,0.0,0,0,X,0.0,0.0,0.0,0.0,0.0,0.0,0.0,0.0,39,0.048492521723311866,20,9,11,0,0,0,0,0,0,0,0,1
1bgg,B,182,PRO,-1.6,112.7,0.0,0,0,X,0.0,0.0,0.0,0.0,0.0,0.0,0.0,0.0,39,0.04149840801321881,13,2,11,0,0,0,0,0,0,0,0,1
1bgg,B,183,GLY,-0.4,60.1,0.0,0,0,X,0.0,0.0,0.0,0.0,0.0,0.0,0.0,0.0,25,0.03870076252918159,17,0,17,0,0,0,0,0,0,0,0,1
1bgg,B,184,LEU,3.8,166.7,0.0,0,0,X,0.0,0.0,0.0,0.0,0.0,0.0,0.0,0.0,27,0.035436842797804825,8,0,8,0,0,0,0,0,0,0,0,1
1bgg,B,185,THR,-0.7,116.1,0.0,1,1,X,0.0,0.0,0.0,0.0,0.0,0.0,0.0,0.0,20,0.03450429430312575,3,0,3,0,0,0,0,0,0,0,0,1
1bgg,B,186,ASN,-3.5,114.1,0.0,2,2,X,0.0,0.0,0.0,0.0,0.0,0.0,0.0,0.0,21,0.03124037457174899,0,7,-7,0,0,0,0,0,0,0,0,1
1bgg,B,187,LEU,3.8,166.7,0.0,0,0,X,0.0,0.0,0.0,0.0,0.0,0.0,0.0,0.0,30,0.04476232774459557,0,8,-8,0,0,0,0,0,0,0,0,1
1bgg,B,188,GLN,-3.5,143.8,0.0,2,2,X,0.0,0.0,0.0,0.0,0.0,0.0,0.0,0.0,25,0.035436842797804825,5,8,-3,0,0,0,0,0,0,0,0,1
1bgg,B,189,THR,-0.7,116.1,0.0,1,1,X,0.0,0.0,0.0,0.0,0.0,0.0,0.0,0.0,30,0.03963331102386066,9,8,1,0,0,0,0,0,0,0,0,1
1bgg,B,190,ALA,1.8,88.6,0.0,0,0,X,0.0,0.0,0.0,0.0,0.0,0.0,0.0,0.0,38,0.05175644145468863,13,8,5,0,0,0,0,0,0,0,0,1
1bgg,B,191,ILE,4.5,166.7,0.0,0,0,X,0.0,0.0,0.0,0.0,0.0,0.0,0.0,0.0,34,0.05455408693872585,19,8,11,0,0,0,0,0,0,0,0,1
1bgg,B,192,ASP,-3.5,111.1,-1.0,1,3,X,0.0,0.0,0.0,0.0,0.0,0.0,0.0,0.0,32,0.04616115048661418,28,1,27,0,0,0,0,0,0,0,0,1
1bgg,B,193,VAL,4.2,140.0,0.0,0,0,X,0.0,0.0,0.0,0.0,0.0,0.0,0.0,0.0,45,0.04989134446533048,23,9,14,0,0,0,0,0,0,0,0,1
1bgg,B,194,GLY,-0.4,60.1,0.0,0,0,X,0.0,0.0,0.0,0.0,0.0,0.0,0.0,0.0,37,0.056419183928083996,23,10,13,0,0,0,0,0,0,0,0,1
1bgg,B,195,HIS,-3.2,153.2,0.1,2,1,X,0.0,0.0,0.0,0.0,0.0,0.0,0.0,0.0,35,0.05455408693872585,21,16,5,0,0,0,0,0,0,0,0,1
1bgg,B,196,HIS,-3.2,153.2,0.1,2,1,X,0.0,0.0,0.0,0.0,0.0,0.0,0.0,0.0,37,0.05502036118606539,28,13,15,0,0,0,0,0,0,0,0,1
1bgg,B,197,LEU,3.8,166.7,0.0,0,0,X,0.0,0.0,0.0,0.0,0.0,0.0,0.0,0.0,41,0.05222271570202816,30,9,21,0,0,0,0,0,0,0,0,1
1bgg,B,198,LEU,3.8,166.7,0.0,0,0,X,0.0,0.0,0.0,0.0,0.0,0.0,0.0,0.0,46,0.053155264196707235,30,16,14,0,0,0,0,0,0,0,0,1
1bgg,B,199,VAL,4.2,140.0,0.0,0,0,X,0.0,0.0,0.0,0.0,0.0,0.0,0.0,0.0,40,0.05175644145468863,47,17,30,0,0,0,0,0,0,0,0,1
1bgg,B,200,ALA,1.8,88.6,0.0,0,0,X,0.0,0.0,0.0,0.0,0.0,0.0,0.0,0.0,40,0.04989134446533048,46,5,41,0,0,0,0,0,0,0,0,1
1bgg,B,201,HIS,-3.2,153.2,0.1,2,1,X,0.0,0.0,0.0,0.0,0.0,0.0,0.0,0.0,48,0.053155264196707235,13,12,1,0,0,0,0,0,0,0,0,1
1bgg,B,202,GLY,-0.4,60.1,0.0,0,0,X,0.0,0.0,0.0,0.0,0.0,0.0,0.0,0.0,37,0.05129016720734909,36,20,16,0,0,0,0,0,0,0,0,1
1bgg,B,203,LEU,3.8,166.7,0.0,0,0,X,0.0,0.0,0.0,0.0,0.0,0.0,0.0,0.0,37,0.04476232774459557,37,24,13,0,0,0,0,0,0,0,0,1
1bgg,B,204,SER,-0.8,89.0,0.0,1,1,X,0.0,0.0,0.0,0.0,0.0,0.0,0.0,0.0,40,0.05175644145468863,43,25,18,0,0,0,0,0,0,0,0,1
1bgg,B,205,VAL,4.2,140.0,0.0,0,0,X,0.0,0.0,0.0,0.0,0.0,0.0,0.0,0.0,39,0.05129016720734909,41,25,16,0,0,0,0,0,0,0,0,1
1bgg,B,206,ARG,-4.5,173.4,1.0,5,0,X,0.0,0.0,0.0,0.0,0.0,0.0,0.0,0.0,22,0.04289723075523742,28,22,6,0,0,0,0,0,0,0,0,1
1bgg,B,207,ARG,-4.5,173.4,1.0,5,0,X,0.0,0.0,0.0,0.0,0.0,0.0,0.0,0.0,24,0.04662742473395372,26,22,4,0,0,0,0,0,0,0,0,1
1bgg,B,208,PHE,2.8,189.9,0.0,0,0,X,0.0,0.0,0.0,0.0,0.0,0.0,0.0,0.0,34,0.050823892960009553,45,24,21,0,0,0,0,0,0,0,0,1
1bgg,B,209,ARG,-4.5,173.4,1.0,5,0,X,0.0,0.0,0.0,0.0,0.0,0.0,0.0,0.0,23,0.0363693912924839,18,23,-5,0,0,0,0,0,0,0,0,1
1bgg,B,210,GLU,-3.5,138.4,-1.0,1,3,X,0.0,0.0,0.0,0.0,0.0,0.0,0.0,0.0,15,0.02797645484037223,32,10,22,0,0,0,0,0,0,0,0,1
1bgg,B,211,LEU,3.8,166.7,0.0,0,0,X,0.0,0.0,0.0,0.0,0.0,0.0,0.0,0.0,21,0.03403802005578621,45,19,26,0,0,0,0,0,0,0,0,1
1bgg,B,212,GLY,-0.4,60.1,0.0,0,0,X,0.0,0.0,0.0,0.0,0.0,0.0,0.0,0.0,19,0.027510180593032695,36,8,28,0,0,0,0,0,0,0,0,1
1bgg,B,213,THR,-0.7,116.1,0.0,1,1,X,0.0,0.0,0.0,0.0,0.0,0.0,0.0,0.0,28,0.04289723075523742,41,13,28,0,0,0,0,0,0,0,0,1
1bgg,B,214,SER,-0.8,89.0,0.0,1,1,X,0.0,0.0,0.0,0.0,0.0,0.0,0.0,0.0,22,0.03590311704514436,36,2,34,0,0,0,0,0,0,0,0,1
1bgg,B,215,GLY,-0.4,60.1,0.0,0,0,X,0.0,0.0,0.0,0.0,0.0,0.0,0.0,0.0,23,0.03730193978716297,32,9,23,0,0,0,0,0,0,0,0,1
1bgg,B,216,GLN,-3.5,143.8,0.0,2,2,X,0.0,0.0,0.0,0.0,0.0,0.0,0.0,0.0,28,0.04243095650789788,18,16,2,0,0,0,0,0,0,0,0,1
1bgg,B,217,ILE,4.5,166.7,0.0,0,0,X,0.0,0.0,0.0,0.0,0.0,0.0,0.0,0.0,35,0.053621538444046775,33,14,19,0,0,0,0,0,0,0,0,1
1bgg,B,218,GLY,-0.4,60.1,0.0,0,0,X,0.0,0.0,0.0,0.0,0.0,0.0,0.0,0.0,42,0.04942507021799094,23,13,10,0,0,0,0,0,0,0,0,1
1bgg,B,219,ILE,4.5,166.7,0.0,0,0,X,0.0,0.0,0.0,0.0,0.0,0.0,0.0,0.0,45,0.04616115048661418,13,11,2,0,0,0,0,0,0,0,0,1
1bgg,B,220,ALA,1.8,88.6,0.0,0,0,X,0.0,0.0,0.0,0.0,0.0,0.0,0.0,0.0,43,0.0526889899493677,22,18,4,0,0,0,0,0,0,0,0,1
1bgg,B,221,PRO,-1.6,112.7,0.0,0,0,X,0.0,0.0,0.0,0.0,0.0,0.0,0.0,0.0,46,0.053621538444046775,14,20,-6,0,0,0,0,0,0,0,0,1
1bgg,B,222,ASN,-3.5,114.1,0.0,2,2,X,0.0,0.0,0.0,0.0,0.0,0.0,0.0,0.0,37,0.04989134446533048,11,19,-8,0,0,0,0,0,0,0,0,1
1bgg,B,223,VAL,4.2,140.0,0.0,0,0,X,0.0,0.0,0.0,0.0,0.0,0.0,0.0,0.0,41,0.04476232774459557,10,19,-9,0,0,0,0,0,0,0,0,1
1bgg,B,224,SER,-0.8,89.0,0.0,1,1,X,0.0,0.0,0.0,0.0,0.0,0.0,0.0,0.0,35,0.043363505002576956,14,10,4,0,0,0,0,0,0,0,0,1
1bgg,B,225,TRP,-0.9,227.8,0.0,1,0,X,0.0,0.0,0.0,0.0,0.0,0.0,0.0,0.0,31,0.04662742473395372,18,17,1,0,0,0,0,0,0,0,0,1
1bgg,B,226,ALA,1.8,88.6,0.0,0,0,X,0.0,0.0,0.0,0.0,0.0,0.0,0.0,0.0,34,0.04429605349725603,21,25,-4,0,0,0,0,0,0,0,0,1
1bgg,B,227,VAL,4.2,140.0,0.0,0,0,X,0.0,0.0,0.0,0.0,0.0,0.0,0.0,0.0,29,0.03730193978716297,16,22,-6,0,0,0,0,0,0,0,0,1
1bgg,B,228,PRO,-1.6,112.7,0.0,0,0,X,0.0,0.0,0.0,0.0,0.0,0.0,0.0,0.0,27,0.043363505002576956,19,19,0,0,0,0,0,0,0,0,0,1
1bgg,B,229,TYR,-1.3,193.6,0.0,1,1,X,0.0,0.0,0.0,0.0,0.0,0.0,0.0,0.0,18,0.03776821403450251,12,19,-7,0,0,0,0,0,0,0,0,1
1bgg,B,230,SER,-0.8,89.0,0.0,1,1,X,0.0,0.0,0.0,0.0,0.0,0.0,0.0,0.0,17,0.027043906345693154,17,23,-6,0,0,0,0,0,0,0,0,1
1bgg,B,231,THR,-0.7,116.1,0.0,1,1,X,0.0,0.0,0.0,0.0,0.0,0.0,0.0,0.0,11,0.023779986614316396,8,25,-17,0,0,0,0,0,0,0,0,1
1bgg,B,232,SER,-0.8,89.0,0.0,1,1,X,0.0,0.0,0.0,0.0,0.0,0.0,0.0,0.0,15,0.02611135785101408,16,26,-10,0,0,0,0,0,0,0,0,1
1bgg,B,233,GLU,-3.5,138.4,-1.0,1,3,X,0.0,0.0,0.0,0.0,0.0,0.0,0.0,0.0,13,0.02611135785101408,10,17,-7,0,0,0,0,0,0,0,0,1
1bgg,B,234,GLU,-3.5,138.4,-1.0,1,3,X,0.0,0.0,0.0,0.0,0.0,0.0,0.0,0.0,21,0.03403802005578621,18,17,1,0,0,0,0,0,0,0,0,1
1bgg,B,235,ASP,-3.5,111.1,-1.0,1,3,X,0.0,0.0,0.0,0.0,0.0,0.0,0.0,0.0,27,0.04942507021799094,23,26,-3,0,0,0,0,0,0,0,0,1
1bgg,B,236,LYS,-3.9,168.6,1.0,2,0,X,0.0,0.0,0.0,0.0,0.0,0.0,0.0,0.0,20,0.040099585271200194,10,24,-14,0,0,0,0,0,0,0,0,1
1bgg,B,237,ALA,1.8,88.6,0.0,0,0,X,0.0,0.0,0.0,0.0,0.0,0.0,0.0,0.0,28,0.0363693912924839,25,27,-2,0,0,0,0,0,0,0,0,1
1bgg,B,238,ALA,1.8,88.6,0.0,0,0,X,0.0,0.0,0.0,0.0,0.0,0.0,0.0,0.0,36,0.05035761871267001,26,29,-3,0,0,0,0,0,0,0,0,1
1bgg,B,239,CYS,2.5,108.5,0.0,1,0,X,0.0,0.0,0.0,0.0,0.0,0.0,0.0,0.0,34,0.048958795970651406,25,23,2,0,0,0,0,0,0,0,0,1
1bgg,B,240,ALA,1.8,88.6,0.0,0,0,X,0.0,0.0,0.0,0.0,0.0,0.0,0.0,0.0,31,0.040099585271200194,25,16,9,0,0,0,0,0,0,0,0,1
1bgg,B,241,ARG,-4.5,173.4,1.0,5,0,X,0.0,0.0,0.0,0.0,0.0,0.0,0.0,0.0,35,0.04709369898129325,11,12,-1,0,0,0,0,0,0,0,0,1
1bgg,B,242,THR,-0.7,116.1,0.0,1,1,X,0.0,0.0,0.0,0.0,0.0,0.0,0.0,0.0,38,0.05035761871267001,26,16,10,0,0,0,0,0,0,0,0,1
1bgg,B,243,ILE,4.5,166.7,0.0,0,0,X,0.0,0.0,0.0,0.0,0.0,0.0,0.0,0.0,37,0.048958795970651406,22,12,10,0,0,0,0,0,0,0,0,1
1bgg,B,244,SER,-0.8,89.0,0.0,1,1,X,0.0,0.0,0.0,0.0,0.0,0.0,0.0,0.0,37,0.048026247475972325,23,8,15,0,0,0,0,0,0,0,0,1
1bgg,B,245,LEU,3.8,166.7,0.0,0,0,X,0.0,0.0,0.0,0.0,0.0,0.0,0.0,0.0,39,0.05548663543340492,18,8,10,0,0,0,0,0,0,0,0,1
1bgg,B,246,HIS,-3.2,153.2,0.1,2,1,X,0.0,0.0,0.0,0.0,0.0,0.0,0.0,0.0,37,0.05735173242276307,4,17,-13,0,0,0,0,0,0,0,0,1
1bgg,B,247,SER,-0.8,89.0,0.0,1,1,X,0.0,0.0,0.0,0.0,0.0,0.0,0.0,0.0,39,0.05502036118606539,17,10,7,0,0,0,0,0,0,0,0,1
1bgg,B,248,ASP,-3.5,111.1,-1.0,1,3,X,0.0,0.0,0.0,0.0,0.0,0.0,0.0,0.0,35,0.04989134446533048,20,0,20,0,0,0,0,0,0,0,0,1
1bgg,B,249,TRP,-0.9,227.8,0.0,1,0,X,0.0,0.0,0.0,0.0,0.0,0.0,0.0,0.0,42,0.05455408693872585,17,10,7,0,0,0,0,0,0,0,0,1
1bgg,B,250,PHE,2.8,189.9,0.0,0,0,X,0.0,0.0,0.0,0.0,0.0,0.0,0.0,0.0,43,0.05408781269138631,23,13,10,0,0,0,0,0,0,0,0,1
1bgg,B,251,LEU,3.8,166.7,0.0,0,0,X,0.0,0.0,0.0,0.0,0.0,0.0,0.0,0.0,38,0.048492521723311866,19,8,11,0,0,0,0,0,0,0,0,1
1bgg,B,252,GLN,-3.5,143.8,0.0,2,2,X,0.0,0.0,0.0,0.0,0.0,0.0,0.0,0.0,25,0.050823892960009553,8,8,0,0,0,0,0,0,0,0,0,1
1bgg,B,253,PRO,-1.6,112.7,0.0,0,0,X,0.0,0.0,0.0,0.0,0.0,0.0,0.0,0.0,33,0.05035761871267001,14,19,-5,0,0,0,0,0,0,0,0,1
1bgg,B,254,ILE,4.5,166.7,0.0,0,0,X,0.0,0.0,0.0,0.0,0.0,0.0,0.0,0.0,37,0.04989134446533048,10,18,-8,0,0,0,0,0,0,0,0,1
1bgg,B,255,TYR,-1.3,193.6,0.0,1,1,X,0.0,0.0,0.0,0.0,0.0,0.0,0.0,0.0,29,0.03963331102386066,11,15,-4,0,0,0,0,0,0,0,0,1
1bgg,B,256,GLN,-3.5,143.8,0.0,2,2,X,0.0,0.0,0.0,0.0,0.0,0.0,0.0,0.0,17,0.030774100324409453,9,6,3,0,0,0,0,0,0,0,0,1
1bgg,B,257,GLY,-0.4,60.1,0.0,0,0,X,0.0,0.0,0.0,0.0,0.0,0.0,0.0,0.0,25,0.03590311704514436,1,15,-14,0,0,0,0,0,0,0,0,1
1bgg,B,258,SER,-0.8,89.0,0.0,1,1,X,0.0,0.0,0.0,0.0,0.0,0.0,0.0,0.0,25,0.035436842797804825,2,8,-6,0,0,0,0,0,0,0,0,1
1bgg,B,259,TYR,-1.3,193.6,0.0,1,1,X,0.0,0.0,0.0,0.0,0.0,0.0,0.0,0.0,35,0.04616115048661418,11,9,2,0,0,0,0,0,0,0,0,1
1bgg,B,260,PRO,-1.6,112.7,0.0,0,0,X,0.0,0.0,0.0,0.0,0.0,0.0,0.0,0.0,32,0.04476232774459557,9,15,-6,0,0,0,0,0,0,0,0,1
1bgg,B,261,GLN,-3.5,143.8,0.0,2,2,X,0.0,0.0,0.0,0.0,0.0,0.0,0.0,0.0,14,0.030307826077069916,0,8,-8,0,0,0,0,0,0,0,0,1
1bgg,B,262,PHE,2.8,189.9,0.0,0,0,X,0.0,0.0,0.0,0.0,0.0,0.0,0.0,0.0,26,0.029375277582390842,14,16,-2,0,0,0,0,0,0,0,0,1
1bgg,B,263,LEU,3.8,166.7,0.0,0,0,X,0.0,0.0,0.0,0.0,0.0,0.0,0.0,0.0,32,0.04942507021799094,12,18,-6,0,0,0,0,0,0,0,0,1
1bgg,B,264,VAL,4.2,140.0,0.0,0,0,X,0.0,0.0,0.0,0.0,0.0,0.0,0.0,0.0,22,0.04476232774459557,0,16,-16,0,0,0,0,0,0,0,0,1
1bgg,B,265,ASP,-3.5,111.1,-1.0,1,3,X,0.0,0.0,0.0,0.0,0.0,0.0,0.0,0.0,17,0.03357174580844668,2,9,-7,0,0,0,0,0,0,0,0,1
1bgg,B,266,TRP,-0.9,227.8,0.0,1,0,X,0.0,0.0,0.0,0.0,0.0,0.0,0.0,0.0,27,0.04196468226055834,11,17,-6,0,0,0,0,0,0,0,0,1
1bgg,B,267,PHE,2.8,189.9,0.0,0,0,X,0.0,0.0,0.0,0.0,0.0,0.0,0.0,0.0,28,0.045694876239274644,6,18,-12,0,0,0,0,0,0,0,0,1
1bgg,B,268,ALA,1.8,88.6,0.0,0,0,X,0.0,0.0,0.0,0.0,0.0,0.0,0.0,0.0,16,0.03357174580844668,0,17,-17,0,0,0,0,0,0,0,0,1
1bgg,B,269,GLU,-3.5,138.4,-1.0,1,3,X,0.0,0.0,0.0,0.0,0.0,0.0,0.0,0.0,15,0.027510180593032695,0,8,-8,0,0,0,0,0,0,0,0,1
1bgg,B,270,GLN,-3.5,143.8,0.0,2,2,X,0.0,0.0,0.0,0.0,0.0,0.0,0.0,0.0,21,0.027043906345693154,1,14,-13,0,0,0,0,0,0,0,0,1
1bgg,B,271,GLY,-0.4,60.1,0.0,0,0,X,0.0,0.0,0.0,0.0,0.0,0.0,0.0,0.0,16,0.02331371236697686,0,11,-11,0,0,0,0,0,0,0,0,1
1bgg,B,272,ALA,1.8,88.6,0.0,0,0,X,0.0,0.0,0.0,0.0,0.0,0.0,0.0,0.0,23,0.034970568550465285,0,18,-18,0,0,0,0,0,0,0,0,1
1bgg,B,273,THR,-0.7,116.1,0.0,1,1,X,0.0,0.0,0.0,0.0,0.0,0.0,0.0,0.0,22,0.032639197313767604,4,13,-9,0,0,0,0,0,0,0,0,1
1bgg,B,274,VAL,4.2,140.0,0.0,0,0,X,0.0,0.0,0.0,0.0,0.0,0.0,0.0,0.0,33,0.03870076252918159,18,12,6,0,0,0,0,0,0,0,0,1
1bgg,B,275,PRO,-1.6,112.7,0.0,0,0,X,0.0,0.0,0.0,0.0,0.0,0.0,0.0,0.0,27,0.0363693912924839,29,16,13,0,0,0,0,0,0,0,0,1
1bgg,B,276,ILE,4.5,166.7,0.0,0,0,X,0.0,0.0,0.0,0.0,0.0,0.0,0.0,0.0,24,0.034970568550465285,22,20,2,0,0,0,0,0,0,0,0,1
1bgg,B,277,GLN,-3.5,143.8,0.0,2,2,X,0.0,0.0,0.0,0.0,0.0,0.0,0.0,0.0,15,0.027510180593032695,23,17,6,0,0,0,0,0,0,0,0,1
1bgg,B,278,ASP,-3.5,111.1,-1.0,1,3,X,0.0,0.0,0.0,0.0,0.0,0.0,0.0,0.0,10,0.02098234113027917,6,14,-8,0,0,0,0,0,0,0,0,1
1bgg,B,279,GLY,-0.4,60.1,0.0,0,0,X,0.0,0.0,0.0,0.0,0.0,0.0,0.0,0.0,16,0.025178809356335007,13,24,-11,0,0,0,0,0,0,0,0,1
1bgg,B,280,ASP,-3.5,111.1,-1.0,1,3,X,0.0,0.0,0.0,0.0,0.0,0.0,0.0,0.0,24,0.040565859518539735,28,16,12,0,0,0,0,0,0,0,0,1
1bgg,B,281,MET,1.9,162.9,0.0,0,0,X,0.0,0.0,0.0,0.0,0.0,0.0,0.0,0.0,27,0.03916703677652112,11,26,-15,0,0,0,0,0,0,0,0,1
1bgg,B,282,ASP,-3.5,111.1,-1.0,1,3,X,0.0,0.0,0.0,0.0,0.0,0.0,0.0,0.0,21,0.02844272908771177,7,22,-15,0,0,0,0,0,0,0,0,1
1bgg,B,283,ILE,4.5,166.7,0.0,0,0,X,0.0,0.0,0.0,0.0,0.0,0.0,0.0,0.0,30,0.03870076252918159,29,29,0,0,0,0,0,0,0,0,0,1
1bgg,B,284,ILE,4.5,166.7,0.0,0,0,X,0.0,0.0,0.0,0.0,0.0,0.0,0.0,0.0,37,0.05175644145468863,31,25,6,0,0,0,0,0,0,0,0,1
1bgg,B,285,GLY,-0.4,60.1,0.0,0,0,X,0.0,0.0,0.0,0.0,0.0,0.0,0.0,0.0,26,0.04243095650789788,19,21,-2,0,0,0,0,0,0,0,0,1
1bgg,B,286,GLU,-3.5,138.4,-1.0,1,3,X,0.0,0.0,0.0,0.0,0.0,0.0,0.0,0.0,28,0.040099585271200194,34,17,17,0,0,0,0,0,0,0,0,1
1bgg,B,287,PRO,-1.6,112.7,0.0,0,0,X,0.0,0.0,0.0,0.0,0.0,0.0,0.0,0.0,22,0.029375277582390842,25,19,6,0,0,0,0,0,0,0,0,1
1bgg,B,288,ILE,4.5,166.7,0.0,0,0,X,0.0,0.0,0.0,0.0,0.0,0.0,0.0,0.0,32,0.04196468226055834,16,24,-8,0,0,0,0,0,0,0,0,1
1bgg,B,289,ASP,-3.5,111.1,-1.0,1,3,X,0.0,0.0,0.0,0.0,0.0,0.0,0.0,0.0,28,0.03403802005578621,18,11,7,0,0,0,0,0,0,0,0,1
1bgg,B,290,MET,1.9,162.9,0.0,0,0,X,0.0,0.0,0.0,0.0,0.0,0.0,0.0,0.0,34,0.04709369898129325,27,16,11,0,0,0,0,0,0,0,0,1
1bgg,B,291,ILE,4.5,166.7,0.0,0,0,X,0.0,0.0,0.0,0.0,0.0,0.0,0.0,0.0,39,0.05175644145468863,9,13,-4,0,0,0,0,0,0,0,0,1
1bgg,B,292,GLY,-0.4,60.1,0.0,0,0,X,0.0,0.0,0.0,0.0,0.0,0.0,0.0,0.0,43,0.053155264196707235,9,23,-14,0,0,0,0,0,0,0,0,1
1bgg,B,293,ILE,4.5,166.7,0.0,0,0,X,0.0,0.0,0.0,0.0,0.0,0.0,0.0,0.0,40,0.04709369898129325,8,17,-9,0,0,0,0,0,0,0,0,1
1bgg,B,294,ASN,-3.5,114.1,0.0,2,2,X,0.0,0.0,0.0,0.0,0.0,0.0,0.0,0.0,42,0.053155264196707235,15,18,-3,0,0,0,0,0,0,0,0,1
1bgg,B,295,TYR,-1.3,193.6,0.0,1,1,X,0.0,0.0,0.0,0.0,0.0,0.0,0.0,0.0,40,0.050823892960009553,17,18,-1,0,0,0,0,0,0,0,0,1
1bgg,B,296,TYR,-1.3,193.6,0.0,1,1,X,0.0,0.0,0.0,0.0,0.0,0.0,0.0,0.0,36,0.04289723075523742,9,18,-9,0,0,0,0,0,0,0,0,1
1bgg,B,297,SER,-0.8,89.0,0.0,1,1,X,0.0,0.0,0.0,0.0,0.0,0.0,0.0,0.0,35,0.048492521723311866,13,14,-1,0,0,0,0,0,0,0,0,1
1bgg,B,298,MET,1.9,162.9,0.0,0,0,X,0.0,0.0,0.0,0.0,0.0,0.0,0.0,0.0,32,0.04709369898129325,14,23,-9,0,0,0,0,0,0,0,0,1
1bgg,B,299,SER,-0.8,89.0,0.0,1,1,X,0.0,0.0,0.0,0.0,0.0,0.0,0.0,0.0,31,0.04149840801321881,8,22,-14,0,0,0,0,0,0,0,0,1
1bgg,B,300,VAL,4.2,140.0,0.0,0,0,X,0.0,0.0,0.0,0.0,0.0,0.0,0.0,0.0,27,0.043829779249916496,13,30,-17,0,0,0,0,0,0,0,0,1
1bgg,B,301,ASN,-3.5,114.1,0.0,2,2,X,0.0,0.0,0.0,0.0,0.0,0.0,0.0,0.0,32,0.05455408693872585,22,28,-6,0,0,0,0,0,0,0,0,1
1bgg,B,302,ARG,-4.5,173.4,1.0,5,0,X,0.0,0.0,0.0,0.0,0.0,0.0,0.0,0.0,25,0.056419183928083996,2,32,-30,0,0,0,0,0,0,0,0,1
1bgg,B,303,PHE,2.8,189.9,0.0,0,0,X,0.0,0.0,0.0,0.0,0.0,0.0,0.0,0.0,25,0.04989134446533048,22,38,-16,0,0,0,0,0,0,0,0,1
1bgg,B,304,ASN,-3.5,114.1,0.0,2,2,X,0.0,0.0,0.0,0.0,0.0,0.0,0.0,0.0,19,0.03870076252918159,15,35,-20,0,0,0,0,0,0,0,0,1
1bgg,B,305,PRO,-1.6,112.7,0.0,0,0,X,0.0,0.0,0.0,0.0,0.0,0.0,0.0,0.0,16,0.02797645484037223,9,19,-10,0,0,0,0,0,0,0,0,1
1bgg,B,306,GLU,-3.5,138.4,-1.0,1,3,X,0.0,0.0,0.0,0.0,0.0,0.0,0.0,0.0,10,0.022847438119637322,0,7,-7,0,0,0,0,0,0,0,0,1
1bgg,B,307,ALA,1.8,88.6,0.0,0,0,X,0.0,0.0,0.0,0.0,0.0,0.0,0.0,0.0,19,0.03403802005578621,11,23,-12,0,0,0,0,0,0,0,0,1
1bgg,B,308,GLY,-0.4,60.1,0.0,0,0,X,0.0,0.0,0.0,0.0,0.0,0.0,0.0,0.0,20,0.026577632098353617,6,15,-9,0,0,0,0,0,0,0,0,1
1bgg,B,309,PHE,2.8,189.9,0.0,0,0,X,0.0,0.0,0.0,0.0,0.0,0.0,0.0,0.0,27,0.032172923066428064,9,2,7,0,0,0,0,0,0,0,0,1
1bgg,B,310,LEU,3.8,166.7,0.0,0,0,X,0.0,0.0,0.0,0.0,0.0,0.0,0.0,0.0,33,0.04149840801321881,16,8,8,0,0,0,0,0,0,0,0,1
1bgg,B,311,GLN,-3.5,143.8,0.0,2,2,X,0.0,0.0,0.0,0.0,0.0,0.0,0.0,0.0,20,0.045694876239274644,15,22,-7,0,0,0,0,0,0,0,0,1
1bgg,B,312,SER,-0.8,89.0,0.0,1,1,X,0.0,0.0,0.0,0.0,0.0,0.0,0.0,0.0,31,0.05408781269138631,22,32,-10,0,0,0,0,0,0,0,0,1
1bgg,B,313,GLU,-3.5,138.4,-1.0,1,3,X,0.0,0.0,0.0,0.0,0.0,0.0,0.0,0.0,26,0.03823448828184205,12,22,-10,0,0,0,0,0,0,0,0,1
1bgg,B,314,GLU,-3.5,138.4,-1.0,1,3,X,0.0,0.0,0.0,0.0,0.0,0.0,0.0,0.0,25,0.03310547156110714,10,9,1,0,0,0,0,0,0,0,0,1
1bgg,B,315,ILE,4.5,166.7,0.0,0,0,X,0.0,0.0,0.0,0.0,0.0,0.0,0.0,0.0,22,0.03730193978716297,11,21,-10,0,0,0,0,0,0,0,0,1
1bgg,B,316,ASN,-3.5,114.1,0.0,2,2,X,0.0,0.0,0.0,0.0,0.0,0.0,0.0,0.0,16,0.025178809356335007,2,14,-12,0,0,0,0,0,0,0,0,1
1bgg,B,317,MET,1.9,162.9,0.0,0,0,X,0.0,0.0,0.0,0.0,0.0,0.0,0.0,0.0,18,0.023779986614316396,1,12,-11,0,0,0,0,0,0,0,0,1
1bgg,B,318,GLY,-0.4,60.1,0.0,0,0,X,0.0,0.0,0.0,0.0,0.0,0.0,0.0,0.0,12,0.018650969893581486,0,1,-1,0,0,0,0,0,0,0,0,1
1bgg,B,319,LEU,3.8,166.7,0.0,0,0,X,0.0,0.0,0.0,0.0,0.0,0.0,0.0,0.0,18,0.02471253510899547,0,10,-10,0,0,0,0,0,0,0,0,1
1bgg,B,320,PRO,-1.6,112.7,0.0,0,0,X,0.0,0.0,0.0,0.0,0.0,0.0,0.0,0.0,17,0.021914889624958248,5,8,-3,0,0,0,0,0,0,0,0,1
1bgg,B,321,VAL,4.2,140.0,0.0,0,0,X,0.0,0.0,0.0,0.0,0.0,0.0,0.0,0.0,19,0.03403802005578621,7,10,-3,0,0,0,0,0,0,0,0,1
1bgg,B,322,THR,-0.7,116.1,0.0,1,1,X,0.0,0.0,0.0,0.0,0.0,0.0,0.0,0.0,23,0.04196468226055834,18,9,9,0,0,0,0,0,0,0,0,1
1bgg,B,323,ASP,-3.5,111.1,-1.0,1,3,X,0.0,0.0,0.0,0.0,0.0,0.0,0.0,0.0,20,0.0363693912924839,21,10,11,0,0,0,0,0,0,0,0,1
1bgg,B,324,ILE,4.5,166.7,0.0,0,0,X,0.0,0.0,0.0,0.0,0.0,0.0,0.0,0.0,22,0.03730193978716297,6,25,-19,0,0,0,0,0,0,0,0,1
1bgg,B,325,GLY,-0.4,60.1,0.0,0,0,X,0.0,0.0,0.0,0.0,0.0,0.0,0.0,0.0,22,0.027510180593032695,1,15,-14,0,0,0,0,0,0,0,0,1
1bgg,B,326,TRP,-0.9,227.8,0.0,1,0,X,0.0,0.0,0.0,0.0,0.0,0.0,0.0,0.0,23,0.034970568550465285,0,18,-18,0,0,0,0,0,0,0,0,1
1bgg,B,327,PRO,-1.6,112.7,0.0,0,0,X,0.0,0.0,0.0,0.0,0.0,0.0,0.0,0.0,28,0.03870076252918159,3,17,-14,0,0,0,0,0,0,0,0,1
1bgg,B,328,VAL,4.2,140.0,0.0,0,0,X,0.0,0.0,0.0,0.0,0.0,0.0,0.0,0.0,29,0.045694876239274644,18,10,8,0,0,0,0,0,0,0,0,1
1bgg,B,329,GLU,-3.5,138.4,-1.0,1,3,X,0.0,0.0,0.0,0.0,0.0,0.0,0.0,0.0,26,0.040099585271200194,19,6,13,0,0,0,0,0,0,0,0,1
1bgg,B,330,SER,-0.8,89.0,0.0,1,1,X,0.0,0.0,0.0,0.0,0.0,0.0,0.0,0.0,29,0.048492521723311866,28,16,12,0,0,0,0,0,0,0,0,1
1bgg,B,331,ARG,-4.5,173.4,1.0,5,0,X,0.0,0.0,0.0,0.0,0.0,0.0,0.0,0.0,21,0.04149840801321881,8,18,-10,0,0,0,0,0,0,0,0,1
1bgg,B,332,GLY,-0.4,60.1,0.0,0,0,X,0.0,0.0,0.0,0.0,0.0,0.0,0.0,0.0,33,0.05129016720734909,32,18,14,0,0,0,0,0,0,0,0,1
1bgg,B,333,LEU,3.8,166.7,0.0,0,0,X,0.0,0.0,0.0,0.0,0.0,0.0,0.0,0.0,38,0.053155264196707235,35,17,18,0,0,0,0,0,0,0,0,1
1bgg,B,334,TYR,-1.3,193.6,0.0,1,1,X,0.0,0.0,0.0,0.0,0.0,0.0,0.0,0.0,28,0.05222271570202816,40,18,22,0,0,0,0,0,0,0,0,1
1bgg,B,335,GLU,-3.5,138.4,-1.0,1,3,X,0.0,0.0,0.0,0.0,0.0,0.0,0.0,0.0,25,0.04476232774459557,27,6,21,0,0,0,0,0,0,0,0,1
1bgg,B,336,VAL,4.2,140.0,0.0,0,0,X,0.0,0.0,0.0,0.0,0.0,0.0,0.0,0.0,37,0.04942507021799094,19,12,7,0,0,0,0,0,0,0,0,1
1bgg,B,337,LEU,3.8,166.7,0.0,0,0,X,0.0,0.0,0.0,0.0,0.0,0.0,0.0,0.0,42,0.045694876239274644,27,14,13,0,0,0,0,0,0,0,0,1
1bgg,B,338,HIS,-3.2,153.2,0.1,2,1,X,0.0,0.0,0.0,0.0,0.0,0.0,0.0,0.0,25,0.04149840801321881,18,17,1,0,0,0,0,0,0,0,0,1
1bgg,B,339,TYR,-1.3,193.6,0.0,1,1,X,0.0,0.0,0.0,0.0,0.0,0.0,0.0,0.0,26,0.03870076252918159,17,15,2,0,0,0,0,0,0,0,0,1
1bgg,B,340,LEU,3.8,166.7,0.0,0,0,X,0.0,0.0,0.0,0.0,0.0,0.0,0.0,0.0,32,0.04476232774459557,17,15,2,0,0,0,0,0,0,0,0,1
1bgg,B,341,GLN,-3.5,143.8,0.0,2,2,X,0.0,0.0,0.0,0.0,0.0,0.0,0.0,0.0,24,0.03870076252918159,27,9,18,0,0,0,0,0,0,0,0,1
1bgg,B,342,LYS,-3.9,168.6,1.0,2,0,X,0.0,0.0,0.0,0.0,0.0,0.0,0.0,0.0,20,0.028909003335051305,5,9,-4,0,0,0,0,0,0,0,0,1
1bgg,B,343,TYR,-1.3,193.6,0.0,1,1,X,0.0,0.0,0.0,0.0,0.0,0.0,0.0,0.0,26,0.035436842797804825,11,8,3,0,0,0,0,0,0,0,0,1
1bgg,B,344,GLY,-0.4,60.1,0.0,0,0,X,0.0,0.0,0.0,0.0,0.0,0.0,0.0,0.0,19,0.025178809356335007,22,7,15,0,0,0,0,0,0,0,0,1
1bgg,B,345,ASN,-3.5,114.1,0.0,2,2,X,0.0,0.0,0.0,0.0,0.0,0.0,0.0,0.0,19,0.032172923066428064,25,11,14,0,0,0,0,0,0,0,0,1
1bgg,B,346,ILE,4.5,166.7,0.0,0,0,X,0.0,0.0,0.0,0.0,0.0,0.0,0.0,0.0,26,0.04103213376587927,23,13,10,0,0,0,0,0,0,0,0,1
1bgg,B,347,ASP,-3.5,111.1,-1.0,1,3,X,0.0,0.0,0.0,0.0,0.0,0.0,0.0,0.0,27,0.045228601991935104,20,8,12,0,0,0,0,0,0,0,0,1
1bgg,B,348,ILE,4.5,166.7,0.0,0,0,X,0.0,0.0,0.0,0.0,0.0,0.0,0.0,0.0,40,0.05129016720734909,20,10,10,0,0,0,0,0,0,0,0,1
1bgg,B,349,TYR,-1.3,193.6,0.0,1,1,X,0.0,0.0,0.0,0.0,0.0,0.0,0.0,0.0,38,0.050823892960009553,27,15,12,0,0,0,0,0,0,0,0,1
1bgg,B,350,ILE,4.5,166.7,0.0,0,0,X,0.0,0.0,0.0,0.0,0.0,0.0,0.0,0.0,45,0.05222271570202816,21,11,10,0,0,0,0,0,0,0,0,1
1bgg,B,351,THR,-0.7,116.1,0.0,1,1,X,0.0,0.0,0.0,0.0,0.0,0.0,0.0,0.0,44,0.05408781269138631,15,15,0,0,0,0,0,0,0,0,0,1
1bgg,B,352,GLU,-3.5,138.4,-1.0,1,3,X,0.0,0.0,0.0,0.0,0.0,0.0,0.0,0.0,41,0.05735173242276307,16,8,8,0,0,0,0,0,0,0,0,1
1bgg,B,353,ASN,-3.5,114.1,0.0,2,2,X,0.0,0.0,0.0,0.0,0.0,0.0,0.0,0.0,38,0.05548663543340492,15,10,5,0,0,0,0,0,0,0,0,1
1bgg,B,354,GLY,-0.4,60.1,0.0,0,0,X,0.0,0.0,0.0,0.0,0.0,0.0,0.0,0.0,37,0.05455408693872585,24,12,12,0,0,0,0,0,0,0,0,1
1bgg,B,355,ALA,1.8,88.6,0.0,0,0,X,0.0,0.0,0.0,0.0,0.0,0.0,0.0,0.0,40,0.0526889899493677,37,23,14,0,0,0,0,0,0,0,0,1
1bgg,B,356,CYS,2.5,108.5,0.0,1,0,X,0.0,0.0,0.0,0.0,0.0,0.0,0.0,0.0,29,0.0526889899493677,32,34,-2,0,0,0,0,0,0,0,0,1
1bgg,B,357,ILE,4.5,166.7,0.0,0,0,X,0.0,0.0,0.0,0.0,0.0,0.0,0.0,0.0,34,0.05175644145468863,37,38,-1,0,0,0,0,0,0,0,0,1
1bgg,B,358,ASN,-3.5,114.1,0.0,2,2,X,0.0,0.0,0.0,0.0,0.0,0.0,0.0,0.0,24,0.04149840801321881,34,35,-1,0,0,0,0,0,0,0,0,1
1bgg,B,359,ASP,-3.5,111.1,-1.0,1,3,X,0.0,0.0,0.0,0.0,0.0,0.0,0.0,0.0,26,0.03916703677652112,51,38,13,0,0,0,0,0,0,0,0,1
1bgg,B,360,GLU,-3.5,138.4,-1.0,1,3,X,0.0,0.0,0.0,0.0,0.0,0.0,0.0,0.0,25,0.03310547156110714,40,25,15,0,0,0,0,0,0,0,0,1
1bgg,B,361,VAL,4.2,140.0,0.0,0,0,X,0.0,0.0,0.0,0.0,0.0,0.0,0.0,0.0,23,0.032172923066428064,39,28,11,0,0,0,0,0,0,0,0,1
1bgg,B,362,VAL,4.2,140.0,0.0,0,0,X,0.0,0.0,0.0,0.0,0.0,0.0,0.0,0.0,12,0.025178809356335007,14,21,-7,0,0,0,0,0,0,0,0,1
1bgg,B,363,ASN,-3.5,114.1,0.0,2,2,X,0.0,0.0,0.0,0.0,0.0,0.0,0.0,0.0,11,0.017718421398902413,12,13,-1,0,0,0,0,0,0,0,0,1
1bgg,B,364,GLY,-0.4,60.1,0.0,0,0,X,0.0,0.0,0.0,0.0,0.0,0.0,0.0,0.0,18,0.02144861537761871,29,14,15,0,0,0,0,0,0,0,0,1
1bgg,B,365,LYS,-3.9,168.6,1.0,2,0,X,0.0,0.0,0.0,0.0,0.0,0.0,0.0,0.0,20,0.040099585271200194,16,30,-14,0,0,0,0,0,0,0,0,1
1bgg,B,366,VAL,4.2,140.0,0.0,0,0,X,0.0,0.0,0.0,0.0,0.0,0.0,0.0,0.0,31,0.05035761871267001,48,44,4,0,0,0,0,0,0,0,0,1
1bgg,B,367,GLN,-3.5,143.8,0.0,2,2,X,0.0,0.0,0.0,0.0,0.0,0.0,0.0,0.0,21,0.03776821403450251,35,37,-2,0,0,0,0,0,0,0,0,1
1bgg,B,368,ASP,-3.5,111.1,-1.0,1,3,X,0.0,0.0,0.0,0.0,0.0,0.0,0.0,0.0,34,0.048958795970651406,45,32,13,0,0,0,0,0,0,0,0,1
1bgg,B,369,ASP,-3.5,111.1,-1.0,1,3,X,0.0,0.0,0.0,0.0,0.0,0.0,0.0,0.0,18,0.035436842797804825,27,23,4,0,0,0,0,0,0,0,0,1
1bgg,B,370,ARG,-4.5,173.4,1.0,5,0,X,0.0,0.0,0.0,0.0,0.0,0.0,0.0,0.0,23,0.035436842797804825,12,31,-19,0,0,0,0,0,0,0,0,1
1bgg,B,371,ARG,-4.5,173.4,1.0,5,0,X,0.0,0.0,0.0,0.0,0.0,0.0,0.0,0.0,38,0.048958795970651406,27,37,-10,0,0,0,0,0,0,0,0,1
1bgg,B,372,ILE,4.5,166.7,0.0,0,0,X,0.0,0.0,0.0,0.0,0.0,0.0,0.0,0.0,29,0.045228601991935104,25,26,-1,0,0,0,0,0,0,0,0,1
1bgg,B,373,SER,-0.8,89.0,0.0,1,1,X,0.0,0.0,0.0,0.0,0.0,0.0,0.0,0.0,24,0.035436842797804825,27,15,12,0,0,0,0,0,0,0,0,1
1bgg,B,374,TYR,-1.3,193.6,0.0,1,1,X,0.0,0.0,0.0,0.0,0.0,0.0,0.0,0.0,38,0.04662742473395372,27,10,17,0,0,0,0,0,0,0,0,1
1bgg,B,375,MET,1.9,162.9,0.0,0,0,X,0.0,0.0,0.0,0.0,0.0,0.0,0.0,0.0,38,0.05222271570202816,26,11,15,0,0,0,0,0,0,0,0,1
1bgg,B,376,GLN,-3.5,143.8,0.0,2,2,X,0.0,0.0,0.0,0.0,0.0,0.0,0.0,0.0,27,0.045228601991935104,26,9,17,0,0,0,0,0,0,0,0,1
1bgg,B,377,GLN,-3.5,143.8,0.0,2,2,X,0.0,0.0,0.0,0.0,0.0,0.0,0.0,0.0,28,0.04289723075523742,22,7,15,0,0,0,0,0,0,0,0,1
1bgg,B,378,HIS,-3.2,153.2,0.1,2,1,X,0.0,0.0,0.0,0.0,0.0,0.0,0.0,0.0,35,0.05035761871267001,10,8,2,0,0,0,0,0,0,0,0,1
1bgg,B,379,LEU,3.8,166.7,0.0,0,0,X,0.0,0.0,0.0,0.0,0.0,0.0,0.0,0.0,38,0.04755997322863279,25,4,21,0,0,0,0,0,0,0,0,1
1bgg,B,380,VAL,4.2,140.0,0.0,0,0,X,0.0,0.0,0.0,0.0,0.0,0.0,0.0,0.0,30,0.04429605349725603,36,4,32,0,0,0,0,0,0,0,0,1
1bgg,B,381,GLN,-3.5,143.8,0.0,2,2,X,0.0,0.0,0.0,0.0,0.0,0.0,0.0,0.0,32,0.04989134446533048,43,13,30,0,0,0,0,0,0,0,0,1
1bgg,B,382,VAL,4.2,140.0,0.0,0,0,X,0.0,0.0,0.0,0.0,0.0,0.0,0.0,0.0,39,0.05035761871267001,39,4,35,0,0,0,0,0,0,0,0,1
1bgg,B,383,HIS,-3.2,153.2,0.1,2,1,X,0.0,0.0,0.0,0.0,0.0,0.0,0.0,0.0,27,0.048958795970651406,21,7,14,0,0,0,0,0,0,0,0,1
1bgg,B,384,ARG,-4.5,173.4,1.0,5,0,X,0.0,0.0,0.0,0.0,0.0,0.0,0.0,0.0,23,0.045228601991935104,37,14,23,0,0,0,0,0,0,0,0,1
1bgg,B,385,THR,-0.7,116.1,0.0,1,1,X,0.0,0.0,0.0,0.0,0.0,0.0,0.0,0.0,31,0.050823892960009553,52,12,40,0,0,0,0,0,0,0,0,1
1bgg,B,386,ILE,4.5,166.7,0.0,0,0,X,0.0,0.0,0.0,0.0,0.0,0.0,0.0,0.0,27,0.04289723075523742,49,8,41,0,0,0,0,0,0,0,0,1
1bgg,B,387,HIS,-3.2,153.2,0.1,2,1,X,0.0,0.0,0.0,0.0,0.0,0.0,0.0,0.0,15,0.02984155182973038,22,8,14,0,0,0,0,0,0,0,0,1
1bgg,B,388,ASP,-3.5,111.1,-1.0,1,3,X,0.0,0.0,0.0,0.0,0.0,0.0,0.0,0.0,17,0.028909003335051305,42,0,42,0,0,0,0,0,0,0,0,1
1bgg,B,389,GLY,-0.4,60.1,0.0,0,0,X,0.0,0.0,0.0,0.0,0.0,0.0,0.0,0.0,18,0.02797645484037223,37,8,29,0,0,0,0,0,0,0,0,1
1bgg,B,390,LEU,3.8,166.7,0.0,0,0,X,0.0,0.0,0.0,0.0,0.0,0.0,0.0,0.0,26,0.04429605349725603,42,15,27,0,0,0,0,0,0,0,0,1
1bgg,B,391,HIS,-3.2,153.2,0.1,2,1,X,0.0,0.0,0.0,0.0,0.0,0.0,0.0,0.0,21,0.03916703677652112,10,14,-4,0,0,0,0,0,0,0,0,1
1bgg,B,392,VAL,4.2,140.0,0.0,0,0,X,0.0,0.0,0.0,0.0,0.0,0.0,0.0,0.0,36,0.048958795970651406,32,14,18,0,0,0,0,0,0,0,0,1
1bgg,B,393,LYS,-3.9,168.6,1.0,2,0,X,0.0,0.0,0.0,0.0,0.0,0.0,0.0,0.0,30,0.043829779249916496,17,17,0,0,0,0,0,0,0,0,0,1
1bgg,B,394,GLY,-0.4,60.1,0.0,0,0,X,0.0,0.0,0.0,0.0,0.0,0.0,0.0,0.0,40,0.050823892960009553,23,12,11,0,0,0,0,0,0,0,0,1
1bgg,B,395,TYR,-1.3,193.6,0.0,1,1,X,0.0,0.0,0.0,0.0,0.0,0.0,0.0,0.0,43,0.05408781269138631,13,6,7,0,0,0,0,0,0,0,0,1
1bgg,B,396,MET,1.9,162.9,0.0,0,0,X,0.0,0.0,0.0,0.0,0.0,0.0,0.0,0.0,44,0.05502036118606539,17,10,7,0,0,0,0,0,0,0,0,1
1bgg,B,397,ALA,1.8,88.6,0.0,0,0,X,0.0,0.0,0.0,0.0,0.0,0.0,0.0,0.0,41,0.05035761871267001,16,9,7,0,0,0,0,0,0,0,0,1
1bgg,B,398,TRP,-0.9,227.8,0.0,1,0,X,0.0,0.0,0.0,0.0,0.0,0.0,0.0,0.0,43,0.05408781269138631,23,25,-2,0,0,0,0,0,0,0,0,1
1bgg,B,399,SER,-0.8,89.0,0.0,1,1,X,0.0,0.0,0.0,0.0,0.0,0.0,0.0,0.0,42,0.04989134446533048,25,19,6,0,0,0,0,0,0,0,0,1
1bgg,B,400,LEU,3.8,166.7,0.0,0,0,X,0.0,0.0,0.0,0.0,0.0,0.0,0.0,0.0,43,0.04755997322863279,27,18,9,0,0,0,0,0,0,0,0,1
1bgg,B,401,LEU,3.8,166.7,0.0,0,0,X,0.0,0.0,0.0,0.0,0.0,0.0,0.0,0.0,45,0.04942507021799094,35,22,13,0,0,0,0,0,0,0,0,1
1bgg,B,402,ASP,-3.5,111.1,-1.0,1,3,X,0.0,0.0,0.0,0.0,0.0,0.0,0.0,0.0,42,0.05408781269138631,43,20,23,0,0,0,0,0,0,0,0,1
1bgg,B,403,ASN,-3.5,114.1,0.0,2,2,X,0.0,0.0,0.0,0.0,0.0,0.0,0.0,0.0,40,0.05735173242276307,17,26,-9,0,0,0,0,0,0,0,0,1
1bgg,B,404,PHE,2.8,189.9,0.0,0,0,X,0.0,0.0,0.0,0.0,0.0,0.0,0.0,0.0,35,0.05735173242276307,3,33,-30,0,0,0,0,0,0,0,0,1
1bgg,B,405,GLU,-3.5,138.4,-1.0,1,3,X,0.0,0.0,0.0,0.0,0.0,0.0,0.0,0.0,34,0.05035761871267001,12,19,-7,0,0,0,0,0,0,0,0,1
1bgg,B,406,TRP,-0.9,227.8,0.0,1,0,X,0.0,0.0,0.0,0.0,0.0,0.0,0.0,0.0,40,0.04616115048661418,20,29,-9,0,0,0,0,0,0,0,0,1
1bgg,B,407,ALA,1.8,88.6,0.0,0,0,X,0.0,0.0,0.0,0.0,0.0,0.0,0.0,0.0,30,0.04476232774459557,17,26,-9,0,0,0,0,0,0,0,0,1
1bgg,B,408,GLU,-3.5,138.4,-1.0,1,3,X,0.0,0.0,0.0,0.0,0.0,0.0,0.0,0.0,27,0.04289723075523742,10,19,-9,0,0,0,0,0,0,0,0,1
1bgg,B,409,GLY,-0.4,60.1,0.0,0,0,X,0.0,0.0,0.0,0.0,0.0,0.0,0.0,0.0,30,0.0526889899493677,11,30,-19,0,0,0,0,0,0,0,0,1
1bgg,B,410,TYR,-1.3,193.6,0.0,1,1,X,0.0,0.0,0.0,0.0,0.0,0.0,0.0,0.0,35,0.04476232774459557,12,35,-23,0,0,0,0,0,0,0,0,1
1bgg,B,411,ASN,-3.5,114.1,0.0,2,2,X,0.0,0.0,0.0,0.0,0.0,0.0,0.0,0.0,24,0.035436842797804825,14,35,-21,0,0,0,0,0,0,0,0,1
1bgg,B,412,MET,1.9,162.9,0.0,0,0,X,0.0,0.0,0.0,0.0,0.0,0.0,0.0,0.0,30,0.048492521723311866,13,35,-22,0,0,0,0,0,0,0,0,1
1bgg,B,413,ARG,-4.5,173.4,1.0,5,0,X,0.0,0.0,0.0,0.0,0.0,0.0,0.0,0.0,35,0.05175644145468863,20,46,-26,0,0,0,0,0,0,0,0,1
1bgg,B,414,PHE,2.8,189.9,0.0,0,0,X,0.0,0.0,0.0,0.0,0.0,0.0,0.0,0.0,38,0.05408781269138631,20,32,-12,0,0,0,0,0,0,0,0,1
1bgg,B,415,GLY,-0.4,60.1,0.0,0,0,X,0.0,0.0,0.0,0.0,0.0,0.0,0.0,0.0,39,0.053621538444046775,41,25,16,0,0,0,0,0,0,0,0,1
1bgg,B,416,MET,1.9,162.9,0.0,0,0,X,0.0,0.0,0.0,0.0,0.0,0.0,0.0,0.0,42,0.05502036118606539,33,21,12,0,0,0,0,0,0,0,0,1
1bgg,B,417,ILE,4.5,166.7,0.0,0,0,X,0.0,0.0,0.0,0.0,0.0,0.0,0.0,0.0,38,0.05408781269138631,41,30,11,0,0,0,0,0,0,0,0,1
1bgg,B,418,HIS,-3.2,153.2,0.1,2,1,X,0.0,0.0,0.0,0.0,0.0,0.0,0.0,0.0,37,0.05222271570202816,39,35,4,0,0,0,0,0,0,0,0,1
1bgg,B,419,VAL,4.2,140.0,0.0,0,0,X,0.0,0.0,0.0,0.0,0.0,0.0,0.0,0.0,36,0.053621538444046775,46,33,13,0,0,0,0,0,0,0,0,1
1bgg,B,420,ASP,-3.5,111.1,-1.0,1,3,X,0.0,0.0,0.0,0.0,0.0,0.0,0.0,0.0,23,0.04243095650789788,45,18,27,0,0,0,0,0,0,0,0,1
1bgg,B,421,PHE,2.8,189.9,0.0,0,0,X,0.0,0.0,0.0,0.0,0.0,0.0,0.0,0.0,32,0.04196468226055834,44,27,17,0,0,0,0,0,0,0,0,1
1bgg,B,422,ARG,-4.5,173.4,1.0,5,0,X,0.0,0.0,0.0,0.0,0.0,0.0,0.0,0.0,26,0.03124037457174899,27,21,6,0,0,0,0,0,0,0,0,1
1bgg,B,423,THR,-0.7,116.1,0.0,1,1,X,0.0,0.0,0.0,0.0,0.0,0.0,0.0,0.0,20,0.028909003335051305,38,15,23,0,0,0,0,0,0,0,0,1
1bgg,B,424,GLN,-3.5,143.8,0.0,2,2,X,0.0,0.0,0.0,0.0,0.0,0.0,0.0,0.0,28,0.04103213376587927,43,27,16,0,0,0,0,0,0,0,0,1
1bgg,B,425,VAL,4.2,140.0,0.0,0,0,X,0.0,0.0,0.0,0.0,0.0,0.0,0.0,0.0,20,0.035436842797804825,36,15,21,0,0,0,0,0,0,0,0,1
1bgg,B,426,ARG,-4.5,173.4,1.0,5,0,X,0.0,0.0,0.0,0.0,0.0,0.0,0.0,0.0,32,0.03963331102386066,27,43,-16,0,0,0,0,0,0,0,0,1
1bgg,B,427,THR,-0.7,116.1,0.0,1,1,X,0.0,0.0,0.0,0.0,0.0,0.0,0.0,0.0,33,0.03916703677652112,40,33,7,0,0,0,0,0,0,0,0,1
1bgg,B,428,PRO,-1.6,112.7,0.0,0,0,X,0.0,0.0,0.0,0.0,0.0,0.0,0.0,0.0,31,0.04616115048661418,51,20,31,0,0,0,0,0,0,0,0,1
1bgg,B,429,LYS,-3.9,168.6,1.0,2,0,X,0.0,0.0,0.0,0.0,0.0,0.0,0.0,0.0,39,0.05548663543340492,47,41,6,0,0,0,0,0,0,0,0,1
1bgg,B,430,GLU,-3.5,138.4,-1.0,1,3,X,0.0,0.0,0.0,0.0,0.0,0.0,0.0,0.0,29,0.048958795970651406,42,21,21,0,0,0,0,0,0,0,0,1
1bgg,B,431,SER,-0.8,89.0,0.0,1,1,X,0.0,0.0,0.0,0.0,0.0,0.0,0.0,0.0,36,0.05455408693872585,32,25,7,0,0,0,0,0,0,0,0,1
1bgg,B,432,TYR,-1.3,193.6,0.0,1,1,X,0.0,0.0,0.0,0.0,0.0,0.0,0.0,0.0,38,0.053155264196707235,37,22,15,0,0,0,0,0,0,0,0,1
1bgg,B,433,TYR,-1.3,193.6,0.0,1,1,X,0.0,0.0,0.0,0.0,0.0,0.0,0.0,0.0,27,0.04616115048661418,36,23,13,0,0,0,0,0,0,0,0,1
1bgg,B,434,TRP,-0.9,227.8,0.0,1,0,X,0.0,0.0,0.0,0.0,0.0,0.0,0.0,0.0,34,0.03916703677652112,21,23,-2,0,0,0,0,0,0,0,0,1
1bgg,B,435,TYR,-1.3,193.6,0.0,1,1,X,0.0,0.0,0.0,0.0,0.0,0.0,0.0,0.0,40,0.048958795970651406,14,4,10,0,0,0,0,0,0,0,0,1
1bgg,B,436,ARG,-4.5,173.4,1.0,5,0,X,0.0,0.0,0.0,0.0,0.0,0.0,0.0,0.0,29,0.04755997322863279,15,12,3,0,0,0,0,0,0,0,0,1
1bgg,B,437,ASN,-3.5,114.1,0.0,2,2,X,0.0,0.0,0.0,0.0,0.0,0.0,0.0,0.0,26,0.04289723075523742,13,13,0,0,0,0,0,0,0,0,0,1
1bgg,B,438,VAL,4.2,140.0,0.0,0,0,X,0.0,0.0,0.0,0.0,0.0,0.0,0.0,0.0,31,0.0526889899493677,7,5,2,0,0,0,0,0,0,0,0,1
1bgg,B,439,VAL,4.2,140.0,0.0,0,0,X,0.0,0.0,0.0,0.0,0.0,0.0,0.0,0.0,31,0.04709369898129325,15,2,13,0,0,0,0,0,0,0,0,1
1bgg,B,440,SER,-0.8,89.0,0.0,1,1,X,0.0,0.0,0.0,0.0,0.0,0.0,0.0,0.0,28,0.032639197313767604,21,2,19,0,0,0,0,0,0,0,0,1
1bgg,B,441,ASN,-3.5,114.1,0.0,2,2,X,0.0,0.0,0.0,0.0,0.0,0.0,0.0,0.0,31,0.03916703677652112,17,10,7,0,0,0,0,0,0,0,0,1
1bgg,B,442,ASN,-3.5,114.1,0.0,2,2,X,0.0,0.0,0.0,0.0,0.0,0.0,0.0,0.0,27,0.048026247475972325,7,6,1,0,0,0,0,0,0,0,0,1
1bgg,B,443,TRP,-0.9,227.8,0.0,1,0,X,0.0,0.0,0.0,0.0,0.0,0.0,0.0,0.0,34,0.04755997322863279,13,13,0,0,0,0,0,0,0,0,0,1
1bgg,B,444,LEU,3.8,166.7,0.0,0,0,X,0.0,0.0,0.0,0.0,0.0,0.0,0.0,0.0,30,0.05222271570202816,21,9,12,0,0,0,0,0,0,0,0,1
1bgg,B,445,GLU,-3.5,138.4,-1.0,1,3,X,0.0,0.0,0.0,0.0,0.0,0.0,0.0,0.0,23,0.040099585271200194,16,1,15,0,0,0,0,0,0,0,0,1
1bgg,B,446,THR,-0.7,116.1,0.0,1,1,X,0.0,0.0,0.0,0.0,0.0,0.0,0.0,0.0,17,0.032172923066428064,19,9,10,0,0,0,0,0,0,0,0,1
1bgg,B,447,ARG,-4.5,173.4,1.0,5,0,X,0.0,0.0,0.0,0.0,0.0,0.0,0.0,0.0,15,0.02144861537761871,9,9,0,0,0,0,0,0,0,0,0,1
1bgg,B,448,ARG,-4.5,173.4,1.0,5,0,X,0.0,0.0,0.0,0.0,0.0,0.0,0.0,0.0,3,0.01165685618348843,8,0,8,0,0,0,0,0,0,0,0,1
1bgg,C,2,THR,-0.7,116.1,0.0,1,1,X,0.0,0.0,0.0,0.0,0.0,0.0,0.0,0.0,13,0.022847438119637322,18,9,9,0,0,0,0,0,0,0,0,1
1bgg,C,3,ILE,4.5,166.7,0.0,0,0,X,0.0,0.0,0.0,0.0,0.0,0.0,0.0,0.0,18,0.03590311704514436,13,9,4,0,0,0,0,0,0,0,0,1
1bgg,C,4,PHE,2.8,189.9,0.0,0,0,X,0.0,0.0,0.0,0.0,0.0,0.0,0.0,0.0,25,0.04429605349725603,23,9,14,0,0,0,0,0,0,0,0,1
1bgg,C,5,GLN,-3.5,143.8,0.0,2,2,X,0.0,0.0,0.0,0.0,0.0,0.0,0.0,0.0,22,0.03730193978716297,13,4,9,0,0,0,0,0,0,0,0,1
1bgg,C,6,PHE,2.8,189.9,0.0,0,0,X,0.0,0.0,0.0,0.0,0.0,0.0,0.0,0.0,32,0.04289723075523742,20,5,15,0,0,0,0,0,0,0,0,1
1bgg,C,7,PRO,-1.6,112.7,0.0,0,0,X,0.0,0.0,0.0,0.0,0.0,0.0,0.0,0.0,20,0.03170664881908853,22,8,14,0,0,0,0,0,0,0,0,1
1bgg,C,8,GLN,-3.5,143.8,0.0,2,2,X,0.0,0.0,0.0,0.0,0.0,0.0,0.0,0.0,13,0.022381163872297785,4,8,-4,0,0,0,0,0,0,0,0,1
1bgg,C,9,ASP,-3.5,111.1,-1.0,1,3,X,0.0,0.0,0.0,0.0,0.0,0.0,0.0,0.0,13,0.025178809356335007,16,3,13,0,0,0,0,0,0,0,0,1
1bgg,C,10,PHE,2.8,189.9,0.0,0,0,X,0.0,0.0,0.0,0.0,0.0,0.0,0.0,0.0,29,0.04289723075523742,25,8,17,0,0,0,0,0,0,0,0,1
1bgg,C,11,MET,1.9,162.9,0.0,0,0,X,0.0,0.0,0.0,0.0,0.0,0.0,0.0,0.0,34,0.043363505002576956,26,17,9,0,0,0,0,0,0,0,0,1
1bgg,C,12,TRP,-0.9,227.8,0.0,1,0,X,0.0,0.0,0.0,0.0,0.0,0.0,0.0,0.0,36,0.050823892960009553,18,4,14,0,0,0,0,0,0,0,0,1
1bgg,C,13,GLY,-0.4,60.1,0.0,0,0,X,0.0,0.0,0.0,0.0,0.0,0.0,0.0,0.0,38,0.05175644145468863,20,7,13,0,0,0,0,0,0,0,0,1
1bgg,C,14,THR,-0.7,116.1,0.0,1,1,X,0.0,0.0,0.0,0.0,0.0,0.0,0.0,0.0,41,0.05502036118606539,16,8,8,0,0,0,0,0,0,0,0,1
1bgg,C,15,ALA,1.8,88.6,0.0,0,0,X,0.0,0.0,0.0,0.0,0.0,0.0,0.0,0.0,41,0.05408781269138631,16,10,6,0,0,0,0,0,0,0,0,1
1bgg,C,16,THR,-0.7,116.1,0.0,1,1,X,0.0,0.0,0.0,0.0,0.0,0.0,0.0,0.0,41,0.056419183928083996,19,19,0,0,0,0,0,0,0,0,0,1
1bgg,C,17,ALA,1.8,88.6,0.0,0,0,X,0.0,0.0,0.0,0.0,0.0,0.0,0.0,0.0,38,0.05129016720734909,21,24,-3,0,0,0,0,0,0,0,0,1
1bgg,C,18,ALA,1.8,88.6,0.0,0,0,X,0.0,0.0,0.0,0.0,0.0,0.0,0.0,0.0,44,0.050823892960009553,26,20,6,0,0,0,0,0,0,0,0,1
1bgg,C,19,TYR,-1.3,193.6,0.0,1,1,X,0.0,0.0,0.0,0.0,0.0,0.0,0.0,0.0,46,0.053155264196707235,23,30,-7,0,0,0,0,0,0,0,0,1
1bgg,C,20,GLN,-3.5,143.8,0.0,2,2,X,0.0,0.0,0.0,0.0,0.0,0.0,0.0,0.0,40,0.05548663543340492,9,31,-22,0,0,0,0,0,0,0,0,1
1bgg,C,21,ILE,4.5,166.7,0.0,0,0,X,0.0,0.0,0.0,0.0,0.0,0.0,0.0,0.0,44,0.053155264196707235,18,29,-11,0,0,0,0,0,0,0,0,1
1bgg,C,22,GLU,-3.5,138.4,-1.0,1,3,X,0.0,0.0,0.0,0.0,0.0,0.0,0.0,0.0,42,0.05175644145468863,30,21,9,0,0,0,0,0,0,0,0,1
1bgg,C,23,GLY,-0.4,60.1,0.0,0,0,X,0.0,0.0,0.0,0.0,0.0,0.0,0.0,0.0,31,0.04989134446533048,35,30,5,0,0,0,0,0,0,0,0,1
1bgg,C,24,ALA,1.8,88.6,0.0,0,0,X,0.0,0.0,0.0,0.0,0.0,0.0,0.0,0.0,28,0.04755997322863279,29,37,-8,0,0,0,0,0,0,0,0,1
1bgg,C,25,TYR,-1.3,193.6,0.0,1,1,X,0.0,0.0,0.0,0.0,0.0,0.0,0.0,0.0,26,0.04616115048661418,23,22,1,0,0,0,0,0,0,0,0,1
1bgg,C,26,GLN,-3.5,143.8,0.0,2,2,X,0.0,0.0,0.0,0.0,0.0,0.0,0.0,0.0,17,0.032172923066428064,19,20,-1,0,0,0,0,0,0,0,0,1
1bgg,C,27,GLU,-3.5,138.4,-1.0,1,3,X,0.0,0.0,0.0,0.0,0.0,0.0,0.0,0.0,19,0.03310547156110714,29,23,6,0,0,0,0,0,0,0,0,1
1bgg,C,28,ASP,-3.5,111.1,-1.0,1,3,X,0.0,0.0,0.0,0.0,0.0,0.0,0.0,0.0,22,0.032172923066428064,28,24,4,0,0,0,0,0,0,0,0,1
1bgg,C,29,GLY,-0.4,60.1,0.0,0,0,X,0.0,0.0,0.0,0.0,0.0,0.0,0.0,0.0,24,0.03170664881908853,22,27,-5,0,0,0,0,0,0,0,0,1
1bgg,C,30,ARG,-4.5,173.4,1.0,5,0,X,0.0,0.0,0.0,0.0,0.0,0.0,0.0,0.0,36,0.045228601991935104,12,38,-26,0,0,0,0,0,0,0,0,1
1bgg,C,31,GLY,-0.4,60.1,0.0,0,0,X,0.0,0.0,0.0,0.0,0.0,0.0,0.0,0.0,29,0.043829779249916496,22,23,-1,0,0,0,0,0,0,0,0,1
1bgg,C,32,LEU,3.8,166.7,0.0,0,0,X,0.0,0.0,0.0,0.0,0.0,0.0,0.0,0.0,32,0.043363505002576956,21,16,5,0,0,0,0,0,0,0,0,1
1bgg,C,33,SER,-0.8,89.0,0.0,1,1,X,0.0,0.0,0.0,0.0,0.0,0.0,0.0,0.0,36,0.050823892960009553,22,19,3,0,0,0,0,0,0,0,0,1
1bgg,C,34,ILE,4.5,166.7,0.0,0,0,X,0.0,0.0,0.0,0.0,0.0,0.0,0.0,0.0,36,0.048958795970651406,11,21,-10,0,0,0,0,0,0,0,0,1
1bgg,C,35,TRP,-0.9,227.8,0.0,1,0,X,0.0,0.0,0.0,0.0,0.0,0.0,0.0,0.0,36,0.05035761871267001,32,23,9,0,0,0,0,0,0,0,0,1
1bgg,C,36,ASP,-3.5,111.1,-1.0,1,3,X,0.0,0.0,0.0,0.0,0.0,0.0,0.0,0.0,31,0.05222271570202816,19,9,10,0,0,0,0,0,0,0,0,1
1bgg,C,37,THR,-0.7,116.1,0.0,1,1,X,0.0,0.0,0.0,0.0,0.0,0.0,0.0,0.0,29,0.03776821403450251,18,11,7,0,0,0,0,0,0,0,0,1
1bgg,C,38,PHE,2.8,189.9,0.0,0,0,X,0.0,0.0,0.0,0.0,0.0,0.0,0.0,0.0,34,0.04755997322863279,29,10,19,0,0,0,0,0,0,0,0,1
1bgg,C,39,ALA,1.8,88.6,0.0,0,0,X,0.0,0.0,0.0,0.0,0.0,0.0,0.0,0.0,34,0.05548663543340492,21,17,4,0,0,0,0,0,0,0,0,1
1bgg,C,40,HIS,-3.2,153.2,0.1,2,1,X,0.0,0.0,0.0,0.0,0.0,0.0,0.0,0.0,30,0.04103213376587927,6,13,-7,0,0,0,0,0,0,0,0,1
1bgg,C,41,THR,-0.7,116.1,0.0,1,1,X,0.0,0.0,0.0,0.0,0.0,0.0,0.0,0.0,23,0.03450429430312575,19,8,11,0,0,0,0,0,0,0,0,1
1bgg,C,42,PRO,-1.6,112.7,0.0,0,0,X,0.0,0.0,0.0,0.0,0.0,0.0,0.0,0.0,23,0.03683566553982344,16,10,6,0,0,0,0,0,0,0,0,1
1bgg,C,43,GLY,-0.4,60.1,0.0,0,0,X,0.0,0.0,0.0,0.0,0.0,0.0,0.0,0.0,22,0.027510180593032695,16,10,6,0,0,0,0,0,0,0,0,1
1bgg,C,44,LYS,-3.9,168.6,1.0,2,0,X,0.0,0.0,0.0,0.0,0.0,0.0,0.0,0.0,30,0.034970568550465285,12,7,5,0,0,0,0,0,0,0,0,1
1bgg,C,45,VAL,4.2,140.0,0.0,0,0,X,0.0,0.0,0.0,0.0,0.0,0.0,0.0,0.0,34,0.04662742473395372,24,27,-3,0,0,0,0,0,0,0,0,1
1bgg,C,46,PHE,2.8,189.9,0.0,0,0,X,0.0,0.0,0.0,0.0,0.0,0.0,0.0,0.0,21,0.03916703677652112,12,28,-16,0,0,0,0,0,0,0,0,1
1bgg,C,47,ASN,-3.5,114.1,0.0,2,2,X,0.0,0.0,0.0,0.0,0.0,0.0,0.0,0.0,29,0.03357174580844668,14,21,-7,0,0,0,0,0,0,0,0,1
1bgg,C,48,GLY,-0.4,60.1,0.0,0,0,X,0.0,0.0,0.0,0.0,0.0,0.0,0.0,0.0,36,0.048958795970651406,23,22,1,0,0,0,0,0,0,0,0,1
1bgg,C,49,ASP,-3.5,111.1,-1.0,1,3,X,0.0,0.0,0.0,0.0,0.0,0.0,0.0,0.0,35,0.043363505002576956,14,11,3,0,0,0,0,0,0,0,0,1
1bgg,C,50,ASN,-3.5,114.1,0.0,2,2,X,0.0,0.0,0.0,0.0,0.0,0.0,0.0,0.0,35,0.048958795970651406,12,19,-7,0,0,0,0,0,0,0,0,1
1bgg,C,51,GLY,-0.4,60.1,0.0,0,0,X,0.0,0.0,0.0,0.0,0.0,0.0,0.0,0.0,39,0.05408781269138631,15,31,-16,0,0,0,0,0,0,0,0,1
1bgg,C,52,ASN,-3.5,114.1,0.0,2,2,X,0.0,0.0,0.0,0.0,0.0,0.0,0.0,0.0,32,0.03870076252918159,15,24,-9,0,0,0,0,0,0,0,0,1
1bgg,C,53,VAL,4.2,140.0,0.0,0,0,X,0.0,0.0,0.0,0.0,0.0,0.0,0.0,0.0,35,0.03683566553982344,26,18,8,0,0,0,0,0,0,0,0,1
1bgg,C,54,ALA,1.8,88.6,0.0,0,0,X,0.0,0.0,0.0,0.0,0.0,0.0,0.0,0.0,35,0.05035761871267001,12,30,-18,0,0,0,0,0,0,0,0,1
1bgg,C,55,CYS,2.5,108.5,0.0,1,0,X,0.0,0.0,0.0,0.0,0.0,0.0,0.0,0.0,42,0.05548663543340492,32,35,-3,0,0,0,0,0,0,0,0,1
1bgg,C,56,ASP,-3.5,111.1,-1.0,1,3,X,0.0,0.0,0.0,0.0,0.0,0.0,0.0,0.0,32,0.04662742473395372,29,22,7,0,0,0,0,0,0,0,0,1
1bgg,C,57,SER,-0.8,89.0,0.0,1,1,X,0.0,0.0,0.0,0.0,0.0,0.0,0.0,0.0,37,0.050823892960009553,31,40,-9,0,0,0,0,0,0,0,0,1
1bgg,C,58,TYR,-1.3,193.6,0.0,1,1,X,0.0,0.0,0.0,0.0,0.0,0.0,0.0,0.0,30,0.05129016720734909,41,45,-4,0,0,0,0,0,0,0,0,1
1bgg,C,59,HIS,-3.2,153.2,0.1,2,1,X,0.0,0.0,0.0,0.0,0.0,0.0,0.0,0.0,25,0.040565859518539735,23,39,-16,0,0,0,0,0,0,0,0,1
1bgg,C,60,ARG,-4.5,173.4,1.0,5,0,X,0.0,0.0,0.0,0.0,0.0,0.0,0.0,0.0,25,0.04196468226055834,22,36,-14,0,0,0,0,0,0,0,0,1
1bgg,C,61,TYR,-1.3,193.6,0.0,1,1,X,0.0,0.0,0.0,0.0,0.0,0.0,0.0,0.0,27,0.04476232774459557,41,42,-1,0,0,0,0,0,0,0,0,1
1bgg,C,62,GLU,-3.5,138.4,-1.0,1,3,X,0.0,0.0,0.0,0.0,0.0,0.0,0.0,0.0,20,0.034970568550465285,33,19,14,0,0,0,0,0,0,0,0,1
1bgg,C,63,GLU,-3.5,138.4,-1.0,1,3,X,0.0,0.0,0.0,0.0,0.0,0.0,0.0,0.0,26,0.03590311704514436,40,23,17,0,0,0,0,0,0,0,0,1
1bgg,C,64,ASP,-3.5,111.1,-1.0,1,3,X,0.0,0.0,0.0,0.0,0.0,0.0,0.0,0.0,36,0.045694876239274644,39,25,14,0,0,0,0,0,0,0,0,1
1bgg,C,65,ILE,4.5,166.7,0.0,0,0,X,0.0,0.0,0.0,0.0,0.0,0.0,0.0,0.0,33,0.04989134446533048,29,42,-13,0,0,0,0,0,0,0,0,1
1bgg,C,66,ARG,-4.5,173.4,1.0,5,0,X,0.0,0.0,0.0,0.0,0.0,0.0,0.0,0.0,19,0.03823448828184205,16,35,-19,0,0,0,0,0,0,0,0,1
1bgg,C,67,LEU,3.8,166.7,0.0,0,0,X,0.0,0.0,0.0,0.0,0.0,0.0,0.0,0.0,29,0.045228601991935104,40,31,9,0,0,0,0,0,0,0,0,1
1bgg,C,68,MET,1.9,162.9,0.0,0,0,X,0.0,0.0,0.0,0.0,0.0,0.0,0.0,0.0,36,0.045694876239274644,24,29,-5,0,0,0,0,0,0,0,0,1
1bgg,C,69,LYS,-3.9,168.6,1.0,2,0,X,0.0,0.0,0.0,0.0,0.0,0.0,0.0,0.0,26,0.04103213376587927,18,21,-3,0,0,0,0,0,0,0,0,1
1bgg,C,70,GLU,-3.5,138.4,-1.0,1,3,X,0.0,0.0,0.0,0.0,0.0,0.0,0.0,0.0,24,0.03403802005578621,35,9,26,0,0,0,0,0,0,0,0,1
1bgg,C,71,LEU,3.8,166.7,0.0,0,0,X,0.0,0.0,0.0,0.0,0.0,0.0,0.0,0.0,31,0.04616115048661418,29,11,18,0,0,0,0,0,0,0,0,1
1bgg,C,72,GLY,-0.4,60.1,0.0,0,0,X,0.0,0.0,0.0,0.0,0.0,0.0,0.0,0.0,32,0.035436842797804825,30,7,23,0,0,0,0,0,0,0,0,1
1bgg,C,73,ILE,4.5,166.7,0.0,0,0,X,0.0,0.0,0.0,0.0,0.0,0.0,0.0,0.0,36,0.048492521723311866,29,14,15,0,0,0,0,0,0,0,0,1
1bgg,C,74,ARG,-4.5,173.4,1.0,5,0,X,0.0,0.0,0.0,0.0,0.0,0.0,0.0,0.0,27,0.03730193978716297,9,17,-8,0,0,0,0,0,0,0,0,1
1bgg,C,75,THR,-0.7,116.1,0.0,1,1,X,0.0,0.0,0.0,0.0,0.0,0.0,0.0,0.0,36,0.050823892960009553,30,10,20,0,0,0,0,0,0,0,0,1
1bgg,C,76,TYR,-1.3,193.6,0.0,1,1,X,0.0,0.0,0.0,0.0,0.0,0.0,0.0,0.0,39,0.0526889899493677,16,11,5,0,0,0,0,0,0,0,0,1
1bgg,C,77,ARG,-4.5,173.4,1.0,5,0,X,0.0,0.0,0.0,0.0,0.0,0.0,0.0,0.0,44,0.05129016720734909,13,11,2,0,0,0,0,0,0,0,0,1
1bgg,C,78,PHE,2.8,189.9,0.0,0,0,X,0.0,0.0,0.0,0.0,0.0,0.0,0.0,0.0,37,0.048492521723311866,22,7,15,0,0,0,0,0,0,0,0,1
1bgg,C,79,SER,-0.8,89.0,0.0,1,1,X,0.0,0.0,0.0,0.0,0.0,0.0,0.0,0.0,39,0.050823892960009553,24,16,8,0,0,0,0,0,0,0,0,1
1bgg,C,80,VAL,4.2,140.0,0.0,0,0,X,0.0,0.0,0.0,0.0,0.0,0.0,0.0,0.0,39,0.050823892960009553,21,13,8,0,0,0,0,0,0,0,0,1
1bgg,C,81,SER,-0.8,89.0,0.0,1,1,X,0.0,0.0,0.0,0.0,0.0,0.0,0.0,0.0,40,0.05129016720734909,28,21,7,0,0,0,0,0,0,0,0,1
1bgg,C,82,TRP,-0.9,227.8,0.0,1,0,X,0.0,0.0,0.0,0.0,0.0,0.0,0.0,0.0,43,0.05502036118606539,14,15,-1,0,0,0,0,0,0,0,0,1
1bgg,C,83,PRO,-1.6,112.7,0.0,0,0,X,0.0,0.0,0.0,0.0,0.0,0.0,0.0,0.0,41,0.05502036118606539,22,21,1,0,0,0,0,0,0,0,0,1
1bgg,C,84,ARG,-4.5,173.4,1.0,5,0,X,0.0,0.0,0.0,0.0,0.0,0.0,0.0,0.0,38,0.053155264196707235,12,46,-34,0,0,0,0,0,0,0,0,1
1bgg,C,85,ILE,4.5,166.7,0.0,0,0,X,0.0,0.0,0.0,0.0,0.0,0.0,0.0,0.0,37,0.056419183928083996,19,22,-3,0,0,0,0,0,0,0,0,1
1bgg,C,86,PHE,2.8,189.9,0.0,0,0,X,0.0,0.0,0.0,0.0,0.0,0.0,0.0,0.0,33,0.053155264196707235,7,20,-13,0,0,0,0,0,0,0,0,1
1bgg,C,87,PRO,-1.6,112.7,0.0,0,0,X,0.0,0.0,0.0,0.0,0.0,0.0,0.0,0.0,31,0.04662742473395372,18,19,-1,0,0,0,0,0,0,0,0,1
1bgg,C,88,ASN,-3.5,114.1,0.0,2,2,X,0.0,0.0,0.0,0.0,0.0,0.0,0.0,0.0,26,0.04103213376587927,8,18,-10,0,0,0,0,0,0,0,0,1
1bgg,C,89,GLY,-0.4,60.1,0.0,0,0,X,0.0,0.0,0.0,0.0,0.0,0.0,0.0,0.0,34,0.053621538444046775,9,19,-10,0,0,0,0,0,0,0,0,1
1bgg,C,90,ASP,-3.5,111.1,-1.0,1,3,X,0.0,0.0,0.0,0.0,0.0,0.0,0.0,0.0,24,0.03590311704514436,11,9,2,0,0,0,0,0,0,0,0,1
1bgg,C,91,GLY,-0.4,60.1,0.0,0,0,X,0.0,0.0,0.0,0.0,0.0,0.0,0.0,0.0,19,0.028909003335051305,0,17,-17,0,0,0,0,0,0,0,0,1
1bgg,C,92,GLU,-3.5,138.4,-1.0,1,3,X,0.0,0.0,0.0,0.0,0.0,0.0,0.0,0.0,14,0.027043906345693154,2,8,-6,0,0,0,0,0,0,0,0,1
1bgg,C,93,VAL,4.2,140.0,0.0,0,0,X,0.0,0.0,0.0,0.0,0.0,0.0,0.0,0.0,24,0.03450429430312575,6,24,-18,0,0,0,0,0,0,0,0,1
1bgg,C,94,ASN,-3.5,114.1,0.0,2,2,X,0.0,0.0,0.0,0.0,0.0,0.0,0.0,0.0,26,0.04149840801321881,15,35,-20,0,0,0,0,0,0,0,0,1
1bgg,C,95,GLN,-3.5,143.8,0.0,2,2,X,0.0,0.0,0.0,0.0,0.0,0.0,0.0,0.0,21,0.032639197313767604,14,28,-14,0,0,0,0,0,0,0,0,1
1bgg,C,96,GLU,-3.5,138.4,-1.0,1,3,X,0.0,0.0,0.0,0.0,0.0,0.0,0.0,0.0,20,0.03730193978716297,21,24,-3,0,0,0,0,0,0,0,0,1
1bgg,C,97,GLY,-0.4,60.1,0.0,0,0,X,0.0,0.0,0.0,0.0,0.0,0.0,0.0,0.0,32,0.05688545817542354,36,37,-1,0,0,0,0,0,0,0,0,1
1bgg,C,98,LEU,3.8,166.7,0.0,0,0,X,0.0,0.0,0.0,0.0,0.0,0.0,0.0,0.0,29,0.048026247475972325,30,26,4,0,0,0,0,0,0,0,0,1
1bgg,C,99,ASP,-3.5,111.1,-1.0,1,3,X,0.0,0.0,0.0,0.0,0.0,0.0,0.0,0.0,21,0.03823448828184205,27,24,3,0,0,0,0,0,0,0,0,1
1bgg,C,100,TYR,-1.3,193.6,0.0,1,1,X,0.0,0.0,0.0,0.0,0.0,0.0,0.0,0.0,36,0.04989134446533048,43,39,4,0,0,0,0,0,0,0,0,1
1bgg,C,101,TYR,-1.3,193.6,0.0,1,1,X,0.0,0.0,0.0,0.0,0.0,0.0,0.0,0.0,37,0.04755997322863279,33,21,12,0,0,0,0,0,0,0,0,1
1bgg,C,102,HIS,-3.2,153.2,0.1,2,1,X,0.0,0.0,0.0,0.0,0.0,0.0,0.0,0.0,26,0.04149840801321881,23,29,-6,0,0,0,0,0,0,0,0,1
1bgg,C,103,ARG,-4.5,173.4,1.0,5,0,X,0.0,0.0,0.0,0.0,0.0,0.0,0.0,0.0,22,0.040099585271200194,16,30,-14,0,0,0,0,0,0,0,0,1
1bgg,C,104,VAL,4.2,140.0,0.0,0,0,X,0.0,0.0,0.0,0.0,0.0,0.0,0.0,0.0,35,0.04989134446533048,29,33,-4,0,0,0,0,0,0,0,0,1
1bgg,C,105,VAL,4.2,140.0,0.0,0,0,X,0.0,0.0,0.0,0.0,0.0,0.0,0.0,0.0,33,0.048958795970651406,27,25,2,0,0,0,0,0,0,0,0,1
1bgg,C,106,ASP,-3.5,111.1,-1.0,1,3,X,0.0,0.0,0.0,0.0,0.0,0.0,0.0,0.0,24,0.03916703677652112,27,12,15,0,0,0,0,0,0,0,0,1
1bgg,C,107,LEU,3.8,166.7,0.0,0,0,X,0.0,0.0,0.0,0.0,0.0,0.0,0.0,0.0,23,0.04149840801321881,23,34,-11,0,0,0,0,0,0,0,0,1
1bgg,C,108,LEU,3.8,166.7,0.0,0,0,X,0.0,0.0,0.0,0.0,0.0,0.0,0.0,0.0,31,0.04755997322863279,31,30,1,0,0,0,0,0,0,0,0,1
1bgg,C,109,ASN,-3.5,114.1,0.0,2,2,X,0.0,0.0,0.0,0.0,0.0,0.0,0.0,0.0,26,0.03823448828184205,17,25,-8,0,0,0,0,0,0,0,0,1
1bgg,C,110,ASP,-3.5,111.1,-1.0,1,3,X,0.0,0.0,0.0,0.0,0.0,0.0,0.0,0.0,15,0.026577632098353617,9,9,0,0,0,0,0,0,0,0,0,1
1bgg,C,111,ASN,-3.5,114.1,0.0,2,2,X,0.0,0.0,0.0,0.0,0.0,0.0,0.0,0.0,25,0.030774100324409453,20,23,-3,0,0,0,0,0,0,0,0,1
1bgg,C,112,GLY,-0.4,60.1,0.0,0,0,X,0.0,0.0,0.0,0.0,0.0,0.0,0.0,0.0,21,0.02844272908771177,20,20,0,0,0,0,0,0,0,0,0,1
1bgg,C,113,ILE,4.5,166.7,0.0,0,0,X,0.0,0.0,0.0,0.0,0.0,0.0,0.0,0.0,33,0.04616115048661418,26,23,3,0,0,0,0,0,0,0,0,1
1bgg,C,114,GLU,-3.5,138.4,-1.0,1,3,X,0.0,0.0,0.0,0.0,0.0,0.0,0.0,0.0,29,0.04709369898129325,27,2,25,0,0,0,0,0,0,0,0,1
1bgg,C,115,PRO,-1.6,112.7,0.0,0,0,X,0.0,0.0,0.0,0.0,0.0,0.0,0.0,0.0,35,0.05548663543340492,32,15,17,0,0,0,0,0,0,0,0,1
1bgg,C,116,PHE,2.8,189.9,0.0,0,0,X,0.0,0.0,0.0,0.0,0.0,0.0,0.0,0.0,40,0.053621538444046775,25,10,15,0,0,0,0,0,0,0,0,1
1bgg,C,117,CYS,2.5,108.5,0.0,1,0,X,0.0,0.0,0.0,0.0,0.0,0.0,0.0,0.0,41,0.05175644145468863,28,2,26,0,0,0,0,0,0,0,0,1
1bgg,C,118,THR,-0.7,116.1,0.0,1,1,X,0.0,0.0,0.0,0.0,0.0,0.0,0.0,0.0,42,0.05175644145468863,25,8,17,0,0,0,0,0,0,0,0,1
1bgg,C,119,LEU,3.8,166.7,0.0,0,0,X,0.0,0.0,0.0,0.0,0.0,0.0,0.0,0.0,41,0.05408781269138631,14,8,6,0,0,0,0,0,0,0,0,1
1bgg,C,120,TYR,-1.3,193.6,0.0,1,1,X,0.0,0.0,0.0,0.0,0.0,0.0,0.0,0.0,39,0.05781800667010261,13,13,0,0,0,0,0,0,0,0,0,1
1bgg,C,121,HIS,-3.2,153.2,0.1,2,1,X,0.0,0.0,0.0,0.0,0.0,0.0,0.0,0.0,38,0.05408781269138631,11,21,-10,0,0,0,0,0,0,0,0,1
1bgg,C,122,TRP,-0.9,227.8,0.0,1,0,X,0.0,0.0,0.0,0.0,0.0,0.0,0.0,0.0,40,0.05175644145468863,22,20,2,0,0,0,0,0,0,0,0,1
1bgg,C,123,ASP,-3.5,111.1,-1.0,1,3,X,0.0,0.0,0.0,0.0,0.0,0.0,0.0,0.0,38,0.05688545817542354,23,9,14,0,0,0,0,0,0,0,0,1
1bgg,C,124,LEU,3.8,166.7,0.0,0,0,X,0.0,0.0,0.0,0.0,0.0,0.0,0.0,0.0,42,0.05175644145468863,6,17,-11,0,0,0,0,0,0,0,0,1
1bgg,C,125,PRO,-1.6,112.7,0.0,0,0,X,0.0,0.0,0.0,0.0,0.0,0.0,0.0,0.0,36,0.056419183928083996,11,26,-15,0,0,0,0,0,0,0,0,1
1bgg,C,126,GLN,-3.5,143.8,0.0,2,2,X,0.0,0.0,0.0,0.0,0.0,0.0,0.0,0.0,27,0.04616115048661418,1,20,-19,0,0,0,0,0,0,0,0,1
1bgg,C,127,ALA,1.8,88.6,0.0,0,0,X,0.0,0.0,0.0,0.0,0.0,0.0,0.0,0.0,28,0.03403802005578621,2,17,-15,0,0,0,0,0,0,0,0,1
1bgg,C,128,LEU,3.8,166.7,0.0,0,0,X,0.0,0.0,0.0,0.0,0.0,0.0,0.0,0.0,33,0.04662742473395372,14,18,-4,0,0,0,0,0,0,0,0,1
1bgg,C,129,GLN,-3.5,143.8,0.0,2,2,X,0.0,0.0,0.0,0.0,0.0,0.0,0.0,0.0,29,0.03916703677652112,0,10,-10,0,0,0,0,0,0,0,0,1
1bgg,C,130,ASP,-3.5,111.1,-1.0,1,3,X,0.0,0.0,0.0,0.0,0.0,0.0,0.0,0.0,18,0.02471253510899547,0,0,0,0,0,0,0,0,0,0,0,1
1bgg,C,131,ALA,1.8,88.6,0.0,0,0,X,0.0,0.0,0.0,0.0,0.0,0.0,0.0,0.0,18,0.02844272908771177,14,11,3,0,0,0,0,0,0,0,0,1
1bgg,C,132,GLY,-0.4,60.1,0.0,0,0,X,0.0,0.0,0.0,0.0,0.0,0.0,0.0,0.0,24,0.028909003335051305,20,12,8,0,0,0,0,0,0,0,0,1
1bgg,C,133,GLY,-0.4,60.1,0.0,0,0,X,0.0,0.0,0.0,0.0,0.0,0.0,0.0,0.0,31,0.04429605349725603,26,13,13,0,0,0,0,0,0,0,0,1
1bgg,C,134,TRP,-0.9,227.8,0.0,1,0,X,0.0,0.0,0.0,0.0,0.0,0.0,0.0,0.0,42,0.048492521723311866,27,8,19,0,0,0,0,0,0,0,0,1
1bgg,C,135,GLY,-0.4,60.1,0.0,0,0,X,0.0,0.0,0.0,0.0,0.0,0.0,0.0,0.0,27,0.04149840801321881,34,10,24,0,0,0,0,0,0,0,0,1
1bgg,C,136,ASN,-3.5,114.1,0.0,2,2,X,0.0,0.0,0.0,0.0,0.0,0.0,0.0,0.0,22,0.035436842797804825,32,12,20,0,0,0,0,0,0,0,0,1
1bgg,C,137,ARG,-4.5,173.4,1.0,5,0,X,0.0,0.0,0.0,0.0,0.0,0.0,0.0,0.0,25,0.03730193978716297,30,14,16,0,0,0,0,0,0,0,0,1
1bgg,C,138,ARG,-4.5,173.4,1.0,5,0,X,0.0,0.0,0.0,0.0,0.0,0.0,0.0,0.0,21,0.03124037457174899,10,9,1,0,0,0,0,0,0,0,0,1
1bgg,C,139,THR,-0.7,116.1,0.0,1,1,X,0.0,0.0,0.0,0.0,0.0,0.0,0.0,0.0,34,0.0526889899493677,29,9,20,0,0,0,0,0,0,0,0,1
1bgg,C,140,ILE,4.5,166.7,0.0,0,0,X,0.0,0.0,0.0,0.0,0.0,0.0,0.0,0.0,32,0.05175644145468863,40,6,34,0,0,0,0,0,0,0,0,1
1bgg,C,141,GLN,-3.5,143.8,0.0,2,2,X,0.0,0.0,0.0,0.0,0.0,0.0,0.0,0.0,21,0.035436842797804825,22,10,12,0,0,0,0,0,0,0,0,1
1bgg,C,142,ALA,1.8,88.6,0.0,0,0,X,0.0,0.0,0.0,0.0,0.0,0.0,0.0,0.0,29,0.048958795970651406,14,14,0,0,0,0,0,0,0,0,0,1
1bgg,C,143,PHE,2.8,189.9,0.0,0,0,X,0.0,0.0,0.0,0.0,0.0,0.0,0.0,0.0,42,0.05175644145468863,15,10,5,0,0,0,0,0,0,0,0,1
1bgg,C,144,VAL,4.2,140.0,0.0,0,0,X,0.0,0.0,0.0,0.0,0.0,0.0,0.0,0.0,36,0.04709369898129325,25,11,14,0,0,0,0,0,0,0,0,1
1bgg,C,145,GLN,-3.5,143.8,0.0,2,2,X,0.0,0.0,0.0,0.0,0.0,0.0,0.0,0.0,26,0.03823448828184205,12,21,-9,0,0,0,0,0,0,0,0,1
1bgg,C,146,PHE,2.8,189.9,0.0,0,0,X,0.0,0.0,0.0,0.0,0.0,0.0,0.0,0.0,45,0.05129016720734909,7,16,-9,0,0,0,0,0,0,0,0,1
1bgg,C,147,ALA,1.8,88.6,0.0,0,0,X,0.0,0.0,0.0,0.0,0.0,0.0,0.0,0.0,38,0.048026247475972325,25,13,12,0,0,0,0,0,0,0,0,1
1bgg,C,148,GLU,-3.5,138.4,-1.0,1,3,X,0.0,0.0,0.0,0.0,0.0,0.0,0.0,0.0,28,0.045694876239274644,26,10,16,0,0,0,0,0,0,0,0,1
1bgg,C,149,THR,-0.7,116.1,0.0,1,1,X,0.0,0.0,0.0,0.0,0.0,0.0,0.0,0.0,29,0.045228601991935104,19,19,0,0,0,0,0,0,0,0,0,1
1bgg,C,150,MET,1.9,162.9,0.0,0,0,X,0.0,0.0,0.0,0.0,0.0,0.0,0.0,0.0,37,0.04989134446533048,23,17,6,0,0,0,0,0,0,0,0,1
1bgg,C,151,PHE,2.8,189.9,0.0,0,0,X,0.0,0.0,0.0,0.0,0.0,0.0,0.0,0.0,36,0.05455408693872585,41,19,22,0,0,0,0,0,0,0,0,1
1bgg,C,152,ARG,-4.5,173.4,1.0,5,0,X,0.0,0.0,0.0,0.0,0.0,0.0,0.0,0.0,22,0.03823448828184205,19,18,1,0,0,0,0,0,0,0,0,1
1bgg,C,153,GLU,-3.5,138.4,-1.0,1,3,X,0.0,0.0,0.0,0.0,0.0,0.0,0.0,0.0,26,0.03776821403450251,35,13,22,0,0,0,0,0,0,0,0,1
1bgg,C,154,PHE,2.8,189.9,0.0,0,0,X,0.0,0.0,0.0,0.0,0.0,0.0,0.0,0.0,35,0.043363505002576956,36,21,15,0,0,0,0,0,0,0,0,1
1bgg,C,155,HIS,-3.2,153.2,0.1,2,1,X,0.0,0.0,0.0,0.0,0.0,0.0,0.0,0.0,19,0.04196468226055834,18,7,11,0,0,0,0,0,0,0,0,1
1bgg,C,156,GLY,-0.4,60.1,0.0,0,0,X,0.0,0.0,0.0,0.0,0.0,0.0,0.0,0.0,21,0.028909003335051305,26,7,19,0,0,0,0,0,0,0,0,1
1bgg,C,157,LYS,-3.9,168.6,1.0,2,0,X,0.0,0.0,0.0,0.0,0.0,0.0,0.0,0.0,29,0.0363693912924839,29,20,9,0,0,0,0,0,0,0,0,1
1bgg,C,158,ILE,4.5,166.7,0.0,0,0,X,0.0,0.0,0.0,0.0,0.0,0.0,0.0,0.0,35,0.04755997322863279,34,16,18,0,0,0,0,0,0,0,0,1
1bgg,C,159,GLN,-3.5,143.8,0.0,2,2,X,0.0,0.0,0.0,0.0,0.0,0.0,0.0,0.0,26,0.04616115048661418,26,10,16,0,0,0,0,0,0,0,0,1
1bgg,C,160,HIS,-3.2,153.2,0.1,2,1,X,0.0,0.0,0.0,0.0,0.0,0.0,0.0,0.0,31,0.05129016720734909,15,13,2,0,0,0,0,0,0,0,0,1
1bgg,C,161,TRP,-0.9,227.8,0.0,1,0,X,0.0,0.0,0.0,0.0,0.0,0.0,0.0,0.0,37,0.05548663543340492,24,4,20,0,0,0,0,0,0,0,0,1
1bgg,C,162,LEU,3.8,166.7,0.0,0,0,X,0.0,0.0,0.0,0.0,0.0,0.0,0.0,0.0,42,0.0526889899493677,30,2,28,0,0,0,0,0,0,0,0,1
1bgg,C,163,THR,-0.7,116.1,0.0,1,1,X,0.0,0.0,0.0,0.0,0.0,0.0,0.0,0.0,42,0.0526889899493677,16,3,13,0,0,0,0,0,0,0,0,1
1bgg,C,164,PHE,2.8,189.9,0.0,0,0,X,0.0,0.0,0.0,0.0,0.0,0.0,0.0,0.0,40,0.05548663543340492,24,8,16,0,0,0,0,0,0,0,0,1
1bgg,C,165,ASN,-3.5,114.1,0.0,2,2,X,0.0,0.0,0.0,0.0,0.0,0.0,0.0,0.0,39,0.05921682941212122,18,18,0,0,0,0,0,0,0,0,0,1
1bgg,C,166,GLU,-3.5,138.4,-1.0,1,3,X,0.0,0.0,0.0,0.0,0.0,0.0,0.0,0.0,40,0.053155264196707235,28,8,20,0,0,0,0,0,0,0,0,1
1bgg,C,167,PRO,-1.6,112.7,0.0,0,0,X,0.0,0.0,0.0,0.0,0.0,0.0,0.0,0.0,39,0.05455408693872585,17,10,7,0,0,0,0,0,0,0,0,1
1bgg,C,168,TRP,-0.9,227.8,0.0,1,0,X,0.0,0.0,0.0,0.0,0.0,0.0,0.0,0.0,34,0.0526889899493677,15,9,6,0,0,0,0,0,0,0,0,1
1bgg,C,169,CYS,2.5,108.5,0.0,1,0,X,0.0,0.0,0.0,0.0,0.0,0.0,0.0,0.0,35,0.05035761871267001,25,9,16,0,0,0,0,0,0,0,0,1
1bgg,C,170,ILE,4.5,166.7,0.0,0,0,X,0.0,0.0,0.0,0.0,0.0,0.0,0.0,0.0,40,0.05735173242276307,20,14,6,0,0,0,0,0,0,0,0,1
1bgg,C,171,ALA,1.8,88.6,0.0,0,0,X,0.0,0.0,0.0,0.0,0.0,0.0,0.0,0.0,46,0.05222271570202816,14,9,5,0,0,0,0,0,0,0,0,1
1bgg,C,172,PHE,2.8,189.9,0.0,0,0,X,0.0,0.0,0.0,0.0,0.0,0.0,0.0,0.0,36,0.0526889899493677,12,6,6,0,0,0,0,0,0,0,0,1
1bgg,C,173,LEU,3.8,166.7,0.0,0,0,X,0.0,0.0,0.0,0.0,0.0,0.0,0.0,0.0,29,0.04755997322863279,15,5,10,0,0,0,0,0,0,0,0,1
1bgg,C,174,SER,-0.8,89.0,0.0,1,1,X,0.0,0.0,0.0,0.0,0.0,0.0,0.0,0.0,33,0.05455408693872585,10,1,9,0,0,0,0,0,0,0,0,1
1bgg,C,175,ASN,-3.5,114.1,0.0,2,2,X,0.0,0.0,0.0,0.0,0.0,0.0,0.0,0.0,36,0.05548663543340492,6,7,-1,0,0,0,0,0,0,0,0,1
1bgg,C,176,MET,1.9,162.9,0.0,0,0,X,0.0,0.0,0.0,0.0,0.0,0.0,0.0,0.0,28,0.04755997322863279,2,0,2,0,0,0,0,0,0,0,0,1
1bgg,C,177,LEU,3.8,166.7,0.0,0,0,X,0.0,0.0,0.0,0.0,0.0,0.0,0.0,0.0,24,0.03823448828184205,9,0,9,0,0,0,0,0,0,0,0,1
1bgg,C,178,GLY,-0.4,60.1,0.0,0,0,X,0.0,0.0,0.0,0.0,0.0,0.0,0.0,0.0,25,0.04243095650789788,19,0,19,0,0,0,0,0,0,0,0,1
1bgg,C,179,VAL,4.2,140.0,0.0,0,0,X,0.0,0.0,0.0,0.0,0.0,0.0,0.0,0.0,28,0.03776821403450251,19,6,13,0,0,0,0,0,0,0,0,1
1bgg,C,180,HIS,-3.2,153.2,0.1,2,1,X,0.0,0.0,0.0,0.0,0.0,0.0,0.0,0.0,30,0.050823892960009553,7,13,-6,0,0,0,0,0,0,0,0,1
1bgg,C,181,ALA,1.8,88.6,0.0,0,0,X,0.0,0.0,0.0,0.0,0.0,0.0,0.0,0.0,39,0.048492521723311866,20,9,11,0,0,0,0,0,0,0,0,1
1bgg,C,182,PRO,-1.6,112.7,0.0,0,0,X,0.0,0.0,0.0,0.0,0.0,0.0,0.0,0.0,39,0.04103213376587927,13,2,11,0,0,0,0,0,0,0,0,1
1bgg,C,183,GLY,-0.4,60.1,0.0,0,0,X,0.0,0.0,0.0,0.0,0.0,0.0,0.0,0.0,25,0.03823448828184205,17,0,17,0,0,0,0,0,0,0,0,1
1bgg,C,184,LEU,3.8,166.7,0.0,0,0,X,0.0,0.0,0.0,0.0,0.0,0.0,0.0,0.0,27,0.035436842797804825,8,0,8,0,0,0,0,0,0,0,0,1
1bgg,C,185,THR,-0.7,116.1,0.0,1,1,X,0.0,0.0,0.0,0.0,0.0,0.0,0.0,0.0,20,0.03403802005578621,3,0,3,0,0,0,0,0,0,0,0,1
1bgg,C,186,ASN,-3.5,114.1,0.0,2,2,X,0.0,0.0,0.0,0.0,0.0,0.0,0.0,0.0,21,0.03124037457174899,0,7,-7,0,0,0,0,0,0,0,0,1
1bgg,C,187,LEU,3.8,166.7,0.0,0,0,X,0.0,0.0,0.0,0.0,0.0,0.0,0.0,0.0,30,0.04476232774459557,0,8,-8,0,0,0,0,0,0,0,0,1
1bgg,C,188,GLN,-3.5,143.8,0.0,2,2,X,0.0,0.0,0.0,0.0,0.0,0.0,0.0,0.0,25,0.03590311704514436,5,8,-3,0,0,0,0,0,0,0,0,1
1bgg,C,189,THR,-0.7,116.1,0.0,1,1,X,0.0,0.0,0.0,0.0,0.0,0.0,0.0,0.0,30,0.03963331102386066,9,8,1,0,0,0,0,0,0,0,0,1
1bgg,C,190,ALA,1.8,88.6,0.0,0,0,X,0.0,0.0,0.0,0.0,0.0,0.0,0.0,0.0,38,0.05175644145468863,13,8,5,0,0,0,0,0,0,0,0,1
1bgg,C,191,ILE,4.5,166.7,0.0,0,0,X,0.0,0.0,0.0,0.0,0.0,0.0,0.0,0.0,34,0.05455408693872585,19,8,11,0,0,0,0,0,0,0,0,1
1bgg,C,192,ASP,-3.5,111.1,-1.0,1,3,X,0.0,0.0,0.0,0.0,0.0,0.0,0.0,0.0,32,0.04662742473395372,28,1,27,0,0,0,0,0,0,0,0,1
1bgg,C,193,VAL,4.2,140.0,0.0,0,0,X,0.0,0.0,0.0,0.0,0.0,0.0,0.0,0.0,45,0.04942507021799094,23,9,14,0,0,0,0,0,0,0,0,1
1bgg,C,194,GLY,-0.4,60.1,0.0,0,0,X,0.0,0.0,0.0,0.0,0.0,0.0,0.0,0.0,38,0.05735173242276307,23,10,13,0,0,0,0,0,0,0,0,1
1bgg,C,195,HIS,-3.2,153.2,0.1,2,1,X,0.0,0.0,0.0,0.0,0.0,0.0,0.0,0.0,34,0.05455408693872585,21,16,5,0,0,0,0,0,0,0,0,1
1bgg,C,196,HIS,-3.2,153.2,0.1,2,1,X,0.0,0.0,0.0,0.0,0.0,0.0,0.0,0.0,37,0.05548663543340492,28,13,15,0,0,0,0,0,0,0,0,1
1bgg,C,197,LEU,3.8,166.7,0.0,0,0,X,0.0,0.0,0.0,0.0,0.0,0.0,0.0,0.0,41,0.05175644145468863,30,9,21,0,0,0,0,0,0,0,0,1
1bgg,C,198,LEU,3.8,166.7,0.0,0,0,X,0.0,0.0,0.0,0.0,0.0,0.0,0.0,0.0,46,0.053621538444046775,31,16,15,0,0,0,0,0,0,0,0,1
1bgg,C,199,VAL,4.2,140.0,0.0,0,0,X,0.0,0.0,0.0,0.0,0.0,0.0,0.0,0.0,40,0.05175644145468863,47,17,30,0,0,0,0,0,0,0,0,1
1bgg,C,200,ALA,1.8,88.6,0.0,0,0,X,0.0,0.0,0.0,0.0,0.0,0.0,0.0,0.0,40,0.05035761871267001,45,5,40,0,0,0,0,0,0,0,0,1
1bgg,C,201,HIS,-3.2,153.2,0.1,2,1,X,0.0,0.0,0.0,0.0,0.0,0.0,0.0,0.0,48,0.053155264196707235,13,12,1,0,0,0,0,0,0,0,0,1
1bgg,C,202,GLY,-0.4,60.1,0.0,0,0,X,0.0,0.0,0.0,0.0,0.0,0.0,0.0,0.0,37,0.05129016720734909,36,20,16,0,0,0,0,0,0,0,0,1
1bgg,C,203,LEU,3.8,166.7,0.0,0,0,X,0.0,0.0,0.0,0.0,0.0,0.0,0.0,0.0,37,0.04429605349725603,38,24,14,0,0,0,0,0,0,0,0,1
1bgg,C,204,SER,-0.8,89.0,0.0,1,1,X,0.0,0.0,0.0,0.0,0.0,0.0,0.0,0.0,40,0.05175644145468863,43,25,18,0,0,0,0,0,0,0,0,1
1bgg,C,205,VAL,4.2,140.0,0.0,0,0,X,0.0,0.0,0.0,0.0,0.0,0.0,0.0,0.0,40,0.05175644145468863,41,25,16,0,0,0,0,0,0,0,0,1
1bgg,C,206,ARG,-4.5,173.4,1.0,5,0,X,0.0,0.0,0.0,0.0,0.0,0.0,0.0,0.0,22,0.043363505002576956,28,22,6,0,0,0,0,0,0,0,0,1
1bgg,C,207,ARG,-4.5,173.4,1.0,5,0,X,0.0,0.0,0.0,0.0,0.0,0.0,0.0,0.0,24,0.04709369898129325,26,22,4,0,0,0,0,0,0,0,0,1
1bgg,C,208,PHE,2.8,189.9,0.0,0,0,X,0.0,0.0,0.0,0.0,0.0,0.0,0.0,0.0,34,0.050823892960009553,45,24,21,0,0,0,0,0,0,0,0,1
1bgg,C,209,ARG,-4.5,173.4,1.0,5,0,X,0.0,0.0,0.0,0.0,0.0,0.0,0.0,0.0,23,0.0363693912924839,18,23,-5,0,0,0,0,0,0,0,0,1
1bgg,C,210,GLU,-3.5,138.4,-1.0,1,3,X,0.0,0.0,0.0,0.0,0.0,0.0,0.0,0.0,15,0.02797645484037223,32,10,22,0,0,0,0,0,0,0,0,1
1bgg,C,211,LEU,3.8,166.7,0.0,0,0,X,0.0,0.0,0.0,0.0,0.0,0.0,0.0,0.0,21,0.03403802005578621,45,19,26,0,0,0,0,0,0,0,0,1
1bgg,C,212,GLY,-0.4,60.1,0.0,0,0,X,0.0,0.0,0.0,0.0,0.0,0.0,0.0,0.0,19,0.027510180593032695,36,8,28,0,0,0,0,0,0,0,0,1
1bgg,C,213,THR,-0.7,116.1,0.0,1,1,X,0.0,0.0,0.0,0.0,0.0,0.0,0.0,0.0,28,0.04289723075523742,40,13,27,0,0,0,0,0,0,0,0,1
1bgg,C,214,SER,-0.8,89.0,0.0,1,1,X,0.0,0.0,0.0,0.0,0.0,0.0,0.0,0.0,22,0.035436842797804825,36,2,34,0,0,0,0,0,0,0,0,1
1bgg,C,215,GLY,-0.4,60.1,0.0,0,0,X,0.0,0.0,0.0,0.0,0.0,0.0,0.0,0.0,23,0.03683566553982344,32,9,23,0,0,0,0,0,0,0,0,1
1bgg,C,216,GLN,-3.5,143.8,0.0,2,2,X,0.0,0.0,0.0,0.0,0.0,0.0,0.0,0.0,28,0.04243095650789788,18,16,2,0,0,0,0,0,0,0,0,1
1bgg,C,217,ILE,4.5,166.7,0.0,0,0,X,0.0,0.0,0.0,0.0,0.0,0.0,0.0,0.0,35,0.053621538444046775,33,14,19,0,0,0,0,0,0,0,0,1
1bgg,C,218,GLY,-0.4,60.1,0.0,0,0,X,0.0,0.0,0.0,0.0,0.0,0.0,0.0,0.0,42,0.04942507021799094,23,13,10,0,0,0,0,0,0,0,0,1
1bgg,C,219,ILE,4.5,166.7,0.0,0,0,X,0.0,0.0,0.0,0.0,0.0,0.0,0.0,0.0,45,0.04616115048661418,13,11,2,0,0,0,0,0,0,0,0,1
1bgg,C,220,ALA,1.8,88.6,0.0,0,0,X,0.0,0.0,0.0,0.0,0.0,0.0,0.0,0.0,43,0.0526889899493677,22,18,4,0,0,0,0,0,0,0,0,1
1bgg,C,221,PRO,-1.6,112.7,0.0,0,0,X,0.0,0.0,0.0,0.0,0.0,0.0,0.0,0.0,45,0.05408781269138631,13,20,-7,0,0,0,0,0,0,0,0,1
1bgg,C,222,ASN,-3.5,114.1,0.0,2,2,X,0.0,0.0,0.0,0.0,0.0,0.0,0.0,0.0,37,0.04989134446533048,11,19,-8,0,0,0,0,0,0,0,0,1
1bgg,C,223,VAL,4.2,140.0,0.0,0,0,X,0.0,0.0,0.0,0.0,0.0,0.0,0.0,0.0,41,0.04476232774459557,10,19,-9,0,0,0,0,0,0,0,0,1
1bgg,C,224,SER,-0.8,89.0,0.0,1,1,X,0.0,0.0,0.0,0.0,0.0,0.0,0.0,0.0,35,0.043363505002576956,14,10,4,0,0,0,0,0,0,0,0,1
1bgg,C,225,TRP,-0.9,227.8,0.0,1,0,X,0.0,0.0,0.0,0.0,0.0,0.0,0.0,0.0,31,0.04616115048661418,18,17,1,0,0,0,0,0,0,0,0,1
1bgg,C,226,ALA,1.8,88.6,0.0,0,0,X,0.0,0.0,0.0,0.0,0.0,0.0,0.0,0.0,34,0.04429605349725603,21,25,-4,0,0,0,0,0,0,0,0,1
1bgg,C,227,VAL,4.2,140.0,0.0,0,0,X,0.0,0.0,0.0,0.0,0.0,0.0,0.0,0.0,29,0.03730193978716297,16,22,-6,0,0,0,0,0,0,0,0,1
1bgg,C,228,PRO,-1.6,112.7,0.0,0,0,X,0.0,0.0,0.0,0.0,0.0,0.0,0.0,0.0,27,0.043363505002576956,19,19,0,0,0,0,0,0,0,0,0,1
1bgg,C,229,TYR,-1.3,193.6,0.0,1,1,X,0.0,0.0,0.0,0.0,0.0,0.0,0.0,0.0,18,0.03776821403450251,12,19,-7,0,0,0,0,0,0,0,0,1
1bgg,C,230,SER,-0.8,89.0,0.0,1,1,X,0.0,0.0,0.0,0.0,0.0,0.0,0.0,0.0,17,0.027043906345693154,17,23,-6,0,0,0,0,0,0,0,0,1
1bgg,C,231,THR,-0.7,116.1,0.0,1,1,X,0.0,0.0,0.0,0.0,0.0,0.0,0.0,0.0,11,0.023779986614316396,8,25,-17,0,0,0,0,0,0,0,0,1
1bgg,C,232,SER,-0.8,89.0,0.0,1,1,X,0.0,0.0,0.0,0.0,0.0,0.0,0.0,0.0,15,0.025645083603674543,16,26,-10,0,0,0,0,0,0,0,0,1
1bgg,C,233,GLU,-3.5,138.4,-1.0,1,3,X,0.0,0.0,0.0,0.0,0.0,0.0,0.0,0.0,13,0.02611135785101408,10,17,-7,0,0,0,0,0,0,0,0,1
1bgg,C,234,GLU,-3.5,138.4,-1.0,1,3,X,0.0,0.0,0.0,0.0,0.0,0.0,0.0,0.0,21,0.03403802005578621,18,17,1,0,0,0,0,0,0,0,0,1
1bgg,C,235,ASP,-3.5,111.1,-1.0,1,3,X,0.0,0.0,0.0,0.0,0.0,0.0,0.0,0.0,27,0.048958795970651406,23,26,-3,0,0,0,0,0,0,0,0,1
1bgg,C,236,LYS,-3.9,168.6,1.0,2,0,X,0.0,0.0,0.0,0.0,0.0,0.0,0.0,0.0,20,0.040099585271200194,10,24,-14,0,0,0,0,0,0,0,0,1
1bgg,C,237,ALA,1.8,88.6,0.0,0,0,X,0.0,0.0,0.0,0.0,0.0,0.0,0.0,0.0,28,0.0363693912924839,25,27,-2,0,0,0,0,0,0,0,0,1
1bgg,C,238,ALA,1.8,88.6,0.0,0,0,X,0.0,0.0,0.0,0.0,0.0,0.0,0.0,0.0,36,0.05129016720734909,26,29,-3,0,0,0,0,0,0,0,0,1
1bgg,C,239,CYS,2.5,108.5,0.0,1,0,X,0.0,0.0,0.0,0.0,0.0,0.0,0.0,0.0,34,0.04942507021799094,26,23,3,0,0,0,0,0,0,0,0,1
1bgg,C,240,ALA,1.8,88.6,0.0,0,0,X,0.0,0.0,0.0,0.0,0.0,0.0,0.0,0.0,31,0.03963331102386066,25,16,9,0,0,0,0,0,0,0,0,1
1bgg,C,241,ARG,-4.5,173.4,1.0,5,0,X,0.0,0.0,0.0,0.0,0.0,0.0,0.0,0.0,35,0.04662742473395372,11,12,-1,0,0,0,0,0,0,0,0,1
1bgg,C,242,THR,-0.7,116.1,0.0,1,1,X,0.0,0.0,0.0,0.0,0.0,0.0,0.0,0.0,36,0.04989134446533048,26,16,10,0,0,0,0,0,0,0,0,1
1bgg,C,243,ILE,4.5,166.7,0.0,0,0,X,0.0,0.0,0.0,0.0,0.0,0.0,0.0,0.0,37,0.048958795970651406,22,12,10,0,0,0,0,0,0,0,0,1
1bgg,C,244,SER,-0.8,89.0,0.0,1,1,X,0.0,0.0,0.0,0.0,0.0,0.0,0.0,0.0,37,0.048026247475972325,23,8,15,0,0,0,0,0,0,0,0,1
1bgg,C,245,LEU,3.8,166.7,0.0,0,0,X,0.0,0.0,0.0,0.0,0.0,0.0,0.0,0.0,39,0.05548663543340492,18,8,10,0,0,0,0,0,0,0,0,1
1bgg,C,246,HIS,-3.2,153.2,0.1,2,1,X,0.0,0.0,0.0,0.0,0.0,0.0,0.0,0.0,37,0.05735173242276307,4,17,-13,0,0,0,0,0,0,0,0,1
1bgg,C,247,SER,-0.8,89.0,0.0,1,1,X,0.0,0.0,0.0,0.0,0.0,0.0,0.0,0.0,39,0.05502036118606539,17,10,7,0,0,0,0,0,0,0,0,1
1bgg,C,248,ASP,-3.5,111.1,-1.0,1,3,X,0.0,0.0,0.0,0.0,0.0,0.0,0.0,0.0,35,0.04989134446533048,20,0,20,0,0,0,0,0,0,0,0,1
1bgg,C,249,TRP,-0.9,227.8,0.0,1,0,X,0.0,0.0,0.0,0.0,0.0,0.0,0.0,0.0,43,0.05455408693872585,17,10,7,0,0,0,0,0,0,0,0,1
1bgg,C,250,PHE,2.8,189.9,0.0,0,0,X,0.0,0.0,0.0,0.0,0.0,0.0,0.0,0.0,43,0.05408781269138631,23,13,10,0,0,0,0,0,0,0,0,1
1bgg,C,251,LEU,3.8,166.7,0.0,0,0,X,0.0,0.0,0.0,0.0,0.0,0.0,0.0,0.0,38,0.048492521723311866,19,8,11,0,0,0,0,0,0,0,0,1
1bgg,C,252,GLN,-3.5,143.8,0.0,2,2,X,0.0,0.0,0.0,0.0,0.0,0.0,0.0,0.0,25,0.050823892960009553,8,8,0,0,0,0,0,0,0,0,0,1
1bgg,C,253,PRO,-1.6,112.7,0.0,0,0,X,0.0,0.0,0.0,0.0,0.0,0.0,0.0,0.0,33,0.05035761871267001,14,19,-5,0,0,0,0,0,0,0,0,1
1bgg,C,254,ILE,4.5,166.7,0.0,0,0,X,0.0,0.0,0.0,0.0,0.0,0.0,0.0,0.0,36,0.04989134446533048,10,18,-8,0,0,0,0,0,0,0,0,1
1bgg,C,255,TYR,-1.3,193.6,0.0,1,1,X,0.0,0.0,0.0,0.0,0.0,0.0,0.0,0.0,29,0.03963331102386066,11,15,-4,0,0,0,0,0,0,0,0,1
1bgg,C,256,GLN,-3.5,143.8,0.0,2,2,X,0.0,0.0,0.0,0.0,0.0,0.0,0.0,0.0,17,0.030307826077069916,9,6,3,0,0,0,0,0,0,0,0,1
1bgg,C,257,GLY,-0.4,60.1,0.0,0,0,X,0.0,0.0,0.0,0.0,0.0,0.0,0.0,0.0,25,0.0363693912924839,1,15,-14,0,0,0,0,0,0,0,0,1
1bgg,C,258,SER,-0.8,89.0,0.0,1,1,X,0.0,0.0,0.0,0.0,0.0,0.0,0.0,0.0,25,0.034970568550465285,2,8,-6,0,0,0,0,0,0,0,0,1
1bgg,C,259,TYR,-1.3,193.6,0.0,1,1,X,0.0,0.0,0.0,0.0,0.0,0.0,0.0,0.0,35,0.04616115048661418,11,9,2,0,0,0,0,0,0,0,0,1
1bgg,C,260,PRO,-1.6,112.7,0.0,0,0,X,0.0,0.0,0.0,0.0,0.0,0.0,0.0,0.0,32,0.04476232774459557,9,15,-6,0,0,0,0,0,0,0,0,1
1bgg,C,261,GLN,-3.5,143.8,0.0,2,2,X,0.0,0.0,0.0,0.0,0.0,0.0,0.0,0.0,14,0.030307826077069916,0,8,-8,0,0,0,0,0,0,0,0,1
1bgg,C,262,PHE,2.8,189.9,0.0,0,0,X,0.0,0.0,0.0,0.0,0.0,0.0,0.0,0.0,26,0.029375277582390842,14,16,-2,0,0,0,0,0,0,0,0,1
1bgg,C,263,LEU,3.8,166.7,0.0,0,0,X,0.0,0.0,0.0,0.0,0.0,0.0,0.0,0.0,32,0.04942507021799094,12,18,-6,0,0,0,0,0,0,0,0,1
1bgg,C,264,VAL,4.2,140.0,0.0,0,0,X,0.0,0.0,0.0,0.0,0.0,0.0,0.0,0.0,22,0.04476232774459557,0,16,-16,0,0,0,0,0,0,0,0,1
1bgg,C,265,ASP,-3.5,111.1,-1.0,1,3,X,0.0,0.0,0.0,0.0,0.0,0.0,0.0,0.0,17,0.03357174580844668,2,9,-7,0,0,0,0,0,0,0,0,1
1bgg,C,266,TRP,-0.9,227.8,0.0,1,0,X,0.0,0.0,0.0,0.0,0.0,0.0,0.0,0.0,27,0.04243095650789788,11,17,-6,0,0,0,0,0,0,0,0,1
1bgg,C,267,PHE,2.8,189.9,0.0,0,0,X,0.0,0.0,0.0,0.0,0.0,0.0,0.0,0.0,28,0.045694876239274644,6,18,-12,0,0,0,0,0,0,0,0,1
1bgg,C,268,ALA,1.8,88.6,0.0,0,0,X,0.0,0.0,0.0,0.0,0.0,0.0,0.0,0.0,16,0.03403802005578621,0,17,-17,0,0,0,0,0,0,0,0,1
1bgg,C,269,GLU,-3.5,138.4,-1.0,1,3,X,0.0,0.0,0.0,0.0,0.0,0.0,0.0,0.0,15,0.02797645484037223,0,8,-8,0,0,0,0,0,0,0,0,1
1bgg,C,270,GLN,-3.5,143.8,0.0,2,2,X,0.0,0.0,0.0,0.0,0.0,0.0,0.0,0.0,21,0.027043906345693154,1,14,-13,0,0,0,0,0,0,0,0,1
1bgg,C,271,GLY,-0.4,60.1,0.0,0,0,X,0.0,0.0,0.0,0.0,0.0,0.0,0.0,0.0,16,0.02331371236697686,0,11,-11,0,0,0,0,0,0,0,0,1
1bgg,C,272,ALA,1.8,88.6,0.0,0,0,X,0.0,0.0,0.0,0.0,0.0,0.0,0.0,0.0,23,0.034970568550465285,0,18,-18,0,0,0,0,0,0,0,0,1
1bgg,C,273,THR,-0.7,116.1,0.0,1,1,X,0.0,0.0,0.0,0.0,0.0,0.0,0.0,0.0,22,0.032172923066428064,4,13,-9,0,0,0,0,0,0,0,0,1
1bgg,C,274,VAL,4.2,140.0,0.0,0,0,X,0.0,0.0,0.0,0.0,0.0,0.0,0.0,0.0,33,0.03870076252918159,18,12,6,0,0,0,0,0,0,0,0,1
1bgg,C,275,PRO,-1.6,112.7,0.0,0,0,X,0.0,0.0,0.0,0.0,0.0,0.0,0.0,0.0,26,0.0363693912924839,29,16,13,0,0,0,0,0,0,0,0,1
1bgg,C,276,ILE,4.5,166.7,0.0,0,0,X,0.0,0.0,0.0,0.0,0.0,0.0,0.0,0.0,24,0.034970568550465285,22,20,2,0,0,0,0,0,0,0,0,1
1bgg,C,277,GLN,-3.5,143.8,0.0,2,2,X,0.0,0.0,0.0,0.0,0.0,0.0,0.0,0.0,15,0.027510180593032695,23,17,6,0,0,0,0,0,0,0,0,1
1bgg,C,278,ASP,-3.5,111.1,-1.0,1,3,X,0.0,0.0,0.0,0.0,0.0,0.0,0.0,0.0,10,0.02098234113027917,6,14,-8,0,0,0,0,0,0,0,0,1
1bgg,C,279,GLY,-0.4,60.1,0.0,0,0,X,0.0,0.0,0.0,0.0,0.0,0.0,0.0,0.0,16,0.025178809356335007,12,24,-12,0,0,0,0,0,0,0,0,1
1bgg,C,280,ASP,-3.5,111.1,-1.0,1,3,X,0.0,0.0,0.0,0.0,0.0,0.0,0.0,0.0,25,0.040565859518539735,28,16,12,0,0,0,0,0,0,0,0,1
1bgg,C,281,MET,1.9,162.9,0.0,0,0,X,0.0,0.0,0.0,0.0,0.0,0.0,0.0,0.0,27,0.03963331102386066,11,26,-15,0,0,0,0,0,0,0,0,1
1bgg,C,282,ASP,-3.5,111.1,-1.0,1,3,X,0.0,0.0,0.0,0.0,0.0,0.0,0.0,0.0,21,0.02797645484037223,7,22,-15,0,0,0,0,0,0,0,0,1
1bgg,C,283,ILE,4.5,166.7,0.0,0,0,X,0.0,0.0,0.0,0.0,0.0,0.0,0.0,0.0,30,0.03870076252918159,29,29,0,0,0,0,0,0,0,0,0,1
1bgg,C,284,ILE,4.5,166.7,0.0,0,0,X,0.0,0.0,0.0,0.0,0.0,0.0,0.0,0.0,37,0.05129016720734909,31,25,6,0,0,0,0,0,0,0,0,1
1bgg,C,285,GLY,-0.4,60.1,0.0,0,0,X,0.0,0.0,0.0,0.0,0.0,0.0,0.0,0.0,26,0.04243095650789788,19,21,-2,0,0,0,0,0,0,0,0,1
1bgg,C,286,GLU,-3.5,138.4,-1.0,1,3,X,0.0,0.0,0.0,0.0,0.0,0.0,0.0,0.0,28,0.040099585271200194,34,17,17,0,0,0,0,0,0,0,0,1
1bgg,C,287,PRO,-1.6,112.7,0.0,0,0,X,0.0,0.0,0.0,0.0,0.0,0.0,0.0,0.0,22,0.02984155182973038,25,19,6,0,0,0,0,0,0,0,0,1
1bgg,C,288,ILE,4.5,166.7,0.0,0,0,X,0.0,0.0,0.0,0.0,0.0,0.0,0.0,0.0,32,0.04149840801321881,16,24,-8,0,0,0,0,0,0,0,0,1
1bgg,C,289,ASP,-3.5,111.1,-1.0,1,3,X,0.0,0.0,0.0,0.0,0.0,0.0,0.0,0.0,28,0.03403802005578621,18,11,7,0,0,0,0,0,0,0,0,1
1bgg,C,290,MET,1.9,162.9,0.0,0,0,X,0.0,0.0,0.0,0.0,0.0,0.0,0.0,0.0,34,0.04709369898129325,27,16,11,0,0,0,0,0,0,0,0,1
1bgg,C,291,ILE,4.5,166.7,0.0,0,0,X,0.0,0.0,0.0,0.0,0.0,0.0,0.0,0.0,39,0.05175644145468863,9,13,-4,0,0,0,0,0,0,0,0,1
1bgg,C,292,GLY,-0.4,60.1,0.0,0,0,X,0.0,0.0,0.0,0.0,0.0,0.0,0.0,0.0,43,0.053155264196707235,9,23,-14,0,0,0,0,0,0,0,0,1
1bgg,C,293,ILE,4.5,166.7,0.0,0,0,X,0.0,0.0,0.0,0.0,0.0,0.0,0.0,0.0,40,0.04662742473395372,8,17,-9,0,0,0,0,0,0,0,0,1
1bgg,C,294,ASN,-3.5,114.1,0.0,2,2,X,0.0,0.0,0.0,0.0,0.0,0.0,0.0,0.0,42,0.0526889899493677,15,18,-3,0,0,0,0,0,0,0,0,1
1bgg,C,295,TYR,-1.3,193.6,0.0,1,1,X,0.0,0.0,0.0,0.0,0.0,0.0,0.0,0.0,40,0.050823892960009553,17,18,-1,0,0,0,0,0,0,0,0,1
1bgg,C,296,TYR,-1.3,193.6,0.0,1,1,X,0.0,0.0,0.0,0.0,0.0,0.0,0.0,0.0,36,0.04289723075523742,8,18,-10,0,0,0,0,0,0,0,0,1
1bgg,C,297,SER,-0.8,89.0,0.0,1,1,X,0.0,0.0,0.0,0.0,0.0,0.0,0.0,0.0,36,0.048492521723311866,13,14,-1,0,0,0,0,0,0,0,0,1
1bgg,C,298,MET,1.9,162.9,0.0,0,0,X,0.0,0.0,0.0,0.0,0.0,0.0,0.0,0.0,32,0.04662742473395372,14,23,-9,0,0,0,0,0,0,0,0,1
1bgg,C,299,SER,-0.8,89.0,0.0,1,1,X,0.0,0.0,0.0,0.0,0.0,0.0,0.0,0.0,31,0.04196468226055834,8,22,-14,0,0,0,0,0,0,0,0,1
1bgg,C,300,VAL,4.2,140.0,0.0,0,0,X,0.0,0.0,0.0,0.0,0.0,0.0,0.0,0.0,27,0.043829779249916496,13,29,-16,0,0,0,0,0,0,0,0,1
1bgg,C,301,ASN,-3.5,114.1,0.0,2,2,X,0.0,0.0,0.0,0.0,0.0,0.0,0.0,0.0,32,0.05455408693872585,22,28,-6,0,0,0,0,0,0,0,0,1
1bgg,C,302,ARG,-4.5,173.4,1.0,5,0,X,0.0,0.0,0.0,0.0,0.0,0.0,0.0,0.0,25,0.056419183928083996,2,32,-30,0,0,0,0,0,0,0,0,1
1bgg,C,303,PHE,2.8,189.9,0.0,0,0,X,0.0,0.0,0.0,0.0,0.0,0.0,0.0,0.0,25,0.04989134446533048,22,38,-16,0,0,0,0,0,0,0,0,1
1bgg,C,304,ASN,-3.5,114.1,0.0,2,2,X,0.0,0.0,0.0,0.0,0.0,0.0,0.0,0.0,19,0.03870076252918159,15,35,-20,0,0,0,0,0,0,0,0,1
1bgg,C,305,PRO,-1.6,112.7,0.0,0,0,X,0.0,0.0,0.0,0.0,0.0,0.0,0.0,0.0,16,0.02797645484037223,10,19,-9,0,0,0,0,0,0,0,0,1
1bgg,C,306,GLU,-3.5,138.4,-1.0,1,3,X,0.0,0.0,0.0,0.0,0.0,0.0,0.0,0.0,10,0.022847438119637322,0,7,-7,0,0,0,0,0,0,0,0,1
1bgg,C,307,ALA,1.8,88.6,0.0,0,0,X,0.0,0.0,0.0,0.0,0.0,0.0,0.0,0.0,19,0.03403802005578621,11,23,-12,0,0,0,0,0,0,0,0,1
1bgg,C,308,GLY,-0.4,60.1,0.0,0,0,X,0.0,0.0,0.0,0.0,0.0,0.0,0.0,0.0,20,0.026577632098353617,6,15,-9,0,0,0,0,0,0,0,0,1
1bgg,C,309,PHE,2.8,189.9,0.0,0,0,X,0.0,0.0,0.0,0.0,0.0,0.0,0.0,0.0,27,0.032172923066428064,9,2,7,0,0,0,0,0,0,0,0,1
1bgg,C,310,LEU,3.8,166.7,0.0,0,0,X,0.0,0.0,0.0,0.0,0.0,0.0,0.0,0.0,33,0.04149840801321881,16,8,8,0,0,0,0,0,0,0,0,1
1bgg,C,311,GLN,-3.5,143.8,0.0,2,2,X,0.0,0.0,0.0,0.0,0.0,0.0,0.0,0.0,21,0.045694876239274644,15,23,-8,0,0,0,0,0,0,0,0,1
1bgg,C,312,SER,-0.8,89.0,0.0,1,1,X,0.0,0.0,0.0,0.0,0.0,0.0,0.0,0.0,31,0.05408781269138631,22,32,-10,0,0,0,0,0,0,0,0,1
1bgg,C,313,GLU,-3.5,138.4,-1.0,1,3,X,0.0,0.0,0.0,0.0,0.0,0.0,0.0,0.0,26,0.03870076252918159,12,21,-9,0,0,0,0,0,0,0,0,1
1bgg,C,314,GLU,-3.5,138.4,-1.0,1,3,X,0.0,0.0,0.0,0.0,0.0,0.0,0.0,0.0,25,0.03310547156110714,10,9,1,0,0,0,0,0,0,0,0,1
1bgg,C,315,ILE,4.5,166.7,0.0,0,0,X,0.0,0.0,0.0,0.0,0.0,0.0,0.0,0.0,22,0.03776821403450251,11,21,-10,0,0,0,0,0,0,0,0,1
1bgg,C,316,ASN,-3.5,114.1,0.0,2,2,X,0.0,0.0,0.0,0.0,0.0,0.0,0.0,0.0,16,0.02471253510899547,2,14,-12,0,0,0,0,0,0,0,0,1
1bgg,C,317,MET,1.9,162.9,0.0,0,0,X,0.0,0.0,0.0,0.0,0.0,0.0,0.0,0.0,18,0.023779986614316396,1,12,-11,0,0,0,0,0,0,0,0,1
1bgg,C,318,GLY,-0.4,60.1,0.0,0,0,X,0.0,0.0,0.0,0.0,0.0,0.0,0.0,0.0,12,0.018650969893581486,0,1,-1,0,0,0,0,0,0,0,0,1
1bgg,C,319,LEU,3.8,166.7,0.0,0,0,X,0.0,0.0,0.0,0.0,0.0,0.0,0.0,0.0,18,0.02471253510899547,0,10,-10,0,0,0,0,0,0,0,0,1
1bgg,C,320,PRO,-1.6,112.7,0.0,0,0,X,0.0,0.0,0.0,0.0,0.0,0.0,0.0,0.0,17,0.021914889624958248,5,8,-3,0,0,0,0,0,0,0,0,1
1bgg,C,321,VAL,4.2,140.0,0.0,0,0,X,0.0,0.0,0.0,0.0,0.0,0.0,0.0,0.0,19,0.03403802005578621,7,10,-3,0,0,0,0,0,0,0,0,1
1bgg,C,322,THR,-0.7,116.1,0.0,1,1,X,0.0,0.0,0.0,0.0,0.0,0.0,0.0,0.0,23,0.04196468226055834,18,9,9,0,0,0,0,0,0,0,0,1
1bgg,C,323,ASP,-3.5,111.1,-1.0,1,3,X,0.0,0.0,0.0,0.0,0.0,0.0,0.0,0.0,20,0.0363693912924839,21,10,11,0,0,0,0,0,0,0,0,1
1bgg,C,324,ILE,4.5,166.7,0.0,0,0,X,0.0,0.0,0.0,0.0,0.0,0.0,0.0,0.0,21,0.03776821403450251,6,25,-19,0,0,0,0,0,0,0,0,1
1bgg,C,325,GLY,-0.4,60.1,0.0,0,0,X,0.0,0.0,0.0,0.0,0.0,0.0,0.0,0.0,22,0.027510180593032695,1,15,-14,0,0,0,0,0,0,0,0,1
1bgg,C,326,TRP,-0.9,227.8,0.0,1,0,X,0.0,0.0,0.0,0.0,0.0,0.0,0.0,0.0,23,0.034970568550465285,0,18,-18,0,0,0,0,0,0,0,0,1
1bgg,C,327,PRO,-1.6,112.7,0.0,0,0,X,0.0,0.0,0.0,0.0,0.0,0.0,0.0,0.0,28,0.03916703677652112,3,16,-13,0,0,0,0,0,0,0,0,1
1bgg,C,328,VAL,4.2,140.0,0.0,0,0,X,0.0,0.0,0.0,0.0,0.0,0.0,0.0,0.0,29,0.045694876239274644,18,10,8,0,0,0,0,0,0,0,0,1
1bgg,C,329,GLU,-3.5,138.4,-1.0,1,3,X,0.0,0.0,0.0,0.0,0.0,0.0,0.0,0.0,26,0.040099585271200194,19,6,13,0,0,0,0,0,0,0,0,1
1bgg,C,330,SER,-0.8,89.0,0.0,1,1,X,0.0,0.0,0.0,0.0,0.0,0.0,0.0,0.0,29,0.048492521723311866,28,16,12,0,0,0,0,0,0,0,0,1
1bgg,C,331,ARG,-4.5,173.4,1.0,5,0,X,0.0,0.0,0.0,0.0,0.0,0.0,0.0,0.0,21,0.04196468226055834,8,18,-10,0,0,0,0,0,0,0,0,1
1bgg,C,332,GLY,-0.4,60.1,0.0,0,0,X,0.0,0.0,0.0,0.0,0.0,0.0,0.0,0.0,33,0.05129016720734909,32,18,14,0,0,0,0,0,0,0,0,1
1bgg,C,333,LEU,3.8,166.7,0.0,0,0,X,0.0,0.0,0.0,0.0,0.0,0.0,0.0,0.0,38,0.053155264196707235,35,17,18,0,0,0,0,0,0,0,0,1
1bgg,C,334,TYR,-1.3,193.6,0.0,1,1,X,0.0,0.0,0.0,0.0,0.0,0.0,0.0,0.0,28,0.05222271570202816,40,18,22,0,0,0,0,0,0,0,0,1
1bgg,C,335,GLU,-3.5,138.4,-1.0,1,3,X,0.0,0.0,0.0,0.0,0.0,0.0,0.0,0.0,25,0.04429605349725603,27,6,21,0,0,0,0,0,0,0,0,1
1bgg,C,336,VAL,4.2,140.0,0.0,0,0,X,0.0,0.0,0.0,0.0,0.0,0.0,0.0,0.0,37,0.04942507021799094,19,12,7,0,0,0,0,0,0,0,0,1
1bgg,C,337,LEU,3.8,166.7,0.0,0,0,X,0.0,0.0,0.0,0.0,0.0,0.0,0.0,0.0,42,0.045694876239274644,27,14,13,0,0,0,0,0,0,0,0,1
1bgg,C,338,HIS,-3.2,153.2,0.1,2,1,X,0.0,0.0,0.0,0.0,0.0,0.0,0.0,0.0,25,0.04103213376587927,18,17,1,0,0,0,0,0,0,0,0,1
1bgg,C,339,TYR,-1.3,193.6,0.0,1,1,X,0.0,0.0,0.0,0.0,0.0,0.0,0.0,0.0,26,0.03776821403450251,17,15,2,0,0,0,0,0,0,0,0,1
1bgg,C,340,LEU,3.8,166.7,0.0,0,0,X,0.0,0.0,0.0,0.0,0.0,0.0,0.0,0.0,33,0.04476232774459557,18,15,3,0,0,0,0,0,0,0,0,1
1bgg,C,341,GLN,-3.5,143.8,0.0,2,2,X,0.0,0.0,0.0,0.0,0.0,0.0,0.0,0.0,24,0.03823448828184205,27,9,18,0,0,0,0,0,0,0,0,1
1bgg,C,342,LYS,-3.9,168.6,1.0,2,0,X,0.0,0.0,0.0,0.0,0.0,0.0,0.0,0.0,20,0.028909003335051305,5,9,-4,0,0,0,0,0,0,0,0,1
1bgg,C,343,TYR,-1.3,193.6,0.0,1,1,X,0.0,0.0,0.0,0.0,0.0,0.0,0.0,0.0,26,0.035436842797804825,11,8,3,0,0,0,0,0,0,0,0,1
1bgg,C,344,GLY,-0.4,60.1,0.0,0,0,X,0.0,0.0,0.0,0.0,0.0,0.0,0.0,0.0,19,0.02471253510899547,22,7,15,0,0,0,0,0,0,0,0,1
1bgg,C,345,ASN,-3.5,114.1,0.0,2,2,X,0.0,0.0,0.0,0.0,0.0,0.0,0.0,0.0,19,0.032172923066428064,25,11,14,0,0,0,0,0,0,0,0,1
1bgg,C,346,ILE,4.5,166.7,0.0,0,0,X,0.0,0.0,0.0,0.0,0.0,0.0,0.0,0.0,26,0.040565859518539735,23,13,10,0,0,0,0,0,0,0,0,1
1bgg,C,347,ASP,-3.5,111.1,-1.0,1,3,X,0.0,0.0,0.0,0.0,0.0,0.0,0.0,0.0,27,0.045228601991935104,20,8,12,0,0,0,0,0,0,0,0,1
1bgg,C,348,ILE,4.5,166.7,0.0,0,0,X,0.0,0.0,0.0,0.0,0.0,0.0,0.0,0.0,40,0.05129016720734909,20,10,10,0,0,0,0,0,0,0,0,1
1bgg,C,349,TYR,-1.3,193.6,0.0,1,1,X,0.0,0.0,0.0,0.0,0.0,0.0,0.0,0.0,38,0.050823892960009553,29,15,14,0,0,0,0,0,0,0,0,1
1bgg,C,350,ILE,4.5,166.7,0.0,0,0,X,0.0,0.0,0.0,0.0,0.0,0.0,0.0,0.0,44,0.05222271570202816,19,11,8,0,0,0,0,0,0,0,0,1
1bgg,C,351,THR,-0.7,116.1,0.0,1,1,X,0.0,0.0,0.0,0.0,0.0,0.0,0.0,0.0,44,0.05408781269138631,15,15,0,0,0,0,0,0,0,0,0,1
1bgg,C,352,GLU,-3.5,138.4,-1.0,1,3,X,0.0,0.0,0.0,0.0,0.0,0.0,0.0,0.0,41,0.05735173242276307,16,8,8,0,0,0,0,0,0,0,0,1
1bgg,C,353,ASN,-3.5,114.1,0.0,2,2,X,0.0,0.0,0.0,0.0,0.0,0.0,0.0,0.0,38,0.05548663543340492,15,10,5,0,0,0,0,0,0,0,0,1
1bgg,C,354,GLY,-0.4,60.1,0.0,0,0,X,0.0,0.0,0.0,0.0,0.0,0.0,0.0,0.0,37,0.05455408693872585,24,12,12,0,0,0,0,0,0,0,0,1
1bgg,C,355,ALA,1.8,88.6,0.0,0,0,X,0.0,0.0,0.0,0.0,0.0,0.0,0.0,0.0,40,0.0526889899493677,37,23,14,0,0,0,0,0,0,0,0,1
1bgg,C,356,CYS,2.5,108.5,0.0,1,0,X,0.0,0.0,0.0,0.0,0.0,0.0,0.0,0.0,29,0.053155264196707235,32,34,-2,0,0,0,0,0,0,0,0,1
1bgg,C,357,ILE,4.5,166.7,0.0,0,0,X,0.0,0.0,0.0,0.0,0.0,0.0,0.0,0.0,34,0.05175644145468863,37,38,-1,0,0,0,0,0,0,0,0,1
1bgg,C,358,ASN,-3.5,114.1,0.0,2,2,X,0.0,0.0,0.0,0.0,0.0,0.0,0.0,0.0,24,0.04149840801321881,33,35,-2,0,0,0,0,0,0,0,0,1
1bgg,C,359,ASP,-3.5,111.1,-1.0,1,3,X,0.0,0.0,0.0,0.0,0.0,0.0,0.0,0.0,26,0.03870076252918159,51,38,13,0,0,0,0,0,0,0,0,1
1bgg,C,360,GLU,-3.5,138.4,-1.0,1,3,X,0.0,0.0,0.0,0.0,0.0,0.0,0.0,0.0,25,0.03310547156110714,40,25,15,0,0,0,0,0,0,0,0,1
1bgg,C,361,VAL,4.2,140.0,0.0,0,0,X,0.0,0.0,0.0,0.0,0.0,0.0,0.0,0.0,23,0.032172923066428064,38,28,10,0,0,0,0,0,0,0,0,1
1bgg,C,362,VAL,4.2,140.0,0.0,0,0,X,0.0,0.0,0.0,0.0,0.0,0.0,0.0,0.0,12,0.025178809356335007,14,21,-7,0,0,0,0,0,0,0,0,1
1bgg,C,363,ASN,-3.5,114.1,0.0,2,2,X,0.0,0.0,0.0,0.0,0.0,0.0,0.0,0.0,11,0.017718421398902413,12,11,1,0,0,0,0,0,0,0,0,1
1bgg,C,364,GLY,-0.4,60.1,0.0,0,0,X,0.0,0.0,0.0,0.0,0.0,0.0,0.0,0.0,18,0.02144861537761871,30,15,15,0,0,0,0,0,0,0,0,1
1bgg,C,365,LYS,-3.9,168.6,1.0,2,0,X,0.0,0.0,0.0,0.0,0.0,0.0,0.0,0.0,20,0.040099585271200194,16,30,-14,0,0,0,0,0,0,0,0,1
1bgg,C,366,VAL,4.2,140.0,0.0,0,0,X,0.0,0.0,0.0,0.0,0.0,0.0,0.0,0.0,31,0.05035761871267001,48,44,4,0,0,0,0,0,0,0,0,1
1bgg,C,367,GLN,-3.5,143.8,0.0,2,2,X,0.0,0.0,0.0,0.0,0.0,0.0,0.0,0.0,21,0.03776821403450251,35,37,-2,0,0,0,0,0,0,0,0,1
1bgg,C,368,ASP,-3.5,111.1,-1.0,1,3,X,0.0,0.0,0.0,0.0,0.0,0.0,0.0,0.0,34,0.048492521723311866,45,32,13,0,0,0,0,0,0,0,0,1
1bgg,C,369,ASP,-3.5,111.1,-1.0,1,3,X,0.0,0.0,0.0,0.0,0.0,0.0,0.0,0.0,18,0.035436842797804825,27,23,4,0,0,0,0,0,0,0,0,1
1bgg,C,370,ARG,-4.5,173.4,1.0,5,0,X,0.0,0.0,0.0,0.0,0.0,0.0,0.0,0.0,23,0.035436842797804825,12,31,-19,0,0,0,0,0,0,0,0,1
1bgg,C,371,ARG,-4.5,173.4,1.0,5,0,X,0.0,0.0,0.0,0.0,0.0,0.0,0.0,0.0,39,0.048958795970651406,28,37,-9,0,0,0,0,0,0,0,0,1
1bgg,C,372,ILE,4.5,166.7,0.0,0,0,X,0.0,0.0,0.0,0.0,0.0,0.0,0.0,0.0,29,0.04429605349725603,25,26,-1,0,0,0,0,0,0,0,0,1
1bgg,C,373,SER,-0.8,89.0,0.0,1,1,X,0.0,0.0,0.0,0.0,0.0,0.0,0.0,0.0,24,0.035436842797804825,27,15,12,0,0,0,0,0,0,0,0,1
1bgg,C,374,TYR,-1.3,193.6,0.0,1,1,X,0.0,0.0,0.0,0.0,0.0,0.0,0.0,0.0,38,0.04662742473395372,27,10,17,0,0,0,0,0,0,0,0,1
1bgg,C,375,MET,1.9,162.9,0.0,0,0,X,0.0,0.0,0.0,0.0,0.0,0.0,0.0,0.0,39,0.05222271570202816,26,11,15,0,0,0,0,0,0,0,0,1
1bgg,C,376,GLN,-3.5,143.8,0.0,2,2,X,0.0,0.0,0.0,0.0,0.0,0.0,0.0,0.0,27,0.045694876239274644,26,9,17,0,0,0,0,0,0,0,0,1
1bgg,C,377,GLN,-3.5,143.8,0.0,2,2,X,0.0,0.0,0.0,0.0,0.0,0.0,0.0,0.0,28,0.04289723075523742,22,7,15,0,0,0,0,0,0,0,0,1
1bgg,C,378,HIS,-3.2,153.2,0.1,2,1,X,0.0,0.0,0.0,0.0,0.0,0.0,0.0,0.0,35,0.05035761871267001,10,8,2,0,0,0,0,0,0,0,0,1
1bgg,C,379,LEU,3.8,166.7,0.0,0,0,X,0.0,0.0,0.0,0.0,0.0,0.0,0.0,0.0,38,0.04755997322863279,25,4,21,0,0,0,0,0,0,0,0,1
1bgg,C,380,VAL,4.2,140.0,0.0,0,0,X,0.0,0.0,0.0,0.0,0.0,0.0,0.0,0.0,30,0.04476232774459557,36,4,32,0,0,0,0,0,0,0,0,1
1bgg,C,381,GLN,-3.5,143.8,0.0,2,2,X,0.0,0.0,0.0,0.0,0.0,0.0,0.0,0.0,32,0.04989134446533048,43,13,30,0,0,0,0,0,0,0,0,1
1bgg,C,382,VAL,4.2,140.0,0.0,0,0,X,0.0,0.0,0.0,0.0,0.0,0.0,0.0,0.0,40,0.05035761871267001,39,4,35,0,0,0,0,0,0,0,0,1
1bgg,C,383,HIS,-3.2,153.2,0.1,2,1,X,0.0,0.0,0.0,0.0,0.0,0.0,0.0,0.0,27,0.048958795970651406,21,7,14,0,0,0,0,0,0,0,0,1
1bgg,C,384,ARG,-4.5,173.4,1.0,5,0,X,0.0,0.0,0.0,0.0,0.0,0.0,0.0,0.0,22,0.045228601991935104,37,14,23,0,0,0,0,0,0,0,0,1
1bgg,C,385,THR,-0.7,116.1,0.0,1,1,X,0.0,0.0,0.0,0.0,0.0,0.0,0.0,0.0,30,0.05129016720734909,52,12,40,0,0,0,0,0,0,0,0,1
1bgg,C,386,ILE,4.5,166.7,0.0,0,0,X,0.0,0.0,0.0,0.0,0.0,0.0,0.0,0.0,27,0.04289723075523742,49,8,41,0,0,0,0,0,0,0,0,1
1bgg,C,387,HIS,-3.2,153.2,0.1,2,1,X,0.0,0.0,0.0,0.0,0.0,0.0,0.0,0.0,15,0.02984155182973038,22,8,14,0,0,0,0,0,0,0,0,1
1bgg,C,388,ASP,-3.5,111.1,-1.0,1,3,X,0.0,0.0,0.0,0.0,0.0,0.0,0.0,0.0,17,0.028909003335051305,42,0,42,0,0,0,0,0,0,0,0,1
1bgg,C,389,GLY,-0.4,60.1,0.0,0,0,X,0.0,0.0,0.0,0.0,0.0,0.0,0.0,0.0,18,0.02797645484037223,37,8,29,0,0,0,0,0,0,0,0,1
1bgg,C,390,LEU,3.8,166.7,0.0,0,0,X,0.0,0.0,0.0,0.0,0.0,0.0,0.0,0.0,26,0.04429605349725603,43,15,28,0,0,0,0,0,0,0,0,1
1bgg,C,391,HIS,-3.2,153.2,0.1,2,1,X,0.0,0.0,0.0,0.0,0.0,0.0,0.0,0.0,21,0.03916703677652112,10,14,-4,0,0,0,0,0,0,0,0,1
1bgg,C,392,VAL,4.2,140.0,0.0,0,0,X,0.0,0.0,0.0,0.0,0.0,0.0,0.0,0.0,36,0.048958795970651406,32,14,18,0,0,0,0,0,0,0,0,1
1bgg,C,393,LYS,-3.9,168.6,1.0,2,0,X,0.0,0.0,0.0,0.0,0.0,0.0,0.0,0.0,30,0.043829779249916496,17,17,0,0,0,0,0,0,0,0,0,1
1bgg,C,394,GLY,-0.4,60.1,0.0,0,0,X,0.0,0.0,0.0,0.0,0.0,0.0,0.0,0.0,40,0.050823892960009553,23,12,11,0,0,0,0,0,0,0,0,1
1bgg,C,395,TYR,-1.3,193.6,0.0,1,1,X,0.0,0.0,0.0,0.0,0.0,0.0,0.0,0.0,43,0.05408781269138631,13,6,7,0,0,0,0,0,0,0,0,1
1bgg,C,396,MET,1.9,162.9,0.0,0,0,X,0.0,0.0,0.0,0.0,0.0,0.0,0.0,0.0,44,0.05455408693872585,17,10,7,0,0,0,0,0,0,0,0,1
1bgg,C,397,ALA,1.8,88.6,0.0,0,0,X,0.0,0.0,0.0,0.0,0.0,0.0,0.0,0.0,41,0.05035761871267001,16,9,7,0,0,0,0,0,0,0,0,1
1bgg,C,398,TRP,-0.9,227.8,0.0,1,0,X,0.0,0.0,0.0,0.0,0.0,0.0,0.0,0.0,44,0.05408781269138631,23,25,-2,0,0,0,0,0,0,0,0,1
1bgg,C,399,SER,-0.8,89.0,0.0,1,1,X,0.0,0.0,0.0,0.0,0.0,0.0,0.0,0.0,42,0.05035761871267001,25,19,6,0,0,0,0,0,0,0,0,1
1bgg,C,400,LEU,3.8,166.7,0.0,0,0,X,0.0,0.0,0.0,0.0,0.0,0.0,0.0,0.0,43,0.048026247475972325,27,18,9,0,0,0,0,0,0,0,0,1
1bgg,C,401,LEU,3.8,166.7,0.0,0,0,X,0.0,0.0,0.0,0.0,0.0,0.0,0.0,0.0,45,0.04942507021799094,35,22,13,0,0,0,0,0,0,0,0,1
1bgg,C,402,ASP,-3.5,111.1,-1.0,1,3,X,0.0,0.0,0.0,0.0,0.0,0.0,0.0,0.0,42,0.05408781269138631,43,20,23,0,0,0,0,0,0,0,0,1
1bgg,C,403,ASN,-3.5,114.1,0.0,2,2,X,0.0,0.0,0.0,0.0,0.0,0.0,0.0,0.0,40,0.05735173242276307,17,26,-9,0,0,0,0,0,0,0,0,1
1bgg,C,404,PHE,2.8,189.9,0.0,0,0,X,0.0,0.0,0.0,0.0,0.0,0.0,0.0,0.0,35,0.05735173242276307,3,32,-29,0,0,0,0,0,0,0,0,1
1bgg,C,405,GLU,-3.5,138.4,-1.0,1,3,X,0.0,0.0,0.0,0.0,0.0,0.0,0.0,0.0,34,0.050823892960009553,12,19,-7,0,0,0,0,0,0,0,0,1
1bgg,C,406,TRP,-0.9,227.8,0.0,1,0,X,0.0,0.0,0.0,0.0,0.0,0.0,0.0,0.0,40,0.04616115048661418,20,29,-9,0,0,0,0,0,0,0,0,1
1bgg,C,407,ALA,1.8,88.6,0.0,0,0,X,0.0,0.0,0.0,0.0,0.0,0.0,0.0,0.0,30,0.045228601991935104,17,26,-9,0,0,0,0,0,0,0,0,1
1bgg,C,408,GLU,-3.5,138.4,-1.0,1,3,X,0.0,0.0,0.0,0.0,0.0,0.0,0.0,0.0,27,0.04289723075523742,10,19,-9,0,0,0,0,0,0,0,0,1
1bgg,C,409,GLY,-0.4,60.1,0.0,0,0,X,0.0,0.0,0.0,0.0,0.0,0.0,0.0,0.0,30,0.0526889899493677,11,30,-19,0,0,0,0,0,0,0,0,1
1bgg,C,410,TYR,-1.3,193.6,0.0,1,1,X,0.0,0.0,0.0,0.0,0.0,0.0,0.0,0.0,34,0.04476232774459557,11,35,-24,0,0,0,0,0,0,0,0,1
1bgg,C,411,ASN,-3.5,114.1,0.0,2,2,X,0.0,0.0,0.0,0.0,0.0,0.0,0.0,0.0,24,0.035436842797804825,14,36,-22,0,0,0,0,0,0,0,0,1
1bgg,C,412,MET,1.9,162.9,0.0,0,0,X,0.0,0.0,0.0,0.0,0.0,0.0,0.0,0.0,30,0.048492521723311866,13,35,-22,0,0,0,0,0,0,0,0,1
1bgg,C,413,ARG,-4.5,173.4,1.0,5,0,X,0.0,0.0,0.0,0.0,0.0,0.0,0.0,0.0,35,0.05175644145468863,20,47,-27,0,0,0,0,0,0,0,0,1
1bgg,C,414,PHE,2.8,189.9,0.0,0,0,X,0.0,0.0,0.0,0.0,0.0,0.0,0.0,0.0,38,0.05408781269138631,20,32,-12,0,0,0,0,0,0,0,0,1
1bgg,C,415,GLY,-0.4,60.1,0.0,0,0,X,0.0,0.0,0.0,0.0,0.0,0.0,0.0,0.0,39,0.053621538444046775,41,25,16,0,0,0,0,0,0,0,0,1
1bgg,C,416,MET,1.9,162.9,0.0,0,0,X,0.0,0.0,0.0,0.0,0.0,0.0,0.0,0.0,42,0.05502036118606539,33,21,12,0,0,0,0,0,0,0,0,1
1bgg,C,417,ILE,4.5,166.7,0.0,0,0,X,0.0,0.0,0.0,0.0,0.0,0.0,0.0,0.0,39,0.05408781269138631,40,30,10,0,0,0,0,0,0,0,0,1
1bgg,C,418,HIS,-3.2,153.2,0.1,2,1,X,0.0,0.0,0.0,0.0,0.0,0.0,0.0,0.0,37,0.0526889899493677,39,35,4,0,0,0,0,0,0,0,0,1
1bgg,C,419,VAL,4.2,140.0,0.0,0,0,X,0.0,0.0,0.0,0.0,0.0,0.0,0.0,0.0,36,0.053155264196707235,46,33,13,0,0,0,0,0,0,0,0,1
1bgg,C,420,ASP,-3.5,111.1,-1.0,1,3,X,0.0,0.0,0.0,0.0,0.0,0.0,0.0,0.0,23,0.04243095650789788,45,18,27,0,0,0,0,0,0,0,0,1
1bgg,C,421,PHE,2.8,189.9,0.0,0,0,X,0.0,0.0,0.0,0.0,0.0,0.0,0.0,0.0,32,0.04243095650789788,44,27,17,0,0,0,0,0,0,0,0,1
1bgg,C,422,ARG,-4.5,173.4,1.0,5,0,X,0.0,0.0,0.0,0.0,0.0,0.0,0.0,0.0,25,0.03124037457174899,27,20,7,0,0,0,0,0,0,0,0,1
1bgg,C,423,THR,-0.7,116.1,0.0,1,1,X,0.0,0.0,0.0,0.0,0.0,0.0,0.0,0.0,20,0.028909003335051305,38,15,23,0,0,0,0,0,0,0,0,1
1bgg,C,424,GLN,-3.5,143.8,0.0,2,2,X,0.0,0.0,0.0,0.0,0.0,0.0,0.0,0.0,28,0.04103213376587927,43,27,16,0,0,0,0,0,0,0,0,1
1bgg,C,425,VAL,4.2,140.0,0.0,0,0,X,0.0,0.0,0.0,0.0,0.0,0.0,0.0,0.0,20,0.03590311704514436,36,15,21,0,0,0,0,0,0,0,0,1
1bgg,C,426,ARG,-4.5,173.4,1.0,5,0,X,0.0,0.0,0.0,0.0,0.0,0.0,0.0,0.0,32,0.03963331102386066,27,43,-16,0,0,0,0,0,0,0,0,1
1bgg,C,427,THR,-0.7,116.1,0.0,1,1,X,0.0,0.0,0.0,0.0,0.0,0.0,0.0,0.0,33,0.03963331102386066,41,33,8,0,0,0,0,0,0,0,0,1
1bgg,C,428,PRO,-1.6,112.7,0.0,0,0,X,0.0,0.0,0.0,0.0,0.0,0.0,0.0,0.0,31,0.04616115048661418,51,20,31,0,0,0,0,0,0,0,0,1
1bgg,C,429,LYS,-3.9,168.6,1.0,2,0,X,0.0,0.0,0.0,0.0,0.0,0.0,0.0,0.0,39,0.05502036118606539,47,41,6,0,0,0,0,0,0,0,0,1
1bgg,C,430,GLU,-3.5,138.4,-1.0,1,3,X,0.0,0.0,0.0,0.0,0.0,0.0,0.0,0.0,29,0.048958795970651406,42,21,21,0,0,0,0,0,0,0,0,1
1bgg,C,431,SER,-0.8,89.0,0.0,1,1,X,0.0,0.0,0.0,0.0,0.0,0.0,0.0,0.0,36,0.05502036118606539,32,25,7,0,0,0,0,0,0,0,0,1
1bgg,C,432,TYR,-1.3,193.6,0.0,1,1,X,0.0,0.0,0.0,0.0,0.0,0.0,0.0,0.0,38,0.053155264196707235,37,22,15,0,0,0,0,0,0,0,0,1
1bgg,C,433,TYR,-1.3,193.6,0.0,1,1,X,0.0,0.0,0.0,0.0,0.0,0.0,0.0,0.0,27,0.04616115048661418,36,23,13,0,0,0,0,0,0,0,0,1
1bgg,C,434,TRP,-0.9,227.8,0.0,1,0,X,0.0,0.0,0.0,0.0,0.0,0.0,0.0,0.0,34,0.03916703677652112,20,23,-3,0,0,0,0,0,0,0,0,1
1bgg,C,435,TYR,-1.3,193.6,0.0,1,1,X,0.0,0.0,0.0,0.0,0.0,0.0,0.0,0.0,40,0.048492521723311866,14,4,10,0,0,0,0,0,0,0,0,1
1bgg,C,436,ARG,-4.5,173.4,1.0,5,0,X,0.0,0.0,0.0,0.0,0.0,0.0,0.0,0.0,29,0.04755997322863279,15,12,3,0,0,0,0,0,0,0,0,1
1bgg,C,437,ASN,-3.5,114.1,0.0,2,2,X,0.0,0.0,0.0,0.0,0.0,0.0,0.0,0.0,26,0.04289723075523742,13,13,0,0,0,0,0,0,0,0,0,1
1bgg,C,438,VAL,4.2,140.0,0.0,0,0,X,0.0,0.0,0.0,0.0,0.0,0.0,0.0,0.0,31,0.0526889899493677,7,5,2,0,0,0,0,0,0,0,0,1
1bgg,C,439,VAL,4.2,140.0,0.0,0,0,X,0.0,0.0,0.0,0.0,0.0,0.0,0.0,0.0,31,0.04755997322863279,16,2,14,0,0,0,0,0,0,0,0,1
1bgg,C,440,SER,-0.8,89.0,0.0,1,1,X,0.0,0.0,0.0,0.0,0.0,0.0,0.0,0.0,29,0.032639197313767604,22,5,17,0,0,0,0,0,0,0,0,1
1bgg,C,441,ASN,-3.5,114.1,0.0,2,2,X,0.0,0.0,0.0,0.0,0.0,0.0,0.0,0.0,32,0.03916703677652112,17,11,6,0,0,0,0,0,0,0,0,1
1bgg,C,442,ASN,-3.5,114.1,0.0,2,2,X,0.0,0.0,0.0,0.0,0.0,0.0,0.0,0.0,27,0.04755997322863279,8,6,2,0,0,0,0,0,0,0,0,1
1bgg,C,443,TRP,-0.9,227.8,0.0,1,0,X,0.0,0.0,0.0,0.0,0.0,0.0,0.0,0.0,34,0.04755997322863279,13,13,0,0,0,0,0,0,0,0,0,1
1bgg,C,444,LEU,3.8,166.7,0.0,0,0,X,0.0,0.0,0.0,0.0,0.0,0.0,0.0,0.0,30,0.0526889899493677,21,9,12,0,0,0,0,0,0,0,0,1
1bgg,C,445,GLU,-3.5,138.4,-1.0,1,3,X,0.0,0.0,0.0,0.0,0.0,0.0,0.0,0.0,23,0.040099585271200194,16,1,15,0,0,0,0,0,0,0,0,1
1bgg,C,446,THR,-0.7,116.1,0.0,1,1,X,0.0,0.0,0.0,0.0,0.0,0.0,0.0,0.0,17,0.032172923066428064,19,9,10,0,0,0,0,0,0,0,0,1
1bgg,C,447,ARG,-4.5,173.4,1.0,5,0,X,0.0,0.0,0.0,0.0,0.0,0.0,0.0,0.0,15,0.02144861537761871,9,9,0,0,0,0,0,0,0,0,0,1
1bgg,C,448,ARG,-4.5,173.4,1.0,5,0,X,0.0,0.0,0.0,0.0,0.0,0.0,0.0,0.0,3,0.01165685618348843,8,0,8,0,0,0,0,0,0,0,0,1
1bgg,D,2,THR,-0.7,116.1,0.0,1,1,X,0.0,0.0,0.0,0.0,0.0,0.0,0.0,0.0,13,0.022847438119637322,17,9,8,0,0,0,0,0,0,0,0,1
1bgg,D,3,ILE,4.5,166.7,0.0,0,0,X,0.0,0.0,0.0,0.0,0.0,0.0,0.0,0.0,18,0.035436842797804825,13,9,4,0,0,0,0,0,0,0,0,1
1bgg,D,4,PHE,2.8,189.9,0.0,0,0,X,0.0,0.0,0.0,0.0,0.0,0.0,0.0,0.0,25,0.04429605349725603,23,9,14,0,0,0,0,0,0,0,0,1
1bgg,D,5,GLN,-3.5,143.8,0.0,2,2,X,0.0,0.0,0.0,0.0,0.0,0.0,0.0,0.0,22,0.03730193978716297,13,4,9,0,0,0,0,0,0,0,0,1
1bgg,D,6,PHE,2.8,189.9,0.0,0,0,X,0.0,0.0,0.0,0.0,0.0,0.0,0.0,0.0,32,0.04289723075523742,20,5,15,0,0,0,0,0,0,0,0,1
1bgg,D,7,PRO,-1.6,112.7,0.0,0,0,X,0.0,0.0,0.0,0.0,0.0,0.0,0.0,0.0,20,0.03170664881908853,23,8,15,0,0,0,0,0,0,0,0,1
1bgg,D,8,GLN,-3.5,143.8,0.0,2,2,X,0.0,0.0,0.0,0.0,0.0,0.0,0.0,0.0,13,0.022381163872297785,4,8,-4,0,0,0,0,0,0,0,0,1
1bgg,D,9,ASP,-3.5,111.1,-1.0,1,3,X,0.0,0.0,0.0,0.0,0.0,0.0,0.0,0.0,13,0.025178809356335007,16,3,13,0,0,0,0,0,0,0,0,1
1bgg,D,10,PHE,2.8,189.9,0.0,0,0,X,0.0,0.0,0.0,0.0,0.0,0.0,0.0,0.0,30,0.043363505002576956,26,8,18,0,0,0,0,0,0,0,0,1
1bgg,D,11,MET,1.9,162.9,0.0,0,0,X,0.0,0.0,0.0,0.0,0.0,0.0,0.0,0.0,34,0.043363505002576956,26,17,9,0,0,0,0,0,0,0,0,1
1bgg,D,12,TRP,-0.9,227.8,0.0,1,0,X,0.0,0.0,0.0,0.0,0.0,0.0,0.0,0.0,36,0.050823892960009553,18,4,14,0,0,0,0,0,0,0,0,1
1bgg,D,13,GLY,-0.4,60.1,0.0,0,0,X,0.0,0.0,0.0,0.0,0.0,0.0,0.0,0.0,38,0.05175644145468863,20,7,13,0,0,0,0,0,0,0,0,1
1bgg,D,14,THR,-0.7,116.1,0.0,1,1,X,0.0,0.0,0.0,0.0,0.0,0.0,0.0,0.0,41,0.05502036118606539,16,8,8,0,0,0,0,0,0,0,0,1
1bgg,D,15,ALA,1.8,88.6,0.0,0,0,X,0.0,0.0,0.0,0.0,0.0,0.0,0.0,0.0,41,0.05408781269138631,16,10,6,0,0,0,0,0,0,0,0,1
1bgg,D,16,THR,-0.7,116.1,0.0,1,1,X,0.0,0.0,0.0,0.0,0.0,0.0,0.0,0.0,42,0.05688545817542354,19,20,-1,0,0,0,0,0,0,0,0,1
1bgg,D,17,ALA,1.8,88.6,0.0,0,0,X,0.0,0.0,0.0,0.0,0.0,0.0,0.0,0.0,38,0.05129016720734909,21,26,-5,0,0,0,0,0,0,0,0,1
1bgg,D,18,ALA,1.8,88.6,0.0,0,0,X,0.0,0.0,0.0,0.0,0.0,0.0,0.0,0.0,44,0.050823892960009553,26,20,6,0,0,0,0,0,0,0,0,1
1bgg,D,19,TYR,-1.3,193.6,0.0,1,1,X,0.0,0.0,0.0,0.0,0.0,0.0,0.0,0.0,46,0.053621538444046775,23,30,-7,0,0,0,0,0,0,0,0,1
1bgg,D,20,GLN,-3.5,143.8,0.0,2,2,X,0.0,0.0,0.0,0.0,0.0,0.0,0.0,0.0,40,0.056419183928083996,9,31,-22,0,0,0,0,0,0,0,0,1
1bgg,D,21,ILE,4.5,166.7,0.0,0,0,X,0.0,0.0,0.0,0.0,0.0,0.0,0.0,0.0,44,0.053155264196707235,18,30,-12,0,0,0,0,0,0,0,0,1
1bgg,D,22,GLU,-3.5,138.4,-1.0,1,3,X,0.0,0.0,0.0,0.0,0.0,0.0,0.0,0.0,42,0.05175644145468863,30,21,9,0,0,0,0,0,0,0,0,1
1bgg,D,23,GLY,-0.4,60.1,0.0,0,0,X,0.0,0.0,0.0,0.0,0.0,0.0,0.0,0.0,31,0.04989134446533048,35,30,5,0,0,0,0,0,0,0,0,1
1bgg,D,24,ALA,1.8,88.6,0.0,0,0,X,0.0,0.0,0.0,0.0,0.0,0.0,0.0,0.0,28,0.04755997322863279,29,37,-8,0,0,0,0,0,0,0,0,1
1bgg,D,25,TYR,-1.3,193.6,0.0,1,1,X,0.0,0.0,0.0,0.0,0.0,0.0,0.0,0.0,26,0.04616115048661418,23,22,1,0,0,0,0,0,0,0,0,1
1bgg,D,26,GLN,-3.5,143.8,0.0,2,2,X,0.0,0.0,0.0,0.0,0.0,0.0,0.0,0.0,17,0.032172923066428064,19,20,-1,0,0,0,0,0,0,0,0,1
1bgg,D,27,GLU,-3.5,138.4,-1.0,1,3,X,0.0,0.0,0.0,0.0,0.0,0.0,0.0,0.0,19,0.03310547156110714,29,23,6,0,0,0,0,0,0,0,0,1
1bgg,D,28,ASP,-3.5,111.1,-1.0,1,3,X,0.0,0.0,0.0,0.0,0.0,0.0,0.0,0.0,22,0.032172923066428064,28,24,4,0,0,0,0,0,0,0,0,1
1bgg,D,29,GLY,-0.4,60.1,0.0,0,0,X,0.0,0.0,0.0,0.0,0.0,0.0,0.0,0.0,24,0.03170664881908853,22,27,-5,0,0,0,0,0,0,0,0,1
1bgg,D,30,ARG,-4.5,173.4,1.0,5,0,X,0.0,0.0,0.0,0.0,0.0,0.0,0.0,0.0,36,0.045228601991935104,12,38,-26,0,0,0,0,0,0,0,0,1
1bgg,D,31,GLY,-0.4,60.1,0.0,0,0,X,0.0,0.0,0.0,0.0,0.0,0.0,0.0,0.0,30,0.043829779249916496,22,24,-2,0,0,0,0,0,0,0,0,1
1bgg,D,32,LEU,3.8,166.7,0.0,0,0,X,0.0,0.0,0.0,0.0,0.0,0.0,0.0,0.0,32,0.043363505002576956,21,16,5,0,0,0,0,0,0,0,0,1
1bgg,D,33,SER,-0.8,89.0,0.0,1,1,X,0.0,0.0,0.0,0.0,0.0,0.0,0.0,0.0,36,0.050823892960009553,22,19,3,0,0,0,0,0,0,0,0,1
1bgg,D,34,ILE,4.5,166.7,0.0,0,0,X,0.0,0.0,0.0,0.0,0.0,0.0,0.0,0.0,36,0.048958795970651406,11,21,-10,0,0,0,0,0,0,0,0,1
1bgg,D,35,TRP,-0.9,227.8,0.0,1,0,X,0.0,0.0,0.0,0.0,0.0,0.0,0.0,0.0,37,0.05035761871267001,32,23,9,0,0,0,0,0,0,0,0,1
1bgg,D,36,ASP,-3.5,111.1,-1.0,1,3,X,0.0,0.0,0.0,0.0,0.0,0.0,0.0,0.0,32,0.05175644145468863,19,10,9,0,0,0,0,0,0,0,0,1
1bgg,D,37,THR,-0.7,116.1,0.0,1,1,X,0.0,0.0,0.0,0.0,0.0,0.0,0.0,0.0,29,0.03776821403450251,18,11,7,0,0,0,0,0,0,0,0,1
1bgg,D,38,PHE,2.8,189.9,0.0,0,0,X,0.0,0.0,0.0,0.0,0.0,0.0,0.0,0.0,34,0.048492521723311866,29,10,19,0,0,0,0,0,0,0,0,1
1bgg,D,39,ALA,1.8,88.6,0.0,0,0,X,0.0,0.0,0.0,0.0,0.0,0.0,0.0,0.0,34,0.05502036118606539,21,17,4,0,0,0,0,0,0,0,0,1
1bgg,D,40,HIS,-3.2,153.2,0.1,2,1,X,0.0,0.0,0.0,0.0,0.0,0.0,0.0,0.0,29,0.04149840801321881,6,13,-7,0,0,0,0,0,0,0,0,1
1bgg,D,41,THR,-0.7,116.1,0.0,1,1,X,0.0,0.0,0.0,0.0,0.0,0.0,0.0,0.0,23,0.03403802005578621,19,8,11,0,0,0,0,0,0,0,0,1
1bgg,D,42,PRO,-1.6,112.7,0.0,0,0,X,0.0,0.0,0.0,0.0,0.0,0.0,0.0,0.0,23,0.03590311704514436,16,10,6,0,0,0,0,0,0,0,0,1
1bgg,D,43,GLY,-0.4,60.1,0.0,0,0,X,0.0,0.0,0.0,0.0,0.0,0.0,0.0,0.0,22,0.027510180593032695,16,10,6,0,0,0,0,0,0,0,0,1
1bgg,D,44,LYS,-3.9,168.6,1.0,2,0,X,0.0,0.0,0.0,0.0,0.0,0.0,0.0,0.0,30,0.03450429430312575,12,7,5,0,0,0,0,0,0,0,0,1
1bgg,D,45,VAL,4.2,140.0,0.0,0,0,X,0.0,0.0,0.0,0.0,0.0,0.0,0.0,0.0,34,0.04616115048661418,25,27,-2,0,0,0,0,0,0,0,0,1
1bgg,D,46,PHE,2.8,189.9,0.0,0,0,X,0.0,0.0,0.0,0.0,0.0,0.0,0.0,0.0,21,0.03916703677652112,12,28,-16,0,0,0,0,0,0,0,0,1
1bgg,D,47,ASN,-3.5,114.1,0.0,2,2,X,0.0,0.0,0.0,0.0,0.0,0.0,0.0,0.0,28,0.03450429430312575,13,21,-8,0,0,0,0,0,0,0,0,1
1bgg,D,48,GLY,-0.4,60.1,0.0,0,0,X,0.0,0.0,0.0,0.0,0.0,0.0,0.0,0.0,36,0.048492521723311866,23,22,1,0,0,0,0,0,0,0,0,1
1bgg,D,49,ASP,-3.5,111.1,-1.0,1,3,X,0.0,0.0,0.0,0.0,0.0,0.0,0.0,0.0,35,0.043363505002576956,14,11,3,0,0,0,0,0,0,0,0,1
1bgg,D,50,ASN,-3.5,114.1,0.0,2,2,X,0.0,0.0,0.0,0.0,0.0,0.0,0.0,0.0,35,0.048958795970651406,11,19,-8,0,0,0,0,0,0,0,0,1
1bgg,D,51,GLY,-0.4,60.1,0.0,0,0,X,0.0,0.0,0.0,0.0,0.0,0.0,0.0,0.0,39,0.05408781269138631,15,31,-16,0,0,0,0,0,0,0,0,1
1bgg,D,52,ASN,-3.5,114.1,0.0,2,2,X,0.0,0.0,0.0,0.0,0.0,0.0,0.0,0.0,32,0.03916703677652112,15,24,-9,0,0,0,0,0,0,0,0,1
1bgg,D,53,VAL,4.2,140.0,0.0,0,0,X,0.0,0.0,0.0,0.0,0.0,0.0,0.0,0.0,36,0.03730193978716297,26,19,7,0,0,0,0,0,0,0,0,1
1bgg,D,54,ALA,1.8,88.6,0.0,0,0,X,0.0,0.0,0.0,0.0,0.0,0.0,0.0,0.0,35,0.05035761871267001,12,30,-18,0,0,0,0,0,0,0,0,1
1bgg,D,55,CYS,2.5,108.5,0.0,1,0,X,0.0,0.0,0.0,0.0,0.0,0.0,0.0,0.0,42,0.05502036118606539,32,35,-3,0,0,0,0,0,0,0,0,1
1bgg,D,56,ASP,-3.5,111.1,-1.0,1,3,X,0.0,0.0,0.0,0.0,0.0,0.0,0.0,0.0,32,0.04662742473395372,29,22,7,0,0,0,0,0,0,0,0,1
1bgg,D,57,SER,-0.8,89.0,0.0,1,1,X,0.0,0.0,0.0,0.0,0.0,0.0,0.0,0.0,37,0.05129016720734909,31,40,-9,0,0,0,0,0,0,0,0,1
1bgg,D,58,TYR,-1.3,193.6,0.0,1,1,X,0.0,0.0,0.0,0.0,0.0,0.0,0.0,0.0,30,0.05129016720734909,41,45,-4,0,0,0,0,0,0,0,0,1
1bgg,D,59,HIS,-3.2,153.2,0.1,2,1,X,0.0,0.0,0.0,0.0,0.0,0.0,0.0,0.0,25,0.040565859518539735,23,38,-15,0,0,0,0,0,0,0,0,1
1bgg,D,60,ARG,-4.5,173.4,1.0,5,0,X,0.0,0.0,0.0,0.0,0.0,0.0,0.0,0.0,25,0.04196468226055834,22,36,-14,0,0,0,0,0,0,0,0,1
1bgg,D,61,TYR,-1.3,193.6,0.0,1,1,X,0.0,0.0,0.0,0.0,0.0,0.0,0.0,0.0,27,0.04476232774459557,42,42,0,0,0,0,0,0,0,0,0,1
1bgg,D,62,GLU,-3.5,138.4,-1.0,1,3,X,0.0,0.0,0.0,0.0,0.0,0.0,0.0,0.0,20,0.034970568550465285,33,19,14,0,0,0,0,0,0,0,0,1
1bgg,D,63,GLU,-3.5,138.4,-1.0,1,3,X,0.0,0.0,0.0,0.0,0.0,0.0,0.0,0.0,26,0.03590311704514436,40,23,17,0,0,0,0,0,0,0,0,1
1bgg,D,64,ASP,-3.5,111.1,-1.0,1,3,X,0.0,0.0,0.0,0.0,0.0,0.0,0.0,0.0,36,0.045694876239274644,39,25,14,0,0,0,0,0,0,0,0,1
1bgg,D,65,ILE,4.5,166.7,0.0,0,0,X,0.0,0.0,0.0,0.0,0.0,0.0,0.0,0.0,33,0.05035761871267001,29,42,-13,0,0,0,0,0,0,0,0,1
1bgg,D,66,ARG,-4.5,173.4,1.0,5,0,X,0.0,0.0,0.0,0.0,0.0,0.0,0.0,0.0,19,0.03823448828184205,16,35,-19,0,0,0,0,0,0,0,0,1
1bgg,D,67,LEU,3.8,166.7,0.0,0,0,X,0.0,0.0,0.0,0.0,0.0,0.0,0.0,0.0,29,0.045228601991935104,40,31,9,0,0,0,0,0,0,0,0,1
1bgg,D,68,MET,1.9,162.9,0.0,0,0,X,0.0,0.0,0.0,0.0,0.0,0.0,0.0,0.0,36,0.045694876239274644,24,29,-5,0,0,0,0,0,0,0,0,1
1bgg,D,69,LYS,-3.9,168.6,1.0,2,0,X,0.0,0.0,0.0,0.0,0.0,0.0,0.0,0.0,26,0.04103213376587927,18,21,-3,0,0,0,0,0,0,0,0,1
1bgg,D,70,GLU,-3.5,138.4,-1.0,1,3,X,0.0,0.0,0.0,0.0,0.0,0.0,0.0,0.0,24,0.03403802005578621,35,9,26,0,0,0,0,0,0,0,0,1
1bgg,D,71,LEU,3.8,166.7,0.0,0,0,X,0.0,0.0,0.0,0.0,0.0,0.0,0.0,0.0,31,0.045228601991935104,29,11,18,0,0,0,0,0,0,0,0,1
1bgg,D,72,GLY,-0.4,60.1,0.0,0,0,X,0.0,0.0,0.0,0.0,0.0,0.0,0.0,0.0,32,0.035436842797804825,30,7,23,0,0,0,0,0,0,0,0,1
1bgg,D,73,ILE,4.5,166.7,0.0,0,0,X,0.0,0.0,0.0,0.0,0.0,0.0,0.0,0.0,36,0.048492521723311866,29,14,15,0,0,0,0,0,0,0,0,1
1bgg,D,74,ARG,-4.5,173.4,1.0,5,0,X,0.0,0.0,0.0,0.0,0.0,0.0,0.0,0.0,27,0.03730193978716297,9,17,-8,0,0,0,0,0,0,0,0,1
1bgg,D,75,THR,-0.7,116.1,0.0,1,1,X,0.0,0.0,0.0,0.0,0.0,0.0,0.0,0.0,36,0.050823892960009553,30,10,20,0,0,0,0,0,0,0,0,1
1bgg,D,76,TYR,-1.3,193.6,0.0,1,1,X,0.0,0.0,0.0,0.0,0.0,0.0,0.0,0.0,39,0.05222271570202816,16,11,5,0,0,0,0,0,0,0,0,1
1bgg,D,77,ARG,-4.5,173.4,1.0,5,0,X,0.0,0.0,0.0,0.0,0.0,0.0,0.0,0.0,44,0.05129016720734909,13,11,2,0,0,0,0,0,0,0,0,1
1bgg,D,78,PHE,2.8,189.9,0.0,0,0,X,0.0,0.0,0.0,0.0,0.0,0.0,0.0,0.0,37,0.048492521723311866,22,7,15,0,0,0,0,0,0,0,0,1
1bgg,D,79,SER,-0.8,89.0,0.0,1,1,X,0.0,0.0,0.0,0.0,0.0,0.0,0.0,0.0,39,0.050823892960009553,24,16,8,0,0,0,0,0,0,0,0,1
1bgg,D,80,VAL,4.2,140.0,0.0,0,0,X,0.0,0.0,0.0,0.0,0.0,0.0,0.0,0.0,39,0.05035761871267001,21,13,8,0,0,0,0,0,0,0,0,1
1bgg,D,81,SER,-0.8,89.0,0.0,1,1,X,0.0,0.0,0.0,0.0,0.0,0.0,0.0,0.0,41,0.050823892960009553,28,23,5,0,0,0,0,0,0,0,0,1
1bgg,D,82,TRP,-0.9,227.8,0.0,1,0,X,0.0,0.0,0.0,0.0,0.0,0.0,0.0,0.0,43,0.05502036118606539,14,15,-1,0,0,0,0,0,0,0,0,1
1bgg,D,83,PRO,-1.6,112.7,0.0,0,0,X,0.0,0.0,0.0,0.0,0.0,0.0,0.0,0.0,41,0.05502036118606539,22,21,1,0,0,0,0,0,0,0,0,1
1bgg,D,84,ARG,-4.5,173.4,1.0,5,0,X,0.0,0.0,0.0,0.0,0.0,0.0,0.0,0.0,38,0.053155264196707235,12,46,-34,0,0,0,0,0,0,0,0,1
1bgg,D,85,ILE,4.5,166.7,0.0,0,0,X,0.0,0.0,0.0,0.0,0.0,0.0,0.0,0.0,37,0.056419183928083996,19,22,-3,0,0,0,0,0,0,0,0,1
1bgg,D,86,PHE,2.8,189.9,0.0,0,0,X,0.0,0.0,0.0,0.0,0.0,0.0,0.0,0.0,33,0.053621538444046775,8,20,-12,0,0,0,0,0,0,0,0,1
1bgg,D,87,PRO,-1.6,112.7,0.0,0,0,X,0.0,0.0,0.0,0.0,0.0,0.0,0.0,0.0,31,0.04662742473395372,18,19,-1,0,0,0,0,0,0,0,0,1
1bgg,D,88,ASN,-3.5,114.1,0.0,2,2,X,0.0,0.0,0.0,0.0,0.0,0.0,0.0,0.0,26,0.040565859518539735,8,18,-10,0,0,0,0,0,0,0,0,1
1bgg,D,89,GLY,-0.4,60.1,0.0,0,0,X,0.0,0.0,0.0,0.0,0.0,0.0,0.0,0.0,33,0.053621538444046775,8,19,-11,0,0,0,0,0,0,0,0,1
1bgg,D,90,ASP,-3.5,111.1,-1.0,1,3,X,0.0,0.0,0.0,0.0,0.0,0.0,0.0,0.0,24,0.03590311704514436,11,9,2,0,0,0,0,0,0,0,0,1
1bgg,D,91,GLY,-0.4,60.1,0.0,0,0,X,0.0,0.0,0.0,0.0,0.0,0.0,0.0,0.0,19,0.028909003335051305,0,17,-17,0,0,0,0,0,0,0,0,1
1bgg,D,92,GLU,-3.5,138.4,-1.0,1,3,X,0.0,0.0,0.0,0.0,0.0,0.0,0.0,0.0,14,0.027043906345693154,2,8,-6,0,0,0,0,0,0,0,0,1
1bgg,D,93,VAL,4.2,140.0,0.0,0,0,X,0.0,0.0,0.0,0.0,0.0,0.0,0.0,0.0,24,0.03450429430312575,6,24,-18,0,0,0,0,0,0,0,0,1
1bgg,D,94,ASN,-3.5,114.1,0.0,2,2,X,0.0,0.0,0.0,0.0,0.0,0.0,0.0,0.0,26,0.04149840801321881,15,35,-20,0,0,0,0,0,0,0,0,1
1bgg,D,95,GLN,-3.5,143.8,0.0,2,2,X,0.0,0.0,0.0,0.0,0.0,0.0,0.0,0.0,21,0.032639197313767604,14,28,-14,0,0,0,0,0,0,0,0,1
1bgg,D,96,GLU,-3.5,138.4,-1.0,1,3,X,0.0,0.0,0.0,0.0,0.0,0.0,0.0,0.0,20,0.03730193978716297,21,24,-3,0,0,0,0,0,0,0,0,1
1bgg,D,97,GLY,-0.4,60.1,0.0,0,0,X,0.0,0.0,0.0,0.0,0.0,0.0,0.0,0.0,32,0.05688545817542354,36,37,-1,0,0,0,0,0,0,0,0,1
1bgg,D,98,LEU,3.8,166.7,0.0,0,0,X,0.0,0.0,0.0,0.0,0.0,0.0,0.0,0.0,29,0.048492521723311866,30,26,4,0,0,0,0,0,0,0,0,1
1bgg,D,99,ASP,-3.5,111.1,-1.0,1,3,X,0.0,0.0,0.0,0.0,0.0,0.0,0.0,0.0,21,0.03776821403450251,27,24,3,0,0,0,0,0,0,0,0,1
1bgg,D,100,TYR,-1.3,193.6,0.0,1,1,X,0.0,0.0,0.0,0.0,0.0,0.0,0.0,0.0,36,0.04989134446533048,43,40,3,0,0,0,0,0,0,0,0,1
1bgg,D,101,TYR,-1.3,193.6,0.0,1,1,X,0.0,0.0,0.0,0.0,0.0,0.0,0.0,0.0,37,0.04755997322863279,33,21,12,0,0,0,0,0,0,0,0,1
1bgg,D,102,HIS,-3.2,153.2,0.1,2,1,X,0.0,0.0,0.0,0.0,0.0,0.0,0.0,0.0,26,0.04149840801321881,23,29,-6,0,0,0,0,0,0,0,0,1
1bgg,D,103,ARG,-4.5,173.4,1.0,5,0,X,0.0,0.0,0.0,0.0,0.0,0.0,0.0,0.0,22,0.040099585271200194,16,30,-14,0,0,0,0,0,0,0,0,1
1bgg,D,104,VAL,4.2,140.0,0.0,0,0,X,0.0,0.0,0.0,0.0,0.0,0.0,0.0,0.0,35,0.04989134446533048,29,33,-4,0,0,0,0,0,0,0,0,1
1bgg,D,105,VAL,4.2,140.0,0.0,0,0,X,0.0,0.0,0.0,0.0,0.0,0.0,0.0,0.0,33,0.048958795970651406,27,25,2,0,0,0,0,0,0,0,0,1
1bgg,D,106,ASP,-3.5,111.1,-1.0,1,3,X,0.0,0.0,0.0,0.0,0.0,0.0,0.0,0.0,24,0.03916703677652112,27,12,15,0,0,0,0,0,0,0,0,1
1bgg,D,107,LEU,3.8,166.7,0.0,0,0,X,0.0,0.0,0.0,0.0,0.0,0.0,0.0,0.0,23,0.04103213376587927,23,34,-11,0,0,0,0,0,0,0,0,1
1bgg,D,108,LEU,3.8,166.7,0.0,0,0,X,0.0,0.0,0.0,0.0,0.0,0.0,0.0,0.0,31,0.04755997322863279,30,30,0,0,0,0,0,0,0,0,0,1
1bgg,D,109,ASN,-3.5,114.1,0.0,2,2,X,0.0,0.0,0.0,0.0,0.0,0.0,0.0,0.0,26,0.03823448828184205,17,25,-8,0,0,0,0,0,0,0,0,1
1bgg,D,110,ASP,-3.5,111.1,-1.0,1,3,X,0.0,0.0,0.0,0.0,0.0,0.0,0.0,0.0,15,0.026577632098353617,9,9,0,0,0,0,0,0,0,0,0,1
1bgg,D,111,ASN,-3.5,114.1,0.0,2,2,X,0.0,0.0,0.0,0.0,0.0,0.0,0.0,0.0,25,0.030774100324409453,20,23,-3,0,0,0,0,0,0,0,0,1
1bgg,D,112,GLY,-0.4,60.1,0.0,0,0,X,0.0,0.0,0.0,0.0,0.0,0.0,0.0,0.0,21,0.02844272908771177,20,20,0,0,0,0,0,0,0,0,0,1
1bgg,D,113,ILE,4.5,166.7,0.0,0,0,X,0.0,0.0,0.0,0.0,0.0,0.0,0.0,0.0,33,0.04616115048661418,26,23,3,0,0,0,0,0,0,0,0,1
1bgg,D,114,GLU,-3.5,138.4,-1.0,1,3,X,0.0,0.0,0.0,0.0,0.0,0.0,0.0,0.0,29,0.04709369898129325,27,2,25,0,0,0,0,0,0,0,0,1
1bgg,D,115,PRO,-1.6,112.7,0.0,0,0,X,0.0,0.0,0.0,0.0,0.0,0.0,0.0,0.0,35,0.05548663543340492,32,15,17,0,0,0,0,0,0,0,0,1
1bgg,D,116,PHE,2.8,189.9,0.0,0,0,X,0.0,0.0,0.0,0.0,0.0,0.0,0.0,0.0,40,0.053621538444046775,25,10,15,0,0,0,0,0,0,0,0,1
1bgg,D,117,CYS,2.5,108.5,0.0,1,0,X,0.0,0.0,0.0,0.0,0.0,0.0,0.0,0.0,41,0.05175644145468863,28,3,25,0,0,0,0,0,0,0,0,1
1bgg,D,118,THR,-0.7,116.1,0.0,1,1,X,0.0,0.0,0.0,0.0,0.0,0.0,0.0,0.0,42,0.05222271570202816,25,8,17,0,0,0,0,0,0,0,0,1
1bgg,D,119,LEU,3.8,166.7,0.0,0,0,X,0.0,0.0,0.0,0.0,0.0,0.0,0.0,0.0,41,0.05408781269138631,14,7,7,0,0,0,0,0,0,0,0,1
1bgg,D,120,TYR,-1.3,193.6,0.0,1,1,X,0.0,0.0,0.0,0.0,0.0,0.0,0.0,0.0,39,0.05781800667010261,13,13,0,0,0,0,0,0,0,0,0,1
1bgg,D,121,HIS,-3.2,153.2,0.1,2,1,X,0.0,0.0,0.0,0.0,0.0,0.0,0.0,0.0,38,0.053621538444046775,11,21,-10,0,0,0,0,0,0,0,0,1
1bgg,D,122,TRP,-0.9,227.8,0.0,1,0,X,0.0,0.0,0.0,0.0,0.0,0.0,0.0,0.0,40,0.05175644145468863,22,20,2,0,0,0,0,0,0,0,0,1
1bgg,D,123,ASP,-3.5,111.1,-1.0,1,3,X,0.0,0.0,0.0,0.0,0.0,0.0,0.0,0.0,38,0.05688545817542354,23,9,14,0,0,0,0,0,0,0,0,1
1bgg,D,124,LEU,3.8,166.7,0.0,0,0,X,0.0,0.0,0.0,0.0,0.0,0.0,0.0,0.0,42,0.05175644145468863,6,17,-11,0,0,0,0,0,0,0,0,1
1bgg,D,125,PRO,-1.6,112.7,0.0,0,0,X,0.0,0.0,0.0,0.0,0.0,0.0,0.0,0.0,36,0.056419183928083996,10,26,-16,0,0,0,0,0,0,0,0,1
1bgg,D,126,GLN,-3.5,143.8,0.0,2,2,X,0.0,0.0,0.0,0.0,0.0,0.0,0.0,0.0,27,0.045694876239274644,1,20,-19,0,0,0,0,0,0,0,0,1
1bgg,D,127,ALA,1.8,88.6,0.0,0,0,X,0.0,0.0,0.0,0.0,0.0,0.0,0.0,0.0,28,0.03403802005578621,2,17,-15,0,0,0,0,0,0,0,0,1
1bgg,D,128,LEU,3.8,166.7,0.0,0,0,X,0.0,0.0,0.0,0.0,0.0,0.0,0.0,0.0,33,0.04662742473395372,14,18,-4,0,0,0,0,0,0,0,0,1
1bgg,D,129,GLN,-3.5,143.8,0.0,2,2,X,0.0,0.0,0.0,0.0,0.0,0.0,0.0,0.0,29,0.03916703677652112,0,10,-10,0,0,0,0,0,0,0,0,1
1bgg,D,130,ASP,-3.5,111.1,-1.0,1,3,X,0.0,0.0,0.0,0.0,0.0,0.0,0.0,0.0,18,0.02471253510899547,0,0,0,0,0,0,0,0,0,0,0,1
1bgg,D,131,ALA,1.8,88.6,0.0,0,0,X,0.0,0.0,0.0,0.0,0.0,0.0,0.0,0.0,18,0.02844272908771177,14,11,3,0,0,0,0,0,0,0,0,1
1bgg,D,132,GLY,-0.4,60.1,0.0,0,0,X,0.0,0.0,0.0,0.0,0.0,0.0,0.0,0.0,24,0.028909003335051305,20,12,8,0,0,0,0,0,0,0,0,1
1bgg,D,133,GLY,-0.4,60.1,0.0,0,0,X,0.0,0.0,0.0,0.0,0.0,0.0,0.0,0.0,31,0.043829779249916496,26,14,12,0,0,0,0,0,0,0,0,1
1bgg,D,134,TRP,-0.9,227.8,0.0,1,0,X,0.0,0.0,0.0,0.0,0.0,0.0,0.0,0.0,42,0.048026247475972325,27,8,19,0,0,0,0,0,0,0,0,1
1bgg,D,135,GLY,-0.4,60.1,0.0,0,0,X,0.0,0.0,0.0,0.0,0.0,0.0,0.0,0.0,27,0.04196468226055834,34,10,24,0,0,0,0,0,0,0,0,1
1bgg,D,136,ASN,-3.5,114.1,0.0,2,2,X,0.0,0.0,0.0,0.0,0.0,0.0,0.0,0.0,22,0.035436842797804825,32,12,20,0,0,0,0,0,0,0,0,1
1bgg,D,137,ARG,-4.5,173.4,1.0,5,0,X,0.0,0.0,0.0,0.0,0.0,0.0,0.0,0.0,25,0.03730193978716297,30,14,16,0,0,0,0,0,0,0,0,1
1bgg,D,138,ARG,-4.5,173.4,1.0,5,0,X,0.0,0.0,0.0,0.0,0.0,0.0,0.0,0.0,21,0.03124037457174899,10,9,1,0,0,0,0,0,0,0,0,1
1bgg,D,139,THR,-0.7,116.1,0.0,1,1,X,0.0,0.0,0.0,0.0,0.0,0.0,0.0,0.0,34,0.0526889899493677,29,9,20,0,0,0,0,0,0,0,0,1
1bgg,D,140,ILE,4.5,166.7,0.0,0,0,X,0.0,0.0,0.0,0.0,0.0,0.0,0.0,0.0,32,0.05175644145468863,40,6,34,0,0,0,0,0,0,0,0,1
1bgg,D,141,GLN,-3.5,143.8,0.0,2,2,X,0.0,0.0,0.0,0.0,0.0,0.0,0.0,0.0,21,0.035436842797804825,22,10,12,0,0,0,0,0,0,0,0,1
1bgg,D,142,ALA,1.8,88.6,0.0,0,0,X,0.0,0.0,0.0,0.0,0.0,0.0,0.0,0.0,29,0.048958795970651406,13,14,-1,0,0,0,0,0,0,0,0,1
1bgg,D,143,PHE,2.8,189.9,0.0,0,0,X,0.0,0.0,0.0,0.0,0.0,0.0,0.0,0.0,42,0.05222271570202816,15,10,5,0,0,0,0,0,0,0,0,1
1bgg,D,144,VAL,4.2,140.0,0.0,0,0,X,0.0,0.0,0.0,0.0,0.0,0.0,0.0,0.0,36,0.04709369898129325,25,11,14,0,0,0,0,0,0,0,0,1
1bgg,D,145,GLN,-3.5,143.8,0.0,2,2,X,0.0,0.0,0.0,0.0,0.0,0.0,0.0,0.0,26,0.03823448828184205,12,21,-9,0,0,0,0,0,0,0,0,1
1bgg,D,146,PHE,2.8,189.9,0.0,0,0,X,0.0,0.0,0.0,0.0,0.0,0.0,0.0,0.0,45,0.050823892960009553,7,16,-9,0,0,0,0,0,0,0,0,1
1bgg,D,147,ALA,1.8,88.6,0.0,0,0,X,0.0,0.0,0.0,0.0,0.0,0.0,0.0,0.0,38,0.048026247475972325,24,13,11,0,0,0,0,0,0,0,0,1
1bgg,D,148,GLU,-3.5,138.4,-1.0,1,3,X,0.0,0.0,0.0,0.0,0.0,0.0,0.0,0.0,28,0.045694876239274644,26,10,16,0,0,0,0,0,0,0,0,1
1bgg,D,149,THR,-0.7,116.1,0.0,1,1,X,0.0,0.0,0.0,0.0,0.0,0.0,0.0,0.0,29,0.04429605349725603,18,19,-1,0,0,0,0,0,0,0,0,1
1bgg,D,150,MET,1.9,162.9,0.0,0,0,X,0.0,0.0,0.0,0.0,0.0,0.0,0.0,0.0,37,0.04989134446533048,23,17,6,0,0,0,0,0,0,0,0,1
1bgg,D,151,PHE,2.8,189.9,0.0,0,0,X,0.0,0.0,0.0,0.0,0.0,0.0,0.0,0.0,37,0.05455408693872585,41,19,22,0,0,0,0,0,0,0,0,1
1bgg,D,152,ARG,-4.5,173.4,1.0,5,0,X,0.0,0.0,0.0,0.0,0.0,0.0,0.0,0.0,22,0.03870076252918159,19,18,1,0,0,0,0,0,0,0,0,1
1bgg,D,153,GLU,-3.5,138.4,-1.0,1,3,X,0.0,0.0,0.0,0.0,0.0,0.0,0.0,0.0,26,0.03730193978716297,35,13,22,0,0,0,0,0,0,0,0,1
1bgg,D,154,PHE,2.8,189.9,0.0,0,0,X,0.0,0.0,0.0,0.0,0.0,0.0,0.0,0.0,35,0.043363505002576956,36,21,15,0,0,0,0,0,0,0,0,1
1bgg,D,155,HIS,-3.2,153.2,0.1,2,1,X,0.0,0.0,0.0,0.0,0.0,0.0,0.0,0.0,19,0.04149840801321881,18,7,11,0,0,0,0,0,0,0,0,1
1bgg,D,156,GLY,-0.4,60.1,0.0,0,0,X,0.0,0.0,0.0,0.0,0.0,0.0,0.0,0.0,21,0.028909003335051305,26,7,19,0,0,0,0,0,0,0,0,1
1bgg,D,157,LYS,-3.9,168.6,1.0,2,0,X,0.0,0.0,0.0,0.0,0.0,0.0,0.0,0.0,29,0.0363693912924839,29,20,9,0,0,0,0,0,0,0,0,1
1bgg,D,158,ILE,4.5,166.7,0.0,0,0,X,0.0,0.0,0.0,0.0,0.0,0.0,0.0,0.0,35,0.048026247475972325,34,16,18,0,0,0,0,0,0,0,0,1
1bgg,D,159,GLN,-3.5,143.8,0.0,2,2,X,0.0,0.0,0.0,0.0,0.0,0.0,0.0,0.0,27,0.045694876239274644,27,10,17,0,0,0,0,0,0,0,0,1
1bgg,D,160,HIS,-3.2,153.2,0.1,2,1,X,0.0,0.0,0.0,0.0,0.0,0.0,0.0,0.0,31,0.05129016720734909,15,13,2,0,0,0,0,0,0,0,0,1
1bgg,D,161,TRP,-0.9,227.8,0.0,1,0,X,0.0,0.0,0.0,0.0,0.0,0.0,0.0,0.0,37,0.05548663543340492,24,4,20,0,0,0,0,0,0,0,0,1
1bgg,D,162,LEU,3.8,166.7,0.0,0,0,X,0.0,0.0,0.0,0.0,0.0,0.0,0.0,0.0,42,0.053155264196707235,30,2,28,0,0,0,0,0,0,0,0,1
1bgg,D,163,THR,-0.7,116.1,0.0,1,1,X,0.0,0.0,0.0,0.0,0.0,0.0,0.0,0.0,43,0.05222271570202816,16,3,13,0,0,0,0,0,0,0,0,1
1bgg,D,164,PHE,2.8,189.9,0.0,0,0,X,0.0,0.0,0.0,0.0,0.0,0.0,0.0,0.0,40,0.05548663543340492,24,8,16,0,0,0,0,0,0,0,0,1
1bgg,D,165,ASN,-3.5,114.1,0.0,2,2,X,0.0,0.0,0.0,0.0,0.0,0.0,0.0,0.0,39,0.05921682941212122,18,18,0,0,0,0,0,0,0,0,0,1
1bgg,D,166,GLU,-3.5,138.4,-1.0,1,3,X,0.0,0.0,0.0,0.0,0.0,0.0,0.0,0.0,40,0.053621538444046775,28,8,20,0,0,0,0,0,0,0,0,1
1bgg,D,167,PRO,-1.6,112.7,0.0,0,0,X,0.0,0.0,0.0,0.0,0.0,0.0,0.0,0.0,39,0.05455408693872585,17,10,7,0,0,0,0,0,0,0,0,1
1bgg,D,168,TRP,-0.9,227.8,0.0,1,0,X,0.0,0.0,0.0,0.0,0.0,0.0,0.0,0.0,34,0.0526889899493677,15,9,6,0,0,0,0,0,0,0,0,1
1bgg,D,169,CYS,2.5,108.5,0.0,1,0,X,0.0,0.0,0.0,0.0,0.0,0.0,0.0,0.0,35,0.05035761871267001,25,9,16,0,0,0,0,0,0,0,0,1
1bgg,D,170,ILE,4.5,166.7,0.0,0,0,X,0.0,0.0,0.0,0.0,0.0,0.0,0.0,0.0,40,0.05735173242276307,20,14,6,0,0,0,0,0,0,0,0,1
1bgg,D,171,ALA,1.8,88.6,0.0,0,0,X,0.0,0.0,0.0,0.0,0.0,0.0,0.0,0.0,46,0.05222271570202816,14,9,5,0,0,0,0,0,0,0,0,1
1bgg,D,172,PHE,2.8,189.9,0.0,0,0,X,0.0,0.0,0.0,0.0,0.0,0.0,0.0,0.0,36,0.0526889899493677,12,6,6,0,0,0,0,0,0,0,0,1
1bgg,D,173,LEU,3.8,166.7,0.0,0,0,X,0.0,0.0,0.0,0.0,0.0,0.0,0.0,0.0,29,0.04709369898129325,15,5,10,0,0,0,0,0,0,0,0,1
1bgg,D,174,SER,-0.8,89.0,0.0,1,1,X,0.0,0.0,0.0,0.0,0.0,0.0,0.0,0.0,33,0.05455408693872585,10,1,9,0,0,0,0,0,0,0,0,1
1bgg,D,175,ASN,-3.5,114.1,0.0,2,2,X,0.0,0.0,0.0,0.0,0.0,0.0,0.0,0.0,36,0.05502036118606539,6,7,-1,0,0,0,0,0,0,0,0,1
1bgg,D,176,MET,1.9,162.9,0.0,0,0,X,0.0,0.0,0.0,0.0,0.0,0.0,0.0,0.0,28,0.048026247475972325,2,0,2,0,0,0,0,0,0,0,0,1
1bgg,D,177,LEU,3.8,166.7,0.0,0,0,X,0.0,0.0,0.0,0.0,0.0,0.0,0.0,0.0,24,0.03730193978716297,9,0,9,0,0,0,0,0,0,0,0,1
1bgg,D,178,GLY,-0.4,60.1,0.0,0,0,X,0.0,0.0,0.0,0.0,0.0,0.0,0.0,0.0,25,0.04243095650789788,19,0,19,0,0,0,0,0,0,0,0,1
1bgg,D,179,VAL,4.2,140.0,0.0,0,0,X,0.0,0.0,0.0,0.0,0.0,0.0,0.0,0.0,28,0.03776821403450251,19,6,13,0,0,0,0,0,0,0,0,1
1bgg,D,180,HIS,-3.2,153.2,0.1,2,1,X,0.0,0.0,0.0,0.0,0.0,0.0,0.0,0.0,30,0.050823892960009553,7,11,-4,0,0,0,0,0,0,0,0,1
1bgg,D,181,ALA,1.8,88.6,0.0,0,0,X,0.0,0.0,0.0,0.0,0.0,0.0,0.0,0.0,39,0.048492521723311866,20,9,11,0,0,0,0,0,0,0,0,1
1bgg,D,182,PRO,-1.6,112.7,0.0,0,0,X,0.0,0.0,0.0,0.0,0.0,0.0,0.0,0.0,39,0.04149840801321881,13,2,11,0,0,0,0,0,0,0,0,1
1bgg,D,183,GLY,-0.4,60.1,0.0,0,0,X,0.0,0.0,0.0,0.0,0.0,0.0,0.0,0.0,25,0.03823448828184205,17,0,17,0,0,0,0,0,0,0,0,1
1bgg,D,184,LEU,3.8,166.7,0.0,0,0,X,0.0,0.0,0.0,0.0,0.0,0.0,0.0,0.0,27,0.035436842797804825,8,0,8,0,0,0,0,0,0,0,0,1
1bgg,D,185,THR,-0.7,116.1,0.0,1,1,X,0.0,0.0,0.0,0.0,0.0,0.0,0.0,0.0,20,0.03403802005578621,3,0,3,0,0,0,0,0,0,0,0,1
1bgg,D,186,ASN,-3.5,114.1,0.0,2,2,X,0.0,0.0,0.0,0.0,0.0,0.0,0.0,0.0,21,0.03124037457174899,0,7,-7,0,0,0,0,0,0,0,0,1
1bgg,D,187,LEU,3.8,166.7,0.0,0,0,X,0.0,0.0,0.0,0.0,0.0,0.0,0.0,0.0,30,0.04476232774459557,0,8,-8,0,0,0,0,0,0,0,0,1
1bgg,D,188,GLN,-3.5,143.8,0.0,2,2,X,0.0,0.0,0.0,0.0,0.0,0.0,0.0,0.0,25,0.03590311704514436,5,8,-3,0,0,0,0,0,0,0,0,1
1bgg,D,189,THR,-0.7,116.1,0.0,1,1,X,0.0,0.0,0.0,0.0,0.0,0.0,0.0,0.0,30,0.03963331102386066,9,8,1,0,0,0,0,0,0,0,0,1
1bgg,D,190,ALA,1.8,88.6,0.0,0,0,X,0.0,0.0,0.0,0.0,0.0,0.0,0.0,0.0,38,0.05175644145468863,13,8,5,0,0,0,0,0,0,0,0,1
1bgg,D,191,ILE,4.5,166.7,0.0,0,0,X,0.0,0.0,0.0,0.0,0.0,0.0,0.0,0.0,34,0.05502036118606539,19,8,11,0,0,0,0,0,0,0,0,1
1bgg,D,192,ASP,-3.5,111.1,-1.0,1,3,X,0.0,0.0,0.0,0.0,0.0,0.0,0.0,0.0,32,0.04662742473395372,28,1,27,0,0,0,0,0,0,0,0,1
1bgg,D,193,VAL,4.2,140.0,0.0,0,0,X,0.0,0.0,0.0,0.0,0.0,0.0,0.0,0.0,45,0.04942507021799094,23,9,14,0,0,0,0,0,0,0,0,1
1bgg,D,194,GLY,-0.4,60.1,0.0,0,0,X,0.0,0.0,0.0,0.0,0.0,0.0,0.0,0.0,38,0.05688545817542354,22,10,12,0,0,0,0,0,0,0,0,1
1bgg,D,195,HIS,-3.2,153.2,0.1,2,1,X,0.0,0.0,0.0,0.0,0.0,0.0,0.0,0.0,34,0.05455408693872585,21,16,5,0,0,0,0,0,0,0,0,1
1bgg,D,196,HIS,-3.2,153.2,0.1,2,1,X,0.0,0.0,0.0,0.0,0.0,0.0,0.0,0.0,37,0.05502036118606539,28,13,15,0,0,0,0,0,0,0,0,1
1bgg,D,197,LEU,3.8,166.7,0.0,0,0,X,0.0,0.0,0.0,0.0,0.0,0.0,0.0,0.0,41,0.05222271570202816,30,9,21,0,0,0,0,0,0,0,0,1
1bgg,D,198,LEU,3.8,166.7,0.0,0,0,X,0.0,0.0,0.0,0.0,0.0,0.0,0.0,0.0,46,0.053621538444046775,30,16,14,0,0,0,0,0,0,0,0,1
1bgg,D,199,VAL,4.2,140.0,0.0,0,0,X,0.0,0.0,0.0,0.0,0.0,0.0,0.0,0.0,40,0.05175644145468863,47,17,30,0,0,0,0,0,0,0,0,1
1bgg,D,200,ALA,1.8,88.6,0.0,0,0,X,0.0,0.0,0.0,0.0,0.0,0.0,0.0,0.0,40,0.04989134446533048,45,5,40,0,0,0,0,0,0,0,0,1
1bgg,D,201,HIS,-3.2,153.2,0.1,2,1,X,0.0,0.0,0.0,0.0,0.0,0.0,0.0,0.0,48,0.053155264196707235,13,12,1,0,0,0,0,0,0,0,0,1
1bgg,D,202,GLY,-0.4,60.1,0.0,0,0,X,0.0,0.0,0.0,0.0,0.0,0.0,0.0,0.0,37,0.05175644145468863,36,20,16,0,0,0,0,0,0,0,0,1
1bgg,D,203,LEU,3.8,166.7,0.0,0,0,X,0.0,0.0,0.0,0.0,0.0,0.0,0.0,0.0,37,0.04429605349725603,38,24,14,0,0,0,0,0,0,0,0,1
1bgg,D,204,SER,-0.8,89.0,0.0,1,1,X,0.0,0.0,0.0,0.0,0.0,0.0,0.0,0.0,40,0.05175644145468863,43,25,18,0,0,0,0,0,0,0,0,1
1bgg,D,205,VAL,4.2,140.0,0.0,0,0,X,0.0,0.0,0.0,0.0,0.0,0.0,0.0,0.0,39,0.05175644145468863,41,25,16,0,0,0,0,0,0,0,0,1
1bgg,D,206,ARG,-4.5,173.4,1.0,5,0,X,0.0,0.0,0.0,0.0,0.0,0.0,0.0,0.0,22,0.043829779249916496,28,22,6,0,0,0,0,0,0,0,0,1
1bgg,D,207,ARG,-4.5,173.4,1.0,5,0,X,0.0,0.0,0.0,0.0,0.0,0.0,0.0,0.0,24,0.04709369898129325,26,22,4,0,0,0,0,0,0,0,0,1
1bgg,D,208,PHE,2.8,189.9,0.0,0,0,X,0.0,0.0,0.0,0.0,0.0,0.0,0.0,0.0,34,0.05035761871267001,45,24,21,0,0,0,0,0,0,0,0,1
1bgg,D,209,ARG,-4.5,173.4,1.0,5,0,X,0.0,0.0,0.0,0.0,0.0,0.0,0.0,0.0,23,0.0363693912924839,18,24,-6,0,0,0,0,0,0,0,0,1
1bgg,D,210,GLU,-3.5,138.4,-1.0,1,3,X,0.0,0.0,0.0,0.0,0.0,0.0,0.0,0.0,15,0.02797645484037223,32,10,22,0,0,0,0,0,0,0,0,1
1bgg,D,211,LEU,3.8,166.7,0.0,0,0,X,0.0,0.0,0.0,0.0,0.0,0.0,0.0,0.0,21,0.03403802005578621,45,19,26,0,0,0,0,0,0,0,0,1
1bgg,D,212,GLY,-0.4,60.1,0.0,0,0,X,0.0,0.0,0.0,0.0,0.0,0.0,0.0,0.0,19,0.027510180593032695,36,8,28,0,0,0,0,0,0,0,0,1
1bgg,D,213,THR,-0.7,116.1,0.0,1,1,X,0.0,0.0,0.0,0.0,0.0,0.0,0.0,0.0,28,0.04289723075523742,40,13,27,0,0,0,0,0,0,0,0,1
1bgg,D,214,SER,-0.8,89.0,0.0,1,1,X,0.0,0.0,0.0,0.0,0.0,0.0,0.0,0.0,22,0.03590311704514436,36,2,34,0,0,0,0,0,0,0,0,1
1bgg,D,215,GLY,-0.4,60.1,0.0,0,0,X,0.0,0.0,0.0,0.0,0.0,0.0,0.0,0.0,23,0.03730193978716297,32,9,23,0,0,0,0,0,0,0,0,1
1bgg,D,216,GLN,-3.5,143.8,0.0,2,2,X,0.0,0.0,0.0,0.0,0.0,0.0,0.0,0.0,28,0.04196468226055834,18,16,2,0,0,0,0,0,0,0,0,1
1bgg,D,217,ILE,4.5,166.7,0.0,0,0,X,0.0,0.0,0.0,0.0,0.0,0.0,0.0,0.0,35,0.053155264196707235,33,14,19,0,0,0,0,0,0,0,0,1
1bgg,D,218,GLY,-0.4,60.1,0.0,0,0,X,0.0,0.0,0.0,0.0,0.0,0.0,0.0,0.0,42,0.04942507021799094,23,13,10,0,0,0,0,0,0,0,0,1
1bgg,D,219,ILE,4.5,166.7,0.0,0,0,X,0.0,0.0,0.0,0.0,0.0,0.0,0.0,0.0,45,0.04616115048661418,13,11,2,0,0,0,0,0,0,0,0,1
1bgg,D,220,ALA,1.8,88.6,0.0,0,0,X,0.0,0.0,0.0,0.0,0.0,0.0,0.0,0.0,43,0.05222271570202816,22,18,4,0,0,0,0,0,0,0,0,1
1bgg,D,221,PRO,-1.6,112.7,0.0,0,0,X,0.0,0.0,0.0,0.0,0.0,0.0,0.0,0.0,46,0.053621538444046775,14,20,-6,0,0,0,0,0,0,0,0,1
1bgg,D,222,ASN,-3.5,114.1,0.0,2,2,X,0.0,0.0,0.0,0.0,0.0,0.0,0.0,0.0,37,0.04989134446533048,11,19,-8,0,0,0,0,0,0,0,0,1
1bgg,D,223,VAL,4.2,140.0,0.0,0,0,X,0.0,0.0,0.0,0.0,0.0,0.0,0.0,0.0,41,0.04476232774459557,10,19,-9,0,0,0,0,0,0,0,0,1
1bgg,D,224,SER,-0.8,89.0,0.0,1,1,X,0.0,0.0,0.0,0.0,0.0,0.0,0.0,0.0,35,0.043829779249916496,14,10,4,0,0,0,0,0,0,0,0,1
1bgg,D,225,TRP,-0.9,227.8,0.0,1,0,X,0.0,0.0,0.0,0.0,0.0,0.0,0.0,0.0,31,0.04616115048661418,18,17,1,0,0,0,0,0,0,0,0,1
1bgg,D,226,ALA,1.8,88.6,0.0,0,0,X,0.0,0.0,0.0,0.0,0.0,0.0,0.0,0.0,34,0.04429605349725603,20,25,-5,0,0,0,0,0,0,0,0,1
1bgg,D,227,VAL,4.2,140.0,0.0,0,0,X,0.0,0.0,0.0,0.0,0.0,0.0,0.0,0.0,29,0.03776821403450251,16,22,-6,0,0,0,0,0,0,0,0,1
1bgg,D,228,PRO,-1.6,112.7,0.0,0,0,X,0.0,0.0,0.0,0.0,0.0,0.0,0.0,0.0,27,0.043363505002576956,19,19,0,0,0,0,0,0,0,0,0,1
1bgg,D,229,TYR,-1.3,193.6,0.0,1,1,X,0.0,0.0,0.0,0.0,0.0,0.0,0.0,0.0,18,0.03776821403450251,12,19,-7,0,0,0,0,0,0,0,0,1
1bgg,D,230,SER,-0.8,89.0,0.0,1,1,X,0.0,0.0,0.0,0.0,0.0,0.0,0.0,0.0,17,0.027043906345693154,17,23,-6,0,0,0,0,0,0,0,0,1
1bgg,D,231,THR,-0.7,116.1,0.0,1,1,X,0.0,0.0,0.0,0.0,0.0,0.0,0.0,0.0,11,0.023779986614316396,9,25,-16,0,0,0,0,0,0,0,0,1
1bgg,D,232,SER,-0.8,89.0,0.0,1,1,X,0.0,0.0,0.0,0.0,0.0,0.0,0.0,0.0,15,0.025645083603674543,16,26,-10,0,0,0,0,0,0,0,0,1
1bgg,D,233,GLU,-3.5,138.4,-1.0,1,3,X,0.0,0.0,0.0,0.0,0.0,0.0,0.0,0.0,13,0.02611135785101408,10,17,-7,0,0,0,0,0,0,0,0,1
1bgg,D,234,GLU,-3.5,138.4,-1.0,1,3,X,0.0,0.0,0.0,0.0,0.0,0.0,0.0,0.0,21,0.03403802005578621,18,17,1,0,0,0,0,0,0,0,0,1
1bgg,D,235,ASP,-3.5,111.1,-1.0,1,3,X,0.0,0.0,0.0,0.0,0.0,0.0,0.0,0.0,27,0.04942507021799094,23,26,-3,0,0,0,0,0,0,0,0,1
1bgg,D,236,LYS,-3.9,168.6,1.0,2,0,X,0.0,0.0,0.0,0.0,0.0,0.0,0.0,0.0,20,0.040099585271200194,10,24,-14,0,0,0,0,0,0,0,0,1
1bgg,D,237,ALA,1.8,88.6,0.0,0,0,X,0.0,0.0,0.0,0.0,0.0,0.0,0.0,0.0,28,0.03590311704514436,25,27,-2,0,0,0,0,0,0,0,0,1
1bgg,D,238,ALA,1.8,88.6,0.0,0,0,X,0.0,0.0,0.0,0.0,0.0,0.0,0.0,0.0,36,0.050823892960009553,26,29,-3,0,0,0,0,0,0,0,0,1
1bgg,D,239,CYS,2.5,108.5,0.0,1,0,X,0.0,0.0,0.0,0.0,0.0,0.0,0.0,0.0,34,0.04942507021799094,25,23,2,0,0,0,0,0,0,0,0,1
1bgg,D,240,ALA,1.8,88.6,0.0,0,0,X,0.0,0.0,0.0,0.0,0.0,0.0,0.0,0.0,31,0.03963331102386066,25,15,10,0,0,0,0,0,0,0,0,1
1bgg,D,241,ARG,-4.5,173.4,1.0,5,0,X,0.0,0.0,0.0,0.0,0.0,0.0,0.0,0.0,35,0.04662742473395372,11,12,-1,0,0,0,0,0,0,0,0,1
1bgg,D,242,THR,-0.7,116.1,0.0,1,1,X,0.0,0.0,0.0,0.0,0.0,0.0,0.0,0.0,37,0.05035761871267001,26,16,10,0,0,0,0,0,0,0,0,1
1bgg,D,243,ILE,4.5,166.7,0.0,0,0,X,0.0,0.0,0.0,0.0,0.0,0.0,0.0,0.0,37,0.048958795970651406,22,12,10,0,0,0,0,0,0,0,0,1
1bgg,D,244,SER,-0.8,89.0,0.0,1,1,X,0.0,0.0,0.0,0.0,0.0,0.0,0.0,0.0,37,0.048026247475972325,23,8,15,0,0,0,0,0,0,0,0,1
1bgg,D,245,LEU,3.8,166.7,0.0,0,0,X,0.0,0.0,0.0,0.0,0.0,0.0,0.0,0.0,39,0.05548663543340492,18,8,10,0,0,0,0,0,0,0,0,1
1bgg,D,246,HIS,-3.2,153.2,0.1,2,1,X,0.0,0.0,0.0,0.0,0.0,0.0,0.0,0.0,37,0.05735173242276307,4,17,-13,0,0,0,0,0,0,0,0,1
1bgg,D,247,SER,-0.8,89.0,0.0,1,1,X,0.0,0.0,0.0,0.0,0.0,0.0,0.0,0.0,39,0.05502036118606539,17,10,7,0,0,0,0,0,0,0,0,1
1bgg,D,248,ASP,-3.5,111.1,-1.0,1,3,X,0.0,0.0,0.0,0.0,0.0,0.0,0.0,0.0,35,0.04989134446533048,20,0,20,0,0,0,0,0,0,0,0,1
1bgg,D,249,TRP,-0.9,227.8,0.0,1,0,X,0.0,0.0,0.0,0.0,0.0,0.0,0.0,0.0,43,0.05455408693872585,17,10,7,0,0,0,0,0,0,0,0,1
1bgg,D,250,PHE,2.8,189.9,0.0,0,0,X,0.0,0.0,0.0,0.0,0.0,0.0,0.0,0.0,43,0.05408781269138631,23,13,10,0,0,0,0,0,0,0,0,1
1bgg,D,251,LEU,3.8,166.7,0.0,0,0,X,0.0,0.0,0.0,0.0,0.0,0.0,0.0,0.0,38,0.048492521723311866,19,8,11,0,0,0,0,0,0,0,0,1
1bgg,D,252,GLN,-3.5,143.8,0.0,2,2,X,0.0,0.0,0.0,0.0,0.0,0.0,0.0,0.0,25,0.050823892960009553,8,8,0,0,0,0,0,0,0,0,0,1
1bgg,D,253,PRO,-1.6,112.7,0.0,0,0,X,0.0,0.0,0.0,0.0,0.0,0.0,0.0,0.0,33,0.05035761871267001,14,19,-5,0,0,0,0,0,0,0,0,1
1bgg,D,254,ILE,4.5,166.7,0.0,0,0,X,0.0,0.0,0.0,0.0,0.0,0.0,0.0,0.0,37,0.04989134446533048,10,18,-8,0,0,0,0,0,0,0,0,1
1bgg,D,255,TYR,-1.3,193.6,0.0,1,1,X,0.0,0.0,0.0,0.0,0.0,0.0,0.0,0.0,29,0.03963331102386066,11,15,-4,0,0,0,0,0,0,0,0,1
1bgg,D,256,GLN,-3.5,143.8,0.0,2,2,X,0.0,0.0,0.0,0.0,0.0,0.0,0.0,0.0,17,0.030307826077069916,9,6,3,0,0,0,0,0,0,0,0,1
1bgg,D,257,GLY,-0.4,60.1,0.0,0,0,X,0.0,0.0,0.0,0.0,0.0,0.0,0.0,0.0,24,0.0363693912924839,1,15,-14,0,0,0,0,0,0,0,0,1
1bgg,D,258,SER,-0.8,89.0,0.0,1,1,X,0.0,0.0,0.0,0.0,0.0,0.0,0.0,0.0,25,0.035436842797804825,2,8,-6,0,0,0,0,0,0,0,0,1
1bgg,D,259,TYR,-1.3,193.6,0.0,1,1,X,0.0,0.0,0.0,0.0,0.0,0.0,0.0,0.0,35,0.04616115048661418,11,9,2,0,0,0,0,0,0,0,0,1
1bgg,D,260,PRO,-1.6,112.7,0.0,0,0,X,0.0,0.0,0.0,0.0,0.0,0.0,0.0,0.0,32,0.04476232774459557,9,15,-6,0,0,0,0,0,0,0,0,1
1bgg,D,261,GLN,-3.5,143.8,0.0,2,2,X,0.0,0.0,0.0,0.0,0.0,0.0,0.0,0.0,14,0.030307826077069916,0,8,-8,0,0,0,0,0,0,0,0,1
1bgg,D,262,PHE,2.8,189.9,0.0,0,0,X,0.0,0.0,0.0,0.0,0.0,0.0,0.0,0.0,26,0.029375277582390842,14,16,-2,0,0,0,0,0,0,0,0,1
1bgg,D,263,LEU,3.8,166.7,0.0,0,0,X,0.0,0.0,0.0,0.0,0.0,0.0,0.0,0.0,32,0.04942507021799094,12,18,-6,0,0,0,0,0,0,0,0,1
1bgg,D,264,VAL,4.2,140.0,0.0,0,0,X,0.0,0.0,0.0,0.0,0.0,0.0,0.0,0.0,22,0.04476232774459557,0,16,-16,0,0,0,0,0,0,0,0,1
1bgg,D,265,ASP,-3.5,111.1,-1.0,1,3,X,0.0,0.0,0.0,0.0,0.0,0.0,0.0,0.0,17,0.03357174580844668,2,9,-7,0,0,0,0,0,0,0,0,1
1bgg,D,266,TRP,-0.9,227.8,0.0,1,0,X,0.0,0.0,0.0,0.0,0.0,0.0,0.0,0.0,27,0.04243095650789788,11,17,-6,0,0,0,0,0,0,0,0,1
1bgg,D,267,PHE,2.8,189.9,0.0,0,0,X,0.0,0.0,0.0,0.0,0.0,0.0,0.0,0.0,28,0.04616115048661418,6,18,-12,0,0,0,0,0,0,0,0,1
1bgg,D,268,ALA,1.8,88.6,0.0,0,0,X,0.0,0.0,0.0,0.0,0.0,0.0,0.0,0.0,16,0.03403802005578621,0,17,-17,0,0,0,0,0,0,0,0,1
1bgg,D,269,GLU,-3.5,138.4,-1.0,1,3,X,0.0,0.0,0.0,0.0,0.0,0.0,0.0,0.0,15,0.02797645484037223,0,8,-8,0,0,0,0,0,0,0,0,1
1bgg,D,270,GLN,-3.5,143.8,0.0,2,2,X,0.0,0.0,0.0,0.0,0.0,0.0,0.0,0.0,21,0.027043906345693154,1,14,-13,0,0,0,0,0,0,0,0,1
1bgg,D,271,GLY,-0.4,60.1,0.0,0,0,X,0.0,0.0,0.0,0.0,0.0,0.0,0.0,0.0,16,0.02331371236697686,0,11,-11,0,0,0,0,0,0,0,0,1
1bgg,D,272,ALA,1.8,88.6,0.0,0,0,X,0.0,0.0,0.0,0.0,0.0,0.0,0.0,0.0,23,0.034970568550465285,0,18,-18,0,0,0,0,0,0,0,0,1
1bgg,D,273,THR,-0.7,116.1,0.0,1,1,X,0.0,0.0,0.0,0.0,0.0,0.0,0.0,0.0,22,0.032639197313767604,4,13,-9,0,0,0,0,0,0,0,0,1
1bgg,D,274,VAL,4.2,140.0,0.0,0,0,X,0.0,0.0,0.0,0.0,0.0,0.0,0.0,0.0,33,0.03870076252918159,18,12,6,0,0,0,0,0,0,0,0,1
1bgg,D,275,PRO,-1.6,112.7,0.0,0,0,X,0.0,0.0,0.0,0.0,0.0,0.0,0.0,0.0,26,0.03590311704514436,29,16,13,0,0,0,0,0,0,0,0,1
1bgg,D,276,ILE,4.5,166.7,0.0,0,0,X,0.0,0.0,0.0,0.0,0.0,0.0,0.0,0.0,24,0.034970568550465285,22,20,2,0,0,0,0,0,0,0,0,1
1bgg,D,277,GLN,-3.5,143.8,0.0,2,2,X,0.0,0.0,0.0,0.0,0.0,0.0,0.0,0.0,15,0.027510180593032695,23,17,6,0,0,0,0,0,0,0,0,1
1bgg,D,278,ASP,-3.5,111.1,-1.0,1,3,X,0.0,0.0,0.0,0.0,0.0,0.0,0.0,0.0,10,0.02098234113027917,6,14,-8,0,0,0,0,0,0,0,0,1
1bgg,D,279,GLY,-0.4,60.1,0.0,0,0,X,0.0,0.0,0.0,0.0,0.0,0.0,0.0,0.0,16,0.025178809356335007,13,24,-11,0,0,0,0,0,0,0,0,1
1bgg,D,280,ASP,-3.5,111.1,-1.0,1,3,X,0.0,0.0,0.0,0.0,0.0,0.0,0.0,0.0,24,0.040565859518539735,28,16,12,0,0,0,0,0,0,0,0,1
1bgg,D,281,MET,1.9,162.9,0.0,0,0,X,0.0,0.0,0.0,0.0,0.0,0.0,0.0,0.0,27,0.03963331102386066,11,26,-15,0,0,0,0,0,0,0,0,1
1bgg,D,282,ASP,-3.5,111.1,-1.0,1,3,X,0.0,0.0,0.0,0.0,0.0,0.0,0.0,0.0,21,0.02797645484037223,7,22,-15,0,0,0,0,0,0,0,0,1
1bgg,D,283,ILE,4.5,166.7,0.0,0,0,X,0.0,0.0,0.0,0.0,0.0,0.0,0.0,0.0,30,0.03870076252918159,29,29,0,0,0,0,0,0,0,0,0,1
1bgg,D,284,ILE,4.5,166.7,0.0,0,0,X,0.0,0.0,0.0,0.0,0.0,0.0,0.0,0.0,37,0.05175644145468863,31,25,6,0,0,0,0,0,0,0,0,1
1bgg,D,285,GLY,-0.4,60.1,0.0,0,0,X,0.0,0.0,0.0,0.0,0.0,0.0,0.0,0.0,26,0.04243095650789788,19,21,-2,0,0,0,0,0,0,0,0,1
1bgg,D,286,GLU,-3.5,138.4,-1.0,1,3,X,0.0,0.0,0.0,0.0,0.0,0.0,0.0,0.0,28,0.040099585271200194,34,17,17,0,0,0,0,0,0,0,0,1
1bgg,D,287,PRO,-1.6,112.7,0.0,0,0,X,0.0,0.0,0.0,0.0,0.0,0.0,0.0,0.0,22,0.02984155182973038,25,19,6,0,0,0,0,0,0,0,0,1
1bgg,D,288,ILE,4.5,166.7,0.0,0,0,X,0.0,0.0,0.0,0.0,0.0,0.0,0.0,0.0,31,0.04149840801321881,16,24,-8,0,0,0,0,0,0,0,0,1
1bgg,D,289,ASP,-3.5,111.1,-1.0,1,3,X,0.0,0.0,0.0,0.0,0.0,0.0,0.0,0.0,28,0.03403802005578621,17,11,6,0,0,0,0,0,0,0,0,1
1bgg,D,290,MET,1.9,162.9,0.0,0,0,X,0.0,0.0,0.0,0.0,0.0,0.0,0.0,0.0,34,0.04709369898129325,27,16,11,0,0,0,0,0,0,0,0,1
1bgg,D,291,ILE,4.5,166.7,0.0,0,0,X,0.0,0.0,0.0,0.0,0.0,0.0,0.0,0.0,39,0.05175644145468863,9,13,-4,0,0,0,0,0,0,0,0,1
1bgg,D,292,GLY,-0.4,60.1,0.0,0,0,X,0.0,0.0,0.0,0.0,0.0,0.0,0.0,0.0,43,0.053155264196707235,9,23,-14,0,0,0,0,0,0,0,0,1
1bgg,D,293,ILE,4.5,166.7,0.0,0,0,X,0.0,0.0,0.0,0.0,0.0,0.0,0.0,0.0,40,0.04662742473395372,8,17,-9,0,0,0,0,0,0,0,0,1
1bgg,D,294,ASN,-3.5,114.1,0.0,2,2,X,0.0,0.0,0.0,0.0,0.0,0.0,0.0,0.0,42,0.053155264196707235,15,18,-3,0,0,0,0,0,0,0,0,1
1bgg,D,295,TYR,-1.3,193.6,0.0,1,1,X,0.0,0.0,0.0,0.0,0.0,0.0,0.0,0.0,40,0.050823892960009553,17,18,-1,0,0,0,0,0,0,0,0,1
1bgg,D,296,TYR,-1.3,193.6,0.0,1,1,X,0.0,0.0,0.0,0.0,0.0,0.0,0.0,0.0,36,0.043363505002576956,8,17,-9,0,0,0,0,0,0,0,0,1
1bgg,D,297,SER,-0.8,89.0,0.0,1,1,X,0.0,0.0,0.0,0.0,0.0,0.0,0.0,0.0,36,0.048492521723311866,14,14,0,0,0,0,0,0,0,0,0,1
1bgg,D,298,MET,1.9,162.9,0.0,0,0,X,0.0,0.0,0.0,0.0,0.0,0.0,0.0,0.0,32,0.04709369898129325,14,23,-9,0,0,0,0,0,0,0,0,1
1bgg,D,299,SER,-0.8,89.0,0.0,1,1,X,0.0,0.0,0.0,0.0,0.0,0.0,0.0,0.0,31,0.04196468226055834,8,22,-14,0,0,0,0,0,0,0,0,1
1bgg,D,300,VAL,4.2,140.0,0.0,0,0,X,0.0,0.0,0.0,0.0,0.0,0.0,0.0,0.0,27,0.043829779249916496,13,29,-16,0,0,0,0,0,0,0,0,1
1bgg,D,301,ASN,-3.5,114.1,0.0,2,2,X,0.0,0.0,0.0,0.0,0.0,0.0,0.0,0.0,32,0.05502036118606539,22,28,-6,0,0,0,0,0,0,0,0,1
1bgg,D,302,ARG,-4.5,173.4,1.0,5,0,X,0.0,0.0,0.0,0.0,0.0,0.0,0.0,0.0,26,0.056419183928083996,2,32,-30,0,0,0,0,0,0,0,0,1
1bgg,D,303,PHE,2.8,189.9,0.0,0,0,X,0.0,0.0,0.0,0.0,0.0,0.0,0.0,0.0,25,0.04989134446533048,22,38,-16,0,0,0,0,0,0,0,0,1
1bgg,D,304,ASN,-3.5,114.1,0.0,2,2,X,0.0,0.0,0.0,0.0,0.0,0.0,0.0,0.0,19,0.03870076252918159,15,35,-20,0,0,0,0,0,0,0,0,1
1bgg,D,305,PRO,-1.6,112.7,0.0,0,0,X,0.0,0.0,0.0,0.0,0.0,0.0,0.0,0.0,16,0.02797645484037223,9,19,-10,0,0,0,0,0,0,0,0,1
1bgg,D,306,GLU,-3.5,138.4,-1.0,1,3,X,0.0,0.0,0.0,0.0,0.0,0.0,0.0,0.0,10,0.022847438119637322,0,7,-7,0,0,0,0,0,0,0,0,1
1bgg,D,307,ALA,1.8,88.6,0.0,0,0,X,0.0,0.0,0.0,0.0,0.0,0.0,0.0,0.0,19,0.03403802005578621,11,23,-12,0,0,0,0,0,0,0,0,1
1bgg,D,308,GLY,-0.4,60.1,0.0,0,0,X,0.0,0.0,0.0,0.0,0.0,0.0,0.0,0.0,21,0.026577632098353617,6,15,-9,0,0,0,0,0,0,0,0,1
1bgg,D,309,PHE,2.8,189.9,0.0,0,0,X,0.0,0.0,0.0,0.0,0.0,0.0,0.0,0.0,27,0.032172923066428064,9,2,7,0,0,0,0,0,0,0,0,1
1bgg,D,310,LEU,3.8,166.7,0.0,0,0,X,0.0,0.0,0.0,0.0,0.0,0.0,0.0,0.0,33,0.04149840801321881,16,8,8,0,0,0,0,0,0,0,0,1
1bgg,D,311,GLN,-3.5,143.8,0.0,2,2,X,0.0,0.0,0.0,0.0,0.0,0.0,0.0,0.0,20,0.045694876239274644,15,22,-7,0,0,0,0,0,0,0,0,1
1bgg,D,312,SER,-0.8,89.0,0.0,1,1,X,0.0,0.0,0.0,0.0,0.0,0.0,0.0,0.0,31,0.05408781269138631,22,32,-10,0,0,0,0,0,0,0,0,1
1bgg,D,313,GLU,-3.5,138.4,-1.0,1,3,X,0.0,0.0,0.0,0.0,0.0,0.0,0.0,0.0,26,0.03823448828184205,12,22,-10,0,0,0,0,0,0,0,0,1
1bgg,D,314,GLU,-3.5,138.4,-1.0,1,3,X,0.0,0.0,0.0,0.0,0.0,0.0,0.0,0.0,25,0.03310547156110714,10,9,1,0,0,0,0,0,0,0,0,1
1bgg,D,315,ILE,4.5,166.7,0.0,0,0,X,0.0,0.0,0.0,0.0,0.0,0.0,0.0,0.0,22,0.03730193978716297,11,21,-10,0,0,0,0,0,0,0,0,1
1bgg,D,316,ASN,-3.5,114.1,0.0,2,2,X,0.0,0.0,0.0,0.0,0.0,0.0,0.0,0.0,16,0.02471253510899547,2,14,-12,0,0,0,0,0,0,0,0,1
1bgg,D,317,MET,1.9,162.9,0.0,0,0,X,0.0,0.0,0.0,0.0,0.0,0.0,0.0,0.0,18,0.023779986614316396,1,12,-11,0,0,0,0,0,0,0,0,1
1bgg,D,318,GLY,-0.4,60.1,0.0,0,0,X,0.0,0.0,0.0,0.0,0.0,0.0,0.0,0.0,12,0.018650969893581486,0,1,-1,0,0,0,0,0,0,0,0,1
1bgg,D,319,LEU,3.8,166.7,0.0,0,0,X,0.0,0.0,0.0,0.0,0.0,0.0,0.0,0.0,18,0.02471253510899547,0,10,-10,0,0,0,0,0,0,0,0,1
1bgg,D,320,PRO,-1.6,112.7,0.0,0,0,X,0.0,0.0,0.0,0.0,0.0,0.0,0.0,0.0,17,0.021914889624958248,5,8,-3,0,0,0,0,0,0,0,0,1
1bgg,D,321,VAL,4.2,140.0,0.0,0,0,X,0.0,0.0,0.0,0.0,0.0,0.0,0.0,0.0,19,0.03403802005578621,7,10,-3,0,0,0,0,0,0,0,0,1
1bgg,D,322,THR,-0.7,116.1,0.0,1,1,X,0.0,0.0,0.0,0.0,0.0,0.0,0.0,0.0,24,0.04196468226055834,19,9,10,0,0,0,0,0,0,0,0,1
1bgg,D,323,ASP,-3.5,111.1,-1.0,1,3,X,0.0,0.0,0.0,0.0,0.0,0.0,0.0,0.0,20,0.0363693912924839,21,10,11,0,0,0,0,0,0,0,0,1
1bgg,D,324,ILE,4.5,166.7,0.0,0,0,X,0.0,0.0,0.0,0.0,0.0,0.0,0.0,0.0,21,0.03730193978716297,6,25,-19,0,0,0,0,0,0,0,0,1
1bgg,D,325,GLY,-0.4,60.1,0.0,0,0,X,0.0,0.0,0.0,0.0,0.0,0.0,0.0,0.0,22,0.027510180593032695,1,15,-14,0,0,0,0,0,0,0,0,1
1bgg,D,326,TRP,-0.9,227.8,0.0,1,0,X,0.0,0.0,0.0,0.0,0.0,0.0,0.0,0.0,23,0.034970568550465285,0,17,-17,0,0,0,0,0,0,0,0,1
1bgg,D,327,PRO,-1.6,112.7,0.0,0,0,X,0.0,0.0,0.0,0.0,0.0,0.0,0.0,0.0,28,0.03870076252918159,3,16,-13,0,0,0,0,0,0,0,0,1
1bgg,D,328,VAL,4.2,140.0,0.0,0,0,X,0.0,0.0,0.0,0.0,0.0,0.0,0.0,0.0,29,0.045694876239274644,18,10,8,0,0,0,0,0,0,0,0,1
1bgg,D,329,GLU,-3.5,138.4,-1.0,1,3,X,0.0,0.0,0.0,0.0,0.0,0.0,0.0,0.0,26,0.040099585271200194,19,6,13,0,0,0,0,0,0,0,0,1
1bgg,D,330,SER,-0.8,89.0,0.0,1,1,X,0.0,0.0,0.0,0.0,0.0,0.0,0.0,0.0,29,0.048492521723311866,28,16,12,0,0,0,0,0,0,0,0,1
1bgg,D,331,ARG,-4.5,173.4,1.0,5,0,X,0.0,0.0,0.0,0.0,0.0,0.0,0.0,0.0,21,0.04149840801321881,8,18,-10,0,0,0,0,0,0,0,0,1
1bgg,D,332,GLY,-0.4,60.1,0.0,0,0,X,0.0,0.0,0.0,0.0,0.0,0.0,0.0,0.0,33,0.050823892960009553,32,18,14,0,0,0,0,0,0,0,0,1
1bgg,D,333,LEU,3.8,166.7,0.0,0,0,X,0.0,0.0,0.0,0.0,0.0,0.0,0.0,0.0,38,0.053155264196707235,35,17,18,0,0,0,0,0,0,0,0,1
1bgg,D,334,TYR,-1.3,193.6,0.0,1,1,X,0.0,0.0,0.0,0.0,0.0,0.0,0.0,0.0,28,0.05222271570202816,40,18,22,0,0,0,0,0,0,0,0,1
1bgg,D,335,GLU,-3.5,138.4,-1.0,1,3,X,0.0,0.0,0.0,0.0,0.0,0.0,0.0,0.0,25,0.04429605349725603,27,6,21,0,0,0,0,0,0,0,0,1
1bgg,D,336,VAL,4.2,140.0,0.0,0,0,X,0.0,0.0,0.0,0.0,0.0,0.0,0.0,0.0,37,0.048958795970651406,19,12,7,0,0,0,0,0,0,0,0,1
1bgg,D,337,LEU,3.8,166.7,0.0,0,0,X,0.0,0.0,0.0,0.0,0.0,0.0,0.0,0.0,42,0.045694876239274644,27,14,13,0,0,0,0,0,0,0,0,1
1bgg,D,338,HIS,-3.2,153.2,0.1,2,1,X,0.0,0.0,0.0,0.0,0.0,0.0,0.0,0.0,25,0.04149840801321881,18,17,1,0,0,0,0,0,0,0,0,1
1bgg,D,339,TYR,-1.3,193.6,0.0,1,1,X,0.0,0.0,0.0,0.0,0.0,0.0,0.0,0.0,26,0.03776821403450251,17,15,2,0,0,0,0,0,0,0,0,1
1bgg,D,340,LEU,3.8,166.7,0.0,0,0,X,0.0,0.0,0.0,0.0,0.0,0.0,0.0,0.0,33,0.04476232774459557,17,15,2,0,0,0,0,0,0,0,0,1
1bgg,D,341,GLN,-3.5,143.8,0.0,2,2,X,0.0,0.0,0.0,0.0,0.0,0.0,0.0,0.0,24,0.03823448828184205,27,9,18,0,0,0,0,0,0,0,0,1
1bgg,D,342,LYS,-3.9,168.6,1.0,2,0,X,0.0,0.0,0.0,0.0,0.0,0.0,0.0,0.0,20,0.028909003335051305,5,9,-4,0,0,0,0,0,0,0,0,1
1bgg,D,343,TYR,-1.3,193.6,0.0,1,1,X,0.0,0.0,0.0,0.0,0.0,0.0,0.0,0.0,26,0.035436842797804825,11,8,3,0,0,0,0,0,0,0,0,1
1bgg,D,344,GLY,-0.4,60.1,0.0,0,0,X,0.0,0.0,0.0,0.0,0.0,0.0,0.0,0.0,19,0.025178809356335007,22,7,15,0,0,0,0,0,0,0,0,1
1bgg,D,345,ASN,-3.5,114.1,0.0,2,2,X,0.0,0.0,0.0,0.0,0.0,0.0,0.0,0.0,19,0.032172923066428064,25,11,14,0,0,0,0,0,0,0,0,1
1bgg,D,346,ILE,4.5,166.7,0.0,0,0,X,0.0,0.0,0.0,0.0,0.0,0.0,0.0,0.0,26,0.040565859518539735,23,13,10,0,0,0,0,0,0,0,0,1
1bgg,D,347,ASP,-3.5,111.1,-1.0,1,3,X,0.0,0.0,0.0,0.0,0.0,0.0,0.0,0.0,27,0.045228601991935104,20,8,12,0,0,0,0,0,0,0,0,1
1bgg,D,348,ILE,4.5,166.7,0.0,0,0,X,0.0,0.0,0.0,0.0,0.0,0.0,0.0,0.0,40,0.05129016720734909,20,10,10,0,0,0,0,0,0,0,0,1
1bgg,D,349,TYR,-1.3,193.6,0.0,1,1,X,0.0,0.0,0.0,0.0,0.0,0.0,0.0,0.0,38,0.050823892960009553,27,15,12,0,0,0,0,0,0,0,0,1
1bgg,D,350,ILE,4.5,166.7,0.0,0,0,X,0.0,0.0,0.0,0.0,0.0,0.0,0.0,0.0,44,0.05222271570202816,20,11,9,0,0,0,0,0,0,0,0,1
1bgg,D,351,THR,-0.7,116.1,0.0,1,1,X,0.0,0.0,0.0,0.0,0.0,0.0,0.0,0.0,44,0.05408781269138631,15,15,0,0,0,0,0,0,0,0,0,1
1bgg,D,352,GLU,-3.5,138.4,-1.0,1,3,X,0.0,0.0,0.0,0.0,0.0,0.0,0.0,0.0,41,0.05781800667010261,16,8,8,0,0,0,0,0,0,0,0,1
1bgg,D,353,ASN,-3.5,114.1,0.0,2,2,X,0.0,0.0,0.0,0.0,0.0,0.0,0.0,0.0,38,0.05548663543340492,15,10,5,0,0,0,0,0,0,0,0,1
1bgg,D,354,GLY,-0.4,60.1,0.0,0,0,X,0.0,0.0,0.0,0.0,0.0,0.0,0.0,0.0,38,0.05408781269138631,24,12,12,0,0,0,0,0,0,0,0,1
1bgg,D,355,ALA,1.8,88.6,0.0,0,0,X,0.0,0.0,0.0,0.0,0.0,0.0,0.0,0.0,40,0.053155264196707235,37,23,14,0,0,0,0,0,0,0,0,1
1bgg,D,356,CYS,2.5,108.5,0.0,1,0,X,0.0,0.0,0.0,0.0,0.0,0.0,0.0,0.0,29,0.0526889899493677,33,34,-1,0,0,0,0,0,0,0,0,1
1bgg,D,357,ILE,4.5,166.7,0.0,0,0,X,0.0,0.0,0.0,0.0,0.0,0.0,0.0,0.0,34,0.05175644145468863,37,38,-1,0,0,0,0,0,0,0,0,1
1bgg,D,358,ASN,-3.5,114.1,0.0,2,2,X,0.0,0.0,0.0,0.0,0.0,0.0,0.0,0.0,24,0.04149840801321881,33,35,-2,0,0,0,0,0,0,0,0,1
1bgg,D,359,ASP,-3.5,111.1,-1.0,1,3,X,0.0,0.0,0.0,0.0,0.0,0.0,0.0,0.0,25,0.03916703677652112,51,38,13,0,0,0,0,0,0,0,0,1
1bgg,D,360,GLU,-3.5,138.4,-1.0,1,3,X,0.0,0.0,0.0,0.0,0.0,0.0,0.0,0.0,25,0.03310547156110714,40,25,15,0,0,0,0,0,0,0,0,1
1bgg,D,361,VAL,4.2,140.0,0.0,0,0,X,0.0,0.0,0.0,0.0,0.0,0.0,0.0,0.0,23,0.032172923066428064,39,28,11,0,0,0,0,0,0,0,0,1
1bgg,D,362,VAL,4.2,140.0,0.0,0,0,X,0.0,0.0,0.0,0.0,0.0,0.0,0.0,0.0,12,0.025178809356335007,14,21,-7,0,0,0,0,0,0,0,0,1
1bgg,D,363,ASN,-3.5,114.1,0.0,2,2,X,0.0,0.0,0.0,0.0,0.0,0.0,0.0,0.0,11,0.017718421398902413,12,11,1,0,0,0,0,0,0,0,0,1
1bgg,D,364,GLY,-0.4,60.1,0.0,0,0,X,0.0,0.0,0.0,0.0,0.0,0.0,0.0,0.0,18,0.02144861537761871,29,14,15,0,0,0,0,0,0,0,0,1
1bgg,D,365,LYS,-3.9,168.6,1.0,2,0,X,0.0,0.0,0.0,0.0,0.0,0.0,0.0,0.0,20,0.040099585271200194,16,30,-14,0,0,0,0,0,0,0,0,1
1bgg,D,366,VAL,4.2,140.0,0.0,0,0,X,0.0,0.0,0.0,0.0,0.0,0.0,0.0,0.0,31,0.04989134446533048,48,44,4,0,0,0,0,0,0,0,0,1
1bgg,D,367,GLN,-3.5,143.8,0.0,2,2,X,0.0,0.0,0.0,0.0,0.0,0.0,0.0,0.0,21,0.03776821403450251,35,37,-2,0,0,0,0,0,0,0,0,1
1bgg,D,368,ASP,-3.5,111.1,-1.0,1,3,X,0.0,0.0,0.0,0.0,0.0,0.0,0.0,0.0,34,0.048492521723311866,45,32,13,0,0,0,0,0,0,0,0,1
1bgg,D,369,ASP,-3.5,111.1,-1.0,1,3,X,0.0,0.0,0.0,0.0,0.0,0.0,0.0,0.0,18,0.035436842797804825,27,23,4,0,0,0,0,0,0,0,0,1
1bgg,D,370,ARG,-4.5,173.4,1.0,5,0,X,0.0,0.0,0.0,0.0,0.0,0.0,0.0,0.0,23,0.035436842797804825,12,31,-19,0,0,0,0,0,0,0,0,1
1bgg,D,371,ARG,-4.5,173.4,1.0,5,0,X,0.0,0.0,0.0,0.0,0.0,0.0,0.0,0.0,39,0.048026247475972325,28,38,-10,0,0,0,0,0,0,0,0,1
1bgg,D,372,ILE,4.5,166.7,0.0,0,0,X,0.0,0.0,0.0,0.0,0.0,0.0,0.0,0.0,30,0.045228601991935104,25,26,-1,0,0,0,0,0,0,0,0,1
1bgg,D,373,SER,-0.8,89.0,0.0,1,1,X,0.0,0.0,0.0,0.0,0.0,0.0,0.0,0.0,24,0.035436842797804825,27,15,12,0,0,0,0,0,0,0,0,1
1bgg,D,374,TYR,-1.3,193.6,0.0,1,1,X,0.0,0.0,0.0,0.0,0.0,0.0,0.0,0.0,38,0.04662742473395372,27,10,17,0,0,0,0,0,0,0,0,1
1bgg,D,375,MET,1.9,162.9,0.0,0,0,X,0.0,0.0,0.0,0.0,0.0,0.0,0.0,0.0,39,0.05222271570202816,26,11,15,0,0,0,0,0,0,0,0,1
1bgg,D,376,GLN,-3.5,143.8,0.0,2,2,X,0.0,0.0,0.0,0.0,0.0,0.0,0.0,0.0,27,0.045228601991935104,26,8,18,0,0,0,0,0,0,0,0,1
1bgg,D,377,GLN,-3.5,143.8,0.0,2,2,X,0.0,0.0,0.0,0.0,0.0,0.0,0.0,0.0,28,0.04289723075523742,22,7,15,0,0,0,0,0,0,0,0,1
1bgg,D,378,HIS,-3.2,153.2,0.1,2,1,X,0.0,0.0,0.0,0.0,0.0,0.0,0.0,0.0,35,0.05035761871267001,10,8,2,0,0,0,0,0,0,0,0,1
1bgg,D,379,LEU,3.8,166.7,0.0,0,0,X,0.0,0.0,0.0,0.0,0.0,0.0,0.0,0.0,38,0.04755997322863279,25,4,21,0,0,0,0,0,0,0,0,1
1bgg,D,380,VAL,4.2,140.0,0.0,0,0,X,0.0,0.0,0.0,0.0,0.0,0.0,0.0,0.0,30,0.04476232774459557,36,4,32,0,0,0,0,0,0,0,0,1
1bgg,D,381,GLN,-3.5,143.8,0.0,2,2,X,0.0,0.0,0.0,0.0,0.0,0.0,0.0,0.0,32,0.04989134446533048,43,13,30,0,0,0,0,0,0,0,0,1
1bgg,D,382,VAL,4.2,140.0,0.0,0,0,X,0.0,0.0,0.0,0.0,0.0,0.0,0.0,0.0,40,0.05035761871267001,39,4,35,0,0,0,0,0,0,0,0,1
1bgg,D,383,HIS,-3.2,153.2,0.1,2,1,X,0.0,0.0,0.0,0.0,0.0,0.0,0.0,0.0,27,0.048958795970651406,21,7,14,0,0,0,0,0,0,0,0,1
1bgg,D,384,ARG,-4.5,173.4,1.0,5,0,X,0.0,0.0,0.0,0.0,0.0,0.0,0.0,0.0,22,0.045228601991935104,37,14,23,0,0,0,0,0,0,0,0,1
1bgg,D,385,THR,-0.7,116.1,0.0,1,1,X,0.0,0.0,0.0,0.0,0.0,0.0,0.0,0.0,30,0.050823892960009553,52,12,40,0,0,0,0,0,0,0,0,1
1bgg,D,386,ILE,4.5,166.7,0.0,0,0,X,0.0,0.0,0.0,0.0,0.0,0.0,0.0,0.0,27,0.04289723075523742,49,8,41,0,0,0,0,0,0,0,0,1
1bgg,D,387,HIS,-3.2,153.2,0.1,2,1,X,0.0,0.0,0.0,0.0,0.0,0.0,0.0,0.0,15,0.02984155182973038,22,8,14,0,0,0,0,0,0,0,0,1
1bgg,D,388,ASP,-3.5,111.1,-1.0,1,3,X,0.0,0.0,0.0,0.0,0.0,0.0,0.0,0.0,17,0.028909003335051305,41,0,41,0,0,0,0,0,0,0,0,1
1bgg,D,389,GLY,-0.4,60.1,0.0,0,0,X,0.0,0.0,0.0,0.0,0.0,0.0,0.0,0.0,18,0.02797645484037223,37,8,29,0,0,0,0,0,0,0,0,1
1bgg,D,390,LEU,3.8,166.7,0.0,0,0,X,0.0,0.0,0.0,0.0,0.0,0.0,0.0,0.0,26,0.04429605349725603,42,15,27,0,0,0,0,0,0,0,0,1
1bgg,D,391,HIS,-3.2,153.2,0.1,2,1,X,0.0,0.0,0.0,0.0,0.0,0.0,0.0,0.0,21,0.03916703677652112,10,14,-4,0,0,0,0,0,0,0,0,1
1bgg,D,392,VAL,4.2,140.0,0.0,0,0,X,0.0,0.0,0.0,0.0,0.0,0.0,0.0,0.0,36,0.048958795970651406,32,14,18,0,0,0,0,0,0,0,0,1
1bgg,D,393,LYS,-3.9,168.6,1.0,2,0,X,0.0,0.0,0.0,0.0,0.0,0.0,0.0,0.0,30,0.043829779249916496,17,17,0,0,0,0,0,0,0,0,0,1
1bgg,D,394,GLY,-0.4,60.1,0.0,0,0,X,0.0,0.0,0.0,0.0,0.0,0.0,0.0,0.0,40,0.050823892960009553,23,12,11,0,0,0,0,0,0,0,0,1
1bgg,D,395,TYR,-1.3,193.6,0.0,1,1,X,0.0,0.0,0.0,0.0,0.0,0.0,0.0,0.0,43,0.05408781269138631,13,6,7,0,0,0,0,0,0,0,0,1
1bgg,D,396,MET,1.9,162.9,0.0,0,0,X,0.0,0.0,0.0,0.0,0.0,0.0,0.0,0.0,44,0.05408781269138631,17,10,7,0,0,0,0,0,0,0,0,1
1bgg,D,397,ALA,1.8,88.6,0.0,0,0,X,0.0,0.0,0.0,0.0,0.0,0.0,0.0,0.0,42,0.05035761871267001,17,9,8,0,0,0,0,0,0,0,0,1
1bgg,D,398,TRP,-0.9,227.8,0.0,1,0,X,0.0,0.0,0.0,0.0,0.0,0.0,0.0,0.0,43,0.05455408693872585,23,25,-2,0,0,0,0,0,0,0,0,1
1bgg,D,399,SER,-0.8,89.0,0.0,1,1,X,0.0,0.0,0.0,0.0,0.0,0.0,0.0,0.0,42,0.05035761871267001,25,20,5,0,0,0,0,0,0,0,0,1
1bgg,D,400,LEU,3.8,166.7,0.0,0,0,X,0.0,0.0,0.0,0.0,0.0,0.0,0.0,0.0,43,0.048026247475972325,27,18,9,0,0,0,0,0,0,0,0,1
1bgg,D,401,LEU,3.8,166.7,0.0,0,0,X,0.0,0.0,0.0,0.0,0.0,0.0,0.0,0.0,46,0.04942507021799094,35,23,12,0,0,0,0,0,0,0,0,1
1bgg,D,402,ASP,-3.5,111.1,-1.0,1,3,X,0.0,0.0,0.0,0.0,0.0,0.0,0.0,0.0,42,0.05548663543340492,43,21,22,0,0,0,0,0,0,0,0,1
1bgg,D,403,ASN,-3.5,114.1,0.0,2,2,X,0.0,0.0,0.0,0.0,0.0,0.0,0.0,0.0,40,0.058284280917442144,17,26,-9,0,0,0,0,0,0,0,0,1
1bgg,D,404,PHE,2.8,189.9,0.0,0,0,X,0.0,0.0,0.0,0.0,0.0,0.0,0.0,0.0,35,0.05735173242276307,3,33,-30,0,0,0,0,0,0,0,0,1
1bgg,D,405,GLU,-3.5,138.4,-1.0,1,3,X,0.0,0.0,0.0,0.0,0.0,0.0,0.0,0.0,36,0.05035761871267001,12,20,-8,0,0,0,0,0,0,0,0,1
1bgg,D,406,TRP,-0.9,227.8,0.0,1,0,X,0.0,0.0,0.0,0.0,0.0,0.0,0.0,0.0,40,0.04616115048661418,20,29,-9,0,0,0,0,0,0,0,0,1
1bgg,D,407,ALA,1.8,88.6,0.0,0,0,X,0.0,0.0,0.0,0.0,0.0,0.0,0.0,0.0,30,0.04429605349725603,17,26,-9,0,0,0,0,0,0,0,0,1
1bgg,D,408,GLU,-3.5,138.4,-1.0,1,3,X,0.0,0.0,0.0,0.0,0.0,0.0,0.0,0.0,27,0.04289723075523742,10,19,-9,0,0,0,0,0,0,0,0,1
1bgg,D,409,GLY,-0.4,60.1,0.0,0,0,X,0.0,0.0,0.0,0.0,0.0,0.0,0.0,0.0,30,0.0526889899493677,11,30,-19,0,0,0,0,0,0,0,0,1
1bgg,D,410,TYR,-1.3,193.6,0.0,1,1,X,0.0,0.0,0.0,0.0,0.0,0.0,0.0,0.0,34,0.04616115048661418,11,36,-25,0,0,0,0,0,0,0,0,1
1bgg,D,411,ASN,-3.5,114.1,0.0,2,2,X,0.0,0.0,0.0,0.0,0.0,0.0,0.0,0.0,24,0.035436842797804825,14,35,-21,0,0,0,0,0,0,0,0,1
1bgg,D,412,MET,1.9,162.9,0.0,0,0,X,0.0,0.0,0.0,0.0,0.0,0.0,0.0,0.0,30,0.048958795970651406,13,35,-22,0,0,0,0,0,0,0,0,1
1bgg,D,413,ARG,-4.5,173.4,1.0,5,0,X,0.0,0.0,0.0,0.0,0.0,0.0,0.0,0.0,35,0.05222271570202816,20,48,-28,0,0,0,0,0,0,0,0,1
1bgg,D,414,PHE,2.8,189.9,0.0,0,0,X,0.0,0.0,0.0,0.0,0.0,0.0,0.0,0.0,38,0.05408781269138631,20,32,-12,0,0,0,0,0,0,0,0,1
1bgg,D,415,GLY,-0.4,60.1,0.0,0,0,X,0.0,0.0,0.0,0.0,0.0,0.0,0.0,0.0,39,0.05455408693872585,41,28,13,0,0,0,0,0,0,0,0,1
1bgg,D,416,MET,1.9,162.9,0.0,0,0,X,0.0,0.0,0.0,0.0,0.0,0.0,0.0,0.0,42,0.05502036118606539,33,21,12,0,0,0,0,0,0,0,0,1
1bgg,D,417,ILE,4.5,166.7,0.0,0,0,X,0.0,0.0,0.0,0.0,0.0,0.0,0.0,0.0,39,0.05408781269138631,41,30,11,0,0,0,0,0,0,0,0,1
1bgg,D,418,HIS,-3.2,153.2,0.1,2,1,X,0.0,0.0,0.0,0.0,0.0,0.0,0.0,0.0,37,0.0526889899493677,39,35,4,0,0,0,0,0,0,0,0,1
1bgg,D,419,VAL,4.2,140.0,0.0,0,0,X,0.0,0.0,0.0,0.0,0.0,0.0,0.0,0.0,36,0.053621538444046775,46,32,14,0,0,0,0,0,0,0,0,1
1bgg,D,420,ASP,-3.5,111.1,-1.0,1,3,X,0.0,0.0,0.0,0.0,0.0,0.0,0.0,0.0,24,0.04243095650789788,44,18,26,0,0,0,0,0,0,0,0,1
1bgg,D,421,PHE,2.8,189.9,0.0,0,0,X,0.0,0.0,0.0,0.0,0.0,0.0,0.0,0.0,32,0.04196468226055834,43,27,16,0,0,0,0,0,0,0,0,1
1bgg,D,422,ARG,-4.5,173.4,1.0,5,0,X,0.0,0.0,0.0,0.0,0.0,0.0,0.0,0.0,25,0.03124037457174899,27,20,7,0,0,0,0,0,0,0,0,1
1bgg,D,423,THR,-0.7,116.1,0.0,1,1,X,0.0,0.0,0.0,0.0,0.0,0.0,0.0,0.0,20,0.02844272908771177,38,15,23,0,0,0,0,0,0,0,0,1
1bgg,D,424,GLN,-3.5,143.8,0.0,2,2,X,0.0,0.0,0.0,0.0,0.0,0.0,0.0,0.0,28,0.04103213376587927,43,27,16,0,0,0,0,0,0,0,0,1
1bgg,D,425,VAL,4.2,140.0,0.0,0,0,X,0.0,0.0,0.0,0.0,0.0,0.0,0.0,0.0,20,0.03590311704514436,36,15,21,0,0,0,0,0,0,0,0,1
1bgg,D,426,ARG,-4.5,173.4,1.0,5,0,X,0.0,0.0,0.0,0.0,0.0,0.0,0.0,0.0,32,0.03963331102386066,28,42,-14,0,0,0,0,0,0,0,0,1
1bgg,D,427,THR,-0.7,116.1,0.0,1,1,X,0.0,0.0,0.0,0.0,0.0,0.0,0.0,0.0,33,0.03963331102386066,41,33,8,0,0,0,0,0,0,0,0,1
1bgg,D,428,PRO,-1.6,112.7,0.0,0,0,X,0.0,0.0,0.0,0.0,0.0,0.0,0.0,0.0,31,0.04616115048661418,51,20,31,0,0,0,0,0,0,0,0,1
1bgg,D,429,LYS,-3.9,168.6,1.0,2,0,X,0.0,0.0,0.0,0.0,0.0,0.0,0.0,0.0,39,0.05502036118606539,47,41,6,0,0,0,0,0,0,0,0,1
1bgg,D,430,GLU,-3.5,138.4,-1.0,1,3,X,0.0,0.0,0.0,0.0,0.0,0.0,0.0,0.0,29,0.048958795970651406,42,21,21,0,0,0,0,0,0,0,0,1
1bgg,D,431,SER,-0.8,89.0,0.0,1,1,X,0.0,0.0,0.0,0.0,0.0,0.0,0.0,0.0,36,0.05502036118606539,32,25,7,0,0,0,0,0,0,0,0,1
1bgg,D,432,TYR,-1.3,193.6,0.0,1,1,X,0.0,0.0,0.0,0.0,0.0,0.0,0.0,0.0,38,0.053155264196707235,37,22,15,0,0,0,0,0,0,0,0,1
1bgg,D,433,TYR,-1.3,193.6,0.0,1,1,X,0.0,0.0,0.0,0.0,0.0,0.0,0.0,0.0,27,0.04709369898129325,36,23,13,0,0,0,0,0,0,0,0,1
1bgg,D,434,TRP,-0.9,227.8,0.0,1,0,X,0.0,0.0,0.0,0.0,0.0,0.0,0.0,0.0,34,0.03916703677652112,20,23,-3,0,0,0,0,0,0,0,0,1
1bgg,D,435,TYR,-1.3,193.6,0.0,1,1,X,0.0,0.0,0.0,0.0,0.0,0.0,0.0,0.0,40,0.048958795970651406,14,4,10,0,0,0,0,0,0,0,0,1
1bgg,D,436,ARG,-4.5,173.4,1.0,5,0,X,0.0,0.0,0.0,0.0,0.0,0.0,0.0,0.0,29,0.048026247475972325,15,12,3,0,0,0,0,0,0,0,0,1
1bgg,D,437,ASN,-3.5,114.1,0.0,2,2,X,0.0,0.0,0.0,0.0,0.0,0.0,0.0,0.0,26,0.04289723075523742,13,13,0,0,0,0,0,0,0,0,0,1
1bgg,D,438,VAL,4.2,140.0,0.0,0,0,X,0.0,0.0,0.0,0.0,0.0,0.0,0.0,0.0,31,0.0526889899493677,7,5,2,0,0,0,0,0,0,0,0,1
1bgg,D,439,VAL,4.2,140.0,0.0,0,0,X,0.0,0.0,0.0,0.0,0.0,0.0,0.0,0.0,31,0.04755997322863279,16,2,14,0,0,0,0,0,0,0,0,1
1bgg,D,440,SER,-0.8,89.0,0.0,1,1,X,0.0,0.0,0.0,0.0,0.0,0.0,0.0,0.0,29,0.03310547156110714,22,5,17,0,0,0,0,0,0,0,0,1
1bgg,D,441,ASN,-3.5,114.1,0.0,2,2,X,0.0,0.0,0.0,0.0,0.0,0.0,0.0,0.0,33,0.03916703677652112,17,11,6,0,0,0,0,0,0,0,0,1
1bgg,D,442,ASN,-3.5,114.1,0.0,2,2,X,0.0,0.0,0.0,0.0,0.0,0.0,0.0,0.0,27,0.048026247475972325,8,6,2,0,0,0,0,0,0,0,0,1
1bgg,D,443,TRP,-0.9,227.8,0.0,1,0,X,0.0,0.0,0.0,0.0,0.0,0.0,0.0,0.0,34,0.04755997322863279,13,13,0,0,0,0,0,0,0,0,0,1
1bgg,D,444,LEU,3.8,166.7,0.0,0,0,X,0.0,0.0,0.0,0.0,0.0,0.0,0.0,0.0,30,0.053155264196707235,21,9,12,0,0,0,0,0,0,0,0,1
1bgg,D,445,GLU,-3.5,138.4,-1.0,1,3,X,0.0,0.0,0.0,0.0,0.0,0.0,0.0,0.0,23,0.040099585271200194,16,1,15,0,0,0,0,0,0,0,0,1
1bgg,D,446,THR,-0.7,116.1,0.0,1,1,X,0.0,0.0,0.0,0.0,0.0,0.0,0.0,0.0,17,0.032172923066428064,19,9,10,0,0,0,0,0,0,0,0,1
1bgg,D,447,ARG,-4.5,173.4,1.0,5,0,X,0.0,0.0,0.0,0.0,0.0,0.0,0.0,0.0,15,0.02144861537761871,9,9,0,0,0,0,0,0,0,0,0,1
1bgg,D,448,ARG,-4.5,173.4,1.0,5,0,X,0.0,0.0,0.0,0.0,0.0,0.0,0.0,0.0,3,0.01165685618348843,8,0,8,0,0,0,0,0,0,0,0,1
