pdb_id,chain_id,residue_id,residue_name,hydrophobicity,volume,charge,hbond_donor,hbond_acceptor,ss_type,rel_asa,phi,psi,hse_up,hse_down,hse_ratio,residue_depth,ca_depth,neighbor_count,atom_density,pos_charged_neighbors,neg_charged_neighbors,net_charge_environment,ss_H,ss_B,ss_E,ss_G,ss_I,ss_T,ss_S,ss_ ,ss_X,is_binding_site
1bvy,A,20,LEU,3.8,166.7,0.0,0,0,X,0.0,0.0,0.0,0.0,0.0,0.0,0.0,0.0,11,0.012123130430827966,0,5,-5,0,0,0,0,0,0,0,0,1,0
1bvy,A,21,ASN,-3.5,114.1,0.0,2,2,X,0.0,0.0,0.0,0.0,0.0,0.0,0.0,0.0,9,0.013988227420186116,4,7,-3,0,0,0,0,0,0,0,0,1,0
1bvy,A,22,THR,-0.7,116.1,0.0,1,1,X,0.0,0.0,0.0,0.0,0.0,0.0,0.0,0.0,14,0.02098234113027917,9,17,-8,0,0,0,0,0,0,0,0,1,0
1bvy,A,23,ASP,-3.5,111.1,-1.0,1,3,X,0.0,0.0,0.0,0.0,0.0,0.0,0.0,0.0,14,0.025645083603674543,18,12,6,0,0,0,0,0,0,0,0,1,0
1bvy,A,24,LYS,-3.9,168.6,1.0,2,0,X,0.0,0.0,0.0,0.0,0.0,0.0,0.0,0.0,19,0.03403802005578621,13,25,-12,0,0,0,0,0,0,0,0,1,0
1bvy,A,25,PRO,-1.6,112.7,0.0,0,0,X,0.0,0.0,0.0,0.0,0.0,0.0,0.0,0.0,26,0.030307826077069916,15,17,-2,0,0,0,0,0,0,0,0,1,0
1bvy,A,26,VAL,4.2,140.0,0.0,0,0,X,0.0,0.0,0.0,0.0,0.0,0.0,0.0,0.0,35,0.03870076252918159,18,13,5,0,0,0,0,0,0,0,0,1,0
1bvy,A,27,GLN,-3.5,143.8,0.0,2,2,X,0.0,0.0,0.0,0.0,0.0,0.0,0.0,0.0,26,0.03823448828184205,26,22,4,0,0,0,0,0,0,0,0,1,0
1bvy,A,28,ALA,1.8,88.6,0.0,0,0,X,0.0,0.0,0.0,0.0,0.0,0.0,0.0,0.0,22,0.0363693912924839,17,16,1,0,0,0,0,0,0,0,0,1,0
1bvy,A,29,LEU,3.8,166.7,0.0,0,0,X,0.0,0.0,0.0,0.0,0.0,0.0,0.0,0.0,32,0.04289723075523742,17,10,7,0,0,0,0,0,0,0,0,1,0
1bvy,A,30,MET,1.9,162.9,0.0,0,0,X,0.0,0.0,0.0,0.0,0.0,0.0,0.0,0.0,30,0.045694876239274644,25,18,7,0,0,0,0,0,0,0,0,1,0
1bvy,A,31,LYS,-3.9,168.6,1.0,2,0,X,0.0,0.0,0.0,0.0,0.0,0.0,0.0,0.0,20,0.03310547156110714,4,18,-14,0,0,0,0,0,0,0,0,1,0
1bvy,A,32,ILE,4.5,166.7,0.0,0,0,X,0.0,0.0,0.0,0.0,0.0,0.0,0.0,0.0,22,0.040565859518539735,13,20,-7,0,0,0,0,0,0,0,0,1,0
1bvy,A,33,ALA,1.8,88.6,0.0,0,0,X,0.0,0.0,0.0,0.0,0.0,0.0,0.0,0.0,26,0.04709369898129325,12,23,-11,0,0,0,0,0,0,0,0,1,0
1bvy,A,34,ASP,-3.5,111.1,-1.0,1,3,X,0.0,0.0,0.0,0.0,0.0,0.0,0.0,0.0,21,0.030774100324409453,19,13,6,0,0,0,0,0,0,0,0,1,0
1bvy,A,35,GLU,-3.5,138.4,-1.0,1,3,X,0.0,0.0,0.0,0.0,0.0,0.0,0.0,0.0,12,0.02331371236697686,9,9,0,0,0,0,0,0,0,0,0,1,0
1bvy,A,36,LEU,3.8,166.7,0.0,0,0,X,0.0,0.0,0.0,0.0,0.0,0.0,0.0,0.0,18,0.026577632098353617,9,23,-14,0,0,0,0,0,0,0,0,1,0
1bvy,A,37,GLY,-0.4,60.1,0.0,0,0,X,0.0,0.0,0.0,0.0,0.0,0.0,0.0,0.0,22,0.032172923066428064,8,27,-19,0,0,0,0,0,0,0,0,1,0
1bvy,A,38,GLU,-3.5,138.4,-1.0,1,3,X,0.0,0.0,0.0,0.0,0.0,0.0,0.0,0.0,27,0.03776821403450251,13,14,-1,0,0,0,0,0,0,0,0,1,0
1bvy,A,39,ILE,4.5,166.7,0.0,0,0,X,0.0,0.0,0.0,0.0,0.0,0.0,0.0,0.0,27,0.04243095650789788,24,18,6,0,0,0,0,0,0,0,0,1,0
1bvy,A,40,PHE,2.8,189.9,0.0,0,0,X,0.0,0.0,0.0,0.0,0.0,0.0,0.0,0.0,27,0.03776821403450251,21,16,5,0,0,0,0,0,0,0,0,1,0
1bvy,A,41,LYS,-3.9,168.6,1.0,2,0,X,0.0,0.0,0.0,0.0,0.0,0.0,0.0,0.0,21,0.03870076252918159,14,14,0,0,0,0,0,0,0,0,0,1,0
1bvy,A,42,PHE,2.8,189.9,0.0,0,0,X,0.0,0.0,0.0,0.0,0.0,0.0,0.0,0.0,19,0.034970568550465285,22,12,10,0,0,0,0,0,0,0,0,1,0
1bvy,A,43,GLU,-3.5,138.4,-1.0,1,3,X,0.0,0.0,0.0,0.0,0.0,0.0,0.0,0.0,12,0.030774100324409453,27,0,27,0,0,0,0,0,0,0,0,1,0
1bvy,A,44,ALA,1.8,88.6,0.0,0,0,X,0.0,0.0,0.0,0.0,0.0,0.0,0.0,0.0,11,0.02098234113027917,16,10,6,0,0,0,0,0,0,0,0,1,0
1bvy,A,45,PRO,-1.6,112.7,0.0,0,0,X,0.0,0.0,0.0,0.0,0.0,0.0,0.0,0.0,6,0.013988227420186116,10,9,1,0,0,0,0,0,0,0,0,1,0
1bvy,A,46,GLY,-0.4,60.1,0.0,0,0,X,0.0,0.0,0.0,0.0,0.0,0.0,0.0,0.0,11,0.016319598656883802,11,13,-2,0,0,0,0,0,0,0,0,1,0
1bvy,A,47,ARG,-4.5,173.4,1.0,5,0,X,0.0,0.0,0.0,0.0,0.0,0.0,0.0,0.0,20,0.025178809356335007,5,25,-20,0,0,0,0,0,0,0,0,1,0
1bvy,A,48,VAL,4.2,140.0,0.0,0,0,X,0.0,0.0,0.0,0.0,0.0,0.0,0.0,0.0,21,0.04103213376587927,33,35,-2,0,0,0,0,0,0,0,0,1,0
1bvy,A,49,THR,-0.7,116.1,0.0,1,1,X,0.0,0.0,0.0,0.0,0.0,0.0,0.0,0.0,24,0.04709369898129325,31,26,5,0,0,0,0,0,0,0,0,1,0
1bvy,A,50,ARG,-4.5,173.4,1.0,5,0,X,0.0,0.0,0.0,0.0,0.0,0.0,0.0,0.0,29,0.04942507021799094,12,32,-20,0,0,0,0,0,0,0,0,1,0
1bvy,A,51,TYR,-1.3,193.6,0.0,1,1,X,0.0,0.0,0.0,0.0,0.0,0.0,0.0,0.0,34,0.048492521723311866,19,14,5,0,0,0,0,0,0,0,0,1,0
1bvy,A,52,LEU,3.8,166.7,0.0,0,0,X,0.0,0.0,0.0,0.0,0.0,0.0,0.0,0.0,36,0.053155264196707235,20,17,3,0,0,0,0,0,0,0,0,1,0
1bvy,A,53,SER,-0.8,89.0,0.0,1,1,X,0.0,0.0,0.0,0.0,0.0,0.0,0.0,0.0,34,0.05408781269138631,28,24,4,0,0,0,0,0,0,0,0,1,0
1bvy,A,54,SER,-0.8,89.0,0.0,1,1,X,0.0,0.0,0.0,0.0,0.0,0.0,0.0,0.0,34,0.04476232774459557,33,22,11,0,0,0,0,0,0,0,0,1,0
1bvy,A,55,GLN,-3.5,143.8,0.0,2,2,X,0.0,0.0,0.0,0.0,0.0,0.0,0.0,0.0,28,0.04476232774459557,44,19,25,0,0,0,0,0,0,0,0,1,0
1bvy,A,56,ARG,-4.5,173.4,1.0,5,0,X,0.0,0.0,0.0,0.0,0.0,0.0,0.0,0.0,21,0.0363693912924839,9,22,-13,0,0,0,0,0,0,0,0,1,0
1bvy,A,57,LEU,3.8,166.7,0.0,0,0,X,0.0,0.0,0.0,0.0,0.0,0.0,0.0,0.0,33,0.04616115048661418,28,24,4,0,0,0,0,0,0,0,0,1,0
1bvy,A,58,ILE,4.5,166.7,0.0,0,0,X,0.0,0.0,0.0,0.0,0.0,0.0,0.0,0.0,35,0.05175644145468863,40,21,19,0,0,0,0,0,0,0,0,1,0
1bvy,A,59,LYS,-3.9,168.6,1.0,2,0,X,0.0,0.0,0.0,0.0,0.0,0.0,0.0,0.0,26,0.04149840801321881,26,23,3,0,0,0,0,0,0,0,0,1,0
1bvy,A,60,GLU,-3.5,138.4,-1.0,1,3,X,0.0,0.0,0.0,0.0,0.0,0.0,0.0,0.0,27,0.04289723075523742,34,12,22,0,0,0,0,0,0,0,0,1,0
1bvy,A,61,ALA,1.8,88.6,0.0,0,0,X,0.0,0.0,0.0,0.0,0.0,0.0,0.0,0.0,38,0.048026247475972325,38,33,5,0,0,0,0,0,0,0,0,1,0
1bvy,A,62,CYS,2.5,108.5,0.0,1,0,X,0.0,0.0,0.0,0.0,0.0,0.0,0.0,0.0,34,0.045228601991935104,41,36,5,0,0,0,0,0,0,0,0,1,0
1bvy,A,63,ASP,-3.5,111.1,-1.0,1,3,X,0.0,0.0,0.0,0.0,0.0,0.0,0.0,0.0,29,0.03823448828184205,34,31,3,0,0,0,0,0,0,0,0,1,0
1bvy,A,64,GLU,-3.5,138.4,-1.0,1,3,X,0.0,0.0,0.0,0.0,0.0,0.0,0.0,0.0,27,0.03590311704514436,29,26,3,0,0,0,0,0,0,0,0,1,0
1bvy,A,65,SER,-0.8,89.0,0.0,1,1,X,0.0,0.0,0.0,0.0,0.0,0.0,0.0,0.0,19,0.023779986614316396,20,42,-22,0,0,0,0,0,0,0,0,1,0
1bvy,A,66,ARG,-4.5,173.4,1.0,5,0,X,0.0,0.0,0.0,0.0,0.0,0.0,0.0,0.0,23,0.03730193978716297,11,38,-27,0,0,0,0,0,0,0,0,1,0
1bvy,A,67,PHE,2.8,189.9,0.0,0,0,X,0.0,0.0,0.0,0.0,0.0,0.0,0.0,0.0,34,0.048958795970651406,31,55,-24,0,0,0,0,0,0,0,0,1,0
1bvy,A,68,ASP,-3.5,111.1,-1.0,1,3,X,0.0,0.0,0.0,0.0,0.0,0.0,0.0,0.0,30,0.045228601991935104,42,15,27,0,0,0,0,0,0,0,0,1,0
1bvy,A,69,LYS,-3.9,168.6,1.0,2,0,X,0.0,0.0,0.0,0.0,0.0,0.0,0.0,0.0,31,0.04429605349725603,17,13,4,0,0,0,0,0,0,0,0,1,1
1bvy,A,70,ASN,-3.5,114.1,0.0,2,2,X,0.0,0.0,0.0,0.0,0.0,0.0,0.0,0.0,30,0.04616115048661418,27,21,6,0,0,0,0,0,0,0,0,1,0
1bvy,A,71,LEU,3.8,166.7,0.0,0,0,X,0.0,0.0,0.0,0.0,0.0,0.0,0.0,0.0,28,0.04243095650789788,37,14,23,0,0,0,0,0,0,0,0,1,0
1bvy,A,72,SER,-0.8,89.0,0.0,1,1,X,0.0,0.0,0.0,0.0,0.0,0.0,0.0,0.0,26,0.03403802005578621,26,5,21,0,0,0,0,0,0,0,0,1,0
1bvy,A,73,GLN,-3.5,143.8,0.0,2,2,X,0.0,0.0,0.0,0.0,0.0,0.0,0.0,0.0,19,0.029375277582390842,26,7,19,0,0,0,0,0,0,0,0,1,0
1bvy,A,74,ALA,1.8,88.6,0.0,0,0,X,0.0,0.0,0.0,0.0,0.0,0.0,0.0,0.0,26,0.03683566553982344,22,7,15,0,0,0,0,0,0,0,0,1,0
1bvy,A,75,LEU,3.8,166.7,0.0,0,0,X,0.0,0.0,0.0,0.0,0.0,0.0,0.0,0.0,31,0.04429605349725603,29,4,25,0,0,0,0,0,0,0,0,1,0
1bvy,A,76,LYS,-3.9,168.6,1.0,2,0,X,0.0,0.0,0.0,0.0,0.0,0.0,0.0,0.0,22,0.04196468226055834,15,8,7,0,0,0,0,0,0,0,0,1,0
1bvy,A,77,PHE,2.8,189.9,0.0,0,0,X,0.0,0.0,0.0,0.0,0.0,0.0,0.0,0.0,26,0.04289723075523742,28,19,9,0,0,0,0,0,0,0,0,1,0
1bvy,A,78,VAL,4.2,140.0,0.0,0,0,X,0.0,0.0,0.0,0.0,0.0,0.0,0.0,0.0,35,0.04989134446533048,22,20,2,0,0,0,0,0,0,0,0,1,0
1bvy,A,79,ARG,-4.5,173.4,1.0,5,0,X,0.0,0.0,0.0,0.0,0.0,0.0,0.0,0.0,25,0.043363505002576956,9,21,-12,0,0,0,0,0,0,0,0,1,0
1bvy,A,80,ASP,-3.5,111.1,-1.0,1,3,X,0.0,0.0,0.0,0.0,0.0,0.0,0.0,0.0,25,0.0363693912924839,22,6,16,0,0,0,0,0,0,0,0,1,0
1bvy,A,81,PHE,2.8,189.9,0.0,0,0,X,0.0,0.0,0.0,0.0,0.0,0.0,0.0,0.0,40,0.04243095650789788,22,22,0,0,0,0,0,0,0,0,0,1,0
1bvy,A,82,ALA,1.8,88.6,0.0,0,0,X,0.0,0.0,0.0,0.0,0.0,0.0,0.0,0.0,38,0.048958795970651406,25,20,5,0,0,0,0,0,0,0,0,1,0
1bvy,A,83,GLY,-0.4,60.1,0.0,0,0,X,0.0,0.0,0.0,0.0,0.0,0.0,0.0,0.0,31,0.043363505002576956,26,29,-3,0,0,0,0,0,0,0,0,1,0
1bvy,A,84,ASP,-3.5,111.1,-1.0,1,3,X,0.0,0.0,0.0,0.0,0.0,0.0,0.0,0.0,31,0.04662742473395372,30,26,4,0,0,0,0,0,0,0,0,1,0
1bvy,A,85,GLY,-0.4,60.1,0.0,0,0,X,0.0,0.0,0.0,0.0,0.0,0.0,0.0,0.0,40,0.0526889899493677,28,20,8,0,0,0,0,0,0,0,0,1,0
1bvy,A,86,LEU,3.8,166.7,0.0,0,0,X,0.0,0.0,0.0,0.0,0.0,0.0,0.0,0.0,41,0.04755997322863279,38,13,25,0,0,0,0,0,0,0,0,1,1
1bvy,A,87,PHE,2.8,189.9,0.0,0,0,X,0.0,0.0,0.0,0.0,0.0,0.0,0.0,0.0,39,0.03963331102386066,24,4,20,0,0,0,0,0,0,0,0,1,1
1bvy,A,88,THR,-0.7,116.1,0.0,1,1,X,0.0,0.0,0.0,0.0,0.0,0.0,0.0,0.0,34,0.05175644145468863,29,19,10,0,0,0,0,0,0,0,0,1,0
1bvy,A,89,SER,-0.8,89.0,0.0,1,1,X,0.0,0.0,0.0,0.0,0.0,0.0,0.0,0.0,31,0.05222271570202816,54,20,34,0,0,0,0,0,0,0,0,1,0
1bvy,A,90,TRP,-0.9,227.8,0.0,1,0,X,0.0,0.0,0.0,0.0,0.0,0.0,0.0,0.0,24,0.04709369898129325,42,18,24,0,0,0,0,0,0,0,0,1,0
1bvy,A,91,THR,-0.7,116.1,0.0,1,1,X,0.0,0.0,0.0,0.0,0.0,0.0,0.0,0.0,25,0.04476232774459557,57,23,34,0,0,0,0,0,0,0,0,1,0
1bvy,A,92,HIS,-3.2,153.2,0.1,2,1,X,0.0,0.0,0.0,0.0,0.0,0.0,0.0,0.0,16,0.030774100324409453,27,13,14,0,0,0,0,0,0,0,0,1,0
1bvy,A,93,GLU,-3.5,138.4,-1.0,1,3,X,0.0,0.0,0.0,0.0,0.0,0.0,0.0,0.0,22,0.03730193978716297,44,9,35,0,0,0,0,0,0,0,0,1,0
1bvy,A,94,LYS,-3.9,168.6,1.0,2,0,X,0.0,0.0,0.0,0.0,0.0,0.0,0.0,0.0,22,0.03170664881908853,26,40,-14,0,0,0,0,0,0,0,0,1,0
1bvy,A,95,ASN,-3.5,114.1,0.0,2,2,X,0.0,0.0,0.0,0.0,0.0,0.0,0.0,0.0,32,0.04196468226055834,37,42,-5,0,0,0,0,0,0,0,0,1,0
1bvy,A,96,TRP,-0.9,227.8,0.0,1,0,X,0.0,0.0,0.0,0.0,0.0,0.0,0.0,0.0,33,0.05595290968074446,59,22,37,0,0,0,0,0,0,0,0,1,1
1bvy,A,97,LYS,-3.9,168.6,1.0,2,0,X,0.0,0.0,0.0,0.0,0.0,0.0,0.0,0.0,25,0.045694876239274644,47,24,23,0,0,0,0,0,0,0,0,1,0
1bvy,A,98,LYS,-3.9,168.6,1.0,2,0,X,0.0,0.0,0.0,0.0,0.0,0.0,0.0,0.0,30,0.053155264196707235,35,43,-8,0,0,0,0,0,0,0,0,1,0
1bvy,A,99,ALA,1.8,88.6,0.0,0,0,X,0.0,0.0,0.0,0.0,0.0,0.0,0.0,0.0,40,0.04942507021799094,44,21,23,0,0,0,0,0,0,0,0,1,0
1bvy,A,100,HIS,-3.2,153.2,0.1,2,1,X,0.0,0.0,0.0,0.0,0.0,0.0,0.0,0.0,34,0.04662742473395372,36,15,21,0,0,0,0,0,0,0,0,1,0
1bvy,A,101,ASN,-3.5,114.1,0.0,2,2,X,0.0,0.0,0.0,0.0,0.0,0.0,0.0,0.0,36,0.04755997322863279,46,33,13,0,0,0,0,0,0,0,0,1,0
1bvy,A,102,ILE,4.5,166.7,0.0,0,0,X,0.0,0.0,0.0,0.0,0.0,0.0,0.0,0.0,40,0.05129016720734909,50,24,26,0,0,0,0,0,0,0,0,1,0
1bvy,A,103,LEU,3.8,166.7,0.0,0,0,X,0.0,0.0,0.0,0.0,0.0,0.0,0.0,0.0,35,0.045228601991935104,34,2,32,0,0,0,0,0,0,0,0,1,0
1bvy,A,104,LEU,3.8,166.7,0.0,0,0,X,0.0,0.0,0.0,0.0,0.0,0.0,0.0,0.0,39,0.04616115048661418,25,15,10,0,0,0,0,0,0,0,0,1,0
1bvy,A,105,PRO,-1.6,112.7,0.0,0,0,X,0.0,0.0,0.0,0.0,0.0,0.0,0.0,0.0,33,0.043363505002576956,28,23,5,0,0,0,0,0,0,0,0,1,0
1bvy,A,106,SER,-0.8,89.0,0.0,1,1,X,0.0,0.0,0.0,0.0,0.0,0.0,0.0,0.0,37,0.03963331102386066,16,22,-6,0,0,0,0,0,0,0,0,1,0
1bvy,A,107,PHE,2.8,189.9,0.0,0,0,X,0.0,0.0,0.0,0.0,0.0,0.0,0.0,0.0,32,0.04616115048661418,11,2,9,0,0,0,0,0,0,0,0,1,1
1bvy,A,108,SER,-0.8,89.0,0.0,1,1,X,0.0,0.0,0.0,0.0,0.0,0.0,0.0,0.0,33,0.04289723075523742,10,12,-2,0,0,0,0,0,0,0,0,1,0
1bvy,A,109,GLN,-3.5,143.8,0.0,2,2,X,0.0,0.0,0.0,0.0,0.0,0.0,0.0,0.0,31,0.03730193978716297,22,11,11,0,0,0,0,0,0,0,0,1,0
1bvy,A,110,GLN,-3.5,143.8,0.0,2,2,X,0.0,0.0,0.0,0.0,0.0,0.0,0.0,0.0,27,0.035436842797804825,16,20,-4,0,0,0,0,0,0,0,0,1,0
1bvy,A,111,ALA,1.8,88.6,0.0,0,0,X,0.0,0.0,0.0,0.0,0.0,0.0,0.0,0.0,27,0.03823448828184205,26,18,8,0,0,0,0,0,0,0,0,1,0
1bvy,A,112,MET,1.9,162.9,0.0,0,0,X,0.0,0.0,0.0,0.0,0.0,0.0,0.0,0.0,33,0.04709369898129325,34,8,26,0,0,0,0,0,0,0,0,1,0
1bvy,A,113,LYS,-3.9,168.6,1.0,2,0,X,0.0,0.0,0.0,0.0,0.0,0.0,0.0,0.0,22,0.03683566553982344,26,6,20,0,0,0,0,0,0,0,0,1,0
1bvy,A,114,GLY,-0.4,60.1,0.0,0,0,X,0.0,0.0,0.0,0.0,0.0,0.0,0.0,0.0,25,0.028909003335051305,28,15,13,0,0,0,0,0,0,0,0,1,0
1bvy,A,115,TYR,-1.3,193.6,0.0,1,1,X,0.0,0.0,0.0,0.0,0.0,0.0,0.0,0.0,35,0.04196468226055834,28,18,10,0,0,0,0,0,0,0,0,1,0
1bvy,A,116,HIS,-3.2,153.2,0.1,2,1,X,0.0,0.0,0.0,0.0,0.0,0.0,0.0,0.0,30,0.043829779249916496,28,10,18,0,0,0,0,0,0,0,0,1,0
1bvy,A,117,ALA,1.8,88.6,0.0,0,0,X,0.0,0.0,0.0,0.0,0.0,0.0,0.0,0.0,25,0.029375277582390842,25,8,17,0,0,0,0,0,0,0,0,1,0
1bvy,A,118,MET,1.9,162.9,0.0,0,0,X,0.0,0.0,0.0,0.0,0.0,0.0,0.0,0.0,31,0.03963331102386066,23,14,9,0,0,0,0,0,0,0,0,1,0
1bvy,A,119,MET,1.9,162.9,0.0,0,0,X,0.0,0.0,0.0,0.0,0.0,0.0,0.0,0.0,38,0.050823892960009553,24,22,2,0,0,0,0,0,0,0,0,1,0
1bvy,A,120,VAL,4.2,140.0,0.0,0,0,X,0.0,0.0,0.0,0.0,0.0,0.0,0.0,0.0,31,0.04616115048661418,19,16,3,0,0,0,0,0,0,0,0,1,0
1bvy,A,121,ASP,-3.5,111.1,-1.0,1,3,X,0.0,0.0,0.0,0.0,0.0,0.0,0.0,0.0,31,0.04103213376587927,24,10,14,0,0,0,0,0,0,0,0,1,0
1bvy,A,122,ILE,4.5,166.7,0.0,0,0,X,0.0,0.0,0.0,0.0,0.0,0.0,0.0,0.0,41,0.05129016720734909,23,24,-1,0,0,0,0,0,0,0,0,1,0
1bvy,A,123,ALA,1.8,88.6,0.0,0,0,X,0.0,0.0,0.0,0.0,0.0,0.0,0.0,0.0,43,0.04755997322863279,18,19,-1,0,0,0,0,0,0,0,0,1,0
1bvy,A,124,VAL,4.2,140.0,0.0,0,0,X,0.0,0.0,0.0,0.0,0.0,0.0,0.0,0.0,36,0.04709369898129325,23,13,10,0,0,0,0,0,0,0,0,1,0
1bvy,A,125,GLN,-3.5,143.8,0.0,2,2,X,0.0,0.0,0.0,0.0,0.0,0.0,0.0,0.0,28,0.048026247475972325,36,18,18,0,0,0,0,0,0,0,0,1,0
1bvy,A,126,LEU,3.8,166.7,0.0,0,0,X,0.0,0.0,0.0,0.0,0.0,0.0,0.0,0.0,41,0.05175644145468863,25,24,1,0,0,0,0,0,0,0,0,1,0
1bvy,A,127,VAL,4.2,140.0,0.0,0,0,X,0.0,0.0,0.0,0.0,0.0,0.0,0.0,0.0,40,0.050823892960009553,36,14,22,0,0,0,0,0,0,0,0,1,0
1bvy,A,128,GLN,-3.5,143.8,0.0,2,2,X,0.0,0.0,0.0,0.0,0.0,0.0,0.0,0.0,27,0.04243095650789788,35,16,19,0,0,0,0,0,0,0,0,1,0
1bvy,A,129,LYS,-3.9,168.6,1.0,2,0,X,0.0,0.0,0.0,0.0,0.0,0.0,0.0,0.0,29,0.048026247475972325,25,26,-1,0,0,0,0,0,0,0,0,1,0
1bvy,A,130,TRP,-0.9,227.8,0.0,1,0,X,0.0,0.0,0.0,0.0,0.0,0.0,0.0,0.0,38,0.04429605349725603,38,27,11,0,0,0,0,0,0,0,0,1,0
1bvy,A,131,GLU,-3.5,138.4,-1.0,1,3,X,0.0,0.0,0.0,0.0,0.0,0.0,0.0,0.0,30,0.040099585271200194,54,4,50,0,0,0,0,0,0,0,0,1,0
1bvy,A,132,ARG,-4.5,173.4,1.0,5,0,X,0.0,0.0,0.0,0.0,0.0,0.0,0.0,0.0,27,0.04149840801321881,20,21,-1,0,0,0,0,0,0,0,0,1,0
1bvy,A,133,LEU,3.8,166.7,0.0,0,0,X,0.0,0.0,0.0,0.0,0.0,0.0,0.0,0.0,28,0.03916703677652112,48,29,19,0,0,0,0,0,0,0,0,1,0
1bvy,A,134,ASN,-3.5,114.1,0.0,2,2,X,0.0,0.0,0.0,0.0,0.0,0.0,0.0,0.0,25,0.03450429430312575,33,22,11,0,0,0,0,0,0,0,0,1,0
1bvy,A,135,ALA,1.8,88.6,0.0,0,0,X,0.0,0.0,0.0,0.0,0.0,0.0,0.0,0.0,21,0.021914889624958248,36,23,13,0,0,0,0,0,0,0,0,1,0
1bvy,A,136,ASP,-3.5,111.1,-1.0,1,3,X,0.0,0.0,0.0,0.0,0.0,0.0,0.0,0.0,17,0.02144861537761871,25,13,12,0,0,0,0,0,0,0,0,1,0
1bvy,A,137,GLU,-3.5,138.4,-1.0,1,3,X,0.0,0.0,0.0,0.0,0.0,0.0,0.0,0.0,21,0.02797645484037223,42,12,30,0,0,0,0,0,0,0,0,1,0
1bvy,A,138,HIS,-3.2,153.2,0.1,2,1,X,0.0,0.0,0.0,0.0,0.0,0.0,0.0,0.0,21,0.03776821403450251,21,32,-11,0,0,0,0,0,0,0,0,1,0
1bvy,A,139,ILE,4.5,166.7,0.0,0,0,X,0.0,0.0,0.0,0.0,0.0,0.0,0.0,0.0,33,0.043829779249916496,37,44,-7,0,0,0,0,0,0,0,0,1,0
1bvy,A,140,GLU,-3.5,138.4,-1.0,1,3,X,0.0,0.0,0.0,0.0,0.0,0.0,0.0,0.0,25,0.043363505002576956,27,25,2,0,0,0,0,0,0,0,0,1,0
1bvy,A,141,VAL,4.2,140.0,0.0,0,0,X,0.0,0.0,0.0,0.0,0.0,0.0,0.0,0.0,37,0.05175644145468863,22,30,-8,0,0,0,0,0,0,0,0,1,0
1bvy,A,142,PRO,-1.6,112.7,0.0,0,0,X,0.0,0.0,0.0,0.0,0.0,0.0,0.0,0.0,34,0.050823892960009553,23,45,-22,0,0,0,0,0,0,0,0,1,0
1bvy,A,143,GLU,-3.5,138.4,-1.0,1,3,X,0.0,0.0,0.0,0.0,0.0,0.0,0.0,0.0,26,0.0363693912924839,24,29,-5,0,0,0,0,0,0,0,0,1,0
1bvy,A,144,ASP,-3.5,111.1,-1.0,1,3,X,0.0,0.0,0.0,0.0,0.0,0.0,0.0,0.0,31,0.048492521723311866,23,18,5,0,0,0,0,0,0,0,0,1,0
1bvy,A,145,MET,1.9,162.9,0.0,0,0,X,0.0,0.0,0.0,0.0,0.0,0.0,0.0,0.0,39,0.050823892960009553,17,38,-21,0,0,0,0,0,0,0,0,1,0
1bvy,A,146,THR,-0.7,116.1,0.0,1,1,X,0.0,0.0,0.0,0.0,0.0,0.0,0.0,0.0,34,0.048958795970651406,26,38,-12,0,0,0,0,0,0,0,0,1,0
1bvy,A,147,ARG,-4.5,173.4,1.0,5,0,X,0.0,0.0,0.0,0.0,0.0,0.0,0.0,0.0,32,0.04476232774459557,17,37,-20,0,0,0,0,0,0,0,0,1,0
1bvy,A,148,LEU,3.8,166.7,0.0,0,0,X,0.0,0.0,0.0,0.0,0.0,0.0,0.0,0.0,43,0.053621538444046775,16,34,-18,0,0,0,0,0,0,0,0,1,0
1bvy,A,149,THR,-0.7,116.1,0.0,1,1,X,0.0,0.0,0.0,0.0,0.0,0.0,0.0,0.0,42,0.04989134446533048,17,33,-16,0,0,0,0,0,0,0,0,1,0
1bvy,A,150,LEU,3.8,166.7,0.0,0,0,X,0.0,0.0,0.0,0.0,0.0,0.0,0.0,0.0,43,0.05035761871267001,25,24,1,0,0,0,0,0,0,0,0,1,0
1bvy,A,151,ASP,-3.5,111.1,-1.0,1,3,X,0.0,0.0,0.0,0.0,0.0,0.0,0.0,0.0,40,0.0526889899493677,34,12,22,0,0,0,0,0,0,0,0,1,0
1bvy,A,152,THR,-0.7,116.1,0.0,1,1,X,0.0,0.0,0.0,0.0,0.0,0.0,0.0,0.0,46,0.048958795970651406,24,26,-2,0,0,0,0,0,0,0,0,1,0
1bvy,A,153,ILE,4.5,166.7,0.0,0,0,X,0.0,0.0,0.0,0.0,0.0,0.0,0.0,0.0,41,0.04755997322863279,10,15,-5,0,0,0,0,0,0,0,0,1,0
1bvy,A,154,GLY,-0.4,60.1,0.0,0,0,X,0.0,0.0,0.0,0.0,0.0,0.0,0.0,0.0,36,0.04989134446533048,13,17,-4,0,0,0,0,0,0,0,0,1,0
1bvy,A,155,LEU,3.8,166.7,0.0,0,0,X,0.0,0.0,0.0,0.0,0.0,0.0,0.0,0.0,35,0.048958795970651406,20,24,-4,0,0,0,0,0,0,0,0,1,0
1bvy,A,156,CYS,2.5,108.5,0.0,1,0,X,0.0,0.0,0.0,0.0,0.0,0.0,0.0,0.0,38,0.04942507021799094,13,26,-13,0,0,0,0,0,0,0,0,1,0
1bvy,A,157,GLY,-0.4,60.1,0.0,0,0,X,0.0,0.0,0.0,0.0,0.0,0.0,0.0,0.0,37,0.048958795970651406,15,16,-1,0,0,0,0,0,0,0,0,1,0
1bvy,A,158,PHE,2.8,189.9,0.0,0,0,X,0.0,0.0,0.0,0.0,0.0,0.0,0.0,0.0,36,0.045694876239274644,16,13,3,0,0,0,0,0,0,0,0,1,0
1bvy,A,159,ASN,-3.5,114.1,0.0,2,2,X,0.0,0.0,0.0,0.0,0.0,0.0,0.0,0.0,30,0.03823448828184205,21,16,5,0,0,0,0,0,0,0,0,1,0
1bvy,A,160,TYR,-1.3,193.6,0.0,1,1,X,0.0,0.0,0.0,0.0,0.0,0.0,0.0,0.0,36,0.03963331102386066,25,21,4,0,0,0,0,0,0,0,0,1,0
1bvy,A,161,ARG,-4.5,173.4,1.0,5,0,X,0.0,0.0,0.0,0.0,0.0,0.0,0.0,0.0,32,0.048026247475972325,19,26,-7,0,0,0,0,0,0,0,0,1,0
1bvy,A,162,PHE,2.8,189.9,0.0,0,0,X,0.0,0.0,0.0,0.0,0.0,0.0,0.0,0.0,37,0.045228601991935104,34,11,23,0,0,0,0,0,0,0,0,1,0
1bvy,A,163,ASN,-3.5,114.1,0.0,2,2,X,0.0,0.0,0.0,0.0,0.0,0.0,0.0,0.0,29,0.045694876239274644,58,19,39,0,0,0,0,0,0,0,0,1,0
1bvy,A,164,SER,-0.8,89.0,0.0,1,1,X,0.0,0.0,0.0,0.0,0.0,0.0,0.0,0.0,29,0.04755997322863279,46,25,21,0,0,0,0,0,0,0,0,1,0
1bvy,A,165,PHE,2.8,189.9,0.0,0,0,X,0.0,0.0,0.0,0.0,0.0,0.0,0.0,0.0,30,0.04476232774459557,40,25,15,0,0,0,0,0,0,0,0,1,0
1bvy,A,166,TYR,-1.3,193.6,0.0,1,1,X,0.0,0.0,0.0,0.0,0.0,0.0,0.0,0.0,20,0.04196468226055834,60,18,42,0,0,0,0,0,0,0,0,1,0
1bvy,A,167,ARG,-4.5,173.4,1.0,5,0,X,0.0,0.0,0.0,0.0,0.0,0.0,0.0,0.0,18,0.043363505002576956,22,19,3,0,0,0,0,0,0,0,0,1,0
1bvy,A,168,ASP,-3.5,111.1,-1.0,1,3,X,0.0,0.0,0.0,0.0,0.0,0.0,0.0,0.0,12,0.03450429430312575,32,1,31,0,0,0,0,0,0,0,0,1,0
1bvy,A,169,GLN,-3.5,143.8,0.0,2,2,X,0.0,0.0,0.0,0.0,0.0,0.0,0.0,0.0,13,0.02844272908771177,27,16,11,0,0,0,0,0,0,0,0,1,0
1bvy,A,170,PRO,-1.6,112.7,0.0,0,0,X,0.0,0.0,0.0,0.0,0.0,0.0,0.0,0.0,20,0.04149840801321881,34,17,17,0,0,0,0,0,0,0,0,1,0
1bvy,A,171,HIS,-3.2,153.2,0.1,2,1,X,0.0,0.0,0.0,0.0,0.0,0.0,0.0,0.0,26,0.04149840801321881,15,13,2,0,0,0,0,0,0,0,0,1,0
1bvy,A,172,PRO,-1.6,112.7,0.0,0,0,X,0.0,0.0,0.0,0.0,0.0,0.0,0.0,0.0,21,0.03310547156110714,23,8,15,0,0,0,0,0,0,0,0,1,0
1bvy,A,173,PHE,2.8,189.9,0.0,0,0,X,0.0,0.0,0.0,0.0,0.0,0.0,0.0,0.0,35,0.045228601991935104,19,15,4,0,0,0,0,0,0,0,0,1,0
1bvy,A,174,ILE,4.5,166.7,0.0,0,0,X,0.0,0.0,0.0,0.0,0.0,0.0,0.0,0.0,31,0.04243095650789788,39,10,29,0,0,0,0,0,0,0,0,1,0
1bvy,A,175,THR,-0.7,116.1,0.0,1,1,X,0.0,0.0,0.0,0.0,0.0,0.0,0.0,0.0,23,0.03916703677652112,24,14,10,0,0,0,0,0,0,0,0,1,0
1bvy,A,176,SER,-0.8,89.0,0.0,1,1,X,0.0,0.0,0.0,0.0,0.0,0.0,0.0,0.0,27,0.04709369898129325,24,19,5,0,0,0,0,0,0,0,0,1,0
1bvy,A,177,MET,1.9,162.9,0.0,0,0,X,0.0,0.0,0.0,0.0,0.0,0.0,0.0,0.0,36,0.04942507021799094,22,18,4,0,0,0,0,0,0,0,0,1,0
1bvy,A,178,VAL,4.2,140.0,0.0,0,0,X,0.0,0.0,0.0,0.0,0.0,0.0,0.0,0.0,25,0.03823448828184205,20,24,-4,0,0,0,0,0,0,0,0,1,0
1bvy,A,179,ARG,-4.5,173.4,1.0,5,0,X,0.0,0.0,0.0,0.0,0.0,0.0,0.0,0.0,27,0.03870076252918159,3,34,-31,0,0,0,0,0,0,0,0,1,0
1bvy,A,180,ALA,1.8,88.6,0.0,0,0,X,0.0,0.0,0.0,0.0,0.0,0.0,0.0,0.0,36,0.04942507021799094,24,36,-12,0,0,0,0,0,0,0,0,1,0
1bvy,A,181,LEU,3.8,166.7,0.0,0,0,X,0.0,0.0,0.0,0.0,0.0,0.0,0.0,0.0,35,0.043363505002576956,15,27,-12,0,0,0,0,0,0,0,0,1,0
1bvy,A,182,ASP,-3.5,111.1,-1.0,1,3,X,0.0,0.0,0.0,0.0,0.0,0.0,0.0,0.0,26,0.03357174580844668,23,13,10,0,0,0,0,0,0,0,0,1,0
1bvy,A,183,GLU,-3.5,138.4,-1.0,1,3,X,0.0,0.0,0.0,0.0,0.0,0.0,0.0,0.0,29,0.04289723075523742,36,16,20,0,0,0,0,0,0,0,0,1,0
1bvy,A,184,ALA,1.8,88.6,0.0,0,0,X,0.0,0.0,0.0,0.0,0.0,0.0,0.0,0.0,26,0.05175644145468863,31,24,7,0,0,0,0,0,0,0,0,1,0
1bvy,A,185,MET,1.9,162.9,0.0,0,0,X,0.0,0.0,0.0,0.0,0.0,0.0,0.0,0.0,27,0.045694876239274644,21,21,0,0,0,0,0,0,0,0,0,1,0
1bvy,A,186,ASN,-3.5,114.1,0.0,2,2,X,0.0,0.0,0.0,0.0,0.0,0.0,0.0,0.0,21,0.0363693912924839,24,18,6,0,0,0,0,0,0,0,0,1,0
1bvy,A,187,LYS,-3.9,168.6,1.0,2,0,X,0.0,0.0,0.0,0.0,0.0,0.0,0.0,0.0,26,0.04103213376587927,22,20,2,0,0,0,0,0,0,0,0,1,0
1bvy,A,188,LEU,3.8,166.7,0.0,0,0,X,0.0,0.0,0.0,0.0,0.0,0.0,0.0,0.0,22,0.03310547156110714,24,7,17,0,0,0,0,0,0,0,0,1,0
1bvy,A,189,GLN,-3.5,143.8,0.0,2,2,X,0.0,0.0,0.0,0.0,0.0,0.0,0.0,0.0,18,0.022381163872297785,18,15,3,0,0,0,0,0,0,0,0,1,0
1bvy,A,190,ARG,-4.5,173.4,1.0,5,0,X,0.0,0.0,0.0,0.0,0.0,0.0,0.0,0.0,19,0.03124037457174899,14,28,-14,0,0,0,0,0,0,0,0,1,0
1bvy,A,191,ALA,1.8,88.6,0.0,0,0,X,0.0,0.0,0.0,0.0,0.0,0.0,0.0,0.0,10,0.019117244140921023,15,15,0,0,0,0,0,0,0,0,0,1,0
1bvy,A,192,ASN,-3.5,114.1,0.0,2,2,X,0.0,0.0,0.0,0.0,0.0,0.0,0.0,0.0,14,0.02611135785101408,16,17,-1,0,0,0,0,0,0,0,0,1,0
1bvy,A,193,PRO,-1.6,112.7,0.0,0,0,X,0.0,0.0,0.0,0.0,0.0,0.0,0.0,0.0,17,0.03590311704514436,27,24,3,0,0,0,0,0,0,0,0,1,0
1bvy,A,194,ASP,-3.5,111.1,-1.0,1,3,X,0.0,0.0,0.0,0.0,0.0,0.0,0.0,0.0,11,0.030307826077069916,18,15,3,0,0,0,0,0,0,0,0,1,0
1bvy,A,195,ASP,-3.5,111.1,-1.0,1,3,X,0.0,0.0,0.0,0.0,0.0,0.0,0.0,0.0,12,0.030774100324409453,14,17,-3,0,0,0,0,0,0,0,0,1,0
1bvy,A,196,PRO,-1.6,112.7,0.0,0,0,X,0.0,0.0,0.0,0.0,0.0,0.0,0.0,0.0,12,0.02471253510899547,10,28,-18,0,0,0,0,0,0,0,0,1,0
1bvy,A,197,ALA,1.8,88.6,0.0,0,0,X,0.0,0.0,0.0,0.0,0.0,0.0,0.0,0.0,13,0.02611135785101408,20,31,-11,0,0,0,0,0,0,0,0,1,0
1bvy,A,198,TYR,-1.3,193.6,0.0,1,1,X,0.0,0.0,0.0,0.0,0.0,0.0,0.0,0.0,17,0.03963331102386066,29,37,-8,0,0,0,0,0,0,0,0,1,0
1bvy,A,199,ASP,-3.5,111.1,-1.0,1,3,X,0.0,0.0,0.0,0.0,0.0,0.0,0.0,0.0,15,0.035436842797804825,25,27,-2,0,0,0,0,0,0,0,0,1,0
1bvy,A,200,GLU,-3.5,138.4,-1.0,1,3,X,0.0,0.0,0.0,0.0,0.0,0.0,0.0,0.0,16,0.02984155182973038,26,20,6,0,0,0,0,0,0,0,0,1,0
1bvy,A,201,ASN,-3.5,114.1,0.0,2,2,X,0.0,0.0,0.0,0.0,0.0,0.0,0.0,0.0,23,0.03916703677652112,42,36,6,0,0,0,0,0,0,0,0,1,0
1bvy,A,202,LYS,-3.9,168.6,1.0,2,0,X,0.0,0.0,0.0,0.0,0.0,0.0,0.0,0.0,19,0.04103213376587927,22,38,-16,0,0,0,0,0,0,0,0,1,0
1bvy,A,203,ARG,-4.5,173.4,1.0,5,0,X,0.0,0.0,0.0,0.0,0.0,0.0,0.0,0.0,13,0.03450429430312575,9,27,-18,0,0,0,0,0,0,0,0,1,0
1bvy,A,204,GLN,-3.5,143.8,0.0,2,2,X,0.0,0.0,0.0,0.0,0.0,0.0,0.0,0.0,21,0.040565859518539735,31,37,-6,0,0,0,0,0,0,0,0,1,0
1bvy,A,205,PHE,2.8,189.9,0.0,0,0,X,0.0,0.0,0.0,0.0,0.0,0.0,0.0,0.0,32,0.045694876239274644,38,42,-4,0,0,0,0,0,0,0,0,1,0
1bvy,A,206,GLN,-3.5,143.8,0.0,2,2,X,0.0,0.0,0.0,0.0,0.0,0.0,0.0,0.0,19,0.03403802005578621,25,31,-6,0,0,0,0,0,0,0,0,1,0
1bvy,A,207,GLU,-3.5,138.4,-1.0,1,3,X,0.0,0.0,0.0,0.0,0.0,0.0,0.0,0.0,17,0.035436842797804825,27,17,10,0,0,0,0,0,0,0,0,1,0
1bvy,A,208,ASP,-3.5,111.1,-1.0,1,3,X,0.0,0.0,0.0,0.0,0.0,0.0,0.0,0.0,29,0.048958795970651406,28,20,8,0,0,0,0,0,0,0,0,1,0
1bvy,A,209,ILE,4.5,166.7,0.0,0,0,X,0.0,0.0,0.0,0.0,0.0,0.0,0.0,0.0,31,0.045694876239274644,23,33,-10,0,0,0,0,0,0,0,0,1,0
1bvy,A,210,LYS,-3.9,168.6,1.0,2,0,X,0.0,0.0,0.0,0.0,0.0,0.0,0.0,0.0,16,0.034970568550465285,6,28,-22,0,0,0,0,0,0,0,0,1,0
1bvy,A,211,VAL,4.2,140.0,0.0,0,0,X,0.0,0.0,0.0,0.0,0.0,0.0,0.0,0.0,25,0.040565859518539735,18,29,-11,0,0,0,0,0,0,0,0,1,0
1bvy,A,212,MET,1.9,162.9,0.0,0,0,X,0.0,0.0,0.0,0.0,0.0,0.0,0.0,0.0,36,0.048492521723311866,23,29,-6,0,0,0,0,0,0,0,0,1,0
1bvy,A,213,ASN,-3.5,114.1,0.0,2,2,X,0.0,0.0,0.0,0.0,0.0,0.0,0.0,0.0,28,0.04196468226055834,24,37,-13,0,0,0,0,0,0,0,0,1,0
1bvy,A,214,ASP,-3.5,111.1,-1.0,1,3,X,0.0,0.0,0.0,0.0,0.0,0.0,0.0,0.0,17,0.03590311704514436,25,14,11,0,0,0,0,0,0,0,0,1,0
1bvy,A,215,LEU,3.8,166.7,0.0,0,0,X,0.0,0.0,0.0,0.0,0.0,0.0,0.0,0.0,28,0.03730193978716297,27,23,4,0,0,0,0,0,0,0,0,1,0
1bvy,A,216,VAL,4.2,140.0,0.0,0,0,X,0.0,0.0,0.0,0.0,0.0,0.0,0.0,0.0,33,0.048492521723311866,24,28,-4,0,0,0,0,0,0,0,0,1,0
1bvy,A,217,ASP,-3.5,111.1,-1.0,1,3,X,0.0,0.0,0.0,0.0,0.0,0.0,0.0,0.0,26,0.04103213376587927,26,32,-6,0,0,0,0,0,0,0,0,1,0
1bvy,A,218,LYS,-3.9,168.6,1.0,2,0,X,0.0,0.0,0.0,0.0,0.0,0.0,0.0,0.0,17,0.032639197313767604,7,28,-21,0,0,0,0,0,0,0,0,1,0
1bvy,A,219,ILE,4.5,166.7,0.0,0,0,X,0.0,0.0,0.0,0.0,0.0,0.0,0.0,0.0,31,0.040565859518539735,32,28,4,0,0,0,0,0,0,0,0,1,0
1bvy,A,220,ILE,4.5,166.7,0.0,0,0,X,0.0,0.0,0.0,0.0,0.0,0.0,0.0,0.0,32,0.04755997322863279,38,41,-3,0,0,0,0,0,0,0,0,1,0
1bvy,A,221,ALA,1.8,88.6,0.0,0,0,X,0.0,0.0,0.0,0.0,0.0,0.0,0.0,0.0,19,0.03403802005578621,27,31,-4,0,0,0,0,0,0,0,0,1,0
1bvy,A,222,ASP,-3.5,111.1,-1.0,1,3,X,0.0,0.0,0.0,0.0,0.0,0.0,0.0,0.0,20,0.030774100324409453,28,15,13,0,0,0,0,0,0,0,0,1,0
1bvy,A,223,ARG,-4.5,173.4,1.0,5,0,X,0.0,0.0,0.0,0.0,0.0,0.0,0.0,0.0,29,0.03870076252918159,12,30,-18,0,0,0,0,0,0,0,0,1,0
1bvy,A,224,LYS,-3.9,168.6,1.0,2,0,X,0.0,0.0,0.0,0.0,0.0,0.0,0.0,0.0,21,0.03357174580844668,13,27,-14,0,0,0,0,0,0,0,0,1,0
1bvy,A,225,ALA,1.8,88.6,0.0,0,0,X,0.0,0.0,0.0,0.0,0.0,0.0,0.0,0.0,12,0.022847438119637322,20,17,3,0,0,0,0,0,0,0,0,1,0
1bvy,A,226,SER,-0.8,89.0,0.0,1,1,X,0.0,0.0,0.0,0.0,0.0,0.0,0.0,0.0,15,0.025645083603674543,19,17,2,0,0,0,0,0,0,0,0,1,0
1bvy,A,227,GLY,-0.4,60.1,0.0,0,0,X,0.0,0.0,0.0,0.0,0.0,0.0,0.0,0.0,17,0.025178809356335007,19,16,3,0,0,0,0,0,0,0,0,1,0
1bvy,A,228,GLU,-3.5,138.4,-1.0,1,3,X,0.0,0.0,0.0,0.0,0.0,0.0,0.0,0.0,21,0.03683566553982344,27,19,8,0,0,0,0,0,0,0,0,1,0
1bvy,A,229,GLN,-3.5,143.8,0.0,2,2,X,0.0,0.0,0.0,0.0,0.0,0.0,0.0,0.0,13,0.02144861537761871,15,19,-4,0,0,0,0,0,0,0,0,1,0
1bvy,A,230,SER,-0.8,89.0,0.0,1,1,X,0.0,0.0,0.0,0.0,0.0,0.0,0.0,0.0,20,0.026577632098353617,18,25,-7,0,0,0,0,0,0,0,0,1,0
1bvy,A,231,ASP,-3.5,111.1,-1.0,1,3,X,0.0,0.0,0.0,0.0,0.0,0.0,0.0,0.0,21,0.02984155182973038,17,15,2,0,0,0,0,0,0,0,0,1,0
1bvy,A,232,ASP,-3.5,111.1,-1.0,1,3,X,0.0,0.0,0.0,0.0,0.0,0.0,0.0,0.0,31,0.04289723075523742,17,17,0,0,0,0,0,0,0,0,0,1,0
1bvy,A,233,LEU,3.8,166.7,0.0,0,0,X,0.0,0.0,0.0,0.0,0.0,0.0,0.0,0.0,35,0.048492521723311866,14,16,-2,0,0,0,0,0,0,0,0,1,0
1bvy,A,234,LEU,3.8,166.7,0.0,0,0,X,0.0,0.0,0.0,0.0,0.0,0.0,0.0,0.0,41,0.05175644145468863,33,30,3,0,0,0,0,0,0,0,0,1,0
1bvy,A,235,THR,-0.7,116.1,0.0,1,1,X,0.0,0.0,0.0,0.0,0.0,0.0,0.0,0.0,27,0.04755997322863279,25,25,0,0,0,0,0,0,0,0,0,1,0
1bvy,A,236,HIS,-3.2,153.2,0.1,2,1,X,0.0,0.0,0.0,0.0,0.0,0.0,0.0,0.0,28,0.04476232774459557,4,28,-24,0,0,0,0,0,0,0,0,1,0
1bvy,A,237,MET,1.9,162.9,0.0,0,0,X,0.0,0.0,0.0,0.0,0.0,0.0,0.0,0.0,40,0.04755997322863279,30,30,0,0,0,0,0,0,0,0,0,1,0
1bvy,A,238,LEU,3.8,166.7,0.0,0,0,X,0.0,0.0,0.0,0.0,0.0,0.0,0.0,0.0,29,0.04243095650789788,32,29,3,0,0,0,0,0,0,0,0,1,0
1bvy,A,239,ASN,-3.5,114.1,0.0,2,2,X,0.0,0.0,0.0,0.0,0.0,0.0,0.0,0.0,24,0.02844272908771177,29,22,7,0,0,0,0,0,0,0,0,1,0
1bvy,A,240,GLY,-0.4,60.1,0.0,0,0,X,0.0,0.0,0.0,0.0,0.0,0.0,0.0,0.0,27,0.0363693912924839,27,25,2,0,0,0,0,0,0,0,0,1,0
1bvy,A,241,LYS,-3.9,168.6,1.0,2,0,X,0.0,0.0,0.0,0.0,0.0,0.0,0.0,0.0,23,0.03916703677652112,11,30,-19,0,0,0,0,0,0,0,0,1,0
1bvy,A,242,ASP,-3.5,111.1,-1.0,1,3,X,0.0,0.0,0.0,0.0,0.0,0.0,0.0,0.0,27,0.04662742473395372,45,22,23,0,0,0,0,0,0,0,0,1,0
1bvy,A,243,PRO,-1.6,112.7,0.0,0,0,X,0.0,0.0,0.0,0.0,0.0,0.0,0.0,0.0,28,0.03916703677652112,31,34,-3,0,0,0,0,0,0,0,0,1,0
1bvy,A,244,GLU,-3.5,138.4,-1.0,1,3,X,0.0,0.0,0.0,0.0,0.0,0.0,0.0,0.0,18,0.029375277582390842,36,17,19,0,0,0,0,0,0,0,0,1,0
1bvy,A,245,THR,-0.7,116.1,0.0,1,1,X,0.0,0.0,0.0,0.0,0.0,0.0,0.0,0.0,18,0.028909003335051305,31,26,5,0,0,0,0,0,0,0,0,1,0
1bvy,A,246,GLY,-0.4,60.1,0.0,0,0,X,0.0,0.0,0.0,0.0,0.0,0.0,0.0,0.0,16,0.028909003335051305,20,24,-4,0,0,0,0,0,0,0,0,1,0
1bvy,A,247,GLU,-3.5,138.4,-1.0,1,3,X,0.0,0.0,0.0,0.0,0.0,0.0,0.0,0.0,18,0.03170664881908853,28,22,6,0,0,0,0,0,0,0,0,1,0
1bvy,A,248,PRO,-1.6,112.7,0.0,0,0,X,0.0,0.0,0.0,0.0,0.0,0.0,0.0,0.0,23,0.03963331102386066,25,30,-5,0,0,0,0,0,0,0,0,1,0
1bvy,A,249,LEU,3.8,166.7,0.0,0,0,X,0.0,0.0,0.0,0.0,0.0,0.0,0.0,0.0,35,0.04755997322863279,35,42,-7,0,0,0,0,0,0,0,0,1,0
1bvy,A,250,ASP,-3.5,111.1,-1.0,1,3,X,0.0,0.0,0.0,0.0,0.0,0.0,0.0,0.0,22,0.032172923066428064,21,29,-8,0,0,0,0,0,0,0,0,1,0
1bvy,A,251,ASP,-3.5,111.1,-1.0,1,3,X,0.0,0.0,0.0,0.0,0.0,0.0,0.0,0.0,22,0.0363693912924839,22,26,-4,0,0,0,0,0,0,0,0,1,0
1bvy,A,252,GLU,-3.5,138.4,-1.0,1,3,X,0.0,0.0,0.0,0.0,0.0,0.0,0.0,0.0,20,0.0363693912924839,11,30,-19,0,0,0,0,0,0,0,0,1,0
1bvy,A,253,ASN,-3.5,114.1,0.0,2,2,X,0.0,0.0,0.0,0.0,0.0,0.0,0.0,0.0,33,0.04755997322863279,24,33,-9,0,0,0,0,0,0,0,0,1,0
1bvy,A,254,ILE,4.5,166.7,0.0,0,0,X,0.0,0.0,0.0,0.0,0.0,0.0,0.0,0.0,37,0.048492521723311866,21,36,-15,0,0,0,0,0,0,0,0,1,0
1bvy,A,255,ARG,-4.5,173.4,1.0,5,0,X,0.0,0.0,0.0,0.0,0.0,0.0,0.0,0.0,32,0.05175644145468863,6,47,-41,0,0,0,0,0,0,0,0,1,0
1bvy,A,256,TYR,-1.3,193.6,0.0,1,1,X,0.0,0.0,0.0,0.0,0.0,0.0,0.0,0.0,32,0.053621538444046775,22,37,-15,0,0,0,0,0,0,0,0,1,0
1bvy,A,257,GLN,-3.5,143.8,0.0,2,2,X,0.0,0.0,0.0,0.0,0.0,0.0,0.0,0.0,39,0.048958795970651406,12,21,-9,0,0,0,0,0,0,0,0,1,0
1bvy,A,258,ILE,4.5,166.7,0.0,0,0,X,0.0,0.0,0.0,0.0,0.0,0.0,0.0,0.0,41,0.04755997322863279,9,10,-1,0,0,0,0,0,0,0,0,1,0
1bvy,A,259,ILE,4.5,166.7,0.0,0,0,X,0.0,0.0,0.0,0.0,0.0,0.0,0.0,0.0,45,0.05222271570202816,16,10,6,0,0,0,0,0,0,0,0,1,0
1bvy,A,260,THR,-0.7,116.1,0.0,1,1,X,0.0,0.0,0.0,0.0,0.0,0.0,0.0,0.0,38,0.048958795970651406,13,4,9,0,0,0,0,0,0,0,0,1,0
1bvy,A,261,PHE,2.8,189.9,0.0,0,0,X,0.0,0.0,0.0,0.0,0.0,0.0,0.0,0.0,38,0.03870076252918159,8,0,8,0,0,0,0,0,0,0,0,1,0
1bvy,A,262,LEU,3.8,166.7,0.0,0,0,X,0.0,0.0,0.0,0.0,0.0,0.0,0.0,0.0,37,0.04616115048661418,12,9,3,0,0,0,0,0,0,0,0,1,0
1bvy,A,263,ILE,4.5,166.7,0.0,0,0,X,0.0,0.0,0.0,0.0,0.0,0.0,0.0,0.0,34,0.040565859518539735,12,8,4,0,0,0,0,0,0,0,0,1,0
1bvy,A,264,ALA,1.8,88.6,0.0,0,0,X,0.0,0.0,0.0,0.0,0.0,0.0,0.0,0.0,39,0.03403802005578621,11,7,4,0,0,0,0,0,0,0,0,1,1
1bvy,A,265,GLY,-0.4,60.1,0.0,0,0,X,0.0,0.0,0.0,0.0,0.0,0.0,0.0,0.0,40,0.04149840801321881,10,15,-5,0,0,0,0,0,0,0,0,1,1
1bvy,A,266,HIS,-3.2,153.2,0.1,2,1,X,0.0,0.0,0.0,0.0,0.0,0.0,0.0,0.0,39,0.048492521723311866,5,13,-8,0,0,0,0,0,0,0,0,1,0
1bvy,A,267,GLU,-3.5,138.4,-1.0,1,3,X,0.0,0.0,0.0,0.0,0.0,0.0,0.0,0.0,36,0.04616115048661418,26,5,21,0,0,0,0,0,0,0,0,1,0
1bvy,A,268,THR,-0.7,116.1,0.0,1,1,X,0.0,0.0,0.0,0.0,0.0,0.0,0.0,0.0,41,0.04196468226055834,13,10,3,0,0,0,0,0,0,0,0,1,1
1bvy,A,269,THR,-0.7,116.1,0.0,1,1,X,0.0,0.0,0.0,0.0,0.0,0.0,0.0,0.0,45,0.04476232774459557,15,18,-3,0,0,0,0,0,0,0,0,1,1
1bvy,A,270,SER,-0.8,89.0,0.0,1,1,X,0.0,0.0,0.0,0.0,0.0,0.0,0.0,0.0,40,0.0526889899493677,24,30,-6,0,0,0,0,0,0,0,0,1,0
1bvy,A,271,GLY,-0.4,60.1,0.0,0,0,X,0.0,0.0,0.0,0.0,0.0,0.0,0.0,0.0,38,0.05595290968074446,14,14,0,0,0,0,0,0,0,0,0,1,0
1bvy,A,272,LEU,3.8,166.7,0.0,0,0,X,0.0,0.0,0.0,0.0,0.0,0.0,0.0,0.0,45,0.04662742473395372,7,13,-6,0,0,0,0,0,0,0,0,1,1
1bvy,A,273,LEU,3.8,166.7,0.0,0,0,X,0.0,0.0,0.0,0.0,0.0,0.0,0.0,0.0,44,0.04755997322863279,3,18,-15,0,0,0,0,0,0,0,0,1,0
1bvy,A,274,SER,-0.8,89.0,0.0,1,1,X,0.0,0.0,0.0,0.0,0.0,0.0,0.0,0.0,43,0.0526889899493677,10,21,-11,0,0,0,0,0,0,0,0,1,0
1bvy,A,275,PHE,2.8,189.9,0.0,0,0,X,0.0,0.0,0.0,0.0,0.0,0.0,0.0,0.0,40,0.05035761871267001,14,11,3,0,0,0,0,0,0,0,0,1,0
1bvy,A,276,ALA,1.8,88.6,0.0,0,0,X,0.0,0.0,0.0,0.0,0.0,0.0,0.0,0.0,41,0.05175644145468863,4,6,-2,0,0,0,0,0,0,0,0,1,0
1bvy,A,277,LEU,3.8,166.7,0.0,0,0,X,0.0,0.0,0.0,0.0,0.0,0.0,0.0,0.0,40,0.04616115048661418,10,13,-3,0,0,0,0,0,0,0,0,1,0
1bvy,A,278,TYR,-1.3,193.6,0.0,1,1,X,0.0,0.0,0.0,0.0,0.0,0.0,0.0,0.0,33,0.05129016720734909,11,17,-6,0,0,0,0,0,0,0,0,1,0
1bvy,A,279,PHE,2.8,189.9,0.0,0,0,X,0.0,0.0,0.0,0.0,0.0,0.0,0.0,0.0,37,0.04709369898129325,16,18,-2,0,0,0,0,0,0,0,0,1,0
1bvy,A,280,LEU,3.8,166.7,0.0,0,0,X,0.0,0.0,0.0,0.0,0.0,0.0,0.0,0.0,35,0.048958795970651406,17,4,13,0,0,0,0,0,0,0,0,1,0
1bvy,A,281,VAL,4.2,140.0,0.0,0,0,X,0.0,0.0,0.0,0.0,0.0,0.0,0.0,0.0,29,0.04476232774459557,18,18,0,0,0,0,0,0,0,0,0,1,0
1bvy,A,282,LYS,-3.9,168.6,1.0,2,0,X,0.0,0.0,0.0,0.0,0.0,0.0,0.0,0.0,26,0.03450429430312575,2,14,-12,0,0,0,0,0,0,0,0,1,0
1bvy,A,283,ASN,-3.5,114.1,0.0,2,2,X,0.0,0.0,0.0,0.0,0.0,0.0,0.0,0.0,24,0.0363693912924839,26,10,16,0,0,0,0,0,0,0,0,1,0
1bvy,A,284,PRO,-1.6,112.7,0.0,0,0,X,0.0,0.0,0.0,0.0,0.0,0.0,0.0,0.0,20,0.032639197313767604,21,4,17,0,0,0,0,0,0,0,0,1,0
1bvy,A,285,HIS,-3.2,153.2,0.1,2,1,X,0.0,0.0,0.0,0.0,0.0,0.0,0.0,0.0,14,0.028909003335051305,13,4,9,0,0,0,0,0,0,0,0,1,0
1bvy,A,286,VAL,4.2,140.0,0.0,0,0,X,0.0,0.0,0.0,0.0,0.0,0.0,0.0,0.0,27,0.043363505002576956,31,15,16,0,0,0,0,0,0,0,0,1,0
1bvy,A,287,LEU,3.8,166.7,0.0,0,0,X,0.0,0.0,0.0,0.0,0.0,0.0,0.0,0.0,32,0.04243095650789788,26,18,8,0,0,0,0,0,0,0,0,1,0
1bvy,A,288,GLN,-3.5,143.8,0.0,2,2,X,0.0,0.0,0.0,0.0,0.0,0.0,0.0,0.0,17,0.03403802005578621,21,16,5,0,0,0,0,0,0,0,0,1,0
1bvy,A,289,LYS,-3.9,168.6,1.0,2,0,X,0.0,0.0,0.0,0.0,0.0,0.0,0.0,0.0,23,0.03730193978716297,12,28,-16,0,0,0,0,0,0,0,0,1,0
1bvy,A,290,ALA,1.8,88.6,0.0,0,0,X,0.0,0.0,0.0,0.0,0.0,0.0,0.0,0.0,39,0.04755997322863279,29,19,10,0,0,0,0,0,0,0,0,1,0
1bvy,A,291,ALA,1.8,88.6,0.0,0,0,X,0.0,0.0,0.0,0.0,0.0,0.0,0.0,0.0,31,0.04103213376587927,34,25,9,0,0,0,0,0,0,0,0,1,0
1bvy,A,292,GLU,-3.5,138.4,-1.0,1,3,X,0.0,0.0,0.0,0.0,0.0,0.0,0.0,0.0,19,0.03124037457174899,28,10,18,0,0,0,0,0,0,0,0,1,0
1bvy,A,293,GLU,-3.5,138.4,-1.0,1,3,X,0.0,0.0,0.0,0.0,0.0,0.0,0.0,0.0,29,0.04103213376587927,34,9,25,0,0,0,0,0,0,0,0,1,0
1bvy,A,294,ALA,1.8,88.6,0.0,0,0,X,0.0,0.0,0.0,0.0,0.0,0.0,0.0,0.0,34,0.048492521723311866,37,19,18,0,0,0,0,0,0,0,0,1,0
1bvy,A,295,ALA,1.8,88.6,0.0,0,0,X,0.0,0.0,0.0,0.0,0.0,0.0,0.0,0.0,22,0.034970568550465285,32,20,12,0,0,0,0,0,0,0,0,1,0
1bvy,A,296,ARG,-4.5,173.4,1.0,5,0,X,0.0,0.0,0.0,0.0,0.0,0.0,0.0,0.0,16,0.02611135785101408,6,17,-11,0,0,0,0,0,0,0,0,1,0
1bvy,A,297,VAL,4.2,140.0,0.0,0,0,X,0.0,0.0,0.0,0.0,0.0,0.0,0.0,0.0,27,0.03683566553982344,36,22,14,0,0,0,0,0,0,0,0,1,0
1bvy,A,298,LEU,3.8,166.7,0.0,0,0,X,0.0,0.0,0.0,0.0,0.0,0.0,0.0,0.0,35,0.04243095650789788,32,20,12,0,0,0,0,0,0,0,0,1,0
1bvy,A,299,VAL,4.2,140.0,0.0,0,0,X,0.0,0.0,0.0,0.0,0.0,0.0,0.0,0.0,18,0.02797645484037223,14,10,4,0,0,0,0,0,0,0,0,1,0
1bvy,A,300,ASP,-3.5,111.1,-1.0,1,3,X,0.0,0.0,0.0,0.0,0.0,0.0,0.0,0.0,21,0.027043906345693154,9,0,9,0,0,0,0,0,0,0,0,1,0
1bvy,A,301,PRO,-1.6,112.7,0.0,0,0,X,0.0,0.0,0.0,0.0,0.0,0.0,0.0,0.0,19,0.03450429430312575,10,8,2,0,0,0,0,0,0,0,0,1,0
1bvy,A,302,VAL,4.2,140.0,0.0,0,0,X,0.0,0.0,0.0,0.0,0.0,0.0,0.0,0.0,28,0.03963331102386066,17,11,6,0,0,0,0,0,0,0,0,1,0
1bvy,A,303,PRO,-1.6,112.7,0.0,0,0,X,0.0,0.0,0.0,0.0,0.0,0.0,0.0,0.0,35,0.04429605349725603,29,10,19,0,0,0,0,0,0,0,0,1,0
1bvy,A,304,SER,-0.8,89.0,0.0,1,1,X,0.0,0.0,0.0,0.0,0.0,0.0,0.0,0.0,22,0.032639197313767604,40,8,32,0,0,0,0,0,0,0,0,1,0
1bvy,A,305,TYR,-1.3,193.6,0.0,1,1,X,0.0,0.0,0.0,0.0,0.0,0.0,0.0,0.0,28,0.03963331102386066,47,6,41,0,0,0,0,0,0,0,0,1,0
1bvy,A,306,LYS,-3.9,168.6,1.0,2,0,X,0.0,0.0,0.0,0.0,0.0,0.0,0.0,0.0,18,0.03357174580844668,24,8,16,0,0,0,0,0,0,0,0,1,0
1bvy,A,307,GLN,-3.5,143.8,0.0,2,2,X,0.0,0.0,0.0,0.0,0.0,0.0,0.0,0.0,28,0.040565859518539735,38,11,27,0,0,0,0,0,0,0,0,1,0
1bvy,A,308,VAL,4.2,140.0,0.0,0,0,X,0.0,0.0,0.0,0.0,0.0,0.0,0.0,0.0,33,0.05175644145468863,46,9,37,0,0,0,0,0,0,0,0,1,0
1bvy,A,309,LYS,-3.9,168.6,1.0,2,0,X,0.0,0.0,0.0,0.0,0.0,0.0,0.0,0.0,27,0.03683566553982344,38,6,32,0,0,0,0,0,0,0,0,1,0
1bvy,A,310,GLN,-3.5,143.8,0.0,2,2,X,0.0,0.0,0.0,0.0,0.0,0.0,0.0,0.0,19,0.034970568550465285,38,9,29,0,0,0,0,0,0,0,0,1,0
1bvy,A,311,LEU,3.8,166.7,0.0,0,0,X,0.0,0.0,0.0,0.0,0.0,0.0,0.0,0.0,35,0.045694876239274644,39,11,28,0,0,0,0,0,0,0,0,1,0
1bvy,A,312,LYS,-3.9,168.6,1.0,2,0,X,0.0,0.0,0.0,0.0,0.0,0.0,0.0,0.0,23,0.03310547156110714,14,16,-2,0,0,0,0,0,0,0,0,1,0
1bvy,A,313,TYR,-1.3,193.6,0.0,1,1,X,0.0,0.0,0.0,0.0,0.0,0.0,0.0,0.0,32,0.04149840801321881,25,36,-11,0,0,0,0,0,0,0,0,1,0
1bvy,A,314,VAL,4.2,140.0,0.0,0,0,X,0.0,0.0,0.0,0.0,0.0,0.0,0.0,0.0,43,0.04942507021799094,18,14,4,0,0,0,0,0,0,0,0,1,0
1bvy,A,315,GLY,-0.4,60.1,0.0,0,0,X,0.0,0.0,0.0,0.0,0.0,0.0,0.0,0.0,34,0.04149840801321881,15,15,0,0,0,0,0,0,0,0,0,1,0
1bvy,A,316,MET,1.9,162.9,0.0,0,0,X,0.0,0.0,0.0,0.0,0.0,0.0,0.0,0.0,29,0.04755997322863279,27,32,-5,0,0,0,0,0,0,0,0,1,0
1bvy,A,317,VAL,4.2,140.0,0.0,0,0,X,0.0,0.0,0.0,0.0,0.0,0.0,0.0,0.0,41,0.05129016720734909,19,20,-1,0,0,0,0,0,0,0,0,1,0
1bvy,A,318,LEU,3.8,166.7,0.0,0,0,X,0.0,0.0,0.0,0.0,0.0,0.0,0.0,0.0,45,0.04662742473395372,10,11,-1,0,0,0,0,0,0,0,0,1,0
1bvy,A,319,ASN,-3.5,114.1,0.0,2,2,X,0.0,0.0,0.0,0.0,0.0,0.0,0.0,0.0,36,0.045228601991935104,30,12,18,0,0,0,0,0,0,0,0,1,0
1bvy,A,320,GLU,-3.5,138.4,-1.0,1,3,X,0.0,0.0,0.0,0.0,0.0,0.0,0.0,0.0,37,0.05921682941212122,45,22,23,0,0,0,0,0,0,0,0,1,0
1bvy,A,321,ALA,1.8,88.6,0.0,0,0,X,0.0,0.0,0.0,0.0,0.0,0.0,0.0,0.0,39,0.05595290968074446,26,11,15,0,0,0,0,0,0,0,0,1,0
1bvy,A,322,LEU,3.8,166.7,0.0,0,0,X,0.0,0.0,0.0,0.0,0.0,0.0,0.0,0.0,38,0.05175644145468863,25,9,16,0,0,0,0,0,0,0,0,1,0
1bvy,A,323,ARG,-4.5,173.4,1.0,5,0,X,0.0,0.0,0.0,0.0,0.0,0.0,0.0,0.0,35,0.058750555164781684,40,34,6,0,0,0,0,0,0,0,0,1,0
1bvy,A,324,LEU,3.8,166.7,0.0,0,0,X,0.0,0.0,0.0,0.0,0.0,0.0,0.0,0.0,37,0.05548663543340492,42,27,15,0,0,0,0,0,0,0,0,1,0
1bvy,A,325,TRP,-0.9,227.8,0.0,1,0,X,0.0,0.0,0.0,0.0,0.0,0.0,0.0,0.0,37,0.04989134446533048,33,18,15,0,0,0,0,0,0,0,0,1,0
1bvy,A,326,PRO,-1.6,112.7,0.0,0,0,X,0.0,0.0,0.0,0.0,0.0,0.0,0.0,0.0,39,0.05408781269138631,30,5,25,0,0,0,0,0,0,0,0,1,0
1bvy,A,327,THR,-0.7,116.1,0.0,1,1,X,0.0,0.0,0.0,0.0,0.0,0.0,0.0,0.0,40,0.04755997322863279,20,11,9,0,0,0,0,0,0,0,0,1,1
1bvy,A,328,ALA,1.8,88.6,0.0,0,0,X,0.0,0.0,0.0,0.0,0.0,0.0,0.0,0.0,34,0.03963331102386066,8,5,3,0,0,0,0,0,0,0,0,1,1
1bvy,A,329,PRO,-1.6,112.7,0.0,0,0,X,0.0,0.0,0.0,0.0,0.0,0.0,0.0,0.0,38,0.04289723075523742,12,8,4,0,0,0,0,0,0,0,0,1,0
1bvy,A,330,ALA,1.8,88.6,0.0,0,0,X,0.0,0.0,0.0,0.0,0.0,0.0,0.0,0.0,39,0.03450429430312575,4,4,0,0,0,0,0,0,0,0,0,1,0
1bvy,A,331,PHE,2.8,189.9,0.0,0,0,X,0.0,0.0,0.0,0.0,0.0,0.0,0.0,0.0,34,0.0363693912924839,24,5,19,0,0,0,0,0,0,0,0,1,1
1bvy,A,332,SER,-0.8,89.0,0.0,1,1,X,0.0,0.0,0.0,0.0,0.0,0.0,0.0,0.0,34,0.04243095650789788,18,18,0,0,0,0,0,0,0,0,0,1,0
1bvy,A,333,LEU,3.8,166.7,0.0,0,0,X,0.0,0.0,0.0,0.0,0.0,0.0,0.0,0.0,37,0.048492521723311866,27,33,-6,0,0,0,0,0,0,0,0,1,0
1bvy,A,334,TYR,-1.3,193.6,0.0,1,1,X,0.0,0.0,0.0,0.0,0.0,0.0,0.0,0.0,29,0.05129016720734909,36,39,-3,0,0,0,0,0,0,0,0,1,0
1bvy,A,335,ALA,1.8,88.6,0.0,0,0,X,0.0,0.0,0.0,0.0,0.0,0.0,0.0,0.0,30,0.05222271570202816,35,52,-17,0,0,0,0,0,0,0,0,1,0
1bvy,A,336,LYS,-3.9,168.6,1.0,2,0,X,0.0,0.0,0.0,0.0,0.0,0.0,0.0,0.0,20,0.04103213376587927,22,40,-18,0,0,0,0,0,0,0,0,1,0
1bvy,A,337,GLU,-3.5,138.4,-1.0,1,3,X,0.0,0.0,0.0,0.0,0.0,0.0,0.0,0.0,16,0.032639197313767604,28,21,7,0,0,0,0,0,0,0,0,1,0
1bvy,A,338,ASP,-3.5,111.1,-1.0,1,3,X,0.0,0.0,0.0,0.0,0.0,0.0,0.0,0.0,16,0.03170664881908853,22,25,-3,0,0,0,0,0,0,0,0,1,0
1bvy,A,339,THR,-0.7,116.1,0.0,1,1,X,0.0,0.0,0.0,0.0,0.0,0.0,0.0,0.0,23,0.03450429430312575,28,40,-12,0,0,0,0,0,0,0,0,1,0
1bvy,A,340,VAL,4.2,140.0,0.0,0,0,X,0.0,0.0,0.0,0.0,0.0,0.0,0.0,0.0,19,0.034970568550465285,8,28,-20,0,0,0,0,0,0,0,0,1,0
1bvy,A,341,LEU,3.8,166.7,0.0,0,0,X,0.0,0.0,0.0,0.0,0.0,0.0,0.0,0.0,27,0.04103213376587927,28,28,0,0,0,0,0,0,0,0,0,1,0
1bvy,A,342,GLY,-0.4,60.1,0.0,0,0,X,0.0,0.0,0.0,0.0,0.0,0.0,0.0,0.0,19,0.03450429430312575,15,23,-8,0,0,0,0,0,0,0,0,1,0
1bvy,A,343,GLY,-0.4,60.1,0.0,0,0,X,0.0,0.0,0.0,0.0,0.0,0.0,0.0,0.0,14,0.02098234113027917,7,15,-8,0,0,0,0,0,0,0,0,1,0
1bvy,A,344,GLU,-3.5,138.4,-1.0,1,3,X,0.0,0.0,0.0,0.0,0.0,0.0,0.0,0.0,13,0.022847438119637322,4,7,-3,0,0,0,0,0,0,0,0,1,0
1bvy,A,345,TYR,-1.3,193.6,0.0,1,1,X,0.0,0.0,0.0,0.0,0.0,0.0,0.0,0.0,20,0.03310547156110714,16,21,-5,0,0,0,0,0,0,0,0,1,0
1bvy,A,346,PRO,-1.6,112.7,0.0,0,0,X,0.0,0.0,0.0,0.0,0.0,0.0,0.0,0.0,21,0.02984155182973038,12,30,-18,0,0,0,0,0,0,0,0,1,0
1bvy,A,347,LEU,3.8,166.7,0.0,0,0,X,0.0,0.0,0.0,0.0,0.0,0.0,0.0,0.0,27,0.04103213376587927,27,41,-14,0,0,0,0,0,0,0,0,1,0
1bvy,A,348,GLU,-3.5,138.4,-1.0,1,3,X,0.0,0.0,0.0,0.0,0.0,0.0,0.0,0.0,17,0.032639197313767604,18,26,-8,0,0,0,0,0,0,0,0,1,0
1bvy,A,349,LYS,-3.9,168.6,1.0,2,0,X,0.0,0.0,0.0,0.0,0.0,0.0,0.0,0.0,13,0.03590311704514436,10,35,-25,0,0,0,0,0,0,0,0,1,0
1bvy,A,350,GLY,-0.4,60.1,0.0,0,0,X,0.0,0.0,0.0,0.0,0.0,0.0,0.0,0.0,25,0.03170664881908853,30,48,-18,0,0,0,0,0,0,0,0,1,0
1bvy,A,351,ASP,-3.5,111.1,-1.0,1,3,X,0.0,0.0,0.0,0.0,0.0,0.0,0.0,0.0,29,0.04149840801321881,38,31,7,0,0,0,0,0,0,0,0,1,0
1bvy,A,352,GLU,-3.5,138.4,-1.0,1,3,X,0.0,0.0,0.0,0.0,0.0,0.0,0.0,0.0,31,0.045228601991935104,32,11,21,0,0,0,0,0,0,0,0,1,0
1bvy,A,353,LEU,3.8,166.7,0.0,0,0,X,0.0,0.0,0.0,0.0,0.0,0.0,0.0,0.0,37,0.05175644145468863,20,26,-6,0,0,0,0,0,0,0,0,1,0
1bvy,A,354,MET,1.9,162.9,0.0,0,0,X,0.0,0.0,0.0,0.0,0.0,0.0,0.0,0.0,32,0.048026247475972325,9,12,-3,0,0,0,0,0,0,0,0,1,0
1bvy,A,355,VAL,4.2,140.0,0.0,0,0,X,0.0,0.0,0.0,0.0,0.0,0.0,0.0,0.0,35,0.050823892960009553,21,6,15,0,0,0,0,0,0,0,0,1,0
1bvy,A,356,LEU,3.8,166.7,0.0,0,0,X,0.0,0.0,0.0,0.0,0.0,0.0,0.0,0.0,39,0.05455408693872585,18,4,14,0,0,0,0,0,0,0,0,1,0
1bvy,A,357,ILE,4.5,166.7,0.0,0,0,X,0.0,0.0,0.0,0.0,0.0,0.0,0.0,0.0,38,0.05502036118606539,36,1,35,0,0,0,0,0,0,0,0,1,0
1bvy,A,358,PRO,-1.6,112.7,0.0,0,0,X,0.0,0.0,0.0,0.0,0.0,0.0,0.0,0.0,40,0.05222271570202816,37,9,28,0,0,0,0,0,0,0,0,1,0
1bvy,A,359,GLN,-3.5,143.8,0.0,2,2,X,0.0,0.0,0.0,0.0,0.0,0.0,0.0,0.0,39,0.04709369898129325,36,25,11,0,0,0,0,0,0,0,0,1,0
1bvy,A,360,LEU,3.8,166.7,0.0,0,0,X,0.0,0.0,0.0,0.0,0.0,0.0,0.0,0.0,40,0.053155264196707235,55,11,44,0,0,0,0,0,0,0,0,1,0
1bvy,A,361,HIS,-3.2,153.2,0.1,2,1,X,0.0,0.0,0.0,0.0,0.0,0.0,0.0,0.0,38,0.05595290968074446,38,20,18,0,0,0,0,0,0,0,0,1,0
1bvy,A,362,ARG,-4.5,173.4,1.0,5,0,X,0.0,0.0,0.0,0.0,0.0,0.0,0.0,0.0,32,0.053155264196707235,36,39,-3,0,0,0,0,0,0,0,0,1,0
1bvy,A,363,ASP,-3.5,111.1,-1.0,1,3,X,0.0,0.0,0.0,0.0,0.0,0.0,0.0,0.0,28,0.04429605349725603,39,11,28,0,0,0,0,0,0,0,0,1,0
1bvy,A,364,LYS,-3.9,168.6,1.0,2,0,X,0.0,0.0,0.0,0.0,0.0,0.0,0.0,0.0,17,0.03403802005578621,17,30,-13,0,0,0,0,0,0,0,0,1,0
1bvy,A,365,THR,-0.7,116.1,0.0,1,1,X,0.0,0.0,0.0,0.0,0.0,0.0,0.0,0.0,18,0.02331371236697686,24,16,8,0,0,0,0,0,0,0,0,1,0
1bvy,A,366,ILE,4.5,166.7,0.0,0,0,X,0.0,0.0,0.0,0.0,0.0,0.0,0.0,0.0,25,0.032172923066428064,33,12,21,0,0,0,0,0,0,0,0,1,0
1bvy,A,367,TRP,-0.9,227.8,0.0,1,0,X,0.0,0.0,0.0,0.0,0.0,0.0,0.0,0.0,31,0.04243095650789788,56,31,25,0,0,0,0,0,0,0,0,1,0
1bvy,A,368,GLY,-0.4,60.1,0.0,0,0,X,0.0,0.0,0.0,0.0,0.0,0.0,0.0,0.0,16,0.02984155182973038,34,32,2,0,0,0,0,0,0,0,0,1,0
1bvy,A,369,ASP,-3.5,111.1,-1.0,1,3,X,0.0,0.0,0.0,0.0,0.0,0.0,0.0,0.0,14,0.02331371236697686,21,22,-1,0,0,0,0,0,0,0,0,1,0
1bvy,A,370,ASP,-3.5,111.1,-1.0,1,3,X,0.0,0.0,0.0,0.0,0.0,0.0,0.0,0.0,18,0.03124037457174899,44,33,11,0,0,0,0,0,0,0,0,1,0
1bvy,A,371,VAL,4.2,140.0,0.0,0,0,X,0.0,0.0,0.0,0.0,0.0,0.0,0.0,0.0,23,0.04755997322863279,53,47,6,0,0,0,0,0,0,0,0,1,0
1bvy,A,372,GLU,-3.5,138.4,-1.0,1,3,X,0.0,0.0,0.0,0.0,0.0,0.0,0.0,0.0,23,0.030307826077069916,37,30,7,0,0,0,0,0,0,0,0,1,0
1bvy,A,373,GLU,-3.5,138.4,-1.0,1,3,X,0.0,0.0,0.0,0.0,0.0,0.0,0.0,0.0,18,0.035436842797804825,28,30,-2,0,0,0,0,0,0,0,0,1,0
1bvy,A,374,PHE,2.8,189.9,0.0,0,0,X,0.0,0.0,0.0,0.0,0.0,0.0,0.0,0.0,33,0.04243095650789788,38,35,3,0,0,0,0,0,0,0,0,1,0
1bvy,A,375,ARG,-4.5,173.4,1.0,5,0,X,0.0,0.0,0.0,0.0,0.0,0.0,0.0,0.0,22,0.04196468226055834,20,45,-25,0,0,0,0,0,0,0,0,1,0
1bvy,A,376,PRO,-1.6,112.7,0.0,0,0,X,0.0,0.0,0.0,0.0,0.0,0.0,0.0,0.0,31,0.05408781269138631,39,31,8,0,0,0,0,0,0,0,0,1,0
1bvy,A,377,GLU,-3.5,138.4,-1.0,1,3,X,0.0,0.0,0.0,0.0,0.0,0.0,0.0,0.0,18,0.03683566553982344,30,19,11,0,0,0,0,0,0,0,0,1,0
1bvy,A,378,ARG,-4.5,173.4,1.0,5,0,X,0.0,0.0,0.0,0.0,0.0,0.0,0.0,0.0,27,0.040565859518539735,23,44,-21,0,0,0,0,0,0,0,0,1,0
1bvy,A,379,PHE,2.8,189.9,0.0,0,0,X,0.0,0.0,0.0,0.0,0.0,0.0,0.0,0.0,27,0.043363505002576956,33,27,6,0,0,0,0,0,0,0,0,1,0
1bvy,A,380,GLU,-3.5,138.4,-1.0,1,3,X,0.0,0.0,0.0,0.0,0.0,0.0,0.0,0.0,18,0.02797645484037223,19,10,9,0,0,0,0,0,0,0,0,1,0
1bvy,A,381,ASN,-3.5,114.1,0.0,2,2,X,0.0,0.0,0.0,0.0,0.0,0.0,0.0,0.0,14,0.028909003335051305,6,14,-8,0,0,0,0,0,0,0,0,1,0
1bvy,A,382,PRO,-1.6,112.7,0.0,0,0,X,0.0,0.0,0.0,0.0,0.0,0.0,0.0,0.0,21,0.032172923066428064,8,16,-8,0,0,0,0,0,0,0,0,1,0
1bvy,A,383,SER,-0.8,89.0,0.0,1,1,X,0.0,0.0,0.0,0.0,0.0,0.0,0.0,0.0,18,0.03124037457174899,6,11,-5,0,0,0,0,0,0,0,0,1,0
1bvy,A,384,ALA,1.8,88.6,0.0,0,0,X,0.0,0.0,0.0,0.0,0.0,0.0,0.0,0.0,16,0.024246260861655933,6,7,-1,0,0,0,0,0,0,0,0,1,0
1bvy,A,385,ILE,4.5,166.7,0.0,0,0,X,0.0,0.0,0.0,0.0,0.0,0.0,0.0,0.0,22,0.034970568550465285,15,5,10,0,0,0,0,0,0,0,0,1,0
1bvy,A,386,PRO,-1.6,112.7,0.0,0,0,X,0.0,0.0,0.0,0.0,0.0,0.0,0.0,0.0,22,0.029375277582390842,19,0,19,0,0,0,0,0,0,0,0,1,0
1bvy,A,387,GLN,-3.5,143.8,0.0,2,2,X,0.0,0.0,0.0,0.0,0.0,0.0,0.0,0.0,28,0.030307826077069916,29,7,22,0,0,0,0,0,0,0,0,1,0
1bvy,A,388,HIS,-3.2,153.2,0.1,2,1,X,0.0,0.0,0.0,0.0,0.0,0.0,0.0,0.0,31,0.03916703677652112,25,12,13,0,0,0,0,0,0,0,0,1,0
1bvy,A,389,ALA,1.8,88.6,0.0,0,0,X,0.0,0.0,0.0,0.0,0.0,0.0,0.0,0.0,33,0.048958795970651406,49,8,41,0,0,0,0,0,0,0,0,1,0
1bvy,A,390,PHE,2.8,189.9,0.0,0,0,X,0.0,0.0,0.0,0.0,0.0,0.0,0.0,0.0,32,0.04476232774459557,41,7,34,0,0,0,0,0,0,0,0,1,0
1bvy,A,391,LYS,-3.9,168.6,1.0,2,0,X,0.0,0.0,0.0,0.0,0.0,0.0,0.0,0.0,37,0.040099585271200194,25,0,25,0,0,0,0,0,0,0,0,1,0
1bvy,A,392,PRO,-1.6,112.7,0.0,0,0,X,0.0,0.0,0.0,0.0,0.0,0.0,0.0,0.0,35,0.04616115048661418,26,3,23,0,0,0,0,0,0,0,0,1,1
1bvy,A,393,PHE,2.8,189.9,0.0,0,0,X,0.0,0.0,0.0,0.0,0.0,0.0,0.0,0.0,32,0.034970568550465285,15,0,15,0,0,0,0,0,0,0,0,1,1
1bvy,A,394,GLY,-0.4,60.1,0.0,0,0,X,0.0,0.0,0.0,0.0,0.0,0.0,0.0,0.0,31,0.03730193978716297,32,1,31,0,0,0,0,0,0,0,0,1,1
1bvy,A,395,ASN,-3.5,114.1,0.0,2,2,X,0.0,0.0,0.0,0.0,0.0,0.0,0.0,0.0,34,0.035436842797804825,37,24,13,0,0,0,0,0,0,0,0,1,0
1bvy,A,396,GLY,-0.4,60.1,0.0,0,0,X,0.0,0.0,0.0,0.0,0.0,0.0,0.0,0.0,35,0.03403802005578621,30,24,6,0,0,0,0,0,0,0,0,1,0
1bvy,A,397,GLN,-3.5,143.8,0.0,2,2,X,0.0,0.0,0.0,0.0,0.0,0.0,0.0,0.0,34,0.035436842797804825,42,23,19,0,0,0,0,0,0,0,0,1,0
1bvy,A,398,ARG,-4.5,173.4,1.0,5,0,X,0.0,0.0,0.0,0.0,0.0,0.0,0.0,0.0,31,0.03776821403450251,24,14,10,0,0,0,0,0,0,0,0,1,1
1bvy,A,399,ALA,1.8,88.6,0.0,0,0,X,0.0,0.0,0.0,0.0,0.0,0.0,0.0,0.0,26,0.03450429430312575,30,5,25,0,0,0,0,0,0,0,0,1,1
1bvy,A,400,CYS,2.5,108.5,0.0,1,0,X,0.0,0.0,0.0,0.0,0.0,0.0,0.0,0.0,31,0.030774100324409453,14,0,14,0,0,0,0,0,0,0,0,1,1
1bvy,A,401,ILE,4.5,166.7,0.0,0,0,X,0.0,0.0,0.0,0.0,0.0,0.0,0.0,0.0,34,0.03683566553982344,16,0,16,0,0,0,0,0,0,0,0,1,1
1bvy,A,402,GLY,-0.4,60.1,0.0,0,0,X,0.0,0.0,0.0,0.0,0.0,0.0,0.0,0.0,32,0.03823448828184205,4,3,1,0,0,0,0,0,0,0,0,1,1
1bvy,A,403,GLN,-3.5,143.8,0.0,2,2,X,0.0,0.0,0.0,0.0,0.0,0.0,0.0,0.0,28,0.034970568550465285,6,1,5,0,0,0,0,0,0,0,0,1,0
1bvy,A,404,GLN,-3.5,143.8,0.0,2,2,X,0.0,0.0,0.0,0.0,0.0,0.0,0.0,0.0,30,0.043363505002576956,14,3,11,0,0,0,0,0,0,0,0,1,0
1bvy,A,405,PHE,2.8,189.9,0.0,0,0,X,0.0,0.0,0.0,0.0,0.0,0.0,0.0,0.0,40,0.04476232774459557,17,9,8,0,0,0,0,0,0,0,0,1,0
1bvy,A,406,ALA,1.8,88.6,0.0,0,0,X,0.0,0.0,0.0,0.0,0.0,0.0,0.0,0.0,34,0.04196468226055834,14,9,5,0,0,0,0,0,0,0,0,1,1
1bvy,A,407,LEU,3.8,166.7,0.0,0,0,X,0.0,0.0,0.0,0.0,0.0,0.0,0.0,0.0,34,0.040565859518539735,13,8,5,0,0,0,0,0,0,0,0,1,0
1bvy,A,408,HIS,-3.2,153.2,0.1,2,1,X,0.0,0.0,0.0,0.0,0.0,0.0,0.0,0.0,42,0.045694876239274644,28,9,19,0,0,0,0,0,0,0,0,1,0
1bvy,A,409,GLU,-3.5,138.4,-1.0,1,3,X,0.0,0.0,0.0,0.0,0.0,0.0,0.0,0.0,43,0.04616115048661418,21,4,17,0,0,0,0,0,0,0,0,1,0
1bvy,A,410,ALA,1.8,88.6,0.0,0,0,X,0.0,0.0,0.0,0.0,0.0,0.0,0.0,0.0,40,0.045694876239274644,10,9,1,0,0,0,0,0,0,0,0,1,0
1bvy,A,411,THR,-0.7,116.1,0.0,1,1,X,0.0,0.0,0.0,0.0,0.0,0.0,0.0,0.0,42,0.04709369898129325,27,11,16,0,0,0,0,0,0,0,0,1,0
1bvy,A,412,LEU,3.8,166.7,0.0,0,0,X,0.0,0.0,0.0,0.0,0.0,0.0,0.0,0.0,42,0.04989134446533048,28,12,16,0,0,0,0,0,0,0,0,1,0
1bvy,A,413,VAL,4.2,140.0,0.0,0,0,X,0.0,0.0,0.0,0.0,0.0,0.0,0.0,0.0,46,0.04429605349725603,16,12,4,0,0,0,0,0,0,0,0,1,0
1bvy,A,414,LEU,3.8,166.7,0.0,0,0,X,0.0,0.0,0.0,0.0,0.0,0.0,0.0,0.0,45,0.04289723075523742,7,8,-1,0,0,0,0,0,0,0,0,1,0
1bvy,A,415,GLY,-0.4,60.1,0.0,0,0,X,0.0,0.0,0.0,0.0,0.0,0.0,0.0,0.0,41,0.0526889899493677,21,14,7,0,0,0,0,0,0,0,0,1,0
1bvy,A,416,MET,1.9,162.9,0.0,0,0,X,0.0,0.0,0.0,0.0,0.0,0.0,0.0,0.0,44,0.04662742473395372,21,7,14,0,0,0,0,0,0,0,0,1,0
1bvy,A,417,MET,1.9,162.9,0.0,0,0,X,0.0,0.0,0.0,0.0,0.0,0.0,0.0,0.0,40,0.04662742473395372,21,7,14,0,0,0,0,0,0,0,0,1,0
1bvy,A,418,LEU,3.8,166.7,0.0,0,0,X,0.0,0.0,0.0,0.0,0.0,0.0,0.0,0.0,39,0.04755997322863279,29,22,7,0,0,0,0,0,0,0,0,1,0
1bvy,A,419,LYS,-3.9,168.6,1.0,2,0,X,0.0,0.0,0.0,0.0,0.0,0.0,0.0,0.0,36,0.04476232774459557,27,18,9,0,0,0,0,0,0,0,0,1,0
1bvy,A,420,HIS,-3.2,153.2,0.1,2,1,X,0.0,0.0,0.0,0.0,0.0,0.0,0.0,0.0,35,0.04476232774459557,29,17,12,0,0,0,0,0,0,0,0,1,0
1bvy,A,421,PHE,2.8,189.9,0.0,0,0,X,0.0,0.0,0.0,0.0,0.0,0.0,0.0,0.0,32,0.045694876239274644,53,18,35,0,0,0,0,0,0,0,0,1,0
1bvy,A,422,ASP,-3.5,111.1,-1.0,1,3,X,0.0,0.0,0.0,0.0,0.0,0.0,0.0,0.0,24,0.0363693912924839,35,9,26,0,0,0,0,0,0,0,0,1,0
1bvy,A,423,PHE,2.8,189.9,0.0,0,0,X,0.0,0.0,0.0,0.0,0.0,0.0,0.0,0.0,32,0.03823448828184205,36,22,14,0,0,0,0,0,0,0,0,1,0
1bvy,A,424,GLU,-3.5,138.4,-1.0,1,3,X,0.0,0.0,0.0,0.0,0.0,0.0,0.0,0.0,21,0.0363693912924839,33,17,16,0,0,0,0,0,0,0,0,1,0
1bvy,A,425,ASP,-3.5,111.1,-1.0,1,3,X,0.0,0.0,0.0,0.0,0.0,0.0,0.0,0.0,27,0.04196468226055834,29,12,17,0,0,0,0,0,0,0,0,1,0
1bvy,A,426,HIS,-3.2,153.2,0.1,2,1,X,0.0,0.0,0.0,0.0,0.0,0.0,0.0,0.0,22,0.03124037457174899,24,24,0,0,0,0,0,0,0,0,0,1,0
1bvy,A,427,THR,-0.7,116.1,0.0,1,1,X,0.0,0.0,0.0,0.0,0.0,0.0,0.0,0.0,16,0.025645083603674543,25,23,2,0,0,0,0,0,0,0,0,1,0
1bvy,A,428,ASN,-3.5,114.1,0.0,2,2,X,0.0,0.0,0.0,0.0,0.0,0.0,0.0,0.0,12,0.023779986614316396,19,22,-3,0,0,0,0,0,0,0,0,1,0
1bvy,A,429,TYR,-1.3,193.6,0.0,1,1,X,0.0,0.0,0.0,0.0,0.0,0.0,0.0,0.0,26,0.03776821403450251,17,33,-16,0,0,0,0,0,0,0,0,1,0
1bvy,A,430,GLU,-3.5,138.4,-1.0,1,3,X,0.0,0.0,0.0,0.0,0.0,0.0,0.0,0.0,14,0.02797645484037223,5,15,-10,0,0,0,0,0,0,0,0,1,0
1bvy,A,431,LEU,3.8,166.7,0.0,0,0,X,0.0,0.0,0.0,0.0,0.0,0.0,0.0,0.0,20,0.0363693912924839,15,25,-10,0,0,0,0,0,0,0,0,1,0
1bvy,A,432,ASP,-3.5,111.1,-1.0,1,3,X,0.0,0.0,0.0,0.0,0.0,0.0,0.0,0.0,19,0.0363693912924839,23,27,-4,0,0,0,0,0,0,0,0,1,0
1bvy,A,433,ILE,4.5,166.7,0.0,0,0,X,0.0,0.0,0.0,0.0,0.0,0.0,0.0,0.0,32,0.04662742473395372,28,33,-5,0,0,0,0,0,0,0,0,1,0
1bvy,A,434,LYS,-3.9,168.6,1.0,2,0,X,0.0,0.0,0.0,0.0,0.0,0.0,0.0,0.0,24,0.04289723075523742,18,41,-23,0,0,0,0,0,0,0,0,1,0
1bvy,A,435,GLU,-3.5,138.4,-1.0,1,3,X,0.0,0.0,0.0,0.0,0.0,0.0,0.0,0.0,29,0.04243095650789788,25,15,10,0,0,0,0,0,0,0,0,1,0
1bvy,A,436,THR,-0.7,116.1,0.0,1,1,X,0.0,0.0,0.0,0.0,0.0,0.0,0.0,0.0,27,0.032172923066428064,25,30,-5,0,0,0,0,0,0,0,0,1,0
1bvy,A,437,LEU,3.8,166.7,0.0,0,0,X,0.0,0.0,0.0,0.0,0.0,0.0,0.0,0.0,33,0.029375277582390842,7,21,-14,0,0,0,0,0,0,0,0,1,0
1bvy,A,438,THR,-0.7,116.1,0.0,1,1,X,0.0,0.0,0.0,0.0,0.0,0.0,0.0,0.0,30,0.03963331102386066,27,18,9,0,0,0,0,0,0,0,0,1,0
1bvy,A,439,LEU,3.8,166.7,0.0,0,0,X,0.0,0.0,0.0,0.0,0.0,0.0,0.0,0.0,36,0.053621538444046775,23,25,-2,0,0,0,0,0,0,0,0,1,0
1bvy,A,440,LYS,-3.9,168.6,1.0,2,0,X,0.0,0.0,0.0,0.0,0.0,0.0,0.0,0.0,31,0.05222271570202816,11,40,-29,0,0,0,0,0,0,0,0,1,0
1bvy,A,441,PRO,-1.6,112.7,0.0,0,0,X,0.0,0.0,0.0,0.0,0.0,0.0,0.0,0.0,34,0.05408781269138631,16,36,-20,0,0,0,0,0,0,0,0,1,0
1bvy,A,442,GLU,-3.5,138.4,-1.0,1,3,X,0.0,0.0,0.0,0.0,0.0,0.0,0.0,0.0,22,0.03870076252918159,22,27,-5,0,0,0,0,0,0,0,0,1,0
1bvy,A,443,GLY,-0.4,60.1,0.0,0,0,X,0.0,0.0,0.0,0.0,0.0,0.0,0.0,0.0,24,0.035436842797804825,20,39,-19,0,0,0,0,0,0,0,0,1,0
1bvy,A,444,PHE,2.8,189.9,0.0,0,0,X,0.0,0.0,0.0,0.0,0.0,0.0,0.0,0.0,39,0.04662742473395372,26,41,-15,0,0,0,0,0,0,0,0,1,0
1bvy,A,445,VAL,4.2,140.0,0.0,0,0,X,0.0,0.0,0.0,0.0,0.0,0.0,0.0,0.0,29,0.04709369898129325,30,41,-11,0,0,0,0,0,0,0,0,1,0
1bvy,A,446,VAL,4.2,140.0,0.0,0,0,X,0.0,0.0,0.0,0.0,0.0,0.0,0.0,0.0,32,0.05035761871267001,34,34,0,0,0,0,0,0,0,0,0,1,0
1bvy,A,447,LYS,-3.9,168.6,1.0,2,0,X,0.0,0.0,0.0,0.0,0.0,0.0,0.0,0.0,24,0.04196468226055834,29,35,-6,0,0,0,0,0,0,0,0,1,0
1bvy,A,448,ALA,1.8,88.6,0.0,0,0,X,0.0,0.0,0.0,0.0,0.0,0.0,0.0,0.0,31,0.04662742473395372,46,38,8,0,0,0,0,0,0,0,0,1,0
1bvy,A,449,LYS,-3.9,168.6,1.0,2,0,X,0.0,0.0,0.0,0.0,0.0,0.0,0.0,0.0,23,0.03450429430312575,31,26,5,0,0,0,0,0,0,0,0,1,0
1bvy,A,450,SER,-0.8,89.0,0.0,1,1,X,0.0,0.0,0.0,0.0,0.0,0.0,0.0,0.0,21,0.03730193978716297,44,17,27,0,0,0,0,0,0,0,0,1,0
1bvy,A,451,LYS,-3.9,168.6,1.0,2,0,X,0.0,0.0,0.0,0.0,0.0,0.0,0.0,0.0,18,0.03170664881908853,34,12,22,0,0,0,0,0,0,0,0,1,0
1bvy,A,452,LYS,-3.9,168.6,1.0,2,0,X,0.0,0.0,0.0,0.0,0.0,0.0,0.0,0.0,17,0.02611135785101408,28,11,17,0,0,0,0,0,0,0,0,1,0
1bvy,A,453,ILE,4.5,166.7,0.0,0,0,X,0.0,0.0,0.0,0.0,0.0,0.0,0.0,0.0,24,0.02984155182973038,39,11,28,0,0,0,0,0,0,0,0,1,0
1bvy,A,454,PRO,-1.6,112.7,0.0,0,0,X,0.0,0.0,0.0,0.0,0.0,0.0,0.0,0.0,20,0.032639197313767604,30,9,21,0,0,0,0,0,0,0,0,1,0
1bvy,A,455,LEU,3.8,166.7,0.0,0,0,X,0.0,0.0,0.0,0.0,0.0,0.0,0.0,0.0,26,0.04196468226055834,24,14,10,0,0,0,0,0,0,0,0,1,0
1bvy,A,456,GLY,-0.4,60.1,0.0,0,0,X,0.0,0.0,0.0,0.0,0.0,0.0,0.0,0.0,16,0.03357174580844668,6,6,0,0,0,0,0,0,0,0,0,1,0
1bvy,A,457,GLY,-0.4,60.1,0.0,0,0,X,0.0,0.0,0.0,0.0,0.0,0.0,0.0,0.0,15,0.02797645484037223,6,3,3,0,0,0,0,0,0,0,0,1,0
1bvy,A,458,ILE,4.5,166.7,0.0,0,0,X,0.0,0.0,0.0,0.0,0.0,0.0,0.0,0.0,16,0.021914889624958248,2,7,-5,0,0,0,0,0,0,0,0,1,0
1bvy,F,479,ASN,-3.5,114.1,0.0,2,2,X,0.0,0.0,0.0,0.0,0.0,0.0,0.0,0.0,11,0.023779986614316396,3,0,3,0,0,0,0,0,0,0,0,1,0
1bvy,F,480,THR,-0.7,116.1,0.0,1,1,X,0.0,0.0,0.0,0.0,0.0,0.0,0.0,0.0,23,0.032172923066428064,9,8,1,0,0,0,0,0,0,0,0,1,0
1bvy,F,481,PRO,-1.6,112.7,0.0,0,0,X,0.0,0.0,0.0,0.0,0.0,0.0,0.0,0.0,24,0.03870076252918159,12,9,3,0,0,0,0,0,0,0,0,1,0
1bvy,F,482,LEU,3.8,166.7,0.0,0,0,X,0.0,0.0,0.0,0.0,0.0,0.0,0.0,0.0,36,0.04755997322863279,7,7,0,0,0,0,0,0,0,0,0,1,0
1bvy,F,483,LEU,3.8,166.7,0.0,0,0,X,0.0,0.0,0.0,0.0,0.0,0.0,0.0,0.0,36,0.04755997322863279,13,5,8,0,0,0,0,0,0,0,0,1,0
1bvy,F,484,VAL,4.2,140.0,0.0,0,0,X,0.0,0.0,0.0,0.0,0.0,0.0,0.0,0.0,40,0.05129016720734909,17,12,5,0,0,0,0,0,0,0,0,1,0
1bvy,F,485,LEU,3.8,166.7,0.0,0,0,X,0.0,0.0,0.0,0.0,0.0,0.0,0.0,0.0,39,0.05129016720734909,15,12,3,0,0,0,0,0,0,0,0,1,0
1bvy,F,486,TYR,-1.3,193.6,0.0,1,1,X,0.0,0.0,0.0,0.0,0.0,0.0,0.0,0.0,38,0.05502036118606539,16,21,-5,0,0,0,0,0,0,0,0,1,0
1bvy,F,487,GLY,-0.4,60.1,0.0,0,0,X,0.0,0.0,0.0,0.0,0.0,0.0,0.0,0.0,42,0.053155264196707235,6,23,-17,0,0,0,0,0,0,0,0,1,0
1bvy,F,488,SER,-0.8,89.0,0.0,1,1,X,0.0,0.0,0.0,0.0,0.0,0.0,0.0,0.0,36,0.050823892960009553,6,22,-16,0,0,0,0,0,0,0,0,1,1
1bvy,F,489,ASN,-3.5,114.1,0.0,2,2,X,0.0,0.0,0.0,0.0,0.0,0.0,0.0,0.0,29,0.03916703677652112,15,20,-5,0,0,0,0,0,0,0,0,1,1
1bvy,F,490,MET,1.9,162.9,0.0,0,0,X,0.0,0.0,0.0,0.0,0.0,0.0,0.0,0.0,31,0.029375277582390842,12,14,-2,0,0,0,0,0,0,0,0,1,1
1bvy,F,491,GLY,-0.4,60.1,0.0,0,0,X,0.0,0.0,0.0,0.0,0.0,0.0,0.0,0.0,35,0.03403802005578621,15,9,6,0,0,0,0,0,0,0,0,1,1
1bvy,F,492,THR,-0.7,116.1,0.0,1,1,X,0.0,0.0,0.0,0.0,0.0,0.0,0.0,0.0,35,0.03124037457174899,1,10,-9,0,0,0,0,0,0,0,0,1,1
1bvy,F,493,ALA,1.8,88.6,0.0,0,0,X,0.0,0.0,0.0,0.0,0.0,0.0,0.0,0.0,39,0.04616115048661418,9,12,-3,0,0,0,0,0,0,0,0,1,1
1bvy,F,494,GLU,-3.5,138.4,-1.0,1,3,X,0.0,0.0,0.0,0.0,0.0,0.0,0.0,0.0,38,0.04755997322863279,20,5,15,0,0,0,0,0,0,0,0,1,0
1bvy,F,495,GLY,-0.4,60.1,0.0,0,0,X,0.0,0.0,0.0,0.0,0.0,0.0,0.0,0.0,36,0.045694876239274644,18,20,-2,0,0,0,0,0,0,0,0,1,0
1bvy,F,496,THR,-0.7,116.1,0.0,1,1,X,0.0,0.0,0.0,0.0,0.0,0.0,0.0,0.0,39,0.045228601991935104,16,23,-7,0,0,0,0,0,0,0,0,1,0
1bvy,F,497,ALA,1.8,88.6,0.0,0,0,X,0.0,0.0,0.0,0.0,0.0,0.0,0.0,0.0,41,0.053155264196707235,13,22,-9,0,0,0,0,0,0,0,0,1,0
1bvy,F,498,ARG,-4.5,173.4,1.0,5,0,X,0.0,0.0,0.0,0.0,0.0,0.0,0.0,0.0,38,0.05175644145468863,16,36,-20,0,0,0,0,0,0,0,0,1,0
1bvy,F,499,ASP,-3.5,111.1,-1.0,1,3,X,0.0,0.0,0.0,0.0,0.0,0.0,0.0,0.0,36,0.03870076252918159,17,13,4,0,0,0,0,0,0,0,0,1,0
1bvy,F,500,LEU,3.8,166.7,0.0,0,0,X,0.0,0.0,0.0,0.0,0.0,0.0,0.0,0.0,38,0.04662742473395372,22,20,2,0,0,0,0,0,0,0,0,1,0
1bvy,F,501,ALA,1.8,88.6,0.0,0,0,X,0.0,0.0,0.0,0.0,0.0,0.0,0.0,0.0,37,0.04989134446533048,26,23,3,0,0,0,0,0,0,0,0,1,0
1bvy,F,502,ASP,-3.5,111.1,-1.0,1,3,X,0.0,0.0,0.0,0.0,0.0,0.0,0.0,0.0,31,0.03776821403450251,26,12,14,0,0,0,0,0,0,0,0,1,0
1bvy,F,503,ILE,4.5,166.7,0.0,0,0,X,0.0,0.0,0.0,0.0,0.0,0.0,0.0,0.0,24,0.03776821403450251,23,21,2,0,0,0,0,0,0,0,0,1,0
1bvy,F,504,ALA,1.8,88.6,0.0,0,0,X,0.0,0.0,0.0,0.0,0.0,0.0,0.0,0.0,29,0.048492521723311866,15,15,0,0,0,0,0,0,0,0,0,1,0
1bvy,F,505,MET,1.9,162.9,0.0,0,0,X,0.0,0.0,0.0,0.0,0.0,0.0,0.0,0.0,28,0.03730193978716297,20,17,3,0,0,0,0,0,0,0,0,1,0
1bvy,F,506,SER,-0.8,89.0,0.0,1,1,X,0.0,0.0,0.0,0.0,0.0,0.0,0.0,0.0,15,0.026577632098353617,10,10,0,0,0,0,0,0,0,0,0,1,0
1bvy,F,507,LYS,-3.9,168.6,1.0,2,0,X,0.0,0.0,0.0,0.0,0.0,0.0,0.0,0.0,24,0.02797645484037223,1,9,-8,0,0,0,0,0,0,0,0,1,0
1bvy,F,508,GLY,-0.4,60.1,0.0,0,0,X,0.0,0.0,0.0,0.0,0.0,0.0,0.0,0.0,18,0.029375277582390842,9,2,7,0,0,0,0,0,0,0,0,1,0
1bvy,F,509,PHE,2.8,189.9,0.0,0,0,X,0.0,0.0,0.0,0.0,0.0,0.0,0.0,0.0,28,0.040099585271200194,9,4,5,0,0,0,0,0,0,0,0,1,0
1bvy,F,510,ALA,1.8,88.6,0.0,0,0,X,0.0,0.0,0.0,0.0,0.0,0.0,0.0,0.0,26,0.03403802005578621,7,5,2,0,0,0,0,0,0,0,0,1,0
1bvy,F,511,PRO,-1.6,112.7,0.0,0,0,X,0.0,0.0,0.0,0.0,0.0,0.0,0.0,0.0,33,0.04103213376587927,16,17,-1,0,0,0,0,0,0,0,0,1,0
1bvy,F,512,GLN,-3.5,143.8,0.0,2,2,X,0.0,0.0,0.0,0.0,0.0,0.0,0.0,0.0,30,0.035436842797804825,11,10,1,0,0,0,0,0,0,0,0,1,0
1bvy,F,513,VAL,4.2,140.0,0.0,0,0,X,0.0,0.0,0.0,0.0,0.0,0.0,0.0,0.0,35,0.04662742473395372,20,29,-9,0,0,0,0,0,0,0,0,1,0
1bvy,F,514,ALA,1.8,88.6,0.0,0,0,X,0.0,0.0,0.0,0.0,0.0,0.0,0.0,0.0,30,0.04196468226055834,19,22,-3,0,0,0,0,0,0,0,0,1,0
1bvy,F,515,THR,-0.7,116.1,0.0,1,1,X,0.0,0.0,0.0,0.0,0.0,0.0,0.0,0.0,31,0.04429605349725603,15,22,-7,0,0,0,0,0,0,0,0,1,0
1bvy,F,516,LEU,3.8,166.7,0.0,0,0,X,0.0,0.0,0.0,0.0,0.0,0.0,0.0,0.0,39,0.053621538444046775,16,13,3,0,0,0,0,0,0,0,0,1,0
1bvy,F,517,ASP,-3.5,111.1,-1.0,1,3,X,0.0,0.0,0.0,0.0,0.0,0.0,0.0,0.0,26,0.04709369898129325,18,12,6,0,0,0,0,0,0,0,0,1,0
1bvy,F,518,SER,-0.8,89.0,0.0,1,1,X,0.0,0.0,0.0,0.0,0.0,0.0,0.0,0.0,24,0.03403802005578621,12,9,3,0,0,0,0,0,0,0,0,1,0
1bvy,F,519,HIS,-3.2,153.2,0.1,2,1,X,0.0,0.0,0.0,0.0,0.0,0.0,0.0,0.0,25,0.04243095650789788,1,7,-6,0,0,0,0,0,0,0,0,1,0
1bvy,F,520,ALA,1.8,88.6,0.0,0,0,X,0.0,0.0,0.0,0.0,0.0,0.0,0.0,0.0,23,0.04289723075523742,14,18,-4,0,0,0,0,0,0,0,0,1,0
1bvy,F,521,GLY,-0.4,60.1,0.0,0,0,X,0.0,0.0,0.0,0.0,0.0,0.0,0.0,0.0,23,0.03170664881908853,15,16,-1,0,0,0,0,0,0,0,0,1,0
1bvy,F,522,ASN,-3.5,114.1,0.0,2,2,X,0.0,0.0,0.0,0.0,0.0,0.0,0.0,0.0,19,0.027043906345693154,17,8,9,0,0,0,0,0,0,0,0,1,0
1bvy,F,523,LEU,3.8,166.7,0.0,0,0,X,0.0,0.0,0.0,0.0,0.0,0.0,0.0,0.0,31,0.03823448828184205,28,14,14,0,0,0,0,0,0,0,0,1,0
1bvy,F,524,PRO,-1.6,112.7,0.0,0,0,X,0.0,0.0,0.0,0.0,0.0,0.0,0.0,0.0,29,0.03730193978716297,35,11,24,0,0,0,0,0,0,0,0,1,0
1bvy,F,525,ARG,-4.5,173.4,1.0,5,0,X,0.0,0.0,0.0,0.0,0.0,0.0,0.0,0.0,14,0.03124037457174899,17,12,5,0,0,0,0,0,0,0,0,1,0
1bvy,F,526,GLU,-3.5,138.4,-1.0,1,3,X,0.0,0.0,0.0,0.0,0.0,0.0,0.0,0.0,19,0.03170664881908853,23,0,23,0,0,0,0,0,0,0,0,1,0
1bvy,F,527,GLY,-0.4,60.1,0.0,0,0,X,0.0,0.0,0.0,0.0,0.0,0.0,0.0,0.0,25,0.03823448828184205,17,17,0,0,0,0,0,0,0,0,0,1,0
1bvy,F,528,ALA,1.8,88.6,0.0,0,0,X,0.0,0.0,0.0,0.0,0.0,0.0,0.0,0.0,33,0.05222271570202816,16,16,0,0,0,0,0,0,0,0,0,1,0
1bvy,F,529,VAL,4.2,140.0,0.0,0,0,X,0.0,0.0,0.0,0.0,0.0,0.0,0.0,0.0,41,0.048026247475972325,18,9,9,0,0,0,0,0,0,0,0,1,0
1bvy,F,530,LEU,3.8,166.7,0.0,0,0,X,0.0,0.0,0.0,0.0,0.0,0.0,0.0,0.0,44,0.048026247475972325,8,2,6,0,0,0,0,0,0,0,0,1,0
1bvy,F,531,ILE,4.5,166.7,0.0,0,0,X,0.0,0.0,0.0,0.0,0.0,0.0,0.0,0.0,45,0.048958795970651406,9,9,0,0,0,0,0,0,0,0,0,1,0
1bvy,F,532,VAL,4.2,140.0,0.0,0,0,X,0.0,0.0,0.0,0.0,0.0,0.0,0.0,0.0,45,0.05408781269138631,7,7,0,0,0,0,0,0,0,0,0,1,0
1bvy,F,533,THR,-0.7,116.1,0.0,1,1,X,0.0,0.0,0.0,0.0,0.0,0.0,0.0,0.0,47,0.04942507021799094,10,8,2,0,0,0,0,0,0,0,0,1,0
1bvy,F,534,ALA,1.8,88.6,0.0,0,0,X,0.0,0.0,0.0,0.0,0.0,0.0,0.0,0.0,43,0.04942507021799094,11,8,3,0,0,0,0,0,0,0,0,1,1
1bvy,F,535,SER,-0.8,89.0,0.0,1,1,X,0.0,0.0,0.0,0.0,0.0,0.0,0.0,0.0,37,0.04989134446533048,20,7,13,0,0,0,0,0,0,0,0,1,1
1bvy,F,536,TYR,-1.3,193.6,0.0,1,1,X,0.0,0.0,0.0,0.0,0.0,0.0,0.0,0.0,31,0.040099585271200194,21,11,10,0,0,0,0,0,0,0,0,1,1
1bvy,F,537,ASN,-3.5,114.1,0.0,2,2,X,0.0,0.0,0.0,0.0,0.0,0.0,0.0,0.0,24,0.02984155182973038,17,1,16,0,0,0,0,0,0,0,0,1,1
1bvy,F,538,GLY,-0.4,60.1,0.0,0,0,X,0.0,0.0,0.0,0.0,0.0,0.0,0.0,0.0,21,0.03683566553982344,21,0,21,0,0,0,0,0,0,0,0,1,1
1bvy,F,539,HIS,-3.2,153.2,0.1,2,1,X,0.0,0.0,0.0,0.0,0.0,0.0,0.0,0.0,20,0.035436842797804825,18,7,11,0,0,0,0,0,0,0,0,1,0
1bvy,F,540,PRO,-1.6,112.7,0.0,0,0,X,0.0,0.0,0.0,0.0,0.0,0.0,0.0,0.0,28,0.04942507021799094,27,20,7,0,0,0,0,0,0,0,0,1,0
1bvy,F,541,PRO,-1.6,112.7,0.0,0,0,X,0.0,0.0,0.0,0.0,0.0,0.0,0.0,0.0,33,0.04755997322863279,17,16,1,0,0,0,0,0,0,0,0,1,0
1bvy,F,542,ASP,-3.5,111.1,-1.0,1,3,X,0.0,0.0,0.0,0.0,0.0,0.0,0.0,0.0,30,0.0363693912924839,20,23,-3,0,0,0,0,0,0,0,0,1,0
1bvy,F,543,ASN,-3.5,114.1,0.0,2,2,X,0.0,0.0,0.0,0.0,0.0,0.0,0.0,0.0,34,0.045694876239274644,11,32,-21,0,0,0,0,0,0,0,0,1,0
1bvy,F,544,ALA,1.8,88.6,0.0,0,0,X,0.0,0.0,0.0,0.0,0.0,0.0,0.0,0.0,34,0.05222271570202816,16,23,-7,0,0,0,0,0,0,0,0,1,0
1bvy,F,545,LYS,-3.9,168.6,1.0,2,0,X,0.0,0.0,0.0,0.0,0.0,0.0,0.0,0.0,26,0.040099585271200194,10,24,-14,0,0,0,0,0,0,0,0,1,0
1bvy,F,546,GLN,-3.5,143.8,0.0,2,2,X,0.0,0.0,0.0,0.0,0.0,0.0,0.0,0.0,19,0.03730193978716297,13,21,-8,0,0,0,0,0,0,0,0,1,0
1bvy,F,547,PHE,2.8,189.9,0.0,0,0,X,0.0,0.0,0.0,0.0,0.0,0.0,0.0,0.0,37,0.050823892960009553,15,21,-6,0,0,0,0,0,0,0,0,1,0
1bvy,F,548,VAL,4.2,140.0,0.0,0,0,X,0.0,0.0,0.0,0.0,0.0,0.0,0.0,0.0,32,0.048958795970651406,17,25,-8,0,0,0,0,0,0,0,0,1,0
1bvy,F,549,ASP,-3.5,111.1,-1.0,1,3,X,0.0,0.0,0.0,0.0,0.0,0.0,0.0,0.0,18,0.03730193978716297,9,15,-6,0,0,0,0,0,0,0,0,1,0
1bvy,F,550,TRP,-0.9,227.8,0.0,1,0,X,0.0,0.0,0.0,0.0,0.0,0.0,0.0,0.0,29,0.04149840801321881,13,33,-20,0,0,0,0,0,0,0,0,1,0
1bvy,F,551,LEU,3.8,166.7,0.0,0,0,X,0.0,0.0,0.0,0.0,0.0,0.0,0.0,0.0,33,0.04942507021799094,14,36,-22,0,0,0,0,0,0,0,0,1,0
1bvy,F,552,ASP,-3.5,111.1,-1.0,1,3,X,0.0,0.0,0.0,0.0,0.0,0.0,0.0,0.0,18,0.034970568550465285,7,8,-1,0,0,0,0,0,0,0,0,1,0
1bvy,F,553,GLN,-3.5,143.8,0.0,2,2,X,0.0,0.0,0.0,0.0,0.0,0.0,0.0,0.0,14,0.023779986614316396,3,17,-14,0,0,0,0,0,0,0,0,1,0
1bvy,F,554,ALA,1.8,88.6,0.0,0,0,X,0.0,0.0,0.0,0.0,0.0,0.0,0.0,0.0,20,0.032172923066428064,6,32,-26,0,0,0,0,0,0,0,0,1,0
1bvy,F,555,SER,-0.8,89.0,0.0,1,1,X,0.0,0.0,0.0,0.0,0.0,0.0,0.0,0.0,17,0.0363693912924839,10,26,-16,0,0,0,0,0,0,0,0,1,0
1bvy,F,556,ALA,1.8,88.6,0.0,0,0,X,0.0,0.0,0.0,0.0,0.0,0.0,0.0,0.0,12,0.018650969893581486,13,19,-6,0,0,0,0,0,0,0,0,1,0
1bvy,F,557,ASP,-3.5,111.1,-1.0,1,3,X,0.0,0.0,0.0,0.0,0.0,0.0,0.0,0.0,18,0.023779986614316396,15,12,3,0,0,0,0,0,0,0,0,1,0
1bvy,F,558,GLU,-3.5,138.4,-1.0,1,3,X,0.0,0.0,0.0,0.0,0.0,0.0,0.0,0.0,21,0.030774100324409453,20,8,12,0,0,0,0,0,0,0,0,1,0
1bvy,F,559,VAL,4.2,140.0,0.0,0,0,X,0.0,0.0,0.0,0.0,0.0,0.0,0.0,0.0,32,0.04243095650789788,32,25,7,0,0,0,0,0,0,0,0,1,0
1bvy,F,560,LYS,-3.9,168.6,1.0,2,0,X,0.0,0.0,0.0,0.0,0.0,0.0,0.0,0.0,18,0.02844272908771177,21,20,1,0,0,0,0,0,0,0,0,1,0
1bvy,F,561,GLY,-0.4,60.1,0.0,0,0,X,0.0,0.0,0.0,0.0,0.0,0.0,0.0,0.0,22,0.03357174580844668,33,20,13,0,0,0,0,0,0,0,0,1,0
1bvy,F,562,VAL,4.2,140.0,0.0,0,0,X,0.0,0.0,0.0,0.0,0.0,0.0,0.0,0.0,34,0.050823892960009553,33,20,13,0,0,0,0,0,0,0,0,1,0
1bvy,F,563,ARG,-4.5,173.4,1.0,5,0,X,0.0,0.0,0.0,0.0,0.0,0.0,0.0,0.0,28,0.04989134446533048,12,18,-6,0,0,0,0,0,0,0,0,1,0
1bvy,F,564,TYR,-1.3,193.6,0.0,1,1,X,0.0,0.0,0.0,0.0,0.0,0.0,0.0,0.0,38,0.048958795970651406,14,28,-14,0,0,0,0,0,0,0,0,1,0
1bvy,F,565,SER,-0.8,89.0,0.0,1,1,X,0.0,0.0,0.0,0.0,0.0,0.0,0.0,0.0,36,0.0526889899493677,15,27,-12,0,0,0,0,0,0,0,0,1,0
1bvy,F,566,VAL,4.2,140.0,0.0,0,0,X,0.0,0.0,0.0,0.0,0.0,0.0,0.0,0.0,37,0.05548663543340492,12,26,-14,0,0,0,0,0,0,0,0,1,0
1bvy,F,567,PHE,2.8,189.9,0.0,0,0,X,0.0,0.0,0.0,0.0,0.0,0.0,0.0,0.0,39,0.04942507021799094,18,20,-2,0,0,0,0,0,0,0,0,1,0
1bvy,F,568,GLY,-0.4,60.1,0.0,0,0,X,0.0,0.0,0.0,0.0,0.0,0.0,0.0,0.0,36,0.050823892960009553,15,23,-8,0,0,0,0,0,0,0,0,1,0
1bvy,F,569,CYS,2.5,108.5,0.0,1,0,X,0.0,0.0,0.0,0.0,0.0,0.0,0.0,0.0,41,0.048026247475972325,7,25,-18,0,0,0,0,0,0,0,0,1,0
1bvy,F,570,GLY,-0.4,60.1,0.0,0,0,X,0.0,0.0,0.0,0.0,0.0,0.0,0.0,0.0,31,0.04755997322863279,12,32,-20,0,0,0,0,0,0,0,0,1,1
1bvy,F,571,ASP,-3.5,111.1,-1.0,1,3,X,0.0,0.0,0.0,0.0,0.0,0.0,0.0,0.0,26,0.04289723075523742,9,14,-5,0,0,0,0,0,0,0,0,1,1
1bvy,F,572,LYS,-3.9,168.6,1.0,2,0,X,0.0,0.0,0.0,0.0,0.0,0.0,0.0,0.0,17,0.03776821403450251,0,31,-31,0,0,0,0,0,0,0,0,1,0
1bvy,F,573,ASN,-3.5,114.1,0.0,2,2,X,0.0,0.0,0.0,0.0,0.0,0.0,0.0,0.0,19,0.03357174580844668,8,19,-11,0,0,0,0,0,0,0,0,1,0
1bvy,F,574,TRP,-0.9,227.8,0.0,1,0,X,0.0,0.0,0.0,0.0,0.0,0.0,0.0,0.0,26,0.03730193978716297,9,11,-2,0,0,0,0,0,0,0,0,1,1
1bvy,F,575,ALA,1.8,88.6,0.0,0,0,X,0.0,0.0,0.0,0.0,0.0,0.0,0.0,0.0,15,0.024246260861655933,14,8,6,0,0,0,0,0,0,0,0,1,0
1bvy,F,576,THR,-0.7,116.1,0.0,1,1,X,0.0,0.0,0.0,0.0,0.0,0.0,0.0,0.0,12,0.01818469564624195,11,2,9,0,0,0,0,0,0,0,0,1,0
1bvy,F,577,THR,-0.7,116.1,0.0,1,1,X,0.0,0.0,0.0,0.0,0.0,0.0,0.0,0.0,22,0.032172923066428064,25,5,20,0,0,0,0,0,0,0,0,1,1
1bvy,F,578,TYR,-1.3,193.6,0.0,1,1,X,0.0,0.0,0.0,0.0,0.0,0.0,0.0,0.0,26,0.040565859518539735,20,25,-5,0,0,0,0,0,0,0,0,1,1
1bvy,F,579,GLN,-3.5,143.8,0.0,2,2,X,0.0,0.0,0.0,0.0,0.0,0.0,0.0,0.0,32,0.04709369898129325,28,24,4,0,0,0,0,0,0,0,0,1,1
1bvy,F,580,LYS,-3.9,168.6,1.0,2,0,X,0.0,0.0,0.0,0.0,0.0,0.0,0.0,0.0,26,0.03823448828184205,14,5,9,0,0,0,0,0,0,0,0,1,0
1bvy,F,581,VAL,4.2,140.0,0.0,0,0,X,0.0,0.0,0.0,0.0,0.0,0.0,0.0,0.0,37,0.045694876239274644,27,9,18,0,0,0,0,0,0,0,0,1,0
1bvy,F,582,PRO,-1.6,112.7,0.0,0,0,X,0.0,0.0,0.0,0.0,0.0,0.0,0.0,0.0,40,0.05222271570202816,23,24,-1,0,0,0,0,0,0,0,0,1,0
1bvy,F,583,ALA,1.8,88.6,0.0,0,0,X,0.0,0.0,0.0,0.0,0.0,0.0,0.0,0.0,29,0.03963331102386066,20,23,-3,0,0,0,0,0,0,0,0,1,0
1bvy,F,584,PHE,2.8,189.9,0.0,0,0,X,0.0,0.0,0.0,0.0,0.0,0.0,0.0,0.0,31,0.03823448828184205,20,30,-10,0,0,0,0,0,0,0,0,1,0
1bvy,F,585,ILE,4.5,166.7,0.0,0,0,X,0.0,0.0,0.0,0.0,0.0,0.0,0.0,0.0,40,0.048492521723311866,18,21,-3,0,0,0,0,0,0,0,0,1,0
1bvy,F,586,ASP,-3.5,111.1,-1.0,1,3,X,0.0,0.0,0.0,0.0,0.0,0.0,0.0,0.0,33,0.048492521723311866,14,20,-6,0,0,0,0,0,0,0,0,1,0
1bvy,F,587,GLU,-3.5,138.4,-1.0,1,3,X,0.0,0.0,0.0,0.0,0.0,0.0,0.0,0.0,20,0.034970568550465285,16,9,7,0,0,0,0,0,0,0,0,1,0
1bvy,F,588,THR,-0.7,116.1,0.0,1,1,X,0.0,0.0,0.0,0.0,0.0,0.0,0.0,0.0,29,0.040099585271200194,11,26,-15,0,0,0,0,0,0,0,0,1,0
1bvy,F,589,LEU,3.8,166.7,0.0,0,0,X,0.0,0.0,0.0,0.0,0.0,0.0,0.0,0.0,35,0.04616115048661418,16,29,-13,0,0,0,0,0,0,0,0,1,0
1bvy,F,590,ALA,1.8,88.6,0.0,0,0,X,0.0,0.0,0.0,0.0,0.0,0.0,0.0,0.0,20,0.0363693912924839,11,25,-14,0,0,0,0,0,0,0,0,1,0
1bvy,F,591,ALA,1.8,88.6,0.0,0,0,X,0.0,0.0,0.0,0.0,0.0,0.0,0.0,0.0,20,0.022847438119637322,10,22,-12,0,0,0,0,0,0,0,0,1,0
1bvy,F,592,LYS,-3.9,168.6,1.0,2,0,X,0.0,0.0,0.0,0.0,0.0,0.0,0.0,0.0,26,0.03310547156110714,9,29,-20,0,0,0,0,0,0,0,0,1,0
1bvy,F,593,GLY,-0.4,60.1,0.0,0,0,X,0.0,0.0,0.0,0.0,0.0,0.0,0.0,0.0,22,0.032639197313767604,23,25,-2,0,0,0,0,0,0,0,0,1,0
1bvy,F,594,ALA,1.8,88.6,0.0,0,0,X,0.0,0.0,0.0,0.0,0.0,0.0,0.0,0.0,23,0.04196468226055834,24,21,3,0,0,0,0,0,0,0,0,1,0
1bvy,F,595,GLU,-3.5,138.4,-1.0,1,3,X,0.0,0.0,0.0,0.0,0.0,0.0,0.0,0.0,24,0.03730193978716297,21,2,19,0,0,0,0,0,0,0,0,1,0
1bvy,F,596,ASN,-3.5,114.1,0.0,2,2,X,0.0,0.0,0.0,0.0,0.0,0.0,0.0,0.0,26,0.040099585271200194,13,37,-24,0,0,0,0,0,0,0,0,1,0
1bvy,F,597,ILE,4.5,166.7,0.0,0,0,X,0.0,0.0,0.0,0.0,0.0,0.0,0.0,0.0,29,0.04243095650789788,13,26,-13,0,0,0,0,0,0,0,0,1,0
1bvy,F,598,ALA,1.8,88.6,0.0,0,0,X,0.0,0.0,0.0,0.0,0.0,0.0,0.0,0.0,30,0.040565859518539735,22,31,-9,0,0,0,0,0,0,0,0,1,0
1bvy,F,599,ASP,-3.5,111.1,-1.0,1,3,X,0.0,0.0,0.0,0.0,0.0,0.0,0.0,0.0,17,0.03403802005578621,18,19,-1,0,0,0,0,0,0,0,0,1,0
1bvy,F,600,ARG,-4.5,173.4,1.0,5,0,X,0.0,0.0,0.0,0.0,0.0,0.0,0.0,0.0,26,0.040565859518539735,3,33,-30,0,0,0,0,0,0,0,0,1,0
1bvy,F,601,GLY,-0.4,60.1,0.0,0,0,X,0.0,0.0,0.0,0.0,0.0,0.0,0.0,0.0,33,0.043829779249916496,16,35,-19,0,0,0,0,0,0,0,0,1,0
1bvy,F,602,GLU,-3.5,138.4,-1.0,1,3,X,0.0,0.0,0.0,0.0,0.0,0.0,0.0,0.0,28,0.043829779249916496,17,23,-6,0,0,0,0,0,0,0,0,1,0
1bvy,F,603,ALA,1.8,88.6,0.0,0,0,X,0.0,0.0,0.0,0.0,0.0,0.0,0.0,0.0,33,0.045694876239274644,11,46,-35,0,0,0,0,0,0,0,0,1,0
1bvy,F,604,ASP,-3.5,111.1,-1.0,1,3,X,0.0,0.0,0.0,0.0,0.0,0.0,0.0,0.0,23,0.045228601991935104,9,36,-27,0,0,0,0,0,0,0,0,1,0
1bvy,F,605,ALA,1.8,88.6,0.0,0,0,X,0.0,0.0,0.0,0.0,0.0,0.0,0.0,0.0,26,0.03450429430312575,14,36,-22,0,0,0,0,0,0,0,0,1,0
1bvy,F,606,SER,-0.8,89.0,0.0,1,1,X,0.0,0.0,0.0,0.0,0.0,0.0,0.0,0.0,18,0.030774100324409453,17,31,-14,0,0,0,0,0,0,0,0,1,0
1bvy,F,607,ASP,-3.5,111.1,-1.0,1,3,X,0.0,0.0,0.0,0.0,0.0,0.0,0.0,0.0,20,0.025178809356335007,19,27,-8,0,0,0,0,0,0,0,0,1,0
1bvy,F,608,ASP,-3.5,111.1,-1.0,1,3,X,0.0,0.0,0.0,0.0,0.0,0.0,0.0,0.0,21,0.02984155182973038,5,39,-34,0,0,0,0,0,0,0,0,1,0
1bvy,F,609,PHE,2.8,189.9,0.0,0,0,X,0.0,0.0,0.0,0.0,0.0,0.0,0.0,0.0,28,0.040099585271200194,6,43,-37,0,0,0,0,0,0,0,0,1,0
1bvy,F,610,GLU,-3.5,138.4,-1.0,1,3,X,0.0,0.0,0.0,0.0,0.0,0.0,0.0,0.0,24,0.03730193978716297,14,34,-20,0,0,0,0,0,0,0,0,1,0
1bvy,F,611,GLY,-0.4,60.1,0.0,0,0,X,0.0,0.0,0.0,0.0,0.0,0.0,0.0,0.0,18,0.030307826077069916,12,56,-44,0,0,0,0,0,0,0,0,1,0
1bvy,F,612,THR,-0.7,116.1,0.0,1,1,X,0.0,0.0,0.0,0.0,0.0,0.0,0.0,0.0,26,0.03776821403450251,19,57,-38,0,0,0,0,0,0,0,0,1,0
1bvy,F,613,TYR,-1.3,193.6,0.0,1,1,X,0.0,0.0,0.0,0.0,0.0,0.0,0.0,0.0,33,0.050823892960009553,12,51,-39,0,0,0,0,0,0,0,0,1,0
1bvy,F,614,GLU,-3.5,138.4,-1.0,1,3,X,0.0,0.0,0.0,0.0,0.0,0.0,0.0,0.0,19,0.040099585271200194,20,34,-14,0,0,0,0,0,0,0,0,1,0
1bvy,F,615,GLU,-3.5,138.4,-1.0,1,3,X,0.0,0.0,0.0,0.0,0.0,0.0,0.0,0.0,18,0.0363693912924839,23,36,-13,0,0,0,0,0,0,0,0,1,0
1bvy,F,616,TRP,-0.9,227.8,0.0,1,0,X,0.0,0.0,0.0,0.0,0.0,0.0,0.0,0.0,32,0.05035761871267001,29,43,-14,0,0,0,0,0,0,0,0,1,0
1bvy,F,617,ARG,-4.5,173.4,1.0,5,0,X,0.0,0.0,0.0,0.0,0.0,0.0,0.0,0.0,24,0.04989134446533048,13,41,-28,0,0,0,0,0,0,0,0,1,0
1bvy,F,618,GLU,-3.5,138.4,-1.0,1,3,X,0.0,0.0,0.0,0.0,0.0,0.0,0.0,0.0,16,0.03870076252918159,25,23,2,0,0,0,0,0,0,0,0,1,0
1bvy,F,619,HIS,-3.2,153.2,0.1,2,1,X,0.0,0.0,0.0,0.0,0.0,0.0,0.0,0.0,19,0.035436842797804825,10,42,-32,0,0,0,0,0,0,0,0,1,0
1bvy,F,620,MET,1.9,162.9,0.0,0,0,X,0.0,0.0,0.0,0.0,0.0,0.0,0.0,0.0,35,0.04662742473395372,29,30,-1,0,0,0,0,0,0,0,0,1,0
1bvy,F,621,TRP,-0.9,227.8,0.0,1,0,X,0.0,0.0,0.0,0.0,0.0,0.0,0.0,0.0,34,0.03823448828184205,26,25,1,0,0,0,0,0,0,0,0,1,0
1bvy,F,622,SER,-0.8,89.0,0.0,1,1,X,0.0,0.0,0.0,0.0,0.0,0.0,0.0,0.0,19,0.03124037457174899,19,18,1,0,0,0,0,0,0,0,0,1,0
1bvy,F,623,ASP,-3.5,111.1,-1.0,1,3,X,0.0,0.0,0.0,0.0,0.0,0.0,0.0,0.0,25,0.03450429430312575,15,14,1,0,0,0,0,0,0,0,0,1,0
1bvy,F,624,VAL,4.2,140.0,0.0,0,0,X,0.0,0.0,0.0,0.0,0.0,0.0,0.0,0.0,31,0.04429605349725603,18,12,6,0,0,0,0,0,0,0,0,1,0
1bvy,F,625,ALA,1.8,88.6,0.0,0,0,X,0.0,0.0,0.0,0.0,0.0,0.0,0.0,0.0,19,0.03683566553982344,8,10,-2,0,0,0,0,0,0,0,0,1,0
1bvy,F,626,ALA,1.8,88.6,0.0,0,0,X,0.0,0.0,0.0,0.0,0.0,0.0,0.0,0.0,13,0.027043906345693154,1,8,-7,0,0,0,0,0,0,0,0,1,0
1bvy,F,627,TYR,-1.3,193.6,0.0,1,1,X,0.0,0.0,0.0,0.0,0.0,0.0,0.0,0.0,21,0.029375277582390842,11,16,-5,0,0,0,0,0,0,0,0,1,0
1bvy,F,628,PHE,2.8,189.9,0.0,0,0,X,0.0,0.0,0.0,0.0,0.0,0.0,0.0,0.0,21,0.028909003335051305,11,13,-2,0,0,0,0,0,0,0,0,1,0
1bvy,F,629,ASN,-3.5,114.1,0.0,2,2,X,0.0,0.0,0.0,0.0,0.0,0.0,0.0,0.0,17,0.023779986614316396,5,2,3,0,0,0,0,0,0,0,0,1,0
1bvy,F,630,LEU,3.8,166.7,0.0,0,0,X,0.0,0.0,0.0,0.0,0.0,0.0,0.0,0.0,11,0.015853324409544265,6,0,6,0,0,0,0,0,0,0,0,1,0
1bvy,B,21,ASN,-3.5,114.1,0.0,2,2,X,0.0,0.0,0.0,0.0,0.0,0.0,0.0,0.0,8,0.010258033441469817,5,8,-3,0,0,0,0,0,0,0,0,1,0
1bvy,B,22,THR,-0.7,116.1,0.0,1,1,X,0.0,0.0,0.0,0.0,0.0,0.0,0.0,0.0,11,0.020516066882939634,9,17,-8,0,0,0,0,0,0,0,0,1,0
1bvy,B,23,ASP,-3.5,111.1,-1.0,1,3,X,0.0,0.0,0.0,0.0,0.0,0.0,0.0,0.0,13,0.02471253510899547,18,12,6,0,0,0,0,0,0,0,0,1,0
1bvy,B,24,LYS,-3.9,168.6,1.0,2,0,X,0.0,0.0,0.0,0.0,0.0,0.0,0.0,0.0,22,0.03450429430312575,12,26,-14,0,0,0,0,0,0,0,0,1,0
1bvy,B,25,PRO,-1.6,112.7,0.0,0,0,X,0.0,0.0,0.0,0.0,0.0,0.0,0.0,0.0,25,0.03170664881908853,15,17,-2,0,0,0,0,0,0,0,0,1,0
1bvy,B,26,VAL,4.2,140.0,0.0,0,0,X,0.0,0.0,0.0,0.0,0.0,0.0,0.0,0.0,34,0.03870076252918159,17,13,4,0,0,0,0,0,0,0,0,1,0
1bvy,B,27,GLN,-3.5,143.8,0.0,2,2,X,0.0,0.0,0.0,0.0,0.0,0.0,0.0,0.0,26,0.03963331102386066,28,22,6,0,0,0,0,0,0,0,0,1,0
1bvy,B,28,ALA,1.8,88.6,0.0,0,0,X,0.0,0.0,0.0,0.0,0.0,0.0,0.0,0.0,21,0.034970568550465285,17,19,-2,0,0,0,0,0,0,0,0,1,0
1bvy,B,29,LEU,3.8,166.7,0.0,0,0,X,0.0,0.0,0.0,0.0,0.0,0.0,0.0,0.0,32,0.04103213376587927,18,12,6,0,0,0,0,0,0,0,0,1,0
1bvy,B,30,MET,1.9,162.9,0.0,0,0,X,0.0,0.0,0.0,0.0,0.0,0.0,0.0,0.0,31,0.045694876239274644,24,18,6,0,0,0,0,0,0,0,0,1,0
1bvy,B,31,LYS,-3.9,168.6,1.0,2,0,X,0.0,0.0,0.0,0.0,0.0,0.0,0.0,0.0,18,0.03357174580844668,4,19,-15,0,0,0,0,0,0,0,0,1,0
1bvy,B,32,ILE,4.5,166.7,0.0,0,0,X,0.0,0.0,0.0,0.0,0.0,0.0,0.0,0.0,21,0.03963331102386066,13,20,-7,0,0,0,0,0,0,0,0,1,0
1bvy,B,33,ALA,1.8,88.6,0.0,0,0,X,0.0,0.0,0.0,0.0,0.0,0.0,0.0,0.0,25,0.04709369898129325,13,23,-10,0,0,0,0,0,0,0,0,1,0
1bvy,B,34,ASP,-3.5,111.1,-1.0,1,3,X,0.0,0.0,0.0,0.0,0.0,0.0,0.0,0.0,21,0.030774100324409453,20,13,7,0,0,0,0,0,0,0,0,1,0
1bvy,B,35,GLU,-3.5,138.4,-1.0,1,3,X,0.0,0.0,0.0,0.0,0.0,0.0,0.0,0.0,15,0.023779986614316396,8,9,-1,0,0,0,0,0,0,0,0,1,0
1bvy,B,36,LEU,3.8,166.7,0.0,0,0,X,0.0,0.0,0.0,0.0,0.0,0.0,0.0,0.0,18,0.02611135785101408,9,23,-14,0,0,0,0,0,0,0,0,1,0
1bvy,B,37,GLY,-0.4,60.1,0.0,0,0,X,0.0,0.0,0.0,0.0,0.0,0.0,0.0,0.0,23,0.03170664881908853,6,27,-21,0,0,0,0,0,0,0,0,1,0
1bvy,B,38,GLU,-3.5,138.4,-1.0,1,3,X,0.0,0.0,0.0,0.0,0.0,0.0,0.0,0.0,29,0.03730193978716297,14,13,1,0,0,0,0,0,0,0,0,1,0
1bvy,B,39,ILE,4.5,166.7,0.0,0,0,X,0.0,0.0,0.0,0.0,0.0,0.0,0.0,0.0,28,0.04149840801321881,22,17,5,0,0,0,0,0,0,0,0,1,0
1bvy,B,40,PHE,2.8,189.9,0.0,0,0,X,0.0,0.0,0.0,0.0,0.0,0.0,0.0,0.0,27,0.03730193978716297,20,19,1,0,0,0,0,0,0,0,0,1,0
1bvy,B,41,LYS,-3.9,168.6,1.0,2,0,X,0.0,0.0,0.0,0.0,0.0,0.0,0.0,0.0,17,0.03776821403450251,14,11,3,0,0,0,0,0,0,0,0,1,0
1bvy,B,42,PHE,2.8,189.9,0.0,0,0,X,0.0,0.0,0.0,0.0,0.0,0.0,0.0,0.0,16,0.032639197313767604,24,10,14,0,0,0,0,0,0,0,0,1,0
1bvy,B,43,GLU,-3.5,138.4,-1.0,1,3,X,0.0,0.0,0.0,0.0,0.0,0.0,0.0,0.0,12,0.030307826077069916,28,1,27,0,0,0,0,0,0,0,0,1,0
1bvy,B,44,ALA,1.8,88.6,0.0,0,0,X,0.0,0.0,0.0,0.0,0.0,0.0,0.0,0.0,9,0.022381163872297785,17,9,8,0,0,0,0,0,0,0,0,1,0
1bvy,B,45,PRO,-1.6,112.7,0.0,0,0,X,0.0,0.0,0.0,0.0,0.0,0.0,0.0,0.0,6,0.015387050162204726,11,9,2,0,0,0,0,0,0,0,0,1,0
1bvy,B,46,GLY,-0.4,60.1,0.0,0,0,X,0.0,0.0,0.0,0.0,0.0,0.0,0.0,0.0,12,0.017252147151562876,12,16,-4,0,0,0,0,0,0,0,0,1,0
1bvy,B,47,ARG,-4.5,173.4,1.0,5,0,X,0.0,0.0,0.0,0.0,0.0,0.0,0.0,0.0,19,0.025645083603674543,3,24,-21,0,0,0,0,0,0,0,0,1,0
1bvy,B,48,VAL,4.2,140.0,0.0,0,0,X,0.0,0.0,0.0,0.0,0.0,0.0,0.0,0.0,21,0.040099585271200194,32,35,-3,0,0,0,0,0,0,0,0,1,0
1bvy,B,49,THR,-0.7,116.1,0.0,1,1,X,0.0,0.0,0.0,0.0,0.0,0.0,0.0,0.0,24,0.04662742473395372,31,26,5,0,0,0,0,0,0,0,0,1,0
1bvy,B,50,ARG,-4.5,173.4,1.0,5,0,X,0.0,0.0,0.0,0.0,0.0,0.0,0.0,0.0,28,0.048958795970651406,12,32,-20,0,0,0,0,0,0,0,0,1,0
1bvy,B,51,TYR,-1.3,193.6,0.0,1,1,X,0.0,0.0,0.0,0.0,0.0,0.0,0.0,0.0,32,0.048026247475972325,18,15,3,0,0,0,0,0,0,0,0,1,0
1bvy,B,52,LEU,3.8,166.7,0.0,0,0,X,0.0,0.0,0.0,0.0,0.0,0.0,0.0,0.0,37,0.05455408693872585,19,16,3,0,0,0,0,0,0,0,0,1,0
1bvy,B,53,SER,-0.8,89.0,0.0,1,1,X,0.0,0.0,0.0,0.0,0.0,0.0,0.0,0.0,35,0.0526889899493677,26,23,3,0,0,0,0,0,0,0,0,1,0
1bvy,B,54,SER,-0.8,89.0,0.0,1,1,X,0.0,0.0,0.0,0.0,0.0,0.0,0.0,0.0,36,0.043829779249916496,34,23,11,0,0,0,0,0,0,0,0,1,0
1bvy,B,55,GLN,-3.5,143.8,0.0,2,2,X,0.0,0.0,0.0,0.0,0.0,0.0,0.0,0.0,28,0.045228601991935104,44,19,25,0,0,0,0,0,0,0,0,1,0
1bvy,B,56,ARG,-4.5,173.4,1.0,5,0,X,0.0,0.0,0.0,0.0,0.0,0.0,0.0,0.0,20,0.03590311704514436,9,28,-19,0,0,0,0,0,0,0,0,1,0
1bvy,B,57,LEU,3.8,166.7,0.0,0,0,X,0.0,0.0,0.0,0.0,0.0,0.0,0.0,0.0,33,0.04662742473395372,29,27,2,0,0,0,0,0,0,0,0,1,0
1bvy,B,58,ILE,4.5,166.7,0.0,0,0,X,0.0,0.0,0.0,0.0,0.0,0.0,0.0,0.0,37,0.04989134446533048,40,22,18,0,0,0,0,0,0,0,0,1,0
1bvy,B,59,LYS,-3.9,168.6,1.0,2,0,X,0.0,0.0,0.0,0.0,0.0,0.0,0.0,0.0,24,0.04243095650789788,28,19,9,0,0,0,0,0,0,0,0,1,0
1bvy,B,60,GLU,-3.5,138.4,-1.0,1,3,X,0.0,0.0,0.0,0.0,0.0,0.0,0.0,0.0,25,0.04196468226055834,37,11,26,0,0,0,0,0,0,0,0,1,0
1bvy,B,61,ALA,1.8,88.6,0.0,0,0,X,0.0,0.0,0.0,0.0,0.0,0.0,0.0,0.0,36,0.048958795970651406,40,31,9,0,0,0,0,0,0,0,0,1,0
1bvy,B,62,CYS,2.5,108.5,0.0,1,0,X,0.0,0.0,0.0,0.0,0.0,0.0,0.0,0.0,32,0.04243095650789788,41,31,10,0,0,0,0,0,0,0,0,1,0
1bvy,B,63,ASP,-3.5,111.1,-1.0,1,3,X,0.0,0.0,0.0,0.0,0.0,0.0,0.0,0.0,21,0.0363693912924839,29,23,6,0,0,0,0,0,0,0,0,1,0
1bvy,B,64,GLU,-3.5,138.4,-1.0,1,3,X,0.0,0.0,0.0,0.0,0.0,0.0,0.0,0.0,23,0.034970568550465285,30,18,12,0,0,0,0,0,0,0,0,1,0
1bvy,B,65,SER,-0.8,89.0,0.0,1,1,X,0.0,0.0,0.0,0.0,0.0,0.0,0.0,0.0,15,0.023779986614316396,20,36,-16,0,0,0,0,0,0,0,0,1,0
1bvy,B,66,ARG,-4.5,173.4,1.0,5,0,X,0.0,0.0,0.0,0.0,0.0,0.0,0.0,0.0,24,0.03870076252918159,11,41,-30,0,0,0,0,0,0,0,0,1,0
1bvy,B,67,PHE,2.8,189.9,0.0,0,0,X,0.0,0.0,0.0,0.0,0.0,0.0,0.0,0.0,35,0.048958795970651406,31,56,-25,0,0,0,0,0,0,0,0,1,0
1bvy,B,68,ASP,-3.5,111.1,-1.0,1,3,X,0.0,0.0,0.0,0.0,0.0,0.0,0.0,0.0,30,0.04476232774459557,40,16,24,0,0,0,0,0,0,0,0,1,0
1bvy,B,69,LYS,-3.9,168.6,1.0,2,0,X,0.0,0.0,0.0,0.0,0.0,0.0,0.0,0.0,31,0.04429605349725603,16,15,1,0,0,0,0,0,0,0,0,1,1
1bvy,B,70,ASN,-3.5,114.1,0.0,2,2,X,0.0,0.0,0.0,0.0,0.0,0.0,0.0,0.0,30,0.045228601991935104,27,21,6,0,0,0,0,0,0,0,0,1,0
1bvy,B,71,LEU,3.8,166.7,0.0,0,0,X,0.0,0.0,0.0,0.0,0.0,0.0,0.0,0.0,27,0.04429605349725603,35,14,21,0,0,0,0,0,0,0,0,1,0
1bvy,B,72,SER,-0.8,89.0,0.0,1,1,X,0.0,0.0,0.0,0.0,0.0,0.0,0.0,0.0,26,0.034970568550465285,27,6,21,0,0,0,0,0,0,0,0,1,0
1bvy,B,73,GLN,-3.5,143.8,0.0,2,2,X,0.0,0.0,0.0,0.0,0.0,0.0,0.0,0.0,21,0.03124037457174899,26,7,19,0,0,0,0,0,0,0,0,1,0
1bvy,B,74,ALA,1.8,88.6,0.0,0,0,X,0.0,0.0,0.0,0.0,0.0,0.0,0.0,0.0,30,0.03823448828184205,22,8,14,0,0,0,0,0,0,0,0,1,0
1bvy,B,75,LEU,3.8,166.7,0.0,0,0,X,0.0,0.0,0.0,0.0,0.0,0.0,0.0,0.0,30,0.045228601991935104,28,6,22,0,0,0,0,0,0,0,0,1,0
1bvy,B,76,LYS,-3.9,168.6,1.0,2,0,X,0.0,0.0,0.0,0.0,0.0,0.0,0.0,0.0,21,0.04103213376587927,12,8,4,0,0,0,0,0,0,0,0,1,0
1bvy,B,77,PHE,2.8,189.9,0.0,0,0,X,0.0,0.0,0.0,0.0,0.0,0.0,0.0,0.0,24,0.043829779249916496,28,19,9,0,0,0,0,0,0,0,0,1,0
1bvy,B,78,VAL,4.2,140.0,0.0,0,0,X,0.0,0.0,0.0,0.0,0.0,0.0,0.0,0.0,35,0.05035761871267001,21,19,2,0,0,0,0,0,0,0,0,1,0
1bvy,B,79,ARG,-4.5,173.4,1.0,5,0,X,0.0,0.0,0.0,0.0,0.0,0.0,0.0,0.0,24,0.04289723075523742,9,22,-13,0,0,0,0,0,0,0,0,1,0
1bvy,B,80,ASP,-3.5,111.1,-1.0,1,3,X,0.0,0.0,0.0,0.0,0.0,0.0,0.0,0.0,24,0.034970568550465285,23,4,19,0,0,0,0,0,0,0,0,1,0
1bvy,B,81,PHE,2.8,189.9,0.0,0,0,X,0.0,0.0,0.0,0.0,0.0,0.0,0.0,0.0,40,0.043363505002576956,25,22,3,0,0,0,0,0,0,0,0,1,0
1bvy,B,82,ALA,1.8,88.6,0.0,0,0,X,0.0,0.0,0.0,0.0,0.0,0.0,0.0,0.0,36,0.04989134446533048,26,21,5,0,0,0,0,0,0,0,0,1,0
1bvy,B,83,GLY,-0.4,60.1,0.0,0,0,X,0.0,0.0,0.0,0.0,0.0,0.0,0.0,0.0,30,0.04289723075523742,26,29,-3,0,0,0,0,0,0,0,0,1,0
1bvy,B,84,ASP,-3.5,111.1,-1.0,1,3,X,0.0,0.0,0.0,0.0,0.0,0.0,0.0,0.0,31,0.04662742473395372,30,25,5,0,0,0,0,0,0,0,0,1,0
1bvy,B,85,GLY,-0.4,60.1,0.0,0,0,X,0.0,0.0,0.0,0.0,0.0,0.0,0.0,0.0,40,0.053621538444046775,28,20,8,0,0,0,0,0,0,0,0,1,0
1bvy,B,86,LEU,3.8,166.7,0.0,0,0,X,0.0,0.0,0.0,0.0,0.0,0.0,0.0,0.0,41,0.048492521723311866,38,12,26,0,0,0,0,0,0,0,0,1,1
1bvy,B,87,PHE,2.8,189.9,0.0,0,0,X,0.0,0.0,0.0,0.0,0.0,0.0,0.0,0.0,38,0.03590311704514436,24,4,20,0,0,0,0,0,0,0,0,1,1
1bvy,B,88,THR,-0.7,116.1,0.0,1,1,X,0.0,0.0,0.0,0.0,0.0,0.0,0.0,0.0,33,0.04989134446533048,30,19,11,0,0,0,0,0,0,0,0,1,0
1bvy,B,89,SER,-0.8,89.0,0.0,1,1,X,0.0,0.0,0.0,0.0,0.0,0.0,0.0,0.0,31,0.05222271570202816,50,20,30,0,0,0,0,0,0,0,0,1,0
1bvy,B,90,TRP,-0.9,227.8,0.0,1,0,X,0.0,0.0,0.0,0.0,0.0,0.0,0.0,0.0,23,0.048026247475972325,40,20,20,0,0,0,0,0,0,0,0,1,0
1bvy,B,91,THR,-0.7,116.1,0.0,1,1,X,0.0,0.0,0.0,0.0,0.0,0.0,0.0,0.0,25,0.04243095650789788,58,22,36,0,0,0,0,0,0,0,0,1,0
1bvy,B,92,HIS,-3.2,153.2,0.1,2,1,X,0.0,0.0,0.0,0.0,0.0,0.0,0.0,0.0,15,0.028909003335051305,23,13,10,0,0,0,0,0,0,0,0,1,0
1bvy,B,93,GLU,-3.5,138.4,-1.0,1,3,X,0.0,0.0,0.0,0.0,0.0,0.0,0.0,0.0,21,0.034970568550465285,40,9,31,0,0,0,0,0,0,0,0,1,0
1bvy,B,94,LYS,-3.9,168.6,1.0,2,0,X,0.0,0.0,0.0,0.0,0.0,0.0,0.0,0.0,22,0.030307826077069916,26,36,-10,0,0,0,0,0,0,0,0,1,0
1bvy,B,95,ASN,-3.5,114.1,0.0,2,2,X,0.0,0.0,0.0,0.0,0.0,0.0,0.0,0.0,32,0.04243095650789788,38,38,0,0,0,0,0,0,0,0,0,1,0
1bvy,B,96,TRP,-0.9,227.8,0.0,1,0,X,0.0,0.0,0.0,0.0,0.0,0.0,0.0,0.0,33,0.05548663543340492,57,19,38,0,0,0,0,0,0,0,0,1,1
1bvy,B,97,LYS,-3.9,168.6,1.0,2,0,X,0.0,0.0,0.0,0.0,0.0,0.0,0.0,0.0,24,0.040099585271200194,38,20,18,0,0,0,0,0,0,0,0,1,0
1bvy,B,98,LYS,-3.9,168.6,1.0,2,0,X,0.0,0.0,0.0,0.0,0.0,0.0,0.0,0.0,29,0.04709369898129325,33,39,-6,0,0,0,0,0,0,0,0,1,0
1bvy,B,99,ALA,1.8,88.6,0.0,0,0,X,0.0,0.0,0.0,0.0,0.0,0.0,0.0,0.0,35,0.04662742473395372,41,18,23,0,0,0,0,0,0,0,0,1,0
1bvy,B,100,HIS,-3.2,153.2,0.1,2,1,X,0.0,0.0,0.0,0.0,0.0,0.0,0.0,0.0,28,0.043363505002576956,27,2,25,0,0,0,0,0,0,0,0,1,0
1bvy,B,101,ASN,-3.5,114.1,0.0,2,2,X,0.0,0.0,0.0,0.0,0.0,0.0,0.0,0.0,21,0.035436842797804825,33,10,23,0,0,0,0,0,0,0,0,1,0
1bvy,B,102,ILE,4.5,166.7,0.0,0,0,X,0.0,0.0,0.0,0.0,0.0,0.0,0.0,0.0,33,0.043363505002576956,43,12,31,0,0,0,0,0,0,0,0,1,0
1bvy,B,103,LEU,3.8,166.7,0.0,0,0,X,0.0,0.0,0.0,0.0,0.0,0.0,0.0,0.0,33,0.045694876239274644,30,2,28,0,0,0,0,0,0,0,0,1,0
1bvy,B,104,LEU,3.8,166.7,0.0,0,0,X,0.0,0.0,0.0,0.0,0.0,0.0,0.0,0.0,27,0.0363693912924839,16,0,16,0,0,0,0,0,0,0,0,1,0
1bvy,B,105,PRO,-1.6,112.7,0.0,0,0,X,0.0,0.0,0.0,0.0,0.0,0.0,0.0,0.0,21,0.028909003335051305,19,3,16,0,0,0,0,0,0,0,0,1,0
1bvy,B,106,SER,-0.8,89.0,0.0,1,1,X,0.0,0.0,0.0,0.0,0.0,0.0,0.0,0.0,31,0.03963331102386066,13,14,-1,0,0,0,0,0,0,0,0,1,0
1bvy,B,107,PHE,2.8,189.9,0.0,0,0,X,0.0,0.0,0.0,0.0,0.0,0.0,0.0,0.0,31,0.04616115048661418,10,2,8,0,0,0,0,0,0,0,0,1,0
1bvy,B,108,SER,-0.8,89.0,0.0,1,1,X,0.0,0.0,0.0,0.0,0.0,0.0,0.0,0.0,23,0.0363693912924839,12,0,12,0,0,0,0,0,0,0,0,1,0
1bvy,B,109,GLN,-3.5,143.8,0.0,2,2,X,0.0,0.0,0.0,0.0,0.0,0.0,0.0,0.0,23,0.03403802005578621,25,1,24,0,0,0,0,0,0,0,0,1,0
1bvy,B,110,GLN,-3.5,143.8,0.0,2,2,X,0.0,0.0,0.0,0.0,0.0,0.0,0.0,0.0,14,0.02844272908771177,12,0,12,0,0,0,0,0,0,0,0,1,0
1bvy,B,111,ALA,1.8,88.6,0.0,0,0,X,0.0,0.0,0.0,0.0,0.0,0.0,0.0,0.0,25,0.03963331102386066,27,10,17,0,0,0,0,0,0,0,0,1,0
1bvy,B,112,MET,1.9,162.9,0.0,0,0,X,0.0,0.0,0.0,0.0,0.0,0.0,0.0,0.0,29,0.04989134446533048,34,3,31,0,0,0,0,0,0,0,0,1,0
1bvy,B,113,LYS,-3.9,168.6,1.0,2,0,X,0.0,0.0,0.0,0.0,0.0,0.0,0.0,0.0,17,0.03730193978716297,29,1,28,0,0,0,0,0,0,0,0,1,0
1bvy,B,114,GLY,-0.4,60.1,0.0,0,0,X,0.0,0.0,0.0,0.0,0.0,0.0,0.0,0.0,25,0.02984155182973038,29,14,15,0,0,0,0,0,0,0,0,1,0
1bvy,B,115,TYR,-1.3,193.6,0.0,1,1,X,0.0,0.0,0.0,0.0,0.0,0.0,0.0,0.0,35,0.040099585271200194,29,19,10,0,0,0,0,0,0,0,0,1,0
1bvy,B,116,HIS,-3.2,153.2,0.1,2,1,X,0.0,0.0,0.0,0.0,0.0,0.0,0.0,0.0,32,0.04289723075523742,29,10,19,0,0,0,0,0,0,0,0,1,0
1bvy,B,117,ALA,1.8,88.6,0.0,0,0,X,0.0,0.0,0.0,0.0,0.0,0.0,0.0,0.0,27,0.030307826077069916,23,8,15,0,0,0,0,0,0,0,0,1,0
1bvy,B,118,MET,1.9,162.9,0.0,0,0,X,0.0,0.0,0.0,0.0,0.0,0.0,0.0,0.0,31,0.03916703677652112,21,13,8,0,0,0,0,0,0,0,0,1,0
1bvy,B,119,MET,1.9,162.9,0.0,0,0,X,0.0,0.0,0.0,0.0,0.0,0.0,0.0,0.0,37,0.05129016720734909,24,22,2,0,0,0,0,0,0,0,0,1,0
1bvy,B,120,VAL,4.2,140.0,0.0,0,0,X,0.0,0.0,0.0,0.0,0.0,0.0,0.0,0.0,34,0.04476232774459557,20,16,4,0,0,0,0,0,0,0,0,1,0
1bvy,B,121,ASP,-3.5,111.1,-1.0,1,3,X,0.0,0.0,0.0,0.0,0.0,0.0,0.0,0.0,32,0.040099585271200194,25,9,16,0,0,0,0,0,0,0,0,1,0
1bvy,B,122,ILE,4.5,166.7,0.0,0,0,X,0.0,0.0,0.0,0.0,0.0,0.0,0.0,0.0,39,0.04942507021799094,23,24,-1,0,0,0,0,0,0,0,0,1,0
1bvy,B,123,ALA,1.8,88.6,0.0,0,0,X,0.0,0.0,0.0,0.0,0.0,0.0,0.0,0.0,43,0.04755997322863279,19,19,0,0,0,0,0,0,0,0,0,1,0
1bvy,B,124,VAL,4.2,140.0,0.0,0,0,X,0.0,0.0,0.0,0.0,0.0,0.0,0.0,0.0,36,0.04616115048661418,22,13,9,0,0,0,0,0,0,0,0,1,0
1bvy,B,125,GLN,-3.5,143.8,0.0,2,2,X,0.0,0.0,0.0,0.0,0.0,0.0,0.0,0.0,28,0.048492521723311866,37,17,20,0,0,0,0,0,0,0,0,1,0
1bvy,B,126,LEU,3.8,166.7,0.0,0,0,X,0.0,0.0,0.0,0.0,0.0,0.0,0.0,0.0,39,0.050823892960009553,26,21,5,0,0,0,0,0,0,0,0,1,0
1bvy,B,127,VAL,4.2,140.0,0.0,0,0,X,0.0,0.0,0.0,0.0,0.0,0.0,0.0,0.0,40,0.050823892960009553,36,14,22,0,0,0,0,0,0,0,0,1,0
1bvy,B,128,GLN,-3.5,143.8,0.0,2,2,X,0.0,0.0,0.0,0.0,0.0,0.0,0.0,0.0,27,0.045694876239274644,35,16,19,0,0,0,0,0,0,0,0,1,0
1bvy,B,129,LYS,-3.9,168.6,1.0,2,0,X,0.0,0.0,0.0,0.0,0.0,0.0,0.0,0.0,29,0.048492521723311866,27,26,1,0,0,0,0,0,0,0,0,1,0
1bvy,B,130,TRP,-0.9,227.8,0.0,1,0,X,0.0,0.0,0.0,0.0,0.0,0.0,0.0,0.0,38,0.045228601991935104,38,30,8,0,0,0,0,0,0,0,0,1,0
1bvy,B,131,GLU,-3.5,138.4,-1.0,1,3,X,0.0,0.0,0.0,0.0,0.0,0.0,0.0,0.0,31,0.04103213376587927,53,4,49,0,0,0,0,0,0,0,0,1,0
1bvy,B,132,ARG,-4.5,173.4,1.0,5,0,X,0.0,0.0,0.0,0.0,0.0,0.0,0.0,0.0,29,0.04289723075523742,20,21,-1,0,0,0,0,0,0,0,0,1,0
1bvy,B,133,LEU,3.8,166.7,0.0,0,0,X,0.0,0.0,0.0,0.0,0.0,0.0,0.0,0.0,28,0.03823448828184205,48,28,20,0,0,0,0,0,0,0,0,1,0
1bvy,B,134,ASN,-3.5,114.1,0.0,2,2,X,0.0,0.0,0.0,0.0,0.0,0.0,0.0,0.0,22,0.03357174580844668,31,21,10,0,0,0,0,0,0,0,0,1,0
1bvy,B,135,ALA,1.8,88.6,0.0,0,0,X,0.0,0.0,0.0,0.0,0.0,0.0,0.0,0.0,19,0.02144861537761871,32,23,9,0,0,0,0,0,0,0,0,1,0
1bvy,B,136,ASP,-3.5,111.1,-1.0,1,3,X,0.0,0.0,0.0,0.0,0.0,0.0,0.0,0.0,19,0.020049792635600097,28,13,15,0,0,0,0,0,0,0,0,1,0
1bvy,B,137,GLU,-3.5,138.4,-1.0,1,3,X,0.0,0.0,0.0,0.0,0.0,0.0,0.0,0.0,20,0.02797645484037223,41,12,29,0,0,0,0,0,0,0,0,1,0
1bvy,B,138,HIS,-3.2,153.2,0.1,2,1,X,0.0,0.0,0.0,0.0,0.0,0.0,0.0,0.0,21,0.03683566553982344,20,33,-13,0,0,0,0,0,0,0,0,1,0
1bvy,B,139,ILE,4.5,166.7,0.0,0,0,X,0.0,0.0,0.0,0.0,0.0,0.0,0.0,0.0,33,0.04429605349725603,37,45,-8,0,0,0,0,0,0,0,0,1,0
1bvy,B,140,GLU,-3.5,138.4,-1.0,1,3,X,0.0,0.0,0.0,0.0,0.0,0.0,0.0,0.0,25,0.043363505002576956,27,22,5,0,0,0,0,0,0,0,0,1,0
1bvy,B,141,VAL,4.2,140.0,0.0,0,0,X,0.0,0.0,0.0,0.0,0.0,0.0,0.0,0.0,37,0.05129016720734909,24,30,-6,0,0,0,0,0,0,0,0,1,0
1bvy,B,142,PRO,-1.6,112.7,0.0,0,0,X,0.0,0.0,0.0,0.0,0.0,0.0,0.0,0.0,34,0.05035761871267001,22,45,-23,0,0,0,0,0,0,0,0,1,0
1bvy,B,143,GLU,-3.5,138.4,-1.0,1,3,X,0.0,0.0,0.0,0.0,0.0,0.0,0.0,0.0,25,0.0363693912924839,24,30,-6,0,0,0,0,0,0,0,0,1,0
1bvy,B,144,ASP,-3.5,111.1,-1.0,1,3,X,0.0,0.0,0.0,0.0,0.0,0.0,0.0,0.0,31,0.048026247475972325,23,18,5,0,0,0,0,0,0,0,0,1,0
1bvy,B,145,MET,1.9,162.9,0.0,0,0,X,0.0,0.0,0.0,0.0,0.0,0.0,0.0,0.0,40,0.04989134446533048,19,37,-18,0,0,0,0,0,0,0,0,1,0
1bvy,B,146,THR,-0.7,116.1,0.0,1,1,X,0.0,0.0,0.0,0.0,0.0,0.0,0.0,0.0,35,0.04942507021799094,26,38,-12,0,0,0,0,0,0,0,0,1,0
1bvy,B,147,ARG,-4.5,173.4,1.0,5,0,X,0.0,0.0,0.0,0.0,0.0,0.0,0.0,0.0,32,0.04616115048661418,17,36,-19,0,0,0,0,0,0,0,0,1,0
1bvy,B,148,LEU,3.8,166.7,0.0,0,0,X,0.0,0.0,0.0,0.0,0.0,0.0,0.0,0.0,43,0.0526889899493677,15,34,-19,0,0,0,0,0,0,0,0,1,0
1bvy,B,149,THR,-0.7,116.1,0.0,1,1,X,0.0,0.0,0.0,0.0,0.0,0.0,0.0,0.0,43,0.04942507021799094,17,33,-16,0,0,0,0,0,0,0,0,1,0
1bvy,B,150,LEU,3.8,166.7,0.0,0,0,X,0.0,0.0,0.0,0.0,0.0,0.0,0.0,0.0,43,0.05129016720734909,25,23,2,0,0,0,0,0,0,0,0,1,0
1bvy,B,151,ASP,-3.5,111.1,-1.0,1,3,X,0.0,0.0,0.0,0.0,0.0,0.0,0.0,0.0,39,0.050823892960009553,34,12,22,0,0,0,0,0,0,0,0,1,0
1bvy,B,152,THR,-0.7,116.1,0.0,1,1,X,0.0,0.0,0.0,0.0,0.0,0.0,0.0,0.0,46,0.048492521723311866,24,26,-2,0,0,0,0,0,0,0,0,1,0
1bvy,B,153,ILE,4.5,166.7,0.0,0,0,X,0.0,0.0,0.0,0.0,0.0,0.0,0.0,0.0,42,0.04662742473395372,11,14,-3,0,0,0,0,0,0,0,0,1,0
1bvy,B,154,GLY,-0.4,60.1,0.0,0,0,X,0.0,0.0,0.0,0.0,0.0,0.0,0.0,0.0,37,0.048958795970651406,13,15,-2,0,0,0,0,0,0,0,0,1,0
1bvy,B,155,LEU,3.8,166.7,0.0,0,0,X,0.0,0.0,0.0,0.0,0.0,0.0,0.0,0.0,34,0.048492521723311866,20,23,-3,0,0,0,0,0,0,0,0,1,0
1bvy,B,156,CYS,2.5,108.5,0.0,1,0,X,0.0,0.0,0.0,0.0,0.0,0.0,0.0,0.0,39,0.048026247475972325,15,24,-9,0,0,0,0,0,0,0,0,1,0
1bvy,B,157,GLY,-0.4,60.1,0.0,0,0,X,0.0,0.0,0.0,0.0,0.0,0.0,0.0,0.0,37,0.048958795970651406,15,16,-1,0,0,0,0,0,0,0,0,1,0
1bvy,B,158,PHE,2.8,189.9,0.0,0,0,X,0.0,0.0,0.0,0.0,0.0,0.0,0.0,0.0,36,0.045228601991935104,18,12,6,0,0,0,0,0,0,0,0,1,0
1bvy,B,159,ASN,-3.5,114.1,0.0,2,2,X,0.0,0.0,0.0,0.0,0.0,0.0,0.0,0.0,27,0.03823448828184205,21,14,7,0,0,0,0,0,0,0,0,1,0
1bvy,B,160,TYR,-1.3,193.6,0.0,1,1,X,0.0,0.0,0.0,0.0,0.0,0.0,0.0,0.0,36,0.040565859518539735,28,20,8,0,0,0,0,0,0,0,0,1,0
1bvy,B,161,ARG,-4.5,173.4,1.0,5,0,X,0.0,0.0,0.0,0.0,0.0,0.0,0.0,0.0,31,0.04755997322863279,20,24,-4,0,0,0,0,0,0,0,0,1,0
1bvy,B,162,PHE,2.8,189.9,0.0,0,0,X,0.0,0.0,0.0,0.0,0.0,0.0,0.0,0.0,36,0.04476232774459557,34,11,23,0,0,0,0,0,0,0,0,1,0
1bvy,B,163,ASN,-3.5,114.1,0.0,2,2,X,0.0,0.0,0.0,0.0,0.0,0.0,0.0,0.0,29,0.045228601991935104,57,20,37,0,0,0,0,0,0,0,0,1,0
1bvy,B,164,SER,-0.8,89.0,0.0,1,1,X,0.0,0.0,0.0,0.0,0.0,0.0,0.0,0.0,29,0.048026247475972325,45,25,20,0,0,0,0,0,0,0,0,1,0
1bvy,B,165,PHE,2.8,189.9,0.0,0,0,X,0.0,0.0,0.0,0.0,0.0,0.0,0.0,0.0,29,0.04476232774459557,37,26,11,0,0,0,0,0,0,0,0,1,0
1bvy,B,166,TYR,-1.3,193.6,0.0,1,1,X,0.0,0.0,0.0,0.0,0.0,0.0,0.0,0.0,21,0.04196468226055834,59,18,41,0,0,0,0,0,0,0,0,1,0
1bvy,B,167,ARG,-4.5,173.4,1.0,5,0,X,0.0,0.0,0.0,0.0,0.0,0.0,0.0,0.0,19,0.04476232774459557,23,22,1,0,0,0,0,0,0,0,0,1,0
1bvy,B,168,ASP,-3.5,111.1,-1.0,1,3,X,0.0,0.0,0.0,0.0,0.0,0.0,0.0,0.0,12,0.03450429430312575,32,1,31,0,0,0,0,0,0,0,0,1,0
1bvy,B,169,GLN,-3.5,143.8,0.0,2,2,X,0.0,0.0,0.0,0.0,0.0,0.0,0.0,0.0,12,0.02797645484037223,26,16,10,0,0,0,0,0,0,0,0,1,0
1bvy,B,170,PRO,-1.6,112.7,0.0,0,0,X,0.0,0.0,0.0,0.0,0.0,0.0,0.0,0.0,21,0.04149840801321881,35,17,18,0,0,0,0,0,0,0,0,1,0
1bvy,B,171,HIS,-3.2,153.2,0.1,2,1,X,0.0,0.0,0.0,0.0,0.0,0.0,0.0,0.0,27,0.03963331102386066,15,10,5,0,0,0,0,0,0,0,0,1,0
1bvy,B,172,PRO,-1.6,112.7,0.0,0,0,X,0.0,0.0,0.0,0.0,0.0,0.0,0.0,0.0,21,0.03403802005578621,22,8,14,0,0,0,0,0,0,0,0,1,0
1bvy,B,173,PHE,2.8,189.9,0.0,0,0,X,0.0,0.0,0.0,0.0,0.0,0.0,0.0,0.0,36,0.04476232774459557,17,16,1,0,0,0,0,0,0,0,0,1,0
1bvy,B,174,ILE,4.5,166.7,0.0,0,0,X,0.0,0.0,0.0,0.0,0.0,0.0,0.0,0.0,30,0.04149840801321881,38,10,28,0,0,0,0,0,0,0,0,1,0
1bvy,B,175,THR,-0.7,116.1,0.0,1,1,X,0.0,0.0,0.0,0.0,0.0,0.0,0.0,0.0,22,0.03870076252918159,24,14,10,0,0,0,0,0,0,0,0,1,0
1bvy,B,176,SER,-0.8,89.0,0.0,1,1,X,0.0,0.0,0.0,0.0,0.0,0.0,0.0,0.0,27,0.04755997322863279,24,19,5,0,0,0,0,0,0,0,0,1,0
1bvy,B,177,MET,1.9,162.9,0.0,0,0,X,0.0,0.0,0.0,0.0,0.0,0.0,0.0,0.0,36,0.050823892960009553,21,17,4,0,0,0,0,0,0,0,0,1,0
1bvy,B,178,VAL,4.2,140.0,0.0,0,0,X,0.0,0.0,0.0,0.0,0.0,0.0,0.0,0.0,26,0.03916703677652112,19,25,-6,0,0,0,0,0,0,0,0,1,0
1bvy,B,179,ARG,-4.5,173.4,1.0,5,0,X,0.0,0.0,0.0,0.0,0.0,0.0,0.0,0.0,27,0.03870076252918159,3,33,-30,0,0,0,0,0,0,0,0,1,0
1bvy,B,180,ALA,1.8,88.6,0.0,0,0,X,0.0,0.0,0.0,0.0,0.0,0.0,0.0,0.0,35,0.050823892960009553,23,36,-13,0,0,0,0,0,0,0,0,1,0
1bvy,B,181,LEU,3.8,166.7,0.0,0,0,X,0.0,0.0,0.0,0.0,0.0,0.0,0.0,0.0,35,0.04289723075523742,17,26,-9,0,0,0,0,0,0,0,0,1,0
1bvy,B,182,ASP,-3.5,111.1,-1.0,1,3,X,0.0,0.0,0.0,0.0,0.0,0.0,0.0,0.0,27,0.03357174580844668,24,14,10,0,0,0,0,0,0,0,0,1,0
1bvy,B,183,GLU,-3.5,138.4,-1.0,1,3,X,0.0,0.0,0.0,0.0,0.0,0.0,0.0,0.0,29,0.043829779249916496,36,17,19,0,0,0,0,0,0,0,0,1,0
1bvy,B,184,ALA,1.8,88.6,0.0,0,0,X,0.0,0.0,0.0,0.0,0.0,0.0,0.0,0.0,27,0.05222271570202816,31,24,7,0,0,0,0,0,0,0,0,1,0
1bvy,B,185,MET,1.9,162.9,0.0,0,0,X,0.0,0.0,0.0,0.0,0.0,0.0,0.0,0.0,28,0.04616115048661418,22,22,0,0,0,0,0,0,0,0,0,1,0
1bvy,B,186,ASN,-3.5,114.1,0.0,2,2,X,0.0,0.0,0.0,0.0,0.0,0.0,0.0,0.0,21,0.0363693912924839,26,18,8,0,0,0,0,0,0,0,0,1,0
1bvy,B,187,LYS,-3.9,168.6,1.0,2,0,X,0.0,0.0,0.0,0.0,0.0,0.0,0.0,0.0,26,0.03963331102386066,23,22,1,0,0,0,0,0,0,0,0,1,0
1bvy,B,188,LEU,3.8,166.7,0.0,0,0,X,0.0,0.0,0.0,0.0,0.0,0.0,0.0,0.0,24,0.035436842797804825,26,10,16,0,0,0,0,0,0,0,0,1,0
1bvy,B,189,GLN,-3.5,143.8,0.0,2,2,X,0.0,0.0,0.0,0.0,0.0,0.0,0.0,0.0,18,0.02331371236697686,18,12,6,0,0,0,0,0,0,0,0,1,0
1bvy,B,190,ARG,-4.5,173.4,1.0,5,0,X,0.0,0.0,0.0,0.0,0.0,0.0,0.0,0.0,19,0.02984155182973038,14,28,-14,0,0,0,0,0,0,0,0,1,0
1bvy,B,191,ALA,1.8,88.6,0.0,0,0,X,0.0,0.0,0.0,0.0,0.0,0.0,0.0,0.0,10,0.018650969893581486,16,14,2,0,0,0,0,0,0,0,0,1,0
1bvy,B,192,ASN,-3.5,114.1,0.0,2,2,X,0.0,0.0,0.0,0.0,0.0,0.0,0.0,0.0,13,0.025645083603674543,16,17,-1,0,0,0,0,0,0,0,0,1,0
1bvy,B,193,PRO,-1.6,112.7,0.0,0,0,X,0.0,0.0,0.0,0.0,0.0,0.0,0.0,0.0,17,0.032639197313767604,26,23,3,0,0,0,0,0,0,0,0,1,0
1bvy,B,194,ASP,-3.5,111.1,-1.0,1,3,X,0.0,0.0,0.0,0.0,0.0,0.0,0.0,0.0,11,0.030774100324409453,17,16,1,0,0,0,0,0,0,0,0,1,0
1bvy,B,195,ASP,-3.5,111.1,-1.0,1,3,X,0.0,0.0,0.0,0.0,0.0,0.0,0.0,0.0,12,0.030774100324409453,14,17,-3,0,0,0,0,0,0,0,0,1,0
1bvy,B,196,PRO,-1.6,112.7,0.0,0,0,X,0.0,0.0,0.0,0.0,0.0,0.0,0.0,0.0,11,0.024246260861655933,9,28,-19,0,0,0,0,0,0,0,0,1,0
1bvy,B,197,ALA,1.8,88.6,0.0,0,0,X,0.0,0.0,0.0,0.0,0.0,0.0,0.0,0.0,13,0.02611135785101408,17,31,-14,0,0,0,0,0,0,0,0,1,0
1bvy,B,198,TYR,-1.3,193.6,0.0,1,1,X,0.0,0.0,0.0,0.0,0.0,0.0,0.0,0.0,17,0.03916703677652112,28,37,-9,0,0,0,0,0,0,0,0,1,0
1bvy,B,199,ASP,-3.5,111.1,-1.0,1,3,X,0.0,0.0,0.0,0.0,0.0,0.0,0.0,0.0,15,0.03450429430312575,23,26,-3,0,0,0,0,0,0,0,0,1,0
1bvy,B,200,GLU,-3.5,138.4,-1.0,1,3,X,0.0,0.0,0.0,0.0,0.0,0.0,0.0,0.0,16,0.030307826077069916,22,19,3,0,0,0,0,0,0,0,0,1,0
1bvy,B,201,ASN,-3.5,114.1,0.0,2,2,X,0.0,0.0,0.0,0.0,0.0,0.0,0.0,0.0,22,0.03870076252918159,42,38,4,0,0,0,0,0,0,0,0,1,0
1bvy,B,202,LYS,-3.9,168.6,1.0,2,0,X,0.0,0.0,0.0,0.0,0.0,0.0,0.0,0.0,18,0.040099585271200194,23,38,-15,0,0,0,0,0,0,0,0,1,0
1bvy,B,203,ARG,-4.5,173.4,1.0,5,0,X,0.0,0.0,0.0,0.0,0.0,0.0,0.0,0.0,13,0.03403802005578621,9,27,-18,0,0,0,0,0,0,0,0,1,0
1bvy,B,204,GLN,-3.5,143.8,0.0,2,2,X,0.0,0.0,0.0,0.0,0.0,0.0,0.0,0.0,21,0.04103213376587927,30,36,-6,0,0,0,0,0,0,0,0,1,0
1bvy,B,205,PHE,2.8,189.9,0.0,0,0,X,0.0,0.0,0.0,0.0,0.0,0.0,0.0,0.0,32,0.04709369898129325,38,44,-6,0,0,0,0,0,0,0,0,1,0
1bvy,B,206,GLN,-3.5,143.8,0.0,2,2,X,0.0,0.0,0.0,0.0,0.0,0.0,0.0,0.0,19,0.03450429430312575,25,31,-6,0,0,0,0,0,0,0,0,1,0
1bvy,B,207,GLU,-3.5,138.4,-1.0,1,3,X,0.0,0.0,0.0,0.0,0.0,0.0,0.0,0.0,17,0.03683566553982344,28,16,12,0,0,0,0,0,0,0,0,1,0
1bvy,B,208,ASP,-3.5,111.1,-1.0,1,3,X,0.0,0.0,0.0,0.0,0.0,0.0,0.0,0.0,28,0.048958795970651406,28,19,9,0,0,0,0,0,0,0,0,1,0
1bvy,B,209,ILE,4.5,166.7,0.0,0,0,X,0.0,0.0,0.0,0.0,0.0,0.0,0.0,0.0,31,0.04476232774459557,22,33,-11,0,0,0,0,0,0,0,0,1,0
1bvy,B,210,LYS,-3.9,168.6,1.0,2,0,X,0.0,0.0,0.0,0.0,0.0,0.0,0.0,0.0,16,0.034970568550465285,6,29,-23,0,0,0,0,0,0,0,0,1,0
1bvy,B,211,VAL,4.2,140.0,0.0,0,0,X,0.0,0.0,0.0,0.0,0.0,0.0,0.0,0.0,26,0.04103213376587927,19,29,-10,0,0,0,0,0,0,0,0,1,0
1bvy,B,212,MET,1.9,162.9,0.0,0,0,X,0.0,0.0,0.0,0.0,0.0,0.0,0.0,0.0,36,0.04709369898129325,24,29,-5,0,0,0,0,0,0,0,0,1,0
1bvy,B,213,ASN,-3.5,114.1,0.0,2,2,X,0.0,0.0,0.0,0.0,0.0,0.0,0.0,0.0,28,0.04289723075523742,24,37,-13,0,0,0,0,0,0,0,0,1,0
1bvy,B,214,ASP,-3.5,111.1,-1.0,1,3,X,0.0,0.0,0.0,0.0,0.0,0.0,0.0,0.0,17,0.03590311704514436,25,14,11,0,0,0,0,0,0,0,0,1,0
1bvy,B,215,LEU,3.8,166.7,0.0,0,0,X,0.0,0.0,0.0,0.0,0.0,0.0,0.0,0.0,27,0.03963331102386066,28,23,5,0,0,0,0,0,0,0,0,1,0
1bvy,B,216,VAL,4.2,140.0,0.0,0,0,X,0.0,0.0,0.0,0.0,0.0,0.0,0.0,0.0,32,0.048958795970651406,24,29,-5,0,0,0,0,0,0,0,0,1,0
1bvy,B,217,ASP,-3.5,111.1,-1.0,1,3,X,0.0,0.0,0.0,0.0,0.0,0.0,0.0,0.0,26,0.04196468226055834,26,32,-6,0,0,0,0,0,0,0,0,1,0
1bvy,B,218,LYS,-3.9,168.6,1.0,2,0,X,0.0,0.0,0.0,0.0,0.0,0.0,0.0,0.0,18,0.032172923066428064,5,28,-23,0,0,0,0,0,0,0,0,1,0
1bvy,B,219,ILE,4.5,166.7,0.0,0,0,X,0.0,0.0,0.0,0.0,0.0,0.0,0.0,0.0,32,0.03963331102386066,33,27,6,0,0,0,0,0,0,0,0,1,0
1bvy,B,220,ILE,4.5,166.7,0.0,0,0,X,0.0,0.0,0.0,0.0,0.0,0.0,0.0,0.0,31,0.04662742473395372,38,36,2,0,0,0,0,0,0,0,0,1,0
1bvy,B,221,ALA,1.8,88.6,0.0,0,0,X,0.0,0.0,0.0,0.0,0.0,0.0,0.0,0.0,17,0.032639197313767604,28,25,3,0,0,0,0,0,0,0,0,1,0
1bvy,B,222,ASP,-3.5,111.1,-1.0,1,3,X,0.0,0.0,0.0,0.0,0.0,0.0,0.0,0.0,20,0.030307826077069916,27,10,17,0,0,0,0,0,0,0,0,1,0
1bvy,B,223,ARG,-4.5,173.4,1.0,5,0,X,0.0,0.0,0.0,0.0,0.0,0.0,0.0,0.0,30,0.03730193978716297,13,29,-16,0,0,0,0,0,0,0,0,1,0
1bvy,B,224,LYS,-3.9,168.6,1.0,2,0,X,0.0,0.0,0.0,0.0,0.0,0.0,0.0,0.0,21,0.030307826077069916,12,18,-6,0,0,0,0,0,0,0,0,1,0
1bvy,B,225,ALA,1.8,88.6,0.0,0,0,X,0.0,0.0,0.0,0.0,0.0,0.0,0.0,0.0,12,0.02144861537761871,19,15,4,0,0,0,0,0,0,0,0,1,0
1bvy,B,226,SER,-0.8,89.0,0.0,1,1,X,0.0,0.0,0.0,0.0,0.0,0.0,0.0,0.0,15,0.02611135785101408,18,17,1,0,0,0,0,0,0,0,0,1,0
1bvy,B,227,GLY,-0.4,60.1,0.0,0,0,X,0.0,0.0,0.0,0.0,0.0,0.0,0.0,0.0,8,0.017718421398902413,12,11,1,0,0,0,0,0,0,0,0,1,0
1bvy,B,228,GLU,-3.5,138.4,-1.0,1,3,X,0.0,0.0,0.0,0.0,0.0,0.0,0.0,0.0,10,0.017252147151562876,13,3,10,0,0,0,0,0,0,0,0,1,0
1bvy,B,229,GLN,-3.5,143.8,0.0,2,2,X,0.0,0.0,0.0,0.0,0.0,0.0,0.0,0.0,19,0.027510180593032695,21,27,-6,0,0,0,0,0,0,0,0,1,0
1bvy,B,230,SER,-0.8,89.0,0.0,1,1,X,0.0,0.0,0.0,0.0,0.0,0.0,0.0,0.0,21,0.026577632098353617,19,23,-4,0,0,0,0,0,0,0,0,1,0
1bvy,B,231,ASP,-3.5,111.1,-1.0,1,3,X,0.0,0.0,0.0,0.0,0.0,0.0,0.0,0.0,22,0.027510180593032695,16,10,6,0,0,0,0,0,0,0,0,1,0
1bvy,B,232,ASP,-3.5,111.1,-1.0,1,3,X,0.0,0.0,0.0,0.0,0.0,0.0,0.0,0.0,31,0.04196468226055834,18,8,10,0,0,0,0,0,0,0,0,1,0
1bvy,B,233,LEU,3.8,166.7,0.0,0,0,X,0.0,0.0,0.0,0.0,0.0,0.0,0.0,0.0,35,0.048026247475972325,14,16,-2,0,0,0,0,0,0,0,0,1,0
1bvy,B,234,LEU,3.8,166.7,0.0,0,0,X,0.0,0.0,0.0,0.0,0.0,0.0,0.0,0.0,38,0.04989134446533048,34,22,12,0,0,0,0,0,0,0,0,1,0
1bvy,B,235,THR,-0.7,116.1,0.0,1,1,X,0.0,0.0,0.0,0.0,0.0,0.0,0.0,0.0,26,0.045694876239274644,25,18,7,0,0,0,0,0,0,0,0,1,0
1bvy,B,236,HIS,-3.2,153.2,0.1,2,1,X,0.0,0.0,0.0,0.0,0.0,0.0,0.0,0.0,28,0.043363505002576956,6,16,-10,0,0,0,0,0,0,0,0,1,0
1bvy,B,237,MET,1.9,162.9,0.0,0,0,X,0.0,0.0,0.0,0.0,0.0,0.0,0.0,0.0,40,0.04662742473395372,28,23,5,0,0,0,0,0,0,0,0,1,0
1bvy,B,238,LEU,3.8,166.7,0.0,0,0,X,0.0,0.0,0.0,0.0,0.0,0.0,0.0,0.0,29,0.04196468226055834,36,19,17,0,0,0,0,0,0,0,0,1,0
1bvy,B,239,ASN,-3.5,114.1,0.0,2,2,X,0.0,0.0,0.0,0.0,0.0,0.0,0.0,0.0,21,0.029375277582390842,26,13,13,0,0,0,0,0,0,0,0,1,0
1bvy,B,240,GLY,-0.4,60.1,0.0,0,0,X,0.0,0.0,0.0,0.0,0.0,0.0,0.0,0.0,24,0.03450429430312575,25,16,9,0,0,0,0,0,0,0,0,1,0
1bvy,B,241,LYS,-3.9,168.6,1.0,2,0,X,0.0,0.0,0.0,0.0,0.0,0.0,0.0,0.0,19,0.03870076252918159,11,22,-11,0,0,0,0,0,0,0,0,1,0
1bvy,B,242,ASP,-3.5,111.1,-1.0,1,3,X,0.0,0.0,0.0,0.0,0.0,0.0,0.0,0.0,20,0.04196468226055834,37,19,18,0,0,0,0,0,0,0,0,1,0
1bvy,B,243,PRO,-1.6,112.7,0.0,0,0,X,0.0,0.0,0.0,0.0,0.0,0.0,0.0,0.0,14,0.022381163872297785,25,26,-1,0,0,0,0,0,0,0,0,1,0
1bvy,B,244,GLU,-3.5,138.4,-1.0,1,3,X,0.0,0.0,0.0,0.0,0.0,0.0,0.0,0.0,10,0.018650969893581486,23,17,6,0,0,0,0,0,0,0,0,1,0
1bvy,B,245,THR,-0.7,116.1,0.0,1,1,X,0.0,0.0,0.0,0.0,0.0,0.0,0.0,0.0,13,0.02611135785101408,21,26,-5,0,0,0,0,0,0,0,0,1,0
1bvy,B,246,GLY,-0.4,60.1,0.0,0,0,X,0.0,0.0,0.0,0.0,0.0,0.0,0.0,0.0,13,0.027510180593032695,16,25,-9,0,0,0,0,0,0,0,0,1,0
1bvy,B,247,GLU,-3.5,138.4,-1.0,1,3,X,0.0,0.0,0.0,0.0,0.0,0.0,0.0,0.0,17,0.03124037457174899,21,22,-1,0,0,0,0,0,0,0,0,1,0
1bvy,B,248,PRO,-1.6,112.7,0.0,0,0,X,0.0,0.0,0.0,0.0,0.0,0.0,0.0,0.0,24,0.03963331102386066,25,33,-8,0,0,0,0,0,0,0,0,1,0
1bvy,B,249,LEU,3.8,166.7,0.0,0,0,X,0.0,0.0,0.0,0.0,0.0,0.0,0.0,0.0,37,0.045694876239274644,36,43,-7,0,0,0,0,0,0,0,0,1,0
1bvy,B,250,ASP,-3.5,111.1,-1.0,1,3,X,0.0,0.0,0.0,0.0,0.0,0.0,0.0,0.0,22,0.030307826077069916,20,30,-10,0,0,0,0,0,0,0,0,1,0
1bvy,B,251,ASP,-3.5,111.1,-1.0,1,3,X,0.0,0.0,0.0,0.0,0.0,0.0,0.0,0.0,22,0.0363693912924839,22,26,-4,0,0,0,0,0,0,0,0,1,0
1bvy,B,252,GLU,-3.5,138.4,-1.0,1,3,X,0.0,0.0,0.0,0.0,0.0,0.0,0.0,0.0,20,0.03683566553982344,11,32,-21,0,0,0,0,0,0,0,0,1,0
1bvy,B,253,ASN,-3.5,114.1,0.0,2,2,X,0.0,0.0,0.0,0.0,0.0,0.0,0.0,0.0,34,0.048026247475972325,23,33,-10,0,0,0,0,0,0,0,0,1,0
1bvy,B,254,ILE,4.5,166.7,0.0,0,0,X,0.0,0.0,0.0,0.0,0.0,0.0,0.0,0.0,37,0.04989134446533048,20,36,-16,0,0,0,0,0,0,0,0,1,0
1bvy,B,255,ARG,-4.5,173.4,1.0,5,0,X,0.0,0.0,0.0,0.0,0.0,0.0,0.0,0.0,32,0.05222271570202816,6,45,-39,0,0,0,0,0,0,0,0,1,0
1bvy,B,256,TYR,-1.3,193.6,0.0,1,1,X,0.0,0.0,0.0,0.0,0.0,0.0,0.0,0.0,32,0.053621538444046775,22,37,-15,0,0,0,0,0,0,0,0,1,0
1bvy,B,257,GLN,-3.5,143.8,0.0,2,2,X,0.0,0.0,0.0,0.0,0.0,0.0,0.0,0.0,39,0.04942507021799094,12,21,-9,0,0,0,0,0,0,0,0,1,0
1bvy,B,258,ILE,4.5,166.7,0.0,0,0,X,0.0,0.0,0.0,0.0,0.0,0.0,0.0,0.0,39,0.04709369898129325,9,9,0,0,0,0,0,0,0,0,0,1,0
1bvy,B,259,ILE,4.5,166.7,0.0,0,0,X,0.0,0.0,0.0,0.0,0.0,0.0,0.0,0.0,45,0.050823892960009553,15,10,5,0,0,0,0,0,0,0,0,1,0
1bvy,B,260,THR,-0.7,116.1,0.0,1,1,X,0.0,0.0,0.0,0.0,0.0,0.0,0.0,0.0,36,0.04942507021799094,14,5,9,0,0,0,0,0,0,0,0,1,0
1bvy,B,261,PHE,2.8,189.9,0.0,0,0,X,0.0,0.0,0.0,0.0,0.0,0.0,0.0,0.0,39,0.03916703677652112,8,0,8,0,0,0,0,0,0,0,0,1,1
1bvy,B,262,LEU,3.8,166.7,0.0,0,0,X,0.0,0.0,0.0,0.0,0.0,0.0,0.0,0.0,37,0.04616115048661418,12,9,3,0,0,0,0,0,0,0,0,1,0
1bvy,B,263,ILE,4.5,166.7,0.0,0,0,X,0.0,0.0,0.0,0.0,0.0,0.0,0.0,0.0,37,0.04196468226055834,12,9,3,0,0,0,0,0,0,0,0,1,0
1bvy,B,264,ALA,1.8,88.6,0.0,0,0,X,0.0,0.0,0.0,0.0,0.0,0.0,0.0,0.0,39,0.03590311704514436,11,8,3,0,0,0,0,0,0,0,0,1,1
1bvy,B,265,GLY,-0.4,60.1,0.0,0,0,X,0.0,0.0,0.0,0.0,0.0,0.0,0.0,0.0,39,0.040099585271200194,10,15,-5,0,0,0,0,0,0,0,0,1,1
1bvy,B,266,HIS,-3.2,153.2,0.1,2,1,X,0.0,0.0,0.0,0.0,0.0,0.0,0.0,0.0,39,0.048958795970651406,6,15,-9,0,0,0,0,0,0,0,0,1,0
1bvy,B,267,GLU,-3.5,138.4,-1.0,1,3,X,0.0,0.0,0.0,0.0,0.0,0.0,0.0,0.0,36,0.045228601991935104,26,5,21,0,0,0,0,0,0,0,0,1,0
1bvy,B,268,THR,-0.7,116.1,0.0,1,1,X,0.0,0.0,0.0,0.0,0.0,0.0,0.0,0.0,41,0.043829779249916496,15,12,3,0,0,0,0,0,0,0,0,1,1
1bvy,B,269,THR,-0.7,116.1,0.0,1,1,X,0.0,0.0,0.0,0.0,0.0,0.0,0.0,0.0,45,0.043363505002576956,15,18,-3,0,0,0,0,0,0,0,0,1,1
1bvy,B,270,SER,-0.8,89.0,0.0,1,1,X,0.0,0.0,0.0,0.0,0.0,0.0,0.0,0.0,38,0.0526889899493677,24,31,-7,0,0,0,0,0,0,0,0,1,0
1bvy,B,271,GLY,-0.4,60.1,0.0,0,0,X,0.0,0.0,0.0,0.0,0.0,0.0,0.0,0.0,40,0.05502036118606539,14,14,0,0,0,0,0,0,0,0,0,1,0
1bvy,B,272,LEU,3.8,166.7,0.0,0,0,X,0.0,0.0,0.0,0.0,0.0,0.0,0.0,0.0,44,0.04662742473395372,7,15,-8,0,0,0,0,0,0,0,0,1,1
1bvy,B,273,LEU,3.8,166.7,0.0,0,0,X,0.0,0.0,0.0,0.0,0.0,0.0,0.0,0.0,46,0.04709369898129325,3,18,-15,0,0,0,0,0,0,0,0,1,0
1bvy,B,274,SER,-0.8,89.0,0.0,1,1,X,0.0,0.0,0.0,0.0,0.0,0.0,0.0,0.0,44,0.05222271570202816,10,21,-11,0,0,0,0,0,0,0,0,1,0
1bvy,B,275,PHE,2.8,189.9,0.0,0,0,X,0.0,0.0,0.0,0.0,0.0,0.0,0.0,0.0,41,0.048958795970651406,15,12,3,0,0,0,0,0,0,0,0,1,0
1bvy,B,276,ALA,1.8,88.6,0.0,0,0,X,0.0,0.0,0.0,0.0,0.0,0.0,0.0,0.0,43,0.05175644145468863,5,6,-1,0,0,0,0,0,0,0,0,1,0
1bvy,B,277,LEU,3.8,166.7,0.0,0,0,X,0.0,0.0,0.0,0.0,0.0,0.0,0.0,0.0,40,0.04616115048661418,10,13,-3,0,0,0,0,0,0,0,0,1,0
1bvy,B,278,TYR,-1.3,193.6,0.0,1,1,X,0.0,0.0,0.0,0.0,0.0,0.0,0.0,0.0,32,0.05035761871267001,11,17,-6,0,0,0,0,0,0,0,0,1,0
1bvy,B,279,PHE,2.8,189.9,0.0,0,0,X,0.0,0.0,0.0,0.0,0.0,0.0,0.0,0.0,37,0.045694876239274644,16,17,-1,0,0,0,0,0,0,0,0,1,0
1bvy,B,280,LEU,3.8,166.7,0.0,0,0,X,0.0,0.0,0.0,0.0,0.0,0.0,0.0,0.0,35,0.048958795970651406,18,4,14,0,0,0,0,0,0,0,0,1,0
1bvy,B,281,VAL,4.2,140.0,0.0,0,0,X,0.0,0.0,0.0,0.0,0.0,0.0,0.0,0.0,29,0.04429605349725603,18,17,1,0,0,0,0,0,0,0,0,1,0
1bvy,B,282,LYS,-3.9,168.6,1.0,2,0,X,0.0,0.0,0.0,0.0,0.0,0.0,0.0,0.0,26,0.032639197313767604,2,14,-12,0,0,0,0,0,0,0,0,1,0
1bvy,B,283,ASN,-3.5,114.1,0.0,2,2,X,0.0,0.0,0.0,0.0,0.0,0.0,0.0,0.0,26,0.0363693912924839,26,11,15,0,0,0,0,0,0,0,0,1,0
1bvy,B,284,PRO,-1.6,112.7,0.0,0,0,X,0.0,0.0,0.0,0.0,0.0,0.0,0.0,0.0,20,0.032639197313767604,21,4,17,0,0,0,0,0,0,0,0,1,0
1bvy,B,285,HIS,-3.2,153.2,0.1,2,1,X,0.0,0.0,0.0,0.0,0.0,0.0,0.0,0.0,14,0.02797645484037223,12,5,7,0,0,0,0,0,0,0,0,1,0
1bvy,B,286,VAL,4.2,140.0,0.0,0,0,X,0.0,0.0,0.0,0.0,0.0,0.0,0.0,0.0,29,0.043829779249916496,30,17,13,0,0,0,0,0,0,0,0,1,0
1bvy,B,287,LEU,3.8,166.7,0.0,0,0,X,0.0,0.0,0.0,0.0,0.0,0.0,0.0,0.0,32,0.043363505002576956,25,19,6,0,0,0,0,0,0,0,0,1,0
1bvy,B,288,GLN,-3.5,143.8,0.0,2,2,X,0.0,0.0,0.0,0.0,0.0,0.0,0.0,0.0,17,0.03450429430312575,21,16,5,0,0,0,0,0,0,0,0,1,0
1bvy,B,289,LYS,-3.9,168.6,1.0,2,0,X,0.0,0.0,0.0,0.0,0.0,0.0,0.0,0.0,23,0.03730193978716297,14,26,-12,0,0,0,0,0,0,0,0,1,0
1bvy,B,290,ALA,1.8,88.6,0.0,0,0,X,0.0,0.0,0.0,0.0,0.0,0.0,0.0,0.0,39,0.048958795970651406,29,19,10,0,0,0,0,0,0,0,0,1,0
1bvy,B,291,ALA,1.8,88.6,0.0,0,0,X,0.0,0.0,0.0,0.0,0.0,0.0,0.0,0.0,31,0.04243095650789788,35,25,10,0,0,0,0,0,0,0,0,1,0
1bvy,B,292,GLU,-3.5,138.4,-1.0,1,3,X,0.0,0.0,0.0,0.0,0.0,0.0,0.0,0.0,19,0.032172923066428064,28,9,19,0,0,0,0,0,0,0,0,1,0
1bvy,B,293,GLU,-3.5,138.4,-1.0,1,3,X,0.0,0.0,0.0,0.0,0.0,0.0,0.0,0.0,30,0.040565859518539735,33,9,24,0,0,0,0,0,0,0,0,1,0
1bvy,B,294,ALA,1.8,88.6,0.0,0,0,X,0.0,0.0,0.0,0.0,0.0,0.0,0.0,0.0,34,0.04989134446533048,37,19,18,0,0,0,0,0,0,0,0,1,0
1bvy,B,295,ALA,1.8,88.6,0.0,0,0,X,0.0,0.0,0.0,0.0,0.0,0.0,0.0,0.0,23,0.03590311704514436,34,22,12,0,0,0,0,0,0,0,0,1,0
1bvy,B,296,ARG,-4.5,173.4,1.0,5,0,X,0.0,0.0,0.0,0.0,0.0,0.0,0.0,0.0,17,0.02471253510899547,4,18,-14,0,0,0,0,0,0,0,0,1,0
1bvy,B,297,VAL,4.2,140.0,0.0,0,0,X,0.0,0.0,0.0,0.0,0.0,0.0,0.0,0.0,27,0.03776821403450251,33,21,12,0,0,0,0,0,0,0,0,1,0
1bvy,B,298,LEU,3.8,166.7,0.0,0,0,X,0.0,0.0,0.0,0.0,0.0,0.0,0.0,0.0,35,0.043829779249916496,32,19,13,0,0,0,0,0,0,0,0,1,0
1bvy,B,299,VAL,4.2,140.0,0.0,0,0,X,0.0,0.0,0.0,0.0,0.0,0.0,0.0,0.0,17,0.02797645484037223,13,10,3,0,0,0,0,0,0,0,0,1,0
1bvy,B,300,ASP,-3.5,111.1,-1.0,1,3,X,0.0,0.0,0.0,0.0,0.0,0.0,0.0,0.0,24,0.027043906345693154,11,0,11,0,0,0,0,0,0,0,0,1,0
1bvy,B,301,PRO,-1.6,112.7,0.0,0,0,X,0.0,0.0,0.0,0.0,0.0,0.0,0.0,0.0,19,0.034970568550465285,10,8,2,0,0,0,0,0,0,0,0,1,0
1bvy,B,302,VAL,4.2,140.0,0.0,0,0,X,0.0,0.0,0.0,0.0,0.0,0.0,0.0,0.0,28,0.04196468226055834,18,10,8,0,0,0,0,0,0,0,0,1,0
1bvy,B,303,PRO,-1.6,112.7,0.0,0,0,X,0.0,0.0,0.0,0.0,0.0,0.0,0.0,0.0,36,0.045228601991935104,32,10,22,0,0,0,0,0,0,0,0,1,0
1bvy,B,304,SER,-0.8,89.0,0.0,1,1,X,0.0,0.0,0.0,0.0,0.0,0.0,0.0,0.0,24,0.0363693912924839,38,8,30,0,0,0,0,0,0,0,0,1,0
1bvy,B,305,TYR,-1.3,193.6,0.0,1,1,X,0.0,0.0,0.0,0.0,0.0,0.0,0.0,0.0,25,0.04103213376587927,47,1,46,0,0,0,0,0,0,0,0,1,0
1bvy,B,306,LYS,-3.9,168.6,1.0,2,0,X,0.0,0.0,0.0,0.0,0.0,0.0,0.0,0.0,17,0.032639197313767604,30,2,28,0,0,0,0,0,0,0,0,1,0
1bvy,B,307,GLN,-3.5,143.8,0.0,2,2,X,0.0,0.0,0.0,0.0,0.0,0.0,0.0,0.0,27,0.040099585271200194,34,11,23,0,0,0,0,0,0,0,0,1,0
1bvy,B,308,VAL,4.2,140.0,0.0,0,0,X,0.0,0.0,0.0,0.0,0.0,0.0,0.0,0.0,33,0.05129016720734909,45,9,36,0,0,0,0,0,0,0,0,1,0
1bvy,B,309,LYS,-3.9,168.6,1.0,2,0,X,0.0,0.0,0.0,0.0,0.0,0.0,0.0,0.0,19,0.035436842797804825,39,0,39,0,0,0,0,0,0,0,0,1,0
1bvy,B,310,GLN,-3.5,143.8,0.0,2,2,X,0.0,0.0,0.0,0.0,0.0,0.0,0.0,0.0,19,0.03310547156110714,37,8,29,0,0,0,0,0,0,0,0,1,0
1bvy,B,311,LEU,3.8,166.7,0.0,0,0,X,0.0,0.0,0.0,0.0,0.0,0.0,0.0,0.0,35,0.043829779249916496,38,11,27,0,0,0,0,0,0,0,0,1,0
1bvy,B,312,LYS,-3.9,168.6,1.0,2,0,X,0.0,0.0,0.0,0.0,0.0,0.0,0.0,0.0,21,0.030307826077069916,13,14,-1,0,0,0,0,0,0,0,0,1,0
1bvy,B,313,TYR,-1.3,193.6,0.0,1,1,X,0.0,0.0,0.0,0.0,0.0,0.0,0.0,0.0,31,0.03963331102386066,27,37,-10,0,0,0,0,0,0,0,0,1,0
1bvy,B,314,VAL,4.2,140.0,0.0,0,0,X,0.0,0.0,0.0,0.0,0.0,0.0,0.0,0.0,41,0.04989134446533048,18,15,3,0,0,0,0,0,0,0,0,1,0
1bvy,B,315,GLY,-0.4,60.1,0.0,0,0,X,0.0,0.0,0.0,0.0,0.0,0.0,0.0,0.0,35,0.043363505002576956,16,13,3,0,0,0,0,0,0,0,0,1,0
1bvy,B,316,MET,1.9,162.9,0.0,0,0,X,0.0,0.0,0.0,0.0,0.0,0.0,0.0,0.0,31,0.04662742473395372,31,32,-1,0,0,0,0,0,0,0,0,1,0
1bvy,B,317,VAL,4.2,140.0,0.0,0,0,X,0.0,0.0,0.0,0.0,0.0,0.0,0.0,0.0,41,0.050823892960009553,15,20,-5,0,0,0,0,0,0,0,0,1,0
1bvy,B,318,LEU,3.8,166.7,0.0,0,0,X,0.0,0.0,0.0,0.0,0.0,0.0,0.0,0.0,45,0.045694876239274644,10,11,-1,0,0,0,0,0,0,0,0,1,0
1bvy,B,319,ASN,-3.5,114.1,0.0,2,2,X,0.0,0.0,0.0,0.0,0.0,0.0,0.0,0.0,37,0.045228601991935104,29,13,16,0,0,0,0,0,0,0,0,1,0
1bvy,B,320,GLU,-3.5,138.4,-1.0,1,3,X,0.0,0.0,0.0,0.0,0.0,0.0,0.0,0.0,37,0.058750555164781684,45,21,24,0,0,0,0,0,0,0,0,1,0
1bvy,B,321,ALA,1.8,88.6,0.0,0,0,X,0.0,0.0,0.0,0.0,0.0,0.0,0.0,0.0,41,0.05595290968074446,26,12,14,0,0,0,0,0,0,0,0,1,0
1bvy,B,322,LEU,3.8,166.7,0.0,0,0,X,0.0,0.0,0.0,0.0,0.0,0.0,0.0,0.0,38,0.05222271570202816,25,9,16,0,0,0,0,0,0,0,0,1,0
1bvy,B,323,ARG,-4.5,173.4,1.0,5,0,X,0.0,0.0,0.0,0.0,0.0,0.0,0.0,0.0,35,0.05921682941212122,41,31,10,0,0,0,0,0,0,0,0,1,0
1bvy,B,324,LEU,3.8,166.7,0.0,0,0,X,0.0,0.0,0.0,0.0,0.0,0.0,0.0,0.0,39,0.05548663543340492,43,26,17,0,0,0,0,0,0,0,0,1,0
1bvy,B,325,TRP,-0.9,227.8,0.0,1,0,X,0.0,0.0,0.0,0.0,0.0,0.0,0.0,0.0,36,0.04989134446533048,34,18,16,0,0,0,0,0,0,0,0,1,0
1bvy,B,326,PRO,-1.6,112.7,0.0,0,0,X,0.0,0.0,0.0,0.0,0.0,0.0,0.0,0.0,39,0.05408781269138631,31,5,26,0,0,0,0,0,0,0,0,1,0
1bvy,B,327,THR,-0.7,116.1,0.0,1,1,X,0.0,0.0,0.0,0.0,0.0,0.0,0.0,0.0,40,0.04709369898129325,20,12,8,0,0,0,0,0,0,0,0,1,1
1bvy,B,328,ALA,1.8,88.6,0.0,0,0,X,0.0,0.0,0.0,0.0,0.0,0.0,0.0,0.0,35,0.03963331102386066,8,6,2,0,0,0,0,0,0,0,0,1,1
1bvy,B,329,PRO,-1.6,112.7,0.0,0,0,X,0.0,0.0,0.0,0.0,0.0,0.0,0.0,0.0,38,0.04196468226055834,12,8,4,0,0,0,0,0,0,0,0,1,0
1bvy,B,330,ALA,1.8,88.6,0.0,0,0,X,0.0,0.0,0.0,0.0,0.0,0.0,0.0,0.0,36,0.03403802005578621,4,3,1,0,0,0,0,0,0,0,0,1,0
1bvy,B,331,PHE,2.8,189.9,0.0,0,0,X,0.0,0.0,0.0,0.0,0.0,0.0,0.0,0.0,37,0.03776821403450251,25,5,20,0,0,0,0,0,0,0,0,1,1
1bvy,B,332,SER,-0.8,89.0,0.0,1,1,X,0.0,0.0,0.0,0.0,0.0,0.0,0.0,0.0,35,0.043363505002576956,19,18,1,0,0,0,0,0,0,0,0,1,0
1bvy,B,333,LEU,3.8,166.7,0.0,0,0,X,0.0,0.0,0.0,0.0,0.0,0.0,0.0,0.0,36,0.048958795970651406,26,33,-7,0,0,0,0,0,0,0,0,1,0
1bvy,B,334,TYR,-1.3,193.6,0.0,1,1,X,0.0,0.0,0.0,0.0,0.0,0.0,0.0,0.0,28,0.04942507021799094,37,37,0,0,0,0,0,0,0,0,0,1,0
1bvy,B,335,ALA,1.8,88.6,0.0,0,0,X,0.0,0.0,0.0,0.0,0.0,0.0,0.0,0.0,29,0.05129016720734909,35,51,-16,0,0,0,0,0,0,0,0,1,0
1bvy,B,336,LYS,-3.9,168.6,1.0,2,0,X,0.0,0.0,0.0,0.0,0.0,0.0,0.0,0.0,21,0.040099585271200194,23,41,-18,0,0,0,0,0,0,0,0,1,0
1bvy,B,337,GLU,-3.5,138.4,-1.0,1,3,X,0.0,0.0,0.0,0.0,0.0,0.0,0.0,0.0,16,0.03310547156110714,28,17,11,0,0,0,0,0,0,0,0,1,0
1bvy,B,338,ASP,-3.5,111.1,-1.0,1,3,X,0.0,0.0,0.0,0.0,0.0,0.0,0.0,0.0,16,0.03124037457174899,23,25,-2,0,0,0,0,0,0,0,0,1,0
1bvy,B,339,THR,-0.7,116.1,0.0,1,1,X,0.0,0.0,0.0,0.0,0.0,0.0,0.0,0.0,22,0.03450429430312575,23,40,-17,0,0,0,0,0,0,0,0,1,0
1bvy,B,340,VAL,4.2,140.0,0.0,0,0,X,0.0,0.0,0.0,0.0,0.0,0.0,0.0,0.0,20,0.03450429430312575,11,28,-17,0,0,0,0,0,0,0,0,1,0
1bvy,B,341,LEU,3.8,166.7,0.0,0,0,X,0.0,0.0,0.0,0.0,0.0,0.0,0.0,0.0,27,0.045694876239274644,29,29,0,0,0,0,0,0,0,0,0,1,0
1bvy,B,342,GLY,-0.4,60.1,0.0,0,0,X,0.0,0.0,0.0,0.0,0.0,0.0,0.0,0.0,20,0.034970568550465285,19,23,-4,0,0,0,0,0,0,0,0,1,0
1bvy,B,343,GLY,-0.4,60.1,0.0,0,0,X,0.0,0.0,0.0,0.0,0.0,0.0,0.0,0.0,13,0.02471253510899547,11,15,-4,0,0,0,0,0,0,0,0,1,0
1bvy,B,344,GLU,-3.5,138.4,-1.0,1,3,X,0.0,0.0,0.0,0.0,0.0,0.0,0.0,0.0,13,0.024246260861655933,6,7,-1,0,0,0,0,0,0,0,0,1,0
1bvy,B,345,TYR,-1.3,193.6,0.0,1,1,X,0.0,0.0,0.0,0.0,0.0,0.0,0.0,0.0,21,0.03357174580844668,16,23,-7,0,0,0,0,0,0,0,0,1,0
1bvy,B,346,PRO,-1.6,112.7,0.0,0,0,X,0.0,0.0,0.0,0.0,0.0,0.0,0.0,0.0,19,0.030307826077069916,9,30,-21,0,0,0,0,0,0,0,0,1,0
1bvy,B,347,LEU,3.8,166.7,0.0,0,0,X,0.0,0.0,0.0,0.0,0.0,0.0,0.0,0.0,28,0.04149840801321881,27,40,-13,0,0,0,0,0,0,0,0,1,0
1bvy,B,348,GLU,-3.5,138.4,-1.0,1,3,X,0.0,0.0,0.0,0.0,0.0,0.0,0.0,0.0,17,0.032639197313767604,17,25,-8,0,0,0,0,0,0,0,0,1,0
1bvy,B,349,LYS,-3.9,168.6,1.0,2,0,X,0.0,0.0,0.0,0.0,0.0,0.0,0.0,0.0,13,0.034970568550465285,10,35,-25,0,0,0,0,0,0,0,0,1,0
1bvy,B,350,GLY,-0.4,60.1,0.0,0,0,X,0.0,0.0,0.0,0.0,0.0,0.0,0.0,0.0,25,0.032172923066428064,30,44,-14,0,0,0,0,0,0,0,0,1,0
1bvy,B,351,ASP,-3.5,111.1,-1.0,1,3,X,0.0,0.0,0.0,0.0,0.0,0.0,0.0,0.0,29,0.04196468226055834,33,31,2,0,0,0,0,0,0,0,0,1,0
1bvy,B,352,GLU,-3.5,138.4,-1.0,1,3,X,0.0,0.0,0.0,0.0,0.0,0.0,0.0,0.0,32,0.043829779249916496,30,11,19,0,0,0,0,0,0,0,0,1,0
1bvy,B,353,LEU,3.8,166.7,0.0,0,0,X,0.0,0.0,0.0,0.0,0.0,0.0,0.0,0.0,36,0.05222271570202816,19,27,-8,0,0,0,0,0,0,0,0,1,0
1bvy,B,354,MET,1.9,162.9,0.0,0,0,X,0.0,0.0,0.0,0.0,0.0,0.0,0.0,0.0,32,0.048492521723311866,9,12,-3,0,0,0,0,0,0,0,0,1,0
1bvy,B,355,VAL,4.2,140.0,0.0,0,0,X,0.0,0.0,0.0,0.0,0.0,0.0,0.0,0.0,37,0.05035761871267001,20,7,13,0,0,0,0,0,0,0,0,1,0
1bvy,B,356,LEU,3.8,166.7,0.0,0,0,X,0.0,0.0,0.0,0.0,0.0,0.0,0.0,0.0,38,0.0526889899493677,18,5,13,0,0,0,0,0,0,0,0,1,0
1bvy,B,357,ILE,4.5,166.7,0.0,0,0,X,0.0,0.0,0.0,0.0,0.0,0.0,0.0,0.0,38,0.053155264196707235,35,1,34,0,0,0,0,0,0,0,0,1,0
1bvy,B,358,PRO,-1.6,112.7,0.0,0,0,X,0.0,0.0,0.0,0.0,0.0,0.0,0.0,0.0,41,0.05222271570202816,38,11,27,0,0,0,0,0,0,0,0,1,0
1bvy,B,359,GLN,-3.5,143.8,0.0,2,2,X,0.0,0.0,0.0,0.0,0.0,0.0,0.0,0.0,39,0.04662742473395372,37,26,11,0,0,0,0,0,0,0,0,1,0
1bvy,B,360,LEU,3.8,166.7,0.0,0,0,X,0.0,0.0,0.0,0.0,0.0,0.0,0.0,0.0,40,0.05175644145468863,55,12,43,0,0,0,0,0,0,0,0,1,0
1bvy,B,361,HIS,-3.2,153.2,0.1,2,1,X,0.0,0.0,0.0,0.0,0.0,0.0,0.0,0.0,39,0.05548663543340492,37,18,19,0,0,0,0,0,0,0,0,1,0
1bvy,B,362,ARG,-4.5,173.4,1.0,5,0,X,0.0,0.0,0.0,0.0,0.0,0.0,0.0,0.0,31,0.053621538444046775,36,37,-1,0,0,0,0,0,0,0,0,1,0
1bvy,B,363,ASP,-3.5,111.1,-1.0,1,3,X,0.0,0.0,0.0,0.0,0.0,0.0,0.0,0.0,27,0.04616115048661418,38,11,27,0,0,0,0,0,0,0,0,1,0
1bvy,B,364,LYS,-3.9,168.6,1.0,2,0,X,0.0,0.0,0.0,0.0,0.0,0.0,0.0,0.0,17,0.03310547156110714,16,30,-14,0,0,0,0,0,0,0,0,1,0
1bvy,B,365,THR,-0.7,116.1,0.0,1,1,X,0.0,0.0,0.0,0.0,0.0,0.0,0.0,0.0,18,0.022847438119637322,18,15,3,0,0,0,0,0,0,0,0,1,0
1bvy,B,366,ILE,4.5,166.7,0.0,0,0,X,0.0,0.0,0.0,0.0,0.0,0.0,0.0,0.0,24,0.03357174580844668,34,11,23,0,0,0,0,0,0,0,0,1,0
1bvy,B,367,TRP,-0.9,227.8,0.0,1,0,X,0.0,0.0,0.0,0.0,0.0,0.0,0.0,0.0,32,0.04243095650789788,57,30,27,0,0,0,0,0,0,0,0,1,0
1bvy,B,368,GLY,-0.4,60.1,0.0,0,0,X,0.0,0.0,0.0,0.0,0.0,0.0,0.0,0.0,16,0.02984155182973038,35,31,4,0,0,0,0,0,0,0,0,1,0
1bvy,B,369,ASP,-3.5,111.1,-1.0,1,3,X,0.0,0.0,0.0,0.0,0.0,0.0,0.0,0.0,14,0.022381163872297785,19,22,-3,0,0,0,0,0,0,0,0,1,0
1bvy,B,370,ASP,-3.5,111.1,-1.0,1,3,X,0.0,0.0,0.0,0.0,0.0,0.0,0.0,0.0,17,0.03124037457174899,40,32,8,0,0,0,0,0,0,0,0,1,0
1bvy,B,371,VAL,4.2,140.0,0.0,0,0,X,0.0,0.0,0.0,0.0,0.0,0.0,0.0,0.0,23,0.04662742473395372,53,47,6,0,0,0,0,0,0,0,0,1,0
1bvy,B,372,GLU,-3.5,138.4,-1.0,1,3,X,0.0,0.0,0.0,0.0,0.0,0.0,0.0,0.0,24,0.03124037457174899,38,30,8,0,0,0,0,0,0,0,0,1,0
1bvy,B,373,GLU,-3.5,138.4,-1.0,1,3,X,0.0,0.0,0.0,0.0,0.0,0.0,0.0,0.0,18,0.03590311704514436,28,31,-3,0,0,0,0,0,0,0,0,1,0
1bvy,B,374,PHE,2.8,189.9,0.0,0,0,X,0.0,0.0,0.0,0.0,0.0,0.0,0.0,0.0,33,0.04429605349725603,38,34,4,0,0,0,0,0,0,0,0,1,0
1bvy,B,375,ARG,-4.5,173.4,1.0,5,0,X,0.0,0.0,0.0,0.0,0.0,0.0,0.0,0.0,22,0.043829779249916496,19,48,-29,0,0,0,0,0,0,0,0,1,0
1bvy,B,376,PRO,-1.6,112.7,0.0,0,0,X,0.0,0.0,0.0,0.0,0.0,0.0,0.0,0.0,31,0.05502036118606539,39,33,6,0,0,0,0,0,0,0,0,1,0
1bvy,B,377,GLU,-3.5,138.4,-1.0,1,3,X,0.0,0.0,0.0,0.0,0.0,0.0,0.0,0.0,17,0.03683566553982344,30,21,9,0,0,0,0,0,0,0,0,1,0
1bvy,B,378,ARG,-4.5,173.4,1.0,5,0,X,0.0,0.0,0.0,0.0,0.0,0.0,0.0,0.0,27,0.04149840801321881,24,49,-25,0,0,0,0,0,0,0,0,1,0
1bvy,B,379,PHE,2.8,189.9,0.0,0,0,X,0.0,0.0,0.0,0.0,0.0,0.0,0.0,0.0,27,0.04149840801321881,33,27,6,0,0,0,0,0,0,0,0,1,0
1bvy,B,380,GLU,-3.5,138.4,-1.0,1,3,X,0.0,0.0,0.0,0.0,0.0,0.0,0.0,0.0,15,0.027043906345693154,23,9,14,0,0,0,0,0,0,0,0,1,0
1bvy,B,381,ASN,-3.5,114.1,0.0,2,2,X,0.0,0.0,0.0,0.0,0.0,0.0,0.0,0.0,12,0.025178809356335007,5,12,-7,0,0,0,0,0,0,0,0,1,0
1bvy,B,382,PRO,-1.6,112.7,0.0,0,0,X,0.0,0.0,0.0,0.0,0.0,0.0,0.0,0.0,14,0.024246260861655933,5,10,-5,0,0,0,0,0,0,0,0,1,0
1bvy,B,383,SER,-0.8,89.0,0.0,1,1,X,0.0,0.0,0.0,0.0,0.0,0.0,0.0,0.0,9,0.01818469564624195,2,5,-3,0,0,0,0,0,0,0,0,1,0
1bvy,B,384,ALA,1.8,88.6,0.0,0,0,X,0.0,0.0,0.0,0.0,0.0,0.0,0.0,0.0,14,0.020049792635600097,4,6,-2,0,0,0,0,0,0,0,0,1,0
1bvy,B,385,ILE,4.5,166.7,0.0,0,0,X,0.0,0.0,0.0,0.0,0.0,0.0,0.0,0.0,18,0.032172923066428064,14,4,10,0,0,0,0,0,0,0,0,1,0
1bvy,B,386,PRO,-1.6,112.7,0.0,0,0,X,0.0,0.0,0.0,0.0,0.0,0.0,0.0,0.0,19,0.026577632098353617,20,3,17,0,0,0,0,0,0,0,0,1,0
1bvy,B,387,GLN,-3.5,143.8,0.0,2,2,X,0.0,0.0,0.0,0.0,0.0,0.0,0.0,0.0,18,0.02611135785101408,27,3,24,0,0,0,0,0,0,0,0,1,0
1bvy,B,388,HIS,-3.2,153.2,0.1,2,1,X,0.0,0.0,0.0,0.0,0.0,0.0,0.0,0.0,25,0.03916703677652112,24,10,14,0,0,0,0,0,0,0,0,1,0
1bvy,B,389,ALA,1.8,88.6,0.0,0,0,X,0.0,0.0,0.0,0.0,0.0,0.0,0.0,0.0,33,0.048026247475972325,48,8,40,0,0,0,0,0,0,0,0,1,0
1bvy,B,390,PHE,2.8,189.9,0.0,0,0,X,0.0,0.0,0.0,0.0,0.0,0.0,0.0,0.0,31,0.04476232774459557,42,7,35,0,0,0,0,0,0,0,0,1,0
1bvy,B,391,LYS,-3.9,168.6,1.0,2,0,X,0.0,0.0,0.0,0.0,0.0,0.0,0.0,0.0,36,0.040565859518539735,25,0,25,0,0,0,0,0,0,0,0,1,0
1bvy,B,392,PRO,-1.6,112.7,0.0,0,0,X,0.0,0.0,0.0,0.0,0.0,0.0,0.0,0.0,36,0.045694876239274644,26,3,23,0,0,0,0,0,0,0,0,1,1
1bvy,B,393,PHE,2.8,189.9,0.0,0,0,X,0.0,0.0,0.0,0.0,0.0,0.0,0.0,0.0,31,0.03590311704514436,15,0,15,0,0,0,0,0,0,0,0,1,1
1bvy,B,394,GLY,-0.4,60.1,0.0,0,0,X,0.0,0.0,0.0,0.0,0.0,0.0,0.0,0.0,29,0.03730193978716297,32,2,30,0,0,0,0,0,0,0,0,1,1
1bvy,B,395,ASN,-3.5,114.1,0.0,2,2,X,0.0,0.0,0.0,0.0,0.0,0.0,0.0,0.0,29,0.03357174580844668,38,22,16,0,0,0,0,0,0,0,0,1,0
1bvy,B,396,GLY,-0.4,60.1,0.0,0,0,X,0.0,0.0,0.0,0.0,0.0,0.0,0.0,0.0,24,0.02611135785101408,29,16,13,0,0,0,0,0,0,0,0,1,0
1bvy,B,397,GLN,-3.5,143.8,0.0,2,2,X,0.0,0.0,0.0,0.0,0.0,0.0,0.0,0.0,24,0.027043906345693154,36,18,18,0,0,0,0,0,0,0,0,1,0
1bvy,B,398,ARG,-4.5,173.4,1.0,5,0,X,0.0,0.0,0.0,0.0,0.0,0.0,0.0,0.0,30,0.03823448828184205,21,13,8,0,0,0,0,0,0,0,0,1,1
1bvy,B,399,ALA,1.8,88.6,0.0,0,0,X,0.0,0.0,0.0,0.0,0.0,0.0,0.0,0.0,23,0.03170664881908853,30,4,26,0,0,0,0,0,0,0,0,1,1
1bvy,B,400,CYS,2.5,108.5,0.0,1,0,X,0.0,0.0,0.0,0.0,0.0,0.0,0.0,0.0,29,0.02984155182973038,14,0,14,0,0,0,0,0,0,0,0,1,1
1bvy,B,401,ILE,4.5,166.7,0.0,0,0,X,0.0,0.0,0.0,0.0,0.0,0.0,0.0,0.0,32,0.03730193978716297,17,0,17,0,0,0,0,0,0,0,0,1,1
1bvy,B,402,GLY,-0.4,60.1,0.0,0,0,X,0.0,0.0,0.0,0.0,0.0,0.0,0.0,0.0,33,0.03870076252918159,5,2,3,0,0,0,0,0,0,0,0,1,1
1bvy,B,403,GLN,-3.5,143.8,0.0,2,2,X,0.0,0.0,0.0,0.0,0.0,0.0,0.0,0.0,23,0.03590311704514436,6,1,5,0,0,0,0,0,0,0,0,1,0
1bvy,B,404,GLN,-3.5,143.8,0.0,2,2,X,0.0,0.0,0.0,0.0,0.0,0.0,0.0,0.0,26,0.04149840801321881,12,3,9,0,0,0,0,0,0,0,0,1,0
1bvy,B,405,PHE,2.8,189.9,0.0,0,0,X,0.0,0.0,0.0,0.0,0.0,0.0,0.0,0.0,40,0.04662742473395372,17,9,8,0,0,0,0,0,0,0,0,1,0
1bvy,B,406,ALA,1.8,88.6,0.0,0,0,X,0.0,0.0,0.0,0.0,0.0,0.0,0.0,0.0,35,0.040565859518539735,14,9,5,0,0,0,0,0,0,0,0,1,1
1bvy,B,407,LEU,3.8,166.7,0.0,0,0,X,0.0,0.0,0.0,0.0,0.0,0.0,0.0,0.0,32,0.04243095650789788,10,9,1,0,0,0,0,0,0,0,0,1,0
1bvy,B,408,HIS,-3.2,153.2,0.1,2,1,X,0.0,0.0,0.0,0.0,0.0,0.0,0.0,0.0,41,0.043829779249916496,30,9,21,0,0,0,0,0,0,0,0,1,0
1bvy,B,409,GLU,-3.5,138.4,-1.0,1,3,X,0.0,0.0,0.0,0.0,0.0,0.0,0.0,0.0,40,0.04709369898129325,20,2,18,0,0,0,0,0,0,0,0,1,0
1bvy,B,410,ALA,1.8,88.6,0.0,0,0,X,0.0,0.0,0.0,0.0,0.0,0.0,0.0,0.0,39,0.045694876239274644,10,9,1,0,0,0,0,0,0,0,0,1,0
1bvy,B,411,THR,-0.7,116.1,0.0,1,1,X,0.0,0.0,0.0,0.0,0.0,0.0,0.0,0.0,43,0.04709369898129325,26,12,14,0,0,0,0,0,0,0,0,1,0
1bvy,B,412,LEU,3.8,166.7,0.0,0,0,X,0.0,0.0,0.0,0.0,0.0,0.0,0.0,0.0,42,0.04942507021799094,24,12,12,0,0,0,0,0,0,0,0,1,0
1bvy,B,413,VAL,4.2,140.0,0.0,0,0,X,0.0,0.0,0.0,0.0,0.0,0.0,0.0,0.0,46,0.04429605349725603,16,12,4,0,0,0,0,0,0,0,0,1,0
1bvy,B,414,LEU,3.8,166.7,0.0,0,0,X,0.0,0.0,0.0,0.0,0.0,0.0,0.0,0.0,45,0.043829779249916496,7,9,-2,0,0,0,0,0,0,0,0,1,0
1bvy,B,415,GLY,-0.4,60.1,0.0,0,0,X,0.0,0.0,0.0,0.0,0.0,0.0,0.0,0.0,40,0.050823892960009553,20,14,6,0,0,0,0,0,0,0,0,1,0
1bvy,B,416,MET,1.9,162.9,0.0,0,0,X,0.0,0.0,0.0,0.0,0.0,0.0,0.0,0.0,45,0.04616115048661418,22,6,16,0,0,0,0,0,0,0,0,1,0
1bvy,B,417,MET,1.9,162.9,0.0,0,0,X,0.0,0.0,0.0,0.0,0.0,0.0,0.0,0.0,40,0.04709369898129325,22,6,16,0,0,0,0,0,0,0,0,1,0
1bvy,B,418,LEU,3.8,166.7,0.0,0,0,X,0.0,0.0,0.0,0.0,0.0,0.0,0.0,0.0,39,0.04662742473395372,29,22,7,0,0,0,0,0,0,0,0,1,0
1bvy,B,419,LYS,-3.9,168.6,1.0,2,0,X,0.0,0.0,0.0,0.0,0.0,0.0,0.0,0.0,36,0.04476232774459557,28,16,12,0,0,0,0,0,0,0,0,1,0
1bvy,B,420,HIS,-3.2,153.2,0.1,2,1,X,0.0,0.0,0.0,0.0,0.0,0.0,0.0,0.0,35,0.04476232774459557,29,17,12,0,0,0,0,0,0,0,0,1,0
1bvy,B,421,PHE,2.8,189.9,0.0,0,0,X,0.0,0.0,0.0,0.0,0.0,0.0,0.0,0.0,32,0.045228601991935104,52,18,34,0,0,0,0,0,0,0,0,1,0
1bvy,B,422,ASP,-3.5,111.1,-1.0,1,3,X,0.0,0.0,0.0,0.0,0.0,0.0,0.0,0.0,24,0.03590311704514436,33,9,24,0,0,0,0,0,0,0,0,1,0
1bvy,B,423,PHE,2.8,189.9,0.0,0,0,X,0.0,0.0,0.0,0.0,0.0,0.0,0.0,0.0,32,0.03823448828184205,34,23,11,0,0,0,0,0,0,0,0,1,0
1bvy,B,424,GLU,-3.5,138.4,-1.0,1,3,X,0.0,0.0,0.0,0.0,0.0,0.0,0.0,0.0,20,0.03590311704514436,31,18,13,0,0,0,0,0,0,0,0,1,0
1bvy,B,425,ASP,-3.5,111.1,-1.0,1,3,X,0.0,0.0,0.0,0.0,0.0,0.0,0.0,0.0,23,0.04243095650789788,27,12,15,0,0,0,0,0,0,0,0,1,0
1bvy,B,426,HIS,-3.2,153.2,0.1,2,1,X,0.0,0.0,0.0,0.0,0.0,0.0,0.0,0.0,21,0.030774100324409453,22,23,-1,0,0,0,0,0,0,0,0,1,0
1bvy,B,427,THR,-0.7,116.1,0.0,1,1,X,0.0,0.0,0.0,0.0,0.0,0.0,0.0,0.0,16,0.02611135785101408,25,23,2,0,0,0,0,0,0,0,0,1,0
1bvy,B,428,ASN,-3.5,114.1,0.0,2,2,X,0.0,0.0,0.0,0.0,0.0,0.0,0.0,0.0,13,0.02471253510899547,17,23,-6,0,0,0,0,0,0,0,0,1,0
1bvy,B,429,TYR,-1.3,193.6,0.0,1,1,X,0.0,0.0,0.0,0.0,0.0,0.0,0.0,0.0,26,0.03776821403450251,17,32,-15,0,0,0,0,0,0,0,0,1,0
1bvy,B,430,GLU,-3.5,138.4,-1.0,1,3,X,0.0,0.0,0.0,0.0,0.0,0.0,0.0,0.0,14,0.02797645484037223,5,15,-10,0,0,0,0,0,0,0,0,1,0
1bvy,B,431,LEU,3.8,166.7,0.0,0,0,X,0.0,0.0,0.0,0.0,0.0,0.0,0.0,0.0,21,0.03590311704514436,15,25,-10,0,0,0,0,0,0,0,0,1,0
1bvy,B,432,ASP,-3.5,111.1,-1.0,1,3,X,0.0,0.0,0.0,0.0,0.0,0.0,0.0,0.0,19,0.034970568550465285,24,25,-1,0,0,0,0,0,0,0,0,1,0
1bvy,B,433,ILE,4.5,166.7,0.0,0,0,X,0.0,0.0,0.0,0.0,0.0,0.0,0.0,0.0,32,0.04709369898129325,28,32,-4,0,0,0,0,0,0,0,0,1,0
1bvy,B,434,LYS,-3.9,168.6,1.0,2,0,X,0.0,0.0,0.0,0.0,0.0,0.0,0.0,0.0,25,0.043363505002576956,18,41,-23,0,0,0,0,0,0,0,0,1,0
1bvy,B,435,GLU,-3.5,138.4,-1.0,1,3,X,0.0,0.0,0.0,0.0,0.0,0.0,0.0,0.0,29,0.04103213376587927,26,17,9,0,0,0,0,0,0,0,0,1,0
1bvy,B,436,THR,-0.7,116.1,0.0,1,1,X,0.0,0.0,0.0,0.0,0.0,0.0,0.0,0.0,28,0.03450429430312575,25,31,-6,0,0,0,0,0,0,0,0,1,0
1bvy,B,437,LEU,3.8,166.7,0.0,0,0,X,0.0,0.0,0.0,0.0,0.0,0.0,0.0,0.0,35,0.030307826077069916,8,21,-13,0,0,0,0,0,0,0,0,1,0
1bvy,B,438,THR,-0.7,116.1,0.0,1,1,X,0.0,0.0,0.0,0.0,0.0,0.0,0.0,0.0,30,0.03963331102386066,28,18,10,0,0,0,0,0,0,0,0,1,0
1bvy,B,439,LEU,3.8,166.7,0.0,0,0,X,0.0,0.0,0.0,0.0,0.0,0.0,0.0,0.0,35,0.053155264196707235,24,24,0,0,0,0,0,0,0,0,0,1,0
1bvy,B,440,LYS,-3.9,168.6,1.0,2,0,X,0.0,0.0,0.0,0.0,0.0,0.0,0.0,0.0,33,0.05035761871267001,12,40,-28,0,0,0,0,0,0,0,0,1,0
1bvy,B,441,PRO,-1.6,112.7,0.0,0,0,X,0.0,0.0,0.0,0.0,0.0,0.0,0.0,0.0,35,0.05408781269138631,17,34,-17,0,0,0,0,0,0,0,0,1,0
1bvy,B,442,GLU,-3.5,138.4,-1.0,1,3,X,0.0,0.0,0.0,0.0,0.0,0.0,0.0,0.0,22,0.03963331102386066,22,22,0,0,0,0,0,0,0,0,0,1,0
1bvy,B,443,GLY,-0.4,60.1,0.0,0,0,X,0.0,0.0,0.0,0.0,0.0,0.0,0.0,0.0,24,0.035436842797804825,19,39,-20,0,0,0,0,0,0,0,0,1,0
1bvy,B,444,PHE,2.8,189.9,0.0,0,0,X,0.0,0.0,0.0,0.0,0.0,0.0,0.0,0.0,39,0.04709369898129325,26,40,-14,0,0,0,0,0,0,0,0,1,0
1bvy,B,445,VAL,4.2,140.0,0.0,0,0,X,0.0,0.0,0.0,0.0,0.0,0.0,0.0,0.0,29,0.04755997322863279,30,40,-10,0,0,0,0,0,0,0,0,1,0
1bvy,B,446,VAL,4.2,140.0,0.0,0,0,X,0.0,0.0,0.0,0.0,0.0,0.0,0.0,0.0,31,0.05129016720734909,32,34,-2,0,0,0,0,0,0,0,0,1,0
1bvy,B,447,LYS,-3.9,168.6,1.0,2,0,X,0.0,0.0,0.0,0.0,0.0,0.0,0.0,0.0,26,0.04289723075523742,29,36,-7,0,0,0,0,0,0,0,0,1,0
1bvy,B,448,ALA,1.8,88.6,0.0,0,0,X,0.0,0.0,0.0,0.0,0.0,0.0,0.0,0.0,31,0.045228601991935104,47,36,11,0,0,0,0,0,0,0,0,1,0
1bvy,B,449,LYS,-3.9,168.6,1.0,2,0,X,0.0,0.0,0.0,0.0,0.0,0.0,0.0,0.0,20,0.032172923066428064,29,22,7,0,0,0,0,0,0,0,0,1,0
1bvy,B,450,SER,-0.8,89.0,0.0,1,1,X,0.0,0.0,0.0,0.0,0.0,0.0,0.0,0.0,22,0.03776821403450251,45,17,28,0,0,0,0,0,0,0,0,1,0
1bvy,B,451,LYS,-3.9,168.6,1.0,2,0,X,0.0,0.0,0.0,0.0,0.0,0.0,0.0,0.0,18,0.032639197313767604,34,12,22,0,0,0,0,0,0,0,0,1,0
1bvy,B,452,LYS,-3.9,168.6,1.0,2,0,X,0.0,0.0,0.0,0.0,0.0,0.0,0.0,0.0,16,0.02611135785101408,28,11,17,0,0,0,0,0,0,0,0,1,0
1bvy,B,453,ILE,4.5,166.7,0.0,0,0,X,0.0,0.0,0.0,0.0,0.0,0.0,0.0,0.0,23,0.02844272908771177,39,11,28,0,0,0,0,0,0,0,0,1,0
1bvy,B,454,PRO,-1.6,112.7,0.0,0,0,X,0.0,0.0,0.0,0.0,0.0,0.0,0.0,0.0,19,0.028909003335051305,31,9,22,0,0,0,0,0,0,0,0,1,0
1bvy,B,455,LEU,3.8,166.7,0.0,0,0,X,0.0,0.0,0.0,0.0,0.0,0.0,0.0,0.0,26,0.03916703677652112,21,12,9,0,0,0,0,0,0,0,0,1,0
1bvy,B,456,GLY,-0.4,60.1,0.0,0,0,X,0.0,0.0,0.0,0.0,0.0,0.0,0.0,0.0,23,0.03870076252918159,12,14,-2,0,0,0,0,0,0,0,0,1,0
1bvy,B,457,GLY,-0.4,60.1,0.0,0,0,X,0.0,0.0,0.0,0.0,0.0,0.0,0.0,0.0,18,0.03823448828184205,11,13,-2,0,0,0,0,0,0,0,0,1,0
1bvy,B,458,ILE,4.5,166.7,0.0,0,0,X,0.0,0.0,0.0,0.0,0.0,0.0,0.0,0.0,20,0.0363693912924839,10,12,-2,0,0,0,0,0,0,0,0,1,0
