pdb_id,chain_id,residue_id,residue_name,hydrophobicity,volume,charge,hbond_donor,hbond_acceptor,ss_type,rel_asa,phi,psi,hse_up,hse_down,hse_ratio,residue_depth,ca_depth,neighbor_count,atom_density,pos_charged_neighbors,neg_charged_neighbors,net_charge_environment,ss_H,ss_B,ss_E,ss_G,ss_I,ss_T,ss_S,ss_ ,ss_X
1bxs,A,7,ASP,-3.5,111.1,-1.0,1,3,X,0.0,0.0,0.0,0.0,0.0,0.0,0.0,0.0,6,0.012589404678167503,0,0,0,0,0,0,0,0,0,0,0,1
1bxs,A,8,VAL,4.2,140.0,0.0,0,0,X,0.0,0.0,0.0,0.0,0.0,0.0,0.0,0.0,15,0.02797645484037223,6,8,-2,0,0,0,0,0,0,0,0,1
1bxs,A,9,PRO,-1.6,112.7,0.0,0,0,X,0.0,0.0,0.0,0.0,0.0,0.0,0.0,0.0,17,0.02331371236697686,9,8,1,0,0,0,0,0,0,0,0,1
1bxs,A,10,ALA,1.8,88.6,0.0,0,0,X,0.0,0.0,0.0,0.0,0.0,0.0,0.0,0.0,16,0.021914889624958248,0,2,-2,0,0,0,0,0,0,0,0,1
1bxs,A,11,PRO,-1.6,112.7,0.0,0,0,X,0.0,0.0,0.0,0.0,0.0,0.0,0.0,0.0,24,0.035436842797804825,1,0,1,0,0,0,0,0,0,0,0,1
1bxs,A,12,LEU,3.8,166.7,0.0,0,0,X,0.0,0.0,0.0,0.0,0.0,0.0,0.0,0.0,21,0.03357174580844668,2,2,0,0,0,0,0,0,0,0,0,1
1bxs,A,13,THR,-0.7,116.1,0.0,1,1,X,0.0,0.0,0.0,0.0,0.0,0.0,0.0,0.0,16,0.022847438119637322,0,1,-1,0,0,0,0,0,0,0,0,1
1bxs,A,14,ASN,-3.5,114.1,0.0,2,2,X,0.0,0.0,0.0,0.0,0.0,0.0,0.0,0.0,9,0.01958351838826056,0,0,0,0,0,0,0,0,0,0,0,1
1bxs,A,15,LEU,3.8,166.7,0.0,0,0,X,0.0,0.0,0.0,0.0,0.0,0.0,0.0,0.0,22,0.029375277582390842,4,1,3,0,0,0,0,0,0,0,0,1
1bxs,A,16,GLN,-3.5,143.8,0.0,2,2,X,0.0,0.0,0.0,0.0,0.0,0.0,0.0,0.0,13,0.02144861537761871,7,0,7,0,0,0,0,0,0,0,0,1
1bxs,A,17,PHE,2.8,189.9,0.0,0,0,X,0.0,0.0,0.0,0.0,0.0,0.0,0.0,0.0,23,0.030774100324409453,16,5,11,0,0,0,0,0,0,0,0,1
1bxs,A,18,LYS,-3.9,168.6,1.0,2,0,X,0.0,0.0,0.0,0.0,0.0,0.0,0.0,0.0,14,0.021914889624958248,17,0,17,0,0,0,0,0,0,0,0,1
1bxs,A,19,TYR,-1.3,193.6,0.0,1,1,X,0.0,0.0,0.0,0.0,0.0,0.0,0.0,0.0,27,0.04103213376587927,29,3,26,0,0,0,0,0,0,0,0,1
1bxs,A,20,THR,-0.7,116.1,0.0,1,1,X,0.0,0.0,0.0,0.0,0.0,0.0,0.0,0.0,30,0.045228601991935104,31,19,12,0,0,0,0,0,0,0,0,1
1bxs,A,21,LYS,-3.9,168.6,1.0,2,0,X,0.0,0.0,0.0,0.0,0.0,0.0,0.0,0.0,28,0.04755997322863279,24,23,1,0,0,0,0,0,0,0,0,1
1bxs,A,22,ILE,4.5,166.7,0.0,0,0,X,0.0,0.0,0.0,0.0,0.0,0.0,0.0,0.0,37,0.05595290968074446,29,33,-4,0,0,0,0,0,0,0,0,1
1bxs,A,23,PHE,2.8,189.9,0.0,0,0,X,0.0,0.0,0.0,0.0,0.0,0.0,0.0,0.0,36,0.053155264196707235,29,10,19,0,0,0,0,0,0,0,0,1
1bxs,A,24,ILE,4.5,166.7,0.0,0,0,X,0.0,0.0,0.0,0.0,0.0,0.0,0.0,0.0,33,0.05175644145468863,28,22,6,0,0,0,0,0,0,0,0,1
1bxs,A,25,ASN,-3.5,114.1,0.0,2,2,X,0.0,0.0,0.0,0.0,0.0,0.0,0.0,0.0,26,0.04103213376587927,27,9,18,0,0,0,0,0,0,0,0,1
1bxs,A,26,ASN,-3.5,114.1,0.0,2,2,X,0.0,0.0,0.0,0.0,0.0,0.0,0.0,0.0,26,0.04755997322863279,15,13,2,0,0,0,0,0,0,0,0,1
1bxs,A,27,GLU,-3.5,138.4,-1.0,1,3,X,0.0,0.0,0.0,0.0,0.0,0.0,0.0,0.0,19,0.03450429430312575,25,0,25,0,0,0,0,0,0,0,0,1
1bxs,A,28,TRP,-0.9,227.8,0.0,1,0,X,0.0,0.0,0.0,0.0,0.0,0.0,0.0,0.0,26,0.03963331102386066,37,15,22,0,0,0,0,0,0,0,0,1
1bxs,A,29,HIS,-3.2,153.2,0.1,2,1,X,0.0,0.0,0.0,0.0,0.0,0.0,0.0,0.0,22,0.03683566553982344,18,26,-8,0,0,0,0,0,0,0,0,1
1bxs,A,30,SER,-0.8,89.0,0.0,1,1,X,0.0,0.0,0.0,0.0,0.0,0.0,0.0,0.0,21,0.03683566553982344,35,22,13,0,0,0,0,0,0,0,0,1
1bxs,A,31,SER,-0.8,89.0,0.0,1,1,X,0.0,0.0,0.0,0.0,0.0,0.0,0.0,0.0,27,0.043829779249916496,42,41,1,0,0,0,0,0,0,0,0,1
1bxs,A,32,VAL,4.2,140.0,0.0,0,0,X,0.0,0.0,0.0,0.0,0.0,0.0,0.0,0.0,19,0.029375277582390842,27,38,-11,0,0,0,0,0,0,0,0,1
1bxs,A,33,SER,-0.8,89.0,0.0,1,1,X,0.0,0.0,0.0,0.0,0.0,0.0,0.0,0.0,17,0.02471253510899547,20,41,-21,0,0,0,0,0,0,0,0,1
1bxs,A,34,GLY,-0.4,60.1,0.0,0,0,X,0.0,0.0,0.0,0.0,0.0,0.0,0.0,0.0,17,0.027043906345693154,20,26,-6,0,0,0,0,0,0,0,0,1
1bxs,A,35,LYS,-3.9,168.6,1.0,2,0,X,0.0,0.0,0.0,0.0,0.0,0.0,0.0,0.0,20,0.02984155182973038,9,31,-22,0,0,0,0,0,0,0,0,1
1bxs,A,36,LYS,-3.9,168.6,1.0,2,0,X,0.0,0.0,0.0,0.0,0.0,0.0,0.0,0.0,22,0.03823448828184205,21,27,-6,0,0,0,0,0,0,0,0,1
1bxs,A,37,PHE,2.8,189.9,0.0,0,0,X,0.0,0.0,0.0,0.0,0.0,0.0,0.0,0.0,34,0.03730193978716297,25,37,-12,0,0,0,0,0,0,0,0,1
1bxs,A,38,PRO,-1.6,112.7,0.0,0,0,X,0.0,0.0,0.0,0.0,0.0,0.0,0.0,0.0,23,0.03590311704514436,18,28,-10,0,0,0,0,0,0,0,0,1
1bxs,A,39,VAL,4.2,140.0,0.0,0,0,X,0.0,0.0,0.0,0.0,0.0,0.0,0.0,0.0,32,0.048492521723311866,13,26,-13,0,0,0,0,0,0,0,0,1
1bxs,A,40,PHE,2.8,189.9,0.0,0,0,X,0.0,0.0,0.0,0.0,0.0,0.0,0.0,0.0,27,0.043829779249916496,10,33,-23,0,0,0,0,0,0,0,0,1
1bxs,A,41,ASN,-3.5,114.1,0.0,2,2,X,0.0,0.0,0.0,0.0,0.0,0.0,0.0,0.0,36,0.04616115048661418,12,23,-11,0,0,0,0,0,0,0,0,1
1bxs,A,42,PRO,-1.6,112.7,0.0,0,0,X,0.0,0.0,0.0,0.0,0.0,0.0,0.0,0.0,38,0.05455408693872585,17,27,-10,0,0,0,0,0,0,0,0,1
1bxs,A,43,ALA,1.8,88.6,0.0,0,0,X,0.0,0.0,0.0,0.0,0.0,0.0,0.0,0.0,34,0.05035761871267001,10,21,-11,0,0,0,0,0,0,0,0,1
1bxs,A,44,THR,-0.7,116.1,0.0,1,1,X,0.0,0.0,0.0,0.0,0.0,0.0,0.0,0.0,25,0.03357174580844668,10,18,-8,0,0,0,0,0,0,0,0,1
1bxs,A,45,GLU,-3.5,138.4,-1.0,1,3,X,0.0,0.0,0.0,0.0,0.0,0.0,0.0,0.0,19,0.03590311704514436,17,14,3,0,0,0,0,0,0,0,0,1
1bxs,A,46,GLU,-3.5,138.4,-1.0,1,3,X,0.0,0.0,0.0,0.0,0.0,0.0,0.0,0.0,18,0.030774100324409453,12,9,3,0,0,0,0,0,0,0,0,1
1bxs,A,47,LYS,-3.9,168.6,1.0,2,0,X,0.0,0.0,0.0,0.0,0.0,0.0,0.0,0.0,15,0.03403802005578621,0,23,-23,0,0,0,0,0,0,0,0,1
1bxs,A,48,LEU,3.8,166.7,0.0,0,0,X,0.0,0.0,0.0,0.0,0.0,0.0,0.0,0.0,29,0.03870076252918159,9,20,-11,0,0,0,0,0,0,0,0,1
1bxs,A,49,CYS,2.5,108.5,0.0,1,0,X,0.0,0.0,0.0,0.0,0.0,0.0,0.0,0.0,27,0.03310547156110714,22,17,5,0,0,0,0,0,0,0,0,1
1bxs,A,50,GLU,-3.5,138.4,-1.0,1,3,X,0.0,0.0,0.0,0.0,0.0,0.0,0.0,0.0,21,0.040099585271200194,23,14,9,0,0,0,0,0,0,0,0,1
1bxs,A,51,VAL,4.2,140.0,0.0,0,0,X,0.0,0.0,0.0,0.0,0.0,0.0,0.0,0.0,38,0.048026247475972325,29,32,-3,0,0,0,0,0,0,0,0,1
1bxs,A,52,GLU,-3.5,138.4,-1.0,1,3,X,0.0,0.0,0.0,0.0,0.0,0.0,0.0,0.0,30,0.05222271570202816,31,24,7,0,0,0,0,0,0,0,0,1
1bxs,A,53,GLU,-3.5,138.4,-1.0,1,3,X,0.0,0.0,0.0,0.0,0.0,0.0,0.0,0.0,27,0.05222271570202816,21,32,-11,0,0,0,0,0,0,0,0,1
1bxs,A,54,GLY,-0.4,60.1,0.0,0,0,X,0.0,0.0,0.0,0.0,0.0,0.0,0.0,0.0,41,0.05408781269138631,32,46,-14,0,0,0,0,0,0,0,0,1
1bxs,A,55,ASP,-3.5,111.1,-1.0,1,3,X,0.0,0.0,0.0,0.0,0.0,0.0,0.0,0.0,29,0.04196468226055834,20,35,-15,0,0,0,0,0,0,0,0,1
1bxs,A,56,LYS,-3.9,168.6,1.0,2,0,X,0.0,0.0,0.0,0.0,0.0,0.0,0.0,0.0,30,0.034970568550465285,15,35,-20,0,0,0,0,0,0,0,0,1
1bxs,A,57,GLU,-3.5,138.4,-1.0,1,3,X,0.0,0.0,0.0,0.0,0.0,0.0,0.0,0.0,22,0.02984155182973038,19,26,-7,0,0,0,0,0,0,0,0,1
1bxs,A,58,ASP,-3.5,111.1,-1.0,1,3,X,0.0,0.0,0.0,0.0,0.0,0.0,0.0,0.0,36,0.04476232774459557,30,38,-8,0,0,0,0,0,0,0,0,1
1bxs,A,59,VAL,4.2,140.0,0.0,0,0,X,0.0,0.0,0.0,0.0,0.0,0.0,0.0,0.0,39,0.04616115048661418,37,34,3,0,0,0,0,0,0,0,0,1
1bxs,A,60,ASP,-3.5,111.1,-1.0,1,3,X,0.0,0.0,0.0,0.0,0.0,0.0,0.0,0.0,24,0.034970568550465285,33,30,3,0,0,0,0,0,0,0,0,1
1bxs,A,61,LYS,-3.9,168.6,1.0,2,0,X,0.0,0.0,0.0,0.0,0.0,0.0,0.0,0.0,26,0.03683566553982344,26,29,-3,0,0,0,0,0,0,0,0,1
1bxs,A,62,ALA,1.8,88.6,0.0,0,0,X,0.0,0.0,0.0,0.0,0.0,0.0,0.0,0.0,40,0.050823892960009553,38,28,10,0,0,0,0,0,0,0,0,1
1bxs,A,63,VAL,4.2,140.0,0.0,0,0,X,0.0,0.0,0.0,0.0,0.0,0.0,0.0,0.0,38,0.048492521723311866,40,28,12,0,0,0,0,0,0,0,0,1
1bxs,A,64,LYS,-3.9,168.6,1.0,2,0,X,0.0,0.0,0.0,0.0,0.0,0.0,0.0,0.0,23,0.03730193978716297,24,23,1,0,0,0,0,0,0,0,0,1
1bxs,A,65,ALA,1.8,88.6,0.0,0,0,X,0.0,0.0,0.0,0.0,0.0,0.0,0.0,0.0,31,0.04289723075523742,30,9,21,0,0,0,0,0,0,0,0,1
1bxs,A,66,ALA,1.8,88.6,0.0,0,0,X,0.0,0.0,0.0,0.0,0.0,0.0,0.0,0.0,40,0.05502036118606539,25,13,12,0,0,0,0,0,0,0,0,1
1bxs,A,67,ARG,-4.5,173.4,1.0,5,0,X,0.0,0.0,0.0,0.0,0.0,0.0,0.0,0.0,31,0.045228601991935104,19,16,3,0,0,0,0,0,0,0,0,1
1bxs,A,68,GLN,-3.5,143.8,0.0,2,2,X,0.0,0.0,0.0,0.0,0.0,0.0,0.0,0.0,24,0.035436842797804825,21,1,20,0,0,0,0,0,0,0,0,1
1bxs,A,69,ALA,1.8,88.6,0.0,0,0,X,0.0,0.0,0.0,0.0,0.0,0.0,0.0,0.0,33,0.05175644145468863,26,0,26,0,0,0,0,0,0,0,0,1
1bxs,A,70,PHE,2.8,189.9,0.0,0,0,X,0.0,0.0,0.0,0.0,0.0,0.0,0.0,0.0,36,0.05455408693872585,23,17,6,0,0,0,0,0,0,0,0,1
1bxs,A,71,GLN,-3.5,143.8,0.0,2,2,X,0.0,0.0,0.0,0.0,0.0,0.0,0.0,0.0,25,0.03683566553982344,24,1,23,0,0,0,0,0,0,0,0,1
1bxs,A,72,ILE,4.5,166.7,0.0,0,0,X,0.0,0.0,0.0,0.0,0.0,0.0,0.0,0.0,30,0.03776821403450251,23,7,16,0,0,0,0,0,0,0,0,1
1bxs,A,73,GLY,-0.4,60.1,0.0,0,0,X,0.0,0.0,0.0,0.0,0.0,0.0,0.0,0.0,19,0.032639197313767604,17,1,16,0,0,0,0,0,0,0,0,1
1bxs,A,74,SER,-0.8,89.0,0.0,1,1,X,0.0,0.0,0.0,0.0,0.0,0.0,0.0,0.0,23,0.03450429430312575,15,0,15,0,0,0,0,0,0,0,0,1
1bxs,A,75,PRO,-1.6,112.7,0.0,0,0,X,0.0,0.0,0.0,0.0,0.0,0.0,0.0,0.0,26,0.028909003335051305,11,3,8,0,0,0,0,0,0,0,0,1
1bxs,A,76,TRP,-0.9,227.8,0.0,1,0,X,0.0,0.0,0.0,0.0,0.0,0.0,0.0,0.0,37,0.045228601991935104,22,12,10,0,0,0,0,0,0,0,0,1
1bxs,A,77,ARG,-4.5,173.4,1.0,5,0,X,0.0,0.0,0.0,0.0,0.0,0.0,0.0,0.0,34,0.0526889899493677,21,12,9,0,0,0,0,0,0,0,0,1
1bxs,A,78,THR,-0.7,116.1,0.0,1,1,X,0.0,0.0,0.0,0.0,0.0,0.0,0.0,0.0,26,0.043363505002576956,26,11,15,0,0,0,0,0,0,0,0,1
1bxs,A,79,MET,1.9,162.9,0.0,0,0,X,0.0,0.0,0.0,0.0,0.0,0.0,0.0,0.0,32,0.040565859518539735,30,22,8,0,0,0,0,0,0,0,0,1
1bxs,A,80,ASP,-3.5,111.1,-1.0,1,3,X,0.0,0.0,0.0,0.0,0.0,0.0,0.0,0.0,26,0.04103213376587927,31,25,6,0,0,0,0,0,0,0,0,1
1bxs,A,81,ALA,1.8,88.6,0.0,0,0,X,0.0,0.0,0.0,0.0,0.0,0.0,0.0,0.0,37,0.048958795970651406,32,33,-1,0,0,0,0,0,0,0,0,1
1bxs,A,82,SER,-0.8,89.0,0.0,1,1,X,0.0,0.0,0.0,0.0,0.0,0.0,0.0,0.0,33,0.045228601991935104,42,33,9,0,0,0,0,0,0,0,0,1
1bxs,A,83,GLU,-3.5,138.4,-1.0,1,3,X,0.0,0.0,0.0,0.0,0.0,0.0,0.0,0.0,25,0.03357174580844668,27,18,9,0,0,0,0,0,0,0,0,1
1bxs,A,84,ARG,-4.5,173.4,1.0,5,0,X,0.0,0.0,0.0,0.0,0.0,0.0,0.0,0.0,40,0.04989134446533048,15,26,-11,0,0,0,0,0,0,0,0,1
1bxs,A,85,GLY,-0.4,60.1,0.0,0,0,X,0.0,0.0,0.0,0.0,0.0,0.0,0.0,0.0,33,0.04942507021799094,41,22,19,0,0,0,0,0,0,0,0,1
1bxs,A,86,ARG,-4.5,173.4,1.0,5,0,X,0.0,0.0,0.0,0.0,0.0,0.0,0.0,0.0,29,0.03590311704514436,35,26,9,0,0,0,0,0,0,0,0,1
1bxs,A,87,LEU,3.8,166.7,0.0,0,0,X,0.0,0.0,0.0,0.0,0.0,0.0,0.0,0.0,30,0.04243095650789788,26,19,7,0,0,0,0,0,0,0,0,1
1bxs,A,88,LEU,3.8,166.7,0.0,0,0,X,0.0,0.0,0.0,0.0,0.0,0.0,0.0,0.0,45,0.048958795970651406,34,13,21,0,0,0,0,0,0,0,0,1
1bxs,A,89,ASN,-3.5,114.1,0.0,2,2,X,0.0,0.0,0.0,0.0,0.0,0.0,0.0,0.0,28,0.043363505002576956,45,19,26,0,0,0,0,0,0,0,0,1
1bxs,A,90,LYS,-3.9,168.6,1.0,2,0,X,0.0,0.0,0.0,0.0,0.0,0.0,0.0,0.0,24,0.03823448828184205,25,28,-3,0,0,0,0,0,0,0,0,1
1bxs,A,91,LEU,3.8,166.7,0.0,0,0,X,0.0,0.0,0.0,0.0,0.0,0.0,0.0,0.0,39,0.05129016720734909,35,27,8,0,0,0,0,0,0,0,0,1
1bxs,A,92,ALA,1.8,88.6,0.0,0,0,X,0.0,0.0,0.0,0.0,0.0,0.0,0.0,0.0,32,0.048026247475972325,42,22,20,0,0,0,0,0,0,0,0,1
1bxs,A,93,ASP,-3.5,111.1,-1.0,1,3,X,0.0,0.0,0.0,0.0,0.0,0.0,0.0,0.0,20,0.03963331102386066,34,19,15,0,0,0,0,0,0,0,0,1
1bxs,A,94,LEU,3.8,166.7,0.0,0,0,X,0.0,0.0,0.0,0.0,0.0,0.0,0.0,0.0,29,0.045228601991935104,38,34,4,0,0,0,0,0,0,0,0,1
1bxs,A,95,ILE,4.5,166.7,0.0,0,0,X,0.0,0.0,0.0,0.0,0.0,0.0,0.0,0.0,36,0.053155264196707235,43,28,15,0,0,0,0,0,0,0,0,1
1bxs,A,96,GLU,-3.5,138.4,-1.0,1,3,X,0.0,0.0,0.0,0.0,0.0,0.0,0.0,0.0,22,0.03870076252918159,36,16,20,0,0,0,0,0,0,0,0,1
1bxs,A,97,ARG,-4.5,173.4,1.0,5,0,X,0.0,0.0,0.0,0.0,0.0,0.0,0.0,0.0,18,0.02984155182973038,17,30,-13,0,0,0,0,0,0,0,0,1
1bxs,A,98,ASP,-3.5,111.1,-1.0,1,3,X,0.0,0.0,0.0,0.0,0.0,0.0,0.0,0.0,27,0.03590311704514436,29,16,13,0,0,0,0,0,0,0,0,1
1bxs,A,99,ARG,-4.5,173.4,1.0,5,0,X,0.0,0.0,0.0,0.0,0.0,0.0,0.0,0.0,31,0.043363505002576956,7,26,-19,0,0,0,0,0,0,0,0,1
1bxs,A,100,LEU,3.8,166.7,0.0,0,0,X,0.0,0.0,0.0,0.0,0.0,0.0,0.0,0.0,25,0.045228601991935104,17,14,3,0,0,0,0,0,0,0,0,1
1bxs,A,101,LEU,3.8,166.7,0.0,0,0,X,0.0,0.0,0.0,0.0,0.0,0.0,0.0,0.0,34,0.040099585271200194,26,16,10,0,0,0,0,0,0,0,0,1
1bxs,A,102,LEU,3.8,166.7,0.0,0,0,X,0.0,0.0,0.0,0.0,0.0,0.0,0.0,0.0,39,0.04709369898129325,24,25,-1,0,0,0,0,0,0,0,0,1
1bxs,A,103,ALA,1.8,88.6,0.0,0,0,X,0.0,0.0,0.0,0.0,0.0,0.0,0.0,0.0,37,0.05455408693872585,20,22,-2,0,0,0,0,0,0,0,0,1
1bxs,A,104,THR,-0.7,116.1,0.0,1,1,X,0.0,0.0,0.0,0.0,0.0,0.0,0.0,0.0,38,0.05175644145468863,13,11,2,0,0,0,0,0,0,0,0,1
1bxs,A,105,MET,1.9,162.9,0.0,0,0,X,0.0,0.0,0.0,0.0,0.0,0.0,0.0,0.0,41,0.04709369898129325,15,12,3,0,0,0,0,0,0,0,0,1
1bxs,A,106,GLU,-3.5,138.4,-1.0,1,3,X,0.0,0.0,0.0,0.0,0.0,0.0,0.0,0.0,46,0.05408781269138631,17,9,8,0,0,0,0,0,0,0,0,1
1bxs,A,107,ALA,1.8,88.6,0.0,0,0,X,0.0,0.0,0.0,0.0,0.0,0.0,0.0,0.0,45,0.05035761871267001,14,13,1,0,0,0,0,0,0,0,0,1
1bxs,A,108,MET,1.9,162.9,0.0,0,0,X,0.0,0.0,0.0,0.0,0.0,0.0,0.0,0.0,41,0.048026247475972325,9,18,-9,0,0,0,0,0,0,0,0,1
1bxs,A,109,ASN,-3.5,114.1,0.0,2,2,X,0.0,0.0,0.0,0.0,0.0,0.0,0.0,0.0,44,0.050823892960009553,13,16,-3,0,0,0,0,0,0,0,0,1
1bxs,A,110,GLY,-0.4,60.1,0.0,0,0,X,0.0,0.0,0.0,0.0,0.0,0.0,0.0,0.0,44,0.05408781269138631,18,17,1,0,0,0,0,0,0,0,0,1
1bxs,A,111,GLY,-0.4,60.1,0.0,0,0,X,0.0,0.0,0.0,0.0,0.0,0.0,0.0,0.0,43,0.05455408693872585,19,13,6,0,0,0,0,0,0,0,0,1
1bxs,A,112,LYS,-3.9,168.6,1.0,2,0,X,0.0,0.0,0.0,0.0,0.0,0.0,0.0,0.0,43,0.050823892960009553,10,16,-6,0,0,0,0,0,0,0,0,1
1bxs,A,113,LEU,3.8,166.7,0.0,0,0,X,0.0,0.0,0.0,0.0,0.0,0.0,0.0,0.0,39,0.04989134446533048,19,10,9,0,0,0,0,0,0,0,0,1
1bxs,A,114,PHE,2.8,189.9,0.0,0,0,X,0.0,0.0,0.0,0.0,0.0,0.0,0.0,0.0,33,0.048492521723311866,12,11,1,0,0,0,0,0,0,0,0,1
1bxs,A,115,SER,-0.8,89.0,0.0,1,1,X,0.0,0.0,0.0,0.0,0.0,0.0,0.0,0.0,28,0.03590311704514436,10,11,-1,0,0,0,0,0,0,0,0,1
1bxs,A,116,ASN,-3.5,114.1,0.0,2,2,X,0.0,0.0,0.0,0.0,0.0,0.0,0.0,0.0,27,0.03870076252918159,19,11,8,0,0,0,0,0,0,0,0,1
1bxs,A,117,ALA,1.8,88.6,0.0,0,0,X,0.0,0.0,0.0,0.0,0.0,0.0,0.0,0.0,38,0.04989134446533048,25,17,8,0,0,0,0,0,0,0,0,1
1bxs,A,118,TYR,-1.3,193.6,0.0,1,1,X,0.0,0.0,0.0,0.0,0.0,0.0,0.0,0.0,29,0.05129016720734909,12,20,-8,0,0,0,0,0,0,0,0,1
1bxs,A,119,LEU,3.8,166.7,0.0,0,0,X,0.0,0.0,0.0,0.0,0.0,0.0,0.0,0.0,20,0.03683566553982344,11,13,-2,0,0,0,0,0,0,0,0,1
1bxs,A,120,MET,1.9,162.9,0.0,0,0,X,0.0,0.0,0.0,0.0,0.0,0.0,0.0,0.0,23,0.034970568550465285,13,8,5,0,0,0,0,0,0,0,0,1
1bxs,A,121,ASP,-3.5,111.1,-1.0,1,3,X,0.0,0.0,0.0,0.0,0.0,0.0,0.0,0.0,34,0.04616115048661418,22,9,13,0,0,0,0,0,0,0,0,1
1bxs,A,122,LEU,3.8,166.7,0.0,0,0,X,0.0,0.0,0.0,0.0,0.0,0.0,0.0,0.0,38,0.05175644145468863,23,29,-6,0,0,0,0,0,0,0,0,1
1bxs,A,123,GLY,-0.4,60.1,0.0,0,0,X,0.0,0.0,0.0,0.0,0.0,0.0,0.0,0.0,27,0.035436842797804825,26,17,9,0,0,0,0,0,0,0,0,1
1bxs,A,124,GLY,-0.4,60.1,0.0,0,0,X,0.0,0.0,0.0,0.0,0.0,0.0,0.0,0.0,30,0.035436842797804825,22,10,12,0,0,0,0,0,0,0,0,1
1bxs,A,125,CYS,2.5,108.5,0.0,1,0,X,0.0,0.0,0.0,0.0,0.0,0.0,0.0,0.0,40,0.04429605349725603,26,17,9,0,0,0,0,0,0,0,0,1
1bxs,A,126,ILE,4.5,166.7,0.0,0,0,X,0.0,0.0,0.0,0.0,0.0,0.0,0.0,0.0,31,0.04662742473395372,34,20,14,0,0,0,0,0,0,0,0,1
1bxs,A,127,LYS,-3.9,168.6,1.0,2,0,X,0.0,0.0,0.0,0.0,0.0,0.0,0.0,0.0,33,0.03590311704514436,17,26,-9,0,0,0,0,0,0,0,0,1
1bxs,A,128,THR,-0.7,116.1,0.0,1,1,X,0.0,0.0,0.0,0.0,0.0,0.0,0.0,0.0,44,0.048958795970651406,25,6,19,0,0,0,0,0,0,0,0,1
1bxs,A,129,LEU,3.8,166.7,0.0,0,0,X,0.0,0.0,0.0,0.0,0.0,0.0,0.0,0.0,43,0.05175644145468863,30,8,22,0,0,0,0,0,0,0,0,1
1bxs,A,130,ARG,-4.5,173.4,1.0,5,0,X,0.0,0.0,0.0,0.0,0.0,0.0,0.0,0.0,30,0.04103213376587927,24,21,3,0,0,0,0,0,0,0,0,1
1bxs,A,131,TYR,-1.3,193.6,0.0,1,1,X,0.0,0.0,0.0,0.0,0.0,0.0,0.0,0.0,40,0.04709369898129325,27,19,8,0,0,0,0,0,0,0,0,1
1bxs,A,132,CYS,2.5,108.5,0.0,1,0,X,0.0,0.0,0.0,0.0,0.0,0.0,0.0,0.0,43,0.050823892960009553,32,6,26,0,0,0,0,0,0,0,0,1
1bxs,A,133,ALA,1.8,88.6,0.0,0,0,X,0.0,0.0,0.0,0.0,0.0,0.0,0.0,0.0,33,0.048492521723311866,46,15,31,0,0,0,0,0,0,0,0,1
1bxs,A,134,GLY,-0.4,60.1,0.0,0,0,X,0.0,0.0,0.0,0.0,0.0,0.0,0.0,0.0,25,0.05222271570202816,41,17,24,0,0,0,0,0,0,0,0,1
1bxs,A,135,TRP,-0.9,227.8,0.0,1,0,X,0.0,0.0,0.0,0.0,0.0,0.0,0.0,0.0,30,0.05129016720734909,24,25,-1,0,0,0,0,0,0,0,0,1
1bxs,A,136,ALA,1.8,88.6,0.0,0,0,X,0.0,0.0,0.0,0.0,0.0,0.0,0.0,0.0,39,0.05222271570202816,30,19,11,0,0,0,0,0,0,0,0,1
1bxs,A,137,ASP,-3.5,111.1,-1.0,1,3,X,0.0,0.0,0.0,0.0,0.0,0.0,0.0,0.0,33,0.04942507021799094,33,22,11,0,0,0,0,0,0,0,0,1
1bxs,A,138,LYS,-3.9,168.6,1.0,2,0,X,0.0,0.0,0.0,0.0,0.0,0.0,0.0,0.0,27,0.04755997322863279,4,19,-15,0,0,0,0,0,0,0,0,1
1bxs,A,139,ILE,4.5,166.7,0.0,0,0,X,0.0,0.0,0.0,0.0,0.0,0.0,0.0,0.0,39,0.04149840801321881,36,22,14,0,0,0,0,0,0,0,0,1
1bxs,A,140,GLN,-3.5,143.8,0.0,2,2,X,0.0,0.0,0.0,0.0,0.0,0.0,0.0,0.0,27,0.04149840801321881,36,18,18,0,0,0,0,0,0,0,0,1
1bxs,A,141,GLY,-0.4,60.1,0.0,0,0,X,0.0,0.0,0.0,0.0,0.0,0.0,0.0,0.0,23,0.045228601991935104,40,12,28,0,0,0,0,0,0,0,0,1
1bxs,A,142,ARG,-4.5,173.4,1.0,5,0,X,0.0,0.0,0.0,0.0,0.0,0.0,0.0,0.0,22,0.04709369898129325,13,12,1,0,0,0,0,0,0,0,0,1
1bxs,A,143,THR,-0.7,116.1,0.0,1,1,X,0.0,0.0,0.0,0.0,0.0,0.0,0.0,0.0,26,0.053155264196707235,37,3,34,0,0,0,0,0,0,0,0,1
1bxs,A,144,ILE,4.5,166.7,0.0,0,0,X,0.0,0.0,0.0,0.0,0.0,0.0,0.0,0.0,36,0.045694876239274644,26,18,8,0,0,0,0,0,0,0,0,1
1bxs,A,145,PRO,-1.6,112.7,0.0,0,0,X,0.0,0.0,0.0,0.0,0.0,0.0,0.0,0.0,37,0.04616115048661418,30,25,5,0,0,0,0,0,0,0,0,1
1bxs,A,146,MET,1.9,162.9,0.0,0,0,X,0.0,0.0,0.0,0.0,0.0,0.0,0.0,0.0,35,0.048958795970651406,9,24,-15,0,0,0,0,0,0,0,0,1
1bxs,A,147,ASP,-3.5,111.1,-1.0,1,3,X,0.0,0.0,0.0,0.0,0.0,0.0,0.0,0.0,26,0.03916703677652112,14,22,-8,0,0,0,0,0,0,0,0,1
1bxs,A,148,GLY,-0.4,60.1,0.0,0,0,X,0.0,0.0,0.0,0.0,0.0,0.0,0.0,0.0,29,0.02984155182973038,17,18,-1,0,0,0,0,0,0,0,0,1
1bxs,A,149,ASN,-3.5,114.1,0.0,2,2,X,0.0,0.0,0.0,0.0,0.0,0.0,0.0,0.0,23,0.0363693912924839,19,16,3,0,0,0,0,0,0,0,0,1
1bxs,A,150,PHE,2.8,189.9,0.0,0,0,X,0.0,0.0,0.0,0.0,0.0,0.0,0.0,0.0,32,0.048958795970651406,18,11,7,0,0,0,0,0,0,0,0,1
1bxs,A,151,PHE,2.8,189.9,0.0,0,0,X,0.0,0.0,0.0,0.0,0.0,0.0,0.0,0.0,33,0.045228601991935104,24,3,21,0,0,0,0,0,0,0,0,1
1bxs,A,152,THR,-0.7,116.1,0.0,1,1,X,0.0,0.0,0.0,0.0,0.0,0.0,0.0,0.0,34,0.04662742473395372,19,4,15,0,0,0,0,0,0,0,0,1
1bxs,A,153,TYR,-1.3,193.6,0.0,1,1,X,0.0,0.0,0.0,0.0,0.0,0.0,0.0,0.0,29,0.05175644145468863,30,1,29,0,0,0,0,0,0,0,0,1
1bxs,A,154,THR,-0.7,116.1,0.0,1,1,X,0.0,0.0,0.0,0.0,0.0,0.0,0.0,0.0,29,0.05175644145468863,43,13,30,0,0,0,0,0,0,0,0,1
1bxs,A,155,ARG,-4.5,173.4,1.0,5,0,X,0.0,0.0,0.0,0.0,0.0,0.0,0.0,0.0,36,0.048026247475972325,21,15,6,0,0,0,0,0,0,0,0,1
1bxs,A,156,SER,-0.8,89.0,0.0,1,1,X,0.0,0.0,0.0,0.0,0.0,0.0,0.0,0.0,35,0.04662742473395372,51,19,32,0,0,0,0,0,0,0,0,1
1bxs,A,157,GLU,-3.5,138.4,-1.0,1,3,X,0.0,0.0,0.0,0.0,0.0,0.0,0.0,0.0,37,0.048492521723311866,34,9,25,0,0,0,0,0,0,0,0,1
1bxs,A,158,PRO,-1.6,112.7,0.0,0,0,X,0.0,0.0,0.0,0.0,0.0,0.0,0.0,0.0,36,0.04755997322863279,35,24,11,0,0,0,0,0,0,0,0,1
1bxs,A,159,VAL,4.2,140.0,0.0,0,0,X,0.0,0.0,0.0,0.0,0.0,0.0,0.0,0.0,38,0.04989134446533048,40,31,9,0,0,0,0,0,0,0,0,1
1bxs,A,160,GLY,-0.4,60.1,0.0,0,0,X,0.0,0.0,0.0,0.0,0.0,0.0,0.0,0.0,41,0.04429605349725603,36,32,4,0,0,0,0,0,0,0,0,1
1bxs,A,161,VAL,4.2,140.0,0.0,0,0,X,0.0,0.0,0.0,0.0,0.0,0.0,0.0,0.0,41,0.053621538444046775,41,16,25,0,0,0,0,0,0,0,0,1
1bxs,A,162,CYS,2.5,108.5,0.0,1,0,X,0.0,0.0,0.0,0.0,0.0,0.0,0.0,0.0,44,0.05175644145468863,35,12,23,0,0,0,0,0,0,0,0,1
1bxs,A,163,GLY,-0.4,60.1,0.0,0,0,X,0.0,0.0,0.0,0.0,0.0,0.0,0.0,0.0,45,0.048958795970651406,42,9,33,0,0,0,0,0,0,0,0,1
1bxs,A,164,GLN,-3.5,143.8,0.0,2,2,X,0.0,0.0,0.0,0.0,0.0,0.0,0.0,0.0,39,0.05035761871267001,25,3,22,0,0,0,0,0,0,0,0,1
1bxs,A,165,ILE,4.5,166.7,0.0,0,0,X,0.0,0.0,0.0,0.0,0.0,0.0,0.0,0.0,41,0.04755997322863279,17,4,13,0,0,0,0,0,0,0,0,1
1bxs,A,166,ILE,4.5,166.7,0.0,0,0,X,0.0,0.0,0.0,0.0,0.0,0.0,0.0,0.0,40,0.048026247475972325,17,10,7,0,0,0,0,0,0,0,0,1
1bxs,A,167,PRO,-1.6,112.7,0.0,0,0,X,0.0,0.0,0.0,0.0,0.0,0.0,0.0,0.0,35,0.04616115048661418,15,12,3,0,0,0,0,0,0,0,0,1
1bxs,A,168,TRP,-0.9,227.8,0.0,1,0,X,0.0,0.0,0.0,0.0,0.0,0.0,0.0,0.0,35,0.04476232774459557,11,20,-9,0,0,0,0,0,0,0,0,1
1bxs,A,169,ASN,-3.5,114.1,0.0,2,2,X,0.0,0.0,0.0,0.0,0.0,0.0,0.0,0.0,33,0.04662742473395372,17,10,7,0,0,0,0,0,0,0,0,1
1bxs,A,170,PHE,2.8,189.9,0.0,0,0,X,0.0,0.0,0.0,0.0,0.0,0.0,0.0,0.0,30,0.04196468226055834,18,16,2,0,0,0,0,0,0,0,0,1
1bxs,A,171,PRO,-1.6,112.7,0.0,0,0,X,0.0,0.0,0.0,0.0,0.0,0.0,0.0,0.0,39,0.05408781269138631,14,17,-3,0,0,0,0,0,0,0,0,1
1bxs,A,172,LEU,3.8,166.7,0.0,0,0,X,0.0,0.0,0.0,0.0,0.0,0.0,0.0,0.0,44,0.048492521723311866,12,18,-6,0,0,0,0,0,0,0,0,1
1bxs,A,173,LEU,3.8,166.7,0.0,0,0,X,0.0,0.0,0.0,0.0,0.0,0.0,0.0,0.0,35,0.048026247475972325,14,16,-2,0,0,0,0,0,0,0,0,1
1bxs,A,174,MET,1.9,162.9,0.0,0,0,X,0.0,0.0,0.0,0.0,0.0,0.0,0.0,0.0,39,0.04755997322863279,12,18,-6,0,0,0,0,0,0,0,0,1
1bxs,A,175,PHE,2.8,189.9,0.0,0,0,X,0.0,0.0,0.0,0.0,0.0,0.0,0.0,0.0,44,0.04755997322863279,17,3,14,0,0,0,0,0,0,0,0,1
1bxs,A,176,LEU,3.8,166.7,0.0,0,0,X,0.0,0.0,0.0,0.0,0.0,0.0,0.0,0.0,41,0.04942507021799094,13,4,9,0,0,0,0,0,0,0,0,1
1bxs,A,177,TRP,-0.9,227.8,0.0,1,0,X,0.0,0.0,0.0,0.0,0.0,0.0,0.0,0.0,41,0.05035761871267001,13,15,-2,0,0,0,0,0,0,0,0,1
1bxs,A,178,LYS,-3.9,168.6,1.0,2,0,X,0.0,0.0,0.0,0.0,0.0,0.0,0.0,0.0,38,0.04989134446533048,9,16,-7,0,0,0,0,0,0,0,0,1
1bxs,A,179,ILE,4.5,166.7,0.0,0,0,X,0.0,0.0,0.0,0.0,0.0,0.0,0.0,0.0,45,0.04662742473395372,9,1,8,0,0,0,0,0,0,0,0,1
1bxs,A,180,GLY,-0.4,60.1,0.0,0,0,X,0.0,0.0,0.0,0.0,0.0,0.0,0.0,0.0,45,0.04755997322863279,19,2,17,0,0,0,0,0,0,0,0,1
1bxs,A,181,PRO,-1.6,112.7,0.0,0,0,X,0.0,0.0,0.0,0.0,0.0,0.0,0.0,0.0,44,0.05035761871267001,20,17,3,0,0,0,0,0,0,0,0,1
1bxs,A,182,ALA,1.8,88.6,0.0,0,0,X,0.0,0.0,0.0,0.0,0.0,0.0,0.0,0.0,47,0.05408781269138631,22,8,14,0,0,0,0,0,0,0,0,1
1bxs,A,183,LEU,3.8,166.7,0.0,0,0,X,0.0,0.0,0.0,0.0,0.0,0.0,0.0,0.0,44,0.053155264196707235,16,2,14,0,0,0,0,0,0,0,0,1
1bxs,A,184,SER,-0.8,89.0,0.0,1,1,X,0.0,0.0,0.0,0.0,0.0,0.0,0.0,0.0,47,0.05408781269138631,23,12,11,0,0,0,0,0,0,0,0,1
1bxs,A,185,CYS,2.5,108.5,0.0,1,0,X,0.0,0.0,0.0,0.0,0.0,0.0,0.0,0.0,43,0.050823892960009553,24,17,7,0,0,0,0,0,0,0,0,1
1bxs,A,186,GLY,-0.4,60.1,0.0,0,0,X,0.0,0.0,0.0,0.0,0.0,0.0,0.0,0.0,44,0.050823892960009553,22,9,13,0,0,0,0,0,0,0,0,1
1bxs,A,187,ASN,-3.5,114.1,0.0,2,2,X,0.0,0.0,0.0,0.0,0.0,0.0,0.0,0.0,39,0.05781800667010261,28,16,12,0,0,0,0,0,0,0,0,1
1bxs,A,188,THR,-0.7,116.1,0.0,1,1,X,0.0,0.0,0.0,0.0,0.0,0.0,0.0,0.0,46,0.05408781269138631,28,8,20,0,0,0,0,0,0,0,0,1
1bxs,A,189,VAL,4.2,140.0,0.0,0,0,X,0.0,0.0,0.0,0.0,0.0,0.0,0.0,0.0,46,0.053155264196707235,19,1,18,0,0,0,0,0,0,0,0,1
1bxs,A,190,VAL,4.2,140.0,0.0,0,0,X,0.0,0.0,0.0,0.0,0.0,0.0,0.0,0.0,51,0.05222271570202816,27,9,18,0,0,0,0,0,0,0,0,1
1bxs,A,191,VAL,4.2,140.0,0.0,0,0,X,0.0,0.0,0.0,0.0,0.0,0.0,0.0,0.0,44,0.05175644145468863,17,0,17,0,0,0,0,0,0,0,0,1
1bxs,A,192,LYS,-3.9,168.6,1.0,2,0,X,0.0,0.0,0.0,0.0,0.0,0.0,0.0,0.0,43,0.048026247475972325,1,14,-13,0,0,0,0,0,0,0,0,1
1bxs,A,193,PRO,-1.6,112.7,0.0,0,0,X,0.0,0.0,0.0,0.0,0.0,0.0,0.0,0.0,41,0.05175644145468863,11,10,1,0,0,0,0,0,0,0,0,1
1bxs,A,194,ALA,1.8,88.6,0.0,0,0,X,0.0,0.0,0.0,0.0,0.0,0.0,0.0,0.0,39,0.04755997322863279,9,10,-1,0,0,0,0,0,0,0,0,1
1bxs,A,195,GLU,-3.5,138.4,-1.0,1,3,X,0.0,0.0,0.0,0.0,0.0,0.0,0.0,0.0,32,0.04243095650789788,8,14,-6,0,0,0,0,0,0,0,0,1
1bxs,A,196,GLN,-3.5,143.8,0.0,2,2,X,0.0,0.0,0.0,0.0,0.0,0.0,0.0,0.0,32,0.04429605349725603,5,22,-17,0,0,0,0,0,0,0,0,1
1bxs,A,197,THR,-0.7,116.1,0.0,1,1,X,0.0,0.0,0.0,0.0,0.0,0.0,0.0,0.0,41,0.048492521723311866,9,19,-10,0,0,0,0,0,0,0,0,1
1bxs,A,198,PRO,-1.6,112.7,0.0,0,0,X,0.0,0.0,0.0,0.0,0.0,0.0,0.0,0.0,42,0.04662742473395372,16,22,-6,0,0,0,0,0,0,0,0,1
1bxs,A,199,LEU,3.8,166.7,0.0,0,0,X,0.0,0.0,0.0,0.0,0.0,0.0,0.0,0.0,42,0.043829779249916496,19,17,2,0,0,0,0,0,0,0,0,1
1bxs,A,200,THR,-0.7,116.1,0.0,1,1,X,0.0,0.0,0.0,0.0,0.0,0.0,0.0,0.0,45,0.05035761871267001,12,11,1,0,0,0,0,0,0,0,0,1
1bxs,A,201,ALA,1.8,88.6,0.0,0,0,X,0.0,0.0,0.0,0.0,0.0,0.0,0.0,0.0,41,0.045228601991935104,17,7,10,0,0,0,0,0,0,0,0,1
1bxs,A,202,LEU,3.8,166.7,0.0,0,0,X,0.0,0.0,0.0,0.0,0.0,0.0,0.0,0.0,43,0.05548663543340492,25,9,16,0,0,0,0,0,0,0,0,1
1bxs,A,203,HIS,-3.2,153.2,0.1,2,1,X,0.0,0.0,0.0,0.0,0.0,0.0,0.0,0.0,35,0.045228601991935104,14,14,0,0,0,0,0,0,0,0,0,1
1bxs,A,204,MET,1.9,162.9,0.0,0,0,X,0.0,0.0,0.0,0.0,0.0,0.0,0.0,0.0,38,0.04989134446533048,15,11,4,0,0,0,0,0,0,0,0,1
1bxs,A,205,GLY,-0.4,60.1,0.0,0,0,X,0.0,0.0,0.0,0.0,0.0,0.0,0.0,0.0,38,0.05502036118606539,22,13,9,0,0,0,0,0,0,0,0,1
1bxs,A,206,SER,-0.8,89.0,0.0,1,1,X,0.0,0.0,0.0,0.0,0.0,0.0,0.0,0.0,30,0.045228601991935104,31,17,14,0,0,0,0,0,0,0,0,1
1bxs,A,207,LEU,3.8,166.7,0.0,0,0,X,0.0,0.0,0.0,0.0,0.0,0.0,0.0,0.0,37,0.048492521723311866,34,23,11,0,0,0,0,0,0,0,0,1
1bxs,A,208,ILE,4.5,166.7,0.0,0,0,X,0.0,0.0,0.0,0.0,0.0,0.0,0.0,0.0,39,0.048958795970651406,21,10,11,0,0,0,0,0,0,0,0,1
1bxs,A,209,LYS,-3.9,168.6,1.0,2,0,X,0.0,0.0,0.0,0.0,0.0,0.0,0.0,0.0,24,0.040099585271200194,2,18,-16,0,0,0,0,0,0,0,0,1
1bxs,A,210,GLU,-3.5,138.4,-1.0,1,3,X,0.0,0.0,0.0,0.0,0.0,0.0,0.0,0.0,22,0.030774100324409453,29,7,22,0,0,0,0,0,0,0,0,1
1bxs,A,211,ALA,1.8,88.6,0.0,0,0,X,0.0,0.0,0.0,0.0,0.0,0.0,0.0,0.0,29,0.040565859518539735,25,19,6,0,0,0,0,0,0,0,0,1
1bxs,A,212,GLY,-0.4,60.1,0.0,0,0,X,0.0,0.0,0.0,0.0,0.0,0.0,0.0,0.0,27,0.02984155182973038,23,16,7,0,0,0,0,0,0,0,0,1
1bxs,A,213,PHE,2.8,189.9,0.0,0,0,X,0.0,0.0,0.0,0.0,0.0,0.0,0.0,0.0,37,0.03963331102386066,24,13,11,0,0,0,0,0,0,0,0,1
1bxs,A,214,PRO,-1.6,112.7,0.0,0,0,X,0.0,0.0,0.0,0.0,0.0,0.0,0.0,0.0,30,0.03730193978716297,13,3,10,0,0,0,0,0,0,0,0,1
1bxs,A,215,PRO,-1.6,112.7,0.0,0,0,X,0.0,0.0,0.0,0.0,0.0,0.0,0.0,0.0,25,0.03730193978716297,10,9,1,0,0,0,0,0,0,0,0,1
1bxs,A,216,GLY,-0.4,60.1,0.0,0,0,X,0.0,0.0,0.0,0.0,0.0,0.0,0.0,0.0,36,0.05129016720734909,14,4,10,0,0,0,0,0,0,0,0,1
1bxs,A,217,VAL,4.2,140.0,0.0,0,0,X,0.0,0.0,0.0,0.0,0.0,0.0,0.0,0.0,45,0.05175644145468863,10,0,10,0,0,0,0,0,0,0,0,1
1bxs,A,218,VAL,4.2,140.0,0.0,0,0,X,0.0,0.0,0.0,0.0,0.0,0.0,0.0,0.0,44,0.05455408693872585,7,2,5,0,0,0,0,0,0,0,0,1
1bxs,A,219,ASN,-3.5,114.1,0.0,2,2,X,0.0,0.0,0.0,0.0,0.0,0.0,0.0,0.0,47,0.05129016720734909,19,8,11,0,0,0,0,0,0,0,0,1
1bxs,A,220,ILE,4.5,166.7,0.0,0,0,X,0.0,0.0,0.0,0.0,0.0,0.0,0.0,0.0,45,0.0526889899493677,21,7,14,0,0,0,0,0,0,0,0,1
1bxs,A,221,VAL,4.2,140.0,0.0,0,0,X,0.0,0.0,0.0,0.0,0.0,0.0,0.0,0.0,48,0.05175644145468863,29,32,-3,0,0,0,0,0,0,0,0,1
1bxs,A,222,PRO,-1.6,112.7,0.0,0,0,X,0.0,0.0,0.0,0.0,0.0,0.0,0.0,0.0,47,0.053155264196707235,21,41,-20,0,0,0,0,0,0,0,0,1
1bxs,A,223,GLY,-0.4,60.1,0.0,0,0,X,0.0,0.0,0.0,0.0,0.0,0.0,0.0,0.0,39,0.05408781269138631,16,34,-18,0,0,0,0,0,0,0,0,1
1bxs,A,224,TYR,-1.3,193.6,0.0,1,1,X,0.0,0.0,0.0,0.0,0.0,0.0,0.0,0.0,26,0.04243095650789788,13,27,-14,0,0,0,0,0,0,0,0,1
1bxs,A,225,GLY,-0.4,60.1,0.0,0,0,X,0.0,0.0,0.0,0.0,0.0,0.0,0.0,0.0,28,0.03310547156110714,10,19,-9,0,0,0,0,0,0,0,0,1
1bxs,A,226,PRO,-1.6,112.7,0.0,0,0,X,0.0,0.0,0.0,0.0,0.0,0.0,0.0,0.0,20,0.021914889624958248,5,13,-8,0,0,0,0,0,0,0,0,1
1bxs,A,227,THR,-0.7,116.1,0.0,1,1,X,0.0,0.0,0.0,0.0,0.0,0.0,0.0,0.0,24,0.03170664881908853,12,27,-15,0,0,0,0,0,0,0,0,1
1bxs,A,228,ALA,1.8,88.6,0.0,0,0,X,0.0,0.0,0.0,0.0,0.0,0.0,0.0,0.0,37,0.048958795970651406,18,37,-19,0,0,0,0,0,0,0,0,1
1bxs,A,229,GLY,-0.4,60.1,0.0,0,0,X,0.0,0.0,0.0,0.0,0.0,0.0,0.0,0.0,38,0.04196468226055834,21,10,11,0,0,0,0,0,0,0,0,1
1bxs,A,230,ALA,1.8,88.6,0.0,0,0,X,0.0,0.0,0.0,0.0,0.0,0.0,0.0,0.0,29,0.034970568550465285,20,10,10,0,0,0,0,0,0,0,0,1
1bxs,A,231,ALA,1.8,88.6,0.0,0,0,X,0.0,0.0,0.0,0.0,0.0,0.0,0.0,0.0,35,0.03916703677652112,23,26,-3,0,0,0,0,0,0,0,0,1
1bxs,A,232,ILE,4.5,166.7,0.0,0,0,X,0.0,0.0,0.0,0.0,0.0,0.0,0.0,0.0,44,0.04476232774459557,33,17,16,0,0,0,0,0,0,0,0,1
1bxs,A,233,SER,-0.8,89.0,0.0,1,1,X,0.0,0.0,0.0,0.0,0.0,0.0,0.0,0.0,44,0.04662742473395372,42,9,33,0,0,0,0,0,0,0,0,1
1bxs,A,234,SER,-0.8,89.0,0.0,1,1,X,0.0,0.0,0.0,0.0,0.0,0.0,0.0,0.0,30,0.04289723075523742,32,11,21,0,0,0,0,0,0,0,0,1
1bxs,A,235,HIS,-3.2,153.2,0.1,2,1,X,0.0,0.0,0.0,0.0,0.0,0.0,0.0,0.0,34,0.03916703677652112,26,24,2,0,0,0,0,0,0,0,0,1
1bxs,A,236,MET,1.9,162.9,0.0,0,0,X,0.0,0.0,0.0,0.0,0.0,0.0,0.0,0.0,23,0.03357174580844668,30,16,14,0,0,0,0,0,0,0,0,1
1bxs,A,237,ASP,-3.5,111.1,-1.0,1,3,X,0.0,0.0,0.0,0.0,0.0,0.0,0.0,0.0,33,0.03590311704514436,46,15,31,0,0,0,0,0,0,0,0,1
1bxs,A,238,VAL,4.2,140.0,0.0,0,0,X,0.0,0.0,0.0,0.0,0.0,0.0,0.0,0.0,39,0.048958795970651406,49,17,32,0,0,0,0,0,0,0,0,1
1bxs,A,239,ASP,-3.5,111.1,-1.0,1,3,X,0.0,0.0,0.0,0.0,0.0,0.0,0.0,0.0,39,0.048026247475972325,55,16,39,0,0,0,0,0,0,0,0,1
1bxs,A,240,LYS,-3.9,168.6,1.0,2,0,X,0.0,0.0,0.0,0.0,0.0,0.0,0.0,0.0,39,0.050823892960009553,27,24,3,0,0,0,0,0,0,0,0,1
1bxs,A,241,VAL,4.2,140.0,0.0,0,0,X,0.0,0.0,0.0,0.0,0.0,0.0,0.0,0.0,43,0.05175644145468863,43,8,35,0,0,0,0,0,0,0,0,1
1bxs,A,242,ALA,1.8,88.6,0.0,0,0,X,0.0,0.0,0.0,0.0,0.0,0.0,0.0,0.0,41,0.04942507021799094,35,19,16,0,0,0,0,0,0,0,0,1
1bxs,A,243,PHE,2.8,189.9,0.0,0,0,X,0.0,0.0,0.0,0.0,0.0,0.0,0.0,0.0,36,0.048026247475972325,17,17,0,0,0,0,0,0,0,0,0,1
1bxs,A,244,THR,-0.7,116.1,0.0,1,1,X,0.0,0.0,0.0,0.0,0.0,0.0,0.0,0.0,40,0.04243095650789788,9,14,-5,0,0,0,0,0,0,0,0,1
1bxs,A,245,GLY,-0.4,60.1,0.0,0,0,X,0.0,0.0,0.0,0.0,0.0,0.0,0.0,0.0,36,0.040099585271200194,4,20,-16,0,0,0,0,0,0,0,0,1
1bxs,A,246,SER,-0.8,89.0,0.0,1,1,X,0.0,0.0,0.0,0.0,0.0,0.0,0.0,0.0,30,0.03403802005578621,9,21,-12,0,0,0,0,0,0,0,0,1
1bxs,A,247,THR,-0.7,116.1,0.0,1,1,X,0.0,0.0,0.0,0.0,0.0,0.0,0.0,0.0,28,0.04196468226055834,12,20,-8,0,0,0,0,0,0,0,0,1
1bxs,A,248,GLU,-3.5,138.4,-1.0,1,3,X,0.0,0.0,0.0,0.0,0.0,0.0,0.0,0.0,19,0.028909003335051305,10,4,6,0,0,0,0,0,0,0,0,1
1bxs,A,249,VAL,4.2,140.0,0.0,0,0,X,0.0,0.0,0.0,0.0,0.0,0.0,0.0,0.0,26,0.032639197313767604,12,19,-7,0,0,0,0,0,0,0,0,1
1bxs,A,250,GLY,-0.4,60.1,0.0,0,0,X,0.0,0.0,0.0,0.0,0.0,0.0,0.0,0.0,33,0.04989134446533048,23,24,-1,0,0,0,0,0,0,0,0,1
1bxs,A,251,LYS,-3.9,168.6,1.0,2,0,X,0.0,0.0,0.0,0.0,0.0,0.0,0.0,0.0,24,0.04709369898129325,20,22,-2,0,0,0,0,0,0,0,0,1
1bxs,A,252,LEU,3.8,166.7,0.0,0,0,X,0.0,0.0,0.0,0.0,0.0,0.0,0.0,0.0,26,0.03403802005578621,31,21,10,0,0,0,0,0,0,0,0,1
1bxs,A,253,ILE,4.5,166.7,0.0,0,0,X,0.0,0.0,0.0,0.0,0.0,0.0,0.0,0.0,40,0.045694876239274644,36,15,21,0,0,0,0,0,0,0,0,1
1bxs,A,254,LYS,-3.9,168.6,1.0,2,0,X,0.0,0.0,0.0,0.0,0.0,0.0,0.0,0.0,26,0.05222271570202816,46,18,28,0,0,0,0,0,0,0,0,1
1bxs,A,255,GLU,-3.5,138.4,-1.0,1,3,X,0.0,0.0,0.0,0.0,0.0,0.0,0.0,0.0,18,0.04942507021799094,47,2,45,0,0,0,0,0,0,0,0,1
1bxs,A,256,ALA,1.8,88.6,0.0,0,0,X,0.0,0.0,0.0,0.0,0.0,0.0,0.0,0.0,27,0.04476232774459557,57,18,39,0,0,0,0,0,0,0,0,1
1bxs,A,257,ALA,1.8,88.6,0.0,0,0,X,0.0,0.0,0.0,0.0,0.0,0.0,0.0,0.0,30,0.053621538444046775,64,21,43,0,0,0,0,0,0,0,0,1
1bxs,A,258,GLY,-0.4,60.1,0.0,0,0,X,0.0,0.0,0.0,0.0,0.0,0.0,0.0,0.0,27,0.05129016720734909,56,22,34,0,0,0,0,0,0,0,0,1
1bxs,A,259,LYS,-3.9,168.6,1.0,2,0,X,0.0,0.0,0.0,0.0,0.0,0.0,0.0,0.0,20,0.03450429430312575,27,19,8,0,0,0,0,0,0,0,0,1
1bxs,A,260,SER,-0.8,89.0,0.0,1,1,X,0.0,0.0,0.0,0.0,0.0,0.0,0.0,0.0,27,0.03823448828184205,43,15,28,0,0,0,0,0,0,0,0,1
1bxs,A,261,ASN,-3.5,114.1,0.0,2,2,X,0.0,0.0,0.0,0.0,0.0,0.0,0.0,0.0,36,0.04709369898129325,63,17,46,0,0,0,0,0,0,0,0,1
1bxs,A,262,LEU,3.8,166.7,0.0,0,0,X,0.0,0.0,0.0,0.0,0.0,0.0,0.0,0.0,40,0.05175644145468863,58,20,38,0,0,0,0,0,0,0,0,1
1bxs,A,263,LYS,-3.9,168.6,1.0,2,0,X,0.0,0.0,0.0,0.0,0.0,0.0,0.0,0.0,39,0.048492521723311866,50,18,32,0,0,0,0,0,0,0,0,1
1bxs,A,264,ARG,-4.5,173.4,1.0,5,0,X,0.0,0.0,0.0,0.0,0.0,0.0,0.0,0.0,36,0.04149840801321881,35,23,12,0,0,0,0,0,0,0,0,1
1bxs,A,265,VAL,4.2,140.0,0.0,0,0,X,0.0,0.0,0.0,0.0,0.0,0.0,0.0,0.0,31,0.043363505002576956,56,15,41,0,0,0,0,0,0,0,0,1
1bxs,A,266,SER,-0.8,89.0,0.0,1,1,X,0.0,0.0,0.0,0.0,0.0,0.0,0.0,0.0,34,0.04289723075523742,41,27,14,0,0,0,0,0,0,0,0,1
1bxs,A,267,LEU,3.8,166.7,0.0,0,0,X,0.0,0.0,0.0,0.0,0.0,0.0,0.0,0.0,41,0.048026247475972325,42,18,24,0,0,0,0,0,0,0,0,1
1bxs,A,268,GLU,-3.5,138.4,-1.0,1,3,X,0.0,0.0,0.0,0.0,0.0,0.0,0.0,0.0,42,0.050823892960009553,17,10,7,0,0,0,0,0,0,0,0,1
1bxs,A,269,LEU,3.8,166.7,0.0,0,0,X,0.0,0.0,0.0,0.0,0.0,0.0,0.0,0.0,44,0.04709369898129325,12,20,-8,0,0,0,0,0,0,0,0,1
1bxs,A,270,GLY,-0.4,60.1,0.0,0,0,X,0.0,0.0,0.0,0.0,0.0,0.0,0.0,0.0,41,0.04289723075523742,11,22,-11,0,0,0,0,0,0,0,0,1
1bxs,A,271,GLY,-0.4,60.1,0.0,0,0,X,0.0,0.0,0.0,0.0,0.0,0.0,0.0,0.0,40,0.05035761871267001,23,17,6,0,0,0,0,0,0,0,0,1
1bxs,A,272,LYS,-3.9,168.6,1.0,2,0,X,0.0,0.0,0.0,0.0,0.0,0.0,0.0,0.0,42,0.0526889899493677,23,16,7,0,0,0,0,0,0,0,0,1
1bxs,A,273,SER,-0.8,89.0,0.0,1,1,X,0.0,0.0,0.0,0.0,0.0,0.0,0.0,0.0,46,0.053155264196707235,22,8,14,0,0,0,0,0,0,0,0,1
1bxs,A,274,PRO,-1.6,112.7,0.0,0,0,X,0.0,0.0,0.0,0.0,0.0,0.0,0.0,0.0,44,0.05222271570202816,25,0,25,0,0,0,0,0,0,0,0,1
1bxs,A,275,CYS,2.5,108.5,0.0,1,0,X,0.0,0.0,0.0,0.0,0.0,0.0,0.0,0.0,44,0.05035761871267001,14,1,13,0,0,0,0,0,0,0,0,1
1bxs,A,276,ILE,4.5,166.7,0.0,0,0,X,0.0,0.0,0.0,0.0,0.0,0.0,0.0,0.0,46,0.05129016720734909,18,10,8,0,0,0,0,0,0,0,0,1
1bxs,A,277,VAL,4.2,140.0,0.0,0,0,X,0.0,0.0,0.0,0.0,0.0,0.0,0.0,0.0,37,0.05688545817542354,7,26,-19,0,0,0,0,0,0,0,0,1
1bxs,A,278,PHE,2.8,189.9,0.0,0,0,X,0.0,0.0,0.0,0.0,0.0,0.0,0.0,0.0,36,0.04709369898129325,13,30,-17,0,0,0,0,0,0,0,0,1
1bxs,A,279,ALA,1.8,88.6,0.0,0,0,X,0.0,0.0,0.0,0.0,0.0,0.0,0.0,0.0,24,0.03683566553982344,5,32,-27,0,0,0,0,0,0,0,0,1
1bxs,A,280,ASP,-3.5,111.1,-1.0,1,3,X,0.0,0.0,0.0,0.0,0.0,0.0,0.0,0.0,21,0.030774100324409453,8,22,-14,0,0,0,0,0,0,0,0,1
1bxs,A,281,ALA,1.8,88.6,0.0,0,0,X,0.0,0.0,0.0,0.0,0.0,0.0,0.0,0.0,27,0.04149840801321881,4,36,-32,0,0,0,0,0,0,0,0,1
1bxs,A,282,ASP,-3.5,111.1,-1.0,1,3,X,0.0,0.0,0.0,0.0,0.0,0.0,0.0,0.0,23,0.03403802005578621,8,19,-11,0,0,0,0,0,0,0,0,1
1bxs,A,283,LEU,3.8,166.7,0.0,0,0,X,0.0,0.0,0.0,0.0,0.0,0.0,0.0,0.0,25,0.03776821403450251,9,34,-25,0,0,0,0,0,0,0,0,1
1bxs,A,284,ASP,-3.5,111.1,-1.0,1,3,X,0.0,0.0,0.0,0.0,0.0,0.0,0.0,0.0,15,0.02984155182973038,12,22,-10,0,0,0,0,0,0,0,0,1
1bxs,A,285,ASN,-3.5,114.1,0.0,2,2,X,0.0,0.0,0.0,0.0,0.0,0.0,0.0,0.0,22,0.03870076252918159,12,25,-13,0,0,0,0,0,0,0,0,1
1bxs,A,286,ALA,1.8,88.6,0.0,0,0,X,0.0,0.0,0.0,0.0,0.0,0.0,0.0,0.0,34,0.048958795970651406,15,26,-11,0,0,0,0,0,0,0,0,1
1bxs,A,287,VAL,4.2,140.0,0.0,0,0,X,0.0,0.0,0.0,0.0,0.0,0.0,0.0,0.0,32,0.048492521723311866,36,34,2,0,0,0,0,0,0,0,0,1
1bxs,A,288,GLU,-3.5,138.4,-1.0,1,3,X,0.0,0.0,0.0,0.0,0.0,0.0,0.0,0.0,26,0.03870076252918159,28,10,18,0,0,0,0,0,0,0,0,1
1bxs,A,289,PHE,2.8,189.9,0.0,0,0,X,0.0,0.0,0.0,0.0,0.0,0.0,0.0,0.0,30,0.04429605349725603,17,18,-1,0,0,0,0,0,0,0,0,1
1bxs,A,290,ALA,1.8,88.6,0.0,0,0,X,0.0,0.0,0.0,0.0,0.0,0.0,0.0,0.0,43,0.04989134446533048,22,12,10,0,0,0,0,0,0,0,0,1
1bxs,A,291,HIS,-3.2,153.2,0.1,2,1,X,0.0,0.0,0.0,0.0,0.0,0.0,0.0,0.0,36,0.048492521723311866,25,14,11,0,0,0,0,0,0,0,0,1
1bxs,A,292,GLN,-3.5,143.8,0.0,2,2,X,0.0,0.0,0.0,0.0,0.0,0.0,0.0,0.0,27,0.04243095650789788,24,9,15,0,0,0,0,0,0,0,0,1
1bxs,A,293,GLY,-0.4,60.1,0.0,0,0,X,0.0,0.0,0.0,0.0,0.0,0.0,0.0,0.0,40,0.04755997322863279,19,8,11,0,0,0,0,0,0,0,0,1
1bxs,A,294,VAL,4.2,140.0,0.0,0,0,X,0.0,0.0,0.0,0.0,0.0,0.0,0.0,0.0,39,0.050823892960009553,21,2,19,0,0,0,0,0,0,0,0,1
1bxs,A,295,PHE,2.8,189.9,0.0,0,0,X,0.0,0.0,0.0,0.0,0.0,0.0,0.0,0.0,39,0.05035761871267001,27,3,24,0,0,0,0,0,0,0,0,1
1bxs,A,296,TYR,-1.3,193.6,0.0,1,1,X,0.0,0.0,0.0,0.0,0.0,0.0,0.0,0.0,30,0.04103213376587927,23,6,17,0,0,0,0,0,0,0,0,1
1bxs,A,297,HIS,-3.2,153.2,0.1,2,1,X,0.0,0.0,0.0,0.0,0.0,0.0,0.0,0.0,36,0.04662742473395372,9,6,3,0,0,0,0,0,0,0,0,1
1bxs,A,298,GLN,-3.5,143.8,0.0,2,2,X,0.0,0.0,0.0,0.0,0.0,0.0,0.0,0.0,40,0.045694876239274644,19,0,19,0,0,0,0,0,0,0,0,1
1bxs,A,299,GLY,-0.4,60.1,0.0,0,0,X,0.0,0.0,0.0,0.0,0.0,0.0,0.0,0.0,36,0.05035761871267001,12,8,4,0,0,0,0,0,0,0,0,1
1bxs,A,300,GLN,-3.5,143.8,0.0,2,2,X,0.0,0.0,0.0,0.0,0.0,0.0,0.0,0.0,35,0.05035761871267001,17,7,10,0,0,0,0,0,0,0,0,1
1bxs,A,301,CYS,2.5,108.5,0.0,1,0,X,0.0,0.0,0.0,0.0,0.0,0.0,0.0,0.0,40,0.045228601991935104,12,7,5,0,0,0,0,0,0,0,0,1
1bxs,A,302,CYS,2.5,108.5,0.0,1,0,X,0.0,0.0,0.0,0.0,0.0,0.0,0.0,0.0,41,0.03823448828184205,7,15,-8,0,0,0,0,0,0,0,0,1
1bxs,A,303,ILE,4.5,166.7,0.0,0,0,X,0.0,0.0,0.0,0.0,0.0,0.0,0.0,0.0,42,0.043829779249916496,5,5,0,0,0,0,0,0,0,0,0,1
1bxs,A,304,ALA,1.8,88.6,0.0,0,0,X,0.0,0.0,0.0,0.0,0.0,0.0,0.0,0.0,45,0.04942507021799094,22,11,11,0,0,0,0,0,0,0,0,1
1bxs,A,305,ALA,1.8,88.6,0.0,0,0,X,0.0,0.0,0.0,0.0,0.0,0.0,0.0,0.0,44,0.05455408693872585,24,3,21,0,0,0,0,0,0,0,0,1
1bxs,A,306,SER,-0.8,89.0,0.0,1,1,X,0.0,0.0,0.0,0.0,0.0,0.0,0.0,0.0,42,0.053155264196707235,28,14,14,0,0,0,0,0,0,0,0,1
1bxs,A,307,ARG,-4.5,173.4,1.0,5,0,X,0.0,0.0,0.0,0.0,0.0,0.0,0.0,0.0,47,0.05175644145468863,30,14,16,0,0,0,0,0,0,0,0,1
1bxs,A,308,LEU,3.8,166.7,0.0,0,0,X,0.0,0.0,0.0,0.0,0.0,0.0,0.0,0.0,44,0.05129016720734909,21,3,18,0,0,0,0,0,0,0,0,1
1bxs,A,309,PHE,2.8,189.9,0.0,0,0,X,0.0,0.0,0.0,0.0,0.0,0.0,0.0,0.0,40,0.050823892960009553,35,19,16,0,0,0,0,0,0,0,0,1
1bxs,A,310,VAL,4.2,140.0,0.0,0,0,X,0.0,0.0,0.0,0.0,0.0,0.0,0.0,0.0,35,0.05735173242276307,19,32,-13,0,0,0,0,0,0,0,0,1
1bxs,A,311,GLU,-3.5,138.4,-1.0,1,3,X,0.0,0.0,0.0,0.0,0.0,0.0,0.0,0.0,28,0.048492521723311866,18,18,0,0,0,0,0,0,0,0,0,1
1bxs,A,312,GLU,-3.5,138.4,-1.0,1,3,X,0.0,0.0,0.0,0.0,0.0,0.0,0.0,0.0,19,0.03963331102386066,15,19,-4,0,0,0,0,0,0,0,0,1
1bxs,A,313,SER,-0.8,89.0,0.0,1,1,X,0.0,0.0,0.0,0.0,0.0,0.0,0.0,0.0,18,0.026577632098353617,13,36,-23,0,0,0,0,0,0,0,0,1
1bxs,A,314,ILE,4.5,166.7,0.0,0,0,X,0.0,0.0,0.0,0.0,0.0,0.0,0.0,0.0,27,0.03823448828184205,18,44,-26,0,0,0,0,0,0,0,0,1
1bxs,A,315,TYR,-1.3,193.6,0.0,1,1,X,0.0,0.0,0.0,0.0,0.0,0.0,0.0,0.0,27,0.04429605349725603,24,42,-18,0,0,0,0,0,0,0,0,1
1bxs,A,316,ASP,-3.5,111.1,-1.0,1,3,X,0.0,0.0,0.0,0.0,0.0,0.0,0.0,0.0,20,0.034970568550465285,23,28,-5,0,0,0,0,0,0,0,0,1
1bxs,A,317,GLU,-3.5,138.4,-1.0,1,3,X,0.0,0.0,0.0,0.0,0.0,0.0,0.0,0.0,18,0.034970568550465285,22,16,6,0,0,0,0,0,0,0,0,1
1bxs,A,318,PHE,2.8,189.9,0.0,0,0,X,0.0,0.0,0.0,0.0,0.0,0.0,0.0,0.0,40,0.04709369898129325,27,38,-11,0,0,0,0,0,0,0,0,1
1bxs,A,319,VAL,4.2,140.0,0.0,0,0,X,0.0,0.0,0.0,0.0,0.0,0.0,0.0,0.0,28,0.04709369898129325,29,38,-9,0,0,0,0,0,0,0,0,1
1bxs,A,320,ARG,-4.5,173.4,1.0,5,0,X,0.0,0.0,0.0,0.0,0.0,0.0,0.0,0.0,16,0.03403802005578621,13,29,-16,0,0,0,0,0,0,0,0,1
1bxs,A,321,ARG,-4.5,173.4,1.0,5,0,X,0.0,0.0,0.0,0.0,0.0,0.0,0.0,0.0,22,0.03823448828184205,21,36,-15,0,0,0,0,0,0,0,0,1
1bxs,A,322,SER,-0.8,89.0,0.0,1,1,X,0.0,0.0,0.0,0.0,0.0,0.0,0.0,0.0,38,0.04709369898129325,48,35,13,0,0,0,0,0,0,0,0,1
1bxs,A,323,VAL,4.2,140.0,0.0,0,0,X,0.0,0.0,0.0,0.0,0.0,0.0,0.0,0.0,28,0.043363505002576956,45,21,24,0,0,0,0,0,0,0,0,1
1bxs,A,324,GLU,-3.5,138.4,-1.0,1,3,X,0.0,0.0,0.0,0.0,0.0,0.0,0.0,0.0,18,0.03124037457174899,49,3,46,0,0,0,0,0,0,0,0,1
1bxs,A,325,ARG,-4.5,173.4,1.0,5,0,X,0.0,0.0,0.0,0.0,0.0,0.0,0.0,0.0,25,0.040565859518539735,35,19,16,0,0,0,0,0,0,0,0,1
1bxs,A,326,ALA,1.8,88.6,0.0,0,0,X,0.0,0.0,0.0,0.0,0.0,0.0,0.0,0.0,31,0.04709369898129325,46,15,31,0,0,0,0,0,0,0,0,1
1bxs,A,327,LYS,-3.9,168.6,1.0,2,0,X,0.0,0.0,0.0,0.0,0.0,0.0,0.0,0.0,21,0.03357174580844668,27,13,14,0,0,0,0,0,0,0,0,1
1bxs,A,328,LYS,-3.9,168.6,1.0,2,0,X,0.0,0.0,0.0,0.0,0.0,0.0,0.0,0.0,16,0.02844272908771177,28,12,16,0,0,0,0,0,0,0,0,1
1bxs,A,329,TYR,-1.3,193.6,0.0,1,1,X,0.0,0.0,0.0,0.0,0.0,0.0,0.0,0.0,28,0.03310547156110714,35,3,32,0,0,0,0,0,0,0,0,1
1bxs,A,330,VAL,4.2,140.0,0.0,0,0,X,0.0,0.0,0.0,0.0,0.0,0.0,0.0,0.0,20,0.03170664881908853,9,0,9,0,0,0,0,0,0,0,0,1
1bxs,A,331,LEU,3.8,166.7,0.0,0,0,X,0.0,0.0,0.0,0.0,0.0,0.0,0.0,0.0,30,0.040099585271200194,5,0,5,0,0,0,0,0,0,0,0,1
1bxs,A,332,GLY,-0.4,60.1,0.0,0,0,X,0.0,0.0,0.0,0.0,0.0,0.0,0.0,0.0,31,0.04103213376587927,9,0,9,0,0,0,0,0,0,0,0,1
1bxs,A,333,ASN,-3.5,114.1,0.0,2,2,X,0.0,0.0,0.0,0.0,0.0,0.0,0.0,0.0,31,0.040099585271200194,7,3,4,0,0,0,0,0,0,0,0,1
1bxs,A,334,PRO,-1.6,112.7,0.0,0,0,X,0.0,0.0,0.0,0.0,0.0,0.0,0.0,0.0,37,0.04755997322863279,10,3,7,0,0,0,0,0,0,0,0,1
1bxs,A,335,LEU,3.8,166.7,0.0,0,0,X,0.0,0.0,0.0,0.0,0.0,0.0,0.0,0.0,34,0.04196468226055834,6,5,1,0,0,0,0,0,0,0,0,1
1bxs,A,336,THR,-0.7,116.1,0.0,1,1,X,0.0,0.0,0.0,0.0,0.0,0.0,0.0,0.0,21,0.027043906345693154,1,0,1,0,0,0,0,0,0,0,0,1
1bxs,A,337,PRO,-1.6,112.7,0.0,0,0,X,0.0,0.0,0.0,0.0,0.0,0.0,0.0,0.0,16,0.018650969893581486,0,0,0,0,0,0,0,0,0,0,0,1
1bxs,A,338,GLY,-0.4,60.1,0.0,0,0,X,0.0,0.0,0.0,0.0,0.0,0.0,0.0,0.0,17,0.01818469564624195,2,0,2,0,0,0,0,0,0,0,0,1
1bxs,A,339,VAL,4.2,140.0,0.0,0,0,X,0.0,0.0,0.0,0.0,0.0,0.0,0.0,0.0,25,0.0363693912924839,4,0,4,0,0,0,0,0,0,0,0,1
1bxs,A,340,SER,-0.8,89.0,0.0,1,1,X,0.0,0.0,0.0,0.0,0.0,0.0,0.0,0.0,31,0.03357174580844668,19,0,19,0,0,0,0,0,0,0,0,1
1bxs,A,341,GLN,-3.5,143.8,0.0,2,2,X,0.0,0.0,0.0,0.0,0.0,0.0,0.0,0.0,34,0.045694876239274644,17,0,17,0,0,0,0,0,0,0,0,1
1bxs,A,342,GLY,-0.4,60.1,0.0,0,0,X,0.0,0.0,0.0,0.0,0.0,0.0,0.0,0.0,40,0.053621538444046775,17,0,17,0,0,0,0,0,0,0,0,1
1bxs,A,343,PRO,-1.6,112.7,0.0,0,0,X,0.0,0.0,0.0,0.0,0.0,0.0,0.0,0.0,41,0.05455408693872585,20,8,12,0,0,0,0,0,0,0,0,1
1bxs,A,344,GLN,-3.5,143.8,0.0,2,2,X,0.0,0.0,0.0,0.0,0.0,0.0,0.0,0.0,39,0.05968310365946076,20,15,5,0,0,0,0,0,0,0,0,1
1bxs,A,345,ILE,4.5,166.7,0.0,0,0,X,0.0,0.0,0.0,0.0,0.0,0.0,0.0,0.0,37,0.05175644145468863,16,22,-6,0,0,0,0,0,0,0,0,1
1bxs,A,346,ASP,-3.5,111.1,-1.0,1,3,X,0.0,0.0,0.0,0.0,0.0,0.0,0.0,0.0,28,0.04289723075523742,13,26,-13,0,0,0,0,0,0,0,0,1
1bxs,A,347,LYS,-3.9,168.6,1.0,2,0,X,0.0,0.0,0.0,0.0,0.0,0.0,0.0,0.0,16,0.035436842797804825,4,31,-27,0,0,0,0,0,0,0,0,1
1bxs,A,348,GLU,-3.5,138.4,-1.0,1,3,X,0.0,0.0,0.0,0.0,0.0,0.0,0.0,0.0,16,0.02984155182973038,18,18,0,0,0,0,0,0,0,0,0,1
1bxs,A,349,GLN,-3.5,143.8,0.0,2,2,X,0.0,0.0,0.0,0.0,0.0,0.0,0.0,0.0,26,0.04709369898129325,15,32,-17,0,0,0,0,0,0,0,0,1
1bxs,A,350,TYR,-1.3,193.6,0.0,1,1,X,0.0,0.0,0.0,0.0,0.0,0.0,0.0,0.0,29,0.05175644145468863,16,28,-12,0,0,0,0,0,0,0,0,1
1bxs,A,351,GLU,-3.5,138.4,-1.0,1,3,X,0.0,0.0,0.0,0.0,0.0,0.0,0.0,0.0,15,0.0363693912924839,17,24,-7,0,0,0,0,0,0,0,0,1
1bxs,A,352,LYS,-3.9,168.6,1.0,2,0,X,0.0,0.0,0.0,0.0,0.0,0.0,0.0,0.0,26,0.040099585271200194,9,48,-39,0,0,0,0,0,0,0,0,1
1bxs,A,353,ILE,4.5,166.7,0.0,0,0,X,0.0,0.0,0.0,0.0,0.0,0.0,0.0,0.0,38,0.050823892960009553,15,34,-19,0,0,0,0,0,0,0,0,1
1bxs,A,354,LEU,3.8,166.7,0.0,0,0,X,0.0,0.0,0.0,0.0,0.0,0.0,0.0,0.0,32,0.04289723075523742,14,29,-15,0,0,0,0,0,0,0,0,1
1bxs,A,355,ASP,-3.5,111.1,-1.0,1,3,X,0.0,0.0,0.0,0.0,0.0,0.0,0.0,0.0,20,0.03450429430312575,30,25,5,0,0,0,0,0,0,0,0,1
1bxs,A,356,LEU,3.8,166.7,0.0,0,0,X,0.0,0.0,0.0,0.0,0.0,0.0,0.0,0.0,30,0.04755997322863279,35,41,-6,0,0,0,0,0,0,0,0,1
1bxs,A,357,ILE,4.5,166.7,0.0,0,0,X,0.0,0.0,0.0,0.0,0.0,0.0,0.0,0.0,35,0.04662742473395372,29,22,7,0,0,0,0,0,0,0,0,1
1bxs,A,358,GLU,-3.5,138.4,-1.0,1,3,X,0.0,0.0,0.0,0.0,0.0,0.0,0.0,0.0,22,0.03590311704514436,27,17,10,0,0,0,0,0,0,0,0,1
1bxs,A,359,SER,-0.8,89.0,0.0,1,1,X,0.0,0.0,0.0,0.0,0.0,0.0,0.0,0.0,24,0.043829779249916496,31,33,-2,0,0,0,0,0,0,0,0,1
1bxs,A,360,GLY,-0.4,60.1,0.0,0,0,X,0.0,0.0,0.0,0.0,0.0,0.0,0.0,0.0,32,0.05222271570202816,33,30,3,0,0,0,0,0,0,0,0,1
1bxs,A,361,LYS,-3.9,168.6,1.0,2,0,X,0.0,0.0,0.0,0.0,0.0,0.0,0.0,0.0,25,0.03776821403450251,14,22,-8,0,0,0,0,0,0,0,0,1
1bxs,A,362,LYS,-3.9,168.6,1.0,2,0,X,0.0,0.0,0.0,0.0,0.0,0.0,0.0,0.0,14,0.02611135785101408,14,23,-9,0,0,0,0,0,0,0,0,1
1bxs,A,363,GLU,-3.5,138.4,-1.0,1,3,X,0.0,0.0,0.0,0.0,0.0,0.0,0.0,0.0,22,0.025645083603674543,27,21,6,0,0,0,0,0,0,0,0,1
1bxs,A,364,GLY,-0.4,60.1,0.0,0,0,X,0.0,0.0,0.0,0.0,0.0,0.0,0.0,0.0,19,0.02331371236697686,23,22,1,0,0,0,0,0,0,0,0,1
1bxs,A,365,ALA,1.8,88.6,0.0,0,0,X,0.0,0.0,0.0,0.0,0.0,0.0,0.0,0.0,29,0.04289723075523742,25,28,-3,0,0,0,0,0,0,0,0,1
1bxs,A,366,LYS,-3.9,168.6,1.0,2,0,X,0.0,0.0,0.0,0.0,0.0,0.0,0.0,0.0,22,0.0363693912924839,6,19,-13,0,0,0,0,0,0,0,0,1
1bxs,A,367,LEU,3.8,166.7,0.0,0,0,X,0.0,0.0,0.0,0.0,0.0,0.0,0.0,0.0,27,0.03870076252918159,19,14,5,0,0,0,0,0,0,0,0,1
1bxs,A,368,GLU,-3.5,138.4,-1.0,1,3,X,0.0,0.0,0.0,0.0,0.0,0.0,0.0,0.0,26,0.03590311704514436,21,10,11,0,0,0,0,0,0,0,0,1
1bxs,A,369,CYS,2.5,108.5,0.0,1,0,X,0.0,0.0,0.0,0.0,0.0,0.0,0.0,0.0,29,0.03916703677652112,21,13,8,0,0,0,0,0,0,0,0,1
1bxs,A,370,GLY,-0.4,60.1,0.0,0,0,X,0.0,0.0,0.0,0.0,0.0,0.0,0.0,0.0,25,0.03170664881908853,14,8,6,0,0,0,0,0,0,0,0,1
1bxs,A,371,GLY,-0.4,60.1,0.0,0,0,X,0.0,0.0,0.0,0.0,0.0,0.0,0.0,0.0,27,0.04149840801321881,9,16,-7,0,0,0,0,0,0,0,0,1
1bxs,A,372,GLY,-0.4,60.1,0.0,0,0,X,0.0,0.0,0.0,0.0,0.0,0.0,0.0,0.0,26,0.03357174580844668,4,6,-2,0,0,0,0,0,0,0,0,1
1bxs,A,373,PRO,-1.6,112.7,0.0,0,0,X,0.0,0.0,0.0,0.0,0.0,0.0,0.0,0.0,23,0.03357174580844668,1,2,-1,0,0,0,0,0,0,0,0,1
1bxs,A,374,TRP,-0.9,227.8,0.0,1,0,X,0.0,0.0,0.0,0.0,0.0,0.0,0.0,0.0,22,0.03450429430312575,5,0,5,0,0,0,0,0,0,0,0,1
1bxs,A,375,GLY,-0.4,60.1,0.0,0,0,X,0.0,0.0,0.0,0.0,0.0,0.0,0.0,0.0,16,0.027510180593032695,5,2,3,0,0,0,0,0,0,0,0,1
1bxs,A,376,ASN,-3.5,114.1,0.0,2,2,X,0.0,0.0,0.0,0.0,0.0,0.0,0.0,0.0,11,0.01678587290422334,5,5,0,0,0,0,0,0,0,0,0,1
1bxs,A,377,LYS,-3.9,168.6,1.0,2,0,X,0.0,0.0,0.0,0.0,0.0,0.0,0.0,0.0,17,0.026577632098353617,0,12,-12,0,0,0,0,0,0,0,0,1
1bxs,A,378,GLY,-0.4,60.1,0.0,0,0,X,0.0,0.0,0.0,0.0,0.0,0.0,0.0,0.0,25,0.040099585271200194,13,15,-2,0,0,0,0,0,0,0,0,1
1bxs,A,379,TYR,-1.3,193.6,0.0,1,1,X,0.0,0.0,0.0,0.0,0.0,0.0,0.0,0.0,30,0.05175644145468863,14,29,-15,0,0,0,0,0,0,0,0,1
1bxs,A,380,PHE,2.8,189.9,0.0,0,0,X,0.0,0.0,0.0,0.0,0.0,0.0,0.0,0.0,34,0.053155264196707235,5,8,-3,0,0,0,0,0,0,0,0,1
1bxs,A,381,ILE,4.5,166.7,0.0,0,0,X,0.0,0.0,0.0,0.0,0.0,0.0,0.0,0.0,37,0.053621538444046775,2,5,-3,0,0,0,0,0,0,0,0,1
1bxs,A,382,GLN,-3.5,143.8,0.0,2,2,X,0.0,0.0,0.0,0.0,0.0,0.0,0.0,0.0,29,0.04243095650789788,4,2,2,0,0,0,0,0,0,0,0,1
1bxs,A,383,PRO,-1.6,112.7,0.0,0,0,X,0.0,0.0,0.0,0.0,0.0,0.0,0.0,0.0,39,0.045694876239274644,22,6,16,0,0,0,0,0,0,0,0,1
1bxs,A,384,THR,-0.7,116.1,0.0,1,1,X,0.0,0.0,0.0,0.0,0.0,0.0,0.0,0.0,38,0.05035761871267001,11,8,3,0,0,0,0,0,0,0,0,1
1bxs,A,385,VAL,4.2,140.0,0.0,0,0,X,0.0,0.0,0.0,0.0,0.0,0.0,0.0,0.0,39,0.05455408693872585,26,13,13,0,0,0,0,0,0,0,0,1
1bxs,A,386,PHE,2.8,189.9,0.0,0,0,X,0.0,0.0,0.0,0.0,0.0,0.0,0.0,0.0,39,0.053155264196707235,18,26,-8,0,0,0,0,0,0,0,0,1
1bxs,A,387,SER,-0.8,89.0,0.0,1,1,X,0.0,0.0,0.0,0.0,0.0,0.0,0.0,0.0,29,0.04709369898129325,15,23,-8,0,0,0,0,0,0,0,0,1
1bxs,A,388,ASP,-3.5,111.1,-1.0,1,3,X,0.0,0.0,0.0,0.0,0.0,0.0,0.0,0.0,26,0.03730193978716297,19,14,5,0,0,0,0,0,0,0,0,1
1bxs,A,389,VAL,4.2,140.0,0.0,0,0,X,0.0,0.0,0.0,0.0,0.0,0.0,0.0,0.0,35,0.048492521723311866,34,32,2,0,0,0,0,0,0,0,0,1
1bxs,A,390,THR,-0.7,116.1,0.0,1,1,X,0.0,0.0,0.0,0.0,0.0,0.0,0.0,0.0,24,0.03310547156110714,26,33,-7,0,0,0,0,0,0,0,0,1
1bxs,A,391,ASP,-3.5,111.1,-1.0,1,3,X,0.0,0.0,0.0,0.0,0.0,0.0,0.0,0.0,27,0.03590311704514436,41,14,27,0,0,0,0,0,0,0,0,1
1bxs,A,392,ASP,-3.5,111.1,-1.0,1,3,X,0.0,0.0,0.0,0.0,0.0,0.0,0.0,0.0,17,0.025645083603674543,18,20,-2,0,0,0,0,0,0,0,0,1
1bxs,A,393,MET,1.9,162.9,0.0,0,0,X,0.0,0.0,0.0,0.0,0.0,0.0,0.0,0.0,30,0.03870076252918159,32,37,-5,0,0,0,0,0,0,0,0,1
1bxs,A,394,ARG,-4.5,173.4,1.0,5,0,X,0.0,0.0,0.0,0.0,0.0,0.0,0.0,0.0,25,0.03870076252918159,23,41,-18,0,0,0,0,0,0,0,0,1
1bxs,A,395,ILE,4.5,166.7,0.0,0,0,X,0.0,0.0,0.0,0.0,0.0,0.0,0.0,0.0,40,0.05222271570202816,38,42,-4,0,0,0,0,0,0,0,0,1
1bxs,A,396,ALA,1.8,88.6,0.0,0,0,X,0.0,0.0,0.0,0.0,0.0,0.0,0.0,0.0,36,0.04755997322863279,40,37,3,0,0,0,0,0,0,0,0,1
1bxs,A,397,LYS,-3.9,168.6,1.0,2,0,X,0.0,0.0,0.0,0.0,0.0,0.0,0.0,0.0,25,0.03916703677652112,28,33,-5,0,0,0,0,0,0,0,0,1
1bxs,A,398,GLU,-3.5,138.4,-1.0,1,3,X,0.0,0.0,0.0,0.0,0.0,0.0,0.0,0.0,26,0.03823448828184205,37,20,17,0,0,0,0,0,0,0,0,1
1bxs,A,399,GLU,-3.5,138.4,-1.0,1,3,X,0.0,0.0,0.0,0.0,0.0,0.0,0.0,0.0,37,0.040565859518539735,25,10,15,0,0,0,0,0,0,0,0,1
1bxs,A,400,ILE,4.5,166.7,0.0,0,0,X,0.0,0.0,0.0,0.0,0.0,0.0,0.0,0.0,39,0.043363505002576956,31,27,4,0,0,0,0,0,0,0,0,1
1bxs,A,401,PHE,2.8,189.9,0.0,0,0,X,0.0,0.0,0.0,0.0,0.0,0.0,0.0,0.0,39,0.04662742473395372,21,12,9,0,0,0,0,0,0,0,0,1
1bxs,A,402,GLY,-0.4,60.1,0.0,0,0,X,0.0,0.0,0.0,0.0,0.0,0.0,0.0,0.0,43,0.04755997322863279,17,11,6,0,0,0,0,0,0,0,0,1
1bxs,A,403,PRO,-1.6,112.7,0.0,0,0,X,0.0,0.0,0.0,0.0,0.0,0.0,0.0,0.0,41,0.048958795970651406,9,0,9,0,0,0,0,0,0,0,0,1
1bxs,A,404,VAL,4.2,140.0,0.0,0,0,X,0.0,0.0,0.0,0.0,0.0,0.0,0.0,0.0,47,0.048958795970651406,8,6,2,0,0,0,0,0,0,0,0,1
1bxs,A,405,GLN,-3.5,143.8,0.0,2,2,X,0.0,0.0,0.0,0.0,0.0,0.0,0.0,0.0,47,0.048492521723311866,23,7,16,0,0,0,0,0,0,0,0,1
1bxs,A,406,GLN,-3.5,143.8,0.0,2,2,X,0.0,0.0,0.0,0.0,0.0,0.0,0.0,0.0,43,0.05175644145468863,28,10,18,0,0,0,0,0,0,0,0,1
1bxs,A,407,ILE,4.5,166.7,0.0,0,0,X,0.0,0.0,0.0,0.0,0.0,0.0,0.0,0.0,41,0.053621538444046775,22,20,2,0,0,0,0,0,0,0,0,1
1bxs,A,408,MET,1.9,162.9,0.0,0,0,X,0.0,0.0,0.0,0.0,0.0,0.0,0.0,0.0,37,0.05035761871267001,31,24,7,0,0,0,0,0,0,0,0,1
1bxs,A,409,LYS,-3.9,168.6,1.0,2,0,X,0.0,0.0,0.0,0.0,0.0,0.0,0.0,0.0,25,0.045228601991935104,10,35,-25,0,0,0,0,0,0,0,0,1
1bxs,A,410,PHE,2.8,189.9,0.0,0,0,X,0.0,0.0,0.0,0.0,0.0,0.0,0.0,0.0,29,0.045694876239274644,26,32,-6,0,0,0,0,0,0,0,0,1
1bxs,A,411,LYS,-3.9,168.6,1.0,2,0,X,0.0,0.0,0.0,0.0,0.0,0.0,0.0,0.0,21,0.03124037457174899,15,32,-17,0,0,0,0,0,0,0,0,1
1bxs,A,412,SER,-0.8,89.0,0.0,1,1,X,0.0,0.0,0.0,0.0,0.0,0.0,0.0,0.0,17,0.027510180593032695,22,30,-8,0,0,0,0,0,0,0,0,1
1bxs,A,413,LEU,3.8,166.7,0.0,0,0,X,0.0,0.0,0.0,0.0,0.0,0.0,0.0,0.0,24,0.03450429430312575,19,25,-6,0,0,0,0,0,0,0,0,1
1bxs,A,414,ASP,-3.5,111.1,-1.0,1,3,X,0.0,0.0,0.0,0.0,0.0,0.0,0.0,0.0,16,0.02471253510899547,15,8,7,0,0,0,0,0,0,0,0,1
1bxs,A,415,ASP,-3.5,111.1,-1.0,1,3,X,0.0,0.0,0.0,0.0,0.0,0.0,0.0,0.0,18,0.032172923066428064,24,13,11,0,0,0,0,0,0,0,0,1
1bxs,A,416,VAL,4.2,140.0,0.0,0,0,X,0.0,0.0,0.0,0.0,0.0,0.0,0.0,0.0,30,0.045228601991935104,29,25,4,0,0,0,0,0,0,0,0,1
1bxs,A,417,ILE,4.5,166.7,0.0,0,0,X,0.0,0.0,0.0,0.0,0.0,0.0,0.0,0.0,28,0.043363505002576956,19,16,3,0,0,0,0,0,0,0,0,1
1bxs,A,418,LYS,-3.9,168.6,1.0,2,0,X,0.0,0.0,0.0,0.0,0.0,0.0,0.0,0.0,23,0.03124037457174899,15,20,-5,0,0,0,0,0,0,0,0,1
1bxs,A,419,ARG,-4.5,173.4,1.0,5,0,X,0.0,0.0,0.0,0.0,0.0,0.0,0.0,0.0,27,0.03870076252918159,23,22,1,0,0,0,0,0,0,0,0,1
1bxs,A,420,ALA,1.8,88.6,0.0,0,0,X,0.0,0.0,0.0,0.0,0.0,0.0,0.0,0.0,35,0.045228601991935104,36,14,22,0,0,0,0,0,0,0,0,1
1bxs,A,421,ASN,-3.5,114.1,0.0,2,2,X,0.0,0.0,0.0,0.0,0.0,0.0,0.0,0.0,36,0.03963331102386066,26,6,20,0,0,0,0,0,0,0,0,1
1bxs,A,422,ASN,-3.5,114.1,0.0,2,2,X,0.0,0.0,0.0,0.0,0.0,0.0,0.0,0.0,20,0.02797645484037223,36,12,24,0,0,0,0,0,0,0,0,1
1bxs,A,423,THR,-0.7,116.1,0.0,1,1,X,0.0,0.0,0.0,0.0,0.0,0.0,0.0,0.0,28,0.03357174580844668,41,5,36,0,0,0,0,0,0,0,0,1
1bxs,A,424,PHE,2.8,189.9,0.0,0,0,X,0.0,0.0,0.0,0.0,0.0,0.0,0.0,0.0,25,0.03170664881908853,21,7,14,0,0,0,0,0,0,0,0,1
1bxs,A,425,TYR,-1.3,193.6,0.0,1,1,X,0.0,0.0,0.0,0.0,0.0,0.0,0.0,0.0,38,0.04616115048661418,30,17,13,0,0,0,0,0,0,0,0,1
1bxs,A,426,GLY,-0.4,60.1,0.0,0,0,X,0.0,0.0,0.0,0.0,0.0,0.0,0.0,0.0,42,0.05921682941212122,30,5,25,0,0,0,0,0,0,0,0,1
1bxs,A,427,LEU,3.8,166.7,0.0,0,0,X,0.0,0.0,0.0,0.0,0.0,0.0,0.0,0.0,47,0.05548663543340492,17,13,4,0,0,0,0,0,0,0,0,1
1bxs,A,428,SER,-0.8,89.0,0.0,1,1,X,0.0,0.0,0.0,0.0,0.0,0.0,0.0,0.0,44,0.05222271570202816,13,1,12,0,0,0,0,0,0,0,0,1
1bxs,A,429,ALA,1.8,88.6,0.0,0,0,X,0.0,0.0,0.0,0.0,0.0,0.0,0.0,0.0,42,0.05502036118606539,16,0,16,0,0,0,0,0,0,0,0,1
1bxs,A,430,GLY,-0.4,60.1,0.0,0,0,X,0.0,0.0,0.0,0.0,0.0,0.0,0.0,0.0,43,0.05502036118606539,9,0,9,0,0,0,0,0,0,0,0,1
1bxs,A,431,ILE,4.5,166.7,0.0,0,0,X,0.0,0.0,0.0,0.0,0.0,0.0,0.0,0.0,44,0.05455408693872585,9,7,2,0,0,0,0,0,0,0,0,1
1bxs,A,432,PHE,2.8,189.9,0.0,0,0,X,0.0,0.0,0.0,0.0,0.0,0.0,0.0,0.0,43,0.05129016720734909,7,23,-16,0,0,0,0,0,0,0,0,1
1bxs,A,433,THR,-0.7,116.1,0.0,1,1,X,0.0,0.0,0.0,0.0,0.0,0.0,0.0,0.0,32,0.04942507021799094,10,32,-22,0,0,0,0,0,0,0,0,1
1bxs,A,434,ASN,-3.5,114.1,0.0,2,2,X,0.0,0.0,0.0,0.0,0.0,0.0,0.0,0.0,16,0.04103213376587927,11,42,-31,0,0,0,0,0,0,0,0,1
1bxs,A,435,ASP,-3.5,111.1,-1.0,1,3,X,0.0,0.0,0.0,0.0,0.0,0.0,0.0,0.0,22,0.03916703677652112,10,18,-8,0,0,0,0,0,0,0,0,1
1bxs,A,436,ILE,4.5,166.7,0.0,0,0,X,0.0,0.0,0.0,0.0,0.0,0.0,0.0,0.0,20,0.04149840801321881,20,33,-13,0,0,0,0,0,0,0,0,1
1bxs,A,437,ASP,-3.5,111.1,-1.0,1,3,X,0.0,0.0,0.0,0.0,0.0,0.0,0.0,0.0,24,0.03776821403450251,20,9,11,0,0,0,0,0,0,0,0,1
1bxs,A,438,LYS,-3.9,168.6,1.0,2,0,X,0.0,0.0,0.0,0.0,0.0,0.0,0.0,0.0,30,0.043363505002576956,0,26,-26,0,0,0,0,0,0,0,0,1
1bxs,A,439,ALA,1.8,88.6,0.0,0,0,X,0.0,0.0,0.0,0.0,0.0,0.0,0.0,0.0,33,0.05129016720734909,11,18,-7,0,0,0,0,0,0,0,0,1
1bxs,A,440,ILE,4.5,166.7,0.0,0,0,X,0.0,0.0,0.0,0.0,0.0,0.0,0.0,0.0,30,0.043363505002576956,25,16,9,0,0,0,0,0,0,0,0,1
1bxs,A,441,THR,-0.7,116.1,0.0,1,1,X,0.0,0.0,0.0,0.0,0.0,0.0,0.0,0.0,36,0.04289723075523742,24,17,7,0,0,0,0,0,0,0,0,1
1bxs,A,442,VAL,4.2,140.0,0.0,0,0,X,0.0,0.0,0.0,0.0,0.0,0.0,0.0,0.0,38,0.03963331102386066,17,19,-2,0,0,0,0,0,0,0,0,1
1bxs,A,443,SER,-0.8,89.0,0.0,1,1,X,0.0,0.0,0.0,0.0,0.0,0.0,0.0,0.0,42,0.045228601991935104,23,8,15,0,0,0,0,0,0,0,0,1
1bxs,A,444,SER,-0.8,89.0,0.0,1,1,X,0.0,0.0,0.0,0.0,0.0,0.0,0.0,0.0,35,0.04429605349725603,36,9,27,0,0,0,0,0,0,0,0,1
1bxs,A,445,ALA,1.8,88.6,0.0,0,0,X,0.0,0.0,0.0,0.0,0.0,0.0,0.0,0.0,36,0.03963331102386066,26,10,16,0,0,0,0,0,0,0,0,1
1bxs,A,446,LEU,3.8,166.7,0.0,0,0,X,0.0,0.0,0.0,0.0,0.0,0.0,0.0,0.0,46,0.04243095650789788,24,4,20,0,0,0,0,0,0,0,0,1
1bxs,A,447,GLN,-3.5,143.8,0.0,2,2,X,0.0,0.0,0.0,0.0,0.0,0.0,0.0,0.0,42,0.04103213376587927,31,13,18,0,0,0,0,0,0,0,0,1
1bxs,A,448,SER,-0.8,89.0,0.0,1,1,X,0.0,0.0,0.0,0.0,0.0,0.0,0.0,0.0,44,0.04989134446533048,29,11,18,0,0,0,0,0,0,0,0,1
1bxs,A,449,GLY,-0.4,60.1,0.0,0,0,X,0.0,0.0,0.0,0.0,0.0,0.0,0.0,0.0,41,0.05408781269138631,29,18,11,0,0,0,0,0,0,0,0,1
1bxs,A,450,THR,-0.7,116.1,0.0,1,1,X,0.0,0.0,0.0,0.0,0.0,0.0,0.0,0.0,42,0.053621538444046775,16,1,15,0,0,0,0,0,0,0,0,1
1bxs,A,451,VAL,4.2,140.0,0.0,0,0,X,0.0,0.0,0.0,0.0,0.0,0.0,0.0,0.0,48,0.0526889899493677,16,3,13,0,0,0,0,0,0,0,0,1
1bxs,A,452,TRP,-0.9,227.8,0.0,1,0,X,0.0,0.0,0.0,0.0,0.0,0.0,0.0,0.0,39,0.056419183928083996,4,0,4,0,0,0,0,0,0,0,0,1
1bxs,A,453,VAL,4.2,140.0,0.0,0,0,X,0.0,0.0,0.0,0.0,0.0,0.0,0.0,0.0,40,0.05175644145468863,13,4,9,0,0,0,0,0,0,0,0,1
1bxs,A,454,ASN,-3.5,114.1,0.0,2,2,X,0.0,0.0,0.0,0.0,0.0,0.0,0.0,0.0,38,0.04662742473395372,9,23,-14,0,0,0,0,0,0,0,0,1
1bxs,A,455,CYS,2.5,108.5,0.0,1,0,X,0.0,0.0,0.0,0.0,0.0,0.0,0.0,0.0,35,0.05175644145468863,9,6,3,0,0,0,0,0,0,0,0,1
1bxs,A,456,TYR,-1.3,193.6,0.0,1,1,X,0.0,0.0,0.0,0.0,0.0,0.0,0.0,0.0,42,0.04616115048661418,5,3,2,0,0,0,0,0,0,0,0,1
1bxs,A,457,SER,-0.8,89.0,0.0,1,1,X,0.0,0.0,0.0,0.0,0.0,0.0,0.0,0.0,35,0.0363693912924839,3,2,1,0,0,0,0,0,0,0,0,1
1bxs,A,458,VAL,4.2,140.0,0.0,0,0,X,0.0,0.0,0.0,0.0,0.0,0.0,0.0,0.0,31,0.032639197313767604,5,5,0,0,0,0,0,0,0,0,0,1
1bxs,A,459,VAL,4.2,140.0,0.0,0,0,X,0.0,0.0,0.0,0.0,0.0,0.0,0.0,0.0,29,0.034970568550465285,0,9,-9,0,0,0,0,0,0,0,0,1
1bxs,A,460,SER,-0.8,89.0,0.0,1,1,X,0.0,0.0,0.0,0.0,0.0,0.0,0.0,0.0,32,0.03310547156110714,9,16,-7,0,0,0,0,0,0,0,0,1
1bxs,A,461,ALA,1.8,88.6,0.0,0,0,X,0.0,0.0,0.0,0.0,0.0,0.0,0.0,0.0,37,0.04616115048661418,20,23,-3,0,0,0,0,0,0,0,0,1
1bxs,A,462,GLN,-3.5,143.8,0.0,2,2,X,0.0,0.0,0.0,0.0,0.0,0.0,0.0,0.0,40,0.05129016720734909,20,28,-8,0,0,0,0,0,0,0,0,1
1bxs,A,463,CYS,2.5,108.5,0.0,1,0,X,0.0,0.0,0.0,0.0,0.0,0.0,0.0,0.0,39,0.045228601991935104,12,19,-7,0,0,0,0,0,0,0,0,1
1bxs,A,464,PRO,-1.6,112.7,0.0,0,0,X,0.0,0.0,0.0,0.0,0.0,0.0,0.0,0.0,43,0.05035761871267001,27,22,5,0,0,0,0,0,0,0,0,1
1bxs,A,465,PHE,2.8,189.9,0.0,0,0,X,0.0,0.0,0.0,0.0,0.0,0.0,0.0,0.0,41,0.045694876239274644,14,18,-4,0,0,0,0,0,0,0,0,1
1bxs,A,466,GLY,-0.4,60.1,0.0,0,0,X,0.0,0.0,0.0,0.0,0.0,0.0,0.0,0.0,43,0.048026247475972325,26,30,-4,0,0,0,0,0,0,0,0,1
1bxs,A,467,GLY,-0.4,60.1,0.0,0,0,X,0.0,0.0,0.0,0.0,0.0,0.0,0.0,0.0,37,0.058284280917442144,32,22,10,0,0,0,0,0,0,0,0,1
1bxs,A,468,PHE,2.8,189.9,0.0,0,0,X,0.0,0.0,0.0,0.0,0.0,0.0,0.0,0.0,41,0.048026247475972325,32,24,8,0,0,0,0,0,0,0,0,1
1bxs,A,469,LYS,-3.9,168.6,1.0,2,0,X,0.0,0.0,0.0,0.0,0.0,0.0,0.0,0.0,38,0.05035761871267001,19,19,0,0,0,0,0,0,0,0,0,1
1bxs,A,470,MET,1.9,162.9,0.0,0,0,X,0.0,0.0,0.0,0.0,0.0,0.0,0.0,0.0,35,0.05035761871267001,34,10,24,0,0,0,0,0,0,0,0,1
1bxs,A,471,SER,-0.8,89.0,0.0,1,1,X,0.0,0.0,0.0,0.0,0.0,0.0,0.0,0.0,42,0.05175644145468863,23,15,8,0,0,0,0,0,0,0,0,1
1bxs,A,472,GLY,-0.4,60.1,0.0,0,0,X,0.0,0.0,0.0,0.0,0.0,0.0,0.0,0.0,39,0.050823892960009553,40,18,22,0,0,0,0,0,0,0,0,1
1bxs,A,473,ASN,-3.5,114.1,0.0,2,2,X,0.0,0.0,0.0,0.0,0.0,0.0,0.0,0.0,34,0.04942507021799094,47,24,23,0,0,0,0,0,0,0,0,1
1bxs,A,474,GLY,-0.4,60.1,0.0,0,0,X,0.0,0.0,0.0,0.0,0.0,0.0,0.0,0.0,37,0.03823448828184205,33,36,-3,0,0,0,0,0,0,0,0,1
1bxs,A,475,ARG,-4.5,173.4,1.0,5,0,X,0.0,0.0,0.0,0.0,0.0,0.0,0.0,0.0,37,0.04476232774459557,22,37,-15,0,0,0,0,0,0,0,0,1
1bxs,A,476,GLU,-3.5,138.4,-1.0,1,3,X,0.0,0.0,0.0,0.0,0.0,0.0,0.0,0.0,45,0.048026247475972325,23,21,2,0,0,0,0,0,0,0,0,1
1bxs,A,477,LEU,3.8,166.7,0.0,0,0,X,0.0,0.0,0.0,0.0,0.0,0.0,0.0,0.0,38,0.053155264196707235,19,23,-4,0,0,0,0,0,0,0,0,1
1bxs,A,478,GLY,-0.4,60.1,0.0,0,0,X,0.0,0.0,0.0,0.0,0.0,0.0,0.0,0.0,34,0.05035761871267001,24,29,-5,0,0,0,0,0,0,0,0,1
1bxs,A,479,GLU,-3.5,138.4,-1.0,1,3,X,0.0,0.0,0.0,0.0,0.0,0.0,0.0,0.0,26,0.04476232774459557,47,7,40,0,0,0,0,0,0,0,0,1
1bxs,A,480,TYR,-1.3,193.6,0.0,1,1,X,0.0,0.0,0.0,0.0,0.0,0.0,0.0,0.0,29,0.04289723075523742,50,25,25,0,0,0,0,0,0,0,0,1
1bxs,A,481,GLY,-0.4,60.1,0.0,0,0,X,0.0,0.0,0.0,0.0,0.0,0.0,0.0,0.0,34,0.048026247475972325,28,29,-1,0,0,0,0,0,0,0,0,1
1bxs,A,482,PHE,2.8,189.9,0.0,0,0,X,0.0,0.0,0.0,0.0,0.0,0.0,0.0,0.0,40,0.048958795970651406,27,26,1,0,0,0,0,0,0,0,0,1
1bxs,A,483,HIS,-3.2,153.2,0.1,2,1,X,0.0,0.0,0.0,0.0,0.0,0.0,0.0,0.0,23,0.035436842797804825,15,41,-26,0,0,0,0,0,0,0,0,1
1bxs,A,484,GLU,-3.5,138.4,-1.0,1,3,X,0.0,0.0,0.0,0.0,0.0,0.0,0.0,0.0,31,0.03590311704514436,37,19,18,0,0,0,0,0,0,0,0,1
1bxs,A,485,TYR,-1.3,193.6,0.0,1,1,X,0.0,0.0,0.0,0.0,0.0,0.0,0.0,0.0,42,0.04476232774459557,36,27,9,0,0,0,0,0,0,0,0,1
1bxs,A,486,THR,-0.7,116.1,0.0,1,1,X,0.0,0.0,0.0,0.0,0.0,0.0,0.0,0.0,33,0.045228601991935104,35,28,7,0,0,0,0,0,0,0,0,1
1bxs,A,487,GLU,-3.5,138.4,-1.0,1,3,X,0.0,0.0,0.0,0.0,0.0,0.0,0.0,0.0,39,0.043363505002576956,54,22,32,0,0,0,0,0,0,0,0,1
1bxs,A,488,VAL,4.2,140.0,0.0,0,0,X,0.0,0.0,0.0,0.0,0.0,0.0,0.0,0.0,42,0.04942507021799094,46,24,22,0,0,0,0,0,0,0,0,1
1bxs,A,489,LYS,-3.9,168.6,1.0,2,0,X,0.0,0.0,0.0,0.0,0.0,0.0,0.0,0.0,42,0.05129016720734909,20,18,2,0,0,0,0,0,0,0,0,1
1bxs,A,490,THR,-0.7,116.1,0.0,1,1,X,0.0,0.0,0.0,0.0,0.0,0.0,0.0,0.0,42,0.04989134446533048,30,7,23,0,0,0,0,0,0,0,0,1
1bxs,A,491,VAL,4.2,140.0,0.0,0,0,X,0.0,0.0,0.0,0.0,0.0,0.0,0.0,0.0,37,0.04942507021799094,23,2,21,0,0,0,0,0,0,0,0,1
1bxs,A,492,THR,-0.7,116.1,0.0,1,1,X,0.0,0.0,0.0,0.0,0.0,0.0,0.0,0.0,36,0.05455408693872585,10,1,9,0,0,0,0,0,0,0,0,1
1bxs,A,493,ILE,4.5,166.7,0.0,0,0,X,0.0,0.0,0.0,0.0,0.0,0.0,0.0,0.0,29,0.05035761871267001,9,7,2,0,0,0,0,0,0,0,0,1
1bxs,A,494,LYS,-3.9,168.6,1.0,2,0,X,0.0,0.0,0.0,0.0,0.0,0.0,0.0,0.0,28,0.043829779249916496,2,10,-8,0,0,0,0,0,0,0,0,1
1bxs,A,495,ILE,4.5,166.7,0.0,0,0,X,0.0,0.0,0.0,0.0,0.0,0.0,0.0,0.0,27,0.04289723075523742,22,11,11,0,0,0,0,0,0,0,0,1
1bxs,A,496,SER,-0.8,89.0,0.0,1,1,X,0.0,0.0,0.0,0.0,0.0,0.0,0.0,0.0,19,0.026577632098353617,21,11,10,0,0,0,0,0,0,0,0,1
1bxs,A,497,GLN,-3.5,143.8,0.0,2,2,X,0.0,0.0,0.0,0.0,0.0,0.0,0.0,0.0,24,0.030774100324409453,17,7,10,0,0,0,0,0,0,0,0,1
1bxs,A,498,LYS,-3.9,168.6,1.0,2,0,X,0.0,0.0,0.0,0.0,0.0,0.0,0.0,0.0,32,0.04149840801321881,19,16,3,0,0,0,0,0,0,0,0,1
1bxs,A,499,ASN,-3.5,114.1,0.0,2,2,X,0.0,0.0,0.0,0.0,0.0,0.0,0.0,0.0,37,0.04243095650789788,31,12,19,0,0,0,0,0,0,0,0,1
1bxs,A,500,SER,-0.8,89.0,0.0,1,1,X,0.0,0.0,0.0,0.0,0.0,0.0,0.0,0.0,41,0.04289723075523742,40,17,23,0,0,0,0,0,0,0,0,1
1bxs,B,7,ASP,-3.5,111.1,-1.0,1,3,X,0.0,0.0,0.0,0.0,0.0,0.0,0.0,0.0,6,0.012589404678167503,0,0,0,0,0,0,0,0,0,0,0,1
1bxs,B,8,VAL,4.2,140.0,0.0,0,0,X,0.0,0.0,0.0,0.0,0.0,0.0,0.0,0.0,15,0.02797645484037223,6,8,-2,0,0,0,0,0,0,0,0,1
1bxs,B,9,PRO,-1.6,112.7,0.0,0,0,X,0.0,0.0,0.0,0.0,0.0,0.0,0.0,0.0,17,0.02331371236697686,9,8,1,0,0,0,0,0,0,0,0,1
1bxs,B,10,ALA,1.8,88.6,0.0,0,0,X,0.0,0.0,0.0,0.0,0.0,0.0,0.0,0.0,16,0.021914889624958248,0,2,-2,0,0,0,0,0,0,0,0,1
1bxs,B,11,PRO,-1.6,112.7,0.0,0,0,X,0.0,0.0,0.0,0.0,0.0,0.0,0.0,0.0,24,0.035436842797804825,2,0,2,0,0,0,0,0,0,0,0,1
1bxs,B,12,LEU,3.8,166.7,0.0,0,0,X,0.0,0.0,0.0,0.0,0.0,0.0,0.0,0.0,21,0.03357174580844668,2,2,0,0,0,0,0,0,0,0,0,1
1bxs,B,13,THR,-0.7,116.1,0.0,1,1,X,0.0,0.0,0.0,0.0,0.0,0.0,0.0,0.0,16,0.02331371236697686,0,1,-1,0,0,0,0,0,0,0,0,1
1bxs,B,14,ASN,-3.5,114.1,0.0,2,2,X,0.0,0.0,0.0,0.0,0.0,0.0,0.0,0.0,9,0.01958351838826056,0,0,0,0,0,0,0,0,0,0,0,1
1bxs,B,15,LEU,3.8,166.7,0.0,0,0,X,0.0,0.0,0.0,0.0,0.0,0.0,0.0,0.0,22,0.029375277582390842,4,1,3,0,0,0,0,0,0,0,0,1
1bxs,B,16,GLN,-3.5,143.8,0.0,2,2,X,0.0,0.0,0.0,0.0,0.0,0.0,0.0,0.0,13,0.02098234113027917,7,0,7,0,0,0,0,0,0,0,0,1
1bxs,B,17,PHE,2.8,189.9,0.0,0,0,X,0.0,0.0,0.0,0.0,0.0,0.0,0.0,0.0,23,0.030307826077069916,16,5,11,0,0,0,0,0,0,0,0,1
1bxs,B,18,LYS,-3.9,168.6,1.0,2,0,X,0.0,0.0,0.0,0.0,0.0,0.0,0.0,0.0,14,0.021914889624958248,17,0,17,0,0,0,0,0,0,0,0,1
1bxs,B,19,TYR,-1.3,193.6,0.0,1,1,X,0.0,0.0,0.0,0.0,0.0,0.0,0.0,0.0,27,0.040565859518539735,29,3,26,0,0,0,0,0,0,0,0,1
1bxs,B,20,THR,-0.7,116.1,0.0,1,1,X,0.0,0.0,0.0,0.0,0.0,0.0,0.0,0.0,30,0.04476232774459557,31,19,12,0,0,0,0,0,0,0,0,1
1bxs,B,21,LYS,-3.9,168.6,1.0,2,0,X,0.0,0.0,0.0,0.0,0.0,0.0,0.0,0.0,28,0.04755997322863279,24,23,1,0,0,0,0,0,0,0,0,1
1bxs,B,22,ILE,4.5,166.7,0.0,0,0,X,0.0,0.0,0.0,0.0,0.0,0.0,0.0,0.0,37,0.05595290968074446,29,33,-4,0,0,0,0,0,0,0,0,1
1bxs,B,23,PHE,2.8,189.9,0.0,0,0,X,0.0,0.0,0.0,0.0,0.0,0.0,0.0,0.0,36,0.053155264196707235,29,10,19,0,0,0,0,0,0,0,0,1
1bxs,B,24,ILE,4.5,166.7,0.0,0,0,X,0.0,0.0,0.0,0.0,0.0,0.0,0.0,0.0,33,0.05175644145468863,28,22,6,0,0,0,0,0,0,0,0,1
1bxs,B,25,ASN,-3.5,114.1,0.0,2,2,X,0.0,0.0,0.0,0.0,0.0,0.0,0.0,0.0,26,0.04103213376587927,27,9,18,0,0,0,0,0,0,0,0,1
1bxs,B,26,ASN,-3.5,114.1,0.0,2,2,X,0.0,0.0,0.0,0.0,0.0,0.0,0.0,0.0,26,0.04755997322863279,15,13,2,0,0,0,0,0,0,0,0,1
1bxs,B,27,GLU,-3.5,138.4,-1.0,1,3,X,0.0,0.0,0.0,0.0,0.0,0.0,0.0,0.0,18,0.03450429430312575,25,0,25,0,0,0,0,0,0,0,0,1
1bxs,B,28,TRP,-0.9,227.8,0.0,1,0,X,0.0,0.0,0.0,0.0,0.0,0.0,0.0,0.0,26,0.03963331102386066,37,15,22,0,0,0,0,0,0,0,0,1
1bxs,B,29,HIS,-3.2,153.2,0.1,2,1,X,0.0,0.0,0.0,0.0,0.0,0.0,0.0,0.0,22,0.03683566553982344,18,25,-7,0,0,0,0,0,0,0,0,1
1bxs,B,30,SER,-0.8,89.0,0.0,1,1,X,0.0,0.0,0.0,0.0,0.0,0.0,0.0,0.0,21,0.03683566553982344,35,22,13,0,0,0,0,0,0,0,0,1
1bxs,B,31,SER,-0.8,89.0,0.0,1,1,X,0.0,0.0,0.0,0.0,0.0,0.0,0.0,0.0,27,0.043829779249916496,42,41,1,0,0,0,0,0,0,0,0,1
1bxs,B,32,VAL,4.2,140.0,0.0,0,0,X,0.0,0.0,0.0,0.0,0.0,0.0,0.0,0.0,18,0.029375277582390842,26,38,-12,0,0,0,0,0,0,0,0,1
1bxs,B,33,SER,-0.8,89.0,0.0,1,1,X,0.0,0.0,0.0,0.0,0.0,0.0,0.0,0.0,16,0.02471253510899547,20,41,-21,0,0,0,0,0,0,0,0,1
1bxs,B,34,GLY,-0.4,60.1,0.0,0,0,X,0.0,0.0,0.0,0.0,0.0,0.0,0.0,0.0,17,0.026577632098353617,20,26,-6,0,0,0,0,0,0,0,0,1
1bxs,B,35,LYS,-3.9,168.6,1.0,2,0,X,0.0,0.0,0.0,0.0,0.0,0.0,0.0,0.0,20,0.02984155182973038,9,31,-22,0,0,0,0,0,0,0,0,1
1bxs,B,36,LYS,-3.9,168.6,1.0,2,0,X,0.0,0.0,0.0,0.0,0.0,0.0,0.0,0.0,22,0.03823448828184205,21,27,-6,0,0,0,0,0,0,0,0,1
1bxs,B,37,PHE,2.8,189.9,0.0,0,0,X,0.0,0.0,0.0,0.0,0.0,0.0,0.0,0.0,34,0.03730193978716297,25,37,-12,0,0,0,0,0,0,0,0,1
1bxs,B,38,PRO,-1.6,112.7,0.0,0,0,X,0.0,0.0,0.0,0.0,0.0,0.0,0.0,0.0,23,0.03590311704514436,18,28,-10,0,0,0,0,0,0,0,0,1
1bxs,B,39,VAL,4.2,140.0,0.0,0,0,X,0.0,0.0,0.0,0.0,0.0,0.0,0.0,0.0,32,0.048492521723311866,13,26,-13,0,0,0,0,0,0,0,0,1
1bxs,B,40,PHE,2.8,189.9,0.0,0,0,X,0.0,0.0,0.0,0.0,0.0,0.0,0.0,0.0,27,0.043829779249916496,10,33,-23,0,0,0,0,0,0,0,0,1
1bxs,B,41,ASN,-3.5,114.1,0.0,2,2,X,0.0,0.0,0.0,0.0,0.0,0.0,0.0,0.0,36,0.045694876239274644,12,23,-11,0,0,0,0,0,0,0,0,1
1bxs,B,42,PRO,-1.6,112.7,0.0,0,0,X,0.0,0.0,0.0,0.0,0.0,0.0,0.0,0.0,38,0.053621538444046775,17,27,-10,0,0,0,0,0,0,0,0,1
1bxs,B,43,ALA,1.8,88.6,0.0,0,0,X,0.0,0.0,0.0,0.0,0.0,0.0,0.0,0.0,35,0.05035761871267001,10,21,-11,0,0,0,0,0,0,0,0,1
1bxs,B,44,THR,-0.7,116.1,0.0,1,1,X,0.0,0.0,0.0,0.0,0.0,0.0,0.0,0.0,25,0.03357174580844668,10,18,-8,0,0,0,0,0,0,0,0,1
1bxs,B,45,GLU,-3.5,138.4,-1.0,1,3,X,0.0,0.0,0.0,0.0,0.0,0.0,0.0,0.0,19,0.03590311704514436,17,14,3,0,0,0,0,0,0,0,0,1
1bxs,B,46,GLU,-3.5,138.4,-1.0,1,3,X,0.0,0.0,0.0,0.0,0.0,0.0,0.0,0.0,18,0.030774100324409453,12,9,3,0,0,0,0,0,0,0,0,1
1bxs,B,47,LYS,-3.9,168.6,1.0,2,0,X,0.0,0.0,0.0,0.0,0.0,0.0,0.0,0.0,15,0.03403802005578621,0,23,-23,0,0,0,0,0,0,0,0,1
1bxs,B,48,LEU,3.8,166.7,0.0,0,0,X,0.0,0.0,0.0,0.0,0.0,0.0,0.0,0.0,29,0.03870076252918159,9,20,-11,0,0,0,0,0,0,0,0,1
1bxs,B,49,CYS,2.5,108.5,0.0,1,0,X,0.0,0.0,0.0,0.0,0.0,0.0,0.0,0.0,27,0.03310547156110714,22,17,5,0,0,0,0,0,0,0,0,1
1bxs,B,50,GLU,-3.5,138.4,-1.0,1,3,X,0.0,0.0,0.0,0.0,0.0,0.0,0.0,0.0,21,0.040099585271200194,23,14,9,0,0,0,0,0,0,0,0,1
1bxs,B,51,VAL,4.2,140.0,0.0,0,0,X,0.0,0.0,0.0,0.0,0.0,0.0,0.0,0.0,38,0.048026247475972325,29,32,-3,0,0,0,0,0,0,0,0,1
1bxs,B,52,GLU,-3.5,138.4,-1.0,1,3,X,0.0,0.0,0.0,0.0,0.0,0.0,0.0,0.0,30,0.05222271570202816,31,24,7,0,0,0,0,0,0,0,0,1
1bxs,B,53,GLU,-3.5,138.4,-1.0,1,3,X,0.0,0.0,0.0,0.0,0.0,0.0,0.0,0.0,27,0.05222271570202816,21,32,-11,0,0,0,0,0,0,0,0,1
1bxs,B,54,GLY,-0.4,60.1,0.0,0,0,X,0.0,0.0,0.0,0.0,0.0,0.0,0.0,0.0,41,0.05408781269138631,32,46,-14,0,0,0,0,0,0,0,0,1
1bxs,B,55,ASP,-3.5,111.1,-1.0,1,3,X,0.0,0.0,0.0,0.0,0.0,0.0,0.0,0.0,29,0.04196468226055834,20,35,-15,0,0,0,0,0,0,0,0,1
1bxs,B,56,LYS,-3.9,168.6,1.0,2,0,X,0.0,0.0,0.0,0.0,0.0,0.0,0.0,0.0,31,0.034970568550465285,15,35,-20,0,0,0,0,0,0,0,0,1
1bxs,B,57,GLU,-3.5,138.4,-1.0,1,3,X,0.0,0.0,0.0,0.0,0.0,0.0,0.0,0.0,22,0.02984155182973038,19,26,-7,0,0,0,0,0,0,0,0,1
1bxs,B,58,ASP,-3.5,111.1,-1.0,1,3,X,0.0,0.0,0.0,0.0,0.0,0.0,0.0,0.0,36,0.04476232774459557,30,38,-8,0,0,0,0,0,0,0,0,1
1bxs,B,59,VAL,4.2,140.0,0.0,0,0,X,0.0,0.0,0.0,0.0,0.0,0.0,0.0,0.0,39,0.04616115048661418,37,34,3,0,0,0,0,0,0,0,0,1
1bxs,B,60,ASP,-3.5,111.1,-1.0,1,3,X,0.0,0.0,0.0,0.0,0.0,0.0,0.0,0.0,24,0.034970568550465285,33,30,3,0,0,0,0,0,0,0,0,1
1bxs,B,61,LYS,-3.9,168.6,1.0,2,0,X,0.0,0.0,0.0,0.0,0.0,0.0,0.0,0.0,26,0.03683566553982344,26,29,-3,0,0,0,0,0,0,0,0,1
1bxs,B,62,ALA,1.8,88.6,0.0,0,0,X,0.0,0.0,0.0,0.0,0.0,0.0,0.0,0.0,40,0.050823892960009553,38,28,10,0,0,0,0,0,0,0,0,1
1bxs,B,63,VAL,4.2,140.0,0.0,0,0,X,0.0,0.0,0.0,0.0,0.0,0.0,0.0,0.0,38,0.048958795970651406,40,28,12,0,0,0,0,0,0,0,0,1
1bxs,B,64,LYS,-3.9,168.6,1.0,2,0,X,0.0,0.0,0.0,0.0,0.0,0.0,0.0,0.0,23,0.03730193978716297,24,23,1,0,0,0,0,0,0,0,0,1
1bxs,B,65,ALA,1.8,88.6,0.0,0,0,X,0.0,0.0,0.0,0.0,0.0,0.0,0.0,0.0,31,0.04289723075523742,30,9,21,0,0,0,0,0,0,0,0,1
1bxs,B,66,ALA,1.8,88.6,0.0,0,0,X,0.0,0.0,0.0,0.0,0.0,0.0,0.0,0.0,40,0.05502036118606539,25,13,12,0,0,0,0,0,0,0,0,1
1bxs,B,67,ARG,-4.5,173.4,1.0,5,0,X,0.0,0.0,0.0,0.0,0.0,0.0,0.0,0.0,31,0.045228601991935104,18,16,2,0,0,0,0,0,0,0,0,1
1bxs,B,68,GLN,-3.5,143.8,0.0,2,2,X,0.0,0.0,0.0,0.0,0.0,0.0,0.0,0.0,24,0.034970568550465285,21,1,20,0,0,0,0,0,0,0,0,1
1bxs,B,69,ALA,1.8,88.6,0.0,0,0,X,0.0,0.0,0.0,0.0,0.0,0.0,0.0,0.0,33,0.05175644145468863,26,0,26,0,0,0,0,0,0,0,0,1
1bxs,B,70,PHE,2.8,189.9,0.0,0,0,X,0.0,0.0,0.0,0.0,0.0,0.0,0.0,0.0,36,0.05548663543340492,23,17,6,0,0,0,0,0,0,0,0,1
1bxs,B,71,GLN,-3.5,143.8,0.0,2,2,X,0.0,0.0,0.0,0.0,0.0,0.0,0.0,0.0,26,0.03683566553982344,24,1,23,0,0,0,0,0,0,0,0,1
1bxs,B,72,ILE,4.5,166.7,0.0,0,0,X,0.0,0.0,0.0,0.0,0.0,0.0,0.0,0.0,30,0.03730193978716297,23,6,17,0,0,0,0,0,0,0,0,1
1bxs,B,73,GLY,-0.4,60.1,0.0,0,0,X,0.0,0.0,0.0,0.0,0.0,0.0,0.0,0.0,20,0.03357174580844668,18,1,17,0,0,0,0,0,0,0,0,1
1bxs,B,74,SER,-0.8,89.0,0.0,1,1,X,0.0,0.0,0.0,0.0,0.0,0.0,0.0,0.0,23,0.03450429430312575,15,0,15,0,0,0,0,0,0,0,0,1
1bxs,B,75,PRO,-1.6,112.7,0.0,0,0,X,0.0,0.0,0.0,0.0,0.0,0.0,0.0,0.0,26,0.028909003335051305,11,3,8,0,0,0,0,0,0,0,0,1
1bxs,B,76,TRP,-0.9,227.8,0.0,1,0,X,0.0,0.0,0.0,0.0,0.0,0.0,0.0,0.0,37,0.045228601991935104,22,12,10,0,0,0,0,0,0,0,0,1
1bxs,B,77,ARG,-4.5,173.4,1.0,5,0,X,0.0,0.0,0.0,0.0,0.0,0.0,0.0,0.0,34,0.05408781269138631,22,12,10,0,0,0,0,0,0,0,0,1
1bxs,B,78,THR,-0.7,116.1,0.0,1,1,X,0.0,0.0,0.0,0.0,0.0,0.0,0.0,0.0,26,0.04289723075523742,25,11,14,0,0,0,0,0,0,0,0,1
1bxs,B,79,MET,1.9,162.9,0.0,0,0,X,0.0,0.0,0.0,0.0,0.0,0.0,0.0,0.0,31,0.040565859518539735,30,23,7,0,0,0,0,0,0,0,0,1
1bxs,B,80,ASP,-3.5,111.1,-1.0,1,3,X,0.0,0.0,0.0,0.0,0.0,0.0,0.0,0.0,26,0.04103213376587927,31,25,6,0,0,0,0,0,0,0,0,1
1bxs,B,81,ALA,1.8,88.6,0.0,0,0,X,0.0,0.0,0.0,0.0,0.0,0.0,0.0,0.0,37,0.048958795970651406,32,33,-1,0,0,0,0,0,0,0,0,1
1bxs,B,82,SER,-0.8,89.0,0.0,1,1,X,0.0,0.0,0.0,0.0,0.0,0.0,0.0,0.0,33,0.04616115048661418,42,33,9,0,0,0,0,0,0,0,0,1
1bxs,B,83,GLU,-3.5,138.4,-1.0,1,3,X,0.0,0.0,0.0,0.0,0.0,0.0,0.0,0.0,26,0.03357174580844668,27,18,9,0,0,0,0,0,0,0,0,1
1bxs,B,84,ARG,-4.5,173.4,1.0,5,0,X,0.0,0.0,0.0,0.0,0.0,0.0,0.0,0.0,42,0.04989134446533048,15,26,-11,0,0,0,0,0,0,0,0,1
1bxs,B,85,GLY,-0.4,60.1,0.0,0,0,X,0.0,0.0,0.0,0.0,0.0,0.0,0.0,0.0,34,0.04942507021799094,41,22,19,0,0,0,0,0,0,0,0,1
1bxs,B,86,ARG,-4.5,173.4,1.0,5,0,X,0.0,0.0,0.0,0.0,0.0,0.0,0.0,0.0,29,0.03590311704514436,35,27,8,0,0,0,0,0,0,0,0,1
1bxs,B,87,LEU,3.8,166.7,0.0,0,0,X,0.0,0.0,0.0,0.0,0.0,0.0,0.0,0.0,30,0.04243095650789788,26,19,7,0,0,0,0,0,0,0,0,1
1bxs,B,88,LEU,3.8,166.7,0.0,0,0,X,0.0,0.0,0.0,0.0,0.0,0.0,0.0,0.0,45,0.048958795970651406,33,13,20,0,0,0,0,0,0,0,0,1
1bxs,B,89,ASN,-3.5,114.1,0.0,2,2,X,0.0,0.0,0.0,0.0,0.0,0.0,0.0,0.0,28,0.043363505002576956,44,19,25,0,0,0,0,0,0,0,0,1
1bxs,B,90,LYS,-3.9,168.6,1.0,2,0,X,0.0,0.0,0.0,0.0,0.0,0.0,0.0,0.0,24,0.03823448828184205,25,28,-3,0,0,0,0,0,0,0,0,1
1bxs,B,91,LEU,3.8,166.7,0.0,0,0,X,0.0,0.0,0.0,0.0,0.0,0.0,0.0,0.0,39,0.05129016720734909,35,27,8,0,0,0,0,0,0,0,0,1
1bxs,B,92,ALA,1.8,88.6,0.0,0,0,X,0.0,0.0,0.0,0.0,0.0,0.0,0.0,0.0,32,0.048026247475972325,40,22,18,0,0,0,0,0,0,0,0,1
1bxs,B,93,ASP,-3.5,111.1,-1.0,1,3,X,0.0,0.0,0.0,0.0,0.0,0.0,0.0,0.0,20,0.03916703677652112,34,18,16,0,0,0,0,0,0,0,0,1
1bxs,B,94,LEU,3.8,166.7,0.0,0,0,X,0.0,0.0,0.0,0.0,0.0,0.0,0.0,0.0,29,0.045228601991935104,38,34,4,0,0,0,0,0,0,0,0,1
1bxs,B,95,ILE,4.5,166.7,0.0,0,0,X,0.0,0.0,0.0,0.0,0.0,0.0,0.0,0.0,36,0.053155264196707235,43,28,15,0,0,0,0,0,0,0,0,1
1bxs,B,96,GLU,-3.5,138.4,-1.0,1,3,X,0.0,0.0,0.0,0.0,0.0,0.0,0.0,0.0,22,0.03870076252918159,36,16,20,0,0,0,0,0,0,0,0,1
1bxs,B,97,ARG,-4.5,173.4,1.0,5,0,X,0.0,0.0,0.0,0.0,0.0,0.0,0.0,0.0,18,0.02984155182973038,17,30,-13,0,0,0,0,0,0,0,0,1
1bxs,B,98,ASP,-3.5,111.1,-1.0,1,3,X,0.0,0.0,0.0,0.0,0.0,0.0,0.0,0.0,27,0.03590311704514436,29,16,13,0,0,0,0,0,0,0,0,1
1bxs,B,99,ARG,-4.5,173.4,1.0,5,0,X,0.0,0.0,0.0,0.0,0.0,0.0,0.0,0.0,31,0.04289723075523742,7,26,-19,0,0,0,0,0,0,0,0,1
1bxs,B,100,LEU,3.8,166.7,0.0,0,0,X,0.0,0.0,0.0,0.0,0.0,0.0,0.0,0.0,25,0.045228601991935104,17,14,3,0,0,0,0,0,0,0,0,1
1bxs,B,101,LEU,3.8,166.7,0.0,0,0,X,0.0,0.0,0.0,0.0,0.0,0.0,0.0,0.0,33,0.040565859518539735,26,16,10,0,0,0,0,0,0,0,0,1
1bxs,B,102,LEU,3.8,166.7,0.0,0,0,X,0.0,0.0,0.0,0.0,0.0,0.0,0.0,0.0,39,0.04709369898129325,24,26,-2,0,0,0,0,0,0,0,0,1
1bxs,B,103,ALA,1.8,88.6,0.0,0,0,X,0.0,0.0,0.0,0.0,0.0,0.0,0.0,0.0,37,0.05502036118606539,20,22,-2,0,0,0,0,0,0,0,0,1
1bxs,B,104,THR,-0.7,116.1,0.0,1,1,X,0.0,0.0,0.0,0.0,0.0,0.0,0.0,0.0,38,0.05222271570202816,13,11,2,0,0,0,0,0,0,0,0,1
1bxs,B,105,MET,1.9,162.9,0.0,0,0,X,0.0,0.0,0.0,0.0,0.0,0.0,0.0,0.0,41,0.04709369898129325,16,12,4,0,0,0,0,0,0,0,0,1
1bxs,B,106,GLU,-3.5,138.4,-1.0,1,3,X,0.0,0.0,0.0,0.0,0.0,0.0,0.0,0.0,45,0.053155264196707235,17,9,8,0,0,0,0,0,0,0,0,1
1bxs,B,107,ALA,1.8,88.6,0.0,0,0,X,0.0,0.0,0.0,0.0,0.0,0.0,0.0,0.0,45,0.05035761871267001,14,13,1,0,0,0,0,0,0,0,0,1
1bxs,B,108,MET,1.9,162.9,0.0,0,0,X,0.0,0.0,0.0,0.0,0.0,0.0,0.0,0.0,41,0.048026247475972325,9,18,-9,0,0,0,0,0,0,0,0,1
1bxs,B,109,ASN,-3.5,114.1,0.0,2,2,X,0.0,0.0,0.0,0.0,0.0,0.0,0.0,0.0,44,0.05129016720734909,13,16,-3,0,0,0,0,0,0,0,0,1
1bxs,B,110,GLY,-0.4,60.1,0.0,0,0,X,0.0,0.0,0.0,0.0,0.0,0.0,0.0,0.0,44,0.05408781269138631,18,17,1,0,0,0,0,0,0,0,0,1
1bxs,B,111,GLY,-0.4,60.1,0.0,0,0,X,0.0,0.0,0.0,0.0,0.0,0.0,0.0,0.0,43,0.05408781269138631,19,13,6,0,0,0,0,0,0,0,0,1
1bxs,B,112,LYS,-3.9,168.6,1.0,2,0,X,0.0,0.0,0.0,0.0,0.0,0.0,0.0,0.0,43,0.050823892960009553,10,16,-6,0,0,0,0,0,0,0,0,1
1bxs,B,113,LEU,3.8,166.7,0.0,0,0,X,0.0,0.0,0.0,0.0,0.0,0.0,0.0,0.0,39,0.048958795970651406,19,10,9,0,0,0,0,0,0,0,0,1
1bxs,B,114,PHE,2.8,189.9,0.0,0,0,X,0.0,0.0,0.0,0.0,0.0,0.0,0.0,0.0,33,0.048492521723311866,12,11,1,0,0,0,0,0,0,0,0,1
1bxs,B,115,SER,-0.8,89.0,0.0,1,1,X,0.0,0.0,0.0,0.0,0.0,0.0,0.0,0.0,28,0.03590311704514436,10,11,-1,0,0,0,0,0,0,0,0,1
1bxs,B,116,ASN,-3.5,114.1,0.0,2,2,X,0.0,0.0,0.0,0.0,0.0,0.0,0.0,0.0,27,0.03916703677652112,19,11,8,0,0,0,0,0,0,0,0,1
1bxs,B,117,ALA,1.8,88.6,0.0,0,0,X,0.0,0.0,0.0,0.0,0.0,0.0,0.0,0.0,38,0.05035761871267001,25,17,8,0,0,0,0,0,0,0,0,1
1bxs,B,118,TYR,-1.3,193.6,0.0,1,1,X,0.0,0.0,0.0,0.0,0.0,0.0,0.0,0.0,29,0.05129016720734909,12,20,-8,0,0,0,0,0,0,0,0,1
1bxs,B,119,LEU,3.8,166.7,0.0,0,0,X,0.0,0.0,0.0,0.0,0.0,0.0,0.0,0.0,20,0.03683566553982344,11,13,-2,0,0,0,0,0,0,0,0,1
1bxs,B,120,MET,1.9,162.9,0.0,0,0,X,0.0,0.0,0.0,0.0,0.0,0.0,0.0,0.0,23,0.034970568550465285,13,8,5,0,0,0,0,0,0,0,0,1
1bxs,B,121,ASP,-3.5,111.1,-1.0,1,3,X,0.0,0.0,0.0,0.0,0.0,0.0,0.0,0.0,34,0.04616115048661418,23,9,14,0,0,0,0,0,0,0,0,1
1bxs,B,122,LEU,3.8,166.7,0.0,0,0,X,0.0,0.0,0.0,0.0,0.0,0.0,0.0,0.0,38,0.05175644145468863,23,29,-6,0,0,0,0,0,0,0,0,1
1bxs,B,123,GLY,-0.4,60.1,0.0,0,0,X,0.0,0.0,0.0,0.0,0.0,0.0,0.0,0.0,27,0.035436842797804825,26,17,9,0,0,0,0,0,0,0,0,1
1bxs,B,124,GLY,-0.4,60.1,0.0,0,0,X,0.0,0.0,0.0,0.0,0.0,0.0,0.0,0.0,30,0.034970568550465285,22,10,12,0,0,0,0,0,0,0,0,1
1bxs,B,125,CYS,2.5,108.5,0.0,1,0,X,0.0,0.0,0.0,0.0,0.0,0.0,0.0,0.0,40,0.04429605349725603,26,18,8,0,0,0,0,0,0,0,0,1
1bxs,B,126,ILE,4.5,166.7,0.0,0,0,X,0.0,0.0,0.0,0.0,0.0,0.0,0.0,0.0,32,0.04616115048661418,33,21,12,0,0,0,0,0,0,0,0,1
1bxs,B,127,LYS,-3.9,168.6,1.0,2,0,X,0.0,0.0,0.0,0.0,0.0,0.0,0.0,0.0,33,0.0363693912924839,17,26,-9,0,0,0,0,0,0,0,0,1
1bxs,B,128,THR,-0.7,116.1,0.0,1,1,X,0.0,0.0,0.0,0.0,0.0,0.0,0.0,0.0,44,0.048958795970651406,25,6,19,0,0,0,0,0,0,0,0,1
1bxs,B,129,LEU,3.8,166.7,0.0,0,0,X,0.0,0.0,0.0,0.0,0.0,0.0,0.0,0.0,43,0.05175644145468863,30,8,22,0,0,0,0,0,0,0,0,1
1bxs,B,130,ARG,-4.5,173.4,1.0,5,0,X,0.0,0.0,0.0,0.0,0.0,0.0,0.0,0.0,31,0.04103213376587927,24,20,4,0,0,0,0,0,0,0,0,1
1bxs,B,131,TYR,-1.3,193.6,0.0,1,1,X,0.0,0.0,0.0,0.0,0.0,0.0,0.0,0.0,40,0.04662742473395372,27,19,8,0,0,0,0,0,0,0,0,1
1bxs,B,132,CYS,2.5,108.5,0.0,1,0,X,0.0,0.0,0.0,0.0,0.0,0.0,0.0,0.0,43,0.050823892960009553,31,6,25,0,0,0,0,0,0,0,0,1
1bxs,B,133,ALA,1.8,88.6,0.0,0,0,X,0.0,0.0,0.0,0.0,0.0,0.0,0.0,0.0,33,0.048492521723311866,46,15,31,0,0,0,0,0,0,0,0,1
1bxs,B,134,GLY,-0.4,60.1,0.0,0,0,X,0.0,0.0,0.0,0.0,0.0,0.0,0.0,0.0,25,0.05222271570202816,41,17,24,0,0,0,0,0,0,0,0,1
1bxs,B,135,TRP,-0.9,227.8,0.0,1,0,X,0.0,0.0,0.0,0.0,0.0,0.0,0.0,0.0,30,0.050823892960009553,24,25,-1,0,0,0,0,0,0,0,0,1
1bxs,B,136,ALA,1.8,88.6,0.0,0,0,X,0.0,0.0,0.0,0.0,0.0,0.0,0.0,0.0,39,0.053155264196707235,29,19,10,0,0,0,0,0,0,0,0,1
1bxs,B,137,ASP,-3.5,111.1,-1.0,1,3,X,0.0,0.0,0.0,0.0,0.0,0.0,0.0,0.0,33,0.048958795970651406,33,22,11,0,0,0,0,0,0,0,0,1
1bxs,B,138,LYS,-3.9,168.6,1.0,2,0,X,0.0,0.0,0.0,0.0,0.0,0.0,0.0,0.0,28,0.048026247475972325,4,19,-15,0,0,0,0,0,0,0,0,1
1bxs,B,139,ILE,4.5,166.7,0.0,0,0,X,0.0,0.0,0.0,0.0,0.0,0.0,0.0,0.0,38,0.04196468226055834,35,23,12,0,0,0,0,0,0,0,0,1
1bxs,B,140,GLN,-3.5,143.8,0.0,2,2,X,0.0,0.0,0.0,0.0,0.0,0.0,0.0,0.0,27,0.04196468226055834,36,18,18,0,0,0,0,0,0,0,0,1
1bxs,B,141,GLY,-0.4,60.1,0.0,0,0,X,0.0,0.0,0.0,0.0,0.0,0.0,0.0,0.0,23,0.045228601991935104,40,12,28,0,0,0,0,0,0,0,0,1
1bxs,B,142,ARG,-4.5,173.4,1.0,5,0,X,0.0,0.0,0.0,0.0,0.0,0.0,0.0,0.0,22,0.04755997322863279,13,12,1,0,0,0,0,0,0,0,0,1
1bxs,B,143,THR,-0.7,116.1,0.0,1,1,X,0.0,0.0,0.0,0.0,0.0,0.0,0.0,0.0,26,0.053155264196707235,38,3,35,0,0,0,0,0,0,0,0,1
1bxs,B,144,ILE,4.5,166.7,0.0,0,0,X,0.0,0.0,0.0,0.0,0.0,0.0,0.0,0.0,36,0.045694876239274644,28,18,10,0,0,0,0,0,0,0,0,1
1bxs,B,145,PRO,-1.6,112.7,0.0,0,0,X,0.0,0.0,0.0,0.0,0.0,0.0,0.0,0.0,38,0.04476232774459557,30,25,5,0,0,0,0,0,0,0,0,1
1bxs,B,146,MET,1.9,162.9,0.0,0,0,X,0.0,0.0,0.0,0.0,0.0,0.0,0.0,0.0,35,0.048958795970651406,8,24,-16,0,0,0,0,0,0,0,0,1
1bxs,B,147,ASP,-3.5,111.1,-1.0,1,3,X,0.0,0.0,0.0,0.0,0.0,0.0,0.0,0.0,26,0.03870076252918159,14,22,-8,0,0,0,0,0,0,0,0,1
1bxs,B,148,GLY,-0.4,60.1,0.0,0,0,X,0.0,0.0,0.0,0.0,0.0,0.0,0.0,0.0,29,0.029375277582390842,18,18,0,0,0,0,0,0,0,0,0,1
1bxs,B,149,ASN,-3.5,114.1,0.0,2,2,X,0.0,0.0,0.0,0.0,0.0,0.0,0.0,0.0,24,0.03683566553982344,20,16,4,0,0,0,0,0,0,0,0,1
1bxs,B,150,PHE,2.8,189.9,0.0,0,0,X,0.0,0.0,0.0,0.0,0.0,0.0,0.0,0.0,33,0.048492521723311866,18,11,7,0,0,0,0,0,0,0,0,1
1bxs,B,151,PHE,2.8,189.9,0.0,0,0,X,0.0,0.0,0.0,0.0,0.0,0.0,0.0,0.0,33,0.045694876239274644,24,3,21,0,0,0,0,0,0,0,0,1
1bxs,B,152,THR,-0.7,116.1,0.0,1,1,X,0.0,0.0,0.0,0.0,0.0,0.0,0.0,0.0,34,0.04662742473395372,19,4,15,0,0,0,0,0,0,0,0,1
1bxs,B,153,TYR,-1.3,193.6,0.0,1,1,X,0.0,0.0,0.0,0.0,0.0,0.0,0.0,0.0,29,0.0526889899493677,30,1,29,0,0,0,0,0,0,0,0,1
1bxs,B,154,THR,-0.7,116.1,0.0,1,1,X,0.0,0.0,0.0,0.0,0.0,0.0,0.0,0.0,29,0.05222271570202816,43,13,30,0,0,0,0,0,0,0,0,1
1bxs,B,155,ARG,-4.5,173.4,1.0,5,0,X,0.0,0.0,0.0,0.0,0.0,0.0,0.0,0.0,37,0.048958795970651406,22,15,7,0,0,0,0,0,0,0,0,1
1bxs,B,156,SER,-0.8,89.0,0.0,1,1,X,0.0,0.0,0.0,0.0,0.0,0.0,0.0,0.0,35,0.04709369898129325,51,19,32,0,0,0,0,0,0,0,0,1
1bxs,B,157,GLU,-3.5,138.4,-1.0,1,3,X,0.0,0.0,0.0,0.0,0.0,0.0,0.0,0.0,37,0.048492521723311866,34,9,25,0,0,0,0,0,0,0,0,1
1bxs,B,158,PRO,-1.6,112.7,0.0,0,0,X,0.0,0.0,0.0,0.0,0.0,0.0,0.0,0.0,36,0.048026247475972325,35,24,11,0,0,0,0,0,0,0,0,1
1bxs,B,159,VAL,4.2,140.0,0.0,0,0,X,0.0,0.0,0.0,0.0,0.0,0.0,0.0,0.0,38,0.04942507021799094,40,31,9,0,0,0,0,0,0,0,0,1
1bxs,B,160,GLY,-0.4,60.1,0.0,0,0,X,0.0,0.0,0.0,0.0,0.0,0.0,0.0,0.0,41,0.043829779249916496,36,32,4,0,0,0,0,0,0,0,0,1
1bxs,B,161,VAL,4.2,140.0,0.0,0,0,X,0.0,0.0,0.0,0.0,0.0,0.0,0.0,0.0,41,0.053621538444046775,41,16,25,0,0,0,0,0,0,0,0,1
1bxs,B,162,CYS,2.5,108.5,0.0,1,0,X,0.0,0.0,0.0,0.0,0.0,0.0,0.0,0.0,44,0.05175644145468863,35,12,23,0,0,0,0,0,0,0,0,1
1bxs,B,163,GLY,-0.4,60.1,0.0,0,0,X,0.0,0.0,0.0,0.0,0.0,0.0,0.0,0.0,45,0.048958795970651406,42,9,33,0,0,0,0,0,0,0,0,1
1bxs,B,164,GLN,-3.5,143.8,0.0,2,2,X,0.0,0.0,0.0,0.0,0.0,0.0,0.0,0.0,39,0.04989134446533048,25,3,22,0,0,0,0,0,0,0,0,1
1bxs,B,165,ILE,4.5,166.7,0.0,0,0,X,0.0,0.0,0.0,0.0,0.0,0.0,0.0,0.0,41,0.04755997322863279,17,4,13,0,0,0,0,0,0,0,0,1
1bxs,B,166,ILE,4.5,166.7,0.0,0,0,X,0.0,0.0,0.0,0.0,0.0,0.0,0.0,0.0,40,0.048026247475972325,17,10,7,0,0,0,0,0,0,0,0,1
1bxs,B,167,PRO,-1.6,112.7,0.0,0,0,X,0.0,0.0,0.0,0.0,0.0,0.0,0.0,0.0,35,0.04616115048661418,16,12,4,0,0,0,0,0,0,0,0,1
1bxs,B,168,TRP,-0.9,227.8,0.0,1,0,X,0.0,0.0,0.0,0.0,0.0,0.0,0.0,0.0,35,0.04476232774459557,11,20,-9,0,0,0,0,0,0,0,0,1
1bxs,B,169,ASN,-3.5,114.1,0.0,2,2,X,0.0,0.0,0.0,0.0,0.0,0.0,0.0,0.0,33,0.04662742473395372,17,10,7,0,0,0,0,0,0,0,0,1
1bxs,B,170,PHE,2.8,189.9,0.0,0,0,X,0.0,0.0,0.0,0.0,0.0,0.0,0.0,0.0,31,0.04196468226055834,18,16,2,0,0,0,0,0,0,0,0,1
1bxs,B,171,PRO,-1.6,112.7,0.0,0,0,X,0.0,0.0,0.0,0.0,0.0,0.0,0.0,0.0,39,0.05408781269138631,14,17,-3,0,0,0,0,0,0,0,0,1
1bxs,B,172,LEU,3.8,166.7,0.0,0,0,X,0.0,0.0,0.0,0.0,0.0,0.0,0.0,0.0,44,0.048026247475972325,12,18,-6,0,0,0,0,0,0,0,0,1
1bxs,B,173,LEU,3.8,166.7,0.0,0,0,X,0.0,0.0,0.0,0.0,0.0,0.0,0.0,0.0,35,0.048026247475972325,14,16,-2,0,0,0,0,0,0,0,0,1
1bxs,B,174,MET,1.9,162.9,0.0,0,0,X,0.0,0.0,0.0,0.0,0.0,0.0,0.0,0.0,39,0.04755997322863279,12,18,-6,0,0,0,0,0,0,0,0,1
1bxs,B,175,PHE,2.8,189.9,0.0,0,0,X,0.0,0.0,0.0,0.0,0.0,0.0,0.0,0.0,44,0.048026247475972325,17,3,14,0,0,0,0,0,0,0,0,1
1bxs,B,176,LEU,3.8,166.7,0.0,0,0,X,0.0,0.0,0.0,0.0,0.0,0.0,0.0,0.0,41,0.04942507021799094,13,4,9,0,0,0,0,0,0,0,0,1
1bxs,B,177,TRP,-0.9,227.8,0.0,1,0,X,0.0,0.0,0.0,0.0,0.0,0.0,0.0,0.0,41,0.05035761871267001,13,15,-2,0,0,0,0,0,0,0,0,1
1bxs,B,178,LYS,-3.9,168.6,1.0,2,0,X,0.0,0.0,0.0,0.0,0.0,0.0,0.0,0.0,38,0.048958795970651406,9,16,-7,0,0,0,0,0,0,0,0,1
1bxs,B,179,ILE,4.5,166.7,0.0,0,0,X,0.0,0.0,0.0,0.0,0.0,0.0,0.0,0.0,45,0.04662742473395372,9,1,8,0,0,0,0,0,0,0,0,1
1bxs,B,180,GLY,-0.4,60.1,0.0,0,0,X,0.0,0.0,0.0,0.0,0.0,0.0,0.0,0.0,45,0.04709369898129325,19,2,17,0,0,0,0,0,0,0,0,1
1bxs,B,181,PRO,-1.6,112.7,0.0,0,0,X,0.0,0.0,0.0,0.0,0.0,0.0,0.0,0.0,44,0.05035761871267001,20,17,3,0,0,0,0,0,0,0,0,1
1bxs,B,182,ALA,1.8,88.6,0.0,0,0,X,0.0,0.0,0.0,0.0,0.0,0.0,0.0,0.0,47,0.05408781269138631,22,8,14,0,0,0,0,0,0,0,0,1
1bxs,B,183,LEU,3.8,166.7,0.0,0,0,X,0.0,0.0,0.0,0.0,0.0,0.0,0.0,0.0,44,0.053155264196707235,16,2,14,0,0,0,0,0,0,0,0,1
1bxs,B,184,SER,-0.8,89.0,0.0,1,1,X,0.0,0.0,0.0,0.0,0.0,0.0,0.0,0.0,47,0.05408781269138631,23,12,11,0,0,0,0,0,0,0,0,1
1bxs,B,185,CYS,2.5,108.5,0.0,1,0,X,0.0,0.0,0.0,0.0,0.0,0.0,0.0,0.0,43,0.05129016720734909,24,17,7,0,0,0,0,0,0,0,0,1
1bxs,B,186,GLY,-0.4,60.1,0.0,0,0,X,0.0,0.0,0.0,0.0,0.0,0.0,0.0,0.0,44,0.05035761871267001,22,9,13,0,0,0,0,0,0,0,0,1
1bxs,B,187,ASN,-3.5,114.1,0.0,2,2,X,0.0,0.0,0.0,0.0,0.0,0.0,0.0,0.0,39,0.058284280917442144,28,16,12,0,0,0,0,0,0,0,0,1
1bxs,B,188,THR,-0.7,116.1,0.0,1,1,X,0.0,0.0,0.0,0.0,0.0,0.0,0.0,0.0,46,0.05408781269138631,28,8,20,0,0,0,0,0,0,0,0,1
1bxs,B,189,VAL,4.2,140.0,0.0,0,0,X,0.0,0.0,0.0,0.0,0.0,0.0,0.0,0.0,46,0.053155264196707235,19,1,18,0,0,0,0,0,0,0,0,1
1bxs,B,190,VAL,4.2,140.0,0.0,0,0,X,0.0,0.0,0.0,0.0,0.0,0.0,0.0,0.0,51,0.05222271570202816,27,9,18,0,0,0,0,0,0,0,0,1
1bxs,B,191,VAL,4.2,140.0,0.0,0,0,X,0.0,0.0,0.0,0.0,0.0,0.0,0.0,0.0,44,0.05175644145468863,17,0,17,0,0,0,0,0,0,0,0,1
1bxs,B,192,LYS,-3.9,168.6,1.0,2,0,X,0.0,0.0,0.0,0.0,0.0,0.0,0.0,0.0,43,0.048026247475972325,1,14,-13,0,0,0,0,0,0,0,0,1
1bxs,B,193,PRO,-1.6,112.7,0.0,0,0,X,0.0,0.0,0.0,0.0,0.0,0.0,0.0,0.0,41,0.05175644145468863,11,10,1,0,0,0,0,0,0,0,0,1
1bxs,B,194,ALA,1.8,88.6,0.0,0,0,X,0.0,0.0,0.0,0.0,0.0,0.0,0.0,0.0,39,0.04755997322863279,9,10,-1,0,0,0,0,0,0,0,0,1
1bxs,B,195,GLU,-3.5,138.4,-1.0,1,3,X,0.0,0.0,0.0,0.0,0.0,0.0,0.0,0.0,32,0.04243095650789788,8,14,-6,0,0,0,0,0,0,0,0,1
1bxs,B,196,GLN,-3.5,143.8,0.0,2,2,X,0.0,0.0,0.0,0.0,0.0,0.0,0.0,0.0,32,0.043829779249916496,5,22,-17,0,0,0,0,0,0,0,0,1
1bxs,B,197,THR,-0.7,116.1,0.0,1,1,X,0.0,0.0,0.0,0.0,0.0,0.0,0.0,0.0,41,0.048492521723311866,9,19,-10,0,0,0,0,0,0,0,0,1
1bxs,B,198,PRO,-1.6,112.7,0.0,0,0,X,0.0,0.0,0.0,0.0,0.0,0.0,0.0,0.0,42,0.04616115048661418,16,22,-6,0,0,0,0,0,0,0,0,1
1bxs,B,199,LEU,3.8,166.7,0.0,0,0,X,0.0,0.0,0.0,0.0,0.0,0.0,0.0,0.0,42,0.043829779249916496,19,17,2,0,0,0,0,0,0,0,0,1
1bxs,B,200,THR,-0.7,116.1,0.0,1,1,X,0.0,0.0,0.0,0.0,0.0,0.0,0.0,0.0,45,0.05035761871267001,12,11,1,0,0,0,0,0,0,0,0,1
1bxs,B,201,ALA,1.8,88.6,0.0,0,0,X,0.0,0.0,0.0,0.0,0.0,0.0,0.0,0.0,41,0.04476232774459557,17,6,11,0,0,0,0,0,0,0,0,1
1bxs,B,202,LEU,3.8,166.7,0.0,0,0,X,0.0,0.0,0.0,0.0,0.0,0.0,0.0,0.0,43,0.05502036118606539,25,9,16,0,0,0,0,0,0,0,0,1
1bxs,B,203,HIS,-3.2,153.2,0.1,2,1,X,0.0,0.0,0.0,0.0,0.0,0.0,0.0,0.0,35,0.045228601991935104,14,13,1,0,0,0,0,0,0,0,0,1
1bxs,B,204,MET,1.9,162.9,0.0,0,0,X,0.0,0.0,0.0,0.0,0.0,0.0,0.0,0.0,38,0.04989134446533048,15,11,4,0,0,0,0,0,0,0,0,1
1bxs,B,205,GLY,-0.4,60.1,0.0,0,0,X,0.0,0.0,0.0,0.0,0.0,0.0,0.0,0.0,38,0.05455408693872585,22,13,9,0,0,0,0,0,0,0,0,1
1bxs,B,206,SER,-0.8,89.0,0.0,1,1,X,0.0,0.0,0.0,0.0,0.0,0.0,0.0,0.0,30,0.045228601991935104,31,17,14,0,0,0,0,0,0,0,0,1
1bxs,B,207,LEU,3.8,166.7,0.0,0,0,X,0.0,0.0,0.0,0.0,0.0,0.0,0.0,0.0,37,0.048026247475972325,34,23,11,0,0,0,0,0,0,0,0,1
1bxs,B,208,ILE,4.5,166.7,0.0,0,0,X,0.0,0.0,0.0,0.0,0.0,0.0,0.0,0.0,39,0.048958795970651406,21,10,11,0,0,0,0,0,0,0,0,1
1bxs,B,209,LYS,-3.9,168.6,1.0,2,0,X,0.0,0.0,0.0,0.0,0.0,0.0,0.0,0.0,24,0.040099585271200194,2,18,-16,0,0,0,0,0,0,0,0,1
1bxs,B,210,GLU,-3.5,138.4,-1.0,1,3,X,0.0,0.0,0.0,0.0,0.0,0.0,0.0,0.0,22,0.030307826077069916,29,8,21,0,0,0,0,0,0,0,0,1
1bxs,B,211,ALA,1.8,88.6,0.0,0,0,X,0.0,0.0,0.0,0.0,0.0,0.0,0.0,0.0,29,0.040565859518539735,25,19,6,0,0,0,0,0,0,0,0,1
1bxs,B,212,GLY,-0.4,60.1,0.0,0,0,X,0.0,0.0,0.0,0.0,0.0,0.0,0.0,0.0,27,0.02984155182973038,23,16,7,0,0,0,0,0,0,0,0,1
1bxs,B,213,PHE,2.8,189.9,0.0,0,0,X,0.0,0.0,0.0,0.0,0.0,0.0,0.0,0.0,37,0.03963331102386066,24,13,11,0,0,0,0,0,0,0,0,1
1bxs,B,214,PRO,-1.6,112.7,0.0,0,0,X,0.0,0.0,0.0,0.0,0.0,0.0,0.0,0.0,30,0.03730193978716297,13,3,10,0,0,0,0,0,0,0,0,1
1bxs,B,215,PRO,-1.6,112.7,0.0,0,0,X,0.0,0.0,0.0,0.0,0.0,0.0,0.0,0.0,25,0.03730193978716297,10,9,1,0,0,0,0,0,0,0,0,1
1bxs,B,216,GLY,-0.4,60.1,0.0,0,0,X,0.0,0.0,0.0,0.0,0.0,0.0,0.0,0.0,36,0.05129016720734909,14,4,10,0,0,0,0,0,0,0,0,1
1bxs,B,217,VAL,4.2,140.0,0.0,0,0,X,0.0,0.0,0.0,0.0,0.0,0.0,0.0,0.0,45,0.05175644145468863,10,0,10,0,0,0,0,0,0,0,0,1
1bxs,B,218,VAL,4.2,140.0,0.0,0,0,X,0.0,0.0,0.0,0.0,0.0,0.0,0.0,0.0,43,0.05455408693872585,7,2,5,0,0,0,0,0,0,0,0,1
1bxs,B,219,ASN,-3.5,114.1,0.0,2,2,X,0.0,0.0,0.0,0.0,0.0,0.0,0.0,0.0,47,0.05129016720734909,19,8,11,0,0,0,0,0,0,0,0,1
1bxs,B,220,ILE,4.5,166.7,0.0,0,0,X,0.0,0.0,0.0,0.0,0.0,0.0,0.0,0.0,45,0.0526889899493677,20,7,13,0,0,0,0,0,0,0,0,1
1bxs,B,221,VAL,4.2,140.0,0.0,0,0,X,0.0,0.0,0.0,0.0,0.0,0.0,0.0,0.0,48,0.05175644145468863,29,32,-3,0,0,0,0,0,0,0,0,1
1bxs,B,222,PRO,-1.6,112.7,0.0,0,0,X,0.0,0.0,0.0,0.0,0.0,0.0,0.0,0.0,47,0.053155264196707235,21,41,-20,0,0,0,0,0,0,0,0,1
1bxs,B,223,GLY,-0.4,60.1,0.0,0,0,X,0.0,0.0,0.0,0.0,0.0,0.0,0.0,0.0,39,0.05408781269138631,16,34,-18,0,0,0,0,0,0,0,0,1
1bxs,B,224,TYR,-1.3,193.6,0.0,1,1,X,0.0,0.0,0.0,0.0,0.0,0.0,0.0,0.0,26,0.04243095650789788,13,27,-14,0,0,0,0,0,0,0,0,1
1bxs,B,225,GLY,-0.4,60.1,0.0,0,0,X,0.0,0.0,0.0,0.0,0.0,0.0,0.0,0.0,28,0.03310547156110714,10,19,-9,0,0,0,0,0,0,0,0,1
1bxs,B,226,PRO,-1.6,112.7,0.0,0,0,X,0.0,0.0,0.0,0.0,0.0,0.0,0.0,0.0,20,0.022381163872297785,5,13,-8,0,0,0,0,0,0,0,0,1
1bxs,B,227,THR,-0.7,116.1,0.0,1,1,X,0.0,0.0,0.0,0.0,0.0,0.0,0.0,0.0,24,0.03170664881908853,12,28,-16,0,0,0,0,0,0,0,0,1
1bxs,B,228,ALA,1.8,88.6,0.0,0,0,X,0.0,0.0,0.0,0.0,0.0,0.0,0.0,0.0,37,0.04942507021799094,18,38,-20,0,0,0,0,0,0,0,0,1
1bxs,B,229,GLY,-0.4,60.1,0.0,0,0,X,0.0,0.0,0.0,0.0,0.0,0.0,0.0,0.0,38,0.04196468226055834,21,10,11,0,0,0,0,0,0,0,0,1
1bxs,B,230,ALA,1.8,88.6,0.0,0,0,X,0.0,0.0,0.0,0.0,0.0,0.0,0.0,0.0,29,0.034970568550465285,20,10,10,0,0,0,0,0,0,0,0,1
1bxs,B,231,ALA,1.8,88.6,0.0,0,0,X,0.0,0.0,0.0,0.0,0.0,0.0,0.0,0.0,34,0.03916703677652112,23,26,-3,0,0,0,0,0,0,0,0,1
1bxs,B,232,ILE,4.5,166.7,0.0,0,0,X,0.0,0.0,0.0,0.0,0.0,0.0,0.0,0.0,44,0.04476232774459557,33,17,16,0,0,0,0,0,0,0,0,1
1bxs,B,233,SER,-0.8,89.0,0.0,1,1,X,0.0,0.0,0.0,0.0,0.0,0.0,0.0,0.0,44,0.04662742473395372,42,9,33,0,0,0,0,0,0,0,0,1
1bxs,B,234,SER,-0.8,89.0,0.0,1,1,X,0.0,0.0,0.0,0.0,0.0,0.0,0.0,0.0,30,0.04289723075523742,32,12,20,0,0,0,0,0,0,0,0,1
1bxs,B,235,HIS,-3.2,153.2,0.1,2,1,X,0.0,0.0,0.0,0.0,0.0,0.0,0.0,0.0,34,0.03916703677652112,26,24,2,0,0,0,0,0,0,0,0,1
1bxs,B,236,MET,1.9,162.9,0.0,0,0,X,0.0,0.0,0.0,0.0,0.0,0.0,0.0,0.0,23,0.03357174580844668,29,16,13,0,0,0,0,0,0,0,0,1
1bxs,B,237,ASP,-3.5,111.1,-1.0,1,3,X,0.0,0.0,0.0,0.0,0.0,0.0,0.0,0.0,33,0.03590311704514436,46,15,31,0,0,0,0,0,0,0,0,1
1bxs,B,238,VAL,4.2,140.0,0.0,0,0,X,0.0,0.0,0.0,0.0,0.0,0.0,0.0,0.0,39,0.048492521723311866,49,17,32,0,0,0,0,0,0,0,0,1
1bxs,B,239,ASP,-3.5,111.1,-1.0,1,3,X,0.0,0.0,0.0,0.0,0.0,0.0,0.0,0.0,37,0.04755997322863279,55,16,39,0,0,0,0,0,0,0,0,1
1bxs,B,240,LYS,-3.9,168.6,1.0,2,0,X,0.0,0.0,0.0,0.0,0.0,0.0,0.0,0.0,39,0.050823892960009553,27,24,3,0,0,0,0,0,0,0,0,1
1bxs,B,241,VAL,4.2,140.0,0.0,0,0,X,0.0,0.0,0.0,0.0,0.0,0.0,0.0,0.0,43,0.05175644145468863,43,8,35,0,0,0,0,0,0,0,0,1
1bxs,B,242,ALA,1.8,88.6,0.0,0,0,X,0.0,0.0,0.0,0.0,0.0,0.0,0.0,0.0,41,0.04942507021799094,35,19,16,0,0,0,0,0,0,0,0,1
1bxs,B,243,PHE,2.8,189.9,0.0,0,0,X,0.0,0.0,0.0,0.0,0.0,0.0,0.0,0.0,36,0.048026247475972325,17,17,0,0,0,0,0,0,0,0,0,1
1bxs,B,244,THR,-0.7,116.1,0.0,1,1,X,0.0,0.0,0.0,0.0,0.0,0.0,0.0,0.0,40,0.04243095650789788,9,14,-5,0,0,0,0,0,0,0,0,1
1bxs,B,245,GLY,-0.4,60.1,0.0,0,0,X,0.0,0.0,0.0,0.0,0.0,0.0,0.0,0.0,36,0.040099585271200194,4,20,-16,0,0,0,0,0,0,0,0,1
1bxs,B,246,SER,-0.8,89.0,0.0,1,1,X,0.0,0.0,0.0,0.0,0.0,0.0,0.0,0.0,30,0.03450429430312575,9,21,-12,0,0,0,0,0,0,0,0,1
1bxs,B,247,THR,-0.7,116.1,0.0,1,1,X,0.0,0.0,0.0,0.0,0.0,0.0,0.0,0.0,28,0.04196468226055834,12,20,-8,0,0,0,0,0,0,0,0,1
1bxs,B,248,GLU,-3.5,138.4,-1.0,1,3,X,0.0,0.0,0.0,0.0,0.0,0.0,0.0,0.0,19,0.028909003335051305,10,4,6,0,0,0,0,0,0,0,0,1
1bxs,B,249,VAL,4.2,140.0,0.0,0,0,X,0.0,0.0,0.0,0.0,0.0,0.0,0.0,0.0,26,0.032639197313767604,12,19,-7,0,0,0,0,0,0,0,0,1
1bxs,B,250,GLY,-0.4,60.1,0.0,0,0,X,0.0,0.0,0.0,0.0,0.0,0.0,0.0,0.0,33,0.04989134446533048,23,23,0,0,0,0,0,0,0,0,0,1
1bxs,B,251,LYS,-3.9,168.6,1.0,2,0,X,0.0,0.0,0.0,0.0,0.0,0.0,0.0,0.0,24,0.04709369898129325,20,22,-2,0,0,0,0,0,0,0,0,1
1bxs,B,252,LEU,3.8,166.7,0.0,0,0,X,0.0,0.0,0.0,0.0,0.0,0.0,0.0,0.0,26,0.03403802005578621,31,21,10,0,0,0,0,0,0,0,0,1
1bxs,B,253,ILE,4.5,166.7,0.0,0,0,X,0.0,0.0,0.0,0.0,0.0,0.0,0.0,0.0,40,0.045694876239274644,36,15,21,0,0,0,0,0,0,0,0,1
1bxs,B,254,LYS,-3.9,168.6,1.0,2,0,X,0.0,0.0,0.0,0.0,0.0,0.0,0.0,0.0,26,0.05222271570202816,47,18,29,0,0,0,0,0,0,0,0,1
1bxs,B,255,GLU,-3.5,138.4,-1.0,1,3,X,0.0,0.0,0.0,0.0,0.0,0.0,0.0,0.0,18,0.04942507021799094,47,2,45,0,0,0,0,0,0,0,0,1
1bxs,B,256,ALA,1.8,88.6,0.0,0,0,X,0.0,0.0,0.0,0.0,0.0,0.0,0.0,0.0,27,0.04476232774459557,57,18,39,0,0,0,0,0,0,0,0,1
1bxs,B,257,ALA,1.8,88.6,0.0,0,0,X,0.0,0.0,0.0,0.0,0.0,0.0,0.0,0.0,30,0.053621538444046775,64,21,43,0,0,0,0,0,0,0,0,1
1bxs,B,258,GLY,-0.4,60.1,0.0,0,0,X,0.0,0.0,0.0,0.0,0.0,0.0,0.0,0.0,27,0.05129016720734909,56,22,34,0,0,0,0,0,0,0,0,1
1bxs,B,259,LYS,-3.9,168.6,1.0,2,0,X,0.0,0.0,0.0,0.0,0.0,0.0,0.0,0.0,19,0.03450429430312575,27,19,8,0,0,0,0,0,0,0,0,1
1bxs,B,260,SER,-0.8,89.0,0.0,1,1,X,0.0,0.0,0.0,0.0,0.0,0.0,0.0,0.0,27,0.03776821403450251,42,15,27,0,0,0,0,0,0,0,0,1
1bxs,B,261,ASN,-3.5,114.1,0.0,2,2,X,0.0,0.0,0.0,0.0,0.0,0.0,0.0,0.0,35,0.04616115048661418,62,17,45,0,0,0,0,0,0,0,0,1
1bxs,B,262,LEU,3.8,166.7,0.0,0,0,X,0.0,0.0,0.0,0.0,0.0,0.0,0.0,0.0,40,0.05129016720734909,58,20,38,0,0,0,0,0,0,0,0,1
1bxs,B,263,LYS,-3.9,168.6,1.0,2,0,X,0.0,0.0,0.0,0.0,0.0,0.0,0.0,0.0,39,0.048492521723311866,50,18,32,0,0,0,0,0,0,0,0,1
1bxs,B,264,ARG,-4.5,173.4,1.0,5,0,X,0.0,0.0,0.0,0.0,0.0,0.0,0.0,0.0,36,0.04149840801321881,35,22,13,0,0,0,0,0,0,0,0,1
1bxs,B,265,VAL,4.2,140.0,0.0,0,0,X,0.0,0.0,0.0,0.0,0.0,0.0,0.0,0.0,31,0.043363505002576956,56,15,41,0,0,0,0,0,0,0,0,1
1bxs,B,266,SER,-0.8,89.0,0.0,1,1,X,0.0,0.0,0.0,0.0,0.0,0.0,0.0,0.0,34,0.04289723075523742,42,27,15,0,0,0,0,0,0,0,0,1
1bxs,B,267,LEU,3.8,166.7,0.0,0,0,X,0.0,0.0,0.0,0.0,0.0,0.0,0.0,0.0,41,0.04755997322863279,42,18,24,0,0,0,0,0,0,0,0,1
1bxs,B,268,GLU,-3.5,138.4,-1.0,1,3,X,0.0,0.0,0.0,0.0,0.0,0.0,0.0,0.0,42,0.05035761871267001,17,10,7,0,0,0,0,0,0,0,0,1
1bxs,B,269,LEU,3.8,166.7,0.0,0,0,X,0.0,0.0,0.0,0.0,0.0,0.0,0.0,0.0,44,0.04709369898129325,12,20,-8,0,0,0,0,0,0,0,0,1
1bxs,B,270,GLY,-0.4,60.1,0.0,0,0,X,0.0,0.0,0.0,0.0,0.0,0.0,0.0,0.0,41,0.04289723075523742,11,22,-11,0,0,0,0,0,0,0,0,1
1bxs,B,271,GLY,-0.4,60.1,0.0,0,0,X,0.0,0.0,0.0,0.0,0.0,0.0,0.0,0.0,40,0.050823892960009553,23,17,6,0,0,0,0,0,0,0,0,1
1bxs,B,272,LYS,-3.9,168.6,1.0,2,0,X,0.0,0.0,0.0,0.0,0.0,0.0,0.0,0.0,42,0.05222271570202816,23,16,7,0,0,0,0,0,0,0,0,1
1bxs,B,273,SER,-0.8,89.0,0.0,1,1,X,0.0,0.0,0.0,0.0,0.0,0.0,0.0,0.0,46,0.053155264196707235,22,8,14,0,0,0,0,0,0,0,0,1
1bxs,B,274,PRO,-1.6,112.7,0.0,0,0,X,0.0,0.0,0.0,0.0,0.0,0.0,0.0,0.0,44,0.05222271570202816,25,0,25,0,0,0,0,0,0,0,0,1
1bxs,B,275,CYS,2.5,108.5,0.0,1,0,X,0.0,0.0,0.0,0.0,0.0,0.0,0.0,0.0,44,0.05035761871267001,15,1,14,0,0,0,0,0,0,0,0,1
1bxs,B,276,ILE,4.5,166.7,0.0,0,0,X,0.0,0.0,0.0,0.0,0.0,0.0,0.0,0.0,46,0.05129016720734909,18,10,8,0,0,0,0,0,0,0,0,1
1bxs,B,277,VAL,4.2,140.0,0.0,0,0,X,0.0,0.0,0.0,0.0,0.0,0.0,0.0,0.0,38,0.05688545817542354,7,26,-19,0,0,0,0,0,0,0,0,1
1bxs,B,278,PHE,2.8,189.9,0.0,0,0,X,0.0,0.0,0.0,0.0,0.0,0.0,0.0,0.0,35,0.04709369898129325,13,30,-17,0,0,0,0,0,0,0,0,1
1bxs,B,279,ALA,1.8,88.6,0.0,0,0,X,0.0,0.0,0.0,0.0,0.0,0.0,0.0,0.0,24,0.0363693912924839,5,32,-27,0,0,0,0,0,0,0,0,1
1bxs,B,280,ASP,-3.5,111.1,-1.0,1,3,X,0.0,0.0,0.0,0.0,0.0,0.0,0.0,0.0,21,0.030774100324409453,8,22,-14,0,0,0,0,0,0,0,0,1
1bxs,B,281,ALA,1.8,88.6,0.0,0,0,X,0.0,0.0,0.0,0.0,0.0,0.0,0.0,0.0,26,0.04103213376587927,4,35,-31,0,0,0,0,0,0,0,0,1
1bxs,B,282,ASP,-3.5,111.1,-1.0,1,3,X,0.0,0.0,0.0,0.0,0.0,0.0,0.0,0.0,23,0.03403802005578621,8,19,-11,0,0,0,0,0,0,0,0,1
1bxs,B,283,LEU,3.8,166.7,0.0,0,0,X,0.0,0.0,0.0,0.0,0.0,0.0,0.0,0.0,25,0.03776821403450251,10,34,-24,0,0,0,0,0,0,0,0,1
1bxs,B,284,ASP,-3.5,111.1,-1.0,1,3,X,0.0,0.0,0.0,0.0,0.0,0.0,0.0,0.0,16,0.02984155182973038,12,22,-10,0,0,0,0,0,0,0,0,1
1bxs,B,285,ASN,-3.5,114.1,0.0,2,2,X,0.0,0.0,0.0,0.0,0.0,0.0,0.0,0.0,22,0.03870076252918159,12,25,-13,0,0,0,0,0,0,0,0,1
1bxs,B,286,ALA,1.8,88.6,0.0,0,0,X,0.0,0.0,0.0,0.0,0.0,0.0,0.0,0.0,34,0.048958795970651406,15,26,-11,0,0,0,0,0,0,0,0,1
1bxs,B,287,VAL,4.2,140.0,0.0,0,0,X,0.0,0.0,0.0,0.0,0.0,0.0,0.0,0.0,32,0.048492521723311866,36,34,2,0,0,0,0,0,0,0,0,1
1bxs,B,288,GLU,-3.5,138.4,-1.0,1,3,X,0.0,0.0,0.0,0.0,0.0,0.0,0.0,0.0,26,0.03870076252918159,28,10,18,0,0,0,0,0,0,0,0,1
1bxs,B,289,PHE,2.8,189.9,0.0,0,0,X,0.0,0.0,0.0,0.0,0.0,0.0,0.0,0.0,30,0.04429605349725603,17,18,-1,0,0,0,0,0,0,0,0,1
1bxs,B,290,ALA,1.8,88.6,0.0,0,0,X,0.0,0.0,0.0,0.0,0.0,0.0,0.0,0.0,42,0.04989134446533048,23,11,12,0,0,0,0,0,0,0,0,1
1bxs,B,291,HIS,-3.2,153.2,0.1,2,1,X,0.0,0.0,0.0,0.0,0.0,0.0,0.0,0.0,36,0.048492521723311866,25,14,11,0,0,0,0,0,0,0,0,1
1bxs,B,292,GLN,-3.5,143.8,0.0,2,2,X,0.0,0.0,0.0,0.0,0.0,0.0,0.0,0.0,27,0.04243095650789788,24,9,15,0,0,0,0,0,0,0,0,1
1bxs,B,293,GLY,-0.4,60.1,0.0,0,0,X,0.0,0.0,0.0,0.0,0.0,0.0,0.0,0.0,40,0.04755997322863279,19,8,11,0,0,0,0,0,0,0,0,1
1bxs,B,294,VAL,4.2,140.0,0.0,0,0,X,0.0,0.0,0.0,0.0,0.0,0.0,0.0,0.0,39,0.050823892960009553,22,2,20,0,0,0,0,0,0,0,0,1
1bxs,B,295,PHE,2.8,189.9,0.0,0,0,X,0.0,0.0,0.0,0.0,0.0,0.0,0.0,0.0,39,0.05035761871267001,27,3,24,0,0,0,0,0,0,0,0,1
1bxs,B,296,TYR,-1.3,193.6,0.0,1,1,X,0.0,0.0,0.0,0.0,0.0,0.0,0.0,0.0,28,0.04103213376587927,23,5,18,0,0,0,0,0,0,0,0,1
1bxs,B,297,HIS,-3.2,153.2,0.1,2,1,X,0.0,0.0,0.0,0.0,0.0,0.0,0.0,0.0,35,0.04662742473395372,9,6,3,0,0,0,0,0,0,0,0,1
1bxs,B,298,GLN,-3.5,143.8,0.0,2,2,X,0.0,0.0,0.0,0.0,0.0,0.0,0.0,0.0,40,0.045694876239274644,19,0,19,0,0,0,0,0,0,0,0,1
1bxs,B,299,GLY,-0.4,60.1,0.0,0,0,X,0.0,0.0,0.0,0.0,0.0,0.0,0.0,0.0,36,0.05035761871267001,12,8,4,0,0,0,0,0,0,0,0,1
1bxs,B,300,GLN,-3.5,143.8,0.0,2,2,X,0.0,0.0,0.0,0.0,0.0,0.0,0.0,0.0,34,0.05035761871267001,17,6,11,0,0,0,0,0,0,0,0,1
1bxs,B,301,CYS,2.5,108.5,0.0,1,0,X,0.0,0.0,0.0,0.0,0.0,0.0,0.0,0.0,40,0.045228601991935104,12,7,5,0,0,0,0,0,0,0,0,1
1bxs,B,302,CYS,2.5,108.5,0.0,1,0,X,0.0,0.0,0.0,0.0,0.0,0.0,0.0,0.0,41,0.03823448828184205,7,15,-8,0,0,0,0,0,0,0,0,1
1bxs,B,303,ILE,4.5,166.7,0.0,0,0,X,0.0,0.0,0.0,0.0,0.0,0.0,0.0,0.0,42,0.043829779249916496,5,5,0,0,0,0,0,0,0,0,0,1
1bxs,B,304,ALA,1.8,88.6,0.0,0,0,X,0.0,0.0,0.0,0.0,0.0,0.0,0.0,0.0,45,0.04942507021799094,22,11,11,0,0,0,0,0,0,0,0,1
1bxs,B,305,ALA,1.8,88.6,0.0,0,0,X,0.0,0.0,0.0,0.0,0.0,0.0,0.0,0.0,43,0.05455408693872585,24,3,21,0,0,0,0,0,0,0,0,1
1bxs,B,306,SER,-0.8,89.0,0.0,1,1,X,0.0,0.0,0.0,0.0,0.0,0.0,0.0,0.0,42,0.053155264196707235,28,14,14,0,0,0,0,0,0,0,0,1
1bxs,B,307,ARG,-4.5,173.4,1.0,5,0,X,0.0,0.0,0.0,0.0,0.0,0.0,0.0,0.0,47,0.05175644145468863,30,14,16,0,0,0,0,0,0,0,0,1
1bxs,B,308,LEU,3.8,166.7,0.0,0,0,X,0.0,0.0,0.0,0.0,0.0,0.0,0.0,0.0,44,0.050823892960009553,22,3,19,0,0,0,0,0,0,0,0,1
1bxs,B,309,PHE,2.8,189.9,0.0,0,0,X,0.0,0.0,0.0,0.0,0.0,0.0,0.0,0.0,40,0.050823892960009553,35,19,16,0,0,0,0,0,0,0,0,1
1bxs,B,310,VAL,4.2,140.0,0.0,0,0,X,0.0,0.0,0.0,0.0,0.0,0.0,0.0,0.0,35,0.058284280917442144,19,32,-13,0,0,0,0,0,0,0,0,1
1bxs,B,311,GLU,-3.5,138.4,-1.0,1,3,X,0.0,0.0,0.0,0.0,0.0,0.0,0.0,0.0,28,0.048958795970651406,18,18,0,0,0,0,0,0,0,0,0,1
1bxs,B,312,GLU,-3.5,138.4,-1.0,1,3,X,0.0,0.0,0.0,0.0,0.0,0.0,0.0,0.0,19,0.03963331102386066,15,19,-4,0,0,0,0,0,0,0,0,1
1bxs,B,313,SER,-0.8,89.0,0.0,1,1,X,0.0,0.0,0.0,0.0,0.0,0.0,0.0,0.0,18,0.027043906345693154,13,36,-23,0,0,0,0,0,0,0,0,1
1bxs,B,314,ILE,4.5,166.7,0.0,0,0,X,0.0,0.0,0.0,0.0,0.0,0.0,0.0,0.0,27,0.03870076252918159,18,44,-26,0,0,0,0,0,0,0,0,1
1bxs,B,315,TYR,-1.3,193.6,0.0,1,1,X,0.0,0.0,0.0,0.0,0.0,0.0,0.0,0.0,27,0.04429605349725603,24,42,-18,0,0,0,0,0,0,0,0,1
1bxs,B,316,ASP,-3.5,111.1,-1.0,1,3,X,0.0,0.0,0.0,0.0,0.0,0.0,0.0,0.0,20,0.035436842797804825,24,30,-6,0,0,0,0,0,0,0,0,1
1bxs,B,317,GLU,-3.5,138.4,-1.0,1,3,X,0.0,0.0,0.0,0.0,0.0,0.0,0.0,0.0,18,0.034970568550465285,22,16,6,0,0,0,0,0,0,0,0,1
1bxs,B,318,PHE,2.8,189.9,0.0,0,0,X,0.0,0.0,0.0,0.0,0.0,0.0,0.0,0.0,40,0.04709369898129325,27,37,-10,0,0,0,0,0,0,0,0,1
1bxs,B,319,VAL,4.2,140.0,0.0,0,0,X,0.0,0.0,0.0,0.0,0.0,0.0,0.0,0.0,28,0.04709369898129325,29,38,-9,0,0,0,0,0,0,0,0,1
1bxs,B,320,ARG,-4.5,173.4,1.0,5,0,X,0.0,0.0,0.0,0.0,0.0,0.0,0.0,0.0,16,0.03403802005578621,13,29,-16,0,0,0,0,0,0,0,0,1
1bxs,B,321,ARG,-4.5,173.4,1.0,5,0,X,0.0,0.0,0.0,0.0,0.0,0.0,0.0,0.0,22,0.03823448828184205,21,36,-15,0,0,0,0,0,0,0,0,1
1bxs,B,322,SER,-0.8,89.0,0.0,1,1,X,0.0,0.0,0.0,0.0,0.0,0.0,0.0,0.0,38,0.04709369898129325,47,35,12,0,0,0,0,0,0,0,0,1
1bxs,B,323,VAL,4.2,140.0,0.0,0,0,X,0.0,0.0,0.0,0.0,0.0,0.0,0.0,0.0,28,0.043363505002576956,45,21,24,0,0,0,0,0,0,0,0,1
1bxs,B,324,GLU,-3.5,138.4,-1.0,1,3,X,0.0,0.0,0.0,0.0,0.0,0.0,0.0,0.0,18,0.03124037457174899,49,3,46,0,0,0,0,0,0,0,0,1
1bxs,B,325,ARG,-4.5,173.4,1.0,5,0,X,0.0,0.0,0.0,0.0,0.0,0.0,0.0,0.0,26,0.040565859518539735,35,19,16,0,0,0,0,0,0,0,0,1
1bxs,B,326,ALA,1.8,88.6,0.0,0,0,X,0.0,0.0,0.0,0.0,0.0,0.0,0.0,0.0,31,0.04662742473395372,46,15,31,0,0,0,0,0,0,0,0,1
1bxs,B,327,LYS,-3.9,168.6,1.0,2,0,X,0.0,0.0,0.0,0.0,0.0,0.0,0.0,0.0,21,0.03357174580844668,27,13,14,0,0,0,0,0,0,0,0,1
1bxs,B,328,LYS,-3.9,168.6,1.0,2,0,X,0.0,0.0,0.0,0.0,0.0,0.0,0.0,0.0,16,0.028909003335051305,28,12,16,0,0,0,0,0,0,0,0,1
1bxs,B,329,TYR,-1.3,193.6,0.0,1,1,X,0.0,0.0,0.0,0.0,0.0,0.0,0.0,0.0,28,0.03310547156110714,35,3,32,0,0,0,0,0,0,0,0,1
1bxs,B,330,VAL,4.2,140.0,0.0,0,0,X,0.0,0.0,0.0,0.0,0.0,0.0,0.0,0.0,20,0.03170664881908853,9,0,9,0,0,0,0,0,0,0,0,1
1bxs,B,331,LEU,3.8,166.7,0.0,0,0,X,0.0,0.0,0.0,0.0,0.0,0.0,0.0,0.0,30,0.040565859518539735,5,0,5,0,0,0,0,0,0,0,0,1
1bxs,B,332,GLY,-0.4,60.1,0.0,0,0,X,0.0,0.0,0.0,0.0,0.0,0.0,0.0,0.0,31,0.04103213376587927,9,0,9,0,0,0,0,0,0,0,0,1
1bxs,B,333,ASN,-3.5,114.1,0.0,2,2,X,0.0,0.0,0.0,0.0,0.0,0.0,0.0,0.0,31,0.03963331102386066,7,3,4,0,0,0,0,0,0,0,0,1
1bxs,B,334,PRO,-1.6,112.7,0.0,0,0,X,0.0,0.0,0.0,0.0,0.0,0.0,0.0,0.0,36,0.048026247475972325,10,3,7,0,0,0,0,0,0,0,0,1
1bxs,B,335,LEU,3.8,166.7,0.0,0,0,X,0.0,0.0,0.0,0.0,0.0,0.0,0.0,0.0,34,0.04196468226055834,6,5,1,0,0,0,0,0,0,0,0,1
1bxs,B,336,THR,-0.7,116.1,0.0,1,1,X,0.0,0.0,0.0,0.0,0.0,0.0,0.0,0.0,21,0.027043906345693154,1,0,1,0,0,0,0,0,0,0,0,1
1bxs,B,337,PRO,-1.6,112.7,0.0,0,0,X,0.0,0.0,0.0,0.0,0.0,0.0,0.0,0.0,16,0.018650969893581486,0,0,0,0,0,0,0,0,0,0,0,1
1bxs,B,338,GLY,-0.4,60.1,0.0,0,0,X,0.0,0.0,0.0,0.0,0.0,0.0,0.0,0.0,17,0.01818469564624195,2,0,2,0,0,0,0,0,0,0,0,1
1bxs,B,339,VAL,4.2,140.0,0.0,0,0,X,0.0,0.0,0.0,0.0,0.0,0.0,0.0,0.0,25,0.0363693912924839,4,0,4,0,0,0,0,0,0,0,0,1
1bxs,B,340,SER,-0.8,89.0,0.0,1,1,X,0.0,0.0,0.0,0.0,0.0,0.0,0.0,0.0,31,0.03357174580844668,18,0,18,0,0,0,0,0,0,0,0,1
1bxs,B,341,GLN,-3.5,143.8,0.0,2,2,X,0.0,0.0,0.0,0.0,0.0,0.0,0.0,0.0,34,0.045694876239274644,17,0,17,0,0,0,0,0,0,0,0,1
1bxs,B,342,GLY,-0.4,60.1,0.0,0,0,X,0.0,0.0,0.0,0.0,0.0,0.0,0.0,0.0,40,0.053155264196707235,17,0,17,0,0,0,0,0,0,0,0,1
1bxs,B,343,PRO,-1.6,112.7,0.0,0,0,X,0.0,0.0,0.0,0.0,0.0,0.0,0.0,0.0,41,0.05502036118606539,20,8,12,0,0,0,0,0,0,0,0,1
1bxs,B,344,GLN,-3.5,143.8,0.0,2,2,X,0.0,0.0,0.0,0.0,0.0,0.0,0.0,0.0,39,0.06014937790680029,20,15,5,0,0,0,0,0,0,0,0,1
1bxs,B,345,ILE,4.5,166.7,0.0,0,0,X,0.0,0.0,0.0,0.0,0.0,0.0,0.0,0.0,37,0.05175644145468863,16,22,-6,0,0,0,0,0,0,0,0,1
1bxs,B,346,ASP,-3.5,111.1,-1.0,1,3,X,0.0,0.0,0.0,0.0,0.0,0.0,0.0,0.0,28,0.04243095650789788,13,26,-13,0,0,0,0,0,0,0,0,1
1bxs,B,347,LYS,-3.9,168.6,1.0,2,0,X,0.0,0.0,0.0,0.0,0.0,0.0,0.0,0.0,16,0.035436842797804825,4,31,-27,0,0,0,0,0,0,0,0,1
1bxs,B,348,GLU,-3.5,138.4,-1.0,1,3,X,0.0,0.0,0.0,0.0,0.0,0.0,0.0,0.0,15,0.02984155182973038,18,18,0,0,0,0,0,0,0,0,0,1
1bxs,B,349,GLN,-3.5,143.8,0.0,2,2,X,0.0,0.0,0.0,0.0,0.0,0.0,0.0,0.0,26,0.04755997322863279,15,32,-17,0,0,0,0,0,0,0,0,1
1bxs,B,350,TYR,-1.3,193.6,0.0,1,1,X,0.0,0.0,0.0,0.0,0.0,0.0,0.0,0.0,29,0.05222271570202816,16,27,-11,0,0,0,0,0,0,0,0,1
1bxs,B,351,GLU,-3.5,138.4,-1.0,1,3,X,0.0,0.0,0.0,0.0,0.0,0.0,0.0,0.0,15,0.03683566553982344,17,24,-7,0,0,0,0,0,0,0,0,1
1bxs,B,352,LYS,-3.9,168.6,1.0,2,0,X,0.0,0.0,0.0,0.0,0.0,0.0,0.0,0.0,26,0.040099585271200194,9,47,-38,0,0,0,0,0,0,0,0,1
1bxs,B,353,ILE,4.5,166.7,0.0,0,0,X,0.0,0.0,0.0,0.0,0.0,0.0,0.0,0.0,38,0.050823892960009553,15,32,-17,0,0,0,0,0,0,0,0,1
1bxs,B,354,LEU,3.8,166.7,0.0,0,0,X,0.0,0.0,0.0,0.0,0.0,0.0,0.0,0.0,32,0.04289723075523742,14,29,-15,0,0,0,0,0,0,0,0,1
1bxs,B,355,ASP,-3.5,111.1,-1.0,1,3,X,0.0,0.0,0.0,0.0,0.0,0.0,0.0,0.0,20,0.03403802005578621,30,25,5,0,0,0,0,0,0,0,0,1
1bxs,B,356,LEU,3.8,166.7,0.0,0,0,X,0.0,0.0,0.0,0.0,0.0,0.0,0.0,0.0,30,0.04755997322863279,35,41,-6,0,0,0,0,0,0,0,0,1
1bxs,B,357,ILE,4.5,166.7,0.0,0,0,X,0.0,0.0,0.0,0.0,0.0,0.0,0.0,0.0,35,0.04662742473395372,29,22,7,0,0,0,0,0,0,0,0,1
1bxs,B,358,GLU,-3.5,138.4,-1.0,1,3,X,0.0,0.0,0.0,0.0,0.0,0.0,0.0,0.0,22,0.03590311704514436,27,17,10,0,0,0,0,0,0,0,0,1
1bxs,B,359,SER,-0.8,89.0,0.0,1,1,X,0.0,0.0,0.0,0.0,0.0,0.0,0.0,0.0,24,0.043363505002576956,31,33,-2,0,0,0,0,0,0,0,0,1
1bxs,B,360,GLY,-0.4,60.1,0.0,0,0,X,0.0,0.0,0.0,0.0,0.0,0.0,0.0,0.0,32,0.05175644145468863,33,30,3,0,0,0,0,0,0,0,0,1
1bxs,B,361,LYS,-3.9,168.6,1.0,2,0,X,0.0,0.0,0.0,0.0,0.0,0.0,0.0,0.0,25,0.03730193978716297,14,22,-8,0,0,0,0,0,0,0,0,1
1bxs,B,362,LYS,-3.9,168.6,1.0,2,0,X,0.0,0.0,0.0,0.0,0.0,0.0,0.0,0.0,14,0.026577632098353617,14,23,-9,0,0,0,0,0,0,0,0,1
1bxs,B,363,GLU,-3.5,138.4,-1.0,1,3,X,0.0,0.0,0.0,0.0,0.0,0.0,0.0,0.0,22,0.025645083603674543,27,21,6,0,0,0,0,0,0,0,0,1
1bxs,B,364,GLY,-0.4,60.1,0.0,0,0,X,0.0,0.0,0.0,0.0,0.0,0.0,0.0,0.0,19,0.02331371236697686,23,22,1,0,0,0,0,0,0,0,0,1
1bxs,B,365,ALA,1.8,88.6,0.0,0,0,X,0.0,0.0,0.0,0.0,0.0,0.0,0.0,0.0,29,0.043363505002576956,25,28,-3,0,0,0,0,0,0,0,0,1
1bxs,B,366,LYS,-3.9,168.6,1.0,2,0,X,0.0,0.0,0.0,0.0,0.0,0.0,0.0,0.0,22,0.0363693912924839,6,20,-14,0,0,0,0,0,0,0,0,1
1bxs,B,367,LEU,3.8,166.7,0.0,0,0,X,0.0,0.0,0.0,0.0,0.0,0.0,0.0,0.0,27,0.03870076252918159,19,16,3,0,0,0,0,0,0,0,0,1
1bxs,B,368,GLU,-3.5,138.4,-1.0,1,3,X,0.0,0.0,0.0,0.0,0.0,0.0,0.0,0.0,26,0.035436842797804825,21,10,11,0,0,0,0,0,0,0,0,1
1bxs,B,369,CYS,2.5,108.5,0.0,1,0,X,0.0,0.0,0.0,0.0,0.0,0.0,0.0,0.0,29,0.03963331102386066,21,13,8,0,0,0,0,0,0,0,0,1
1bxs,B,370,GLY,-0.4,60.1,0.0,0,0,X,0.0,0.0,0.0,0.0,0.0,0.0,0.0,0.0,25,0.03170664881908853,14,8,6,0,0,0,0,0,0,0,0,1
1bxs,B,371,GLY,-0.4,60.1,0.0,0,0,X,0.0,0.0,0.0,0.0,0.0,0.0,0.0,0.0,26,0.04149840801321881,9,15,-6,0,0,0,0,0,0,0,0,1
1bxs,B,372,GLY,-0.4,60.1,0.0,0,0,X,0.0,0.0,0.0,0.0,0.0,0.0,0.0,0.0,26,0.03403802005578621,4,6,-2,0,0,0,0,0,0,0,0,1
1bxs,B,373,PRO,-1.6,112.7,0.0,0,0,X,0.0,0.0,0.0,0.0,0.0,0.0,0.0,0.0,24,0.03357174580844668,1,3,-2,0,0,0,0,0,0,0,0,1
1bxs,B,374,TRP,-0.9,227.8,0.0,1,0,X,0.0,0.0,0.0,0.0,0.0,0.0,0.0,0.0,22,0.03403802005578621,5,0,5,0,0,0,0,0,0,0,0,1
1bxs,B,375,GLY,-0.4,60.1,0.0,0,0,X,0.0,0.0,0.0,0.0,0.0,0.0,0.0,0.0,16,0.027510180593032695,5,2,3,0,0,0,0,0,0,0,0,1
1bxs,B,376,ASN,-3.5,114.1,0.0,2,2,X,0.0,0.0,0.0,0.0,0.0,0.0,0.0,0.0,11,0.017718421398902413,5,5,0,0,0,0,0,0,0,0,0,1
1bxs,B,377,LYS,-3.9,168.6,1.0,2,0,X,0.0,0.0,0.0,0.0,0.0,0.0,0.0,0.0,17,0.027043906345693154,0,12,-12,0,0,0,0,0,0,0,0,1
1bxs,B,378,GLY,-0.4,60.1,0.0,0,0,X,0.0,0.0,0.0,0.0,0.0,0.0,0.0,0.0,25,0.040099585271200194,13,15,-2,0,0,0,0,0,0,0,0,1
1bxs,B,379,TYR,-1.3,193.6,0.0,1,1,X,0.0,0.0,0.0,0.0,0.0,0.0,0.0,0.0,30,0.05175644145468863,14,29,-15,0,0,0,0,0,0,0,0,1
1bxs,B,380,PHE,2.8,189.9,0.0,0,0,X,0.0,0.0,0.0,0.0,0.0,0.0,0.0,0.0,34,0.053155264196707235,5,8,-3,0,0,0,0,0,0,0,0,1
1bxs,B,381,ILE,4.5,166.7,0.0,0,0,X,0.0,0.0,0.0,0.0,0.0,0.0,0.0,0.0,37,0.05408781269138631,2,5,-3,0,0,0,0,0,0,0,0,1
1bxs,B,382,GLN,-3.5,143.8,0.0,2,2,X,0.0,0.0,0.0,0.0,0.0,0.0,0.0,0.0,29,0.04243095650789788,4,2,2,0,0,0,0,0,0,0,0,1
1bxs,B,383,PRO,-1.6,112.7,0.0,0,0,X,0.0,0.0,0.0,0.0,0.0,0.0,0.0,0.0,39,0.045694876239274644,22,7,15,0,0,0,0,0,0,0,0,1
1bxs,B,384,THR,-0.7,116.1,0.0,1,1,X,0.0,0.0,0.0,0.0,0.0,0.0,0.0,0.0,38,0.050823892960009553,10,8,2,0,0,0,0,0,0,0,0,1
1bxs,B,385,VAL,4.2,140.0,0.0,0,0,X,0.0,0.0,0.0,0.0,0.0,0.0,0.0,0.0,39,0.05455408693872585,24,13,11,0,0,0,0,0,0,0,0,1
1bxs,B,386,PHE,2.8,189.9,0.0,0,0,X,0.0,0.0,0.0,0.0,0.0,0.0,0.0,0.0,40,0.053155264196707235,18,26,-8,0,0,0,0,0,0,0,0,1
1bxs,B,387,SER,-0.8,89.0,0.0,1,1,X,0.0,0.0,0.0,0.0,0.0,0.0,0.0,0.0,29,0.04755997322863279,15,23,-8,0,0,0,0,0,0,0,0,1
1bxs,B,388,ASP,-3.5,111.1,-1.0,1,3,X,0.0,0.0,0.0,0.0,0.0,0.0,0.0,0.0,26,0.03730193978716297,19,14,5,0,0,0,0,0,0,0,0,1
1bxs,B,389,VAL,4.2,140.0,0.0,0,0,X,0.0,0.0,0.0,0.0,0.0,0.0,0.0,0.0,35,0.048958795970651406,34,32,2,0,0,0,0,0,0,0,0,1
1bxs,B,390,THR,-0.7,116.1,0.0,1,1,X,0.0,0.0,0.0,0.0,0.0,0.0,0.0,0.0,24,0.03357174580844668,26,33,-7,0,0,0,0,0,0,0,0,1
1bxs,B,391,ASP,-3.5,111.1,-1.0,1,3,X,0.0,0.0,0.0,0.0,0.0,0.0,0.0,0.0,27,0.03590311704514436,41,14,27,0,0,0,0,0,0,0,0,1
1bxs,B,392,ASP,-3.5,111.1,-1.0,1,3,X,0.0,0.0,0.0,0.0,0.0,0.0,0.0,0.0,17,0.025645083603674543,18,20,-2,0,0,0,0,0,0,0,0,1
1bxs,B,393,MET,1.9,162.9,0.0,0,0,X,0.0,0.0,0.0,0.0,0.0,0.0,0.0,0.0,30,0.03870076252918159,33,37,-4,0,0,0,0,0,0,0,0,1
1bxs,B,394,ARG,-4.5,173.4,1.0,5,0,X,0.0,0.0,0.0,0.0,0.0,0.0,0.0,0.0,25,0.03870076252918159,24,41,-17,0,0,0,0,0,0,0,0,1
1bxs,B,395,ILE,4.5,166.7,0.0,0,0,X,0.0,0.0,0.0,0.0,0.0,0.0,0.0,0.0,40,0.05222271570202816,38,42,-4,0,0,0,0,0,0,0,0,1
1bxs,B,396,ALA,1.8,88.6,0.0,0,0,X,0.0,0.0,0.0,0.0,0.0,0.0,0.0,0.0,36,0.04662742473395372,40,37,3,0,0,0,0,0,0,0,0,1
1bxs,B,397,LYS,-3.9,168.6,1.0,2,0,X,0.0,0.0,0.0,0.0,0.0,0.0,0.0,0.0,25,0.03916703677652112,28,33,-5,0,0,0,0,0,0,0,0,1
1bxs,B,398,GLU,-3.5,138.4,-1.0,1,3,X,0.0,0.0,0.0,0.0,0.0,0.0,0.0,0.0,25,0.03823448828184205,38,20,18,0,0,0,0,0,0,0,0,1
1bxs,B,399,GLU,-3.5,138.4,-1.0,1,3,X,0.0,0.0,0.0,0.0,0.0,0.0,0.0,0.0,37,0.040565859518539735,25,10,15,0,0,0,0,0,0,0,0,1
1bxs,B,400,ILE,4.5,166.7,0.0,0,0,X,0.0,0.0,0.0,0.0,0.0,0.0,0.0,0.0,39,0.043363505002576956,31,27,4,0,0,0,0,0,0,0,0,1
1bxs,B,401,PHE,2.8,189.9,0.0,0,0,X,0.0,0.0,0.0,0.0,0.0,0.0,0.0,0.0,38,0.04755997322863279,21,11,10,0,0,0,0,0,0,0,0,1
1bxs,B,402,GLY,-0.4,60.1,0.0,0,0,X,0.0,0.0,0.0,0.0,0.0,0.0,0.0,0.0,43,0.04709369898129325,17,11,6,0,0,0,0,0,0,0,0,1
1bxs,B,403,PRO,-1.6,112.7,0.0,0,0,X,0.0,0.0,0.0,0.0,0.0,0.0,0.0,0.0,41,0.048958795970651406,9,0,9,0,0,0,0,0,0,0,0,1
1bxs,B,404,VAL,4.2,140.0,0.0,0,0,X,0.0,0.0,0.0,0.0,0.0,0.0,0.0,0.0,47,0.048958795970651406,9,6,3,0,0,0,0,0,0,0,0,1
1bxs,B,405,GLN,-3.5,143.8,0.0,2,2,X,0.0,0.0,0.0,0.0,0.0,0.0,0.0,0.0,47,0.048958795970651406,24,7,17,0,0,0,0,0,0,0,0,1
1bxs,B,406,GLN,-3.5,143.8,0.0,2,2,X,0.0,0.0,0.0,0.0,0.0,0.0,0.0,0.0,44,0.05175644145468863,28,10,18,0,0,0,0,0,0,0,0,1
1bxs,B,407,ILE,4.5,166.7,0.0,0,0,X,0.0,0.0,0.0,0.0,0.0,0.0,0.0,0.0,41,0.053621538444046775,22,21,1,0,0,0,0,0,0,0,0,1
1bxs,B,408,MET,1.9,162.9,0.0,0,0,X,0.0,0.0,0.0,0.0,0.0,0.0,0.0,0.0,37,0.05035761871267001,31,24,7,0,0,0,0,0,0,0,0,1
1bxs,B,409,LYS,-3.9,168.6,1.0,2,0,X,0.0,0.0,0.0,0.0,0.0,0.0,0.0,0.0,25,0.045694876239274644,10,35,-25,0,0,0,0,0,0,0,0,1
1bxs,B,410,PHE,2.8,189.9,0.0,0,0,X,0.0,0.0,0.0,0.0,0.0,0.0,0.0,0.0,29,0.045694876239274644,25,32,-7,0,0,0,0,0,0,0,0,1
1bxs,B,411,LYS,-3.9,168.6,1.0,2,0,X,0.0,0.0,0.0,0.0,0.0,0.0,0.0,0.0,21,0.03124037457174899,15,32,-17,0,0,0,0,0,0,0,0,1
1bxs,B,412,SER,-0.8,89.0,0.0,1,1,X,0.0,0.0,0.0,0.0,0.0,0.0,0.0,0.0,17,0.027510180593032695,22,30,-8,0,0,0,0,0,0,0,0,1
1bxs,B,413,LEU,3.8,166.7,0.0,0,0,X,0.0,0.0,0.0,0.0,0.0,0.0,0.0,0.0,24,0.03450429430312575,19,25,-6,0,0,0,0,0,0,0,0,1
1bxs,B,414,ASP,-3.5,111.1,-1.0,1,3,X,0.0,0.0,0.0,0.0,0.0,0.0,0.0,0.0,16,0.02471253510899547,15,8,7,0,0,0,0,0,0,0,0,1
1bxs,B,415,ASP,-3.5,111.1,-1.0,1,3,X,0.0,0.0,0.0,0.0,0.0,0.0,0.0,0.0,18,0.032172923066428064,24,13,11,0,0,0,0,0,0,0,0,1
1bxs,B,416,VAL,4.2,140.0,0.0,0,0,X,0.0,0.0,0.0,0.0,0.0,0.0,0.0,0.0,30,0.045228601991935104,29,25,4,0,0,0,0,0,0,0,0,1
1bxs,B,417,ILE,4.5,166.7,0.0,0,0,X,0.0,0.0,0.0,0.0,0.0,0.0,0.0,0.0,29,0.043829779249916496,19,16,3,0,0,0,0,0,0,0,0,1
1bxs,B,418,LYS,-3.9,168.6,1.0,2,0,X,0.0,0.0,0.0,0.0,0.0,0.0,0.0,0.0,24,0.03124037457174899,15,20,-5,0,0,0,0,0,0,0,0,1
1bxs,B,419,ARG,-4.5,173.4,1.0,5,0,X,0.0,0.0,0.0,0.0,0.0,0.0,0.0,0.0,27,0.03916703677652112,23,22,1,0,0,0,0,0,0,0,0,1
1bxs,B,420,ALA,1.8,88.6,0.0,0,0,X,0.0,0.0,0.0,0.0,0.0,0.0,0.0,0.0,35,0.045228601991935104,36,14,22,0,0,0,0,0,0,0,0,1
1bxs,B,421,ASN,-3.5,114.1,0.0,2,2,X,0.0,0.0,0.0,0.0,0.0,0.0,0.0,0.0,36,0.03963331102386066,26,6,20,0,0,0,0,0,0,0,0,1
1bxs,B,422,ASN,-3.5,114.1,0.0,2,2,X,0.0,0.0,0.0,0.0,0.0,0.0,0.0,0.0,20,0.02797645484037223,36,12,24,0,0,0,0,0,0,0,0,1
1bxs,B,423,THR,-0.7,116.1,0.0,1,1,X,0.0,0.0,0.0,0.0,0.0,0.0,0.0,0.0,28,0.03357174580844668,41,5,36,0,0,0,0,0,0,0,0,1
1bxs,B,424,PHE,2.8,189.9,0.0,0,0,X,0.0,0.0,0.0,0.0,0.0,0.0,0.0,0.0,25,0.03170664881908853,21,7,14,0,0,0,0,0,0,0,0,1
1bxs,B,425,TYR,-1.3,193.6,0.0,1,1,X,0.0,0.0,0.0,0.0,0.0,0.0,0.0,0.0,38,0.04616115048661418,30,17,13,0,0,0,0,0,0,0,0,1
1bxs,B,426,GLY,-0.4,60.1,0.0,0,0,X,0.0,0.0,0.0,0.0,0.0,0.0,0.0,0.0,42,0.05921682941212122,30,5,25,0,0,0,0,0,0,0,0,1
1bxs,B,427,LEU,3.8,166.7,0.0,0,0,X,0.0,0.0,0.0,0.0,0.0,0.0,0.0,0.0,47,0.05548663543340492,17,13,4,0,0,0,0,0,0,0,0,1
1bxs,B,428,SER,-0.8,89.0,0.0,1,1,X,0.0,0.0,0.0,0.0,0.0,0.0,0.0,0.0,44,0.05222271570202816,13,1,12,0,0,0,0,0,0,0,0,1
1bxs,B,429,ALA,1.8,88.6,0.0,0,0,X,0.0,0.0,0.0,0.0,0.0,0.0,0.0,0.0,43,0.05502036118606539,16,0,16,0,0,0,0,0,0,0,0,1
1bxs,B,430,GLY,-0.4,60.1,0.0,0,0,X,0.0,0.0,0.0,0.0,0.0,0.0,0.0,0.0,43,0.05502036118606539,9,0,9,0,0,0,0,0,0,0,0,1
1bxs,B,431,ILE,4.5,166.7,0.0,0,0,X,0.0,0.0,0.0,0.0,0.0,0.0,0.0,0.0,44,0.05455408693872585,9,7,2,0,0,0,0,0,0,0,0,1
1bxs,B,432,PHE,2.8,189.9,0.0,0,0,X,0.0,0.0,0.0,0.0,0.0,0.0,0.0,0.0,43,0.05129016720734909,6,23,-17,0,0,0,0,0,0,0,0,1
1bxs,B,433,THR,-0.7,116.1,0.0,1,1,X,0.0,0.0,0.0,0.0,0.0,0.0,0.0,0.0,32,0.04942507021799094,10,30,-20,0,0,0,0,0,0,0,0,1
1bxs,B,434,ASN,-3.5,114.1,0.0,2,2,X,0.0,0.0,0.0,0.0,0.0,0.0,0.0,0.0,16,0.03823448828184205,9,39,-30,0,0,0,0,0,0,0,0,1
1bxs,B,435,ASP,-3.5,111.1,-1.0,1,3,X,0.0,0.0,0.0,0.0,0.0,0.0,0.0,0.0,21,0.03776821403450251,10,17,-7,0,0,0,0,0,0,0,0,1
1bxs,B,436,ILE,4.5,166.7,0.0,0,0,X,0.0,0.0,0.0,0.0,0.0,0.0,0.0,0.0,19,0.03916703677652112,18,31,-13,0,0,0,0,0,0,0,0,1
1bxs,B,437,ASP,-3.5,111.1,-1.0,1,3,X,0.0,0.0,0.0,0.0,0.0,0.0,0.0,0.0,24,0.03730193978716297,19,9,10,0,0,0,0,0,0,0,0,1
1bxs,B,438,LYS,-3.9,168.6,1.0,2,0,X,0.0,0.0,0.0,0.0,0.0,0.0,0.0,0.0,29,0.04243095650789788,0,26,-26,0,0,0,0,0,0,0,0,1
1bxs,B,439,ALA,1.8,88.6,0.0,0,0,X,0.0,0.0,0.0,0.0,0.0,0.0,0.0,0.0,34,0.05129016720734909,11,18,-7,0,0,0,0,0,0,0,0,1
1bxs,B,440,ILE,4.5,166.7,0.0,0,0,X,0.0,0.0,0.0,0.0,0.0,0.0,0.0,0.0,31,0.04289723075523742,25,17,8,0,0,0,0,0,0,0,0,1
1bxs,B,441,THR,-0.7,116.1,0.0,1,1,X,0.0,0.0,0.0,0.0,0.0,0.0,0.0,0.0,34,0.043363505002576956,24,16,8,0,0,0,0,0,0,0,0,1
1bxs,B,442,VAL,4.2,140.0,0.0,0,0,X,0.0,0.0,0.0,0.0,0.0,0.0,0.0,0.0,38,0.03963331102386066,17,19,-2,0,0,0,0,0,0,0,0,1
1bxs,B,443,SER,-0.8,89.0,0.0,1,1,X,0.0,0.0,0.0,0.0,0.0,0.0,0.0,0.0,43,0.045228601991935104,24,8,16,0,0,0,0,0,0,0,0,1
1bxs,B,444,SER,-0.8,89.0,0.0,1,1,X,0.0,0.0,0.0,0.0,0.0,0.0,0.0,0.0,35,0.045228601991935104,36,9,27,0,0,0,0,0,0,0,0,1
1bxs,B,445,ALA,1.8,88.6,0.0,0,0,X,0.0,0.0,0.0,0.0,0.0,0.0,0.0,0.0,36,0.04103213376587927,25,10,15,0,0,0,0,0,0,0,0,1
1bxs,B,446,LEU,3.8,166.7,0.0,0,0,X,0.0,0.0,0.0,0.0,0.0,0.0,0.0,0.0,46,0.04243095650789788,24,4,20,0,0,0,0,0,0,0,0,1
1bxs,B,447,GLN,-3.5,143.8,0.0,2,2,X,0.0,0.0,0.0,0.0,0.0,0.0,0.0,0.0,42,0.04103213376587927,32,13,19,0,0,0,0,0,0,0,0,1
1bxs,B,448,SER,-0.8,89.0,0.0,1,1,X,0.0,0.0,0.0,0.0,0.0,0.0,0.0,0.0,44,0.04989134446533048,29,11,18,0,0,0,0,0,0,0,0,1
1bxs,B,449,GLY,-0.4,60.1,0.0,0,0,X,0.0,0.0,0.0,0.0,0.0,0.0,0.0,0.0,41,0.05595290968074446,30,18,12,0,0,0,0,0,0,0,0,1
1bxs,B,450,THR,-0.7,116.1,0.0,1,1,X,0.0,0.0,0.0,0.0,0.0,0.0,0.0,0.0,42,0.053621538444046775,16,1,15,0,0,0,0,0,0,0,0,1
1bxs,B,451,VAL,4.2,140.0,0.0,0,0,X,0.0,0.0,0.0,0.0,0.0,0.0,0.0,0.0,48,0.053155264196707235,16,3,13,0,0,0,0,0,0,0,0,1
1bxs,B,452,TRP,-0.9,227.8,0.0,1,0,X,0.0,0.0,0.0,0.0,0.0,0.0,0.0,0.0,39,0.05595290968074446,5,0,5,0,0,0,0,0,0,0,0,1
1bxs,B,453,VAL,4.2,140.0,0.0,0,0,X,0.0,0.0,0.0,0.0,0.0,0.0,0.0,0.0,39,0.05129016720734909,13,3,10,0,0,0,0,0,0,0,0,1
1bxs,B,454,ASN,-3.5,114.1,0.0,2,2,X,0.0,0.0,0.0,0.0,0.0,0.0,0.0,0.0,38,0.04662742473395372,9,21,-12,0,0,0,0,0,0,0,0,1
1bxs,B,455,CYS,2.5,108.5,0.0,1,0,X,0.0,0.0,0.0,0.0,0.0,0.0,0.0,0.0,34,0.05175644145468863,9,6,3,0,0,0,0,0,0,0,0,1
1bxs,B,456,TYR,-1.3,193.6,0.0,1,1,X,0.0,0.0,0.0,0.0,0.0,0.0,0.0,0.0,42,0.04662742473395372,5,3,2,0,0,0,0,0,0,0,0,1
1bxs,B,457,SER,-0.8,89.0,0.0,1,1,X,0.0,0.0,0.0,0.0,0.0,0.0,0.0,0.0,35,0.03683566553982344,3,2,1,0,0,0,0,0,0,0,0,1
1bxs,B,458,VAL,4.2,140.0,0.0,0,0,X,0.0,0.0,0.0,0.0,0.0,0.0,0.0,0.0,31,0.032639197313767604,5,5,0,0,0,0,0,0,0,0,0,1
1bxs,B,459,VAL,4.2,140.0,0.0,0,0,X,0.0,0.0,0.0,0.0,0.0,0.0,0.0,0.0,29,0.034970568550465285,0,9,-9,0,0,0,0,0,0,0,0,1
1bxs,B,460,SER,-0.8,89.0,0.0,1,1,X,0.0,0.0,0.0,0.0,0.0,0.0,0.0,0.0,32,0.03310547156110714,9,15,-6,0,0,0,0,0,0,0,0,1
1bxs,B,461,ALA,1.8,88.6,0.0,0,0,X,0.0,0.0,0.0,0.0,0.0,0.0,0.0,0.0,38,0.04616115048661418,20,23,-3,0,0,0,0,0,0,0,0,1
1bxs,B,462,GLN,-3.5,143.8,0.0,2,2,X,0.0,0.0,0.0,0.0,0.0,0.0,0.0,0.0,40,0.05129016720734909,20,27,-7,0,0,0,0,0,0,0,0,1
1bxs,B,463,CYS,2.5,108.5,0.0,1,0,X,0.0,0.0,0.0,0.0,0.0,0.0,0.0,0.0,39,0.04476232774459557,13,18,-5,0,0,0,0,0,0,0,0,1
1bxs,B,464,PRO,-1.6,112.7,0.0,0,0,X,0.0,0.0,0.0,0.0,0.0,0.0,0.0,0.0,43,0.050823892960009553,27,22,5,0,0,0,0,0,0,0,0,1
1bxs,B,465,PHE,2.8,189.9,0.0,0,0,X,0.0,0.0,0.0,0.0,0.0,0.0,0.0,0.0,41,0.045694876239274644,15,18,-3,0,0,0,0,0,0,0,0,1
1bxs,B,466,GLY,-0.4,60.1,0.0,0,0,X,0.0,0.0,0.0,0.0,0.0,0.0,0.0,0.0,43,0.048026247475972325,26,30,-4,0,0,0,0,0,0,0,0,1
1bxs,B,467,GLY,-0.4,60.1,0.0,0,0,X,0.0,0.0,0.0,0.0,0.0,0.0,0.0,0.0,38,0.058750555164781684,32,22,10,0,0,0,0,0,0,0,0,1
1bxs,B,468,PHE,2.8,189.9,0.0,0,0,X,0.0,0.0,0.0,0.0,0.0,0.0,0.0,0.0,41,0.048026247475972325,32,24,8,0,0,0,0,0,0,0,0,1
1bxs,B,469,LYS,-3.9,168.6,1.0,2,0,X,0.0,0.0,0.0,0.0,0.0,0.0,0.0,0.0,38,0.050823892960009553,19,19,0,0,0,0,0,0,0,0,0,1
1bxs,B,470,MET,1.9,162.9,0.0,0,0,X,0.0,0.0,0.0,0.0,0.0,0.0,0.0,0.0,35,0.048958795970651406,34,10,24,0,0,0,0,0,0,0,0,1
1bxs,B,471,SER,-0.8,89.0,0.0,1,1,X,0.0,0.0,0.0,0.0,0.0,0.0,0.0,0.0,42,0.0526889899493677,23,15,8,0,0,0,0,0,0,0,0,1
1bxs,B,472,GLY,-0.4,60.1,0.0,0,0,X,0.0,0.0,0.0,0.0,0.0,0.0,0.0,0.0,39,0.050823892960009553,40,18,22,0,0,0,0,0,0,0,0,1
1bxs,B,473,ASN,-3.5,114.1,0.0,2,2,X,0.0,0.0,0.0,0.0,0.0,0.0,0.0,0.0,34,0.04942507021799094,47,24,23,0,0,0,0,0,0,0,0,1
1bxs,B,474,GLY,-0.4,60.1,0.0,0,0,X,0.0,0.0,0.0,0.0,0.0,0.0,0.0,0.0,37,0.03916703677652112,33,36,-3,0,0,0,0,0,0,0,0,1
1bxs,B,475,ARG,-4.5,173.4,1.0,5,0,X,0.0,0.0,0.0,0.0,0.0,0.0,0.0,0.0,37,0.04476232774459557,22,37,-15,0,0,0,0,0,0,0,0,1
1bxs,B,476,GLU,-3.5,138.4,-1.0,1,3,X,0.0,0.0,0.0,0.0,0.0,0.0,0.0,0.0,45,0.048026247475972325,23,21,2,0,0,0,0,0,0,0,0,1
1bxs,B,477,LEU,3.8,166.7,0.0,0,0,X,0.0,0.0,0.0,0.0,0.0,0.0,0.0,0.0,38,0.053155264196707235,19,23,-4,0,0,0,0,0,0,0,0,1
1bxs,B,478,GLY,-0.4,60.1,0.0,0,0,X,0.0,0.0,0.0,0.0,0.0,0.0,0.0,0.0,34,0.05035761871267001,24,28,-4,0,0,0,0,0,0,0,0,1
1bxs,B,479,GLU,-3.5,138.4,-1.0,1,3,X,0.0,0.0,0.0,0.0,0.0,0.0,0.0,0.0,26,0.04476232774459557,47,7,40,0,0,0,0,0,0,0,0,1
1bxs,B,480,TYR,-1.3,193.6,0.0,1,1,X,0.0,0.0,0.0,0.0,0.0,0.0,0.0,0.0,29,0.04243095650789788,49,25,24,0,0,0,0,0,0,0,0,1
1bxs,B,481,GLY,-0.4,60.1,0.0,0,0,X,0.0,0.0,0.0,0.0,0.0,0.0,0.0,0.0,34,0.048026247475972325,28,29,-1,0,0,0,0,0,0,0,0,1
1bxs,B,482,PHE,2.8,189.9,0.0,0,0,X,0.0,0.0,0.0,0.0,0.0,0.0,0.0,0.0,40,0.048958795970651406,27,26,1,0,0,0,0,0,0,0,0,1
1bxs,B,483,HIS,-3.2,153.2,0.1,2,1,X,0.0,0.0,0.0,0.0,0.0,0.0,0.0,0.0,23,0.035436842797804825,15,41,-26,0,0,0,0,0,0,0,0,1
1bxs,B,484,GLU,-3.5,138.4,-1.0,1,3,X,0.0,0.0,0.0,0.0,0.0,0.0,0.0,0.0,31,0.03590311704514436,37,19,18,0,0,0,0,0,0,0,0,1
1bxs,B,485,TYR,-1.3,193.6,0.0,1,1,X,0.0,0.0,0.0,0.0,0.0,0.0,0.0,0.0,42,0.04476232774459557,36,26,10,0,0,0,0,0,0,0,0,1
1bxs,B,486,THR,-0.7,116.1,0.0,1,1,X,0.0,0.0,0.0,0.0,0.0,0.0,0.0,0.0,33,0.045228601991935104,34,28,6,0,0,0,0,0,0,0,0,1
1bxs,B,487,GLU,-3.5,138.4,-1.0,1,3,X,0.0,0.0,0.0,0.0,0.0,0.0,0.0,0.0,39,0.043363505002576956,54,22,32,0,0,0,0,0,0,0,0,1
1bxs,B,488,VAL,4.2,140.0,0.0,0,0,X,0.0,0.0,0.0,0.0,0.0,0.0,0.0,0.0,42,0.04942507021799094,46,24,22,0,0,0,0,0,0,0,0,1
1bxs,B,489,LYS,-3.9,168.6,1.0,2,0,X,0.0,0.0,0.0,0.0,0.0,0.0,0.0,0.0,43,0.05129016720734909,20,18,2,0,0,0,0,0,0,0,0,1
1bxs,B,490,THR,-0.7,116.1,0.0,1,1,X,0.0,0.0,0.0,0.0,0.0,0.0,0.0,0.0,42,0.04989134446533048,29,7,22,0,0,0,0,0,0,0,0,1
1bxs,B,491,VAL,4.2,140.0,0.0,0,0,X,0.0,0.0,0.0,0.0,0.0,0.0,0.0,0.0,37,0.04942507021799094,23,3,20,0,0,0,0,0,0,0,0,1
1bxs,B,492,THR,-0.7,116.1,0.0,1,1,X,0.0,0.0,0.0,0.0,0.0,0.0,0.0,0.0,36,0.05408781269138631,10,1,9,0,0,0,0,0,0,0,0,1
1bxs,B,493,ILE,4.5,166.7,0.0,0,0,X,0.0,0.0,0.0,0.0,0.0,0.0,0.0,0.0,29,0.05129016720734909,9,7,2,0,0,0,0,0,0,0,0,1
1bxs,B,494,LYS,-3.9,168.6,1.0,2,0,X,0.0,0.0,0.0,0.0,0.0,0.0,0.0,0.0,28,0.045228601991935104,2,11,-9,0,0,0,0,0,0,0,0,1
1bxs,B,495,ILE,4.5,166.7,0.0,0,0,X,0.0,0.0,0.0,0.0,0.0,0.0,0.0,0.0,27,0.043363505002576956,23,11,12,0,0,0,0,0,0,0,0,1
1bxs,B,496,SER,-0.8,89.0,0.0,1,1,X,0.0,0.0,0.0,0.0,0.0,0.0,0.0,0.0,19,0.02611135785101408,21,11,10,0,0,0,0,0,0,0,0,1
1bxs,B,497,GLN,-3.5,143.8,0.0,2,2,X,0.0,0.0,0.0,0.0,0.0,0.0,0.0,0.0,24,0.03170664881908853,17,6,11,0,0,0,0,0,0,0,0,1
1bxs,B,498,LYS,-3.9,168.6,1.0,2,0,X,0.0,0.0,0.0,0.0,0.0,0.0,0.0,0.0,32,0.043363505002576956,18,16,2,0,0,0,0,0,0,0,0,1
1bxs,B,499,ASN,-3.5,114.1,0.0,2,2,X,0.0,0.0,0.0,0.0,0.0,0.0,0.0,0.0,37,0.04149840801321881,31,10,21,0,0,0,0,0,0,0,0,1
1bxs,B,500,SER,-0.8,89.0,0.0,1,1,X,0.0,0.0,0.0,0.0,0.0,0.0,0.0,0.0,42,0.043363505002576956,40,17,23,0,0,0,0,0,0,0,0,1
1bxs,C,7,ASP,-3.5,111.1,-1.0,1,3,X,0.0,0.0,0.0,0.0,0.0,0.0,0.0,0.0,6,0.012589404678167503,0,0,0,0,0,0,0,0,0,0,0,1
1bxs,C,8,VAL,4.2,140.0,0.0,0,0,X,0.0,0.0,0.0,0.0,0.0,0.0,0.0,0.0,15,0.02797645484037223,6,8,-2,0,0,0,0,0,0,0,0,1
1bxs,C,9,PRO,-1.6,112.7,0.0,0,0,X,0.0,0.0,0.0,0.0,0.0,0.0,0.0,0.0,17,0.02331371236697686,9,8,1,0,0,0,0,0,0,0,0,1
1bxs,C,10,ALA,1.8,88.6,0.0,0,0,X,0.0,0.0,0.0,0.0,0.0,0.0,0.0,0.0,16,0.021914889624958248,0,2,-2,0,0,0,0,0,0,0,0,1
1bxs,C,11,PRO,-1.6,112.7,0.0,0,0,X,0.0,0.0,0.0,0.0,0.0,0.0,0.0,0.0,24,0.03590311704514436,1,0,1,0,0,0,0,0,0,0,0,1
1bxs,C,12,LEU,3.8,166.7,0.0,0,0,X,0.0,0.0,0.0,0.0,0.0,0.0,0.0,0.0,21,0.03357174580844668,2,2,0,0,0,0,0,0,0,0,0,1
1bxs,C,13,THR,-0.7,116.1,0.0,1,1,X,0.0,0.0,0.0,0.0,0.0,0.0,0.0,0.0,16,0.022847438119637322,0,1,-1,0,0,0,0,0,0,0,0,1
1bxs,C,14,ASN,-3.5,114.1,0.0,2,2,X,0.0,0.0,0.0,0.0,0.0,0.0,0.0,0.0,10,0.020516066882939634,0,0,0,0,0,0,0,0,0,0,0,1
1bxs,C,15,LEU,3.8,166.7,0.0,0,0,X,0.0,0.0,0.0,0.0,0.0,0.0,0.0,0.0,22,0.029375277582390842,4,1,3,0,0,0,0,0,0,0,0,1
1bxs,C,16,GLN,-3.5,143.8,0.0,2,2,X,0.0,0.0,0.0,0.0,0.0,0.0,0.0,0.0,13,0.02098234113027917,7,0,7,0,0,0,0,0,0,0,0,1
1bxs,C,17,PHE,2.8,189.9,0.0,0,0,X,0.0,0.0,0.0,0.0,0.0,0.0,0.0,0.0,23,0.030774100324409453,16,5,11,0,0,0,0,0,0,0,0,1
1bxs,C,18,LYS,-3.9,168.6,1.0,2,0,X,0.0,0.0,0.0,0.0,0.0,0.0,0.0,0.0,14,0.021914889624958248,17,0,17,0,0,0,0,0,0,0,0,1
1bxs,C,19,TYR,-1.3,193.6,0.0,1,1,X,0.0,0.0,0.0,0.0,0.0,0.0,0.0,0.0,27,0.04103213376587927,29,3,26,0,0,0,0,0,0,0,0,1
1bxs,C,20,THR,-0.7,116.1,0.0,1,1,X,0.0,0.0,0.0,0.0,0.0,0.0,0.0,0.0,30,0.04476232774459557,31,19,12,0,0,0,0,0,0,0,0,1
1bxs,C,21,LYS,-3.9,168.6,1.0,2,0,X,0.0,0.0,0.0,0.0,0.0,0.0,0.0,0.0,28,0.04755997322863279,24,23,1,0,0,0,0,0,0,0,0,1
1bxs,C,22,ILE,4.5,166.7,0.0,0,0,X,0.0,0.0,0.0,0.0,0.0,0.0,0.0,0.0,37,0.05595290968074446,29,33,-4,0,0,0,0,0,0,0,0,1
1bxs,C,23,PHE,2.8,189.9,0.0,0,0,X,0.0,0.0,0.0,0.0,0.0,0.0,0.0,0.0,37,0.053155264196707235,29,10,19,0,0,0,0,0,0,0,0,1
1bxs,C,24,ILE,4.5,166.7,0.0,0,0,X,0.0,0.0,0.0,0.0,0.0,0.0,0.0,0.0,33,0.05222271570202816,28,22,6,0,0,0,0,0,0,0,0,1
1bxs,C,25,ASN,-3.5,114.1,0.0,2,2,X,0.0,0.0,0.0,0.0,0.0,0.0,0.0,0.0,26,0.04103213376587927,27,9,18,0,0,0,0,0,0,0,0,1
1bxs,C,26,ASN,-3.5,114.1,0.0,2,2,X,0.0,0.0,0.0,0.0,0.0,0.0,0.0,0.0,26,0.04755997322863279,15,13,2,0,0,0,0,0,0,0,0,1
1bxs,C,27,GLU,-3.5,138.4,-1.0,1,3,X,0.0,0.0,0.0,0.0,0.0,0.0,0.0,0.0,18,0.03450429430312575,25,0,25,0,0,0,0,0,0,0,0,1
1bxs,C,28,TRP,-0.9,227.8,0.0,1,0,X,0.0,0.0,0.0,0.0,0.0,0.0,0.0,0.0,26,0.03963331102386066,37,15,22,0,0,0,0,0,0,0,0,1
1bxs,C,29,HIS,-3.2,153.2,0.1,2,1,X,0.0,0.0,0.0,0.0,0.0,0.0,0.0,0.0,22,0.03683566553982344,18,25,-7,0,0,0,0,0,0,0,0,1
1bxs,C,30,SER,-0.8,89.0,0.0,1,1,X,0.0,0.0,0.0,0.0,0.0,0.0,0.0,0.0,21,0.03683566553982344,35,22,13,0,0,0,0,0,0,0,0,1
1bxs,C,31,SER,-0.8,89.0,0.0,1,1,X,0.0,0.0,0.0,0.0,0.0,0.0,0.0,0.0,27,0.043363505002576956,42,41,1,0,0,0,0,0,0,0,0,1
1bxs,C,32,VAL,4.2,140.0,0.0,0,0,X,0.0,0.0,0.0,0.0,0.0,0.0,0.0,0.0,19,0.029375277582390842,27,38,-11,0,0,0,0,0,0,0,0,1
1bxs,C,33,SER,-0.8,89.0,0.0,1,1,X,0.0,0.0,0.0,0.0,0.0,0.0,0.0,0.0,17,0.02471253510899547,20,41,-21,0,0,0,0,0,0,0,0,1
1bxs,C,34,GLY,-0.4,60.1,0.0,0,0,X,0.0,0.0,0.0,0.0,0.0,0.0,0.0,0.0,17,0.027043906345693154,20,26,-6,0,0,0,0,0,0,0,0,1
1bxs,C,35,LYS,-3.9,168.6,1.0,2,0,X,0.0,0.0,0.0,0.0,0.0,0.0,0.0,0.0,20,0.02984155182973038,9,31,-22,0,0,0,0,0,0,0,0,1
1bxs,C,36,LYS,-3.9,168.6,1.0,2,0,X,0.0,0.0,0.0,0.0,0.0,0.0,0.0,0.0,22,0.03823448828184205,21,27,-6,0,0,0,0,0,0,0,0,1
1bxs,C,37,PHE,2.8,189.9,0.0,0,0,X,0.0,0.0,0.0,0.0,0.0,0.0,0.0,0.0,34,0.03730193978716297,25,37,-12,0,0,0,0,0,0,0,0,1
1bxs,C,38,PRO,-1.6,112.7,0.0,0,0,X,0.0,0.0,0.0,0.0,0.0,0.0,0.0,0.0,23,0.03590311704514436,18,28,-10,0,0,0,0,0,0,0,0,1
1bxs,C,39,VAL,4.2,140.0,0.0,0,0,X,0.0,0.0,0.0,0.0,0.0,0.0,0.0,0.0,32,0.048492521723311866,13,26,-13,0,0,0,0,0,0,0,0,1
1bxs,C,40,PHE,2.8,189.9,0.0,0,0,X,0.0,0.0,0.0,0.0,0.0,0.0,0.0,0.0,27,0.04429605349725603,10,33,-23,0,0,0,0,0,0,0,0,1
1bxs,C,41,ASN,-3.5,114.1,0.0,2,2,X,0.0,0.0,0.0,0.0,0.0,0.0,0.0,0.0,36,0.045694876239274644,12,23,-11,0,0,0,0,0,0,0,0,1
1bxs,C,42,PRO,-1.6,112.7,0.0,0,0,X,0.0,0.0,0.0,0.0,0.0,0.0,0.0,0.0,38,0.053621538444046775,17,27,-10,0,0,0,0,0,0,0,0,1
1bxs,C,43,ALA,1.8,88.6,0.0,0,0,X,0.0,0.0,0.0,0.0,0.0,0.0,0.0,0.0,34,0.05035761871267001,10,21,-11,0,0,0,0,0,0,0,0,1
1bxs,C,44,THR,-0.7,116.1,0.0,1,1,X,0.0,0.0,0.0,0.0,0.0,0.0,0.0,0.0,25,0.03357174580844668,10,18,-8,0,0,0,0,0,0,0,0,1
1bxs,C,45,GLU,-3.5,138.4,-1.0,1,3,X,0.0,0.0,0.0,0.0,0.0,0.0,0.0,0.0,19,0.03590311704514436,17,14,3,0,0,0,0,0,0,0,0,1
1bxs,C,46,GLU,-3.5,138.4,-1.0,1,3,X,0.0,0.0,0.0,0.0,0.0,0.0,0.0,0.0,18,0.030774100324409453,12,9,3,0,0,0,0,0,0,0,0,1
1bxs,C,47,LYS,-3.9,168.6,1.0,2,0,X,0.0,0.0,0.0,0.0,0.0,0.0,0.0,0.0,15,0.03403802005578621,0,23,-23,0,0,0,0,0,0,0,0,1
1bxs,C,48,LEU,3.8,166.7,0.0,0,0,X,0.0,0.0,0.0,0.0,0.0,0.0,0.0,0.0,29,0.03870076252918159,9,20,-11,0,0,0,0,0,0,0,0,1
1bxs,C,49,CYS,2.5,108.5,0.0,1,0,X,0.0,0.0,0.0,0.0,0.0,0.0,0.0,0.0,27,0.03310547156110714,22,17,5,0,0,0,0,0,0,0,0,1
1bxs,C,50,GLU,-3.5,138.4,-1.0,1,3,X,0.0,0.0,0.0,0.0,0.0,0.0,0.0,0.0,21,0.040099585271200194,23,14,9,0,0,0,0,0,0,0,0,1
1bxs,C,51,VAL,4.2,140.0,0.0,0,0,X,0.0,0.0,0.0,0.0,0.0,0.0,0.0,0.0,38,0.048026247475972325,29,32,-3,0,0,0,0,0,0,0,0,1
1bxs,C,52,GLU,-3.5,138.4,-1.0,1,3,X,0.0,0.0,0.0,0.0,0.0,0.0,0.0,0.0,30,0.05222271570202816,31,24,7,0,0,0,0,0,0,0,0,1
1bxs,C,53,GLU,-3.5,138.4,-1.0,1,3,X,0.0,0.0,0.0,0.0,0.0,0.0,0.0,0.0,27,0.05222271570202816,21,32,-11,0,0,0,0,0,0,0,0,1
1bxs,C,54,GLY,-0.4,60.1,0.0,0,0,X,0.0,0.0,0.0,0.0,0.0,0.0,0.0,0.0,41,0.05408781269138631,32,46,-14,0,0,0,0,0,0,0,0,1
1bxs,C,55,ASP,-3.5,111.1,-1.0,1,3,X,0.0,0.0,0.0,0.0,0.0,0.0,0.0,0.0,29,0.04149840801321881,20,35,-15,0,0,0,0,0,0,0,0,1
1bxs,C,56,LYS,-3.9,168.6,1.0,2,0,X,0.0,0.0,0.0,0.0,0.0,0.0,0.0,0.0,31,0.034970568550465285,15,35,-20,0,0,0,0,0,0,0,0,1
1bxs,C,57,GLU,-3.5,138.4,-1.0,1,3,X,0.0,0.0,0.0,0.0,0.0,0.0,0.0,0.0,22,0.02984155182973038,19,26,-7,0,0,0,0,0,0,0,0,1
1bxs,C,58,ASP,-3.5,111.1,-1.0,1,3,X,0.0,0.0,0.0,0.0,0.0,0.0,0.0,0.0,36,0.04476232774459557,30,38,-8,0,0,0,0,0,0,0,0,1
1bxs,C,59,VAL,4.2,140.0,0.0,0,0,X,0.0,0.0,0.0,0.0,0.0,0.0,0.0,0.0,39,0.04616115048661418,37,34,3,0,0,0,0,0,0,0,0,1
1bxs,C,60,ASP,-3.5,111.1,-1.0,1,3,X,0.0,0.0,0.0,0.0,0.0,0.0,0.0,0.0,24,0.034970568550465285,33,30,3,0,0,0,0,0,0,0,0,1
1bxs,C,61,LYS,-3.9,168.6,1.0,2,0,X,0.0,0.0,0.0,0.0,0.0,0.0,0.0,0.0,26,0.03683566553982344,26,29,-3,0,0,0,0,0,0,0,0,1
1bxs,C,62,ALA,1.8,88.6,0.0,0,0,X,0.0,0.0,0.0,0.0,0.0,0.0,0.0,0.0,40,0.05129016720734909,38,28,10,0,0,0,0,0,0,0,0,1
1bxs,C,63,VAL,4.2,140.0,0.0,0,0,X,0.0,0.0,0.0,0.0,0.0,0.0,0.0,0.0,38,0.048958795970651406,40,28,12,0,0,0,0,0,0,0,0,1
1bxs,C,64,LYS,-3.9,168.6,1.0,2,0,X,0.0,0.0,0.0,0.0,0.0,0.0,0.0,0.0,23,0.03730193978716297,24,23,1,0,0,0,0,0,0,0,0,1
1bxs,C,65,ALA,1.8,88.6,0.0,0,0,X,0.0,0.0,0.0,0.0,0.0,0.0,0.0,0.0,31,0.04243095650789788,30,9,21,0,0,0,0,0,0,0,0,1
1bxs,C,66,ALA,1.8,88.6,0.0,0,0,X,0.0,0.0,0.0,0.0,0.0,0.0,0.0,0.0,40,0.05502036118606539,25,13,12,0,0,0,0,0,0,0,0,1
1bxs,C,67,ARG,-4.5,173.4,1.0,5,0,X,0.0,0.0,0.0,0.0,0.0,0.0,0.0,0.0,31,0.045228601991935104,19,16,3,0,0,0,0,0,0,0,0,1
1bxs,C,68,GLN,-3.5,143.8,0.0,2,2,X,0.0,0.0,0.0,0.0,0.0,0.0,0.0,0.0,24,0.035436842797804825,21,1,20,0,0,0,0,0,0,0,0,1
1bxs,C,69,ALA,1.8,88.6,0.0,0,0,X,0.0,0.0,0.0,0.0,0.0,0.0,0.0,0.0,33,0.05175644145468863,26,0,26,0,0,0,0,0,0,0,0,1
1bxs,C,70,PHE,2.8,189.9,0.0,0,0,X,0.0,0.0,0.0,0.0,0.0,0.0,0.0,0.0,36,0.05502036118606539,23,18,5,0,0,0,0,0,0,0,0,1
1bxs,C,71,GLN,-3.5,143.8,0.0,2,2,X,0.0,0.0,0.0,0.0,0.0,0.0,0.0,0.0,26,0.03683566553982344,24,2,22,0,0,0,0,0,0,0,0,1
1bxs,C,72,ILE,4.5,166.7,0.0,0,0,X,0.0,0.0,0.0,0.0,0.0,0.0,0.0,0.0,30,0.03776821403450251,23,7,16,0,0,0,0,0,0,0,0,1
1bxs,C,73,GLY,-0.4,60.1,0.0,0,0,X,0.0,0.0,0.0,0.0,0.0,0.0,0.0,0.0,20,0.03310547156110714,18,1,17,0,0,0,0,0,0,0,0,1
1bxs,C,74,SER,-0.8,89.0,0.0,1,1,X,0.0,0.0,0.0,0.0,0.0,0.0,0.0,0.0,23,0.03450429430312575,15,0,15,0,0,0,0,0,0,0,0,1
1bxs,C,75,PRO,-1.6,112.7,0.0,0,0,X,0.0,0.0,0.0,0.0,0.0,0.0,0.0,0.0,26,0.028909003335051305,11,3,8,0,0,0,0,0,0,0,0,1
1bxs,C,76,TRP,-0.9,227.8,0.0,1,0,X,0.0,0.0,0.0,0.0,0.0,0.0,0.0,0.0,37,0.045228601991935104,22,12,10,0,0,0,0,0,0,0,0,1
1bxs,C,77,ARG,-4.5,173.4,1.0,5,0,X,0.0,0.0,0.0,0.0,0.0,0.0,0.0,0.0,34,0.05408781269138631,22,12,10,0,0,0,0,0,0,0,0,1
1bxs,C,78,THR,-0.7,116.1,0.0,1,1,X,0.0,0.0,0.0,0.0,0.0,0.0,0.0,0.0,26,0.04289723075523742,26,11,15,0,0,0,0,0,0,0,0,1
1bxs,C,79,MET,1.9,162.9,0.0,0,0,X,0.0,0.0,0.0,0.0,0.0,0.0,0.0,0.0,32,0.040565859518539735,30,23,7,0,0,0,0,0,0,0,0,1
1bxs,C,80,ASP,-3.5,111.1,-1.0,1,3,X,0.0,0.0,0.0,0.0,0.0,0.0,0.0,0.0,26,0.040565859518539735,31,25,6,0,0,0,0,0,0,0,0,1
1bxs,C,81,ALA,1.8,88.6,0.0,0,0,X,0.0,0.0,0.0,0.0,0.0,0.0,0.0,0.0,37,0.048492521723311866,32,33,-1,0,0,0,0,0,0,0,0,1
1bxs,C,82,SER,-0.8,89.0,0.0,1,1,X,0.0,0.0,0.0,0.0,0.0,0.0,0.0,0.0,33,0.04616115048661418,42,33,9,0,0,0,0,0,0,0,0,1
1bxs,C,83,GLU,-3.5,138.4,-1.0,1,3,X,0.0,0.0,0.0,0.0,0.0,0.0,0.0,0.0,26,0.03357174580844668,28,18,10,0,0,0,0,0,0,0,0,1
1bxs,C,84,ARG,-4.5,173.4,1.0,5,0,X,0.0,0.0,0.0,0.0,0.0,0.0,0.0,0.0,41,0.04989134446533048,15,26,-11,0,0,0,0,0,0,0,0,1
1bxs,C,85,GLY,-0.4,60.1,0.0,0,0,X,0.0,0.0,0.0,0.0,0.0,0.0,0.0,0.0,34,0.04942507021799094,41,22,19,0,0,0,0,0,0,0,0,1
1bxs,C,86,ARG,-4.5,173.4,1.0,5,0,X,0.0,0.0,0.0,0.0,0.0,0.0,0.0,0.0,29,0.03590311704514436,35,27,8,0,0,0,0,0,0,0,0,1
1bxs,C,87,LEU,3.8,166.7,0.0,0,0,X,0.0,0.0,0.0,0.0,0.0,0.0,0.0,0.0,30,0.04243095650789788,26,19,7,0,0,0,0,0,0,0,0,1
1bxs,C,88,LEU,3.8,166.7,0.0,0,0,X,0.0,0.0,0.0,0.0,0.0,0.0,0.0,0.0,45,0.048958795970651406,34,13,21,0,0,0,0,0,0,0,0,1
1bxs,C,89,ASN,-3.5,114.1,0.0,2,2,X,0.0,0.0,0.0,0.0,0.0,0.0,0.0,0.0,28,0.043363505002576956,45,19,26,0,0,0,0,0,0,0,0,1
1bxs,C,90,LYS,-3.9,168.6,1.0,2,0,X,0.0,0.0,0.0,0.0,0.0,0.0,0.0,0.0,24,0.03823448828184205,25,28,-3,0,0,0,0,0,0,0,0,1
1bxs,C,91,LEU,3.8,166.7,0.0,0,0,X,0.0,0.0,0.0,0.0,0.0,0.0,0.0,0.0,39,0.05129016720734909,35,28,7,0,0,0,0,0,0,0,0,1
1bxs,C,92,ALA,1.8,88.6,0.0,0,0,X,0.0,0.0,0.0,0.0,0.0,0.0,0.0,0.0,32,0.048026247475972325,41,22,19,0,0,0,0,0,0,0,0,1
1bxs,C,93,ASP,-3.5,111.1,-1.0,1,3,X,0.0,0.0,0.0,0.0,0.0,0.0,0.0,0.0,20,0.03963331102386066,34,18,16,0,0,0,0,0,0,0,0,1
1bxs,C,94,LEU,3.8,166.7,0.0,0,0,X,0.0,0.0,0.0,0.0,0.0,0.0,0.0,0.0,29,0.045228601991935104,38,34,4,0,0,0,0,0,0,0,0,1
1bxs,C,95,ILE,4.5,166.7,0.0,0,0,X,0.0,0.0,0.0,0.0,0.0,0.0,0.0,0.0,36,0.053621538444046775,43,28,15,0,0,0,0,0,0,0,0,1
1bxs,C,96,GLU,-3.5,138.4,-1.0,1,3,X,0.0,0.0,0.0,0.0,0.0,0.0,0.0,0.0,22,0.03870076252918159,36,16,20,0,0,0,0,0,0,0,0,1
1bxs,C,97,ARG,-4.5,173.4,1.0,5,0,X,0.0,0.0,0.0,0.0,0.0,0.0,0.0,0.0,18,0.030307826077069916,17,30,-13,0,0,0,0,0,0,0,0,1
1bxs,C,98,ASP,-3.5,111.1,-1.0,1,3,X,0.0,0.0,0.0,0.0,0.0,0.0,0.0,0.0,27,0.0363693912924839,29,15,14,0,0,0,0,0,0,0,0,1
1bxs,C,99,ARG,-4.5,173.4,1.0,5,0,X,0.0,0.0,0.0,0.0,0.0,0.0,0.0,0.0,31,0.043363505002576956,7,26,-19,0,0,0,0,0,0,0,0,1
1bxs,C,100,LEU,3.8,166.7,0.0,0,0,X,0.0,0.0,0.0,0.0,0.0,0.0,0.0,0.0,25,0.04476232774459557,17,14,3,0,0,0,0,0,0,0,0,1
1bxs,C,101,LEU,3.8,166.7,0.0,0,0,X,0.0,0.0,0.0,0.0,0.0,0.0,0.0,0.0,33,0.040099585271200194,26,16,10,0,0,0,0,0,0,0,0,1
1bxs,C,102,LEU,3.8,166.7,0.0,0,0,X,0.0,0.0,0.0,0.0,0.0,0.0,0.0,0.0,39,0.04755997322863279,24,26,-2,0,0,0,0,0,0,0,0,1
1bxs,C,103,ALA,1.8,88.6,0.0,0,0,X,0.0,0.0,0.0,0.0,0.0,0.0,0.0,0.0,37,0.05548663543340492,20,22,-2,0,0,0,0,0,0,0,0,1
1bxs,C,104,THR,-0.7,116.1,0.0,1,1,X,0.0,0.0,0.0,0.0,0.0,0.0,0.0,0.0,38,0.05175644145468863,13,11,2,0,0,0,0,0,0,0,0,1
1bxs,C,105,MET,1.9,162.9,0.0,0,0,X,0.0,0.0,0.0,0.0,0.0,0.0,0.0,0.0,41,0.04709369898129325,16,12,4,0,0,0,0,0,0,0,0,1
1bxs,C,106,GLU,-3.5,138.4,-1.0,1,3,X,0.0,0.0,0.0,0.0,0.0,0.0,0.0,0.0,45,0.053621538444046775,17,9,8,0,0,0,0,0,0,0,0,1
1bxs,C,107,ALA,1.8,88.6,0.0,0,0,X,0.0,0.0,0.0,0.0,0.0,0.0,0.0,0.0,45,0.050823892960009553,14,13,1,0,0,0,0,0,0,0,0,1
1bxs,C,108,MET,1.9,162.9,0.0,0,0,X,0.0,0.0,0.0,0.0,0.0,0.0,0.0,0.0,41,0.048492521723311866,9,18,-9,0,0,0,0,0,0,0,0,1
1bxs,C,109,ASN,-3.5,114.1,0.0,2,2,X,0.0,0.0,0.0,0.0,0.0,0.0,0.0,0.0,44,0.05129016720734909,13,16,-3,0,0,0,0,0,0,0,0,1
1bxs,C,110,GLY,-0.4,60.1,0.0,0,0,X,0.0,0.0,0.0,0.0,0.0,0.0,0.0,0.0,44,0.05408781269138631,18,17,1,0,0,0,0,0,0,0,0,1
1bxs,C,111,GLY,-0.4,60.1,0.0,0,0,X,0.0,0.0,0.0,0.0,0.0,0.0,0.0,0.0,44,0.05455408693872585,19,14,5,0,0,0,0,0,0,0,0,1
1bxs,C,112,LYS,-3.9,168.6,1.0,2,0,X,0.0,0.0,0.0,0.0,0.0,0.0,0.0,0.0,43,0.05035761871267001,10,16,-6,0,0,0,0,0,0,0,0,1
1bxs,C,113,LEU,3.8,166.7,0.0,0,0,X,0.0,0.0,0.0,0.0,0.0,0.0,0.0,0.0,38,0.048958795970651406,19,10,9,0,0,0,0,0,0,0,0,1
1bxs,C,114,PHE,2.8,189.9,0.0,0,0,X,0.0,0.0,0.0,0.0,0.0,0.0,0.0,0.0,33,0.048958795970651406,12,11,1,0,0,0,0,0,0,0,0,1
1bxs,C,115,SER,-0.8,89.0,0.0,1,1,X,0.0,0.0,0.0,0.0,0.0,0.0,0.0,0.0,28,0.03590311704514436,10,11,-1,0,0,0,0,0,0,0,0,1
1bxs,C,116,ASN,-3.5,114.1,0.0,2,2,X,0.0,0.0,0.0,0.0,0.0,0.0,0.0,0.0,26,0.03916703677652112,19,11,8,0,0,0,0,0,0,0,0,1
1bxs,C,117,ALA,1.8,88.6,0.0,0,0,X,0.0,0.0,0.0,0.0,0.0,0.0,0.0,0.0,38,0.050823892960009553,25,17,8,0,0,0,0,0,0,0,0,1
1bxs,C,118,TYR,-1.3,193.6,0.0,1,1,X,0.0,0.0,0.0,0.0,0.0,0.0,0.0,0.0,29,0.05129016720734909,12,20,-8,0,0,0,0,0,0,0,0,1
1bxs,C,119,LEU,3.8,166.7,0.0,0,0,X,0.0,0.0,0.0,0.0,0.0,0.0,0.0,0.0,20,0.03683566553982344,11,13,-2,0,0,0,0,0,0,0,0,1
1bxs,C,120,MET,1.9,162.9,0.0,0,0,X,0.0,0.0,0.0,0.0,0.0,0.0,0.0,0.0,23,0.034970568550465285,13,8,5,0,0,0,0,0,0,0,0,1
1bxs,C,121,ASP,-3.5,111.1,-1.0,1,3,X,0.0,0.0,0.0,0.0,0.0,0.0,0.0,0.0,34,0.045694876239274644,22,9,13,0,0,0,0,0,0,0,0,1
1bxs,C,122,LEU,3.8,166.7,0.0,0,0,X,0.0,0.0,0.0,0.0,0.0,0.0,0.0,0.0,38,0.05129016720734909,23,29,-6,0,0,0,0,0,0,0,0,1
1bxs,C,123,GLY,-0.4,60.1,0.0,0,0,X,0.0,0.0,0.0,0.0,0.0,0.0,0.0,0.0,27,0.035436842797804825,26,17,9,0,0,0,0,0,0,0,0,1
1bxs,C,124,GLY,-0.4,60.1,0.0,0,0,X,0.0,0.0,0.0,0.0,0.0,0.0,0.0,0.0,30,0.035436842797804825,22,10,12,0,0,0,0,0,0,0,0,1
1bxs,C,125,CYS,2.5,108.5,0.0,1,0,X,0.0,0.0,0.0,0.0,0.0,0.0,0.0,0.0,39,0.04429605349725603,26,18,8,0,0,0,0,0,0,0,0,1
1bxs,C,126,ILE,4.5,166.7,0.0,0,0,X,0.0,0.0,0.0,0.0,0.0,0.0,0.0,0.0,31,0.04616115048661418,34,20,14,0,0,0,0,0,0,0,0,1
1bxs,C,127,LYS,-3.9,168.6,1.0,2,0,X,0.0,0.0,0.0,0.0,0.0,0.0,0.0,0.0,33,0.03683566553982344,17,26,-9,0,0,0,0,0,0,0,0,1
1bxs,C,128,THR,-0.7,116.1,0.0,1,1,X,0.0,0.0,0.0,0.0,0.0,0.0,0.0,0.0,44,0.048958795970651406,25,6,19,0,0,0,0,0,0,0,0,1
1bxs,C,129,LEU,3.8,166.7,0.0,0,0,X,0.0,0.0,0.0,0.0,0.0,0.0,0.0,0.0,43,0.05175644145468863,30,8,22,0,0,0,0,0,0,0,0,1
1bxs,C,130,ARG,-4.5,173.4,1.0,5,0,X,0.0,0.0,0.0,0.0,0.0,0.0,0.0,0.0,31,0.04103213376587927,24,21,3,0,0,0,0,0,0,0,0,1
1bxs,C,131,TYR,-1.3,193.6,0.0,1,1,X,0.0,0.0,0.0,0.0,0.0,0.0,0.0,0.0,40,0.04662742473395372,27,19,8,0,0,0,0,0,0,0,0,1
1bxs,C,132,CYS,2.5,108.5,0.0,1,0,X,0.0,0.0,0.0,0.0,0.0,0.0,0.0,0.0,43,0.050823892960009553,32,6,26,0,0,0,0,0,0,0,0,1
1bxs,C,133,ALA,1.8,88.6,0.0,0,0,X,0.0,0.0,0.0,0.0,0.0,0.0,0.0,0.0,33,0.048492521723311866,46,15,31,0,0,0,0,0,0,0,0,1
1bxs,C,134,GLY,-0.4,60.1,0.0,0,0,X,0.0,0.0,0.0,0.0,0.0,0.0,0.0,0.0,25,0.05175644145468863,41,17,24,0,0,0,0,0,0,0,0,1
1bxs,C,135,TRP,-0.9,227.8,0.0,1,0,X,0.0,0.0,0.0,0.0,0.0,0.0,0.0,0.0,30,0.05129016720734909,24,25,-1,0,0,0,0,0,0,0,0,1
1bxs,C,136,ALA,1.8,88.6,0.0,0,0,X,0.0,0.0,0.0,0.0,0.0,0.0,0.0,0.0,39,0.0526889899493677,30,19,11,0,0,0,0,0,0,0,0,1
1bxs,C,137,ASP,-3.5,111.1,-1.0,1,3,X,0.0,0.0,0.0,0.0,0.0,0.0,0.0,0.0,34,0.04989134446533048,33,22,11,0,0,0,0,0,0,0,0,1
1bxs,C,138,LYS,-3.9,168.6,1.0,2,0,X,0.0,0.0,0.0,0.0,0.0,0.0,0.0,0.0,28,0.04755997322863279,4,19,-15,0,0,0,0,0,0,0,0,1
1bxs,C,139,ILE,4.5,166.7,0.0,0,0,X,0.0,0.0,0.0,0.0,0.0,0.0,0.0,0.0,39,0.04196468226055834,35,22,13,0,0,0,0,0,0,0,0,1
1bxs,C,140,GLN,-3.5,143.8,0.0,2,2,X,0.0,0.0,0.0,0.0,0.0,0.0,0.0,0.0,27,0.04196468226055834,36,19,17,0,0,0,0,0,0,0,0,1
1bxs,C,141,GLY,-0.4,60.1,0.0,0,0,X,0.0,0.0,0.0,0.0,0.0,0.0,0.0,0.0,23,0.045228601991935104,40,12,28,0,0,0,0,0,0,0,0,1
1bxs,C,142,ARG,-4.5,173.4,1.0,5,0,X,0.0,0.0,0.0,0.0,0.0,0.0,0.0,0.0,22,0.04755997322863279,14,12,2,0,0,0,0,0,0,0,0,1
1bxs,C,143,THR,-0.7,116.1,0.0,1,1,X,0.0,0.0,0.0,0.0,0.0,0.0,0.0,0.0,26,0.053155264196707235,38,3,35,0,0,0,0,0,0,0,0,1
1bxs,C,144,ILE,4.5,166.7,0.0,0,0,X,0.0,0.0,0.0,0.0,0.0,0.0,0.0,0.0,35,0.04476232774459557,27,18,9,0,0,0,0,0,0,0,0,1
1bxs,C,145,PRO,-1.6,112.7,0.0,0,0,X,0.0,0.0,0.0,0.0,0.0,0.0,0.0,0.0,37,0.045228601991935104,30,25,5,0,0,0,0,0,0,0,0,1
1bxs,C,146,MET,1.9,162.9,0.0,0,0,X,0.0,0.0,0.0,0.0,0.0,0.0,0.0,0.0,35,0.048492521723311866,8,24,-16,0,0,0,0,0,0,0,0,1
1bxs,C,147,ASP,-3.5,111.1,-1.0,1,3,X,0.0,0.0,0.0,0.0,0.0,0.0,0.0,0.0,26,0.03870076252918159,14,22,-8,0,0,0,0,0,0,0,0,1
1bxs,C,148,GLY,-0.4,60.1,0.0,0,0,X,0.0,0.0,0.0,0.0,0.0,0.0,0.0,0.0,29,0.029375277582390842,18,18,0,0,0,0,0,0,0,0,0,1
1bxs,C,149,ASN,-3.5,114.1,0.0,2,2,X,0.0,0.0,0.0,0.0,0.0,0.0,0.0,0.0,24,0.03683566553982344,20,15,5,0,0,0,0,0,0,0,0,1
1bxs,C,150,PHE,2.8,189.9,0.0,0,0,X,0.0,0.0,0.0,0.0,0.0,0.0,0.0,0.0,32,0.048492521723311866,18,11,7,0,0,0,0,0,0,0,0,1
1bxs,C,151,PHE,2.8,189.9,0.0,0,0,X,0.0,0.0,0.0,0.0,0.0,0.0,0.0,0.0,33,0.04616115048661418,24,3,21,0,0,0,0,0,0,0,0,1
1bxs,C,152,THR,-0.7,116.1,0.0,1,1,X,0.0,0.0,0.0,0.0,0.0,0.0,0.0,0.0,34,0.04662742473395372,19,4,15,0,0,0,0,0,0,0,0,1
1bxs,C,153,TYR,-1.3,193.6,0.0,1,1,X,0.0,0.0,0.0,0.0,0.0,0.0,0.0,0.0,29,0.0526889899493677,30,1,29,0,0,0,0,0,0,0,0,1
1bxs,C,154,THR,-0.7,116.1,0.0,1,1,X,0.0,0.0,0.0,0.0,0.0,0.0,0.0,0.0,29,0.05175644145468863,43,12,31,0,0,0,0,0,0,0,0,1
1bxs,C,155,ARG,-4.5,173.4,1.0,5,0,X,0.0,0.0,0.0,0.0,0.0,0.0,0.0,0.0,36,0.048492521723311866,22,15,7,0,0,0,0,0,0,0,0,1
1bxs,C,156,SER,-0.8,89.0,0.0,1,1,X,0.0,0.0,0.0,0.0,0.0,0.0,0.0,0.0,35,0.04616115048661418,51,19,32,0,0,0,0,0,0,0,0,1
1bxs,C,157,GLU,-3.5,138.4,-1.0,1,3,X,0.0,0.0,0.0,0.0,0.0,0.0,0.0,0.0,37,0.048492521723311866,34,9,25,0,0,0,0,0,0,0,0,1
1bxs,C,158,PRO,-1.6,112.7,0.0,0,0,X,0.0,0.0,0.0,0.0,0.0,0.0,0.0,0.0,36,0.048026247475972325,35,24,11,0,0,0,0,0,0,0,0,1
1bxs,C,159,VAL,4.2,140.0,0.0,0,0,X,0.0,0.0,0.0,0.0,0.0,0.0,0.0,0.0,37,0.04989134446533048,40,31,9,0,0,0,0,0,0,0,0,1
1bxs,C,160,GLY,-0.4,60.1,0.0,0,0,X,0.0,0.0,0.0,0.0,0.0,0.0,0.0,0.0,41,0.043829779249916496,36,32,4,0,0,0,0,0,0,0,0,1
1bxs,C,161,VAL,4.2,140.0,0.0,0,0,X,0.0,0.0,0.0,0.0,0.0,0.0,0.0,0.0,41,0.053621538444046775,41,16,25,0,0,0,0,0,0,0,0,1
1bxs,C,162,CYS,2.5,108.5,0.0,1,0,X,0.0,0.0,0.0,0.0,0.0,0.0,0.0,0.0,44,0.05222271570202816,35,12,23,0,0,0,0,0,0,0,0,1
1bxs,C,163,GLY,-0.4,60.1,0.0,0,0,X,0.0,0.0,0.0,0.0,0.0,0.0,0.0,0.0,45,0.048958795970651406,42,9,33,0,0,0,0,0,0,0,0,1
1bxs,C,164,GLN,-3.5,143.8,0.0,2,2,X,0.0,0.0,0.0,0.0,0.0,0.0,0.0,0.0,39,0.04989134446533048,25,3,22,0,0,0,0,0,0,0,0,1
1bxs,C,165,ILE,4.5,166.7,0.0,0,0,X,0.0,0.0,0.0,0.0,0.0,0.0,0.0,0.0,41,0.04755997322863279,17,4,13,0,0,0,0,0,0,0,0,1
1bxs,C,166,ILE,4.5,166.7,0.0,0,0,X,0.0,0.0,0.0,0.0,0.0,0.0,0.0,0.0,40,0.048026247475972325,17,10,7,0,0,0,0,0,0,0,0,1
1bxs,C,167,PRO,-1.6,112.7,0.0,0,0,X,0.0,0.0,0.0,0.0,0.0,0.0,0.0,0.0,35,0.04616115048661418,16,12,4,0,0,0,0,0,0,0,0,1
1bxs,C,168,TRP,-0.9,227.8,0.0,1,0,X,0.0,0.0,0.0,0.0,0.0,0.0,0.0,0.0,35,0.04476232774459557,11,21,-10,0,0,0,0,0,0,0,0,1
1bxs,C,169,ASN,-3.5,114.1,0.0,2,2,X,0.0,0.0,0.0,0.0,0.0,0.0,0.0,0.0,33,0.04709369898129325,17,10,7,0,0,0,0,0,0,0,0,1
1bxs,C,170,PHE,2.8,189.9,0.0,0,0,X,0.0,0.0,0.0,0.0,0.0,0.0,0.0,0.0,30,0.04196468226055834,18,16,2,0,0,0,0,0,0,0,0,1
1bxs,C,171,PRO,-1.6,112.7,0.0,0,0,X,0.0,0.0,0.0,0.0,0.0,0.0,0.0,0.0,39,0.05408781269138631,14,17,-3,0,0,0,0,0,0,0,0,1
1bxs,C,172,LEU,3.8,166.7,0.0,0,0,X,0.0,0.0,0.0,0.0,0.0,0.0,0.0,0.0,44,0.048492521723311866,12,18,-6,0,0,0,0,0,0,0,0,1
1bxs,C,173,LEU,3.8,166.7,0.0,0,0,X,0.0,0.0,0.0,0.0,0.0,0.0,0.0,0.0,35,0.048026247475972325,14,16,-2,0,0,0,0,0,0,0,0,1
1bxs,C,174,MET,1.9,162.9,0.0,0,0,X,0.0,0.0,0.0,0.0,0.0,0.0,0.0,0.0,39,0.04755997322863279,12,18,-6,0,0,0,0,0,0,0,0,1
1bxs,C,175,PHE,2.8,189.9,0.0,0,0,X,0.0,0.0,0.0,0.0,0.0,0.0,0.0,0.0,44,0.048026247475972325,17,3,14,0,0,0,0,0,0,0,0,1
1bxs,C,176,LEU,3.8,166.7,0.0,0,0,X,0.0,0.0,0.0,0.0,0.0,0.0,0.0,0.0,41,0.04942507021799094,13,4,9,0,0,0,0,0,0,0,0,1
1bxs,C,177,TRP,-0.9,227.8,0.0,1,0,X,0.0,0.0,0.0,0.0,0.0,0.0,0.0,0.0,41,0.05035761871267001,13,15,-2,0,0,0,0,0,0,0,0,1
1bxs,C,178,LYS,-3.9,168.6,1.0,2,0,X,0.0,0.0,0.0,0.0,0.0,0.0,0.0,0.0,38,0.04989134446533048,9,16,-7,0,0,0,0,0,0,0,0,1
1bxs,C,179,ILE,4.5,166.7,0.0,0,0,X,0.0,0.0,0.0,0.0,0.0,0.0,0.0,0.0,45,0.04662742473395372,9,1,8,0,0,0,0,0,0,0,0,1
1bxs,C,180,GLY,-0.4,60.1,0.0,0,0,X,0.0,0.0,0.0,0.0,0.0,0.0,0.0,0.0,45,0.04662742473395372,19,2,17,0,0,0,0,0,0,0,0,1
1bxs,C,181,PRO,-1.6,112.7,0.0,0,0,X,0.0,0.0,0.0,0.0,0.0,0.0,0.0,0.0,44,0.05035761871267001,20,17,3,0,0,0,0,0,0,0,0,1
1bxs,C,182,ALA,1.8,88.6,0.0,0,0,X,0.0,0.0,0.0,0.0,0.0,0.0,0.0,0.0,47,0.05408781269138631,22,8,14,0,0,0,0,0,0,0,0,1
1bxs,C,183,LEU,3.8,166.7,0.0,0,0,X,0.0,0.0,0.0,0.0,0.0,0.0,0.0,0.0,44,0.053155264196707235,16,2,14,0,0,0,0,0,0,0,0,1
1bxs,C,184,SER,-0.8,89.0,0.0,1,1,X,0.0,0.0,0.0,0.0,0.0,0.0,0.0,0.0,47,0.05408781269138631,23,12,11,0,0,0,0,0,0,0,0,1
1bxs,C,185,CYS,2.5,108.5,0.0,1,0,X,0.0,0.0,0.0,0.0,0.0,0.0,0.0,0.0,43,0.05129016720734909,24,17,7,0,0,0,0,0,0,0,0,1
1bxs,C,186,GLY,-0.4,60.1,0.0,0,0,X,0.0,0.0,0.0,0.0,0.0,0.0,0.0,0.0,44,0.05035761871267001,22,9,13,0,0,0,0,0,0,0,0,1
1bxs,C,187,ASN,-3.5,114.1,0.0,2,2,X,0.0,0.0,0.0,0.0,0.0,0.0,0.0,0.0,39,0.058284280917442144,28,16,12,0,0,0,0,0,0,0,0,1
1bxs,C,188,THR,-0.7,116.1,0.0,1,1,X,0.0,0.0,0.0,0.0,0.0,0.0,0.0,0.0,46,0.05408781269138631,28,8,20,0,0,0,0,0,0,0,0,1
1bxs,C,189,VAL,4.2,140.0,0.0,0,0,X,0.0,0.0,0.0,0.0,0.0,0.0,0.0,0.0,46,0.053155264196707235,19,1,18,0,0,0,0,0,0,0,0,1
1bxs,C,190,VAL,4.2,140.0,0.0,0,0,X,0.0,0.0,0.0,0.0,0.0,0.0,0.0,0.0,51,0.05222271570202816,27,9,18,0,0,0,0,0,0,0,0,1
1bxs,C,191,VAL,4.2,140.0,0.0,0,0,X,0.0,0.0,0.0,0.0,0.0,0.0,0.0,0.0,44,0.05175644145468863,17,0,17,0,0,0,0,0,0,0,0,1
1bxs,C,192,LYS,-3.9,168.6,1.0,2,0,X,0.0,0.0,0.0,0.0,0.0,0.0,0.0,0.0,43,0.04755997322863279,1,14,-13,0,0,0,0,0,0,0,0,1
1bxs,C,193,PRO,-1.6,112.7,0.0,0,0,X,0.0,0.0,0.0,0.0,0.0,0.0,0.0,0.0,41,0.05129016720734909,11,10,1,0,0,0,0,0,0,0,0,1
1bxs,C,194,ALA,1.8,88.6,0.0,0,0,X,0.0,0.0,0.0,0.0,0.0,0.0,0.0,0.0,39,0.04755997322863279,9,10,-1,0,0,0,0,0,0,0,0,1
1bxs,C,195,GLU,-3.5,138.4,-1.0,1,3,X,0.0,0.0,0.0,0.0,0.0,0.0,0.0,0.0,32,0.04289723075523742,8,14,-6,0,0,0,0,0,0,0,0,1
1bxs,C,196,GLN,-3.5,143.8,0.0,2,2,X,0.0,0.0,0.0,0.0,0.0,0.0,0.0,0.0,32,0.04429605349725603,5,22,-17,0,0,0,0,0,0,0,0,1
1bxs,C,197,THR,-0.7,116.1,0.0,1,1,X,0.0,0.0,0.0,0.0,0.0,0.0,0.0,0.0,41,0.048492521723311866,9,19,-10,0,0,0,0,0,0,0,0,1
1bxs,C,198,PRO,-1.6,112.7,0.0,0,0,X,0.0,0.0,0.0,0.0,0.0,0.0,0.0,0.0,42,0.04662742473395372,16,22,-6,0,0,0,0,0,0,0,0,1
1bxs,C,199,LEU,3.8,166.7,0.0,0,0,X,0.0,0.0,0.0,0.0,0.0,0.0,0.0,0.0,42,0.043829779249916496,19,17,2,0,0,0,0,0,0,0,0,1
1bxs,C,200,THR,-0.7,116.1,0.0,1,1,X,0.0,0.0,0.0,0.0,0.0,0.0,0.0,0.0,45,0.05035761871267001,12,11,1,0,0,0,0,0,0,0,0,1
1bxs,C,201,ALA,1.8,88.6,0.0,0,0,X,0.0,0.0,0.0,0.0,0.0,0.0,0.0,0.0,41,0.045228601991935104,17,6,11,0,0,0,0,0,0,0,0,1
1bxs,C,202,LEU,3.8,166.7,0.0,0,0,X,0.0,0.0,0.0,0.0,0.0,0.0,0.0,0.0,43,0.05548663543340492,25,9,16,0,0,0,0,0,0,0,0,1
1bxs,C,203,HIS,-3.2,153.2,0.1,2,1,X,0.0,0.0,0.0,0.0,0.0,0.0,0.0,0.0,35,0.045228601991935104,14,13,1,0,0,0,0,0,0,0,0,1
1bxs,C,204,MET,1.9,162.9,0.0,0,0,X,0.0,0.0,0.0,0.0,0.0,0.0,0.0,0.0,38,0.04989134446533048,15,11,4,0,0,0,0,0,0,0,0,1
1bxs,C,205,GLY,-0.4,60.1,0.0,0,0,X,0.0,0.0,0.0,0.0,0.0,0.0,0.0,0.0,38,0.05502036118606539,22,13,9,0,0,0,0,0,0,0,0,1
1bxs,C,206,SER,-0.8,89.0,0.0,1,1,X,0.0,0.0,0.0,0.0,0.0,0.0,0.0,0.0,30,0.045228601991935104,31,17,14,0,0,0,0,0,0,0,0,1
1bxs,C,207,LEU,3.8,166.7,0.0,0,0,X,0.0,0.0,0.0,0.0,0.0,0.0,0.0,0.0,37,0.048492521723311866,34,23,11,0,0,0,0,0,0,0,0,1
1bxs,C,208,ILE,4.5,166.7,0.0,0,0,X,0.0,0.0,0.0,0.0,0.0,0.0,0.0,0.0,39,0.048958795970651406,21,10,11,0,0,0,0,0,0,0,0,1
1bxs,C,209,LYS,-3.9,168.6,1.0,2,0,X,0.0,0.0,0.0,0.0,0.0,0.0,0.0,0.0,24,0.040099585271200194,2,18,-16,0,0,0,0,0,0,0,0,1
1bxs,C,210,GLU,-3.5,138.4,-1.0,1,3,X,0.0,0.0,0.0,0.0,0.0,0.0,0.0,0.0,22,0.030774100324409453,29,7,22,0,0,0,0,0,0,0,0,1
1bxs,C,211,ALA,1.8,88.6,0.0,0,0,X,0.0,0.0,0.0,0.0,0.0,0.0,0.0,0.0,29,0.040565859518539735,25,19,6,0,0,0,0,0,0,0,0,1
1bxs,C,212,GLY,-0.4,60.1,0.0,0,0,X,0.0,0.0,0.0,0.0,0.0,0.0,0.0,0.0,27,0.02984155182973038,24,16,8,0,0,0,0,0,0,0,0,1
1bxs,C,213,PHE,2.8,189.9,0.0,0,0,X,0.0,0.0,0.0,0.0,0.0,0.0,0.0,0.0,37,0.040099585271200194,24,13,11,0,0,0,0,0,0,0,0,1
1bxs,C,214,PRO,-1.6,112.7,0.0,0,0,X,0.0,0.0,0.0,0.0,0.0,0.0,0.0,0.0,30,0.03730193978716297,13,3,10,0,0,0,0,0,0,0,0,1
1bxs,C,215,PRO,-1.6,112.7,0.0,0,0,X,0.0,0.0,0.0,0.0,0.0,0.0,0.0,0.0,25,0.03730193978716297,10,9,1,0,0,0,0,0,0,0,0,1
1bxs,C,216,GLY,-0.4,60.1,0.0,0,0,X,0.0,0.0,0.0,0.0,0.0,0.0,0.0,0.0,36,0.05129016720734909,14,4,10,0,0,0,0,0,0,0,0,1
1bxs,C,217,VAL,4.2,140.0,0.0,0,0,X,0.0,0.0,0.0,0.0,0.0,0.0,0.0,0.0,45,0.05175644145468863,10,0,10,0,0,0,0,0,0,0,0,1
1bxs,C,218,VAL,4.2,140.0,0.0,0,0,X,0.0,0.0,0.0,0.0,0.0,0.0,0.0,0.0,43,0.05455408693872585,7,2,5,0,0,0,0,0,0,0,0,1
1bxs,C,219,ASN,-3.5,114.1,0.0,2,2,X,0.0,0.0,0.0,0.0,0.0,0.0,0.0,0.0,47,0.05129016720734909,19,8,11,0,0,0,0,0,0,0,0,1
1bxs,C,220,ILE,4.5,166.7,0.0,0,0,X,0.0,0.0,0.0,0.0,0.0,0.0,0.0,0.0,45,0.0526889899493677,21,7,14,0,0,0,0,0,0,0,0,1
1bxs,C,221,VAL,4.2,140.0,0.0,0,0,X,0.0,0.0,0.0,0.0,0.0,0.0,0.0,0.0,48,0.05222271570202816,29,32,-3,0,0,0,0,0,0,0,0,1
1bxs,C,222,PRO,-1.6,112.7,0.0,0,0,X,0.0,0.0,0.0,0.0,0.0,0.0,0.0,0.0,47,0.053155264196707235,21,41,-20,0,0,0,0,0,0,0,0,1
1bxs,C,223,GLY,-0.4,60.1,0.0,0,0,X,0.0,0.0,0.0,0.0,0.0,0.0,0.0,0.0,39,0.05455408693872585,16,34,-18,0,0,0,0,0,0,0,0,1
1bxs,C,224,TYR,-1.3,193.6,0.0,1,1,X,0.0,0.0,0.0,0.0,0.0,0.0,0.0,0.0,26,0.04243095650789788,14,27,-13,0,0,0,0,0,0,0,0,1
1bxs,C,225,GLY,-0.4,60.1,0.0,0,0,X,0.0,0.0,0.0,0.0,0.0,0.0,0.0,0.0,28,0.03310547156110714,10,19,-9,0,0,0,0,0,0,0,0,1
1bxs,C,226,PRO,-1.6,112.7,0.0,0,0,X,0.0,0.0,0.0,0.0,0.0,0.0,0.0,0.0,20,0.021914889624958248,6,13,-7,0,0,0,0,0,0,0,0,1
1bxs,C,227,THR,-0.7,116.1,0.0,1,1,X,0.0,0.0,0.0,0.0,0.0,0.0,0.0,0.0,24,0.03170664881908853,12,28,-16,0,0,0,0,0,0,0,0,1
1bxs,C,228,ALA,1.8,88.6,0.0,0,0,X,0.0,0.0,0.0,0.0,0.0,0.0,0.0,0.0,37,0.04942507021799094,18,38,-20,0,0,0,0,0,0,0,0,1
1bxs,C,229,GLY,-0.4,60.1,0.0,0,0,X,0.0,0.0,0.0,0.0,0.0,0.0,0.0,0.0,38,0.04196468226055834,21,10,11,0,0,0,0,0,0,0,0,1
1bxs,C,230,ALA,1.8,88.6,0.0,0,0,X,0.0,0.0,0.0,0.0,0.0,0.0,0.0,0.0,29,0.034970568550465285,20,10,10,0,0,0,0,0,0,0,0,1
1bxs,C,231,ALA,1.8,88.6,0.0,0,0,X,0.0,0.0,0.0,0.0,0.0,0.0,0.0,0.0,34,0.03963331102386066,23,26,-3,0,0,0,0,0,0,0,0,1
1bxs,C,232,ILE,4.5,166.7,0.0,0,0,X,0.0,0.0,0.0,0.0,0.0,0.0,0.0,0.0,44,0.04476232774459557,33,17,16,0,0,0,0,0,0,0,0,1
1bxs,C,233,SER,-0.8,89.0,0.0,1,1,X,0.0,0.0,0.0,0.0,0.0,0.0,0.0,0.0,44,0.04662742473395372,41,9,32,0,0,0,0,0,0,0,0,1
1bxs,C,234,SER,-0.8,89.0,0.0,1,1,X,0.0,0.0,0.0,0.0,0.0,0.0,0.0,0.0,30,0.04289723075523742,32,11,21,0,0,0,0,0,0,0,0,1
1bxs,C,235,HIS,-3.2,153.2,0.1,2,1,X,0.0,0.0,0.0,0.0,0.0,0.0,0.0,0.0,33,0.03916703677652112,26,24,2,0,0,0,0,0,0,0,0,1
1bxs,C,236,MET,1.9,162.9,0.0,0,0,X,0.0,0.0,0.0,0.0,0.0,0.0,0.0,0.0,23,0.03357174580844668,30,16,14,0,0,0,0,0,0,0,0,1
1bxs,C,237,ASP,-3.5,111.1,-1.0,1,3,X,0.0,0.0,0.0,0.0,0.0,0.0,0.0,0.0,33,0.0363693912924839,46,15,31,0,0,0,0,0,0,0,0,1
1bxs,C,238,VAL,4.2,140.0,0.0,0,0,X,0.0,0.0,0.0,0.0,0.0,0.0,0.0,0.0,39,0.04942507021799094,49,17,32,0,0,0,0,0,0,0,0,1
1bxs,C,239,ASP,-3.5,111.1,-1.0,1,3,X,0.0,0.0,0.0,0.0,0.0,0.0,0.0,0.0,37,0.048026247475972325,55,16,39,0,0,0,0,0,0,0,0,1
1bxs,C,240,LYS,-3.9,168.6,1.0,2,0,X,0.0,0.0,0.0,0.0,0.0,0.0,0.0,0.0,39,0.050823892960009553,27,24,3,0,0,0,0,0,0,0,0,1
1bxs,C,241,VAL,4.2,140.0,0.0,0,0,X,0.0,0.0,0.0,0.0,0.0,0.0,0.0,0.0,43,0.05222271570202816,43,8,35,0,0,0,0,0,0,0,0,1
1bxs,C,242,ALA,1.8,88.6,0.0,0,0,X,0.0,0.0,0.0,0.0,0.0,0.0,0.0,0.0,41,0.04942507021799094,35,19,16,0,0,0,0,0,0,0,0,1
1bxs,C,243,PHE,2.8,189.9,0.0,0,0,X,0.0,0.0,0.0,0.0,0.0,0.0,0.0,0.0,36,0.048026247475972325,17,17,0,0,0,0,0,0,0,0,0,1
1bxs,C,244,THR,-0.7,116.1,0.0,1,1,X,0.0,0.0,0.0,0.0,0.0,0.0,0.0,0.0,40,0.04243095650789788,9,14,-5,0,0,0,0,0,0,0,0,1
1bxs,C,245,GLY,-0.4,60.1,0.0,0,0,X,0.0,0.0,0.0,0.0,0.0,0.0,0.0,0.0,36,0.040099585271200194,4,20,-16,0,0,0,0,0,0,0,0,1
1bxs,C,246,SER,-0.8,89.0,0.0,1,1,X,0.0,0.0,0.0,0.0,0.0,0.0,0.0,0.0,30,0.034970568550465285,9,21,-12,0,0,0,0,0,0,0,0,1
1bxs,C,247,THR,-0.7,116.1,0.0,1,1,X,0.0,0.0,0.0,0.0,0.0,0.0,0.0,0.0,28,0.04196468226055834,12,20,-8,0,0,0,0,0,0,0,0,1
1bxs,C,248,GLU,-3.5,138.4,-1.0,1,3,X,0.0,0.0,0.0,0.0,0.0,0.0,0.0,0.0,19,0.028909003335051305,11,4,7,0,0,0,0,0,0,0,0,1
1bxs,C,249,VAL,4.2,140.0,0.0,0,0,X,0.0,0.0,0.0,0.0,0.0,0.0,0.0,0.0,26,0.032639197313767604,12,19,-7,0,0,0,0,0,0,0,0,1
1bxs,C,250,GLY,-0.4,60.1,0.0,0,0,X,0.0,0.0,0.0,0.0,0.0,0.0,0.0,0.0,33,0.04989134446533048,22,24,-2,0,0,0,0,0,0,0,0,1
1bxs,C,251,LYS,-3.9,168.6,1.0,2,0,X,0.0,0.0,0.0,0.0,0.0,0.0,0.0,0.0,24,0.04709369898129325,20,23,-3,0,0,0,0,0,0,0,0,1
1bxs,C,252,LEU,3.8,166.7,0.0,0,0,X,0.0,0.0,0.0,0.0,0.0,0.0,0.0,0.0,26,0.03403802005578621,31,21,10,0,0,0,0,0,0,0,0,1
1bxs,C,253,ILE,4.5,166.7,0.0,0,0,X,0.0,0.0,0.0,0.0,0.0,0.0,0.0,0.0,40,0.045694876239274644,35,14,21,0,0,0,0,0,0,0,0,1
1bxs,C,254,LYS,-3.9,168.6,1.0,2,0,X,0.0,0.0,0.0,0.0,0.0,0.0,0.0,0.0,27,0.05222271570202816,46,18,28,0,0,0,0,0,0,0,0,1
1bxs,C,255,GLU,-3.5,138.4,-1.0,1,3,X,0.0,0.0,0.0,0.0,0.0,0.0,0.0,0.0,18,0.048958795970651406,48,2,46,0,0,0,0,0,0,0,0,1
1bxs,C,256,ALA,1.8,88.6,0.0,0,0,X,0.0,0.0,0.0,0.0,0.0,0.0,0.0,0.0,27,0.04429605349725603,57,18,39,0,0,0,0,0,0,0,0,1
1bxs,C,257,ALA,1.8,88.6,0.0,0,0,X,0.0,0.0,0.0,0.0,0.0,0.0,0.0,0.0,30,0.053621538444046775,65,21,44,0,0,0,0,0,0,0,0,1
1bxs,C,258,GLY,-0.4,60.1,0.0,0,0,X,0.0,0.0,0.0,0.0,0.0,0.0,0.0,0.0,27,0.05129016720734909,56,22,34,0,0,0,0,0,0,0,0,1
1bxs,C,259,LYS,-3.9,168.6,1.0,2,0,X,0.0,0.0,0.0,0.0,0.0,0.0,0.0,0.0,19,0.034970568550465285,27,19,8,0,0,0,0,0,0,0,0,1
1bxs,C,260,SER,-0.8,89.0,0.0,1,1,X,0.0,0.0,0.0,0.0,0.0,0.0,0.0,0.0,27,0.03823448828184205,43,14,29,0,0,0,0,0,0,0,0,1
1bxs,C,261,ASN,-3.5,114.1,0.0,2,2,X,0.0,0.0,0.0,0.0,0.0,0.0,0.0,0.0,35,0.04662742473395372,62,17,45,0,0,0,0,0,0,0,0,1
1bxs,C,262,LEU,3.8,166.7,0.0,0,0,X,0.0,0.0,0.0,0.0,0.0,0.0,0.0,0.0,40,0.05129016720734909,58,21,37,0,0,0,0,0,0,0,0,1
1bxs,C,263,LYS,-3.9,168.6,1.0,2,0,X,0.0,0.0,0.0,0.0,0.0,0.0,0.0,0.0,40,0.048958795970651406,50,18,32,0,0,0,0,0,0,0,0,1
1bxs,C,264,ARG,-4.5,173.4,1.0,5,0,X,0.0,0.0,0.0,0.0,0.0,0.0,0.0,0.0,36,0.04149840801321881,35,22,13,0,0,0,0,0,0,0,0,1
1bxs,C,265,VAL,4.2,140.0,0.0,0,0,X,0.0,0.0,0.0,0.0,0.0,0.0,0.0,0.0,31,0.043363505002576956,55,15,40,0,0,0,0,0,0,0,0,1
1bxs,C,266,SER,-0.8,89.0,0.0,1,1,X,0.0,0.0,0.0,0.0,0.0,0.0,0.0,0.0,34,0.04289723075523742,41,27,14,0,0,0,0,0,0,0,0,1
1bxs,C,267,LEU,3.8,166.7,0.0,0,0,X,0.0,0.0,0.0,0.0,0.0,0.0,0.0,0.0,41,0.04755997322863279,41,18,23,0,0,0,0,0,0,0,0,1
1bxs,C,268,GLU,-3.5,138.4,-1.0,1,3,X,0.0,0.0,0.0,0.0,0.0,0.0,0.0,0.0,42,0.05035761871267001,17,10,7,0,0,0,0,0,0,0,0,1
1bxs,C,269,LEU,3.8,166.7,0.0,0,0,X,0.0,0.0,0.0,0.0,0.0,0.0,0.0,0.0,44,0.04709369898129325,13,20,-7,0,0,0,0,0,0,0,0,1
1bxs,C,270,GLY,-0.4,60.1,0.0,0,0,X,0.0,0.0,0.0,0.0,0.0,0.0,0.0,0.0,41,0.04289723075523742,11,21,-10,0,0,0,0,0,0,0,0,1
1bxs,C,271,GLY,-0.4,60.1,0.0,0,0,X,0.0,0.0,0.0,0.0,0.0,0.0,0.0,0.0,40,0.04989134446533048,23,17,6,0,0,0,0,0,0,0,0,1
1bxs,C,272,LYS,-3.9,168.6,1.0,2,0,X,0.0,0.0,0.0,0.0,0.0,0.0,0.0,0.0,42,0.0526889899493677,23,16,7,0,0,0,0,0,0,0,0,1
1bxs,C,273,SER,-0.8,89.0,0.0,1,1,X,0.0,0.0,0.0,0.0,0.0,0.0,0.0,0.0,46,0.053155264196707235,22,8,14,0,0,0,0,0,0,0,0,1
1bxs,C,274,PRO,-1.6,112.7,0.0,0,0,X,0.0,0.0,0.0,0.0,0.0,0.0,0.0,0.0,44,0.05222271570202816,25,0,25,0,0,0,0,0,0,0,0,1
1bxs,C,275,CYS,2.5,108.5,0.0,1,0,X,0.0,0.0,0.0,0.0,0.0,0.0,0.0,0.0,44,0.05035761871267001,15,1,14,0,0,0,0,0,0,0,0,1
1bxs,C,276,ILE,4.5,166.7,0.0,0,0,X,0.0,0.0,0.0,0.0,0.0,0.0,0.0,0.0,46,0.05129016720734909,18,10,8,0,0,0,0,0,0,0,0,1
1bxs,C,277,VAL,4.2,140.0,0.0,0,0,X,0.0,0.0,0.0,0.0,0.0,0.0,0.0,0.0,37,0.05688545817542354,7,26,-19,0,0,0,0,0,0,0,0,1
1bxs,C,278,PHE,2.8,189.9,0.0,0,0,X,0.0,0.0,0.0,0.0,0.0,0.0,0.0,0.0,35,0.04709369898129325,13,30,-17,0,0,0,0,0,0,0,0,1
1bxs,C,279,ALA,1.8,88.6,0.0,0,0,X,0.0,0.0,0.0,0.0,0.0,0.0,0.0,0.0,24,0.03683566553982344,5,32,-27,0,0,0,0,0,0,0,0,1
1bxs,C,280,ASP,-3.5,111.1,-1.0,1,3,X,0.0,0.0,0.0,0.0,0.0,0.0,0.0,0.0,21,0.030774100324409453,8,22,-14,0,0,0,0,0,0,0,0,1
1bxs,C,281,ALA,1.8,88.6,0.0,0,0,X,0.0,0.0,0.0,0.0,0.0,0.0,0.0,0.0,26,0.04103213376587927,4,36,-32,0,0,0,0,0,0,0,0,1
1bxs,C,282,ASP,-3.5,111.1,-1.0,1,3,X,0.0,0.0,0.0,0.0,0.0,0.0,0.0,0.0,23,0.03403802005578621,8,19,-11,0,0,0,0,0,0,0,0,1
1bxs,C,283,LEU,3.8,166.7,0.0,0,0,X,0.0,0.0,0.0,0.0,0.0,0.0,0.0,0.0,25,0.03776821403450251,9,34,-25,0,0,0,0,0,0,0,0,1
1bxs,C,284,ASP,-3.5,111.1,-1.0,1,3,X,0.0,0.0,0.0,0.0,0.0,0.0,0.0,0.0,15,0.02984155182973038,12,22,-10,0,0,0,0,0,0,0,0,1
1bxs,C,285,ASN,-3.5,114.1,0.0,2,2,X,0.0,0.0,0.0,0.0,0.0,0.0,0.0,0.0,22,0.03870076252918159,12,25,-13,0,0,0,0,0,0,0,0,1
1bxs,C,286,ALA,1.8,88.6,0.0,0,0,X,0.0,0.0,0.0,0.0,0.0,0.0,0.0,0.0,34,0.048958795970651406,15,26,-11,0,0,0,0,0,0,0,0,1
1bxs,C,287,VAL,4.2,140.0,0.0,0,0,X,0.0,0.0,0.0,0.0,0.0,0.0,0.0,0.0,32,0.048958795970651406,36,34,2,0,0,0,0,0,0,0,0,1
1bxs,C,288,GLU,-3.5,138.4,-1.0,1,3,X,0.0,0.0,0.0,0.0,0.0,0.0,0.0,0.0,26,0.03870076252918159,28,10,18,0,0,0,0,0,0,0,0,1
1bxs,C,289,PHE,2.8,189.9,0.0,0,0,X,0.0,0.0,0.0,0.0,0.0,0.0,0.0,0.0,30,0.04429605349725603,17,18,-1,0,0,0,0,0,0,0,0,1
1bxs,C,290,ALA,1.8,88.6,0.0,0,0,X,0.0,0.0,0.0,0.0,0.0,0.0,0.0,0.0,43,0.04989134446533048,23,12,11,0,0,0,0,0,0,0,0,1
1bxs,C,291,HIS,-3.2,153.2,0.1,2,1,X,0.0,0.0,0.0,0.0,0.0,0.0,0.0,0.0,36,0.048958795970651406,25,14,11,0,0,0,0,0,0,0,0,1
1bxs,C,292,GLN,-3.5,143.8,0.0,2,2,X,0.0,0.0,0.0,0.0,0.0,0.0,0.0,0.0,27,0.04243095650789788,24,9,15,0,0,0,0,0,0,0,0,1
1bxs,C,293,GLY,-0.4,60.1,0.0,0,0,X,0.0,0.0,0.0,0.0,0.0,0.0,0.0,0.0,40,0.04755997322863279,19,8,11,0,0,0,0,0,0,0,0,1
1bxs,C,294,VAL,4.2,140.0,0.0,0,0,X,0.0,0.0,0.0,0.0,0.0,0.0,0.0,0.0,39,0.050823892960009553,21,2,19,0,0,0,0,0,0,0,0,1
1bxs,C,295,PHE,2.8,189.9,0.0,0,0,X,0.0,0.0,0.0,0.0,0.0,0.0,0.0,0.0,39,0.05035761871267001,28,3,25,0,0,0,0,0,0,0,0,1
1bxs,C,296,TYR,-1.3,193.6,0.0,1,1,X,0.0,0.0,0.0,0.0,0.0,0.0,0.0,0.0,31,0.04103213376587927,24,6,18,0,0,0,0,0,0,0,0,1
1bxs,C,297,HIS,-3.2,153.2,0.1,2,1,X,0.0,0.0,0.0,0.0,0.0,0.0,0.0,0.0,35,0.04662742473395372,9,6,3,0,0,0,0,0,0,0,0,1
1bxs,C,298,GLN,-3.5,143.8,0.0,2,2,X,0.0,0.0,0.0,0.0,0.0,0.0,0.0,0.0,40,0.045694876239274644,19,0,19,0,0,0,0,0,0,0,0,1
1bxs,C,299,GLY,-0.4,60.1,0.0,0,0,X,0.0,0.0,0.0,0.0,0.0,0.0,0.0,0.0,36,0.05035761871267001,12,8,4,0,0,0,0,0,0,0,0,1
1bxs,C,300,GLN,-3.5,143.8,0.0,2,2,X,0.0,0.0,0.0,0.0,0.0,0.0,0.0,0.0,34,0.05035761871267001,17,6,11,0,0,0,0,0,0,0,0,1
1bxs,C,301,CYS,2.5,108.5,0.0,1,0,X,0.0,0.0,0.0,0.0,0.0,0.0,0.0,0.0,40,0.045228601991935104,12,7,5,0,0,0,0,0,0,0,0,1
1bxs,C,302,CYS,2.5,108.5,0.0,1,0,X,0.0,0.0,0.0,0.0,0.0,0.0,0.0,0.0,41,0.03823448828184205,7,15,-8,0,0,0,0,0,0,0,0,1
1bxs,C,303,ILE,4.5,166.7,0.0,0,0,X,0.0,0.0,0.0,0.0,0.0,0.0,0.0,0.0,42,0.043829779249916496,5,5,0,0,0,0,0,0,0,0,0,1
1bxs,C,304,ALA,1.8,88.6,0.0,0,0,X,0.0,0.0,0.0,0.0,0.0,0.0,0.0,0.0,45,0.04942507021799094,22,11,11,0,0,0,0,0,0,0,0,1
1bxs,C,305,ALA,1.8,88.6,0.0,0,0,X,0.0,0.0,0.0,0.0,0.0,0.0,0.0,0.0,44,0.05455408693872585,24,3,21,0,0,0,0,0,0,0,0,1
1bxs,C,306,SER,-0.8,89.0,0.0,1,1,X,0.0,0.0,0.0,0.0,0.0,0.0,0.0,0.0,42,0.053155264196707235,28,14,14,0,0,0,0,0,0,0,0,1
1bxs,C,307,ARG,-4.5,173.4,1.0,5,0,X,0.0,0.0,0.0,0.0,0.0,0.0,0.0,0.0,47,0.05175644145468863,30,14,16,0,0,0,0,0,0,0,0,1
1bxs,C,308,LEU,3.8,166.7,0.0,0,0,X,0.0,0.0,0.0,0.0,0.0,0.0,0.0,0.0,44,0.050823892960009553,22,3,19,0,0,0,0,0,0,0,0,1
1bxs,C,309,PHE,2.8,189.9,0.0,0,0,X,0.0,0.0,0.0,0.0,0.0,0.0,0.0,0.0,40,0.050823892960009553,35,19,16,0,0,0,0,0,0,0,0,1
1bxs,C,310,VAL,4.2,140.0,0.0,0,0,X,0.0,0.0,0.0,0.0,0.0,0.0,0.0,0.0,35,0.05735173242276307,19,32,-13,0,0,0,0,0,0,0,0,1
1bxs,C,311,GLU,-3.5,138.4,-1.0,1,3,X,0.0,0.0,0.0,0.0,0.0,0.0,0.0,0.0,28,0.048492521723311866,18,18,0,0,0,0,0,0,0,0,0,1
1bxs,C,312,GLU,-3.5,138.4,-1.0,1,3,X,0.0,0.0,0.0,0.0,0.0,0.0,0.0,0.0,19,0.03963331102386066,15,19,-4,0,0,0,0,0,0,0,0,1
1bxs,C,313,SER,-0.8,89.0,0.0,1,1,X,0.0,0.0,0.0,0.0,0.0,0.0,0.0,0.0,18,0.026577632098353617,13,36,-23,0,0,0,0,0,0,0,0,1
1bxs,C,314,ILE,4.5,166.7,0.0,0,0,X,0.0,0.0,0.0,0.0,0.0,0.0,0.0,0.0,27,0.03870076252918159,18,44,-26,0,0,0,0,0,0,0,0,1
1bxs,C,315,TYR,-1.3,193.6,0.0,1,1,X,0.0,0.0,0.0,0.0,0.0,0.0,0.0,0.0,27,0.04429605349725603,24,42,-18,0,0,0,0,0,0,0,0,1
1bxs,C,316,ASP,-3.5,111.1,-1.0,1,3,X,0.0,0.0,0.0,0.0,0.0,0.0,0.0,0.0,20,0.034970568550465285,24,30,-6,0,0,0,0,0,0,0,0,1
1bxs,C,317,GLU,-3.5,138.4,-1.0,1,3,X,0.0,0.0,0.0,0.0,0.0,0.0,0.0,0.0,18,0.034970568550465285,22,16,6,0,0,0,0,0,0,0,0,1
1bxs,C,318,PHE,2.8,189.9,0.0,0,0,X,0.0,0.0,0.0,0.0,0.0,0.0,0.0,0.0,40,0.04709369898129325,27,37,-10,0,0,0,0,0,0,0,0,1
1bxs,C,319,VAL,4.2,140.0,0.0,0,0,X,0.0,0.0,0.0,0.0,0.0,0.0,0.0,0.0,28,0.04709369898129325,29,38,-9,0,0,0,0,0,0,0,0,1
1bxs,C,320,ARG,-4.5,173.4,1.0,5,0,X,0.0,0.0,0.0,0.0,0.0,0.0,0.0,0.0,16,0.03403802005578621,13,29,-16,0,0,0,0,0,0,0,0,1
1bxs,C,321,ARG,-4.5,173.4,1.0,5,0,X,0.0,0.0,0.0,0.0,0.0,0.0,0.0,0.0,22,0.03823448828184205,21,36,-15,0,0,0,0,0,0,0,0,1
1bxs,C,322,SER,-0.8,89.0,0.0,1,1,X,0.0,0.0,0.0,0.0,0.0,0.0,0.0,0.0,38,0.04662742473395372,49,35,14,0,0,0,0,0,0,0,0,1
1bxs,C,323,VAL,4.2,140.0,0.0,0,0,X,0.0,0.0,0.0,0.0,0.0,0.0,0.0,0.0,28,0.04289723075523742,45,22,23,0,0,0,0,0,0,0,0,1
1bxs,C,324,GLU,-3.5,138.4,-1.0,1,3,X,0.0,0.0,0.0,0.0,0.0,0.0,0.0,0.0,18,0.030774100324409453,49,3,46,0,0,0,0,0,0,0,0,1
1bxs,C,325,ARG,-4.5,173.4,1.0,5,0,X,0.0,0.0,0.0,0.0,0.0,0.0,0.0,0.0,26,0.040565859518539735,35,19,16,0,0,0,0,0,0,0,0,1
1bxs,C,326,ALA,1.8,88.6,0.0,0,0,X,0.0,0.0,0.0,0.0,0.0,0.0,0.0,0.0,31,0.04709369898129325,46,15,31,0,0,0,0,0,0,0,0,1
1bxs,C,327,LYS,-3.9,168.6,1.0,2,0,X,0.0,0.0,0.0,0.0,0.0,0.0,0.0,0.0,21,0.03357174580844668,27,13,14,0,0,0,0,0,0,0,0,1
1bxs,C,328,LYS,-3.9,168.6,1.0,2,0,X,0.0,0.0,0.0,0.0,0.0,0.0,0.0,0.0,16,0.02844272908771177,28,12,16,0,0,0,0,0,0,0,0,1
1bxs,C,329,TYR,-1.3,193.6,0.0,1,1,X,0.0,0.0,0.0,0.0,0.0,0.0,0.0,0.0,28,0.03310547156110714,35,3,32,0,0,0,0,0,0,0,0,1
1bxs,C,330,VAL,4.2,140.0,0.0,0,0,X,0.0,0.0,0.0,0.0,0.0,0.0,0.0,0.0,20,0.03170664881908853,9,0,9,0,0,0,0,0,0,0,0,1
1bxs,C,331,LEU,3.8,166.7,0.0,0,0,X,0.0,0.0,0.0,0.0,0.0,0.0,0.0,0.0,30,0.040099585271200194,6,0,6,0,0,0,0,0,0,0,0,1
1bxs,C,332,GLY,-0.4,60.1,0.0,0,0,X,0.0,0.0,0.0,0.0,0.0,0.0,0.0,0.0,31,0.04103213376587927,9,0,9,0,0,0,0,0,0,0,0,1
1bxs,C,333,ASN,-3.5,114.1,0.0,2,2,X,0.0,0.0,0.0,0.0,0.0,0.0,0.0,0.0,31,0.040099585271200194,7,3,4,0,0,0,0,0,0,0,0,1
1bxs,C,334,PRO,-1.6,112.7,0.0,0,0,X,0.0,0.0,0.0,0.0,0.0,0.0,0.0,0.0,37,0.04755997322863279,10,3,7,0,0,0,0,0,0,0,0,1
1bxs,C,335,LEU,3.8,166.7,0.0,0,0,X,0.0,0.0,0.0,0.0,0.0,0.0,0.0,0.0,34,0.04289723075523742,6,5,1,0,0,0,0,0,0,0,0,1
1bxs,C,336,THR,-0.7,116.1,0.0,1,1,X,0.0,0.0,0.0,0.0,0.0,0.0,0.0,0.0,21,0.027043906345693154,1,0,1,0,0,0,0,0,0,0,0,1
1bxs,C,337,PRO,-1.6,112.7,0.0,0,0,X,0.0,0.0,0.0,0.0,0.0,0.0,0.0,0.0,16,0.018650969893581486,0,0,0,0,0,0,0,0,0,0,0,1
1bxs,C,338,GLY,-0.4,60.1,0.0,0,0,X,0.0,0.0,0.0,0.0,0.0,0.0,0.0,0.0,17,0.01818469564624195,2,0,2,0,0,0,0,0,0,0,0,1
1bxs,C,339,VAL,4.2,140.0,0.0,0,0,X,0.0,0.0,0.0,0.0,0.0,0.0,0.0,0.0,25,0.0363693912924839,4,0,4,0,0,0,0,0,0,0,0,1
1bxs,C,340,SER,-0.8,89.0,0.0,1,1,X,0.0,0.0,0.0,0.0,0.0,0.0,0.0,0.0,30,0.03357174580844668,17,0,17,0,0,0,0,0,0,0,0,1
1bxs,C,341,GLN,-3.5,143.8,0.0,2,2,X,0.0,0.0,0.0,0.0,0.0,0.0,0.0,0.0,34,0.04476232774459557,17,0,17,0,0,0,0,0,0,0,0,1
1bxs,C,342,GLY,-0.4,60.1,0.0,0,0,X,0.0,0.0,0.0,0.0,0.0,0.0,0.0,0.0,40,0.053621538444046775,17,0,17,0,0,0,0,0,0,0,0,1
1bxs,C,343,PRO,-1.6,112.7,0.0,0,0,X,0.0,0.0,0.0,0.0,0.0,0.0,0.0,0.0,42,0.05455408693872585,20,8,12,0,0,0,0,0,0,0,0,1
1bxs,C,344,GLN,-3.5,143.8,0.0,2,2,X,0.0,0.0,0.0,0.0,0.0,0.0,0.0,0.0,39,0.06061565215413983,20,15,5,0,0,0,0,0,0,0,0,1
1bxs,C,345,ILE,4.5,166.7,0.0,0,0,X,0.0,0.0,0.0,0.0,0.0,0.0,0.0,0.0,37,0.05175644145468863,16,22,-6,0,0,0,0,0,0,0,0,1
1bxs,C,346,ASP,-3.5,111.1,-1.0,1,3,X,0.0,0.0,0.0,0.0,0.0,0.0,0.0,0.0,28,0.04243095650789788,13,26,-13,0,0,0,0,0,0,0,0,1
1bxs,C,347,LYS,-3.9,168.6,1.0,2,0,X,0.0,0.0,0.0,0.0,0.0,0.0,0.0,0.0,16,0.035436842797804825,4,31,-27,0,0,0,0,0,0,0,0,1
1bxs,C,348,GLU,-3.5,138.4,-1.0,1,3,X,0.0,0.0,0.0,0.0,0.0,0.0,0.0,0.0,16,0.02984155182973038,18,18,0,0,0,0,0,0,0,0,0,1
1bxs,C,349,GLN,-3.5,143.8,0.0,2,2,X,0.0,0.0,0.0,0.0,0.0,0.0,0.0,0.0,26,0.04709369898129325,15,32,-17,0,0,0,0,0,0,0,0,1
1bxs,C,350,TYR,-1.3,193.6,0.0,1,1,X,0.0,0.0,0.0,0.0,0.0,0.0,0.0,0.0,29,0.05222271570202816,16,27,-11,0,0,0,0,0,0,0,0,1
1bxs,C,351,GLU,-3.5,138.4,-1.0,1,3,X,0.0,0.0,0.0,0.0,0.0,0.0,0.0,0.0,15,0.03683566553982344,17,24,-7,0,0,0,0,0,0,0,0,1
1bxs,C,352,LYS,-3.9,168.6,1.0,2,0,X,0.0,0.0,0.0,0.0,0.0,0.0,0.0,0.0,26,0.040099585271200194,9,47,-38,0,0,0,0,0,0,0,0,1
1bxs,C,353,ILE,4.5,166.7,0.0,0,0,X,0.0,0.0,0.0,0.0,0.0,0.0,0.0,0.0,38,0.05035761871267001,15,34,-19,0,0,0,0,0,0,0,0,1
1bxs,C,354,LEU,3.8,166.7,0.0,0,0,X,0.0,0.0,0.0,0.0,0.0,0.0,0.0,0.0,32,0.04289723075523742,14,29,-15,0,0,0,0,0,0,0,0,1
1bxs,C,355,ASP,-3.5,111.1,-1.0,1,3,X,0.0,0.0,0.0,0.0,0.0,0.0,0.0,0.0,20,0.03450429430312575,30,24,6,0,0,0,0,0,0,0,0,1
1bxs,C,356,LEU,3.8,166.7,0.0,0,0,X,0.0,0.0,0.0,0.0,0.0,0.0,0.0,0.0,30,0.04755997322863279,35,41,-6,0,0,0,0,0,0,0,0,1
1bxs,C,357,ILE,4.5,166.7,0.0,0,0,X,0.0,0.0,0.0,0.0,0.0,0.0,0.0,0.0,35,0.04616115048661418,29,22,7,0,0,0,0,0,0,0,0,1
1bxs,C,358,GLU,-3.5,138.4,-1.0,1,3,X,0.0,0.0,0.0,0.0,0.0,0.0,0.0,0.0,22,0.03590311704514436,27,17,10,0,0,0,0,0,0,0,0,1
1bxs,C,359,SER,-0.8,89.0,0.0,1,1,X,0.0,0.0,0.0,0.0,0.0,0.0,0.0,0.0,24,0.043829779249916496,31,33,-2,0,0,0,0,0,0,0,0,1
1bxs,C,360,GLY,-0.4,60.1,0.0,0,0,X,0.0,0.0,0.0,0.0,0.0,0.0,0.0,0.0,32,0.0526889899493677,33,30,3,0,0,0,0,0,0,0,0,1
1bxs,C,361,LYS,-3.9,168.6,1.0,2,0,X,0.0,0.0,0.0,0.0,0.0,0.0,0.0,0.0,25,0.03730193978716297,14,22,-8,0,0,0,0,0,0,0,0,1
1bxs,C,362,LYS,-3.9,168.6,1.0,2,0,X,0.0,0.0,0.0,0.0,0.0,0.0,0.0,0.0,14,0.026577632098353617,15,23,-8,0,0,0,0,0,0,0,0,1
1bxs,C,363,GLU,-3.5,138.4,-1.0,1,3,X,0.0,0.0,0.0,0.0,0.0,0.0,0.0,0.0,22,0.025645083603674543,28,21,7,0,0,0,0,0,0,0,0,1
1bxs,C,364,GLY,-0.4,60.1,0.0,0,0,X,0.0,0.0,0.0,0.0,0.0,0.0,0.0,0.0,19,0.02331371236697686,23,22,1,0,0,0,0,0,0,0,0,1
1bxs,C,365,ALA,1.8,88.6,0.0,0,0,X,0.0,0.0,0.0,0.0,0.0,0.0,0.0,0.0,29,0.043363505002576956,25,29,-4,0,0,0,0,0,0,0,0,1
1bxs,C,366,LYS,-3.9,168.6,1.0,2,0,X,0.0,0.0,0.0,0.0,0.0,0.0,0.0,0.0,22,0.03590311704514436,6,20,-14,0,0,0,0,0,0,0,0,1
1bxs,C,367,LEU,3.8,166.7,0.0,0,0,X,0.0,0.0,0.0,0.0,0.0,0.0,0.0,0.0,26,0.03870076252918159,19,14,5,0,0,0,0,0,0,0,0,1
1bxs,C,368,GLU,-3.5,138.4,-1.0,1,3,X,0.0,0.0,0.0,0.0,0.0,0.0,0.0,0.0,26,0.034970568550465285,21,10,11,0,0,0,0,0,0,0,0,1
1bxs,C,369,CYS,2.5,108.5,0.0,1,0,X,0.0,0.0,0.0,0.0,0.0,0.0,0.0,0.0,29,0.03870076252918159,21,13,8,0,0,0,0,0,0,0,0,1
1bxs,C,370,GLY,-0.4,60.1,0.0,0,0,X,0.0,0.0,0.0,0.0,0.0,0.0,0.0,0.0,25,0.03170664881908853,14,8,6,0,0,0,0,0,0,0,0,1
1bxs,C,371,GLY,-0.4,60.1,0.0,0,0,X,0.0,0.0,0.0,0.0,0.0,0.0,0.0,0.0,27,0.04149840801321881,9,16,-7,0,0,0,0,0,0,0,0,1
1bxs,C,372,GLY,-0.4,60.1,0.0,0,0,X,0.0,0.0,0.0,0.0,0.0,0.0,0.0,0.0,27,0.03357174580844668,4,6,-2,0,0,0,0,0,0,0,0,1
1bxs,C,373,PRO,-1.6,112.7,0.0,0,0,X,0.0,0.0,0.0,0.0,0.0,0.0,0.0,0.0,24,0.03357174580844668,1,3,-2,0,0,0,0,0,0,0,0,1
1bxs,C,374,TRP,-0.9,227.8,0.0,1,0,X,0.0,0.0,0.0,0.0,0.0,0.0,0.0,0.0,22,0.03450429430312575,5,0,5,0,0,0,0,0,0,0,0,1
1bxs,C,375,GLY,-0.4,60.1,0.0,0,0,X,0.0,0.0,0.0,0.0,0.0,0.0,0.0,0.0,16,0.027510180593032695,5,2,3,0,0,0,0,0,0,0,0,1
1bxs,C,376,ASN,-3.5,114.1,0.0,2,2,X,0.0,0.0,0.0,0.0,0.0,0.0,0.0,0.0,11,0.017718421398902413,5,5,0,0,0,0,0,0,0,0,0,1
1bxs,C,377,LYS,-3.9,168.6,1.0,2,0,X,0.0,0.0,0.0,0.0,0.0,0.0,0.0,0.0,17,0.027043906345693154,0,12,-12,0,0,0,0,0,0,0,0,1
1bxs,C,378,GLY,-0.4,60.1,0.0,0,0,X,0.0,0.0,0.0,0.0,0.0,0.0,0.0,0.0,26,0.040565859518539735,13,15,-2,0,0,0,0,0,0,0,0,1
1bxs,C,379,TYR,-1.3,193.6,0.0,1,1,X,0.0,0.0,0.0,0.0,0.0,0.0,0.0,0.0,30,0.05175644145468863,14,29,-15,0,0,0,0,0,0,0,0,1
1bxs,C,380,PHE,2.8,189.9,0.0,0,0,X,0.0,0.0,0.0,0.0,0.0,0.0,0.0,0.0,34,0.053621538444046775,5,7,-2,0,0,0,0,0,0,0,0,1
1bxs,C,381,ILE,4.5,166.7,0.0,0,0,X,0.0,0.0,0.0,0.0,0.0,0.0,0.0,0.0,37,0.053621538444046775,2,5,-3,0,0,0,0,0,0,0,0,1
1bxs,C,382,GLN,-3.5,143.8,0.0,2,2,X,0.0,0.0,0.0,0.0,0.0,0.0,0.0,0.0,29,0.04243095650789788,4,2,2,0,0,0,0,0,0,0,0,1
1bxs,C,383,PRO,-1.6,112.7,0.0,0,0,X,0.0,0.0,0.0,0.0,0.0,0.0,0.0,0.0,39,0.045694876239274644,22,7,15,0,0,0,0,0,0,0,0,1
1bxs,C,384,THR,-0.7,116.1,0.0,1,1,X,0.0,0.0,0.0,0.0,0.0,0.0,0.0,0.0,38,0.05035761871267001,10,8,2,0,0,0,0,0,0,0,0,1
1bxs,C,385,VAL,4.2,140.0,0.0,0,0,X,0.0,0.0,0.0,0.0,0.0,0.0,0.0,0.0,39,0.05455408693872585,25,13,12,0,0,0,0,0,0,0,0,1
1bxs,C,386,PHE,2.8,189.9,0.0,0,0,X,0.0,0.0,0.0,0.0,0.0,0.0,0.0,0.0,39,0.053155264196707235,18,26,-8,0,0,0,0,0,0,0,0,1
1bxs,C,387,SER,-0.8,89.0,0.0,1,1,X,0.0,0.0,0.0,0.0,0.0,0.0,0.0,0.0,29,0.04709369898129325,15,23,-8,0,0,0,0,0,0,0,0,1
1bxs,C,388,ASP,-3.5,111.1,-1.0,1,3,X,0.0,0.0,0.0,0.0,0.0,0.0,0.0,0.0,26,0.03730193978716297,19,14,5,0,0,0,0,0,0,0,0,1
1bxs,C,389,VAL,4.2,140.0,0.0,0,0,X,0.0,0.0,0.0,0.0,0.0,0.0,0.0,0.0,34,0.04755997322863279,34,32,2,0,0,0,0,0,0,0,0,1
1bxs,C,390,THR,-0.7,116.1,0.0,1,1,X,0.0,0.0,0.0,0.0,0.0,0.0,0.0,0.0,24,0.03357174580844668,26,33,-7,0,0,0,0,0,0,0,0,1
1bxs,C,391,ASP,-3.5,111.1,-1.0,1,3,X,0.0,0.0,0.0,0.0,0.0,0.0,0.0,0.0,27,0.0363693912924839,41,14,27,0,0,0,0,0,0,0,0,1
1bxs,C,392,ASP,-3.5,111.1,-1.0,1,3,X,0.0,0.0,0.0,0.0,0.0,0.0,0.0,0.0,17,0.02611135785101408,18,20,-2,0,0,0,0,0,0,0,0,1
1bxs,C,393,MET,1.9,162.9,0.0,0,0,X,0.0,0.0,0.0,0.0,0.0,0.0,0.0,0.0,30,0.03870076252918159,32,37,-5,0,0,0,0,0,0,0,0,1
1bxs,C,394,ARG,-4.5,173.4,1.0,5,0,X,0.0,0.0,0.0,0.0,0.0,0.0,0.0,0.0,25,0.03916703677652112,24,41,-17,0,0,0,0,0,0,0,0,1
1bxs,C,395,ILE,4.5,166.7,0.0,0,0,X,0.0,0.0,0.0,0.0,0.0,0.0,0.0,0.0,40,0.05222271570202816,38,42,-4,0,0,0,0,0,0,0,0,1
1bxs,C,396,ALA,1.8,88.6,0.0,0,0,X,0.0,0.0,0.0,0.0,0.0,0.0,0.0,0.0,36,0.04709369898129325,40,37,3,0,0,0,0,0,0,0,0,1
1bxs,C,397,LYS,-3.9,168.6,1.0,2,0,X,0.0,0.0,0.0,0.0,0.0,0.0,0.0,0.0,25,0.03916703677652112,28,33,-5,0,0,0,0,0,0,0,0,1
1bxs,C,398,GLU,-3.5,138.4,-1.0,1,3,X,0.0,0.0,0.0,0.0,0.0,0.0,0.0,0.0,26,0.03823448828184205,37,20,17,0,0,0,0,0,0,0,0,1
1bxs,C,399,GLU,-3.5,138.4,-1.0,1,3,X,0.0,0.0,0.0,0.0,0.0,0.0,0.0,0.0,37,0.040099585271200194,25,10,15,0,0,0,0,0,0,0,0,1
1bxs,C,400,ILE,4.5,166.7,0.0,0,0,X,0.0,0.0,0.0,0.0,0.0,0.0,0.0,0.0,39,0.043363505002576956,31,27,4,0,0,0,0,0,0,0,0,1
1bxs,C,401,PHE,2.8,189.9,0.0,0,0,X,0.0,0.0,0.0,0.0,0.0,0.0,0.0,0.0,39,0.04709369898129325,21,12,9,0,0,0,0,0,0,0,0,1
1bxs,C,402,GLY,-0.4,60.1,0.0,0,0,X,0.0,0.0,0.0,0.0,0.0,0.0,0.0,0.0,43,0.048026247475972325,17,11,6,0,0,0,0,0,0,0,0,1
1bxs,C,403,PRO,-1.6,112.7,0.0,0,0,X,0.0,0.0,0.0,0.0,0.0,0.0,0.0,0.0,41,0.048492521723311866,9,0,9,0,0,0,0,0,0,0,0,1
1bxs,C,404,VAL,4.2,140.0,0.0,0,0,X,0.0,0.0,0.0,0.0,0.0,0.0,0.0,0.0,47,0.048958795970651406,8,6,2,0,0,0,0,0,0,0,0,1
1bxs,C,405,GLN,-3.5,143.8,0.0,2,2,X,0.0,0.0,0.0,0.0,0.0,0.0,0.0,0.0,47,0.048492521723311866,24,7,17,0,0,0,0,0,0,0,0,1
1bxs,C,406,GLN,-3.5,143.8,0.0,2,2,X,0.0,0.0,0.0,0.0,0.0,0.0,0.0,0.0,44,0.05175644145468863,28,11,17,0,0,0,0,0,0,0,0,1
1bxs,C,407,ILE,4.5,166.7,0.0,0,0,X,0.0,0.0,0.0,0.0,0.0,0.0,0.0,0.0,41,0.053621538444046775,23,20,3,0,0,0,0,0,0,0,0,1
1bxs,C,408,MET,1.9,162.9,0.0,0,0,X,0.0,0.0,0.0,0.0,0.0,0.0,0.0,0.0,37,0.05035761871267001,31,24,7,0,0,0,0,0,0,0,0,1
1bxs,C,409,LYS,-3.9,168.6,1.0,2,0,X,0.0,0.0,0.0,0.0,0.0,0.0,0.0,0.0,25,0.045228601991935104,10,35,-25,0,0,0,0,0,0,0,0,1
1bxs,C,410,PHE,2.8,189.9,0.0,0,0,X,0.0,0.0,0.0,0.0,0.0,0.0,0.0,0.0,29,0.045694876239274644,26,31,-5,0,0,0,0,0,0,0,0,1
1bxs,C,411,LYS,-3.9,168.6,1.0,2,0,X,0.0,0.0,0.0,0.0,0.0,0.0,0.0,0.0,21,0.03124037457174899,15,32,-17,0,0,0,0,0,0,0,0,1
1bxs,C,412,SER,-0.8,89.0,0.0,1,1,X,0.0,0.0,0.0,0.0,0.0,0.0,0.0,0.0,17,0.027510180593032695,23,30,-7,0,0,0,0,0,0,0,0,1
1bxs,C,413,LEU,3.8,166.7,0.0,0,0,X,0.0,0.0,0.0,0.0,0.0,0.0,0.0,0.0,24,0.03450429430312575,19,25,-6,0,0,0,0,0,0,0,0,1
1bxs,C,414,ASP,-3.5,111.1,-1.0,1,3,X,0.0,0.0,0.0,0.0,0.0,0.0,0.0,0.0,16,0.02471253510899547,15,8,7,0,0,0,0,0,0,0,0,1
1bxs,C,415,ASP,-3.5,111.1,-1.0,1,3,X,0.0,0.0,0.0,0.0,0.0,0.0,0.0,0.0,18,0.032172923066428064,24,13,11,0,0,0,0,0,0,0,0,1
1bxs,C,416,VAL,4.2,140.0,0.0,0,0,X,0.0,0.0,0.0,0.0,0.0,0.0,0.0,0.0,30,0.045228601991935104,29,25,4,0,0,0,0,0,0,0,0,1
1bxs,C,417,ILE,4.5,166.7,0.0,0,0,X,0.0,0.0,0.0,0.0,0.0,0.0,0.0,0.0,29,0.043363505002576956,19,16,3,0,0,0,0,0,0,0,0,1
1bxs,C,418,LYS,-3.9,168.6,1.0,2,0,X,0.0,0.0,0.0,0.0,0.0,0.0,0.0,0.0,24,0.03170664881908853,15,20,-5,0,0,0,0,0,0,0,0,1
1bxs,C,419,ARG,-4.5,173.4,1.0,5,0,X,0.0,0.0,0.0,0.0,0.0,0.0,0.0,0.0,27,0.03870076252918159,23,22,1,0,0,0,0,0,0,0,0,1
1bxs,C,420,ALA,1.8,88.6,0.0,0,0,X,0.0,0.0,0.0,0.0,0.0,0.0,0.0,0.0,35,0.045228601991935104,36,14,22,0,0,0,0,0,0,0,0,1
1bxs,C,421,ASN,-3.5,114.1,0.0,2,2,X,0.0,0.0,0.0,0.0,0.0,0.0,0.0,0.0,36,0.03963331102386066,26,6,20,0,0,0,0,0,0,0,0,1
1bxs,C,422,ASN,-3.5,114.1,0.0,2,2,X,0.0,0.0,0.0,0.0,0.0,0.0,0.0,0.0,20,0.02797645484037223,36,12,24,0,0,0,0,0,0,0,0,1
1bxs,C,423,THR,-0.7,116.1,0.0,1,1,X,0.0,0.0,0.0,0.0,0.0,0.0,0.0,0.0,28,0.03357174580844668,41,6,35,0,0,0,0,0,0,0,0,1
1bxs,C,424,PHE,2.8,189.9,0.0,0,0,X,0.0,0.0,0.0,0.0,0.0,0.0,0.0,0.0,25,0.03170664881908853,22,7,15,0,0,0,0,0,0,0,0,1
1bxs,C,425,TYR,-1.3,193.6,0.0,1,1,X,0.0,0.0,0.0,0.0,0.0,0.0,0.0,0.0,38,0.04616115048661418,30,17,13,0,0,0,0,0,0,0,0,1
1bxs,C,426,GLY,-0.4,60.1,0.0,0,0,X,0.0,0.0,0.0,0.0,0.0,0.0,0.0,0.0,42,0.05921682941212122,30,5,25,0,0,0,0,0,0,0,0,1
1bxs,C,427,LEU,3.8,166.7,0.0,0,0,X,0.0,0.0,0.0,0.0,0.0,0.0,0.0,0.0,47,0.05548663543340492,17,13,4,0,0,0,0,0,0,0,0,1
1bxs,C,428,SER,-0.8,89.0,0.0,1,1,X,0.0,0.0,0.0,0.0,0.0,0.0,0.0,0.0,44,0.05222271570202816,13,1,12,0,0,0,0,0,0,0,0,1
1bxs,C,429,ALA,1.8,88.6,0.0,0,0,X,0.0,0.0,0.0,0.0,0.0,0.0,0.0,0.0,43,0.05502036118606539,16,0,16,0,0,0,0,0,0,0,0,1
1bxs,C,430,GLY,-0.4,60.1,0.0,0,0,X,0.0,0.0,0.0,0.0,0.0,0.0,0.0,0.0,43,0.05502036118606539,9,0,9,0,0,0,0,0,0,0,0,1
1bxs,C,431,ILE,4.5,166.7,0.0,0,0,X,0.0,0.0,0.0,0.0,0.0,0.0,0.0,0.0,44,0.05455408693872585,9,7,2,0,0,0,0,0,0,0,0,1
1bxs,C,432,PHE,2.8,189.9,0.0,0,0,X,0.0,0.0,0.0,0.0,0.0,0.0,0.0,0.0,44,0.05129016720734909,7,23,-16,0,0,0,0,0,0,0,0,1
1bxs,C,433,THR,-0.7,116.1,0.0,1,1,X,0.0,0.0,0.0,0.0,0.0,0.0,0.0,0.0,32,0.04942507021799094,10,30,-20,0,0,0,0,0,0,0,0,1
1bxs,C,434,ASN,-3.5,114.1,0.0,2,2,X,0.0,0.0,0.0,0.0,0.0,0.0,0.0,0.0,16,0.03823448828184205,9,40,-31,0,0,0,0,0,0,0,0,1
1bxs,C,435,ASP,-3.5,111.1,-1.0,1,3,X,0.0,0.0,0.0,0.0,0.0,0.0,0.0,0.0,20,0.03776821403450251,10,17,-7,0,0,0,0,0,0,0,0,1
1bxs,C,436,ILE,4.5,166.7,0.0,0,0,X,0.0,0.0,0.0,0.0,0.0,0.0,0.0,0.0,19,0.03870076252918159,18,32,-14,0,0,0,0,0,0,0,0,1
1bxs,C,437,ASP,-3.5,111.1,-1.0,1,3,X,0.0,0.0,0.0,0.0,0.0,0.0,0.0,0.0,24,0.03730193978716297,19,9,10,0,0,0,0,0,0,0,0,1
1bxs,C,438,LYS,-3.9,168.6,1.0,2,0,X,0.0,0.0,0.0,0.0,0.0,0.0,0.0,0.0,29,0.04243095650789788,0,26,-26,0,0,0,0,0,0,0,0,1
1bxs,C,439,ALA,1.8,88.6,0.0,0,0,X,0.0,0.0,0.0,0.0,0.0,0.0,0.0,0.0,34,0.05129016720734909,11,18,-7,0,0,0,0,0,0,0,0,1
1bxs,C,440,ILE,4.5,166.7,0.0,0,0,X,0.0,0.0,0.0,0.0,0.0,0.0,0.0,0.0,31,0.04243095650789788,25,17,8,0,0,0,0,0,0,0,0,1
1bxs,C,441,THR,-0.7,116.1,0.0,1,1,X,0.0,0.0,0.0,0.0,0.0,0.0,0.0,0.0,34,0.043363505002576956,24,17,7,0,0,0,0,0,0,0,0,1
1bxs,C,442,VAL,4.2,140.0,0.0,0,0,X,0.0,0.0,0.0,0.0,0.0,0.0,0.0,0.0,38,0.03963331102386066,17,19,-2,0,0,0,0,0,0,0,0,1
1bxs,C,443,SER,-0.8,89.0,0.0,1,1,X,0.0,0.0,0.0,0.0,0.0,0.0,0.0,0.0,42,0.045228601991935104,24,8,16,0,0,0,0,0,0,0,0,1
1bxs,C,444,SER,-0.8,89.0,0.0,1,1,X,0.0,0.0,0.0,0.0,0.0,0.0,0.0,0.0,35,0.045228601991935104,36,9,27,0,0,0,0,0,0,0,0,1
1bxs,C,445,ALA,1.8,88.6,0.0,0,0,X,0.0,0.0,0.0,0.0,0.0,0.0,0.0,0.0,36,0.040565859518539735,26,10,16,0,0,0,0,0,0,0,0,1
1bxs,C,446,LEU,3.8,166.7,0.0,0,0,X,0.0,0.0,0.0,0.0,0.0,0.0,0.0,0.0,46,0.04243095650789788,24,4,20,0,0,0,0,0,0,0,0,1
1bxs,C,447,GLN,-3.5,143.8,0.0,2,2,X,0.0,0.0,0.0,0.0,0.0,0.0,0.0,0.0,42,0.04103213376587927,32,13,19,0,0,0,0,0,0,0,0,1
1bxs,C,448,SER,-0.8,89.0,0.0,1,1,X,0.0,0.0,0.0,0.0,0.0,0.0,0.0,0.0,44,0.04989134446533048,29,11,18,0,0,0,0,0,0,0,0,1
1bxs,C,449,GLY,-0.4,60.1,0.0,0,0,X,0.0,0.0,0.0,0.0,0.0,0.0,0.0,0.0,41,0.05548663543340492,29,18,11,0,0,0,0,0,0,0,0,1
1bxs,C,450,THR,-0.7,116.1,0.0,1,1,X,0.0,0.0,0.0,0.0,0.0,0.0,0.0,0.0,42,0.053621538444046775,16,1,15,0,0,0,0,0,0,0,0,1
1bxs,C,451,VAL,4.2,140.0,0.0,0,0,X,0.0,0.0,0.0,0.0,0.0,0.0,0.0,0.0,47,0.053155264196707235,16,3,13,0,0,0,0,0,0,0,0,1
1bxs,C,452,TRP,-0.9,227.8,0.0,1,0,X,0.0,0.0,0.0,0.0,0.0,0.0,0.0,0.0,40,0.05595290968074446,5,0,5,0,0,0,0,0,0,0,0,1
1bxs,C,453,VAL,4.2,140.0,0.0,0,0,X,0.0,0.0,0.0,0.0,0.0,0.0,0.0,0.0,39,0.05129016720734909,13,3,10,0,0,0,0,0,0,0,0,1
1bxs,C,454,ASN,-3.5,114.1,0.0,2,2,X,0.0,0.0,0.0,0.0,0.0,0.0,0.0,0.0,38,0.04662742473395372,9,21,-12,0,0,0,0,0,0,0,0,1
1bxs,C,455,CYS,2.5,108.5,0.0,1,0,X,0.0,0.0,0.0,0.0,0.0,0.0,0.0,0.0,35,0.05222271570202816,9,6,3,0,0,0,0,0,0,0,0,1
1bxs,C,456,TYR,-1.3,193.6,0.0,1,1,X,0.0,0.0,0.0,0.0,0.0,0.0,0.0,0.0,42,0.04616115048661418,5,3,2,0,0,0,0,0,0,0,0,1
1bxs,C,457,SER,-0.8,89.0,0.0,1,1,X,0.0,0.0,0.0,0.0,0.0,0.0,0.0,0.0,35,0.0363693912924839,3,2,1,0,0,0,0,0,0,0,0,1
1bxs,C,458,VAL,4.2,140.0,0.0,0,0,X,0.0,0.0,0.0,0.0,0.0,0.0,0.0,0.0,31,0.032639197313767604,5,5,0,0,0,0,0,0,0,0,0,1
1bxs,C,459,VAL,4.2,140.0,0.0,0,0,X,0.0,0.0,0.0,0.0,0.0,0.0,0.0,0.0,29,0.034970568550465285,0,9,-9,0,0,0,0,0,0,0,0,1
1bxs,C,460,SER,-0.8,89.0,0.0,1,1,X,0.0,0.0,0.0,0.0,0.0,0.0,0.0,0.0,32,0.03310547156110714,9,15,-6,0,0,0,0,0,0,0,0,1
1bxs,C,461,ALA,1.8,88.6,0.0,0,0,X,0.0,0.0,0.0,0.0,0.0,0.0,0.0,0.0,38,0.04616115048661418,20,23,-3,0,0,0,0,0,0,0,0,1
1bxs,C,462,GLN,-3.5,143.8,0.0,2,2,X,0.0,0.0,0.0,0.0,0.0,0.0,0.0,0.0,40,0.050823892960009553,20,27,-7,0,0,0,0,0,0,0,0,1
1bxs,C,463,CYS,2.5,108.5,0.0,1,0,X,0.0,0.0,0.0,0.0,0.0,0.0,0.0,0.0,39,0.04476232774459557,12,18,-6,0,0,0,0,0,0,0,0,1
1bxs,C,464,PRO,-1.6,112.7,0.0,0,0,X,0.0,0.0,0.0,0.0,0.0,0.0,0.0,0.0,43,0.05035761871267001,27,22,5,0,0,0,0,0,0,0,0,1
1bxs,C,465,PHE,2.8,189.9,0.0,0,0,X,0.0,0.0,0.0,0.0,0.0,0.0,0.0,0.0,40,0.045694876239274644,15,18,-3,0,0,0,0,0,0,0,0,1
1bxs,C,466,GLY,-0.4,60.1,0.0,0,0,X,0.0,0.0,0.0,0.0,0.0,0.0,0.0,0.0,43,0.048026247475972325,26,30,-4,0,0,0,0,0,0,0,0,1
1bxs,C,467,GLY,-0.4,60.1,0.0,0,0,X,0.0,0.0,0.0,0.0,0.0,0.0,0.0,0.0,38,0.058284280917442144,32,22,10,0,0,0,0,0,0,0,0,1
1bxs,C,468,PHE,2.8,189.9,0.0,0,0,X,0.0,0.0,0.0,0.0,0.0,0.0,0.0,0.0,41,0.048492521723311866,32,25,7,0,0,0,0,0,0,0,0,1
1bxs,C,469,LYS,-3.9,168.6,1.0,2,0,X,0.0,0.0,0.0,0.0,0.0,0.0,0.0,0.0,38,0.050823892960009553,19,19,0,0,0,0,0,0,0,0,0,1
1bxs,C,470,MET,1.9,162.9,0.0,0,0,X,0.0,0.0,0.0,0.0,0.0,0.0,0.0,0.0,35,0.04989134446533048,34,10,24,0,0,0,0,0,0,0,0,1
1bxs,C,471,SER,-0.8,89.0,0.0,1,1,X,0.0,0.0,0.0,0.0,0.0,0.0,0.0,0.0,42,0.0526889899493677,23,15,8,0,0,0,0,0,0,0,0,1
1bxs,C,472,GLY,-0.4,60.1,0.0,0,0,X,0.0,0.0,0.0,0.0,0.0,0.0,0.0,0.0,39,0.05035761871267001,40,18,22,0,0,0,0,0,0,0,0,1
1bxs,C,473,ASN,-3.5,114.1,0.0,2,2,X,0.0,0.0,0.0,0.0,0.0,0.0,0.0,0.0,34,0.04942507021799094,47,24,23,0,0,0,0,0,0,0,0,1
1bxs,C,474,GLY,-0.4,60.1,0.0,0,0,X,0.0,0.0,0.0,0.0,0.0,0.0,0.0,0.0,37,0.03823448828184205,33,36,-3,0,0,0,0,0,0,0,0,1
1bxs,C,475,ARG,-4.5,173.4,1.0,5,0,X,0.0,0.0,0.0,0.0,0.0,0.0,0.0,0.0,37,0.04476232774459557,22,37,-15,0,0,0,0,0,0,0,0,1
1bxs,C,476,GLU,-3.5,138.4,-1.0,1,3,X,0.0,0.0,0.0,0.0,0.0,0.0,0.0,0.0,45,0.04755997322863279,23,21,2,0,0,0,0,0,0,0,0,1
1bxs,C,477,LEU,3.8,166.7,0.0,0,0,X,0.0,0.0,0.0,0.0,0.0,0.0,0.0,0.0,38,0.053155264196707235,19,23,-4,0,0,0,0,0,0,0,0,1
1bxs,C,478,GLY,-0.4,60.1,0.0,0,0,X,0.0,0.0,0.0,0.0,0.0,0.0,0.0,0.0,34,0.05035761871267001,24,28,-4,0,0,0,0,0,0,0,0,1
1bxs,C,479,GLU,-3.5,138.4,-1.0,1,3,X,0.0,0.0,0.0,0.0,0.0,0.0,0.0,0.0,26,0.04476232774459557,47,7,40,0,0,0,0,0,0,0,0,1
1bxs,C,480,TYR,-1.3,193.6,0.0,1,1,X,0.0,0.0,0.0,0.0,0.0,0.0,0.0,0.0,29,0.04243095650789788,49,25,24,0,0,0,0,0,0,0,0,1
1bxs,C,481,GLY,-0.4,60.1,0.0,0,0,X,0.0,0.0,0.0,0.0,0.0,0.0,0.0,0.0,34,0.048026247475972325,28,29,-1,0,0,0,0,0,0,0,0,1
1bxs,C,482,PHE,2.8,189.9,0.0,0,0,X,0.0,0.0,0.0,0.0,0.0,0.0,0.0,0.0,40,0.048958795970651406,27,26,1,0,0,0,0,0,0,0,0,1
1bxs,C,483,HIS,-3.2,153.2,0.1,2,1,X,0.0,0.0,0.0,0.0,0.0,0.0,0.0,0.0,23,0.035436842797804825,15,41,-26,0,0,0,0,0,0,0,0,1
1bxs,C,484,GLU,-3.5,138.4,-1.0,1,3,X,0.0,0.0,0.0,0.0,0.0,0.0,0.0,0.0,31,0.035436842797804825,37,19,18,0,0,0,0,0,0,0,0,1
1bxs,C,485,TYR,-1.3,193.6,0.0,1,1,X,0.0,0.0,0.0,0.0,0.0,0.0,0.0,0.0,42,0.04476232774459557,36,27,9,0,0,0,0,0,0,0,0,1
1bxs,C,486,THR,-0.7,116.1,0.0,1,1,X,0.0,0.0,0.0,0.0,0.0,0.0,0.0,0.0,33,0.04476232774459557,34,28,6,0,0,0,0,0,0,0,0,1
1bxs,C,487,GLU,-3.5,138.4,-1.0,1,3,X,0.0,0.0,0.0,0.0,0.0,0.0,0.0,0.0,39,0.043363505002576956,54,22,32,0,0,0,0,0,0,0,0,1
1bxs,C,488,VAL,4.2,140.0,0.0,0,0,X,0.0,0.0,0.0,0.0,0.0,0.0,0.0,0.0,42,0.04942507021799094,46,24,22,0,0,0,0,0,0,0,0,1
1bxs,C,489,LYS,-3.9,168.6,1.0,2,0,X,0.0,0.0,0.0,0.0,0.0,0.0,0.0,0.0,43,0.05129016720734909,20,18,2,0,0,0,0,0,0,0,0,1
1bxs,C,490,THR,-0.7,116.1,0.0,1,1,X,0.0,0.0,0.0,0.0,0.0,0.0,0.0,0.0,42,0.04942507021799094,29,7,22,0,0,0,0,0,0,0,0,1
1bxs,C,491,VAL,4.2,140.0,0.0,0,0,X,0.0,0.0,0.0,0.0,0.0,0.0,0.0,0.0,37,0.04942507021799094,23,2,21,0,0,0,0,0,0,0,0,1
1bxs,C,492,THR,-0.7,116.1,0.0,1,1,X,0.0,0.0,0.0,0.0,0.0,0.0,0.0,0.0,37,0.05455408693872585,10,1,9,0,0,0,0,0,0,0,0,1
1bxs,C,493,ILE,4.5,166.7,0.0,0,0,X,0.0,0.0,0.0,0.0,0.0,0.0,0.0,0.0,29,0.04989134446533048,9,7,2,0,0,0,0,0,0,0,0,1
1bxs,C,494,LYS,-3.9,168.6,1.0,2,0,X,0.0,0.0,0.0,0.0,0.0,0.0,0.0,0.0,28,0.04429605349725603,2,11,-9,0,0,0,0,0,0,0,0,1
1bxs,C,495,ILE,4.5,166.7,0.0,0,0,X,0.0,0.0,0.0,0.0,0.0,0.0,0.0,0.0,27,0.043363505002576956,23,11,12,0,0,0,0,0,0,0,0,1
1bxs,C,496,SER,-0.8,89.0,0.0,1,1,X,0.0,0.0,0.0,0.0,0.0,0.0,0.0,0.0,19,0.02611135785101408,21,11,10,0,0,0,0,0,0,0,0,1
1bxs,C,497,GLN,-3.5,143.8,0.0,2,2,X,0.0,0.0,0.0,0.0,0.0,0.0,0.0,0.0,24,0.03170664881908853,19,6,13,0,0,0,0,0,0,0,0,1
1bxs,C,498,LYS,-3.9,168.6,1.0,2,0,X,0.0,0.0,0.0,0.0,0.0,0.0,0.0,0.0,31,0.043829779249916496,19,15,4,0,0,0,0,0,0,0,0,1
1bxs,C,499,ASN,-3.5,114.1,0.0,2,2,X,0.0,0.0,0.0,0.0,0.0,0.0,0.0,0.0,37,0.04243095650789788,31,11,20,0,0,0,0,0,0,0,0,1
1bxs,C,500,SER,-0.8,89.0,0.0,1,1,X,0.0,0.0,0.0,0.0,0.0,0.0,0.0,0.0,42,0.043363505002576956,40,17,23,0,0,0,0,0,0,0,0,1
1bxs,D,7,ASP,-3.5,111.1,-1.0,1,3,X,0.0,0.0,0.0,0.0,0.0,0.0,0.0,0.0,6,0.012589404678167503,0,0,0,0,0,0,0,0,0,0,0,1
1bxs,D,8,VAL,4.2,140.0,0.0,0,0,X,0.0,0.0,0.0,0.0,0.0,0.0,0.0,0.0,16,0.02797645484037223,6,8,-2,0,0,0,0,0,0,0,0,1
1bxs,D,9,PRO,-1.6,112.7,0.0,0,0,X,0.0,0.0,0.0,0.0,0.0,0.0,0.0,0.0,16,0.02331371236697686,9,7,2,0,0,0,0,0,0,0,0,1
1bxs,D,10,ALA,1.8,88.6,0.0,0,0,X,0.0,0.0,0.0,0.0,0.0,0.0,0.0,0.0,16,0.021914889624958248,0,2,-2,0,0,0,0,0,0,0,0,1
1bxs,D,11,PRO,-1.6,112.7,0.0,0,0,X,0.0,0.0,0.0,0.0,0.0,0.0,0.0,0.0,24,0.035436842797804825,1,0,1,0,0,0,0,0,0,0,0,1
1bxs,D,12,LEU,3.8,166.7,0.0,0,0,X,0.0,0.0,0.0,0.0,0.0,0.0,0.0,0.0,21,0.03403802005578621,2,2,0,0,0,0,0,0,0,0,0,1
1bxs,D,13,THR,-0.7,116.1,0.0,1,1,X,0.0,0.0,0.0,0.0,0.0,0.0,0.0,0.0,16,0.022847438119637322,0,1,-1,0,0,0,0,0,0,0,0,1
1bxs,D,14,ASN,-3.5,114.1,0.0,2,2,X,0.0,0.0,0.0,0.0,0.0,0.0,0.0,0.0,9,0.020049792635600097,0,0,0,0,0,0,0,0,0,0,0,1
1bxs,D,15,LEU,3.8,166.7,0.0,0,0,X,0.0,0.0,0.0,0.0,0.0,0.0,0.0,0.0,22,0.029375277582390842,4,1,3,0,0,0,0,0,0,0,0,1
1bxs,D,16,GLN,-3.5,143.8,0.0,2,2,X,0.0,0.0,0.0,0.0,0.0,0.0,0.0,0.0,13,0.02144861537761871,7,0,7,0,0,0,0,0,0,0,0,1
1bxs,D,17,PHE,2.8,189.9,0.0,0,0,X,0.0,0.0,0.0,0.0,0.0,0.0,0.0,0.0,23,0.030774100324409453,16,5,11,0,0,0,0,0,0,0,0,1
1bxs,D,18,LYS,-3.9,168.6,1.0,2,0,X,0.0,0.0,0.0,0.0,0.0,0.0,0.0,0.0,14,0.021914889624958248,17,0,17,0,0,0,0,0,0,0,0,1
1bxs,D,19,TYR,-1.3,193.6,0.0,1,1,X,0.0,0.0,0.0,0.0,0.0,0.0,0.0,0.0,27,0.04103213376587927,29,3,26,0,0,0,0,0,0,0,0,1
1bxs,D,20,THR,-0.7,116.1,0.0,1,1,X,0.0,0.0,0.0,0.0,0.0,0.0,0.0,0.0,30,0.045228601991935104,31,19,12,0,0,0,0,0,0,0,0,1
1bxs,D,21,LYS,-3.9,168.6,1.0,2,0,X,0.0,0.0,0.0,0.0,0.0,0.0,0.0,0.0,28,0.048026247475972325,24,23,1,0,0,0,0,0,0,0,0,1
1bxs,D,22,ILE,4.5,166.7,0.0,0,0,X,0.0,0.0,0.0,0.0,0.0,0.0,0.0,0.0,37,0.05595290968074446,29,33,-4,0,0,0,0,0,0,0,0,1
1bxs,D,23,PHE,2.8,189.9,0.0,0,0,X,0.0,0.0,0.0,0.0,0.0,0.0,0.0,0.0,37,0.0526889899493677,29,10,19,0,0,0,0,0,0,0,0,1
1bxs,D,24,ILE,4.5,166.7,0.0,0,0,X,0.0,0.0,0.0,0.0,0.0,0.0,0.0,0.0,33,0.05222271570202816,28,22,6,0,0,0,0,0,0,0,0,1
1bxs,D,25,ASN,-3.5,114.1,0.0,2,2,X,0.0,0.0,0.0,0.0,0.0,0.0,0.0,0.0,26,0.04103213376587927,27,9,18,0,0,0,0,0,0,0,0,1
1bxs,D,26,ASN,-3.5,114.1,0.0,2,2,X,0.0,0.0,0.0,0.0,0.0,0.0,0.0,0.0,26,0.04755997322863279,15,13,2,0,0,0,0,0,0,0,0,1
1bxs,D,27,GLU,-3.5,138.4,-1.0,1,3,X,0.0,0.0,0.0,0.0,0.0,0.0,0.0,0.0,19,0.03450429430312575,25,0,25,0,0,0,0,0,0,0,0,1
1bxs,D,28,TRP,-0.9,227.8,0.0,1,0,X,0.0,0.0,0.0,0.0,0.0,0.0,0.0,0.0,26,0.03963331102386066,37,15,22,0,0,0,0,0,0,0,0,1
1bxs,D,29,HIS,-3.2,153.2,0.1,2,1,X,0.0,0.0,0.0,0.0,0.0,0.0,0.0,0.0,22,0.03683566553982344,18,25,-7,0,0,0,0,0,0,0,0,1
1bxs,D,30,SER,-0.8,89.0,0.0,1,1,X,0.0,0.0,0.0,0.0,0.0,0.0,0.0,0.0,21,0.03683566553982344,35,22,13,0,0,0,0,0,0,0,0,1
1bxs,D,31,SER,-0.8,89.0,0.0,1,1,X,0.0,0.0,0.0,0.0,0.0,0.0,0.0,0.0,27,0.043363505002576956,42,41,1,0,0,0,0,0,0,0,0,1
1bxs,D,32,VAL,4.2,140.0,0.0,0,0,X,0.0,0.0,0.0,0.0,0.0,0.0,0.0,0.0,19,0.029375277582390842,27,38,-11,0,0,0,0,0,0,0,0,1
1bxs,D,33,SER,-0.8,89.0,0.0,1,1,X,0.0,0.0,0.0,0.0,0.0,0.0,0.0,0.0,17,0.02471253510899547,20,41,-21,0,0,0,0,0,0,0,0,1
1bxs,D,34,GLY,-0.4,60.1,0.0,0,0,X,0.0,0.0,0.0,0.0,0.0,0.0,0.0,0.0,17,0.027043906345693154,20,26,-6,0,0,0,0,0,0,0,0,1
1bxs,D,35,LYS,-3.9,168.6,1.0,2,0,X,0.0,0.0,0.0,0.0,0.0,0.0,0.0,0.0,20,0.02984155182973038,9,31,-22,0,0,0,0,0,0,0,0,1
1bxs,D,36,LYS,-3.9,168.6,1.0,2,0,X,0.0,0.0,0.0,0.0,0.0,0.0,0.0,0.0,22,0.03823448828184205,21,27,-6,0,0,0,0,0,0,0,0,1
1bxs,D,37,PHE,2.8,189.9,0.0,0,0,X,0.0,0.0,0.0,0.0,0.0,0.0,0.0,0.0,34,0.03730193978716297,25,37,-12,0,0,0,0,0,0,0,0,1
1bxs,D,38,PRO,-1.6,112.7,0.0,0,0,X,0.0,0.0,0.0,0.0,0.0,0.0,0.0,0.0,23,0.03590311704514436,18,28,-10,0,0,0,0,0,0,0,0,1
1bxs,D,39,VAL,4.2,140.0,0.0,0,0,X,0.0,0.0,0.0,0.0,0.0,0.0,0.0,0.0,32,0.048492521723311866,13,26,-13,0,0,0,0,0,0,0,0,1
1bxs,D,40,PHE,2.8,189.9,0.0,0,0,X,0.0,0.0,0.0,0.0,0.0,0.0,0.0,0.0,27,0.043829779249916496,10,33,-23,0,0,0,0,0,0,0,0,1
1bxs,D,41,ASN,-3.5,114.1,0.0,2,2,X,0.0,0.0,0.0,0.0,0.0,0.0,0.0,0.0,36,0.045694876239274644,12,23,-11,0,0,0,0,0,0,0,0,1
1bxs,D,42,PRO,-1.6,112.7,0.0,0,0,X,0.0,0.0,0.0,0.0,0.0,0.0,0.0,0.0,38,0.053621538444046775,17,27,-10,0,0,0,0,0,0,0,0,1
1bxs,D,43,ALA,1.8,88.6,0.0,0,0,X,0.0,0.0,0.0,0.0,0.0,0.0,0.0,0.0,34,0.05035761871267001,10,21,-11,0,0,0,0,0,0,0,0,1
1bxs,D,44,THR,-0.7,116.1,0.0,1,1,X,0.0,0.0,0.0,0.0,0.0,0.0,0.0,0.0,25,0.03357174580844668,10,18,-8,0,0,0,0,0,0,0,0,1
1bxs,D,45,GLU,-3.5,138.4,-1.0,1,3,X,0.0,0.0,0.0,0.0,0.0,0.0,0.0,0.0,20,0.03590311704514436,17,14,3,0,0,0,0,0,0,0,0,1
1bxs,D,46,GLU,-3.5,138.4,-1.0,1,3,X,0.0,0.0,0.0,0.0,0.0,0.0,0.0,0.0,18,0.030774100324409453,12,9,3,0,0,0,0,0,0,0,0,1
1bxs,D,47,LYS,-3.9,168.6,1.0,2,0,X,0.0,0.0,0.0,0.0,0.0,0.0,0.0,0.0,15,0.03403802005578621,0,23,-23,0,0,0,0,0,0,0,0,1
1bxs,D,48,LEU,3.8,166.7,0.0,0,0,X,0.0,0.0,0.0,0.0,0.0,0.0,0.0,0.0,29,0.03916703677652112,9,20,-11,0,0,0,0,0,0,0,0,1
1bxs,D,49,CYS,2.5,108.5,0.0,1,0,X,0.0,0.0,0.0,0.0,0.0,0.0,0.0,0.0,27,0.03310547156110714,22,17,5,0,0,0,0,0,0,0,0,1
1bxs,D,50,GLU,-3.5,138.4,-1.0,1,3,X,0.0,0.0,0.0,0.0,0.0,0.0,0.0,0.0,21,0.040099585271200194,23,14,9,0,0,0,0,0,0,0,0,1
1bxs,D,51,VAL,4.2,140.0,0.0,0,0,X,0.0,0.0,0.0,0.0,0.0,0.0,0.0,0.0,38,0.048026247475972325,29,32,-3,0,0,0,0,0,0,0,0,1
1bxs,D,52,GLU,-3.5,138.4,-1.0,1,3,X,0.0,0.0,0.0,0.0,0.0,0.0,0.0,0.0,30,0.05222271570202816,31,24,7,0,0,0,0,0,0,0,0,1
1bxs,D,53,GLU,-3.5,138.4,-1.0,1,3,X,0.0,0.0,0.0,0.0,0.0,0.0,0.0,0.0,27,0.05222271570202816,21,32,-11,0,0,0,0,0,0,0,0,1
1bxs,D,54,GLY,-0.4,60.1,0.0,0,0,X,0.0,0.0,0.0,0.0,0.0,0.0,0.0,0.0,41,0.05408781269138631,32,46,-14,0,0,0,0,0,0,0,0,1
1bxs,D,55,ASP,-3.5,111.1,-1.0,1,3,X,0.0,0.0,0.0,0.0,0.0,0.0,0.0,0.0,29,0.04149840801321881,20,35,-15,0,0,0,0,0,0,0,0,1
1bxs,D,56,LYS,-3.9,168.6,1.0,2,0,X,0.0,0.0,0.0,0.0,0.0,0.0,0.0,0.0,31,0.034970568550465285,15,35,-20,0,0,0,0,0,0,0,0,1
1bxs,D,57,GLU,-3.5,138.4,-1.0,1,3,X,0.0,0.0,0.0,0.0,0.0,0.0,0.0,0.0,22,0.02984155182973038,19,26,-7,0,0,0,0,0,0,0,0,1
1bxs,D,58,ASP,-3.5,111.1,-1.0,1,3,X,0.0,0.0,0.0,0.0,0.0,0.0,0.0,0.0,36,0.04476232774459557,30,38,-8,0,0,0,0,0,0,0,0,1
1bxs,D,59,VAL,4.2,140.0,0.0,0,0,X,0.0,0.0,0.0,0.0,0.0,0.0,0.0,0.0,39,0.04616115048661418,37,34,3,0,0,0,0,0,0,0,0,1
1bxs,D,60,ASP,-3.5,111.1,-1.0,1,3,X,0.0,0.0,0.0,0.0,0.0,0.0,0.0,0.0,24,0.034970568550465285,33,30,3,0,0,0,0,0,0,0,0,1
1bxs,D,61,LYS,-3.9,168.6,1.0,2,0,X,0.0,0.0,0.0,0.0,0.0,0.0,0.0,0.0,26,0.03683566553982344,26,29,-3,0,0,0,0,0,0,0,0,1
1bxs,D,62,ALA,1.8,88.6,0.0,0,0,X,0.0,0.0,0.0,0.0,0.0,0.0,0.0,0.0,40,0.05129016720734909,38,28,10,0,0,0,0,0,0,0,0,1
1bxs,D,63,VAL,4.2,140.0,0.0,0,0,X,0.0,0.0,0.0,0.0,0.0,0.0,0.0,0.0,38,0.048958795970651406,40,28,12,0,0,0,0,0,0,0,0,1
1bxs,D,64,LYS,-3.9,168.6,1.0,2,0,X,0.0,0.0,0.0,0.0,0.0,0.0,0.0,0.0,23,0.03730193978716297,24,23,1,0,0,0,0,0,0,0,0,1
1bxs,D,65,ALA,1.8,88.6,0.0,0,0,X,0.0,0.0,0.0,0.0,0.0,0.0,0.0,0.0,31,0.04289723075523742,30,9,21,0,0,0,0,0,0,0,0,1
1bxs,D,66,ALA,1.8,88.6,0.0,0,0,X,0.0,0.0,0.0,0.0,0.0,0.0,0.0,0.0,40,0.05548663543340492,25,13,12,0,0,0,0,0,0,0,0,1
1bxs,D,67,ARG,-4.5,173.4,1.0,5,0,X,0.0,0.0,0.0,0.0,0.0,0.0,0.0,0.0,31,0.045228601991935104,19,16,3,0,0,0,0,0,0,0,0,1
1bxs,D,68,GLN,-3.5,143.8,0.0,2,2,X,0.0,0.0,0.0,0.0,0.0,0.0,0.0,0.0,24,0.035436842797804825,21,1,20,0,0,0,0,0,0,0,0,1
1bxs,D,69,ALA,1.8,88.6,0.0,0,0,X,0.0,0.0,0.0,0.0,0.0,0.0,0.0,0.0,33,0.05175644145468863,26,0,26,0,0,0,0,0,0,0,0,1
1bxs,D,70,PHE,2.8,189.9,0.0,0,0,X,0.0,0.0,0.0,0.0,0.0,0.0,0.0,0.0,36,0.05455408693872585,23,17,6,0,0,0,0,0,0,0,0,1
1bxs,D,71,GLN,-3.5,143.8,0.0,2,2,X,0.0,0.0,0.0,0.0,0.0,0.0,0.0,0.0,25,0.03683566553982344,24,1,23,0,0,0,0,0,0,0,0,1
1bxs,D,72,ILE,4.5,166.7,0.0,0,0,X,0.0,0.0,0.0,0.0,0.0,0.0,0.0,0.0,30,0.03683566553982344,23,7,16,0,0,0,0,0,0,0,0,1
1bxs,D,73,GLY,-0.4,60.1,0.0,0,0,X,0.0,0.0,0.0,0.0,0.0,0.0,0.0,0.0,19,0.032639197313767604,17,1,16,0,0,0,0,0,0,0,0,1
1bxs,D,74,SER,-0.8,89.0,0.0,1,1,X,0.0,0.0,0.0,0.0,0.0,0.0,0.0,0.0,23,0.03450429430312575,15,0,15,0,0,0,0,0,0,0,0,1
1bxs,D,75,PRO,-1.6,112.7,0.0,0,0,X,0.0,0.0,0.0,0.0,0.0,0.0,0.0,0.0,26,0.029375277582390842,11,3,8,0,0,0,0,0,0,0,0,1
1bxs,D,76,TRP,-0.9,227.8,0.0,1,0,X,0.0,0.0,0.0,0.0,0.0,0.0,0.0,0.0,37,0.045228601991935104,22,12,10,0,0,0,0,0,0,0,0,1
1bxs,D,77,ARG,-4.5,173.4,1.0,5,0,X,0.0,0.0,0.0,0.0,0.0,0.0,0.0,0.0,34,0.053155264196707235,21,12,9,0,0,0,0,0,0,0,0,1
1bxs,D,78,THR,-0.7,116.1,0.0,1,1,X,0.0,0.0,0.0,0.0,0.0,0.0,0.0,0.0,26,0.04289723075523742,25,11,14,0,0,0,0,0,0,0,0,1
1bxs,D,79,MET,1.9,162.9,0.0,0,0,X,0.0,0.0,0.0,0.0,0.0,0.0,0.0,0.0,33,0.04149840801321881,30,22,8,0,0,0,0,0,0,0,0,1
1bxs,D,80,ASP,-3.5,111.1,-1.0,1,3,X,0.0,0.0,0.0,0.0,0.0,0.0,0.0,0.0,26,0.04149840801321881,31,25,6,0,0,0,0,0,0,0,0,1
1bxs,D,81,ALA,1.8,88.6,0.0,0,0,X,0.0,0.0,0.0,0.0,0.0,0.0,0.0,0.0,37,0.048958795970651406,33,33,0,0,0,0,0,0,0,0,0,1
1bxs,D,82,SER,-0.8,89.0,0.0,1,1,X,0.0,0.0,0.0,0.0,0.0,0.0,0.0,0.0,34,0.045694876239274644,43,33,10,0,0,0,0,0,0,0,0,1
1bxs,D,83,GLU,-3.5,138.4,-1.0,1,3,X,0.0,0.0,0.0,0.0,0.0,0.0,0.0,0.0,25,0.03357174580844668,27,18,9,0,0,0,0,0,0,0,0,1
1bxs,D,84,ARG,-4.5,173.4,1.0,5,0,X,0.0,0.0,0.0,0.0,0.0,0.0,0.0,0.0,40,0.04989134446533048,15,26,-11,0,0,0,0,0,0,0,0,1
1bxs,D,85,GLY,-0.4,60.1,0.0,0,0,X,0.0,0.0,0.0,0.0,0.0,0.0,0.0,0.0,33,0.04942507021799094,41,22,19,0,0,0,0,0,0,0,0,1
1bxs,D,86,ARG,-4.5,173.4,1.0,5,0,X,0.0,0.0,0.0,0.0,0.0,0.0,0.0,0.0,28,0.035436842797804825,35,26,9,0,0,0,0,0,0,0,0,1
1bxs,D,87,LEU,3.8,166.7,0.0,0,0,X,0.0,0.0,0.0,0.0,0.0,0.0,0.0,0.0,30,0.04243095650789788,26,19,7,0,0,0,0,0,0,0,0,1
1bxs,D,88,LEU,3.8,166.7,0.0,0,0,X,0.0,0.0,0.0,0.0,0.0,0.0,0.0,0.0,45,0.048958795970651406,34,13,21,0,0,0,0,0,0,0,0,1
1bxs,D,89,ASN,-3.5,114.1,0.0,2,2,X,0.0,0.0,0.0,0.0,0.0,0.0,0.0,0.0,28,0.043363505002576956,44,19,25,0,0,0,0,0,0,0,0,1
1bxs,D,90,LYS,-3.9,168.6,1.0,2,0,X,0.0,0.0,0.0,0.0,0.0,0.0,0.0,0.0,24,0.03823448828184205,25,28,-3,0,0,0,0,0,0,0,0,1
1bxs,D,91,LEU,3.8,166.7,0.0,0,0,X,0.0,0.0,0.0,0.0,0.0,0.0,0.0,0.0,39,0.05129016720734909,35,27,8,0,0,0,0,0,0,0,0,1
1bxs,D,92,ALA,1.8,88.6,0.0,0,0,X,0.0,0.0,0.0,0.0,0.0,0.0,0.0,0.0,32,0.048026247475972325,41,22,19,0,0,0,0,0,0,0,0,1
1bxs,D,93,ASP,-3.5,111.1,-1.0,1,3,X,0.0,0.0,0.0,0.0,0.0,0.0,0.0,0.0,20,0.03963331102386066,34,19,15,0,0,0,0,0,0,0,0,1
1bxs,D,94,LEU,3.8,166.7,0.0,0,0,X,0.0,0.0,0.0,0.0,0.0,0.0,0.0,0.0,29,0.045228601991935104,38,34,4,0,0,0,0,0,0,0,0,1
1bxs,D,95,ILE,4.5,166.7,0.0,0,0,X,0.0,0.0,0.0,0.0,0.0,0.0,0.0,0.0,36,0.053155264196707235,43,28,15,0,0,0,0,0,0,0,0,1
1bxs,D,96,GLU,-3.5,138.4,-1.0,1,3,X,0.0,0.0,0.0,0.0,0.0,0.0,0.0,0.0,22,0.03870076252918159,36,16,20,0,0,0,0,0,0,0,0,1
1bxs,D,97,ARG,-4.5,173.4,1.0,5,0,X,0.0,0.0,0.0,0.0,0.0,0.0,0.0,0.0,18,0.02984155182973038,17,30,-13,0,0,0,0,0,0,0,0,1
1bxs,D,98,ASP,-3.5,111.1,-1.0,1,3,X,0.0,0.0,0.0,0.0,0.0,0.0,0.0,0.0,27,0.0363693912924839,29,15,14,0,0,0,0,0,0,0,0,1
1bxs,D,99,ARG,-4.5,173.4,1.0,5,0,X,0.0,0.0,0.0,0.0,0.0,0.0,0.0,0.0,31,0.043829779249916496,7,26,-19,0,0,0,0,0,0,0,0,1
1bxs,D,100,LEU,3.8,166.7,0.0,0,0,X,0.0,0.0,0.0,0.0,0.0,0.0,0.0,0.0,25,0.045228601991935104,17,14,3,0,0,0,0,0,0,0,0,1
1bxs,D,101,LEU,3.8,166.7,0.0,0,0,X,0.0,0.0,0.0,0.0,0.0,0.0,0.0,0.0,33,0.04103213376587927,26,16,10,0,0,0,0,0,0,0,0,1
1bxs,D,102,LEU,3.8,166.7,0.0,0,0,X,0.0,0.0,0.0,0.0,0.0,0.0,0.0,0.0,39,0.04755997322863279,24,26,-2,0,0,0,0,0,0,0,0,1
1bxs,D,103,ALA,1.8,88.6,0.0,0,0,X,0.0,0.0,0.0,0.0,0.0,0.0,0.0,0.0,37,0.05455408693872585,20,22,-2,0,0,0,0,0,0,0,0,1
1bxs,D,104,THR,-0.7,116.1,0.0,1,1,X,0.0,0.0,0.0,0.0,0.0,0.0,0.0,0.0,38,0.05175644145468863,13,11,2,0,0,0,0,0,0,0,0,1
1bxs,D,105,MET,1.9,162.9,0.0,0,0,X,0.0,0.0,0.0,0.0,0.0,0.0,0.0,0.0,41,0.04709369898129325,16,12,4,0,0,0,0,0,0,0,0,1
1bxs,D,106,GLU,-3.5,138.4,-1.0,1,3,X,0.0,0.0,0.0,0.0,0.0,0.0,0.0,0.0,45,0.053155264196707235,17,9,8,0,0,0,0,0,0,0,0,1
1bxs,D,107,ALA,1.8,88.6,0.0,0,0,X,0.0,0.0,0.0,0.0,0.0,0.0,0.0,0.0,45,0.04989134446533048,14,13,1,0,0,0,0,0,0,0,0,1
1bxs,D,108,MET,1.9,162.9,0.0,0,0,X,0.0,0.0,0.0,0.0,0.0,0.0,0.0,0.0,41,0.048026247475972325,9,18,-9,0,0,0,0,0,0,0,0,1
1bxs,D,109,ASN,-3.5,114.1,0.0,2,2,X,0.0,0.0,0.0,0.0,0.0,0.0,0.0,0.0,44,0.05175644145468863,12,16,-4,0,0,0,0,0,0,0,0,1
1bxs,D,110,GLY,-0.4,60.1,0.0,0,0,X,0.0,0.0,0.0,0.0,0.0,0.0,0.0,0.0,44,0.05408781269138631,18,17,1,0,0,0,0,0,0,0,0,1
1bxs,D,111,GLY,-0.4,60.1,0.0,0,0,X,0.0,0.0,0.0,0.0,0.0,0.0,0.0,0.0,43,0.05455408693872585,19,13,6,0,0,0,0,0,0,0,0,1
1bxs,D,112,LYS,-3.9,168.6,1.0,2,0,X,0.0,0.0,0.0,0.0,0.0,0.0,0.0,0.0,43,0.05035761871267001,10,16,-6,0,0,0,0,0,0,0,0,1
1bxs,D,113,LEU,3.8,166.7,0.0,0,0,X,0.0,0.0,0.0,0.0,0.0,0.0,0.0,0.0,39,0.04942507021799094,19,10,9,0,0,0,0,0,0,0,0,1
1bxs,D,114,PHE,2.8,189.9,0.0,0,0,X,0.0,0.0,0.0,0.0,0.0,0.0,0.0,0.0,33,0.048958795970651406,12,11,1,0,0,0,0,0,0,0,0,1
1bxs,D,115,SER,-0.8,89.0,0.0,1,1,X,0.0,0.0,0.0,0.0,0.0,0.0,0.0,0.0,28,0.03590311704514436,10,11,-1,0,0,0,0,0,0,0,0,1
1bxs,D,116,ASN,-3.5,114.1,0.0,2,2,X,0.0,0.0,0.0,0.0,0.0,0.0,0.0,0.0,27,0.03916703677652112,19,11,8,0,0,0,0,0,0,0,0,1
1bxs,D,117,ALA,1.8,88.6,0.0,0,0,X,0.0,0.0,0.0,0.0,0.0,0.0,0.0,0.0,37,0.05035761871267001,25,17,8,0,0,0,0,0,0,0,0,1
1bxs,D,118,TYR,-1.3,193.6,0.0,1,1,X,0.0,0.0,0.0,0.0,0.0,0.0,0.0,0.0,29,0.05129016720734909,12,20,-8,0,0,0,0,0,0,0,0,1
1bxs,D,119,LEU,3.8,166.7,0.0,0,0,X,0.0,0.0,0.0,0.0,0.0,0.0,0.0,0.0,20,0.03683566553982344,11,13,-2,0,0,0,0,0,0,0,0,1
1bxs,D,120,MET,1.9,162.9,0.0,0,0,X,0.0,0.0,0.0,0.0,0.0,0.0,0.0,0.0,23,0.034970568550465285,13,8,5,0,0,0,0,0,0,0,0,1
1bxs,D,121,ASP,-3.5,111.1,-1.0,1,3,X,0.0,0.0,0.0,0.0,0.0,0.0,0.0,0.0,34,0.045228601991935104,22,9,13,0,0,0,0,0,0,0,0,1
1bxs,D,122,LEU,3.8,166.7,0.0,0,0,X,0.0,0.0,0.0,0.0,0.0,0.0,0.0,0.0,38,0.05222271570202816,23,29,-6,0,0,0,0,0,0,0,0,1
1bxs,D,123,GLY,-0.4,60.1,0.0,0,0,X,0.0,0.0,0.0,0.0,0.0,0.0,0.0,0.0,27,0.035436842797804825,26,17,9,0,0,0,0,0,0,0,0,1
1bxs,D,124,GLY,-0.4,60.1,0.0,0,0,X,0.0,0.0,0.0,0.0,0.0,0.0,0.0,0.0,30,0.034970568550465285,22,10,12,0,0,0,0,0,0,0,0,1
1bxs,D,125,CYS,2.5,108.5,0.0,1,0,X,0.0,0.0,0.0,0.0,0.0,0.0,0.0,0.0,39,0.04429605349725603,27,17,10,0,0,0,0,0,0,0,0,1
1bxs,D,126,ILE,4.5,166.7,0.0,0,0,X,0.0,0.0,0.0,0.0,0.0,0.0,0.0,0.0,31,0.04616115048661418,34,20,14,0,0,0,0,0,0,0,0,1
1bxs,D,127,LYS,-3.9,168.6,1.0,2,0,X,0.0,0.0,0.0,0.0,0.0,0.0,0.0,0.0,32,0.03590311704514436,17,26,-9,0,0,0,0,0,0,0,0,1
1bxs,D,128,THR,-0.7,116.1,0.0,1,1,X,0.0,0.0,0.0,0.0,0.0,0.0,0.0,0.0,44,0.048958795970651406,25,6,19,0,0,0,0,0,0,0,0,1
1bxs,D,129,LEU,3.8,166.7,0.0,0,0,X,0.0,0.0,0.0,0.0,0.0,0.0,0.0,0.0,43,0.05129016720734909,30,8,22,0,0,0,0,0,0,0,0,1
1bxs,D,130,ARG,-4.5,173.4,1.0,5,0,X,0.0,0.0,0.0,0.0,0.0,0.0,0.0,0.0,31,0.04103213376587927,24,21,3,0,0,0,0,0,0,0,0,1
1bxs,D,131,TYR,-1.3,193.6,0.0,1,1,X,0.0,0.0,0.0,0.0,0.0,0.0,0.0,0.0,40,0.04616115048661418,27,19,8,0,0,0,0,0,0,0,0,1
1bxs,D,132,CYS,2.5,108.5,0.0,1,0,X,0.0,0.0,0.0,0.0,0.0,0.0,0.0,0.0,43,0.050823892960009553,31,6,25,0,0,0,0,0,0,0,0,1
1bxs,D,133,ALA,1.8,88.6,0.0,0,0,X,0.0,0.0,0.0,0.0,0.0,0.0,0.0,0.0,33,0.048492521723311866,46,15,31,0,0,0,0,0,0,0,0,1
1bxs,D,134,GLY,-0.4,60.1,0.0,0,0,X,0.0,0.0,0.0,0.0,0.0,0.0,0.0,0.0,25,0.05175644145468863,41,17,24,0,0,0,0,0,0,0,0,1
1bxs,D,135,TRP,-0.9,227.8,0.0,1,0,X,0.0,0.0,0.0,0.0,0.0,0.0,0.0,0.0,30,0.05129016720734909,24,25,-1,0,0,0,0,0,0,0,0,1
1bxs,D,136,ALA,1.8,88.6,0.0,0,0,X,0.0,0.0,0.0,0.0,0.0,0.0,0.0,0.0,39,0.053155264196707235,29,19,10,0,0,0,0,0,0,0,0,1
1bxs,D,137,ASP,-3.5,111.1,-1.0,1,3,X,0.0,0.0,0.0,0.0,0.0,0.0,0.0,0.0,33,0.04989134446533048,33,21,12,0,0,0,0,0,0,0,0,1
1bxs,D,138,LYS,-3.9,168.6,1.0,2,0,X,0.0,0.0,0.0,0.0,0.0,0.0,0.0,0.0,27,0.04755997322863279,4,19,-15,0,0,0,0,0,0,0,0,1
1bxs,D,139,ILE,4.5,166.7,0.0,0,0,X,0.0,0.0,0.0,0.0,0.0,0.0,0.0,0.0,38,0.04196468226055834,36,22,14,0,0,0,0,0,0,0,0,1
1bxs,D,140,GLN,-3.5,143.8,0.0,2,2,X,0.0,0.0,0.0,0.0,0.0,0.0,0.0,0.0,27,0.04149840801321881,36,18,18,0,0,0,0,0,0,0,0,1
1bxs,D,141,GLY,-0.4,60.1,0.0,0,0,X,0.0,0.0,0.0,0.0,0.0,0.0,0.0,0.0,23,0.045228601991935104,40,12,28,0,0,0,0,0,0,0,0,1
1bxs,D,142,ARG,-4.5,173.4,1.0,5,0,X,0.0,0.0,0.0,0.0,0.0,0.0,0.0,0.0,22,0.04755997322863279,13,12,1,0,0,0,0,0,0,0,0,1
1bxs,D,143,THR,-0.7,116.1,0.0,1,1,X,0.0,0.0,0.0,0.0,0.0,0.0,0.0,0.0,26,0.053155264196707235,38,3,35,0,0,0,0,0,0,0,0,1
1bxs,D,144,ILE,4.5,166.7,0.0,0,0,X,0.0,0.0,0.0,0.0,0.0,0.0,0.0,0.0,35,0.045228601991935104,26,18,8,0,0,0,0,0,0,0,0,1
1bxs,D,145,PRO,-1.6,112.7,0.0,0,0,X,0.0,0.0,0.0,0.0,0.0,0.0,0.0,0.0,37,0.04476232774459557,28,25,3,0,0,0,0,0,0,0,0,1
1bxs,D,146,MET,1.9,162.9,0.0,0,0,X,0.0,0.0,0.0,0.0,0.0,0.0,0.0,0.0,35,0.048026247475972325,9,24,-15,0,0,0,0,0,0,0,0,1
1bxs,D,147,ASP,-3.5,111.1,-1.0,1,3,X,0.0,0.0,0.0,0.0,0.0,0.0,0.0,0.0,26,0.03823448828184205,14,21,-7,0,0,0,0,0,0,0,0,1
1bxs,D,148,GLY,-0.4,60.1,0.0,0,0,X,0.0,0.0,0.0,0.0,0.0,0.0,0.0,0.0,29,0.029375277582390842,17,18,-1,0,0,0,0,0,0,0,0,1
1bxs,D,149,ASN,-3.5,114.1,0.0,2,2,X,0.0,0.0,0.0,0.0,0.0,0.0,0.0,0.0,23,0.0363693912924839,19,15,4,0,0,0,0,0,0,0,0,1
1bxs,D,150,PHE,2.8,189.9,0.0,0,0,X,0.0,0.0,0.0,0.0,0.0,0.0,0.0,0.0,32,0.048492521723311866,18,11,7,0,0,0,0,0,0,0,0,1
1bxs,D,151,PHE,2.8,189.9,0.0,0,0,X,0.0,0.0,0.0,0.0,0.0,0.0,0.0,0.0,33,0.045694876239274644,24,3,21,0,0,0,0,0,0,0,0,1
1bxs,D,152,THR,-0.7,116.1,0.0,1,1,X,0.0,0.0,0.0,0.0,0.0,0.0,0.0,0.0,34,0.04616115048661418,19,4,15,0,0,0,0,0,0,0,0,1
1bxs,D,153,TYR,-1.3,193.6,0.0,1,1,X,0.0,0.0,0.0,0.0,0.0,0.0,0.0,0.0,29,0.05175644145468863,30,1,29,0,0,0,0,0,0,0,0,1
1bxs,D,154,THR,-0.7,116.1,0.0,1,1,X,0.0,0.0,0.0,0.0,0.0,0.0,0.0,0.0,29,0.05129016720734909,43,13,30,0,0,0,0,0,0,0,0,1
1bxs,D,155,ARG,-4.5,173.4,1.0,5,0,X,0.0,0.0,0.0,0.0,0.0,0.0,0.0,0.0,36,0.048492521723311866,22,15,7,0,0,0,0,0,0,0,0,1
1bxs,D,156,SER,-0.8,89.0,0.0,1,1,X,0.0,0.0,0.0,0.0,0.0,0.0,0.0,0.0,35,0.04662742473395372,51,19,32,0,0,0,0,0,0,0,0,1
1bxs,D,157,GLU,-3.5,138.4,-1.0,1,3,X,0.0,0.0,0.0,0.0,0.0,0.0,0.0,0.0,37,0.048492521723311866,34,9,25,0,0,0,0,0,0,0,0,1
1bxs,D,158,PRO,-1.6,112.7,0.0,0,0,X,0.0,0.0,0.0,0.0,0.0,0.0,0.0,0.0,36,0.04755997322863279,35,24,11,0,0,0,0,0,0,0,0,1
1bxs,D,159,VAL,4.2,140.0,0.0,0,0,X,0.0,0.0,0.0,0.0,0.0,0.0,0.0,0.0,38,0.04989134446533048,40,31,9,0,0,0,0,0,0,0,0,1
1bxs,D,160,GLY,-0.4,60.1,0.0,0,0,X,0.0,0.0,0.0,0.0,0.0,0.0,0.0,0.0,41,0.04429605349725603,36,32,4,0,0,0,0,0,0,0,0,1
1bxs,D,161,VAL,4.2,140.0,0.0,0,0,X,0.0,0.0,0.0,0.0,0.0,0.0,0.0,0.0,41,0.053621538444046775,41,16,25,0,0,0,0,0,0,0,0,1
1bxs,D,162,CYS,2.5,108.5,0.0,1,0,X,0.0,0.0,0.0,0.0,0.0,0.0,0.0,0.0,44,0.05175644145468863,35,12,23,0,0,0,0,0,0,0,0,1
1bxs,D,163,GLY,-0.4,60.1,0.0,0,0,X,0.0,0.0,0.0,0.0,0.0,0.0,0.0,0.0,45,0.048958795970651406,42,9,33,0,0,0,0,0,0,0,0,1
1bxs,D,164,GLN,-3.5,143.8,0.0,2,2,X,0.0,0.0,0.0,0.0,0.0,0.0,0.0,0.0,39,0.04989134446533048,25,3,22,0,0,0,0,0,0,0,0,1
1bxs,D,165,ILE,4.5,166.7,0.0,0,0,X,0.0,0.0,0.0,0.0,0.0,0.0,0.0,0.0,41,0.04755997322863279,17,4,13,0,0,0,0,0,0,0,0,1
1bxs,D,166,ILE,4.5,166.7,0.0,0,0,X,0.0,0.0,0.0,0.0,0.0,0.0,0.0,0.0,40,0.048026247475972325,17,10,7,0,0,0,0,0,0,0,0,1
1bxs,D,167,PRO,-1.6,112.7,0.0,0,0,X,0.0,0.0,0.0,0.0,0.0,0.0,0.0,0.0,35,0.04616115048661418,15,12,3,0,0,0,0,0,0,0,0,1
1bxs,D,168,TRP,-0.9,227.8,0.0,1,0,X,0.0,0.0,0.0,0.0,0.0,0.0,0.0,0.0,34,0.04476232774459557,11,20,-9,0,0,0,0,0,0,0,0,1
1bxs,D,169,ASN,-3.5,114.1,0.0,2,2,X,0.0,0.0,0.0,0.0,0.0,0.0,0.0,0.0,33,0.04662742473395372,17,10,7,0,0,0,0,0,0,0,0,1
1bxs,D,170,PHE,2.8,189.9,0.0,0,0,X,0.0,0.0,0.0,0.0,0.0,0.0,0.0,0.0,30,0.04196468226055834,18,16,2,0,0,0,0,0,0,0,0,1
1bxs,D,171,PRO,-1.6,112.7,0.0,0,0,X,0.0,0.0,0.0,0.0,0.0,0.0,0.0,0.0,39,0.05408781269138631,14,17,-3,0,0,0,0,0,0,0,0,1
1bxs,D,172,LEU,3.8,166.7,0.0,0,0,X,0.0,0.0,0.0,0.0,0.0,0.0,0.0,0.0,44,0.048492521723311866,12,18,-6,0,0,0,0,0,0,0,0,1
1bxs,D,173,LEU,3.8,166.7,0.0,0,0,X,0.0,0.0,0.0,0.0,0.0,0.0,0.0,0.0,35,0.048492521723311866,14,16,-2,0,0,0,0,0,0,0,0,1
1bxs,D,174,MET,1.9,162.9,0.0,0,0,X,0.0,0.0,0.0,0.0,0.0,0.0,0.0,0.0,39,0.04755997322863279,12,18,-6,0,0,0,0,0,0,0,0,1
1bxs,D,175,PHE,2.8,189.9,0.0,0,0,X,0.0,0.0,0.0,0.0,0.0,0.0,0.0,0.0,44,0.04755997322863279,17,3,14,0,0,0,0,0,0,0,0,1
1bxs,D,176,LEU,3.8,166.7,0.0,0,0,X,0.0,0.0,0.0,0.0,0.0,0.0,0.0,0.0,41,0.04942507021799094,13,4,9,0,0,0,0,0,0,0,0,1
1bxs,D,177,TRP,-0.9,227.8,0.0,1,0,X,0.0,0.0,0.0,0.0,0.0,0.0,0.0,0.0,41,0.05035761871267001,13,15,-2,0,0,0,0,0,0,0,0,1
1bxs,D,178,LYS,-3.9,168.6,1.0,2,0,X,0.0,0.0,0.0,0.0,0.0,0.0,0.0,0.0,38,0.04989134446533048,9,16,-7,0,0,0,0,0,0,0,0,1
1bxs,D,179,ILE,4.5,166.7,0.0,0,0,X,0.0,0.0,0.0,0.0,0.0,0.0,0.0,0.0,45,0.04662742473395372,9,1,8,0,0,0,0,0,0,0,0,1
1bxs,D,180,GLY,-0.4,60.1,0.0,0,0,X,0.0,0.0,0.0,0.0,0.0,0.0,0.0,0.0,45,0.04755997322863279,19,2,17,0,0,0,0,0,0,0,0,1
1bxs,D,181,PRO,-1.6,112.7,0.0,0,0,X,0.0,0.0,0.0,0.0,0.0,0.0,0.0,0.0,44,0.05035761871267001,20,17,3,0,0,0,0,0,0,0,0,1
1bxs,D,182,ALA,1.8,88.6,0.0,0,0,X,0.0,0.0,0.0,0.0,0.0,0.0,0.0,0.0,47,0.05408781269138631,22,8,14,0,0,0,0,0,0,0,0,1
1bxs,D,183,LEU,3.8,166.7,0.0,0,0,X,0.0,0.0,0.0,0.0,0.0,0.0,0.0,0.0,44,0.053155264196707235,16,2,14,0,0,0,0,0,0,0,0,1
1bxs,D,184,SER,-0.8,89.0,0.0,1,1,X,0.0,0.0,0.0,0.0,0.0,0.0,0.0,0.0,47,0.05408781269138631,23,12,11,0,0,0,0,0,0,0,0,1
1bxs,D,185,CYS,2.5,108.5,0.0,1,0,X,0.0,0.0,0.0,0.0,0.0,0.0,0.0,0.0,43,0.05175644145468863,24,17,7,0,0,0,0,0,0,0,0,1
1bxs,D,186,GLY,-0.4,60.1,0.0,0,0,X,0.0,0.0,0.0,0.0,0.0,0.0,0.0,0.0,44,0.050823892960009553,22,9,13,0,0,0,0,0,0,0,0,1
1bxs,D,187,ASN,-3.5,114.1,0.0,2,2,X,0.0,0.0,0.0,0.0,0.0,0.0,0.0,0.0,39,0.05781800667010261,28,16,12,0,0,0,0,0,0,0,0,1
1bxs,D,188,THR,-0.7,116.1,0.0,1,1,X,0.0,0.0,0.0,0.0,0.0,0.0,0.0,0.0,46,0.05408781269138631,28,8,20,0,0,0,0,0,0,0,0,1
1bxs,D,189,VAL,4.2,140.0,0.0,0,0,X,0.0,0.0,0.0,0.0,0.0,0.0,0.0,0.0,46,0.053155264196707235,19,1,18,0,0,0,0,0,0,0,0,1
1bxs,D,190,VAL,4.2,140.0,0.0,0,0,X,0.0,0.0,0.0,0.0,0.0,0.0,0.0,0.0,51,0.05222271570202816,27,9,18,0,0,0,0,0,0,0,0,1
1bxs,D,191,VAL,4.2,140.0,0.0,0,0,X,0.0,0.0,0.0,0.0,0.0,0.0,0.0,0.0,44,0.05175644145468863,17,0,17,0,0,0,0,0,0,0,0,1
1bxs,D,192,LYS,-3.9,168.6,1.0,2,0,X,0.0,0.0,0.0,0.0,0.0,0.0,0.0,0.0,43,0.048026247475972325,1,14,-13,0,0,0,0,0,0,0,0,1
1bxs,D,193,PRO,-1.6,112.7,0.0,0,0,X,0.0,0.0,0.0,0.0,0.0,0.0,0.0,0.0,41,0.05175644145468863,11,10,1,0,0,0,0,0,0,0,0,1
1bxs,D,194,ALA,1.8,88.6,0.0,0,0,X,0.0,0.0,0.0,0.0,0.0,0.0,0.0,0.0,39,0.04755997322863279,9,10,-1,0,0,0,0,0,0,0,0,1
1bxs,D,195,GLU,-3.5,138.4,-1.0,1,3,X,0.0,0.0,0.0,0.0,0.0,0.0,0.0,0.0,32,0.04243095650789788,8,14,-6,0,0,0,0,0,0,0,0,1
1bxs,D,196,GLN,-3.5,143.8,0.0,2,2,X,0.0,0.0,0.0,0.0,0.0,0.0,0.0,0.0,32,0.04429605349725603,5,22,-17,0,0,0,0,0,0,0,0,1
1bxs,D,197,THR,-0.7,116.1,0.0,1,1,X,0.0,0.0,0.0,0.0,0.0,0.0,0.0,0.0,41,0.048492521723311866,9,19,-10,0,0,0,0,0,0,0,0,1
1bxs,D,198,PRO,-1.6,112.7,0.0,0,0,X,0.0,0.0,0.0,0.0,0.0,0.0,0.0,0.0,42,0.04662742473395372,16,22,-6,0,0,0,0,0,0,0,0,1
1bxs,D,199,LEU,3.8,166.7,0.0,0,0,X,0.0,0.0,0.0,0.0,0.0,0.0,0.0,0.0,42,0.043829779249916496,19,17,2,0,0,0,0,0,0,0,0,1
1bxs,D,200,THR,-0.7,116.1,0.0,1,1,X,0.0,0.0,0.0,0.0,0.0,0.0,0.0,0.0,45,0.05035761871267001,12,11,1,0,0,0,0,0,0,0,0,1
1bxs,D,201,ALA,1.8,88.6,0.0,0,0,X,0.0,0.0,0.0,0.0,0.0,0.0,0.0,0.0,41,0.045228601991935104,17,6,11,0,0,0,0,0,0,0,0,1
1bxs,D,202,LEU,3.8,166.7,0.0,0,0,X,0.0,0.0,0.0,0.0,0.0,0.0,0.0,0.0,43,0.05502036118606539,25,9,16,0,0,0,0,0,0,0,0,1
1bxs,D,203,HIS,-3.2,153.2,0.1,2,1,X,0.0,0.0,0.0,0.0,0.0,0.0,0.0,0.0,35,0.045228601991935104,14,13,1,0,0,0,0,0,0,0,0,1
1bxs,D,204,MET,1.9,162.9,0.0,0,0,X,0.0,0.0,0.0,0.0,0.0,0.0,0.0,0.0,38,0.04989134446533048,15,11,4,0,0,0,0,0,0,0,0,1
1bxs,D,205,GLY,-0.4,60.1,0.0,0,0,X,0.0,0.0,0.0,0.0,0.0,0.0,0.0,0.0,38,0.05502036118606539,22,13,9,0,0,0,0,0,0,0,0,1
1bxs,D,206,SER,-0.8,89.0,0.0,1,1,X,0.0,0.0,0.0,0.0,0.0,0.0,0.0,0.0,30,0.045228601991935104,31,17,14,0,0,0,0,0,0,0,0,1
1bxs,D,207,LEU,3.8,166.7,0.0,0,0,X,0.0,0.0,0.0,0.0,0.0,0.0,0.0,0.0,37,0.048026247475972325,34,23,11,0,0,0,0,0,0,0,0,1
1bxs,D,208,ILE,4.5,166.7,0.0,0,0,X,0.0,0.0,0.0,0.0,0.0,0.0,0.0,0.0,39,0.048958795970651406,21,10,11,0,0,0,0,0,0,0,0,1
1bxs,D,209,LYS,-3.9,168.6,1.0,2,0,X,0.0,0.0,0.0,0.0,0.0,0.0,0.0,0.0,24,0.040565859518539735,2,18,-16,0,0,0,0,0,0,0,0,1
1bxs,D,210,GLU,-3.5,138.4,-1.0,1,3,X,0.0,0.0,0.0,0.0,0.0,0.0,0.0,0.0,22,0.030307826077069916,29,8,21,0,0,0,0,0,0,0,0,1
1bxs,D,211,ALA,1.8,88.6,0.0,0,0,X,0.0,0.0,0.0,0.0,0.0,0.0,0.0,0.0,29,0.040565859518539735,25,19,6,0,0,0,0,0,0,0,0,1
1bxs,D,212,GLY,-0.4,60.1,0.0,0,0,X,0.0,0.0,0.0,0.0,0.0,0.0,0.0,0.0,27,0.02984155182973038,23,16,7,0,0,0,0,0,0,0,0,1
1bxs,D,213,PHE,2.8,189.9,0.0,0,0,X,0.0,0.0,0.0,0.0,0.0,0.0,0.0,0.0,37,0.03963331102386066,24,13,11,0,0,0,0,0,0,0,0,1
1bxs,D,214,PRO,-1.6,112.7,0.0,0,0,X,0.0,0.0,0.0,0.0,0.0,0.0,0.0,0.0,30,0.03730193978716297,13,3,10,0,0,0,0,0,0,0,0,1
1bxs,D,215,PRO,-1.6,112.7,0.0,0,0,X,0.0,0.0,0.0,0.0,0.0,0.0,0.0,0.0,25,0.03730193978716297,10,9,1,0,0,0,0,0,0,0,0,1
1bxs,D,216,GLY,-0.4,60.1,0.0,0,0,X,0.0,0.0,0.0,0.0,0.0,0.0,0.0,0.0,36,0.05129016720734909,14,4,10,0,0,0,0,0,0,0,0,1
1bxs,D,217,VAL,4.2,140.0,0.0,0,0,X,0.0,0.0,0.0,0.0,0.0,0.0,0.0,0.0,45,0.05175644145468863,10,0,10,0,0,0,0,0,0,0,0,1
1bxs,D,218,VAL,4.2,140.0,0.0,0,0,X,0.0,0.0,0.0,0.0,0.0,0.0,0.0,0.0,44,0.05455408693872585,8,2,6,0,0,0,0,0,0,0,0,1
1bxs,D,219,ASN,-3.5,114.1,0.0,2,2,X,0.0,0.0,0.0,0.0,0.0,0.0,0.0,0.0,47,0.05175644145468863,19,8,11,0,0,0,0,0,0,0,0,1
1bxs,D,220,ILE,4.5,166.7,0.0,0,0,X,0.0,0.0,0.0,0.0,0.0,0.0,0.0,0.0,45,0.0526889899493677,21,7,14,0,0,0,0,0,0,0,0,1
1bxs,D,221,VAL,4.2,140.0,0.0,0,0,X,0.0,0.0,0.0,0.0,0.0,0.0,0.0,0.0,48,0.05222271570202816,29,32,-3,0,0,0,0,0,0,0,0,1
1bxs,D,222,PRO,-1.6,112.7,0.0,0,0,X,0.0,0.0,0.0,0.0,0.0,0.0,0.0,0.0,47,0.053155264196707235,21,41,-20,0,0,0,0,0,0,0,0,1
1bxs,D,223,GLY,-0.4,60.1,0.0,0,0,X,0.0,0.0,0.0,0.0,0.0,0.0,0.0,0.0,39,0.05455408693872585,16,34,-18,0,0,0,0,0,0,0,0,1
1bxs,D,224,TYR,-1.3,193.6,0.0,1,1,X,0.0,0.0,0.0,0.0,0.0,0.0,0.0,0.0,26,0.04243095650789788,14,27,-13,0,0,0,0,0,0,0,0,1
1bxs,D,225,GLY,-0.4,60.1,0.0,0,0,X,0.0,0.0,0.0,0.0,0.0,0.0,0.0,0.0,28,0.03310547156110714,10,19,-9,0,0,0,0,0,0,0,0,1
1bxs,D,226,PRO,-1.6,112.7,0.0,0,0,X,0.0,0.0,0.0,0.0,0.0,0.0,0.0,0.0,20,0.02144861537761871,5,13,-8,0,0,0,0,0,0,0,0,1
1bxs,D,227,THR,-0.7,116.1,0.0,1,1,X,0.0,0.0,0.0,0.0,0.0,0.0,0.0,0.0,24,0.03170664881908853,12,28,-16,0,0,0,0,0,0,0,0,1
1bxs,D,228,ALA,1.8,88.6,0.0,0,0,X,0.0,0.0,0.0,0.0,0.0,0.0,0.0,0.0,37,0.048958795970651406,18,37,-19,0,0,0,0,0,0,0,0,1
1bxs,D,229,GLY,-0.4,60.1,0.0,0,0,X,0.0,0.0,0.0,0.0,0.0,0.0,0.0,0.0,38,0.04196468226055834,21,10,11,0,0,0,0,0,0,0,0,1
1bxs,D,230,ALA,1.8,88.6,0.0,0,0,X,0.0,0.0,0.0,0.0,0.0,0.0,0.0,0.0,29,0.034970568550465285,20,10,10,0,0,0,0,0,0,0,0,1
1bxs,D,231,ALA,1.8,88.6,0.0,0,0,X,0.0,0.0,0.0,0.0,0.0,0.0,0.0,0.0,34,0.03963331102386066,23,26,-3,0,0,0,0,0,0,0,0,1
1bxs,D,232,ILE,4.5,166.7,0.0,0,0,X,0.0,0.0,0.0,0.0,0.0,0.0,0.0,0.0,44,0.04476232774459557,33,17,16,0,0,0,0,0,0,0,0,1
1bxs,D,233,SER,-0.8,89.0,0.0,1,1,X,0.0,0.0,0.0,0.0,0.0,0.0,0.0,0.0,44,0.04662742473395372,41,9,32,0,0,0,0,0,0,0,0,1
1bxs,D,234,SER,-0.8,89.0,0.0,1,1,X,0.0,0.0,0.0,0.0,0.0,0.0,0.0,0.0,30,0.043363505002576956,31,12,19,0,0,0,0,0,0,0,0,1
1bxs,D,235,HIS,-3.2,153.2,0.1,2,1,X,0.0,0.0,0.0,0.0,0.0,0.0,0.0,0.0,34,0.03916703677652112,26,24,2,0,0,0,0,0,0,0,0,1
1bxs,D,236,MET,1.9,162.9,0.0,0,0,X,0.0,0.0,0.0,0.0,0.0,0.0,0.0,0.0,23,0.03357174580844668,30,16,14,0,0,0,0,0,0,0,0,1
1bxs,D,237,ASP,-3.5,111.1,-1.0,1,3,X,0.0,0.0,0.0,0.0,0.0,0.0,0.0,0.0,33,0.0363693912924839,46,15,31,0,0,0,0,0,0,0,0,1
1bxs,D,238,VAL,4.2,140.0,0.0,0,0,X,0.0,0.0,0.0,0.0,0.0,0.0,0.0,0.0,39,0.04942507021799094,51,17,34,0,0,0,0,0,0,0,0,1
1bxs,D,239,ASP,-3.5,111.1,-1.0,1,3,X,0.0,0.0,0.0,0.0,0.0,0.0,0.0,0.0,38,0.048026247475972325,55,16,39,0,0,0,0,0,0,0,0,1
1bxs,D,240,LYS,-3.9,168.6,1.0,2,0,X,0.0,0.0,0.0,0.0,0.0,0.0,0.0,0.0,39,0.050823892960009553,27,24,3,0,0,0,0,0,0,0,0,1
1bxs,D,241,VAL,4.2,140.0,0.0,0,0,X,0.0,0.0,0.0,0.0,0.0,0.0,0.0,0.0,43,0.05175644145468863,43,8,35,0,0,0,0,0,0,0,0,1
1bxs,D,242,ALA,1.8,88.6,0.0,0,0,X,0.0,0.0,0.0,0.0,0.0,0.0,0.0,0.0,42,0.04942507021799094,36,19,17,0,0,0,0,0,0,0,0,1
1bxs,D,243,PHE,2.8,189.9,0.0,0,0,X,0.0,0.0,0.0,0.0,0.0,0.0,0.0,0.0,36,0.048492521723311866,17,17,0,0,0,0,0,0,0,0,0,1
1bxs,D,244,THR,-0.7,116.1,0.0,1,1,X,0.0,0.0,0.0,0.0,0.0,0.0,0.0,0.0,40,0.04243095650789788,9,14,-5,0,0,0,0,0,0,0,0,1
1bxs,D,245,GLY,-0.4,60.1,0.0,0,0,X,0.0,0.0,0.0,0.0,0.0,0.0,0.0,0.0,36,0.040099585271200194,4,20,-16,0,0,0,0,0,0,0,0,1
1bxs,D,246,SER,-0.8,89.0,0.0,1,1,X,0.0,0.0,0.0,0.0,0.0,0.0,0.0,0.0,30,0.03403802005578621,9,21,-12,0,0,0,0,0,0,0,0,1
1bxs,D,247,THR,-0.7,116.1,0.0,1,1,X,0.0,0.0,0.0,0.0,0.0,0.0,0.0,0.0,28,0.04196468226055834,12,20,-8,0,0,0,0,0,0,0,0,1
1bxs,D,248,GLU,-3.5,138.4,-1.0,1,3,X,0.0,0.0,0.0,0.0,0.0,0.0,0.0,0.0,19,0.028909003335051305,10,4,6,0,0,0,0,0,0,0,0,1
1bxs,D,249,VAL,4.2,140.0,0.0,0,0,X,0.0,0.0,0.0,0.0,0.0,0.0,0.0,0.0,26,0.032639197313767604,12,19,-7,0,0,0,0,0,0,0,0,1
1bxs,D,250,GLY,-0.4,60.1,0.0,0,0,X,0.0,0.0,0.0,0.0,0.0,0.0,0.0,0.0,33,0.04989134446533048,22,24,-2,0,0,0,0,0,0,0,0,1
1bxs,D,251,LYS,-3.9,168.6,1.0,2,0,X,0.0,0.0,0.0,0.0,0.0,0.0,0.0,0.0,24,0.04709369898129325,20,22,-2,0,0,0,0,0,0,0,0,1
1bxs,D,252,LEU,3.8,166.7,0.0,0,0,X,0.0,0.0,0.0,0.0,0.0,0.0,0.0,0.0,26,0.03450429430312575,31,21,10,0,0,0,0,0,0,0,0,1
1bxs,D,253,ILE,4.5,166.7,0.0,0,0,X,0.0,0.0,0.0,0.0,0.0,0.0,0.0,0.0,40,0.045228601991935104,36,14,22,0,0,0,0,0,0,0,0,1
1bxs,D,254,LYS,-3.9,168.6,1.0,2,0,X,0.0,0.0,0.0,0.0,0.0,0.0,0.0,0.0,27,0.05222271570202816,47,18,29,0,0,0,0,0,0,0,0,1
1bxs,D,255,GLU,-3.5,138.4,-1.0,1,3,X,0.0,0.0,0.0,0.0,0.0,0.0,0.0,0.0,18,0.048492521723311866,48,2,46,0,0,0,0,0,0,0,0,1
1bxs,D,256,ALA,1.8,88.6,0.0,0,0,X,0.0,0.0,0.0,0.0,0.0,0.0,0.0,0.0,27,0.04429605349725603,57,18,39,0,0,0,0,0,0,0,0,1
1bxs,D,257,ALA,1.8,88.6,0.0,0,0,X,0.0,0.0,0.0,0.0,0.0,0.0,0.0,0.0,30,0.053621538444046775,64,21,43,0,0,0,0,0,0,0,0,1
1bxs,D,258,GLY,-0.4,60.1,0.0,0,0,X,0.0,0.0,0.0,0.0,0.0,0.0,0.0,0.0,27,0.05175644145468863,54,22,32,0,0,0,0,0,0,0,0,1
1bxs,D,259,LYS,-3.9,168.6,1.0,2,0,X,0.0,0.0,0.0,0.0,0.0,0.0,0.0,0.0,19,0.03450429430312575,27,19,8,0,0,0,0,0,0,0,0,1
1bxs,D,260,SER,-0.8,89.0,0.0,1,1,X,0.0,0.0,0.0,0.0,0.0,0.0,0.0,0.0,28,0.03823448828184205,44,14,30,0,0,0,0,0,0,0,0,1
1bxs,D,261,ASN,-3.5,114.1,0.0,2,2,X,0.0,0.0,0.0,0.0,0.0,0.0,0.0,0.0,35,0.04709369898129325,62,17,45,0,0,0,0,0,0,0,0,1
1bxs,D,262,LEU,3.8,166.7,0.0,0,0,X,0.0,0.0,0.0,0.0,0.0,0.0,0.0,0.0,40,0.05175644145468863,58,20,38,0,0,0,0,0,0,0,0,1
1bxs,D,263,LYS,-3.9,168.6,1.0,2,0,X,0.0,0.0,0.0,0.0,0.0,0.0,0.0,0.0,40,0.048958795970651406,50,18,32,0,0,0,0,0,0,0,0,1
1bxs,D,264,ARG,-4.5,173.4,1.0,5,0,X,0.0,0.0,0.0,0.0,0.0,0.0,0.0,0.0,36,0.04149840801321881,36,22,14,0,0,0,0,0,0,0,0,1
1bxs,D,265,VAL,4.2,140.0,0.0,0,0,X,0.0,0.0,0.0,0.0,0.0,0.0,0.0,0.0,31,0.043829779249916496,55,15,40,0,0,0,0,0,0,0,0,1
1bxs,D,266,SER,-0.8,89.0,0.0,1,1,X,0.0,0.0,0.0,0.0,0.0,0.0,0.0,0.0,34,0.04289723075523742,40,27,13,0,0,0,0,0,0,0,0,1
1bxs,D,267,LEU,3.8,166.7,0.0,0,0,X,0.0,0.0,0.0,0.0,0.0,0.0,0.0,0.0,42,0.04755997322863279,41,19,22,0,0,0,0,0,0,0,0,1
1bxs,D,268,GLU,-3.5,138.4,-1.0,1,3,X,0.0,0.0,0.0,0.0,0.0,0.0,0.0,0.0,42,0.050823892960009553,17,10,7,0,0,0,0,0,0,0,0,1
1bxs,D,269,LEU,3.8,166.7,0.0,0,0,X,0.0,0.0,0.0,0.0,0.0,0.0,0.0,0.0,44,0.04755997322863279,12,20,-8,0,0,0,0,0,0,0,0,1
1bxs,D,270,GLY,-0.4,60.1,0.0,0,0,X,0.0,0.0,0.0,0.0,0.0,0.0,0.0,0.0,41,0.04289723075523742,11,22,-11,0,0,0,0,0,0,0,0,1
1bxs,D,271,GLY,-0.4,60.1,0.0,0,0,X,0.0,0.0,0.0,0.0,0.0,0.0,0.0,0.0,40,0.05035761871267001,23,17,6,0,0,0,0,0,0,0,0,1
1bxs,D,272,LYS,-3.9,168.6,1.0,2,0,X,0.0,0.0,0.0,0.0,0.0,0.0,0.0,0.0,42,0.05222271570202816,23,16,7,0,0,0,0,0,0,0,0,1
1bxs,D,273,SER,-0.8,89.0,0.0,1,1,X,0.0,0.0,0.0,0.0,0.0,0.0,0.0,0.0,46,0.053621538444046775,22,8,14,0,0,0,0,0,0,0,0,1
1bxs,D,274,PRO,-1.6,112.7,0.0,0,0,X,0.0,0.0,0.0,0.0,0.0,0.0,0.0,0.0,44,0.05129016720734909,25,0,25,0,0,0,0,0,0,0,0,1
1bxs,D,275,CYS,2.5,108.5,0.0,1,0,X,0.0,0.0,0.0,0.0,0.0,0.0,0.0,0.0,44,0.05035761871267001,15,1,14,0,0,0,0,0,0,0,0,1
1bxs,D,276,ILE,4.5,166.7,0.0,0,0,X,0.0,0.0,0.0,0.0,0.0,0.0,0.0,0.0,46,0.05129016720734909,18,10,8,0,0,0,0,0,0,0,0,1
1bxs,D,277,VAL,4.2,140.0,0.0,0,0,X,0.0,0.0,0.0,0.0,0.0,0.0,0.0,0.0,37,0.05688545817542354,7,26,-19,0,0,0,0,0,0,0,0,1
1bxs,D,278,PHE,2.8,189.9,0.0,0,0,X,0.0,0.0,0.0,0.0,0.0,0.0,0.0,0.0,36,0.04709369898129325,13,30,-17,0,0,0,0,0,0,0,0,1
1bxs,D,279,ALA,1.8,88.6,0.0,0,0,X,0.0,0.0,0.0,0.0,0.0,0.0,0.0,0.0,24,0.03683566553982344,5,32,-27,0,0,0,0,0,0,0,0,1
1bxs,D,280,ASP,-3.5,111.1,-1.0,1,3,X,0.0,0.0,0.0,0.0,0.0,0.0,0.0,0.0,21,0.030774100324409453,8,22,-14,0,0,0,0,0,0,0,0,1
1bxs,D,281,ALA,1.8,88.6,0.0,0,0,X,0.0,0.0,0.0,0.0,0.0,0.0,0.0,0.0,27,0.04149840801321881,4,37,-33,0,0,0,0,0,0,0,0,1
1bxs,D,282,ASP,-3.5,111.1,-1.0,1,3,X,0.0,0.0,0.0,0.0,0.0,0.0,0.0,0.0,23,0.03450429430312575,9,19,-10,0,0,0,0,0,0,0,0,1
1bxs,D,283,LEU,3.8,166.7,0.0,0,0,X,0.0,0.0,0.0,0.0,0.0,0.0,0.0,0.0,24,0.03776821403450251,10,34,-24,0,0,0,0,0,0,0,0,1
1bxs,D,284,ASP,-3.5,111.1,-1.0,1,3,X,0.0,0.0,0.0,0.0,0.0,0.0,0.0,0.0,16,0.02984155182973038,12,22,-10,0,0,0,0,0,0,0,0,1
1bxs,D,285,ASN,-3.5,114.1,0.0,2,2,X,0.0,0.0,0.0,0.0,0.0,0.0,0.0,0.0,22,0.03870076252918159,12,25,-13,0,0,0,0,0,0,0,0,1
1bxs,D,286,ALA,1.8,88.6,0.0,0,0,X,0.0,0.0,0.0,0.0,0.0,0.0,0.0,0.0,34,0.048958795970651406,15,26,-11,0,0,0,0,0,0,0,0,1
1bxs,D,287,VAL,4.2,140.0,0.0,0,0,X,0.0,0.0,0.0,0.0,0.0,0.0,0.0,0.0,32,0.048492521723311866,36,33,3,0,0,0,0,0,0,0,0,1
1bxs,D,288,GLU,-3.5,138.4,-1.0,1,3,X,0.0,0.0,0.0,0.0,0.0,0.0,0.0,0.0,26,0.03870076252918159,28,10,18,0,0,0,0,0,0,0,0,1
1bxs,D,289,PHE,2.8,189.9,0.0,0,0,X,0.0,0.0,0.0,0.0,0.0,0.0,0.0,0.0,30,0.04429605349725603,17,18,-1,0,0,0,0,0,0,0,0,1
1bxs,D,290,ALA,1.8,88.6,0.0,0,0,X,0.0,0.0,0.0,0.0,0.0,0.0,0.0,0.0,42,0.04989134446533048,22,11,11,0,0,0,0,0,0,0,0,1
1bxs,D,291,HIS,-3.2,153.2,0.1,2,1,X,0.0,0.0,0.0,0.0,0.0,0.0,0.0,0.0,36,0.048492521723311866,25,14,11,0,0,0,0,0,0,0,0,1
1bxs,D,292,GLN,-3.5,143.8,0.0,2,2,X,0.0,0.0,0.0,0.0,0.0,0.0,0.0,0.0,27,0.04243095650789788,24,9,15,0,0,0,0,0,0,0,0,1
1bxs,D,293,GLY,-0.4,60.1,0.0,0,0,X,0.0,0.0,0.0,0.0,0.0,0.0,0.0,0.0,40,0.04709369898129325,18,8,10,0,0,0,0,0,0,0,0,1
1bxs,D,294,VAL,4.2,140.0,0.0,0,0,X,0.0,0.0,0.0,0.0,0.0,0.0,0.0,0.0,39,0.050823892960009553,21,2,19,0,0,0,0,0,0,0,0,1
1bxs,D,295,PHE,2.8,189.9,0.0,0,0,X,0.0,0.0,0.0,0.0,0.0,0.0,0.0,0.0,39,0.05035761871267001,27,3,24,0,0,0,0,0,0,0,0,1
1bxs,D,296,TYR,-1.3,193.6,0.0,1,1,X,0.0,0.0,0.0,0.0,0.0,0.0,0.0,0.0,30,0.04103213376587927,24,6,18,0,0,0,0,0,0,0,0,1
1bxs,D,297,HIS,-3.2,153.2,0.1,2,1,X,0.0,0.0,0.0,0.0,0.0,0.0,0.0,0.0,36,0.04662742473395372,9,6,3,0,0,0,0,0,0,0,0,1
1bxs,D,298,GLN,-3.5,143.8,0.0,2,2,X,0.0,0.0,0.0,0.0,0.0,0.0,0.0,0.0,40,0.045694876239274644,19,0,19,0,0,0,0,0,0,0,0,1
1bxs,D,299,GLY,-0.4,60.1,0.0,0,0,X,0.0,0.0,0.0,0.0,0.0,0.0,0.0,0.0,36,0.05035761871267001,12,8,4,0,0,0,0,0,0,0,0,1
1bxs,D,300,GLN,-3.5,143.8,0.0,2,2,X,0.0,0.0,0.0,0.0,0.0,0.0,0.0,0.0,35,0.05035761871267001,17,6,11,0,0,0,0,0,0,0,0,1
1bxs,D,301,CYS,2.5,108.5,0.0,1,0,X,0.0,0.0,0.0,0.0,0.0,0.0,0.0,0.0,40,0.045694876239274644,12,7,5,0,0,0,0,0,0,0,0,1
1bxs,D,302,CYS,2.5,108.5,0.0,1,0,X,0.0,0.0,0.0,0.0,0.0,0.0,0.0,0.0,42,0.03823448828184205,7,15,-8,0,0,0,0,0,0,0,0,1
1bxs,D,303,ILE,4.5,166.7,0.0,0,0,X,0.0,0.0,0.0,0.0,0.0,0.0,0.0,0.0,42,0.04429605349725603,5,5,0,0,0,0,0,0,0,0,0,1
1bxs,D,304,ALA,1.8,88.6,0.0,0,0,X,0.0,0.0,0.0,0.0,0.0,0.0,0.0,0.0,45,0.048958795970651406,23,11,12,0,0,0,0,0,0,0,0,1
1bxs,D,305,ALA,1.8,88.6,0.0,0,0,X,0.0,0.0,0.0,0.0,0.0,0.0,0.0,0.0,43,0.05455408693872585,24,3,21,0,0,0,0,0,0,0,0,1
1bxs,D,306,SER,-0.8,89.0,0.0,1,1,X,0.0,0.0,0.0,0.0,0.0,0.0,0.0,0.0,42,0.053155264196707235,28,14,14,0,0,0,0,0,0,0,0,1
1bxs,D,307,ARG,-4.5,173.4,1.0,5,0,X,0.0,0.0,0.0,0.0,0.0,0.0,0.0,0.0,47,0.05175644145468863,30,14,16,0,0,0,0,0,0,0,0,1
1bxs,D,308,LEU,3.8,166.7,0.0,0,0,X,0.0,0.0,0.0,0.0,0.0,0.0,0.0,0.0,44,0.050823892960009553,22,3,19,0,0,0,0,0,0,0,0,1
1bxs,D,309,PHE,2.8,189.9,0.0,0,0,X,0.0,0.0,0.0,0.0,0.0,0.0,0.0,0.0,40,0.050823892960009553,35,19,16,0,0,0,0,0,0,0,0,1
1bxs,D,310,VAL,4.2,140.0,0.0,0,0,X,0.0,0.0,0.0,0.0,0.0,0.0,0.0,0.0,36,0.058284280917442144,19,33,-14,0,0,0,0,0,0,0,0,1
1bxs,D,311,GLU,-3.5,138.4,-1.0,1,3,X,0.0,0.0,0.0,0.0,0.0,0.0,0.0,0.0,28,0.048958795970651406,18,18,0,0,0,0,0,0,0,0,0,1
1bxs,D,312,GLU,-3.5,138.4,-1.0,1,3,X,0.0,0.0,0.0,0.0,0.0,0.0,0.0,0.0,19,0.03963331102386066,15,19,-4,0,0,0,0,0,0,0,0,1
1bxs,D,313,SER,-0.8,89.0,0.0,1,1,X,0.0,0.0,0.0,0.0,0.0,0.0,0.0,0.0,18,0.02611135785101408,13,36,-23,0,0,0,0,0,0,0,0,1
1bxs,D,314,ILE,4.5,166.7,0.0,0,0,X,0.0,0.0,0.0,0.0,0.0,0.0,0.0,0.0,27,0.03870076252918159,18,44,-26,0,0,0,0,0,0,0,0,1
1bxs,D,315,TYR,-1.3,193.6,0.0,1,1,X,0.0,0.0,0.0,0.0,0.0,0.0,0.0,0.0,27,0.04429605349725603,24,42,-18,0,0,0,0,0,0,0,0,1
1bxs,D,316,ASP,-3.5,111.1,-1.0,1,3,X,0.0,0.0,0.0,0.0,0.0,0.0,0.0,0.0,20,0.035436842797804825,25,28,-3,0,0,0,0,0,0,0,0,1
1bxs,D,317,GLU,-3.5,138.4,-1.0,1,3,X,0.0,0.0,0.0,0.0,0.0,0.0,0.0,0.0,18,0.03590311704514436,22,16,6,0,0,0,0,0,0,0,0,1
1bxs,D,318,PHE,2.8,189.9,0.0,0,0,X,0.0,0.0,0.0,0.0,0.0,0.0,0.0,0.0,40,0.04755997322863279,27,36,-9,0,0,0,0,0,0,0,0,1
1bxs,D,319,VAL,4.2,140.0,0.0,0,0,X,0.0,0.0,0.0,0.0,0.0,0.0,0.0,0.0,28,0.04755997322863279,30,38,-8,0,0,0,0,0,0,0,0,1
1bxs,D,320,ARG,-4.5,173.4,1.0,5,0,X,0.0,0.0,0.0,0.0,0.0,0.0,0.0,0.0,16,0.03403802005578621,13,29,-16,0,0,0,0,0,0,0,0,1
1bxs,D,321,ARG,-4.5,173.4,1.0,5,0,X,0.0,0.0,0.0,0.0,0.0,0.0,0.0,0.0,22,0.03870076252918159,21,36,-15,0,0,0,0,0,0,0,0,1
1bxs,D,322,SER,-0.8,89.0,0.0,1,1,X,0.0,0.0,0.0,0.0,0.0,0.0,0.0,0.0,38,0.04616115048661418,48,35,13,0,0,0,0,0,0,0,0,1
1bxs,D,323,VAL,4.2,140.0,0.0,0,0,X,0.0,0.0,0.0,0.0,0.0,0.0,0.0,0.0,28,0.04289723075523742,45,22,23,0,0,0,0,0,0,0,0,1
1bxs,D,324,GLU,-3.5,138.4,-1.0,1,3,X,0.0,0.0,0.0,0.0,0.0,0.0,0.0,0.0,18,0.03124037457174899,49,3,46,0,0,0,0,0,0,0,0,1
1bxs,D,325,ARG,-4.5,173.4,1.0,5,0,X,0.0,0.0,0.0,0.0,0.0,0.0,0.0,0.0,25,0.040565859518539735,35,19,16,0,0,0,0,0,0,0,0,1
1bxs,D,326,ALA,1.8,88.6,0.0,0,0,X,0.0,0.0,0.0,0.0,0.0,0.0,0.0,0.0,31,0.04662742473395372,46,15,31,0,0,0,0,0,0,0,0,1
1bxs,D,327,LYS,-3.9,168.6,1.0,2,0,X,0.0,0.0,0.0,0.0,0.0,0.0,0.0,0.0,21,0.03357174580844668,26,13,13,0,0,0,0,0,0,0,0,1
1bxs,D,328,LYS,-3.9,168.6,1.0,2,0,X,0.0,0.0,0.0,0.0,0.0,0.0,0.0,0.0,16,0.028909003335051305,28,12,16,0,0,0,0,0,0,0,0,1
1bxs,D,329,TYR,-1.3,193.6,0.0,1,1,X,0.0,0.0,0.0,0.0,0.0,0.0,0.0,0.0,28,0.03310547156110714,35,3,32,0,0,0,0,0,0,0,0,1
1bxs,D,330,VAL,4.2,140.0,0.0,0,0,X,0.0,0.0,0.0,0.0,0.0,0.0,0.0,0.0,20,0.03170664881908853,9,0,9,0,0,0,0,0,0,0,0,1
1bxs,D,331,LEU,3.8,166.7,0.0,0,0,X,0.0,0.0,0.0,0.0,0.0,0.0,0.0,0.0,30,0.040565859518539735,5,0,5,0,0,0,0,0,0,0,0,1
1bxs,D,332,GLY,-0.4,60.1,0.0,0,0,X,0.0,0.0,0.0,0.0,0.0,0.0,0.0,0.0,31,0.04103213376587927,9,0,9,0,0,0,0,0,0,0,0,1
1bxs,D,333,ASN,-3.5,114.1,0.0,2,2,X,0.0,0.0,0.0,0.0,0.0,0.0,0.0,0.0,31,0.040565859518539735,7,3,4,0,0,0,0,0,0,0,0,1
1bxs,D,334,PRO,-1.6,112.7,0.0,0,0,X,0.0,0.0,0.0,0.0,0.0,0.0,0.0,0.0,37,0.04755997322863279,10,3,7,0,0,0,0,0,0,0,0,1
1bxs,D,335,LEU,3.8,166.7,0.0,0,0,X,0.0,0.0,0.0,0.0,0.0,0.0,0.0,0.0,33,0.04243095650789788,6,5,1,0,0,0,0,0,0,0,0,1
1bxs,D,336,THR,-0.7,116.1,0.0,1,1,X,0.0,0.0,0.0,0.0,0.0,0.0,0.0,0.0,21,0.027043906345693154,1,0,1,0,0,0,0,0,0,0,0,1
1bxs,D,337,PRO,-1.6,112.7,0.0,0,0,X,0.0,0.0,0.0,0.0,0.0,0.0,0.0,0.0,16,0.018650969893581486,0,0,0,0,0,0,0,0,0,0,0,1
1bxs,D,338,GLY,-0.4,60.1,0.0,0,0,X,0.0,0.0,0.0,0.0,0.0,0.0,0.0,0.0,17,0.01818469564624195,2,0,2,0,0,0,0,0,0,0,0,1
1bxs,D,339,VAL,4.2,140.0,0.0,0,0,X,0.0,0.0,0.0,0.0,0.0,0.0,0.0,0.0,25,0.0363693912924839,4,0,4,0,0,0,0,0,0,0,0,1
1bxs,D,340,SER,-0.8,89.0,0.0,1,1,X,0.0,0.0,0.0,0.0,0.0,0.0,0.0,0.0,32,0.03310547156110714,18,0,18,0,0,0,0,0,0,0,0,1
1bxs,D,341,GLN,-3.5,143.8,0.0,2,2,X,0.0,0.0,0.0,0.0,0.0,0.0,0.0,0.0,34,0.045228601991935104,17,0,17,0,0,0,0,0,0,0,0,1
1bxs,D,342,GLY,-0.4,60.1,0.0,0,0,X,0.0,0.0,0.0,0.0,0.0,0.0,0.0,0.0,40,0.05408781269138631,17,0,17,0,0,0,0,0,0,0,0,1
1bxs,D,343,PRO,-1.6,112.7,0.0,0,0,X,0.0,0.0,0.0,0.0,0.0,0.0,0.0,0.0,41,0.05455408693872585,20,8,12,0,0,0,0,0,0,0,0,1
1bxs,D,344,GLN,-3.5,143.8,0.0,2,2,X,0.0,0.0,0.0,0.0,0.0,0.0,0.0,0.0,39,0.05968310365946076,20,15,5,0,0,0,0,0,0,0,0,1
1bxs,D,345,ILE,4.5,166.7,0.0,0,0,X,0.0,0.0,0.0,0.0,0.0,0.0,0.0,0.0,37,0.05222271570202816,16,22,-6,0,0,0,0,0,0,0,0,1
1bxs,D,346,ASP,-3.5,111.1,-1.0,1,3,X,0.0,0.0,0.0,0.0,0.0,0.0,0.0,0.0,28,0.04243095650789788,13,26,-13,0,0,0,0,0,0,0,0,1
1bxs,D,347,LYS,-3.9,168.6,1.0,2,0,X,0.0,0.0,0.0,0.0,0.0,0.0,0.0,0.0,16,0.035436842797804825,4,31,-27,0,0,0,0,0,0,0,0,1
1bxs,D,348,GLU,-3.5,138.4,-1.0,1,3,X,0.0,0.0,0.0,0.0,0.0,0.0,0.0,0.0,15,0.02984155182973038,18,18,0,0,0,0,0,0,0,0,0,1
1bxs,D,349,GLN,-3.5,143.8,0.0,2,2,X,0.0,0.0,0.0,0.0,0.0,0.0,0.0,0.0,26,0.04709369898129325,15,32,-17,0,0,0,0,0,0,0,0,1
1bxs,D,350,TYR,-1.3,193.6,0.0,1,1,X,0.0,0.0,0.0,0.0,0.0,0.0,0.0,0.0,29,0.05222271570202816,16,27,-11,0,0,0,0,0,0,0,0,1
1bxs,D,351,GLU,-3.5,138.4,-1.0,1,3,X,0.0,0.0,0.0,0.0,0.0,0.0,0.0,0.0,15,0.03683566553982344,17,24,-7,0,0,0,0,0,0,0,0,1
1bxs,D,352,LYS,-3.9,168.6,1.0,2,0,X,0.0,0.0,0.0,0.0,0.0,0.0,0.0,0.0,26,0.040099585271200194,9,48,-39,0,0,0,0,0,0,0,0,1
1bxs,D,353,ILE,4.5,166.7,0.0,0,0,X,0.0,0.0,0.0,0.0,0.0,0.0,0.0,0.0,37,0.050823892960009553,15,32,-17,0,0,0,0,0,0,0,0,1
1bxs,D,354,LEU,3.8,166.7,0.0,0,0,X,0.0,0.0,0.0,0.0,0.0,0.0,0.0,0.0,32,0.04289723075523742,14,29,-15,0,0,0,0,0,0,0,0,1
1bxs,D,355,ASP,-3.5,111.1,-1.0,1,3,X,0.0,0.0,0.0,0.0,0.0,0.0,0.0,0.0,20,0.03450429430312575,30,24,6,0,0,0,0,0,0,0,0,1
1bxs,D,356,LEU,3.8,166.7,0.0,0,0,X,0.0,0.0,0.0,0.0,0.0,0.0,0.0,0.0,30,0.04755997322863279,35,41,-6,0,0,0,0,0,0,0,0,1
1bxs,D,357,ILE,4.5,166.7,0.0,0,0,X,0.0,0.0,0.0,0.0,0.0,0.0,0.0,0.0,35,0.04662742473395372,29,22,7,0,0,0,0,0,0,0,0,1
1bxs,D,358,GLU,-3.5,138.4,-1.0,1,3,X,0.0,0.0,0.0,0.0,0.0,0.0,0.0,0.0,22,0.03590311704514436,26,17,9,0,0,0,0,0,0,0,0,1
1bxs,D,359,SER,-0.8,89.0,0.0,1,1,X,0.0,0.0,0.0,0.0,0.0,0.0,0.0,0.0,25,0.04289723075523742,31,33,-2,0,0,0,0,0,0,0,0,1
1bxs,D,360,GLY,-0.4,60.1,0.0,0,0,X,0.0,0.0,0.0,0.0,0.0,0.0,0.0,0.0,32,0.05222271570202816,33,30,3,0,0,0,0,0,0,0,0,1
1bxs,D,361,LYS,-3.9,168.6,1.0,2,0,X,0.0,0.0,0.0,0.0,0.0,0.0,0.0,0.0,25,0.03730193978716297,14,22,-8,0,0,0,0,0,0,0,0,1
1bxs,D,362,LYS,-3.9,168.6,1.0,2,0,X,0.0,0.0,0.0,0.0,0.0,0.0,0.0,0.0,14,0.026577632098353617,14,23,-9,0,0,0,0,0,0,0,0,1
1bxs,D,363,GLU,-3.5,138.4,-1.0,1,3,X,0.0,0.0,0.0,0.0,0.0,0.0,0.0,0.0,22,0.025645083603674543,28,21,7,0,0,0,0,0,0,0,0,1
1bxs,D,364,GLY,-0.4,60.1,0.0,0,0,X,0.0,0.0,0.0,0.0,0.0,0.0,0.0,0.0,19,0.02331371236697686,23,22,1,0,0,0,0,0,0,0,0,1
1bxs,D,365,ALA,1.8,88.6,0.0,0,0,X,0.0,0.0,0.0,0.0,0.0,0.0,0.0,0.0,29,0.04289723075523742,25,28,-3,0,0,0,0,0,0,0,0,1
1bxs,D,366,LYS,-3.9,168.6,1.0,2,0,X,0.0,0.0,0.0,0.0,0.0,0.0,0.0,0.0,22,0.0363693912924839,6,20,-14,0,0,0,0,0,0,0,0,1
1bxs,D,367,LEU,3.8,166.7,0.0,0,0,X,0.0,0.0,0.0,0.0,0.0,0.0,0.0,0.0,27,0.03870076252918159,19,14,5,0,0,0,0,0,0,0,0,1
1bxs,D,368,GLU,-3.5,138.4,-1.0,1,3,X,0.0,0.0,0.0,0.0,0.0,0.0,0.0,0.0,26,0.03590311704514436,21,10,11,0,0,0,0,0,0,0,0,1
1bxs,D,369,CYS,2.5,108.5,0.0,1,0,X,0.0,0.0,0.0,0.0,0.0,0.0,0.0,0.0,28,0.03963331102386066,20,13,7,0,0,0,0,0,0,0,0,1
1bxs,D,370,GLY,-0.4,60.1,0.0,0,0,X,0.0,0.0,0.0,0.0,0.0,0.0,0.0,0.0,25,0.03170664881908853,14,8,6,0,0,0,0,0,0,0,0,1
1bxs,D,371,GLY,-0.4,60.1,0.0,0,0,X,0.0,0.0,0.0,0.0,0.0,0.0,0.0,0.0,26,0.04149840801321881,9,16,-7,0,0,0,0,0,0,0,0,1
1bxs,D,372,GLY,-0.4,60.1,0.0,0,0,X,0.0,0.0,0.0,0.0,0.0,0.0,0.0,0.0,26,0.03357174580844668,4,6,-2,0,0,0,0,0,0,0,0,1
1bxs,D,373,PRO,-1.6,112.7,0.0,0,0,X,0.0,0.0,0.0,0.0,0.0,0.0,0.0,0.0,23,0.03357174580844668,1,2,-1,0,0,0,0,0,0,0,0,1
1bxs,D,374,TRP,-0.9,227.8,0.0,1,0,X,0.0,0.0,0.0,0.0,0.0,0.0,0.0,0.0,22,0.03450429430312575,5,0,5,0,0,0,0,0,0,0,0,1
1bxs,D,375,GLY,-0.4,60.1,0.0,0,0,X,0.0,0.0,0.0,0.0,0.0,0.0,0.0,0.0,16,0.027510180593032695,5,2,3,0,0,0,0,0,0,0,0,1
1bxs,D,376,ASN,-3.5,114.1,0.0,2,2,X,0.0,0.0,0.0,0.0,0.0,0.0,0.0,0.0,11,0.017252147151562876,5,5,0,0,0,0,0,0,0,0,0,1
1bxs,D,377,LYS,-3.9,168.6,1.0,2,0,X,0.0,0.0,0.0,0.0,0.0,0.0,0.0,0.0,17,0.026577632098353617,0,12,-12,0,0,0,0,0,0,0,0,1
1bxs,D,378,GLY,-0.4,60.1,0.0,0,0,X,0.0,0.0,0.0,0.0,0.0,0.0,0.0,0.0,25,0.040565859518539735,13,15,-2,0,0,0,0,0,0,0,0,1
1bxs,D,379,TYR,-1.3,193.6,0.0,1,1,X,0.0,0.0,0.0,0.0,0.0,0.0,0.0,0.0,30,0.05222271570202816,14,29,-15,0,0,0,0,0,0,0,0,1
1bxs,D,380,PHE,2.8,189.9,0.0,0,0,X,0.0,0.0,0.0,0.0,0.0,0.0,0.0,0.0,34,0.053155264196707235,5,7,-2,0,0,0,0,0,0,0,0,1
1bxs,D,381,ILE,4.5,166.7,0.0,0,0,X,0.0,0.0,0.0,0.0,0.0,0.0,0.0,0.0,37,0.053621538444046775,2,5,-3,0,0,0,0,0,0,0,0,1
1bxs,D,382,GLN,-3.5,143.8,0.0,2,2,X,0.0,0.0,0.0,0.0,0.0,0.0,0.0,0.0,29,0.04243095650789788,5,2,3,0,0,0,0,0,0,0,0,1
1bxs,D,383,PRO,-1.6,112.7,0.0,0,0,X,0.0,0.0,0.0,0.0,0.0,0.0,0.0,0.0,39,0.045228601991935104,22,5,17,0,0,0,0,0,0,0,0,1
1bxs,D,384,THR,-0.7,116.1,0.0,1,1,X,0.0,0.0,0.0,0.0,0.0,0.0,0.0,0.0,38,0.05035761871267001,11,8,3,0,0,0,0,0,0,0,0,1
1bxs,D,385,VAL,4.2,140.0,0.0,0,0,X,0.0,0.0,0.0,0.0,0.0,0.0,0.0,0.0,39,0.05455408693872585,27,13,14,0,0,0,0,0,0,0,0,1
1bxs,D,386,PHE,2.8,189.9,0.0,0,0,X,0.0,0.0,0.0,0.0,0.0,0.0,0.0,0.0,39,0.053155264196707235,18,25,-7,0,0,0,0,0,0,0,0,1
1bxs,D,387,SER,-0.8,89.0,0.0,1,1,X,0.0,0.0,0.0,0.0,0.0,0.0,0.0,0.0,29,0.04709369898129325,15,23,-8,0,0,0,0,0,0,0,0,1
1bxs,D,388,ASP,-3.5,111.1,-1.0,1,3,X,0.0,0.0,0.0,0.0,0.0,0.0,0.0,0.0,26,0.03730193978716297,19,14,5,0,0,0,0,0,0,0,0,1
1bxs,D,389,VAL,4.2,140.0,0.0,0,0,X,0.0,0.0,0.0,0.0,0.0,0.0,0.0,0.0,34,0.048958795970651406,34,32,2,0,0,0,0,0,0,0,0,1
1bxs,D,390,THR,-0.7,116.1,0.0,1,1,X,0.0,0.0,0.0,0.0,0.0,0.0,0.0,0.0,24,0.03357174580844668,26,33,-7,0,0,0,0,0,0,0,0,1
1bxs,D,391,ASP,-3.5,111.1,-1.0,1,3,X,0.0,0.0,0.0,0.0,0.0,0.0,0.0,0.0,27,0.03590311704514436,41,14,27,0,0,0,0,0,0,0,0,1
1bxs,D,392,ASP,-3.5,111.1,-1.0,1,3,X,0.0,0.0,0.0,0.0,0.0,0.0,0.0,0.0,17,0.025645083603674543,18,20,-2,0,0,0,0,0,0,0,0,1
1bxs,D,393,MET,1.9,162.9,0.0,0,0,X,0.0,0.0,0.0,0.0,0.0,0.0,0.0,0.0,30,0.03870076252918159,33,37,-4,0,0,0,0,0,0,0,0,1
1bxs,D,394,ARG,-4.5,173.4,1.0,5,0,X,0.0,0.0,0.0,0.0,0.0,0.0,0.0,0.0,25,0.03870076252918159,23,41,-18,0,0,0,0,0,0,0,0,1
1bxs,D,395,ILE,4.5,166.7,0.0,0,0,X,0.0,0.0,0.0,0.0,0.0,0.0,0.0,0.0,40,0.05222271570202816,38,42,-4,0,0,0,0,0,0,0,0,1
1bxs,D,396,ALA,1.8,88.6,0.0,0,0,X,0.0,0.0,0.0,0.0,0.0,0.0,0.0,0.0,36,0.04662742473395372,40,37,3,0,0,0,0,0,0,0,0,1
1bxs,D,397,LYS,-3.9,168.6,1.0,2,0,X,0.0,0.0,0.0,0.0,0.0,0.0,0.0,0.0,25,0.03916703677652112,28,33,-5,0,0,0,0,0,0,0,0,1
1bxs,D,398,GLU,-3.5,138.4,-1.0,1,3,X,0.0,0.0,0.0,0.0,0.0,0.0,0.0,0.0,25,0.03823448828184205,38,20,18,0,0,0,0,0,0,0,0,1
1bxs,D,399,GLU,-3.5,138.4,-1.0,1,3,X,0.0,0.0,0.0,0.0,0.0,0.0,0.0,0.0,37,0.040099585271200194,25,10,15,0,0,0,0,0,0,0,0,1
1bxs,D,400,ILE,4.5,166.7,0.0,0,0,X,0.0,0.0,0.0,0.0,0.0,0.0,0.0,0.0,39,0.043363505002576956,31,27,4,0,0,0,0,0,0,0,0,1
1bxs,D,401,PHE,2.8,189.9,0.0,0,0,X,0.0,0.0,0.0,0.0,0.0,0.0,0.0,0.0,38,0.04662742473395372,21,11,10,0,0,0,0,0,0,0,0,1
1bxs,D,402,GLY,-0.4,60.1,0.0,0,0,X,0.0,0.0,0.0,0.0,0.0,0.0,0.0,0.0,43,0.048026247475972325,17,11,6,0,0,0,0,0,0,0,0,1
1bxs,D,403,PRO,-1.6,112.7,0.0,0,0,X,0.0,0.0,0.0,0.0,0.0,0.0,0.0,0.0,40,0.048958795970651406,9,0,9,0,0,0,0,0,0,0,0,1
1bxs,D,404,VAL,4.2,140.0,0.0,0,0,X,0.0,0.0,0.0,0.0,0.0,0.0,0.0,0.0,47,0.048958795970651406,8,6,2,0,0,0,0,0,0,0,0,1
1bxs,D,405,GLN,-3.5,143.8,0.0,2,2,X,0.0,0.0,0.0,0.0,0.0,0.0,0.0,0.0,47,0.048492521723311866,24,7,17,0,0,0,0,0,0,0,0,1
1bxs,D,406,GLN,-3.5,143.8,0.0,2,2,X,0.0,0.0,0.0,0.0,0.0,0.0,0.0,0.0,44,0.05175644145468863,28,10,18,0,0,0,0,0,0,0,0,1
1bxs,D,407,ILE,4.5,166.7,0.0,0,0,X,0.0,0.0,0.0,0.0,0.0,0.0,0.0,0.0,41,0.053621538444046775,23,20,3,0,0,0,0,0,0,0,0,1
1bxs,D,408,MET,1.9,162.9,0.0,0,0,X,0.0,0.0,0.0,0.0,0.0,0.0,0.0,0.0,37,0.05035761871267001,31,24,7,0,0,0,0,0,0,0,0,1
1bxs,D,409,LYS,-3.9,168.6,1.0,2,0,X,0.0,0.0,0.0,0.0,0.0,0.0,0.0,0.0,25,0.045694876239274644,10,35,-25,0,0,0,0,0,0,0,0,1
1bxs,D,410,PHE,2.8,189.9,0.0,0,0,X,0.0,0.0,0.0,0.0,0.0,0.0,0.0,0.0,29,0.045694876239274644,25,32,-7,0,0,0,0,0,0,0,0,1
1bxs,D,411,LYS,-3.9,168.6,1.0,2,0,X,0.0,0.0,0.0,0.0,0.0,0.0,0.0,0.0,21,0.03170664881908853,15,32,-17,0,0,0,0,0,0,0,0,1
1bxs,D,412,SER,-0.8,89.0,0.0,1,1,X,0.0,0.0,0.0,0.0,0.0,0.0,0.0,0.0,17,0.027510180593032695,22,31,-9,0,0,0,0,0,0,0,0,1
1bxs,D,413,LEU,3.8,166.7,0.0,0,0,X,0.0,0.0,0.0,0.0,0.0,0.0,0.0,0.0,24,0.03450429430312575,19,25,-6,0,0,0,0,0,0,0,0,1
1bxs,D,414,ASP,-3.5,111.1,-1.0,1,3,X,0.0,0.0,0.0,0.0,0.0,0.0,0.0,0.0,16,0.02471253510899547,15,8,7,0,0,0,0,0,0,0,0,1
1bxs,D,415,ASP,-3.5,111.1,-1.0,1,3,X,0.0,0.0,0.0,0.0,0.0,0.0,0.0,0.0,18,0.032172923066428064,24,13,11,0,0,0,0,0,0,0,0,1
1bxs,D,416,VAL,4.2,140.0,0.0,0,0,X,0.0,0.0,0.0,0.0,0.0,0.0,0.0,0.0,30,0.045228601991935104,29,25,4,0,0,0,0,0,0,0,0,1
1bxs,D,417,ILE,4.5,166.7,0.0,0,0,X,0.0,0.0,0.0,0.0,0.0,0.0,0.0,0.0,29,0.043829779249916496,18,16,2,0,0,0,0,0,0,0,0,1
1bxs,D,418,LYS,-3.9,168.6,1.0,2,0,X,0.0,0.0,0.0,0.0,0.0,0.0,0.0,0.0,24,0.03124037457174899,15,20,-5,0,0,0,0,0,0,0,0,1
1bxs,D,419,ARG,-4.5,173.4,1.0,5,0,X,0.0,0.0,0.0,0.0,0.0,0.0,0.0,0.0,27,0.03870076252918159,23,22,1,0,0,0,0,0,0,0,0,1
1bxs,D,420,ALA,1.8,88.6,0.0,0,0,X,0.0,0.0,0.0,0.0,0.0,0.0,0.0,0.0,35,0.045228601991935104,36,14,22,0,0,0,0,0,0,0,0,1
1bxs,D,421,ASN,-3.5,114.1,0.0,2,2,X,0.0,0.0,0.0,0.0,0.0,0.0,0.0,0.0,36,0.03963331102386066,26,6,20,0,0,0,0,0,0,0,0,1
1bxs,D,422,ASN,-3.5,114.1,0.0,2,2,X,0.0,0.0,0.0,0.0,0.0,0.0,0.0,0.0,20,0.02797645484037223,36,12,24,0,0,0,0,0,0,0,0,1
1bxs,D,423,THR,-0.7,116.1,0.0,1,1,X,0.0,0.0,0.0,0.0,0.0,0.0,0.0,0.0,28,0.03357174580844668,41,5,36,0,0,0,0,0,0,0,0,1
1bxs,D,424,PHE,2.8,189.9,0.0,0,0,X,0.0,0.0,0.0,0.0,0.0,0.0,0.0,0.0,25,0.03170664881908853,21,7,14,0,0,0,0,0,0,0,0,1
1bxs,D,425,TYR,-1.3,193.6,0.0,1,1,X,0.0,0.0,0.0,0.0,0.0,0.0,0.0,0.0,38,0.04616115048661418,30,17,13,0,0,0,0,0,0,0,0,1
1bxs,D,426,GLY,-0.4,60.1,0.0,0,0,X,0.0,0.0,0.0,0.0,0.0,0.0,0.0,0.0,42,0.05921682941212122,30,5,25,0,0,0,0,0,0,0,0,1
1bxs,D,427,LEU,3.8,166.7,0.0,0,0,X,0.0,0.0,0.0,0.0,0.0,0.0,0.0,0.0,47,0.05595290968074446,17,13,4,0,0,0,0,0,0,0,0,1
1bxs,D,428,SER,-0.8,89.0,0.0,1,1,X,0.0,0.0,0.0,0.0,0.0,0.0,0.0,0.0,45,0.05222271570202816,13,1,12,0,0,0,0,0,0,0,0,1
1bxs,D,429,ALA,1.8,88.6,0.0,0,0,X,0.0,0.0,0.0,0.0,0.0,0.0,0.0,0.0,42,0.05502036118606539,16,0,16,0,0,0,0,0,0,0,0,1
1bxs,D,430,GLY,-0.4,60.1,0.0,0,0,X,0.0,0.0,0.0,0.0,0.0,0.0,0.0,0.0,43,0.05502036118606539,9,0,9,0,0,0,0,0,0,0,0,1
1bxs,D,431,ILE,4.5,166.7,0.0,0,0,X,0.0,0.0,0.0,0.0,0.0,0.0,0.0,0.0,44,0.05455408693872585,9,7,2,0,0,0,0,0,0,0,0,1
1bxs,D,432,PHE,2.8,189.9,0.0,0,0,X,0.0,0.0,0.0,0.0,0.0,0.0,0.0,0.0,43,0.05129016720734909,7,23,-16,0,0,0,0,0,0,0,0,1
1bxs,D,433,THR,-0.7,116.1,0.0,1,1,X,0.0,0.0,0.0,0.0,0.0,0.0,0.0,0.0,32,0.04942507021799094,10,32,-22,0,0,0,0,0,0,0,0,1
1bxs,D,434,ASN,-3.5,114.1,0.0,2,2,X,0.0,0.0,0.0,0.0,0.0,0.0,0.0,0.0,16,0.040565859518539735,11,42,-31,0,0,0,0,0,0,0,0,1
1bxs,D,435,ASP,-3.5,111.1,-1.0,1,3,X,0.0,0.0,0.0,0.0,0.0,0.0,0.0,0.0,22,0.03963331102386066,10,18,-8,0,0,0,0,0,0,0,0,1
1bxs,D,436,ILE,4.5,166.7,0.0,0,0,X,0.0,0.0,0.0,0.0,0.0,0.0,0.0,0.0,21,0.040565859518539735,20,33,-13,0,0,0,0,0,0,0,0,1
1bxs,D,437,ASP,-3.5,111.1,-1.0,1,3,X,0.0,0.0,0.0,0.0,0.0,0.0,0.0,0.0,24,0.03776821403450251,20,9,11,0,0,0,0,0,0,0,0,1
1bxs,D,438,LYS,-3.9,168.6,1.0,2,0,X,0.0,0.0,0.0,0.0,0.0,0.0,0.0,0.0,30,0.043363505002576956,0,26,-26,0,0,0,0,0,0,0,0,1
1bxs,D,439,ALA,1.8,88.6,0.0,0,0,X,0.0,0.0,0.0,0.0,0.0,0.0,0.0,0.0,34,0.05129016720734909,12,18,-6,0,0,0,0,0,0,0,0,1
1bxs,D,440,ILE,4.5,166.7,0.0,0,0,X,0.0,0.0,0.0,0.0,0.0,0.0,0.0,0.0,31,0.043829779249916496,25,17,8,0,0,0,0,0,0,0,0,1
1bxs,D,441,THR,-0.7,116.1,0.0,1,1,X,0.0,0.0,0.0,0.0,0.0,0.0,0.0,0.0,35,0.04289723075523742,24,17,7,0,0,0,0,0,0,0,0,1
1bxs,D,442,VAL,4.2,140.0,0.0,0,0,X,0.0,0.0,0.0,0.0,0.0,0.0,0.0,0.0,38,0.03963331102386066,17,19,-2,0,0,0,0,0,0,0,0,1
1bxs,D,443,SER,-0.8,89.0,0.0,1,1,X,0.0,0.0,0.0,0.0,0.0,0.0,0.0,0.0,42,0.045228601991935104,24,8,16,0,0,0,0,0,0,0,0,1
1bxs,D,444,SER,-0.8,89.0,0.0,1,1,X,0.0,0.0,0.0,0.0,0.0,0.0,0.0,0.0,35,0.045228601991935104,36,9,27,0,0,0,0,0,0,0,0,1
1bxs,D,445,ALA,1.8,88.6,0.0,0,0,X,0.0,0.0,0.0,0.0,0.0,0.0,0.0,0.0,36,0.03963331102386066,26,10,16,0,0,0,0,0,0,0,0,1
1bxs,D,446,LEU,3.8,166.7,0.0,0,0,X,0.0,0.0,0.0,0.0,0.0,0.0,0.0,0.0,46,0.04243095650789788,24,4,20,0,0,0,0,0,0,0,0,1
1bxs,D,447,GLN,-3.5,143.8,0.0,2,2,X,0.0,0.0,0.0,0.0,0.0,0.0,0.0,0.0,42,0.04103213376587927,31,13,18,0,0,0,0,0,0,0,0,1
1bxs,D,448,SER,-0.8,89.0,0.0,1,1,X,0.0,0.0,0.0,0.0,0.0,0.0,0.0,0.0,43,0.04989134446533048,28,11,17,0,0,0,0,0,0,0,0,1
1bxs,D,449,GLY,-0.4,60.1,0.0,0,0,X,0.0,0.0,0.0,0.0,0.0,0.0,0.0,0.0,41,0.05548663543340492,29,18,11,0,0,0,0,0,0,0,0,1
1bxs,D,450,THR,-0.7,116.1,0.0,1,1,X,0.0,0.0,0.0,0.0,0.0,0.0,0.0,0.0,42,0.053621538444046775,16,1,15,0,0,0,0,0,0,0,0,1
1bxs,D,451,VAL,4.2,140.0,0.0,0,0,X,0.0,0.0,0.0,0.0,0.0,0.0,0.0,0.0,47,0.053155264196707235,16,3,13,0,0,0,0,0,0,0,0,1
1bxs,D,452,TRP,-0.9,227.8,0.0,1,0,X,0.0,0.0,0.0,0.0,0.0,0.0,0.0,0.0,39,0.056419183928083996,4,0,4,0,0,0,0,0,0,0,0,1
1bxs,D,453,VAL,4.2,140.0,0.0,0,0,X,0.0,0.0,0.0,0.0,0.0,0.0,0.0,0.0,39,0.05175644145468863,13,3,10,0,0,0,0,0,0,0,0,1
1bxs,D,454,ASN,-3.5,114.1,0.0,2,2,X,0.0,0.0,0.0,0.0,0.0,0.0,0.0,0.0,38,0.04709369898129325,9,23,-14,0,0,0,0,0,0,0,0,1
1bxs,D,455,CYS,2.5,108.5,0.0,1,0,X,0.0,0.0,0.0,0.0,0.0,0.0,0.0,0.0,35,0.05222271570202816,9,6,3,0,0,0,0,0,0,0,0,1
1bxs,D,456,TYR,-1.3,193.6,0.0,1,1,X,0.0,0.0,0.0,0.0,0.0,0.0,0.0,0.0,43,0.04662742473395372,5,3,2,0,0,0,0,0,0,0,0,1
1bxs,D,457,SER,-0.8,89.0,0.0,1,1,X,0.0,0.0,0.0,0.0,0.0,0.0,0.0,0.0,35,0.03590311704514436,3,2,1,0,0,0,0,0,0,0,0,1
1bxs,D,458,VAL,4.2,140.0,0.0,0,0,X,0.0,0.0,0.0,0.0,0.0,0.0,0.0,0.0,31,0.032172923066428064,5,5,0,0,0,0,0,0,0,0,0,1
1bxs,D,459,VAL,4.2,140.0,0.0,0,0,X,0.0,0.0,0.0,0.0,0.0,0.0,0.0,0.0,29,0.034970568550465285,0,9,-9,0,0,0,0,0,0,0,0,1
1bxs,D,460,SER,-0.8,89.0,0.0,1,1,X,0.0,0.0,0.0,0.0,0.0,0.0,0.0,0.0,32,0.03310547156110714,9,16,-7,0,0,0,0,0,0,0,0,1
1bxs,D,461,ALA,1.8,88.6,0.0,0,0,X,0.0,0.0,0.0,0.0,0.0,0.0,0.0,0.0,37,0.04616115048661418,20,23,-3,0,0,0,0,0,0,0,0,1
1bxs,D,462,GLN,-3.5,143.8,0.0,2,2,X,0.0,0.0,0.0,0.0,0.0,0.0,0.0,0.0,40,0.05035761871267001,20,28,-8,0,0,0,0,0,0,0,0,1
1bxs,D,463,CYS,2.5,108.5,0.0,1,0,X,0.0,0.0,0.0,0.0,0.0,0.0,0.0,0.0,39,0.04476232774459557,11,19,-8,0,0,0,0,0,0,0,0,1
1bxs,D,464,PRO,-1.6,112.7,0.0,0,0,X,0.0,0.0,0.0,0.0,0.0,0.0,0.0,0.0,43,0.05035761871267001,27,22,5,0,0,0,0,0,0,0,0,1
1bxs,D,465,PHE,2.8,189.9,0.0,0,0,X,0.0,0.0,0.0,0.0,0.0,0.0,0.0,0.0,41,0.045694876239274644,14,18,-4,0,0,0,0,0,0,0,0,1
1bxs,D,466,GLY,-0.4,60.1,0.0,0,0,X,0.0,0.0,0.0,0.0,0.0,0.0,0.0,0.0,43,0.048026247475972325,26,30,-4,0,0,0,0,0,0,0,0,1
1bxs,D,467,GLY,-0.4,60.1,0.0,0,0,X,0.0,0.0,0.0,0.0,0.0,0.0,0.0,0.0,37,0.058284280917442144,32,22,10,0,0,0,0,0,0,0,0,1
1bxs,D,468,PHE,2.8,189.9,0.0,0,0,X,0.0,0.0,0.0,0.0,0.0,0.0,0.0,0.0,41,0.048492521723311866,31,24,7,0,0,0,0,0,0,0,0,1
1bxs,D,469,LYS,-3.9,168.6,1.0,2,0,X,0.0,0.0,0.0,0.0,0.0,0.0,0.0,0.0,37,0.05035761871267001,19,19,0,0,0,0,0,0,0,0,0,1
1bxs,D,470,MET,1.9,162.9,0.0,0,0,X,0.0,0.0,0.0,0.0,0.0,0.0,0.0,0.0,35,0.05035761871267001,34,10,24,0,0,0,0,0,0,0,0,1
1bxs,D,471,SER,-0.8,89.0,0.0,1,1,X,0.0,0.0,0.0,0.0,0.0,0.0,0.0,0.0,42,0.05175644145468863,23,15,8,0,0,0,0,0,0,0,0,1
1bxs,D,472,GLY,-0.4,60.1,0.0,0,0,X,0.0,0.0,0.0,0.0,0.0,0.0,0.0,0.0,39,0.050823892960009553,40,18,22,0,0,0,0,0,0,0,0,1
1bxs,D,473,ASN,-3.5,114.1,0.0,2,2,X,0.0,0.0,0.0,0.0,0.0,0.0,0.0,0.0,34,0.048492521723311866,47,24,23,0,0,0,0,0,0,0,0,1
1bxs,D,474,GLY,-0.4,60.1,0.0,0,0,X,0.0,0.0,0.0,0.0,0.0,0.0,0.0,0.0,37,0.03823448828184205,33,36,-3,0,0,0,0,0,0,0,0,1
1bxs,D,475,ARG,-4.5,173.4,1.0,5,0,X,0.0,0.0,0.0,0.0,0.0,0.0,0.0,0.0,37,0.04476232774459557,22,37,-15,0,0,0,0,0,0,0,0,1
1bxs,D,476,GLU,-3.5,138.4,-1.0,1,3,X,0.0,0.0,0.0,0.0,0.0,0.0,0.0,0.0,45,0.048026247475972325,23,21,2,0,0,0,0,0,0,0,0,1
1bxs,D,477,LEU,3.8,166.7,0.0,0,0,X,0.0,0.0,0.0,0.0,0.0,0.0,0.0,0.0,38,0.053155264196707235,19,23,-4,0,0,0,0,0,0,0,0,1
1bxs,D,478,GLY,-0.4,60.1,0.0,0,0,X,0.0,0.0,0.0,0.0,0.0,0.0,0.0,0.0,33,0.05035761871267001,24,29,-5,0,0,0,0,0,0,0,0,1
1bxs,D,479,GLU,-3.5,138.4,-1.0,1,3,X,0.0,0.0,0.0,0.0,0.0,0.0,0.0,0.0,26,0.04476232774459557,47,7,40,0,0,0,0,0,0,0,0,1
1bxs,D,480,TYR,-1.3,193.6,0.0,1,1,X,0.0,0.0,0.0,0.0,0.0,0.0,0.0,0.0,29,0.04289723075523742,49,25,24,0,0,0,0,0,0,0,0,1
1bxs,D,481,GLY,-0.4,60.1,0.0,0,0,X,0.0,0.0,0.0,0.0,0.0,0.0,0.0,0.0,34,0.048026247475972325,28,29,-1,0,0,0,0,0,0,0,0,1
1bxs,D,482,PHE,2.8,189.9,0.0,0,0,X,0.0,0.0,0.0,0.0,0.0,0.0,0.0,0.0,41,0.048958795970651406,27,26,1,0,0,0,0,0,0,0,0,1
1bxs,D,483,HIS,-3.2,153.2,0.1,2,1,X,0.0,0.0,0.0,0.0,0.0,0.0,0.0,0.0,23,0.03590311704514436,15,41,-26,0,0,0,0,0,0,0,0,1
1bxs,D,484,GLU,-3.5,138.4,-1.0,1,3,X,0.0,0.0,0.0,0.0,0.0,0.0,0.0,0.0,30,0.035436842797804825,37,19,18,0,0,0,0,0,0,0,0,1
1bxs,D,485,TYR,-1.3,193.6,0.0,1,1,X,0.0,0.0,0.0,0.0,0.0,0.0,0.0,0.0,42,0.04476232774459557,36,27,9,0,0,0,0,0,0,0,0,1
1bxs,D,486,THR,-0.7,116.1,0.0,1,1,X,0.0,0.0,0.0,0.0,0.0,0.0,0.0,0.0,33,0.04476232774459557,34,28,6,0,0,0,0,0,0,0,0,1
1bxs,D,487,GLU,-3.5,138.4,-1.0,1,3,X,0.0,0.0,0.0,0.0,0.0,0.0,0.0,0.0,39,0.043363505002576956,54,22,32,0,0,0,0,0,0,0,0,1
1bxs,D,488,VAL,4.2,140.0,0.0,0,0,X,0.0,0.0,0.0,0.0,0.0,0.0,0.0,0.0,42,0.04942507021799094,46,24,22,0,0,0,0,0,0,0,0,1
1bxs,D,489,LYS,-3.9,168.6,1.0,2,0,X,0.0,0.0,0.0,0.0,0.0,0.0,0.0,0.0,42,0.05129016720734909,20,18,2,0,0,0,0,0,0,0,0,1
1bxs,D,490,THR,-0.7,116.1,0.0,1,1,X,0.0,0.0,0.0,0.0,0.0,0.0,0.0,0.0,42,0.04942507021799094,29,7,22,0,0,0,0,0,0,0,0,1
1bxs,D,491,VAL,4.2,140.0,0.0,0,0,X,0.0,0.0,0.0,0.0,0.0,0.0,0.0,0.0,37,0.04942507021799094,23,2,21,0,0,0,0,0,0,0,0,1
1bxs,D,492,THR,-0.7,116.1,0.0,1,1,X,0.0,0.0,0.0,0.0,0.0,0.0,0.0,0.0,36,0.05502036118606539,10,1,9,0,0,0,0,0,0,0,0,1
1bxs,D,493,ILE,4.5,166.7,0.0,0,0,X,0.0,0.0,0.0,0.0,0.0,0.0,0.0,0.0,29,0.050823892960009553,9,7,2,0,0,0,0,0,0,0,0,1
1bxs,D,494,LYS,-3.9,168.6,1.0,2,0,X,0.0,0.0,0.0,0.0,0.0,0.0,0.0,0.0,28,0.045228601991935104,2,11,-9,0,0,0,0,0,0,0,0,1
1bxs,D,495,ILE,4.5,166.7,0.0,0,0,X,0.0,0.0,0.0,0.0,0.0,0.0,0.0,0.0,27,0.04289723075523742,23,11,12,0,0,0,0,0,0,0,0,1
1bxs,D,496,SER,-0.8,89.0,0.0,1,1,X,0.0,0.0,0.0,0.0,0.0,0.0,0.0,0.0,19,0.02611135785101408,21,11,10,0,0,0,0,0,0,0,0,1
1bxs,D,497,GLN,-3.5,143.8,0.0,2,2,X,0.0,0.0,0.0,0.0,0.0,0.0,0.0,0.0,23,0.030774100324409453,15,7,8,0,0,0,0,0,0,0,0,1
1bxs,D,498,LYS,-3.9,168.6,1.0,2,0,X,0.0,0.0,0.0,0.0,0.0,0.0,0.0,0.0,32,0.04103213376587927,18,16,2,0,0,0,0,0,0,0,0,1
1bxs,D,499,ASN,-3.5,114.1,0.0,2,2,X,0.0,0.0,0.0,0.0,0.0,0.0,0.0,0.0,37,0.04196468226055834,31,11,20,0,0,0,0,0,0,0,0,1
1bxs,D,500,SER,-0.8,89.0,0.0,1,1,X,0.0,0.0,0.0,0.0,0.0,0.0,0.0,0.0,41,0.04289723075523742,40,16,24,0,0,0,0,0,0,0,0,1
