pdb_id,chain_id,residue_id,residue_name,hydrophobicity,volume,charge,hbond_donor,hbond_acceptor,ss_type,rel_asa,phi,psi,hse_up,hse_down,hse_ratio,residue_depth,ca_depth,neighbor_count,atom_density,pos_charged_neighbors,neg_charged_neighbors,net_charge_environment,ss_H,ss_B,ss_E,ss_G,ss_I,ss_T,ss_S,ss_ ,ss_X
1c7s,A,28,ASP,-3.5,111.1,-1.0,1,3,X,0.0,0.0,0.0,0.0,0.0,0.0,0.0,0.0,18,0.03310547156110714,6,23,-17,0,0,0,0,0,0,0,0,1
1c7s,A,29,GLN,-3.5,143.8,0.0,2,2,X,0.0,0.0,0.0,0.0,0.0,0.0,0.0,0.0,19,0.0363693912924839,18,25,-7,0,0,0,0,0,0,0,0,1
1c7s,A,30,GLN,-3.5,143.8,0.0,2,2,X,0.0,0.0,0.0,0.0,0.0,0.0,0.0,0.0,15,0.029375277582390842,3,16,-13,0,0,0,0,0,0,0,0,1
1c7s,A,31,LEU,3.8,166.7,0.0,0,0,X,0.0,0.0,0.0,0.0,0.0,0.0,0.0,0.0,30,0.04476232774459557,10,29,-19,0,0,0,0,0,0,0,0,1
1c7s,A,32,VAL,4.2,140.0,0.0,0,0,X,0.0,0.0,0.0,0.0,0.0,0.0,0.0,0.0,27,0.053621538444046775,16,23,-7,0,0,0,0,0,0,0,0,1
1c7s,A,33,ASP,-3.5,111.1,-1.0,1,3,X,0.0,0.0,0.0,0.0,0.0,0.0,0.0,0.0,22,0.04149840801321881,14,8,6,0,0,0,0,0,0,0,0,1
1c7s,A,34,GLN,-3.5,143.8,0.0,2,2,X,0.0,0.0,0.0,0.0,0.0,0.0,0.0,0.0,28,0.04103213376587927,1,25,-24,0,0,0,0,0,0,0,0,1
1c7s,A,35,LEU,3.8,166.7,0.0,0,0,X,0.0,0.0,0.0,0.0,0.0,0.0,0.0,0.0,39,0.050823892960009553,11,16,-5,0,0,0,0,0,0,0,0,1
1c7s,A,36,SER,-0.8,89.0,0.0,1,1,X,0.0,0.0,0.0,0.0,0.0,0.0,0.0,0.0,30,0.043829779249916496,15,11,4,0,0,0,0,0,0,0,0,1
1c7s,A,37,GLN,-3.5,143.8,0.0,2,2,X,0.0,0.0,0.0,0.0,0.0,0.0,0.0,0.0,23,0.03916703677652112,14,16,-2,0,0,0,0,0,0,0,0,1
1c7s,A,38,LEU,3.8,166.7,0.0,0,0,X,0.0,0.0,0.0,0.0,0.0,0.0,0.0,0.0,37,0.04989134446533048,12,12,0,0,0,0,0,0,0,0,0,1
1c7s,A,39,LYS,-3.9,168.6,1.0,2,0,X,0.0,0.0,0.0,0.0,0.0,0.0,0.0,0.0,26,0.04289723075523742,2,9,-7,0,0,0,0,0,0,0,0,1
1c7s,A,40,LEU,3.8,166.7,0.0,0,0,X,0.0,0.0,0.0,0.0,0.0,0.0,0.0,0.0,39,0.04989134446533048,15,3,12,0,0,0,0,0,0,0,0,1
1c7s,A,41,ASN,-3.5,114.1,0.0,2,2,X,0.0,0.0,0.0,0.0,0.0,0.0,0.0,0.0,30,0.04476232774459557,20,10,10,0,0,0,0,0,0,0,0,1
1c7s,A,42,VAL,4.2,140.0,0.0,0,0,X,0.0,0.0,0.0,0.0,0.0,0.0,0.0,0.0,33,0.04755997322863279,24,6,18,0,0,0,0,0,0,0,0,1
1c7s,A,43,LYS,-3.9,168.6,1.0,2,0,X,0.0,0.0,0.0,0.0,0.0,0.0,0.0,0.0,24,0.04709369898129325,11,9,2,0,0,0,0,0,0,0,0,1
1c7s,A,44,MET,1.9,162.9,0.0,0,0,X,0.0,0.0,0.0,0.0,0.0,0.0,0.0,0.0,34,0.048492521723311866,32,13,19,0,0,0,0,0,0,0,0,1
1c7s,A,45,LEU,3.8,166.7,0.0,0,0,X,0.0,0.0,0.0,0.0,0.0,0.0,0.0,0.0,30,0.0363693912924839,23,10,13,0,0,0,0,0,0,0,0,1
1c7s,A,46,ASP,-3.5,111.1,-1.0,1,3,X,0.0,0.0,0.0,0.0,0.0,0.0,0.0,0.0,32,0.04149840801321881,29,16,13,0,0,0,0,0,0,0,0,1
1c7s,A,47,ASN,-3.5,114.1,0.0,2,2,X,0.0,0.0,0.0,0.0,0.0,0.0,0.0,0.0,38,0.05408781269138631,42,30,12,0,0,0,0,0,0,0,0,1
1c7s,A,48,ARG,-4.5,173.4,1.0,5,0,X,0.0,0.0,0.0,0.0,0.0,0.0,0.0,0.0,28,0.04755997322863279,33,34,-1,0,0,0,0,0,0,0,0,1
1c7s,A,49,ALA,1.8,88.6,0.0,0,0,X,0.0,0.0,0.0,0.0,0.0,0.0,0.0,0.0,29,0.04429605349725603,27,25,2,0,0,0,0,0,0,0,0,1
1c7s,A,50,GLY,-0.4,60.1,0.0,0,0,X,0.0,0.0,0.0,0.0,0.0,0.0,0.0,0.0,28,0.03730193978716297,21,24,-3,0,0,0,0,0,0,0,0,1
1c7s,A,51,GLU,-3.5,138.4,-1.0,1,3,X,0.0,0.0,0.0,0.0,0.0,0.0,0.0,0.0,20,0.027043906345693154,27,14,13,0,0,0,0,0,0,0,0,1
1c7s,A,52,ASN,-3.5,114.1,0.0,2,2,X,0.0,0.0,0.0,0.0,0.0,0.0,0.0,0.0,15,0.02098234113027917,25,19,6,0,0,0,0,0,0,0,0,1
1c7s,A,53,GLY,-0.4,60.1,0.0,0,0,X,0.0,0.0,0.0,0.0,0.0,0.0,0.0,0.0,16,0.020049792635600097,12,20,-8,0,0,0,0,0,0,0,0,1
1c7s,A,54,VAL,4.2,140.0,0.0,0,0,X,0.0,0.0,0.0,0.0,0.0,0.0,0.0,0.0,25,0.030307826077069916,21,24,-3,0,0,0,0,0,0,0,0,1
1c7s,A,55,ASP,-3.5,111.1,-1.0,1,3,X,0.0,0.0,0.0,0.0,0.0,0.0,0.0,0.0,24,0.027043906345693154,11,1,10,0,0,0,0,0,0,0,0,1
1c7s,A,56,CYS,2.5,108.5,0.0,1,0,X,0.0,0.0,0.0,0.0,0.0,0.0,0.0,0.0,33,0.04429605349725603,20,24,-4,0,0,0,0,0,0,0,0,1
1c7s,A,57,ALA,1.8,88.6,0.0,0,0,X,0.0,0.0,0.0,0.0,0.0,0.0,0.0,0.0,30,0.04289723075523742,8,22,-14,0,0,0,0,0,0,0,0,1
1c7s,A,58,ALA,1.8,88.6,0.0,0,0,X,0.0,0.0,0.0,0.0,0.0,0.0,0.0,0.0,26,0.02611135785101408,19,11,8,0,0,0,0,0,0,0,0,1
1c7s,A,59,LEU,3.8,166.7,0.0,0,0,X,0.0,0.0,0.0,0.0,0.0,0.0,0.0,0.0,29,0.03450429430312575,13,20,-7,0,0,0,0,0,0,0,0,1
1c7s,A,60,GLY,-0.4,60.1,0.0,0,0,X,0.0,0.0,0.0,0.0,0.0,0.0,0.0,0.0,33,0.04289723075523742,20,28,-8,0,0,0,0,0,0,0,0,1
1c7s,A,61,ALA,1.8,88.6,0.0,0,0,X,0.0,0.0,0.0,0.0,0.0,0.0,0.0,0.0,34,0.05548663543340492,13,25,-12,0,0,0,0,0,0,0,0,1
1c7s,A,62,ASP,-3.5,111.1,-1.0,1,3,X,0.0,0.0,0.0,0.0,0.0,0.0,0.0,0.0,31,0.04755997322863279,22,9,13,0,0,0,0,0,0,0,0,1
1c7s,A,63,TRP,-0.9,227.8,0.0,1,0,X,0.0,0.0,0.0,0.0,0.0,0.0,0.0,0.0,25,0.04289723075523742,14,16,-2,0,0,0,0,0,0,0,0,1
1c7s,A,64,ALA,1.8,88.6,0.0,0,0,X,0.0,0.0,0.0,0.0,0.0,0.0,0.0,0.0,33,0.04103213376587927,12,31,-19,0,0,0,0,0,0,0,0,1
1c7s,A,65,SER,-0.8,89.0,0.0,1,1,X,0.0,0.0,0.0,0.0,0.0,0.0,0.0,0.0,38,0.04755997322863279,29,29,0,0,0,0,0,0,0,0,0,1
1c7s,A,66,CYS,2.5,108.5,0.0,1,0,X,0.0,0.0,0.0,0.0,0.0,0.0,0.0,0.0,37,0.05455408693872585,29,35,-6,0,0,0,0,0,0,0,0,1
1c7s,A,67,ASN,-3.5,114.1,0.0,2,2,X,0.0,0.0,0.0,0.0,0.0,0.0,0.0,0.0,43,0.053155264196707235,37,21,16,0,0,0,0,0,0,0,0,1
1c7s,A,68,ARG,-4.5,173.4,1.0,5,0,X,0.0,0.0,0.0,0.0,0.0,0.0,0.0,0.0,29,0.04942507021799094,22,14,8,0,0,0,0,0,0,0,0,1
1c7s,A,69,VAL,4.2,140.0,0.0,0,0,X,0.0,0.0,0.0,0.0,0.0,0.0,0.0,0.0,39,0.05129016720734909,26,15,11,0,0,0,0,0,0,0,0,1
1c7s,A,70,LEU,3.8,166.7,0.0,0,0,X,0.0,0.0,0.0,0.0,0.0,0.0,0.0,0.0,26,0.048026247475972325,20,16,4,0,0,0,0,0,0,0,0,1
1c7s,A,71,PHE,2.8,189.9,0.0,0,0,X,0.0,0.0,0.0,0.0,0.0,0.0,0.0,0.0,40,0.04755997322863279,13,8,5,0,0,0,0,0,0,0,0,1
1c7s,A,72,THR,-0.7,116.1,0.0,1,1,X,0.0,0.0,0.0,0.0,0.0,0.0,0.0,0.0,30,0.04429605349725603,20,9,11,0,0,0,0,0,0,0,0,1
1c7s,A,73,LEU,3.8,166.7,0.0,0,0,X,0.0,0.0,0.0,0.0,0.0,0.0,0.0,0.0,36,0.045228601991935104,13,9,4,0,0,0,0,0,0,0,0,1
1c7s,A,74,SER,-0.8,89.0,0.0,1,1,X,0.0,0.0,0.0,0.0,0.0,0.0,0.0,0.0,27,0.04149840801321881,16,13,3,0,0,0,0,0,0,0,0,1
1c7s,A,75,ASN,-3.5,114.1,0.0,2,2,X,0.0,0.0,0.0,0.0,0.0,0.0,0.0,0.0,25,0.045228601991935104,16,11,5,0,0,0,0,0,0,0,0,1
1c7s,A,76,ASP,-3.5,111.1,-1.0,1,3,X,0.0,0.0,0.0,0.0,0.0,0.0,0.0,0.0,18,0.025645083603674543,14,0,14,0,0,0,0,0,0,0,0,1
1c7s,A,77,GLY,-0.4,60.1,0.0,0,0,X,0.0,0.0,0.0,0.0,0.0,0.0,0.0,0.0,20,0.03124037457174899,8,11,-3,0,0,0,0,0,0,0,0,1
1c7s,A,78,GLN,-3.5,143.8,0.0,2,2,X,0.0,0.0,0.0,0.0,0.0,0.0,0.0,0.0,19,0.02471253510899547,1,16,-15,0,0,0,0,0,0,0,0,1
1c7s,A,79,ALA,1.8,88.6,0.0,0,0,X,0.0,0.0,0.0,0.0,0.0,0.0,0.0,0.0,21,0.03357174580844668,8,12,-4,0,0,0,0,0,0,0,0,1
1c7s,A,80,ILE,4.5,166.7,0.0,0,0,X,0.0,0.0,0.0,0.0,0.0,0.0,0.0,0.0,33,0.045694876239274644,8,15,-7,0,0,0,0,0,0,0,0,1
1c7s,A,81,ASP,-3.5,111.1,-1.0,1,3,X,0.0,0.0,0.0,0.0,0.0,0.0,0.0,0.0,19,0.03357174580844668,9,1,8,0,0,0,0,0,0,0,0,1
1c7s,A,82,GLY,-0.4,60.1,0.0,0,0,X,0.0,0.0,0.0,0.0,0.0,0.0,0.0,0.0,23,0.03403802005578621,9,24,-15,0,0,0,0,0,0,0,0,1
1c7s,A,83,LYS,-3.9,168.6,1.0,2,0,X,0.0,0.0,0.0,0.0,0.0,0.0,0.0,0.0,20,0.03357174580844668,4,20,-16,0,0,0,0,0,0,0,0,1
1c7s,A,84,ASP,-3.5,111.1,-1.0,1,3,X,0.0,0.0,0.0,0.0,0.0,0.0,0.0,0.0,21,0.027510180593032695,8,20,-12,0,0,0,0,0,0,0,0,1
1c7s,A,85,TRP,-0.9,227.8,0.0,1,0,X,0.0,0.0,0.0,0.0,0.0,0.0,0.0,0.0,33,0.043829779249916496,19,23,-4,0,0,0,0,0,0,0,0,1
1c7s,A,86,VAL,4.2,140.0,0.0,0,0,X,0.0,0.0,0.0,0.0,0.0,0.0,0.0,0.0,33,0.04755997322863279,23,17,6,0,0,0,0,0,0,0,0,1
1c7s,A,87,ILE,4.5,166.7,0.0,0,0,X,0.0,0.0,0.0,0.0,0.0,0.0,0.0,0.0,39,0.05222271570202816,20,11,9,0,0,0,0,0,0,0,0,1
1c7s,A,88,TYR,-1.3,193.6,0.0,1,1,X,0.0,0.0,0.0,0.0,0.0,0.0,0.0,0.0,34,0.056419183928083996,38,10,28,0,0,0,0,0,0,0,0,1
1c7s,A,89,PHE,2.8,189.9,0.0,0,0,X,0.0,0.0,0.0,0.0,0.0,0.0,0.0,0.0,41,0.0526889899493677,34,10,24,0,0,0,0,0,0,0,0,1
1c7s,A,90,HIS,-3.2,153.2,0.1,2,1,X,0.0,0.0,0.0,0.0,0.0,0.0,0.0,0.0,38,0.05548663543340492,26,11,15,0,0,0,0,0,0,0,0,1
1c7s,A,91,SER,-0.8,89.0,0.0,1,1,X,0.0,0.0,0.0,0.0,0.0,0.0,0.0,0.0,39,0.04709369898129325,30,21,9,0,0,0,0,0,0,0,0,1
1c7s,A,92,PRO,-1.6,112.7,0.0,0,0,X,0.0,0.0,0.0,0.0,0.0,0.0,0.0,0.0,35,0.04289723075523742,23,31,-8,0,0,0,0,0,0,0,0,1
1c7s,A,93,ARG,-4.5,173.4,1.0,5,0,X,0.0,0.0,0.0,0.0,0.0,0.0,0.0,0.0,36,0.04429605349725603,2,24,-22,0,0,0,0,0,0,0,0,1
1c7s,A,94,GLN,-3.5,143.8,0.0,2,2,X,0.0,0.0,0.0,0.0,0.0,0.0,0.0,0.0,38,0.04289723075523742,28,17,11,0,0,0,0,0,0,0,0,1
1c7s,A,95,THR,-0.7,116.1,0.0,1,1,X,0.0,0.0,0.0,0.0,0.0,0.0,0.0,0.0,36,0.04429605349725603,35,13,22,0,0,0,0,0,0,0,0,1
1c7s,A,96,LEU,3.8,166.7,0.0,0,0,X,0.0,0.0,0.0,0.0,0.0,0.0,0.0,0.0,34,0.03730193978716297,23,17,6,0,0,0,0,0,0,0,0,1
1c7s,A,97,ARG,-4.5,173.4,1.0,5,0,X,0.0,0.0,0.0,0.0,0.0,0.0,0.0,0.0,26,0.03357174580844668,10,15,-5,0,0,0,0,0,0,0,0,1
1c7s,A,98,VAL,4.2,140.0,0.0,0,0,X,0.0,0.0,0.0,0.0,0.0,0.0,0.0,0.0,25,0.04196468226055834,19,21,-2,0,0,0,0,0,0,0,0,1
1c7s,A,99,ASP,-3.5,111.1,-1.0,1,3,X,0.0,0.0,0.0,0.0,0.0,0.0,0.0,0.0,24,0.03310547156110714,22,12,10,0,0,0,0,0,0,0,0,1
1c7s,A,100,ASN,-3.5,114.1,0.0,2,2,X,0.0,0.0,0.0,0.0,0.0,0.0,0.0,0.0,23,0.03590311704514436,16,26,-10,0,0,0,0,0,0,0,0,1
1c7s,A,101,ASP,-3.5,111.1,-1.0,1,3,X,0.0,0.0,0.0,0.0,0.0,0.0,0.0,0.0,16,0.02984155182973038,15,9,6,0,0,0,0,0,0,0,0,1
1c7s,A,102,GLN,-3.5,143.8,0.0,2,2,X,0.0,0.0,0.0,0.0,0.0,0.0,0.0,0.0,24,0.04196468226055834,18,20,-2,0,0,0,0,0,0,0,0,1
1c7s,A,103,PHE,2.8,189.9,0.0,0,0,X,0.0,0.0,0.0,0.0,0.0,0.0,0.0,0.0,28,0.048026247475972325,18,26,-8,0,0,0,0,0,0,0,0,1
1c7s,A,104,LYS,-3.9,168.6,1.0,2,0,X,0.0,0.0,0.0,0.0,0.0,0.0,0.0,0.0,26,0.03776821403450251,14,15,-1,0,0,0,0,0,0,0,0,1
1c7s,A,105,ILE,4.5,166.7,0.0,0,0,X,0.0,0.0,0.0,0.0,0.0,0.0,0.0,0.0,32,0.03776821403450251,32,11,21,0,0,0,0,0,0,0,0,1
1c7s,A,106,ALA,1.8,88.6,0.0,0,0,X,0.0,0.0,0.0,0.0,0.0,0.0,0.0,0.0,23,0.0363693912924839,30,11,19,0,0,0,0,0,0,0,0,1
1c7s,A,107,HIS,-3.2,153.2,0.1,2,1,X,0.0,0.0,0.0,0.0,0.0,0.0,0.0,0.0,26,0.03823448828184205,17,7,10,0,0,0,0,0,0,0,0,1
1c7s,A,108,LEU,3.8,166.7,0.0,0,0,X,0.0,0.0,0.0,0.0,0.0,0.0,0.0,0.0,29,0.03590311704514436,31,12,19,0,0,0,0,0,0,0,0,1
1c7s,A,109,THR,-0.7,116.1,0.0,1,1,X,0.0,0.0,0.0,0.0,0.0,0.0,0.0,0.0,33,0.04243095650789788,21,22,-1,0,0,0,0,0,0,0,0,1
1c7s,A,110,GLY,-0.4,60.1,0.0,0,0,X,0.0,0.0,0.0,0.0,0.0,0.0,0.0,0.0,33,0.048958795970651406,33,23,10,0,0,0,0,0,0,0,0,1
1c7s,A,111,ASP,-3.5,111.1,-1.0,1,3,X,0.0,0.0,0.0,0.0,0.0,0.0,0.0,0.0,35,0.06014937790680029,30,12,18,0,0,0,0,0,0,0,0,1
1c7s,A,112,LEU,3.8,166.7,0.0,0,0,X,0.0,0.0,0.0,0.0,0.0,0.0,0.0,0.0,38,0.05688545817542354,43,9,34,0,0,0,0,0,0,0,0,1
1c7s,A,113,TYR,-1.3,193.6,0.0,1,1,X,0.0,0.0,0.0,0.0,0.0,0.0,0.0,0.0,30,0.053155264196707235,35,8,27,0,0,0,0,0,0,0,0,1
1c7s,A,114,LYS,-3.9,168.6,1.0,2,0,X,0.0,0.0,0.0,0.0,0.0,0.0,0.0,0.0,25,0.04942507021799094,22,11,11,0,0,0,0,0,0,0,0,1
1c7s,A,115,LEU,3.8,166.7,0.0,0,0,X,0.0,0.0,0.0,0.0,0.0,0.0,0.0,0.0,35,0.0526889899493677,20,9,11,0,0,0,0,0,0,0,0,1
1c7s,A,116,GLU,-3.5,138.4,-1.0,1,3,X,0.0,0.0,0.0,0.0,0.0,0.0,0.0,0.0,27,0.04709369898129325,23,5,18,0,0,0,0,0,0,0,0,1
1c7s,A,117,PRO,-1.6,112.7,0.0,0,0,X,0.0,0.0,0.0,0.0,0.0,0.0,0.0,0.0,29,0.05035761871267001,30,21,9,0,0,0,0,0,0,0,0,1
1c7s,A,118,THR,-0.7,116.1,0.0,1,1,X,0.0,0.0,0.0,0.0,0.0,0.0,0.0,0.0,18,0.0363693912924839,26,17,9,0,0,0,0,0,0,0,0,1
1c7s,A,119,ALA,1.8,88.6,0.0,0,0,X,0.0,0.0,0.0,0.0,0.0,0.0,0.0,0.0,12,0.022847438119637322,23,10,13,0,0,0,0,0,0,0,0,1
1c7s,A,120,LYS,-3.9,168.6,1.0,2,0,X,0.0,0.0,0.0,0.0,0.0,0.0,0.0,0.0,13,0.028909003335051305,7,9,-2,0,0,0,0,0,0,0,0,1
1c7s,A,121,PHE,2.8,189.9,0.0,0,0,X,0.0,0.0,0.0,0.0,0.0,0.0,0.0,0.0,26,0.040099585271200194,18,22,-4,0,0,0,0,0,0,0,0,1
1c7s,A,122,SER,-0.8,89.0,0.0,1,1,X,0.0,0.0,0.0,0.0,0.0,0.0,0.0,0.0,20,0.02797645484037223,14,11,3,0,0,0,0,0,0,0,0,1
1c7s,A,123,GLY,-0.4,60.1,0.0,0,0,X,0.0,0.0,0.0,0.0,0.0,0.0,0.0,0.0,29,0.04103213376587927,21,8,13,0,0,0,0,0,0,0,0,1
1c7s,A,124,PHE,2.8,189.9,0.0,0,0,X,0.0,0.0,0.0,0.0,0.0,0.0,0.0,0.0,38,0.04755997322863279,11,12,-1,0,0,0,0,0,0,0,0,1
1c7s,A,125,PRO,-1.6,112.7,0.0,0,0,X,0.0,0.0,0.0,0.0,0.0,0.0,0.0,0.0,23,0.03683566553982344,9,11,-2,0,0,0,0,0,0,0,0,1
1c7s,A,126,ALA,1.8,88.6,0.0,0,0,X,0.0,0.0,0.0,0.0,0.0,0.0,0.0,0.0,19,0.02984155182973038,9,11,-2,0,0,0,0,0,0,0,0,1
1c7s,A,127,GLY,-0.4,60.1,0.0,0,0,X,0.0,0.0,0.0,0.0,0.0,0.0,0.0,0.0,15,0.027510180593032695,9,8,1,0,0,0,0,0,0,0,0,1
1c7s,A,128,LYS,-3.9,168.6,1.0,2,0,X,0.0,0.0,0.0,0.0,0.0,0.0,0.0,0.0,18,0.02797645484037223,0,7,-7,0,0,0,0,0,0,0,0,1
1c7s,A,129,ALA,1.8,88.6,0.0,0,0,X,0.0,0.0,0.0,0.0,0.0,0.0,0.0,0.0,22,0.03403802005578621,16,12,4,0,0,0,0,0,0,0,0,1
1c7s,A,130,VAL,4.2,140.0,0.0,0,0,X,0.0,0.0,0.0,0.0,0.0,0.0,0.0,0.0,28,0.03963331102386066,12,9,3,0,0,0,0,0,0,0,0,1
1c7s,A,131,GLU,-3.5,138.4,-1.0,1,3,X,0.0,0.0,0.0,0.0,0.0,0.0,0.0,0.0,21,0.03450429430312575,12,5,7,0,0,0,0,0,0,0,0,1
1c7s,A,132,ILE,4.5,166.7,0.0,0,0,X,0.0,0.0,0.0,0.0,0.0,0.0,0.0,0.0,34,0.04755997322863279,8,22,-14,0,0,0,0,0,0,0,0,1
1c7s,A,133,PRO,-1.6,112.7,0.0,0,0,X,0.0,0.0,0.0,0.0,0.0,0.0,0.0,0.0,26,0.048026247475972325,26,19,7,0,0,0,0,0,0,0,0,1
1c7s,A,134,VAL,4.2,140.0,0.0,0,0,X,0.0,0.0,0.0,0.0,0.0,0.0,0.0,0.0,38,0.04989134446533048,30,15,15,0,0,0,0,0,0,0,0,1
1c7s,A,135,VAL,4.2,140.0,0.0,0,0,X,0.0,0.0,0.0,0.0,0.0,0.0,0.0,0.0,35,0.048958795970651406,27,23,4,0,0,0,0,0,0,0,0,1
1c7s,A,136,ALA,1.8,88.6,0.0,0,0,X,0.0,0.0,0.0,0.0,0.0,0.0,0.0,0.0,40,0.04942507021799094,32,18,14,0,0,0,0,0,0,0,0,1
1c7s,A,137,GLU,-3.5,138.4,-1.0,1,3,X,0.0,0.0,0.0,0.0,0.0,0.0,0.0,0.0,33,0.05502036118606539,17,8,9,0,0,0,0,0,0,0,0,1
1c7s,A,138,TYR,-1.3,193.6,0.0,1,1,X,0.0,0.0,0.0,0.0,0.0,0.0,0.0,0.0,33,0.048492521723311866,22,18,4,0,0,0,0,0,0,0,0,1
1c7s,A,139,TRP,-0.9,227.8,0.0,1,0,X,0.0,0.0,0.0,0.0,0.0,0.0,0.0,0.0,34,0.05455408693872585,43,28,15,0,0,0,0,0,0,0,0,1
1c7s,A,140,GLN,-3.5,143.8,0.0,2,2,X,0.0,0.0,0.0,0.0,0.0,0.0,0.0,0.0,40,0.05175644145468863,31,17,14,0,0,0,0,0,0,0,0,1
1c7s,A,141,LEU,3.8,166.7,0.0,0,0,X,0.0,0.0,0.0,0.0,0.0,0.0,0.0,0.0,40,0.05408781269138631,46,23,23,0,0,0,0,0,0,0,0,1
1c7s,A,142,PHE,2.8,189.9,0.0,0,0,X,0.0,0.0,0.0,0.0,0.0,0.0,0.0,0.0,38,0.053621538444046775,35,31,4,0,0,0,0,0,0,0,0,1
1c7s,A,143,ARG,-4.5,173.4,1.0,5,0,X,0.0,0.0,0.0,0.0,0.0,0.0,0.0,0.0,30,0.05175644145468863,10,32,-22,0,0,0,0,0,0,0,0,1
1c7s,A,144,ASN,-3.5,114.1,0.0,2,2,X,0.0,0.0,0.0,0.0,0.0,0.0,0.0,0.0,34,0.048492521723311866,30,33,-3,0,0,0,0,0,0,0,0,1
1c7s,A,145,ASP,-3.5,111.1,-1.0,1,3,X,0.0,0.0,0.0,0.0,0.0,0.0,0.0,0.0,35,0.04989134446533048,31,6,25,0,0,0,0,0,0,0,0,1
1c7s,A,146,PHE,2.8,189.9,0.0,0,0,X,0.0,0.0,0.0,0.0,0.0,0.0,0.0,0.0,37,0.045694876239274644,32,8,24,0,0,0,0,0,0,0,0,1
1c7s,A,147,LEU,3.8,166.7,0.0,0,0,X,0.0,0.0,0.0,0.0,0.0,0.0,0.0,0.0,38,0.04942507021799094,35,25,10,0,0,0,0,0,0,0,0,1
1c7s,A,148,PRO,-1.6,112.7,0.0,0,0,X,0.0,0.0,0.0,0.0,0.0,0.0,0.0,0.0,40,0.053155264196707235,33,25,8,0,0,0,0,0,0,0,0,1
1c7s,A,149,ARG,-4.5,173.4,1.0,5,0,X,0.0,0.0,0.0,0.0,0.0,0.0,0.0,0.0,33,0.05688545817542354,20,21,-1,0,0,0,0,0,0,0,0,1
1c7s,A,150,TRP,-0.9,227.8,0.0,1,0,X,0.0,0.0,0.0,0.0,0.0,0.0,0.0,0.0,41,0.05408781269138631,26,4,22,0,0,0,0,0,0,0,0,1
1c7s,A,151,TYR,-1.3,193.6,0.0,1,1,X,0.0,0.0,0.0,0.0,0.0,0.0,0.0,0.0,37,0.0526889899493677,39,8,31,0,0,0,0,0,0,0,0,1
1c7s,A,152,ALA,1.8,88.6,0.0,0,0,X,0.0,0.0,0.0,0.0,0.0,0.0,0.0,0.0,36,0.05408781269138631,23,11,12,0,0,0,0,0,0,0,0,1
1c7s,A,153,THR,-0.7,116.1,0.0,1,1,X,0.0,0.0,0.0,0.0,0.0,0.0,0.0,0.0,33,0.05129016720734909,30,25,5,0,0,0,0,0,0,0,0,1
1c7s,A,154,SER,-0.8,89.0,0.0,1,1,X,0.0,0.0,0.0,0.0,0.0,0.0,0.0,0.0,25,0.04429605349725603,19,27,-8,0,0,0,0,0,0,0,0,1
1c7s,A,155,GLY,-0.4,60.1,0.0,0,0,X,0.0,0.0,0.0,0.0,0.0,0.0,0.0,0.0,17,0.02098234113027917,12,24,-12,0,0,0,0,0,0,0,0,1
1c7s,A,156,ASP,-3.5,111.1,-1.0,1,3,X,0.0,0.0,0.0,0.0,0.0,0.0,0.0,0.0,11,0.02144861537761871,9,12,-3,0,0,0,0,0,0,0,0,1
1c7s,A,157,ALA,1.8,88.6,0.0,0,0,X,0.0,0.0,0.0,0.0,0.0,0.0,0.0,0.0,18,0.032172923066428064,20,27,-7,0,0,0,0,0,0,0,0,1
1c7s,A,158,LYS,-3.9,168.6,1.0,2,0,X,0.0,0.0,0.0,0.0,0.0,0.0,0.0,0.0,18,0.03170664881908853,16,21,-5,0,0,0,0,0,0,0,0,1
1c7s,A,159,PRO,-1.6,112.7,0.0,0,0,X,0.0,0.0,0.0,0.0,0.0,0.0,0.0,0.0,29,0.043829779249916496,29,20,9,0,0,0,0,0,0,0,0,1
1c7s,A,160,LYS,-3.9,168.6,1.0,2,0,X,0.0,0.0,0.0,0.0,0.0,0.0,0.0,0.0,25,0.040565859518539735,8,18,-10,0,0,0,0,0,0,0,0,1
1c7s,A,161,MET,1.9,162.9,0.0,0,0,X,0.0,0.0,0.0,0.0,0.0,0.0,0.0,0.0,29,0.04429605349725603,24,17,7,0,0,0,0,0,0,0,0,1
1c7s,A,162,LEU,3.8,166.7,0.0,0,0,X,0.0,0.0,0.0,0.0,0.0,0.0,0.0,0.0,39,0.04989134446533048,21,12,9,0,0,0,0,0,0,0,0,1
1c7s,A,163,ALA,1.8,88.6,0.0,0,0,X,0.0,0.0,0.0,0.0,0.0,0.0,0.0,0.0,23,0.03450429430312575,24,9,15,0,0,0,0,0,0,0,0,1
1c7s,A,164,ASN,-3.5,114.1,0.0,2,2,X,0.0,0.0,0.0,0.0,0.0,0.0,0.0,0.0,28,0.03823448828184205,15,13,2,0,0,0,0,0,0,0,0,1
1c7s,A,165,THR,-0.7,116.1,0.0,1,1,X,0.0,0.0,0.0,0.0,0.0,0.0,0.0,0.0,37,0.053155264196707235,23,17,6,0,0,0,0,0,0,0,0,1
1c7s,A,166,ASP,-3.5,111.1,-1.0,1,3,X,0.0,0.0,0.0,0.0,0.0,0.0,0.0,0.0,22,0.03963331102386066,15,9,6,0,0,0,0,0,0,0,0,1
1c7s,A,167,THR,-0.7,116.1,0.0,1,1,X,0.0,0.0,0.0,0.0,0.0,0.0,0.0,0.0,25,0.03823448828184205,20,22,-2,0,0,0,0,0,0,0,0,1
1c7s,A,168,GLU,-3.5,138.4,-1.0,1,3,X,0.0,0.0,0.0,0.0,0.0,0.0,0.0,0.0,25,0.03590311704514436,26,11,15,0,0,0,0,0,0,0,0,1
1c7s,A,169,ASN,-3.5,114.1,0.0,2,2,X,0.0,0.0,0.0,0.0,0.0,0.0,0.0,0.0,17,0.029375277582390842,14,21,-7,0,0,0,0,0,0,0,0,1
1c7s,A,170,LEU,3.8,166.7,0.0,0,0,X,0.0,0.0,0.0,0.0,0.0,0.0,0.0,0.0,30,0.04103213376587927,26,35,-9,0,0,0,0,0,0,0,0,1
1c7s,A,171,ASP,-3.5,111.1,-1.0,1,3,X,0.0,0.0,0.0,0.0,0.0,0.0,0.0,0.0,17,0.03357174580844668,10,11,-1,0,0,0,0,0,0,0,0,1
1c7s,A,172,GLN,-3.5,143.8,0.0,2,2,X,0.0,0.0,0.0,0.0,0.0,0.0,0.0,0.0,20,0.03776821403450251,10,19,-9,0,0,0,0,0,0,0,0,1
1c7s,A,173,PHE,2.8,189.9,0.0,0,0,X,0.0,0.0,0.0,0.0,0.0,0.0,0.0,0.0,33,0.04616115048661418,27,18,9,0,0,0,0,0,0,0,0,1
1c7s,A,174,VAL,4.2,140.0,0.0,0,0,X,0.0,0.0,0.0,0.0,0.0,0.0,0.0,0.0,30,0.048026247475972325,18,20,-2,0,0,0,0,0,0,0,0,1
1c7s,A,175,ALA,1.8,88.6,0.0,0,0,X,0.0,0.0,0.0,0.0,0.0,0.0,0.0,0.0,25,0.03730193978716297,20,12,8,0,0,0,0,0,0,0,0,1
1c7s,A,176,PRO,-1.6,112.7,0.0,0,0,X,0.0,0.0,0.0,0.0,0.0,0.0,0.0,0.0,20,0.030774100324409453,20,14,6,0,0,0,0,0,0,0,0,1
1c7s,A,177,PHE,2.8,189.9,0.0,0,0,X,0.0,0.0,0.0,0.0,0.0,0.0,0.0,0.0,29,0.03963331102386066,23,22,1,0,0,0,0,0,0,0,0,1
1c7s,A,178,THR,-0.7,116.1,0.0,1,1,X,0.0,0.0,0.0,0.0,0.0,0.0,0.0,0.0,17,0.02471253510899547,11,11,0,0,0,0,0,0,0,0,0,1
1c7s,A,179,GLY,-0.4,60.1,0.0,0,0,X,0.0,0.0,0.0,0.0,0.0,0.0,0.0,0.0,14,0.01958351838826056,12,8,4,0,0,0,0,0,0,0,0,1
1c7s,A,180,ASP,-3.5,111.1,-1.0,1,3,X,0.0,0.0,0.0,0.0,0.0,0.0,0.0,0.0,21,0.029375277582390842,27,18,9,0,0,0,0,0,0,0,0,1
1c7s,A,181,GLN,-3.5,143.8,0.0,2,2,X,0.0,0.0,0.0,0.0,0.0,0.0,0.0,0.0,27,0.048026247475972325,35,16,19,0,0,0,0,0,0,0,0,1
1c7s,A,182,TRP,-0.9,227.8,0.0,1,0,X,0.0,0.0,0.0,0.0,0.0,0.0,0.0,0.0,30,0.05222271570202816,36,21,15,0,0,0,0,0,0,0,0,1
1c7s,A,183,LYS,-3.9,168.6,1.0,2,0,X,0.0,0.0,0.0,0.0,0.0,0.0,0.0,0.0,27,0.05129016720734909,42,36,6,0,0,0,0,0,0,0,0,1
1c7s,A,184,ARG,-4.5,173.4,1.0,5,0,X,0.0,0.0,0.0,0.0,0.0,0.0,0.0,0.0,31,0.05129016720734909,50,29,21,0,0,0,0,0,0,0,0,1
1c7s,A,185,THR,-0.7,116.1,0.0,1,1,X,0.0,0.0,0.0,0.0,0.0,0.0,0.0,0.0,24,0.04103213376587927,61,38,23,0,0,0,0,0,0,0,0,1
1c7s,A,186,LYS,-3.9,168.6,1.0,2,0,X,0.0,0.0,0.0,0.0,0.0,0.0,0.0,0.0,12,0.02984155182973038,34,32,2,0,0,0,0,0,0,0,0,1
1c7s,A,187,ASP,-3.5,111.1,-1.0,1,3,X,0.0,0.0,0.0,0.0,0.0,0.0,0.0,0.0,15,0.029375277582390842,44,22,22,0,0,0,0,0,0,0,0,1
1c7s,A,188,ASP,-3.5,111.1,-1.0,1,3,X,0.0,0.0,0.0,0.0,0.0,0.0,0.0,0.0,22,0.04662742473395372,60,30,30,0,0,0,0,0,0,0,0,1
1c7s,A,189,LYS,-3.9,168.6,1.0,2,0,X,0.0,0.0,0.0,0.0,0.0,0.0,0.0,0.0,18,0.03590311704514436,28,32,-4,0,0,0,0,0,0,0,0,1
1c7s,A,190,ASN,-3.5,114.1,0.0,2,2,X,0.0,0.0,0.0,0.0,0.0,0.0,0.0,0.0,26,0.04149840801321881,45,31,14,0,0,0,0,0,0,0,0,1
1c7s,A,191,ILE,4.5,166.7,0.0,0,0,X,0.0,0.0,0.0,0.0,0.0,0.0,0.0,0.0,22,0.030307826077069916,22,17,5,0,0,0,0,0,0,0,0,1
1c7s,A,192,LEU,3.8,166.7,0.0,0,0,X,0.0,0.0,0.0,0.0,0.0,0.0,0.0,0.0,29,0.0363693912924839,22,21,1,0,0,0,0,0,0,0,0,1
1c7s,A,193,MET,1.9,162.9,0.0,0,0,X,0.0,0.0,0.0,0.0,0.0,0.0,0.0,0.0,31,0.04149840801321881,19,22,-3,0,0,0,0,0,0,0,0,1
1c7s,A,194,THR,-0.7,116.1,0.0,1,1,X,0.0,0.0,0.0,0.0,0.0,0.0,0.0,0.0,28,0.040099585271200194,21,16,5,0,0,0,0,0,0,0,0,1
1c7s,A,195,PRO,-1.6,112.7,0.0,0,0,X,0.0,0.0,0.0,0.0,0.0,0.0,0.0,0.0,32,0.04616115048661418,30,14,16,0,0,0,0,0,0,0,0,1
1c7s,A,196,ALA,1.8,88.6,0.0,0,0,X,0.0,0.0,0.0,0.0,0.0,0.0,0.0,0.0,26,0.03683566553982344,26,5,21,0,0,0,0,0,0,0,0,1
1c7s,A,197,SER,-0.8,89.0,0.0,1,1,X,0.0,0.0,0.0,0.0,0.0,0.0,0.0,0.0,25,0.03776821403450251,16,7,9,0,0,0,0,0,0,0,0,1
1c7s,A,198,ARG,-4.5,173.4,1.0,5,0,X,0.0,0.0,0.0,0.0,0.0,0.0,0.0,0.0,34,0.04616115048661418,10,22,-12,0,0,0,0,0,0,0,0,1
1c7s,A,199,PHE,2.8,189.9,0.0,0,0,X,0.0,0.0,0.0,0.0,0.0,0.0,0.0,0.0,29,0.048958795970651406,22,14,8,0,0,0,0,0,0,0,0,1
1c7s,A,200,VAL,4.2,140.0,0.0,0,0,X,0.0,0.0,0.0,0.0,0.0,0.0,0.0,0.0,19,0.03403802005578621,18,7,11,0,0,0,0,0,0,0,0,1
1c7s,A,201,SER,-0.8,89.0,0.0,1,1,X,0.0,0.0,0.0,0.0,0.0,0.0,0.0,0.0,26,0.03450429430312575,19,15,4,0,0,0,0,0,0,0,0,1
1c7s,A,202,ASN,-3.5,114.1,0.0,2,2,X,0.0,0.0,0.0,0.0,0.0,0.0,0.0,0.0,34,0.043363505002576956,17,13,4,0,0,0,0,0,0,0,0,1
1c7s,A,203,ALA,1.8,88.6,0.0,0,0,X,0.0,0.0,0.0,0.0,0.0,0.0,0.0,0.0,23,0.034970568550465285,17,16,1,0,0,0,0,0,0,0,0,1
1c7s,A,204,ASP,-3.5,111.1,-1.0,1,3,X,0.0,0.0,0.0,0.0,0.0,0.0,0.0,0.0,24,0.025178809356335007,13,9,4,0,0,0,0,0,0,0,0,1
1c7s,A,205,LEU,3.8,166.7,0.0,0,0,X,0.0,0.0,0.0,0.0,0.0,0.0,0.0,0.0,26,0.03870076252918159,16,16,0,0,0,0,0,0,0,0,0,1
1c7s,A,206,GLN,-3.5,143.8,0.0,2,2,X,0.0,0.0,0.0,0.0,0.0,0.0,0.0,0.0,24,0.03170664881908853,9,14,-5,0,0,0,0,0,0,0,0,1
1c7s,A,207,THR,-0.7,116.1,0.0,1,1,X,0.0,0.0,0.0,0.0,0.0,0.0,0.0,0.0,27,0.030774100324409453,7,2,5,0,0,0,0,0,0,0,0,1
1c7s,A,208,LEU,3.8,166.7,0.0,0,0,X,0.0,0.0,0.0,0.0,0.0,0.0,0.0,0.0,23,0.034970568550465285,13,0,13,0,0,0,0,0,0,0,0,1
1c7s,A,209,PRO,-1.6,112.7,0.0,0,0,X,0.0,0.0,0.0,0.0,0.0,0.0,0.0,0.0,15,0.021914889624958248,9,0,9,0,0,0,0,0,0,0,0,1
1c7s,A,210,ALA,1.8,88.6,0.0,0,0,X,0.0,0.0,0.0,0.0,0.0,0.0,0.0,0.0,16,0.02144861537761871,19,4,15,0,0,0,0,0,0,0,0,1
1c7s,A,211,GLY,-0.4,60.1,0.0,0,0,X,0.0,0.0,0.0,0.0,0.0,0.0,0.0,0.0,14,0.020049792635600097,17,3,14,0,0,0,0,0,0,0,0,1
1c7s,A,212,ALA,1.8,88.6,0.0,0,0,X,0.0,0.0,0.0,0.0,0.0,0.0,0.0,0.0,16,0.024246260861655933,29,0,29,0,0,0,0,0,0,0,0,1
1c7s,A,213,LEU,3.8,166.7,0.0,0,0,X,0.0,0.0,0.0,0.0,0.0,0.0,0.0,0.0,25,0.03730193978716297,39,0,39,0,0,0,0,0,0,0,0,1
1c7s,A,214,ARG,-4.5,173.4,1.0,5,0,X,0.0,0.0,0.0,0.0,0.0,0.0,0.0,0.0,23,0.03403802005578621,25,8,17,0,0,0,0,0,0,0,0,1
1c7s,A,215,GLY,-0.4,60.1,0.0,0,0,X,0.0,0.0,0.0,0.0,0.0,0.0,0.0,0.0,35,0.040099585271200194,45,9,36,0,0,0,0,0,0,0,0,1
1c7s,A,216,LYS,-3.9,168.6,1.0,2,0,X,0.0,0.0,0.0,0.0,0.0,0.0,0.0,0.0,32,0.040099585271200194,32,4,28,0,0,0,0,0,0,0,0,1
1c7s,A,217,ILE,4.5,166.7,0.0,0,0,X,0.0,0.0,0.0,0.0,0.0,0.0,0.0,0.0,45,0.04662742473395372,32,15,17,0,0,0,0,0,0,0,0,1
1c7s,A,218,VAL,4.2,140.0,0.0,0,0,X,0.0,0.0,0.0,0.0,0.0,0.0,0.0,0.0,41,0.05129016720734909,38,21,17,0,0,0,0,0,0,0,0,1
1c7s,A,219,PRO,-1.6,112.7,0.0,0,0,X,0.0,0.0,0.0,0.0,0.0,0.0,0.0,0.0,43,0.050823892960009553,40,20,20,0,0,0,0,0,0,0,0,1
1c7s,A,220,THR,-0.7,116.1,0.0,1,1,X,0.0,0.0,0.0,0.0,0.0,0.0,0.0,0.0,38,0.043829779249916496,44,24,20,0,0,0,0,0,0,0,0,1
1c7s,A,221,PRO,-1.6,112.7,0.0,0,0,X,0.0,0.0,0.0,0.0,0.0,0.0,0.0,0.0,32,0.048026247475972325,31,18,13,0,0,0,0,0,0,0,0,1
1c7s,A,222,MET,1.9,162.9,0.0,0,0,X,0.0,0.0,0.0,0.0,0.0,0.0,0.0,0.0,23,0.03776821403450251,24,9,15,0,0,0,0,0,0,0,0,1
1c7s,A,223,GLN,-3.5,143.8,0.0,2,2,X,0.0,0.0,0.0,0.0,0.0,0.0,0.0,0.0,17,0.02797645484037223,9,22,-13,0,0,0,0,0,0,0,0,1
1c7s,A,224,VAL,4.2,140.0,0.0,0,0,X,0.0,0.0,0.0,0.0,0.0,0.0,0.0,0.0,24,0.032639197313767604,31,14,17,0,0,0,0,0,0,0,0,1
1c7s,A,225,LYS,-3.9,168.6,1.0,2,0,X,0.0,0.0,0.0,0.0,0.0,0.0,0.0,0.0,18,0.02797645484037223,18,8,10,0,0,0,0,0,0,0,0,1
1c7s,A,226,VAL,4.2,140.0,0.0,0,0,X,0.0,0.0,0.0,0.0,0.0,0.0,0.0,0.0,23,0.03823448828184205,38,12,26,0,0,0,0,0,0,0,0,1
1c7s,A,227,HIS,-3.2,153.2,0.1,2,1,X,0.0,0.0,0.0,0.0,0.0,0.0,0.0,0.0,20,0.03170664881908853,29,15,14,0,0,0,0,0,0,0,0,1
1c7s,A,228,ALA,1.8,88.6,0.0,0,0,X,0.0,0.0,0.0,0.0,0.0,0.0,0.0,0.0,15,0.025178809356335007,34,8,26,0,0,0,0,0,0,0,0,1
1c7s,A,229,GLN,-3.5,143.8,0.0,2,2,X,0.0,0.0,0.0,0.0,0.0,0.0,0.0,0.0,19,0.030774100324409453,34,12,22,0,0,0,0,0,0,0,0,1
1c7s,A,230,ASP,-3.5,111.1,-1.0,1,3,X,0.0,0.0,0.0,0.0,0.0,0.0,0.0,0.0,24,0.04149840801321881,40,8,32,0,0,0,0,0,0,0,0,1
1c7s,A,231,ALA,1.8,88.6,0.0,0,0,X,0.0,0.0,0.0,0.0,0.0,0.0,0.0,0.0,32,0.048026247475972325,45,21,24,0,0,0,0,0,0,0,0,1
1c7s,A,232,ASP,-3.5,111.1,-1.0,1,3,X,0.0,0.0,0.0,0.0,0.0,0.0,0.0,0.0,26,0.04289723075523742,44,9,35,0,0,0,0,0,0,0,0,1
1c7s,A,233,LEU,3.8,166.7,0.0,0,0,X,0.0,0.0,0.0,0.0,0.0,0.0,0.0,0.0,38,0.04662742473395372,36,16,20,0,0,0,0,0,0,0,0,1
1c7s,A,234,ARG,-4.5,173.4,1.0,5,0,X,0.0,0.0,0.0,0.0,0.0,0.0,0.0,0.0,19,0.03730193978716297,18,14,4,0,0,0,0,0,0,0,0,1
1c7s,A,235,LYS,-3.9,168.6,1.0,2,0,X,0.0,0.0,0.0,0.0,0.0,0.0,0.0,0.0,23,0.03170664881908853,17,8,9,0,0,0,0,0,0,0,0,1
1c7s,A,236,GLY,-0.4,60.1,0.0,0,0,X,0.0,0.0,0.0,0.0,0.0,0.0,0.0,0.0,24,0.04149840801321881,18,8,10,0,0,0,0,0,0,0,0,1
1c7s,A,237,VAL,4.2,140.0,0.0,0,0,X,0.0,0.0,0.0,0.0,0.0,0.0,0.0,0.0,34,0.053621538444046775,14,9,5,0,0,0,0,0,0,0,0,1
1c7s,A,238,ALA,1.8,88.6,0.0,0,0,X,0.0,0.0,0.0,0.0,0.0,0.0,0.0,0.0,25,0.03963331102386066,14,14,0,0,0,0,0,0,0,0,0,1
1c7s,A,239,LEU,3.8,166.7,0.0,0,0,X,0.0,0.0,0.0,0.0,0.0,0.0,0.0,0.0,33,0.040565859518539735,6,9,-3,0,0,0,0,0,0,0,0,1
1c7s,A,240,ASP,-3.5,111.1,-1.0,1,3,X,0.0,0.0,0.0,0.0,0.0,0.0,0.0,0.0,23,0.030774100324409453,9,8,1,0,0,0,0,0,0,0,0,1
1c7s,A,241,LEU,3.8,166.7,0.0,0,0,X,0.0,0.0,0.0,0.0,0.0,0.0,0.0,0.0,28,0.03683566553982344,14,17,-3,0,0,0,0,0,0,0,0,1
1c7s,A,242,SER,-0.8,89.0,0.0,1,1,X,0.0,0.0,0.0,0.0,0.0,0.0,0.0,0.0,16,0.02471253510899547,10,16,-6,0,0,0,0,0,0,0,0,1
1c7s,A,243,THR,-0.7,116.1,0.0,1,1,X,0.0,0.0,0.0,0.0,0.0,0.0,0.0,0.0,28,0.03590311704514436,5,21,-16,0,0,0,0,0,0,0,0,1
1c7s,A,244,LEU,3.8,166.7,0.0,0,0,X,0.0,0.0,0.0,0.0,0.0,0.0,0.0,0.0,29,0.040099585271200194,8,21,-13,0,0,0,0,0,0,0,0,1
1c7s,A,245,VAL,4.2,140.0,0.0,0,0,X,0.0,0.0,0.0,0.0,0.0,0.0,0.0,0.0,19,0.025645083603674543,10,7,3,0,0,0,0,0,0,0,0,1
1c7s,A,246,LYS,-3.9,168.6,1.0,2,0,X,0.0,0.0,0.0,0.0,0.0,0.0,0.0,0.0,15,0.025178809356335007,0,8,-8,0,0,0,0,0,0,0,0,1
1c7s,A,247,PRO,-1.6,112.7,0.0,0,0,X,0.0,0.0,0.0,0.0,0.0,0.0,0.0,0.0,21,0.028909003335051305,28,8,20,0,0,0,0,0,0,0,0,1
1c7s,A,248,ALA,1.8,88.6,0.0,0,0,X,0.0,0.0,0.0,0.0,0.0,0.0,0.0,0.0,30,0.04616115048661418,23,8,15,0,0,0,0,0,0,0,0,1
1c7s,A,249,ALA,1.8,88.6,0.0,0,0,X,0.0,0.0,0.0,0.0,0.0,0.0,0.0,0.0,29,0.04196468226055834,18,12,6,0,0,0,0,0,0,0,0,1
1c7s,A,250,ASP,-3.5,111.1,-1.0,1,3,X,0.0,0.0,0.0,0.0,0.0,0.0,0.0,0.0,18,0.03450429430312575,18,0,18,0,0,0,0,0,0,0,0,1
1c7s,A,251,VAL,4.2,140.0,0.0,0,0,X,0.0,0.0,0.0,0.0,0.0,0.0,0.0,0.0,31,0.04243095650789788,29,16,13,0,0,0,0,0,0,0,0,1
1c7s,A,252,VAL,4.2,140.0,0.0,0,0,X,0.0,0.0,0.0,0.0,0.0,0.0,0.0,0.0,37,0.048958795970651406,21,11,10,0,0,0,0,0,0,0,0,1
1c7s,A,253,SER,-0.8,89.0,0.0,1,1,X,0.0,0.0,0.0,0.0,0.0,0.0,0.0,0.0,29,0.03870076252918159,13,9,4,0,0,0,0,0,0,0,0,1
1c7s,A,254,GLN,-3.5,143.8,0.0,2,2,X,0.0,0.0,0.0,0.0,0.0,0.0,0.0,0.0,23,0.03310547156110714,15,11,4,0,0,0,0,0,0,0,0,1
1c7s,A,255,ARG,-4.5,173.4,1.0,5,0,X,0.0,0.0,0.0,0.0,0.0,0.0,0.0,0.0,34,0.03916703677652112,22,13,9,0,0,0,0,0,0,0,0,1
1c7s,A,256,PHE,2.8,189.9,0.0,0,0,X,0.0,0.0,0.0,0.0,0.0,0.0,0.0,0.0,33,0.045694876239274644,13,2,11,0,0,0,0,0,0,0,0,1
1c7s,A,257,ALA,1.8,88.6,0.0,0,0,X,0.0,0.0,0.0,0.0,0.0,0.0,0.0,0.0,20,0.034970568550465285,15,2,13,0,0,0,0,0,0,0,0,1
1c7s,A,258,LEU,3.8,166.7,0.0,0,0,X,0.0,0.0,0.0,0.0,0.0,0.0,0.0,0.0,22,0.030307826077069916,29,8,21,0,0,0,0,0,0,0,0,1
1c7s,A,259,LEU,3.8,166.7,0.0,0,0,X,0.0,0.0,0.0,0.0,0.0,0.0,0.0,0.0,35,0.03916703677652112,33,6,27,0,0,0,0,0,0,0,0,1
1c7s,A,260,GLY,-0.4,60.1,0.0,0,0,X,0.0,0.0,0.0,0.0,0.0,0.0,0.0,0.0,26,0.02797645484037223,24,4,20,0,0,0,0,0,0,0,0,1
1c7s,A,261,VAL,4.2,140.0,0.0,0,0,X,0.0,0.0,0.0,0.0,0.0,0.0,0.0,0.0,32,0.04103213376587927,19,3,16,0,0,0,0,0,0,0,0,1
1c7s,A,262,PRO,-1.6,112.7,0.0,0,0,X,0.0,0.0,0.0,0.0,0.0,0.0,0.0,0.0,27,0.03310547156110714,15,2,13,0,0,0,0,0,0,0,0,1
1c7s,A,263,VAL,4.2,140.0,0.0,0,0,X,0.0,0.0,0.0,0.0,0.0,0.0,0.0,0.0,26,0.03590311704514436,9,1,8,0,0,0,0,0,0,0,0,1
1c7s,A,264,GLN,-3.5,143.8,0.0,2,2,X,0.0,0.0,0.0,0.0,0.0,0.0,0.0,0.0,15,0.02984155182973038,11,0,11,0,0,0,0,0,0,0,0,1
1c7s,A,265,THR,-0.7,116.1,0.0,1,1,X,0.0,0.0,0.0,0.0,0.0,0.0,0.0,0.0,14,0.022847438119637322,2,1,1,0,0,0,0,0,0,0,0,1
1c7s,A,266,ASN,-3.5,114.1,0.0,2,2,X,0.0,0.0,0.0,0.0,0.0,0.0,0.0,0.0,12,0.023779986614316396,8,0,8,0,0,0,0,0,0,0,0,1
1c7s,A,267,GLY,-0.4,60.1,0.0,0,0,X,0.0,0.0,0.0,0.0,0.0,0.0,0.0,0.0,22,0.03823448828184205,18,10,8,0,0,0,0,0,0,0,0,1
1c7s,A,268,TYR,-1.3,193.6,0.0,1,1,X,0.0,0.0,0.0,0.0,0.0,0.0,0.0,0.0,33,0.04662742473395372,34,20,14,0,0,0,0,0,0,0,0,1
1c7s,A,269,PRO,-1.6,112.7,0.0,0,0,X,0.0,0.0,0.0,0.0,0.0,0.0,0.0,0.0,29,0.04149840801321881,23,19,4,0,0,0,0,0,0,0,0,1
1c7s,A,270,ILE,4.5,166.7,0.0,0,0,X,0.0,0.0,0.0,0.0,0.0,0.0,0.0,0.0,38,0.048492521723311866,16,18,-2,0,0,0,0,0,0,0,0,1
1c7s,A,271,LYS,-3.9,168.6,1.0,2,0,X,0.0,0.0,0.0,0.0,0.0,0.0,0.0,0.0,23,0.03963331102386066,8,25,-17,0,0,0,0,0,0,0,0,1
1c7s,A,272,THR,-0.7,116.1,0.0,1,1,X,0.0,0.0,0.0,0.0,0.0,0.0,0.0,0.0,31,0.045694876239274644,9,21,-12,0,0,0,0,0,0,0,0,1
1c7s,A,273,ASP,-3.5,111.1,-1.0,1,3,X,0.0,0.0,0.0,0.0,0.0,0.0,0.0,0.0,25,0.03590311704514436,13,17,-4,0,0,0,0,0,0,0,0,1
1c7s,A,274,ILE,4.5,166.7,0.0,0,0,X,0.0,0.0,0.0,0.0,0.0,0.0,0.0,0.0,25,0.03963331102386066,7,18,-11,0,0,0,0,0,0,0,0,1
1c7s,A,275,GLN,-3.5,143.8,0.0,2,2,X,0.0,0.0,0.0,0.0,0.0,0.0,0.0,0.0,19,0.034970568550465285,9,22,-13,0,0,0,0,0,0,0,0,1
1c7s,A,276,PRO,-1.6,112.7,0.0,0,0,X,0.0,0.0,0.0,0.0,0.0,0.0,0.0,0.0,20,0.03403802005578621,14,15,-1,0,0,0,0,0,0,0,0,1
1c7s,A,277,GLY,-0.4,60.1,0.0,0,0,X,0.0,0.0,0.0,0.0,0.0,0.0,0.0,0.0,15,0.02331371236697686,18,5,13,0,0,0,0,0,0,0,0,1
1c7s,A,278,LYS,-3.9,168.6,1.0,2,0,X,0.0,0.0,0.0,0.0,0.0,0.0,0.0,0.0,16,0.02984155182973038,9,12,-3,0,0,0,0,0,0,0,0,1
1c7s,A,279,PHE,2.8,189.9,0.0,0,0,X,0.0,0.0,0.0,0.0,0.0,0.0,0.0,0.0,27,0.04103213376587927,18,21,-3,0,0,0,0,0,0,0,0,1
1c7s,A,280,LYS,-3.9,168.6,1.0,2,0,X,0.0,0.0,0.0,0.0,0.0,0.0,0.0,0.0,15,0.025178809356335007,9,4,5,0,0,0,0,0,0,0,0,1
1c7s,A,281,GLY,-0.4,60.1,0.0,0,0,X,0.0,0.0,0.0,0.0,0.0,0.0,0.0,0.0,15,0.016319598656883802,11,0,11,0,0,0,0,0,0,0,0,1
1c7s,A,282,ALA,1.8,88.6,0.0,0,0,X,0.0,0.0,0.0,0.0,0.0,0.0,0.0,0.0,17,0.01958351838826056,12,4,8,0,0,0,0,0,0,0,0,1
1c7s,A,283,MET,1.9,162.9,0.0,0,0,X,0.0,0.0,0.0,0.0,0.0,0.0,0.0,0.0,25,0.03776821403450251,15,15,0,0,0,0,0,0,0,0,0,1
1c7s,A,284,ALA,1.8,88.6,0.0,0,0,X,0.0,0.0,0.0,0.0,0.0,0.0,0.0,0.0,23,0.0363693912924839,12,9,3,0,0,0,0,0,0,0,0,1
1c7s,A,285,VAL,4.2,140.0,0.0,0,0,X,0.0,0.0,0.0,0.0,0.0,0.0,0.0,0.0,27,0.03403802005578621,11,12,-1,0,0,0,0,0,0,0,0,1
1c7s,A,286,SER,-0.8,89.0,0.0,1,1,X,0.0,0.0,0.0,0.0,0.0,0.0,0.0,0.0,31,0.03403802005578621,9,10,-1,0,0,0,0,0,0,0,0,1
1c7s,A,287,GLY,-0.4,60.1,0.0,0,0,X,0.0,0.0,0.0,0.0,0.0,0.0,0.0,0.0,37,0.05129016720734909,14,18,-4,0,0,0,0,0,0,0,0,1
1c7s,A,288,ALA,1.8,88.6,0.0,0,0,X,0.0,0.0,0.0,0.0,0.0,0.0,0.0,0.0,40,0.061548200648818906,14,26,-12,0,0,0,0,0,0,0,0,1
1c7s,A,289,TYR,-1.3,193.6,0.0,1,1,X,0.0,0.0,0.0,0.0,0.0,0.0,0.0,0.0,43,0.05548663543340492,7,24,-17,0,0,0,0,0,0,0,0,1
1c7s,A,290,GLU,-3.5,138.4,-1.0,1,3,X,0.0,0.0,0.0,0.0,0.0,0.0,0.0,0.0,32,0.04289723075523742,18,21,-3,0,0,0,0,0,0,0,0,1
1c7s,A,291,LEU,3.8,166.7,0.0,0,0,X,0.0,0.0,0.0,0.0,0.0,0.0,0.0,0.0,42,0.04755997322863279,19,27,-8,0,0,0,0,0,0,0,0,1
1c7s,A,292,LYS,-3.9,168.6,1.0,2,0,X,0.0,0.0,0.0,0.0,0.0,0.0,0.0,0.0,26,0.03916703677652112,21,25,-4,0,0,0,0,0,0,0,0,1
1c7s,A,293,ILE,4.5,166.7,0.0,0,0,X,0.0,0.0,0.0,0.0,0.0,0.0,0.0,0.0,39,0.048026247475972325,36,26,10,0,0,0,0,0,0,0,0,1
1c7s,A,294,GLY,-0.4,60.1,0.0,0,0,X,0.0,0.0,0.0,0.0,0.0,0.0,0.0,0.0,27,0.04243095650789788,39,27,12,0,0,0,0,0,0,0,0,1
1c7s,A,295,LYS,-3.9,168.6,1.0,2,0,X,0.0,0.0,0.0,0.0,0.0,0.0,0.0,0.0,20,0.03590311704514436,19,22,-3,0,0,0,0,0,0,0,0,1
1c7s,A,296,LYS,-3.9,168.6,1.0,2,0,X,0.0,0.0,0.0,0.0,0.0,0.0,0.0,0.0,15,0.02984155182973038,10,16,-6,0,0,0,0,0,0,0,0,1
1c7s,A,297,GLU,-3.5,138.4,-1.0,1,3,X,0.0,0.0,0.0,0.0,0.0,0.0,0.0,0.0,19,0.03730193978716297,34,0,34,0,0,0,0,0,0,0,0,1
1c7s,A,298,ALA,1.8,88.6,0.0,0,0,X,0.0,0.0,0.0,0.0,0.0,0.0,0.0,0.0,33,0.048026247475972325,29,19,10,0,0,0,0,0,0,0,0,1
1c7s,A,299,GLN,-3.5,143.8,0.0,2,2,X,0.0,0.0,0.0,0.0,0.0,0.0,0.0,0.0,28,0.04149840801321881,20,34,-14,0,0,0,0,0,0,0,0,1
1c7s,A,300,VAL,4.2,140.0,0.0,0,0,X,0.0,0.0,0.0,0.0,0.0,0.0,0.0,0.0,38,0.04942507021799094,14,29,-15,0,0,0,0,0,0,0,0,1
1c7s,A,301,ILE,4.5,166.7,0.0,0,0,X,0.0,0.0,0.0,0.0,0.0,0.0,0.0,0.0,30,0.05175644145468863,21,23,-2,0,0,0,0,0,0,0,0,1
1c7s,A,302,GLY,-0.4,60.1,0.0,0,0,X,0.0,0.0,0.0,0.0,0.0,0.0,0.0,0.0,34,0.058750555164781684,10,28,-18,0,0,0,0,0,0,0,0,1
1c7s,A,303,PHE,2.8,189.9,0.0,0,0,X,0.0,0.0,0.0,0.0,0.0,0.0,0.0,0.0,28,0.05548663543340492,10,15,-5,0,0,0,0,0,0,0,0,1
1c7s,A,304,ASP,-3.5,111.1,-1.0,1,3,X,0.0,0.0,0.0,0.0,0.0,0.0,0.0,0.0,30,0.043829779249916496,0,5,-5,0,0,0,0,0,0,0,0,1
1c7s,A,305,GLN,-3.5,143.8,0.0,2,2,X,0.0,0.0,0.0,0.0,0.0,0.0,0.0,0.0,31,0.03916703677652112,5,12,-7,0,0,0,0,0,0,0,0,1
1c7s,A,306,ALA,1.8,88.6,0.0,0,0,X,0.0,0.0,0.0,0.0,0.0,0.0,0.0,0.0,37,0.04429605349725603,16,10,6,0,0,0,0,0,0,0,0,1
1c7s,A,307,GLY,-0.4,60.1,0.0,0,0,X,0.0,0.0,0.0,0.0,0.0,0.0,0.0,0.0,38,0.05548663543340492,8,26,-18,0,0,0,0,0,0,0,0,1
1c7s,A,308,VAL,4.2,140.0,0.0,0,0,X,0.0,0.0,0.0,0.0,0.0,0.0,0.0,0.0,40,0.058750555164781684,4,23,-19,0,0,0,0,0,0,0,0,1
1c7s,A,309,PHE,2.8,189.9,0.0,0,0,X,0.0,0.0,0.0,0.0,0.0,0.0,0.0,0.0,46,0.05035761871267001,24,9,15,0,0,0,0,0,0,0,0,1
1c7s,A,310,TYR,-1.3,193.6,0.0,1,1,X,0.0,0.0,0.0,0.0,0.0,0.0,0.0,0.0,41,0.053155264196707235,21,15,6,0,0,0,0,0,0,0,0,1
1c7s,A,311,GLY,-0.4,60.1,0.0,0,0,X,0.0,0.0,0.0,0.0,0.0,0.0,0.0,0.0,48,0.05408781269138631,13,15,-2,0,0,0,0,0,0,0,0,1
1c7s,A,312,LEU,3.8,166.7,0.0,0,0,X,0.0,0.0,0.0,0.0,0.0,0.0,0.0,0.0,44,0.04989134446533048,15,7,8,0,0,0,0,0,0,0,0,1
1c7s,A,313,GLN,-3.5,143.8,0.0,2,2,X,0.0,0.0,0.0,0.0,0.0,0.0,0.0,0.0,43,0.05129016720734909,28,6,22,0,0,0,0,0,0,0,0,1
1c7s,A,314,SER,-0.8,89.0,0.0,1,1,X,0.0,0.0,0.0,0.0,0.0,0.0,0.0,0.0,46,0.050823892960009553,20,11,9,0,0,0,0,0,0,0,0,1
1c7s,A,315,ILE,4.5,166.7,0.0,0,0,X,0.0,0.0,0.0,0.0,0.0,0.0,0.0,0.0,49,0.043363505002576956,20,1,19,0,0,0,0,0,0,0,0,1
1c7s,A,316,LEU,3.8,166.7,0.0,0,0,X,0.0,0.0,0.0,0.0,0.0,0.0,0.0,0.0,39,0.04662742473395372,24,4,20,0,0,0,0,0,0,0,0,1
1c7s,A,317,SER,-0.8,89.0,0.0,1,1,X,0.0,0.0,0.0,0.0,0.0,0.0,0.0,0.0,39,0.050823892960009553,36,9,27,0,0,0,0,0,0,0,0,1
1c7s,A,318,LEU,3.8,166.7,0.0,0,0,X,0.0,0.0,0.0,0.0,0.0,0.0,0.0,0.0,41,0.048492521723311866,34,7,27,0,0,0,0,0,0,0,0,1
1c7s,A,319,VAL,4.2,140.0,0.0,0,0,X,0.0,0.0,0.0,0.0,0.0,0.0,0.0,0.0,36,0.04662742473395372,40,15,25,0,0,0,0,0,0,0,0,1
1c7s,A,320,PRO,-1.6,112.7,0.0,0,0,X,0.0,0.0,0.0,0.0,0.0,0.0,0.0,0.0,31,0.03823448828184205,36,16,20,0,0,0,0,0,0,0,0,1
1c7s,A,321,SER,-0.8,89.0,0.0,1,1,X,0.0,0.0,0.0,0.0,0.0,0.0,0.0,0.0,28,0.034970568550465285,29,24,5,0,0,0,0,0,0,0,0,1
1c7s,A,322,ASP,-3.5,111.1,-1.0,1,3,X,0.0,0.0,0.0,0.0,0.0,0.0,0.0,0.0,18,0.017718421398902413,21,0,21,0,0,0,0,0,0,0,0,1
1c7s,A,323,GLY,-0.4,60.1,0.0,0,0,X,0.0,0.0,0.0,0.0,0.0,0.0,0.0,0.0,21,0.02611135785101408,24,10,14,0,0,0,0,0,0,0,0,1
1c7s,A,324,SER,-0.8,89.0,0.0,1,1,X,0.0,0.0,0.0,0.0,0.0,0.0,0.0,0.0,19,0.027043906345693154,21,20,1,0,0,0,0,0,0,0,0,1
1c7s,A,325,GLY,-0.4,60.1,0.0,0,0,X,0.0,0.0,0.0,0.0,0.0,0.0,0.0,0.0,26,0.04476232774459557,28,23,5,0,0,0,0,0,0,0,0,1
1c7s,A,326,LYS,-3.9,168.6,1.0,2,0,X,0.0,0.0,0.0,0.0,0.0,0.0,0.0,0.0,24,0.04103213376587927,24,24,0,0,0,0,0,0,0,0,0,1
1c7s,A,327,ILE,4.5,166.7,0.0,0,0,X,0.0,0.0,0.0,0.0,0.0,0.0,0.0,0.0,42,0.045694876239274644,40,18,22,0,0,0,0,0,0,0,0,1
1c7s,A,328,ALA,1.8,88.6,0.0,0,0,X,0.0,0.0,0.0,0.0,0.0,0.0,0.0,0.0,36,0.04662742473395372,55,17,38,0,0,0,0,0,0,0,0,1
1c7s,A,329,THR,-0.7,116.1,0.0,1,1,X,0.0,0.0,0.0,0.0,0.0,0.0,0.0,0.0,29,0.05175644145468863,55,22,33,0,0,0,0,0,0,0,0,1
1c7s,A,330,LEU,3.8,166.7,0.0,0,0,X,0.0,0.0,0.0,0.0,0.0,0.0,0.0,0.0,34,0.04709369898129325,42,17,25,0,0,0,0,0,0,0,0,1
1c7s,A,331,ASP,-3.5,111.1,-1.0,1,3,X,0.0,0.0,0.0,0.0,0.0,0.0,0.0,0.0,22,0.04103213376587927,28,10,18,0,0,0,0,0,0,0,0,1
1c7s,A,332,ALA,1.8,88.6,0.0,0,0,X,0.0,0.0,0.0,0.0,0.0,0.0,0.0,0.0,31,0.045228601991935104,19,25,-6,0,0,0,0,0,0,0,0,1
1c7s,A,333,SER,-0.8,89.0,0.0,1,1,X,0.0,0.0,0.0,0.0,0.0,0.0,0.0,0.0,28,0.04289723075523742,7,24,-17,0,0,0,0,0,0,0,0,1
1c7s,A,334,ASP,-3.5,111.1,-1.0,1,3,X,0.0,0.0,0.0,0.0,0.0,0.0,0.0,0.0,38,0.048026247475972325,16,10,6,0,0,0,0,0,0,0,0,1
1c7s,A,335,ALA,1.8,88.6,0.0,0,0,X,0.0,0.0,0.0,0.0,0.0,0.0,0.0,0.0,35,0.05035761871267001,32,11,21,0,0,0,0,0,0,0,0,1
1c7s,A,336,PRO,-1.6,112.7,0.0,0,0,X,0.0,0.0,0.0,0.0,0.0,0.0,0.0,0.0,37,0.04755997322863279,39,10,29,0,0,0,0,0,0,0,0,1
1c7s,A,337,ARG,-4.5,173.4,1.0,5,0,X,0.0,0.0,0.0,0.0,0.0,0.0,0.0,0.0,32,0.04103213376587927,41,21,20,0,0,0,0,0,0,0,0,1
1c7s,A,338,PHE,2.8,189.9,0.0,0,0,X,0.0,0.0,0.0,0.0,0.0,0.0,0.0,0.0,34,0.045694876239274644,42,12,30,0,0,0,0,0,0,0,0,1
1c7s,A,339,PRO,-1.6,112.7,0.0,0,0,X,0.0,0.0,0.0,0.0,0.0,0.0,0.0,0.0,28,0.03823448828184205,35,7,28,0,0,0,0,0,0,0,0,1
1c7s,A,340,TYR,-1.3,193.6,0.0,1,1,X,0.0,0.0,0.0,0.0,0.0,0.0,0.0,0.0,39,0.04709369898129325,41,17,24,0,0,0,0,0,0,0,0,1
1c7s,A,341,ARG,-4.5,173.4,1.0,5,0,X,0.0,0.0,0.0,0.0,0.0,0.0,0.0,0.0,37,0.05502036118606539,32,8,24,0,0,0,0,0,0,0,0,1
1c7s,A,342,GLY,-0.4,60.1,0.0,0,0,X,0.0,0.0,0.0,0.0,0.0,0.0,0.0,0.0,42,0.0526889899493677,34,5,29,0,0,0,0,0,0,0,0,1
1c7s,A,343,ILE,4.5,166.7,0.0,0,0,X,0.0,0.0,0.0,0.0,0.0,0.0,0.0,0.0,43,0.05129016720734909,28,3,25,0,0,0,0,0,0,0,0,1
1c7s,A,344,PHE,2.8,189.9,0.0,0,0,X,0.0,0.0,0.0,0.0,0.0,0.0,0.0,0.0,39,0.053155264196707235,29,25,4,0,0,0,0,0,0,0,0,1
1c7s,A,345,LEU,3.8,166.7,0.0,0,0,X,0.0,0.0,0.0,0.0,0.0,0.0,0.0,0.0,42,0.05781800667010261,40,16,24,0,0,0,0,0,0,0,0,1
1c7s,A,346,ASP,-3.5,111.1,-1.0,1,3,X,0.0,0.0,0.0,0.0,0.0,0.0,0.0,0.0,39,0.058284280917442144,44,38,6,0,0,0,0,0,0,0,0,1
1c7s,A,347,VAL,4.2,140.0,0.0,0,0,X,0.0,0.0,0.0,0.0,0.0,0.0,0.0,0.0,42,0.05502036118606539,54,24,30,0,0,0,0,0,0,0,0,1
1c7s,A,348,ALA,1.8,88.6,0.0,0,0,X,0.0,0.0,0.0,0.0,0.0,0.0,0.0,0.0,41,0.058750555164781684,52,47,5,0,0,0,0,0,0,0,0,1
1c7s,A,349,ARG,-4.5,173.4,1.0,5,0,X,0.0,0.0,0.0,0.0,0.0,0.0,0.0,0.0,38,0.058750555164781684,36,51,-15,0,0,0,0,0,0,0,0,1
1c7s,A,350,ASN,-3.5,114.1,0.0,2,2,X,0.0,0.0,0.0,0.0,0.0,0.0,0.0,0.0,37,0.05735173242276307,47,35,12,0,0,0,0,0,0,0,0,1
1c7s,A,351,PHE,2.8,189.9,0.0,0,0,X,0.0,0.0,0.0,0.0,0.0,0.0,0.0,0.0,39,0.05035761871267001,49,17,32,0,0,0,0,0,0,0,0,1
1c7s,A,352,HIS,-3.2,153.2,0.1,2,1,X,0.0,0.0,0.0,0.0,0.0,0.0,0.0,0.0,39,0.045228601991935104,36,31,5,0,0,0,0,0,0,0,0,1
1c7s,A,353,LYS,-3.9,168.6,1.0,2,0,X,0.0,0.0,0.0,0.0,0.0,0.0,0.0,0.0,24,0.03683566553982344,28,23,5,0,0,0,0,0,0,0,0,1
1c7s,A,354,LYS,-3.9,168.6,1.0,2,0,X,0.0,0.0,0.0,0.0,0.0,0.0,0.0,0.0,25,0.03870076252918159,21,27,-6,0,0,0,0,0,0,0,0,1
1c7s,A,355,ASP,-3.5,111.1,-1.0,1,3,X,0.0,0.0,0.0,0.0,0.0,0.0,0.0,0.0,21,0.03124037457174899,36,15,21,0,0,0,0,0,0,0,0,1
1c7s,A,356,ALA,1.8,88.6,0.0,0,0,X,0.0,0.0,0.0,0.0,0.0,0.0,0.0,0.0,32,0.04243095650789788,38,30,8,0,0,0,0,0,0,0,0,1
1c7s,A,357,VAL,4.2,140.0,0.0,0,0,X,0.0,0.0,0.0,0.0,0.0,0.0,0.0,0.0,37,0.04755997322863279,39,29,10,0,0,0,0,0,0,0,0,1
1c7s,A,358,LEU,3.8,166.7,0.0,0,0,X,0.0,0.0,0.0,0.0,0.0,0.0,0.0,0.0,29,0.04662742473395372,37,26,11,0,0,0,0,0,0,0,0,1
1c7s,A,359,ARG,-4.5,173.4,1.0,5,0,X,0.0,0.0,0.0,0.0,0.0,0.0,0.0,0.0,29,0.048026247475972325,18,33,-15,0,0,0,0,0,0,0,0,1
1c7s,A,360,LEU,3.8,166.7,0.0,0,0,X,0.0,0.0,0.0,0.0,0.0,0.0,0.0,0.0,41,0.048958795970651406,23,22,1,0,0,0,0,0,0,0,0,1
1c7s,A,361,LEU,3.8,166.7,0.0,0,0,X,0.0,0.0,0.0,0.0,0.0,0.0,0.0,0.0,40,0.05035761871267001,28,17,11,0,0,0,0,0,0,0,0,1
1c7s,A,362,ASP,-3.5,111.1,-1.0,1,3,X,0.0,0.0,0.0,0.0,0.0,0.0,0.0,0.0,33,0.04289723075523742,34,4,30,0,0,0,0,0,0,0,0,1
1c7s,A,363,GLN,-3.5,143.8,0.0,2,2,X,0.0,0.0,0.0,0.0,0.0,0.0,0.0,0.0,39,0.045228601991935104,36,20,16,0,0,0,0,0,0,0,0,1
1c7s,A,364,MET,1.9,162.9,0.0,0,0,X,0.0,0.0,0.0,0.0,0.0,0.0,0.0,0.0,39,0.048026247475972325,37,11,26,0,0,0,0,0,0,0,0,1
1c7s,A,365,ALA,1.8,88.6,0.0,0,0,X,0.0,0.0,0.0,0.0,0.0,0.0,0.0,0.0,38,0.053621538444046775,34,8,26,0,0,0,0,0,0,0,0,1
1c7s,A,366,ALA,1.8,88.6,0.0,0,0,X,0.0,0.0,0.0,0.0,0.0,0.0,0.0,0.0,39,0.04476232774459557,36,15,21,0,0,0,0,0,0,0,0,1
1c7s,A,367,TYR,-1.3,193.6,0.0,1,1,X,0.0,0.0,0.0,0.0,0.0,0.0,0.0,0.0,43,0.04989134446533048,29,22,7,0,0,0,0,0,0,0,0,1
1c7s,A,368,LYS,-3.9,168.6,1.0,2,0,X,0.0,0.0,0.0,0.0,0.0,0.0,0.0,0.0,48,0.05408781269138631,19,13,6,0,0,0,0,0,0,0,0,1
1c7s,A,369,LEU,3.8,166.7,0.0,0,0,X,0.0,0.0,0.0,0.0,0.0,0.0,0.0,0.0,44,0.05502036118606539,34,11,23,0,0,0,0,0,0,0,0,1
1c7s,A,370,ASN,-3.5,114.1,0.0,2,2,X,0.0,0.0,0.0,0.0,0.0,0.0,0.0,0.0,36,0.048492521723311866,33,9,24,0,0,0,0,0,0,0,0,1
1c7s,A,371,LYS,-3.9,168.6,1.0,2,0,X,0.0,0.0,0.0,0.0,0.0,0.0,0.0,0.0,36,0.0526889899493677,32,9,23,0,0,0,0,0,0,0,0,1
1c7s,A,372,PHE,2.8,189.9,0.0,0,0,X,0.0,0.0,0.0,0.0,0.0,0.0,0.0,0.0,43,0.05222271570202816,26,15,11,0,0,0,0,0,0,0,0,1
1c7s,A,373,HIS,-3.2,153.2,0.1,2,1,X,0.0,0.0,0.0,0.0,0.0,0.0,0.0,0.0,43,0.05455408693872585,30,21,9,0,0,0,0,0,0,0,0,1
1c7s,A,374,PHE,2.8,189.9,0.0,0,0,X,0.0,0.0,0.0,0.0,0.0,0.0,0.0,0.0,38,0.05222271570202816,40,19,21,0,0,0,0,0,0,0,0,1
1c7s,A,375,HIS,-3.2,153.2,0.1,2,1,X,0.0,0.0,0.0,0.0,0.0,0.0,0.0,0.0,40,0.06061565215413983,45,37,8,0,0,0,0,0,0,0,0,1
1c7s,A,376,LEU,3.8,166.7,0.0,0,0,X,0.0,0.0,0.0,0.0,0.0,0.0,0.0,0.0,41,0.05688545817542354,35,36,-1,0,0,0,0,0,0,0,0,1
1c7s,A,377,SER,-0.8,89.0,0.0,1,1,X,0.0,0.0,0.0,0.0,0.0,0.0,0.0,0.0,42,0.05968310365946076,49,49,0,0,0,0,0,0,0,0,0,1
1c7s,A,378,ASP,-3.5,111.1,-1.0,1,3,X,0.0,0.0,0.0,0.0,0.0,0.0,0.0,0.0,44,0.056419183928083996,49,46,3,0,0,0,0,0,0,0,0,1
1c7s,A,379,ASP,-3.5,111.1,-1.0,1,3,X,0.0,0.0,0.0,0.0,0.0,0.0,0.0,0.0,47,0.0526889899493677,43,32,11,0,0,0,0,0,0,0,0,1
1c7s,A,380,GLU,-3.5,138.4,-1.0,1,3,X,0.0,0.0,0.0,0.0,0.0,0.0,0.0,0.0,42,0.05688545817542354,54,36,18,0,0,0,0,0,0,0,0,1
1c7s,A,381,GLY,-0.4,60.1,0.0,0,0,X,0.0,0.0,0.0,0.0,0.0,0.0,0.0,0.0,44,0.05548663543340492,53,38,15,0,0,0,0,0,0,0,0,1
1c7s,A,382,TRP,-0.9,227.8,0.0,1,0,X,0.0,0.0,0.0,0.0,0.0,0.0,0.0,0.0,44,0.05502036118606539,21,34,-13,0,0,0,0,0,0,0,0,1
1c7s,A,383,ARG,-4.5,173.4,1.0,5,0,X,0.0,0.0,0.0,0.0,0.0,0.0,0.0,0.0,38,0.05781800667010261,31,25,6,0,0,0,0,0,0,0,0,1
1c7s,A,384,ILE,4.5,166.7,0.0,0,0,X,0.0,0.0,0.0,0.0,0.0,0.0,0.0,0.0,39,0.0526889899493677,22,25,-3,0,0,0,0,0,0,0,0,1
1c7s,A,385,GLU,-3.5,138.4,-1.0,1,3,X,0.0,0.0,0.0,0.0,0.0,0.0,0.0,0.0,24,0.048492521723311866,16,24,-8,0,0,0,0,0,0,0,0,1
1c7s,A,386,ILE,4.5,166.7,0.0,0,0,X,0.0,0.0,0.0,0.0,0.0,0.0,0.0,0.0,33,0.05035761871267001,26,27,-1,0,0,0,0,0,0,0,0,1
1c7s,A,387,PRO,-1.6,112.7,0.0,0,0,X,0.0,0.0,0.0,0.0,0.0,0.0,0.0,0.0,25,0.029375277582390842,22,20,2,0,0,0,0,0,0,0,0,1
1c7s,A,388,GLY,-0.4,60.1,0.0,0,0,X,0.0,0.0,0.0,0.0,0.0,0.0,0.0,0.0,21,0.02471253510899547,16,33,-17,0,0,0,0,0,0,0,0,1
1c7s,A,389,LEU,3.8,166.7,0.0,0,0,X,0.0,0.0,0.0,0.0,0.0,0.0,0.0,0.0,30,0.03963331102386066,23,39,-16,0,0,0,0,0,0,0,0,1
1c7s,A,390,PRO,-1.6,112.7,0.0,0,0,X,0.0,0.0,0.0,0.0,0.0,0.0,0.0,0.0,24,0.03683566553982344,19,27,-8,0,0,0,0,0,0,0,0,1
1c7s,A,391,GLU,-3.5,138.4,-1.0,1,3,X,0.0,0.0,0.0,0.0,0.0,0.0,0.0,0.0,32,0.045228601991935104,20,15,5,0,0,0,0,0,0,0,0,1
1c7s,A,392,LEU,3.8,166.7,0.0,0,0,X,0.0,0.0,0.0,0.0,0.0,0.0,0.0,0.0,41,0.05548663543340492,18,27,-9,0,0,0,0,0,0,0,0,1
1c7s,A,393,THR,-0.7,116.1,0.0,1,1,X,0.0,0.0,0.0,0.0,0.0,0.0,0.0,0.0,32,0.05222271570202816,13,27,-14,0,0,0,0,0,0,0,0,1
1c7s,A,394,GLU,-3.5,138.4,-1.0,1,3,X,0.0,0.0,0.0,0.0,0.0,0.0,0.0,0.0,23,0.03730193978716297,8,14,-6,0,0,0,0,0,0,0,0,1
1c7s,A,395,VAL,4.2,140.0,0.0,0,0,X,0.0,0.0,0.0,0.0,0.0,0.0,0.0,0.0,38,0.04709369898129325,15,38,-23,0,0,0,0,0,0,0,0,1
1c7s,A,396,GLY,-0.4,60.1,0.0,0,0,X,0.0,0.0,0.0,0.0,0.0,0.0,0.0,0.0,43,0.05688545817542354,28,36,-8,0,0,0,0,0,0,0,0,1
1c7s,A,397,GLY,-0.4,60.1,0.0,0,0,X,0.0,0.0,0.0,0.0,0.0,0.0,0.0,0.0,38,0.05129016720734909,24,22,2,0,0,0,0,0,0,0,0,1
1c7s,A,398,GLN,-3.5,143.8,0.0,2,2,X,0.0,0.0,0.0,0.0,0.0,0.0,0.0,0.0,33,0.050823892960009553,18,25,-7,0,0,0,0,0,0,0,0,1
1c7s,A,399,ARG,-4.5,173.4,1.0,5,0,X,0.0,0.0,0.0,0.0,0.0,0.0,0.0,0.0,41,0.05455408693872585,21,24,-3,0,0,0,0,0,0,0,0,1
1c7s,A,400,CYS,2.5,108.5,0.0,1,0,X,0.0,0.0,0.0,0.0,0.0,0.0,0.0,0.0,29,0.048026247475972325,23,27,-4,0,0,0,0,0,0,0,0,1
1c7s,A,401,HIS,-3.2,153.2,0.1,2,1,X,0.0,0.0,0.0,0.0,0.0,0.0,0.0,0.0,29,0.04616115048661418,15,21,-6,0,0,0,0,0,0,0,0,1
1c7s,A,402,ASP,-3.5,111.1,-1.0,1,3,X,0.0,0.0,0.0,0.0,0.0,0.0,0.0,0.0,23,0.03776821403450251,17,10,7,0,0,0,0,0,0,0,0,1
1c7s,A,403,LEU,3.8,166.7,0.0,0,0,X,0.0,0.0,0.0,0.0,0.0,0.0,0.0,0.0,20,0.027510180593032695,14,17,-3,0,0,0,0,0,0,0,0,1
1c7s,A,404,SER,-0.8,89.0,0.0,1,1,X,0.0,0.0,0.0,0.0,0.0,0.0,0.0,0.0,18,0.022847438119637322,18,20,-2,0,0,0,0,0,0,0,0,1
1c7s,A,405,GLU,-3.5,138.4,-1.0,1,3,X,0.0,0.0,0.0,0.0,0.0,0.0,0.0,0.0,30,0.03963331102386066,22,15,7,0,0,0,0,0,0,0,0,1
1c7s,A,406,THR,-0.7,116.1,0.0,1,1,X,0.0,0.0,0.0,0.0,0.0,0.0,0.0,0.0,24,0.029375277582390842,21,32,-11,0,0,0,0,0,0,0,0,1
1c7s,A,407,THR,-0.7,116.1,0.0,1,1,X,0.0,0.0,0.0,0.0,0.0,0.0,0.0,0.0,23,0.032172923066428064,11,29,-18,0,0,0,0,0,0,0,0,1
1c7s,A,408,CYS,2.5,108.5,0.0,1,0,X,0.0,0.0,0.0,0.0,0.0,0.0,0.0,0.0,33,0.04942507021799094,18,29,-11,0,0,0,0,0,0,0,0,1
1c7s,A,409,LEU,3.8,166.7,0.0,0,0,X,0.0,0.0,0.0,0.0,0.0,0.0,0.0,0.0,45,0.056419183928083996,30,39,-9,0,0,0,0,0,0,0,0,1
1c7s,A,410,LEU,3.8,166.7,0.0,0,0,X,0.0,0.0,0.0,0.0,0.0,0.0,0.0,0.0,35,0.04942507021799094,35,35,0,0,0,0,0,0,0,0,0,1
1c7s,A,411,PRO,-1.6,112.7,0.0,0,0,X,0.0,0.0,0.0,0.0,0.0,0.0,0.0,0.0,37,0.053155264196707235,37,33,4,0,0,0,0,0,0,0,0,1
1c7s,A,412,GLN,-3.5,143.8,0.0,2,2,X,0.0,0.0,0.0,0.0,0.0,0.0,0.0,0.0,42,0.050823892960009553,43,31,12,0,0,0,0,0,0,0,0,1
1c7s,A,413,TYR,-1.3,193.6,0.0,1,1,X,0.0,0.0,0.0,0.0,0.0,0.0,0.0,0.0,41,0.05548663543340492,41,34,7,0,0,0,0,0,0,0,0,1
1c7s,A,414,GLY,-0.4,60.1,0.0,0,0,X,0.0,0.0,0.0,0.0,0.0,0.0,0.0,0.0,41,0.048958795970651406,42,26,16,0,0,0,0,0,0,0,0,1
1c7s,A,415,GLN,-3.5,143.8,0.0,2,2,X,0.0,0.0,0.0,0.0,0.0,0.0,0.0,0.0,36,0.048026247475972325,43,24,19,0,0,0,0,0,0,0,0,1
1c7s,A,416,GLY,-0.4,60.1,0.0,0,0,X,0.0,0.0,0.0,0.0,0.0,0.0,0.0,0.0,36,0.04755997322863279,46,18,28,0,0,0,0,0,0,0,0,1
1c7s,A,417,PRO,-1.6,112.7,0.0,0,0,X,0.0,0.0,0.0,0.0,0.0,0.0,0.0,0.0,31,0.04709369898129325,42,15,27,0,0,0,0,0,0,0,0,1
1c7s,A,418,ASP,-3.5,111.1,-1.0,1,3,X,0.0,0.0,0.0,0.0,0.0,0.0,0.0,0.0,21,0.030307826077069916,30,4,26,0,0,0,0,0,0,0,0,1
1c7s,A,419,VAL,4.2,140.0,0.0,0,0,X,0.0,0.0,0.0,0.0,0.0,0.0,0.0,0.0,21,0.03124037457174899,16,11,5,0,0,0,0,0,0,0,0,1
1c7s,A,420,TYR,-1.3,193.6,0.0,1,1,X,0.0,0.0,0.0,0.0,0.0,0.0,0.0,0.0,36,0.03730193978716297,35,11,24,0,0,0,0,0,0,0,0,1
1c7s,A,421,GLY,-0.4,60.1,0.0,0,0,X,0.0,0.0,0.0,0.0,0.0,0.0,0.0,0.0,29,0.04149840801321881,35,6,29,0,0,0,0,0,0,0,0,1
1c7s,A,422,GLY,-0.4,60.1,0.0,0,0,X,0.0,0.0,0.0,0.0,0.0,0.0,0.0,0.0,30,0.03916703677652112,37,11,26,0,0,0,0,0,0,0,0,1
1c7s,A,423,PHE,2.8,189.9,0.0,0,0,X,0.0,0.0,0.0,0.0,0.0,0.0,0.0,0.0,30,0.043829779249916496,18,25,-7,0,0,0,0,0,0,0,0,1
1c7s,A,424,PHE,2.8,189.9,0.0,0,0,X,0.0,0.0,0.0,0.0,0.0,0.0,0.0,0.0,34,0.04709369898129325,37,23,14,0,0,0,0,0,0,0,0,1
1c7s,A,425,SER,-0.8,89.0,0.0,1,1,X,0.0,0.0,0.0,0.0,0.0,0.0,0.0,0.0,21,0.0363693912924839,21,24,-3,0,0,0,0,0,0,0,0,1
1c7s,A,426,ARG,-4.5,173.4,1.0,5,0,X,0.0,0.0,0.0,0.0,0.0,0.0,0.0,0.0,24,0.04103213376587927,6,41,-35,0,0,0,0,0,0,0,0,1
1c7s,A,427,GLN,-3.5,143.8,0.0,2,2,X,0.0,0.0,0.0,0.0,0.0,0.0,0.0,0.0,16,0.032639197313767604,22,29,-7,0,0,0,0,0,0,0,0,1
1c7s,A,428,ASP,-3.5,111.1,-1.0,1,3,X,0.0,0.0,0.0,0.0,0.0,0.0,0.0,0.0,24,0.03823448828184205,25,19,6,0,0,0,0,0,0,0,0,1
1c7s,A,429,TYR,-1.3,193.6,0.0,1,1,X,0.0,0.0,0.0,0.0,0.0,0.0,0.0,0.0,42,0.05175644145468863,37,29,8,0,0,0,0,0,0,0,0,1
1c7s,A,430,ILE,4.5,166.7,0.0,0,0,X,0.0,0.0,0.0,0.0,0.0,0.0,0.0,0.0,28,0.05222271570202816,39,28,11,0,0,0,0,0,0,0,0,1
1c7s,A,431,ASP,-3.5,111.1,-1.0,1,3,X,0.0,0.0,0.0,0.0,0.0,0.0,0.0,0.0,22,0.040099585271200194,23,10,13,0,0,0,0,0,0,0,0,1
1c7s,A,432,ILE,4.5,166.7,0.0,0,0,X,0.0,0.0,0.0,0.0,0.0,0.0,0.0,0.0,36,0.05035761871267001,34,21,13,0,0,0,0,0,0,0,0,1
1c7s,A,433,ILE,4.5,166.7,0.0,0,0,X,0.0,0.0,0.0,0.0,0.0,0.0,0.0,0.0,37,0.05502036118606539,27,23,4,0,0,0,0,0,0,0,0,1
1c7s,A,434,LYS,-3.9,168.6,1.0,2,0,X,0.0,0.0,0.0,0.0,0.0,0.0,0.0,0.0,28,0.04243095650789788,15,17,-2,0,0,0,0,0,0,0,0,1
1c7s,A,435,TYR,-1.3,193.6,0.0,1,1,X,0.0,0.0,0.0,0.0,0.0,0.0,0.0,0.0,33,0.04243095650789788,34,23,11,0,0,0,0,0,0,0,0,1
1c7s,A,436,ALA,1.8,88.6,0.0,0,0,X,0.0,0.0,0.0,0.0,0.0,0.0,0.0,0.0,36,0.05222271570202816,25,18,7,0,0,0,0,0,0,0,0,1
1c7s,A,437,GLN,-3.5,143.8,0.0,2,2,X,0.0,0.0,0.0,0.0,0.0,0.0,0.0,0.0,29,0.04103213376587927,22,10,12,0,0,0,0,0,0,0,0,1
1c7s,A,438,ALA,1.8,88.6,0.0,0,0,X,0.0,0.0,0.0,0.0,0.0,0.0,0.0,0.0,31,0.04429605349725603,25,13,12,0,0,0,0,0,0,0,0,1
1c7s,A,439,ARG,-4.5,173.4,1.0,5,0,X,0.0,0.0,0.0,0.0,0.0,0.0,0.0,0.0,39,0.05035761871267001,16,15,1,0,0,0,0,0,0,0,0,1
1c7s,A,440,GLN,-3.5,143.8,0.0,2,2,X,0.0,0.0,0.0,0.0,0.0,0.0,0.0,0.0,38,0.04243095650789788,28,14,14,0,0,0,0,0,0,0,0,1
1c7s,A,441,ILE,4.5,166.7,0.0,0,0,X,0.0,0.0,0.0,0.0,0.0,0.0,0.0,0.0,36,0.053155264196707235,37,13,24,0,0,0,0,0,0,0,0,1
1c7s,A,442,GLU,-3.5,138.4,-1.0,1,3,X,0.0,0.0,0.0,0.0,0.0,0.0,0.0,0.0,36,0.04662742473395372,40,0,40,0,0,0,0,0,0,0,0,1
1c7s,A,443,VAL,4.2,140.0,0.0,0,0,X,0.0,0.0,0.0,0.0,0.0,0.0,0.0,0.0,39,0.05129016720734909,43,13,30,0,0,0,0,0,0,0,0,1
1c7s,A,444,ILE,4.5,166.7,0.0,0,0,X,0.0,0.0,0.0,0.0,0.0,0.0,0.0,0.0,40,0.053621538444046775,55,18,37,0,0,0,0,0,0,0,0,1
1c7s,A,445,PRO,-1.6,112.7,0.0,0,0,X,0.0,0.0,0.0,0.0,0.0,0.0,0.0,0.0,37,0.05455408693872585,41,19,22,0,0,0,0,0,0,0,0,1
1c7s,A,446,GLU,-3.5,138.4,-1.0,1,3,X,0.0,0.0,0.0,0.0,0.0,0.0,0.0,0.0,38,0.05502036118606539,34,21,13,0,0,0,0,0,0,0,0,1
1c7s,A,447,ILE,4.5,166.7,0.0,0,0,X,0.0,0.0,0.0,0.0,0.0,0.0,0.0,0.0,41,0.04989134446533048,29,24,5,0,0,0,0,0,0,0,0,1
1c7s,A,448,ASP,-3.5,111.1,-1.0,1,3,X,0.0,0.0,0.0,0.0,0.0,0.0,0.0,0.0,43,0.05129016720734909,41,30,11,0,0,0,0,0,0,0,0,1
1c7s,A,449,MET,1.9,162.9,0.0,0,0,X,0.0,0.0,0.0,0.0,0.0,0.0,0.0,0.0,46,0.04429605349725603,17,21,-4,0,0,0,0,0,0,0,0,1
1c7s,A,450,PRO,-1.6,112.7,0.0,0,0,X,0.0,0.0,0.0,0.0,0.0,0.0,0.0,0.0,39,0.05129016720734909,15,15,0,0,0,0,0,0,0,0,0,1
1c7s,A,451,ALA,1.8,88.6,0.0,0,0,X,0.0,0.0,0.0,0.0,0.0,0.0,0.0,0.0,43,0.04989134446533048,28,35,-7,0,0,0,0,0,0,0,0,1
1c7s,A,452,HIS,-3.2,153.2,0.1,2,1,X,0.0,0.0,0.0,0.0,0.0,0.0,0.0,0.0,41,0.053621538444046775,23,49,-26,0,0,0,0,0,0,0,0,1
1c7s,A,453,ALA,1.8,88.6,0.0,0,0,X,0.0,0.0,0.0,0.0,0.0,0.0,0.0,0.0,40,0.05408781269138631,26,32,-6,0,0,0,0,0,0,0,0,1
1c7s,A,454,ARG,-4.5,173.4,1.0,5,0,X,0.0,0.0,0.0,0.0,0.0,0.0,0.0,0.0,38,0.05175644145468863,15,35,-20,0,0,0,0,0,0,0,0,1
1c7s,A,455,ALA,1.8,88.6,0.0,0,0,X,0.0,0.0,0.0,0.0,0.0,0.0,0.0,0.0,42,0.0526889899493677,27,45,-18,0,0,0,0,0,0,0,0,1
1c7s,A,456,ALA,1.8,88.6,0.0,0,0,X,0.0,0.0,0.0,0.0,0.0,0.0,0.0,0.0,46,0.05129016720734909,22,34,-12,0,0,0,0,0,0,0,0,1
1c7s,A,457,VAL,4.2,140.0,0.0,0,0,X,0.0,0.0,0.0,0.0,0.0,0.0,0.0,0.0,39,0.05129016720734909,33,27,6,0,0,0,0,0,0,0,0,1
1c7s,A,458,VAL,4.2,140.0,0.0,0,0,X,0.0,0.0,0.0,0.0,0.0,0.0,0.0,0.0,41,0.04709369898129325,26,34,-8,0,0,0,0,0,0,0,0,1
1c7s,A,459,SER,-0.8,89.0,0.0,1,1,X,0.0,0.0,0.0,0.0,0.0,0.0,0.0,0.0,39,0.05129016720734909,31,36,-5,0,0,0,0,0,0,0,0,1
1c7s,A,460,MET,1.9,162.9,0.0,0,0,X,0.0,0.0,0.0,0.0,0.0,0.0,0.0,0.0,39,0.05408781269138631,35,26,9,0,0,0,0,0,0,0,0,1
1c7s,A,461,GLU,-3.5,138.4,-1.0,1,3,X,0.0,0.0,0.0,0.0,0.0,0.0,0.0,0.0,30,0.04662742473395372,36,13,23,0,0,0,0,0,0,0,0,1
1c7s,A,462,ALA,1.8,88.6,0.0,0,0,X,0.0,0.0,0.0,0.0,0.0,0.0,0.0,0.0,32,0.04429605349725603,39,31,8,0,0,0,0,0,0,0,0,1
1c7s,A,463,ARG,-4.5,173.4,1.0,5,0,X,0.0,0.0,0.0,0.0,0.0,0.0,0.0,0.0,31,0.045228601991935104,31,41,-10,0,0,0,0,0,0,0,0,1
1c7s,A,464,TYR,-1.3,193.6,0.0,1,1,X,0.0,0.0,0.0,0.0,0.0,0.0,0.0,0.0,28,0.05548663543340492,51,28,23,0,0,0,0,0,0,0,0,1
1c7s,A,465,LYS,-3.9,168.6,1.0,2,0,X,0.0,0.0,0.0,0.0,0.0,0.0,0.0,0.0,24,0.03916703677652112,33,16,17,0,0,0,0,0,0,0,0,1
1c7s,A,466,LYS,-3.9,168.6,1.0,2,0,X,0.0,0.0,0.0,0.0,0.0,0.0,0.0,0.0,20,0.032639197313767604,36,18,18,0,0,0,0,0,0,0,0,1
1c7s,A,467,LEU,3.8,166.7,0.0,0,0,X,0.0,0.0,0.0,0.0,0.0,0.0,0.0,0.0,21,0.04709369898129325,46,30,16,0,0,0,0,0,0,0,0,1
1c7s,A,468,HIS,-3.2,153.2,0.1,2,1,X,0.0,0.0,0.0,0.0,0.0,0.0,0.0,0.0,18,0.04103213376587927,32,16,16,0,0,0,0,0,0,0,0,1
1c7s,A,469,ALA,1.8,88.6,0.0,0,0,X,0.0,0.0,0.0,0.0,0.0,0.0,0.0,0.0,12,0.025178809356335007,37,8,29,0,0,0,0,0,0,0,0,1
1c7s,A,470,ALA,1.8,88.6,0.0,0,0,X,0.0,0.0,0.0,0.0,0.0,0.0,0.0,0.0,13,0.022381163872297785,31,17,14,0,0,0,0,0,0,0,0,1
1c7s,A,471,GLY,-0.4,60.1,0.0,0,0,X,0.0,0.0,0.0,0.0,0.0,0.0,0.0,0.0,14,0.023779986614316396,27,18,9,0,0,0,0,0,0,0,0,1
1c7s,A,472,LYS,-3.9,168.6,1.0,2,0,X,0.0,0.0,0.0,0.0,0.0,0.0,0.0,0.0,15,0.03357174580844668,25,21,4,0,0,0,0,0,0,0,0,1
1c7s,A,473,GLU,-3.5,138.4,-1.0,1,3,X,0.0,0.0,0.0,0.0,0.0,0.0,0.0,0.0,17,0.03823448828184205,34,13,21,0,0,0,0,0,0,0,0,1
1c7s,A,474,GLN,-3.5,143.8,0.0,2,2,X,0.0,0.0,0.0,0.0,0.0,0.0,0.0,0.0,12,0.02844272908771177,19,27,-8,0,0,0,0,0,0,0,0,1
1c7s,A,475,GLU,-3.5,138.4,-1.0,1,3,X,0.0,0.0,0.0,0.0,0.0,0.0,0.0,0.0,20,0.03823448828184205,33,20,13,0,0,0,0,0,0,0,0,1
1c7s,A,476,ALA,1.8,88.6,0.0,0,0,X,0.0,0.0,0.0,0.0,0.0,0.0,0.0,0.0,28,0.05502036118606539,57,39,18,0,0,0,0,0,0,0,0,1
1c7s,A,477,ASN,-3.5,114.1,0.0,2,2,X,0.0,0.0,0.0,0.0,0.0,0.0,0.0,0.0,24,0.043363505002576956,42,38,4,0,0,0,0,0,0,0,0,1
1c7s,A,478,GLU,-3.5,138.4,-1.0,1,3,X,0.0,0.0,0.0,0.0,0.0,0.0,0.0,0.0,23,0.040099585271200194,36,18,18,0,0,0,0,0,0,0,0,1
1c7s,A,479,PHE,2.8,189.9,0.0,0,0,X,0.0,0.0,0.0,0.0,0.0,0.0,0.0,0.0,34,0.05222271570202816,38,31,7,0,0,0,0,0,0,0,0,1
1c7s,A,480,ARG,-4.5,173.4,1.0,5,0,X,0.0,0.0,0.0,0.0,0.0,0.0,0.0,0.0,33,0.05502036118606539,22,33,-11,0,0,0,0,0,0,0,0,1
1c7s,A,481,LEU,3.8,166.7,0.0,0,0,X,0.0,0.0,0.0,0.0,0.0,0.0,0.0,0.0,44,0.05175644145468863,25,24,1,0,0,0,0,0,0,0,0,1
1c7s,A,482,VAL,4.2,140.0,0.0,0,0,X,0.0,0.0,0.0,0.0,0.0,0.0,0.0,0.0,33,0.045228601991935104,21,25,-4,0,0,0,0,0,0,0,0,1
1c7s,A,483,ASP,-3.5,111.1,-1.0,1,3,X,0.0,0.0,0.0,0.0,0.0,0.0,0.0,0.0,30,0.04289723075523742,23,13,10,0,0,0,0,0,0,0,0,1
1c7s,A,484,GLN,-3.5,143.8,0.0,2,2,X,0.0,0.0,0.0,0.0,0.0,0.0,0.0,0.0,20,0.02471253510899547,18,23,-5,0,0,0,0,0,0,0,0,1
1c7s,A,485,THR,-0.7,116.1,0.0,1,1,X,0.0,0.0,0.0,0.0,0.0,0.0,0.0,0.0,18,0.028909003335051305,15,16,-1,0,0,0,0,0,0,0,0,1
1c7s,A,486,ASP,-3.5,111.1,-1.0,1,3,X,0.0,0.0,0.0,0.0,0.0,0.0,0.0,0.0,30,0.04196468226055834,23,12,11,0,0,0,0,0,0,0,0,1
1c7s,A,487,THR,-0.7,116.1,0.0,1,1,X,0.0,0.0,0.0,0.0,0.0,0.0,0.0,0.0,20,0.027043906345693154,20,22,-2,0,0,0,0,0,0,0,0,1
1c7s,A,488,SER,-0.8,89.0,0.0,1,1,X,0.0,0.0,0.0,0.0,0.0,0.0,0.0,0.0,25,0.04616115048661418,26,31,-5,0,0,0,0,0,0,0,0,1
1c7s,A,489,ASN,-3.5,114.1,0.0,2,2,X,0.0,0.0,0.0,0.0,0.0,0.0,0.0,0.0,26,0.04149840801321881,33,24,9,0,0,0,0,0,0,0,0,1
1c7s,A,490,THR,-0.7,116.1,0.0,1,1,X,0.0,0.0,0.0,0.0,0.0,0.0,0.0,0.0,30,0.05455408693872585,38,21,17,0,0,0,0,0,0,0,0,1
1c7s,A,491,THR,-0.7,116.1,0.0,1,1,X,0.0,0.0,0.0,0.0,0.0,0.0,0.0,0.0,32,0.048958795970651406,33,15,18,0,0,0,0,0,0,0,0,1
1c7s,A,492,SER,-0.8,89.0,0.0,1,1,X,0.0,0.0,0.0,0.0,0.0,0.0,0.0,0.0,36,0.056419183928083996,40,18,22,0,0,0,0,0,0,0,0,1
1c7s,A,493,VAL,4.2,140.0,0.0,0,0,X,0.0,0.0,0.0,0.0,0.0,0.0,0.0,0.0,36,0.03683566553982344,30,20,10,0,0,0,0,0,0,0,0,1
1c7s,A,494,GLN,-3.5,143.8,0.0,2,2,X,0.0,0.0,0.0,0.0,0.0,0.0,0.0,0.0,33,0.040099585271200194,25,42,-17,0,0,0,0,0,0,0,0,1
1c7s,A,495,PHE,2.8,189.9,0.0,0,0,X,0.0,0.0,0.0,0.0,0.0,0.0,0.0,0.0,33,0.04709369898129325,27,16,11,0,0,0,0,0,0,0,0,1
1c7s,A,496,PHE,2.8,189.9,0.0,0,0,X,0.0,0.0,0.0,0.0,0.0,0.0,0.0,0.0,36,0.05035761871267001,37,31,6,0,0,0,0,0,0,0,0,1
1c7s,A,497,ASN,-3.5,114.1,0.0,2,2,X,0.0,0.0,0.0,0.0,0.0,0.0,0.0,0.0,31,0.04476232774459557,31,13,18,0,0,0,0,0,0,0,0,1
1c7s,A,498,ARG,-4.5,173.4,1.0,5,0,X,0.0,0.0,0.0,0.0,0.0,0.0,0.0,0.0,31,0.04476232774459557,13,19,-6,0,0,0,0,0,0,0,0,1
1c7s,A,499,GLN,-3.5,143.8,0.0,2,2,X,0.0,0.0,0.0,0.0,0.0,0.0,0.0,0.0,33,0.04149840801321881,25,27,-2,0,0,0,0,0,0,0,0,1
1c7s,A,500,SER,-0.8,89.0,0.0,1,1,X,0.0,0.0,0.0,0.0,0.0,0.0,0.0,0.0,37,0.05175644145468863,32,30,2,0,0,0,0,0,0,0,0,1
1c7s,A,501,TYR,-1.3,193.6,0.0,1,1,X,0.0,0.0,0.0,0.0,0.0,0.0,0.0,0.0,40,0.04942507021799094,37,17,20,0,0,0,0,0,0,0,0,1
1c7s,A,502,LEU,3.8,166.7,0.0,0,0,X,0.0,0.0,0.0,0.0,0.0,0.0,0.0,0.0,43,0.05548663543340492,17,10,7,0,0,0,0,0,0,0,0,1
1c7s,A,503,ASN,-3.5,114.1,0.0,2,2,X,0.0,0.0,0.0,0.0,0.0,0.0,0.0,0.0,43,0.04989134446533048,13,20,-7,0,0,0,0,0,0,0,0,1
1c7s,A,504,PRO,-1.6,112.7,0.0,0,0,X,0.0,0.0,0.0,0.0,0.0,0.0,0.0,0.0,40,0.050823892960009553,5,19,-14,0,0,0,0,0,0,0,0,1
1c7s,A,505,CYS,2.5,108.5,0.0,1,0,X,0.0,0.0,0.0,0.0,0.0,0.0,0.0,0.0,33,0.04709369898129325,8,24,-16,0,0,0,0,0,0,0,0,1
1c7s,A,506,LEU,3.8,166.7,0.0,0,0,X,0.0,0.0,0.0,0.0,0.0,0.0,0.0,0.0,33,0.04289723075523742,19,20,-1,0,0,0,0,0,0,0,0,1
1c7s,A,507,ASP,-3.5,111.1,-1.0,1,3,X,0.0,0.0,0.0,0.0,0.0,0.0,0.0,0.0,23,0.02844272908771177,19,8,11,0,0,0,0,0,0,0,0,1
1c7s,A,508,SER,-0.8,89.0,0.0,1,1,X,0.0,0.0,0.0,0.0,0.0,0.0,0.0,0.0,28,0.040565859518539735,21,26,-5,0,0,0,0,0,0,0,0,1
1c7s,A,509,SER,-0.8,89.0,0.0,1,1,X,0.0,0.0,0.0,0.0,0.0,0.0,0.0,0.0,35,0.05548663543340492,21,23,-2,0,0,0,0,0,0,0,0,1
1c7s,A,510,GLN,-3.5,143.8,0.0,2,2,X,0.0,0.0,0.0,0.0,0.0,0.0,0.0,0.0,32,0.043363505002576956,28,27,1,0,0,0,0,0,0,0,0,1
1c7s,A,511,ARG,-4.5,173.4,1.0,5,0,X,0.0,0.0,0.0,0.0,0.0,0.0,0.0,0.0,21,0.043363505002576956,12,28,-16,0,0,0,0,0,0,0,0,1
1c7s,A,512,PHE,2.8,189.9,0.0,0,0,X,0.0,0.0,0.0,0.0,0.0,0.0,0.0,0.0,40,0.04942507021799094,26,22,4,0,0,0,0,0,0,0,0,1
1c7s,A,513,VAL,4.2,140.0,0.0,0,0,X,0.0,0.0,0.0,0.0,0.0,0.0,0.0,0.0,38,0.04662742473395372,23,19,4,0,0,0,0,0,0,0,0,1
1c7s,A,514,ASP,-3.5,111.1,-1.0,1,3,X,0.0,0.0,0.0,0.0,0.0,0.0,0.0,0.0,29,0.03776821403450251,31,13,18,0,0,0,0,0,0,0,0,1
1c7s,A,515,LYS,-3.9,168.6,1.0,2,0,X,0.0,0.0,0.0,0.0,0.0,0.0,0.0,0.0,29,0.043363505002576956,17,26,-9,0,0,0,0,0,0,0,0,1
1c7s,A,516,VAL,4.2,140.0,0.0,0,0,X,0.0,0.0,0.0,0.0,0.0,0.0,0.0,0.0,40,0.05175644145468863,20,24,-4,0,0,0,0,0,0,0,0,1
1c7s,A,517,ILE,4.5,166.7,0.0,0,0,X,0.0,0.0,0.0,0.0,0.0,0.0,0.0,0.0,37,0.045694876239274644,34,18,16,0,0,0,0,0,0,0,0,1
1c7s,A,518,GLY,-0.4,60.1,0.0,0,0,X,0.0,0.0,0.0,0.0,0.0,0.0,0.0,0.0,28,0.040565859518539735,36,19,17,0,0,0,0,0,0,0,0,1
1c7s,A,519,GLU,-3.5,138.4,-1.0,1,3,X,0.0,0.0,0.0,0.0,0.0,0.0,0.0,0.0,30,0.043363505002576956,29,19,10,0,0,0,0,0,0,0,0,1
1c7s,A,520,ILE,4.5,166.7,0.0,0,0,X,0.0,0.0,0.0,0.0,0.0,0.0,0.0,0.0,40,0.05035761871267001,40,22,18,0,0,0,0,0,0,0,0,1
1c7s,A,521,ALA,1.8,88.6,0.0,0,0,X,0.0,0.0,0.0,0.0,0.0,0.0,0.0,0.0,33,0.048492521723311866,39,19,20,0,0,0,0,0,0,0,0,1
1c7s,A,522,GLN,-3.5,143.8,0.0,2,2,X,0.0,0.0,0.0,0.0,0.0,0.0,0.0,0.0,22,0.03683566553982344,33,18,15,0,0,0,0,0,0,0,0,1
1c7s,A,523,MET,1.9,162.9,0.0,0,0,X,0.0,0.0,0.0,0.0,0.0,0.0,0.0,0.0,35,0.048958795970651406,34,33,1,0,0,0,0,0,0,0,0,1
1c7s,A,524,HIS,-3.2,153.2,0.1,2,1,X,0.0,0.0,0.0,0.0,0.0,0.0,0.0,0.0,36,0.053155264196707235,26,22,4,0,0,0,0,0,0,0,0,1
1c7s,A,525,LYS,-3.9,168.6,1.0,2,0,X,0.0,0.0,0.0,0.0,0.0,0.0,0.0,0.0,21,0.0363693912924839,18,13,5,0,0,0,0,0,0,0,0,1
1c7s,A,526,GLU,-3.5,138.4,-1.0,1,3,X,0.0,0.0,0.0,0.0,0.0,0.0,0.0,0.0,19,0.03170664881908853,33,5,28,0,0,0,0,0,0,0,0,1
1c7s,A,527,ALA,1.8,88.6,0.0,0,0,X,0.0,0.0,0.0,0.0,0.0,0.0,0.0,0.0,25,0.040565859518539735,31,18,13,0,0,0,0,0,0,0,0,1
1c7s,A,528,GLY,-0.4,60.1,0.0,0,0,X,0.0,0.0,0.0,0.0,0.0,0.0,0.0,0.0,23,0.02984155182973038,29,8,21,0,0,0,0,0,0,0,0,1
1c7s,A,529,GLN,-3.5,143.8,0.0,2,2,X,0.0,0.0,0.0,0.0,0.0,0.0,0.0,0.0,33,0.03916703677652112,35,15,20,0,0,0,0,0,0,0,0,1
1c7s,A,530,PRO,-1.6,112.7,0.0,0,0,X,0.0,0.0,0.0,0.0,0.0,0.0,0.0,0.0,22,0.03776821403450251,29,13,16,0,0,0,0,0,0,0,0,1
1c7s,A,531,ILE,4.5,166.7,0.0,0,0,X,0.0,0.0,0.0,0.0,0.0,0.0,0.0,0.0,32,0.04662742473395372,43,16,27,0,0,0,0,0,0,0,0,1
1c7s,A,532,LYS,-3.9,168.6,1.0,2,0,X,0.0,0.0,0.0,0.0,0.0,0.0,0.0,0.0,23,0.03730193978716297,31,17,14,0,0,0,0,0,0,0,0,1
1c7s,A,533,THR,-0.7,116.1,0.0,1,1,X,0.0,0.0,0.0,0.0,0.0,0.0,0.0,0.0,35,0.048958795970651406,60,19,41,0,0,0,0,0,0,0,0,1
1c7s,A,534,TRP,-0.9,227.8,0.0,1,0,X,0.0,0.0,0.0,0.0,0.0,0.0,0.0,0.0,40,0.0526889899493677,40,20,20,0,0,0,0,0,0,0,0,1
1c7s,A,535,HIS,-3.2,153.2,0.1,2,1,X,0.0,0.0,0.0,0.0,0.0,0.0,0.0,0.0,38,0.05548663543340492,27,17,10,0,0,0,0,0,0,0,0,1
1c7s,A,536,PHE,2.8,189.9,0.0,0,0,X,0.0,0.0,0.0,0.0,0.0,0.0,0.0,0.0,43,0.05175644145468863,16,26,-10,0,0,0,0,0,0,0,0,1
1c7s,A,537,GLY,-0.4,60.1,0.0,0,0,X,0.0,0.0,0.0,0.0,0.0,0.0,0.0,0.0,41,0.05222271570202816,32,33,-1,0,0,0,0,0,0,0,0,1
1c7s,A,538,GLY,-0.4,60.1,0.0,0,0,X,0.0,0.0,0.0,0.0,0.0,0.0,0.0,0.0,39,0.053155264196707235,35,31,4,0,0,0,0,0,0,0,0,1
1c7s,A,539,ALA,1.8,88.6,0.0,0,0,X,0.0,0.0,0.0,0.0,0.0,0.0,0.0,0.0,38,0.04755997322863279,30,35,-5,0,0,0,0,0,0,0,0,1
1c7s,A,540,GLU,-3.5,138.4,-1.0,1,3,X,0.0,0.0,0.0,0.0,0.0,0.0,0.0,0.0,33,0.032172923066428064,22,16,6,0,0,0,0,0,0,0,0,1
1c7s,A,541,ALA,1.8,88.6,0.0,0,0,X,0.0,0.0,0.0,0.0,0.0,0.0,0.0,0.0,37,0.04243095650789788,32,29,3,0,0,0,0,0,0,0,0,1
1c7s,A,542,LYS,-3.9,168.6,1.0,2,0,X,0.0,0.0,0.0,0.0,0.0,0.0,0.0,0.0,29,0.04196468226055834,20,25,-5,0,0,0,0,0,0,0,0,1
1c7s,A,543,ASN,-3.5,114.1,0.0,2,2,X,0.0,0.0,0.0,0.0,0.0,0.0,0.0,0.0,30,0.048492521723311866,31,23,8,0,0,0,0,0,0,0,0,1
1c7s,A,544,ILE,4.5,166.7,0.0,0,0,X,0.0,0.0,0.0,0.0,0.0,0.0,0.0,0.0,29,0.04289723075523742,20,26,-6,0,0,0,0,0,0,0,0,1
1c7s,A,545,ARG,-4.5,173.4,1.0,5,0,X,0.0,0.0,0.0,0.0,0.0,0.0,0.0,0.0,34,0.04429605349725603,6,28,-22,0,0,0,0,0,0,0,0,1
1c7s,A,546,LEU,3.8,166.7,0.0,0,0,X,0.0,0.0,0.0,0.0,0.0,0.0,0.0,0.0,25,0.03590311704514436,27,27,0,0,0,0,0,0,0,0,0,1
1c7s,A,547,GLY,-0.4,60.1,0.0,0,0,X,0.0,0.0,0.0,0.0,0.0,0.0,0.0,0.0,20,0.030307826077069916,24,14,10,0,0,0,0,0,0,0,0,1
1c7s,A,548,ALA,1.8,88.6,0.0,0,0,X,0.0,0.0,0.0,0.0,0.0,0.0,0.0,0.0,21,0.025178809356335007,13,15,-2,0,0,0,0,0,0,0,0,1
1c7s,A,549,GLY,-0.4,60.1,0.0,0,0,X,0.0,0.0,0.0,0.0,0.0,0.0,0.0,0.0,26,0.03683566553982344,16,23,-7,0,0,0,0,0,0,0,0,1
1c7s,A,550,TYR,-1.3,193.6,0.0,1,1,X,0.0,0.0,0.0,0.0,0.0,0.0,0.0,0.0,34,0.05408781269138631,21,30,-9,0,0,0,0,0,0,0,0,1
1c7s,A,551,THR,-0.7,116.1,0.0,1,1,X,0.0,0.0,0.0,0.0,0.0,0.0,0.0,0.0,30,0.04755997322863279,28,28,0,0,0,0,0,0,0,0,0,1
1c7s,A,552,ASP,-3.5,111.1,-1.0,1,3,X,0.0,0.0,0.0,0.0,0.0,0.0,0.0,0.0,19,0.03963331102386066,24,21,3,0,0,0,0,0,0,0,0,1
1c7s,A,553,LYS,-3.9,168.6,1.0,2,0,X,0.0,0.0,0.0,0.0,0.0,0.0,0.0,0.0,16,0.034970568550465285,9,17,-8,0,0,0,0,0,0,0,0,1
1c7s,A,554,ALA,1.8,88.6,0.0,0,0,X,0.0,0.0,0.0,0.0,0.0,0.0,0.0,0.0,11,0.02144861537761871,18,18,0,0,0,0,0,0,0,0,0,1
1c7s,A,555,LYS,-3.9,168.6,1.0,2,0,X,0.0,0.0,0.0,0.0,0.0,0.0,0.0,0.0,10,0.022381163872297785,9,17,-8,0,0,0,0,0,0,0,0,1
1c7s,A,556,PRO,-1.6,112.7,0.0,0,0,X,0.0,0.0,0.0,0.0,0.0,0.0,0.0,0.0,16,0.03450429430312575,27,17,10,0,0,0,0,0,0,0,0,1
1c7s,A,557,GLU,-3.5,138.4,-1.0,1,3,X,0.0,0.0,0.0,0.0,0.0,0.0,0.0,0.0,20,0.02611135785101408,20,6,14,0,0,0,0,0,0,0,0,1
1c7s,A,558,PRO,-1.6,112.7,0.0,0,0,X,0.0,0.0,0.0,0.0,0.0,0.0,0.0,0.0,17,0.020049792635600097,12,14,-2,0,0,0,0,0,0,0,0,1
1c7s,A,559,GLY,-0.4,60.1,0.0,0,0,X,0.0,0.0,0.0,0.0,0.0,0.0,0.0,0.0,21,0.030774100324409453,9,22,-13,0,0,0,0,0,0,0,0,1
1c7s,A,560,LYS,-3.9,168.6,1.0,2,0,X,0.0,0.0,0.0,0.0,0.0,0.0,0.0,0.0,26,0.050823892960009553,4,22,-18,0,0,0,0,0,0,0,0,1
1c7s,A,561,GLY,-0.4,60.1,0.0,0,0,X,0.0,0.0,0.0,0.0,0.0,0.0,0.0,0.0,34,0.053621538444046775,23,36,-13,0,0,0,0,0,0,0,0,1
1c7s,A,562,ILE,4.5,166.7,0.0,0,0,X,0.0,0.0,0.0,0.0,0.0,0.0,0.0,0.0,28,0.048026247475972325,21,31,-10,0,0,0,0,0,0,0,0,1
1c7s,A,563,ILE,4.5,166.7,0.0,0,0,X,0.0,0.0,0.0,0.0,0.0,0.0,0.0,0.0,32,0.04289723075523742,29,30,-1,0,0,0,0,0,0,0,0,1
1c7s,A,564,ASP,-3.5,111.1,-1.0,1,3,X,0.0,0.0,0.0,0.0,0.0,0.0,0.0,0.0,17,0.03450429430312575,17,18,-1,0,0,0,0,0,0,0,0,1
1c7s,A,565,GLN,-3.5,143.8,0.0,2,2,X,0.0,0.0,0.0,0.0,0.0,0.0,0.0,0.0,21,0.03823448828184205,20,32,-12,0,0,0,0,0,0,0,0,1
1c7s,A,566,SER,-0.8,89.0,0.0,1,1,X,0.0,0.0,0.0,0.0,0.0,0.0,0.0,0.0,15,0.02331371236697686,11,32,-21,0,0,0,0,0,0,0,0,1
1c7s,A,567,ASN,-3.5,114.1,0.0,2,2,X,0.0,0.0,0.0,0.0,0.0,0.0,0.0,0.0,19,0.026577632098353617,13,29,-16,0,0,0,0,0,0,0,0,1
1c7s,A,568,GLU,-3.5,138.4,-1.0,1,3,X,0.0,0.0,0.0,0.0,0.0,0.0,0.0,0.0,25,0.040565859518539735,22,20,2,0,0,0,0,0,0,0,0,1
1c7s,A,569,ASP,-3.5,111.1,-1.0,1,3,X,0.0,0.0,0.0,0.0,0.0,0.0,0.0,0.0,26,0.043363505002576956,33,15,18,0,0,0,0,0,0,0,0,1
1c7s,A,570,LYS,-3.9,168.6,1.0,2,0,X,0.0,0.0,0.0,0.0,0.0,0.0,0.0,0.0,27,0.04149840801321881,18,32,-14,0,0,0,0,0,0,0,0,1
1c7s,A,571,PRO,-1.6,112.7,0.0,0,0,X,0.0,0.0,0.0,0.0,0.0,0.0,0.0,0.0,39,0.050823892960009553,32,30,2,0,0,0,0,0,0,0,0,1
1c7s,A,572,TRP,-0.9,227.8,0.0,1,0,X,0.0,0.0,0.0,0.0,0.0,0.0,0.0,0.0,44,0.05129016720734909,29,25,4,0,0,0,0,0,0,0,0,1
1c7s,A,573,ALA,1.8,88.6,0.0,0,0,X,0.0,0.0,0.0,0.0,0.0,0.0,0.0,0.0,31,0.040565859518539735,20,27,-7,0,0,0,0,0,0,0,0,1
1c7s,A,574,LYS,-3.9,168.6,1.0,2,0,X,0.0,0.0,0.0,0.0,0.0,0.0,0.0,0.0,23,0.04149840801321881,12,25,-13,0,0,0,0,0,0,0,0,1
1c7s,A,575,SER,-0.8,89.0,0.0,1,1,X,0.0,0.0,0.0,0.0,0.0,0.0,0.0,0.0,29,0.048492521723311866,16,18,-2,0,0,0,0,0,0,0,0,1
1c7s,A,576,GLN,-3.5,143.8,0.0,2,2,X,0.0,0.0,0.0,0.0,0.0,0.0,0.0,0.0,19,0.0363693912924839,8,16,-8,0,0,0,0,0,0,0,0,1
1c7s,A,577,VAL,4.2,140.0,0.0,0,0,X,0.0,0.0,0.0,0.0,0.0,0.0,0.0,0.0,26,0.03823448828184205,6,24,-18,0,0,0,0,0,0,0,0,1
1c7s,A,578,CYS,2.5,108.5,0.0,1,0,X,0.0,0.0,0.0,0.0,0.0,0.0,0.0,0.0,33,0.05129016720734909,18,26,-8,0,0,0,0,0,0,0,0,1
1c7s,A,579,GLN,-3.5,143.8,0.0,2,2,X,0.0,0.0,0.0,0.0,0.0,0.0,0.0,0.0,23,0.03963331102386066,18,15,3,0,0,0,0,0,0,0,0,1
1c7s,A,580,THR,-0.7,116.1,0.0,1,1,X,0.0,0.0,0.0,0.0,0.0,0.0,0.0,0.0,20,0.032639197313767604,15,11,4,0,0,0,0,0,0,0,0,1
1c7s,A,581,MET,1.9,162.9,0.0,0,0,X,0.0,0.0,0.0,0.0,0.0,0.0,0.0,0.0,28,0.04149840801321881,18,20,-2,0,0,0,0,0,0,0,0,1
1c7s,A,582,ILE,4.5,166.7,0.0,0,0,X,0.0,0.0,0.0,0.0,0.0,0.0,0.0,0.0,22,0.04196468226055834,24,20,4,0,0,0,0,0,0,0,0,1
1c7s,A,583,LYS,-3.9,168.6,1.0,2,0,X,0.0,0.0,0.0,0.0,0.0,0.0,0.0,0.0,14,0.02797645484037223,4,11,-7,0,0,0,0,0,0,0,0,1
1c7s,A,584,GLU,-3.5,138.4,-1.0,1,3,X,0.0,0.0,0.0,0.0,0.0,0.0,0.0,0.0,14,0.023779986614316396,18,0,18,0,0,0,0,0,0,0,0,1
1c7s,A,585,GLY,-0.4,60.1,0.0,0,0,X,0.0,0.0,0.0,0.0,0.0,0.0,0.0,0.0,12,0.025178809356335007,17,13,4,0,0,0,0,0,0,0,0,1
1c7s,A,586,LYS,-3.9,168.6,1.0,2,0,X,0.0,0.0,0.0,0.0,0.0,0.0,0.0,0.0,23,0.028909003335051305,10,19,-9,0,0,0,0,0,0,0,0,1
1c7s,A,587,VAL,4.2,140.0,0.0,0,0,X,0.0,0.0,0.0,0.0,0.0,0.0,0.0,0.0,24,0.03963331102386066,25,25,0,0,0,0,0,0,0,0,0,1
1c7s,A,588,ALA,1.8,88.6,0.0,0,0,X,0.0,0.0,0.0,0.0,0.0,0.0,0.0,0.0,18,0.02611135785101408,23,19,4,0,0,0,0,0,0,0,0,1
1c7s,A,589,ASP,-3.5,111.1,-1.0,1,3,X,0.0,0.0,0.0,0.0,0.0,0.0,0.0,0.0,21,0.028909003335051305,21,12,9,0,0,0,0,0,0,0,0,1
1c7s,A,590,MET,1.9,162.9,0.0,0,0,X,0.0,0.0,0.0,0.0,0.0,0.0,0.0,0.0,29,0.04429605349725603,23,23,0,0,0,0,0,0,0,0,0,1
1c7s,A,591,GLU,-3.5,138.4,-1.0,1,3,X,0.0,0.0,0.0,0.0,0.0,0.0,0.0,0.0,22,0.03357174580844668,30,18,12,0,0,0,0,0,0,0,0,1
1c7s,A,592,HIS,-3.2,153.2,0.1,2,1,X,0.0,0.0,0.0,0.0,0.0,0.0,0.0,0.0,24,0.03963331102386066,12,27,-15,0,0,0,0,0,0,0,0,1
1c7s,A,593,LEU,3.8,166.7,0.0,0,0,X,0.0,0.0,0.0,0.0,0.0,0.0,0.0,0.0,33,0.04755997322863279,20,22,-2,0,0,0,0,0,0,0,0,1
1c7s,A,594,PRO,-1.6,112.7,0.0,0,0,X,0.0,0.0,0.0,0.0,0.0,0.0,0.0,0.0,39,0.04429605349725603,24,34,-10,0,0,0,0,0,0,0,0,1
1c7s,A,595,SER,-0.8,89.0,0.0,1,1,X,0.0,0.0,0.0,0.0,0.0,0.0,0.0,0.0,38,0.045694876239274644,20,34,-14,0,0,0,0,0,0,0,0,1
1c7s,A,596,TYR,-1.3,193.6,0.0,1,1,X,0.0,0.0,0.0,0.0,0.0,0.0,0.0,0.0,33,0.04149840801321881,23,15,8,0,0,0,0,0,0,0,0,1
1c7s,A,597,PHE,2.8,189.9,0.0,0,0,X,0.0,0.0,0.0,0.0,0.0,0.0,0.0,0.0,36,0.048026247475972325,7,11,-4,0,0,0,0,0,0,0,0,1
1c7s,A,598,GLY,-0.4,60.1,0.0,0,0,X,0.0,0.0,0.0,0.0,0.0,0.0,0.0,0.0,39,0.048958795970651406,12,14,-2,0,0,0,0,0,0,0,0,1
1c7s,A,599,GLN,-3.5,143.8,0.0,2,2,X,0.0,0.0,0.0,0.0,0.0,0.0,0.0,0.0,31,0.04616115048661418,20,17,3,0,0,0,0,0,0,0,0,1
1c7s,A,600,GLU,-3.5,138.4,-1.0,1,3,X,0.0,0.0,0.0,0.0,0.0,0.0,0.0,0.0,29,0.04149840801321881,18,0,18,0,0,0,0,0,0,0,0,1
1c7s,A,601,VAL,4.2,140.0,0.0,0,0,X,0.0,0.0,0.0,0.0,0.0,0.0,0.0,0.0,42,0.045694876239274644,25,15,10,0,0,0,0,0,0,0,0,1
1c7s,A,602,SER,-0.8,89.0,0.0,1,1,X,0.0,0.0,0.0,0.0,0.0,0.0,0.0,0.0,34,0.05035761871267001,31,16,15,0,0,0,0,0,0,0,0,1
1c7s,A,603,LYS,-3.9,168.6,1.0,2,0,X,0.0,0.0,0.0,0.0,0.0,0.0,0.0,0.0,23,0.03916703677652112,13,10,3,0,0,0,0,0,0,0,0,1
1c7s,A,604,LEU,3.8,166.7,0.0,0,0,X,0.0,0.0,0.0,0.0,0.0,0.0,0.0,0.0,29,0.04196468226055834,33,17,16,0,0,0,0,0,0,0,0,1
1c7s,A,605,VAL,4.2,140.0,0.0,0,0,X,0.0,0.0,0.0,0.0,0.0,0.0,0.0,0.0,34,0.0526889899493677,41,20,21,0,0,0,0,0,0,0,0,1
1c7s,A,606,LYS,-3.9,168.6,1.0,2,0,X,0.0,0.0,0.0,0.0,0.0,0.0,0.0,0.0,23,0.040565859518539735,26,10,16,0,0,0,0,0,0,0,0,1
1c7s,A,607,ALA,1.8,88.6,0.0,0,0,X,0.0,0.0,0.0,0.0,0.0,0.0,0.0,0.0,18,0.02844272908771177,27,14,13,0,0,0,0,0,0,0,0,1
1c7s,A,608,HIS,-3.2,153.2,0.1,2,1,X,0.0,0.0,0.0,0.0,0.0,0.0,0.0,0.0,24,0.032172923066428064,20,14,6,0,0,0,0,0,0,0,0,1
1c7s,A,609,GLY,-0.4,60.1,0.0,0,0,X,0.0,0.0,0.0,0.0,0.0,0.0,0.0,0.0,22,0.025178809356335007,36,8,28,0,0,0,0,0,0,0,0,1
1c7s,A,610,ILE,4.5,166.7,0.0,0,0,X,0.0,0.0,0.0,0.0,0.0,0.0,0.0,0.0,31,0.04103213376587927,51,9,42,0,0,0,0,0,0,0,0,1
1c7s,A,611,ASP,-3.5,111.1,-1.0,1,3,X,0.0,0.0,0.0,0.0,0.0,0.0,0.0,0.0,24,0.040565859518539735,42,3,39,0,0,0,0,0,0,0,0,1
1c7s,A,612,ARG,-4.5,173.4,1.0,5,0,X,0.0,0.0,0.0,0.0,0.0,0.0,0.0,0.0,33,0.04989134446533048,29,21,8,0,0,0,0,0,0,0,0,1
1c7s,A,613,MET,1.9,162.9,0.0,0,0,X,0.0,0.0,0.0,0.0,0.0,0.0,0.0,0.0,42,0.05595290968074446,40,16,24,0,0,0,0,0,0,0,0,1
1c7s,A,614,GLN,-3.5,143.8,0.0,2,2,X,0.0,0.0,0.0,0.0,0.0,0.0,0.0,0.0,38,0.0526889899493677,39,19,20,0,0,0,0,0,0,0,0,1
1c7s,A,615,ALA,1.8,88.6,0.0,0,0,X,0.0,0.0,0.0,0.0,0.0,0.0,0.0,0.0,42,0.05408781269138631,25,21,4,0,0,0,0,0,0,0,0,1
1c7s,A,616,TRP,-0.9,227.8,0.0,1,0,X,0.0,0.0,0.0,0.0,0.0,0.0,0.0,0.0,38,0.05688545817542354,27,30,-3,0,0,0,0,0,0,0,0,1
1c7s,A,617,GLN,-3.5,143.8,0.0,2,2,X,0.0,0.0,0.0,0.0,0.0,0.0,0.0,0.0,32,0.050823892960009553,13,24,-11,0,0,0,0,0,0,0,0,1
1c7s,A,618,ASP,-3.5,111.1,-1.0,1,3,X,0.0,0.0,0.0,0.0,0.0,0.0,0.0,0.0,27,0.04149840801321881,17,22,-5,0,0,0,0,0,0,0,0,1
1c7s,A,619,GLY,-0.4,60.1,0.0,0,0,X,0.0,0.0,0.0,0.0,0.0,0.0,0.0,0.0,39,0.04989134446533048,17,23,-6,0,0,0,0,0,0,0,0,1
1c7s,A,620,LEU,3.8,166.7,0.0,0,0,X,0.0,0.0,0.0,0.0,0.0,0.0,0.0,0.0,36,0.048492521723311866,13,20,-7,0,0,0,0,0,0,0,0,1
1c7s,A,621,LYS,-3.9,168.6,1.0,2,0,X,0.0,0.0,0.0,0.0,0.0,0.0,0.0,0.0,26,0.03357174580844668,12,32,-20,0,0,0,0,0,0,0,0,1
1c7s,A,622,ASP,-3.5,111.1,-1.0,1,3,X,0.0,0.0,0.0,0.0,0.0,0.0,0.0,0.0,24,0.03124037457174899,19,26,-7,0,0,0,0,0,0,0,0,1
1c7s,A,623,ALA,1.8,88.6,0.0,0,0,X,0.0,0.0,0.0,0.0,0.0,0.0,0.0,0.0,23,0.03683566553982344,30,21,9,0,0,0,0,0,0,0,0,1
1c7s,A,624,GLU,-3.5,138.4,-1.0,1,3,X,0.0,0.0,0.0,0.0,0.0,0.0,0.0,0.0,16,0.027043906345693154,22,6,16,0,0,0,0,0,0,0,0,1
1c7s,A,625,SER,-0.8,89.0,0.0,1,1,X,0.0,0.0,0.0,0.0,0.0,0.0,0.0,0.0,21,0.03730193978716297,22,15,7,0,0,0,0,0,0,0,0,1
1c7s,A,626,SER,-0.8,89.0,0.0,1,1,X,0.0,0.0,0.0,0.0,0.0,0.0,0.0,0.0,24,0.04429605349725603,24,16,8,0,0,0,0,0,0,0,0,1
1c7s,A,627,LYS,-3.9,168.6,1.0,2,0,X,0.0,0.0,0.0,0.0,0.0,0.0,0.0,0.0,14,0.02797645484037223,9,9,0,0,0,0,0,0,0,0,0,1
1c7s,A,628,ALA,1.8,88.6,0.0,0,0,X,0.0,0.0,0.0,0.0,0.0,0.0,0.0,0.0,23,0.03170664881908853,20,13,7,0,0,0,0,0,0,0,0,1
1c7s,A,629,PHE,2.8,189.9,0.0,0,0,X,0.0,0.0,0.0,0.0,0.0,0.0,0.0,0.0,38,0.03823448828184205,25,16,9,0,0,0,0,0,0,0,0,1
1c7s,A,630,ALA,1.8,88.6,0.0,0,0,X,0.0,0.0,0.0,0.0,0.0,0.0,0.0,0.0,23,0.035436842797804825,33,12,21,0,0,0,0,0,0,0,0,1
1c7s,A,631,THR,-0.7,116.1,0.0,1,1,X,0.0,0.0,0.0,0.0,0.0,0.0,0.0,0.0,33,0.043363505002576956,42,11,31,0,0,0,0,0,0,0,0,1
1c7s,A,632,SER,-0.8,89.0,0.0,1,1,X,0.0,0.0,0.0,0.0,0.0,0.0,0.0,0.0,20,0.027510180593032695,34,13,21,0,0,0,0,0,0,0,0,1
1c7s,A,633,ARG,-4.5,173.4,1.0,5,0,X,0.0,0.0,0.0,0.0,0.0,0.0,0.0,0.0,25,0.03870076252918159,19,19,0,0,0,0,0,0,0,0,0,1
1c7s,A,634,VAL,4.2,140.0,0.0,0,0,X,0.0,0.0,0.0,0.0,0.0,0.0,0.0,0.0,36,0.05222271570202816,31,14,17,0,0,0,0,0,0,0,0,1
1c7s,A,635,GLY,-0.4,60.1,0.0,0,0,X,0.0,0.0,0.0,0.0,0.0,0.0,0.0,0.0,39,0.05455408693872585,35,11,24,0,0,0,0,0,0,0,0,1
1c7s,A,636,VAL,4.2,140.0,0.0,0,0,X,0.0,0.0,0.0,0.0,0.0,0.0,0.0,0.0,44,0.05688545817542354,18,15,3,0,0,0,0,0,0,0,0,1
1c7s,A,637,ASN,-3.5,114.1,0.0,2,2,X,0.0,0.0,0.0,0.0,0.0,0.0,0.0,0.0,44,0.05595290968074446,18,14,4,0,0,0,0,0,0,0,0,1
1c7s,A,638,PHE,2.8,189.9,0.0,0,0,X,0.0,0.0,0.0,0.0,0.0,0.0,0.0,0.0,41,0.05781800667010261,0,24,-24,0,0,0,0,0,0,0,0,1
1c7s,A,639,TRP,-0.9,227.8,0.0,1,0,X,0.0,0.0,0.0,0.0,0.0,0.0,0.0,0.0,35,0.04942507021799094,4,27,-23,0,0,0,0,0,0,0,0,1
1c7s,A,640,ASP,-3.5,111.1,-1.0,1,3,X,0.0,0.0,0.0,0.0,0.0,0.0,0.0,0.0,32,0.048026247475972325,0,17,-17,0,0,0,0,0,0,0,0,1
1c7s,A,641,THR,-0.7,116.1,0.0,1,1,X,0.0,0.0,0.0,0.0,0.0,0.0,0.0,0.0,31,0.05129016720734909,8,23,-15,0,0,0,0,0,0,0,0,1
1c7s,A,642,LEU,3.8,166.7,0.0,0,0,X,0.0,0.0,0.0,0.0,0.0,0.0,0.0,0.0,37,0.050823892960009553,5,27,-22,0,0,0,0,0,0,0,0,1
1c7s,A,643,TYR,-1.3,193.6,0.0,1,1,X,0.0,0.0,0.0,0.0,0.0,0.0,0.0,0.0,29,0.045694876239274644,19,30,-11,0,0,0,0,0,0,0,0,1
1c7s,A,644,TRP,-0.9,227.8,0.0,1,0,X,0.0,0.0,0.0,0.0,0.0,0.0,0.0,0.0,19,0.028909003335051305,11,21,-10,0,0,0,0,0,0,0,0,1
1c7s,A,645,GLY,-0.4,60.1,0.0,0,0,X,0.0,0.0,0.0,0.0,0.0,0.0,0.0,0.0,25,0.034970568550465285,8,20,-12,0,0,0,0,0,0,0,0,1
1c7s,A,646,GLY,-0.4,60.1,0.0,0,0,X,0.0,0.0,0.0,0.0,0.0,0.0,0.0,0.0,36,0.045228601991935104,7,24,-17,0,0,0,0,0,0,0,0,1
1c7s,A,647,PHE,2.8,189.9,0.0,0,0,X,0.0,0.0,0.0,0.0,0.0,0.0,0.0,0.0,33,0.04942507021799094,16,26,-10,0,0,0,0,0,0,0,0,1
1c7s,A,648,ASP,-3.5,111.1,-1.0,1,3,X,0.0,0.0,0.0,0.0,0.0,0.0,0.0,0.0,26,0.04289723075523742,17,19,-2,0,0,0,0,0,0,0,0,1
1c7s,A,649,SER,-0.8,89.0,0.0,1,1,X,0.0,0.0,0.0,0.0,0.0,0.0,0.0,0.0,28,0.03963331102386066,9,24,-15,0,0,0,0,0,0,0,0,1
1c7s,A,650,VAL,4.2,140.0,0.0,0,0,X,0.0,0.0,0.0,0.0,0.0,0.0,0.0,0.0,40,0.048958795970651406,10,31,-21,0,0,0,0,0,0,0,0,1
1c7s,A,651,ASN,-3.5,114.1,0.0,2,2,X,0.0,0.0,0.0,0.0,0.0,0.0,0.0,0.0,32,0.053621538444046775,15,25,-10,0,0,0,0,0,0,0,0,1
1c7s,A,652,ASP,-3.5,111.1,-1.0,1,3,X,0.0,0.0,0.0,0.0,0.0,0.0,0.0,0.0,27,0.03916703677652112,19,11,8,0,0,0,0,0,0,0,0,1
1c7s,A,653,TRP,-0.9,227.8,0.0,1,0,X,0.0,0.0,0.0,0.0,0.0,0.0,0.0,0.0,36,0.045694876239274644,17,29,-12,0,0,0,0,0,0,0,0,1
1c7s,A,654,ALA,1.8,88.6,0.0,0,0,X,0.0,0.0,0.0,0.0,0.0,0.0,0.0,0.0,26,0.04662742473395372,12,17,-5,0,0,0,0,0,0,0,0,1
1c7s,A,655,ASN,-3.5,114.1,0.0,2,2,X,0.0,0.0,0.0,0.0,0.0,0.0,0.0,0.0,20,0.03403802005578621,18,12,6,0,0,0,0,0,0,0,0,1
1c7s,A,656,LYS,-3.9,168.6,1.0,2,0,X,0.0,0.0,0.0,0.0,0.0,0.0,0.0,0.0,24,0.034970568550465285,11,19,-8,0,0,0,0,0,0,0,0,1
1c7s,A,657,GLY,-0.4,60.1,0.0,0,0,X,0.0,0.0,0.0,0.0,0.0,0.0,0.0,0.0,27,0.03357174580844668,24,18,6,0,0,0,0,0,0,0,0,1
1c7s,A,658,TYR,-1.3,193.6,0.0,1,1,X,0.0,0.0,0.0,0.0,0.0,0.0,0.0,0.0,37,0.04476232774459557,27,19,8,0,0,0,0,0,0,0,0,1
1c7s,A,659,GLU,-3.5,138.4,-1.0,1,3,X,0.0,0.0,0.0,0.0,0.0,0.0,0.0,0.0,33,0.045228601991935104,23,1,22,0,0,0,0,0,0,0,0,1
1c7s,A,660,VAL,4.2,140.0,0.0,0,0,X,0.0,0.0,0.0,0.0,0.0,0.0,0.0,0.0,39,0.053155264196707235,5,19,-14,0,0,0,0,0,0,0,0,1
1c7s,A,661,VAL,4.2,140.0,0.0,0,0,X,0.0,0.0,0.0,0.0,0.0,0.0,0.0,0.0,44,0.05129016720734909,18,8,10,0,0,0,0,0,0,0,0,1
1c7s,A,662,VAL,4.2,140.0,0.0,0,0,X,0.0,0.0,0.0,0.0,0.0,0.0,0.0,0.0,45,0.053155264196707235,7,15,-8,0,0,0,0,0,0,0,0,1
1c7s,A,663,SER,-0.8,89.0,0.0,1,1,X,0.0,0.0,0.0,0.0,0.0,0.0,0.0,0.0,40,0.058750555164781684,5,14,-9,0,0,0,0,0,0,0,0,1
1c7s,A,664,ASN,-3.5,114.1,0.0,2,2,X,0.0,0.0,0.0,0.0,0.0,0.0,0.0,0.0,40,0.056419183928083996,2,16,-14,0,0,0,0,0,0,0,0,1
1c7s,A,665,PRO,-1.6,112.7,0.0,0,0,X,0.0,0.0,0.0,0.0,0.0,0.0,0.0,0.0,36,0.05548663543340492,5,22,-17,0,0,0,0,0,0,0,0,1
1c7s,A,666,ASP,-3.5,111.1,-1.0,1,3,X,0.0,0.0,0.0,0.0,0.0,0.0,0.0,0.0,36,0.056419183928083996,18,11,7,0,0,0,0,0,0,0,0,1
1c7s,A,667,TYR,-1.3,193.6,0.0,1,1,X,0.0,0.0,0.0,0.0,0.0,0.0,0.0,0.0,43,0.04709369898129325,14,20,-6,0,0,0,0,0,0,0,0,1
1c7s,A,668,VAL,4.2,140.0,0.0,0,0,X,0.0,0.0,0.0,0.0,0.0,0.0,0.0,0.0,43,0.05548663543340492,20,19,1,0,0,0,0,0,0,0,0,1
1c7s,A,669,TYR,-1.3,193.6,0.0,1,1,X,0.0,0.0,0.0,0.0,0.0,0.0,0.0,0.0,35,0.05408781269138631,5,23,-18,0,0,0,0,0,0,0,0,1
1c7s,A,670,MET,1.9,162.9,0.0,0,0,X,0.0,0.0,0.0,0.0,0.0,0.0,0.0,0.0,43,0.058750555164781684,12,18,-6,0,0,0,0,0,0,0,0,1
1c7s,A,671,ASP,-3.5,111.1,-1.0,1,3,X,0.0,0.0,0.0,0.0,0.0,0.0,0.0,0.0,39,0.05502036118606539,16,15,1,0,0,0,0,0,0,0,0,1
1c7s,A,672,PHE,2.8,189.9,0.0,0,0,X,0.0,0.0,0.0,0.0,0.0,0.0,0.0,0.0,37,0.05595290968074446,23,22,1,0,0,0,0,0,0,0,0,1
1c7s,A,673,PRO,-1.6,112.7,0.0,0,0,X,0.0,0.0,0.0,0.0,0.0,0.0,0.0,0.0,39,0.05968310365946076,35,40,-5,0,0,0,0,0,0,0,0,1
1c7s,A,674,TYR,-1.3,193.6,0.0,1,1,X,0.0,0.0,0.0,0.0,0.0,0.0,0.0,0.0,40,0.04989134446533048,42,41,1,0,0,0,0,0,0,0,0,1
1c7s,A,675,GLU,-3.5,138.4,-1.0,1,3,X,0.0,0.0,0.0,0.0,0.0,0.0,0.0,0.0,36,0.048958795970651406,38,31,7,0,0,0,0,0,0,0,0,1
1c7s,A,676,VAL,4.2,140.0,0.0,0,0,X,0.0,0.0,0.0,0.0,0.0,0.0,0.0,0.0,34,0.053155264196707235,33,30,3,0,0,0,0,0,0,0,0,1
1c7s,A,677,ASN,-3.5,114.1,0.0,2,2,X,0.0,0.0,0.0,0.0,0.0,0.0,0.0,0.0,30,0.048026247475972325,37,31,6,0,0,0,0,0,0,0,0,1
1c7s,A,678,PRO,-1.6,112.7,0.0,0,0,X,0.0,0.0,0.0,0.0,0.0,0.0,0.0,0.0,38,0.045694876239274644,28,37,-9,0,0,0,0,0,0,0,0,1
1c7s,A,679,ASP,-3.5,111.1,-1.0,1,3,X,0.0,0.0,0.0,0.0,0.0,0.0,0.0,0.0,30,0.03963331102386066,34,31,3,0,0,0,0,0,0,0,0,1
1c7s,A,680,GLU,-3.5,138.4,-1.0,1,3,X,0.0,0.0,0.0,0.0,0.0,0.0,0.0,0.0,36,0.05035761871267001,45,24,21,0,0,0,0,0,0,0,0,1
1c7s,A,681,ARG,-4.5,173.4,1.0,5,0,X,0.0,0.0,0.0,0.0,0.0,0.0,0.0,0.0,39,0.04662742473395372,26,39,-13,0,0,0,0,0,0,0,0,1
1c7s,A,682,GLY,-0.4,60.1,0.0,0,0,X,0.0,0.0,0.0,0.0,0.0,0.0,0.0,0.0,41,0.05129016720734909,30,42,-12,0,0,0,0,0,0,0,0,1
1c7s,A,683,TYR,-1.3,193.6,0.0,1,1,X,0.0,0.0,0.0,0.0,0.0,0.0,0.0,0.0,35,0.048026247475972325,19,28,-9,0,0,0,0,0,0,0,0,1
1c7s,A,684,TYR,-1.3,193.6,0.0,1,1,X,0.0,0.0,0.0,0.0,0.0,0.0,0.0,0.0,35,0.048026247475972325,39,18,21,0,0,0,0,0,0,0,0,1
1c7s,A,685,TRP,-0.9,227.8,0.0,1,0,X,0.0,0.0,0.0,0.0,0.0,0.0,0.0,0.0,28,0.03730193978716297,14,24,-10,0,0,0,0,0,0,0,0,1
1c7s,A,686,GLY,-0.4,60.1,0.0,0,0,X,0.0,0.0,0.0,0.0,0.0,0.0,0.0,0.0,31,0.04616115048661418,27,28,-1,0,0,0,0,0,0,0,0,1
1c7s,A,687,THR,-0.7,116.1,0.0,1,1,X,0.0,0.0,0.0,0.0,0.0,0.0,0.0,0.0,38,0.053621538444046775,29,33,-4,0,0,0,0,0,0,0,0,1
1c7s,A,688,ARG,-4.5,173.4,1.0,5,0,X,0.0,0.0,0.0,0.0,0.0,0.0,0.0,0.0,37,0.05129016720734909,34,29,5,0,0,0,0,0,0,0,0,1
1c7s,A,689,PHE,2.8,189.9,0.0,0,0,X,0.0,0.0,0.0,0.0,0.0,0.0,0.0,0.0,37,0.04755997322863279,39,36,3,0,0,0,0,0,0,0,0,1
1c7s,A,690,SER,-0.8,89.0,0.0,1,1,X,0.0,0.0,0.0,0.0,0.0,0.0,0.0,0.0,36,0.05408781269138631,39,34,5,0,0,0,0,0,0,0,0,1
1c7s,A,691,ASP,-3.5,111.1,-1.0,1,3,X,0.0,0.0,0.0,0.0,0.0,0.0,0.0,0.0,35,0.04662742473395372,39,21,18,0,0,0,0,0,0,0,0,1
1c7s,A,692,GLU,-3.5,138.4,-1.0,1,3,X,0.0,0.0,0.0,0.0,0.0,0.0,0.0,0.0,38,0.05222271570202816,39,11,28,0,0,0,0,0,0,0,0,1
1c7s,A,693,ARG,-4.5,173.4,1.0,5,0,X,0.0,0.0,0.0,0.0,0.0,0.0,0.0,0.0,34,0.04289723075523742,12,39,-27,0,0,0,0,0,0,0,0,1
1c7s,A,694,LYS,-3.9,168.6,1.0,2,0,X,0.0,0.0,0.0,0.0,0.0,0.0,0.0,0.0,34,0.043829779249916496,21,28,-7,0,0,0,0,0,0,0,0,1
1c7s,A,695,VAL,4.2,140.0,0.0,0,0,X,0.0,0.0,0.0,0.0,0.0,0.0,0.0,0.0,42,0.05175644145468863,38,26,12,0,0,0,0,0,0,0,0,1
1c7s,A,696,PHE,2.8,189.9,0.0,0,0,X,0.0,0.0,0.0,0.0,0.0,0.0,0.0,0.0,43,0.05175644145468863,50,37,13,0,0,0,0,0,0,0,0,1
1c7s,A,697,SER,-0.8,89.0,0.0,1,1,X,0.0,0.0,0.0,0.0,0.0,0.0,0.0,0.0,36,0.04942507021799094,30,38,-8,0,0,0,0,0,0,0,0,1
1c7s,A,698,PHE,2.8,189.9,0.0,0,0,X,0.0,0.0,0.0,0.0,0.0,0.0,0.0,0.0,42,0.05175644145468863,27,21,6,0,0,0,0,0,0,0,0,1
1c7s,A,699,ALA,1.8,88.6,0.0,0,0,X,0.0,0.0,0.0,0.0,0.0,0.0,0.0,0.0,40,0.05222271570202816,29,21,8,0,0,0,0,0,0,0,0,1
1c7s,A,700,PRO,-1.6,112.7,0.0,0,0,X,0.0,0.0,0.0,0.0,0.0,0.0,0.0,0.0,42,0.048026247475972325,28,17,11,0,0,0,0,0,0,0,0,1
1c7s,A,701,ASP,-3.5,111.1,-1.0,1,3,X,0.0,0.0,0.0,0.0,0.0,0.0,0.0,0.0,31,0.045694876239274644,26,16,10,0,0,0,0,0,0,0,0,1
1c7s,A,702,ASN,-3.5,114.1,0.0,2,2,X,0.0,0.0,0.0,0.0,0.0,0.0,0.0,0.0,38,0.048958795970651406,31,26,5,0,0,0,0,0,0,0,0,1
1c7s,A,703,MET,1.9,162.9,0.0,0,0,X,0.0,0.0,0.0,0.0,0.0,0.0,0.0,0.0,42,0.05129016720734909,4,20,-16,0,0,0,0,0,0,0,0,1
1c7s,A,704,PRO,-1.6,112.7,0.0,0,0,X,0.0,0.0,0.0,0.0,0.0,0.0,0.0,0.0,44,0.05222271570202816,24,30,-6,0,0,0,0,0,0,0,0,1
1c7s,A,705,GLN,-3.5,143.8,0.0,2,2,X,0.0,0.0,0.0,0.0,0.0,0.0,0.0,0.0,39,0.05175644145468863,15,35,-20,0,0,0,0,0,0,0,0,1
1c7s,A,706,ASN,-3.5,114.1,0.0,2,2,X,0.0,0.0,0.0,0.0,0.0,0.0,0.0,0.0,38,0.0526889899493677,11,24,-13,0,0,0,0,0,0,0,0,1
1c7s,A,707,ALA,1.8,88.6,0.0,0,0,X,0.0,0.0,0.0,0.0,0.0,0.0,0.0,0.0,36,0.05502036118606539,24,26,-2,0,0,0,0,0,0,0,0,1
1c7s,A,708,GLU,-3.5,138.4,-1.0,1,3,X,0.0,0.0,0.0,0.0,0.0,0.0,0.0,0.0,32,0.04989134446533048,27,15,12,0,0,0,0,0,0,0,0,1
1c7s,A,709,THR,-0.7,116.1,0.0,1,1,X,0.0,0.0,0.0,0.0,0.0,0.0,0.0,0.0,33,0.03310547156110714,22,15,7,0,0,0,0,0,0,0,0,1
1c7s,A,710,SER,-0.8,89.0,0.0,1,1,X,0.0,0.0,0.0,0.0,0.0,0.0,0.0,0.0,36,0.03683566553982344,25,23,2,0,0,0,0,0,0,0,0,1
1c7s,A,711,VAL,4.2,140.0,0.0,0,0,X,0.0,0.0,0.0,0.0,0.0,0.0,0.0,0.0,29,0.04149840801321881,32,26,6,0,0,0,0,0,0,0,0,1
1c7s,A,712,ASP,-3.5,111.1,-1.0,1,3,X,0.0,0.0,0.0,0.0,0.0,0.0,0.0,0.0,28,0.04755997322863279,44,22,22,0,0,0,0,0,0,0,0,1
1c7s,A,713,ARG,-4.5,173.4,1.0,5,0,X,0.0,0.0,0.0,0.0,0.0,0.0,0.0,0.0,25,0.04942507021799094,26,28,-2,0,0,0,0,0,0,0,0,1
1c7s,A,714,ASP,-3.5,111.1,-1.0,1,3,X,0.0,0.0,0.0,0.0,0.0,0.0,0.0,0.0,28,0.04709369898129325,57,23,34,0,0,0,0,0,0,0,0,1
1c7s,A,715,GLY,-0.4,60.1,0.0,0,0,X,0.0,0.0,0.0,0.0,0.0,0.0,0.0,0.0,23,0.04103213376587927,41,28,13,0,0,0,0,0,0,0,0,1
1c7s,A,716,ASN,-3.5,114.1,0.0,2,2,X,0.0,0.0,0.0,0.0,0.0,0.0,0.0,0.0,21,0.03450429430312575,29,29,0,0,0,0,0,0,0,0,0,1
1c7s,A,717,HIS,-3.2,153.2,0.1,2,1,X,0.0,0.0,0.0,0.0,0.0,0.0,0.0,0.0,22,0.034970568550465285,15,24,-9,0,0,0,0,0,0,0,0,1
1c7s,A,718,PHE,2.8,189.9,0.0,0,0,X,0.0,0.0,0.0,0.0,0.0,0.0,0.0,0.0,34,0.03870076252918159,22,23,-1,0,0,0,0,0,0,0,0,1
1c7s,A,719,ASN,-3.5,114.1,0.0,2,2,X,0.0,0.0,0.0,0.0,0.0,0.0,0.0,0.0,27,0.03730193978716297,27,28,-1,0,0,0,0,0,0,0,0,1
1c7s,A,720,ALA,1.8,88.6,0.0,0,0,X,0.0,0.0,0.0,0.0,0.0,0.0,0.0,0.0,32,0.04942507021799094,28,24,4,0,0,0,0,0,0,0,0,1
1c7s,A,721,LYS,-3.9,168.6,1.0,2,0,X,0.0,0.0,0.0,0.0,0.0,0.0,0.0,0.0,23,0.04429605349725603,27,25,2,0,0,0,0,0,0,0,0,1
1c7s,A,722,SER,-0.8,89.0,0.0,1,1,X,0.0,0.0,0.0,0.0,0.0,0.0,0.0,0.0,27,0.043829779249916496,31,28,3,0,0,0,0,0,0,0,0,1
1c7s,A,723,ASP,-3.5,111.1,-1.0,1,3,X,0.0,0.0,0.0,0.0,0.0,0.0,0.0,0.0,17,0.03124037457174899,28,13,15,0,0,0,0,0,0,0,0,1
1c7s,A,724,LYS,-3.9,168.6,1.0,2,0,X,0.0,0.0,0.0,0.0,0.0,0.0,0.0,0.0,22,0.034970568550465285,10,24,-14,0,0,0,0,0,0,0,0,1
1c7s,A,725,PRO,-1.6,112.7,0.0,0,0,X,0.0,0.0,0.0,0.0,0.0,0.0,0.0,0.0,19,0.030307826077069916,14,21,-7,0,0,0,0,0,0,0,0,1
1c7s,A,726,TRP,-0.9,227.8,0.0,1,0,X,0.0,0.0,0.0,0.0,0.0,0.0,0.0,0.0,33,0.0363693912924839,11,23,-12,0,0,0,0,0,0,0,0,1
1c7s,A,727,PRO,-1.6,112.7,0.0,0,0,X,0.0,0.0,0.0,0.0,0.0,0.0,0.0,0.0,19,0.025178809356335007,5,13,-8,0,0,0,0,0,0,0,0,1
1c7s,A,728,GLY,-0.4,60.1,0.0,0,0,X,0.0,0.0,0.0,0.0,0.0,0.0,0.0,0.0,25,0.027510180593032695,2,15,-13,0,0,0,0,0,0,0,0,1
1c7s,A,729,ALA,1.8,88.6,0.0,0,0,X,0.0,0.0,0.0,0.0,0.0,0.0,0.0,0.0,30,0.04243095650789788,10,16,-6,0,0,0,0,0,0,0,0,1
1c7s,A,730,TYR,-1.3,193.6,0.0,1,1,X,0.0,0.0,0.0,0.0,0.0,0.0,0.0,0.0,32,0.04196468226055834,28,12,16,0,0,0,0,0,0,0,0,1
1c7s,A,731,GLY,-0.4,60.1,0.0,0,0,X,0.0,0.0,0.0,0.0,0.0,0.0,0.0,0.0,40,0.05129016720734909,33,15,18,0,0,0,0,0,0,0,0,1
1c7s,A,732,LEU,3.8,166.7,0.0,0,0,X,0.0,0.0,0.0,0.0,0.0,0.0,0.0,0.0,43,0.053155264196707235,33,11,22,0,0,0,0,0,0,0,0,1
1c7s,A,733,SER,-0.8,89.0,0.0,1,1,X,0.0,0.0,0.0,0.0,0.0,0.0,0.0,0.0,46,0.05222271570202816,26,0,26,0,0,0,0,0,0,0,0,1
1c7s,A,734,ALA,1.8,88.6,0.0,0,0,X,0.0,0.0,0.0,0.0,0.0,0.0,0.0,0.0,43,0.04662742473395372,29,6,23,0,0,0,0,0,0,0,0,1
1c7s,A,735,GLN,-3.5,143.8,0.0,2,2,X,0.0,0.0,0.0,0.0,0.0,0.0,0.0,0.0,40,0.05548663543340492,19,16,3,0,0,0,0,0,0,0,0,1
1c7s,A,736,LEU,3.8,166.7,0.0,0,0,X,0.0,0.0,0.0,0.0,0.0,0.0,0.0,0.0,42,0.05735173242276307,27,30,-3,0,0,0,0,0,0,0,0,1
1c7s,A,737,TRP,-0.9,227.8,0.0,1,0,X,0.0,0.0,0.0,0.0,0.0,0.0,0.0,0.0,38,0.05408781269138631,33,36,-3,0,0,0,0,0,0,0,0,1
1c7s,A,738,SER,-0.8,89.0,0.0,1,1,X,0.0,0.0,0.0,0.0,0.0,0.0,0.0,0.0,38,0.05502036118606539,47,39,8,0,0,0,0,0,0,0,0,1
1c7s,A,739,GLU,-3.5,138.4,-1.0,1,3,X,0.0,0.0,0.0,0.0,0.0,0.0,0.0,0.0,39,0.04755997322863279,33,32,1,0,0,0,0,0,0,0,0,1
1c7s,A,740,THR,-0.7,116.1,0.0,1,1,X,0.0,0.0,0.0,0.0,0.0,0.0,0.0,0.0,40,0.04989134446533048,35,35,0,0,0,0,0,0,0,0,0,1
1c7s,A,741,GLN,-3.5,143.8,0.0,2,2,X,0.0,0.0,0.0,0.0,0.0,0.0,0.0,0.0,36,0.0526889899493677,38,40,-2,0,0,0,0,0,0,0,0,1
1c7s,A,742,ARG,-4.5,173.4,1.0,5,0,X,0.0,0.0,0.0,0.0,0.0,0.0,0.0,0.0,35,0.05222271570202816,28,21,7,0,0,0,0,0,0,0,0,1
1c7s,A,743,THR,-0.7,116.1,0.0,1,1,X,0.0,0.0,0.0,0.0,0.0,0.0,0.0,0.0,26,0.04149840801321881,38,27,11,0,0,0,0,0,0,0,0,1
1c7s,A,744,ASP,-3.5,111.1,-1.0,1,3,X,0.0,0.0,0.0,0.0,0.0,0.0,0.0,0.0,32,0.043363505002576956,36,18,18,0,0,0,0,0,0,0,0,1
1c7s,A,745,PRO,-1.6,112.7,0.0,0,0,X,0.0,0.0,0.0,0.0,0.0,0.0,0.0,0.0,27,0.03450429430312575,35,22,13,0,0,0,0,0,0,0,0,1
1c7s,A,746,GLN,-3.5,143.8,0.0,2,2,X,0.0,0.0,0.0,0.0,0.0,0.0,0.0,0.0,28,0.045228601991935104,30,29,1,0,0,0,0,0,0,0,0,1
1c7s,A,747,MET,1.9,162.9,0.0,0,0,X,0.0,0.0,0.0,0.0,0.0,0.0,0.0,0.0,41,0.053155264196707235,36,27,9,0,0,0,0,0,0,0,0,1
1c7s,A,748,GLU,-3.5,138.4,-1.0,1,3,X,0.0,0.0,0.0,0.0,0.0,0.0,0.0,0.0,30,0.050823892960009553,28,11,17,0,0,0,0,0,0,0,0,1
1c7s,A,749,TYR,-1.3,193.6,0.0,1,1,X,0.0,0.0,0.0,0.0,0.0,0.0,0.0,0.0,36,0.05222271570202816,41,27,14,0,0,0,0,0,0,0,0,1
1c7s,A,750,MET,1.9,162.9,0.0,0,0,X,0.0,0.0,0.0,0.0,0.0,0.0,0.0,0.0,40,0.06014937790680029,36,26,10,0,0,0,0,0,0,0,0,1
1c7s,A,751,ILE,4.5,166.7,0.0,0,0,X,0.0,0.0,0.0,0.0,0.0,0.0,0.0,0.0,43,0.05175644145468863,19,18,1,0,0,0,0,0,0,0,0,1
1c7s,A,752,PHE,2.8,189.9,0.0,0,0,X,0.0,0.0,0.0,0.0,0.0,0.0,0.0,0.0,42,0.05408781269138631,27,16,11,0,0,0,0,0,0,0,0,1
1c7s,A,753,PRO,-1.6,112.7,0.0,0,0,X,0.0,0.0,0.0,0.0,0.0,0.0,0.0,0.0,40,0.050823892960009553,25,23,2,0,0,0,0,0,0,0,0,1
1c7s,A,754,ARG,-4.5,173.4,1.0,5,0,X,0.0,0.0,0.0,0.0,0.0,0.0,0.0,0.0,41,0.04942507021799094,24,27,-3,0,0,0,0,0,0,0,0,1
1c7s,A,755,ALA,1.8,88.6,0.0,0,0,X,0.0,0.0,0.0,0.0,0.0,0.0,0.0,0.0,46,0.04476232774459557,15,18,-3,0,0,0,0,0,0,0,0,1
1c7s,A,756,LEU,3.8,166.7,0.0,0,0,X,0.0,0.0,0.0,0.0,0.0,0.0,0.0,0.0,38,0.04755997322863279,13,27,-14,0,0,0,0,0,0,0,0,1
1c7s,A,757,SER,-0.8,89.0,0.0,1,1,X,0.0,0.0,0.0,0.0,0.0,0.0,0.0,0.0,40,0.05035761871267001,33,24,9,0,0,0,0,0,0,0,0,1
1c7s,A,758,VAL,4.2,140.0,0.0,0,0,X,0.0,0.0,0.0,0.0,0.0,0.0,0.0,0.0,46,0.048958795970651406,35,17,18,0,0,0,0,0,0,0,0,1
1c7s,A,759,ALA,1.8,88.6,0.0,0,0,X,0.0,0.0,0.0,0.0,0.0,0.0,0.0,0.0,39,0.05175644145468863,46,9,37,0,0,0,0,0,0,0,0,1
1c7s,A,760,GLU,-3.5,138.4,-1.0,1,3,X,0.0,0.0,0.0,0.0,0.0,0.0,0.0,0.0,39,0.05502036118606539,46,14,32,0,0,0,0,0,0,0,0,1
1c7s,A,761,ARG,-4.5,173.4,1.0,5,0,X,0.0,0.0,0.0,0.0,0.0,0.0,0.0,0.0,39,0.05688545817542354,36,25,11,0,0,0,0,0,0,0,0,1
1c7s,A,762,SER,-0.8,89.0,0.0,1,1,X,0.0,0.0,0.0,0.0,0.0,0.0,0.0,0.0,42,0.05548663543340492,55,14,41,0,0,0,0,0,0,0,0,1
1c7s,A,763,TRP,-0.9,227.8,0.0,1,0,X,0.0,0.0,0.0,0.0,0.0,0.0,0.0,0.0,40,0.05968310365946076,52,17,35,0,0,0,0,0,0,0,0,1
1c7s,A,764,HIS,-3.2,153.2,0.1,2,1,X,0.0,0.0,0.0,0.0,0.0,0.0,0.0,0.0,33,0.053155264196707235,34,28,6,0,0,0,0,0,0,0,0,1
1c7s,A,765,ARG,-4.5,173.4,1.0,5,0,X,0.0,0.0,0.0,0.0,0.0,0.0,0.0,0.0,26,0.043829779249916496,31,29,2,0,0,0,0,0,0,0,0,1
1c7s,A,766,ALA,1.8,88.6,0.0,0,0,X,0.0,0.0,0.0,0.0,0.0,0.0,0.0,0.0,28,0.03683566553982344,39,32,7,0,0,0,0,0,0,0,0,1
1c7s,A,767,GLY,-0.4,60.1,0.0,0,0,X,0.0,0.0,0.0,0.0,0.0,0.0,0.0,0.0,22,0.02844272908771177,28,29,-1,0,0,0,0,0,0,0,0,1
1c7s,A,768,TRP,-0.9,227.8,0.0,1,0,X,0.0,0.0,0.0,0.0,0.0,0.0,0.0,0.0,32,0.04289723075523742,36,34,2,0,0,0,0,0,0,0,0,1
1c7s,A,769,GLU,-3.5,138.4,-1.0,1,3,X,0.0,0.0,0.0,0.0,0.0,0.0,0.0,0.0,29,0.04662742473395372,39,26,13,0,0,0,0,0,0,0,0,1
1c7s,A,770,GLN,-3.5,143.8,0.0,2,2,X,0.0,0.0,0.0,0.0,0.0,0.0,0.0,0.0,25,0.040565859518539735,27,35,-8,0,0,0,0,0,0,0,0,1
1c7s,A,771,ASP,-3.5,111.1,-1.0,1,3,X,0.0,0.0,0.0,0.0,0.0,0.0,0.0,0.0,18,0.030774100324409453,26,16,10,0,0,0,0,0,0,0,0,1
1c7s,A,772,TYR,-1.3,193.6,0.0,1,1,X,0.0,0.0,0.0,0.0,0.0,0.0,0.0,0.0,31,0.04289723075523742,35,27,8,0,0,0,0,0,0,0,0,1
1c7s,A,773,ARG,-4.5,173.4,1.0,5,0,X,0.0,0.0,0.0,0.0,0.0,0.0,0.0,0.0,19,0.03357174580844668,14,15,-1,0,0,0,0,0,0,0,0,1
1c7s,A,774,ALA,1.8,88.6,0.0,0,0,X,0.0,0.0,0.0,0.0,0.0,0.0,0.0,0.0,19,0.03450429430312575,37,16,21,0,0,0,0,0,0,0,0,1
1c7s,A,775,GLY,-0.4,60.1,0.0,0,0,X,0.0,0.0,0.0,0.0,0.0,0.0,0.0,0.0,19,0.027510180593032695,36,19,17,0,0,0,0,0,0,0,0,1
1c7s,A,776,ARG,-4.5,173.4,1.0,5,0,X,0.0,0.0,0.0,0.0,0.0,0.0,0.0,0.0,21,0.03963331102386066,24,21,3,0,0,0,0,0,0,0,0,1
1c7s,A,777,GLU,-3.5,138.4,-1.0,1,3,X,0.0,0.0,0.0,0.0,0.0,0.0,0.0,0.0,22,0.03870076252918159,30,16,14,0,0,0,0,0,0,0,0,1
1c7s,A,778,TYR,-1.3,193.6,0.0,1,1,X,0.0,0.0,0.0,0.0,0.0,0.0,0.0,0.0,33,0.053155264196707235,41,27,14,0,0,0,0,0,0,0,0,1
1c7s,A,779,LYS,-3.9,168.6,1.0,2,0,X,0.0,0.0,0.0,0.0,0.0,0.0,0.0,0.0,19,0.043829779249916496,28,27,1,0,0,0,0,0,0,0,0,1
1c7s,A,780,GLY,-0.4,60.1,0.0,0,0,X,0.0,0.0,0.0,0.0,0.0,0.0,0.0,0.0,23,0.04616115048661418,28,26,2,0,0,0,0,0,0,0,0,1
1c7s,A,781,GLY,-0.4,60.1,0.0,0,0,X,0.0,0.0,0.0,0.0,0.0,0.0,0.0,0.0,17,0.02611135785101408,28,18,10,0,0,0,0,0,0,0,0,1
1c7s,A,782,GLU,-3.5,138.4,-1.0,1,3,X,0.0,0.0,0.0,0.0,0.0,0.0,0.0,0.0,13,0.02611135785101408,27,15,12,0,0,0,0,0,0,0,0,1
1c7s,A,783,THR,-0.7,116.1,0.0,1,1,X,0.0,0.0,0.0,0.0,0.0,0.0,0.0,0.0,23,0.032639197313767604,31,28,3,0,0,0,0,0,0,0,0,1
1c7s,A,784,HIS,-3.2,153.2,0.1,2,1,X,0.0,0.0,0.0,0.0,0.0,0.0,0.0,0.0,16,0.02984155182973038,6,23,-17,0,0,0,0,0,0,0,0,1
1c7s,A,785,PHE,2.8,189.9,0.0,0,0,X,0.0,0.0,0.0,0.0,0.0,0.0,0.0,0.0,22,0.03170664881908853,36,26,10,0,0,0,0,0,0,0,0,1
1c7s,A,786,VAL,4.2,140.0,0.0,0,0,X,0.0,0.0,0.0,0.0,0.0,0.0,0.0,0.0,28,0.04289723075523742,18,25,-7,0,0,0,0,0,0,0,0,1
1c7s,A,787,ASP,-3.5,111.1,-1.0,1,3,X,0.0,0.0,0.0,0.0,0.0,0.0,0.0,0.0,19,0.032172923066428064,11,17,-6,0,0,0,0,0,0,0,0,1
1c7s,A,788,THR,-0.7,116.1,0.0,1,1,X,0.0,0.0,0.0,0.0,0.0,0.0,0.0,0.0,22,0.032639197313767604,13,30,-17,0,0,0,0,0,0,0,0,1
1c7s,A,789,GLN,-3.5,143.8,0.0,2,2,X,0.0,0.0,0.0,0.0,0.0,0.0,0.0,0.0,10,0.026577632098353617,11,20,-9,0,0,0,0,0,0,0,0,1
1c7s,A,790,ALA,1.8,88.6,0.0,0,0,X,0.0,0.0,0.0,0.0,0.0,0.0,0.0,0.0,18,0.03730193978716297,15,27,-12,0,0,0,0,0,0,0,0,1
1c7s,A,791,LEU,3.8,166.7,0.0,0,0,X,0.0,0.0,0.0,0.0,0.0,0.0,0.0,0.0,28,0.045694876239274644,27,36,-9,0,0,0,0,0,0,0,0,1
1c7s,A,792,GLU,-3.5,138.4,-1.0,1,3,X,0.0,0.0,0.0,0.0,0.0,0.0,0.0,0.0,24,0.043363505002576956,24,20,4,0,0,0,0,0,0,0,0,1
1c7s,A,793,LYS,-3.9,168.6,1.0,2,0,X,0.0,0.0,0.0,0.0,0.0,0.0,0.0,0.0,20,0.03683566553982344,11,25,-14,0,0,0,0,0,0,0,0,1
1c7s,A,794,ASP,-3.5,111.1,-1.0,1,3,X,0.0,0.0,0.0,0.0,0.0,0.0,0.0,0.0,30,0.043363505002576956,36,21,15,0,0,0,0,0,0,0,0,1
1c7s,A,795,TRP,-0.9,227.8,0.0,1,0,X,0.0,0.0,0.0,0.0,0.0,0.0,0.0,0.0,37,0.053155264196707235,33,43,-10,0,0,0,0,0,0,0,0,1
1c7s,A,796,LEU,3.8,166.7,0.0,0,0,X,0.0,0.0,0.0,0.0,0.0,0.0,0.0,0.0,30,0.05035761871267001,26,25,1,0,0,0,0,0,0,0,0,1
1c7s,A,797,ARG,-4.5,173.4,1.0,5,0,X,0.0,0.0,0.0,0.0,0.0,0.0,0.0,0.0,30,0.045228601991935104,26,17,9,0,0,0,0,0,0,0,0,1
1c7s,A,798,PHE,2.8,189.9,0.0,0,0,X,0.0,0.0,0.0,0.0,0.0,0.0,0.0,0.0,44,0.048492521723311866,41,33,8,0,0,0,0,0,0,0,0,1
1c7s,A,799,ALA,1.8,88.6,0.0,0,0,X,0.0,0.0,0.0,0.0,0.0,0.0,0.0,0.0,36,0.05129016720734909,25,24,1,0,0,0,0,0,0,0,0,1
1c7s,A,800,ASN,-3.5,114.1,0.0,2,2,X,0.0,0.0,0.0,0.0,0.0,0.0,0.0,0.0,31,0.05175644145468863,23,7,16,0,0,0,0,0,0,0,0,1
1c7s,A,801,ILE,4.5,166.7,0.0,0,0,X,0.0,0.0,0.0,0.0,0.0,0.0,0.0,0.0,39,0.048492521723311866,38,14,24,0,0,0,0,0,0,0,0,1
1c7s,A,802,LEU,3.8,166.7,0.0,0,0,X,0.0,0.0,0.0,0.0,0.0,0.0,0.0,0.0,41,0.05175644145468863,30,19,11,0,0,0,0,0,0,0,0,1
1c7s,A,803,GLY,-0.4,60.1,0.0,0,0,X,0.0,0.0,0.0,0.0,0.0,0.0,0.0,0.0,36,0.045228601991935104,15,12,3,0,0,0,0,0,0,0,0,1
1c7s,A,804,GLN,-3.5,143.8,0.0,2,2,X,0.0,0.0,0.0,0.0,0.0,0.0,0.0,0.0,31,0.03963331102386066,15,13,2,0,0,0,0,0,0,0,0,1
1c7s,A,805,ARG,-4.5,173.4,1.0,5,0,X,0.0,0.0,0.0,0.0,0.0,0.0,0.0,0.0,38,0.04196468226055834,23,14,9,0,0,0,0,0,0,0,0,1
1c7s,A,806,GLU,-3.5,138.4,-1.0,1,3,X,0.0,0.0,0.0,0.0,0.0,0.0,0.0,0.0,37,0.04709369898129325,34,6,28,0,0,0,0,0,0,0,0,1
1c7s,A,807,LEU,3.8,166.7,0.0,0,0,X,0.0,0.0,0.0,0.0,0.0,0.0,0.0,0.0,40,0.048492521723311866,35,26,9,0,0,0,0,0,0,0,0,1
1c7s,A,808,ALA,1.8,88.6,0.0,0,0,X,0.0,0.0,0.0,0.0,0.0,0.0,0.0,0.0,34,0.04709369898129325,30,27,3,0,0,0,0,0,0,0,0,1
1c7s,A,809,LYS,-3.9,168.6,1.0,2,0,X,0.0,0.0,0.0,0.0,0.0,0.0,0.0,0.0,34,0.04616115048661418,30,19,11,0,0,0,0,0,0,0,0,1
1c7s,A,810,LEU,3.8,166.7,0.0,0,0,X,0.0,0.0,0.0,0.0,0.0,0.0,0.0,0.0,37,0.048492521723311866,43,33,10,0,0,0,0,0,0,0,0,1
1c7s,A,811,ASP,-3.5,111.1,-1.0,1,3,X,0.0,0.0,0.0,0.0,0.0,0.0,0.0,0.0,28,0.043829779249916496,39,13,26,0,0,0,0,0,0,0,0,1
1c7s,A,812,LYS,-3.9,168.6,1.0,2,0,X,0.0,0.0,0.0,0.0,0.0,0.0,0.0,0.0,26,0.02984155182973038,22,21,1,0,0,0,0,0,0,0,0,1
1c7s,A,813,GLY,-0.4,60.1,0.0,0,0,X,0.0,0.0,0.0,0.0,0.0,0.0,0.0,0.0,28,0.03310547156110714,35,26,9,0,0,0,0,0,0,0,0,1
1c7s,A,814,GLY,-0.4,60.1,0.0,0,0,X,0.0,0.0,0.0,0.0,0.0,0.0,0.0,0.0,26,0.027510180593032695,30,30,0,0,0,0,0,0,0,0,0,1
1c7s,A,815,VAL,4.2,140.0,0.0,0,0,X,0.0,0.0,0.0,0.0,0.0,0.0,0.0,0.0,35,0.04429605349725603,32,31,1,0,0,0,0,0,0,0,0,1
1c7s,A,816,ALA,1.8,88.6,0.0,0,0,X,0.0,0.0,0.0,0.0,0.0,0.0,0.0,0.0,27,0.04289723075523742,24,21,3,0,0,0,0,0,0,0,0,1
1c7s,A,817,TYR,-1.3,193.6,0.0,1,1,X,0.0,0.0,0.0,0.0,0.0,0.0,0.0,0.0,39,0.0526889899493677,30,27,3,0,0,0,0,0,0,0,0,1
1c7s,A,818,ARG,-4.5,173.4,1.0,5,0,X,0.0,0.0,0.0,0.0,0.0,0.0,0.0,0.0,37,0.048958795970651406,33,33,0,0,0,0,0,0,0,0,0,1
1c7s,A,819,LEU,3.8,166.7,0.0,0,0,X,0.0,0.0,0.0,0.0,0.0,0.0,0.0,0.0,33,0.050823892960009553,40,10,30,0,0,0,0,0,0,0,0,1
1c7s,A,820,PRO,-1.6,112.7,0.0,0,0,X,0.0,0.0,0.0,0.0,0.0,0.0,0.0,0.0,37,0.048958795970651406,38,21,17,0,0,0,0,0,0,0,0,1
1c7s,A,821,VAL,4.2,140.0,0.0,0,0,X,0.0,0.0,0.0,0.0,0.0,0.0,0.0,0.0,40,0.05035761871267001,42,23,19,0,0,0,0,0,0,0,0,1
1c7s,A,822,PRO,-1.6,112.7,0.0,0,0,X,0.0,0.0,0.0,0.0,0.0,0.0,0.0,0.0,42,0.05548663543340492,37,20,17,0,0,0,0,0,0,0,0,1
1c7s,A,823,GLY,-0.4,60.1,0.0,0,0,X,0.0,0.0,0.0,0.0,0.0,0.0,0.0,0.0,37,0.053621538444046775,29,24,5,0,0,0,0,0,0,0,0,1
1c7s,A,824,ALA,1.8,88.6,0.0,0,0,X,0.0,0.0,0.0,0.0,0.0,0.0,0.0,0.0,34,0.05222271570202816,30,18,12,0,0,0,0,0,0,0,0,1
1c7s,A,825,ARG,-4.5,173.4,1.0,5,0,X,0.0,0.0,0.0,0.0,0.0,0.0,0.0,0.0,22,0.03823448828184205,14,9,5,0,0,0,0,0,0,0,0,1
1c7s,A,826,VAL,4.2,140.0,0.0,0,0,X,0.0,0.0,0.0,0.0,0.0,0.0,0.0,0.0,24,0.03310547156110714,22,9,13,0,0,0,0,0,0,0,0,1
1c7s,A,827,ALA,1.8,88.6,0.0,0,0,X,0.0,0.0,0.0,0.0,0.0,0.0,0.0,0.0,15,0.021914889624958248,28,9,19,0,0,0,0,0,0,0,0,1
1c7s,A,828,GLY,-0.4,60.1,0.0,0,0,X,0.0,0.0,0.0,0.0,0.0,0.0,0.0,0.0,12,0.01305567892550704,21,4,17,0,0,0,0,0,0,0,0,1
1c7s,A,829,GLY,-0.4,60.1,0.0,0,0,X,0.0,0.0,0.0,0.0,0.0,0.0,0.0,0.0,14,0.024246260861655933,21,3,18,0,0,0,0,0,0,0,0,1
1c7s,A,830,LYS,-3.9,168.6,1.0,2,0,X,0.0,0.0,0.0,0.0,0.0,0.0,0.0,0.0,20,0.03403802005578621,15,9,6,0,0,0,0,0,0,0,0,1
1c7s,A,831,LEU,3.8,166.7,0.0,0,0,X,0.0,0.0,0.0,0.0,0.0,0.0,0.0,0.0,35,0.048958795970651406,29,18,11,0,0,0,0,0,0,0,0,1
1c7s,A,832,GLU,-3.5,138.4,-1.0,1,3,X,0.0,0.0,0.0,0.0,0.0,0.0,0.0,0.0,30,0.045228601991935104,28,4,24,0,0,0,0,0,0,0,0,1
1c7s,A,833,ALA,1.8,88.6,0.0,0,0,X,0.0,0.0,0.0,0.0,0.0,0.0,0.0,0.0,37,0.04429605349725603,28,18,10,0,0,0,0,0,0,0,0,1
1c7s,A,834,ASN,-3.5,114.1,0.0,2,2,X,0.0,0.0,0.0,0.0,0.0,0.0,0.0,0.0,37,0.04616115048661418,23,13,10,0,0,0,0,0,0,0,0,1
1c7s,A,835,ILE,4.5,166.7,0.0,0,0,X,0.0,0.0,0.0,0.0,0.0,0.0,0.0,0.0,40,0.04662742473395372,15,6,9,0,0,0,0,0,0,0,0,1
1c7s,A,836,ALA,1.8,88.6,0.0,0,0,X,0.0,0.0,0.0,0.0,0.0,0.0,0.0,0.0,39,0.04429605349725603,24,23,1,0,0,0,0,0,0,0,0,1
1c7s,A,837,LEU,3.8,166.7,0.0,0,0,X,0.0,0.0,0.0,0.0,0.0,0.0,0.0,0.0,42,0.04709369898129325,13,17,-4,0,0,0,0,0,0,0,0,1
1c7s,A,838,PRO,-1.6,112.7,0.0,0,0,X,0.0,0.0,0.0,0.0,0.0,0.0,0.0,0.0,31,0.04709369898129325,7,2,5,0,0,0,0,0,0,0,0,1
1c7s,A,839,GLY,-0.4,60.1,0.0,0,0,X,0.0,0.0,0.0,0.0,0.0,0.0,0.0,0.0,31,0.03590311704514436,9,1,8,0,0,0,0,0,0,0,0,1
1c7s,A,840,LEU,3.8,166.7,0.0,0,0,X,0.0,0.0,0.0,0.0,0.0,0.0,0.0,0.0,39,0.04103213376587927,13,8,5,0,0,0,0,0,0,0,0,1
1c7s,A,841,GLY,-0.4,60.1,0.0,0,0,X,0.0,0.0,0.0,0.0,0.0,0.0,0.0,0.0,36,0.03776821403450251,21,13,8,0,0,0,0,0,0,0,0,1
1c7s,A,842,ILE,4.5,166.7,0.0,0,0,X,0.0,0.0,0.0,0.0,0.0,0.0,0.0,0.0,36,0.04942507021799094,20,20,0,0,0,0,0,0,0,0,0,1
1c7s,A,843,GLU,-3.5,138.4,-1.0,1,3,X,0.0,0.0,0.0,0.0,0.0,0.0,0.0,0.0,31,0.053155264196707235,26,2,24,0,0,0,0,0,0,0,0,1
1c7s,A,844,TYR,-1.3,193.6,0.0,1,1,X,0.0,0.0,0.0,0.0,0.0,0.0,0.0,0.0,32,0.05222271570202816,24,27,-3,0,0,0,0,0,0,0,0,1
1c7s,A,845,SER,-0.8,89.0,0.0,1,1,X,0.0,0.0,0.0,0.0,0.0,0.0,0.0,0.0,27,0.050823892960009553,29,30,-1,0,0,0,0,0,0,0,0,1
1c7s,A,846,THR,-0.7,116.1,0.0,1,1,X,0.0,0.0,0.0,0.0,0.0,0.0,0.0,0.0,21,0.03916703677652112,7,19,-12,0,0,0,0,0,0,0,0,1
1c7s,A,847,ASP,-3.5,111.1,-1.0,1,3,X,0.0,0.0,0.0,0.0,0.0,0.0,0.0,0.0,14,0.028909003335051305,9,9,0,0,0,0,0,0,0,0,0,1
1c7s,A,848,GLY,-0.4,60.1,0.0,0,0,X,0.0,0.0,0.0,0.0,0.0,0.0,0.0,0.0,18,0.032639197313767604,17,21,-4,0,0,0,0,0,0,0,0,1
1c7s,A,849,GLY,-0.4,60.1,0.0,0,0,X,0.0,0.0,0.0,0.0,0.0,0.0,0.0,0.0,18,0.034970568550465285,20,22,-2,0,0,0,0,0,0,0,0,1
1c7s,A,850,LYS,-3.9,168.6,1.0,2,0,X,0.0,0.0,0.0,0.0,0.0,0.0,0.0,0.0,11,0.024246260861655933,3,9,-6,0,0,0,0,0,0,0,0,1
1c7s,A,851,GLN,-3.5,143.8,0.0,2,2,X,0.0,0.0,0.0,0.0,0.0,0.0,0.0,0.0,13,0.03170664881908853,15,13,2,0,0,0,0,0,0,0,0,1
1c7s,A,852,TRP,-0.9,227.8,0.0,1,0,X,0.0,0.0,0.0,0.0,0.0,0.0,0.0,0.0,24,0.04103213376587927,26,19,7,0,0,0,0,0,0,0,0,1
1c7s,A,853,GLN,-3.5,143.8,0.0,2,2,X,0.0,0.0,0.0,0.0,0.0,0.0,0.0,0.0,22,0.032639197313767604,17,18,-1,0,0,0,0,0,0,0,0,1
1c7s,A,854,ARG,-4.5,173.4,1.0,5,0,X,0.0,0.0,0.0,0.0,0.0,0.0,0.0,0.0,18,0.032172923066428064,6,17,-11,0,0,0,0,0,0,0,0,1
1c7s,A,855,TYR,-1.3,193.6,0.0,1,1,X,0.0,0.0,0.0,0.0,0.0,0.0,0.0,0.0,33,0.043363505002576956,35,24,11,0,0,0,0,0,0,0,0,1
1c7s,A,856,ASP,-3.5,111.1,-1.0,1,3,X,0.0,0.0,0.0,0.0,0.0,0.0,0.0,0.0,15,0.03310547156110714,29,4,25,0,0,0,0,0,0,0,0,1
1c7s,A,857,ALA,1.8,88.6,0.0,0,0,X,0.0,0.0,0.0,0.0,0.0,0.0,0.0,0.0,16,0.030774100324409453,26,17,9,0,0,0,0,0,0,0,0,1
1c7s,A,858,LYS,-3.9,168.6,1.0,2,0,X,0.0,0.0,0.0,0.0,0.0,0.0,0.0,0.0,6,0.019117244140921023,9,8,1,0,0,0,0,0,0,0,0,1
1c7s,A,859,ALA,1.8,88.6,0.0,0,0,X,0.0,0.0,0.0,0.0,0.0,0.0,0.0,0.0,12,0.02331371236697686,28,10,18,0,0,0,0,0,0,0,0,1
1c7s,A,860,LYS,-3.9,168.6,1.0,2,0,X,0.0,0.0,0.0,0.0,0.0,0.0,0.0,0.0,20,0.03776821403450251,21,17,4,0,0,0,0,0,0,0,0,1
1c7s,A,861,PRO,-1.6,112.7,0.0,0,0,X,0.0,0.0,0.0,0.0,0.0,0.0,0.0,0.0,27,0.03450429430312575,28,15,13,0,0,0,0,0,0,0,0,1
1c7s,A,862,ALA,1.8,88.6,0.0,0,0,X,0.0,0.0,0.0,0.0,0.0,0.0,0.0,0.0,19,0.025645083603674543,17,1,16,0,0,0,0,0,0,0,0,1
1c7s,A,863,VAL,4.2,140.0,0.0,0,0,X,0.0,0.0,0.0,0.0,0.0,0.0,0.0,0.0,23,0.03170664881908853,16,8,8,0,0,0,0,0,0,0,0,1
1c7s,A,864,SER,-0.8,89.0,0.0,1,1,X,0.0,0.0,0.0,0.0,0.0,0.0,0.0,0.0,15,0.01958351838826056,4,8,-4,0,0,0,0,0,0,0,0,1
1c7s,A,865,GLY,-0.4,60.1,0.0,0,0,X,0.0,0.0,0.0,0.0,0.0,0.0,0.0,0.0,15,0.016319598656883802,5,12,-7,0,0,0,0,0,0,0,0,1
1c7s,A,866,GLU,-3.5,138.4,-1.0,1,3,X,0.0,0.0,0.0,0.0,0.0,0.0,0.0,0.0,18,0.028909003335051305,10,10,0,0,0,0,0,0,0,0,0,1
1c7s,A,867,VAL,4.2,140.0,0.0,0,0,X,0.0,0.0,0.0,0.0,0.0,0.0,0.0,0.0,30,0.043829779249916496,16,25,-9,0,0,0,0,0,0,0,0,1
1c7s,A,868,GLN,-3.5,143.8,0.0,2,2,X,0.0,0.0,0.0,0.0,0.0,0.0,0.0,0.0,29,0.048026247475972325,28,30,-2,0,0,0,0,0,0,0,0,1
1c7s,A,869,VAL,4.2,140.0,0.0,0,0,X,0.0,0.0,0.0,0.0,0.0,0.0,0.0,0.0,39,0.05408781269138631,35,24,11,0,0,0,0,0,0,0,0,1
1c7s,A,870,ARG,-4.5,173.4,1.0,5,0,X,0.0,0.0,0.0,0.0,0.0,0.0,0.0,0.0,31,0.053621538444046775,20,15,5,0,0,0,0,0,0,0,0,1
1c7s,A,871,SER,-0.8,89.0,0.0,1,1,X,0.0,0.0,0.0,0.0,0.0,0.0,0.0,0.0,37,0.05455408693872585,36,10,26,0,0,0,0,0,0,0,0,1
1c7s,A,872,VAL,4.2,140.0,0.0,0,0,X,0.0,0.0,0.0,0.0,0.0,0.0,0.0,0.0,33,0.05035761871267001,40,20,20,0,0,0,0,0,0,0,0,1
1c7s,A,873,SER,-0.8,89.0,0.0,1,1,X,0.0,0.0,0.0,0.0,0.0,0.0,0.0,0.0,29,0.048026247475972325,31,20,11,0,0,0,0,0,0,0,0,1
1c7s,A,874,PRO,-1.6,112.7,0.0,0,0,X,0.0,0.0,0.0,0.0,0.0,0.0,0.0,0.0,29,0.03730193978716297,40,21,19,0,0,0,0,0,0,0,0,1
1c7s,A,875,ASP,-3.5,111.1,-1.0,1,3,X,0.0,0.0,0.0,0.0,0.0,0.0,0.0,0.0,18,0.028909003335051305,31,8,23,0,0,0,0,0,0,0,0,1
1c7s,A,876,GLY,-0.4,60.1,0.0,0,0,X,0.0,0.0,0.0,0.0,0.0,0.0,0.0,0.0,17,0.028909003335051305,25,17,8,0,0,0,0,0,0,0,0,1
1c7s,A,877,LYS,-3.9,168.6,1.0,2,0,X,0.0,0.0,0.0,0.0,0.0,0.0,0.0,0.0,11,0.026577632098353617,12,16,-4,0,0,0,0,0,0,0,0,1
1c7s,A,878,ARG,-4.5,173.4,1.0,5,0,X,0.0,0.0,0.0,0.0,0.0,0.0,0.0,0.0,23,0.03450429430312575,18,16,2,0,0,0,0,0,0,0,0,1
1c7s,A,879,TYR,-1.3,193.6,0.0,1,1,X,0.0,0.0,0.0,0.0,0.0,0.0,0.0,0.0,21,0.03963331102386066,34,14,20,0,0,0,0,0,0,0,0,1
1c7s,A,880,SER,-0.8,89.0,0.0,1,1,X,0.0,0.0,0.0,0.0,0.0,0.0,0.0,0.0,28,0.04476232774459557,50,20,30,0,0,0,0,0,0,0,0,1
1c7s,A,881,ARG,-4.5,173.4,1.0,5,0,X,0.0,0.0,0.0,0.0,0.0,0.0,0.0,0.0,28,0.028909003335051305,25,33,-8,0,0,0,0,0,0,0,0,1
1c7s,A,882,ALA,1.8,88.6,0.0,0,0,X,0.0,0.0,0.0,0.0,0.0,0.0,0.0,0.0,28,0.03963331102386066,35,18,17,0,0,0,0,0,0,0,0,1
1c7s,A,883,GLU,-3.5,138.4,-1.0,1,3,X,0.0,0.0,0.0,0.0,0.0,0.0,0.0,0.0,29,0.03870076252918159,37,13,24,0,0,0,0,0,0,0,0,1
1c7s,A,884,LYS,-3.9,168.6,1.0,2,0,X,0.0,0.0,0.0,0.0,0.0,0.0,0.0,0.0,21,0.032639197313767604,4,19,-15,0,0,0,0,0,0,0,0,1
1c7s,A,885,VAL,4.2,140.0,0.0,0,0,X,0.0,0.0,0.0,0.0,0.0,0.0,0.0,0.0,23,0.03730193978716297,14,18,-4,0,0,0,0,0,0,0,0,1
