pdb_id,chain_id,residue_id,residue_name,hydrophobicity,volume,charge,hbond_donor,hbond_acceptor,ss_type,rel_asa,phi,psi,hse_up,hse_down,hse_ratio,residue_depth,ca_depth,neighbor_count,atom_density,pos_charged_neighbors,neg_charged_neighbors,net_charge_environment,ss_H,ss_B,ss_E,ss_G,ss_I,ss_T,ss_S,ss_ ,ss_X
1cjb,A,2,PRO,-1.6,112.7,0.0,0,0,X,0.0,0.0,0.0,0.0,0.0,0.0,0.0,0.0,18,0.015387050162204726,8,10,-2,0,0,0,0,0,0,0,0,1
1cjb,A,3,ILE,4.5,166.7,0.0,0,0,X,0.0,0.0,0.0,0.0,0.0,0.0,0.0,0.0,27,0.02844272908771177,23,18,5,0,0,0,0,0,0,0,0,1
1cjb,A,4,PRO,-1.6,112.7,0.0,0,0,X,0.0,0.0,0.0,0.0,0.0,0.0,0.0,0.0,30,0.04243095650789788,12,18,-6,0,0,0,0,0,0,0,0,1
1cjb,A,5,ASN,-3.5,114.1,0.0,2,2,X,0.0,0.0,0.0,0.0,0.0,0.0,0.0,0.0,21,0.03357174580844668,18,11,7,0,0,0,0,0,0,0,0,1
1cjb,A,6,ASN,-3.5,114.1,0.0,2,2,X,0.0,0.0,0.0,0.0,0.0,0.0,0.0,0.0,19,0.02984155182973038,8,15,-7,0,0,0,0,0,0,0,0,1
1cjb,A,7,PRO,-1.6,112.7,0.0,0,0,X,0.0,0.0,0.0,0.0,0.0,0.0,0.0,0.0,27,0.04149840801321881,14,20,-6,0,0,0,0,0,0,0,0,1
1cjb,A,8,GLY,-0.4,60.1,0.0,0,0,X,0.0,0.0,0.0,0.0,0.0,0.0,0.0,0.0,26,0.03823448828184205,10,17,-7,0,0,0,0,0,0,0,0,1
1cjb,A,9,ALA,1.8,88.6,0.0,0,0,X,0.0,0.0,0.0,0.0,0.0,0.0,0.0,0.0,20,0.03357174580844668,9,17,-8,0,0,0,0,0,0,0,0,1
1cjb,A,10,GLY,-0.4,60.1,0.0,0,0,X,0.0,0.0,0.0,0.0,0.0,0.0,0.0,0.0,24,0.040565859518539735,9,18,-9,0,0,0,0,0,0,0,0,1
1cjb,A,11,GLU,-3.5,138.4,-1.0,1,3,X,0.0,0.0,0.0,0.0,0.0,0.0,0.0,0.0,16,0.02797645484037223,9,8,1,0,0,0,0,0,0,0,0,1
1cjb,A,12,ASN,-3.5,114.1,0.0,2,2,X,0.0,0.0,0.0,0.0,0.0,0.0,0.0,0.0,15,0.022381163872297785,0,18,-18,0,0,0,0,0,0,0,0,1
1cjb,A,13,ALA,1.8,88.6,0.0,0,0,X,0.0,0.0,0.0,0.0,0.0,0.0,0.0,0.0,19,0.0363693912924839,10,28,-18,0,0,0,0,0,0,0,0,1
1cjb,A,14,PHE,2.8,189.9,0.0,0,0,X,0.0,0.0,0.0,0.0,0.0,0.0,0.0,0.0,21,0.029375277582390842,17,26,-9,0,0,0,0,0,0,0,0,1
1cjb,A,15,ASP,-3.5,111.1,-1.0,1,3,X,0.0,0.0,0.0,0.0,0.0,0.0,0.0,0.0,19,0.022381163872297785,6,4,2,0,0,0,0,0,0,0,0,1
1cjb,A,16,PRO,-1.6,112.7,0.0,0,0,X,0.0,0.0,0.0,0.0,0.0,0.0,0.0,0.0,22,0.03590311704514436,13,11,2,0,0,0,0,0,0,0,0,1
1cjb,A,17,VAL,4.2,140.0,0.0,0,0,X,0.0,0.0,0.0,0.0,0.0,0.0,0.0,0.0,26,0.030307826077069916,16,11,5,0,0,0,0,0,0,0,0,1
1cjb,A,18,PHE,2.8,189.9,0.0,0,0,X,0.0,0.0,0.0,0.0,0.0,0.0,0.0,0.0,16,0.03403802005578621,9,21,-12,0,0,0,0,0,0,0,0,1
1cjb,A,19,VAL,4.2,140.0,0.0,0,0,X,0.0,0.0,0.0,0.0,0.0,0.0,0.0,0.0,30,0.04289723075523742,15,22,-7,0,0,0,0,0,0,0,0,1
1cjb,A,20,ASN,-3.5,114.1,0.0,2,2,X,0.0,0.0,0.0,0.0,0.0,0.0,0.0,0.0,16,0.032639197313767604,10,25,-15,0,0,0,0,0,0,0,0,1
1cjb,A,21,ASP,-3.5,111.1,-1.0,1,3,X,0.0,0.0,0.0,0.0,0.0,0.0,0.0,0.0,15,0.03124037457174899,22,22,0,0,0,0,0,0,0,0,0,1
1cjb,A,22,ASP,-3.5,111.1,-1.0,1,3,X,0.0,0.0,0.0,0.0,0.0,0.0,0.0,0.0,14,0.022847438119637322,12,16,-4,0,0,0,0,0,0,0,0,1
1cjb,A,23,ASP,-3.5,111.1,-1.0,1,3,X,0.0,0.0,0.0,0.0,0.0,0.0,0.0,0.0,20,0.032172923066428064,11,17,-6,0,0,0,0,0,0,0,0,1
1cjb,A,24,GLY,-0.4,60.1,0.0,0,0,X,0.0,0.0,0.0,0.0,0.0,0.0,0.0,0.0,21,0.03590311704514436,9,28,-19,0,0,0,0,0,0,0,0,1
1cjb,A,25,TYR,-1.3,193.6,0.0,1,1,X,0.0,0.0,0.0,0.0,0.0,0.0,0.0,0.0,21,0.035436842797804825,16,22,-6,0,0,0,0,0,0,0,0,1
1cjb,A,26,ASP,-3.5,111.1,-1.0,1,3,X,0.0,0.0,0.0,0.0,0.0,0.0,0.0,0.0,15,0.030774100324409453,11,11,0,0,0,0,0,0,0,0,0,1
1cjb,A,27,LEU,3.8,166.7,0.0,0,0,X,0.0,0.0,0.0,0.0,0.0,0.0,0.0,0.0,25,0.04149840801321881,26,16,10,0,0,0,0,0,0,0,0,1
1cjb,A,28,ASP,-3.5,111.1,-1.0,1,3,X,0.0,0.0,0.0,0.0,0.0,0.0,0.0,0.0,11,0.025178809356335007,11,8,3,0,0,0,0,0,0,0,0,1
1cjb,A,29,SER,-0.8,89.0,0.0,1,1,X,0.0,0.0,0.0,0.0,0.0,0.0,0.0,0.0,13,0.023779986614316396,10,16,-6,0,0,0,0,0,0,0,0,1
1cjb,A,30,PHE,2.8,189.9,0.0,0,0,X,0.0,0.0,0.0,0.0,0.0,0.0,0.0,0.0,22,0.028909003335051305,13,20,-7,0,0,0,0,0,0,0,0,1
1cjb,A,31,MET,1.9,162.9,0.0,0,0,X,0.0,0.0,0.0,0.0,0.0,0.0,0.0,0.0,18,0.027510180593032695,17,16,1,0,0,0,0,0,0,0,0,1
1cjb,A,32,ILE,4.5,166.7,0.0,0,0,X,0.0,0.0,0.0,0.0,0.0,0.0,0.0,0.0,27,0.03963331102386066,35,22,13,0,0,0,0,0,0,0,0,1
1cjb,A,33,PRO,-1.6,112.7,0.0,0,0,X,0.0,0.0,0.0,0.0,0.0,0.0,0.0,0.0,30,0.04289723075523742,49,21,28,0,0,0,0,0,0,0,0,1
1cjb,A,34,ALA,1.8,88.6,0.0,0,0,X,0.0,0.0,0.0,0.0,0.0,0.0,0.0,0.0,26,0.03963331102386066,35,11,24,0,0,0,0,0,0,0,0,1
1cjb,A,35,HIS,-3.2,153.2,0.1,2,1,X,0.0,0.0,0.0,0.0,0.0,0.0,0.0,0.0,27,0.048958795970651406,37,13,24,0,0,0,0,0,0,0,0,1
1cjb,A,36,TYR,-1.3,193.6,0.0,1,1,X,0.0,0.0,0.0,0.0,0.0,0.0,0.0,0.0,37,0.048492521723311866,43,16,27,0,0,0,0,0,0,0,0,1
1cjb,A,37,LYS,-3.9,168.6,1.0,2,0,X,0.0,0.0,0.0,0.0,0.0,0.0,0.0,0.0,26,0.040099585271200194,23,20,3,0,0,0,0,0,0,0,0,1
1cjb,A,38,LYS,-3.9,168.6,1.0,2,0,X,0.0,0.0,0.0,0.0,0.0,0.0,0.0,0.0,23,0.03310547156110714,27,19,8,0,0,0,0,0,0,0,0,1
1cjb,A,39,TYR,-1.3,193.6,0.0,1,1,X,0.0,0.0,0.0,0.0,0.0,0.0,0.0,0.0,28,0.04662742473395372,47,19,28,0,0,0,0,0,0,0,0,1
1cjb,A,40,LEU,3.8,166.7,0.0,0,0,X,0.0,0.0,0.0,0.0,0.0,0.0,0.0,0.0,34,0.045228601991935104,35,12,23,0,0,0,0,0,0,0,0,1
1cjb,A,41,THR,-0.7,116.1,0.0,1,1,X,0.0,0.0,0.0,0.0,0.0,0.0,0.0,0.0,27,0.03310547156110714,25,19,6,0,0,0,0,0,0,0,0,1
1cjb,A,42,LYS,-3.9,168.6,1.0,2,0,X,0.0,0.0,0.0,0.0,0.0,0.0,0.0,0.0,32,0.040099585271200194,11,22,-11,0,0,0,0,0,0,0,0,1
1cjb,A,43,VAL,4.2,140.0,0.0,0,0,X,0.0,0.0,0.0,0.0,0.0,0.0,0.0,0.0,30,0.05408781269138631,19,20,-1,0,0,0,0,0,0,0,0,1
1cjb,A,44,LEU,3.8,166.7,0.0,0,0,X,0.0,0.0,0.0,0.0,0.0,0.0,0.0,0.0,36,0.043829779249916496,29,19,10,0,0,0,0,0,0,0,0,1
1cjb,A,45,VAL,4.2,140.0,0.0,0,0,X,0.0,0.0,0.0,0.0,0.0,0.0,0.0,0.0,35,0.048492521723311866,21,9,12,0,0,0,0,0,0,0,0,1
1cjb,A,46,PRO,-1.6,112.7,0.0,0,0,X,0.0,0.0,0.0,0.0,0.0,0.0,0.0,0.0,28,0.04289723075523742,21,7,14,0,0,0,0,0,0,0,0,1
1cjb,A,47,ASN,-3.5,114.1,0.0,2,2,X,0.0,0.0,0.0,0.0,0.0,0.0,0.0,0.0,28,0.040099585271200194,22,10,12,0,0,0,0,0,0,0,0,1
1cjb,A,48,GLY,-0.4,60.1,0.0,0,0,X,0.0,0.0,0.0,0.0,0.0,0.0,0.0,0.0,20,0.02844272908771177,26,9,17,0,0,0,0,0,0,0,0,1
1cjb,A,49,VAL,4.2,140.0,0.0,0,0,X,0.0,0.0,0.0,0.0,0.0,0.0,0.0,0.0,24,0.03170664881908853,24,3,21,0,0,0,0,0,0,0,0,1
1cjb,A,50,ILE,4.5,166.7,0.0,0,0,X,0.0,0.0,0.0,0.0,0.0,0.0,0.0,0.0,34,0.048026247475972325,30,8,22,0,0,0,0,0,0,0,0,1
1cjb,A,51,LYS,-3.9,168.6,1.0,2,0,X,0.0,0.0,0.0,0.0,0.0,0.0,0.0,0.0,27,0.04243095650789788,27,15,12,0,0,0,0,0,0,0,0,1
1cjb,A,52,ASN,-3.5,114.1,0.0,2,2,X,0.0,0.0,0.0,0.0,0.0,0.0,0.0,0.0,20,0.03403802005578621,33,9,24,0,0,0,0,0,0,0,0,1
1cjb,A,53,ARG,-4.5,173.4,1.0,5,0,X,0.0,0.0,0.0,0.0,0.0,0.0,0.0,0.0,31,0.04196468226055834,17,18,-1,0,0,0,0,0,0,0,0,1
1cjb,A,54,ILE,4.5,166.7,0.0,0,0,X,0.0,0.0,0.0,0.0,0.0,0.0,0.0,0.0,38,0.05222271570202816,46,14,32,0,0,0,0,0,0,0,0,1
1cjb,A,55,GLU,-3.5,138.4,-1.0,1,3,X,0.0,0.0,0.0,0.0,0.0,0.0,0.0,0.0,22,0.043829779249916496,55,6,49,0,0,0,0,0,0,0,0,1
1cjb,A,56,LYS,-3.9,168.6,1.0,2,0,X,0.0,0.0,0.0,0.0,0.0,0.0,0.0,0.0,23,0.03916703677652112,30,18,12,0,0,0,0,0,0,0,0,1
1cjb,A,57,LEU,3.8,166.7,0.0,0,0,X,0.0,0.0,0.0,0.0,0.0,0.0,0.0,0.0,37,0.048026247475972325,42,21,21,0,0,0,0,0,0,0,0,1
1cjb,A,58,ALA,1.8,88.6,0.0,0,0,X,0.0,0.0,0.0,0.0,0.0,0.0,0.0,0.0,34,0.05129016720734909,62,17,45,0,0,0,0,0,0,0,0,1
1cjb,A,59,TYR,-1.3,193.6,0.0,1,1,X,0.0,0.0,0.0,0.0,0.0,0.0,0.0,0.0,21,0.04476232774459557,36,17,19,0,0,0,0,0,0,0,0,1
1cjb,A,60,ASP,-3.5,111.1,-1.0,1,3,X,0.0,0.0,0.0,0.0,0.0,0.0,0.0,0.0,26,0.043363505002576956,33,12,21,0,0,0,0,0,0,0,0,1
1cjb,A,61,ILE,4.5,166.7,0.0,0,0,X,0.0,0.0,0.0,0.0,0.0,0.0,0.0,0.0,40,0.04709369898129325,31,16,15,0,0,0,0,0,0,0,0,1
1cjb,A,62,LYS,-3.9,168.6,1.0,2,0,X,0.0,0.0,0.0,0.0,0.0,0.0,0.0,0.0,30,0.04942507021799094,26,14,12,0,0,0,0,0,0,0,0,1
1cjb,A,63,LYS,-3.9,168.6,1.0,2,0,X,0.0,0.0,0.0,0.0,0.0,0.0,0.0,0.0,17,0.03450429430312575,16,9,7,0,0,0,0,0,0,0,0,1
1cjb,A,64,VAL,4.2,140.0,0.0,0,0,X,0.0,0.0,0.0,0.0,0.0,0.0,0.0,0.0,24,0.03730193978716297,18,21,-3,0,0,0,0,0,0,0,0,1
1cjb,A,65,TYR,-1.3,193.6,0.0,1,1,X,0.0,0.0,0.0,0.0,0.0,0.0,0.0,0.0,32,0.04709369898129325,30,21,9,0,0,0,0,0,0,0,0,1
1cjb,A,66,ASN,-3.5,114.1,0.0,2,2,X,0.0,0.0,0.0,0.0,0.0,0.0,0.0,0.0,21,0.03124037457174899,27,15,12,0,0,0,0,0,0,0,0,1
1cjb,A,67,ASN,-3.5,114.1,0.0,2,2,X,0.0,0.0,0.0,0.0,0.0,0.0,0.0,0.0,21,0.03357174580844668,36,15,21,0,0,0,0,0,0,0,0,1
1cjb,A,68,GLU,-3.5,138.4,-1.0,1,3,X,0.0,0.0,0.0,0.0,0.0,0.0,0.0,0.0,21,0.035436842797804825,35,9,26,0,0,0,0,0,0,0,0,1
1cjb,A,69,GLU,-3.5,138.4,-1.0,1,3,X,0.0,0.0,0.0,0.0,0.0,0.0,0.0,0.0,25,0.04149840801321881,46,10,36,0,0,0,0,0,0,0,0,1
1cjb,A,70,PHE,2.8,189.9,0.0,0,0,X,0.0,0.0,0.0,0.0,0.0,0.0,0.0,0.0,32,0.050823892960009553,43,22,21,0,0,0,0,0,0,0,0,1
1cjb,A,71,HIS,-3.2,153.2,0.1,2,1,X,0.0,0.0,0.0,0.0,0.0,0.0,0.0,0.0,31,0.04942507021799094,37,25,12,0,0,0,0,0,0,0,0,1
1cjb,A,72,ILE,4.5,166.7,0.0,0,0,X,0.0,0.0,0.0,0.0,0.0,0.0,0.0,0.0,34,0.0526889899493677,30,13,17,0,0,0,0,0,0,0,0,1
1cjb,A,73,LEU,3.8,166.7,0.0,0,0,X,0.0,0.0,0.0,0.0,0.0,0.0,0.0,0.0,39,0.053155264196707235,23,18,5,0,0,0,0,0,0,0,0,1
1cjb,A,74,CYS,2.5,108.5,0.0,1,0,X,0.0,0.0,0.0,0.0,0.0,0.0,0.0,0.0,34,0.04989134446533048,34,23,11,0,0,0,0,0,0,0,0,1
1cjb,A,75,LEU,3.8,166.7,0.0,0,0,X,0.0,0.0,0.0,0.0,0.0,0.0,0.0,0.0,34,0.053621538444046775,27,18,9,0,0,0,0,0,0,0,0,1
1cjb,A,76,LEU,3.8,166.7,0.0,0,0,X,0.0,0.0,0.0,0.0,0.0,0.0,0.0,0.0,29,0.04429605349725603,46,26,20,0,0,0,0,0,0,0,0,1
1cjb,A,77,LYS,-3.9,168.6,1.0,2,0,X,0.0,0.0,0.0,0.0,0.0,0.0,0.0,0.0,29,0.04616115048661418,51,34,17,0,0,0,0,0,0,0,0,1
1cjb,A,78,GLY,-0.4,60.1,0.0,0,0,X,0.0,0.0,0.0,0.0,0.0,0.0,0.0,0.0,34,0.04616115048661418,38,34,4,0,0,0,0,0,0,0,0,1
1cjb,A,79,SER,-0.8,89.0,0.0,1,1,X,0.0,0.0,0.0,0.0,0.0,0.0,0.0,0.0,37,0.05175644145468863,28,21,7,0,0,0,0,0,0,0,0,1
1cjb,A,80,ARG,-4.5,173.4,1.0,5,0,X,0.0,0.0,0.0,0.0,0.0,0.0,0.0,0.0,29,0.048492521723311866,25,18,7,0,0,0,0,0,0,0,0,1
1cjb,A,81,GLY,-0.4,60.1,0.0,0,0,X,0.0,0.0,0.0,0.0,0.0,0.0,0.0,0.0,32,0.040565859518539735,31,19,12,0,0,0,0,0,0,0,0,1
1cjb,A,82,PHE,2.8,189.9,0.0,0,0,X,0.0,0.0,0.0,0.0,0.0,0.0,0.0,0.0,43,0.05035761871267001,26,18,8,0,0,0,0,0,0,0,0,1
1cjb,A,83,PHE,2.8,189.9,0.0,0,0,X,0.0,0.0,0.0,0.0,0.0,0.0,0.0,0.0,34,0.04616115048661418,33,15,18,0,0,0,0,0,0,0,0,1
1cjb,A,84,THR,-0.7,116.1,0.0,1,1,X,0.0,0.0,0.0,0.0,0.0,0.0,0.0,0.0,24,0.040565859518539735,45,4,41,0,0,0,0,0,0,0,0,1
1cjb,A,85,ALA,1.8,88.6,0.0,0,0,X,0.0,0.0,0.0,0.0,0.0,0.0,0.0,0.0,28,0.04476232774459557,49,8,41,0,0,0,0,0,0,0,0,1
1cjb,A,86,LEU,3.8,166.7,0.0,0,0,X,0.0,0.0,0.0,0.0,0.0,0.0,0.0,0.0,40,0.050823892960009553,35,9,26,0,0,0,0,0,0,0,0,1
1cjb,A,87,LEU,3.8,166.7,0.0,0,0,X,0.0,0.0,0.0,0.0,0.0,0.0,0.0,0.0,35,0.04289723075523742,39,17,22,0,0,0,0,0,0,0,0,1
1cjb,A,88,LYS,-3.9,168.6,1.0,2,0,X,0.0,0.0,0.0,0.0,0.0,0.0,0.0,0.0,24,0.03870076252918159,35,18,17,0,0,0,0,0,0,0,0,1
1cjb,A,89,HIS,-3.2,153.2,0.1,2,1,X,0.0,0.0,0.0,0.0,0.0,0.0,0.0,0.0,28,0.043829779249916496,42,10,32,0,0,0,0,0,0,0,0,1
1cjb,A,90,LEU,3.8,166.7,0.0,0,0,X,0.0,0.0,0.0,0.0,0.0,0.0,0.0,0.0,36,0.04942507021799094,51,16,35,0,0,0,0,0,0,0,0,1
1cjb,A,91,SER,-0.8,89.0,0.0,1,1,X,0.0,0.0,0.0,0.0,0.0,0.0,0.0,0.0,33,0.043829779249916496,56,15,41,0,0,0,0,0,0,0,0,1
1cjb,A,92,ARG,-4.5,173.4,1.0,5,0,X,0.0,0.0,0.0,0.0,0.0,0.0,0.0,0.0,19,0.03730193978716297,25,14,11,0,0,0,0,0,0,0,0,1
1cjb,A,93,ILE,4.5,166.7,0.0,0,0,X,0.0,0.0,0.0,0.0,0.0,0.0,0.0,0.0,26,0.043363505002576956,53,12,41,0,0,0,0,0,0,0,0,1
1cjb,A,94,HIS,-3.2,153.2,0.1,2,1,X,0.0,0.0,0.0,0.0,0.0,0.0,0.0,0.0,31,0.040099585271200194,35,10,25,0,0,0,0,0,0,0,0,1
1cjb,A,95,ASN,-3.5,114.1,0.0,2,2,X,0.0,0.0,0.0,0.0,0.0,0.0,0.0,0.0,30,0.04196468226055834,41,15,26,0,0,0,0,0,0,0,0,1
1cjb,A,96,TYR,-1.3,193.6,0.0,1,1,X,0.0,0.0,0.0,0.0,0.0,0.0,0.0,0.0,17,0.030307826077069916,22,3,19,0,0,0,0,0,0,0,0,1
1cjb,A,97,SER,-0.8,89.0,0.0,1,1,X,0.0,0.0,0.0,0.0,0.0,0.0,0.0,0.0,21,0.02611135785101408,30,1,29,0,0,0,0,0,0,0,0,1
1cjb,A,98,ALA,1.8,88.6,0.0,0,0,X,0.0,0.0,0.0,0.0,0.0,0.0,0.0,0.0,26,0.040565859518539735,36,7,29,0,0,0,0,0,0,0,0,1
1cjb,A,99,VAL,4.2,140.0,0.0,0,0,X,0.0,0.0,0.0,0.0,0.0,0.0,0.0,0.0,18,0.030307826077069916,31,9,22,0,0,0,0,0,0,0,0,1
1cjb,A,100,GLU,-3.5,138.4,-1.0,1,3,X,0.0,0.0,0.0,0.0,0.0,0.0,0.0,0.0,14,0.03124037457174899,33,0,33,0,0,0,0,0,0,0,0,1
1cjb,A,101,THR,-0.7,116.1,0.0,1,1,X,0.0,0.0,0.0,0.0,0.0,0.0,0.0,0.0,15,0.025645083603674543,24,9,15,0,0,0,0,0,0,0,0,1
1cjb,A,102,SER,-0.8,89.0,0.0,1,1,X,0.0,0.0,0.0,0.0,0.0,0.0,0.0,0.0,21,0.03590311704514436,35,9,26,0,0,0,0,0,0,0,0,1
1cjb,A,103,LYS,-3.9,168.6,1.0,2,0,X,0.0,0.0,0.0,0.0,0.0,0.0,0.0,0.0,23,0.03357174580844668,24,18,6,0,0,0,0,0,0,0,0,1
1cjb,A,104,PRO,-1.6,112.7,0.0,0,0,X,0.0,0.0,0.0,0.0,0.0,0.0,0.0,0.0,33,0.03730193978716297,37,26,11,0,0,0,0,0,0,0,0,1
1cjb,A,105,LEU,3.8,166.7,0.0,0,0,X,0.0,0.0,0.0,0.0,0.0,0.0,0.0,0.0,33,0.04289723075523742,46,24,22,0,0,0,0,0,0,0,0,1
1cjb,A,106,PHE,2.8,189.9,0.0,0,0,X,0.0,0.0,0.0,0.0,0.0,0.0,0.0,0.0,40,0.04196468226055834,51,32,19,0,0,0,0,0,0,0,0,1
1cjb,A,107,GLY,-0.4,60.1,0.0,0,0,X,0.0,0.0,0.0,0.0,0.0,0.0,0.0,0.0,34,0.040565859518539735,48,36,12,0,0,0,0,0,0,0,0,1
1cjb,A,108,GLU,-3.5,138.4,-1.0,1,3,X,0.0,0.0,0.0,0.0,0.0,0.0,0.0,0.0,35,0.04709369898129325,55,24,31,0,0,0,0,0,0,0,0,1
1cjb,A,109,HIS,-3.2,153.2,0.1,2,1,X,0.0,0.0,0.0,0.0,0.0,0.0,0.0,0.0,32,0.043829779249916496,37,29,8,0,0,0,0,0,0,0,0,1
1cjb,A,110,TYR,-1.3,193.6,0.0,1,1,X,0.0,0.0,0.0,0.0,0.0,0.0,0.0,0.0,26,0.04755997322863279,57,19,38,0,0,0,0,0,0,0,0,1
1cjb,A,111,VAL,4.2,140.0,0.0,0,0,X,0.0,0.0,0.0,0.0,0.0,0.0,0.0,0.0,30,0.04709369898129325,27,24,3,0,0,0,0,0,0,0,0,1
1cjb,A,112,ARG,-4.5,173.4,1.0,5,0,X,0.0,0.0,0.0,0.0,0.0,0.0,0.0,0.0,26,0.04196468226055834,27,23,4,0,0,0,0,0,0,0,0,1
1cjb,A,113,VAL,4.2,140.0,0.0,0,0,X,0.0,0.0,0.0,0.0,0.0,0.0,0.0,0.0,31,0.04429605349725603,34,21,13,0,0,0,0,0,0,0,0,1
1cjb,A,114,LYS,-3.9,168.6,1.0,2,0,X,0.0,0.0,0.0,0.0,0.0,0.0,0.0,0.0,26,0.03403802005578621,22,20,2,0,0,0,0,0,0,0,0,1
1cjb,A,115,SER,-0.8,89.0,0.0,1,1,X,0.0,0.0,0.0,0.0,0.0,0.0,0.0,0.0,25,0.040099585271200194,30,16,14,0,0,0,0,0,0,0,0,1
1cjb,A,116,TYR,-1.3,193.6,0.0,1,1,X,0.0,0.0,0.0,0.0,0.0,0.0,0.0,0.0,31,0.03450429430312575,22,29,-7,0,0,0,0,0,0,0,0,1
1cjb,A,117,CYS,2.5,108.5,0.0,1,0,X,0.0,0.0,0.0,0.0,0.0,0.0,0.0,0.0,21,0.03450429430312575,18,16,2,0,0,0,0,0,0,0,0,1
1cjb,A,118,ASN,-3.5,114.1,0.0,2,2,X,0.0,0.0,0.0,0.0,0.0,0.0,0.0,0.0,23,0.043829779249916496,25,17,8,0,0,0,0,0,0,0,0,1
1cjb,A,119,ASP,-3.5,111.1,-1.0,1,3,X,0.0,0.0,0.0,0.0,0.0,0.0,0.0,0.0,28,0.03870076252918159,25,8,17,0,0,0,0,0,0,0,0,1
1cjb,A,120,GLN,-3.5,143.8,0.0,2,2,X,0.0,0.0,0.0,0.0,0.0,0.0,0.0,0.0,20,0.03310547156110714,10,12,-2,0,0,0,0,0,0,0,0,1
1cjb,A,121,SER,-0.8,89.0,0.0,1,1,X,0.0,0.0,0.0,0.0,0.0,0.0,0.0,0.0,20,0.0363693912924839,15,16,-1,0,0,0,0,0,0,0,0,1
1cjb,A,122,THR,-0.7,116.1,0.0,1,1,X,0.0,0.0,0.0,0.0,0.0,0.0,0.0,0.0,16,0.029375277582390842,16,11,5,0,0,0,0,0,0,0,0,1
1cjb,A,123,GLY,-0.4,60.1,0.0,0,0,X,0.0,0.0,0.0,0.0,0.0,0.0,0.0,0.0,16,0.02331371236697686,17,6,11,0,0,0,0,0,0,0,0,1
1cjb,A,124,THR,-0.7,116.1,0.0,1,1,X,0.0,0.0,0.0,0.0,0.0,0.0,0.0,0.0,16,0.026577632098353617,21,9,12,0,0,0,0,0,0,0,0,1
1cjb,A,125,LEU,3.8,166.7,0.0,0,0,X,0.0,0.0,0.0,0.0,0.0,0.0,0.0,0.0,21,0.034970568550465285,30,9,21,0,0,0,0,0,0,0,0,1
1cjb,A,126,GLU,-3.5,138.4,-1.0,1,3,X,0.0,0.0,0.0,0.0,0.0,0.0,0.0,0.0,16,0.02611135785101408,22,2,20,0,0,0,0,0,0,0,0,1
1cjb,A,127,ILE,4.5,166.7,0.0,0,0,X,0.0,0.0,0.0,0.0,0.0,0.0,0.0,0.0,21,0.035436842797804825,20,17,3,0,0,0,0,0,0,0,0,1
1cjb,A,128,VAL,4.2,140.0,0.0,0,0,X,0.0,0.0,0.0,0.0,0.0,0.0,0.0,0.0,18,0.032639197313767604,24,29,-5,0,0,0,0,0,0,0,0,1
1cjb,A,129,SER,-0.8,89.0,0.0,1,1,X,0.0,0.0,0.0,0.0,0.0,0.0,0.0,0.0,21,0.0363693912924839,22,26,-4,0,0,0,0,0,0,0,0,1
1cjb,A,130,GLU,-3.5,138.4,-1.0,1,3,X,0.0,0.0,0.0,0.0,0.0,0.0,0.0,0.0,24,0.032172923066428064,35,21,14,0,0,0,0,0,0,0,0,1
1cjb,A,131,ASP,-3.5,111.1,-1.0,1,3,X,0.0,0.0,0.0,0.0,0.0,0.0,0.0,0.0,18,0.023779986614316396,13,12,1,0,0,0,0,0,0,0,0,1
1cjb,A,132,LEU,3.8,166.7,0.0,0,0,X,0.0,0.0,0.0,0.0,0.0,0.0,0.0,0.0,23,0.03870076252918159,29,20,9,0,0,0,0,0,0,0,0,1
1cjb,A,133,SER,-0.8,89.0,0.0,1,1,X,0.0,0.0,0.0,0.0,0.0,0.0,0.0,0.0,17,0.030307826077069916,23,25,-2,0,0,0,0,0,0,0,0,1
1cjb,A,134,CYS,2.5,108.5,0.0,1,0,X,0.0,0.0,0.0,0.0,0.0,0.0,0.0,0.0,23,0.03170664881908853,37,26,11,0,0,0,0,0,0,0,0,1
1cjb,A,135,LEU,3.8,166.7,0.0,0,0,X,0.0,0.0,0.0,0.0,0.0,0.0,0.0,0.0,32,0.04429605349725603,50,23,27,0,0,0,0,0,0,0,0,1
1cjb,A,136,LYS,-3.9,168.6,1.0,2,0,X,0.0,0.0,0.0,0.0,0.0,0.0,0.0,0.0,17,0.03683566553982344,25,13,12,0,0,0,0,0,0,0,0,1
1cjb,A,137,GLY,-0.4,60.1,0.0,0,0,X,0.0,0.0,0.0,0.0,0.0,0.0,0.0,0.0,17,0.030307826077069916,45,15,30,0,0,0,0,0,0,0,0,1
1cjb,A,138,LYS,-3.9,168.6,1.0,2,0,X,0.0,0.0,0.0,0.0,0.0,0.0,0.0,0.0,23,0.043363505002576956,43,16,27,0,0,0,0,0,0,0,0,1
1cjb,A,139,HIS,-3.2,153.2,0.1,2,1,X,0.0,0.0,0.0,0.0,0.0,0.0,0.0,0.0,28,0.0526889899493677,32,20,12,0,0,0,0,0,0,0,0,1
1cjb,A,140,VAL,4.2,140.0,0.0,0,0,X,0.0,0.0,0.0,0.0,0.0,0.0,0.0,0.0,39,0.05595290968074446,48,7,41,0,0,0,0,0,0,0,0,1
1cjb,A,141,LEU,3.8,166.7,0.0,0,0,X,0.0,0.0,0.0,0.0,0.0,0.0,0.0,0.0,45,0.05129016720734909,23,16,7,0,0,0,0,0,0,0,0,1
1cjb,A,142,ILE,4.5,166.7,0.0,0,0,X,0.0,0.0,0.0,0.0,0.0,0.0,0.0,0.0,44,0.045694876239274644,11,18,-7,0,0,0,0,0,0,0,0,1
1cjb,A,143,VAL,4.2,140.0,0.0,0,0,X,0.0,0.0,0.0,0.0,0.0,0.0,0.0,0.0,42,0.05548663543340492,12,19,-7,0,0,0,0,0,0,0,0,1
1cjb,A,144,GLU,-3.5,138.4,-1.0,1,3,X,0.0,0.0,0.0,0.0,0.0,0.0,0.0,0.0,39,0.05035761871267001,7,10,-3,0,0,0,0,0,0,0,0,1
1cjb,A,145,ASP,-3.5,111.1,-1.0,1,3,X,0.0,0.0,0.0,0.0,0.0,0.0,0.0,0.0,40,0.04989134446533048,13,18,-5,0,0,0,0,0,0,0,0,1
1cjb,A,146,ILE,4.5,166.7,0.0,0,0,X,0.0,0.0,0.0,0.0,0.0,0.0,0.0,0.0,43,0.043829779249916496,13,27,-14,0,0,0,0,0,0,0,0,1
1cjb,A,147,ILE,4.5,166.7,0.0,0,0,X,0.0,0.0,0.0,0.0,0.0,0.0,0.0,0.0,37,0.04989134446533048,23,26,-3,0,0,0,0,0,0,0,0,1
1cjb,A,148,ASP,-3.5,111.1,-1.0,1,3,X,0.0,0.0,0.0,0.0,0.0,0.0,0.0,0.0,33,0.043829779249916496,28,19,9,0,0,0,0,0,0,0,0,1
1cjb,A,149,THR,-0.7,116.1,0.0,1,1,X,0.0,0.0,0.0,0.0,0.0,0.0,0.0,0.0,28,0.04149840801321881,25,11,14,0,0,0,0,0,0,0,0,1
1cjb,A,150,GLY,-0.4,60.1,0.0,0,0,X,0.0,0.0,0.0,0.0,0.0,0.0,0.0,0.0,29,0.045228601991935104,25,11,14,0,0,0,0,0,0,0,0,1
1cjb,A,151,LYS,-3.9,168.6,1.0,2,0,X,0.0,0.0,0.0,0.0,0.0,0.0,0.0,0.0,26,0.03823448828184205,11,9,2,0,0,0,0,0,0,0,0,1
1cjb,A,152,THR,-0.7,116.1,0.0,1,1,X,0.0,0.0,0.0,0.0,0.0,0.0,0.0,0.0,35,0.043829779249916496,25,23,2,0,0,0,0,0,0,0,0,1
1cjb,A,153,LEU,3.8,166.7,0.0,0,0,X,0.0,0.0,0.0,0.0,0.0,0.0,0.0,0.0,39,0.043829779249916496,18,22,-4,0,0,0,0,0,0,0,0,1
1cjb,A,154,VAL,4.2,140.0,0.0,0,0,X,0.0,0.0,0.0,0.0,0.0,0.0,0.0,0.0,24,0.03823448828184205,23,9,14,0,0,0,0,0,0,0,0,1
1cjb,A,155,LYS,-3.9,168.6,1.0,2,0,X,0.0,0.0,0.0,0.0,0.0,0.0,0.0,0.0,22,0.035436842797804825,11,13,-2,0,0,0,0,0,0,0,0,1
1cjb,A,156,PHE,2.8,189.9,0.0,0,0,X,0.0,0.0,0.0,0.0,0.0,0.0,0.0,0.0,37,0.043363505002576956,25,17,8,0,0,0,0,0,0,0,0,1
1cjb,A,157,CYS,2.5,108.5,0.0,1,0,X,0.0,0.0,0.0,0.0,0.0,0.0,0.0,0.0,31,0.04289723075523742,25,9,16,0,0,0,0,0,0,0,0,1
1cjb,A,158,GLU,-3.5,138.4,-1.0,1,3,X,0.0,0.0,0.0,0.0,0.0,0.0,0.0,0.0,17,0.03310547156110714,26,0,26,0,0,0,0,0,0,0,0,1
1cjb,A,159,TYR,-1.3,193.6,0.0,1,1,X,0.0,0.0,0.0,0.0,0.0,0.0,0.0,0.0,27,0.03730193978716297,22,14,8,0,0,0,0,0,0,0,0,1
1cjb,A,160,LEU,3.8,166.7,0.0,0,0,X,0.0,0.0,0.0,0.0,0.0,0.0,0.0,0.0,32,0.04616115048661418,27,15,12,0,0,0,0,0,0,0,0,1
1cjb,A,161,LYS,-3.9,168.6,1.0,2,0,X,0.0,0.0,0.0,0.0,0.0,0.0,0.0,0.0,16,0.03590311704514436,13,16,-3,0,0,0,0,0,0,0,0,1
1cjb,A,162,LYS,-3.9,168.6,1.0,2,0,X,0.0,0.0,0.0,0.0,0.0,0.0,0.0,0.0,13,0.02844272908771177,13,18,-5,0,0,0,0,0,0,0,0,1
1cjb,A,163,PHE,2.8,189.9,0.0,0,0,X,0.0,0.0,0.0,0.0,0.0,0.0,0.0,0.0,23,0.03870076252918159,27,22,5,0,0,0,0,0,0,0,0,1
1cjb,A,164,GLU,-3.5,138.4,-1.0,1,3,X,0.0,0.0,0.0,0.0,0.0,0.0,0.0,0.0,16,0.030774100324409453,33,0,33,0,0,0,0,0,0,0,0,1
1cjb,A,165,ILE,4.5,166.7,0.0,0,0,X,0.0,0.0,0.0,0.0,0.0,0.0,0.0,0.0,29,0.045228601991935104,53,10,43,0,0,0,0,0,0,0,0,1
1cjb,A,166,LYS,-3.9,168.6,1.0,2,0,X,0.0,0.0,0.0,0.0,0.0,0.0,0.0,0.0,20,0.03403802005578621,28,13,15,0,0,0,0,0,0,0,0,1
1cjb,A,167,THR,-0.7,116.1,0.0,1,1,X,0.0,0.0,0.0,0.0,0.0,0.0,0.0,0.0,28,0.04243095650789788,35,10,25,0,0,0,0,0,0,0,0,1
1cjb,A,168,VAL,4.2,140.0,0.0,0,0,X,0.0,0.0,0.0,0.0,0.0,0.0,0.0,0.0,35,0.048026247475972325,30,9,21,0,0,0,0,0,0,0,0,1
1cjb,A,169,ALA,1.8,88.6,0.0,0,0,X,0.0,0.0,0.0,0.0,0.0,0.0,0.0,0.0,40,0.04989134446533048,18,11,7,0,0,0,0,0,0,0,0,1
1cjb,A,170,ILE,4.5,166.7,0.0,0,0,X,0.0,0.0,0.0,0.0,0.0,0.0,0.0,0.0,40,0.048026247475972325,7,19,-12,0,0,0,0,0,0,0,0,1
1cjb,A,171,ALA,1.8,88.6,0.0,0,0,X,0.0,0.0,0.0,0.0,0.0,0.0,0.0,0.0,40,0.048958795970651406,3,24,-21,0,0,0,0,0,0,0,0,1
1cjb,A,172,CYS,2.5,108.5,0.0,1,0,X,0.0,0.0,0.0,0.0,0.0,0.0,0.0,0.0,38,0.05408781269138631,10,25,-15,0,0,0,0,0,0,0,0,1
1cjb,A,173,LEU,3.8,166.7,0.0,0,0,X,0.0,0.0,0.0,0.0,0.0,0.0,0.0,0.0,43,0.0526889899493677,17,17,0,0,0,0,0,0,0,0,0,1
1cjb,A,174,PHE,2.8,189.9,0.0,0,0,X,0.0,0.0,0.0,0.0,0.0,0.0,0.0,0.0,38,0.050823892960009553,16,20,-4,0,0,0,0,0,0,0,0,1
1cjb,A,175,ILE,4.5,166.7,0.0,0,0,X,0.0,0.0,0.0,0.0,0.0,0.0,0.0,0.0,34,0.04942507021799094,27,16,11,0,0,0,0,0,0,0,0,1
1cjb,A,176,LYS,-3.9,168.6,1.0,2,0,X,0.0,0.0,0.0,0.0,0.0,0.0,0.0,0.0,32,0.05035761871267001,20,20,0,0,0,0,0,0,0,0,0,1
1cjb,A,177,ARG,-4.5,173.4,1.0,5,0,X,0.0,0.0,0.0,0.0,0.0,0.0,0.0,0.0,24,0.040565859518539735,17,20,-3,0,0,0,0,0,0,0,0,1
1cjb,A,178,THR,-0.7,116.1,0.0,1,1,X,0.0,0.0,0.0,0.0,0.0,0.0,0.0,0.0,20,0.035436842797804825,24,16,8,0,0,0,0,0,0,0,0,1
1cjb,A,179,PRO,-1.6,112.7,0.0,0,0,X,0.0,0.0,0.0,0.0,0.0,0.0,0.0,0.0,11,0.020049792635600097,13,15,-2,0,0,0,0,0,0,0,0,1
1cjb,A,180,LEU,3.8,166.7,0.0,0,0,X,0.0,0.0,0.0,0.0,0.0,0.0,0.0,0.0,17,0.027510180593032695,19,14,5,0,0,0,0,0,0,0,0,1
1cjb,A,181,TRP,-0.9,227.8,0.0,1,0,X,0.0,0.0,0.0,0.0,0.0,0.0,0.0,0.0,18,0.03963331102386066,25,7,18,0,0,0,0,0,0,0,0,1
1cjb,A,182,ASN,-3.5,114.1,0.0,2,2,X,0.0,0.0,0.0,0.0,0.0,0.0,0.0,0.0,19,0.02984155182973038,22,6,16,0,0,0,0,0,0,0,0,1
1cjb,A,183,GLY,-0.4,60.1,0.0,0,0,X,0.0,0.0,0.0,0.0,0.0,0.0,0.0,0.0,21,0.02611135785101408,12,4,8,0,0,0,0,0,0,0,0,1
1cjb,A,184,PHE,2.8,189.9,0.0,0,0,X,0.0,0.0,0.0,0.0,0.0,0.0,0.0,0.0,33,0.04149840801321881,19,15,4,0,0,0,0,0,0,0,0,1
1cjb,A,185,LYS,-3.9,168.6,1.0,2,0,X,0.0,0.0,0.0,0.0,0.0,0.0,0.0,0.0,24,0.03870076252918159,0,15,-15,0,0,0,0,0,0,0,0,1
1cjb,A,186,ALA,1.8,88.6,0.0,0,0,X,0.0,0.0,0.0,0.0,0.0,0.0,0.0,0.0,38,0.04662742473395372,9,23,-14,0,0,0,0,0,0,0,0,1
1cjb,A,187,ASP,-3.5,111.1,-1.0,1,3,X,0.0,0.0,0.0,0.0,0.0,0.0,0.0,0.0,35,0.04476232774459557,7,14,-7,0,0,0,0,0,0,0,0,1
1cjb,A,188,PHE,2.8,189.9,0.0,0,0,X,0.0,0.0,0.0,0.0,0.0,0.0,0.0,0.0,43,0.045694876239274644,16,24,-8,0,0,0,0,0,0,0,0,1
1cjb,A,189,VAL,4.2,140.0,0.0,0,0,X,0.0,0.0,0.0,0.0,0.0,0.0,0.0,0.0,35,0.04989134446533048,19,22,-3,0,0,0,0,0,0,0,0,1
1cjb,A,190,GLY,-0.4,60.1,0.0,0,0,X,0.0,0.0,0.0,0.0,0.0,0.0,0.0,0.0,38,0.05035761871267001,19,15,4,0,0,0,0,0,0,0,0,1
1cjb,A,191,PHE,2.8,189.9,0.0,0,0,X,0.0,0.0,0.0,0.0,0.0,0.0,0.0,0.0,34,0.04942507021799094,18,6,12,0,0,0,0,0,0,0,0,1
1cjb,A,192,SER,-0.8,89.0,0.0,1,1,X,0.0,0.0,0.0,0.0,0.0,0.0,0.0,0.0,27,0.048492521723311866,23,15,8,0,0,0,0,0,0,0,0,1
1cjb,A,193,ILE,4.5,166.7,0.0,0,0,X,0.0,0.0,0.0,0.0,0.0,0.0,0.0,0.0,33,0.05035761871267001,30,32,-2,0,0,0,0,0,0,0,0,1
1cjb,A,194,PRO,-1.6,112.7,0.0,0,0,X,0.0,0.0,0.0,0.0,0.0,0.0,0.0,0.0,30,0.04243095650789788,33,32,1,0,0,0,0,0,0,0,0,1
1cjb,A,195,ASP,-3.5,111.1,-1.0,1,3,X,0.0,0.0,0.0,0.0,0.0,0.0,0.0,0.0,23,0.034970568550465285,31,17,14,0,0,0,0,0,0,0,0,1
1cjb,A,196,HIS,-3.2,153.2,0.1,2,1,X,0.0,0.0,0.0,0.0,0.0,0.0,0.0,0.0,28,0.03310547156110714,28,29,-1,0,0,0,0,0,0,0,0,1
1cjb,A,197,PHE,2.8,189.9,0.0,0,0,X,0.0,0.0,0.0,0.0,0.0,0.0,0.0,0.0,34,0.040565859518539735,22,29,-7,0,0,0,0,0,0,0,0,1
1cjb,A,198,VAL,4.2,140.0,0.0,0,0,X,0.0,0.0,0.0,0.0,0.0,0.0,0.0,0.0,39,0.04476232774459557,26,28,-2,0,0,0,0,0,0,0,0,1
1cjb,A,199,VAL,4.2,140.0,0.0,0,0,X,0.0,0.0,0.0,0.0,0.0,0.0,0.0,0.0,42,0.05222271570202816,26,23,3,0,0,0,0,0,0,0,0,1
1cjb,A,200,GLY,-0.4,60.1,0.0,0,0,X,0.0,0.0,0.0,0.0,0.0,0.0,0.0,0.0,42,0.05129016720734909,28,34,-6,0,0,0,0,0,0,0,0,1
1cjb,A,201,TYR,-1.3,193.6,0.0,1,1,X,0.0,0.0,0.0,0.0,0.0,0.0,0.0,0.0,38,0.048492521723311866,38,23,15,0,0,0,0,0,0,0,0,1
1cjb,A,202,SER,-0.8,89.0,0.0,1,1,X,0.0,0.0,0.0,0.0,0.0,0.0,0.0,0.0,38,0.048026247475972325,34,44,-10,0,0,0,0,0,0,0,0,1
1cjb,A,203,LEU,3.8,166.7,0.0,0,0,X,0.0,0.0,0.0,0.0,0.0,0.0,0.0,0.0,38,0.04616115048661418,30,36,-6,0,0,0,0,0,0,0,0,1
1cjb,A,204,ASP,-3.5,111.1,-1.0,1,3,X,0.0,0.0,0.0,0.0,0.0,0.0,0.0,0.0,33,0.04755997322863279,26,24,2,0,0,0,0,0,0,0,0,1
1cjb,A,205,TYR,-1.3,193.6,0.0,1,1,X,0.0,0.0,0.0,0.0,0.0,0.0,0.0,0.0,30,0.05175644145468863,33,31,2,0,0,0,0,0,0,0,0,1
1cjb,A,206,ASN,-3.5,114.1,0.0,2,2,X,0.0,0.0,0.0,0.0,0.0,0.0,0.0,0.0,25,0.040099585271200194,33,23,10,0,0,0,0,0,0,0,0,1
1cjb,A,207,GLU,-3.5,138.4,-1.0,1,3,X,0.0,0.0,0.0,0.0,0.0,0.0,0.0,0.0,29,0.03357174580844668,40,19,21,0,0,0,0,0,0,0,0,1
1cjb,A,208,ILE,4.5,166.7,0.0,0,0,X,0.0,0.0,0.0,0.0,0.0,0.0,0.0,0.0,31,0.04476232774459557,27,28,-1,0,0,0,0,0,0,0,0,1
1cjb,A,209,PHE,2.8,189.9,0.0,0,0,X,0.0,0.0,0.0,0.0,0.0,0.0,0.0,0.0,37,0.048492521723311866,31,26,5,0,0,0,0,0,0,0,0,1
1cjb,A,210,ARG,-4.5,173.4,1.0,5,0,X,0.0,0.0,0.0,0.0,0.0,0.0,0.0,0.0,35,0.048492521723311866,24,38,-14,0,0,0,0,0,0,0,0,1
1cjb,A,211,ASP,-3.5,111.1,-1.0,1,3,X,0.0,0.0,0.0,0.0,0.0,0.0,0.0,0.0,33,0.045694876239274644,42,20,22,0,0,0,0,0,0,0,0,1
1cjb,A,212,LEU,3.8,166.7,0.0,0,0,X,0.0,0.0,0.0,0.0,0.0,0.0,0.0,0.0,37,0.04709369898129325,26,20,6,0,0,0,0,0,0,0,0,1
1cjb,A,213,ASP,-3.5,111.1,-1.0,1,3,X,0.0,0.0,0.0,0.0,0.0,0.0,0.0,0.0,34,0.03916703677652112,39,8,31,0,0,0,0,0,0,0,0,1
1cjb,A,214,HIS,-3.2,153.2,0.1,2,1,X,0.0,0.0,0.0,0.0,0.0,0.0,0.0,0.0,34,0.04662742473395372,9,14,-5,0,0,0,0,0,0,0,0,1
1cjb,A,215,CYS,2.5,108.5,0.0,1,0,X,0.0,0.0,0.0,0.0,0.0,0.0,0.0,0.0,40,0.05455408693872585,22,7,15,0,0,0,0,0,0,0,0,1
1cjb,A,216,CYS,2.5,108.5,0.0,1,0,X,0.0,0.0,0.0,0.0,0.0,0.0,0.0,0.0,41,0.05035761871267001,26,10,16,0,0,0,0,0,0,0,0,1
1cjb,A,217,LEU,3.8,166.7,0.0,0,0,X,0.0,0.0,0.0,0.0,0.0,0.0,0.0,0.0,32,0.048026247475972325,29,10,19,0,0,0,0,0,0,0,0,1
1cjb,A,218,VAL,4.2,140.0,0.0,0,0,X,0.0,0.0,0.0,0.0,0.0,0.0,0.0,0.0,36,0.05222271570202816,35,23,12,0,0,0,0,0,0,0,0,1
1cjb,A,219,ASN,-3.5,114.1,0.0,2,2,X,0.0,0.0,0.0,0.0,0.0,0.0,0.0,0.0,23,0.035436842797804825,38,17,21,0,0,0,0,0,0,0,0,1
1cjb,A,220,ASP,-3.5,111.1,-1.0,1,3,X,0.0,0.0,0.0,0.0,0.0,0.0,0.0,0.0,17,0.02797645484037223,25,13,12,0,0,0,0,0,0,0,0,1
1cjb,A,221,GLU,-3.5,138.4,-1.0,1,3,X,0.0,0.0,0.0,0.0,0.0,0.0,0.0,0.0,18,0.034970568550465285,39,8,31,0,0,0,0,0,0,0,0,1
1cjb,A,222,GLY,-0.4,60.1,0.0,0,0,X,0.0,0.0,0.0,0.0,0.0,0.0,0.0,0.0,26,0.05175644145468863,47,20,27,0,0,0,0,0,0,0,0,1
1cjb,A,223,LYS,-3.9,168.6,1.0,2,0,X,0.0,0.0,0.0,0.0,0.0,0.0,0.0,0.0,28,0.05035761871267001,25,26,-1,0,0,0,0,0,0,0,0,1
1cjb,A,224,LYS,-3.9,168.6,1.0,2,0,X,0.0,0.0,0.0,0.0,0.0,0.0,0.0,0.0,13,0.03403802005578621,26,17,9,0,0,0,0,0,0,0,0,1
1cjb,A,225,LYS,-3.9,168.6,1.0,2,0,X,0.0,0.0,0.0,0.0,0.0,0.0,0.0,0.0,19,0.032639197313767604,30,12,18,0,0,0,0,0,0,0,0,1
1cjb,A,226,TYR,-1.3,193.6,0.0,1,1,X,0.0,0.0,0.0,0.0,0.0,0.0,0.0,0.0,25,0.04196468226055834,35,19,16,0,0,0,0,0,0,0,0,1
1cjb,A,227,LYS,-3.9,168.6,1.0,2,0,X,0.0,0.0,0.0,0.0,0.0,0.0,0.0,0.0,15,0.03310547156110714,24,11,13,0,0,0,0,0,0,0,0,1
1cjb,A,228,ALA,1.8,88.6,0.0,0,0,X,0.0,0.0,0.0,0.0,0.0,0.0,0.0,0.0,14,0.022847438119637322,21,3,18,0,0,0,0,0,0,0,0,1
1cjb,B,2,PRO,-1.6,112.7,0.0,0,0,X,0.0,0.0,0.0,0.0,0.0,0.0,0.0,0.0,18,0.015387050162204726,8,10,-2,0,0,0,0,0,0,0,0,1
1cjb,B,3,ILE,4.5,166.7,0.0,0,0,X,0.0,0.0,0.0,0.0,0.0,0.0,0.0,0.0,27,0.028909003335051305,23,18,5,0,0,0,0,0,0,0,0,1
1cjb,B,4,PRO,-1.6,112.7,0.0,0,0,X,0.0,0.0,0.0,0.0,0.0,0.0,0.0,0.0,30,0.04289723075523742,12,18,-6,0,0,0,0,0,0,0,0,1
1cjb,B,5,ASN,-3.5,114.1,0.0,2,2,X,0.0,0.0,0.0,0.0,0.0,0.0,0.0,0.0,23,0.03403802005578621,20,11,9,0,0,0,0,0,0,0,0,1
1cjb,B,6,ASN,-3.5,114.1,0.0,2,2,X,0.0,0.0,0.0,0.0,0.0,0.0,0.0,0.0,19,0.02984155182973038,8,15,-7,0,0,0,0,0,0,0,0,1
1cjb,B,7,PRO,-1.6,112.7,0.0,0,0,X,0.0,0.0,0.0,0.0,0.0,0.0,0.0,0.0,28,0.040565859518539735,14,20,-6,0,0,0,0,0,0,0,0,1
1cjb,B,8,GLY,-0.4,60.1,0.0,0,0,X,0.0,0.0,0.0,0.0,0.0,0.0,0.0,0.0,27,0.03916703677652112,10,17,-7,0,0,0,0,0,0,0,0,1
1cjb,B,9,ALA,1.8,88.6,0.0,0,0,X,0.0,0.0,0.0,0.0,0.0,0.0,0.0,0.0,21,0.03403802005578621,9,17,-8,0,0,0,0,0,0,0,0,1
1cjb,B,10,GLY,-0.4,60.1,0.0,0,0,X,0.0,0.0,0.0,0.0,0.0,0.0,0.0,0.0,24,0.040099585271200194,9,18,-9,0,0,0,0,0,0,0,0,1
1cjb,B,11,GLU,-3.5,138.4,-1.0,1,3,X,0.0,0.0,0.0,0.0,0.0,0.0,0.0,0.0,16,0.027510180593032695,9,8,1,0,0,0,0,0,0,0,0,1
1cjb,B,12,ASN,-3.5,114.1,0.0,2,2,X,0.0,0.0,0.0,0.0,0.0,0.0,0.0,0.0,15,0.022381163872297785,0,18,-18,0,0,0,0,0,0,0,0,1
1cjb,B,13,ALA,1.8,88.6,0.0,0,0,X,0.0,0.0,0.0,0.0,0.0,0.0,0.0,0.0,19,0.0363693912924839,10,28,-18,0,0,0,0,0,0,0,0,1
1cjb,B,14,PHE,2.8,189.9,0.0,0,0,X,0.0,0.0,0.0,0.0,0.0,0.0,0.0,0.0,21,0.028909003335051305,17,27,-10,0,0,0,0,0,0,0,0,1
1cjb,B,15,ASP,-3.5,111.1,-1.0,1,3,X,0.0,0.0,0.0,0.0,0.0,0.0,0.0,0.0,19,0.022381163872297785,6,4,2,0,0,0,0,0,0,0,0,1
1cjb,B,16,PRO,-1.6,112.7,0.0,0,0,X,0.0,0.0,0.0,0.0,0.0,0.0,0.0,0.0,22,0.0363693912924839,13,11,2,0,0,0,0,0,0,0,0,1
1cjb,B,17,VAL,4.2,140.0,0.0,0,0,X,0.0,0.0,0.0,0.0,0.0,0.0,0.0,0.0,26,0.03124037457174899,16,11,5,0,0,0,0,0,0,0,0,1
1cjb,B,18,PHE,2.8,189.9,0.0,0,0,X,0.0,0.0,0.0,0.0,0.0,0.0,0.0,0.0,16,0.03357174580844668,9,22,-13,0,0,0,0,0,0,0,0,1
1cjb,B,19,VAL,4.2,140.0,0.0,0,0,X,0.0,0.0,0.0,0.0,0.0,0.0,0.0,0.0,30,0.04243095650789788,15,22,-7,0,0,0,0,0,0,0,0,1
1cjb,B,20,ASN,-3.5,114.1,0.0,2,2,X,0.0,0.0,0.0,0.0,0.0,0.0,0.0,0.0,15,0.032172923066428064,9,25,-16,0,0,0,0,0,0,0,0,1
1cjb,B,21,ASP,-3.5,111.1,-1.0,1,3,X,0.0,0.0,0.0,0.0,0.0,0.0,0.0,0.0,15,0.03124037457174899,22,22,0,0,0,0,0,0,0,0,0,1
1cjb,B,22,ASP,-3.5,111.1,-1.0,1,3,X,0.0,0.0,0.0,0.0,0.0,0.0,0.0,0.0,14,0.022847438119637322,12,16,-4,0,0,0,0,0,0,0,0,1
1cjb,B,23,ASP,-3.5,111.1,-1.0,1,3,X,0.0,0.0,0.0,0.0,0.0,0.0,0.0,0.0,20,0.03170664881908853,11,17,-6,0,0,0,0,0,0,0,0,1
1cjb,B,24,GLY,-0.4,60.1,0.0,0,0,X,0.0,0.0,0.0,0.0,0.0,0.0,0.0,0.0,20,0.035436842797804825,9,28,-19,0,0,0,0,0,0,0,0,1
1cjb,B,25,TYR,-1.3,193.6,0.0,1,1,X,0.0,0.0,0.0,0.0,0.0,0.0,0.0,0.0,21,0.03683566553982344,16,22,-6,0,0,0,0,0,0,0,0,1
1cjb,B,26,ASP,-3.5,111.1,-1.0,1,3,X,0.0,0.0,0.0,0.0,0.0,0.0,0.0,0.0,16,0.03170664881908853,9,11,-2,0,0,0,0,0,0,0,0,1
1cjb,B,27,LEU,3.8,166.7,0.0,0,0,X,0.0,0.0,0.0,0.0,0.0,0.0,0.0,0.0,25,0.04149840801321881,28,16,12,0,0,0,0,0,0,0,0,1
1cjb,B,28,ASP,-3.5,111.1,-1.0,1,3,X,0.0,0.0,0.0,0.0,0.0,0.0,0.0,0.0,11,0.025645083603674543,11,8,3,0,0,0,0,0,0,0,0,1
1cjb,B,29,SER,-0.8,89.0,0.0,1,1,X,0.0,0.0,0.0,0.0,0.0,0.0,0.0,0.0,13,0.02471253510899547,9,16,-7,0,0,0,0,0,0,0,0,1
1cjb,B,30,PHE,2.8,189.9,0.0,0,0,X,0.0,0.0,0.0,0.0,0.0,0.0,0.0,0.0,23,0.030774100324409453,14,19,-5,0,0,0,0,0,0,0,0,1
1cjb,B,31,MET,1.9,162.9,0.0,0,0,X,0.0,0.0,0.0,0.0,0.0,0.0,0.0,0.0,19,0.02844272908771177,17,17,0,0,0,0,0,0,0,0,0,1
1cjb,B,32,ILE,4.5,166.7,0.0,0,0,X,0.0,0.0,0.0,0.0,0.0,0.0,0.0,0.0,27,0.03963331102386066,35,22,13,0,0,0,0,0,0,0,0,1
1cjb,B,33,PRO,-1.6,112.7,0.0,0,0,X,0.0,0.0,0.0,0.0,0.0,0.0,0.0,0.0,30,0.04289723075523742,49,21,28,0,0,0,0,0,0,0,0,1
1cjb,B,34,ALA,1.8,88.6,0.0,0,0,X,0.0,0.0,0.0,0.0,0.0,0.0,0.0,0.0,25,0.040099585271200194,35,10,25,0,0,0,0,0,0,0,0,1
1cjb,B,35,HIS,-3.2,153.2,0.1,2,1,X,0.0,0.0,0.0,0.0,0.0,0.0,0.0,0.0,28,0.048958795970651406,37,13,24,0,0,0,0,0,0,0,0,1
1cjb,B,36,TYR,-1.3,193.6,0.0,1,1,X,0.0,0.0,0.0,0.0,0.0,0.0,0.0,0.0,37,0.048958795970651406,44,16,28,0,0,0,0,0,0,0,0,1
1cjb,B,37,LYS,-3.9,168.6,1.0,2,0,X,0.0,0.0,0.0,0.0,0.0,0.0,0.0,0.0,25,0.04149840801321881,23,19,4,0,0,0,0,0,0,0,0,1
1cjb,B,38,LYS,-3.9,168.6,1.0,2,0,X,0.0,0.0,0.0,0.0,0.0,0.0,0.0,0.0,23,0.03310547156110714,27,19,8,0,0,0,0,0,0,0,0,1
1cjb,B,39,TYR,-1.3,193.6,0.0,1,1,X,0.0,0.0,0.0,0.0,0.0,0.0,0.0,0.0,30,0.04662742473395372,48,20,28,0,0,0,0,0,0,0,0,1
1cjb,B,40,LEU,3.8,166.7,0.0,0,0,X,0.0,0.0,0.0,0.0,0.0,0.0,0.0,0.0,33,0.043363505002576956,35,15,20,0,0,0,0,0,0,0,0,1
1cjb,B,41,THR,-0.7,116.1,0.0,1,1,X,0.0,0.0,0.0,0.0,0.0,0.0,0.0,0.0,27,0.032639197313767604,26,18,8,0,0,0,0,0,0,0,0,1
1cjb,B,42,LYS,-3.9,168.6,1.0,2,0,X,0.0,0.0,0.0,0.0,0.0,0.0,0.0,0.0,32,0.040099585271200194,11,22,-11,0,0,0,0,0,0,0,0,1
1cjb,B,43,VAL,4.2,140.0,0.0,0,0,X,0.0,0.0,0.0,0.0,0.0,0.0,0.0,0.0,30,0.05548663543340492,19,19,0,0,0,0,0,0,0,0,0,1
1cjb,B,44,LEU,3.8,166.7,0.0,0,0,X,0.0,0.0,0.0,0.0,0.0,0.0,0.0,0.0,36,0.043363505002576956,29,19,10,0,0,0,0,0,0,0,0,1
1cjb,B,45,VAL,4.2,140.0,0.0,0,0,X,0.0,0.0,0.0,0.0,0.0,0.0,0.0,0.0,35,0.04709369898129325,22,9,13,0,0,0,0,0,0,0,0,1
1cjb,B,46,PRO,-1.6,112.7,0.0,0,0,X,0.0,0.0,0.0,0.0,0.0,0.0,0.0,0.0,28,0.04289723075523742,21,7,14,0,0,0,0,0,0,0,0,1
1cjb,B,47,ASN,-3.5,114.1,0.0,2,2,X,0.0,0.0,0.0,0.0,0.0,0.0,0.0,0.0,28,0.040099585271200194,22,10,12,0,0,0,0,0,0,0,0,1
1cjb,B,48,GLY,-0.4,60.1,0.0,0,0,X,0.0,0.0,0.0,0.0,0.0,0.0,0.0,0.0,20,0.029375277582390842,27,9,18,0,0,0,0,0,0,0,0,1
1cjb,B,49,VAL,4.2,140.0,0.0,0,0,X,0.0,0.0,0.0,0.0,0.0,0.0,0.0,0.0,24,0.032172923066428064,24,3,21,0,0,0,0,0,0,0,0,1
1cjb,B,50,ILE,4.5,166.7,0.0,0,0,X,0.0,0.0,0.0,0.0,0.0,0.0,0.0,0.0,35,0.04755997322863279,29,8,21,0,0,0,0,0,0,0,0,1
1cjb,B,51,LYS,-3.9,168.6,1.0,2,0,X,0.0,0.0,0.0,0.0,0.0,0.0,0.0,0.0,25,0.04243095650789788,28,15,13,0,0,0,0,0,0,0,0,1
1cjb,B,52,ASN,-3.5,114.1,0.0,2,2,X,0.0,0.0,0.0,0.0,0.0,0.0,0.0,0.0,20,0.03357174580844668,33,9,24,0,0,0,0,0,0,0,0,1
1cjb,B,53,ARG,-4.5,173.4,1.0,5,0,X,0.0,0.0,0.0,0.0,0.0,0.0,0.0,0.0,31,0.04289723075523742,16,18,-2,0,0,0,0,0,0,0,0,1
1cjb,B,54,ILE,4.5,166.7,0.0,0,0,X,0.0,0.0,0.0,0.0,0.0,0.0,0.0,0.0,40,0.05175644145468863,47,14,33,0,0,0,0,0,0,0,0,1
1cjb,B,55,GLU,-3.5,138.4,-1.0,1,3,X,0.0,0.0,0.0,0.0,0.0,0.0,0.0,0.0,23,0.04289723075523742,55,6,49,0,0,0,0,0,0,0,0,1
1cjb,B,56,LYS,-3.9,168.6,1.0,2,0,X,0.0,0.0,0.0,0.0,0.0,0.0,0.0,0.0,24,0.03916703677652112,30,18,12,0,0,0,0,0,0,0,0,1
1cjb,B,57,LEU,3.8,166.7,0.0,0,0,X,0.0,0.0,0.0,0.0,0.0,0.0,0.0,0.0,37,0.04662742473395372,40,21,19,0,0,0,0,0,0,0,0,1
1cjb,B,58,ALA,1.8,88.6,0.0,0,0,X,0.0,0.0,0.0,0.0,0.0,0.0,0.0,0.0,34,0.04989134446533048,61,17,44,0,0,0,0,0,0,0,0,1
1cjb,B,59,TYR,-1.3,193.6,0.0,1,1,X,0.0,0.0,0.0,0.0,0.0,0.0,0.0,0.0,21,0.04429605349725603,34,17,17,0,0,0,0,0,0,0,0,1
1cjb,B,60,ASP,-3.5,111.1,-1.0,1,3,X,0.0,0.0,0.0,0.0,0.0,0.0,0.0,0.0,26,0.04289723075523742,34,12,22,0,0,0,0,0,0,0,0,1
1cjb,B,61,ILE,4.5,166.7,0.0,0,0,X,0.0,0.0,0.0,0.0,0.0,0.0,0.0,0.0,39,0.04616115048661418,31,17,14,0,0,0,0,0,0,0,0,1
1cjb,B,62,LYS,-3.9,168.6,1.0,2,0,X,0.0,0.0,0.0,0.0,0.0,0.0,0.0,0.0,28,0.048958795970651406,26,14,12,0,0,0,0,0,0,0,0,1
1cjb,B,63,LYS,-3.9,168.6,1.0,2,0,X,0.0,0.0,0.0,0.0,0.0,0.0,0.0,0.0,17,0.034970568550465285,16,9,7,0,0,0,0,0,0,0,0,1
1cjb,B,64,VAL,4.2,140.0,0.0,0,0,X,0.0,0.0,0.0,0.0,0.0,0.0,0.0,0.0,24,0.03683566553982344,18,22,-4,0,0,0,0,0,0,0,0,1
1cjb,B,65,TYR,-1.3,193.6,0.0,1,1,X,0.0,0.0,0.0,0.0,0.0,0.0,0.0,0.0,32,0.04662742473395372,30,21,9,0,0,0,0,0,0,0,0,1
1cjb,B,66,ASN,-3.5,114.1,0.0,2,2,X,0.0,0.0,0.0,0.0,0.0,0.0,0.0,0.0,19,0.03124037457174899,24,16,8,0,0,0,0,0,0,0,0,1
1cjb,B,67,ASN,-3.5,114.1,0.0,2,2,X,0.0,0.0,0.0,0.0,0.0,0.0,0.0,0.0,23,0.034970568550465285,33,15,18,0,0,0,0,0,0,0,0,1
1cjb,B,68,GLU,-3.5,138.4,-1.0,1,3,X,0.0,0.0,0.0,0.0,0.0,0.0,0.0,0.0,23,0.03590311704514436,38,9,29,0,0,0,0,0,0,0,0,1
1cjb,B,69,GLU,-3.5,138.4,-1.0,1,3,X,0.0,0.0,0.0,0.0,0.0,0.0,0.0,0.0,26,0.04243095650789788,45,10,35,0,0,0,0,0,0,0,0,1
1cjb,B,70,PHE,2.8,189.9,0.0,0,0,X,0.0,0.0,0.0,0.0,0.0,0.0,0.0,0.0,33,0.0526889899493677,43,22,21,0,0,0,0,0,0,0,0,1
1cjb,B,71,HIS,-3.2,153.2,0.1,2,1,X,0.0,0.0,0.0,0.0,0.0,0.0,0.0,0.0,30,0.050823892960009553,37,24,13,0,0,0,0,0,0,0,0,1
1cjb,B,72,ILE,4.5,166.7,0.0,0,0,X,0.0,0.0,0.0,0.0,0.0,0.0,0.0,0.0,33,0.053155264196707235,31,12,19,0,0,0,0,0,0,0,0,1
1cjb,B,73,LEU,3.8,166.7,0.0,0,0,X,0.0,0.0,0.0,0.0,0.0,0.0,0.0,0.0,38,0.0526889899493677,25,14,11,0,0,0,0,0,0,0,0,1
1cjb,B,74,CYS,2.5,108.5,0.0,1,0,X,0.0,0.0,0.0,0.0,0.0,0.0,0.0,0.0,30,0.05035761871267001,33,23,10,0,0,0,0,0,0,0,0,1
1cjb,B,75,LEU,3.8,166.7,0.0,0,0,X,0.0,0.0,0.0,0.0,0.0,0.0,0.0,0.0,34,0.053155264196707235,29,18,11,0,0,0,0,0,0,0,0,1
1cjb,B,76,LEU,3.8,166.7,0.0,0,0,X,0.0,0.0,0.0,0.0,0.0,0.0,0.0,0.0,28,0.04476232774459557,46,29,17,0,0,0,0,0,0,0,0,1
1cjb,B,77,LYS,-3.9,168.6,1.0,2,0,X,0.0,0.0,0.0,0.0,0.0,0.0,0.0,0.0,28,0.04662742473395372,51,37,14,0,0,0,0,0,0,0,0,1
1cjb,B,78,GLY,-0.4,60.1,0.0,0,0,X,0.0,0.0,0.0,0.0,0.0,0.0,0.0,0.0,34,0.04755997322863279,37,35,2,0,0,0,0,0,0,0,0,1
1cjb,B,79,SER,-0.8,89.0,0.0,1,1,X,0.0,0.0,0.0,0.0,0.0,0.0,0.0,0.0,36,0.05129016720734909,28,21,7,0,0,0,0,0,0,0,0,1
1cjb,B,80,ARG,-4.5,173.4,1.0,5,0,X,0.0,0.0,0.0,0.0,0.0,0.0,0.0,0.0,31,0.04989134446533048,26,20,6,0,0,0,0,0,0,0,0,1
1cjb,B,81,GLY,-0.4,60.1,0.0,0,0,X,0.0,0.0,0.0,0.0,0.0,0.0,0.0,0.0,32,0.04196468226055834,31,19,12,0,0,0,0,0,0,0,0,1
1cjb,B,82,PHE,2.8,189.9,0.0,0,0,X,0.0,0.0,0.0,0.0,0.0,0.0,0.0,0.0,43,0.050823892960009553,24,18,6,0,0,0,0,0,0,0,0,1
1cjb,B,83,PHE,2.8,189.9,0.0,0,0,X,0.0,0.0,0.0,0.0,0.0,0.0,0.0,0.0,34,0.045694876239274644,34,15,19,0,0,0,0,0,0,0,0,1
1cjb,B,84,THR,-0.7,116.1,0.0,1,1,X,0.0,0.0,0.0,0.0,0.0,0.0,0.0,0.0,25,0.040099585271200194,46,3,43,0,0,0,0,0,0,0,0,1
1cjb,B,85,ALA,1.8,88.6,0.0,0,0,X,0.0,0.0,0.0,0.0,0.0,0.0,0.0,0.0,29,0.04429605349725603,51,8,43,0,0,0,0,0,0,0,0,1
1cjb,B,86,LEU,3.8,166.7,0.0,0,0,X,0.0,0.0,0.0,0.0,0.0,0.0,0.0,0.0,40,0.05035761871267001,36,9,27,0,0,0,0,0,0,0,0,1
1cjb,B,87,LEU,3.8,166.7,0.0,0,0,X,0.0,0.0,0.0,0.0,0.0,0.0,0.0,0.0,36,0.04196468226055834,38,17,21,0,0,0,0,0,0,0,0,1
1cjb,B,88,LYS,-3.9,168.6,1.0,2,0,X,0.0,0.0,0.0,0.0,0.0,0.0,0.0,0.0,24,0.03823448828184205,35,18,17,0,0,0,0,0,0,0,0,1
1cjb,B,89,HIS,-3.2,153.2,0.1,2,1,X,0.0,0.0,0.0,0.0,0.0,0.0,0.0,0.0,28,0.043829779249916496,42,10,32,0,0,0,0,0,0,0,0,1
1cjb,B,90,LEU,3.8,166.7,0.0,0,0,X,0.0,0.0,0.0,0.0,0.0,0.0,0.0,0.0,36,0.04942507021799094,52,16,36,0,0,0,0,0,0,0,0,1
1cjb,B,91,SER,-0.8,89.0,0.0,1,1,X,0.0,0.0,0.0,0.0,0.0,0.0,0.0,0.0,32,0.04429605349725603,54,15,39,0,0,0,0,0,0,0,0,1
1cjb,B,92,ARG,-4.5,173.4,1.0,5,0,X,0.0,0.0,0.0,0.0,0.0,0.0,0.0,0.0,20,0.03590311704514436,25,14,11,0,0,0,0,0,0,0,0,1
1cjb,B,93,ILE,4.5,166.7,0.0,0,0,X,0.0,0.0,0.0,0.0,0.0,0.0,0.0,0.0,27,0.043363505002576956,53,12,41,0,0,0,0,0,0,0,0,1
1cjb,B,94,HIS,-3.2,153.2,0.1,2,1,X,0.0,0.0,0.0,0.0,0.0,0.0,0.0,0.0,31,0.04103213376587927,34,9,25,0,0,0,0,0,0,0,0,1
1cjb,B,95,ASN,-3.5,114.1,0.0,2,2,X,0.0,0.0,0.0,0.0,0.0,0.0,0.0,0.0,29,0.040565859518539735,40,15,25,0,0,0,0,0,0,0,0,1
1cjb,B,96,TYR,-1.3,193.6,0.0,1,1,X,0.0,0.0,0.0,0.0,0.0,0.0,0.0,0.0,17,0.02984155182973038,22,2,20,0,0,0,0,0,0,0,0,1
1cjb,B,97,SER,-0.8,89.0,0.0,1,1,X,0.0,0.0,0.0,0.0,0.0,0.0,0.0,0.0,20,0.026577632098353617,28,1,27,0,0,0,0,0,0,0,0,1
1cjb,B,98,ALA,1.8,88.6,0.0,0,0,X,0.0,0.0,0.0,0.0,0.0,0.0,0.0,0.0,25,0.03870076252918159,35,7,28,0,0,0,0,0,0,0,0,1
1cjb,B,99,VAL,4.2,140.0,0.0,0,0,X,0.0,0.0,0.0,0.0,0.0,0.0,0.0,0.0,18,0.029375277582390842,31,9,22,0,0,0,0,0,0,0,0,1
1cjb,B,100,GLU,-3.5,138.4,-1.0,1,3,X,0.0,0.0,0.0,0.0,0.0,0.0,0.0,0.0,14,0.030774100324409453,32,0,32,0,0,0,0,0,0,0,0,1
1cjb,B,101,THR,-0.7,116.1,0.0,1,1,X,0.0,0.0,0.0,0.0,0.0,0.0,0.0,0.0,14,0.023779986614316396,24,9,15,0,0,0,0,0,0,0,0,1
1cjb,B,102,SER,-0.8,89.0,0.0,1,1,X,0.0,0.0,0.0,0.0,0.0,0.0,0.0,0.0,20,0.035436842797804825,35,9,26,0,0,0,0,0,0,0,0,1
1cjb,B,103,LYS,-3.9,168.6,1.0,2,0,X,0.0,0.0,0.0,0.0,0.0,0.0,0.0,0.0,25,0.03357174580844668,23,21,2,0,0,0,0,0,0,0,0,1
1cjb,B,104,PRO,-1.6,112.7,0.0,0,0,X,0.0,0.0,0.0,0.0,0.0,0.0,0.0,0.0,31,0.03730193978716297,37,24,13,0,0,0,0,0,0,0,0,1
1cjb,B,105,LEU,3.8,166.7,0.0,0,0,X,0.0,0.0,0.0,0.0,0.0,0.0,0.0,0.0,33,0.04289723075523742,46,23,23,0,0,0,0,0,0,0,0,1
1cjb,B,106,PHE,2.8,189.9,0.0,0,0,X,0.0,0.0,0.0,0.0,0.0,0.0,0.0,0.0,39,0.043363505002576956,50,32,18,0,0,0,0,0,0,0,0,1
1cjb,B,107,GLY,-0.4,60.1,0.0,0,0,X,0.0,0.0,0.0,0.0,0.0,0.0,0.0,0.0,33,0.04196468226055834,47,35,12,0,0,0,0,0,0,0,0,1
1cjb,B,108,GLU,-3.5,138.4,-1.0,1,3,X,0.0,0.0,0.0,0.0,0.0,0.0,0.0,0.0,33,0.04616115048661418,54,20,34,0,0,0,0,0,0,0,0,1
1cjb,B,109,HIS,-3.2,153.2,0.1,2,1,X,0.0,0.0,0.0,0.0,0.0,0.0,0.0,0.0,32,0.04149840801321881,33,22,11,0,0,0,0,0,0,0,0,1
1cjb,B,110,TYR,-1.3,193.6,0.0,1,1,X,0.0,0.0,0.0,0.0,0.0,0.0,0.0,0.0,26,0.04149840801321881,58,15,43,0,0,0,0,0,0,0,0,1
1cjb,B,111,VAL,4.2,140.0,0.0,0,0,X,0.0,0.0,0.0,0.0,0.0,0.0,0.0,0.0,30,0.04289723075523742,27,18,9,0,0,0,0,0,0,0,0,1
1cjb,B,112,ARG,-4.5,173.4,1.0,5,0,X,0.0,0.0,0.0,0.0,0.0,0.0,0.0,0.0,26,0.04149840801321881,29,28,1,0,0,0,0,0,0,0,0,1
1cjb,B,113,VAL,4.2,140.0,0.0,0,0,X,0.0,0.0,0.0,0.0,0.0,0.0,0.0,0.0,31,0.04429605349725603,35,22,13,0,0,0,0,0,0,0,0,1
1cjb,B,114,LYS,-3.9,168.6,1.0,2,0,X,0.0,0.0,0.0,0.0,0.0,0.0,0.0,0.0,27,0.03450429430312575,22,23,-1,0,0,0,0,0,0,0,0,1
1cjb,B,115,SER,-0.8,89.0,0.0,1,1,X,0.0,0.0,0.0,0.0,0.0,0.0,0.0,0.0,27,0.040565859518539735,30,17,13,0,0,0,0,0,0,0,0,1
1cjb,B,116,TYR,-1.3,193.6,0.0,1,1,X,0.0,0.0,0.0,0.0,0.0,0.0,0.0,0.0,30,0.03403802005578621,20,29,-9,0,0,0,0,0,0,0,0,1
1cjb,B,117,CYS,2.5,108.5,0.0,1,0,X,0.0,0.0,0.0,0.0,0.0,0.0,0.0,0.0,21,0.03357174580844668,18,17,1,0,0,0,0,0,0,0,0,1
1cjb,B,118,ASN,-3.5,114.1,0.0,2,2,X,0.0,0.0,0.0,0.0,0.0,0.0,0.0,0.0,23,0.04243095650789788,26,16,10,0,0,0,0,0,0,0,0,1
1cjb,B,119,ASP,-3.5,111.1,-1.0,1,3,X,0.0,0.0,0.0,0.0,0.0,0.0,0.0,0.0,28,0.03870076252918159,25,10,15,0,0,0,0,0,0,0,0,1
1cjb,B,120,GLN,-3.5,143.8,0.0,2,2,X,0.0,0.0,0.0,0.0,0.0,0.0,0.0,0.0,20,0.03310547156110714,8,12,-4,0,0,0,0,0,0,0,0,1
1cjb,B,121,SER,-0.8,89.0,0.0,1,1,X,0.0,0.0,0.0,0.0,0.0,0.0,0.0,0.0,19,0.0363693912924839,16,15,1,0,0,0,0,0,0,0,0,1
1cjb,B,122,THR,-0.7,116.1,0.0,1,1,X,0.0,0.0,0.0,0.0,0.0,0.0,0.0,0.0,16,0.029375277582390842,18,10,8,0,0,0,0,0,0,0,0,1
1cjb,B,123,GLY,-0.4,60.1,0.0,0,0,X,0.0,0.0,0.0,0.0,0.0,0.0,0.0,0.0,15,0.023779986614316396,18,4,14,0,0,0,0,0,0,0,0,1
1cjb,B,124,THR,-0.7,116.1,0.0,1,1,X,0.0,0.0,0.0,0.0,0.0,0.0,0.0,0.0,16,0.026577632098353617,22,9,13,0,0,0,0,0,0,0,0,1
1cjb,B,125,LEU,3.8,166.7,0.0,0,0,X,0.0,0.0,0.0,0.0,0.0,0.0,0.0,0.0,25,0.0363693912924839,32,10,22,0,0,0,0,0,0,0,0,1
1cjb,B,126,GLU,-3.5,138.4,-1.0,1,3,X,0.0,0.0,0.0,0.0,0.0,0.0,0.0,0.0,18,0.029375277582390842,21,9,12,0,0,0,0,0,0,0,0,1
1cjb,B,127,ILE,4.5,166.7,0.0,0,0,X,0.0,0.0,0.0,0.0,0.0,0.0,0.0,0.0,23,0.03590311704514436,23,17,6,0,0,0,0,0,0,0,0,1
1cjb,B,128,VAL,4.2,140.0,0.0,0,0,X,0.0,0.0,0.0,0.0,0.0,0.0,0.0,0.0,17,0.034970568550465285,20,33,-13,0,0,0,0,0,0,0,0,1
1cjb,B,129,SER,-0.8,89.0,0.0,1,1,X,0.0,0.0,0.0,0.0,0.0,0.0,0.0,0.0,13,0.025178809356335007,7,25,-18,0,0,0,0,0,0,0,0,1
1cjb,B,130,GLU,-3.5,138.4,-1.0,1,3,X,0.0,0.0,0.0,0.0,0.0,0.0,0.0,0.0,20,0.026577632098353617,25,10,15,0,0,0,0,0,0,0,0,1
1cjb,B,131,ASP,-3.5,111.1,-1.0,1,3,X,0.0,0.0,0.0,0.0,0.0,0.0,0.0,0.0,15,0.022847438119637322,11,10,1,0,0,0,0,0,0,0,0,1
1cjb,B,132,LEU,3.8,166.7,0.0,0,0,X,0.0,0.0,0.0,0.0,0.0,0.0,0.0,0.0,25,0.03310547156110714,29,22,7,0,0,0,0,0,0,0,0,1
1cjb,B,133,SER,-0.8,89.0,0.0,1,1,X,0.0,0.0,0.0,0.0,0.0,0.0,0.0,0.0,14,0.030774100324409453,21,23,-2,0,0,0,0,0,0,0,0,1
1cjb,B,134,CYS,2.5,108.5,0.0,1,0,X,0.0,0.0,0.0,0.0,0.0,0.0,0.0,0.0,22,0.02797645484037223,39,26,13,0,0,0,0,0,0,0,0,1
1cjb,B,135,LEU,3.8,166.7,0.0,0,0,X,0.0,0.0,0.0,0.0,0.0,0.0,0.0,0.0,30,0.043829779249916496,51,22,29,0,0,0,0,0,0,0,0,1
1cjb,B,136,LYS,-3.9,168.6,1.0,2,0,X,0.0,0.0,0.0,0.0,0.0,0.0,0.0,0.0,18,0.034970568550465285,24,14,10,0,0,0,0,0,0,0,0,1
1cjb,B,137,GLY,-0.4,60.1,0.0,0,0,X,0.0,0.0,0.0,0.0,0.0,0.0,0.0,0.0,18,0.030307826077069916,44,16,28,0,0,0,0,0,0,0,0,1
1cjb,B,138,LYS,-3.9,168.6,1.0,2,0,X,0.0,0.0,0.0,0.0,0.0,0.0,0.0,0.0,25,0.04476232774459557,43,19,24,0,0,0,0,0,0,0,0,1
1cjb,B,139,HIS,-3.2,153.2,0.1,2,1,X,0.0,0.0,0.0,0.0,0.0,0.0,0.0,0.0,28,0.05408781269138631,32,20,12,0,0,0,0,0,0,0,0,1
1cjb,B,140,VAL,4.2,140.0,0.0,0,0,X,0.0,0.0,0.0,0.0,0.0,0.0,0.0,0.0,38,0.05688545817542354,48,6,42,0,0,0,0,0,0,0,0,1
1cjb,B,141,LEU,3.8,166.7,0.0,0,0,X,0.0,0.0,0.0,0.0,0.0,0.0,0.0,0.0,45,0.05222271570202816,27,17,10,0,0,0,0,0,0,0,0,1
1cjb,B,142,ILE,4.5,166.7,0.0,0,0,X,0.0,0.0,0.0,0.0,0.0,0.0,0.0,0.0,44,0.04755997322863279,12,16,-4,0,0,0,0,0,0,0,0,1
1cjb,B,143,VAL,4.2,140.0,0.0,0,0,X,0.0,0.0,0.0,0.0,0.0,0.0,0.0,0.0,41,0.05502036118606539,12,19,-7,0,0,0,0,0,0,0,0,1
1cjb,B,144,GLU,-3.5,138.4,-1.0,1,3,X,0.0,0.0,0.0,0.0,0.0,0.0,0.0,0.0,36,0.04989134446533048,7,9,-2,0,0,0,0,0,0,0,0,1
1cjb,B,145,ASP,-3.5,111.1,-1.0,1,3,X,0.0,0.0,0.0,0.0,0.0,0.0,0.0,0.0,38,0.048958795970651406,13,18,-5,0,0,0,0,0,0,0,0,1
1cjb,B,146,ILE,4.5,166.7,0.0,0,0,X,0.0,0.0,0.0,0.0,0.0,0.0,0.0,0.0,43,0.04196468226055834,13,27,-14,0,0,0,0,0,0,0,0,1
1cjb,B,147,ILE,4.5,166.7,0.0,0,0,X,0.0,0.0,0.0,0.0,0.0,0.0,0.0,0.0,37,0.04989134446533048,24,26,-2,0,0,0,0,0,0,0,0,1
1cjb,B,148,ASP,-3.5,111.1,-1.0,1,3,X,0.0,0.0,0.0,0.0,0.0,0.0,0.0,0.0,33,0.04289723075523742,26,18,8,0,0,0,0,0,0,0,0,1
1cjb,B,149,THR,-0.7,116.1,0.0,1,1,X,0.0,0.0,0.0,0.0,0.0,0.0,0.0,0.0,27,0.04196468226055834,25,10,15,0,0,0,0,0,0,0,0,1
1cjb,B,150,GLY,-0.4,60.1,0.0,0,0,X,0.0,0.0,0.0,0.0,0.0,0.0,0.0,0.0,31,0.045694876239274644,25,12,13,0,0,0,0,0,0,0,0,1
1cjb,B,151,LYS,-3.9,168.6,1.0,2,0,X,0.0,0.0,0.0,0.0,0.0,0.0,0.0,0.0,25,0.03870076252918159,11,7,4,0,0,0,0,0,0,0,0,1
1cjb,B,152,THR,-0.7,116.1,0.0,1,1,X,0.0,0.0,0.0,0.0,0.0,0.0,0.0,0.0,34,0.043829779249916496,25,24,1,0,0,0,0,0,0,0,0,1
1cjb,B,153,LEU,3.8,166.7,0.0,0,0,X,0.0,0.0,0.0,0.0,0.0,0.0,0.0,0.0,40,0.043363505002576956,18,22,-4,0,0,0,0,0,0,0,0,1
1cjb,B,154,VAL,4.2,140.0,0.0,0,0,X,0.0,0.0,0.0,0.0,0.0,0.0,0.0,0.0,26,0.03776821403450251,25,9,16,0,0,0,0,0,0,0,0,1
1cjb,B,155,LYS,-3.9,168.6,1.0,2,0,X,0.0,0.0,0.0,0.0,0.0,0.0,0.0,0.0,23,0.03730193978716297,11,13,-2,0,0,0,0,0,0,0,0,1
1cjb,B,156,PHE,2.8,189.9,0.0,0,0,X,0.0,0.0,0.0,0.0,0.0,0.0,0.0,0.0,38,0.04243095650789788,25,17,8,0,0,0,0,0,0,0,0,1
1cjb,B,157,CYS,2.5,108.5,0.0,1,0,X,0.0,0.0,0.0,0.0,0.0,0.0,0.0,0.0,33,0.043363505002576956,27,9,18,0,0,0,0,0,0,0,0,1
1cjb,B,158,GLU,-3.5,138.4,-1.0,1,3,X,0.0,0.0,0.0,0.0,0.0,0.0,0.0,0.0,17,0.03403802005578621,26,0,26,0,0,0,0,0,0,0,0,1
1cjb,B,159,TYR,-1.3,193.6,0.0,1,1,X,0.0,0.0,0.0,0.0,0.0,0.0,0.0,0.0,28,0.03916703677652112,23,21,2,0,0,0,0,0,0,0,0,1
1cjb,B,160,LEU,3.8,166.7,0.0,0,0,X,0.0,0.0,0.0,0.0,0.0,0.0,0.0,0.0,33,0.043829779249916496,29,16,13,0,0,0,0,0,0,0,0,1
1cjb,B,161,LYS,-3.9,168.6,1.0,2,0,X,0.0,0.0,0.0,0.0,0.0,0.0,0.0,0.0,17,0.03590311704514436,15,16,-1,0,0,0,0,0,0,0,0,1
1cjb,B,162,LYS,-3.9,168.6,1.0,2,0,X,0.0,0.0,0.0,0.0,0.0,0.0,0.0,0.0,13,0.02984155182973038,12,18,-6,0,0,0,0,0,0,0,0,1
1cjb,B,163,PHE,2.8,189.9,0.0,0,0,X,0.0,0.0,0.0,0.0,0.0,0.0,0.0,0.0,22,0.03823448828184205,27,26,1,0,0,0,0,0,0,0,0,1
1cjb,B,164,GLU,-3.5,138.4,-1.0,1,3,X,0.0,0.0,0.0,0.0,0.0,0.0,0.0,0.0,16,0.030307826077069916,34,0,34,0,0,0,0,0,0,0,0,1
1cjb,B,165,ILE,4.5,166.7,0.0,0,0,X,0.0,0.0,0.0,0.0,0.0,0.0,0.0,0.0,28,0.04476232774459557,54,10,44,0,0,0,0,0,0,0,0,1
1cjb,B,166,LYS,-3.9,168.6,1.0,2,0,X,0.0,0.0,0.0,0.0,0.0,0.0,0.0,0.0,20,0.03357174580844668,26,11,15,0,0,0,0,0,0,0,0,1
1cjb,B,167,THR,-0.7,116.1,0.0,1,1,X,0.0,0.0,0.0,0.0,0.0,0.0,0.0,0.0,27,0.043363505002576956,36,10,26,0,0,0,0,0,0,0,0,1
1cjb,B,168,VAL,4.2,140.0,0.0,0,0,X,0.0,0.0,0.0,0.0,0.0,0.0,0.0,0.0,36,0.048958795970651406,33,8,25,0,0,0,0,0,0,0,0,1
1cjb,B,169,ALA,1.8,88.6,0.0,0,0,X,0.0,0.0,0.0,0.0,0.0,0.0,0.0,0.0,40,0.050823892960009553,18,10,8,0,0,0,0,0,0,0,0,1
1cjb,B,170,ILE,4.5,166.7,0.0,0,0,X,0.0,0.0,0.0,0.0,0.0,0.0,0.0,0.0,40,0.048492521723311866,7,19,-12,0,0,0,0,0,0,0,0,1
1cjb,B,171,ALA,1.8,88.6,0.0,0,0,X,0.0,0.0,0.0,0.0,0.0,0.0,0.0,0.0,42,0.04942507021799094,4,24,-20,0,0,0,0,0,0,0,0,1
1cjb,B,172,CYS,2.5,108.5,0.0,1,0,X,0.0,0.0,0.0,0.0,0.0,0.0,0.0,0.0,38,0.05455408693872585,10,25,-15,0,0,0,0,0,0,0,0,1
1cjb,B,173,LEU,3.8,166.7,0.0,0,0,X,0.0,0.0,0.0,0.0,0.0,0.0,0.0,0.0,44,0.05175644145468863,18,17,1,0,0,0,0,0,0,0,0,1
1cjb,B,174,PHE,2.8,189.9,0.0,0,0,X,0.0,0.0,0.0,0.0,0.0,0.0,0.0,0.0,38,0.05129016720734909,15,21,-6,0,0,0,0,0,0,0,0,1
1cjb,B,175,ILE,4.5,166.7,0.0,0,0,X,0.0,0.0,0.0,0.0,0.0,0.0,0.0,0.0,33,0.048492521723311866,28,15,13,0,0,0,0,0,0,0,0,1
1cjb,B,176,LYS,-3.9,168.6,1.0,2,0,X,0.0,0.0,0.0,0.0,0.0,0.0,0.0,0.0,32,0.05035761871267001,21,20,1,0,0,0,0,0,0,0,0,1
1cjb,B,177,ARG,-4.5,173.4,1.0,5,0,X,0.0,0.0,0.0,0.0,0.0,0.0,0.0,0.0,24,0.040565859518539735,18,20,-2,0,0,0,0,0,0,0,0,1
1cjb,B,178,THR,-0.7,116.1,0.0,1,1,X,0.0,0.0,0.0,0.0,0.0,0.0,0.0,0.0,20,0.035436842797804825,24,16,8,0,0,0,0,0,0,0,0,1
1cjb,B,179,PRO,-1.6,112.7,0.0,0,0,X,0.0,0.0,0.0,0.0,0.0,0.0,0.0,0.0,11,0.020516066882939634,12,15,-3,0,0,0,0,0,0,0,0,1
1cjb,B,180,LEU,3.8,166.7,0.0,0,0,X,0.0,0.0,0.0,0.0,0.0,0.0,0.0,0.0,17,0.027043906345693154,19,14,5,0,0,0,0,0,0,0,0,1
1cjb,B,181,TRP,-0.9,227.8,0.0,1,0,X,0.0,0.0,0.0,0.0,0.0,0.0,0.0,0.0,18,0.040099585271200194,25,7,18,0,0,0,0,0,0,0,0,1
1cjb,B,182,ASN,-3.5,114.1,0.0,2,2,X,0.0,0.0,0.0,0.0,0.0,0.0,0.0,0.0,19,0.030307826077069916,21,6,15,0,0,0,0,0,0,0,0,1
1cjb,B,183,GLY,-0.4,60.1,0.0,0,0,X,0.0,0.0,0.0,0.0,0.0,0.0,0.0,0.0,21,0.026577632098353617,12,4,8,0,0,0,0,0,0,0,0,1
1cjb,B,184,PHE,2.8,189.9,0.0,0,0,X,0.0,0.0,0.0,0.0,0.0,0.0,0.0,0.0,34,0.04149840801321881,18,14,4,0,0,0,0,0,0,0,0,1
1cjb,B,185,LYS,-3.9,168.6,1.0,2,0,X,0.0,0.0,0.0,0.0,0.0,0.0,0.0,0.0,25,0.03870076252918159,0,15,-15,0,0,0,0,0,0,0,0,1
1cjb,B,186,ALA,1.8,88.6,0.0,0,0,X,0.0,0.0,0.0,0.0,0.0,0.0,0.0,0.0,38,0.04476232774459557,9,23,-14,0,0,0,0,0,0,0,0,1
1cjb,B,187,ASP,-3.5,111.1,-1.0,1,3,X,0.0,0.0,0.0,0.0,0.0,0.0,0.0,0.0,36,0.04476232774459557,7,14,-7,0,0,0,0,0,0,0,0,1
1cjb,B,188,PHE,2.8,189.9,0.0,0,0,X,0.0,0.0,0.0,0.0,0.0,0.0,0.0,0.0,42,0.045694876239274644,17,24,-7,0,0,0,0,0,0,0,0,1
1cjb,B,189,VAL,4.2,140.0,0.0,0,0,X,0.0,0.0,0.0,0.0,0.0,0.0,0.0,0.0,35,0.04942507021799094,19,23,-4,0,0,0,0,0,0,0,0,1
1cjb,B,190,GLY,-0.4,60.1,0.0,0,0,X,0.0,0.0,0.0,0.0,0.0,0.0,0.0,0.0,37,0.05175644145468863,19,15,4,0,0,0,0,0,0,0,0,1
1cjb,B,191,PHE,2.8,189.9,0.0,0,0,X,0.0,0.0,0.0,0.0,0.0,0.0,0.0,0.0,34,0.05035761871267001,18,5,13,0,0,0,0,0,0,0,0,1
1cjb,B,192,SER,-0.8,89.0,0.0,1,1,X,0.0,0.0,0.0,0.0,0.0,0.0,0.0,0.0,27,0.048492521723311866,23,15,8,0,0,0,0,0,0,0,0,1
1cjb,B,193,ILE,4.5,166.7,0.0,0,0,X,0.0,0.0,0.0,0.0,0.0,0.0,0.0,0.0,33,0.050823892960009553,30,32,-2,0,0,0,0,0,0,0,0,1
1cjb,B,194,PRO,-1.6,112.7,0.0,0,0,X,0.0,0.0,0.0,0.0,0.0,0.0,0.0,0.0,30,0.04243095650789788,34,33,1,0,0,0,0,0,0,0,0,1
1cjb,B,195,ASP,-3.5,111.1,-1.0,1,3,X,0.0,0.0,0.0,0.0,0.0,0.0,0.0,0.0,22,0.035436842797804825,31,17,14,0,0,0,0,0,0,0,0,1
1cjb,B,196,HIS,-3.2,153.2,0.1,2,1,X,0.0,0.0,0.0,0.0,0.0,0.0,0.0,0.0,28,0.03403802005578621,29,27,2,0,0,0,0,0,0,0,0,1
1cjb,B,197,PHE,2.8,189.9,0.0,0,0,X,0.0,0.0,0.0,0.0,0.0,0.0,0.0,0.0,33,0.040565859518539735,23,30,-7,0,0,0,0,0,0,0,0,1
1cjb,B,198,VAL,4.2,140.0,0.0,0,0,X,0.0,0.0,0.0,0.0,0.0,0.0,0.0,0.0,38,0.04476232774459557,26,28,-2,0,0,0,0,0,0,0,0,1
1cjb,B,199,VAL,4.2,140.0,0.0,0,0,X,0.0,0.0,0.0,0.0,0.0,0.0,0.0,0.0,39,0.053621538444046775,27,23,4,0,0,0,0,0,0,0,0,1
1cjb,B,200,GLY,-0.4,60.1,0.0,0,0,X,0.0,0.0,0.0,0.0,0.0,0.0,0.0,0.0,39,0.050823892960009553,28,34,-6,0,0,0,0,0,0,0,0,1
1cjb,B,201,TYR,-1.3,193.6,0.0,1,1,X,0.0,0.0,0.0,0.0,0.0,0.0,0.0,0.0,39,0.05035761871267001,36,23,13,0,0,0,0,0,0,0,0,1
1cjb,B,202,SER,-0.8,89.0,0.0,1,1,X,0.0,0.0,0.0,0.0,0.0,0.0,0.0,0.0,39,0.04755997322863279,35,44,-9,0,0,0,0,0,0,0,0,1
1cjb,B,203,LEU,3.8,166.7,0.0,0,0,X,0.0,0.0,0.0,0.0,0.0,0.0,0.0,0.0,38,0.04429605349725603,32,35,-3,0,0,0,0,0,0,0,0,1
1cjb,B,204,ASP,-3.5,111.1,-1.0,1,3,X,0.0,0.0,0.0,0.0,0.0,0.0,0.0,0.0,34,0.048492521723311866,27,24,3,0,0,0,0,0,0,0,0,1
1cjb,B,205,TYR,-1.3,193.6,0.0,1,1,X,0.0,0.0,0.0,0.0,0.0,0.0,0.0,0.0,30,0.05175644145468863,34,32,2,0,0,0,0,0,0,0,0,1
1cjb,B,206,ASN,-3.5,114.1,0.0,2,2,X,0.0,0.0,0.0,0.0,0.0,0.0,0.0,0.0,25,0.040565859518539735,33,23,10,0,0,0,0,0,0,0,0,1
1cjb,B,207,GLU,-3.5,138.4,-1.0,1,3,X,0.0,0.0,0.0,0.0,0.0,0.0,0.0,0.0,29,0.03310547156110714,41,23,18,0,0,0,0,0,0,0,0,1
1cjb,B,208,ILE,4.5,166.7,0.0,0,0,X,0.0,0.0,0.0,0.0,0.0,0.0,0.0,0.0,33,0.04429605349725603,30,29,1,0,0,0,0,0,0,0,0,1
1cjb,B,209,PHE,2.8,189.9,0.0,0,0,X,0.0,0.0,0.0,0.0,0.0,0.0,0.0,0.0,38,0.04942507021799094,32,24,8,0,0,0,0,0,0,0,0,1
1cjb,B,210,ARG,-4.5,173.4,1.0,5,0,X,0.0,0.0,0.0,0.0,0.0,0.0,0.0,0.0,34,0.048492521723311866,22,38,-16,0,0,0,0,0,0,0,0,1
1cjb,B,211,ASP,-3.5,111.1,-1.0,1,3,X,0.0,0.0,0.0,0.0,0.0,0.0,0.0,0.0,33,0.04662742473395372,46,20,26,0,0,0,0,0,0,0,0,1
1cjb,B,212,LEU,3.8,166.7,0.0,0,0,X,0.0,0.0,0.0,0.0,0.0,0.0,0.0,0.0,37,0.048026247475972325,26,20,6,0,0,0,0,0,0,0,0,1
1cjb,B,213,ASP,-3.5,111.1,-1.0,1,3,X,0.0,0.0,0.0,0.0,0.0,0.0,0.0,0.0,34,0.03916703677652112,39,8,31,0,0,0,0,0,0,0,0,1
1cjb,B,214,HIS,-3.2,153.2,0.1,2,1,X,0.0,0.0,0.0,0.0,0.0,0.0,0.0,0.0,34,0.048026247475972325,9,14,-5,0,0,0,0,0,0,0,0,1
1cjb,B,215,CYS,2.5,108.5,0.0,1,0,X,0.0,0.0,0.0,0.0,0.0,0.0,0.0,0.0,40,0.05455408693872585,22,8,14,0,0,0,0,0,0,0,0,1
1cjb,B,216,CYS,2.5,108.5,0.0,1,0,X,0.0,0.0,0.0,0.0,0.0,0.0,0.0,0.0,42,0.04989134446533048,28,12,16,0,0,0,0,0,0,0,0,1
1cjb,B,217,LEU,3.8,166.7,0.0,0,0,X,0.0,0.0,0.0,0.0,0.0,0.0,0.0,0.0,33,0.048492521723311866,29,10,19,0,0,0,0,0,0,0,0,1
1cjb,B,218,VAL,4.2,140.0,0.0,0,0,X,0.0,0.0,0.0,0.0,0.0,0.0,0.0,0.0,36,0.0526889899493677,35,24,11,0,0,0,0,0,0,0,0,1
1cjb,B,219,ASN,-3.5,114.1,0.0,2,2,X,0.0,0.0,0.0,0.0,0.0,0.0,0.0,0.0,24,0.03590311704514436,37,18,19,0,0,0,0,0,0,0,0,1
1cjb,B,220,ASP,-3.5,111.1,-1.0,1,3,X,0.0,0.0,0.0,0.0,0.0,0.0,0.0,0.0,18,0.02797645484037223,27,13,14,0,0,0,0,0,0,0,0,1
1cjb,B,221,GLU,-3.5,138.4,-1.0,1,3,X,0.0,0.0,0.0,0.0,0.0,0.0,0.0,0.0,18,0.034970568550465285,39,8,31,0,0,0,0,0,0,0,0,1
1cjb,B,222,GLY,-0.4,60.1,0.0,0,0,X,0.0,0.0,0.0,0.0,0.0,0.0,0.0,0.0,26,0.050823892960009553,46,21,25,0,0,0,0,0,0,0,0,1
1cjb,B,223,LYS,-3.9,168.6,1.0,2,0,X,0.0,0.0,0.0,0.0,0.0,0.0,0.0,0.0,28,0.04989134446533048,25,26,-1,0,0,0,0,0,0,0,0,1
1cjb,B,224,LYS,-3.9,168.6,1.0,2,0,X,0.0,0.0,0.0,0.0,0.0,0.0,0.0,0.0,13,0.032639197313767604,26,17,9,0,0,0,0,0,0,0,0,1
1cjb,B,225,LYS,-3.9,168.6,1.0,2,0,X,0.0,0.0,0.0,0.0,0.0,0.0,0.0,0.0,20,0.03310547156110714,31,12,19,0,0,0,0,0,0,0,0,1
1cjb,B,226,TYR,-1.3,193.6,0.0,1,1,X,0.0,0.0,0.0,0.0,0.0,0.0,0.0,0.0,25,0.04103213376587927,36,18,18,0,0,0,0,0,0,0,0,1
1cjb,B,227,LYS,-3.9,168.6,1.0,2,0,X,0.0,0.0,0.0,0.0,0.0,0.0,0.0,0.0,15,0.03450429430312575,23,11,12,0,0,0,0,0,0,0,0,1
1cjb,B,228,ALA,1.8,88.6,0.0,0,0,X,0.0,0.0,0.0,0.0,0.0,0.0,0.0,0.0,14,0.022847438119637322,23,4,19,0,0,0,0,0,0,0,0,1
1cjb,C,2,PRO,-1.6,112.7,0.0,0,0,X,0.0,0.0,0.0,0.0,0.0,0.0,0.0,0.0,18,0.015853324409544265,8,12,-4,0,0,0,0,0,0,0,0,1
1cjb,C,3,ILE,4.5,166.7,0.0,0,0,X,0.0,0.0,0.0,0.0,0.0,0.0,0.0,0.0,27,0.02984155182973038,23,18,5,0,0,0,0,0,0,0,0,1
1cjb,C,4,PRO,-1.6,112.7,0.0,0,0,X,0.0,0.0,0.0,0.0,0.0,0.0,0.0,0.0,30,0.043363505002576956,12,18,-6,0,0,0,0,0,0,0,0,1
1cjb,C,5,ASN,-3.5,114.1,0.0,2,2,X,0.0,0.0,0.0,0.0,0.0,0.0,0.0,0.0,21,0.03357174580844668,18,11,7,0,0,0,0,0,0,0,0,1
1cjb,C,6,ASN,-3.5,114.1,0.0,2,2,X,0.0,0.0,0.0,0.0,0.0,0.0,0.0,0.0,19,0.02984155182973038,8,15,-7,0,0,0,0,0,0,0,0,1
1cjb,C,7,PRO,-1.6,112.7,0.0,0,0,X,0.0,0.0,0.0,0.0,0.0,0.0,0.0,0.0,29,0.040565859518539735,14,20,-6,0,0,0,0,0,0,0,0,1
1cjb,C,8,GLY,-0.4,60.1,0.0,0,0,X,0.0,0.0,0.0,0.0,0.0,0.0,0.0,0.0,27,0.03870076252918159,9,16,-7,0,0,0,0,0,0,0,0,1
1cjb,C,9,ALA,1.8,88.6,0.0,0,0,X,0.0,0.0,0.0,0.0,0.0,0.0,0.0,0.0,20,0.03310547156110714,9,17,-8,0,0,0,0,0,0,0,0,1
1cjb,C,10,GLY,-0.4,60.1,0.0,0,0,X,0.0,0.0,0.0,0.0,0.0,0.0,0.0,0.0,24,0.040565859518539735,9,19,-10,0,0,0,0,0,0,0,0,1
1cjb,C,11,GLU,-3.5,138.4,-1.0,1,3,X,0.0,0.0,0.0,0.0,0.0,0.0,0.0,0.0,16,0.027510180593032695,9,8,1,0,0,0,0,0,0,0,0,1
1cjb,C,12,ASN,-3.5,114.1,0.0,2,2,X,0.0,0.0,0.0,0.0,0.0,0.0,0.0,0.0,15,0.02331371236697686,0,18,-18,0,0,0,0,0,0,0,0,1
1cjb,C,13,ALA,1.8,88.6,0.0,0,0,X,0.0,0.0,0.0,0.0,0.0,0.0,0.0,0.0,19,0.0363693912924839,9,28,-19,0,0,0,0,0,0,0,0,1
1cjb,C,14,PHE,2.8,189.9,0.0,0,0,X,0.0,0.0,0.0,0.0,0.0,0.0,0.0,0.0,22,0.02984155182973038,17,34,-17,0,0,0,0,0,0,0,0,1
1cjb,C,15,ASP,-3.5,111.1,-1.0,1,3,X,0.0,0.0,0.0,0.0,0.0,0.0,0.0,0.0,22,0.023779986614316396,6,16,-10,0,0,0,0,0,0,0,0,1
1cjb,C,16,PRO,-1.6,112.7,0.0,0,0,X,0.0,0.0,0.0,0.0,0.0,0.0,0.0,0.0,26,0.03776821403450251,13,18,-5,0,0,0,0,0,0,0,0,1
1cjb,C,17,VAL,4.2,140.0,0.0,0,0,X,0.0,0.0,0.0,0.0,0.0,0.0,0.0,0.0,33,0.04243095650789788,16,23,-7,0,0,0,0,0,0,0,0,1
1cjb,C,18,PHE,2.8,189.9,0.0,0,0,X,0.0,0.0,0.0,0.0,0.0,0.0,0.0,0.0,21,0.0363693912924839,9,25,-16,0,0,0,0,0,0,0,0,1
1cjb,C,19,VAL,4.2,140.0,0.0,0,0,X,0.0,0.0,0.0,0.0,0.0,0.0,0.0,0.0,30,0.04429605349725603,16,23,-7,0,0,0,0,0,0,0,0,1
1cjb,C,20,ASN,-3.5,114.1,0.0,2,2,X,0.0,0.0,0.0,0.0,0.0,0.0,0.0,0.0,17,0.032639197313767604,10,31,-21,0,0,0,0,0,0,0,0,1
1cjb,C,21,ASP,-3.5,111.1,-1.0,1,3,X,0.0,0.0,0.0,0.0,0.0,0.0,0.0,0.0,15,0.030774100324409453,22,22,0,0,0,0,0,0,0,0,0,1
1cjb,C,22,ASP,-3.5,111.1,-1.0,1,3,X,0.0,0.0,0.0,0.0,0.0,0.0,0.0,0.0,14,0.022847438119637322,12,17,-5,0,0,0,0,0,0,0,0,1
1cjb,C,23,ASP,-3.5,111.1,-1.0,1,3,X,0.0,0.0,0.0,0.0,0.0,0.0,0.0,0.0,20,0.03403802005578621,11,17,-6,0,0,0,0,0,0,0,0,1
1cjb,C,24,GLY,-0.4,60.1,0.0,0,0,X,0.0,0.0,0.0,0.0,0.0,0.0,0.0,0.0,23,0.03590311704514436,9,32,-23,0,0,0,0,0,0,0,0,1
1cjb,C,25,TYR,-1.3,193.6,0.0,1,1,X,0.0,0.0,0.0,0.0,0.0,0.0,0.0,0.0,29,0.03916703677652112,24,26,-2,0,0,0,0,0,0,0,0,1
1cjb,C,26,ASP,-3.5,111.1,-1.0,1,3,X,0.0,0.0,0.0,0.0,0.0,0.0,0.0,0.0,20,0.032639197313767604,17,17,0,0,0,0,0,0,0,0,0,1
1cjb,C,27,LEU,3.8,166.7,0.0,0,0,X,0.0,0.0,0.0,0.0,0.0,0.0,0.0,0.0,27,0.04149840801321881,32,16,16,0,0,0,0,0,0,0,0,1
1cjb,C,28,ASP,-3.5,111.1,-1.0,1,3,X,0.0,0.0,0.0,0.0,0.0,0.0,0.0,0.0,20,0.030774100324409453,26,19,7,0,0,0,0,0,0,0,0,1
1cjb,C,29,SER,-0.8,89.0,0.0,1,1,X,0.0,0.0,0.0,0.0,0.0,0.0,0.0,0.0,30,0.043363505002576956,30,30,0,0,0,0,0,0,0,0,0,1
1cjb,C,30,PHE,2.8,189.9,0.0,0,0,X,0.0,0.0,0.0,0.0,0.0,0.0,0.0,0.0,38,0.048958795970651406,38,33,5,0,0,0,0,0,0,0,0,1
1cjb,C,31,MET,1.9,162.9,0.0,0,0,X,0.0,0.0,0.0,0.0,0.0,0.0,0.0,0.0,29,0.04243095650789788,40,31,9,0,0,0,0,0,0,0,0,1
1cjb,C,32,ILE,4.5,166.7,0.0,0,0,X,0.0,0.0,0.0,0.0,0.0,0.0,0.0,0.0,28,0.03916703677652112,42,25,17,0,0,0,0,0,0,0,0,1
1cjb,C,33,PRO,-1.6,112.7,0.0,0,0,X,0.0,0.0,0.0,0.0,0.0,0.0,0.0,0.0,19,0.02984155182973038,33,15,18,0,0,0,0,0,0,0,0,1
1cjb,C,34,ALA,1.8,88.6,0.0,0,0,X,0.0,0.0,0.0,0.0,0.0,0.0,0.0,0.0,16,0.024246260861655933,27,2,25,0,0,0,0,0,0,0,0,1
1cjb,C,35,HIS,-3.2,153.2,0.1,2,1,X,0.0,0.0,0.0,0.0,0.0,0.0,0.0,0.0,14,0.02984155182973038,19,4,15,0,0,0,0,0,0,0,0,1
1cjb,C,36,TYR,-1.3,193.6,0.0,1,1,X,0.0,0.0,0.0,0.0,0.0,0.0,0.0,0.0,28,0.04476232774459557,35,12,23,0,0,0,0,0,0,0,0,1
1cjb,C,37,LYS,-3.9,168.6,1.0,2,0,X,0.0,0.0,0.0,0.0,0.0,0.0,0.0,0.0,23,0.03916703677652112,24,10,14,0,0,0,0,0,0,0,0,1
1cjb,C,38,LYS,-3.9,168.6,1.0,2,0,X,0.0,0.0,0.0,0.0,0.0,0.0,0.0,0.0,19,0.030774100324409453,26,10,16,0,0,0,0,0,0,0,0,1
1cjb,C,39,TYR,-1.3,193.6,0.0,1,1,X,0.0,0.0,0.0,0.0,0.0,0.0,0.0,0.0,25,0.04662742473395372,46,14,32,0,0,0,0,0,0,0,0,1
1cjb,C,40,LEU,3.8,166.7,0.0,0,0,X,0.0,0.0,0.0,0.0,0.0,0.0,0.0,0.0,34,0.04476232774459557,34,11,23,0,0,0,0,0,0,0,0,1
1cjb,C,41,THR,-0.7,116.1,0.0,1,1,X,0.0,0.0,0.0,0.0,0.0,0.0,0.0,0.0,29,0.03357174580844668,27,19,8,0,0,0,0,0,0,0,0,1
1cjb,C,42,LYS,-3.9,168.6,1.0,2,0,X,0.0,0.0,0.0,0.0,0.0,0.0,0.0,0.0,32,0.03963331102386066,11,22,-11,0,0,0,0,0,0,0,0,1
1cjb,C,43,VAL,4.2,140.0,0.0,0,0,X,0.0,0.0,0.0,0.0,0.0,0.0,0.0,0.0,33,0.05408781269138631,19,19,0,0,0,0,0,0,0,0,0,1
1cjb,C,44,LEU,3.8,166.7,0.0,0,0,X,0.0,0.0,0.0,0.0,0.0,0.0,0.0,0.0,36,0.043363505002576956,29,18,11,0,0,0,0,0,0,0,0,1
1cjb,C,45,VAL,4.2,140.0,0.0,0,0,X,0.0,0.0,0.0,0.0,0.0,0.0,0.0,0.0,36,0.048958795970651406,22,9,13,0,0,0,0,0,0,0,0,1
1cjb,C,46,PRO,-1.6,112.7,0.0,0,0,X,0.0,0.0,0.0,0.0,0.0,0.0,0.0,0.0,30,0.05035761871267001,28,10,18,0,0,0,0,0,0,0,0,1
1cjb,C,47,ASN,-3.5,114.1,0.0,2,2,X,0.0,0.0,0.0,0.0,0.0,0.0,0.0,0.0,28,0.045694876239274644,28,12,16,0,0,0,0,0,0,0,0,1
1cjb,C,48,GLY,-0.4,60.1,0.0,0,0,X,0.0,0.0,0.0,0.0,0.0,0.0,0.0,0.0,21,0.04755997322863279,42,10,32,0,0,0,0,0,0,0,0,1
1cjb,C,49,VAL,4.2,140.0,0.0,0,0,X,0.0,0.0,0.0,0.0,0.0,0.0,0.0,0.0,25,0.05035761871267001,34,3,31,0,0,0,0,0,0,0,0,1
1cjb,C,50,ILE,4.5,166.7,0.0,0,0,X,0.0,0.0,0.0,0.0,0.0,0.0,0.0,0.0,38,0.04989134446533048,30,8,22,0,0,0,0,0,0,0,0,1
1cjb,C,51,LYS,-3.9,168.6,1.0,2,0,X,0.0,0.0,0.0,0.0,0.0,0.0,0.0,0.0,27,0.04429605349725603,26,15,11,0,0,0,0,0,0,0,0,1
1cjb,C,52,ASN,-3.5,114.1,0.0,2,2,X,0.0,0.0,0.0,0.0,0.0,0.0,0.0,0.0,28,0.050823892960009553,45,16,29,0,0,0,0,0,0,0,0,1
1cjb,C,53,ARG,-4.5,173.4,1.0,5,0,X,0.0,0.0,0.0,0.0,0.0,0.0,0.0,0.0,41,0.053155264196707235,18,26,-8,0,0,0,0,0,0,0,0,1
1cjb,C,54,ILE,4.5,166.7,0.0,0,0,X,0.0,0.0,0.0,0.0,0.0,0.0,0.0,0.0,40,0.053621538444046775,46,13,33,0,0,0,0,0,0,0,0,1
1cjb,C,55,GLU,-3.5,138.4,-1.0,1,3,X,0.0,0.0,0.0,0.0,0.0,0.0,0.0,0.0,29,0.048492521723311866,59,9,50,0,0,0,0,0,0,0,0,1
1cjb,C,56,LYS,-3.9,168.6,1.0,2,0,X,0.0,0.0,0.0,0.0,0.0,0.0,0.0,0.0,33,0.048958795970651406,34,29,5,0,0,0,0,0,0,0,0,1
1cjb,C,57,LEU,3.8,166.7,0.0,0,0,X,0.0,0.0,0.0,0.0,0.0,0.0,0.0,0.0,41,0.048492521723311866,40,23,17,0,0,0,0,0,0,0,0,1
1cjb,C,58,ALA,1.8,88.6,0.0,0,0,X,0.0,0.0,0.0,0.0,0.0,0.0,0.0,0.0,35,0.0526889899493677,59,17,42,0,0,0,0,0,0,0,0,1
1cjb,C,59,TYR,-1.3,193.6,0.0,1,1,X,0.0,0.0,0.0,0.0,0.0,0.0,0.0,0.0,27,0.04616115048661418,37,21,16,0,0,0,0,0,0,0,0,1
1cjb,C,60,ASP,-3.5,111.1,-1.0,1,3,X,0.0,0.0,0.0,0.0,0.0,0.0,0.0,0.0,30,0.043363505002576956,32,17,15,0,0,0,0,0,0,0,0,1
1cjb,C,61,ILE,4.5,166.7,0.0,0,0,X,0.0,0.0,0.0,0.0,0.0,0.0,0.0,0.0,40,0.045228601991935104,31,18,13,0,0,0,0,0,0,0,0,1
1cjb,C,62,LYS,-3.9,168.6,1.0,2,0,X,0.0,0.0,0.0,0.0,0.0,0.0,0.0,0.0,28,0.04942507021799094,27,14,13,0,0,0,0,0,0,0,0,1
1cjb,C,63,LYS,-3.9,168.6,1.0,2,0,X,0.0,0.0,0.0,0.0,0.0,0.0,0.0,0.0,16,0.03450429430312575,15,8,7,0,0,0,0,0,0,0,0,1
1cjb,C,64,VAL,4.2,140.0,0.0,0,0,X,0.0,0.0,0.0,0.0,0.0,0.0,0.0,0.0,25,0.03683566553982344,19,22,-3,0,0,0,0,0,0,0,0,1
1cjb,C,65,TYR,-1.3,193.6,0.0,1,1,X,0.0,0.0,0.0,0.0,0.0,0.0,0.0,0.0,32,0.04709369898129325,30,21,9,0,0,0,0,0,0,0,0,1
1cjb,C,66,ASN,-3.5,114.1,0.0,2,2,X,0.0,0.0,0.0,0.0,0.0,0.0,0.0,0.0,22,0.03170664881908853,28,16,12,0,0,0,0,0,0,0,0,1
1cjb,C,67,ASN,-3.5,114.1,0.0,2,2,X,0.0,0.0,0.0,0.0,0.0,0.0,0.0,0.0,22,0.03450429430312575,32,15,17,0,0,0,0,0,0,0,0,1
1cjb,C,68,GLU,-3.5,138.4,-1.0,1,3,X,0.0,0.0,0.0,0.0,0.0,0.0,0.0,0.0,21,0.03590311704514436,36,9,27,0,0,0,0,0,0,0,0,1
1cjb,C,69,GLU,-3.5,138.4,-1.0,1,3,X,0.0,0.0,0.0,0.0,0.0,0.0,0.0,0.0,25,0.04196468226055834,46,10,36,0,0,0,0,0,0,0,0,1
1cjb,C,70,PHE,2.8,189.9,0.0,0,0,X,0.0,0.0,0.0,0.0,0.0,0.0,0.0,0.0,33,0.05129016720734909,42,22,20,0,0,0,0,0,0,0,0,1
1cjb,C,71,HIS,-3.2,153.2,0.1,2,1,X,0.0,0.0,0.0,0.0,0.0,0.0,0.0,0.0,28,0.04989134446533048,35,19,16,0,0,0,0,0,0,0,0,1
1cjb,C,72,ILE,4.5,166.7,0.0,0,0,X,0.0,0.0,0.0,0.0,0.0,0.0,0.0,0.0,31,0.05455408693872585,25,12,13,0,0,0,0,0,0,0,0,1
1cjb,C,73,LEU,3.8,166.7,0.0,0,0,X,0.0,0.0,0.0,0.0,0.0,0.0,0.0,0.0,38,0.05408781269138631,22,16,6,0,0,0,0,0,0,0,0,1
1cjb,C,74,CYS,2.5,108.5,0.0,1,0,X,0.0,0.0,0.0,0.0,0.0,0.0,0.0,0.0,32,0.05035761871267001,30,23,7,0,0,0,0,0,0,0,0,1
1cjb,C,75,LEU,3.8,166.7,0.0,0,0,X,0.0,0.0,0.0,0.0,0.0,0.0,0.0,0.0,35,0.053621538444046775,29,18,11,0,0,0,0,0,0,0,0,1
1cjb,C,76,LEU,3.8,166.7,0.0,0,0,X,0.0,0.0,0.0,0.0,0.0,0.0,0.0,0.0,26,0.040565859518539735,43,18,25,0,0,0,0,0,0,0,0,1
1cjb,C,77,LYS,-3.9,168.6,1.0,2,0,X,0.0,0.0,0.0,0.0,0.0,0.0,0.0,0.0,22,0.03963331102386066,41,22,19,0,0,0,0,0,0,0,0,1
1cjb,C,78,GLY,-0.4,60.1,0.0,0,0,X,0.0,0.0,0.0,0.0,0.0,0.0,0.0,0.0,31,0.04476232774459557,37,29,8,0,0,0,0,0,0,0,0,1
1cjb,C,79,SER,-0.8,89.0,0.0,1,1,X,0.0,0.0,0.0,0.0,0.0,0.0,0.0,0.0,36,0.0526889899493677,27,19,8,0,0,0,0,0,0,0,0,1
1cjb,C,80,ARG,-4.5,173.4,1.0,5,0,X,0.0,0.0,0.0,0.0,0.0,0.0,0.0,0.0,23,0.04243095650789788,19,9,10,0,0,0,0,0,0,0,0,1
1cjb,C,81,GLY,-0.4,60.1,0.0,0,0,X,0.0,0.0,0.0,0.0,0.0,0.0,0.0,0.0,31,0.03916703677652112,30,16,14,0,0,0,0,0,0,0,0,1
1cjb,C,82,PHE,2.8,189.9,0.0,0,0,X,0.0,0.0,0.0,0.0,0.0,0.0,0.0,0.0,42,0.050823892960009553,27,18,9,0,0,0,0,0,0,0,0,1
1cjb,C,83,PHE,2.8,189.9,0.0,0,0,X,0.0,0.0,0.0,0.0,0.0,0.0,0.0,0.0,34,0.045694876239274644,24,15,9,0,0,0,0,0,0,0,0,1
1cjb,C,84,THR,-0.7,116.1,0.0,1,1,X,0.0,0.0,0.0,0.0,0.0,0.0,0.0,0.0,25,0.035436842797804825,34,4,30,0,0,0,0,0,0,0,0,1
1cjb,C,85,ALA,1.8,88.6,0.0,0,0,X,0.0,0.0,0.0,0.0,0.0,0.0,0.0,0.0,29,0.043829779249916496,45,8,37,0,0,0,0,0,0,0,0,1
1cjb,C,86,LEU,3.8,166.7,0.0,0,0,X,0.0,0.0,0.0,0.0,0.0,0.0,0.0,0.0,40,0.05035761871267001,32,9,23,0,0,0,0,0,0,0,0,1
1cjb,C,87,LEU,3.8,166.7,0.0,0,0,X,0.0,0.0,0.0,0.0,0.0,0.0,0.0,0.0,31,0.03963331102386066,25,8,17,0,0,0,0,0,0,0,0,1
1cjb,C,88,LYS,-3.9,168.6,1.0,2,0,X,0.0,0.0,0.0,0.0,0.0,0.0,0.0,0.0,20,0.03590311704514436,30,9,21,0,0,0,0,0,0,0,0,1
1cjb,C,89,HIS,-3.2,153.2,0.1,2,1,X,0.0,0.0,0.0,0.0,0.0,0.0,0.0,0.0,29,0.043829779249916496,42,10,32,0,0,0,0,0,0,0,0,1
1cjb,C,90,LEU,3.8,166.7,0.0,0,0,X,0.0,0.0,0.0,0.0,0.0,0.0,0.0,0.0,36,0.04942507021799094,53,11,42,0,0,0,0,0,0,0,0,1
1cjb,C,91,SER,-0.8,89.0,0.0,1,1,X,0.0,0.0,0.0,0.0,0.0,0.0,0.0,0.0,25,0.03823448828184205,45,1,44,0,0,0,0,0,0,0,0,1
1cjb,C,92,ARG,-4.5,173.4,1.0,5,0,X,0.0,0.0,0.0,0.0,0.0,0.0,0.0,0.0,16,0.03590311704514436,25,9,16,0,0,0,0,0,0,0,0,1
1cjb,C,93,ILE,4.5,166.7,0.0,0,0,X,0.0,0.0,0.0,0.0,0.0,0.0,0.0,0.0,28,0.04429605349725603,53,12,41,0,0,0,0,0,0,0,0,1
1cjb,C,94,HIS,-3.2,153.2,0.1,2,1,X,0.0,0.0,0.0,0.0,0.0,0.0,0.0,0.0,26,0.03870076252918159,26,3,23,0,0,0,0,0,0,0,0,1
1cjb,C,95,ASN,-3.5,114.1,0.0,2,2,X,0.0,0.0,0.0,0.0,0.0,0.0,0.0,0.0,20,0.03170664881908853,31,1,30,0,0,0,0,0,0,0,0,1
1cjb,C,96,TYR,-1.3,193.6,0.0,1,1,X,0.0,0.0,0.0,0.0,0.0,0.0,0.0,0.0,12,0.02611135785101408,22,1,21,0,0,0,0,0,0,0,0,1
1cjb,C,97,SER,-0.8,89.0,0.0,1,1,X,0.0,0.0,0.0,0.0,0.0,0.0,0.0,0.0,16,0.02611135785101408,23,1,22,0,0,0,0,0,0,0,0,1
1cjb,C,98,ALA,1.8,88.6,0.0,0,0,X,0.0,0.0,0.0,0.0,0.0,0.0,0.0,0.0,17,0.030774100324409453,22,6,16,0,0,0,0,0,0,0,0,1
1cjb,C,99,VAL,4.2,140.0,0.0,0,0,X,0.0,0.0,0.0,0.0,0.0,0.0,0.0,0.0,11,0.02144861537761871,13,9,4,0,0,0,0,0,0,0,0,1
1cjb,C,100,GLU,-3.5,138.4,-1.0,1,3,X,0.0,0.0,0.0,0.0,0.0,0.0,0.0,0.0,5,0.015853324409544265,4,0,4,0,0,0,0,0,0,0,0,1
1cjb,C,101,THR,-0.7,116.1,0.0,1,1,X,0.0,0.0,0.0,0.0,0.0,0.0,0.0,0.0,8,0.017252147151562876,9,9,0,0,0,0,0,0,0,0,0,1
1cjb,C,102,SER,-0.8,89.0,0.0,1,1,X,0.0,0.0,0.0,0.0,0.0,0.0,0.0,0.0,13,0.027510180593032695,20,9,11,0,0,0,0,0,0,0,0,1
1cjb,C,103,LYS,-3.9,168.6,1.0,2,0,X,0.0,0.0,0.0,0.0,0.0,0.0,0.0,0.0,15,0.025645083603674543,8,17,-9,0,0,0,0,0,0,0,0,1
1cjb,C,104,PRO,-1.6,112.7,0.0,0,0,X,0.0,0.0,0.0,0.0,0.0,0.0,0.0,0.0,19,0.024246260861655933,21,14,7,0,0,0,0,0,0,0,0,1
1cjb,C,105,LEU,3.8,166.7,0.0,0,0,X,0.0,0.0,0.0,0.0,0.0,0.0,0.0,0.0,31,0.03963331102386066,41,18,23,0,0,0,0,0,0,0,0,1
1cjb,C,106,PHE,2.8,189.9,0.0,0,0,X,0.0,0.0,0.0,0.0,0.0,0.0,0.0,0.0,30,0.04103213376587927,37,20,17,0,0,0,0,0,0,0,0,1
1cjb,C,107,GLY,-0.4,60.1,0.0,0,0,X,0.0,0.0,0.0,0.0,0.0,0.0,0.0,0.0,24,0.034970568550465285,30,20,10,0,0,0,0,0,0,0,0,1
1cjb,C,108,GLU,-3.5,138.4,-1.0,1,3,X,0.0,0.0,0.0,0.0,0.0,0.0,0.0,0.0,20,0.03870076252918159,20,1,19,0,0,0,0,0,0,0,0,1
1cjb,C,109,HIS,-3.2,153.2,0.1,2,1,X,0.0,0.0,0.0,0.0,0.0,0.0,0.0,0.0,28,0.03730193978716297,14,21,-7,0,0,0,0,0,0,0,0,1
1cjb,C,110,TYR,-1.3,193.6,0.0,1,1,X,0.0,0.0,0.0,0.0,0.0,0.0,0.0,0.0,21,0.03730193978716297,26,14,12,0,0,0,0,0,0,0,0,1
1cjb,C,111,VAL,4.2,140.0,0.0,0,0,X,0.0,0.0,0.0,0.0,0.0,0.0,0.0,0.0,32,0.045228601991935104,25,18,7,0,0,0,0,0,0,0,0,1
1cjb,C,112,ARG,-4.5,173.4,1.0,5,0,X,0.0,0.0,0.0,0.0,0.0,0.0,0.0,0.0,23,0.0363693912924839,22,15,7,0,0,0,0,0,0,0,0,1
1cjb,C,113,VAL,4.2,140.0,0.0,0,0,X,0.0,0.0,0.0,0.0,0.0,0.0,0.0,0.0,30,0.045694876239274644,35,18,17,0,0,0,0,0,0,0,0,1
1cjb,C,114,LYS,-3.9,168.6,1.0,2,0,X,0.0,0.0,0.0,0.0,0.0,0.0,0.0,0.0,26,0.03403802005578621,22,17,5,0,0,0,0,0,0,0,0,1
1cjb,C,115,SER,-0.8,89.0,0.0,1,1,X,0.0,0.0,0.0,0.0,0.0,0.0,0.0,0.0,27,0.03963331102386066,30,16,14,0,0,0,0,0,0,0,0,1
1cjb,C,116,TYR,-1.3,193.6,0.0,1,1,X,0.0,0.0,0.0,0.0,0.0,0.0,0.0,0.0,32,0.03403802005578621,22,29,-7,0,0,0,0,0,0,0,0,1
1cjb,C,117,CYS,2.5,108.5,0.0,1,0,X,0.0,0.0,0.0,0.0,0.0,0.0,0.0,0.0,22,0.03963331102386066,18,15,3,0,0,0,0,0,0,0,0,1
1cjb,C,118,ASN,-3.5,114.1,0.0,2,2,X,0.0,0.0,0.0,0.0,0.0,0.0,0.0,0.0,25,0.04289723075523742,25,17,8,0,0,0,0,0,0,0,0,1
1cjb,C,119,ASP,-3.5,111.1,-1.0,1,3,X,0.0,0.0,0.0,0.0,0.0,0.0,0.0,0.0,28,0.03870076252918159,25,8,17,0,0,0,0,0,0,0,0,1
1cjb,C,120,GLN,-3.5,143.8,0.0,2,2,X,0.0,0.0,0.0,0.0,0.0,0.0,0.0,0.0,21,0.032639197313767604,8,12,-4,0,0,0,0,0,0,0,0,1
1cjb,C,121,SER,-0.8,89.0,0.0,1,1,X,0.0,0.0,0.0,0.0,0.0,0.0,0.0,0.0,20,0.03590311704514436,15,15,0,0,0,0,0,0,0,0,0,1
1cjb,C,122,THR,-0.7,116.1,0.0,1,1,X,0.0,0.0,0.0,0.0,0.0,0.0,0.0,0.0,17,0.030307826077069916,16,7,9,0,0,0,0,0,0,0,0,1
1cjb,C,123,GLY,-0.4,60.1,0.0,0,0,X,0.0,0.0,0.0,0.0,0.0,0.0,0.0,0.0,17,0.022847438119637322,18,3,15,0,0,0,0,0,0,0,0,1
1cjb,C,124,THR,-0.7,116.1,0.0,1,1,X,0.0,0.0,0.0,0.0,0.0,0.0,0.0,0.0,16,0.025645083603674543,21,9,12,0,0,0,0,0,0,0,0,1
1cjb,C,125,LEU,3.8,166.7,0.0,0,0,X,0.0,0.0,0.0,0.0,0.0,0.0,0.0,0.0,25,0.0363693912924839,32,10,22,0,0,0,0,0,0,0,0,1
1cjb,C,126,GLU,-3.5,138.4,-1.0,1,3,X,0.0,0.0,0.0,0.0,0.0,0.0,0.0,0.0,17,0.030307826077069916,20,0,20,0,0,0,0,0,0,0,0,1
1cjb,C,127,ILE,4.5,166.7,0.0,0,0,X,0.0,0.0,0.0,0.0,0.0,0.0,0.0,0.0,22,0.0363693912924839,23,15,8,0,0,0,0,0,0,0,0,1
1cjb,C,128,VAL,4.2,140.0,0.0,0,0,X,0.0,0.0,0.0,0.0,0.0,0.0,0.0,0.0,16,0.028909003335051305,18,20,-2,0,0,0,0,0,0,0,0,1
1cjb,C,129,SER,-0.8,89.0,0.0,1,1,X,0.0,0.0,0.0,0.0,0.0,0.0,0.0,0.0,14,0.02797645484037223,7,24,-17,0,0,0,0,0,0,0,0,1
1cjb,C,130,GLU,-3.5,138.4,-1.0,1,3,X,0.0,0.0,0.0,0.0,0.0,0.0,0.0,0.0,20,0.02611135785101408,15,9,6,0,0,0,0,0,0,0,0,1
1cjb,C,131,ASP,-3.5,111.1,-1.0,1,3,X,0.0,0.0,0.0,0.0,0.0,0.0,0.0,0.0,13,0.02331371236697686,8,9,-1,0,0,0,0,0,0,0,0,1
1cjb,C,132,LEU,3.8,166.7,0.0,0,0,X,0.0,0.0,0.0,0.0,0.0,0.0,0.0,0.0,26,0.03683566553982344,32,22,10,0,0,0,0,0,0,0,0,1
1cjb,C,133,SER,-0.8,89.0,0.0,1,1,X,0.0,0.0,0.0,0.0,0.0,0.0,0.0,0.0,16,0.030774100324409453,23,23,0,0,0,0,0,0,0,0,0,1
1cjb,C,134,CYS,2.5,108.5,0.0,1,0,X,0.0,0.0,0.0,0.0,0.0,0.0,0.0,0.0,19,0.030307826077069916,36,20,16,0,0,0,0,0,0,0,0,1
1cjb,C,135,LEU,3.8,166.7,0.0,0,0,X,0.0,0.0,0.0,0.0,0.0,0.0,0.0,0.0,30,0.04476232774459557,52,24,28,0,0,0,0,0,0,0,0,1
1cjb,C,136,LYS,-3.9,168.6,1.0,2,0,X,0.0,0.0,0.0,0.0,0.0,0.0,0.0,0.0,17,0.03730193978716297,25,14,11,0,0,0,0,0,0,0,0,1
1cjb,C,137,GLY,-0.4,60.1,0.0,0,0,X,0.0,0.0,0.0,0.0,0.0,0.0,0.0,0.0,17,0.030774100324409453,44,15,29,0,0,0,0,0,0,0,0,1
1cjb,C,138,LYS,-3.9,168.6,1.0,2,0,X,0.0,0.0,0.0,0.0,0.0,0.0,0.0,0.0,24,0.04429605349725603,43,18,25,0,0,0,0,0,0,0,0,1
1cjb,C,139,HIS,-3.2,153.2,0.1,2,1,X,0.0,0.0,0.0,0.0,0.0,0.0,0.0,0.0,28,0.0526889899493677,32,20,12,0,0,0,0,0,0,0,0,1
1cjb,C,140,VAL,4.2,140.0,0.0,0,0,X,0.0,0.0,0.0,0.0,0.0,0.0,0.0,0.0,38,0.05595290968074446,48,7,41,0,0,0,0,0,0,0,0,1
1cjb,C,141,LEU,3.8,166.7,0.0,0,0,X,0.0,0.0,0.0,0.0,0.0,0.0,0.0,0.0,44,0.05129016720734909,24,15,9,0,0,0,0,0,0,0,0,1
1cjb,C,142,ILE,4.5,166.7,0.0,0,0,X,0.0,0.0,0.0,0.0,0.0,0.0,0.0,0.0,44,0.04662742473395372,12,16,-4,0,0,0,0,0,0,0,0,1
1cjb,C,143,VAL,4.2,140.0,0.0,0,0,X,0.0,0.0,0.0,0.0,0.0,0.0,0.0,0.0,43,0.05595290968074446,13,19,-6,0,0,0,0,0,0,0,0,1
1cjb,C,144,GLU,-3.5,138.4,-1.0,1,3,X,0.0,0.0,0.0,0.0,0.0,0.0,0.0,0.0,36,0.04989134446533048,7,10,-3,0,0,0,0,0,0,0,0,1
1cjb,C,145,ASP,-3.5,111.1,-1.0,1,3,X,0.0,0.0,0.0,0.0,0.0,0.0,0.0,0.0,41,0.048026247475972325,13,18,-5,0,0,0,0,0,0,0,0,1
1cjb,C,146,ILE,4.5,166.7,0.0,0,0,X,0.0,0.0,0.0,0.0,0.0,0.0,0.0,0.0,43,0.043363505002576956,13,27,-14,0,0,0,0,0,0,0,0,1
1cjb,C,147,ILE,4.5,166.7,0.0,0,0,X,0.0,0.0,0.0,0.0,0.0,0.0,0.0,0.0,37,0.04989134446533048,24,26,-2,0,0,0,0,0,0,0,0,1
1cjb,C,148,ASP,-3.5,111.1,-1.0,1,3,X,0.0,0.0,0.0,0.0,0.0,0.0,0.0,0.0,33,0.043363505002576956,26,19,7,0,0,0,0,0,0,0,0,1
1cjb,C,149,THR,-0.7,116.1,0.0,1,1,X,0.0,0.0,0.0,0.0,0.0,0.0,0.0,0.0,28,0.04149840801321881,24,11,13,0,0,0,0,0,0,0,0,1
1cjb,C,150,GLY,-0.4,60.1,0.0,0,0,X,0.0,0.0,0.0,0.0,0.0,0.0,0.0,0.0,30,0.045228601991935104,24,12,12,0,0,0,0,0,0,0,0,1
1cjb,C,151,LYS,-3.9,168.6,1.0,2,0,X,0.0,0.0,0.0,0.0,0.0,0.0,0.0,0.0,26,0.03730193978716297,11,9,2,0,0,0,0,0,0,0,0,1
1cjb,C,152,THR,-0.7,116.1,0.0,1,1,X,0.0,0.0,0.0,0.0,0.0,0.0,0.0,0.0,35,0.04243095650789788,25,23,2,0,0,0,0,0,0,0,0,1
1cjb,C,153,LEU,3.8,166.7,0.0,0,0,X,0.0,0.0,0.0,0.0,0.0,0.0,0.0,0.0,38,0.04289723075523742,18,20,-2,0,0,0,0,0,0,0,0,1
1cjb,C,154,VAL,4.2,140.0,0.0,0,0,X,0.0,0.0,0.0,0.0,0.0,0.0,0.0,0.0,26,0.03776821403450251,22,9,13,0,0,0,0,0,0,0,0,1
1cjb,C,155,LYS,-3.9,168.6,1.0,2,0,X,0.0,0.0,0.0,0.0,0.0,0.0,0.0,0.0,22,0.03776821403450251,11,13,-2,0,0,0,0,0,0,0,0,1
1cjb,C,156,PHE,2.8,189.9,0.0,0,0,X,0.0,0.0,0.0,0.0,0.0,0.0,0.0,0.0,38,0.04196468226055834,26,16,10,0,0,0,0,0,0,0,0,1
1cjb,C,157,CYS,2.5,108.5,0.0,1,0,X,0.0,0.0,0.0,0.0,0.0,0.0,0.0,0.0,30,0.043829779249916496,26,9,17,0,0,0,0,0,0,0,0,1
1cjb,C,158,GLU,-3.5,138.4,-1.0,1,3,X,0.0,0.0,0.0,0.0,0.0,0.0,0.0,0.0,18,0.03357174580844668,26,0,26,0,0,0,0,0,0,0,0,1
1cjb,C,159,TYR,-1.3,193.6,0.0,1,1,X,0.0,0.0,0.0,0.0,0.0,0.0,0.0,0.0,29,0.03870076252918159,24,20,4,0,0,0,0,0,0,0,0,1
1cjb,C,160,LEU,3.8,166.7,0.0,0,0,X,0.0,0.0,0.0,0.0,0.0,0.0,0.0,0.0,31,0.04429605349725603,27,16,11,0,0,0,0,0,0,0,0,1
1cjb,C,161,LYS,-3.9,168.6,1.0,2,0,X,0.0,0.0,0.0,0.0,0.0,0.0,0.0,0.0,16,0.034970568550465285,13,18,-5,0,0,0,0,0,0,0,0,1
1cjb,C,162,LYS,-3.9,168.6,1.0,2,0,X,0.0,0.0,0.0,0.0,0.0,0.0,0.0,0.0,13,0.029375277582390842,12,18,-6,0,0,0,0,0,0,0,0,1
1cjb,C,163,PHE,2.8,189.9,0.0,0,0,X,0.0,0.0,0.0,0.0,0.0,0.0,0.0,0.0,23,0.03870076252918159,29,25,4,0,0,0,0,0,0,0,0,1
1cjb,C,164,GLU,-3.5,138.4,-1.0,1,3,X,0.0,0.0,0.0,0.0,0.0,0.0,0.0,0.0,16,0.03124037457174899,34,0,34,0,0,0,0,0,0,0,0,1
1cjb,C,165,ILE,4.5,166.7,0.0,0,0,X,0.0,0.0,0.0,0.0,0.0,0.0,0.0,0.0,29,0.045228601991935104,53,10,43,0,0,0,0,0,0,0,0,1
1cjb,C,166,LYS,-3.9,168.6,1.0,2,0,X,0.0,0.0,0.0,0.0,0.0,0.0,0.0,0.0,20,0.03357174580844668,27,12,15,0,0,0,0,0,0,0,0,1
1cjb,C,167,THR,-0.7,116.1,0.0,1,1,X,0.0,0.0,0.0,0.0,0.0,0.0,0.0,0.0,27,0.043363505002576956,35,9,26,0,0,0,0,0,0,0,0,1
1cjb,C,168,VAL,4.2,140.0,0.0,0,0,X,0.0,0.0,0.0,0.0,0.0,0.0,0.0,0.0,36,0.048026247475972325,30,8,22,0,0,0,0,0,0,0,0,1
1cjb,C,169,ALA,1.8,88.6,0.0,0,0,X,0.0,0.0,0.0,0.0,0.0,0.0,0.0,0.0,40,0.050823892960009553,19,10,9,0,0,0,0,0,0,0,0,1
1cjb,C,170,ILE,4.5,166.7,0.0,0,0,X,0.0,0.0,0.0,0.0,0.0,0.0,0.0,0.0,40,0.048026247475972325,7,19,-12,0,0,0,0,0,0,0,0,1
1cjb,C,171,ALA,1.8,88.6,0.0,0,0,X,0.0,0.0,0.0,0.0,0.0,0.0,0.0,0.0,40,0.04942507021799094,4,23,-19,0,0,0,0,0,0,0,0,1
1cjb,C,172,CYS,2.5,108.5,0.0,1,0,X,0.0,0.0,0.0,0.0,0.0,0.0,0.0,0.0,38,0.053621538444046775,10,25,-15,0,0,0,0,0,0,0,0,1
1cjb,C,173,LEU,3.8,166.7,0.0,0,0,X,0.0,0.0,0.0,0.0,0.0,0.0,0.0,0.0,43,0.05222271570202816,17,17,0,0,0,0,0,0,0,0,0,1
1cjb,C,174,PHE,2.8,189.9,0.0,0,0,X,0.0,0.0,0.0,0.0,0.0,0.0,0.0,0.0,38,0.050823892960009553,16,21,-5,0,0,0,0,0,0,0,0,1
1cjb,C,175,ILE,4.5,166.7,0.0,0,0,X,0.0,0.0,0.0,0.0,0.0,0.0,0.0,0.0,34,0.04989134446533048,27,16,11,0,0,0,0,0,0,0,0,1
1cjb,C,176,LYS,-3.9,168.6,1.0,2,0,X,0.0,0.0,0.0,0.0,0.0,0.0,0.0,0.0,32,0.05035761871267001,20,20,0,0,0,0,0,0,0,0,0,1
1cjb,C,177,ARG,-4.5,173.4,1.0,5,0,X,0.0,0.0,0.0,0.0,0.0,0.0,0.0,0.0,24,0.040565859518539735,19,20,-1,0,0,0,0,0,0,0,0,1
1cjb,C,178,THR,-0.7,116.1,0.0,1,1,X,0.0,0.0,0.0,0.0,0.0,0.0,0.0,0.0,21,0.034970568550465285,24,16,8,0,0,0,0,0,0,0,0,1
1cjb,C,179,PRO,-1.6,112.7,0.0,0,0,X,0.0,0.0,0.0,0.0,0.0,0.0,0.0,0.0,12,0.020516066882939634,13,15,-2,0,0,0,0,0,0,0,0,1
1cjb,C,180,LEU,3.8,166.7,0.0,0,0,X,0.0,0.0,0.0,0.0,0.0,0.0,0.0,0.0,17,0.027043906345693154,19,14,5,0,0,0,0,0,0,0,0,1
1cjb,C,181,TRP,-0.9,227.8,0.0,1,0,X,0.0,0.0,0.0,0.0,0.0,0.0,0.0,0.0,18,0.03963331102386066,26,7,19,0,0,0,0,0,0,0,0,1
1cjb,C,182,ASN,-3.5,114.1,0.0,2,2,X,0.0,0.0,0.0,0.0,0.0,0.0,0.0,0.0,19,0.02984155182973038,21,6,15,0,0,0,0,0,0,0,0,1
1cjb,C,183,GLY,-0.4,60.1,0.0,0,0,X,0.0,0.0,0.0,0.0,0.0,0.0,0.0,0.0,21,0.026577632098353617,12,4,8,0,0,0,0,0,0,0,0,1
1cjb,C,184,PHE,2.8,189.9,0.0,0,0,X,0.0,0.0,0.0,0.0,0.0,0.0,0.0,0.0,34,0.03963331102386066,18,14,4,0,0,0,0,0,0,0,0,1
1cjb,C,185,LYS,-3.9,168.6,1.0,2,0,X,0.0,0.0,0.0,0.0,0.0,0.0,0.0,0.0,25,0.03963331102386066,0,15,-15,0,0,0,0,0,0,0,0,1
1cjb,C,186,ALA,1.8,88.6,0.0,0,0,X,0.0,0.0,0.0,0.0,0.0,0.0,0.0,0.0,38,0.045228601991935104,9,23,-14,0,0,0,0,0,0,0,0,1
1cjb,C,187,ASP,-3.5,111.1,-1.0,1,3,X,0.0,0.0,0.0,0.0,0.0,0.0,0.0,0.0,36,0.045228601991935104,7,14,-7,0,0,0,0,0,0,0,0,1
1cjb,C,188,PHE,2.8,189.9,0.0,0,0,X,0.0,0.0,0.0,0.0,0.0,0.0,0.0,0.0,43,0.04476232774459557,15,24,-9,0,0,0,0,0,0,0,0,1
1cjb,C,189,VAL,4.2,140.0,0.0,0,0,X,0.0,0.0,0.0,0.0,0.0,0.0,0.0,0.0,36,0.048958795970651406,20,22,-2,0,0,0,0,0,0,0,0,1
1cjb,C,190,GLY,-0.4,60.1,0.0,0,0,X,0.0,0.0,0.0,0.0,0.0,0.0,0.0,0.0,42,0.05035761871267001,19,16,3,0,0,0,0,0,0,0,0,1
1cjb,C,191,PHE,2.8,189.9,0.0,0,0,X,0.0,0.0,0.0,0.0,0.0,0.0,0.0,0.0,37,0.05035761871267001,18,5,13,0,0,0,0,0,0,0,0,1
1cjb,C,192,SER,-0.8,89.0,0.0,1,1,X,0.0,0.0,0.0,0.0,0.0,0.0,0.0,0.0,28,0.048958795970651406,24,15,9,0,0,0,0,0,0,0,0,1
1cjb,C,193,ILE,4.5,166.7,0.0,0,0,X,0.0,0.0,0.0,0.0,0.0,0.0,0.0,0.0,33,0.05035761871267001,30,31,-1,0,0,0,0,0,0,0,0,1
1cjb,C,194,PRO,-1.6,112.7,0.0,0,0,X,0.0,0.0,0.0,0.0,0.0,0.0,0.0,0.0,30,0.04289723075523742,33,32,1,0,0,0,0,0,0,0,0,1
1cjb,C,195,ASP,-3.5,111.1,-1.0,1,3,X,0.0,0.0,0.0,0.0,0.0,0.0,0.0,0.0,22,0.03357174580844668,32,17,15,0,0,0,0,0,0,0,0,1
1cjb,C,196,HIS,-3.2,153.2,0.1,2,1,X,0.0,0.0,0.0,0.0,0.0,0.0,0.0,0.0,28,0.03310547156110714,29,27,2,0,0,0,0,0,0,0,0,1
1cjb,C,197,PHE,2.8,189.9,0.0,0,0,X,0.0,0.0,0.0,0.0,0.0,0.0,0.0,0.0,34,0.040565859518539735,22,30,-8,0,0,0,0,0,0,0,0,1
1cjb,C,198,VAL,4.2,140.0,0.0,0,0,X,0.0,0.0,0.0,0.0,0.0,0.0,0.0,0.0,39,0.045228601991935104,26,28,-2,0,0,0,0,0,0,0,0,1
1cjb,C,199,VAL,4.2,140.0,0.0,0,0,X,0.0,0.0,0.0,0.0,0.0,0.0,0.0,0.0,41,0.0526889899493677,27,23,4,0,0,0,0,0,0,0,0,1
1cjb,C,200,GLY,-0.4,60.1,0.0,0,0,X,0.0,0.0,0.0,0.0,0.0,0.0,0.0,0.0,41,0.05129016720734909,26,31,-5,0,0,0,0,0,0,0,0,1
1cjb,C,201,TYR,-1.3,193.6,0.0,1,1,X,0.0,0.0,0.0,0.0,0.0,0.0,0.0,0.0,36,0.04755997322863279,38,21,17,0,0,0,0,0,0,0,0,1
1cjb,C,202,SER,-0.8,89.0,0.0,1,1,X,0.0,0.0,0.0,0.0,0.0,0.0,0.0,0.0,34,0.04662742473395372,35,38,-3,0,0,0,0,0,0,0,0,1
1cjb,C,203,LEU,3.8,166.7,0.0,0,0,X,0.0,0.0,0.0,0.0,0.0,0.0,0.0,0.0,36,0.04476232774459557,30,32,-2,0,0,0,0,0,0,0,0,1
1cjb,C,204,ASP,-3.5,111.1,-1.0,1,3,X,0.0,0.0,0.0,0.0,0.0,0.0,0.0,0.0,32,0.04755997322863279,27,20,7,0,0,0,0,0,0,0,0,1
1cjb,C,205,TYR,-1.3,193.6,0.0,1,1,X,0.0,0.0,0.0,0.0,0.0,0.0,0.0,0.0,30,0.050823892960009553,33,31,2,0,0,0,0,0,0,0,0,1
1cjb,C,206,ASN,-3.5,114.1,0.0,2,2,X,0.0,0.0,0.0,0.0,0.0,0.0,0.0,0.0,28,0.04103213376587927,33,23,10,0,0,0,0,0,0,0,0,1
1cjb,C,207,GLU,-3.5,138.4,-1.0,1,3,X,0.0,0.0,0.0,0.0,0.0,0.0,0.0,0.0,21,0.029375277582390842,28,10,18,0,0,0,0,0,0,0,0,1
1cjb,C,208,ILE,4.5,166.7,0.0,0,0,X,0.0,0.0,0.0,0.0,0.0,0.0,0.0,0.0,25,0.04103213376587927,25,24,1,0,0,0,0,0,0,0,0,1
1cjb,C,209,PHE,2.8,189.9,0.0,0,0,X,0.0,0.0,0.0,0.0,0.0,0.0,0.0,0.0,34,0.048026247475972325,30,25,5,0,0,0,0,0,0,0,0,1
1cjb,C,210,ARG,-4.5,173.4,1.0,5,0,X,0.0,0.0,0.0,0.0,0.0,0.0,0.0,0.0,25,0.04476232774459557,21,29,-8,0,0,0,0,0,0,0,0,1
1cjb,C,211,ASP,-3.5,111.1,-1.0,1,3,X,0.0,0.0,0.0,0.0,0.0,0.0,0.0,0.0,20,0.03310547156110714,24,14,10,0,0,0,0,0,0,0,0,1
1cjb,C,212,LEU,3.8,166.7,0.0,0,0,X,0.0,0.0,0.0,0.0,0.0,0.0,0.0,0.0,34,0.04476232774459557,26,20,6,0,0,0,0,0,0,0,0,1
1cjb,C,213,ASP,-3.5,111.1,-1.0,1,3,X,0.0,0.0,0.0,0.0,0.0,0.0,0.0,0.0,30,0.040099585271200194,24,11,13,0,0,0,0,0,0,0,0,1
1cjb,C,214,HIS,-3.2,153.2,0.1,2,1,X,0.0,0.0,0.0,0.0,0.0,0.0,0.0,0.0,36,0.05035761871267001,10,17,-7,0,0,0,0,0,0,0,0,1
1cjb,C,215,CYS,2.5,108.5,0.0,1,0,X,0.0,0.0,0.0,0.0,0.0,0.0,0.0,0.0,41,0.05502036118606539,22,8,14,0,0,0,0,0,0,0,0,1
1cjb,C,216,CYS,2.5,108.5,0.0,1,0,X,0.0,0.0,0.0,0.0,0.0,0.0,0.0,0.0,41,0.050823892960009553,28,12,16,0,0,0,0,0,0,0,0,1
1cjb,C,217,LEU,3.8,166.7,0.0,0,0,X,0.0,0.0,0.0,0.0,0.0,0.0,0.0,0.0,33,0.048026247475972325,29,10,19,0,0,0,0,0,0,0,0,1
1cjb,C,218,VAL,4.2,140.0,0.0,0,0,X,0.0,0.0,0.0,0.0,0.0,0.0,0.0,0.0,35,0.053621538444046775,35,23,12,0,0,0,0,0,0,0,0,1
1cjb,C,219,ASN,-3.5,114.1,0.0,2,2,X,0.0,0.0,0.0,0.0,0.0,0.0,0.0,0.0,23,0.034970568550465285,37,17,20,0,0,0,0,0,0,0,0,1
1cjb,C,220,ASP,-3.5,111.1,-1.0,1,3,X,0.0,0.0,0.0,0.0,0.0,0.0,0.0,0.0,18,0.027043906345693154,25,13,12,0,0,0,0,0,0,0,0,1
1cjb,C,221,GLU,-3.5,138.4,-1.0,1,3,X,0.0,0.0,0.0,0.0,0.0,0.0,0.0,0.0,18,0.034970568550465285,40,8,32,0,0,0,0,0,0,0,0,1
1cjb,C,222,GLY,-0.4,60.1,0.0,0,0,X,0.0,0.0,0.0,0.0,0.0,0.0,0.0,0.0,26,0.05129016720734909,44,21,23,0,0,0,0,0,0,0,0,1
1cjb,C,223,LYS,-3.9,168.6,1.0,2,0,X,0.0,0.0,0.0,0.0,0.0,0.0,0.0,0.0,27,0.05035761871267001,25,26,-1,0,0,0,0,0,0,0,0,1
1cjb,C,224,LYS,-3.9,168.6,1.0,2,0,X,0.0,0.0,0.0,0.0,0.0,0.0,0.0,0.0,13,0.032639197313767604,26,17,9,0,0,0,0,0,0,0,0,1
1cjb,C,225,LYS,-3.9,168.6,1.0,2,0,X,0.0,0.0,0.0,0.0,0.0,0.0,0.0,0.0,18,0.032639197313767604,30,12,18,0,0,0,0,0,0,0,0,1
1cjb,C,226,TYR,-1.3,193.6,0.0,1,1,X,0.0,0.0,0.0,0.0,0.0,0.0,0.0,0.0,23,0.040565859518539735,32,19,13,0,0,0,0,0,0,0,0,1
1cjb,C,227,LYS,-3.9,168.6,1.0,2,0,X,0.0,0.0,0.0,0.0,0.0,0.0,0.0,0.0,16,0.03450429430312575,22,11,11,0,0,0,0,0,0,0,0,1
1cjb,C,228,ALA,1.8,88.6,0.0,0,0,X,0.0,0.0,0.0,0.0,0.0,0.0,0.0,0.0,16,0.030774100324409453,21,4,17,0,0,0,0,0,0,0,0,1
1cjb,C,229,THR,-0.7,116.1,0.0,1,1,X,0.0,0.0,0.0,0.0,0.0,0.0,0.0,0.0,10,0.017718421398902413,11,0,11,0,0,0,0,0,0,0,0,1
1cjb,C,230,SER,-0.8,89.0,0.0,1,1,X,0.0,0.0,0.0,0.0,0.0,0.0,0.0,0.0,11,0.014454501667525653,9,0,9,0,0,0,0,0,0,0,0,1
1cjb,C,231,LEU,3.8,166.7,0.0,0,0,X,0.0,0.0,0.0,0.0,0.0,0.0,0.0,0.0,14,0.016319598656883802,6,2,4,0,0,0,0,0,0,0,0,1
1cjb,D,2,PRO,-1.6,112.7,0.0,0,0,X,0.0,0.0,0.0,0.0,0.0,0.0,0.0,0.0,18,0.015853324409544265,7,13,-6,0,0,0,0,0,0,0,0,1
1cjb,D,3,ILE,4.5,166.7,0.0,0,0,X,0.0,0.0,0.0,0.0,0.0,0.0,0.0,0.0,27,0.028909003335051305,23,18,5,0,0,0,0,0,0,0,0,1
1cjb,D,4,PRO,-1.6,112.7,0.0,0,0,X,0.0,0.0,0.0,0.0,0.0,0.0,0.0,0.0,30,0.04289723075523742,12,18,-6,0,0,0,0,0,0,0,0,1
1cjb,D,5,ASN,-3.5,114.1,0.0,2,2,X,0.0,0.0,0.0,0.0,0.0,0.0,0.0,0.0,21,0.03310547156110714,18,11,7,0,0,0,0,0,0,0,0,1
1cjb,D,6,ASN,-3.5,114.1,0.0,2,2,X,0.0,0.0,0.0,0.0,0.0,0.0,0.0,0.0,19,0.029375277582390842,7,15,-8,0,0,0,0,0,0,0,0,1
1cjb,D,7,PRO,-1.6,112.7,0.0,0,0,X,0.0,0.0,0.0,0.0,0.0,0.0,0.0,0.0,28,0.040565859518539735,12,20,-8,0,0,0,0,0,0,0,0,1
1cjb,D,8,GLY,-0.4,60.1,0.0,0,0,X,0.0,0.0,0.0,0.0,0.0,0.0,0.0,0.0,27,0.03870076252918159,9,17,-8,0,0,0,0,0,0,0,0,1
1cjb,D,9,ALA,1.8,88.6,0.0,0,0,X,0.0,0.0,0.0,0.0,0.0,0.0,0.0,0.0,21,0.03403802005578621,9,17,-8,0,0,0,0,0,0,0,0,1
1cjb,D,10,GLY,-0.4,60.1,0.0,0,0,X,0.0,0.0,0.0,0.0,0.0,0.0,0.0,0.0,25,0.040565859518539735,9,19,-10,0,0,0,0,0,0,0,0,1
1cjb,D,11,GLU,-3.5,138.4,-1.0,1,3,X,0.0,0.0,0.0,0.0,0.0,0.0,0.0,0.0,17,0.027510180593032695,9,8,1,0,0,0,0,0,0,0,0,1
1cjb,D,12,ASN,-3.5,114.1,0.0,2,2,X,0.0,0.0,0.0,0.0,0.0,0.0,0.0,0.0,15,0.02331371236697686,0,19,-19,0,0,0,0,0,0,0,0,1
1cjb,D,13,ALA,1.8,88.6,0.0,0,0,X,0.0,0.0,0.0,0.0,0.0,0.0,0.0,0.0,19,0.0363693912924839,10,29,-19,0,0,0,0,0,0,0,0,1
1cjb,D,14,PHE,2.8,189.9,0.0,0,0,X,0.0,0.0,0.0,0.0,0.0,0.0,0.0,0.0,22,0.02984155182973038,17,35,-18,0,0,0,0,0,0,0,0,1
1cjb,D,15,ASP,-3.5,111.1,-1.0,1,3,X,0.0,0.0,0.0,0.0,0.0,0.0,0.0,0.0,22,0.023779986614316396,6,17,-11,0,0,0,0,0,0,0,0,1
1cjb,D,16,PRO,-1.6,112.7,0.0,0,0,X,0.0,0.0,0.0,0.0,0.0,0.0,0.0,0.0,27,0.03730193978716297,13,19,-6,0,0,0,0,0,0,0,0,1
1cjb,D,17,VAL,4.2,140.0,0.0,0,0,X,0.0,0.0,0.0,0.0,0.0,0.0,0.0,0.0,33,0.043363505002576956,16,24,-8,0,0,0,0,0,0,0,0,1
1cjb,D,18,PHE,2.8,189.9,0.0,0,0,X,0.0,0.0,0.0,0.0,0.0,0.0,0.0,0.0,20,0.03590311704514436,9,26,-17,0,0,0,0,0,0,0,0,1
1cjb,D,19,VAL,4.2,140.0,0.0,0,0,X,0.0,0.0,0.0,0.0,0.0,0.0,0.0,0.0,30,0.04429605349725603,15,23,-8,0,0,0,0,0,0,0,0,1
1cjb,D,20,ASN,-3.5,114.1,0.0,2,2,X,0.0,0.0,0.0,0.0,0.0,0.0,0.0,0.0,16,0.03170664881908853,9,33,-24,0,0,0,0,0,0,0,0,1
1cjb,D,21,ASP,-3.5,111.1,-1.0,1,3,X,0.0,0.0,0.0,0.0,0.0,0.0,0.0,0.0,15,0.03170664881908853,22,22,0,0,0,0,0,0,0,0,0,1
1cjb,D,22,ASP,-3.5,111.1,-1.0,1,3,X,0.0,0.0,0.0,0.0,0.0,0.0,0.0,0.0,14,0.022847438119637322,12,17,-5,0,0,0,0,0,0,0,0,1
1cjb,D,23,ASP,-3.5,111.1,-1.0,1,3,X,0.0,0.0,0.0,0.0,0.0,0.0,0.0,0.0,20,0.03357174580844668,11,18,-7,0,0,0,0,0,0,0,0,1
1cjb,D,24,GLY,-0.4,60.1,0.0,0,0,X,0.0,0.0,0.0,0.0,0.0,0.0,0.0,0.0,23,0.03590311704514436,9,32,-23,0,0,0,0,0,0,0,0,1
1cjb,D,25,TYR,-1.3,193.6,0.0,1,1,X,0.0,0.0,0.0,0.0,0.0,0.0,0.0,0.0,29,0.03823448828184205,23,26,-3,0,0,0,0,0,0,0,0,1
1cjb,D,26,ASP,-3.5,111.1,-1.0,1,3,X,0.0,0.0,0.0,0.0,0.0,0.0,0.0,0.0,22,0.032172923066428064,19,17,2,0,0,0,0,0,0,0,0,1
1cjb,D,27,LEU,3.8,166.7,0.0,0,0,X,0.0,0.0,0.0,0.0,0.0,0.0,0.0,0.0,27,0.04243095650789788,34,16,18,0,0,0,0,0,0,0,0,1
1cjb,D,28,ASP,-3.5,111.1,-1.0,1,3,X,0.0,0.0,0.0,0.0,0.0,0.0,0.0,0.0,20,0.03170664881908853,27,19,8,0,0,0,0,0,0,0,0,1
1cjb,D,29,SER,-0.8,89.0,0.0,1,1,X,0.0,0.0,0.0,0.0,0.0,0.0,0.0,0.0,30,0.043363505002576956,31,31,0,0,0,0,0,0,0,0,0,1
1cjb,D,30,PHE,2.8,189.9,0.0,0,0,X,0.0,0.0,0.0,0.0,0.0,0.0,0.0,0.0,38,0.048492521723311866,38,31,7,0,0,0,0,0,0,0,0,1
1cjb,D,31,MET,1.9,162.9,0.0,0,0,X,0.0,0.0,0.0,0.0,0.0,0.0,0.0,0.0,28,0.04149840801321881,40,30,10,0,0,0,0,0,0,0,0,1
1cjb,D,32,ILE,4.5,166.7,0.0,0,0,X,0.0,0.0,0.0,0.0,0.0,0.0,0.0,0.0,28,0.03916703677652112,42,24,18,0,0,0,0,0,0,0,0,1
1cjb,D,33,PRO,-1.6,112.7,0.0,0,0,X,0.0,0.0,0.0,0.0,0.0,0.0,0.0,0.0,18,0.030307826077069916,31,15,16,0,0,0,0,0,0,0,0,1
1cjb,D,34,ALA,1.8,88.6,0.0,0,0,X,0.0,0.0,0.0,0.0,0.0,0.0,0.0,0.0,15,0.023779986614316396,27,1,26,0,0,0,0,0,0,0,0,1
1cjb,D,35,HIS,-3.2,153.2,0.1,2,1,X,0.0,0.0,0.0,0.0,0.0,0.0,0.0,0.0,14,0.02844272908771177,19,4,15,0,0,0,0,0,0,0,0,1
1cjb,D,36,TYR,-1.3,193.6,0.0,1,1,X,0.0,0.0,0.0,0.0,0.0,0.0,0.0,0.0,28,0.04476232774459557,35,11,24,0,0,0,0,0,0,0,0,1
1cjb,D,37,LYS,-3.9,168.6,1.0,2,0,X,0.0,0.0,0.0,0.0,0.0,0.0,0.0,0.0,23,0.03963331102386066,24,11,13,0,0,0,0,0,0,0,0,1
1cjb,D,38,LYS,-3.9,168.6,1.0,2,0,X,0.0,0.0,0.0,0.0,0.0,0.0,0.0,0.0,19,0.03124037457174899,27,10,17,0,0,0,0,0,0,0,0,1
1cjb,D,39,TYR,-1.3,193.6,0.0,1,1,X,0.0,0.0,0.0,0.0,0.0,0.0,0.0,0.0,26,0.04616115048661418,47,14,33,0,0,0,0,0,0,0,0,1
1cjb,D,40,LEU,3.8,166.7,0.0,0,0,X,0.0,0.0,0.0,0.0,0.0,0.0,0.0,0.0,34,0.045228601991935104,35,12,23,0,0,0,0,0,0,0,0,1
1cjb,D,41,THR,-0.7,116.1,0.0,1,1,X,0.0,0.0,0.0,0.0,0.0,0.0,0.0,0.0,29,0.03403802005578621,27,19,8,0,0,0,0,0,0,0,0,1
1cjb,D,42,LYS,-3.9,168.6,1.0,2,0,X,0.0,0.0,0.0,0.0,0.0,0.0,0.0,0.0,32,0.040565859518539735,11,22,-11,0,0,0,0,0,0,0,0,1
1cjb,D,43,VAL,4.2,140.0,0.0,0,0,X,0.0,0.0,0.0,0.0,0.0,0.0,0.0,0.0,33,0.05408781269138631,19,21,-2,0,0,0,0,0,0,0,0,1
1cjb,D,44,LEU,3.8,166.7,0.0,0,0,X,0.0,0.0,0.0,0.0,0.0,0.0,0.0,0.0,35,0.043829779249916496,29,19,10,0,0,0,0,0,0,0,0,1
1cjb,D,45,VAL,4.2,140.0,0.0,0,0,X,0.0,0.0,0.0,0.0,0.0,0.0,0.0,0.0,36,0.04942507021799094,21,10,11,0,0,0,0,0,0,0,0,1
1cjb,D,46,PRO,-1.6,112.7,0.0,0,0,X,0.0,0.0,0.0,0.0,0.0,0.0,0.0,0.0,30,0.05035761871267001,29,9,20,0,0,0,0,0,0,0,0,1
1cjb,D,47,ASN,-3.5,114.1,0.0,2,2,X,0.0,0.0,0.0,0.0,0.0,0.0,0.0,0.0,28,0.045694876239274644,27,12,15,0,0,0,0,0,0,0,0,1
1cjb,D,48,GLY,-0.4,60.1,0.0,0,0,X,0.0,0.0,0.0,0.0,0.0,0.0,0.0,0.0,21,0.048026247475972325,41,10,31,0,0,0,0,0,0,0,0,1
1cjb,D,49,VAL,4.2,140.0,0.0,0,0,X,0.0,0.0,0.0,0.0,0.0,0.0,0.0,0.0,25,0.05035761871267001,33,3,30,0,0,0,0,0,0,0,0,1
1cjb,D,50,ILE,4.5,166.7,0.0,0,0,X,0.0,0.0,0.0,0.0,0.0,0.0,0.0,0.0,37,0.04942507021799094,30,8,22,0,0,0,0,0,0,0,0,1
1cjb,D,51,LYS,-3.9,168.6,1.0,2,0,X,0.0,0.0,0.0,0.0,0.0,0.0,0.0,0.0,26,0.04476232774459557,27,15,12,0,0,0,0,0,0,0,0,1
1cjb,D,52,ASN,-3.5,114.1,0.0,2,2,X,0.0,0.0,0.0,0.0,0.0,0.0,0.0,0.0,28,0.05129016720734909,45,16,29,0,0,0,0,0,0,0,0,1
1cjb,D,53,ARG,-4.5,173.4,1.0,5,0,X,0.0,0.0,0.0,0.0,0.0,0.0,0.0,0.0,39,0.053621538444046775,18,27,-9,0,0,0,0,0,0,0,0,1
1cjb,D,54,ILE,4.5,166.7,0.0,0,0,X,0.0,0.0,0.0,0.0,0.0,0.0,0.0,0.0,41,0.05502036118606539,46,14,32,0,0,0,0,0,0,0,0,1
1cjb,D,55,GLU,-3.5,138.4,-1.0,1,3,X,0.0,0.0,0.0,0.0,0.0,0.0,0.0,0.0,30,0.048026247475972325,60,9,51,0,0,0,0,0,0,0,0,1
1cjb,D,56,LYS,-3.9,168.6,1.0,2,0,X,0.0,0.0,0.0,0.0,0.0,0.0,0.0,0.0,33,0.04989134446533048,34,29,5,0,0,0,0,0,0,0,0,1
1cjb,D,57,LEU,3.8,166.7,0.0,0,0,X,0.0,0.0,0.0,0.0,0.0,0.0,0.0,0.0,41,0.048958795970651406,41,23,18,0,0,0,0,0,0,0,0,1
1cjb,D,58,ALA,1.8,88.6,0.0,0,0,X,0.0,0.0,0.0,0.0,0.0,0.0,0.0,0.0,35,0.05175644145468863,60,17,43,0,0,0,0,0,0,0,0,1
1cjb,D,59,TYR,-1.3,193.6,0.0,1,1,X,0.0,0.0,0.0,0.0,0.0,0.0,0.0,0.0,27,0.04662742473395372,38,21,17,0,0,0,0,0,0,0,0,1
1cjb,D,60,ASP,-3.5,111.1,-1.0,1,3,X,0.0,0.0,0.0,0.0,0.0,0.0,0.0,0.0,30,0.043829779249916496,33,17,16,0,0,0,0,0,0,0,0,1
1cjb,D,61,ILE,4.5,166.7,0.0,0,0,X,0.0,0.0,0.0,0.0,0.0,0.0,0.0,0.0,40,0.04709369898129325,33,18,15,0,0,0,0,0,0,0,0,1
1cjb,D,62,LYS,-3.9,168.6,1.0,2,0,X,0.0,0.0,0.0,0.0,0.0,0.0,0.0,0.0,28,0.04942507021799094,27,15,12,0,0,0,0,0,0,0,0,1
1cjb,D,63,LYS,-3.9,168.6,1.0,2,0,X,0.0,0.0,0.0,0.0,0.0,0.0,0.0,0.0,18,0.03450429430312575,16,9,7,0,0,0,0,0,0,0,0,1
1cjb,D,64,VAL,4.2,140.0,0.0,0,0,X,0.0,0.0,0.0,0.0,0.0,0.0,0.0,0.0,23,0.03683566553982344,18,21,-3,0,0,0,0,0,0,0,0,1
1cjb,D,65,TYR,-1.3,193.6,0.0,1,1,X,0.0,0.0,0.0,0.0,0.0,0.0,0.0,0.0,32,0.04755997322863279,30,21,9,0,0,0,0,0,0,0,0,1
1cjb,D,66,ASN,-3.5,114.1,0.0,2,2,X,0.0,0.0,0.0,0.0,0.0,0.0,0.0,0.0,21,0.03170664881908853,27,15,12,0,0,0,0,0,0,0,0,1
1cjb,D,67,ASN,-3.5,114.1,0.0,2,2,X,0.0,0.0,0.0,0.0,0.0,0.0,0.0,0.0,20,0.03403802005578621,32,16,16,0,0,0,0,0,0,0,0,1
1cjb,D,68,GLU,-3.5,138.4,-1.0,1,3,X,0.0,0.0,0.0,0.0,0.0,0.0,0.0,0.0,21,0.03590311704514436,36,9,27,0,0,0,0,0,0,0,0,1
1cjb,D,69,GLU,-3.5,138.4,-1.0,1,3,X,0.0,0.0,0.0,0.0,0.0,0.0,0.0,0.0,25,0.04289723075523742,46,10,36,0,0,0,0,0,0,0,0,1
1cjb,D,70,PHE,2.8,189.9,0.0,0,0,X,0.0,0.0,0.0,0.0,0.0,0.0,0.0,0.0,33,0.04989134446533048,43,22,21,0,0,0,0,0,0,0,0,1
1cjb,D,71,HIS,-3.2,153.2,0.1,2,1,X,0.0,0.0,0.0,0.0,0.0,0.0,0.0,0.0,28,0.04942507021799094,35,19,16,0,0,0,0,0,0,0,0,1
1cjb,D,72,ILE,4.5,166.7,0.0,0,0,X,0.0,0.0,0.0,0.0,0.0,0.0,0.0,0.0,31,0.05502036118606539,25,12,13,0,0,0,0,0,0,0,0,1
1cjb,D,73,LEU,3.8,166.7,0.0,0,0,X,0.0,0.0,0.0,0.0,0.0,0.0,0.0,0.0,38,0.05408781269138631,22,19,3,0,0,0,0,0,0,0,0,1
1cjb,D,74,CYS,2.5,108.5,0.0,1,0,X,0.0,0.0,0.0,0.0,0.0,0.0,0.0,0.0,35,0.04989134446533048,30,26,4,0,0,0,0,0,0,0,0,1
1cjb,D,75,LEU,3.8,166.7,0.0,0,0,X,0.0,0.0,0.0,0.0,0.0,0.0,0.0,0.0,35,0.05408781269138631,27,18,9,0,0,0,0,0,0,0,0,1
1cjb,D,76,LEU,3.8,166.7,0.0,0,0,X,0.0,0.0,0.0,0.0,0.0,0.0,0.0,0.0,28,0.04149840801321881,41,17,24,0,0,0,0,0,0,0,0,1
1cjb,D,77,LYS,-3.9,168.6,1.0,2,0,X,0.0,0.0,0.0,0.0,0.0,0.0,0.0,0.0,22,0.03916703677652112,41,24,17,0,0,0,0,0,0,0,0,1
1cjb,D,78,GLY,-0.4,60.1,0.0,0,0,X,0.0,0.0,0.0,0.0,0.0,0.0,0.0,0.0,33,0.045228601991935104,37,29,8,0,0,0,0,0,0,0,0,1
1cjb,D,79,SER,-0.8,89.0,0.0,1,1,X,0.0,0.0,0.0,0.0,0.0,0.0,0.0,0.0,35,0.05222271570202816,27,19,8,0,0,0,0,0,0,0,0,1
1cjb,D,80,ARG,-4.5,173.4,1.0,5,0,X,0.0,0.0,0.0,0.0,0.0,0.0,0.0,0.0,25,0.043363505002576956,20,11,9,0,0,0,0,0,0,0,0,1
1cjb,D,81,GLY,-0.4,60.1,0.0,0,0,X,0.0,0.0,0.0,0.0,0.0,0.0,0.0,0.0,31,0.03916703677652112,30,16,14,0,0,0,0,0,0,0,0,1
1cjb,D,82,PHE,2.8,189.9,0.0,0,0,X,0.0,0.0,0.0,0.0,0.0,0.0,0.0,0.0,43,0.050823892960009553,27,18,9,0,0,0,0,0,0,0,0,1
1cjb,D,83,PHE,2.8,189.9,0.0,0,0,X,0.0,0.0,0.0,0.0,0.0,0.0,0.0,0.0,34,0.045694876239274644,24,16,8,0,0,0,0,0,0,0,0,1
1cjb,D,84,THR,-0.7,116.1,0.0,1,1,X,0.0,0.0,0.0,0.0,0.0,0.0,0.0,0.0,24,0.034970568550465285,33,3,30,0,0,0,0,0,0,0,0,1
1cjb,D,85,ALA,1.8,88.6,0.0,0,0,X,0.0,0.0,0.0,0.0,0.0,0.0,0.0,0.0,28,0.043363505002576956,47,8,39,0,0,0,0,0,0,0,0,1
1cjb,D,86,LEU,3.8,166.7,0.0,0,0,X,0.0,0.0,0.0,0.0,0.0,0.0,0.0,0.0,40,0.05035761871267001,32,9,23,0,0,0,0,0,0,0,0,1
1cjb,D,87,LEU,3.8,166.7,0.0,0,0,X,0.0,0.0,0.0,0.0,0.0,0.0,0.0,0.0,31,0.03916703677652112,26,8,18,0,0,0,0,0,0,0,0,1
1cjb,D,88,LYS,-3.9,168.6,1.0,2,0,X,0.0,0.0,0.0,0.0,0.0,0.0,0.0,0.0,20,0.035436842797804825,30,9,21,0,0,0,0,0,0,0,0,1
1cjb,D,89,HIS,-3.2,153.2,0.1,2,1,X,0.0,0.0,0.0,0.0,0.0,0.0,0.0,0.0,29,0.043829779249916496,42,10,32,0,0,0,0,0,0,0,0,1
1cjb,D,90,LEU,3.8,166.7,0.0,0,0,X,0.0,0.0,0.0,0.0,0.0,0.0,0.0,0.0,35,0.04942507021799094,52,11,41,0,0,0,0,0,0,0,0,1
1cjb,D,91,SER,-0.8,89.0,0.0,1,1,X,0.0,0.0,0.0,0.0,0.0,0.0,0.0,0.0,25,0.03823448828184205,46,1,45,0,0,0,0,0,0,0,0,1
1cjb,D,92,ARG,-4.5,173.4,1.0,5,0,X,0.0,0.0,0.0,0.0,0.0,0.0,0.0,0.0,17,0.03403802005578621,25,8,17,0,0,0,0,0,0,0,0,1
1cjb,D,93,ILE,4.5,166.7,0.0,0,0,X,0.0,0.0,0.0,0.0,0.0,0.0,0.0,0.0,27,0.043829779249916496,53,12,41,0,0,0,0,0,0,0,0,1
1cjb,D,94,HIS,-3.2,153.2,0.1,2,1,X,0.0,0.0,0.0,0.0,0.0,0.0,0.0,0.0,26,0.03963331102386066,26,3,23,0,0,0,0,0,0,0,0,1
1cjb,D,95,ASN,-3.5,114.1,0.0,2,2,X,0.0,0.0,0.0,0.0,0.0,0.0,0.0,0.0,20,0.03170664881908853,31,1,30,0,0,0,0,0,0,0,0,1
1cjb,D,96,TYR,-1.3,193.6,0.0,1,1,X,0.0,0.0,0.0,0.0,0.0,0.0,0.0,0.0,11,0.02611135785101408,22,0,22,0,0,0,0,0,0,0,0,1
1cjb,D,97,SER,-0.8,89.0,0.0,1,1,X,0.0,0.0,0.0,0.0,0.0,0.0,0.0,0.0,16,0.026577632098353617,23,2,21,0,0,0,0,0,0,0,0,1
1cjb,D,98,ALA,1.8,88.6,0.0,0,0,X,0.0,0.0,0.0,0.0,0.0,0.0,0.0,0.0,17,0.030774100324409453,21,6,15,0,0,0,0,0,0,0,0,1
1cjb,D,99,VAL,4.2,140.0,0.0,0,0,X,0.0,0.0,0.0,0.0,0.0,0.0,0.0,0.0,10,0.02144861537761871,13,9,4,0,0,0,0,0,0,0,0,1
1cjb,D,100,GLU,-3.5,138.4,-1.0,1,3,X,0.0,0.0,0.0,0.0,0.0,0.0,0.0,0.0,6,0.015853324409544265,5,0,5,0,0,0,0,0,0,0,0,1
1cjb,D,101,THR,-0.7,116.1,0.0,1,1,X,0.0,0.0,0.0,0.0,0.0,0.0,0.0,0.0,8,0.017252147151562876,9,9,0,0,0,0,0,0,0,0,0,1
1cjb,D,102,SER,-0.8,89.0,0.0,1,1,X,0.0,0.0,0.0,0.0,0.0,0.0,0.0,0.0,13,0.027510180593032695,20,9,11,0,0,0,0,0,0,0,0,1
1cjb,D,103,LYS,-3.9,168.6,1.0,2,0,X,0.0,0.0,0.0,0.0,0.0,0.0,0.0,0.0,16,0.025178809356335007,7,18,-11,0,0,0,0,0,0,0,0,1
1cjb,D,104,PRO,-1.6,112.7,0.0,0,0,X,0.0,0.0,0.0,0.0,0.0,0.0,0.0,0.0,19,0.024246260861655933,21,14,7,0,0,0,0,0,0,0,0,1
1cjb,D,105,LEU,3.8,166.7,0.0,0,0,X,0.0,0.0,0.0,0.0,0.0,0.0,0.0,0.0,31,0.040099585271200194,42,19,23,0,0,0,0,0,0,0,0,1
1cjb,D,106,PHE,2.8,189.9,0.0,0,0,X,0.0,0.0,0.0,0.0,0.0,0.0,0.0,0.0,30,0.040099585271200194,37,20,17,0,0,0,0,0,0,0,0,1
1cjb,D,107,GLY,-0.4,60.1,0.0,0,0,X,0.0,0.0,0.0,0.0,0.0,0.0,0.0,0.0,25,0.034970568550465285,30,21,9,0,0,0,0,0,0,0,0,1
1cjb,D,108,GLU,-3.5,138.4,-1.0,1,3,X,0.0,0.0,0.0,0.0,0.0,0.0,0.0,0.0,18,0.03963331102386066,20,4,16,0,0,0,0,0,0,0,0,1
1cjb,D,109,HIS,-3.2,153.2,0.1,2,1,X,0.0,0.0,0.0,0.0,0.0,0.0,0.0,0.0,29,0.03916703677652112,14,22,-8,0,0,0,0,0,0,0,0,1
1cjb,D,110,TYR,-1.3,193.6,0.0,1,1,X,0.0,0.0,0.0,0.0,0.0,0.0,0.0,0.0,22,0.04243095650789788,25,18,7,0,0,0,0,0,0,0,0,1
1cjb,D,111,VAL,4.2,140.0,0.0,0,0,X,0.0,0.0,0.0,0.0,0.0,0.0,0.0,0.0,31,0.048026247475972325,25,19,6,0,0,0,0,0,0,0,0,1
1cjb,D,112,ARG,-4.5,173.4,1.0,5,0,X,0.0,0.0,0.0,0.0,0.0,0.0,0.0,0.0,23,0.03870076252918159,22,15,7,0,0,0,0,0,0,0,0,1
1cjb,D,113,VAL,4.2,140.0,0.0,0,0,X,0.0,0.0,0.0,0.0,0.0,0.0,0.0,0.0,30,0.04709369898129325,35,18,17,0,0,0,0,0,0,0,0,1
1cjb,D,114,LYS,-3.9,168.6,1.0,2,0,X,0.0,0.0,0.0,0.0,0.0,0.0,0.0,0.0,26,0.03450429430312575,22,17,5,0,0,0,0,0,0,0,0,1
1cjb,D,115,SER,-0.8,89.0,0.0,1,1,X,0.0,0.0,0.0,0.0,0.0,0.0,0.0,0.0,26,0.040099585271200194,30,17,13,0,0,0,0,0,0,0,0,1
1cjb,D,116,TYR,-1.3,193.6,0.0,1,1,X,0.0,0.0,0.0,0.0,0.0,0.0,0.0,0.0,32,0.03450429430312575,21,30,-9,0,0,0,0,0,0,0,0,1
1cjb,D,117,CYS,2.5,108.5,0.0,1,0,X,0.0,0.0,0.0,0.0,0.0,0.0,0.0,0.0,21,0.035436842797804825,18,18,0,0,0,0,0,0,0,0,0,1
1cjb,D,118,ASN,-3.5,114.1,0.0,2,2,X,0.0,0.0,0.0,0.0,0.0,0.0,0.0,0.0,23,0.04243095650789788,25,18,7,0,0,0,0,0,0,0,0,1
1cjb,D,119,ASP,-3.5,111.1,-1.0,1,3,X,0.0,0.0,0.0,0.0,0.0,0.0,0.0,0.0,28,0.03870076252918159,25,8,17,0,0,0,0,0,0,0,0,1
1cjb,D,120,GLN,-3.5,143.8,0.0,2,2,X,0.0,0.0,0.0,0.0,0.0,0.0,0.0,0.0,20,0.032172923066428064,8,12,-4,0,0,0,0,0,0,0,0,1
1cjb,D,121,SER,-0.8,89.0,0.0,1,1,X,0.0,0.0,0.0,0.0,0.0,0.0,0.0,0.0,20,0.0363693912924839,16,16,0,0,0,0,0,0,0,0,0,1
1cjb,D,122,THR,-0.7,116.1,0.0,1,1,X,0.0,0.0,0.0,0.0,0.0,0.0,0.0,0.0,16,0.029375277582390842,18,10,8,0,0,0,0,0,0,0,0,1
1cjb,D,123,GLY,-0.4,60.1,0.0,0,0,X,0.0,0.0,0.0,0.0,0.0,0.0,0.0,0.0,16,0.02611135785101408,19,6,13,0,0,0,0,0,0,0,0,1
1cjb,D,124,THR,-0.7,116.1,0.0,1,1,X,0.0,0.0,0.0,0.0,0.0,0.0,0.0,0.0,15,0.02797645484037223,22,9,13,0,0,0,0,0,0,0,0,1
1cjb,D,125,LEU,3.8,166.7,0.0,0,0,X,0.0,0.0,0.0,0.0,0.0,0.0,0.0,0.0,27,0.03683566553982344,30,11,19,0,0,0,0,0,0,0,0,1
1cjb,D,126,GLU,-3.5,138.4,-1.0,1,3,X,0.0,0.0,0.0,0.0,0.0,0.0,0.0,0.0,17,0.02844272908771177,22,0,22,0,0,0,0,0,0,0,0,1
1cjb,D,127,ILE,4.5,166.7,0.0,0,0,X,0.0,0.0,0.0,0.0,0.0,0.0,0.0,0.0,22,0.03590311704514436,22,13,9,0,0,0,0,0,0,0,0,1
1cjb,D,128,VAL,4.2,140.0,0.0,0,0,X,0.0,0.0,0.0,0.0,0.0,0.0,0.0,0.0,18,0.026577632098353617,19,18,1,0,0,0,0,0,0,0,0,1
1cjb,D,129,SER,-0.8,89.0,0.0,1,1,X,0.0,0.0,0.0,0.0,0.0,0.0,0.0,0.0,22,0.03170664881908853,13,19,-6,0,0,0,0,0,0,0,0,1
1cjb,D,130,GLU,-3.5,138.4,-1.0,1,3,X,0.0,0.0,0.0,0.0,0.0,0.0,0.0,0.0,20,0.022847438119637322,14,10,4,0,0,0,0,0,0,0,0,1
1cjb,D,131,ASP,-3.5,111.1,-1.0,1,3,X,0.0,0.0,0.0,0.0,0.0,0.0,0.0,0.0,14,0.023779986614316396,9,9,0,0,0,0,0,0,0,0,0,1
1cjb,D,132,LEU,3.8,166.7,0.0,0,0,X,0.0,0.0,0.0,0.0,0.0,0.0,0.0,0.0,26,0.03870076252918159,33,22,11,0,0,0,0,0,0,0,0,1
1cjb,D,133,SER,-0.8,89.0,0.0,1,1,X,0.0,0.0,0.0,0.0,0.0,0.0,0.0,0.0,17,0.030774100324409453,25,22,3,0,0,0,0,0,0,0,0,1
1cjb,D,134,CYS,2.5,108.5,0.0,1,0,X,0.0,0.0,0.0,0.0,0.0,0.0,0.0,0.0,20,0.03124037457174899,34,24,10,0,0,0,0,0,0,0,0,1
1cjb,D,135,LEU,3.8,166.7,0.0,0,0,X,0.0,0.0,0.0,0.0,0.0,0.0,0.0,0.0,31,0.04476232774459557,52,26,26,0,0,0,0,0,0,0,0,1
1cjb,D,136,LYS,-3.9,168.6,1.0,2,0,X,0.0,0.0,0.0,0.0,0.0,0.0,0.0,0.0,18,0.0363693912924839,27,14,13,0,0,0,0,0,0,0,0,1
1cjb,D,137,GLY,-0.4,60.1,0.0,0,0,X,0.0,0.0,0.0,0.0,0.0,0.0,0.0,0.0,17,0.02984155182973038,44,15,29,0,0,0,0,0,0,0,0,1
1cjb,D,138,LYS,-3.9,168.6,1.0,2,0,X,0.0,0.0,0.0,0.0,0.0,0.0,0.0,0.0,23,0.043363505002576956,43,17,26,0,0,0,0,0,0,0,0,1
1cjb,D,139,HIS,-3.2,153.2,0.1,2,1,X,0.0,0.0,0.0,0.0,0.0,0.0,0.0,0.0,28,0.05408781269138631,32,20,12,0,0,0,0,0,0,0,0,1
1cjb,D,140,VAL,4.2,140.0,0.0,0,0,X,0.0,0.0,0.0,0.0,0.0,0.0,0.0,0.0,39,0.05548663543340492,48,7,41,0,0,0,0,0,0,0,0,1
1cjb,D,141,LEU,3.8,166.7,0.0,0,0,X,0.0,0.0,0.0,0.0,0.0,0.0,0.0,0.0,45,0.050823892960009553,24,17,7,0,0,0,0,0,0,0,0,1
1cjb,D,142,ILE,4.5,166.7,0.0,0,0,X,0.0,0.0,0.0,0.0,0.0,0.0,0.0,0.0,44,0.04616115048661418,13,16,-3,0,0,0,0,0,0,0,0,1
1cjb,D,143,VAL,4.2,140.0,0.0,0,0,X,0.0,0.0,0.0,0.0,0.0,0.0,0.0,0.0,42,0.05502036118606539,12,19,-7,0,0,0,0,0,0,0,0,1
1cjb,D,144,GLU,-3.5,138.4,-1.0,1,3,X,0.0,0.0,0.0,0.0,0.0,0.0,0.0,0.0,38,0.04989134446533048,7,9,-2,0,0,0,0,0,0,0,0,1
1cjb,D,145,ASP,-3.5,111.1,-1.0,1,3,X,0.0,0.0,0.0,0.0,0.0,0.0,0.0,0.0,40,0.04989134446533048,13,18,-5,0,0,0,0,0,0,0,0,1
1cjb,D,146,ILE,4.5,166.7,0.0,0,0,X,0.0,0.0,0.0,0.0,0.0,0.0,0.0,0.0,43,0.043363505002576956,13,27,-14,0,0,0,0,0,0,0,0,1
1cjb,D,147,ILE,4.5,166.7,0.0,0,0,X,0.0,0.0,0.0,0.0,0.0,0.0,0.0,0.0,37,0.04942507021799094,23,26,-3,0,0,0,0,0,0,0,0,1
1cjb,D,148,ASP,-3.5,111.1,-1.0,1,3,X,0.0,0.0,0.0,0.0,0.0,0.0,0.0,0.0,33,0.043829779249916496,26,18,8,0,0,0,0,0,0,0,0,1
1cjb,D,149,THR,-0.7,116.1,0.0,1,1,X,0.0,0.0,0.0,0.0,0.0,0.0,0.0,0.0,27,0.04149840801321881,25,10,15,0,0,0,0,0,0,0,0,1
1cjb,D,150,GLY,-0.4,60.1,0.0,0,0,X,0.0,0.0,0.0,0.0,0.0,0.0,0.0,0.0,31,0.045694876239274644,25,12,13,0,0,0,0,0,0,0,0,1
1cjb,D,151,LYS,-3.9,168.6,1.0,2,0,X,0.0,0.0,0.0,0.0,0.0,0.0,0.0,0.0,25,0.03730193978716297,11,7,4,0,0,0,0,0,0,0,0,1
1cjb,D,152,THR,-0.7,116.1,0.0,1,1,X,0.0,0.0,0.0,0.0,0.0,0.0,0.0,0.0,34,0.04429605349725603,25,23,2,0,0,0,0,0,0,0,0,1
1cjb,D,153,LEU,3.8,166.7,0.0,0,0,X,0.0,0.0,0.0,0.0,0.0,0.0,0.0,0.0,38,0.043829779249916496,19,21,-2,0,0,0,0,0,0,0,0,1
1cjb,D,154,VAL,4.2,140.0,0.0,0,0,X,0.0,0.0,0.0,0.0,0.0,0.0,0.0,0.0,24,0.03776821403450251,22,9,13,0,0,0,0,0,0,0,0,1
1cjb,D,155,LYS,-3.9,168.6,1.0,2,0,X,0.0,0.0,0.0,0.0,0.0,0.0,0.0,0.0,22,0.03683566553982344,11,13,-2,0,0,0,0,0,0,0,0,1
1cjb,D,156,PHE,2.8,189.9,0.0,0,0,X,0.0,0.0,0.0,0.0,0.0,0.0,0.0,0.0,38,0.043363505002576956,25,18,7,0,0,0,0,0,0,0,0,1
1cjb,D,157,CYS,2.5,108.5,0.0,1,0,X,0.0,0.0,0.0,0.0,0.0,0.0,0.0,0.0,30,0.043829779249916496,24,9,15,0,0,0,0,0,0,0,0,1
1cjb,D,158,GLU,-3.5,138.4,-1.0,1,3,X,0.0,0.0,0.0,0.0,0.0,0.0,0.0,0.0,17,0.032172923066428064,26,0,26,0,0,0,0,0,0,0,0,1
1cjb,D,159,TYR,-1.3,193.6,0.0,1,1,X,0.0,0.0,0.0,0.0,0.0,0.0,0.0,0.0,29,0.03776821403450251,23,16,7,0,0,0,0,0,0,0,0,1
1cjb,D,160,LEU,3.8,166.7,0.0,0,0,X,0.0,0.0,0.0,0.0,0.0,0.0,0.0,0.0,31,0.04476232774459557,27,15,12,0,0,0,0,0,0,0,0,1
1cjb,D,161,LYS,-3.9,168.6,1.0,2,0,X,0.0,0.0,0.0,0.0,0.0,0.0,0.0,0.0,16,0.03450429430312575,14,17,-3,0,0,0,0,0,0,0,0,1
1cjb,D,162,LYS,-3.9,168.6,1.0,2,0,X,0.0,0.0,0.0,0.0,0.0,0.0,0.0,0.0,14,0.02844272908771177,13,19,-6,0,0,0,0,0,0,0,0,1
1cjb,D,163,PHE,2.8,189.9,0.0,0,0,X,0.0,0.0,0.0,0.0,0.0,0.0,0.0,0.0,24,0.03963331102386066,28,22,6,0,0,0,0,0,0,0,0,1
1cjb,D,164,GLU,-3.5,138.4,-1.0,1,3,X,0.0,0.0,0.0,0.0,0.0,0.0,0.0,0.0,15,0.03170664881908853,34,0,34,0,0,0,0,0,0,0,0,1
1cjb,D,165,ILE,4.5,166.7,0.0,0,0,X,0.0,0.0,0.0,0.0,0.0,0.0,0.0,0.0,29,0.04429605349725603,54,10,44,0,0,0,0,0,0,0,0,1
1cjb,D,166,LYS,-3.9,168.6,1.0,2,0,X,0.0,0.0,0.0,0.0,0.0,0.0,0.0,0.0,20,0.03357174580844668,26,11,15,0,0,0,0,0,0,0,0,1
1cjb,D,167,THR,-0.7,116.1,0.0,1,1,X,0.0,0.0,0.0,0.0,0.0,0.0,0.0,0.0,27,0.043363505002576956,37,9,28,0,0,0,0,0,0,0,0,1
1cjb,D,168,VAL,4.2,140.0,0.0,0,0,X,0.0,0.0,0.0,0.0,0.0,0.0,0.0,0.0,36,0.04755997322863279,29,8,21,0,0,0,0,0,0,0,0,1
1cjb,D,169,ALA,1.8,88.6,0.0,0,0,X,0.0,0.0,0.0,0.0,0.0,0.0,0.0,0.0,40,0.05175644145468863,19,10,9,0,0,0,0,0,0,0,0,1
1cjb,D,170,ILE,4.5,166.7,0.0,0,0,X,0.0,0.0,0.0,0.0,0.0,0.0,0.0,0.0,40,0.048492521723311866,7,19,-12,0,0,0,0,0,0,0,0,1
1cjb,D,171,ALA,1.8,88.6,0.0,0,0,X,0.0,0.0,0.0,0.0,0.0,0.0,0.0,0.0,41,0.04989134446533048,4,23,-19,0,0,0,0,0,0,0,0,1
1cjb,D,172,CYS,2.5,108.5,0.0,1,0,X,0.0,0.0,0.0,0.0,0.0,0.0,0.0,0.0,40,0.05408781269138631,10,25,-15,0,0,0,0,0,0,0,0,1
1cjb,D,173,LEU,3.8,166.7,0.0,0,0,X,0.0,0.0,0.0,0.0,0.0,0.0,0.0,0.0,43,0.05035761871267001,17,17,0,0,0,0,0,0,0,0,0,1
1cjb,D,174,PHE,2.8,189.9,0.0,0,0,X,0.0,0.0,0.0,0.0,0.0,0.0,0.0,0.0,38,0.050823892960009553,15,21,-6,0,0,0,0,0,0,0,0,1
1cjb,D,175,ILE,4.5,166.7,0.0,0,0,X,0.0,0.0,0.0,0.0,0.0,0.0,0.0,0.0,35,0.04989134446533048,29,16,13,0,0,0,0,0,0,0,0,1
1cjb,D,176,LYS,-3.9,168.6,1.0,2,0,X,0.0,0.0,0.0,0.0,0.0,0.0,0.0,0.0,32,0.04989134446533048,20,20,0,0,0,0,0,0,0,0,0,1
1cjb,D,177,ARG,-4.5,173.4,1.0,5,0,X,0.0,0.0,0.0,0.0,0.0,0.0,0.0,0.0,24,0.04103213376587927,18,21,-3,0,0,0,0,0,0,0,0,1
1cjb,D,178,THR,-0.7,116.1,0.0,1,1,X,0.0,0.0,0.0,0.0,0.0,0.0,0.0,0.0,20,0.034970568550465285,24,16,8,0,0,0,0,0,0,0,0,1
1cjb,D,179,PRO,-1.6,112.7,0.0,0,0,X,0.0,0.0,0.0,0.0,0.0,0.0,0.0,0.0,11,0.020516066882939634,13,15,-2,0,0,0,0,0,0,0,0,1
1cjb,D,180,LEU,3.8,166.7,0.0,0,0,X,0.0,0.0,0.0,0.0,0.0,0.0,0.0,0.0,17,0.026577632098353617,19,14,5,0,0,0,0,0,0,0,0,1
1cjb,D,181,TRP,-0.9,227.8,0.0,1,0,X,0.0,0.0,0.0,0.0,0.0,0.0,0.0,0.0,18,0.03916703677652112,25,7,18,0,0,0,0,0,0,0,0,1
1cjb,D,182,ASN,-3.5,114.1,0.0,2,2,X,0.0,0.0,0.0,0.0,0.0,0.0,0.0,0.0,19,0.029375277582390842,22,6,16,0,0,0,0,0,0,0,0,1
1cjb,D,183,GLY,-0.4,60.1,0.0,0,0,X,0.0,0.0,0.0,0.0,0.0,0.0,0.0,0.0,21,0.027043906345693154,12,4,8,0,0,0,0,0,0,0,0,1
1cjb,D,184,PHE,2.8,189.9,0.0,0,0,X,0.0,0.0,0.0,0.0,0.0,0.0,0.0,0.0,34,0.04103213376587927,17,14,3,0,0,0,0,0,0,0,0,1
1cjb,D,185,LYS,-3.9,168.6,1.0,2,0,X,0.0,0.0,0.0,0.0,0.0,0.0,0.0,0.0,25,0.03916703677652112,0,15,-15,0,0,0,0,0,0,0,0,1
1cjb,D,186,ALA,1.8,88.6,0.0,0,0,X,0.0,0.0,0.0,0.0,0.0,0.0,0.0,0.0,38,0.04616115048661418,9,22,-13,0,0,0,0,0,0,0,0,1
1cjb,D,187,ASP,-3.5,111.1,-1.0,1,3,X,0.0,0.0,0.0,0.0,0.0,0.0,0.0,0.0,35,0.04476232774459557,7,14,-7,0,0,0,0,0,0,0,0,1
1cjb,D,188,PHE,2.8,189.9,0.0,0,0,X,0.0,0.0,0.0,0.0,0.0,0.0,0.0,0.0,43,0.04662742473395372,17,24,-7,0,0,0,0,0,0,0,0,1
1cjb,D,189,VAL,4.2,140.0,0.0,0,0,X,0.0,0.0,0.0,0.0,0.0,0.0,0.0,0.0,37,0.048958795970651406,20,24,-4,0,0,0,0,0,0,0,0,1
1cjb,D,190,GLY,-0.4,60.1,0.0,0,0,X,0.0,0.0,0.0,0.0,0.0,0.0,0.0,0.0,41,0.05129016720734909,19,16,3,0,0,0,0,0,0,0,0,1
1cjb,D,191,PHE,2.8,189.9,0.0,0,0,X,0.0,0.0,0.0,0.0,0.0,0.0,0.0,0.0,38,0.05035761871267001,18,6,12,0,0,0,0,0,0,0,0,1
1cjb,D,192,SER,-0.8,89.0,0.0,1,1,X,0.0,0.0,0.0,0.0,0.0,0.0,0.0,0.0,27,0.048958795970651406,24,15,9,0,0,0,0,0,0,0,0,1
1cjb,D,193,ILE,4.5,166.7,0.0,0,0,X,0.0,0.0,0.0,0.0,0.0,0.0,0.0,0.0,33,0.050823892960009553,30,31,-1,0,0,0,0,0,0,0,0,1
1cjb,D,194,PRO,-1.6,112.7,0.0,0,0,X,0.0,0.0,0.0,0.0,0.0,0.0,0.0,0.0,30,0.04289723075523742,33,33,0,0,0,0,0,0,0,0,0,1
1cjb,D,195,ASP,-3.5,111.1,-1.0,1,3,X,0.0,0.0,0.0,0.0,0.0,0.0,0.0,0.0,22,0.035436842797804825,31,17,14,0,0,0,0,0,0,0,0,1
1cjb,D,196,HIS,-3.2,153.2,0.1,2,1,X,0.0,0.0,0.0,0.0,0.0,0.0,0.0,0.0,28,0.03450429430312575,27,27,0,0,0,0,0,0,0,0,0,1
1cjb,D,197,PHE,2.8,189.9,0.0,0,0,X,0.0,0.0,0.0,0.0,0.0,0.0,0.0,0.0,34,0.040099585271200194,23,29,-6,0,0,0,0,0,0,0,0,1
1cjb,D,198,VAL,4.2,140.0,0.0,0,0,X,0.0,0.0,0.0,0.0,0.0,0.0,0.0,0.0,38,0.04429605349725603,26,27,-1,0,0,0,0,0,0,0,0,1
1cjb,D,199,VAL,4.2,140.0,0.0,0,0,X,0.0,0.0,0.0,0.0,0.0,0.0,0.0,0.0,40,0.05222271570202816,26,22,4,0,0,0,0,0,0,0,0,1
1cjb,D,200,GLY,-0.4,60.1,0.0,0,0,X,0.0,0.0,0.0,0.0,0.0,0.0,0.0,0.0,40,0.05175644145468863,28,32,-4,0,0,0,0,0,0,0,0,1
1cjb,D,201,TYR,-1.3,193.6,0.0,1,1,X,0.0,0.0,0.0,0.0,0.0,0.0,0.0,0.0,37,0.048958795970651406,38,22,16,0,0,0,0,0,0,0,0,1
1cjb,D,202,SER,-0.8,89.0,0.0,1,1,X,0.0,0.0,0.0,0.0,0.0,0.0,0.0,0.0,34,0.045228601991935104,35,37,-2,0,0,0,0,0,0,0,0,1
1cjb,D,203,LEU,3.8,166.7,0.0,0,0,X,0.0,0.0,0.0,0.0,0.0,0.0,0.0,0.0,37,0.04429605349725603,32,32,0,0,0,0,0,0,0,0,0,1
1cjb,D,204,ASP,-3.5,111.1,-1.0,1,3,X,0.0,0.0,0.0,0.0,0.0,0.0,0.0,0.0,32,0.048026247475972325,27,20,7,0,0,0,0,0,0,0,0,1
1cjb,D,205,TYR,-1.3,193.6,0.0,1,1,X,0.0,0.0,0.0,0.0,0.0,0.0,0.0,0.0,30,0.0526889899493677,33,31,2,0,0,0,0,0,0,0,0,1
1cjb,D,206,ASN,-3.5,114.1,0.0,2,2,X,0.0,0.0,0.0,0.0,0.0,0.0,0.0,0.0,25,0.040565859518539735,33,23,10,0,0,0,0,0,0,0,0,1
1cjb,D,207,GLU,-3.5,138.4,-1.0,1,3,X,0.0,0.0,0.0,0.0,0.0,0.0,0.0,0.0,20,0.02984155182973038,28,10,18,0,0,0,0,0,0,0,0,1
1cjb,D,208,ILE,4.5,166.7,0.0,0,0,X,0.0,0.0,0.0,0.0,0.0,0.0,0.0,0.0,26,0.04149840801321881,28,24,4,0,0,0,0,0,0,0,0,1
1cjb,D,209,PHE,2.8,189.9,0.0,0,0,X,0.0,0.0,0.0,0.0,0.0,0.0,0.0,0.0,34,0.048492521723311866,31,25,6,0,0,0,0,0,0,0,0,1
1cjb,D,210,ARG,-4.5,173.4,1.0,5,0,X,0.0,0.0,0.0,0.0,0.0,0.0,0.0,0.0,25,0.045228601991935104,21,29,-8,0,0,0,0,0,0,0,0,1
1cjb,D,211,ASP,-3.5,111.1,-1.0,1,3,X,0.0,0.0,0.0,0.0,0.0,0.0,0.0,0.0,20,0.03357174580844668,23,14,9,0,0,0,0,0,0,0,0,1
1cjb,D,212,LEU,3.8,166.7,0.0,0,0,X,0.0,0.0,0.0,0.0,0.0,0.0,0.0,0.0,35,0.043829779249916496,27,20,7,0,0,0,0,0,0,0,0,1
1cjb,D,213,ASP,-3.5,111.1,-1.0,1,3,X,0.0,0.0,0.0,0.0,0.0,0.0,0.0,0.0,29,0.040099585271200194,24,11,13,0,0,0,0,0,0,0,0,1
1cjb,D,214,HIS,-3.2,153.2,0.1,2,1,X,0.0,0.0,0.0,0.0,0.0,0.0,0.0,0.0,36,0.04942507021799094,11,16,-5,0,0,0,0,0,0,0,0,1
1cjb,D,215,CYS,2.5,108.5,0.0,1,0,X,0.0,0.0,0.0,0.0,0.0,0.0,0.0,0.0,41,0.05408781269138631,22,8,14,0,0,0,0,0,0,0,0,1
1cjb,D,216,CYS,2.5,108.5,0.0,1,0,X,0.0,0.0,0.0,0.0,0.0,0.0,0.0,0.0,42,0.050823892960009553,28,10,18,0,0,0,0,0,0,0,0,1
1cjb,D,217,LEU,3.8,166.7,0.0,0,0,X,0.0,0.0,0.0,0.0,0.0,0.0,0.0,0.0,32,0.048492521723311866,29,10,19,0,0,0,0,0,0,0,0,1
1cjb,D,218,VAL,4.2,140.0,0.0,0,0,X,0.0,0.0,0.0,0.0,0.0,0.0,0.0,0.0,36,0.0526889899493677,37,23,14,0,0,0,0,0,0,0,0,1
1cjb,D,219,ASN,-3.5,114.1,0.0,2,2,X,0.0,0.0,0.0,0.0,0.0,0.0,0.0,0.0,22,0.035436842797804825,37,17,20,0,0,0,0,0,0,0,0,1
1cjb,D,220,ASP,-3.5,111.1,-1.0,1,3,X,0.0,0.0,0.0,0.0,0.0,0.0,0.0,0.0,18,0.027043906345693154,25,13,12,0,0,0,0,0,0,0,0,1
1cjb,D,221,GLU,-3.5,138.4,-1.0,1,3,X,0.0,0.0,0.0,0.0,0.0,0.0,0.0,0.0,18,0.034970568550465285,41,8,33,0,0,0,0,0,0,0,0,1
1cjb,D,222,GLY,-0.4,60.1,0.0,0,0,X,0.0,0.0,0.0,0.0,0.0,0.0,0.0,0.0,26,0.05129016720734909,46,20,26,0,0,0,0,0,0,0,0,1
1cjb,D,223,LYS,-3.9,168.6,1.0,2,0,X,0.0,0.0,0.0,0.0,0.0,0.0,0.0,0.0,28,0.05035761871267001,25,26,-1,0,0,0,0,0,0,0,0,1
1cjb,D,224,LYS,-3.9,168.6,1.0,2,0,X,0.0,0.0,0.0,0.0,0.0,0.0,0.0,0.0,13,0.03403802005578621,26,17,9,0,0,0,0,0,0,0,0,1
1cjb,D,225,LYS,-3.9,168.6,1.0,2,0,X,0.0,0.0,0.0,0.0,0.0,0.0,0.0,0.0,18,0.03310547156110714,30,12,18,0,0,0,0,0,0,0,0,1
1cjb,D,226,TYR,-1.3,193.6,0.0,1,1,X,0.0,0.0,0.0,0.0,0.0,0.0,0.0,0.0,23,0.04103213376587927,37,20,17,0,0,0,0,0,0,0,0,1
1cjb,D,227,LYS,-3.9,168.6,1.0,2,0,X,0.0,0.0,0.0,0.0,0.0,0.0,0.0,0.0,15,0.032639197313767604,24,10,14,0,0,0,0,0,0,0,0,1
1cjb,D,228,ALA,1.8,88.6,0.0,0,0,X,0.0,0.0,0.0,0.0,0.0,0.0,0.0,0.0,14,0.022847438119637322,21,3,18,0,0,0,0,0,0,0,0,1
