pdb_id,chain_id,residue_id,residue_name,hydrophobicity,volume,charge,hbond_donor,hbond_acceptor,ss_type,rel_asa,phi,psi,hse_up,hse_down,hse_ratio,residue_depth,ca_depth,neighbor_count,atom_density,pos_charged_neighbors,neg_charged_neighbors,net_charge_environment,ss_H,ss_B,ss_E,ss_G,ss_I,ss_T,ss_S,ss_ ,ss_X,is_binding_site
1com,A,2,MET,1.9,162.9,0.0,0,0,X,0.0,0.0,0.0,0.0,0.0,0.0,0.0,0.0,18,0.032639197313767604,11,21,-10,0,0,0,0,0,0,0,0,1,0
1com,A,3,ILE,4.5,166.7,0.0,0,0,X,0.0,0.0,0.0,0.0,0.0,0.0,0.0,0.0,18,0.04289723075523742,14,16,-2,0,0,0,0,0,0,0,0,1,0
1com,A,4,ARG,-4.5,173.4,1.0,5,0,X,0.0,0.0,0.0,0.0,0.0,0.0,0.0,0.0,31,0.04755997322863279,6,24,-18,0,0,0,0,0,0,0,0,1,0
1com,A,5,GLY,-0.4,60.1,0.0,0,0,X,0.0,0.0,0.0,0.0,0.0,0.0,0.0,0.0,36,0.04755997322863279,34,2,32,0,0,0,0,0,0,0,0,1,0
1com,A,6,ILE,4.5,166.7,0.0,0,0,X,0.0,0.0,0.0,0.0,0.0,0.0,0.0,0.0,42,0.048492521723311866,38,6,32,0,0,0,0,0,0,0,0,1,0
1com,A,7,ARG,-4.5,173.4,1.0,5,0,X,0.0,0.0,0.0,0.0,0.0,0.0,0.0,0.0,40,0.048958795970651406,29,1,28,0,0,0,0,0,0,0,0,1,1
1com,A,8,GLY,-0.4,60.1,0.0,0,0,X,0.0,0.0,0.0,0.0,0.0,0.0,0.0,0.0,36,0.048026247475972325,39,1,38,0,0,0,0,0,0,0,0,1,0
1com,A,9,ALA,1.8,88.6,0.0,0,0,X,0.0,0.0,0.0,0.0,0.0,0.0,0.0,0.0,34,0.04989134446533048,42,8,34,0,0,0,0,0,0,0,0,1,0
1com,A,10,THR,-0.7,116.1,0.0,1,1,X,0.0,0.0,0.0,0.0,0.0,0.0,0.0,0.0,40,0.05175644145468863,43,16,27,0,0,0,0,0,0,0,0,1,0
1com,A,11,THR,-0.7,116.1,0.0,1,1,X,0.0,0.0,0.0,0.0,0.0,0.0,0.0,0.0,29,0.048492521723311866,45,29,16,0,0,0,0,0,0,0,0,1,0
1com,A,12,VAL,4.2,140.0,0.0,0,0,X,0.0,0.0,0.0,0.0,0.0,0.0,0.0,0.0,31,0.04989134446533048,43,46,-3,0,0,0,0,0,0,0,0,1,0
1com,A,13,GLU,-3.5,138.4,-1.0,1,3,X,0.0,0.0,0.0,0.0,0.0,0.0,0.0,0.0,16,0.030774100324409453,36,21,15,0,0,0,0,0,0,0,0,1,0
1com,A,14,ARG,-4.5,173.4,1.0,5,0,X,0.0,0.0,0.0,0.0,0.0,0.0,0.0,0.0,15,0.02844272908771177,13,39,-26,0,0,0,0,0,0,0,0,1,0
1com,A,15,ASP,-3.5,111.1,-1.0,1,3,X,0.0,0.0,0.0,0.0,0.0,0.0,0.0,0.0,25,0.040565859518539735,29,34,-5,0,0,0,0,0,0,0,0,1,0
1com,A,16,THR,-0.7,116.1,0.0,1,1,X,0.0,0.0,0.0,0.0,0.0,0.0,0.0,0.0,19,0.034970568550465285,23,41,-18,0,0,0,0,0,0,0,0,1,0
1com,A,17,GLU,-3.5,138.4,-1.0,1,3,X,0.0,0.0,0.0,0.0,0.0,0.0,0.0,0.0,19,0.03450429430312575,16,26,-10,0,0,0,0,0,0,0,0,1,0
1com,A,18,GLU,-3.5,138.4,-1.0,1,3,X,0.0,0.0,0.0,0.0,0.0,0.0,0.0,0.0,17,0.03170664881908853,27,26,1,0,0,0,0,0,0,0,0,1,0
1com,A,19,GLU,-3.5,138.4,-1.0,1,3,X,0.0,0.0,0.0,0.0,0.0,0.0,0.0,0.0,22,0.043829779249916496,27,36,-9,0,0,0,0,0,0,0,0,1,0
1com,A,20,ILE,4.5,166.7,0.0,0,0,X,0.0,0.0,0.0,0.0,0.0,0.0,0.0,0.0,36,0.05502036118606539,38,43,-5,0,0,0,0,0,0,0,0,1,0
1com,A,21,LEU,3.8,166.7,0.0,0,0,X,0.0,0.0,0.0,0.0,0.0,0.0,0.0,0.0,29,0.05035761871267001,34,39,-5,0,0,0,0,0,0,0,0,1,0
1com,A,22,GLN,-3.5,143.8,0.0,2,2,X,0.0,0.0,0.0,0.0,0.0,0.0,0.0,0.0,21,0.04196468226055834,27,35,-8,0,0,0,0,0,0,0,0,1,0
1com,A,23,LYS,-3.9,168.6,1.0,2,0,X,0.0,0.0,0.0,0.0,0.0,0.0,0.0,0.0,28,0.048958795970651406,19,35,-16,0,0,0,0,0,0,0,0,1,0
1com,A,24,THR,-0.7,116.1,0.0,1,1,X,0.0,0.0,0.0,0.0,0.0,0.0,0.0,0.0,42,0.04942507021799094,31,26,5,0,0,0,0,0,0,0,0,1,0
1com,A,25,LYS,-3.9,168.6,1.0,2,0,X,0.0,0.0,0.0,0.0,0.0,0.0,0.0,0.0,31,0.045228601991935104,24,29,-5,0,0,0,0,0,0,0,0,1,0
1com,A,26,GLN,-3.5,143.8,0.0,2,2,X,0.0,0.0,0.0,0.0,0.0,0.0,0.0,0.0,24,0.040099585271200194,27,24,3,0,0,0,0,0,0,0,0,1,0
1com,A,27,LEU,3.8,166.7,0.0,0,0,X,0.0,0.0,0.0,0.0,0.0,0.0,0.0,0.0,39,0.048492521723311866,39,19,20,0,0,0,0,0,0,0,0,1,0
1com,A,28,LEU,3.8,166.7,0.0,0,0,X,0.0,0.0,0.0,0.0,0.0,0.0,0.0,0.0,41,0.04429605349725603,26,17,9,0,0,0,0,0,0,0,0,1,0
1com,A,29,GLU,-3.5,138.4,-1.0,1,3,X,0.0,0.0,0.0,0.0,0.0,0.0,0.0,0.0,22,0.03683566553982344,23,20,3,0,0,0,0,0,0,0,0,1,0
1com,A,30,LYS,-3.9,168.6,1.0,2,0,X,0.0,0.0,0.0,0.0,0.0,0.0,0.0,0.0,24,0.04103213376587927,19,27,-8,0,0,0,0,0,0,0,0,1,0
1com,A,31,ILE,4.5,166.7,0.0,0,0,X,0.0,0.0,0.0,0.0,0.0,0.0,0.0,0.0,33,0.05408781269138631,44,25,19,0,0,0,0,0,0,0,0,1,0
1com,A,32,ILE,4.5,166.7,0.0,0,0,X,0.0,0.0,0.0,0.0,0.0,0.0,0.0,0.0,26,0.043363505002576956,32,27,5,0,0,0,0,0,0,0,0,1,0
1com,A,33,GLU,-3.5,138.4,-1.0,1,3,X,0.0,0.0,0.0,0.0,0.0,0.0,0.0,0.0,13,0.035436842797804825,28,18,10,0,0,0,0,0,0,0,0,1,0
1com,A,34,GLU,-3.5,138.4,-1.0,1,3,X,0.0,0.0,0.0,0.0,0.0,0.0,0.0,0.0,20,0.03823448828184205,37,14,23,0,0,0,0,0,0,0,0,1,0
1com,A,35,ASN,-3.5,114.1,0.0,2,2,X,0.0,0.0,0.0,0.0,0.0,0.0,0.0,0.0,28,0.03963331102386066,48,21,27,0,0,0,0,0,0,0,0,1,0
1com,A,36,HIS,-3.2,153.2,0.1,2,1,X,0.0,0.0,0.0,0.0,0.0,0.0,0.0,0.0,17,0.027043906345693154,17,21,-4,0,0,0,0,0,0,0,0,1,0
1com,A,37,THR,-0.7,116.1,0.0,1,1,X,0.0,0.0,0.0,0.0,0.0,0.0,0.0,0.0,30,0.04196468226055834,25,33,-8,0,0,0,0,0,0,0,0,1,0
1com,A,38,LYS,-3.9,168.6,1.0,2,0,X,0.0,0.0,0.0,0.0,0.0,0.0,0.0,0.0,18,0.03310547156110714,10,18,-8,0,0,0,0,0,0,0,0,1,0
1com,A,39,PRO,-1.6,112.7,0.0,0,0,X,0.0,0.0,0.0,0.0,0.0,0.0,0.0,0.0,27,0.043363505002576956,16,18,-2,0,0,0,0,0,0,0,0,1,0
1com,A,40,GLU,-3.5,138.4,-1.0,1,3,X,0.0,0.0,0.0,0.0,0.0,0.0,0.0,0.0,23,0.03823448828184205,17,13,4,0,0,0,0,0,0,0,0,1,0
1com,A,41,ASP,-3.5,111.1,-1.0,1,3,X,0.0,0.0,0.0,0.0,0.0,0.0,0.0,0.0,22,0.043363505002576956,22,10,12,0,0,0,0,0,0,0,0,1,0
1com,A,42,VAL,4.2,140.0,0.0,0,0,X,0.0,0.0,0.0,0.0,0.0,0.0,0.0,0.0,29,0.056419183928083996,20,17,3,0,0,0,0,0,0,0,0,1,0
1com,A,43,VAL,4.2,140.0,0.0,0,0,X,0.0,0.0,0.0,0.0,0.0,0.0,0.0,0.0,29,0.05502036118606539,17,12,5,0,0,0,0,0,0,0,0,1,0
1com,A,44,GLN,-3.5,143.8,0.0,2,2,X,0.0,0.0,0.0,0.0,0.0,0.0,0.0,0.0,26,0.05175644145468863,18,2,16,0,0,0,0,0,0,0,0,1,0
1com,A,45,MET,1.9,162.9,0.0,0,0,X,0.0,0.0,0.0,0.0,0.0,0.0,0.0,0.0,38,0.0526889899493677,10,0,10,0,0,0,0,0,0,0,0,1,0
1com,A,46,LEU,3.8,166.7,0.0,0,0,X,0.0,0.0,0.0,0.0,0.0,0.0,0.0,0.0,28,0.04662742473395372,14,2,12,0,0,0,0,0,0,0,0,1,0
1com,A,47,LEU,3.8,166.7,0.0,0,0,X,0.0,0.0,0.0,0.0,0.0,0.0,0.0,0.0,37,0.04662742473395372,14,7,7,0,0,0,0,0,0,0,0,1,0
1com,A,48,SER,-0.8,89.0,0.0,1,1,X,0.0,0.0,0.0,0.0,0.0,0.0,0.0,0.0,31,0.05129016720734909,18,15,3,0,0,0,0,0,0,0,0,1,0
1com,A,49,ALA,1.8,88.6,0.0,0,0,X,0.0,0.0,0.0,0.0,0.0,0.0,0.0,0.0,34,0.05222271570202816,30,33,-3,0,0,0,0,0,0,0,0,1,0
1com,A,50,THR,-0.7,116.1,0.0,1,1,X,0.0,0.0,0.0,0.0,0.0,0.0,0.0,0.0,28,0.048492521723311866,37,31,6,0,0,0,0,0,0,0,0,1,0
1com,A,51,PRO,-1.6,112.7,0.0,0,0,X,0.0,0.0,0.0,0.0,0.0,0.0,0.0,0.0,18,0.04289723075523742,28,38,-10,0,0,0,0,0,0,0,0,1,0
1com,A,52,ASP,-3.5,111.1,-1.0,1,3,X,0.0,0.0,0.0,0.0,0.0,0.0,0.0,0.0,22,0.030307826077069916,32,27,5,0,0,0,0,0,0,0,0,1,0
1com,A,53,LEU,3.8,166.7,0.0,0,0,X,0.0,0.0,0.0,0.0,0.0,0.0,0.0,0.0,35,0.04476232774459557,30,37,-7,0,0,0,0,0,0,0,0,1,0
1com,A,54,HIS,-3.2,153.2,0.1,2,1,X,0.0,0.0,0.0,0.0,0.0,0.0,0.0,0.0,22,0.040565859518539735,2,26,-24,0,0,0,0,0,0,0,0,1,0
1com,A,55,ALA,1.8,88.6,0.0,0,0,X,0.0,0.0,0.0,0.0,0.0,0.0,0.0,0.0,24,0.03730193978716297,17,35,-18,0,0,0,0,0,0,0,0,1,0
1com,A,56,VAL,4.2,140.0,0.0,0,0,X,0.0,0.0,0.0,0.0,0.0,0.0,0.0,0.0,29,0.04476232774459557,18,32,-14,0,0,0,0,0,0,0,0,1,0
1com,A,57,PHE,2.8,189.9,0.0,0,0,X,0.0,0.0,0.0,0.0,0.0,0.0,0.0,0.0,32,0.03776821403450251,21,20,1,0,0,0,0,0,0,0,0,1,1
1com,A,58,PRO,-1.6,112.7,0.0,0,0,X,0.0,0.0,0.0,0.0,0.0,0.0,0.0,0.0,41,0.04709369898129325,26,11,15,0,0,0,0,0,0,0,0,1,0
1com,A,59,ALA,1.8,88.6,0.0,0,0,X,0.0,0.0,0.0,0.0,0.0,0.0,0.0,0.0,33,0.03870076252918159,30,8,22,0,0,0,0,0,0,0,0,1,1
1com,A,60,LYS,-3.9,168.6,1.0,2,0,X,0.0,0.0,0.0,0.0,0.0,0.0,0.0,0.0,25,0.03590311704514436,23,20,3,0,0,0,0,0,0,0,0,1,0
1com,A,61,ALA,1.8,88.6,0.0,0,0,X,0.0,0.0,0.0,0.0,0.0,0.0,0.0,0.0,34,0.043829779249916496,35,24,11,0,0,0,0,0,0,0,0,1,0
1com,A,62,VAL,4.2,140.0,0.0,0,0,X,0.0,0.0,0.0,0.0,0.0,0.0,0.0,0.0,35,0.045228601991935104,34,12,22,0,0,0,0,0,0,0,0,1,0
1com,A,63,ARG,-4.5,173.4,1.0,5,0,X,0.0,0.0,0.0,0.0,0.0,0.0,0.0,0.0,24,0.03823448828184205,29,22,7,0,0,0,0,0,0,0,0,1,0
1com,A,64,GLU,-3.5,138.4,-1.0,1,3,X,0.0,0.0,0.0,0.0,0.0,0.0,0.0,0.0,26,0.0363693912924839,41,27,14,0,0,0,0,0,0,0,0,1,0
1com,A,65,LEU,3.8,166.7,0.0,0,0,X,0.0,0.0,0.0,0.0,0.0,0.0,0.0,0.0,32,0.03963331102386066,28,29,-1,0,0,0,0,0,0,0,0,1,0
1com,A,66,SER,-0.8,89.0,0.0,1,1,X,0.0,0.0,0.0,0.0,0.0,0.0,0.0,0.0,29,0.03170664881908853,25,21,4,0,0,0,0,0,0,0,0,1,0
1com,A,67,GLY,-0.4,60.1,0.0,0,0,X,0.0,0.0,0.0,0.0,0.0,0.0,0.0,0.0,24,0.029375277582390842,16,23,-7,0,0,0,0,0,0,0,0,1,0
1com,A,68,TRP,-0.9,227.8,0.0,1,0,X,0.0,0.0,0.0,0.0,0.0,0.0,0.0,0.0,30,0.04429605349725603,16,22,-6,0,0,0,0,0,0,0,0,1,0
1com,A,69,GLN,-3.5,143.8,0.0,2,2,X,0.0,0.0,0.0,0.0,0.0,0.0,0.0,0.0,24,0.040565859518539735,27,18,9,0,0,0,0,0,0,0,0,1,0
1com,A,70,TYR,-1.3,193.6,0.0,1,1,X,0.0,0.0,0.0,0.0,0.0,0.0,0.0,0.0,26,0.043829779249916496,31,20,11,0,0,0,0,0,0,0,0,1,0
1com,A,71,VAL,4.2,140.0,0.0,0,0,X,0.0,0.0,0.0,0.0,0.0,0.0,0.0,0.0,39,0.050823892960009553,34,13,21,0,0,0,0,0,0,0,0,1,0
1com,A,72,PRO,-1.6,112.7,0.0,0,0,X,0.0,0.0,0.0,0.0,0.0,0.0,0.0,0.0,36,0.04662742473395372,36,4,32,0,0,0,0,0,0,0,0,1,0
1com,A,73,VAL,4.2,140.0,0.0,0,0,X,0.0,0.0,0.0,0.0,0.0,0.0,0.0,0.0,37,0.04289723075523742,38,3,35,0,0,0,0,0,0,0,0,1,1
1com,A,74,THR,-0.7,116.1,0.0,1,1,X,0.0,0.0,0.0,0.0,0.0,0.0,0.0,0.0,30,0.040099585271200194,23,8,15,0,0,0,0,0,0,0,0,1,1
1com,A,75,CYS,2.5,108.5,0.0,1,0,X,0.0,0.0,0.0,0.0,0.0,0.0,0.0,0.0,26,0.048492521723311866,22,13,9,0,0,0,0,0,0,0,0,1,1
1com,A,76,MET,1.9,162.9,0.0,0,0,X,0.0,0.0,0.0,0.0,0.0,0.0,0.0,0.0,22,0.04989134446533048,9,22,-13,0,0,0,0,0,0,0,0,1,0
1com,A,77,GLN,-3.5,143.8,0.0,2,2,X,0.0,0.0,0.0,0.0,0.0,0.0,0.0,0.0,17,0.05455408693872585,5,46,-41,0,0,0,0,0,0,0,0,1,0
1com,A,78,GLU,-3.5,138.4,-1.0,1,3,X,0.0,0.0,0.0,0.0,0.0,0.0,0.0,0.0,26,0.04989134446533048,17,12,5,0,0,0,0,0,0,0,0,1,1
1com,A,79,MET,1.9,162.9,0.0,0,0,X,0.0,0.0,0.0,0.0,0.0,0.0,0.0,0.0,29,0.05222271570202816,16,27,-11,0,0,0,0,0,0,0,0,1,0
1com,A,80,ASP,-3.5,111.1,-1.0,1,3,X,0.0,0.0,0.0,0.0,0.0,0.0,0.0,0.0,21,0.04243095650789788,19,22,-3,0,0,0,0,0,0,0,0,1,0
1com,A,81,VAL,4.2,140.0,0.0,0,0,X,0.0,0.0,0.0,0.0,0.0,0.0,0.0,0.0,23,0.03823448828184205,21,20,1,0,0,0,0,0,0,0,0,1,0
1com,A,82,THR,-0.7,116.1,0.0,1,1,X,0.0,0.0,0.0,0.0,0.0,0.0,0.0,0.0,16,0.02471253510899547,14,19,-5,0,0,0,0,0,0,0,0,1,0
1com,A,83,GLY,-0.4,60.1,0.0,0,0,X,0.0,0.0,0.0,0.0,0.0,0.0,0.0,0.0,14,0.017252147151562876,14,9,5,0,0,0,0,0,0,0,0,1,0
1com,A,84,GLY,-0.4,60.1,0.0,0,0,X,0.0,0.0,0.0,0.0,0.0,0.0,0.0,0.0,21,0.02797645484037223,22,15,7,0,0,0,0,0,0,0,0,1,0
1com,A,85,LEU,3.8,166.7,0.0,0,0,X,0.0,0.0,0.0,0.0,0.0,0.0,0.0,0.0,29,0.02984155182973038,36,14,22,0,0,0,0,0,0,0,0,1,0
1com,A,86,LYS,-3.9,168.6,1.0,2,0,X,0.0,0.0,0.0,0.0,0.0,0.0,0.0,0.0,23,0.032172923066428064,18,20,-2,0,0,0,0,0,0,0,0,1,0
1com,A,87,LYS,-3.9,168.6,1.0,2,0,X,0.0,0.0,0.0,0.0,0.0,0.0,0.0,0.0,24,0.045228601991935104,30,32,-2,0,0,0,0,0,0,0,0,1,0
1com,A,88,CYS,2.5,108.5,0.0,1,0,X,0.0,0.0,0.0,0.0,0.0,0.0,0.0,0.0,38,0.04709369898129325,39,23,16,0,0,0,0,0,0,0,0,1,0
1com,A,89,ILE,4.5,166.7,0.0,0,0,X,0.0,0.0,0.0,0.0,0.0,0.0,0.0,0.0,45,0.05035761871267001,32,14,18,0,0,0,0,0,0,0,0,1,0
1com,A,90,ARG,-4.5,173.4,1.0,5,0,X,0.0,0.0,0.0,0.0,0.0,0.0,0.0,0.0,36,0.045694876239274644,18,9,9,0,0,0,0,0,0,0,0,1,1
1com,A,91,VAL,4.2,140.0,0.0,0,0,X,0.0,0.0,0.0,0.0,0.0,0.0,0.0,0.0,36,0.04709369898129325,29,1,28,0,0,0,0,0,0,0,0,1,0
1com,A,92,MET,1.9,162.9,0.0,0,0,X,0.0,0.0,0.0,0.0,0.0,0.0,0.0,0.0,29,0.05222271570202816,27,0,27,0,0,0,0,0,0,0,0,1,0
1com,A,93,MET,1.9,162.9,0.0,0,0,X,0.0,0.0,0.0,0.0,0.0,0.0,0.0,0.0,38,0.04989134446533048,25,4,21,0,0,0,0,0,0,0,0,1,0
1com,A,94,THR,-0.7,116.1,0.0,1,1,X,0.0,0.0,0.0,0.0,0.0,0.0,0.0,0.0,29,0.04989134446533048,16,7,9,0,0,0,0,0,0,0,0,1,0
1com,A,95,VAL,4.2,140.0,0.0,0,0,X,0.0,0.0,0.0,0.0,0.0,0.0,0.0,0.0,30,0.04942507021799094,19,15,4,0,0,0,0,0,0,0,0,1,0
1com,A,96,GLN,-3.5,143.8,0.0,2,2,X,0.0,0.0,0.0,0.0,0.0,0.0,0.0,0.0,17,0.03823448828184205,21,24,-3,0,0,0,0,0,0,0,0,1,0
1com,A,97,THR,-0.7,116.1,0.0,1,1,X,0.0,0.0,0.0,0.0,0.0,0.0,0.0,0.0,22,0.03450429430312575,14,16,-2,0,0,0,0,0,0,0,0,1,0
1com,A,98,ASP,-3.5,111.1,-1.0,1,3,X,0.0,0.0,0.0,0.0,0.0,0.0,0.0,0.0,11,0.02471253510899547,9,0,9,0,0,0,0,0,0,0,0,1,0
1com,A,99,VAL,4.2,140.0,0.0,0,0,X,0.0,0.0,0.0,0.0,0.0,0.0,0.0,0.0,17,0.02984155182973038,15,17,-2,0,0,0,0,0,0,0,0,1,0
1com,A,100,PRO,-1.6,112.7,0.0,0,0,X,0.0,0.0,0.0,0.0,0.0,0.0,0.0,0.0,14,0.032172923066428064,11,22,-11,0,0,0,0,0,0,0,0,1,0
1com,A,101,GLN,-3.5,143.8,0.0,2,2,X,0.0,0.0,0.0,0.0,0.0,0.0,0.0,0.0,28,0.04289723075523742,22,26,-4,0,0,0,0,0,0,0,0,1,0
1com,A,102,ASP,-3.5,111.1,-1.0,1,3,X,0.0,0.0,0.0,0.0,0.0,0.0,0.0,0.0,14,0.03170664881908853,12,5,7,0,0,0,0,0,0,0,0,1,0
1com,A,103,GLN,-3.5,143.8,0.0,2,2,X,0.0,0.0,0.0,0.0,0.0,0.0,0.0,0.0,13,0.03170664881908853,20,13,7,0,0,0,0,0,0,0,0,1,0
1com,A,104,ILE,4.5,166.7,0.0,0,0,X,0.0,0.0,0.0,0.0,0.0,0.0,0.0,0.0,28,0.04243095650789788,39,19,20,0,0,0,0,0,0,0,0,1,0
1com,A,105,ARG,-4.5,173.4,1.0,5,0,X,0.0,0.0,0.0,0.0,0.0,0.0,0.0,0.0,19,0.03730193978716297,29,20,9,0,0,0,0,0,0,0,0,1,0
1com,A,106,HIS,-3.2,153.2,0.1,2,1,X,0.0,0.0,0.0,0.0,0.0,0.0,0.0,0.0,29,0.03963331102386066,29,11,18,0,0,0,0,0,0,0,0,1,0
1com,A,107,VAL,4.2,140.0,0.0,0,0,X,0.0,0.0,0.0,0.0,0.0,0.0,0.0,0.0,30,0.04243095650789788,43,20,23,0,0,0,0,0,0,0,0,1,0
1com,A,108,TYR,-1.3,193.6,0.0,1,1,X,0.0,0.0,0.0,0.0,0.0,0.0,0.0,0.0,28,0.04149840801321881,42,7,35,0,0,0,0,0,0,0,0,1,0
1com,A,109,LEU,3.8,166.7,0.0,0,0,X,0.0,0.0,0.0,0.0,0.0,0.0,0.0,0.0,28,0.040565859518539735,31,10,21,0,0,0,0,0,0,0,0,1,0
1com,A,110,GLU,-3.5,138.4,-1.0,1,3,X,0.0,0.0,0.0,0.0,0.0,0.0,0.0,0.0,23,0.032639197313767604,21,11,10,0,0,0,0,0,0,0,0,1,0
1com,A,111,LYS,-3.9,168.6,1.0,2,0,X,0.0,0.0,0.0,0.0,0.0,0.0,0.0,0.0,21,0.032172923066428064,17,19,-2,0,0,0,0,0,0,0,0,1,0
1com,A,112,ALA,1.8,88.6,0.0,0,0,X,0.0,0.0,0.0,0.0,0.0,0.0,0.0,0.0,22,0.03963331102386066,26,9,17,0,0,0,0,0,0,0,0,1,0
1com,A,113,VAL,4.2,140.0,0.0,0,0,X,0.0,0.0,0.0,0.0,0.0,0.0,0.0,0.0,13,0.02844272908771177,9,9,0,0,0,0,0,0,0,0,0,1,0
1com,A,114,VAL,4.2,140.0,0.0,0,0,X,0.0,0.0,0.0,0.0,0.0,0.0,0.0,0.0,12,0.020516066882939634,8,4,4,0,0,0,0,0,0,0,0,1,0
1com,A,115,LEU,3.8,166.7,0.0,0,0,X,0.0,0.0,0.0,0.0,0.0,0.0,0.0,0.0,18,0.020516066882939634,23,3,20,0,0,0,0,0,0,0,0,1,0
1com,B,2,MET,1.9,162.9,0.0,0,0,X,0.0,0.0,0.0,0.0,0.0,0.0,0.0,0.0,17,0.030774100324409453,11,21,-10,0,0,0,0,0,0,0,0,1,0
1com,B,3,ILE,4.5,166.7,0.0,0,0,X,0.0,0.0,0.0,0.0,0.0,0.0,0.0,0.0,19,0.04243095650789788,15,13,2,0,0,0,0,0,0,0,0,1,0
1com,B,4,ARG,-4.5,173.4,1.0,5,0,X,0.0,0.0,0.0,0.0,0.0,0.0,0.0,0.0,30,0.048958795970651406,6,24,-18,0,0,0,0,0,0,0,0,1,0
1com,B,5,GLY,-0.4,60.1,0.0,0,0,X,0.0,0.0,0.0,0.0,0.0,0.0,0.0,0.0,35,0.048958795970651406,34,2,32,0,0,0,0,0,0,0,0,1,0
1com,B,6,ILE,4.5,166.7,0.0,0,0,X,0.0,0.0,0.0,0.0,0.0,0.0,0.0,0.0,42,0.050823892960009553,37,5,32,0,0,0,0,0,0,0,0,1,0
1com,B,7,ARG,-4.5,173.4,1.0,5,0,X,0.0,0.0,0.0,0.0,0.0,0.0,0.0,0.0,41,0.05175644145468863,36,1,35,0,0,0,0,0,0,0,0,1,1
1com,B,8,GLY,-0.4,60.1,0.0,0,0,X,0.0,0.0,0.0,0.0,0.0,0.0,0.0,0.0,38,0.04942507021799094,43,1,42,0,0,0,0,0,0,0,0,1,0
1com,B,9,ALA,1.8,88.6,0.0,0,0,X,0.0,0.0,0.0,0.0,0.0,0.0,0.0,0.0,38,0.050823892960009553,49,9,40,0,0,0,0,0,0,0,0,1,0
1com,B,10,THR,-0.7,116.1,0.0,1,1,X,0.0,0.0,0.0,0.0,0.0,0.0,0.0,0.0,39,0.05129016720734909,43,16,27,0,0,0,0,0,0,0,0,1,0
1com,B,11,THR,-0.7,116.1,0.0,1,1,X,0.0,0.0,0.0,0.0,0.0,0.0,0.0,0.0,32,0.05035761871267001,45,30,15,0,0,0,0,0,0,0,0,1,0
1com,B,12,VAL,4.2,140.0,0.0,0,0,X,0.0,0.0,0.0,0.0,0.0,0.0,0.0,0.0,33,0.04942507021799094,45,50,-5,0,0,0,0,0,0,0,0,1,0
1com,B,13,GLU,-3.5,138.4,-1.0,1,3,X,0.0,0.0,0.0,0.0,0.0,0.0,0.0,0.0,21,0.03124037457174899,37,23,14,0,0,0,0,0,0,0,0,1,0
1com,B,14,ARG,-4.5,173.4,1.0,5,0,X,0.0,0.0,0.0,0.0,0.0,0.0,0.0,0.0,18,0.03124037457174899,13,41,-28,0,0,0,0,0,0,0,0,1,0
1com,B,15,ASP,-3.5,111.1,-1.0,1,3,X,0.0,0.0,0.0,0.0,0.0,0.0,0.0,0.0,25,0.04103213376587927,30,36,-6,0,0,0,0,0,0,0,0,1,0
1com,B,16,THR,-0.7,116.1,0.0,1,1,X,0.0,0.0,0.0,0.0,0.0,0.0,0.0,0.0,20,0.035436842797804825,25,42,-17,0,0,0,0,0,0,0,0,1,0
1com,B,17,GLU,-3.5,138.4,-1.0,1,3,X,0.0,0.0,0.0,0.0,0.0,0.0,0.0,0.0,21,0.03450429430312575,17,26,-9,0,0,0,0,0,0,0,0,1,0
1com,B,18,GLU,-3.5,138.4,-1.0,1,3,X,0.0,0.0,0.0,0.0,0.0,0.0,0.0,0.0,16,0.032172923066428064,19,26,-7,0,0,0,0,0,0,0,0,1,0
1com,B,19,GLU,-3.5,138.4,-1.0,1,3,X,0.0,0.0,0.0,0.0,0.0,0.0,0.0,0.0,22,0.04616115048661418,28,36,-8,0,0,0,0,0,0,0,0,1,0
1com,B,20,ILE,4.5,166.7,0.0,0,0,X,0.0,0.0,0.0,0.0,0.0,0.0,0.0,0.0,35,0.05455408693872585,38,41,-3,0,0,0,0,0,0,0,0,1,0
1com,B,21,LEU,3.8,166.7,0.0,0,0,X,0.0,0.0,0.0,0.0,0.0,0.0,0.0,0.0,27,0.04942507021799094,32,33,-1,0,0,0,0,0,0,0,0,1,0
1com,B,22,GLN,-3.5,143.8,0.0,2,2,X,0.0,0.0,0.0,0.0,0.0,0.0,0.0,0.0,22,0.040565859518539735,23,34,-11,0,0,0,0,0,0,0,0,1,0
1com,B,23,LYS,-3.9,168.6,1.0,2,0,X,0.0,0.0,0.0,0.0,0.0,0.0,0.0,0.0,28,0.048026247475972325,19,37,-18,0,0,0,0,0,0,0,0,1,0
1com,B,24,THR,-0.7,116.1,0.0,1,1,X,0.0,0.0,0.0,0.0,0.0,0.0,0.0,0.0,41,0.048958795970651406,30,25,5,0,0,0,0,0,0,0,0,1,0
1com,B,25,LYS,-3.9,168.6,1.0,2,0,X,0.0,0.0,0.0,0.0,0.0,0.0,0.0,0.0,27,0.04755997322863279,19,24,-5,0,0,0,0,0,0,0,0,1,0
1com,B,26,GLN,-3.5,143.8,0.0,2,2,X,0.0,0.0,0.0,0.0,0.0,0.0,0.0,0.0,24,0.040099585271200194,26,26,0,0,0,0,0,0,0,0,0,1,0
1com,B,27,LEU,3.8,166.7,0.0,0,0,X,0.0,0.0,0.0,0.0,0.0,0.0,0.0,0.0,39,0.048026247475972325,39,19,20,0,0,0,0,0,0,0,0,1,0
1com,B,28,LEU,3.8,166.7,0.0,0,0,X,0.0,0.0,0.0,0.0,0.0,0.0,0.0,0.0,42,0.04429605349725603,26,18,8,0,0,0,0,0,0,0,0,1,0
1com,B,29,GLU,-3.5,138.4,-1.0,1,3,X,0.0,0.0,0.0,0.0,0.0,0.0,0.0,0.0,24,0.03683566553982344,22,19,3,0,0,0,0,0,0,0,0,1,0
1com,B,30,LYS,-3.9,168.6,1.0,2,0,X,0.0,0.0,0.0,0.0,0.0,0.0,0.0,0.0,24,0.03963331102386066,18,27,-9,0,0,0,0,0,0,0,0,1,0
1com,B,31,ILE,4.5,166.7,0.0,0,0,X,0.0,0.0,0.0,0.0,0.0,0.0,0.0,0.0,34,0.05408781269138631,40,25,15,0,0,0,0,0,0,0,0,1,0
1com,B,32,ILE,4.5,166.7,0.0,0,0,X,0.0,0.0,0.0,0.0,0.0,0.0,0.0,0.0,27,0.04243095650789788,32,29,3,0,0,0,0,0,0,0,0,1,0
1com,B,33,GLU,-3.5,138.4,-1.0,1,3,X,0.0,0.0,0.0,0.0,0.0,0.0,0.0,0.0,15,0.03590311704514436,27,18,9,0,0,0,0,0,0,0,0,1,0
1com,B,34,GLU,-3.5,138.4,-1.0,1,3,X,0.0,0.0,0.0,0.0,0.0,0.0,0.0,0.0,21,0.03776821403450251,36,14,22,0,0,0,0,0,0,0,0,1,0
1com,B,35,ASN,-3.5,114.1,0.0,2,2,X,0.0,0.0,0.0,0.0,0.0,0.0,0.0,0.0,30,0.04103213376587927,51,23,28,0,0,0,0,0,0,0,0,1,0
1com,B,36,HIS,-3.2,153.2,0.1,2,1,X,0.0,0.0,0.0,0.0,0.0,0.0,0.0,0.0,17,0.027510180593032695,16,23,-7,0,0,0,0,0,0,0,0,1,0
1com,B,37,THR,-0.7,116.1,0.0,1,1,X,0.0,0.0,0.0,0.0,0.0,0.0,0.0,0.0,27,0.04289723075523742,24,33,-9,0,0,0,0,0,0,0,0,1,0
1com,B,38,LYS,-3.9,168.6,1.0,2,0,X,0.0,0.0,0.0,0.0,0.0,0.0,0.0,0.0,18,0.03310547156110714,10,21,-11,0,0,0,0,0,0,0,0,1,0
1com,B,39,PRO,-1.6,112.7,0.0,0,0,X,0.0,0.0,0.0,0.0,0.0,0.0,0.0,0.0,27,0.04103213376587927,16,18,-2,0,0,0,0,0,0,0,0,1,0
1com,B,40,GLU,-3.5,138.4,-1.0,1,3,X,0.0,0.0,0.0,0.0,0.0,0.0,0.0,0.0,21,0.03590311704514436,17,13,4,0,0,0,0,0,0,0,0,1,0
1com,B,41,ASP,-3.5,111.1,-1.0,1,3,X,0.0,0.0,0.0,0.0,0.0,0.0,0.0,0.0,24,0.04196468226055834,24,10,14,0,0,0,0,0,0,0,0,1,0
1com,B,42,VAL,4.2,140.0,0.0,0,0,X,0.0,0.0,0.0,0.0,0.0,0.0,0.0,0.0,31,0.05781800667010261,21,17,4,0,0,0,0,0,0,0,0,1,0
1com,B,43,VAL,4.2,140.0,0.0,0,0,X,0.0,0.0,0.0,0.0,0.0,0.0,0.0,0.0,29,0.05595290968074446,17,12,5,0,0,0,0,0,0,0,0,1,0
1com,B,44,GLN,-3.5,143.8,0.0,2,2,X,0.0,0.0,0.0,0.0,0.0,0.0,0.0,0.0,26,0.0526889899493677,19,2,17,0,0,0,0,0,0,0,0,1,0
1com,B,45,MET,1.9,162.9,0.0,0,0,X,0.0,0.0,0.0,0.0,0.0,0.0,0.0,0.0,34,0.05175644145468863,6,0,6,0,0,0,0,0,0,0,0,1,0
1com,B,46,LEU,3.8,166.7,0.0,0,0,X,0.0,0.0,0.0,0.0,0.0,0.0,0.0,0.0,28,0.04662742473395372,15,2,13,0,0,0,0,0,0,0,0,1,0
1com,B,47,LEU,3.8,166.7,0.0,0,0,X,0.0,0.0,0.0,0.0,0.0,0.0,0.0,0.0,37,0.045228601991935104,14,7,7,0,0,0,0,0,0,0,0,1,0
1com,B,48,SER,-0.8,89.0,0.0,1,1,X,0.0,0.0,0.0,0.0,0.0,0.0,0.0,0.0,32,0.05129016720734909,19,15,4,0,0,0,0,0,0,0,0,1,0
1com,B,49,ALA,1.8,88.6,0.0,0,0,X,0.0,0.0,0.0,0.0,0.0,0.0,0.0,0.0,34,0.050823892960009553,30,33,-3,0,0,0,0,0,0,0,0,1,0
1com,B,50,THR,-0.7,116.1,0.0,1,1,X,0.0,0.0,0.0,0.0,0.0,0.0,0.0,0.0,28,0.04989134446533048,37,31,6,0,0,0,0,0,0,0,0,1,0
1com,B,51,PRO,-1.6,112.7,0.0,0,0,X,0.0,0.0,0.0,0.0,0.0,0.0,0.0,0.0,20,0.04103213376587927,28,39,-11,0,0,0,0,0,0,0,0,1,0
1com,B,52,ASP,-3.5,111.1,-1.0,1,3,X,0.0,0.0,0.0,0.0,0.0,0.0,0.0,0.0,25,0.02984155182973038,33,28,5,0,0,0,0,0,0,0,0,1,0
1com,B,53,LEU,3.8,166.7,0.0,0,0,X,0.0,0.0,0.0,0.0,0.0,0.0,0.0,0.0,35,0.045694876239274644,30,35,-5,0,0,0,0,0,0,0,0,1,0
1com,B,54,HIS,-3.2,153.2,0.1,2,1,X,0.0,0.0,0.0,0.0,0.0,0.0,0.0,0.0,23,0.03916703677652112,4,27,-23,0,0,0,0,0,0,0,0,1,0
1com,B,55,ALA,1.8,88.6,0.0,0,0,X,0.0,0.0,0.0,0.0,0.0,0.0,0.0,0.0,24,0.03823448828184205,19,34,-15,0,0,0,0,0,0,0,0,1,0
1com,B,56,VAL,4.2,140.0,0.0,0,0,X,0.0,0.0,0.0,0.0,0.0,0.0,0.0,0.0,29,0.045228601991935104,18,32,-14,0,0,0,0,0,0,0,0,1,0
1com,B,57,PHE,2.8,189.9,0.0,0,0,X,0.0,0.0,0.0,0.0,0.0,0.0,0.0,0.0,34,0.03683566553982344,23,21,2,0,0,0,0,0,0,0,0,1,1
1com,B,58,PRO,-1.6,112.7,0.0,0,0,X,0.0,0.0,0.0,0.0,0.0,0.0,0.0,0.0,42,0.04709369898129325,26,13,13,0,0,0,0,0,0,0,0,1,0
1com,B,59,ALA,1.8,88.6,0.0,0,0,X,0.0,0.0,0.0,0.0,0.0,0.0,0.0,0.0,34,0.03963331102386066,32,9,23,0,0,0,0,0,0,0,0,1,1
1com,B,60,LYS,-3.9,168.6,1.0,2,0,X,0.0,0.0,0.0,0.0,0.0,0.0,0.0,0.0,24,0.03590311704514436,18,20,-2,0,0,0,0,0,0,0,0,1,1
1com,B,61,ALA,1.8,88.6,0.0,0,0,X,0.0,0.0,0.0,0.0,0.0,0.0,0.0,0.0,31,0.045228601991935104,33,22,11,0,0,0,0,0,0,0,0,1,0
1com,B,62,VAL,4.2,140.0,0.0,0,0,X,0.0,0.0,0.0,0.0,0.0,0.0,0.0,0.0,32,0.04476232774459557,32,12,20,0,0,0,0,0,0,0,0,1,0
1com,B,63,ARG,-4.5,173.4,1.0,5,0,X,0.0,0.0,0.0,0.0,0.0,0.0,0.0,0.0,21,0.032639197313767604,19,16,3,0,0,0,0,0,0,0,0,1,0
1com,B,64,GLU,-3.5,138.4,-1.0,1,3,X,0.0,0.0,0.0,0.0,0.0,0.0,0.0,0.0,19,0.02471253510899547,28,6,22,0,0,0,0,0,0,0,0,1,0
1com,B,65,LEU,3.8,166.7,0.0,0,0,X,0.0,0.0,0.0,0.0,0.0,0.0,0.0,0.0,27,0.032639197313767604,21,18,3,0,0,0,0,0,0,0,0,1,0
1com,B,66,SER,-0.8,89.0,0.0,1,1,X,0.0,0.0,0.0,0.0,0.0,0.0,0.0,0.0,16,0.02098234113027917,8,10,-2,0,0,0,0,0,0,0,0,1,0
1com,B,67,GLY,-0.4,60.1,0.0,0,0,X,0.0,0.0,0.0,0.0,0.0,0.0,0.0,0.0,19,0.026577632098353617,15,16,-1,0,0,0,0,0,0,0,0,1,0
1com,B,68,TRP,-0.9,227.8,0.0,1,0,X,0.0,0.0,0.0,0.0,0.0,0.0,0.0,0.0,29,0.04196468226055834,16,22,-6,0,0,0,0,0,0,0,0,1,0
1com,B,69,GLN,-3.5,143.8,0.0,2,2,X,0.0,0.0,0.0,0.0,0.0,0.0,0.0,0.0,22,0.040565859518539735,25,16,9,0,0,0,0,0,0,0,0,1,0
1com,B,70,TYR,-1.3,193.6,0.0,1,1,X,0.0,0.0,0.0,0.0,0.0,0.0,0.0,0.0,26,0.040565859518539735,27,19,8,0,0,0,0,0,0,0,0,1,0
1com,B,71,VAL,4.2,140.0,0.0,0,0,X,0.0,0.0,0.0,0.0,0.0,0.0,0.0,0.0,38,0.048958795970651406,30,13,17,0,0,0,0,0,0,0,0,1,0
1com,B,72,PRO,-1.6,112.7,0.0,0,0,X,0.0,0.0,0.0,0.0,0.0,0.0,0.0,0.0,34,0.04662742473395372,35,3,32,0,0,0,0,0,0,0,0,1,0
1com,B,73,VAL,4.2,140.0,0.0,0,0,X,0.0,0.0,0.0,0.0,0.0,0.0,0.0,0.0,38,0.04103213376587927,37,1,36,0,0,0,0,0,0,0,0,1,1
1com,B,74,THR,-0.7,116.1,0.0,1,1,X,0.0,0.0,0.0,0.0,0.0,0.0,0.0,0.0,28,0.03870076252918159,25,8,17,0,0,0,0,0,0,0,0,1,1
1com,B,75,CYS,2.5,108.5,0.0,1,0,X,0.0,0.0,0.0,0.0,0.0,0.0,0.0,0.0,25,0.048026247475972325,22,12,10,0,0,0,0,0,0,0,0,1,1
1com,B,76,MET,1.9,162.9,0.0,0,0,X,0.0,0.0,0.0,0.0,0.0,0.0,0.0,0.0,22,0.050823892960009553,9,22,-13,0,0,0,0,0,0,0,0,1,0
1com,B,77,GLN,-3.5,143.8,0.0,2,2,X,0.0,0.0,0.0,0.0,0.0,0.0,0.0,0.0,17,0.05408781269138631,5,44,-39,0,0,0,0,0,0,0,0,1,0
1com,B,78,GLU,-3.5,138.4,-1.0,1,3,X,0.0,0.0,0.0,0.0,0.0,0.0,0.0,0.0,26,0.048492521723311866,15,12,3,0,0,0,0,0,0,0,0,1,1
1com,B,79,MET,1.9,162.9,0.0,0,0,X,0.0,0.0,0.0,0.0,0.0,0.0,0.0,0.0,27,0.05129016720734909,15,27,-12,0,0,0,0,0,0,0,0,1,0
1com,B,80,ASP,-3.5,111.1,-1.0,1,3,X,0.0,0.0,0.0,0.0,0.0,0.0,0.0,0.0,21,0.040099585271200194,16,21,-5,0,0,0,0,0,0,0,0,1,0
1com,B,81,VAL,4.2,140.0,0.0,0,0,X,0.0,0.0,0.0,0.0,0.0,0.0,0.0,0.0,25,0.03730193978716297,18,23,-5,0,0,0,0,0,0,0,0,1,0
1com,B,82,THR,-0.7,116.1,0.0,1,1,X,0.0,0.0,0.0,0.0,0.0,0.0,0.0,0.0,16,0.025178809356335007,13,17,-4,0,0,0,0,0,0,0,0,1,0
1com,B,83,GLY,-0.4,60.1,0.0,0,0,X,0.0,0.0,0.0,0.0,0.0,0.0,0.0,0.0,17,0.017718421398902413,17,10,7,0,0,0,0,0,0,0,0,1,0
1com,B,84,GLY,-0.4,60.1,0.0,0,0,X,0.0,0.0,0.0,0.0,0.0,0.0,0.0,0.0,21,0.028909003335051305,22,17,5,0,0,0,0,0,0,0,0,1,0
1com,B,85,LEU,3.8,166.7,0.0,0,0,X,0.0,0.0,0.0,0.0,0.0,0.0,0.0,0.0,30,0.028909003335051305,35,12,23,0,0,0,0,0,0,0,0,1,0
1com,B,86,LYS,-3.9,168.6,1.0,2,0,X,0.0,0.0,0.0,0.0,0.0,0.0,0.0,0.0,24,0.03310547156110714,20,17,3,0,0,0,0,0,0,0,0,1,0
1com,B,87,LYS,-3.9,168.6,1.0,2,0,X,0.0,0.0,0.0,0.0,0.0,0.0,0.0,0.0,24,0.045228601991935104,28,32,-4,0,0,0,0,0,0,0,0,1,0
1com,B,88,CYS,2.5,108.5,0.0,1,0,X,0.0,0.0,0.0,0.0,0.0,0.0,0.0,0.0,39,0.04709369898129325,37,21,16,0,0,0,0,0,0,0,0,1,0
1com,B,89,ILE,4.5,166.7,0.0,0,0,X,0.0,0.0,0.0,0.0,0.0,0.0,0.0,0.0,47,0.05222271570202816,32,14,18,0,0,0,0,0,0,0,0,1,0
1com,B,90,ARG,-4.5,173.4,1.0,5,0,X,0.0,0.0,0.0,0.0,0.0,0.0,0.0,0.0,37,0.04662742473395372,20,9,11,0,0,0,0,0,0,0,0,1,1
1com,B,91,VAL,4.2,140.0,0.0,0,0,X,0.0,0.0,0.0,0.0,0.0,0.0,0.0,0.0,37,0.04755997322863279,29,1,28,0,0,0,0,0,0,0,0,1,0
1com,B,92,MET,1.9,162.9,0.0,0,0,X,0.0,0.0,0.0,0.0,0.0,0.0,0.0,0.0,30,0.05222271570202816,27,0,27,0,0,0,0,0,0,0,0,1,0
1com,B,93,MET,1.9,162.9,0.0,0,0,X,0.0,0.0,0.0,0.0,0.0,0.0,0.0,0.0,38,0.050823892960009553,24,4,20,0,0,0,0,0,0,0,0,1,0
1com,B,94,THR,-0.7,116.1,0.0,1,1,X,0.0,0.0,0.0,0.0,0.0,0.0,0.0,0.0,26,0.048958795970651406,16,5,11,0,0,0,0,0,0,0,0,1,0
1com,B,95,VAL,4.2,140.0,0.0,0,0,X,0.0,0.0,0.0,0.0,0.0,0.0,0.0,0.0,31,0.04942507021799094,21,15,6,0,0,0,0,0,0,0,0,1,0
1com,B,96,GLN,-3.5,143.8,0.0,2,2,X,0.0,0.0,0.0,0.0,0.0,0.0,0.0,0.0,20,0.040099585271200194,23,24,-1,0,0,0,0,0,0,0,0,1,0
1com,B,97,THR,-0.7,116.1,0.0,1,1,X,0.0,0.0,0.0,0.0,0.0,0.0,0.0,0.0,21,0.03450429430312575,15,16,-1,0,0,0,0,0,0,0,0,1,0
1com,B,98,ASP,-3.5,111.1,-1.0,1,3,X,0.0,0.0,0.0,0.0,0.0,0.0,0.0,0.0,13,0.023779986614316396,9,2,7,0,0,0,0,0,0,0,0,1,0
1com,B,99,VAL,4.2,140.0,0.0,0,0,X,0.0,0.0,0.0,0.0,0.0,0.0,0.0,0.0,19,0.030307826077069916,24,18,6,0,0,0,0,0,0,0,0,1,0
1com,B,100,PRO,-1.6,112.7,0.0,0,0,X,0.0,0.0,0.0,0.0,0.0,0.0,0.0,0.0,14,0.032639197313767604,16,21,-5,0,0,0,0,0,0,0,0,1,0
1com,B,101,GLN,-3.5,143.8,0.0,2,2,X,0.0,0.0,0.0,0.0,0.0,0.0,0.0,0.0,28,0.04429605349725603,21,27,-6,0,0,0,0,0,0,0,0,1,0
1com,B,102,ASP,-3.5,111.1,-1.0,1,3,X,0.0,0.0,0.0,0.0,0.0,0.0,0.0,0.0,17,0.034970568550465285,21,9,12,0,0,0,0,0,0,0,0,1,0
1com,B,103,GLN,-3.5,143.8,0.0,2,2,X,0.0,0.0,0.0,0.0,0.0,0.0,0.0,0.0,14,0.032172923066428064,17,14,3,0,0,0,0,0,0,0,0,1,0
1com,B,104,ILE,4.5,166.7,0.0,0,0,X,0.0,0.0,0.0,0.0,0.0,0.0,0.0,0.0,29,0.045694876239274644,39,18,21,0,0,0,0,0,0,0,0,1,0
1com,B,105,ARG,-4.5,173.4,1.0,5,0,X,0.0,0.0,0.0,0.0,0.0,0.0,0.0,0.0,23,0.03916703677652112,24,21,3,0,0,0,0,0,0,0,0,1,0
1com,B,106,HIS,-3.2,153.2,0.1,2,1,X,0.0,0.0,0.0,0.0,0.0,0.0,0.0,0.0,31,0.04429605349725603,38,20,18,0,0,0,0,0,0,0,0,1,0
1com,B,107,VAL,4.2,140.0,0.0,0,0,X,0.0,0.0,0.0,0.0,0.0,0.0,0.0,0.0,32,0.04476232774459557,46,17,29,0,0,0,0,0,0,0,0,1,0
1com,B,108,TYR,-1.3,193.6,0.0,1,1,X,0.0,0.0,0.0,0.0,0.0,0.0,0.0,0.0,30,0.043829779249916496,50,12,38,0,0,0,0,0,0,0,0,1,1
1com,B,109,LEU,3.8,166.7,0.0,0,0,X,0.0,0.0,0.0,0.0,0.0,0.0,0.0,0.0,29,0.03823448828184205,32,10,22,0,0,0,0,0,0,0,0,1,0
1com,B,110,GLU,-3.5,138.4,-1.0,1,3,X,0.0,0.0,0.0,0.0,0.0,0.0,0.0,0.0,24,0.03124037457174899,21,11,10,0,0,0,0,0,0,0,0,1,0
1com,B,111,LYS,-3.9,168.6,1.0,2,0,X,0.0,0.0,0.0,0.0,0.0,0.0,0.0,0.0,20,0.03310547156110714,17,19,-2,0,0,0,0,0,0,0,0,1,0
1com,B,112,ALA,1.8,88.6,0.0,0,0,X,0.0,0.0,0.0,0.0,0.0,0.0,0.0,0.0,23,0.045228601991935104,33,9,24,0,0,0,0,0,0,0,0,1,0
1com,B,113,VAL,4.2,140.0,0.0,0,0,X,0.0,0.0,0.0,0.0,0.0,0.0,0.0,0.0,18,0.0363693912924839,14,11,3,0,0,0,0,0,0,0,0,1,0
1com,B,114,VAL,4.2,140.0,0.0,0,0,X,0.0,0.0,0.0,0.0,0.0,0.0,0.0,0.0,16,0.025645083603674543,16,7,9,0,0,0,0,0,0,0,0,1,0
1com,B,115,LEU,3.8,166.7,0.0,0,0,X,0.0,0.0,0.0,0.0,0.0,0.0,0.0,0.0,28,0.029375277582390842,33,9,24,0,0,0,0,0,0,0,0,1,1
1com,B,116,ARG,-4.5,173.4,1.0,5,0,X,0.0,0.0,0.0,0.0,0.0,0.0,0.0,0.0,23,0.03403802005578621,35,8,27,0,0,0,0,0,0,0,0,1,1
1com,B,117,PRO,-1.6,112.7,0.0,0,0,X,0.0,0.0,0.0,0.0,0.0,0.0,0.0,0.0,11,0.02844272908771177,17,8,9,0,0,0,0,0,0,0,0,1,0
1com,B,118,ASP,-3.5,111.1,-1.0,1,3,X,0.0,0.0,0.0,0.0,0.0,0.0,0.0,0.0,14,0.025178809356335007,27,1,26,0,0,0,0,0,0,0,0,1,0
1com,B,119,LEU,3.8,166.7,0.0,0,0,X,0.0,0.0,0.0,0.0,0.0,0.0,0.0,0.0,27,0.03730193978716297,49,13,36,0,0,0,0,0,0,0,0,1,0
1com,C,2,MET,1.9,162.9,0.0,0,0,X,0.0,0.0,0.0,0.0,0.0,0.0,0.0,0.0,17,0.032172923066428064,11,20,-9,0,0,0,0,0,0,0,0,1,0
1com,C,3,ILE,4.5,166.7,0.0,0,0,X,0.0,0.0,0.0,0.0,0.0,0.0,0.0,0.0,18,0.045228601991935104,14,15,-1,0,0,0,0,0,0,0,0,1,0
1com,C,4,ARG,-4.5,173.4,1.0,5,0,X,0.0,0.0,0.0,0.0,0.0,0.0,0.0,0.0,30,0.05129016720734909,7,23,-16,0,0,0,0,0,0,0,0,1,0
1com,C,5,GLY,-0.4,60.1,0.0,0,0,X,0.0,0.0,0.0,0.0,0.0,0.0,0.0,0.0,34,0.048026247475972325,34,2,32,0,0,0,0,0,0,0,0,1,0
1com,C,6,ILE,4.5,166.7,0.0,0,0,X,0.0,0.0,0.0,0.0,0.0,0.0,0.0,0.0,43,0.05035761871267001,38,4,34,0,0,0,0,0,0,0,0,1,0
1com,C,7,ARG,-4.5,173.4,1.0,5,0,X,0.0,0.0,0.0,0.0,0.0,0.0,0.0,0.0,40,0.04942507021799094,37,1,36,0,0,0,0,0,0,0,0,1,1
1com,C,8,GLY,-0.4,60.1,0.0,0,0,X,0.0,0.0,0.0,0.0,0.0,0.0,0.0,0.0,37,0.04989134446533048,44,0,44,0,0,0,0,0,0,0,0,1,0
1com,C,9,ALA,1.8,88.6,0.0,0,0,X,0.0,0.0,0.0,0.0,0.0,0.0,0.0,0.0,35,0.050823892960009553,48,8,40,0,0,0,0,0,0,0,0,1,0
1com,C,10,THR,-0.7,116.1,0.0,1,1,X,0.0,0.0,0.0,0.0,0.0,0.0,0.0,0.0,38,0.05035761871267001,43,15,28,0,0,0,0,0,0,0,0,1,0
1com,C,11,THR,-0.7,116.1,0.0,1,1,X,0.0,0.0,0.0,0.0,0.0,0.0,0.0,0.0,31,0.048492521723311866,45,29,16,0,0,0,0,0,0,0,0,1,0
1com,C,12,VAL,4.2,140.0,0.0,0,0,X,0.0,0.0,0.0,0.0,0.0,0.0,0.0,0.0,30,0.048026247475972325,42,47,-5,0,0,0,0,0,0,0,0,1,0
1com,C,13,GLU,-3.5,138.4,-1.0,1,3,X,0.0,0.0,0.0,0.0,0.0,0.0,0.0,0.0,15,0.028909003335051305,36,21,15,0,0,0,0,0,0,0,0,1,0
1com,C,14,ARG,-4.5,173.4,1.0,5,0,X,0.0,0.0,0.0,0.0,0.0,0.0,0.0,0.0,15,0.02984155182973038,14,39,-25,0,0,0,0,0,0,0,0,1,0
1com,C,15,ASP,-3.5,111.1,-1.0,1,3,X,0.0,0.0,0.0,0.0,0.0,0.0,0.0,0.0,25,0.040099585271200194,29,34,-5,0,0,0,0,0,0,0,0,1,0
1com,C,16,THR,-0.7,116.1,0.0,1,1,X,0.0,0.0,0.0,0.0,0.0,0.0,0.0,0.0,20,0.03310547156110714,24,41,-17,0,0,0,0,0,0,0,0,1,0
1com,C,17,GLU,-3.5,138.4,-1.0,1,3,X,0.0,0.0,0.0,0.0,0.0,0.0,0.0,0.0,21,0.034970568550465285,16,27,-11,0,0,0,0,0,0,0,0,1,0
1com,C,18,GLU,-3.5,138.4,-1.0,1,3,X,0.0,0.0,0.0,0.0,0.0,0.0,0.0,0.0,13,0.030774100324409453,17,24,-7,0,0,0,0,0,0,0,0,1,0
1com,C,19,GLU,-3.5,138.4,-1.0,1,3,X,0.0,0.0,0.0,0.0,0.0,0.0,0.0,0.0,22,0.04289723075523742,29,36,-7,0,0,0,0,0,0,0,0,1,0
1com,C,20,ILE,4.5,166.7,0.0,0,0,X,0.0,0.0,0.0,0.0,0.0,0.0,0.0,0.0,35,0.05175644145468863,36,39,-3,0,0,0,0,0,0,0,0,1,0
1com,C,21,LEU,3.8,166.7,0.0,0,0,X,0.0,0.0,0.0,0.0,0.0,0.0,0.0,0.0,28,0.04942507021799094,31,32,-1,0,0,0,0,0,0,0,0,1,0
1com,C,22,GLN,-3.5,143.8,0.0,2,2,X,0.0,0.0,0.0,0.0,0.0,0.0,0.0,0.0,21,0.03916703677652112,20,34,-14,0,0,0,0,0,0,0,0,1,0
1com,C,23,LYS,-3.9,168.6,1.0,2,0,X,0.0,0.0,0.0,0.0,0.0,0.0,0.0,0.0,28,0.04755997322863279,16,34,-18,0,0,0,0,0,0,0,0,1,0
1com,C,24,THR,-0.7,116.1,0.0,1,1,X,0.0,0.0,0.0,0.0,0.0,0.0,0.0,0.0,42,0.048958795970651406,29,25,4,0,0,0,0,0,0,0,0,1,0
1com,C,25,LYS,-3.9,168.6,1.0,2,0,X,0.0,0.0,0.0,0.0,0.0,0.0,0.0,0.0,26,0.045694876239274644,20,21,-1,0,0,0,0,0,0,0,0,1,0
1com,C,26,GLN,-3.5,143.8,0.0,2,2,X,0.0,0.0,0.0,0.0,0.0,0.0,0.0,0.0,24,0.040565859518539735,27,22,5,0,0,0,0,0,0,0,0,1,0
1com,C,27,LEU,3.8,166.7,0.0,0,0,X,0.0,0.0,0.0,0.0,0.0,0.0,0.0,0.0,38,0.048026247475972325,37,19,18,0,0,0,0,0,0,0,0,1,0
1com,C,28,LEU,3.8,166.7,0.0,0,0,X,0.0,0.0,0.0,0.0,0.0,0.0,0.0,0.0,42,0.04429605349725603,26,20,6,0,0,0,0,0,0,0,0,1,0
1com,C,29,GLU,-3.5,138.4,-1.0,1,3,X,0.0,0.0,0.0,0.0,0.0,0.0,0.0,0.0,24,0.03916703677652112,22,17,5,0,0,0,0,0,0,0,0,1,0
1com,C,30,LYS,-3.9,168.6,1.0,2,0,X,0.0,0.0,0.0,0.0,0.0,0.0,0.0,0.0,24,0.03916703677652112,20,27,-7,0,0,0,0,0,0,0,0,1,0
1com,C,31,ILE,4.5,166.7,0.0,0,0,X,0.0,0.0,0.0,0.0,0.0,0.0,0.0,0.0,33,0.05408781269138631,40,26,14,0,0,0,0,0,0,0,0,1,0
1com,C,32,ILE,4.5,166.7,0.0,0,0,X,0.0,0.0,0.0,0.0,0.0,0.0,0.0,0.0,25,0.043363505002576956,32,27,5,0,0,0,0,0,0,0,0,1,0
1com,C,33,GLU,-3.5,138.4,-1.0,1,3,X,0.0,0.0,0.0,0.0,0.0,0.0,0.0,0.0,14,0.034970568550465285,28,18,10,0,0,0,0,0,0,0,0,1,0
1com,C,34,GLU,-3.5,138.4,-1.0,1,3,X,0.0,0.0,0.0,0.0,0.0,0.0,0.0,0.0,19,0.03730193978716297,35,14,21,0,0,0,0,0,0,0,0,1,0
1com,C,35,ASN,-3.5,114.1,0.0,2,2,X,0.0,0.0,0.0,0.0,0.0,0.0,0.0,0.0,28,0.04149840801321881,49,22,27,0,0,0,0,0,0,0,0,1,0
1com,C,36,HIS,-3.2,153.2,0.1,2,1,X,0.0,0.0,0.0,0.0,0.0,0.0,0.0,0.0,15,0.027510180593032695,17,21,-4,0,0,0,0,0,0,0,0,1,0
1com,C,37,THR,-0.7,116.1,0.0,1,1,X,0.0,0.0,0.0,0.0,0.0,0.0,0.0,0.0,27,0.043829779249916496,25,33,-8,0,0,0,0,0,0,0,0,1,0
1com,C,38,LYS,-3.9,168.6,1.0,2,0,X,0.0,0.0,0.0,0.0,0.0,0.0,0.0,0.0,18,0.03403802005578621,9,20,-11,0,0,0,0,0,0,0,0,1,0
1com,C,39,PRO,-1.6,112.7,0.0,0,0,X,0.0,0.0,0.0,0.0,0.0,0.0,0.0,0.0,27,0.04429605349725603,16,18,-2,0,0,0,0,0,0,0,0,1,0
1com,C,40,GLU,-3.5,138.4,-1.0,1,3,X,0.0,0.0,0.0,0.0,0.0,0.0,0.0,0.0,20,0.03730193978716297,17,13,4,0,0,0,0,0,0,0,0,1,0
1com,C,41,ASP,-3.5,111.1,-1.0,1,3,X,0.0,0.0,0.0,0.0,0.0,0.0,0.0,0.0,23,0.04289723075523742,23,10,13,0,0,0,0,0,0,0,0,1,0
1com,C,42,VAL,4.2,140.0,0.0,0,0,X,0.0,0.0,0.0,0.0,0.0,0.0,0.0,0.0,31,0.056419183928083996,22,17,5,0,0,0,0,0,0,0,0,1,0
1com,C,43,VAL,4.2,140.0,0.0,0,0,X,0.0,0.0,0.0,0.0,0.0,0.0,0.0,0.0,29,0.0526889899493677,17,12,5,0,0,0,0,0,0,0,0,1,0
1com,C,44,GLN,-3.5,143.8,0.0,2,2,X,0.0,0.0,0.0,0.0,0.0,0.0,0.0,0.0,27,0.04942507021799094,20,2,18,0,0,0,0,0,0,0,0,1,0
1com,C,45,MET,1.9,162.9,0.0,0,0,X,0.0,0.0,0.0,0.0,0.0,0.0,0.0,0.0,36,0.05175644145468863,8,2,6,0,0,0,0,0,0,0,0,1,0
1com,C,46,LEU,3.8,166.7,0.0,0,0,X,0.0,0.0,0.0,0.0,0.0,0.0,0.0,0.0,29,0.04616115048661418,14,1,13,0,0,0,0,0,0,0,0,1,0
1com,C,47,LEU,3.8,166.7,0.0,0,0,X,0.0,0.0,0.0,0.0,0.0,0.0,0.0,0.0,38,0.04616115048661418,14,6,8,0,0,0,0,0,0,0,0,1,0
1com,C,48,SER,-0.8,89.0,0.0,1,1,X,0.0,0.0,0.0,0.0,0.0,0.0,0.0,0.0,32,0.04942507021799094,19,15,4,0,0,0,0,0,0,0,0,1,0
1com,C,49,ALA,1.8,88.6,0.0,0,0,X,0.0,0.0,0.0,0.0,0.0,0.0,0.0,0.0,33,0.05129016720734909,30,31,-1,0,0,0,0,0,0,0,0,1,0
1com,C,50,THR,-0.7,116.1,0.0,1,1,X,0.0,0.0,0.0,0.0,0.0,0.0,0.0,0.0,28,0.04942507021799094,37,31,6,0,0,0,0,0,0,0,0,1,0
1com,C,51,PRO,-1.6,112.7,0.0,0,0,X,0.0,0.0,0.0,0.0,0.0,0.0,0.0,0.0,18,0.04243095650789788,26,38,-12,0,0,0,0,0,0,0,0,1,0
1com,C,52,ASP,-3.5,111.1,-1.0,1,3,X,0.0,0.0,0.0,0.0,0.0,0.0,0.0,0.0,23,0.03124037457174899,32,25,7,0,0,0,0,0,0,0,0,1,0
1com,C,53,LEU,3.8,166.7,0.0,0,0,X,0.0,0.0,0.0,0.0,0.0,0.0,0.0,0.0,35,0.04429605349725603,31,34,-3,0,0,0,0,0,0,0,0,1,0
1com,C,54,HIS,-3.2,153.2,0.1,2,1,X,0.0,0.0,0.0,0.0,0.0,0.0,0.0,0.0,24,0.03916703677652112,6,27,-21,0,0,0,0,0,0,0,0,1,0
1com,C,55,ALA,1.8,88.6,0.0,0,0,X,0.0,0.0,0.0,0.0,0.0,0.0,0.0,0.0,23,0.03590311704514436,17,35,-18,0,0,0,0,0,0,0,0,1,0
1com,C,56,VAL,4.2,140.0,0.0,0,0,X,0.0,0.0,0.0,0.0,0.0,0.0,0.0,0.0,29,0.043829779249916496,18,31,-13,0,0,0,0,0,0,0,0,1,0
1com,C,57,PHE,2.8,189.9,0.0,0,0,X,0.0,0.0,0.0,0.0,0.0,0.0,0.0,0.0,32,0.03823448828184205,22,19,3,0,0,0,0,0,0,0,0,1,1
1com,C,58,PRO,-1.6,112.7,0.0,0,0,X,0.0,0.0,0.0,0.0,0.0,0.0,0.0,0.0,42,0.043829779249916496,26,13,13,0,0,0,0,0,0,0,0,1,0
1com,C,59,ALA,1.8,88.6,0.0,0,0,X,0.0,0.0,0.0,0.0,0.0,0.0,0.0,0.0,32,0.04103213376587927,27,9,18,0,0,0,0,0,0,0,0,1,1
1com,C,60,LYS,-3.9,168.6,1.0,2,0,X,0.0,0.0,0.0,0.0,0.0,0.0,0.0,0.0,22,0.03730193978716297,14,20,-6,0,0,0,0,0,0,0,0,1,0
1com,C,61,ALA,1.8,88.6,0.0,0,0,X,0.0,0.0,0.0,0.0,0.0,0.0,0.0,0.0,31,0.043363505002576956,33,22,11,0,0,0,0,0,0,0,0,1,0
1com,C,62,VAL,4.2,140.0,0.0,0,0,X,0.0,0.0,0.0,0.0,0.0,0.0,0.0,0.0,31,0.04476232774459557,26,11,15,0,0,0,0,0,0,0,0,1,0
1com,C,63,ARG,-4.5,173.4,1.0,5,0,X,0.0,0.0,0.0,0.0,0.0,0.0,0.0,0.0,20,0.03357174580844668,8,9,-1,0,0,0,0,0,0,0,0,1,0
1com,C,64,GLU,-3.5,138.4,-1.0,1,3,X,0.0,0.0,0.0,0.0,0.0,0.0,0.0,0.0,19,0.02844272908771177,26,4,22,0,0,0,0,0,0,0,0,1,0
1com,C,65,LEU,3.8,166.7,0.0,0,0,X,0.0,0.0,0.0,0.0,0.0,0.0,0.0,0.0,27,0.03683566553982344,22,18,4,0,0,0,0,0,0,0,0,1,0
1com,C,66,SER,-0.8,89.0,0.0,1,1,X,0.0,0.0,0.0,0.0,0.0,0.0,0.0,0.0,17,0.023779986614316396,12,11,1,0,0,0,0,0,0,0,0,1,0
1com,C,67,GLY,-0.4,60.1,0.0,0,0,X,0.0,0.0,0.0,0.0,0.0,0.0,0.0,0.0,19,0.030307826077069916,19,17,2,0,0,0,0,0,0,0,0,1,0
1com,C,68,TRP,-0.9,227.8,0.0,1,0,X,0.0,0.0,0.0,0.0,0.0,0.0,0.0,0.0,29,0.048026247475972325,21,22,-1,0,0,0,0,0,0,0,0,1,0
1com,C,69,GLN,-3.5,143.8,0.0,2,2,X,0.0,0.0,0.0,0.0,0.0,0.0,0.0,0.0,15,0.03590311704514436,11,14,-3,0,0,0,0,0,0,0,0,1,0
1com,C,70,TYR,-1.3,193.6,0.0,1,1,X,0.0,0.0,0.0,0.0,0.0,0.0,0.0,0.0,22,0.03870076252918159,20,12,8,0,0,0,0,0,0,0,0,1,0
1com,C,71,VAL,4.2,140.0,0.0,0,0,X,0.0,0.0,0.0,0.0,0.0,0.0,0.0,0.0,39,0.050823892960009553,31,13,18,0,0,0,0,0,0,0,0,1,0
1com,C,72,PRO,-1.6,112.7,0.0,0,0,X,0.0,0.0,0.0,0.0,0.0,0.0,0.0,0.0,34,0.04476232774459557,34,3,31,0,0,0,0,0,0,0,0,1,0
1com,C,73,VAL,4.2,140.0,0.0,0,0,X,0.0,0.0,0.0,0.0,0.0,0.0,0.0,0.0,34,0.040099585271200194,36,3,33,0,0,0,0,0,0,0,0,1,1
1com,C,74,THR,-0.7,116.1,0.0,1,1,X,0.0,0.0,0.0,0.0,0.0,0.0,0.0,0.0,30,0.04243095650789788,25,8,17,0,0,0,0,0,0,0,0,1,1
1com,C,75,CYS,2.5,108.5,0.0,1,0,X,0.0,0.0,0.0,0.0,0.0,0.0,0.0,0.0,27,0.048958795970651406,22,14,8,0,0,0,0,0,0,0,0,1,1
1com,C,76,MET,1.9,162.9,0.0,0,0,X,0.0,0.0,0.0,0.0,0.0,0.0,0.0,0.0,22,0.05129016720734909,9,22,-13,0,0,0,0,0,0,0,0,1,0
1com,C,77,GLN,-3.5,143.8,0.0,2,2,X,0.0,0.0,0.0,0.0,0.0,0.0,0.0,0.0,17,0.05502036118606539,6,47,-41,0,0,0,0,0,0,0,0,1,0
1com,C,78,GLU,-3.5,138.4,-1.0,1,3,X,0.0,0.0,0.0,0.0,0.0,0.0,0.0,0.0,27,0.04942507021799094,20,11,9,0,0,0,0,0,0,0,0,1,1
1com,C,79,MET,1.9,162.9,0.0,0,0,X,0.0,0.0,0.0,0.0,0.0,0.0,0.0,0.0,28,0.05222271570202816,15,27,-12,0,0,0,0,0,0,0,0,1,0
1com,C,80,ASP,-3.5,111.1,-1.0,1,3,X,0.0,0.0,0.0,0.0,0.0,0.0,0.0,0.0,20,0.04243095650789788,16,22,-6,0,0,0,0,0,0,0,0,1,0
1com,C,81,VAL,4.2,140.0,0.0,0,0,X,0.0,0.0,0.0,0.0,0.0,0.0,0.0,0.0,24,0.03776821403450251,20,23,-3,0,0,0,0,0,0,0,0,1,0
1com,C,82,THR,-0.7,116.1,0.0,1,1,X,0.0,0.0,0.0,0.0,0.0,0.0,0.0,0.0,15,0.025645083603674543,14,18,-4,0,0,0,0,0,0,0,0,1,0
1com,C,83,GLY,-0.4,60.1,0.0,0,0,X,0.0,0.0,0.0,0.0,0.0,0.0,0.0,0.0,16,0.017718421398902413,15,9,6,0,0,0,0,0,0,0,0,1,0
1com,C,84,GLY,-0.4,60.1,0.0,0,0,X,0.0,0.0,0.0,0.0,0.0,0.0,0.0,0.0,21,0.028909003335051305,22,18,4,0,0,0,0,0,0,0,0,1,0
1com,C,85,LEU,3.8,166.7,0.0,0,0,X,0.0,0.0,0.0,0.0,0.0,0.0,0.0,0.0,30,0.030307826077069916,34,13,21,0,0,0,0,0,0,0,0,1,0
1com,C,86,LYS,-3.9,168.6,1.0,2,0,X,0.0,0.0,0.0,0.0,0.0,0.0,0.0,0.0,24,0.032172923066428064,19,17,2,0,0,0,0,0,0,0,0,1,0
1com,C,87,LYS,-3.9,168.6,1.0,2,0,X,0.0,0.0,0.0,0.0,0.0,0.0,0.0,0.0,24,0.04616115048661418,33,32,1,0,0,0,0,0,0,0,0,1,0
1com,C,88,CYS,2.5,108.5,0.0,1,0,X,0.0,0.0,0.0,0.0,0.0,0.0,0.0,0.0,39,0.04709369898129325,39,22,17,0,0,0,0,0,0,0,0,1,0
1com,C,89,ILE,4.5,166.7,0.0,0,0,X,0.0,0.0,0.0,0.0,0.0,0.0,0.0,0.0,46,0.04989134446533048,33,13,20,0,0,0,0,0,0,0,0,1,0
1com,C,90,ARG,-4.5,173.4,1.0,5,0,X,0.0,0.0,0.0,0.0,0.0,0.0,0.0,0.0,37,0.04616115048661418,20,9,11,0,0,0,0,0,0,0,0,1,1
1com,C,91,VAL,4.2,140.0,0.0,0,0,X,0.0,0.0,0.0,0.0,0.0,0.0,0.0,0.0,36,0.04709369898129325,28,1,27,0,0,0,0,0,0,0,0,1,0
1com,C,92,MET,1.9,162.9,0.0,0,0,X,0.0,0.0,0.0,0.0,0.0,0.0,0.0,0.0,30,0.05129016720734909,28,0,28,0,0,0,0,0,0,0,0,1,0
1com,C,93,MET,1.9,162.9,0.0,0,0,X,0.0,0.0,0.0,0.0,0.0,0.0,0.0,0.0,37,0.048958795970651406,26,5,21,0,0,0,0,0,0,0,0,1,0
1com,C,94,THR,-0.7,116.1,0.0,1,1,X,0.0,0.0,0.0,0.0,0.0,0.0,0.0,0.0,26,0.04989134446533048,17,5,12,0,0,0,0,0,0,0,0,1,0
1com,C,95,VAL,4.2,140.0,0.0,0,0,X,0.0,0.0,0.0,0.0,0.0,0.0,0.0,0.0,30,0.04989134446533048,20,15,5,0,0,0,0,0,0,0,0,1,0
1com,C,96,GLN,-3.5,143.8,0.0,2,2,X,0.0,0.0,0.0,0.0,0.0,0.0,0.0,0.0,17,0.040099585271200194,20,23,-3,0,0,0,0,0,0,0,0,1,0
1com,C,97,THR,-0.7,116.1,0.0,1,1,X,0.0,0.0,0.0,0.0,0.0,0.0,0.0,0.0,22,0.03450429430312575,17,16,1,0,0,0,0,0,0,0,0,1,0
1com,C,98,ASP,-3.5,111.1,-1.0,1,3,X,0.0,0.0,0.0,0.0,0.0,0.0,0.0,0.0,13,0.022847438119637322,9,3,6,0,0,0,0,0,0,0,0,1,0
1com,C,99,VAL,4.2,140.0,0.0,0,0,X,0.0,0.0,0.0,0.0,0.0,0.0,0.0,0.0,19,0.030307826077069916,22,18,4,0,0,0,0,0,0,0,0,1,0
1com,C,100,PRO,-1.6,112.7,0.0,0,0,X,0.0,0.0,0.0,0.0,0.0,0.0,0.0,0.0,16,0.03310547156110714,14,21,-7,0,0,0,0,0,0,0,0,1,0
1com,C,101,GLN,-3.5,143.8,0.0,2,2,X,0.0,0.0,0.0,0.0,0.0,0.0,0.0,0.0,29,0.04149840801321881,19,26,-7,0,0,0,0,0,0,0,0,1,0
1com,C,102,ASP,-3.5,111.1,-1.0,1,3,X,0.0,0.0,0.0,0.0,0.0,0.0,0.0,0.0,16,0.03310547156110714,16,9,7,0,0,0,0,0,0,0,0,1,0
1com,C,103,GLN,-3.5,143.8,0.0,2,2,X,0.0,0.0,0.0,0.0,0.0,0.0,0.0,0.0,13,0.03170664881908853,16,15,1,0,0,0,0,0,0,0,0,1,0
1com,C,104,ILE,4.5,166.7,0.0,0,0,X,0.0,0.0,0.0,0.0,0.0,0.0,0.0,0.0,30,0.04429605349725603,39,16,23,0,0,0,0,0,0,0,0,1,0
1com,C,105,ARG,-4.5,173.4,1.0,5,0,X,0.0,0.0,0.0,0.0,0.0,0.0,0.0,0.0,22,0.03963331102386066,29,20,9,0,0,0,0,0,0,0,0,1,0
1com,C,106,HIS,-3.2,153.2,0.1,2,1,X,0.0,0.0,0.0,0.0,0.0,0.0,0.0,0.0,32,0.043363505002576956,38,17,21,0,0,0,0,0,0,0,0,1,0
1com,C,107,VAL,4.2,140.0,0.0,0,0,X,0.0,0.0,0.0,0.0,0.0,0.0,0.0,0.0,32,0.045228601991935104,49,17,32,0,0,0,0,0,0,0,0,1,0
1com,C,108,TYR,-1.3,193.6,0.0,1,1,X,0.0,0.0,0.0,0.0,0.0,0.0,0.0,0.0,31,0.04476232774459557,50,12,38,0,0,0,0,0,0,0,0,1,1
1com,C,109,LEU,3.8,166.7,0.0,0,0,X,0.0,0.0,0.0,0.0,0.0,0.0,0.0,0.0,31,0.040099585271200194,32,11,21,0,0,0,0,0,0,0,0,1,0
1com,C,110,GLU,-3.5,138.4,-1.0,1,3,X,0.0,0.0,0.0,0.0,0.0,0.0,0.0,0.0,24,0.032172923066428064,21,10,11,0,0,0,0,0,0,0,0,1,0
1com,C,111,LYS,-3.9,168.6,1.0,2,0,X,0.0,0.0,0.0,0.0,0.0,0.0,0.0,0.0,19,0.035436842797804825,13,18,-5,0,0,0,0,0,0,0,0,1,0
1com,C,112,ALA,1.8,88.6,0.0,0,0,X,0.0,0.0,0.0,0.0,0.0,0.0,0.0,0.0,24,0.043829779249916496,33,9,24,0,0,0,0,0,0,0,0,1,0
1com,C,113,VAL,4.2,140.0,0.0,0,0,X,0.0,0.0,0.0,0.0,0.0,0.0,0.0,0.0,19,0.0363693912924839,15,10,5,0,0,0,0,0,0,0,0,1,0
1com,C,114,VAL,4.2,140.0,0.0,0,0,X,0.0,0.0,0.0,0.0,0.0,0.0,0.0,0.0,20,0.02611135785101408,17,6,11,0,0,0,0,0,0,0,0,1,0
1com,C,115,LEU,3.8,166.7,0.0,0,0,X,0.0,0.0,0.0,0.0,0.0,0.0,0.0,0.0,29,0.030774100324409453,34,7,27,0,0,0,0,0,0,0,0,1,1
1com,C,116,ARG,-4.5,173.4,1.0,5,0,X,0.0,0.0,0.0,0.0,0.0,0.0,0.0,0.0,25,0.032639197313767604,33,8,25,0,0,0,0,0,0,0,0,1,1
1com,C,117,PRO,-1.6,112.7,0.0,0,0,X,0.0,0.0,0.0,0.0,0.0,0.0,0.0,0.0,13,0.03170664881908853,18,8,10,0,0,0,0,0,0,0,0,1,0
1com,C,118,ASP,-3.5,111.1,-1.0,1,3,X,0.0,0.0,0.0,0.0,0.0,0.0,0.0,0.0,14,0.026577632098353617,25,0,25,0,0,0,0,0,0,0,0,1,0
1com,C,119,LEU,3.8,166.7,0.0,0,0,X,0.0,0.0,0.0,0.0,0.0,0.0,0.0,0.0,23,0.034970568550465285,40,11,29,0,0,0,0,0,0,0,0,1,0
1com,C,120,SER,-0.8,89.0,0.0,1,1,X,0.0,0.0,0.0,0.0,0.0,0.0,0.0,0.0,17,0.02331371236697686,24,9,15,0,0,0,0,0,0,0,0,1,0
1com,D,2,MET,1.9,162.9,0.0,0,0,X,0.0,0.0,0.0,0.0,0.0,0.0,0.0,0.0,18,0.03310547156110714,12,22,-10,0,0,0,0,0,0,0,0,1,0
1com,D,3,ILE,4.5,166.7,0.0,0,0,X,0.0,0.0,0.0,0.0,0.0,0.0,0.0,0.0,19,0.04429605349725603,15,14,1,0,0,0,0,0,0,0,0,1,0
1com,D,4,ARG,-4.5,173.4,1.0,5,0,X,0.0,0.0,0.0,0.0,0.0,0.0,0.0,0.0,31,0.04942507021799094,6,24,-18,0,0,0,0,0,0,0,0,1,0
1com,D,5,GLY,-0.4,60.1,0.0,0,0,X,0.0,0.0,0.0,0.0,0.0,0.0,0.0,0.0,37,0.048492521723311866,35,2,33,0,0,0,0,0,0,0,0,1,0
1com,D,6,ILE,4.5,166.7,0.0,0,0,X,0.0,0.0,0.0,0.0,0.0,0.0,0.0,0.0,42,0.04989134446533048,38,5,33,0,0,0,0,0,0,0,0,1,0
1com,D,7,ARG,-4.5,173.4,1.0,5,0,X,0.0,0.0,0.0,0.0,0.0,0.0,0.0,0.0,41,0.04989134446533048,31,1,30,0,0,0,0,0,0,0,0,1,1
1com,D,8,GLY,-0.4,60.1,0.0,0,0,X,0.0,0.0,0.0,0.0,0.0,0.0,0.0,0.0,38,0.048958795970651406,40,1,39,0,0,0,0,0,0,0,0,1,0
1com,D,9,ALA,1.8,88.6,0.0,0,0,X,0.0,0.0,0.0,0.0,0.0,0.0,0.0,0.0,35,0.04989134446533048,43,9,34,0,0,0,0,0,0,0,0,1,0
1com,D,10,THR,-0.7,116.1,0.0,1,1,X,0.0,0.0,0.0,0.0,0.0,0.0,0.0,0.0,39,0.04942507021799094,43,16,27,0,0,0,0,0,0,0,0,1,0
1com,D,11,THR,-0.7,116.1,0.0,1,1,X,0.0,0.0,0.0,0.0,0.0,0.0,0.0,0.0,32,0.048492521723311866,45,29,16,0,0,0,0,0,0,0,0,1,0
1com,D,12,VAL,4.2,140.0,0.0,0,0,X,0.0,0.0,0.0,0.0,0.0,0.0,0.0,0.0,32,0.04989134446533048,44,49,-5,0,0,0,0,0,0,0,0,1,0
1com,D,13,GLU,-3.5,138.4,-1.0,1,3,X,0.0,0.0,0.0,0.0,0.0,0.0,0.0,0.0,16,0.02984155182973038,36,21,15,0,0,0,0,0,0,0,0,1,0
1com,D,14,ARG,-4.5,173.4,1.0,5,0,X,0.0,0.0,0.0,0.0,0.0,0.0,0.0,0.0,15,0.030307826077069916,13,36,-23,0,0,0,0,0,0,0,0,1,0
1com,D,15,ASP,-3.5,111.1,-1.0,1,3,X,0.0,0.0,0.0,0.0,0.0,0.0,0.0,0.0,26,0.04103213376587927,28,34,-6,0,0,0,0,0,0,0,0,1,0
1com,D,16,THR,-0.7,116.1,0.0,1,1,X,0.0,0.0,0.0,0.0,0.0,0.0,0.0,0.0,19,0.03310547156110714,23,42,-19,0,0,0,0,0,0,0,0,1,0
1com,D,17,GLU,-3.5,138.4,-1.0,1,3,X,0.0,0.0,0.0,0.0,0.0,0.0,0.0,0.0,21,0.03450429430312575,16,25,-9,0,0,0,0,0,0,0,0,1,0
1com,D,18,GLU,-3.5,138.4,-1.0,1,3,X,0.0,0.0,0.0,0.0,0.0,0.0,0.0,0.0,17,0.030307826077069916,19,24,-5,0,0,0,0,0,0,0,0,1,0
1com,D,19,GLU,-3.5,138.4,-1.0,1,3,X,0.0,0.0,0.0,0.0,0.0,0.0,0.0,0.0,22,0.04429605349725603,27,36,-9,0,0,0,0,0,0,0,0,1,0
1com,D,20,ILE,4.5,166.7,0.0,0,0,X,0.0,0.0,0.0,0.0,0.0,0.0,0.0,0.0,35,0.05595290968074446,36,43,-7,0,0,0,0,0,0,0,0,1,0
1com,D,21,LEU,3.8,166.7,0.0,0,0,X,0.0,0.0,0.0,0.0,0.0,0.0,0.0,0.0,28,0.048026247475972325,33,34,-1,0,0,0,0,0,0,0,0,1,0
1com,D,22,GLN,-3.5,143.8,0.0,2,2,X,0.0,0.0,0.0,0.0,0.0,0.0,0.0,0.0,22,0.040565859518539735,22,36,-14,0,0,0,0,0,0,0,0,1,0
1com,D,23,LYS,-3.9,168.6,1.0,2,0,X,0.0,0.0,0.0,0.0,0.0,0.0,0.0,0.0,27,0.048026247475972325,16,34,-18,0,0,0,0,0,0,0,0,1,0
1com,D,24,THR,-0.7,116.1,0.0,1,1,X,0.0,0.0,0.0,0.0,0.0,0.0,0.0,0.0,42,0.05129016720734909,31,28,3,0,0,0,0,0,0,0,0,1,0
1com,D,25,LYS,-3.9,168.6,1.0,2,0,X,0.0,0.0,0.0,0.0,0.0,0.0,0.0,0.0,25,0.04755997322863279,20,22,-2,0,0,0,0,0,0,0,0,1,0
1com,D,26,GLN,-3.5,143.8,0.0,2,2,X,0.0,0.0,0.0,0.0,0.0,0.0,0.0,0.0,25,0.03963331102386066,27,28,-1,0,0,0,0,0,0,0,0,1,0
1com,D,27,LEU,3.8,166.7,0.0,0,0,X,0.0,0.0,0.0,0.0,0.0,0.0,0.0,0.0,39,0.050823892960009553,38,20,18,0,0,0,0,0,0,0,0,1,0
1com,D,28,LEU,3.8,166.7,0.0,0,0,X,0.0,0.0,0.0,0.0,0.0,0.0,0.0,0.0,43,0.045694876239274644,27,20,7,0,0,0,0,0,0,0,0,1,0
1com,D,29,GLU,-3.5,138.4,-1.0,1,3,X,0.0,0.0,0.0,0.0,0.0,0.0,0.0,0.0,22,0.03683566553982344,22,21,1,0,0,0,0,0,0,0,0,1,0
1com,D,30,LYS,-3.9,168.6,1.0,2,0,X,0.0,0.0,0.0,0.0,0.0,0.0,0.0,0.0,23,0.03963331102386066,17,27,-10,0,0,0,0,0,0,0,0,1,0
1com,D,31,ILE,4.5,166.7,0.0,0,0,X,0.0,0.0,0.0,0.0,0.0,0.0,0.0,0.0,33,0.053621538444046775,40,25,15,0,0,0,0,0,0,0,0,1,0
1com,D,32,ILE,4.5,166.7,0.0,0,0,X,0.0,0.0,0.0,0.0,0.0,0.0,0.0,0.0,25,0.04149840801321881,31,27,4,0,0,0,0,0,0,0,0,1,0
1com,D,33,GLU,-3.5,138.4,-1.0,1,3,X,0.0,0.0,0.0,0.0,0.0,0.0,0.0,0.0,15,0.034970568550465285,27,18,9,0,0,0,0,0,0,0,0,1,0
1com,D,34,GLU,-3.5,138.4,-1.0,1,3,X,0.0,0.0,0.0,0.0,0.0,0.0,0.0,0.0,20,0.03776821403450251,38,14,24,0,0,0,0,0,0,0,0,1,0
1com,D,35,ASN,-3.5,114.1,0.0,2,2,X,0.0,0.0,0.0,0.0,0.0,0.0,0.0,0.0,28,0.040565859518539735,48,20,28,0,0,0,0,0,0,0,0,1,0
1com,D,36,HIS,-3.2,153.2,0.1,2,1,X,0.0,0.0,0.0,0.0,0.0,0.0,0.0,0.0,18,0.027510180593032695,20,18,2,0,0,0,0,0,0,0,0,1,0
1com,D,37,THR,-0.7,116.1,0.0,1,1,X,0.0,0.0,0.0,0.0,0.0,0.0,0.0,0.0,28,0.04196468226055834,24,33,-9,0,0,0,0,0,0,0,0,1,0
1com,D,38,LYS,-3.9,168.6,1.0,2,0,X,0.0,0.0,0.0,0.0,0.0,0.0,0.0,0.0,19,0.032639197313767604,9,19,-10,0,0,0,0,0,0,0,0,1,0
1com,D,39,PRO,-1.6,112.7,0.0,0,0,X,0.0,0.0,0.0,0.0,0.0,0.0,0.0,0.0,27,0.04149840801321881,16,18,-2,0,0,0,0,0,0,0,0,1,0
1com,D,40,GLU,-3.5,138.4,-1.0,1,3,X,0.0,0.0,0.0,0.0,0.0,0.0,0.0,0.0,22,0.03450429430312575,17,13,4,0,0,0,0,0,0,0,0,1,0
1com,D,41,ASP,-3.5,111.1,-1.0,1,3,X,0.0,0.0,0.0,0.0,0.0,0.0,0.0,0.0,22,0.04196468226055834,23,10,13,0,0,0,0,0,0,0,0,1,0
1com,D,42,VAL,4.2,140.0,0.0,0,0,X,0.0,0.0,0.0,0.0,0.0,0.0,0.0,0.0,30,0.05548663543340492,21,17,4,0,0,0,0,0,0,0,0,1,0
1com,D,43,VAL,4.2,140.0,0.0,0,0,X,0.0,0.0,0.0,0.0,0.0,0.0,0.0,0.0,29,0.053621538444046775,17,12,5,0,0,0,0,0,0,0,0,1,0
1com,D,44,GLN,-3.5,143.8,0.0,2,2,X,0.0,0.0,0.0,0.0,0.0,0.0,0.0,0.0,27,0.05129016720734909,20,2,18,0,0,0,0,0,0,0,0,1,0
1com,D,45,MET,1.9,162.9,0.0,0,0,X,0.0,0.0,0.0,0.0,0.0,0.0,0.0,0.0,36,0.05129016720734909,8,0,8,0,0,0,0,0,0,0,0,1,0
1com,D,46,LEU,3.8,166.7,0.0,0,0,X,0.0,0.0,0.0,0.0,0.0,0.0,0.0,0.0,28,0.045228601991935104,13,2,11,0,0,0,0,0,0,0,0,1,0
1com,D,47,LEU,3.8,166.7,0.0,0,0,X,0.0,0.0,0.0,0.0,0.0,0.0,0.0,0.0,37,0.045228601991935104,12,7,5,0,0,0,0,0,0,0,0,1,0
1com,D,48,SER,-0.8,89.0,0.0,1,1,X,0.0,0.0,0.0,0.0,0.0,0.0,0.0,0.0,30,0.04942507021799094,18,14,4,0,0,0,0,0,0,0,0,1,0
1com,D,49,ALA,1.8,88.6,0.0,0,0,X,0.0,0.0,0.0,0.0,0.0,0.0,0.0,0.0,34,0.05408781269138631,30,33,-3,0,0,0,0,0,0,0,0,1,0
1com,D,50,THR,-0.7,116.1,0.0,1,1,X,0.0,0.0,0.0,0.0,0.0,0.0,0.0,0.0,29,0.050823892960009553,38,32,6,0,0,0,0,0,0,0,0,1,0
1com,D,51,PRO,-1.6,112.7,0.0,0,0,X,0.0,0.0,0.0,0.0,0.0,0.0,0.0,0.0,19,0.04196468226055834,28,39,-11,0,0,0,0,0,0,0,0,1,0
1com,D,52,ASP,-3.5,111.1,-1.0,1,3,X,0.0,0.0,0.0,0.0,0.0,0.0,0.0,0.0,23,0.03124037457174899,32,25,7,0,0,0,0,0,0,0,0,1,0
1com,D,53,LEU,3.8,166.7,0.0,0,0,X,0.0,0.0,0.0,0.0,0.0,0.0,0.0,0.0,35,0.04616115048661418,30,37,-7,0,0,0,0,0,0,0,0,1,0
1com,D,54,HIS,-3.2,153.2,0.1,2,1,X,0.0,0.0,0.0,0.0,0.0,0.0,0.0,0.0,23,0.04149840801321881,4,27,-23,0,0,0,0,0,0,0,0,1,0
1com,D,55,ALA,1.8,88.6,0.0,0,0,X,0.0,0.0,0.0,0.0,0.0,0.0,0.0,0.0,25,0.03963331102386066,18,36,-18,0,0,0,0,0,0,0,0,1,0
1com,D,56,VAL,4.2,140.0,0.0,0,0,X,0.0,0.0,0.0,0.0,0.0,0.0,0.0,0.0,30,0.04476232774459557,19,32,-13,0,0,0,0,0,0,0,0,1,0
1com,D,57,PHE,2.8,189.9,0.0,0,0,X,0.0,0.0,0.0,0.0,0.0,0.0,0.0,0.0,34,0.04103213376587927,27,22,5,0,0,0,0,0,0,0,0,1,1
1com,D,58,PRO,-1.6,112.7,0.0,0,0,X,0.0,0.0,0.0,0.0,0.0,0.0,0.0,0.0,41,0.04616115048661418,29,12,17,0,0,0,0,0,0,0,0,1,0
1com,D,59,ALA,1.8,88.6,0.0,0,0,X,0.0,0.0,0.0,0.0,0.0,0.0,0.0,0.0,34,0.04103213376587927,33,10,23,0,0,0,0,0,0,0,0,1,1
1com,D,60,LYS,-3.9,168.6,1.0,2,0,X,0.0,0.0,0.0,0.0,0.0,0.0,0.0,0.0,24,0.0363693912924839,22,20,2,0,0,0,0,0,0,0,0,1,0
1com,D,61,ALA,1.8,88.6,0.0,0,0,X,0.0,0.0,0.0,0.0,0.0,0.0,0.0,0.0,30,0.04429605349725603,33,22,11,0,0,0,0,0,0,0,0,1,0
1com,D,62,VAL,4.2,140.0,0.0,0,0,X,0.0,0.0,0.0,0.0,0.0,0.0,0.0,0.0,34,0.04709369898129325,32,14,18,0,0,0,0,0,0,0,0,1,0
1com,D,63,ARG,-4.5,173.4,1.0,5,0,X,0.0,0.0,0.0,0.0,0.0,0.0,0.0,0.0,25,0.03916703677652112,19,14,5,0,0,0,0,0,0,0,0,1,1
1com,D,64,GLU,-3.5,138.4,-1.0,1,3,X,0.0,0.0,0.0,0.0,0.0,0.0,0.0,0.0,19,0.029375277582390842,29,7,22,0,0,0,0,0,0,0,0,1,0
1com,D,65,LEU,3.8,166.7,0.0,0,0,X,0.0,0.0,0.0,0.0,0.0,0.0,0.0,0.0,27,0.03730193978716297,22,18,4,0,0,0,0,0,0,0,0,1,0
1com,D,66,SER,-0.8,89.0,0.0,1,1,X,0.0,0.0,0.0,0.0,0.0,0.0,0.0,0.0,16,0.022847438119637322,11,13,-2,0,0,0,0,0,0,0,0,1,0
1com,D,67,GLY,-0.4,60.1,0.0,0,0,X,0.0,0.0,0.0,0.0,0.0,0.0,0.0,0.0,19,0.028909003335051305,12,11,1,0,0,0,0,0,0,0,0,1,0
1com,D,68,TRP,-0.9,227.8,0.0,1,0,X,0.0,0.0,0.0,0.0,0.0,0.0,0.0,0.0,30,0.043363505002576956,16,17,-1,0,0,0,0,0,0,0,0,1,0
1com,D,69,GLN,-3.5,143.8,0.0,2,2,X,0.0,0.0,0.0,0.0,0.0,0.0,0.0,0.0,18,0.03776821403450251,15,20,-5,0,0,0,0,0,0,0,0,1,0
1com,D,70,TYR,-1.3,193.6,0.0,1,1,X,0.0,0.0,0.0,0.0,0.0,0.0,0.0,0.0,24,0.03963331102386066,24,18,6,0,0,0,0,0,0,0,0,1,0
1com,D,71,VAL,4.2,140.0,0.0,0,0,X,0.0,0.0,0.0,0.0,0.0,0.0,0.0,0.0,39,0.04989134446533048,35,13,22,0,0,0,0,0,0,0,0,1,0
1com,D,72,PRO,-1.6,112.7,0.0,0,0,X,0.0,0.0,0.0,0.0,0.0,0.0,0.0,0.0,35,0.045694876239274644,37,2,35,0,0,0,0,0,0,0,0,1,0
1com,D,73,VAL,4.2,140.0,0.0,0,0,X,0.0,0.0,0.0,0.0,0.0,0.0,0.0,0.0,37,0.03963331102386066,41,2,39,0,0,0,0,0,0,0,0,1,1
1com,D,74,THR,-0.7,116.1,0.0,1,1,X,0.0,0.0,0.0,0.0,0.0,0.0,0.0,0.0,31,0.040099585271200194,24,8,16,0,0,0,0,0,0,0,0,1,1
1com,D,75,CYS,2.5,108.5,0.0,1,0,X,0.0,0.0,0.0,0.0,0.0,0.0,0.0,0.0,26,0.048958795970651406,22,15,7,0,0,0,0,0,0,0,0,1,1
1com,D,76,MET,1.9,162.9,0.0,0,0,X,0.0,0.0,0.0,0.0,0.0,0.0,0.0,0.0,22,0.053621538444046775,9,22,-13,0,0,0,0,0,0,0,0,1,0
1com,D,77,GLN,-3.5,143.8,0.0,2,2,X,0.0,0.0,0.0,0.0,0.0,0.0,0.0,0.0,18,0.05455408693872585,8,46,-38,0,0,0,0,0,0,0,0,1,0
1com,D,78,GLU,-3.5,138.4,-1.0,1,3,X,0.0,0.0,0.0,0.0,0.0,0.0,0.0,0.0,26,0.05129016720734909,16,10,6,0,0,0,0,0,0,0,0,1,1
1com,D,79,MET,1.9,162.9,0.0,0,0,X,0.0,0.0,0.0,0.0,0.0,0.0,0.0,0.0,28,0.053155264196707235,16,28,-12,0,0,0,0,0,0,0,0,1,0
1com,D,80,ASP,-3.5,111.1,-1.0,1,3,X,0.0,0.0,0.0,0.0,0.0,0.0,0.0,0.0,22,0.04196468226055834,22,22,0,0,0,0,0,0,0,0,0,1,0
1com,D,81,VAL,4.2,140.0,0.0,0,0,X,0.0,0.0,0.0,0.0,0.0,0.0,0.0,0.0,24,0.03916703677652112,21,22,-1,0,0,0,0,0,0,0,0,1,0
1com,D,82,THR,-0.7,116.1,0.0,1,1,X,0.0,0.0,0.0,0.0,0.0,0.0,0.0,0.0,16,0.025645083603674543,14,20,-6,0,0,0,0,0,0,0,0,1,0
1com,D,83,GLY,-0.4,60.1,0.0,0,0,X,0.0,0.0,0.0,0.0,0.0,0.0,0.0,0.0,14,0.01678587290422334,14,9,5,0,0,0,0,0,0,0,0,1,0
1com,D,84,GLY,-0.4,60.1,0.0,0,0,X,0.0,0.0,0.0,0.0,0.0,0.0,0.0,0.0,22,0.027510180593032695,22,15,7,0,0,0,0,0,0,0,0,1,0
1com,D,85,LEU,3.8,166.7,0.0,0,0,X,0.0,0.0,0.0,0.0,0.0,0.0,0.0,0.0,29,0.028909003335051305,36,15,21,0,0,0,0,0,0,0,0,1,0
1com,D,86,LYS,-3.9,168.6,1.0,2,0,X,0.0,0.0,0.0,0.0,0.0,0.0,0.0,0.0,22,0.032172923066428064,19,18,1,0,0,0,0,0,0,0,0,1,0
1com,D,87,LYS,-3.9,168.6,1.0,2,0,X,0.0,0.0,0.0,0.0,0.0,0.0,0.0,0.0,25,0.045228601991935104,29,32,-3,0,0,0,0,0,0,0,0,1,0
1com,D,88,CYS,2.5,108.5,0.0,1,0,X,0.0,0.0,0.0,0.0,0.0,0.0,0.0,0.0,39,0.045694876239274644,39,23,16,0,0,0,0,0,0,0,0,1,0
1com,D,89,ILE,4.5,166.7,0.0,0,0,X,0.0,0.0,0.0,0.0,0.0,0.0,0.0,0.0,46,0.05222271570202816,33,14,19,0,0,0,0,0,0,0,0,1,0
1com,D,90,ARG,-4.5,173.4,1.0,5,0,X,0.0,0.0,0.0,0.0,0.0,0.0,0.0,0.0,36,0.04709369898129325,19,9,10,0,0,0,0,0,0,0,0,1,1
1com,D,91,VAL,4.2,140.0,0.0,0,0,X,0.0,0.0,0.0,0.0,0.0,0.0,0.0,0.0,36,0.04709369898129325,29,1,28,0,0,0,0,0,0,0,0,1,0
1com,D,92,MET,1.9,162.9,0.0,0,0,X,0.0,0.0,0.0,0.0,0.0,0.0,0.0,0.0,31,0.05129016720734909,29,1,28,0,0,0,0,0,0,0,0,1,0
1com,D,93,MET,1.9,162.9,0.0,0,0,X,0.0,0.0,0.0,0.0,0.0,0.0,0.0,0.0,38,0.04989134446533048,24,4,20,0,0,0,0,0,0,0,0,1,0
1com,D,94,THR,-0.7,116.1,0.0,1,1,X,0.0,0.0,0.0,0.0,0.0,0.0,0.0,0.0,27,0.048492521723311866,16,5,11,0,0,0,0,0,0,0,0,1,0
1com,D,95,VAL,4.2,140.0,0.0,0,0,X,0.0,0.0,0.0,0.0,0.0,0.0,0.0,0.0,31,0.048492521723311866,21,15,6,0,0,0,0,0,0,0,0,1,0
1com,D,96,GLN,-3.5,143.8,0.0,2,2,X,0.0,0.0,0.0,0.0,0.0,0.0,0.0,0.0,18,0.03870076252918159,21,24,-3,0,0,0,0,0,0,0,0,1,0
1com,D,97,THR,-0.7,116.1,0.0,1,1,X,0.0,0.0,0.0,0.0,0.0,0.0,0.0,0.0,22,0.03403802005578621,15,16,-1,0,0,0,0,0,0,0,0,1,0
1com,D,98,ASP,-3.5,111.1,-1.0,1,3,X,0.0,0.0,0.0,0.0,0.0,0.0,0.0,0.0,11,0.025178809356335007,9,0,9,0,0,0,0,0,0,0,0,1,0
1com,D,99,VAL,4.2,140.0,0.0,0,0,X,0.0,0.0,0.0,0.0,0.0,0.0,0.0,0.0,18,0.02797645484037223,22,17,5,0,0,0,0,0,0,0,0,1,0
1com,D,100,PRO,-1.6,112.7,0.0,0,0,X,0.0,0.0,0.0,0.0,0.0,0.0,0.0,0.0,15,0.03310547156110714,11,23,-12,0,0,0,0,0,0,0,0,1,0
1com,D,101,GLN,-3.5,143.8,0.0,2,2,X,0.0,0.0,0.0,0.0,0.0,0.0,0.0,0.0,28,0.04243095650789788,24,26,-2,0,0,0,0,0,0,0,0,1,0
1com,D,102,ASP,-3.5,111.1,-1.0,1,3,X,0.0,0.0,0.0,0.0,0.0,0.0,0.0,0.0,16,0.032639197313767604,15,7,8,0,0,0,0,0,0,0,0,1,0
1com,D,103,GLN,-3.5,143.8,0.0,2,2,X,0.0,0.0,0.0,0.0,0.0,0.0,0.0,0.0,14,0.03170664881908853,22,13,9,0,0,0,0,0,0,0,0,1,0
1com,D,104,ILE,4.5,166.7,0.0,0,0,X,0.0,0.0,0.0,0.0,0.0,0.0,0.0,0.0,27,0.04429605349725603,41,18,23,0,0,0,0,0,0,0,0,1,0
1com,D,105,ARG,-4.5,173.4,1.0,5,0,X,0.0,0.0,0.0,0.0,0.0,0.0,0.0,0.0,19,0.03730193978716297,28,20,8,0,0,0,0,0,0,0,0,1,0
1com,D,106,HIS,-3.2,153.2,0.1,2,1,X,0.0,0.0,0.0,0.0,0.0,0.0,0.0,0.0,29,0.04103213376587927,28,12,16,0,0,0,0,0,0,0,0,1,0
1com,D,107,VAL,4.2,140.0,0.0,0,0,X,0.0,0.0,0.0,0.0,0.0,0.0,0.0,0.0,29,0.04196468226055834,40,20,20,0,0,0,0,0,0,0,0,1,0
1com,D,108,TYR,-1.3,193.6,0.0,1,1,X,0.0,0.0,0.0,0.0,0.0,0.0,0.0,0.0,26,0.04149840801321881,41,7,34,0,0,0,0,0,0,0,0,1,0
1com,D,109,LEU,3.8,166.7,0.0,0,0,X,0.0,0.0,0.0,0.0,0.0,0.0,0.0,0.0,29,0.03823448828184205,31,11,20,0,0,0,0,0,0,0,0,1,0
1com,D,110,GLU,-3.5,138.4,-1.0,1,3,X,0.0,0.0,0.0,0.0,0.0,0.0,0.0,0.0,23,0.030774100324409453,21,11,10,0,0,0,0,0,0,0,0,1,0
1com,D,111,LYS,-3.9,168.6,1.0,2,0,X,0.0,0.0,0.0,0.0,0.0,0.0,0.0,0.0,20,0.03170664881908853,16,19,-3,0,0,0,0,0,0,0,0,1,0
1com,D,112,ALA,1.8,88.6,0.0,0,0,X,0.0,0.0,0.0,0.0,0.0,0.0,0.0,0.0,21,0.040099585271200194,24,9,15,0,0,0,0,0,0,0,0,1,0
1com,D,113,VAL,4.2,140.0,0.0,0,0,X,0.0,0.0,0.0,0.0,0.0,0.0,0.0,0.0,13,0.02844272908771177,9,9,0,0,0,0,0,0,0,0,0,1,0
1com,D,114,VAL,4.2,140.0,0.0,0,0,X,0.0,0.0,0.0,0.0,0.0,0.0,0.0,0.0,12,0.020516066882939634,8,4,4,0,0,0,0,0,0,0,0,1,0
1com,D,115,LEU,3.8,166.7,0.0,0,0,X,0.0,0.0,0.0,0.0,0.0,0.0,0.0,0.0,18,0.020049792635600097,24,2,22,0,0,0,0,0,0,0,0,1,1
1com,E,2,MET,1.9,162.9,0.0,0,0,X,0.0,0.0,0.0,0.0,0.0,0.0,0.0,0.0,17,0.029375277582390842,11,22,-11,0,0,0,0,0,0,0,0,1,0
1com,E,3,ILE,4.5,166.7,0.0,0,0,X,0.0,0.0,0.0,0.0,0.0,0.0,0.0,0.0,18,0.04243095650789788,14,16,-2,0,0,0,0,0,0,0,0,1,0
1com,E,4,ARG,-4.5,173.4,1.0,5,0,X,0.0,0.0,0.0,0.0,0.0,0.0,0.0,0.0,31,0.048026247475972325,6,24,-18,0,0,0,0,0,0,0,0,1,0
1com,E,5,GLY,-0.4,60.1,0.0,0,0,X,0.0,0.0,0.0,0.0,0.0,0.0,0.0,0.0,36,0.04989134446533048,34,1,33,0,0,0,0,0,0,0,0,1,0
1com,E,6,ILE,4.5,166.7,0.0,0,0,X,0.0,0.0,0.0,0.0,0.0,0.0,0.0,0.0,41,0.05129016720734909,40,5,35,0,0,0,0,0,0,0,0,1,0
1com,E,7,ARG,-4.5,173.4,1.0,5,0,X,0.0,0.0,0.0,0.0,0.0,0.0,0.0,0.0,40,0.05035761871267001,35,1,34,0,0,0,0,0,0,0,0,1,1
1com,E,8,GLY,-0.4,60.1,0.0,0,0,X,0.0,0.0,0.0,0.0,0.0,0.0,0.0,0.0,37,0.048492521723311866,46,0,46,0,0,0,0,0,0,0,0,1,0
1com,E,9,ALA,1.8,88.6,0.0,0,0,X,0.0,0.0,0.0,0.0,0.0,0.0,0.0,0.0,37,0.05175644145468863,49,9,40,0,0,0,0,0,0,0,0,1,0
1com,E,10,THR,-0.7,116.1,0.0,1,1,X,0.0,0.0,0.0,0.0,0.0,0.0,0.0,0.0,39,0.05175644145468863,44,16,28,0,0,0,0,0,0,0,0,1,0
1com,E,11,THR,-0.7,116.1,0.0,1,1,X,0.0,0.0,0.0,0.0,0.0,0.0,0.0,0.0,32,0.048026247475972325,45,29,16,0,0,0,0,0,0,0,0,1,0
1com,E,12,VAL,4.2,140.0,0.0,0,0,X,0.0,0.0,0.0,0.0,0.0,0.0,0.0,0.0,32,0.04942507021799094,43,48,-5,0,0,0,0,0,0,0,0,1,0
1com,E,13,GLU,-3.5,138.4,-1.0,1,3,X,0.0,0.0,0.0,0.0,0.0,0.0,0.0,0.0,16,0.030307826077069916,36,21,15,0,0,0,0,0,0,0,0,1,0
1com,E,14,ARG,-4.5,173.4,1.0,5,0,X,0.0,0.0,0.0,0.0,0.0,0.0,0.0,0.0,15,0.03124037457174899,12,39,-27,0,0,0,0,0,0,0,0,1,0
1com,E,15,ASP,-3.5,111.1,-1.0,1,3,X,0.0,0.0,0.0,0.0,0.0,0.0,0.0,0.0,25,0.04103213376587927,29,33,-4,0,0,0,0,0,0,0,0,1,0
1com,E,16,THR,-0.7,116.1,0.0,1,1,X,0.0,0.0,0.0,0.0,0.0,0.0,0.0,0.0,19,0.03403802005578621,22,41,-19,0,0,0,0,0,0,0,0,1,0
1com,E,17,GLU,-3.5,138.4,-1.0,1,3,X,0.0,0.0,0.0,0.0,0.0,0.0,0.0,0.0,21,0.03450429430312575,16,26,-10,0,0,0,0,0,0,0,0,1,0
1com,E,18,GLU,-3.5,138.4,-1.0,1,3,X,0.0,0.0,0.0,0.0,0.0,0.0,0.0,0.0,15,0.03170664881908853,21,25,-4,0,0,0,0,0,0,0,0,1,0
1com,E,19,GLU,-3.5,138.4,-1.0,1,3,X,0.0,0.0,0.0,0.0,0.0,0.0,0.0,0.0,22,0.045228601991935104,28,35,-7,0,0,0,0,0,0,0,0,1,0
1com,E,20,ILE,4.5,166.7,0.0,0,0,X,0.0,0.0,0.0,0.0,0.0,0.0,0.0,0.0,35,0.05455408693872585,40,38,2,0,0,0,0,0,0,0,0,1,0
1com,E,21,LEU,3.8,166.7,0.0,0,0,X,0.0,0.0,0.0,0.0,0.0,0.0,0.0,0.0,27,0.048492521723311866,31,35,-4,0,0,0,0,0,0,0,0,1,0
1com,E,22,GLN,-3.5,143.8,0.0,2,2,X,0.0,0.0,0.0,0.0,0.0,0.0,0.0,0.0,22,0.03963331102386066,24,36,-12,0,0,0,0,0,0,0,0,1,0
1com,E,23,LYS,-3.9,168.6,1.0,2,0,X,0.0,0.0,0.0,0.0,0.0,0.0,0.0,0.0,28,0.04942507021799094,17,31,-14,0,0,0,0,0,0,0,0,1,0
1com,E,24,THR,-0.7,116.1,0.0,1,1,X,0.0,0.0,0.0,0.0,0.0,0.0,0.0,0.0,43,0.04989134446533048,31,25,6,0,0,0,0,0,0,0,0,1,0
1com,E,25,LYS,-3.9,168.6,1.0,2,0,X,0.0,0.0,0.0,0.0,0.0,0.0,0.0,0.0,26,0.04709369898129325,19,24,-5,0,0,0,0,0,0,0,0,1,0
1com,E,26,GLN,-3.5,143.8,0.0,2,2,X,0.0,0.0,0.0,0.0,0.0,0.0,0.0,0.0,24,0.04103213376587927,27,24,3,0,0,0,0,0,0,0,0,1,0
1com,E,27,LEU,3.8,166.7,0.0,0,0,X,0.0,0.0,0.0,0.0,0.0,0.0,0.0,0.0,39,0.048492521723311866,40,18,22,0,0,0,0,0,0,0,0,1,0
1com,E,28,LEU,3.8,166.7,0.0,0,0,X,0.0,0.0,0.0,0.0,0.0,0.0,0.0,0.0,42,0.043363505002576956,25,18,7,0,0,0,0,0,0,0,0,1,0
1com,E,29,GLU,-3.5,138.4,-1.0,1,3,X,0.0,0.0,0.0,0.0,0.0,0.0,0.0,0.0,24,0.03776821403450251,22,17,5,0,0,0,0,0,0,0,0,1,0
1com,E,30,LYS,-3.9,168.6,1.0,2,0,X,0.0,0.0,0.0,0.0,0.0,0.0,0.0,0.0,24,0.03916703677652112,20,27,-7,0,0,0,0,0,0,0,0,1,0
1com,E,31,ILE,4.5,166.7,0.0,0,0,X,0.0,0.0,0.0,0.0,0.0,0.0,0.0,0.0,35,0.05408781269138631,41,25,16,0,0,0,0,0,0,0,0,1,0
1com,E,32,ILE,4.5,166.7,0.0,0,0,X,0.0,0.0,0.0,0.0,0.0,0.0,0.0,0.0,26,0.043829779249916496,33,28,5,0,0,0,0,0,0,0,0,1,0
1com,E,33,GLU,-3.5,138.4,-1.0,1,3,X,0.0,0.0,0.0,0.0,0.0,0.0,0.0,0.0,14,0.0363693912924839,29,18,11,0,0,0,0,0,0,0,0,1,0
1com,E,34,GLU,-3.5,138.4,-1.0,1,3,X,0.0,0.0,0.0,0.0,0.0,0.0,0.0,0.0,20,0.03823448828184205,37,14,23,0,0,0,0,0,0,0,0,1,0
1com,E,35,ASN,-3.5,114.1,0.0,2,2,X,0.0,0.0,0.0,0.0,0.0,0.0,0.0,0.0,29,0.04289723075523742,48,23,25,0,0,0,0,0,0,0,0,1,0
1com,E,36,HIS,-3.2,153.2,0.1,2,1,X,0.0,0.0,0.0,0.0,0.0,0.0,0.0,0.0,18,0.02844272908771177,18,22,-4,0,0,0,0,0,0,0,0,1,0
1com,E,37,THR,-0.7,116.1,0.0,1,1,X,0.0,0.0,0.0,0.0,0.0,0.0,0.0,0.0,30,0.04196468226055834,24,33,-9,0,0,0,0,0,0,0,0,1,0
1com,E,38,LYS,-3.9,168.6,1.0,2,0,X,0.0,0.0,0.0,0.0,0.0,0.0,0.0,0.0,18,0.03310547156110714,10,21,-11,0,0,0,0,0,0,0,0,1,0
1com,E,39,PRO,-1.6,112.7,0.0,0,0,X,0.0,0.0,0.0,0.0,0.0,0.0,0.0,0.0,27,0.040565859518539735,16,18,-2,0,0,0,0,0,0,0,0,1,0
1com,E,40,GLU,-3.5,138.4,-1.0,1,3,X,0.0,0.0,0.0,0.0,0.0,0.0,0.0,0.0,21,0.03730193978716297,17,13,4,0,0,0,0,0,0,0,0,1,0
1com,E,41,ASP,-3.5,111.1,-1.0,1,3,X,0.0,0.0,0.0,0.0,0.0,0.0,0.0,0.0,23,0.04243095650789788,24,10,14,0,0,0,0,0,0,0,0,1,0
1com,E,42,VAL,4.2,140.0,0.0,0,0,X,0.0,0.0,0.0,0.0,0.0,0.0,0.0,0.0,30,0.056419183928083996,20,17,3,0,0,0,0,0,0,0,0,1,0
1com,E,43,VAL,4.2,140.0,0.0,0,0,X,0.0,0.0,0.0,0.0,0.0,0.0,0.0,0.0,28,0.05408781269138631,17,13,4,0,0,0,0,0,0,0,0,1,0
1com,E,44,GLN,-3.5,143.8,0.0,2,2,X,0.0,0.0,0.0,0.0,0.0,0.0,0.0,0.0,26,0.05175644145468863,18,2,16,0,0,0,0,0,0,0,0,1,0
1com,E,45,MET,1.9,162.9,0.0,0,0,X,0.0,0.0,0.0,0.0,0.0,0.0,0.0,0.0,36,0.05129016720734909,8,2,6,0,0,0,0,0,0,0,0,1,0
1com,E,46,LEU,3.8,166.7,0.0,0,0,X,0.0,0.0,0.0,0.0,0.0,0.0,0.0,0.0,28,0.045228601991935104,15,1,14,0,0,0,0,0,0,0,0,1,0
1com,E,47,LEU,3.8,166.7,0.0,0,0,X,0.0,0.0,0.0,0.0,0.0,0.0,0.0,0.0,37,0.045694876239274644,15,6,9,0,0,0,0,0,0,0,0,1,0
1com,E,48,SER,-0.8,89.0,0.0,1,1,X,0.0,0.0,0.0,0.0,0.0,0.0,0.0,0.0,31,0.04989134446533048,18,14,4,0,0,0,0,0,0,0,0,1,0
1com,E,49,ALA,1.8,88.6,0.0,0,0,X,0.0,0.0,0.0,0.0,0.0,0.0,0.0,0.0,34,0.05129016720734909,30,32,-2,0,0,0,0,0,0,0,0,1,0
1com,E,50,THR,-0.7,116.1,0.0,1,1,X,0.0,0.0,0.0,0.0,0.0,0.0,0.0,0.0,28,0.04942507021799094,35,31,4,0,0,0,0,0,0,0,0,1,0
1com,E,51,PRO,-1.6,112.7,0.0,0,0,X,0.0,0.0,0.0,0.0,0.0,0.0,0.0,0.0,20,0.040099585271200194,25,37,-12,0,0,0,0,0,0,0,0,1,0
1com,E,52,ASP,-3.5,111.1,-1.0,1,3,X,0.0,0.0,0.0,0.0,0.0,0.0,0.0,0.0,24,0.03124037457174899,33,25,8,0,0,0,0,0,0,0,0,1,0
1com,E,53,LEU,3.8,166.7,0.0,0,0,X,0.0,0.0,0.0,0.0,0.0,0.0,0.0,0.0,33,0.043829779249916496,30,31,-1,0,0,0,0,0,0,0,0,1,0
1com,E,54,HIS,-3.2,153.2,0.1,2,1,X,0.0,0.0,0.0,0.0,0.0,0.0,0.0,0.0,24,0.03870076252918159,3,27,-24,0,0,0,0,0,0,0,0,1,0
1com,E,55,ALA,1.8,88.6,0.0,0,0,X,0.0,0.0,0.0,0.0,0.0,0.0,0.0,0.0,24,0.03683566553982344,18,35,-17,0,0,0,0,0,0,0,0,1,0
1com,E,56,VAL,4.2,140.0,0.0,0,0,X,0.0,0.0,0.0,0.0,0.0,0.0,0.0,0.0,28,0.04476232774459557,18,31,-13,0,0,0,0,0,0,0,0,1,0
1com,E,57,PHE,2.8,189.9,0.0,0,0,X,0.0,0.0,0.0,0.0,0.0,0.0,0.0,0.0,33,0.03683566553982344,21,19,2,0,0,0,0,0,0,0,0,1,1
1com,E,58,PRO,-1.6,112.7,0.0,0,0,X,0.0,0.0,0.0,0.0,0.0,0.0,0.0,0.0,40,0.04476232774459557,26,12,14,0,0,0,0,0,0,0,0,1,0
1com,E,59,ALA,1.8,88.6,0.0,0,0,X,0.0,0.0,0.0,0.0,0.0,0.0,0.0,0.0,34,0.03823448828184205,27,8,19,0,0,0,0,0,0,0,0,1,1
1com,E,60,LYS,-3.9,168.6,1.0,2,0,X,0.0,0.0,0.0,0.0,0.0,0.0,0.0,0.0,23,0.03357174580844668,19,21,-2,0,0,0,0,0,0,0,0,1,0
1com,E,61,ALA,1.8,88.6,0.0,0,0,X,0.0,0.0,0.0,0.0,0.0,0.0,0.0,0.0,29,0.043363505002576956,32,22,10,0,0,0,0,0,0,0,0,1,0
1com,E,62,VAL,4.2,140.0,0.0,0,0,X,0.0,0.0,0.0,0.0,0.0,0.0,0.0,0.0,33,0.04289723075523742,31,12,19,0,0,0,0,0,0,0,0,1,0
1com,E,63,ARG,-4.5,173.4,1.0,5,0,X,0.0,0.0,0.0,0.0,0.0,0.0,0.0,0.0,20,0.03310547156110714,18,16,2,0,0,0,0,0,0,0,0,1,0
1com,E,64,GLU,-3.5,138.4,-1.0,1,3,X,0.0,0.0,0.0,0.0,0.0,0.0,0.0,0.0,17,0.026577632098353617,28,6,22,0,0,0,0,0,0,0,0,1,0
1com,E,65,LEU,3.8,166.7,0.0,0,0,X,0.0,0.0,0.0,0.0,0.0,0.0,0.0,0.0,25,0.032172923066428064,21,18,3,0,0,0,0,0,0,0,0,1,0
1com,E,66,SER,-0.8,89.0,0.0,1,1,X,0.0,0.0,0.0,0.0,0.0,0.0,0.0,0.0,16,0.020516066882939634,9,10,-1,0,0,0,0,0,0,0,0,1,0
1com,E,67,GLY,-0.4,60.1,0.0,0,0,X,0.0,0.0,0.0,0.0,0.0,0.0,0.0,0.0,19,0.024246260861655933,13,16,-3,0,0,0,0,0,0,0,0,1,0
1com,E,68,TRP,-0.9,227.8,0.0,1,0,X,0.0,0.0,0.0,0.0,0.0,0.0,0.0,0.0,29,0.040565859518539735,15,21,-6,0,0,0,0,0,0,0,0,1,0
1com,E,69,GLN,-3.5,143.8,0.0,2,2,X,0.0,0.0,0.0,0.0,0.0,0.0,0.0,0.0,20,0.03823448828184205,27,17,10,0,0,0,0,0,0,0,0,1,0
1com,E,70,TYR,-1.3,193.6,0.0,1,1,X,0.0,0.0,0.0,0.0,0.0,0.0,0.0,0.0,23,0.03870076252918159,23,19,4,0,0,0,0,0,0,0,0,1,0
1com,E,71,VAL,4.2,140.0,0.0,0,0,X,0.0,0.0,0.0,0.0,0.0,0.0,0.0,0.0,38,0.048958795970651406,29,13,16,0,0,0,0,0,0,0,0,1,0
1com,E,72,PRO,-1.6,112.7,0.0,0,0,X,0.0,0.0,0.0,0.0,0.0,0.0,0.0,0.0,32,0.04476232774459557,35,2,33,0,0,0,0,0,0,0,0,1,0
1com,E,73,VAL,4.2,140.0,0.0,0,0,X,0.0,0.0,0.0,0.0,0.0,0.0,0.0,0.0,36,0.04196468226055834,32,2,30,0,0,0,0,0,0,0,0,1,0
1com,E,74,THR,-0.7,116.1,0.0,1,1,X,0.0,0.0,0.0,0.0,0.0,0.0,0.0,0.0,29,0.03823448828184205,24,8,16,0,0,0,0,0,0,0,0,1,1
1com,E,75,CYS,2.5,108.5,0.0,1,0,X,0.0,0.0,0.0,0.0,0.0,0.0,0.0,0.0,25,0.048492521723311866,21,13,8,0,0,0,0,0,0,0,0,1,1
1com,E,76,MET,1.9,162.9,0.0,0,0,X,0.0,0.0,0.0,0.0,0.0,0.0,0.0,0.0,22,0.050823892960009553,9,21,-12,0,0,0,0,0,0,0,0,1,0
1com,E,77,GLN,-3.5,143.8,0.0,2,2,X,0.0,0.0,0.0,0.0,0.0,0.0,0.0,0.0,17,0.05548663543340492,5,46,-41,0,0,0,0,0,0,0,0,1,0
1com,E,78,GLU,-3.5,138.4,-1.0,1,3,X,0.0,0.0,0.0,0.0,0.0,0.0,0.0,0.0,26,0.04989134446533048,17,12,5,0,0,0,0,0,0,0,0,1,1
1com,E,79,MET,1.9,162.9,0.0,0,0,X,0.0,0.0,0.0,0.0,0.0,0.0,0.0,0.0,28,0.05222271570202816,15,27,-12,0,0,0,0,0,0,0,0,1,0
1com,E,80,ASP,-3.5,111.1,-1.0,1,3,X,0.0,0.0,0.0,0.0,0.0,0.0,0.0,0.0,21,0.04429605349725603,14,22,-8,0,0,0,0,0,0,0,0,1,0
1com,E,81,VAL,4.2,140.0,0.0,0,0,X,0.0,0.0,0.0,0.0,0.0,0.0,0.0,0.0,24,0.03776821403450251,19,23,-4,0,0,0,0,0,0,0,0,1,0
1com,E,82,THR,-0.7,116.1,0.0,1,1,X,0.0,0.0,0.0,0.0,0.0,0.0,0.0,0.0,15,0.025178809356335007,14,16,-2,0,0,0,0,0,0,0,0,1,0
1com,E,83,GLY,-0.4,60.1,0.0,0,0,X,0.0,0.0,0.0,0.0,0.0,0.0,0.0,0.0,16,0.017718421398902413,17,9,8,0,0,0,0,0,0,0,0,1,0
1com,E,84,GLY,-0.4,60.1,0.0,0,0,X,0.0,0.0,0.0,0.0,0.0,0.0,0.0,0.0,21,0.028909003335051305,23,18,5,0,0,0,0,0,0,0,0,1,0
1com,E,85,LEU,3.8,166.7,0.0,0,0,X,0.0,0.0,0.0,0.0,0.0,0.0,0.0,0.0,29,0.028909003335051305,35,11,24,0,0,0,0,0,0,0,0,1,0
1com,E,86,LYS,-3.9,168.6,1.0,2,0,X,0.0,0.0,0.0,0.0,0.0,0.0,0.0,0.0,24,0.032172923066428064,20,18,2,0,0,0,0,0,0,0,0,1,0
1com,E,87,LYS,-3.9,168.6,1.0,2,0,X,0.0,0.0,0.0,0.0,0.0,0.0,0.0,0.0,25,0.045228601991935104,28,33,-5,0,0,0,0,0,0,0,0,1,0
1com,E,88,CYS,2.5,108.5,0.0,1,0,X,0.0,0.0,0.0,0.0,0.0,0.0,0.0,0.0,39,0.04662742473395372,39,22,17,0,0,0,0,0,0,0,0,1,0
1com,E,89,ILE,4.5,166.7,0.0,0,0,X,0.0,0.0,0.0,0.0,0.0,0.0,0.0,0.0,48,0.05129016720734909,32,13,19,0,0,0,0,0,0,0,0,1,0
1com,E,90,ARG,-4.5,173.4,1.0,5,0,X,0.0,0.0,0.0,0.0,0.0,0.0,0.0,0.0,38,0.04616115048661418,20,9,11,0,0,0,0,0,0,0,0,1,1
1com,E,91,VAL,4.2,140.0,0.0,0,0,X,0.0,0.0,0.0,0.0,0.0,0.0,0.0,0.0,35,0.048026247475972325,29,0,29,0,0,0,0,0,0,0,0,1,0
1com,E,92,MET,1.9,162.9,0.0,0,0,X,0.0,0.0,0.0,0.0,0.0,0.0,0.0,0.0,30,0.05222271570202816,29,0,29,0,0,0,0,0,0,0,0,1,0
1com,E,93,MET,1.9,162.9,0.0,0,0,X,0.0,0.0,0.0,0.0,0.0,0.0,0.0,0.0,38,0.05175644145468863,25,4,21,0,0,0,0,0,0,0,0,1,0
1com,E,94,THR,-0.7,116.1,0.0,1,1,X,0.0,0.0,0.0,0.0,0.0,0.0,0.0,0.0,28,0.05035761871267001,15,6,9,0,0,0,0,0,0,0,0,1,0
1com,E,95,VAL,4.2,140.0,0.0,0,0,X,0.0,0.0,0.0,0.0,0.0,0.0,0.0,0.0,32,0.04989134446533048,21,15,6,0,0,0,0,0,0,0,0,1,0
1com,E,96,GLN,-3.5,143.8,0.0,2,2,X,0.0,0.0,0.0,0.0,0.0,0.0,0.0,0.0,19,0.040565859518539735,21,25,-4,0,0,0,0,0,0,0,0,1,0
1com,E,97,THR,-0.7,116.1,0.0,1,1,X,0.0,0.0,0.0,0.0,0.0,0.0,0.0,0.0,22,0.03450429430312575,14,16,-2,0,0,0,0,0,0,0,0,1,0
1com,E,98,ASP,-3.5,111.1,-1.0,1,3,X,0.0,0.0,0.0,0.0,0.0,0.0,0.0,0.0,12,0.025178809356335007,9,1,8,0,0,0,0,0,0,0,0,1,0
1com,E,99,VAL,4.2,140.0,0.0,0,0,X,0.0,0.0,0.0,0.0,0.0,0.0,0.0,0.0,18,0.030307826077069916,20,17,3,0,0,0,0,0,0,0,0,1,0
1com,E,100,PRO,-1.6,112.7,0.0,0,0,X,0.0,0.0,0.0,0.0,0.0,0.0,0.0,0.0,14,0.03170664881908853,13,21,-8,0,0,0,0,0,0,0,0,1,0
1com,E,101,GLN,-3.5,143.8,0.0,2,2,X,0.0,0.0,0.0,0.0,0.0,0.0,0.0,0.0,28,0.043829779249916496,19,27,-8,0,0,0,0,0,0,0,0,1,0
1com,E,102,ASP,-3.5,111.1,-1.0,1,3,X,0.0,0.0,0.0,0.0,0.0,0.0,0.0,0.0,15,0.03357174580844668,17,7,10,0,0,0,0,0,0,0,0,1,0
1com,E,103,GLN,-3.5,143.8,0.0,2,2,X,0.0,0.0,0.0,0.0,0.0,0.0,0.0,0.0,14,0.032172923066428064,19,13,6,0,0,0,0,0,0,0,0,1,0
1com,E,104,ILE,4.5,166.7,0.0,0,0,X,0.0,0.0,0.0,0.0,0.0,0.0,0.0,0.0,29,0.045694876239274644,40,19,21,0,0,0,0,0,0,0,0,1,0
1com,E,105,ARG,-4.5,173.4,1.0,5,0,X,0.0,0.0,0.0,0.0,0.0,0.0,0.0,0.0,21,0.03916703677652112,29,21,8,0,0,0,0,0,0,0,0,1,0
1com,E,106,HIS,-3.2,153.2,0.1,2,1,X,0.0,0.0,0.0,0.0,0.0,0.0,0.0,0.0,31,0.043363505002576956,36,16,20,0,0,0,0,0,0,0,0,1,0
1com,E,107,VAL,4.2,140.0,0.0,0,0,X,0.0,0.0,0.0,0.0,0.0,0.0,0.0,0.0,32,0.04476232774459557,48,19,29,0,0,0,0,0,0,0,0,1,0
1com,E,108,TYR,-1.3,193.6,0.0,1,1,X,0.0,0.0,0.0,0.0,0.0,0.0,0.0,0.0,30,0.045228601991935104,51,13,38,0,0,0,0,0,0,0,0,1,1
1com,E,109,LEU,3.8,166.7,0.0,0,0,X,0.0,0.0,0.0,0.0,0.0,0.0,0.0,0.0,30,0.03916703677652112,32,11,21,0,0,0,0,0,0,0,0,1,0
1com,E,110,GLU,-3.5,138.4,-1.0,1,3,X,0.0,0.0,0.0,0.0,0.0,0.0,0.0,0.0,23,0.03124037457174899,21,8,13,0,0,0,0,0,0,0,0,1,0
1com,E,111,LYS,-3.9,168.6,1.0,2,0,X,0.0,0.0,0.0,0.0,0.0,0.0,0.0,0.0,18,0.032172923066428064,16,18,-2,0,0,0,0,0,0,0,0,1,0
1com,E,112,ALA,1.8,88.6,0.0,0,0,X,0.0,0.0,0.0,0.0,0.0,0.0,0.0,0.0,24,0.04476232774459557,35,9,26,0,0,0,0,0,0,0,0,1,0
1com,E,113,VAL,4.2,140.0,0.0,0,0,X,0.0,0.0,0.0,0.0,0.0,0.0,0.0,0.0,18,0.03403802005578621,15,12,3,0,0,0,0,0,0,0,0,1,0
1com,E,114,VAL,4.2,140.0,0.0,0,0,X,0.0,0.0,0.0,0.0,0.0,0.0,0.0,0.0,18,0.026577632098353617,17,8,9,0,0,0,0,0,0,0,0,1,0
1com,E,115,LEU,3.8,166.7,0.0,0,0,X,0.0,0.0,0.0,0.0,0.0,0.0,0.0,0.0,29,0.03124037457174899,36,10,26,0,0,0,0,0,0,0,0,1,1
1com,E,116,ARG,-4.5,173.4,1.0,5,0,X,0.0,0.0,0.0,0.0,0.0,0.0,0.0,0.0,23,0.03310547156110714,35,8,27,0,0,0,0,0,0,0,0,1,1
1com,E,117,PRO,-1.6,112.7,0.0,0,0,X,0.0,0.0,0.0,0.0,0.0,0.0,0.0,0.0,10,0.02611135785101408,17,8,9,0,0,0,0,0,0,0,0,1,0
1com,E,118,ASP,-3.5,111.1,-1.0,1,3,X,0.0,0.0,0.0,0.0,0.0,0.0,0.0,0.0,11,0.01818469564624195,26,0,26,0,0,0,0,0,0,0,0,1,0
1com,E,119,LEU,3.8,166.7,0.0,0,0,X,0.0,0.0,0.0,0.0,0.0,0.0,0.0,0.0,22,0.02984155182973038,41,11,30,0,0,0,0,0,0,0,0,1,0
1com,F,2,MET,1.9,162.9,0.0,0,0,X,0.0,0.0,0.0,0.0,0.0,0.0,0.0,0.0,17,0.03170664881908853,11,21,-10,0,0,0,0,0,0,0,0,1,0
1com,F,3,ILE,4.5,166.7,0.0,0,0,X,0.0,0.0,0.0,0.0,0.0,0.0,0.0,0.0,19,0.043829779249916496,15,14,1,0,0,0,0,0,0,0,0,1,0
1com,F,4,ARG,-4.5,173.4,1.0,5,0,X,0.0,0.0,0.0,0.0,0.0,0.0,0.0,0.0,31,0.048958795970651406,6,23,-17,0,0,0,0,0,0,0,0,1,0
1com,F,5,GLY,-0.4,60.1,0.0,0,0,X,0.0,0.0,0.0,0.0,0.0,0.0,0.0,0.0,36,0.048492521723311866,34,4,30,0,0,0,0,0,0,0,0,1,0
1com,F,6,ILE,4.5,166.7,0.0,0,0,X,0.0,0.0,0.0,0.0,0.0,0.0,0.0,0.0,40,0.050823892960009553,38,6,32,0,0,0,0,0,0,0,0,1,0
1com,F,7,ARG,-4.5,173.4,1.0,5,0,X,0.0,0.0,0.0,0.0,0.0,0.0,0.0,0.0,39,0.048958795970651406,37,1,36,0,0,0,0,0,0,0,0,1,1
1com,F,8,GLY,-0.4,60.1,0.0,0,0,X,0.0,0.0,0.0,0.0,0.0,0.0,0.0,0.0,36,0.048492521723311866,40,1,39,0,0,0,0,0,0,0,0,1,0
1com,F,9,ALA,1.8,88.6,0.0,0,0,X,0.0,0.0,0.0,0.0,0.0,0.0,0.0,0.0,37,0.04989134446533048,47,9,38,0,0,0,0,0,0,0,0,1,0
1com,F,10,THR,-0.7,116.1,0.0,1,1,X,0.0,0.0,0.0,0.0,0.0,0.0,0.0,0.0,40,0.053155264196707235,43,16,27,0,0,0,0,0,0,0,0,1,0
1com,F,11,THR,-0.7,116.1,0.0,1,1,X,0.0,0.0,0.0,0.0,0.0,0.0,0.0,0.0,34,0.05129016720734909,44,35,9,0,0,0,0,0,0,0,0,1,0
1com,F,12,VAL,4.2,140.0,0.0,0,0,X,0.0,0.0,0.0,0.0,0.0,0.0,0.0,0.0,32,0.04755997322863279,43,48,-5,0,0,0,0,0,0,0,0,1,0
1com,F,13,GLU,-3.5,138.4,-1.0,1,3,X,0.0,0.0,0.0,0.0,0.0,0.0,0.0,0.0,22,0.030774100324409453,42,30,12,0,0,0,0,0,0,0,0,1,0
1com,F,14,ARG,-4.5,173.4,1.0,5,0,X,0.0,0.0,0.0,0.0,0.0,0.0,0.0,0.0,15,0.030774100324409453,13,45,-32,0,0,0,0,0,0,0,0,1,0
1com,F,15,ASP,-3.5,111.1,-1.0,1,3,X,0.0,0.0,0.0,0.0,0.0,0.0,0.0,0.0,25,0.040099585271200194,29,33,-4,0,0,0,0,0,0,0,0,1,0
1com,F,16,THR,-0.7,116.1,0.0,1,1,X,0.0,0.0,0.0,0.0,0.0,0.0,0.0,0.0,20,0.03403802005578621,23,41,-18,0,0,0,0,0,0,0,0,1,0
1com,F,17,GLU,-3.5,138.4,-1.0,1,3,X,0.0,0.0,0.0,0.0,0.0,0.0,0.0,0.0,21,0.034970568550465285,16,26,-10,0,0,0,0,0,0,0,0,1,0
1com,F,18,GLU,-3.5,138.4,-1.0,1,3,X,0.0,0.0,0.0,0.0,0.0,0.0,0.0,0.0,15,0.02984155182973038,15,23,-8,0,0,0,0,0,0,0,0,1,0
1com,F,19,GLU,-3.5,138.4,-1.0,1,3,X,0.0,0.0,0.0,0.0,0.0,0.0,0.0,0.0,24,0.04429605349725603,32,38,-6,0,0,0,0,0,0,0,0,1,0
1com,F,20,ILE,4.5,166.7,0.0,0,0,X,0.0,0.0,0.0,0.0,0.0,0.0,0.0,0.0,35,0.053155264196707235,37,39,-2,0,0,0,0,0,0,0,0,1,0
1com,F,21,LEU,3.8,166.7,0.0,0,0,X,0.0,0.0,0.0,0.0,0.0,0.0,0.0,0.0,28,0.04989134446533048,31,35,-4,0,0,0,0,0,0,0,0,1,0
1com,F,22,GLN,-3.5,143.8,0.0,2,2,X,0.0,0.0,0.0,0.0,0.0,0.0,0.0,0.0,22,0.03730193978716297,21,37,-16,0,0,0,0,0,0,0,0,1,0
1com,F,23,LYS,-3.9,168.6,1.0,2,0,X,0.0,0.0,0.0,0.0,0.0,0.0,0.0,0.0,30,0.04989134446533048,16,35,-19,0,0,0,0,0,0,0,0,1,0
1com,F,24,THR,-0.7,116.1,0.0,1,1,X,0.0,0.0,0.0,0.0,0.0,0.0,0.0,0.0,42,0.050823892960009553,31,28,3,0,0,0,0,0,0,0,0,1,0
1com,F,25,LYS,-3.9,168.6,1.0,2,0,X,0.0,0.0,0.0,0.0,0.0,0.0,0.0,0.0,27,0.04662742473395372,20,25,-5,0,0,0,0,0,0,0,0,1,0
1com,F,26,GLN,-3.5,143.8,0.0,2,2,X,0.0,0.0,0.0,0.0,0.0,0.0,0.0,0.0,25,0.040565859518539735,26,25,1,0,0,0,0,0,0,0,0,1,0
1com,F,27,LEU,3.8,166.7,0.0,0,0,X,0.0,0.0,0.0,0.0,0.0,0.0,0.0,0.0,40,0.048026247475972325,38,20,18,0,0,0,0,0,0,0,0,1,0
1com,F,28,LEU,3.8,166.7,0.0,0,0,X,0.0,0.0,0.0,0.0,0.0,0.0,0.0,0.0,44,0.045228601991935104,29,19,10,0,0,0,0,0,0,0,0,1,0
1com,F,29,GLU,-3.5,138.4,-1.0,1,3,X,0.0,0.0,0.0,0.0,0.0,0.0,0.0,0.0,24,0.03776821403450251,22,19,3,0,0,0,0,0,0,0,0,1,0
1com,F,30,LYS,-3.9,168.6,1.0,2,0,X,0.0,0.0,0.0,0.0,0.0,0.0,0.0,0.0,25,0.040099585271200194,18,27,-9,0,0,0,0,0,0,0,0,1,0
1com,F,31,ILE,4.5,166.7,0.0,0,0,X,0.0,0.0,0.0,0.0,0.0,0.0,0.0,0.0,33,0.05455408693872585,40,26,14,0,0,0,0,0,0,0,0,1,0
1com,F,32,ILE,4.5,166.7,0.0,0,0,X,0.0,0.0,0.0,0.0,0.0,0.0,0.0,0.0,25,0.04476232774459557,33,27,6,0,0,0,0,0,0,0,0,1,0
1com,F,33,GLU,-3.5,138.4,-1.0,1,3,X,0.0,0.0,0.0,0.0,0.0,0.0,0.0,0.0,15,0.035436842797804825,25,18,7,0,0,0,0,0,0,0,0,1,0
1com,F,34,GLU,-3.5,138.4,-1.0,1,3,X,0.0,0.0,0.0,0.0,0.0,0.0,0.0,0.0,20,0.03870076252918159,36,14,22,0,0,0,0,0,0,0,0,1,0
1com,F,35,ASN,-3.5,114.1,0.0,2,2,X,0.0,0.0,0.0,0.0,0.0,0.0,0.0,0.0,28,0.04243095650789788,50,21,29,0,0,0,0,0,0,0,0,1,0
1com,F,36,HIS,-3.2,153.2,0.1,2,1,X,0.0,0.0,0.0,0.0,0.0,0.0,0.0,0.0,17,0.027043906345693154,16,21,-5,0,0,0,0,0,0,0,0,1,0
1com,F,37,THR,-0.7,116.1,0.0,1,1,X,0.0,0.0,0.0,0.0,0.0,0.0,0.0,0.0,28,0.04289723075523742,24,33,-9,0,0,0,0,0,0,0,0,1,0
1com,F,38,LYS,-3.9,168.6,1.0,2,0,X,0.0,0.0,0.0,0.0,0.0,0.0,0.0,0.0,21,0.032639197313767604,11,20,-9,0,0,0,0,0,0,0,0,1,0
1com,F,39,PRO,-1.6,112.7,0.0,0,0,X,0.0,0.0,0.0,0.0,0.0,0.0,0.0,0.0,28,0.040565859518539735,18,18,0,0,0,0,0,0,0,0,0,1,0
1com,F,40,GLU,-3.5,138.4,-1.0,1,3,X,0.0,0.0,0.0,0.0,0.0,0.0,0.0,0.0,24,0.03870076252918159,17,14,3,0,0,0,0,0,0,0,0,1,0
1com,F,41,ASP,-3.5,111.1,-1.0,1,3,X,0.0,0.0,0.0,0.0,0.0,0.0,0.0,0.0,22,0.043829779249916496,23,10,13,0,0,0,0,0,0,0,0,1,0
1com,F,42,VAL,4.2,140.0,0.0,0,0,X,0.0,0.0,0.0,0.0,0.0,0.0,0.0,0.0,32,0.05548663543340492,24,17,7,0,0,0,0,0,0,0,0,1,0
1com,F,43,VAL,4.2,140.0,0.0,0,0,X,0.0,0.0,0.0,0.0,0.0,0.0,0.0,0.0,28,0.05408781269138631,17,12,5,0,0,0,0,0,0,0,0,1,0
1com,F,44,GLN,-3.5,143.8,0.0,2,2,X,0.0,0.0,0.0,0.0,0.0,0.0,0.0,0.0,26,0.05129016720734909,21,2,19,0,0,0,0,0,0,0,0,1,0
1com,F,45,MET,1.9,162.9,0.0,0,0,X,0.0,0.0,0.0,0.0,0.0,0.0,0.0,0.0,36,0.050823892960009553,13,0,13,0,0,0,0,0,0,0,0,1,0
1com,F,46,LEU,3.8,166.7,0.0,0,0,X,0.0,0.0,0.0,0.0,0.0,0.0,0.0,0.0,27,0.04709369898129325,15,2,13,0,0,0,0,0,0,0,0,1,0
1com,F,47,LEU,3.8,166.7,0.0,0,0,X,0.0,0.0,0.0,0.0,0.0,0.0,0.0,0.0,38,0.045694876239274644,14,7,7,0,0,0,0,0,0,0,0,1,0
1com,F,48,SER,-0.8,89.0,0.0,1,1,X,0.0,0.0,0.0,0.0,0.0,0.0,0.0,0.0,30,0.04942507021799094,18,14,4,0,0,0,0,0,0,0,0,1,0
1com,F,49,ALA,1.8,88.6,0.0,0,0,X,0.0,0.0,0.0,0.0,0.0,0.0,0.0,0.0,33,0.05175644145468863,30,33,-3,0,0,0,0,0,0,0,0,1,0
1com,F,50,THR,-0.7,116.1,0.0,1,1,X,0.0,0.0,0.0,0.0,0.0,0.0,0.0,0.0,28,0.05035761871267001,36,31,5,0,0,0,0,0,0,0,0,1,0
1com,F,51,PRO,-1.6,112.7,0.0,0,0,X,0.0,0.0,0.0,0.0,0.0,0.0,0.0,0.0,19,0.03823448828184205,27,37,-10,0,0,0,0,0,0,0,0,1,0
1com,F,52,ASP,-3.5,111.1,-1.0,1,3,X,0.0,0.0,0.0,0.0,0.0,0.0,0.0,0.0,23,0.03170664881908853,32,26,6,0,0,0,0,0,0,0,0,1,0
1com,F,53,LEU,3.8,166.7,0.0,0,0,X,0.0,0.0,0.0,0.0,0.0,0.0,0.0,0.0,34,0.04289723075523742,31,32,-1,0,0,0,0,0,0,0,0,1,0
1com,F,54,HIS,-3.2,153.2,0.1,2,1,X,0.0,0.0,0.0,0.0,0.0,0.0,0.0,0.0,25,0.03916703677652112,4,27,-23,0,0,0,0,0,0,0,0,1,0
1com,F,55,ALA,1.8,88.6,0.0,0,0,X,0.0,0.0,0.0,0.0,0.0,0.0,0.0,0.0,23,0.0363693912924839,17,35,-18,0,0,0,0,0,0,0,0,1,0
1com,F,56,VAL,4.2,140.0,0.0,0,0,X,0.0,0.0,0.0,0.0,0.0,0.0,0.0,0.0,30,0.045228601991935104,18,34,-16,0,0,0,0,0,0,0,0,1,0
1com,F,57,PHE,2.8,189.9,0.0,0,0,X,0.0,0.0,0.0,0.0,0.0,0.0,0.0,0.0,32,0.03870076252918159,24,20,4,0,0,0,0,0,0,0,0,1,1
1com,F,58,PRO,-1.6,112.7,0.0,0,0,X,0.0,0.0,0.0,0.0,0.0,0.0,0.0,0.0,42,0.045694876239274644,27,14,13,0,0,0,0,0,0,0,0,1,0
1com,F,59,ALA,1.8,88.6,0.0,0,0,X,0.0,0.0,0.0,0.0,0.0,0.0,0.0,0.0,33,0.04103213376587927,29,10,19,0,0,0,0,0,0,0,0,1,1
1com,F,60,LYS,-3.9,168.6,1.0,2,0,X,0.0,0.0,0.0,0.0,0.0,0.0,0.0,0.0,23,0.03683566553982344,14,20,-6,0,0,0,0,0,0,0,0,1,0
1com,F,61,ALA,1.8,88.6,0.0,0,0,X,0.0,0.0,0.0,0.0,0.0,0.0,0.0,0.0,32,0.04243095650789788,34,21,13,0,0,0,0,0,0,0,0,1,0
1com,F,62,VAL,4.2,140.0,0.0,0,0,X,0.0,0.0,0.0,0.0,0.0,0.0,0.0,0.0,33,0.04755997322863279,26,12,14,0,0,0,0,0,0,0,0,1,0
1com,F,63,ARG,-4.5,173.4,1.0,5,0,X,0.0,0.0,0.0,0.0,0.0,0.0,0.0,0.0,25,0.03590311704514436,9,9,0,0,0,0,0,0,0,0,0,1,0
1com,F,64,GLU,-3.5,138.4,-1.0,1,3,X,0.0,0.0,0.0,0.0,0.0,0.0,0.0,0.0,21,0.029375277582390842,28,5,23,0,0,0,0,0,0,0,0,1,0
1com,F,65,LEU,3.8,166.7,0.0,0,0,X,0.0,0.0,0.0,0.0,0.0,0.0,0.0,0.0,26,0.03403802005578621,24,18,6,0,0,0,0,0,0,0,0,1,0
1com,F,66,SER,-0.8,89.0,0.0,1,1,X,0.0,0.0,0.0,0.0,0.0,0.0,0.0,0.0,16,0.02331371236697686,9,9,0,0,0,0,0,0,0,0,0,1,0
1com,F,67,GLY,-0.4,60.1,0.0,0,0,X,0.0,0.0,0.0,0.0,0.0,0.0,0.0,0.0,20,0.030774100324409453,16,18,-2,0,0,0,0,0,0,0,0,1,0
1com,F,68,TRP,-0.9,227.8,0.0,1,0,X,0.0,0.0,0.0,0.0,0.0,0.0,0.0,0.0,29,0.048492521723311866,18,22,-4,0,0,0,0,0,0,0,0,1,0
1com,F,69,GLN,-3.5,143.8,0.0,2,2,X,0.0,0.0,0.0,0.0,0.0,0.0,0.0,0.0,15,0.0363693912924839,13,13,0,0,0,0,0,0,0,0,0,1,0
1com,F,70,TYR,-1.3,193.6,0.0,1,1,X,0.0,0.0,0.0,0.0,0.0,0.0,0.0,0.0,21,0.03776821403450251,18,13,5,0,0,0,0,0,0,0,0,1,0
1com,F,71,VAL,4.2,140.0,0.0,0,0,X,0.0,0.0,0.0,0.0,0.0,0.0,0.0,0.0,37,0.050823892960009553,32,14,18,0,0,0,0,0,0,0,0,1,0
1com,F,72,PRO,-1.6,112.7,0.0,0,0,X,0.0,0.0,0.0,0.0,0.0,0.0,0.0,0.0,36,0.048026247475972325,35,3,32,0,0,0,0,0,0,0,0,1,0
1com,F,73,VAL,4.2,140.0,0.0,0,0,X,0.0,0.0,0.0,0.0,0.0,0.0,0.0,0.0,34,0.04196468226055834,34,3,31,0,0,0,0,0,0,0,0,1,1
1com,F,74,THR,-0.7,116.1,0.0,1,1,X,0.0,0.0,0.0,0.0,0.0,0.0,0.0,0.0,28,0.04243095650789788,27,8,19,0,0,0,0,0,0,0,0,1,1
1com,F,75,CYS,2.5,108.5,0.0,1,0,X,0.0,0.0,0.0,0.0,0.0,0.0,0.0,0.0,26,0.04942507021799094,22,14,8,0,0,0,0,0,0,0,0,1,1
1com,F,76,MET,1.9,162.9,0.0,0,0,X,0.0,0.0,0.0,0.0,0.0,0.0,0.0,0.0,22,0.050823892960009553,9,23,-14,0,0,0,0,0,0,0,0,1,0
1com,F,77,GLN,-3.5,143.8,0.0,2,2,X,0.0,0.0,0.0,0.0,0.0,0.0,0.0,0.0,17,0.05455408693872585,7,47,-40,0,0,0,0,0,0,0,0,1,0
1com,F,78,GLU,-3.5,138.4,-1.0,1,3,X,0.0,0.0,0.0,0.0,0.0,0.0,0.0,0.0,25,0.048958795970651406,20,12,8,0,0,0,0,0,0,0,0,1,1
1com,F,79,MET,1.9,162.9,0.0,0,0,X,0.0,0.0,0.0,0.0,0.0,0.0,0.0,0.0,28,0.05222271570202816,16,25,-9,0,0,0,0,0,0,0,0,1,0
1com,F,80,ASP,-3.5,111.1,-1.0,1,3,X,0.0,0.0,0.0,0.0,0.0,0.0,0.0,0.0,21,0.04149840801321881,18,21,-3,0,0,0,0,0,0,0,0,1,0
1com,F,81,VAL,4.2,140.0,0.0,0,0,X,0.0,0.0,0.0,0.0,0.0,0.0,0.0,0.0,25,0.03730193978716297,20,22,-2,0,0,0,0,0,0,0,0,1,0
1com,F,82,THR,-0.7,116.1,0.0,1,1,X,0.0,0.0,0.0,0.0,0.0,0.0,0.0,0.0,15,0.02471253510899547,15,15,0,0,0,0,0,0,0,0,0,1,0
1com,F,83,GLY,-0.4,60.1,0.0,0,0,X,0.0,0.0,0.0,0.0,0.0,0.0,0.0,0.0,17,0.017252147151562876,17,9,8,0,0,0,0,0,0,0,0,1,0
1com,F,84,GLY,-0.4,60.1,0.0,0,0,X,0.0,0.0,0.0,0.0,0.0,0.0,0.0,0.0,22,0.02984155182973038,23,18,5,0,0,0,0,0,0,0,0,1,0
1com,F,85,LEU,3.8,166.7,0.0,0,0,X,0.0,0.0,0.0,0.0,0.0,0.0,0.0,0.0,30,0.02984155182973038,31,13,18,0,0,0,0,0,0,0,0,1,0
1com,F,86,LYS,-3.9,168.6,1.0,2,0,X,0.0,0.0,0.0,0.0,0.0,0.0,0.0,0.0,24,0.03170664881908853,17,18,-1,0,0,0,0,0,0,0,0,1,0
1com,F,87,LYS,-3.9,168.6,1.0,2,0,X,0.0,0.0,0.0,0.0,0.0,0.0,0.0,0.0,24,0.04476232774459557,32,32,0,0,0,0,0,0,0,0,0,1,0
1com,F,88,CYS,2.5,108.5,0.0,1,0,X,0.0,0.0,0.0,0.0,0.0,0.0,0.0,0.0,39,0.04755997322863279,38,22,16,0,0,0,0,0,0,0,0,1,0
1com,F,89,ILE,4.5,166.7,0.0,0,0,X,0.0,0.0,0.0,0.0,0.0,0.0,0.0,0.0,48,0.050823892960009553,35,15,20,0,0,0,0,0,0,0,0,1,0
1com,F,90,ARG,-4.5,173.4,1.0,5,0,X,0.0,0.0,0.0,0.0,0.0,0.0,0.0,0.0,36,0.04755997322863279,19,9,10,0,0,0,0,0,0,0,0,1,1
1com,F,91,VAL,4.2,140.0,0.0,0,0,X,0.0,0.0,0.0,0.0,0.0,0.0,0.0,0.0,35,0.04616115048661418,28,1,27,0,0,0,0,0,0,0,0,1,0
1com,F,92,MET,1.9,162.9,0.0,0,0,X,0.0,0.0,0.0,0.0,0.0,0.0,0.0,0.0,30,0.05175644145468863,28,0,28,0,0,0,0,0,0,0,0,1,0
1com,F,93,MET,1.9,162.9,0.0,0,0,X,0.0,0.0,0.0,0.0,0.0,0.0,0.0,0.0,37,0.04942507021799094,27,4,23,0,0,0,0,0,0,0,0,1,0
1com,F,94,THR,-0.7,116.1,0.0,1,1,X,0.0,0.0,0.0,0.0,0.0,0.0,0.0,0.0,28,0.05035761871267001,17,7,10,0,0,0,0,0,0,0,0,1,0
1com,F,95,VAL,4.2,140.0,0.0,0,0,X,0.0,0.0,0.0,0.0,0.0,0.0,0.0,0.0,31,0.04942507021799094,20,15,5,0,0,0,0,0,0,0,0,1,0
1com,F,96,GLN,-3.5,143.8,0.0,2,2,X,0.0,0.0,0.0,0.0,0.0,0.0,0.0,0.0,18,0.03963331102386066,24,25,-1,0,0,0,0,0,0,0,0,1,0
1com,F,97,THR,-0.7,116.1,0.0,1,1,X,0.0,0.0,0.0,0.0,0.0,0.0,0.0,0.0,22,0.03450429430312575,17,16,1,0,0,0,0,0,0,0,0,1,0
1com,F,98,ASP,-3.5,111.1,-1.0,1,3,X,0.0,0.0,0.0,0.0,0.0,0.0,0.0,0.0,13,0.02331371236697686,9,3,6,0,0,0,0,0,0,0,0,1,0
1com,F,99,VAL,4.2,140.0,0.0,0,0,X,0.0,0.0,0.0,0.0,0.0,0.0,0.0,0.0,18,0.02797645484037223,20,18,2,0,0,0,0,0,0,0,0,1,0
1com,F,100,PRO,-1.6,112.7,0.0,0,0,X,0.0,0.0,0.0,0.0,0.0,0.0,0.0,0.0,15,0.03170664881908853,12,21,-9,0,0,0,0,0,0,0,0,1,0
1com,F,101,GLN,-3.5,143.8,0.0,2,2,X,0.0,0.0,0.0,0.0,0.0,0.0,0.0,0.0,27,0.04196468226055834,19,26,-7,0,0,0,0,0,0,0,0,1,0
1com,F,102,ASP,-3.5,111.1,-1.0,1,3,X,0.0,0.0,0.0,0.0,0.0,0.0,0.0,0.0,15,0.03357174580844668,13,7,6,0,0,0,0,0,0,0,0,1,0
1com,F,103,GLN,-3.5,143.8,0.0,2,2,X,0.0,0.0,0.0,0.0,0.0,0.0,0.0,0.0,13,0.032172923066428064,17,13,4,0,0,0,0,0,0,0,0,1,0
1com,F,104,ILE,4.5,166.7,0.0,0,0,X,0.0,0.0,0.0,0.0,0.0,0.0,0.0,0.0,28,0.04476232774459557,39,17,22,0,0,0,0,0,0,0,0,1,0
1com,F,105,ARG,-4.5,173.4,1.0,5,0,X,0.0,0.0,0.0,0.0,0.0,0.0,0.0,0.0,20,0.03683566553982344,26,19,7,0,0,0,0,0,0,0,0,1,0
1com,F,106,HIS,-3.2,153.2,0.1,2,1,X,0.0,0.0,0.0,0.0,0.0,0.0,0.0,0.0,29,0.040099585271200194,37,15,22,0,0,0,0,0,0,0,0,1,0
1com,F,107,VAL,4.2,140.0,0.0,0,0,X,0.0,0.0,0.0,0.0,0.0,0.0,0.0,0.0,33,0.04196468226055834,45,19,26,0,0,0,0,0,0,0,0,1,0
1com,F,108,TYR,-1.3,193.6,0.0,1,1,X,0.0,0.0,0.0,0.0,0.0,0.0,0.0,0.0,30,0.043363505002576956,51,10,41,0,0,0,0,0,0,0,0,1,1
1com,F,109,LEU,3.8,166.7,0.0,0,0,X,0.0,0.0,0.0,0.0,0.0,0.0,0.0,0.0,35,0.040565859518539735,33,13,20,0,0,0,0,0,0,0,0,1,0
1com,F,110,GLU,-3.5,138.4,-1.0,1,3,X,0.0,0.0,0.0,0.0,0.0,0.0,0.0,0.0,31,0.03916703677652112,27,19,8,0,0,0,0,0,0,0,0,1,0
1com,F,111,LYS,-3.9,168.6,1.0,2,0,X,0.0,0.0,0.0,0.0,0.0,0.0,0.0,0.0,25,0.03450429430312575,26,27,-1,0,0,0,0,0,0,0,0,1,0
1com,F,112,ALA,1.8,88.6,0.0,0,0,X,0.0,0.0,0.0,0.0,0.0,0.0,0.0,0.0,25,0.043363505002576956,32,9,23,0,0,0,0,0,0,0,0,1,0
1com,F,113,VAL,4.2,140.0,0.0,0,0,X,0.0,0.0,0.0,0.0,0.0,0.0,0.0,0.0,24,0.03357174580844668,18,10,8,0,0,0,0,0,0,0,0,1,0
1com,F,114,VAL,4.2,140.0,0.0,0,0,X,0.0,0.0,0.0,0.0,0.0,0.0,0.0,0.0,19,0.02471253510899547,17,8,9,0,0,0,0,0,0,0,0,1,0
1com,F,115,LEU,3.8,166.7,0.0,0,0,X,0.0,0.0,0.0,0.0,0.0,0.0,0.0,0.0,26,0.02844272908771177,30,7,23,0,0,0,0,0,0,0,0,1,1
1com,F,116,ARG,-4.5,173.4,1.0,5,0,X,0.0,0.0,0.0,0.0,0.0,0.0,0.0,0.0,22,0.028909003335051305,31,8,23,0,0,0,0,0,0,0,0,1,1
1com,F,117,PRO,-1.6,112.7,0.0,0,0,X,0.0,0.0,0.0,0.0,0.0,0.0,0.0,0.0,10,0.022847438119637322,16,8,8,0,0,0,0,0,0,0,0,1,0
1com,F,118,ASP,-3.5,111.1,-1.0,1,3,X,0.0,0.0,0.0,0.0,0.0,0.0,0.0,0.0,11,0.020049792635600097,23,0,23,0,0,0,0,0,0,0,0,1,0
1com,G,2,MET,1.9,162.9,0.0,0,0,X,0.0,0.0,0.0,0.0,0.0,0.0,0.0,0.0,17,0.03124037457174899,11,22,-11,0,0,0,0,0,0,0,0,1,0
1com,G,3,ILE,4.5,166.7,0.0,0,0,X,0.0,0.0,0.0,0.0,0.0,0.0,0.0,0.0,19,0.045694876239274644,14,15,-1,0,0,0,0,0,0,0,0,1,0
1com,G,4,ARG,-4.5,173.4,1.0,5,0,X,0.0,0.0,0.0,0.0,0.0,0.0,0.0,0.0,30,0.048492521723311866,5,23,-18,0,0,0,0,0,0,0,0,1,0
1com,G,5,GLY,-0.4,60.1,0.0,0,0,X,0.0,0.0,0.0,0.0,0.0,0.0,0.0,0.0,35,0.048492521723311866,34,2,32,0,0,0,0,0,0,0,0,1,0
1com,G,6,ILE,4.5,166.7,0.0,0,0,X,0.0,0.0,0.0,0.0,0.0,0.0,0.0,0.0,41,0.04942507021799094,38,4,34,0,0,0,0,0,0,0,0,1,0
1com,G,7,ARG,-4.5,173.4,1.0,5,0,X,0.0,0.0,0.0,0.0,0.0,0.0,0.0,0.0,37,0.04989134446533048,27,1,26,0,0,0,0,0,0,0,0,1,1
1com,G,8,GLY,-0.4,60.1,0.0,0,0,X,0.0,0.0,0.0,0.0,0.0,0.0,0.0,0.0,37,0.048492521723311866,40,1,39,0,0,0,0,0,0,0,0,1,0
1com,G,9,ALA,1.8,88.6,0.0,0,0,X,0.0,0.0,0.0,0.0,0.0,0.0,0.0,0.0,35,0.05175644145468863,44,9,35,0,0,0,0,0,0,0,0,1,0
1com,G,10,THR,-0.7,116.1,0.0,1,1,X,0.0,0.0,0.0,0.0,0.0,0.0,0.0,0.0,40,0.05129016720734909,42,16,26,0,0,0,0,0,0,0,0,1,0
1com,G,11,THR,-0.7,116.1,0.0,1,1,X,0.0,0.0,0.0,0.0,0.0,0.0,0.0,0.0,31,0.048492521723311866,44,29,15,0,0,0,0,0,0,0,0,1,0
1com,G,12,VAL,4.2,140.0,0.0,0,0,X,0.0,0.0,0.0,0.0,0.0,0.0,0.0,0.0,32,0.04662742473395372,43,51,-8,0,0,0,0,0,0,0,0,1,0
1com,G,13,GLU,-3.5,138.4,-1.0,1,3,X,0.0,0.0,0.0,0.0,0.0,0.0,0.0,0.0,18,0.02984155182973038,35,22,13,0,0,0,0,0,0,0,0,1,0
1com,G,14,ARG,-4.5,173.4,1.0,5,0,X,0.0,0.0,0.0,0.0,0.0,0.0,0.0,0.0,14,0.02984155182973038,9,38,-29,0,0,0,0,0,0,0,0,1,0
1com,G,15,ASP,-3.5,111.1,-1.0,1,3,X,0.0,0.0,0.0,0.0,0.0,0.0,0.0,0.0,24,0.04149840801321881,29,38,-9,0,0,0,0,0,0,0,0,1,0
1com,G,16,THR,-0.7,116.1,0.0,1,1,X,0.0,0.0,0.0,0.0,0.0,0.0,0.0,0.0,18,0.034970568550465285,26,41,-15,0,0,0,0,0,0,0,0,1,0
1com,G,17,GLU,-3.5,138.4,-1.0,1,3,X,0.0,0.0,0.0,0.0,0.0,0.0,0.0,0.0,21,0.034970568550465285,16,27,-11,0,0,0,0,0,0,0,0,1,0
1com,G,18,GLU,-3.5,138.4,-1.0,1,3,X,0.0,0.0,0.0,0.0,0.0,0.0,0.0,0.0,16,0.030774100324409453,19,26,-7,0,0,0,0,0,0,0,0,1,0
1com,G,19,GLU,-3.5,138.4,-1.0,1,3,X,0.0,0.0,0.0,0.0,0.0,0.0,0.0,0.0,22,0.043829779249916496,28,37,-9,0,0,0,0,0,0,0,0,1,0
1com,G,20,ILE,4.5,166.7,0.0,0,0,X,0.0,0.0,0.0,0.0,0.0,0.0,0.0,0.0,35,0.05548663543340492,37,41,-4,0,0,0,0,0,0,0,0,1,0
1com,G,21,LEU,3.8,166.7,0.0,0,0,X,0.0,0.0,0.0,0.0,0.0,0.0,0.0,0.0,27,0.05035761871267001,31,34,-3,0,0,0,0,0,0,0,0,1,0
1com,G,22,GLN,-3.5,143.8,0.0,2,2,X,0.0,0.0,0.0,0.0,0.0,0.0,0.0,0.0,22,0.040099585271200194,20,35,-15,0,0,0,0,0,0,0,0,1,0
1com,G,23,LYS,-3.9,168.6,1.0,2,0,X,0.0,0.0,0.0,0.0,0.0,0.0,0.0,0.0,29,0.048492521723311866,14,36,-22,0,0,0,0,0,0,0,0,1,0
1com,G,24,THR,-0.7,116.1,0.0,1,1,X,0.0,0.0,0.0,0.0,0.0,0.0,0.0,0.0,41,0.048492521723311866,31,28,3,0,0,0,0,0,0,0,0,1,0
1com,G,25,LYS,-3.9,168.6,1.0,2,0,X,0.0,0.0,0.0,0.0,0.0,0.0,0.0,0.0,25,0.045694876239274644,19,21,-2,0,0,0,0,0,0,0,0,1,0
1com,G,26,GLN,-3.5,143.8,0.0,2,2,X,0.0,0.0,0.0,0.0,0.0,0.0,0.0,0.0,25,0.03963331102386066,27,24,3,0,0,0,0,0,0,0,0,1,0
1com,G,27,LEU,3.8,166.7,0.0,0,0,X,0.0,0.0,0.0,0.0,0.0,0.0,0.0,0.0,39,0.04942507021799094,38,19,19,0,0,0,0,0,0,0,0,1,0
1com,G,28,LEU,3.8,166.7,0.0,0,0,X,0.0,0.0,0.0,0.0,0.0,0.0,0.0,0.0,43,0.043829779249916496,27,19,8,0,0,0,0,0,0,0,0,1,0
1com,G,29,GLU,-3.5,138.4,-1.0,1,3,X,0.0,0.0,0.0,0.0,0.0,0.0,0.0,0.0,23,0.03730193978716297,22,19,3,0,0,0,0,0,0,0,0,1,0
1com,G,30,LYS,-3.9,168.6,1.0,2,0,X,0.0,0.0,0.0,0.0,0.0,0.0,0.0,0.0,24,0.040099585271200194,17,28,-11,0,0,0,0,0,0,0,0,1,0
1com,G,31,ILE,4.5,166.7,0.0,0,0,X,0.0,0.0,0.0,0.0,0.0,0.0,0.0,0.0,33,0.053155264196707235,42,25,17,0,0,0,0,0,0,0,0,1,0
1com,G,32,ILE,4.5,166.7,0.0,0,0,X,0.0,0.0,0.0,0.0,0.0,0.0,0.0,0.0,26,0.043363505002576956,32,27,5,0,0,0,0,0,0,0,0,1,0
1com,G,33,GLU,-3.5,138.4,-1.0,1,3,X,0.0,0.0,0.0,0.0,0.0,0.0,0.0,0.0,14,0.03590311704514436,28,18,10,0,0,0,0,0,0,0,0,1,0
1com,G,34,GLU,-3.5,138.4,-1.0,1,3,X,0.0,0.0,0.0,0.0,0.0,0.0,0.0,0.0,20,0.0363693912924839,38,14,24,0,0,0,0,0,0,0,0,1,0
1com,G,35,ASN,-3.5,114.1,0.0,2,2,X,0.0,0.0,0.0,0.0,0.0,0.0,0.0,0.0,28,0.040565859518539735,48,20,28,0,0,0,0,0,0,0,0,1,0
1com,G,36,HIS,-3.2,153.2,0.1,2,1,X,0.0,0.0,0.0,0.0,0.0,0.0,0.0,0.0,18,0.02844272908771177,18,21,-3,0,0,0,0,0,0,0,0,1,0
1com,G,37,THR,-0.7,116.1,0.0,1,1,X,0.0,0.0,0.0,0.0,0.0,0.0,0.0,0.0,28,0.04289723075523742,24,32,-8,0,0,0,0,0,0,0,0,1,0
1com,G,38,LYS,-3.9,168.6,1.0,2,0,X,0.0,0.0,0.0,0.0,0.0,0.0,0.0,0.0,18,0.032172923066428064,9,20,-11,0,0,0,0,0,0,0,0,1,0
1com,G,39,PRO,-1.6,112.7,0.0,0,0,X,0.0,0.0,0.0,0.0,0.0,0.0,0.0,0.0,27,0.04196468226055834,16,19,-3,0,0,0,0,0,0,0,0,1,0
1com,G,40,GLU,-3.5,138.4,-1.0,1,3,X,0.0,0.0,0.0,0.0,0.0,0.0,0.0,0.0,24,0.03870076252918159,17,13,4,0,0,0,0,0,0,0,0,1,0
1com,G,41,ASP,-3.5,111.1,-1.0,1,3,X,0.0,0.0,0.0,0.0,0.0,0.0,0.0,0.0,23,0.04289723075523742,24,10,14,0,0,0,0,0,0,0,0,1,0
1com,G,42,VAL,4.2,140.0,0.0,0,0,X,0.0,0.0,0.0,0.0,0.0,0.0,0.0,0.0,31,0.05781800667010261,21,17,4,0,0,0,0,0,0,0,0,1,0
1com,G,43,VAL,4.2,140.0,0.0,0,0,X,0.0,0.0,0.0,0.0,0.0,0.0,0.0,0.0,28,0.05408781269138631,17,12,5,0,0,0,0,0,0,0,0,1,0
1com,G,44,GLN,-3.5,143.8,0.0,2,2,X,0.0,0.0,0.0,0.0,0.0,0.0,0.0,0.0,26,0.05129016720734909,19,2,17,0,0,0,0,0,0,0,0,1,0
1com,G,45,MET,1.9,162.9,0.0,0,0,X,0.0,0.0,0.0,0.0,0.0,0.0,0.0,0.0,35,0.05222271570202816,8,2,6,0,0,0,0,0,0,0,0,1,0
1com,G,46,LEU,3.8,166.7,0.0,0,0,X,0.0,0.0,0.0,0.0,0.0,0.0,0.0,0.0,28,0.04662742473395372,16,1,15,0,0,0,0,0,0,0,0,1,0
1com,G,47,LEU,3.8,166.7,0.0,0,0,X,0.0,0.0,0.0,0.0,0.0,0.0,0.0,0.0,38,0.04616115048661418,15,6,9,0,0,0,0,0,0,0,0,1,0
1com,G,48,SER,-0.8,89.0,0.0,1,1,X,0.0,0.0,0.0,0.0,0.0,0.0,0.0,0.0,32,0.05129016720734909,18,13,5,0,0,0,0,0,0,0,0,1,0
1com,G,49,ALA,1.8,88.6,0.0,0,0,X,0.0,0.0,0.0,0.0,0.0,0.0,0.0,0.0,34,0.0526889899493677,30,34,-4,0,0,0,0,0,0,0,0,1,0
1com,G,50,THR,-0.7,116.1,0.0,1,1,X,0.0,0.0,0.0,0.0,0.0,0.0,0.0,0.0,28,0.05035761871267001,37,31,6,0,0,0,0,0,0,0,0,1,0
1com,G,51,PRO,-1.6,112.7,0.0,0,0,X,0.0,0.0,0.0,0.0,0.0,0.0,0.0,0.0,21,0.04243095650789788,28,37,-9,0,0,0,0,0,0,0,0,1,0
1com,G,52,ASP,-3.5,111.1,-1.0,1,3,X,0.0,0.0,0.0,0.0,0.0,0.0,0.0,0.0,24,0.030774100324409453,33,25,8,0,0,0,0,0,0,0,0,1,0
1com,G,53,LEU,3.8,166.7,0.0,0,0,X,0.0,0.0,0.0,0.0,0.0,0.0,0.0,0.0,35,0.04289723075523742,30,33,-3,0,0,0,0,0,0,0,0,1,0
1com,G,54,HIS,-3.2,153.2,0.1,2,1,X,0.0,0.0,0.0,0.0,0.0,0.0,0.0,0.0,24,0.03916703677652112,5,28,-23,0,0,0,0,0,0,0,0,1,0
1com,G,55,ALA,1.8,88.6,0.0,0,0,X,0.0,0.0,0.0,0.0,0.0,0.0,0.0,0.0,25,0.03916703677652112,19,37,-18,0,0,0,0,0,0,0,0,1,0
1com,G,56,VAL,4.2,140.0,0.0,0,0,X,0.0,0.0,0.0,0.0,0.0,0.0,0.0,0.0,30,0.04476232774459557,18,31,-13,0,0,0,0,0,0,0,0,1,0
1com,G,57,PHE,2.8,189.9,0.0,0,0,X,0.0,0.0,0.0,0.0,0.0,0.0,0.0,0.0,33,0.0363693912924839,24,20,4,0,0,0,0,0,0,0,0,1,1
1com,G,58,PRO,-1.6,112.7,0.0,0,0,X,0.0,0.0,0.0,0.0,0.0,0.0,0.0,0.0,42,0.04662742473395372,29,12,17,0,0,0,0,0,0,0,0,1,0
1com,G,59,ALA,1.8,88.6,0.0,0,0,X,0.0,0.0,0.0,0.0,0.0,0.0,0.0,0.0,32,0.04103213376587927,27,9,18,0,0,0,0,0,0,0,0,1,1
1com,G,60,LYS,-3.9,168.6,1.0,2,0,X,0.0,0.0,0.0,0.0,0.0,0.0,0.0,0.0,22,0.03590311704514436,16,20,-4,0,0,0,0,0,0,0,0,1,0
1com,G,61,ALA,1.8,88.6,0.0,0,0,X,0.0,0.0,0.0,0.0,0.0,0.0,0.0,0.0,30,0.045228601991935104,33,21,12,0,0,0,0,0,0,0,0,1,0
1com,G,62,VAL,4.2,140.0,0.0,0,0,X,0.0,0.0,0.0,0.0,0.0,0.0,0.0,0.0,31,0.045694876239274644,28,13,15,0,0,0,0,0,0,0,0,1,0
1com,G,63,ARG,-4.5,173.4,1.0,5,0,X,0.0,0.0,0.0,0.0,0.0,0.0,0.0,0.0,23,0.03450429430312575,11,9,2,0,0,0,0,0,0,0,0,1,1
1com,G,64,GLU,-3.5,138.4,-1.0,1,3,X,0.0,0.0,0.0,0.0,0.0,0.0,0.0,0.0,19,0.027510180593032695,28,7,21,0,0,0,0,0,0,0,0,1,0
1com,G,65,LEU,3.8,166.7,0.0,0,0,X,0.0,0.0,0.0,0.0,0.0,0.0,0.0,0.0,27,0.03357174580844668,24,18,6,0,0,0,0,0,0,0,0,1,0
1com,G,66,SER,-0.8,89.0,0.0,1,1,X,0.0,0.0,0.0,0.0,0.0,0.0,0.0,0.0,16,0.02331371236697686,12,9,3,0,0,0,0,0,0,0,0,1,0
1com,G,67,GLY,-0.4,60.1,0.0,0,0,X,0.0,0.0,0.0,0.0,0.0,0.0,0.0,0.0,18,0.028909003335051305,17,17,0,0,0,0,0,0,0,0,0,1,0
1com,G,68,TRP,-0.9,227.8,0.0,1,0,X,0.0,0.0,0.0,0.0,0.0,0.0,0.0,0.0,28,0.04662742473395372,20,22,-2,0,0,0,0,0,0,0,0,1,0
1com,G,69,GLN,-3.5,143.8,0.0,2,2,X,0.0,0.0,0.0,0.0,0.0,0.0,0.0,0.0,16,0.034970568550465285,12,13,-1,0,0,0,0,0,0,0,0,1,0
1com,G,70,TYR,-1.3,193.6,0.0,1,1,X,0.0,0.0,0.0,0.0,0.0,0.0,0.0,0.0,22,0.03823448828184205,19,13,6,0,0,0,0,0,0,0,0,1,0
1com,G,71,VAL,4.2,140.0,0.0,0,0,X,0.0,0.0,0.0,0.0,0.0,0.0,0.0,0.0,38,0.04989134446533048,31,13,18,0,0,0,0,0,0,0,0,1,0
1com,G,72,PRO,-1.6,112.7,0.0,0,0,X,0.0,0.0,0.0,0.0,0.0,0.0,0.0,0.0,35,0.04709369898129325,33,7,26,0,0,0,0,0,0,0,0,1,0
1com,G,73,VAL,4.2,140.0,0.0,0,0,X,0.0,0.0,0.0,0.0,0.0,0.0,0.0,0.0,34,0.04103213376587927,32,3,29,0,0,0,0,0,0,0,0,1,1
1com,G,74,THR,-0.7,116.1,0.0,1,1,X,0.0,0.0,0.0,0.0,0.0,0.0,0.0,0.0,29,0.04243095650789788,26,8,18,0,0,0,0,0,0,0,0,1,1
1com,G,75,CYS,2.5,108.5,0.0,1,0,X,0.0,0.0,0.0,0.0,0.0,0.0,0.0,0.0,27,0.048026247475972325,23,13,10,0,0,0,0,0,0,0,0,1,1
1com,G,76,MET,1.9,162.9,0.0,0,0,X,0.0,0.0,0.0,0.0,0.0,0.0,0.0,0.0,22,0.05129016720734909,10,22,-12,0,0,0,0,0,0,0,0,1,0
1com,G,77,GLN,-3.5,143.8,0.0,2,2,X,0.0,0.0,0.0,0.0,0.0,0.0,0.0,0.0,17,0.05455408693872585,5,45,-40,0,0,0,0,0,0,0,0,1,0
1com,G,78,GLU,-3.5,138.4,-1.0,1,3,X,0.0,0.0,0.0,0.0,0.0,0.0,0.0,0.0,26,0.05129016720734909,19,12,7,0,0,0,0,0,0,0,0,1,1
1com,G,79,MET,1.9,162.9,0.0,0,0,X,0.0,0.0,0.0,0.0,0.0,0.0,0.0,0.0,29,0.05222271570202816,16,27,-11,0,0,0,0,0,0,0,0,1,0
1com,G,80,ASP,-3.5,111.1,-1.0,1,3,X,0.0,0.0,0.0,0.0,0.0,0.0,0.0,0.0,22,0.04616115048661418,18,22,-4,0,0,0,0,0,0,0,0,1,0
1com,G,81,VAL,4.2,140.0,0.0,0,0,X,0.0,0.0,0.0,0.0,0.0,0.0,0.0,0.0,24,0.04103213376587927,21,23,-2,0,0,0,0,0,0,0,0,1,0
1com,G,82,THR,-0.7,116.1,0.0,1,1,X,0.0,0.0,0.0,0.0,0.0,0.0,0.0,0.0,15,0.025178809356335007,17,16,1,0,0,0,0,0,0,0,0,1,0
1com,G,83,GLY,-0.4,60.1,0.0,0,0,X,0.0,0.0,0.0,0.0,0.0,0.0,0.0,0.0,18,0.017718421398902413,17,10,7,0,0,0,0,0,0,0,0,1,0
1com,G,84,GLY,-0.4,60.1,0.0,0,0,X,0.0,0.0,0.0,0.0,0.0,0.0,0.0,0.0,22,0.03124037457174899,23,17,6,0,0,0,0,0,0,0,0,1,0
1com,G,85,LEU,3.8,166.7,0.0,0,0,X,0.0,0.0,0.0,0.0,0.0,0.0,0.0,0.0,30,0.028909003335051305,33,12,21,0,0,0,0,0,0,0,0,1,0
1com,G,86,LYS,-3.9,168.6,1.0,2,0,X,0.0,0.0,0.0,0.0,0.0,0.0,0.0,0.0,23,0.032639197313767604,20,19,1,0,0,0,0,0,0,0,0,1,0
1com,G,87,LYS,-3.9,168.6,1.0,2,0,X,0.0,0.0,0.0,0.0,0.0,0.0,0.0,0.0,27,0.043829779249916496,31,33,-2,0,0,0,0,0,0,0,0,1,0
1com,G,88,CYS,2.5,108.5,0.0,1,0,X,0.0,0.0,0.0,0.0,0.0,0.0,0.0,0.0,38,0.04755997322863279,40,21,19,0,0,0,0,0,0,0,0,1,0
1com,G,89,ILE,4.5,166.7,0.0,0,0,X,0.0,0.0,0.0,0.0,0.0,0.0,0.0,0.0,46,0.05222271570202816,32,13,19,0,0,0,0,0,0,0,0,1,0
1com,G,90,ARG,-4.5,173.4,1.0,5,0,X,0.0,0.0,0.0,0.0,0.0,0.0,0.0,0.0,37,0.04662742473395372,19,9,10,0,0,0,0,0,0,0,0,1,1
1com,G,91,VAL,4.2,140.0,0.0,0,0,X,0.0,0.0,0.0,0.0,0.0,0.0,0.0,0.0,37,0.045694876239274644,29,1,28,0,0,0,0,0,0,0,0,1,0
1com,G,92,MET,1.9,162.9,0.0,0,0,X,0.0,0.0,0.0,0.0,0.0,0.0,0.0,0.0,30,0.05035761871267001,30,0,30,0,0,0,0,0,0,0,0,1,0
1com,G,93,MET,1.9,162.9,0.0,0,0,X,0.0,0.0,0.0,0.0,0.0,0.0,0.0,0.0,37,0.04942507021799094,25,4,21,0,0,0,0,0,0,0,0,1,0
1com,G,94,THR,-0.7,116.1,0.0,1,1,X,0.0,0.0,0.0,0.0,0.0,0.0,0.0,0.0,26,0.05035761871267001,15,6,9,0,0,0,0,0,0,0,0,1,0
1com,G,95,VAL,4.2,140.0,0.0,0,0,X,0.0,0.0,0.0,0.0,0.0,0.0,0.0,0.0,31,0.048958795970651406,20,15,5,0,0,0,0,0,0,0,0,1,0
1com,G,96,GLN,-3.5,143.8,0.0,2,2,X,0.0,0.0,0.0,0.0,0.0,0.0,0.0,0.0,18,0.03870076252918159,22,24,-2,0,0,0,0,0,0,0,0,1,0
1com,G,97,THR,-0.7,116.1,0.0,1,1,X,0.0,0.0,0.0,0.0,0.0,0.0,0.0,0.0,22,0.03450429430312575,17,16,1,0,0,0,0,0,0,0,0,1,0
1com,G,98,ASP,-3.5,111.1,-1.0,1,3,X,0.0,0.0,0.0,0.0,0.0,0.0,0.0,0.0,12,0.02331371236697686,9,1,8,0,0,0,0,0,0,0,0,1,0
1com,G,99,VAL,4.2,140.0,0.0,0,0,X,0.0,0.0,0.0,0.0,0.0,0.0,0.0,0.0,18,0.028909003335051305,19,17,2,0,0,0,0,0,0,0,0,1,0
1com,G,100,PRO,-1.6,112.7,0.0,0,0,X,0.0,0.0,0.0,0.0,0.0,0.0,0.0,0.0,15,0.03124037457174899,11,21,-10,0,0,0,0,0,0,0,0,1,0
1com,G,101,GLN,-3.5,143.8,0.0,2,2,X,0.0,0.0,0.0,0.0,0.0,0.0,0.0,0.0,28,0.04196468226055834,19,26,-7,0,0,0,0,0,0,0,0,1,0
1com,G,102,ASP,-3.5,111.1,-1.0,1,3,X,0.0,0.0,0.0,0.0,0.0,0.0,0.0,0.0,14,0.03310547156110714,14,6,8,0,0,0,0,0,0,0,0,1,0
1com,G,103,GLN,-3.5,143.8,0.0,2,2,X,0.0,0.0,0.0,0.0,0.0,0.0,0.0,0.0,13,0.032639197313767604,18,11,7,0,0,0,0,0,0,0,0,1,0
1com,G,104,ILE,4.5,166.7,0.0,0,0,X,0.0,0.0,0.0,0.0,0.0,0.0,0.0,0.0,27,0.04429605349725603,39,18,21,0,0,0,0,0,0,0,0,1,0
1com,G,105,ARG,-4.5,173.4,1.0,5,0,X,0.0,0.0,0.0,0.0,0.0,0.0,0.0,0.0,19,0.03683566553982344,29,20,9,0,0,0,0,0,0,0,0,1,0
1com,G,106,HIS,-3.2,153.2,0.1,2,1,X,0.0,0.0,0.0,0.0,0.0,0.0,0.0,0.0,28,0.03963331102386066,26,12,14,0,0,0,0,0,0,0,0,1,0
1com,G,107,VAL,4.2,140.0,0.0,0,0,X,0.0,0.0,0.0,0.0,0.0,0.0,0.0,0.0,30,0.04149840801321881,43,18,25,0,0,0,0,0,0,0,0,1,0
1com,G,108,TYR,-1.3,193.6,0.0,1,1,X,0.0,0.0,0.0,0.0,0.0,0.0,0.0,0.0,26,0.04149840801321881,39,7,32,0,0,0,0,0,0,0,0,1,1
1com,G,109,LEU,3.8,166.7,0.0,0,0,X,0.0,0.0,0.0,0.0,0.0,0.0,0.0,0.0,30,0.03963331102386066,30,11,19,0,0,0,0,0,0,0,0,1,0
1com,G,110,GLU,-3.5,138.4,-1.0,1,3,X,0.0,0.0,0.0,0.0,0.0,0.0,0.0,0.0,22,0.03124037457174899,20,11,9,0,0,0,0,0,0,0,0,1,0
1com,G,111,LYS,-3.9,168.6,1.0,2,0,X,0.0,0.0,0.0,0.0,0.0,0.0,0.0,0.0,18,0.03357174580844668,15,18,-3,0,0,0,0,0,0,0,0,1,0
1com,G,112,ALA,1.8,88.6,0.0,0,0,X,0.0,0.0,0.0,0.0,0.0,0.0,0.0,0.0,23,0.04243095650789788,27,9,18,0,0,0,0,0,0,0,0,1,0
1com,G,113,VAL,4.2,140.0,0.0,0,0,X,0.0,0.0,0.0,0.0,0.0,0.0,0.0,0.0,14,0.029375277582390842,8,9,-1,0,0,0,0,0,0,0,0,1,0
1com,G,114,VAL,4.2,140.0,0.0,0,0,X,0.0,0.0,0.0,0.0,0.0,0.0,0.0,0.0,15,0.020516066882939634,9,4,5,0,0,0,0,0,0,0,0,1,0
1com,G,115,LEU,3.8,166.7,0.0,0,0,X,0.0,0.0,0.0,0.0,0.0,0.0,0.0,0.0,22,0.02144861537761871,27,3,24,0,0,0,0,0,0,0,0,1,1
1com,H,2,MET,1.9,162.9,0.0,0,0,X,0.0,0.0,0.0,0.0,0.0,0.0,0.0,0.0,17,0.032639197313767604,11,21,-10,0,0,0,0,0,0,0,0,1,0
1com,H,3,ILE,4.5,166.7,0.0,0,0,X,0.0,0.0,0.0,0.0,0.0,0.0,0.0,0.0,18,0.04476232774459557,15,15,0,0,0,0,0,0,0,0,0,1,0
1com,H,4,ARG,-4.5,173.4,1.0,5,0,X,0.0,0.0,0.0,0.0,0.0,0.0,0.0,0.0,30,0.05035761871267001,7,26,-19,0,0,0,0,0,0,0,0,1,0
1com,H,5,GLY,-0.4,60.1,0.0,0,0,X,0.0,0.0,0.0,0.0,0.0,0.0,0.0,0.0,36,0.048958795970651406,34,2,32,0,0,0,0,0,0,0,0,1,0
1com,H,6,ILE,4.5,166.7,0.0,0,0,X,0.0,0.0,0.0,0.0,0.0,0.0,0.0,0.0,42,0.050823892960009553,38,5,33,0,0,0,0,0,0,0,0,1,0
1com,H,7,ARG,-4.5,173.4,1.0,5,0,X,0.0,0.0,0.0,0.0,0.0,0.0,0.0,0.0,39,0.05035761871267001,30,1,29,0,0,0,0,0,0,0,0,1,1
1com,H,8,GLY,-0.4,60.1,0.0,0,0,X,0.0,0.0,0.0,0.0,0.0,0.0,0.0,0.0,36,0.048492521723311866,39,1,38,0,0,0,0,0,0,0,0,1,0
1com,H,9,ALA,1.8,88.6,0.0,0,0,X,0.0,0.0,0.0,0.0,0.0,0.0,0.0,0.0,34,0.048958795970651406,41,9,32,0,0,0,0,0,0,0,0,1,0
1com,H,10,THR,-0.7,116.1,0.0,1,1,X,0.0,0.0,0.0,0.0,0.0,0.0,0.0,0.0,39,0.05129016720734909,42,15,27,0,0,0,0,0,0,0,0,1,0
1com,H,11,THR,-0.7,116.1,0.0,1,1,X,0.0,0.0,0.0,0.0,0.0,0.0,0.0,0.0,31,0.048026247475972325,42,29,13,0,0,0,0,0,0,0,0,1,0
1com,H,12,VAL,4.2,140.0,0.0,0,0,X,0.0,0.0,0.0,0.0,0.0,0.0,0.0,0.0,32,0.04709369898129325,42,47,-5,0,0,0,0,0,0,0,0,1,0
1com,H,13,GLU,-3.5,138.4,-1.0,1,3,X,0.0,0.0,0.0,0.0,0.0,0.0,0.0,0.0,16,0.02844272908771177,35,23,12,0,0,0,0,0,0,0,0,1,0
1com,H,14,ARG,-4.5,173.4,1.0,5,0,X,0.0,0.0,0.0,0.0,0.0,0.0,0.0,0.0,14,0.02984155182973038,13,39,-26,0,0,0,0,0,0,0,0,1,0
1com,H,15,ASP,-3.5,111.1,-1.0,1,3,X,0.0,0.0,0.0,0.0,0.0,0.0,0.0,0.0,25,0.03963331102386066,29,35,-6,0,0,0,0,0,0,0,0,1,0
1com,H,16,THR,-0.7,116.1,0.0,1,1,X,0.0,0.0,0.0,0.0,0.0,0.0,0.0,0.0,18,0.03450429430312575,24,42,-18,0,0,0,0,0,0,0,0,1,0
1com,H,17,GLU,-3.5,138.4,-1.0,1,3,X,0.0,0.0,0.0,0.0,0.0,0.0,0.0,0.0,21,0.03450429430312575,15,27,-12,0,0,0,0,0,0,0,0,1,0
1com,H,18,GLU,-3.5,138.4,-1.0,1,3,X,0.0,0.0,0.0,0.0,0.0,0.0,0.0,0.0,15,0.03124037457174899,19,26,-7,0,0,0,0,0,0,0,0,1,0
1com,H,19,GLU,-3.5,138.4,-1.0,1,3,X,0.0,0.0,0.0,0.0,0.0,0.0,0.0,0.0,22,0.045228601991935104,28,35,-7,0,0,0,0,0,0,0,0,1,0
1com,H,20,ILE,4.5,166.7,0.0,0,0,X,0.0,0.0,0.0,0.0,0.0,0.0,0.0,0.0,34,0.05455408693872585,40,41,-1,0,0,0,0,0,0,0,0,1,0
1com,H,21,LEU,3.8,166.7,0.0,0,0,X,0.0,0.0,0.0,0.0,0.0,0.0,0.0,0.0,28,0.04942507021799094,32,35,-3,0,0,0,0,0,0,0,0,1,0
1com,H,22,GLN,-3.5,143.8,0.0,2,2,X,0.0,0.0,0.0,0.0,0.0,0.0,0.0,0.0,21,0.040565859518539735,22,34,-12,0,0,0,0,0,0,0,0,1,0
1com,H,23,LYS,-3.9,168.6,1.0,2,0,X,0.0,0.0,0.0,0.0,0.0,0.0,0.0,0.0,27,0.04755997322863279,20,35,-15,0,0,0,0,0,0,0,0,1,0
1com,H,24,THR,-0.7,116.1,0.0,1,1,X,0.0,0.0,0.0,0.0,0.0,0.0,0.0,0.0,41,0.048492521723311866,31,25,6,0,0,0,0,0,0,0,0,1,0
1com,H,25,LYS,-3.9,168.6,1.0,2,0,X,0.0,0.0,0.0,0.0,0.0,0.0,0.0,0.0,25,0.04616115048661418,19,22,-3,0,0,0,0,0,0,0,0,1,0
1com,H,26,GLN,-3.5,143.8,0.0,2,2,X,0.0,0.0,0.0,0.0,0.0,0.0,0.0,0.0,23,0.03916703677652112,27,24,3,0,0,0,0,0,0,0,0,1,0
1com,H,27,LEU,3.8,166.7,0.0,0,0,X,0.0,0.0,0.0,0.0,0.0,0.0,0.0,0.0,38,0.04755997322863279,40,20,20,0,0,0,0,0,0,0,0,1,0
1com,H,28,LEU,3.8,166.7,0.0,0,0,X,0.0,0.0,0.0,0.0,0.0,0.0,0.0,0.0,43,0.043363505002576956,27,18,9,0,0,0,0,0,0,0,0,1,0
1com,H,29,GLU,-3.5,138.4,-1.0,1,3,X,0.0,0.0,0.0,0.0,0.0,0.0,0.0,0.0,24,0.0363693912924839,22,17,5,0,0,0,0,0,0,0,0,1,0
1com,H,30,LYS,-3.9,168.6,1.0,2,0,X,0.0,0.0,0.0,0.0,0.0,0.0,0.0,0.0,24,0.03963331102386066,17,27,-10,0,0,0,0,0,0,0,0,1,0
1com,H,31,ILE,4.5,166.7,0.0,0,0,X,0.0,0.0,0.0,0.0,0.0,0.0,0.0,0.0,33,0.05222271570202816,39,26,13,0,0,0,0,0,0,0,0,1,0
1com,H,32,ILE,4.5,166.7,0.0,0,0,X,0.0,0.0,0.0,0.0,0.0,0.0,0.0,0.0,26,0.043363505002576956,32,28,4,0,0,0,0,0,0,0,0,1,0
1com,H,33,GLU,-3.5,138.4,-1.0,1,3,X,0.0,0.0,0.0,0.0,0.0,0.0,0.0,0.0,14,0.03450429430312575,25,18,7,0,0,0,0,0,0,0,0,1,0
1com,H,34,GLU,-3.5,138.4,-1.0,1,3,X,0.0,0.0,0.0,0.0,0.0,0.0,0.0,0.0,19,0.03683566553982344,35,14,21,0,0,0,0,0,0,0,0,1,0
1com,H,35,ASN,-3.5,114.1,0.0,2,2,X,0.0,0.0,0.0,0.0,0.0,0.0,0.0,0.0,29,0.040099585271200194,48,25,23,0,0,0,0,0,0,0,0,1,0
1com,H,36,HIS,-3.2,153.2,0.1,2,1,X,0.0,0.0,0.0,0.0,0.0,0.0,0.0,0.0,17,0.02797645484037223,10,22,-12,0,0,0,0,0,0,0,0,1,0
1com,H,37,THR,-0.7,116.1,0.0,1,1,X,0.0,0.0,0.0,0.0,0.0,0.0,0.0,0.0,30,0.043363505002576956,24,33,-9,0,0,0,0,0,0,0,0,1,0
1com,H,38,LYS,-3.9,168.6,1.0,2,0,X,0.0,0.0,0.0,0.0,0.0,0.0,0.0,0.0,18,0.03403802005578621,10,21,-11,0,0,0,0,0,0,0,0,1,0
1com,H,39,PRO,-1.6,112.7,0.0,0,0,X,0.0,0.0,0.0,0.0,0.0,0.0,0.0,0.0,27,0.04103213376587927,17,18,-1,0,0,0,0,0,0,0,0,1,0
1com,H,40,GLU,-3.5,138.4,-1.0,1,3,X,0.0,0.0,0.0,0.0,0.0,0.0,0.0,0.0,23,0.03683566553982344,17,14,3,0,0,0,0,0,0,0,0,1,0
1com,H,41,ASP,-3.5,111.1,-1.0,1,3,X,0.0,0.0,0.0,0.0,0.0,0.0,0.0,0.0,24,0.043363505002576956,24,10,14,0,0,0,0,0,0,0,0,1,0
1com,H,42,VAL,4.2,140.0,0.0,0,0,X,0.0,0.0,0.0,0.0,0.0,0.0,0.0,0.0,31,0.05548663543340492,21,17,4,0,0,0,0,0,0,0,0,1,0
1com,H,43,VAL,4.2,140.0,0.0,0,0,X,0.0,0.0,0.0,0.0,0.0,0.0,0.0,0.0,28,0.053621538444046775,17,12,5,0,0,0,0,0,0,0,0,1,0
1com,H,44,GLN,-3.5,143.8,0.0,2,2,X,0.0,0.0,0.0,0.0,0.0,0.0,0.0,0.0,26,0.05175644145468863,20,2,18,0,0,0,0,0,0,0,0,1,0
1com,H,45,MET,1.9,162.9,0.0,0,0,X,0.0,0.0,0.0,0.0,0.0,0.0,0.0,0.0,36,0.05129016720734909,6,1,5,0,0,0,0,0,0,0,0,1,0
1com,H,46,LEU,3.8,166.7,0.0,0,0,X,0.0,0.0,0.0,0.0,0.0,0.0,0.0,0.0,28,0.045228601991935104,13,1,12,0,0,0,0,0,0,0,0,1,0
1com,H,47,LEU,3.8,166.7,0.0,0,0,X,0.0,0.0,0.0,0.0,0.0,0.0,0.0,0.0,37,0.045228601991935104,14,6,8,0,0,0,0,0,0,0,0,1,0
1com,H,48,SER,-0.8,89.0,0.0,1,1,X,0.0,0.0,0.0,0.0,0.0,0.0,0.0,0.0,31,0.05175644145468863,19,14,5,0,0,0,0,0,0,0,0,1,0
1com,H,49,ALA,1.8,88.6,0.0,0,0,X,0.0,0.0,0.0,0.0,0.0,0.0,0.0,0.0,34,0.05222271570202816,30,32,-2,0,0,0,0,0,0,0,0,1,0
1com,H,50,THR,-0.7,116.1,0.0,1,1,X,0.0,0.0,0.0,0.0,0.0,0.0,0.0,0.0,28,0.04989134446533048,37,31,6,0,0,0,0,0,0,0,0,1,0
1com,H,51,PRO,-1.6,112.7,0.0,0,0,X,0.0,0.0,0.0,0.0,0.0,0.0,0.0,0.0,19,0.03916703677652112,27,37,-10,0,0,0,0,0,0,0,0,1,0
1com,H,52,ASP,-3.5,111.1,-1.0,1,3,X,0.0,0.0,0.0,0.0,0.0,0.0,0.0,0.0,24,0.030307826077069916,33,25,8,0,0,0,0,0,0,0,0,1,0
1com,H,53,LEU,3.8,166.7,0.0,0,0,X,0.0,0.0,0.0,0.0,0.0,0.0,0.0,0.0,34,0.04289723075523742,30,36,-6,0,0,0,0,0,0,0,0,1,0
1com,H,54,HIS,-3.2,153.2,0.1,2,1,X,0.0,0.0,0.0,0.0,0.0,0.0,0.0,0.0,24,0.03823448828184205,6,27,-21,0,0,0,0,0,0,0,0,1,0
1com,H,55,ALA,1.8,88.6,0.0,0,0,X,0.0,0.0,0.0,0.0,0.0,0.0,0.0,0.0,26,0.03963331102386066,19,38,-19,0,0,0,0,0,0,0,0,1,0
1com,H,56,VAL,4.2,140.0,0.0,0,0,X,0.0,0.0,0.0,0.0,0.0,0.0,0.0,0.0,30,0.04429605349725603,19,32,-13,0,0,0,0,0,0,0,0,1,0
1com,H,57,PHE,2.8,189.9,0.0,0,0,X,0.0,0.0,0.0,0.0,0.0,0.0,0.0,0.0,35,0.03823448828184205,28,19,9,0,0,0,0,0,0,0,0,1,0
1com,H,58,PRO,-1.6,112.7,0.0,0,0,X,0.0,0.0,0.0,0.0,0.0,0.0,0.0,0.0,43,0.04429605349725603,28,14,14,0,0,0,0,0,0,0,0,1,0
1com,H,59,ALA,1.8,88.6,0.0,0,0,X,0.0,0.0,0.0,0.0,0.0,0.0,0.0,0.0,32,0.04149840801321881,27,10,17,0,0,0,0,0,0,0,0,1,0
1com,H,60,LYS,-3.9,168.6,1.0,2,0,X,0.0,0.0,0.0,0.0,0.0,0.0,0.0,0.0,23,0.0363693912924839,16,22,-6,0,0,0,0,0,0,0,0,1,0
1com,H,61,ALA,1.8,88.6,0.0,0,0,X,0.0,0.0,0.0,0.0,0.0,0.0,0.0,0.0,31,0.043363505002576956,33,22,11,0,0,0,0,0,0,0,0,1,0
1com,H,62,VAL,4.2,140.0,0.0,0,0,X,0.0,0.0,0.0,0.0,0.0,0.0,0.0,0.0,31,0.04429605349725603,27,12,15,0,0,0,0,0,0,0,0,1,0
1com,H,63,ARG,-4.5,173.4,1.0,5,0,X,0.0,0.0,0.0,0.0,0.0,0.0,0.0,0.0,20,0.03310547156110714,10,9,1,0,0,0,0,0,0,0,0,1,0
1com,H,64,GLU,-3.5,138.4,-1.0,1,3,X,0.0,0.0,0.0,0.0,0.0,0.0,0.0,0.0,18,0.027043906345693154,29,4,25,0,0,0,0,0,0,0,0,1,0
1com,H,65,LEU,3.8,166.7,0.0,0,0,X,0.0,0.0,0.0,0.0,0.0,0.0,0.0,0.0,27,0.03590311704514436,20,18,2,0,0,0,0,0,0,0,0,1,0
1com,H,66,SER,-0.8,89.0,0.0,1,1,X,0.0,0.0,0.0,0.0,0.0,0.0,0.0,0.0,14,0.022847438119637322,10,11,-1,0,0,0,0,0,0,0,0,1,0
1com,H,67,GLY,-0.4,60.1,0.0,0,0,X,0.0,0.0,0.0,0.0,0.0,0.0,0.0,0.0,17,0.02797645484037223,12,14,-2,0,0,0,0,0,0,0,0,1,0
1com,H,68,TRP,-0.9,227.8,0.0,1,0,X,0.0,0.0,0.0,0.0,0.0,0.0,0.0,0.0,28,0.04429605349725603,13,22,-9,0,0,0,0,0,0,0,0,1,0
1com,H,69,GLN,-3.5,143.8,0.0,2,2,X,0.0,0.0,0.0,0.0,0.0,0.0,0.0,0.0,15,0.03450429430312575,10,13,-3,0,0,0,0,0,0,0,0,1,0
1com,H,70,TYR,-1.3,193.6,0.0,1,1,X,0.0,0.0,0.0,0.0,0.0,0.0,0.0,0.0,21,0.03590311704514436,19,12,7,0,0,0,0,0,0,0,0,1,0
1com,H,71,VAL,4.2,140.0,0.0,0,0,X,0.0,0.0,0.0,0.0,0.0,0.0,0.0,0.0,38,0.04709369898129325,27,13,14,0,0,0,0,0,0,0,0,1,0
1com,H,72,PRO,-1.6,112.7,0.0,0,0,X,0.0,0.0,0.0,0.0,0.0,0.0,0.0,0.0,33,0.04429605349725603,31,2,29,0,0,0,0,0,0,0,0,1,0
1com,H,73,VAL,4.2,140.0,0.0,0,0,X,0.0,0.0,0.0,0.0,0.0,0.0,0.0,0.0,35,0.040565859518539735,32,2,30,0,0,0,0,0,0,0,0,1,0
1com,H,74,THR,-0.7,116.1,0.0,1,1,X,0.0,0.0,0.0,0.0,0.0,0.0,0.0,0.0,27,0.04243095650789788,23,8,15,0,0,0,0,0,0,0,0,1,0
1com,H,75,CYS,2.5,108.5,0.0,1,0,X,0.0,0.0,0.0,0.0,0.0,0.0,0.0,0.0,26,0.048026247475972325,22,14,8,0,0,0,0,0,0,0,0,1,0
1com,H,76,MET,1.9,162.9,0.0,0,0,X,0.0,0.0,0.0,0.0,0.0,0.0,0.0,0.0,22,0.050823892960009553,8,23,-15,0,0,0,0,0,0,0,0,1,0
1com,H,77,GLN,-3.5,143.8,0.0,2,2,X,0.0,0.0,0.0,0.0,0.0,0.0,0.0,0.0,17,0.05502036118606539,6,44,-38,0,0,0,0,0,0,0,0,1,0
1com,H,78,GLU,-3.5,138.4,-1.0,1,3,X,0.0,0.0,0.0,0.0,0.0,0.0,0.0,0.0,27,0.04755997322863279,19,12,7,0,0,0,0,0,0,0,0,1,1
1com,H,79,MET,1.9,162.9,0.0,0,0,X,0.0,0.0,0.0,0.0,0.0,0.0,0.0,0.0,28,0.050823892960009553,15,26,-11,0,0,0,0,0,0,0,0,1,0
1com,H,80,ASP,-3.5,111.1,-1.0,1,3,X,0.0,0.0,0.0,0.0,0.0,0.0,0.0,0.0,21,0.04149840801321881,19,22,-3,0,0,0,0,0,0,0,0,1,0
1com,H,81,VAL,4.2,140.0,0.0,0,0,X,0.0,0.0,0.0,0.0,0.0,0.0,0.0,0.0,24,0.03870076252918159,21,22,-1,0,0,0,0,0,0,0,0,1,0
1com,H,82,THR,-0.7,116.1,0.0,1,1,X,0.0,0.0,0.0,0.0,0.0,0.0,0.0,0.0,15,0.02471253510899547,14,21,-7,0,0,0,0,0,0,0,0,1,0
1com,H,83,GLY,-0.4,60.1,0.0,0,0,X,0.0,0.0,0.0,0.0,0.0,0.0,0.0,0.0,16,0.01818469564624195,17,9,8,0,0,0,0,0,0,0,0,1,0
1com,H,84,GLY,-0.4,60.1,0.0,0,0,X,0.0,0.0,0.0,0.0,0.0,0.0,0.0,0.0,21,0.030307826077069916,23,19,4,0,0,0,0,0,0,0,0,1,0
1com,H,85,LEU,3.8,166.7,0.0,0,0,X,0.0,0.0,0.0,0.0,0.0,0.0,0.0,0.0,30,0.02844272908771177,32,12,20,0,0,0,0,0,0,0,0,1,0
1com,H,86,LYS,-3.9,168.6,1.0,2,0,X,0.0,0.0,0.0,0.0,0.0,0.0,0.0,0.0,23,0.03170664881908853,14,18,-4,0,0,0,0,0,0,0,0,1,0
1com,H,87,LYS,-3.9,168.6,1.0,2,0,X,0.0,0.0,0.0,0.0,0.0,0.0,0.0,0.0,26,0.043829779249916496,28,31,-3,0,0,0,0,0,0,0,0,1,0
1com,H,88,CYS,2.5,108.5,0.0,1,0,X,0.0,0.0,0.0,0.0,0.0,0.0,0.0,0.0,39,0.04662742473395372,37,21,16,0,0,0,0,0,0,0,0,1,0
1com,H,89,ILE,4.5,166.7,0.0,0,0,X,0.0,0.0,0.0,0.0,0.0,0.0,0.0,0.0,47,0.05035761871267001,33,13,20,0,0,0,0,0,0,0,0,1,0
1com,H,90,ARG,-4.5,173.4,1.0,5,0,X,0.0,0.0,0.0,0.0,0.0,0.0,0.0,0.0,36,0.04662742473395372,19,9,10,0,0,0,0,0,0,0,0,1,1
1com,H,91,VAL,4.2,140.0,0.0,0,0,X,0.0,0.0,0.0,0.0,0.0,0.0,0.0,0.0,36,0.04755997322863279,28,1,27,0,0,0,0,0,0,0,0,1,0
1com,H,92,MET,1.9,162.9,0.0,0,0,X,0.0,0.0,0.0,0.0,0.0,0.0,0.0,0.0,31,0.050823892960009553,27,0,27,0,0,0,0,0,0,0,0,1,0
1com,H,93,MET,1.9,162.9,0.0,0,0,X,0.0,0.0,0.0,0.0,0.0,0.0,0.0,0.0,38,0.05129016720734909,25,4,21,0,0,0,0,0,0,0,0,1,0
1com,H,94,THR,-0.7,116.1,0.0,1,1,X,0.0,0.0,0.0,0.0,0.0,0.0,0.0,0.0,26,0.04989134446533048,15,5,10,0,0,0,0,0,0,0,0,1,0
1com,H,95,VAL,4.2,140.0,0.0,0,0,X,0.0,0.0,0.0,0.0,0.0,0.0,0.0,0.0,31,0.048958795970651406,22,15,7,0,0,0,0,0,0,0,0,1,0
1com,H,96,GLN,-3.5,143.8,0.0,2,2,X,0.0,0.0,0.0,0.0,0.0,0.0,0.0,0.0,20,0.04149840801321881,21,24,-3,0,0,0,0,0,0,0,0,1,0
1com,H,97,THR,-0.7,116.1,0.0,1,1,X,0.0,0.0,0.0,0.0,0.0,0.0,0.0,0.0,22,0.034970568550465285,14,16,-2,0,0,0,0,0,0,0,0,1,0
1com,H,98,ASP,-3.5,111.1,-1.0,1,3,X,0.0,0.0,0.0,0.0,0.0,0.0,0.0,0.0,12,0.027510180593032695,9,2,7,0,0,0,0,0,0,0,0,1,0
1com,H,99,VAL,4.2,140.0,0.0,0,0,X,0.0,0.0,0.0,0.0,0.0,0.0,0.0,0.0,19,0.02984155182973038,20,17,3,0,0,0,0,0,0,0,0,1,0
1com,H,100,PRO,-1.6,112.7,0.0,0,0,X,0.0,0.0,0.0,0.0,0.0,0.0,0.0,0.0,15,0.032639197313767604,13,21,-8,0,0,0,0,0,0,0,0,1,0
1com,H,101,GLN,-3.5,143.8,0.0,2,2,X,0.0,0.0,0.0,0.0,0.0,0.0,0.0,0.0,28,0.04476232774459557,20,26,-6,0,0,0,0,0,0,0,0,1,0
1com,H,102,ASP,-3.5,111.1,-1.0,1,3,X,0.0,0.0,0.0,0.0,0.0,0.0,0.0,0.0,14,0.03357174580844668,18,9,9,0,0,0,0,0,0,0,0,1,0
1com,H,103,GLN,-3.5,143.8,0.0,2,2,X,0.0,0.0,0.0,0.0,0.0,0.0,0.0,0.0,13,0.03170664881908853,20,14,6,0,0,0,0,0,0,0,0,1,0
1com,H,104,ILE,4.5,166.7,0.0,0,0,X,0.0,0.0,0.0,0.0,0.0,0.0,0.0,0.0,26,0.045228601991935104,39,18,21,0,0,0,0,0,0,0,0,1,0
1com,H,105,ARG,-4.5,173.4,1.0,5,0,X,0.0,0.0,0.0,0.0,0.0,0.0,0.0,0.0,20,0.0363693912924839,21,17,4,0,0,0,0,0,0,0,0,1,0
1com,H,106,HIS,-3.2,153.2,0.1,2,1,X,0.0,0.0,0.0,0.0,0.0,0.0,0.0,0.0,31,0.03963331102386066,28,11,17,0,0,0,0,0,0,0,0,1,0
1com,H,107,VAL,4.2,140.0,0.0,0,0,X,0.0,0.0,0.0,0.0,0.0,0.0,0.0,0.0,30,0.04196468226055834,43,17,26,0,0,0,0,0,0,0,0,1,0
1com,H,108,TYR,-1.3,193.6,0.0,1,1,X,0.0,0.0,0.0,0.0,0.0,0.0,0.0,0.0,26,0.04196468226055834,39,5,34,0,0,0,0,0,0,0,0,1,1
1com,H,109,LEU,3.8,166.7,0.0,0,0,X,0.0,0.0,0.0,0.0,0.0,0.0,0.0,0.0,26,0.03823448828184205,29,9,20,0,0,0,0,0,0,0,0,1,0
1com,H,110,GLU,-3.5,138.4,-1.0,1,3,X,0.0,0.0,0.0,0.0,0.0,0.0,0.0,0.0,21,0.03170664881908853,20,10,10,0,0,0,0,0,0,0,0,1,0
1com,H,111,LYS,-3.9,168.6,1.0,2,0,X,0.0,0.0,0.0,0.0,0.0,0.0,0.0,0.0,17,0.032639197313767604,13,16,-3,0,0,0,0,0,0,0,0,1,0
1com,H,112,ALA,1.8,88.6,0.0,0,0,X,0.0,0.0,0.0,0.0,0.0,0.0,0.0,0.0,21,0.04289723075523742,26,9,17,0,0,0,0,0,0,0,0,1,0
1com,H,113,VAL,4.2,140.0,0.0,0,0,X,0.0,0.0,0.0,0.0,0.0,0.0,0.0,0.0,15,0.03124037457174899,10,9,1,0,0,0,0,0,0,0,0,1,0
1com,H,114,VAL,4.2,140.0,0.0,0,0,X,0.0,0.0,0.0,0.0,0.0,0.0,0.0,0.0,14,0.02144861537761871,10,5,5,0,0,0,0,0,0,0,0,1,0
1com,H,115,LEU,3.8,166.7,0.0,0,0,X,0.0,0.0,0.0,0.0,0.0,0.0,0.0,0.0,23,0.02098234113027917,22,3,19,0,0,0,0,0,0,0,0,1,1
1com,I,2,MET,1.9,162.9,0.0,0,0,X,0.0,0.0,0.0,0.0,0.0,0.0,0.0,0.0,18,0.03124037457174899,11,22,-11,0,0,0,0,0,0,0,0,1,0
1com,I,3,ILE,4.5,166.7,0.0,0,0,X,0.0,0.0,0.0,0.0,0.0,0.0,0.0,0.0,18,0.04476232774459557,14,15,-1,0,0,0,0,0,0,0,0,1,0
1com,I,4,ARG,-4.5,173.4,1.0,5,0,X,0.0,0.0,0.0,0.0,0.0,0.0,0.0,0.0,31,0.04942507021799094,6,22,-16,0,0,0,0,0,0,0,0,1,0
1com,I,5,GLY,-0.4,60.1,0.0,0,0,X,0.0,0.0,0.0,0.0,0.0,0.0,0.0,0.0,35,0.04755997322863279,34,2,32,0,0,0,0,0,0,0,0,1,0
1com,I,6,ILE,4.5,166.7,0.0,0,0,X,0.0,0.0,0.0,0.0,0.0,0.0,0.0,0.0,40,0.04989134446533048,38,6,32,0,0,0,0,0,0,0,0,1,0
1com,I,7,ARG,-4.5,173.4,1.0,5,0,X,0.0,0.0,0.0,0.0,0.0,0.0,0.0,0.0,39,0.04989134446533048,25,1,24,0,0,0,0,0,0,0,0,1,0
1com,I,8,GLY,-0.4,60.1,0.0,0,0,X,0.0,0.0,0.0,0.0,0.0,0.0,0.0,0.0,36,0.048492521723311866,40,1,39,0,0,0,0,0,0,0,0,1,0
1com,I,9,ALA,1.8,88.6,0.0,0,0,X,0.0,0.0,0.0,0.0,0.0,0.0,0.0,0.0,35,0.05035761871267001,43,8,35,0,0,0,0,0,0,0,0,1,0
1com,I,10,THR,-0.7,116.1,0.0,1,1,X,0.0,0.0,0.0,0.0,0.0,0.0,0.0,0.0,40,0.050823892960009553,45,14,31,0,0,0,0,0,0,0,0,1,0
1com,I,11,THR,-0.7,116.1,0.0,1,1,X,0.0,0.0,0.0,0.0,0.0,0.0,0.0,0.0,31,0.05035761871267001,43,29,14,0,0,0,0,0,0,0,0,1,0
1com,I,12,VAL,4.2,140.0,0.0,0,0,X,0.0,0.0,0.0,0.0,0.0,0.0,0.0,0.0,31,0.04709369898129325,41,49,-8,0,0,0,0,0,0,0,0,1,0
1com,I,13,GLU,-3.5,138.4,-1.0,1,3,X,0.0,0.0,0.0,0.0,0.0,0.0,0.0,0.0,18,0.030307826077069916,36,22,14,0,0,0,0,0,0,0,0,1,0
1com,I,14,ARG,-4.5,173.4,1.0,5,0,X,0.0,0.0,0.0,0.0,0.0,0.0,0.0,0.0,15,0.030307826077069916,8,40,-32,0,0,0,0,0,0,0,0,1,0
1com,I,15,ASP,-3.5,111.1,-1.0,1,3,X,0.0,0.0,0.0,0.0,0.0,0.0,0.0,0.0,25,0.04103213376587927,30,35,-5,0,0,0,0,0,0,0,0,1,0
1com,I,16,THR,-0.7,116.1,0.0,1,1,X,0.0,0.0,0.0,0.0,0.0,0.0,0.0,0.0,19,0.034970568550465285,24,42,-18,0,0,0,0,0,0,0,0,1,0
1com,I,17,GLU,-3.5,138.4,-1.0,1,3,X,0.0,0.0,0.0,0.0,0.0,0.0,0.0,0.0,21,0.03450429430312575,17,23,-6,0,0,0,0,0,0,0,0,1,0
1com,I,18,GLU,-3.5,138.4,-1.0,1,3,X,0.0,0.0,0.0,0.0,0.0,0.0,0.0,0.0,18,0.03124037457174899,23,29,-6,0,0,0,0,0,0,0,0,1,0
1com,I,19,GLU,-3.5,138.4,-1.0,1,3,X,0.0,0.0,0.0,0.0,0.0,0.0,0.0,0.0,22,0.04476232774459557,28,36,-8,0,0,0,0,0,0,0,0,1,0
1com,I,20,ILE,4.5,166.7,0.0,0,0,X,0.0,0.0,0.0,0.0,0.0,0.0,0.0,0.0,34,0.053155264196707235,36,39,-3,0,0,0,0,0,0,0,0,1,0
1com,I,21,LEU,3.8,166.7,0.0,0,0,X,0.0,0.0,0.0,0.0,0.0,0.0,0.0,0.0,28,0.048026247475972325,37,34,3,0,0,0,0,0,0,0,0,1,0
1com,I,22,GLN,-3.5,143.8,0.0,2,2,X,0.0,0.0,0.0,0.0,0.0,0.0,0.0,0.0,22,0.040565859518539735,21,41,-20,0,0,0,0,0,0,0,0,1,0
1com,I,23,LYS,-3.9,168.6,1.0,2,0,X,0.0,0.0,0.0,0.0,0.0,0.0,0.0,0.0,28,0.048026247475972325,16,34,-18,0,0,0,0,0,0,0,0,1,0
1com,I,24,THR,-0.7,116.1,0.0,1,1,X,0.0,0.0,0.0,0.0,0.0,0.0,0.0,0.0,44,0.048492521723311866,32,21,11,0,0,0,0,0,0,0,0,1,0
1com,I,25,LYS,-3.9,168.6,1.0,2,0,X,0.0,0.0,0.0,0.0,0.0,0.0,0.0,0.0,29,0.04755997322863279,25,31,-6,0,0,0,0,0,0,0,0,1,0
1com,I,26,GLN,-3.5,143.8,0.0,2,2,X,0.0,0.0,0.0,0.0,0.0,0.0,0.0,0.0,25,0.040565859518539735,25,27,-2,0,0,0,0,0,0,0,0,1,0
1com,I,27,LEU,3.8,166.7,0.0,0,0,X,0.0,0.0,0.0,0.0,0.0,0.0,0.0,0.0,39,0.048492521723311866,40,19,21,0,0,0,0,0,0,0,0,1,0
1com,I,28,LEU,3.8,166.7,0.0,0,0,X,0.0,0.0,0.0,0.0,0.0,0.0,0.0,0.0,42,0.04429605349725603,27,18,9,0,0,0,0,0,0,0,0,1,0
1com,I,29,GLU,-3.5,138.4,-1.0,1,3,X,0.0,0.0,0.0,0.0,0.0,0.0,0.0,0.0,25,0.03823448828184205,22,22,0,0,0,0,0,0,0,0,0,1,0
1com,I,30,LYS,-3.9,168.6,1.0,2,0,X,0.0,0.0,0.0,0.0,0.0,0.0,0.0,0.0,24,0.03963331102386066,16,27,-11,0,0,0,0,0,0,0,0,1,0
1com,I,31,ILE,4.5,166.7,0.0,0,0,X,0.0,0.0,0.0,0.0,0.0,0.0,0.0,0.0,34,0.05408781269138631,39,26,13,0,0,0,0,0,0,0,0,1,0
1com,I,32,ILE,4.5,166.7,0.0,0,0,X,0.0,0.0,0.0,0.0,0.0,0.0,0.0,0.0,25,0.04243095650789788,32,27,5,0,0,0,0,0,0,0,0,1,0
1com,I,33,GLU,-3.5,138.4,-1.0,1,3,X,0.0,0.0,0.0,0.0,0.0,0.0,0.0,0.0,14,0.03590311704514436,23,18,5,0,0,0,0,0,0,0,0,1,0
1com,I,34,GLU,-3.5,138.4,-1.0,1,3,X,0.0,0.0,0.0,0.0,0.0,0.0,0.0,0.0,20,0.03683566553982344,37,14,23,0,0,0,0,0,0,0,0,1,0
1com,I,35,ASN,-3.5,114.1,0.0,2,2,X,0.0,0.0,0.0,0.0,0.0,0.0,0.0,0.0,28,0.03963331102386066,47,21,26,0,0,0,0,0,0,0,0,1,0
1com,I,36,HIS,-3.2,153.2,0.1,2,1,X,0.0,0.0,0.0,0.0,0.0,0.0,0.0,0.0,16,0.026577632098353617,18,20,-2,0,0,0,0,0,0,0,0,1,0
1com,I,37,THR,-0.7,116.1,0.0,1,1,X,0.0,0.0,0.0,0.0,0.0,0.0,0.0,0.0,28,0.040565859518539735,24,32,-8,0,0,0,0,0,0,0,0,1,0
1com,I,38,LYS,-3.9,168.6,1.0,2,0,X,0.0,0.0,0.0,0.0,0.0,0.0,0.0,0.0,19,0.032639197313767604,9,19,-10,0,0,0,0,0,0,0,0,1,0
1com,I,39,PRO,-1.6,112.7,0.0,0,0,X,0.0,0.0,0.0,0.0,0.0,0.0,0.0,0.0,27,0.04289723075523742,16,18,-2,0,0,0,0,0,0,0,0,1,0
1com,I,40,GLU,-3.5,138.4,-1.0,1,3,X,0.0,0.0,0.0,0.0,0.0,0.0,0.0,0.0,22,0.03590311704514436,17,14,3,0,0,0,0,0,0,0,0,1,0
1com,I,41,ASP,-3.5,111.1,-1.0,1,3,X,0.0,0.0,0.0,0.0,0.0,0.0,0.0,0.0,22,0.04243095650789788,22,10,12,0,0,0,0,0,0,0,0,1,0
1com,I,42,VAL,4.2,140.0,0.0,0,0,X,0.0,0.0,0.0,0.0,0.0,0.0,0.0,0.0,31,0.05502036118606539,22,17,5,0,0,0,0,0,0,0,0,1,0
1com,I,43,VAL,4.2,140.0,0.0,0,0,X,0.0,0.0,0.0,0.0,0.0,0.0,0.0,0.0,28,0.053155264196707235,17,12,5,0,0,0,0,0,0,0,0,1,0
1com,I,44,GLN,-3.5,143.8,0.0,2,2,X,0.0,0.0,0.0,0.0,0.0,0.0,0.0,0.0,27,0.050823892960009553,21,2,19,0,0,0,0,0,0,0,0,1,0
1com,I,45,MET,1.9,162.9,0.0,0,0,X,0.0,0.0,0.0,0.0,0.0,0.0,0.0,0.0,34,0.05175644145468863,5,0,5,0,0,0,0,0,0,0,0,1,0
1com,I,46,LEU,3.8,166.7,0.0,0,0,X,0.0,0.0,0.0,0.0,0.0,0.0,0.0,0.0,28,0.04616115048661418,12,1,11,0,0,0,0,0,0,0,0,1,0
1com,I,47,LEU,3.8,166.7,0.0,0,0,X,0.0,0.0,0.0,0.0,0.0,0.0,0.0,0.0,35,0.04616115048661418,12,6,6,0,0,0,0,0,0,0,0,1,0
1com,I,48,SER,-0.8,89.0,0.0,1,1,X,0.0,0.0,0.0,0.0,0.0,0.0,0.0,0.0,32,0.05129016720734909,19,15,4,0,0,0,0,0,0,0,0,1,0
1com,I,49,ALA,1.8,88.6,0.0,0,0,X,0.0,0.0,0.0,0.0,0.0,0.0,0.0,0.0,33,0.0526889899493677,29,33,-4,0,0,0,0,0,0,0,0,1,0
1com,I,50,THR,-0.7,116.1,0.0,1,1,X,0.0,0.0,0.0,0.0,0.0,0.0,0.0,0.0,28,0.05035761871267001,37,31,6,0,0,0,0,0,0,0,0,1,0
1com,I,51,PRO,-1.6,112.7,0.0,0,0,X,0.0,0.0,0.0,0.0,0.0,0.0,0.0,0.0,19,0.04196468226055834,28,39,-11,0,0,0,0,0,0,0,0,1,0
1com,I,52,ASP,-3.5,111.1,-1.0,1,3,X,0.0,0.0,0.0,0.0,0.0,0.0,0.0,0.0,23,0.032172923066428064,32,27,5,0,0,0,0,0,0,0,0,1,0
1com,I,53,LEU,3.8,166.7,0.0,0,0,X,0.0,0.0,0.0,0.0,0.0,0.0,0.0,0.0,35,0.045228601991935104,32,34,-2,0,0,0,0,0,0,0,0,1,0
1com,I,54,HIS,-3.2,153.2,0.1,2,1,X,0.0,0.0,0.0,0.0,0.0,0.0,0.0,0.0,24,0.03776821403450251,4,27,-23,0,0,0,0,0,0,0,0,1,0
1com,I,55,ALA,1.8,88.6,0.0,0,0,X,0.0,0.0,0.0,0.0,0.0,0.0,0.0,0.0,24,0.03776821403450251,20,36,-16,0,0,0,0,0,0,0,0,1,0
1com,I,56,VAL,4.2,140.0,0.0,0,0,X,0.0,0.0,0.0,0.0,0.0,0.0,0.0,0.0,29,0.045694876239274644,21,31,-10,0,0,0,0,0,0,0,0,1,0
1com,I,57,PHE,2.8,189.9,0.0,0,0,X,0.0,0.0,0.0,0.0,0.0,0.0,0.0,0.0,36,0.03916703677652112,28,22,6,0,0,0,0,0,0,0,0,1,1
1com,I,58,PRO,-1.6,112.7,0.0,0,0,X,0.0,0.0,0.0,0.0,0.0,0.0,0.0,0.0,42,0.04476232774459557,30,14,16,0,0,0,0,0,0,0,0,1,0
1com,I,59,ALA,1.8,88.6,0.0,0,0,X,0.0,0.0,0.0,0.0,0.0,0.0,0.0,0.0,32,0.040565859518539735,26,6,20,0,0,0,0,0,0,0,0,1,1
1com,I,60,LYS,-3.9,168.6,1.0,2,0,X,0.0,0.0,0.0,0.0,0.0,0.0,0.0,0.0,23,0.03403802005578621,16,20,-4,0,0,0,0,0,0,0,0,1,1
1com,I,61,ALA,1.8,88.6,0.0,0,0,X,0.0,0.0,0.0,0.0,0.0,0.0,0.0,0.0,32,0.04429605349725603,34,20,14,0,0,0,0,0,0,0,0,1,0
1com,I,62,VAL,4.2,140.0,0.0,0,0,X,0.0,0.0,0.0,0.0,0.0,0.0,0.0,0.0,31,0.043363505002576956,26,13,13,0,0,0,0,0,0,0,0,1,0
1com,I,63,ARG,-4.5,173.4,1.0,5,0,X,0.0,0.0,0.0,0.0,0.0,0.0,0.0,0.0,21,0.032172923066428064,10,9,1,0,0,0,0,0,0,0,0,1,1
1com,I,64,GLU,-3.5,138.4,-1.0,1,3,X,0.0,0.0,0.0,0.0,0.0,0.0,0.0,0.0,27,0.03590311704514436,35,14,21,0,0,0,0,0,0,0,0,1,0
1com,I,65,LEU,3.8,166.7,0.0,0,0,X,0.0,0.0,0.0,0.0,0.0,0.0,0.0,0.0,31,0.0363693912924839,21,23,-2,0,0,0,0,0,0,0,0,1,0
1com,I,66,SER,-0.8,89.0,0.0,1,1,X,0.0,0.0,0.0,0.0,0.0,0.0,0.0,0.0,26,0.026577632098353617,12,15,-3,0,0,0,0,0,0,0,0,1,0
1com,I,67,GLY,-0.4,60.1,0.0,0,0,X,0.0,0.0,0.0,0.0,0.0,0.0,0.0,0.0,20,0.028909003335051305,13,16,-3,0,0,0,0,0,0,0,0,1,0
1com,I,68,TRP,-0.9,227.8,0.0,1,0,X,0.0,0.0,0.0,0.0,0.0,0.0,0.0,0.0,29,0.043363505002576956,15,19,-4,0,0,0,0,0,0,0,0,1,0
1com,I,69,GLN,-3.5,143.8,0.0,2,2,X,0.0,0.0,0.0,0.0,0.0,0.0,0.0,0.0,17,0.03403802005578621,9,12,-3,0,0,0,0,0,0,0,0,1,0
1com,I,70,TYR,-1.3,193.6,0.0,1,1,X,0.0,0.0,0.0,0.0,0.0,0.0,0.0,0.0,21,0.0363693912924839,12,12,0,0,0,0,0,0,0,0,0,1,0
1com,I,71,VAL,4.2,140.0,0.0,0,0,X,0.0,0.0,0.0,0.0,0.0,0.0,0.0,0.0,37,0.04709369898129325,24,12,12,0,0,0,0,0,0,0,0,1,0
1com,I,72,PRO,-1.6,112.7,0.0,0,0,X,0.0,0.0,0.0,0.0,0.0,0.0,0.0,0.0,33,0.045228601991935104,29,5,24,0,0,0,0,0,0,0,0,1,0
1com,I,73,VAL,4.2,140.0,0.0,0,0,X,0.0,0.0,0.0,0.0,0.0,0.0,0.0,0.0,35,0.04103213376587927,31,3,28,0,0,0,0,0,0,0,0,1,1
1com,I,74,THR,-0.7,116.1,0.0,1,1,X,0.0,0.0,0.0,0.0,0.0,0.0,0.0,0.0,27,0.04103213376587927,23,8,15,0,0,0,0,0,0,0,0,1,1
1com,I,75,CYS,2.5,108.5,0.0,1,0,X,0.0,0.0,0.0,0.0,0.0,0.0,0.0,0.0,26,0.048492521723311866,21,14,7,0,0,0,0,0,0,0,0,1,1
1com,I,76,MET,1.9,162.9,0.0,0,0,X,0.0,0.0,0.0,0.0,0.0,0.0,0.0,0.0,22,0.0526889899493677,8,22,-14,0,0,0,0,0,0,0,0,1,0
1com,I,77,GLN,-3.5,143.8,0.0,2,2,X,0.0,0.0,0.0,0.0,0.0,0.0,0.0,0.0,16,0.05455408693872585,7,45,-38,0,0,0,0,0,0,0,0,1,0
1com,I,78,GLU,-3.5,138.4,-1.0,1,3,X,0.0,0.0,0.0,0.0,0.0,0.0,0.0,0.0,25,0.04989134446533048,20,11,9,0,0,0,0,0,0,0,0,1,0
1com,I,79,MET,1.9,162.9,0.0,0,0,X,0.0,0.0,0.0,0.0,0.0,0.0,0.0,0.0,29,0.05175644145468863,16,27,-11,0,0,0,0,0,0,0,0,1,0
1com,I,80,ASP,-3.5,111.1,-1.0,1,3,X,0.0,0.0,0.0,0.0,0.0,0.0,0.0,0.0,21,0.043829779249916496,18,22,-4,0,0,0,0,0,0,0,0,1,0
1com,I,81,VAL,4.2,140.0,0.0,0,0,X,0.0,0.0,0.0,0.0,0.0,0.0,0.0,0.0,23,0.03916703677652112,21,21,0,0,0,0,0,0,0,0,0,1,0
1com,I,82,THR,-0.7,116.1,0.0,1,1,X,0.0,0.0,0.0,0.0,0.0,0.0,0.0,0.0,15,0.02471253510899547,15,17,-2,0,0,0,0,0,0,0,0,1,0
1com,I,83,GLY,-0.4,60.1,0.0,0,0,X,0.0,0.0,0.0,0.0,0.0,0.0,0.0,0.0,17,0.018650969893581486,19,9,10,0,0,0,0,0,0,0,0,1,0
1com,I,84,GLY,-0.4,60.1,0.0,0,0,X,0.0,0.0,0.0,0.0,0.0,0.0,0.0,0.0,21,0.03170664881908853,23,18,5,0,0,0,0,0,0,0,0,1,0
1com,I,85,LEU,3.8,166.7,0.0,0,0,X,0.0,0.0,0.0,0.0,0.0,0.0,0.0,0.0,30,0.030307826077069916,34,13,21,0,0,0,0,0,0,0,0,1,0
1com,I,86,LYS,-3.9,168.6,1.0,2,0,X,0.0,0.0,0.0,0.0,0.0,0.0,0.0,0.0,23,0.032172923066428064,19,18,1,0,0,0,0,0,0,0,0,1,0
1com,I,87,LYS,-3.9,168.6,1.0,2,0,X,0.0,0.0,0.0,0.0,0.0,0.0,0.0,0.0,24,0.04476232774459557,30,33,-3,0,0,0,0,0,0,0,0,1,0
1com,I,88,CYS,2.5,108.5,0.0,1,0,X,0.0,0.0,0.0,0.0,0.0,0.0,0.0,0.0,38,0.048492521723311866,39,21,18,0,0,0,0,0,0,0,0,1,0
1com,I,89,ILE,4.5,166.7,0.0,0,0,X,0.0,0.0,0.0,0.0,0.0,0.0,0.0,0.0,47,0.05175644145468863,32,14,18,0,0,0,0,0,0,0,0,1,0
1com,I,90,ARG,-4.5,173.4,1.0,5,0,X,0.0,0.0,0.0,0.0,0.0,0.0,0.0,0.0,36,0.04616115048661418,19,9,10,0,0,0,0,0,0,0,0,1,0
1com,I,91,VAL,4.2,140.0,0.0,0,0,X,0.0,0.0,0.0,0.0,0.0,0.0,0.0,0.0,35,0.04755997322863279,28,1,27,0,0,0,0,0,0,0,0,1,0
1com,I,92,MET,1.9,162.9,0.0,0,0,X,0.0,0.0,0.0,0.0,0.0,0.0,0.0,0.0,30,0.050823892960009553,27,0,27,0,0,0,0,0,0,0,0,1,0
1com,I,93,MET,1.9,162.9,0.0,0,0,X,0.0,0.0,0.0,0.0,0.0,0.0,0.0,0.0,37,0.04942507021799094,24,4,20,0,0,0,0,0,0,0,0,1,0
1com,I,94,THR,-0.7,116.1,0.0,1,1,X,0.0,0.0,0.0,0.0,0.0,0.0,0.0,0.0,28,0.048958795970651406,15,5,10,0,0,0,0,0,0,0,0,1,0
1com,I,95,VAL,4.2,140.0,0.0,0,0,X,0.0,0.0,0.0,0.0,0.0,0.0,0.0,0.0,30,0.048026247475972325,20,16,4,0,0,0,0,0,0,0,0,1,0
1com,I,96,GLN,-3.5,143.8,0.0,2,2,X,0.0,0.0,0.0,0.0,0.0,0.0,0.0,0.0,17,0.03963331102386066,20,24,-4,0,0,0,0,0,0,0,0,1,0
1com,I,97,THR,-0.7,116.1,0.0,1,1,X,0.0,0.0,0.0,0.0,0.0,0.0,0.0,0.0,22,0.03450429430312575,14,16,-2,0,0,0,0,0,0,0,0,1,0
1com,I,98,ASP,-3.5,111.1,-1.0,1,3,X,0.0,0.0,0.0,0.0,0.0,0.0,0.0,0.0,11,0.023779986614316396,9,0,9,0,0,0,0,0,0,0,0,1,0
1com,I,99,VAL,4.2,140.0,0.0,0,0,X,0.0,0.0,0.0,0.0,0.0,0.0,0.0,0.0,18,0.028909003335051305,25,17,8,0,0,0,0,0,0,0,0,1,0
1com,I,100,PRO,-1.6,112.7,0.0,0,0,X,0.0,0.0,0.0,0.0,0.0,0.0,0.0,0.0,14,0.03403802005578621,16,22,-6,0,0,0,0,0,0,0,0,1,0
1com,I,101,GLN,-3.5,143.8,0.0,2,2,X,0.0,0.0,0.0,0.0,0.0,0.0,0.0,0.0,27,0.04429605349725603,19,25,-6,0,0,0,0,0,0,0,0,1,0
1com,I,102,ASP,-3.5,111.1,-1.0,1,3,X,0.0,0.0,0.0,0.0,0.0,0.0,0.0,0.0,14,0.03403802005578621,21,7,14,0,0,0,0,0,0,0,0,1,0
1com,I,103,GLN,-3.5,143.8,0.0,2,2,X,0.0,0.0,0.0,0.0,0.0,0.0,0.0,0.0,14,0.03124037457174899,18,13,5,0,0,0,0,0,0,0,0,1,0
1com,I,104,ILE,4.5,166.7,0.0,0,0,X,0.0,0.0,0.0,0.0,0.0,0.0,0.0,0.0,28,0.045228601991935104,41,19,22,0,0,0,0,0,0,0,0,1,0
1com,I,105,ARG,-4.5,173.4,1.0,5,0,X,0.0,0.0,0.0,0.0,0.0,0.0,0.0,0.0,20,0.0363693912924839,22,18,4,0,0,0,0,0,0,0,0,1,0
1com,I,106,HIS,-3.2,153.2,0.1,2,1,X,0.0,0.0,0.0,0.0,0.0,0.0,0.0,0.0,27,0.040565859518539735,27,12,15,0,0,0,0,0,0,0,0,1,0
1com,I,107,VAL,4.2,140.0,0.0,0,0,X,0.0,0.0,0.0,0.0,0.0,0.0,0.0,0.0,30,0.04196468226055834,40,19,21,0,0,0,0,0,0,0,0,1,0
1com,I,108,TYR,-1.3,193.6,0.0,1,1,X,0.0,0.0,0.0,0.0,0.0,0.0,0.0,0.0,26,0.04103213376587927,41,5,36,0,0,0,0,0,0,0,0,1,0
1com,I,109,LEU,3.8,166.7,0.0,0,0,X,0.0,0.0,0.0,0.0,0.0,0.0,0.0,0.0,31,0.03870076252918159,31,12,19,0,0,0,0,0,0,0,0,1,0
1com,I,110,GLU,-3.5,138.4,-1.0,1,3,X,0.0,0.0,0.0,0.0,0.0,0.0,0.0,0.0,23,0.030307826077069916,21,8,13,0,0,0,0,0,0,0,0,1,0
1com,I,111,LYS,-3.9,168.6,1.0,2,0,X,0.0,0.0,0.0,0.0,0.0,0.0,0.0,0.0,17,0.032639197313767604,16,17,-1,0,0,0,0,0,0,0,0,1,0
1com,I,112,ALA,1.8,88.6,0.0,0,0,X,0.0,0.0,0.0,0.0,0.0,0.0,0.0,0.0,22,0.04243095650789788,26,10,16,0,0,0,0,0,0,0,0,1,0
1com,I,113,VAL,4.2,140.0,0.0,0,0,X,0.0,0.0,0.0,0.0,0.0,0.0,0.0,0.0,14,0.029375277582390842,9,9,0,0,0,0,0,0,0,0,0,1,0
1com,I,114,VAL,4.2,140.0,0.0,0,0,X,0.0,0.0,0.0,0.0,0.0,0.0,0.0,0.0,15,0.020516066882939634,10,5,5,0,0,0,0,0,0,0,0,1,0
1com,I,115,LEU,3.8,166.7,0.0,0,0,X,0.0,0.0,0.0,0.0,0.0,0.0,0.0,0.0,23,0.022381163872297785,23,4,19,0,0,0,0,0,0,0,0,1,0
1com,J,2,MET,1.9,162.9,0.0,0,0,X,0.0,0.0,0.0,0.0,0.0,0.0,0.0,0.0,18,0.03170664881908853,11,21,-10,0,0,0,0,0,0,0,0,1,0
1com,J,3,ILE,4.5,166.7,0.0,0,0,X,0.0,0.0,0.0,0.0,0.0,0.0,0.0,0.0,18,0.043829779249916496,14,16,-2,0,0,0,0,0,0,0,0,1,0
1com,J,4,ARG,-4.5,173.4,1.0,5,0,X,0.0,0.0,0.0,0.0,0.0,0.0,0.0,0.0,31,0.04989134446533048,6,24,-18,0,0,0,0,0,0,0,0,1,0
1com,J,5,GLY,-0.4,60.1,0.0,0,0,X,0.0,0.0,0.0,0.0,0.0,0.0,0.0,0.0,34,0.048026247475972325,33,2,31,0,0,0,0,0,0,0,0,1,0
1com,J,6,ILE,4.5,166.7,0.0,0,0,X,0.0,0.0,0.0,0.0,0.0,0.0,0.0,0.0,43,0.048958795970651406,38,5,33,0,0,0,0,0,0,0,0,1,0
1com,J,7,ARG,-4.5,173.4,1.0,5,0,X,0.0,0.0,0.0,0.0,0.0,0.0,0.0,0.0,38,0.05035761871267001,27,1,26,0,0,0,0,0,0,0,0,1,0
1com,J,8,GLY,-0.4,60.1,0.0,0,0,X,0.0,0.0,0.0,0.0,0.0,0.0,0.0,0.0,37,0.04989134446533048,39,1,38,0,0,0,0,0,0,0,0,1,0
1com,J,9,ALA,1.8,88.6,0.0,0,0,X,0.0,0.0,0.0,0.0,0.0,0.0,0.0,0.0,35,0.05175644145468863,44,8,36,0,0,0,0,0,0,0,0,1,0
1com,J,10,THR,-0.7,116.1,0.0,1,1,X,0.0,0.0,0.0,0.0,0.0,0.0,0.0,0.0,39,0.05129016720734909,42,17,25,0,0,0,0,0,0,0,0,1,0
1com,J,11,THR,-0.7,116.1,0.0,1,1,X,0.0,0.0,0.0,0.0,0.0,0.0,0.0,0.0,30,0.04989134446533048,43,29,14,0,0,0,0,0,0,0,0,1,0
1com,J,12,VAL,4.2,140.0,0.0,0,0,X,0.0,0.0,0.0,0.0,0.0,0.0,0.0,0.0,32,0.04616115048661418,40,50,-10,0,0,0,0,0,0,0,0,1,0
1com,J,13,GLU,-3.5,138.4,-1.0,1,3,X,0.0,0.0,0.0,0.0,0.0,0.0,0.0,0.0,17,0.029375277582390842,37,23,14,0,0,0,0,0,0,0,0,1,0
1com,J,14,ARG,-4.5,173.4,1.0,5,0,X,0.0,0.0,0.0,0.0,0.0,0.0,0.0,0.0,14,0.02984155182973038,6,40,-34,0,0,0,0,0,0,0,0,1,0
1com,J,15,ASP,-3.5,111.1,-1.0,1,3,X,0.0,0.0,0.0,0.0,0.0,0.0,0.0,0.0,24,0.04196468226055834,30,34,-4,0,0,0,0,0,0,0,0,1,0
1com,J,16,THR,-0.7,116.1,0.0,1,1,X,0.0,0.0,0.0,0.0,0.0,0.0,0.0,0.0,19,0.034970568550465285,23,41,-18,0,0,0,0,0,0,0,0,1,0
1com,J,17,GLU,-3.5,138.4,-1.0,1,3,X,0.0,0.0,0.0,0.0,0.0,0.0,0.0,0.0,21,0.03403802005578621,17,25,-8,0,0,0,0,0,0,0,0,1,0
1com,J,18,GLU,-3.5,138.4,-1.0,1,3,X,0.0,0.0,0.0,0.0,0.0,0.0,0.0,0.0,15,0.030774100324409453,20,25,-5,0,0,0,0,0,0,0,0,1,0
1com,J,19,GLU,-3.5,138.4,-1.0,1,3,X,0.0,0.0,0.0,0.0,0.0,0.0,0.0,0.0,22,0.043363505002576956,29,36,-7,0,0,0,0,0,0,0,0,1,0
1com,J,20,ILE,4.5,166.7,0.0,0,0,X,0.0,0.0,0.0,0.0,0.0,0.0,0.0,0.0,35,0.05548663543340492,36,39,-3,0,0,0,0,0,0,0,0,1,0
1com,J,21,LEU,3.8,166.7,0.0,0,0,X,0.0,0.0,0.0,0.0,0.0,0.0,0.0,0.0,27,0.04942507021799094,30,33,-3,0,0,0,0,0,0,0,0,1,0
1com,J,22,GLN,-3.5,143.8,0.0,2,2,X,0.0,0.0,0.0,0.0,0.0,0.0,0.0,0.0,23,0.03823448828184205,19,34,-15,0,0,0,0,0,0,0,0,1,0
1com,J,23,LYS,-3.9,168.6,1.0,2,0,X,0.0,0.0,0.0,0.0,0.0,0.0,0.0,0.0,28,0.048958795970651406,13,34,-21,0,0,0,0,0,0,0,0,1,0
1com,J,24,THR,-0.7,116.1,0.0,1,1,X,0.0,0.0,0.0,0.0,0.0,0.0,0.0,0.0,42,0.04989134446533048,31,26,5,0,0,0,0,0,0,0,0,1,0
1com,J,25,LYS,-3.9,168.6,1.0,2,0,X,0.0,0.0,0.0,0.0,0.0,0.0,0.0,0.0,26,0.04709369898129325,20,21,-1,0,0,0,0,0,0,0,0,1,0
1com,J,26,GLN,-3.5,143.8,0.0,2,2,X,0.0,0.0,0.0,0.0,0.0,0.0,0.0,0.0,25,0.03963331102386066,27,23,4,0,0,0,0,0,0,0,0,1,0
1com,J,27,LEU,3.8,166.7,0.0,0,0,X,0.0,0.0,0.0,0.0,0.0,0.0,0.0,0.0,39,0.048958795970651406,40,18,22,0,0,0,0,0,0,0,0,1,0
1com,J,28,LEU,3.8,166.7,0.0,0,0,X,0.0,0.0,0.0,0.0,0.0,0.0,0.0,0.0,42,0.043829779249916496,26,17,9,0,0,0,0,0,0,0,0,1,0
1com,J,29,GLU,-3.5,138.4,-1.0,1,3,X,0.0,0.0,0.0,0.0,0.0,0.0,0.0,0.0,24,0.03683566553982344,22,18,4,0,0,0,0,0,0,0,0,1,0
1com,J,30,LYS,-3.9,168.6,1.0,2,0,X,0.0,0.0,0.0,0.0,0.0,0.0,0.0,0.0,25,0.04103213376587927,20,28,-8,0,0,0,0,0,0,0,0,1,0
1com,J,31,ILE,4.5,166.7,0.0,0,0,X,0.0,0.0,0.0,0.0,0.0,0.0,0.0,0.0,34,0.0526889899493677,43,25,18,0,0,0,0,0,0,0,0,1,0
1com,J,32,ILE,4.5,166.7,0.0,0,0,X,0.0,0.0,0.0,0.0,0.0,0.0,0.0,0.0,26,0.04243095650789788,32,28,4,0,0,0,0,0,0,0,0,1,0
1com,J,33,GLU,-3.5,138.4,-1.0,1,3,X,0.0,0.0,0.0,0.0,0.0,0.0,0.0,0.0,16,0.0363693912924839,31,18,13,0,0,0,0,0,0,0,0,1,0
1com,J,34,GLU,-3.5,138.4,-1.0,1,3,X,0.0,0.0,0.0,0.0,0.0,0.0,0.0,0.0,20,0.03683566553982344,38,14,24,0,0,0,0,0,0,0,0,1,0
1com,J,35,ASN,-3.5,114.1,0.0,2,2,X,0.0,0.0,0.0,0.0,0.0,0.0,0.0,0.0,28,0.040565859518539735,46,23,23,0,0,0,0,0,0,0,0,1,0
1com,J,36,HIS,-3.2,153.2,0.1,2,1,X,0.0,0.0,0.0,0.0,0.0,0.0,0.0,0.0,15,0.02844272908771177,21,20,1,0,0,0,0,0,0,0,0,1,0
1com,J,37,THR,-0.7,116.1,0.0,1,1,X,0.0,0.0,0.0,0.0,0.0,0.0,0.0,0.0,29,0.04243095650789788,24,32,-8,0,0,0,0,0,0,0,0,1,0
1com,J,38,LYS,-3.9,168.6,1.0,2,0,X,0.0,0.0,0.0,0.0,0.0,0.0,0.0,0.0,19,0.03310547156110714,9,21,-12,0,0,0,0,0,0,0,0,1,0
1com,J,39,PRO,-1.6,112.7,0.0,0,0,X,0.0,0.0,0.0,0.0,0.0,0.0,0.0,0.0,27,0.04243095650789788,16,18,-2,0,0,0,0,0,0,0,0,1,0
1com,J,40,GLU,-3.5,138.4,-1.0,1,3,X,0.0,0.0,0.0,0.0,0.0,0.0,0.0,0.0,22,0.0363693912924839,17,13,4,0,0,0,0,0,0,0,0,1,0
1com,J,41,ASP,-3.5,111.1,-1.0,1,3,X,0.0,0.0,0.0,0.0,0.0,0.0,0.0,0.0,22,0.04243095650789788,22,10,12,0,0,0,0,0,0,0,0,1,0
1com,J,42,VAL,4.2,140.0,0.0,0,0,X,0.0,0.0,0.0,0.0,0.0,0.0,0.0,0.0,29,0.056419183928083996,20,17,3,0,0,0,0,0,0,0,0,1,0
1com,J,43,VAL,4.2,140.0,0.0,0,0,X,0.0,0.0,0.0,0.0,0.0,0.0,0.0,0.0,28,0.05408781269138631,17,12,5,0,0,0,0,0,0,0,0,1,0
1com,J,44,GLN,-3.5,143.8,0.0,2,2,X,0.0,0.0,0.0,0.0,0.0,0.0,0.0,0.0,27,0.05175644145468863,20,2,18,0,0,0,0,0,0,0,0,1,0
1com,J,45,MET,1.9,162.9,0.0,0,0,X,0.0,0.0,0.0,0.0,0.0,0.0,0.0,0.0,37,0.05129016720734909,8,2,6,0,0,0,0,0,0,0,0,1,0
1com,J,46,LEU,3.8,166.7,0.0,0,0,X,0.0,0.0,0.0,0.0,0.0,0.0,0.0,0.0,27,0.045694876239274644,14,1,13,0,0,0,0,0,0,0,0,1,0
1com,J,47,LEU,3.8,166.7,0.0,0,0,X,0.0,0.0,0.0,0.0,0.0,0.0,0.0,0.0,37,0.04709369898129325,12,7,5,0,0,0,0,0,0,0,0,1,0
1com,J,48,SER,-0.8,89.0,0.0,1,1,X,0.0,0.0,0.0,0.0,0.0,0.0,0.0,0.0,32,0.04942507021799094,18,14,4,0,0,0,0,0,0,0,0,1,0
1com,J,49,ALA,1.8,88.6,0.0,0,0,X,0.0,0.0,0.0,0.0,0.0,0.0,0.0,0.0,33,0.053155264196707235,30,33,-3,0,0,0,0,0,0,0,0,1,0
1com,J,50,THR,-0.7,116.1,0.0,1,1,X,0.0,0.0,0.0,0.0,0.0,0.0,0.0,0.0,28,0.050823892960009553,36,31,5,0,0,0,0,0,0,0,0,1,0
1com,J,51,PRO,-1.6,112.7,0.0,0,0,X,0.0,0.0,0.0,0.0,0.0,0.0,0.0,0.0,19,0.04196468226055834,28,38,-10,0,0,0,0,0,0,0,0,1,0
1com,J,52,ASP,-3.5,111.1,-1.0,1,3,X,0.0,0.0,0.0,0.0,0.0,0.0,0.0,0.0,23,0.030307826077069916,32,27,5,0,0,0,0,0,0,0,0,1,0
1com,J,53,LEU,3.8,166.7,0.0,0,0,X,0.0,0.0,0.0,0.0,0.0,0.0,0.0,0.0,35,0.04429605349725603,31,36,-5,0,0,0,0,0,0,0,0,1,0
1com,J,54,HIS,-3.2,153.2,0.1,2,1,X,0.0,0.0,0.0,0.0,0.0,0.0,0.0,0.0,24,0.040565859518539735,6,27,-21,0,0,0,0,0,0,0,0,1,0
1com,J,55,ALA,1.8,88.6,0.0,0,0,X,0.0,0.0,0.0,0.0,0.0,0.0,0.0,0.0,24,0.03776821403450251,18,37,-19,0,0,0,0,0,0,0,0,1,0
1com,J,56,VAL,4.2,140.0,0.0,0,0,X,0.0,0.0,0.0,0.0,0.0,0.0,0.0,0.0,29,0.043363505002576956,18,31,-13,0,0,0,0,0,0,0,0,1,0
1com,J,57,PHE,2.8,189.9,0.0,0,0,X,0.0,0.0,0.0,0.0,0.0,0.0,0.0,0.0,32,0.0363693912924839,24,16,8,0,0,0,0,0,0,0,0,1,1
1com,J,58,PRO,-1.6,112.7,0.0,0,0,X,0.0,0.0,0.0,0.0,0.0,0.0,0.0,0.0,41,0.04616115048661418,28,13,15,0,0,0,0,0,0,0,0,1,0
1com,J,59,ALA,1.8,88.6,0.0,0,0,X,0.0,0.0,0.0,0.0,0.0,0.0,0.0,0.0,34,0.03870076252918159,32,9,23,0,0,0,0,0,0,0,0,1,1
1com,J,60,LYS,-3.9,168.6,1.0,2,0,X,0.0,0.0,0.0,0.0,0.0,0.0,0.0,0.0,24,0.035436842797804825,18,20,-2,0,0,0,0,0,0,0,0,1,0
1com,J,61,ALA,1.8,88.6,0.0,0,0,X,0.0,0.0,0.0,0.0,0.0,0.0,0.0,0.0,30,0.043829779249916496,32,20,12,0,0,0,0,0,0,0,0,1,0
1com,J,62,VAL,4.2,140.0,0.0,0,0,X,0.0,0.0,0.0,0.0,0.0,0.0,0.0,0.0,33,0.04662742473395372,32,14,18,0,0,0,0,0,0,0,0,1,0
1com,J,63,ARG,-4.5,173.4,1.0,5,0,X,0.0,0.0,0.0,0.0,0.0,0.0,0.0,0.0,23,0.03823448828184205,19,9,10,0,0,0,0,0,0,0,0,1,0
1com,J,64,GLU,-3.5,138.4,-1.0,1,3,X,0.0,0.0,0.0,0.0,0.0,0.0,0.0,0.0,18,0.028909003335051305,28,5,23,0,0,0,0,0,0,0,0,1,0
1com,J,65,LEU,3.8,166.7,0.0,0,0,X,0.0,0.0,0.0,0.0,0.0,0.0,0.0,0.0,25,0.03403802005578621,22,18,4,0,0,0,0,0,0,0,0,1,0
1com,J,66,SER,-0.8,89.0,0.0,1,1,X,0.0,0.0,0.0,0.0,0.0,0.0,0.0,0.0,18,0.023779986614316396,13,17,-4,0,0,0,0,0,0,0,0,1,0
1com,J,67,GLY,-0.4,60.1,0.0,0,0,X,0.0,0.0,0.0,0.0,0.0,0.0,0.0,0.0,20,0.030774100324409453,21,17,4,0,0,0,0,0,0,0,0,1,0
1com,J,68,TRP,-0.9,227.8,0.0,1,0,X,0.0,0.0,0.0,0.0,0.0,0.0,0.0,0.0,30,0.045694876239274644,19,22,-3,0,0,0,0,0,0,0,0,1,0
1com,J,69,GLN,-3.5,143.8,0.0,2,2,X,0.0,0.0,0.0,0.0,0.0,0.0,0.0,0.0,20,0.03730193978716297,21,15,6,0,0,0,0,0,0,0,0,1,0
1com,J,70,TYR,-1.3,193.6,0.0,1,1,X,0.0,0.0,0.0,0.0,0.0,0.0,0.0,0.0,23,0.04149840801321881,30,12,18,0,0,0,0,0,0,0,0,1,0
1com,J,71,VAL,4.2,140.0,0.0,0,0,X,0.0,0.0,0.0,0.0,0.0,0.0,0.0,0.0,39,0.05129016720734909,37,13,24,0,0,0,0,0,0,0,0,1,0
1com,J,72,PRO,-1.6,112.7,0.0,0,0,X,0.0,0.0,0.0,0.0,0.0,0.0,0.0,0.0,34,0.04709369898129325,38,5,33,0,0,0,0,0,0,0,0,1,0
1com,J,73,VAL,4.2,140.0,0.0,0,0,X,0.0,0.0,0.0,0.0,0.0,0.0,0.0,0.0,36,0.04243095650789788,40,3,37,0,0,0,0,0,0,0,0,1,1
1com,J,74,THR,-0.7,116.1,0.0,1,1,X,0.0,0.0,0.0,0.0,0.0,0.0,0.0,0.0,30,0.04196468226055834,26,8,18,0,0,0,0,0,0,0,0,1,1
1com,J,75,CYS,2.5,108.5,0.0,1,0,X,0.0,0.0,0.0,0.0,0.0,0.0,0.0,0.0,26,0.048492521723311866,21,14,7,0,0,0,0,0,0,0,0,1,1
1com,J,76,MET,1.9,162.9,0.0,0,0,X,0.0,0.0,0.0,0.0,0.0,0.0,0.0,0.0,22,0.050823892960009553,9,22,-13,0,0,0,0,0,0,0,0,1,0
1com,J,77,GLN,-3.5,143.8,0.0,2,2,X,0.0,0.0,0.0,0.0,0.0,0.0,0.0,0.0,17,0.05408781269138631,6,45,-39,0,0,0,0,0,0,0,0,1,0
1com,J,78,GLU,-3.5,138.4,-1.0,1,3,X,0.0,0.0,0.0,0.0,0.0,0.0,0.0,0.0,26,0.050823892960009553,20,12,8,0,0,0,0,0,0,0,0,1,0
1com,J,79,MET,1.9,162.9,0.0,0,0,X,0.0,0.0,0.0,0.0,0.0,0.0,0.0,0.0,30,0.05408781269138631,16,28,-12,0,0,0,0,0,0,0,0,1,0
1com,J,80,ASP,-3.5,111.1,-1.0,1,3,X,0.0,0.0,0.0,0.0,0.0,0.0,0.0,0.0,22,0.045228601991935104,18,21,-3,0,0,0,0,0,0,0,0,1,0
1com,J,81,VAL,4.2,140.0,0.0,0,0,X,0.0,0.0,0.0,0.0,0.0,0.0,0.0,0.0,24,0.03963331102386066,21,23,-2,0,0,0,0,0,0,0,0,1,0
1com,J,82,THR,-0.7,116.1,0.0,1,1,X,0.0,0.0,0.0,0.0,0.0,0.0,0.0,0.0,15,0.026577632098353617,15,18,-3,0,0,0,0,0,0,0,0,1,0
1com,J,83,GLY,-0.4,60.1,0.0,0,0,X,0.0,0.0,0.0,0.0,0.0,0.0,0.0,0.0,18,0.02144861537761871,18,11,7,0,0,0,0,0,0,0,0,1,0
1com,J,84,GLY,-0.4,60.1,0.0,0,0,X,0.0,0.0,0.0,0.0,0.0,0.0,0.0,0.0,22,0.032639197313767604,26,19,7,0,0,0,0,0,0,0,0,1,0
1com,J,85,LEU,3.8,166.7,0.0,0,0,X,0.0,0.0,0.0,0.0,0.0,0.0,0.0,0.0,32,0.03124037457174899,37,14,23,0,0,0,0,0,0,0,0,1,0
1com,J,86,LYS,-3.9,168.6,1.0,2,0,X,0.0,0.0,0.0,0.0,0.0,0.0,0.0,0.0,23,0.03310547156110714,18,19,-1,0,0,0,0,0,0,0,0,1,0
1com,J,87,LYS,-3.9,168.6,1.0,2,0,X,0.0,0.0,0.0,0.0,0.0,0.0,0.0,0.0,25,0.045694876239274644,29,33,-4,0,0,0,0,0,0,0,0,1,0
1com,J,88,CYS,2.5,108.5,0.0,1,0,X,0.0,0.0,0.0,0.0,0.0,0.0,0.0,0.0,38,0.04755997322863279,41,22,19,0,0,0,0,0,0,0,0,1,0
1com,J,89,ILE,4.5,166.7,0.0,0,0,X,0.0,0.0,0.0,0.0,0.0,0.0,0.0,0.0,46,0.05129016720734909,33,13,20,0,0,0,0,0,0,0,0,1,0
1com,J,90,ARG,-4.5,173.4,1.0,5,0,X,0.0,0.0,0.0,0.0,0.0,0.0,0.0,0.0,36,0.04662742473395372,19,9,10,0,0,0,0,0,0,0,0,1,0
1com,J,91,VAL,4.2,140.0,0.0,0,0,X,0.0,0.0,0.0,0.0,0.0,0.0,0.0,0.0,36,0.04662742473395372,29,1,28,0,0,0,0,0,0,0,0,1,0
1com,J,92,MET,1.9,162.9,0.0,0,0,X,0.0,0.0,0.0,0.0,0.0,0.0,0.0,0.0,30,0.05035761871267001,30,0,30,0,0,0,0,0,0,0,0,1,0
1com,J,93,MET,1.9,162.9,0.0,0,0,X,0.0,0.0,0.0,0.0,0.0,0.0,0.0,0.0,37,0.04989134446533048,25,4,21,0,0,0,0,0,0,0,0,1,0
1com,J,94,THR,-0.7,116.1,0.0,1,1,X,0.0,0.0,0.0,0.0,0.0,0.0,0.0,0.0,28,0.048958795970651406,15,7,8,0,0,0,0,0,0,0,0,1,0
1com,J,95,VAL,4.2,140.0,0.0,0,0,X,0.0,0.0,0.0,0.0,0.0,0.0,0.0,0.0,31,0.048958795970651406,21,15,6,0,0,0,0,0,0,0,0,1,0
1com,J,96,GLN,-3.5,143.8,0.0,2,2,X,0.0,0.0,0.0,0.0,0.0,0.0,0.0,0.0,18,0.03963331102386066,22,24,-2,0,0,0,0,0,0,0,0,1,0
1com,J,97,THR,-0.7,116.1,0.0,1,1,X,0.0,0.0,0.0,0.0,0.0,0.0,0.0,0.0,22,0.03450429430312575,17,16,1,0,0,0,0,0,0,0,0,1,0
1com,J,98,ASP,-3.5,111.1,-1.0,1,3,X,0.0,0.0,0.0,0.0,0.0,0.0,0.0,0.0,12,0.023779986614316396,9,1,8,0,0,0,0,0,0,0,0,1,0
1com,J,99,VAL,4.2,140.0,0.0,0,0,X,0.0,0.0,0.0,0.0,0.0,0.0,0.0,0.0,19,0.028909003335051305,23,16,7,0,0,0,0,0,0,0,0,1,0
1com,J,100,PRO,-1.6,112.7,0.0,0,0,X,0.0,0.0,0.0,0.0,0.0,0.0,0.0,0.0,16,0.032639197313767604,13,22,-9,0,0,0,0,0,0,0,0,1,0
1com,J,101,GLN,-3.5,143.8,0.0,2,2,X,0.0,0.0,0.0,0.0,0.0,0.0,0.0,0.0,27,0.04243095650789788,19,26,-7,0,0,0,0,0,0,0,0,1,0
1com,J,102,ASP,-3.5,111.1,-1.0,1,3,X,0.0,0.0,0.0,0.0,0.0,0.0,0.0,0.0,14,0.032172923066428064,13,8,5,0,0,0,0,0,0,0,0,1,0
1com,J,103,GLN,-3.5,143.8,0.0,2,2,X,0.0,0.0,0.0,0.0,0.0,0.0,0.0,0.0,13,0.030774100324409453,17,14,3,0,0,0,0,0,0,0,0,1,0
1com,J,104,ILE,4.5,166.7,0.0,0,0,X,0.0,0.0,0.0,0.0,0.0,0.0,0.0,0.0,28,0.04289723075523742,38,17,21,0,0,0,0,0,0,0,0,1,0
1com,J,105,ARG,-4.5,173.4,1.0,5,0,X,0.0,0.0,0.0,0.0,0.0,0.0,0.0,0.0,19,0.0363693912924839,30,20,10,0,0,0,0,0,0,0,0,1,0
1com,J,106,HIS,-3.2,153.2,0.1,2,1,X,0.0,0.0,0.0,0.0,0.0,0.0,0.0,0.0,28,0.03916703677652112,25,12,13,0,0,0,0,0,0,0,0,1,0
1com,J,107,VAL,4.2,140.0,0.0,0,0,X,0.0,0.0,0.0,0.0,0.0,0.0,0.0,0.0,30,0.04243095650789788,43,21,22,0,0,0,0,0,0,0,0,1,0
1com,J,108,TYR,-1.3,193.6,0.0,1,1,X,0.0,0.0,0.0,0.0,0.0,0.0,0.0,0.0,26,0.040565859518539735,42,7,35,0,0,0,0,0,0,0,0,1,0
1com,J,109,LEU,3.8,166.7,0.0,0,0,X,0.0,0.0,0.0,0.0,0.0,0.0,0.0,0.0,30,0.04103213376587927,31,14,17,0,0,0,0,0,0,0,0,1,0
1com,J,110,GLU,-3.5,138.4,-1.0,1,3,X,0.0,0.0,0.0,0.0,0.0,0.0,0.0,0.0,24,0.03170664881908853,22,11,11,0,0,0,0,0,0,0,0,1,0
1com,J,111,LYS,-3.9,168.6,1.0,2,0,X,0.0,0.0,0.0,0.0,0.0,0.0,0.0,0.0,20,0.03310547156110714,17,19,-2,0,0,0,0,0,0,0,0,1,0
1com,J,112,ALA,1.8,88.6,0.0,0,0,X,0.0,0.0,0.0,0.0,0.0,0.0,0.0,0.0,23,0.04289723075523742,28,9,19,0,0,0,0,0,0,0,0,1,0
1com,J,113,VAL,4.2,140.0,0.0,0,0,X,0.0,0.0,0.0,0.0,0.0,0.0,0.0,0.0,13,0.029375277582390842,8,9,-1,0,0,0,0,0,0,0,0,1,0
1com,J,114,VAL,4.2,140.0,0.0,0,0,X,0.0,0.0,0.0,0.0,0.0,0.0,0.0,0.0,14,0.02144861537761871,9,4,5,0,0,0,0,0,0,0,0,1,0
1com,J,115,LEU,3.8,166.7,0.0,0,0,X,0.0,0.0,0.0,0.0,0.0,0.0,0.0,0.0,22,0.02144861537761871,27,3,24,0,0,0,0,0,0,0,0,1,0
1com,K,2,MET,1.9,162.9,0.0,0,0,X,0.0,0.0,0.0,0.0,0.0,0.0,0.0,0.0,17,0.03124037457174899,11,21,-10,0,0,0,0,0,0,0,0,1,0
1com,K,3,ILE,4.5,166.7,0.0,0,0,X,0.0,0.0,0.0,0.0,0.0,0.0,0.0,0.0,17,0.043829779249916496,14,15,-1,0,0,0,0,0,0,0,0,1,0
1com,K,4,ARG,-4.5,173.4,1.0,5,0,X,0.0,0.0,0.0,0.0,0.0,0.0,0.0,0.0,31,0.048958795970651406,6,23,-17,0,0,0,0,0,0,0,0,1,0
1com,K,5,GLY,-0.4,60.1,0.0,0,0,X,0.0,0.0,0.0,0.0,0.0,0.0,0.0,0.0,36,0.048492521723311866,34,1,33,0,0,0,0,0,0,0,0,1,0
1com,K,6,ILE,4.5,166.7,0.0,0,0,X,0.0,0.0,0.0,0.0,0.0,0.0,0.0,0.0,41,0.05129016720734909,39,4,35,0,0,0,0,0,0,0,0,1,0
1com,K,7,ARG,-4.5,173.4,1.0,5,0,X,0.0,0.0,0.0,0.0,0.0,0.0,0.0,0.0,40,0.05035761871267001,37,1,36,0,0,0,0,0,0,0,0,1,1
1com,K,8,GLY,-0.4,60.1,0.0,0,0,X,0.0,0.0,0.0,0.0,0.0,0.0,0.0,0.0,36,0.04989134446533048,45,0,45,0,0,0,0,0,0,0,0,1,0
1com,K,9,ALA,1.8,88.6,0.0,0,0,X,0.0,0.0,0.0,0.0,0.0,0.0,0.0,0.0,35,0.050823892960009553,48,9,39,0,0,0,0,0,0,0,0,1,0
1com,K,10,THR,-0.7,116.1,0.0,1,1,X,0.0,0.0,0.0,0.0,0.0,0.0,0.0,0.0,38,0.05129016720734909,41,15,26,0,0,0,0,0,0,0,0,1,0
1com,K,11,THR,-0.7,116.1,0.0,1,1,X,0.0,0.0,0.0,0.0,0.0,0.0,0.0,0.0,33,0.048492521723311866,46,34,12,0,0,0,0,0,0,0,0,1,0
1com,K,12,VAL,4.2,140.0,0.0,0,0,X,0.0,0.0,0.0,0.0,0.0,0.0,0.0,0.0,32,0.04616115048661418,42,48,-6,0,0,0,0,0,0,0,0,1,0
1com,K,13,GLU,-3.5,138.4,-1.0,1,3,X,0.0,0.0,0.0,0.0,0.0,0.0,0.0,0.0,21,0.03170664881908853,37,30,7,0,0,0,0,0,0,0,0,1,0
1com,K,14,ARG,-4.5,173.4,1.0,5,0,X,0.0,0.0,0.0,0.0,0.0,0.0,0.0,0.0,15,0.030307826077069916,12,40,-28,0,0,0,0,0,0,0,0,1,0
1com,K,15,ASP,-3.5,111.1,-1.0,1,3,X,0.0,0.0,0.0,0.0,0.0,0.0,0.0,0.0,26,0.040099585271200194,30,34,-4,0,0,0,0,0,0,0,0,1,0
1com,K,16,THR,-0.7,116.1,0.0,1,1,X,0.0,0.0,0.0,0.0,0.0,0.0,0.0,0.0,19,0.03590311704514436,22,41,-19,0,0,0,0,0,0,0,0,1,0
1com,K,17,GLU,-3.5,138.4,-1.0,1,3,X,0.0,0.0,0.0,0.0,0.0,0.0,0.0,0.0,19,0.035436842797804825,17,25,-8,0,0,0,0,0,0,0,0,1,0
1com,K,18,GLU,-3.5,138.4,-1.0,1,3,X,0.0,0.0,0.0,0.0,0.0,0.0,0.0,0.0,13,0.03310547156110714,18,23,-5,0,0,0,0,0,0,0,0,1,0
1com,K,19,GLU,-3.5,138.4,-1.0,1,3,X,0.0,0.0,0.0,0.0,0.0,0.0,0.0,0.0,22,0.045228601991935104,28,37,-9,0,0,0,0,0,0,0,0,1,0
1com,K,20,ILE,4.5,166.7,0.0,0,0,X,0.0,0.0,0.0,0.0,0.0,0.0,0.0,0.0,35,0.05222271570202816,39,39,0,0,0,0,0,0,0,0,0,1,0
1com,K,21,LEU,3.8,166.7,0.0,0,0,X,0.0,0.0,0.0,0.0,0.0,0.0,0.0,0.0,27,0.04989134446533048,31,33,-2,0,0,0,0,0,0,0,0,1,0
1com,K,22,GLN,-3.5,143.8,0.0,2,2,X,0.0,0.0,0.0,0.0,0.0,0.0,0.0,0.0,17,0.03776821403450251,21,34,-13,0,0,0,0,0,0,0,0,1,0
1com,K,23,LYS,-3.9,168.6,1.0,2,0,X,0.0,0.0,0.0,0.0,0.0,0.0,0.0,0.0,27,0.04755997322863279,15,29,-14,0,0,0,0,0,0,0,0,1,0
1com,K,24,THR,-0.7,116.1,0.0,1,1,X,0.0,0.0,0.0,0.0,0.0,0.0,0.0,0.0,42,0.048492521723311866,30,22,8,0,0,0,0,0,0,0,0,1,0
1com,K,25,LYS,-3.9,168.6,1.0,2,0,X,0.0,0.0,0.0,0.0,0.0,0.0,0.0,0.0,25,0.045694876239274644,18,22,-4,0,0,0,0,0,0,0,0,1,0
1com,K,26,GLN,-3.5,143.8,0.0,2,2,X,0.0,0.0,0.0,0.0,0.0,0.0,0.0,0.0,23,0.03823448828184205,27,22,5,0,0,0,0,0,0,0,0,1,0
1com,K,27,LEU,3.8,166.7,0.0,0,0,X,0.0,0.0,0.0,0.0,0.0,0.0,0.0,0.0,39,0.048026247475972325,38,20,18,0,0,0,0,0,0,0,0,1,0
1com,K,28,LEU,3.8,166.7,0.0,0,0,X,0.0,0.0,0.0,0.0,0.0,0.0,0.0,0.0,42,0.04476232774459557,26,19,7,0,0,0,0,0,0,0,0,1,0
1com,K,29,GLU,-3.5,138.4,-1.0,1,3,X,0.0,0.0,0.0,0.0,0.0,0.0,0.0,0.0,24,0.03776821403450251,22,19,3,0,0,0,0,0,0,0,0,1,0
1com,K,30,LYS,-3.9,168.6,1.0,2,0,X,0.0,0.0,0.0,0.0,0.0,0.0,0.0,0.0,24,0.03963331102386066,20,27,-7,0,0,0,0,0,0,0,0,1,0
1com,K,31,ILE,4.5,166.7,0.0,0,0,X,0.0,0.0,0.0,0.0,0.0,0.0,0.0,0.0,34,0.0526889899493677,41,26,15,0,0,0,0,0,0,0,0,1,0
1com,K,32,ILE,4.5,166.7,0.0,0,0,X,0.0,0.0,0.0,0.0,0.0,0.0,0.0,0.0,25,0.04429605349725603,30,27,3,0,0,0,0,0,0,0,0,1,0
1com,K,33,GLU,-3.5,138.4,-1.0,1,3,X,0.0,0.0,0.0,0.0,0.0,0.0,0.0,0.0,15,0.03590311704514436,25,18,7,0,0,0,0,0,0,0,0,1,0
1com,K,34,GLU,-3.5,138.4,-1.0,1,3,X,0.0,0.0,0.0,0.0,0.0,0.0,0.0,0.0,18,0.03776821403450251,35,14,21,0,0,0,0,0,0,0,0,1,0
1com,K,35,ASN,-3.5,114.1,0.0,2,2,X,0.0,0.0,0.0,0.0,0.0,0.0,0.0,0.0,28,0.04196468226055834,49,21,28,0,0,0,0,0,0,0,0,1,0
1com,K,36,HIS,-3.2,153.2,0.1,2,1,X,0.0,0.0,0.0,0.0,0.0,0.0,0.0,0.0,17,0.027510180593032695,18,21,-3,0,0,0,0,0,0,0,0,1,0
1com,K,37,THR,-0.7,116.1,0.0,1,1,X,0.0,0.0,0.0,0.0,0.0,0.0,0.0,0.0,29,0.04196468226055834,24,33,-9,0,0,0,0,0,0,0,0,1,0
1com,K,38,LYS,-3.9,168.6,1.0,2,0,X,0.0,0.0,0.0,0.0,0.0,0.0,0.0,0.0,22,0.03450429430312575,11,20,-9,0,0,0,0,0,0,0,0,1,0
1com,K,39,PRO,-1.6,112.7,0.0,0,0,X,0.0,0.0,0.0,0.0,0.0,0.0,0.0,0.0,27,0.04429605349725603,16,18,-2,0,0,0,0,0,0,0,0,1,0
1com,K,40,GLU,-3.5,138.4,-1.0,1,3,X,0.0,0.0,0.0,0.0,0.0,0.0,0.0,0.0,22,0.03870076252918159,17,14,3,0,0,0,0,0,0,0,0,1,0
1com,K,41,ASP,-3.5,111.1,-1.0,1,3,X,0.0,0.0,0.0,0.0,0.0,0.0,0.0,0.0,23,0.043829779249916496,23,10,13,0,0,0,0,0,0,0,0,1,0
1com,K,42,VAL,4.2,140.0,0.0,0,0,X,0.0,0.0,0.0,0.0,0.0,0.0,0.0,0.0,32,0.058750555164781684,22,17,5,0,0,0,0,0,0,0,0,1,0
1com,K,43,VAL,4.2,140.0,0.0,0,0,X,0.0,0.0,0.0,0.0,0.0,0.0,0.0,0.0,28,0.05548663543340492,19,12,7,0,0,0,0,0,0,0,0,1,0
1com,K,44,GLN,-3.5,143.8,0.0,2,2,X,0.0,0.0,0.0,0.0,0.0,0.0,0.0,0.0,26,0.05035761871267001,20,2,18,0,0,0,0,0,0,0,0,1,0
1com,K,45,MET,1.9,162.9,0.0,0,0,X,0.0,0.0,0.0,0.0,0.0,0.0,0.0,0.0,33,0.05175644145468863,5,0,5,0,0,0,0,0,0,0,0,1,0
1com,K,46,LEU,3.8,166.7,0.0,0,0,X,0.0,0.0,0.0,0.0,0.0,0.0,0.0,0.0,29,0.04662742473395372,15,1,14,0,0,0,0,0,0,0,0,1,0
1com,K,47,LEU,3.8,166.7,0.0,0,0,X,0.0,0.0,0.0,0.0,0.0,0.0,0.0,0.0,38,0.045694876239274644,14,6,8,0,0,0,0,0,0,0,0,1,0
1com,K,48,SER,-0.8,89.0,0.0,1,1,X,0.0,0.0,0.0,0.0,0.0,0.0,0.0,0.0,32,0.05129016720734909,18,15,3,0,0,0,0,0,0,0,0,1,0
1com,K,49,ALA,1.8,88.6,0.0,0,0,X,0.0,0.0,0.0,0.0,0.0,0.0,0.0,0.0,33,0.053155264196707235,33,33,0,0,0,0,0,0,0,0,0,1,0
1com,K,50,THR,-0.7,116.1,0.0,1,1,X,0.0,0.0,0.0,0.0,0.0,0.0,0.0,0.0,28,0.05129016720734909,36,31,5,0,0,0,0,0,0,0,0,1,0
1com,K,51,PRO,-1.6,112.7,0.0,0,0,X,0.0,0.0,0.0,0.0,0.0,0.0,0.0,0.0,19,0.04149840801321881,27,38,-11,0,0,0,0,0,0,0,0,1,0
1com,K,52,ASP,-3.5,111.1,-1.0,1,3,X,0.0,0.0,0.0,0.0,0.0,0.0,0.0,0.0,24,0.03124037457174899,33,27,6,0,0,0,0,0,0,0,0,1,0
1com,K,53,LEU,3.8,166.7,0.0,0,0,X,0.0,0.0,0.0,0.0,0.0,0.0,0.0,0.0,34,0.043829779249916496,33,35,-2,0,0,0,0,0,0,0,0,1,0
1com,K,54,HIS,-3.2,153.2,0.1,2,1,X,0.0,0.0,0.0,0.0,0.0,0.0,0.0,0.0,23,0.03823448828184205,2,27,-25,0,0,0,0,0,0,0,0,1,0
1com,K,55,ALA,1.8,88.6,0.0,0,0,X,0.0,0.0,0.0,0.0,0.0,0.0,0.0,0.0,24,0.03730193978716297,18,38,-20,0,0,0,0,0,0,0,0,1,0
1com,K,56,VAL,4.2,140.0,0.0,0,0,X,0.0,0.0,0.0,0.0,0.0,0.0,0.0,0.0,29,0.043829779249916496,17,33,-16,0,0,0,0,0,0,0,0,1,0
1com,K,57,PHE,2.8,189.9,0.0,0,0,X,0.0,0.0,0.0,0.0,0.0,0.0,0.0,0.0,33,0.03823448828184205,22,18,4,0,0,0,0,0,0,0,0,1,0
1com,K,58,PRO,-1.6,112.7,0.0,0,0,X,0.0,0.0,0.0,0.0,0.0,0.0,0.0,0.0,42,0.045228601991935104,26,13,13,0,0,0,0,0,0,0,0,1,0
1com,K,59,ALA,1.8,88.6,0.0,0,0,X,0.0,0.0,0.0,0.0,0.0,0.0,0.0,0.0,33,0.03776821403450251,27,8,19,0,0,0,0,0,0,0,0,1,0
1com,K,60,LYS,-3.9,168.6,1.0,2,0,X,0.0,0.0,0.0,0.0,0.0,0.0,0.0,0.0,23,0.03450429430312575,14,21,-7,0,0,0,0,0,0,0,0,1,0
1com,K,61,ALA,1.8,88.6,0.0,0,0,X,0.0,0.0,0.0,0.0,0.0,0.0,0.0,0.0,30,0.04243095650789788,33,22,11,0,0,0,0,0,0,0,0,1,0
1com,K,62,VAL,4.2,140.0,0.0,0,0,X,0.0,0.0,0.0,0.0,0.0,0.0,0.0,0.0,31,0.043829779249916496,26,13,13,0,0,0,0,0,0,0,0,1,0
1com,K,63,ARG,-4.5,173.4,1.0,5,0,X,0.0,0.0,0.0,0.0,0.0,0.0,0.0,0.0,17,0.032172923066428064,8,9,-1,0,0,0,0,0,0,0,0,1,0
1com,K,64,GLU,-3.5,138.4,-1.0,1,3,X,0.0,0.0,0.0,0.0,0.0,0.0,0.0,0.0,18,0.02611135785101408,28,5,23,0,0,0,0,0,0,0,0,1,0
1com,K,65,LEU,3.8,166.7,0.0,0,0,X,0.0,0.0,0.0,0.0,0.0,0.0,0.0,0.0,25,0.03450429430312575,23,18,5,0,0,0,0,0,0,0,0,1,0
1com,K,66,SER,-0.8,89.0,0.0,1,1,X,0.0,0.0,0.0,0.0,0.0,0.0,0.0,0.0,16,0.023779986614316396,13,11,2,0,0,0,0,0,0,0,0,1,0
1com,K,67,GLY,-0.4,60.1,0.0,0,0,X,0.0,0.0,0.0,0.0,0.0,0.0,0.0,0.0,18,0.028909003335051305,17,18,-1,0,0,0,0,0,0,0,0,1,0
1com,K,68,TRP,-0.9,227.8,0.0,1,0,X,0.0,0.0,0.0,0.0,0.0,0.0,0.0,0.0,28,0.045694876239274644,17,23,-6,0,0,0,0,0,0,0,0,1,0
1com,K,69,GLN,-3.5,143.8,0.0,2,2,X,0.0,0.0,0.0,0.0,0.0,0.0,0.0,0.0,15,0.034970568550465285,13,15,-2,0,0,0,0,0,0,0,0,1,0
1com,K,70,TYR,-1.3,193.6,0.0,1,1,X,0.0,0.0,0.0,0.0,0.0,0.0,0.0,0.0,21,0.03823448828184205,24,11,13,0,0,0,0,0,0,0,0,1,0
1com,K,71,VAL,4.2,140.0,0.0,0,0,X,0.0,0.0,0.0,0.0,0.0,0.0,0.0,0.0,37,0.048492521723311866,32,13,19,0,0,0,0,0,0,0,0,1,0
1com,K,72,PRO,-1.6,112.7,0.0,0,0,X,0.0,0.0,0.0,0.0,0.0,0.0,0.0,0.0,32,0.043829779249916496,30,1,29,0,0,0,0,0,0,0,0,1,0
1com,K,73,VAL,4.2,140.0,0.0,0,0,X,0.0,0.0,0.0,0.0,0.0,0.0,0.0,0.0,35,0.03916703677652112,31,3,28,0,0,0,0,0,0,0,0,1,0
1com,K,74,THR,-0.7,116.1,0.0,1,1,X,0.0,0.0,0.0,0.0,0.0,0.0,0.0,0.0,30,0.04149840801321881,23,8,15,0,0,0,0,0,0,0,0,1,0
1com,K,75,CYS,2.5,108.5,0.0,1,0,X,0.0,0.0,0.0,0.0,0.0,0.0,0.0,0.0,26,0.04989134446533048,22,14,8,0,0,0,0,0,0,0,0,1,0
1com,K,76,MET,1.9,162.9,0.0,0,0,X,0.0,0.0,0.0,0.0,0.0,0.0,0.0,0.0,22,0.050823892960009553,9,21,-12,0,0,0,0,0,0,0,0,1,0
1com,K,77,GLN,-3.5,143.8,0.0,2,2,X,0.0,0.0,0.0,0.0,0.0,0.0,0.0,0.0,17,0.05595290968074446,8,47,-39,0,0,0,0,0,0,0,0,1,0
1com,K,78,GLU,-3.5,138.4,-1.0,1,3,X,0.0,0.0,0.0,0.0,0.0,0.0,0.0,0.0,25,0.04942507021799094,22,13,9,0,0,0,0,0,0,0,0,1,1
1com,K,79,MET,1.9,162.9,0.0,0,0,X,0.0,0.0,0.0,0.0,0.0,0.0,0.0,0.0,27,0.050823892960009553,18,25,-7,0,0,0,0,0,0,0,0,1,0
1com,K,80,ASP,-3.5,111.1,-1.0,1,3,X,0.0,0.0,0.0,0.0,0.0,0.0,0.0,0.0,21,0.040099585271200194,18,22,-4,0,0,0,0,0,0,0,0,1,0
1com,K,81,VAL,4.2,140.0,0.0,0,0,X,0.0,0.0,0.0,0.0,0.0,0.0,0.0,0.0,24,0.03730193978716297,20,21,-1,0,0,0,0,0,0,0,0,1,0
1com,K,82,THR,-0.7,116.1,0.0,1,1,X,0.0,0.0,0.0,0.0,0.0,0.0,0.0,0.0,16,0.025645083603674543,14,20,-6,0,0,0,0,0,0,0,0,1,0
1com,K,83,GLY,-0.4,60.1,0.0,0,0,X,0.0,0.0,0.0,0.0,0.0,0.0,0.0,0.0,15,0.017252147151562876,16,9,7,0,0,0,0,0,0,0,0,1,0
1com,K,84,GLY,-0.4,60.1,0.0,0,0,X,0.0,0.0,0.0,0.0,0.0,0.0,0.0,0.0,21,0.02844272908771177,21,16,5,0,0,0,0,0,0,0,0,1,0
1com,K,85,LEU,3.8,166.7,0.0,0,0,X,0.0,0.0,0.0,0.0,0.0,0.0,0.0,0.0,30,0.029375277582390842,35,12,23,0,0,0,0,0,0,0,0,1,0
1com,K,86,LYS,-3.9,168.6,1.0,2,0,X,0.0,0.0,0.0,0.0,0.0,0.0,0.0,0.0,24,0.03310547156110714,17,24,-7,0,0,0,0,0,0,0,0,1,0
1com,K,87,LYS,-3.9,168.6,1.0,2,0,X,0.0,0.0,0.0,0.0,0.0,0.0,0.0,0.0,25,0.04616115048661418,28,32,-4,0,0,0,0,0,0,0,0,1,0
1com,K,88,CYS,2.5,108.5,0.0,1,0,X,0.0,0.0,0.0,0.0,0.0,0.0,0.0,0.0,38,0.048492521723311866,39,22,17,0,0,0,0,0,0,0,0,1,0
1com,K,89,ILE,4.5,166.7,0.0,0,0,X,0.0,0.0,0.0,0.0,0.0,0.0,0.0,0.0,46,0.05129016720734909,32,13,19,0,0,0,0,0,0,0,0,1,0
1com,K,90,ARG,-4.5,173.4,1.0,5,0,X,0.0,0.0,0.0,0.0,0.0,0.0,0.0,0.0,36,0.048958795970651406,20,9,11,0,0,0,0,0,0,0,0,1,1
1com,K,91,VAL,4.2,140.0,0.0,0,0,X,0.0,0.0,0.0,0.0,0.0,0.0,0.0,0.0,36,0.04662742473395372,29,0,29,0,0,0,0,0,0,0,0,1,0
1com,K,92,MET,1.9,162.9,0.0,0,0,X,0.0,0.0,0.0,0.0,0.0,0.0,0.0,0.0,30,0.05175644145468863,29,0,29,0,0,0,0,0,0,0,0,1,0
1com,K,93,MET,1.9,162.9,0.0,0,0,X,0.0,0.0,0.0,0.0,0.0,0.0,0.0,0.0,37,0.05035761871267001,26,4,22,0,0,0,0,0,0,0,0,1,0
1com,K,94,THR,-0.7,116.1,0.0,1,1,X,0.0,0.0,0.0,0.0,0.0,0.0,0.0,0.0,27,0.04942507021799094,16,5,11,0,0,0,0,0,0,0,0,1,0
1com,K,95,VAL,4.2,140.0,0.0,0,0,X,0.0,0.0,0.0,0.0,0.0,0.0,0.0,0.0,30,0.04942507021799094,21,16,5,0,0,0,0,0,0,0,0,1,0
1com,K,96,GLN,-3.5,143.8,0.0,2,2,X,0.0,0.0,0.0,0.0,0.0,0.0,0.0,0.0,18,0.04103213376587927,23,24,-1,0,0,0,0,0,0,0,0,1,0
1com,K,97,THR,-0.7,116.1,0.0,1,1,X,0.0,0.0,0.0,0.0,0.0,0.0,0.0,0.0,22,0.034970568550465285,14,16,-2,0,0,0,0,0,0,0,0,1,0
1com,K,98,ASP,-3.5,111.1,-1.0,1,3,X,0.0,0.0,0.0,0.0,0.0,0.0,0.0,0.0,11,0.024246260861655933,9,0,9,0,0,0,0,0,0,0,0,1,0
1com,K,99,VAL,4.2,140.0,0.0,0,0,X,0.0,0.0,0.0,0.0,0.0,0.0,0.0,0.0,17,0.02984155182973038,17,17,0,0,0,0,0,0,0,0,0,1,0
1com,K,100,PRO,-1.6,112.7,0.0,0,0,X,0.0,0.0,0.0,0.0,0.0,0.0,0.0,0.0,15,0.032639197313767604,14,21,-7,0,0,0,0,0,0,0,0,1,0
1com,K,101,GLN,-3.5,143.8,0.0,2,2,X,0.0,0.0,0.0,0.0,0.0,0.0,0.0,0.0,28,0.04243095650789788,20,26,-6,0,0,0,0,0,0,0,0,1,0
1com,K,102,ASP,-3.5,111.1,-1.0,1,3,X,0.0,0.0,0.0,0.0,0.0,0.0,0.0,0.0,14,0.032172923066428064,21,5,16,0,0,0,0,0,0,0,0,1,0
1com,K,103,GLN,-3.5,143.8,0.0,2,2,X,0.0,0.0,0.0,0.0,0.0,0.0,0.0,0.0,13,0.03124037457174899,16,15,1,0,0,0,0,0,0,0,0,1,0
1com,K,104,ILE,4.5,166.7,0.0,0,0,X,0.0,0.0,0.0,0.0,0.0,0.0,0.0,0.0,27,0.04429605349725603,39,18,21,0,0,0,0,0,0,0,0,1,0
1com,K,105,ARG,-4.5,173.4,1.0,5,0,X,0.0,0.0,0.0,0.0,0.0,0.0,0.0,0.0,20,0.0363693912924839,24,18,6,0,0,0,0,0,0,0,0,1,0
1com,K,106,HIS,-3.2,153.2,0.1,2,1,X,0.0,0.0,0.0,0.0,0.0,0.0,0.0,0.0,28,0.03823448828184205,37,11,26,0,0,0,0,0,0,0,0,1,0
1com,K,107,VAL,4.2,140.0,0.0,0,0,X,0.0,0.0,0.0,0.0,0.0,0.0,0.0,0.0,32,0.04149840801321881,45,19,26,0,0,0,0,0,0,0,0,1,0
1com,K,108,TYR,-1.3,193.6,0.0,1,1,X,0.0,0.0,0.0,0.0,0.0,0.0,0.0,0.0,29,0.043829779249916496,51,5,46,0,0,0,0,0,0,0,0,1,1
1com,K,109,LEU,3.8,166.7,0.0,0,0,X,0.0,0.0,0.0,0.0,0.0,0.0,0.0,0.0,33,0.03870076252918159,31,16,15,0,0,0,0,0,0,0,0,1,0
1com,K,110,GLU,-3.5,138.4,-1.0,1,3,X,0.0,0.0,0.0,0.0,0.0,0.0,0.0,0.0,28,0.03776821403450251,26,22,4,0,0,0,0,0,0,0,0,1,0
1com,K,111,LYS,-3.9,168.6,1.0,2,0,X,0.0,0.0,0.0,0.0,0.0,0.0,0.0,0.0,24,0.03776821403450251,22,28,-6,0,0,0,0,0,0,0,0,1,0
1com,K,112,ALA,1.8,88.6,0.0,0,0,X,0.0,0.0,0.0,0.0,0.0,0.0,0.0,0.0,27,0.045694876239274644,35,17,18,0,0,0,0,0,0,0,0,1,0
1com,K,113,VAL,4.2,140.0,0.0,0,0,X,0.0,0.0,0.0,0.0,0.0,0.0,0.0,0.0,25,0.04149840801321881,23,18,5,0,0,0,0,0,0,0,0,1,0
1com,K,114,VAL,4.2,140.0,0.0,0,0,X,0.0,0.0,0.0,0.0,0.0,0.0,0.0,0.0,20,0.027043906345693154,20,14,6,0,0,0,0,0,0,0,0,1,0
1com,K,115,LEU,3.8,166.7,0.0,0,0,X,0.0,0.0,0.0,0.0,0.0,0.0,0.0,0.0,26,0.029375277582390842,35,4,31,0,0,0,0,0,0,0,0,1,1
1com,K,116,ARG,-4.5,173.4,1.0,5,0,X,0.0,0.0,0.0,0.0,0.0,0.0,0.0,0.0,21,0.025178809356335007,34,0,34,0,0,0,0,0,0,0,0,1,1
1com,K,117,PRO,-1.6,112.7,0.0,0,0,X,0.0,0.0,0.0,0.0,0.0,0.0,0.0,0.0,12,0.018650969893581486,18,0,18,0,0,0,0,0,0,0,0,1,0
1com,L,2,MET,1.9,162.9,0.0,0,0,X,0.0,0.0,0.0,0.0,0.0,0.0,0.0,0.0,18,0.03357174580844668,11,23,-12,0,0,0,0,0,0,0,0,1,0
1com,L,3,ILE,4.5,166.7,0.0,0,0,X,0.0,0.0,0.0,0.0,0.0,0.0,0.0,0.0,19,0.04476232774459557,13,17,-4,0,0,0,0,0,0,0,0,1,0
1com,L,4,ARG,-4.5,173.4,1.0,5,0,X,0.0,0.0,0.0,0.0,0.0,0.0,0.0,0.0,32,0.04989134446533048,8,23,-15,0,0,0,0,0,0,0,0,1,0
1com,L,5,GLY,-0.4,60.1,0.0,0,0,X,0.0,0.0,0.0,0.0,0.0,0.0,0.0,0.0,35,0.04942507021799094,34,2,32,0,0,0,0,0,0,0,0,1,0
1com,L,6,ILE,4.5,166.7,0.0,0,0,X,0.0,0.0,0.0,0.0,0.0,0.0,0.0,0.0,41,0.04989134446533048,39,5,34,0,0,0,0,0,0,0,0,1,0
1com,L,7,ARG,-4.5,173.4,1.0,5,0,X,0.0,0.0,0.0,0.0,0.0,0.0,0.0,0.0,38,0.05035761871267001,27,1,26,0,0,0,0,0,0,0,0,1,0
1com,L,8,GLY,-0.4,60.1,0.0,0,0,X,0.0,0.0,0.0,0.0,0.0,0.0,0.0,0.0,36,0.048026247475972325,41,1,40,0,0,0,0,0,0,0,0,1,0
1com,L,9,ALA,1.8,88.6,0.0,0,0,X,0.0,0.0,0.0,0.0,0.0,0.0,0.0,0.0,36,0.04942507021799094,42,9,33,0,0,0,0,0,0,0,0,1,0
1com,L,10,THR,-0.7,116.1,0.0,1,1,X,0.0,0.0,0.0,0.0,0.0,0.0,0.0,0.0,40,0.05035761871267001,42,16,26,0,0,0,0,0,0,0,0,1,0
1com,L,11,THR,-0.7,116.1,0.0,1,1,X,0.0,0.0,0.0,0.0,0.0,0.0,0.0,0.0,31,0.04989134446533048,44,29,15,0,0,0,0,0,0,0,0,1,0
1com,L,12,VAL,4.2,140.0,0.0,0,0,X,0.0,0.0,0.0,0.0,0.0,0.0,0.0,0.0,31,0.04662742473395372,42,48,-6,0,0,0,0,0,0,0,0,1,0
1com,L,13,GLU,-3.5,138.4,-1.0,1,3,X,0.0,0.0,0.0,0.0,0.0,0.0,0.0,0.0,16,0.02984155182973038,37,21,16,0,0,0,0,0,0,0,0,1,0
1com,L,14,ARG,-4.5,173.4,1.0,5,0,X,0.0,0.0,0.0,0.0,0.0,0.0,0.0,0.0,15,0.028909003335051305,8,40,-32,0,0,0,0,0,0,0,0,1,0
1com,L,15,ASP,-3.5,111.1,-1.0,1,3,X,0.0,0.0,0.0,0.0,0.0,0.0,0.0,0.0,25,0.040565859518539735,30,34,-4,0,0,0,0,0,0,0,0,1,0
1com,L,16,THR,-0.7,116.1,0.0,1,1,X,0.0,0.0,0.0,0.0,0.0,0.0,0.0,0.0,18,0.034970568550465285,23,41,-18,0,0,0,0,0,0,0,0,1,0
1com,L,17,GLU,-3.5,138.4,-1.0,1,3,X,0.0,0.0,0.0,0.0,0.0,0.0,0.0,0.0,20,0.034970568550465285,16,23,-7,0,0,0,0,0,0,0,0,1,0
1com,L,18,GLU,-3.5,138.4,-1.0,1,3,X,0.0,0.0,0.0,0.0,0.0,0.0,0.0,0.0,16,0.030774100324409453,17,23,-6,0,0,0,0,0,0,0,0,1,0
1com,L,19,GLU,-3.5,138.4,-1.0,1,3,X,0.0,0.0,0.0,0.0,0.0,0.0,0.0,0.0,22,0.04476232774459557,28,36,-8,0,0,0,0,0,0,0,0,1,0
1com,L,20,ILE,4.5,166.7,0.0,0,0,X,0.0,0.0,0.0,0.0,0.0,0.0,0.0,0.0,34,0.0526889899493677,37,38,-1,0,0,0,0,0,0,0,0,1,0
1com,L,21,LEU,3.8,166.7,0.0,0,0,X,0.0,0.0,0.0,0.0,0.0,0.0,0.0,0.0,27,0.048492521723311866,32,34,-2,0,0,0,0,0,0,0,0,1,0
1com,L,22,GLN,-3.5,143.8,0.0,2,2,X,0.0,0.0,0.0,0.0,0.0,0.0,0.0,0.0,21,0.040099585271200194,19,34,-15,0,0,0,0,0,0,0,0,1,0
1com,L,23,LYS,-3.9,168.6,1.0,2,0,X,0.0,0.0,0.0,0.0,0.0,0.0,0.0,0.0,28,0.04755997322863279,14,31,-17,0,0,0,0,0,0,0,0,1,0
1com,L,24,THR,-0.7,116.1,0.0,1,1,X,0.0,0.0,0.0,0.0,0.0,0.0,0.0,0.0,43,0.048958795970651406,31,23,8,0,0,0,0,0,0,0,0,1,0
1com,L,25,LYS,-3.9,168.6,1.0,2,0,X,0.0,0.0,0.0,0.0,0.0,0.0,0.0,0.0,28,0.048026247475972325,18,22,-4,0,0,0,0,0,0,0,0,1,0
1com,L,26,GLN,-3.5,143.8,0.0,2,2,X,0.0,0.0,0.0,0.0,0.0,0.0,0.0,0.0,25,0.03916703677652112,27,29,-2,0,0,0,0,0,0,0,0,1,0
1com,L,27,LEU,3.8,166.7,0.0,0,0,X,0.0,0.0,0.0,0.0,0.0,0.0,0.0,0.0,39,0.05035761871267001,40,22,18,0,0,0,0,0,0,0,0,1,0
1com,L,28,LEU,3.8,166.7,0.0,0,0,X,0.0,0.0,0.0,0.0,0.0,0.0,0.0,0.0,41,0.04243095650789788,26,22,4,0,0,0,0,0,0,0,0,1,0
1com,L,29,GLU,-3.5,138.4,-1.0,1,3,X,0.0,0.0,0.0,0.0,0.0,0.0,0.0,0.0,22,0.03683566553982344,22,18,4,0,0,0,0,0,0,0,0,1,0
1com,L,30,LYS,-3.9,168.6,1.0,2,0,X,0.0,0.0,0.0,0.0,0.0,0.0,0.0,0.0,23,0.040099585271200194,16,27,-11,0,0,0,0,0,0,0,0,1,0
1com,L,31,ILE,4.5,166.7,0.0,0,0,X,0.0,0.0,0.0,0.0,0.0,0.0,0.0,0.0,33,0.053621538444046775,40,25,15,0,0,0,0,0,0,0,0,1,0
1com,L,32,ILE,4.5,166.7,0.0,0,0,X,0.0,0.0,0.0,0.0,0.0,0.0,0.0,0.0,25,0.043363505002576956,33,27,6,0,0,0,0,0,0,0,0,1,0
1com,L,33,GLU,-3.5,138.4,-1.0,1,3,X,0.0,0.0,0.0,0.0,0.0,0.0,0.0,0.0,16,0.0363693912924839,24,18,6,0,0,0,0,0,0,0,0,1,0
1com,L,34,GLU,-3.5,138.4,-1.0,1,3,X,0.0,0.0,0.0,0.0,0.0,0.0,0.0,0.0,21,0.03730193978716297,37,14,23,0,0,0,0,0,0,0,0,1,0
1com,L,35,ASN,-3.5,114.1,0.0,2,2,X,0.0,0.0,0.0,0.0,0.0,0.0,0.0,0.0,28,0.04149840801321881,50,20,30,0,0,0,0,0,0,0,0,1,0
1com,L,36,HIS,-3.2,153.2,0.1,2,1,X,0.0,0.0,0.0,0.0,0.0,0.0,0.0,0.0,19,0.026577632098353617,18,18,0,0,0,0,0,0,0,0,0,1,0
1com,L,37,THR,-0.7,116.1,0.0,1,1,X,0.0,0.0,0.0,0.0,0.0,0.0,0.0,0.0,29,0.04149840801321881,25,33,-8,0,0,0,0,0,0,0,0,1,0
1com,L,38,LYS,-3.9,168.6,1.0,2,0,X,0.0,0.0,0.0,0.0,0.0,0.0,0.0,0.0,20,0.03357174580844668,9,21,-12,0,0,0,0,0,0,0,0,1,0
1com,L,39,PRO,-1.6,112.7,0.0,0,0,X,0.0,0.0,0.0,0.0,0.0,0.0,0.0,0.0,27,0.04289723075523742,16,18,-2,0,0,0,0,0,0,0,0,1,0
1com,L,40,GLU,-3.5,138.4,-1.0,1,3,X,0.0,0.0,0.0,0.0,0.0,0.0,0.0,0.0,23,0.03730193978716297,16,14,2,0,0,0,0,0,0,0,0,1,0
1com,L,41,ASP,-3.5,111.1,-1.0,1,3,X,0.0,0.0,0.0,0.0,0.0,0.0,0.0,0.0,22,0.04243095650789788,21,10,11,0,0,0,0,0,0,0,0,1,0
1com,L,42,VAL,4.2,140.0,0.0,0,0,X,0.0,0.0,0.0,0.0,0.0,0.0,0.0,0.0,29,0.05595290968074446,21,17,4,0,0,0,0,0,0,0,0,1,0
1com,L,43,VAL,4.2,140.0,0.0,0,0,X,0.0,0.0,0.0,0.0,0.0,0.0,0.0,0.0,29,0.05175644145468863,17,12,5,0,0,0,0,0,0,0,0,1,0
1com,L,44,GLN,-3.5,143.8,0.0,2,2,X,0.0,0.0,0.0,0.0,0.0,0.0,0.0,0.0,27,0.05129016720734909,20,2,18,0,0,0,0,0,0,0,0,1,0
1com,L,45,MET,1.9,162.9,0.0,0,0,X,0.0,0.0,0.0,0.0,0.0,0.0,0.0,0.0,34,0.050823892960009553,7,0,7,0,0,0,0,0,0,0,0,1,0
1com,L,46,LEU,3.8,166.7,0.0,0,0,X,0.0,0.0,0.0,0.0,0.0,0.0,0.0,0.0,29,0.045228601991935104,13,2,11,0,0,0,0,0,0,0,0,1,0
1com,L,47,LEU,3.8,166.7,0.0,0,0,X,0.0,0.0,0.0,0.0,0.0,0.0,0.0,0.0,37,0.04616115048661418,16,6,10,0,0,0,0,0,0,0,0,1,0
1com,L,48,SER,-0.8,89.0,0.0,1,1,X,0.0,0.0,0.0,0.0,0.0,0.0,0.0,0.0,31,0.04989134446533048,19,14,5,0,0,0,0,0,0,0,0,1,0
1com,L,49,ALA,1.8,88.6,0.0,0,0,X,0.0,0.0,0.0,0.0,0.0,0.0,0.0,0.0,34,0.0526889899493677,29,32,-3,0,0,0,0,0,0,0,0,1,0
1com,L,50,THR,-0.7,116.1,0.0,1,1,X,0.0,0.0,0.0,0.0,0.0,0.0,0.0,0.0,28,0.048958795970651406,37,32,5,0,0,0,0,0,0,0,0,1,0
1com,L,51,PRO,-1.6,112.7,0.0,0,0,X,0.0,0.0,0.0,0.0,0.0,0.0,0.0,0.0,19,0.04196468226055834,27,38,-11,0,0,0,0,0,0,0,0,1,0
1com,L,52,ASP,-3.5,111.1,-1.0,1,3,X,0.0,0.0,0.0,0.0,0.0,0.0,0.0,0.0,23,0.032172923066428064,32,26,6,0,0,0,0,0,0,0,0,1,0
1com,L,53,LEU,3.8,166.7,0.0,0,0,X,0.0,0.0,0.0,0.0,0.0,0.0,0.0,0.0,34,0.043363505002576956,32,33,-1,0,0,0,0,0,0,0,0,1,0
1com,L,54,HIS,-3.2,153.2,0.1,2,1,X,0.0,0.0,0.0,0.0,0.0,0.0,0.0,0.0,24,0.03963331102386066,3,27,-24,0,0,0,0,0,0,0,0,1,0
1com,L,55,ALA,1.8,88.6,0.0,0,0,X,0.0,0.0,0.0,0.0,0.0,0.0,0.0,0.0,26,0.03870076252918159,17,36,-19,0,0,0,0,0,0,0,0,1,0
1com,L,56,VAL,4.2,140.0,0.0,0,0,X,0.0,0.0,0.0,0.0,0.0,0.0,0.0,0.0,29,0.04662742473395372,18,32,-14,0,0,0,0,0,0,0,0,1,0
1com,L,57,PHE,2.8,189.9,0.0,0,0,X,0.0,0.0,0.0,0.0,0.0,0.0,0.0,0.0,34,0.03963331102386066,28,20,8,0,0,0,0,0,0,0,0,1,0
1com,L,58,PRO,-1.6,112.7,0.0,0,0,X,0.0,0.0,0.0,0.0,0.0,0.0,0.0,0.0,42,0.045228601991935104,31,14,17,0,0,0,0,0,0,0,0,1,0
1com,L,59,ALA,1.8,88.6,0.0,0,0,X,0.0,0.0,0.0,0.0,0.0,0.0,0.0,0.0,32,0.040565859518539735,28,6,22,0,0,0,0,0,0,0,0,1,0
1com,L,60,LYS,-3.9,168.6,1.0,2,0,X,0.0,0.0,0.0,0.0,0.0,0.0,0.0,0.0,22,0.03450429430312575,16,22,-6,0,0,0,0,0,0,0,0,1,0
1com,L,61,ALA,1.8,88.6,0.0,0,0,X,0.0,0.0,0.0,0.0,0.0,0.0,0.0,0.0,30,0.04476232774459557,33,21,12,0,0,0,0,0,0,0,0,1,0
1com,L,62,VAL,4.2,140.0,0.0,0,0,X,0.0,0.0,0.0,0.0,0.0,0.0,0.0,0.0,31,0.043363505002576956,27,11,16,0,0,0,0,0,0,0,0,1,0
1com,L,63,ARG,-4.5,173.4,1.0,5,0,X,0.0,0.0,0.0,0.0,0.0,0.0,0.0,0.0,22,0.03310547156110714,11,9,2,0,0,0,0,0,0,0,0,1,0
1com,L,64,GLU,-3.5,138.4,-1.0,1,3,X,0.0,0.0,0.0,0.0,0.0,0.0,0.0,0.0,18,0.026577632098353617,28,6,22,0,0,0,0,0,0,0,0,1,0
1com,L,65,LEU,3.8,166.7,0.0,0,0,X,0.0,0.0,0.0,0.0,0.0,0.0,0.0,0.0,24,0.03450429430312575,22,18,4,0,0,0,0,0,0,0,0,1,0
1com,L,66,SER,-0.8,89.0,0.0,1,1,X,0.0,0.0,0.0,0.0,0.0,0.0,0.0,0.0,16,0.02331371236697686,10,11,-1,0,0,0,0,0,0,0,0,1,0
1com,L,67,GLY,-0.4,60.1,0.0,0,0,X,0.0,0.0,0.0,0.0,0.0,0.0,0.0,0.0,18,0.02844272908771177,12,18,-6,0,0,0,0,0,0,0,0,1,0
1com,L,68,TRP,-0.9,227.8,0.0,1,0,X,0.0,0.0,0.0,0.0,0.0,0.0,0.0,0.0,29,0.04289723075523742,18,20,-2,0,0,0,0,0,0,0,0,1,0
1com,L,69,GLN,-3.5,143.8,0.0,2,2,X,0.0,0.0,0.0,0.0,0.0,0.0,0.0,0.0,15,0.034970568550465285,13,13,0,0,0,0,0,0,0,0,0,1,0
1com,L,70,TYR,-1.3,193.6,0.0,1,1,X,0.0,0.0,0.0,0.0,0.0,0.0,0.0,0.0,21,0.03683566553982344,14,13,1,0,0,0,0,0,0,0,0,1,0
1com,L,71,VAL,4.2,140.0,0.0,0,0,X,0.0,0.0,0.0,0.0,0.0,0.0,0.0,0.0,35,0.04709369898129325,30,15,15,0,0,0,0,0,0,0,0,1,0
1com,L,72,PRO,-1.6,112.7,0.0,0,0,X,0.0,0.0,0.0,0.0,0.0,0.0,0.0,0.0,35,0.045694876239274644,32,2,30,0,0,0,0,0,0,0,0,1,0
1com,L,73,VAL,4.2,140.0,0.0,0,0,X,0.0,0.0,0.0,0.0,0.0,0.0,0.0,0.0,34,0.040099585271200194,34,3,31,0,0,0,0,0,0,0,0,1,0
1com,L,74,THR,-0.7,116.1,0.0,1,1,X,0.0,0.0,0.0,0.0,0.0,0.0,0.0,0.0,28,0.04196468226055834,26,8,18,0,0,0,0,0,0,0,0,1,0
1com,L,75,CYS,2.5,108.5,0.0,1,0,X,0.0,0.0,0.0,0.0,0.0,0.0,0.0,0.0,27,0.048026247475972325,23,14,9,0,0,0,0,0,0,0,0,1,0
1com,L,76,MET,1.9,162.9,0.0,0,0,X,0.0,0.0,0.0,0.0,0.0,0.0,0.0,0.0,22,0.0526889899493677,9,22,-13,0,0,0,0,0,0,0,0,1,0
1com,L,77,GLN,-3.5,143.8,0.0,2,2,X,0.0,0.0,0.0,0.0,0.0,0.0,0.0,0.0,17,0.05502036118606539,8,46,-38,0,0,0,0,0,0,0,0,1,0
1com,L,78,GLU,-3.5,138.4,-1.0,1,3,X,0.0,0.0,0.0,0.0,0.0,0.0,0.0,0.0,28,0.05129016720734909,18,12,6,0,0,0,0,0,0,0,0,1,0
1com,L,79,MET,1.9,162.9,0.0,0,0,X,0.0,0.0,0.0,0.0,0.0,0.0,0.0,0.0,28,0.0526889899493677,17,27,-10,0,0,0,0,0,0,0,0,1,0
1com,L,80,ASP,-3.5,111.1,-1.0,1,3,X,0.0,0.0,0.0,0.0,0.0,0.0,0.0,0.0,21,0.04476232774459557,18,22,-4,0,0,0,0,0,0,0,0,1,0
1com,L,81,VAL,4.2,140.0,0.0,0,0,X,0.0,0.0,0.0,0.0,0.0,0.0,0.0,0.0,23,0.03823448828184205,21,21,0,0,0,0,0,0,0,0,0,1,0
1com,L,82,THR,-0.7,116.1,0.0,1,1,X,0.0,0.0,0.0,0.0,0.0,0.0,0.0,0.0,14,0.023779986614316396,15,16,-1,0,0,0,0,0,0,0,0,1,0
1com,L,83,GLY,-0.4,60.1,0.0,0,0,X,0.0,0.0,0.0,0.0,0.0,0.0,0.0,0.0,17,0.01678587290422334,16,9,7,0,0,0,0,0,0,0,0,1,0
1com,L,84,GLY,-0.4,60.1,0.0,0,0,X,0.0,0.0,0.0,0.0,0.0,0.0,0.0,0.0,21,0.029375277582390842,22,16,6,0,0,0,0,0,0,0,0,1,0
1com,L,85,LEU,3.8,166.7,0.0,0,0,X,0.0,0.0,0.0,0.0,0.0,0.0,0.0,0.0,31,0.030774100324409453,35,13,22,0,0,0,0,0,0,0,0,1,0
1com,L,86,LYS,-3.9,168.6,1.0,2,0,X,0.0,0.0,0.0,0.0,0.0,0.0,0.0,0.0,24,0.03170664881908853,18,20,-2,0,0,0,0,0,0,0,0,1,0
1com,L,87,LYS,-3.9,168.6,1.0,2,0,X,0.0,0.0,0.0,0.0,0.0,0.0,0.0,0.0,25,0.04709369898129325,28,33,-5,0,0,0,0,0,0,0,0,1,0
1com,L,88,CYS,2.5,108.5,0.0,1,0,X,0.0,0.0,0.0,0.0,0.0,0.0,0.0,0.0,39,0.04662742473395372,40,22,18,0,0,0,0,0,0,0,0,1,0
1com,L,89,ILE,4.5,166.7,0.0,0,0,X,0.0,0.0,0.0,0.0,0.0,0.0,0.0,0.0,46,0.05035761871267001,33,14,19,0,0,0,0,0,0,0,0,1,0
1com,L,90,ARG,-4.5,173.4,1.0,5,0,X,0.0,0.0,0.0,0.0,0.0,0.0,0.0,0.0,35,0.04755997322863279,19,9,10,0,0,0,0,0,0,0,0,1,0
1com,L,91,VAL,4.2,140.0,0.0,0,0,X,0.0,0.0,0.0,0.0,0.0,0.0,0.0,0.0,35,0.04662742473395372,28,1,27,0,0,0,0,0,0,0,0,1,0
1com,L,92,MET,1.9,162.9,0.0,0,0,X,0.0,0.0,0.0,0.0,0.0,0.0,0.0,0.0,30,0.050823892960009553,29,0,29,0,0,0,0,0,0,0,0,1,0
1com,L,93,MET,1.9,162.9,0.0,0,0,X,0.0,0.0,0.0,0.0,0.0,0.0,0.0,0.0,37,0.04989134446533048,26,4,22,0,0,0,0,0,0,0,0,1,0
1com,L,94,THR,-0.7,116.1,0.0,1,1,X,0.0,0.0,0.0,0.0,0.0,0.0,0.0,0.0,26,0.04942507021799094,16,5,11,0,0,0,0,0,0,0,0,1,0
1com,L,95,VAL,4.2,140.0,0.0,0,0,X,0.0,0.0,0.0,0.0,0.0,0.0,0.0,0.0,31,0.04942507021799094,23,16,7,0,0,0,0,0,0,0,0,1,0
1com,L,96,GLN,-3.5,143.8,0.0,2,2,X,0.0,0.0,0.0,0.0,0.0,0.0,0.0,0.0,15,0.03823448828184205,19,22,-3,0,0,0,0,0,0,0,0,1,0
1com,L,97,THR,-0.7,116.1,0.0,1,1,X,0.0,0.0,0.0,0.0,0.0,0.0,0.0,0.0,22,0.034970568550465285,14,16,-2,0,0,0,0,0,0,0,0,1,0
1com,L,98,ASP,-3.5,111.1,-1.0,1,3,X,0.0,0.0,0.0,0.0,0.0,0.0,0.0,0.0,12,0.025178809356335007,9,0,9,0,0,0,0,0,0,0,0,1,0
1com,L,99,VAL,4.2,140.0,0.0,0,0,X,0.0,0.0,0.0,0.0,0.0,0.0,0.0,0.0,18,0.02844272908771177,25,17,8,0,0,0,0,0,0,0,0,1,0
1com,L,100,PRO,-1.6,112.7,0.0,0,0,X,0.0,0.0,0.0,0.0,0.0,0.0,0.0,0.0,15,0.03357174580844668,15,22,-7,0,0,0,0,0,0,0,0,1,0
1com,L,101,GLN,-3.5,143.8,0.0,2,2,X,0.0,0.0,0.0,0.0,0.0,0.0,0.0,0.0,28,0.04289723075523742,21,26,-5,0,0,0,0,0,0,0,0,1,0
1com,L,102,ASP,-3.5,111.1,-1.0,1,3,X,0.0,0.0,0.0,0.0,0.0,0.0,0.0,0.0,15,0.035436842797804825,18,4,14,0,0,0,0,0,0,0,0,1,0
1com,L,103,GLN,-3.5,143.8,0.0,2,2,X,0.0,0.0,0.0,0.0,0.0,0.0,0.0,0.0,14,0.03170664881908853,18,13,5,0,0,0,0,0,0,0,0,1,0
1com,L,104,ILE,4.5,166.7,0.0,0,0,X,0.0,0.0,0.0,0.0,0.0,0.0,0.0,0.0,28,0.04429605349725603,41,20,21,0,0,0,0,0,0,0,0,1,0
1com,L,105,ARG,-4.5,173.4,1.0,5,0,X,0.0,0.0,0.0,0.0,0.0,0.0,0.0,0.0,21,0.0363693912924839,22,18,4,0,0,0,0,0,0,0,0,1,0
1com,L,106,HIS,-3.2,153.2,0.1,2,1,X,0.0,0.0,0.0,0.0,0.0,0.0,0.0,0.0,29,0.04103213376587927,28,12,16,0,0,0,0,0,0,0,0,1,0
1com,L,107,VAL,4.2,140.0,0.0,0,0,X,0.0,0.0,0.0,0.0,0.0,0.0,0.0,0.0,28,0.04196468226055834,39,18,21,0,0,0,0,0,0,0,0,1,0
1com,L,108,TYR,-1.3,193.6,0.0,1,1,X,0.0,0.0,0.0,0.0,0.0,0.0,0.0,0.0,26,0.04103213376587927,40,6,34,0,0,0,0,0,0,0,0,1,0
1com,L,109,LEU,3.8,166.7,0.0,0,0,X,0.0,0.0,0.0,0.0,0.0,0.0,0.0,0.0,29,0.03823448828184205,29,11,18,0,0,0,0,0,0,0,0,1,0
1com,L,110,GLU,-3.5,138.4,-1.0,1,3,X,0.0,0.0,0.0,0.0,0.0,0.0,0.0,0.0,23,0.030307826077069916,21,10,11,0,0,0,0,0,0,0,0,1,0
1com,L,111,LYS,-3.9,168.6,1.0,2,0,X,0.0,0.0,0.0,0.0,0.0,0.0,0.0,0.0,19,0.03310547156110714,17,19,-2,0,0,0,0,0,0,0,0,1,0
1com,L,112,ALA,1.8,88.6,0.0,0,0,X,0.0,0.0,0.0,0.0,0.0,0.0,0.0,0.0,22,0.04289723075523742,25,9,16,0,0,0,0,0,0,0,0,1,0
1com,L,113,VAL,4.2,140.0,0.0,0,0,X,0.0,0.0,0.0,0.0,0.0,0.0,0.0,0.0,13,0.028909003335051305,8,9,-1,0,0,0,0,0,0,0,0,1,0
1com,L,114,VAL,4.2,140.0,0.0,0,0,X,0.0,0.0,0.0,0.0,0.0,0.0,0.0,0.0,14,0.020516066882939634,10,5,5,0,0,0,0,0,0,0,0,1,0
1com,L,115,LEU,3.8,166.7,0.0,0,0,X,0.0,0.0,0.0,0.0,0.0,0.0,0.0,0.0,23,0.02098234113027917,20,3,17,0,0,0,0,0,0,0,0,1,0
