pdb_id,chain_id,residue_id,residue_name,hydrophobicity,volume,charge,hbond_donor,hbond_acceptor,ss_type,rel_asa,phi,psi,hse_up,hse_down,hse_ratio,residue_depth,ca_depth,neighbor_count,atom_density,pos_charged_neighbors,neg_charged_neighbors,net_charge_environment,ss_H,ss_B,ss_E,ss_G,ss_I,ss_T,ss_S,ss_ ,ss_X,is_binding_site
1cq1,A,1,ASP,-3.5,111.1,-1.0,1,3,X,0.0,0.0,0.0,0.0,0.0,0.0,0.0,0.0,33,0.04755997322863279,18,44,-26,0,0,0,0,0,0,0,0,1,0
1cq1,A,2,VAL,4.2,140.0,0.0,0,0,X,0.0,0.0,0.0,0.0,0.0,0.0,0.0,0.0,29,0.04103213376587927,20,41,-21,0,0,0,0,0,0,0,0,1,0
1cq1,A,3,PRO,-1.6,112.7,0.0,0,0,X,0.0,0.0,0.0,0.0,0.0,0.0,0.0,0.0,31,0.040099585271200194,8,23,-15,0,0,0,0,0,0,0,0,1,0
1cq1,A,4,LEU,3.8,166.7,0.0,0,0,X,0.0,0.0,0.0,0.0,0.0,0.0,0.0,0.0,27,0.034970568550465285,15,12,3,0,0,0,0,0,0,0,0,1,0
1cq1,A,5,THR,-0.7,116.1,0.0,1,1,X,0.0,0.0,0.0,0.0,0.0,0.0,0.0,0.0,20,0.028909003335051305,14,8,6,0,0,0,0,0,0,0,0,1,0
1cq1,A,6,PRO,-1.6,112.7,0.0,0,0,X,0.0,0.0,0.0,0.0,0.0,0.0,0.0,0.0,23,0.03776821403450251,27,18,9,0,0,0,0,0,0,0,0,1,0
1cq1,A,7,SER,-0.8,89.0,0.0,1,1,X,0.0,0.0,0.0,0.0,0.0,0.0,0.0,0.0,18,0.03124037457174899,19,15,4,0,0,0,0,0,0,0,0,1,0
1cq1,A,8,GLN,-3.5,143.8,0.0,2,2,X,0.0,0.0,0.0,0.0,0.0,0.0,0.0,0.0,22,0.032172923066428064,16,2,14,0,0,0,0,0,0,0,0,1,0
1cq1,A,9,PHE,2.8,189.9,0.0,0,0,X,0.0,0.0,0.0,0.0,0.0,0.0,0.0,0.0,35,0.053155264196707235,44,11,33,0,0,0,0,0,0,0,0,1,0
1cq1,A,10,ALA,1.8,88.6,0.0,0,0,X,0.0,0.0,0.0,0.0,0.0,0.0,0.0,0.0,25,0.03823448828184205,36,18,18,0,0,0,0,0,0,0,0,1,0
1cq1,A,11,LYS,-3.9,168.6,1.0,2,0,X,0.0,0.0,0.0,0.0,0.0,0.0,0.0,0.0,18,0.030774100324409453,18,12,6,0,0,0,0,0,0,0,0,1,0
1cq1,A,12,ALA,1.8,88.6,0.0,0,0,X,0.0,0.0,0.0,0.0,0.0,0.0,0.0,0.0,27,0.04196468226055834,31,14,17,0,0,0,0,0,0,0,0,1,0
1cq1,A,13,LYS,-3.9,168.6,1.0,2,0,X,0.0,0.0,0.0,0.0,0.0,0.0,0.0,0.0,26,0.03450429430312575,21,19,2,0,0,0,0,0,0,0,0,1,0
1cq1,A,14,SER,-0.8,89.0,0.0,1,1,X,0.0,0.0,0.0,0.0,0.0,0.0,0.0,0.0,25,0.03450429430312575,28,15,13,0,0,0,0,0,0,0,0,1,0
1cq1,A,15,GLU,-3.5,138.4,-1.0,1,3,X,0.0,0.0,0.0,0.0,0.0,0.0,0.0,0.0,13,0.021914889624958248,20,6,14,0,0,0,0,0,0,0,0,1,0
1cq1,A,16,ASN,-3.5,114.1,0.0,2,2,X,0.0,0.0,0.0,0.0,0.0,0.0,0.0,0.0,16,0.02144861537761871,7,17,-10,0,0,0,0,0,0,0,0,1,0
1cq1,A,17,PHE,2.8,189.9,0.0,0,0,X,0.0,0.0,0.0,0.0,0.0,0.0,0.0,0.0,22,0.032639197313767604,21,16,5,0,0,0,0,0,0,0,0,1,0
1cq1,A,18,ASP,-3.5,111.1,-1.0,1,3,X,0.0,0.0,0.0,0.0,0.0,0.0,0.0,0.0,16,0.02844272908771177,27,6,21,0,0,0,0,0,0,0,0,1,0
1cq1,A,19,LYS,-3.9,168.6,1.0,2,0,X,0.0,0.0,0.0,0.0,0.0,0.0,0.0,0.0,25,0.03310547156110714,20,16,4,0,0,0,0,0,0,0,0,1,0
1cq1,A,20,LYS,-3.9,168.6,1.0,2,0,X,0.0,0.0,0.0,0.0,0.0,0.0,0.0,0.0,20,0.03170664881908853,18,10,8,0,0,0,0,0,0,0,0,1,0
1cq1,A,21,VAL,4.2,140.0,0.0,0,0,X,0.0,0.0,0.0,0.0,0.0,0.0,0.0,0.0,22,0.03403802005578621,27,7,20,0,0,0,0,0,0,0,0,1,0
1cq1,A,22,ILE,4.5,166.7,0.0,0,0,X,0.0,0.0,0.0,0.0,0.0,0.0,0.0,0.0,30,0.03683566553982344,22,4,18,0,0,0,0,0,0,0,0,1,0
1cq1,A,23,LEU,3.8,166.7,0.0,0,0,X,0.0,0.0,0.0,0.0,0.0,0.0,0.0,0.0,32,0.034970568550465285,12,2,10,0,0,0,0,0,0,0,0,1,0
1cq1,A,24,SER,-0.8,89.0,0.0,1,1,X,0.0,0.0,0.0,0.0,0.0,0.0,0.0,0.0,24,0.03357174580844668,2,5,-3,0,0,0,0,0,0,0,0,1,0
1cq1,A,25,ASN,-3.5,114.1,0.0,2,2,X,0.0,0.0,0.0,0.0,0.0,0.0,0.0,0.0,20,0.02471253510899547,3,5,-2,0,0,0,0,0,0,0,0,1,0
1cq1,A,26,LEU,3.8,166.7,0.0,0,0,X,0.0,0.0,0.0,0.0,0.0,0.0,0.0,0.0,32,0.03963331102386066,16,14,2,0,0,0,0,0,0,0,0,1,0
1cq1,A,27,ASN,-3.5,114.1,0.0,2,2,X,0.0,0.0,0.0,0.0,0.0,0.0,0.0,0.0,24,0.03730193978716297,32,15,17,0,0,0,0,0,0,0,0,1,0
1cq1,A,28,LYS,-3.9,168.6,1.0,2,0,X,0.0,0.0,0.0,0.0,0.0,0.0,0.0,0.0,34,0.045694876239274644,30,21,9,0,0,0,0,0,0,0,0,1,0
1cq1,A,29,PRO,-1.6,112.7,0.0,0,0,X,0.0,0.0,0.0,0.0,0.0,0.0,0.0,0.0,37,0.05502036118606539,48,24,24,0,0,0,0,0,0,0,0,1,0
1cq1,A,30,HIS,-3.2,153.2,0.1,2,1,X,0.0,0.0,0.0,0.0,0.0,0.0,0.0,0.0,41,0.048492521723311866,41,21,20,0,0,0,0,0,0,0,0,1,0
1cq1,A,31,ALA,1.8,88.6,0.0,0,0,X,0.0,0.0,0.0,0.0,0.0,0.0,0.0,0.0,42,0.04755997322863279,42,15,27,0,0,0,0,0,0,0,0,1,0
1cq1,A,32,LEU,3.8,166.7,0.0,0,0,X,0.0,0.0,0.0,0.0,0.0,0.0,0.0,0.0,36,0.04662742473395372,21,9,12,0,0,0,0,0,0,0,0,1,0
1cq1,A,33,LEU,3.8,166.7,0.0,0,0,X,0.0,0.0,0.0,0.0,0.0,0.0,0.0,0.0,37,0.04289723075523742,12,9,3,0,0,0,0,0,0,0,0,1,0
1cq1,A,34,TRP,-0.9,227.8,0.0,1,0,X,0.0,0.0,0.0,0.0,0.0,0.0,0.0,0.0,27,0.045694876239274644,4,11,-7,0,0,0,0,0,0,0,0,1,0
1cq1,A,35,GLY,-0.4,60.1,0.0,0,0,X,0.0,0.0,0.0,0.0,0.0,0.0,0.0,0.0,27,0.043363505002576956,14,8,6,0,0,0,0,0,0,0,0,1,0
1cq1,A,36,PRO,-1.6,112.7,0.0,0,0,X,0.0,0.0,0.0,0.0,0.0,0.0,0.0,0.0,24,0.03450429430312575,17,12,5,0,0,0,0,0,0,0,0,1,0
1cq1,A,37,ASP,-3.5,111.1,-1.0,1,3,X,0.0,0.0,0.0,0.0,0.0,0.0,0.0,0.0,21,0.02984155182973038,17,3,14,0,0,0,0,0,0,0,0,1,0
1cq1,A,38,ASN,-3.5,114.1,0.0,2,2,X,0.0,0.0,0.0,0.0,0.0,0.0,0.0,0.0,21,0.03170664881908853,4,15,-11,0,0,0,0,0,0,0,0,1,0
1cq1,A,39,GLN,-3.5,143.8,0.0,2,2,X,0.0,0.0,0.0,0.0,0.0,0.0,0.0,0.0,28,0.04755997322863279,14,16,-2,0,0,0,0,0,0,0,0,1,0
1cq1,A,40,ILE,4.5,166.7,0.0,0,0,X,0.0,0.0,0.0,0.0,0.0,0.0,0.0,0.0,41,0.05548663543340492,13,11,2,0,0,0,0,0,0,0,0,1,0
1cq1,A,41,TRP,-0.9,227.8,0.0,1,0,X,0.0,0.0,0.0,0.0,0.0,0.0,0.0,0.0,33,0.05175644145468863,19,11,8,0,0,0,0,0,0,0,0,1,0
1cq1,A,42,LEU,3.8,166.7,0.0,0,0,X,0.0,0.0,0.0,0.0,0.0,0.0,0.0,0.0,44,0.048026247475972325,32,12,20,0,0,0,0,0,0,0,0,1,0
1cq1,A,43,THR,-0.7,116.1,0.0,1,1,X,0.0,0.0,0.0,0.0,0.0,0.0,0.0,0.0,37,0.05222271570202816,39,12,27,0,0,0,0,0,0,0,0,1,0
1cq1,A,44,GLU,-3.5,138.4,-1.0,1,3,X,0.0,0.0,0.0,0.0,0.0,0.0,0.0,0.0,33,0.053621538444046775,38,0,38,0,0,0,0,0,0,0,0,1,0
1cq1,A,45,ARG,-4.5,173.4,1.0,5,0,X,0.0,0.0,0.0,0.0,0.0,0.0,0.0,0.0,35,0.05222271570202816,31,21,10,0,0,0,0,0,0,0,0,1,0
1cq1,A,46,ALA,1.8,88.6,0.0,0,0,X,0.0,0.0,0.0,0.0,0.0,0.0,0.0,0.0,28,0.04429605349725603,34,16,18,0,0,0,0,0,0,0,0,1,0
1cq1,A,47,THR,-0.7,116.1,0.0,1,1,X,0.0,0.0,0.0,0.0,0.0,0.0,0.0,0.0,26,0.03870076252918159,29,13,16,0,0,0,0,0,0,0,0,1,0
1cq1,A,48,GLY,-0.4,60.1,0.0,0,0,X,0.0,0.0,0.0,0.0,0.0,0.0,0.0,0.0,37,0.04662742473395372,22,14,8,0,0,0,0,0,0,0,0,1,0
1cq1,A,49,LYS,-3.9,168.6,1.0,2,0,X,0.0,0.0,0.0,0.0,0.0,0.0,0.0,0.0,25,0.04755997322863279,13,9,4,0,0,0,0,0,0,0,0,1,0
1cq1,A,50,ILE,4.5,166.7,0.0,0,0,X,0.0,0.0,0.0,0.0,0.0,0.0,0.0,0.0,38,0.0526889899493677,29,11,18,0,0,0,0,0,0,0,0,1,0
1cq1,A,51,LEU,3.8,166.7,0.0,0,0,X,0.0,0.0,0.0,0.0,0.0,0.0,0.0,0.0,35,0.05035761871267001,30,9,21,0,0,0,0,0,0,0,0,1,0
1cq1,A,52,ARG,-4.5,173.4,1.0,5,0,X,0.0,0.0,0.0,0.0,0.0,0.0,0.0,0.0,30,0.04989134446533048,9,16,-7,0,0,0,0,0,0,0,0,1,0
1cq1,A,53,VAL,4.2,140.0,0.0,0,0,X,0.0,0.0,0.0,0.0,0.0,0.0,0.0,0.0,31,0.04989134446533048,18,10,8,0,0,0,0,0,0,0,0,1,0
1cq1,A,54,ASN,-3.5,114.1,0.0,2,2,X,0.0,0.0,0.0,0.0,0.0,0.0,0.0,0.0,20,0.03823448828184205,14,15,-1,0,0,0,0,0,0,0,0,1,0
1cq1,A,55,PRO,-1.6,112.7,0.0,0,0,X,0.0,0.0,0.0,0.0,0.0,0.0,0.0,0.0,27,0.040565859518539735,14,13,1,0,0,0,0,0,0,0,0,1,0
1cq1,A,56,GLU,-3.5,138.4,-1.0,1,3,X,0.0,0.0,0.0,0.0,0.0,0.0,0.0,0.0,16,0.02471253510899547,7,0,7,0,0,0,0,0,0,0,0,1,0
1cq1,A,57,SER,-0.8,89.0,0.0,1,1,X,0.0,0.0,0.0,0.0,0.0,0.0,0.0,0.0,17,0.022381163872297785,8,9,-1,0,0,0,0,0,0,0,0,1,0
1cq1,A,58,GLY,-0.4,60.1,0.0,0,0,X,0.0,0.0,0.0,0.0,0.0,0.0,0.0,0.0,20,0.03357174580844668,17,8,9,0,0,0,0,0,0,0,0,1,0
1cq1,A,59,SER,-0.8,89.0,0.0,1,1,X,0.0,0.0,0.0,0.0,0.0,0.0,0.0,0.0,16,0.02471253510899547,17,6,11,0,0,0,0,0,0,0,0,1,0
1cq1,A,60,VAL,4.2,140.0,0.0,0,0,X,0.0,0.0,0.0,0.0,0.0,0.0,0.0,0.0,24,0.03124037457174899,20,2,18,0,0,0,0,0,0,0,0,1,0
1cq1,A,61,LYS,-3.9,168.6,1.0,2,0,X,0.0,0.0,0.0,0.0,0.0,0.0,0.0,0.0,23,0.030307826077069916,14,9,5,0,0,0,0,0,0,0,0,1,0
1cq1,A,62,THR,-0.7,116.1,0.0,1,1,X,0.0,0.0,0.0,0.0,0.0,0.0,0.0,0.0,23,0.032172923066428064,29,13,16,0,0,0,0,0,0,0,0,1,0
1cq1,A,63,VAL,4.2,140.0,0.0,0,0,X,0.0,0.0,0.0,0.0,0.0,0.0,0.0,0.0,27,0.04476232774459557,28,10,18,0,0,0,0,0,0,0,0,1,0
1cq1,A,64,PHE,2.8,189.9,0.0,0,0,X,0.0,0.0,0.0,0.0,0.0,0.0,0.0,0.0,32,0.03823448828184205,15,12,3,0,0,0,0,0,0,0,0,1,0
1cq1,A,65,GLN,-3.5,143.8,0.0,2,2,X,0.0,0.0,0.0,0.0,0.0,0.0,0.0,0.0,20,0.03823448828184205,11,14,-3,0,0,0,0,0,0,0,0,1,0
1cq1,A,66,VAL,4.2,140.0,0.0,0,0,X,0.0,0.0,0.0,0.0,0.0,0.0,0.0,0.0,32,0.04196468226055834,20,14,6,0,0,0,0,0,0,0,0,1,0
1cq1,A,67,PRO,-1.6,112.7,0.0,0,0,X,0.0,0.0,0.0,0.0,0.0,0.0,0.0,0.0,21,0.02984155182973038,11,10,1,0,0,0,0,0,0,0,0,1,0
1cq1,A,68,GLU,-3.5,138.4,-1.0,1,3,X,0.0,0.0,0.0,0.0,0.0,0.0,0.0,0.0,19,0.027510180593032695,14,0,14,0,0,0,0,0,0,0,0,1,0
1cq1,A,69,ILE,4.5,166.7,0.0,0,0,X,0.0,0.0,0.0,0.0,0.0,0.0,0.0,0.0,29,0.043829779249916496,23,14,9,0,0,0,0,0,0,0,0,1,0
1cq1,A,70,VAL,4.2,140.0,0.0,0,0,X,0.0,0.0,0.0,0.0,0.0,0.0,0.0,0.0,31,0.03916703677652112,19,16,3,0,0,0,0,0,0,0,0,1,0
1cq1,A,71,ASN,-3.5,114.1,0.0,2,2,X,0.0,0.0,0.0,0.0,0.0,0.0,0.0,0.0,27,0.040565859518539735,27,20,7,0,0,0,0,0,0,0,0,1,0
1cq1,A,72,ASP,-3.5,111.1,-1.0,1,3,X,0.0,0.0,0.0,0.0,0.0,0.0,0.0,0.0,21,0.030774100324409453,20,10,10,0,0,0,0,0,0,0,0,1,0
1cq1,A,73,ALA,1.8,88.6,0.0,0,0,X,0.0,0.0,0.0,0.0,0.0,0.0,0.0,0.0,14,0.02144861537761871,19,16,3,0,0,0,0,0,0,0,0,1,0
1cq1,A,74,ASP,-3.5,111.1,-1.0,1,3,X,0.0,0.0,0.0,0.0,0.0,0.0,0.0,0.0,13,0.021914889624958248,15,13,2,0,0,0,0,0,0,0,0,1,0
1cq1,A,75,GLY,-0.4,60.1,0.0,0,0,X,0.0,0.0,0.0,0.0,0.0,0.0,0.0,0.0,24,0.03590311704514436,32,24,8,0,0,0,0,0,0,0,0,1,0
1cq1,A,76,GLN,-3.5,143.8,0.0,2,2,X,0.0,0.0,0.0,0.0,0.0,0.0,0.0,0.0,35,0.04243095650789788,46,25,21,0,0,0,0,0,0,0,0,1,1
1cq1,A,77,ASN,-3.5,114.1,0.0,2,2,X,0.0,0.0,0.0,0.0,0.0,0.0,0.0,0.0,33,0.050823892960009553,34,23,11,0,0,0,0,0,0,0,0,1,0
1cq1,A,78,GLY,-0.4,60.1,0.0,0,0,X,0.0,0.0,0.0,0.0,0.0,0.0,0.0,0.0,39,0.04709369898129325,30,15,15,0,0,0,0,0,0,0,0,1,0
1cq1,A,79,LEU,3.8,166.7,0.0,0,0,X,0.0,0.0,0.0,0.0,0.0,0.0,0.0,0.0,43,0.05502036118606539,31,10,21,0,0,0,0,0,0,0,0,1,0
1cq1,A,80,LEU,3.8,166.7,0.0,0,0,X,0.0,0.0,0.0,0.0,0.0,0.0,0.0,0.0,45,0.048492521723311866,36,4,32,0,0,0,0,0,0,0,0,1,0
1cq1,A,81,GLY,-0.4,60.1,0.0,0,0,X,0.0,0.0,0.0,0.0,0.0,0.0,0.0,0.0,45,0.048492521723311866,34,4,30,0,0,0,0,0,0,0,0,1,0
1cq1,A,82,PHE,2.8,189.9,0.0,0,0,X,0.0,0.0,0.0,0.0,0.0,0.0,0.0,0.0,40,0.048958795970651406,23,4,19,0,0,0,0,0,0,0,0,1,0
1cq1,A,83,ALA,1.8,88.6,0.0,0,0,X,0.0,0.0,0.0,0.0,0.0,0.0,0.0,0.0,41,0.040099585271200194,26,0,26,0,0,0,0,0,0,0,0,1,0
1cq1,A,84,PHE,2.8,189.9,0.0,0,0,X,0.0,0.0,0.0,0.0,0.0,0.0,0.0,0.0,32,0.04709369898129325,13,10,3,0,0,0,0,0,0,0,0,1,0
1cq1,A,85,HIS,-3.2,153.2,0.1,2,1,X,0.0,0.0,0.0,0.0,0.0,0.0,0.0,0.0,23,0.04755997322863279,17,8,9,0,0,0,0,0,0,0,0,1,0
1cq1,A,86,PRO,-1.6,112.7,0.0,0,0,X,0.0,0.0,0.0,0.0,0.0,0.0,0.0,0.0,21,0.03170664881908853,22,12,10,0,0,0,0,0,0,0,0,1,0
1cq1,A,87,ASP,-3.5,111.1,-1.0,1,3,X,0.0,0.0,0.0,0.0,0.0,0.0,0.0,0.0,14,0.03357174580844668,19,0,19,0,0,0,0,0,0,0,0,1,0
1cq1,A,88,PHE,2.8,189.9,0.0,0,0,X,0.0,0.0,0.0,0.0,0.0,0.0,0.0,0.0,24,0.04196468226055834,26,15,11,0,0,0,0,0,0,0,0,1,0
1cq1,A,89,LYS,-3.9,168.6,1.0,2,0,X,0.0,0.0,0.0,0.0,0.0,0.0,0.0,0.0,14,0.02797645484037223,14,11,3,0,0,0,0,0,0,0,0,1,0
1cq1,A,90,ASN,-3.5,114.1,0.0,2,2,X,0.0,0.0,0.0,0.0,0.0,0.0,0.0,0.0,10,0.026577632098353617,21,8,13,0,0,0,0,0,0,0,0,1,0
1cq1,A,91,ASN,-3.5,114.1,0.0,2,2,X,0.0,0.0,0.0,0.0,0.0,0.0,0.0,0.0,19,0.03776821403450251,27,8,19,0,0,0,0,0,0,0,0,1,0
1cq1,A,92,PRO,-1.6,112.7,0.0,0,0,X,0.0,0.0,0.0,0.0,0.0,0.0,0.0,0.0,24,0.04709369898129325,35,14,21,0,0,0,0,0,0,0,0,1,0
1cq1,A,93,TYR,-1.3,193.6,0.0,1,1,X,0.0,0.0,0.0,0.0,0.0,0.0,0.0,0.0,27,0.053621538444046775,34,11,23,0,0,0,0,0,0,0,0,1,0
1cq1,A,94,ILE,4.5,166.7,0.0,0,0,X,0.0,0.0,0.0,0.0,0.0,0.0,0.0,0.0,37,0.053621538444046775,28,4,24,0,0,0,0,0,0,0,0,1,0
1cq1,A,95,TYR,-1.3,193.6,0.0,1,1,X,0.0,0.0,0.0,0.0,0.0,0.0,0.0,0.0,38,0.04989134446533048,31,4,27,0,0,0,0,0,0,0,0,1,0
1cq1,A,96,ILE,4.5,166.7,0.0,0,0,X,0.0,0.0,0.0,0.0,0.0,0.0,0.0,0.0,43,0.05222271570202816,20,6,14,0,0,0,0,0,0,0,0,1,0
1cq1,A,97,SER,-0.8,89.0,0.0,1,1,X,0.0,0.0,0.0,0.0,0.0,0.0,0.0,0.0,46,0.05035761871267001,26,1,25,0,0,0,0,0,0,0,0,1,0
1cq1,A,98,GLY,-0.4,60.1,0.0,0,0,X,0.0,0.0,0.0,0.0,0.0,0.0,0.0,0.0,42,0.05175644145468863,21,8,13,0,0,0,0,0,0,0,0,1,0
1cq1,A,99,THR,-0.7,116.1,0.0,1,1,X,0.0,0.0,0.0,0.0,0.0,0.0,0.0,0.0,37,0.05548663543340492,20,11,9,0,0,0,0,0,0,0,0,1,0
1cq1,A,100,PHE,2.8,189.9,0.0,0,0,X,0.0,0.0,0.0,0.0,0.0,0.0,0.0,0.0,34,0.048958795970651406,19,13,6,0,0,0,0,0,0,0,0,1,0
1cq1,A,101,LYS,-3.9,168.6,1.0,2,0,X,0.0,0.0,0.0,0.0,0.0,0.0,0.0,0.0,18,0.03683566553982344,6,9,-3,0,0,0,0,0,0,0,0,1,0
1cq1,A,102,ASN,-3.5,114.1,0.0,2,2,X,0.0,0.0,0.0,0.0,0.0,0.0,0.0,0.0,16,0.030774100324409453,18,0,18,0,0,0,0,0,0,0,0,1,0
1cq1,A,103,PRO,-1.6,112.7,0.0,0,0,X,0.0,0.0,0.0,0.0,0.0,0.0,0.0,0.0,11,0.018650969893581486,18,1,17,0,0,0,0,0,0,0,0,1,0
1cq1,A,104,LYS,-3.9,168.6,1.0,2,0,X,0.0,0.0,0.0,0.0,0.0,0.0,0.0,0.0,11,0.013988227420186116,6,0,6,0,0,0,0,0,0,0,0,1,0
1cq1,A,111,PRO,-1.6,112.7,0.0,0,0,X,0.0,0.0,0.0,0.0,0.0,0.0,0.0,0.0,18,0.020049792635600097,17,3,14,0,0,0,0,0,0,0,0,1,0
1cq1,A,112,ASN,-3.5,114.1,0.0,2,2,X,0.0,0.0,0.0,0.0,0.0,0.0,0.0,0.0,27,0.03730193978716297,17,7,10,0,0,0,0,0,0,0,0,1,0
1cq1,A,113,GLN,-3.5,143.8,0.0,2,2,X,0.0,0.0,0.0,0.0,0.0,0.0,0.0,0.0,30,0.045694876239274644,19,5,14,0,0,0,0,0,0,0,0,1,0
1cq1,A,114,THR,-0.7,116.1,0.0,1,1,X,0.0,0.0,0.0,0.0,0.0,0.0,0.0,0.0,38,0.04942507021799094,10,3,7,0,0,0,0,0,0,0,0,1,0
1cq1,A,115,ILE,4.5,166.7,0.0,0,0,X,0.0,0.0,0.0,0.0,0.0,0.0,0.0,0.0,37,0.05175644145468863,18,9,9,0,0,0,0,0,0,0,0,1,0
1cq1,A,116,ILE,4.5,166.7,0.0,0,0,X,0.0,0.0,0.0,0.0,0.0,0.0,0.0,0.0,43,0.053621538444046775,24,12,12,0,0,0,0,0,0,0,0,1,0
1cq1,A,117,ARG,-4.5,173.4,1.0,5,0,X,0.0,0.0,0.0,0.0,0.0,0.0,0.0,0.0,31,0.04989134446533048,12,10,2,0,0,0,0,0,0,0,0,1,0
1cq1,A,118,ARG,-4.5,173.4,1.0,5,0,X,0.0,0.0,0.0,0.0,0.0,0.0,0.0,0.0,27,0.05222271570202816,22,19,3,0,0,0,0,0,0,0,0,1,0
1cq1,A,119,TYR,-1.3,193.6,0.0,1,1,X,0.0,0.0,0.0,0.0,0.0,0.0,0.0,0.0,34,0.0526889899493677,29,15,14,0,0,0,0,0,0,0,0,1,0
1cq1,A,120,THR,-0.7,116.1,0.0,1,1,X,0.0,0.0,0.0,0.0,0.0,0.0,0.0,0.0,22,0.048026247475972325,29,10,19,0,0,0,0,0,0,0,0,1,0
1cq1,A,121,TYR,-1.3,193.6,0.0,1,1,X,0.0,0.0,0.0,0.0,0.0,0.0,0.0,0.0,25,0.05035761871267001,19,22,-3,0,0,0,0,0,0,0,0,1,0
1cq1,A,122,ASN,-3.5,114.1,0.0,2,2,X,0.0,0.0,0.0,0.0,0.0,0.0,0.0,0.0,18,0.040099585271200194,17,17,0,0,0,0,0,0,0,0,0,1,0
1cq1,A,123,LYS,-3.9,168.6,1.0,2,0,X,0.0,0.0,0.0,0.0,0.0,0.0,0.0,0.0,16,0.027510180593032695,9,15,-6,0,0,0,0,0,0,0,0,1,0
1cq1,A,124,SER,-0.8,89.0,0.0,1,1,X,0.0,0.0,0.0,0.0,0.0,0.0,0.0,0.0,9,0.02144861537761871,10,12,-2,0,0,0,0,0,0,0,0,1,0
1cq1,A,125,THR,-0.7,116.1,0.0,1,1,X,0.0,0.0,0.0,0.0,0.0,0.0,0.0,0.0,12,0.025178809356335007,15,15,0,0,0,0,0,0,0,0,0,1,0
1cq1,A,126,ASP,-3.5,111.1,-1.0,1,3,X,0.0,0.0,0.0,0.0,0.0,0.0,0.0,0.0,19,0.03450429430312575,27,6,21,0,0,0,0,0,0,0,0,1,0
1cq1,A,127,THR,-0.7,116.1,0.0,1,1,X,0.0,0.0,0.0,0.0,0.0,0.0,0.0,0.0,22,0.04243095650789788,15,17,-2,0,0,0,0,0,0,0,0,1,0
1cq1,A,128,LEU,3.8,166.7,0.0,0,0,X,0.0,0.0,0.0,0.0,0.0,0.0,0.0,0.0,32,0.04709369898129325,17,17,0,0,0,0,0,0,0,0,0,1,0
1cq1,A,129,GLU,-3.5,138.4,-1.0,1,3,X,0.0,0.0,0.0,0.0,0.0,0.0,0.0,0.0,19,0.03730193978716297,18,4,14,0,0,0,0,0,0,0,0,1,0
1cq1,A,130,LYS,-3.9,168.6,1.0,2,0,X,0.0,0.0,0.0,0.0,0.0,0.0,0.0,0.0,15,0.027510180593032695,13,10,3,0,0,0,0,0,0,0,0,1,0
1cq1,A,131,PRO,-1.6,112.7,0.0,0,0,X,0.0,0.0,0.0,0.0,0.0,0.0,0.0,0.0,20,0.03590311704514436,31,17,14,0,0,0,0,0,0,0,0,1,0
1cq1,A,132,VAL,4.2,140.0,0.0,0,0,X,0.0,0.0,0.0,0.0,0.0,0.0,0.0,0.0,20,0.03590311704514436,29,18,11,0,0,0,0,0,0,0,0,1,0
1cq1,A,133,ASP,-3.5,111.1,-1.0,1,3,X,0.0,0.0,0.0,0.0,0.0,0.0,0.0,0.0,22,0.032639197313767604,23,3,20,0,0,0,0,0,0,0,0,1,0
1cq1,A,134,LEU,3.8,166.7,0.0,0,0,X,0.0,0.0,0.0,0.0,0.0,0.0,0.0,0.0,30,0.03916703677652112,27,16,11,0,0,0,0,0,0,0,0,1,0
1cq1,A,135,LEU,3.8,166.7,0.0,0,0,X,0.0,0.0,0.0,0.0,0.0,0.0,0.0,0.0,33,0.04103213376587927,27,15,12,0,0,0,0,0,0,0,0,1,0
1cq1,A,136,ALA,1.8,88.6,0.0,0,0,X,0.0,0.0,0.0,0.0,0.0,0.0,0.0,0.0,32,0.03776821403450251,26,13,13,0,0,0,0,0,0,0,0,1,0
1cq1,A,137,GLY,-0.4,60.1,0.0,0,0,X,0.0,0.0,0.0,0.0,0.0,0.0,0.0,0.0,30,0.040099585271200194,27,11,16,0,0,0,0,0,0,0,0,1,0
1cq1,A,138,LEU,3.8,166.7,0.0,0,0,X,0.0,0.0,0.0,0.0,0.0,0.0,0.0,0.0,35,0.04616115048661418,16,5,11,0,0,0,0,0,0,0,0,1,0
1cq1,A,139,PRO,-1.6,112.7,0.0,0,0,X,0.0,0.0,0.0,0.0,0.0,0.0,0.0,0.0,39,0.04243095650789788,23,10,13,0,0,0,0,0,0,0,0,1,0
1cq1,A,140,SER,-0.8,89.0,0.0,1,1,X,0.0,0.0,0.0,0.0,0.0,0.0,0.0,0.0,38,0.045694876239274644,23,11,12,0,0,0,0,0,0,0,0,1,0
1cq1,A,141,SER,-0.8,89.0,0.0,1,1,X,0.0,0.0,0.0,0.0,0.0,0.0,0.0,0.0,33,0.040099585271200194,25,25,0,0,0,0,0,0,0,0,0,1,0
1cq1,A,142,LYS,-3.9,168.6,1.0,2,0,X,0.0,0.0,0.0,0.0,0.0,0.0,0.0,0.0,24,0.045694876239274644,9,24,-15,0,0,0,0,0,0,0,0,1,0
1cq1,A,143,ASP,-3.5,111.1,-1.0,1,3,X,0.0,0.0,0.0,0.0,0.0,0.0,0.0,0.0,29,0.04476232774459557,36,16,20,0,0,0,0,0,0,0,0,1,1
1cq1,A,144,HIS,-3.2,153.2,0.1,2,1,X,0.0,0.0,0.0,0.0,0.0,0.0,0.0,0.0,34,0.05222271570202816,27,20,7,0,0,0,0,0,0,0,0,1,1
1cq1,A,145,GLN,-3.5,143.8,0.0,2,2,X,0.0,0.0,0.0,0.0,0.0,0.0,0.0,0.0,44,0.05595290968074446,31,15,16,0,0,0,0,0,0,0,0,1,0
1cq1,A,146,SER,-0.8,89.0,0.0,1,1,X,0.0,0.0,0.0,0.0,0.0,0.0,0.0,0.0,46,0.04989134446533048,46,21,25,0,0,0,0,0,0,0,0,1,0
1cq1,A,147,GLY,-0.4,60.1,0.0,0,0,X,0.0,0.0,0.0,0.0,0.0,0.0,0.0,0.0,46,0.050823892960009553,27,0,27,0,0,0,0,0,0,0,0,1,0
1cq1,A,148,ARG,-4.5,173.4,1.0,5,0,X,0.0,0.0,0.0,0.0,0.0,0.0,0.0,0.0,42,0.048958795970651406,14,6,8,0,0,0,0,0,0,0,0,1,0
1cq1,A,149,LEU,3.8,166.7,0.0,0,0,X,0.0,0.0,0.0,0.0,0.0,0.0,0.0,0.0,40,0.04942507021799094,20,0,20,0,0,0,0,0,0,0,0,1,0
1cq1,A,150,VAL,4.2,140.0,0.0,0,0,X,0.0,0.0,0.0,0.0,0.0,0.0,0.0,0.0,35,0.043363505002576956,22,4,18,0,0,0,0,0,0,0,0,1,0
1cq1,A,151,ILE,4.5,166.7,0.0,0,0,X,0.0,0.0,0.0,0.0,0.0,0.0,0.0,0.0,30,0.04662742473395372,21,10,11,0,0,0,0,0,0,0,0,1,0
1cq1,A,152,GLY,-0.4,60.1,0.0,0,0,X,0.0,0.0,0.0,0.0,0.0,0.0,0.0,0.0,26,0.03823448828184205,28,9,19,0,0,0,0,0,0,0,0,1,0
1cq1,A,153,PRO,-1.6,112.7,0.0,0,0,X,0.0,0.0,0.0,0.0,0.0,0.0,0.0,0.0,19,0.026577632098353617,16,8,8,0,0,0,0,0,0,0,0,1,0
1cq1,A,154,ASP,-3.5,111.1,-1.0,1,3,X,0.0,0.0,0.0,0.0,0.0,0.0,0.0,0.0,20,0.025645083603674543,19,4,15,0,0,0,0,0,0,0,0,1,0
1cq1,A,155,GLN,-3.5,143.8,0.0,2,2,X,0.0,0.0,0.0,0.0,0.0,0.0,0.0,0.0,20,0.035436842797804825,22,16,6,0,0,0,0,0,0,0,0,1,0
1cq1,A,156,LYS,-3.9,168.6,1.0,2,0,X,0.0,0.0,0.0,0.0,0.0,0.0,0.0,0.0,28,0.048026247475972325,15,21,-6,0,0,0,0,0,0,0,0,1,0
1cq1,A,157,ILE,4.5,166.7,0.0,0,0,X,0.0,0.0,0.0,0.0,0.0,0.0,0.0,0.0,38,0.05408781269138631,35,14,21,0,0,0,0,0,0,0,0,1,0
1cq1,A,158,TYR,-1.3,193.6,0.0,1,1,X,0.0,0.0,0.0,0.0,0.0,0.0,0.0,0.0,36,0.053155264196707235,32,8,24,0,0,0,0,0,0,0,0,1,0
1cq1,A,159,TYR,-1.3,193.6,0.0,1,1,X,0.0,0.0,0.0,0.0,0.0,0.0,0.0,0.0,39,0.05035761871267001,24,0,24,0,0,0,0,0,0,0,0,1,0
1cq1,A,160,THR,-0.7,116.1,0.0,1,1,X,0.0,0.0,0.0,0.0,0.0,0.0,0.0,0.0,46,0.053621538444046775,37,8,29,0,0,0,0,0,0,0,0,1,0
1cq1,A,161,ILE,4.5,166.7,0.0,0,0,X,0.0,0.0,0.0,0.0,0.0,0.0,0.0,0.0,47,0.058284280917442144,40,9,31,0,0,0,0,0,0,0,0,1,0
1cq1,A,162,GLY,-0.4,60.1,0.0,0,0,X,0.0,0.0,0.0,0.0,0.0,0.0,0.0,0.0,44,0.056419183928083996,48,20,28,0,0,0,0,0,0,0,0,1,0
1cq1,A,163,ASP,-3.5,111.1,-1.0,1,3,X,0.0,0.0,0.0,0.0,0.0,0.0,0.0,0.0,39,0.058750555164781684,51,12,39,0,0,0,0,0,0,0,0,1,0
1cq1,A,164,GLN,-3.5,143.8,0.0,2,2,X,0.0,0.0,0.0,0.0,0.0,0.0,0.0,0.0,41,0.05455408693872585,41,16,25,0,0,0,0,0,0,0,0,1,0
1cq1,A,165,GLY,-0.4,60.1,0.0,0,0,X,0.0,0.0,0.0,0.0,0.0,0.0,0.0,0.0,31,0.05455408693872585,40,16,24,0,0,0,0,0,0,0,0,1,0
1cq1,A,166,ARG,-4.5,173.4,1.0,5,0,X,0.0,0.0,0.0,0.0,0.0,0.0,0.0,0.0,36,0.053155264196707235,22,15,7,0,0,0,0,0,0,0,0,1,0
1cq1,A,167,ASN,-3.5,114.1,0.0,2,2,X,0.0,0.0,0.0,0.0,0.0,0.0,0.0,0.0,34,0.05502036118606539,19,14,5,0,0,0,0,0,0,0,0,1,0
1cq1,A,168,GLN,-3.5,143.8,0.0,2,2,X,0.0,0.0,0.0,0.0,0.0,0.0,0.0,0.0,28,0.03776821403450251,23,23,0,0,0,0,0,0,0,0,0,1,1
1cq1,A,169,LEU,3.8,166.7,0.0,0,0,X,0.0,0.0,0.0,0.0,0.0,0.0,0.0,0.0,21,0.026577632098353617,17,16,1,0,0,0,0,0,0,0,0,1,0
1cq1,A,170,ALA,1.8,88.6,0.0,0,0,X,0.0,0.0,0.0,0.0,0.0,0.0,0.0,0.0,15,0.024246260861655933,15,13,2,0,0,0,0,0,0,0,0,1,0
1cq1,A,171,TYR,-1.3,193.6,0.0,1,1,X,0.0,0.0,0.0,0.0,0.0,0.0,0.0,0.0,20,0.03683566553982344,30,15,15,0,0,0,0,0,0,0,0,1,0
1cq1,A,172,LEU,3.8,166.7,0.0,0,0,X,0.0,0.0,0.0,0.0,0.0,0.0,0.0,0.0,29,0.04196468226055834,21,9,12,0,0,0,0,0,0,0,0,1,0
1cq1,A,173,PHE,2.8,189.9,0.0,0,0,X,0.0,0.0,0.0,0.0,0.0,0.0,0.0,0.0,25,0.04429605349725603,20,5,15,0,0,0,0,0,0,0,0,1,0
1cq1,A,174,LEU,3.8,166.7,0.0,0,0,X,0.0,0.0,0.0,0.0,0.0,0.0,0.0,0.0,23,0.03870076252918159,18,5,13,0,0,0,0,0,0,0,0,1,0
1cq1,A,175,PRO,-1.6,112.7,0.0,0,0,X,0.0,0.0,0.0,0.0,0.0,0.0,0.0,0.0,25,0.04149840801321881,27,6,21,0,0,0,0,0,0,0,0,1,0
1cq1,A,176,ASN,-3.5,114.1,0.0,2,2,X,0.0,0.0,0.0,0.0,0.0,0.0,0.0,0.0,37,0.05035761871267001,44,8,36,0,0,0,0,0,0,0,0,1,0
1cq1,A,177,GLN,-3.5,143.8,0.0,2,2,X,0.0,0.0,0.0,0.0,0.0,0.0,0.0,0.0,34,0.04942507021799094,40,10,30,0,0,0,0,0,0,0,0,1,0
1cq1,A,178,ALA,1.8,88.6,0.0,0,0,X,0.0,0.0,0.0,0.0,0.0,0.0,0.0,0.0,38,0.05781800667010261,48,11,37,0,0,0,0,0,0,0,0,1,0
1cq1,A,179,GLN,-3.5,143.8,0.0,2,2,X,0.0,0.0,0.0,0.0,0.0,0.0,0.0,0.0,33,0.045228601991935104,35,1,34,0,0,0,0,0,0,0,0,1,0
1cq1,A,180,HIS,-3.2,153.2,0.1,2,1,X,0.0,0.0,0.0,0.0,0.0,0.0,0.0,0.0,29,0.03683566553982344,22,3,19,0,0,0,0,0,0,0,0,1,0
1cq1,A,181,THR,-0.7,116.1,0.0,1,1,X,0.0,0.0,0.0,0.0,0.0,0.0,0.0,0.0,34,0.04616115048661418,28,9,19,0,0,0,0,0,0,0,0,1,0
1cq1,A,182,PRO,-1.6,112.7,0.0,0,0,X,0.0,0.0,0.0,0.0,0.0,0.0,0.0,0.0,32,0.04616115048661418,30,17,13,0,0,0,0,0,0,0,0,1,0
1cq1,A,183,THR,-0.7,116.1,0.0,1,1,X,0.0,0.0,0.0,0.0,0.0,0.0,0.0,0.0,22,0.0363693912924839,7,17,-10,0,0,0,0,0,0,0,0,1,0
1cq1,A,184,GLN,-3.5,143.8,0.0,2,2,X,0.0,0.0,0.0,0.0,0.0,0.0,0.0,0.0,19,0.032639197313767604,2,11,-9,0,0,0,0,0,0,0,0,1,0
1cq1,A,185,GLN,-3.5,143.8,0.0,2,2,X,0.0,0.0,0.0,0.0,0.0,0.0,0.0,0.0,10,0.02797645484037223,1,15,-14,0,0,0,0,0,0,0,0,1,0
1cq1,A,186,GLU,-3.5,138.4,-1.0,1,3,X,0.0,0.0,0.0,0.0,0.0,0.0,0.0,0.0,19,0.03730193978716297,17,8,9,0,0,0,0,0,0,0,0,1,0
1cq1,A,187,LEU,3.8,166.7,0.0,0,0,X,0.0,0.0,0.0,0.0,0.0,0.0,0.0,0.0,21,0.04709369898129325,19,17,2,0,0,0,0,0,0,0,0,1,0
1cq1,A,188,ASN,-3.5,114.1,0.0,2,2,X,0.0,0.0,0.0,0.0,0.0,0.0,0.0,0.0,13,0.027510180593032695,9,14,-5,0,0,0,0,0,0,0,0,1,0
1cq1,A,189,GLY,-0.4,60.1,0.0,0,0,X,0.0,0.0,0.0,0.0,0.0,0.0,0.0,0.0,17,0.025645083603674543,14,17,-3,0,0,0,0,0,0,0,0,1,0
1cq1,A,190,LYS,-3.9,168.6,1.0,2,0,X,0.0,0.0,0.0,0.0,0.0,0.0,0.0,0.0,21,0.030307826077069916,9,14,-5,0,0,0,0,0,0,0,0,1,0
1cq1,A,191,ASP,-3.5,111.1,-1.0,1,3,X,0.0,0.0,0.0,0.0,0.0,0.0,0.0,0.0,24,0.03590311704514436,23,9,14,0,0,0,0,0,0,0,0,1,0
1cq1,A,192,TYR,-1.3,193.6,0.0,1,1,X,0.0,0.0,0.0,0.0,0.0,0.0,0.0,0.0,33,0.04755997322863279,30,17,13,0,0,0,0,0,0,0,0,1,0
1cq1,A,193,HIS,-3.2,153.2,0.1,2,1,X,0.0,0.0,0.0,0.0,0.0,0.0,0.0,0.0,27,0.03776821403450251,21,17,4,0,0,0,0,0,0,0,0,1,0
1cq1,A,194,THR,-0.7,116.1,0.0,1,1,X,0.0,0.0,0.0,0.0,0.0,0.0,0.0,0.0,34,0.048958795970651406,39,17,22,0,0,0,0,0,0,0,0,1,0
1cq1,A,195,TYR,-1.3,193.6,0.0,1,1,X,0.0,0.0,0.0,0.0,0.0,0.0,0.0,0.0,43,0.05548663543340492,39,16,23,0,0,0,0,0,0,0,0,1,0
1cq1,A,196,MET,1.9,162.9,0.0,0,0,X,0.0,0.0,0.0,0.0,0.0,0.0,0.0,0.0,43,0.0526889899493677,56,10,46,0,0,0,0,0,0,0,0,1,0
1cq1,A,197,GLY,-0.4,60.1,0.0,0,0,X,0.0,0.0,0.0,0.0,0.0,0.0,0.0,0.0,44,0.05968310365946076,44,13,31,0,0,0,0,0,0,0,0,1,0
1cq1,A,198,LYS,-3.9,168.6,1.0,2,0,X,0.0,0.0,0.0,0.0,0.0,0.0,0.0,0.0,46,0.05688545817542354,31,9,22,0,0,0,0,0,0,0,0,1,0
1cq1,A,199,VAL,4.2,140.0,0.0,0,0,X,0.0,0.0,0.0,0.0,0.0,0.0,0.0,0.0,46,0.053155264196707235,43,2,41,0,0,0,0,0,0,0,0,1,0
1cq1,A,200,LEU,3.8,166.7,0.0,0,0,X,0.0,0.0,0.0,0.0,0.0,0.0,0.0,0.0,43,0.05502036118606539,38,0,38,0,0,0,0,0,0,0,0,1,0
1cq1,A,201,ARG,-4.5,173.4,1.0,5,0,X,0.0,0.0,0.0,0.0,0.0,0.0,0.0,0.0,34,0.05502036118606539,33,16,17,0,0,0,0,0,0,0,0,1,0
1cq1,A,202,LEU,3.8,166.7,0.0,0,0,X,0.0,0.0,0.0,0.0,0.0,0.0,0.0,0.0,34,0.05735173242276307,31,13,18,0,0,0,0,0,0,0,0,1,0
1cq1,A,203,ASN,-3.5,114.1,0.0,2,2,X,0.0,0.0,0.0,0.0,0.0,0.0,0.0,0.0,23,0.04196468226055834,37,20,17,0,0,0,0,0,0,0,0,1,0
1cq1,A,204,LEU,3.8,166.7,0.0,0,0,X,0.0,0.0,0.0,0.0,0.0,0.0,0.0,0.0,30,0.03916703677652112,32,13,19,0,0,0,0,0,0,0,0,1,0
1cq1,A,205,ASP,-3.5,111.1,-1.0,1,3,X,0.0,0.0,0.0,0.0,0.0,0.0,0.0,0.0,20,0.030307826077069916,20,4,16,0,0,0,0,0,0,0,0,1,0
1cq1,A,206,GLY,-0.4,60.1,0.0,0,0,X,0.0,0.0,0.0,0.0,0.0,0.0,0.0,0.0,28,0.03916703677652112,30,13,17,0,0,0,0,0,0,0,0,1,0
1cq1,A,207,SER,-0.8,89.0,0.0,1,1,X,0.0,0.0,0.0,0.0,0.0,0.0,0.0,0.0,23,0.03450429430312575,30,11,19,0,0,0,0,0,0,0,0,1,0
1cq1,A,208,ILE,4.5,166.7,0.0,0,0,X,0.0,0.0,0.0,0.0,0.0,0.0,0.0,0.0,27,0.040099585271200194,34,15,19,0,0,0,0,0,0,0,0,1,0
1cq1,A,209,PRO,-1.6,112.7,0.0,0,0,X,0.0,0.0,0.0,0.0,0.0,0.0,0.0,0.0,27,0.04243095650789788,41,18,23,0,0,0,0,0,0,0,0,1,0
1cq1,A,210,LYS,-3.9,168.6,1.0,2,0,X,0.0,0.0,0.0,0.0,0.0,0.0,0.0,0.0,12,0.026577632098353617,11,8,3,0,0,0,0,0,0,0,0,1,0
1cq1,A,211,ASP,-3.5,111.1,-1.0,1,3,X,0.0,0.0,0.0,0.0,0.0,0.0,0.0,0.0,18,0.026577632098353617,30,6,24,0,0,0,0,0,0,0,0,1,0
1cq1,A,212,ASN,-3.5,114.1,0.0,2,2,X,0.0,0.0,0.0,0.0,0.0,0.0,0.0,0.0,28,0.045228601991935104,43,9,34,0,0,0,0,0,0,0,0,1,0
1cq1,A,213,PRO,-1.6,112.7,0.0,0,0,X,0.0,0.0,0.0,0.0,0.0,0.0,0.0,0.0,27,0.03870076252918159,29,8,21,0,0,0,0,0,0,0,0,1,0
1cq1,A,214,SER,-0.8,89.0,0.0,1,1,X,0.0,0.0,0.0,0.0,0.0,0.0,0.0,0.0,25,0.029375277582390842,12,4,8,0,0,0,0,0,0,0,0,1,0
1cq1,A,215,PHE,2.8,189.9,0.0,0,0,X,0.0,0.0,0.0,0.0,0.0,0.0,0.0,0.0,32,0.03310547156110714,25,0,25,0,0,0,0,0,0,0,0,1,0
1cq1,A,216,ASN,-3.5,114.1,0.0,2,2,X,0.0,0.0,0.0,0.0,0.0,0.0,0.0,0.0,17,0.021914889624958248,10,1,9,0,0,0,0,0,0,0,0,1,0
1cq1,A,217,GLY,-0.4,60.1,0.0,0,0,X,0.0,0.0,0.0,0.0,0.0,0.0,0.0,0.0,14,0.01958351838826056,0,0,0,0,0,0,0,0,0,0,0,1,0
1cq1,A,218,VAL,4.2,140.0,0.0,0,0,X,0.0,0.0,0.0,0.0,0.0,0.0,0.0,0.0,21,0.03450429430312575,3,5,-2,0,0,0,0,0,0,0,0,1,0
1cq1,A,219,VAL,4.2,140.0,0.0,0,0,X,0.0,0.0,0.0,0.0,0.0,0.0,0.0,0.0,24,0.040099585271200194,20,6,14,0,0,0,0,0,0,0,0,1,0
1cq1,A,220,SER,-0.8,89.0,0.0,1,1,X,0.0,0.0,0.0,0.0,0.0,0.0,0.0,0.0,37,0.048958795970651406,28,8,20,0,0,0,0,0,0,0,0,1,0
1cq1,A,221,HIS,-3.2,153.2,0.1,2,1,X,0.0,0.0,0.0,0.0,0.0,0.0,0.0,0.0,37,0.053155264196707235,19,4,15,0,0,0,0,0,0,0,0,1,0
1cq1,A,222,ILE,4.5,166.7,0.0,0,0,X,0.0,0.0,0.0,0.0,0.0,0.0,0.0,0.0,40,0.05548663543340492,36,0,36,0,0,0,0,0,0,0,0,1,0
1cq1,A,223,TYR,-1.3,193.6,0.0,1,1,X,0.0,0.0,0.0,0.0,0.0,0.0,0.0,0.0,34,0.05548663543340492,36,10,26,0,0,0,0,0,0,0,0,1,0
1cq1,A,224,THR,-0.7,116.1,0.0,1,1,X,0.0,0.0,0.0,0.0,0.0,0.0,0.0,0.0,41,0.05595290968074446,37,2,35,0,0,0,0,0,0,0,0,1,0
1cq1,A,225,LEU,3.8,166.7,0.0,0,0,X,0.0,0.0,0.0,0.0,0.0,0.0,0.0,0.0,45,0.05781800667010261,39,3,36,0,0,0,0,0,0,0,0,1,0
1cq1,A,226,GLY,-0.4,60.1,0.0,0,0,X,0.0,0.0,0.0,0.0,0.0,0.0,0.0,0.0,45,0.05548663543340492,33,16,17,0,0,0,0,0,0,0,0,1,0
1cq1,A,227,HIS,-3.2,153.2,0.1,2,1,X,0.0,0.0,0.0,0.0,0.0,0.0,0.0,0.0,46,0.05921682941212122,17,22,-5,0,0,0,0,0,0,0,0,1,0
1cq1,A,228,ARG,-4.5,173.4,1.0,5,0,X,0.0,0.0,0.0,0.0,0.0,0.0,0.0,0.0,46,0.05548663543340492,24,42,-18,0,0,0,0,0,0,0,0,1,1
1cq1,A,229,ASN,-3.5,114.1,0.0,2,2,X,0.0,0.0,0.0,0.0,0.0,0.0,0.0,0.0,39,0.05781800667010261,40,33,7,0,0,0,0,0,0,0,0,1,1
1cq1,A,230,PRO,-1.6,112.7,0.0,0,0,X,0.0,0.0,0.0,0.0,0.0,0.0,0.0,0.0,42,0.05455408693872585,43,24,19,0,0,0,0,0,0,0,0,1,0
1cq1,A,231,GLN,-3.5,143.8,0.0,2,2,X,0.0,0.0,0.0,0.0,0.0,0.0,0.0,0.0,37,0.05175644145468863,47,17,30,0,0,0,0,0,0,0,0,1,1
1cq1,A,232,GLY,-0.4,60.1,0.0,0,0,X,0.0,0.0,0.0,0.0,0.0,0.0,0.0,0.0,41,0.048026247475972325,19,18,1,0,0,0,0,0,0,0,0,1,0
1cq1,A,233,LEU,3.8,166.7,0.0,0,0,X,0.0,0.0,0.0,0.0,0.0,0.0,0.0,0.0,39,0.04942507021799094,17,5,12,0,0,0,0,0,0,0,0,1,0
1cq1,A,234,ALA,1.8,88.6,0.0,0,0,X,0.0,0.0,0.0,0.0,0.0,0.0,0.0,0.0,35,0.04103213376587927,19,0,19,0,0,0,0,0,0,0,0,1,0
1cq1,A,235,PHE,2.8,189.9,0.0,0,0,X,0.0,0.0,0.0,0.0,0.0,0.0,0.0,0.0,30,0.03916703677652112,12,7,5,0,0,0,0,0,0,0,0,1,0
1cq1,A,236,THR,-0.7,116.1,0.0,1,1,X,0.0,0.0,0.0,0.0,0.0,0.0,0.0,0.0,26,0.03916703677652112,16,1,15,0,0,0,0,0,0,0,0,1,0
1cq1,A,237,PRO,-1.6,112.7,0.0,0,0,X,0.0,0.0,0.0,0.0,0.0,0.0,0.0,0.0,19,0.025645083603674543,18,1,17,0,0,0,0,0,0,0,0,1,0
1cq1,A,238,ASN,-3.5,114.1,0.0,2,2,X,0.0,0.0,0.0,0.0,0.0,0.0,0.0,0.0,17,0.02611135785101408,9,4,5,0,0,0,0,0,0,0,0,1,0
1cq1,A,239,GLY,-0.4,60.1,0.0,0,0,X,0.0,0.0,0.0,0.0,0.0,0.0,0.0,0.0,19,0.02797645484037223,9,6,3,0,0,0,0,0,0,0,0,1,0
1cq1,A,240,LYS,-3.9,168.6,1.0,2,0,X,0.0,0.0,0.0,0.0,0.0,0.0,0.0,0.0,24,0.03963331102386066,0,4,-4,0,0,0,0,0,0,0,0,1,0
1cq1,A,241,LEU,3.8,166.7,0.0,0,0,X,0.0,0.0,0.0,0.0,0.0,0.0,0.0,0.0,37,0.043829779249916496,13,2,11,0,0,0,0,0,0,0,0,1,0
1cq1,A,242,LEU,3.8,166.7,0.0,0,0,X,0.0,0.0,0.0,0.0,0.0,0.0,0.0,0.0,39,0.05035761871267001,9,3,6,0,0,0,0,0,0,0,0,1,0
1cq1,A,243,GLN,-3.5,143.8,0.0,2,2,X,0.0,0.0,0.0,0.0,0.0,0.0,0.0,0.0,41,0.05175644145468863,19,22,-3,0,0,0,0,0,0,0,0,1,0
1cq1,A,244,SER,-0.8,89.0,0.0,1,1,X,0.0,0.0,0.0,0.0,0.0,0.0,0.0,0.0,40,0.053155264196707235,16,28,-12,0,0,0,0,0,0,0,0,1,0
1cq1,A,245,GLU,-3.5,138.4,-1.0,1,3,X,0.0,0.0,0.0,0.0,0.0,0.0,0.0,0.0,50,0.058284280917442144,32,27,5,0,0,0,0,0,0,0,0,1,0
1cq1,A,246,GLN,-3.5,143.8,0.0,2,2,X,0.0,0.0,0.0,0.0,0.0,0.0,0.0,0.0,41,0.053155264196707235,34,38,-4,0,0,0,0,0,0,0,0,1,1
1cq1,A,247,GLY,-0.4,60.1,0.0,0,0,X,0.0,0.0,0.0,0.0,0.0,0.0,0.0,0.0,35,0.0526889899493677,23,37,-14,0,0,0,0,0,0,0,0,1,1
1cq1,A,248,PRO,-1.6,112.7,0.0,0,0,X,0.0,0.0,0.0,0.0,0.0,0.0,0.0,0.0,40,0.043363505002576956,19,32,-13,0,0,0,0,0,0,0,0,1,1
1cq1,A,249,ASN,-3.5,114.1,0.0,2,2,X,0.0,0.0,0.0,0.0,0.0,0.0,0.0,0.0,38,0.05035761871267001,9,17,-8,0,0,0,0,0,0,0,0,1,0
1cq1,A,250,SER,-0.8,89.0,0.0,1,1,X,0.0,0.0,0.0,0.0,0.0,0.0,0.0,0.0,44,0.05688545817542354,11,31,-20,0,0,0,0,0,0,0,0,1,0
1cq1,A,251,ASP,-3.5,111.1,-1.0,1,3,X,0.0,0.0,0.0,0.0,0.0,0.0,0.0,0.0,42,0.05455408693872585,13,39,-26,0,0,0,0,0,0,0,0,1,0
1cq1,A,252,ASP,-3.5,111.1,-1.0,1,3,X,0.0,0.0,0.0,0.0,0.0,0.0,0.0,0.0,42,0.05688545817542354,22,31,-9,0,0,0,0,0,0,0,0,1,0
1cq1,A,253,GLU,-3.5,138.4,-1.0,1,3,X,0.0,0.0,0.0,0.0,0.0,0.0,0.0,0.0,43,0.053621538444046775,23,26,-3,0,0,0,0,0,0,0,0,1,0
1cq1,A,254,ILE,4.5,166.7,0.0,0,0,X,0.0,0.0,0.0,0.0,0.0,0.0,0.0,0.0,38,0.050823892960009553,11,34,-23,0,0,0,0,0,0,0,0,1,0
1cq1,A,255,ASN,-3.5,114.1,0.0,2,2,X,0.0,0.0,0.0,0.0,0.0,0.0,0.0,0.0,40,0.05129016720734909,13,23,-10,0,0,0,0,0,0,0,0,1,0
1cq1,A,256,LEU,3.8,166.7,0.0,0,0,X,0.0,0.0,0.0,0.0,0.0,0.0,0.0,0.0,35,0.043363505002576956,12,7,5,0,0,0,0,0,0,0,0,1,0
1cq1,A,257,ILE,4.5,166.7,0.0,0,0,X,0.0,0.0,0.0,0.0,0.0,0.0,0.0,0.0,37,0.04709369898129325,21,2,19,0,0,0,0,0,0,0,0,1,0
1cq1,A,258,VAL,4.2,140.0,0.0,0,0,X,0.0,0.0,0.0,0.0,0.0,0.0,0.0,0.0,36,0.03823448828184205,19,8,11,0,0,0,0,0,0,0,0,1,0
1cq1,A,259,LYS,-3.9,168.6,1.0,2,0,X,0.0,0.0,0.0,0.0,0.0,0.0,0.0,0.0,26,0.035436842797804825,8,15,-7,0,0,0,0,0,0,0,0,1,0
1cq1,A,260,GLY,-0.4,60.1,0.0,0,0,X,0.0,0.0,0.0,0.0,0.0,0.0,0.0,0.0,31,0.043829779249916496,19,5,14,0,0,0,0,0,0,0,0,1,0
1cq1,A,261,GLY,-0.4,60.1,0.0,0,0,X,0.0,0.0,0.0,0.0,0.0,0.0,0.0,0.0,37,0.05129016720734909,30,8,22,0,0,0,0,0,0,0,0,1,0
1cq1,A,262,ASN,-3.5,114.1,0.0,2,2,X,0.0,0.0,0.0,0.0,0.0,0.0,0.0,0.0,41,0.0526889899493677,28,10,18,0,0,0,0,0,0,0,0,1,0
1cq1,A,263,TYR,-1.3,193.6,0.0,1,1,X,0.0,0.0,0.0,0.0,0.0,0.0,0.0,0.0,41,0.05455408693872585,23,13,10,0,0,0,0,0,0,0,0,1,0
1cq1,A,264,GLY,-0.4,60.1,0.0,0,0,X,0.0,0.0,0.0,0.0,0.0,0.0,0.0,0.0,38,0.05688545817542354,30,17,13,0,0,0,0,0,0,0,0,1,0
1cq1,A,265,TRP,-0.9,227.8,0.0,1,0,X,0.0,0.0,0.0,0.0,0.0,0.0,0.0,0.0,44,0.05548663543340492,33,25,8,0,0,0,0,0,0,0,0,1,0
1cq1,A,266,PRO,-1.6,112.7,0.0,0,0,X,0.0,0.0,0.0,0.0,0.0,0.0,0.0,0.0,38,0.050823892960009553,25,15,10,0,0,0,0,0,0,0,0,1,0
1cq1,A,267,ASN,-3.5,114.1,0.0,2,2,X,0.0,0.0,0.0,0.0,0.0,0.0,0.0,0.0,36,0.04942507021799094,17,17,0,0,0,0,0,0,0,0,0,1,0
1cq1,A,268,VAL,4.2,140.0,0.0,0,0,X,0.0,0.0,0.0,0.0,0.0,0.0,0.0,0.0,41,0.05502036118606539,20,40,-20,0,0,0,0,0,0,0,0,1,0
1cq1,A,269,ALA,1.8,88.6,0.0,0,0,X,0.0,0.0,0.0,0.0,0.0,0.0,0.0,0.0,46,0.053155264196707235,18,50,-32,0,0,0,0,0,0,0,0,1,0
1cq1,A,270,GLY,-0.4,60.1,0.0,0,0,X,0.0,0.0,0.0,0.0,0.0,0.0,0.0,0.0,42,0.05129016720734909,13,50,-37,0,0,0,0,0,0,0,0,1,0
1cq1,A,271,TYR,-1.3,193.6,0.0,1,1,X,0.0,0.0,0.0,0.0,0.0,0.0,0.0,0.0,27,0.045228601991935104,23,56,-33,0,0,0,0,0,0,0,0,1,0
1cq1,A,272,LYS,-3.9,168.6,1.0,2,0,X,0.0,0.0,0.0,0.0,0.0,0.0,0.0,0.0,37,0.045228601991935104,10,54,-44,0,0,0,0,0,0,0,0,1,0
1cq1,A,273,ASP,-3.5,111.1,-1.0,1,3,X,0.0,0.0,0.0,0.0,0.0,0.0,0.0,0.0,28,0.04243095650789788,15,35,-20,0,0,0,0,0,0,0,0,1,0
1cq1,A,274,ASP,-3.5,111.1,-1.0,1,3,X,0.0,0.0,0.0,0.0,0.0,0.0,0.0,0.0,30,0.040565859518539735,17,38,-21,0,0,0,0,0,0,0,0,1,0
1cq1,A,275,SER,-0.8,89.0,0.0,1,1,X,0.0,0.0,0.0,0.0,0.0,0.0,0.0,0.0,27,0.04149840801321881,11,43,-32,0,0,0,0,0,0,0,0,1,0
1cq1,A,276,GLY,-0.4,60.1,0.0,0,0,X,0.0,0.0,0.0,0.0,0.0,0.0,0.0,0.0,31,0.05175644145468863,5,38,-33,0,0,0,0,0,0,0,0,1,0
1cq1,A,277,TYR,-1.3,193.6,0.0,1,1,X,0.0,0.0,0.0,0.0,0.0,0.0,0.0,0.0,41,0.04989134446533048,13,37,-24,0,0,0,0,0,0,0,0,1,0
1cq1,A,278,ALA,1.8,88.6,0.0,0,0,X,0.0,0.0,0.0,0.0,0.0,0.0,0.0,0.0,36,0.04989134446533048,15,29,-14,0,0,0,0,0,0,0,0,1,0
1cq1,A,279,TYR,-1.3,193.6,0.0,1,1,X,0.0,0.0,0.0,0.0,0.0,0.0,0.0,0.0,33,0.04755997322863279,8,11,-3,0,0,0,0,0,0,0,0,1,0
1cq1,A,280,ALA,1.8,88.6,0.0,0,0,X,0.0,0.0,0.0,0.0,0.0,0.0,0.0,0.0,36,0.04289723075523742,12,7,5,0,0,0,0,0,0,0,0,1,0
1cq1,A,281,ASN,-3.5,114.1,0.0,2,2,X,0.0,0.0,0.0,0.0,0.0,0.0,0.0,0.0,29,0.043363505002576956,7,0,7,0,0,0,0,0,0,0,0,1,0
1cq1,A,282,TYR,-1.3,193.6,0.0,1,1,X,0.0,0.0,0.0,0.0,0.0,0.0,0.0,0.0,35,0.05035761871267001,20,8,12,0,0,0,0,0,0,0,0,1,0
1cq1,A,283,SER,-0.8,89.0,0.0,1,1,X,0.0,0.0,0.0,0.0,0.0,0.0,0.0,0.0,23,0.03916703677652112,16,0,16,0,0,0,0,0,0,0,0,1,0
1cq1,A,284,ALA,1.8,88.6,0.0,0,0,X,0.0,0.0,0.0,0.0,0.0,0.0,0.0,0.0,21,0.029375277582390842,7,0,7,0,0,0,0,0,0,0,0,1,0
1cq1,A,285,ALA,1.8,88.6,0.0,0,0,X,0.0,0.0,0.0,0.0,0.0,0.0,0.0,0.0,21,0.03916703677652112,10,0,10,0,0,0,0,0,0,0,0,1,0
1cq1,A,286,ALA,1.8,88.6,0.0,0,0,X,0.0,0.0,0.0,0.0,0.0,0.0,0.0,0.0,14,0.023779986614316396,9,0,9,0,0,0,0,0,0,0,0,1,0
1cq1,A,287,ASN,-3.5,114.1,0.0,2,2,X,0.0,0.0,0.0,0.0,0.0,0.0,0.0,0.0,17,0.02844272908771177,18,0,18,0,0,0,0,0,0,0,0,1,0
1cq1,A,288,LYS,-3.9,168.6,1.0,2,0,X,0.0,0.0,0.0,0.0,0.0,0.0,0.0,0.0,15,0.02611135785101408,4,0,4,0,0,0,0,0,0,0,0,1,0
1cq1,A,289,SER,-0.8,89.0,0.0,1,1,X,0.0,0.0,0.0,0.0,0.0,0.0,0.0,0.0,14,0.02098234113027917,18,2,16,0,0,0,0,0,0,0,0,1,0
1cq1,A,290,ILE,4.5,166.7,0.0,0,0,X,0.0,0.0,0.0,0.0,0.0,0.0,0.0,0.0,21,0.03683566553982344,18,8,10,0,0,0,0,0,0,0,0,1,0
1cq1,A,291,LYS,-3.9,168.6,1.0,2,0,X,0.0,0.0,0.0,0.0,0.0,0.0,0.0,0.0,17,0.029375277582390842,6,8,-2,0,0,0,0,0,0,0,0,1,0
1cq1,A,292,ASP,-3.5,111.1,-1.0,1,3,X,0.0,0.0,0.0,0.0,0.0,0.0,0.0,0.0,24,0.03124037457174899,14,0,14,0,0,0,0,0,0,0,0,1,0
1cq1,A,293,LEU,3.8,166.7,0.0,0,0,X,0.0,0.0,0.0,0.0,0.0,0.0,0.0,0.0,20,0.028909003335051305,18,8,10,0,0,0,0,0,0,0,0,1,0
1cq1,A,294,ALA,1.8,88.6,0.0,0,0,X,0.0,0.0,0.0,0.0,0.0,0.0,0.0,0.0,27,0.03450429430312575,12,8,4,0,0,0,0,0,0,0,0,1,0
1cq1,A,295,GLN,-3.5,143.8,0.0,2,2,X,0.0,0.0,0.0,0.0,0.0,0.0,0.0,0.0,27,0.04476232774459557,10,11,-1,0,0,0,0,0,0,0,0,1,0
1cq1,A,296,ASN,-3.5,114.1,0.0,2,2,X,0.0,0.0,0.0,0.0,0.0,0.0,0.0,0.0,38,0.048492521723311866,12,20,-8,0,0,0,0,0,0,0,0,1,0
1cq1,A,297,GLY,-0.4,60.1,0.0,0,0,X,0.0,0.0,0.0,0.0,0.0,0.0,0.0,0.0,34,0.04196468226055834,15,19,-4,0,0,0,0,0,0,0,0,1,0
1cq1,A,298,VAL,4.2,140.0,0.0,0,0,X,0.0,0.0,0.0,0.0,0.0,0.0,0.0,0.0,29,0.03590311704514436,12,12,0,0,0,0,0,0,0,0,0,1,0
1cq1,A,299,LYS,-3.9,168.6,1.0,2,0,X,0.0,0.0,0.0,0.0,0.0,0.0,0.0,0.0,23,0.02844272908771177,0,10,-10,0,0,0,0,0,0,0,0,1,0
1cq1,A,300,VAL,4.2,140.0,0.0,0,0,X,0.0,0.0,0.0,0.0,0.0,0.0,0.0,0.0,23,0.03730193978716297,16,8,8,0,0,0,0,0,0,0,0,1,0
1cq1,A,301,ALA,1.8,88.6,0.0,0,0,X,0.0,0.0,0.0,0.0,0.0,0.0,0.0,0.0,22,0.027510180593032695,16,8,8,0,0,0,0,0,0,0,0,1,0
1cq1,A,302,ALA,1.8,88.6,0.0,0,0,X,0.0,0.0,0.0,0.0,0.0,0.0,0.0,0.0,17,0.017718421398902413,12,1,11,0,0,0,0,0,0,0,0,1,0
1cq1,A,303,GLY,-0.4,60.1,0.0,0,0,X,0.0,0.0,0.0,0.0,0.0,0.0,0.0,0.0,19,0.027043906345693154,7,0,7,0,0,0,0,0,0,0,0,1,0
1cq1,A,304,VAL,4.2,140.0,0.0,0,0,X,0.0,0.0,0.0,0.0,0.0,0.0,0.0,0.0,27,0.04196468226055834,9,5,4,0,0,0,0,0,0,0,0,1,0
1cq1,A,305,PRO,-1.6,112.7,0.0,0,0,X,0.0,0.0,0.0,0.0,0.0,0.0,0.0,0.0,22,0.02844272908771177,1,1,0,0,0,0,0,0,0,0,0,1,0
1cq1,A,306,VAL,4.2,140.0,0.0,0,0,X,0.0,0.0,0.0,0.0,0.0,0.0,0.0,0.0,24,0.032172923066428064,13,9,4,0,0,0,0,0,0,0,0,1,0
1cq1,A,307,THR,-0.7,116.1,0.0,1,1,X,0.0,0.0,0.0,0.0,0.0,0.0,0.0,0.0,22,0.03683566553982344,9,23,-14,0,0,0,0,0,0,0,0,1,0
1cq1,A,308,LYS,-3.9,168.6,1.0,2,0,X,0.0,0.0,0.0,0.0,0.0,0.0,0.0,0.0,24,0.03870076252918159,7,34,-27,0,0,0,0,0,0,0,0,1,0
1cq1,A,309,GLU,-3.5,138.4,-1.0,1,3,X,0.0,0.0,0.0,0.0,0.0,0.0,0.0,0.0,33,0.05408781269138631,18,37,-19,0,0,0,0,0,0,0,0,1,0
1cq1,A,310,SER,-0.8,89.0,0.0,1,1,X,0.0,0.0,0.0,0.0,0.0,0.0,0.0,0.0,26,0.03730193978716297,18,45,-27,0,0,0,0,0,0,0,0,1,0
1cq1,A,311,GLU,-3.5,138.4,-1.0,1,3,X,0.0,0.0,0.0,0.0,0.0,0.0,0.0,0.0,17,0.02984155182973038,13,15,-2,0,0,0,0,0,0,0,0,1,0
1cq1,A,312,TRP,-0.9,227.8,0.0,1,0,X,0.0,0.0,0.0,0.0,0.0,0.0,0.0,0.0,28,0.03403802005578621,22,30,-8,0,0,0,0,0,0,0,0,1,0
1cq1,A,313,THR,-0.7,116.1,0.0,1,1,X,0.0,0.0,0.0,0.0,0.0,0.0,0.0,0.0,17,0.022381163872297785,14,16,-2,0,0,0,0,0,0,0,0,1,0
1cq1,A,314,GLY,-0.4,60.1,0.0,0,0,X,0.0,0.0,0.0,0.0,0.0,0.0,0.0,0.0,21,0.034970568550465285,14,20,-6,0,0,0,0,0,0,0,0,1,0
1cq1,A,315,LYS,-3.9,168.6,1.0,2,0,X,0.0,0.0,0.0,0.0,0.0,0.0,0.0,0.0,23,0.03124037457174899,2,8,-6,0,0,0,0,0,0,0,0,1,0
1cq1,A,316,ASN,-3.5,114.1,0.0,2,2,X,0.0,0.0,0.0,0.0,0.0,0.0,0.0,0.0,31,0.0363693912924839,23,14,9,0,0,0,0,0,0,0,0,1,0
1cq1,A,317,PHE,2.8,189.9,0.0,0,0,X,0.0,0.0,0.0,0.0,0.0,0.0,0.0,0.0,36,0.0526889899493677,21,29,-8,0,0,0,0,0,0,0,0,1,0
1cq1,A,318,VAL,4.2,140.0,0.0,0,0,X,0.0,0.0,0.0,0.0,0.0,0.0,0.0,0.0,41,0.048026247475972325,20,22,-2,0,0,0,0,0,0,0,0,1,0
1cq1,A,319,PRO,-1.6,112.7,0.0,0,0,X,0.0,0.0,0.0,0.0,0.0,0.0,0.0,0.0,31,0.048026247475972325,21,20,1,0,0,0,0,0,0,0,0,1,0
1cq1,A,320,PRO,-1.6,112.7,0.0,0,0,X,0.0,0.0,0.0,0.0,0.0,0.0,0.0,0.0,29,0.045694876239274644,13,31,-18,0,0,0,0,0,0,0,0,1,0
1cq1,A,321,LEU,3.8,166.7,0.0,0,0,X,0.0,0.0,0.0,0.0,0.0,0.0,0.0,0.0,31,0.04243095650789788,11,17,-6,0,0,0,0,0,0,0,0,1,0
1cq1,A,322,LYS,-3.9,168.6,1.0,2,0,X,0.0,0.0,0.0,0.0,0.0,0.0,0.0,0.0,38,0.04149840801321881,12,40,-28,0,0,0,0,0,0,0,0,1,0
1cq1,A,323,THR,-0.7,116.1,0.0,1,1,X,0.0,0.0,0.0,0.0,0.0,0.0,0.0,0.0,34,0.0526889899493677,14,48,-34,0,0,0,0,0,0,0,0,1,0
1cq1,A,324,LEU,3.8,166.7,0.0,0,0,X,0.0,0.0,0.0,0.0,0.0,0.0,0.0,0.0,41,0.053155264196707235,19,42,-23,0,0,0,0,0,0,0,0,1,0
1cq1,A,325,TYR,-1.3,193.6,0.0,1,1,X,0.0,0.0,0.0,0.0,0.0,0.0,0.0,0.0,35,0.053621538444046775,20,32,-12,0,0,0,0,0,0,0,0,1,0
1cq1,A,326,THR,-0.7,116.1,0.0,1,1,X,0.0,0.0,0.0,0.0,0.0,0.0,0.0,0.0,32,0.048492521723311866,10,52,-42,0,0,0,0,0,0,0,0,1,0
1cq1,A,327,VAL,4.2,140.0,0.0,0,0,X,0.0,0.0,0.0,0.0,0.0,0.0,0.0,0.0,31,0.04616115048661418,0,42,-42,0,0,0,0,0,0,0,0,1,0
1cq1,A,328,GLN,-3.5,143.8,0.0,2,2,X,0.0,0.0,0.0,0.0,0.0,0.0,0.0,0.0,19,0.03776821403450251,0,41,-41,0,0,0,0,0,0,0,0,1,0
1cq1,A,329,ASP,-3.5,111.1,-1.0,1,3,X,0.0,0.0,0.0,0.0,0.0,0.0,0.0,0.0,21,0.03450429430312575,8,13,-5,0,0,0,0,0,0,0,0,1,0
1cq1,A,330,THR,-0.7,116.1,0.0,1,1,X,0.0,0.0,0.0,0.0,0.0,0.0,0.0,0.0,10,0.025645083603674543,4,16,-12,0,0,0,0,0,0,0,0,1,0
1cq1,A,331,TYR,-1.3,193.6,0.0,1,1,X,0.0,0.0,0.0,0.0,0.0,0.0,0.0,0.0,25,0.03357174580844668,2,13,-11,0,0,0,0,0,0,0,0,1,0
1cq1,A,332,ASN,-3.5,114.1,0.0,2,2,X,0.0,0.0,0.0,0.0,0.0,0.0,0.0,0.0,19,0.030774100324409453,5,12,-7,0,0,0,0,0,0,0,0,1,0
1cq1,A,333,TYR,-1.3,193.6,0.0,1,1,X,0.0,0.0,0.0,0.0,0.0,0.0,0.0,0.0,31,0.04755997322863279,10,15,-5,0,0,0,0,0,0,0,0,1,0
1cq1,A,334,ASN,-3.5,114.1,0.0,2,2,X,0.0,0.0,0.0,0.0,0.0,0.0,0.0,0.0,22,0.03450429430312575,4,10,-6,0,0,0,0,0,0,0,0,1,0
1cq1,A,335,ASP,-3.5,111.1,-1.0,1,3,X,0.0,0.0,0.0,0.0,0.0,0.0,0.0,0.0,23,0.035436842797804825,1,4,-3,0,0,0,0,0,0,0,0,1,0
1cq1,A,336,PRO,-1.6,112.7,0.0,0,0,X,0.0,0.0,0.0,0.0,0.0,0.0,0.0,0.0,15,0.022847438119637322,0,13,-13,0,0,0,0,0,0,0,0,1,0
1cq1,A,337,THR,-0.7,116.1,0.0,1,1,X,0.0,0.0,0.0,0.0,0.0,0.0,0.0,0.0,20,0.026577632098353617,4,19,-15,0,0,0,0,0,0,0,0,1,0
1cq1,A,338,CYS,2.5,108.5,0.0,1,0,X,0.0,0.0,0.0,0.0,0.0,0.0,0.0,0.0,24,0.04196468226055834,7,18,-11,0,0,0,0,0,0,0,0,1,0
1cq1,A,339,GLY,-0.4,60.1,0.0,0,0,X,0.0,0.0,0.0,0.0,0.0,0.0,0.0,0.0,16,0.028909003335051305,0,17,-17,0,0,0,0,0,0,0,0,1,0
1cq1,A,340,GLU,-3.5,138.4,-1.0,1,3,X,0.0,0.0,0.0,0.0,0.0,0.0,0.0,0.0,13,0.02098234113027917,0,2,-2,0,0,0,0,0,0,0,0,1,0
1cq1,A,341,MET,1.9,162.9,0.0,0,0,X,0.0,0.0,0.0,0.0,0.0,0.0,0.0,0.0,21,0.03357174580844668,2,14,-12,0,0,0,0,0,0,0,0,1,0
1cq1,A,342,THR,-0.7,116.1,0.0,1,1,X,0.0,0.0,0.0,0.0,0.0,0.0,0.0,0.0,26,0.045228601991935104,3,17,-14,0,0,0,0,0,0,0,0,1,0
1cq1,A,343,TYR,-1.3,193.6,0.0,1,1,X,0.0,0.0,0.0,0.0,0.0,0.0,0.0,0.0,29,0.04103213376587927,16,9,7,0,0,0,0,0,0,0,0,1,1
1cq1,A,344,ILE,4.5,166.7,0.0,0,0,X,0.0,0.0,0.0,0.0,0.0,0.0,0.0,0.0,35,0.05035761871267001,32,12,20,0,0,0,0,0,0,0,0,1,0
1cq1,A,345,CYS,2.5,108.5,0.0,1,0,X,0.0,0.0,0.0,0.0,0.0,0.0,0.0,0.0,34,0.04942507021799094,19,13,6,0,0,0,0,0,0,0,0,1,0
1cq1,A,346,TRP,-0.9,227.8,0.0,1,0,X,0.0,0.0,0.0,0.0,0.0,0.0,0.0,0.0,35,0.04989134446533048,11,12,-1,0,0,0,0,0,0,0,0,1,1
1cq1,A,347,PRO,-1.6,112.7,0.0,0,0,X,0.0,0.0,0.0,0.0,0.0,0.0,0.0,0.0,36,0.05129016720734909,11,21,-10,0,0,0,0,0,0,0,0,1,0
1cq1,A,348,THR,-0.7,116.1,0.0,1,1,X,0.0,0.0,0.0,0.0,0.0,0.0,0.0,0.0,38,0.053621538444046775,21,21,0,0,0,0,0,0,0,0,0,1,1
1cq1,A,349,VAL,4.2,140.0,0.0,0,0,X,0.0,0.0,0.0,0.0,0.0,0.0,0.0,0.0,43,0.050823892960009553,20,20,0,0,0,0,0,0,0,0,0,1,0
1cq1,A,350,ALA,1.8,88.6,0.0,0,0,X,0.0,0.0,0.0,0.0,0.0,0.0,0.0,0.0,41,0.045228601991935104,42,20,22,0,0,0,0,0,0,0,0,1,1
1cq1,A,351,PRO,-1.6,112.7,0.0,0,0,X,0.0,0.0,0.0,0.0,0.0,0.0,0.0,0.0,40,0.05222271570202816,22,26,-4,0,0,0,0,0,0,0,0,1,0
1cq1,A,352,SER,-0.8,89.0,0.0,1,1,X,0.0,0.0,0.0,0.0,0.0,0.0,0.0,0.0,40,0.05129016720734909,40,21,19,0,0,0,0,0,0,0,0,1,0
1cq1,A,353,SER,-0.8,89.0,0.0,1,1,X,0.0,0.0,0.0,0.0,0.0,0.0,0.0,0.0,43,0.04989134446533048,29,14,15,0,0,0,0,0,0,0,0,1,0
1cq1,A,354,ALA,1.8,88.6,0.0,0,0,X,0.0,0.0,0.0,0.0,0.0,0.0,0.0,0.0,37,0.05175644145468863,10,12,-2,0,0,0,0,0,0,0,0,1,0
1cq1,A,355,TYR,-1.3,193.6,0.0,1,1,X,0.0,0.0,0.0,0.0,0.0,0.0,0.0,0.0,34,0.045228601991935104,13,8,5,0,0,0,0,0,0,0,0,1,0
1cq1,A,356,VAL,4.2,140.0,0.0,0,0,X,0.0,0.0,0.0,0.0,0.0,0.0,0.0,0.0,29,0.04429605349725603,11,3,8,0,0,0,0,0,0,0,0,1,0
1cq1,A,357,TYR,-1.3,193.6,0.0,1,1,X,0.0,0.0,0.0,0.0,0.0,0.0,0.0,0.0,35,0.045228601991935104,23,13,10,0,0,0,0,0,0,0,0,1,0
1cq1,A,358,LYS,-3.9,168.6,1.0,2,0,X,0.0,0.0,0.0,0.0,0.0,0.0,0.0,0.0,28,0.032639197313767604,1,7,-6,0,0,0,0,0,0,0,0,1,0
1cq1,A,359,GLY,-0.4,60.1,0.0,0,0,X,0.0,0.0,0.0,0.0,0.0,0.0,0.0,0.0,26,0.03870076252918159,23,17,6,0,0,0,0,0,0,0,0,1,0
1cq1,A,360,GLY,-0.4,60.1,0.0,0,0,X,0.0,0.0,0.0,0.0,0.0,0.0,0.0,0.0,17,0.027510180593032695,26,14,12,0,0,0,0,0,0,0,0,1,0
1cq1,A,361,LYS,-3.9,168.6,1.0,2,0,X,0.0,0.0,0.0,0.0,0.0,0.0,0.0,0.0,13,0.021914889624958248,10,8,2,0,0,0,0,0,0,0,0,1,0
1cq1,A,362,LYS,-3.9,168.6,1.0,2,0,X,0.0,0.0,0.0,0.0,0.0,0.0,0.0,0.0,14,0.02984155182973038,9,8,1,0,0,0,0,0,0,0,0,1,0
1cq1,A,363,ALA,1.8,88.6,0.0,0,0,X,0.0,0.0,0.0,0.0,0.0,0.0,0.0,0.0,22,0.03916703677652112,23,16,7,0,0,0,0,0,0,0,0,1,0
1cq1,A,364,ILE,4.5,166.7,0.0,0,0,X,0.0,0.0,0.0,0.0,0.0,0.0,0.0,0.0,29,0.034970568550465285,23,12,11,0,0,0,0,0,0,0,0,1,0
1cq1,A,365,THR,-0.7,116.1,0.0,1,1,X,0.0,0.0,0.0,0.0,0.0,0.0,0.0,0.0,16,0.021914889624958248,10,9,1,0,0,0,0,0,0,0,0,1,0
1cq1,A,366,GLY,-0.4,60.1,0.0,0,0,X,0.0,0.0,0.0,0.0,0.0,0.0,0.0,0.0,18,0.02471253510899547,19,9,10,0,0,0,0,0,0,0,0,1,0
1cq1,A,367,TRP,-0.9,227.8,0.0,1,0,X,0.0,0.0,0.0,0.0,0.0,0.0,0.0,0.0,31,0.04196468226055834,25,9,16,0,0,0,0,0,0,0,0,1,0
1cq1,A,368,GLU,-3.5,138.4,-1.0,1,3,X,0.0,0.0,0.0,0.0,0.0,0.0,0.0,0.0,20,0.03730193978716297,17,4,13,0,0,0,0,0,0,0,0,1,0
1cq1,A,369,ASN,-3.5,114.1,0.0,2,2,X,0.0,0.0,0.0,0.0,0.0,0.0,0.0,0.0,28,0.045228601991935104,18,17,1,0,0,0,0,0,0,0,0,1,0
1cq1,A,370,THR,-0.7,116.1,0.0,1,1,X,0.0,0.0,0.0,0.0,0.0,0.0,0.0,0.0,35,0.05222271570202816,26,14,12,0,0,0,0,0,0,0,0,1,0
1cq1,A,371,LEU,3.8,166.7,0.0,0,0,X,0.0,0.0,0.0,0.0,0.0,0.0,0.0,0.0,43,0.048026247475972325,19,4,15,0,0,0,0,0,0,0,0,1,0
1cq1,A,372,LEU,3.8,166.7,0.0,0,0,X,0.0,0.0,0.0,0.0,0.0,0.0,0.0,0.0,36,0.05035761871267001,14,6,8,0,0,0,0,0,0,0,0,1,0
1cq1,A,373,VAL,4.2,140.0,0.0,0,0,X,0.0,0.0,0.0,0.0,0.0,0.0,0.0,0.0,40,0.05129016720734909,12,16,-4,0,0,0,0,0,0,0,0,1,0
1cq1,A,374,PRO,-1.6,112.7,0.0,0,0,X,0.0,0.0,0.0,0.0,0.0,0.0,0.0,0.0,47,0.05688545817542354,29,11,18,0,0,0,0,0,0,0,0,1,0
1cq1,A,375,SER,-0.8,89.0,0.0,1,1,X,0.0,0.0,0.0,0.0,0.0,0.0,0.0,0.0,43,0.05688545817542354,50,12,38,0,0,0,0,0,0,0,0,1,0
1cq1,A,376,LEU,3.8,166.7,0.0,0,0,X,0.0,0.0,0.0,0.0,0.0,0.0,0.0,0.0,39,0.053621538444046775,39,14,25,0,0,0,0,0,0,0,0,1,1
1cq1,A,377,LYS,-3.9,168.6,1.0,2,0,X,0.0,0.0,0.0,0.0,0.0,0.0,0.0,0.0,42,0.048492521723311866,27,5,22,0,0,0,0,0,0,0,0,1,1
1cq1,A,378,ARG,-4.5,173.4,1.0,5,0,X,0.0,0.0,0.0,0.0,0.0,0.0,0.0,0.0,46,0.053621538444046775,23,7,16,0,0,0,0,0,0,0,0,1,0
1cq1,A,379,GLY,-0.4,60.1,0.0,0,0,X,0.0,0.0,0.0,0.0,0.0,0.0,0.0,0.0,38,0.053621538444046775,50,7,43,0,0,0,0,0,0,0,0,1,0
1cq1,A,380,VAL,4.2,140.0,0.0,0,0,X,0.0,0.0,0.0,0.0,0.0,0.0,0.0,0.0,44,0.06014937790680029,42,1,41,0,0,0,0,0,0,0,0,1,0
1cq1,A,381,ILE,4.5,166.7,0.0,0,0,X,0.0,0.0,0.0,0.0,0.0,0.0,0.0,0.0,44,0.053621538444046775,31,4,27,0,0,0,0,0,0,0,0,1,0
1cq1,A,382,PHE,2.8,189.9,0.0,0,0,X,0.0,0.0,0.0,0.0,0.0,0.0,0.0,0.0,39,0.04942507021799094,25,6,19,0,0,0,0,0,0,0,0,1,0
1cq1,A,383,ARG,-4.5,173.4,1.0,5,0,X,0.0,0.0,0.0,0.0,0.0,0.0,0.0,0.0,31,0.04755997322863279,10,12,-2,0,0,0,0,0,0,0,0,1,0
1cq1,A,384,ILE,4.5,166.7,0.0,0,0,X,0.0,0.0,0.0,0.0,0.0,0.0,0.0,0.0,39,0.04989134446533048,29,20,9,0,0,0,0,0,0,0,0,1,0
1cq1,A,385,LYS,-3.9,168.6,1.0,2,0,X,0.0,0.0,0.0,0.0,0.0,0.0,0.0,0.0,31,0.04942507021799094,21,30,-9,0,0,0,0,0,0,0,0,1,0
1cq1,A,386,LEU,3.8,166.7,0.0,0,0,X,0.0,0.0,0.0,0.0,0.0,0.0,0.0,0.0,37,0.05035761871267001,20,23,-3,0,0,0,0,0,0,0,0,1,0
1cq1,A,387,ASP,-3.5,111.1,-1.0,1,3,X,0.0,0.0,0.0,0.0,0.0,0.0,0.0,0.0,30,0.04429605349725603,18,5,13,0,0,0,0,0,0,0,0,1,0
1cq1,A,388,PRO,-1.6,112.7,0.0,0,0,X,0.0,0.0,0.0,0.0,0.0,0.0,0.0,0.0,19,0.03124037457174899,19,16,3,0,0,0,0,0,0,0,0,1,0
1cq1,A,389,THR,-0.7,116.1,0.0,1,1,X,0.0,0.0,0.0,0.0,0.0,0.0,0.0,0.0,19,0.032639197313767604,14,8,6,0,0,0,0,0,0,0,0,1,0
1cq1,A,390,TYR,-1.3,193.6,0.0,1,1,X,0.0,0.0,0.0,0.0,0.0,0.0,0.0,0.0,28,0.043363505002576956,17,12,5,0,0,0,0,0,0,0,0,1,0
1cq1,A,391,SER,-0.8,89.0,0.0,1,1,X,0.0,0.0,0.0,0.0,0.0,0.0,0.0,0.0,23,0.03823448828184205,15,9,6,0,0,0,0,0,0,0,0,1,0
1cq1,A,392,THR,-0.7,116.1,0.0,1,1,X,0.0,0.0,0.0,0.0,0.0,0.0,0.0,0.0,29,0.04429605349725603,18,12,6,0,0,0,0,0,0,0,0,1,0
1cq1,A,393,THR,-0.7,116.1,0.0,1,1,X,0.0,0.0,0.0,0.0,0.0,0.0,0.0,0.0,33,0.04755997322863279,19,26,-7,0,0,0,0,0,0,0,0,1,0
1cq1,A,394,TYR,-1.3,193.6,0.0,1,1,X,0.0,0.0,0.0,0.0,0.0,0.0,0.0,0.0,29,0.04662742473395372,23,23,0,0,0,0,0,0,0,0,0,1,0
1cq1,A,395,ASP,-3.5,111.1,-1.0,1,3,X,0.0,0.0,0.0,0.0,0.0,0.0,0.0,0.0,28,0.043363505002576956,33,14,19,0,0,0,0,0,0,0,0,1,0
1cq1,A,396,ASP,-3.5,111.1,-1.0,1,3,X,0.0,0.0,0.0,0.0,0.0,0.0,0.0,0.0,30,0.034970568550465285,32,18,14,0,0,0,0,0,0,0,0,1,0
1cq1,A,397,ALA,1.8,88.6,0.0,0,0,X,0.0,0.0,0.0,0.0,0.0,0.0,0.0,0.0,30,0.04149840801321881,29,24,5,0,0,0,0,0,0,0,0,1,0
1cq1,A,398,VAL,4.2,140.0,0.0,0,0,X,0.0,0.0,0.0,0.0,0.0,0.0,0.0,0.0,29,0.03310547156110714,24,16,8,0,0,0,0,0,0,0,0,1,0
1cq1,A,399,PRO,-1.6,112.7,0.0,0,0,X,0.0,0.0,0.0,0.0,0.0,0.0,0.0,0.0,31,0.04616115048661418,41,4,37,0,0,0,0,0,0,0,0,1,0
1cq1,A,400,MET,1.9,162.9,0.0,0,0,X,0.0,0.0,0.0,0.0,0.0,0.0,0.0,0.0,35,0.04662742473395372,28,2,26,0,0,0,0,0,0,0,0,1,0
1cq1,A,401,PHE,2.8,189.9,0.0,0,0,X,0.0,0.0,0.0,0.0,0.0,0.0,0.0,0.0,38,0.045228601991935104,35,13,22,0,0,0,0,0,0,0,0,1,0
1cq1,A,402,LYS,-3.9,168.6,1.0,2,0,X,0.0,0.0,0.0,0.0,0.0,0.0,0.0,0.0,36,0.048492521723311866,33,16,17,0,0,0,0,0,0,0,0,1,0
1cq1,A,403,SER,-0.8,89.0,0.0,1,1,X,0.0,0.0,0.0,0.0,0.0,0.0,0.0,0.0,33,0.043363505002576956,44,16,28,0,0,0,0,0,0,0,0,1,0
1cq1,A,404,ASN,-3.5,114.1,0.0,2,2,X,0.0,0.0,0.0,0.0,0.0,0.0,0.0,0.0,31,0.048492521723311866,38,19,19,0,0,0,0,0,0,0,0,1,0
1cq1,A,405,ASN,-3.5,114.1,0.0,2,2,X,0.0,0.0,0.0,0.0,0.0,0.0,0.0,0.0,38,0.05595290968074446,38,17,21,0,0,0,0,0,0,0,0,1,0
1cq1,A,406,ARG,-4.5,173.4,1.0,5,0,X,0.0,0.0,0.0,0.0,0.0,0.0,0.0,0.0,42,0.05781800667010261,25,10,15,0,0,0,0,0,0,0,0,1,1
1cq1,A,407,TYR,-1.3,193.6,0.0,1,1,X,0.0,0.0,0.0,0.0,0.0,0.0,0.0,0.0,38,0.05688545817542354,42,18,24,0,0,0,0,0,0,0,0,1,0
1cq1,A,408,ARG,-4.5,173.4,1.0,5,0,X,0.0,0.0,0.0,0.0,0.0,0.0,0.0,0.0,40,0.05548663543340492,41,16,25,0,0,0,0,0,0,0,0,1,1
1cq1,A,409,ASP,-3.5,111.1,-1.0,1,3,X,0.0,0.0,0.0,0.0,0.0,0.0,0.0,0.0,42,0.05175644145468863,30,3,27,0,0,0,0,0,0,0,0,1,0
1cq1,A,410,VAL,4.2,140.0,0.0,0,0,X,0.0,0.0,0.0,0.0,0.0,0.0,0.0,0.0,39,0.05408781269138631,13,8,5,0,0,0,0,0,0,0,0,1,0
1cq1,A,411,ILE,4.5,166.7,0.0,0,0,X,0.0,0.0,0.0,0.0,0.0,0.0,0.0,0.0,36,0.045228601991935104,12,8,4,0,0,0,0,0,0,0,0,1,0
1cq1,A,412,ALA,1.8,88.6,0.0,0,0,X,0.0,0.0,0.0,0.0,0.0,0.0,0.0,0.0,33,0.05175644145468863,12,9,3,0,0,0,0,0,0,0,0,1,0
1cq1,A,413,SER,-0.8,89.0,0.0,1,1,X,0.0,0.0,0.0,0.0,0.0,0.0,0.0,0.0,31,0.04243095650789788,26,8,18,0,0,0,0,0,0,0,0,1,0
1cq1,A,414,PRO,-1.6,112.7,0.0,0,0,X,0.0,0.0,0.0,0.0,0.0,0.0,0.0,0.0,23,0.030307826077069916,26,8,18,0,0,0,0,0,0,0,0,1,0
1cq1,A,415,ASP,-3.5,111.1,-1.0,1,3,X,0.0,0.0,0.0,0.0,0.0,0.0,0.0,0.0,18,0.03590311704514436,22,0,22,0,0,0,0,0,0,0,0,1,0
1cq1,A,416,GLY,-0.4,60.1,0.0,0,0,X,0.0,0.0,0.0,0.0,0.0,0.0,0.0,0.0,27,0.04616115048661418,26,8,18,0,0,0,0,0,0,0,0,1,0
1cq1,A,417,ASN,-3.5,114.1,0.0,2,2,X,0.0,0.0,0.0,0.0,0.0,0.0,0.0,0.0,24,0.04289723075523742,24,10,14,0,0,0,0,0,0,0,0,1,0
1cq1,A,418,VAL,4.2,140.0,0.0,0,0,X,0.0,0.0,0.0,0.0,0.0,0.0,0.0,0.0,31,0.04243095650789788,18,13,5,0,0,0,0,0,0,0,0,1,0
1cq1,A,419,LEU,3.8,166.7,0.0,0,0,X,0.0,0.0,0.0,0.0,0.0,0.0,0.0,0.0,36,0.050823892960009553,13,6,7,0,0,0,0,0,0,0,0,1,0
1cq1,A,420,TYR,-1.3,193.6,0.0,1,1,X,0.0,0.0,0.0,0.0,0.0,0.0,0.0,0.0,38,0.04989134446533048,14,6,8,0,0,0,0,0,0,0,0,1,0
1cq1,A,421,VAL,4.2,140.0,0.0,0,0,X,0.0,0.0,0.0,0.0,0.0,0.0,0.0,0.0,42,0.053621538444046775,29,10,19,0,0,0,0,0,0,0,0,1,0
1cq1,A,422,LEU,3.8,166.7,0.0,0,0,X,0.0,0.0,0.0,0.0,0.0,0.0,0.0,0.0,42,0.05548663543340492,34,19,15,0,0,0,0,0,0,0,0,1,0
1cq1,A,423,THR,-0.7,116.1,0.0,1,1,X,0.0,0.0,0.0,0.0,0.0,0.0,0.0,0.0,45,0.05735173242276307,35,19,16,0,0,0,0,0,0,0,0,1,0
1cq1,A,424,ASP,-3.5,111.1,-1.0,1,3,X,0.0,0.0,0.0,0.0,0.0,0.0,0.0,0.0,33,0.05035761871267001,47,5,42,0,0,0,0,0,0,0,0,1,0
1cq1,A,425,THR,-0.7,116.1,0.0,1,1,X,0.0,0.0,0.0,0.0,0.0,0.0,0.0,0.0,27,0.040099585271200194,29,13,16,0,0,0,0,0,0,0,0,1,0
1cq1,A,426,ALA,1.8,88.6,0.0,0,0,X,0.0,0.0,0.0,0.0,0.0,0.0,0.0,0.0,28,0.030774100324409453,25,9,16,0,0,0,0,0,0,0,0,1,0
1cq1,A,427,GLY,-0.4,60.1,0.0,0,0,X,0.0,0.0,0.0,0.0,0.0,0.0,0.0,0.0,26,0.03124037457174899,19,9,10,0,0,0,0,0,0,0,0,1,0
1cq1,A,428,ASN,-3.5,114.1,0.0,2,2,X,0.0,0.0,0.0,0.0,0.0,0.0,0.0,0.0,27,0.04243095650789788,24,6,18,0,0,0,0,0,0,0,0,1,0
1cq1,A,429,VAL,4.2,140.0,0.0,0,0,X,0.0,0.0,0.0,0.0,0.0,0.0,0.0,0.0,34,0.05735173242276307,44,11,33,0,0,0,0,0,0,0,0,1,0
1cq1,A,430,GLN,-3.5,143.8,0.0,2,2,X,0.0,0.0,0.0,0.0,0.0,0.0,0.0,0.0,39,0.05129016720734909,38,17,21,0,0,0,0,0,0,0,0,1,0
1cq1,A,431,LYS,-3.9,168.6,1.0,2,0,X,0.0,0.0,0.0,0.0,0.0,0.0,0.0,0.0,28,0.04289723075523742,12,16,-4,0,0,0,0,0,0,0,0,1,0
1cq1,A,432,ASP,-3.5,111.1,-1.0,1,3,X,0.0,0.0,0.0,0.0,0.0,0.0,0.0,0.0,24,0.03870076252918159,34,8,26,0,0,0,0,0,0,0,0,1,0
1cq1,A,433,ASP,-3.5,111.1,-1.0,1,3,X,0.0,0.0,0.0,0.0,0.0,0.0,0.0,0.0,20,0.028909003335051305,14,8,6,0,0,0,0,0,0,0,0,1,0
1cq1,A,434,GLY,-0.4,60.1,0.0,0,0,X,0.0,0.0,0.0,0.0,0.0,0.0,0.0,0.0,28,0.03776821403450251,25,23,2,0,0,0,0,0,0,0,0,1,0
1cq1,A,435,SER,-0.8,89.0,0.0,1,1,X,0.0,0.0,0.0,0.0,0.0,0.0,0.0,0.0,24,0.0363693912924839,12,20,-8,0,0,0,0,0,0,0,0,1,0
1cq1,A,436,VAL,4.2,140.0,0.0,0,0,X,0.0,0.0,0.0,0.0,0.0,0.0,0.0,0.0,28,0.043829779249916496,15,17,-2,0,0,0,0,0,0,0,0,1,0
1cq1,A,437,THR,-0.7,116.1,0.0,1,1,X,0.0,0.0,0.0,0.0,0.0,0.0,0.0,0.0,27,0.03776821403450251,19,7,12,0,0,0,0,0,0,0,0,1,0
1cq1,A,438,ASN,-3.5,114.1,0.0,2,2,X,0.0,0.0,0.0,0.0,0.0,0.0,0.0,0.0,20,0.03124037457174899,9,1,8,0,0,0,0,0,0,0,0,1,0
1cq1,A,439,THR,-0.7,116.1,0.0,1,1,X,0.0,0.0,0.0,0.0,0.0,0.0,0.0,0.0,21,0.029375277582390842,10,9,1,0,0,0,0,0,0,0,0,1,0
1cq1,A,440,LEU,3.8,166.7,0.0,0,0,X,0.0,0.0,0.0,0.0,0.0,0.0,0.0,0.0,27,0.04476232774459557,13,17,-4,0,0,0,0,0,0,0,0,1,0
1cq1,A,441,GLU,-3.5,138.4,-1.0,1,3,X,0.0,0.0,0.0,0.0,0.0,0.0,0.0,0.0,23,0.03124037457174899,9,1,8,0,0,0,0,0,0,0,0,1,0
1cq1,A,442,ASN,-3.5,114.1,0.0,2,2,X,0.0,0.0,0.0,0.0,0.0,0.0,0.0,0.0,31,0.03916703677652112,15,14,1,0,0,0,0,0,0,0,0,1,0
1cq1,A,443,PRO,-1.6,112.7,0.0,0,0,X,0.0,0.0,0.0,0.0,0.0,0.0,0.0,0.0,27,0.04103213376587927,11,17,-6,0,0,0,0,0,0,0,0,1,0
1cq1,A,444,GLY,-0.4,60.1,0.0,0,0,X,0.0,0.0,0.0,0.0,0.0,0.0,0.0,0.0,31,0.04662742473395372,19,18,1,0,0,0,0,0,0,0,0,1,0
1cq1,A,445,SER,-0.8,89.0,0.0,1,1,X,0.0,0.0,0.0,0.0,0.0,0.0,0.0,0.0,37,0.05129016720734909,21,16,5,0,0,0,0,0,0,0,0,1,0
1cq1,A,446,LEU,3.8,166.7,0.0,0,0,X,0.0,0.0,0.0,0.0,0.0,0.0,0.0,0.0,39,0.05222271570202816,17,5,12,0,0,0,0,0,0,0,0,1,0
1cq1,A,447,ILE,4.5,166.7,0.0,0,0,X,0.0,0.0,0.0,0.0,0.0,0.0,0.0,0.0,38,0.05175644145468863,28,12,16,0,0,0,0,0,0,0,0,1,0
1cq1,A,448,LYS,-3.9,168.6,1.0,2,0,X,0.0,0.0,0.0,0.0,0.0,0.0,0.0,0.0,28,0.048958795970651406,17,12,5,0,0,0,0,0,0,0,0,1,0
1cq1,A,449,PHE,2.8,189.9,0.0,0,0,X,0.0,0.0,0.0,0.0,0.0,0.0,0.0,0.0,35,0.04616115048661418,28,10,18,0,0,0,0,0,0,0,0,1,0
1cq1,A,450,THR,-0.7,116.1,0.0,1,1,X,0.0,0.0,0.0,0.0,0.0,0.0,0.0,0.0,19,0.03683566553982344,27,9,18,0,0,0,0,0,0,0,0,1,0
1cq1,B,1,ASP,-3.5,111.1,-1.0,1,3,X,0.0,0.0,0.0,0.0,0.0,0.0,0.0,0.0,33,0.045694876239274644,18,44,-26,0,0,0,0,0,0,0,0,1,0
1cq1,B,2,VAL,4.2,140.0,0.0,0,0,X,0.0,0.0,0.0,0.0,0.0,0.0,0.0,0.0,29,0.040565859518539735,19,41,-22,0,0,0,0,0,0,0,0,1,0
1cq1,B,3,PRO,-1.6,112.7,0.0,0,0,X,0.0,0.0,0.0,0.0,0.0,0.0,0.0,0.0,32,0.04149840801321881,9,23,-14,0,0,0,0,0,0,0,0,1,0
1cq1,B,4,LEU,3.8,166.7,0.0,0,0,X,0.0,0.0,0.0,0.0,0.0,0.0,0.0,0.0,27,0.034970568550465285,14,12,2,0,0,0,0,0,0,0,0,1,0
1cq1,B,5,THR,-0.7,116.1,0.0,1,1,X,0.0,0.0,0.0,0.0,0.0,0.0,0.0,0.0,19,0.028909003335051305,14,7,7,0,0,0,0,0,0,0,0,1,0
1cq1,B,6,PRO,-1.6,112.7,0.0,0,0,X,0.0,0.0,0.0,0.0,0.0,0.0,0.0,0.0,24,0.0363693912924839,26,17,9,0,0,0,0,0,0,0,0,1,0
1cq1,B,7,SER,-0.8,89.0,0.0,1,1,X,0.0,0.0,0.0,0.0,0.0,0.0,0.0,0.0,17,0.03170664881908853,17,14,3,0,0,0,0,0,0,0,0,1,0
1cq1,B,8,GLN,-3.5,143.8,0.0,2,2,X,0.0,0.0,0.0,0.0,0.0,0.0,0.0,0.0,22,0.032172923066428064,14,3,11,0,0,0,0,0,0,0,0,1,0
1cq1,B,9,PHE,2.8,189.9,0.0,0,0,X,0.0,0.0,0.0,0.0,0.0,0.0,0.0,0.0,35,0.05175644145468863,42,11,31,0,0,0,0,0,0,0,0,1,0
1cq1,B,10,ALA,1.8,88.6,0.0,0,0,X,0.0,0.0,0.0,0.0,0.0,0.0,0.0,0.0,25,0.03870076252918159,36,16,20,0,0,0,0,0,0,0,0,1,0
1cq1,B,11,LYS,-3.9,168.6,1.0,2,0,X,0.0,0.0,0.0,0.0,0.0,0.0,0.0,0.0,18,0.02844272908771177,17,10,7,0,0,0,0,0,0,0,0,1,0
1cq1,B,12,ALA,1.8,88.6,0.0,0,0,X,0.0,0.0,0.0,0.0,0.0,0.0,0.0,0.0,27,0.040099585271200194,31,14,17,0,0,0,0,0,0,0,0,1,0
1cq1,B,13,LYS,-3.9,168.6,1.0,2,0,X,0.0,0.0,0.0,0.0,0.0,0.0,0.0,0.0,26,0.03357174580844668,20,16,4,0,0,0,0,0,0,0,0,1,0
1cq1,B,14,SER,-0.8,89.0,0.0,1,1,X,0.0,0.0,0.0,0.0,0.0,0.0,0.0,0.0,27,0.03590311704514436,34,15,19,0,0,0,0,0,0,0,0,1,0
1cq1,B,15,GLU,-3.5,138.4,-1.0,1,3,X,0.0,0.0,0.0,0.0,0.0,0.0,0.0,0.0,16,0.022381163872297785,24,8,16,0,0,0,0,0,0,0,0,1,0
1cq1,B,16,ASN,-3.5,114.1,0.0,2,2,X,0.0,0.0,0.0,0.0,0.0,0.0,0.0,0.0,19,0.032172923066428064,17,17,0,0,0,0,0,0,0,0,0,1,0
1cq1,B,17,PHE,2.8,189.9,0.0,0,0,X,0.0,0.0,0.0,0.0,0.0,0.0,0.0,0.0,24,0.04196468226055834,29,17,12,0,0,0,0,0,0,0,0,1,0
1cq1,B,18,ASP,-3.5,111.1,-1.0,1,3,X,0.0,0.0,0.0,0.0,0.0,0.0,0.0,0.0,18,0.03403802005578621,34,7,27,0,0,0,0,0,0,0,0,1,0
1cq1,B,19,LYS,-3.9,168.6,1.0,2,0,X,0.0,0.0,0.0,0.0,0.0,0.0,0.0,0.0,24,0.03450429430312575,23,13,10,0,0,0,0,0,0,0,0,1,0
1cq1,B,20,LYS,-3.9,168.6,1.0,2,0,X,0.0,0.0,0.0,0.0,0.0,0.0,0.0,0.0,22,0.032172923066428064,18,12,6,0,0,0,0,0,0,0,0,1,0
1cq1,B,21,VAL,4.2,140.0,0.0,0,0,X,0.0,0.0,0.0,0.0,0.0,0.0,0.0,0.0,23,0.035436842797804825,27,7,20,0,0,0,0,0,0,0,0,1,0
1cq1,B,22,ILE,4.5,166.7,0.0,0,0,X,0.0,0.0,0.0,0.0,0.0,0.0,0.0,0.0,30,0.03823448828184205,23,5,18,0,0,0,0,0,0,0,0,1,0
1cq1,B,23,LEU,3.8,166.7,0.0,0,0,X,0.0,0.0,0.0,0.0,0.0,0.0,0.0,0.0,32,0.03403802005578621,13,2,11,0,0,0,0,0,0,0,0,1,0
1cq1,B,24,SER,-0.8,89.0,0.0,1,1,X,0.0,0.0,0.0,0.0,0.0,0.0,0.0,0.0,28,0.034970568550465285,3,5,-2,0,0,0,0,0,0,0,0,1,0
1cq1,B,25,ASN,-3.5,114.1,0.0,2,2,X,0.0,0.0,0.0,0.0,0.0,0.0,0.0,0.0,18,0.02984155182973038,5,7,-2,0,0,0,0,0,0,0,0,1,0
1cq1,B,26,LEU,3.8,166.7,0.0,0,0,X,0.0,0.0,0.0,0.0,0.0,0.0,0.0,0.0,32,0.03916703677652112,18,15,3,0,0,0,0,0,0,0,0,1,0
1cq1,B,27,ASN,-3.5,114.1,0.0,2,2,X,0.0,0.0,0.0,0.0,0.0,0.0,0.0,0.0,24,0.03916703677652112,32,12,20,0,0,0,0,0,0,0,0,1,0
1cq1,B,28,LYS,-3.9,168.6,1.0,2,0,X,0.0,0.0,0.0,0.0,0.0,0.0,0.0,0.0,35,0.04662742473395372,30,22,8,0,0,0,0,0,0,0,0,1,0
1cq1,B,29,PRO,-1.6,112.7,0.0,0,0,X,0.0,0.0,0.0,0.0,0.0,0.0,0.0,0.0,37,0.05502036118606539,47,24,23,0,0,0,0,0,0,0,0,1,0
1cq1,B,30,HIS,-3.2,153.2,0.1,2,1,X,0.0,0.0,0.0,0.0,0.0,0.0,0.0,0.0,39,0.04942507021799094,41,20,21,0,0,0,0,0,0,0,0,1,0
1cq1,B,31,ALA,1.8,88.6,0.0,0,0,X,0.0,0.0,0.0,0.0,0.0,0.0,0.0,0.0,43,0.048492521723311866,42,15,27,0,0,0,0,0,0,0,0,1,0
1cq1,B,32,LEU,3.8,166.7,0.0,0,0,X,0.0,0.0,0.0,0.0,0.0,0.0,0.0,0.0,36,0.04709369898129325,21,9,12,0,0,0,0,0,0,0,0,1,0
1cq1,B,33,LEU,3.8,166.7,0.0,0,0,X,0.0,0.0,0.0,0.0,0.0,0.0,0.0,0.0,35,0.04429605349725603,9,8,1,0,0,0,0,0,0,0,0,1,0
1cq1,B,34,TRP,-0.9,227.8,0.0,1,0,X,0.0,0.0,0.0,0.0,0.0,0.0,0.0,0.0,26,0.045694876239274644,3,10,-7,0,0,0,0,0,0,0,0,1,0
1cq1,B,35,GLY,-0.4,60.1,0.0,0,0,X,0.0,0.0,0.0,0.0,0.0,0.0,0.0,0.0,26,0.04429605349725603,13,8,5,0,0,0,0,0,0,0,0,1,0
1cq1,B,36,PRO,-1.6,112.7,0.0,0,0,X,0.0,0.0,0.0,0.0,0.0,0.0,0.0,0.0,24,0.03590311704514436,19,12,7,0,0,0,0,0,0,0,0,1,0
1cq1,B,37,ASP,-3.5,111.1,-1.0,1,3,X,0.0,0.0,0.0,0.0,0.0,0.0,0.0,0.0,20,0.02984155182973038,21,3,18,0,0,0,0,0,0,0,0,1,0
1cq1,B,38,ASN,-3.5,114.1,0.0,2,2,X,0.0,0.0,0.0,0.0,0.0,0.0,0.0,0.0,21,0.03170664881908853,6,10,-4,0,0,0,0,0,0,0,0,1,0
1cq1,B,39,GLN,-3.5,143.8,0.0,2,2,X,0.0,0.0,0.0,0.0,0.0,0.0,0.0,0.0,28,0.04755997322863279,14,16,-2,0,0,0,0,0,0,0,0,1,0
1cq1,B,40,ILE,4.5,166.7,0.0,0,0,X,0.0,0.0,0.0,0.0,0.0,0.0,0.0,0.0,39,0.05455408693872585,14,10,4,0,0,0,0,0,0,0,0,1,0
1cq1,B,41,TRP,-0.9,227.8,0.0,1,0,X,0.0,0.0,0.0,0.0,0.0,0.0,0.0,0.0,34,0.05222271570202816,20,11,9,0,0,0,0,0,0,0,0,1,0
1cq1,B,42,LEU,3.8,166.7,0.0,0,0,X,0.0,0.0,0.0,0.0,0.0,0.0,0.0,0.0,44,0.04755997322863279,30,12,18,0,0,0,0,0,0,0,0,1,0
1cq1,B,43,THR,-0.7,116.1,0.0,1,1,X,0.0,0.0,0.0,0.0,0.0,0.0,0.0,0.0,39,0.0526889899493677,40,12,28,0,0,0,0,0,0,0,0,1,0
1cq1,B,44,GLU,-3.5,138.4,-1.0,1,3,X,0.0,0.0,0.0,0.0,0.0,0.0,0.0,0.0,35,0.053621538444046775,39,0,39,0,0,0,0,0,0,0,0,1,0
1cq1,B,45,ARG,-4.5,173.4,1.0,5,0,X,0.0,0.0,0.0,0.0,0.0,0.0,0.0,0.0,35,0.0526889899493677,31,21,10,0,0,0,0,0,0,0,0,1,0
1cq1,B,46,ALA,1.8,88.6,0.0,0,0,X,0.0,0.0,0.0,0.0,0.0,0.0,0.0,0.0,29,0.04476232774459557,35,17,18,0,0,0,0,0,0,0,0,1,0
1cq1,B,47,THR,-0.7,116.1,0.0,1,1,X,0.0,0.0,0.0,0.0,0.0,0.0,0.0,0.0,27,0.040099585271200194,30,13,17,0,0,0,0,0,0,0,0,1,0
1cq1,B,48,GLY,-0.4,60.1,0.0,0,0,X,0.0,0.0,0.0,0.0,0.0,0.0,0.0,0.0,37,0.04755997322863279,22,14,8,0,0,0,0,0,0,0,0,1,0
1cq1,B,49,LYS,-3.9,168.6,1.0,2,0,X,0.0,0.0,0.0,0.0,0.0,0.0,0.0,0.0,24,0.048026247475972325,14,9,5,0,0,0,0,0,0,0,0,1,0
1cq1,B,50,ILE,4.5,166.7,0.0,0,0,X,0.0,0.0,0.0,0.0,0.0,0.0,0.0,0.0,37,0.05222271570202816,27,11,16,0,0,0,0,0,0,0,0,1,0
1cq1,B,51,LEU,3.8,166.7,0.0,0,0,X,0.0,0.0,0.0,0.0,0.0,0.0,0.0,0.0,35,0.05129016720734909,30,9,21,0,0,0,0,0,0,0,0,1,0
1cq1,B,52,ARG,-4.5,173.4,1.0,5,0,X,0.0,0.0,0.0,0.0,0.0,0.0,0.0,0.0,28,0.050823892960009553,9,15,-6,0,0,0,0,0,0,0,0,1,0
1cq1,B,53,VAL,4.2,140.0,0.0,0,0,X,0.0,0.0,0.0,0.0,0.0,0.0,0.0,0.0,31,0.050823892960009553,18,10,8,0,0,0,0,0,0,0,0,1,0
1cq1,B,54,ASN,-3.5,114.1,0.0,2,2,X,0.0,0.0,0.0,0.0,0.0,0.0,0.0,0.0,21,0.03916703677652112,16,14,2,0,0,0,0,0,0,0,0,1,0
1cq1,B,55,PRO,-1.6,112.7,0.0,0,0,X,0.0,0.0,0.0,0.0,0.0,0.0,0.0,0.0,28,0.040565859518539735,15,11,4,0,0,0,0,0,0,0,0,1,0
1cq1,B,56,GLU,-3.5,138.4,-1.0,1,3,X,0.0,0.0,0.0,0.0,0.0,0.0,0.0,0.0,14,0.024246260861655933,7,0,7,0,0,0,0,0,0,0,0,1,0
1cq1,B,57,SER,-0.8,89.0,0.0,1,1,X,0.0,0.0,0.0,0.0,0.0,0.0,0.0,0.0,17,0.02331371236697686,10,9,1,0,0,0,0,0,0,0,0,1,0
1cq1,B,58,GLY,-0.4,60.1,0.0,0,0,X,0.0,0.0,0.0,0.0,0.0,0.0,0.0,0.0,22,0.03403802005578621,20,7,13,0,0,0,0,0,0,0,0,1,0
1cq1,B,59,SER,-0.8,89.0,0.0,1,1,X,0.0,0.0,0.0,0.0,0.0,0.0,0.0,0.0,17,0.026577632098353617,17,6,11,0,0,0,0,0,0,0,0,1,0
1cq1,B,60,VAL,4.2,140.0,0.0,0,0,X,0.0,0.0,0.0,0.0,0.0,0.0,0.0,0.0,22,0.03170664881908853,20,1,19,0,0,0,0,0,0,0,0,1,0
1cq1,B,61,LYS,-3.9,168.6,1.0,2,0,X,0.0,0.0,0.0,0.0,0.0,0.0,0.0,0.0,23,0.030774100324409453,12,9,3,0,0,0,0,0,0,0,0,1,0
1cq1,B,62,THR,-0.7,116.1,0.0,1,1,X,0.0,0.0,0.0,0.0,0.0,0.0,0.0,0.0,21,0.03310547156110714,29,12,17,0,0,0,0,0,0,0,0,1,0
1cq1,B,63,VAL,4.2,140.0,0.0,0,0,X,0.0,0.0,0.0,0.0,0.0,0.0,0.0,0.0,27,0.04476232774459557,28,10,18,0,0,0,0,0,0,0,0,1,0
1cq1,B,64,PHE,2.8,189.9,0.0,0,0,X,0.0,0.0,0.0,0.0,0.0,0.0,0.0,0.0,33,0.03823448828184205,16,12,4,0,0,0,0,0,0,0,0,1,0
1cq1,B,65,GLN,-3.5,143.8,0.0,2,2,X,0.0,0.0,0.0,0.0,0.0,0.0,0.0,0.0,20,0.03870076252918159,11,15,-4,0,0,0,0,0,0,0,0,1,0
1cq1,B,66,VAL,4.2,140.0,0.0,0,0,X,0.0,0.0,0.0,0.0,0.0,0.0,0.0,0.0,31,0.04289723075523742,20,14,6,0,0,0,0,0,0,0,0,1,0
1cq1,B,67,PRO,-1.6,112.7,0.0,0,0,X,0.0,0.0,0.0,0.0,0.0,0.0,0.0,0.0,20,0.02984155182973038,11,10,1,0,0,0,0,0,0,0,0,1,0
1cq1,B,68,GLU,-3.5,138.4,-1.0,1,3,X,0.0,0.0,0.0,0.0,0.0,0.0,0.0,0.0,17,0.027043906345693154,13,0,13,0,0,0,0,0,0,0,0,1,0
1cq1,B,69,ILE,4.5,166.7,0.0,0,0,X,0.0,0.0,0.0,0.0,0.0,0.0,0.0,0.0,30,0.043829779249916496,22,15,7,0,0,0,0,0,0,0,0,1,0
1cq1,B,70,VAL,4.2,140.0,0.0,0,0,X,0.0,0.0,0.0,0.0,0.0,0.0,0.0,0.0,31,0.03870076252918159,17,16,1,0,0,0,0,0,0,0,0,1,0
1cq1,B,71,ASN,-3.5,114.1,0.0,2,2,X,0.0,0.0,0.0,0.0,0.0,0.0,0.0,0.0,27,0.04103213376587927,28,20,8,0,0,0,0,0,0,0,0,1,0
1cq1,B,72,ASP,-3.5,111.1,-1.0,1,3,X,0.0,0.0,0.0,0.0,0.0,0.0,0.0,0.0,22,0.03170664881908853,20,10,10,0,0,0,0,0,0,0,0,1,0
1cq1,B,73,ALA,1.8,88.6,0.0,0,0,X,0.0,0.0,0.0,0.0,0.0,0.0,0.0,0.0,14,0.021914889624958248,21,16,5,0,0,0,0,0,0,0,0,1,0
1cq1,B,74,ASP,-3.5,111.1,-1.0,1,3,X,0.0,0.0,0.0,0.0,0.0,0.0,0.0,0.0,13,0.022847438119637322,15,13,2,0,0,0,0,0,0,0,0,1,0
1cq1,B,75,GLY,-0.4,60.1,0.0,0,0,X,0.0,0.0,0.0,0.0,0.0,0.0,0.0,0.0,24,0.03683566553982344,32,24,8,0,0,0,0,0,0,0,0,1,0
1cq1,B,76,GLN,-3.5,143.8,0.0,2,2,X,0.0,0.0,0.0,0.0,0.0,0.0,0.0,0.0,35,0.04429605349725603,46,26,20,0,0,0,0,0,0,0,0,1,1
1cq1,B,77,ASN,-3.5,114.1,0.0,2,2,X,0.0,0.0,0.0,0.0,0.0,0.0,0.0,0.0,34,0.053621538444046775,34,24,10,0,0,0,0,0,0,0,0,1,0
1cq1,B,78,GLY,-0.4,60.1,0.0,0,0,X,0.0,0.0,0.0,0.0,0.0,0.0,0.0,0.0,41,0.048958795970651406,29,16,13,0,0,0,0,0,0,0,0,1,0
1cq1,B,79,LEU,3.8,166.7,0.0,0,0,X,0.0,0.0,0.0,0.0,0.0,0.0,0.0,0.0,43,0.05781800667010261,32,10,22,0,0,0,0,0,0,0,0,1,0
1cq1,B,80,LEU,3.8,166.7,0.0,0,0,X,0.0,0.0,0.0,0.0,0.0,0.0,0.0,0.0,44,0.048492521723311866,36,4,32,0,0,0,0,0,0,0,0,1,0
1cq1,B,81,GLY,-0.4,60.1,0.0,0,0,X,0.0,0.0,0.0,0.0,0.0,0.0,0.0,0.0,43,0.05035761871267001,35,4,31,0,0,0,0,0,0,0,0,1,0
1cq1,B,82,PHE,2.8,189.9,0.0,0,0,X,0.0,0.0,0.0,0.0,0.0,0.0,0.0,0.0,39,0.048026247475972325,23,4,19,0,0,0,0,0,0,0,0,1,0
1cq1,B,83,ALA,1.8,88.6,0.0,0,0,X,0.0,0.0,0.0,0.0,0.0,0.0,0.0,0.0,40,0.040565859518539735,26,0,26,0,0,0,0,0,0,0,0,1,0
1cq1,B,84,PHE,2.8,189.9,0.0,0,0,X,0.0,0.0,0.0,0.0,0.0,0.0,0.0,0.0,33,0.04709369898129325,12,10,2,0,0,0,0,0,0,0,0,1,0
1cq1,B,85,HIS,-3.2,153.2,0.1,2,1,X,0.0,0.0,0.0,0.0,0.0,0.0,0.0,0.0,23,0.04662742473395372,16,8,8,0,0,0,0,0,0,0,0,1,0
1cq1,B,86,PRO,-1.6,112.7,0.0,0,0,X,0.0,0.0,0.0,0.0,0.0,0.0,0.0,0.0,21,0.029375277582390842,20,10,10,0,0,0,0,0,0,0,0,1,0
1cq1,B,87,ASP,-3.5,111.1,-1.0,1,3,X,0.0,0.0,0.0,0.0,0.0,0.0,0.0,0.0,14,0.032172923066428064,19,0,19,0,0,0,0,0,0,0,0,1,0
1cq1,B,88,PHE,2.8,189.9,0.0,0,0,X,0.0,0.0,0.0,0.0,0.0,0.0,0.0,0.0,24,0.04243095650789788,23,15,8,0,0,0,0,0,0,0,0,1,0
1cq1,B,89,LYS,-3.9,168.6,1.0,2,0,X,0.0,0.0,0.0,0.0,0.0,0.0,0.0,0.0,15,0.027043906345693154,12,12,0,0,0,0,0,0,0,0,0,1,0
1cq1,B,90,ASN,-3.5,114.1,0.0,2,2,X,0.0,0.0,0.0,0.0,0.0,0.0,0.0,0.0,8,0.02611135785101408,18,8,10,0,0,0,0,0,0,0,0,1,0
1cq1,B,91,ASN,-3.5,114.1,0.0,2,2,X,0.0,0.0,0.0,0.0,0.0,0.0,0.0,0.0,19,0.0363693912924839,23,8,15,0,0,0,0,0,0,0,0,1,0
1cq1,B,92,PRO,-1.6,112.7,0.0,0,0,X,0.0,0.0,0.0,0.0,0.0,0.0,0.0,0.0,23,0.04616115048661418,31,14,17,0,0,0,0,0,0,0,0,1,0
1cq1,B,93,TYR,-1.3,193.6,0.0,1,1,X,0.0,0.0,0.0,0.0,0.0,0.0,0.0,0.0,26,0.053621538444046775,34,13,21,0,0,0,0,0,0,0,0,1,0
1cq1,B,94,ILE,4.5,166.7,0.0,0,0,X,0.0,0.0,0.0,0.0,0.0,0.0,0.0,0.0,37,0.053621538444046775,28,5,23,0,0,0,0,0,0,0,0,1,0
1cq1,B,95,TYR,-1.3,193.6,0.0,1,1,X,0.0,0.0,0.0,0.0,0.0,0.0,0.0,0.0,38,0.05035761871267001,32,4,28,0,0,0,0,0,0,0,0,1,0
1cq1,B,96,ILE,4.5,166.7,0.0,0,0,X,0.0,0.0,0.0,0.0,0.0,0.0,0.0,0.0,41,0.0526889899493677,20,6,14,0,0,0,0,0,0,0,0,1,0
1cq1,B,97,SER,-0.8,89.0,0.0,1,1,X,0.0,0.0,0.0,0.0,0.0,0.0,0.0,0.0,46,0.04942507021799094,27,1,26,0,0,0,0,0,0,0,0,1,0
1cq1,B,98,GLY,-0.4,60.1,0.0,0,0,X,0.0,0.0,0.0,0.0,0.0,0.0,0.0,0.0,42,0.0526889899493677,21,8,13,0,0,0,0,0,0,0,0,1,0
1cq1,B,99,THR,-0.7,116.1,0.0,1,1,X,0.0,0.0,0.0,0.0,0.0,0.0,0.0,0.0,38,0.05502036118606539,20,11,9,0,0,0,0,0,0,0,0,1,0
1cq1,B,100,PHE,2.8,189.9,0.0,0,0,X,0.0,0.0,0.0,0.0,0.0,0.0,0.0,0.0,33,0.048026247475972325,16,13,3,0,0,0,0,0,0,0,0,1,0
1cq1,B,101,LYS,-3.9,168.6,1.0,2,0,X,0.0,0.0,0.0,0.0,0.0,0.0,0.0,0.0,15,0.0363693912924839,6,8,-2,0,0,0,0,0,0,0,0,1,0
1cq1,B,102,ASN,-3.5,114.1,0.0,2,2,X,0.0,0.0,0.0,0.0,0.0,0.0,0.0,0.0,17,0.03124037457174899,18,0,18,0,0,0,0,0,0,0,0,1,0
1cq1,B,103,PRO,-1.6,112.7,0.0,0,0,X,0.0,0.0,0.0,0.0,0.0,0.0,0.0,0.0,10,0.019117244140921023,18,0,18,0,0,0,0,0,0,0,0,1,0
1cq1,B,104,LYS,-3.9,168.6,1.0,2,0,X,0.0,0.0,0.0,0.0,0.0,0.0,0.0,0.0,10,0.014454501667525653,7,0,7,0,0,0,0,0,0,0,0,1,0
1cq1,B,111,PRO,-1.6,112.7,0.0,0,0,X,0.0,0.0,0.0,0.0,0.0,0.0,0.0,0.0,18,0.02098234113027917,16,3,13,0,0,0,0,0,0,0,0,1,0
1cq1,B,112,ASN,-3.5,114.1,0.0,2,2,X,0.0,0.0,0.0,0.0,0.0,0.0,0.0,0.0,27,0.03870076252918159,17,6,11,0,0,0,0,0,0,0,0,1,0
1cq1,B,113,GLN,-3.5,143.8,0.0,2,2,X,0.0,0.0,0.0,0.0,0.0,0.0,0.0,0.0,30,0.04616115048661418,18,5,13,0,0,0,0,0,0,0,0,1,0
1cq1,B,114,THR,-0.7,116.1,0.0,1,1,X,0.0,0.0,0.0,0.0,0.0,0.0,0.0,0.0,39,0.04989134446533048,9,2,7,0,0,0,0,0,0,0,0,1,0
1cq1,B,115,ILE,4.5,166.7,0.0,0,0,X,0.0,0.0,0.0,0.0,0.0,0.0,0.0,0.0,37,0.05222271570202816,17,9,8,0,0,0,0,0,0,0,0,1,0
1cq1,B,116,ILE,4.5,166.7,0.0,0,0,X,0.0,0.0,0.0,0.0,0.0,0.0,0.0,0.0,42,0.053621538444046775,23,12,11,0,0,0,0,0,0,0,0,1,0
1cq1,B,117,ARG,-4.5,173.4,1.0,5,0,X,0.0,0.0,0.0,0.0,0.0,0.0,0.0,0.0,30,0.05129016720734909,12,10,2,0,0,0,0,0,0,0,0,1,0
1cq1,B,118,ARG,-4.5,173.4,1.0,5,0,X,0.0,0.0,0.0,0.0,0.0,0.0,0.0,0.0,29,0.05175644145468863,21,19,2,0,0,0,0,0,0,0,0,1,0
1cq1,B,119,TYR,-1.3,193.6,0.0,1,1,X,0.0,0.0,0.0,0.0,0.0,0.0,0.0,0.0,33,0.05455408693872585,29,15,14,0,0,0,0,0,0,0,0,1,0
1cq1,B,120,THR,-0.7,116.1,0.0,1,1,X,0.0,0.0,0.0,0.0,0.0,0.0,0.0,0.0,23,0.048026247475972325,26,10,16,0,0,0,0,0,0,0,0,1,0
1cq1,B,121,TYR,-1.3,193.6,0.0,1,1,X,0.0,0.0,0.0,0.0,0.0,0.0,0.0,0.0,25,0.04989134446533048,19,23,-4,0,0,0,0,0,0,0,0,1,0
1cq1,B,122,ASN,-3.5,114.1,0.0,2,2,X,0.0,0.0,0.0,0.0,0.0,0.0,0.0,0.0,17,0.03916703677652112,17,17,0,0,0,0,0,0,0,0,0,1,0
1cq1,B,123,LYS,-3.9,168.6,1.0,2,0,X,0.0,0.0,0.0,0.0,0.0,0.0,0.0,0.0,13,0.027043906345693154,4,13,-9,0,0,0,0,0,0,0,0,1,0
1cq1,B,124,SER,-0.8,89.0,0.0,1,1,X,0.0,0.0,0.0,0.0,0.0,0.0,0.0,0.0,9,0.02098234113027917,10,12,-2,0,0,0,0,0,0,0,0,1,0
1cq1,B,125,THR,-0.7,116.1,0.0,1,1,X,0.0,0.0,0.0,0.0,0.0,0.0,0.0,0.0,13,0.02471253510899547,13,15,-2,0,0,0,0,0,0,0,0,1,0
1cq1,B,126,ASP,-3.5,111.1,-1.0,1,3,X,0.0,0.0,0.0,0.0,0.0,0.0,0.0,0.0,19,0.03450429430312575,26,7,19,0,0,0,0,0,0,0,0,1,0
1cq1,B,127,THR,-0.7,116.1,0.0,1,1,X,0.0,0.0,0.0,0.0,0.0,0.0,0.0,0.0,22,0.04289723075523742,15,17,-2,0,0,0,0,0,0,0,0,1,0
1cq1,B,128,LEU,3.8,166.7,0.0,0,0,X,0.0,0.0,0.0,0.0,0.0,0.0,0.0,0.0,32,0.04616115048661418,18,17,1,0,0,0,0,0,0,0,0,1,0
1cq1,B,129,GLU,-3.5,138.4,-1.0,1,3,X,0.0,0.0,0.0,0.0,0.0,0.0,0.0,0.0,19,0.03730193978716297,18,4,14,0,0,0,0,0,0,0,0,1,0
1cq1,B,130,LYS,-3.9,168.6,1.0,2,0,X,0.0,0.0,0.0,0.0,0.0,0.0,0.0,0.0,15,0.027043906345693154,12,10,2,0,0,0,0,0,0,0,0,1,0
1cq1,B,131,PRO,-1.6,112.7,0.0,0,0,X,0.0,0.0,0.0,0.0,0.0,0.0,0.0,0.0,20,0.0363693912924839,31,17,14,0,0,0,0,0,0,0,0,1,0
1cq1,B,132,VAL,4.2,140.0,0.0,0,0,X,0.0,0.0,0.0,0.0,0.0,0.0,0.0,0.0,20,0.034970568550465285,29,16,13,0,0,0,0,0,0,0,0,1,0
1cq1,B,133,ASP,-3.5,111.1,-1.0,1,3,X,0.0,0.0,0.0,0.0,0.0,0.0,0.0,0.0,23,0.032639197313767604,21,3,18,0,0,0,0,0,0,0,0,1,0
1cq1,B,134,LEU,3.8,166.7,0.0,0,0,X,0.0,0.0,0.0,0.0,0.0,0.0,0.0,0.0,30,0.03916703677652112,28,16,12,0,0,0,0,0,0,0,0,1,0
1cq1,B,135,LEU,3.8,166.7,0.0,0,0,X,0.0,0.0,0.0,0.0,0.0,0.0,0.0,0.0,33,0.04103213376587927,28,14,14,0,0,0,0,0,0,0,0,1,0
1cq1,B,136,ALA,1.8,88.6,0.0,0,0,X,0.0,0.0,0.0,0.0,0.0,0.0,0.0,0.0,30,0.03776821403450251,25,11,14,0,0,0,0,0,0,0,0,1,0
1cq1,B,137,GLY,-0.4,60.1,0.0,0,0,X,0.0,0.0,0.0,0.0,0.0,0.0,0.0,0.0,30,0.03916703677652112,26,11,15,0,0,0,0,0,0,0,0,1,0
1cq1,B,138,LEU,3.8,166.7,0.0,0,0,X,0.0,0.0,0.0,0.0,0.0,0.0,0.0,0.0,35,0.048026247475972325,16,5,11,0,0,0,0,0,0,0,0,1,0
1cq1,B,139,PRO,-1.6,112.7,0.0,0,0,X,0.0,0.0,0.0,0.0,0.0,0.0,0.0,0.0,40,0.04243095650789788,22,10,12,0,0,0,0,0,0,0,0,1,0
1cq1,B,140,SER,-0.8,89.0,0.0,1,1,X,0.0,0.0,0.0,0.0,0.0,0.0,0.0,0.0,38,0.045228601991935104,21,11,10,0,0,0,0,0,0,0,0,1,0
1cq1,B,141,SER,-0.8,89.0,0.0,1,1,X,0.0,0.0,0.0,0.0,0.0,0.0,0.0,0.0,33,0.04196468226055834,25,24,1,0,0,0,0,0,0,0,0,1,0
1cq1,B,142,LYS,-3.9,168.6,1.0,2,0,X,0.0,0.0,0.0,0.0,0.0,0.0,0.0,0.0,24,0.045228601991935104,10,24,-14,0,0,0,0,0,0,0,0,1,0
1cq1,B,143,ASP,-3.5,111.1,-1.0,1,3,X,0.0,0.0,0.0,0.0,0.0,0.0,0.0,0.0,28,0.045228601991935104,37,14,23,0,0,0,0,0,0,0,0,1,1
1cq1,B,144,HIS,-3.2,153.2,0.1,2,1,X,0.0,0.0,0.0,0.0,0.0,0.0,0.0,0.0,33,0.05175644145468863,27,21,6,0,0,0,0,0,0,0,0,1,1
1cq1,B,145,GLN,-3.5,143.8,0.0,2,2,X,0.0,0.0,0.0,0.0,0.0,0.0,0.0,0.0,44,0.056419183928083996,32,16,16,0,0,0,0,0,0,0,0,1,0
1cq1,B,146,SER,-0.8,89.0,0.0,1,1,X,0.0,0.0,0.0,0.0,0.0,0.0,0.0,0.0,46,0.04942507021799094,46,20,26,0,0,0,0,0,0,0,0,1,0
1cq1,B,147,GLY,-0.4,60.1,0.0,0,0,X,0.0,0.0,0.0,0.0,0.0,0.0,0.0,0.0,46,0.04942507021799094,28,0,28,0,0,0,0,0,0,0,0,1,0
1cq1,B,148,ARG,-4.5,173.4,1.0,5,0,X,0.0,0.0,0.0,0.0,0.0,0.0,0.0,0.0,41,0.048958795970651406,14,6,8,0,0,0,0,0,0,0,0,1,0
1cq1,B,149,LEU,3.8,166.7,0.0,0,0,X,0.0,0.0,0.0,0.0,0.0,0.0,0.0,0.0,40,0.048958795970651406,20,0,20,0,0,0,0,0,0,0,0,1,0
1cq1,B,150,VAL,4.2,140.0,0.0,0,0,X,0.0,0.0,0.0,0.0,0.0,0.0,0.0,0.0,35,0.04429605349725603,23,3,20,0,0,0,0,0,0,0,0,1,0
1cq1,B,151,ILE,4.5,166.7,0.0,0,0,X,0.0,0.0,0.0,0.0,0.0,0.0,0.0,0.0,29,0.04662742473395372,20,10,10,0,0,0,0,0,0,0,0,1,0
1cq1,B,152,GLY,-0.4,60.1,0.0,0,0,X,0.0,0.0,0.0,0.0,0.0,0.0,0.0,0.0,26,0.03916703677652112,26,9,17,0,0,0,0,0,0,0,0,1,0
1cq1,B,153,PRO,-1.6,112.7,0.0,0,0,X,0.0,0.0,0.0,0.0,0.0,0.0,0.0,0.0,19,0.026577632098353617,16,8,8,0,0,0,0,0,0,0,0,1,0
1cq1,B,154,ASP,-3.5,111.1,-1.0,1,3,X,0.0,0.0,0.0,0.0,0.0,0.0,0.0,0.0,20,0.025178809356335007,18,4,14,0,0,0,0,0,0,0,0,1,0
1cq1,B,155,GLN,-3.5,143.8,0.0,2,2,X,0.0,0.0,0.0,0.0,0.0,0.0,0.0,0.0,20,0.03450429430312575,23,15,8,0,0,0,0,0,0,0,0,1,0
1cq1,B,156,LYS,-3.9,168.6,1.0,2,0,X,0.0,0.0,0.0,0.0,0.0,0.0,0.0,0.0,28,0.048492521723311866,16,22,-6,0,0,0,0,0,0,0,0,1,0
1cq1,B,157,ILE,4.5,166.7,0.0,0,0,X,0.0,0.0,0.0,0.0,0.0,0.0,0.0,0.0,38,0.05408781269138631,35,15,20,0,0,0,0,0,0,0,0,1,0
1cq1,B,158,TYR,-1.3,193.6,0.0,1,1,X,0.0,0.0,0.0,0.0,0.0,0.0,0.0,0.0,35,0.0526889899493677,33,8,25,0,0,0,0,0,0,0,0,1,0
1cq1,B,159,TYR,-1.3,193.6,0.0,1,1,X,0.0,0.0,0.0,0.0,0.0,0.0,0.0,0.0,38,0.04942507021799094,25,0,25,0,0,0,0,0,0,0,0,1,0
1cq1,B,160,THR,-0.7,116.1,0.0,1,1,X,0.0,0.0,0.0,0.0,0.0,0.0,0.0,0.0,46,0.053155264196707235,37,8,29,0,0,0,0,0,0,0,0,1,0
1cq1,B,161,ILE,4.5,166.7,0.0,0,0,X,0.0,0.0,0.0,0.0,0.0,0.0,0.0,0.0,46,0.05781800667010261,40,9,31,0,0,0,0,0,0,0,0,1,0
1cq1,B,162,GLY,-0.4,60.1,0.0,0,0,X,0.0,0.0,0.0,0.0,0.0,0.0,0.0,0.0,44,0.05595290968074446,50,20,30,0,0,0,0,0,0,0,0,1,0
1cq1,B,163,ASP,-3.5,111.1,-1.0,1,3,X,0.0,0.0,0.0,0.0,0.0,0.0,0.0,0.0,39,0.05968310365946076,51,12,39,0,0,0,0,0,0,0,0,1,0
1cq1,B,164,GLN,-3.5,143.8,0.0,2,2,X,0.0,0.0,0.0,0.0,0.0,0.0,0.0,0.0,41,0.05455408693872585,40,16,24,0,0,0,0,0,0,0,0,1,0
1cq1,B,165,GLY,-0.4,60.1,0.0,0,0,X,0.0,0.0,0.0,0.0,0.0,0.0,0.0,0.0,31,0.05548663543340492,40,16,24,0,0,0,0,0,0,0,0,1,0
1cq1,B,166,ARG,-4.5,173.4,1.0,5,0,X,0.0,0.0,0.0,0.0,0.0,0.0,0.0,0.0,35,0.05175644145468863,22,15,7,0,0,0,0,0,0,0,0,1,0
1cq1,B,167,ASN,-3.5,114.1,0.0,2,2,X,0.0,0.0,0.0,0.0,0.0,0.0,0.0,0.0,34,0.05548663543340492,19,14,5,0,0,0,0,0,0,0,0,1,0
1cq1,B,168,GLN,-3.5,143.8,0.0,2,2,X,0.0,0.0,0.0,0.0,0.0,0.0,0.0,0.0,29,0.03776821403450251,23,23,0,0,0,0,0,0,0,0,0,1,1
1cq1,B,169,LEU,3.8,166.7,0.0,0,0,X,0.0,0.0,0.0,0.0,0.0,0.0,0.0,0.0,21,0.027510180593032695,16,16,0,0,0,0,0,0,0,0,0,1,0
1cq1,B,170,ALA,1.8,88.6,0.0,0,0,X,0.0,0.0,0.0,0.0,0.0,0.0,0.0,0.0,15,0.02331371236697686,15,13,2,0,0,0,0,0,0,0,0,1,0
1cq1,B,171,TYR,-1.3,193.6,0.0,1,1,X,0.0,0.0,0.0,0.0,0.0,0.0,0.0,0.0,20,0.03730193978716297,30,15,15,0,0,0,0,0,0,0,0,1,0
1cq1,B,172,LEU,3.8,166.7,0.0,0,0,X,0.0,0.0,0.0,0.0,0.0,0.0,0.0,0.0,26,0.04149840801321881,23,9,14,0,0,0,0,0,0,0,0,1,0
1cq1,B,173,PHE,2.8,189.9,0.0,0,0,X,0.0,0.0,0.0,0.0,0.0,0.0,0.0,0.0,27,0.043363505002576956,20,5,15,0,0,0,0,0,0,0,0,1,0
1cq1,B,174,LEU,3.8,166.7,0.0,0,0,X,0.0,0.0,0.0,0.0,0.0,0.0,0.0,0.0,23,0.03916703677652112,18,5,13,0,0,0,0,0,0,0,0,1,0
1cq1,B,175,PRO,-1.6,112.7,0.0,0,0,X,0.0,0.0,0.0,0.0,0.0,0.0,0.0,0.0,26,0.04149840801321881,27,6,21,0,0,0,0,0,0,0,0,1,0
1cq1,B,176,ASN,-3.5,114.1,0.0,2,2,X,0.0,0.0,0.0,0.0,0.0,0.0,0.0,0.0,36,0.04989134446533048,43,8,35,0,0,0,0,0,0,0,0,1,0
1cq1,B,177,GLN,-3.5,143.8,0.0,2,2,X,0.0,0.0,0.0,0.0,0.0,0.0,0.0,0.0,34,0.04989134446533048,40,11,29,0,0,0,0,0,0,0,0,1,0
1cq1,B,178,ALA,1.8,88.6,0.0,0,0,X,0.0,0.0,0.0,0.0,0.0,0.0,0.0,0.0,37,0.05781800667010261,46,11,35,0,0,0,0,0,0,0,0,1,0
1cq1,B,179,GLN,-3.5,143.8,0.0,2,2,X,0.0,0.0,0.0,0.0,0.0,0.0,0.0,0.0,34,0.045694876239274644,31,1,30,0,0,0,0,0,0,0,0,1,0
1cq1,B,180,HIS,-3.2,153.2,0.1,2,1,X,0.0,0.0,0.0,0.0,0.0,0.0,0.0,0.0,27,0.035436842797804825,19,3,16,0,0,0,0,0,0,0,0,1,0
1cq1,B,181,THR,-0.7,116.1,0.0,1,1,X,0.0,0.0,0.0,0.0,0.0,0.0,0.0,0.0,33,0.04429605349725603,25,8,17,0,0,0,0,0,0,0,0,1,0
1cq1,B,182,PRO,-1.6,112.7,0.0,0,0,X,0.0,0.0,0.0,0.0,0.0,0.0,0.0,0.0,32,0.043829779249916496,29,17,12,0,0,0,0,0,0,0,0,1,0
1cq1,B,183,THR,-0.7,116.1,0.0,1,1,X,0.0,0.0,0.0,0.0,0.0,0.0,0.0,0.0,22,0.03403802005578621,8,17,-9,0,0,0,0,0,0,0,0,1,0
1cq1,B,184,GLN,-3.5,143.8,0.0,2,2,X,0.0,0.0,0.0,0.0,0.0,0.0,0.0,0.0,19,0.03170664881908853,2,11,-9,0,0,0,0,0,0,0,0,1,0
1cq1,B,185,GLN,-3.5,143.8,0.0,2,2,X,0.0,0.0,0.0,0.0,0.0,0.0,0.0,0.0,11,0.02984155182973038,3,17,-14,0,0,0,0,0,0,0,0,1,0
1cq1,B,186,GLU,-3.5,138.4,-1.0,1,3,X,0.0,0.0,0.0,0.0,0.0,0.0,0.0,0.0,19,0.03730193978716297,18,8,10,0,0,0,0,0,0,0,0,1,0
1cq1,B,187,LEU,3.8,166.7,0.0,0,0,X,0.0,0.0,0.0,0.0,0.0,0.0,0.0,0.0,21,0.04755997322863279,19,17,2,0,0,0,0,0,0,0,0,1,0
1cq1,B,188,ASN,-3.5,114.1,0.0,2,2,X,0.0,0.0,0.0,0.0,0.0,0.0,0.0,0.0,13,0.027510180593032695,9,15,-6,0,0,0,0,0,0,0,0,1,0
1cq1,B,189,GLY,-0.4,60.1,0.0,0,0,X,0.0,0.0,0.0,0.0,0.0,0.0,0.0,0.0,15,0.025178809356335007,13,17,-4,0,0,0,0,0,0,0,0,1,0
1cq1,B,190,LYS,-3.9,168.6,1.0,2,0,X,0.0,0.0,0.0,0.0,0.0,0.0,0.0,0.0,21,0.03124037457174899,9,14,-5,0,0,0,0,0,0,0,0,1,0
1cq1,B,191,ASP,-3.5,111.1,-1.0,1,3,X,0.0,0.0,0.0,0.0,0.0,0.0,0.0,0.0,22,0.03450429430312575,20,9,11,0,0,0,0,0,0,0,0,1,0
1cq1,B,192,TYR,-1.3,193.6,0.0,1,1,X,0.0,0.0,0.0,0.0,0.0,0.0,0.0,0.0,33,0.04616115048661418,28,17,11,0,0,0,0,0,0,0,0,1,0
1cq1,B,193,HIS,-3.2,153.2,0.1,2,1,X,0.0,0.0,0.0,0.0,0.0,0.0,0.0,0.0,27,0.03590311704514436,21,18,3,0,0,0,0,0,0,0,0,1,0
1cq1,B,194,THR,-0.7,116.1,0.0,1,1,X,0.0,0.0,0.0,0.0,0.0,0.0,0.0,0.0,35,0.048026247475972325,38,18,20,0,0,0,0,0,0,0,0,1,0
1cq1,B,195,TYR,-1.3,193.6,0.0,1,1,X,0.0,0.0,0.0,0.0,0.0,0.0,0.0,0.0,43,0.05548663543340492,40,15,25,0,0,0,0,0,0,0,0,1,0
1cq1,B,196,MET,1.9,162.9,0.0,0,0,X,0.0,0.0,0.0,0.0,0.0,0.0,0.0,0.0,43,0.053155264196707235,55,10,45,0,0,0,0,0,0,0,0,1,0
1cq1,B,197,GLY,-0.4,60.1,0.0,0,0,X,0.0,0.0,0.0,0.0,0.0,0.0,0.0,0.0,44,0.05921682941212122,44,13,31,0,0,0,0,0,0,0,0,1,0
1cq1,B,198,LYS,-3.9,168.6,1.0,2,0,X,0.0,0.0,0.0,0.0,0.0,0.0,0.0,0.0,46,0.05688545817542354,29,9,20,0,0,0,0,0,0,0,0,1,0
1cq1,B,199,VAL,4.2,140.0,0.0,0,0,X,0.0,0.0,0.0,0.0,0.0,0.0,0.0,0.0,47,0.053155264196707235,43,2,41,0,0,0,0,0,0,0,0,1,0
1cq1,B,200,LEU,3.8,166.7,0.0,0,0,X,0.0,0.0,0.0,0.0,0.0,0.0,0.0,0.0,43,0.05502036118606539,37,0,37,0,0,0,0,0,0,0,0,1,0
1cq1,B,201,ARG,-4.5,173.4,1.0,5,0,X,0.0,0.0,0.0,0.0,0.0,0.0,0.0,0.0,34,0.05595290968074446,32,16,16,0,0,0,0,0,0,0,0,1,0
1cq1,B,202,LEU,3.8,166.7,0.0,0,0,X,0.0,0.0,0.0,0.0,0.0,0.0,0.0,0.0,34,0.056419183928083996,31,13,18,0,0,0,0,0,0,0,0,1,0
1cq1,B,203,ASN,-3.5,114.1,0.0,2,2,X,0.0,0.0,0.0,0.0,0.0,0.0,0.0,0.0,23,0.04103213376587927,38,20,18,0,0,0,0,0,0,0,0,1,0
1cq1,B,204,LEU,3.8,166.7,0.0,0,0,X,0.0,0.0,0.0,0.0,0.0,0.0,0.0,0.0,29,0.040099585271200194,32,13,19,0,0,0,0,0,0,0,0,1,0
1cq1,B,205,ASP,-3.5,111.1,-1.0,1,3,X,0.0,0.0,0.0,0.0,0.0,0.0,0.0,0.0,20,0.03170664881908853,21,4,17,0,0,0,0,0,0,0,0,1,0
1cq1,B,206,GLY,-0.4,60.1,0.0,0,0,X,0.0,0.0,0.0,0.0,0.0,0.0,0.0,0.0,28,0.03916703677652112,31,13,18,0,0,0,0,0,0,0,0,1,0
1cq1,B,207,SER,-0.8,89.0,0.0,1,1,X,0.0,0.0,0.0,0.0,0.0,0.0,0.0,0.0,23,0.035436842797804825,34,11,23,0,0,0,0,0,0,0,0,1,0
1cq1,B,208,ILE,4.5,166.7,0.0,0,0,X,0.0,0.0,0.0,0.0,0.0,0.0,0.0,0.0,27,0.04196468226055834,35,15,20,0,0,0,0,0,0,0,0,1,0
1cq1,B,209,PRO,-1.6,112.7,0.0,0,0,X,0.0,0.0,0.0,0.0,0.0,0.0,0.0,0.0,26,0.04103213376587927,41,18,23,0,0,0,0,0,0,0,0,1,0
1cq1,B,210,LYS,-3.9,168.6,1.0,2,0,X,0.0,0.0,0.0,0.0,0.0,0.0,0.0,0.0,12,0.026577632098353617,8,8,0,0,0,0,0,0,0,0,0,1,0
1cq1,B,211,ASP,-3.5,111.1,-1.0,1,3,X,0.0,0.0,0.0,0.0,0.0,0.0,0.0,0.0,18,0.025645083603674543,32,5,27,0,0,0,0,0,0,0,0,1,0
1cq1,B,212,ASN,-3.5,114.1,0.0,2,2,X,0.0,0.0,0.0,0.0,0.0,0.0,0.0,0.0,28,0.04476232774459557,42,9,33,0,0,0,0,0,0,0,0,1,0
1cq1,B,213,PRO,-1.6,112.7,0.0,0,0,X,0.0,0.0,0.0,0.0,0.0,0.0,0.0,0.0,27,0.03963331102386066,29,8,21,0,0,0,0,0,0,0,0,1,0
1cq1,B,214,SER,-0.8,89.0,0.0,1,1,X,0.0,0.0,0.0,0.0,0.0,0.0,0.0,0.0,24,0.030774100324409453,14,4,10,0,0,0,0,0,0,0,0,1,0
1cq1,B,215,PHE,2.8,189.9,0.0,0,0,X,0.0,0.0,0.0,0.0,0.0,0.0,0.0,0.0,31,0.03357174580844668,27,0,27,0,0,0,0,0,0,0,0,1,0
1cq1,B,216,ASN,-3.5,114.1,0.0,2,2,X,0.0,0.0,0.0,0.0,0.0,0.0,0.0,0.0,17,0.02144861537761871,10,0,10,0,0,0,0,0,0,0,0,1,0
1cq1,B,217,GLY,-0.4,60.1,0.0,0,0,X,0.0,0.0,0.0,0.0,0.0,0.0,0.0,0.0,13,0.018650969893581486,0,0,0,0,0,0,0,0,0,0,0,1,0
1cq1,B,218,VAL,4.2,140.0,0.0,0,0,X,0.0,0.0,0.0,0.0,0.0,0.0,0.0,0.0,22,0.03357174580844668,4,4,0,0,0,0,0,0,0,0,0,1,0
1cq1,B,219,VAL,4.2,140.0,0.0,0,0,X,0.0,0.0,0.0,0.0,0.0,0.0,0.0,0.0,25,0.04103213376587927,22,7,15,0,0,0,0,0,0,0,0,1,0
1cq1,B,220,SER,-0.8,89.0,0.0,1,1,X,0.0,0.0,0.0,0.0,0.0,0.0,0.0,0.0,36,0.04662742473395372,27,6,21,0,0,0,0,0,0,0,0,1,0
1cq1,B,221,HIS,-3.2,153.2,0.1,2,1,X,0.0,0.0,0.0,0.0,0.0,0.0,0.0,0.0,37,0.05175644145468863,19,4,15,0,0,0,0,0,0,0,0,1,0
1cq1,B,222,ILE,4.5,166.7,0.0,0,0,X,0.0,0.0,0.0,0.0,0.0,0.0,0.0,0.0,40,0.05455408693872585,36,0,36,0,0,0,0,0,0,0,0,1,0
1cq1,B,223,TYR,-1.3,193.6,0.0,1,1,X,0.0,0.0,0.0,0.0,0.0,0.0,0.0,0.0,35,0.05548663543340492,36,10,26,0,0,0,0,0,0,0,0,1,0
1cq1,B,224,THR,-0.7,116.1,0.0,1,1,X,0.0,0.0,0.0,0.0,0.0,0.0,0.0,0.0,41,0.056419183928083996,37,2,35,0,0,0,0,0,0,0,0,1,0
1cq1,B,225,LEU,3.8,166.7,0.0,0,0,X,0.0,0.0,0.0,0.0,0.0,0.0,0.0,0.0,47,0.056419183928083996,36,3,33,0,0,0,0,0,0,0,0,1,0
1cq1,B,226,GLY,-0.4,60.1,0.0,0,0,X,0.0,0.0,0.0,0.0,0.0,0.0,0.0,0.0,45,0.05502036118606539,32,15,17,0,0,0,0,0,0,0,0,1,0
1cq1,B,227,HIS,-3.2,153.2,0.1,2,1,X,0.0,0.0,0.0,0.0,0.0,0.0,0.0,0.0,48,0.05781800667010261,17,22,-5,0,0,0,0,0,0,0,0,1,0
1cq1,B,228,ARG,-4.5,173.4,1.0,5,0,X,0.0,0.0,0.0,0.0,0.0,0.0,0.0,0.0,46,0.05595290968074446,24,42,-18,0,0,0,0,0,0,0,0,1,1
1cq1,B,229,ASN,-3.5,114.1,0.0,2,2,X,0.0,0.0,0.0,0.0,0.0,0.0,0.0,0.0,39,0.056419183928083996,39,34,5,0,0,0,0,0,0,0,0,1,1
1cq1,B,230,PRO,-1.6,112.7,0.0,0,0,X,0.0,0.0,0.0,0.0,0.0,0.0,0.0,0.0,41,0.05408781269138631,43,24,19,0,0,0,0,0,0,0,0,1,0
1cq1,B,231,GLN,-3.5,143.8,0.0,2,2,X,0.0,0.0,0.0,0.0,0.0,0.0,0.0,0.0,37,0.05175644145468863,47,17,30,0,0,0,0,0,0,0,0,1,1
1cq1,B,232,GLY,-0.4,60.1,0.0,0,0,X,0.0,0.0,0.0,0.0,0.0,0.0,0.0,0.0,41,0.048492521723311866,18,18,0,0,0,0,0,0,0,0,0,1,0
1cq1,B,233,LEU,3.8,166.7,0.0,0,0,X,0.0,0.0,0.0,0.0,0.0,0.0,0.0,0.0,40,0.04989134446533048,17,4,13,0,0,0,0,0,0,0,0,1,0
1cq1,B,234,ALA,1.8,88.6,0.0,0,0,X,0.0,0.0,0.0,0.0,0.0,0.0,0.0,0.0,35,0.04103213376587927,19,0,19,0,0,0,0,0,0,0,0,1,0
1cq1,B,235,PHE,2.8,189.9,0.0,0,0,X,0.0,0.0,0.0,0.0,0.0,0.0,0.0,0.0,31,0.040565859518539735,13,7,6,0,0,0,0,0,0,0,0,1,0
1cq1,B,236,THR,-0.7,116.1,0.0,1,1,X,0.0,0.0,0.0,0.0,0.0,0.0,0.0,0.0,27,0.040565859518539735,16,1,15,0,0,0,0,0,0,0,0,1,0
1cq1,B,237,PRO,-1.6,112.7,0.0,0,0,X,0.0,0.0,0.0,0.0,0.0,0.0,0.0,0.0,19,0.027043906345693154,18,1,17,0,0,0,0,0,0,0,0,1,0
1cq1,B,238,ASN,-3.5,114.1,0.0,2,2,X,0.0,0.0,0.0,0.0,0.0,0.0,0.0,0.0,18,0.02611135785101408,10,4,6,0,0,0,0,0,0,0,0,1,0
1cq1,B,239,GLY,-0.4,60.1,0.0,0,0,X,0.0,0.0,0.0,0.0,0.0,0.0,0.0,0.0,19,0.02797645484037223,9,6,3,0,0,0,0,0,0,0,0,1,0
1cq1,B,240,LYS,-3.9,168.6,1.0,2,0,X,0.0,0.0,0.0,0.0,0.0,0.0,0.0,0.0,24,0.040099585271200194,0,4,-4,0,0,0,0,0,0,0,0,1,0
1cq1,B,241,LEU,3.8,166.7,0.0,0,0,X,0.0,0.0,0.0,0.0,0.0,0.0,0.0,0.0,37,0.043363505002576956,13,2,11,0,0,0,0,0,0,0,0,1,0
1cq1,B,242,LEU,3.8,166.7,0.0,0,0,X,0.0,0.0,0.0,0.0,0.0,0.0,0.0,0.0,39,0.05035761871267001,9,3,6,0,0,0,0,0,0,0,0,1,0
1cq1,B,243,GLN,-3.5,143.8,0.0,2,2,X,0.0,0.0,0.0,0.0,0.0,0.0,0.0,0.0,40,0.05175644145468863,19,21,-2,0,0,0,0,0,0,0,0,1,0
1cq1,B,244,SER,-0.8,89.0,0.0,1,1,X,0.0,0.0,0.0,0.0,0.0,0.0,0.0,0.0,40,0.0526889899493677,17,28,-11,0,0,0,0,0,0,0,0,1,0
1cq1,B,245,GLU,-3.5,138.4,-1.0,1,3,X,0.0,0.0,0.0,0.0,0.0,0.0,0.0,0.0,48,0.05781800667010261,32,27,5,0,0,0,0,0,0,0,0,1,0
1cq1,B,246,GLN,-3.5,143.8,0.0,2,2,X,0.0,0.0,0.0,0.0,0.0,0.0,0.0,0.0,40,0.053621538444046775,34,38,-4,0,0,0,0,0,0,0,0,1,1
1cq1,B,247,GLY,-0.4,60.1,0.0,0,0,X,0.0,0.0,0.0,0.0,0.0,0.0,0.0,0.0,35,0.053621538444046775,23,37,-14,0,0,0,0,0,0,0,0,1,1
1cq1,B,248,PRO,-1.6,112.7,0.0,0,0,X,0.0,0.0,0.0,0.0,0.0,0.0,0.0,0.0,40,0.043829779249916496,19,32,-13,0,0,0,0,0,0,0,0,1,1
1cq1,B,249,ASN,-3.5,114.1,0.0,2,2,X,0.0,0.0,0.0,0.0,0.0,0.0,0.0,0.0,38,0.050823892960009553,9,17,-8,0,0,0,0,0,0,0,0,1,0
1cq1,B,250,SER,-0.8,89.0,0.0,1,1,X,0.0,0.0,0.0,0.0,0.0,0.0,0.0,0.0,44,0.056419183928083996,10,31,-21,0,0,0,0,0,0,0,0,1,0
1cq1,B,251,ASP,-3.5,111.1,-1.0,1,3,X,0.0,0.0,0.0,0.0,0.0,0.0,0.0,0.0,43,0.05455408693872585,13,39,-26,0,0,0,0,0,0,0,0,1,0
1cq1,B,252,ASP,-3.5,111.1,-1.0,1,3,X,0.0,0.0,0.0,0.0,0.0,0.0,0.0,0.0,42,0.05735173242276307,22,31,-9,0,0,0,0,0,0,0,0,1,0
1cq1,B,253,GLU,-3.5,138.4,-1.0,1,3,X,0.0,0.0,0.0,0.0,0.0,0.0,0.0,0.0,43,0.05222271570202816,23,26,-3,0,0,0,0,0,0,0,0,1,0
1cq1,B,254,ILE,4.5,166.7,0.0,0,0,X,0.0,0.0,0.0,0.0,0.0,0.0,0.0,0.0,38,0.04989134446533048,11,34,-23,0,0,0,0,0,0,0,0,1,0
1cq1,B,255,ASN,-3.5,114.1,0.0,2,2,X,0.0,0.0,0.0,0.0,0.0,0.0,0.0,0.0,40,0.05129016720734909,13,22,-9,0,0,0,0,0,0,0,0,1,0
1cq1,B,256,LEU,3.8,166.7,0.0,0,0,X,0.0,0.0,0.0,0.0,0.0,0.0,0.0,0.0,35,0.043829779249916496,14,8,6,0,0,0,0,0,0,0,0,1,0
1cq1,B,257,ILE,4.5,166.7,0.0,0,0,X,0.0,0.0,0.0,0.0,0.0,0.0,0.0,0.0,39,0.04662742473395372,21,2,19,0,0,0,0,0,0,0,0,1,0
1cq1,B,258,VAL,4.2,140.0,0.0,0,0,X,0.0,0.0,0.0,0.0,0.0,0.0,0.0,0.0,36,0.03916703677652112,19,8,11,0,0,0,0,0,0,0,0,1,0
1cq1,B,259,LYS,-3.9,168.6,1.0,2,0,X,0.0,0.0,0.0,0.0,0.0,0.0,0.0,0.0,26,0.03590311704514436,9,15,-6,0,0,0,0,0,0,0,0,1,0
1cq1,B,260,GLY,-0.4,60.1,0.0,0,0,X,0.0,0.0,0.0,0.0,0.0,0.0,0.0,0.0,31,0.043363505002576956,21,5,16,0,0,0,0,0,0,0,0,1,0
1cq1,B,261,GLY,-0.4,60.1,0.0,0,0,X,0.0,0.0,0.0,0.0,0.0,0.0,0.0,0.0,36,0.05222271570202816,29,8,21,0,0,0,0,0,0,0,0,1,0
1cq1,B,262,ASN,-3.5,114.1,0.0,2,2,X,0.0,0.0,0.0,0.0,0.0,0.0,0.0,0.0,40,0.05222271570202816,27,9,18,0,0,0,0,0,0,0,0,1,0
1cq1,B,263,TYR,-1.3,193.6,0.0,1,1,X,0.0,0.0,0.0,0.0,0.0,0.0,0.0,0.0,41,0.05502036118606539,23,13,10,0,0,0,0,0,0,0,0,1,0
1cq1,B,264,GLY,-0.4,60.1,0.0,0,0,X,0.0,0.0,0.0,0.0,0.0,0.0,0.0,0.0,38,0.05548663543340492,27,18,9,0,0,0,0,0,0,0,0,1,0
1cq1,B,265,TRP,-0.9,227.8,0.0,1,0,X,0.0,0.0,0.0,0.0,0.0,0.0,0.0,0.0,45,0.05595290968074446,33,25,8,0,0,0,0,0,0,0,0,1,0
1cq1,B,266,PRO,-1.6,112.7,0.0,0,0,X,0.0,0.0,0.0,0.0,0.0,0.0,0.0,0.0,38,0.05222271570202816,23,16,7,0,0,0,0,0,0,0,0,1,0
1cq1,B,267,ASN,-3.5,114.1,0.0,2,2,X,0.0,0.0,0.0,0.0,0.0,0.0,0.0,0.0,35,0.04989134446533048,14,17,-3,0,0,0,0,0,0,0,0,1,0
1cq1,B,268,VAL,4.2,140.0,0.0,0,0,X,0.0,0.0,0.0,0.0,0.0,0.0,0.0,0.0,41,0.05548663543340492,20,39,-19,0,0,0,0,0,0,0,0,1,0
1cq1,B,269,ALA,1.8,88.6,0.0,0,0,X,0.0,0.0,0.0,0.0,0.0,0.0,0.0,0.0,47,0.05455408693872585,19,49,-30,0,0,0,0,0,0,0,0,1,0
1cq1,B,270,GLY,-0.4,60.1,0.0,0,0,X,0.0,0.0,0.0,0.0,0.0,0.0,0.0,0.0,42,0.05175644145468863,13,50,-37,0,0,0,0,0,0,0,0,1,0
1cq1,B,271,TYR,-1.3,193.6,0.0,1,1,X,0.0,0.0,0.0,0.0,0.0,0.0,0.0,0.0,27,0.04616115048661418,23,56,-33,0,0,0,0,0,0,0,0,1,0
1cq1,B,272,LYS,-3.9,168.6,1.0,2,0,X,0.0,0.0,0.0,0.0,0.0,0.0,0.0,0.0,37,0.045228601991935104,11,54,-43,0,0,0,0,0,0,0,0,1,0
1cq1,B,273,ASP,-3.5,111.1,-1.0,1,3,X,0.0,0.0,0.0,0.0,0.0,0.0,0.0,0.0,29,0.04243095650789788,14,36,-22,0,0,0,0,0,0,0,0,1,0
1cq1,B,274,ASP,-3.5,111.1,-1.0,1,3,X,0.0,0.0,0.0,0.0,0.0,0.0,0.0,0.0,30,0.040099585271200194,17,38,-21,0,0,0,0,0,0,0,0,1,0
1cq1,B,275,SER,-0.8,89.0,0.0,1,1,X,0.0,0.0,0.0,0.0,0.0,0.0,0.0,0.0,28,0.04149840801321881,11,44,-33,0,0,0,0,0,0,0,0,1,0
1cq1,B,276,GLY,-0.4,60.1,0.0,0,0,X,0.0,0.0,0.0,0.0,0.0,0.0,0.0,0.0,30,0.05129016720734909,2,38,-36,0,0,0,0,0,0,0,0,1,0
1cq1,B,277,TYR,-1.3,193.6,0.0,1,1,X,0.0,0.0,0.0,0.0,0.0,0.0,0.0,0.0,41,0.05175644145468863,12,38,-26,0,0,0,0,0,0,0,0,1,0
1cq1,B,278,ALA,1.8,88.6,0.0,0,0,X,0.0,0.0,0.0,0.0,0.0,0.0,0.0,0.0,36,0.05035761871267001,14,30,-16,0,0,0,0,0,0,0,0,1,0
1cq1,B,279,TYR,-1.3,193.6,0.0,1,1,X,0.0,0.0,0.0,0.0,0.0,0.0,0.0,0.0,33,0.048026247475972325,8,11,-3,0,0,0,0,0,0,0,0,1,0
1cq1,B,280,ALA,1.8,88.6,0.0,0,0,X,0.0,0.0,0.0,0.0,0.0,0.0,0.0,0.0,36,0.04243095650789788,11,7,4,0,0,0,0,0,0,0,0,1,0
1cq1,B,281,ASN,-3.5,114.1,0.0,2,2,X,0.0,0.0,0.0,0.0,0.0,0.0,0.0,0.0,28,0.04289723075523742,5,0,5,0,0,0,0,0,0,0,0,1,0
1cq1,B,282,TYR,-1.3,193.6,0.0,1,1,X,0.0,0.0,0.0,0.0,0.0,0.0,0.0,0.0,35,0.048958795970651406,17,8,9,0,0,0,0,0,0,0,0,1,0
1cq1,B,283,SER,-0.8,89.0,0.0,1,1,X,0.0,0.0,0.0,0.0,0.0,0.0,0.0,0.0,24,0.03870076252918159,18,0,18,0,0,0,0,0,0,0,0,1,0
1cq1,B,284,ALA,1.8,88.6,0.0,0,0,X,0.0,0.0,0.0,0.0,0.0,0.0,0.0,0.0,21,0.02844272908771177,6,0,6,0,0,0,0,0,0,0,0,1,0
1cq1,B,285,ALA,1.8,88.6,0.0,0,0,X,0.0,0.0,0.0,0.0,0.0,0.0,0.0,0.0,21,0.040099585271200194,11,0,11,0,0,0,0,0,0,0,0,1,0
1cq1,B,286,ALA,1.8,88.6,0.0,0,0,X,0.0,0.0,0.0,0.0,0.0,0.0,0.0,0.0,15,0.023779986614316396,8,0,8,0,0,0,0,0,0,0,0,1,0
1cq1,B,287,ASN,-3.5,114.1,0.0,2,2,X,0.0,0.0,0.0,0.0,0.0,0.0,0.0,0.0,17,0.025645083603674543,13,0,13,0,0,0,0,0,0,0,0,1,0
1cq1,B,288,LYS,-3.9,168.6,1.0,2,0,X,0.0,0.0,0.0,0.0,0.0,0.0,0.0,0.0,15,0.02797645484037223,2,0,2,0,0,0,0,0,0,0,0,1,0
1cq1,B,289,SER,-0.8,89.0,0.0,1,1,X,0.0,0.0,0.0,0.0,0.0,0.0,0.0,0.0,13,0.02144861537761871,17,2,15,0,0,0,0,0,0,0,0,1,0
1cq1,B,290,ILE,4.5,166.7,0.0,0,0,X,0.0,0.0,0.0,0.0,0.0,0.0,0.0,0.0,20,0.03450429430312575,16,8,8,0,0,0,0,0,0,0,0,1,0
1cq1,B,291,LYS,-3.9,168.6,1.0,2,0,X,0.0,0.0,0.0,0.0,0.0,0.0,0.0,0.0,15,0.028909003335051305,5,8,-3,0,0,0,0,0,0,0,0,1,0
1cq1,B,292,ASP,-3.5,111.1,-1.0,1,3,X,0.0,0.0,0.0,0.0,0.0,0.0,0.0,0.0,24,0.03403802005578621,14,0,14,0,0,0,0,0,0,0,0,1,0
1cq1,B,293,LEU,3.8,166.7,0.0,0,0,X,0.0,0.0,0.0,0.0,0.0,0.0,0.0,0.0,20,0.02797645484037223,17,8,9,0,0,0,0,0,0,0,0,1,0
1cq1,B,294,ALA,1.8,88.6,0.0,0,0,X,0.0,0.0,0.0,0.0,0.0,0.0,0.0,0.0,27,0.034970568550465285,11,8,3,0,0,0,0,0,0,0,0,1,0
1cq1,B,295,GLN,-3.5,143.8,0.0,2,2,X,0.0,0.0,0.0,0.0,0.0,0.0,0.0,0.0,25,0.043363505002576956,11,12,-1,0,0,0,0,0,0,0,0,1,0
1cq1,B,296,ASN,-3.5,114.1,0.0,2,2,X,0.0,0.0,0.0,0.0,0.0,0.0,0.0,0.0,38,0.048958795970651406,10,21,-11,0,0,0,0,0,0,0,0,1,0
1cq1,B,297,GLY,-0.4,60.1,0.0,0,0,X,0.0,0.0,0.0,0.0,0.0,0.0,0.0,0.0,34,0.04476232774459557,13,20,-7,0,0,0,0,0,0,0,0,1,0
1cq1,B,298,VAL,4.2,140.0,0.0,0,0,X,0.0,0.0,0.0,0.0,0.0,0.0,0.0,0.0,29,0.03590311704514436,12,13,-1,0,0,0,0,0,0,0,0,1,0
1cq1,B,299,LYS,-3.9,168.6,1.0,2,0,X,0.0,0.0,0.0,0.0,0.0,0.0,0.0,0.0,22,0.029375277582390842,0,9,-9,0,0,0,0,0,0,0,0,1,0
1cq1,B,300,VAL,4.2,140.0,0.0,0,0,X,0.0,0.0,0.0,0.0,0.0,0.0,0.0,0.0,23,0.03916703677652112,14,8,6,0,0,0,0,0,0,0,0,1,0
1cq1,B,301,ALA,1.8,88.6,0.0,0,0,X,0.0,0.0,0.0,0.0,0.0,0.0,0.0,0.0,24,0.02797645484037223,14,8,6,0,0,0,0,0,0,0,0,1,0
1cq1,B,302,ALA,1.8,88.6,0.0,0,0,X,0.0,0.0,0.0,0.0,0.0,0.0,0.0,0.0,17,0.01678587290422334,7,2,5,0,0,0,0,0,0,0,0,1,0
1cq1,B,303,GLY,-0.4,60.1,0.0,0,0,X,0.0,0.0,0.0,0.0,0.0,0.0,0.0,0.0,19,0.02611135785101408,7,0,7,0,0,0,0,0,0,0,0,1,0
1cq1,B,304,VAL,4.2,140.0,0.0,0,0,X,0.0,0.0,0.0,0.0,0.0,0.0,0.0,0.0,26,0.04103213376587927,7,6,1,0,0,0,0,0,0,0,0,1,0
1cq1,B,305,PRO,-1.6,112.7,0.0,0,0,X,0.0,0.0,0.0,0.0,0.0,0.0,0.0,0.0,22,0.029375277582390842,1,1,0,0,0,0,0,0,0,0,0,1,0
1cq1,B,306,VAL,4.2,140.0,0.0,0,0,X,0.0,0.0,0.0,0.0,0.0,0.0,0.0,0.0,24,0.032172923066428064,13,9,4,0,0,0,0,0,0,0,0,1,0
1cq1,B,307,THR,-0.7,116.1,0.0,1,1,X,0.0,0.0,0.0,0.0,0.0,0.0,0.0,0.0,21,0.0363693912924839,9,23,-14,0,0,0,0,0,0,0,0,1,0
1cq1,B,308,LYS,-3.9,168.6,1.0,2,0,X,0.0,0.0,0.0,0.0,0.0,0.0,0.0,0.0,23,0.03823448828184205,6,34,-28,0,0,0,0,0,0,0,0,1,0
1cq1,B,309,GLU,-3.5,138.4,-1.0,1,3,X,0.0,0.0,0.0,0.0,0.0,0.0,0.0,0.0,33,0.053621538444046775,18,36,-18,0,0,0,0,0,0,0,0,1,0
1cq1,B,310,SER,-0.8,89.0,0.0,1,1,X,0.0,0.0,0.0,0.0,0.0,0.0,0.0,0.0,25,0.03730193978716297,18,45,-27,0,0,0,0,0,0,0,0,1,0
1cq1,B,311,GLU,-3.5,138.4,-1.0,1,3,X,0.0,0.0,0.0,0.0,0.0,0.0,0.0,0.0,18,0.029375277582390842,13,15,-2,0,0,0,0,0,0,0,0,1,0
1cq1,B,312,TRP,-0.9,227.8,0.0,1,0,X,0.0,0.0,0.0,0.0,0.0,0.0,0.0,0.0,27,0.034970568550465285,19,30,-11,0,0,0,0,0,0,0,0,1,0
1cq1,B,313,THR,-0.7,116.1,0.0,1,1,X,0.0,0.0,0.0,0.0,0.0,0.0,0.0,0.0,17,0.020516066882939634,12,17,-5,0,0,0,0,0,0,0,0,1,0
1cq1,B,314,GLY,-0.4,60.1,0.0,0,0,X,0.0,0.0,0.0,0.0,0.0,0.0,0.0,0.0,22,0.029375277582390842,14,20,-6,0,0,0,0,0,0,0,0,1,0
1cq1,B,315,LYS,-3.9,168.6,1.0,2,0,X,0.0,0.0,0.0,0.0,0.0,0.0,0.0,0.0,20,0.032172923066428064,6,9,-3,0,0,0,0,0,0,0,0,1,0
1cq1,B,316,ASN,-3.5,114.1,0.0,2,2,X,0.0,0.0,0.0,0.0,0.0,0.0,0.0,0.0,31,0.03730193978716297,23,15,8,0,0,0,0,0,0,0,0,1,0
1cq1,B,317,PHE,2.8,189.9,0.0,0,0,X,0.0,0.0,0.0,0.0,0.0,0.0,0.0,0.0,37,0.05222271570202816,18,31,-13,0,0,0,0,0,0,0,0,1,0
1cq1,B,318,VAL,4.2,140.0,0.0,0,0,X,0.0,0.0,0.0,0.0,0.0,0.0,0.0,0.0,41,0.04942507021799094,19,22,-3,0,0,0,0,0,0,0,0,1,0
1cq1,B,319,PRO,-1.6,112.7,0.0,0,0,X,0.0,0.0,0.0,0.0,0.0,0.0,0.0,0.0,32,0.04942507021799094,22,19,3,0,0,0,0,0,0,0,0,1,0
1cq1,B,320,PRO,-1.6,112.7,0.0,0,0,X,0.0,0.0,0.0,0.0,0.0,0.0,0.0,0.0,29,0.045694876239274644,13,31,-18,0,0,0,0,0,0,0,0,1,0
1cq1,B,321,LEU,3.8,166.7,0.0,0,0,X,0.0,0.0,0.0,0.0,0.0,0.0,0.0,0.0,31,0.04196468226055834,11,17,-6,0,0,0,0,0,0,0,0,1,0
1cq1,B,322,LYS,-3.9,168.6,1.0,2,0,X,0.0,0.0,0.0,0.0,0.0,0.0,0.0,0.0,37,0.04149840801321881,12,39,-27,0,0,0,0,0,0,0,0,1,0
1cq1,B,323,THR,-0.7,116.1,0.0,1,1,X,0.0,0.0,0.0,0.0,0.0,0.0,0.0,0.0,34,0.05222271570202816,14,47,-33,0,0,0,0,0,0,0,0,1,0
1cq1,B,324,LEU,3.8,166.7,0.0,0,0,X,0.0,0.0,0.0,0.0,0.0,0.0,0.0,0.0,41,0.05408781269138631,17,41,-24,0,0,0,0,0,0,0,0,1,0
1cq1,B,325,TYR,-1.3,193.6,0.0,1,1,X,0.0,0.0,0.0,0.0,0.0,0.0,0.0,0.0,35,0.053155264196707235,19,34,-15,0,0,0,0,0,0,0,0,1,0
1cq1,B,326,THR,-0.7,116.1,0.0,1,1,X,0.0,0.0,0.0,0.0,0.0,0.0,0.0,0.0,31,0.04989134446533048,9,53,-44,0,0,0,0,0,0,0,0,1,0
1cq1,B,327,VAL,4.2,140.0,0.0,0,0,X,0.0,0.0,0.0,0.0,0.0,0.0,0.0,0.0,31,0.04662742473395372,0,42,-42,0,0,0,0,0,0,0,0,1,0
1cq1,B,328,GLN,-3.5,143.8,0.0,2,2,X,0.0,0.0,0.0,0.0,0.0,0.0,0.0,0.0,20,0.03823448828184205,0,42,-42,0,0,0,0,0,0,0,0,1,0
1cq1,B,329,ASP,-3.5,111.1,-1.0,1,3,X,0.0,0.0,0.0,0.0,0.0,0.0,0.0,0.0,21,0.03403802005578621,7,13,-6,0,0,0,0,0,0,0,0,1,0
1cq1,B,330,THR,-0.7,116.1,0.0,1,1,X,0.0,0.0,0.0,0.0,0.0,0.0,0.0,0.0,11,0.02471253510899547,3,15,-12,0,0,0,0,0,0,0,0,1,0
1cq1,B,331,TYR,-1.3,193.6,0.0,1,1,X,0.0,0.0,0.0,0.0,0.0,0.0,0.0,0.0,25,0.03310547156110714,0,14,-14,0,0,0,0,0,0,0,0,1,0
1cq1,B,332,ASN,-3.5,114.1,0.0,2,2,X,0.0,0.0,0.0,0.0,0.0,0.0,0.0,0.0,19,0.029375277582390842,1,11,-10,0,0,0,0,0,0,0,0,1,0
1cq1,B,333,TYR,-1.3,193.6,0.0,1,1,X,0.0,0.0,0.0,0.0,0.0,0.0,0.0,0.0,31,0.04709369898129325,8,15,-7,0,0,0,0,0,0,0,0,1,0
1cq1,B,334,ASN,-3.5,114.1,0.0,2,2,X,0.0,0.0,0.0,0.0,0.0,0.0,0.0,0.0,23,0.03310547156110714,1,11,-10,0,0,0,0,0,0,0,0,1,0
1cq1,B,335,ASP,-3.5,111.1,-1.0,1,3,X,0.0,0.0,0.0,0.0,0.0,0.0,0.0,0.0,21,0.03310547156110714,0,3,-3,0,0,0,0,0,0,0,0,1,0
1cq1,B,336,PRO,-1.6,112.7,0.0,0,0,X,0.0,0.0,0.0,0.0,0.0,0.0,0.0,0.0,13,0.022847438119637322,0,14,-14,0,0,0,0,0,0,0,0,1,0
1cq1,B,337,THR,-0.7,116.1,0.0,1,1,X,0.0,0.0,0.0,0.0,0.0,0.0,0.0,0.0,20,0.025645083603674543,1,19,-18,0,0,0,0,0,0,0,0,1,0
1cq1,B,338,CYS,2.5,108.5,0.0,1,0,X,0.0,0.0,0.0,0.0,0.0,0.0,0.0,0.0,23,0.04149840801321881,5,20,-15,0,0,0,0,0,0,0,0,1,0
1cq1,B,339,GLY,-0.4,60.1,0.0,0,0,X,0.0,0.0,0.0,0.0,0.0,0.0,0.0,0.0,16,0.02797645484037223,0,17,-17,0,0,0,0,0,0,0,0,1,0
1cq1,B,340,GLU,-3.5,138.4,-1.0,1,3,X,0.0,0.0,0.0,0.0,0.0,0.0,0.0,0.0,12,0.018650969893581486,0,2,-2,0,0,0,0,0,0,0,0,1,0
1cq1,B,341,MET,1.9,162.9,0.0,0,0,X,0.0,0.0,0.0,0.0,0.0,0.0,0.0,0.0,21,0.032639197313767604,3,11,-8,0,0,0,0,0,0,0,0,1,0
1cq1,B,342,THR,-0.7,116.1,0.0,1,1,X,0.0,0.0,0.0,0.0,0.0,0.0,0.0,0.0,25,0.04429605349725603,3,17,-14,0,0,0,0,0,0,0,0,1,0
1cq1,B,343,TYR,-1.3,193.6,0.0,1,1,X,0.0,0.0,0.0,0.0,0.0,0.0,0.0,0.0,29,0.040099585271200194,16,6,10,0,0,0,0,0,0,0,0,1,1
1cq1,B,344,ILE,4.5,166.7,0.0,0,0,X,0.0,0.0,0.0,0.0,0.0,0.0,0.0,0.0,32,0.04989134446533048,29,10,19,0,0,0,0,0,0,0,0,1,0
1cq1,B,345,CYS,2.5,108.5,0.0,1,0,X,0.0,0.0,0.0,0.0,0.0,0.0,0.0,0.0,33,0.04709369898129325,16,11,5,0,0,0,0,0,0,0,0,1,0
1cq1,B,346,TRP,-0.9,227.8,0.0,1,0,X,0.0,0.0,0.0,0.0,0.0,0.0,0.0,0.0,34,0.050823892960009553,10,11,-1,0,0,0,0,0,0,0,0,1,1
1cq1,B,347,PRO,-1.6,112.7,0.0,0,0,X,0.0,0.0,0.0,0.0,0.0,0.0,0.0,0.0,36,0.05129016720734909,10,20,-10,0,0,0,0,0,0,0,0,1,0
1cq1,B,348,THR,-0.7,116.1,0.0,1,1,X,0.0,0.0,0.0,0.0,0.0,0.0,0.0,0.0,38,0.053155264196707235,21,21,0,0,0,0,0,0,0,0,0,1,1
1cq1,B,349,VAL,4.2,140.0,0.0,0,0,X,0.0,0.0,0.0,0.0,0.0,0.0,0.0,0.0,44,0.050823892960009553,21,20,1,0,0,0,0,0,0,0,0,1,0
1cq1,B,350,ALA,1.8,88.6,0.0,0,0,X,0.0,0.0,0.0,0.0,0.0,0.0,0.0,0.0,42,0.045228601991935104,42,21,21,0,0,0,0,0,0,0,0,1,1
1cq1,B,351,PRO,-1.6,112.7,0.0,0,0,X,0.0,0.0,0.0,0.0,0.0,0.0,0.0,0.0,40,0.0526889899493677,22,25,-3,0,0,0,0,0,0,0,0,1,0
1cq1,B,352,SER,-0.8,89.0,0.0,1,1,X,0.0,0.0,0.0,0.0,0.0,0.0,0.0,0.0,41,0.05175644145468863,38,23,15,0,0,0,0,0,0,0,0,1,0
1cq1,B,353,SER,-0.8,89.0,0.0,1,1,X,0.0,0.0,0.0,0.0,0.0,0.0,0.0,0.0,41,0.04989134446533048,29,14,15,0,0,0,0,0,0,0,0,1,0
1cq1,B,354,ALA,1.8,88.6,0.0,0,0,X,0.0,0.0,0.0,0.0,0.0,0.0,0.0,0.0,37,0.05175644145468863,10,11,-1,0,0,0,0,0,0,0,0,1,0
1cq1,B,355,TYR,-1.3,193.6,0.0,1,1,X,0.0,0.0,0.0,0.0,0.0,0.0,0.0,0.0,35,0.04429605349725603,13,8,5,0,0,0,0,0,0,0,0,1,0
1cq1,B,356,VAL,4.2,140.0,0.0,0,0,X,0.0,0.0,0.0,0.0,0.0,0.0,0.0,0.0,29,0.04429605349725603,11,3,8,0,0,0,0,0,0,0,0,1,0
1cq1,B,357,TYR,-1.3,193.6,0.0,1,1,X,0.0,0.0,0.0,0.0,0.0,0.0,0.0,0.0,35,0.045228601991935104,20,13,7,0,0,0,0,0,0,0,0,1,0
1cq1,B,358,LYS,-3.9,168.6,1.0,2,0,X,0.0,0.0,0.0,0.0,0.0,0.0,0.0,0.0,25,0.03357174580844668,1,8,-7,0,0,0,0,0,0,0,0,1,0
1cq1,B,359,GLY,-0.4,60.1,0.0,0,0,X,0.0,0.0,0.0,0.0,0.0,0.0,0.0,0.0,26,0.03916703677652112,23,17,6,0,0,0,0,0,0,0,0,1,0
1cq1,B,360,GLY,-0.4,60.1,0.0,0,0,X,0.0,0.0,0.0,0.0,0.0,0.0,0.0,0.0,17,0.027510180593032695,27,13,14,0,0,0,0,0,0,0,0,1,0
1cq1,B,361,LYS,-3.9,168.6,1.0,2,0,X,0.0,0.0,0.0,0.0,0.0,0.0,0.0,0.0,12,0.02098234113027917,10,8,2,0,0,0,0,0,0,0,0,1,0
1cq1,B,362,LYS,-3.9,168.6,1.0,2,0,X,0.0,0.0,0.0,0.0,0.0,0.0,0.0,0.0,16,0.02984155182973038,11,8,3,0,0,0,0,0,0,0,0,1,0
1cq1,B,363,ALA,1.8,88.6,0.0,0,0,X,0.0,0.0,0.0,0.0,0.0,0.0,0.0,0.0,22,0.040565859518539735,22,16,6,0,0,0,0,0,0,0,0,1,0
1cq1,B,364,ILE,4.5,166.7,0.0,0,0,X,0.0,0.0,0.0,0.0,0.0,0.0,0.0,0.0,31,0.03963331102386066,25,13,12,0,0,0,0,0,0,0,0,1,0
1cq1,B,365,THR,-0.7,116.1,0.0,1,1,X,0.0,0.0,0.0,0.0,0.0,0.0,0.0,0.0,16,0.025645083603674543,10,9,1,0,0,0,0,0,0,0,0,1,0
1cq1,B,366,GLY,-0.4,60.1,0.0,0,0,X,0.0,0.0,0.0,0.0,0.0,0.0,0.0,0.0,18,0.025645083603674543,16,9,7,0,0,0,0,0,0,0,0,1,0
1cq1,B,367,TRP,-0.9,227.8,0.0,1,0,X,0.0,0.0,0.0,0.0,0.0,0.0,0.0,0.0,32,0.04149840801321881,25,9,16,0,0,0,0,0,0,0,0,1,0
1cq1,B,368,GLU,-3.5,138.4,-1.0,1,3,X,0.0,0.0,0.0,0.0,0.0,0.0,0.0,0.0,20,0.03683566553982344,17,4,13,0,0,0,0,0,0,0,0,1,0
1cq1,B,369,ASN,-3.5,114.1,0.0,2,2,X,0.0,0.0,0.0,0.0,0.0,0.0,0.0,0.0,28,0.045228601991935104,18,17,1,0,0,0,0,0,0,0,0,1,0
1cq1,B,370,THR,-0.7,116.1,0.0,1,1,X,0.0,0.0,0.0,0.0,0.0,0.0,0.0,0.0,33,0.050823892960009553,27,14,13,0,0,0,0,0,0,0,0,1,0
1cq1,B,371,LEU,3.8,166.7,0.0,0,0,X,0.0,0.0,0.0,0.0,0.0,0.0,0.0,0.0,42,0.048026247475972325,19,4,15,0,0,0,0,0,0,0,0,1,0
1cq1,B,372,LEU,3.8,166.7,0.0,0,0,X,0.0,0.0,0.0,0.0,0.0,0.0,0.0,0.0,36,0.05035761871267001,14,6,8,0,0,0,0,0,0,0,0,1,0
1cq1,B,373,VAL,4.2,140.0,0.0,0,0,X,0.0,0.0,0.0,0.0,0.0,0.0,0.0,0.0,39,0.05035761871267001,13,16,-3,0,0,0,0,0,0,0,0,1,0
1cq1,B,374,PRO,-1.6,112.7,0.0,0,0,X,0.0,0.0,0.0,0.0,0.0,0.0,0.0,0.0,46,0.05502036118606539,29,10,19,0,0,0,0,0,0,0,0,1,0
1cq1,B,375,SER,-0.8,89.0,0.0,1,1,X,0.0,0.0,0.0,0.0,0.0,0.0,0.0,0.0,42,0.05595290968074446,49,13,36,0,0,0,0,0,0,0,0,1,0
1cq1,B,376,LEU,3.8,166.7,0.0,0,0,X,0.0,0.0,0.0,0.0,0.0,0.0,0.0,0.0,38,0.05455408693872585,39,14,25,0,0,0,0,0,0,0,0,1,1
1cq1,B,377,LYS,-3.9,168.6,1.0,2,0,X,0.0,0.0,0.0,0.0,0.0,0.0,0.0,0.0,42,0.048026247475972325,26,5,21,0,0,0,0,0,0,0,0,1,1
1cq1,B,378,ARG,-4.5,173.4,1.0,5,0,X,0.0,0.0,0.0,0.0,0.0,0.0,0.0,0.0,45,0.05222271570202816,25,6,19,0,0,0,0,0,0,0,0,1,0
1cq1,B,379,GLY,-0.4,60.1,0.0,0,0,X,0.0,0.0,0.0,0.0,0.0,0.0,0.0,0.0,38,0.053155264196707235,48,8,40,0,0,0,0,0,0,0,0,1,0
1cq1,B,380,VAL,4.2,140.0,0.0,0,0,X,0.0,0.0,0.0,0.0,0.0,0.0,0.0,0.0,44,0.06061565215413983,42,1,41,0,0,0,0,0,0,0,0,1,0
1cq1,B,381,ILE,4.5,166.7,0.0,0,0,X,0.0,0.0,0.0,0.0,0.0,0.0,0.0,0.0,45,0.05222271570202816,32,4,28,0,0,0,0,0,0,0,0,1,0
1cq1,B,382,PHE,2.8,189.9,0.0,0,0,X,0.0,0.0,0.0,0.0,0.0,0.0,0.0,0.0,38,0.04942507021799094,25,6,19,0,0,0,0,0,0,0,0,1,0
1cq1,B,383,ARG,-4.5,173.4,1.0,5,0,X,0.0,0.0,0.0,0.0,0.0,0.0,0.0,0.0,32,0.048026247475972325,10,11,-1,0,0,0,0,0,0,0,0,1,0
1cq1,B,384,ILE,4.5,166.7,0.0,0,0,X,0.0,0.0,0.0,0.0,0.0,0.0,0.0,0.0,39,0.050823892960009553,29,20,9,0,0,0,0,0,0,0,0,1,0
1cq1,B,385,LYS,-3.9,168.6,1.0,2,0,X,0.0,0.0,0.0,0.0,0.0,0.0,0.0,0.0,30,0.04942507021799094,16,30,-14,0,0,0,0,0,0,0,0,1,0
1cq1,B,386,LEU,3.8,166.7,0.0,0,0,X,0.0,0.0,0.0,0.0,0.0,0.0,0.0,0.0,37,0.05035761871267001,20,21,-1,0,0,0,0,0,0,0,0,1,0
1cq1,B,387,ASP,-3.5,111.1,-1.0,1,3,X,0.0,0.0,0.0,0.0,0.0,0.0,0.0,0.0,29,0.043829779249916496,19,5,14,0,0,0,0,0,0,0,0,1,0
1cq1,B,388,PRO,-1.6,112.7,0.0,0,0,X,0.0,0.0,0.0,0.0,0.0,0.0,0.0,0.0,19,0.03124037457174899,20,16,4,0,0,0,0,0,0,0,0,1,0
1cq1,B,389,THR,-0.7,116.1,0.0,1,1,X,0.0,0.0,0.0,0.0,0.0,0.0,0.0,0.0,20,0.03310547156110714,14,8,6,0,0,0,0,0,0,0,0,1,0
1cq1,B,390,TYR,-1.3,193.6,0.0,1,1,X,0.0,0.0,0.0,0.0,0.0,0.0,0.0,0.0,29,0.043363505002576956,19,12,7,0,0,0,0,0,0,0,0,1,0
1cq1,B,391,SER,-0.8,89.0,0.0,1,1,X,0.0,0.0,0.0,0.0,0.0,0.0,0.0,0.0,23,0.03823448828184205,15,9,6,0,0,0,0,0,0,0,0,1,0
1cq1,B,392,THR,-0.7,116.1,0.0,1,1,X,0.0,0.0,0.0,0.0,0.0,0.0,0.0,0.0,29,0.043829779249916496,18,12,6,0,0,0,0,0,0,0,0,1,0
1cq1,B,393,THR,-0.7,116.1,0.0,1,1,X,0.0,0.0,0.0,0.0,0.0,0.0,0.0,0.0,33,0.045694876239274644,19,26,-7,0,0,0,0,0,0,0,0,1,0
1cq1,B,394,TYR,-1.3,193.6,0.0,1,1,X,0.0,0.0,0.0,0.0,0.0,0.0,0.0,0.0,29,0.04662742473395372,20,23,-3,0,0,0,0,0,0,0,0,1,0
1cq1,B,395,ASP,-3.5,111.1,-1.0,1,3,X,0.0,0.0,0.0,0.0,0.0,0.0,0.0,0.0,28,0.04289723075523742,32,14,18,0,0,0,0,0,0,0,0,1,0
1cq1,B,396,ASP,-3.5,111.1,-1.0,1,3,X,0.0,0.0,0.0,0.0,0.0,0.0,0.0,0.0,31,0.034970568550465285,32,18,14,0,0,0,0,0,0,0,0,1,0
1cq1,B,397,ALA,1.8,88.6,0.0,0,0,X,0.0,0.0,0.0,0.0,0.0,0.0,0.0,0.0,29,0.040565859518539735,27,24,3,0,0,0,0,0,0,0,0,1,0
1cq1,B,398,VAL,4.2,140.0,0.0,0,0,X,0.0,0.0,0.0,0.0,0.0,0.0,0.0,0.0,27,0.03357174580844668,21,16,5,0,0,0,0,0,0,0,0,1,0
1cq1,B,399,PRO,-1.6,112.7,0.0,0,0,X,0.0,0.0,0.0,0.0,0.0,0.0,0.0,0.0,32,0.04662742473395372,42,4,38,0,0,0,0,0,0,0,0,1,0
1cq1,B,400,MET,1.9,162.9,0.0,0,0,X,0.0,0.0,0.0,0.0,0.0,0.0,0.0,0.0,35,0.04662742473395372,28,2,26,0,0,0,0,0,0,0,0,1,0
1cq1,B,401,PHE,2.8,189.9,0.0,0,0,X,0.0,0.0,0.0,0.0,0.0,0.0,0.0,0.0,37,0.04429605349725603,35,12,23,0,0,0,0,0,0,0,0,1,0
1cq1,B,402,LYS,-3.9,168.6,1.0,2,0,X,0.0,0.0,0.0,0.0,0.0,0.0,0.0,0.0,36,0.048958795970651406,33,14,19,0,0,0,0,0,0,0,0,1,0
1cq1,B,403,SER,-0.8,89.0,0.0,1,1,X,0.0,0.0,0.0,0.0,0.0,0.0,0.0,0.0,33,0.04243095650789788,44,16,28,0,0,0,0,0,0,0,0,1,0
1cq1,B,404,ASN,-3.5,114.1,0.0,2,2,X,0.0,0.0,0.0,0.0,0.0,0.0,0.0,0.0,30,0.048492521723311866,37,18,19,0,0,0,0,0,0,0,0,1,0
1cq1,B,405,ASN,-3.5,114.1,0.0,2,2,X,0.0,0.0,0.0,0.0,0.0,0.0,0.0,0.0,39,0.05595290968074446,37,17,20,0,0,0,0,0,0,0,0,1,0
1cq1,B,406,ARG,-4.5,173.4,1.0,5,0,X,0.0,0.0,0.0,0.0,0.0,0.0,0.0,0.0,41,0.058284280917442144,25,10,15,0,0,0,0,0,0,0,0,1,1
1cq1,B,407,TYR,-1.3,193.6,0.0,1,1,X,0.0,0.0,0.0,0.0,0.0,0.0,0.0,0.0,38,0.05735173242276307,42,16,26,0,0,0,0,0,0,0,0,1,0
1cq1,B,408,ARG,-4.5,173.4,1.0,5,0,X,0.0,0.0,0.0,0.0,0.0,0.0,0.0,0.0,41,0.05735173242276307,43,16,27,0,0,0,0,0,0,0,0,1,1
1cq1,B,409,ASP,-3.5,111.1,-1.0,1,3,X,0.0,0.0,0.0,0.0,0.0,0.0,0.0,0.0,41,0.05222271570202816,30,3,27,0,0,0,0,0,0,0,0,1,0
1cq1,B,410,VAL,4.2,140.0,0.0,0,0,X,0.0,0.0,0.0,0.0,0.0,0.0,0.0,0.0,40,0.0526889899493677,13,8,5,0,0,0,0,0,0,0,0,1,0
1cq1,B,411,ILE,4.5,166.7,0.0,0,0,X,0.0,0.0,0.0,0.0,0.0,0.0,0.0,0.0,36,0.04476232774459557,10,8,2,0,0,0,0,0,0,0,0,1,0
1cq1,B,412,ALA,1.8,88.6,0.0,0,0,X,0.0,0.0,0.0,0.0,0.0,0.0,0.0,0.0,32,0.05129016720734909,12,9,3,0,0,0,0,0,0,0,0,1,0
1cq1,B,413,SER,-0.8,89.0,0.0,1,1,X,0.0,0.0,0.0,0.0,0.0,0.0,0.0,0.0,31,0.04243095650789788,23,8,15,0,0,0,0,0,0,0,0,1,0
1cq1,B,414,PRO,-1.6,112.7,0.0,0,0,X,0.0,0.0,0.0,0.0,0.0,0.0,0.0,0.0,23,0.028909003335051305,26,8,18,0,0,0,0,0,0,0,0,1,0
1cq1,B,415,ASP,-3.5,111.1,-1.0,1,3,X,0.0,0.0,0.0,0.0,0.0,0.0,0.0,0.0,18,0.03590311704514436,22,0,22,0,0,0,0,0,0,0,0,1,0
1cq1,B,416,GLY,-0.4,60.1,0.0,0,0,X,0.0,0.0,0.0,0.0,0.0,0.0,0.0,0.0,28,0.048492521723311866,23,8,15,0,0,0,0,0,0,0,0,1,0
1cq1,B,417,ASN,-3.5,114.1,0.0,2,2,X,0.0,0.0,0.0,0.0,0.0,0.0,0.0,0.0,27,0.048026247475972325,26,10,16,0,0,0,0,0,0,0,0,1,0
1cq1,B,418,VAL,4.2,140.0,0.0,0,0,X,0.0,0.0,0.0,0.0,0.0,0.0,0.0,0.0,33,0.045228601991935104,21,13,8,0,0,0,0,0,0,0,0,1,0
1cq1,B,419,LEU,3.8,166.7,0.0,0,0,X,0.0,0.0,0.0,0.0,0.0,0.0,0.0,0.0,36,0.05222271570202816,13,7,6,0,0,0,0,0,0,0,0,1,0
1cq1,B,420,TYR,-1.3,193.6,0.0,1,1,X,0.0,0.0,0.0,0.0,0.0,0.0,0.0,0.0,38,0.050823892960009553,14,4,10,0,0,0,0,0,0,0,0,1,0
1cq1,B,421,VAL,4.2,140.0,0.0,0,0,X,0.0,0.0,0.0,0.0,0.0,0.0,0.0,0.0,42,0.053155264196707235,28,9,19,0,0,0,0,0,0,0,0,1,0
1cq1,B,422,LEU,3.8,166.7,0.0,0,0,X,0.0,0.0,0.0,0.0,0.0,0.0,0.0,0.0,41,0.05548663543340492,35,18,17,0,0,0,0,0,0,0,0,1,0
1cq1,B,423,THR,-0.7,116.1,0.0,1,1,X,0.0,0.0,0.0,0.0,0.0,0.0,0.0,0.0,44,0.05548663543340492,35,19,16,0,0,0,0,0,0,0,0,1,0
1cq1,B,424,ASP,-3.5,111.1,-1.0,1,3,X,0.0,0.0,0.0,0.0,0.0,0.0,0.0,0.0,34,0.05035761871267001,47,5,42,0,0,0,0,0,0,0,0,1,0
1cq1,B,425,THR,-0.7,116.1,0.0,1,1,X,0.0,0.0,0.0,0.0,0.0,0.0,0.0,0.0,29,0.04103213376587927,30,13,17,0,0,0,0,0,0,0,0,1,0
1cq1,B,426,ALA,1.8,88.6,0.0,0,0,X,0.0,0.0,0.0,0.0,0.0,0.0,0.0,0.0,29,0.030307826077069916,24,9,15,0,0,0,0,0,0,0,0,1,0
1cq1,B,427,GLY,-0.4,60.1,0.0,0,0,X,0.0,0.0,0.0,0.0,0.0,0.0,0.0,0.0,27,0.02984155182973038,18,9,9,0,0,0,0,0,0,0,0,1,0
1cq1,B,428,ASN,-3.5,114.1,0.0,2,2,X,0.0,0.0,0.0,0.0,0.0,0.0,0.0,0.0,28,0.04243095650789788,23,5,18,0,0,0,0,0,0,0,0,1,0
1cq1,B,429,VAL,4.2,140.0,0.0,0,0,X,0.0,0.0,0.0,0.0,0.0,0.0,0.0,0.0,35,0.056419183928083996,43,12,31,0,0,0,0,0,0,0,0,1,0
1cq1,B,430,GLN,-3.5,143.8,0.0,2,2,X,0.0,0.0,0.0,0.0,0.0,0.0,0.0,0.0,39,0.05035761871267001,38,17,21,0,0,0,0,0,0,0,0,1,0
1cq1,B,431,LYS,-3.9,168.6,1.0,2,0,X,0.0,0.0,0.0,0.0,0.0,0.0,0.0,0.0,26,0.04243095650789788,13,16,-3,0,0,0,0,0,0,0,0,1,0
1cq1,B,432,ASP,-3.5,111.1,-1.0,1,3,X,0.0,0.0,0.0,0.0,0.0,0.0,0.0,0.0,23,0.03963331102386066,34,8,26,0,0,0,0,0,0,0,0,1,0
1cq1,B,433,ASP,-3.5,111.1,-1.0,1,3,X,0.0,0.0,0.0,0.0,0.0,0.0,0.0,0.0,19,0.02797645484037223,13,8,5,0,0,0,0,0,0,0,0,1,0
1cq1,B,434,GLY,-0.4,60.1,0.0,0,0,X,0.0,0.0,0.0,0.0,0.0,0.0,0.0,0.0,29,0.03776821403450251,26,21,5,0,0,0,0,0,0,0,0,1,0
1cq1,B,435,SER,-0.8,89.0,0.0,1,1,X,0.0,0.0,0.0,0.0,0.0,0.0,0.0,0.0,24,0.03403802005578621,13,18,-5,0,0,0,0,0,0,0,0,1,0
1cq1,B,436,VAL,4.2,140.0,0.0,0,0,X,0.0,0.0,0.0,0.0,0.0,0.0,0.0,0.0,26,0.04289723075523742,16,18,-2,0,0,0,0,0,0,0,0,1,0
1cq1,B,437,THR,-0.7,116.1,0.0,1,1,X,0.0,0.0,0.0,0.0,0.0,0.0,0.0,0.0,26,0.03730193978716297,18,8,10,0,0,0,0,0,0,0,0,1,0
1cq1,B,438,ASN,-3.5,114.1,0.0,2,2,X,0.0,0.0,0.0,0.0,0.0,0.0,0.0,0.0,20,0.030774100324409453,9,1,8,0,0,0,0,0,0,0,0,1,0
1cq1,B,439,THR,-0.7,116.1,0.0,1,1,X,0.0,0.0,0.0,0.0,0.0,0.0,0.0,0.0,20,0.02797645484037223,10,9,1,0,0,0,0,0,0,0,0,1,0
1cq1,B,440,LEU,3.8,166.7,0.0,0,0,X,0.0,0.0,0.0,0.0,0.0,0.0,0.0,0.0,26,0.045228601991935104,11,17,-6,0,0,0,0,0,0,0,0,1,0
1cq1,B,441,GLU,-3.5,138.4,-1.0,1,3,X,0.0,0.0,0.0,0.0,0.0,0.0,0.0,0.0,23,0.02984155182973038,9,1,8,0,0,0,0,0,0,0,0,1,0
1cq1,B,442,ASN,-3.5,114.1,0.0,2,2,X,0.0,0.0,0.0,0.0,0.0,0.0,0.0,0.0,31,0.040099585271200194,14,14,0,0,0,0,0,0,0,0,0,1,0
1cq1,B,443,PRO,-1.6,112.7,0.0,0,0,X,0.0,0.0,0.0,0.0,0.0,0.0,0.0,0.0,27,0.043829779249916496,10,16,-6,0,0,0,0,0,0,0,0,1,0
1cq1,B,444,GLY,-0.4,60.1,0.0,0,0,X,0.0,0.0,0.0,0.0,0.0,0.0,0.0,0.0,31,0.048026247475972325,20,18,2,0,0,0,0,0,0,0,0,1,0
1cq1,B,445,SER,-0.8,89.0,0.0,1,1,X,0.0,0.0,0.0,0.0,0.0,0.0,0.0,0.0,36,0.0526889899493677,21,16,5,0,0,0,0,0,0,0,0,1,0
1cq1,B,446,LEU,3.8,166.7,0.0,0,0,X,0.0,0.0,0.0,0.0,0.0,0.0,0.0,0.0,41,0.05129016720734909,21,6,15,0,0,0,0,0,0,0,0,1,0
1cq1,B,447,ILE,4.5,166.7,0.0,0,0,X,0.0,0.0,0.0,0.0,0.0,0.0,0.0,0.0,38,0.05222271570202816,28,8,20,0,0,0,0,0,0,0,0,1,0
1cq1,B,448,LYS,-3.9,168.6,1.0,2,0,X,0.0,0.0,0.0,0.0,0.0,0.0,0.0,0.0,31,0.048958795970651406,18,12,6,0,0,0,0,0,0,0,0,1,0
1cq1,B,449,PHE,2.8,189.9,0.0,0,0,X,0.0,0.0,0.0,0.0,0.0,0.0,0.0,0.0,37,0.04989134446533048,31,11,20,0,0,0,0,0,0,0,0,1,0
1cq1,B,450,THR,-0.7,116.1,0.0,1,1,X,0.0,0.0,0.0,0.0,0.0,0.0,0.0,0.0,21,0.045228601991935104,34,10,24,0,0,0,0,0,0,0,0,1,0
1cq1,B,451,TYR,-1.3,193.6,0.0,1,1,X,0.0,0.0,0.0,0.0,0.0,0.0,0.0,0.0,22,0.040099585271200194,15,13,2,0,0,0,0,0,0,0,0,1,0
1cq1,B,452,LYS,-3.9,168.6,1.0,2,0,X,0.0,0.0,0.0,0.0,0.0,0.0,0.0,0.0,12,0.027510180593032695,2,16,-14,0,0,0,0,0,0,0,0,1,0
