pdb_id,chain_id,residue_id,residue_name,hydrophobicity,volume,charge,hbond_donor,hbond_acceptor,ss_type,rel_asa,phi,psi,hse_up,hse_down,hse_ratio,residue_depth,ca_depth,neighbor_count,atom_density,pos_charged_neighbors,neg_charged_neighbors,net_charge_environment,ss_H,ss_B,ss_E,ss_G,ss_I,ss_T,ss_S,ss_ ,ss_X,is_binding_site
1cru,A,1,ASP,-3.5,111.1,-1.0,1,3,X,0.0,0.0,0.0,0.0,0.0,0.0,0.0,0.0,33,0.04709369898129325,18,43,-25,0,0,0,0,0,0,0,0,1,0
1cru,A,2,VAL,4.2,140.0,0.0,0,0,X,0.0,0.0,0.0,0.0,0.0,0.0,0.0,0.0,28,0.03963331102386066,20,41,-21,0,0,0,0,0,0,0,0,1,0
1cru,A,3,PRO,-1.6,112.7,0.0,0,0,X,0.0,0.0,0.0,0.0,0.0,0.0,0.0,0.0,31,0.04103213376587927,10,23,-13,0,0,0,0,0,0,0,0,1,0
1cru,A,4,LEU,3.8,166.7,0.0,0,0,X,0.0,0.0,0.0,0.0,0.0,0.0,0.0,0.0,27,0.034970568550465285,13,11,2,0,0,0,0,0,0,0,0,1,0
1cru,A,5,THR,-0.7,116.1,0.0,1,1,X,0.0,0.0,0.0,0.0,0.0,0.0,0.0,0.0,21,0.02984155182973038,14,8,6,0,0,0,0,0,0,0,0,1,0
1cru,A,6,PRO,-1.6,112.7,0.0,0,0,X,0.0,0.0,0.0,0.0,0.0,0.0,0.0,0.0,24,0.03916703677652112,26,19,7,0,0,0,0,0,0,0,0,1,0
1cru,A,7,SER,-0.8,89.0,0.0,1,1,X,0.0,0.0,0.0,0.0,0.0,0.0,0.0,0.0,18,0.030307826077069916,19,13,6,0,0,0,0,0,0,0,0,1,0
1cru,A,8,GLN,-3.5,143.8,0.0,2,2,X,0.0,0.0,0.0,0.0,0.0,0.0,0.0,0.0,21,0.032172923066428064,13,1,12,0,0,0,0,0,0,0,0,1,0
1cru,A,9,PHE,2.8,189.9,0.0,0,0,X,0.0,0.0,0.0,0.0,0.0,0.0,0.0,0.0,35,0.0526889899493677,44,11,33,0,0,0,0,0,0,0,0,1,0
1cru,A,10,ALA,1.8,88.6,0.0,0,0,X,0.0,0.0,0.0,0.0,0.0,0.0,0.0,0.0,25,0.03776821403450251,36,16,20,0,0,0,0,0,0,0,0,1,0
1cru,A,11,LYS,-3.9,168.6,1.0,2,0,X,0.0,0.0,0.0,0.0,0.0,0.0,0.0,0.0,18,0.02797645484037223,17,11,6,0,0,0,0,0,0,0,0,1,0
1cru,A,12,ALA,1.8,88.6,0.0,0,0,X,0.0,0.0,0.0,0.0,0.0,0.0,0.0,0.0,28,0.03963331102386066,31,14,17,0,0,0,0,0,0,0,0,1,0
1cru,A,13,LYS,-3.9,168.6,1.0,2,0,X,0.0,0.0,0.0,0.0,0.0,0.0,0.0,0.0,26,0.03310547156110714,20,16,4,0,0,0,0,0,0,0,0,1,0
1cru,A,14,SER,-0.8,89.0,0.0,1,1,X,0.0,0.0,0.0,0.0,0.0,0.0,0.0,0.0,25,0.034970568550465285,28,15,13,0,0,0,0,0,0,0,0,1,0
1cru,A,15,GLU,-3.5,138.4,-1.0,1,3,X,0.0,0.0,0.0,0.0,0.0,0.0,0.0,0.0,14,0.02144861537761871,17,6,11,0,0,0,0,0,0,0,0,1,0
1cru,A,16,ASN,-3.5,114.1,0.0,2,2,X,0.0,0.0,0.0,0.0,0.0,0.0,0.0,0.0,17,0.02144861537761871,7,17,-10,0,0,0,0,0,0,0,0,1,0
1cru,A,17,PHE,2.8,189.9,0.0,0,0,X,0.0,0.0,0.0,0.0,0.0,0.0,0.0,0.0,21,0.032639197313767604,21,15,6,0,0,0,0,0,0,0,0,1,0
1cru,A,18,ASP,-3.5,111.1,-1.0,1,3,X,0.0,0.0,0.0,0.0,0.0,0.0,0.0,0.0,16,0.027510180593032695,27,6,21,0,0,0,0,0,0,0,0,1,0
1cru,A,19,LYS,-3.9,168.6,1.0,2,0,X,0.0,0.0,0.0,0.0,0.0,0.0,0.0,0.0,24,0.03403802005578621,22,16,6,0,0,0,0,0,0,0,0,1,0
1cru,A,20,LYS,-3.9,168.6,1.0,2,0,X,0.0,0.0,0.0,0.0,0.0,0.0,0.0,0.0,20,0.03170664881908853,18,10,8,0,0,0,0,0,0,0,0,1,0
1cru,A,21,VAL,4.2,140.0,0.0,0,0,X,0.0,0.0,0.0,0.0,0.0,0.0,0.0,0.0,23,0.034970568550465285,27,7,20,0,0,0,0,0,0,0,0,1,0
1cru,A,22,ILE,4.5,166.7,0.0,0,0,X,0.0,0.0,0.0,0.0,0.0,0.0,0.0,0.0,30,0.03776821403450251,22,5,17,0,0,0,0,0,0,0,0,1,0
1cru,A,23,LEU,3.8,166.7,0.0,0,0,X,0.0,0.0,0.0,0.0,0.0,0.0,0.0,0.0,32,0.035436842797804825,12,2,10,0,0,0,0,0,0,0,0,1,0
1cru,A,24,SER,-0.8,89.0,0.0,1,1,X,0.0,0.0,0.0,0.0,0.0,0.0,0.0,0.0,22,0.03403802005578621,2,5,-3,0,0,0,0,0,0,0,0,1,0
1cru,A,25,ASN,-3.5,114.1,0.0,2,2,X,0.0,0.0,0.0,0.0,0.0,0.0,0.0,0.0,21,0.023779986614316396,3,5,-2,0,0,0,0,0,0,0,0,1,0
1cru,A,26,LEU,3.8,166.7,0.0,0,0,X,0.0,0.0,0.0,0.0,0.0,0.0,0.0,0.0,31,0.03963331102386066,17,14,3,0,0,0,0,0,0,0,0,1,0
1cru,A,27,ASN,-3.5,114.1,0.0,2,2,X,0.0,0.0,0.0,0.0,0.0,0.0,0.0,0.0,24,0.03776821403450251,32,16,16,0,0,0,0,0,0,0,0,1,0
1cru,A,28,LYS,-3.9,168.6,1.0,2,0,X,0.0,0.0,0.0,0.0,0.0,0.0,0.0,0.0,35,0.045228601991935104,31,22,9,0,0,0,0,0,0,0,0,1,0
1cru,A,29,PRO,-1.6,112.7,0.0,0,0,X,0.0,0.0,0.0,0.0,0.0,0.0,0.0,0.0,37,0.05408781269138631,48,24,24,0,0,0,0,0,0,0,0,1,0
1cru,A,30,HIS,-3.2,153.2,0.1,2,1,X,0.0,0.0,0.0,0.0,0.0,0.0,0.0,0.0,40,0.04942507021799094,41,21,20,0,0,0,0,0,0,0,0,1,0
1cru,A,31,ALA,1.8,88.6,0.0,0,0,X,0.0,0.0,0.0,0.0,0.0,0.0,0.0,0.0,42,0.048026247475972325,42,15,27,0,0,0,0,0,0,0,0,1,0
1cru,A,32,LEU,3.8,166.7,0.0,0,0,X,0.0,0.0,0.0,0.0,0.0,0.0,0.0,0.0,36,0.04709369898129325,21,9,12,0,0,0,0,0,0,0,0,1,0
1cru,A,33,LEU,3.8,166.7,0.0,0,0,X,0.0,0.0,0.0,0.0,0.0,0.0,0.0,0.0,36,0.04243095650789788,11,9,2,0,0,0,0,0,0,0,0,1,0
1cru,A,34,TRP,-0.9,227.8,0.0,1,0,X,0.0,0.0,0.0,0.0,0.0,0.0,0.0,0.0,25,0.045694876239274644,4,11,-7,0,0,0,0,0,0,0,0,1,0
1cru,A,35,GLY,-0.4,60.1,0.0,0,0,X,0.0,0.0,0.0,0.0,0.0,0.0,0.0,0.0,26,0.04429605349725603,15,8,7,0,0,0,0,0,0,0,0,1,0
1cru,A,36,PRO,-1.6,112.7,0.0,0,0,X,0.0,0.0,0.0,0.0,0.0,0.0,0.0,0.0,24,0.03403802005578621,21,12,9,0,0,0,0,0,0,0,0,1,0
1cru,A,37,ASP,-3.5,111.1,-1.0,1,3,X,0.0,0.0,0.0,0.0,0.0,0.0,0.0,0.0,19,0.030307826077069916,20,3,17,0,0,0,0,0,0,0,0,1,0
1cru,A,38,ASN,-3.5,114.1,0.0,2,2,X,0.0,0.0,0.0,0.0,0.0,0.0,0.0,0.0,21,0.03310547156110714,5,11,-6,0,0,0,0,0,0,0,0,1,0
1cru,A,39,GLN,-3.5,143.8,0.0,2,2,X,0.0,0.0,0.0,0.0,0.0,0.0,0.0,0.0,29,0.048492521723311866,15,14,1,0,0,0,0,0,0,0,0,1,0
1cru,A,40,ILE,4.5,166.7,0.0,0,0,X,0.0,0.0,0.0,0.0,0.0,0.0,0.0,0.0,40,0.05502036118606539,12,10,2,0,0,0,0,0,0,0,0,1,0
1cru,A,41,TRP,-0.9,227.8,0.0,1,0,X,0.0,0.0,0.0,0.0,0.0,0.0,0.0,0.0,33,0.05175644145468863,18,11,7,0,0,0,0,0,0,0,0,1,0
1cru,A,42,LEU,3.8,166.7,0.0,0,0,X,0.0,0.0,0.0,0.0,0.0,0.0,0.0,0.0,43,0.048958795970651406,31,12,19,0,0,0,0,0,0,0,0,1,0
1cru,A,43,THR,-0.7,116.1,0.0,1,1,X,0.0,0.0,0.0,0.0,0.0,0.0,0.0,0.0,39,0.0526889899493677,39,12,27,0,0,0,0,0,0,0,0,1,0
1cru,A,44,GLU,-3.5,138.4,-1.0,1,3,X,0.0,0.0,0.0,0.0,0.0,0.0,0.0,0.0,33,0.053621538444046775,38,0,38,0,0,0,0,0,0,0,0,1,0
1cru,A,45,ARG,-4.5,173.4,1.0,5,0,X,0.0,0.0,0.0,0.0,0.0,0.0,0.0,0.0,34,0.053155264196707235,31,21,10,0,0,0,0,0,0,0,0,1,0
1cru,A,46,ALA,1.8,88.6,0.0,0,0,X,0.0,0.0,0.0,0.0,0.0,0.0,0.0,0.0,28,0.04289723075523742,34,18,16,0,0,0,0,0,0,0,0,1,0
1cru,A,47,THR,-0.7,116.1,0.0,1,1,X,0.0,0.0,0.0,0.0,0.0,0.0,0.0,0.0,26,0.03823448828184205,28,13,15,0,0,0,0,0,0,0,0,1,0
1cru,A,48,GLY,-0.4,60.1,0.0,0,0,X,0.0,0.0,0.0,0.0,0.0,0.0,0.0,0.0,37,0.04616115048661418,23,13,10,0,0,0,0,0,0,0,0,1,0
1cru,A,49,LYS,-3.9,168.6,1.0,2,0,X,0.0,0.0,0.0,0.0,0.0,0.0,0.0,0.0,26,0.04709369898129325,15,9,6,0,0,0,0,0,0,0,0,1,0
1cru,A,50,ILE,4.5,166.7,0.0,0,0,X,0.0,0.0,0.0,0.0,0.0,0.0,0.0,0.0,37,0.05129016720734909,28,11,17,0,0,0,0,0,0,0,0,1,0
1cru,A,51,LEU,3.8,166.7,0.0,0,0,X,0.0,0.0,0.0,0.0,0.0,0.0,0.0,0.0,36,0.050823892960009553,30,9,21,0,0,0,0,0,0,0,0,1,0
1cru,A,52,ARG,-4.5,173.4,1.0,5,0,X,0.0,0.0,0.0,0.0,0.0,0.0,0.0,0.0,30,0.04989134446533048,10,16,-6,0,0,0,0,0,0,0,0,1,0
1cru,A,53,VAL,4.2,140.0,0.0,0,0,X,0.0,0.0,0.0,0.0,0.0,0.0,0.0,0.0,31,0.04942507021799094,18,10,8,0,0,0,0,0,0,0,0,1,0
1cru,A,54,ASN,-3.5,114.1,0.0,2,2,X,0.0,0.0,0.0,0.0,0.0,0.0,0.0,0.0,20,0.03823448828184205,16,14,2,0,0,0,0,0,0,0,0,1,0
1cru,A,55,PRO,-1.6,112.7,0.0,0,0,X,0.0,0.0,0.0,0.0,0.0,0.0,0.0,0.0,29,0.04196468226055834,13,12,1,0,0,0,0,0,0,0,0,1,0
1cru,A,56,GLU,-3.5,138.4,-1.0,1,3,X,0.0,0.0,0.0,0.0,0.0,0.0,0.0,0.0,15,0.02331371236697686,7,0,7,0,0,0,0,0,0,0,0,1,0
1cru,A,57,SER,-0.8,89.0,0.0,1,1,X,0.0,0.0,0.0,0.0,0.0,0.0,0.0,0.0,17,0.023779986614316396,9,9,0,0,0,0,0,0,0,0,0,1,0
1cru,A,58,GLY,-0.4,60.1,0.0,0,0,X,0.0,0.0,0.0,0.0,0.0,0.0,0.0,0.0,21,0.03450429430312575,15,9,6,0,0,0,0,0,0,0,0,1,0
1cru,A,59,SER,-0.8,89.0,0.0,1,1,X,0.0,0.0,0.0,0.0,0.0,0.0,0.0,0.0,16,0.02471253510899547,17,9,8,0,0,0,0,0,0,0,0,1,0
1cru,A,60,VAL,4.2,140.0,0.0,0,0,X,0.0,0.0,0.0,0.0,0.0,0.0,0.0,0.0,23,0.030774100324409453,20,1,19,0,0,0,0,0,0,0,0,1,0
1cru,A,61,LYS,-3.9,168.6,1.0,2,0,X,0.0,0.0,0.0,0.0,0.0,0.0,0.0,0.0,22,0.030307826077069916,13,9,4,0,0,0,0,0,0,0,0,1,0
1cru,A,62,THR,-0.7,116.1,0.0,1,1,X,0.0,0.0,0.0,0.0,0.0,0.0,0.0,0.0,24,0.03310547156110714,29,13,16,0,0,0,0,0,0,0,0,1,0
1cru,A,63,VAL,4.2,140.0,0.0,0,0,X,0.0,0.0,0.0,0.0,0.0,0.0,0.0,0.0,27,0.04476232774459557,28,10,18,0,0,0,0,0,0,0,0,1,0
1cru,A,64,PHE,2.8,189.9,0.0,0,0,X,0.0,0.0,0.0,0.0,0.0,0.0,0.0,0.0,32,0.03730193978716297,14,11,3,0,0,0,0,0,0,0,0,1,0
1cru,A,65,GLN,-3.5,143.8,0.0,2,2,X,0.0,0.0,0.0,0.0,0.0,0.0,0.0,0.0,20,0.03730193978716297,11,13,-2,0,0,0,0,0,0,0,0,1,0
1cru,A,66,VAL,4.2,140.0,0.0,0,0,X,0.0,0.0,0.0,0.0,0.0,0.0,0.0,0.0,30,0.04243095650789788,20,14,6,0,0,0,0,0,0,0,0,1,0
1cru,A,67,PRO,-1.6,112.7,0.0,0,0,X,0.0,0.0,0.0,0.0,0.0,0.0,0.0,0.0,21,0.02984155182973038,10,10,0,0,0,0,0,0,0,0,0,1,0
1cru,A,68,GLU,-3.5,138.4,-1.0,1,3,X,0.0,0.0,0.0,0.0,0.0,0.0,0.0,0.0,20,0.025645083603674543,13,0,13,0,0,0,0,0,0,0,0,1,0
1cru,A,69,ILE,4.5,166.7,0.0,0,0,X,0.0,0.0,0.0,0.0,0.0,0.0,0.0,0.0,29,0.04289723075523742,21,13,8,0,0,0,0,0,0,0,0,1,0
1cru,A,70,VAL,4.2,140.0,0.0,0,0,X,0.0,0.0,0.0,0.0,0.0,0.0,0.0,0.0,30,0.03870076252918159,19,16,3,0,0,0,0,0,0,0,0,1,0
1cru,A,71,ASN,-3.5,114.1,0.0,2,2,X,0.0,0.0,0.0,0.0,0.0,0.0,0.0,0.0,27,0.040565859518539735,27,20,7,0,0,0,0,0,0,0,0,1,0
1cru,A,72,ASP,-3.5,111.1,-1.0,1,3,X,0.0,0.0,0.0,0.0,0.0,0.0,0.0,0.0,22,0.03124037457174899,20,13,7,0,0,0,0,0,0,0,0,1,0
1cru,A,73,ALA,1.8,88.6,0.0,0,0,X,0.0,0.0,0.0,0.0,0.0,0.0,0.0,0.0,14,0.02144861537761871,19,17,2,0,0,0,0,0,0,0,0,1,0
1cru,A,74,ASP,-3.5,111.1,-1.0,1,3,X,0.0,0.0,0.0,0.0,0.0,0.0,0.0,0.0,13,0.022847438119637322,15,14,1,0,0,0,0,0,0,0,0,1,0
1cru,A,75,GLY,-0.4,60.1,0.0,0,0,X,0.0,0.0,0.0,0.0,0.0,0.0,0.0,0.0,23,0.0363693912924839,33,24,9,0,0,0,0,0,0,0,0,1,0
1cru,A,76,GLN,-3.5,143.8,0.0,2,2,X,0.0,0.0,0.0,0.0,0.0,0.0,0.0,0.0,34,0.04243095650789788,45,25,20,0,0,0,0,0,0,0,0,1,1
1cru,A,77,ASN,-3.5,114.1,0.0,2,2,X,0.0,0.0,0.0,0.0,0.0,0.0,0.0,0.0,34,0.05129016720734909,34,24,10,0,0,0,0,0,0,0,0,1,0
1cru,A,78,GLY,-0.4,60.1,0.0,0,0,X,0.0,0.0,0.0,0.0,0.0,0.0,0.0,0.0,40,0.048958795970651406,29,15,14,0,0,0,0,0,0,0,0,1,0
1cru,A,79,LEU,3.8,166.7,0.0,0,0,X,0.0,0.0,0.0,0.0,0.0,0.0,0.0,0.0,43,0.05408781269138631,32,10,22,0,0,0,0,0,0,0,0,1,0
1cru,A,80,LEU,3.8,166.7,0.0,0,0,X,0.0,0.0,0.0,0.0,0.0,0.0,0.0,0.0,45,0.048492521723311866,36,4,32,0,0,0,0,0,0,0,0,1,0
1cru,A,81,GLY,-0.4,60.1,0.0,0,0,X,0.0,0.0,0.0,0.0,0.0,0.0,0.0,0.0,43,0.04942507021799094,34,4,30,0,0,0,0,0,0,0,0,1,0
1cru,A,82,PHE,2.8,189.9,0.0,0,0,X,0.0,0.0,0.0,0.0,0.0,0.0,0.0,0.0,39,0.048026247475972325,23,3,20,0,0,0,0,0,0,0,0,1,0
1cru,A,83,ALA,1.8,88.6,0.0,0,0,X,0.0,0.0,0.0,0.0,0.0,0.0,0.0,0.0,41,0.03963331102386066,25,0,25,0,0,0,0,0,0,0,0,1,0
1cru,A,84,PHE,2.8,189.9,0.0,0,0,X,0.0,0.0,0.0,0.0,0.0,0.0,0.0,0.0,32,0.045694876239274644,13,10,3,0,0,0,0,0,0,0,0,1,0
1cru,A,85,HIS,-3.2,153.2,0.1,2,1,X,0.0,0.0,0.0,0.0,0.0,0.0,0.0,0.0,23,0.04709369898129325,16,8,8,0,0,0,0,0,0,0,0,1,0
1cru,A,86,PRO,-1.6,112.7,0.0,0,0,X,0.0,0.0,0.0,0.0,0.0,0.0,0.0,0.0,21,0.030307826077069916,18,11,7,0,0,0,0,0,0,0,0,1,0
1cru,A,87,ASP,-3.5,111.1,-1.0,1,3,X,0.0,0.0,0.0,0.0,0.0,0.0,0.0,0.0,14,0.03170664881908853,19,0,19,0,0,0,0,0,0,0,0,1,0
1cru,A,88,PHE,2.8,189.9,0.0,0,0,X,0.0,0.0,0.0,0.0,0.0,0.0,0.0,0.0,23,0.04243095650789788,26,15,11,0,0,0,0,0,0,0,0,1,0
1cru,A,89,LYS,-3.9,168.6,1.0,2,0,X,0.0,0.0,0.0,0.0,0.0,0.0,0.0,0.0,14,0.027043906345693154,14,14,0,0,0,0,0,0,0,0,0,1,0
1cru,A,90,ASN,-3.5,114.1,0.0,2,2,X,0.0,0.0,0.0,0.0,0.0,0.0,0.0,0.0,8,0.02611135785101408,18,8,10,0,0,0,0,0,0,0,0,1,0
1cru,A,91,ASN,-3.5,114.1,0.0,2,2,X,0.0,0.0,0.0,0.0,0.0,0.0,0.0,0.0,18,0.0363693912924839,24,8,16,0,0,0,0,0,0,0,0,1,0
1cru,A,92,PRO,-1.6,112.7,0.0,0,0,X,0.0,0.0,0.0,0.0,0.0,0.0,0.0,0.0,24,0.04429605349725603,34,14,20,0,0,0,0,0,0,0,0,1,0
1cru,A,93,TYR,-1.3,193.6,0.0,1,1,X,0.0,0.0,0.0,0.0,0.0,0.0,0.0,0.0,25,0.053621538444046775,35,11,24,0,0,0,0,0,0,0,0,1,0
1cru,A,94,ILE,4.5,166.7,0.0,0,0,X,0.0,0.0,0.0,0.0,0.0,0.0,0.0,0.0,38,0.053621538444046775,28,4,24,0,0,0,0,0,0,0,0,1,0
1cru,A,95,TYR,-1.3,193.6,0.0,1,1,X,0.0,0.0,0.0,0.0,0.0,0.0,0.0,0.0,38,0.04942507021799094,31,4,27,0,0,0,0,0,0,0,0,1,0
1cru,A,96,ILE,4.5,166.7,0.0,0,0,X,0.0,0.0,0.0,0.0,0.0,0.0,0.0,0.0,40,0.050823892960009553,20,6,14,0,0,0,0,0,0,0,0,1,0
1cru,A,97,SER,-0.8,89.0,0.0,1,1,X,0.0,0.0,0.0,0.0,0.0,0.0,0.0,0.0,44,0.04942507021799094,26,1,25,0,0,0,0,0,0,0,0,1,0
1cru,A,98,GLY,-0.4,60.1,0.0,0,0,X,0.0,0.0,0.0,0.0,0.0,0.0,0.0,0.0,42,0.05222271570202816,21,8,13,0,0,0,0,0,0,0,0,1,0
1cru,A,99,THR,-0.7,116.1,0.0,1,1,X,0.0,0.0,0.0,0.0,0.0,0.0,0.0,0.0,37,0.05408781269138631,20,11,9,0,0,0,0,0,0,0,0,1,0
1cru,A,100,PHE,2.8,189.9,0.0,0,0,X,0.0,0.0,0.0,0.0,0.0,0.0,0.0,0.0,33,0.048026247475972325,17,13,4,0,0,0,0,0,0,0,0,1,0
1cru,A,101,LYS,-3.9,168.6,1.0,2,0,X,0.0,0.0,0.0,0.0,0.0,0.0,0.0,0.0,16,0.03683566553982344,6,8,-2,0,0,0,0,0,0,0,0,1,0
1cru,A,102,ASN,-3.5,114.1,0.0,2,2,X,0.0,0.0,0.0,0.0,0.0,0.0,0.0,0.0,20,0.03450429430312575,19,1,18,0,0,0,0,0,0,0,0,1,0
1cru,A,103,PRO,-1.6,112.7,0.0,0,0,X,0.0,0.0,0.0,0.0,0.0,0.0,0.0,0.0,12,0.021914889624958248,18,1,17,0,0,0,0,0,0,0,0,1,0
1cru,A,104,LYS,-3.9,168.6,1.0,2,0,X,0.0,0.0,0.0,0.0,0.0,0.0,0.0,0.0,13,0.017252147151562876,8,0,8,0,0,0,0,0,0,0,0,1,0
1cru,A,105,SER,-0.8,89.0,0.0,1,1,X,0.0,0.0,0.0,0.0,0.0,0.0,0.0,0.0,11,0.02331371236697686,25,9,16,0,0,0,0,0,0,0,0,1,0
1cru,A,108,LYS,-3.9,168.6,1.0,2,0,X,0.0,0.0,0.0,0.0,0.0,0.0,0.0,0.0,6,0.017252147151562876,2,9,-7,0,0,0,0,0,0,0,0,1,0
1cru,A,109,GLU,-3.5,138.4,-1.0,1,3,X,0.0,0.0,0.0,0.0,0.0,0.0,0.0,0.0,12,0.017252147151562876,15,0,15,0,0,0,0,0,0,0,0,1,0
1cru,A,110,LEU,3.8,166.7,0.0,0,0,X,0.0,0.0,0.0,0.0,0.0,0.0,0.0,0.0,27,0.02797645484037223,23,11,12,0,0,0,0,0,0,0,0,1,0
1cru,A,111,PRO,-1.6,112.7,0.0,0,0,X,0.0,0.0,0.0,0.0,0.0,0.0,0.0,0.0,22,0.03403802005578621,25,12,13,0,0,0,0,0,0,0,0,1,0
1cru,A,112,ASN,-3.5,114.1,0.0,2,2,X,0.0,0.0,0.0,0.0,0.0,0.0,0.0,0.0,31,0.04476232774459557,22,14,8,0,0,0,0,0,0,0,0,1,0
1cru,A,113,GLN,-3.5,143.8,0.0,2,2,X,0.0,0.0,0.0,0.0,0.0,0.0,0.0,0.0,32,0.04709369898129325,21,5,16,0,0,0,0,0,0,0,0,1,0
1cru,A,114,THR,-0.7,116.1,0.0,1,1,X,0.0,0.0,0.0,0.0,0.0,0.0,0.0,0.0,38,0.048958795970651406,10,3,7,0,0,0,0,0,0,0,0,1,0
1cru,A,115,ILE,4.5,166.7,0.0,0,0,X,0.0,0.0,0.0,0.0,0.0,0.0,0.0,0.0,37,0.05222271570202816,18,9,9,0,0,0,0,0,0,0,0,1,0
1cru,A,116,ILE,4.5,166.7,0.0,0,0,X,0.0,0.0,0.0,0.0,0.0,0.0,0.0,0.0,42,0.053621538444046775,23,12,11,0,0,0,0,0,0,0,0,1,0
1cru,A,117,ARG,-4.5,173.4,1.0,5,0,X,0.0,0.0,0.0,0.0,0.0,0.0,0.0,0.0,31,0.05035761871267001,12,10,2,0,0,0,0,0,0,0,0,1,0
1cru,A,118,ARG,-4.5,173.4,1.0,5,0,X,0.0,0.0,0.0,0.0,0.0,0.0,0.0,0.0,28,0.05129016720734909,24,18,6,0,0,0,0,0,0,0,0,1,0
1cru,A,119,TYR,-1.3,193.6,0.0,1,1,X,0.0,0.0,0.0,0.0,0.0,0.0,0.0,0.0,34,0.053155264196707235,30,15,15,0,0,0,0,0,0,0,0,1,0
1cru,A,120,THR,-0.7,116.1,0.0,1,1,X,0.0,0.0,0.0,0.0,0.0,0.0,0.0,0.0,22,0.04755997322863279,27,10,17,0,0,0,0,0,0,0,0,1,0
1cru,A,121,TYR,-1.3,193.6,0.0,1,1,X,0.0,0.0,0.0,0.0,0.0,0.0,0.0,0.0,26,0.048958795970651406,23,22,1,0,0,0,0,0,0,0,0,1,0
1cru,A,122,ASN,-3.5,114.1,0.0,2,2,X,0.0,0.0,0.0,0.0,0.0,0.0,0.0,0.0,18,0.03916703677652112,17,17,0,0,0,0,0,0,0,0,0,1,0
1cru,A,123,LYS,-3.9,168.6,1.0,2,0,X,0.0,0.0,0.0,0.0,0.0,0.0,0.0,0.0,16,0.027043906345693154,13,13,0,0,0,0,0,0,0,0,0,1,0
1cru,A,124,SER,-0.8,89.0,0.0,1,1,X,0.0,0.0,0.0,0.0,0.0,0.0,0.0,0.0,9,0.02098234113027917,10,12,-2,0,0,0,0,0,0,0,0,1,0
1cru,A,125,THR,-0.7,116.1,0.0,1,1,X,0.0,0.0,0.0,0.0,0.0,0.0,0.0,0.0,12,0.024246260861655933,14,15,-1,0,0,0,0,0,0,0,0,1,0
1cru,A,126,ASP,-3.5,111.1,-1.0,1,3,X,0.0,0.0,0.0,0.0,0.0,0.0,0.0,0.0,19,0.035436842797804825,28,5,23,0,0,0,0,0,0,0,0,1,0
1cru,A,127,THR,-0.7,116.1,0.0,1,1,X,0.0,0.0,0.0,0.0,0.0,0.0,0.0,0.0,22,0.04289723075523742,18,17,1,0,0,0,0,0,0,0,0,1,0
1cru,A,128,LEU,3.8,166.7,0.0,0,0,X,0.0,0.0,0.0,0.0,0.0,0.0,0.0,0.0,31,0.04662742473395372,17,17,0,0,0,0,0,0,0,0,0,1,0
1cru,A,129,GLU,-3.5,138.4,-1.0,1,3,X,0.0,0.0,0.0,0.0,0.0,0.0,0.0,0.0,19,0.03730193978716297,18,4,14,0,0,0,0,0,0,0,0,1,0
1cru,A,130,LYS,-3.9,168.6,1.0,2,0,X,0.0,0.0,0.0,0.0,0.0,0.0,0.0,0.0,16,0.027043906345693154,13,10,3,0,0,0,0,0,0,0,0,1,0
1cru,A,131,PRO,-1.6,112.7,0.0,0,0,X,0.0,0.0,0.0,0.0,0.0,0.0,0.0,0.0,20,0.0363693912924839,31,17,14,0,0,0,0,0,0,0,0,1,0
1cru,A,132,VAL,4.2,140.0,0.0,0,0,X,0.0,0.0,0.0,0.0,0.0,0.0,0.0,0.0,20,0.034970568550465285,29,17,12,0,0,0,0,0,0,0,0,1,0
1cru,A,133,ASP,-3.5,111.1,-1.0,1,3,X,0.0,0.0,0.0,0.0,0.0,0.0,0.0,0.0,23,0.032639197313767604,23,3,20,0,0,0,0,0,0,0,0,1,0
1cru,A,134,LEU,3.8,166.7,0.0,0,0,X,0.0,0.0,0.0,0.0,0.0,0.0,0.0,0.0,29,0.03963331102386066,26,16,10,0,0,0,0,0,0,0,0,1,0
1cru,A,135,LEU,3.8,166.7,0.0,0,0,X,0.0,0.0,0.0,0.0,0.0,0.0,0.0,0.0,33,0.04103213376587927,27,14,13,0,0,0,0,0,0,0,0,1,0
1cru,A,136,ALA,1.8,88.6,0.0,0,0,X,0.0,0.0,0.0,0.0,0.0,0.0,0.0,0.0,30,0.03776821403450251,27,12,15,0,0,0,0,0,0,0,0,1,0
1cru,A,137,GLY,-0.4,60.1,0.0,0,0,X,0.0,0.0,0.0,0.0,0.0,0.0,0.0,0.0,31,0.03963331102386066,28,11,17,0,0,0,0,0,0,0,0,1,0
1cru,A,138,LEU,3.8,166.7,0.0,0,0,X,0.0,0.0,0.0,0.0,0.0,0.0,0.0,0.0,35,0.04616115048661418,16,5,11,0,0,0,0,0,0,0,0,1,0
1cru,A,139,PRO,-1.6,112.7,0.0,0,0,X,0.0,0.0,0.0,0.0,0.0,0.0,0.0,0.0,41,0.04476232774459557,23,9,14,0,0,0,0,0,0,0,0,1,0
1cru,A,140,SER,-0.8,89.0,0.0,1,1,X,0.0,0.0,0.0,0.0,0.0,0.0,0.0,0.0,41,0.04942507021799094,21,15,6,0,0,0,0,0,0,0,0,1,0
1cru,A,141,SER,-0.8,89.0,0.0,1,1,X,0.0,0.0,0.0,0.0,0.0,0.0,0.0,0.0,35,0.045694876239274644,27,28,-1,0,0,0,0,0,0,0,0,1,0
1cru,A,142,LYS,-3.9,168.6,1.0,2,0,X,0.0,0.0,0.0,0.0,0.0,0.0,0.0,0.0,27,0.04616115048661418,10,27,-17,0,0,0,0,0,0,0,0,1,0
1cru,A,143,ASP,-3.5,111.1,-1.0,1,3,X,0.0,0.0,0.0,0.0,0.0,0.0,0.0,0.0,28,0.04476232774459557,33,20,13,0,0,0,0,0,0,0,0,1,0
1cru,A,144,HIS,-3.2,153.2,0.1,2,1,X,0.0,0.0,0.0,0.0,0.0,0.0,0.0,0.0,33,0.0526889899493677,27,21,6,0,0,0,0,0,0,0,0,1,1
1cru,A,145,GLN,-3.5,143.8,0.0,2,2,X,0.0,0.0,0.0,0.0,0.0,0.0,0.0,0.0,44,0.05548663543340492,31,16,15,0,0,0,0,0,0,0,0,1,0
1cru,A,146,SER,-0.8,89.0,0.0,1,1,X,0.0,0.0,0.0,0.0,0.0,0.0,0.0,0.0,47,0.048958795970651406,46,18,28,0,0,0,0,0,0,0,0,1,0
1cru,A,147,GLY,-0.4,60.1,0.0,0,0,X,0.0,0.0,0.0,0.0,0.0,0.0,0.0,0.0,47,0.050823892960009553,27,0,27,0,0,0,0,0,0,0,0,1,0
1cru,A,148,ARG,-4.5,173.4,1.0,5,0,X,0.0,0.0,0.0,0.0,0.0,0.0,0.0,0.0,42,0.04989134446533048,13,6,7,0,0,0,0,0,0,0,0,1,0
1cru,A,149,LEU,3.8,166.7,0.0,0,0,X,0.0,0.0,0.0,0.0,0.0,0.0,0.0,0.0,39,0.05035761871267001,19,0,19,0,0,0,0,0,0,0,0,1,0
1cru,A,150,VAL,4.2,140.0,0.0,0,0,X,0.0,0.0,0.0,0.0,0.0,0.0,0.0,0.0,35,0.043363505002576956,22,2,20,0,0,0,0,0,0,0,0,1,0
1cru,A,151,ILE,4.5,166.7,0.0,0,0,X,0.0,0.0,0.0,0.0,0.0,0.0,0.0,0.0,29,0.04662742473395372,21,10,11,0,0,0,0,0,0,0,0,1,0
1cru,A,152,GLY,-0.4,60.1,0.0,0,0,X,0.0,0.0,0.0,0.0,0.0,0.0,0.0,0.0,26,0.040099585271200194,26,9,17,0,0,0,0,0,0,0,0,1,0
1cru,A,153,PRO,-1.6,112.7,0.0,0,0,X,0.0,0.0,0.0,0.0,0.0,0.0,0.0,0.0,17,0.026577632098353617,16,8,8,0,0,0,0,0,0,0,0,1,0
1cru,A,154,ASP,-3.5,111.1,-1.0,1,3,X,0.0,0.0,0.0,0.0,0.0,0.0,0.0,0.0,20,0.025645083603674543,18,4,14,0,0,0,0,0,0,0,0,1,0
1cru,A,155,GLN,-3.5,143.8,0.0,2,2,X,0.0,0.0,0.0,0.0,0.0,0.0,0.0,0.0,20,0.034970568550465285,22,16,6,0,0,0,0,0,0,0,0,1,0
1cru,A,156,LYS,-3.9,168.6,1.0,2,0,X,0.0,0.0,0.0,0.0,0.0,0.0,0.0,0.0,28,0.048958795970651406,14,21,-7,0,0,0,0,0,0,0,0,1,0
1cru,A,157,ILE,4.5,166.7,0.0,0,0,X,0.0,0.0,0.0,0.0,0.0,0.0,0.0,0.0,37,0.053155264196707235,34,14,20,0,0,0,0,0,0,0,0,1,0
1cru,A,158,TYR,-1.3,193.6,0.0,1,1,X,0.0,0.0,0.0,0.0,0.0,0.0,0.0,0.0,35,0.0526889899493677,31,8,23,0,0,0,0,0,0,0,0,1,0
1cru,A,159,TYR,-1.3,193.6,0.0,1,1,X,0.0,0.0,0.0,0.0,0.0,0.0,0.0,0.0,39,0.04942507021799094,24,0,24,0,0,0,0,0,0,0,0,1,0
1cru,A,160,THR,-0.7,116.1,0.0,1,1,X,0.0,0.0,0.0,0.0,0.0,0.0,0.0,0.0,46,0.0526889899493677,37,8,29,0,0,0,0,0,0,0,0,1,0
1cru,A,161,ILE,4.5,166.7,0.0,0,0,X,0.0,0.0,0.0,0.0,0.0,0.0,0.0,0.0,47,0.05921682941212122,39,9,30,0,0,0,0,0,0,0,0,1,0
1cru,A,162,GLY,-0.4,60.1,0.0,0,0,X,0.0,0.0,0.0,0.0,0.0,0.0,0.0,0.0,44,0.05688545817542354,49,18,31,0,0,0,0,0,0,0,0,1,0
1cru,A,163,ASP,-3.5,111.1,-1.0,1,3,X,0.0,0.0,0.0,0.0,0.0,0.0,0.0,0.0,39,0.058750555164781684,51,12,39,0,0,0,0,0,0,0,0,1,0
1cru,A,164,GLN,-3.5,143.8,0.0,2,2,X,0.0,0.0,0.0,0.0,0.0,0.0,0.0,0.0,42,0.05502036118606539,41,16,25,0,0,0,0,0,0,0,0,1,0
1cru,A,165,GLY,-0.4,60.1,0.0,0,0,X,0.0,0.0,0.0,0.0,0.0,0.0,0.0,0.0,32,0.05408781269138631,40,16,24,0,0,0,0,0,0,0,0,1,0
1cru,A,166,ARG,-4.5,173.4,1.0,5,0,X,0.0,0.0,0.0,0.0,0.0,0.0,0.0,0.0,36,0.0526889899493677,20,15,5,0,0,0,0,0,0,0,0,1,0
1cru,A,167,ASN,-3.5,114.1,0.0,2,2,X,0.0,0.0,0.0,0.0,0.0,0.0,0.0,0.0,34,0.05408781269138631,19,14,5,0,0,0,0,0,0,0,0,1,0
1cru,A,168,GLN,-3.5,143.8,0.0,2,2,X,0.0,0.0,0.0,0.0,0.0,0.0,0.0,0.0,29,0.03730193978716297,23,23,0,0,0,0,0,0,0,0,0,1,0
1cru,A,169,LEU,3.8,166.7,0.0,0,0,X,0.0,0.0,0.0,0.0,0.0,0.0,0.0,0.0,21,0.025645083603674543,13,16,-3,0,0,0,0,0,0,0,0,1,0
1cru,A,170,ALA,1.8,88.6,0.0,0,0,X,0.0,0.0,0.0,0.0,0.0,0.0,0.0,0.0,17,0.025178809356335007,15,16,-1,0,0,0,0,0,0,0,0,1,0
1cru,A,171,TYR,-1.3,193.6,0.0,1,1,X,0.0,0.0,0.0,0.0,0.0,0.0,0.0,0.0,22,0.03870076252918159,30,21,9,0,0,0,0,0,0,0,0,1,0
1cru,A,172,LEU,3.8,166.7,0.0,0,0,X,0.0,0.0,0.0,0.0,0.0,0.0,0.0,0.0,28,0.04149840801321881,22,9,13,0,0,0,0,0,0,0,0,1,0
1cru,A,173,PHE,2.8,189.9,0.0,0,0,X,0.0,0.0,0.0,0.0,0.0,0.0,0.0,0.0,26,0.04289723075523742,22,5,17,0,0,0,0,0,0,0,0,1,0
1cru,A,174,LEU,3.8,166.7,0.0,0,0,X,0.0,0.0,0.0,0.0,0.0,0.0,0.0,0.0,25,0.03730193978716297,20,8,12,0,0,0,0,0,0,0,0,1,0
1cru,A,175,PRO,-1.6,112.7,0.0,0,0,X,0.0,0.0,0.0,0.0,0.0,0.0,0.0,0.0,26,0.040099585271200194,26,5,21,0,0,0,0,0,0,0,0,1,0
1cru,A,176,ASN,-3.5,114.1,0.0,2,2,X,0.0,0.0,0.0,0.0,0.0,0.0,0.0,0.0,36,0.04989134446533048,43,8,35,0,0,0,0,0,0,0,0,1,0
1cru,A,177,GLN,-3.5,143.8,0.0,2,2,X,0.0,0.0,0.0,0.0,0.0,0.0,0.0,0.0,34,0.048958795970651406,40,11,29,0,0,0,0,0,0,0,0,1,0
1cru,A,178,ALA,1.8,88.6,0.0,0,0,X,0.0,0.0,0.0,0.0,0.0,0.0,0.0,0.0,39,0.05688545817542354,47,11,36,0,0,0,0,0,0,0,0,1,0
1cru,A,179,GLN,-3.5,143.8,0.0,2,2,X,0.0,0.0,0.0,0.0,0.0,0.0,0.0,0.0,34,0.04476232774459557,31,1,30,0,0,0,0,0,0,0,0,1,0
1cru,A,180,HIS,-3.2,153.2,0.1,2,1,X,0.0,0.0,0.0,0.0,0.0,0.0,0.0,0.0,27,0.03590311704514436,18,3,15,0,0,0,0,0,0,0,0,1,0
1cru,A,181,THR,-0.7,116.1,0.0,1,1,X,0.0,0.0,0.0,0.0,0.0,0.0,0.0,0.0,33,0.04476232774459557,24,9,15,0,0,0,0,0,0,0,0,1,0
1cru,A,182,PRO,-1.6,112.7,0.0,0,0,X,0.0,0.0,0.0,0.0,0.0,0.0,0.0,0.0,32,0.045694876239274644,29,17,12,0,0,0,0,0,0,0,0,1,0
1cru,A,183,THR,-0.7,116.1,0.0,1,1,X,0.0,0.0,0.0,0.0,0.0,0.0,0.0,0.0,22,0.03310547156110714,6,17,-11,0,0,0,0,0,0,0,0,1,0
1cru,A,184,GLN,-3.5,143.8,0.0,2,2,X,0.0,0.0,0.0,0.0,0.0,0.0,0.0,0.0,18,0.03170664881908853,1,11,-10,0,0,0,0,0,0,0,0,1,0
1cru,A,185,GLN,-3.5,143.8,0.0,2,2,X,0.0,0.0,0.0,0.0,0.0,0.0,0.0,0.0,11,0.02844272908771177,6,17,-11,0,0,0,0,0,0,0,0,1,0
1cru,A,186,GLU,-3.5,138.4,-1.0,1,3,X,0.0,0.0,0.0,0.0,0.0,0.0,0.0,0.0,19,0.03683566553982344,17,8,9,0,0,0,0,0,0,0,0,1,0
1cru,A,187,LEU,3.8,166.7,0.0,0,0,X,0.0,0.0,0.0,0.0,0.0,0.0,0.0,0.0,21,0.048492521723311866,18,17,1,0,0,0,0,0,0,0,0,1,0
1cru,A,188,ASN,-3.5,114.1,0.0,2,2,X,0.0,0.0,0.0,0.0,0.0,0.0,0.0,0.0,16,0.029375277582390842,10,15,-5,0,0,0,0,0,0,0,0,1,0
1cru,A,189,GLY,-0.4,60.1,0.0,0,0,X,0.0,0.0,0.0,0.0,0.0,0.0,0.0,0.0,16,0.027510180593032695,14,17,-3,0,0,0,0,0,0,0,0,1,0
1cru,A,190,LYS,-3.9,168.6,1.0,2,0,X,0.0,0.0,0.0,0.0,0.0,0.0,0.0,0.0,20,0.030774100324409453,10,14,-4,0,0,0,0,0,0,0,0,1,0
1cru,A,191,ASP,-3.5,111.1,-1.0,1,3,X,0.0,0.0,0.0,0.0,0.0,0.0,0.0,0.0,23,0.03450429430312575,21,9,12,0,0,0,0,0,0,0,0,1,0
1cru,A,192,TYR,-1.3,193.6,0.0,1,1,X,0.0,0.0,0.0,0.0,0.0,0.0,0.0,0.0,33,0.04662742473395372,29,17,12,0,0,0,0,0,0,0,0,1,0
1cru,A,193,HIS,-3.2,153.2,0.1,2,1,X,0.0,0.0,0.0,0.0,0.0,0.0,0.0,0.0,29,0.03683566553982344,21,18,3,0,0,0,0,0,0,0,0,1,0
1cru,A,194,THR,-0.7,116.1,0.0,1,1,X,0.0,0.0,0.0,0.0,0.0,0.0,0.0,0.0,36,0.04709369898129325,38,18,20,0,0,0,0,0,0,0,0,1,0
1cru,A,195,TYR,-1.3,193.6,0.0,1,1,X,0.0,0.0,0.0,0.0,0.0,0.0,0.0,0.0,42,0.05455408693872585,38,16,22,0,0,0,0,0,0,0,0,1,0
1cru,A,196,MET,1.9,162.9,0.0,0,0,X,0.0,0.0,0.0,0.0,0.0,0.0,0.0,0.0,43,0.0526889899493677,56,9,47,0,0,0,0,0,0,0,0,1,0
1cru,A,197,GLY,-0.4,60.1,0.0,0,0,X,0.0,0.0,0.0,0.0,0.0,0.0,0.0,0.0,44,0.05968310365946076,45,13,32,0,0,0,0,0,0,0,0,1,0
1cru,A,198,LYS,-3.9,168.6,1.0,2,0,X,0.0,0.0,0.0,0.0,0.0,0.0,0.0,0.0,46,0.056419183928083996,30,10,20,0,0,0,0,0,0,0,0,1,0
1cru,A,199,VAL,4.2,140.0,0.0,0,0,X,0.0,0.0,0.0,0.0,0.0,0.0,0.0,0.0,47,0.053155264196707235,41,2,39,0,0,0,0,0,0,0,0,1,0
1cru,A,200,LEU,3.8,166.7,0.0,0,0,X,0.0,0.0,0.0,0.0,0.0,0.0,0.0,0.0,43,0.05502036118606539,36,0,36,0,0,0,0,0,0,0,0,1,0
1cru,A,201,ARG,-4.5,173.4,1.0,5,0,X,0.0,0.0,0.0,0.0,0.0,0.0,0.0,0.0,35,0.05455408693872585,33,16,17,0,0,0,0,0,0,0,0,1,0
1cru,A,202,LEU,3.8,166.7,0.0,0,0,X,0.0,0.0,0.0,0.0,0.0,0.0,0.0,0.0,34,0.05688545817542354,31,13,18,0,0,0,0,0,0,0,0,1,0
1cru,A,203,ASN,-3.5,114.1,0.0,2,2,X,0.0,0.0,0.0,0.0,0.0,0.0,0.0,0.0,23,0.04243095650789788,37,21,16,0,0,0,0,0,0,0,0,1,0
1cru,A,204,LEU,3.8,166.7,0.0,0,0,X,0.0,0.0,0.0,0.0,0.0,0.0,0.0,0.0,29,0.03916703677652112,32,11,21,0,0,0,0,0,0,0,0,1,0
1cru,A,205,ASP,-3.5,111.1,-1.0,1,3,X,0.0,0.0,0.0,0.0,0.0,0.0,0.0,0.0,18,0.030307826077069916,17,4,13,0,0,0,0,0,0,0,0,1,0
1cru,A,206,GLY,-0.4,60.1,0.0,0,0,X,0.0,0.0,0.0,0.0,0.0,0.0,0.0,0.0,28,0.03916703677652112,30,13,17,0,0,0,0,0,0,0,0,1,0
1cru,A,207,SER,-0.8,89.0,0.0,1,1,X,0.0,0.0,0.0,0.0,0.0,0.0,0.0,0.0,22,0.03403802005578621,29,10,19,0,0,0,0,0,0,0,0,1,0
1cru,A,208,ILE,4.5,166.7,0.0,0,0,X,0.0,0.0,0.0,0.0,0.0,0.0,0.0,0.0,27,0.03963331102386066,31,15,16,0,0,0,0,0,0,0,0,1,0
1cru,A,209,PRO,-1.6,112.7,0.0,0,0,X,0.0,0.0,0.0,0.0,0.0,0.0,0.0,0.0,27,0.04149840801321881,42,18,24,0,0,0,0,0,0,0,0,1,0
1cru,A,210,LYS,-3.9,168.6,1.0,2,0,X,0.0,0.0,0.0,0.0,0.0,0.0,0.0,0.0,12,0.025178809356335007,11,8,3,0,0,0,0,0,0,0,0,1,0
1cru,A,211,ASP,-3.5,111.1,-1.0,1,3,X,0.0,0.0,0.0,0.0,0.0,0.0,0.0,0.0,18,0.026577632098353617,30,6,24,0,0,0,0,0,0,0,0,1,0
1cru,A,212,ASN,-3.5,114.1,0.0,2,2,X,0.0,0.0,0.0,0.0,0.0,0.0,0.0,0.0,28,0.04429605349725603,43,10,33,0,0,0,0,0,0,0,0,1,0
1cru,A,213,PRO,-1.6,112.7,0.0,0,0,X,0.0,0.0,0.0,0.0,0.0,0.0,0.0,0.0,27,0.03916703677652112,29,8,21,0,0,0,0,0,0,0,0,1,0
1cru,A,214,SER,-0.8,89.0,0.0,1,1,X,0.0,0.0,0.0,0.0,0.0,0.0,0.0,0.0,26,0.03124037457174899,15,3,12,0,0,0,0,0,0,0,0,1,0
1cru,A,215,PHE,2.8,189.9,0.0,0,0,X,0.0,0.0,0.0,0.0,0.0,0.0,0.0,0.0,32,0.035436842797804825,27,0,27,0,0,0,0,0,0,0,0,1,0
1cru,A,216,ASN,-3.5,114.1,0.0,2,2,X,0.0,0.0,0.0,0.0,0.0,0.0,0.0,0.0,19,0.022381163872297785,13,1,12,0,0,0,0,0,0,0,0,1,0
1cru,A,217,GLY,-0.4,60.1,0.0,0,0,X,0.0,0.0,0.0,0.0,0.0,0.0,0.0,0.0,14,0.01818469564624195,1,0,1,0,0,0,0,0,0,0,0,1,0
1cru,A,218,VAL,4.2,140.0,0.0,0,0,X,0.0,0.0,0.0,0.0,0.0,0.0,0.0,0.0,21,0.03310547156110714,3,4,-1,0,0,0,0,0,0,0,0,1,0
1cru,A,219,VAL,4.2,140.0,0.0,0,0,X,0.0,0.0,0.0,0.0,0.0,0.0,0.0,0.0,25,0.03916703677652112,20,6,14,0,0,0,0,0,0,0,0,1,0
1cru,A,220,SER,-0.8,89.0,0.0,1,1,X,0.0,0.0,0.0,0.0,0.0,0.0,0.0,0.0,37,0.04942507021799094,27,6,21,0,0,0,0,0,0,0,0,1,0
1cru,A,221,HIS,-3.2,153.2,0.1,2,1,X,0.0,0.0,0.0,0.0,0.0,0.0,0.0,0.0,37,0.050823892960009553,16,5,11,0,0,0,0,0,0,0,0,1,0
1cru,A,222,ILE,4.5,166.7,0.0,0,0,X,0.0,0.0,0.0,0.0,0.0,0.0,0.0,0.0,41,0.05548663543340492,35,0,35,0,0,0,0,0,0,0,0,1,0
1cru,A,223,TYR,-1.3,193.6,0.0,1,1,X,0.0,0.0,0.0,0.0,0.0,0.0,0.0,0.0,35,0.05502036118606539,36,10,26,0,0,0,0,0,0,0,0,1,0
1cru,A,224,THR,-0.7,116.1,0.0,1,1,X,0.0,0.0,0.0,0.0,0.0,0.0,0.0,0.0,43,0.05688545817542354,37,2,35,0,0,0,0,0,0,0,0,1,0
1cru,A,225,LEU,3.8,166.7,0.0,0,0,X,0.0,0.0,0.0,0.0,0.0,0.0,0.0,0.0,45,0.05688545817542354,34,3,31,0,0,0,0,0,0,0,0,1,0
1cru,A,226,GLY,-0.4,60.1,0.0,0,0,X,0.0,0.0,0.0,0.0,0.0,0.0,0.0,0.0,45,0.05408781269138631,31,16,15,0,0,0,0,0,0,0,0,1,0
1cru,A,227,HIS,-3.2,153.2,0.1,2,1,X,0.0,0.0,0.0,0.0,0.0,0.0,0.0,0.0,46,0.058284280917442144,19,23,-4,0,0,0,0,0,0,0,0,1,0
1cru,A,228,ARG,-4.5,173.4,1.0,5,0,X,0.0,0.0,0.0,0.0,0.0,0.0,0.0,0.0,47,0.05595290968074446,25,40,-15,0,0,0,0,0,0,0,0,1,1
1cru,A,229,ASN,-3.5,114.1,0.0,2,2,X,0.0,0.0,0.0,0.0,0.0,0.0,0.0,0.0,41,0.05595290968074446,37,34,3,0,0,0,0,0,0,0,0,1,1
1cru,A,230,PRO,-1.6,112.7,0.0,0,0,X,0.0,0.0,0.0,0.0,0.0,0.0,0.0,0.0,43,0.05455408693872585,43,24,19,0,0,0,0,0,0,0,0,1,0
1cru,A,231,GLN,-3.5,143.8,0.0,2,2,X,0.0,0.0,0.0,0.0,0.0,0.0,0.0,0.0,38,0.05222271570202816,46,19,27,0,0,0,0,0,0,0,0,1,1
1cru,A,232,GLY,-0.4,60.1,0.0,0,0,X,0.0,0.0,0.0,0.0,0.0,0.0,0.0,0.0,41,0.048958795970651406,19,19,0,0,0,0,0,0,0,0,0,1,0
1cru,A,233,LEU,3.8,166.7,0.0,0,0,X,0.0,0.0,0.0,0.0,0.0,0.0,0.0,0.0,41,0.04989134446533048,18,4,14,0,0,0,0,0,0,0,0,1,0
1cru,A,234,ALA,1.8,88.6,0.0,0,0,X,0.0,0.0,0.0,0.0,0.0,0.0,0.0,0.0,36,0.04149840801321881,20,0,20,0,0,0,0,0,0,0,0,1,0
1cru,A,235,PHE,2.8,189.9,0.0,0,0,X,0.0,0.0,0.0,0.0,0.0,0.0,0.0,0.0,31,0.03916703677652112,12,6,6,0,0,0,0,0,0,0,0,1,0
1cru,A,236,THR,-0.7,116.1,0.0,1,1,X,0.0,0.0,0.0,0.0,0.0,0.0,0.0,0.0,26,0.03916703677652112,16,1,15,0,0,0,0,0,0,0,0,1,0
1cru,A,237,PRO,-1.6,112.7,0.0,0,0,X,0.0,0.0,0.0,0.0,0.0,0.0,0.0,0.0,19,0.02611135785101408,17,1,16,0,0,0,0,0,0,0,0,1,0
1cru,A,238,ASN,-3.5,114.1,0.0,2,2,X,0.0,0.0,0.0,0.0,0.0,0.0,0.0,0.0,17,0.026577632098353617,9,4,5,0,0,0,0,0,0,0,0,1,0
1cru,A,239,GLY,-0.4,60.1,0.0,0,0,X,0.0,0.0,0.0,0.0,0.0,0.0,0.0,0.0,19,0.02797645484037223,9,6,3,0,0,0,0,0,0,0,0,1,0
1cru,A,240,LYS,-3.9,168.6,1.0,2,0,X,0.0,0.0,0.0,0.0,0.0,0.0,0.0,0.0,24,0.040099585271200194,0,4,-4,0,0,0,0,0,0,0,0,1,0
1cru,A,241,LEU,3.8,166.7,0.0,0,0,X,0.0,0.0,0.0,0.0,0.0,0.0,0.0,0.0,37,0.043829779249916496,13,2,11,0,0,0,0,0,0,0,0,1,0
1cru,A,242,LEU,3.8,166.7,0.0,0,0,X,0.0,0.0,0.0,0.0,0.0,0.0,0.0,0.0,39,0.04989134446533048,9,3,6,0,0,0,0,0,0,0,0,1,0
1cru,A,243,GLN,-3.5,143.8,0.0,2,2,X,0.0,0.0,0.0,0.0,0.0,0.0,0.0,0.0,42,0.050823892960009553,18,21,-3,0,0,0,0,0,0,0,0,1,0
1cru,A,244,SER,-0.8,89.0,0.0,1,1,X,0.0,0.0,0.0,0.0,0.0,0.0,0.0,0.0,40,0.053621538444046775,16,28,-12,0,0,0,0,0,0,0,0,1,0
1cru,A,245,GLU,-3.5,138.4,-1.0,1,3,X,0.0,0.0,0.0,0.0,0.0,0.0,0.0,0.0,49,0.05735173242276307,32,27,5,0,0,0,0,0,0,0,0,1,0
1cru,A,246,GLN,-3.5,143.8,0.0,2,2,X,0.0,0.0,0.0,0.0,0.0,0.0,0.0,0.0,39,0.053621538444046775,33,35,-2,0,0,0,0,0,0,0,0,1,1
1cru,A,247,GLY,-0.4,60.1,0.0,0,0,X,0.0,0.0,0.0,0.0,0.0,0.0,0.0,0.0,35,0.05175644145468863,23,37,-14,0,0,0,0,0,0,0,0,1,1
1cru,A,248,PRO,-1.6,112.7,0.0,0,0,X,0.0,0.0,0.0,0.0,0.0,0.0,0.0,0.0,39,0.04289723075523742,18,31,-13,0,0,0,0,0,0,0,0,1,1
1cru,A,249,ASN,-3.5,114.1,0.0,2,2,X,0.0,0.0,0.0,0.0,0.0,0.0,0.0,0.0,37,0.04942507021799094,8,17,-9,0,0,0,0,0,0,0,0,1,0
1cru,A,250,SER,-0.8,89.0,0.0,1,1,X,0.0,0.0,0.0,0.0,0.0,0.0,0.0,0.0,44,0.056419183928083996,10,32,-22,0,0,0,0,0,0,0,0,1,0
1cru,A,251,ASP,-3.5,111.1,-1.0,1,3,X,0.0,0.0,0.0,0.0,0.0,0.0,0.0,0.0,42,0.05455408693872585,13,39,-26,0,0,0,0,0,0,0,0,1,0
1cru,A,252,ASP,-3.5,111.1,-1.0,1,3,X,0.0,0.0,0.0,0.0,0.0,0.0,0.0,0.0,42,0.05735173242276307,21,29,-8,0,0,0,0,0,0,0,0,1,0
1cru,A,253,GLU,-3.5,138.4,-1.0,1,3,X,0.0,0.0,0.0,0.0,0.0,0.0,0.0,0.0,43,0.053155264196707235,23,26,-3,0,0,0,0,0,0,0,0,1,0
1cru,A,254,ILE,4.5,166.7,0.0,0,0,X,0.0,0.0,0.0,0.0,0.0,0.0,0.0,0.0,39,0.050823892960009553,10,34,-24,0,0,0,0,0,0,0,0,1,0
1cru,A,255,ASN,-3.5,114.1,0.0,2,2,X,0.0,0.0,0.0,0.0,0.0,0.0,0.0,0.0,39,0.05129016720734909,13,22,-9,0,0,0,0,0,0,0,0,1,0
1cru,A,256,LEU,3.8,166.7,0.0,0,0,X,0.0,0.0,0.0,0.0,0.0,0.0,0.0,0.0,34,0.04476232774459557,15,5,10,0,0,0,0,0,0,0,0,1,0
1cru,A,257,ILE,4.5,166.7,0.0,0,0,X,0.0,0.0,0.0,0.0,0.0,0.0,0.0,0.0,40,0.04662742473395372,20,3,17,0,0,0,0,0,0,0,0,1,0
1cru,A,258,VAL,4.2,140.0,0.0,0,0,X,0.0,0.0,0.0,0.0,0.0,0.0,0.0,0.0,34,0.040565859518539735,16,8,8,0,0,0,0,0,0,0,0,1,0
1cru,A,259,LYS,-3.9,168.6,1.0,2,0,X,0.0,0.0,0.0,0.0,0.0,0.0,0.0,0.0,27,0.0363693912924839,8,15,-7,0,0,0,0,0,0,0,0,1,0
1cru,A,260,GLY,-0.4,60.1,0.0,0,0,X,0.0,0.0,0.0,0.0,0.0,0.0,0.0,0.0,31,0.043829779249916496,21,8,13,0,0,0,0,0,0,0,0,1,0
1cru,A,261,GLY,-0.4,60.1,0.0,0,0,X,0.0,0.0,0.0,0.0,0.0,0.0,0.0,0.0,36,0.05175644145468863,29,10,19,0,0,0,0,0,0,0,0,1,0
1cru,A,262,ASN,-3.5,114.1,0.0,2,2,X,0.0,0.0,0.0,0.0,0.0,0.0,0.0,0.0,42,0.05408781269138631,27,8,19,0,0,0,0,0,0,0,0,1,0
1cru,A,263,TYR,-1.3,193.6,0.0,1,1,X,0.0,0.0,0.0,0.0,0.0,0.0,0.0,0.0,41,0.05502036118606539,23,12,11,0,0,0,0,0,0,0,0,1,0
1cru,A,264,GLY,-0.4,60.1,0.0,0,0,X,0.0,0.0,0.0,0.0,0.0,0.0,0.0,0.0,38,0.05595290968074446,27,17,10,0,0,0,0,0,0,0,0,1,0
1cru,A,265,TRP,-0.9,227.8,0.0,1,0,X,0.0,0.0,0.0,0.0,0.0,0.0,0.0,0.0,44,0.05502036118606539,33,25,8,0,0,0,0,0,0,0,0,1,0
1cru,A,266,PRO,-1.6,112.7,0.0,0,0,X,0.0,0.0,0.0,0.0,0.0,0.0,0.0,0.0,37,0.05129016720734909,26,14,12,0,0,0,0,0,0,0,0,1,0
1cru,A,267,ASN,-3.5,114.1,0.0,2,2,X,0.0,0.0,0.0,0.0,0.0,0.0,0.0,0.0,35,0.050823892960009553,14,17,-3,0,0,0,0,0,0,0,0,1,0
1cru,A,268,VAL,4.2,140.0,0.0,0,0,X,0.0,0.0,0.0,0.0,0.0,0.0,0.0,0.0,40,0.05455408693872585,20,40,-20,0,0,0,0,0,0,0,0,1,0
1cru,A,269,ALA,1.8,88.6,0.0,0,0,X,0.0,0.0,0.0,0.0,0.0,0.0,0.0,0.0,45,0.0526889899493677,18,50,-32,0,0,0,0,0,0,0,0,1,0
1cru,A,270,GLY,-0.4,60.1,0.0,0,0,X,0.0,0.0,0.0,0.0,0.0,0.0,0.0,0.0,41,0.050823892960009553,12,50,-38,0,0,0,0,0,0,0,0,1,0
1cru,A,271,TYR,-1.3,193.6,0.0,1,1,X,0.0,0.0,0.0,0.0,0.0,0.0,0.0,0.0,27,0.045228601991935104,22,56,-34,0,0,0,0,0,0,0,0,1,0
1cru,A,272,LYS,-3.9,168.6,1.0,2,0,X,0.0,0.0,0.0,0.0,0.0,0.0,0.0,0.0,37,0.04476232774459557,10,54,-44,0,0,0,0,0,0,0,0,1,0
1cru,A,273,ASP,-3.5,111.1,-1.0,1,3,X,0.0,0.0,0.0,0.0,0.0,0.0,0.0,0.0,28,0.04196468226055834,15,35,-20,0,0,0,0,0,0,0,0,1,0
1cru,A,274,ASP,-3.5,111.1,-1.0,1,3,X,0.0,0.0,0.0,0.0,0.0,0.0,0.0,0.0,29,0.04103213376587927,17,38,-21,0,0,0,0,0,0,0,0,1,0
1cru,A,275,SER,-0.8,89.0,0.0,1,1,X,0.0,0.0,0.0,0.0,0.0,0.0,0.0,0.0,28,0.04103213376587927,11,43,-32,0,0,0,0,0,0,0,0,1,0
1cru,A,276,GLY,-0.4,60.1,0.0,0,0,X,0.0,0.0,0.0,0.0,0.0,0.0,0.0,0.0,31,0.05129016720734909,6,37,-31,0,0,0,0,0,0,0,0,1,0
1cru,A,277,TYR,-1.3,193.6,0.0,1,1,X,0.0,0.0,0.0,0.0,0.0,0.0,0.0,0.0,41,0.05129016720734909,13,37,-24,0,0,0,0,0,0,0,0,1,0
1cru,A,278,ALA,1.8,88.6,0.0,0,0,X,0.0,0.0,0.0,0.0,0.0,0.0,0.0,0.0,36,0.04942507021799094,13,30,-17,0,0,0,0,0,0,0,0,1,0
1cru,A,279,TYR,-1.3,193.6,0.0,1,1,X,0.0,0.0,0.0,0.0,0.0,0.0,0.0,0.0,33,0.04755997322863279,8,11,-3,0,0,0,0,0,0,0,0,1,0
1cru,A,280,ALA,1.8,88.6,0.0,0,0,X,0.0,0.0,0.0,0.0,0.0,0.0,0.0,0.0,36,0.04289723075523742,12,7,5,0,0,0,0,0,0,0,0,1,0
1cru,A,281,ASN,-3.5,114.1,0.0,2,2,X,0.0,0.0,0.0,0.0,0.0,0.0,0.0,0.0,28,0.04289723075523742,7,0,7,0,0,0,0,0,0,0,0,1,0
1cru,A,282,TYR,-1.3,193.6,0.0,1,1,X,0.0,0.0,0.0,0.0,0.0,0.0,0.0,0.0,35,0.05222271570202816,20,8,12,0,0,0,0,0,0,0,0,1,0
1cru,A,283,SER,-0.8,89.0,0.0,1,1,X,0.0,0.0,0.0,0.0,0.0,0.0,0.0,0.0,24,0.03870076252918159,18,0,18,0,0,0,0,0,0,0,0,1,0
1cru,A,284,ALA,1.8,88.6,0.0,0,0,X,0.0,0.0,0.0,0.0,0.0,0.0,0.0,0.0,21,0.02984155182973038,7,0,7,0,0,0,0,0,0,0,0,1,0
1cru,A,285,ALA,1.8,88.6,0.0,0,0,X,0.0,0.0,0.0,0.0,0.0,0.0,0.0,0.0,21,0.040099585271200194,11,0,11,0,0,0,0,0,0,0,0,1,0
1cru,A,286,ALA,1.8,88.6,0.0,0,0,X,0.0,0.0,0.0,0.0,0.0,0.0,0.0,0.0,16,0.026577632098353617,10,0,10,0,0,0,0,0,0,0,0,1,0
1cru,A,287,ASN,-3.5,114.1,0.0,2,2,X,0.0,0.0,0.0,0.0,0.0,0.0,0.0,0.0,13,0.025178809356335007,15,0,15,0,0,0,0,0,0,0,0,1,0
1cru,A,288,LYS,-3.9,168.6,1.0,2,0,X,0.0,0.0,0.0,0.0,0.0,0.0,0.0,0.0,16,0.02844272908771177,6,0,6,0,0,0,0,0,0,0,0,1,0
1cru,A,289,SER,-0.8,89.0,0.0,1,1,X,0.0,0.0,0.0,0.0,0.0,0.0,0.0,0.0,13,0.021914889624958248,18,2,16,0,0,0,0,0,0,0,0,1,0
1cru,A,290,ILE,4.5,166.7,0.0,0,0,X,0.0,0.0,0.0,0.0,0.0,0.0,0.0,0.0,20,0.03823448828184205,18,8,10,0,0,0,0,0,0,0,0,1,0
1cru,A,291,LYS,-3.9,168.6,1.0,2,0,X,0.0,0.0,0.0,0.0,0.0,0.0,0.0,0.0,17,0.030774100324409453,5,8,-3,0,0,0,0,0,0,0,0,1,0
1cru,A,292,ASP,-3.5,111.1,-1.0,1,3,X,0.0,0.0,0.0,0.0,0.0,0.0,0.0,0.0,26,0.03170664881908853,14,0,14,0,0,0,0,0,0,0,0,1,0
1cru,A,293,LEU,3.8,166.7,0.0,0,0,X,0.0,0.0,0.0,0.0,0.0,0.0,0.0,0.0,20,0.027510180593032695,17,8,9,0,0,0,0,0,0,0,0,1,0
1cru,A,294,ALA,1.8,88.6,0.0,0,0,X,0.0,0.0,0.0,0.0,0.0,0.0,0.0,0.0,28,0.032639197313767604,13,8,5,0,0,0,0,0,0,0,0,1,0
1cru,A,295,GLN,-3.5,143.8,0.0,2,2,X,0.0,0.0,0.0,0.0,0.0,0.0,0.0,0.0,26,0.04289723075523742,10,11,-1,0,0,0,0,0,0,0,0,1,0
1cru,A,296,ASN,-3.5,114.1,0.0,2,2,X,0.0,0.0,0.0,0.0,0.0,0.0,0.0,0.0,39,0.04755997322863279,12,19,-7,0,0,0,0,0,0,0,0,1,0
1cru,A,297,GLY,-0.4,60.1,0.0,0,0,X,0.0,0.0,0.0,0.0,0.0,0.0,0.0,0.0,34,0.043363505002576956,16,19,-3,0,0,0,0,0,0,0,0,1,0
1cru,A,298,VAL,4.2,140.0,0.0,0,0,X,0.0,0.0,0.0,0.0,0.0,0.0,0.0,0.0,29,0.03590311704514436,12,12,0,0,0,0,0,0,0,0,0,1,0
1cru,A,299,LYS,-3.9,168.6,1.0,2,0,X,0.0,0.0,0.0,0.0,0.0,0.0,0.0,0.0,22,0.027043906345693154,0,10,-10,0,0,0,0,0,0,0,0,1,0
1cru,A,300,VAL,4.2,140.0,0.0,0,0,X,0.0,0.0,0.0,0.0,0.0,0.0,0.0,0.0,22,0.03730193978716297,13,8,5,0,0,0,0,0,0,0,0,1,0
1cru,A,301,ALA,1.8,88.6,0.0,0,0,X,0.0,0.0,0.0,0.0,0.0,0.0,0.0,0.0,21,0.027510180593032695,13,8,5,0,0,0,0,0,0,0,0,1,0
1cru,A,302,ALA,1.8,88.6,0.0,0,0,X,0.0,0.0,0.0,0.0,0.0,0.0,0.0,0.0,17,0.01678587290422334,8,2,6,0,0,0,0,0,0,0,0,1,0
1cru,A,303,GLY,-0.4,60.1,0.0,0,0,X,0.0,0.0,0.0,0.0,0.0,0.0,0.0,0.0,20,0.026577632098353617,8,1,7,0,0,0,0,0,0,0,0,1,0
1cru,A,304,VAL,4.2,140.0,0.0,0,0,X,0.0,0.0,0.0,0.0,0.0,0.0,0.0,0.0,27,0.04103213376587927,8,7,1,0,0,0,0,0,0,0,0,1,0
1cru,A,305,PRO,-1.6,112.7,0.0,0,0,X,0.0,0.0,0.0,0.0,0.0,0.0,0.0,0.0,21,0.029375277582390842,1,1,0,0,0,0,0,0,0,0,0,1,0
1cru,A,306,VAL,4.2,140.0,0.0,0,0,X,0.0,0.0,0.0,0.0,0.0,0.0,0.0,0.0,23,0.032172923066428064,13,9,4,0,0,0,0,0,0,0,0,1,0
1cru,A,307,THR,-0.7,116.1,0.0,1,1,X,0.0,0.0,0.0,0.0,0.0,0.0,0.0,0.0,22,0.035436842797804825,9,23,-14,0,0,0,0,0,0,0,0,1,0
1cru,A,308,LYS,-3.9,168.6,1.0,2,0,X,0.0,0.0,0.0,0.0,0.0,0.0,0.0,0.0,24,0.03870076252918159,7,34,-27,0,0,0,0,0,0,0,0,1,0
1cru,A,309,GLU,-3.5,138.4,-1.0,1,3,X,0.0,0.0,0.0,0.0,0.0,0.0,0.0,0.0,33,0.053155264196707235,18,36,-18,0,0,0,0,0,0,0,0,1,0
1cru,A,310,SER,-0.8,89.0,0.0,1,1,X,0.0,0.0,0.0,0.0,0.0,0.0,0.0,0.0,26,0.03730193978716297,18,46,-28,0,0,0,0,0,0,0,0,1,0
1cru,A,311,GLU,-3.5,138.4,-1.0,1,3,X,0.0,0.0,0.0,0.0,0.0,0.0,0.0,0.0,17,0.02984155182973038,13,15,-2,0,0,0,0,0,0,0,0,1,0
1cru,A,312,TRP,-0.9,227.8,0.0,1,0,X,0.0,0.0,0.0,0.0,0.0,0.0,0.0,0.0,28,0.03357174580844668,19,30,-11,0,0,0,0,0,0,0,0,1,0
1cru,A,313,THR,-0.7,116.1,0.0,1,1,X,0.0,0.0,0.0,0.0,0.0,0.0,0.0,0.0,17,0.020049792635600097,11,17,-6,0,0,0,0,0,0,0,0,1,0
1cru,A,314,GLY,-0.4,60.1,0.0,0,0,X,0.0,0.0,0.0,0.0,0.0,0.0,0.0,0.0,21,0.03170664881908853,14,20,-6,0,0,0,0,0,0,0,0,1,0
1cru,A,315,LYS,-3.9,168.6,1.0,2,0,X,0.0,0.0,0.0,0.0,0.0,0.0,0.0,0.0,20,0.032172923066428064,6,9,-3,0,0,0,0,0,0,0,0,1,0
1cru,A,316,ASN,-3.5,114.1,0.0,2,2,X,0.0,0.0,0.0,0.0,0.0,0.0,0.0,0.0,31,0.03730193978716297,23,15,8,0,0,0,0,0,0,0,0,1,0
1cru,A,317,PHE,2.8,189.9,0.0,0,0,X,0.0,0.0,0.0,0.0,0.0,0.0,0.0,0.0,37,0.053621538444046775,19,30,-11,0,0,0,0,0,0,0,0,1,0
1cru,A,318,VAL,4.2,140.0,0.0,0,0,X,0.0,0.0,0.0,0.0,0.0,0.0,0.0,0.0,41,0.04942507021799094,20,22,-2,0,0,0,0,0,0,0,0,1,0
1cru,A,319,PRO,-1.6,112.7,0.0,0,0,X,0.0,0.0,0.0,0.0,0.0,0.0,0.0,0.0,31,0.04989134446533048,21,20,1,0,0,0,0,0,0,0,0,1,0
1cru,A,320,PRO,-1.6,112.7,0.0,0,0,X,0.0,0.0,0.0,0.0,0.0,0.0,0.0,0.0,30,0.045694876239274644,14,31,-17,0,0,0,0,0,0,0,0,1,0
1cru,A,321,LEU,3.8,166.7,0.0,0,0,X,0.0,0.0,0.0,0.0,0.0,0.0,0.0,0.0,32,0.043829779249916496,11,17,-6,0,0,0,0,0,0,0,0,1,0
1cru,A,322,LYS,-3.9,168.6,1.0,2,0,X,0.0,0.0,0.0,0.0,0.0,0.0,0.0,0.0,38,0.04196468226055834,12,40,-28,0,0,0,0,0,0,0,0,1,0
1cru,A,323,THR,-0.7,116.1,0.0,1,1,X,0.0,0.0,0.0,0.0,0.0,0.0,0.0,0.0,34,0.05175644145468863,14,48,-34,0,0,0,0,0,0,0,0,1,0
1cru,A,324,LEU,3.8,166.7,0.0,0,0,X,0.0,0.0,0.0,0.0,0.0,0.0,0.0,0.0,41,0.0526889899493677,17,43,-26,0,0,0,0,0,0,0,0,1,0
1cru,A,325,TYR,-1.3,193.6,0.0,1,1,X,0.0,0.0,0.0,0.0,0.0,0.0,0.0,0.0,35,0.053621538444046775,20,34,-14,0,0,0,0,0,0,0,0,1,0
1cru,A,326,THR,-0.7,116.1,0.0,1,1,X,0.0,0.0,0.0,0.0,0.0,0.0,0.0,0.0,32,0.04942507021799094,9,56,-47,0,0,0,0,0,0,0,0,1,0
1cru,A,327,VAL,4.2,140.0,0.0,0,0,X,0.0,0.0,0.0,0.0,0.0,0.0,0.0,0.0,29,0.04709369898129325,0,41,-41,0,0,0,0,0,0,0,0,1,0
1cru,A,328,GLN,-3.5,143.8,0.0,2,2,X,0.0,0.0,0.0,0.0,0.0,0.0,0.0,0.0,19,0.03870076252918159,0,41,-41,0,0,0,0,0,0,0,0,1,0
1cru,A,329,ASP,-3.5,111.1,-1.0,1,3,X,0.0,0.0,0.0,0.0,0.0,0.0,0.0,0.0,20,0.03403802005578621,8,14,-6,0,0,0,0,0,0,0,0,1,0
1cru,A,330,THR,-0.7,116.1,0.0,1,1,X,0.0,0.0,0.0,0.0,0.0,0.0,0.0,0.0,10,0.025645083603674543,4,16,-12,0,0,0,0,0,0,0,0,1,0
1cru,A,331,TYR,-1.3,193.6,0.0,1,1,X,0.0,0.0,0.0,0.0,0.0,0.0,0.0,0.0,26,0.03357174580844668,3,14,-11,0,0,0,0,0,0,0,0,1,0
1cru,A,332,ASN,-3.5,114.1,0.0,2,2,X,0.0,0.0,0.0,0.0,0.0,0.0,0.0,0.0,19,0.030774100324409453,5,11,-6,0,0,0,0,0,0,0,0,1,0
1cru,A,333,TYR,-1.3,193.6,0.0,1,1,X,0.0,0.0,0.0,0.0,0.0,0.0,0.0,0.0,31,0.04709369898129325,10,15,-5,0,0,0,0,0,0,0,0,1,0
1cru,A,334,ASN,-3.5,114.1,0.0,2,2,X,0.0,0.0,0.0,0.0,0.0,0.0,0.0,0.0,23,0.03403802005578621,4,10,-6,0,0,0,0,0,0,0,0,1,0
1cru,A,335,ASP,-3.5,111.1,-1.0,1,3,X,0.0,0.0,0.0,0.0,0.0,0.0,0.0,0.0,23,0.03590311704514436,1,4,-3,0,0,0,0,0,0,0,0,1,0
1cru,A,336,PRO,-1.6,112.7,0.0,0,0,X,0.0,0.0,0.0,0.0,0.0,0.0,0.0,0.0,16,0.022381163872297785,0,12,-12,0,0,0,0,0,0,0,0,1,0
1cru,A,337,THR,-0.7,116.1,0.0,1,1,X,0.0,0.0,0.0,0.0,0.0,0.0,0.0,0.0,23,0.026577632098353617,3,19,-16,0,0,0,0,0,0,0,0,1,0
1cru,A,338,CYS,2.5,108.5,0.0,1,0,X,0.0,0.0,0.0,0.0,0.0,0.0,0.0,0.0,25,0.04243095650789788,8,21,-13,0,0,0,0,0,0,0,0,1,0
1cru,A,339,GLY,-0.4,60.1,0.0,0,0,X,0.0,0.0,0.0,0.0,0.0,0.0,0.0,0.0,16,0.02844272908771177,0,17,-17,0,0,0,0,0,0,0,0,1,0
1cru,A,340,GLU,-3.5,138.4,-1.0,1,3,X,0.0,0.0,0.0,0.0,0.0,0.0,0.0,0.0,11,0.020516066882939634,0,2,-2,0,0,0,0,0,0,0,0,1,0
1cru,A,341,MET,1.9,162.9,0.0,0,0,X,0.0,0.0,0.0,0.0,0.0,0.0,0.0,0.0,21,0.032172923066428064,2,11,-9,0,0,0,0,0,0,0,0,1,0
1cru,A,342,THR,-0.7,116.1,0.0,1,1,X,0.0,0.0,0.0,0.0,0.0,0.0,0.0,0.0,25,0.043363505002576956,2,16,-14,0,0,0,0,0,0,0,0,1,0
1cru,A,343,TYR,-1.3,193.6,0.0,1,1,X,0.0,0.0,0.0,0.0,0.0,0.0,0.0,0.0,28,0.03916703677652112,16,6,10,0,0,0,0,0,0,0,0,1,1
1cru,A,344,ILE,4.5,166.7,0.0,0,0,X,0.0,0.0,0.0,0.0,0.0,0.0,0.0,0.0,36,0.04989134446533048,30,12,18,0,0,0,0,0,0,0,0,1,0
1cru,A,345,CYS,2.5,108.5,0.0,1,0,X,0.0,0.0,0.0,0.0,0.0,0.0,0.0,0.0,34,0.05035761871267001,18,11,7,0,0,0,0,0,0,0,0,1,0
1cru,A,346,TRP,-0.9,227.8,0.0,1,0,X,0.0,0.0,0.0,0.0,0.0,0.0,0.0,0.0,34,0.05175644145468863,11,11,0,0,0,0,0,0,0,0,0,1,1
1cru,A,347,PRO,-1.6,112.7,0.0,0,0,X,0.0,0.0,0.0,0.0,0.0,0.0,0.0,0.0,36,0.05129016720734909,10,21,-11,0,0,0,0,0,0,0,0,1,0
1cru,A,348,THR,-0.7,116.1,0.0,1,1,X,0.0,0.0,0.0,0.0,0.0,0.0,0.0,0.0,38,0.053155264196707235,21,21,0,0,0,0,0,0,0,0,0,1,1
1cru,A,349,VAL,4.2,140.0,0.0,0,0,X,0.0,0.0,0.0,0.0,0.0,0.0,0.0,0.0,44,0.05035761871267001,21,20,1,0,0,0,0,0,0,0,0,1,0
1cru,A,350,ALA,1.8,88.6,0.0,0,0,X,0.0,0.0,0.0,0.0,0.0,0.0,0.0,0.0,41,0.04476232774459557,42,20,22,0,0,0,0,0,0,0,0,1,1
1cru,A,351,PRO,-1.6,112.7,0.0,0,0,X,0.0,0.0,0.0,0.0,0.0,0.0,0.0,0.0,38,0.05222271570202816,22,24,-2,0,0,0,0,0,0,0,0,1,0
1cru,A,352,SER,-0.8,89.0,0.0,1,1,X,0.0,0.0,0.0,0.0,0.0,0.0,0.0,0.0,42,0.05175644145468863,39,22,17,0,0,0,0,0,0,0,0,1,0
1cru,A,353,SER,-0.8,89.0,0.0,1,1,X,0.0,0.0,0.0,0.0,0.0,0.0,0.0,0.0,43,0.04942507021799094,29,14,15,0,0,0,0,0,0,0,0,1,0
1cru,A,354,ALA,1.8,88.6,0.0,0,0,X,0.0,0.0,0.0,0.0,0.0,0.0,0.0,0.0,37,0.0526889899493677,10,11,-1,0,0,0,0,0,0,0,0,1,0
1cru,A,355,TYR,-1.3,193.6,0.0,1,1,X,0.0,0.0,0.0,0.0,0.0,0.0,0.0,0.0,35,0.04476232774459557,13,8,5,0,0,0,0,0,0,0,0,1,0
1cru,A,356,VAL,4.2,140.0,0.0,0,0,X,0.0,0.0,0.0,0.0,0.0,0.0,0.0,0.0,29,0.04289723075523742,11,3,8,0,0,0,0,0,0,0,0,1,0
1cru,A,357,TYR,-1.3,193.6,0.0,1,1,X,0.0,0.0,0.0,0.0,0.0,0.0,0.0,0.0,35,0.045228601991935104,20,13,7,0,0,0,0,0,0,0,0,1,0
1cru,A,358,LYS,-3.9,168.6,1.0,2,0,X,0.0,0.0,0.0,0.0,0.0,0.0,0.0,0.0,28,0.032172923066428064,1,7,-6,0,0,0,0,0,0,0,0,1,0
1cru,A,359,GLY,-0.4,60.1,0.0,0,0,X,0.0,0.0,0.0,0.0,0.0,0.0,0.0,0.0,26,0.03870076252918159,24,17,7,0,0,0,0,0,0,0,0,1,0
1cru,A,360,GLY,-0.4,60.1,0.0,0,0,X,0.0,0.0,0.0,0.0,0.0,0.0,0.0,0.0,17,0.02844272908771177,26,14,12,0,0,0,0,0,0,0,0,1,0
1cru,A,361,LYS,-3.9,168.6,1.0,2,0,X,0.0,0.0,0.0,0.0,0.0,0.0,0.0,0.0,11,0.02144861537761871,10,8,2,0,0,0,0,0,0,0,0,1,0
1cru,A,362,LYS,-3.9,168.6,1.0,2,0,X,0.0,0.0,0.0,0.0,0.0,0.0,0.0,0.0,14,0.029375277582390842,9,8,1,0,0,0,0,0,0,0,0,1,0
1cru,A,363,ALA,1.8,88.6,0.0,0,0,X,0.0,0.0,0.0,0.0,0.0,0.0,0.0,0.0,22,0.03870076252918159,23,16,7,0,0,0,0,0,0,0,0,1,0
1cru,A,364,ILE,4.5,166.7,0.0,0,0,X,0.0,0.0,0.0,0.0,0.0,0.0,0.0,0.0,29,0.035436842797804825,23,13,10,0,0,0,0,0,0,0,0,1,0
1cru,A,365,THR,-0.7,116.1,0.0,1,1,X,0.0,0.0,0.0,0.0,0.0,0.0,0.0,0.0,16,0.021914889624958248,10,9,1,0,0,0,0,0,0,0,0,1,0
1cru,A,366,GLY,-0.4,60.1,0.0,0,0,X,0.0,0.0,0.0,0.0,0.0,0.0,0.0,0.0,17,0.024246260861655933,17,9,8,0,0,0,0,0,0,0,0,1,0
1cru,A,367,TRP,-0.9,227.8,0.0,1,0,X,0.0,0.0,0.0,0.0,0.0,0.0,0.0,0.0,32,0.04149840801321881,25,9,16,0,0,0,0,0,0,0,0,1,0
1cru,A,368,GLU,-3.5,138.4,-1.0,1,3,X,0.0,0.0,0.0,0.0,0.0,0.0,0.0,0.0,21,0.0363693912924839,17,4,13,0,0,0,0,0,0,0,0,1,0
1cru,A,369,ASN,-3.5,114.1,0.0,2,2,X,0.0,0.0,0.0,0.0,0.0,0.0,0.0,0.0,29,0.04616115048661418,18,17,1,0,0,0,0,0,0,0,0,1,0
1cru,A,370,THR,-0.7,116.1,0.0,1,1,X,0.0,0.0,0.0,0.0,0.0,0.0,0.0,0.0,35,0.05175644145468863,26,14,12,0,0,0,0,0,0,0,0,1,0
1cru,A,371,LEU,3.8,166.7,0.0,0,0,X,0.0,0.0,0.0,0.0,0.0,0.0,0.0,0.0,44,0.048026247475972325,19,5,14,0,0,0,0,0,0,0,0,1,0
1cru,A,372,LEU,3.8,166.7,0.0,0,0,X,0.0,0.0,0.0,0.0,0.0,0.0,0.0,0.0,36,0.05035761871267001,15,5,10,0,0,0,0,0,0,0,0,1,0
1cru,A,373,VAL,4.2,140.0,0.0,0,0,X,0.0,0.0,0.0,0.0,0.0,0.0,0.0,0.0,40,0.0526889899493677,12,15,-3,0,0,0,0,0,0,0,0,1,0
1cru,A,374,PRO,-1.6,112.7,0.0,0,0,X,0.0,0.0,0.0,0.0,0.0,0.0,0.0,0.0,46,0.05735173242276307,29,11,18,0,0,0,0,0,0,0,0,1,0
1cru,A,375,SER,-0.8,89.0,0.0,1,1,X,0.0,0.0,0.0,0.0,0.0,0.0,0.0,0.0,42,0.05502036118606539,49,12,37,0,0,0,0,0,0,0,0,1,0
1cru,A,376,LEU,3.8,166.7,0.0,0,0,X,0.0,0.0,0.0,0.0,0.0,0.0,0.0,0.0,38,0.053621538444046775,39,13,26,0,0,0,0,0,0,0,0,1,1
1cru,A,377,LYS,-3.9,168.6,1.0,2,0,X,0.0,0.0,0.0,0.0,0.0,0.0,0.0,0.0,41,0.048026247475972325,27,5,22,0,0,0,0,0,0,0,0,1,1
1cru,A,378,ARG,-4.5,173.4,1.0,5,0,X,0.0,0.0,0.0,0.0,0.0,0.0,0.0,0.0,46,0.053621538444046775,24,6,18,0,0,0,0,0,0,0,0,1,0
1cru,A,379,GLY,-0.4,60.1,0.0,0,0,X,0.0,0.0,0.0,0.0,0.0,0.0,0.0,0.0,39,0.053155264196707235,49,6,43,0,0,0,0,0,0,0,0,1,0
1cru,A,380,VAL,4.2,140.0,0.0,0,0,X,0.0,0.0,0.0,0.0,0.0,0.0,0.0,0.0,43,0.06014937790680029,42,1,41,0,0,0,0,0,0,0,0,1,0
1cru,A,381,ILE,4.5,166.7,0.0,0,0,X,0.0,0.0,0.0,0.0,0.0,0.0,0.0,0.0,44,0.0526889899493677,30,4,26,0,0,0,0,0,0,0,0,1,0
1cru,A,382,PHE,2.8,189.9,0.0,0,0,X,0.0,0.0,0.0,0.0,0.0,0.0,0.0,0.0,38,0.04942507021799094,25,7,18,0,0,0,0,0,0,0,0,1,0
1cru,A,383,ARG,-4.5,173.4,1.0,5,0,X,0.0,0.0,0.0,0.0,0.0,0.0,0.0,0.0,32,0.04755997322863279,10,14,-4,0,0,0,0,0,0,0,0,1,0
1cru,A,384,ILE,4.5,166.7,0.0,0,0,X,0.0,0.0,0.0,0.0,0.0,0.0,0.0,0.0,39,0.050823892960009553,29,21,8,0,0,0,0,0,0,0,0,1,0
1cru,A,385,LYS,-3.9,168.6,1.0,2,0,X,0.0,0.0,0.0,0.0,0.0,0.0,0.0,0.0,31,0.04989134446533048,21,30,-9,0,0,0,0,0,0,0,0,1,0
1cru,A,386,LEU,3.8,166.7,0.0,0,0,X,0.0,0.0,0.0,0.0,0.0,0.0,0.0,0.0,37,0.05035761871267001,20,23,-3,0,0,0,0,0,0,0,0,1,0
1cru,A,387,ASP,-3.5,111.1,-1.0,1,3,X,0.0,0.0,0.0,0.0,0.0,0.0,0.0,0.0,29,0.045228601991935104,20,5,15,0,0,0,0,0,0,0,0,1,0
1cru,A,388,PRO,-1.6,112.7,0.0,0,0,X,0.0,0.0,0.0,0.0,0.0,0.0,0.0,0.0,20,0.03124037457174899,20,16,4,0,0,0,0,0,0,0,0,1,0
1cru,A,389,THR,-0.7,116.1,0.0,1,1,X,0.0,0.0,0.0,0.0,0.0,0.0,0.0,0.0,19,0.032639197313767604,16,8,8,0,0,0,0,0,0,0,0,1,0
1cru,A,390,TYR,-1.3,193.6,0.0,1,1,X,0.0,0.0,0.0,0.0,0.0,0.0,0.0,0.0,28,0.04289723075523742,17,12,5,0,0,0,0,0,0,0,0,1,0
1cru,A,391,SER,-0.8,89.0,0.0,1,1,X,0.0,0.0,0.0,0.0,0.0,0.0,0.0,0.0,23,0.03870076252918159,16,8,8,0,0,0,0,0,0,0,0,1,0
1cru,A,392,THR,-0.7,116.1,0.0,1,1,X,0.0,0.0,0.0,0.0,0.0,0.0,0.0,0.0,29,0.04476232774459557,17,12,5,0,0,0,0,0,0,0,0,1,0
1cru,A,393,THR,-0.7,116.1,0.0,1,1,X,0.0,0.0,0.0,0.0,0.0,0.0,0.0,0.0,33,0.04755997322863279,19,26,-7,0,0,0,0,0,0,0,0,1,0
1cru,A,394,TYR,-1.3,193.6,0.0,1,1,X,0.0,0.0,0.0,0.0,0.0,0.0,0.0,0.0,30,0.04755997322863279,24,23,1,0,0,0,0,0,0,0,0,1,0
1cru,A,395,ASP,-3.5,111.1,-1.0,1,3,X,0.0,0.0,0.0,0.0,0.0,0.0,0.0,0.0,28,0.043829779249916496,34,14,20,0,0,0,0,0,0,0,0,1,0
1cru,A,396,ASP,-3.5,111.1,-1.0,1,3,X,0.0,0.0,0.0,0.0,0.0,0.0,0.0,0.0,30,0.03590311704514436,35,18,17,0,0,0,0,0,0,0,0,1,0
1cru,A,397,ALA,1.8,88.6,0.0,0,0,X,0.0,0.0,0.0,0.0,0.0,0.0,0.0,0.0,29,0.04103213376587927,27,24,3,0,0,0,0,0,0,0,0,1,0
1cru,A,398,VAL,4.2,140.0,0.0,0,0,X,0.0,0.0,0.0,0.0,0.0,0.0,0.0,0.0,28,0.03403802005578621,22,16,6,0,0,0,0,0,0,0,0,1,0
1cru,A,399,PRO,-1.6,112.7,0.0,0,0,X,0.0,0.0,0.0,0.0,0.0,0.0,0.0,0.0,31,0.045228601991935104,41,5,36,0,0,0,0,0,0,0,0,1,0
1cru,A,400,MET,1.9,162.9,0.0,0,0,X,0.0,0.0,0.0,0.0,0.0,0.0,0.0,0.0,35,0.04616115048661418,28,2,26,0,0,0,0,0,0,0,0,1,0
1cru,A,401,PHE,2.8,189.9,0.0,0,0,X,0.0,0.0,0.0,0.0,0.0,0.0,0.0,0.0,38,0.04429605349725603,34,10,24,0,0,0,0,0,0,0,0,1,0
1cru,A,402,LYS,-3.9,168.6,1.0,2,0,X,0.0,0.0,0.0,0.0,0.0,0.0,0.0,0.0,35,0.048958795970651406,33,13,20,0,0,0,0,0,0,0,0,1,0
1cru,A,403,SER,-0.8,89.0,0.0,1,1,X,0.0,0.0,0.0,0.0,0.0,0.0,0.0,0.0,33,0.043363505002576956,44,16,28,0,0,0,0,0,0,0,0,1,0
1cru,A,404,ASN,-3.5,114.1,0.0,2,2,X,0.0,0.0,0.0,0.0,0.0,0.0,0.0,0.0,31,0.048958795970651406,37,18,19,0,0,0,0,0,0,0,0,1,0
1cru,A,405,ASN,-3.5,114.1,0.0,2,2,X,0.0,0.0,0.0,0.0,0.0,0.0,0.0,0.0,38,0.05548663543340492,38,17,21,0,0,0,0,0,0,0,0,1,0
1cru,A,406,ARG,-4.5,173.4,1.0,5,0,X,0.0,0.0,0.0,0.0,0.0,0.0,0.0,0.0,42,0.05781800667010261,26,10,16,0,0,0,0,0,0,0,0,1,1
1cru,A,407,TYR,-1.3,193.6,0.0,1,1,X,0.0,0.0,0.0,0.0,0.0,0.0,0.0,0.0,39,0.05595290968074446,43,17,26,0,0,0,0,0,0,0,0,1,0
1cru,A,408,ARG,-4.5,173.4,1.0,5,0,X,0.0,0.0,0.0,0.0,0.0,0.0,0.0,0.0,39,0.05595290968074446,42,16,26,0,0,0,0,0,0,0,0,1,1
1cru,A,409,ASP,-3.5,111.1,-1.0,1,3,X,0.0,0.0,0.0,0.0,0.0,0.0,0.0,0.0,42,0.05175644145468863,29,3,26,0,0,0,0,0,0,0,0,1,0
1cru,A,410,VAL,4.2,140.0,0.0,0,0,X,0.0,0.0,0.0,0.0,0.0,0.0,0.0,0.0,39,0.0526889899493677,13,8,5,0,0,0,0,0,0,0,0,1,0
1cru,A,411,ILE,4.5,166.7,0.0,0,0,X,0.0,0.0,0.0,0.0,0.0,0.0,0.0,0.0,36,0.04662742473395372,12,8,4,0,0,0,0,0,0,0,0,1,0
1cru,A,412,ALA,1.8,88.6,0.0,0,0,X,0.0,0.0,0.0,0.0,0.0,0.0,0.0,0.0,32,0.05129016720734909,12,8,4,0,0,0,0,0,0,0,0,1,0
1cru,A,413,SER,-0.8,89.0,0.0,1,1,X,0.0,0.0,0.0,0.0,0.0,0.0,0.0,0.0,29,0.04196468226055834,23,8,15,0,0,0,0,0,0,0,0,1,0
1cru,A,414,PRO,-1.6,112.7,0.0,0,0,X,0.0,0.0,0.0,0.0,0.0,0.0,0.0,0.0,22,0.030307826077069916,23,8,15,0,0,0,0,0,0,0,0,1,0
1cru,A,415,ASP,-3.5,111.1,-1.0,1,3,X,0.0,0.0,0.0,0.0,0.0,0.0,0.0,0.0,18,0.03403802005578621,22,0,22,0,0,0,0,0,0,0,0,1,0
1cru,A,416,GLY,-0.4,60.1,0.0,0,0,X,0.0,0.0,0.0,0.0,0.0,0.0,0.0,0.0,27,0.04616115048661418,23,8,15,0,0,0,0,0,0,0,0,1,0
1cru,A,417,ASN,-3.5,114.1,0.0,2,2,X,0.0,0.0,0.0,0.0,0.0,0.0,0.0,0.0,25,0.04243095650789788,19,10,9,0,0,0,0,0,0,0,0,1,0
1cru,A,418,VAL,4.2,140.0,0.0,0,0,X,0.0,0.0,0.0,0.0,0.0,0.0,0.0,0.0,32,0.04196468226055834,19,14,5,0,0,0,0,0,0,0,0,1,0
1cru,A,419,LEU,3.8,166.7,0.0,0,0,X,0.0,0.0,0.0,0.0,0.0,0.0,0.0,0.0,35,0.04989134446533048,12,6,6,0,0,0,0,0,0,0,0,1,0
1cru,A,420,TYR,-1.3,193.6,0.0,1,1,X,0.0,0.0,0.0,0.0,0.0,0.0,0.0,0.0,37,0.04989134446533048,15,5,10,0,0,0,0,0,0,0,0,1,0
1cru,A,421,VAL,4.2,140.0,0.0,0,0,X,0.0,0.0,0.0,0.0,0.0,0.0,0.0,0.0,42,0.05222271570202816,28,10,18,0,0,0,0,0,0,0,0,1,0
1cru,A,422,LEU,3.8,166.7,0.0,0,0,X,0.0,0.0,0.0,0.0,0.0,0.0,0.0,0.0,42,0.05595290968074446,35,19,16,0,0,0,0,0,0,0,0,1,0
1cru,A,423,THR,-0.7,116.1,0.0,1,1,X,0.0,0.0,0.0,0.0,0.0,0.0,0.0,0.0,45,0.05595290968074446,35,18,17,0,0,0,0,0,0,0,0,1,0
1cru,A,424,ASP,-3.5,111.1,-1.0,1,3,X,0.0,0.0,0.0,0.0,0.0,0.0,0.0,0.0,33,0.04989134446533048,47,5,42,0,0,0,0,0,0,0,0,1,0
1cru,A,425,THR,-0.7,116.1,0.0,1,1,X,0.0,0.0,0.0,0.0,0.0,0.0,0.0,0.0,28,0.03823448828184205,28,13,15,0,0,0,0,0,0,0,0,1,0
1cru,A,426,ALA,1.8,88.6,0.0,0,0,X,0.0,0.0,0.0,0.0,0.0,0.0,0.0,0.0,28,0.02984155182973038,25,9,16,0,0,0,0,0,0,0,0,1,0
1cru,A,427,GLY,-0.4,60.1,0.0,0,0,X,0.0,0.0,0.0,0.0,0.0,0.0,0.0,0.0,25,0.028909003335051305,17,9,8,0,0,0,0,0,0,0,0,1,0
1cru,A,428,ASN,-3.5,114.1,0.0,2,2,X,0.0,0.0,0.0,0.0,0.0,0.0,0.0,0.0,27,0.04243095650789788,24,5,19,0,0,0,0,0,0,0,0,1,0
1cru,A,429,VAL,4.2,140.0,0.0,0,0,X,0.0,0.0,0.0,0.0,0.0,0.0,0.0,0.0,35,0.05735173242276307,44,12,32,0,0,0,0,0,0,0,0,1,0
1cru,A,430,GLN,-3.5,143.8,0.0,2,2,X,0.0,0.0,0.0,0.0,0.0,0.0,0.0,0.0,39,0.05175644145468863,38,17,21,0,0,0,0,0,0,0,0,1,0
1cru,A,431,LYS,-3.9,168.6,1.0,2,0,X,0.0,0.0,0.0,0.0,0.0,0.0,0.0,0.0,26,0.04289723075523742,13,16,-3,0,0,0,0,0,0,0,0,1,0
1cru,A,432,ASP,-3.5,111.1,-1.0,1,3,X,0.0,0.0,0.0,0.0,0.0,0.0,0.0,0.0,23,0.03963331102386066,34,8,26,0,0,0,0,0,0,0,0,1,0
1cru,A,433,ASP,-3.5,111.1,-1.0,1,3,X,0.0,0.0,0.0,0.0,0.0,0.0,0.0,0.0,19,0.027510180593032695,12,8,4,0,0,0,0,0,0,0,0,1,0
1cru,A,434,GLY,-0.4,60.1,0.0,0,0,X,0.0,0.0,0.0,0.0,0.0,0.0,0.0,0.0,29,0.03776821403450251,26,22,4,0,0,0,0,0,0,0,0,1,0
1cru,A,435,SER,-0.8,89.0,0.0,1,1,X,0.0,0.0,0.0,0.0,0.0,0.0,0.0,0.0,25,0.03590311704514436,13,20,-7,0,0,0,0,0,0,0,0,1,0
1cru,A,436,VAL,4.2,140.0,0.0,0,0,X,0.0,0.0,0.0,0.0,0.0,0.0,0.0,0.0,28,0.04289723075523742,16,18,-2,0,0,0,0,0,0,0,0,1,0
1cru,A,437,THR,-0.7,116.1,0.0,1,1,X,0.0,0.0,0.0,0.0,0.0,0.0,0.0,0.0,26,0.03683566553982344,19,8,11,0,0,0,0,0,0,0,0,1,0
1cru,A,438,ASN,-3.5,114.1,0.0,2,2,X,0.0,0.0,0.0,0.0,0.0,0.0,0.0,0.0,19,0.02984155182973038,9,1,8,0,0,0,0,0,0,0,0,1,0
1cru,A,439,THR,-0.7,116.1,0.0,1,1,X,0.0,0.0,0.0,0.0,0.0,0.0,0.0,0.0,19,0.026577632098353617,10,9,1,0,0,0,0,0,0,0,0,1,0
1cru,A,440,LEU,3.8,166.7,0.0,0,0,X,0.0,0.0,0.0,0.0,0.0,0.0,0.0,0.0,27,0.04476232774459557,12,17,-5,0,0,0,0,0,0,0,0,1,0
1cru,A,441,GLU,-3.5,138.4,-1.0,1,3,X,0.0,0.0,0.0,0.0,0.0,0.0,0.0,0.0,23,0.030307826077069916,9,1,8,0,0,0,0,0,0,0,0,1,0
1cru,A,442,ASN,-3.5,114.1,0.0,2,2,X,0.0,0.0,0.0,0.0,0.0,0.0,0.0,0.0,31,0.03823448828184205,15,14,1,0,0,0,0,0,0,0,0,1,0
1cru,A,443,PRO,-1.6,112.7,0.0,0,0,X,0.0,0.0,0.0,0.0,0.0,0.0,0.0,0.0,27,0.040099585271200194,10,17,-7,0,0,0,0,0,0,0,0,1,0
1cru,A,444,GLY,-0.4,60.1,0.0,0,0,X,0.0,0.0,0.0,0.0,0.0,0.0,0.0,0.0,30,0.04616115048661418,17,18,-1,0,0,0,0,0,0,0,0,1,0
1cru,A,445,SER,-0.8,89.0,0.0,1,1,X,0.0,0.0,0.0,0.0,0.0,0.0,0.0,0.0,38,0.05222271570202816,21,15,6,0,0,0,0,0,0,0,0,1,0
1cru,A,446,LEU,3.8,166.7,0.0,0,0,X,0.0,0.0,0.0,0.0,0.0,0.0,0.0,0.0,41,0.050823892960009553,19,5,14,0,0,0,0,0,0,0,0,1,0
1cru,A,447,ILE,4.5,166.7,0.0,0,0,X,0.0,0.0,0.0,0.0,0.0,0.0,0.0,0.0,38,0.050823892960009553,28,11,17,0,0,0,0,0,0,0,0,1,0
1cru,A,448,LYS,-3.9,168.6,1.0,2,0,X,0.0,0.0,0.0,0.0,0.0,0.0,0.0,0.0,28,0.048958795970651406,17,13,4,0,0,0,0,0,0,0,0,1,0
1cru,A,449,PHE,2.8,189.9,0.0,0,0,X,0.0,0.0,0.0,0.0,0.0,0.0,0.0,0.0,35,0.04709369898129325,27,12,15,0,0,0,0,0,0,0,0,1,0
1cru,A,450,THR,-0.7,116.1,0.0,1,1,X,0.0,0.0,0.0,0.0,0.0,0.0,0.0,0.0,20,0.03683566553982344,26,10,16,0,0,0,0,0,0,0,0,1,0
1cru,B,1,ASP,-3.5,111.1,-1.0,1,3,X,0.0,0.0,0.0,0.0,0.0,0.0,0.0,0.0,33,0.045228601991935104,18,41,-23,0,0,0,0,0,0,0,0,1,0
1cru,B,2,VAL,4.2,140.0,0.0,0,0,X,0.0,0.0,0.0,0.0,0.0,0.0,0.0,0.0,27,0.040099585271200194,20,41,-21,0,0,0,0,0,0,0,0,1,0
1cru,B,3,PRO,-1.6,112.7,0.0,0,0,X,0.0,0.0,0.0,0.0,0.0,0.0,0.0,0.0,31,0.04103213376587927,9,23,-14,0,0,0,0,0,0,0,0,1,0
1cru,B,4,LEU,3.8,166.7,0.0,0,0,X,0.0,0.0,0.0,0.0,0.0,0.0,0.0,0.0,27,0.03450429430312575,12,11,1,0,0,0,0,0,0,0,0,1,0
1cru,B,5,THR,-0.7,116.1,0.0,1,1,X,0.0,0.0,0.0,0.0,0.0,0.0,0.0,0.0,19,0.028909003335051305,11,8,3,0,0,0,0,0,0,0,0,1,0
1cru,B,6,PRO,-1.6,112.7,0.0,0,0,X,0.0,0.0,0.0,0.0,0.0,0.0,0.0,0.0,23,0.03683566553982344,22,18,4,0,0,0,0,0,0,0,0,1,0
1cru,B,7,SER,-0.8,89.0,0.0,1,1,X,0.0,0.0,0.0,0.0,0.0,0.0,0.0,0.0,18,0.028909003335051305,18,13,5,0,0,0,0,0,0,0,0,1,0
1cru,B,8,GLN,-3.5,143.8,0.0,2,2,X,0.0,0.0,0.0,0.0,0.0,0.0,0.0,0.0,22,0.032172923066428064,14,2,12,0,0,0,0,0,0,0,0,1,0
1cru,B,9,PHE,2.8,189.9,0.0,0,0,X,0.0,0.0,0.0,0.0,0.0,0.0,0.0,0.0,35,0.05129016720734909,42,11,31,0,0,0,0,0,0,0,0,1,0
1cru,B,10,ALA,1.8,88.6,0.0,0,0,X,0.0,0.0,0.0,0.0,0.0,0.0,0.0,0.0,25,0.03683566553982344,36,18,18,0,0,0,0,0,0,0,0,1,0
1cru,B,11,LYS,-3.9,168.6,1.0,2,0,X,0.0,0.0,0.0,0.0,0.0,0.0,0.0,0.0,18,0.029375277582390842,17,12,5,0,0,0,0,0,0,0,0,1,0
1cru,B,12,ALA,1.8,88.6,0.0,0,0,X,0.0,0.0,0.0,0.0,0.0,0.0,0.0,0.0,27,0.040565859518539735,31,13,18,0,0,0,0,0,0,0,0,1,0
1cru,B,13,LYS,-3.9,168.6,1.0,2,0,X,0.0,0.0,0.0,0.0,0.0,0.0,0.0,0.0,25,0.034970568550465285,21,16,5,0,0,0,0,0,0,0,0,1,0
1cru,B,14,SER,-0.8,89.0,0.0,1,1,X,0.0,0.0,0.0,0.0,0.0,0.0,0.0,0.0,27,0.035436842797804825,37,14,23,0,0,0,0,0,0,0,0,1,0
1cru,B,15,GLU,-3.5,138.4,-1.0,1,3,X,0.0,0.0,0.0,0.0,0.0,0.0,0.0,0.0,17,0.022847438119637322,28,5,23,0,0,0,0,0,0,0,0,1,0
1cru,B,16,ASN,-3.5,114.1,0.0,2,2,X,0.0,0.0,0.0,0.0,0.0,0.0,0.0,0.0,19,0.03170664881908853,17,17,0,0,0,0,0,0,0,0,0,1,0
1cru,B,17,PHE,2.8,189.9,0.0,0,0,X,0.0,0.0,0.0,0.0,0.0,0.0,0.0,0.0,24,0.04196468226055834,28,16,12,0,0,0,0,0,0,0,0,1,0
1cru,B,18,ASP,-3.5,111.1,-1.0,1,3,X,0.0,0.0,0.0,0.0,0.0,0.0,0.0,0.0,18,0.03310547156110714,34,5,29,0,0,0,0,0,0,0,0,1,0
1cru,B,19,LYS,-3.9,168.6,1.0,2,0,X,0.0,0.0,0.0,0.0,0.0,0.0,0.0,0.0,24,0.03403802005578621,22,13,9,0,0,0,0,0,0,0,0,1,0
1cru,B,20,LYS,-3.9,168.6,1.0,2,0,X,0.0,0.0,0.0,0.0,0.0,0.0,0.0,0.0,22,0.032172923066428064,18,13,5,0,0,0,0,0,0,0,0,1,0
1cru,B,21,VAL,4.2,140.0,0.0,0,0,X,0.0,0.0,0.0,0.0,0.0,0.0,0.0,0.0,23,0.03450429430312575,27,7,20,0,0,0,0,0,0,0,0,1,0
1cru,B,22,ILE,4.5,166.7,0.0,0,0,X,0.0,0.0,0.0,0.0,0.0,0.0,0.0,0.0,29,0.03823448828184205,23,5,18,0,0,0,0,0,0,0,0,1,0
1cru,B,23,LEU,3.8,166.7,0.0,0,0,X,0.0,0.0,0.0,0.0,0.0,0.0,0.0,0.0,31,0.03357174580844668,10,2,8,0,0,0,0,0,0,0,0,1,0
1cru,B,24,SER,-0.8,89.0,0.0,1,1,X,0.0,0.0,0.0,0.0,0.0,0.0,0.0,0.0,28,0.0363693912924839,3,6,-3,0,0,0,0,0,0,0,0,1,0
1cru,B,25,ASN,-3.5,114.1,0.0,2,2,X,0.0,0.0,0.0,0.0,0.0,0.0,0.0,0.0,18,0.030307826077069916,5,7,-2,0,0,0,0,0,0,0,0,1,0
1cru,B,26,LEU,3.8,166.7,0.0,0,0,X,0.0,0.0,0.0,0.0,0.0,0.0,0.0,0.0,31,0.03823448828184205,18,15,3,0,0,0,0,0,0,0,0,1,0
1cru,B,27,ASN,-3.5,114.1,0.0,2,2,X,0.0,0.0,0.0,0.0,0.0,0.0,0.0,0.0,25,0.03823448828184205,32,13,19,0,0,0,0,0,0,0,0,1,0
1cru,B,28,LYS,-3.9,168.6,1.0,2,0,X,0.0,0.0,0.0,0.0,0.0,0.0,0.0,0.0,35,0.04662742473395372,31,22,9,0,0,0,0,0,0,0,0,1,0
1cru,B,29,PRO,-1.6,112.7,0.0,0,0,X,0.0,0.0,0.0,0.0,0.0,0.0,0.0,0.0,37,0.05408781269138631,48,24,24,0,0,0,0,0,0,0,0,1,0
1cru,B,30,HIS,-3.2,153.2,0.1,2,1,X,0.0,0.0,0.0,0.0,0.0,0.0,0.0,0.0,40,0.04989134446533048,41,21,20,0,0,0,0,0,0,0,0,1,0
1cru,B,31,ALA,1.8,88.6,0.0,0,0,X,0.0,0.0,0.0,0.0,0.0,0.0,0.0,0.0,43,0.048492521723311866,42,15,27,0,0,0,0,0,0,0,0,1,0
1cru,B,32,LEU,3.8,166.7,0.0,0,0,X,0.0,0.0,0.0,0.0,0.0,0.0,0.0,0.0,36,0.048026247475972325,21,9,12,0,0,0,0,0,0,0,0,1,0
1cru,B,33,LEU,3.8,166.7,0.0,0,0,X,0.0,0.0,0.0,0.0,0.0,0.0,0.0,0.0,34,0.04429605349725603,10,8,2,0,0,0,0,0,0,0,0,1,0
1cru,B,34,TRP,-0.9,227.8,0.0,1,0,X,0.0,0.0,0.0,0.0,0.0,0.0,0.0,0.0,25,0.045694876239274644,3,10,-7,0,0,0,0,0,0,0,0,1,0
1cru,B,35,GLY,-0.4,60.1,0.0,0,0,X,0.0,0.0,0.0,0.0,0.0,0.0,0.0,0.0,25,0.04476232774459557,13,8,5,0,0,0,0,0,0,0,0,1,0
1cru,B,36,PRO,-1.6,112.7,0.0,0,0,X,0.0,0.0,0.0,0.0,0.0,0.0,0.0,0.0,25,0.034970568550465285,22,12,10,0,0,0,0,0,0,0,0,1,0
1cru,B,37,ASP,-3.5,111.1,-1.0,1,3,X,0.0,0.0,0.0,0.0,0.0,0.0,0.0,0.0,19,0.030307826077069916,20,3,17,0,0,0,0,0,0,0,0,1,0
1cru,B,38,ASN,-3.5,114.1,0.0,2,2,X,0.0,0.0,0.0,0.0,0.0,0.0,0.0,0.0,20,0.032172923066428064,5,9,-4,0,0,0,0,0,0,0,0,1,0
1cru,B,39,GLN,-3.5,143.8,0.0,2,2,X,0.0,0.0,0.0,0.0,0.0,0.0,0.0,0.0,28,0.04662742473395372,14,12,2,0,0,0,0,0,0,0,0,1,0
1cru,B,40,ILE,4.5,166.7,0.0,0,0,X,0.0,0.0,0.0,0.0,0.0,0.0,0.0,0.0,40,0.053621538444046775,14,9,5,0,0,0,0,0,0,0,0,1,0
1cru,B,41,TRP,-0.9,227.8,0.0,1,0,X,0.0,0.0,0.0,0.0,0.0,0.0,0.0,0.0,33,0.0526889899493677,19,11,8,0,0,0,0,0,0,0,0,1,0
1cru,B,42,LEU,3.8,166.7,0.0,0,0,X,0.0,0.0,0.0,0.0,0.0,0.0,0.0,0.0,43,0.048492521723311866,31,12,19,0,0,0,0,0,0,0,0,1,0
1cru,B,43,THR,-0.7,116.1,0.0,1,1,X,0.0,0.0,0.0,0.0,0.0,0.0,0.0,0.0,38,0.05222271570202816,39,12,27,0,0,0,0,0,0,0,0,1,0
1cru,B,44,GLU,-3.5,138.4,-1.0,1,3,X,0.0,0.0,0.0,0.0,0.0,0.0,0.0,0.0,35,0.05408781269138631,39,0,39,0,0,0,0,0,0,0,0,1,0
1cru,B,45,ARG,-4.5,173.4,1.0,5,0,X,0.0,0.0,0.0,0.0,0.0,0.0,0.0,0.0,35,0.053155264196707235,31,21,10,0,0,0,0,0,0,0,0,1,0
1cru,B,46,ALA,1.8,88.6,0.0,0,0,X,0.0,0.0,0.0,0.0,0.0,0.0,0.0,0.0,29,0.04476232774459557,35,16,19,0,0,0,0,0,0,0,0,1,0
1cru,B,47,THR,-0.7,116.1,0.0,1,1,X,0.0,0.0,0.0,0.0,0.0,0.0,0.0,0.0,27,0.03963331102386066,30,13,17,0,0,0,0,0,0,0,0,1,0
1cru,B,48,GLY,-0.4,60.1,0.0,0,0,X,0.0,0.0,0.0,0.0,0.0,0.0,0.0,0.0,37,0.04662742473395372,23,14,9,0,0,0,0,0,0,0,0,1,0
1cru,B,49,LYS,-3.9,168.6,1.0,2,0,X,0.0,0.0,0.0,0.0,0.0,0.0,0.0,0.0,24,0.048026247475972325,15,9,6,0,0,0,0,0,0,0,0,1,0
1cru,B,50,ILE,4.5,166.7,0.0,0,0,X,0.0,0.0,0.0,0.0,0.0,0.0,0.0,0.0,37,0.05175644145468863,28,11,17,0,0,0,0,0,0,0,0,1,0
1cru,B,51,LEU,3.8,166.7,0.0,0,0,X,0.0,0.0,0.0,0.0,0.0,0.0,0.0,0.0,35,0.05129016720734909,30,9,21,0,0,0,0,0,0,0,0,1,0
1cru,B,52,ARG,-4.5,173.4,1.0,5,0,X,0.0,0.0,0.0,0.0,0.0,0.0,0.0,0.0,28,0.04989134446533048,9,15,-6,0,0,0,0,0,0,0,0,1,0
1cru,B,53,VAL,4.2,140.0,0.0,0,0,X,0.0,0.0,0.0,0.0,0.0,0.0,0.0,0.0,30,0.048492521723311866,18,9,9,0,0,0,0,0,0,0,0,1,0
1cru,B,54,ASN,-3.5,114.1,0.0,2,2,X,0.0,0.0,0.0,0.0,0.0,0.0,0.0,0.0,20,0.03776821403450251,16,14,2,0,0,0,0,0,0,0,0,1,0
1cru,B,55,PRO,-1.6,112.7,0.0,0,0,X,0.0,0.0,0.0,0.0,0.0,0.0,0.0,0.0,23,0.03963331102386066,16,12,4,0,0,0,0,0,0,0,0,1,0
1cru,B,56,GLU,-3.5,138.4,-1.0,1,3,X,0.0,0.0,0.0,0.0,0.0,0.0,0.0,0.0,14,0.02098234113027917,10,0,10,0,0,0,0,0,0,0,0,1,0
1cru,B,57,SER,-0.8,89.0,0.0,1,1,X,0.0,0.0,0.0,0.0,0.0,0.0,0.0,0.0,16,0.022381163872297785,8,9,-1,0,0,0,0,0,0,0,0,1,0
1cru,B,58,GLY,-0.4,60.1,0.0,0,0,X,0.0,0.0,0.0,0.0,0.0,0.0,0.0,0.0,21,0.032639197313767604,18,8,10,0,0,0,0,0,0,0,0,1,0
1cru,B,59,SER,-0.8,89.0,0.0,1,1,X,0.0,0.0,0.0,0.0,0.0,0.0,0.0,0.0,16,0.02611135785101408,17,6,11,0,0,0,0,0,0,0,0,1,0
1cru,B,60,VAL,4.2,140.0,0.0,0,0,X,0.0,0.0,0.0,0.0,0.0,0.0,0.0,0.0,21,0.030307826077069916,20,1,19,0,0,0,0,0,0,0,0,1,0
1cru,B,61,LYS,-3.9,168.6,1.0,2,0,X,0.0,0.0,0.0,0.0,0.0,0.0,0.0,0.0,23,0.030774100324409453,15,9,6,0,0,0,0,0,0,0,0,1,0
1cru,B,62,THR,-0.7,116.1,0.0,1,1,X,0.0,0.0,0.0,0.0,0.0,0.0,0.0,0.0,22,0.032639197313767604,29,12,17,0,0,0,0,0,0,0,0,1,0
1cru,B,63,VAL,4.2,140.0,0.0,0,0,X,0.0,0.0,0.0,0.0,0.0,0.0,0.0,0.0,27,0.04429605349725603,28,10,18,0,0,0,0,0,0,0,0,1,0
1cru,B,64,PHE,2.8,189.9,0.0,0,0,X,0.0,0.0,0.0,0.0,0.0,0.0,0.0,0.0,32,0.03776821403450251,14,11,3,0,0,0,0,0,0,0,0,1,0
1cru,B,65,GLN,-3.5,143.8,0.0,2,2,X,0.0,0.0,0.0,0.0,0.0,0.0,0.0,0.0,20,0.03823448828184205,10,14,-4,0,0,0,0,0,0,0,0,1,0
1cru,B,66,VAL,4.2,140.0,0.0,0,0,X,0.0,0.0,0.0,0.0,0.0,0.0,0.0,0.0,31,0.04243095650789788,20,14,6,0,0,0,0,0,0,0,0,1,0
1cru,B,67,PRO,-1.6,112.7,0.0,0,0,X,0.0,0.0,0.0,0.0,0.0,0.0,0.0,0.0,19,0.02984155182973038,10,9,1,0,0,0,0,0,0,0,0,1,0
1cru,B,68,GLU,-3.5,138.4,-1.0,1,3,X,0.0,0.0,0.0,0.0,0.0,0.0,0.0,0.0,18,0.02611135785101408,12,0,12,0,0,0,0,0,0,0,0,1,0
1cru,B,69,ILE,4.5,166.7,0.0,0,0,X,0.0,0.0,0.0,0.0,0.0,0.0,0.0,0.0,29,0.043829779249916496,22,14,8,0,0,0,0,0,0,0,0,1,0
1cru,B,70,VAL,4.2,140.0,0.0,0,0,X,0.0,0.0,0.0,0.0,0.0,0.0,0.0,0.0,30,0.03823448828184205,17,16,1,0,0,0,0,0,0,0,0,1,0
1cru,B,71,ASN,-3.5,114.1,0.0,2,2,X,0.0,0.0,0.0,0.0,0.0,0.0,0.0,0.0,27,0.040099585271200194,28,20,8,0,0,0,0,0,0,0,0,1,0
1cru,B,72,ASP,-3.5,111.1,-1.0,1,3,X,0.0,0.0,0.0,0.0,0.0,0.0,0.0,0.0,21,0.032172923066428064,20,11,9,0,0,0,0,0,0,0,0,1,0
1cru,B,73,ALA,1.8,88.6,0.0,0,0,X,0.0,0.0,0.0,0.0,0.0,0.0,0.0,0.0,14,0.022381163872297785,22,16,6,0,0,0,0,0,0,0,0,1,0
1cru,B,74,ASP,-3.5,111.1,-1.0,1,3,X,0.0,0.0,0.0,0.0,0.0,0.0,0.0,0.0,13,0.023779986614316396,15,14,1,0,0,0,0,0,0,0,0,1,0
1cru,B,75,GLY,-0.4,60.1,0.0,0,0,X,0.0,0.0,0.0,0.0,0.0,0.0,0.0,0.0,22,0.0363693912924839,31,24,7,0,0,0,0,0,0,0,0,1,0
1cru,B,76,GLN,-3.5,143.8,0.0,2,2,X,0.0,0.0,0.0,0.0,0.0,0.0,0.0,0.0,34,0.04289723075523742,45,26,19,0,0,0,0,0,0,0,0,1,1
1cru,B,77,ASN,-3.5,114.1,0.0,2,2,X,0.0,0.0,0.0,0.0,0.0,0.0,0.0,0.0,34,0.05129016720734909,34,24,10,0,0,0,0,0,0,0,0,1,0
1cru,B,78,GLY,-0.4,60.1,0.0,0,0,X,0.0,0.0,0.0,0.0,0.0,0.0,0.0,0.0,41,0.048026247475972325,30,15,15,0,0,0,0,0,0,0,0,1,0
1cru,B,79,LEU,3.8,166.7,0.0,0,0,X,0.0,0.0,0.0,0.0,0.0,0.0,0.0,0.0,45,0.05595290968074446,32,10,22,0,0,0,0,0,0,0,0,1,0
1cru,B,80,LEU,3.8,166.7,0.0,0,0,X,0.0,0.0,0.0,0.0,0.0,0.0,0.0,0.0,44,0.048958795970651406,36,4,32,0,0,0,0,0,0,0,0,1,0
1cru,B,81,GLY,-0.4,60.1,0.0,0,0,X,0.0,0.0,0.0,0.0,0.0,0.0,0.0,0.0,44,0.04989134446533048,34,4,30,0,0,0,0,0,0,0,0,1,0
1cru,B,82,PHE,2.8,189.9,0.0,0,0,X,0.0,0.0,0.0,0.0,0.0,0.0,0.0,0.0,38,0.04942507021799094,23,5,18,0,0,0,0,0,0,0,0,1,0
1cru,B,83,ALA,1.8,88.6,0.0,0,0,X,0.0,0.0,0.0,0.0,0.0,0.0,0.0,0.0,41,0.040565859518539735,27,0,27,0,0,0,0,0,0,0,0,1,0
1cru,B,84,PHE,2.8,189.9,0.0,0,0,X,0.0,0.0,0.0,0.0,0.0,0.0,0.0,0.0,31,0.04616115048661418,11,10,1,0,0,0,0,0,0,0,0,1,0
1cru,B,85,HIS,-3.2,153.2,0.1,2,1,X,0.0,0.0,0.0,0.0,0.0,0.0,0.0,0.0,23,0.04662742473395372,15,8,7,0,0,0,0,0,0,0,0,1,0
1cru,B,86,PRO,-1.6,112.7,0.0,0,0,X,0.0,0.0,0.0,0.0,0.0,0.0,0.0,0.0,21,0.02844272908771177,19,10,9,0,0,0,0,0,0,0,0,1,0
1cru,B,87,ASP,-3.5,111.1,-1.0,1,3,X,0.0,0.0,0.0,0.0,0.0,0.0,0.0,0.0,14,0.030307826077069916,19,0,19,0,0,0,0,0,0,0,0,1,0
1cru,B,88,PHE,2.8,189.9,0.0,0,0,X,0.0,0.0,0.0,0.0,0.0,0.0,0.0,0.0,23,0.04289723075523742,24,15,9,0,0,0,0,0,0,0,0,1,0
1cru,B,89,LYS,-3.9,168.6,1.0,2,0,X,0.0,0.0,0.0,0.0,0.0,0.0,0.0,0.0,14,0.027043906345693154,13,11,2,0,0,0,0,0,0,0,0,1,0
1cru,B,90,ASN,-3.5,114.1,0.0,2,2,X,0.0,0.0,0.0,0.0,0.0,0.0,0.0,0.0,8,0.025645083603674543,18,8,10,0,0,0,0,0,0,0,0,1,0
1cru,B,91,ASN,-3.5,114.1,0.0,2,2,X,0.0,0.0,0.0,0.0,0.0,0.0,0.0,0.0,19,0.0363693912924839,23,8,15,0,0,0,0,0,0,0,0,1,0
1cru,B,92,PRO,-1.6,112.7,0.0,0,0,X,0.0,0.0,0.0,0.0,0.0,0.0,0.0,0.0,24,0.045694876239274644,32,13,19,0,0,0,0,0,0,0,0,1,0
1cru,B,93,TYR,-1.3,193.6,0.0,1,1,X,0.0,0.0,0.0,0.0,0.0,0.0,0.0,0.0,25,0.0526889899493677,35,11,24,0,0,0,0,0,0,0,0,1,0
1cru,B,94,ILE,4.5,166.7,0.0,0,0,X,0.0,0.0,0.0,0.0,0.0,0.0,0.0,0.0,37,0.05408781269138631,28,4,24,0,0,0,0,0,0,0,0,1,0
1cru,B,95,TYR,-1.3,193.6,0.0,1,1,X,0.0,0.0,0.0,0.0,0.0,0.0,0.0,0.0,38,0.04942507021799094,30,4,26,0,0,0,0,0,0,0,0,1,0
1cru,B,96,ILE,4.5,166.7,0.0,0,0,X,0.0,0.0,0.0,0.0,0.0,0.0,0.0,0.0,40,0.05175644145468863,20,6,14,0,0,0,0,0,0,0,0,1,0
1cru,B,97,SER,-0.8,89.0,0.0,1,1,X,0.0,0.0,0.0,0.0,0.0,0.0,0.0,0.0,45,0.048958795970651406,27,1,26,0,0,0,0,0,0,0,0,1,0
1cru,B,98,GLY,-0.4,60.1,0.0,0,0,X,0.0,0.0,0.0,0.0,0.0,0.0,0.0,0.0,42,0.05222271570202816,21,8,13,0,0,0,0,0,0,0,0,1,0
1cru,B,99,THR,-0.7,116.1,0.0,1,1,X,0.0,0.0,0.0,0.0,0.0,0.0,0.0,0.0,37,0.053621538444046775,20,11,9,0,0,0,0,0,0,0,0,1,0
1cru,B,100,PHE,2.8,189.9,0.0,0,0,X,0.0,0.0,0.0,0.0,0.0,0.0,0.0,0.0,33,0.04755997322863279,16,13,3,0,0,0,0,0,0,0,0,1,0
1cru,B,101,LYS,-3.9,168.6,1.0,2,0,X,0.0,0.0,0.0,0.0,0.0,0.0,0.0,0.0,18,0.03683566553982344,7,9,-2,0,0,0,0,0,0,0,0,1,0
1cru,B,102,ASN,-3.5,114.1,0.0,2,2,X,0.0,0.0,0.0,0.0,0.0,0.0,0.0,0.0,21,0.034970568550465285,19,5,14,0,0,0,0,0,0,0,0,1,0
1cru,B,103,PRO,-1.6,112.7,0.0,0,0,X,0.0,0.0,0.0,0.0,0.0,0.0,0.0,0.0,14,0.022381163872297785,18,3,15,0,0,0,0,0,0,0,0,1,0
1cru,B,104,LYS,-3.9,168.6,1.0,2,0,X,0.0,0.0,0.0,0.0,0.0,0.0,0.0,0.0,14,0.020049792635600097,7,1,6,0,0,0,0,0,0,0,0,1,0
1cru,B,105,SER,-0.8,89.0,0.0,1,1,X,0.0,0.0,0.0,0.0,0.0,0.0,0.0,0.0,15,0.030307826077069916,25,12,13,0,0,0,0,0,0,0,0,1,0
1cru,B,106,THR,-0.7,116.1,0.0,1,1,X,0.0,0.0,0.0,0.0,0.0,0.0,0.0,0.0,10,0.01818469564624195,15,12,3,0,0,0,0,0,0,0,0,1,0
1cru,B,107,ASP,-3.5,111.1,-1.0,1,3,X,0.0,0.0,0.0,0.0,0.0,0.0,0.0,0.0,14,0.025178809356335007,14,9,5,0,0,0,0,0,0,0,0,1,0
1cru,B,108,LYS,-3.9,168.6,1.0,2,0,X,0.0,0.0,0.0,0.0,0.0,0.0,0.0,0.0,8,0.022847438119637322,1,17,-16,0,0,0,0,0,0,0,0,1,0
1cru,B,109,GLU,-3.5,138.4,-1.0,1,3,X,0.0,0.0,0.0,0.0,0.0,0.0,0.0,0.0,15,0.02144861537761871,16,9,7,0,0,0,0,0,0,0,0,1,0
1cru,B,110,LEU,3.8,166.7,0.0,0,0,X,0.0,0.0,0.0,0.0,0.0,0.0,0.0,0.0,28,0.03310547156110714,20,19,1,0,0,0,0,0,0,0,0,1,0
1cru,B,111,PRO,-1.6,112.7,0.0,0,0,X,0.0,0.0,0.0,0.0,0.0,0.0,0.0,0.0,24,0.03823448828184205,23,20,3,0,0,0,0,0,0,0,0,1,0
1cru,B,112,ASN,-3.5,114.1,0.0,2,2,X,0.0,0.0,0.0,0.0,0.0,0.0,0.0,0.0,33,0.04476232774459557,21,17,4,0,0,0,0,0,0,0,0,1,0
1cru,B,113,GLN,-3.5,143.8,0.0,2,2,X,0.0,0.0,0.0,0.0,0.0,0.0,0.0,0.0,32,0.04662742473395372,18,5,13,0,0,0,0,0,0,0,0,1,0
1cru,B,114,THR,-0.7,116.1,0.0,1,1,X,0.0,0.0,0.0,0.0,0.0,0.0,0.0,0.0,38,0.04942507021799094,10,3,7,0,0,0,0,0,0,0,0,1,0
1cru,B,115,ILE,4.5,166.7,0.0,0,0,X,0.0,0.0,0.0,0.0,0.0,0.0,0.0,0.0,37,0.05222271570202816,17,9,8,0,0,0,0,0,0,0,0,1,0
1cru,B,116,ILE,4.5,166.7,0.0,0,0,X,0.0,0.0,0.0,0.0,0.0,0.0,0.0,0.0,42,0.053621538444046775,23,12,11,0,0,0,0,0,0,0,0,1,0
1cru,B,117,ARG,-4.5,173.4,1.0,5,0,X,0.0,0.0,0.0,0.0,0.0,0.0,0.0,0.0,30,0.04989134446533048,12,10,2,0,0,0,0,0,0,0,0,1,0
1cru,B,118,ARG,-4.5,173.4,1.0,5,0,X,0.0,0.0,0.0,0.0,0.0,0.0,0.0,0.0,28,0.05129016720734909,23,18,5,0,0,0,0,0,0,0,0,1,0
1cru,B,119,TYR,-1.3,193.6,0.0,1,1,X,0.0,0.0,0.0,0.0,0.0,0.0,0.0,0.0,32,0.053621538444046775,29,15,14,0,0,0,0,0,0,0,0,1,0
1cru,B,120,THR,-0.7,116.1,0.0,1,1,X,0.0,0.0,0.0,0.0,0.0,0.0,0.0,0.0,22,0.048492521723311866,27,10,17,0,0,0,0,0,0,0,0,1,0
1cru,B,121,TYR,-1.3,193.6,0.0,1,1,X,0.0,0.0,0.0,0.0,0.0,0.0,0.0,0.0,25,0.04989134446533048,17,23,-6,0,0,0,0,0,0,0,0,1,0
1cru,B,122,ASN,-3.5,114.1,0.0,2,2,X,0.0,0.0,0.0,0.0,0.0,0.0,0.0,0.0,18,0.03963331102386066,17,17,0,0,0,0,0,0,0,0,0,1,0
1cru,B,123,LYS,-3.9,168.6,1.0,2,0,X,0.0,0.0,0.0,0.0,0.0,0.0,0.0,0.0,15,0.027510180593032695,6,13,-7,0,0,0,0,0,0,0,0,1,0
1cru,B,124,SER,-0.8,89.0,0.0,1,1,X,0.0,0.0,0.0,0.0,0.0,0.0,0.0,0.0,9,0.02144861537761871,10,12,-2,0,0,0,0,0,0,0,0,1,0
1cru,B,125,THR,-0.7,116.1,0.0,1,1,X,0.0,0.0,0.0,0.0,0.0,0.0,0.0,0.0,12,0.02471253510899547,13,15,-2,0,0,0,0,0,0,0,0,1,0
1cru,B,126,ASP,-3.5,111.1,-1.0,1,3,X,0.0,0.0,0.0,0.0,0.0,0.0,0.0,0.0,19,0.03403802005578621,27,8,19,0,0,0,0,0,0,0,0,1,0
1cru,B,127,THR,-0.7,116.1,0.0,1,1,X,0.0,0.0,0.0,0.0,0.0,0.0,0.0,0.0,22,0.04289723075523742,16,17,-1,0,0,0,0,0,0,0,0,1,0
1cru,B,128,LEU,3.8,166.7,0.0,0,0,X,0.0,0.0,0.0,0.0,0.0,0.0,0.0,0.0,31,0.04709369898129325,17,17,0,0,0,0,0,0,0,0,0,1,0
1cru,B,129,GLU,-3.5,138.4,-1.0,1,3,X,0.0,0.0,0.0,0.0,0.0,0.0,0.0,0.0,19,0.03730193978716297,16,4,12,0,0,0,0,0,0,0,0,1,0
1cru,B,130,LYS,-3.9,168.6,1.0,2,0,X,0.0,0.0,0.0,0.0,0.0,0.0,0.0,0.0,15,0.027043906345693154,12,10,2,0,0,0,0,0,0,0,0,1,0
1cru,B,131,PRO,-1.6,112.7,0.0,0,0,X,0.0,0.0,0.0,0.0,0.0,0.0,0.0,0.0,19,0.03590311704514436,31,17,14,0,0,0,0,0,0,0,0,1,0
1cru,B,132,VAL,4.2,140.0,0.0,0,0,X,0.0,0.0,0.0,0.0,0.0,0.0,0.0,0.0,20,0.034970568550465285,29,17,12,0,0,0,0,0,0,0,0,1,0
1cru,B,133,ASP,-3.5,111.1,-1.0,1,3,X,0.0,0.0,0.0,0.0,0.0,0.0,0.0,0.0,23,0.032172923066428064,24,3,21,0,0,0,0,0,0,0,0,1,0
1cru,B,134,LEU,3.8,166.7,0.0,0,0,X,0.0,0.0,0.0,0.0,0.0,0.0,0.0,0.0,29,0.03963331102386066,28,16,12,0,0,0,0,0,0,0,0,1,0
1cru,B,135,LEU,3.8,166.7,0.0,0,0,X,0.0,0.0,0.0,0.0,0.0,0.0,0.0,0.0,33,0.04149840801321881,27,14,13,0,0,0,0,0,0,0,0,1,0
1cru,B,136,ALA,1.8,88.6,0.0,0,0,X,0.0,0.0,0.0,0.0,0.0,0.0,0.0,0.0,31,0.03730193978716297,23,12,11,0,0,0,0,0,0,0,0,1,0
1cru,B,137,GLY,-0.4,60.1,0.0,0,0,X,0.0,0.0,0.0,0.0,0.0,0.0,0.0,0.0,30,0.03916703677652112,27,10,17,0,0,0,0,0,0,0,0,1,0
1cru,B,138,LEU,3.8,166.7,0.0,0,0,X,0.0,0.0,0.0,0.0,0.0,0.0,0.0,0.0,35,0.04662742473395372,16,5,11,0,0,0,0,0,0,0,0,1,0
1cru,B,139,PRO,-1.6,112.7,0.0,0,0,X,0.0,0.0,0.0,0.0,0.0,0.0,0.0,0.0,40,0.043829779249916496,21,10,11,0,0,0,0,0,0,0,0,1,0
1cru,B,140,SER,-0.8,89.0,0.0,1,1,X,0.0,0.0,0.0,0.0,0.0,0.0,0.0,0.0,41,0.04989134446533048,20,17,3,0,0,0,0,0,0,0,0,1,0
1cru,B,141,SER,-0.8,89.0,0.0,1,1,X,0.0,0.0,0.0,0.0,0.0,0.0,0.0,0.0,35,0.045228601991935104,26,27,-1,0,0,0,0,0,0,0,0,1,0
1cru,B,142,LYS,-3.9,168.6,1.0,2,0,X,0.0,0.0,0.0,0.0,0.0,0.0,0.0,0.0,26,0.045694876239274644,10,29,-19,0,0,0,0,0,0,0,0,1,0
1cru,B,143,ASP,-3.5,111.1,-1.0,1,3,X,0.0,0.0,0.0,0.0,0.0,0.0,0.0,0.0,28,0.045694876239274644,35,19,16,0,0,0,0,0,0,0,0,1,0
1cru,B,144,HIS,-3.2,153.2,0.1,2,1,X,0.0,0.0,0.0,0.0,0.0,0.0,0.0,0.0,33,0.05222271570202816,27,20,7,0,0,0,0,0,0,0,0,1,1
1cru,B,145,GLN,-3.5,143.8,0.0,2,2,X,0.0,0.0,0.0,0.0,0.0,0.0,0.0,0.0,44,0.05548663543340492,31,16,15,0,0,0,0,0,0,0,0,1,0
1cru,B,146,SER,-0.8,89.0,0.0,1,1,X,0.0,0.0,0.0,0.0,0.0,0.0,0.0,0.0,47,0.048492521723311866,46,18,28,0,0,0,0,0,0,0,0,1,0
1cru,B,147,GLY,-0.4,60.1,0.0,0,0,X,0.0,0.0,0.0,0.0,0.0,0.0,0.0,0.0,47,0.05035761871267001,27,0,27,0,0,0,0,0,0,0,0,1,0
1cru,B,148,ARG,-4.5,173.4,1.0,5,0,X,0.0,0.0,0.0,0.0,0.0,0.0,0.0,0.0,42,0.048492521723311866,14,6,8,0,0,0,0,0,0,0,0,1,0
1cru,B,149,LEU,3.8,166.7,0.0,0,0,X,0.0,0.0,0.0,0.0,0.0,0.0,0.0,0.0,40,0.04942507021799094,19,0,19,0,0,0,0,0,0,0,0,1,0
1cru,B,150,VAL,4.2,140.0,0.0,0,0,X,0.0,0.0,0.0,0.0,0.0,0.0,0.0,0.0,35,0.043829779249916496,23,2,21,0,0,0,0,0,0,0,0,1,0
1cru,B,151,ILE,4.5,166.7,0.0,0,0,X,0.0,0.0,0.0,0.0,0.0,0.0,0.0,0.0,30,0.04662742473395372,20,10,10,0,0,0,0,0,0,0,0,1,0
1cru,B,152,GLY,-0.4,60.1,0.0,0,0,X,0.0,0.0,0.0,0.0,0.0,0.0,0.0,0.0,25,0.03963331102386066,26,9,17,0,0,0,0,0,0,0,0,1,0
1cru,B,153,PRO,-1.6,112.7,0.0,0,0,X,0.0,0.0,0.0,0.0,0.0,0.0,0.0,0.0,17,0.027043906345693154,16,8,8,0,0,0,0,0,0,0,0,1,0
1cru,B,154,ASP,-3.5,111.1,-1.0,1,3,X,0.0,0.0,0.0,0.0,0.0,0.0,0.0,0.0,20,0.025645083603674543,18,4,14,0,0,0,0,0,0,0,0,1,0
1cru,B,155,GLN,-3.5,143.8,0.0,2,2,X,0.0,0.0,0.0,0.0,0.0,0.0,0.0,0.0,20,0.03450429430312575,23,15,8,0,0,0,0,0,0,0,0,1,0
1cru,B,156,LYS,-3.9,168.6,1.0,2,0,X,0.0,0.0,0.0,0.0,0.0,0.0,0.0,0.0,28,0.048958795970651406,14,21,-7,0,0,0,0,0,0,0,0,1,0
1cru,B,157,ILE,4.5,166.7,0.0,0,0,X,0.0,0.0,0.0,0.0,0.0,0.0,0.0,0.0,37,0.053155264196707235,34,14,20,0,0,0,0,0,0,0,0,1,0
1cru,B,158,TYR,-1.3,193.6,0.0,1,1,X,0.0,0.0,0.0,0.0,0.0,0.0,0.0,0.0,34,0.0526889899493677,31,8,23,0,0,0,0,0,0,0,0,1,0
1cru,B,159,TYR,-1.3,193.6,0.0,1,1,X,0.0,0.0,0.0,0.0,0.0,0.0,0.0,0.0,39,0.048958795970651406,24,0,24,0,0,0,0,0,0,0,0,1,0
1cru,B,160,THR,-0.7,116.1,0.0,1,1,X,0.0,0.0,0.0,0.0,0.0,0.0,0.0,0.0,46,0.0526889899493677,37,8,29,0,0,0,0,0,0,0,0,1,0
1cru,B,161,ILE,4.5,166.7,0.0,0,0,X,0.0,0.0,0.0,0.0,0.0,0.0,0.0,0.0,47,0.058750555164781684,39,9,30,0,0,0,0,0,0,0,0,1,0
1cru,B,162,GLY,-0.4,60.1,0.0,0,0,X,0.0,0.0,0.0,0.0,0.0,0.0,0.0,0.0,44,0.05595290968074446,49,17,32,0,0,0,0,0,0,0,0,1,0
1cru,B,163,ASP,-3.5,111.1,-1.0,1,3,X,0.0,0.0,0.0,0.0,0.0,0.0,0.0,0.0,39,0.058750555164781684,51,12,39,0,0,0,0,0,0,0,0,1,0
1cru,B,164,GLN,-3.5,143.8,0.0,2,2,X,0.0,0.0,0.0,0.0,0.0,0.0,0.0,0.0,42,0.05455408693872585,39,16,23,0,0,0,0,0,0,0,0,1,0
1cru,B,165,GLY,-0.4,60.1,0.0,0,0,X,0.0,0.0,0.0,0.0,0.0,0.0,0.0,0.0,32,0.05502036118606539,40,16,24,0,0,0,0,0,0,0,0,1,0
1cru,B,166,ARG,-4.5,173.4,1.0,5,0,X,0.0,0.0,0.0,0.0,0.0,0.0,0.0,0.0,36,0.05222271570202816,21,15,6,0,0,0,0,0,0,0,0,1,0
1cru,B,167,ASN,-3.5,114.1,0.0,2,2,X,0.0,0.0,0.0,0.0,0.0,0.0,0.0,0.0,34,0.05455408693872585,19,14,5,0,0,0,0,0,0,0,0,1,0
1cru,B,168,GLN,-3.5,143.8,0.0,2,2,X,0.0,0.0,0.0,0.0,0.0,0.0,0.0,0.0,28,0.03730193978716297,23,23,0,0,0,0,0,0,0,0,0,1,0
1cru,B,169,LEU,3.8,166.7,0.0,0,0,X,0.0,0.0,0.0,0.0,0.0,0.0,0.0,0.0,19,0.025645083603674543,13,15,-2,0,0,0,0,0,0,0,0,1,0
1cru,B,170,ALA,1.8,88.6,0.0,0,0,X,0.0,0.0,0.0,0.0,0.0,0.0,0.0,0.0,17,0.025178809356335007,15,20,-5,0,0,0,0,0,0,0,0,1,0
1cru,B,171,TYR,-1.3,193.6,0.0,1,1,X,0.0,0.0,0.0,0.0,0.0,0.0,0.0,0.0,23,0.03776821403450251,30,26,4,0,0,0,0,0,0,0,0,1,0
1cru,B,172,LEU,3.8,166.7,0.0,0,0,X,0.0,0.0,0.0,0.0,0.0,0.0,0.0,0.0,27,0.04149840801321881,21,9,12,0,0,0,0,0,0,0,0,1,0
1cru,B,173,PHE,2.8,189.9,0.0,0,0,X,0.0,0.0,0.0,0.0,0.0,0.0,0.0,0.0,27,0.043363505002576956,19,5,14,0,0,0,0,0,0,0,0,1,0
1cru,B,174,LEU,3.8,166.7,0.0,0,0,X,0.0,0.0,0.0,0.0,0.0,0.0,0.0,0.0,25,0.03776821403450251,15,9,6,0,0,0,0,0,0,0,0,1,0
1cru,B,175,PRO,-1.6,112.7,0.0,0,0,X,0.0,0.0,0.0,0.0,0.0,0.0,0.0,0.0,26,0.040099585271200194,24,5,19,0,0,0,0,0,0,0,0,1,0
1cru,B,176,ASN,-3.5,114.1,0.0,2,2,X,0.0,0.0,0.0,0.0,0.0,0.0,0.0,0.0,36,0.04942507021799094,40,8,32,0,0,0,0,0,0,0,0,1,0
1cru,B,177,GLN,-3.5,143.8,0.0,2,2,X,0.0,0.0,0.0,0.0,0.0,0.0,0.0,0.0,34,0.048492521723311866,39,11,28,0,0,0,0,0,0,0,0,1,0
1cru,B,178,ALA,1.8,88.6,0.0,0,0,X,0.0,0.0,0.0,0.0,0.0,0.0,0.0,0.0,38,0.05735173242276307,46,11,35,0,0,0,0,0,0,0,0,1,0
1cru,B,179,GLN,-3.5,143.8,0.0,2,2,X,0.0,0.0,0.0,0.0,0.0,0.0,0.0,0.0,33,0.045228601991935104,31,1,30,0,0,0,0,0,0,0,0,1,0
1cru,B,180,HIS,-3.2,153.2,0.1,2,1,X,0.0,0.0,0.0,0.0,0.0,0.0,0.0,0.0,28,0.03683566553982344,19,3,16,0,0,0,0,0,0,0,0,1,0
1cru,B,181,THR,-0.7,116.1,0.0,1,1,X,0.0,0.0,0.0,0.0,0.0,0.0,0.0,0.0,32,0.045228601991935104,27,9,18,0,0,0,0,0,0,0,0,1,0
1cru,B,182,PRO,-1.6,112.7,0.0,0,0,X,0.0,0.0,0.0,0.0,0.0,0.0,0.0,0.0,32,0.04662742473395372,31,17,14,0,0,0,0,0,0,0,0,1,0
1cru,B,183,THR,-0.7,116.1,0.0,1,1,X,0.0,0.0,0.0,0.0,0.0,0.0,0.0,0.0,22,0.03590311704514436,11,17,-6,0,0,0,0,0,0,0,0,1,0
1cru,B,184,GLN,-3.5,143.8,0.0,2,2,X,0.0,0.0,0.0,0.0,0.0,0.0,0.0,0.0,18,0.03170664881908853,2,11,-9,0,0,0,0,0,0,0,0,1,0
1cru,B,185,GLN,-3.5,143.8,0.0,2,2,X,0.0,0.0,0.0,0.0,0.0,0.0,0.0,0.0,12,0.02844272908771177,4,16,-12,0,0,0,0,0,0,0,0,1,0
1cru,B,186,GLU,-3.5,138.4,-1.0,1,3,X,0.0,0.0,0.0,0.0,0.0,0.0,0.0,0.0,19,0.040099585271200194,18,8,10,0,0,0,0,0,0,0,0,1,0
1cru,B,187,LEU,3.8,166.7,0.0,0,0,X,0.0,0.0,0.0,0.0,0.0,0.0,0.0,0.0,22,0.04709369898129325,21,17,4,0,0,0,0,0,0,0,0,1,0
1cru,B,188,ASN,-3.5,114.1,0.0,2,2,X,0.0,0.0,0.0,0.0,0.0,0.0,0.0,0.0,13,0.027510180593032695,9,15,-6,0,0,0,0,0,0,0,0,1,0
1cru,B,189,GLY,-0.4,60.1,0.0,0,0,X,0.0,0.0,0.0,0.0,0.0,0.0,0.0,0.0,15,0.02471253510899547,13,17,-4,0,0,0,0,0,0,0,0,1,0
1cru,B,190,LYS,-3.9,168.6,1.0,2,0,X,0.0,0.0,0.0,0.0,0.0,0.0,0.0,0.0,22,0.030307826077069916,9,14,-5,0,0,0,0,0,0,0,0,1,0
1cru,B,191,ASP,-3.5,111.1,-1.0,1,3,X,0.0,0.0,0.0,0.0,0.0,0.0,0.0,0.0,21,0.035436842797804825,18,9,9,0,0,0,0,0,0,0,0,1,0
1cru,B,192,TYR,-1.3,193.6,0.0,1,1,X,0.0,0.0,0.0,0.0,0.0,0.0,0.0,0.0,32,0.045228601991935104,30,17,13,0,0,0,0,0,0,0,0,1,0
1cru,B,193,HIS,-3.2,153.2,0.1,2,1,X,0.0,0.0,0.0,0.0,0.0,0.0,0.0,0.0,26,0.03683566553982344,21,17,4,0,0,0,0,0,0,0,0,1,0
1cru,B,194,THR,-0.7,116.1,0.0,1,1,X,0.0,0.0,0.0,0.0,0.0,0.0,0.0,0.0,36,0.048026247475972325,38,18,20,0,0,0,0,0,0,0,0,1,0
1cru,B,195,TYR,-1.3,193.6,0.0,1,1,X,0.0,0.0,0.0,0.0,0.0,0.0,0.0,0.0,43,0.05548663543340492,40,14,26,0,0,0,0,0,0,0,0,1,0
1cru,B,196,MET,1.9,162.9,0.0,0,0,X,0.0,0.0,0.0,0.0,0.0,0.0,0.0,0.0,44,0.0526889899493677,56,11,45,0,0,0,0,0,0,0,0,1,0
1cru,B,197,GLY,-0.4,60.1,0.0,0,0,X,0.0,0.0,0.0,0.0,0.0,0.0,0.0,0.0,44,0.058750555164781684,44,13,31,0,0,0,0,0,0,0,0,1,0
1cru,B,198,LYS,-3.9,168.6,1.0,2,0,X,0.0,0.0,0.0,0.0,0.0,0.0,0.0,0.0,46,0.05688545817542354,29,10,19,0,0,0,0,0,0,0,0,1,0
1cru,B,199,VAL,4.2,140.0,0.0,0,0,X,0.0,0.0,0.0,0.0,0.0,0.0,0.0,0.0,47,0.0526889899493677,41,2,39,0,0,0,0,0,0,0,0,1,0
1cru,B,200,LEU,3.8,166.7,0.0,0,0,X,0.0,0.0,0.0,0.0,0.0,0.0,0.0,0.0,43,0.05455408693872585,37,0,37,0,0,0,0,0,0,0,0,1,0
1cru,B,201,ARG,-4.5,173.4,1.0,5,0,X,0.0,0.0,0.0,0.0,0.0,0.0,0.0,0.0,34,0.05408781269138631,32,16,16,0,0,0,0,0,0,0,0,1,0
1cru,B,202,LEU,3.8,166.7,0.0,0,0,X,0.0,0.0,0.0,0.0,0.0,0.0,0.0,0.0,34,0.05688545817542354,31,13,18,0,0,0,0,0,0,0,0,1,0
1cru,B,203,ASN,-3.5,114.1,0.0,2,2,X,0.0,0.0,0.0,0.0,0.0,0.0,0.0,0.0,23,0.04196468226055834,35,21,14,0,0,0,0,0,0,0,0,1,0
1cru,B,204,LEU,3.8,166.7,0.0,0,0,X,0.0,0.0,0.0,0.0,0.0,0.0,0.0,0.0,30,0.03870076252918159,32,11,21,0,0,0,0,0,0,0,0,1,0
1cru,B,205,ASP,-3.5,111.1,-1.0,1,3,X,0.0,0.0,0.0,0.0,0.0,0.0,0.0,0.0,18,0.030774100324409453,15,4,11,0,0,0,0,0,0,0,0,1,0
1cru,B,206,GLY,-0.4,60.1,0.0,0,0,X,0.0,0.0,0.0,0.0,0.0,0.0,0.0,0.0,28,0.03963331102386066,31,13,18,0,0,0,0,0,0,0,0,1,0
1cru,B,207,SER,-0.8,89.0,0.0,1,1,X,0.0,0.0,0.0,0.0,0.0,0.0,0.0,0.0,23,0.034970568550465285,33,11,22,0,0,0,0,0,0,0,0,1,0
1cru,B,208,ILE,4.5,166.7,0.0,0,0,X,0.0,0.0,0.0,0.0,0.0,0.0,0.0,0.0,27,0.04149840801321881,34,15,19,0,0,0,0,0,0,0,0,1,0
1cru,B,209,PRO,-1.6,112.7,0.0,0,0,X,0.0,0.0,0.0,0.0,0.0,0.0,0.0,0.0,27,0.04429605349725603,41,17,24,0,0,0,0,0,0,0,0,1,0
1cru,B,210,LYS,-3.9,168.6,1.0,2,0,X,0.0,0.0,0.0,0.0,0.0,0.0,0.0,0.0,12,0.025645083603674543,8,8,0,0,0,0,0,0,0,0,0,1,0
1cru,B,211,ASP,-3.5,111.1,-1.0,1,3,X,0.0,0.0,0.0,0.0,0.0,0.0,0.0,0.0,18,0.025645083603674543,31,5,26,0,0,0,0,0,0,0,0,1,0
1cru,B,212,ASN,-3.5,114.1,0.0,2,2,X,0.0,0.0,0.0,0.0,0.0,0.0,0.0,0.0,28,0.045228601991935104,42,9,33,0,0,0,0,0,0,0,0,1,0
1cru,B,213,PRO,-1.6,112.7,0.0,0,0,X,0.0,0.0,0.0,0.0,0.0,0.0,0.0,0.0,27,0.03916703677652112,29,8,21,0,0,0,0,0,0,0,0,1,0
1cru,B,214,SER,-0.8,89.0,0.0,1,1,X,0.0,0.0,0.0,0.0,0.0,0.0,0.0,0.0,25,0.02984155182973038,14,4,10,0,0,0,0,0,0,0,0,1,0
1cru,B,215,PHE,2.8,189.9,0.0,0,0,X,0.0,0.0,0.0,0.0,0.0,0.0,0.0,0.0,31,0.03403802005578621,25,0,25,0,0,0,0,0,0,0,0,1,0
1cru,B,216,ASN,-3.5,114.1,0.0,2,2,X,0.0,0.0,0.0,0.0,0.0,0.0,0.0,0.0,17,0.020516066882939634,8,0,8,0,0,0,0,0,0,0,0,1,0
1cru,B,217,GLY,-0.4,60.1,0.0,0,0,X,0.0,0.0,0.0,0.0,0.0,0.0,0.0,0.0,14,0.01958351838826056,0,0,0,0,0,0,0,0,0,0,0,1,0
1cru,B,218,VAL,4.2,140.0,0.0,0,0,X,0.0,0.0,0.0,0.0,0.0,0.0,0.0,0.0,21,0.03450429430312575,3,5,-2,0,0,0,0,0,0,0,0,1,0
1cru,B,219,VAL,4.2,140.0,0.0,0,0,X,0.0,0.0,0.0,0.0,0.0,0.0,0.0,0.0,25,0.04149840801321881,23,7,16,0,0,0,0,0,0,0,0,1,0
1cru,B,220,SER,-0.8,89.0,0.0,1,1,X,0.0,0.0,0.0,0.0,0.0,0.0,0.0,0.0,36,0.04755997322863279,27,7,20,0,0,0,0,0,0,0,0,1,0
1cru,B,221,HIS,-3.2,153.2,0.1,2,1,X,0.0,0.0,0.0,0.0,0.0,0.0,0.0,0.0,37,0.05175644145468863,15,4,11,0,0,0,0,0,0,0,0,1,0
1cru,B,222,ILE,4.5,166.7,0.0,0,0,X,0.0,0.0,0.0,0.0,0.0,0.0,0.0,0.0,41,0.05502036118606539,36,0,36,0,0,0,0,0,0,0,0,1,0
1cru,B,223,TYR,-1.3,193.6,0.0,1,1,X,0.0,0.0,0.0,0.0,0.0,0.0,0.0,0.0,35,0.05548663543340492,36,10,26,0,0,0,0,0,0,0,0,1,0
1cru,B,224,THR,-0.7,116.1,0.0,1,1,X,0.0,0.0,0.0,0.0,0.0,0.0,0.0,0.0,43,0.05688545817542354,37,2,35,0,0,0,0,0,0,0,0,1,0
1cru,B,225,LEU,3.8,166.7,0.0,0,0,X,0.0,0.0,0.0,0.0,0.0,0.0,0.0,0.0,44,0.056419183928083996,34,3,31,0,0,0,0,0,0,0,0,1,0
1cru,B,226,GLY,-0.4,60.1,0.0,0,0,X,0.0,0.0,0.0,0.0,0.0,0.0,0.0,0.0,45,0.05408781269138631,33,16,17,0,0,0,0,0,0,0,0,1,0
1cru,B,227,HIS,-3.2,153.2,0.1,2,1,X,0.0,0.0,0.0,0.0,0.0,0.0,0.0,0.0,48,0.05781800667010261,19,23,-4,0,0,0,0,0,0,0,0,1,0
1cru,B,228,ARG,-4.5,173.4,1.0,5,0,X,0.0,0.0,0.0,0.0,0.0,0.0,0.0,0.0,47,0.05595290968074446,25,40,-15,0,0,0,0,0,0,0,0,1,1
1cru,B,229,ASN,-3.5,114.1,0.0,2,2,X,0.0,0.0,0.0,0.0,0.0,0.0,0.0,0.0,41,0.056419183928083996,37,33,4,0,0,0,0,0,0,0,0,1,1
1cru,B,230,PRO,-1.6,112.7,0.0,0,0,X,0.0,0.0,0.0,0.0,0.0,0.0,0.0,0.0,42,0.05408781269138631,43,24,19,0,0,0,0,0,0,0,0,1,0
1cru,B,231,GLN,-3.5,143.8,0.0,2,2,X,0.0,0.0,0.0,0.0,0.0,0.0,0.0,0.0,38,0.050823892960009553,47,18,29,0,0,0,0,0,0,0,0,1,1
1cru,B,232,GLY,-0.4,60.1,0.0,0,0,X,0.0,0.0,0.0,0.0,0.0,0.0,0.0,0.0,41,0.048958795970651406,19,18,1,0,0,0,0,0,0,0,0,1,0
1cru,B,233,LEU,3.8,166.7,0.0,0,0,X,0.0,0.0,0.0,0.0,0.0,0.0,0.0,0.0,40,0.04989134446533048,18,4,14,0,0,0,0,0,0,0,0,1,0
1cru,B,234,ALA,1.8,88.6,0.0,0,0,X,0.0,0.0,0.0,0.0,0.0,0.0,0.0,0.0,37,0.04103213376587927,18,0,18,0,0,0,0,0,0,0,0,1,0
1cru,B,235,PHE,2.8,189.9,0.0,0,0,X,0.0,0.0,0.0,0.0,0.0,0.0,0.0,0.0,31,0.040565859518539735,13,6,7,0,0,0,0,0,0,0,0,1,0
1cru,B,236,THR,-0.7,116.1,0.0,1,1,X,0.0,0.0,0.0,0.0,0.0,0.0,0.0,0.0,26,0.03916703677652112,16,1,15,0,0,0,0,0,0,0,0,1,0
1cru,B,237,PRO,-1.6,112.7,0.0,0,0,X,0.0,0.0,0.0,0.0,0.0,0.0,0.0,0.0,19,0.026577632098353617,17,1,16,0,0,0,0,0,0,0,0,1,0
1cru,B,238,ASN,-3.5,114.1,0.0,2,2,X,0.0,0.0,0.0,0.0,0.0,0.0,0.0,0.0,18,0.026577632098353617,10,4,6,0,0,0,0,0,0,0,0,1,0
1cru,B,239,GLY,-0.4,60.1,0.0,0,0,X,0.0,0.0,0.0,0.0,0.0,0.0,0.0,0.0,19,0.02797645484037223,9,6,3,0,0,0,0,0,0,0,0,1,0
1cru,B,240,LYS,-3.9,168.6,1.0,2,0,X,0.0,0.0,0.0,0.0,0.0,0.0,0.0,0.0,24,0.040099585271200194,0,4,-4,0,0,0,0,0,0,0,0,1,0
1cru,B,241,LEU,3.8,166.7,0.0,0,0,X,0.0,0.0,0.0,0.0,0.0,0.0,0.0,0.0,37,0.043363505002576956,12,2,10,0,0,0,0,0,0,0,0,1,0
1cru,B,242,LEU,3.8,166.7,0.0,0,0,X,0.0,0.0,0.0,0.0,0.0,0.0,0.0,0.0,39,0.05035761871267001,9,3,6,0,0,0,0,0,0,0,0,1,0
1cru,B,243,GLN,-3.5,143.8,0.0,2,2,X,0.0,0.0,0.0,0.0,0.0,0.0,0.0,0.0,42,0.05175644145468863,18,21,-3,0,0,0,0,0,0,0,0,1,0
1cru,B,244,SER,-0.8,89.0,0.0,1,1,X,0.0,0.0,0.0,0.0,0.0,0.0,0.0,0.0,40,0.053621538444046775,16,28,-12,0,0,0,0,0,0,0,0,1,0
1cru,B,245,GLU,-3.5,138.4,-1.0,1,3,X,0.0,0.0,0.0,0.0,0.0,0.0,0.0,0.0,49,0.058284280917442144,32,27,5,0,0,0,0,0,0,0,0,1,0
1cru,B,246,GLN,-3.5,143.8,0.0,2,2,X,0.0,0.0,0.0,0.0,0.0,0.0,0.0,0.0,39,0.053155264196707235,33,35,-2,0,0,0,0,0,0,0,0,1,1
1cru,B,247,GLY,-0.4,60.1,0.0,0,0,X,0.0,0.0,0.0,0.0,0.0,0.0,0.0,0.0,35,0.05175644145468863,23,37,-14,0,0,0,0,0,0,0,0,1,1
1cru,B,248,PRO,-1.6,112.7,0.0,0,0,X,0.0,0.0,0.0,0.0,0.0,0.0,0.0,0.0,40,0.043363505002576956,18,31,-13,0,0,0,0,0,0,0,0,1,1
1cru,B,249,ASN,-3.5,114.1,0.0,2,2,X,0.0,0.0,0.0,0.0,0.0,0.0,0.0,0.0,38,0.04989134446533048,9,17,-8,0,0,0,0,0,0,0,0,1,0
1cru,B,250,SER,-0.8,89.0,0.0,1,1,X,0.0,0.0,0.0,0.0,0.0,0.0,0.0,0.0,45,0.056419183928083996,10,32,-22,0,0,0,0,0,0,0,0,1,0
1cru,B,251,ASP,-3.5,111.1,-1.0,1,3,X,0.0,0.0,0.0,0.0,0.0,0.0,0.0,0.0,42,0.05455408693872585,14,39,-25,0,0,0,0,0,0,0,0,1,0
1cru,B,252,ASP,-3.5,111.1,-1.0,1,3,X,0.0,0.0,0.0,0.0,0.0,0.0,0.0,0.0,42,0.05735173242276307,21,29,-8,0,0,0,0,0,0,0,0,1,0
1cru,B,253,GLU,-3.5,138.4,-1.0,1,3,X,0.0,0.0,0.0,0.0,0.0,0.0,0.0,0.0,43,0.053155264196707235,23,26,-3,0,0,0,0,0,0,0,0,1,0
1cru,B,254,ILE,4.5,166.7,0.0,0,0,X,0.0,0.0,0.0,0.0,0.0,0.0,0.0,0.0,39,0.05129016720734909,10,33,-23,0,0,0,0,0,0,0,0,1,0
1cru,B,255,ASN,-3.5,114.1,0.0,2,2,X,0.0,0.0,0.0,0.0,0.0,0.0,0.0,0.0,39,0.05129016720734909,13,22,-9,0,0,0,0,0,0,0,0,1,0
1cru,B,256,LEU,3.8,166.7,0.0,0,0,X,0.0,0.0,0.0,0.0,0.0,0.0,0.0,0.0,34,0.04476232774459557,15,5,10,0,0,0,0,0,0,0,0,1,0
1cru,B,257,ILE,4.5,166.7,0.0,0,0,X,0.0,0.0,0.0,0.0,0.0,0.0,0.0,0.0,39,0.04616115048661418,20,3,17,0,0,0,0,0,0,0,0,1,0
1cru,B,258,VAL,4.2,140.0,0.0,0,0,X,0.0,0.0,0.0,0.0,0.0,0.0,0.0,0.0,35,0.040565859518539735,16,8,8,0,0,0,0,0,0,0,0,1,0
1cru,B,259,LYS,-3.9,168.6,1.0,2,0,X,0.0,0.0,0.0,0.0,0.0,0.0,0.0,0.0,26,0.03590311704514436,8,15,-7,0,0,0,0,0,0,0,0,1,0
1cru,B,260,GLY,-0.4,60.1,0.0,0,0,X,0.0,0.0,0.0,0.0,0.0,0.0,0.0,0.0,29,0.043363505002576956,21,8,13,0,0,0,0,0,0,0,0,1,0
1cru,B,261,GLY,-0.4,60.1,0.0,0,0,X,0.0,0.0,0.0,0.0,0.0,0.0,0.0,0.0,36,0.05129016720734909,30,10,20,0,0,0,0,0,0,0,0,1,0
1cru,B,262,ASN,-3.5,114.1,0.0,2,2,X,0.0,0.0,0.0,0.0,0.0,0.0,0.0,0.0,41,0.053155264196707235,29,9,20,0,0,0,0,0,0,0,0,1,0
1cru,B,263,TYR,-1.3,193.6,0.0,1,1,X,0.0,0.0,0.0,0.0,0.0,0.0,0.0,0.0,41,0.05548663543340492,23,12,11,0,0,0,0,0,0,0,0,1,0
1cru,B,264,GLY,-0.4,60.1,0.0,0,0,X,0.0,0.0,0.0,0.0,0.0,0.0,0.0,0.0,38,0.05595290968074446,27,17,10,0,0,0,0,0,0,0,0,1,0
1cru,B,265,TRP,-0.9,227.8,0.0,1,0,X,0.0,0.0,0.0,0.0,0.0,0.0,0.0,0.0,44,0.05502036118606539,33,25,8,0,0,0,0,0,0,0,0,1,0
1cru,B,266,PRO,-1.6,112.7,0.0,0,0,X,0.0,0.0,0.0,0.0,0.0,0.0,0.0,0.0,37,0.05129016720734909,24,14,10,0,0,0,0,0,0,0,0,1,0
1cru,B,267,ASN,-3.5,114.1,0.0,2,2,X,0.0,0.0,0.0,0.0,0.0,0.0,0.0,0.0,34,0.05035761871267001,13,17,-4,0,0,0,0,0,0,0,0,1,0
1cru,B,268,VAL,4.2,140.0,0.0,0,0,X,0.0,0.0,0.0,0.0,0.0,0.0,0.0,0.0,41,0.05455408693872585,20,40,-20,0,0,0,0,0,0,0,0,1,0
1cru,B,269,ALA,1.8,88.6,0.0,0,0,X,0.0,0.0,0.0,0.0,0.0,0.0,0.0,0.0,45,0.05502036118606539,18,50,-32,0,0,0,0,0,0,0,0,1,0
1cru,B,270,GLY,-0.4,60.1,0.0,0,0,X,0.0,0.0,0.0,0.0,0.0,0.0,0.0,0.0,41,0.05129016720734909,12,50,-38,0,0,0,0,0,0,0,0,1,0
1cru,B,271,TYR,-1.3,193.6,0.0,1,1,X,0.0,0.0,0.0,0.0,0.0,0.0,0.0,0.0,29,0.04616115048661418,22,56,-34,0,0,0,0,0,0,0,0,1,0
1cru,B,272,LYS,-3.9,168.6,1.0,2,0,X,0.0,0.0,0.0,0.0,0.0,0.0,0.0,0.0,37,0.045228601991935104,10,54,-44,0,0,0,0,0,0,0,0,1,0
1cru,B,273,ASP,-3.5,111.1,-1.0,1,3,X,0.0,0.0,0.0,0.0,0.0,0.0,0.0,0.0,28,0.04196468226055834,15,35,-20,0,0,0,0,0,0,0,0,1,0
1cru,B,274,ASP,-3.5,111.1,-1.0,1,3,X,0.0,0.0,0.0,0.0,0.0,0.0,0.0,0.0,30,0.04149840801321881,17,38,-21,0,0,0,0,0,0,0,0,1,0
1cru,B,275,SER,-0.8,89.0,0.0,1,1,X,0.0,0.0,0.0,0.0,0.0,0.0,0.0,0.0,29,0.04243095650789788,10,44,-34,0,0,0,0,0,0,0,0,1,0
1cru,B,276,GLY,-0.4,60.1,0.0,0,0,X,0.0,0.0,0.0,0.0,0.0,0.0,0.0,0.0,30,0.05175644145468863,2,38,-36,0,0,0,0,0,0,0,0,1,0
1cru,B,277,TYR,-1.3,193.6,0.0,1,1,X,0.0,0.0,0.0,0.0,0.0,0.0,0.0,0.0,41,0.0526889899493677,13,38,-25,0,0,0,0,0,0,0,0,1,0
1cru,B,278,ALA,1.8,88.6,0.0,0,0,X,0.0,0.0,0.0,0.0,0.0,0.0,0.0,0.0,36,0.04989134446533048,13,30,-17,0,0,0,0,0,0,0,0,1,0
1cru,B,279,TYR,-1.3,193.6,0.0,1,1,X,0.0,0.0,0.0,0.0,0.0,0.0,0.0,0.0,33,0.04755997322863279,8,11,-3,0,0,0,0,0,0,0,0,1,0
1cru,B,280,ALA,1.8,88.6,0.0,0,0,X,0.0,0.0,0.0,0.0,0.0,0.0,0.0,0.0,36,0.04289723075523742,12,7,5,0,0,0,0,0,0,0,0,1,0
1cru,B,281,ASN,-3.5,114.1,0.0,2,2,X,0.0,0.0,0.0,0.0,0.0,0.0,0.0,0.0,27,0.043363505002576956,5,0,5,0,0,0,0,0,0,0,0,1,0
1cru,B,282,TYR,-1.3,193.6,0.0,1,1,X,0.0,0.0,0.0,0.0,0.0,0.0,0.0,0.0,36,0.048492521723311866,15,8,7,0,0,0,0,0,0,0,0,1,0
1cru,B,283,SER,-0.8,89.0,0.0,1,1,X,0.0,0.0,0.0,0.0,0.0,0.0,0.0,0.0,24,0.03823448828184205,18,0,18,0,0,0,0,0,0,0,0,1,0
1cru,B,284,ALA,1.8,88.6,0.0,0,0,X,0.0,0.0,0.0,0.0,0.0,0.0,0.0,0.0,21,0.02844272908771177,4,0,4,0,0,0,0,0,0,0,0,1,0
1cru,B,285,ALA,1.8,88.6,0.0,0,0,X,0.0,0.0,0.0,0.0,0.0,0.0,0.0,0.0,21,0.03916703677652112,11,0,11,0,0,0,0,0,0,0,0,1,0
1cru,B,286,ALA,1.8,88.6,0.0,0,0,X,0.0,0.0,0.0,0.0,0.0,0.0,0.0,0.0,16,0.023779986614316396,9,0,9,0,0,0,0,0,0,0,0,1,0
1cru,B,287,ASN,-3.5,114.1,0.0,2,2,X,0.0,0.0,0.0,0.0,0.0,0.0,0.0,0.0,17,0.02471253510899547,13,0,13,0,0,0,0,0,0,0,0,1,0
1cru,B,288,LYS,-3.9,168.6,1.0,2,0,X,0.0,0.0,0.0,0.0,0.0,0.0,0.0,0.0,16,0.02611135785101408,2,0,2,0,0,0,0,0,0,0,0,1,0
1cru,B,289,SER,-0.8,89.0,0.0,1,1,X,0.0,0.0,0.0,0.0,0.0,0.0,0.0,0.0,13,0.019117244140921023,16,2,14,0,0,0,0,0,0,0,0,1,0
1cru,B,290,ILE,4.5,166.7,0.0,0,0,X,0.0,0.0,0.0,0.0,0.0,0.0,0.0,0.0,20,0.0363693912924839,17,8,9,0,0,0,0,0,0,0,0,1,0
1cru,B,291,LYS,-3.9,168.6,1.0,2,0,X,0.0,0.0,0.0,0.0,0.0,0.0,0.0,0.0,16,0.02984155182973038,4,8,-4,0,0,0,0,0,0,0,0,1,0
1cru,B,292,ASP,-3.5,111.1,-1.0,1,3,X,0.0,0.0,0.0,0.0,0.0,0.0,0.0,0.0,26,0.03310547156110714,14,0,14,0,0,0,0,0,0,0,0,1,0
1cru,B,293,LEU,3.8,166.7,0.0,0,0,X,0.0,0.0,0.0,0.0,0.0,0.0,0.0,0.0,20,0.030774100324409453,18,8,10,0,0,0,0,0,0,0,0,1,0
1cru,B,294,ALA,1.8,88.6,0.0,0,0,X,0.0,0.0,0.0,0.0,0.0,0.0,0.0,0.0,27,0.03403802005578621,15,8,7,0,0,0,0,0,0,0,0,1,0
1cru,B,295,GLN,-3.5,143.8,0.0,2,2,X,0.0,0.0,0.0,0.0,0.0,0.0,0.0,0.0,27,0.043829779249916496,10,12,-2,0,0,0,0,0,0,0,0,1,0
1cru,B,296,ASN,-3.5,114.1,0.0,2,2,X,0.0,0.0,0.0,0.0,0.0,0.0,0.0,0.0,38,0.04755997322863279,10,21,-11,0,0,0,0,0,0,0,0,1,0
1cru,B,297,GLY,-0.4,60.1,0.0,0,0,X,0.0,0.0,0.0,0.0,0.0,0.0,0.0,0.0,34,0.043363505002576956,15,20,-5,0,0,0,0,0,0,0,0,1,0
1cru,B,298,VAL,4.2,140.0,0.0,0,0,X,0.0,0.0,0.0,0.0,0.0,0.0,0.0,0.0,29,0.03590311704514436,12,13,-1,0,0,0,0,0,0,0,0,1,0
1cru,B,299,LYS,-3.9,168.6,1.0,2,0,X,0.0,0.0,0.0,0.0,0.0,0.0,0.0,0.0,20,0.02797645484037223,2,7,-5,0,0,0,0,0,0,0,0,1,0
1cru,B,300,VAL,4.2,140.0,0.0,0,0,X,0.0,0.0,0.0,0.0,0.0,0.0,0.0,0.0,22,0.03870076252918159,14,8,6,0,0,0,0,0,0,0,0,1,0
1cru,B,301,ALA,1.8,88.6,0.0,0,0,X,0.0,0.0,0.0,0.0,0.0,0.0,0.0,0.0,23,0.030307826077069916,17,8,9,0,0,0,0,0,0,0,0,1,0
1cru,B,302,ALA,1.8,88.6,0.0,0,0,X,0.0,0.0,0.0,0.0,0.0,0.0,0.0,0.0,17,0.017252147151562876,11,2,9,0,0,0,0,0,0,0,0,1,0
1cru,B,303,GLY,-0.4,60.1,0.0,0,0,X,0.0,0.0,0.0,0.0,0.0,0.0,0.0,0.0,19,0.027510180593032695,7,0,7,0,0,0,0,0,0,0,0,1,0
1cru,B,304,VAL,4.2,140.0,0.0,0,0,X,0.0,0.0,0.0,0.0,0.0,0.0,0.0,0.0,26,0.04149840801321881,7,7,0,0,0,0,0,0,0,0,0,1,0
1cru,B,305,PRO,-1.6,112.7,0.0,0,0,X,0.0,0.0,0.0,0.0,0.0,0.0,0.0,0.0,22,0.029375277582390842,1,1,0,0,0,0,0,0,0,0,0,1,0
1cru,B,306,VAL,4.2,140.0,0.0,0,0,X,0.0,0.0,0.0,0.0,0.0,0.0,0.0,0.0,24,0.032172923066428064,12,9,3,0,0,0,0,0,0,0,0,1,0
1cru,B,307,THR,-0.7,116.1,0.0,1,1,X,0.0,0.0,0.0,0.0,0.0,0.0,0.0,0.0,22,0.03590311704514436,9,23,-14,0,0,0,0,0,0,0,0,1,0
1cru,B,308,LYS,-3.9,168.6,1.0,2,0,X,0.0,0.0,0.0,0.0,0.0,0.0,0.0,0.0,23,0.03870076252918159,7,34,-27,0,0,0,0,0,0,0,0,1,0
1cru,B,309,GLU,-3.5,138.4,-1.0,1,3,X,0.0,0.0,0.0,0.0,0.0,0.0,0.0,0.0,33,0.053155264196707235,18,37,-19,0,0,0,0,0,0,0,0,1,0
1cru,B,310,SER,-0.8,89.0,0.0,1,1,X,0.0,0.0,0.0,0.0,0.0,0.0,0.0,0.0,25,0.03683566553982344,18,45,-27,0,0,0,0,0,0,0,0,1,0
1cru,B,311,GLU,-3.5,138.4,-1.0,1,3,X,0.0,0.0,0.0,0.0,0.0,0.0,0.0,0.0,17,0.029375277582390842,13,15,-2,0,0,0,0,0,0,0,0,1,0
1cru,B,312,TRP,-0.9,227.8,0.0,1,0,X,0.0,0.0,0.0,0.0,0.0,0.0,0.0,0.0,27,0.03450429430312575,19,30,-11,0,0,0,0,0,0,0,0,1,0
1cru,B,313,THR,-0.7,116.1,0.0,1,1,X,0.0,0.0,0.0,0.0,0.0,0.0,0.0,0.0,17,0.020049792635600097,12,17,-5,0,0,0,0,0,0,0,0,1,0
1cru,B,314,GLY,-0.4,60.1,0.0,0,0,X,0.0,0.0,0.0,0.0,0.0,0.0,0.0,0.0,21,0.030307826077069916,14,20,-6,0,0,0,0,0,0,0,0,1,0
1cru,B,315,LYS,-3.9,168.6,1.0,2,0,X,0.0,0.0,0.0,0.0,0.0,0.0,0.0,0.0,21,0.03310547156110714,6,9,-3,0,0,0,0,0,0,0,0,1,0
1cru,B,316,ASN,-3.5,114.1,0.0,2,2,X,0.0,0.0,0.0,0.0,0.0,0.0,0.0,0.0,31,0.03776821403450251,23,16,7,0,0,0,0,0,0,0,0,1,0
1cru,B,317,PHE,2.8,189.9,0.0,0,0,X,0.0,0.0,0.0,0.0,0.0,0.0,0.0,0.0,37,0.053155264196707235,18,31,-13,0,0,0,0,0,0,0,0,1,0
1cru,B,318,VAL,4.2,140.0,0.0,0,0,X,0.0,0.0,0.0,0.0,0.0,0.0,0.0,0.0,41,0.04942507021799094,19,22,-3,0,0,0,0,0,0,0,0,1,0
1cru,B,319,PRO,-1.6,112.7,0.0,0,0,X,0.0,0.0,0.0,0.0,0.0,0.0,0.0,0.0,32,0.048958795970651406,22,21,1,0,0,0,0,0,0,0,0,1,0
1cru,B,320,PRO,-1.6,112.7,0.0,0,0,X,0.0,0.0,0.0,0.0,0.0,0.0,0.0,0.0,30,0.045694876239274644,14,31,-17,0,0,0,0,0,0,0,0,1,0
1cru,B,321,LEU,3.8,166.7,0.0,0,0,X,0.0,0.0,0.0,0.0,0.0,0.0,0.0,0.0,32,0.043363505002576956,11,17,-6,0,0,0,0,0,0,0,0,1,0
1cru,B,322,LYS,-3.9,168.6,1.0,2,0,X,0.0,0.0,0.0,0.0,0.0,0.0,0.0,0.0,38,0.04243095650789788,12,40,-28,0,0,0,0,0,0,0,0,1,0
1cru,B,323,THR,-0.7,116.1,0.0,1,1,X,0.0,0.0,0.0,0.0,0.0,0.0,0.0,0.0,34,0.05175644145468863,14,48,-34,0,0,0,0,0,0,0,0,1,0
1cru,B,324,LEU,3.8,166.7,0.0,0,0,X,0.0,0.0,0.0,0.0,0.0,0.0,0.0,0.0,42,0.0526889899493677,18,43,-25,0,0,0,0,0,0,0,0,1,0
1cru,B,325,TYR,-1.3,193.6,0.0,1,1,X,0.0,0.0,0.0,0.0,0.0,0.0,0.0,0.0,35,0.053621538444046775,20,34,-14,0,0,0,0,0,0,0,0,1,0
1cru,B,326,THR,-0.7,116.1,0.0,1,1,X,0.0,0.0,0.0,0.0,0.0,0.0,0.0,0.0,32,0.04942507021799094,9,55,-46,0,0,0,0,0,0,0,0,1,0
1cru,B,327,VAL,4.2,140.0,0.0,0,0,X,0.0,0.0,0.0,0.0,0.0,0.0,0.0,0.0,31,0.04709369898129325,0,41,-41,0,0,0,0,0,0,0,0,1,0
1cru,B,328,GLN,-3.5,143.8,0.0,2,2,X,0.0,0.0,0.0,0.0,0.0,0.0,0.0,0.0,20,0.03916703677652112,0,42,-42,0,0,0,0,0,0,0,0,1,0
1cru,B,329,ASP,-3.5,111.1,-1.0,1,3,X,0.0,0.0,0.0,0.0,0.0,0.0,0.0,0.0,21,0.03403802005578621,4,14,-10,0,0,0,0,0,0,0,0,1,0
1cru,B,330,THR,-0.7,116.1,0.0,1,1,X,0.0,0.0,0.0,0.0,0.0,0.0,0.0,0.0,10,0.025178809356335007,0,16,-16,0,0,0,0,0,0,0,0,1,0
1cru,B,331,TYR,-1.3,193.6,0.0,1,1,X,0.0,0.0,0.0,0.0,0.0,0.0,0.0,0.0,26,0.032639197313767604,0,14,-14,0,0,0,0,0,0,0,0,1,0
1cru,B,332,ASN,-3.5,114.1,0.0,2,2,X,0.0,0.0,0.0,0.0,0.0,0.0,0.0,0.0,19,0.030774100324409453,1,11,-10,0,0,0,0,0,0,0,0,1,0
1cru,B,333,TYR,-1.3,193.6,0.0,1,1,X,0.0,0.0,0.0,0.0,0.0,0.0,0.0,0.0,31,0.048026247475972325,7,16,-9,0,0,0,0,0,0,0,0,1,0
1cru,B,334,ASN,-3.5,114.1,0.0,2,2,X,0.0,0.0,0.0,0.0,0.0,0.0,0.0,0.0,23,0.03403802005578621,2,10,-8,0,0,0,0,0,0,0,0,1,0
1cru,B,335,ASP,-3.5,111.1,-1.0,1,3,X,0.0,0.0,0.0,0.0,0.0,0.0,0.0,0.0,23,0.0363693912924839,1,3,-2,0,0,0,0,0,0,0,0,1,0
1cru,B,336,PRO,-1.6,112.7,0.0,0,0,X,0.0,0.0,0.0,0.0,0.0,0.0,0.0,0.0,17,0.02471253510899547,0,15,-15,0,0,0,0,0,0,0,0,1,0
1cru,B,337,THR,-0.7,116.1,0.0,1,1,X,0.0,0.0,0.0,0.0,0.0,0.0,0.0,0.0,22,0.02611135785101408,2,19,-17,0,0,0,0,0,0,0,0,1,0
1cru,B,338,CYS,2.5,108.5,0.0,1,0,X,0.0,0.0,0.0,0.0,0.0,0.0,0.0,0.0,26,0.04289723075523742,6,21,-15,0,0,0,0,0,0,0,0,1,0
1cru,B,339,GLY,-0.4,60.1,0.0,0,0,X,0.0,0.0,0.0,0.0,0.0,0.0,0.0,0.0,15,0.02844272908771177,0,17,-17,0,0,0,0,0,0,0,0,1,0
1cru,B,340,GLU,-3.5,138.4,-1.0,1,3,X,0.0,0.0,0.0,0.0,0.0,0.0,0.0,0.0,10,0.017252147151562876,0,2,-2,0,0,0,0,0,0,0,0,1,0
1cru,B,341,MET,1.9,162.9,0.0,0,0,X,0.0,0.0,0.0,0.0,0.0,0.0,0.0,0.0,20,0.030774100324409453,0,12,-12,0,0,0,0,0,0,0,0,1,0
1cru,B,342,THR,-0.7,116.1,0.0,1,1,X,0.0,0.0,0.0,0.0,0.0,0.0,0.0,0.0,25,0.04476232774459557,2,17,-15,0,0,0,0,0,0,0,0,1,0
1cru,B,343,TYR,-1.3,193.6,0.0,1,1,X,0.0,0.0,0.0,0.0,0.0,0.0,0.0,0.0,28,0.040565859518539735,16,8,8,0,0,0,0,0,0,0,0,1,1
1cru,B,344,ILE,4.5,166.7,0.0,0,0,X,0.0,0.0,0.0,0.0,0.0,0.0,0.0,0.0,36,0.048958795970651406,29,12,17,0,0,0,0,0,0,0,0,1,0
1cru,B,345,CYS,2.5,108.5,0.0,1,0,X,0.0,0.0,0.0,0.0,0.0,0.0,0.0,0.0,34,0.048492521723311866,18,10,8,0,0,0,0,0,0,0,0,1,0
1cru,B,346,TRP,-0.9,227.8,0.0,1,0,X,0.0,0.0,0.0,0.0,0.0,0.0,0.0,0.0,34,0.0526889899493677,11,12,-1,0,0,0,0,0,0,0,0,1,1
1cru,B,347,PRO,-1.6,112.7,0.0,0,0,X,0.0,0.0,0.0,0.0,0.0,0.0,0.0,0.0,36,0.05129016720734909,11,21,-10,0,0,0,0,0,0,0,0,1,0
1cru,B,348,THR,-0.7,116.1,0.0,1,1,X,0.0,0.0,0.0,0.0,0.0,0.0,0.0,0.0,38,0.05408781269138631,21,21,0,0,0,0,0,0,0,0,0,1,1
1cru,B,349,VAL,4.2,140.0,0.0,0,0,X,0.0,0.0,0.0,0.0,0.0,0.0,0.0,0.0,44,0.05035761871267001,21,20,1,0,0,0,0,0,0,0,0,1,0
1cru,B,350,ALA,1.8,88.6,0.0,0,0,X,0.0,0.0,0.0,0.0,0.0,0.0,0.0,0.0,41,0.045228601991935104,42,20,22,0,0,0,0,0,0,0,0,1,1
1cru,B,351,PRO,-1.6,112.7,0.0,0,0,X,0.0,0.0,0.0,0.0,0.0,0.0,0.0,0.0,38,0.053155264196707235,22,24,-2,0,0,0,0,0,0,0,0,1,0
1cru,B,352,SER,-0.8,89.0,0.0,1,1,X,0.0,0.0,0.0,0.0,0.0,0.0,0.0,0.0,41,0.05129016720734909,39,23,16,0,0,0,0,0,0,0,0,1,0
1cru,B,353,SER,-0.8,89.0,0.0,1,1,X,0.0,0.0,0.0,0.0,0.0,0.0,0.0,0.0,41,0.04942507021799094,29,14,15,0,0,0,0,0,0,0,0,1,0
1cru,B,354,ALA,1.8,88.6,0.0,0,0,X,0.0,0.0,0.0,0.0,0.0,0.0,0.0,0.0,37,0.0526889899493677,10,11,-1,0,0,0,0,0,0,0,0,1,0
1cru,B,355,TYR,-1.3,193.6,0.0,1,1,X,0.0,0.0,0.0,0.0,0.0,0.0,0.0,0.0,36,0.045694876239274644,13,8,5,0,0,0,0,0,0,0,0,1,0
1cru,B,356,VAL,4.2,140.0,0.0,0,0,X,0.0,0.0,0.0,0.0,0.0,0.0,0.0,0.0,29,0.043363505002576956,11,3,8,0,0,0,0,0,0,0,0,1,0
1cru,B,357,TYR,-1.3,193.6,0.0,1,1,X,0.0,0.0,0.0,0.0,0.0,0.0,0.0,0.0,34,0.045228601991935104,19,13,6,0,0,0,0,0,0,0,0,1,0
1cru,B,358,LYS,-3.9,168.6,1.0,2,0,X,0.0,0.0,0.0,0.0,0.0,0.0,0.0,0.0,25,0.032172923066428064,1,8,-7,0,0,0,0,0,0,0,0,1,0
1cru,B,359,GLY,-0.4,60.1,0.0,0,0,X,0.0,0.0,0.0,0.0,0.0,0.0,0.0,0.0,26,0.03730193978716297,22,17,5,0,0,0,0,0,0,0,0,1,0
1cru,B,360,GLY,-0.4,60.1,0.0,0,0,X,0.0,0.0,0.0,0.0,0.0,0.0,0.0,0.0,17,0.02797645484037223,26,14,12,0,0,0,0,0,0,0,0,1,0
1cru,B,361,LYS,-3.9,168.6,1.0,2,0,X,0.0,0.0,0.0,0.0,0.0,0.0,0.0,0.0,12,0.02144861537761871,10,8,2,0,0,0,0,0,0,0,0,1,0
1cru,B,362,LYS,-3.9,168.6,1.0,2,0,X,0.0,0.0,0.0,0.0,0.0,0.0,0.0,0.0,16,0.02984155182973038,11,8,3,0,0,0,0,0,0,0,0,1,0
1cru,B,363,ALA,1.8,88.6,0.0,0,0,X,0.0,0.0,0.0,0.0,0.0,0.0,0.0,0.0,22,0.040099585271200194,22,16,6,0,0,0,0,0,0,0,0,1,0
1cru,B,364,ILE,4.5,166.7,0.0,0,0,X,0.0,0.0,0.0,0.0,0.0,0.0,0.0,0.0,31,0.03963331102386066,26,13,13,0,0,0,0,0,0,0,0,1,0
1cru,B,365,THR,-0.7,116.1,0.0,1,1,X,0.0,0.0,0.0,0.0,0.0,0.0,0.0,0.0,16,0.025178809356335007,10,9,1,0,0,0,0,0,0,0,0,1,0
1cru,B,366,GLY,-0.4,60.1,0.0,0,0,X,0.0,0.0,0.0,0.0,0.0,0.0,0.0,0.0,18,0.025645083603674543,17,9,8,0,0,0,0,0,0,0,0,1,0
1cru,B,367,TRP,-0.9,227.8,0.0,1,0,X,0.0,0.0,0.0,0.0,0.0,0.0,0.0,0.0,31,0.04103213376587927,25,9,16,0,0,0,0,0,0,0,0,1,0
1cru,B,368,GLU,-3.5,138.4,-1.0,1,3,X,0.0,0.0,0.0,0.0,0.0,0.0,0.0,0.0,20,0.03590311704514436,16,4,12,0,0,0,0,0,0,0,0,1,0
1cru,B,369,ASN,-3.5,114.1,0.0,2,2,X,0.0,0.0,0.0,0.0,0.0,0.0,0.0,0.0,28,0.04429605349725603,19,17,2,0,0,0,0,0,0,0,0,1,0
1cru,B,370,THR,-0.7,116.1,0.0,1,1,X,0.0,0.0,0.0,0.0,0.0,0.0,0.0,0.0,33,0.05129016720734909,27,14,13,0,0,0,0,0,0,0,0,1,0
1cru,B,371,LEU,3.8,166.7,0.0,0,0,X,0.0,0.0,0.0,0.0,0.0,0.0,0.0,0.0,44,0.048026247475972325,19,4,15,0,0,0,0,0,0,0,0,1,0
1cru,B,372,LEU,3.8,166.7,0.0,0,0,X,0.0,0.0,0.0,0.0,0.0,0.0,0.0,0.0,36,0.05035761871267001,14,6,8,0,0,0,0,0,0,0,0,1,0
1cru,B,373,VAL,4.2,140.0,0.0,0,0,X,0.0,0.0,0.0,0.0,0.0,0.0,0.0,0.0,39,0.05222271570202816,12,16,-4,0,0,0,0,0,0,0,0,1,0
1cru,B,374,PRO,-1.6,112.7,0.0,0,0,X,0.0,0.0,0.0,0.0,0.0,0.0,0.0,0.0,46,0.05595290968074446,29,10,19,0,0,0,0,0,0,0,0,1,0
1cru,B,375,SER,-0.8,89.0,0.0,1,1,X,0.0,0.0,0.0,0.0,0.0,0.0,0.0,0.0,43,0.05548663543340492,49,12,37,0,0,0,0,0,0,0,0,1,0
1cru,B,376,LEU,3.8,166.7,0.0,0,0,X,0.0,0.0,0.0,0.0,0.0,0.0,0.0,0.0,38,0.053621538444046775,39,14,25,0,0,0,0,0,0,0,0,1,1
1cru,B,377,LYS,-3.9,168.6,1.0,2,0,X,0.0,0.0,0.0,0.0,0.0,0.0,0.0,0.0,42,0.048492521723311866,27,5,22,0,0,0,0,0,0,0,0,1,1
1cru,B,378,ARG,-4.5,173.4,1.0,5,0,X,0.0,0.0,0.0,0.0,0.0,0.0,0.0,0.0,44,0.05408781269138631,24,6,18,0,0,0,0,0,0,0,0,1,0
1cru,B,379,GLY,-0.4,60.1,0.0,0,0,X,0.0,0.0,0.0,0.0,0.0,0.0,0.0,0.0,39,0.053621538444046775,48,7,41,0,0,0,0,0,0,0,0,1,0
1cru,B,380,VAL,4.2,140.0,0.0,0,0,X,0.0,0.0,0.0,0.0,0.0,0.0,0.0,0.0,44,0.06014937790680029,41,1,40,0,0,0,0,0,0,0,0,1,0
1cru,B,381,ILE,4.5,166.7,0.0,0,0,X,0.0,0.0,0.0,0.0,0.0,0.0,0.0,0.0,45,0.05175644145468863,31,4,27,0,0,0,0,0,0,0,0,1,0
1cru,B,382,PHE,2.8,189.9,0.0,0,0,X,0.0,0.0,0.0,0.0,0.0,0.0,0.0,0.0,38,0.04942507021799094,25,7,18,0,0,0,0,0,0,0,0,1,0
1cru,B,383,ARG,-4.5,173.4,1.0,5,0,X,0.0,0.0,0.0,0.0,0.0,0.0,0.0,0.0,31,0.048026247475972325,10,13,-3,0,0,0,0,0,0,0,0,1,0
1cru,B,384,ILE,4.5,166.7,0.0,0,0,X,0.0,0.0,0.0,0.0,0.0,0.0,0.0,0.0,39,0.05129016720734909,29,20,9,0,0,0,0,0,0,0,0,1,0
1cru,B,385,LYS,-3.9,168.6,1.0,2,0,X,0.0,0.0,0.0,0.0,0.0,0.0,0.0,0.0,30,0.04942507021799094,20,30,-10,0,0,0,0,0,0,0,0,1,0
1cru,B,386,LEU,3.8,166.7,0.0,0,0,X,0.0,0.0,0.0,0.0,0.0,0.0,0.0,0.0,37,0.05035761871267001,21,23,-2,0,0,0,0,0,0,0,0,1,0
1cru,B,387,ASP,-3.5,111.1,-1.0,1,3,X,0.0,0.0,0.0,0.0,0.0,0.0,0.0,0.0,29,0.045228601991935104,20,5,15,0,0,0,0,0,0,0,0,1,0
1cru,B,388,PRO,-1.6,112.7,0.0,0,0,X,0.0,0.0,0.0,0.0,0.0,0.0,0.0,0.0,20,0.030774100324409453,20,16,4,0,0,0,0,0,0,0,0,1,0
1cru,B,389,THR,-0.7,116.1,0.0,1,1,X,0.0,0.0,0.0,0.0,0.0,0.0,0.0,0.0,19,0.032172923066428064,15,8,7,0,0,0,0,0,0,0,0,1,0
1cru,B,390,TYR,-1.3,193.6,0.0,1,1,X,0.0,0.0,0.0,0.0,0.0,0.0,0.0,0.0,28,0.04289723075523742,17,12,5,0,0,0,0,0,0,0,0,1,0
1cru,B,391,SER,-0.8,89.0,0.0,1,1,X,0.0,0.0,0.0,0.0,0.0,0.0,0.0,0.0,23,0.03776821403450251,16,8,8,0,0,0,0,0,0,0,0,1,0
1cru,B,392,THR,-0.7,116.1,0.0,1,1,X,0.0,0.0,0.0,0.0,0.0,0.0,0.0,0.0,29,0.04429605349725603,18,12,6,0,0,0,0,0,0,0,0,1,0
1cru,B,393,THR,-0.7,116.1,0.0,1,1,X,0.0,0.0,0.0,0.0,0.0,0.0,0.0,0.0,33,0.048026247475972325,19,26,-7,0,0,0,0,0,0,0,0,1,0
1cru,B,394,TYR,-1.3,193.6,0.0,1,1,X,0.0,0.0,0.0,0.0,0.0,0.0,0.0,0.0,30,0.04709369898129325,24,23,1,0,0,0,0,0,0,0,0,1,0
1cru,B,395,ASP,-3.5,111.1,-1.0,1,3,X,0.0,0.0,0.0,0.0,0.0,0.0,0.0,0.0,29,0.04476232774459557,32,14,18,0,0,0,0,0,0,0,0,1,0
1cru,B,396,ASP,-3.5,111.1,-1.0,1,3,X,0.0,0.0,0.0,0.0,0.0,0.0,0.0,0.0,30,0.035436842797804825,33,18,15,0,0,0,0,0,0,0,0,1,0
1cru,B,397,ALA,1.8,88.6,0.0,0,0,X,0.0,0.0,0.0,0.0,0.0,0.0,0.0,0.0,29,0.04149840801321881,27,24,3,0,0,0,0,0,0,0,0,1,0
1cru,B,398,VAL,4.2,140.0,0.0,0,0,X,0.0,0.0,0.0,0.0,0.0,0.0,0.0,0.0,28,0.03403802005578621,23,16,7,0,0,0,0,0,0,0,0,1,0
1cru,B,399,PRO,-1.6,112.7,0.0,0,0,X,0.0,0.0,0.0,0.0,0.0,0.0,0.0,0.0,31,0.045228601991935104,41,5,36,0,0,0,0,0,0,0,0,1,0
1cru,B,400,MET,1.9,162.9,0.0,0,0,X,0.0,0.0,0.0,0.0,0.0,0.0,0.0,0.0,34,0.04616115048661418,29,3,26,0,0,0,0,0,0,0,0,1,0
1cru,B,401,PHE,2.8,189.9,0.0,0,0,X,0.0,0.0,0.0,0.0,0.0,0.0,0.0,0.0,36,0.04476232774459557,33,12,21,0,0,0,0,0,0,0,0,1,0
1cru,B,402,LYS,-3.9,168.6,1.0,2,0,X,0.0,0.0,0.0,0.0,0.0,0.0,0.0,0.0,35,0.048492521723311866,33,14,19,0,0,0,0,0,0,0,0,1,0
1cru,B,403,SER,-0.8,89.0,0.0,1,1,X,0.0,0.0,0.0,0.0,0.0,0.0,0.0,0.0,33,0.04243095650789788,43,16,27,0,0,0,0,0,0,0,0,1,0
1cru,B,404,ASN,-3.5,114.1,0.0,2,2,X,0.0,0.0,0.0,0.0,0.0,0.0,0.0,0.0,31,0.048026247475972325,37,19,18,0,0,0,0,0,0,0,0,1,0
1cru,B,405,ASN,-3.5,114.1,0.0,2,2,X,0.0,0.0,0.0,0.0,0.0,0.0,0.0,0.0,39,0.05548663543340492,37,17,20,0,0,0,0,0,0,0,0,1,0
1cru,B,406,ARG,-4.5,173.4,1.0,5,0,X,0.0,0.0,0.0,0.0,0.0,0.0,0.0,0.0,41,0.058284280917442144,25,10,15,0,0,0,0,0,0,0,0,1,1
1cru,B,407,TYR,-1.3,193.6,0.0,1,1,X,0.0,0.0,0.0,0.0,0.0,0.0,0.0,0.0,39,0.05688545817542354,42,18,24,0,0,0,0,0,0,0,0,1,0
1cru,B,408,ARG,-4.5,173.4,1.0,5,0,X,0.0,0.0,0.0,0.0,0.0,0.0,0.0,0.0,41,0.05735173242276307,42,16,26,0,0,0,0,0,0,0,0,1,1
1cru,B,409,ASP,-3.5,111.1,-1.0,1,3,X,0.0,0.0,0.0,0.0,0.0,0.0,0.0,0.0,42,0.05175644145468863,29,3,26,0,0,0,0,0,0,0,0,1,0
1cru,B,410,VAL,4.2,140.0,0.0,0,0,X,0.0,0.0,0.0,0.0,0.0,0.0,0.0,0.0,40,0.0526889899493677,13,8,5,0,0,0,0,0,0,0,0,1,0
1cru,B,411,ILE,4.5,166.7,0.0,0,0,X,0.0,0.0,0.0,0.0,0.0,0.0,0.0,0.0,36,0.04429605349725603,9,8,1,0,0,0,0,0,0,0,0,1,0
1cru,B,412,ALA,1.8,88.6,0.0,0,0,X,0.0,0.0,0.0,0.0,0.0,0.0,0.0,0.0,32,0.05035761871267001,12,9,3,0,0,0,0,0,0,0,0,1,0
1cru,B,413,SER,-0.8,89.0,0.0,1,1,X,0.0,0.0,0.0,0.0,0.0,0.0,0.0,0.0,32,0.040565859518539735,24,8,16,0,0,0,0,0,0,0,0,1,0
1cru,B,414,PRO,-1.6,112.7,0.0,0,0,X,0.0,0.0,0.0,0.0,0.0,0.0,0.0,0.0,21,0.029375277582390842,27,8,19,0,0,0,0,0,0,0,0,1,0
1cru,B,415,ASP,-3.5,111.1,-1.0,1,3,X,0.0,0.0,0.0,0.0,0.0,0.0,0.0,0.0,18,0.034970568550465285,22,0,22,0,0,0,0,0,0,0,0,1,0
1cru,B,416,GLY,-0.4,60.1,0.0,0,0,X,0.0,0.0,0.0,0.0,0.0,0.0,0.0,0.0,27,0.04709369898129325,23,8,15,0,0,0,0,0,0,0,0,1,0
1cru,B,417,ASN,-3.5,114.1,0.0,2,2,X,0.0,0.0,0.0,0.0,0.0,0.0,0.0,0.0,27,0.04662742473395372,27,10,17,0,0,0,0,0,0,0,0,1,0
1cru,B,418,VAL,4.2,140.0,0.0,0,0,X,0.0,0.0,0.0,0.0,0.0,0.0,0.0,0.0,33,0.045694876239274644,20,13,7,0,0,0,0,0,0,0,0,1,0
1cru,B,419,LEU,3.8,166.7,0.0,0,0,X,0.0,0.0,0.0,0.0,0.0,0.0,0.0,0.0,36,0.05175644145468863,12,7,5,0,0,0,0,0,0,0,0,1,0
1cru,B,420,TYR,-1.3,193.6,0.0,1,1,X,0.0,0.0,0.0,0.0,0.0,0.0,0.0,0.0,38,0.05035761871267001,15,4,11,0,0,0,0,0,0,0,0,1,0
1cru,B,421,VAL,4.2,140.0,0.0,0,0,X,0.0,0.0,0.0,0.0,0.0,0.0,0.0,0.0,42,0.053621538444046775,26,9,17,0,0,0,0,0,0,0,0,1,0
1cru,B,422,LEU,3.8,166.7,0.0,0,0,X,0.0,0.0,0.0,0.0,0.0,0.0,0.0,0.0,41,0.05502036118606539,35,19,16,0,0,0,0,0,0,0,0,1,0
1cru,B,423,THR,-0.7,116.1,0.0,1,1,X,0.0,0.0,0.0,0.0,0.0,0.0,0.0,0.0,44,0.05502036118606539,34,19,15,0,0,0,0,0,0,0,0,1,0
1cru,B,424,ASP,-3.5,111.1,-1.0,1,3,X,0.0,0.0,0.0,0.0,0.0,0.0,0.0,0.0,34,0.050823892960009553,47,5,42,0,0,0,0,0,0,0,0,1,0
1cru,B,425,THR,-0.7,116.1,0.0,1,1,X,0.0,0.0,0.0,0.0,0.0,0.0,0.0,0.0,30,0.04243095650789788,28,13,15,0,0,0,0,0,0,0,0,1,0
1cru,B,426,ALA,1.8,88.6,0.0,0,0,X,0.0,0.0,0.0,0.0,0.0,0.0,0.0,0.0,29,0.030307826077069916,26,9,17,0,0,0,0,0,0,0,0,1,0
1cru,B,427,GLY,-0.4,60.1,0.0,0,0,X,0.0,0.0,0.0,0.0,0.0,0.0,0.0,0.0,27,0.028909003335051305,18,9,9,0,0,0,0,0,0,0,0,1,0
1cru,B,428,ASN,-3.5,114.1,0.0,2,2,X,0.0,0.0,0.0,0.0,0.0,0.0,0.0,0.0,27,0.04149840801321881,24,5,19,0,0,0,0,0,0,0,0,1,0
1cru,B,429,VAL,4.2,140.0,0.0,0,0,X,0.0,0.0,0.0,0.0,0.0,0.0,0.0,0.0,35,0.05688545817542354,44,13,31,0,0,0,0,0,0,0,0,1,0
1cru,B,430,GLN,-3.5,143.8,0.0,2,2,X,0.0,0.0,0.0,0.0,0.0,0.0,0.0,0.0,39,0.050823892960009553,38,17,21,0,0,0,0,0,0,0,0,1,0
1cru,B,431,LYS,-3.9,168.6,1.0,2,0,X,0.0,0.0,0.0,0.0,0.0,0.0,0.0,0.0,26,0.04243095650789788,13,16,-3,0,0,0,0,0,0,0,0,1,0
1cru,B,432,ASP,-3.5,111.1,-1.0,1,3,X,0.0,0.0,0.0,0.0,0.0,0.0,0.0,0.0,23,0.03916703677652112,33,8,25,0,0,0,0,0,0,0,0,1,0
1cru,B,433,ASP,-3.5,111.1,-1.0,1,3,X,0.0,0.0,0.0,0.0,0.0,0.0,0.0,0.0,20,0.027510180593032695,13,8,5,0,0,0,0,0,0,0,0,1,0
1cru,B,434,GLY,-0.4,60.1,0.0,0,0,X,0.0,0.0,0.0,0.0,0.0,0.0,0.0,0.0,29,0.03776821403450251,26,22,4,0,0,0,0,0,0,0,0,1,0
1cru,B,435,SER,-0.8,89.0,0.0,1,1,X,0.0,0.0,0.0,0.0,0.0,0.0,0.0,0.0,25,0.03590311704514436,13,20,-7,0,0,0,0,0,0,0,0,1,0
1cru,B,436,VAL,4.2,140.0,0.0,0,0,X,0.0,0.0,0.0,0.0,0.0,0.0,0.0,0.0,27,0.04243095650789788,15,18,-3,0,0,0,0,0,0,0,0,1,0
1cru,B,437,THR,-0.7,116.1,0.0,1,1,X,0.0,0.0,0.0,0.0,0.0,0.0,0.0,0.0,26,0.0363693912924839,19,8,11,0,0,0,0,0,0,0,0,1,0
1cru,B,438,ASN,-3.5,114.1,0.0,2,2,X,0.0,0.0,0.0,0.0,0.0,0.0,0.0,0.0,18,0.02984155182973038,9,1,8,0,0,0,0,0,0,0,0,1,0
1cru,B,439,THR,-0.7,116.1,0.0,1,1,X,0.0,0.0,0.0,0.0,0.0,0.0,0.0,0.0,19,0.02797645484037223,10,9,1,0,0,0,0,0,0,0,0,1,0
1cru,B,440,LEU,3.8,166.7,0.0,0,0,X,0.0,0.0,0.0,0.0,0.0,0.0,0.0,0.0,26,0.045228601991935104,11,17,-6,0,0,0,0,0,0,0,0,1,0
1cru,B,441,GLU,-3.5,138.4,-1.0,1,3,X,0.0,0.0,0.0,0.0,0.0,0.0,0.0,0.0,24,0.02984155182973038,9,1,8,0,0,0,0,0,0,0,0,1,0
1cru,B,442,ASN,-3.5,114.1,0.0,2,2,X,0.0,0.0,0.0,0.0,0.0,0.0,0.0,0.0,31,0.040099585271200194,15,14,1,0,0,0,0,0,0,0,0,1,0
1cru,B,443,PRO,-1.6,112.7,0.0,0,0,X,0.0,0.0,0.0,0.0,0.0,0.0,0.0,0.0,27,0.043829779249916496,10,17,-7,0,0,0,0,0,0,0,0,1,0
1cru,B,444,GLY,-0.4,60.1,0.0,0,0,X,0.0,0.0,0.0,0.0,0.0,0.0,0.0,0.0,31,0.04755997322863279,19,18,1,0,0,0,0,0,0,0,0,1,0
1cru,B,445,SER,-0.8,89.0,0.0,1,1,X,0.0,0.0,0.0,0.0,0.0,0.0,0.0,0.0,36,0.053155264196707235,21,16,5,0,0,0,0,0,0,0,0,1,0
1cru,B,446,LEU,3.8,166.7,0.0,0,0,X,0.0,0.0,0.0,0.0,0.0,0.0,0.0,0.0,41,0.05035761871267001,19,5,14,0,0,0,0,0,0,0,0,1,0
1cru,B,447,ILE,4.5,166.7,0.0,0,0,X,0.0,0.0,0.0,0.0,0.0,0.0,0.0,0.0,38,0.0526889899493677,28,9,19,0,0,0,0,0,0,0,0,1,0
1cru,B,448,LYS,-3.9,168.6,1.0,2,0,X,0.0,0.0,0.0,0.0,0.0,0.0,0.0,0.0,29,0.048958795970651406,17,14,3,0,0,0,0,0,0,0,0,1,0
1cru,B,449,PHE,2.8,189.9,0.0,0,0,X,0.0,0.0,0.0,0.0,0.0,0.0,0.0,0.0,37,0.04989134446533048,31,11,20,0,0,0,0,0,0,0,0,1,0
1cru,B,450,THR,-0.7,116.1,0.0,1,1,X,0.0,0.0,0.0,0.0,0.0,0.0,0.0,0.0,21,0.043829779249916496,34,10,24,0,0,0,0,0,0,0,0,1,0
1cru,B,451,TYR,-1.3,193.6,0.0,1,1,X,0.0,0.0,0.0,0.0,0.0,0.0,0.0,0.0,22,0.040099585271200194,15,13,2,0,0,0,0,0,0,0,0,1,0
1cru,B,452,LYS,-3.9,168.6,1.0,2,0,X,0.0,0.0,0.0,0.0,0.0,0.0,0.0,0.0,12,0.02797645484037223,2,14,-12,0,0,0,0,0,0,0,0,1,0
