pdb_id,chain_id,residue_id,residue_name,hydrophobicity,volume,charge,hbond_donor,hbond_acceptor,ss_type,rel_asa,phi,psi,hse_up,hse_down,hse_ratio,residue_depth,ca_depth,neighbor_count,atom_density,pos_charged_neighbors,neg_charged_neighbors,net_charge_environment,ss_H,ss_B,ss_E,ss_G,ss_I,ss_T,ss_S,ss_ ,ss_X,is_binding_site
1ct9,A,1,ALA,1.8,88.6,0.0,0,0,X,0.0,0.0,0.0,0.0,0.0,0.0,0.0,0.0,44,0.04709369898129325,47,34,13,0,0,0,0,0,0,0,0,1,1
1ct9,A,2,SER,-0.8,89.0,0.0,1,1,X,0.0,0.0,0.0,0.0,0.0,0.0,0.0,0.0,44,0.053621538444046775,51,19,32,0,0,0,0,0,0,0,0,1,0
1ct9,A,3,ILE,4.5,166.7,0.0,0,0,X,0.0,0.0,0.0,0.0,0.0,0.0,0.0,0.0,43,0.05455408693872585,20,14,6,0,0,0,0,0,0,0,0,1,0
1ct9,A,4,PHE,2.8,189.9,0.0,0,0,X,0.0,0.0,0.0,0.0,0.0,0.0,0.0,0.0,42,0.05035761871267001,23,16,7,0,0,0,0,0,0,0,0,1,0
1ct9,A,5,GLY,-0.4,60.1,0.0,0,0,X,0.0,0.0,0.0,0.0,0.0,0.0,0.0,0.0,44,0.04755997322863279,4,1,3,0,0,0,0,0,0,0,0,1,0
1ct9,A,6,VAL,4.2,140.0,0.0,0,0,X,0.0,0.0,0.0,0.0,0.0,0.0,0.0,0.0,42,0.05129016720734909,11,19,-8,0,0,0,0,0,0,0,0,1,0
1ct9,A,7,PHE,2.8,189.9,0.0,0,0,X,0.0,0.0,0.0,0.0,0.0,0.0,0.0,0.0,37,0.04709369898129325,2,15,-13,0,0,0,0,0,0,0,0,1,0
1ct9,A,8,ASP,-3.5,111.1,-1.0,1,3,X,0.0,0.0,0.0,0.0,0.0,0.0,0.0,0.0,26,0.03683566553982344,13,13,0,0,0,0,0,0,0,0,0,1,0
1ct9,A,9,ILE,4.5,166.7,0.0,0,0,X,0.0,0.0,0.0,0.0,0.0,0.0,0.0,0.0,27,0.04243095650789788,17,32,-15,0,0,0,0,0,0,0,0,1,0
1ct9,A,10,LYS,-3.9,168.6,1.0,2,0,X,0.0,0.0,0.0,0.0,0.0,0.0,0.0,0.0,19,0.02797645484037223,10,27,-17,0,0,0,0,0,0,0,0,1,0
1ct9,A,11,THR,-0.7,116.1,0.0,1,1,X,0.0,0.0,0.0,0.0,0.0,0.0,0.0,0.0,21,0.02984155182973038,20,36,-16,0,0,0,0,0,0,0,0,1,0
1ct9,A,12,ASP,-3.5,111.1,-1.0,1,3,X,0.0,0.0,0.0,0.0,0.0,0.0,0.0,0.0,15,0.026577632098353617,21,17,4,0,0,0,0,0,0,0,0,1,0
1ct9,A,13,ALA,1.8,88.6,0.0,0,0,X,0.0,0.0,0.0,0.0,0.0,0.0,0.0,0.0,21,0.03870076252918159,24,25,-1,0,0,0,0,0,0,0,0,1,0
1ct9,A,14,VAL,4.2,140.0,0.0,0,0,X,0.0,0.0,0.0,0.0,0.0,0.0,0.0,0.0,17,0.02844272908771177,24,25,-1,0,0,0,0,0,0,0,0,1,0
1ct9,A,15,GLU,-3.5,138.4,-1.0,1,3,X,0.0,0.0,0.0,0.0,0.0,0.0,0.0,0.0,18,0.030774100324409453,31,9,22,0,0,0,0,0,0,0,0,1,0
1ct9,A,16,LEU,3.8,166.7,0.0,0,0,X,0.0,0.0,0.0,0.0,0.0,0.0,0.0,0.0,34,0.04149840801321881,34,30,4,0,0,0,0,0,0,0,0,1,0
1ct9,A,17,ARG,-4.5,173.4,1.0,5,0,X,0.0,0.0,0.0,0.0,0.0,0.0,0.0,0.0,27,0.040565859518539735,15,20,-5,0,0,0,0,0,0,0,0,1,0
1ct9,A,18,LYS,-3.9,168.6,1.0,2,0,X,0.0,0.0,0.0,0.0,0.0,0.0,0.0,0.0,23,0.03403802005578621,29,32,-3,0,0,0,0,0,0,0,0,1,0
1ct9,A,19,LYS,-3.9,168.6,1.0,2,0,X,0.0,0.0,0.0,0.0,0.0,0.0,0.0,0.0,25,0.03730193978716297,22,20,2,0,0,0,0,0,0,0,0,1,0
1ct9,A,20,ALA,1.8,88.6,0.0,0,0,X,0.0,0.0,0.0,0.0,0.0,0.0,0.0,0.0,36,0.048026247475972325,39,21,18,0,0,0,0,0,0,0,0,1,0
1ct9,A,21,LEU,3.8,166.7,0.0,0,0,X,0.0,0.0,0.0,0.0,0.0,0.0,0.0,0.0,34,0.04289723075523742,56,29,27,0,0,0,0,0,0,0,0,1,0
1ct9,A,22,GLU,-3.5,138.4,-1.0,1,3,X,0.0,0.0,0.0,0.0,0.0,0.0,0.0,0.0,24,0.0363693912924839,45,12,33,0,0,0,0,0,0,0,0,1,0
1ct9,A,23,LEU,3.8,166.7,0.0,0,0,X,0.0,0.0,0.0,0.0,0.0,0.0,0.0,0.0,35,0.04289723075523742,36,16,20,0,0,0,0,0,0,0,0,1,0
1ct9,A,24,SER,-0.8,89.0,0.0,1,1,X,0.0,0.0,0.0,0.0,0.0,0.0,0.0,0.0,40,0.04989134446533048,60,24,36,0,0,0,0,0,0,0,0,1,0
1ct9,A,25,ARG,-4.5,173.4,1.0,5,0,X,0.0,0.0,0.0,0.0,0.0,0.0,0.0,0.0,29,0.03730193978716297,41,24,17,0,0,0,0,0,0,0,0,1,0
1ct9,A,26,LEU,3.8,166.7,0.0,0,0,X,0.0,0.0,0.0,0.0,0.0,0.0,0.0,0.0,27,0.04149840801321881,51,26,25,0,0,0,0,0,0,0,0,1,0
1ct9,A,27,MET,1.9,162.9,0.0,0,0,X,0.0,0.0,0.0,0.0,0.0,0.0,0.0,0.0,39,0.05408781269138631,67,26,41,0,0,0,0,0,0,0,0,1,0
1ct9,A,28,ARG,-4.5,173.4,1.0,5,0,X,0.0,0.0,0.0,0.0,0.0,0.0,0.0,0.0,30,0.04662742473395372,49,23,26,0,0,0,0,0,0,0,0,1,0
1ct9,A,29,HIS,-3.2,153.2,0.1,2,1,X,0.0,0.0,0.0,0.0,0.0,0.0,0.0,0.0,36,0.04243095650789788,57,20,37,0,0,0,0,0,0,0,0,1,0
1ct9,A,30,ARG,-4.5,173.4,1.0,5,0,X,0.0,0.0,0.0,0.0,0.0,0.0,0.0,0.0,40,0.0526889899493677,52,28,24,0,0,0,0,0,0,0,0,1,0
1ct9,A,31,GLY,-0.4,60.1,0.0,0,0,X,0.0,0.0,0.0,0.0,0.0,0.0,0.0,0.0,35,0.0526889899493677,69,18,51,0,0,0,0,0,0,0,0,1,0
1ct9,A,32,PRO,-1.6,112.7,0.0,0,0,X,0.0,0.0,0.0,0.0,0.0,0.0,0.0,0.0,28,0.04616115048661418,75,17,58,0,0,0,0,0,0,0,0,1,0
1ct9,A,33,ASP,-3.5,111.1,-1.0,1,3,X,0.0,0.0,0.0,0.0,0.0,0.0,0.0,0.0,32,0.04989134446533048,67,8,59,0,0,0,0,0,0,0,0,1,0
1ct9,A,34,TRP,-0.9,227.8,0.0,1,0,X,0.0,0.0,0.0,0.0,0.0,0.0,0.0,0.0,34,0.04616115048661418,48,26,22,0,0,0,0,0,0,0,0,1,0
1ct9,A,35,SER,-0.8,89.0,0.0,1,1,X,0.0,0.0,0.0,0.0,0.0,0.0,0.0,0.0,36,0.04429605349725603,47,33,14,0,0,0,0,0,0,0,0,1,0
1ct9,A,36,GLY,-0.4,60.1,0.0,0,0,X,0.0,0.0,0.0,0.0,0.0,0.0,0.0,0.0,38,0.040099585271200194,30,25,5,0,0,0,0,0,0,0,0,1,0
1ct9,A,37,ILE,4.5,166.7,0.0,0,0,X,0.0,0.0,0.0,0.0,0.0,0.0,0.0,0.0,31,0.03823448828184205,20,22,-2,0,0,0,0,0,0,0,0,1,0
1ct9,A,38,TYR,-1.3,193.6,0.0,1,1,X,0.0,0.0,0.0,0.0,0.0,0.0,0.0,0.0,33,0.03776821403450251,20,8,12,0,0,0,0,0,0,0,0,1,0
1ct9,A,39,ALA,1.8,88.6,0.0,0,0,X,0.0,0.0,0.0,0.0,0.0,0.0,0.0,0.0,27,0.03590311704514436,12,11,1,0,0,0,0,0,0,0,0,1,0
1ct9,A,40,SER,-0.8,89.0,0.0,1,1,X,0.0,0.0,0.0,0.0,0.0,0.0,0.0,0.0,24,0.030774100324409453,9,14,-5,0,0,0,0,0,0,0,0,1,0
1ct9,A,41,ASP,-3.5,111.1,-1.0,1,3,X,0.0,0.0,0.0,0.0,0.0,0.0,0.0,0.0,20,0.027043906345693154,9,14,-5,0,0,0,0,0,0,0,0,1,0
1ct9,A,42,ASN,-3.5,114.1,0.0,2,2,X,0.0,0.0,0.0,0.0,0.0,0.0,0.0,0.0,25,0.03590311704514436,9,30,-21,0,0,0,0,0,0,0,0,1,0
1ct9,A,43,ALA,1.8,88.6,0.0,0,0,X,0.0,0.0,0.0,0.0,0.0,0.0,0.0,0.0,32,0.04942507021799094,7,26,-19,0,0,0,0,0,0,0,0,1,0
1ct9,A,44,ILE,4.5,166.7,0.0,0,0,X,0.0,0.0,0.0,0.0,0.0,0.0,0.0,0.0,40,0.05175644145468863,20,11,9,0,0,0,0,0,0,0,0,1,0
1ct9,A,45,LEU,3.8,166.7,0.0,0,0,X,0.0,0.0,0.0,0.0,0.0,0.0,0.0,0.0,40,0.0526889899493677,13,2,11,0,0,0,0,0,0,0,0,1,0
1ct9,A,46,ALA,1.8,88.6,0.0,0,0,X,0.0,0.0,0.0,0.0,0.0,0.0,0.0,0.0,43,0.05035761871267001,24,12,12,0,0,0,0,0,0,0,0,1,0
1ct9,A,47,HIS,-3.2,153.2,0.1,2,1,X,0.0,0.0,0.0,0.0,0.0,0.0,0.0,0.0,41,0.05129016720734909,27,13,14,0,0,0,0,0,0,0,0,1,0
1ct9,A,48,GLU,-3.5,138.4,-1.0,1,3,X,0.0,0.0,0.0,0.0,0.0,0.0,0.0,0.0,36,0.05548663543340492,61,9,52,0,0,0,0,0,0,0,0,1,0
1ct9,A,49,ARG,-4.5,173.4,1.0,5,0,X,0.0,0.0,0.0,0.0,0.0,0.0,0.0,0.0,38,0.053621538444046775,28,25,3,0,0,0,0,0,0,0,0,1,1
1ct9,A,50,LEU,3.8,166.7,0.0,0,0,X,0.0,0.0,0.0,0.0,0.0,0.0,0.0,0.0,38,0.04709369898129325,50,27,23,0,0,0,0,0,0,0,0,1,1
1ct9,A,51,SER,-0.8,89.0,0.0,1,1,X,0.0,0.0,0.0,0.0,0.0,0.0,0.0,0.0,36,0.03823448828184205,28,40,-12,0,0,0,0,0,0,0,0,1,0
1ct9,A,52,ILE,4.5,166.7,0.0,0,0,X,0.0,0.0,0.0,0.0,0.0,0.0,0.0,0.0,39,0.048026247475972325,27,42,-15,0,0,0,0,0,0,0,0,1,1
1ct9,A,53,VAL,4.2,140.0,0.0,0,0,X,0.0,0.0,0.0,0.0,0.0,0.0,0.0,0.0,34,0.045694876239274644,21,38,-17,0,0,0,0,0,0,0,0,1,1
1ct9,A,54,ASP,-3.5,111.1,-1.0,1,3,X,0.0,0.0,0.0,0.0,0.0,0.0,0.0,0.0,27,0.03730193978716297,13,19,-6,0,0,0,0,0,0,0,0,1,0
1ct9,A,55,VAL,4.2,140.0,0.0,0,0,X,0.0,0.0,0.0,0.0,0.0,0.0,0.0,0.0,25,0.03357174580844668,15,24,-9,0,0,0,0,0,0,0,0,1,0
1ct9,A,56,ASN,-3.5,114.1,0.0,2,2,X,0.0,0.0,0.0,0.0,0.0,0.0,0.0,0.0,18,0.020516066882939634,11,14,-3,0,0,0,0,0,0,0,0,1,0
1ct9,A,57,ALA,1.8,88.6,0.0,0,0,X,0.0,0.0,0.0,0.0,0.0,0.0,0.0,0.0,20,0.027510180593032695,9,15,-6,0,0,0,0,0,0,0,0,1,0
1ct9,A,58,GLY,-0.4,60.1,0.0,0,0,X,0.0,0.0,0.0,0.0,0.0,0.0,0.0,0.0,28,0.04196468226055834,19,27,-8,0,0,0,0,0,0,0,0,1,0
1ct9,A,59,ALA,1.8,88.6,0.0,0,0,X,0.0,0.0,0.0,0.0,0.0,0.0,0.0,0.0,33,0.03683566553982344,23,21,2,0,0,0,0,0,0,0,0,1,0
1ct9,A,60,GLN,-3.5,143.8,0.0,2,2,X,0.0,0.0,0.0,0.0,0.0,0.0,0.0,0.0,40,0.043363505002576956,21,12,9,0,0,0,0,0,0,0,0,1,0
1ct9,A,61,PRO,-1.6,112.7,0.0,0,0,X,0.0,0.0,0.0,0.0,0.0,0.0,0.0,0.0,36,0.048958795970651406,20,5,15,0,0,0,0,0,0,0,0,1,0
1ct9,A,62,LEU,3.8,166.7,0.0,0,0,X,0.0,0.0,0.0,0.0,0.0,0.0,0.0,0.0,40,0.045228601991935104,23,13,10,0,0,0,0,0,0,0,0,1,0
1ct9,A,63,TYR,-1.3,193.6,0.0,1,1,X,0.0,0.0,0.0,0.0,0.0,0.0,0.0,0.0,27,0.045228601991935104,17,5,12,0,0,0,0,0,0,0,0,1,0
1ct9,A,64,ASN,-3.5,114.1,0.0,2,2,X,0.0,0.0,0.0,0.0,0.0,0.0,0.0,0.0,26,0.048026247475972325,19,20,-1,0,0,0,0,0,0,0,0,1,0
1ct9,A,65,GLN,-3.5,143.8,0.0,2,2,X,0.0,0.0,0.0,0.0,0.0,0.0,0.0,0.0,18,0.03683566553982344,21,6,15,0,0,0,0,0,0,0,0,1,0
1ct9,A,66,GLN,-3.5,143.8,0.0,2,2,X,0.0,0.0,0.0,0.0,0.0,0.0,0.0,0.0,16,0.027043906345693154,20,8,12,0,0,0,0,0,0,0,0,1,0
1ct9,A,67,LYS,-3.9,168.6,1.0,2,0,X,0.0,0.0,0.0,0.0,0.0,0.0,0.0,0.0,17,0.03170664881908853,9,2,7,0,0,0,0,0,0,0,0,1,0
1ct9,A,68,THR,-0.7,116.1,0.0,1,1,X,0.0,0.0,0.0,0.0,0.0,0.0,0.0,0.0,22,0.040565859518539735,25,19,6,0,0,0,0,0,0,0,0,1,0
1ct9,A,69,HIS,-3.2,153.2,0.1,2,1,X,0.0,0.0,0.0,0.0,0.0,0.0,0.0,0.0,32,0.05222271570202816,15,21,-6,0,0,0,0,0,0,0,0,1,0
1ct9,A,70,VAL,4.2,140.0,0.0,0,0,X,0.0,0.0,0.0,0.0,0.0,0.0,0.0,0.0,37,0.053621538444046775,19,9,10,0,0,0,0,0,0,0,0,1,0
1ct9,A,71,LEU,3.8,166.7,0.0,0,0,X,0.0,0.0,0.0,0.0,0.0,0.0,0.0,0.0,40,0.05175644145468863,16,13,3,0,0,0,0,0,0,0,0,1,0
1ct9,A,72,ALA,1.8,88.6,0.0,0,0,X,0.0,0.0,0.0,0.0,0.0,0.0,0.0,0.0,44,0.05035761871267001,12,6,6,0,0,0,0,0,0,0,0,1,0
1ct9,A,73,VAL,4.2,140.0,0.0,0,0,X,0.0,0.0,0.0,0.0,0.0,0.0,0.0,0.0,44,0.05035761871267001,16,27,-11,0,0,0,0,0,0,0,0,1,0
1ct9,A,74,ASN,-3.5,114.1,0.0,2,2,X,0.0,0.0,0.0,0.0,0.0,0.0,0.0,0.0,42,0.043829779249916496,30,29,1,0,0,0,0,0,0,0,0,1,1
1ct9,A,75,GLY,-0.4,60.1,0.0,0,0,X,0.0,0.0,0.0,0.0,0.0,0.0,0.0,0.0,45,0.04616115048661418,20,33,-13,0,0,0,0,0,0,0,0,1,1
1ct9,A,76,GLU,-3.5,138.4,-1.0,1,3,X,0.0,0.0,0.0,0.0,0.0,0.0,0.0,0.0,39,0.045694876239274644,28,21,7,0,0,0,0,0,0,0,0,1,1
1ct9,A,77,ILE,4.5,166.7,0.0,0,0,X,0.0,0.0,0.0,0.0,0.0,0.0,0.0,0.0,41,0.053155264196707235,24,30,-6,0,0,0,0,0,0,0,0,1,0
1ct9,A,78,TYR,-1.3,193.6,0.0,1,1,X,0.0,0.0,0.0,0.0,0.0,0.0,0.0,0.0,39,0.048492521723311866,42,30,12,0,0,0,0,0,0,0,0,1,0
1ct9,A,79,ASN,-3.5,114.1,0.0,2,2,X,0.0,0.0,0.0,0.0,0.0,0.0,0.0,0.0,31,0.040565859518539735,28,27,1,0,0,0,0,0,0,0,0,1,0
1ct9,A,80,HIS,-3.2,153.2,0.1,2,1,X,0.0,0.0,0.0,0.0,0.0,0.0,0.0,0.0,28,0.04709369898129325,11,26,-15,0,0,0,0,0,0,0,0,1,0
1ct9,A,81,GLN,-3.5,143.8,0.0,2,2,X,0.0,0.0,0.0,0.0,0.0,0.0,0.0,0.0,20,0.03124037457174899,21,10,11,0,0,0,0,0,0,0,0,1,0
1ct9,A,82,ALA,1.8,88.6,0.0,0,0,X,0.0,0.0,0.0,0.0,0.0,0.0,0.0,0.0,17,0.028909003335051305,20,12,8,0,0,0,0,0,0,0,0,1,0
1ct9,A,83,LEU,3.8,166.7,0.0,0,0,X,0.0,0.0,0.0,0.0,0.0,0.0,0.0,0.0,29,0.04243095650789788,26,28,-2,0,0,0,0,0,0,0,0,1,0
1ct9,A,84,ARG,-4.5,173.4,1.0,5,0,X,0.0,0.0,0.0,0.0,0.0,0.0,0.0,0.0,26,0.04289723075523742,10,23,-13,0,0,0,0,0,0,0,0,1,0
1ct9,A,85,ALA,1.8,88.6,0.0,0,0,X,0.0,0.0,0.0,0.0,0.0,0.0,0.0,0.0,15,0.029375277582390842,26,17,9,0,0,0,0,0,0,0,0,1,0
1ct9,A,86,GLU,-3.5,138.4,-1.0,1,3,X,0.0,0.0,0.0,0.0,0.0,0.0,0.0,0.0,19,0.030307826077069916,22,17,5,0,0,0,0,0,0,0,0,1,0
1ct9,A,87,TYR,-1.3,193.6,0.0,1,1,X,0.0,0.0,0.0,0.0,0.0,0.0,0.0,0.0,26,0.04429605349725603,28,33,-5,0,0,0,0,0,0,0,0,1,0
1ct9,A,88,GLY,-0.4,60.1,0.0,0,0,X,0.0,0.0,0.0,0.0,0.0,0.0,0.0,0.0,21,0.035436842797804825,22,22,0,0,0,0,0,0,0,0,0,1,0
1ct9,A,89,ASP,-3.5,111.1,-1.0,1,3,X,0.0,0.0,0.0,0.0,0.0,0.0,0.0,0.0,14,0.021914889624958248,16,13,3,0,0,0,0,0,0,0,0,1,0
1ct9,A,90,ARG,-4.5,173.4,1.0,5,0,X,0.0,0.0,0.0,0.0,0.0,0.0,0.0,0.0,17,0.02984155182973038,6,26,-20,0,0,0,0,0,0,0,0,1,0
1ct9,A,91,TYR,-1.3,193.6,0.0,1,1,X,0.0,0.0,0.0,0.0,0.0,0.0,0.0,0.0,27,0.04196468226055834,24,26,-2,0,0,0,0,0,0,0,0,1,0
1ct9,A,92,GLN,-3.5,143.8,0.0,2,2,X,0.0,0.0,0.0,0.0,0.0,0.0,0.0,0.0,18,0.034970568550465285,9,10,-1,0,0,0,0,0,0,0,0,1,0
1ct9,A,93,PHE,2.8,189.9,0.0,0,0,X,0.0,0.0,0.0,0.0,0.0,0.0,0.0,0.0,30,0.04103213376587927,23,20,3,0,0,0,0,0,0,0,0,1,0
1ct9,A,94,GLN,-3.5,143.8,0.0,2,2,X,0.0,0.0,0.0,0.0,0.0,0.0,0.0,0.0,21,0.03357174580844668,9,10,-1,0,0,0,0,0,0,0,0,1,0
1ct9,A,95,THR,-0.7,116.1,0.0,1,1,X,0.0,0.0,0.0,0.0,0.0,0.0,0.0,0.0,28,0.03357174580844668,14,24,-10,0,0,0,0,0,0,0,0,1,0
1ct9,A,96,GLY,-0.4,60.1,0.0,0,0,X,0.0,0.0,0.0,0.0,0.0,0.0,0.0,0.0,26,0.03683566553982344,21,29,-8,0,0,0,0,0,0,0,0,1,0
1ct9,A,97,SER,-0.8,89.0,0.0,1,1,X,0.0,0.0,0.0,0.0,0.0,0.0,0.0,0.0,35,0.04662742473395372,23,35,-12,0,0,0,0,0,0,0,0,1,0
1ct9,A,98,ASP,-3.5,111.1,-1.0,1,3,X,0.0,0.0,0.0,0.0,0.0,0.0,0.0,0.0,41,0.048026247475972325,25,31,-6,0,0,0,0,0,0,0,0,1,1
1ct9,A,99,CYS,2.5,108.5,0.0,1,0,X,0.0,0.0,0.0,0.0,0.0,0.0,0.0,0.0,45,0.048026247475972325,22,30,-8,0,0,0,0,0,0,0,0,1,1
1ct9,A,100,GLU,-3.5,138.4,-1.0,1,3,X,0.0,0.0,0.0,0.0,0.0,0.0,0.0,0.0,37,0.05595290968074446,22,11,11,0,0,0,0,0,0,0,0,1,0
1ct9,A,101,VAL,4.2,140.0,0.0,0,0,X,0.0,0.0,0.0,0.0,0.0,0.0,0.0,0.0,38,0.05548663543340492,21,29,-8,0,0,0,0,0,0,0,0,1,0
1ct9,A,102,ILE,4.5,166.7,0.0,0,0,X,0.0,0.0,0.0,0.0,0.0,0.0,0.0,0.0,43,0.04709369898129325,8,25,-17,0,0,0,0,0,0,0,0,1,0
1ct9,A,103,LEU,3.8,166.7,0.0,0,0,X,0.0,0.0,0.0,0.0,0.0,0.0,0.0,0.0,43,0.05548663543340492,14,20,-6,0,0,0,0,0,0,0,0,1,0
1ct9,A,104,ALA,1.8,88.6,0.0,0,0,X,0.0,0.0,0.0,0.0,0.0,0.0,0.0,0.0,34,0.05595290968074446,34,30,4,0,0,0,0,0,0,0,0,1,0
1ct9,A,105,LEU,3.8,166.7,0.0,0,0,X,0.0,0.0,0.0,0.0,0.0,0.0,0.0,0.0,34,0.05175644145468863,18,40,-22,0,0,0,0,0,0,0,0,1,0
1ct9,A,106,TYR,-1.3,193.6,0.0,1,1,X,0.0,0.0,0.0,0.0,0.0,0.0,0.0,0.0,34,0.048958795970651406,24,23,1,0,0,0,0,0,0,0,0,1,0
1ct9,A,107,GLN,-3.5,143.8,0.0,2,2,X,0.0,0.0,0.0,0.0,0.0,0.0,0.0,0.0,26,0.040099585271200194,28,15,13,0,0,0,0,0,0,0,0,1,0
1ct9,A,108,GLU,-3.5,138.4,-1.0,1,3,X,0.0,0.0,0.0,0.0,0.0,0.0,0.0,0.0,22,0.03310547156110714,24,12,12,0,0,0,0,0,0,0,0,1,0
1ct9,A,109,LYS,-3.9,168.6,1.0,2,0,X,0.0,0.0,0.0,0.0,0.0,0.0,0.0,0.0,21,0.03590311704514436,5,31,-26,0,0,0,0,0,0,0,0,1,0
1ct9,A,110,GLY,-0.4,60.1,0.0,0,0,X,0.0,0.0,0.0,0.0,0.0,0.0,0.0,0.0,26,0.03776821403450251,18,24,-6,0,0,0,0,0,0,0,0,1,0
1ct9,A,111,PRO,-1.6,112.7,0.0,0,0,X,0.0,0.0,0.0,0.0,0.0,0.0,0.0,0.0,31,0.04429605349725603,16,23,-7,0,0,0,0,0,0,0,0,1,0
1ct9,A,112,GLU,-3.5,138.4,-1.0,1,3,X,0.0,0.0,0.0,0.0,0.0,0.0,0.0,0.0,17,0.03403802005578621,14,15,-1,0,0,0,0,0,0,0,0,1,0
1ct9,A,113,PHE,2.8,189.9,0.0,0,0,X,0.0,0.0,0.0,0.0,0.0,0.0,0.0,0.0,33,0.04103213376587927,11,31,-20,0,0,0,0,0,0,0,0,1,0
1ct9,A,114,LEU,3.8,166.7,0.0,0,0,X,0.0,0.0,0.0,0.0,0.0,0.0,0.0,0.0,35,0.04709369898129325,28,30,-2,0,0,0,0,0,0,0,0,1,0
1ct9,A,115,ASP,-3.5,111.1,-1.0,1,3,X,0.0,0.0,0.0,0.0,0.0,0.0,0.0,0.0,27,0.03590311704514436,37,21,16,0,0,0,0,0,0,0,0,1,0
1ct9,A,116,ASP,-3.5,111.1,-1.0,1,3,X,0.0,0.0,0.0,0.0,0.0,0.0,0.0,0.0,26,0.03310547156110714,18,19,-1,0,0,0,0,0,0,0,0,1,0
1ct9,A,117,LEU,3.8,166.7,0.0,0,0,X,0.0,0.0,0.0,0.0,0.0,0.0,0.0,0.0,34,0.045694876239274644,28,32,-4,0,0,0,0,0,0,0,0,1,0
1ct9,A,118,GLN,-3.5,143.8,0.0,2,2,X,0.0,0.0,0.0,0.0,0.0,0.0,0.0,0.0,35,0.04616115048661418,41,31,10,0,0,0,0,0,0,0,0,1,0
1ct9,A,119,GLY,-0.4,60.1,0.0,0,0,X,0.0,0.0,0.0,0.0,0.0,0.0,0.0,0.0,44,0.05455408693872585,43,38,5,0,0,0,0,0,0,0,0,1,0
1ct9,A,120,MET,1.9,162.9,0.0,0,0,X,0.0,0.0,0.0,0.0,0.0,0.0,0.0,0.0,39,0.04942507021799094,38,35,3,0,0,0,0,0,0,0,0,1,0
1ct9,A,121,PHE,2.8,189.9,0.0,0,0,X,0.0,0.0,0.0,0.0,0.0,0.0,0.0,0.0,44,0.05175644145468863,24,19,5,0,0,0,0,0,0,0,0,1,0
1ct9,A,122,ALA,1.8,88.6,0.0,0,0,X,0.0,0.0,0.0,0.0,0.0,0.0,0.0,0.0,46,0.05502036118606539,17,13,4,0,0,0,0,0,0,0,0,1,0
1ct9,A,123,PHE,2.8,189.9,0.0,0,0,X,0.0,0.0,0.0,0.0,0.0,0.0,0.0,0.0,43,0.04662742473395372,8,7,1,0,0,0,0,0,0,0,0,1,0
1ct9,A,124,ALA,1.8,88.6,0.0,0,0,X,0.0,0.0,0.0,0.0,0.0,0.0,0.0,0.0,45,0.05129016720734909,9,1,8,0,0,0,0,0,0,0,0,1,0
1ct9,A,125,LEU,3.8,166.7,0.0,0,0,X,0.0,0.0,0.0,0.0,0.0,0.0,0.0,0.0,42,0.05175644145468863,10,9,1,0,0,0,0,0,0,0,0,1,0
1ct9,A,126,TYR,-1.3,193.6,0.0,1,1,X,0.0,0.0,0.0,0.0,0.0,0.0,0.0,0.0,37,0.05548663543340492,19,30,-11,0,0,0,0,0,0,0,0,1,0
1ct9,A,127,ASP,-3.5,111.1,-1.0,1,3,X,0.0,0.0,0.0,0.0,0.0,0.0,0.0,0.0,29,0.05035761871267001,22,17,5,0,0,0,0,0,0,0,0,1,0
1ct9,A,128,SER,-0.8,89.0,0.0,1,1,X,0.0,0.0,0.0,0.0,0.0,0.0,0.0,0.0,22,0.03916703677652112,23,26,-3,0,0,0,0,0,0,0,0,1,0
1ct9,A,129,GLU,-3.5,138.4,-1.0,1,3,X,0.0,0.0,0.0,0.0,0.0,0.0,0.0,0.0,15,0.030774100324409453,23,16,7,0,0,0,0,0,0,0,0,1,0
1ct9,A,130,LYS,-3.9,168.6,1.0,2,0,X,0.0,0.0,0.0,0.0,0.0,0.0,0.0,0.0,17,0.02984155182973038,8,25,-17,0,0,0,0,0,0,0,0,1,0
1ct9,A,131,ASP,-3.5,111.1,-1.0,1,3,X,0.0,0.0,0.0,0.0,0.0,0.0,0.0,0.0,23,0.03310547156110714,9,26,-17,0,0,0,0,0,0,0,0,1,0
1ct9,A,132,ALA,1.8,88.6,0.0,0,0,X,0.0,0.0,0.0,0.0,0.0,0.0,0.0,0.0,28,0.04616115048661418,18,28,-10,0,0,0,0,0,0,0,0,1,0
1ct9,A,133,TYR,-1.3,193.6,0.0,1,1,X,0.0,0.0,0.0,0.0,0.0,0.0,0.0,0.0,37,0.05222271570202816,3,29,-26,0,0,0,0,0,0,0,0,1,0
1ct9,A,134,LEU,3.8,166.7,0.0,0,0,X,0.0,0.0,0.0,0.0,0.0,0.0,0.0,0.0,42,0.05688545817542354,4,12,-8,0,0,0,0,0,0,0,0,1,0
1ct9,A,135,ILE,4.5,166.7,0.0,0,0,X,0.0,0.0,0.0,0.0,0.0,0.0,0.0,0.0,42,0.048026247475972325,9,3,6,0,0,0,0,0,0,0,0,1,0
1ct9,A,136,GLY,-0.4,60.1,0.0,0,0,X,0.0,0.0,0.0,0.0,0.0,0.0,0.0,0.0,41,0.053621538444046775,16,8,8,0,0,0,0,0,0,0,0,1,0
1ct9,A,137,ARG,-4.5,173.4,1.0,5,0,X,0.0,0.0,0.0,0.0,0.0,0.0,0.0,0.0,38,0.061548200648818906,20,17,3,0,0,0,0,0,0,0,0,1,0
1ct9,A,138,ASP,-3.5,111.1,-1.0,1,3,X,0.0,0.0,0.0,0.0,0.0,0.0,0.0,0.0,41,0.05595290968074446,34,10,24,0,0,0,0,0,0,0,0,1,0
1ct9,A,139,HIS,-3.2,153.2,0.1,2,1,X,0.0,0.0,0.0,0.0,0.0,0.0,0.0,0.0,40,0.050823892960009553,35,28,7,0,0,0,0,0,0,0,0,1,0
1ct9,A,140,LEU,3.8,166.7,0.0,0,0,X,0.0,0.0,0.0,0.0,0.0,0.0,0.0,0.0,41,0.050823892960009553,43,15,28,0,0,0,0,0,0,0,0,1,0
1ct9,A,141,GLY,-0.4,60.1,0.0,0,0,X,0.0,0.0,0.0,0.0,0.0,0.0,0.0,0.0,37,0.05408781269138631,33,19,14,0,0,0,0,0,0,0,0,1,0
1ct9,A,142,ILE,4.5,166.7,0.0,0,0,X,0.0,0.0,0.0,0.0,0.0,0.0,0.0,0.0,45,0.05035761871267001,41,25,16,0,0,0,0,0,0,0,0,1,0
1ct9,A,143,ILE,4.5,166.7,0.0,0,0,X,0.0,0.0,0.0,0.0,0.0,0.0,0.0,0.0,42,0.04755997322863279,34,24,10,0,0,0,0,0,0,0,0,1,0
1ct9,A,144,PRO,-1.6,112.7,0.0,0,0,X,0.0,0.0,0.0,0.0,0.0,0.0,0.0,0.0,45,0.05502036118606539,36,29,7,0,0,0,0,0,0,0,0,1,0
1ct9,A,145,LEU,3.8,166.7,0.0,0,0,X,0.0,0.0,0.0,0.0,0.0,0.0,0.0,0.0,43,0.053155264196707235,30,22,8,0,0,0,0,0,0,0,0,1,0
1ct9,A,146,TYR,-1.3,193.6,0.0,1,1,X,0.0,0.0,0.0,0.0,0.0,0.0,0.0,0.0,39,0.0526889899493677,33,27,6,0,0,0,0,0,0,0,0,1,0
1ct9,A,147,MET,1.9,162.9,0.0,0,0,X,0.0,0.0,0.0,0.0,0.0,0.0,0.0,0.0,30,0.05129016720734909,11,11,0,0,0,0,0,0,0,0,0,1,0
1ct9,A,148,GLY,-0.4,60.1,0.0,0,0,X,0.0,0.0,0.0,0.0,0.0,0.0,0.0,0.0,36,0.04942507021799094,15,14,1,0,0,0,0,0,0,0,0,1,0
1ct9,A,149,TYR,-1.3,193.6,0.0,1,1,X,0.0,0.0,0.0,0.0,0.0,0.0,0.0,0.0,28,0.04616115048661418,24,21,3,0,0,0,0,0,0,0,0,1,0
1ct9,A,150,ASP,-3.5,111.1,-1.0,1,3,X,0.0,0.0,0.0,0.0,0.0,0.0,0.0,0.0,25,0.045228601991935104,29,14,15,0,0,0,0,0,0,0,0,1,0
1ct9,A,151,GLU,-3.5,138.4,-1.0,1,3,X,0.0,0.0,0.0,0.0,0.0,0.0,0.0,0.0,13,0.029375277582390842,23,8,15,0,0,0,0,0,0,0,0,1,0
1ct9,A,152,HIS,-3.2,153.2,0.1,2,1,X,0.0,0.0,0.0,0.0,0.0,0.0,0.0,0.0,19,0.028909003335051305,18,25,-7,0,0,0,0,0,0,0,0,1,0
1ct9,A,153,GLY,-0.4,60.1,0.0,0,0,X,0.0,0.0,0.0,0.0,0.0,0.0,0.0,0.0,20,0.03310547156110714,24,24,0,0,0,0,0,0,0,0,0,1,0
1ct9,A,154,GLN,-3.5,143.8,0.0,2,2,X,0.0,0.0,0.0,0.0,0.0,0.0,0.0,0.0,27,0.05035761871267001,21,31,-10,0,0,0,0,0,0,0,0,1,0
1ct9,A,155,LEU,3.8,166.7,0.0,0,0,X,0.0,0.0,0.0,0.0,0.0,0.0,0.0,0.0,35,0.050823892960009553,9,17,-8,0,0,0,0,0,0,0,0,1,0
1ct9,A,156,TYR,-1.3,193.6,0.0,1,1,X,0.0,0.0,0.0,0.0,0.0,0.0,0.0,0.0,35,0.0526889899493677,11,17,-6,0,0,0,0,0,0,0,0,1,0
1ct9,A,157,VAL,4.2,140.0,0.0,0,0,X,0.0,0.0,0.0,0.0,0.0,0.0,0.0,0.0,42,0.05175644145468863,3,7,-4,0,0,0,0,0,0,0,0,1,0
1ct9,A,158,ALA,1.8,88.6,0.0,0,0,X,0.0,0.0,0.0,0.0,0.0,0.0,0.0,0.0,44,0.04989134446533048,22,18,4,0,0,0,0,0,0,0,0,1,0
1ct9,A,159,SER,-0.8,89.0,0.0,1,1,X,0.0,0.0,0.0,0.0,0.0,0.0,0.0,0.0,47,0.05408781269138631,42,20,22,0,0,0,0,0,0,0,0,1,0
1ct9,A,160,GLU,-3.5,138.4,-1.0,1,3,X,0.0,0.0,0.0,0.0,0.0,0.0,0.0,0.0,40,0.05175644145468863,52,9,43,0,0,0,0,0,0,0,0,1,0
1ct9,A,161,MET,1.9,162.9,0.0,0,0,X,0.0,0.0,0.0,0.0,0.0,0.0,0.0,0.0,41,0.04942507021799094,22,26,-4,0,0,0,0,0,0,0,0,1,0
1ct9,A,162,LYS,-3.9,168.6,1.0,2,0,X,0.0,0.0,0.0,0.0,0.0,0.0,0.0,0.0,35,0.048026247475972325,34,21,13,0,0,0,0,0,0,0,0,1,0
1ct9,A,163,ALA,1.8,88.6,0.0,0,0,X,0.0,0.0,0.0,0.0,0.0,0.0,0.0,0.0,38,0.05175644145468863,21,19,2,0,0,0,0,0,0,0,0,1,0
1ct9,A,164,LEU,3.8,166.7,0.0,0,0,X,0.0,0.0,0.0,0.0,0.0,0.0,0.0,0.0,40,0.053155264196707235,16,14,2,0,0,0,0,0,0,0,0,1,0
1ct9,A,165,VAL,4.2,140.0,0.0,0,0,X,0.0,0.0,0.0,0.0,0.0,0.0,0.0,0.0,35,0.045694876239274644,15,12,3,0,0,0,0,0,0,0,0,1,0
1ct9,A,166,PRO,-1.6,112.7,0.0,0,0,X,0.0,0.0,0.0,0.0,0.0,0.0,0.0,0.0,25,0.02611135785101408,18,10,8,0,0,0,0,0,0,0,0,1,0
1ct9,A,167,VAL,4.2,140.0,0.0,0,0,X,0.0,0.0,0.0,0.0,0.0,0.0,0.0,0.0,31,0.034970568550465285,26,17,9,0,0,0,0,0,0,0,0,1,0
1ct9,A,168,CYS,2.5,108.5,0.0,1,0,X,0.0,0.0,0.0,0.0,0.0,0.0,0.0,0.0,30,0.04709369898129325,20,17,3,0,0,0,0,0,0,0,0,1,0
1ct9,A,169,ARG,-4.5,173.4,1.0,5,0,X,0.0,0.0,0.0,0.0,0.0,0.0,0.0,0.0,19,0.03403802005578621,9,17,-8,0,0,0,0,0,0,0,0,1,0
1ct9,A,170,THR,-0.7,116.1,0.0,1,1,X,0.0,0.0,0.0,0.0,0.0,0.0,0.0,0.0,25,0.035436842797804825,20,17,3,0,0,0,0,0,0,0,0,1,0
1ct9,A,171,ILE,4.5,166.7,0.0,0,0,X,0.0,0.0,0.0,0.0,0.0,0.0,0.0,0.0,34,0.048492521723311866,19,19,0,0,0,0,0,0,0,0,0,1,0
1ct9,A,172,LYS,-3.9,168.6,1.0,2,0,X,0.0,0.0,0.0,0.0,0.0,0.0,0.0,0.0,29,0.040099585271200194,3,17,-14,0,0,0,0,0,0,0,0,1,0
1ct9,A,173,GLU,-3.5,138.4,-1.0,1,3,X,0.0,0.0,0.0,0.0,0.0,0.0,0.0,0.0,36,0.040565859518539735,28,8,20,0,0,0,0,0,0,0,0,1,0
1ct9,A,174,PHE,2.8,189.9,0.0,0,0,X,0.0,0.0,0.0,0.0,0.0,0.0,0.0,0.0,40,0.045694876239274644,28,15,13,0,0,0,0,0,0,0,0,1,0
1ct9,A,175,PRO,-1.6,112.7,0.0,0,0,X,0.0,0.0,0.0,0.0,0.0,0.0,0.0,0.0,30,0.040565859518539735,36,15,21,0,0,0,0,0,0,0,0,1,0
1ct9,A,176,ALA,1.8,88.6,0.0,0,0,X,0.0,0.0,0.0,0.0,0.0,0.0,0.0,0.0,35,0.04662742473395372,36,17,19,0,0,0,0,0,0,0,0,1,0
1ct9,A,177,GLY,-0.4,60.1,0.0,0,0,X,0.0,0.0,0.0,0.0,0.0,0.0,0.0,0.0,30,0.04662742473395372,44,14,30,0,0,0,0,0,0,0,0,1,0
1ct9,A,178,SER,-0.8,89.0,0.0,1,1,X,0.0,0.0,0.0,0.0,0.0,0.0,0.0,0.0,31,0.04989134446533048,26,14,12,0,0,0,0,0,0,0,0,1,0
1ct9,A,179,TYR,-1.3,193.6,0.0,1,1,X,0.0,0.0,0.0,0.0,0.0,0.0,0.0,0.0,31,0.05502036118606539,17,25,-8,0,0,0,0,0,0,0,0,1,0
1ct9,A,180,LEU,3.8,166.7,0.0,0,0,X,0.0,0.0,0.0,0.0,0.0,0.0,0.0,0.0,33,0.04989134446533048,16,19,-3,0,0,0,0,0,0,0,0,1,0
1ct9,A,181,TRP,-0.9,227.8,0.0,1,0,X,0.0,0.0,0.0,0.0,0.0,0.0,0.0,0.0,27,0.05175644145468863,15,27,-12,0,0,0,0,0,0,0,0,1,0
1ct9,A,182,SER,-0.8,89.0,0.0,1,1,X,0.0,0.0,0.0,0.0,0.0,0.0,0.0,0.0,22,0.040099585271200194,6,34,-28,0,0,0,0,0,0,0,0,1,0
1ct9,A,183,GLN,-3.5,143.8,0.0,2,2,X,0.0,0.0,0.0,0.0,0.0,0.0,0.0,0.0,17,0.026577632098353617,9,23,-14,0,0,0,0,0,0,0,0,1,0
1ct9,A,184,ASP,-3.5,111.1,-1.0,1,3,X,0.0,0.0,0.0,0.0,0.0,0.0,0.0,0.0,13,0.030307826077069916,11,11,0,0,0,0,0,0,0,0,0,1,0
1ct9,A,185,GLY,-0.4,60.1,0.0,0,0,X,0.0,0.0,0.0,0.0,0.0,0.0,0.0,0.0,17,0.02844272908771177,9,20,-11,0,0,0,0,0,0,0,0,1,0
1ct9,A,186,GLU,-3.5,138.4,-1.0,1,3,X,0.0,0.0,0.0,0.0,0.0,0.0,0.0,0.0,16,0.029375277582390842,13,8,5,0,0,0,0,0,0,0,0,1,0
1ct9,A,187,ILE,4.5,166.7,0.0,0,0,X,0.0,0.0,0.0,0.0,0.0,0.0,0.0,0.0,25,0.04243095650789788,16,19,-3,0,0,0,0,0,0,0,0,1,0
1ct9,A,188,ARG,-4.5,173.4,1.0,5,0,X,0.0,0.0,0.0,0.0,0.0,0.0,0.0,0.0,21,0.03450429430312575,0,21,-21,0,0,0,0,0,0,0,0,1,0
1ct9,A,189,SER,-0.8,89.0,0.0,1,1,X,0.0,0.0,0.0,0.0,0.0,0.0,0.0,0.0,23,0.03357174580844668,29,12,17,0,0,0,0,0,0,0,0,1,0
1ct9,A,190,TYR,-1.3,193.6,0.0,1,1,X,0.0,0.0,0.0,0.0,0.0,0.0,0.0,0.0,31,0.03730193978716297,41,28,13,0,0,0,0,0,0,0,0,1,0
1ct9,A,191,TYR,-1.3,193.6,0.0,1,1,X,0.0,0.0,0.0,0.0,0.0,0.0,0.0,0.0,30,0.040565859518539735,45,27,18,0,0,0,0,0,0,0,0,1,0
1ct9,A,192,HIS,-3.2,153.2,0.1,2,1,X,0.0,0.0,0.0,0.0,0.0,0.0,0.0,0.0,16,0.03403802005578621,16,23,-7,0,0,0,0,0,0,0,0,1,0
1ct9,A,193,ARG,-4.5,173.4,1.0,5,0,X,0.0,0.0,0.0,0.0,0.0,0.0,0.0,0.0,22,0.03823448828184205,39,28,11,0,0,0,0,0,0,0,0,1,0
1ct9,A,194,ASP,-3.5,111.1,-1.0,1,3,X,0.0,0.0,0.0,0.0,0.0,0.0,0.0,0.0,19,0.034970568550465285,38,23,15,0,0,0,0,0,0,0,0,1,0
1ct9,A,195,TRP,-0.9,227.8,0.0,1,0,X,0.0,0.0,0.0,0.0,0.0,0.0,0.0,0.0,34,0.048958795970651406,50,28,22,0,0,0,0,0,0,0,0,1,0
1ct9,A,196,PHE,2.8,189.9,0.0,0,0,X,0.0,0.0,0.0,0.0,0.0,0.0,0.0,0.0,23,0.040099585271200194,37,23,14,0,0,0,0,0,0,0,0,1,0
1ct9,A,197,ASP,-3.5,111.1,-1.0,1,3,X,0.0,0.0,0.0,0.0,0.0,0.0,0.0,0.0,18,0.03730193978716297,36,25,11,0,0,0,0,0,0,0,0,1,0
1ct9,A,198,TYR,-1.3,193.6,0.0,1,1,X,0.0,0.0,0.0,0.0,0.0,0.0,0.0,0.0,26,0.04429605349725603,29,43,-14,0,0,0,0,0,0,0,0,1,0
1ct9,A,199,ASP,-3.5,111.1,-1.0,1,3,X,0.0,0.0,0.0,0.0,0.0,0.0,0.0,0.0,14,0.029375277582390842,24,24,0,0,0,0,0,0,0,0,0,1,0
1ct9,A,200,ALA,1.8,88.6,0.0,0,0,X,0.0,0.0,0.0,0.0,0.0,0.0,0.0,0.0,20,0.0363693912924839,31,32,-1,0,0,0,0,0,0,0,0,1,0
1ct9,A,201,VAL,4.2,140.0,0.0,0,0,X,0.0,0.0,0.0,0.0,0.0,0.0,0.0,0.0,30,0.05035761871267001,40,37,3,0,0,0,0,0,0,0,0,1,0
1ct9,A,202,LYS,-3.9,168.6,1.0,2,0,X,0.0,0.0,0.0,0.0,0.0,0.0,0.0,0.0,19,0.040565859518539735,17,23,-6,0,0,0,0,0,0,0,0,1,0
1ct9,A,203,ASP,-3.5,111.1,-1.0,1,3,X,0.0,0.0,0.0,0.0,0.0,0.0,0.0,0.0,14,0.02844272908771177,11,7,4,0,0,0,0,0,0,0,0,1,0
1ct9,A,204,ASN,-3.5,114.1,0.0,2,2,X,0.0,0.0,0.0,0.0,0.0,0.0,0.0,0.0,24,0.030774100324409453,19,25,-6,0,0,0,0,0,0,0,0,1,0
1ct9,A,205,VAL,4.2,140.0,0.0,0,0,X,0.0,0.0,0.0,0.0,0.0,0.0,0.0,0.0,17,0.026577632098353617,16,25,-9,0,0,0,0,0,0,0,0,1,0
1ct9,A,206,THR,-0.7,116.1,0.0,1,1,X,0.0,0.0,0.0,0.0,0.0,0.0,0.0,0.0,24,0.03450429430312575,21,30,-9,0,0,0,0,0,0,0,0,1,0
1ct9,A,207,ASP,-3.5,111.1,-1.0,1,3,X,0.0,0.0,0.0,0.0,0.0,0.0,0.0,0.0,18,0.030774100324409453,21,13,8,0,0,0,0,0,0,0,0,1,0
1ct9,A,208,LYS,-3.9,168.6,1.0,2,0,X,0.0,0.0,0.0,0.0,0.0,0.0,0.0,0.0,19,0.03683566553982344,19,31,-12,0,0,0,0,0,0,0,0,1,0
1ct9,A,209,ASN,-3.5,114.1,0.0,2,2,X,0.0,0.0,0.0,0.0,0.0,0.0,0.0,0.0,15,0.030307826077069916,20,24,-4,0,0,0,0,0,0,0,0,1,0
1ct9,A,210,GLU,-3.5,138.4,-1.0,1,3,X,0.0,0.0,0.0,0.0,0.0,0.0,0.0,0.0,21,0.03403802005578621,26,17,9,0,0,0,0,0,0,0,0,1,0
1ct9,A,211,LEU,3.8,166.7,0.0,0,0,X,0.0,0.0,0.0,0.0,0.0,0.0,0.0,0.0,34,0.04662742473395372,29,37,-8,0,0,0,0,0,0,0,0,1,0
1ct9,A,212,ARG,-4.5,173.4,1.0,5,0,X,0.0,0.0,0.0,0.0,0.0,0.0,0.0,0.0,26,0.045694876239274644,15,37,-22,0,0,0,0,0,0,0,0,1,0
1ct9,A,213,GLN,-3.5,143.8,0.0,2,2,X,0.0,0.0,0.0,0.0,0.0,0.0,0.0,0.0,22,0.03870076252918159,26,31,-5,0,0,0,0,0,0,0,0,1,0
1ct9,A,214,ALA,1.8,88.6,0.0,0,0,X,0.0,0.0,0.0,0.0,0.0,0.0,0.0,0.0,34,0.04662742473395372,31,41,-10,0,0,0,0,0,0,0,0,1,0
1ct9,A,215,LEU,3.8,166.7,0.0,0,0,X,0.0,0.0,0.0,0.0,0.0,0.0,0.0,0.0,40,0.05455408693872585,28,30,-2,0,0,0,0,0,0,0,0,1,0
1ct9,A,216,GLU,-3.5,138.4,-1.0,1,3,X,0.0,0.0,0.0,0.0,0.0,0.0,0.0,0.0,27,0.04755997322863279,29,12,17,0,0,0,0,0,0,0,0,1,0
1ct9,A,217,ASP,-3.5,111.1,-1.0,1,3,X,0.0,0.0,0.0,0.0,0.0,0.0,0.0,0.0,24,0.03963331102386066,33,16,17,0,0,0,0,0,0,0,0,1,0
1ct9,A,218,SER,-0.8,89.0,0.0,1,1,X,0.0,0.0,0.0,0.0,0.0,0.0,0.0,0.0,34,0.053155264196707235,41,24,17,0,0,0,0,0,0,0,0,1,0
1ct9,A,219,VAL,4.2,140.0,0.0,0,0,X,0.0,0.0,0.0,0.0,0.0,0.0,0.0,0.0,38,0.05035761871267001,38,23,15,0,0,0,0,0,0,0,0,1,0
1ct9,A,220,LYS,-3.9,168.6,1.0,2,0,X,0.0,0.0,0.0,0.0,0.0,0.0,0.0,0.0,26,0.040099585271200194,21,18,3,0,0,0,0,0,0,0,0,1,0
1ct9,A,221,SER,-0.8,89.0,0.0,1,1,X,0.0,0.0,0.0,0.0,0.0,0.0,0.0,0.0,30,0.03916703677652112,35,26,9,0,0,0,0,0,0,0,0,1,0
1ct9,A,222,HIS,-3.2,153.2,0.1,2,1,X,0.0,0.0,0.0,0.0,0.0,0.0,0.0,0.0,37,0.04662742473395372,19,30,-11,0,0,0,0,0,0,0,0,1,0
1ct9,A,223,LEU,3.8,166.7,0.0,0,0,X,0.0,0.0,0.0,0.0,0.0,0.0,0.0,0.0,34,0.03963331102386066,32,8,24,0,0,0,0,0,0,0,0,1,0
1ct9,A,224,MET,1.9,162.9,0.0,0,0,X,0.0,0.0,0.0,0.0,0.0,0.0,0.0,0.0,31,0.03916703677652112,31,31,0,0,0,0,0,0,0,0,0,1,0
1ct9,A,225,SER,-0.8,89.0,0.0,1,1,X,0.0,0.0,0.0,0.0,0.0,0.0,0.0,0.0,25,0.03730193978716297,22,25,-3,0,0,0,0,0,0,0,0,1,0
1ct9,A,226,ASP,-3.5,111.1,-1.0,1,3,X,0.0,0.0,0.0,0.0,0.0,0.0,0.0,0.0,24,0.02797645484037223,13,15,-2,0,0,0,0,0,0,0,0,1,0
1ct9,A,227,VAL,4.2,140.0,0.0,0,0,X,0.0,0.0,0.0,0.0,0.0,0.0,0.0,0.0,25,0.03170664881908853,14,21,-7,0,0,0,0,0,0,0,0,1,0
1ct9,A,228,PRO,-1.6,112.7,0.0,0,0,X,0.0,0.0,0.0,0.0,0.0,0.0,0.0,0.0,29,0.029375277582390842,22,8,14,0,0,0,0,0,0,0,0,1,0
1ct9,A,229,TYR,-1.3,193.6,0.0,1,1,X,0.0,0.0,0.0,0.0,0.0,0.0,0.0,0.0,29,0.03963331102386066,29,7,22,0,0,0,0,0,0,0,0,1,0
1ct9,A,230,GLY,-0.4,60.1,0.0,0,0,X,0.0,0.0,0.0,0.0,0.0,0.0,0.0,0.0,36,0.04989134446533048,32,6,26,0,0,0,0,0,0,0,0,1,0
1ct9,A,231,VAL,4.2,140.0,0.0,0,0,X,0.0,0.0,0.0,0.0,0.0,0.0,0.0,0.0,46,0.05129016720734909,33,3,30,0,0,0,0,0,0,0,0,1,0
1ct9,A,232,LEU,3.8,166.7,0.0,0,0,X,0.0,0.0,0.0,0.0,0.0,0.0,0.0,0.0,43,0.04662742473395372,14,11,3,0,0,0,0,0,0,0,0,1,1
1ct9,A,233,LEU,3.8,166.7,0.0,0,0,X,0.0,0.0,0.0,0.0,0.0,0.0,0.0,0.0,46,0.048026247475972325,22,22,0,0,0,0,0,0,0,0,0,1,1
1ct9,A,234,SER,-0.8,89.0,0.0,1,1,X,0.0,0.0,0.0,0.0,0.0,0.0,0.0,0.0,39,0.040099585271200194,15,21,-6,0,0,0,0,0,0,0,0,1,1
1ct9,A,235,GLY,-0.4,60.1,0.0,0,0,X,0.0,0.0,0.0,0.0,0.0,0.0,0.0,0.0,39,0.04616115048661418,27,25,2,0,0,0,0,0,0,0,0,1,0
1ct9,A,236,GLY,-0.4,60.1,0.0,0,0,X,0.0,0.0,0.0,0.0,0.0,0.0,0.0,0.0,40,0.03823448828184205,25,21,4,0,0,0,0,0,0,0,0,1,0
1ct9,A,237,LEU,3.8,166.7,0.0,0,0,X,0.0,0.0,0.0,0.0,0.0,0.0,0.0,0.0,41,0.043363505002576956,39,22,17,0,0,0,0,0,0,0,0,1,0
1ct9,A,238,ASP,-3.5,111.1,-1.0,1,3,X,0.0,0.0,0.0,0.0,0.0,0.0,0.0,0.0,37,0.04429605349725603,21,18,3,0,0,0,0,0,0,0,0,1,0
1ct9,A,239,SER,-0.8,89.0,0.0,1,1,X,0.0,0.0,0.0,0.0,0.0,0.0,0.0,0.0,41,0.04709369898129325,5,19,-14,0,0,0,0,0,0,0,0,1,1
1ct9,A,240,SER,-0.8,89.0,0.0,1,1,X,0.0,0.0,0.0,0.0,0.0,0.0,0.0,0.0,40,0.04662742473395372,11,12,-1,0,0,0,0,0,0,0,0,1,0
1ct9,A,241,ILE,4.5,166.7,0.0,0,0,X,0.0,0.0,0.0,0.0,0.0,0.0,0.0,0.0,42,0.05129016720734909,15,19,-4,0,0,0,0,0,0,0,0,1,0
1ct9,A,242,ILE,4.5,166.7,0.0,0,0,X,0.0,0.0,0.0,0.0,0.0,0.0,0.0,0.0,42,0.050823892960009553,13,19,-6,0,0,0,0,0,0,0,0,1,0
1ct9,A,243,SER,-0.8,89.0,0.0,1,1,X,0.0,0.0,0.0,0.0,0.0,0.0,0.0,0.0,46,0.04989134446533048,22,5,17,0,0,0,0,0,0,0,0,1,0
1ct9,A,244,ALA,1.8,88.6,0.0,0,0,X,0.0,0.0,0.0,0.0,0.0,0.0,0.0,0.0,35,0.04755997322863279,27,8,19,0,0,0,0,0,0,0,0,1,0
1ct9,A,245,ILE,4.5,166.7,0.0,0,0,X,0.0,0.0,0.0,0.0,0.0,0.0,0.0,0.0,36,0.050823892960009553,32,16,16,0,0,0,0,0,0,0,0,1,0
1ct9,A,246,THR,-0.7,116.1,0.0,1,1,X,0.0,0.0,0.0,0.0,0.0,0.0,0.0,0.0,35,0.045694876239274644,34,6,28,0,0,0,0,0,0,0,0,1,0
1ct9,A,247,LYS,-3.9,168.6,1.0,2,0,X,0.0,0.0,0.0,0.0,0.0,0.0,0.0,0.0,25,0.03963331102386066,15,0,15,0,0,0,0,0,0,0,0,1,0
1ct9,A,248,LYS,-3.9,168.6,1.0,2,0,X,0.0,0.0,0.0,0.0,0.0,0.0,0.0,0.0,17,0.02984155182973038,16,9,7,0,0,0,0,0,0,0,0,1,0
1ct9,A,249,TYR,-1.3,193.6,0.0,1,1,X,0.0,0.0,0.0,0.0,0.0,0.0,0.0,0.0,23,0.032172923066428064,26,16,10,0,0,0,0,0,0,0,0,1,0
1ct9,A,250,ALA,1.8,88.6,0.0,0,0,X,0.0,0.0,0.0,0.0,0.0,0.0,0.0,0.0,17,0.026577632098353617,26,0,26,0,0,0,0,0,0,0,0,1,0
1ct9,A,267,LEU,3.8,166.7,0.0,0,0,X,0.0,0.0,0.0,0.0,0.0,0.0,0.0,0.0,29,0.03590311704514436,34,0,34,0,0,0,0,0,0,0,0,1,0
1ct9,A,268,HIS,-3.2,153.2,0.1,2,1,X,0.0,0.0,0.0,0.0,0.0,0.0,0.0,0.0,26,0.03916703677652112,23,1,22,0,0,0,0,0,0,0,0,1,0
1ct9,A,269,SER,-0.8,89.0,0.0,1,1,X,0.0,0.0,0.0,0.0,0.0,0.0,0.0,0.0,35,0.050823892960009553,31,6,25,0,0,0,0,0,0,0,0,1,0
1ct9,A,270,PHE,2.8,189.9,0.0,0,0,X,0.0,0.0,0.0,0.0,0.0,0.0,0.0,0.0,36,0.05129016720734909,40,6,34,0,0,0,0,0,0,0,0,1,1
1ct9,A,271,ALA,1.8,88.6,0.0,0,0,X,0.0,0.0,0.0,0.0,0.0,0.0,0.0,0.0,40,0.050823892960009553,40,17,23,0,0,0,0,0,0,0,0,1,1
1ct9,A,272,VAL,4.2,140.0,0.0,0,0,X,0.0,0.0,0.0,0.0,0.0,0.0,0.0,0.0,41,0.04989134446533048,26,17,9,0,0,0,0,0,0,0,0,1,1
1ct9,A,273,GLY,-0.4,60.1,0.0,0,0,X,0.0,0.0,0.0,0.0,0.0,0.0,0.0,0.0,35,0.053155264196707235,17,22,-5,0,0,0,0,0,0,0,0,1,0
1ct9,A,274,LEU,3.8,166.7,0.0,0,0,X,0.0,0.0,0.0,0.0,0.0,0.0,0.0,0.0,30,0.04429605349725603,11,17,-6,0,0,0,0,0,0,0,0,1,0
1ct9,A,275,PRO,-1.6,112.7,0.0,0,0,X,0.0,0.0,0.0,0.0,0.0,0.0,0.0,0.0,22,0.029375277582390842,11,11,0,0,0,0,0,0,0,0,0,1,0
1ct9,A,276,GLY,-0.4,60.1,0.0,0,0,X,0.0,0.0,0.0,0.0,0.0,0.0,0.0,0.0,20,0.027043906345693154,18,14,4,0,0,0,0,0,0,0,0,1,0
1ct9,A,277,SER,-0.8,89.0,0.0,1,1,X,0.0,0.0,0.0,0.0,0.0,0.0,0.0,0.0,26,0.03916703677652112,18,19,-1,0,0,0,0,0,0,0,0,1,0
1ct9,A,278,PRO,-1.6,112.7,0.0,0,0,X,0.0,0.0,0.0,0.0,0.0,0.0,0.0,0.0,28,0.032172923066428064,16,22,-6,0,0,0,0,0,0,0,0,1,0
1ct9,A,279,ASP,-3.5,111.1,-1.0,1,3,X,0.0,0.0,0.0,0.0,0.0,0.0,0.0,0.0,39,0.040565859518539735,17,13,4,0,0,0,0,0,0,0,0,1,1
1ct9,A,280,LEU,3.8,166.7,0.0,0,0,X,0.0,0.0,0.0,0.0,0.0,0.0,0.0,0.0,31,0.05175644145468863,28,24,4,0,0,0,0,0,0,0,0,1,0
1ct9,A,281,LYS,-3.9,168.6,1.0,2,0,X,0.0,0.0,0.0,0.0,0.0,0.0,0.0,0.0,22,0.0363693912924839,7,20,-13,0,0,0,0,0,0,0,0,1,0
1ct9,A,282,ALA,1.8,88.6,0.0,0,0,X,0.0,0.0,0.0,0.0,0.0,0.0,0.0,0.0,30,0.040565859518539735,23,20,3,0,0,0,0,0,0,0,0,1,0
1ct9,A,283,ALA,1.8,88.6,0.0,0,0,X,0.0,0.0,0.0,0.0,0.0,0.0,0.0,0.0,36,0.04989134446533048,25,25,0,0,0,0,0,0,0,0,0,1,0
1ct9,A,284,GLN,-3.5,143.8,0.0,2,2,X,0.0,0.0,0.0,0.0,0.0,0.0,0.0,0.0,26,0.04243095650789788,27,21,6,0,0,0,0,0,0,0,0,1,0
1ct9,A,285,GLU,-3.5,138.4,-1.0,1,3,X,0.0,0.0,0.0,0.0,0.0,0.0,0.0,0.0,25,0.03730193978716297,30,5,25,0,0,0,0,0,0,0,0,1,0
1ct9,A,286,VAL,4.2,140.0,0.0,0,0,X,0.0,0.0,0.0,0.0,0.0,0.0,0.0,0.0,37,0.05175644145468863,23,11,12,0,0,0,0,0,0,0,0,1,0
1ct9,A,287,ALA,1.8,88.6,0.0,0,0,X,0.0,0.0,0.0,0.0,0.0,0.0,0.0,0.0,34,0.045228601991935104,36,11,25,0,0,0,0,0,0,0,0,1,0
1ct9,A,288,ASN,-3.5,114.1,0.0,2,2,X,0.0,0.0,0.0,0.0,0.0,0.0,0.0,0.0,18,0.03310547156110714,22,9,13,0,0,0,0,0,0,0,0,1,0
1ct9,A,289,HIS,-3.2,153.2,0.1,2,1,X,0.0,0.0,0.0,0.0,0.0,0.0,0.0,0.0,23,0.030774100324409453,4,8,-4,0,0,0,0,0,0,0,0,1,0
1ct9,A,290,LEU,3.8,166.7,0.0,0,0,X,0.0,0.0,0.0,0.0,0.0,0.0,0.0,0.0,32,0.03403802005578621,30,5,25,0,0,0,0,0,0,0,0,1,0
1ct9,A,291,GLY,-0.4,60.1,0.0,0,0,X,0.0,0.0,0.0,0.0,0.0,0.0,0.0,0.0,20,0.027043906345693154,35,2,33,0,0,0,0,0,0,0,0,1,0
1ct9,A,292,THR,-0.7,116.1,0.0,1,1,X,0.0,0.0,0.0,0.0,0.0,0.0,0.0,0.0,23,0.03916703677652112,46,4,42,0,0,0,0,0,0,0,0,1,0
1ct9,A,293,VAL,4.2,140.0,0.0,0,0,X,0.0,0.0,0.0,0.0,0.0,0.0,0.0,0.0,20,0.029375277582390842,33,2,31,0,0,0,0,0,0,0,0,1,0
1ct9,A,294,HIS,-3.2,153.2,0.1,2,1,X,0.0,0.0,0.0,0.0,0.0,0.0,0.0,0.0,32,0.043363505002576956,24,15,9,0,0,0,0,0,0,0,0,1,0
1ct9,A,295,HIS,-3.2,153.2,0.1,2,1,X,0.0,0.0,0.0,0.0,0.0,0.0,0.0,0.0,27,0.03823448828184205,28,9,19,0,0,0,0,0,0,0,0,1,0
1ct9,A,296,GLU,-3.5,138.4,-1.0,1,3,X,0.0,0.0,0.0,0.0,0.0,0.0,0.0,0.0,27,0.04103213376587927,38,6,32,0,0,0,0,0,0,0,0,1,0
1ct9,A,297,ILE,4.5,166.7,0.0,0,0,X,0.0,0.0,0.0,0.0,0.0,0.0,0.0,0.0,33,0.040565859518539735,42,13,29,0,0,0,0,0,0,0,0,1,0
1ct9,A,298,HIS,-3.2,153.2,0.1,2,1,X,0.0,0.0,0.0,0.0,0.0,0.0,0.0,0.0,21,0.040565859518539735,9,14,-5,0,0,0,0,0,0,0,0,1,0
1ct9,A,299,PHE,2.8,189.9,0.0,0,0,X,0.0,0.0,0.0,0.0,0.0,0.0,0.0,0.0,33,0.045694876239274644,15,12,3,0,0,0,0,0,0,0,0,1,0
1ct9,A,300,THR,-0.7,116.1,0.0,1,1,X,0.0,0.0,0.0,0.0,0.0,0.0,0.0,0.0,25,0.03170664881908853,12,16,-4,0,0,0,0,0,0,0,0,1,0
1ct9,A,301,VAL,4.2,140.0,0.0,0,0,X,0.0,0.0,0.0,0.0,0.0,0.0,0.0,0.0,28,0.04103213376587927,3,24,-21,0,0,0,0,0,0,0,0,1,0
1ct9,A,302,GLN,-3.5,143.8,0.0,2,2,X,0.0,0.0,0.0,0.0,0.0,0.0,0.0,0.0,24,0.03170664881908853,7,18,-11,0,0,0,0,0,0,0,0,1,0
1ct9,A,303,GLU,-3.5,138.4,-1.0,1,3,X,0.0,0.0,0.0,0.0,0.0,0.0,0.0,0.0,30,0.04196468226055834,15,8,7,0,0,0,0,0,0,0,0,1,0
1ct9,A,304,GLY,-0.4,60.1,0.0,0,0,X,0.0,0.0,0.0,0.0,0.0,0.0,0.0,0.0,36,0.04942507021799094,12,22,-10,0,0,0,0,0,0,0,0,1,0
1ct9,A,305,LEU,3.8,166.7,0.0,0,0,X,0.0,0.0,0.0,0.0,0.0,0.0,0.0,0.0,34,0.040565859518539735,9,20,-11,0,0,0,0,0,0,0,0,1,0
1ct9,A,306,ASP,-3.5,111.1,-1.0,1,3,X,0.0,0.0,0.0,0.0,0.0,0.0,0.0,0.0,32,0.03403802005578621,27,19,8,0,0,0,0,0,0,0,0,1,0
1ct9,A,307,ALA,1.8,88.6,0.0,0,0,X,0.0,0.0,0.0,0.0,0.0,0.0,0.0,0.0,35,0.04243095650789788,28,23,5,0,0,0,0,0,0,0,0,1,0
1ct9,A,308,ILE,4.5,166.7,0.0,0,0,X,0.0,0.0,0.0,0.0,0.0,0.0,0.0,0.0,38,0.043829779249916496,20,25,-5,0,0,0,0,0,0,0,0,1,0
1ct9,A,309,ARG,-4.5,173.4,1.0,5,0,X,0.0,0.0,0.0,0.0,0.0,0.0,0.0,0.0,26,0.03730193978716297,22,38,-16,0,0,0,0,0,0,0,0,1,0
1ct9,A,310,ASP,-3.5,111.1,-1.0,1,3,X,0.0,0.0,0.0,0.0,0.0,0.0,0.0,0.0,33,0.04149840801321881,51,12,39,0,0,0,0,0,0,0,0,1,0
1ct9,A,311,VAL,4.2,140.0,0.0,0,0,X,0.0,0.0,0.0,0.0,0.0,0.0,0.0,0.0,41,0.05129016720734909,36,20,16,0,0,0,0,0,0,0,0,1,0
1ct9,A,312,ILE,4.5,166.7,0.0,0,0,X,0.0,0.0,0.0,0.0,0.0,0.0,0.0,0.0,33,0.05455408693872585,32,33,-1,0,0,0,0,0,0,0,0,1,0
1ct9,A,313,TYR,-1.3,193.6,0.0,1,1,X,0.0,0.0,0.0,0.0,0.0,0.0,0.0,0.0,28,0.053621538444046775,49,27,22,0,0,0,0,0,0,0,0,1,0
1ct9,A,314,HIS,-3.2,153.2,0.1,2,1,X,0.0,0.0,0.0,0.0,0.0,0.0,0.0,0.0,34,0.05222271570202816,54,25,29,0,0,0,0,0,0,0,0,1,0
1ct9,A,315,ILE,4.5,166.7,0.0,0,0,X,0.0,0.0,0.0,0.0,0.0,0.0,0.0,0.0,46,0.048958795970651406,43,30,13,0,0,0,0,0,0,0,0,1,0
1ct9,A,316,GLU,-3.5,138.4,-1.0,1,3,X,0.0,0.0,0.0,0.0,0.0,0.0,0.0,0.0,41,0.04989134446533048,36,14,22,0,0,0,0,0,0,0,0,1,0
1ct9,A,317,THR,-0.7,116.1,0.0,1,1,X,0.0,0.0,0.0,0.0,0.0,0.0,0.0,0.0,41,0.05129016720734909,26,21,5,0,0,0,0,0,0,0,0,1,0
1ct9,A,318,TYR,-1.3,193.6,0.0,1,1,X,0.0,0.0,0.0,0.0,0.0,0.0,0.0,0.0,36,0.04989134446533048,11,33,-22,0,0,0,0,0,0,0,0,1,0
1ct9,A,319,ASP,-3.5,111.1,-1.0,1,3,X,0.0,0.0,0.0,0.0,0.0,0.0,0.0,0.0,28,0.040099585271200194,20,13,7,0,0,0,0,0,0,0,0,1,0
1ct9,A,320,VAL,4.2,140.0,0.0,0,0,X,0.0,0.0,0.0,0.0,0.0,0.0,0.0,0.0,30,0.03963331102386066,24,17,7,0,0,0,0,0,0,0,0,1,0
1ct9,A,321,THR,-0.7,116.1,0.0,1,1,X,0.0,0.0,0.0,0.0,0.0,0.0,0.0,0.0,22,0.03310547156110714,19,18,1,0,0,0,0,0,0,0,0,1,0
1ct9,A,322,THR,-0.7,116.1,0.0,1,1,X,0.0,0.0,0.0,0.0,0.0,0.0,0.0,0.0,33,0.04429605349725603,22,22,0,0,0,0,0,0,0,0,0,1,0
1ct9,A,323,ILE,4.5,166.7,0.0,0,0,X,0.0,0.0,0.0,0.0,0.0,0.0,0.0,0.0,38,0.05502036118606539,29,23,6,0,0,0,0,0,0,0,0,1,0
1ct9,A,324,ARG,-4.5,173.4,1.0,5,0,X,0.0,0.0,0.0,0.0,0.0,0.0,0.0,0.0,27,0.048026247475972325,12,25,-13,0,0,0,0,0,0,0,0,1,0
1ct9,A,325,ALA,1.8,88.6,0.0,0,0,X,0.0,0.0,0.0,0.0,0.0,0.0,0.0,0.0,33,0.03823448828184205,21,17,4,0,0,0,0,0,0,0,0,1,0
1ct9,A,326,SER,-0.8,89.0,0.0,1,1,X,0.0,0.0,0.0,0.0,0.0,0.0,0.0,0.0,40,0.04616115048661418,30,13,17,0,0,0,0,0,0,0,0,1,0
1ct9,A,327,THR,-0.7,116.1,0.0,1,1,X,0.0,0.0,0.0,0.0,0.0,0.0,0.0,0.0,40,0.05175644145468863,20,14,6,0,0,0,0,0,0,0,0,1,0
1ct9,A,328,PRO,-1.6,112.7,0.0,0,0,X,0.0,0.0,0.0,0.0,0.0,0.0,0.0,0.0,41,0.04755997322863279,18,7,11,0,0,0,0,0,0,0,0,1,0
1ct9,A,329,MET,1.9,162.9,0.0,0,0,X,0.0,0.0,0.0,0.0,0.0,0.0,0.0,0.0,40,0.04476232774459557,23,5,18,0,0,0,0,0,0,0,0,1,0
1ct9,A,330,TYR,-1.3,193.6,0.0,1,1,X,0.0,0.0,0.0,0.0,0.0,0.0,0.0,0.0,44,0.0526889899493677,45,14,31,0,0,0,0,0,0,0,0,1,0
1ct9,A,331,LEU,3.8,166.7,0.0,0,0,X,0.0,0.0,0.0,0.0,0.0,0.0,0.0,0.0,42,0.053621538444046775,28,16,12,0,0,0,0,0,0,0,0,1,0
1ct9,A,332,MET,1.9,162.9,0.0,0,0,X,0.0,0.0,0.0,0.0,0.0,0.0,0.0,0.0,36,0.05175644145468863,29,5,24,0,0,0,0,0,0,0,0,1,1
1ct9,A,333,SER,-0.8,89.0,0.0,1,1,X,0.0,0.0,0.0,0.0,0.0,0.0,0.0,0.0,39,0.05502036118606539,35,7,28,0,0,0,0,0,0,0,0,1,0
1ct9,A,334,ARG,-4.5,173.4,1.0,5,0,X,0.0,0.0,0.0,0.0,0.0,0.0,0.0,0.0,34,0.05595290968074446,34,21,13,0,0,0,0,0,0,0,0,1,0
1ct9,A,335,LYS,-3.9,168.6,1.0,2,0,X,0.0,0.0,0.0,0.0,0.0,0.0,0.0,0.0,35,0.04616115048661418,34,15,19,0,0,0,0,0,0,0,0,1,0
1ct9,A,336,ILE,4.5,166.7,0.0,0,0,X,0.0,0.0,0.0,0.0,0.0,0.0,0.0,0.0,37,0.04476232774459557,48,8,40,0,0,0,0,0,0,0,0,1,0
1ct9,A,337,LYS,-3.9,168.6,1.0,2,0,X,0.0,0.0,0.0,0.0,0.0,0.0,0.0,0.0,28,0.045694876239274644,29,14,15,0,0,0,0,0,0,0,0,1,0
1ct9,A,338,ALA,1.8,88.6,0.0,0,0,X,0.0,0.0,0.0,0.0,0.0,0.0,0.0,0.0,29,0.03963331102386066,48,8,40,0,0,0,0,0,0,0,0,1,0
1ct9,A,339,MET,1.9,162.9,0.0,0,0,X,0.0,0.0,0.0,0.0,0.0,0.0,0.0,0.0,24,0.030307826077069916,44,7,37,0,0,0,0,0,0,0,0,1,0
1ct9,A,340,GLY,-0.4,60.1,0.0,0,0,X,0.0,0.0,0.0,0.0,0.0,0.0,0.0,0.0,24,0.03124037457174899,44,3,41,0,0,0,0,0,0,0,0,1,0
1ct9,A,341,ILE,4.5,166.7,0.0,0,0,X,0.0,0.0,0.0,0.0,0.0,0.0,0.0,0.0,31,0.043363505002576956,42,5,37,0,0,0,0,0,0,0,0,1,0
1ct9,A,342,LYS,-3.9,168.6,1.0,2,0,X,0.0,0.0,0.0,0.0,0.0,0.0,0.0,0.0,35,0.04942507021799094,19,21,-2,0,0,0,0,0,0,0,0,1,0
1ct9,A,343,MET,1.9,162.9,0.0,0,0,X,0.0,0.0,0.0,0.0,0.0,0.0,0.0,0.0,37,0.050823892960009553,27,18,9,0,0,0,0,0,0,0,0,1,0
1ct9,A,344,VAL,4.2,140.0,0.0,0,0,X,0.0,0.0,0.0,0.0,0.0,0.0,0.0,0.0,43,0.05129016720734909,26,10,16,0,0,0,0,0,0,0,0,1,0
1ct9,A,345,LEU,3.8,166.7,0.0,0,0,X,0.0,0.0,0.0,0.0,0.0,0.0,0.0,0.0,45,0.04755997322863279,27,16,11,0,0,0,0,0,0,0,0,1,0
1ct9,A,346,SER,-0.8,89.0,0.0,1,1,X,0.0,0.0,0.0,0.0,0.0,0.0,0.0,0.0,39,0.04616115048661418,11,21,-10,0,0,0,0,0,0,0,0,1,1
1ct9,A,347,GLY,-0.4,60.1,0.0,0,0,X,0.0,0.0,0.0,0.0,0.0,0.0,0.0,0.0,41,0.04616115048661418,9,35,-26,0,0,0,0,0,0,0,0,1,1
1ct9,A,348,GLU,-3.5,138.4,-1.0,1,3,X,0.0,0.0,0.0,0.0,0.0,0.0,0.0,0.0,33,0.045694876239274644,17,30,-13,0,0,0,0,0,0,0,0,1,1
1ct9,A,349,GLY,-0.4,60.1,0.0,0,0,X,0.0,0.0,0.0,0.0,0.0,0.0,0.0,0.0,37,0.048958795970651406,13,45,-32,0,0,0,0,0,0,0,0,1,0
1ct9,A,350,SER,-0.8,89.0,0.0,1,1,X,0.0,0.0,0.0,0.0,0.0,0.0,0.0,0.0,38,0.05035761871267001,14,38,-24,0,0,0,0,0,0,0,0,1,0
1ct9,A,351,ASP,-3.5,111.1,-1.0,1,3,X,0.0,0.0,0.0,0.0,0.0,0.0,0.0,0.0,29,0.04196468226055834,24,36,-12,0,0,0,0,0,0,0,0,1,0
1ct9,A,352,GLU,-3.5,138.4,-1.0,1,3,X,0.0,0.0,0.0,0.0,0.0,0.0,0.0,0.0,35,0.05035761871267001,22,34,-12,0,0,0,0,0,0,0,0,1,0
1ct9,A,353,VAL,4.2,140.0,0.0,0,0,X,0.0,0.0,0.0,0.0,0.0,0.0,0.0,0.0,43,0.048958795970651406,31,30,1,0,0,0,0,0,0,0,0,1,0
1ct9,A,354,PHE,2.8,189.9,0.0,0,0,X,0.0,0.0,0.0,0.0,0.0,0.0,0.0,0.0,41,0.048958795970651406,30,32,-2,0,0,0,0,0,0,0,0,1,0
1ct9,A,355,GLY,-0.4,60.1,0.0,0,0,X,0.0,0.0,0.0,0.0,0.0,0.0,0.0,0.0,38,0.05455408693872585,43,40,3,0,0,0,0,0,0,0,0,1,0
1ct9,A,356,GLY,-0.4,60.1,0.0,0,0,X,0.0,0.0,0.0,0.0,0.0,0.0,0.0,0.0,31,0.05035761871267001,48,32,16,0,0,0,0,0,0,0,0,1,0
1ct9,A,357,TYR,-1.3,193.6,0.0,1,1,X,0.0,0.0,0.0,0.0,0.0,0.0,0.0,0.0,22,0.04103213376587927,26,38,-12,0,0,0,0,0,0,0,0,1,0
1ct9,A,358,LEU,3.8,166.7,0.0,0,0,X,0.0,0.0,0.0,0.0,0.0,0.0,0.0,0.0,20,0.03357174580844668,33,21,12,0,0,0,0,0,0,0,0,1,0
1ct9,A,359,TYR,-1.3,193.6,0.0,1,1,X,0.0,0.0,0.0,0.0,0.0,0.0,0.0,0.0,20,0.030774100324409453,25,21,4,0,0,0,0,0,0,0,0,1,0
1ct9,A,360,PHE,2.8,189.9,0.0,0,0,X,0.0,0.0,0.0,0.0,0.0,0.0,0.0,0.0,32,0.043829779249916496,40,40,0,0,0,0,0,0,0,0,0,1,0
1ct9,A,361,HIS,-3.2,153.2,0.1,2,1,X,0.0,0.0,0.0,0.0,0.0,0.0,0.0,0.0,21,0.03310547156110714,19,9,10,0,0,0,0,0,0,0,0,1,0
1ct9,A,362,LYS,-3.9,168.6,1.0,2,0,X,0.0,0.0,0.0,0.0,0.0,0.0,0.0,0.0,10,0.023779986614316396,10,0,10,0,0,0,0,0,0,0,0,1,0
1ct9,A,363,ALA,1.8,88.6,0.0,0,0,X,0.0,0.0,0.0,0.0,0.0,0.0,0.0,0.0,21,0.03776821403450251,30,17,13,0,0,0,0,0,0,0,0,1,0
1ct9,A,364,PRO,-1.6,112.7,0.0,0,0,X,0.0,0.0,0.0,0.0,0.0,0.0,0.0,0.0,16,0.022381163872297785,19,13,6,0,0,0,0,0,0,0,0,1,0
1ct9,A,365,ASN,-3.5,114.1,0.0,2,2,X,0.0,0.0,0.0,0.0,0.0,0.0,0.0,0.0,17,0.030307826077069916,18,19,-1,0,0,0,0,0,0,0,0,1,0
1ct9,A,366,ALA,1.8,88.6,0.0,0,0,X,0.0,0.0,0.0,0.0,0.0,0.0,0.0,0.0,24,0.04476232774459557,35,31,4,0,0,0,0,0,0,0,0,1,0
1ct9,A,367,LYS,-3.9,168.6,1.0,2,0,X,0.0,0.0,0.0,0.0,0.0,0.0,0.0,0.0,23,0.04196468226055834,22,36,-14,0,0,0,0,0,0,0,0,1,0
1ct9,A,368,GLU,-3.5,138.4,-1.0,1,3,X,0.0,0.0,0.0,0.0,0.0,0.0,0.0,0.0,18,0.04196468226055834,27,18,9,0,0,0,0,0,0,0,0,1,0
1ct9,A,369,LEU,3.8,166.7,0.0,0,0,X,0.0,0.0,0.0,0.0,0.0,0.0,0.0,0.0,36,0.053155264196707235,43,37,6,0,0,0,0,0,0,0,0,1,0
1ct9,A,370,HIS,-3.2,153.2,0.1,2,1,X,0.0,0.0,0.0,0.0,0.0,0.0,0.0,0.0,38,0.05035761871267001,41,40,1,0,0,0,0,0,0,0,0,1,0
1ct9,A,371,GLU,-3.5,138.4,-1.0,1,3,X,0.0,0.0,0.0,0.0,0.0,0.0,0.0,0.0,23,0.045694876239274644,33,29,4,0,0,0,0,0,0,0,0,1,0
1ct9,A,372,GLU,-3.5,138.4,-1.0,1,3,X,0.0,0.0,0.0,0.0,0.0,0.0,0.0,0.0,26,0.04243095650789788,34,26,8,0,0,0,0,0,0,0,0,1,0
1ct9,A,373,THR,-0.7,116.1,0.0,1,1,X,0.0,0.0,0.0,0.0,0.0,0.0,0.0,0.0,36,0.053621538444046775,42,36,6,0,0,0,0,0,0,0,0,1,0
1ct9,A,374,VAL,4.2,140.0,0.0,0,0,X,0.0,0.0,0.0,0.0,0.0,0.0,0.0,0.0,31,0.04755997322863279,37,36,1,0,0,0,0,0,0,0,0,1,0
1ct9,A,375,ARG,-4.5,173.4,1.0,5,0,X,0.0,0.0,0.0,0.0,0.0,0.0,0.0,0.0,19,0.03357174580844668,21,29,-8,0,0,0,0,0,0,0,0,1,0
1ct9,A,376,LYS,-3.9,168.6,1.0,2,0,X,0.0,0.0,0.0,0.0,0.0,0.0,0.0,0.0,30,0.043829779249916496,16,34,-18,0,0,0,0,0,0,0,0,1,0
1ct9,A,377,LEU,3.8,166.7,0.0,0,0,X,0.0,0.0,0.0,0.0,0.0,0.0,0.0,0.0,41,0.04429605349725603,37,30,7,0,0,0,0,0,0,0,0,1,0
1ct9,A,378,LEU,3.8,166.7,0.0,0,0,X,0.0,0.0,0.0,0.0,0.0,0.0,0.0,0.0,29,0.03683566553982344,34,10,24,0,0,0,0,0,0,0,0,1,0
1ct9,A,379,ALA,1.8,88.6,0.0,0,0,X,0.0,0.0,0.0,0.0,0.0,0.0,0.0,0.0,24,0.03776821403450251,32,20,12,0,0,0,0,0,0,0,0,1,0
1ct9,A,380,LEU,3.8,166.7,0.0,0,0,X,0.0,0.0,0.0,0.0,0.0,0.0,0.0,0.0,37,0.048026247475972325,35,29,6,0,0,0,0,0,0,0,0,1,0
1ct9,A,381,HIS,-3.2,153.2,0.1,2,1,X,0.0,0.0,0.0,0.0,0.0,0.0,0.0,0.0,32,0.04662742473395372,17,21,-4,0,0,0,0,0,0,0,0,1,0
1ct9,A,382,MET,1.9,162.9,0.0,0,0,X,0.0,0.0,0.0,0.0,0.0,0.0,0.0,0.0,29,0.040099585271200194,26,24,2,0,0,0,0,0,0,0,0,1,0
1ct9,A,383,TYR,-1.3,193.6,0.0,1,1,X,0.0,0.0,0.0,0.0,0.0,0.0,0.0,0.0,30,0.04149840801321881,31,22,9,0,0,0,0,0,0,0,0,1,0
1ct9,A,384,ASP,-3.5,111.1,-1.0,1,3,X,0.0,0.0,0.0,0.0,0.0,0.0,0.0,0.0,35,0.03963331102386066,26,21,5,0,0,0,0,0,0,0,0,1,1
1ct9,A,385,CYS,2.5,108.5,0.0,1,0,X,0.0,0.0,0.0,0.0,0.0,0.0,0.0,0.0,40,0.048492521723311866,39,27,12,0,0,0,0,0,0,0,0,1,0
1ct9,A,386,ALA,1.8,88.6,0.0,0,0,X,0.0,0.0,0.0,0.0,0.0,0.0,0.0,0.0,39,0.04942507021799094,40,28,12,0,0,0,0,0,0,0,0,1,0
1ct9,A,387,ARG,-4.5,173.4,1.0,5,0,X,0.0,0.0,0.0,0.0,0.0,0.0,0.0,0.0,37,0.04662742473395372,19,22,-3,0,0,0,0,0,0,0,0,1,0
1ct9,A,388,ALA,1.8,88.6,0.0,0,0,X,0.0,0.0,0.0,0.0,0.0,0.0,0.0,0.0,41,0.04289723075523742,30,23,7,0,0,0,0,0,0,0,0,1,0
1ct9,A,389,ASN,-3.5,114.1,0.0,2,2,X,0.0,0.0,0.0,0.0,0.0,0.0,0.0,0.0,46,0.04755997322863279,45,26,19,0,0,0,0,0,0,0,0,1,0
1ct9,A,390,LYS,-3.9,168.6,1.0,2,0,X,0.0,0.0,0.0,0.0,0.0,0.0,0.0,0.0,45,0.04989134446533048,42,24,18,0,0,0,0,0,0,0,0,1,0
1ct9,A,391,ALA,1.8,88.6,0.0,0,0,X,0.0,0.0,0.0,0.0,0.0,0.0,0.0,0.0,44,0.056419183928083996,47,16,31,0,0,0,0,0,0,0,0,1,0
1ct9,A,392,MET,1.9,162.9,0.0,0,0,X,0.0,0.0,0.0,0.0,0.0,0.0,0.0,0.0,42,0.048958795970651406,52,12,40,0,0,0,0,0,0,0,0,1,0
1ct9,A,393,SER,-0.8,89.0,0.0,1,1,X,0.0,0.0,0.0,0.0,0.0,0.0,0.0,0.0,38,0.05035761871267001,59,14,45,0,0,0,0,0,0,0,0,1,0
1ct9,A,394,ALA,1.8,88.6,0.0,0,0,X,0.0,0.0,0.0,0.0,0.0,0.0,0.0,0.0,37,0.050823892960009553,71,14,57,0,0,0,0,0,0,0,0,1,0
1ct9,A,395,TRP,-0.9,227.8,0.0,1,0,X,0.0,0.0,0.0,0.0,0.0,0.0,0.0,0.0,34,0.048492521723311866,63,16,47,0,0,0,0,0,0,0,0,1,0
1ct9,A,396,GLY,-0.4,60.1,0.0,0,0,X,0.0,0.0,0.0,0.0,0.0,0.0,0.0,0.0,41,0.04755997322863279,60,17,43,0,0,0,0,0,0,0,0,1,0
1ct9,A,397,VAL,4.2,140.0,0.0,0,0,X,0.0,0.0,0.0,0.0,0.0,0.0,0.0,0.0,44,0.0526889899493677,52,10,42,0,0,0,0,0,0,0,0,1,0
1ct9,A,398,GLU,-3.5,138.4,-1.0,1,3,X,0.0,0.0,0.0,0.0,0.0,0.0,0.0,0.0,40,0.04709369898129325,34,9,25,0,0,0,0,0,0,0,0,1,0
1ct9,A,399,ALA,1.8,88.6,0.0,0,0,X,0.0,0.0,0.0,0.0,0.0,0.0,0.0,0.0,44,0.045694876239274644,29,25,4,0,0,0,0,0,0,0,0,1,0
1ct9,A,400,ARG,-4.5,173.4,1.0,5,0,X,0.0,0.0,0.0,0.0,0.0,0.0,0.0,0.0,42,0.043363505002576956,16,20,-4,0,0,0,0,0,0,0,0,1,0
1ct9,A,401,VAL,4.2,140.0,0.0,0,0,X,0.0,0.0,0.0,0.0,0.0,0.0,0.0,0.0,42,0.04616115048661418,25,30,-5,0,0,0,0,0,0,0,0,1,0
1ct9,A,402,PRO,-1.6,112.7,0.0,0,0,X,0.0,0.0,0.0,0.0,0.0,0.0,0.0,0.0,42,0.05502036118606539,30,28,2,0,0,0,0,0,0,0,0,1,0
1ct9,A,403,PHE,2.8,189.9,0.0,0,0,X,0.0,0.0,0.0,0.0,0.0,0.0,0.0,0.0,40,0.0526889899493677,14,43,-29,0,0,0,0,0,0,0,0,1,0
1ct9,A,404,LEU,3.8,166.7,0.0,0,0,X,0.0,0.0,0.0,0.0,0.0,0.0,0.0,0.0,45,0.04662742473395372,33,34,-1,0,0,0,0,0,0,0,0,1,0
1ct9,A,405,ASP,-3.5,111.1,-1.0,1,3,X,0.0,0.0,0.0,0.0,0.0,0.0,0.0,0.0,39,0.05035761871267001,39,19,20,0,0,0,0,0,0,0,0,1,0
1ct9,A,406,LYS,-3.9,168.6,1.0,2,0,X,0.0,0.0,0.0,0.0,0.0,0.0,0.0,0.0,35,0.048492521723311866,38,34,4,0,0,0,0,0,0,0,0,1,0
1ct9,A,407,LYS,-3.9,168.6,1.0,2,0,X,0.0,0.0,0.0,0.0,0.0,0.0,0.0,0.0,32,0.03823448828184205,22,32,-10,0,0,0,0,0,0,0,0,1,0
1ct9,A,408,PHE,2.8,189.9,0.0,0,0,X,0.0,0.0,0.0,0.0,0.0,0.0,0.0,0.0,41,0.04709369898129325,31,36,-5,0,0,0,0,0,0,0,0,1,0
1ct9,A,409,LEU,3.8,166.7,0.0,0,0,X,0.0,0.0,0.0,0.0,0.0,0.0,0.0,0.0,39,0.048026247475972325,46,20,26,0,0,0,0,0,0,0,0,1,0
1ct9,A,410,ASP,-3.5,111.1,-1.0,1,3,X,0.0,0.0,0.0,0.0,0.0,0.0,0.0,0.0,27,0.043829779249916496,43,22,21,0,0,0,0,0,0,0,0,1,0
1ct9,A,411,VAL,4.2,140.0,0.0,0,0,X,0.0,0.0,0.0,0.0,0.0,0.0,0.0,0.0,31,0.043829779249916496,33,29,4,0,0,0,0,0,0,0,0,1,0
1ct9,A,412,ALA,1.8,88.6,0.0,0,0,X,0.0,0.0,0.0,0.0,0.0,0.0,0.0,0.0,43,0.04476232774459557,30,27,3,0,0,0,0,0,0,0,0,1,0
1ct9,A,413,MET,1.9,162.9,0.0,0,0,X,0.0,0.0,0.0,0.0,0.0,0.0,0.0,0.0,41,0.048958795970651406,39,28,11,0,0,0,0,0,0,0,0,1,0
1ct9,A,414,ARG,-4.5,173.4,1.0,5,0,X,0.0,0.0,0.0,0.0,0.0,0.0,0.0,0.0,29,0.048026247475972325,22,24,-2,0,0,0,0,0,0,0,0,1,0
1ct9,A,415,ILE,4.5,166.7,0.0,0,0,X,0.0,0.0,0.0,0.0,0.0,0.0,0.0,0.0,33,0.045694876239274644,33,32,1,0,0,0,0,0,0,0,0,1,0
1ct9,A,416,ASN,-3.5,114.1,0.0,2,2,X,0.0,0.0,0.0,0.0,0.0,0.0,0.0,0.0,24,0.045694876239274644,32,18,14,0,0,0,0,0,0,0,0,1,0
1ct9,A,417,PRO,-1.6,112.7,0.0,0,0,X,0.0,0.0,0.0,0.0,0.0,0.0,0.0,0.0,36,0.0526889899493677,37,25,12,0,0,0,0,0,0,0,0,1,0
1ct9,A,418,GLN,-3.5,143.8,0.0,2,2,X,0.0,0.0,0.0,0.0,0.0,0.0,0.0,0.0,23,0.03403802005578621,21,12,9,0,0,0,0,0,0,0,0,1,0
1ct9,A,419,ASP,-3.5,111.1,-1.0,1,3,X,0.0,0.0,0.0,0.0,0.0,0.0,0.0,0.0,29,0.032172923066428064,33,11,22,0,0,0,0,0,0,0,0,1,0
1ct9,A,420,LYS,-3.9,168.6,1.0,2,0,X,0.0,0.0,0.0,0.0,0.0,0.0,0.0,0.0,41,0.04616115048661418,28,25,3,0,0,0,0,0,0,0,0,1,0
1ct9,A,421,MET,1.9,162.9,0.0,0,0,X,0.0,0.0,0.0,0.0,0.0,0.0,0.0,0.0,28,0.03963331102386066,40,18,22,0,0,0,0,0,0,0,0,1,0
1ct9,A,422,CYS,2.5,108.5,0.0,1,0,X,0.0,0.0,0.0,0.0,0.0,0.0,0.0,0.0,26,0.03357174580844668,43,13,30,0,0,0,0,0,0,0,0,1,0
1ct9,A,426,LYS,-3.9,168.6,1.0,2,0,X,0.0,0.0,0.0,0.0,0.0,0.0,0.0,0.0,17,0.02144861537761871,36,12,24,0,0,0,0,0,0,0,0,1,0
1ct9,A,427,MET,1.9,162.9,0.0,0,0,X,0.0,0.0,0.0,0.0,0.0,0.0,0.0,0.0,25,0.03590311704514436,55,14,41,0,0,0,0,0,0,0,0,1,0
1ct9,A,428,GLU,-3.5,138.4,-1.0,1,3,X,0.0,0.0,0.0,0.0,0.0,0.0,0.0,0.0,31,0.04709369898129325,63,13,50,0,0,0,0,0,0,0,0,1,0
1ct9,A,429,LYS,-3.9,168.6,1.0,2,0,X,0.0,0.0,0.0,0.0,0.0,0.0,0.0,0.0,39,0.05222271570202816,46,34,12,0,0,0,0,0,0,0,0,1,0
1ct9,A,430,HIS,-3.2,153.2,0.1,2,1,X,0.0,0.0,0.0,0.0,0.0,0.0,0.0,0.0,23,0.045228601991935104,33,32,1,0,0,0,0,0,0,0,0,1,0
1ct9,A,431,ILE,4.5,166.7,0.0,0,0,X,0.0,0.0,0.0,0.0,0.0,0.0,0.0,0.0,32,0.04196468226055834,53,31,22,0,0,0,0,0,0,0,0,1,0
1ct9,A,432,LEU,3.8,166.7,0.0,0,0,X,0.0,0.0,0.0,0.0,0.0,0.0,0.0,0.0,39,0.04616115048661418,50,34,16,0,0,0,0,0,0,0,0,1,0
1ct9,A,433,ARG,-4.5,173.4,1.0,5,0,X,0.0,0.0,0.0,0.0,0.0,0.0,0.0,0.0,32,0.05035761871267001,29,34,-5,0,0,0,0,0,0,0,0,1,0
1ct9,A,434,GLU,-3.5,138.4,-1.0,1,3,X,0.0,0.0,0.0,0.0,0.0,0.0,0.0,0.0,21,0.04103213376587927,43,16,27,0,0,0,0,0,0,0,0,1,0
1ct9,A,435,CYS,2.5,108.5,0.0,1,0,X,0.0,0.0,0.0,0.0,0.0,0.0,0.0,0.0,31,0.045228601991935104,39,31,8,0,0,0,0,0,0,0,0,1,0
1ct9,A,436,PHE,2.8,189.9,0.0,0,0,X,0.0,0.0,0.0,0.0,0.0,0.0,0.0,0.0,36,0.045228601991935104,29,27,2,0,0,0,0,0,0,0,0,1,0
1ct9,A,437,GLU,-3.5,138.4,-1.0,1,3,X,0.0,0.0,0.0,0.0,0.0,0.0,0.0,0.0,22,0.040565859518539735,25,9,16,0,0,0,0,0,0,0,0,1,0
1ct9,A,438,ALA,1.8,88.6,0.0,0,0,X,0.0,0.0,0.0,0.0,0.0,0.0,0.0,0.0,21,0.025178809356335007,18,15,3,0,0,0,0,0,0,0,0,1,0
1ct9,A,439,TYR,-1.3,193.6,0.0,1,1,X,0.0,0.0,0.0,0.0,0.0,0.0,0.0,0.0,27,0.03357174580844668,32,15,17,0,0,0,0,0,0,0,0,1,0
1ct9,A,440,LEU,3.8,166.7,0.0,0,0,X,0.0,0.0,0.0,0.0,0.0,0.0,0.0,0.0,33,0.040099585271200194,19,17,2,0,0,0,0,0,0,0,0,1,0
1ct9,A,441,PRO,-1.6,112.7,0.0,0,0,X,0.0,0.0,0.0,0.0,0.0,0.0,0.0,0.0,24,0.02844272908771177,15,16,-1,0,0,0,0,0,0,0,0,1,0
1ct9,A,442,ALA,1.8,88.6,0.0,0,0,X,0.0,0.0,0.0,0.0,0.0,0.0,0.0,0.0,17,0.02844272908771177,22,9,13,0,0,0,0,0,0,0,0,1,0
1ct9,A,443,SER,-0.8,89.0,0.0,1,1,X,0.0,0.0,0.0,0.0,0.0,0.0,0.0,0.0,18,0.024246260861655933,19,11,8,0,0,0,0,0,0,0,0,1,0
1ct9,A,444,VAL,4.2,140.0,0.0,0,0,X,0.0,0.0,0.0,0.0,0.0,0.0,0.0,0.0,31,0.03963331102386066,28,20,8,0,0,0,0,0,0,0,0,1,0
1ct9,A,445,ALA,1.8,88.6,0.0,0,0,X,0.0,0.0,0.0,0.0,0.0,0.0,0.0,0.0,28,0.048026247475972325,34,19,15,0,0,0,0,0,0,0,0,1,0
1ct9,A,446,TRP,-0.9,227.8,0.0,1,0,X,0.0,0.0,0.0,0.0,0.0,0.0,0.0,0.0,23,0.034970568550465285,36,24,12,0,0,0,0,0,0,0,0,1,0
1ct9,A,447,ARG,-4.5,173.4,1.0,5,0,X,0.0,0.0,0.0,0.0,0.0,0.0,0.0,0.0,22,0.0363693912924839,15,16,-1,0,0,0,0,0,0,0,0,1,0
1ct9,A,448,GLN,-3.5,143.8,0.0,2,2,X,0.0,0.0,0.0,0.0,0.0,0.0,0.0,0.0,19,0.03124037457174899,35,17,18,0,0,0,0,0,0,0,0,1,0
1ct9,A,449,LYS,-3.9,168.6,1.0,2,0,X,0.0,0.0,0.0,0.0,0.0,0.0,0.0,0.0,27,0.028909003335051305,23,31,-8,0,0,0,0,0,0,0,0,1,0
1ct9,A,450,GLU,-3.5,138.4,-1.0,1,3,X,0.0,0.0,0.0,0.0,0.0,0.0,0.0,0.0,12,0.026577632098353617,21,8,13,0,0,0,0,0,0,0,0,1,0
1ct9,A,451,GLN,-3.5,143.8,0.0,2,2,X,0.0,0.0,0.0,0.0,0.0,0.0,0.0,0.0,8,0.022381163872297785,8,15,-7,0,0,0,0,0,0,0,0,1,0
1ct9,A,452,PHE,2.8,189.9,0.0,0,0,X,0.0,0.0,0.0,0.0,0.0,0.0,0.0,0.0,7,0.019117244140921023,2,16,-14,0,0,0,0,0,0,0,0,1,0
1ct9,A,453,SER,-0.8,89.0,0.0,1,1,X,0.0,0.0,0.0,0.0,0.0,0.0,0.0,0.0,16,0.025645083603674543,12,23,-11,0,0,0,0,0,0,0,0,1,0
1ct9,A,454,ASP,-3.5,111.1,-1.0,1,3,X,0.0,0.0,0.0,0.0,0.0,0.0,0.0,0.0,20,0.029375277582390842,7,16,-9,0,0,0,0,0,0,0,0,1,0
1ct9,A,455,GLY,-0.4,60.1,0.0,0,0,X,0.0,0.0,0.0,0.0,0.0,0.0,0.0,0.0,30,0.028909003335051305,8,19,-11,0,0,0,0,0,0,0,0,1,0
1ct9,A,456,VAL,4.2,140.0,0.0,0,0,X,0.0,0.0,0.0,0.0,0.0,0.0,0.0,0.0,33,0.043829779249916496,10,17,-7,0,0,0,0,0,0,0,0,1,0
1ct9,A,457,GLY,-0.4,60.1,0.0,0,0,X,0.0,0.0,0.0,0.0,0.0,0.0,0.0,0.0,26,0.04429605349725603,1,22,-21,0,0,0,0,0,0,0,0,1,0
1ct9,A,458,TYR,-1.3,193.6,0.0,1,1,X,0.0,0.0,0.0,0.0,0.0,0.0,0.0,0.0,18,0.035436842797804825,1,16,-15,0,0,0,0,0,0,0,0,1,0
1ct9,A,459,SER,-0.8,89.0,0.0,1,1,X,0.0,0.0,0.0,0.0,0.0,0.0,0.0,0.0,20,0.032172923066428064,7,23,-16,0,0,0,0,0,0,0,0,1,0
1ct9,A,460,TRP,-0.9,227.8,0.0,1,0,X,0.0,0.0,0.0,0.0,0.0,0.0,0.0,0.0,37,0.045228601991935104,18,26,-8,0,0,0,0,0,0,0,0,1,0
1ct9,A,461,ILE,4.5,166.7,0.0,0,0,X,0.0,0.0,0.0,0.0,0.0,0.0,0.0,0.0,28,0.04243095650789788,20,28,-8,0,0,0,0,0,0,0,0,1,0
1ct9,A,462,ASP,-3.5,111.1,-1.0,1,3,X,0.0,0.0,0.0,0.0,0.0,0.0,0.0,0.0,18,0.03683566553982344,15,16,-1,0,0,0,0,0,0,0,0,1,0
1ct9,A,463,THR,-0.7,116.1,0.0,1,1,X,0.0,0.0,0.0,0.0,0.0,0.0,0.0,0.0,26,0.03870076252918159,14,21,-7,0,0,0,0,0,0,0,0,1,0
1ct9,A,464,LEU,3.8,166.7,0.0,0,0,X,0.0,0.0,0.0,0.0,0.0,0.0,0.0,0.0,31,0.04662742473395372,22,27,-5,0,0,0,0,0,0,0,0,1,0
1ct9,A,465,LYS,-3.9,168.6,1.0,2,0,X,0.0,0.0,0.0,0.0,0.0,0.0,0.0,0.0,22,0.04103213376587927,14,27,-13,0,0,0,0,0,0,0,0,1,0
1ct9,A,466,GLU,-3.5,138.4,-1.0,1,3,X,0.0,0.0,0.0,0.0,0.0,0.0,0.0,0.0,17,0.03170664881908853,9,13,-4,0,0,0,0,0,0,0,0,1,0
1ct9,A,467,VAL,4.2,140.0,0.0,0,0,X,0.0,0.0,0.0,0.0,0.0,0.0,0.0,0.0,21,0.034970568550465285,13,23,-10,0,0,0,0,0,0,0,0,1,0
1ct9,A,468,ALA,1.8,88.6,0.0,0,0,X,0.0,0.0,0.0,0.0,0.0,0.0,0.0,0.0,27,0.04616115048661418,17,24,-7,0,0,0,0,0,0,0,0,1,0
1ct9,A,469,ALA,1.8,88.6,0.0,0,0,X,0.0,0.0,0.0,0.0,0.0,0.0,0.0,0.0,20,0.03357174580844668,16,25,-9,0,0,0,0,0,0,0,0,1,0
1ct9,A,470,GLN,-3.5,143.8,0.0,2,2,X,0.0,0.0,0.0,0.0,0.0,0.0,0.0,0.0,15,0.026577632098353617,11,9,2,0,0,0,0,0,0,0,0,1,0
1ct9,A,471,GLN,-3.5,143.8,0.0,2,2,X,0.0,0.0,0.0,0.0,0.0,0.0,0.0,0.0,21,0.03124037457174899,15,17,-2,0,0,0,0,0,0,0,0,1,0
1ct9,A,472,VAL,4.2,140.0,0.0,0,0,X,0.0,0.0,0.0,0.0,0.0,0.0,0.0,0.0,26,0.043363505002576956,13,24,-11,0,0,0,0,0,0,0,0,1,0
1ct9,A,473,SER,-0.8,89.0,0.0,1,1,X,0.0,0.0,0.0,0.0,0.0,0.0,0.0,0.0,19,0.035436842797804825,10,20,-10,0,0,0,0,0,0,0,0,1,0
1ct9,A,474,ASP,-3.5,111.1,-1.0,1,3,X,0.0,0.0,0.0,0.0,0.0,0.0,0.0,0.0,16,0.02797645484037223,8,9,-1,0,0,0,0,0,0,0,0,1,0
1ct9,A,475,GLN,-3.5,143.8,0.0,2,2,X,0.0,0.0,0.0,0.0,0.0,0.0,0.0,0.0,11,0.028909003335051305,3,17,-14,0,0,0,0,0,0,0,0,1,0
1ct9,A,476,GLN,-3.5,143.8,0.0,2,2,X,0.0,0.0,0.0,0.0,0.0,0.0,0.0,0.0,22,0.03870076252918159,19,23,-4,0,0,0,0,0,0,0,0,1,0
1ct9,A,477,LEU,3.8,166.7,0.0,0,0,X,0.0,0.0,0.0,0.0,0.0,0.0,0.0,0.0,24,0.045694876239274644,19,20,-1,0,0,0,0,0,0,0,0,1,0
1ct9,A,478,GLU,-3.5,138.4,-1.0,1,3,X,0.0,0.0,0.0,0.0,0.0,0.0,0.0,0.0,15,0.030307826077069916,14,8,6,0,0,0,0,0,0,0,0,1,0
1ct9,A,479,THR,-0.7,116.1,0.0,1,1,X,0.0,0.0,0.0,0.0,0.0,0.0,0.0,0.0,16,0.035436842797804825,21,14,7,0,0,0,0,0,0,0,0,1,0
1ct9,A,480,ALA,1.8,88.6,0.0,0,0,X,0.0,0.0,0.0,0.0,0.0,0.0,0.0,0.0,24,0.04662742473395372,29,15,14,0,0,0,0,0,0,0,0,1,0
1ct9,A,481,ARG,-4.5,173.4,1.0,5,0,X,0.0,0.0,0.0,0.0,0.0,0.0,0.0,0.0,15,0.03730193978716297,6,6,0,0,0,0,0,0,0,0,0,1,0
1ct9,A,482,PHE,2.8,189.9,0.0,0,0,X,0.0,0.0,0.0,0.0,0.0,0.0,0.0,0.0,13,0.02797645484037223,19,5,14,0,0,0,0,0,0,0,0,1,0
1ct9,A,483,ARG,-4.5,173.4,1.0,5,0,X,0.0,0.0,0.0,0.0,0.0,0.0,0.0,0.0,21,0.03124037457174899,17,21,-4,0,0,0,0,0,0,0,0,1,0
1ct9,A,484,PHE,2.8,189.9,0.0,0,0,X,0.0,0.0,0.0,0.0,0.0,0.0,0.0,0.0,26,0.040565859518539735,29,19,10,0,0,0,0,0,0,0,0,1,0
1ct9,A,485,PRO,-1.6,112.7,0.0,0,0,X,0.0,0.0,0.0,0.0,0.0,0.0,0.0,0.0,16,0.030307826077069916,21,7,14,0,0,0,0,0,0,0,0,1,0
1ct9,A,486,TYR,-1.3,193.6,0.0,1,1,X,0.0,0.0,0.0,0.0,0.0,0.0,0.0,0.0,21,0.03310547156110714,10,13,-3,0,0,0,0,0,0,0,0,1,0
1ct9,A,487,ASN,-3.5,114.1,0.0,2,2,X,0.0,0.0,0.0,0.0,0.0,0.0,0.0,0.0,23,0.03170664881908853,13,14,-1,0,0,0,0,0,0,0,0,1,0
1ct9,A,488,THR,-0.7,116.1,0.0,1,1,X,0.0,0.0,0.0,0.0,0.0,0.0,0.0,0.0,21,0.03683566553982344,24,7,17,0,0,0,0,0,0,0,0,1,0
1ct9,A,489,PRO,-1.6,112.7,0.0,0,0,X,0.0,0.0,0.0,0.0,0.0,0.0,0.0,0.0,27,0.04429605349725603,33,18,15,0,0,0,0,0,0,0,0,1,0
1ct9,A,490,THR,-0.7,116.1,0.0,1,1,X,0.0,0.0,0.0,0.0,0.0,0.0,0.0,0.0,17,0.023779986614316396,11,9,2,0,0,0,0,0,0,0,0,1,0
1ct9,A,491,SER,-0.8,89.0,0.0,1,1,X,0.0,0.0,0.0,0.0,0.0,0.0,0.0,0.0,26,0.02844272908771177,21,12,9,0,0,0,0,0,0,0,0,1,0
1ct9,A,492,LYS,-3.9,168.6,1.0,2,0,X,0.0,0.0,0.0,0.0,0.0,0.0,0.0,0.0,26,0.04429605349725603,6,29,-23,0,0,0,0,0,0,0,0,1,0
1ct9,A,493,GLU,-3.5,138.4,-1.0,1,3,X,0.0,0.0,0.0,0.0,0.0,0.0,0.0,0.0,35,0.04196468226055834,29,15,14,0,0,0,0,0,0,0,0,1,0
1ct9,A,494,ALA,1.8,88.6,0.0,0,0,X,0.0,0.0,0.0,0.0,0.0,0.0,0.0,0.0,30,0.04709369898129325,21,24,-3,0,0,0,0,0,0,0,0,1,0
1ct9,A,495,TYR,-1.3,193.6,0.0,1,1,X,0.0,0.0,0.0,0.0,0.0,0.0,0.0,0.0,32,0.0526889899493677,33,28,5,0,0,0,0,0,0,0,0,1,0
1ct9,A,496,LEU,3.8,166.7,0.0,0,0,X,0.0,0.0,0.0,0.0,0.0,0.0,0.0,0.0,34,0.04755997322863279,27,22,5,0,0,0,0,0,0,0,0,1,0
1ct9,A,497,TYR,-1.3,193.6,0.0,1,1,X,0.0,0.0,0.0,0.0,0.0,0.0,0.0,0.0,34,0.04942507021799094,30,26,4,0,0,0,0,0,0,0,0,1,0
1ct9,A,498,ARG,-4.5,173.4,1.0,5,0,X,0.0,0.0,0.0,0.0,0.0,0.0,0.0,0.0,35,0.05408781269138631,12,31,-19,0,0,0,0,0,0,0,0,1,0
1ct9,A,499,GLU,-3.5,138.4,-1.0,1,3,X,0.0,0.0,0.0,0.0,0.0,0.0,0.0,0.0,24,0.045228601991935104,31,22,9,0,0,0,0,0,0,0,0,1,0
1ct9,A,500,ILE,4.5,166.7,0.0,0,0,X,0.0,0.0,0.0,0.0,0.0,0.0,0.0,0.0,27,0.045694876239274644,26,33,-7,0,0,0,0,0,0,0,0,1,0
1ct9,A,501,PHE,2.8,189.9,0.0,0,0,X,0.0,0.0,0.0,0.0,0.0,0.0,0.0,0.0,36,0.05408781269138631,19,39,-20,0,0,0,0,0,0,0,0,1,0
1ct9,A,502,GLU,-3.5,138.4,-1.0,1,3,X,0.0,0.0,0.0,0.0,0.0,0.0,0.0,0.0,31,0.04476232774459557,22,19,3,0,0,0,0,0,0,0,0,1,0
1ct9,A,503,GLU,-3.5,138.4,-1.0,1,3,X,0.0,0.0,0.0,0.0,0.0,0.0,0.0,0.0,19,0.03450429430312575,23,20,3,0,0,0,0,0,0,0,0,1,0
1ct9,A,504,LEU,3.8,166.7,0.0,0,0,X,0.0,0.0,0.0,0.0,0.0,0.0,0.0,0.0,26,0.03823448828184205,27,36,-9,0,0,0,0,0,0,0,0,1,0
1ct9,A,505,PHE,2.8,189.9,0.0,0,0,X,0.0,0.0,0.0,0.0,0.0,0.0,0.0,0.0,35,0.04149840801321881,22,33,-11,0,0,0,0,0,0,0,0,1,0
1ct9,A,506,PRO,-1.6,112.7,0.0,0,0,X,0.0,0.0,0.0,0.0,0.0,0.0,0.0,0.0,23,0.02984155182973038,3,19,-16,0,0,0,0,0,0,0,0,1,0
1ct9,A,507,LEU,3.8,166.7,0.0,0,0,X,0.0,0.0,0.0,0.0,0.0,0.0,0.0,0.0,23,0.034970568550465285,9,20,-11,0,0,0,0,0,0,0,0,1,0
1ct9,A,508,PRO,-1.6,112.7,0.0,0,0,X,0.0,0.0,0.0,0.0,0.0,0.0,0.0,0.0,22,0.027510180593032695,10,18,-8,0,0,0,0,0,0,0,0,1,0
1ct9,A,509,SER,-0.8,89.0,0.0,1,1,X,0.0,0.0,0.0,0.0,0.0,0.0,0.0,0.0,27,0.034970568550465285,13,14,-1,0,0,0,0,0,0,0,0,1,0
1ct9,A,510,ALA,1.8,88.6,0.0,0,0,X,0.0,0.0,0.0,0.0,0.0,0.0,0.0,0.0,31,0.048958795970651406,15,31,-16,0,0,0,0,0,0,0,0,1,0
1ct9,A,511,ALA,1.8,88.6,0.0,0,0,X,0.0,0.0,0.0,0.0,0.0,0.0,0.0,0.0,28,0.048958795970651406,12,23,-11,0,0,0,0,0,0,0,0,1,0
1ct9,A,512,GLU,-3.5,138.4,-1.0,1,3,X,0.0,0.0,0.0,0.0,0.0,0.0,0.0,0.0,23,0.03823448828184205,12,5,7,0,0,0,0,0,0,0,0,1,0
1ct9,A,513,CYS,2.5,108.5,0.0,1,0,X,0.0,0.0,0.0,0.0,0.0,0.0,0.0,0.0,31,0.04196468226055834,15,25,-10,0,0,0,0,0,0,0,0,1,0
1ct9,A,514,VAL,4.2,140.0,0.0,0,0,X,0.0,0.0,0.0,0.0,0.0,0.0,0.0,0.0,33,0.04243095650789788,12,29,-17,0,0,0,0,0,0,0,0,1,0
1ct9,A,515,PRO,-1.6,112.7,0.0,0,0,X,0.0,0.0,0.0,0.0,0.0,0.0,0.0,0.0,22,0.028909003335051305,7,21,-14,0,0,0,0,0,0,0,0,1,0
1ct9,A,516,GLY,-0.4,60.1,0.0,0,0,X,0.0,0.0,0.0,0.0,0.0,0.0,0.0,0.0,14,0.022381163872297785,2,12,-10,0,0,0,0,0,0,0,0,1,0
1ct9,B,1,ALA,1.8,88.6,0.0,0,0,X,0.0,0.0,0.0,0.0,0.0,0.0,0.0,0.0,42,0.048026247475972325,46,33,13,0,0,0,0,0,0,0,0,1,1
1ct9,B,2,SER,-0.8,89.0,0.0,1,1,X,0.0,0.0,0.0,0.0,0.0,0.0,0.0,0.0,44,0.053155264196707235,53,19,34,0,0,0,0,0,0,0,0,1,0
1ct9,B,3,ILE,4.5,166.7,0.0,0,0,X,0.0,0.0,0.0,0.0,0.0,0.0,0.0,0.0,43,0.053621538444046775,22,15,7,0,0,0,0,0,0,0,0,1,0
1ct9,B,4,PHE,2.8,189.9,0.0,0,0,X,0.0,0.0,0.0,0.0,0.0,0.0,0.0,0.0,41,0.04942507021799094,23,15,8,0,0,0,0,0,0,0,0,1,0
1ct9,B,5,GLY,-0.4,60.1,0.0,0,0,X,0.0,0.0,0.0,0.0,0.0,0.0,0.0,0.0,45,0.04709369898129325,4,1,3,0,0,0,0,0,0,0,0,1,0
1ct9,B,6,VAL,4.2,140.0,0.0,0,0,X,0.0,0.0,0.0,0.0,0.0,0.0,0.0,0.0,42,0.05035761871267001,11,18,-7,0,0,0,0,0,0,0,0,1,0
1ct9,B,7,PHE,2.8,189.9,0.0,0,0,X,0.0,0.0,0.0,0.0,0.0,0.0,0.0,0.0,36,0.048026247475972325,2,16,-14,0,0,0,0,0,0,0,0,1,0
1ct9,B,8,ASP,-3.5,111.1,-1.0,1,3,X,0.0,0.0,0.0,0.0,0.0,0.0,0.0,0.0,26,0.03870076252918159,13,13,0,0,0,0,0,0,0,0,0,1,0
1ct9,B,9,ILE,4.5,166.7,0.0,0,0,X,0.0,0.0,0.0,0.0,0.0,0.0,0.0,0.0,27,0.043829779249916496,18,31,-13,0,0,0,0,0,0,0,0,1,0
1ct9,B,10,LYS,-3.9,168.6,1.0,2,0,X,0.0,0.0,0.0,0.0,0.0,0.0,0.0,0.0,18,0.02844272908771177,10,26,-16,0,0,0,0,0,0,0,0,1,0
1ct9,B,11,THR,-0.7,116.1,0.0,1,1,X,0.0,0.0,0.0,0.0,0.0,0.0,0.0,0.0,22,0.028909003335051305,20,35,-15,0,0,0,0,0,0,0,0,1,0
1ct9,B,12,ASP,-3.5,111.1,-1.0,1,3,X,0.0,0.0,0.0,0.0,0.0,0.0,0.0,0.0,15,0.02797645484037223,21,17,4,0,0,0,0,0,0,0,0,1,0
1ct9,B,13,ALA,1.8,88.6,0.0,0,0,X,0.0,0.0,0.0,0.0,0.0,0.0,0.0,0.0,22,0.040099585271200194,24,26,-2,0,0,0,0,0,0,0,0,1,0
1ct9,B,14,VAL,4.2,140.0,0.0,0,0,X,0.0,0.0,0.0,0.0,0.0,0.0,0.0,0.0,18,0.02844272908771177,24,25,-1,0,0,0,0,0,0,0,0,1,0
1ct9,B,15,GLU,-3.5,138.4,-1.0,1,3,X,0.0,0.0,0.0,0.0,0.0,0.0,0.0,0.0,16,0.030774100324409453,26,10,16,0,0,0,0,0,0,0,0,1,0
1ct9,B,16,LEU,3.8,166.7,0.0,0,0,X,0.0,0.0,0.0,0.0,0.0,0.0,0.0,0.0,34,0.04103213376587927,35,32,3,0,0,0,0,0,0,0,0,1,0
1ct9,B,17,ARG,-4.5,173.4,1.0,5,0,X,0.0,0.0,0.0,0.0,0.0,0.0,0.0,0.0,28,0.043363505002576956,14,24,-10,0,0,0,0,0,0,0,0,1,0
1ct9,B,18,LYS,-3.9,168.6,1.0,2,0,X,0.0,0.0,0.0,0.0,0.0,0.0,0.0,0.0,20,0.03590311704514436,29,33,-4,0,0,0,0,0,0,0,0,1,0
1ct9,B,19,LYS,-3.9,168.6,1.0,2,0,X,0.0,0.0,0.0,0.0,0.0,0.0,0.0,0.0,28,0.03870076252918159,22,21,1,0,0,0,0,0,0,0,0,1,0
1ct9,B,20,ALA,1.8,88.6,0.0,0,0,X,0.0,0.0,0.0,0.0,0.0,0.0,0.0,0.0,37,0.048026247475972325,38,23,15,0,0,0,0,0,0,0,0,1,0
1ct9,B,21,LEU,3.8,166.7,0.0,0,0,X,0.0,0.0,0.0,0.0,0.0,0.0,0.0,0.0,34,0.04289723075523742,55,30,25,0,0,0,0,0,0,0,0,1,0
1ct9,B,22,GLU,-3.5,138.4,-1.0,1,3,X,0.0,0.0,0.0,0.0,0.0,0.0,0.0,0.0,23,0.03683566553982344,46,9,37,0,0,0,0,0,0,0,0,1,0
1ct9,B,23,LEU,3.8,166.7,0.0,0,0,X,0.0,0.0,0.0,0.0,0.0,0.0,0.0,0.0,36,0.043829779249916496,37,16,21,0,0,0,0,0,0,0,0,1,0
1ct9,B,24,SER,-0.8,89.0,0.0,1,1,X,0.0,0.0,0.0,0.0,0.0,0.0,0.0,0.0,40,0.050823892960009553,59,24,35,0,0,0,0,0,0,0,0,1,0
1ct9,B,25,ARG,-4.5,173.4,1.0,5,0,X,0.0,0.0,0.0,0.0,0.0,0.0,0.0,0.0,29,0.03870076252918159,41,25,16,0,0,0,0,0,0,0,0,1,0
1ct9,B,26,LEU,3.8,166.7,0.0,0,0,X,0.0,0.0,0.0,0.0,0.0,0.0,0.0,0.0,29,0.04196468226055834,52,27,25,0,0,0,0,0,0,0,0,1,0
1ct9,B,27,MET,1.9,162.9,0.0,0,0,X,0.0,0.0,0.0,0.0,0.0,0.0,0.0,0.0,40,0.0526889899493677,65,26,39,0,0,0,0,0,0,0,0,1,0
1ct9,B,28,ARG,-4.5,173.4,1.0,5,0,X,0.0,0.0,0.0,0.0,0.0,0.0,0.0,0.0,31,0.045694876239274644,49,24,25,0,0,0,0,0,0,0,0,1,0
1ct9,B,29,HIS,-3.2,153.2,0.1,2,1,X,0.0,0.0,0.0,0.0,0.0,0.0,0.0,0.0,35,0.043363505002576956,59,20,39,0,0,0,0,0,0,0,0,1,0
1ct9,B,30,ARG,-4.5,173.4,1.0,5,0,X,0.0,0.0,0.0,0.0,0.0,0.0,0.0,0.0,42,0.05455408693872585,53,28,25,0,0,0,0,0,0,0,0,1,0
1ct9,B,31,GLY,-0.4,60.1,0.0,0,0,X,0.0,0.0,0.0,0.0,0.0,0.0,0.0,0.0,34,0.05175644145468863,69,17,52,0,0,0,0,0,0,0,0,1,0
1ct9,B,32,PRO,-1.6,112.7,0.0,0,0,X,0.0,0.0,0.0,0.0,0.0,0.0,0.0,0.0,29,0.04709369898129325,74,17,57,0,0,0,0,0,0,0,0,1,0
1ct9,B,33,ASP,-3.5,111.1,-1.0,1,3,X,0.0,0.0,0.0,0.0,0.0,0.0,0.0,0.0,32,0.048958795970651406,66,9,57,0,0,0,0,0,0,0,0,1,0
1ct9,B,34,TRP,-0.9,227.8,0.0,1,0,X,0.0,0.0,0.0,0.0,0.0,0.0,0.0,0.0,34,0.04662742473395372,48,26,22,0,0,0,0,0,0,0,0,1,0
1ct9,B,35,SER,-0.8,89.0,0.0,1,1,X,0.0,0.0,0.0,0.0,0.0,0.0,0.0,0.0,35,0.04243095650789788,45,33,12,0,0,0,0,0,0,0,0,1,0
1ct9,B,36,GLY,-0.4,60.1,0.0,0,0,X,0.0,0.0,0.0,0.0,0.0,0.0,0.0,0.0,38,0.04103213376587927,29,26,3,0,0,0,0,0,0,0,0,1,0
1ct9,B,37,ILE,4.5,166.7,0.0,0,0,X,0.0,0.0,0.0,0.0,0.0,0.0,0.0,0.0,31,0.03776821403450251,21,21,0,0,0,0,0,0,0,0,0,1,0
1ct9,B,38,TYR,-1.3,193.6,0.0,1,1,X,0.0,0.0,0.0,0.0,0.0,0.0,0.0,0.0,33,0.03823448828184205,18,8,10,0,0,0,0,0,0,0,0,1,0
1ct9,B,39,ALA,1.8,88.6,0.0,0,0,X,0.0,0.0,0.0,0.0,0.0,0.0,0.0,0.0,27,0.03683566553982344,12,12,0,0,0,0,0,0,0,0,0,1,0
1ct9,B,40,SER,-0.8,89.0,0.0,1,1,X,0.0,0.0,0.0,0.0,0.0,0.0,0.0,0.0,24,0.03124037457174899,8,15,-7,0,0,0,0,0,0,0,0,1,0
1ct9,B,41,ASP,-3.5,111.1,-1.0,1,3,X,0.0,0.0,0.0,0.0,0.0,0.0,0.0,0.0,21,0.026577632098353617,7,14,-7,0,0,0,0,0,0,0,0,1,0
1ct9,B,42,ASN,-3.5,114.1,0.0,2,2,X,0.0,0.0,0.0,0.0,0.0,0.0,0.0,0.0,24,0.03730193978716297,7,29,-22,0,0,0,0,0,0,0,0,1,0
1ct9,B,43,ALA,1.8,88.6,0.0,0,0,X,0.0,0.0,0.0,0.0,0.0,0.0,0.0,0.0,33,0.048958795970651406,7,27,-20,0,0,0,0,0,0,0,0,1,0
1ct9,B,44,ILE,4.5,166.7,0.0,0,0,X,0.0,0.0,0.0,0.0,0.0,0.0,0.0,0.0,39,0.05129016720734909,20,14,6,0,0,0,0,0,0,0,0,1,0
1ct9,B,45,LEU,3.8,166.7,0.0,0,0,X,0.0,0.0,0.0,0.0,0.0,0.0,0.0,0.0,40,0.05408781269138631,13,2,11,0,0,0,0,0,0,0,0,1,0
1ct9,B,46,ALA,1.8,88.6,0.0,0,0,X,0.0,0.0,0.0,0.0,0.0,0.0,0.0,0.0,44,0.05035761871267001,26,12,14,0,0,0,0,0,0,0,0,1,0
1ct9,B,47,HIS,-3.2,153.2,0.1,2,1,X,0.0,0.0,0.0,0.0,0.0,0.0,0.0,0.0,41,0.05222271570202816,27,13,14,0,0,0,0,0,0,0,0,1,0
1ct9,B,48,GLU,-3.5,138.4,-1.0,1,3,X,0.0,0.0,0.0,0.0,0.0,0.0,0.0,0.0,36,0.05548663543340492,61,9,52,0,0,0,0,0,0,0,0,1,0
1ct9,B,49,ARG,-4.5,173.4,1.0,5,0,X,0.0,0.0,0.0,0.0,0.0,0.0,0.0,0.0,38,0.053155264196707235,28,28,0,0,0,0,0,0,0,0,0,1,1
1ct9,B,50,LEU,3.8,166.7,0.0,0,0,X,0.0,0.0,0.0,0.0,0.0,0.0,0.0,0.0,38,0.045694876239274644,51,28,23,0,0,0,0,0,0,0,0,1,1
1ct9,B,51,SER,-0.8,89.0,0.0,1,1,X,0.0,0.0,0.0,0.0,0.0,0.0,0.0,0.0,36,0.03823448828184205,30,37,-7,0,0,0,0,0,0,0,0,1,0
1ct9,B,52,ILE,4.5,166.7,0.0,0,0,X,0.0,0.0,0.0,0.0,0.0,0.0,0.0,0.0,39,0.048026247475972325,29,41,-12,0,0,0,0,0,0,0,0,1,1
1ct9,B,53,VAL,4.2,140.0,0.0,0,0,X,0.0,0.0,0.0,0.0,0.0,0.0,0.0,0.0,33,0.04429605349725603,21,39,-18,0,0,0,0,0,0,0,0,1,1
1ct9,B,54,ASP,-3.5,111.1,-1.0,1,3,X,0.0,0.0,0.0,0.0,0.0,0.0,0.0,0.0,25,0.03823448828184205,16,19,-3,0,0,0,0,0,0,0,0,1,0
1ct9,B,55,VAL,4.2,140.0,0.0,0,0,X,0.0,0.0,0.0,0.0,0.0,0.0,0.0,0.0,23,0.03357174580844668,19,24,-5,0,0,0,0,0,0,0,0,1,0
1ct9,B,56,ASN,-3.5,114.1,0.0,2,2,X,0.0,0.0,0.0,0.0,0.0,0.0,0.0,0.0,18,0.020516066882939634,12,12,0,0,0,0,0,0,0,0,0,1,0
1ct9,B,57,ALA,1.8,88.6,0.0,0,0,X,0.0,0.0,0.0,0.0,0.0,0.0,0.0,0.0,20,0.02797645484037223,9,18,-9,0,0,0,0,0,0,0,0,1,0
1ct9,B,58,GLY,-0.4,60.1,0.0,0,0,X,0.0,0.0,0.0,0.0,0.0,0.0,0.0,0.0,28,0.03963331102386066,19,26,-7,0,0,0,0,0,0,0,0,1,0
1ct9,B,59,ALA,1.8,88.6,0.0,0,0,X,0.0,0.0,0.0,0.0,0.0,0.0,0.0,0.0,33,0.03590311704514436,23,22,1,0,0,0,0,0,0,0,0,1,0
1ct9,B,60,GLN,-3.5,143.8,0.0,2,2,X,0.0,0.0,0.0,0.0,0.0,0.0,0.0,0.0,41,0.043829779249916496,21,14,7,0,0,0,0,0,0,0,0,1,0
1ct9,B,61,PRO,-1.6,112.7,0.0,0,0,X,0.0,0.0,0.0,0.0,0.0,0.0,0.0,0.0,36,0.048958795970651406,21,5,16,0,0,0,0,0,0,0,0,1,0
1ct9,B,62,LEU,3.8,166.7,0.0,0,0,X,0.0,0.0,0.0,0.0,0.0,0.0,0.0,0.0,39,0.045228601991935104,22,13,9,0,0,0,0,0,0,0,0,1,0
1ct9,B,63,TYR,-1.3,193.6,0.0,1,1,X,0.0,0.0,0.0,0.0,0.0,0.0,0.0,0.0,26,0.045228601991935104,17,4,13,0,0,0,0,0,0,0,0,1,0
1ct9,B,64,ASN,-3.5,114.1,0.0,2,2,X,0.0,0.0,0.0,0.0,0.0,0.0,0.0,0.0,26,0.048958795970651406,19,20,-1,0,0,0,0,0,0,0,0,1,0
1ct9,B,65,GLN,-3.5,143.8,0.0,2,2,X,0.0,0.0,0.0,0.0,0.0,0.0,0.0,0.0,15,0.034970568550465285,17,3,14,0,0,0,0,0,0,0,0,1,0
1ct9,B,66,GLN,-3.5,143.8,0.0,2,2,X,0.0,0.0,0.0,0.0,0.0,0.0,0.0,0.0,17,0.027510180593032695,19,9,10,0,0,0,0,0,0,0,0,1,0
1ct9,B,67,LYS,-3.9,168.6,1.0,2,0,X,0.0,0.0,0.0,0.0,0.0,0.0,0.0,0.0,17,0.03357174580844668,9,1,8,0,0,0,0,0,0,0,0,1,0
1ct9,B,68,THR,-0.7,116.1,0.0,1,1,X,0.0,0.0,0.0,0.0,0.0,0.0,0.0,0.0,22,0.04103213376587927,24,19,5,0,0,0,0,0,0,0,0,1,0
1ct9,B,69,HIS,-3.2,153.2,0.1,2,1,X,0.0,0.0,0.0,0.0,0.0,0.0,0.0,0.0,33,0.053155264196707235,14,22,-8,0,0,0,0,0,0,0,0,1,0
1ct9,B,70,VAL,4.2,140.0,0.0,0,0,X,0.0,0.0,0.0,0.0,0.0,0.0,0.0,0.0,37,0.05408781269138631,18,9,9,0,0,0,0,0,0,0,0,1,0
1ct9,B,71,LEU,3.8,166.7,0.0,0,0,X,0.0,0.0,0.0,0.0,0.0,0.0,0.0,0.0,39,0.05175644145468863,16,11,5,0,0,0,0,0,0,0,0,1,0
1ct9,B,72,ALA,1.8,88.6,0.0,0,0,X,0.0,0.0,0.0,0.0,0.0,0.0,0.0,0.0,44,0.050823892960009553,12,6,6,0,0,0,0,0,0,0,0,1,0
1ct9,B,73,VAL,4.2,140.0,0.0,0,0,X,0.0,0.0,0.0,0.0,0.0,0.0,0.0,0.0,43,0.04942507021799094,16,27,-11,0,0,0,0,0,0,0,0,1,0
1ct9,B,74,ASN,-3.5,114.1,0.0,2,2,X,0.0,0.0,0.0,0.0,0.0,0.0,0.0,0.0,42,0.043363505002576956,30,31,-1,0,0,0,0,0,0,0,0,1,1
1ct9,B,75,GLY,-0.4,60.1,0.0,0,0,X,0.0,0.0,0.0,0.0,0.0,0.0,0.0,0.0,42,0.045694876239274644,20,33,-13,0,0,0,0,0,0,0,0,1,1
1ct9,B,76,GLU,-3.5,138.4,-1.0,1,3,X,0.0,0.0,0.0,0.0,0.0,0.0,0.0,0.0,39,0.04476232774459557,29,22,7,0,0,0,0,0,0,0,0,1,1
1ct9,B,77,ILE,4.5,166.7,0.0,0,0,X,0.0,0.0,0.0,0.0,0.0,0.0,0.0,0.0,40,0.053621538444046775,23,32,-9,0,0,0,0,0,0,0,0,1,0
1ct9,B,78,TYR,-1.3,193.6,0.0,1,1,X,0.0,0.0,0.0,0.0,0.0,0.0,0.0,0.0,39,0.04942507021799094,40,31,9,0,0,0,0,0,0,0,0,1,0
1ct9,B,79,ASN,-3.5,114.1,0.0,2,2,X,0.0,0.0,0.0,0.0,0.0,0.0,0.0,0.0,31,0.04196468226055834,27,28,-1,0,0,0,0,0,0,0,0,1,0
1ct9,B,80,HIS,-3.2,153.2,0.1,2,1,X,0.0,0.0,0.0,0.0,0.0,0.0,0.0,0.0,29,0.04616115048661418,11,26,-15,0,0,0,0,0,0,0,0,1,0
1ct9,B,81,GLN,-3.5,143.8,0.0,2,2,X,0.0,0.0,0.0,0.0,0.0,0.0,0.0,0.0,18,0.03310547156110714,21,11,10,0,0,0,0,0,0,0,0,1,0
1ct9,B,82,ALA,1.8,88.6,0.0,0,0,X,0.0,0.0,0.0,0.0,0.0,0.0,0.0,0.0,18,0.02984155182973038,19,12,7,0,0,0,0,0,0,0,0,1,0
1ct9,B,83,LEU,3.8,166.7,0.0,0,0,X,0.0,0.0,0.0,0.0,0.0,0.0,0.0,0.0,28,0.04243095650789788,25,27,-2,0,0,0,0,0,0,0,0,1,0
1ct9,B,84,ARG,-4.5,173.4,1.0,5,0,X,0.0,0.0,0.0,0.0,0.0,0.0,0.0,0.0,27,0.043363505002576956,10,24,-14,0,0,0,0,0,0,0,0,1,0
1ct9,B,85,ALA,1.8,88.6,0.0,0,0,X,0.0,0.0,0.0,0.0,0.0,0.0,0.0,0.0,15,0.02844272908771177,27,17,10,0,0,0,0,0,0,0,0,1,0
1ct9,B,86,GLU,-3.5,138.4,-1.0,1,3,X,0.0,0.0,0.0,0.0,0.0,0.0,0.0,0.0,19,0.030307826077069916,22,17,5,0,0,0,0,0,0,0,0,1,0
1ct9,B,87,TYR,-1.3,193.6,0.0,1,1,X,0.0,0.0,0.0,0.0,0.0,0.0,0.0,0.0,27,0.043363505002576956,26,32,-6,0,0,0,0,0,0,0,0,1,0
1ct9,B,88,GLY,-0.4,60.1,0.0,0,0,X,0.0,0.0,0.0,0.0,0.0,0.0,0.0,0.0,19,0.035436842797804825,22,20,2,0,0,0,0,0,0,0,0,1,0
1ct9,B,89,ASP,-3.5,111.1,-1.0,1,3,X,0.0,0.0,0.0,0.0,0.0,0.0,0.0,0.0,12,0.021914889624958248,15,9,6,0,0,0,0,0,0,0,0,1,0
1ct9,B,90,ARG,-4.5,173.4,1.0,5,0,X,0.0,0.0,0.0,0.0,0.0,0.0,0.0,0.0,16,0.028909003335051305,9,26,-17,0,0,0,0,0,0,0,0,1,0
1ct9,B,91,TYR,-1.3,193.6,0.0,1,1,X,0.0,0.0,0.0,0.0,0.0,0.0,0.0,0.0,27,0.040099585271200194,24,23,1,0,0,0,0,0,0,0,0,1,0
1ct9,B,92,GLN,-3.5,143.8,0.0,2,2,X,0.0,0.0,0.0,0.0,0.0,0.0,0.0,0.0,17,0.034970568550465285,9,12,-3,0,0,0,0,0,0,0,0,1,0
1ct9,B,93,PHE,2.8,189.9,0.0,0,0,X,0.0,0.0,0.0,0.0,0.0,0.0,0.0,0.0,30,0.03823448828184205,23,19,4,0,0,0,0,0,0,0,0,1,0
1ct9,B,94,GLN,-3.5,143.8,0.0,2,2,X,0.0,0.0,0.0,0.0,0.0,0.0,0.0,0.0,23,0.03310547156110714,12,10,2,0,0,0,0,0,0,0,0,1,0
1ct9,B,95,THR,-0.7,116.1,0.0,1,1,X,0.0,0.0,0.0,0.0,0.0,0.0,0.0,0.0,27,0.03450429430312575,14,24,-10,0,0,0,0,0,0,0,0,1,0
1ct9,B,96,GLY,-0.4,60.1,0.0,0,0,X,0.0,0.0,0.0,0.0,0.0,0.0,0.0,0.0,24,0.03590311704514436,21,29,-8,0,0,0,0,0,0,0,0,1,0
1ct9,B,97,SER,-0.8,89.0,0.0,1,1,X,0.0,0.0,0.0,0.0,0.0,0.0,0.0,0.0,35,0.045694876239274644,24,35,-11,0,0,0,0,0,0,0,0,1,0
1ct9,B,98,ASP,-3.5,111.1,-1.0,1,3,X,0.0,0.0,0.0,0.0,0.0,0.0,0.0,0.0,41,0.04942507021799094,26,31,-5,0,0,0,0,0,0,0,0,1,1
1ct9,B,99,CYS,2.5,108.5,0.0,1,0,X,0.0,0.0,0.0,0.0,0.0,0.0,0.0,0.0,45,0.048026247475972325,22,30,-8,0,0,0,0,0,0,0,0,1,1
1ct9,B,100,GLU,-3.5,138.4,-1.0,1,3,X,0.0,0.0,0.0,0.0,0.0,0.0,0.0,0.0,38,0.05455408693872585,23,11,12,0,0,0,0,0,0,0,0,1,0
1ct9,B,101,VAL,4.2,140.0,0.0,0,0,X,0.0,0.0,0.0,0.0,0.0,0.0,0.0,0.0,38,0.05595290968074446,21,29,-8,0,0,0,0,0,0,0,0,1,0
1ct9,B,102,ILE,4.5,166.7,0.0,0,0,X,0.0,0.0,0.0,0.0,0.0,0.0,0.0,0.0,41,0.04755997322863279,12,23,-11,0,0,0,0,0,0,0,0,1,0
1ct9,B,103,LEU,3.8,166.7,0.0,0,0,X,0.0,0.0,0.0,0.0,0.0,0.0,0.0,0.0,42,0.05455408693872585,15,20,-5,0,0,0,0,0,0,0,0,1,0
1ct9,B,104,ALA,1.8,88.6,0.0,0,0,X,0.0,0.0,0.0,0.0,0.0,0.0,0.0,0.0,35,0.05455408693872585,35,31,4,0,0,0,0,0,0,0,0,1,0
1ct9,B,105,LEU,3.8,166.7,0.0,0,0,X,0.0,0.0,0.0,0.0,0.0,0.0,0.0,0.0,34,0.05222271570202816,19,39,-20,0,0,0,0,0,0,0,0,1,0
1ct9,B,106,TYR,-1.3,193.6,0.0,1,1,X,0.0,0.0,0.0,0.0,0.0,0.0,0.0,0.0,34,0.04709369898129325,23,26,-3,0,0,0,0,0,0,0,0,1,0
1ct9,B,107,GLN,-3.5,143.8,0.0,2,2,X,0.0,0.0,0.0,0.0,0.0,0.0,0.0,0.0,26,0.03963331102386066,28,15,13,0,0,0,0,0,0,0,0,1,0
1ct9,B,108,GLU,-3.5,138.4,-1.0,1,3,X,0.0,0.0,0.0,0.0,0.0,0.0,0.0,0.0,21,0.035436842797804825,22,12,10,0,0,0,0,0,0,0,0,1,0
1ct9,B,109,LYS,-3.9,168.6,1.0,2,0,X,0.0,0.0,0.0,0.0,0.0,0.0,0.0,0.0,21,0.03776821403450251,5,30,-25,0,0,0,0,0,0,0,0,1,0
1ct9,B,110,GLY,-0.4,60.1,0.0,0,0,X,0.0,0.0,0.0,0.0,0.0,0.0,0.0,0.0,26,0.03870076252918159,18,23,-5,0,0,0,0,0,0,0,0,1,0
1ct9,B,111,PRO,-1.6,112.7,0.0,0,0,X,0.0,0.0,0.0,0.0,0.0,0.0,0.0,0.0,29,0.04243095650789788,16,22,-6,0,0,0,0,0,0,0,0,1,0
1ct9,B,112,GLU,-3.5,138.4,-1.0,1,3,X,0.0,0.0,0.0,0.0,0.0,0.0,0.0,0.0,18,0.03450429430312575,11,16,-5,0,0,0,0,0,0,0,0,1,0
1ct9,B,113,PHE,2.8,189.9,0.0,0,0,X,0.0,0.0,0.0,0.0,0.0,0.0,0.0,0.0,30,0.04196468226055834,11,31,-20,0,0,0,0,0,0,0,0,1,0
1ct9,B,114,LEU,3.8,166.7,0.0,0,0,X,0.0,0.0,0.0,0.0,0.0,0.0,0.0,0.0,36,0.04709369898129325,25,28,-3,0,0,0,0,0,0,0,0,1,0
1ct9,B,115,ASP,-3.5,111.1,-1.0,1,3,X,0.0,0.0,0.0,0.0,0.0,0.0,0.0,0.0,27,0.03776821403450251,40,20,20,0,0,0,0,0,0,0,0,1,0
1ct9,B,116,ASP,-3.5,111.1,-1.0,1,3,X,0.0,0.0,0.0,0.0,0.0,0.0,0.0,0.0,25,0.03310547156110714,16,18,-2,0,0,0,0,0,0,0,0,1,0
1ct9,B,117,LEU,3.8,166.7,0.0,0,0,X,0.0,0.0,0.0,0.0,0.0,0.0,0.0,0.0,35,0.04709369898129325,26,33,-7,0,0,0,0,0,0,0,0,1,0
1ct9,B,118,GLN,-3.5,143.8,0.0,2,2,X,0.0,0.0,0.0,0.0,0.0,0.0,0.0,0.0,33,0.045228601991935104,41,34,7,0,0,0,0,0,0,0,0,1,0
1ct9,B,119,GLY,-0.4,60.1,0.0,0,0,X,0.0,0.0,0.0,0.0,0.0,0.0,0.0,0.0,41,0.053621538444046775,44,37,7,0,0,0,0,0,0,0,0,1,0
1ct9,B,120,MET,1.9,162.9,0.0,0,0,X,0.0,0.0,0.0,0.0,0.0,0.0,0.0,0.0,38,0.04709369898129325,36,34,2,0,0,0,0,0,0,0,0,1,0
1ct9,B,121,PHE,2.8,189.9,0.0,0,0,X,0.0,0.0,0.0,0.0,0.0,0.0,0.0,0.0,42,0.05222271570202816,23,20,3,0,0,0,0,0,0,0,0,1,0
1ct9,B,122,ALA,1.8,88.6,0.0,0,0,X,0.0,0.0,0.0,0.0,0.0,0.0,0.0,0.0,45,0.05455408693872585,18,13,5,0,0,0,0,0,0,0,0,1,0
1ct9,B,123,PHE,2.8,189.9,0.0,0,0,X,0.0,0.0,0.0,0.0,0.0,0.0,0.0,0.0,42,0.04709369898129325,8,7,1,0,0,0,0,0,0,0,0,1,0
1ct9,B,124,ALA,1.8,88.6,0.0,0,0,X,0.0,0.0,0.0,0.0,0.0,0.0,0.0,0.0,45,0.05175644145468863,9,2,7,0,0,0,0,0,0,0,0,1,0
1ct9,B,125,LEU,3.8,166.7,0.0,0,0,X,0.0,0.0,0.0,0.0,0.0,0.0,0.0,0.0,43,0.0526889899493677,10,9,1,0,0,0,0,0,0,0,0,1,0
1ct9,B,126,TYR,-1.3,193.6,0.0,1,1,X,0.0,0.0,0.0,0.0,0.0,0.0,0.0,0.0,37,0.05502036118606539,19,31,-12,0,0,0,0,0,0,0,0,1,0
1ct9,B,127,ASP,-3.5,111.1,-1.0,1,3,X,0.0,0.0,0.0,0.0,0.0,0.0,0.0,0.0,30,0.05129016720734909,22,17,5,0,0,0,0,0,0,0,0,1,0
1ct9,B,128,SER,-0.8,89.0,0.0,1,1,X,0.0,0.0,0.0,0.0,0.0,0.0,0.0,0.0,21,0.040099585271200194,24,26,-2,0,0,0,0,0,0,0,0,1,0
1ct9,B,129,GLU,-3.5,138.4,-1.0,1,3,X,0.0,0.0,0.0,0.0,0.0,0.0,0.0,0.0,15,0.02984155182973038,22,16,6,0,0,0,0,0,0,0,0,1,0
1ct9,B,130,LYS,-3.9,168.6,1.0,2,0,X,0.0,0.0,0.0,0.0,0.0,0.0,0.0,0.0,17,0.02984155182973038,8,25,-17,0,0,0,0,0,0,0,0,1,0
1ct9,B,131,ASP,-3.5,111.1,-1.0,1,3,X,0.0,0.0,0.0,0.0,0.0,0.0,0.0,0.0,23,0.034970568550465285,11,27,-16,0,0,0,0,0,0,0,0,1,0
1ct9,B,132,ALA,1.8,88.6,0.0,0,0,X,0.0,0.0,0.0,0.0,0.0,0.0,0.0,0.0,27,0.04662742473395372,18,29,-11,0,0,0,0,0,0,0,0,1,0
1ct9,B,133,TYR,-1.3,193.6,0.0,1,1,X,0.0,0.0,0.0,0.0,0.0,0.0,0.0,0.0,38,0.053155264196707235,3,29,-26,0,0,0,0,0,0,0,0,1,0
1ct9,B,134,LEU,3.8,166.7,0.0,0,0,X,0.0,0.0,0.0,0.0,0.0,0.0,0.0,0.0,41,0.05781800667010261,5,11,-6,0,0,0,0,0,0,0,0,1,0
1ct9,B,135,ILE,4.5,166.7,0.0,0,0,X,0.0,0.0,0.0,0.0,0.0,0.0,0.0,0.0,40,0.048492521723311866,9,3,6,0,0,0,0,0,0,0,0,1,0
1ct9,B,136,GLY,-0.4,60.1,0.0,0,0,X,0.0,0.0,0.0,0.0,0.0,0.0,0.0,0.0,41,0.05175644145468863,16,8,8,0,0,0,0,0,0,0,0,1,0
1ct9,B,137,ARG,-4.5,173.4,1.0,5,0,X,0.0,0.0,0.0,0.0,0.0,0.0,0.0,0.0,38,0.06108192640147937,20,17,3,0,0,0,0,0,0,0,0,1,0
1ct9,B,138,ASP,-3.5,111.1,-1.0,1,3,X,0.0,0.0,0.0,0.0,0.0,0.0,0.0,0.0,40,0.05502036118606539,36,11,25,0,0,0,0,0,0,0,0,1,0
1ct9,B,139,HIS,-3.2,153.2,0.1,2,1,X,0.0,0.0,0.0,0.0,0.0,0.0,0.0,0.0,39,0.05035761871267001,37,29,8,0,0,0,0,0,0,0,0,1,0
1ct9,B,140,LEU,3.8,166.7,0.0,0,0,X,0.0,0.0,0.0,0.0,0.0,0.0,0.0,0.0,43,0.05222271570202816,43,16,27,0,0,0,0,0,0,0,0,1,0
1ct9,B,141,GLY,-0.4,60.1,0.0,0,0,X,0.0,0.0,0.0,0.0,0.0,0.0,0.0,0.0,36,0.05502036118606539,32,18,14,0,0,0,0,0,0,0,0,1,0
1ct9,B,142,ILE,4.5,166.7,0.0,0,0,X,0.0,0.0,0.0,0.0,0.0,0.0,0.0,0.0,46,0.05035761871267001,41,27,14,0,0,0,0,0,0,0,0,1,0
1ct9,B,143,ILE,4.5,166.7,0.0,0,0,X,0.0,0.0,0.0,0.0,0.0,0.0,0.0,0.0,42,0.048026247475972325,34,23,11,0,0,0,0,0,0,0,0,1,0
1ct9,B,144,PRO,-1.6,112.7,0.0,0,0,X,0.0,0.0,0.0,0.0,0.0,0.0,0.0,0.0,43,0.05408781269138631,37,28,9,0,0,0,0,0,0,0,0,1,0
1ct9,B,145,LEU,3.8,166.7,0.0,0,0,X,0.0,0.0,0.0,0.0,0.0,0.0,0.0,0.0,41,0.053155264196707235,30,23,7,0,0,0,0,0,0,0,0,1,0
1ct9,B,146,TYR,-1.3,193.6,0.0,1,1,X,0.0,0.0,0.0,0.0,0.0,0.0,0.0,0.0,38,0.05129016720734909,30,28,2,0,0,0,0,0,0,0,0,1,0
1ct9,B,147,MET,1.9,162.9,0.0,0,0,X,0.0,0.0,0.0,0.0,0.0,0.0,0.0,0.0,30,0.05129016720734909,11,11,0,0,0,0,0,0,0,0,0,1,0
1ct9,B,148,GLY,-0.4,60.1,0.0,0,0,X,0.0,0.0,0.0,0.0,0.0,0.0,0.0,0.0,36,0.05175644145468863,15,15,0,0,0,0,0,0,0,0,0,1,0
1ct9,B,149,TYR,-1.3,193.6,0.0,1,1,X,0.0,0.0,0.0,0.0,0.0,0.0,0.0,0.0,26,0.04616115048661418,24,21,3,0,0,0,0,0,0,0,0,1,0
1ct9,B,150,ASP,-3.5,111.1,-1.0,1,3,X,0.0,0.0,0.0,0.0,0.0,0.0,0.0,0.0,24,0.043829779249916496,29,13,16,0,0,0,0,0,0,0,0,1,0
1ct9,B,151,GLU,-3.5,138.4,-1.0,1,3,X,0.0,0.0,0.0,0.0,0.0,0.0,0.0,0.0,13,0.028909003335051305,23,8,15,0,0,0,0,0,0,0,0,1,0
1ct9,B,152,HIS,-3.2,153.2,0.1,2,1,X,0.0,0.0,0.0,0.0,0.0,0.0,0.0,0.0,18,0.029375277582390842,18,23,-5,0,0,0,0,0,0,0,0,1,0
1ct9,B,153,GLY,-0.4,60.1,0.0,0,0,X,0.0,0.0,0.0,0.0,0.0,0.0,0.0,0.0,20,0.03310547156110714,23,25,-2,0,0,0,0,0,0,0,0,1,0
1ct9,B,154,GLN,-3.5,143.8,0.0,2,2,X,0.0,0.0,0.0,0.0,0.0,0.0,0.0,0.0,27,0.05035761871267001,21,30,-9,0,0,0,0,0,0,0,0,1,0
1ct9,B,155,LEU,3.8,166.7,0.0,0,0,X,0.0,0.0,0.0,0.0,0.0,0.0,0.0,0.0,33,0.04942507021799094,8,16,-8,0,0,0,0,0,0,0,0,1,0
1ct9,B,156,TYR,-1.3,193.6,0.0,1,1,X,0.0,0.0,0.0,0.0,0.0,0.0,0.0,0.0,36,0.05035761871267001,16,17,-1,0,0,0,0,0,0,0,0,1,0
1ct9,B,157,VAL,4.2,140.0,0.0,0,0,X,0.0,0.0,0.0,0.0,0.0,0.0,0.0,0.0,42,0.050823892960009553,4,7,-3,0,0,0,0,0,0,0,0,1,0
1ct9,B,158,ALA,1.8,88.6,0.0,0,0,X,0.0,0.0,0.0,0.0,0.0,0.0,0.0,0.0,45,0.04942507021799094,19,17,2,0,0,0,0,0,0,0,0,1,0
1ct9,B,159,SER,-0.8,89.0,0.0,1,1,X,0.0,0.0,0.0,0.0,0.0,0.0,0.0,0.0,46,0.053155264196707235,40,20,20,0,0,0,0,0,0,0,0,1,0
1ct9,B,160,GLU,-3.5,138.4,-1.0,1,3,X,0.0,0.0,0.0,0.0,0.0,0.0,0.0,0.0,40,0.0526889899493677,52,9,43,0,0,0,0,0,0,0,0,1,0
1ct9,B,161,MET,1.9,162.9,0.0,0,0,X,0.0,0.0,0.0,0.0,0.0,0.0,0.0,0.0,42,0.04942507021799094,23,27,-4,0,0,0,0,0,0,0,0,1,0
1ct9,B,162,LYS,-3.9,168.6,1.0,2,0,X,0.0,0.0,0.0,0.0,0.0,0.0,0.0,0.0,35,0.04709369898129325,34,21,13,0,0,0,0,0,0,0,0,1,0
1ct9,B,163,ALA,1.8,88.6,0.0,0,0,X,0.0,0.0,0.0,0.0,0.0,0.0,0.0,0.0,38,0.05035761871267001,23,20,3,0,0,0,0,0,0,0,0,1,0
1ct9,B,164,LEU,3.8,166.7,0.0,0,0,X,0.0,0.0,0.0,0.0,0.0,0.0,0.0,0.0,39,0.05455408693872585,16,15,1,0,0,0,0,0,0,0,0,1,0
1ct9,B,165,VAL,4.2,140.0,0.0,0,0,X,0.0,0.0,0.0,0.0,0.0,0.0,0.0,0.0,35,0.04709369898129325,16,12,4,0,0,0,0,0,0,0,0,1,0
1ct9,B,166,PRO,-1.6,112.7,0.0,0,0,X,0.0,0.0,0.0,0.0,0.0,0.0,0.0,0.0,27,0.02797645484037223,18,11,7,0,0,0,0,0,0,0,0,1,0
1ct9,B,167,VAL,4.2,140.0,0.0,0,0,X,0.0,0.0,0.0,0.0,0.0,0.0,0.0,0.0,31,0.03450429430312575,26,18,8,0,0,0,0,0,0,0,0,1,0
1ct9,B,168,CYS,2.5,108.5,0.0,1,0,X,0.0,0.0,0.0,0.0,0.0,0.0,0.0,0.0,31,0.04616115048661418,20,16,4,0,0,0,0,0,0,0,0,1,0
1ct9,B,169,ARG,-4.5,173.4,1.0,5,0,X,0.0,0.0,0.0,0.0,0.0,0.0,0.0,0.0,19,0.03403802005578621,9,17,-8,0,0,0,0,0,0,0,0,1,0
1ct9,B,170,THR,-0.7,116.1,0.0,1,1,X,0.0,0.0,0.0,0.0,0.0,0.0,0.0,0.0,24,0.03450429430312575,20,17,3,0,0,0,0,0,0,0,0,1,0
1ct9,B,171,ILE,4.5,166.7,0.0,0,0,X,0.0,0.0,0.0,0.0,0.0,0.0,0.0,0.0,36,0.048958795970651406,18,21,-3,0,0,0,0,0,0,0,0,1,0
1ct9,B,172,LYS,-3.9,168.6,1.0,2,0,X,0.0,0.0,0.0,0.0,0.0,0.0,0.0,0.0,26,0.03916703677652112,3,15,-12,0,0,0,0,0,0,0,0,1,0
1ct9,B,173,GLU,-3.5,138.4,-1.0,1,3,X,0.0,0.0,0.0,0.0,0.0,0.0,0.0,0.0,36,0.03963331102386066,29,8,21,0,0,0,0,0,0,0,0,1,0
1ct9,B,174,PHE,2.8,189.9,0.0,0,0,X,0.0,0.0,0.0,0.0,0.0,0.0,0.0,0.0,39,0.04476232774459557,28,15,13,0,0,0,0,0,0,0,0,1,0
1ct9,B,175,PRO,-1.6,112.7,0.0,0,0,X,0.0,0.0,0.0,0.0,0.0,0.0,0.0,0.0,31,0.03730193978716297,37,15,22,0,0,0,0,0,0,0,0,1,0
1ct9,B,176,ALA,1.8,88.6,0.0,0,0,X,0.0,0.0,0.0,0.0,0.0,0.0,0.0,0.0,34,0.04662742473395372,36,16,20,0,0,0,0,0,0,0,0,1,0
1ct9,B,177,GLY,-0.4,60.1,0.0,0,0,X,0.0,0.0,0.0,0.0,0.0,0.0,0.0,0.0,30,0.04709369898129325,41,15,26,0,0,0,0,0,0,0,0,1,0
1ct9,B,178,SER,-0.8,89.0,0.0,1,1,X,0.0,0.0,0.0,0.0,0.0,0.0,0.0,0.0,30,0.04989134446533048,25,12,13,0,0,0,0,0,0,0,0,1,0
1ct9,B,179,TYR,-1.3,193.6,0.0,1,1,X,0.0,0.0,0.0,0.0,0.0,0.0,0.0,0.0,30,0.05502036118606539,16,24,-8,0,0,0,0,0,0,0,0,1,0
1ct9,B,180,LEU,3.8,166.7,0.0,0,0,X,0.0,0.0,0.0,0.0,0.0,0.0,0.0,0.0,33,0.050823892960009553,13,19,-6,0,0,0,0,0,0,0,0,1,0
1ct9,B,181,TRP,-0.9,227.8,0.0,1,0,X,0.0,0.0,0.0,0.0,0.0,0.0,0.0,0.0,27,0.050823892960009553,16,29,-13,0,0,0,0,0,0,0,0,1,0
1ct9,B,182,SER,-0.8,89.0,0.0,1,1,X,0.0,0.0,0.0,0.0,0.0,0.0,0.0,0.0,23,0.03963331102386066,6,34,-28,0,0,0,0,0,0,0,0,1,0
1ct9,B,183,GLN,-3.5,143.8,0.0,2,2,X,0.0,0.0,0.0,0.0,0.0,0.0,0.0,0.0,16,0.02797645484037223,9,21,-12,0,0,0,0,0,0,0,0,1,0
1ct9,B,184,ASP,-3.5,111.1,-1.0,1,3,X,0.0,0.0,0.0,0.0,0.0,0.0,0.0,0.0,12,0.02984155182973038,11,9,2,0,0,0,0,0,0,0,0,1,0
1ct9,B,185,GLY,-0.4,60.1,0.0,0,0,X,0.0,0.0,0.0,0.0,0.0,0.0,0.0,0.0,16,0.02797645484037223,9,20,-11,0,0,0,0,0,0,0,0,1,0
1ct9,B,186,GLU,-3.5,138.4,-1.0,1,3,X,0.0,0.0,0.0,0.0,0.0,0.0,0.0,0.0,17,0.029375277582390842,13,8,5,0,0,0,0,0,0,0,0,1,0
1ct9,B,187,ILE,4.5,166.7,0.0,0,0,X,0.0,0.0,0.0,0.0,0.0,0.0,0.0,0.0,24,0.040565859518539735,15,19,-4,0,0,0,0,0,0,0,0,1,0
1ct9,B,188,ARG,-4.5,173.4,1.0,5,0,X,0.0,0.0,0.0,0.0,0.0,0.0,0.0,0.0,20,0.034970568550465285,0,18,-18,0,0,0,0,0,0,0,0,1,0
1ct9,B,189,SER,-0.8,89.0,0.0,1,1,X,0.0,0.0,0.0,0.0,0.0,0.0,0.0,0.0,22,0.032639197313767604,28,11,17,0,0,0,0,0,0,0,0,1,0
1ct9,B,190,TYR,-1.3,193.6,0.0,1,1,X,0.0,0.0,0.0,0.0,0.0,0.0,0.0,0.0,32,0.03683566553982344,40,27,13,0,0,0,0,0,0,0,0,1,0
1ct9,B,191,TYR,-1.3,193.6,0.0,1,1,X,0.0,0.0,0.0,0.0,0.0,0.0,0.0,0.0,31,0.04149840801321881,45,26,19,0,0,0,0,0,0,0,0,1,0
1ct9,B,192,HIS,-3.2,153.2,0.1,2,1,X,0.0,0.0,0.0,0.0,0.0,0.0,0.0,0.0,16,0.03310547156110714,16,23,-7,0,0,0,0,0,0,0,0,1,0
1ct9,B,193,ARG,-4.5,173.4,1.0,5,0,X,0.0,0.0,0.0,0.0,0.0,0.0,0.0,0.0,23,0.03776821403450251,41,27,14,0,0,0,0,0,0,0,0,1,0
1ct9,B,194,ASP,-3.5,111.1,-1.0,1,3,X,0.0,0.0,0.0,0.0,0.0,0.0,0.0,0.0,20,0.035436842797804825,38,24,14,0,0,0,0,0,0,0,0,1,0
1ct9,B,195,TRP,-0.9,227.8,0.0,1,0,X,0.0,0.0,0.0,0.0,0.0,0.0,0.0,0.0,33,0.05129016720734909,51,28,23,0,0,0,0,0,0,0,0,1,0
1ct9,B,196,PHE,2.8,189.9,0.0,0,0,X,0.0,0.0,0.0,0.0,0.0,0.0,0.0,0.0,23,0.04196468226055834,40,24,16,0,0,0,0,0,0,0,0,1,0
1ct9,B,197,ASP,-3.5,111.1,-1.0,1,3,X,0.0,0.0,0.0,0.0,0.0,0.0,0.0,0.0,18,0.03963331102386066,38,25,13,0,0,0,0,0,0,0,0,1,0
1ct9,B,198,TYR,-1.3,193.6,0.0,1,1,X,0.0,0.0,0.0,0.0,0.0,0.0,0.0,0.0,25,0.04429605349725603,28,44,-16,0,0,0,0,0,0,0,0,1,0
1ct9,B,199,ASP,-3.5,111.1,-1.0,1,3,X,0.0,0.0,0.0,0.0,0.0,0.0,0.0,0.0,14,0.030307826077069916,24,26,-2,0,0,0,0,0,0,0,0,1,0
1ct9,B,200,ALA,1.8,88.6,0.0,0,0,X,0.0,0.0,0.0,0.0,0.0,0.0,0.0,0.0,19,0.035436842797804825,31,33,-2,0,0,0,0,0,0,0,0,1,0
1ct9,B,201,VAL,4.2,140.0,0.0,0,0,X,0.0,0.0,0.0,0.0,0.0,0.0,0.0,0.0,30,0.05035761871267001,38,36,2,0,0,0,0,0,0,0,0,1,0
1ct9,B,202,LYS,-3.9,168.6,1.0,2,0,X,0.0,0.0,0.0,0.0,0.0,0.0,0.0,0.0,17,0.04289723075523742,14,22,-8,0,0,0,0,0,0,0,0,1,0
1ct9,B,203,ASP,-3.5,111.1,-1.0,1,3,X,0.0,0.0,0.0,0.0,0.0,0.0,0.0,0.0,13,0.027510180593032695,11,7,4,0,0,0,0,0,0,0,0,1,0
1ct9,B,204,ASN,-3.5,114.1,0.0,2,2,X,0.0,0.0,0.0,0.0,0.0,0.0,0.0,0.0,24,0.032172923066428064,20,25,-5,0,0,0,0,0,0,0,0,1,0
1ct9,B,205,VAL,4.2,140.0,0.0,0,0,X,0.0,0.0,0.0,0.0,0.0,0.0,0.0,0.0,16,0.025178809356335007,17,26,-9,0,0,0,0,0,0,0,0,1,0
1ct9,B,206,THR,-0.7,116.1,0.0,1,1,X,0.0,0.0,0.0,0.0,0.0,0.0,0.0,0.0,24,0.034970568550465285,20,30,-10,0,0,0,0,0,0,0,0,1,0
1ct9,B,207,ASP,-3.5,111.1,-1.0,1,3,X,0.0,0.0,0.0,0.0,0.0,0.0,0.0,0.0,18,0.028909003335051305,21,11,10,0,0,0,0,0,0,0,0,1,0
1ct9,B,208,LYS,-3.9,168.6,1.0,2,0,X,0.0,0.0,0.0,0.0,0.0,0.0,0.0,0.0,20,0.03730193978716297,14,32,-18,0,0,0,0,0,0,0,0,1,0
1ct9,B,209,ASN,-3.5,114.1,0.0,2,2,X,0.0,0.0,0.0,0.0,0.0,0.0,0.0,0.0,15,0.02984155182973038,20,24,-4,0,0,0,0,0,0,0,0,1,0
1ct9,B,210,GLU,-3.5,138.4,-1.0,1,3,X,0.0,0.0,0.0,0.0,0.0,0.0,0.0,0.0,22,0.03357174580844668,27,16,11,0,0,0,0,0,0,0,0,1,0
1ct9,B,211,LEU,3.8,166.7,0.0,0,0,X,0.0,0.0,0.0,0.0,0.0,0.0,0.0,0.0,34,0.048026247475972325,29,35,-6,0,0,0,0,0,0,0,0,1,0
1ct9,B,212,ARG,-4.5,173.4,1.0,5,0,X,0.0,0.0,0.0,0.0,0.0,0.0,0.0,0.0,27,0.04662742473395372,13,38,-25,0,0,0,0,0,0,0,0,1,0
1ct9,B,213,GLN,-3.5,143.8,0.0,2,2,X,0.0,0.0,0.0,0.0,0.0,0.0,0.0,0.0,21,0.040099585271200194,24,31,-7,0,0,0,0,0,0,0,0,1,0
1ct9,B,214,ALA,1.8,88.6,0.0,0,0,X,0.0,0.0,0.0,0.0,0.0,0.0,0.0,0.0,35,0.04476232774459557,30,41,-11,0,0,0,0,0,0,0,0,1,0
1ct9,B,215,LEU,3.8,166.7,0.0,0,0,X,0.0,0.0,0.0,0.0,0.0,0.0,0.0,0.0,42,0.05222271570202816,28,29,-1,0,0,0,0,0,0,0,0,1,0
1ct9,B,216,GLU,-3.5,138.4,-1.0,1,3,X,0.0,0.0,0.0,0.0,0.0,0.0,0.0,0.0,26,0.048026247475972325,30,12,18,0,0,0,0,0,0,0,0,1,0
1ct9,B,217,ASP,-3.5,111.1,-1.0,1,3,X,0.0,0.0,0.0,0.0,0.0,0.0,0.0,0.0,25,0.03823448828184205,34,16,18,0,0,0,0,0,0,0,0,1,0
1ct9,B,218,SER,-0.8,89.0,0.0,1,1,X,0.0,0.0,0.0,0.0,0.0,0.0,0.0,0.0,32,0.05129016720734909,42,24,18,0,0,0,0,0,0,0,0,1,0
1ct9,B,219,VAL,4.2,140.0,0.0,0,0,X,0.0,0.0,0.0,0.0,0.0,0.0,0.0,0.0,38,0.05222271570202816,39,23,16,0,0,0,0,0,0,0,0,1,0
1ct9,B,220,LYS,-3.9,168.6,1.0,2,0,X,0.0,0.0,0.0,0.0,0.0,0.0,0.0,0.0,25,0.040565859518539735,21,20,1,0,0,0,0,0,0,0,0,1,0
1ct9,B,221,SER,-0.8,89.0,0.0,1,1,X,0.0,0.0,0.0,0.0,0.0,0.0,0.0,0.0,31,0.03870076252918159,33,26,7,0,0,0,0,0,0,0,0,1,0
1ct9,B,222,HIS,-3.2,153.2,0.1,2,1,X,0.0,0.0,0.0,0.0,0.0,0.0,0.0,0.0,37,0.048492521723311866,19,30,-11,0,0,0,0,0,0,0,0,1,0
1ct9,B,223,LEU,3.8,166.7,0.0,0,0,X,0.0,0.0,0.0,0.0,0.0,0.0,0.0,0.0,33,0.03870076252918159,35,9,26,0,0,0,0,0,0,0,0,1,0
1ct9,B,224,MET,1.9,162.9,0.0,0,0,X,0.0,0.0,0.0,0.0,0.0,0.0,0.0,0.0,31,0.03730193978716297,32,32,0,0,0,0,0,0,0,0,0,1,0
1ct9,B,225,SER,-0.8,89.0,0.0,1,1,X,0.0,0.0,0.0,0.0,0.0,0.0,0.0,0.0,26,0.03823448828184205,21,26,-5,0,0,0,0,0,0,0,0,1,0
1ct9,B,226,ASP,-3.5,111.1,-1.0,1,3,X,0.0,0.0,0.0,0.0,0.0,0.0,0.0,0.0,22,0.02844272908771177,13,14,-1,0,0,0,0,0,0,0,0,1,0
1ct9,B,227,VAL,4.2,140.0,0.0,0,0,X,0.0,0.0,0.0,0.0,0.0,0.0,0.0,0.0,26,0.030307826077069916,15,20,-5,0,0,0,0,0,0,0,0,1,0
1ct9,B,228,PRO,-1.6,112.7,0.0,0,0,X,0.0,0.0,0.0,0.0,0.0,0.0,0.0,0.0,30,0.030774100324409453,22,8,14,0,0,0,0,0,0,0,0,1,0
1ct9,B,229,TYR,-1.3,193.6,0.0,1,1,X,0.0,0.0,0.0,0.0,0.0,0.0,0.0,0.0,33,0.04196468226055834,29,6,23,0,0,0,0,0,0,0,0,1,0
1ct9,B,230,GLY,-0.4,60.1,0.0,0,0,X,0.0,0.0,0.0,0.0,0.0,0.0,0.0,0.0,37,0.05035761871267001,31,4,27,0,0,0,0,0,0,0,0,1,0
1ct9,B,231,VAL,4.2,140.0,0.0,0,0,X,0.0,0.0,0.0,0.0,0.0,0.0,0.0,0.0,44,0.05035761871267001,35,3,32,0,0,0,0,0,0,0,0,1,0
1ct9,B,232,LEU,3.8,166.7,0.0,0,0,X,0.0,0.0,0.0,0.0,0.0,0.0,0.0,0.0,44,0.04616115048661418,15,11,4,0,0,0,0,0,0,0,0,1,1
1ct9,B,233,LEU,3.8,166.7,0.0,0,0,X,0.0,0.0,0.0,0.0,0.0,0.0,0.0,0.0,44,0.04709369898129325,22,21,1,0,0,0,0,0,0,0,0,1,1
1ct9,B,234,SER,-0.8,89.0,0.0,1,1,X,0.0,0.0,0.0,0.0,0.0,0.0,0.0,0.0,38,0.03916703677652112,10,18,-8,0,0,0,0,0,0,0,0,1,1
1ct9,B,235,GLY,-0.4,60.1,0.0,0,0,X,0.0,0.0,0.0,0.0,0.0,0.0,0.0,0.0,36,0.043363505002576956,15,25,-10,0,0,0,0,0,0,0,0,1,0
1ct9,B,236,GLY,-0.4,60.1,0.0,0,0,X,0.0,0.0,0.0,0.0,0.0,0.0,0.0,0.0,38,0.03357174580844668,16,20,-4,0,0,0,0,0,0,0,0,1,0
1ct9,B,237,LEU,3.8,166.7,0.0,0,0,X,0.0,0.0,0.0,0.0,0.0,0.0,0.0,0.0,39,0.04289723075523742,29,26,3,0,0,0,0,0,0,0,0,1,0
1ct9,B,238,ASP,-3.5,111.1,-1.0,1,3,X,0.0,0.0,0.0,0.0,0.0,0.0,0.0,0.0,33,0.04476232774459557,18,19,-1,0,0,0,0,0,0,0,0,1,1
1ct9,B,239,SER,-0.8,89.0,0.0,1,1,X,0.0,0.0,0.0,0.0,0.0,0.0,0.0,0.0,40,0.048026247475972325,4,16,-12,0,0,0,0,0,0,0,0,1,1
1ct9,B,240,SER,-0.8,89.0,0.0,1,1,X,0.0,0.0,0.0,0.0,0.0,0.0,0.0,0.0,42,0.04942507021799094,12,12,0,0,0,0,0,0,0,0,0,1,0
1ct9,B,241,ILE,4.5,166.7,0.0,0,0,X,0.0,0.0,0.0,0.0,0.0,0.0,0.0,0.0,43,0.05129016720734909,13,19,-6,0,0,0,0,0,0,0,0,1,0
1ct9,B,242,ILE,4.5,166.7,0.0,0,0,X,0.0,0.0,0.0,0.0,0.0,0.0,0.0,0.0,43,0.05129016720734909,17,18,-1,0,0,0,0,0,0,0,0,1,0
1ct9,B,243,SER,-0.8,89.0,0.0,1,1,X,0.0,0.0,0.0,0.0,0.0,0.0,0.0,0.0,45,0.05035761871267001,22,5,17,0,0,0,0,0,0,0,0,1,0
1ct9,B,244,ALA,1.8,88.6,0.0,0,0,X,0.0,0.0,0.0,0.0,0.0,0.0,0.0,0.0,34,0.048026247475972325,27,8,19,0,0,0,0,0,0,0,0,1,0
1ct9,B,245,ILE,4.5,166.7,0.0,0,0,X,0.0,0.0,0.0,0.0,0.0,0.0,0.0,0.0,36,0.05175644145468863,32,16,16,0,0,0,0,0,0,0,0,1,0
1ct9,B,246,THR,-0.7,116.1,0.0,1,1,X,0.0,0.0,0.0,0.0,0.0,0.0,0.0,0.0,35,0.04662742473395372,34,7,27,0,0,0,0,0,0,0,0,1,0
1ct9,B,247,LYS,-3.9,168.6,1.0,2,0,X,0.0,0.0,0.0,0.0,0.0,0.0,0.0,0.0,28,0.040099585271200194,16,0,16,0,0,0,0,0,0,0,0,1,0
1ct9,B,248,LYS,-3.9,168.6,1.0,2,0,X,0.0,0.0,0.0,0.0,0.0,0.0,0.0,0.0,19,0.030307826077069916,16,10,6,0,0,0,0,0,0,0,0,1,0
1ct9,B,249,TYR,-1.3,193.6,0.0,1,1,X,0.0,0.0,0.0,0.0,0.0,0.0,0.0,0.0,23,0.032639197313767604,26,17,9,0,0,0,0,0,0,0,0,1,0
1ct9,B,250,ALA,1.8,88.6,0.0,0,0,X,0.0,0.0,0.0,0.0,0.0,0.0,0.0,0.0,18,0.027043906345693154,24,0,24,0,0,0,0,0,0,0,0,1,0
1ct9,B,264,TRP,-0.9,227.8,0.0,1,0,X,0.0,0.0,0.0,0.0,0.0,0.0,0.0,0.0,6,0.014454501667525653,4,0,4,0,0,0,0,0,0,0,0,1,0
1ct9,B,265,PRO,-1.6,112.7,0.0,0,0,X,0.0,0.0,0.0,0.0,0.0,0.0,0.0,0.0,14,0.019117244140921023,14,0,14,0,0,0,0,0,0,0,0,1,0
1ct9,B,266,GLN,-3.5,143.8,0.0,2,2,X,0.0,0.0,0.0,0.0,0.0,0.0,0.0,0.0,16,0.02844272908771177,17,0,17,0,0,0,0,0,0,0,0,1,0
1ct9,B,267,LEU,3.8,166.7,0.0,0,0,X,0.0,0.0,0.0,0.0,0.0,0.0,0.0,0.0,33,0.04243095650789788,34,0,34,0,0,0,0,0,0,0,0,1,0
1ct9,B,268,HIS,-3.2,153.2,0.1,2,1,X,0.0,0.0,0.0,0.0,0.0,0.0,0.0,0.0,28,0.043363505002576956,22,1,21,0,0,0,0,0,0,0,0,1,0
1ct9,B,269,SER,-0.8,89.0,0.0,1,1,X,0.0,0.0,0.0,0.0,0.0,0.0,0.0,0.0,37,0.05222271570202816,32,7,25,0,0,0,0,0,0,0,0,1,0
1ct9,B,270,PHE,2.8,189.9,0.0,0,0,X,0.0,0.0,0.0,0.0,0.0,0.0,0.0,0.0,36,0.05129016720734909,41,7,34,0,0,0,0,0,0,0,0,1,1
1ct9,B,271,ALA,1.8,88.6,0.0,0,0,X,0.0,0.0,0.0,0.0,0.0,0.0,0.0,0.0,40,0.04942507021799094,40,17,23,0,0,0,0,0,0,0,0,1,1
1ct9,B,272,VAL,4.2,140.0,0.0,0,0,X,0.0,0.0,0.0,0.0,0.0,0.0,0.0,0.0,40,0.04616115048661418,28,17,11,0,0,0,0,0,0,0,0,1,1
1ct9,B,273,GLY,-0.4,60.1,0.0,0,0,X,0.0,0.0,0.0,0.0,0.0,0.0,0.0,0.0,36,0.05035761871267001,17,20,-3,0,0,0,0,0,0,0,0,1,0
1ct9,B,274,LEU,3.8,166.7,0.0,0,0,X,0.0,0.0,0.0,0.0,0.0,0.0,0.0,0.0,28,0.04149840801321881,10,17,-7,0,0,0,0,0,0,0,0,1,0
1ct9,B,275,PRO,-1.6,112.7,0.0,0,0,X,0.0,0.0,0.0,0.0,0.0,0.0,0.0,0.0,20,0.027043906345693154,11,9,2,0,0,0,0,0,0,0,0,1,0
1ct9,B,276,GLY,-0.4,60.1,0.0,0,0,X,0.0,0.0,0.0,0.0,0.0,0.0,0.0,0.0,20,0.027510180593032695,18,16,2,0,0,0,0,0,0,0,0,1,0
1ct9,B,277,SER,-0.8,89.0,0.0,1,1,X,0.0,0.0,0.0,0.0,0.0,0.0,0.0,0.0,24,0.03776821403450251,17,21,-4,0,0,0,0,0,0,0,0,1,0
1ct9,B,278,PRO,-1.6,112.7,0.0,0,0,X,0.0,0.0,0.0,0.0,0.0,0.0,0.0,0.0,22,0.02844272908771177,9,20,-11,0,0,0,0,0,0,0,0,1,0
1ct9,B,279,ASP,-3.5,111.1,-1.0,1,3,X,0.0,0.0,0.0,0.0,0.0,0.0,0.0,0.0,30,0.03683566553982344,10,13,-3,0,0,0,0,0,0,0,0,1,0
1ct9,B,280,LEU,3.8,166.7,0.0,0,0,X,0.0,0.0,0.0,0.0,0.0,0.0,0.0,0.0,32,0.048026247475972325,28,24,4,0,0,0,0,0,0,0,0,1,0
1ct9,B,281,LYS,-3.9,168.6,1.0,2,0,X,0.0,0.0,0.0,0.0,0.0,0.0,0.0,0.0,22,0.03450429430312575,2,21,-19,0,0,0,0,0,0,0,0,1,0
1ct9,B,282,ALA,1.8,88.6,0.0,0,0,X,0.0,0.0,0.0,0.0,0.0,0.0,0.0,0.0,28,0.03590311704514436,18,20,-2,0,0,0,0,0,0,0,0,1,0
1ct9,B,283,ALA,1.8,88.6,0.0,0,0,X,0.0,0.0,0.0,0.0,0.0,0.0,0.0,0.0,36,0.048958795970651406,28,25,3,0,0,0,0,0,0,0,0,1,0
1ct9,B,284,GLN,-3.5,143.8,0.0,2,2,X,0.0,0.0,0.0,0.0,0.0,0.0,0.0,0.0,26,0.04149840801321881,29,21,8,0,0,0,0,0,0,0,0,1,0
1ct9,B,285,GLU,-3.5,138.4,-1.0,1,3,X,0.0,0.0,0.0,0.0,0.0,0.0,0.0,0.0,26,0.034970568550465285,24,4,20,0,0,0,0,0,0,0,0,1,0
1ct9,B,286,VAL,4.2,140.0,0.0,0,0,X,0.0,0.0,0.0,0.0,0.0,0.0,0.0,0.0,36,0.05129016720734909,25,10,15,0,0,0,0,0,0,0,0,1,0
1ct9,B,287,ALA,1.8,88.6,0.0,0,0,X,0.0,0.0,0.0,0.0,0.0,0.0,0.0,0.0,34,0.045228601991935104,36,10,26,0,0,0,0,0,0,0,0,1,0
1ct9,B,288,ASN,-3.5,114.1,0.0,2,2,X,0.0,0.0,0.0,0.0,0.0,0.0,0.0,0.0,17,0.03170664881908853,23,9,14,0,0,0,0,0,0,0,0,1,0
1ct9,B,289,HIS,-3.2,153.2,0.1,2,1,X,0.0,0.0,0.0,0.0,0.0,0.0,0.0,0.0,25,0.030307826077069916,4,10,-6,0,0,0,0,0,0,0,0,1,0
1ct9,B,290,LEU,3.8,166.7,0.0,0,0,X,0.0,0.0,0.0,0.0,0.0,0.0,0.0,0.0,33,0.03590311704514436,32,5,27,0,0,0,0,0,0,0,0,1,0
1ct9,B,291,GLY,-0.4,60.1,0.0,0,0,X,0.0,0.0,0.0,0.0,0.0,0.0,0.0,0.0,22,0.025645083603674543,33,3,30,0,0,0,0,0,0,0,0,1,0
1ct9,B,292,THR,-0.7,116.1,0.0,1,1,X,0.0,0.0,0.0,0.0,0.0,0.0,0.0,0.0,24,0.04103213376587927,46,3,43,0,0,0,0,0,0,0,0,1,0
1ct9,B,293,VAL,4.2,140.0,0.0,0,0,X,0.0,0.0,0.0,0.0,0.0,0.0,0.0,0.0,23,0.032639197313767604,33,1,32,0,0,0,0,0,0,0,0,1,0
1ct9,B,294,HIS,-3.2,153.2,0.1,2,1,X,0.0,0.0,0.0,0.0,0.0,0.0,0.0,0.0,31,0.043829779249916496,25,13,12,0,0,0,0,0,0,0,0,1,0
1ct9,B,295,HIS,-3.2,153.2,0.1,2,1,X,0.0,0.0,0.0,0.0,0.0,0.0,0.0,0.0,25,0.03823448828184205,29,9,20,0,0,0,0,0,0,0,0,1,0
1ct9,B,296,GLU,-3.5,138.4,-1.0,1,3,X,0.0,0.0,0.0,0.0,0.0,0.0,0.0,0.0,28,0.04196468226055834,41,4,37,0,0,0,0,0,0,0,0,1,0
1ct9,B,297,ILE,4.5,166.7,0.0,0,0,X,0.0,0.0,0.0,0.0,0.0,0.0,0.0,0.0,33,0.040565859518539735,42,10,32,0,0,0,0,0,0,0,0,1,0
1ct9,B,298,HIS,-3.2,153.2,0.1,2,1,X,0.0,0.0,0.0,0.0,0.0,0.0,0.0,0.0,23,0.04103213376587927,10,14,-4,0,0,0,0,0,0,0,0,1,0
1ct9,B,299,PHE,2.8,189.9,0.0,0,0,X,0.0,0.0,0.0,0.0,0.0,0.0,0.0,0.0,33,0.043829779249916496,15,12,3,0,0,0,0,0,0,0,0,1,0
1ct9,B,300,THR,-0.7,116.1,0.0,1,1,X,0.0,0.0,0.0,0.0,0.0,0.0,0.0,0.0,26,0.032172923066428064,10,16,-6,0,0,0,0,0,0,0,0,1,0
1ct9,B,301,VAL,4.2,140.0,0.0,0,0,X,0.0,0.0,0.0,0.0,0.0,0.0,0.0,0.0,27,0.03823448828184205,3,21,-18,0,0,0,0,0,0,0,0,1,0
1ct9,B,302,GLN,-3.5,143.8,0.0,2,2,X,0.0,0.0,0.0,0.0,0.0,0.0,0.0,0.0,21,0.030774100324409453,7,17,-10,0,0,0,0,0,0,0,0,1,0
1ct9,B,303,GLU,-3.5,138.4,-1.0,1,3,X,0.0,0.0,0.0,0.0,0.0,0.0,0.0,0.0,30,0.040099585271200194,14,8,6,0,0,0,0,0,0,0,0,1,0
1ct9,B,304,GLY,-0.4,60.1,0.0,0,0,X,0.0,0.0,0.0,0.0,0.0,0.0,0.0,0.0,34,0.048026247475972325,12,21,-9,0,0,0,0,0,0,0,0,1,0
1ct9,B,305,LEU,3.8,166.7,0.0,0,0,X,0.0,0.0,0.0,0.0,0.0,0.0,0.0,0.0,32,0.04103213376587927,9,18,-9,0,0,0,0,0,0,0,0,1,0
1ct9,B,306,ASP,-3.5,111.1,-1.0,1,3,X,0.0,0.0,0.0,0.0,0.0,0.0,0.0,0.0,30,0.03403802005578621,25,16,9,0,0,0,0,0,0,0,0,1,0
1ct9,B,307,ALA,1.8,88.6,0.0,0,0,X,0.0,0.0,0.0,0.0,0.0,0.0,0.0,0.0,35,0.04149840801321881,25,24,1,0,0,0,0,0,0,0,0,1,0
1ct9,B,308,ILE,4.5,166.7,0.0,0,0,X,0.0,0.0,0.0,0.0,0.0,0.0,0.0,0.0,38,0.04196468226055834,18,25,-7,0,0,0,0,0,0,0,0,1,0
1ct9,B,309,ARG,-4.5,173.4,1.0,5,0,X,0.0,0.0,0.0,0.0,0.0,0.0,0.0,0.0,27,0.03730193978716297,25,38,-13,0,0,0,0,0,0,0,0,1,0
1ct9,B,310,ASP,-3.5,111.1,-1.0,1,3,X,0.0,0.0,0.0,0.0,0.0,0.0,0.0,0.0,33,0.04149840801321881,52,13,39,0,0,0,0,0,0,0,0,1,0
1ct9,B,311,VAL,4.2,140.0,0.0,0,0,X,0.0,0.0,0.0,0.0,0.0,0.0,0.0,0.0,42,0.05175644145468863,38,21,17,0,0,0,0,0,0,0,0,1,0
1ct9,B,312,ILE,4.5,166.7,0.0,0,0,X,0.0,0.0,0.0,0.0,0.0,0.0,0.0,0.0,34,0.05455408693872585,30,33,-3,0,0,0,0,0,0,0,0,1,0
1ct9,B,313,TYR,-1.3,193.6,0.0,1,1,X,0.0,0.0,0.0,0.0,0.0,0.0,0.0,0.0,28,0.05129016720734909,47,27,20,0,0,0,0,0,0,0,0,1,0
1ct9,B,314,HIS,-3.2,153.2,0.1,2,1,X,0.0,0.0,0.0,0.0,0.0,0.0,0.0,0.0,34,0.05175644145468863,52,25,27,0,0,0,0,0,0,0,0,1,0
1ct9,B,315,ILE,4.5,166.7,0.0,0,0,X,0.0,0.0,0.0,0.0,0.0,0.0,0.0,0.0,47,0.05035761871267001,40,29,11,0,0,0,0,0,0,0,0,1,0
1ct9,B,316,GLU,-3.5,138.4,-1.0,1,3,X,0.0,0.0,0.0,0.0,0.0,0.0,0.0,0.0,42,0.05035761871267001,34,15,19,0,0,0,0,0,0,0,0,1,0
1ct9,B,317,THR,-0.7,116.1,0.0,1,1,X,0.0,0.0,0.0,0.0,0.0,0.0,0.0,0.0,39,0.05035761871267001,26,21,5,0,0,0,0,0,0,0,0,1,0
1ct9,B,318,TYR,-1.3,193.6,0.0,1,1,X,0.0,0.0,0.0,0.0,0.0,0.0,0.0,0.0,35,0.05222271570202816,11,34,-23,0,0,0,0,0,0,0,0,1,0
1ct9,B,319,ASP,-3.5,111.1,-1.0,1,3,X,0.0,0.0,0.0,0.0,0.0,0.0,0.0,0.0,27,0.03776821403450251,19,12,7,0,0,0,0,0,0,0,0,1,0
1ct9,B,320,VAL,4.2,140.0,0.0,0,0,X,0.0,0.0,0.0,0.0,0.0,0.0,0.0,0.0,29,0.03870076252918159,25,17,8,0,0,0,0,0,0,0,0,1,0
1ct9,B,321,THR,-0.7,116.1,0.0,1,1,X,0.0,0.0,0.0,0.0,0.0,0.0,0.0,0.0,23,0.030774100324409453,19,17,2,0,0,0,0,0,0,0,0,1,0
1ct9,B,322,THR,-0.7,116.1,0.0,1,1,X,0.0,0.0,0.0,0.0,0.0,0.0,0.0,0.0,31,0.04196468226055834,21,22,-1,0,0,0,0,0,0,0,0,1,0
1ct9,B,323,ILE,4.5,166.7,0.0,0,0,X,0.0,0.0,0.0,0.0,0.0,0.0,0.0,0.0,37,0.05408781269138631,29,24,5,0,0,0,0,0,0,0,0,1,0
1ct9,B,324,ARG,-4.5,173.4,1.0,5,0,X,0.0,0.0,0.0,0.0,0.0,0.0,0.0,0.0,28,0.048026247475972325,12,22,-10,0,0,0,0,0,0,0,0,1,0
1ct9,B,325,ALA,1.8,88.6,0.0,0,0,X,0.0,0.0,0.0,0.0,0.0,0.0,0.0,0.0,33,0.0363693912924839,21,18,3,0,0,0,0,0,0,0,0,1,0
1ct9,B,326,SER,-0.8,89.0,0.0,1,1,X,0.0,0.0,0.0,0.0,0.0,0.0,0.0,0.0,40,0.04476232774459557,30,13,17,0,0,0,0,0,0,0,0,1,0
1ct9,B,327,THR,-0.7,116.1,0.0,1,1,X,0.0,0.0,0.0,0.0,0.0,0.0,0.0,0.0,39,0.05175644145468863,19,14,5,0,0,0,0,0,0,0,0,1,0
1ct9,B,328,PRO,-1.6,112.7,0.0,0,0,X,0.0,0.0,0.0,0.0,0.0,0.0,0.0,0.0,41,0.04662742473395372,18,4,14,0,0,0,0,0,0,0,0,1,0
1ct9,B,329,MET,1.9,162.9,0.0,0,0,X,0.0,0.0,0.0,0.0,0.0,0.0,0.0,0.0,41,0.04429605349725603,21,5,16,0,0,0,0,0,0,0,0,1,0
1ct9,B,330,TYR,-1.3,193.6,0.0,1,1,X,0.0,0.0,0.0,0.0,0.0,0.0,0.0,0.0,44,0.0526889899493677,42,12,30,0,0,0,0,0,0,0,0,1,0
1ct9,B,331,LEU,3.8,166.7,0.0,0,0,X,0.0,0.0,0.0,0.0,0.0,0.0,0.0,0.0,38,0.053155264196707235,26,18,8,0,0,0,0,0,0,0,0,1,0
1ct9,B,332,MET,1.9,162.9,0.0,0,0,X,0.0,0.0,0.0,0.0,0.0,0.0,0.0,0.0,37,0.050823892960009553,29,4,25,0,0,0,0,0,0,0,0,1,1
1ct9,B,333,SER,-0.8,89.0,0.0,1,1,X,0.0,0.0,0.0,0.0,0.0,0.0,0.0,0.0,39,0.05408781269138631,35,7,28,0,0,0,0,0,0,0,0,1,0
1ct9,B,334,ARG,-4.5,173.4,1.0,5,0,X,0.0,0.0,0.0,0.0,0.0,0.0,0.0,0.0,34,0.056419183928083996,32,21,11,0,0,0,0,0,0,0,0,1,0
1ct9,B,335,LYS,-3.9,168.6,1.0,2,0,X,0.0,0.0,0.0,0.0,0.0,0.0,0.0,0.0,35,0.04709369898129325,35,16,19,0,0,0,0,0,0,0,0,1,0
1ct9,B,336,ILE,4.5,166.7,0.0,0,0,X,0.0,0.0,0.0,0.0,0.0,0.0,0.0,0.0,37,0.04476232774459557,47,8,39,0,0,0,0,0,0,0,0,1,0
1ct9,B,337,LYS,-3.9,168.6,1.0,2,0,X,0.0,0.0,0.0,0.0,0.0,0.0,0.0,0.0,28,0.045228601991935104,29,14,15,0,0,0,0,0,0,0,0,1,0
1ct9,B,338,ALA,1.8,88.6,0.0,0,0,X,0.0,0.0,0.0,0.0,0.0,0.0,0.0,0.0,29,0.040099585271200194,45,8,37,0,0,0,0,0,0,0,0,1,0
1ct9,B,339,MET,1.9,162.9,0.0,0,0,X,0.0,0.0,0.0,0.0,0.0,0.0,0.0,0.0,27,0.02984155182973038,45,6,39,0,0,0,0,0,0,0,0,1,0
1ct9,B,340,GLY,-0.4,60.1,0.0,0,0,X,0.0,0.0,0.0,0.0,0.0,0.0,0.0,0.0,25,0.03170664881908853,42,3,39,0,0,0,0,0,0,0,0,1,0
1ct9,B,341,ILE,4.5,166.7,0.0,0,0,X,0.0,0.0,0.0,0.0,0.0,0.0,0.0,0.0,34,0.04429605349725603,42,5,37,0,0,0,0,0,0,0,0,1,0
1ct9,B,342,LYS,-3.9,168.6,1.0,2,0,X,0.0,0.0,0.0,0.0,0.0,0.0,0.0,0.0,35,0.048958795970651406,20,22,-2,0,0,0,0,0,0,0,0,1,0
1ct9,B,343,MET,1.9,162.9,0.0,0,0,X,0.0,0.0,0.0,0.0,0.0,0.0,0.0,0.0,37,0.05129016720734909,30,17,13,0,0,0,0,0,0,0,0,1,0
1ct9,B,344,VAL,4.2,140.0,0.0,0,0,X,0.0,0.0,0.0,0.0,0.0,0.0,0.0,0.0,43,0.05222271570202816,27,10,17,0,0,0,0,0,0,0,0,1,0
1ct9,B,345,LEU,3.8,166.7,0.0,0,0,X,0.0,0.0,0.0,0.0,0.0,0.0,0.0,0.0,46,0.048026247475972325,27,15,12,0,0,0,0,0,0,0,0,1,0
1ct9,B,346,SER,-0.8,89.0,0.0,1,1,X,0.0,0.0,0.0,0.0,0.0,0.0,0.0,0.0,40,0.04662742473395372,13,20,-7,0,0,0,0,0,0,0,0,1,1
1ct9,B,347,GLY,-0.4,60.1,0.0,0,0,X,0.0,0.0,0.0,0.0,0.0,0.0,0.0,0.0,40,0.04709369898129325,9,33,-24,0,0,0,0,0,0,0,0,1,1
1ct9,B,348,GLU,-3.5,138.4,-1.0,1,3,X,0.0,0.0,0.0,0.0,0.0,0.0,0.0,0.0,33,0.045228601991935104,15,32,-17,0,0,0,0,0,0,0,0,1,1
1ct9,B,349,GLY,-0.4,60.1,0.0,0,0,X,0.0,0.0,0.0,0.0,0.0,0.0,0.0,0.0,37,0.04755997322863279,14,45,-31,0,0,0,0,0,0,0,0,1,0
1ct9,B,350,SER,-0.8,89.0,0.0,1,1,X,0.0,0.0,0.0,0.0,0.0,0.0,0.0,0.0,37,0.048026247475972325,14,39,-25,0,0,0,0,0,0,0,0,1,0
1ct9,B,351,ASP,-3.5,111.1,-1.0,1,3,X,0.0,0.0,0.0,0.0,0.0,0.0,0.0,0.0,29,0.04429605349725603,22,37,-15,0,0,0,0,0,0,0,0,1,1
1ct9,B,352,GLU,-3.5,138.4,-1.0,1,3,X,0.0,0.0,0.0,0.0,0.0,0.0,0.0,0.0,37,0.050823892960009553,24,35,-11,0,0,0,0,0,0,0,0,1,0
1ct9,B,353,VAL,4.2,140.0,0.0,0,0,X,0.0,0.0,0.0,0.0,0.0,0.0,0.0,0.0,42,0.04942507021799094,32,29,3,0,0,0,0,0,0,0,0,1,0
1ct9,B,354,PHE,2.8,189.9,0.0,0,0,X,0.0,0.0,0.0,0.0,0.0,0.0,0.0,0.0,42,0.04755997322863279,29,31,-2,0,0,0,0,0,0,0,0,1,0
1ct9,B,355,GLY,-0.4,60.1,0.0,0,0,X,0.0,0.0,0.0,0.0,0.0,0.0,0.0,0.0,38,0.056419183928083996,45,40,5,0,0,0,0,0,0,0,0,1,0
1ct9,B,356,GLY,-0.4,60.1,0.0,0,0,X,0.0,0.0,0.0,0.0,0.0,0.0,0.0,0.0,30,0.04942507021799094,38,33,5,0,0,0,0,0,0,0,0,1,0
1ct9,B,357,TYR,-1.3,193.6,0.0,1,1,X,0.0,0.0,0.0,0.0,0.0,0.0,0.0,0.0,22,0.03823448828184205,22,38,-16,0,0,0,0,0,0,0,0,1,0
1ct9,B,358,LEU,3.8,166.7,0.0,0,0,X,0.0,0.0,0.0,0.0,0.0,0.0,0.0,0.0,15,0.03124037457174899,23,12,11,0,0,0,0,0,0,0,0,1,0
1ct9,B,359,TYR,-1.3,193.6,0.0,1,1,X,0.0,0.0,0.0,0.0,0.0,0.0,0.0,0.0,20,0.030774100324409453,25,19,6,0,0,0,0,0,0,0,0,1,0
1ct9,B,360,PHE,2.8,189.9,0.0,0,0,X,0.0,0.0,0.0,0.0,0.0,0.0,0.0,0.0,32,0.04429605349725603,41,38,3,0,0,0,0,0,0,0,0,1,0
1ct9,B,361,HIS,-3.2,153.2,0.1,2,1,X,0.0,0.0,0.0,0.0,0.0,0.0,0.0,0.0,18,0.03403802005578621,17,9,8,0,0,0,0,0,0,0,0,1,0
1ct9,B,362,LYS,-3.9,168.6,1.0,2,0,X,0.0,0.0,0.0,0.0,0.0,0.0,0.0,0.0,11,0.02611135785101408,10,0,10,0,0,0,0,0,0,0,0,1,0
1ct9,B,363,ALA,1.8,88.6,0.0,0,0,X,0.0,0.0,0.0,0.0,0.0,0.0,0.0,0.0,20,0.03590311704514436,26,14,12,0,0,0,0,0,0,0,0,1,0
1ct9,B,364,PRO,-1.6,112.7,0.0,0,0,X,0.0,0.0,0.0,0.0,0.0,0.0,0.0,0.0,17,0.021914889624958248,21,11,10,0,0,0,0,0,0,0,0,1,0
1ct9,B,365,ASN,-3.5,114.1,0.0,2,2,X,0.0,0.0,0.0,0.0,0.0,0.0,0.0,0.0,18,0.030307826077069916,20,18,2,0,0,0,0,0,0,0,0,1,0
1ct9,B,366,ALA,1.8,88.6,0.0,0,0,X,0.0,0.0,0.0,0.0,0.0,0.0,0.0,0.0,25,0.04476232774459557,35,29,6,0,0,0,0,0,0,0,0,1,0
1ct9,B,367,LYS,-3.9,168.6,1.0,2,0,X,0.0,0.0,0.0,0.0,0.0,0.0,0.0,0.0,22,0.04196468226055834,22,36,-14,0,0,0,0,0,0,0,0,1,0
1ct9,B,368,GLU,-3.5,138.4,-1.0,1,3,X,0.0,0.0,0.0,0.0,0.0,0.0,0.0,0.0,18,0.04243095650789788,28,18,10,0,0,0,0,0,0,0,0,1,0
1ct9,B,369,LEU,3.8,166.7,0.0,0,0,X,0.0,0.0,0.0,0.0,0.0,0.0,0.0,0.0,35,0.05222271570202816,43,35,8,0,0,0,0,0,0,0,0,1,0
1ct9,B,370,HIS,-3.2,153.2,0.1,2,1,X,0.0,0.0,0.0,0.0,0.0,0.0,0.0,0.0,40,0.05222271570202816,42,44,-2,0,0,0,0,0,0,0,0,1,0
1ct9,B,371,GLU,-3.5,138.4,-1.0,1,3,X,0.0,0.0,0.0,0.0,0.0,0.0,0.0,0.0,24,0.045228601991935104,33,29,4,0,0,0,0,0,0,0,0,1,0
1ct9,B,372,GLU,-3.5,138.4,-1.0,1,3,X,0.0,0.0,0.0,0.0,0.0,0.0,0.0,0.0,26,0.04103213376587927,32,27,5,0,0,0,0,0,0,0,0,1,0
1ct9,B,373,THR,-0.7,116.1,0.0,1,1,X,0.0,0.0,0.0,0.0,0.0,0.0,0.0,0.0,34,0.053621538444046775,41,35,6,0,0,0,0,0,0,0,0,1,0
1ct9,B,374,VAL,4.2,140.0,0.0,0,0,X,0.0,0.0,0.0,0.0,0.0,0.0,0.0,0.0,30,0.048026247475972325,40,34,6,0,0,0,0,0,0,0,0,1,0
1ct9,B,375,ARG,-4.5,173.4,1.0,5,0,X,0.0,0.0,0.0,0.0,0.0,0.0,0.0,0.0,19,0.03450429430312575,19,29,-10,0,0,0,0,0,0,0,0,1,0
1ct9,B,376,LYS,-3.9,168.6,1.0,2,0,X,0.0,0.0,0.0,0.0,0.0,0.0,0.0,0.0,30,0.045228601991935104,17,34,-17,0,0,0,0,0,0,0,0,1,0
1ct9,B,377,LEU,3.8,166.7,0.0,0,0,X,0.0,0.0,0.0,0.0,0.0,0.0,0.0,0.0,40,0.04429605349725603,34,31,3,0,0,0,0,0,0,0,0,1,0
1ct9,B,378,LEU,3.8,166.7,0.0,0,0,X,0.0,0.0,0.0,0.0,0.0,0.0,0.0,0.0,30,0.03730193978716297,33,9,24,0,0,0,0,0,0,0,0,1,0
1ct9,B,379,ALA,1.8,88.6,0.0,0,0,X,0.0,0.0,0.0,0.0,0.0,0.0,0.0,0.0,25,0.03823448828184205,32,20,12,0,0,0,0,0,0,0,0,1,0
1ct9,B,380,LEU,3.8,166.7,0.0,0,0,X,0.0,0.0,0.0,0.0,0.0,0.0,0.0,0.0,35,0.04942507021799094,36,30,6,0,0,0,0,0,0,0,0,1,0
1ct9,B,381,HIS,-3.2,153.2,0.1,2,1,X,0.0,0.0,0.0,0.0,0.0,0.0,0.0,0.0,30,0.04616115048661418,16,21,-5,0,0,0,0,0,0,0,0,1,0
1ct9,B,382,MET,1.9,162.9,0.0,0,0,X,0.0,0.0,0.0,0.0,0.0,0.0,0.0,0.0,33,0.03963331102386066,24,23,1,0,0,0,0,0,0,0,0,1,0
1ct9,B,383,TYR,-1.3,193.6,0.0,1,1,X,0.0,0.0,0.0,0.0,0.0,0.0,0.0,0.0,27,0.04103213376587927,30,23,7,0,0,0,0,0,0,0,0,1,0
1ct9,B,384,ASP,-3.5,111.1,-1.0,1,3,X,0.0,0.0,0.0,0.0,0.0,0.0,0.0,0.0,33,0.03916703677652112,27,23,4,0,0,0,0,0,0,0,0,1,1
1ct9,B,385,CYS,2.5,108.5,0.0,1,0,X,0.0,0.0,0.0,0.0,0.0,0.0,0.0,0.0,39,0.048958795970651406,35,27,8,0,0,0,0,0,0,0,0,1,0
1ct9,B,386,ALA,1.8,88.6,0.0,0,0,X,0.0,0.0,0.0,0.0,0.0,0.0,0.0,0.0,38,0.04662742473395372,39,29,10,0,0,0,0,0,0,0,0,1,0
1ct9,B,387,ARG,-4.5,173.4,1.0,5,0,X,0.0,0.0,0.0,0.0,0.0,0.0,0.0,0.0,35,0.04755997322863279,17,22,-5,0,0,0,0,0,0,0,0,1,0
1ct9,B,388,ALA,1.8,88.6,0.0,0,0,X,0.0,0.0,0.0,0.0,0.0,0.0,0.0,0.0,44,0.04243095650789788,31,24,7,0,0,0,0,0,0,0,0,1,0
1ct9,B,389,ASN,-3.5,114.1,0.0,2,2,X,0.0,0.0,0.0,0.0,0.0,0.0,0.0,0.0,45,0.04709369898129325,41,24,17,0,0,0,0,0,0,0,0,1,0
1ct9,B,390,LYS,-3.9,168.6,1.0,2,0,X,0.0,0.0,0.0,0.0,0.0,0.0,0.0,0.0,44,0.048492521723311866,41,23,18,0,0,0,0,0,0,0,0,1,0
1ct9,B,391,ALA,1.8,88.6,0.0,0,0,X,0.0,0.0,0.0,0.0,0.0,0.0,0.0,0.0,42,0.05688545817542354,43,15,28,0,0,0,0,0,0,0,0,1,0
1ct9,B,392,MET,1.9,162.9,0.0,0,0,X,0.0,0.0,0.0,0.0,0.0,0.0,0.0,0.0,42,0.048492521723311866,55,10,45,0,0,0,0,0,0,0,0,1,0
1ct9,B,393,SER,-0.8,89.0,0.0,1,1,X,0.0,0.0,0.0,0.0,0.0,0.0,0.0,0.0,40,0.04989134446533048,59,16,43,0,0,0,0,0,0,0,0,1,0
1ct9,B,394,ALA,1.8,88.6,0.0,0,0,X,0.0,0.0,0.0,0.0,0.0,0.0,0.0,0.0,37,0.05035761871267001,74,14,60,0,0,0,0,0,0,0,0,1,0
1ct9,B,395,TRP,-0.9,227.8,0.0,1,0,X,0.0,0.0,0.0,0.0,0.0,0.0,0.0,0.0,34,0.048026247475972325,63,16,47,0,0,0,0,0,0,0,0,1,0
1ct9,B,396,GLY,-0.4,60.1,0.0,0,0,X,0.0,0.0,0.0,0.0,0.0,0.0,0.0,0.0,41,0.048026247475972325,57,17,40,0,0,0,0,0,0,0,0,1,0
1ct9,B,397,VAL,4.2,140.0,0.0,0,0,X,0.0,0.0,0.0,0.0,0.0,0.0,0.0,0.0,40,0.050823892960009553,49,9,40,0,0,0,0,0,0,0,0,1,0
1ct9,B,398,GLU,-3.5,138.4,-1.0,1,3,X,0.0,0.0,0.0,0.0,0.0,0.0,0.0,0.0,40,0.04709369898129325,35,9,26,0,0,0,0,0,0,0,0,1,0
1ct9,B,399,ALA,1.8,88.6,0.0,0,0,X,0.0,0.0,0.0,0.0,0.0,0.0,0.0,0.0,43,0.045228601991935104,32,23,9,0,0,0,0,0,0,0,0,1,0
1ct9,B,400,ARG,-4.5,173.4,1.0,5,0,X,0.0,0.0,0.0,0.0,0.0,0.0,0.0,0.0,42,0.04149840801321881,16,21,-5,0,0,0,0,0,0,0,0,1,0
1ct9,B,401,VAL,4.2,140.0,0.0,0,0,X,0.0,0.0,0.0,0.0,0.0,0.0,0.0,0.0,42,0.04616115048661418,24,29,-5,0,0,0,0,0,0,0,0,1,0
1ct9,B,402,PRO,-1.6,112.7,0.0,0,0,X,0.0,0.0,0.0,0.0,0.0,0.0,0.0,0.0,41,0.05502036118606539,32,24,8,0,0,0,0,0,0,0,0,1,0
1ct9,B,403,PHE,2.8,189.9,0.0,0,0,X,0.0,0.0,0.0,0.0,0.0,0.0,0.0,0.0,40,0.05222271570202816,13,41,-28,0,0,0,0,0,0,0,0,1,0
1ct9,B,404,LEU,3.8,166.7,0.0,0,0,X,0.0,0.0,0.0,0.0,0.0,0.0,0.0,0.0,44,0.045694876239274644,33,35,-2,0,0,0,0,0,0,0,0,1,0
1ct9,B,405,ASP,-3.5,111.1,-1.0,1,3,X,0.0,0.0,0.0,0.0,0.0,0.0,0.0,0.0,37,0.04942507021799094,40,20,20,0,0,0,0,0,0,0,0,1,0
1ct9,B,406,LYS,-3.9,168.6,1.0,2,0,X,0.0,0.0,0.0,0.0,0.0,0.0,0.0,0.0,34,0.048492521723311866,38,34,4,0,0,0,0,0,0,0,0,1,0
1ct9,B,407,LYS,-3.9,168.6,1.0,2,0,X,0.0,0.0,0.0,0.0,0.0,0.0,0.0,0.0,30,0.03683566553982344,27,28,-1,0,0,0,0,0,0,0,0,1,0
1ct9,B,408,PHE,2.8,189.9,0.0,0,0,X,0.0,0.0,0.0,0.0,0.0,0.0,0.0,0.0,42,0.04662742473395372,31,36,-5,0,0,0,0,0,0,0,0,1,0
1ct9,B,409,LEU,3.8,166.7,0.0,0,0,X,0.0,0.0,0.0,0.0,0.0,0.0,0.0,0.0,37,0.04989134446533048,46,20,26,0,0,0,0,0,0,0,0,1,0
1ct9,B,410,ASP,-3.5,111.1,-1.0,1,3,X,0.0,0.0,0.0,0.0,0.0,0.0,0.0,0.0,28,0.043829779249916496,47,21,26,0,0,0,0,0,0,0,0,1,0
1ct9,B,411,VAL,4.2,140.0,0.0,0,0,X,0.0,0.0,0.0,0.0,0.0,0.0,0.0,0.0,33,0.045694876239274644,34,30,4,0,0,0,0,0,0,0,0,1,0
1ct9,B,412,ALA,1.8,88.6,0.0,0,0,X,0.0,0.0,0.0,0.0,0.0,0.0,0.0,0.0,42,0.04476232774459557,31,26,5,0,0,0,0,0,0,0,0,1,0
1ct9,B,413,MET,1.9,162.9,0.0,0,0,X,0.0,0.0,0.0,0.0,0.0,0.0,0.0,0.0,39,0.048492521723311866,40,27,13,0,0,0,0,0,0,0,0,1,0
1ct9,B,414,ARG,-4.5,173.4,1.0,5,0,X,0.0,0.0,0.0,0.0,0.0,0.0,0.0,0.0,29,0.048958795970651406,25,24,1,0,0,0,0,0,0,0,0,1,0
1ct9,B,415,ILE,4.5,166.7,0.0,0,0,X,0.0,0.0,0.0,0.0,0.0,0.0,0.0,0.0,31,0.048026247475972325,37,30,7,0,0,0,0,0,0,0,0,1,0
1ct9,B,416,ASN,-3.5,114.1,0.0,2,2,X,0.0,0.0,0.0,0.0,0.0,0.0,0.0,0.0,25,0.045694876239274644,33,18,15,0,0,0,0,0,0,0,0,1,0
1ct9,B,417,PRO,-1.6,112.7,0.0,0,0,X,0.0,0.0,0.0,0.0,0.0,0.0,0.0,0.0,36,0.05502036118606539,37,24,13,0,0,0,0,0,0,0,0,1,0
1ct9,B,418,GLN,-3.5,143.8,0.0,2,2,X,0.0,0.0,0.0,0.0,0.0,0.0,0.0,0.0,23,0.03450429430312575,24,11,13,0,0,0,0,0,0,0,0,1,0
1ct9,B,419,ASP,-3.5,111.1,-1.0,1,3,X,0.0,0.0,0.0,0.0,0.0,0.0,0.0,0.0,28,0.03357174580844668,32,9,23,0,0,0,0,0,0,0,0,1,0
1ct9,B,420,LYS,-3.9,168.6,1.0,2,0,X,0.0,0.0,0.0,0.0,0.0,0.0,0.0,0.0,39,0.04709369898129325,30,22,8,0,0,0,0,0,0,0,0,1,0
1ct9,B,421,MET,1.9,162.9,0.0,0,0,X,0.0,0.0,0.0,0.0,0.0,0.0,0.0,0.0,31,0.03916703677652112,40,17,23,0,0,0,0,0,0,0,0,1,0
1ct9,B,422,CYS,2.5,108.5,0.0,1,0,X,0.0,0.0,0.0,0.0,0.0,0.0,0.0,0.0,26,0.0363693912924839,45,13,32,0,0,0,0,0,0,0,0,1,0
1ct9,B,426,LYS,-3.9,168.6,1.0,2,0,X,0.0,0.0,0.0,0.0,0.0,0.0,0.0,0.0,17,0.017718421398902413,34,12,22,0,0,0,0,0,0,0,0,1,0
1ct9,B,427,MET,1.9,162.9,0.0,0,0,X,0.0,0.0,0.0,0.0,0.0,0.0,0.0,0.0,23,0.03170664881908853,49,15,34,0,0,0,0,0,0,0,0,1,0
1ct9,B,428,GLU,-3.5,138.4,-1.0,1,3,X,0.0,0.0,0.0,0.0,0.0,0.0,0.0,0.0,30,0.043829779249916496,53,9,44,0,0,0,0,0,0,0,0,1,0
1ct9,B,429,LYS,-3.9,168.6,1.0,2,0,X,0.0,0.0,0.0,0.0,0.0,0.0,0.0,0.0,38,0.04989134446533048,40,35,5,0,0,0,0,0,0,0,0,1,0
1ct9,B,430,HIS,-3.2,153.2,0.1,2,1,X,0.0,0.0,0.0,0.0,0.0,0.0,0.0,0.0,24,0.043829779249916496,34,32,2,0,0,0,0,0,0,0,0,1,0
1ct9,B,431,ILE,4.5,166.7,0.0,0,0,X,0.0,0.0,0.0,0.0,0.0,0.0,0.0,0.0,32,0.043829779249916496,52,28,24,0,0,0,0,0,0,0,0,1,0
1ct9,B,432,LEU,3.8,166.7,0.0,0,0,X,0.0,0.0,0.0,0.0,0.0,0.0,0.0,0.0,37,0.045228601991935104,51,33,18,0,0,0,0,0,0,0,0,1,0
1ct9,B,433,ARG,-4.5,173.4,1.0,5,0,X,0.0,0.0,0.0,0.0,0.0,0.0,0.0,0.0,30,0.0526889899493677,27,33,-6,0,0,0,0,0,0,0,0,1,0
1ct9,B,434,GLU,-3.5,138.4,-1.0,1,3,X,0.0,0.0,0.0,0.0,0.0,0.0,0.0,0.0,22,0.04103213376587927,42,14,28,0,0,0,0,0,0,0,0,1,0
1ct9,B,435,CYS,2.5,108.5,0.0,1,0,X,0.0,0.0,0.0,0.0,0.0,0.0,0.0,0.0,28,0.043363505002576956,37,29,8,0,0,0,0,0,0,0,0,1,0
1ct9,B,436,PHE,2.8,189.9,0.0,0,0,X,0.0,0.0,0.0,0.0,0.0,0.0,0.0,0.0,37,0.045228601991935104,29,26,3,0,0,0,0,0,0,0,0,1,0
1ct9,B,437,GLU,-3.5,138.4,-1.0,1,3,X,0.0,0.0,0.0,0.0,0.0,0.0,0.0,0.0,21,0.04196468226055834,23,9,14,0,0,0,0,0,0,0,0,1,0
1ct9,B,438,ALA,1.8,88.6,0.0,0,0,X,0.0,0.0,0.0,0.0,0.0,0.0,0.0,0.0,21,0.02611135785101408,19,16,3,0,0,0,0,0,0,0,0,1,0
1ct9,B,439,TYR,-1.3,193.6,0.0,1,1,X,0.0,0.0,0.0,0.0,0.0,0.0,0.0,0.0,27,0.03403802005578621,36,15,21,0,0,0,0,0,0,0,0,1,0
1ct9,B,440,LEU,3.8,166.7,0.0,0,0,X,0.0,0.0,0.0,0.0,0.0,0.0,0.0,0.0,33,0.043363505002576956,18,18,0,0,0,0,0,0,0,0,0,1,0
1ct9,B,441,PRO,-1.6,112.7,0.0,0,0,X,0.0,0.0,0.0,0.0,0.0,0.0,0.0,0.0,27,0.03310547156110714,13,17,-4,0,0,0,0,0,0,0,0,1,0
1ct9,B,442,ALA,1.8,88.6,0.0,0,0,X,0.0,0.0,0.0,0.0,0.0,0.0,0.0,0.0,17,0.026577632098353617,17,11,6,0,0,0,0,0,0,0,0,1,0
1ct9,B,443,SER,-0.8,89.0,0.0,1,1,X,0.0,0.0,0.0,0.0,0.0,0.0,0.0,0.0,21,0.02331371236697686,13,11,2,0,0,0,0,0,0,0,0,1,0
1ct9,B,444,VAL,4.2,140.0,0.0,0,0,X,0.0,0.0,0.0,0.0,0.0,0.0,0.0,0.0,30,0.03963331102386066,25,18,7,0,0,0,0,0,0,0,0,1,0
1ct9,B,445,ALA,1.8,88.6,0.0,0,0,X,0.0,0.0,0.0,0.0,0.0,0.0,0.0,0.0,29,0.048026247475972325,33,17,16,0,0,0,0,0,0,0,0,1,0
1ct9,B,446,TRP,-0.9,227.8,0.0,1,0,X,0.0,0.0,0.0,0.0,0.0,0.0,0.0,0.0,23,0.032639197313767604,33,26,7,0,0,0,0,0,0,0,0,1,0
1ct9,B,447,ARG,-4.5,173.4,1.0,5,0,X,0.0,0.0,0.0,0.0,0.0,0.0,0.0,0.0,20,0.027043906345693154,20,9,11,0,0,0,0,0,0,0,0,1,0
1ct9,B,448,GLN,-3.5,143.8,0.0,2,2,X,0.0,0.0,0.0,0.0,0.0,0.0,0.0,0.0,17,0.014454501667525653,19,9,10,0,0,0,0,0,0,0,0,1,0
1ct9,B,454,ASP,-3.5,111.1,-1.0,1,3,X,0.0,0.0,0.0,0.0,0.0,0.0,0.0,0.0,12,0.023779986614316396,0,11,-11,0,0,0,0,0,0,0,0,1,0
1ct9,B,455,GLY,-0.4,60.1,0.0,0,0,X,0.0,0.0,0.0,0.0,0.0,0.0,0.0,0.0,23,0.024246260861655933,3,16,-13,0,0,0,0,0,0,0,0,1,0
1ct9,B,456,VAL,4.2,140.0,0.0,0,0,X,0.0,0.0,0.0,0.0,0.0,0.0,0.0,0.0,28,0.040099585271200194,7,16,-9,0,0,0,0,0,0,0,0,1,0
1ct9,B,457,GLY,-0.4,60.1,0.0,0,0,X,0.0,0.0,0.0,0.0,0.0,0.0,0.0,0.0,23,0.03963331102386066,1,22,-21,0,0,0,0,0,0,0,0,1,0
1ct9,B,458,TYR,-1.3,193.6,0.0,1,1,X,0.0,0.0,0.0,0.0,0.0,0.0,0.0,0.0,15,0.03170664881908853,0,16,-16,0,0,0,0,0,0,0,0,1,0
1ct9,B,459,SER,-0.8,89.0,0.0,1,1,X,0.0,0.0,0.0,0.0,0.0,0.0,0.0,0.0,20,0.032172923066428064,7,22,-15,0,0,0,0,0,0,0,0,1,0
1ct9,B,460,TRP,-0.9,227.8,0.0,1,0,X,0.0,0.0,0.0,0.0,0.0,0.0,0.0,0.0,37,0.04196468226055834,18,23,-5,0,0,0,0,0,0,0,0,1,0
1ct9,B,461,ILE,4.5,166.7,0.0,0,0,X,0.0,0.0,0.0,0.0,0.0,0.0,0.0,0.0,27,0.040099585271200194,20,27,-7,0,0,0,0,0,0,0,0,1,0
1ct9,B,462,ASP,-3.5,111.1,-1.0,1,3,X,0.0,0.0,0.0,0.0,0.0,0.0,0.0,0.0,17,0.03590311704514436,15,17,-2,0,0,0,0,0,0,0,0,1,0
1ct9,B,463,THR,-0.7,116.1,0.0,1,1,X,0.0,0.0,0.0,0.0,0.0,0.0,0.0,0.0,24,0.03870076252918159,12,21,-9,0,0,0,0,0,0,0,0,1,0
1ct9,B,464,LEU,3.8,166.7,0.0,0,0,X,0.0,0.0,0.0,0.0,0.0,0.0,0.0,0.0,30,0.04616115048661418,23,27,-4,0,0,0,0,0,0,0,0,1,0
1ct9,B,465,LYS,-3.9,168.6,1.0,2,0,X,0.0,0.0,0.0,0.0,0.0,0.0,0.0,0.0,21,0.04103213376587927,14,26,-12,0,0,0,0,0,0,0,0,1,0
1ct9,B,466,GLU,-3.5,138.4,-1.0,1,3,X,0.0,0.0,0.0,0.0,0.0,0.0,0.0,0.0,17,0.030307826077069916,9,11,-2,0,0,0,0,0,0,0,0,1,0
1ct9,B,467,VAL,4.2,140.0,0.0,0,0,X,0.0,0.0,0.0,0.0,0.0,0.0,0.0,0.0,21,0.035436842797804825,13,22,-9,0,0,0,0,0,0,0,0,1,0
1ct9,B,468,ALA,1.8,88.6,0.0,0,0,X,0.0,0.0,0.0,0.0,0.0,0.0,0.0,0.0,26,0.04755997322863279,17,23,-6,0,0,0,0,0,0,0,0,1,0
1ct9,B,469,ALA,1.8,88.6,0.0,0,0,X,0.0,0.0,0.0,0.0,0.0,0.0,0.0,0.0,20,0.03357174580844668,16,26,-10,0,0,0,0,0,0,0,0,1,0
1ct9,B,470,GLN,-3.5,143.8,0.0,2,2,X,0.0,0.0,0.0,0.0,0.0,0.0,0.0,0.0,15,0.027510180593032695,13,10,3,0,0,0,0,0,0,0,0,1,0
1ct9,B,471,GLN,-3.5,143.8,0.0,2,2,X,0.0,0.0,0.0,0.0,0.0,0.0,0.0,0.0,21,0.02984155182973038,13,15,-2,0,0,0,0,0,0,0,0,1,0
1ct9,B,472,VAL,4.2,140.0,0.0,0,0,X,0.0,0.0,0.0,0.0,0.0,0.0,0.0,0.0,26,0.04149840801321881,14,25,-11,0,0,0,0,0,0,0,0,1,0
1ct9,B,473,SER,-0.8,89.0,0.0,1,1,X,0.0,0.0,0.0,0.0,0.0,0.0,0.0,0.0,20,0.03450429430312575,10,21,-11,0,0,0,0,0,0,0,0,1,0
1ct9,B,474,ASP,-3.5,111.1,-1.0,1,3,X,0.0,0.0,0.0,0.0,0.0,0.0,0.0,0.0,15,0.027510180593032695,8,9,-1,0,0,0,0,0,0,0,0,1,0
1ct9,B,475,GLN,-3.5,143.8,0.0,2,2,X,0.0,0.0,0.0,0.0,0.0,0.0,0.0,0.0,12,0.02844272908771177,4,17,-13,0,0,0,0,0,0,0,0,1,0
1ct9,B,476,GLN,-3.5,143.8,0.0,2,2,X,0.0,0.0,0.0,0.0,0.0,0.0,0.0,0.0,23,0.03776821403450251,20,23,-3,0,0,0,0,0,0,0,0,1,0
1ct9,B,477,LEU,3.8,166.7,0.0,0,0,X,0.0,0.0,0.0,0.0,0.0,0.0,0.0,0.0,24,0.04709369898129325,22,20,2,0,0,0,0,0,0,0,0,1,0
1ct9,B,478,GLU,-3.5,138.4,-1.0,1,3,X,0.0,0.0,0.0,0.0,0.0,0.0,0.0,0.0,15,0.03124037457174899,12,8,4,0,0,0,0,0,0,0,0,1,0
1ct9,B,479,THR,-0.7,116.1,0.0,1,1,X,0.0,0.0,0.0,0.0,0.0,0.0,0.0,0.0,16,0.035436842797804825,21,14,7,0,0,0,0,0,0,0,0,1,0
1ct9,B,480,ALA,1.8,88.6,0.0,0,0,X,0.0,0.0,0.0,0.0,0.0,0.0,0.0,0.0,23,0.04755997322863279,29,11,18,0,0,0,0,0,0,0,0,1,0
1ct9,B,481,ARG,-4.5,173.4,1.0,5,0,X,0.0,0.0,0.0,0.0,0.0,0.0,0.0,0.0,15,0.03730193978716297,7,8,-1,0,0,0,0,0,0,0,0,1,0
1ct9,B,482,PHE,2.8,189.9,0.0,0,0,X,0.0,0.0,0.0,0.0,0.0,0.0,0.0,0.0,13,0.02797645484037223,19,5,14,0,0,0,0,0,0,0,0,1,0
1ct9,B,483,ARG,-4.5,173.4,1.0,5,0,X,0.0,0.0,0.0,0.0,0.0,0.0,0.0,0.0,21,0.02984155182973038,17,20,-3,0,0,0,0,0,0,0,0,1,0
1ct9,B,484,PHE,2.8,189.9,0.0,0,0,X,0.0,0.0,0.0,0.0,0.0,0.0,0.0,0.0,26,0.04149840801321881,29,19,10,0,0,0,0,0,0,0,0,1,0
1ct9,B,485,PRO,-1.6,112.7,0.0,0,0,X,0.0,0.0,0.0,0.0,0.0,0.0,0.0,0.0,16,0.030307826077069916,22,7,15,0,0,0,0,0,0,0,0,1,0
1ct9,B,486,TYR,-1.3,193.6,0.0,1,1,X,0.0,0.0,0.0,0.0,0.0,0.0,0.0,0.0,21,0.03310547156110714,10,13,-3,0,0,0,0,0,0,0,0,1,0
1ct9,B,487,ASN,-3.5,114.1,0.0,2,2,X,0.0,0.0,0.0,0.0,0.0,0.0,0.0,0.0,22,0.032639197313767604,12,16,-4,0,0,0,0,0,0,0,0,1,0
1ct9,B,488,THR,-0.7,116.1,0.0,1,1,X,0.0,0.0,0.0,0.0,0.0,0.0,0.0,0.0,22,0.03963331102386066,26,7,19,0,0,0,0,0,0,0,0,1,0
1ct9,B,489,PRO,-1.6,112.7,0.0,0,0,X,0.0,0.0,0.0,0.0,0.0,0.0,0.0,0.0,28,0.043829779249916496,31,15,16,0,0,0,0,0,0,0,0,1,0
1ct9,B,490,THR,-0.7,116.1,0.0,1,1,X,0.0,0.0,0.0,0.0,0.0,0.0,0.0,0.0,17,0.023779986614316396,12,9,3,0,0,0,0,0,0,0,0,1,0
1ct9,B,491,SER,-0.8,89.0,0.0,1,1,X,0.0,0.0,0.0,0.0,0.0,0.0,0.0,0.0,25,0.028909003335051305,22,12,10,0,0,0,0,0,0,0,0,1,0
1ct9,B,492,LYS,-3.9,168.6,1.0,2,0,X,0.0,0.0,0.0,0.0,0.0,0.0,0.0,0.0,26,0.04429605349725603,7,24,-17,0,0,0,0,0,0,0,0,1,0
1ct9,B,493,GLU,-3.5,138.4,-1.0,1,3,X,0.0,0.0,0.0,0.0,0.0,0.0,0.0,0.0,35,0.045694876239274644,29,15,14,0,0,0,0,0,0,0,0,1,0
1ct9,B,494,ALA,1.8,88.6,0.0,0,0,X,0.0,0.0,0.0,0.0,0.0,0.0,0.0,0.0,31,0.04616115048661418,25,24,1,0,0,0,0,0,0,0,0,1,0
1ct9,B,495,TYR,-1.3,193.6,0.0,1,1,X,0.0,0.0,0.0,0.0,0.0,0.0,0.0,0.0,32,0.053621538444046775,33,27,6,0,0,0,0,0,0,0,0,1,0
1ct9,B,496,LEU,3.8,166.7,0.0,0,0,X,0.0,0.0,0.0,0.0,0.0,0.0,0.0,0.0,36,0.04709369898129325,28,23,5,0,0,0,0,0,0,0,0,1,0
1ct9,B,497,TYR,-1.3,193.6,0.0,1,1,X,0.0,0.0,0.0,0.0,0.0,0.0,0.0,0.0,35,0.05129016720734909,30,26,4,0,0,0,0,0,0,0,0,1,0
1ct9,B,498,ARG,-4.5,173.4,1.0,5,0,X,0.0,0.0,0.0,0.0,0.0,0.0,0.0,0.0,35,0.053621538444046775,12,31,-19,0,0,0,0,0,0,0,0,1,0
1ct9,B,499,GLU,-3.5,138.4,-1.0,1,3,X,0.0,0.0,0.0,0.0,0.0,0.0,0.0,0.0,23,0.04429605349725603,30,21,9,0,0,0,0,0,0,0,0,1,0
1ct9,B,500,ILE,4.5,166.7,0.0,0,0,X,0.0,0.0,0.0,0.0,0.0,0.0,0.0,0.0,26,0.045228601991935104,25,33,-8,0,0,0,0,0,0,0,0,1,0
1ct9,B,501,PHE,2.8,189.9,0.0,0,0,X,0.0,0.0,0.0,0.0,0.0,0.0,0.0,0.0,37,0.05222271570202816,20,37,-17,0,0,0,0,0,0,0,0,1,0
1ct9,B,502,GLU,-3.5,138.4,-1.0,1,3,X,0.0,0.0,0.0,0.0,0.0,0.0,0.0,0.0,30,0.045228601991935104,21,19,2,0,0,0,0,0,0,0,0,1,0
1ct9,B,503,GLU,-3.5,138.4,-1.0,1,3,X,0.0,0.0,0.0,0.0,0.0,0.0,0.0,0.0,18,0.03357174580844668,21,22,-1,0,0,0,0,0,0,0,0,1,0
1ct9,B,504,LEU,3.8,166.7,0.0,0,0,X,0.0,0.0,0.0,0.0,0.0,0.0,0.0,0.0,28,0.03916703677652112,28,36,-8,0,0,0,0,0,0,0,0,1,0
1ct9,B,505,PHE,2.8,189.9,0.0,0,0,X,0.0,0.0,0.0,0.0,0.0,0.0,0.0,0.0,36,0.04149840801321881,23,33,-10,0,0,0,0,0,0,0,0,1,0
1ct9,B,506,PRO,-1.6,112.7,0.0,0,0,X,0.0,0.0,0.0,0.0,0.0,0.0,0.0,0.0,22,0.029375277582390842,3,18,-15,0,0,0,0,0,0,0,0,1,0
1ct9,B,507,LEU,3.8,166.7,0.0,0,0,X,0.0,0.0,0.0,0.0,0.0,0.0,0.0,0.0,24,0.034970568550465285,11,20,-9,0,0,0,0,0,0,0,0,1,0
1ct9,B,508,PRO,-1.6,112.7,0.0,0,0,X,0.0,0.0,0.0,0.0,0.0,0.0,0.0,0.0,22,0.02797645484037223,10,18,-8,0,0,0,0,0,0,0,0,1,0
1ct9,B,509,SER,-0.8,89.0,0.0,1,1,X,0.0,0.0,0.0,0.0,0.0,0.0,0.0,0.0,27,0.03357174580844668,13,14,-1,0,0,0,0,0,0,0,0,1,0
1ct9,B,510,ALA,1.8,88.6,0.0,0,0,X,0.0,0.0,0.0,0.0,0.0,0.0,0.0,0.0,31,0.048026247475972325,14,30,-16,0,0,0,0,0,0,0,0,1,0
1ct9,B,511,ALA,1.8,88.6,0.0,0,0,X,0.0,0.0,0.0,0.0,0.0,0.0,0.0,0.0,28,0.05129016720734909,12,23,-11,0,0,0,0,0,0,0,0,1,0
1ct9,B,512,GLU,-3.5,138.4,-1.0,1,3,X,0.0,0.0,0.0,0.0,0.0,0.0,0.0,0.0,23,0.03823448828184205,11,3,8,0,0,0,0,0,0,0,0,1,0
1ct9,B,513,CYS,2.5,108.5,0.0,1,0,X,0.0,0.0,0.0,0.0,0.0,0.0,0.0,0.0,31,0.04196468226055834,13,25,-12,0,0,0,0,0,0,0,0,1,0
1ct9,B,514,VAL,4.2,140.0,0.0,0,0,X,0.0,0.0,0.0,0.0,0.0,0.0,0.0,0.0,29,0.040099585271200194,6,30,-24,0,0,0,0,0,0,0,0,1,0
1ct9,B,515,PRO,-1.6,112.7,0.0,0,0,X,0.0,0.0,0.0,0.0,0.0,0.0,0.0,0.0,21,0.02844272908771177,5,18,-13,0,0,0,0,0,0,0,0,1,0
1ct9,B,516,GLY,-0.4,60.1,0.0,0,0,X,0.0,0.0,0.0,0.0,0.0,0.0,0.0,0.0,13,0.01958351838826056,1,9,-8,0,0,0,0,0,0,0,0,1,0
1ct9,C,1,ALA,1.8,88.6,0.0,0,0,X,0.0,0.0,0.0,0.0,0.0,0.0,0.0,0.0,43,0.04989134446533048,47,34,13,0,0,0,0,0,0,0,0,1,1
1ct9,C,2,SER,-0.8,89.0,0.0,1,1,X,0.0,0.0,0.0,0.0,0.0,0.0,0.0,0.0,44,0.05455408693872585,52,19,33,0,0,0,0,0,0,0,0,1,0
1ct9,C,3,ILE,4.5,166.7,0.0,0,0,X,0.0,0.0,0.0,0.0,0.0,0.0,0.0,0.0,43,0.053621538444046775,21,15,6,0,0,0,0,0,0,0,0,1,0
1ct9,C,4,PHE,2.8,189.9,0.0,0,0,X,0.0,0.0,0.0,0.0,0.0,0.0,0.0,0.0,44,0.050823892960009553,23,15,8,0,0,0,0,0,0,0,0,1,0
1ct9,C,5,GLY,-0.4,60.1,0.0,0,0,X,0.0,0.0,0.0,0.0,0.0,0.0,0.0,0.0,44,0.04755997322863279,3,2,1,0,0,0,0,0,0,0,0,1,0
1ct9,C,6,VAL,4.2,140.0,0.0,0,0,X,0.0,0.0,0.0,0.0,0.0,0.0,0.0,0.0,41,0.04989134446533048,11,16,-5,0,0,0,0,0,0,0,0,1,0
1ct9,C,7,PHE,2.8,189.9,0.0,0,0,X,0.0,0.0,0.0,0.0,0.0,0.0,0.0,0.0,36,0.04755997322863279,3,15,-12,0,0,0,0,0,0,0,0,1,0
1ct9,C,8,ASP,-3.5,111.1,-1.0,1,3,X,0.0,0.0,0.0,0.0,0.0,0.0,0.0,0.0,26,0.0363693912924839,13,12,1,0,0,0,0,0,0,0,0,1,0
1ct9,C,9,ILE,4.5,166.7,0.0,0,0,X,0.0,0.0,0.0,0.0,0.0,0.0,0.0,0.0,27,0.04476232774459557,18,32,-14,0,0,0,0,0,0,0,0,1,0
1ct9,C,10,LYS,-3.9,168.6,1.0,2,0,X,0.0,0.0,0.0,0.0,0.0,0.0,0.0,0.0,19,0.02984155182973038,10,26,-16,0,0,0,0,0,0,0,0,1,0
1ct9,C,11,THR,-0.7,116.1,0.0,1,1,X,0.0,0.0,0.0,0.0,0.0,0.0,0.0,0.0,22,0.027510180593032695,20,32,-12,0,0,0,0,0,0,0,0,1,0
1ct9,C,12,ASP,-3.5,111.1,-1.0,1,3,X,0.0,0.0,0.0,0.0,0.0,0.0,0.0,0.0,16,0.027043906345693154,23,17,6,0,0,0,0,0,0,0,0,1,0
1ct9,C,13,ALA,1.8,88.6,0.0,0,0,X,0.0,0.0,0.0,0.0,0.0,0.0,0.0,0.0,22,0.040099585271200194,24,27,-3,0,0,0,0,0,0,0,0,1,0
1ct9,C,14,VAL,4.2,140.0,0.0,0,0,X,0.0,0.0,0.0,0.0,0.0,0.0,0.0,0.0,18,0.029375277582390842,24,25,-1,0,0,0,0,0,0,0,0,1,0
1ct9,C,15,GLU,-3.5,138.4,-1.0,1,3,X,0.0,0.0,0.0,0.0,0.0,0.0,0.0,0.0,17,0.030307826077069916,26,11,15,0,0,0,0,0,0,0,0,1,0
1ct9,C,16,LEU,3.8,166.7,0.0,0,0,X,0.0,0.0,0.0,0.0,0.0,0.0,0.0,0.0,34,0.04149840801321881,34,30,4,0,0,0,0,0,0,0,0,1,0
1ct9,C,17,ARG,-4.5,173.4,1.0,5,0,X,0.0,0.0,0.0,0.0,0.0,0.0,0.0,0.0,29,0.04196468226055834,14,26,-12,0,0,0,0,0,0,0,0,1,0
1ct9,C,18,LYS,-3.9,168.6,1.0,2,0,X,0.0,0.0,0.0,0.0,0.0,0.0,0.0,0.0,20,0.03590311704514436,29,34,-5,0,0,0,0,0,0,0,0,1,0
1ct9,C,19,LYS,-3.9,168.6,1.0,2,0,X,0.0,0.0,0.0,0.0,0.0,0.0,0.0,0.0,29,0.03683566553982344,22,22,0,0,0,0,0,0,0,0,0,1,0
1ct9,C,20,ALA,1.8,88.6,0.0,0,0,X,0.0,0.0,0.0,0.0,0.0,0.0,0.0,0.0,37,0.04709369898129325,39,22,17,0,0,0,0,0,0,0,0,1,0
1ct9,C,21,LEU,3.8,166.7,0.0,0,0,X,0.0,0.0,0.0,0.0,0.0,0.0,0.0,0.0,34,0.04429605349725603,52,30,22,0,0,0,0,0,0,0,0,1,0
1ct9,C,22,GLU,-3.5,138.4,-1.0,1,3,X,0.0,0.0,0.0,0.0,0.0,0.0,0.0,0.0,26,0.0363693912924839,46,11,35,0,0,0,0,0,0,0,0,1,0
1ct9,C,23,LEU,3.8,166.7,0.0,0,0,X,0.0,0.0,0.0,0.0,0.0,0.0,0.0,0.0,36,0.04196468226055834,36,16,20,0,0,0,0,0,0,0,0,1,0
1ct9,C,24,SER,-0.8,89.0,0.0,1,1,X,0.0,0.0,0.0,0.0,0.0,0.0,0.0,0.0,40,0.05129016720734909,57,23,34,0,0,0,0,0,0,0,0,1,0
1ct9,C,25,ARG,-4.5,173.4,1.0,5,0,X,0.0,0.0,0.0,0.0,0.0,0.0,0.0,0.0,27,0.03916703677652112,44,24,20,0,0,0,0,0,0,0,0,1,0
1ct9,C,26,LEU,3.8,166.7,0.0,0,0,X,0.0,0.0,0.0,0.0,0.0,0.0,0.0,0.0,29,0.04243095650789788,52,26,26,0,0,0,0,0,0,0,0,1,0
1ct9,C,27,MET,1.9,162.9,0.0,0,0,X,0.0,0.0,0.0,0.0,0.0,0.0,0.0,0.0,39,0.0526889899493677,66,26,40,0,0,0,0,0,0,0,0,1,0
1ct9,C,28,ARG,-4.5,173.4,1.0,5,0,X,0.0,0.0,0.0,0.0,0.0,0.0,0.0,0.0,29,0.048026247475972325,48,23,25,0,0,0,0,0,0,0,0,1,0
1ct9,C,29,HIS,-3.2,153.2,0.1,2,1,X,0.0,0.0,0.0,0.0,0.0,0.0,0.0,0.0,36,0.04289723075523742,59,20,39,0,0,0,0,0,0,0,0,1,0
1ct9,C,30,ARG,-4.5,173.4,1.0,5,0,X,0.0,0.0,0.0,0.0,0.0,0.0,0.0,0.0,41,0.053621538444046775,52,29,23,0,0,0,0,0,0,0,0,1,0
1ct9,C,31,GLY,-0.4,60.1,0.0,0,0,X,0.0,0.0,0.0,0.0,0.0,0.0,0.0,0.0,35,0.0526889899493677,68,18,50,0,0,0,0,0,0,0,0,1,0
1ct9,C,32,PRO,-1.6,112.7,0.0,0,0,X,0.0,0.0,0.0,0.0,0.0,0.0,0.0,0.0,28,0.048026247475972325,75,17,58,0,0,0,0,0,0,0,0,1,0
1ct9,C,33,ASP,-3.5,111.1,-1.0,1,3,X,0.0,0.0,0.0,0.0,0.0,0.0,0.0,0.0,31,0.04942507021799094,66,8,58,0,0,0,0,0,0,0,0,1,0
1ct9,C,34,TRP,-0.9,227.8,0.0,1,0,X,0.0,0.0,0.0,0.0,0.0,0.0,0.0,0.0,34,0.04616115048661418,48,26,22,0,0,0,0,0,0,0,0,1,0
1ct9,C,35,SER,-0.8,89.0,0.0,1,1,X,0.0,0.0,0.0,0.0,0.0,0.0,0.0,0.0,33,0.04429605349725603,44,31,13,0,0,0,0,0,0,0,0,1,0
1ct9,C,36,GLY,-0.4,60.1,0.0,0,0,X,0.0,0.0,0.0,0.0,0.0,0.0,0.0,0.0,36,0.04149840801321881,32,27,5,0,0,0,0,0,0,0,0,1,0
1ct9,C,37,ILE,4.5,166.7,0.0,0,0,X,0.0,0.0,0.0,0.0,0.0,0.0,0.0,0.0,32,0.04103213376587927,23,22,1,0,0,0,0,0,0,0,0,1,0
1ct9,C,38,TYR,-1.3,193.6,0.0,1,1,X,0.0,0.0,0.0,0.0,0.0,0.0,0.0,0.0,33,0.03870076252918159,19,7,12,0,0,0,0,0,0,0,0,1,0
1ct9,C,39,ALA,1.8,88.6,0.0,0,0,X,0.0,0.0,0.0,0.0,0.0,0.0,0.0,0.0,27,0.03823448828184205,12,11,1,0,0,0,0,0,0,0,0,1,0
1ct9,C,40,SER,-0.8,89.0,0.0,1,1,X,0.0,0.0,0.0,0.0,0.0,0.0,0.0,0.0,24,0.030774100324409453,8,17,-9,0,0,0,0,0,0,0,0,1,0
1ct9,C,41,ASP,-3.5,111.1,-1.0,1,3,X,0.0,0.0,0.0,0.0,0.0,0.0,0.0,0.0,20,0.027043906345693154,6,15,-9,0,0,0,0,0,0,0,0,1,0
1ct9,C,42,ASN,-3.5,114.1,0.0,2,2,X,0.0,0.0,0.0,0.0,0.0,0.0,0.0,0.0,25,0.03683566553982344,7,29,-22,0,0,0,0,0,0,0,0,1,0
1ct9,C,43,ALA,1.8,88.6,0.0,0,0,X,0.0,0.0,0.0,0.0,0.0,0.0,0.0,0.0,33,0.048958795970651406,6,27,-21,0,0,0,0,0,0,0,0,1,0
1ct9,C,44,ILE,4.5,166.7,0.0,0,0,X,0.0,0.0,0.0,0.0,0.0,0.0,0.0,0.0,40,0.05035761871267001,21,11,10,0,0,0,0,0,0,0,0,1,0
1ct9,C,45,LEU,3.8,166.7,0.0,0,0,X,0.0,0.0,0.0,0.0,0.0,0.0,0.0,0.0,41,0.0526889899493677,14,2,12,0,0,0,0,0,0,0,0,1,0
1ct9,C,46,ALA,1.8,88.6,0.0,0,0,X,0.0,0.0,0.0,0.0,0.0,0.0,0.0,0.0,43,0.04989134446533048,26,12,14,0,0,0,0,0,0,0,0,1,0
1ct9,C,47,HIS,-3.2,153.2,0.1,2,1,X,0.0,0.0,0.0,0.0,0.0,0.0,0.0,0.0,42,0.05222271570202816,27,13,14,0,0,0,0,0,0,0,0,1,0
1ct9,C,48,GLU,-3.5,138.4,-1.0,1,3,X,0.0,0.0,0.0,0.0,0.0,0.0,0.0,0.0,36,0.05735173242276307,61,9,52,0,0,0,0,0,0,0,0,1,0
1ct9,C,49,ARG,-4.5,173.4,1.0,5,0,X,0.0,0.0,0.0,0.0,0.0,0.0,0.0,0.0,38,0.0526889899493677,24,28,-4,0,0,0,0,0,0,0,0,1,1
1ct9,C,50,LEU,3.8,166.7,0.0,0,0,X,0.0,0.0,0.0,0.0,0.0,0.0,0.0,0.0,39,0.045694876239274644,51,28,23,0,0,0,0,0,0,0,0,1,1
1ct9,C,51,SER,-0.8,89.0,0.0,1,1,X,0.0,0.0,0.0,0.0,0.0,0.0,0.0,0.0,38,0.03916703677652112,32,37,-5,0,0,0,0,0,0,0,0,1,0
1ct9,C,52,ILE,4.5,166.7,0.0,0,0,X,0.0,0.0,0.0,0.0,0.0,0.0,0.0,0.0,41,0.048026247475972325,28,42,-14,0,0,0,0,0,0,0,0,1,1
1ct9,C,53,VAL,4.2,140.0,0.0,0,0,X,0.0,0.0,0.0,0.0,0.0,0.0,0.0,0.0,34,0.045694876239274644,20,37,-17,0,0,0,0,0,0,0,0,1,1
1ct9,C,54,ASP,-3.5,111.1,-1.0,1,3,X,0.0,0.0,0.0,0.0,0.0,0.0,0.0,0.0,25,0.03776821403450251,13,20,-7,0,0,0,0,0,0,0,0,1,0
1ct9,C,55,VAL,4.2,140.0,0.0,0,0,X,0.0,0.0,0.0,0.0,0.0,0.0,0.0,0.0,24,0.03357174580844668,18,24,-6,0,0,0,0,0,0,0,0,1,0
1ct9,C,56,ASN,-3.5,114.1,0.0,2,2,X,0.0,0.0,0.0,0.0,0.0,0.0,0.0,0.0,18,0.020516066882939634,13,13,0,0,0,0,0,0,0,0,0,1,0
1ct9,C,57,ALA,1.8,88.6,0.0,0,0,X,0.0,0.0,0.0,0.0,0.0,0.0,0.0,0.0,22,0.02797645484037223,9,15,-6,0,0,0,0,0,0,0,0,1,0
1ct9,C,58,GLY,-0.4,60.1,0.0,0,0,X,0.0,0.0,0.0,0.0,0.0,0.0,0.0,0.0,28,0.04196468226055834,18,25,-7,0,0,0,0,0,0,0,0,1,0
1ct9,C,59,ALA,1.8,88.6,0.0,0,0,X,0.0,0.0,0.0,0.0,0.0,0.0,0.0,0.0,33,0.040099585271200194,23,25,-2,0,0,0,0,0,0,0,0,1,0
1ct9,C,60,GLN,-3.5,143.8,0.0,2,2,X,0.0,0.0,0.0,0.0,0.0,0.0,0.0,0.0,39,0.04616115048661418,21,15,6,0,0,0,0,0,0,0,0,1,0
1ct9,C,61,PRO,-1.6,112.7,0.0,0,0,X,0.0,0.0,0.0,0.0,0.0,0.0,0.0,0.0,35,0.04989134446533048,21,5,16,0,0,0,0,0,0,0,0,1,0
1ct9,C,62,LEU,3.8,166.7,0.0,0,0,X,0.0,0.0,0.0,0.0,0.0,0.0,0.0,0.0,38,0.04476232774459557,24,13,11,0,0,0,0,0,0,0,0,1,0
1ct9,C,63,TYR,-1.3,193.6,0.0,1,1,X,0.0,0.0,0.0,0.0,0.0,0.0,0.0,0.0,26,0.04476232774459557,17,4,13,0,0,0,0,0,0,0,0,1,0
1ct9,C,64,ASN,-3.5,114.1,0.0,2,2,X,0.0,0.0,0.0,0.0,0.0,0.0,0.0,0.0,25,0.048958795970651406,19,18,1,0,0,0,0,0,0,0,0,1,0
1ct9,C,65,GLN,-3.5,143.8,0.0,2,2,X,0.0,0.0,0.0,0.0,0.0,0.0,0.0,0.0,18,0.03590311704514436,21,5,16,0,0,0,0,0,0,0,0,1,0
1ct9,C,66,GLN,-3.5,143.8,0.0,2,2,X,0.0,0.0,0.0,0.0,0.0,0.0,0.0,0.0,16,0.027043906345693154,20,8,12,0,0,0,0,0,0,0,0,1,0
1ct9,C,67,LYS,-3.9,168.6,1.0,2,0,X,0.0,0.0,0.0,0.0,0.0,0.0,0.0,0.0,17,0.032172923066428064,9,3,6,0,0,0,0,0,0,0,0,1,0
1ct9,C,68,THR,-0.7,116.1,0.0,1,1,X,0.0,0.0,0.0,0.0,0.0,0.0,0.0,0.0,22,0.040565859518539735,25,19,6,0,0,0,0,0,0,0,0,1,0
1ct9,C,69,HIS,-3.2,153.2,0.1,2,1,X,0.0,0.0,0.0,0.0,0.0,0.0,0.0,0.0,33,0.05222271570202816,15,21,-6,0,0,0,0,0,0,0,0,1,0
1ct9,C,70,VAL,4.2,140.0,0.0,0,0,X,0.0,0.0,0.0,0.0,0.0,0.0,0.0,0.0,38,0.0526889899493677,19,9,10,0,0,0,0,0,0,0,0,1,0
1ct9,C,71,LEU,3.8,166.7,0.0,0,0,X,0.0,0.0,0.0,0.0,0.0,0.0,0.0,0.0,39,0.05175644145468863,16,11,5,0,0,0,0,0,0,0,0,1,0
1ct9,C,72,ALA,1.8,88.6,0.0,0,0,X,0.0,0.0,0.0,0.0,0.0,0.0,0.0,0.0,44,0.05175644145468863,14,6,8,0,0,0,0,0,0,0,0,1,0
1ct9,C,73,VAL,4.2,140.0,0.0,0,0,X,0.0,0.0,0.0,0.0,0.0,0.0,0.0,0.0,44,0.04989134446533048,17,27,-10,0,0,0,0,0,0,0,0,1,0
1ct9,C,74,ASN,-3.5,114.1,0.0,2,2,X,0.0,0.0,0.0,0.0,0.0,0.0,0.0,0.0,42,0.04429605349725603,29,29,0,0,0,0,0,0,0,0,0,1,1
1ct9,C,75,GLY,-0.4,60.1,0.0,0,0,X,0.0,0.0,0.0,0.0,0.0,0.0,0.0,0.0,43,0.04476232774459557,19,33,-14,0,0,0,0,0,0,0,0,1,1
1ct9,C,76,GLU,-3.5,138.4,-1.0,1,3,X,0.0,0.0,0.0,0.0,0.0,0.0,0.0,0.0,42,0.04616115048661418,29,22,7,0,0,0,0,0,0,0,0,1,1
1ct9,C,77,ILE,4.5,166.7,0.0,0,0,X,0.0,0.0,0.0,0.0,0.0,0.0,0.0,0.0,40,0.05455408693872585,25,29,-4,0,0,0,0,0,0,0,0,1,0
1ct9,C,78,TYR,-1.3,193.6,0.0,1,1,X,0.0,0.0,0.0,0.0,0.0,0.0,0.0,0.0,39,0.048492521723311866,43,30,13,0,0,0,0,0,0,0,0,1,0
1ct9,C,79,ASN,-3.5,114.1,0.0,2,2,X,0.0,0.0,0.0,0.0,0.0,0.0,0.0,0.0,31,0.04243095650789788,29,27,2,0,0,0,0,0,0,0,0,1,0
1ct9,C,80,HIS,-3.2,153.2,0.1,2,1,X,0.0,0.0,0.0,0.0,0.0,0.0,0.0,0.0,28,0.045694876239274644,11,25,-14,0,0,0,0,0,0,0,0,1,0
1ct9,C,81,GLN,-3.5,143.8,0.0,2,2,X,0.0,0.0,0.0,0.0,0.0,0.0,0.0,0.0,19,0.03170664881908853,21,11,10,0,0,0,0,0,0,0,0,1,0
1ct9,C,82,ALA,1.8,88.6,0.0,0,0,X,0.0,0.0,0.0,0.0,0.0,0.0,0.0,0.0,18,0.02844272908771177,21,13,8,0,0,0,0,0,0,0,0,1,0
1ct9,C,83,LEU,3.8,166.7,0.0,0,0,X,0.0,0.0,0.0,0.0,0.0,0.0,0.0,0.0,29,0.04289723075523742,26,29,-3,0,0,0,0,0,0,0,0,1,0
1ct9,C,84,ARG,-4.5,173.4,1.0,5,0,X,0.0,0.0,0.0,0.0,0.0,0.0,0.0,0.0,26,0.04243095650789788,10,23,-13,0,0,0,0,0,0,0,0,1,0
1ct9,C,85,ALA,1.8,88.6,0.0,0,0,X,0.0,0.0,0.0,0.0,0.0,0.0,0.0,0.0,15,0.027043906345693154,27,17,10,0,0,0,0,0,0,0,0,1,0
1ct9,C,86,GLU,-3.5,138.4,-1.0,1,3,X,0.0,0.0,0.0,0.0,0.0,0.0,0.0,0.0,19,0.03124037457174899,23,18,5,0,0,0,0,0,0,0,0,1,0
1ct9,C,87,TYR,-1.3,193.6,0.0,1,1,X,0.0,0.0,0.0,0.0,0.0,0.0,0.0,0.0,26,0.045228601991935104,27,33,-6,0,0,0,0,0,0,0,0,1,0
1ct9,C,88,GLY,-0.4,60.1,0.0,0,0,X,0.0,0.0,0.0,0.0,0.0,0.0,0.0,0.0,19,0.03403802005578621,22,22,0,0,0,0,0,0,0,0,0,1,0
1ct9,C,89,ASP,-3.5,111.1,-1.0,1,3,X,0.0,0.0,0.0,0.0,0.0,0.0,0.0,0.0,15,0.02144861537761871,16,14,2,0,0,0,0,0,0,0,0,1,0
1ct9,C,90,ARG,-4.5,173.4,1.0,5,0,X,0.0,0.0,0.0,0.0,0.0,0.0,0.0,0.0,19,0.028909003335051305,7,26,-19,0,0,0,0,0,0,0,0,1,0
1ct9,C,91,TYR,-1.3,193.6,0.0,1,1,X,0.0,0.0,0.0,0.0,0.0,0.0,0.0,0.0,27,0.04149840801321881,23,26,-3,0,0,0,0,0,0,0,0,1,0
1ct9,C,92,GLN,-3.5,143.8,0.0,2,2,X,0.0,0.0,0.0,0.0,0.0,0.0,0.0,0.0,18,0.03357174580844668,7,10,-3,0,0,0,0,0,0,0,0,1,0
1ct9,C,93,PHE,2.8,189.9,0.0,0,0,X,0.0,0.0,0.0,0.0,0.0,0.0,0.0,0.0,30,0.03916703677652112,23,20,3,0,0,0,0,0,0,0,0,1,0
1ct9,C,94,GLN,-3.5,143.8,0.0,2,2,X,0.0,0.0,0.0,0.0,0.0,0.0,0.0,0.0,20,0.03170664881908853,10,11,-1,0,0,0,0,0,0,0,0,1,0
1ct9,C,95,THR,-0.7,116.1,0.0,1,1,X,0.0,0.0,0.0,0.0,0.0,0.0,0.0,0.0,27,0.03450429430312575,15,24,-9,0,0,0,0,0,0,0,0,1,0
1ct9,C,96,GLY,-0.4,60.1,0.0,0,0,X,0.0,0.0,0.0,0.0,0.0,0.0,0.0,0.0,25,0.034970568550465285,21,29,-8,0,0,0,0,0,0,0,0,1,0
1ct9,C,97,SER,-0.8,89.0,0.0,1,1,X,0.0,0.0,0.0,0.0,0.0,0.0,0.0,0.0,33,0.04616115048661418,23,36,-13,0,0,0,0,0,0,0,0,1,0
1ct9,C,98,ASP,-3.5,111.1,-1.0,1,3,X,0.0,0.0,0.0,0.0,0.0,0.0,0.0,0.0,40,0.048958795970651406,26,30,-4,0,0,0,0,0,0,0,0,1,1
1ct9,C,99,CYS,2.5,108.5,0.0,1,0,X,0.0,0.0,0.0,0.0,0.0,0.0,0.0,0.0,44,0.04942507021799094,24,30,-6,0,0,0,0,0,0,0,0,1,1
1ct9,C,100,GLU,-3.5,138.4,-1.0,1,3,X,0.0,0.0,0.0,0.0,0.0,0.0,0.0,0.0,38,0.05408781269138631,21,11,10,0,0,0,0,0,0,0,0,1,0
1ct9,C,101,VAL,4.2,140.0,0.0,0,0,X,0.0,0.0,0.0,0.0,0.0,0.0,0.0,0.0,39,0.053155264196707235,21,31,-10,0,0,0,0,0,0,0,0,1,0
1ct9,C,102,ILE,4.5,166.7,0.0,0,0,X,0.0,0.0,0.0,0.0,0.0,0.0,0.0,0.0,40,0.045694876239274644,6,25,-19,0,0,0,0,0,0,0,0,1,0
1ct9,C,103,LEU,3.8,166.7,0.0,0,0,X,0.0,0.0,0.0,0.0,0.0,0.0,0.0,0.0,41,0.053621538444046775,15,19,-4,0,0,0,0,0,0,0,0,1,0
1ct9,C,104,ALA,1.8,88.6,0.0,0,0,X,0.0,0.0,0.0,0.0,0.0,0.0,0.0,0.0,34,0.05455408693872585,33,35,-2,0,0,0,0,0,0,0,0,1,0
1ct9,C,105,LEU,3.8,166.7,0.0,0,0,X,0.0,0.0,0.0,0.0,0.0,0.0,0.0,0.0,35,0.053155264196707235,22,38,-16,0,0,0,0,0,0,0,0,1,0
1ct9,C,106,TYR,-1.3,193.6,0.0,1,1,X,0.0,0.0,0.0,0.0,0.0,0.0,0.0,0.0,34,0.04942507021799094,24,25,-1,0,0,0,0,0,0,0,0,1,0
1ct9,C,107,GLN,-3.5,143.8,0.0,2,2,X,0.0,0.0,0.0,0.0,0.0,0.0,0.0,0.0,26,0.040099585271200194,28,16,12,0,0,0,0,0,0,0,0,1,0
1ct9,C,108,GLU,-3.5,138.4,-1.0,1,3,X,0.0,0.0,0.0,0.0,0.0,0.0,0.0,0.0,22,0.035436842797804825,24,14,10,0,0,0,0,0,0,0,0,1,0
1ct9,C,109,LYS,-3.9,168.6,1.0,2,0,X,0.0,0.0,0.0,0.0,0.0,0.0,0.0,0.0,22,0.03823448828184205,6,33,-27,0,0,0,0,0,0,0,0,1,0
1ct9,C,110,GLY,-0.4,60.1,0.0,0,0,X,0.0,0.0,0.0,0.0,0.0,0.0,0.0,0.0,26,0.03963331102386066,18,23,-5,0,0,0,0,0,0,0,0,1,0
1ct9,C,111,PRO,-1.6,112.7,0.0,0,0,X,0.0,0.0,0.0,0.0,0.0,0.0,0.0,0.0,30,0.045228601991935104,16,22,-6,0,0,0,0,0,0,0,0,1,0
1ct9,C,112,GLU,-3.5,138.4,-1.0,1,3,X,0.0,0.0,0.0,0.0,0.0,0.0,0.0,0.0,18,0.03450429430312575,11,16,-5,0,0,0,0,0,0,0,0,1,0
1ct9,C,113,PHE,2.8,189.9,0.0,0,0,X,0.0,0.0,0.0,0.0,0.0,0.0,0.0,0.0,36,0.04243095650789788,12,31,-19,0,0,0,0,0,0,0,0,1,0
1ct9,C,114,LEU,3.8,166.7,0.0,0,0,X,0.0,0.0,0.0,0.0,0.0,0.0,0.0,0.0,36,0.04709369898129325,28,28,0,0,0,0,0,0,0,0,0,1,0
1ct9,C,115,ASP,-3.5,111.1,-1.0,1,3,X,0.0,0.0,0.0,0.0,0.0,0.0,0.0,0.0,27,0.03730193978716297,38,20,18,0,0,0,0,0,0,0,0,1,0
1ct9,C,116,ASP,-3.5,111.1,-1.0,1,3,X,0.0,0.0,0.0,0.0,0.0,0.0,0.0,0.0,26,0.032639197313767604,17,18,-1,0,0,0,0,0,0,0,0,1,0
1ct9,C,117,LEU,3.8,166.7,0.0,0,0,X,0.0,0.0,0.0,0.0,0.0,0.0,0.0,0.0,35,0.045694876239274644,30,32,-2,0,0,0,0,0,0,0,0,1,0
1ct9,C,118,GLN,-3.5,143.8,0.0,2,2,X,0.0,0.0,0.0,0.0,0.0,0.0,0.0,0.0,35,0.045694876239274644,42,33,9,0,0,0,0,0,0,0,0,1,0
1ct9,C,119,GLY,-0.4,60.1,0.0,0,0,X,0.0,0.0,0.0,0.0,0.0,0.0,0.0,0.0,44,0.05408781269138631,42,37,5,0,0,0,0,0,0,0,0,1,0
1ct9,C,120,MET,1.9,162.9,0.0,0,0,X,0.0,0.0,0.0,0.0,0.0,0.0,0.0,0.0,39,0.048958795970651406,37,35,2,0,0,0,0,0,0,0,0,1,0
1ct9,C,121,PHE,2.8,189.9,0.0,0,0,X,0.0,0.0,0.0,0.0,0.0,0.0,0.0,0.0,43,0.0526889899493677,26,19,7,0,0,0,0,0,0,0,0,1,0
1ct9,C,122,ALA,1.8,88.6,0.0,0,0,X,0.0,0.0,0.0,0.0,0.0,0.0,0.0,0.0,45,0.053621538444046775,20,13,7,0,0,0,0,0,0,0,0,1,0
1ct9,C,123,PHE,2.8,189.9,0.0,0,0,X,0.0,0.0,0.0,0.0,0.0,0.0,0.0,0.0,45,0.04616115048661418,8,7,1,0,0,0,0,0,0,0,0,1,0
1ct9,C,124,ALA,1.8,88.6,0.0,0,0,X,0.0,0.0,0.0,0.0,0.0,0.0,0.0,0.0,44,0.050823892960009553,9,1,8,0,0,0,0,0,0,0,0,1,0
1ct9,C,125,LEU,3.8,166.7,0.0,0,0,X,0.0,0.0,0.0,0.0,0.0,0.0,0.0,0.0,42,0.05175644145468863,10,9,1,0,0,0,0,0,0,0,0,1,0
1ct9,C,126,TYR,-1.3,193.6,0.0,1,1,X,0.0,0.0,0.0,0.0,0.0,0.0,0.0,0.0,35,0.05548663543340492,19,30,-11,0,0,0,0,0,0,0,0,1,0
1ct9,C,127,ASP,-3.5,111.1,-1.0,1,3,X,0.0,0.0,0.0,0.0,0.0,0.0,0.0,0.0,30,0.050823892960009553,22,17,5,0,0,0,0,0,0,0,0,1,0
1ct9,C,128,SER,-0.8,89.0,0.0,1,1,X,0.0,0.0,0.0,0.0,0.0,0.0,0.0,0.0,21,0.03963331102386066,25,26,-1,0,0,0,0,0,0,0,0,1,0
1ct9,C,129,GLU,-3.5,138.4,-1.0,1,3,X,0.0,0.0,0.0,0.0,0.0,0.0,0.0,0.0,16,0.02984155182973038,24,16,8,0,0,0,0,0,0,0,0,1,0
1ct9,C,130,LYS,-3.9,168.6,1.0,2,0,X,0.0,0.0,0.0,0.0,0.0,0.0,0.0,0.0,17,0.029375277582390842,8,25,-17,0,0,0,0,0,0,0,0,1,0
1ct9,C,131,ASP,-3.5,111.1,-1.0,1,3,X,0.0,0.0,0.0,0.0,0.0,0.0,0.0,0.0,23,0.03310547156110714,10,29,-19,0,0,0,0,0,0,0,0,1,0
1ct9,C,132,ALA,1.8,88.6,0.0,0,0,X,0.0,0.0,0.0,0.0,0.0,0.0,0.0,0.0,28,0.04662742473395372,18,28,-10,0,0,0,0,0,0,0,0,1,0
1ct9,C,133,TYR,-1.3,193.6,0.0,1,1,X,0.0,0.0,0.0,0.0,0.0,0.0,0.0,0.0,38,0.05175644145468863,3,29,-26,0,0,0,0,0,0,0,0,1,0
1ct9,C,134,LEU,3.8,166.7,0.0,0,0,X,0.0,0.0,0.0,0.0,0.0,0.0,0.0,0.0,43,0.05688545817542354,6,12,-6,0,0,0,0,0,0,0,0,1,0
1ct9,C,135,ILE,4.5,166.7,0.0,0,0,X,0.0,0.0,0.0,0.0,0.0,0.0,0.0,0.0,43,0.048958795970651406,9,3,6,0,0,0,0,0,0,0,0,1,0
1ct9,C,136,GLY,-0.4,60.1,0.0,0,0,X,0.0,0.0,0.0,0.0,0.0,0.0,0.0,0.0,42,0.05408781269138631,16,8,8,0,0,0,0,0,0,0,0,1,0
1ct9,C,137,ARG,-4.5,173.4,1.0,5,0,X,0.0,0.0,0.0,0.0,0.0,0.0,0.0,0.0,38,0.061548200648818906,21,17,4,0,0,0,0,0,0,0,0,1,0
1ct9,C,138,ASP,-3.5,111.1,-1.0,1,3,X,0.0,0.0,0.0,0.0,0.0,0.0,0.0,0.0,41,0.056419183928083996,34,10,24,0,0,0,0,0,0,0,0,1,0
1ct9,C,139,HIS,-3.2,153.2,0.1,2,1,X,0.0,0.0,0.0,0.0,0.0,0.0,0.0,0.0,40,0.04942507021799094,37,29,8,0,0,0,0,0,0,0,0,1,0
1ct9,C,140,LEU,3.8,166.7,0.0,0,0,X,0.0,0.0,0.0,0.0,0.0,0.0,0.0,0.0,39,0.05175644145468863,42,14,28,0,0,0,0,0,0,0,0,1,0
1ct9,C,141,GLY,-0.4,60.1,0.0,0,0,X,0.0,0.0,0.0,0.0,0.0,0.0,0.0,0.0,37,0.053621538444046775,32,19,13,0,0,0,0,0,0,0,0,1,0
1ct9,C,142,ILE,4.5,166.7,0.0,0,0,X,0.0,0.0,0.0,0.0,0.0,0.0,0.0,0.0,46,0.05035761871267001,40,28,12,0,0,0,0,0,0,0,0,1,0
1ct9,C,143,ILE,4.5,166.7,0.0,0,0,X,0.0,0.0,0.0,0.0,0.0,0.0,0.0,0.0,43,0.048958795970651406,34,20,14,0,0,0,0,0,0,0,0,1,0
1ct9,C,144,PRO,-1.6,112.7,0.0,0,0,X,0.0,0.0,0.0,0.0,0.0,0.0,0.0,0.0,44,0.05455408693872585,37,29,8,0,0,0,0,0,0,0,0,1,0
1ct9,C,145,LEU,3.8,166.7,0.0,0,0,X,0.0,0.0,0.0,0.0,0.0,0.0,0.0,0.0,44,0.05502036118606539,31,23,8,0,0,0,0,0,0,0,0,1,0
1ct9,C,146,TYR,-1.3,193.6,0.0,1,1,X,0.0,0.0,0.0,0.0,0.0,0.0,0.0,0.0,41,0.050823892960009553,35,27,8,0,0,0,0,0,0,0,0,1,0
1ct9,C,147,MET,1.9,162.9,0.0,0,0,X,0.0,0.0,0.0,0.0,0.0,0.0,0.0,0.0,31,0.05129016720734909,11,11,0,0,0,0,0,0,0,0,0,1,0
1ct9,C,148,GLY,-0.4,60.1,0.0,0,0,X,0.0,0.0,0.0,0.0,0.0,0.0,0.0,0.0,36,0.048492521723311866,15,15,0,0,0,0,0,0,0,0,0,1,0
1ct9,C,149,TYR,-1.3,193.6,0.0,1,1,X,0.0,0.0,0.0,0.0,0.0,0.0,0.0,0.0,27,0.04476232774459557,24,21,3,0,0,0,0,0,0,0,0,1,0
1ct9,C,150,ASP,-3.5,111.1,-1.0,1,3,X,0.0,0.0,0.0,0.0,0.0,0.0,0.0,0.0,24,0.045228601991935104,31,13,18,0,0,0,0,0,0,0,0,1,0
1ct9,C,151,GLU,-3.5,138.4,-1.0,1,3,X,0.0,0.0,0.0,0.0,0.0,0.0,0.0,0.0,13,0.02797645484037223,23,8,15,0,0,0,0,0,0,0,0,1,0
1ct9,C,152,HIS,-3.2,153.2,0.1,2,1,X,0.0,0.0,0.0,0.0,0.0,0.0,0.0,0.0,18,0.029375277582390842,18,21,-3,0,0,0,0,0,0,0,0,1,0
1ct9,C,153,GLY,-0.4,60.1,0.0,0,0,X,0.0,0.0,0.0,0.0,0.0,0.0,0.0,0.0,20,0.032639197313767604,24,24,0,0,0,0,0,0,0,0,0,1,0
1ct9,C,154,GLN,-3.5,143.8,0.0,2,2,X,0.0,0.0,0.0,0.0,0.0,0.0,0.0,0.0,28,0.050823892960009553,21,29,-8,0,0,0,0,0,0,0,0,1,0
1ct9,C,155,LEU,3.8,166.7,0.0,0,0,X,0.0,0.0,0.0,0.0,0.0,0.0,0.0,0.0,32,0.05035761871267001,9,16,-7,0,0,0,0,0,0,0,0,1,0
1ct9,C,156,TYR,-1.3,193.6,0.0,1,1,X,0.0,0.0,0.0,0.0,0.0,0.0,0.0,0.0,36,0.04989134446533048,14,16,-2,0,0,0,0,0,0,0,0,1,0
1ct9,C,157,VAL,4.2,140.0,0.0,0,0,X,0.0,0.0,0.0,0.0,0.0,0.0,0.0,0.0,42,0.05175644145468863,3,7,-4,0,0,0,0,0,0,0,0,1,0
1ct9,C,158,ALA,1.8,88.6,0.0,0,0,X,0.0,0.0,0.0,0.0,0.0,0.0,0.0,0.0,43,0.05035761871267001,24,18,6,0,0,0,0,0,0,0,0,1,0
1ct9,C,159,SER,-0.8,89.0,0.0,1,1,X,0.0,0.0,0.0,0.0,0.0,0.0,0.0,0.0,46,0.05455408693872585,41,21,20,0,0,0,0,0,0,0,0,1,0
1ct9,C,160,GLU,-3.5,138.4,-1.0,1,3,X,0.0,0.0,0.0,0.0,0.0,0.0,0.0,0.0,41,0.05175644145468863,52,9,43,0,0,0,0,0,0,0,0,1,0
1ct9,C,161,MET,1.9,162.9,0.0,0,0,X,0.0,0.0,0.0,0.0,0.0,0.0,0.0,0.0,42,0.04942507021799094,22,27,-5,0,0,0,0,0,0,0,0,1,0
1ct9,C,162,LYS,-3.9,168.6,1.0,2,0,X,0.0,0.0,0.0,0.0,0.0,0.0,0.0,0.0,36,0.048958795970651406,34,21,13,0,0,0,0,0,0,0,0,1,0
1ct9,C,163,ALA,1.8,88.6,0.0,0,0,X,0.0,0.0,0.0,0.0,0.0,0.0,0.0,0.0,37,0.04989134446533048,26,19,7,0,0,0,0,0,0,0,0,1,0
1ct9,C,164,LEU,3.8,166.7,0.0,0,0,X,0.0,0.0,0.0,0.0,0.0,0.0,0.0,0.0,40,0.05408781269138631,16,13,3,0,0,0,0,0,0,0,0,1,0
1ct9,C,165,VAL,4.2,140.0,0.0,0,0,X,0.0,0.0,0.0,0.0,0.0,0.0,0.0,0.0,36,0.045694876239274644,16,12,4,0,0,0,0,0,0,0,0,1,0
1ct9,C,166,PRO,-1.6,112.7,0.0,0,0,X,0.0,0.0,0.0,0.0,0.0,0.0,0.0,0.0,25,0.02844272908771177,19,9,10,0,0,0,0,0,0,0,0,1,0
1ct9,C,167,VAL,4.2,140.0,0.0,0,0,X,0.0,0.0,0.0,0.0,0.0,0.0,0.0,0.0,28,0.0363693912924839,26,17,9,0,0,0,0,0,0,0,0,1,0
1ct9,C,168,CYS,2.5,108.5,0.0,1,0,X,0.0,0.0,0.0,0.0,0.0,0.0,0.0,0.0,30,0.04709369898129325,21,16,5,0,0,0,0,0,0,0,0,1,0
1ct9,C,169,ARG,-4.5,173.4,1.0,5,0,X,0.0,0.0,0.0,0.0,0.0,0.0,0.0,0.0,19,0.03357174580844668,9,17,-8,0,0,0,0,0,0,0,0,1,0
1ct9,C,170,THR,-0.7,116.1,0.0,1,1,X,0.0,0.0,0.0,0.0,0.0,0.0,0.0,0.0,24,0.03403802005578621,20,16,4,0,0,0,0,0,0,0,0,1,0
1ct9,C,171,ILE,4.5,166.7,0.0,0,0,X,0.0,0.0,0.0,0.0,0.0,0.0,0.0,0.0,35,0.04755997322863279,18,19,-1,0,0,0,0,0,0,0,0,1,0
1ct9,C,172,LYS,-3.9,168.6,1.0,2,0,X,0.0,0.0,0.0,0.0,0.0,0.0,0.0,0.0,28,0.040565859518539735,3,15,-12,0,0,0,0,0,0,0,0,1,0
1ct9,C,173,GLU,-3.5,138.4,-1.0,1,3,X,0.0,0.0,0.0,0.0,0.0,0.0,0.0,0.0,36,0.040565859518539735,28,8,20,0,0,0,0,0,0,0,0,1,0
1ct9,C,174,PHE,2.8,189.9,0.0,0,0,X,0.0,0.0,0.0,0.0,0.0,0.0,0.0,0.0,40,0.04709369898129325,29,15,14,0,0,0,0,0,0,0,0,1,0
1ct9,C,175,PRO,-1.6,112.7,0.0,0,0,X,0.0,0.0,0.0,0.0,0.0,0.0,0.0,0.0,30,0.03963331102386066,36,15,21,0,0,0,0,0,0,0,0,1,0
1ct9,C,176,ALA,1.8,88.6,0.0,0,0,X,0.0,0.0,0.0,0.0,0.0,0.0,0.0,0.0,31,0.04616115048661418,34,17,17,0,0,0,0,0,0,0,0,1,0
1ct9,C,177,GLY,-0.4,60.1,0.0,0,0,X,0.0,0.0,0.0,0.0,0.0,0.0,0.0,0.0,31,0.05035761871267001,42,15,27,0,0,0,0,0,0,0,0,1,0
1ct9,C,178,SER,-0.8,89.0,0.0,1,1,X,0.0,0.0,0.0,0.0,0.0,0.0,0.0,0.0,32,0.04942507021799094,26,12,14,0,0,0,0,0,0,0,0,1,0
1ct9,C,179,TYR,-1.3,193.6,0.0,1,1,X,0.0,0.0,0.0,0.0,0.0,0.0,0.0,0.0,31,0.05781800667010261,17,21,-4,0,0,0,0,0,0,0,0,1,0
1ct9,C,180,LEU,3.8,166.7,0.0,0,0,X,0.0,0.0,0.0,0.0,0.0,0.0,0.0,0.0,34,0.05129016720734909,16,17,-1,0,0,0,0,0,0,0,0,1,0
1ct9,C,181,TRP,-0.9,227.8,0.0,1,0,X,0.0,0.0,0.0,0.0,0.0,0.0,0.0,0.0,26,0.053621538444046775,18,27,-9,0,0,0,0,0,0,0,0,1,0
1ct9,C,182,SER,-0.8,89.0,0.0,1,1,X,0.0,0.0,0.0,0.0,0.0,0.0,0.0,0.0,23,0.040099585271200194,6,33,-27,0,0,0,0,0,0,0,0,1,0
1ct9,C,183,GLN,-3.5,143.8,0.0,2,2,X,0.0,0.0,0.0,0.0,0.0,0.0,0.0,0.0,16,0.02984155182973038,9,21,-12,0,0,0,0,0,0,0,0,1,0
1ct9,C,184,ASP,-3.5,111.1,-1.0,1,3,X,0.0,0.0,0.0,0.0,0.0,0.0,0.0,0.0,12,0.02984155182973038,11,9,2,0,0,0,0,0,0,0,0,1,0
1ct9,C,185,GLY,-0.4,60.1,0.0,0,0,X,0.0,0.0,0.0,0.0,0.0,0.0,0.0,0.0,17,0.02797645484037223,10,20,-10,0,0,0,0,0,0,0,0,1,0
1ct9,C,186,GLU,-3.5,138.4,-1.0,1,3,X,0.0,0.0,0.0,0.0,0.0,0.0,0.0,0.0,16,0.028909003335051305,12,8,4,0,0,0,0,0,0,0,0,1,0
1ct9,C,187,ILE,4.5,166.7,0.0,0,0,X,0.0,0.0,0.0,0.0,0.0,0.0,0.0,0.0,24,0.04196468226055834,16,19,-3,0,0,0,0,0,0,0,0,1,0
1ct9,C,188,ARG,-4.5,173.4,1.0,5,0,X,0.0,0.0,0.0,0.0,0.0,0.0,0.0,0.0,20,0.034970568550465285,0,17,-17,0,0,0,0,0,0,0,0,1,0
1ct9,C,189,SER,-0.8,89.0,0.0,1,1,X,0.0,0.0,0.0,0.0,0.0,0.0,0.0,0.0,22,0.030774100324409453,28,11,17,0,0,0,0,0,0,0,0,1,0
1ct9,C,190,TYR,-1.3,193.6,0.0,1,1,X,0.0,0.0,0.0,0.0,0.0,0.0,0.0,0.0,32,0.03590311704514436,42,26,16,0,0,0,0,0,0,0,0,1,0
1ct9,C,191,TYR,-1.3,193.6,0.0,1,1,X,0.0,0.0,0.0,0.0,0.0,0.0,0.0,0.0,29,0.04196468226055834,44,26,18,0,0,0,0,0,0,0,0,1,0
1ct9,C,192,HIS,-3.2,153.2,0.1,2,1,X,0.0,0.0,0.0,0.0,0.0,0.0,0.0,0.0,15,0.030307826077069916,15,21,-6,0,0,0,0,0,0,0,0,1,0
1ct9,C,193,ARG,-4.5,173.4,1.0,5,0,X,0.0,0.0,0.0,0.0,0.0,0.0,0.0,0.0,21,0.0363693912924839,39,27,12,0,0,0,0,0,0,0,0,1,0
1ct9,C,194,ASP,-3.5,111.1,-1.0,1,3,X,0.0,0.0,0.0,0.0,0.0,0.0,0.0,0.0,19,0.035436842797804825,37,21,16,0,0,0,0,0,0,0,0,1,0
1ct9,C,195,TRP,-0.9,227.8,0.0,1,0,X,0.0,0.0,0.0,0.0,0.0,0.0,0.0,0.0,34,0.04709369898129325,50,28,22,0,0,0,0,0,0,0,0,1,0
1ct9,C,196,PHE,2.8,189.9,0.0,0,0,X,0.0,0.0,0.0,0.0,0.0,0.0,0.0,0.0,24,0.03963331102386066,36,28,8,0,0,0,0,0,0,0,0,1,0
1ct9,C,197,ASP,-3.5,111.1,-1.0,1,3,X,0.0,0.0,0.0,0.0,0.0,0.0,0.0,0.0,16,0.03776821403450251,31,25,6,0,0,0,0,0,0,0,0,1,0
1ct9,C,198,TYR,-1.3,193.6,0.0,1,1,X,0.0,0.0,0.0,0.0,0.0,0.0,0.0,0.0,26,0.04429605349725603,28,43,-15,0,0,0,0,0,0,0,0,1,0
1ct9,C,199,ASP,-3.5,111.1,-1.0,1,3,X,0.0,0.0,0.0,0.0,0.0,0.0,0.0,0.0,15,0.03124037457174899,24,24,0,0,0,0,0,0,0,0,0,1,0
1ct9,C,200,ALA,1.8,88.6,0.0,0,0,X,0.0,0.0,0.0,0.0,0.0,0.0,0.0,0.0,22,0.03310547156110714,31,33,-2,0,0,0,0,0,0,0,0,1,0
1ct9,C,201,VAL,4.2,140.0,0.0,0,0,X,0.0,0.0,0.0,0.0,0.0,0.0,0.0,0.0,31,0.04942507021799094,39,37,2,0,0,0,0,0,0,0,0,1,0
1ct9,C,202,LYS,-3.9,168.6,1.0,2,0,X,0.0,0.0,0.0,0.0,0.0,0.0,0.0,0.0,17,0.04103213376587927,16,21,-5,0,0,0,0,0,0,0,0,1,0
1ct9,C,203,ASP,-3.5,111.1,-1.0,1,3,X,0.0,0.0,0.0,0.0,0.0,0.0,0.0,0.0,15,0.025178809356335007,10,9,1,0,0,0,0,0,0,0,0,1,0
1ct9,C,204,ASN,-3.5,114.1,0.0,2,2,X,0.0,0.0,0.0,0.0,0.0,0.0,0.0,0.0,24,0.030307826077069916,21,26,-5,0,0,0,0,0,0,0,0,1,0
1ct9,C,205,VAL,4.2,140.0,0.0,0,0,X,0.0,0.0,0.0,0.0,0.0,0.0,0.0,0.0,15,0.024246260861655933,12,25,-13,0,0,0,0,0,0,0,0,1,0
1ct9,C,206,THR,-0.7,116.1,0.0,1,1,X,0.0,0.0,0.0,0.0,0.0,0.0,0.0,0.0,24,0.03403802005578621,22,29,-7,0,0,0,0,0,0,0,0,1,0
1ct9,C,207,ASP,-3.5,111.1,-1.0,1,3,X,0.0,0.0,0.0,0.0,0.0,0.0,0.0,0.0,18,0.030307826077069916,22,13,9,0,0,0,0,0,0,0,0,1,0
1ct9,C,208,LYS,-3.9,168.6,1.0,2,0,X,0.0,0.0,0.0,0.0,0.0,0.0,0.0,0.0,19,0.03683566553982344,17,32,-15,0,0,0,0,0,0,0,0,1,0
1ct9,C,209,ASN,-3.5,114.1,0.0,2,2,X,0.0,0.0,0.0,0.0,0.0,0.0,0.0,0.0,16,0.030307826077069916,20,25,-5,0,0,0,0,0,0,0,0,1,0
1ct9,C,210,GLU,-3.5,138.4,-1.0,1,3,X,0.0,0.0,0.0,0.0,0.0,0.0,0.0,0.0,21,0.03170664881908853,26,18,8,0,0,0,0,0,0,0,0,1,0
1ct9,C,211,LEU,3.8,166.7,0.0,0,0,X,0.0,0.0,0.0,0.0,0.0,0.0,0.0,0.0,33,0.04755997322863279,29,34,-5,0,0,0,0,0,0,0,0,1,0
1ct9,C,212,ARG,-4.5,173.4,1.0,5,0,X,0.0,0.0,0.0,0.0,0.0,0.0,0.0,0.0,25,0.045228601991935104,13,37,-24,0,0,0,0,0,0,0,0,1,0
1ct9,C,213,GLN,-3.5,143.8,0.0,2,2,X,0.0,0.0,0.0,0.0,0.0,0.0,0.0,0.0,21,0.03963331102386066,24,31,-7,0,0,0,0,0,0,0,0,1,0
1ct9,C,214,ALA,1.8,88.6,0.0,0,0,X,0.0,0.0,0.0,0.0,0.0,0.0,0.0,0.0,34,0.04429605349725603,31,40,-9,0,0,0,0,0,0,0,0,1,0
1ct9,C,215,LEU,3.8,166.7,0.0,0,0,X,0.0,0.0,0.0,0.0,0.0,0.0,0.0,0.0,41,0.05455408693872585,28,31,-3,0,0,0,0,0,0,0,0,1,0
1ct9,C,216,GLU,-3.5,138.4,-1.0,1,3,X,0.0,0.0,0.0,0.0,0.0,0.0,0.0,0.0,26,0.04709369898129325,29,12,17,0,0,0,0,0,0,0,0,1,0
1ct9,C,217,ASP,-3.5,111.1,-1.0,1,3,X,0.0,0.0,0.0,0.0,0.0,0.0,0.0,0.0,24,0.03963331102386066,31,16,15,0,0,0,0,0,0,0,0,1,0
1ct9,C,218,SER,-0.8,89.0,0.0,1,1,X,0.0,0.0,0.0,0.0,0.0,0.0,0.0,0.0,33,0.050823892960009553,40,24,16,0,0,0,0,0,0,0,0,1,0
1ct9,C,219,VAL,4.2,140.0,0.0,0,0,X,0.0,0.0,0.0,0.0,0.0,0.0,0.0,0.0,38,0.05035761871267001,37,23,14,0,0,0,0,0,0,0,0,1,0
1ct9,C,220,LYS,-3.9,168.6,1.0,2,0,X,0.0,0.0,0.0,0.0,0.0,0.0,0.0,0.0,26,0.040099585271200194,21,18,3,0,0,0,0,0,0,0,0,1,0
1ct9,C,221,SER,-0.8,89.0,0.0,1,1,X,0.0,0.0,0.0,0.0,0.0,0.0,0.0,0.0,29,0.03916703677652112,35,25,10,0,0,0,0,0,0,0,0,1,0
1ct9,C,222,HIS,-3.2,153.2,0.1,2,1,X,0.0,0.0,0.0,0.0,0.0,0.0,0.0,0.0,38,0.04616115048661418,19,30,-11,0,0,0,0,0,0,0,0,1,0
1ct9,C,223,LEU,3.8,166.7,0.0,0,0,X,0.0,0.0,0.0,0.0,0.0,0.0,0.0,0.0,33,0.040099585271200194,30,9,21,0,0,0,0,0,0,0,0,1,0
1ct9,C,224,MET,1.9,162.9,0.0,0,0,X,0.0,0.0,0.0,0.0,0.0,0.0,0.0,0.0,31,0.040099585271200194,31,31,0,0,0,0,0,0,0,0,0,1,0
1ct9,C,225,SER,-0.8,89.0,0.0,1,1,X,0.0,0.0,0.0,0.0,0.0,0.0,0.0,0.0,26,0.03916703677652112,21,26,-5,0,0,0,0,0,0,0,0,1,0
1ct9,C,226,ASP,-3.5,111.1,-1.0,1,3,X,0.0,0.0,0.0,0.0,0.0,0.0,0.0,0.0,21,0.02797645484037223,12,13,-1,0,0,0,0,0,0,0,0,1,0
1ct9,C,227,VAL,4.2,140.0,0.0,0,0,X,0.0,0.0,0.0,0.0,0.0,0.0,0.0,0.0,26,0.03124037457174899,15,20,-5,0,0,0,0,0,0,0,0,1,0
1ct9,C,228,PRO,-1.6,112.7,0.0,0,0,X,0.0,0.0,0.0,0.0,0.0,0.0,0.0,0.0,27,0.030307826077069916,22,7,15,0,0,0,0,0,0,0,0,1,0
1ct9,C,229,TYR,-1.3,193.6,0.0,1,1,X,0.0,0.0,0.0,0.0,0.0,0.0,0.0,0.0,33,0.04103213376587927,30,7,23,0,0,0,0,0,0,0,0,1,0
1ct9,C,230,GLY,-0.4,60.1,0.0,0,0,X,0.0,0.0,0.0,0.0,0.0,0.0,0.0,0.0,37,0.05035761871267001,33,6,27,0,0,0,0,0,0,0,0,1,0
1ct9,C,231,VAL,4.2,140.0,0.0,0,0,X,0.0,0.0,0.0,0.0,0.0,0.0,0.0,0.0,46,0.05035761871267001,35,2,33,0,0,0,0,0,0,0,0,1,0
1ct9,C,232,LEU,3.8,166.7,0.0,0,0,X,0.0,0.0,0.0,0.0,0.0,0.0,0.0,0.0,42,0.045694876239274644,18,12,6,0,0,0,0,0,0,0,0,1,1
1ct9,C,233,LEU,3.8,166.7,0.0,0,0,X,0.0,0.0,0.0,0.0,0.0,0.0,0.0,0.0,45,0.048026247475972325,23,20,3,0,0,0,0,0,0,0,0,1,1
1ct9,C,234,SER,-0.8,89.0,0.0,1,1,X,0.0,0.0,0.0,0.0,0.0,0.0,0.0,0.0,37,0.040565859518539735,11,19,-8,0,0,0,0,0,0,0,0,1,1
1ct9,C,235,GLY,-0.4,60.1,0.0,0,0,X,0.0,0.0,0.0,0.0,0.0,0.0,0.0,0.0,36,0.04429605349725603,14,25,-11,0,0,0,0,0,0,0,0,1,0
1ct9,C,236,GLY,-0.4,60.1,0.0,0,0,X,0.0,0.0,0.0,0.0,0.0,0.0,0.0,0.0,38,0.03310547156110714,13,21,-8,0,0,0,0,0,0,0,0,1,0
1ct9,C,237,LEU,3.8,166.7,0.0,0,0,X,0.0,0.0,0.0,0.0,0.0,0.0,0.0,0.0,39,0.04149840801321881,29,22,7,0,0,0,0,0,0,0,0,1,0
1ct9,C,238,ASP,-3.5,111.1,-1.0,1,3,X,0.0,0.0,0.0,0.0,0.0,0.0,0.0,0.0,35,0.043363505002576956,18,21,-3,0,0,0,0,0,0,0,0,1,1
1ct9,C,239,SER,-0.8,89.0,0.0,1,1,X,0.0,0.0,0.0,0.0,0.0,0.0,0.0,0.0,39,0.04755997322863279,4,17,-13,0,0,0,0,0,0,0,0,1,1
1ct9,C,240,SER,-0.8,89.0,0.0,1,1,X,0.0,0.0,0.0,0.0,0.0,0.0,0.0,0.0,40,0.048026247475972325,9,11,-2,0,0,0,0,0,0,0,0,1,0
1ct9,C,241,ILE,4.5,166.7,0.0,0,0,X,0.0,0.0,0.0,0.0,0.0,0.0,0.0,0.0,42,0.05175644145468863,15,19,-4,0,0,0,0,0,0,0,0,1,0
1ct9,C,242,ILE,4.5,166.7,0.0,0,0,X,0.0,0.0,0.0,0.0,0.0,0.0,0.0,0.0,44,0.05035761871267001,19,18,1,0,0,0,0,0,0,0,0,1,0
1ct9,C,243,SER,-0.8,89.0,0.0,1,1,X,0.0,0.0,0.0,0.0,0.0,0.0,0.0,0.0,46,0.050823892960009553,22,5,17,0,0,0,0,0,0,0,0,1,0
1ct9,C,244,ALA,1.8,88.6,0.0,0,0,X,0.0,0.0,0.0,0.0,0.0,0.0,0.0,0.0,36,0.048026247475972325,27,9,18,0,0,0,0,0,0,0,0,1,0
1ct9,C,245,ILE,4.5,166.7,0.0,0,0,X,0.0,0.0,0.0,0.0,0.0,0.0,0.0,0.0,36,0.05129016720734909,32,16,16,0,0,0,0,0,0,0,0,1,0
1ct9,C,246,THR,-0.7,116.1,0.0,1,1,X,0.0,0.0,0.0,0.0,0.0,0.0,0.0,0.0,37,0.04616115048661418,33,5,28,0,0,0,0,0,0,0,0,1,0
1ct9,C,247,LYS,-3.9,168.6,1.0,2,0,X,0.0,0.0,0.0,0.0,0.0,0.0,0.0,0.0,29,0.04149840801321881,18,0,18,0,0,0,0,0,0,0,0,1,0
1ct9,C,248,LYS,-3.9,168.6,1.0,2,0,X,0.0,0.0,0.0,0.0,0.0,0.0,0.0,0.0,19,0.02984155182973038,16,9,7,0,0,0,0,0,0,0,0,1,0
1ct9,C,249,TYR,-1.3,193.6,0.0,1,1,X,0.0,0.0,0.0,0.0,0.0,0.0,0.0,0.0,23,0.030774100324409453,26,16,10,0,0,0,0,0,0,0,0,1,0
1ct9,C,250,ALA,1.8,88.6,0.0,0,0,X,0.0,0.0,0.0,0.0,0.0,0.0,0.0,0.0,20,0.027510180593032695,25,0,25,0,0,0,0,0,0,0,0,1,0
1ct9,C,264,TRP,-0.9,227.8,0.0,1,0,X,0.0,0.0,0.0,0.0,0.0,0.0,0.0,0.0,7,0.014454501667525653,3,0,3,0,0,0,0,0,0,0,0,1,0
1ct9,C,265,PRO,-1.6,112.7,0.0,0,0,X,0.0,0.0,0.0,0.0,0.0,0.0,0.0,0.0,14,0.02144861537761871,19,0,19,0,0,0,0,0,0,0,0,1,0
1ct9,C,266,GLN,-3.5,143.8,0.0,2,2,X,0.0,0.0,0.0,0.0,0.0,0.0,0.0,0.0,16,0.02797645484037223,17,0,17,0,0,0,0,0,0,0,0,1,0
1ct9,C,267,LEU,3.8,166.7,0.0,0,0,X,0.0,0.0,0.0,0.0,0.0,0.0,0.0,0.0,33,0.04429605349725603,33,0,33,0,0,0,0,0,0,0,0,1,0
1ct9,C,268,HIS,-3.2,153.2,0.1,2,1,X,0.0,0.0,0.0,0.0,0.0,0.0,0.0,0.0,29,0.043829779249916496,21,1,20,0,0,0,0,0,0,0,0,1,0
1ct9,C,269,SER,-0.8,89.0,0.0,1,1,X,0.0,0.0,0.0,0.0,0.0,0.0,0.0,0.0,37,0.0526889899493677,32,6,26,0,0,0,0,0,0,0,0,1,0
1ct9,C,270,PHE,2.8,189.9,0.0,0,0,X,0.0,0.0,0.0,0.0,0.0,0.0,0.0,0.0,37,0.04989134446533048,42,6,36,0,0,0,0,0,0,0,0,1,1
1ct9,C,271,ALA,1.8,88.6,0.0,0,0,X,0.0,0.0,0.0,0.0,0.0,0.0,0.0,0.0,37,0.05175644145468863,39,17,22,0,0,0,0,0,0,0,0,1,1
1ct9,C,272,VAL,4.2,140.0,0.0,0,0,X,0.0,0.0,0.0,0.0,0.0,0.0,0.0,0.0,40,0.04989134446533048,25,17,8,0,0,0,0,0,0,0,0,1,1
1ct9,C,273,GLY,-0.4,60.1,0.0,0,0,X,0.0,0.0,0.0,0.0,0.0,0.0,0.0,0.0,38,0.04942507021799094,16,20,-4,0,0,0,0,0,0,0,0,1,0
1ct9,C,274,LEU,3.8,166.7,0.0,0,0,X,0.0,0.0,0.0,0.0,0.0,0.0,0.0,0.0,29,0.043829779249916496,10,17,-7,0,0,0,0,0,0,0,0,1,0
1ct9,C,275,PRO,-1.6,112.7,0.0,0,0,X,0.0,0.0,0.0,0.0,0.0,0.0,0.0,0.0,22,0.02984155182973038,15,10,5,0,0,0,0,0,0,0,0,1,0
1ct9,C,276,GLY,-0.4,60.1,0.0,0,0,X,0.0,0.0,0.0,0.0,0.0,0.0,0.0,0.0,20,0.02844272908771177,17,15,2,0,0,0,0,0,0,0,0,1,0
1ct9,C,277,SER,-0.8,89.0,0.0,1,1,X,0.0,0.0,0.0,0.0,0.0,0.0,0.0,0.0,24,0.03963331102386066,18,23,-5,0,0,0,0,0,0,0,0,1,0
1ct9,C,278,PRO,-1.6,112.7,0.0,0,0,X,0.0,0.0,0.0,0.0,0.0,0.0,0.0,0.0,22,0.029375277582390842,9,22,-13,0,0,0,0,0,0,0,0,1,0
1ct9,C,279,ASP,-3.5,111.1,-1.0,1,3,X,0.0,0.0,0.0,0.0,0.0,0.0,0.0,0.0,32,0.04103213376587927,13,12,1,0,0,0,0,0,0,0,0,1,0
1ct9,C,280,LEU,3.8,166.7,0.0,0,0,X,0.0,0.0,0.0,0.0,0.0,0.0,0.0,0.0,31,0.050823892960009553,28,23,5,0,0,0,0,0,0,0,0,1,0
1ct9,C,281,LYS,-3.9,168.6,1.0,2,0,X,0.0,0.0,0.0,0.0,0.0,0.0,0.0,0.0,20,0.03590311704514436,5,21,-16,0,0,0,0,0,0,0,0,1,0
1ct9,C,282,ALA,1.8,88.6,0.0,0,0,X,0.0,0.0,0.0,0.0,0.0,0.0,0.0,0.0,31,0.0363693912924839,17,21,-4,0,0,0,0,0,0,0,0,1,0
1ct9,C,283,ALA,1.8,88.6,0.0,0,0,X,0.0,0.0,0.0,0.0,0.0,0.0,0.0,0.0,35,0.048026247475972325,24,25,-1,0,0,0,0,0,0,0,0,1,0
1ct9,C,284,GLN,-3.5,143.8,0.0,2,2,X,0.0,0.0,0.0,0.0,0.0,0.0,0.0,0.0,27,0.043363505002576956,28,21,7,0,0,0,0,0,0,0,0,1,0
1ct9,C,285,GLU,-3.5,138.4,-1.0,1,3,X,0.0,0.0,0.0,0.0,0.0,0.0,0.0,0.0,25,0.03403802005578621,23,5,18,0,0,0,0,0,0,0,0,1,0
1ct9,C,286,VAL,4.2,140.0,0.0,0,0,X,0.0,0.0,0.0,0.0,0.0,0.0,0.0,0.0,37,0.050823892960009553,23,11,12,0,0,0,0,0,0,0,0,1,0
1ct9,C,287,ALA,1.8,88.6,0.0,0,0,X,0.0,0.0,0.0,0.0,0.0,0.0,0.0,0.0,34,0.045694876239274644,35,10,25,0,0,0,0,0,0,0,0,1,0
1ct9,C,288,ASN,-3.5,114.1,0.0,2,2,X,0.0,0.0,0.0,0.0,0.0,0.0,0.0,0.0,17,0.03357174580844668,22,9,13,0,0,0,0,0,0,0,0,1,0
1ct9,C,289,HIS,-3.2,153.2,0.1,2,1,X,0.0,0.0,0.0,0.0,0.0,0.0,0.0,0.0,23,0.030307826077069916,5,8,-3,0,0,0,0,0,0,0,0,1,0
1ct9,C,290,LEU,3.8,166.7,0.0,0,0,X,0.0,0.0,0.0,0.0,0.0,0.0,0.0,0.0,33,0.0363693912924839,30,5,25,0,0,0,0,0,0,0,0,1,0
1ct9,C,291,GLY,-0.4,60.1,0.0,0,0,X,0.0,0.0,0.0,0.0,0.0,0.0,0.0,0.0,22,0.02797645484037223,34,3,31,0,0,0,0,0,0,0,0,1,0
1ct9,C,292,THR,-0.7,116.1,0.0,1,1,X,0.0,0.0,0.0,0.0,0.0,0.0,0.0,0.0,25,0.04103213376587927,46,3,43,0,0,0,0,0,0,0,0,1,0
1ct9,C,293,VAL,4.2,140.0,0.0,0,0,X,0.0,0.0,0.0,0.0,0.0,0.0,0.0,0.0,24,0.03357174580844668,33,1,32,0,0,0,0,0,0,0,0,1,0
1ct9,C,294,HIS,-3.2,153.2,0.1,2,1,X,0.0,0.0,0.0,0.0,0.0,0.0,0.0,0.0,31,0.04429605349725603,24,14,10,0,0,0,0,0,0,0,0,1,0
1ct9,C,295,HIS,-3.2,153.2,0.1,2,1,X,0.0,0.0,0.0,0.0,0.0,0.0,0.0,0.0,25,0.03823448828184205,29,9,20,0,0,0,0,0,0,0,0,1,0
1ct9,C,296,GLU,-3.5,138.4,-1.0,1,3,X,0.0,0.0,0.0,0.0,0.0,0.0,0.0,0.0,27,0.03963331102386066,41,5,36,0,0,0,0,0,0,0,0,1,0
1ct9,C,297,ILE,4.5,166.7,0.0,0,0,X,0.0,0.0,0.0,0.0,0.0,0.0,0.0,0.0,31,0.04196468226055834,43,10,33,0,0,0,0,0,0,0,0,1,0
1ct9,C,298,HIS,-3.2,153.2,0.1,2,1,X,0.0,0.0,0.0,0.0,0.0,0.0,0.0,0.0,22,0.04149840801321881,10,14,-4,0,0,0,0,0,0,0,0,1,0
1ct9,C,299,PHE,2.8,189.9,0.0,0,0,X,0.0,0.0,0.0,0.0,0.0,0.0,0.0,0.0,34,0.043829779249916496,15,12,3,0,0,0,0,0,0,0,0,1,0
1ct9,C,300,THR,-0.7,116.1,0.0,1,1,X,0.0,0.0,0.0,0.0,0.0,0.0,0.0,0.0,25,0.03403802005578621,10,15,-5,0,0,0,0,0,0,0,0,1,0
1ct9,C,301,VAL,4.2,140.0,0.0,0,0,X,0.0,0.0,0.0,0.0,0.0,0.0,0.0,0.0,27,0.04149840801321881,3,22,-19,0,0,0,0,0,0,0,0,1,0
1ct9,C,302,GLN,-3.5,143.8,0.0,2,2,X,0.0,0.0,0.0,0.0,0.0,0.0,0.0,0.0,23,0.03170664881908853,7,17,-10,0,0,0,0,0,0,0,0,1,0
1ct9,C,303,GLU,-3.5,138.4,-1.0,1,3,X,0.0,0.0,0.0,0.0,0.0,0.0,0.0,0.0,30,0.04196468226055834,14,8,6,0,0,0,0,0,0,0,0,1,0
1ct9,C,304,GLY,-0.4,60.1,0.0,0,0,X,0.0,0.0,0.0,0.0,0.0,0.0,0.0,0.0,33,0.05035761871267001,12,21,-9,0,0,0,0,0,0,0,0,1,0
1ct9,C,305,LEU,3.8,166.7,0.0,0,0,X,0.0,0.0,0.0,0.0,0.0,0.0,0.0,0.0,34,0.04103213376587927,9,19,-10,0,0,0,0,0,0,0,0,1,0
1ct9,C,306,ASP,-3.5,111.1,-1.0,1,3,X,0.0,0.0,0.0,0.0,0.0,0.0,0.0,0.0,32,0.032639197313767604,29,19,10,0,0,0,0,0,0,0,0,1,0
1ct9,C,307,ALA,1.8,88.6,0.0,0,0,X,0.0,0.0,0.0,0.0,0.0,0.0,0.0,0.0,33,0.040565859518539735,26,23,3,0,0,0,0,0,0,0,0,1,0
1ct9,C,308,ILE,4.5,166.7,0.0,0,0,X,0.0,0.0,0.0,0.0,0.0,0.0,0.0,0.0,38,0.04289723075523742,20,25,-5,0,0,0,0,0,0,0,0,1,0
1ct9,C,309,ARG,-4.5,173.4,1.0,5,0,X,0.0,0.0,0.0,0.0,0.0,0.0,0.0,0.0,25,0.03776821403450251,23,38,-15,0,0,0,0,0,0,0,0,1,0
1ct9,C,310,ASP,-3.5,111.1,-1.0,1,3,X,0.0,0.0,0.0,0.0,0.0,0.0,0.0,0.0,32,0.04149840801321881,51,12,39,0,0,0,0,0,0,0,0,1,0
1ct9,C,311,VAL,4.2,140.0,0.0,0,0,X,0.0,0.0,0.0,0.0,0.0,0.0,0.0,0.0,41,0.050823892960009553,37,20,17,0,0,0,0,0,0,0,0,1,0
1ct9,C,312,ILE,4.5,166.7,0.0,0,0,X,0.0,0.0,0.0,0.0,0.0,0.0,0.0,0.0,34,0.05408781269138631,33,33,0,0,0,0,0,0,0,0,0,1,0
1ct9,C,313,TYR,-1.3,193.6,0.0,1,1,X,0.0,0.0,0.0,0.0,0.0,0.0,0.0,0.0,28,0.053621538444046775,49,27,22,0,0,0,0,0,0,0,0,1,0
1ct9,C,314,HIS,-3.2,153.2,0.1,2,1,X,0.0,0.0,0.0,0.0,0.0,0.0,0.0,0.0,34,0.050823892960009553,52,25,27,0,0,0,0,0,0,0,0,1,0
1ct9,C,315,ILE,4.5,166.7,0.0,0,0,X,0.0,0.0,0.0,0.0,0.0,0.0,0.0,0.0,46,0.04755997322863279,42,29,13,0,0,0,0,0,0,0,0,1,0
1ct9,C,316,GLU,-3.5,138.4,-1.0,1,3,X,0.0,0.0,0.0,0.0,0.0,0.0,0.0,0.0,39,0.048958795970651406,34,15,19,0,0,0,0,0,0,0,0,1,0
1ct9,C,317,THR,-0.7,116.1,0.0,1,1,X,0.0,0.0,0.0,0.0,0.0,0.0,0.0,0.0,41,0.050823892960009553,27,23,4,0,0,0,0,0,0,0,0,1,0
1ct9,C,318,TYR,-1.3,193.6,0.0,1,1,X,0.0,0.0,0.0,0.0,0.0,0.0,0.0,0.0,35,0.05035761871267001,11,33,-22,0,0,0,0,0,0,0,0,1,0
1ct9,C,319,ASP,-3.5,111.1,-1.0,1,3,X,0.0,0.0,0.0,0.0,0.0,0.0,0.0,0.0,26,0.03776821403450251,20,11,9,0,0,0,0,0,0,0,0,1,0
1ct9,C,320,VAL,4.2,140.0,0.0,0,0,X,0.0,0.0,0.0,0.0,0.0,0.0,0.0,0.0,29,0.03916703677652112,25,17,8,0,0,0,0,0,0,0,0,1,0
1ct9,C,321,THR,-0.7,116.1,0.0,1,1,X,0.0,0.0,0.0,0.0,0.0,0.0,0.0,0.0,21,0.02984155182973038,18,18,0,0,0,0,0,0,0,0,0,1,0
1ct9,C,322,THR,-0.7,116.1,0.0,1,1,X,0.0,0.0,0.0,0.0,0.0,0.0,0.0,0.0,34,0.04149840801321881,22,22,0,0,0,0,0,0,0,0,0,1,0
1ct9,C,323,ILE,4.5,166.7,0.0,0,0,X,0.0,0.0,0.0,0.0,0.0,0.0,0.0,0.0,36,0.053621538444046775,27,23,4,0,0,0,0,0,0,0,0,1,0
1ct9,C,324,ARG,-4.5,173.4,1.0,5,0,X,0.0,0.0,0.0,0.0,0.0,0.0,0.0,0.0,28,0.048026247475972325,12,22,-10,0,0,0,0,0,0,0,0,1,0
1ct9,C,325,ALA,1.8,88.6,0.0,0,0,X,0.0,0.0,0.0,0.0,0.0,0.0,0.0,0.0,32,0.03683566553982344,21,15,6,0,0,0,0,0,0,0,0,1,0
1ct9,C,326,SER,-0.8,89.0,0.0,1,1,X,0.0,0.0,0.0,0.0,0.0,0.0,0.0,0.0,40,0.04476232774459557,31,12,19,0,0,0,0,0,0,0,0,1,0
1ct9,C,327,THR,-0.7,116.1,0.0,1,1,X,0.0,0.0,0.0,0.0,0.0,0.0,0.0,0.0,41,0.05175644145468863,19,14,5,0,0,0,0,0,0,0,0,1,0
1ct9,C,328,PRO,-1.6,112.7,0.0,0,0,X,0.0,0.0,0.0,0.0,0.0,0.0,0.0,0.0,40,0.04755997322863279,17,5,12,0,0,0,0,0,0,0,0,1,0
1ct9,C,329,MET,1.9,162.9,0.0,0,0,X,0.0,0.0,0.0,0.0,0.0,0.0,0.0,0.0,40,0.045228601991935104,22,5,17,0,0,0,0,0,0,0,0,1,0
1ct9,C,330,TYR,-1.3,193.6,0.0,1,1,X,0.0,0.0,0.0,0.0,0.0,0.0,0.0,0.0,43,0.0526889899493677,40,14,26,0,0,0,0,0,0,0,0,1,0
1ct9,C,331,LEU,3.8,166.7,0.0,0,0,X,0.0,0.0,0.0,0.0,0.0,0.0,0.0,0.0,41,0.0526889899493677,27,15,12,0,0,0,0,0,0,0,0,1,0
1ct9,C,332,MET,1.9,162.9,0.0,0,0,X,0.0,0.0,0.0,0.0,0.0,0.0,0.0,0.0,37,0.05129016720734909,29,5,24,0,0,0,0,0,0,0,0,1,1
1ct9,C,333,SER,-0.8,89.0,0.0,1,1,X,0.0,0.0,0.0,0.0,0.0,0.0,0.0,0.0,39,0.05548663543340492,35,7,28,0,0,0,0,0,0,0,0,1,0
1ct9,C,334,ARG,-4.5,173.4,1.0,5,0,X,0.0,0.0,0.0,0.0,0.0,0.0,0.0,0.0,33,0.05455408693872585,34,16,18,0,0,0,0,0,0,0,0,1,0
1ct9,C,335,LYS,-3.9,168.6,1.0,2,0,X,0.0,0.0,0.0,0.0,0.0,0.0,0.0,0.0,34,0.045694876239274644,34,13,21,0,0,0,0,0,0,0,0,1,0
1ct9,C,336,ILE,4.5,166.7,0.0,0,0,X,0.0,0.0,0.0,0.0,0.0,0.0,0.0,0.0,37,0.045694876239274644,49,8,41,0,0,0,0,0,0,0,0,1,0
1ct9,C,337,LYS,-3.9,168.6,1.0,2,0,X,0.0,0.0,0.0,0.0,0.0,0.0,0.0,0.0,27,0.04476232774459557,30,14,16,0,0,0,0,0,0,0,0,1,0
1ct9,C,338,ALA,1.8,88.6,0.0,0,0,X,0.0,0.0,0.0,0.0,0.0,0.0,0.0,0.0,28,0.04103213376587927,49,8,41,0,0,0,0,0,0,0,0,1,0
1ct9,C,339,MET,1.9,162.9,0.0,0,0,X,0.0,0.0,0.0,0.0,0.0,0.0,0.0,0.0,26,0.030774100324409453,48,7,41,0,0,0,0,0,0,0,0,1,0
1ct9,C,340,GLY,-0.4,60.1,0.0,0,0,X,0.0,0.0,0.0,0.0,0.0,0.0,0.0,0.0,23,0.032172923066428064,43,2,41,0,0,0,0,0,0,0,0,1,0
1ct9,C,341,ILE,4.5,166.7,0.0,0,0,X,0.0,0.0,0.0,0.0,0.0,0.0,0.0,0.0,33,0.043829779249916496,42,5,37,0,0,0,0,0,0,0,0,1,0
1ct9,C,342,LYS,-3.9,168.6,1.0,2,0,X,0.0,0.0,0.0,0.0,0.0,0.0,0.0,0.0,35,0.04942507021799094,19,21,-2,0,0,0,0,0,0,0,0,1,0
1ct9,C,343,MET,1.9,162.9,0.0,0,0,X,0.0,0.0,0.0,0.0,0.0,0.0,0.0,0.0,37,0.05175644145468863,28,17,11,0,0,0,0,0,0,0,0,1,0
1ct9,C,344,VAL,4.2,140.0,0.0,0,0,X,0.0,0.0,0.0,0.0,0.0,0.0,0.0,0.0,43,0.05175644145468863,28,11,17,0,0,0,0,0,0,0,0,1,0
1ct9,C,345,LEU,3.8,166.7,0.0,0,0,X,0.0,0.0,0.0,0.0,0.0,0.0,0.0,0.0,45,0.048026247475972325,28,15,13,0,0,0,0,0,0,0,0,1,0
1ct9,C,346,SER,-0.8,89.0,0.0,1,1,X,0.0,0.0,0.0,0.0,0.0,0.0,0.0,0.0,41,0.04755997322863279,12,21,-9,0,0,0,0,0,0,0,0,1,1
1ct9,C,347,GLY,-0.4,60.1,0.0,0,0,X,0.0,0.0,0.0,0.0,0.0,0.0,0.0,0.0,39,0.04616115048661418,7,38,-31,0,0,0,0,0,0,0,0,1,1
1ct9,C,348,GLU,-3.5,138.4,-1.0,1,3,X,0.0,0.0,0.0,0.0,0.0,0.0,0.0,0.0,32,0.045228601991935104,16,30,-14,0,0,0,0,0,0,0,0,1,1
1ct9,C,349,GLY,-0.4,60.1,0.0,0,0,X,0.0,0.0,0.0,0.0,0.0,0.0,0.0,0.0,37,0.04989134446533048,15,46,-31,0,0,0,0,0,0,0,0,1,0
1ct9,C,350,SER,-0.8,89.0,0.0,1,1,X,0.0,0.0,0.0,0.0,0.0,0.0,0.0,0.0,36,0.04755997322863279,13,40,-27,0,0,0,0,0,0,0,0,1,0
1ct9,C,351,ASP,-3.5,111.1,-1.0,1,3,X,0.0,0.0,0.0,0.0,0.0,0.0,0.0,0.0,31,0.045694876239274644,22,38,-16,0,0,0,0,0,0,0,0,1,1
1ct9,C,352,GLU,-3.5,138.4,-1.0,1,3,X,0.0,0.0,0.0,0.0,0.0,0.0,0.0,0.0,36,0.05129016720734909,21,35,-14,0,0,0,0,0,0,0,0,1,0
1ct9,C,353,VAL,4.2,140.0,0.0,0,0,X,0.0,0.0,0.0,0.0,0.0,0.0,0.0,0.0,44,0.04942507021799094,33,31,2,0,0,0,0,0,0,0,0,1,0
1ct9,C,354,PHE,2.8,189.9,0.0,0,0,X,0.0,0.0,0.0,0.0,0.0,0.0,0.0,0.0,45,0.050823892960009553,30,34,-4,0,0,0,0,0,0,0,0,1,0
1ct9,C,355,GLY,-0.4,60.1,0.0,0,0,X,0.0,0.0,0.0,0.0,0.0,0.0,0.0,0.0,41,0.05595290968074446,46,41,5,0,0,0,0,0,0,0,0,1,0
1ct9,C,356,GLY,-0.4,60.1,0.0,0,0,X,0.0,0.0,0.0,0.0,0.0,0.0,0.0,0.0,32,0.050823892960009553,39,33,6,0,0,0,0,0,0,0,0,1,0
1ct9,C,357,TYR,-1.3,193.6,0.0,1,1,X,0.0,0.0,0.0,0.0,0.0,0.0,0.0,0.0,23,0.03963331102386066,22,39,-17,0,0,0,0,0,0,0,0,1,0
1ct9,C,358,LEU,3.8,166.7,0.0,0,0,X,0.0,0.0,0.0,0.0,0.0,0.0,0.0,0.0,17,0.03170664881908853,27,12,15,0,0,0,0,0,0,0,0,1,0
1ct9,C,359,TYR,-1.3,193.6,0.0,1,1,X,0.0,0.0,0.0,0.0,0.0,0.0,0.0,0.0,20,0.03124037457174899,26,24,2,0,0,0,0,0,0,0,0,1,0
1ct9,C,360,PHE,2.8,189.9,0.0,0,0,X,0.0,0.0,0.0,0.0,0.0,0.0,0.0,0.0,32,0.04429605349725603,42,39,3,0,0,0,0,0,0,0,0,1,0
1ct9,C,361,HIS,-3.2,153.2,0.1,2,1,X,0.0,0.0,0.0,0.0,0.0,0.0,0.0,0.0,21,0.034970568550465285,20,9,11,0,0,0,0,0,0,0,0,1,0
1ct9,C,362,LYS,-3.9,168.6,1.0,2,0,X,0.0,0.0,0.0,0.0,0.0,0.0,0.0,0.0,9,0.022847438119637322,10,0,10,0,0,0,0,0,0,0,0,1,0
1ct9,C,363,ALA,1.8,88.6,0.0,0,0,X,0.0,0.0,0.0,0.0,0.0,0.0,0.0,0.0,20,0.035436842797804825,26,14,12,0,0,0,0,0,0,0,0,1,0
1ct9,C,364,PRO,-1.6,112.7,0.0,0,0,X,0.0,0.0,0.0,0.0,0.0,0.0,0.0,0.0,15,0.022381163872297785,20,10,10,0,0,0,0,0,0,0,0,1,0
1ct9,C,365,ASN,-3.5,114.1,0.0,2,2,X,0.0,0.0,0.0,0.0,0.0,0.0,0.0,0.0,16,0.027510180593032695,18,17,1,0,0,0,0,0,0,0,0,1,0
1ct9,C,366,ALA,1.8,88.6,0.0,0,0,X,0.0,0.0,0.0,0.0,0.0,0.0,0.0,0.0,24,0.043829779249916496,33,27,6,0,0,0,0,0,0,0,0,1,0
1ct9,C,367,LYS,-3.9,168.6,1.0,2,0,X,0.0,0.0,0.0,0.0,0.0,0.0,0.0,0.0,20,0.03963331102386066,21,34,-13,0,0,0,0,0,0,0,0,1,0
1ct9,C,368,GLU,-3.5,138.4,-1.0,1,3,X,0.0,0.0,0.0,0.0,0.0,0.0,0.0,0.0,18,0.04149840801321881,26,18,8,0,0,0,0,0,0,0,0,1,0
1ct9,C,369,LEU,3.8,166.7,0.0,0,0,X,0.0,0.0,0.0,0.0,0.0,0.0,0.0,0.0,37,0.0526889899493677,43,37,6,0,0,0,0,0,0,0,0,1,0
1ct9,C,370,HIS,-3.2,153.2,0.1,2,1,X,0.0,0.0,0.0,0.0,0.0,0.0,0.0,0.0,36,0.050823892960009553,39,40,-1,0,0,0,0,0,0,0,0,1,0
1ct9,C,371,GLU,-3.5,138.4,-1.0,1,3,X,0.0,0.0,0.0,0.0,0.0,0.0,0.0,0.0,25,0.04429605349725603,32,32,0,0,0,0,0,0,0,0,0,1,0
1ct9,C,372,GLU,-3.5,138.4,-1.0,1,3,X,0.0,0.0,0.0,0.0,0.0,0.0,0.0,0.0,26,0.03963331102386066,33,25,8,0,0,0,0,0,0,0,0,1,0
1ct9,C,373,THR,-0.7,116.1,0.0,1,1,X,0.0,0.0,0.0,0.0,0.0,0.0,0.0,0.0,34,0.053621538444046775,40,36,4,0,0,0,0,0,0,0,0,1,0
1ct9,C,374,VAL,4.2,140.0,0.0,0,0,X,0.0,0.0,0.0,0.0,0.0,0.0,0.0,0.0,32,0.04989134446533048,34,35,-1,0,0,0,0,0,0,0,0,1,0
1ct9,C,375,ARG,-4.5,173.4,1.0,5,0,X,0.0,0.0,0.0,0.0,0.0,0.0,0.0,0.0,20,0.03450429430312575,20,29,-9,0,0,0,0,0,0,0,0,1,0
1ct9,C,376,LYS,-3.9,168.6,1.0,2,0,X,0.0,0.0,0.0,0.0,0.0,0.0,0.0,0.0,30,0.04616115048661418,16,33,-17,0,0,0,0,0,0,0,0,1,0
1ct9,C,377,LEU,3.8,166.7,0.0,0,0,X,0.0,0.0,0.0,0.0,0.0,0.0,0.0,0.0,42,0.04429605349725603,36,33,3,0,0,0,0,0,0,0,0,1,0
1ct9,C,378,LEU,3.8,166.7,0.0,0,0,X,0.0,0.0,0.0,0.0,0.0,0.0,0.0,0.0,26,0.0363693912924839,34,9,25,0,0,0,0,0,0,0,0,1,0
1ct9,C,379,ALA,1.8,88.6,0.0,0,0,X,0.0,0.0,0.0,0.0,0.0,0.0,0.0,0.0,26,0.0363693912924839,31,20,11,0,0,0,0,0,0,0,0,1,0
1ct9,C,380,LEU,3.8,166.7,0.0,0,0,X,0.0,0.0,0.0,0.0,0.0,0.0,0.0,0.0,35,0.04755997322863279,34,30,4,0,0,0,0,0,0,0,0,1,0
1ct9,C,381,HIS,-3.2,153.2,0.1,2,1,X,0.0,0.0,0.0,0.0,0.0,0.0,0.0,0.0,31,0.04662742473395372,16,21,-5,0,0,0,0,0,0,0,0,1,0
1ct9,C,382,MET,1.9,162.9,0.0,0,0,X,0.0,0.0,0.0,0.0,0.0,0.0,0.0,0.0,32,0.03963331102386066,25,23,2,0,0,0,0,0,0,0,0,1,0
1ct9,C,383,TYR,-1.3,193.6,0.0,1,1,X,0.0,0.0,0.0,0.0,0.0,0.0,0.0,0.0,26,0.040565859518539735,31,24,7,0,0,0,0,0,0,0,0,1,0
1ct9,C,384,ASP,-3.5,111.1,-1.0,1,3,X,0.0,0.0,0.0,0.0,0.0,0.0,0.0,0.0,33,0.03963331102386066,27,24,3,0,0,0,0,0,0,0,0,1,1
1ct9,C,385,CYS,2.5,108.5,0.0,1,0,X,0.0,0.0,0.0,0.0,0.0,0.0,0.0,0.0,40,0.048492521723311866,37,27,10,0,0,0,0,0,0,0,0,1,0
1ct9,C,386,ALA,1.8,88.6,0.0,0,0,X,0.0,0.0,0.0,0.0,0.0,0.0,0.0,0.0,38,0.04709369898129325,40,28,12,0,0,0,0,0,0,0,0,1,0
1ct9,C,387,ARG,-4.5,173.4,1.0,5,0,X,0.0,0.0,0.0,0.0,0.0,0.0,0.0,0.0,34,0.045694876239274644,19,22,-3,0,0,0,0,0,0,0,0,1,1
1ct9,C,388,ALA,1.8,88.6,0.0,0,0,X,0.0,0.0,0.0,0.0,0.0,0.0,0.0,0.0,43,0.04149840801321881,30,23,7,0,0,0,0,0,0,0,0,1,0
1ct9,C,389,ASN,-3.5,114.1,0.0,2,2,X,0.0,0.0,0.0,0.0,0.0,0.0,0.0,0.0,46,0.04662742473395372,45,25,20,0,0,0,0,0,0,0,0,1,0
1ct9,C,390,LYS,-3.9,168.6,1.0,2,0,X,0.0,0.0,0.0,0.0,0.0,0.0,0.0,0.0,45,0.04942507021799094,41,22,19,0,0,0,0,0,0,0,0,1,0
1ct9,C,391,ALA,1.8,88.6,0.0,0,0,X,0.0,0.0,0.0,0.0,0.0,0.0,0.0,0.0,44,0.05688545817542354,46,15,31,0,0,0,0,0,0,0,0,1,0
1ct9,C,392,MET,1.9,162.9,0.0,0,0,X,0.0,0.0,0.0,0.0,0.0,0.0,0.0,0.0,43,0.048492521723311866,52,11,41,0,0,0,0,0,0,0,0,1,0
1ct9,C,393,SER,-0.8,89.0,0.0,1,1,X,0.0,0.0,0.0,0.0,0.0,0.0,0.0,0.0,40,0.05035761871267001,58,14,44,0,0,0,0,0,0,0,0,1,0
1ct9,C,394,ALA,1.8,88.6,0.0,0,0,X,0.0,0.0,0.0,0.0,0.0,0.0,0.0,0.0,37,0.05129016720734909,71,14,57,0,0,0,0,0,0,0,0,1,0
1ct9,C,395,TRP,-0.9,227.8,0.0,1,0,X,0.0,0.0,0.0,0.0,0.0,0.0,0.0,0.0,33,0.048026247475972325,65,15,50,0,0,0,0,0,0,0,0,1,0
1ct9,C,396,GLY,-0.4,60.1,0.0,0,0,X,0.0,0.0,0.0,0.0,0.0,0.0,0.0,0.0,41,0.04662742473395372,58,17,41,0,0,0,0,0,0,0,0,1,0
1ct9,C,397,VAL,4.2,140.0,0.0,0,0,X,0.0,0.0,0.0,0.0,0.0,0.0,0.0,0.0,43,0.0526889899493677,51,10,41,0,0,0,0,0,0,0,0,1,0
1ct9,C,398,GLU,-3.5,138.4,-1.0,1,3,X,0.0,0.0,0.0,0.0,0.0,0.0,0.0,0.0,42,0.04709369898129325,36,9,27,0,0,0,0,0,0,0,0,1,0
1ct9,C,399,ALA,1.8,88.6,0.0,0,0,X,0.0,0.0,0.0,0.0,0.0,0.0,0.0,0.0,43,0.045694876239274644,31,24,7,0,0,0,0,0,0,0,0,1,0
1ct9,C,400,ARG,-4.5,173.4,1.0,5,0,X,0.0,0.0,0.0,0.0,0.0,0.0,0.0,0.0,43,0.043363505002576956,16,21,-5,0,0,0,0,0,0,0,0,1,0
1ct9,C,401,VAL,4.2,140.0,0.0,0,0,X,0.0,0.0,0.0,0.0,0.0,0.0,0.0,0.0,43,0.045228601991935104,25,31,-6,0,0,0,0,0,0,0,0,1,0
1ct9,C,402,PRO,-1.6,112.7,0.0,0,0,X,0.0,0.0,0.0,0.0,0.0,0.0,0.0,0.0,42,0.056419183928083996,32,27,5,0,0,0,0,0,0,0,0,1,0
1ct9,C,403,PHE,2.8,189.9,0.0,0,0,X,0.0,0.0,0.0,0.0,0.0,0.0,0.0,0.0,40,0.05175644145468863,12,41,-29,0,0,0,0,0,0,0,0,1,0
1ct9,C,404,LEU,3.8,166.7,0.0,0,0,X,0.0,0.0,0.0,0.0,0.0,0.0,0.0,0.0,44,0.04662742473395372,33,34,-1,0,0,0,0,0,0,0,0,1,0
1ct9,C,405,ASP,-3.5,111.1,-1.0,1,3,X,0.0,0.0,0.0,0.0,0.0,0.0,0.0,0.0,38,0.04942507021799094,41,19,22,0,0,0,0,0,0,0,0,1,0
1ct9,C,406,LYS,-3.9,168.6,1.0,2,0,X,0.0,0.0,0.0,0.0,0.0,0.0,0.0,0.0,34,0.048026247475972325,34,34,0,0,0,0,0,0,0,0,0,1,0
1ct9,C,407,LYS,-3.9,168.6,1.0,2,0,X,0.0,0.0,0.0,0.0,0.0,0.0,0.0,0.0,33,0.03776821403450251,28,32,-4,0,0,0,0,0,0,0,0,1,0
1ct9,C,408,PHE,2.8,189.9,0.0,0,0,X,0.0,0.0,0.0,0.0,0.0,0.0,0.0,0.0,41,0.048026247475972325,30,35,-5,0,0,0,0,0,0,0,0,1,0
1ct9,C,409,LEU,3.8,166.7,0.0,0,0,X,0.0,0.0,0.0,0.0,0.0,0.0,0.0,0.0,38,0.04942507021799094,47,19,28,0,0,0,0,0,0,0,0,1,0
1ct9,C,410,ASP,-3.5,111.1,-1.0,1,3,X,0.0,0.0,0.0,0.0,0.0,0.0,0.0,0.0,28,0.043829779249916496,44,20,24,0,0,0,0,0,0,0,0,1,0
1ct9,C,411,VAL,4.2,140.0,0.0,0,0,X,0.0,0.0,0.0,0.0,0.0,0.0,0.0,0.0,31,0.04429605349725603,32,29,3,0,0,0,0,0,0,0,0,1,0
1ct9,C,412,ALA,1.8,88.6,0.0,0,0,X,0.0,0.0,0.0,0.0,0.0,0.0,0.0,0.0,44,0.04476232774459557,31,26,5,0,0,0,0,0,0,0,0,1,0
1ct9,C,413,MET,1.9,162.9,0.0,0,0,X,0.0,0.0,0.0,0.0,0.0,0.0,0.0,0.0,39,0.048492521723311866,38,24,14,0,0,0,0,0,0,0,0,1,0
1ct9,C,414,ARG,-4.5,173.4,1.0,5,0,X,0.0,0.0,0.0,0.0,0.0,0.0,0.0,0.0,28,0.04709369898129325,21,23,-2,0,0,0,0,0,0,0,0,1,0
1ct9,C,415,ILE,4.5,166.7,0.0,0,0,X,0.0,0.0,0.0,0.0,0.0,0.0,0.0,0.0,33,0.048492521723311866,34,31,3,0,0,0,0,0,0,0,0,1,0
1ct9,C,416,ASN,-3.5,114.1,0.0,2,2,X,0.0,0.0,0.0,0.0,0.0,0.0,0.0,0.0,24,0.045694876239274644,32,18,14,0,0,0,0,0,0,0,0,1,0
1ct9,C,417,PRO,-1.6,112.7,0.0,0,0,X,0.0,0.0,0.0,0.0,0.0,0.0,0.0,0.0,36,0.05175644145468863,36,23,13,0,0,0,0,0,0,0,0,1,0
1ct9,C,418,GLN,-3.5,143.8,0.0,2,2,X,0.0,0.0,0.0,0.0,0.0,0.0,0.0,0.0,23,0.032639197313767604,22,12,10,0,0,0,0,0,0,0,0,1,0
1ct9,C,419,ASP,-3.5,111.1,-1.0,1,3,X,0.0,0.0,0.0,0.0,0.0,0.0,0.0,0.0,29,0.03357174580844668,33,10,23,0,0,0,0,0,0,0,0,1,0
1ct9,C,420,LYS,-3.9,168.6,1.0,2,0,X,0.0,0.0,0.0,0.0,0.0,0.0,0.0,0.0,40,0.048026247475972325,29,20,9,0,0,0,0,0,0,0,0,1,0
1ct9,C,421,MET,1.9,162.9,0.0,0,0,X,0.0,0.0,0.0,0.0,0.0,0.0,0.0,0.0,30,0.04149840801321881,45,18,27,0,0,0,0,0,0,0,0,1,0
1ct9,C,422,CYS,2.5,108.5,0.0,1,0,X,0.0,0.0,0.0,0.0,0.0,0.0,0.0,0.0,25,0.03403802005578621,46,13,33,0,0,0,0,0,0,0,0,1,0
1ct9,C,426,LYS,-3.9,168.6,1.0,2,0,X,0.0,0.0,0.0,0.0,0.0,0.0,0.0,0.0,18,0.021914889624958248,36,12,24,0,0,0,0,0,0,0,0,1,0
1ct9,C,427,MET,1.9,162.9,0.0,0,0,X,0.0,0.0,0.0,0.0,0.0,0.0,0.0,0.0,24,0.03450429430312575,50,14,36,0,0,0,0,0,0,0,0,1,0
1ct9,C,428,GLU,-3.5,138.4,-1.0,1,3,X,0.0,0.0,0.0,0.0,0.0,0.0,0.0,0.0,29,0.04755997322863279,53,12,41,0,0,0,0,0,0,0,0,1,0
1ct9,C,429,LYS,-3.9,168.6,1.0,2,0,X,0.0,0.0,0.0,0.0,0.0,0.0,0.0,0.0,38,0.05408781269138631,42,35,7,0,0,0,0,0,0,0,0,1,0
1ct9,C,430,HIS,-3.2,153.2,0.1,2,1,X,0.0,0.0,0.0,0.0,0.0,0.0,0.0,0.0,24,0.045694876239274644,36,32,4,0,0,0,0,0,0,0,0,1,0
1ct9,C,431,ILE,4.5,166.7,0.0,0,0,X,0.0,0.0,0.0,0.0,0.0,0.0,0.0,0.0,34,0.043363505002576956,53,28,25,0,0,0,0,0,0,0,0,1,0
1ct9,C,432,LEU,3.8,166.7,0.0,0,0,X,0.0,0.0,0.0,0.0,0.0,0.0,0.0,0.0,39,0.045228601991935104,52,31,21,0,0,0,0,0,0,0,0,1,0
1ct9,C,433,ARG,-4.5,173.4,1.0,5,0,X,0.0,0.0,0.0,0.0,0.0,0.0,0.0,0.0,34,0.05035761871267001,29,35,-6,0,0,0,0,0,0,0,0,1,0
1ct9,C,434,GLU,-3.5,138.4,-1.0,1,3,X,0.0,0.0,0.0,0.0,0.0,0.0,0.0,0.0,21,0.04103213376587927,42,15,27,0,0,0,0,0,0,0,0,1,0
1ct9,C,435,CYS,2.5,108.5,0.0,1,0,X,0.0,0.0,0.0,0.0,0.0,0.0,0.0,0.0,30,0.04476232774459557,38,31,7,0,0,0,0,0,0,0,0,1,0
1ct9,C,436,PHE,2.8,189.9,0.0,0,0,X,0.0,0.0,0.0,0.0,0.0,0.0,0.0,0.0,35,0.04616115048661418,28,27,1,0,0,0,0,0,0,0,0,1,0
1ct9,C,437,GLU,-3.5,138.4,-1.0,1,3,X,0.0,0.0,0.0,0.0,0.0,0.0,0.0,0.0,20,0.03916703677652112,19,9,10,0,0,0,0,0,0,0,0,1,0
1ct9,C,438,ALA,1.8,88.6,0.0,0,0,X,0.0,0.0,0.0,0.0,0.0,0.0,0.0,0.0,20,0.024246260861655933,18,15,3,0,0,0,0,0,0,0,0,1,0
1ct9,C,439,TYR,-1.3,193.6,0.0,1,1,X,0.0,0.0,0.0,0.0,0.0,0.0,0.0,0.0,28,0.03403802005578621,34,15,19,0,0,0,0,0,0,0,0,1,0
1ct9,C,440,LEU,3.8,166.7,0.0,0,0,X,0.0,0.0,0.0,0.0,0.0,0.0,0.0,0.0,33,0.04149840801321881,16,18,-2,0,0,0,0,0,0,0,0,1,0
1ct9,C,441,PRO,-1.6,112.7,0.0,0,0,X,0.0,0.0,0.0,0.0,0.0,0.0,0.0,0.0,24,0.029375277582390842,12,17,-5,0,0,0,0,0,0,0,0,1,0
1ct9,C,442,ALA,1.8,88.6,0.0,0,0,X,0.0,0.0,0.0,0.0,0.0,0.0,0.0,0.0,17,0.026577632098353617,18,10,8,0,0,0,0,0,0,0,0,1,0
1ct9,C,443,SER,-0.8,89.0,0.0,1,1,X,0.0,0.0,0.0,0.0,0.0,0.0,0.0,0.0,18,0.021914889624958248,14,11,3,0,0,0,0,0,0,0,0,1,0
1ct9,C,444,VAL,4.2,140.0,0.0,0,0,X,0.0,0.0,0.0,0.0,0.0,0.0,0.0,0.0,31,0.03730193978716297,25,18,7,0,0,0,0,0,0,0,0,1,0
1ct9,C,445,ALA,1.8,88.6,0.0,0,0,X,0.0,0.0,0.0,0.0,0.0,0.0,0.0,0.0,28,0.04616115048661418,33,17,16,0,0,0,0,0,0,0,0,1,0
1ct9,C,446,TRP,-0.9,227.8,0.0,1,0,X,0.0,0.0,0.0,0.0,0.0,0.0,0.0,0.0,23,0.03170664881908853,36,25,11,0,0,0,0,0,0,0,0,1,0
1ct9,C,447,ARG,-4.5,173.4,1.0,5,0,X,0.0,0.0,0.0,0.0,0.0,0.0,0.0,0.0,21,0.026577632098353617,21,9,12,0,0,0,0,0,0,0,0,1,0
1ct9,C,448,GLN,-3.5,143.8,0.0,2,2,X,0.0,0.0,0.0,0.0,0.0,0.0,0.0,0.0,19,0.016319598656883802,19,10,9,0,0,0,0,0,0,0,0,1,0
1ct9,C,454,ASP,-3.5,111.1,-1.0,1,3,X,0.0,0.0,0.0,0.0,0.0,0.0,0.0,0.0,13,0.023779986614316396,0,11,-11,0,0,0,0,0,0,0,0,1,0
1ct9,C,455,GLY,-0.4,60.1,0.0,0,0,X,0.0,0.0,0.0,0.0,0.0,0.0,0.0,0.0,24,0.02331371236697686,6,16,-10,0,0,0,0,0,0,0,0,1,0
1ct9,C,456,VAL,4.2,140.0,0.0,0,0,X,0.0,0.0,0.0,0.0,0.0,0.0,0.0,0.0,29,0.04103213376587927,8,17,-9,0,0,0,0,0,0,0,0,1,0
1ct9,C,457,GLY,-0.4,60.1,0.0,0,0,X,0.0,0.0,0.0,0.0,0.0,0.0,0.0,0.0,23,0.043363505002576956,1,22,-21,0,0,0,0,0,0,0,0,1,0
1ct9,C,458,TYR,-1.3,193.6,0.0,1,1,X,0.0,0.0,0.0,0.0,0.0,0.0,0.0,0.0,15,0.032172923066428064,0,16,-16,0,0,0,0,0,0,0,0,1,0
1ct9,C,459,SER,-0.8,89.0,0.0,1,1,X,0.0,0.0,0.0,0.0,0.0,0.0,0.0,0.0,21,0.03124037457174899,5,20,-15,0,0,0,0,0,0,0,0,1,0
1ct9,C,460,TRP,-0.9,227.8,0.0,1,0,X,0.0,0.0,0.0,0.0,0.0,0.0,0.0,0.0,37,0.04429605349725603,17,22,-5,0,0,0,0,0,0,0,0,1,0
1ct9,C,461,ILE,4.5,166.7,0.0,0,0,X,0.0,0.0,0.0,0.0,0.0,0.0,0.0,0.0,26,0.04149840801321881,20,24,-4,0,0,0,0,0,0,0,0,1,0
1ct9,C,462,ASP,-3.5,111.1,-1.0,1,3,X,0.0,0.0,0.0,0.0,0.0,0.0,0.0,0.0,17,0.03730193978716297,15,17,-2,0,0,0,0,0,0,0,0,1,0
1ct9,C,463,THR,-0.7,116.1,0.0,1,1,X,0.0,0.0,0.0,0.0,0.0,0.0,0.0,0.0,26,0.03823448828184205,12,22,-10,0,0,0,0,0,0,0,0,1,0
1ct9,C,464,LEU,3.8,166.7,0.0,0,0,X,0.0,0.0,0.0,0.0,0.0,0.0,0.0,0.0,32,0.048492521723311866,22,27,-5,0,0,0,0,0,0,0,0,1,0
1ct9,C,465,LYS,-3.9,168.6,1.0,2,0,X,0.0,0.0,0.0,0.0,0.0,0.0,0.0,0.0,21,0.03916703677652112,14,26,-12,0,0,0,0,0,0,0,0,1,0
1ct9,C,466,GLU,-3.5,138.4,-1.0,1,3,X,0.0,0.0,0.0,0.0,0.0,0.0,0.0,0.0,17,0.030774100324409453,9,12,-3,0,0,0,0,0,0,0,0,1,0
1ct9,C,467,VAL,4.2,140.0,0.0,0,0,X,0.0,0.0,0.0,0.0,0.0,0.0,0.0,0.0,21,0.034970568550465285,14,23,-9,0,0,0,0,0,0,0,0,1,0
1ct9,C,468,ALA,1.8,88.6,0.0,0,0,X,0.0,0.0,0.0,0.0,0.0,0.0,0.0,0.0,25,0.04755997322863279,18,24,-6,0,0,0,0,0,0,0,0,1,0
1ct9,C,469,ALA,1.8,88.6,0.0,0,0,X,0.0,0.0,0.0,0.0,0.0,0.0,0.0,0.0,20,0.03403802005578621,16,26,-10,0,0,0,0,0,0,0,0,1,0
1ct9,C,470,GLN,-3.5,143.8,0.0,2,2,X,0.0,0.0,0.0,0.0,0.0,0.0,0.0,0.0,16,0.027510180593032695,13,10,3,0,0,0,0,0,0,0,0,1,0
1ct9,C,471,GLN,-3.5,143.8,0.0,2,2,X,0.0,0.0,0.0,0.0,0.0,0.0,0.0,0.0,22,0.02984155182973038,13,18,-5,0,0,0,0,0,0,0,0,1,0
1ct9,C,472,VAL,4.2,140.0,0.0,0,0,X,0.0,0.0,0.0,0.0,0.0,0.0,0.0,0.0,26,0.04289723075523742,13,23,-10,0,0,0,0,0,0,0,0,1,0
1ct9,C,473,SER,-0.8,89.0,0.0,1,1,X,0.0,0.0,0.0,0.0,0.0,0.0,0.0,0.0,19,0.03310547156110714,10,20,-10,0,0,0,0,0,0,0,0,1,0
1ct9,C,474,ASP,-3.5,111.1,-1.0,1,3,X,0.0,0.0,0.0,0.0,0.0,0.0,0.0,0.0,15,0.02797645484037223,8,9,-1,0,0,0,0,0,0,0,0,1,0
1ct9,C,475,GLN,-3.5,143.8,0.0,2,2,X,0.0,0.0,0.0,0.0,0.0,0.0,0.0,0.0,11,0.02797645484037223,2,17,-15,0,0,0,0,0,0,0,0,1,0
1ct9,C,476,GLN,-3.5,143.8,0.0,2,2,X,0.0,0.0,0.0,0.0,0.0,0.0,0.0,0.0,23,0.03730193978716297,20,22,-2,0,0,0,0,0,0,0,0,1,0
1ct9,C,477,LEU,3.8,166.7,0.0,0,0,X,0.0,0.0,0.0,0.0,0.0,0.0,0.0,0.0,24,0.045694876239274644,19,20,-1,0,0,0,0,0,0,0,0,1,0
1ct9,C,478,GLU,-3.5,138.4,-1.0,1,3,X,0.0,0.0,0.0,0.0,0.0,0.0,0.0,0.0,15,0.02797645484037223,13,8,5,0,0,0,0,0,0,0,0,1,0
1ct9,C,479,THR,-0.7,116.1,0.0,1,1,X,0.0,0.0,0.0,0.0,0.0,0.0,0.0,0.0,16,0.034970568550465285,21,14,7,0,0,0,0,0,0,0,0,1,0
1ct9,C,480,ALA,1.8,88.6,0.0,0,0,X,0.0,0.0,0.0,0.0,0.0,0.0,0.0,0.0,24,0.04476232774459557,29,10,19,0,0,0,0,0,0,0,0,1,0
1ct9,C,481,ARG,-4.5,173.4,1.0,5,0,X,0.0,0.0,0.0,0.0,0.0,0.0,0.0,0.0,15,0.03730193978716297,6,8,-2,0,0,0,0,0,0,0,0,1,0
1ct9,C,482,PHE,2.8,189.9,0.0,0,0,X,0.0,0.0,0.0,0.0,0.0,0.0,0.0,0.0,13,0.02844272908771177,19,5,14,0,0,0,0,0,0,0,0,1,0
1ct9,C,483,ARG,-4.5,173.4,1.0,5,0,X,0.0,0.0,0.0,0.0,0.0,0.0,0.0,0.0,21,0.02984155182973038,17,20,-3,0,0,0,0,0,0,0,0,1,0
1ct9,C,484,PHE,2.8,189.9,0.0,0,0,X,0.0,0.0,0.0,0.0,0.0,0.0,0.0,0.0,26,0.040565859518539735,28,19,9,0,0,0,0,0,0,0,0,1,0
1ct9,C,485,PRO,-1.6,112.7,0.0,0,0,X,0.0,0.0,0.0,0.0,0.0,0.0,0.0,0.0,16,0.02984155182973038,21,7,14,0,0,0,0,0,0,0,0,1,0
1ct9,C,486,TYR,-1.3,193.6,0.0,1,1,X,0.0,0.0,0.0,0.0,0.0,0.0,0.0,0.0,22,0.032639197313767604,11,13,-2,0,0,0,0,0,0,0,0,1,0
1ct9,C,487,ASN,-3.5,114.1,0.0,2,2,X,0.0,0.0,0.0,0.0,0.0,0.0,0.0,0.0,25,0.03403802005578621,16,15,1,0,0,0,0,0,0,0,0,1,0
1ct9,C,488,THR,-0.7,116.1,0.0,1,1,X,0.0,0.0,0.0,0.0,0.0,0.0,0.0,0.0,21,0.03776821403450251,25,3,22,0,0,0,0,0,0,0,0,1,0
1ct9,C,489,PRO,-1.6,112.7,0.0,0,0,X,0.0,0.0,0.0,0.0,0.0,0.0,0.0,0.0,27,0.04289723075523742,31,14,17,0,0,0,0,0,0,0,0,1,0
1ct9,C,490,THR,-0.7,116.1,0.0,1,1,X,0.0,0.0,0.0,0.0,0.0,0.0,0.0,0.0,17,0.02331371236697686,11,9,2,0,0,0,0,0,0,0,0,1,0
1ct9,C,491,SER,-0.8,89.0,0.0,1,1,X,0.0,0.0,0.0,0.0,0.0,0.0,0.0,0.0,25,0.02797645484037223,23,11,12,0,0,0,0,0,0,0,0,1,0
1ct9,C,492,LYS,-3.9,168.6,1.0,2,0,X,0.0,0.0,0.0,0.0,0.0,0.0,0.0,0.0,26,0.043829779249916496,7,25,-18,0,0,0,0,0,0,0,0,1,0
1ct9,C,493,GLU,-3.5,138.4,-1.0,1,3,X,0.0,0.0,0.0,0.0,0.0,0.0,0.0,0.0,34,0.043363505002576956,29,14,15,0,0,0,0,0,0,0,0,1,0
1ct9,C,494,ALA,1.8,88.6,0.0,0,0,X,0.0,0.0,0.0,0.0,0.0,0.0,0.0,0.0,30,0.045694876239274644,25,24,1,0,0,0,0,0,0,0,0,1,0
1ct9,C,495,TYR,-1.3,193.6,0.0,1,1,X,0.0,0.0,0.0,0.0,0.0,0.0,0.0,0.0,32,0.053155264196707235,33,28,5,0,0,0,0,0,0,0,0,1,0
1ct9,C,496,LEU,3.8,166.7,0.0,0,0,X,0.0,0.0,0.0,0.0,0.0,0.0,0.0,0.0,35,0.04755997322863279,28,22,6,0,0,0,0,0,0,0,0,1,0
1ct9,C,497,TYR,-1.3,193.6,0.0,1,1,X,0.0,0.0,0.0,0.0,0.0,0.0,0.0,0.0,36,0.048492521723311866,31,26,5,0,0,0,0,0,0,0,0,1,0
1ct9,C,498,ARG,-4.5,173.4,1.0,5,0,X,0.0,0.0,0.0,0.0,0.0,0.0,0.0,0.0,35,0.053155264196707235,12,30,-18,0,0,0,0,0,0,0,0,1,0
1ct9,C,499,GLU,-3.5,138.4,-1.0,1,3,X,0.0,0.0,0.0,0.0,0.0,0.0,0.0,0.0,24,0.043829779249916496,30,21,9,0,0,0,0,0,0,0,0,1,0
1ct9,C,500,ILE,4.5,166.7,0.0,0,0,X,0.0,0.0,0.0,0.0,0.0,0.0,0.0,0.0,27,0.04616115048661418,25,33,-8,0,0,0,0,0,0,0,0,1,0
1ct9,C,501,PHE,2.8,189.9,0.0,0,0,X,0.0,0.0,0.0,0.0,0.0,0.0,0.0,0.0,38,0.05455408693872585,18,38,-20,0,0,0,0,0,0,0,0,1,0
1ct9,C,502,GLU,-3.5,138.4,-1.0,1,3,X,0.0,0.0,0.0,0.0,0.0,0.0,0.0,0.0,29,0.045228601991935104,21,19,2,0,0,0,0,0,0,0,0,1,0
1ct9,C,503,GLU,-3.5,138.4,-1.0,1,3,X,0.0,0.0,0.0,0.0,0.0,0.0,0.0,0.0,19,0.03310547156110714,23,21,2,0,0,0,0,0,0,0,0,1,0
1ct9,C,504,LEU,3.8,166.7,0.0,0,0,X,0.0,0.0,0.0,0.0,0.0,0.0,0.0,0.0,26,0.03916703677652112,30,36,-6,0,0,0,0,0,0,0,0,1,0
1ct9,C,505,PHE,2.8,189.9,0.0,0,0,X,0.0,0.0,0.0,0.0,0.0,0.0,0.0,0.0,36,0.04196468226055834,22,34,-12,0,0,0,0,0,0,0,0,1,0
1ct9,C,506,PRO,-1.6,112.7,0.0,0,0,X,0.0,0.0,0.0,0.0,0.0,0.0,0.0,0.0,22,0.030307826077069916,4,18,-14,0,0,0,0,0,0,0,0,1,0
1ct9,C,507,LEU,3.8,166.7,0.0,0,0,X,0.0,0.0,0.0,0.0,0.0,0.0,0.0,0.0,24,0.0363693912924839,10,20,-10,0,0,0,0,0,0,0,0,1,0
1ct9,C,508,PRO,-1.6,112.7,0.0,0,0,X,0.0,0.0,0.0,0.0,0.0,0.0,0.0,0.0,21,0.027510180593032695,9,18,-9,0,0,0,0,0,0,0,0,1,0
1ct9,C,509,SER,-0.8,89.0,0.0,1,1,X,0.0,0.0,0.0,0.0,0.0,0.0,0.0,0.0,27,0.03357174580844668,14,13,1,0,0,0,0,0,0,0,0,1,0
1ct9,C,510,ALA,1.8,88.6,0.0,0,0,X,0.0,0.0,0.0,0.0,0.0,0.0,0.0,0.0,31,0.048026247475972325,16,32,-16,0,0,0,0,0,0,0,0,1,0
1ct9,C,511,ALA,1.8,88.6,0.0,0,0,X,0.0,0.0,0.0,0.0,0.0,0.0,0.0,0.0,28,0.04989134446533048,12,23,-11,0,0,0,0,0,0,0,0,1,0
1ct9,C,512,GLU,-3.5,138.4,-1.0,1,3,X,0.0,0.0,0.0,0.0,0.0,0.0,0.0,0.0,23,0.03730193978716297,10,3,7,0,0,0,0,0,0,0,0,1,0
1ct9,C,513,CYS,2.5,108.5,0.0,1,0,X,0.0,0.0,0.0,0.0,0.0,0.0,0.0,0.0,31,0.04243095650789788,14,25,-11,0,0,0,0,0,0,0,0,1,0
1ct9,C,514,VAL,4.2,140.0,0.0,0,0,X,0.0,0.0,0.0,0.0,0.0,0.0,0.0,0.0,30,0.04149840801321881,10,29,-19,0,0,0,0,0,0,0,0,1,0
1ct9,C,515,PRO,-1.6,112.7,0.0,0,0,X,0.0,0.0,0.0,0.0,0.0,0.0,0.0,0.0,22,0.028909003335051305,6,18,-12,0,0,0,0,0,0,0,0,1,0
1ct9,C,516,GLY,-0.4,60.1,0.0,0,0,X,0.0,0.0,0.0,0.0,0.0,0.0,0.0,0.0,14,0.01958351838826056,1,12,-11,0,0,0,0,0,0,0,0,1,0
1ct9,D,1,ALA,1.8,88.6,0.0,0,0,X,0.0,0.0,0.0,0.0,0.0,0.0,0.0,0.0,42,0.04989134446533048,48,33,15,0,0,0,0,0,0,0,0,1,1
1ct9,D,2,SER,-0.8,89.0,0.0,1,1,X,0.0,0.0,0.0,0.0,0.0,0.0,0.0,0.0,44,0.053155264196707235,52,19,33,0,0,0,0,0,0,0,0,1,0
1ct9,D,3,ILE,4.5,166.7,0.0,0,0,X,0.0,0.0,0.0,0.0,0.0,0.0,0.0,0.0,43,0.05408781269138631,20,15,5,0,0,0,0,0,0,0,0,1,0
1ct9,D,4,PHE,2.8,189.9,0.0,0,0,X,0.0,0.0,0.0,0.0,0.0,0.0,0.0,0.0,41,0.05035761871267001,23,15,8,0,0,0,0,0,0,0,0,1,0
1ct9,D,5,GLY,-0.4,60.1,0.0,0,0,X,0.0,0.0,0.0,0.0,0.0,0.0,0.0,0.0,45,0.04755997322863279,4,2,2,0,0,0,0,0,0,0,0,1,0
1ct9,D,6,VAL,4.2,140.0,0.0,0,0,X,0.0,0.0,0.0,0.0,0.0,0.0,0.0,0.0,43,0.050823892960009553,12,18,-6,0,0,0,0,0,0,0,0,1,0
1ct9,D,7,PHE,2.8,189.9,0.0,0,0,X,0.0,0.0,0.0,0.0,0.0,0.0,0.0,0.0,36,0.048026247475972325,3,15,-12,0,0,0,0,0,0,0,0,1,0
1ct9,D,8,ASP,-3.5,111.1,-1.0,1,3,X,0.0,0.0,0.0,0.0,0.0,0.0,0.0,0.0,26,0.03823448828184205,13,12,1,0,0,0,0,0,0,0,0,1,0
1ct9,D,9,ILE,4.5,166.7,0.0,0,0,X,0.0,0.0,0.0,0.0,0.0,0.0,0.0,0.0,27,0.04196468226055834,18,30,-12,0,0,0,0,0,0,0,0,1,0
1ct9,D,10,LYS,-3.9,168.6,1.0,2,0,X,0.0,0.0,0.0,0.0,0.0,0.0,0.0,0.0,18,0.027510180593032695,10,26,-16,0,0,0,0,0,0,0,0,1,0
1ct9,D,11,THR,-0.7,116.1,0.0,1,1,X,0.0,0.0,0.0,0.0,0.0,0.0,0.0,0.0,21,0.02797645484037223,20,34,-14,0,0,0,0,0,0,0,0,1,0
1ct9,D,12,ASP,-3.5,111.1,-1.0,1,3,X,0.0,0.0,0.0,0.0,0.0,0.0,0.0,0.0,15,0.02611135785101408,20,17,3,0,0,0,0,0,0,0,0,1,0
1ct9,D,13,ALA,1.8,88.6,0.0,0,0,X,0.0,0.0,0.0,0.0,0.0,0.0,0.0,0.0,22,0.03963331102386066,24,26,-2,0,0,0,0,0,0,0,0,1,0
1ct9,D,14,VAL,4.2,140.0,0.0,0,0,X,0.0,0.0,0.0,0.0,0.0,0.0,0.0,0.0,17,0.02844272908771177,24,25,-1,0,0,0,0,0,0,0,0,1,0
1ct9,D,15,GLU,-3.5,138.4,-1.0,1,3,X,0.0,0.0,0.0,0.0,0.0,0.0,0.0,0.0,14,0.030307826077069916,26,8,18,0,0,0,0,0,0,0,0,1,0
1ct9,D,16,LEU,3.8,166.7,0.0,0,0,X,0.0,0.0,0.0,0.0,0.0,0.0,0.0,0.0,34,0.04149840801321881,35,29,6,0,0,0,0,0,0,0,0,1,0
1ct9,D,17,ARG,-4.5,173.4,1.0,5,0,X,0.0,0.0,0.0,0.0,0.0,0.0,0.0,0.0,27,0.04243095650789788,14,22,-8,0,0,0,0,0,0,0,0,1,0
1ct9,D,18,LYS,-3.9,168.6,1.0,2,0,X,0.0,0.0,0.0,0.0,0.0,0.0,0.0,0.0,20,0.03357174580844668,29,32,-3,0,0,0,0,0,0,0,0,1,0
1ct9,D,19,LYS,-3.9,168.6,1.0,2,0,X,0.0,0.0,0.0,0.0,0.0,0.0,0.0,0.0,28,0.0363693912924839,22,21,1,0,0,0,0,0,0,0,0,1,0
1ct9,D,20,ALA,1.8,88.6,0.0,0,0,X,0.0,0.0,0.0,0.0,0.0,0.0,0.0,0.0,36,0.048492521723311866,37,22,15,0,0,0,0,0,0,0,0,1,0
1ct9,D,21,LEU,3.8,166.7,0.0,0,0,X,0.0,0.0,0.0,0.0,0.0,0.0,0.0,0.0,34,0.04429605349725603,54,30,24,0,0,0,0,0,0,0,0,1,0
1ct9,D,22,GLU,-3.5,138.4,-1.0,1,3,X,0.0,0.0,0.0,0.0,0.0,0.0,0.0,0.0,26,0.03776821403450251,47,9,38,0,0,0,0,0,0,0,0,1,0
1ct9,D,23,LEU,3.8,166.7,0.0,0,0,X,0.0,0.0,0.0,0.0,0.0,0.0,0.0,0.0,36,0.04429605349725603,35,16,19,0,0,0,0,0,0,0,0,1,0
1ct9,D,24,SER,-0.8,89.0,0.0,1,1,X,0.0,0.0,0.0,0.0,0.0,0.0,0.0,0.0,41,0.050823892960009553,61,26,35,0,0,0,0,0,0,0,0,1,0
1ct9,D,25,ARG,-4.5,173.4,1.0,5,0,X,0.0,0.0,0.0,0.0,0.0,0.0,0.0,0.0,29,0.040099585271200194,40,24,16,0,0,0,0,0,0,0,0,1,0
1ct9,D,26,LEU,3.8,166.7,0.0,0,0,X,0.0,0.0,0.0,0.0,0.0,0.0,0.0,0.0,28,0.04289723075523742,53,27,26,0,0,0,0,0,0,0,0,1,0
1ct9,D,27,MET,1.9,162.9,0.0,0,0,X,0.0,0.0,0.0,0.0,0.0,0.0,0.0,0.0,40,0.053155264196707235,67,26,41,0,0,0,0,0,0,0,0,1,0
1ct9,D,28,ARG,-4.5,173.4,1.0,5,0,X,0.0,0.0,0.0,0.0,0.0,0.0,0.0,0.0,31,0.04755997322863279,49,25,24,0,0,0,0,0,0,0,0,1,0
1ct9,D,29,HIS,-3.2,153.2,0.1,2,1,X,0.0,0.0,0.0,0.0,0.0,0.0,0.0,0.0,36,0.04243095650789788,57,22,35,0,0,0,0,0,0,0,0,1,0
1ct9,D,30,ARG,-4.5,173.4,1.0,5,0,X,0.0,0.0,0.0,0.0,0.0,0.0,0.0,0.0,42,0.053155264196707235,53,27,26,0,0,0,0,0,0,0,0,1,0
1ct9,D,31,GLY,-0.4,60.1,0.0,0,0,X,0.0,0.0,0.0,0.0,0.0,0.0,0.0,0.0,33,0.05455408693872585,68,17,51,0,0,0,0,0,0,0,0,1,0
1ct9,D,32,PRO,-1.6,112.7,0.0,0,0,X,0.0,0.0,0.0,0.0,0.0,0.0,0.0,0.0,29,0.045694876239274644,75,17,58,0,0,0,0,0,0,0,0,1,0
1ct9,D,33,ASP,-3.5,111.1,-1.0,1,3,X,0.0,0.0,0.0,0.0,0.0,0.0,0.0,0.0,35,0.05035761871267001,66,9,57,0,0,0,0,0,0,0,0,1,0
1ct9,D,34,TRP,-0.9,227.8,0.0,1,0,X,0.0,0.0,0.0,0.0,0.0,0.0,0.0,0.0,35,0.04616115048661418,49,27,22,0,0,0,0,0,0,0,0,1,0
1ct9,D,35,SER,-0.8,89.0,0.0,1,1,X,0.0,0.0,0.0,0.0,0.0,0.0,0.0,0.0,35,0.04476232774459557,47,33,14,0,0,0,0,0,0,0,0,1,0
1ct9,D,36,GLY,-0.4,60.1,0.0,0,0,X,0.0,0.0,0.0,0.0,0.0,0.0,0.0,0.0,38,0.04103213376587927,31,27,4,0,0,0,0,0,0,0,0,1,0
1ct9,D,37,ILE,4.5,166.7,0.0,0,0,X,0.0,0.0,0.0,0.0,0.0,0.0,0.0,0.0,32,0.040099585271200194,22,23,-1,0,0,0,0,0,0,0,0,1,0
1ct9,D,38,TYR,-1.3,193.6,0.0,1,1,X,0.0,0.0,0.0,0.0,0.0,0.0,0.0,0.0,32,0.03870076252918159,17,7,10,0,0,0,0,0,0,0,0,1,0
1ct9,D,39,ALA,1.8,88.6,0.0,0,0,X,0.0,0.0,0.0,0.0,0.0,0.0,0.0,0.0,26,0.03590311704514436,12,11,1,0,0,0,0,0,0,0,0,1,0
1ct9,D,40,SER,-0.8,89.0,0.0,1,1,X,0.0,0.0,0.0,0.0,0.0,0.0,0.0,0.0,24,0.03170664881908853,9,15,-6,0,0,0,0,0,0,0,0,1,0
1ct9,D,41,ASP,-3.5,111.1,-1.0,1,3,X,0.0,0.0,0.0,0.0,0.0,0.0,0.0,0.0,20,0.027043906345693154,6,14,-8,0,0,0,0,0,0,0,0,1,0
1ct9,D,42,ASN,-3.5,114.1,0.0,2,2,X,0.0,0.0,0.0,0.0,0.0,0.0,0.0,0.0,25,0.0363693912924839,7,30,-23,0,0,0,0,0,0,0,0,1,0
1ct9,D,43,ALA,1.8,88.6,0.0,0,0,X,0.0,0.0,0.0,0.0,0.0,0.0,0.0,0.0,33,0.048492521723311866,7,27,-20,0,0,0,0,0,0,0,0,1,0
1ct9,D,44,ILE,4.5,166.7,0.0,0,0,X,0.0,0.0,0.0,0.0,0.0,0.0,0.0,0.0,39,0.05129016720734909,20,11,9,0,0,0,0,0,0,0,0,1,0
1ct9,D,45,LEU,3.8,166.7,0.0,0,0,X,0.0,0.0,0.0,0.0,0.0,0.0,0.0,0.0,40,0.053155264196707235,12,2,10,0,0,0,0,0,0,0,0,1,0
1ct9,D,46,ALA,1.8,88.6,0.0,0,0,X,0.0,0.0,0.0,0.0,0.0,0.0,0.0,0.0,44,0.050823892960009553,26,12,14,0,0,0,0,0,0,0,0,1,0
1ct9,D,47,HIS,-3.2,153.2,0.1,2,1,X,0.0,0.0,0.0,0.0,0.0,0.0,0.0,0.0,41,0.05222271570202816,28,13,15,0,0,0,0,0,0,0,0,1,0
1ct9,D,48,GLU,-3.5,138.4,-1.0,1,3,X,0.0,0.0,0.0,0.0,0.0,0.0,0.0,0.0,36,0.056419183928083996,61,9,52,0,0,0,0,0,0,0,0,1,0
1ct9,D,49,ARG,-4.5,173.4,1.0,5,0,X,0.0,0.0,0.0,0.0,0.0,0.0,0.0,0.0,38,0.053621538444046775,25,26,-1,0,0,0,0,0,0,0,0,1,1
1ct9,D,50,LEU,3.8,166.7,0.0,0,0,X,0.0,0.0,0.0,0.0,0.0,0.0,0.0,0.0,39,0.045228601991935104,51,30,21,0,0,0,0,0,0,0,0,1,1
1ct9,D,51,SER,-0.8,89.0,0.0,1,1,X,0.0,0.0,0.0,0.0,0.0,0.0,0.0,0.0,37,0.03963331102386066,29,38,-9,0,0,0,0,0,0,0,0,1,1
1ct9,D,52,ILE,4.5,166.7,0.0,0,0,X,0.0,0.0,0.0,0.0,0.0,0.0,0.0,0.0,41,0.048026247475972325,29,42,-13,0,0,0,0,0,0,0,0,1,1
1ct9,D,53,VAL,4.2,140.0,0.0,0,0,X,0.0,0.0,0.0,0.0,0.0,0.0,0.0,0.0,33,0.04429605349725603,21,37,-16,0,0,0,0,0,0,0,0,1,1
1ct9,D,54,ASP,-3.5,111.1,-1.0,1,3,X,0.0,0.0,0.0,0.0,0.0,0.0,0.0,0.0,25,0.03776821403450251,15,21,-6,0,0,0,0,0,0,0,0,1,0
1ct9,D,55,VAL,4.2,140.0,0.0,0,0,X,0.0,0.0,0.0,0.0,0.0,0.0,0.0,0.0,22,0.03310547156110714,17,23,-6,0,0,0,0,0,0,0,0,1,0
1ct9,D,56,ASN,-3.5,114.1,0.0,2,2,X,0.0,0.0,0.0,0.0,0.0,0.0,0.0,0.0,18,0.020049792635600097,11,12,-1,0,0,0,0,0,0,0,0,1,0
1ct9,D,57,ALA,1.8,88.6,0.0,0,0,X,0.0,0.0,0.0,0.0,0.0,0.0,0.0,0.0,19,0.02844272908771177,9,15,-6,0,0,0,0,0,0,0,0,1,0
1ct9,D,58,GLY,-0.4,60.1,0.0,0,0,X,0.0,0.0,0.0,0.0,0.0,0.0,0.0,0.0,28,0.04243095650789788,20,26,-6,0,0,0,0,0,0,0,0,1,0
1ct9,D,59,ALA,1.8,88.6,0.0,0,0,X,0.0,0.0,0.0,0.0,0.0,0.0,0.0,0.0,33,0.03683566553982344,23,24,-1,0,0,0,0,0,0,0,0,1,0
1ct9,D,60,GLN,-3.5,143.8,0.0,2,2,X,0.0,0.0,0.0,0.0,0.0,0.0,0.0,0.0,41,0.04289723075523742,21,15,6,0,0,0,0,0,0,0,0,1,0
1ct9,D,61,PRO,-1.6,112.7,0.0,0,0,X,0.0,0.0,0.0,0.0,0.0,0.0,0.0,0.0,36,0.048492521723311866,21,5,16,0,0,0,0,0,0,0,0,1,0
1ct9,D,62,LEU,3.8,166.7,0.0,0,0,X,0.0,0.0,0.0,0.0,0.0,0.0,0.0,0.0,39,0.04476232774459557,22,14,8,0,0,0,0,0,0,0,0,1,0
1ct9,D,63,TYR,-1.3,193.6,0.0,1,1,X,0.0,0.0,0.0,0.0,0.0,0.0,0.0,0.0,26,0.04476232774459557,17,4,13,0,0,0,0,0,0,0,0,1,0
1ct9,D,64,ASN,-3.5,114.1,0.0,2,2,X,0.0,0.0,0.0,0.0,0.0,0.0,0.0,0.0,26,0.04476232774459557,19,18,1,0,0,0,0,0,0,0,0,1,0
1ct9,D,65,GLN,-3.5,143.8,0.0,2,2,X,0.0,0.0,0.0,0.0,0.0,0.0,0.0,0.0,18,0.03730193978716297,21,6,15,0,0,0,0,0,0,0,0,1,0
1ct9,D,66,GLN,-3.5,143.8,0.0,2,2,X,0.0,0.0,0.0,0.0,0.0,0.0,0.0,0.0,13,0.02611135785101408,19,8,11,0,0,0,0,0,0,0,0,1,0
1ct9,D,67,LYS,-3.9,168.6,1.0,2,0,X,0.0,0.0,0.0,0.0,0.0,0.0,0.0,0.0,17,0.03310547156110714,9,2,7,0,0,0,0,0,0,0,0,1,0
1ct9,D,68,THR,-0.7,116.1,0.0,1,1,X,0.0,0.0,0.0,0.0,0.0,0.0,0.0,0.0,22,0.04103213376587927,24,19,5,0,0,0,0,0,0,0,0,1,0
1ct9,D,69,HIS,-3.2,153.2,0.1,2,1,X,0.0,0.0,0.0,0.0,0.0,0.0,0.0,0.0,32,0.05222271570202816,14,22,-8,0,0,0,0,0,0,0,0,1,0
1ct9,D,70,VAL,4.2,140.0,0.0,0,0,X,0.0,0.0,0.0,0.0,0.0,0.0,0.0,0.0,37,0.0526889899493677,18,9,9,0,0,0,0,0,0,0,0,1,0
1ct9,D,71,LEU,3.8,166.7,0.0,0,0,X,0.0,0.0,0.0,0.0,0.0,0.0,0.0,0.0,39,0.05129016720734909,16,13,3,0,0,0,0,0,0,0,0,1,0
1ct9,D,72,ALA,1.8,88.6,0.0,0,0,X,0.0,0.0,0.0,0.0,0.0,0.0,0.0,0.0,44,0.050823892960009553,13,6,7,0,0,0,0,0,0,0,0,1,0
1ct9,D,73,VAL,4.2,140.0,0.0,0,0,X,0.0,0.0,0.0,0.0,0.0,0.0,0.0,0.0,44,0.04989134446533048,16,27,-11,0,0,0,0,0,0,0,0,1,0
1ct9,D,74,ASN,-3.5,114.1,0.0,2,2,X,0.0,0.0,0.0,0.0,0.0,0.0,0.0,0.0,42,0.04289723075523742,30,29,1,0,0,0,0,0,0,0,0,1,1
1ct9,D,75,GLY,-0.4,60.1,0.0,0,0,X,0.0,0.0,0.0,0.0,0.0,0.0,0.0,0.0,43,0.043829779249916496,21,33,-12,0,0,0,0,0,0,0,0,1,1
1ct9,D,76,GLU,-3.5,138.4,-1.0,1,3,X,0.0,0.0,0.0,0.0,0.0,0.0,0.0,0.0,39,0.045228601991935104,28,22,6,0,0,0,0,0,0,0,0,1,1
1ct9,D,77,ILE,4.5,166.7,0.0,0,0,X,0.0,0.0,0.0,0.0,0.0,0.0,0.0,0.0,42,0.05175644145468863,24,31,-7,0,0,0,0,0,0,0,0,1,0
1ct9,D,78,TYR,-1.3,193.6,0.0,1,1,X,0.0,0.0,0.0,0.0,0.0,0.0,0.0,0.0,40,0.048026247475972325,43,31,12,0,0,0,0,0,0,0,0,1,0
1ct9,D,79,ASN,-3.5,114.1,0.0,2,2,X,0.0,0.0,0.0,0.0,0.0,0.0,0.0,0.0,30,0.040099585271200194,27,27,0,0,0,0,0,0,0,0,0,1,0
1ct9,D,80,HIS,-3.2,153.2,0.1,2,1,X,0.0,0.0,0.0,0.0,0.0,0.0,0.0,0.0,29,0.04755997322863279,11,25,-14,0,0,0,0,0,0,0,0,1,0
1ct9,D,81,GLN,-3.5,143.8,0.0,2,2,X,0.0,0.0,0.0,0.0,0.0,0.0,0.0,0.0,20,0.032172923066428064,21,10,11,0,0,0,0,0,0,0,0,1,0
1ct9,D,82,ALA,1.8,88.6,0.0,0,0,X,0.0,0.0,0.0,0.0,0.0,0.0,0.0,0.0,18,0.029375277582390842,19,13,6,0,0,0,0,0,0,0,0,1,0
1ct9,D,83,LEU,3.8,166.7,0.0,0,0,X,0.0,0.0,0.0,0.0,0.0,0.0,0.0,0.0,29,0.04289723075523742,26,30,-4,0,0,0,0,0,0,0,0,1,0
1ct9,D,84,ARG,-4.5,173.4,1.0,5,0,X,0.0,0.0,0.0,0.0,0.0,0.0,0.0,0.0,29,0.043363505002576956,10,26,-16,0,0,0,0,0,0,0,0,1,0
1ct9,D,85,ALA,1.8,88.6,0.0,0,0,X,0.0,0.0,0.0,0.0,0.0,0.0,0.0,0.0,15,0.02984155182973038,27,17,10,0,0,0,0,0,0,0,0,1,0
1ct9,D,86,GLU,-3.5,138.4,-1.0,1,3,X,0.0,0.0,0.0,0.0,0.0,0.0,0.0,0.0,19,0.030307826077069916,23,17,6,0,0,0,0,0,0,0,0,1,0
1ct9,D,87,TYR,-1.3,193.6,0.0,1,1,X,0.0,0.0,0.0,0.0,0.0,0.0,0.0,0.0,26,0.045228601991935104,27,33,-6,0,0,0,0,0,0,0,0,1,0
1ct9,D,88,GLY,-0.4,60.1,0.0,0,0,X,0.0,0.0,0.0,0.0,0.0,0.0,0.0,0.0,20,0.0363693912924839,22,21,1,0,0,0,0,0,0,0,0,1,0
1ct9,D,89,ASP,-3.5,111.1,-1.0,1,3,X,0.0,0.0,0.0,0.0,0.0,0.0,0.0,0.0,15,0.022381163872297785,16,14,2,0,0,0,0,0,0,0,0,1,0
1ct9,D,90,ARG,-4.5,173.4,1.0,5,0,X,0.0,0.0,0.0,0.0,0.0,0.0,0.0,0.0,18,0.02984155182973038,7,26,-19,0,0,0,0,0,0,0,0,1,0
1ct9,D,91,TYR,-1.3,193.6,0.0,1,1,X,0.0,0.0,0.0,0.0,0.0,0.0,0.0,0.0,27,0.04243095650789788,24,26,-2,0,0,0,0,0,0,0,0,1,0
1ct9,D,92,GLN,-3.5,143.8,0.0,2,2,X,0.0,0.0,0.0,0.0,0.0,0.0,0.0,0.0,18,0.034970568550465285,7,9,-2,0,0,0,0,0,0,0,0,1,0
1ct9,D,93,PHE,2.8,189.9,0.0,0,0,X,0.0,0.0,0.0,0.0,0.0,0.0,0.0,0.0,30,0.040565859518539735,23,20,3,0,0,0,0,0,0,0,0,1,0
1ct9,D,94,GLN,-3.5,143.8,0.0,2,2,X,0.0,0.0,0.0,0.0,0.0,0.0,0.0,0.0,20,0.03170664881908853,11,11,0,0,0,0,0,0,0,0,0,1,0
1ct9,D,95,THR,-0.7,116.1,0.0,1,1,X,0.0,0.0,0.0,0.0,0.0,0.0,0.0,0.0,26,0.03310547156110714,14,24,-10,0,0,0,0,0,0,0,0,1,0
1ct9,D,96,GLY,-0.4,60.1,0.0,0,0,X,0.0,0.0,0.0,0.0,0.0,0.0,0.0,0.0,26,0.03683566553982344,22,29,-7,0,0,0,0,0,0,0,0,1,0
1ct9,D,97,SER,-0.8,89.0,0.0,1,1,X,0.0,0.0,0.0,0.0,0.0,0.0,0.0,0.0,35,0.04476232774459557,24,35,-11,0,0,0,0,0,0,0,0,1,0
1ct9,D,98,ASP,-3.5,111.1,-1.0,1,3,X,0.0,0.0,0.0,0.0,0.0,0.0,0.0,0.0,40,0.04989134446533048,25,31,-6,0,0,0,0,0,0,0,0,1,1
1ct9,D,99,CYS,2.5,108.5,0.0,1,0,X,0.0,0.0,0.0,0.0,0.0,0.0,0.0,0.0,45,0.04755997322863279,22,30,-8,0,0,0,0,0,0,0,0,1,0
1ct9,D,100,GLU,-3.5,138.4,-1.0,1,3,X,0.0,0.0,0.0,0.0,0.0,0.0,0.0,0.0,37,0.05455408693872585,21,11,10,0,0,0,0,0,0,0,0,1,0
1ct9,D,101,VAL,4.2,140.0,0.0,0,0,X,0.0,0.0,0.0,0.0,0.0,0.0,0.0,0.0,38,0.053155264196707235,21,29,-8,0,0,0,0,0,0,0,0,1,0
1ct9,D,102,ILE,4.5,166.7,0.0,0,0,X,0.0,0.0,0.0,0.0,0.0,0.0,0.0,0.0,41,0.048026247475972325,7,24,-17,0,0,0,0,0,0,0,0,1,0
1ct9,D,103,LEU,3.8,166.7,0.0,0,0,X,0.0,0.0,0.0,0.0,0.0,0.0,0.0,0.0,41,0.05455408693872585,16,17,-1,0,0,0,0,0,0,0,0,1,0
1ct9,D,104,ALA,1.8,88.6,0.0,0,0,X,0.0,0.0,0.0,0.0,0.0,0.0,0.0,0.0,34,0.056419183928083996,36,34,2,0,0,0,0,0,0,0,0,1,0
1ct9,D,105,LEU,3.8,166.7,0.0,0,0,X,0.0,0.0,0.0,0.0,0.0,0.0,0.0,0.0,35,0.05222271570202816,20,40,-20,0,0,0,0,0,0,0,0,1,0
1ct9,D,106,TYR,-1.3,193.6,0.0,1,1,X,0.0,0.0,0.0,0.0,0.0,0.0,0.0,0.0,35,0.048026247475972325,24,25,-1,0,0,0,0,0,0,0,0,1,0
1ct9,D,107,GLN,-3.5,143.8,0.0,2,2,X,0.0,0.0,0.0,0.0,0.0,0.0,0.0,0.0,26,0.040565859518539735,27,16,11,0,0,0,0,0,0,0,0,1,0
1ct9,D,108,GLU,-3.5,138.4,-1.0,1,3,X,0.0,0.0,0.0,0.0,0.0,0.0,0.0,0.0,22,0.03450429430312575,22,14,8,0,0,0,0,0,0,0,0,1,0
1ct9,D,109,LYS,-3.9,168.6,1.0,2,0,X,0.0,0.0,0.0,0.0,0.0,0.0,0.0,0.0,20,0.035436842797804825,5,30,-25,0,0,0,0,0,0,0,0,1,0
1ct9,D,110,GLY,-0.4,60.1,0.0,0,0,X,0.0,0.0,0.0,0.0,0.0,0.0,0.0,0.0,26,0.03823448828184205,18,24,-6,0,0,0,0,0,0,0,0,1,0
1ct9,D,111,PRO,-1.6,112.7,0.0,0,0,X,0.0,0.0,0.0,0.0,0.0,0.0,0.0,0.0,30,0.043363505002576956,20,23,-3,0,0,0,0,0,0,0,0,1,0
1ct9,D,112,GLU,-3.5,138.4,-1.0,1,3,X,0.0,0.0,0.0,0.0,0.0,0.0,0.0,0.0,19,0.03357174580844668,16,17,-1,0,0,0,0,0,0,0,0,1,0
1ct9,D,113,PHE,2.8,189.9,0.0,0,0,X,0.0,0.0,0.0,0.0,0.0,0.0,0.0,0.0,32,0.04243095650789788,10,30,-20,0,0,0,0,0,0,0,0,1,0
1ct9,D,114,LEU,3.8,166.7,0.0,0,0,X,0.0,0.0,0.0,0.0,0.0,0.0,0.0,0.0,36,0.04709369898129325,26,29,-3,0,0,0,0,0,0,0,0,1,0
1ct9,D,115,ASP,-3.5,111.1,-1.0,1,3,X,0.0,0.0,0.0,0.0,0.0,0.0,0.0,0.0,27,0.03683566553982344,39,20,19,0,0,0,0,0,0,0,0,1,0
1ct9,D,116,ASP,-3.5,111.1,-1.0,1,3,X,0.0,0.0,0.0,0.0,0.0,0.0,0.0,0.0,24,0.032639197313767604,16,18,-2,0,0,0,0,0,0,0,0,1,0
1ct9,D,117,LEU,3.8,166.7,0.0,0,0,X,0.0,0.0,0.0,0.0,0.0,0.0,0.0,0.0,35,0.04616115048661418,29,33,-4,0,0,0,0,0,0,0,0,1,0
1ct9,D,118,GLN,-3.5,143.8,0.0,2,2,X,0.0,0.0,0.0,0.0,0.0,0.0,0.0,0.0,37,0.045228601991935104,42,32,10,0,0,0,0,0,0,0,0,1,0
1ct9,D,119,GLY,-0.4,60.1,0.0,0,0,X,0.0,0.0,0.0,0.0,0.0,0.0,0.0,0.0,44,0.05455408693872585,45,38,7,0,0,0,0,0,0,0,0,1,0
1ct9,D,120,MET,1.9,162.9,0.0,0,0,X,0.0,0.0,0.0,0.0,0.0,0.0,0.0,0.0,39,0.048958795970651406,36,35,1,0,0,0,0,0,0,0,0,1,0
1ct9,D,121,PHE,2.8,189.9,0.0,0,0,X,0.0,0.0,0.0,0.0,0.0,0.0,0.0,0.0,44,0.05222271570202816,24,20,4,0,0,0,0,0,0,0,0,1,0
1ct9,D,122,ALA,1.8,88.6,0.0,0,0,X,0.0,0.0,0.0,0.0,0.0,0.0,0.0,0.0,45,0.05455408693872585,17,13,4,0,0,0,0,0,0,0,0,1,0
1ct9,D,123,PHE,2.8,189.9,0.0,0,0,X,0.0,0.0,0.0,0.0,0.0,0.0,0.0,0.0,42,0.04662742473395372,7,6,1,0,0,0,0,0,0,0,0,1,0
1ct9,D,124,ALA,1.8,88.6,0.0,0,0,X,0.0,0.0,0.0,0.0,0.0,0.0,0.0,0.0,45,0.050823892960009553,9,1,8,0,0,0,0,0,0,0,0,1,0
1ct9,D,125,LEU,3.8,166.7,0.0,0,0,X,0.0,0.0,0.0,0.0,0.0,0.0,0.0,0.0,43,0.05175644145468863,10,9,1,0,0,0,0,0,0,0,0,1,0
1ct9,D,126,TYR,-1.3,193.6,0.0,1,1,X,0.0,0.0,0.0,0.0,0.0,0.0,0.0,0.0,35,0.05502036118606539,19,29,-10,0,0,0,0,0,0,0,0,1,0
1ct9,D,127,ASP,-3.5,111.1,-1.0,1,3,X,0.0,0.0,0.0,0.0,0.0,0.0,0.0,0.0,29,0.048958795970651406,22,17,5,0,0,0,0,0,0,0,0,1,0
1ct9,D,128,SER,-0.8,89.0,0.0,1,1,X,0.0,0.0,0.0,0.0,0.0,0.0,0.0,0.0,21,0.040565859518539735,24,26,-2,0,0,0,0,0,0,0,0,1,0
1ct9,D,129,GLU,-3.5,138.4,-1.0,1,3,X,0.0,0.0,0.0,0.0,0.0,0.0,0.0,0.0,15,0.02984155182973038,23,16,7,0,0,0,0,0,0,0,0,1,0
1ct9,D,130,LYS,-3.9,168.6,1.0,2,0,X,0.0,0.0,0.0,0.0,0.0,0.0,0.0,0.0,17,0.02984155182973038,8,25,-17,0,0,0,0,0,0,0,0,1,0
1ct9,D,131,ASP,-3.5,111.1,-1.0,1,3,X,0.0,0.0,0.0,0.0,0.0,0.0,0.0,0.0,23,0.03357174580844668,10,27,-17,0,0,0,0,0,0,0,0,1,0
1ct9,D,132,ALA,1.8,88.6,0.0,0,0,X,0.0,0.0,0.0,0.0,0.0,0.0,0.0,0.0,28,0.045228601991935104,18,29,-11,0,0,0,0,0,0,0,0,1,0
1ct9,D,133,TYR,-1.3,193.6,0.0,1,1,X,0.0,0.0,0.0,0.0,0.0,0.0,0.0,0.0,37,0.0526889899493677,3,32,-29,0,0,0,0,0,0,0,0,1,0
1ct9,D,134,LEU,3.8,166.7,0.0,0,0,X,0.0,0.0,0.0,0.0,0.0,0.0,0.0,0.0,40,0.05781800667010261,5,14,-9,0,0,0,0,0,0,0,0,1,0
1ct9,D,135,ILE,4.5,166.7,0.0,0,0,X,0.0,0.0,0.0,0.0,0.0,0.0,0.0,0.0,41,0.048492521723311866,10,3,7,0,0,0,0,0,0,0,0,1,0
1ct9,D,136,GLY,-0.4,60.1,0.0,0,0,X,0.0,0.0,0.0,0.0,0.0,0.0,0.0,0.0,42,0.05502036118606539,16,8,8,0,0,0,0,0,0,0,0,1,0
1ct9,D,137,ARG,-4.5,173.4,1.0,5,0,X,0.0,0.0,0.0,0.0,0.0,0.0,0.0,0.0,38,0.062014474896158446,21,17,4,0,0,0,0,0,0,0,0,1,0
1ct9,D,138,ASP,-3.5,111.1,-1.0,1,3,X,0.0,0.0,0.0,0.0,0.0,0.0,0.0,0.0,41,0.056419183928083996,33,10,23,0,0,0,0,0,0,0,0,1,0
1ct9,D,139,HIS,-3.2,153.2,0.1,2,1,X,0.0,0.0,0.0,0.0,0.0,0.0,0.0,0.0,38,0.05129016720734909,38,28,10,0,0,0,0,0,0,0,0,1,0
1ct9,D,140,LEU,3.8,166.7,0.0,0,0,X,0.0,0.0,0.0,0.0,0.0,0.0,0.0,0.0,42,0.0526889899493677,45,14,31,0,0,0,0,0,0,0,0,1,0
1ct9,D,141,GLY,-0.4,60.1,0.0,0,0,X,0.0,0.0,0.0,0.0,0.0,0.0,0.0,0.0,36,0.05455408693872585,32,18,14,0,0,0,0,0,0,0,0,1,0
1ct9,D,142,ILE,4.5,166.7,0.0,0,0,X,0.0,0.0,0.0,0.0,0.0,0.0,0.0,0.0,46,0.050823892960009553,41,30,11,0,0,0,0,0,0,0,0,1,0
1ct9,D,143,ILE,4.5,166.7,0.0,0,0,X,0.0,0.0,0.0,0.0,0.0,0.0,0.0,0.0,45,0.04942507021799094,36,23,13,0,0,0,0,0,0,0,0,1,0
1ct9,D,144,PRO,-1.6,112.7,0.0,0,0,X,0.0,0.0,0.0,0.0,0.0,0.0,0.0,0.0,45,0.05548663543340492,39,28,11,0,0,0,0,0,0,0,0,1,0
1ct9,D,145,LEU,3.8,166.7,0.0,0,0,X,0.0,0.0,0.0,0.0,0.0,0.0,0.0,0.0,41,0.053155264196707235,29,22,7,0,0,0,0,0,0,0,0,1,0
1ct9,D,146,TYR,-1.3,193.6,0.0,1,1,X,0.0,0.0,0.0,0.0,0.0,0.0,0.0,0.0,38,0.05175644145468863,36,27,9,0,0,0,0,0,0,0,0,1,0
1ct9,D,147,MET,1.9,162.9,0.0,0,0,X,0.0,0.0,0.0,0.0,0.0,0.0,0.0,0.0,30,0.050823892960009553,11,11,0,0,0,0,0,0,0,0,0,1,0
1ct9,D,148,GLY,-0.4,60.1,0.0,0,0,X,0.0,0.0,0.0,0.0,0.0,0.0,0.0,0.0,36,0.048492521723311866,15,14,1,0,0,0,0,0,0,0,0,1,0
1ct9,D,149,TYR,-1.3,193.6,0.0,1,1,X,0.0,0.0,0.0,0.0,0.0,0.0,0.0,0.0,28,0.04616115048661418,24,21,3,0,0,0,0,0,0,0,0,1,0
1ct9,D,150,ASP,-3.5,111.1,-1.0,1,3,X,0.0,0.0,0.0,0.0,0.0,0.0,0.0,0.0,26,0.045228601991935104,31,13,18,0,0,0,0,0,0,0,0,1,0
1ct9,D,151,GLU,-3.5,138.4,-1.0,1,3,X,0.0,0.0,0.0,0.0,0.0,0.0,0.0,0.0,13,0.02797645484037223,23,8,15,0,0,0,0,0,0,0,0,1,0
1ct9,D,152,HIS,-3.2,153.2,0.1,2,1,X,0.0,0.0,0.0,0.0,0.0,0.0,0.0,0.0,18,0.028909003335051305,18,23,-5,0,0,0,0,0,0,0,0,1,0
1ct9,D,153,GLY,-0.4,60.1,0.0,0,0,X,0.0,0.0,0.0,0.0,0.0,0.0,0.0,0.0,20,0.032639197313767604,25,25,0,0,0,0,0,0,0,0,0,1,0
1ct9,D,154,GLN,-3.5,143.8,0.0,2,2,X,0.0,0.0,0.0,0.0,0.0,0.0,0.0,0.0,27,0.04942507021799094,21,28,-7,0,0,0,0,0,0,0,0,1,0
1ct9,D,155,LEU,3.8,166.7,0.0,0,0,X,0.0,0.0,0.0,0.0,0.0,0.0,0.0,0.0,34,0.05035761871267001,9,16,-7,0,0,0,0,0,0,0,0,1,0
1ct9,D,156,TYR,-1.3,193.6,0.0,1,1,X,0.0,0.0,0.0,0.0,0.0,0.0,0.0,0.0,35,0.0526889899493677,15,17,-2,0,0,0,0,0,0,0,0,1,0
1ct9,D,157,VAL,4.2,140.0,0.0,0,0,X,0.0,0.0,0.0,0.0,0.0,0.0,0.0,0.0,43,0.05035761871267001,4,6,-2,0,0,0,0,0,0,0,0,1,0
1ct9,D,158,ALA,1.8,88.6,0.0,0,0,X,0.0,0.0,0.0,0.0,0.0,0.0,0.0,0.0,44,0.05035761871267001,24,16,8,0,0,0,0,0,0,0,0,1,0
1ct9,D,159,SER,-0.8,89.0,0.0,1,1,X,0.0,0.0,0.0,0.0,0.0,0.0,0.0,0.0,47,0.053155264196707235,40,20,20,0,0,0,0,0,0,0,0,1,0
1ct9,D,160,GLU,-3.5,138.4,-1.0,1,3,X,0.0,0.0,0.0,0.0,0.0,0.0,0.0,0.0,40,0.05129016720734909,52,9,43,0,0,0,0,0,0,0,0,1,0
1ct9,D,161,MET,1.9,162.9,0.0,0,0,X,0.0,0.0,0.0,0.0,0.0,0.0,0.0,0.0,41,0.048958795970651406,22,27,-5,0,0,0,0,0,0,0,0,1,0
1ct9,D,162,LYS,-3.9,168.6,1.0,2,0,X,0.0,0.0,0.0,0.0,0.0,0.0,0.0,0.0,36,0.048958795970651406,35,22,13,0,0,0,0,0,0,0,0,1,0
1ct9,D,163,ALA,1.8,88.6,0.0,0,0,X,0.0,0.0,0.0,0.0,0.0,0.0,0.0,0.0,38,0.04989134446533048,25,21,4,0,0,0,0,0,0,0,0,1,0
1ct9,D,164,LEU,3.8,166.7,0.0,0,0,X,0.0,0.0,0.0,0.0,0.0,0.0,0.0,0.0,40,0.053621538444046775,18,14,4,0,0,0,0,0,0,0,0,1,0
1ct9,D,165,VAL,4.2,140.0,0.0,0,0,X,0.0,0.0,0.0,0.0,0.0,0.0,0.0,0.0,36,0.045694876239274644,17,12,5,0,0,0,0,0,0,0,0,1,0
1ct9,D,166,PRO,-1.6,112.7,0.0,0,0,X,0.0,0.0,0.0,0.0,0.0,0.0,0.0,0.0,27,0.02844272908771177,18,12,6,0,0,0,0,0,0,0,0,1,0
1ct9,D,167,VAL,4.2,140.0,0.0,0,0,X,0.0,0.0,0.0,0.0,0.0,0.0,0.0,0.0,31,0.0363693912924839,26,19,7,0,0,0,0,0,0,0,0,1,0
1ct9,D,168,CYS,2.5,108.5,0.0,1,0,X,0.0,0.0,0.0,0.0,0.0,0.0,0.0,0.0,30,0.04662742473395372,24,16,8,0,0,0,0,0,0,0,0,1,0
1ct9,D,169,ARG,-4.5,173.4,1.0,5,0,X,0.0,0.0,0.0,0.0,0.0,0.0,0.0,0.0,18,0.03403802005578621,9,17,-8,0,0,0,0,0,0,0,0,1,0
1ct9,D,170,THR,-0.7,116.1,0.0,1,1,X,0.0,0.0,0.0,0.0,0.0,0.0,0.0,0.0,25,0.035436842797804825,20,17,3,0,0,0,0,0,0,0,0,1,0
1ct9,D,171,ILE,4.5,166.7,0.0,0,0,X,0.0,0.0,0.0,0.0,0.0,0.0,0.0,0.0,36,0.04616115048661418,18,19,-1,0,0,0,0,0,0,0,0,1,0
1ct9,D,172,LYS,-3.9,168.6,1.0,2,0,X,0.0,0.0,0.0,0.0,0.0,0.0,0.0,0.0,27,0.040099585271200194,3,17,-14,0,0,0,0,0,0,0,0,1,0
1ct9,D,173,GLU,-3.5,138.4,-1.0,1,3,X,0.0,0.0,0.0,0.0,0.0,0.0,0.0,0.0,37,0.04103213376587927,29,7,22,0,0,0,0,0,0,0,0,1,0
1ct9,D,174,PHE,2.8,189.9,0.0,0,0,X,0.0,0.0,0.0,0.0,0.0,0.0,0.0,0.0,41,0.04429605349725603,30,15,15,0,0,0,0,0,0,0,0,1,0
1ct9,D,175,PRO,-1.6,112.7,0.0,0,0,X,0.0,0.0,0.0,0.0,0.0,0.0,0.0,0.0,29,0.03823448828184205,38,15,23,0,0,0,0,0,0,0,0,1,0
1ct9,D,176,ALA,1.8,88.6,0.0,0,0,X,0.0,0.0,0.0,0.0,0.0,0.0,0.0,0.0,32,0.04755997322863279,35,17,18,0,0,0,0,0,0,0,0,1,0
1ct9,D,177,GLY,-0.4,60.1,0.0,0,0,X,0.0,0.0,0.0,0.0,0.0,0.0,0.0,0.0,30,0.04755997322863279,43,14,29,0,0,0,0,0,0,0,0,1,0
1ct9,D,178,SER,-0.8,89.0,0.0,1,1,X,0.0,0.0,0.0,0.0,0.0,0.0,0.0,0.0,31,0.050823892960009553,26,16,10,0,0,0,0,0,0,0,0,1,0
1ct9,D,179,TYR,-1.3,193.6,0.0,1,1,X,0.0,0.0,0.0,0.0,0.0,0.0,0.0,0.0,30,0.05595290968074446,16,23,-7,0,0,0,0,0,0,0,0,1,0
1ct9,D,180,LEU,3.8,166.7,0.0,0,0,X,0.0,0.0,0.0,0.0,0.0,0.0,0.0,0.0,33,0.05175644145468863,13,18,-5,0,0,0,0,0,0,0,0,1,0
1ct9,D,181,TRP,-0.9,227.8,0.0,1,0,X,0.0,0.0,0.0,0.0,0.0,0.0,0.0,0.0,26,0.0526889899493677,18,29,-11,0,0,0,0,0,0,0,0,1,0
1ct9,D,182,SER,-0.8,89.0,0.0,1,1,X,0.0,0.0,0.0,0.0,0.0,0.0,0.0,0.0,23,0.03963331102386066,10,34,-24,0,0,0,0,0,0,0,0,1,0
1ct9,D,183,GLN,-3.5,143.8,0.0,2,2,X,0.0,0.0,0.0,0.0,0.0,0.0,0.0,0.0,17,0.027510180593032695,12,22,-10,0,0,0,0,0,0,0,0,1,0
1ct9,D,184,ASP,-3.5,111.1,-1.0,1,3,X,0.0,0.0,0.0,0.0,0.0,0.0,0.0,0.0,13,0.027510180593032695,11,9,2,0,0,0,0,0,0,0,0,1,0
1ct9,D,185,GLY,-0.4,60.1,0.0,0,0,X,0.0,0.0,0.0,0.0,0.0,0.0,0.0,0.0,17,0.027043906345693154,8,20,-12,0,0,0,0,0,0,0,0,1,0
1ct9,D,186,GLU,-3.5,138.4,-1.0,1,3,X,0.0,0.0,0.0,0.0,0.0,0.0,0.0,0.0,16,0.029375277582390842,12,8,4,0,0,0,0,0,0,0,0,1,0
1ct9,D,187,ILE,4.5,166.7,0.0,0,0,X,0.0,0.0,0.0,0.0,0.0,0.0,0.0,0.0,25,0.040565859518539735,17,19,-2,0,0,0,0,0,0,0,0,1,0
1ct9,D,188,ARG,-4.5,173.4,1.0,5,0,X,0.0,0.0,0.0,0.0,0.0,0.0,0.0,0.0,20,0.03357174580844668,0,24,-24,0,0,0,0,0,0,0,0,1,0
1ct9,D,189,SER,-0.8,89.0,0.0,1,1,X,0.0,0.0,0.0,0.0,0.0,0.0,0.0,0.0,23,0.03170664881908853,31,10,21,0,0,0,0,0,0,0,0,1,0
1ct9,D,190,TYR,-1.3,193.6,0.0,1,1,X,0.0,0.0,0.0,0.0,0.0,0.0,0.0,0.0,32,0.03870076252918159,42,26,16,0,0,0,0,0,0,0,0,1,0
1ct9,D,191,TYR,-1.3,193.6,0.0,1,1,X,0.0,0.0,0.0,0.0,0.0,0.0,0.0,0.0,32,0.043363505002576956,45,26,19,0,0,0,0,0,0,0,0,1,0
1ct9,D,192,HIS,-3.2,153.2,0.1,2,1,X,0.0,0.0,0.0,0.0,0.0,0.0,0.0,0.0,16,0.03357174580844668,16,23,-7,0,0,0,0,0,0,0,0,1,0
1ct9,D,193,ARG,-4.5,173.4,1.0,5,0,X,0.0,0.0,0.0,0.0,0.0,0.0,0.0,0.0,23,0.03776821403450251,40,27,13,0,0,0,0,0,0,0,0,1,0
1ct9,D,194,ASP,-3.5,111.1,-1.0,1,3,X,0.0,0.0,0.0,0.0,0.0,0.0,0.0,0.0,20,0.03683566553982344,38,22,16,0,0,0,0,0,0,0,0,1,0
1ct9,D,195,TRP,-0.9,227.8,0.0,1,0,X,0.0,0.0,0.0,0.0,0.0,0.0,0.0,0.0,33,0.04989134446533048,51,27,24,0,0,0,0,0,0,0,0,1,0
1ct9,D,196,PHE,2.8,189.9,0.0,0,0,X,0.0,0.0,0.0,0.0,0.0,0.0,0.0,0.0,24,0.040565859518539735,40,25,15,0,0,0,0,0,0,0,0,1,0
1ct9,D,197,ASP,-3.5,111.1,-1.0,1,3,X,0.0,0.0,0.0,0.0,0.0,0.0,0.0,0.0,19,0.03683566553982344,37,25,12,0,0,0,0,0,0,0,0,1,0
1ct9,D,198,TYR,-1.3,193.6,0.0,1,1,X,0.0,0.0,0.0,0.0,0.0,0.0,0.0,0.0,26,0.04429605349725603,29,41,-12,0,0,0,0,0,0,0,0,1,0
1ct9,D,199,ASP,-3.5,111.1,-1.0,1,3,X,0.0,0.0,0.0,0.0,0.0,0.0,0.0,0.0,15,0.027510180593032695,24,25,-1,0,0,0,0,0,0,0,0,1,0
1ct9,D,200,ALA,1.8,88.6,0.0,0,0,X,0.0,0.0,0.0,0.0,0.0,0.0,0.0,0.0,20,0.03590311704514436,30,32,-2,0,0,0,0,0,0,0,0,1,0
1ct9,D,201,VAL,4.2,140.0,0.0,0,0,X,0.0,0.0,0.0,0.0,0.0,0.0,0.0,0.0,28,0.048026247475972325,38,34,4,0,0,0,0,0,0,0,0,1,0
1ct9,D,202,LYS,-3.9,168.6,1.0,2,0,X,0.0,0.0,0.0,0.0,0.0,0.0,0.0,0.0,17,0.04243095650789788,16,22,-6,0,0,0,0,0,0,0,0,1,0
1ct9,D,203,ASP,-3.5,111.1,-1.0,1,3,X,0.0,0.0,0.0,0.0,0.0,0.0,0.0,0.0,14,0.02844272908771177,11,5,6,0,0,0,0,0,0,0,0,1,0
1ct9,D,204,ASN,-3.5,114.1,0.0,2,2,X,0.0,0.0,0.0,0.0,0.0,0.0,0.0,0.0,24,0.02984155182973038,19,26,-7,0,0,0,0,0,0,0,0,1,0
1ct9,D,205,VAL,4.2,140.0,0.0,0,0,X,0.0,0.0,0.0,0.0,0.0,0.0,0.0,0.0,14,0.025178809356335007,13,23,-10,0,0,0,0,0,0,0,0,1,0
1ct9,D,206,THR,-0.7,116.1,0.0,1,1,X,0.0,0.0,0.0,0.0,0.0,0.0,0.0,0.0,24,0.03357174580844668,19,29,-10,0,0,0,0,0,0,0,0,1,0
1ct9,D,207,ASP,-3.5,111.1,-1.0,1,3,X,0.0,0.0,0.0,0.0,0.0,0.0,0.0,0.0,18,0.030307826077069916,20,12,8,0,0,0,0,0,0,0,0,1,0
1ct9,D,208,LYS,-3.9,168.6,1.0,2,0,X,0.0,0.0,0.0,0.0,0.0,0.0,0.0,0.0,20,0.03590311704514436,16,32,-16,0,0,0,0,0,0,0,0,1,0
1ct9,D,209,ASN,-3.5,114.1,0.0,2,2,X,0.0,0.0,0.0,0.0,0.0,0.0,0.0,0.0,17,0.029375277582390842,20,25,-5,0,0,0,0,0,0,0,0,1,0
1ct9,D,210,GLU,-3.5,138.4,-1.0,1,3,X,0.0,0.0,0.0,0.0,0.0,0.0,0.0,0.0,22,0.03403802005578621,24,16,8,0,0,0,0,0,0,0,0,1,0
1ct9,D,211,LEU,3.8,166.7,0.0,0,0,X,0.0,0.0,0.0,0.0,0.0,0.0,0.0,0.0,34,0.048026247475972325,29,36,-7,0,0,0,0,0,0,0,0,1,0
1ct9,D,212,ARG,-4.5,173.4,1.0,5,0,X,0.0,0.0,0.0,0.0,0.0,0.0,0.0,0.0,27,0.04616115048661418,14,33,-19,0,0,0,0,0,0,0,0,1,0
1ct9,D,213,GLN,-3.5,143.8,0.0,2,2,X,0.0,0.0,0.0,0.0,0.0,0.0,0.0,0.0,21,0.040099585271200194,24,31,-7,0,0,0,0,0,0,0,0,1,0
1ct9,D,214,ALA,1.8,88.6,0.0,0,0,X,0.0,0.0,0.0,0.0,0.0,0.0,0.0,0.0,33,0.043829779249916496,34,41,-7,0,0,0,0,0,0,0,0,1,0
1ct9,D,215,LEU,3.8,166.7,0.0,0,0,X,0.0,0.0,0.0,0.0,0.0,0.0,0.0,0.0,41,0.053621538444046775,31,29,2,0,0,0,0,0,0,0,0,1,0
1ct9,D,216,GLU,-3.5,138.4,-1.0,1,3,X,0.0,0.0,0.0,0.0,0.0,0.0,0.0,0.0,27,0.04989134446533048,32,12,20,0,0,0,0,0,0,0,0,1,0
1ct9,D,217,ASP,-3.5,111.1,-1.0,1,3,X,0.0,0.0,0.0,0.0,0.0,0.0,0.0,0.0,24,0.040565859518539735,38,16,22,0,0,0,0,0,0,0,0,1,0
1ct9,D,218,SER,-0.8,89.0,0.0,1,1,X,0.0,0.0,0.0,0.0,0.0,0.0,0.0,0.0,33,0.0526889899493677,42,24,18,0,0,0,0,0,0,0,0,1,0
1ct9,D,219,VAL,4.2,140.0,0.0,0,0,X,0.0,0.0,0.0,0.0,0.0,0.0,0.0,0.0,37,0.05129016720734909,39,23,16,0,0,0,0,0,0,0,0,1,0
1ct9,D,220,LYS,-3.9,168.6,1.0,2,0,X,0.0,0.0,0.0,0.0,0.0,0.0,0.0,0.0,25,0.040565859518539735,21,19,2,0,0,0,0,0,0,0,0,1,0
1ct9,D,221,SER,-0.8,89.0,0.0,1,1,X,0.0,0.0,0.0,0.0,0.0,0.0,0.0,0.0,31,0.03776821403450251,37,25,12,0,0,0,0,0,0,0,0,1,0
1ct9,D,222,HIS,-3.2,153.2,0.1,2,1,X,0.0,0.0,0.0,0.0,0.0,0.0,0.0,0.0,37,0.04709369898129325,19,30,-11,0,0,0,0,0,0,0,0,1,0
1ct9,D,223,LEU,3.8,166.7,0.0,0,0,X,0.0,0.0,0.0,0.0,0.0,0.0,0.0,0.0,34,0.040565859518539735,33,9,24,0,0,0,0,0,0,0,0,1,0
1ct9,D,224,MET,1.9,162.9,0.0,0,0,X,0.0,0.0,0.0,0.0,0.0,0.0,0.0,0.0,31,0.03963331102386066,32,30,2,0,0,0,0,0,0,0,0,1,0
1ct9,D,225,SER,-0.8,89.0,0.0,1,1,X,0.0,0.0,0.0,0.0,0.0,0.0,0.0,0.0,25,0.03870076252918159,21,26,-5,0,0,0,0,0,0,0,0,1,0
1ct9,D,226,ASP,-3.5,111.1,-1.0,1,3,X,0.0,0.0,0.0,0.0,0.0,0.0,0.0,0.0,23,0.026577632098353617,13,14,-1,0,0,0,0,0,0,0,0,1,0
1ct9,D,227,VAL,4.2,140.0,0.0,0,0,X,0.0,0.0,0.0,0.0,0.0,0.0,0.0,0.0,26,0.032172923066428064,15,22,-7,0,0,0,0,0,0,0,0,1,0
1ct9,D,228,PRO,-1.6,112.7,0.0,0,0,X,0.0,0.0,0.0,0.0,0.0,0.0,0.0,0.0,30,0.02984155182973038,26,9,17,0,0,0,0,0,0,0,0,1,0
1ct9,D,229,TYR,-1.3,193.6,0.0,1,1,X,0.0,0.0,0.0,0.0,0.0,0.0,0.0,0.0,31,0.040565859518539735,28,7,21,0,0,0,0,0,0,0,0,1,0
1ct9,D,230,GLY,-0.4,60.1,0.0,0,0,X,0.0,0.0,0.0,0.0,0.0,0.0,0.0,0.0,38,0.04989134446533048,32,6,26,0,0,0,0,0,0,0,0,1,0
1ct9,D,231,VAL,4.2,140.0,0.0,0,0,X,0.0,0.0,0.0,0.0,0.0,0.0,0.0,0.0,45,0.050823892960009553,32,3,29,0,0,0,0,0,0,0,0,1,0
1ct9,D,232,LEU,3.8,166.7,0.0,0,0,X,0.0,0.0,0.0,0.0,0.0,0.0,0.0,0.0,42,0.04616115048661418,17,12,5,0,0,0,0,0,0,0,0,1,1
1ct9,D,233,LEU,3.8,166.7,0.0,0,0,X,0.0,0.0,0.0,0.0,0.0,0.0,0.0,0.0,43,0.04942507021799094,22,21,1,0,0,0,0,0,0,0,0,1,1
1ct9,D,234,SER,-0.8,89.0,0.0,1,1,X,0.0,0.0,0.0,0.0,0.0,0.0,0.0,0.0,36,0.040565859518539735,10,17,-7,0,0,0,0,0,0,0,0,1,1
1ct9,D,235,GLY,-0.4,60.1,0.0,0,0,X,0.0,0.0,0.0,0.0,0.0,0.0,0.0,0.0,34,0.04289723075523742,13,25,-12,0,0,0,0,0,0,0,0,1,0
1ct9,D,236,GLY,-0.4,60.1,0.0,0,0,X,0.0,0.0,0.0,0.0,0.0,0.0,0.0,0.0,39,0.03403802005578621,13,22,-9,0,0,0,0,0,0,0,0,1,0
1ct9,D,237,LEU,3.8,166.7,0.0,0,0,X,0.0,0.0,0.0,0.0,0.0,0.0,0.0,0.0,40,0.04103213376587927,29,23,6,0,0,0,0,0,0,0,0,1,0
1ct9,D,238,ASP,-3.5,111.1,-1.0,1,3,X,0.0,0.0,0.0,0.0,0.0,0.0,0.0,0.0,33,0.04196468226055834,18,20,-2,0,0,0,0,0,0,0,0,1,0
1ct9,D,239,SER,-0.8,89.0,0.0,1,1,X,0.0,0.0,0.0,0.0,0.0,0.0,0.0,0.0,39,0.04662742473395372,3,18,-15,0,0,0,0,0,0,0,0,1,1
1ct9,D,240,SER,-0.8,89.0,0.0,1,1,X,0.0,0.0,0.0,0.0,0.0,0.0,0.0,0.0,40,0.048958795970651406,9,12,-3,0,0,0,0,0,0,0,0,1,0
1ct9,D,241,ILE,4.5,166.7,0.0,0,0,X,0.0,0.0,0.0,0.0,0.0,0.0,0.0,0.0,42,0.04989134446533048,15,19,-4,0,0,0,0,0,0,0,0,1,0
1ct9,D,242,ILE,4.5,166.7,0.0,0,0,X,0.0,0.0,0.0,0.0,0.0,0.0,0.0,0.0,43,0.05035761871267001,16,20,-4,0,0,0,0,0,0,0,0,1,0
1ct9,D,243,SER,-0.8,89.0,0.0,1,1,X,0.0,0.0,0.0,0.0,0.0,0.0,0.0,0.0,45,0.050823892960009553,21,5,16,0,0,0,0,0,0,0,0,1,0
1ct9,D,244,ALA,1.8,88.6,0.0,0,0,X,0.0,0.0,0.0,0.0,0.0,0.0,0.0,0.0,35,0.048492521723311866,25,10,15,0,0,0,0,0,0,0,0,1,0
1ct9,D,245,ILE,4.5,166.7,0.0,0,0,X,0.0,0.0,0.0,0.0,0.0,0.0,0.0,0.0,35,0.05129016720734909,33,16,17,0,0,0,0,0,0,0,0,1,0
1ct9,D,246,THR,-0.7,116.1,0.0,1,1,X,0.0,0.0,0.0,0.0,0.0,0.0,0.0,0.0,36,0.04709369898129325,33,7,26,0,0,0,0,0,0,0,0,1,0
1ct9,D,247,LYS,-3.9,168.6,1.0,2,0,X,0.0,0.0,0.0,0.0,0.0,0.0,0.0,0.0,27,0.040565859518539735,14,0,14,0,0,0,0,0,0,0,0,1,0
1ct9,D,248,LYS,-3.9,168.6,1.0,2,0,X,0.0,0.0,0.0,0.0,0.0,0.0,0.0,0.0,22,0.03357174580844668,18,10,8,0,0,0,0,0,0,0,0,1,0
1ct9,D,249,TYR,-1.3,193.6,0.0,1,1,X,0.0,0.0,0.0,0.0,0.0,0.0,0.0,0.0,25,0.03450429430312575,27,16,11,0,0,0,0,0,0,0,0,1,0
1ct9,D,250,ALA,1.8,88.6,0.0,0,0,X,0.0,0.0,0.0,0.0,0.0,0.0,0.0,0.0,20,0.028909003335051305,24,0,24,0,0,0,0,0,0,0,0,1,0
1ct9,D,251,ALA,1.8,88.6,0.0,0,0,X,0.0,0.0,0.0,0.0,0.0,0.0,0.0,0.0,11,0.012589404678167503,20,0,20,0,0,0,0,0,0,0,0,1,0
1ct9,D,266,GLN,-3.5,143.8,0.0,2,2,X,0.0,0.0,0.0,0.0,0.0,0.0,0.0,0.0,14,0.01958351838826056,18,0,18,0,0,0,0,0,0,0,0,1,0
1ct9,D,267,LEU,3.8,166.7,0.0,0,0,X,0.0,0.0,0.0,0.0,0.0,0.0,0.0,0.0,32,0.040099585271200194,34,0,34,0,0,0,0,0,0,0,0,1,0
1ct9,D,268,HIS,-3.2,153.2,0.1,2,1,X,0.0,0.0,0.0,0.0,0.0,0.0,0.0,0.0,27,0.043829779249916496,22,1,21,0,0,0,0,0,0,0,0,1,0
1ct9,D,269,SER,-0.8,89.0,0.0,1,1,X,0.0,0.0,0.0,0.0,0.0,0.0,0.0,0.0,37,0.05222271570202816,32,6,26,0,0,0,0,0,0,0,0,1,0
1ct9,D,270,PHE,2.8,189.9,0.0,0,0,X,0.0,0.0,0.0,0.0,0.0,0.0,0.0,0.0,36,0.04989134446533048,40,6,34,0,0,0,0,0,0,0,0,1,1
1ct9,D,271,ALA,1.8,88.6,0.0,0,0,X,0.0,0.0,0.0,0.0,0.0,0.0,0.0,0.0,39,0.04989134446533048,39,16,23,0,0,0,0,0,0,0,0,1,1
1ct9,D,272,VAL,4.2,140.0,0.0,0,0,X,0.0,0.0,0.0,0.0,0.0,0.0,0.0,0.0,39,0.04709369898129325,27,17,10,0,0,0,0,0,0,0,0,1,1
1ct9,D,273,GLY,-0.4,60.1,0.0,0,0,X,0.0,0.0,0.0,0.0,0.0,0.0,0.0,0.0,36,0.04942507021799094,20,21,-1,0,0,0,0,0,0,0,0,1,0
1ct9,D,274,LEU,3.8,166.7,0.0,0,0,X,0.0,0.0,0.0,0.0,0.0,0.0,0.0,0.0,29,0.043829779249916496,12,18,-6,0,0,0,0,0,0,0,0,1,0
1ct9,D,275,PRO,-1.6,112.7,0.0,0,0,X,0.0,0.0,0.0,0.0,0.0,0.0,0.0,0.0,21,0.030307826077069916,15,10,5,0,0,0,0,0,0,0,0,1,0
1ct9,D,276,GLY,-0.4,60.1,0.0,0,0,X,0.0,0.0,0.0,0.0,0.0,0.0,0.0,0.0,19,0.027043906345693154,17,13,4,0,0,0,0,0,0,0,0,1,0
1ct9,D,277,SER,-0.8,89.0,0.0,1,1,X,0.0,0.0,0.0,0.0,0.0,0.0,0.0,0.0,25,0.03870076252918159,18,19,-1,0,0,0,0,0,0,0,0,1,0
1ct9,D,278,PRO,-1.6,112.7,0.0,0,0,X,0.0,0.0,0.0,0.0,0.0,0.0,0.0,0.0,20,0.02844272908771177,9,17,-8,0,0,0,0,0,0,0,0,1,0
1ct9,D,279,ASP,-3.5,111.1,-1.0,1,3,X,0.0,0.0,0.0,0.0,0.0,0.0,0.0,0.0,31,0.03823448828184205,11,15,-4,0,0,0,0,0,0,0,0,1,0
1ct9,D,280,LEU,3.8,166.7,0.0,0,0,X,0.0,0.0,0.0,0.0,0.0,0.0,0.0,0.0,31,0.050823892960009553,28,22,6,0,0,0,0,0,0,0,0,1,0
1ct9,D,281,LYS,-3.9,168.6,1.0,2,0,X,0.0,0.0,0.0,0.0,0.0,0.0,0.0,0.0,24,0.034970568550465285,8,23,-15,0,0,0,0,0,0,0,0,1,0
1ct9,D,282,ALA,1.8,88.6,0.0,0,0,X,0.0,0.0,0.0,0.0,0.0,0.0,0.0,0.0,28,0.03916703677652112,17,21,-4,0,0,0,0,0,0,0,0,1,0
1ct9,D,283,ALA,1.8,88.6,0.0,0,0,X,0.0,0.0,0.0,0.0,0.0,0.0,0.0,0.0,36,0.04989134446533048,26,25,1,0,0,0,0,0,0,0,0,1,0
1ct9,D,284,GLN,-3.5,143.8,0.0,2,2,X,0.0,0.0,0.0,0.0,0.0,0.0,0.0,0.0,27,0.04243095650789788,28,21,7,0,0,0,0,0,0,0,0,1,0
1ct9,D,285,GLU,-3.5,138.4,-1.0,1,3,X,0.0,0.0,0.0,0.0,0.0,0.0,0.0,0.0,26,0.03450429430312575,22,3,19,0,0,0,0,0,0,0,0,1,0
1ct9,D,286,VAL,4.2,140.0,0.0,0,0,X,0.0,0.0,0.0,0.0,0.0,0.0,0.0,0.0,36,0.053155264196707235,24,11,13,0,0,0,0,0,0,0,0,1,0
1ct9,D,287,ALA,1.8,88.6,0.0,0,0,X,0.0,0.0,0.0,0.0,0.0,0.0,0.0,0.0,36,0.04709369898129325,36,11,25,0,0,0,0,0,0,0,0,1,0
1ct9,D,288,ASN,-3.5,114.1,0.0,2,2,X,0.0,0.0,0.0,0.0,0.0,0.0,0.0,0.0,17,0.03450429430312575,22,9,13,0,0,0,0,0,0,0,0,1,0
1ct9,D,289,HIS,-3.2,153.2,0.1,2,1,X,0.0,0.0,0.0,0.0,0.0,0.0,0.0,0.0,23,0.030774100324409453,3,11,-8,0,0,0,0,0,0,0,0,1,0
1ct9,D,290,LEU,3.8,166.7,0.0,0,0,X,0.0,0.0,0.0,0.0,0.0,0.0,0.0,0.0,30,0.03683566553982344,28,6,22,0,0,0,0,0,0,0,0,1,0
1ct9,D,291,GLY,-0.4,60.1,0.0,0,0,X,0.0,0.0,0.0,0.0,0.0,0.0,0.0,0.0,23,0.02611135785101408,32,3,29,0,0,0,0,0,0,0,0,1,0
1ct9,D,292,THR,-0.7,116.1,0.0,1,1,X,0.0,0.0,0.0,0.0,0.0,0.0,0.0,0.0,27,0.04103213376587927,45,4,41,0,0,0,0,0,0,0,0,1,0
1ct9,D,293,VAL,4.2,140.0,0.0,0,0,X,0.0,0.0,0.0,0.0,0.0,0.0,0.0,0.0,21,0.03357174580844668,34,1,33,0,0,0,0,0,0,0,0,1,0
1ct9,D,294,HIS,-3.2,153.2,0.1,2,1,X,0.0,0.0,0.0,0.0,0.0,0.0,0.0,0.0,32,0.04429605349725603,24,14,10,0,0,0,0,0,0,0,0,1,0
1ct9,D,295,HIS,-3.2,153.2,0.1,2,1,X,0.0,0.0,0.0,0.0,0.0,0.0,0.0,0.0,26,0.0363693912924839,27,9,18,0,0,0,0,0,0,0,0,1,0
1ct9,D,296,GLU,-3.5,138.4,-1.0,1,3,X,0.0,0.0,0.0,0.0,0.0,0.0,0.0,0.0,28,0.040565859518539735,42,6,36,0,0,0,0,0,0,0,0,1,0
1ct9,D,297,ILE,4.5,166.7,0.0,0,0,X,0.0,0.0,0.0,0.0,0.0,0.0,0.0,0.0,31,0.03963331102386066,43,10,33,0,0,0,0,0,0,0,0,1,0
1ct9,D,298,HIS,-3.2,153.2,0.1,2,1,X,0.0,0.0,0.0,0.0,0.0,0.0,0.0,0.0,22,0.04103213376587927,12,14,-2,0,0,0,0,0,0,0,0,1,0
1ct9,D,299,PHE,2.8,189.9,0.0,0,0,X,0.0,0.0,0.0,0.0,0.0,0.0,0.0,0.0,33,0.04289723075523742,16,13,3,0,0,0,0,0,0,0,0,1,0
1ct9,D,300,THR,-0.7,116.1,0.0,1,1,X,0.0,0.0,0.0,0.0,0.0,0.0,0.0,0.0,24,0.03170664881908853,11,15,-4,0,0,0,0,0,0,0,0,1,0
1ct9,D,301,VAL,4.2,140.0,0.0,0,0,X,0.0,0.0,0.0,0.0,0.0,0.0,0.0,0.0,27,0.040099585271200194,2,22,-20,0,0,0,0,0,0,0,0,1,0
1ct9,D,302,GLN,-3.5,143.8,0.0,2,2,X,0.0,0.0,0.0,0.0,0.0,0.0,0.0,0.0,23,0.03170664881908853,9,17,-8,0,0,0,0,0,0,0,0,1,0
1ct9,D,303,GLU,-3.5,138.4,-1.0,1,3,X,0.0,0.0,0.0,0.0,0.0,0.0,0.0,0.0,29,0.040565859518539735,14,8,6,0,0,0,0,0,0,0,0,1,0
1ct9,D,304,GLY,-0.4,60.1,0.0,0,0,X,0.0,0.0,0.0,0.0,0.0,0.0,0.0,0.0,33,0.048958795970651406,11,21,-10,0,0,0,0,0,0,0,0,1,0
1ct9,D,305,LEU,3.8,166.7,0.0,0,0,X,0.0,0.0,0.0,0.0,0.0,0.0,0.0,0.0,35,0.03963331102386066,14,21,-7,0,0,0,0,0,0,0,0,1,0
1ct9,D,306,ASP,-3.5,111.1,-1.0,1,3,X,0.0,0.0,0.0,0.0,0.0,0.0,0.0,0.0,32,0.03357174580844668,31,18,13,0,0,0,0,0,0,0,0,1,0
1ct9,D,307,ALA,1.8,88.6,0.0,0,0,X,0.0,0.0,0.0,0.0,0.0,0.0,0.0,0.0,33,0.040099585271200194,26,23,3,0,0,0,0,0,0,0,0,1,0
1ct9,D,308,ILE,4.5,166.7,0.0,0,0,X,0.0,0.0,0.0,0.0,0.0,0.0,0.0,0.0,38,0.04243095650789788,20,25,-5,0,0,0,0,0,0,0,0,1,0
1ct9,D,309,ARG,-4.5,173.4,1.0,5,0,X,0.0,0.0,0.0,0.0,0.0,0.0,0.0,0.0,28,0.03683566553982344,23,38,-15,0,0,0,0,0,0,0,0,1,0
1ct9,D,310,ASP,-3.5,111.1,-1.0,1,3,X,0.0,0.0,0.0,0.0,0.0,0.0,0.0,0.0,33,0.04196468226055834,51,13,38,0,0,0,0,0,0,0,0,1,0
1ct9,D,311,VAL,4.2,140.0,0.0,0,0,X,0.0,0.0,0.0,0.0,0.0,0.0,0.0,0.0,42,0.05175644145468863,36,20,16,0,0,0,0,0,0,0,0,1,0
1ct9,D,312,ILE,4.5,166.7,0.0,0,0,X,0.0,0.0,0.0,0.0,0.0,0.0,0.0,0.0,34,0.05548663543340492,32,33,-1,0,0,0,0,0,0,0,0,1,0
1ct9,D,313,TYR,-1.3,193.6,0.0,1,1,X,0.0,0.0,0.0,0.0,0.0,0.0,0.0,0.0,28,0.05222271570202816,48,27,21,0,0,0,0,0,0,0,0,1,0
1ct9,D,314,HIS,-3.2,153.2,0.1,2,1,X,0.0,0.0,0.0,0.0,0.0,0.0,0.0,0.0,35,0.05129016720734909,52,25,27,0,0,0,0,0,0,0,0,1,0
1ct9,D,315,ILE,4.5,166.7,0.0,0,0,X,0.0,0.0,0.0,0.0,0.0,0.0,0.0,0.0,46,0.048492521723311866,42,30,12,0,0,0,0,0,0,0,0,1,0
1ct9,D,316,GLU,-3.5,138.4,-1.0,1,3,X,0.0,0.0,0.0,0.0,0.0,0.0,0.0,0.0,41,0.048958795970651406,37,14,23,0,0,0,0,0,0,0,0,1,0
1ct9,D,317,THR,-0.7,116.1,0.0,1,1,X,0.0,0.0,0.0,0.0,0.0,0.0,0.0,0.0,40,0.05129016720734909,26,22,4,0,0,0,0,0,0,0,0,1,0
1ct9,D,318,TYR,-1.3,193.6,0.0,1,1,X,0.0,0.0,0.0,0.0,0.0,0.0,0.0,0.0,34,0.050823892960009553,11,31,-20,0,0,0,0,0,0,0,0,1,0
1ct9,D,319,ASP,-3.5,111.1,-1.0,1,3,X,0.0,0.0,0.0,0.0,0.0,0.0,0.0,0.0,28,0.03963331102386066,19,11,8,0,0,0,0,0,0,0,0,1,0
1ct9,D,320,VAL,4.2,140.0,0.0,0,0,X,0.0,0.0,0.0,0.0,0.0,0.0,0.0,0.0,30,0.040565859518539735,23,17,6,0,0,0,0,0,0,0,0,1,0
1ct9,D,321,THR,-0.7,116.1,0.0,1,1,X,0.0,0.0,0.0,0.0,0.0,0.0,0.0,0.0,21,0.03170664881908853,18,17,1,0,0,0,0,0,0,0,0,1,0
1ct9,D,322,THR,-0.7,116.1,0.0,1,1,X,0.0,0.0,0.0,0.0,0.0,0.0,0.0,0.0,31,0.040099585271200194,24,21,3,0,0,0,0,0,0,0,0,1,0
1ct9,D,323,ILE,4.5,166.7,0.0,0,0,X,0.0,0.0,0.0,0.0,0.0,0.0,0.0,0.0,37,0.0526889899493677,26,23,3,0,0,0,0,0,0,0,0,1,0
1ct9,D,324,ARG,-4.5,173.4,1.0,5,0,X,0.0,0.0,0.0,0.0,0.0,0.0,0.0,0.0,29,0.048026247475972325,9,26,-17,0,0,0,0,0,0,0,0,1,0
1ct9,D,325,ALA,1.8,88.6,0.0,0,0,X,0.0,0.0,0.0,0.0,0.0,0.0,0.0,0.0,32,0.03870076252918159,21,15,6,0,0,0,0,0,0,0,0,1,0
1ct9,D,326,SER,-0.8,89.0,0.0,1,1,X,0.0,0.0,0.0,0.0,0.0,0.0,0.0,0.0,42,0.04476232774459557,32,11,21,0,0,0,0,0,0,0,0,1,0
1ct9,D,327,THR,-0.7,116.1,0.0,1,1,X,0.0,0.0,0.0,0.0,0.0,0.0,0.0,0.0,41,0.05129016720734909,16,14,2,0,0,0,0,0,0,0,0,1,0
1ct9,D,328,PRO,-1.6,112.7,0.0,0,0,X,0.0,0.0,0.0,0.0,0.0,0.0,0.0,0.0,39,0.045694876239274644,15,4,11,0,0,0,0,0,0,0,0,1,0
1ct9,D,329,MET,1.9,162.9,0.0,0,0,X,0.0,0.0,0.0,0.0,0.0,0.0,0.0,0.0,41,0.043363505002576956,23,5,18,0,0,0,0,0,0,0,0,1,0
1ct9,D,330,TYR,-1.3,193.6,0.0,1,1,X,0.0,0.0,0.0,0.0,0.0,0.0,0.0,0.0,42,0.053155264196707235,44,12,32,0,0,0,0,0,0,0,0,1,0
1ct9,D,331,LEU,3.8,166.7,0.0,0,0,X,0.0,0.0,0.0,0.0,0.0,0.0,0.0,0.0,39,0.050823892960009553,28,15,13,0,0,0,0,0,0,0,0,1,0
1ct9,D,332,MET,1.9,162.9,0.0,0,0,X,0.0,0.0,0.0,0.0,0.0,0.0,0.0,0.0,37,0.05222271570202816,29,4,25,0,0,0,0,0,0,0,0,1,1
1ct9,D,333,SER,-0.8,89.0,0.0,1,1,X,0.0,0.0,0.0,0.0,0.0,0.0,0.0,0.0,39,0.05502036118606539,35,7,28,0,0,0,0,0,0,0,0,1,0
1ct9,D,334,ARG,-4.5,173.4,1.0,5,0,X,0.0,0.0,0.0,0.0,0.0,0.0,0.0,0.0,33,0.05455408693872585,33,17,16,0,0,0,0,0,0,0,0,1,0
1ct9,D,335,LYS,-3.9,168.6,1.0,2,0,X,0.0,0.0,0.0,0.0,0.0,0.0,0.0,0.0,34,0.04616115048661418,34,15,19,0,0,0,0,0,0,0,0,1,0
1ct9,D,336,ILE,4.5,166.7,0.0,0,0,X,0.0,0.0,0.0,0.0,0.0,0.0,0.0,0.0,37,0.043363505002576956,47,7,40,0,0,0,0,0,0,0,0,1,0
1ct9,D,337,LYS,-3.9,168.6,1.0,2,0,X,0.0,0.0,0.0,0.0,0.0,0.0,0.0,0.0,28,0.043363505002576956,29,13,16,0,0,0,0,0,0,0,0,1,0
1ct9,D,338,ALA,1.8,88.6,0.0,0,0,X,0.0,0.0,0.0,0.0,0.0,0.0,0.0,0.0,27,0.03916703677652112,45,8,37,0,0,0,0,0,0,0,0,1,0
1ct9,D,339,MET,1.9,162.9,0.0,0,0,X,0.0,0.0,0.0,0.0,0.0,0.0,0.0,0.0,27,0.02844272908771177,45,7,38,0,0,0,0,0,0,0,0,1,0
1ct9,D,340,GLY,-0.4,60.1,0.0,0,0,X,0.0,0.0,0.0,0.0,0.0,0.0,0.0,0.0,23,0.030774100324409453,41,2,39,0,0,0,0,0,0,0,0,1,0
1ct9,D,341,ILE,4.5,166.7,0.0,0,0,X,0.0,0.0,0.0,0.0,0.0,0.0,0.0,0.0,31,0.043829779249916496,42,5,37,0,0,0,0,0,0,0,0,1,0
1ct9,D,342,LYS,-3.9,168.6,1.0,2,0,X,0.0,0.0,0.0,0.0,0.0,0.0,0.0,0.0,34,0.04942507021799094,19,21,-2,0,0,0,0,0,0,0,0,1,0
1ct9,D,343,MET,1.9,162.9,0.0,0,0,X,0.0,0.0,0.0,0.0,0.0,0.0,0.0,0.0,37,0.05129016720734909,28,18,10,0,0,0,0,0,0,0,0,1,0
1ct9,D,344,VAL,4.2,140.0,0.0,0,0,X,0.0,0.0,0.0,0.0,0.0,0.0,0.0,0.0,43,0.05035761871267001,26,10,16,0,0,0,0,0,0,0,0,1,0
1ct9,D,345,LEU,3.8,166.7,0.0,0,0,X,0.0,0.0,0.0,0.0,0.0,0.0,0.0,0.0,43,0.048492521723311866,30,15,15,0,0,0,0,0,0,0,0,1,0
1ct9,D,346,SER,-0.8,89.0,0.0,1,1,X,0.0,0.0,0.0,0.0,0.0,0.0,0.0,0.0,40,0.04709369898129325,13,23,-10,0,0,0,0,0,0,0,0,1,1
1ct9,D,347,GLY,-0.4,60.1,0.0,0,0,X,0.0,0.0,0.0,0.0,0.0,0.0,0.0,0.0,38,0.045228601991935104,9,35,-26,0,0,0,0,0,0,0,0,1,1
1ct9,D,348,GLU,-3.5,138.4,-1.0,1,3,X,0.0,0.0,0.0,0.0,0.0,0.0,0.0,0.0,32,0.04476232774459557,16,30,-14,0,0,0,0,0,0,0,0,1,1
1ct9,D,349,GLY,-0.4,60.1,0.0,0,0,X,0.0,0.0,0.0,0.0,0.0,0.0,0.0,0.0,38,0.050823892960009553,13,45,-32,0,0,0,0,0,0,0,0,1,0
1ct9,D,350,SER,-0.8,89.0,0.0,1,1,X,0.0,0.0,0.0,0.0,0.0,0.0,0.0,0.0,37,0.048026247475972325,14,40,-26,0,0,0,0,0,0,0,0,1,0
1ct9,D,351,ASP,-3.5,111.1,-1.0,1,3,X,0.0,0.0,0.0,0.0,0.0,0.0,0.0,0.0,29,0.043829779249916496,20,36,-16,0,0,0,0,0,0,0,0,1,0
1ct9,D,352,GLU,-3.5,138.4,-1.0,1,3,X,0.0,0.0,0.0,0.0,0.0,0.0,0.0,0.0,37,0.05035761871267001,24,33,-9,0,0,0,0,0,0,0,0,1,0
1ct9,D,353,VAL,4.2,140.0,0.0,0,0,X,0.0,0.0,0.0,0.0,0.0,0.0,0.0,0.0,43,0.04755997322863279,31,31,0,0,0,0,0,0,0,0,0,1,0
1ct9,D,354,PHE,2.8,189.9,0.0,0,0,X,0.0,0.0,0.0,0.0,0.0,0.0,0.0,0.0,41,0.04755997322863279,30,30,0,0,0,0,0,0,0,0,0,1,0
1ct9,D,355,GLY,-0.4,60.1,0.0,0,0,X,0.0,0.0,0.0,0.0,0.0,0.0,0.0,0.0,37,0.05175644145468863,44,41,3,0,0,0,0,0,0,0,0,1,0
1ct9,D,356,GLY,-0.4,60.1,0.0,0,0,X,0.0,0.0,0.0,0.0,0.0,0.0,0.0,0.0,29,0.04989134446533048,41,30,11,0,0,0,0,0,0,0,0,1,0
1ct9,D,357,TYR,-1.3,193.6,0.0,1,1,X,0.0,0.0,0.0,0.0,0.0,0.0,0.0,0.0,23,0.03963331102386066,23,38,-15,0,0,0,0,0,0,0,0,1,0
1ct9,D,358,LEU,3.8,166.7,0.0,0,0,X,0.0,0.0,0.0,0.0,0.0,0.0,0.0,0.0,16,0.03170664881908853,25,15,10,0,0,0,0,0,0,0,0,1,0
1ct9,D,359,TYR,-1.3,193.6,0.0,1,1,X,0.0,0.0,0.0,0.0,0.0,0.0,0.0,0.0,19,0.02984155182973038,24,20,4,0,0,0,0,0,0,0,0,1,0
1ct9,D,360,PHE,2.8,189.9,0.0,0,0,X,0.0,0.0,0.0,0.0,0.0,0.0,0.0,0.0,32,0.04429605349725603,42,40,2,0,0,0,0,0,0,0,0,1,0
1ct9,D,361,HIS,-3.2,153.2,0.1,2,1,X,0.0,0.0,0.0,0.0,0.0,0.0,0.0,0.0,22,0.03823448828184205,22,9,13,0,0,0,0,0,0,0,0,1,0
1ct9,D,362,LYS,-3.9,168.6,1.0,2,0,X,0.0,0.0,0.0,0.0,0.0,0.0,0.0,0.0,10,0.026577632098353617,10,0,10,0,0,0,0,0,0,0,0,1,0
1ct9,D,363,ALA,1.8,88.6,0.0,0,0,X,0.0,0.0,0.0,0.0,0.0,0.0,0.0,0.0,21,0.03683566553982344,29,14,15,0,0,0,0,0,0,0,0,1,0
1ct9,D,364,PRO,-1.6,112.7,0.0,0,0,X,0.0,0.0,0.0,0.0,0.0,0.0,0.0,0.0,16,0.022381163872297785,19,12,7,0,0,0,0,0,0,0,0,1,0
1ct9,D,365,ASN,-3.5,114.1,0.0,2,2,X,0.0,0.0,0.0,0.0,0.0,0.0,0.0,0.0,18,0.03170664881908853,18,18,0,0,0,0,0,0,0,0,0,1,0
1ct9,D,366,ALA,1.8,88.6,0.0,0,0,X,0.0,0.0,0.0,0.0,0.0,0.0,0.0,0.0,24,0.04476232774459557,35,29,6,0,0,0,0,0,0,0,0,1,0
1ct9,D,367,LYS,-3.9,168.6,1.0,2,0,X,0.0,0.0,0.0,0.0,0.0,0.0,0.0,0.0,22,0.04103213376587927,22,35,-13,0,0,0,0,0,0,0,0,1,0
1ct9,D,368,GLU,-3.5,138.4,-1.0,1,3,X,0.0,0.0,0.0,0.0,0.0,0.0,0.0,0.0,18,0.040099585271200194,25,18,7,0,0,0,0,0,0,0,0,1,0
1ct9,D,369,LEU,3.8,166.7,0.0,0,0,X,0.0,0.0,0.0,0.0,0.0,0.0,0.0,0.0,36,0.0526889899493677,42,36,6,0,0,0,0,0,0,0,0,1,0
1ct9,D,370,HIS,-3.2,153.2,0.1,2,1,X,0.0,0.0,0.0,0.0,0.0,0.0,0.0,0.0,39,0.04989134446533048,43,43,0,0,0,0,0,0,0,0,0,1,0
1ct9,D,371,GLU,-3.5,138.4,-1.0,1,3,X,0.0,0.0,0.0,0.0,0.0,0.0,0.0,0.0,23,0.04429605349725603,34,31,3,0,0,0,0,0,0,0,0,1,0
1ct9,D,372,GLU,-3.5,138.4,-1.0,1,3,X,0.0,0.0,0.0,0.0,0.0,0.0,0.0,0.0,26,0.040565859518539735,32,26,6,0,0,0,0,0,0,0,0,1,0
1ct9,D,373,THR,-0.7,116.1,0.0,1,1,X,0.0,0.0,0.0,0.0,0.0,0.0,0.0,0.0,36,0.053155264196707235,39,36,3,0,0,0,0,0,0,0,0,1,0
1ct9,D,374,VAL,4.2,140.0,0.0,0,0,X,0.0,0.0,0.0,0.0,0.0,0.0,0.0,0.0,31,0.04942507021799094,39,36,3,0,0,0,0,0,0,0,0,1,0
1ct9,D,375,ARG,-4.5,173.4,1.0,5,0,X,0.0,0.0,0.0,0.0,0.0,0.0,0.0,0.0,19,0.03450429430312575,19,31,-12,0,0,0,0,0,0,0,0,1,0
1ct9,D,376,LYS,-3.9,168.6,1.0,2,0,X,0.0,0.0,0.0,0.0,0.0,0.0,0.0,0.0,30,0.04429605349725603,15,35,-20,0,0,0,0,0,0,0,0,1,0
1ct9,D,377,LEU,3.8,166.7,0.0,0,0,X,0.0,0.0,0.0,0.0,0.0,0.0,0.0,0.0,39,0.045694876239274644,35,29,6,0,0,0,0,0,0,0,0,1,0
1ct9,D,378,LEU,3.8,166.7,0.0,0,0,X,0.0,0.0,0.0,0.0,0.0,0.0,0.0,0.0,31,0.03730193978716297,36,10,26,0,0,0,0,0,0,0,0,1,0
1ct9,D,379,ALA,1.8,88.6,0.0,0,0,X,0.0,0.0,0.0,0.0,0.0,0.0,0.0,0.0,25,0.03683566553982344,32,20,12,0,0,0,0,0,0,0,0,1,0
1ct9,D,380,LEU,3.8,166.7,0.0,0,0,X,0.0,0.0,0.0,0.0,0.0,0.0,0.0,0.0,35,0.048026247475972325,36,33,3,0,0,0,0,0,0,0,0,1,0
1ct9,D,381,HIS,-3.2,153.2,0.1,2,1,X,0.0,0.0,0.0,0.0,0.0,0.0,0.0,0.0,31,0.04755997322863279,17,20,-3,0,0,0,0,0,0,0,0,1,0
1ct9,D,382,MET,1.9,162.9,0.0,0,0,X,0.0,0.0,0.0,0.0,0.0,0.0,0.0,0.0,32,0.03870076252918159,24,23,1,0,0,0,0,0,0,0,0,1,0
1ct9,D,383,TYR,-1.3,193.6,0.0,1,1,X,0.0,0.0,0.0,0.0,0.0,0.0,0.0,0.0,27,0.03916703677652112,31,24,7,0,0,0,0,0,0,0,0,1,0
1ct9,D,384,ASP,-3.5,111.1,-1.0,1,3,X,0.0,0.0,0.0,0.0,0.0,0.0,0.0,0.0,33,0.03916703677652112,25,23,2,0,0,0,0,0,0,0,0,1,1
1ct9,D,385,CYS,2.5,108.5,0.0,1,0,X,0.0,0.0,0.0,0.0,0.0,0.0,0.0,0.0,39,0.04989134446533048,38,27,11,0,0,0,0,0,0,0,0,1,0
1ct9,D,386,ALA,1.8,88.6,0.0,0,0,X,0.0,0.0,0.0,0.0,0.0,0.0,0.0,0.0,38,0.04755997322863279,40,28,12,0,0,0,0,0,0,0,0,1,0
1ct9,D,387,ARG,-4.5,173.4,1.0,5,0,X,0.0,0.0,0.0,0.0,0.0,0.0,0.0,0.0,37,0.04662742473395372,19,23,-4,0,0,0,0,0,0,0,0,1,0
1ct9,D,388,ALA,1.8,88.6,0.0,0,0,X,0.0,0.0,0.0,0.0,0.0,0.0,0.0,0.0,42,0.043363505002576956,31,24,7,0,0,0,0,0,0,0,0,1,0
1ct9,D,389,ASN,-3.5,114.1,0.0,2,2,X,0.0,0.0,0.0,0.0,0.0,0.0,0.0,0.0,44,0.045228601991935104,44,24,20,0,0,0,0,0,0,0,0,1,0
1ct9,D,390,LYS,-3.9,168.6,1.0,2,0,X,0.0,0.0,0.0,0.0,0.0,0.0,0.0,0.0,46,0.04989134446533048,41,23,18,0,0,0,0,0,0,0,0,1,0
1ct9,D,391,ALA,1.8,88.6,0.0,0,0,X,0.0,0.0,0.0,0.0,0.0,0.0,0.0,0.0,42,0.05688545817542354,42,15,27,0,0,0,0,0,0,0,0,1,0
1ct9,D,392,MET,1.9,162.9,0.0,0,0,X,0.0,0.0,0.0,0.0,0.0,0.0,0.0,0.0,42,0.048958795970651406,54,12,42,0,0,0,0,0,0,0,0,1,0
1ct9,D,393,SER,-0.8,89.0,0.0,1,1,X,0.0,0.0,0.0,0.0,0.0,0.0,0.0,0.0,38,0.050823892960009553,60,14,46,0,0,0,0,0,0,0,0,1,0
1ct9,D,394,ALA,1.8,88.6,0.0,0,0,X,0.0,0.0,0.0,0.0,0.0,0.0,0.0,0.0,37,0.05175644145468863,70,14,56,0,0,0,0,0,0,0,0,1,0
1ct9,D,395,TRP,-0.9,227.8,0.0,1,0,X,0.0,0.0,0.0,0.0,0.0,0.0,0.0,0.0,33,0.04942507021799094,65,14,51,0,0,0,0,0,0,0,0,1,0
1ct9,D,396,GLY,-0.4,60.1,0.0,0,0,X,0.0,0.0,0.0,0.0,0.0,0.0,0.0,0.0,41,0.048492521723311866,58,17,41,0,0,0,0,0,0,0,0,1,0
1ct9,D,397,VAL,4.2,140.0,0.0,0,0,X,0.0,0.0,0.0,0.0,0.0,0.0,0.0,0.0,42,0.05175644145468863,49,10,39,0,0,0,0,0,0,0,0,1,0
1ct9,D,398,GLU,-3.5,138.4,-1.0,1,3,X,0.0,0.0,0.0,0.0,0.0,0.0,0.0,0.0,40,0.04662742473395372,34,9,25,0,0,0,0,0,0,0,0,1,0
1ct9,D,399,ALA,1.8,88.6,0.0,0,0,X,0.0,0.0,0.0,0.0,0.0,0.0,0.0,0.0,44,0.04709369898129325,29,26,3,0,0,0,0,0,0,0,0,1,0
1ct9,D,400,ARG,-4.5,173.4,1.0,5,0,X,0.0,0.0,0.0,0.0,0.0,0.0,0.0,0.0,41,0.043363505002576956,16,20,-4,0,0,0,0,0,0,0,0,1,0
1ct9,D,401,VAL,4.2,140.0,0.0,0,0,X,0.0,0.0,0.0,0.0,0.0,0.0,0.0,0.0,43,0.045228601991935104,25,31,-6,0,0,0,0,0,0,0,0,1,0
1ct9,D,402,PRO,-1.6,112.7,0.0,0,0,X,0.0,0.0,0.0,0.0,0.0,0.0,0.0,0.0,43,0.05408781269138631,31,28,3,0,0,0,0,0,0,0,0,1,0
1ct9,D,403,PHE,2.8,189.9,0.0,0,0,X,0.0,0.0,0.0,0.0,0.0,0.0,0.0,0.0,40,0.05175644145468863,12,43,-31,0,0,0,0,0,0,0,0,1,0
1ct9,D,404,LEU,3.8,166.7,0.0,0,0,X,0.0,0.0,0.0,0.0,0.0,0.0,0.0,0.0,45,0.04709369898129325,34,34,0,0,0,0,0,0,0,0,0,1,0
1ct9,D,405,ASP,-3.5,111.1,-1.0,1,3,X,0.0,0.0,0.0,0.0,0.0,0.0,0.0,0.0,37,0.05035761871267001,40,20,20,0,0,0,0,0,0,0,0,1,0
1ct9,D,406,LYS,-3.9,168.6,1.0,2,0,X,0.0,0.0,0.0,0.0,0.0,0.0,0.0,0.0,35,0.048492521723311866,38,35,3,0,0,0,0,0,0,0,0,1,0
1ct9,D,407,LYS,-3.9,168.6,1.0,2,0,X,0.0,0.0,0.0,0.0,0.0,0.0,0.0,0.0,31,0.03683566553982344,24,28,-4,0,0,0,0,0,0,0,0,1,0
1ct9,D,408,PHE,2.8,189.9,0.0,0,0,X,0.0,0.0,0.0,0.0,0.0,0.0,0.0,0.0,41,0.048492521723311866,30,35,-5,0,0,0,0,0,0,0,0,1,0
1ct9,D,409,LEU,3.8,166.7,0.0,0,0,X,0.0,0.0,0.0,0.0,0.0,0.0,0.0,0.0,39,0.048958795970651406,45,20,25,0,0,0,0,0,0,0,0,1,0
1ct9,D,410,ASP,-3.5,111.1,-1.0,1,3,X,0.0,0.0,0.0,0.0,0.0,0.0,0.0,0.0,30,0.045694876239274644,45,22,23,0,0,0,0,0,0,0,0,1,0
1ct9,D,411,VAL,4.2,140.0,0.0,0,0,X,0.0,0.0,0.0,0.0,0.0,0.0,0.0,0.0,32,0.04476232774459557,33,30,3,0,0,0,0,0,0,0,0,1,0
1ct9,D,412,ALA,1.8,88.6,0.0,0,0,X,0.0,0.0,0.0,0.0,0.0,0.0,0.0,0.0,44,0.04476232774459557,32,27,5,0,0,0,0,0,0,0,0,1,0
1ct9,D,413,MET,1.9,162.9,0.0,0,0,X,0.0,0.0,0.0,0.0,0.0,0.0,0.0,0.0,40,0.04942507021799094,40,27,13,0,0,0,0,0,0,0,0,1,0
1ct9,D,414,ARG,-4.5,173.4,1.0,5,0,X,0.0,0.0,0.0,0.0,0.0,0.0,0.0,0.0,29,0.04989134446533048,22,23,-1,0,0,0,0,0,0,0,0,1,0
1ct9,D,415,ILE,4.5,166.7,0.0,0,0,X,0.0,0.0,0.0,0.0,0.0,0.0,0.0,0.0,33,0.04755997322863279,36,32,4,0,0,0,0,0,0,0,0,1,0
1ct9,D,416,ASN,-3.5,114.1,0.0,2,2,X,0.0,0.0,0.0,0.0,0.0,0.0,0.0,0.0,24,0.04616115048661418,31,18,13,0,0,0,0,0,0,0,0,1,0
1ct9,D,417,PRO,-1.6,112.7,0.0,0,0,X,0.0,0.0,0.0,0.0,0.0,0.0,0.0,0.0,35,0.05175644145468863,37,25,12,0,0,0,0,0,0,0,0,1,0
1ct9,D,418,GLN,-3.5,143.8,0.0,2,2,X,0.0,0.0,0.0,0.0,0.0,0.0,0.0,0.0,22,0.03357174580844668,20,11,9,0,0,0,0,0,0,0,0,1,0
1ct9,D,419,ASP,-3.5,111.1,-1.0,1,3,X,0.0,0.0,0.0,0.0,0.0,0.0,0.0,0.0,28,0.03310547156110714,31,8,23,0,0,0,0,0,0,0,0,1,0
1ct9,D,420,LYS,-3.9,168.6,1.0,2,0,X,0.0,0.0,0.0,0.0,0.0,0.0,0.0,0.0,40,0.04662742473395372,29,23,6,0,0,0,0,0,0,0,0,1,0
1ct9,D,421,MET,1.9,162.9,0.0,0,0,X,0.0,0.0,0.0,0.0,0.0,0.0,0.0,0.0,28,0.040565859518539735,41,18,23,0,0,0,0,0,0,0,0,1,0
1ct9,D,422,CYS,2.5,108.5,0.0,1,0,X,0.0,0.0,0.0,0.0,0.0,0.0,0.0,0.0,27,0.03590311704514436,43,13,30,0,0,0,0,0,0,0,0,1,0
1ct9,D,423,GLY,-0.4,60.1,0.0,0,0,X,0.0,0.0,0.0,0.0,0.0,0.0,0.0,0.0,15,0.01678587290422334,30,9,21,0,0,0,0,0,0,0,0,1,0
1ct9,D,426,LYS,-3.9,168.6,1.0,2,0,X,0.0,0.0,0.0,0.0,0.0,0.0,0.0,0.0,21,0.027043906345693154,40,13,27,0,0,0,0,0,0,0,0,1,0
1ct9,D,427,MET,1.9,162.9,0.0,0,0,X,0.0,0.0,0.0,0.0,0.0,0.0,0.0,0.0,23,0.0363693912924839,49,11,38,0,0,0,0,0,0,0,0,1,0
1ct9,D,428,GLU,-3.5,138.4,-1.0,1,3,X,0.0,0.0,0.0,0.0,0.0,0.0,0.0,0.0,31,0.048026247475972325,53,12,41,0,0,0,0,0,0,0,0,1,0
1ct9,D,429,LYS,-3.9,168.6,1.0,2,0,X,0.0,0.0,0.0,0.0,0.0,0.0,0.0,0.0,37,0.050823892960009553,43,35,8,0,0,0,0,0,0,0,0,1,0
1ct9,D,430,HIS,-3.2,153.2,0.1,2,1,X,0.0,0.0,0.0,0.0,0.0,0.0,0.0,0.0,26,0.04243095650789788,39,29,10,0,0,0,0,0,0,0,0,1,0
1ct9,D,431,ILE,4.5,166.7,0.0,0,0,X,0.0,0.0,0.0,0.0,0.0,0.0,0.0,0.0,32,0.04243095650789788,52,26,26,0,0,0,0,0,0,0,0,1,0
1ct9,D,432,LEU,3.8,166.7,0.0,0,0,X,0.0,0.0,0.0,0.0,0.0,0.0,0.0,0.0,38,0.04476232774459557,48,31,17,0,0,0,0,0,0,0,0,1,0
1ct9,D,433,ARG,-4.5,173.4,1.0,5,0,X,0.0,0.0,0.0,0.0,0.0,0.0,0.0,0.0,31,0.050823892960009553,29,34,-5,0,0,0,0,0,0,0,0,1,0
1ct9,D,434,GLU,-3.5,138.4,-1.0,1,3,X,0.0,0.0,0.0,0.0,0.0,0.0,0.0,0.0,21,0.03963331102386066,39,10,29,0,0,0,0,0,0,0,0,1,0
1ct9,D,435,CYS,2.5,108.5,0.0,1,0,X,0.0,0.0,0.0,0.0,0.0,0.0,0.0,0.0,29,0.043363505002576956,38,30,8,0,0,0,0,0,0,0,0,1,0
1ct9,D,436,PHE,2.8,189.9,0.0,0,0,X,0.0,0.0,0.0,0.0,0.0,0.0,0.0,0.0,35,0.04429605349725603,28,27,1,0,0,0,0,0,0,0,0,1,0
1ct9,D,437,GLU,-3.5,138.4,-1.0,1,3,X,0.0,0.0,0.0,0.0,0.0,0.0,0.0,0.0,21,0.04103213376587927,22,9,13,0,0,0,0,0,0,0,0,1,0
1ct9,D,438,ALA,1.8,88.6,0.0,0,0,X,0.0,0.0,0.0,0.0,0.0,0.0,0.0,0.0,19,0.025178809356335007,15,13,2,0,0,0,0,0,0,0,0,1,0
1ct9,D,439,TYR,-1.3,193.6,0.0,1,1,X,0.0,0.0,0.0,0.0,0.0,0.0,0.0,0.0,26,0.03403802005578621,34,15,19,0,0,0,0,0,0,0,0,1,0
1ct9,D,440,LEU,3.8,166.7,0.0,0,0,X,0.0,0.0,0.0,0.0,0.0,0.0,0.0,0.0,33,0.04149840801321881,18,22,-4,0,0,0,0,0,0,0,0,1,0
1ct9,D,441,PRO,-1.6,112.7,0.0,0,0,X,0.0,0.0,0.0,0.0,0.0,0.0,0.0,0.0,27,0.0363693912924839,13,17,-4,0,0,0,0,0,0,0,0,1,0
1ct9,D,442,ALA,1.8,88.6,0.0,0,0,X,0.0,0.0,0.0,0.0,0.0,0.0,0.0,0.0,17,0.028909003335051305,19,14,5,0,0,0,0,0,0,0,0,1,0
1ct9,D,443,SER,-0.8,89.0,0.0,1,1,X,0.0,0.0,0.0,0.0,0.0,0.0,0.0,0.0,20,0.024246260861655933,16,14,2,0,0,0,0,0,0,0,0,1,0
1ct9,D,444,VAL,4.2,140.0,0.0,0,0,X,0.0,0.0,0.0,0.0,0.0,0.0,0.0,0.0,31,0.03963331102386066,25,21,4,0,0,0,0,0,0,0,0,1,0
1ct9,D,445,ALA,1.8,88.6,0.0,0,0,X,0.0,0.0,0.0,0.0,0.0,0.0,0.0,0.0,28,0.04755997322863279,33,22,11,0,0,0,0,0,0,0,0,1,0
1ct9,D,446,TRP,-0.9,227.8,0.0,1,0,X,0.0,0.0,0.0,0.0,0.0,0.0,0.0,0.0,22,0.03450429430312575,35,23,12,0,0,0,0,0,0,0,0,1,0
1ct9,D,447,ARG,-4.5,173.4,1.0,5,0,X,0.0,0.0,0.0,0.0,0.0,0.0,0.0,0.0,23,0.02797645484037223,23,10,13,0,0,0,0,0,0,0,0,1,0
1ct9,D,448,GLN,-3.5,143.8,0.0,2,2,X,0.0,0.0,0.0,0.0,0.0,0.0,0.0,0.0,19,0.020516066882939634,25,10,15,0,0,0,0,0,0,0,0,1,0
1ct9,D,454,ASP,-3.5,111.1,-1.0,1,3,X,0.0,0.0,0.0,0.0,0.0,0.0,0.0,0.0,15,0.020049792635600097,7,12,-5,0,0,0,0,0,0,0,0,1,0
1ct9,D,455,GLY,-0.4,60.1,0.0,0,0,X,0.0,0.0,0.0,0.0,0.0,0.0,0.0,0.0,24,0.025645083603674543,8,16,-8,0,0,0,0,0,0,0,0,1,0
1ct9,D,456,VAL,4.2,140.0,0.0,0,0,X,0.0,0.0,0.0,0.0,0.0,0.0,0.0,0.0,29,0.04103213376587927,10,16,-6,0,0,0,0,0,0,0,0,1,0
1ct9,D,457,GLY,-0.4,60.1,0.0,0,0,X,0.0,0.0,0.0,0.0,0.0,0.0,0.0,0.0,24,0.04289723075523742,1,22,-21,0,0,0,0,0,0,0,0,1,0
1ct9,D,458,TYR,-1.3,193.6,0.0,1,1,X,0.0,0.0,0.0,0.0,0.0,0.0,0.0,0.0,17,0.03170664881908853,1,16,-15,0,0,0,0,0,0,0,0,1,0
1ct9,D,459,SER,-0.8,89.0,0.0,1,1,X,0.0,0.0,0.0,0.0,0.0,0.0,0.0,0.0,20,0.030774100324409453,8,22,-14,0,0,0,0,0,0,0,0,1,0
1ct9,D,460,TRP,-0.9,227.8,0.0,1,0,X,0.0,0.0,0.0,0.0,0.0,0.0,0.0,0.0,37,0.045228601991935104,18,26,-8,0,0,0,0,0,0,0,0,1,0
1ct9,D,461,ILE,4.5,166.7,0.0,0,0,X,0.0,0.0,0.0,0.0,0.0,0.0,0.0,0.0,28,0.04289723075523742,20,25,-5,0,0,0,0,0,0,0,0,1,0
1ct9,D,462,ASP,-3.5,111.1,-1.0,1,3,X,0.0,0.0,0.0,0.0,0.0,0.0,0.0,0.0,17,0.03683566553982344,15,15,0,0,0,0,0,0,0,0,0,1,0
1ct9,D,463,THR,-0.7,116.1,0.0,1,1,X,0.0,0.0,0.0,0.0,0.0,0.0,0.0,0.0,24,0.03823448828184205,11,21,-10,0,0,0,0,0,0,0,0,1,0
1ct9,D,464,LEU,3.8,166.7,0.0,0,0,X,0.0,0.0,0.0,0.0,0.0,0.0,0.0,0.0,31,0.04709369898129325,22,27,-5,0,0,0,0,0,0,0,0,1,0
1ct9,D,465,LYS,-3.9,168.6,1.0,2,0,X,0.0,0.0,0.0,0.0,0.0,0.0,0.0,0.0,21,0.03870076252918159,14,26,-12,0,0,0,0,0,0,0,0,1,0
1ct9,D,466,GLU,-3.5,138.4,-1.0,1,3,X,0.0,0.0,0.0,0.0,0.0,0.0,0.0,0.0,15,0.030774100324409453,8,8,0,0,0,0,0,0,0,0,0,1,0
1ct9,D,467,VAL,4.2,140.0,0.0,0,0,X,0.0,0.0,0.0,0.0,0.0,0.0,0.0,0.0,22,0.03450429430312575,16,23,-7,0,0,0,0,0,0,0,0,1,0
1ct9,D,468,ALA,1.8,88.6,0.0,0,0,X,0.0,0.0,0.0,0.0,0.0,0.0,0.0,0.0,28,0.04662742473395372,19,24,-5,0,0,0,0,0,0,0,0,1,0
1ct9,D,469,ALA,1.8,88.6,0.0,0,0,X,0.0,0.0,0.0,0.0,0.0,0.0,0.0,0.0,20,0.03357174580844668,16,26,-10,0,0,0,0,0,0,0,0,1,0
1ct9,D,470,GLN,-3.5,143.8,0.0,2,2,X,0.0,0.0,0.0,0.0,0.0,0.0,0.0,0.0,17,0.02797645484037223,15,10,5,0,0,0,0,0,0,0,0,1,0
1ct9,D,471,GLN,-3.5,143.8,0.0,2,2,X,0.0,0.0,0.0,0.0,0.0,0.0,0.0,0.0,21,0.032172923066428064,15,15,0,0,0,0,0,0,0,0,0,1,0
1ct9,D,472,VAL,4.2,140.0,0.0,0,0,X,0.0,0.0,0.0,0.0,0.0,0.0,0.0,0.0,26,0.04616115048661418,13,22,-9,0,0,0,0,0,0,0,0,1,0
1ct9,D,473,SER,-0.8,89.0,0.0,1,1,X,0.0,0.0,0.0,0.0,0.0,0.0,0.0,0.0,18,0.032639197313767604,10,20,-10,0,0,0,0,0,0,0,0,1,0
1ct9,D,474,ASP,-3.5,111.1,-1.0,1,3,X,0.0,0.0,0.0,0.0,0.0,0.0,0.0,0.0,15,0.02844272908771177,9,9,0,0,0,0,0,0,0,0,0,1,0
1ct9,D,475,GLN,-3.5,143.8,0.0,2,2,X,0.0,0.0,0.0,0.0,0.0,0.0,0.0,0.0,11,0.02984155182973038,4,17,-13,0,0,0,0,0,0,0,0,1,0
1ct9,D,476,GLN,-3.5,143.8,0.0,2,2,X,0.0,0.0,0.0,0.0,0.0,0.0,0.0,0.0,22,0.04103213376587927,20,24,-4,0,0,0,0,0,0,0,0,1,0
1ct9,D,477,LEU,3.8,166.7,0.0,0,0,X,0.0,0.0,0.0,0.0,0.0,0.0,0.0,0.0,24,0.04662742473395372,20,24,-4,0,0,0,0,0,0,0,0,1,0
1ct9,D,478,GLU,-3.5,138.4,-1.0,1,3,X,0.0,0.0,0.0,0.0,0.0,0.0,0.0,0.0,15,0.030307826077069916,13,8,5,0,0,0,0,0,0,0,0,1,0
1ct9,D,479,THR,-0.7,116.1,0.0,1,1,X,0.0,0.0,0.0,0.0,0.0,0.0,0.0,0.0,16,0.03450429430312575,21,14,7,0,0,0,0,0,0,0,0,1,0
1ct9,D,480,ALA,1.8,88.6,0.0,0,0,X,0.0,0.0,0.0,0.0,0.0,0.0,0.0,0.0,25,0.045694876239274644,29,15,14,0,0,0,0,0,0,0,0,1,0
1ct9,D,481,ARG,-4.5,173.4,1.0,5,0,X,0.0,0.0,0.0,0.0,0.0,0.0,0.0,0.0,16,0.03776821403450251,6,7,-1,0,0,0,0,0,0,0,0,1,0
1ct9,D,482,PHE,2.8,189.9,0.0,0,0,X,0.0,0.0,0.0,0.0,0.0,0.0,0.0,0.0,13,0.029375277582390842,19,5,14,0,0,0,0,0,0,0,0,1,0
1ct9,D,483,ARG,-4.5,173.4,1.0,5,0,X,0.0,0.0,0.0,0.0,0.0,0.0,0.0,0.0,21,0.030774100324409453,17,20,-3,0,0,0,0,0,0,0,0,1,0
1ct9,D,484,PHE,2.8,189.9,0.0,0,0,X,0.0,0.0,0.0,0.0,0.0,0.0,0.0,0.0,27,0.040565859518539735,28,19,9,0,0,0,0,0,0,0,0,1,0
1ct9,D,485,PRO,-1.6,112.7,0.0,0,0,X,0.0,0.0,0.0,0.0,0.0,0.0,0.0,0.0,16,0.030774100324409453,21,7,14,0,0,0,0,0,0,0,0,1,0
1ct9,D,486,TYR,-1.3,193.6,0.0,1,1,X,0.0,0.0,0.0,0.0,0.0,0.0,0.0,0.0,22,0.03403802005578621,11,12,-1,0,0,0,0,0,0,0,0,1,0
1ct9,D,487,ASN,-3.5,114.1,0.0,2,2,X,0.0,0.0,0.0,0.0,0.0,0.0,0.0,0.0,24,0.03310547156110714,15,17,-2,0,0,0,0,0,0,0,0,1,0
1ct9,D,488,THR,-0.7,116.1,0.0,1,1,X,0.0,0.0,0.0,0.0,0.0,0.0,0.0,0.0,21,0.03823448828184205,23,5,18,0,0,0,0,0,0,0,0,1,0
1ct9,D,489,PRO,-1.6,112.7,0.0,0,0,X,0.0,0.0,0.0,0.0,0.0,0.0,0.0,0.0,27,0.04429605349725603,33,16,17,0,0,0,0,0,0,0,0,1,0
1ct9,D,490,THR,-0.7,116.1,0.0,1,1,X,0.0,0.0,0.0,0.0,0.0,0.0,0.0,0.0,17,0.023779986614316396,12,9,3,0,0,0,0,0,0,0,0,1,0
1ct9,D,491,SER,-0.8,89.0,0.0,1,1,X,0.0,0.0,0.0,0.0,0.0,0.0,0.0,0.0,24,0.02844272908771177,22,13,9,0,0,0,0,0,0,0,0,1,0
1ct9,D,492,LYS,-3.9,168.6,1.0,2,0,X,0.0,0.0,0.0,0.0,0.0,0.0,0.0,0.0,26,0.04429605349725603,6,27,-21,0,0,0,0,0,0,0,0,1,0
1ct9,D,493,GLU,-3.5,138.4,-1.0,1,3,X,0.0,0.0,0.0,0.0,0.0,0.0,0.0,0.0,35,0.04429605349725603,29,13,16,0,0,0,0,0,0,0,0,1,0
1ct9,D,494,ALA,1.8,88.6,0.0,0,0,X,0.0,0.0,0.0,0.0,0.0,0.0,0.0,0.0,31,0.04616115048661418,24,25,-1,0,0,0,0,0,0,0,0,1,0
1ct9,D,495,TYR,-1.3,193.6,0.0,1,1,X,0.0,0.0,0.0,0.0,0.0,0.0,0.0,0.0,33,0.05408781269138631,33,28,5,0,0,0,0,0,0,0,0,1,0
1ct9,D,496,LEU,3.8,166.7,0.0,0,0,X,0.0,0.0,0.0,0.0,0.0,0.0,0.0,0.0,34,0.048958795970651406,27,21,6,0,0,0,0,0,0,0,0,1,0
1ct9,D,497,TYR,-1.3,193.6,0.0,1,1,X,0.0,0.0,0.0,0.0,0.0,0.0,0.0,0.0,35,0.048958795970651406,30,26,4,0,0,0,0,0,0,0,0,1,0
1ct9,D,498,ARG,-4.5,173.4,1.0,5,0,X,0.0,0.0,0.0,0.0,0.0,0.0,0.0,0.0,36,0.053621538444046775,12,30,-18,0,0,0,0,0,0,0,0,1,0
1ct9,D,499,GLU,-3.5,138.4,-1.0,1,3,X,0.0,0.0,0.0,0.0,0.0,0.0,0.0,0.0,23,0.04429605349725603,28,21,7,0,0,0,0,0,0,0,0,1,0
1ct9,D,500,ILE,4.5,166.7,0.0,0,0,X,0.0,0.0,0.0,0.0,0.0,0.0,0.0,0.0,28,0.045228601991935104,22,35,-13,0,0,0,0,0,0,0,0,1,0
1ct9,D,501,PHE,2.8,189.9,0.0,0,0,X,0.0,0.0,0.0,0.0,0.0,0.0,0.0,0.0,39,0.05222271570202816,19,38,-19,0,0,0,0,0,0,0,0,1,0
1ct9,D,502,GLU,-3.5,138.4,-1.0,1,3,X,0.0,0.0,0.0,0.0,0.0,0.0,0.0,0.0,30,0.045228601991935104,22,19,3,0,0,0,0,0,0,0,0,1,0
1ct9,D,503,GLU,-3.5,138.4,-1.0,1,3,X,0.0,0.0,0.0,0.0,0.0,0.0,0.0,0.0,17,0.03403802005578621,21,21,0,0,0,0,0,0,0,0,0,1,0
1ct9,D,504,LEU,3.8,166.7,0.0,0,0,X,0.0,0.0,0.0,0.0,0.0,0.0,0.0,0.0,26,0.03823448828184205,28,36,-8,0,0,0,0,0,0,0,0,1,0
1ct9,D,505,PHE,2.8,189.9,0.0,0,0,X,0.0,0.0,0.0,0.0,0.0,0.0,0.0,0.0,37,0.04289723075523742,21,32,-11,0,0,0,0,0,0,0,0,1,0
1ct9,D,506,PRO,-1.6,112.7,0.0,0,0,X,0.0,0.0,0.0,0.0,0.0,0.0,0.0,0.0,23,0.03124037457174899,4,18,-14,0,0,0,0,0,0,0,0,1,0
1ct9,D,507,LEU,3.8,166.7,0.0,0,0,X,0.0,0.0,0.0,0.0,0.0,0.0,0.0,0.0,23,0.03450429430312575,9,20,-11,0,0,0,0,0,0,0,0,1,0
1ct9,D,508,PRO,-1.6,112.7,0.0,0,0,X,0.0,0.0,0.0,0.0,0.0,0.0,0.0,0.0,22,0.027043906345693154,10,18,-8,0,0,0,0,0,0,0,0,1,0
1ct9,D,509,SER,-0.8,89.0,0.0,1,1,X,0.0,0.0,0.0,0.0,0.0,0.0,0.0,0.0,27,0.03590311704514436,14,12,2,0,0,0,0,0,0,0,0,1,0
1ct9,D,510,ALA,1.8,88.6,0.0,0,0,X,0.0,0.0,0.0,0.0,0.0,0.0,0.0,0.0,32,0.04662742473395372,15,31,-16,0,0,0,0,0,0,0,0,1,0
1ct9,D,511,ALA,1.8,88.6,0.0,0,0,X,0.0,0.0,0.0,0.0,0.0,0.0,0.0,0.0,28,0.0526889899493677,12,23,-11,0,0,0,0,0,0,0,0,1,0
1ct9,D,512,GLU,-3.5,138.4,-1.0,1,3,X,0.0,0.0,0.0,0.0,0.0,0.0,0.0,0.0,24,0.03730193978716297,12,3,9,0,0,0,0,0,0,0,0,1,0
1ct9,D,513,CYS,2.5,108.5,0.0,1,0,X,0.0,0.0,0.0,0.0,0.0,0.0,0.0,0.0,32,0.04196468226055834,14,25,-11,0,0,0,0,0,0,0,0,1,0
1ct9,D,514,VAL,4.2,140.0,0.0,0,0,X,0.0,0.0,0.0,0.0,0.0,0.0,0.0,0.0,31,0.04196468226055834,7,27,-20,0,0,0,0,0,0,0,0,1,0
1ct9,D,515,PRO,-1.6,112.7,0.0,0,0,X,0.0,0.0,0.0,0.0,0.0,0.0,0.0,0.0,21,0.028909003335051305,6,18,-12,0,0,0,0,0,0,0,0,1,0
1ct9,D,516,GLY,-0.4,60.1,0.0,0,0,X,0.0,0.0,0.0,0.0,0.0,0.0,0.0,0.0,13,0.020049792635600097,1,10,-9,0,0,0,0,0,0,0,0,1,0
