pdb_id,chain_id,residue_id,residue_name,hydrophobicity,volume,charge,hbond_donor,hbond_acceptor,ss_type,rel_asa,phi,psi,hse_up,hse_down,hse_ratio,residue_depth,ca_depth,neighbor_count,atom_density,pos_charged_neighbors,neg_charged_neighbors,net_charge_environment,ss_H,ss_B,ss_E,ss_G,ss_I,ss_T,ss_S,ss_ ,ss_X,is_binding_site
1cvu,A,33,ALA,1.8,88.6,0.0,0,0,X,0.0,0.0,0.0,0.0,0.0,0.0,0.0,0.0,19,0.025178809356335007,0,26,-26,0,0,0,0,0,0,0,0,1,0
1cvu,A,34,ASN,-3.5,114.1,0.0,2,2,X,0.0,0.0,0.0,0.0,0.0,0.0,0.0,0.0,28,0.03310547156110714,0,28,-28,0,0,0,0,0,0,0,0,1,0
1cvu,A,35,PRO,-1.6,112.7,0.0,0,0,X,0.0,0.0,0.0,0.0,0.0,0.0,0.0,0.0,25,0.040099585271200194,5,22,-17,0,0,0,0,0,0,0,0,1,0
1cvu,A,36,CYS,2.5,108.5,0.0,1,0,X,0.0,0.0,0.0,0.0,0.0,0.0,0.0,0.0,36,0.03916703677652112,5,14,-9,0,0,0,0,0,0,0,0,1,0
1cvu,A,37,CYS,2.5,108.5,0.0,1,0,X,0.0,0.0,0.0,0.0,0.0,0.0,0.0,0.0,29,0.04243095650789788,9,15,-6,0,0,0,0,0,0,0,0,1,0
1cvu,A,38,SER,-0.8,89.0,0.0,1,1,X,0.0,0.0,0.0,0.0,0.0,0.0,0.0,0.0,25,0.03170664881908853,10,5,5,0,0,0,0,0,0,0,0,1,0
1cvu,A,39,ASN,-3.5,114.1,0.0,2,2,X,0.0,0.0,0.0,0.0,0.0,0.0,0.0,0.0,33,0.030774100324409453,12,12,0,0,0,0,0,0,0,0,0,1,0
1cvu,A,40,PRO,-1.6,112.7,0.0,0,0,X,0.0,0.0,0.0,0.0,0.0,0.0,0.0,0.0,28,0.03683566553982344,8,19,-11,0,0,0,0,0,0,0,0,1,0
1cvu,A,41,CYS,2.5,108.5,0.0,1,0,X,0.0,0.0,0.0,0.0,0.0,0.0,0.0,0.0,31,0.045694876239274644,17,25,-8,0,0,0,0,0,0,0,0,1,0
1cvu,A,42,GLN,-3.5,143.8,0.0,2,2,X,0.0,0.0,0.0,0.0,0.0,0.0,0.0,0.0,29,0.03870076252918159,19,20,-1,0,0,0,0,0,0,0,0,1,0
1cvu,A,43,ASN,-3.5,114.1,0.0,2,2,X,0.0,0.0,0.0,0.0,0.0,0.0,0.0,0.0,31,0.03590311704514436,30,7,23,0,0,0,0,0,0,0,0,1,0
1cvu,A,44,ARG,-4.5,173.4,1.0,5,0,X,0.0,0.0,0.0,0.0,0.0,0.0,0.0,0.0,32,0.03683566553982344,26,18,8,0,0,0,0,0,0,0,0,1,0
1cvu,A,45,GLY,-0.4,60.1,0.0,0,0,X,0.0,0.0,0.0,0.0,0.0,0.0,0.0,0.0,35,0.04662742473395372,30,20,10,0,0,0,0,0,0,0,0,1,0
1cvu,A,46,GLU,-3.5,138.4,-1.0,1,3,X,0.0,0.0,0.0,0.0,0.0,0.0,0.0,0.0,39,0.03823448828184205,37,12,25,0,0,0,0,0,0,0,0,1,0
1cvu,A,47,CYS,2.5,108.5,0.0,1,0,X,0.0,0.0,0.0,0.0,0.0,0.0,0.0,0.0,36,0.043829779249916496,14,19,-5,0,0,0,0,0,0,0,0,1,0
1cvu,A,48,MET,1.9,162.9,0.0,0,0,X,0.0,0.0,0.0,0.0,0.0,0.0,0.0,0.0,34,0.04662742473395372,18,26,-8,0,0,0,0,0,0,0,0,1,0
1cvu,A,49,SER,-0.8,89.0,0.0,1,1,X,0.0,0.0,0.0,0.0,0.0,0.0,0.0,0.0,30,0.048492521723311866,17,20,-3,0,0,0,0,0,0,0,0,1,0
1cvu,A,50,THR,-0.7,116.1,0.0,1,1,X,0.0,0.0,0.0,0.0,0.0,0.0,0.0,0.0,23,0.040565859518539735,20,24,-4,0,0,0,0,0,0,0,0,1,0
1cvu,A,51,GLY,-0.4,60.1,0.0,0,0,X,0.0,0.0,0.0,0.0,0.0,0.0,0.0,0.0,20,0.040099585271200194,14,22,-8,0,0,0,0,0,0,0,0,1,0
1cvu,A,52,PHE,2.8,189.9,0.0,0,0,X,0.0,0.0,0.0,0.0,0.0,0.0,0.0,0.0,18,0.03450429430312575,8,20,-12,0,0,0,0,0,0,0,0,1,0
1cvu,A,53,ASP,-3.5,111.1,-1.0,1,3,X,0.0,0.0,0.0,0.0,0.0,0.0,0.0,0.0,12,0.02797645484037223,0,7,-7,0,0,0,0,0,0,0,0,1,0
1cvu,A,54,GLN,-3.5,143.8,0.0,2,2,X,0.0,0.0,0.0,0.0,0.0,0.0,0.0,0.0,18,0.032639197313767604,11,18,-7,0,0,0,0,0,0,0,0,1,0
1cvu,A,55,TYR,-1.3,193.6,0.0,1,1,X,0.0,0.0,0.0,0.0,0.0,0.0,0.0,0.0,26,0.04429605349725603,9,19,-10,0,0,0,0,0,0,0,0,1,0
1cvu,A,56,LYS,-3.9,168.6,1.0,2,0,X,0.0,0.0,0.0,0.0,0.0,0.0,0.0,0.0,27,0.03590311704514436,3,29,-26,0,0,0,0,0,0,0,0,1,0
1cvu,A,57,CYS,2.5,108.5,0.0,1,0,X,0.0,0.0,0.0,0.0,0.0,0.0,0.0,0.0,31,0.04616115048661418,14,26,-12,0,0,0,0,0,0,0,0,1,0
1cvu,A,58,ASP,-3.5,111.1,-1.0,1,3,X,0.0,0.0,0.0,0.0,0.0,0.0,0.0,0.0,37,0.043363505002576956,36,18,18,0,0,0,0,0,0,0,0,1,0
1cvu,A,59,CYS,2.5,108.5,0.0,1,0,X,0.0,0.0,0.0,0.0,0.0,0.0,0.0,0.0,27,0.04616115048661418,32,26,6,0,0,0,0,0,0,0,0,1,0
1cvu,A,60,THR,-0.7,116.1,0.0,1,1,X,0.0,0.0,0.0,0.0,0.0,0.0,0.0,0.0,30,0.03357174580844668,27,24,3,0,0,0,0,0,0,0,0,1,0
1cvu,A,61,ARG,-4.5,173.4,1.0,5,0,X,0.0,0.0,0.0,0.0,0.0,0.0,0.0,0.0,21,0.02471253510899547,12,21,-9,0,0,0,0,0,0,0,0,1,0
1cvu,A,62,THR,-0.7,116.1,0.0,1,1,X,0.0,0.0,0.0,0.0,0.0,0.0,0.0,0.0,25,0.03730193978716297,26,21,5,0,0,0,0,0,0,0,0,1,0
1cvu,A,63,GLY,-0.4,60.1,0.0,0,0,X,0.0,0.0,0.0,0.0,0.0,0.0,0.0,0.0,25,0.03683566553982344,24,11,13,0,0,0,0,0,0,0,0,1,0
1cvu,A,64,PHE,2.8,189.9,0.0,0,0,X,0.0,0.0,0.0,0.0,0.0,0.0,0.0,0.0,25,0.048026247475972325,17,13,4,0,0,0,0,0,0,0,0,1,0
1cvu,A,65,TYR,-1.3,193.6,0.0,1,1,X,0.0,0.0,0.0,0.0,0.0,0.0,0.0,0.0,18,0.04103213376587927,2,14,-12,0,0,0,0,0,0,0,0,1,0
1cvu,A,66,GLY,-0.4,60.1,0.0,0,0,X,0.0,0.0,0.0,0.0,0.0,0.0,0.0,0.0,23,0.029375277582390842,8,18,-10,0,0,0,0,0,0,0,0,1,0
1cvu,A,67,GLU,-3.5,138.4,-1.0,1,3,X,0.0,0.0,0.0,0.0,0.0,0.0,0.0,0.0,17,0.03124037457174899,9,3,6,0,0,0,0,0,0,0,0,1,0
1cvu,A,68,ASN,-3.5,114.1,0.0,2,2,X,0.0,0.0,0.0,0.0,0.0,0.0,0.0,0.0,23,0.04103213376587927,8,17,-9,0,0,0,0,0,0,0,0,1,0
1cvu,A,69,CYS,2.5,108.5,0.0,1,0,X,0.0,0.0,0.0,0.0,0.0,0.0,0.0,0.0,28,0.05502036118606539,11,26,-15,0,0,0,0,0,0,0,0,1,0
1cvu,A,70,THR,-0.7,116.1,0.0,1,1,X,0.0,0.0,0.0,0.0,0.0,0.0,0.0,0.0,21,0.040565859518539735,1,10,-9,0,0,0,0,0,0,0,0,1,0
1cvu,A,71,THR,-0.7,116.1,0.0,1,1,X,0.0,0.0,0.0,0.0,0.0,0.0,0.0,0.0,18,0.03357174580844668,8,14,-6,0,0,0,0,0,0,0,0,1,0
1cvu,A,72,PRO,-1.6,112.7,0.0,0,0,X,0.0,0.0,0.0,0.0,0.0,0.0,0.0,0.0,18,0.04196468226055834,12,9,3,0,0,0,0,0,0,0,0,1,0
1cvu,A,73,GLU,-3.5,138.4,-1.0,1,3,X,0.0,0.0,0.0,0.0,0.0,0.0,0.0,0.0,19,0.0363693912924839,20,0,20,0,0,0,0,0,0,0,0,1,0
1cvu,A,74,PHE,2.8,189.9,0.0,0,0,X,0.0,0.0,0.0,0.0,0.0,0.0,0.0,0.0,11,0.029375277582390842,18,9,9,0,0,0,0,0,0,0,0,1,0
1cvu,A,75,LEU,3.8,166.7,0.0,0,0,X,0.0,0.0,0.0,0.0,0.0,0.0,0.0,0.0,13,0.028909003335051305,19,9,10,0,0,0,0,0,0,0,0,1,0
1cvu,A,76,THR,-0.7,116.1,0.0,1,1,X,0.0,0.0,0.0,0.0,0.0,0.0,0.0,0.0,19,0.040099585271200194,24,9,15,0,0,0,0,0,0,0,0,1,0
1cvu,A,77,ARG,-4.5,173.4,1.0,5,0,X,0.0,0.0,0.0,0.0,0.0,0.0,0.0,0.0,15,0.03916703677652112,7,8,-1,0,0,0,0,0,0,0,0,1,0
1cvu,A,78,ILE,4.5,166.7,0.0,0,0,X,0.0,0.0,0.0,0.0,0.0,0.0,0.0,0.0,11,0.03590311704514436,23,5,18,0,0,0,0,0,0,0,0,1,0
1cvu,A,79,LYS,-3.9,168.6,1.0,2,0,X,0.0,0.0,0.0,0.0,0.0,0.0,0.0,0.0,16,0.032639197313767604,15,6,9,0,0,0,0,0,0,0,0,1,0
1cvu,A,80,LEU,3.8,166.7,0.0,0,0,X,0.0,0.0,0.0,0.0,0.0,0.0,0.0,0.0,19,0.030307826077069916,26,3,23,0,0,0,0,0,0,0,0,1,0
1cvu,A,81,LEU,3.8,166.7,0.0,0,0,X,0.0,0.0,0.0,0.0,0.0,0.0,0.0,0.0,10,0.02471253510899547,23,0,23,0,0,0,0,0,0,0,0,1,0
1cvu,A,82,LEU,3.8,166.7,0.0,0,0,X,0.0,0.0,0.0,0.0,0.0,0.0,0.0,0.0,10,0.023779986614316396,21,0,21,0,0,0,0,0,0,0,0,1,0
1cvu,A,83,LYS,-3.9,168.6,1.0,2,0,X,0.0,0.0,0.0,0.0,0.0,0.0,0.0,0.0,20,0.024246260861655933,9,1,8,0,0,0,0,0,0,0,0,1,0
1cvu,A,84,PRO,-1.6,112.7,0.0,0,0,X,0.0,0.0,0.0,0.0,0.0,0.0,0.0,0.0,19,0.02611135785101408,14,1,13,0,0,0,0,0,0,0,0,1,0
1cvu,A,85,THR,-0.7,116.1,0.0,1,1,X,0.0,0.0,0.0,0.0,0.0,0.0,0.0,0.0,21,0.027043906345693154,24,9,15,0,0,0,0,0,0,0,0,1,0
1cvu,A,86,PRO,-1.6,112.7,0.0,0,0,X,0.0,0.0,0.0,0.0,0.0,0.0,0.0,0.0,27,0.03916703677652112,35,18,17,0,0,0,0,0,0,0,0,1,0
1cvu,A,87,ASN,-3.5,114.1,0.0,2,2,X,0.0,0.0,0.0,0.0,0.0,0.0,0.0,0.0,27,0.03403802005578621,30,16,14,0,0,0,0,0,0,0,0,1,1
1cvu,A,88,THR,-0.7,116.1,0.0,1,1,X,0.0,0.0,0.0,0.0,0.0,0.0,0.0,0.0,16,0.032172923066428064,23,2,21,0,0,0,0,0,0,0,0,1,1
1cvu,A,89,VAL,4.2,140.0,0.0,0,0,X,0.0,0.0,0.0,0.0,0.0,0.0,0.0,0.0,24,0.03776821403450251,27,5,22,0,0,0,0,0,0,0,0,1,0
1cvu,A,90,HIS,-3.2,153.2,0.1,2,1,X,0.0,0.0,0.0,0.0,0.0,0.0,0.0,0.0,29,0.04243095650789788,26,13,13,0,0,0,0,0,0,0,0,1,0
1cvu,A,91,TYR,-1.3,193.6,0.0,1,1,X,0.0,0.0,0.0,0.0,0.0,0.0,0.0,0.0,17,0.04149840801321881,25,0,25,0,0,0,0,0,0,0,0,1,1
1cvu,A,92,ILE,4.5,166.7,0.0,0,0,X,0.0,0.0,0.0,0.0,0.0,0.0,0.0,0.0,20,0.040565859518539735,28,0,28,0,0,0,0,0,0,0,0,1,1
1cvu,A,93,LEU,3.8,166.7,0.0,0,0,X,0.0,0.0,0.0,0.0,0.0,0.0,0.0,0.0,29,0.05129016720734909,40,0,40,0,0,0,0,0,0,0,0,1,0
1cvu,A,94,THR,-0.7,116.1,0.0,1,1,X,0.0,0.0,0.0,0.0,0.0,0.0,0.0,0.0,23,0.048958795970651406,44,0,44,0,0,0,0,0,0,0,0,1,0
1cvu,A,95,HIS,-3.2,153.2,0.1,2,1,X,0.0,0.0,0.0,0.0,0.0,0.0,0.0,0.0,18,0.03776821403450251,27,0,27,0,0,0,0,0,0,0,0,1,0
1cvu,A,96,PHE,2.8,189.9,0.0,0,0,X,0.0,0.0,0.0,0.0,0.0,0.0,0.0,0.0,16,0.034970568550465285,28,0,28,0,0,0,0,0,0,0,0,1,0
1cvu,A,97,LYS,-3.9,168.6,1.0,2,0,X,0.0,0.0,0.0,0.0,0.0,0.0,0.0,0.0,17,0.035436842797804825,19,0,19,0,0,0,0,0,0,0,0,1,0
1cvu,A,98,GLY,-0.4,60.1,0.0,0,0,X,0.0,0.0,0.0,0.0,0.0,0.0,0.0,0.0,15,0.026577632098353617,24,0,24,0,0,0,0,0,0,0,0,1,0
1cvu,A,99,VAL,4.2,140.0,0.0,0,0,X,0.0,0.0,0.0,0.0,0.0,0.0,0.0,0.0,16,0.02984155182973038,22,0,22,0,0,0,0,0,0,0,0,1,0
1cvu,A,100,TRP,-0.9,227.8,0.0,1,0,X,0.0,0.0,0.0,0.0,0.0,0.0,0.0,0.0,26,0.04429605349725603,38,0,38,0,0,0,0,0,0,0,0,1,0
1cvu,A,101,ASN,-3.5,114.1,0.0,2,2,X,0.0,0.0,0.0,0.0,0.0,0.0,0.0,0.0,14,0.0363693912924839,28,0,28,0,0,0,0,0,0,0,0,1,0
1cvu,A,102,ILE,4.5,166.7,0.0,0,0,X,0.0,0.0,0.0,0.0,0.0,0.0,0.0,0.0,15,0.032172923066428064,9,0,9,0,0,0,0,0,0,0,0,1,0
1cvu,A,103,VAL,4.2,140.0,0.0,0,0,X,0.0,0.0,0.0,0.0,0.0,0.0,0.0,0.0,21,0.04616115048661418,27,0,27,0,0,0,0,0,0,0,0,1,0
1cvu,A,104,ASN,-3.5,114.1,0.0,2,2,X,0.0,0.0,0.0,0.0,0.0,0.0,0.0,0.0,23,0.04942507021799094,36,0,36,0,0,0,0,0,0,0,0,1,0
1cvu,A,105,ASN,-3.5,114.1,0.0,2,2,X,0.0,0.0,0.0,0.0,0.0,0.0,0.0,0.0,16,0.03310547156110714,20,0,20,0,0,0,0,0,0,0,0,1,0
1cvu,A,105,ILE,4.5,166.7,0.0,0,0,X,0.0,0.0,0.0,0.0,0.0,0.0,0.0,0.0,14,0.030774100324409453,10,0,10,0,0,0,0,0,0,0,0,1,0
1cvu,A,106,PRO,-1.6,112.7,0.0,0,0,X,0.0,0.0,0.0,0.0,0.0,0.0,0.0,0.0,17,0.029375277582390842,18,1,17,0,0,0,0,0,0,0,0,1,0
1cvu,A,107,PHE,2.8,189.9,0.0,0,0,X,0.0,0.0,0.0,0.0,0.0,0.0,0.0,0.0,12,0.027510180593032695,12,0,12,0,0,0,0,0,0,0,0,1,0
1cvu,A,108,LEU,3.8,166.7,0.0,0,0,X,0.0,0.0,0.0,0.0,0.0,0.0,0.0,0.0,18,0.03776821403450251,12,0,12,0,0,0,0,0,0,0,0,1,0
1cvu,A,109,ARG,-4.5,173.4,1.0,5,0,X,0.0,0.0,0.0,0.0,0.0,0.0,0.0,0.0,27,0.053155264196707235,24,10,14,0,0,0,0,0,0,0,0,1,0
1cvu,A,110,SER,-0.8,89.0,0.0,1,1,X,0.0,0.0,0.0,0.0,0.0,0.0,0.0,0.0,23,0.045228601991935104,31,14,17,0,0,0,0,0,0,0,0,1,0
1cvu,A,111,LEU,3.8,166.7,0.0,0,0,X,0.0,0.0,0.0,0.0,0.0,0.0,0.0,0.0,20,0.0363693912924839,18,0,18,0,0,0,0,0,0,0,0,1,0
1cvu,A,112,ILE,4.5,166.7,0.0,0,0,X,0.0,0.0,0.0,0.0,0.0,0.0,0.0,0.0,25,0.040565859518539735,29,0,29,0,0,0,0,0,0,0,0,1,0
1cvu,A,113,MET,1.9,162.9,0.0,0,0,X,0.0,0.0,0.0,0.0,0.0,0.0,0.0,0.0,34,0.04662742473395372,37,12,25,0,0,0,0,0,0,0,0,1,0
1cvu,A,114,LYS,-3.9,168.6,1.0,2,0,X,0.0,0.0,0.0,0.0,0.0,0.0,0.0,0.0,26,0.043363505002576956,9,13,-4,0,0,0,0,0,0,0,0,1,0
1cvu,A,115,TYR,-1.3,193.6,0.0,1,1,X,0.0,0.0,0.0,0.0,0.0,0.0,0.0,0.0,21,0.03403802005578621,20,0,20,0,0,0,0,0,0,0,0,1,0
1cvu,A,116,VAL,4.2,140.0,0.0,0,0,X,0.0,0.0,0.0,0.0,0.0,0.0,0.0,0.0,29,0.03916703677652112,27,1,26,0,0,0,0,0,0,0,0,1,0
1cvu,A,117,LEU,3.8,166.7,0.0,0,0,X,0.0,0.0,0.0,0.0,0.0,0.0,0.0,0.0,35,0.040565859518539735,28,6,22,0,0,0,0,0,0,0,0,1,0
1cvu,A,118,THR,-0.7,116.1,0.0,1,1,X,0.0,0.0,0.0,0.0,0.0,0.0,0.0,0.0,21,0.03730193978716297,19,0,19,0,0,0,0,0,0,0,0,1,0
1cvu,A,119,SER,-0.8,89.0,0.0,1,1,X,0.0,0.0,0.0,0.0,0.0,0.0,0.0,0.0,22,0.03357174580844668,22,4,18,0,0,0,0,0,0,0,0,1,0
1cvu,A,120,ARG,-4.5,173.4,1.0,5,0,X,0.0,0.0,0.0,0.0,0.0,0.0,0.0,0.0,30,0.040099585271200194,8,9,-1,0,0,0,0,0,0,0,0,1,0
1cvu,A,121,SER,-0.8,89.0,0.0,1,1,X,0.0,0.0,0.0,0.0,0.0,0.0,0.0,0.0,25,0.03916703677652112,21,3,18,0,0,0,0,0,0,0,0,1,0
1cvu,A,122,TYR,-1.3,193.6,0.0,1,1,X,0.0,0.0,0.0,0.0,0.0,0.0,0.0,0.0,21,0.023779986614316396,29,5,24,0,0,0,0,0,0,0,0,1,0
1cvu,A,123,LEU,3.8,166.7,0.0,0,0,X,0.0,0.0,0.0,0.0,0.0,0.0,0.0,0.0,28,0.04149840801321881,38,15,23,0,0,0,0,0,0,0,0,1,0
1cvu,A,124,ILE,4.5,166.7,0.0,0,0,X,0.0,0.0,0.0,0.0,0.0,0.0,0.0,0.0,36,0.03963331102386066,39,10,29,0,0,0,0,0,0,0,0,1,0
1cvu,A,125,ASP,-3.5,111.1,-1.0,1,3,X,0.0,0.0,0.0,0.0,0.0,0.0,0.0,0.0,33,0.03730193978716297,37,3,34,0,0,0,0,0,0,0,0,1,0
1cvu,A,126,SER,-0.8,89.0,0.0,1,1,X,0.0,0.0,0.0,0.0,0.0,0.0,0.0,0.0,31,0.040099585271200194,24,8,16,0,0,0,0,0,0,0,0,1,0
1cvu,A,127,PRO,-1.6,112.7,0.0,0,0,X,0.0,0.0,0.0,0.0,0.0,0.0,0.0,0.0,33,0.04662742473395372,18,8,10,0,0,0,0,0,0,0,0,1,0
1cvu,A,128,PRO,-1.6,112.7,0.0,0,0,X,0.0,0.0,0.0,0.0,0.0,0.0,0.0,0.0,35,0.04429605349725603,33,10,23,0,0,0,0,0,0,0,0,1,0
1cvu,A,129,THR,-0.7,116.1,0.0,1,1,X,0.0,0.0,0.0,0.0,0.0,0.0,0.0,0.0,39,0.04989134446533048,33,16,17,0,0,0,0,0,0,0,0,1,0
1cvu,A,130,TYR,-1.3,193.6,0.0,1,1,X,0.0,0.0,0.0,0.0,0.0,0.0,0.0,0.0,31,0.053621538444046775,30,17,13,0,0,0,0,0,0,0,0,1,0
1cvu,A,131,ASN,-3.5,114.1,0.0,2,2,X,0.0,0.0,0.0,0.0,0.0,0.0,0.0,0.0,36,0.053621538444046775,30,12,18,0,0,0,0,0,0,0,0,1,0
1cvu,A,132,VAL,4.2,140.0,0.0,0,0,X,0.0,0.0,0.0,0.0,0.0,0.0,0.0,0.0,34,0.050823892960009553,33,12,21,0,0,0,0,0,0,0,0,1,0
1cvu,A,133,HIS,-3.2,153.2,0.1,2,1,X,0.0,0.0,0.0,0.0,0.0,0.0,0.0,0.0,25,0.03403802005578621,11,20,-9,0,0,0,0,0,0,0,0,1,0
1cvu,A,134,TYR,-1.3,193.6,0.0,1,1,X,0.0,0.0,0.0,0.0,0.0,0.0,0.0,0.0,28,0.043829779249916496,19,18,1,0,0,0,0,0,0,0,0,1,0
1cvu,A,135,GLY,-0.4,60.1,0.0,0,0,X,0.0,0.0,0.0,0.0,0.0,0.0,0.0,0.0,29,0.040565859518539735,27,8,19,0,0,0,0,0,0,0,0,1,0
1cvu,A,136,TYR,-1.3,193.6,0.0,1,1,X,0.0,0.0,0.0,0.0,0.0,0.0,0.0,0.0,37,0.03870076252918159,14,17,-3,0,0,0,0,0,0,0,0,1,0
1cvu,A,137,LYS,-3.9,168.6,1.0,2,0,X,0.0,0.0,0.0,0.0,0.0,0.0,0.0,0.0,37,0.04942507021799094,10,14,-4,0,0,0,0,0,0,0,0,1,0
1cvu,A,138,SER,-0.8,89.0,0.0,1,1,X,0.0,0.0,0.0,0.0,0.0,0.0,0.0,0.0,33,0.050823892960009553,23,17,6,0,0,0,0,0,0,0,0,1,0
1cvu,A,139,TRP,-0.9,227.8,0.0,1,0,X,0.0,0.0,0.0,0.0,0.0,0.0,0.0,0.0,37,0.04709369898129325,16,18,-2,0,0,0,0,0,0,0,0,1,0
1cvu,A,140,GLU,-3.5,138.4,-1.0,1,3,X,0.0,0.0,0.0,0.0,0.0,0.0,0.0,0.0,31,0.04103213376587927,24,7,17,0,0,0,0,0,0,0,0,1,0
1cvu,A,141,ALA,1.8,88.6,0.0,0,0,X,0.0,0.0,0.0,0.0,0.0,0.0,0.0,0.0,30,0.05548663543340492,26,10,16,0,0,0,0,0,0,0,0,1,0
1cvu,A,142,PHE,2.8,189.9,0.0,0,0,X,0.0,0.0,0.0,0.0,0.0,0.0,0.0,0.0,36,0.048492521723311866,16,14,2,0,0,0,0,0,0,0,0,1,0
1cvu,A,143,SER,-0.8,89.0,0.0,1,1,X,0.0,0.0,0.0,0.0,0.0,0.0,0.0,0.0,31,0.034970568550465285,14,19,-5,0,0,0,0,0,0,0,0,1,0
1cvu,A,144,ASN,-3.5,114.1,0.0,2,2,X,0.0,0.0,0.0,0.0,0.0,0.0,0.0,0.0,27,0.034970568550465285,21,10,11,0,0,0,0,0,0,0,0,1,0
1cvu,A,145,LEU,3.8,166.7,0.0,0,0,X,0.0,0.0,0.0,0.0,0.0,0.0,0.0,0.0,27,0.035436842797804825,26,6,20,0,0,0,0,0,0,0,0,1,0
1cvu,A,146,SER,-0.8,89.0,0.0,1,1,X,0.0,0.0,0.0,0.0,0.0,0.0,0.0,0.0,29,0.04476232774459557,36,15,21,0,0,0,0,0,0,0,0,1,0
1cvu,A,147,TYR,-1.3,193.6,0.0,1,1,X,0.0,0.0,0.0,0.0,0.0,0.0,0.0,0.0,33,0.04989134446533048,39,14,25,0,0,0,0,0,0,0,0,1,0
1cvu,A,148,TYR,-1.3,193.6,0.0,1,1,X,0.0,0.0,0.0,0.0,0.0,0.0,0.0,0.0,34,0.05408781269138631,40,15,25,0,0,0,0,0,0,0,0,1,0
1cvu,A,149,THR,-0.7,116.1,0.0,1,1,X,0.0,0.0,0.0,0.0,0.0,0.0,0.0,0.0,42,0.05175644145468863,32,16,16,0,0,0,0,0,0,0,0,1,0
1cvu,A,150,ARG,-4.5,173.4,1.0,5,0,X,0.0,0.0,0.0,0.0,0.0,0.0,0.0,0.0,40,0.04942507021799094,15,10,5,0,0,0,0,0,0,0,0,1,0
1cvu,A,151,ALA,1.8,88.6,0.0,0,0,X,0.0,0.0,0.0,0.0,0.0,0.0,0.0,0.0,34,0.05129016720734909,29,20,9,0,0,0,0,0,0,0,0,1,0
1cvu,A,152,LEU,3.8,166.7,0.0,0,0,X,0.0,0.0,0.0,0.0,0.0,0.0,0.0,0.0,35,0.043829779249916496,41,21,20,0,0,0,0,0,0,0,0,1,0
1cvu,A,153,PRO,-1.6,112.7,0.0,0,0,X,0.0,0.0,0.0,0.0,0.0,0.0,0.0,0.0,32,0.04616115048661418,31,19,12,0,0,0,0,0,0,0,0,1,0
1cvu,A,154,PRO,-1.6,112.7,0.0,0,0,X,0.0,0.0,0.0,0.0,0.0,0.0,0.0,0.0,35,0.048026247475972325,30,14,16,0,0,0,0,0,0,0,0,1,0
1cvu,A,155,VAL,4.2,140.0,0.0,0,0,X,0.0,0.0,0.0,0.0,0.0,0.0,0.0,0.0,34,0.043363505002576956,17,22,-5,0,0,0,0,0,0,0,0,1,0
1cvu,A,156,ALA,1.8,88.6,0.0,0,0,X,0.0,0.0,0.0,0.0,0.0,0.0,0.0,0.0,30,0.034970568550465285,13,17,-4,0,0,0,0,0,0,0,0,1,0
1cvu,A,157,ASP,-3.5,111.1,-1.0,1,3,X,0.0,0.0,0.0,0.0,0.0,0.0,0.0,0.0,19,0.02144861537761871,15,10,5,0,0,0,0,0,0,0,0,1,0
1cvu,A,158,ASP,-3.5,111.1,-1.0,1,3,X,0.0,0.0,0.0,0.0,0.0,0.0,0.0,0.0,19,0.026577632098353617,3,9,-6,0,0,0,0,0,0,0,0,1,0
1cvu,A,159,CYS,2.5,108.5,0.0,1,0,X,0.0,0.0,0.0,0.0,0.0,0.0,0.0,0.0,22,0.03916703677652112,15,16,-1,0,0,0,0,0,0,0,0,1,0
1cvu,A,160,PRO,-1.6,112.7,0.0,0,0,X,0.0,0.0,0.0,0.0,0.0,0.0,0.0,0.0,21,0.03170664881908853,17,14,3,0,0,0,0,0,0,0,0,1,0
1cvu,A,161,THR,-0.7,116.1,0.0,1,1,X,0.0,0.0,0.0,0.0,0.0,0.0,0.0,0.0,24,0.03823448828184205,19,16,3,0,0,0,0,0,0,0,0,1,0
1cvu,A,162,PRO,-1.6,112.7,0.0,0,0,X,0.0,0.0,0.0,0.0,0.0,0.0,0.0,0.0,32,0.045228601991935104,33,27,6,0,0,0,0,0,0,0,0,1,0
1cvu,A,163,MET,1.9,162.9,0.0,0,0,X,0.0,0.0,0.0,0.0,0.0,0.0,0.0,0.0,40,0.045228601991935104,33,30,3,0,0,0,0,0,0,0,0,1,0
1cvu,A,164,GLY,-0.4,60.1,0.0,0,0,X,0.0,0.0,0.0,0.0,0.0,0.0,0.0,0.0,32,0.043829779249916496,21,17,4,0,0,0,0,0,0,0,0,1,0
1cvu,A,165,VAL,4.2,140.0,0.0,0,0,X,0.0,0.0,0.0,0.0,0.0,0.0,0.0,0.0,25,0.03357174580844668,11,8,3,0,0,0,0,0,0,0,0,1,0
1cvu,A,166,LYS,-3.9,168.6,1.0,2,0,X,0.0,0.0,0.0,0.0,0.0,0.0,0.0,0.0,25,0.030307826077069916,1,20,-19,0,0,0,0,0,0,0,0,1,0
1cvu,A,167,GLY,-0.4,60.1,0.0,0,0,X,0.0,0.0,0.0,0.0,0.0,0.0,0.0,0.0,20,0.03870076252918159,17,19,-2,0,0,0,0,0,0,0,0,1,0
1cvu,A,168,ASN,-3.5,114.1,0.0,2,2,X,0.0,0.0,0.0,0.0,0.0,0.0,0.0,0.0,18,0.02984155182973038,15,15,0,0,0,0,0,0,0,0,0,1,0
1cvu,A,169,LYS,-3.9,168.6,1.0,2,0,X,0.0,0.0,0.0,0.0,0.0,0.0,0.0,0.0,12,0.027043906345693154,2,9,-7,0,0,0,0,0,0,0,0,1,0
1cvu,A,170,GLU,-3.5,138.4,-1.0,1,3,X,0.0,0.0,0.0,0.0,0.0,0.0,0.0,0.0,15,0.029375277582390842,17,5,12,0,0,0,0,0,0,0,0,1,0
1cvu,A,171,LEU,3.8,166.7,0.0,0,0,X,0.0,0.0,0.0,0.0,0.0,0.0,0.0,0.0,29,0.03916703677652112,20,30,-10,0,0,0,0,0,0,0,0,1,0
1cvu,A,172,PRO,-1.6,112.7,0.0,0,0,X,0.0,0.0,0.0,0.0,0.0,0.0,0.0,0.0,29,0.03730193978716297,17,37,-20,0,0,0,0,0,0,0,0,1,0
1cvu,A,173,ASP,-3.5,111.1,-1.0,1,3,X,0.0,0.0,0.0,0.0,0.0,0.0,0.0,0.0,17,0.03170664881908853,28,32,-4,0,0,0,0,0,0,0,0,1,0
1cvu,A,174,SER,-0.8,89.0,0.0,1,1,X,0.0,0.0,0.0,0.0,0.0,0.0,0.0,0.0,26,0.043829779249916496,30,38,-8,0,0,0,0,0,0,0,0,1,0
1cvu,A,175,LYS,-3.9,168.6,1.0,2,0,X,0.0,0.0,0.0,0.0,0.0,0.0,0.0,0.0,19,0.03683566553982344,18,29,-11,0,0,0,0,0,0,0,0,1,0
1cvu,A,176,GLU,-3.5,138.4,-1.0,1,3,X,0.0,0.0,0.0,0.0,0.0,0.0,0.0,0.0,21,0.035436842797804825,26,25,1,0,0,0,0,0,0,0,0,1,0
1cvu,A,177,VAL,4.2,140.0,0.0,0,0,X,0.0,0.0,0.0,0.0,0.0,0.0,0.0,0.0,33,0.05175644145468863,37,45,-8,0,0,0,0,0,0,0,0,1,0
1cvu,A,178,LEU,3.8,166.7,0.0,0,0,X,0.0,0.0,0.0,0.0,0.0,0.0,0.0,0.0,36,0.04942507021799094,43,29,14,0,0,0,0,0,0,0,0,1,0
1cvu,A,179,GLU,-3.5,138.4,-1.0,1,3,X,0.0,0.0,0.0,0.0,0.0,0.0,0.0,0.0,21,0.04196468226055834,40,19,21,0,0,0,0,0,0,0,0,1,1
1cvu,A,180,LYS,-3.9,168.6,1.0,2,0,X,0.0,0.0,0.0,0.0,0.0,0.0,0.0,0.0,24,0.043363505002576956,23,37,-14,0,0,0,0,0,0,0,0,1,0
1cvu,A,181,VAL,4.2,140.0,0.0,0,0,X,0.0,0.0,0.0,0.0,0.0,0.0,0.0,0.0,37,0.04942507021799094,33,35,-2,0,0,0,0,0,0,0,0,1,0
1cvu,A,182,LEU,3.8,166.7,0.0,0,0,X,0.0,0.0,0.0,0.0,0.0,0.0,0.0,0.0,44,0.050823892960009553,44,13,31,0,0,0,0,0,0,0,0,1,0
1cvu,A,183,LEU,3.8,166.7,0.0,0,0,X,0.0,0.0,0.0,0.0,0.0,0.0,0.0,0.0,31,0.048958795970651406,46,18,28,0,0,0,0,0,0,0,0,1,0
1cvu,A,184,ARG,-4.5,173.4,1.0,5,0,X,0.0,0.0,0.0,0.0,0.0,0.0,0.0,0.0,31,0.04476232774459557,27,17,10,0,0,0,0,0,0,0,0,1,1
1cvu,A,185,ARG,-4.5,173.4,1.0,5,0,X,0.0,0.0,0.0,0.0,0.0,0.0,0.0,0.0,20,0.029375277582390842,26,20,6,0,0,0,0,0,0,0,0,1,1
1cvu,A,186,GLU,-3.5,138.4,-1.0,1,3,X,0.0,0.0,0.0,0.0,0.0,0.0,0.0,0.0,11,0.024246260861655933,27,4,23,0,0,0,0,0,0,0,0,1,0
1cvu,A,187,PHE,2.8,189.9,0.0,0,0,X,0.0,0.0,0.0,0.0,0.0,0.0,0.0,0.0,26,0.03450429430312575,26,22,4,0,0,0,0,0,0,0,0,1,0
1cvu,A,188,ILE,4.5,166.7,0.0,0,0,X,0.0,0.0,0.0,0.0,0.0,0.0,0.0,0.0,30,0.0363693912924839,35,20,15,0,0,0,0,0,0,0,0,1,0
1cvu,A,189,PRO,-1.6,112.7,0.0,0,0,X,0.0,0.0,0.0,0.0,0.0,0.0,0.0,0.0,28,0.03916703677652112,18,15,3,0,0,0,0,0,0,0,0,1,0
1cvu,A,190,ASP,-3.5,111.1,-1.0,1,3,X,0.0,0.0,0.0,0.0,0.0,0.0,0.0,0.0,33,0.048026247475972325,20,7,13,0,0,0,0,0,0,0,0,1,0
1cvu,A,191,PRO,-1.6,112.7,0.0,0,0,X,0.0,0.0,0.0,0.0,0.0,0.0,0.0,0.0,27,0.03590311704514436,20,16,4,0,0,0,0,0,0,0,0,1,0
1cvu,A,192,GLN,-3.5,143.8,0.0,2,2,X,0.0,0.0,0.0,0.0,0.0,0.0,0.0,0.0,34,0.035436842797804825,27,16,11,0,0,0,0,0,0,0,0,1,0
1cvu,A,193,GLY,-0.4,60.1,0.0,0,0,X,0.0,0.0,0.0,0.0,0.0,0.0,0.0,0.0,31,0.04196468226055834,17,10,7,0,0,0,0,0,0,0,0,1,0
1cvu,A,194,SER,-0.8,89.0,0.0,1,1,X,0.0,0.0,0.0,0.0,0.0,0.0,0.0,0.0,39,0.05781800667010261,20,9,11,0,0,0,0,0,0,0,0,1,0
1cvu,A,195,ASN,-3.5,114.1,0.0,2,2,X,0.0,0.0,0.0,0.0,0.0,0.0,0.0,0.0,37,0.05735173242276307,12,10,2,0,0,0,0,0,0,0,0,1,0
1cvu,A,196,MET,1.9,162.9,0.0,0,0,X,0.0,0.0,0.0,0.0,0.0,0.0,0.0,0.0,39,0.053155264196707235,6,3,3,0,0,0,0,0,0,0,0,1,0
1cvu,A,197,MET,1.9,162.9,0.0,0,0,X,0.0,0.0,0.0,0.0,0.0,0.0,0.0,0.0,40,0.05548663543340492,8,4,4,0,0,0,0,0,0,0,0,1,0
1cvu,A,198,PHE,2.8,189.9,0.0,0,0,X,0.0,0.0,0.0,0.0,0.0,0.0,0.0,0.0,41,0.05502036118606539,11,8,3,0,0,0,0,0,0,0,0,1,0
1cvu,A,199,ALA,1.8,88.6,0.0,0,0,X,0.0,0.0,0.0,0.0,0.0,0.0,0.0,0.0,38,0.04942507021799094,12,1,11,0,0,0,0,0,0,0,0,1,0
1cvu,A,200,PHE,2.8,189.9,0.0,0,0,X,0.0,0.0,0.0,0.0,0.0,0.0,0.0,0.0,33,0.04942507021799094,10,0,10,0,0,0,0,0,0,0,0,1,0
1cvu,A,201,PHE,2.8,189.9,0.0,0,0,X,0.0,0.0,0.0,0.0,0.0,0.0,0.0,0.0,40,0.05129016720734909,14,7,7,0,0,0,0,0,0,0,0,1,0
1cvu,A,202,ALA,1.8,88.6,0.0,0,0,X,0.0,0.0,0.0,0.0,0.0,0.0,0.0,0.0,31,0.050823892960009553,16,0,16,0,0,0,0,0,0,0,0,1,0
1cvu,A,203,GLN,-3.5,143.8,0.0,2,2,X,0.0,0.0,0.0,0.0,0.0,0.0,0.0,0.0,30,0.03963331102386066,26,0,26,0,0,0,0,0,0,0,0,1,1
1cvu,A,204,HIS,-3.2,153.2,0.1,2,1,X,0.0,0.0,0.0,0.0,0.0,0.0,0.0,0.0,36,0.0526889899493677,10,0,10,0,0,0,0,0,0,0,0,1,0
1cvu,A,205,PHE,2.8,189.9,0.0,0,0,X,0.0,0.0,0.0,0.0,0.0,0.0,0.0,0.0,41,0.048958795970651406,19,6,13,0,0,0,0,0,0,0,0,1,1
1cvu,A,206,THR,-0.7,116.1,0.0,1,1,X,0.0,0.0,0.0,0.0,0.0,0.0,0.0,0.0,31,0.048026247475972325,29,0,29,0,0,0,0,0,0,0,0,1,0
1cvu,A,207,ALA,1.8,88.6,0.0,0,0,X,0.0,0.0,0.0,0.0,0.0,0.0,0.0,0.0,33,0.04942507021799094,33,8,25,0,0,0,0,0,0,0,0,1,0
1cvu,A,208,GLN,-3.5,143.8,0.0,2,2,X,0.0,0.0,0.0,0.0,0.0,0.0,0.0,0.0,40,0.05548663543340492,36,15,21,0,0,0,0,0,0,0,0,1,0
1cvu,A,209,PHE,2.8,189.9,0.0,0,0,X,0.0,0.0,0.0,0.0,0.0,0.0,0.0,0.0,38,0.05175644145468863,38,8,30,0,0,0,0,0,0,0,0,1,0
1cvu,A,210,PHE,2.8,189.9,0.0,0,0,X,0.0,0.0,0.0,0.0,0.0,0.0,0.0,0.0,34,0.04429605349725603,34,5,29,0,0,0,0,0,0,0,0,1,0
1cvu,A,211,LYS,-3.9,168.6,1.0,2,0,X,0.0,0.0,0.0,0.0,0.0,0.0,0.0,0.0,33,0.043829779249916496,33,23,10,0,0,0,0,0,0,0,0,1,0
1cvu,A,212,THR,-0.7,116.1,0.0,1,1,X,0.0,0.0,0.0,0.0,0.0,0.0,0.0,0.0,28,0.043829779249916496,45,9,36,0,0,0,0,0,0,0,0,1,1
1cvu,A,213,ASP,-3.5,111.1,-1.0,1,3,X,0.0,0.0,0.0,0.0,0.0,0.0,0.0,0.0,18,0.04289723075523742,49,0,49,0,0,0,0,0,0,0,0,1,0
1cvu,A,214,HIS,-3.2,153.2,0.1,2,1,X,0.0,0.0,0.0,0.0,0.0,0.0,0.0,0.0,15,0.03124037457174899,30,8,22,0,0,0,0,0,0,0,0,1,1
1cvu,A,215,LYS,-3.9,168.6,1.0,2,0,X,0.0,0.0,0.0,0.0,0.0,0.0,0.0,0.0,8,0.02144861537761871,28,8,20,0,0,0,0,0,0,0,0,1,0
1cvu,A,216,ARG,-4.5,173.4,1.0,5,0,X,0.0,0.0,0.0,0.0,0.0,0.0,0.0,0.0,19,0.027510180593032695,27,8,19,0,0,0,0,0,0,0,0,1,0
1cvu,A,217,GLY,-0.4,60.1,0.0,0,0,X,0.0,0.0,0.0,0.0,0.0,0.0,0.0,0.0,21,0.03403802005578621,41,16,25,0,0,0,0,0,0,0,0,1,0
1cvu,A,218,PRO,-1.6,112.7,0.0,0,0,X,0.0,0.0,0.0,0.0,0.0,0.0,0.0,0.0,30,0.04103213376587927,36,20,16,0,0,0,0,0,0,0,0,1,0
1cvu,A,219,GLY,-0.4,60.1,0.0,0,0,X,0.0,0.0,0.0,0.0,0.0,0.0,0.0,0.0,36,0.05129016720734909,43,16,27,0,0,0,0,0,0,0,0,1,0
1cvu,A,220,PHE,2.8,189.9,0.0,0,0,X,0.0,0.0,0.0,0.0,0.0,0.0,0.0,0.0,29,0.048492521723311866,43,9,34,0,0,0,0,0,0,0,0,1,0
1cvu,A,221,THR,-0.7,116.1,0.0,1,1,X,0.0,0.0,0.0,0.0,0.0,0.0,0.0,0.0,33,0.0526889899493677,52,12,40,0,0,0,0,0,0,0,0,1,0
1cvu,A,222,ARG,-4.5,173.4,1.0,5,0,X,0.0,0.0,0.0,0.0,0.0,0.0,0.0,0.0,26,0.03776821403450251,34,23,11,0,0,0,0,0,0,0,0,1,0
1cvu,A,223,GLY,-0.4,60.1,0.0,0,0,X,0.0,0.0,0.0,0.0,0.0,0.0,0.0,0.0,31,0.04709369898129325,37,21,16,0,0,0,0,0,0,0,0,1,0
1cvu,A,224,LEU,3.8,166.7,0.0,0,0,X,0.0,0.0,0.0,0.0,0.0,0.0,0.0,0.0,27,0.03310547156110714,35,16,19,0,0,0,0,0,0,0,0,1,0
1cvu,A,225,GLY,-0.4,60.1,0.0,0,0,X,0.0,0.0,0.0,0.0,0.0,0.0,0.0,0.0,33,0.0363693912924839,30,16,14,0,0,0,0,0,0,0,0,1,0
1cvu,A,226,HIS,-3.2,153.2,0.1,2,1,X,0.0,0.0,0.0,0.0,0.0,0.0,0.0,0.0,35,0.04103213376587927,26,9,17,0,0,0,0,0,0,0,0,1,0
1cvu,A,227,GLY,-0.4,60.1,0.0,0,0,X,0.0,0.0,0.0,0.0,0.0,0.0,0.0,0.0,40,0.04429605349725603,36,12,24,0,0,0,0,0,0,0,0,1,0
1cvu,A,228,VAL,4.2,140.0,0.0,0,0,X,0.0,0.0,0.0,0.0,0.0,0.0,0.0,0.0,42,0.05035761871267001,22,11,11,0,0,0,0,0,0,0,0,1,0
1cvu,A,229,ASP,-3.5,111.1,-1.0,1,3,X,0.0,0.0,0.0,0.0,0.0,0.0,0.0,0.0,37,0.04429605349725603,29,10,19,0,0,0,0,0,0,0,0,1,0
1cvu,A,230,LEU,3.8,166.7,0.0,0,0,X,0.0,0.0,0.0,0.0,0.0,0.0,0.0,0.0,36,0.05129016720734909,31,15,16,0,0,0,0,0,0,0,0,1,0
1cvu,A,231,ASN,-3.5,114.1,0.0,2,2,X,0.0,0.0,0.0,0.0,0.0,0.0,0.0,0.0,35,0.048492521723311866,43,21,22,0,0,0,0,0,0,0,0,1,0
1cvu,A,232,HIS,-3.2,153.2,0.1,2,1,X,0.0,0.0,0.0,0.0,0.0,0.0,0.0,0.0,38,0.0526889899493677,21,16,5,0,0,0,0,0,0,0,0,1,0
1cvu,A,233,ILE,4.5,166.7,0.0,0,0,X,0.0,0.0,0.0,0.0,0.0,0.0,0.0,0.0,39,0.04989134446533048,45,13,32,0,0,0,0,0,0,0,0,1,0
1cvu,A,234,TYR,-1.3,193.6,0.0,1,1,X,0.0,0.0,0.0,0.0,0.0,0.0,0.0,0.0,37,0.048492521723311866,50,13,37,0,0,0,0,0,0,0,0,1,0
1cvu,A,235,GLY,-0.4,60.1,0.0,0,0,X,0.0,0.0,0.0,0.0,0.0,0.0,0.0,0.0,34,0.04616115048661418,43,30,13,0,0,0,0,0,0,0,0,1,0
1cvu,A,236,GLU,-3.5,138.4,-1.0,1,3,X,0.0,0.0,0.0,0.0,0.0,0.0,0.0,0.0,30,0.03357174580844668,39,17,22,0,0,0,0,0,0,0,0,1,0
1cvu,A,237,THR,-0.7,116.1,0.0,1,1,X,0.0,0.0,0.0,0.0,0.0,0.0,0.0,0.0,21,0.026577632098353617,31,21,10,0,0,0,0,0,0,0,0,1,0
1cvu,A,238,LEU,3.8,166.7,0.0,0,0,X,0.0,0.0,0.0,0.0,0.0,0.0,0.0,0.0,23,0.030307826077069916,33,25,8,0,0,0,0,0,0,0,0,1,0
1cvu,A,239,ASP,-3.5,111.1,-1.0,1,3,X,0.0,0.0,0.0,0.0,0.0,0.0,0.0,0.0,16,0.02844272908771177,30,6,24,0,0,0,0,0,0,0,0,1,0
1cvu,A,240,ARG,-4.5,173.4,1.0,5,0,X,0.0,0.0,0.0,0.0,0.0,0.0,0.0,0.0,28,0.04289723075523742,24,34,-10,0,0,0,0,0,0,0,0,1,0
1cvu,A,241,GLN,-3.5,143.8,0.0,2,2,X,0.0,0.0,0.0,0.0,0.0,0.0,0.0,0.0,32,0.048958795970651406,50,25,25,0,0,0,0,0,0,0,0,1,0
1cvu,A,242,HIS,-3.2,153.2,0.1,2,1,X,0.0,0.0,0.0,0.0,0.0,0.0,0.0,0.0,23,0.03963331102386066,30,19,11,0,0,0,0,0,0,0,0,1,0
1cvu,A,243,LYS,-3.9,168.6,1.0,2,0,X,0.0,0.0,0.0,0.0,0.0,0.0,0.0,0.0,25,0.040099585271200194,38,19,19,0,0,0,0,0,0,0,0,1,0
1cvu,A,244,LEU,3.8,166.7,0.0,0,0,X,0.0,0.0,0.0,0.0,0.0,0.0,0.0,0.0,40,0.050823892960009553,57,10,47,0,0,0,0,0,0,0,0,1,0
1cvu,A,245,ARG,-4.5,173.4,1.0,5,0,X,0.0,0.0,0.0,0.0,0.0,0.0,0.0,0.0,30,0.04989134446533048,49,25,24,0,0,0,0,0,0,0,0,1,0
1cvu,A,246,LEU,3.8,166.7,0.0,0,0,X,0.0,0.0,0.0,0.0,0.0,0.0,0.0,0.0,22,0.04103213376587927,47,15,32,0,0,0,0,0,0,0,0,1,0
1cvu,A,247,PHE,2.8,189.9,0.0,0,0,X,0.0,0.0,0.0,0.0,0.0,0.0,0.0,0.0,19,0.035436842797804825,49,22,27,0,0,0,0,0,0,0,0,1,0
1cvu,A,248,LYS,-3.9,168.6,1.0,2,0,X,0.0,0.0,0.0,0.0,0.0,0.0,0.0,0.0,18,0.03170664881908853,29,17,12,0,0,0,0,0,0,0,0,1,0
1cvu,A,249,ASP,-3.5,111.1,-1.0,1,3,X,0.0,0.0,0.0,0.0,0.0,0.0,0.0,0.0,28,0.03916703677652112,40,20,20,0,0,0,0,0,0,0,0,1,0
1cvu,A,250,GLY,-0.4,60.1,0.0,0,0,X,0.0,0.0,0.0,0.0,0.0,0.0,0.0,0.0,32,0.056419183928083996,53,32,21,0,0,0,0,0,0,0,0,1,0
1cvu,A,251,LYS,-3.9,168.6,1.0,2,0,X,0.0,0.0,0.0,0.0,0.0,0.0,0.0,0.0,31,0.05781800667010261,51,29,22,0,0,0,0,0,0,0,0,1,0
1cvu,A,252,LEU,3.8,166.7,0.0,0,0,X,0.0,0.0,0.0,0.0,0.0,0.0,0.0,0.0,42,0.04942507021799094,63,12,51,0,0,0,0,0,0,0,0,1,0
1cvu,A,253,LYS,-3.9,168.6,1.0,2,0,X,0.0,0.0,0.0,0.0,0.0,0.0,0.0,0.0,30,0.04103213376587927,35,8,27,0,0,0,0,0,0,0,0,1,0
1cvu,A,254,TYR,-1.3,193.6,0.0,1,1,X,0.0,0.0,0.0,0.0,0.0,0.0,0.0,0.0,24,0.040099585271200194,32,6,26,0,0,0,0,0,0,0,0,1,0
1cvu,A,255,GLN,-3.5,143.8,0.0,2,2,X,0.0,0.0,0.0,0.0,0.0,0.0,0.0,0.0,27,0.03683566553982344,8,13,-5,0,0,0,0,0,0,0,0,1,0
1cvu,A,256,VAL,4.2,140.0,0.0,0,0,X,0.0,0.0,0.0,0.0,0.0,0.0,0.0,0.0,15,0.032639197313767604,5,10,-5,0,0,0,0,0,0,0,0,1,0
1cvu,A,257,ILE,4.5,166.7,0.0,0,0,X,0.0,0.0,0.0,0.0,0.0,0.0,0.0,0.0,20,0.029375277582390842,2,10,-8,0,0,0,0,0,0,0,0,1,0
1cvu,A,258,GLY,-0.4,60.1,0.0,0,0,X,0.0,0.0,0.0,0.0,0.0,0.0,0.0,0.0,11,0.017252147151562876,5,9,-4,0,0,0,0,0,0,0,0,1,0
1cvu,A,259,GLY,-0.4,60.1,0.0,0,0,X,0.0,0.0,0.0,0.0,0.0,0.0,0.0,0.0,11,0.019117244140921023,10,9,1,0,0,0,0,0,0,0,0,1,0
1cvu,A,260,GLU,-3.5,138.4,-1.0,1,3,X,0.0,0.0,0.0,0.0,0.0,0.0,0.0,0.0,22,0.02984155182973038,18,1,17,0,0,0,0,0,0,0,0,1,0
1cvu,A,261,VAL,4.2,140.0,0.0,0,0,X,0.0,0.0,0.0,0.0,0.0,0.0,0.0,0.0,27,0.04243095650789788,16,10,6,0,0,0,0,0,0,0,0,1,0
1cvu,A,262,TYR,-1.3,193.6,0.0,1,1,X,0.0,0.0,0.0,0.0,0.0,0.0,0.0,0.0,31,0.05222271570202816,11,10,1,0,0,0,0,0,0,0,0,1,0
1cvu,A,263,PRO,-1.6,112.7,0.0,0,0,X,0.0,0.0,0.0,0.0,0.0,0.0,0.0,0.0,42,0.04989134446533048,15,8,7,0,0,0,0,0,0,0,0,1,0
1cvu,A,264,PRO,-1.6,112.7,0.0,0,0,X,0.0,0.0,0.0,0.0,0.0,0.0,0.0,0.0,36,0.04662742473395372,22,10,12,0,0,0,0,0,0,0,0,1,0
1cvu,A,265,THR,-0.7,116.1,0.0,1,1,X,0.0,0.0,0.0,0.0,0.0,0.0,0.0,0.0,29,0.048492521723311866,18,18,0,0,0,0,0,0,0,0,0,1,0
1cvu,A,266,VAL,4.2,140.0,0.0,0,0,X,0.0,0.0,0.0,0.0,0.0,0.0,0.0,0.0,27,0.04616115048661418,20,26,-6,0,0,0,0,0,0,0,0,1,0
1cvu,A,267,LYS,-3.9,168.6,1.0,2,0,X,0.0,0.0,0.0,0.0,0.0,0.0,0.0,0.0,16,0.032639197313767604,1,17,-16,0,0,0,0,0,0,0,0,1,0
1cvu,A,268,ASP,-3.5,111.1,-1.0,1,3,X,0.0,0.0,0.0,0.0,0.0,0.0,0.0,0.0,18,0.02797645484037223,22,8,14,0,0,0,0,0,0,0,0,1,0
1cvu,A,269,THR,-0.7,116.1,0.0,1,1,X,0.0,0.0,0.0,0.0,0.0,0.0,0.0,0.0,24,0.040565859518539735,43,16,27,0,0,0,0,0,0,0,0,1,0
1cvu,A,270,GLN,-3.5,143.8,0.0,2,2,X,0.0,0.0,0.0,0.0,0.0,0.0,0.0,0.0,17,0.02984155182973038,27,19,8,0,0,0,0,0,0,0,0,1,0
1cvu,A,271,VAL,4.2,140.0,0.0,0,0,X,0.0,0.0,0.0,0.0,0.0,0.0,0.0,0.0,30,0.04149840801321881,33,26,7,0,0,0,0,0,0,0,0,1,0
1cvu,A,272,GLU,-3.5,138.4,-1.0,1,3,X,0.0,0.0,0.0,0.0,0.0,0.0,0.0,0.0,21,0.03170664881908853,17,9,8,0,0,0,0,0,0,0,0,1,0
1cvu,A,273,MET,1.9,162.9,0.0,0,0,X,0.0,0.0,0.0,0.0,0.0,0.0,0.0,0.0,30,0.04476232774459557,7,19,-12,0,0,0,0,0,0,0,0,1,0
1cvu,A,274,ILE,4.5,166.7,0.0,0,0,X,0.0,0.0,0.0,0.0,0.0,0.0,0.0,0.0,22,0.0363693912924839,4,18,-14,0,0,0,0,0,0,0,0,1,0
1cvu,A,275,TYR,-1.3,193.6,0.0,1,1,X,0.0,0.0,0.0,0.0,0.0,0.0,0.0,0.0,32,0.03870076252918159,12,17,-5,0,0,0,0,0,0,0,0,1,0
1cvu,A,276,PRO,-1.6,112.7,0.0,0,0,X,0.0,0.0,0.0,0.0,0.0,0.0,0.0,0.0,16,0.027510180593032695,10,1,9,0,0,0,0,0,0,0,0,1,0
1cvu,A,277,PRO,-1.6,112.7,0.0,0,0,X,0.0,0.0,0.0,0.0,0.0,0.0,0.0,0.0,10,0.01958351838826056,10,1,9,0,0,0,0,0,0,0,0,1,0
1cvu,A,278,HIS,-3.2,153.2,0.1,2,1,X,0.0,0.0,0.0,0.0,0.0,0.0,0.0,0.0,12,0.020049792635600097,0,1,-1,0,0,0,0,0,0,0,0,1,0
1cvu,A,279,ILE,4.5,166.7,0.0,0,0,X,0.0,0.0,0.0,0.0,0.0,0.0,0.0,0.0,20,0.035436842797804825,10,8,2,0,0,0,0,0,0,0,0,1,0
1cvu,A,280,PRO,-1.6,112.7,0.0,0,0,X,0.0,0.0,0.0,0.0,0.0,0.0,0.0,0.0,18,0.026577632098353617,11,9,2,0,0,0,0,0,0,0,0,1,0
1cvu,A,281,GLU,-3.5,138.4,-1.0,1,3,X,0.0,0.0,0.0,0.0,0.0,0.0,0.0,0.0,17,0.03170664881908853,11,7,4,0,0,0,0,0,0,0,0,1,0
1cvu,A,282,ASN,-3.5,114.1,0.0,2,2,X,0.0,0.0,0.0,0.0,0.0,0.0,0.0,0.0,19,0.03310547156110714,9,13,-4,0,0,0,0,0,0,0,0,1,0
1cvu,A,283,LEU,3.8,166.7,0.0,0,0,X,0.0,0.0,0.0,0.0,0.0,0.0,0.0,0.0,28,0.04149840801321881,4,9,-5,0,0,0,0,0,0,0,0,1,0
1cvu,A,284,GLN,-3.5,143.8,0.0,2,2,X,0.0,0.0,0.0,0.0,0.0,0.0,0.0,0.0,30,0.05035761871267001,12,20,-8,0,0,0,0,0,0,0,0,1,0
1cvu,A,285,PHE,2.8,189.9,0.0,0,0,X,0.0,0.0,0.0,0.0,0.0,0.0,0.0,0.0,45,0.04942507021799094,3,9,-6,0,0,0,0,0,0,0,0,1,0
1cvu,A,286,ALA,1.8,88.6,0.0,0,0,X,0.0,0.0,0.0,0.0,0.0,0.0,0.0,0.0,43,0.05129016720734909,34,20,14,0,0,0,0,0,0,0,0,1,0
1cvu,A,287,VAL,4.2,140.0,0.0,0,0,X,0.0,0.0,0.0,0.0,0.0,0.0,0.0,0.0,45,0.05129016720734909,26,15,11,0,0,0,0,0,0,0,0,1,0
1cvu,A,288,GLY,-0.4,60.1,0.0,0,0,X,0.0,0.0,0.0,0.0,0.0,0.0,0.0,0.0,40,0.04709369898129325,34,24,10,0,0,0,0,0,0,0,0,1,0
1cvu,A,289,GLN,-3.5,143.8,0.0,2,2,X,0.0,0.0,0.0,0.0,0.0,0.0,0.0,0.0,36,0.04942507021799094,42,18,24,0,0,0,0,0,0,0,0,1,0
1cvu,A,290,GLU,-3.5,138.4,-1.0,1,3,X,0.0,0.0,0.0,0.0,0.0,0.0,0.0,0.0,26,0.043363505002576956,25,13,12,0,0,0,0,0,0,0,0,1,0
1cvu,A,291,VAL,4.2,140.0,0.0,0,0,X,0.0,0.0,0.0,0.0,0.0,0.0,0.0,0.0,31,0.040565859518539735,23,11,12,0,0,0,0,0,0,0,0,1,0
1cvu,A,292,PHE,2.8,189.9,0.0,0,0,X,0.0,0.0,0.0,0.0,0.0,0.0,0.0,0.0,38,0.0526889899493677,24,10,14,0,0,0,0,0,0,0,0,1,0
1cvu,A,293,GLY,-0.4,60.1,0.0,0,0,X,0.0,0.0,0.0,0.0,0.0,0.0,0.0,0.0,32,0.058750555164781684,0,6,-6,0,0,0,0,0,0,0,0,1,0
1cvu,A,294,LEU,3.8,166.7,0.0,0,0,X,0.0,0.0,0.0,0.0,0.0,0.0,0.0,0.0,24,0.04709369898129325,1,3,-2,0,0,0,0,0,0,0,0,1,0
1cvu,A,295,VAL,4.2,140.0,0.0,0,0,X,0.0,0.0,0.0,0.0,0.0,0.0,0.0,0.0,33,0.048492521723311866,6,0,6,0,0,0,0,0,0,0,0,1,0
1cvu,A,296,PRO,-1.6,112.7,0.0,0,0,X,0.0,0.0,0.0,0.0,0.0,0.0,0.0,0.0,39,0.05455408693872585,2,1,1,0,0,0,0,0,0,0,0,1,0
1cvu,A,297,GLY,-0.4,60.1,0.0,0,0,X,0.0,0.0,0.0,0.0,0.0,0.0,0.0,0.0,36,0.04616115048661418,9,0,9,0,0,0,0,0,0,0,0,1,0
1cvu,A,298,LEU,3.8,166.7,0.0,0,0,X,0.0,0.0,0.0,0.0,0.0,0.0,0.0,0.0,38,0.053621538444046775,16,1,15,0,0,0,0,0,0,0,0,1,0
1cvu,A,299,MET,1.9,162.9,0.0,0,0,X,0.0,0.0,0.0,0.0,0.0,0.0,0.0,0.0,42,0.04989134446533048,8,1,7,0,0,0,0,0,0,0,0,1,0
1cvu,A,300,MET,1.9,162.9,0.0,0,0,X,0.0,0.0,0.0,0.0,0.0,0.0,0.0,0.0,40,0.04942507021799094,13,1,12,0,0,0,0,0,0,0,0,1,0
1cvu,A,301,TYR,-1.3,193.6,0.0,1,1,X,0.0,0.0,0.0,0.0,0.0,0.0,0.0,0.0,37,0.04616115048661418,14,0,14,0,0,0,0,0,0,0,0,1,0
1cvu,A,302,ALA,1.8,88.6,0.0,0,0,X,0.0,0.0,0.0,0.0,0.0,0.0,0.0,0.0,41,0.0526889899493677,32,3,29,0,0,0,0,0,0,0,0,1,0
1cvu,A,303,THR,-0.7,116.1,0.0,1,1,X,0.0,0.0,0.0,0.0,0.0,0.0,0.0,0.0,38,0.04755997322863279,19,11,8,0,0,0,0,0,0,0,0,1,0
1cvu,A,304,ILE,4.5,166.7,0.0,0,0,X,0.0,0.0,0.0,0.0,0.0,0.0,0.0,0.0,37,0.05222271570202816,23,9,14,0,0,0,0,0,0,0,0,1,0
1cvu,A,305,TRP,-0.9,227.8,0.0,1,0,X,0.0,0.0,0.0,0.0,0.0,0.0,0.0,0.0,41,0.048026247475972325,39,18,21,0,0,0,0,0,0,0,0,1,0
1cvu,A,306,LEU,3.8,166.7,0.0,0,0,X,0.0,0.0,0.0,0.0,0.0,0.0,0.0,0.0,37,0.05035761871267001,42,8,34,0,0,0,0,0,0,0,0,1,0
1cvu,A,307,ARG,-4.5,173.4,1.0,5,0,X,0.0,0.0,0.0,0.0,0.0,0.0,0.0,0.0,32,0.045694876239274644,18,17,1,0,0,0,0,0,0,0,0,1,0
1cvu,A,308,GLU,-3.5,138.4,-1.0,1,3,X,0.0,0.0,0.0,0.0,0.0,0.0,0.0,0.0,36,0.05129016720734909,32,14,18,0,0,0,0,0,0,0,0,1,0
1cvu,A,309,HIS,-3.2,153.2,0.1,2,1,X,0.0,0.0,0.0,0.0,0.0,0.0,0.0,0.0,42,0.05408781269138631,43,25,18,0,0,0,0,0,0,0,0,1,0
1cvu,A,310,GLN,-3.5,143.8,0.0,2,2,X,0.0,0.0,0.0,0.0,0.0,0.0,0.0,0.0,35,0.04755997322863279,50,26,24,0,0,0,0,0,0,0,0,1,0
1cvu,A,311,ARG,-4.5,173.4,1.0,5,0,X,0.0,0.0,0.0,0.0,0.0,0.0,0.0,0.0,27,0.04103213376587927,20,22,-2,0,0,0,0,0,0,0,0,1,0
1cvu,A,312,VAL,4.2,140.0,0.0,0,0,X,0.0,0.0,0.0,0.0,0.0,0.0,0.0,0.0,38,0.048026247475972325,41,28,13,0,0,0,0,0,0,0,0,1,0
1cvu,A,313,CYS,2.5,108.5,0.0,1,0,X,0.0,0.0,0.0,0.0,0.0,0.0,0.0,0.0,36,0.053155264196707235,53,37,16,0,0,0,0,0,0,0,0,1,0
1cvu,A,314,ASP,-3.5,111.1,-1.0,1,3,X,0.0,0.0,0.0,0.0,0.0,0.0,0.0,0.0,20,0.03870076252918159,41,15,26,0,0,0,0,0,0,0,0,1,0
1cvu,A,315,ILE,4.5,166.7,0.0,0,0,X,0.0,0.0,0.0,0.0,0.0,0.0,0.0,0.0,27,0.03823448828184205,31,25,6,0,0,0,0,0,0,0,0,1,0
1cvu,A,316,LEU,3.8,166.7,0.0,0,0,X,0.0,0.0,0.0,0.0,0.0,0.0,0.0,0.0,39,0.05222271570202816,28,31,-3,0,0,0,0,0,0,0,0,1,0
1cvu,A,317,LYS,-3.9,168.6,1.0,2,0,X,0.0,0.0,0.0,0.0,0.0,0.0,0.0,0.0,24,0.04755997322863279,20,39,-19,0,0,0,0,0,0,0,0,1,0
1cvu,A,318,GLN,-3.5,143.8,0.0,2,2,X,0.0,0.0,0.0,0.0,0.0,0.0,0.0,0.0,14,0.030307826077069916,21,19,2,0,0,0,0,0,0,0,0,1,0
1cvu,A,319,GLU,-3.5,138.4,-1.0,1,3,X,0.0,0.0,0.0,0.0,0.0,0.0,0.0,0.0,24,0.03776821403450251,17,17,0,0,0,0,0,0,0,0,0,1,0
1cvu,A,320,HIS,-3.2,153.2,0.1,2,1,X,0.0,0.0,0.0,0.0,0.0,0.0,0.0,0.0,29,0.045228601991935104,9,21,-12,0,0,0,0,0,0,0,0,1,0
1cvu,A,321,PRO,-1.6,112.7,0.0,0,0,X,0.0,0.0,0.0,0.0,0.0,0.0,0.0,0.0,19,0.034970568550465285,19,22,-3,0,0,0,0,0,0,0,0,1,0
1cvu,A,322,GLU,-3.5,138.4,-1.0,1,3,X,0.0,0.0,0.0,0.0,0.0,0.0,0.0,0.0,25,0.034970568550465285,19,16,3,0,0,0,0,0,0,0,0,1,0
1cvu,A,323,TRP,-0.9,227.8,0.0,1,0,X,0.0,0.0,0.0,0.0,0.0,0.0,0.0,0.0,34,0.03870076252918159,19,28,-9,0,0,0,0,0,0,0,0,1,0
1cvu,A,324,GLY,-0.4,60.1,0.0,0,0,X,0.0,0.0,0.0,0.0,0.0,0.0,0.0,0.0,24,0.030307826077069916,26,34,-8,0,0,0,0,0,0,0,0,1,0
1cvu,A,325,ASP,-3.5,111.1,-1.0,1,3,X,0.0,0.0,0.0,0.0,0.0,0.0,0.0,0.0,24,0.03916703677652112,37,17,20,0,0,0,0,0,0,0,0,1,0
1cvu,A,326,GLU,-3.5,138.4,-1.0,1,3,X,0.0,0.0,0.0,0.0,0.0,0.0,0.0,0.0,29,0.04103213376587927,28,19,9,0,0,0,0,0,0,0,0,1,0
1cvu,A,327,GLN,-3.5,143.8,0.0,2,2,X,0.0,0.0,0.0,0.0,0.0,0.0,0.0,0.0,33,0.045694876239274644,22,28,-6,0,0,0,0,0,0,0,0,1,0
1cvu,A,328,LEU,3.8,166.7,0.0,0,0,X,0.0,0.0,0.0,0.0,0.0,0.0,0.0,0.0,36,0.05548663543340492,51,40,11,0,0,0,0,0,0,0,0,1,0
1cvu,A,329,PHE,2.8,189.9,0.0,0,0,X,0.0,0.0,0.0,0.0,0.0,0.0,0.0,0.0,39,0.05595290968074446,48,27,21,0,0,0,0,0,0,0,0,1,0
1cvu,A,330,GLN,-3.5,143.8,0.0,2,2,X,0.0,0.0,0.0,0.0,0.0,0.0,0.0,0.0,38,0.05548663543340492,29,27,2,0,0,0,0,0,0,0,0,1,0
1cvu,A,331,THR,-0.7,116.1,0.0,1,1,X,0.0,0.0,0.0,0.0,0.0,0.0,0.0,0.0,42,0.05222271570202816,29,12,17,0,0,0,0,0,0,0,0,1,0
1cvu,A,332,SER,-0.8,89.0,0.0,1,1,X,0.0,0.0,0.0,0.0,0.0,0.0,0.0,0.0,46,0.05502036118606539,34,25,9,0,0,0,0,0,0,0,0,1,0
1cvu,A,333,LYS,-3.9,168.6,1.0,2,0,X,0.0,0.0,0.0,0.0,0.0,0.0,0.0,0.0,42,0.053155264196707235,20,17,3,0,0,0,0,0,0,0,0,1,0
1cvu,A,334,LEU,3.8,166.7,0.0,0,0,X,0.0,0.0,0.0,0.0,0.0,0.0,0.0,0.0,44,0.05035761871267001,20,12,8,0,0,0,0,0,0,0,0,1,0
1cvu,A,335,ILE,4.5,166.7,0.0,0,0,X,0.0,0.0,0.0,0.0,0.0,0.0,0.0,0.0,45,0.0526889899493677,29,18,11,0,0,0,0,0,0,0,0,1,0
1cvu,A,336,LEU,3.8,166.7,0.0,0,0,X,0.0,0.0,0.0,0.0,0.0,0.0,0.0,0.0,43,0.05175644145468863,33,22,11,0,0,0,0,0,0,0,0,1,0
1cvu,A,337,ILE,4.5,166.7,0.0,0,0,X,0.0,0.0,0.0,0.0,0.0,0.0,0.0,0.0,40,0.0526889899493677,16,17,-1,0,0,0,0,0,0,0,0,1,0
1cvu,A,338,GLY,-0.4,60.1,0.0,0,0,X,0.0,0.0,0.0,0.0,0.0,0.0,0.0,0.0,39,0.053621538444046775,17,14,3,0,0,0,0,0,0,0,0,1,0
1cvu,A,339,GLU,-3.5,138.4,-1.0,1,3,X,0.0,0.0,0.0,0.0,0.0,0.0,0.0,0.0,42,0.05175644145468863,24,10,14,0,0,0,0,0,0,0,0,1,0
1cvu,A,340,THR,-0.7,116.1,0.0,1,1,X,0.0,0.0,0.0,0.0,0.0,0.0,0.0,0.0,43,0.048958795970651406,19,21,-2,0,0,0,0,0,0,0,0,1,0
1cvu,A,341,ILE,4.5,166.7,0.0,0,0,X,0.0,0.0,0.0,0.0,0.0,0.0,0.0,0.0,42,0.048026247475972325,13,19,-6,0,0,0,0,0,0,0,0,1,0
1cvu,A,342,LYS,-3.9,168.6,1.0,2,0,X,0.0,0.0,0.0,0.0,0.0,0.0,0.0,0.0,38,0.0526889899493677,13,30,-17,0,0,0,0,0,0,0,0,1,0
1cvu,A,343,ILE,4.5,166.7,0.0,0,0,X,0.0,0.0,0.0,0.0,0.0,0.0,0.0,0.0,35,0.05175644145468863,10,26,-16,0,0,0,0,0,0,0,0,1,0
1cvu,A,344,VAL,4.2,140.0,0.0,0,0,X,0.0,0.0,0.0,0.0,0.0,0.0,0.0,0.0,38,0.048026247475972325,13,22,-9,0,0,0,0,0,0,0,0,1,0
1cvu,A,345,ILE,4.5,166.7,0.0,0,0,X,0.0,0.0,0.0,0.0,0.0,0.0,0.0,0.0,35,0.048958795970651406,23,23,0,0,0,0,0,0,0,0,0,1,1
1cvu,A,346,GLU,-3.5,138.4,-1.0,1,3,X,0.0,0.0,0.0,0.0,0.0,0.0,0.0,0.0,28,0.04755997322863279,35,13,22,0,0,0,0,0,0,0,0,1,0
1cvu,A,347,ASP,-3.5,111.1,-1.0,1,3,X,0.0,0.0,0.0,0.0,0.0,0.0,0.0,0.0,32,0.04662742473395372,26,11,15,0,0,0,0,0,0,0,0,1,0
1cvu,A,348,TYR,-1.3,193.6,0.0,1,1,X,0.0,0.0,0.0,0.0,0.0,0.0,0.0,0.0,38,0.050823892960009553,12,13,-1,0,0,0,0,0,0,0,0,1,1
1cvu,A,349,VAL,4.2,140.0,0.0,0,0,X,0.0,0.0,0.0,0.0,0.0,0.0,0.0,0.0,35,0.040565859518539735,18,15,3,0,0,0,0,0,0,0,0,1,1
1cvu,A,350,GLN,-3.5,143.8,0.0,2,2,X,0.0,0.0,0.0,0.0,0.0,0.0,0.0,0.0,28,0.04616115048661418,34,17,17,0,0,0,0,0,0,0,0,1,0
1cvu,A,351,HIS,-3.2,153.2,0.1,2,1,X,0.0,0.0,0.0,0.0,0.0,0.0,0.0,0.0,34,0.043829779249916496,0,16,-16,0,0,0,0,0,0,0,0,1,0
1cvu,A,352,LEU,3.8,166.7,0.0,0,0,X,0.0,0.0,0.0,0.0,0.0,0.0,0.0,0.0,32,0.04243095650789788,12,11,1,0,0,0,0,0,0,0,0,1,0
1cvu,A,353,SER,-0.8,89.0,0.0,1,1,X,0.0,0.0,0.0,0.0,0.0,0.0,0.0,0.0,30,0.03683566553982344,41,6,35,0,0,0,0,0,0,0,0,1,0
1cvu,A,354,GLY,-0.4,60.1,0.0,0,0,X,0.0,0.0,0.0,0.0,0.0,0.0,0.0,0.0,30,0.03963331102386066,44,5,39,0,0,0,0,0,0,0,0,1,0
1cvu,A,355,TYR,-1.3,193.6,0.0,1,1,X,0.0,0.0,0.0,0.0,0.0,0.0,0.0,0.0,32,0.04616115048661418,43,1,42,0,0,0,0,0,0,0,0,1,0
1cvu,A,356,HIS,-3.2,153.2,0.1,2,1,X,0.0,0.0,0.0,0.0,0.0,0.0,0.0,0.0,24,0.045694876239274644,31,0,31,0,0,0,0,0,0,0,0,1,0
1cvu,A,357,PHE,2.8,189.9,0.0,0,0,X,0.0,0.0,0.0,0.0,0.0,0.0,0.0,0.0,33,0.048492521723311866,39,2,37,0,0,0,0,0,0,0,0,1,0
1cvu,A,358,LYS,-3.9,168.6,1.0,2,0,X,0.0,0.0,0.0,0.0,0.0,0.0,0.0,0.0,26,0.04243095650789788,29,12,17,0,0,0,0,0,0,0,0,1,0
1cvu,A,359,LEU,3.8,166.7,0.0,0,0,X,0.0,0.0,0.0,0.0,0.0,0.0,0.0,0.0,33,0.04616115048661418,42,18,24,0,0,0,0,0,0,0,0,1,0
1cvu,A,360,LYS,-3.9,168.6,1.0,2,0,X,0.0,0.0,0.0,0.0,0.0,0.0,0.0,0.0,31,0.04243095650789788,33,23,10,0,0,0,0,0,0,0,0,1,0
1cvu,A,361,PHE,2.8,189.9,0.0,0,0,X,0.0,0.0,0.0,0.0,0.0,0.0,0.0,0.0,33,0.04243095650789788,21,26,-5,0,0,0,0,0,0,0,0,1,0
1cvu,A,362,ASP,-3.5,111.1,-1.0,1,3,X,0.0,0.0,0.0,0.0,0.0,0.0,0.0,0.0,28,0.040099585271200194,28,13,15,0,0,0,0,0,0,0,0,1,0
1cvu,A,363,PRO,-1.6,112.7,0.0,0,0,X,0.0,0.0,0.0,0.0,0.0,0.0,0.0,0.0,34,0.048492521723311866,15,18,-3,0,0,0,0,0,0,0,0,1,0
1cvu,A,364,GLU,-3.5,138.4,-1.0,1,3,X,0.0,0.0,0.0,0.0,0.0,0.0,0.0,0.0,24,0.03823448828184205,17,8,9,0,0,0,0,0,0,0,0,1,0
1cvu,A,365,LEU,3.8,166.7,0.0,0,0,X,0.0,0.0,0.0,0.0,0.0,0.0,0.0,0.0,28,0.043363505002576956,21,17,4,0,0,0,0,0,0,0,0,1,0
1cvu,A,366,LEU,3.8,166.7,0.0,0,0,X,0.0,0.0,0.0,0.0,0.0,0.0,0.0,0.0,31,0.04709369898129325,10,16,-6,0,0,0,0,0,0,0,0,1,0
1cvu,A,367,PHE,2.8,189.9,0.0,0,0,X,0.0,0.0,0.0,0.0,0.0,0.0,0.0,0.0,23,0.03870076252918159,12,16,-4,0,0,0,0,0,0,0,0,1,0
1cvu,A,368,ASN,-3.5,114.1,0.0,2,2,X,0.0,0.0,0.0,0.0,0.0,0.0,0.0,0.0,14,0.025178809356335007,8,8,0,0,0,0,0,0,0,0,0,1,0
1cvu,A,369,GLN,-3.5,143.8,0.0,2,2,X,0.0,0.0,0.0,0.0,0.0,0.0,0.0,0.0,21,0.032172923066428064,9,4,5,0,0,0,0,0,0,0,0,1,0
1cvu,A,370,GLN,-3.5,143.8,0.0,2,2,X,0.0,0.0,0.0,0.0,0.0,0.0,0.0,0.0,20,0.03403802005578621,0,0,0,0,0,0,0,0,0,0,0,1,0
1cvu,A,371,PHE,2.8,189.9,0.0,0,0,X,0.0,0.0,0.0,0.0,0.0,0.0,0.0,0.0,35,0.03730193978716297,11,0,11,0,0,0,0,0,0,0,0,1,0
1cvu,A,372,GLN,-3.5,143.8,0.0,2,2,X,0.0,0.0,0.0,0.0,0.0,0.0,0.0,0.0,30,0.043363505002576956,9,4,5,0,0,0,0,0,0,0,0,1,0
1cvu,A,373,TYR,-1.3,193.6,0.0,1,1,X,0.0,0.0,0.0,0.0,0.0,0.0,0.0,0.0,34,0.048026247475972325,9,0,9,0,0,0,0,0,0,0,0,1,0
1cvu,A,374,GLN,-3.5,143.8,0.0,2,2,X,0.0,0.0,0.0,0.0,0.0,0.0,0.0,0.0,34,0.04243095650789788,27,4,23,0,0,0,0,0,0,0,0,1,0
1cvu,A,375,ASN,-3.5,114.1,0.0,2,2,X,0.0,0.0,0.0,0.0,0.0,0.0,0.0,0.0,37,0.04289723075523742,30,4,26,0,0,0,0,0,0,0,0,1,0
1cvu,A,376,ARG,-4.5,173.4,1.0,5,0,X,0.0,0.0,0.0,0.0,0.0,0.0,0.0,0.0,33,0.040099585271200194,21,6,15,0,0,0,0,0,0,0,0,1,0
1cvu,A,377,ILE,4.5,166.7,0.0,0,0,X,0.0,0.0,0.0,0.0,0.0,0.0,0.0,0.0,41,0.05175644145468863,39,8,31,0,0,0,0,0,0,0,0,1,0
1cvu,A,378,ALA,1.8,88.6,0.0,0,0,X,0.0,0.0,0.0,0.0,0.0,0.0,0.0,0.0,41,0.04709369898129325,28,11,17,0,0,0,0,0,0,0,0,1,0
1cvu,A,379,SER,-0.8,89.0,0.0,1,1,X,0.0,0.0,0.0,0.0,0.0,0.0,0.0,0.0,36,0.05175644145468863,21,9,12,0,0,0,0,0,0,0,0,1,0
1cvu,A,380,GLU,-3.5,138.4,-1.0,1,3,X,0.0,0.0,0.0,0.0,0.0,0.0,0.0,0.0,39,0.05222271570202816,24,0,24,0,0,0,0,0,0,0,0,1,0
1cvu,A,381,PHE,2.8,189.9,0.0,0,0,X,0.0,0.0,0.0,0.0,0.0,0.0,0.0,0.0,37,0.04942507021799094,12,11,1,0,0,0,0,0,0,0,0,1,1
1cvu,A,382,ASN,-3.5,114.1,0.0,2,2,X,0.0,0.0,0.0,0.0,0.0,0.0,0.0,0.0,33,0.05035761871267001,19,8,11,0,0,0,0,0,0,0,0,1,1
1cvu,A,383,THR,-0.7,116.1,0.0,1,1,X,0.0,0.0,0.0,0.0,0.0,0.0,0.0,0.0,36,0.048026247475972325,16,10,6,0,0,0,0,0,0,0,0,1,0
1cvu,A,384,LEU,3.8,166.7,0.0,0,0,X,0.0,0.0,0.0,0.0,0.0,0.0,0.0,0.0,36,0.0526889899493677,11,12,-1,0,0,0,0,0,0,0,0,1,0
1cvu,A,385,TYR,-1.3,193.6,0.0,1,1,X,0.0,0.0,0.0,0.0,0.0,0.0,0.0,0.0,36,0.045228601991935104,18,3,15,0,0,0,0,0,0,0,0,1,1
1cvu,A,386,HIS,-3.2,153.2,0.1,2,1,X,0.0,0.0,0.0,0.0,0.0,0.0,0.0,0.0,34,0.04243095650789788,12,3,9,0,0,0,0,0,0,0,0,1,1
1cvu,A,387,TRP,-0.9,227.8,0.0,1,0,X,0.0,0.0,0.0,0.0,0.0,0.0,0.0,0.0,33,0.043829779249916496,24,0,24,0,0,0,0,0,0,0,0,1,1
1cvu,A,388,HIS,-3.2,153.2,0.1,2,1,X,0.0,0.0,0.0,0.0,0.0,0.0,0.0,0.0,35,0.043363505002576956,17,0,17,0,0,0,0,0,0,0,0,1,0
1cvu,A,389,PRO,-1.6,112.7,0.0,0,0,X,0.0,0.0,0.0,0.0,0.0,0.0,0.0,0.0,43,0.048492521723311866,37,7,30,0,0,0,0,0,0,0,0,1,0
1cvu,A,390,LEU,3.8,166.7,0.0,0,0,X,0.0,0.0,0.0,0.0,0.0,0.0,0.0,0.0,45,0.04989134446533048,26,9,17,0,0,0,0,0,0,0,0,1,1
1cvu,A,391,LEU,3.8,166.7,0.0,0,0,X,0.0,0.0,0.0,0.0,0.0,0.0,0.0,0.0,34,0.048492521723311866,23,8,15,0,0,0,0,0,0,0,0,1,0
1cvu,A,392,PRO,-1.6,112.7,0.0,0,0,X,0.0,0.0,0.0,0.0,0.0,0.0,0.0,0.0,34,0.04616115048661418,13,8,5,0,0,0,0,0,0,0,0,1,0
1cvu,A,393,ASP,-3.5,111.1,-1.0,1,3,X,0.0,0.0,0.0,0.0,0.0,0.0,0.0,0.0,28,0.0363693912924839,16,12,4,0,0,0,0,0,0,0,0,1,0
1cvu,A,394,THR,-0.7,116.1,0.0,1,1,X,0.0,0.0,0.0,0.0,0.0,0.0,0.0,0.0,23,0.03963331102386066,5,17,-12,0,0,0,0,0,0,0,0,1,0
1cvu,A,395,PHE,2.8,189.9,0.0,0,0,X,0.0,0.0,0.0,0.0,0.0,0.0,0.0,0.0,31,0.04616115048661418,5,17,-12,0,0,0,0,0,0,0,0,1,0
1cvu,A,396,ASN,-3.5,114.1,0.0,2,2,X,0.0,0.0,0.0,0.0,0.0,0.0,0.0,0.0,26,0.04149840801321881,14,29,-15,0,0,0,0,0,0,0,0,1,0
1cvu,A,397,ILE,4.5,166.7,0.0,0,0,X,0.0,0.0,0.0,0.0,0.0,0.0,0.0,0.0,31,0.05408781269138631,18,38,-20,0,0,0,0,0,0,0,0,1,0
1cvu,A,398,GLU,-3.5,138.4,-1.0,1,3,X,0.0,0.0,0.0,0.0,0.0,0.0,0.0,0.0,19,0.0363693912924839,17,27,-10,0,0,0,0,0,0,0,0,1,0
1cvu,A,399,ASP,-3.5,111.1,-1.0,1,3,X,0.0,0.0,0.0,0.0,0.0,0.0,0.0,0.0,12,0.02471253510899547,11,19,-8,0,0,0,0,0,0,0,0,1,0
1cvu,A,400,GLN,-3.5,143.8,0.0,2,2,X,0.0,0.0,0.0,0.0,0.0,0.0,0.0,0.0,17,0.03310547156110714,8,31,-23,0,0,0,0,0,0,0,0,1,0
1cvu,A,401,GLU,-3.5,138.4,-1.0,1,3,X,0.0,0.0,0.0,0.0,0.0,0.0,0.0,0.0,16,0.03683566553982344,2,17,-15,0,0,0,0,0,0,0,0,1,0
1cvu,A,402,TYR,-1.3,193.6,0.0,1,1,X,0.0,0.0,0.0,0.0,0.0,0.0,0.0,0.0,26,0.04476232774459557,11,24,-13,0,0,0,0,0,0,0,0,1,0
1cvu,A,403,SER,-0.8,89.0,0.0,1,1,X,0.0,0.0,0.0,0.0,0.0,0.0,0.0,0.0,18,0.0363693912924839,9,14,-5,0,0,0,0,0,0,0,0,1,0
1cvu,A,404,PHE,2.8,189.9,0.0,0,0,X,0.0,0.0,0.0,0.0,0.0,0.0,0.0,0.0,24,0.03683566553982344,9,9,0,0,0,0,0,0,0,0,0,1,0
1cvu,A,405,LYS,-3.9,168.6,1.0,2,0,X,0.0,0.0,0.0,0.0,0.0,0.0,0.0,0.0,12,0.02611135785101408,2,0,2,0,0,0,0,0,0,0,0,1,0
1cvu,A,406,GLN,-3.5,143.8,0.0,2,2,X,0.0,0.0,0.0,0.0,0.0,0.0,0.0,0.0,17,0.03357174580844668,9,6,3,0,0,0,0,0,0,0,0,1,0
1cvu,A,407,PHE,2.8,189.9,0.0,0,0,X,0.0,0.0,0.0,0.0,0.0,0.0,0.0,0.0,34,0.048492521723311866,8,6,2,0,0,0,0,0,0,0,0,1,0
1cvu,A,408,LEU,3.8,166.7,0.0,0,0,X,0.0,0.0,0.0,0.0,0.0,0.0,0.0,0.0,28,0.040565859518539735,10,0,10,0,0,0,0,0,0,0,0,1,0
1cvu,A,409,TYR,-1.3,193.6,0.0,1,1,X,0.0,0.0,0.0,0.0,0.0,0.0,0.0,0.0,28,0.045694876239274644,14,2,12,0,0,0,0,0,0,0,0,1,0
1cvu,A,410,ASN,-3.5,114.1,0.0,2,2,X,0.0,0.0,0.0,0.0,0.0,0.0,0.0,0.0,31,0.043363505002576956,11,6,5,0,0,0,0,0,0,0,0,1,0
1cvu,A,411,ASN,-3.5,114.1,0.0,2,2,X,0.0,0.0,0.0,0.0,0.0,0.0,0.0,0.0,38,0.048492521723311866,1,5,-4,0,0,0,0,0,0,0,0,1,0
1cvu,A,412,SER,-0.8,89.0,0.0,1,1,X,0.0,0.0,0.0,0.0,0.0,0.0,0.0,0.0,26,0.03310547156110714,9,9,0,0,0,0,0,0,0,0,0,1,0
1cvu,A,413,ILE,4.5,166.7,0.0,0,0,X,0.0,0.0,0.0,0.0,0.0,0.0,0.0,0.0,32,0.043829779249916496,10,15,-5,0,0,0,0,0,0,0,0,1,0
1cvu,A,414,LEU,3.8,166.7,0.0,0,0,X,0.0,0.0,0.0,0.0,0.0,0.0,0.0,0.0,34,0.050823892960009553,13,13,0,0,0,0,0,0,0,0,0,1,0
1cvu,A,415,LEU,3.8,166.7,0.0,0,0,X,0.0,0.0,0.0,0.0,0.0,0.0,0.0,0.0,26,0.03730193978716297,10,18,-8,0,0,0,0,0,0,0,0,1,0
1cvu,A,416,GLU,-3.5,138.4,-1.0,1,3,X,0.0,0.0,0.0,0.0,0.0,0.0,0.0,0.0,18,0.028909003335051305,10,6,4,0,0,0,0,0,0,0,0,1,0
1cvu,A,417,HIS,-3.2,153.2,0.1,2,1,X,0.0,0.0,0.0,0.0,0.0,0.0,0.0,0.0,29,0.03963331102386066,1,31,-30,0,0,0,0,0,0,0,0,1,0
1cvu,A,418,GLY,-0.4,60.1,0.0,0,0,X,0.0,0.0,0.0,0.0,0.0,0.0,0.0,0.0,31,0.040565859518539735,21,30,-9,0,0,0,0,0,0,0,0,1,0
1cvu,A,419,LEU,3.8,166.7,0.0,0,0,X,0.0,0.0,0.0,0.0,0.0,0.0,0.0,0.0,36,0.048026247475972325,21,20,1,0,0,0,0,0,0,0,0,1,0
1cvu,A,420,THR,-0.7,116.1,0.0,1,1,X,0.0,0.0,0.0,0.0,0.0,0.0,0.0,0.0,31,0.04243095650789788,23,22,1,0,0,0,0,0,0,0,0,1,0
1cvu,A,421,GLN,-3.5,143.8,0.0,2,2,X,0.0,0.0,0.0,0.0,0.0,0.0,0.0,0.0,27,0.04289723075523742,18,35,-17,0,0,0,0,0,0,0,0,1,0
1cvu,A,422,PHE,2.8,189.9,0.0,0,0,X,0.0,0.0,0.0,0.0,0.0,0.0,0.0,0.0,41,0.05408781269138631,11,22,-11,0,0,0,0,0,0,0,0,1,0
1cvu,A,423,VAL,4.2,140.0,0.0,0,0,X,0.0,0.0,0.0,0.0,0.0,0.0,0.0,0.0,38,0.04942507021799094,16,10,6,0,0,0,0,0,0,0,0,1,0
1cvu,A,424,GLU,-3.5,138.4,-1.0,1,3,X,0.0,0.0,0.0,0.0,0.0,0.0,0.0,0.0,28,0.04103213376587927,18,10,8,0,0,0,0,0,0,0,0,1,0
1cvu,A,425,SER,-0.8,89.0,0.0,1,1,X,0.0,0.0,0.0,0.0,0.0,0.0,0.0,0.0,31,0.04709369898129325,20,22,-2,0,0,0,0,0,0,0,0,1,0
1cvu,A,426,PHE,2.8,189.9,0.0,0,0,X,0.0,0.0,0.0,0.0,0.0,0.0,0.0,0.0,41,0.0526889899493677,10,8,2,0,0,0,0,0,0,0,0,1,0
1cvu,A,427,THR,-0.7,116.1,0.0,1,1,X,0.0,0.0,0.0,0.0,0.0,0.0,0.0,0.0,33,0.053621538444046775,11,9,2,0,0,0,0,0,0,0,0,1,0
1cvu,A,428,ARG,-4.5,173.4,1.0,5,0,X,0.0,0.0,0.0,0.0,0.0,0.0,0.0,0.0,24,0.03870076252918159,0,17,-17,0,0,0,0,0,0,0,0,1,0
1cvu,A,429,GLN,-3.5,143.8,0.0,2,2,X,0.0,0.0,0.0,0.0,0.0,0.0,0.0,0.0,37,0.04149840801321881,10,12,-2,0,0,0,0,0,0,0,0,1,0
1cvu,A,430,ILE,4.5,166.7,0.0,0,0,X,0.0,0.0,0.0,0.0,0.0,0.0,0.0,0.0,36,0.045694876239274644,15,9,6,0,0,0,0,0,0,0,0,1,0
1cvu,A,431,ALA,1.8,88.6,0.0,0,0,X,0.0,0.0,0.0,0.0,0.0,0.0,0.0,0.0,39,0.05455408693872585,19,10,9,0,0,0,0,0,0,0,0,1,0
1cvu,A,432,GLY,-0.4,60.1,0.0,0,0,X,0.0,0.0,0.0,0.0,0.0,0.0,0.0,0.0,38,0.05595290968074446,25,15,10,0,0,0,0,0,0,0,0,1,0
1cvu,A,433,ARG,-4.5,173.4,1.0,5,0,X,0.0,0.0,0.0,0.0,0.0,0.0,0.0,0.0,35,0.05455408693872585,15,20,-5,0,0,0,0,0,0,0,0,1,0
1cvu,A,434,VAL,4.2,140.0,0.0,0,0,X,0.0,0.0,0.0,0.0,0.0,0.0,0.0,0.0,43,0.05688545817542354,31,13,18,0,0,0,0,0,0,0,0,1,0
1cvu,A,435,ALA,1.8,88.6,0.0,0,0,X,0.0,0.0,0.0,0.0,0.0,0.0,0.0,0.0,40,0.05035761871267001,31,18,13,0,0,0,0,0,0,0,0,1,0
1cvu,A,436,GLY,-0.4,60.1,0.0,0,0,X,0.0,0.0,0.0,0.0,0.0,0.0,0.0,0.0,34,0.04476232774459557,31,15,16,0,0,0,0,0,0,0,0,1,0
1cvu,A,437,GLY,-0.4,60.1,0.0,0,0,X,0.0,0.0,0.0,0.0,0.0,0.0,0.0,0.0,38,0.048492521723311866,48,16,32,0,0,0,0,0,0,0,0,1,0
1cvu,A,438,ARG,-4.5,173.4,1.0,5,0,X,0.0,0.0,0.0,0.0,0.0,0.0,0.0,0.0,29,0.05035761871267001,26,29,-3,0,0,0,0,0,0,0,0,1,0
1cvu,A,439,ASN,-3.5,114.1,0.0,2,2,X,0.0,0.0,0.0,0.0,0.0,0.0,0.0,0.0,34,0.05781800667010261,45,15,30,0,0,0,0,0,0,0,0,1,0
1cvu,A,440,VAL,4.2,140.0,0.0,0,0,X,0.0,0.0,0.0,0.0,0.0,0.0,0.0,0.0,39,0.0526889899493677,47,11,36,0,0,0,0,0,0,0,0,1,0
1cvu,A,441,PRO,-1.6,112.7,0.0,0,0,X,0.0,0.0,0.0,0.0,0.0,0.0,0.0,0.0,32,0.04989134446533048,31,11,20,0,0,0,0,0,0,0,0,1,0
1cvu,A,442,ILE,4.5,166.7,0.0,0,0,X,0.0,0.0,0.0,0.0,0.0,0.0,0.0,0.0,22,0.03310547156110714,24,17,7,0,0,0,0,0,0,0,0,1,1
1cvu,A,443,ALA,1.8,88.6,0.0,0,0,X,0.0,0.0,0.0,0.0,0.0,0.0,0.0,0.0,22,0.025178809356335007,19,8,11,0,0,0,0,0,0,0,0,1,0
1cvu,A,444,VAL,4.2,140.0,0.0,0,0,X,0.0,0.0,0.0,0.0,0.0,0.0,0.0,0.0,29,0.0363693912924839,23,1,22,0,0,0,0,0,0,0,0,1,0
1cvu,A,445,GLN,-3.5,143.8,0.0,2,2,X,0.0,0.0,0.0,0.0,0.0,0.0,0.0,0.0,22,0.03870076252918159,25,9,16,0,0,0,0,0,0,0,0,1,1
1cvu,A,446,ALA,1.8,88.6,0.0,0,0,X,0.0,0.0,0.0,0.0,0.0,0.0,0.0,0.0,21,0.026577632098353617,19,6,13,0,0,0,0,0,0,0,0,1,0
1cvu,A,447,VAL,4.2,140.0,0.0,0,0,X,0.0,0.0,0.0,0.0,0.0,0.0,0.0,0.0,26,0.030307826077069916,28,4,24,0,0,0,0,0,0,0,0,1,0
1cvu,A,448,ALA,1.8,88.6,0.0,0,0,X,0.0,0.0,0.0,0.0,0.0,0.0,0.0,0.0,30,0.045228601991935104,33,9,24,0,0,0,0,0,0,0,0,1,0
1cvu,A,449,LYS,-3.9,168.6,1.0,2,0,X,0.0,0.0,0.0,0.0,0.0,0.0,0.0,0.0,27,0.040099585271200194,15,25,-10,0,0,0,0,0,0,0,0,1,0
1cvu,A,450,ALA,1.8,88.6,0.0,0,0,X,0.0,0.0,0.0,0.0,0.0,0.0,0.0,0.0,25,0.03450429430312575,32,16,16,0,0,0,0,0,0,0,0,1,0
1cvu,A,451,SER,-0.8,89.0,0.0,1,1,X,0.0,0.0,0.0,0.0,0.0,0.0,0.0,0.0,34,0.04289723075523742,36,19,17,0,0,0,0,0,0,0,0,1,0
1cvu,A,452,ILE,4.5,166.7,0.0,0,0,X,0.0,0.0,0.0,0.0,0.0,0.0,0.0,0.0,34,0.04662742473395372,29,30,-1,0,0,0,0,0,0,0,0,1,0
1cvu,A,453,ASP,-3.5,111.1,-1.0,1,3,X,0.0,0.0,0.0,0.0,0.0,0.0,0.0,0.0,25,0.03776821403450251,24,20,4,0,0,0,0,0,0,0,0,1,0
1cvu,A,454,GLN,-3.5,143.8,0.0,2,2,X,0.0,0.0,0.0,0.0,0.0,0.0,0.0,0.0,30,0.03730193978716297,26,18,8,0,0,0,0,0,0,0,0,1,1
1cvu,A,455,SER,-0.8,89.0,0.0,1,1,X,0.0,0.0,0.0,0.0,0.0,0.0,0.0,0.0,34,0.045228601991935104,31,34,-3,0,0,0,0,0,0,0,0,1,0
1cvu,A,456,ARG,-4.5,173.4,1.0,5,0,X,0.0,0.0,0.0,0.0,0.0,0.0,0.0,0.0,30,0.04243095650789788,17,36,-19,0,0,0,0,0,0,0,0,1,0
1cvu,A,457,GLU,-3.5,138.4,-1.0,1,3,X,0.0,0.0,0.0,0.0,0.0,0.0,0.0,0.0,22,0.02984155182973038,25,10,15,0,0,0,0,0,0,0,0,1,0
1cvu,A,458,MET,1.9,162.9,0.0,0,0,X,0.0,0.0,0.0,0.0,0.0,0.0,0.0,0.0,32,0.04429605349725603,33,22,11,0,0,0,0,0,0,0,0,1,0
1cvu,A,459,LYS,-3.9,168.6,1.0,2,0,X,0.0,0.0,0.0,0.0,0.0,0.0,0.0,0.0,30,0.045228601991935104,18,22,-4,0,0,0,0,0,0,0,0,1,0
1cvu,A,460,TYR,-1.3,193.6,0.0,1,1,X,0.0,0.0,0.0,0.0,0.0,0.0,0.0,0.0,42,0.05222271570202816,28,29,-1,0,0,0,0,0,0,0,0,1,0
1cvu,A,461,GLN,-3.5,143.8,0.0,2,2,X,0.0,0.0,0.0,0.0,0.0,0.0,0.0,0.0,37,0.05035761871267001,29,21,8,0,0,0,0,0,0,0,0,1,0
1cvu,A,462,SER,-0.8,89.0,0.0,1,1,X,0.0,0.0,0.0,0.0,0.0,0.0,0.0,0.0,38,0.050823892960009553,31,28,3,0,0,0,0,0,0,0,0,1,0
1cvu,A,463,LEU,3.8,166.7,0.0,0,0,X,0.0,0.0,0.0,0.0,0.0,0.0,0.0,0.0,36,0.04942507021799094,22,33,-11,0,0,0,0,0,0,0,0,1,0
1cvu,A,464,ASN,-3.5,114.1,0.0,2,2,X,0.0,0.0,0.0,0.0,0.0,0.0,0.0,0.0,34,0.0526889899493677,33,28,5,0,0,0,0,0,0,0,0,1,0
1cvu,A,465,GLU,-3.5,138.4,-1.0,1,3,X,0.0,0.0,0.0,0.0,0.0,0.0,0.0,0.0,36,0.04243095650789788,31,8,23,0,0,0,0,0,0,0,0,1,0
1cvu,A,466,TYR,-1.3,193.6,0.0,1,1,X,0.0,0.0,0.0,0.0,0.0,0.0,0.0,0.0,35,0.05222271570202816,39,25,14,0,0,0,0,0,0,0,0,1,0
1cvu,A,467,ARG,-4.5,173.4,1.0,5,0,X,0.0,0.0,0.0,0.0,0.0,0.0,0.0,0.0,33,0.05222271570202816,24,34,-10,0,0,0,0,0,0,0,0,1,0
1cvu,A,468,LYS,-3.9,168.6,1.0,2,0,X,0.0,0.0,0.0,0.0,0.0,0.0,0.0,0.0,24,0.04289723075523742,34,11,23,0,0,0,0,0,0,0,0,1,0
1cvu,A,469,ARG,-4.5,173.4,1.0,5,0,X,0.0,0.0,0.0,0.0,0.0,0.0,0.0,0.0,33,0.045228601991935104,29,22,7,0,0,0,0,0,0,0,0,1,0
1cvu,A,470,PHE,2.8,189.9,0.0,0,0,X,0.0,0.0,0.0,0.0,0.0,0.0,0.0,0.0,35,0.04289723075523742,46,26,20,0,0,0,0,0,0,0,0,1,0
1cvu,A,471,SER,-0.8,89.0,0.0,1,1,X,0.0,0.0,0.0,0.0,0.0,0.0,0.0,0.0,26,0.032172923066428064,52,16,36,0,0,0,0,0,0,0,0,1,0
1cvu,A,472,LEU,3.8,166.7,0.0,0,0,X,0.0,0.0,0.0,0.0,0.0,0.0,0.0,0.0,27,0.03776821403450251,40,25,15,0,0,0,0,0,0,0,0,1,0
1cvu,A,473,LYS,-3.9,168.6,1.0,2,0,X,0.0,0.0,0.0,0.0,0.0,0.0,0.0,0.0,17,0.03357174580844668,19,12,7,0,0,0,0,0,0,0,0,1,0
1cvu,A,474,PRO,-1.6,112.7,0.0,0,0,X,0.0,0.0,0.0,0.0,0.0,0.0,0.0,0.0,22,0.040099585271200194,30,26,4,0,0,0,0,0,0,0,0,1,0
1cvu,A,475,TYR,-1.3,193.6,0.0,1,1,X,0.0,0.0,0.0,0.0,0.0,0.0,0.0,0.0,28,0.04289723075523742,28,39,-11,0,0,0,0,0,0,0,0,1,0
1cvu,A,476,THR,-0.7,116.1,0.0,1,1,X,0.0,0.0,0.0,0.0,0.0,0.0,0.0,0.0,15,0.030307826077069916,14,27,-13,0,0,0,0,0,0,0,0,1,0
1cvu,A,477,SER,-0.8,89.0,0.0,1,1,X,0.0,0.0,0.0,0.0,0.0,0.0,0.0,0.0,22,0.03730193978716297,8,35,-27,0,0,0,0,0,0,0,0,1,0
1cvu,A,478,PHE,2.8,189.9,0.0,0,0,X,0.0,0.0,0.0,0.0,0.0,0.0,0.0,0.0,32,0.04989134446533048,13,47,-34,0,0,0,0,0,0,0,0,1,0
1cvu,A,479,GLU,-3.5,138.4,-1.0,1,3,X,0.0,0.0,0.0,0.0,0.0,0.0,0.0,0.0,20,0.03730193978716297,18,24,-6,0,0,0,0,0,0,0,0,1,0
1cvu,A,480,GLU,-3.5,138.4,-1.0,1,3,X,0.0,0.0,0.0,0.0,0.0,0.0,0.0,0.0,20,0.03683566553982344,22,21,1,0,0,0,0,0,0,0,0,1,0
1cvu,A,481,LEU,3.8,166.7,0.0,0,0,X,0.0,0.0,0.0,0.0,0.0,0.0,0.0,0.0,38,0.048958795970651406,18,41,-23,0,0,0,0,0,0,0,0,1,0
1cvu,A,482,THR,-0.7,116.1,0.0,1,1,X,0.0,0.0,0.0,0.0,0.0,0.0,0.0,0.0,33,0.04755997322863279,18,41,-23,0,0,0,0,0,0,0,0,1,0
1cvu,A,483,GLY,-0.4,60.1,0.0,0,0,X,0.0,0.0,0.0,0.0,0.0,0.0,0.0,0.0,19,0.030307826077069916,18,37,-19,0,0,0,0,0,0,0,0,1,0
1cvu,A,484,GLU,-3.5,138.4,-1.0,1,3,X,0.0,0.0,0.0,0.0,0.0,0.0,0.0,0.0,22,0.032172923066428064,22,32,-10,0,0,0,0,0,0,0,0,1,0
1cvu,A,485,LYS,-3.9,168.6,1.0,2,0,X,0.0,0.0,0.0,0.0,0.0,0.0,0.0,0.0,13,0.02984155182973038,1,32,-31,0,0,0,0,0,0,0,0,1,0
1cvu,A,486,GLU,-3.5,138.4,-1.0,1,3,X,0.0,0.0,0.0,0.0,0.0,0.0,0.0,0.0,17,0.029375277582390842,27,21,6,0,0,0,0,0,0,0,0,1,0
1cvu,A,487,MET,1.9,162.9,0.0,0,0,X,0.0,0.0,0.0,0.0,0.0,0.0,0.0,0.0,33,0.04196468226055834,34,41,-7,0,0,0,0,0,0,0,0,1,0
1cvu,A,488,ALA,1.8,88.6,0.0,0,0,X,0.0,0.0,0.0,0.0,0.0,0.0,0.0,0.0,25,0.04989134446533048,24,41,-17,0,0,0,0,0,0,0,0,1,0
1cvu,A,489,ALA,1.8,88.6,0.0,0,0,X,0.0,0.0,0.0,0.0,0.0,0.0,0.0,0.0,19,0.03776821403450251,27,36,-9,0,0,0,0,0,0,0,0,1,0
1cvu,A,490,GLU,-3.5,138.4,-1.0,1,3,X,0.0,0.0,0.0,0.0,0.0,0.0,0.0,0.0,23,0.03730193978716297,30,27,3,0,0,0,0,0,0,0,0,1,0
1cvu,A,491,LEU,3.8,166.7,0.0,0,0,X,0.0,0.0,0.0,0.0,0.0,0.0,0.0,0.0,35,0.048026247475972325,24,38,-14,0,0,0,0,0,0,0,0,1,0
1cvu,A,492,LYS,-3.9,168.6,1.0,2,0,X,0.0,0.0,0.0,0.0,0.0,0.0,0.0,0.0,21,0.03963331102386066,2,23,-21,0,0,0,0,0,0,0,0,1,0
1cvu,A,493,ALA,1.8,88.6,0.0,0,0,X,0.0,0.0,0.0,0.0,0.0,0.0,0.0,0.0,19,0.028909003335051305,14,19,-5,0,0,0,0,0,0,0,0,1,0
1cvu,A,494,LEU,3.8,166.7,0.0,0,0,X,0.0,0.0,0.0,0.0,0.0,0.0,0.0,0.0,27,0.03590311704514436,21,34,-13,0,0,0,0,0,0,0,0,1,0
1cvu,A,495,TYR,-1.3,193.6,0.0,1,1,X,0.0,0.0,0.0,0.0,0.0,0.0,0.0,0.0,36,0.045228601991935104,15,38,-23,0,0,0,0,0,0,0,0,1,0
1cvu,A,496,SER,-0.8,89.0,0.0,1,1,X,0.0,0.0,0.0,0.0,0.0,0.0,0.0,0.0,21,0.030307826077069916,12,18,-6,0,0,0,0,0,0,0,0,1,0
1cvu,A,497,ASP,-3.5,111.1,-1.0,1,3,X,0.0,0.0,0.0,0.0,0.0,0.0,0.0,0.0,24,0.03590311704514436,18,9,9,0,0,0,0,0,0,0,0,1,0
1cvu,A,498,ILE,4.5,166.7,0.0,0,0,X,0.0,0.0,0.0,0.0,0.0,0.0,0.0,0.0,28,0.048492521723311866,17,34,-17,0,0,0,0,0,0,0,0,1,0
1cvu,A,499,ASP,-3.5,111.1,-1.0,1,3,X,0.0,0.0,0.0,0.0,0.0,0.0,0.0,0.0,26,0.04196468226055834,15,18,-3,0,0,0,0,0,0,0,0,1,0
1cvu,A,500,VAL,4.2,140.0,0.0,0,0,X,0.0,0.0,0.0,0.0,0.0,0.0,0.0,0.0,32,0.048958795970651406,14,34,-20,0,0,0,0,0,0,0,0,1,0
1cvu,A,501,MET,1.9,162.9,0.0,0,0,X,0.0,0.0,0.0,0.0,0.0,0.0,0.0,0.0,37,0.0526889899493677,9,26,-17,0,0,0,0,0,0,0,0,1,0
1cvu,A,502,GLU,-3.5,138.4,-1.0,1,3,X,0.0,0.0,0.0,0.0,0.0,0.0,0.0,0.0,39,0.04662742473395372,12,12,0,0,0,0,0,0,0,0,0,1,0
1cvu,A,503,LEU,3.8,166.7,0.0,0,0,X,0.0,0.0,0.0,0.0,0.0,0.0,0.0,0.0,39,0.04429605349725603,10,29,-19,0,0,0,0,0,0,0,0,1,0
1cvu,A,504,TYR,-1.3,193.6,0.0,1,1,X,0.0,0.0,0.0,0.0,0.0,0.0,0.0,0.0,38,0.045694876239274644,25,15,10,0,0,0,0,0,0,0,0,1,0
1cvu,A,505,PRO,-1.6,112.7,0.0,0,0,X,0.0,0.0,0.0,0.0,0.0,0.0,0.0,0.0,40,0.04616115048661418,11,16,-5,0,0,0,0,0,0,0,0,1,0
1cvu,A,506,ALA,1.8,88.6,0.0,0,0,X,0.0,0.0,0.0,0.0,0.0,0.0,0.0,0.0,39,0.04709369898129325,11,21,-10,0,0,0,0,0,0,0,0,1,0
1cvu,A,507,LEU,3.8,166.7,0.0,0,0,X,0.0,0.0,0.0,0.0,0.0,0.0,0.0,0.0,38,0.04989134446533048,14,21,-7,0,0,0,0,0,0,0,0,1,0
1cvu,A,508,LEU,3.8,166.7,0.0,0,0,X,0.0,0.0,0.0,0.0,0.0,0.0,0.0,0.0,44,0.048958795970651406,29,11,18,0,0,0,0,0,0,0,0,1,0
1cvu,A,509,VAL,4.2,140.0,0.0,0,0,X,0.0,0.0,0.0,0.0,0.0,0.0,0.0,0.0,47,0.04942507021799094,22,28,-6,0,0,0,0,0,0,0,0,1,0
1cvu,A,510,GLU,-3.5,138.4,-1.0,1,3,X,0.0,0.0,0.0,0.0,0.0,0.0,0.0,0.0,41,0.048958795970651406,31,21,10,0,0,0,0,0,0,0,0,1,0
1cvu,A,511,LYS,-3.9,168.6,1.0,2,0,X,0.0,0.0,0.0,0.0,0.0,0.0,0.0,0.0,30,0.043363505002576956,16,39,-23,0,0,0,0,0,0,0,0,1,0
1cvu,A,512,PRO,-1.6,112.7,0.0,0,0,X,0.0,0.0,0.0,0.0,0.0,0.0,0.0,0.0,35,0.04243095650789788,33,26,7,0,0,0,0,0,0,0,0,1,0
1cvu,A,513,ARG,-4.5,173.4,1.0,5,0,X,0.0,0.0,0.0,0.0,0.0,0.0,0.0,0.0,33,0.03590311704514436,24,29,-5,0,0,0,0,0,0,0,0,1,0
1cvu,A,514,PRO,-1.6,112.7,0.0,0,0,X,0.0,0.0,0.0,0.0,0.0,0.0,0.0,0.0,19,0.02471253510899547,38,9,29,0,0,0,0,0,0,0,0,1,0
1cvu,A,515,ASP,-3.5,111.1,-1.0,1,3,X,0.0,0.0,0.0,0.0,0.0,0.0,0.0,0.0,17,0.02797645484037223,20,8,12,0,0,0,0,0,0,0,0,1,0
1cvu,A,516,ALA,1.8,88.6,0.0,0,0,X,0.0,0.0,0.0,0.0,0.0,0.0,0.0,0.0,29,0.043829779249916496,36,20,16,0,0,0,0,0,0,0,0,1,0
1cvu,A,517,ILE,4.5,166.7,0.0,0,0,X,0.0,0.0,0.0,0.0,0.0,0.0,0.0,0.0,38,0.04942507021799094,30,17,13,0,0,0,0,0,0,0,0,1,0
1cvu,A,518,PHE,2.8,189.9,0.0,0,0,X,0.0,0.0,0.0,0.0,0.0,0.0,0.0,0.0,41,0.05129016720734909,33,23,10,0,0,0,0,0,0,0,0,1,1
1cvu,A,519,GLY,-0.4,60.1,0.0,0,0,X,0.0,0.0,0.0,0.0,0.0,0.0,0.0,0.0,37,0.048958795970651406,36,27,9,0,0,0,0,0,0,0,0,1,0
1cvu,A,520,GLU,-3.5,138.4,-1.0,1,3,X,0.0,0.0,0.0,0.0,0.0,0.0,0.0,0.0,33,0.04616115048661418,43,19,24,0,0,0,0,0,0,0,0,1,0
1cvu,A,521,THR,-0.7,116.1,0.0,1,1,X,0.0,0.0,0.0,0.0,0.0,0.0,0.0,0.0,38,0.048492521723311866,26,28,-2,0,0,0,0,0,0,0,0,1,0
1cvu,A,522,MET,1.9,162.9,0.0,0,0,X,0.0,0.0,0.0,0.0,0.0,0.0,0.0,0.0,36,0.043363505002576956,14,28,-14,0,0,0,0,0,0,0,0,1,0
1cvu,A,523,VAL,4.2,140.0,0.0,0,0,X,0.0,0.0,0.0,0.0,0.0,0.0,0.0,0.0,32,0.040099585271200194,24,21,3,0,0,0,0,0,0,0,0,1,0
1cvu,A,524,GLU,-3.5,138.4,-1.0,1,3,X,0.0,0.0,0.0,0.0,0.0,0.0,0.0,0.0,34,0.04289723075523742,38,12,26,0,0,0,0,0,0,0,0,1,0
1cvu,A,525,LEU,3.8,166.7,0.0,0,0,X,0.0,0.0,0.0,0.0,0.0,0.0,0.0,0.0,36,0.048026247475972325,29,31,-2,0,0,0,0,0,0,0,0,1,0
1cvu,A,526,GLY,-0.4,60.1,0.0,0,0,X,0.0,0.0,0.0,0.0,0.0,0.0,0.0,0.0,36,0.04616115048661418,13,15,-2,0,0,0,0,0,0,0,0,1,1
1cvu,A,527,ALA,1.8,88.6,0.0,0,0,X,0.0,0.0,0.0,0.0,0.0,0.0,0.0,0.0,32,0.0363693912924839,17,10,7,0,0,0,0,0,0,0,0,1,1
1cvu,A,528,PRO,-1.6,112.7,0.0,0,0,X,0.0,0.0,0.0,0.0,0.0,0.0,0.0,0.0,31,0.04709369898129325,24,10,14,0,0,0,0,0,0,0,0,1,0
1cvu,A,529,PHE,2.8,189.9,0.0,0,0,X,0.0,0.0,0.0,0.0,0.0,0.0,0.0,0.0,37,0.04289723075523742,29,17,12,0,0,0,0,0,0,0,0,1,0
1cvu,A,530,SER,-0.8,89.0,0.0,1,1,X,0.0,0.0,0.0,0.0,0.0,0.0,0.0,0.0,37,0.03730193978716297,17,2,15,0,0,0,0,0,0,0,0,1,1
1cvu,A,531,LEU,3.8,166.7,0.0,0,0,X,0.0,0.0,0.0,0.0,0.0,0.0,0.0,0.0,37,0.03963331102386066,22,0,22,0,0,0,0,0,0,0,0,1,0
1cvu,A,532,LYS,-3.9,168.6,1.0,2,0,X,0.0,0.0,0.0,0.0,0.0,0.0,0.0,0.0,38,0.04243095650789788,13,4,9,0,0,0,0,0,0,0,0,1,0
1cvu,A,533,GLY,-0.4,60.1,0.0,0,0,X,0.0,0.0,0.0,0.0,0.0,0.0,0.0,0.0,39,0.048492521723311866,20,2,18,0,0,0,0,0,0,0,0,1,0
1cvu,A,534,LEU,3.8,166.7,0.0,0,0,X,0.0,0.0,0.0,0.0,0.0,0.0,0.0,0.0,45,0.043829779249916496,16,5,11,0,0,0,0,0,0,0,0,1,1
1cvu,A,535,MET,1.9,162.9,0.0,0,0,X,0.0,0.0,0.0,0.0,0.0,0.0,0.0,0.0,36,0.04989134446533048,12,9,3,0,0,0,0,0,0,0,0,1,0
1cvu,A,536,GLY,-0.4,60.1,0.0,0,0,X,0.0,0.0,0.0,0.0,0.0,0.0,0.0,0.0,35,0.04989134446533048,14,0,14,0,0,0,0,0,0,0,0,1,0
1cvu,A,537,ASN,-3.5,114.1,0.0,2,2,X,0.0,0.0,0.0,0.0,0.0,0.0,0.0,0.0,38,0.04942507021799094,9,6,3,0,0,0,0,0,0,0,0,1,0
1cvu,A,538,PRO,-1.6,112.7,0.0,0,0,X,0.0,0.0,0.0,0.0,0.0,0.0,0.0,0.0,43,0.045228601991935104,7,3,4,0,0,0,0,0,0,0,0,1,0
1cvu,A,539,ILE,4.5,166.7,0.0,0,0,X,0.0,0.0,0.0,0.0,0.0,0.0,0.0,0.0,38,0.05175644145468863,16,2,14,0,0,0,0,0,0,0,0,1,0
1cvu,A,540,CYS,2.5,108.5,0.0,1,0,X,0.0,0.0,0.0,0.0,0.0,0.0,0.0,0.0,39,0.05502036118606539,7,15,-8,0,0,0,0,0,0,0,0,1,0
1cvu,A,541,SER,-0.8,89.0,0.0,1,1,X,0.0,0.0,0.0,0.0,0.0,0.0,0.0,0.0,34,0.053155264196707235,19,12,7,0,0,0,0,0,0,0,0,1,0
1cvu,A,542,PRO,-1.6,112.7,0.0,0,0,X,0.0,0.0,0.0,0.0,0.0,0.0,0.0,0.0,31,0.04196468226055834,24,16,8,0,0,0,0,0,0,0,0,1,0
1cvu,A,543,GLN,-3.5,143.8,0.0,2,2,X,0.0,0.0,0.0,0.0,0.0,0.0,0.0,0.0,30,0.048026247475972325,40,19,21,0,0,0,0,0,0,0,0,1,0
1cvu,A,544,TYR,-1.3,193.6,0.0,1,1,X,0.0,0.0,0.0,0.0,0.0,0.0,0.0,0.0,34,0.050823892960009553,21,11,10,0,0,0,0,0,0,0,0,1,0
1cvu,A,545,TRP,-0.9,227.8,0.0,1,0,X,0.0,0.0,0.0,0.0,0.0,0.0,0.0,0.0,34,0.05502036118606539,18,20,-2,0,0,0,0,0,0,0,0,1,0
1cvu,A,546,LYS,-3.9,168.6,1.0,2,0,X,0.0,0.0,0.0,0.0,0.0,0.0,0.0,0.0,33,0.04942507021799094,20,24,-4,0,0,0,0,0,0,0,0,1,0
1cvu,A,547,PRO,-1.6,112.7,0.0,0,0,X,0.0,0.0,0.0,0.0,0.0,0.0,0.0,0.0,32,0.043363505002576956,27,27,0,0,0,0,0,0,0,0,0,1,0
1cvu,A,548,SER,-0.8,89.0,0.0,1,1,X,0.0,0.0,0.0,0.0,0.0,0.0,0.0,0.0,39,0.04616115048661418,34,26,8,0,0,0,0,0,0,0,0,1,0
1cvu,A,549,THR,-0.7,116.1,0.0,1,1,X,0.0,0.0,0.0,0.0,0.0,0.0,0.0,0.0,41,0.048026247475972325,21,16,5,0,0,0,0,0,0,0,0,1,0
1cvu,A,550,PHE,2.8,189.9,0.0,0,0,X,0.0,0.0,0.0,0.0,0.0,0.0,0.0,0.0,40,0.048958795970651406,28,12,16,0,0,0,0,0,0,0,0,1,0
1cvu,A,551,GLY,-0.4,60.1,0.0,0,0,X,0.0,0.0,0.0,0.0,0.0,0.0,0.0,0.0,38,0.045228601991935104,26,25,1,0,0,0,0,0,0,0,0,1,0
1cvu,A,552,GLY,-0.4,60.1,0.0,0,0,X,0.0,0.0,0.0,0.0,0.0,0.0,0.0,0.0,30,0.04243095650789788,29,25,4,0,0,0,0,0,0,0,0,1,0
1cvu,A,553,GLU,-3.5,138.4,-1.0,1,3,X,0.0,0.0,0.0,0.0,0.0,0.0,0.0,0.0,22,0.03170664881908853,21,10,11,0,0,0,0,0,0,0,0,1,0
1cvu,A,554,VAL,4.2,140.0,0.0,0,0,X,0.0,0.0,0.0,0.0,0.0,0.0,0.0,0.0,25,0.032639197313767604,17,18,-1,0,0,0,0,0,0,0,0,1,0
1cvu,A,555,GLY,-0.4,60.1,0.0,0,0,X,0.0,0.0,0.0,0.0,0.0,0.0,0.0,0.0,34,0.048492521723311866,18,23,-5,0,0,0,0,0,0,0,0,1,0
1cvu,A,556,PHE,2.8,189.9,0.0,0,0,X,0.0,0.0,0.0,0.0,0.0,0.0,0.0,0.0,30,0.048958795970651406,16,15,1,0,0,0,0,0,0,0,0,1,0
1cvu,A,557,LYS,-3.9,168.6,1.0,2,0,X,0.0,0.0,0.0,0.0,0.0,0.0,0.0,0.0,17,0.035436842797804825,4,12,-8,0,0,0,0,0,0,0,0,1,0
1cvu,A,558,ILE,4.5,166.7,0.0,0,0,X,0.0,0.0,0.0,0.0,0.0,0.0,0.0,0.0,34,0.04103213376587927,24,21,3,0,0,0,0,0,0,0,0,1,0
1cvu,A,559,ILE,4.5,166.7,0.0,0,0,X,0.0,0.0,0.0,0.0,0.0,0.0,0.0,0.0,36,0.05408781269138631,23,16,7,0,0,0,0,0,0,0,0,1,0
1cvu,A,560,ASN,-3.5,114.1,0.0,2,2,X,0.0,0.0,0.0,0.0,0.0,0.0,0.0,0.0,25,0.03870076252918159,23,27,-4,0,0,0,0,0,0,0,0,1,0
1cvu,A,561,THR,-0.7,116.1,0.0,1,1,X,0.0,0.0,0.0,0.0,0.0,0.0,0.0,0.0,25,0.028909003335051305,21,17,4,0,0,0,0,0,0,0,0,1,0
1cvu,A,562,ALA,1.8,88.6,0.0,0,0,X,0.0,0.0,0.0,0.0,0.0,0.0,0.0,0.0,31,0.04149840801321881,19,28,-9,0,0,0,0,0,0,0,0,1,0
1cvu,A,563,SER,-0.8,89.0,0.0,1,1,X,0.0,0.0,0.0,0.0,0.0,0.0,0.0,0.0,32,0.04103213376587927,11,30,-19,0,0,0,0,0,0,0,0,1,0
1cvu,A,564,ILE,4.5,166.7,0.0,0,0,X,0.0,0.0,0.0,0.0,0.0,0.0,0.0,0.0,34,0.04476232774459557,4,17,-13,0,0,0,0,0,0,0,0,1,0
1cvu,A,565,GLN,-3.5,143.8,0.0,2,2,X,0.0,0.0,0.0,0.0,0.0,0.0,0.0,0.0,23,0.03683566553982344,0,4,-4,0,0,0,0,0,0,0,0,1,0
1cvu,A,566,SER,-0.8,89.0,0.0,1,1,X,0.0,0.0,0.0,0.0,0.0,0.0,0.0,0.0,25,0.03823448828184205,7,17,-10,0,0,0,0,0,0,0,0,1,0
1cvu,A,567,LEU,3.8,166.7,0.0,0,0,X,0.0,0.0,0.0,0.0,0.0,0.0,0.0,0.0,36,0.05129016720734909,16,20,-4,0,0,0,0,0,0,0,0,1,0
1cvu,A,568,ILE,4.5,166.7,0.0,0,0,X,0.0,0.0,0.0,0.0,0.0,0.0,0.0,0.0,35,0.048026247475972325,13,9,4,0,0,0,0,0,0,0,0,1,0
1cvu,A,569,CYS,2.5,108.5,0.0,1,0,X,0.0,0.0,0.0,0.0,0.0,0.0,0.0,0.0,21,0.04103213376587927,13,3,10,0,0,0,0,0,0,0,0,1,0
1cvu,A,570,ASN,-3.5,114.1,0.0,2,2,X,0.0,0.0,0.0,0.0,0.0,0.0,0.0,0.0,23,0.03403802005578621,26,12,14,0,0,0,0,0,0,0,0,1,0
1cvu,A,571,ASN,-3.5,114.1,0.0,2,2,X,0.0,0.0,0.0,0.0,0.0,0.0,0.0,0.0,31,0.04429605349725603,31,11,20,0,0,0,0,0,0,0,0,1,0
1cvu,A,572,VAL,4.2,140.0,0.0,0,0,X,0.0,0.0,0.0,0.0,0.0,0.0,0.0,0.0,31,0.04289723075523742,17,13,4,0,0,0,0,0,0,0,0,1,0
1cvu,A,573,LYS,-3.9,168.6,1.0,2,0,X,0.0,0.0,0.0,0.0,0.0,0.0,0.0,0.0,21,0.029375277582390842,6,11,-5,0,0,0,0,0,0,0,0,1,0
1cvu,A,574,GLY,-0.4,60.1,0.0,0,0,X,0.0,0.0,0.0,0.0,0.0,0.0,0.0,0.0,16,0.021914889624958248,10,6,4,0,0,0,0,0,0,0,0,1,0
1cvu,A,575,CYS,2.5,108.5,0.0,1,0,X,0.0,0.0,0.0,0.0,0.0,0.0,0.0,0.0,18,0.03403802005578621,7,6,1,0,0,0,0,0,0,0,0,1,0
1cvu,A,576,PRO,-1.6,112.7,0.0,0,0,X,0.0,0.0,0.0,0.0,0.0,0.0,0.0,0.0,27,0.040565859518539735,8,9,-1,0,0,0,0,0,0,0,0,1,0
1cvu,A,577,PHE,2.8,189.9,0.0,0,0,X,0.0,0.0,0.0,0.0,0.0,0.0,0.0,0.0,15,0.030307826077069916,0,8,-8,0,0,0,0,0,0,0,0,1,0
1cvu,A,578,THR,-0.7,116.1,0.0,1,1,X,0.0,0.0,0.0,0.0,0.0,0.0,0.0,0.0,32,0.04196468226055834,3,11,-8,0,0,0,0,0,0,0,0,1,0
1cvu,A,579,SER,-0.8,89.0,0.0,1,1,X,0.0,0.0,0.0,0.0,0.0,0.0,0.0,0.0,32,0.04103213376587927,12,12,0,0,0,0,0,0,0,0,0,1,0
1cvu,A,580,PHE,2.8,189.9,0.0,0,0,X,0.0,0.0,0.0,0.0,0.0,0.0,0.0,0.0,35,0.053155264196707235,10,11,-1,0,0,0,0,0,0,0,0,1,0
1cvu,A,581,ASN,-3.5,114.1,0.0,2,2,X,0.0,0.0,0.0,0.0,0.0,0.0,0.0,0.0,27,0.04243095650789788,14,10,4,0,0,0,0,0,0,0,0,1,0
1cvu,A,582,VAL,4.2,140.0,0.0,0,0,X,0.0,0.0,0.0,0.0,0.0,0.0,0.0,0.0,24,0.03963331102386066,12,9,3,0,0,0,0,0,0,0,0,1,0
1cvu,A,583,GLN,-3.5,143.8,0.0,2,2,X,0.0,0.0,0.0,0.0,0.0,0.0,0.0,0.0,17,0.020049792635600097,9,1,8,0,0,0,0,0,0,0,0,1,0
1cvu,B,2033,ALA,1.8,88.6,0.0,0,0,X,0.0,0.0,0.0,0.0,0.0,0.0,0.0,0.0,19,0.025178809356335007,0,26,-26,0,0,0,0,0,0,0,0,1,0
1cvu,B,2034,ASN,-3.5,114.1,0.0,2,2,X,0.0,0.0,0.0,0.0,0.0,0.0,0.0,0.0,28,0.03310547156110714,0,28,-28,0,0,0,0,0,0,0,0,1,0
1cvu,B,2035,PRO,-1.6,112.7,0.0,0,0,X,0.0,0.0,0.0,0.0,0.0,0.0,0.0,0.0,25,0.040099585271200194,5,22,-17,0,0,0,0,0,0,0,0,1,0
1cvu,B,2036,CYS,2.5,108.5,0.0,1,0,X,0.0,0.0,0.0,0.0,0.0,0.0,0.0,0.0,36,0.03916703677652112,5,14,-9,0,0,0,0,0,0,0,0,1,0
1cvu,B,2037,CYS,2.5,108.5,0.0,1,0,X,0.0,0.0,0.0,0.0,0.0,0.0,0.0,0.0,29,0.04243095650789788,9,15,-6,0,0,0,0,0,0,0,0,1,0
1cvu,B,2038,SER,-0.8,89.0,0.0,1,1,X,0.0,0.0,0.0,0.0,0.0,0.0,0.0,0.0,25,0.03170664881908853,10,5,5,0,0,0,0,0,0,0,0,1,0
1cvu,B,2039,ASN,-3.5,114.1,0.0,2,2,X,0.0,0.0,0.0,0.0,0.0,0.0,0.0,0.0,32,0.030774100324409453,12,12,0,0,0,0,0,0,0,0,0,1,0
1cvu,B,2040,PRO,-1.6,112.7,0.0,0,0,X,0.0,0.0,0.0,0.0,0.0,0.0,0.0,0.0,28,0.03683566553982344,8,19,-11,0,0,0,0,0,0,0,0,1,0
1cvu,B,2041,CYS,2.5,108.5,0.0,1,0,X,0.0,0.0,0.0,0.0,0.0,0.0,0.0,0.0,31,0.045694876239274644,17,25,-8,0,0,0,0,0,0,0,0,1,0
1cvu,B,2042,GLN,-3.5,143.8,0.0,2,2,X,0.0,0.0,0.0,0.0,0.0,0.0,0.0,0.0,29,0.03823448828184205,19,19,0,0,0,0,0,0,0,0,0,1,0
1cvu,B,2043,ASN,-3.5,114.1,0.0,2,2,X,0.0,0.0,0.0,0.0,0.0,0.0,0.0,0.0,31,0.035436842797804825,30,7,23,0,0,0,0,0,0,0,0,1,0
1cvu,B,2044,ARG,-4.5,173.4,1.0,5,0,X,0.0,0.0,0.0,0.0,0.0,0.0,0.0,0.0,32,0.03683566553982344,26,18,8,0,0,0,0,0,0,0,0,1,0
1cvu,B,2045,GLY,-0.4,60.1,0.0,0,0,X,0.0,0.0,0.0,0.0,0.0,0.0,0.0,0.0,35,0.04616115048661418,30,20,10,0,0,0,0,0,0,0,0,1,0
1cvu,B,2046,GLU,-3.5,138.4,-1.0,1,3,X,0.0,0.0,0.0,0.0,0.0,0.0,0.0,0.0,39,0.03823448828184205,37,12,25,0,0,0,0,0,0,0,0,1,0
1cvu,B,2047,CYS,2.5,108.5,0.0,1,0,X,0.0,0.0,0.0,0.0,0.0,0.0,0.0,0.0,36,0.043829779249916496,14,19,-5,0,0,0,0,0,0,0,0,1,0
1cvu,B,2048,MET,1.9,162.9,0.0,0,0,X,0.0,0.0,0.0,0.0,0.0,0.0,0.0,0.0,34,0.04662742473395372,18,26,-8,0,0,0,0,0,0,0,0,1,0
1cvu,B,2049,SER,-0.8,89.0,0.0,1,1,X,0.0,0.0,0.0,0.0,0.0,0.0,0.0,0.0,30,0.048026247475972325,17,20,-3,0,0,0,0,0,0,0,0,1,0
1cvu,B,2050,THR,-0.7,116.1,0.0,1,1,X,0.0,0.0,0.0,0.0,0.0,0.0,0.0,0.0,23,0.040565859518539735,20,24,-4,0,0,0,0,0,0,0,0,1,0
1cvu,B,2051,GLY,-0.4,60.1,0.0,0,0,X,0.0,0.0,0.0,0.0,0.0,0.0,0.0,0.0,20,0.03963331102386066,14,22,-8,0,0,0,0,0,0,0,0,1,0
1cvu,B,2052,PHE,2.8,189.9,0.0,0,0,X,0.0,0.0,0.0,0.0,0.0,0.0,0.0,0.0,18,0.03450429430312575,8,20,-12,0,0,0,0,0,0,0,0,1,0
1cvu,B,2053,ASP,-3.5,111.1,-1.0,1,3,X,0.0,0.0,0.0,0.0,0.0,0.0,0.0,0.0,12,0.02797645484037223,0,7,-7,0,0,0,0,0,0,0,0,1,0
1cvu,B,2054,GLN,-3.5,143.8,0.0,2,2,X,0.0,0.0,0.0,0.0,0.0,0.0,0.0,0.0,18,0.032639197313767604,11,18,-7,0,0,0,0,0,0,0,0,1,0
1cvu,B,2055,TYR,-1.3,193.6,0.0,1,1,X,0.0,0.0,0.0,0.0,0.0,0.0,0.0,0.0,26,0.04429605349725603,9,19,-10,0,0,0,0,0,0,0,0,1,0
1cvu,B,2056,LYS,-3.9,168.6,1.0,2,0,X,0.0,0.0,0.0,0.0,0.0,0.0,0.0,0.0,27,0.035436842797804825,3,29,-26,0,0,0,0,0,0,0,0,1,0
1cvu,B,2057,CYS,2.5,108.5,0.0,1,0,X,0.0,0.0,0.0,0.0,0.0,0.0,0.0,0.0,31,0.04616115048661418,14,26,-12,0,0,0,0,0,0,0,0,1,0
1cvu,B,2058,ASP,-3.5,111.1,-1.0,1,3,X,0.0,0.0,0.0,0.0,0.0,0.0,0.0,0.0,37,0.04289723075523742,35,18,17,0,0,0,0,0,0,0,0,1,0
1cvu,B,2059,CYS,2.5,108.5,0.0,1,0,X,0.0,0.0,0.0,0.0,0.0,0.0,0.0,0.0,27,0.045694876239274644,32,26,6,0,0,0,0,0,0,0,0,1,0
1cvu,B,2060,THR,-0.7,116.1,0.0,1,1,X,0.0,0.0,0.0,0.0,0.0,0.0,0.0,0.0,30,0.03357174580844668,27,24,3,0,0,0,0,0,0,0,0,1,0
1cvu,B,2061,ARG,-4.5,173.4,1.0,5,0,X,0.0,0.0,0.0,0.0,0.0,0.0,0.0,0.0,21,0.02471253510899547,12,21,-9,0,0,0,0,0,0,0,0,1,0
1cvu,B,2062,THR,-0.7,116.1,0.0,1,1,X,0.0,0.0,0.0,0.0,0.0,0.0,0.0,0.0,25,0.03730193978716297,26,22,4,0,0,0,0,0,0,0,0,1,0
1cvu,B,2063,GLY,-0.4,60.1,0.0,0,0,X,0.0,0.0,0.0,0.0,0.0,0.0,0.0,0.0,25,0.03590311704514436,21,11,10,0,0,0,0,0,0,0,0,1,0
1cvu,B,2064,PHE,2.8,189.9,0.0,0,0,X,0.0,0.0,0.0,0.0,0.0,0.0,0.0,0.0,25,0.048492521723311866,17,12,5,0,0,0,0,0,0,0,0,1,0
1cvu,B,2065,TYR,-1.3,193.6,0.0,1,1,X,0.0,0.0,0.0,0.0,0.0,0.0,0.0,0.0,18,0.040565859518539735,2,14,-12,0,0,0,0,0,0,0,0,1,0
1cvu,B,2066,GLY,-0.4,60.1,0.0,0,0,X,0.0,0.0,0.0,0.0,0.0,0.0,0.0,0.0,23,0.029375277582390842,8,18,-10,0,0,0,0,0,0,0,0,1,0
1cvu,B,2067,GLU,-3.5,138.4,-1.0,1,3,X,0.0,0.0,0.0,0.0,0.0,0.0,0.0,0.0,17,0.03170664881908853,9,3,6,0,0,0,0,0,0,0,0,1,0
1cvu,B,2068,ASN,-3.5,114.1,0.0,2,2,X,0.0,0.0,0.0,0.0,0.0,0.0,0.0,0.0,23,0.04103213376587927,8,17,-9,0,0,0,0,0,0,0,0,1,0
1cvu,B,2069,CYS,2.5,108.5,0.0,1,0,X,0.0,0.0,0.0,0.0,0.0,0.0,0.0,0.0,28,0.05502036118606539,11,26,-15,0,0,0,0,0,0,0,0,1,0
1cvu,B,2070,THR,-0.7,116.1,0.0,1,1,X,0.0,0.0,0.0,0.0,0.0,0.0,0.0,0.0,21,0.040099585271200194,1,10,-9,0,0,0,0,0,0,0,0,1,0
1cvu,B,2071,THR,-0.7,116.1,0.0,1,1,X,0.0,0.0,0.0,0.0,0.0,0.0,0.0,0.0,18,0.032639197313767604,8,14,-6,0,0,0,0,0,0,0,0,1,0
1cvu,B,2072,PRO,-1.6,112.7,0.0,0,0,X,0.0,0.0,0.0,0.0,0.0,0.0,0.0,0.0,17,0.04289723075523742,12,9,3,0,0,0,0,0,0,0,0,1,0
1cvu,B,2073,GLU,-3.5,138.4,-1.0,1,3,X,0.0,0.0,0.0,0.0,0.0,0.0,0.0,0.0,19,0.03683566553982344,17,0,17,0,0,0,0,0,0,0,0,1,0
1cvu,B,2074,PHE,2.8,189.9,0.0,0,0,X,0.0,0.0,0.0,0.0,0.0,0.0,0.0,0.0,11,0.029375277582390842,19,9,10,0,0,0,0,0,0,0,0,1,0
1cvu,B,2075,LEU,3.8,166.7,0.0,0,0,X,0.0,0.0,0.0,0.0,0.0,0.0,0.0,0.0,13,0.030307826077069916,19,9,10,0,0,0,0,0,0,0,0,1,0
1cvu,B,2076,THR,-0.7,116.1,0.0,1,1,X,0.0,0.0,0.0,0.0,0.0,0.0,0.0,0.0,20,0.040565859518539735,24,9,15,0,0,0,0,0,0,0,0,1,0
1cvu,B,2077,ARG,-4.5,173.4,1.0,5,0,X,0.0,0.0,0.0,0.0,0.0,0.0,0.0,0.0,15,0.03963331102386066,7,8,-1,0,0,0,0,0,0,0,0,1,0
1cvu,B,2078,ILE,4.5,166.7,0.0,0,0,X,0.0,0.0,0.0,0.0,0.0,0.0,0.0,0.0,11,0.03683566553982344,23,5,18,0,0,0,0,0,0,0,0,1,0
1cvu,B,2079,LYS,-3.9,168.6,1.0,2,0,X,0.0,0.0,0.0,0.0,0.0,0.0,0.0,0.0,14,0.03310547156110714,15,5,10,0,0,0,0,0,0,0,0,1,0
1cvu,B,2080,LEU,3.8,166.7,0.0,0,0,X,0.0,0.0,0.0,0.0,0.0,0.0,0.0,0.0,20,0.02984155182973038,28,3,25,0,0,0,0,0,0,0,0,1,0
1cvu,B,2081,LEU,3.8,166.7,0.0,0,0,X,0.0,0.0,0.0,0.0,0.0,0.0,0.0,0.0,10,0.025178809356335007,26,0,26,0,0,0,0,0,0,0,0,1,0
1cvu,B,2082,LEU,3.8,166.7,0.0,0,0,X,0.0,0.0,0.0,0.0,0.0,0.0,0.0,0.0,10,0.024246260861655933,22,0,22,0,0,0,0,0,0,0,0,1,0
1cvu,B,2083,LYS,-3.9,168.6,1.0,2,0,X,0.0,0.0,0.0,0.0,0.0,0.0,0.0,0.0,21,0.023779986614316396,10,1,9,0,0,0,0,0,0,0,0,1,0
1cvu,B,2084,PRO,-1.6,112.7,0.0,0,0,X,0.0,0.0,0.0,0.0,0.0,0.0,0.0,0.0,18,0.02611135785101408,14,1,13,0,0,0,0,0,0,0,0,1,0
1cvu,B,2085,THR,-0.7,116.1,0.0,1,1,X,0.0,0.0,0.0,0.0,0.0,0.0,0.0,0.0,20,0.028909003335051305,26,10,16,0,0,0,0,0,0,0,0,1,0
1cvu,B,2086,PRO,-1.6,112.7,0.0,0,0,X,0.0,0.0,0.0,0.0,0.0,0.0,0.0,0.0,27,0.03870076252918159,38,18,20,0,0,0,0,0,0,0,0,1,0
1cvu,B,2087,ASN,-3.5,114.1,0.0,2,2,X,0.0,0.0,0.0,0.0,0.0,0.0,0.0,0.0,27,0.03403802005578621,31,16,15,0,0,0,0,0,0,0,0,1,1
1cvu,B,2088,THR,-0.7,116.1,0.0,1,1,X,0.0,0.0,0.0,0.0,0.0,0.0,0.0,0.0,16,0.032639197313767604,23,2,21,0,0,0,0,0,0,0,0,1,1
1cvu,B,2089,VAL,4.2,140.0,0.0,0,0,X,0.0,0.0,0.0,0.0,0.0,0.0,0.0,0.0,24,0.03776821403450251,27,5,22,0,0,0,0,0,0,0,0,1,0
1cvu,B,2090,HIS,-3.2,153.2,0.1,2,1,X,0.0,0.0,0.0,0.0,0.0,0.0,0.0,0.0,29,0.04289723075523742,26,13,13,0,0,0,0,0,0,0,0,1,0
1cvu,B,2091,TYR,-1.3,193.6,0.0,1,1,X,0.0,0.0,0.0,0.0,0.0,0.0,0.0,0.0,17,0.04149840801321881,26,0,26,0,0,0,0,0,0,0,0,1,1
1cvu,B,2092,ILE,4.5,166.7,0.0,0,0,X,0.0,0.0,0.0,0.0,0.0,0.0,0.0,0.0,20,0.04103213376587927,28,0,28,0,0,0,0,0,0,0,0,1,0
1cvu,B,2093,LEU,3.8,166.7,0.0,0,0,X,0.0,0.0,0.0,0.0,0.0,0.0,0.0,0.0,29,0.05129016720734909,40,0,40,0,0,0,0,0,0,0,0,1,0
1cvu,B,2094,THR,-0.7,116.1,0.0,1,1,X,0.0,0.0,0.0,0.0,0.0,0.0,0.0,0.0,24,0.048492521723311866,44,1,43,0,0,0,0,0,0,0,0,1,0
1cvu,B,2095,HIS,-3.2,153.2,0.1,2,1,X,0.0,0.0,0.0,0.0,0.0,0.0,0.0,0.0,18,0.03776821403450251,27,0,27,0,0,0,0,0,0,0,0,1,0
1cvu,B,2096,PHE,2.8,189.9,0.0,0,0,X,0.0,0.0,0.0,0.0,0.0,0.0,0.0,0.0,16,0.03450429430312575,28,0,28,0,0,0,0,0,0,0,0,1,1
1cvu,B,2097,LYS,-3.9,168.6,1.0,2,0,X,0.0,0.0,0.0,0.0,0.0,0.0,0.0,0.0,17,0.035436842797804825,19,0,19,0,0,0,0,0,0,0,0,1,0
1cvu,B,2098,GLY,-0.4,60.1,0.0,0,0,X,0.0,0.0,0.0,0.0,0.0,0.0,0.0,0.0,15,0.026577632098353617,24,0,24,0,0,0,0,0,0,0,0,1,0
1cvu,B,2099,VAL,4.2,140.0,0.0,0,0,X,0.0,0.0,0.0,0.0,0.0,0.0,0.0,0.0,17,0.02984155182973038,22,0,22,0,0,0,0,0,0,0,0,1,0
1cvu,B,2100,TRP,-0.9,227.8,0.0,1,0,X,0.0,0.0,0.0,0.0,0.0,0.0,0.0,0.0,26,0.04476232774459557,38,0,38,0,0,0,0,0,0,0,0,1,0
1cvu,B,2101,ASN,-3.5,114.1,0.0,2,2,X,0.0,0.0,0.0,0.0,0.0,0.0,0.0,0.0,15,0.0363693912924839,28,0,28,0,0,0,0,0,0,0,0,1,0
1cvu,B,2102,ILE,4.5,166.7,0.0,0,0,X,0.0,0.0,0.0,0.0,0.0,0.0,0.0,0.0,16,0.032639197313767604,9,0,9,0,0,0,0,0,0,0,0,1,0
1cvu,B,2103,VAL,4.2,140.0,0.0,0,0,X,0.0,0.0,0.0,0.0,0.0,0.0,0.0,0.0,22,0.04616115048661418,27,0,27,0,0,0,0,0,0,0,0,1,0
1cvu,B,2104,ASN,-3.5,114.1,0.0,2,2,X,0.0,0.0,0.0,0.0,0.0,0.0,0.0,0.0,24,0.048958795970651406,36,0,36,0,0,0,0,0,0,0,0,1,0
1cvu,B,2105,ASN,-3.5,114.1,0.0,2,2,X,0.0,0.0,0.0,0.0,0.0,0.0,0.0,0.0,17,0.03310547156110714,20,0,20,0,0,0,0,0,0,0,0,1,0
1cvu,B,105,ILE,4.5,166.7,0.0,0,0,X,0.0,0.0,0.0,0.0,0.0,0.0,0.0,0.0,15,0.030774100324409453,10,0,10,0,0,0,0,0,0,0,0,1,0
1cvu,B,2106,PRO,-1.6,112.7,0.0,0,0,X,0.0,0.0,0.0,0.0,0.0,0.0,0.0,0.0,18,0.029375277582390842,18,1,17,0,0,0,0,0,0,0,0,1,0
1cvu,B,2107,PHE,2.8,189.9,0.0,0,0,X,0.0,0.0,0.0,0.0,0.0,0.0,0.0,0.0,13,0.027510180593032695,12,0,12,0,0,0,0,0,0,0,0,1,0
1cvu,B,2108,LEU,3.8,166.7,0.0,0,0,X,0.0,0.0,0.0,0.0,0.0,0.0,0.0,0.0,18,0.03776821403450251,11,0,11,0,0,0,0,0,0,0,0,1,0
1cvu,B,2109,ARG,-4.5,173.4,1.0,5,0,X,0.0,0.0,0.0,0.0,0.0,0.0,0.0,0.0,28,0.053155264196707235,24,10,14,0,0,0,0,0,0,0,0,1,0
1cvu,B,2110,SER,-0.8,89.0,0.0,1,1,X,0.0,0.0,0.0,0.0,0.0,0.0,0.0,0.0,25,0.045694876239274644,31,14,17,0,0,0,0,0,0,0,0,1,0
1cvu,B,2111,LEU,3.8,166.7,0.0,0,0,X,0.0,0.0,0.0,0.0,0.0,0.0,0.0,0.0,20,0.0363693912924839,18,0,18,0,0,0,0,0,0,0,0,1,0
1cvu,B,2112,ILE,4.5,166.7,0.0,0,0,X,0.0,0.0,0.0,0.0,0.0,0.0,0.0,0.0,25,0.040565859518539735,28,0,28,0,0,0,0,0,0,0,0,1,0
1cvu,B,2113,MET,1.9,162.9,0.0,0,0,X,0.0,0.0,0.0,0.0,0.0,0.0,0.0,0.0,34,0.04662742473395372,37,12,25,0,0,0,0,0,0,0,0,1,0
1cvu,B,2114,LYS,-3.9,168.6,1.0,2,0,X,0.0,0.0,0.0,0.0,0.0,0.0,0.0,0.0,26,0.04289723075523742,9,13,-4,0,0,0,0,0,0,0,0,1,0
1cvu,B,2115,TYR,-1.3,193.6,0.0,1,1,X,0.0,0.0,0.0,0.0,0.0,0.0,0.0,0.0,21,0.03403802005578621,20,0,20,0,0,0,0,0,0,0,0,1,0
1cvu,B,2116,VAL,4.2,140.0,0.0,0,0,X,0.0,0.0,0.0,0.0,0.0,0.0,0.0,0.0,29,0.03916703677652112,27,1,26,0,0,0,0,0,0,0,0,1,0
1cvu,B,2117,LEU,3.8,166.7,0.0,0,0,X,0.0,0.0,0.0,0.0,0.0,0.0,0.0,0.0,35,0.040565859518539735,28,6,22,0,0,0,0,0,0,0,0,1,1
1cvu,B,2118,THR,-0.7,116.1,0.0,1,1,X,0.0,0.0,0.0,0.0,0.0,0.0,0.0,0.0,21,0.03776821403450251,19,0,19,0,0,0,0,0,0,0,0,1,0
1cvu,B,2119,SER,-0.8,89.0,0.0,1,1,X,0.0,0.0,0.0,0.0,0.0,0.0,0.0,0.0,21,0.03357174580844668,22,4,18,0,0,0,0,0,0,0,0,1,0
1cvu,B,2120,ARG,-4.5,173.4,1.0,5,0,X,0.0,0.0,0.0,0.0,0.0,0.0,0.0,0.0,30,0.040099585271200194,8,9,-1,0,0,0,0,0,0,0,0,1,1
1cvu,B,2121,SER,-0.8,89.0,0.0,1,1,X,0.0,0.0,0.0,0.0,0.0,0.0,0.0,0.0,25,0.03916703677652112,21,3,18,0,0,0,0,0,0,0,0,1,0
1cvu,B,2122,TYR,-1.3,193.6,0.0,1,1,X,0.0,0.0,0.0,0.0,0.0,0.0,0.0,0.0,21,0.023779986614316396,29,5,24,0,0,0,0,0,0,0,0,1,0
1cvu,B,2123,LEU,3.8,166.7,0.0,0,0,X,0.0,0.0,0.0,0.0,0.0,0.0,0.0,0.0,28,0.04149840801321881,38,15,23,0,0,0,0,0,0,0,0,1,0
1cvu,B,2124,ILE,4.5,166.7,0.0,0,0,X,0.0,0.0,0.0,0.0,0.0,0.0,0.0,0.0,37,0.03963331102386066,39,10,29,0,0,0,0,0,0,0,0,1,0
1cvu,B,2125,ASP,-3.5,111.1,-1.0,1,3,X,0.0,0.0,0.0,0.0,0.0,0.0,0.0,0.0,33,0.03823448828184205,37,3,34,0,0,0,0,0,0,0,0,1,0
1cvu,B,2126,SER,-0.8,89.0,0.0,1,1,X,0.0,0.0,0.0,0.0,0.0,0.0,0.0,0.0,31,0.03963331102386066,24,8,16,0,0,0,0,0,0,0,0,1,0
1cvu,B,2127,PRO,-1.6,112.7,0.0,0,0,X,0.0,0.0,0.0,0.0,0.0,0.0,0.0,0.0,32,0.04709369898129325,18,8,10,0,0,0,0,0,0,0,0,1,0
1cvu,B,2128,PRO,-1.6,112.7,0.0,0,0,X,0.0,0.0,0.0,0.0,0.0,0.0,0.0,0.0,35,0.04429605349725603,33,10,23,0,0,0,0,0,0,0,0,1,0
1cvu,B,2129,THR,-0.7,116.1,0.0,1,1,X,0.0,0.0,0.0,0.0,0.0,0.0,0.0,0.0,39,0.04989134446533048,33,16,17,0,0,0,0,0,0,0,0,1,0
1cvu,B,2130,TYR,-1.3,193.6,0.0,1,1,X,0.0,0.0,0.0,0.0,0.0,0.0,0.0,0.0,31,0.05455408693872585,30,17,13,0,0,0,0,0,0,0,0,1,0
1cvu,B,2131,ASN,-3.5,114.1,0.0,2,2,X,0.0,0.0,0.0,0.0,0.0,0.0,0.0,0.0,36,0.053621538444046775,30,11,19,0,0,0,0,0,0,0,0,1,0
1cvu,B,2132,VAL,4.2,140.0,0.0,0,0,X,0.0,0.0,0.0,0.0,0.0,0.0,0.0,0.0,35,0.050823892960009553,33,12,21,0,0,0,0,0,0,0,0,1,0
1cvu,B,2133,HIS,-3.2,153.2,0.1,2,1,X,0.0,0.0,0.0,0.0,0.0,0.0,0.0,0.0,25,0.03403802005578621,11,20,-9,0,0,0,0,0,0,0,0,1,0
1cvu,B,2134,TYR,-1.3,193.6,0.0,1,1,X,0.0,0.0,0.0,0.0,0.0,0.0,0.0,0.0,28,0.04429605349725603,19,18,1,0,0,0,0,0,0,0,0,1,0
1cvu,B,2135,GLY,-0.4,60.1,0.0,0,0,X,0.0,0.0,0.0,0.0,0.0,0.0,0.0,0.0,28,0.040565859518539735,27,8,19,0,0,0,0,0,0,0,0,1,0
1cvu,B,2136,TYR,-1.3,193.6,0.0,1,1,X,0.0,0.0,0.0,0.0,0.0,0.0,0.0,0.0,37,0.03870076252918159,14,17,-3,0,0,0,0,0,0,0,0,1,0
1cvu,B,2137,LYS,-3.9,168.6,1.0,2,0,X,0.0,0.0,0.0,0.0,0.0,0.0,0.0,0.0,37,0.04942507021799094,10,14,-4,0,0,0,0,0,0,0,0,1,0
1cvu,B,2138,SER,-0.8,89.0,0.0,1,1,X,0.0,0.0,0.0,0.0,0.0,0.0,0.0,0.0,33,0.05035761871267001,23,17,6,0,0,0,0,0,0,0,0,1,0
1cvu,B,2139,TRP,-0.9,227.8,0.0,1,0,X,0.0,0.0,0.0,0.0,0.0,0.0,0.0,0.0,37,0.04709369898129325,16,18,-2,0,0,0,0,0,0,0,0,1,0
1cvu,B,2140,GLU,-3.5,138.4,-1.0,1,3,X,0.0,0.0,0.0,0.0,0.0,0.0,0.0,0.0,31,0.04196468226055834,24,7,17,0,0,0,0,0,0,0,0,1,0
1cvu,B,2141,ALA,1.8,88.6,0.0,0,0,X,0.0,0.0,0.0,0.0,0.0,0.0,0.0,0.0,30,0.05502036118606539,26,10,16,0,0,0,0,0,0,0,0,1,0
1cvu,B,2142,PHE,2.8,189.9,0.0,0,0,X,0.0,0.0,0.0,0.0,0.0,0.0,0.0,0.0,36,0.048026247475972325,16,14,2,0,0,0,0,0,0,0,0,1,0
1cvu,B,2143,SER,-0.8,89.0,0.0,1,1,X,0.0,0.0,0.0,0.0,0.0,0.0,0.0,0.0,31,0.035436842797804825,14,19,-5,0,0,0,0,0,0,0,0,1,0
1cvu,B,2144,ASN,-3.5,114.1,0.0,2,2,X,0.0,0.0,0.0,0.0,0.0,0.0,0.0,0.0,27,0.034970568550465285,21,10,11,0,0,0,0,0,0,0,0,1,0
1cvu,B,2145,LEU,3.8,166.7,0.0,0,0,X,0.0,0.0,0.0,0.0,0.0,0.0,0.0,0.0,26,0.03590311704514436,25,6,19,0,0,0,0,0,0,0,0,1,0
1cvu,B,2146,SER,-0.8,89.0,0.0,1,1,X,0.0,0.0,0.0,0.0,0.0,0.0,0.0,0.0,29,0.04476232774459557,36,15,21,0,0,0,0,0,0,0,0,1,0
1cvu,B,2147,TYR,-1.3,193.6,0.0,1,1,X,0.0,0.0,0.0,0.0,0.0,0.0,0.0,0.0,33,0.04942507021799094,39,13,26,0,0,0,0,0,0,0,0,1,0
1cvu,B,2148,TYR,-1.3,193.6,0.0,1,1,X,0.0,0.0,0.0,0.0,0.0,0.0,0.0,0.0,34,0.05408781269138631,40,16,24,0,0,0,0,0,0,0,0,1,0
1cvu,B,2149,THR,-0.7,116.1,0.0,1,1,X,0.0,0.0,0.0,0.0,0.0,0.0,0.0,0.0,42,0.05175644145468863,32,16,16,0,0,0,0,0,0,0,0,1,0
1cvu,B,2150,ARG,-4.5,173.4,1.0,5,0,X,0.0,0.0,0.0,0.0,0.0,0.0,0.0,0.0,40,0.04989134446533048,15,10,5,0,0,0,0,0,0,0,0,1,0
1cvu,B,2151,ALA,1.8,88.6,0.0,0,0,X,0.0,0.0,0.0,0.0,0.0,0.0,0.0,0.0,35,0.05129016720734909,30,20,10,0,0,0,0,0,0,0,0,1,0
1cvu,B,2152,LEU,3.8,166.7,0.0,0,0,X,0.0,0.0,0.0,0.0,0.0,0.0,0.0,0.0,35,0.043829779249916496,41,21,20,0,0,0,0,0,0,0,0,1,0
1cvu,B,2153,PRO,-1.6,112.7,0.0,0,0,X,0.0,0.0,0.0,0.0,0.0,0.0,0.0,0.0,32,0.04616115048661418,31,19,12,0,0,0,0,0,0,0,0,1,0
1cvu,B,2154,PRO,-1.6,112.7,0.0,0,0,X,0.0,0.0,0.0,0.0,0.0,0.0,0.0,0.0,36,0.048026247475972325,30,14,16,0,0,0,0,0,0,0,0,1,0
1cvu,B,2155,VAL,4.2,140.0,0.0,0,0,X,0.0,0.0,0.0,0.0,0.0,0.0,0.0,0.0,34,0.043363505002576956,17,22,-5,0,0,0,0,0,0,0,0,1,0
1cvu,B,2156,ALA,1.8,88.6,0.0,0,0,X,0.0,0.0,0.0,0.0,0.0,0.0,0.0,0.0,30,0.03450429430312575,13,17,-4,0,0,0,0,0,0,0,0,1,0
1cvu,B,2157,ASP,-3.5,111.1,-1.0,1,3,X,0.0,0.0,0.0,0.0,0.0,0.0,0.0,0.0,19,0.02144861537761871,14,10,4,0,0,0,0,0,0,0,0,1,0
1cvu,B,2158,ASP,-3.5,111.1,-1.0,1,3,X,0.0,0.0,0.0,0.0,0.0,0.0,0.0,0.0,19,0.026577632098353617,3,9,-6,0,0,0,0,0,0,0,0,1,0
1cvu,B,2159,CYS,2.5,108.5,0.0,1,0,X,0.0,0.0,0.0,0.0,0.0,0.0,0.0,0.0,22,0.03916703677652112,15,16,-1,0,0,0,0,0,0,0,0,1,0
1cvu,B,2160,PRO,-1.6,112.7,0.0,0,0,X,0.0,0.0,0.0,0.0,0.0,0.0,0.0,0.0,21,0.03170664881908853,17,14,3,0,0,0,0,0,0,0,0,1,0
1cvu,B,2161,THR,-0.7,116.1,0.0,1,1,X,0.0,0.0,0.0,0.0,0.0,0.0,0.0,0.0,24,0.03823448828184205,19,16,3,0,0,0,0,0,0,0,0,1,0
1cvu,B,2162,PRO,-1.6,112.7,0.0,0,0,X,0.0,0.0,0.0,0.0,0.0,0.0,0.0,0.0,32,0.04429605349725603,33,27,6,0,0,0,0,0,0,0,0,1,0
1cvu,B,2163,MET,1.9,162.9,0.0,0,0,X,0.0,0.0,0.0,0.0,0.0,0.0,0.0,0.0,39,0.045694876239274644,32,30,2,0,0,0,0,0,0,0,0,1,0
1cvu,B,2164,GLY,-0.4,60.1,0.0,0,0,X,0.0,0.0,0.0,0.0,0.0,0.0,0.0,0.0,32,0.043829779249916496,21,17,4,0,0,0,0,0,0,0,0,1,0
1cvu,B,2165,VAL,4.2,140.0,0.0,0,0,X,0.0,0.0,0.0,0.0,0.0,0.0,0.0,0.0,25,0.03357174580844668,11,8,3,0,0,0,0,0,0,0,0,1,0
1cvu,B,2166,LYS,-3.9,168.6,1.0,2,0,X,0.0,0.0,0.0,0.0,0.0,0.0,0.0,0.0,25,0.030774100324409453,1,20,-19,0,0,0,0,0,0,0,0,1,0
1cvu,B,2167,GLY,-0.4,60.1,0.0,0,0,X,0.0,0.0,0.0,0.0,0.0,0.0,0.0,0.0,20,0.03916703677652112,17,19,-2,0,0,0,0,0,0,0,0,1,0
1cvu,B,2168,ASN,-3.5,114.1,0.0,2,2,X,0.0,0.0,0.0,0.0,0.0,0.0,0.0,0.0,18,0.02984155182973038,15,15,0,0,0,0,0,0,0,0,0,1,0
1cvu,B,2169,LYS,-3.9,168.6,1.0,2,0,X,0.0,0.0,0.0,0.0,0.0,0.0,0.0,0.0,12,0.026577632098353617,2,9,-7,0,0,0,0,0,0,0,0,1,0
1cvu,B,2170,GLU,-3.5,138.4,-1.0,1,3,X,0.0,0.0,0.0,0.0,0.0,0.0,0.0,0.0,15,0.028909003335051305,17,5,12,0,0,0,0,0,0,0,0,1,0
1cvu,B,2171,LEU,3.8,166.7,0.0,0,0,X,0.0,0.0,0.0,0.0,0.0,0.0,0.0,0.0,29,0.03916703677652112,20,30,-10,0,0,0,0,0,0,0,0,1,0
1cvu,B,2172,PRO,-1.6,112.7,0.0,0,0,X,0.0,0.0,0.0,0.0,0.0,0.0,0.0,0.0,29,0.03683566553982344,17,37,-20,0,0,0,0,0,0,0,0,1,0
1cvu,B,2173,ASP,-3.5,111.1,-1.0,1,3,X,0.0,0.0,0.0,0.0,0.0,0.0,0.0,0.0,17,0.03170664881908853,28,32,-4,0,0,0,0,0,0,0,0,1,0
1cvu,B,2174,SER,-0.8,89.0,0.0,1,1,X,0.0,0.0,0.0,0.0,0.0,0.0,0.0,0.0,26,0.043829779249916496,30,38,-8,0,0,0,0,0,0,0,0,1,0
1cvu,B,2175,LYS,-3.9,168.6,1.0,2,0,X,0.0,0.0,0.0,0.0,0.0,0.0,0.0,0.0,19,0.03683566553982344,18,29,-11,0,0,0,0,0,0,0,0,1,0
1cvu,B,2176,GLU,-3.5,138.4,-1.0,1,3,X,0.0,0.0,0.0,0.0,0.0,0.0,0.0,0.0,21,0.035436842797804825,25,25,0,0,0,0,0,0,0,0,0,1,0
1cvu,B,2177,VAL,4.2,140.0,0.0,0,0,X,0.0,0.0,0.0,0.0,0.0,0.0,0.0,0.0,33,0.05129016720734909,37,44,-7,0,0,0,0,0,0,0,0,1,0
1cvu,B,2178,LEU,3.8,166.7,0.0,0,0,X,0.0,0.0,0.0,0.0,0.0,0.0,0.0,0.0,36,0.048958795970651406,43,29,14,0,0,0,0,0,0,0,0,1,0
1cvu,B,2179,GLU,-3.5,138.4,-1.0,1,3,X,0.0,0.0,0.0,0.0,0.0,0.0,0.0,0.0,21,0.04149840801321881,40,19,21,0,0,0,0,0,0,0,0,1,0
1cvu,B,2180,LYS,-3.9,168.6,1.0,2,0,X,0.0,0.0,0.0,0.0,0.0,0.0,0.0,0.0,24,0.043829779249916496,23,37,-14,0,0,0,0,0,0,0,0,1,0
1cvu,B,2181,VAL,4.2,140.0,0.0,0,0,X,0.0,0.0,0.0,0.0,0.0,0.0,0.0,0.0,37,0.048958795970651406,33,36,-3,0,0,0,0,0,0,0,0,1,0
1cvu,B,2182,LEU,3.8,166.7,0.0,0,0,X,0.0,0.0,0.0,0.0,0.0,0.0,0.0,0.0,43,0.050823892960009553,44,12,32,0,0,0,0,0,0,0,0,1,0
1cvu,B,2183,LEU,3.8,166.7,0.0,0,0,X,0.0,0.0,0.0,0.0,0.0,0.0,0.0,0.0,31,0.048958795970651406,46,18,28,0,0,0,0,0,0,0,0,1,0
1cvu,B,2184,ARG,-4.5,173.4,1.0,5,0,X,0.0,0.0,0.0,0.0,0.0,0.0,0.0,0.0,32,0.045228601991935104,27,17,10,0,0,0,0,0,0,0,0,1,0
1cvu,B,2185,ARG,-4.5,173.4,1.0,5,0,X,0.0,0.0,0.0,0.0,0.0,0.0,0.0,0.0,19,0.029375277582390842,26,19,7,0,0,0,0,0,0,0,0,1,0
1cvu,B,2186,GLU,-3.5,138.4,-1.0,1,3,X,0.0,0.0,0.0,0.0,0.0,0.0,0.0,0.0,11,0.024246260861655933,28,4,24,0,0,0,0,0,0,0,0,1,0
1cvu,B,2187,PHE,2.8,189.9,0.0,0,0,X,0.0,0.0,0.0,0.0,0.0,0.0,0.0,0.0,26,0.034970568550465285,26,22,4,0,0,0,0,0,0,0,0,1,0
1cvu,B,2188,ILE,4.5,166.7,0.0,0,0,X,0.0,0.0,0.0,0.0,0.0,0.0,0.0,0.0,30,0.03683566553982344,35,19,16,0,0,0,0,0,0,0,0,1,0
1cvu,B,2189,PRO,-1.6,112.7,0.0,0,0,X,0.0,0.0,0.0,0.0,0.0,0.0,0.0,0.0,28,0.03870076252918159,18,15,3,0,0,0,0,0,0,0,0,1,0
1cvu,B,2190,ASP,-3.5,111.1,-1.0,1,3,X,0.0,0.0,0.0,0.0,0.0,0.0,0.0,0.0,33,0.048026247475972325,20,7,13,0,0,0,0,0,0,0,0,1,0
1cvu,B,2191,PRO,-1.6,112.7,0.0,0,0,X,0.0,0.0,0.0,0.0,0.0,0.0,0.0,0.0,27,0.03590311704514436,20,16,4,0,0,0,0,0,0,0,0,1,0
1cvu,B,2192,GLN,-3.5,143.8,0.0,2,2,X,0.0,0.0,0.0,0.0,0.0,0.0,0.0,0.0,34,0.035436842797804825,27,16,11,0,0,0,0,0,0,0,0,1,0
1cvu,B,2193,GLY,-0.4,60.1,0.0,0,0,X,0.0,0.0,0.0,0.0,0.0,0.0,0.0,0.0,31,0.04149840801321881,17,10,7,0,0,0,0,0,0,0,0,1,0
1cvu,B,2194,SER,-0.8,89.0,0.0,1,1,X,0.0,0.0,0.0,0.0,0.0,0.0,0.0,0.0,39,0.05781800667010261,20,9,11,0,0,0,0,0,0,0,0,1,0
1cvu,B,2195,ASN,-3.5,114.1,0.0,2,2,X,0.0,0.0,0.0,0.0,0.0,0.0,0.0,0.0,37,0.05781800667010261,12,10,2,0,0,0,0,0,0,0,0,1,0
1cvu,B,2196,MET,1.9,162.9,0.0,0,0,X,0.0,0.0,0.0,0.0,0.0,0.0,0.0,0.0,39,0.053155264196707235,6,3,3,0,0,0,0,0,0,0,0,1,0
1cvu,B,2197,MET,1.9,162.9,0.0,0,0,X,0.0,0.0,0.0,0.0,0.0,0.0,0.0,0.0,40,0.05548663543340492,8,4,4,0,0,0,0,0,0,0,0,1,0
1cvu,B,2198,PHE,2.8,189.9,0.0,0,0,X,0.0,0.0,0.0,0.0,0.0,0.0,0.0,0.0,41,0.05502036118606539,11,8,3,0,0,0,0,0,0,0,0,1,0
1cvu,B,2199,ALA,1.8,88.6,0.0,0,0,X,0.0,0.0,0.0,0.0,0.0,0.0,0.0,0.0,38,0.048958795970651406,12,1,11,0,0,0,0,0,0,0,0,1,0
1cvu,B,2200,PHE,2.8,189.9,0.0,0,0,X,0.0,0.0,0.0,0.0,0.0,0.0,0.0,0.0,33,0.048958795970651406,10,0,10,0,0,0,0,0,0,0,0,1,0
1cvu,B,2201,PHE,2.8,189.9,0.0,0,0,X,0.0,0.0,0.0,0.0,0.0,0.0,0.0,0.0,40,0.05129016720734909,14,7,7,0,0,0,0,0,0,0,0,1,0
1cvu,B,2202,ALA,1.8,88.6,0.0,0,0,X,0.0,0.0,0.0,0.0,0.0,0.0,0.0,0.0,31,0.04942507021799094,16,0,16,0,0,0,0,0,0,0,0,1,0
1cvu,B,2203,GLN,-3.5,143.8,0.0,2,2,X,0.0,0.0,0.0,0.0,0.0,0.0,0.0,0.0,30,0.03916703677652112,26,0,26,0,0,0,0,0,0,0,0,1,1
1cvu,B,2204,HIS,-3.2,153.2,0.1,2,1,X,0.0,0.0,0.0,0.0,0.0,0.0,0.0,0.0,36,0.0526889899493677,10,0,10,0,0,0,0,0,0,0,0,1,0
1cvu,B,2205,PHE,2.8,189.9,0.0,0,0,X,0.0,0.0,0.0,0.0,0.0,0.0,0.0,0.0,41,0.048958795970651406,19,6,13,0,0,0,0,0,0,0,0,1,1
1cvu,B,2206,THR,-0.7,116.1,0.0,1,1,X,0.0,0.0,0.0,0.0,0.0,0.0,0.0,0.0,31,0.048026247475972325,27,0,27,0,0,0,0,0,0,0,0,1,0
1cvu,B,2207,ALA,1.8,88.6,0.0,0,0,X,0.0,0.0,0.0,0.0,0.0,0.0,0.0,0.0,33,0.05035761871267001,33,8,25,0,0,0,0,0,0,0,0,1,0
1cvu,B,2208,GLN,-3.5,143.8,0.0,2,2,X,0.0,0.0,0.0,0.0,0.0,0.0,0.0,0.0,40,0.05595290968074446,36,15,21,0,0,0,0,0,0,0,0,1,0
1cvu,B,2209,PHE,2.8,189.9,0.0,0,0,X,0.0,0.0,0.0,0.0,0.0,0.0,0.0,0.0,39,0.05129016720734909,38,8,30,0,0,0,0,0,0,0,0,1,0
1cvu,B,2210,PHE,2.8,189.9,0.0,0,0,X,0.0,0.0,0.0,0.0,0.0,0.0,0.0,0.0,33,0.04429605349725603,32,5,27,0,0,0,0,0,0,0,0,1,1
1cvu,B,2211,LYS,-3.9,168.6,1.0,2,0,X,0.0,0.0,0.0,0.0,0.0,0.0,0.0,0.0,33,0.04243095650789788,33,23,10,0,0,0,0,0,0,0,0,1,0
1cvu,B,2212,THR,-0.7,116.1,0.0,1,1,X,0.0,0.0,0.0,0.0,0.0,0.0,0.0,0.0,27,0.043829779249916496,45,9,36,0,0,0,0,0,0,0,0,1,1
1cvu,B,2213,ASP,-3.5,111.1,-1.0,1,3,X,0.0,0.0,0.0,0.0,0.0,0.0,0.0,0.0,18,0.04289723075523742,49,0,49,0,0,0,0,0,0,0,0,1,0
1cvu,B,2214,HIS,-3.2,153.2,0.1,2,1,X,0.0,0.0,0.0,0.0,0.0,0.0,0.0,0.0,15,0.03124037457174899,31,8,23,0,0,0,0,0,0,0,0,1,1
1cvu,B,2215,LYS,-3.9,168.6,1.0,2,0,X,0.0,0.0,0.0,0.0,0.0,0.0,0.0,0.0,8,0.02098234113027917,28,8,20,0,0,0,0,0,0,0,0,1,0
1cvu,B,2216,ARG,-4.5,173.4,1.0,5,0,X,0.0,0.0,0.0,0.0,0.0,0.0,0.0,0.0,19,0.027043906345693154,29,8,21,0,0,0,0,0,0,0,0,1,0
1cvu,B,2217,GLY,-0.4,60.1,0.0,0,0,X,0.0,0.0,0.0,0.0,0.0,0.0,0.0,0.0,21,0.03403802005578621,41,16,25,0,0,0,0,0,0,0,0,1,0
1cvu,B,2218,PRO,-1.6,112.7,0.0,0,0,X,0.0,0.0,0.0,0.0,0.0,0.0,0.0,0.0,30,0.04103213376587927,36,20,16,0,0,0,0,0,0,0,0,1,0
1cvu,B,2219,GLY,-0.4,60.1,0.0,0,0,X,0.0,0.0,0.0,0.0,0.0,0.0,0.0,0.0,36,0.05129016720734909,43,16,27,0,0,0,0,0,0,0,0,1,0
1cvu,B,2220,PHE,2.8,189.9,0.0,0,0,X,0.0,0.0,0.0,0.0,0.0,0.0,0.0,0.0,29,0.048026247475972325,43,9,34,0,0,0,0,0,0,0,0,1,0
1cvu,B,2221,THR,-0.7,116.1,0.0,1,1,X,0.0,0.0,0.0,0.0,0.0,0.0,0.0,0.0,33,0.053155264196707235,52,12,40,0,0,0,0,0,0,0,0,1,0
1cvu,B,2222,ARG,-4.5,173.4,1.0,5,0,X,0.0,0.0,0.0,0.0,0.0,0.0,0.0,0.0,26,0.03870076252918159,32,23,9,0,0,0,0,0,0,0,0,1,0
1cvu,B,2223,GLY,-0.4,60.1,0.0,0,0,X,0.0,0.0,0.0,0.0,0.0,0.0,0.0,0.0,31,0.04709369898129325,37,21,16,0,0,0,0,0,0,0,0,1,0
1cvu,B,2224,LEU,3.8,166.7,0.0,0,0,X,0.0,0.0,0.0,0.0,0.0,0.0,0.0,0.0,27,0.03310547156110714,35,15,20,0,0,0,0,0,0,0,0,1,0
1cvu,B,2225,GLY,-0.4,60.1,0.0,0,0,X,0.0,0.0,0.0,0.0,0.0,0.0,0.0,0.0,33,0.0363693912924839,31,16,15,0,0,0,0,0,0,0,0,1,0
1cvu,B,2226,HIS,-3.2,153.2,0.1,2,1,X,0.0,0.0,0.0,0.0,0.0,0.0,0.0,0.0,35,0.04149840801321881,25,9,16,0,0,0,0,0,0,0,0,1,0
1cvu,B,2227,GLY,-0.4,60.1,0.0,0,0,X,0.0,0.0,0.0,0.0,0.0,0.0,0.0,0.0,40,0.04429605349725603,36,12,24,0,0,0,0,0,0,0,0,1,0
1cvu,B,2228,VAL,4.2,140.0,0.0,0,0,X,0.0,0.0,0.0,0.0,0.0,0.0,0.0,0.0,42,0.05035761871267001,22,11,11,0,0,0,0,0,0,0,0,1,0
1cvu,B,2229,ASP,-3.5,111.1,-1.0,1,3,X,0.0,0.0,0.0,0.0,0.0,0.0,0.0,0.0,37,0.04476232774459557,29,10,19,0,0,0,0,0,0,0,0,1,0
1cvu,B,2230,LEU,3.8,166.7,0.0,0,0,X,0.0,0.0,0.0,0.0,0.0,0.0,0.0,0.0,36,0.050823892960009553,31,15,16,0,0,0,0,0,0,0,0,1,0
1cvu,B,2231,ASN,-3.5,114.1,0.0,2,2,X,0.0,0.0,0.0,0.0,0.0,0.0,0.0,0.0,35,0.04755997322863279,42,21,21,0,0,0,0,0,0,0,0,1,0
1cvu,B,2232,HIS,-3.2,153.2,0.1,2,1,X,0.0,0.0,0.0,0.0,0.0,0.0,0.0,0.0,38,0.05222271570202816,19,16,3,0,0,0,0,0,0,0,0,1,0
1cvu,B,2233,ILE,4.5,166.7,0.0,0,0,X,0.0,0.0,0.0,0.0,0.0,0.0,0.0,0.0,39,0.05035761871267001,42,13,29,0,0,0,0,0,0,0,0,1,0
1cvu,B,2234,TYR,-1.3,193.6,0.0,1,1,X,0.0,0.0,0.0,0.0,0.0,0.0,0.0,0.0,37,0.048958795970651406,50,13,37,0,0,0,0,0,0,0,0,1,0
1cvu,B,2235,GLY,-0.4,60.1,0.0,0,0,X,0.0,0.0,0.0,0.0,0.0,0.0,0.0,0.0,34,0.045228601991935104,43,29,14,0,0,0,0,0,0,0,0,1,0
1cvu,B,2236,GLU,-3.5,138.4,-1.0,1,3,X,0.0,0.0,0.0,0.0,0.0,0.0,0.0,0.0,30,0.03450429430312575,39,17,22,0,0,0,0,0,0,0,0,1,0
1cvu,B,2237,THR,-0.7,116.1,0.0,1,1,X,0.0,0.0,0.0,0.0,0.0,0.0,0.0,0.0,21,0.026577632098353617,31,21,10,0,0,0,0,0,0,0,0,1,0
1cvu,B,2238,LEU,3.8,166.7,0.0,0,0,X,0.0,0.0,0.0,0.0,0.0,0.0,0.0,0.0,22,0.029375277582390842,34,25,9,0,0,0,0,0,0,0,0,1,0
1cvu,B,2239,ASP,-3.5,111.1,-1.0,1,3,X,0.0,0.0,0.0,0.0,0.0,0.0,0.0,0.0,16,0.02797645484037223,31,8,23,0,0,0,0,0,0,0,0,1,0
1cvu,B,2240,ARG,-4.5,173.4,1.0,5,0,X,0.0,0.0,0.0,0.0,0.0,0.0,0.0,0.0,26,0.043829779249916496,24,34,-10,0,0,0,0,0,0,0,0,1,0
1cvu,B,2241,GLN,-3.5,143.8,0.0,2,2,X,0.0,0.0,0.0,0.0,0.0,0.0,0.0,0.0,32,0.048026247475972325,49,25,24,0,0,0,0,0,0,0,0,1,0
1cvu,B,2242,HIS,-3.2,153.2,0.1,2,1,X,0.0,0.0,0.0,0.0,0.0,0.0,0.0,0.0,23,0.03963331102386066,31,19,12,0,0,0,0,0,0,0,0,1,0
1cvu,B,2243,LYS,-3.9,168.6,1.0,2,0,X,0.0,0.0,0.0,0.0,0.0,0.0,0.0,0.0,26,0.04243095650789788,39,21,18,0,0,0,0,0,0,0,0,1,0
1cvu,B,2244,LEU,3.8,166.7,0.0,0,0,X,0.0,0.0,0.0,0.0,0.0,0.0,0.0,0.0,40,0.0526889899493677,57,12,45,0,0,0,0,0,0,0,0,1,0
1cvu,B,2245,ARG,-4.5,173.4,1.0,5,0,X,0.0,0.0,0.0,0.0,0.0,0.0,0.0,0.0,29,0.04989134446533048,46,25,21,0,0,0,0,0,0,0,0,1,0
1cvu,B,2246,LEU,3.8,166.7,0.0,0,0,X,0.0,0.0,0.0,0.0,0.0,0.0,0.0,0.0,23,0.040099585271200194,47,18,29,0,0,0,0,0,0,0,0,1,0
1cvu,B,2247,PHE,2.8,189.9,0.0,0,0,X,0.0,0.0,0.0,0.0,0.0,0.0,0.0,0.0,20,0.03450429430312575,48,22,26,0,0,0,0,0,0,0,0,1,0
1cvu,B,2248,LYS,-3.9,168.6,1.0,2,0,X,0.0,0.0,0.0,0.0,0.0,0.0,0.0,0.0,19,0.032172923066428064,23,19,4,0,0,0,0,0,0,0,0,1,0
1cvu,B,2249,ASP,-3.5,111.1,-1.0,1,3,X,0.0,0.0,0.0,0.0,0.0,0.0,0.0,0.0,28,0.040099585271200194,41,20,21,0,0,0,0,0,0,0,0,1,0
1cvu,B,2250,GLY,-0.4,60.1,0.0,0,0,X,0.0,0.0,0.0,0.0,0.0,0.0,0.0,0.0,32,0.056419183928083996,54,32,22,0,0,0,0,0,0,0,0,1,0
1cvu,B,2251,LYS,-3.9,168.6,1.0,2,0,X,0.0,0.0,0.0,0.0,0.0,0.0,0.0,0.0,31,0.05781800667010261,52,29,23,0,0,0,0,0,0,0,0,1,0
1cvu,B,2252,LEU,3.8,166.7,0.0,0,0,X,0.0,0.0,0.0,0.0,0.0,0.0,0.0,0.0,42,0.04989134446533048,62,13,49,0,0,0,0,0,0,0,0,1,0
1cvu,B,2253,LYS,-3.9,168.6,1.0,2,0,X,0.0,0.0,0.0,0.0,0.0,0.0,0.0,0.0,31,0.04243095650789788,33,8,25,0,0,0,0,0,0,0,0,1,0
1cvu,B,2254,TYR,-1.3,193.6,0.0,1,1,X,0.0,0.0,0.0,0.0,0.0,0.0,0.0,0.0,24,0.040099585271200194,32,7,25,0,0,0,0,0,0,0,0,1,0
1cvu,B,2255,GLN,-3.5,143.8,0.0,2,2,X,0.0,0.0,0.0,0.0,0.0,0.0,0.0,0.0,26,0.03823448828184205,8,15,-7,0,0,0,0,0,0,0,0,1,0
1cvu,B,2256,VAL,4.2,140.0,0.0,0,0,X,0.0,0.0,0.0,0.0,0.0,0.0,0.0,0.0,16,0.032639197313767604,5,9,-4,0,0,0,0,0,0,0,0,1,0
1cvu,B,2257,ILE,4.5,166.7,0.0,0,0,X,0.0,0.0,0.0,0.0,0.0,0.0,0.0,0.0,20,0.029375277582390842,2,10,-8,0,0,0,0,0,0,0,0,1,0
1cvu,B,2258,GLY,-0.4,60.1,0.0,0,0,X,0.0,0.0,0.0,0.0,0.0,0.0,0.0,0.0,12,0.017252147151562876,4,9,-5,0,0,0,0,0,0,0,0,1,0
1cvu,B,2259,GLY,-0.4,60.1,0.0,0,0,X,0.0,0.0,0.0,0.0,0.0,0.0,0.0,0.0,11,0.019117244140921023,10,9,1,0,0,0,0,0,0,0,0,1,0
1cvu,B,2260,GLU,-3.5,138.4,-1.0,1,3,X,0.0,0.0,0.0,0.0,0.0,0.0,0.0,0.0,20,0.030774100324409453,18,0,18,0,0,0,0,0,0,0,0,1,0
1cvu,B,2261,VAL,4.2,140.0,0.0,0,0,X,0.0,0.0,0.0,0.0,0.0,0.0,0.0,0.0,28,0.04289723075523742,16,10,6,0,0,0,0,0,0,0,0,1,0
1cvu,B,2262,TYR,-1.3,193.6,0.0,1,1,X,0.0,0.0,0.0,0.0,0.0,0.0,0.0,0.0,31,0.05408781269138631,11,10,1,0,0,0,0,0,0,0,0,1,0
1cvu,B,2263,PRO,-1.6,112.7,0.0,0,0,X,0.0,0.0,0.0,0.0,0.0,0.0,0.0,0.0,42,0.05175644145468863,15,5,10,0,0,0,0,0,0,0,0,1,0
1cvu,B,2264,PRO,-1.6,112.7,0.0,0,0,X,0.0,0.0,0.0,0.0,0.0,0.0,0.0,0.0,36,0.04942507021799094,22,10,12,0,0,0,0,0,0,0,0,1,0
1cvu,B,2265,THR,-0.7,116.1,0.0,1,1,X,0.0,0.0,0.0,0.0,0.0,0.0,0.0,0.0,27,0.05035761871267001,19,17,2,0,0,0,0,0,0,0,0,1,0
1cvu,B,2266,VAL,4.2,140.0,0.0,0,0,X,0.0,0.0,0.0,0.0,0.0,0.0,0.0,0.0,26,0.04662742473395372,22,23,-1,0,0,0,0,0,0,0,0,1,0
1cvu,B,2267,LYS,-3.9,168.6,1.0,2,0,X,0.0,0.0,0.0,0.0,0.0,0.0,0.0,0.0,16,0.032172923066428064,1,17,-16,0,0,0,0,0,0,0,0,1,0
1cvu,B,2268,ASP,-3.5,111.1,-1.0,1,3,X,0.0,0.0,0.0,0.0,0.0,0.0,0.0,0.0,21,0.028909003335051305,30,6,24,0,0,0,0,0,0,0,0,1,0
1cvu,B,2269,THR,-0.7,116.1,0.0,1,1,X,0.0,0.0,0.0,0.0,0.0,0.0,0.0,0.0,25,0.04149840801321881,47,15,32,0,0,0,0,0,0,0,0,1,0
1cvu,B,2270,GLN,-3.5,143.8,0.0,2,2,X,0.0,0.0,0.0,0.0,0.0,0.0,0.0,0.0,16,0.030774100324409453,25,17,8,0,0,0,0,0,0,0,0,1,0
1cvu,B,2271,VAL,4.2,140.0,0.0,0,0,X,0.0,0.0,0.0,0.0,0.0,0.0,0.0,0.0,29,0.040099585271200194,33,29,4,0,0,0,0,0,0,0,0,1,0
1cvu,B,2272,GLU,-3.5,138.4,-1.0,1,3,X,0.0,0.0,0.0,0.0,0.0,0.0,0.0,0.0,15,0.027510180593032695,16,12,4,0,0,0,0,0,0,0,0,1,0
1cvu,B,2273,MET,1.9,162.9,0.0,0,0,X,0.0,0.0,0.0,0.0,0.0,0.0,0.0,0.0,27,0.035436842797804825,13,18,-5,0,0,0,0,0,0,0,0,1,0
1cvu,B,2274,ILE,4.5,166.7,0.0,0,0,X,0.0,0.0,0.0,0.0,0.0,0.0,0.0,0.0,17,0.026577632098353617,4,16,-12,0,0,0,0,0,0,0,0,1,0
1cvu,B,2275,TYR,-1.3,193.6,0.0,1,1,X,0.0,0.0,0.0,0.0,0.0,0.0,0.0,0.0,32,0.03730193978716297,12,13,-1,0,0,0,0,0,0,0,0,1,0
1cvu,B,2276,PRO,-1.6,112.7,0.0,0,0,X,0.0,0.0,0.0,0.0,0.0,0.0,0.0,0.0,16,0.02797645484037223,10,0,10,0,0,0,0,0,0,0,0,1,0
1cvu,B,2277,PRO,-1.6,112.7,0.0,0,0,X,0.0,0.0,0.0,0.0,0.0,0.0,0.0,0.0,9,0.021914889624958248,10,2,8,0,0,0,0,0,0,0,0,1,0
1cvu,B,2278,HIS,-3.2,153.2,0.1,2,1,X,0.0,0.0,0.0,0.0,0.0,0.0,0.0,0.0,13,0.021914889624958248,0,2,-2,0,0,0,0,0,0,0,0,1,0
1cvu,B,2279,ILE,4.5,166.7,0.0,0,0,X,0.0,0.0,0.0,0.0,0.0,0.0,0.0,0.0,18,0.0363693912924839,10,6,4,0,0,0,0,0,0,0,0,1,0
1cvu,B,2280,PRO,-1.6,112.7,0.0,0,0,X,0.0,0.0,0.0,0.0,0.0,0.0,0.0,0.0,19,0.026577632098353617,10,9,1,0,0,0,0,0,0,0,0,1,0
1cvu,B,2281,GLU,-3.5,138.4,-1.0,1,3,X,0.0,0.0,0.0,0.0,0.0,0.0,0.0,0.0,17,0.032172923066428064,11,6,5,0,0,0,0,0,0,0,0,1,0
1cvu,B,2282,ASN,-3.5,114.1,0.0,2,2,X,0.0,0.0,0.0,0.0,0.0,0.0,0.0,0.0,22,0.03590311704514436,7,14,-7,0,0,0,0,0,0,0,0,1,0
1cvu,B,2283,LEU,3.8,166.7,0.0,0,0,X,0.0,0.0,0.0,0.0,0.0,0.0,0.0,0.0,28,0.04616115048661418,5,8,-3,0,0,0,0,0,0,0,0,1,0
1cvu,B,2284,GLN,-3.5,143.8,0.0,2,2,X,0.0,0.0,0.0,0.0,0.0,0.0,0.0,0.0,30,0.048492521723311866,13,13,0,0,0,0,0,0,0,0,0,1,0
1cvu,B,2285,PHE,2.8,189.9,0.0,0,0,X,0.0,0.0,0.0,0.0,0.0,0.0,0.0,0.0,44,0.05035761871267001,2,7,-5,0,0,0,0,0,0,0,0,1,0
1cvu,B,2286,ALA,1.8,88.6,0.0,0,0,X,0.0,0.0,0.0,0.0,0.0,0.0,0.0,0.0,44,0.05175644145468863,32,18,14,0,0,0,0,0,0,0,0,1,0
1cvu,B,2287,VAL,4.2,140.0,0.0,0,0,X,0.0,0.0,0.0,0.0,0.0,0.0,0.0,0.0,43,0.048492521723311866,26,13,13,0,0,0,0,0,0,0,0,1,0
1cvu,B,2288,GLY,-0.4,60.1,0.0,0,0,X,0.0,0.0,0.0,0.0,0.0,0.0,0.0,0.0,39,0.045694876239274644,34,21,13,0,0,0,0,0,0,0,0,1,0
1cvu,B,2289,GLN,-3.5,143.8,0.0,2,2,X,0.0,0.0,0.0,0.0,0.0,0.0,0.0,0.0,34,0.04709369898129325,42,16,26,0,0,0,0,0,0,0,0,1,0
1cvu,B,2290,GLU,-3.5,138.4,-1.0,1,3,X,0.0,0.0,0.0,0.0,0.0,0.0,0.0,0.0,25,0.03730193978716297,25,13,12,0,0,0,0,0,0,0,0,1,0
1cvu,B,2291,VAL,4.2,140.0,0.0,0,0,X,0.0,0.0,0.0,0.0,0.0,0.0,0.0,0.0,28,0.030774100324409453,23,9,14,0,0,0,0,0,0,0,0,1,0
1cvu,B,2292,PHE,2.8,189.9,0.0,0,0,X,0.0,0.0,0.0,0.0,0.0,0.0,0.0,0.0,35,0.04616115048661418,23,9,14,0,0,0,0,0,0,0,0,1,0
1cvu,B,2293,GLY,-0.4,60.1,0.0,0,0,X,0.0,0.0,0.0,0.0,0.0,0.0,0.0,0.0,36,0.05129016720734909,2,7,-5,0,0,0,0,0,0,0,0,1,0
1cvu,B,2294,LEU,3.8,166.7,0.0,0,0,X,0.0,0.0,0.0,0.0,0.0,0.0,0.0,0.0,30,0.04662742473395372,1,5,-4,0,0,0,0,0,0,0,0,1,0
1cvu,B,2295,VAL,4.2,140.0,0.0,0,0,X,0.0,0.0,0.0,0.0,0.0,0.0,0.0,0.0,34,0.04662742473395372,6,2,4,0,0,0,0,0,0,0,0,1,0
1cvu,B,2296,PRO,-1.6,112.7,0.0,0,0,X,0.0,0.0,0.0,0.0,0.0,0.0,0.0,0.0,37,0.05781800667010261,3,1,2,0,0,0,0,0,0,0,0,1,0
1cvu,B,2297,GLY,-0.4,60.1,0.0,0,0,X,0.0,0.0,0.0,0.0,0.0,0.0,0.0,0.0,36,0.045228601991935104,9,0,9,0,0,0,0,0,0,0,0,1,0
1cvu,B,2298,LEU,3.8,166.7,0.0,0,0,X,0.0,0.0,0.0,0.0,0.0,0.0,0.0,0.0,37,0.05175644145468863,16,1,15,0,0,0,0,0,0,0,0,1,0
1cvu,B,2299,MET,1.9,162.9,0.0,0,0,X,0.0,0.0,0.0,0.0,0.0,0.0,0.0,0.0,42,0.05129016720734909,8,2,6,0,0,0,0,0,0,0,0,1,0
1cvu,B,2300,MET,1.9,162.9,0.0,0,0,X,0.0,0.0,0.0,0.0,0.0,0.0,0.0,0.0,41,0.048026247475972325,12,1,11,0,0,0,0,0,0,0,0,1,0
1cvu,B,2301,TYR,-1.3,193.6,0.0,1,1,X,0.0,0.0,0.0,0.0,0.0,0.0,0.0,0.0,37,0.04662742473395372,14,0,14,0,0,0,0,0,0,0,0,1,0
1cvu,B,2302,ALA,1.8,88.6,0.0,0,0,X,0.0,0.0,0.0,0.0,0.0,0.0,0.0,0.0,38,0.053155264196707235,32,3,29,0,0,0,0,0,0,0,0,1,0
1cvu,B,2303,THR,-0.7,116.1,0.0,1,1,X,0.0,0.0,0.0,0.0,0.0,0.0,0.0,0.0,38,0.048026247475972325,19,11,8,0,0,0,0,0,0,0,0,1,0
1cvu,B,2304,ILE,4.5,166.7,0.0,0,0,X,0.0,0.0,0.0,0.0,0.0,0.0,0.0,0.0,39,0.0526889899493677,23,10,13,0,0,0,0,0,0,0,0,1,0
1cvu,B,2305,TRP,-0.9,227.8,0.0,1,0,X,0.0,0.0,0.0,0.0,0.0,0.0,0.0,0.0,41,0.048026247475972325,39,18,21,0,0,0,0,0,0,0,0,1,0
1cvu,B,2306,LEU,3.8,166.7,0.0,0,0,X,0.0,0.0,0.0,0.0,0.0,0.0,0.0,0.0,37,0.050823892960009553,42,8,34,0,0,0,0,0,0,0,0,1,0
1cvu,B,2307,ARG,-4.5,173.4,1.0,5,0,X,0.0,0.0,0.0,0.0,0.0,0.0,0.0,0.0,33,0.04616115048661418,18,19,-1,0,0,0,0,0,0,0,0,1,0
1cvu,B,2308,GLU,-3.5,138.4,-1.0,1,3,X,0.0,0.0,0.0,0.0,0.0,0.0,0.0,0.0,36,0.050823892960009553,31,14,17,0,0,0,0,0,0,0,0,1,0
1cvu,B,2309,HIS,-3.2,153.2,0.1,2,1,X,0.0,0.0,0.0,0.0,0.0,0.0,0.0,0.0,43,0.053621538444046775,43,25,18,0,0,0,0,0,0,0,0,1,0
1cvu,B,2310,GLN,-3.5,143.8,0.0,2,2,X,0.0,0.0,0.0,0.0,0.0,0.0,0.0,0.0,34,0.04755997322863279,50,26,24,0,0,0,0,0,0,0,0,1,0
1cvu,B,2311,ARG,-4.5,173.4,1.0,5,0,X,0.0,0.0,0.0,0.0,0.0,0.0,0.0,0.0,27,0.04149840801321881,20,22,-2,0,0,0,0,0,0,0,0,1,0
1cvu,B,2312,VAL,4.2,140.0,0.0,0,0,X,0.0,0.0,0.0,0.0,0.0,0.0,0.0,0.0,38,0.04755997322863279,41,28,13,0,0,0,0,0,0,0,0,1,0
1cvu,B,2313,CYS,2.5,108.5,0.0,1,0,X,0.0,0.0,0.0,0.0,0.0,0.0,0.0,0.0,37,0.05408781269138631,53,38,15,0,0,0,0,0,0,0,0,1,0
1cvu,B,2314,ASP,-3.5,111.1,-1.0,1,3,X,0.0,0.0,0.0,0.0,0.0,0.0,0.0,0.0,20,0.03776821403450251,41,15,26,0,0,0,0,0,0,0,0,1,0
1cvu,B,2315,ILE,4.5,166.7,0.0,0,0,X,0.0,0.0,0.0,0.0,0.0,0.0,0.0,0.0,28,0.03776821403450251,31,25,6,0,0,0,0,0,0,0,0,1,0
1cvu,B,2316,LEU,3.8,166.7,0.0,0,0,X,0.0,0.0,0.0,0.0,0.0,0.0,0.0,0.0,39,0.05222271570202816,29,31,-2,0,0,0,0,0,0,0,0,1,0
1cvu,B,2317,LYS,-3.9,168.6,1.0,2,0,X,0.0,0.0,0.0,0.0,0.0,0.0,0.0,0.0,24,0.04709369898129325,23,39,-16,0,0,0,0,0,0,0,0,1,0
1cvu,B,2318,GLN,-3.5,143.8,0.0,2,2,X,0.0,0.0,0.0,0.0,0.0,0.0,0.0,0.0,14,0.030307826077069916,21,19,2,0,0,0,0,0,0,0,0,1,0
1cvu,B,2319,GLU,-3.5,138.4,-1.0,1,3,X,0.0,0.0,0.0,0.0,0.0,0.0,0.0,0.0,24,0.03776821403450251,17,17,0,0,0,0,0,0,0,0,0,1,0
1cvu,B,2320,HIS,-3.2,153.2,0.1,2,1,X,0.0,0.0,0.0,0.0,0.0,0.0,0.0,0.0,30,0.045228601991935104,9,21,-12,0,0,0,0,0,0,0,0,1,0
1cvu,B,2321,PRO,-1.6,112.7,0.0,0,0,X,0.0,0.0,0.0,0.0,0.0,0.0,0.0,0.0,19,0.034970568550465285,19,22,-3,0,0,0,0,0,0,0,0,1,0
1cvu,B,2322,GLU,-3.5,138.4,-1.0,1,3,X,0.0,0.0,0.0,0.0,0.0,0.0,0.0,0.0,25,0.034970568550465285,19,17,2,0,0,0,0,0,0,0,0,1,0
1cvu,B,2323,TRP,-0.9,227.8,0.0,1,0,X,0.0,0.0,0.0,0.0,0.0,0.0,0.0,0.0,34,0.03916703677652112,19,28,-9,0,0,0,0,0,0,0,0,1,0
1cvu,B,2324,GLY,-0.4,60.1,0.0,0,0,X,0.0,0.0,0.0,0.0,0.0,0.0,0.0,0.0,24,0.030307826077069916,28,34,-6,0,0,0,0,0,0,0,0,1,0
1cvu,B,2325,ASP,-3.5,111.1,-1.0,1,3,X,0.0,0.0,0.0,0.0,0.0,0.0,0.0,0.0,24,0.03916703677652112,37,17,20,0,0,0,0,0,0,0,0,1,0
1cvu,B,2326,GLU,-3.5,138.4,-1.0,1,3,X,0.0,0.0,0.0,0.0,0.0,0.0,0.0,0.0,30,0.04103213376587927,28,19,9,0,0,0,0,0,0,0,0,1,0
1cvu,B,2327,GLN,-3.5,143.8,0.0,2,2,X,0.0,0.0,0.0,0.0,0.0,0.0,0.0,0.0,33,0.045694876239274644,22,28,-6,0,0,0,0,0,0,0,0,1,0
1cvu,B,2328,LEU,3.8,166.7,0.0,0,0,X,0.0,0.0,0.0,0.0,0.0,0.0,0.0,0.0,36,0.05595290968074446,50,40,10,0,0,0,0,0,0,0,0,1,0
1cvu,B,2329,PHE,2.8,189.9,0.0,0,0,X,0.0,0.0,0.0,0.0,0.0,0.0,0.0,0.0,39,0.056419183928083996,48,27,21,0,0,0,0,0,0,0,0,1,0
1cvu,B,2330,GLN,-3.5,143.8,0.0,2,2,X,0.0,0.0,0.0,0.0,0.0,0.0,0.0,0.0,38,0.05548663543340492,29,27,2,0,0,0,0,0,0,0,0,1,0
1cvu,B,2331,THR,-0.7,116.1,0.0,1,1,X,0.0,0.0,0.0,0.0,0.0,0.0,0.0,0.0,42,0.05222271570202816,29,12,17,0,0,0,0,0,0,0,0,1,0
1cvu,B,2332,SER,-0.8,89.0,0.0,1,1,X,0.0,0.0,0.0,0.0,0.0,0.0,0.0,0.0,46,0.05502036118606539,34,25,9,0,0,0,0,0,0,0,0,1,0
1cvu,B,2333,LYS,-3.9,168.6,1.0,2,0,X,0.0,0.0,0.0,0.0,0.0,0.0,0.0,0.0,42,0.053155264196707235,20,17,3,0,0,0,0,0,0,0,0,1,0
1cvu,B,2334,LEU,3.8,166.7,0.0,0,0,X,0.0,0.0,0.0,0.0,0.0,0.0,0.0,0.0,44,0.05035761871267001,20,12,8,0,0,0,0,0,0,0,0,1,0
1cvu,B,2335,ILE,4.5,166.7,0.0,0,0,X,0.0,0.0,0.0,0.0,0.0,0.0,0.0,0.0,45,0.0526889899493677,29,18,11,0,0,0,0,0,0,0,0,1,0
1cvu,B,2336,LEU,3.8,166.7,0.0,0,0,X,0.0,0.0,0.0,0.0,0.0,0.0,0.0,0.0,43,0.05222271570202816,33,22,11,0,0,0,0,0,0,0,0,1,0
1cvu,B,2337,ILE,4.5,166.7,0.0,0,0,X,0.0,0.0,0.0,0.0,0.0,0.0,0.0,0.0,39,0.053155264196707235,16,17,-1,0,0,0,0,0,0,0,0,1,0
1cvu,B,2338,GLY,-0.4,60.1,0.0,0,0,X,0.0,0.0,0.0,0.0,0.0,0.0,0.0,0.0,39,0.053155264196707235,17,14,3,0,0,0,0,0,0,0,0,1,0
1cvu,B,2339,GLU,-3.5,138.4,-1.0,1,3,X,0.0,0.0,0.0,0.0,0.0,0.0,0.0,0.0,42,0.05129016720734909,24,10,14,0,0,0,0,0,0,0,0,1,0
1cvu,B,2340,THR,-0.7,116.1,0.0,1,1,X,0.0,0.0,0.0,0.0,0.0,0.0,0.0,0.0,43,0.048958795970651406,19,20,-1,0,0,0,0,0,0,0,0,1,0
1cvu,B,2341,ILE,4.5,166.7,0.0,0,0,X,0.0,0.0,0.0,0.0,0.0,0.0,0.0,0.0,42,0.048026247475972325,13,19,-6,0,0,0,0,0,0,0,0,1,0
1cvu,B,2342,LYS,-3.9,168.6,1.0,2,0,X,0.0,0.0,0.0,0.0,0.0,0.0,0.0,0.0,38,0.0526889899493677,13,30,-17,0,0,0,0,0,0,0,0,1,0
1cvu,B,2343,ILE,4.5,166.7,0.0,0,0,X,0.0,0.0,0.0,0.0,0.0,0.0,0.0,0.0,35,0.05175644145468863,10,26,-16,0,0,0,0,0,0,0,0,1,0
1cvu,B,2344,VAL,4.2,140.0,0.0,0,0,X,0.0,0.0,0.0,0.0,0.0,0.0,0.0,0.0,38,0.048026247475972325,13,22,-9,0,0,0,0,0,0,0,0,1,0
1cvu,B,2345,ILE,4.5,166.7,0.0,0,0,X,0.0,0.0,0.0,0.0,0.0,0.0,0.0,0.0,34,0.048492521723311866,23,23,0,0,0,0,0,0,0,0,0,1,1
1cvu,B,2346,GLU,-3.5,138.4,-1.0,1,3,X,0.0,0.0,0.0,0.0,0.0,0.0,0.0,0.0,28,0.04755997322863279,35,13,22,0,0,0,0,0,0,0,0,1,0
1cvu,B,2347,ASP,-3.5,111.1,-1.0,1,3,X,0.0,0.0,0.0,0.0,0.0,0.0,0.0,0.0,32,0.04662742473395372,26,11,15,0,0,0,0,0,0,0,0,1,0
1cvu,B,2348,TYR,-1.3,193.6,0.0,1,1,X,0.0,0.0,0.0,0.0,0.0,0.0,0.0,0.0,37,0.050823892960009553,12,13,-1,0,0,0,0,0,0,0,0,1,1
1cvu,B,2349,VAL,4.2,140.0,0.0,0,0,X,0.0,0.0,0.0,0.0,0.0,0.0,0.0,0.0,35,0.04103213376587927,18,15,3,0,0,0,0,0,0,0,0,1,1
1cvu,B,2350,GLN,-3.5,143.8,0.0,2,2,X,0.0,0.0,0.0,0.0,0.0,0.0,0.0,0.0,28,0.04616115048661418,34,17,17,0,0,0,0,0,0,0,0,1,0
1cvu,B,2351,HIS,-3.2,153.2,0.1,2,1,X,0.0,0.0,0.0,0.0,0.0,0.0,0.0,0.0,34,0.04429605349725603,0,16,-16,0,0,0,0,0,0,0,0,1,0
1cvu,B,2352,LEU,3.8,166.7,0.0,0,0,X,0.0,0.0,0.0,0.0,0.0,0.0,0.0,0.0,32,0.04196468226055834,12,11,1,0,0,0,0,0,0,0,0,1,0
1cvu,B,2353,SER,-0.8,89.0,0.0,1,1,X,0.0,0.0,0.0,0.0,0.0,0.0,0.0,0.0,30,0.03683566553982344,40,6,34,0,0,0,0,0,0,0,0,1,1
1cvu,B,2354,GLY,-0.4,60.1,0.0,0,0,X,0.0,0.0,0.0,0.0,0.0,0.0,0.0,0.0,30,0.03916703677652112,43,5,38,0,0,0,0,0,0,0,0,1,0
1cvu,B,2355,TYR,-1.3,193.6,0.0,1,1,X,0.0,0.0,0.0,0.0,0.0,0.0,0.0,0.0,32,0.04616115048661418,43,1,42,0,0,0,0,0,0,0,0,1,1
1cvu,B,2356,HIS,-3.2,153.2,0.1,2,1,X,0.0,0.0,0.0,0.0,0.0,0.0,0.0,0.0,23,0.045694876239274644,30,0,30,0,0,0,0,0,0,0,0,1,0
1cvu,B,2357,PHE,2.8,189.9,0.0,0,0,X,0.0,0.0,0.0,0.0,0.0,0.0,0.0,0.0,34,0.048492521723311866,39,2,37,0,0,0,0,0,0,0,0,1,0
1cvu,B,2358,LYS,-3.9,168.6,1.0,2,0,X,0.0,0.0,0.0,0.0,0.0,0.0,0.0,0.0,27,0.04289723075523742,29,12,17,0,0,0,0,0,0,0,0,1,0
1cvu,B,2359,LEU,3.8,166.7,0.0,0,0,X,0.0,0.0,0.0,0.0,0.0,0.0,0.0,0.0,33,0.04616115048661418,42,18,24,0,0,0,0,0,0,0,0,1,0
1cvu,B,2360,LYS,-3.9,168.6,1.0,2,0,X,0.0,0.0,0.0,0.0,0.0,0.0,0.0,0.0,31,0.04243095650789788,33,23,10,0,0,0,0,0,0,0,0,1,0
1cvu,B,2361,PHE,2.8,189.9,0.0,0,0,X,0.0,0.0,0.0,0.0,0.0,0.0,0.0,0.0,33,0.04289723075523742,21,26,-5,0,0,0,0,0,0,0,0,1,0
1cvu,B,2362,ASP,-3.5,111.1,-1.0,1,3,X,0.0,0.0,0.0,0.0,0.0,0.0,0.0,0.0,28,0.040099585271200194,28,13,15,0,0,0,0,0,0,0,0,1,0
1cvu,B,2363,PRO,-1.6,112.7,0.0,0,0,X,0.0,0.0,0.0,0.0,0.0,0.0,0.0,0.0,34,0.048492521723311866,15,18,-3,0,0,0,0,0,0,0,0,1,0
1cvu,B,2364,GLU,-3.5,138.4,-1.0,1,3,X,0.0,0.0,0.0,0.0,0.0,0.0,0.0,0.0,24,0.03823448828184205,17,8,9,0,0,0,0,0,0,0,0,1,0
1cvu,B,2365,LEU,3.8,166.7,0.0,0,0,X,0.0,0.0,0.0,0.0,0.0,0.0,0.0,0.0,28,0.043363505002576956,21,17,4,0,0,0,0,0,0,0,0,1,0
1cvu,B,2366,LEU,3.8,166.7,0.0,0,0,X,0.0,0.0,0.0,0.0,0.0,0.0,0.0,0.0,31,0.04755997322863279,10,16,-6,0,0,0,0,0,0,0,0,1,0
1cvu,B,2367,PHE,2.8,189.9,0.0,0,0,X,0.0,0.0,0.0,0.0,0.0,0.0,0.0,0.0,23,0.03870076252918159,12,16,-4,0,0,0,0,0,0,0,0,1,0
1cvu,B,2368,ASN,-3.5,114.1,0.0,2,2,X,0.0,0.0,0.0,0.0,0.0,0.0,0.0,0.0,14,0.025178809356335007,8,8,0,0,0,0,0,0,0,0,0,1,0
1cvu,B,2369,GLN,-3.5,143.8,0.0,2,2,X,0.0,0.0,0.0,0.0,0.0,0.0,0.0,0.0,21,0.032172923066428064,9,4,5,0,0,0,0,0,0,0,0,1,0
1cvu,B,2370,GLN,-3.5,143.8,0.0,2,2,X,0.0,0.0,0.0,0.0,0.0,0.0,0.0,0.0,20,0.03403802005578621,0,0,0,0,0,0,0,0,0,0,0,1,0
1cvu,B,2371,PHE,2.8,189.9,0.0,0,0,X,0.0,0.0,0.0,0.0,0.0,0.0,0.0,0.0,35,0.03730193978716297,11,0,11,0,0,0,0,0,0,0,0,1,0
1cvu,B,2372,GLN,-3.5,143.8,0.0,2,2,X,0.0,0.0,0.0,0.0,0.0,0.0,0.0,0.0,30,0.043363505002576956,9,4,5,0,0,0,0,0,0,0,0,1,0
1cvu,B,2373,TYR,-1.3,193.6,0.0,1,1,X,0.0,0.0,0.0,0.0,0.0,0.0,0.0,0.0,34,0.04709369898129325,9,0,9,0,0,0,0,0,0,0,0,1,0
1cvu,B,2374,GLN,-3.5,143.8,0.0,2,2,X,0.0,0.0,0.0,0.0,0.0,0.0,0.0,0.0,33,0.04243095650789788,26,4,22,0,0,0,0,0,0,0,0,1,0
1cvu,B,2375,ASN,-3.5,114.1,0.0,2,2,X,0.0,0.0,0.0,0.0,0.0,0.0,0.0,0.0,36,0.04289723075523742,30,4,26,0,0,0,0,0,0,0,0,1,0
1cvu,B,2376,ARG,-4.5,173.4,1.0,5,0,X,0.0,0.0,0.0,0.0,0.0,0.0,0.0,0.0,33,0.040099585271200194,21,6,15,0,0,0,0,0,0,0,0,1,0
1cvu,B,2377,ILE,4.5,166.7,0.0,0,0,X,0.0,0.0,0.0,0.0,0.0,0.0,0.0,0.0,41,0.05175644145468863,39,8,31,0,0,0,0,0,0,0,0,1,0
1cvu,B,2378,ALA,1.8,88.6,0.0,0,0,X,0.0,0.0,0.0,0.0,0.0,0.0,0.0,0.0,41,0.04755997322863279,28,11,17,0,0,0,0,0,0,0,0,1,0
1cvu,B,2379,SER,-0.8,89.0,0.0,1,1,X,0.0,0.0,0.0,0.0,0.0,0.0,0.0,0.0,36,0.05129016720734909,21,9,12,0,0,0,0,0,0,0,0,1,0
1cvu,B,2380,GLU,-3.5,138.4,-1.0,1,3,X,0.0,0.0,0.0,0.0,0.0,0.0,0.0,0.0,39,0.05222271570202816,23,0,23,0,0,0,0,0,0,0,0,1,0
1cvu,B,2381,PHE,2.8,189.9,0.0,0,0,X,0.0,0.0,0.0,0.0,0.0,0.0,0.0,0.0,37,0.04942507021799094,12,11,1,0,0,0,0,0,0,0,0,1,1
1cvu,B,2382,ASN,-3.5,114.1,0.0,2,2,X,0.0,0.0,0.0,0.0,0.0,0.0,0.0,0.0,33,0.04989134446533048,19,8,11,0,0,0,0,0,0,0,0,1,1
1cvu,B,2383,THR,-0.7,116.1,0.0,1,1,X,0.0,0.0,0.0,0.0,0.0,0.0,0.0,0.0,36,0.048492521723311866,16,10,6,0,0,0,0,0,0,0,0,1,0
1cvu,B,2384,LEU,3.8,166.7,0.0,0,0,X,0.0,0.0,0.0,0.0,0.0,0.0,0.0,0.0,36,0.053155264196707235,11,12,-1,0,0,0,0,0,0,0,0,1,0
1cvu,B,2385,TYR,-1.3,193.6,0.0,1,1,X,0.0,0.0,0.0,0.0,0.0,0.0,0.0,0.0,36,0.045228601991935104,18,3,15,0,0,0,0,0,0,0,0,1,1
1cvu,B,2386,HIS,-3.2,153.2,0.1,2,1,X,0.0,0.0,0.0,0.0,0.0,0.0,0.0,0.0,36,0.04243095650789788,12,3,9,0,0,0,0,0,0,0,0,1,1
1cvu,B,2387,TRP,-0.9,227.8,0.0,1,0,X,0.0,0.0,0.0,0.0,0.0,0.0,0.0,0.0,33,0.043363505002576956,24,0,24,0,0,0,0,0,0,0,0,1,1
1cvu,B,2388,HIS,-3.2,153.2,0.1,2,1,X,0.0,0.0,0.0,0.0,0.0,0.0,0.0,0.0,34,0.043363505002576956,17,0,17,0,0,0,0,0,0,0,0,1,0
1cvu,B,2389,PRO,-1.6,112.7,0.0,0,0,X,0.0,0.0,0.0,0.0,0.0,0.0,0.0,0.0,43,0.048958795970651406,37,7,30,0,0,0,0,0,0,0,0,1,0
1cvu,B,2390,LEU,3.8,166.7,0.0,0,0,X,0.0,0.0,0.0,0.0,0.0,0.0,0.0,0.0,45,0.04989134446533048,26,9,17,0,0,0,0,0,0,0,0,1,1
1cvu,B,2391,LEU,3.8,166.7,0.0,0,0,X,0.0,0.0,0.0,0.0,0.0,0.0,0.0,0.0,34,0.048026247475972325,23,8,15,0,0,0,0,0,0,0,0,1,1
1cvu,B,2392,PRO,-1.6,112.7,0.0,0,0,X,0.0,0.0,0.0,0.0,0.0,0.0,0.0,0.0,35,0.045694876239274644,12,9,3,0,0,0,0,0,0,0,0,1,0
1cvu,B,2393,ASP,-3.5,111.1,-1.0,1,3,X,0.0,0.0,0.0,0.0,0.0,0.0,0.0,0.0,28,0.03590311704514436,16,10,6,0,0,0,0,0,0,0,0,1,0
1cvu,B,2394,THR,-0.7,116.1,0.0,1,1,X,0.0,0.0,0.0,0.0,0.0,0.0,0.0,0.0,23,0.03963331102386066,5,17,-12,0,0,0,0,0,0,0,0,1,0
1cvu,B,2395,PHE,2.8,189.9,0.0,0,0,X,0.0,0.0,0.0,0.0,0.0,0.0,0.0,0.0,33,0.045228601991935104,4,18,-14,0,0,0,0,0,0,0,0,1,0
1cvu,B,2396,ASN,-3.5,114.1,0.0,2,2,X,0.0,0.0,0.0,0.0,0.0,0.0,0.0,0.0,26,0.043363505002576956,15,29,-14,0,0,0,0,0,0,0,0,1,0
1cvu,B,2397,ILE,4.5,166.7,0.0,0,0,X,0.0,0.0,0.0,0.0,0.0,0.0,0.0,0.0,33,0.05175644145468863,18,39,-21,0,0,0,0,0,0,0,0,1,0
1cvu,B,2398,GLU,-3.5,138.4,-1.0,1,3,X,0.0,0.0,0.0,0.0,0.0,0.0,0.0,0.0,19,0.034970568550465285,17,28,-11,0,0,0,0,0,0,0,0,1,0
1cvu,B,2399,ASP,-3.5,111.1,-1.0,1,3,X,0.0,0.0,0.0,0.0,0.0,0.0,0.0,0.0,12,0.022847438119637322,9,18,-9,0,0,0,0,0,0,0,0,1,0
1cvu,B,2400,GLN,-3.5,143.8,0.0,2,2,X,0.0,0.0,0.0,0.0,0.0,0.0,0.0,0.0,17,0.03170664881908853,8,32,-24,0,0,0,0,0,0,0,0,1,0
1cvu,B,2401,GLU,-3.5,138.4,-1.0,1,3,X,0.0,0.0,0.0,0.0,0.0,0.0,0.0,0.0,16,0.03683566553982344,1,15,-14,0,0,0,0,0,0,0,0,1,0
1cvu,B,2402,TYR,-1.3,193.6,0.0,1,1,X,0.0,0.0,0.0,0.0,0.0,0.0,0.0,0.0,26,0.04429605349725603,11,24,-13,0,0,0,0,0,0,0,0,1,0
1cvu,B,2403,SER,-0.8,89.0,0.0,1,1,X,0.0,0.0,0.0,0.0,0.0,0.0,0.0,0.0,16,0.03963331102386066,9,15,-6,0,0,0,0,0,0,0,0,1,0
1cvu,B,2404,PHE,2.8,189.9,0.0,0,0,X,0.0,0.0,0.0,0.0,0.0,0.0,0.0,0.0,23,0.03683566553982344,9,9,0,0,0,0,0,0,0,0,0,1,0
1cvu,B,2405,LYS,-3.9,168.6,1.0,2,0,X,0.0,0.0,0.0,0.0,0.0,0.0,0.0,0.0,11,0.025645083603674543,0,0,0,0,0,0,0,0,0,0,0,1,0
1cvu,B,2406,GLN,-3.5,143.8,0.0,2,2,X,0.0,0.0,0.0,0.0,0.0,0.0,0.0,0.0,18,0.034970568550465285,9,8,1,0,0,0,0,0,0,0,0,1,0
1cvu,B,2407,PHE,2.8,189.9,0.0,0,0,X,0.0,0.0,0.0,0.0,0.0,0.0,0.0,0.0,33,0.048958795970651406,8,7,1,0,0,0,0,0,0,0,0,1,0
1cvu,B,2408,LEU,3.8,166.7,0.0,0,0,X,0.0,0.0,0.0,0.0,0.0,0.0,0.0,0.0,24,0.040565859518539735,8,0,8,0,0,0,0,0,0,0,0,1,0
1cvu,B,2409,TYR,-1.3,193.6,0.0,1,1,X,0.0,0.0,0.0,0.0,0.0,0.0,0.0,0.0,22,0.03963331102386066,13,1,12,0,0,0,0,0,0,0,0,1,0
1cvu,B,2410,ASN,-3.5,114.1,0.0,2,2,X,0.0,0.0,0.0,0.0,0.0,0.0,0.0,0.0,30,0.040099585271200194,11,6,5,0,0,0,0,0,0,0,0,1,0
1cvu,B,2411,ASN,-3.5,114.1,0.0,2,2,X,0.0,0.0,0.0,0.0,0.0,0.0,0.0,0.0,35,0.04709369898129325,2,6,-4,0,0,0,0,0,0,0,0,1,0
1cvu,B,2412,SER,-0.8,89.0,0.0,1,1,X,0.0,0.0,0.0,0.0,0.0,0.0,0.0,0.0,27,0.03357174580844668,9,9,0,0,0,0,0,0,0,0,0,1,0
1cvu,B,2413,ILE,4.5,166.7,0.0,0,0,X,0.0,0.0,0.0,0.0,0.0,0.0,0.0,0.0,33,0.043829779249916496,10,14,-4,0,0,0,0,0,0,0,0,1,0
1cvu,B,2414,LEU,3.8,166.7,0.0,0,0,X,0.0,0.0,0.0,0.0,0.0,0.0,0.0,0.0,35,0.05175644145468863,13,12,1,0,0,0,0,0,0,0,0,1,0
1cvu,B,2415,LEU,3.8,166.7,0.0,0,0,X,0.0,0.0,0.0,0.0,0.0,0.0,0.0,0.0,28,0.0363693912924839,10,18,-8,0,0,0,0,0,0,0,0,1,0
1cvu,B,2416,GLU,-3.5,138.4,-1.0,1,3,X,0.0,0.0,0.0,0.0,0.0,0.0,0.0,0.0,18,0.028909003335051305,10,6,4,0,0,0,0,0,0,0,0,1,0
1cvu,B,2417,HIS,-3.2,153.2,0.1,2,1,X,0.0,0.0,0.0,0.0,0.0,0.0,0.0,0.0,29,0.040565859518539735,1,28,-27,0,0,0,0,0,0,0,0,1,0
1cvu,B,2418,GLY,-0.4,60.1,0.0,0,0,X,0.0,0.0,0.0,0.0,0.0,0.0,0.0,0.0,31,0.040099585271200194,21,30,-9,0,0,0,0,0,0,0,0,1,0
1cvu,B,2419,LEU,3.8,166.7,0.0,0,0,X,0.0,0.0,0.0,0.0,0.0,0.0,0.0,0.0,38,0.04755997322863279,21,20,1,0,0,0,0,0,0,0,0,1,0
1cvu,B,2420,THR,-0.7,116.1,0.0,1,1,X,0.0,0.0,0.0,0.0,0.0,0.0,0.0,0.0,31,0.04196468226055834,23,19,4,0,0,0,0,0,0,0,0,1,0
1cvu,B,2421,GLN,-3.5,143.8,0.0,2,2,X,0.0,0.0,0.0,0.0,0.0,0.0,0.0,0.0,26,0.04289723075523742,18,30,-12,0,0,0,0,0,0,0,0,1,0
1cvu,B,2422,PHE,2.8,189.9,0.0,0,0,X,0.0,0.0,0.0,0.0,0.0,0.0,0.0,0.0,40,0.05548663543340492,11,21,-10,0,0,0,0,0,0,0,0,1,0
1cvu,B,2423,VAL,4.2,140.0,0.0,0,0,X,0.0,0.0,0.0,0.0,0.0,0.0,0.0,0.0,38,0.04989134446533048,16,11,5,0,0,0,0,0,0,0,0,1,0
1cvu,B,2424,GLU,-3.5,138.4,-1.0,1,3,X,0.0,0.0,0.0,0.0,0.0,0.0,0.0,0.0,27,0.04149840801321881,18,9,9,0,0,0,0,0,0,0,0,1,0
1cvu,B,2425,SER,-0.8,89.0,0.0,1,1,X,0.0,0.0,0.0,0.0,0.0,0.0,0.0,0.0,31,0.04755997322863279,20,21,-1,0,0,0,0,0,0,0,0,1,0
1cvu,B,2426,PHE,2.8,189.9,0.0,0,0,X,0.0,0.0,0.0,0.0,0.0,0.0,0.0,0.0,43,0.05222271570202816,10,8,2,0,0,0,0,0,0,0,0,1,0
1cvu,B,2427,THR,-0.7,116.1,0.0,1,1,X,0.0,0.0,0.0,0.0,0.0,0.0,0.0,0.0,33,0.05455408693872585,11,9,2,0,0,0,0,0,0,0,0,1,0
1cvu,B,2428,ARG,-4.5,173.4,1.0,5,0,X,0.0,0.0,0.0,0.0,0.0,0.0,0.0,0.0,24,0.03916703677652112,0,17,-17,0,0,0,0,0,0,0,0,1,0
1cvu,B,2429,GLN,-3.5,143.8,0.0,2,2,X,0.0,0.0,0.0,0.0,0.0,0.0,0.0,0.0,36,0.040565859518539735,10,9,1,0,0,0,0,0,0,0,0,1,0
1cvu,B,2430,ILE,4.5,166.7,0.0,0,0,X,0.0,0.0,0.0,0.0,0.0,0.0,0.0,0.0,36,0.045694876239274644,15,9,6,0,0,0,0,0,0,0,0,1,0
1cvu,B,2431,ALA,1.8,88.6,0.0,0,0,X,0.0,0.0,0.0,0.0,0.0,0.0,0.0,0.0,39,0.05408781269138631,19,10,9,0,0,0,0,0,0,0,0,1,0
1cvu,B,2432,GLY,-0.4,60.1,0.0,0,0,X,0.0,0.0,0.0,0.0,0.0,0.0,0.0,0.0,38,0.056419183928083996,25,15,10,0,0,0,0,0,0,0,0,1,0
1cvu,B,2433,ARG,-4.5,173.4,1.0,5,0,X,0.0,0.0,0.0,0.0,0.0,0.0,0.0,0.0,35,0.05408781269138631,15,20,-5,0,0,0,0,0,0,0,0,1,0
1cvu,B,2434,VAL,4.2,140.0,0.0,0,0,X,0.0,0.0,0.0,0.0,0.0,0.0,0.0,0.0,43,0.056419183928083996,31,13,18,0,0,0,0,0,0,0,0,1,0
1cvu,B,2435,ALA,1.8,88.6,0.0,0,0,X,0.0,0.0,0.0,0.0,0.0,0.0,0.0,0.0,41,0.05035761871267001,31,18,13,0,0,0,0,0,0,0,0,1,0
1cvu,B,2436,GLY,-0.4,60.1,0.0,0,0,X,0.0,0.0,0.0,0.0,0.0,0.0,0.0,0.0,34,0.04476232774459557,31,15,16,0,0,0,0,0,0,0,0,1,0
1cvu,B,2437,GLY,-0.4,60.1,0.0,0,0,X,0.0,0.0,0.0,0.0,0.0,0.0,0.0,0.0,37,0.048492521723311866,48,15,33,0,0,0,0,0,0,0,0,1,0
1cvu,B,2438,ARG,-4.5,173.4,1.0,5,0,X,0.0,0.0,0.0,0.0,0.0,0.0,0.0,0.0,29,0.05035761871267001,26,29,-3,0,0,0,0,0,0,0,0,1,0
1cvu,B,2439,ASN,-3.5,114.1,0.0,2,2,X,0.0,0.0,0.0,0.0,0.0,0.0,0.0,0.0,34,0.05781800667010261,45,15,30,0,0,0,0,0,0,0,0,1,0
1cvu,B,2440,VAL,4.2,140.0,0.0,0,0,X,0.0,0.0,0.0,0.0,0.0,0.0,0.0,0.0,39,0.0526889899493677,47,11,36,0,0,0,0,0,0,0,0,1,0
1cvu,B,2441,PRO,-1.6,112.7,0.0,0,0,X,0.0,0.0,0.0,0.0,0.0,0.0,0.0,0.0,32,0.04989134446533048,31,11,20,0,0,0,0,0,0,0,0,1,0
1cvu,B,2442,ILE,4.5,166.7,0.0,0,0,X,0.0,0.0,0.0,0.0,0.0,0.0,0.0,0.0,22,0.032639197313767604,24,17,7,0,0,0,0,0,0,0,0,1,0
1cvu,B,2443,ALA,1.8,88.6,0.0,0,0,X,0.0,0.0,0.0,0.0,0.0,0.0,0.0,0.0,22,0.025178809356335007,19,8,11,0,0,0,0,0,0,0,0,1,0
1cvu,B,2444,VAL,4.2,140.0,0.0,0,0,X,0.0,0.0,0.0,0.0,0.0,0.0,0.0,0.0,29,0.0363693912924839,25,1,24,0,0,0,0,0,0,0,0,1,0
1cvu,B,2445,GLN,-3.5,143.8,0.0,2,2,X,0.0,0.0,0.0,0.0,0.0,0.0,0.0,0.0,22,0.03870076252918159,25,9,16,0,0,0,0,0,0,0,0,1,0
1cvu,B,2446,ALA,1.8,88.6,0.0,0,0,X,0.0,0.0,0.0,0.0,0.0,0.0,0.0,0.0,21,0.027043906345693154,19,6,13,0,0,0,0,0,0,0,0,1,0
1cvu,B,2447,VAL,4.2,140.0,0.0,0,0,X,0.0,0.0,0.0,0.0,0.0,0.0,0.0,0.0,26,0.02984155182973038,29,4,25,0,0,0,0,0,0,0,0,1,0
1cvu,B,2448,ALA,1.8,88.6,0.0,0,0,X,0.0,0.0,0.0,0.0,0.0,0.0,0.0,0.0,30,0.04476232774459557,33,9,24,0,0,0,0,0,0,0,0,1,0
1cvu,B,2449,LYS,-3.9,168.6,1.0,2,0,X,0.0,0.0,0.0,0.0,0.0,0.0,0.0,0.0,27,0.040565859518539735,15,24,-9,0,0,0,0,0,0,0,0,1,0
1cvu,B,2450,ALA,1.8,88.6,0.0,0,0,X,0.0,0.0,0.0,0.0,0.0,0.0,0.0,0.0,25,0.03450429430312575,32,16,16,0,0,0,0,0,0,0,0,1,0
1cvu,B,2451,SER,-0.8,89.0,0.0,1,1,X,0.0,0.0,0.0,0.0,0.0,0.0,0.0,0.0,34,0.04289723075523742,35,19,16,0,0,0,0,0,0,0,0,1,0
1cvu,B,2452,ILE,4.5,166.7,0.0,0,0,X,0.0,0.0,0.0,0.0,0.0,0.0,0.0,0.0,34,0.04662742473395372,31,30,1,0,0,0,0,0,0,0,0,1,0
1cvu,B,2453,ASP,-3.5,111.1,-1.0,1,3,X,0.0,0.0,0.0,0.0,0.0,0.0,0.0,0.0,25,0.03776821403450251,24,20,4,0,0,0,0,0,0,0,0,1,0
1cvu,B,2454,GLN,-3.5,143.8,0.0,2,2,X,0.0,0.0,0.0,0.0,0.0,0.0,0.0,0.0,30,0.03730193978716297,26,18,8,0,0,0,0,0,0,0,0,1,0
1cvu,B,2455,SER,-0.8,89.0,0.0,1,1,X,0.0,0.0,0.0,0.0,0.0,0.0,0.0,0.0,34,0.045228601991935104,31,34,-3,0,0,0,0,0,0,0,0,1,0
1cvu,B,2456,ARG,-4.5,173.4,1.0,5,0,X,0.0,0.0,0.0,0.0,0.0,0.0,0.0,0.0,30,0.04243095650789788,17,36,-19,0,0,0,0,0,0,0,0,1,0
1cvu,B,2457,GLU,-3.5,138.4,-1.0,1,3,X,0.0,0.0,0.0,0.0,0.0,0.0,0.0,0.0,22,0.02984155182973038,25,10,15,0,0,0,0,0,0,0,0,1,0
1cvu,B,2458,MET,1.9,162.9,0.0,0,0,X,0.0,0.0,0.0,0.0,0.0,0.0,0.0,0.0,32,0.04429605349725603,33,22,11,0,0,0,0,0,0,0,0,1,0
1cvu,B,2459,LYS,-3.9,168.6,1.0,2,0,X,0.0,0.0,0.0,0.0,0.0,0.0,0.0,0.0,29,0.045228601991935104,18,22,-4,0,0,0,0,0,0,0,0,1,0
1cvu,B,2460,TYR,-1.3,193.6,0.0,1,1,X,0.0,0.0,0.0,0.0,0.0,0.0,0.0,0.0,42,0.05222271570202816,28,29,-1,0,0,0,0,0,0,0,0,1,0
1cvu,B,2461,GLN,-3.5,143.8,0.0,2,2,X,0.0,0.0,0.0,0.0,0.0,0.0,0.0,0.0,37,0.05035761871267001,30,21,9,0,0,0,0,0,0,0,0,1,0
1cvu,B,2462,SER,-0.8,89.0,0.0,1,1,X,0.0,0.0,0.0,0.0,0.0,0.0,0.0,0.0,38,0.05035761871267001,31,28,3,0,0,0,0,0,0,0,0,1,0
1cvu,B,2463,LEU,3.8,166.7,0.0,0,0,X,0.0,0.0,0.0,0.0,0.0,0.0,0.0,0.0,36,0.04989134446533048,22,33,-11,0,0,0,0,0,0,0,0,1,0
1cvu,B,2464,ASN,-3.5,114.1,0.0,2,2,X,0.0,0.0,0.0,0.0,0.0,0.0,0.0,0.0,34,0.0526889899493677,32,28,4,0,0,0,0,0,0,0,0,1,0
1cvu,B,2465,GLU,-3.5,138.4,-1.0,1,3,X,0.0,0.0,0.0,0.0,0.0,0.0,0.0,0.0,36,0.04243095650789788,31,8,23,0,0,0,0,0,0,0,0,1,0
1cvu,B,2466,TYR,-1.3,193.6,0.0,1,1,X,0.0,0.0,0.0,0.0,0.0,0.0,0.0,0.0,35,0.05222271570202816,39,25,14,0,0,0,0,0,0,0,0,1,0
1cvu,B,2467,ARG,-4.5,173.4,1.0,5,0,X,0.0,0.0,0.0,0.0,0.0,0.0,0.0,0.0,33,0.05222271570202816,24,34,-10,0,0,0,0,0,0,0,0,1,0
1cvu,B,2468,LYS,-3.9,168.6,1.0,2,0,X,0.0,0.0,0.0,0.0,0.0,0.0,0.0,0.0,24,0.04289723075523742,34,11,23,0,0,0,0,0,0,0,0,1,0
1cvu,B,2469,ARG,-4.5,173.4,1.0,5,0,X,0.0,0.0,0.0,0.0,0.0,0.0,0.0,0.0,33,0.045228601991935104,29,22,7,0,0,0,0,0,0,0,0,1,0
1cvu,B,2470,PHE,2.8,189.9,0.0,0,0,X,0.0,0.0,0.0,0.0,0.0,0.0,0.0,0.0,35,0.04289723075523742,45,26,19,0,0,0,0,0,0,0,0,1,0
1cvu,B,2471,SER,-0.8,89.0,0.0,1,1,X,0.0,0.0,0.0,0.0,0.0,0.0,0.0,0.0,26,0.032172923066428064,53,15,38,0,0,0,0,0,0,0,0,1,0
1cvu,B,2472,LEU,3.8,166.7,0.0,0,0,X,0.0,0.0,0.0,0.0,0.0,0.0,0.0,0.0,27,0.03776821403450251,41,25,16,0,0,0,0,0,0,0,0,1,0
1cvu,B,2473,LYS,-3.9,168.6,1.0,2,0,X,0.0,0.0,0.0,0.0,0.0,0.0,0.0,0.0,16,0.032639197313767604,21,10,11,0,0,0,0,0,0,0,0,1,0
1cvu,B,2474,PRO,-1.6,112.7,0.0,0,0,X,0.0,0.0,0.0,0.0,0.0,0.0,0.0,0.0,22,0.03916703677652112,30,26,4,0,0,0,0,0,0,0,0,1,0
1cvu,B,2475,TYR,-1.3,193.6,0.0,1,1,X,0.0,0.0,0.0,0.0,0.0,0.0,0.0,0.0,27,0.04149840801321881,25,38,-13,0,0,0,0,0,0,0,0,1,0
1cvu,B,2476,THR,-0.7,116.1,0.0,1,1,X,0.0,0.0,0.0,0.0,0.0,0.0,0.0,0.0,15,0.028909003335051305,13,27,-14,0,0,0,0,0,0,0,0,1,0
1cvu,B,2477,SER,-0.8,89.0,0.0,1,1,X,0.0,0.0,0.0,0.0,0.0,0.0,0.0,0.0,22,0.03776821403450251,8,35,-27,0,0,0,0,0,0,0,0,1,0
1cvu,B,2478,PHE,2.8,189.9,0.0,0,0,X,0.0,0.0,0.0,0.0,0.0,0.0,0.0,0.0,32,0.04989134446533048,13,47,-34,0,0,0,0,0,0,0,0,1,0
1cvu,B,2479,GLU,-3.5,138.4,-1.0,1,3,X,0.0,0.0,0.0,0.0,0.0,0.0,0.0,0.0,20,0.03730193978716297,18,24,-6,0,0,0,0,0,0,0,0,1,0
1cvu,B,2480,GLU,-3.5,138.4,-1.0,1,3,X,0.0,0.0,0.0,0.0,0.0,0.0,0.0,0.0,20,0.03683566553982344,19,21,-2,0,0,0,0,0,0,0,0,1,0
1cvu,B,2481,LEU,3.8,166.7,0.0,0,0,X,0.0,0.0,0.0,0.0,0.0,0.0,0.0,0.0,38,0.04942507021799094,18,41,-23,0,0,0,0,0,0,0,0,1,0
1cvu,B,2482,THR,-0.7,116.1,0.0,1,1,X,0.0,0.0,0.0,0.0,0.0,0.0,0.0,0.0,33,0.04755997322863279,18,41,-23,0,0,0,0,0,0,0,0,1,0
1cvu,B,2483,GLY,-0.4,60.1,0.0,0,0,X,0.0,0.0,0.0,0.0,0.0,0.0,0.0,0.0,19,0.030774100324409453,18,37,-19,0,0,0,0,0,0,0,0,1,0
1cvu,B,2484,GLU,-3.5,138.4,-1.0,1,3,X,0.0,0.0,0.0,0.0,0.0,0.0,0.0,0.0,22,0.032172923066428064,22,31,-9,0,0,0,0,0,0,0,0,1,0
1cvu,B,2485,LYS,-3.9,168.6,1.0,2,0,X,0.0,0.0,0.0,0.0,0.0,0.0,0.0,0.0,13,0.02984155182973038,1,32,-31,0,0,0,0,0,0,0,0,1,0
1cvu,B,2486,GLU,-3.5,138.4,-1.0,1,3,X,0.0,0.0,0.0,0.0,0.0,0.0,0.0,0.0,17,0.029375277582390842,27,21,6,0,0,0,0,0,0,0,0,1,0
1cvu,B,2487,MET,1.9,162.9,0.0,0,0,X,0.0,0.0,0.0,0.0,0.0,0.0,0.0,0.0,33,0.04196468226055834,34,41,-7,0,0,0,0,0,0,0,0,1,0
1cvu,B,2488,ALA,1.8,88.6,0.0,0,0,X,0.0,0.0,0.0,0.0,0.0,0.0,0.0,0.0,26,0.048958795970651406,24,42,-18,0,0,0,0,0,0,0,0,1,0
1cvu,B,2489,ALA,1.8,88.6,0.0,0,0,X,0.0,0.0,0.0,0.0,0.0,0.0,0.0,0.0,19,0.03776821403450251,28,36,-8,0,0,0,0,0,0,0,0,1,0
1cvu,B,2490,GLU,-3.5,138.4,-1.0,1,3,X,0.0,0.0,0.0,0.0,0.0,0.0,0.0,0.0,23,0.03730193978716297,29,23,6,0,0,0,0,0,0,0,0,1,0
1cvu,B,2491,LEU,3.8,166.7,0.0,0,0,X,0.0,0.0,0.0,0.0,0.0,0.0,0.0,0.0,35,0.04755997322863279,24,38,-14,0,0,0,0,0,0,0,0,1,0
1cvu,B,2492,LYS,-3.9,168.6,1.0,2,0,X,0.0,0.0,0.0,0.0,0.0,0.0,0.0,0.0,21,0.03916703677652112,2,25,-23,0,0,0,0,0,0,0,0,1,0
1cvu,B,2493,ALA,1.8,88.6,0.0,0,0,X,0.0,0.0,0.0,0.0,0.0,0.0,0.0,0.0,19,0.02984155182973038,14,19,-5,0,0,0,0,0,0,0,0,1,0
1cvu,B,2494,LEU,3.8,166.7,0.0,0,0,X,0.0,0.0,0.0,0.0,0.0,0.0,0.0,0.0,27,0.03590311704514436,21,34,-13,0,0,0,0,0,0,0,0,1,0
1cvu,B,2495,TYR,-1.3,193.6,0.0,1,1,X,0.0,0.0,0.0,0.0,0.0,0.0,0.0,0.0,36,0.045694876239274644,15,38,-23,0,0,0,0,0,0,0,0,1,0
1cvu,B,2496,SER,-0.8,89.0,0.0,1,1,X,0.0,0.0,0.0,0.0,0.0,0.0,0.0,0.0,21,0.030307826077069916,12,18,-6,0,0,0,0,0,0,0,0,1,0
1cvu,B,2497,ASP,-3.5,111.1,-1.0,1,3,X,0.0,0.0,0.0,0.0,0.0,0.0,0.0,0.0,24,0.03590311704514436,18,9,9,0,0,0,0,0,0,0,0,1,0
1cvu,B,2498,ILE,4.5,166.7,0.0,0,0,X,0.0,0.0,0.0,0.0,0.0,0.0,0.0,0.0,28,0.048492521723311866,18,34,-16,0,0,0,0,0,0,0,0,1,0
1cvu,B,2499,ASP,-3.5,111.1,-1.0,1,3,X,0.0,0.0,0.0,0.0,0.0,0.0,0.0,0.0,26,0.04149840801321881,15,18,-3,0,0,0,0,0,0,0,0,1,0
1cvu,B,2500,VAL,4.2,140.0,0.0,0,0,X,0.0,0.0,0.0,0.0,0.0,0.0,0.0,0.0,32,0.048492521723311866,14,34,-20,0,0,0,0,0,0,0,0,1,0
1cvu,B,2501,MET,1.9,162.9,0.0,0,0,X,0.0,0.0,0.0,0.0,0.0,0.0,0.0,0.0,37,0.0526889899493677,9,26,-17,0,0,0,0,0,0,0,0,1,0
1cvu,B,2502,GLU,-3.5,138.4,-1.0,1,3,X,0.0,0.0,0.0,0.0,0.0,0.0,0.0,0.0,39,0.04662742473395372,12,12,0,0,0,0,0,0,0,0,0,1,0
1cvu,B,2503,LEU,3.8,166.7,0.0,0,0,X,0.0,0.0,0.0,0.0,0.0,0.0,0.0,0.0,39,0.04476232774459557,10,29,-19,0,0,0,0,0,0,0,0,1,0
1cvu,B,2504,TYR,-1.3,193.6,0.0,1,1,X,0.0,0.0,0.0,0.0,0.0,0.0,0.0,0.0,37,0.045694876239274644,25,15,10,0,0,0,0,0,0,0,0,1,0
1cvu,B,2505,PRO,-1.6,112.7,0.0,0,0,X,0.0,0.0,0.0,0.0,0.0,0.0,0.0,0.0,40,0.04616115048661418,11,16,-5,0,0,0,0,0,0,0,0,1,0
1cvu,B,2506,ALA,1.8,88.6,0.0,0,0,X,0.0,0.0,0.0,0.0,0.0,0.0,0.0,0.0,38,0.04709369898129325,10,21,-11,0,0,0,0,0,0,0,0,1,0
1cvu,B,2507,LEU,3.8,166.7,0.0,0,0,X,0.0,0.0,0.0,0.0,0.0,0.0,0.0,0.0,38,0.04989134446533048,14,21,-7,0,0,0,0,0,0,0,0,1,0
1cvu,B,2508,LEU,3.8,166.7,0.0,0,0,X,0.0,0.0,0.0,0.0,0.0,0.0,0.0,0.0,44,0.048958795970651406,29,11,18,0,0,0,0,0,0,0,0,1,0
1cvu,B,2509,VAL,4.2,140.0,0.0,0,0,X,0.0,0.0,0.0,0.0,0.0,0.0,0.0,0.0,46,0.04942507021799094,22,27,-5,0,0,0,0,0,0,0,0,1,0
1cvu,B,2510,GLU,-3.5,138.4,-1.0,1,3,X,0.0,0.0,0.0,0.0,0.0,0.0,0.0,0.0,41,0.048492521723311866,31,20,11,0,0,0,0,0,0,0,0,1,0
1cvu,B,2511,LYS,-3.9,168.6,1.0,2,0,X,0.0,0.0,0.0,0.0,0.0,0.0,0.0,0.0,30,0.043363505002576956,16,39,-23,0,0,0,0,0,0,0,0,1,0
1cvu,B,2512,PRO,-1.6,112.7,0.0,0,0,X,0.0,0.0,0.0,0.0,0.0,0.0,0.0,0.0,35,0.04243095650789788,33,26,7,0,0,0,0,0,0,0,0,1,0
1cvu,B,2513,ARG,-4.5,173.4,1.0,5,0,X,0.0,0.0,0.0,0.0,0.0,0.0,0.0,0.0,33,0.0363693912924839,24,29,-5,0,0,0,0,0,0,0,0,1,0
1cvu,B,2514,PRO,-1.6,112.7,0.0,0,0,X,0.0,0.0,0.0,0.0,0.0,0.0,0.0,0.0,19,0.02471253510899547,38,9,29,0,0,0,0,0,0,0,0,1,1
1cvu,B,2515,ASP,-3.5,111.1,-1.0,1,3,X,0.0,0.0,0.0,0.0,0.0,0.0,0.0,0.0,17,0.027510180593032695,20,8,12,0,0,0,0,0,0,0,0,1,0
1cvu,B,2516,ALA,1.8,88.6,0.0,0,0,X,0.0,0.0,0.0,0.0,0.0,0.0,0.0,0.0,29,0.043829779249916496,36,20,16,0,0,0,0,0,0,0,0,1,0
1cvu,B,2517,ILE,4.5,166.7,0.0,0,0,X,0.0,0.0,0.0,0.0,0.0,0.0,0.0,0.0,38,0.04942507021799094,28,17,11,0,0,0,0,0,0,0,0,1,0
1cvu,B,2518,PHE,2.8,189.9,0.0,0,0,X,0.0,0.0,0.0,0.0,0.0,0.0,0.0,0.0,41,0.05175644145468863,33,23,10,0,0,0,0,0,0,0,0,1,1
1cvu,B,2519,GLY,-0.4,60.1,0.0,0,0,X,0.0,0.0,0.0,0.0,0.0,0.0,0.0,0.0,37,0.04942507021799094,36,27,9,0,0,0,0,0,0,0,0,1,0
1cvu,B,2520,GLU,-3.5,138.4,-1.0,1,3,X,0.0,0.0,0.0,0.0,0.0,0.0,0.0,0.0,33,0.04662742473395372,43,19,24,0,0,0,0,0,0,0,0,1,0
1cvu,B,2521,THR,-0.7,116.1,0.0,1,1,X,0.0,0.0,0.0,0.0,0.0,0.0,0.0,0.0,37,0.048958795970651406,25,28,-3,0,0,0,0,0,0,0,0,1,0
1cvu,B,2522,MET,1.9,162.9,0.0,0,0,X,0.0,0.0,0.0,0.0,0.0,0.0,0.0,0.0,36,0.043363505002576956,13,28,-15,0,0,0,0,0,0,0,0,1,0
1cvu,B,2523,VAL,4.2,140.0,0.0,0,0,X,0.0,0.0,0.0,0.0,0.0,0.0,0.0,0.0,33,0.040099585271200194,23,21,2,0,0,0,0,0,0,0,0,1,0
1cvu,B,2524,GLU,-3.5,138.4,-1.0,1,3,X,0.0,0.0,0.0,0.0,0.0,0.0,0.0,0.0,34,0.04289723075523742,39,12,27,0,0,0,0,0,0,0,0,1,0
1cvu,B,2525,LEU,3.8,166.7,0.0,0,0,X,0.0,0.0,0.0,0.0,0.0,0.0,0.0,0.0,36,0.048492521723311866,29,31,-2,0,0,0,0,0,0,0,0,1,0
1cvu,B,2526,GLY,-0.4,60.1,0.0,0,0,X,0.0,0.0,0.0,0.0,0.0,0.0,0.0,0.0,36,0.04662742473395372,13,15,-2,0,0,0,0,0,0,0,0,1,1
1cvu,B,2527,ALA,1.8,88.6,0.0,0,0,X,0.0,0.0,0.0,0.0,0.0,0.0,0.0,0.0,32,0.0363693912924839,17,10,7,0,0,0,0,0,0,0,0,1,1
1cvu,B,2528,PRO,-1.6,112.7,0.0,0,0,X,0.0,0.0,0.0,0.0,0.0,0.0,0.0,0.0,31,0.04709369898129325,24,10,14,0,0,0,0,0,0,0,0,1,0
1cvu,B,2529,PHE,2.8,189.9,0.0,0,0,X,0.0,0.0,0.0,0.0,0.0,0.0,0.0,0.0,37,0.04289723075523742,28,17,11,0,0,0,0,0,0,0,0,1,0
1cvu,B,2530,SER,-0.8,89.0,0.0,1,1,X,0.0,0.0,0.0,0.0,0.0,0.0,0.0,0.0,37,0.03730193978716297,17,2,15,0,0,0,0,0,0,0,0,1,1
1cvu,B,2531,LEU,3.8,166.7,0.0,0,0,X,0.0,0.0,0.0,0.0,0.0,0.0,0.0,0.0,37,0.03963331102386066,22,0,22,0,0,0,0,0,0,0,0,1,0
1cvu,B,2532,LYS,-3.9,168.6,1.0,2,0,X,0.0,0.0,0.0,0.0,0.0,0.0,0.0,0.0,38,0.04243095650789788,13,4,9,0,0,0,0,0,0,0,0,1,0
1cvu,B,2533,GLY,-0.4,60.1,0.0,0,0,X,0.0,0.0,0.0,0.0,0.0,0.0,0.0,0.0,41,0.048492521723311866,20,2,18,0,0,0,0,0,0,0,0,1,0
1cvu,B,2534,LEU,3.8,166.7,0.0,0,0,X,0.0,0.0,0.0,0.0,0.0,0.0,0.0,0.0,45,0.043829779249916496,16,5,11,0,0,0,0,0,0,0,0,1,1
1cvu,B,2535,MET,1.9,162.9,0.0,0,0,X,0.0,0.0,0.0,0.0,0.0,0.0,0.0,0.0,36,0.04942507021799094,12,9,3,0,0,0,0,0,0,0,0,1,0
1cvu,B,2536,GLY,-0.4,60.1,0.0,0,0,X,0.0,0.0,0.0,0.0,0.0,0.0,0.0,0.0,35,0.04989134446533048,14,0,14,0,0,0,0,0,0,0,0,1,0
1cvu,B,2537,ASN,-3.5,114.1,0.0,2,2,X,0.0,0.0,0.0,0.0,0.0,0.0,0.0,0.0,38,0.048958795970651406,9,7,2,0,0,0,0,0,0,0,0,1,0
1cvu,B,2538,PRO,-1.6,112.7,0.0,0,0,X,0.0,0.0,0.0,0.0,0.0,0.0,0.0,0.0,43,0.045228601991935104,7,3,4,0,0,0,0,0,0,0,0,1,0
1cvu,B,2539,ILE,4.5,166.7,0.0,0,0,X,0.0,0.0,0.0,0.0,0.0,0.0,0.0,0.0,38,0.050823892960009553,16,2,14,0,0,0,0,0,0,0,0,1,0
1cvu,B,2540,CYS,2.5,108.5,0.0,1,0,X,0.0,0.0,0.0,0.0,0.0,0.0,0.0,0.0,39,0.05455408693872585,7,15,-8,0,0,0,0,0,0,0,0,1,0
1cvu,B,2541,SER,-0.8,89.0,0.0,1,1,X,0.0,0.0,0.0,0.0,0.0,0.0,0.0,0.0,34,0.0526889899493677,19,12,7,0,0,0,0,0,0,0,0,1,0
1cvu,B,2542,PRO,-1.6,112.7,0.0,0,0,X,0.0,0.0,0.0,0.0,0.0,0.0,0.0,0.0,31,0.04196468226055834,24,16,8,0,0,0,0,0,0,0,0,1,0
1cvu,B,2543,GLN,-3.5,143.8,0.0,2,2,X,0.0,0.0,0.0,0.0,0.0,0.0,0.0,0.0,31,0.048026247475972325,40,19,21,0,0,0,0,0,0,0,0,1,0
1cvu,B,2544,TYR,-1.3,193.6,0.0,1,1,X,0.0,0.0,0.0,0.0,0.0,0.0,0.0,0.0,34,0.05035761871267001,21,11,10,0,0,0,0,0,0,0,0,1,0
1cvu,B,2545,TRP,-0.9,227.8,0.0,1,0,X,0.0,0.0,0.0,0.0,0.0,0.0,0.0,0.0,34,0.05455408693872585,18,21,-3,0,0,0,0,0,0,0,0,1,0
1cvu,B,2546,LYS,-3.9,168.6,1.0,2,0,X,0.0,0.0,0.0,0.0,0.0,0.0,0.0,0.0,33,0.04942507021799094,20,24,-4,0,0,0,0,0,0,0,0,1,0
1cvu,B,2547,PRO,-1.6,112.7,0.0,0,0,X,0.0,0.0,0.0,0.0,0.0,0.0,0.0,0.0,31,0.043363505002576956,28,27,1,0,0,0,0,0,0,0,0,1,0
1cvu,B,2548,SER,-0.8,89.0,0.0,1,1,X,0.0,0.0,0.0,0.0,0.0,0.0,0.0,0.0,39,0.04616115048661418,34,26,8,0,0,0,0,0,0,0,0,1,0
1cvu,B,2549,THR,-0.7,116.1,0.0,1,1,X,0.0,0.0,0.0,0.0,0.0,0.0,0.0,0.0,41,0.048026247475972325,21,16,5,0,0,0,0,0,0,0,0,1,0
1cvu,B,2550,PHE,2.8,189.9,0.0,0,0,X,0.0,0.0,0.0,0.0,0.0,0.0,0.0,0.0,40,0.048958795970651406,28,13,15,0,0,0,0,0,0,0,0,1,0
1cvu,B,2551,GLY,-0.4,60.1,0.0,0,0,X,0.0,0.0,0.0,0.0,0.0,0.0,0.0,0.0,38,0.045228601991935104,26,25,1,0,0,0,0,0,0,0,0,1,0
1cvu,B,2552,GLY,-0.4,60.1,0.0,0,0,X,0.0,0.0,0.0,0.0,0.0,0.0,0.0,0.0,31,0.04243095650789788,29,25,4,0,0,0,0,0,0,0,0,1,0
1cvu,B,2553,GLU,-3.5,138.4,-1.0,1,3,X,0.0,0.0,0.0,0.0,0.0,0.0,0.0,0.0,22,0.03170664881908853,21,10,11,0,0,0,0,0,0,0,0,1,0
1cvu,B,2554,VAL,4.2,140.0,0.0,0,0,X,0.0,0.0,0.0,0.0,0.0,0.0,0.0,0.0,25,0.032172923066428064,17,18,-1,0,0,0,0,0,0,0,0,1,0
1cvu,B,2555,GLY,-0.4,60.1,0.0,0,0,X,0.0,0.0,0.0,0.0,0.0,0.0,0.0,0.0,34,0.048958795970651406,18,23,-5,0,0,0,0,0,0,0,0,1,0
1cvu,B,2556,PHE,2.8,189.9,0.0,0,0,X,0.0,0.0,0.0,0.0,0.0,0.0,0.0,0.0,30,0.048958795970651406,16,15,1,0,0,0,0,0,0,0,0,1,0
1cvu,B,2557,LYS,-3.9,168.6,1.0,2,0,X,0.0,0.0,0.0,0.0,0.0,0.0,0.0,0.0,17,0.035436842797804825,6,12,-6,0,0,0,0,0,0,0,0,1,0
1cvu,B,2558,ILE,4.5,166.7,0.0,0,0,X,0.0,0.0,0.0,0.0,0.0,0.0,0.0,0.0,35,0.04103213376587927,25,21,4,0,0,0,0,0,0,0,0,1,0
1cvu,B,2559,ILE,4.5,166.7,0.0,0,0,X,0.0,0.0,0.0,0.0,0.0,0.0,0.0,0.0,37,0.05408781269138631,22,17,5,0,0,0,0,0,0,0,0,1,0
1cvu,B,2560,ASN,-3.5,114.1,0.0,2,2,X,0.0,0.0,0.0,0.0,0.0,0.0,0.0,0.0,25,0.03870076252918159,23,27,-4,0,0,0,0,0,0,0,0,1,0
1cvu,B,2561,THR,-0.7,116.1,0.0,1,1,X,0.0,0.0,0.0,0.0,0.0,0.0,0.0,0.0,28,0.030307826077069916,26,17,9,0,0,0,0,0,0,0,0,1,0
1cvu,B,2562,ALA,1.8,88.6,0.0,0,0,X,0.0,0.0,0.0,0.0,0.0,0.0,0.0,0.0,34,0.04196468226055834,22,28,-6,0,0,0,0,0,0,0,0,1,0
1cvu,B,2563,SER,-0.8,89.0,0.0,1,1,X,0.0,0.0,0.0,0.0,0.0,0.0,0.0,0.0,36,0.04243095650789788,15,30,-15,0,0,0,0,0,0,0,0,1,0
1cvu,B,2564,ILE,4.5,166.7,0.0,0,0,X,0.0,0.0,0.0,0.0,0.0,0.0,0.0,0.0,35,0.04476232774459557,4,17,-13,0,0,0,0,0,0,0,0,1,0
1cvu,B,2565,GLN,-3.5,143.8,0.0,2,2,X,0.0,0.0,0.0,0.0,0.0,0.0,0.0,0.0,30,0.04149840801321881,7,4,3,0,0,0,0,0,0,0,0,1,0
1cvu,B,2566,SER,-0.8,89.0,0.0,1,1,X,0.0,0.0,0.0,0.0,0.0,0.0,0.0,0.0,30,0.045694876239274644,16,17,-1,0,0,0,0,0,0,0,0,1,0
1cvu,B,2567,LEU,3.8,166.7,0.0,0,0,X,0.0,0.0,0.0,0.0,0.0,0.0,0.0,0.0,37,0.05129016720734909,16,20,-4,0,0,0,0,0,0,0,0,1,0
1cvu,B,2568,ILE,4.5,166.7,0.0,0,0,X,0.0,0.0,0.0,0.0,0.0,0.0,0.0,0.0,38,0.048492521723311866,13,9,4,0,0,0,0,0,0,0,0,1,0
1cvu,B,2569,CYS,2.5,108.5,0.0,1,0,X,0.0,0.0,0.0,0.0,0.0,0.0,0.0,0.0,29,0.04989134446533048,18,2,16,0,0,0,0,0,0,0,0,1,0
1cvu,B,2570,ASN,-3.5,114.1,0.0,2,2,X,0.0,0.0,0.0,0.0,0.0,0.0,0.0,0.0,28,0.03870076252918159,27,12,15,0,0,0,0,0,0,0,0,1,0
1cvu,B,2571,ASN,-3.5,114.1,0.0,2,2,X,0.0,0.0,0.0,0.0,0.0,0.0,0.0,0.0,34,0.04429605349725603,31,13,18,0,0,0,0,0,0,0,0,1,0
1cvu,B,2572,VAL,4.2,140.0,0.0,0,0,X,0.0,0.0,0.0,0.0,0.0,0.0,0.0,0.0,31,0.043829779249916496,17,12,5,0,0,0,0,0,0,0,0,1,0
1cvu,B,2573,LYS,-3.9,168.6,1.0,2,0,X,0.0,0.0,0.0,0.0,0.0,0.0,0.0,0.0,23,0.029375277582390842,6,11,-5,0,0,0,0,0,0,0,0,1,0
1cvu,B,2574,GLY,-0.4,60.1,0.0,0,0,X,0.0,0.0,0.0,0.0,0.0,0.0,0.0,0.0,24,0.027043906345693154,10,8,2,0,0,0,0,0,0,0,0,1,0
1cvu,B,2575,CYS,2.5,108.5,0.0,1,0,X,0.0,0.0,0.0,0.0,0.0,0.0,0.0,0.0,27,0.04243095650789788,9,6,3,0,0,0,0,0,0,0,0,1,0
1cvu,B,2576,PRO,-1.6,112.7,0.0,0,0,X,0.0,0.0,0.0,0.0,0.0,0.0,0.0,0.0,32,0.04196468226055834,8,9,-1,0,0,0,0,0,0,0,0,1,0
1cvu,B,2577,PHE,2.8,189.9,0.0,0,0,X,0.0,0.0,0.0,0.0,0.0,0.0,0.0,0.0,27,0.03310547156110714,4,8,-4,0,0,0,0,0,0,0,0,1,0
1cvu,B,2578,THR,-0.7,116.1,0.0,1,1,X,0.0,0.0,0.0,0.0,0.0,0.0,0.0,0.0,35,0.04289723075523742,3,11,-8,0,0,0,0,0,0,0,0,1,0
1cvu,B,2579,SER,-0.8,89.0,0.0,1,1,X,0.0,0.0,0.0,0.0,0.0,0.0,0.0,0.0,32,0.043829779249916496,12,12,0,0,0,0,0,0,0,0,0,1,0
1cvu,B,2580,PHE,2.8,189.9,0.0,0,0,X,0.0,0.0,0.0,0.0,0.0,0.0,0.0,0.0,36,0.053155264196707235,10,11,-1,0,0,0,0,0,0,0,0,1,0
1cvu,B,2581,ASN,-3.5,114.1,0.0,2,2,X,0.0,0.0,0.0,0.0,0.0,0.0,0.0,0.0,27,0.043363505002576956,14,10,4,0,0,0,0,0,0,0,0,1,0
1cvu,B,2582,VAL,4.2,140.0,0.0,0,0,X,0.0,0.0,0.0,0.0,0.0,0.0,0.0,0.0,25,0.040099585271200194,12,9,3,0,0,0,0,0,0,0,0,1,0
1cvu,B,2583,GLN,-3.5,143.8,0.0,2,2,X,0.0,0.0,0.0,0.0,0.0,0.0,0.0,0.0,17,0.022381163872297785,9,1,8,0,0,0,0,0,0,0,0,1,0
1cvu,F,2595,THR,-0.7,116.1,0.0,1,1,X,0.0,0.0,0.0,0.0,0.0,0.0,0.0,0.0,15,0.023779986614316396,9,0,9,0,0,0,0,0,0,0,0,1,0
1cvu,F,2596,LYS,-3.9,168.6,1.0,2,0,X,0.0,0.0,0.0,0.0,0.0,0.0,0.0,0.0,15,0.02098234113027917,2,0,2,0,0,0,0,0,0,0,0,1,0
1cvu,F,2597,THR,-0.7,116.1,0.0,1,1,X,0.0,0.0,0.0,0.0,0.0,0.0,0.0,0.0,21,0.03450429430312575,12,0,12,0,0,0,0,0,0,0,0,1,0
1cvu,F,2598,ALA,1.8,88.6,0.0,0,0,X,0.0,0.0,0.0,0.0,0.0,0.0,0.0,0.0,21,0.04289723075523742,9,0,9,0,0,0,0,0,0,0,0,1,0
1cvu,F,2599,THR,-0.7,116.1,0.0,1,1,X,0.0,0.0,0.0,0.0,0.0,0.0,0.0,0.0,13,0.028909003335051305,8,0,8,0,0,0,0,0,0,0,0,1,0
1cvu,F,2600,ILE,4.5,166.7,0.0,0,0,X,0.0,0.0,0.0,0.0,0.0,0.0,0.0,0.0,12,0.026577632098353617,7,0,7,0,0,0,0,0,0,0,0,1,0
1cvu,F,2601,ASN,-3.5,114.1,0.0,2,2,X,0.0,0.0,0.0,0.0,0.0,0.0,0.0,0.0,19,0.030774100324409453,10,0,10,0,0,0,0,0,0,0,0,1,0
1cvu,F,2602,ALA,1.8,88.6,0.0,0,0,X,0.0,0.0,0.0,0.0,0.0,0.0,0.0,0.0,16,0.027043906345693154,5,0,5,0,0,0,0,0,0,0,0,1,0
1cvu,F,2603,SER,-0.8,89.0,0.0,1,1,X,0.0,0.0,0.0,0.0,0.0,0.0,0.0,0.0,10,0.016319598656883802,1,0,1,0,0,0,0,0,0,0,0,1,0
