pdb_id,chain_id,residue_id,residue_name,hydrophobicity,volume,charge,hbond_donor,hbond_acceptor,ss_type,rel_asa,phi,psi,hse_up,hse_down,hse_ratio,residue_depth,ca_depth,neighbor_count,atom_density,pos_charged_neighbors,neg_charged_neighbors,net_charge_environment,ss_H,ss_B,ss_E,ss_G,ss_I,ss_T,ss_S,ss_ ,ss_X
1cyd,A,3,LEU,3.8,166.7,0.0,0,0,X,0.0,0.0,0.0,0.0,0.0,0.0,0.0,0.0,21,0.022381163872297785,13,7,6,0,0,0,0,0,0,0,0,1
1cyd,A,4,ASN,-3.5,114.1,0.0,2,2,X,0.0,0.0,0.0,0.0,0.0,0.0,0.0,0.0,18,0.02471253510899547,5,6,-1,0,0,0,0,0,0,0,0,1
1cyd,A,5,PHE,2.8,189.9,0.0,0,0,X,0.0,0.0,0.0,0.0,0.0,0.0,0.0,0.0,29,0.03450429430312575,16,13,3,0,0,0,0,0,0,0,0,1
1cyd,A,6,SER,-0.8,89.0,0.0,1,1,X,0.0,0.0,0.0,0.0,0.0,0.0,0.0,0.0,15,0.025178809356335007,14,2,12,0,0,0,0,0,0,0,0,1
1cyd,A,7,GLY,-0.4,60.1,0.0,0,0,X,0.0,0.0,0.0,0.0,0.0,0.0,0.0,0.0,17,0.02098234113027917,18,7,11,0,0,0,0,0,0,0,0,1
1cyd,A,8,LEU,3.8,166.7,0.0,0,0,X,0.0,0.0,0.0,0.0,0.0,0.0,0.0,0.0,26,0.03403802005578621,20,8,12,0,0,0,0,0,0,0,0,1
1cyd,A,9,ARG,-4.5,173.4,1.0,5,0,X,0.0,0.0,0.0,0.0,0.0,0.0,0.0,0.0,28,0.043829779249916496,14,21,-7,0,0,0,0,0,0,0,0,1
1cyd,A,10,ALA,1.8,88.6,0.0,0,0,X,0.0,0.0,0.0,0.0,0.0,0.0,0.0,0.0,34,0.04989134446533048,24,17,7,0,0,0,0,0,0,0,0,1
1cyd,A,11,LEU,3.8,166.7,0.0,0,0,X,0.0,0.0,0.0,0.0,0.0,0.0,0.0,0.0,41,0.048958795970651406,14,14,0,0,0,0,0,0,0,0,0,1
1cyd,A,12,VAL,4.2,140.0,0.0,0,0,X,0.0,0.0,0.0,0.0,0.0,0.0,0.0,0.0,45,0.05222271570202816,14,7,7,0,0,0,0,0,0,0,0,1
1cyd,A,13,THR,-0.7,116.1,0.0,1,1,X,0.0,0.0,0.0,0.0,0.0,0.0,0.0,0.0,42,0.04616115048661418,8,1,7,0,0,0,0,0,0,0,0,1
1cyd,A,14,GLY,-0.4,60.1,0.0,0,0,X,0.0,0.0,0.0,0.0,0.0,0.0,0.0,0.0,35,0.040565859518539735,27,10,17,0,0,0,0,0,0,0,0,1
1cyd,A,15,ALA,1.8,88.6,0.0,0,0,X,0.0,0.0,0.0,0.0,0.0,0.0,0.0,0.0,42,0.05408781269138631,30,17,13,0,0,0,0,0,0,0,0,1
1cyd,A,16,GLY,-0.4,60.1,0.0,0,0,X,0.0,0.0,0.0,0.0,0.0,0.0,0.0,0.0,33,0.048026247475972325,32,19,13,0,0,0,0,0,0,0,0,1
1cyd,A,17,LYS,-3.9,168.6,1.0,2,0,X,0.0,0.0,0.0,0.0,0.0,0.0,0.0,0.0,25,0.03170664881908853,18,21,-3,0,0,0,0,0,0,0,0,1
1cyd,A,18,GLY,-0.4,60.1,0.0,0,0,X,0.0,0.0,0.0,0.0,0.0,0.0,0.0,0.0,31,0.03590311704514436,26,23,3,0,0,0,0,0,0,0,0,1
1cyd,A,19,ILE,4.5,166.7,0.0,0,0,X,0.0,0.0,0.0,0.0,0.0,0.0,0.0,0.0,39,0.04149840801321881,15,22,-7,0,0,0,0,0,0,0,0,1
1cyd,A,20,GLY,-0.4,60.1,0.0,0,0,X,0.0,0.0,0.0,0.0,0.0,0.0,0.0,0.0,36,0.04709369898129325,27,9,18,0,0,0,0,0,0,0,0,1
1cyd,A,21,ARG,-4.5,173.4,1.0,5,0,X,0.0,0.0,0.0,0.0,0.0,0.0,0.0,0.0,33,0.04289723075523742,18,25,-7,0,0,0,0,0,0,0,0,1
1cyd,A,22,ASP,-3.5,111.1,-1.0,1,3,X,0.0,0.0,0.0,0.0,0.0,0.0,0.0,0.0,31,0.03823448828184205,27,13,14,0,0,0,0,0,0,0,0,1
1cyd,A,23,THR,-0.7,116.1,0.0,1,1,X,0.0,0.0,0.0,0.0,0.0,0.0,0.0,0.0,43,0.045694876239274644,26,12,14,0,0,0,0,0,0,0,0,1
1cyd,A,24,VAL,4.2,140.0,0.0,0,0,X,0.0,0.0,0.0,0.0,0.0,0.0,0.0,0.0,41,0.04709369898129325,39,16,23,0,0,0,0,0,0,0,0,1
1cyd,A,25,LYS,-3.9,168.6,1.0,2,0,X,0.0,0.0,0.0,0.0,0.0,0.0,0.0,0.0,29,0.040099585271200194,24,17,7,0,0,0,0,0,0,0,0,1
1cyd,A,26,ALA,1.8,88.6,0.0,0,0,X,0.0,0.0,0.0,0.0,0.0,0.0,0.0,0.0,30,0.03403802005578621,23,11,12,0,0,0,0,0,0,0,0,1
1cyd,A,27,LEU,3.8,166.7,0.0,0,0,X,0.0,0.0,0.0,0.0,0.0,0.0,0.0,0.0,36,0.043829779249916496,32,5,27,0,0,0,0,0,0,0,0,1
1cyd,A,28,HIS,-3.2,153.2,0.1,2,1,X,0.0,0.0,0.0,0.0,0.0,0.0,0.0,0.0,27,0.03916703677652112,20,8,12,0,0,0,0,0,0,0,0,1
1cyd,A,29,ALA,1.8,88.6,0.0,0,0,X,0.0,0.0,0.0,0.0,0.0,0.0,0.0,0.0,21,0.025178809356335007,19,3,16,0,0,0,0,0,0,0,0,1
1cyd,A,30,SER,-0.8,89.0,0.0,1,1,X,0.0,0.0,0.0,0.0,0.0,0.0,0.0,0.0,22,0.03403802005578621,19,1,18,0,0,0,0,0,0,0,0,1
1cyd,A,31,GLY,-0.4,60.1,0.0,0,0,X,0.0,0.0,0.0,0.0,0.0,0.0,0.0,0.0,21,0.034970568550465285,25,0,25,0,0,0,0,0,0,0,0,1
1cyd,A,32,ALA,1.8,88.6,0.0,0,0,X,0.0,0.0,0.0,0.0,0.0,0.0,0.0,0.0,31,0.04616115048661418,31,6,25,0,0,0,0,0,0,0,0,1
1cyd,A,33,LYS,-3.9,168.6,1.0,2,0,X,0.0,0.0,0.0,0.0,0.0,0.0,0.0,0.0,29,0.040099585271200194,21,13,8,0,0,0,0,0,0,0,0,1
1cyd,A,34,VAL,4.2,140.0,0.0,0,0,X,0.0,0.0,0.0,0.0,0.0,0.0,0.0,0.0,39,0.04989134446533048,36,10,26,0,0,0,0,0,0,0,0,1
1cyd,A,35,VAL,4.2,140.0,0.0,0,0,X,0.0,0.0,0.0,0.0,0.0,0.0,0.0,0.0,36,0.04989134446533048,20,10,10,0,0,0,0,0,0,0,0,1
1cyd,A,36,ALA,1.8,88.6,0.0,0,0,X,0.0,0.0,0.0,0.0,0.0,0.0,0.0,0.0,41,0.05129016720734909,17,13,4,0,0,0,0,0,0,0,0,1
1cyd,A,37,VAL,4.2,140.0,0.0,0,0,X,0.0,0.0,0.0,0.0,0.0,0.0,0.0,0.0,39,0.045228601991935104,8,10,-2,0,0,0,0,0,0,0,0,1
1cyd,A,38,THR,-0.7,116.1,0.0,1,1,X,0.0,0.0,0.0,0.0,0.0,0.0,0.0,0.0,33,0.04709369898129325,26,18,8,0,0,0,0,0,0,0,0,1
1cyd,A,39,ARG,-4.5,173.4,1.0,5,0,X,0.0,0.0,0.0,0.0,0.0,0.0,0.0,0.0,23,0.03590311704514436,11,15,-4,0,0,0,0,0,0,0,0,1
1cyd,A,40,THR,-0.7,116.1,0.0,1,1,X,0.0,0.0,0.0,0.0,0.0,0.0,0.0,0.0,18,0.03310547156110714,21,13,8,0,0,0,0,0,0,0,0,1
1cyd,A,41,ASN,-3.5,114.1,0.0,2,2,X,0.0,0.0,0.0,0.0,0.0,0.0,0.0,0.0,19,0.030774100324409453,8,8,0,0,0,0,0,0,0,0,0,1
1cyd,A,42,SER,-0.8,89.0,0.0,1,1,X,0.0,0.0,0.0,0.0,0.0,0.0,0.0,0.0,16,0.025645083603674543,17,8,9,0,0,0,0,0,0,0,0,1
1cyd,A,43,ASP,-3.5,111.1,-1.0,1,3,X,0.0,0.0,0.0,0.0,0.0,0.0,0.0,0.0,25,0.03916703677652112,27,4,23,0,0,0,0,0,0,0,0,1
1cyd,A,44,LEU,3.8,166.7,0.0,0,0,X,0.0,0.0,0.0,0.0,0.0,0.0,0.0,0.0,30,0.048492521723311866,22,14,8,0,0,0,0,0,0,0,0,1
1cyd,A,45,VAL,4.2,140.0,0.0,0,0,X,0.0,0.0,0.0,0.0,0.0,0.0,0.0,0.0,18,0.03357174580844668,13,16,-3,0,0,0,0,0,0,0,0,1
1cyd,A,46,SER,-0.8,89.0,0.0,1,1,X,0.0,0.0,0.0,0.0,0.0,0.0,0.0,0.0,20,0.032172923066428064,21,17,4,0,0,0,0,0,0,0,0,1
1cyd,A,47,LEU,3.8,166.7,0.0,0,0,X,0.0,0.0,0.0,0.0,0.0,0.0,0.0,0.0,33,0.04289723075523742,39,26,13,0,0,0,0,0,0,0,0,1
1cyd,A,48,ALA,1.8,88.6,0.0,0,0,X,0.0,0.0,0.0,0.0,0.0,0.0,0.0,0.0,21,0.040099585271200194,21,19,2,0,0,0,0,0,0,0,0,1
1cyd,A,49,LYS,-3.9,168.6,1.0,2,0,X,0.0,0.0,0.0,0.0,0.0,0.0,0.0,0.0,13,0.02797645484037223,3,12,-9,0,0,0,0,0,0,0,0,1
1cyd,A,50,GLU,-3.5,138.4,-1.0,1,3,X,0.0,0.0,0.0,0.0,0.0,0.0,0.0,0.0,19,0.029375277582390842,34,5,29,0,0,0,0,0,0,0,0,1
1cyd,A,51,CYS,2.5,108.5,0.0,1,0,X,0.0,0.0,0.0,0.0,0.0,0.0,0.0,0.0,26,0.03590311704514436,37,14,23,0,0,0,0,0,0,0,0,1
1cyd,A,52,PRO,-1.6,112.7,0.0,0,0,X,0.0,0.0,0.0,0.0,0.0,0.0,0.0,0.0,19,0.022847438119637322,22,10,12,0,0,0,0,0,0,0,0,1
1cyd,A,53,GLY,-0.4,60.1,0.0,0,0,X,0.0,0.0,0.0,0.0,0.0,0.0,0.0,0.0,19,0.02611135785101408,24,13,11,0,0,0,0,0,0,0,0,1
1cyd,A,54,ILE,4.5,166.7,0.0,0,0,X,0.0,0.0,0.0,0.0,0.0,0.0,0.0,0.0,29,0.04243095650789788,32,16,16,0,0,0,0,0,0,0,0,1
1cyd,A,55,GLU,-3.5,138.4,-1.0,1,3,X,0.0,0.0,0.0,0.0,0.0,0.0,0.0,0.0,28,0.030307826077069916,20,0,20,0,0,0,0,0,0,0,0,1
1cyd,A,56,PRO,-1.6,112.7,0.0,0,0,X,0.0,0.0,0.0,0.0,0.0,0.0,0.0,0.0,29,0.03683566553982344,4,12,-8,0,0,0,0,0,0,0,0,1
1cyd,A,57,VAL,4.2,140.0,0.0,0,0,X,0.0,0.0,0.0,0.0,0.0,0.0,0.0,0.0,32,0.03310547156110714,10,12,-2,0,0,0,0,0,0,0,0,1
1cyd,A,58,CYS,2.5,108.5,0.0,1,0,X,0.0,0.0,0.0,0.0,0.0,0.0,0.0,0.0,25,0.03357174580844668,13,14,-1,0,0,0,0,0,0,0,0,1
1cyd,A,59,VAL,4.2,140.0,0.0,0,0,X,0.0,0.0,0.0,0.0,0.0,0.0,0.0,0.0,32,0.03870076252918159,20,23,-3,0,0,0,0,0,0,0,0,1
1cyd,A,60,ASP,-3.5,111.1,-1.0,1,3,X,0.0,0.0,0.0,0.0,0.0,0.0,0.0,0.0,27,0.03450429430312575,22,13,9,0,0,0,0,0,0,0,0,1
1cyd,A,61,LEU,3.8,166.7,0.0,0,0,X,0.0,0.0,0.0,0.0,0.0,0.0,0.0,0.0,42,0.04476232774459557,26,22,4,0,0,0,0,0,0,0,0,1
1cyd,A,62,GLY,-0.4,60.1,0.0,0,0,X,0.0,0.0,0.0,0.0,0.0,0.0,0.0,0.0,27,0.04196468226055834,28,30,-2,0,0,0,0,0,0,0,0,1
1cyd,A,63,ASP,-3.5,111.1,-1.0,1,3,X,0.0,0.0,0.0,0.0,0.0,0.0,0.0,0.0,20,0.03683566553982344,27,22,5,0,0,0,0,0,0,0,0,1
1cyd,A,64,TRP,-0.9,227.8,0.0,1,0,X,0.0,0.0,0.0,0.0,0.0,0.0,0.0,0.0,27,0.04149840801321881,24,36,-12,0,0,0,0,0,0,0,0,1
1cyd,A,65,ASP,-3.5,111.1,-1.0,1,3,X,0.0,0.0,0.0,0.0,0.0,0.0,0.0,0.0,16,0.03310547156110714,21,19,2,0,0,0,0,0,0,0,0,1
1cyd,A,66,ALA,1.8,88.6,0.0,0,0,X,0.0,0.0,0.0,0.0,0.0,0.0,0.0,0.0,20,0.03450429430312575,10,33,-23,0,0,0,0,0,0,0,0,1
1cyd,A,67,THR,-0.7,116.1,0.0,1,1,X,0.0,0.0,0.0,0.0,0.0,0.0,0.0,0.0,29,0.048958795970651406,15,32,-17,0,0,0,0,0,0,0,0,1
1cyd,A,68,GLU,-3.5,138.4,-1.0,1,3,X,0.0,0.0,0.0,0.0,0.0,0.0,0.0,0.0,18,0.03870076252918159,13,14,-1,0,0,0,0,0,0,0,0,1
1cyd,A,69,LYS,-3.9,168.6,1.0,2,0,X,0.0,0.0,0.0,0.0,0.0,0.0,0.0,0.0,17,0.02797645484037223,0,27,-27,0,0,0,0,0,0,0,0,1
1cyd,A,70,ALA,1.8,88.6,0.0,0,0,X,0.0,0.0,0.0,0.0,0.0,0.0,0.0,0.0,26,0.03403802005578621,9,20,-11,0,0,0,0,0,0,0,0,1
1cyd,A,71,LEU,3.8,166.7,0.0,0,0,X,0.0,0.0,0.0,0.0,0.0,0.0,0.0,0.0,34,0.03450429430312575,12,15,-3,0,0,0,0,0,0,0,0,1
1cyd,A,72,GLY,-0.4,60.1,0.0,0,0,X,0.0,0.0,0.0,0.0,0.0,0.0,0.0,0.0,23,0.02611135785101408,13,14,-1,0,0,0,0,0,0,0,0,1
1cyd,A,73,GLY,-0.4,60.1,0.0,0,0,X,0.0,0.0,0.0,0.0,0.0,0.0,0.0,0.0,17,0.018650969893581486,10,12,-2,0,0,0,0,0,0,0,0,1
1cyd,A,74,ILE,4.5,166.7,0.0,0,0,X,0.0,0.0,0.0,0.0,0.0,0.0,0.0,0.0,25,0.02611135785101408,12,16,-4,0,0,0,0,0,0,0,0,1
1cyd,A,75,GLY,-0.4,60.1,0.0,0,0,X,0.0,0.0,0.0,0.0,0.0,0.0,0.0,0.0,22,0.02331371236697686,21,18,3,0,0,0,0,0,0,0,0,1
1cyd,A,76,PRO,-1.6,112.7,0.0,0,0,X,0.0,0.0,0.0,0.0,0.0,0.0,0.0,0.0,24,0.030774100324409453,29,19,10,0,0,0,0,0,0,0,0,1
1cyd,A,77,VAL,4.2,140.0,0.0,0,0,X,0.0,0.0,0.0,0.0,0.0,0.0,0.0,0.0,36,0.04709369898129325,28,19,9,0,0,0,0,0,0,0,0,1
1cyd,A,78,ASP,-3.5,111.1,-1.0,1,3,X,0.0,0.0,0.0,0.0,0.0,0.0,0.0,0.0,32,0.04476232774459557,24,8,16,0,0,0,0,0,0,0,0,1
1cyd,A,79,LEU,3.8,166.7,0.0,0,0,X,0.0,0.0,0.0,0.0,0.0,0.0,0.0,0.0,38,0.048026247475972325,19,10,9,0,0,0,0,0,0,0,0,1
1cyd,A,80,LEU,3.8,166.7,0.0,0,0,X,0.0,0.0,0.0,0.0,0.0,0.0,0.0,0.0,42,0.048492521723311866,5,6,-1,0,0,0,0,0,0,0,0,1
1cyd,A,81,VAL,4.2,140.0,0.0,0,0,X,0.0,0.0,0.0,0.0,0.0,0.0,0.0,0.0,46,0.048026247475972325,3,2,1,0,0,0,0,0,0,0,0,1
1cyd,A,82,ASN,-3.5,114.1,0.0,2,2,X,0.0,0.0,0.0,0.0,0.0,0.0,0.0,0.0,45,0.04755997322863279,3,0,3,0,0,0,0,0,0,0,0,1
1cyd,A,83,ASN,-3.5,114.1,0.0,2,2,X,0.0,0.0,0.0,0.0,0.0,0.0,0.0,0.0,40,0.04243095650789788,12,1,11,0,0,0,0,0,0,0,0,1
1cyd,A,84,ALA,1.8,88.6,0.0,0,0,X,0.0,0.0,0.0,0.0,0.0,0.0,0.0,0.0,43,0.0363693912924839,17,3,14,0,0,0,0,0,0,0,0,1
1cyd,A,85,ALA,1.8,88.6,0.0,0,0,X,0.0,0.0,0.0,0.0,0.0,0.0,0.0,0.0,34,0.03357174580844668,19,1,18,0,0,0,0,0,0,0,0,1
1cyd,A,86,LEU,3.8,166.7,0.0,0,0,X,0.0,0.0,0.0,0.0,0.0,0.0,0.0,0.0,30,0.034970568550465285,23,5,18,0,0,0,0,0,0,0,0,1
1cyd,A,87,VAL,4.2,140.0,0.0,0,0,X,0.0,0.0,0.0,0.0,0.0,0.0,0.0,0.0,30,0.034970568550465285,19,4,15,0,0,0,0,0,0,0,0,1
1cyd,A,88,ILE,4.5,166.7,0.0,0,0,X,0.0,0.0,0.0,0.0,0.0,0.0,0.0,0.0,29,0.03450429430312575,17,11,6,0,0,0,0,0,0,0,0,1
1cyd,A,89,MET,1.9,162.9,0.0,0,0,X,0.0,0.0,0.0,0.0,0.0,0.0,0.0,0.0,24,0.03450429430312575,9,7,2,0,0,0,0,0,0,0,0,1
1cyd,A,90,GLN,-3.5,143.8,0.0,2,2,X,0.0,0.0,0.0,0.0,0.0,0.0,0.0,0.0,25,0.03823448828184205,3,16,-13,0,0,0,0,0,0,0,0,1
1cyd,A,91,PRO,-1.6,112.7,0.0,0,0,X,0.0,0.0,0.0,0.0,0.0,0.0,0.0,0.0,21,0.03823448828184205,0,18,-18,0,0,0,0,0,0,0,0,1
1cyd,A,92,PHE,2.8,189.9,0.0,0,0,X,0.0,0.0,0.0,0.0,0.0,0.0,0.0,0.0,39,0.04755997322863279,9,18,-9,0,0,0,0,0,0,0,0,1
1cyd,A,93,LEU,3.8,166.7,0.0,0,0,X,0.0,0.0,0.0,0.0,0.0,0.0,0.0,0.0,25,0.03590311704514436,17,18,-1,0,0,0,0,0,0,0,0,1
1cyd,A,94,GLU,-3.5,138.4,-1.0,1,3,X,0.0,0.0,0.0,0.0,0.0,0.0,0.0,0.0,16,0.028909003335051305,4,3,1,0,0,0,0,0,0,0,0,1
1cyd,A,95,VAL,4.2,140.0,0.0,0,0,X,0.0,0.0,0.0,0.0,0.0,0.0,0.0,0.0,29,0.04476232774459557,12,20,-8,0,0,0,0,0,0,0,0,1
1cyd,A,96,THR,-0.7,116.1,0.0,1,1,X,0.0,0.0,0.0,0.0,0.0,0.0,0.0,0.0,23,0.03357174580844668,19,25,-6,0,0,0,0,0,0,0,0,1
1cyd,A,97,LYS,-3.9,168.6,1.0,2,0,X,0.0,0.0,0.0,0.0,0.0,0.0,0.0,0.0,22,0.03823448828184205,15,33,-18,0,0,0,0,0,0,0,0,1
1cyd,A,98,GLU,-3.5,138.4,-1.0,1,3,X,0.0,0.0,0.0,0.0,0.0,0.0,0.0,0.0,16,0.03124037457174899,24,12,12,0,0,0,0,0,0,0,0,1
1cyd,A,99,ALA,1.8,88.6,0.0,0,0,X,0.0,0.0,0.0,0.0,0.0,0.0,0.0,0.0,26,0.03916703677652112,25,20,5,0,0,0,0,0,0,0,0,1
1cyd,A,100,PHE,2.8,189.9,0.0,0,0,X,0.0,0.0,0.0,0.0,0.0,0.0,0.0,0.0,29,0.04755997322863279,27,17,10,0,0,0,0,0,0,0,0,1
1cyd,A,101,ASP,-3.5,111.1,-1.0,1,3,X,0.0,0.0,0.0,0.0,0.0,0.0,0.0,0.0,19,0.03776821403450251,36,9,27,0,0,0,0,0,0,0,0,1
1cyd,A,102,ARG,-4.5,173.4,1.0,5,0,X,0.0,0.0,0.0,0.0,0.0,0.0,0.0,0.0,24,0.0363693912924839,13,24,-11,0,0,0,0,0,0,0,0,1
1cyd,A,103,SER,-0.8,89.0,0.0,1,1,X,0.0,0.0,0.0,0.0,0.0,0.0,0.0,0.0,32,0.05222271570202816,23,13,10,0,0,0,0,0,0,0,0,1
1cyd,A,104,PHE,2.8,189.9,0.0,0,0,X,0.0,0.0,0.0,0.0,0.0,0.0,0.0,0.0,29,0.05035761871267001,33,16,17,0,0,0,0,0,0,0,0,1
1cyd,A,105,SER,-0.8,89.0,0.0,1,1,X,0.0,0.0,0.0,0.0,0.0,0.0,0.0,0.0,27,0.04476232774459557,27,30,-3,0,0,0,0,0,0,0,0,1
1cyd,A,106,VAL,4.2,140.0,0.0,0,0,X,0.0,0.0,0.0,0.0,0.0,0.0,0.0,0.0,37,0.048026247475972325,28,19,9,0,0,0,0,0,0,0,0,1
1cyd,A,107,ASN,-3.5,114.1,0.0,2,2,X,0.0,0.0,0.0,0.0,0.0,0.0,0.0,0.0,36,0.04755997322863279,25,3,22,0,0,0,0,0,0,0,0,1
1cyd,A,108,LEU,3.8,166.7,0.0,0,0,X,0.0,0.0,0.0,0.0,0.0,0.0,0.0,0.0,37,0.05129016720734909,22,2,20,0,0,0,0,0,0,0,0,1
1cyd,A,109,ARG,-4.5,173.4,1.0,5,0,X,0.0,0.0,0.0,0.0,0.0,0.0,0.0,0.0,29,0.050823892960009553,14,28,-14,0,0,0,0,0,0,0,0,1
1cyd,A,110,SER,-0.8,89.0,0.0,1,1,X,0.0,0.0,0.0,0.0,0.0,0.0,0.0,0.0,40,0.05175644145468863,13,10,3,0,0,0,0,0,0,0,0,1
1cyd,A,111,VAL,4.2,140.0,0.0,0,0,X,0.0,0.0,0.0,0.0,0.0,0.0,0.0,0.0,42,0.048492521723311866,9,0,9,0,0,0,0,0,0,0,0,1
1cyd,A,112,PHE,2.8,189.9,0.0,0,0,X,0.0,0.0,0.0,0.0,0.0,0.0,0.0,0.0,39,0.048958795970651406,15,7,8,0,0,0,0,0,0,0,0,1
1cyd,A,113,GLN,-3.5,143.8,0.0,2,2,X,0.0,0.0,0.0,0.0,0.0,0.0,0.0,0.0,34,0.04662742473395372,23,20,3,0,0,0,0,0,0,0,0,1
1cyd,A,114,VAL,4.2,140.0,0.0,0,0,X,0.0,0.0,0.0,0.0,0.0,0.0,0.0,0.0,38,0.04429605349725603,12,6,6,0,0,0,0,0,0,0,0,1
1cyd,A,115,SER,-0.8,89.0,0.0,1,1,X,0.0,0.0,0.0,0.0,0.0,0.0,0.0,0.0,38,0.04289723075523742,14,3,11,0,0,0,0,0,0,0,0,1
1cyd,A,116,GLN,-3.5,143.8,0.0,2,2,X,0.0,0.0,0.0,0.0,0.0,0.0,0.0,0.0,30,0.045694876239274644,14,10,4,0,0,0,0,0,0,0,0,1
1cyd,A,117,MET,1.9,162.9,0.0,0,0,X,0.0,0.0,0.0,0.0,0.0,0.0,0.0,0.0,32,0.03730193978716297,13,17,-4,0,0,0,0,0,0,0,0,1
1cyd,A,118,VAL,4.2,140.0,0.0,0,0,X,0.0,0.0,0.0,0.0,0.0,0.0,0.0,0.0,39,0.043829779249916496,20,15,5,0,0,0,0,0,0,0,0,1
1cyd,A,119,ALA,1.8,88.6,0.0,0,0,X,0.0,0.0,0.0,0.0,0.0,0.0,0.0,0.0,37,0.04476232774459557,34,14,20,0,0,0,0,0,0,0,0,1
1cyd,A,120,ARG,-4.5,173.4,1.0,5,0,X,0.0,0.0,0.0,0.0,0.0,0.0,0.0,0.0,22,0.03683566553982344,3,13,-10,0,0,0,0,0,0,0,0,1
1cyd,A,121,ASP,-3.5,111.1,-1.0,1,3,X,0.0,0.0,0.0,0.0,0.0,0.0,0.0,0.0,27,0.04149840801321881,24,8,16,0,0,0,0,0,0,0,0,1
1cyd,A,122,MET,1.9,162.9,0.0,0,0,X,0.0,0.0,0.0,0.0,0.0,0.0,0.0,0.0,30,0.04755997322863279,38,16,22,0,0,0,0,0,0,0,0,1
1cyd,A,123,ILE,4.5,166.7,0.0,0,0,X,0.0,0.0,0.0,0.0,0.0,0.0,0.0,0.0,22,0.03870076252918159,39,10,29,0,0,0,0,0,0,0,0,1
1cyd,A,124,ASN,-3.5,114.1,0.0,2,2,X,0.0,0.0,0.0,0.0,0.0,0.0,0.0,0.0,17,0.02611135785101408,24,8,16,0,0,0,0,0,0,0,0,1
1cyd,A,125,ARG,-4.5,173.4,1.0,5,0,X,0.0,0.0,0.0,0.0,0.0,0.0,0.0,0.0,19,0.025178809356335007,7,16,-9,0,0,0,0,0,0,0,0,1
1cyd,A,126,GLY,-0.4,60.1,0.0,0,0,X,0.0,0.0,0.0,0.0,0.0,0.0,0.0,0.0,17,0.027510180593032695,31,10,21,0,0,0,0,0,0,0,0,1
1cyd,A,127,VAL,4.2,140.0,0.0,0,0,X,0.0,0.0,0.0,0.0,0.0,0.0,0.0,0.0,21,0.03310547156110714,31,16,15,0,0,0,0,0,0,0,0,1
1cyd,A,128,PRO,-1.6,112.7,0.0,0,0,X,0.0,0.0,0.0,0.0,0.0,0.0,0.0,0.0,26,0.03124037457174899,36,13,23,0,0,0,0,0,0,0,0,1
1cyd,A,129,GLY,-0.4,60.1,0.0,0,0,X,0.0,0.0,0.0,0.0,0.0,0.0,0.0,0.0,36,0.04149840801321881,30,14,16,0,0,0,0,0,0,0,0,1
1cyd,A,130,SER,-0.8,89.0,0.0,1,1,X,0.0,0.0,0.0,0.0,0.0,0.0,0.0,0.0,43,0.04755997322863279,18,12,6,0,0,0,0,0,0,0,0,1
1cyd,A,131,ILE,4.5,166.7,0.0,0,0,X,0.0,0.0,0.0,0.0,0.0,0.0,0.0,0.0,40,0.05222271570202816,13,4,9,0,0,0,0,0,0,0,0,1
1cyd,A,132,VAL,4.2,140.0,0.0,0,0,X,0.0,0.0,0.0,0.0,0.0,0.0,0.0,0.0,46,0.053621538444046775,8,1,7,0,0,0,0,0,0,0,0,1
1cyd,A,133,ASN,-3.5,114.1,0.0,2,2,X,0.0,0.0,0.0,0.0,0.0,0.0,0.0,0.0,43,0.04989134446533048,11,0,11,0,0,0,0,0,0,0,0,1
1cyd,A,134,VAL,4.2,140.0,0.0,0,0,X,0.0,0.0,0.0,0.0,0.0,0.0,0.0,0.0,40,0.045694876239274644,9,0,9,0,0,0,0,0,0,0,0,1
1cyd,A,135,SER,-0.8,89.0,0.0,1,1,X,0.0,0.0,0.0,0.0,0.0,0.0,0.0,0.0,41,0.04662742473395372,17,0,17,0,0,0,0,0,0,0,0,1
1cyd,A,136,SER,-0.8,89.0,0.0,1,1,X,0.0,0.0,0.0,0.0,0.0,0.0,0.0,0.0,41,0.04429605349725603,19,6,13,0,0,0,0,0,0,0,0,1
1cyd,A,137,MET,1.9,162.9,0.0,0,0,X,0.0,0.0,0.0,0.0,0.0,0.0,0.0,0.0,36,0.05035761871267001,25,8,17,0,0,0,0,0,0,0,0,1
1cyd,A,138,VAL,4.2,140.0,0.0,0,0,X,0.0,0.0,0.0,0.0,0.0,0.0,0.0,0.0,37,0.04989134446533048,24,1,23,0,0,0,0,0,0,0,0,1
1cyd,A,139,ALA,1.8,88.6,0.0,0,0,X,0.0,0.0,0.0,0.0,0.0,0.0,0.0,0.0,31,0.048492521723311866,24,0,24,0,0,0,0,0,0,0,0,1
1cyd,A,140,HIS,-3.2,153.2,0.1,2,1,X,0.0,0.0,0.0,0.0,0.0,0.0,0.0,0.0,25,0.03590311704514436,13,3,10,0,0,0,0,0,0,0,0,1
1cyd,A,141,VAL,4.2,140.0,0.0,0,0,X,0.0,0.0,0.0,0.0,0.0,0.0,0.0,0.0,29,0.04289723075523742,30,3,27,0,0,0,0,0,0,0,0,1
1cyd,A,142,THR,-0.7,116.1,0.0,1,1,X,0.0,0.0,0.0,0.0,0.0,0.0,0.0,0.0,34,0.04942507021799094,26,7,19,0,0,0,0,0,0,0,0,1
1cyd,A,143,PHE,2.8,189.9,0.0,0,0,X,0.0,0.0,0.0,0.0,0.0,0.0,0.0,0.0,36,0.03916703677652112,12,4,8,0,0,0,0,0,0,0,0,1
1cyd,A,144,PRO,-1.6,112.7,0.0,0,0,X,0.0,0.0,0.0,0.0,0.0,0.0,0.0,0.0,31,0.03310547156110714,5,10,-5,0,0,0,0,0,0,0,0,1
1cyd,A,145,ASN,-3.5,114.1,0.0,2,2,X,0.0,0.0,0.0,0.0,0.0,0.0,0.0,0.0,24,0.034970568550465285,3,16,-13,0,0,0,0,0,0,0,0,1
1cyd,A,146,LEU,3.8,166.7,0.0,0,0,X,0.0,0.0,0.0,0.0,0.0,0.0,0.0,0.0,36,0.048958795970651406,10,4,6,0,0,0,0,0,0,0,0,1
1cyd,A,147,ILE,4.5,166.7,0.0,0,0,X,0.0,0.0,0.0,0.0,0.0,0.0,0.0,0.0,42,0.053155264196707235,6,11,-5,0,0,0,0,0,0,0,0,1
1cyd,A,148,THR,-0.7,116.1,0.0,1,1,X,0.0,0.0,0.0,0.0,0.0,0.0,0.0,0.0,40,0.050823892960009553,15,11,4,0,0,0,0,0,0,0,0,1
1cyd,A,149,TYR,-1.3,193.6,0.0,1,1,X,0.0,0.0,0.0,0.0,0.0,0.0,0.0,0.0,39,0.048958795970651406,11,0,11,0,0,0,0,0,0,0,0,1
1cyd,A,150,SER,-0.8,89.0,0.0,1,1,X,0.0,0.0,0.0,0.0,0.0,0.0,0.0,0.0,39,0.05129016720734909,25,1,24,0,0,0,0,0,0,0,0,1
1cyd,A,151,SER,-0.8,89.0,0.0,1,1,X,0.0,0.0,0.0,0.0,0.0,0.0,0.0,0.0,30,0.05502036118606539,19,0,19,0,0,0,0,0,0,0,0,1
1cyd,A,152,THR,-0.7,116.1,0.0,1,1,X,0.0,0.0,0.0,0.0,0.0,0.0,0.0,0.0,35,0.053621538444046775,13,1,12,0,0,0,0,0,0,0,0,1
1cyd,A,153,LYS,-3.9,168.6,1.0,2,0,X,0.0,0.0,0.0,0.0,0.0,0.0,0.0,0.0,40,0.053155264196707235,9,0,9,0,0,0,0,0,0,0,0,1
1cyd,A,154,GLY,-0.4,60.1,0.0,0,0,X,0.0,0.0,0.0,0.0,0.0,0.0,0.0,0.0,26,0.053621538444046775,31,0,31,0,0,0,0,0,0,0,0,1
1cyd,A,155,ALA,1.8,88.6,0.0,0,0,X,0.0,0.0,0.0,0.0,0.0,0.0,0.0,0.0,29,0.05502036118606539,23,0,23,0,0,0,0,0,0,0,0,1
1cyd,A,156,MET,1.9,162.9,0.0,0,0,X,0.0,0.0,0.0,0.0,0.0,0.0,0.0,0.0,43,0.050823892960009553,19,0,19,0,0,0,0,0,0,0,0,1
1cyd,A,157,THR,-0.7,116.1,0.0,1,1,X,0.0,0.0,0.0,0.0,0.0,0.0,0.0,0.0,33,0.045228601991935104,34,0,34,0,0,0,0,0,0,0,0,1
1cyd,A,158,MET,1.9,162.9,0.0,0,0,X,0.0,0.0,0.0,0.0,0.0,0.0,0.0,0.0,37,0.048958795970651406,28,1,27,0,0,0,0,0,0,0,0,1
1cyd,A,159,LEU,3.8,166.7,0.0,0,0,X,0.0,0.0,0.0,0.0,0.0,0.0,0.0,0.0,44,0.048958795970651406,16,5,11,0,0,0,0,0,0,0,0,1
1cyd,A,160,THR,-0.7,116.1,0.0,1,1,X,0.0,0.0,0.0,0.0,0.0,0.0,0.0,0.0,40,0.048958795970651406,14,1,13,0,0,0,0,0,0,0,0,1
1cyd,A,161,LYS,-3.9,168.6,1.0,2,0,X,0.0,0.0,0.0,0.0,0.0,0.0,0.0,0.0,38,0.048492521723311866,8,5,3,0,0,0,0,0,0,0,0,1
1cyd,A,162,ALA,1.8,88.6,0.0,0,0,X,0.0,0.0,0.0,0.0,0.0,0.0,0.0,0.0,43,0.05035761871267001,11,9,2,0,0,0,0,0,0,0,0,1
1cyd,A,163,MET,1.9,162.9,0.0,0,0,X,0.0,0.0,0.0,0.0,0.0,0.0,0.0,0.0,44,0.04662742473395372,13,9,4,0,0,0,0,0,0,0,0,1
1cyd,A,164,ALA,1.8,88.6,0.0,0,0,X,0.0,0.0,0.0,0.0,0.0,0.0,0.0,0.0,41,0.05502036118606539,30,12,18,0,0,0,0,0,0,0,0,1
1cyd,A,165,MET,1.9,162.9,0.0,0,0,X,0.0,0.0,0.0,0.0,0.0,0.0,0.0,0.0,36,0.04709369898129325,27,10,17,0,0,0,0,0,0,0,0,1
1cyd,A,166,GLU,-3.5,138.4,-1.0,1,3,X,0.0,0.0,0.0,0.0,0.0,0.0,0.0,0.0,32,0.03776821403450251,16,1,15,0,0,0,0,0,0,0,0,1
1cyd,A,167,LEU,3.8,166.7,0.0,0,0,X,0.0,0.0,0.0,0.0,0.0,0.0,0.0,0.0,36,0.045228601991935104,29,9,20,0,0,0,0,0,0,0,0,1
1cyd,A,168,GLY,-0.4,60.1,0.0,0,0,X,0.0,0.0,0.0,0.0,0.0,0.0,0.0,0.0,34,0.048492521723311866,54,8,46,0,0,0,0,0,0,0,0,1
1cyd,A,169,PRO,-1.6,112.7,0.0,0,0,X,0.0,0.0,0.0,0.0,0.0,0.0,0.0,0.0,22,0.034970568550465285,43,10,33,0,0,0,0,0,0,0,0,1
1cyd,A,170,HIS,-3.2,153.2,0.1,2,1,X,0.0,0.0,0.0,0.0,0.0,0.0,0.0,0.0,26,0.034970568550465285,25,8,17,0,0,0,0,0,0,0,0,1
1cyd,A,171,LYS,-3.9,168.6,1.0,2,0,X,0.0,0.0,0.0,0.0,0.0,0.0,0.0,0.0,23,0.03450429430312575,31,2,29,0,0,0,0,0,0,0,0,1
1cyd,A,172,ILE,4.5,166.7,0.0,0,0,X,0.0,0.0,0.0,0.0,0.0,0.0,0.0,0.0,40,0.04755997322863279,33,9,24,0,0,0,0,0,0,0,0,1
1cyd,A,173,ARG,-4.5,173.4,1.0,5,0,X,0.0,0.0,0.0,0.0,0.0,0.0,0.0,0.0,43,0.04755997322863279,16,8,8,0,0,0,0,0,0,0,0,1
1cyd,A,174,VAL,4.2,140.0,0.0,0,0,X,0.0,0.0,0.0,0.0,0.0,0.0,0.0,0.0,45,0.053155264196707235,19,4,15,0,0,0,0,0,0,0,0,1
1cyd,A,175,ASN,-3.5,114.1,0.0,2,2,X,0.0,0.0,0.0,0.0,0.0,0.0,0.0,0.0,43,0.04662742473395372,17,1,16,0,0,0,0,0,0,0,0,1
1cyd,A,176,SER,-0.8,89.0,0.0,1,1,X,0.0,0.0,0.0,0.0,0.0,0.0,0.0,0.0,39,0.048958795970651406,12,0,12,0,0,0,0,0,0,0,0,1
1cyd,A,177,VAL,4.2,140.0,0.0,0,0,X,0.0,0.0,0.0,0.0,0.0,0.0,0.0,0.0,41,0.05175644145468863,5,5,0,0,0,0,0,0,0,0,0,1
1cyd,A,178,ASN,-3.5,114.1,0.0,2,2,X,0.0,0.0,0.0,0.0,0.0,0.0,0.0,0.0,39,0.048026247475972325,17,8,9,0,0,0,0,0,0,0,0,1
1cyd,A,179,PRO,-1.6,112.7,0.0,0,0,X,0.0,0.0,0.0,0.0,0.0,0.0,0.0,0.0,42,0.045694876239274644,11,19,-8,0,0,0,0,0,0,0,0,1
1cyd,A,180,THR,-0.7,116.1,0.0,1,1,X,0.0,0.0,0.0,0.0,0.0,0.0,0.0,0.0,39,0.050823892960009553,19,15,4,0,0,0,0,0,0,0,0,1
1cyd,A,181,VAL,4.2,140.0,0.0,0,0,X,0.0,0.0,0.0,0.0,0.0,0.0,0.0,0.0,37,0.04243095650789788,28,14,14,0,0,0,0,0,0,0,0,1
1cyd,A,182,VAL,4.2,140.0,0.0,0,0,X,0.0,0.0,0.0,0.0,0.0,0.0,0.0,0.0,32,0.04149840801321881,14,25,-11,0,0,0,0,0,0,0,0,1
1cyd,A,183,LEU,3.8,166.7,0.0,0,0,X,0.0,0.0,0.0,0.0,0.0,0.0,0.0,0.0,21,0.0363693912924839,18,16,2,0,0,0,0,0,0,0,0,1
1cyd,A,184,THR,-0.7,116.1,0.0,1,1,X,0.0,0.0,0.0,0.0,0.0,0.0,0.0,0.0,23,0.032172923066428064,23,14,9,0,0,0,0,0,0,0,0,1
1cyd,A,185,ASP,-3.5,111.1,-1.0,1,3,X,0.0,0.0,0.0,0.0,0.0,0.0,0.0,0.0,16,0.027043906345693154,27,0,27,0,0,0,0,0,0,0,0,1
1cyd,A,186,MET,1.9,162.9,0.0,0,0,X,0.0,0.0,0.0,0.0,0.0,0.0,0.0,0.0,28,0.03357174580844668,25,8,17,0,0,0,0,0,0,0,0,1
1cyd,A,187,GLY,-0.4,60.1,0.0,0,0,X,0.0,0.0,0.0,0.0,0.0,0.0,0.0,0.0,25,0.03870076252918159,18,9,9,0,0,0,0,0,0,0,0,1
1cyd,A,188,LYS,-3.9,168.6,1.0,2,0,X,0.0,0.0,0.0,0.0,0.0,0.0,0.0,0.0,14,0.03450429430312575,8,9,-1,0,0,0,0,0,0,0,0,1
1cyd,A,189,LYS,-3.9,168.6,1.0,2,0,X,0.0,0.0,0.0,0.0,0.0,0.0,0.0,0.0,22,0.027510180593032695,8,10,-2,0,0,0,0,0,0,0,0,1
1cyd,A,190,VAL,4.2,140.0,0.0,0,0,X,0.0,0.0,0.0,0.0,0.0,0.0,0.0,0.0,29,0.03403802005578621,16,10,6,0,0,0,0,0,0,0,0,1
1cyd,A,191,SER,-0.8,89.0,0.0,1,1,X,0.0,0.0,0.0,0.0,0.0,0.0,0.0,0.0,26,0.03916703677652112,27,15,12,0,0,0,0,0,0,0,0,1
1cyd,A,192,ALA,1.8,88.6,0.0,0,0,X,0.0,0.0,0.0,0.0,0.0,0.0,0.0,0.0,20,0.027510180593032695,17,14,3,0,0,0,0,0,0,0,0,1
1cyd,A,193,ASP,-3.5,111.1,-1.0,1,3,X,0.0,0.0,0.0,0.0,0.0,0.0,0.0,0.0,18,0.02471253510899547,19,9,10,0,0,0,0,0,0,0,0,1
1cyd,A,194,PRO,-1.6,112.7,0.0,0,0,X,0.0,0.0,0.0,0.0,0.0,0.0,0.0,0.0,13,0.025178809356335007,19,17,2,0,0,0,0,0,0,0,0,1
1cyd,A,195,GLU,-3.5,138.4,-1.0,1,3,X,0.0,0.0,0.0,0.0,0.0,0.0,0.0,0.0,11,0.027043906345693154,22,12,10,0,0,0,0,0,0,0,0,1
1cyd,A,196,PHE,2.8,189.9,0.0,0,0,X,0.0,0.0,0.0,0.0,0.0,0.0,0.0,0.0,24,0.035436842797804825,32,18,14,0,0,0,0,0,0,0,0,1
1cyd,A,197,ALA,1.8,88.6,0.0,0,0,X,0.0,0.0,0.0,0.0,0.0,0.0,0.0,0.0,23,0.04429605349725603,42,24,18,0,0,0,0,0,0,0,0,1
1cyd,A,198,ARG,-4.5,173.4,1.0,5,0,X,0.0,0.0,0.0,0.0,0.0,0.0,0.0,0.0,13,0.03590311704514436,23,24,-1,0,0,0,0,0,0,0,0,1
1cyd,A,199,LYS,-3.9,168.6,1.0,2,0,X,0.0,0.0,0.0,0.0,0.0,0.0,0.0,0.0,17,0.03590311704514436,42,25,17,0,0,0,0,0,0,0,0,1
1cyd,A,200,LEU,3.8,166.7,0.0,0,0,X,0.0,0.0,0.0,0.0,0.0,0.0,0.0,0.0,28,0.043829779249916496,60,16,44,0,0,0,0,0,0,0,0,1
1cyd,A,201,LYS,-3.9,168.6,1.0,2,0,X,0.0,0.0,0.0,0.0,0.0,0.0,0.0,0.0,24,0.043363505002576956,56,13,43,0,0,0,0,0,0,0,0,1
1cyd,A,202,GLU,-3.5,138.4,-1.0,1,3,X,0.0,0.0,0.0,0.0,0.0,0.0,0.0,0.0,17,0.03963331102386066,64,3,61,0,0,0,0,0,0,0,0,1
1cyd,A,203,ARG,-4.5,173.4,1.0,5,0,X,0.0,0.0,0.0,0.0,0.0,0.0,0.0,0.0,26,0.04476232774459557,36,11,25,0,0,0,0,0,0,0,0,1
1cyd,A,204,HIS,-3.2,153.2,0.1,2,1,X,0.0,0.0,0.0,0.0,0.0,0.0,0.0,0.0,34,0.05222271570202816,52,16,36,0,0,0,0,0,0,0,0,1
1cyd,A,205,PRO,-1.6,112.7,0.0,0,0,X,0.0,0.0,0.0,0.0,0.0,0.0,0.0,0.0,38,0.05035761871267001,62,20,42,0,0,0,0,0,0,0,0,1
1cyd,A,206,LEU,3.8,166.7,0.0,0,0,X,0.0,0.0,0.0,0.0,0.0,0.0,0.0,0.0,38,0.045228601991935104,64,16,48,0,0,0,0,0,0,0,0,1
1cyd,A,207,ARG,-4.5,173.4,1.0,5,0,X,0.0,0.0,0.0,0.0,0.0,0.0,0.0,0.0,25,0.03963331102386066,47,12,35,0,0,0,0,0,0,0,0,1
1cyd,A,208,LYS,-3.9,168.6,1.0,2,0,X,0.0,0.0,0.0,0.0,0.0,0.0,0.0,0.0,30,0.03776821403450251,39,23,16,0,0,0,0,0,0,0,0,1
1cyd,A,209,PHE,2.8,189.9,0.0,0,0,X,0.0,0.0,0.0,0.0,0.0,0.0,0.0,0.0,35,0.04616115048661418,45,18,27,0,0,0,0,0,0,0,0,1
1cyd,A,210,ALA,1.8,88.6,0.0,0,0,X,0.0,0.0,0.0,0.0,0.0,0.0,0.0,0.0,31,0.048026247475972325,20,30,-10,0,0,0,0,0,0,0,0,1
1cyd,A,211,GLU,-3.5,138.4,-1.0,1,3,X,0.0,0.0,0.0,0.0,0.0,0.0,0.0,0.0,23,0.03310547156110714,9,20,-11,0,0,0,0,0,0,0,0,1
1cyd,A,212,VAL,4.2,140.0,0.0,0,0,X,0.0,0.0,0.0,0.0,0.0,0.0,0.0,0.0,29,0.03916703677652112,9,35,-26,0,0,0,0,0,0,0,0,1
1cyd,A,213,GLU,-3.5,138.4,-1.0,1,3,X,0.0,0.0,0.0,0.0,0.0,0.0,0.0,0.0,22,0.03170664881908853,12,31,-19,0,0,0,0,0,0,0,0,1
1cyd,A,214,ASP,-3.5,111.1,-1.0,1,3,X,0.0,0.0,0.0,0.0,0.0,0.0,0.0,0.0,34,0.048026247475972325,19,29,-10,0,0,0,0,0,0,0,0,1
1cyd,A,215,VAL,4.2,140.0,0.0,0,0,X,0.0,0.0,0.0,0.0,0.0,0.0,0.0,0.0,41,0.048026247475972325,3,31,-28,0,0,0,0,0,0,0,0,1
1cyd,A,216,VAL,4.2,140.0,0.0,0,0,X,0.0,0.0,0.0,0.0,0.0,0.0,0.0,0.0,35,0.043829779249916496,18,30,-12,0,0,0,0,0,0,0,0,1
1cyd,A,217,ASN,-3.5,114.1,0.0,2,2,X,0.0,0.0,0.0,0.0,0.0,0.0,0.0,0.0,28,0.043363505002576956,11,32,-21,0,0,0,0,0,0,0,0,1
1cyd,A,218,SER,-0.8,89.0,0.0,1,1,X,0.0,0.0,0.0,0.0,0.0,0.0,0.0,0.0,34,0.048958795970651406,8,14,-6,0,0,0,0,0,0,0,0,1
1cyd,A,219,ILE,4.5,166.7,0.0,0,0,X,0.0,0.0,0.0,0.0,0.0,0.0,0.0,0.0,42,0.045228601991935104,1,9,-8,0,0,0,0,0,0,0,0,1
1cyd,A,220,LEU,3.8,166.7,0.0,0,0,X,0.0,0.0,0.0,0.0,0.0,0.0,0.0,0.0,37,0.04616115048661418,14,7,7,0,0,0,0,0,0,0,0,1
1cyd,A,221,PHE,2.8,189.9,0.0,0,0,X,0.0,0.0,0.0,0.0,0.0,0.0,0.0,0.0,27,0.04476232774459557,22,11,11,0,0,0,0,0,0,0,0,1
1cyd,A,222,LEU,3.8,166.7,0.0,0,0,X,0.0,0.0,0.0,0.0,0.0,0.0,0.0,0.0,37,0.05222271570202816,17,4,13,0,0,0,0,0,0,0,0,1
1cyd,A,223,LEU,3.8,166.7,0.0,0,0,X,0.0,0.0,0.0,0.0,0.0,0.0,0.0,0.0,41,0.048026247475972325,17,12,5,0,0,0,0,0,0,0,0,1
1cyd,A,224,SER,-0.8,89.0,0.0,1,1,X,0.0,0.0,0.0,0.0,0.0,0.0,0.0,0.0,29,0.043363505002576956,18,10,8,0,0,0,0,0,0,0,0,1
1cyd,A,225,ASP,-3.5,111.1,-1.0,1,3,X,0.0,0.0,0.0,0.0,0.0,0.0,0.0,0.0,22,0.03170664881908853,18,14,4,0,0,0,0,0,0,0,0,1
1cyd,A,226,ARG,-4.5,173.4,1.0,5,0,X,0.0,0.0,0.0,0.0,0.0,0.0,0.0,0.0,20,0.040565859518539735,5,25,-20,0,0,0,0,0,0,0,0,1
1cyd,A,227,SER,-0.8,89.0,0.0,1,1,X,0.0,0.0,0.0,0.0,0.0,0.0,0.0,0.0,33,0.050823892960009553,24,22,2,0,0,0,0,0,0,0,0,1
1cyd,A,228,ALA,1.8,88.6,0.0,0,0,X,0.0,0.0,0.0,0.0,0.0,0.0,0.0,0.0,34,0.03403802005578621,34,38,-4,0,0,0,0,0,0,0,0,1
1cyd,A,229,SER,-0.8,89.0,0.0,1,1,X,0.0,0.0,0.0,0.0,0.0,0.0,0.0,0.0,41,0.04662742473395372,29,32,-3,0,0,0,0,0,0,0,0,1
1cyd,A,230,THR,-0.7,116.1,0.0,1,1,X,0.0,0.0,0.0,0.0,0.0,0.0,0.0,0.0,42,0.050823892960009553,20,20,0,0,0,0,0,0,0,0,0,1
1cyd,A,231,SER,-0.8,89.0,0.0,1,1,X,0.0,0.0,0.0,0.0,0.0,0.0,0.0,0.0,42,0.05129016720734909,29,9,20,0,0,0,0,0,0,0,0,1
1cyd,A,232,GLY,-0.4,60.1,0.0,0,0,X,0.0,0.0,0.0,0.0,0.0,0.0,0.0,0.0,42,0.050823892960009553,18,9,9,0,0,0,0,0,0,0,0,1
1cyd,A,233,GLY,-0.4,60.1,0.0,0,0,X,0.0,0.0,0.0,0.0,0.0,0.0,0.0,0.0,36,0.04196468226055834,18,6,12,0,0,0,0,0,0,0,0,1
1cyd,A,234,GLY,-0.4,60.1,0.0,0,0,X,0.0,0.0,0.0,0.0,0.0,0.0,0.0,0.0,29,0.040099585271200194,9,3,6,0,0,0,0,0,0,0,0,1
1cyd,A,235,ILE,4.5,166.7,0.0,0,0,X,0.0,0.0,0.0,0.0,0.0,0.0,0.0,0.0,30,0.04103213376587927,3,8,-5,0,0,0,0,0,0,0,0,1
1cyd,A,236,LEU,3.8,166.7,0.0,0,0,X,0.0,0.0,0.0,0.0,0.0,0.0,0.0,0.0,32,0.04476232774459557,8,8,0,0,0,0,0,0,0,0,0,1
1cyd,A,237,VAL,4.2,140.0,0.0,0,0,X,0.0,0.0,0.0,0.0,0.0,0.0,0.0,0.0,46,0.05129016720734909,9,25,-16,0,0,0,0,0,0,0,0,1
1cyd,A,238,ASP,-3.5,111.1,-1.0,1,3,X,0.0,0.0,0.0,0.0,0.0,0.0,0.0,0.0,44,0.05175644145468863,26,4,22,0,0,0,0,0,0,0,0,1
1cyd,A,239,ALA,1.8,88.6,0.0,0,0,X,0.0,0.0,0.0,0.0,0.0,0.0,0.0,0.0,41,0.053621538444046775,50,15,35,0,0,0,0,0,0,0,0,1
1cyd,A,240,GLY,-0.4,60.1,0.0,0,0,X,0.0,0.0,0.0,0.0,0.0,0.0,0.0,0.0,45,0.05408781269138631,51,11,40,0,0,0,0,0,0,0,0,1
1cyd,A,241,TYR,-1.3,193.6,0.0,1,1,X,0.0,0.0,0.0,0.0,0.0,0.0,0.0,0.0,33,0.04476232774459557,43,12,31,0,0,0,0,0,0,0,0,1
1cyd,A,242,LEU,3.8,166.7,0.0,0,0,X,0.0,0.0,0.0,0.0,0.0,0.0,0.0,0.0,30,0.04243095650789788,44,8,36,0,0,0,0,0,0,0,0,1
1cyd,A,243,ALA,1.8,88.6,0.0,0,0,X,0.0,0.0,0.0,0.0,0.0,0.0,0.0,0.0,33,0.04709369898129325,36,12,24,0,0,0,0,0,0,0,0,1
1cyd,A,244,SER,-0.8,89.0,0.0,1,1,X,0.0,0.0,0.0,0.0,0.0,0.0,0.0,0.0,29,0.04103213376587927,44,8,36,0,0,0,0,0,0,0,0,1
1cyd,B,3,LEU,3.8,166.7,0.0,0,0,X,0.0,0.0,0.0,0.0,0.0,0.0,0.0,0.0,21,0.022381163872297785,8,7,1,0,0,0,0,0,0,0,0,1
1cyd,B,4,ASN,-3.5,114.1,0.0,2,2,X,0.0,0.0,0.0,0.0,0.0,0.0,0.0,0.0,16,0.02471253510899547,3,6,-3,0,0,0,0,0,0,0,0,1
1cyd,B,5,PHE,2.8,189.9,0.0,0,0,X,0.0,0.0,0.0,0.0,0.0,0.0,0.0,0.0,30,0.03590311704514436,17,12,5,0,0,0,0,0,0,0,0,1
1cyd,B,6,SER,-0.8,89.0,0.0,1,1,X,0.0,0.0,0.0,0.0,0.0,0.0,0.0,0.0,16,0.02611135785101408,16,2,14,0,0,0,0,0,0,0,0,1
1cyd,B,7,GLY,-0.4,60.1,0.0,0,0,X,0.0,0.0,0.0,0.0,0.0,0.0,0.0,0.0,17,0.02331371236697686,20,7,13,0,0,0,0,0,0,0,0,1
1cyd,B,8,LEU,3.8,166.7,0.0,0,0,X,0.0,0.0,0.0,0.0,0.0,0.0,0.0,0.0,27,0.035436842797804825,22,8,14,0,0,0,0,0,0,0,0,1
1cyd,B,9,ARG,-4.5,173.4,1.0,5,0,X,0.0,0.0,0.0,0.0,0.0,0.0,0.0,0.0,29,0.04476232774459557,14,21,-7,0,0,0,0,0,0,0,0,1
1cyd,B,10,ALA,1.8,88.6,0.0,0,0,X,0.0,0.0,0.0,0.0,0.0,0.0,0.0,0.0,37,0.04942507021799094,23,18,5,0,0,0,0,0,0,0,0,1
1cyd,B,11,LEU,3.8,166.7,0.0,0,0,X,0.0,0.0,0.0,0.0,0.0,0.0,0.0,0.0,41,0.048492521723311866,15,14,1,0,0,0,0,0,0,0,0,1
1cyd,B,12,VAL,4.2,140.0,0.0,0,0,X,0.0,0.0,0.0,0.0,0.0,0.0,0.0,0.0,44,0.0526889899493677,15,7,8,0,0,0,0,0,0,0,0,1
1cyd,B,13,THR,-0.7,116.1,0.0,1,1,X,0.0,0.0,0.0,0.0,0.0,0.0,0.0,0.0,42,0.04662742473395372,7,1,6,0,0,0,0,0,0,0,0,1
1cyd,B,14,GLY,-0.4,60.1,0.0,0,0,X,0.0,0.0,0.0,0.0,0.0,0.0,0.0,0.0,37,0.040099585271200194,27,10,17,0,0,0,0,0,0,0,0,1
1cyd,B,15,ALA,1.8,88.6,0.0,0,0,X,0.0,0.0,0.0,0.0,0.0,0.0,0.0,0.0,42,0.053155264196707235,31,17,14,0,0,0,0,0,0,0,0,1
1cyd,B,16,GLY,-0.4,60.1,0.0,0,0,X,0.0,0.0,0.0,0.0,0.0,0.0,0.0,0.0,32,0.04755997322863279,31,20,11,0,0,0,0,0,0,0,0,1
1cyd,B,17,LYS,-3.9,168.6,1.0,2,0,X,0.0,0.0,0.0,0.0,0.0,0.0,0.0,0.0,25,0.03310547156110714,20,21,-1,0,0,0,0,0,0,0,0,1
1cyd,B,18,GLY,-0.4,60.1,0.0,0,0,X,0.0,0.0,0.0,0.0,0.0,0.0,0.0,0.0,31,0.0363693912924839,26,24,2,0,0,0,0,0,0,0,0,1
1cyd,B,19,ILE,4.5,166.7,0.0,0,0,X,0.0,0.0,0.0,0.0,0.0,0.0,0.0,0.0,39,0.04196468226055834,16,22,-6,0,0,0,0,0,0,0,0,1
1cyd,B,20,GLY,-0.4,60.1,0.0,0,0,X,0.0,0.0,0.0,0.0,0.0,0.0,0.0,0.0,36,0.04662742473395372,27,9,18,0,0,0,0,0,0,0,0,1
1cyd,B,21,ARG,-4.5,173.4,1.0,5,0,X,0.0,0.0,0.0,0.0,0.0,0.0,0.0,0.0,34,0.04289723075523742,19,25,-6,0,0,0,0,0,0,0,0,1
1cyd,B,22,ASP,-3.5,111.1,-1.0,1,3,X,0.0,0.0,0.0,0.0,0.0,0.0,0.0,0.0,31,0.03870076252918159,27,16,11,0,0,0,0,0,0,0,0,1
1cyd,B,23,THR,-0.7,116.1,0.0,1,1,X,0.0,0.0,0.0,0.0,0.0,0.0,0.0,0.0,43,0.04662742473395372,24,12,12,0,0,0,0,0,0,0,0,1
1cyd,B,24,VAL,4.2,140.0,0.0,0,0,X,0.0,0.0,0.0,0.0,0.0,0.0,0.0,0.0,42,0.048026247475972325,38,18,20,0,0,0,0,0,0,0,0,1
1cyd,B,25,LYS,-3.9,168.6,1.0,2,0,X,0.0,0.0,0.0,0.0,0.0,0.0,0.0,0.0,29,0.040565859518539735,25,17,8,0,0,0,0,0,0,0,0,1
1cyd,B,26,ALA,1.8,88.6,0.0,0,0,X,0.0,0.0,0.0,0.0,0.0,0.0,0.0,0.0,29,0.03450429430312575,23,11,12,0,0,0,0,0,0,0,0,1
1cyd,B,27,LEU,3.8,166.7,0.0,0,0,X,0.0,0.0,0.0,0.0,0.0,0.0,0.0,0.0,36,0.04429605349725603,29,5,24,0,0,0,0,0,0,0,0,1
1cyd,B,28,HIS,-3.2,153.2,0.1,2,1,X,0.0,0.0,0.0,0.0,0.0,0.0,0.0,0.0,28,0.03916703677652112,17,8,9,0,0,0,0,0,0,0,0,1
1cyd,B,29,ALA,1.8,88.6,0.0,0,0,X,0.0,0.0,0.0,0.0,0.0,0.0,0.0,0.0,21,0.02611135785101408,20,4,16,0,0,0,0,0,0,0,0,1
1cyd,B,30,SER,-0.8,89.0,0.0,1,1,X,0.0,0.0,0.0,0.0,0.0,0.0,0.0,0.0,23,0.03403802005578621,19,1,18,0,0,0,0,0,0,0,0,1
1cyd,B,31,GLY,-0.4,60.1,0.0,0,0,X,0.0,0.0,0.0,0.0,0.0,0.0,0.0,0.0,21,0.03590311704514436,25,0,25,0,0,0,0,0,0,0,0,1
1cyd,B,32,ALA,1.8,88.6,0.0,0,0,X,0.0,0.0,0.0,0.0,0.0,0.0,0.0,0.0,31,0.04616115048661418,31,7,24,0,0,0,0,0,0,0,0,1
1cyd,B,33,LYS,-3.9,168.6,1.0,2,0,X,0.0,0.0,0.0,0.0,0.0,0.0,0.0,0.0,24,0.040565859518539735,21,15,6,0,0,0,0,0,0,0,0,1
1cyd,B,34,VAL,4.2,140.0,0.0,0,0,X,0.0,0.0,0.0,0.0,0.0,0.0,0.0,0.0,38,0.048492521723311866,37,10,27,0,0,0,0,0,0,0,0,1
1cyd,B,35,VAL,4.2,140.0,0.0,0,0,X,0.0,0.0,0.0,0.0,0.0,0.0,0.0,0.0,36,0.048958795970651406,18,10,8,0,0,0,0,0,0,0,0,1
1cyd,B,36,ALA,1.8,88.6,0.0,0,0,X,0.0,0.0,0.0,0.0,0.0,0.0,0.0,0.0,41,0.05129016720734909,15,13,2,0,0,0,0,0,0,0,0,1
1cyd,B,37,VAL,4.2,140.0,0.0,0,0,X,0.0,0.0,0.0,0.0,0.0,0.0,0.0,0.0,39,0.045228601991935104,8,10,-2,0,0,0,0,0,0,0,0,1
1cyd,B,38,THR,-0.7,116.1,0.0,1,1,X,0.0,0.0,0.0,0.0,0.0,0.0,0.0,0.0,33,0.04662742473395372,26,18,8,0,0,0,0,0,0,0,0,1
1cyd,B,39,ARG,-4.5,173.4,1.0,5,0,X,0.0,0.0,0.0,0.0,0.0,0.0,0.0,0.0,23,0.0363693912924839,11,15,-4,0,0,0,0,0,0,0,0,1
1cyd,B,40,THR,-0.7,116.1,0.0,1,1,X,0.0,0.0,0.0,0.0,0.0,0.0,0.0,0.0,18,0.032639197313767604,21,13,8,0,0,0,0,0,0,0,0,1
1cyd,B,41,ASN,-3.5,114.1,0.0,2,2,X,0.0,0.0,0.0,0.0,0.0,0.0,0.0,0.0,17,0.030774100324409453,10,8,2,0,0,0,0,0,0,0,0,1
1cyd,B,42,SER,-0.8,89.0,0.0,1,1,X,0.0,0.0,0.0,0.0,0.0,0.0,0.0,0.0,17,0.025645083603674543,17,8,9,0,0,0,0,0,0,0,0,1
1cyd,B,43,ASP,-3.5,111.1,-1.0,1,3,X,0.0,0.0,0.0,0.0,0.0,0.0,0.0,0.0,25,0.03916703677652112,28,3,25,0,0,0,0,0,0,0,0,1
1cyd,B,44,LEU,3.8,166.7,0.0,0,0,X,0.0,0.0,0.0,0.0,0.0,0.0,0.0,0.0,30,0.048492521723311866,23,15,8,0,0,0,0,0,0,0,0,1
1cyd,B,45,VAL,4.2,140.0,0.0,0,0,X,0.0,0.0,0.0,0.0,0.0,0.0,0.0,0.0,17,0.03170664881908853,13,14,-1,0,0,0,0,0,0,0,0,1
1cyd,B,46,SER,-0.8,89.0,0.0,1,1,X,0.0,0.0,0.0,0.0,0.0,0.0,0.0,0.0,20,0.03310547156110714,23,17,6,0,0,0,0,0,0,0,0,1
1cyd,B,47,LEU,3.8,166.7,0.0,0,0,X,0.0,0.0,0.0,0.0,0.0,0.0,0.0,0.0,33,0.043829779249916496,39,26,13,0,0,0,0,0,0,0,0,1
1cyd,B,48,ALA,1.8,88.6,0.0,0,0,X,0.0,0.0,0.0,0.0,0.0,0.0,0.0,0.0,21,0.03963331102386066,24,19,5,0,0,0,0,0,0,0,0,1
1cyd,B,49,LYS,-3.9,168.6,1.0,2,0,X,0.0,0.0,0.0,0.0,0.0,0.0,0.0,0.0,13,0.02844272908771177,3,12,-9,0,0,0,0,0,0,0,0,1
1cyd,B,50,GLU,-3.5,138.4,-1.0,1,3,X,0.0,0.0,0.0,0.0,0.0,0.0,0.0,0.0,19,0.02984155182973038,34,6,28,0,0,0,0,0,0,0,0,1
1cyd,B,51,CYS,2.5,108.5,0.0,1,0,X,0.0,0.0,0.0,0.0,0.0,0.0,0.0,0.0,27,0.03590311704514436,37,14,23,0,0,0,0,0,0,0,0,1
1cyd,B,52,PRO,-1.6,112.7,0.0,0,0,X,0.0,0.0,0.0,0.0,0.0,0.0,0.0,0.0,18,0.02331371236697686,20,10,10,0,0,0,0,0,0,0,0,1
1cyd,B,53,GLY,-0.4,60.1,0.0,0,0,X,0.0,0.0,0.0,0.0,0.0,0.0,0.0,0.0,19,0.025178809356335007,24,13,11,0,0,0,0,0,0,0,0,1
1cyd,B,54,ILE,4.5,166.7,0.0,0,0,X,0.0,0.0,0.0,0.0,0.0,0.0,0.0,0.0,29,0.040565859518539735,30,16,14,0,0,0,0,0,0,0,0,1
1cyd,B,55,GLU,-3.5,138.4,-1.0,1,3,X,0.0,0.0,0.0,0.0,0.0,0.0,0.0,0.0,28,0.02844272908771177,19,0,19,0,0,0,0,0,0,0,0,1
1cyd,B,56,PRO,-1.6,112.7,0.0,0,0,X,0.0,0.0,0.0,0.0,0.0,0.0,0.0,0.0,27,0.034970568550465285,1,11,-10,0,0,0,0,0,0,0,0,1
1cyd,B,57,VAL,4.2,140.0,0.0,0,0,X,0.0,0.0,0.0,0.0,0.0,0.0,0.0,0.0,30,0.032639197313767604,8,11,-3,0,0,0,0,0,0,0,0,1
1cyd,B,58,CYS,2.5,108.5,0.0,1,0,X,0.0,0.0,0.0,0.0,0.0,0.0,0.0,0.0,24,0.032639197313767604,10,14,-4,0,0,0,0,0,0,0,0,1
1cyd,B,59,VAL,4.2,140.0,0.0,0,0,X,0.0,0.0,0.0,0.0,0.0,0.0,0.0,0.0,32,0.03730193978716297,17,22,-5,0,0,0,0,0,0,0,0,1
1cyd,B,60,ASP,-3.5,111.1,-1.0,1,3,X,0.0,0.0,0.0,0.0,0.0,0.0,0.0,0.0,24,0.03450429430312575,19,13,6,0,0,0,0,0,0,0,0,1
1cyd,B,61,LEU,3.8,166.7,0.0,0,0,X,0.0,0.0,0.0,0.0,0.0,0.0,0.0,0.0,40,0.043829779249916496,25,22,3,0,0,0,0,0,0,0,0,1
1cyd,B,62,GLY,-0.4,60.1,0.0,0,0,X,0.0,0.0,0.0,0.0,0.0,0.0,0.0,0.0,27,0.04149840801321881,31,30,1,0,0,0,0,0,0,0,0,1
1cyd,B,63,ASP,-3.5,111.1,-1.0,1,3,X,0.0,0.0,0.0,0.0,0.0,0.0,0.0,0.0,20,0.03730193978716297,28,23,5,0,0,0,0,0,0,0,0,1
1cyd,B,64,TRP,-0.9,227.8,0.0,1,0,X,0.0,0.0,0.0,0.0,0.0,0.0,0.0,0.0,26,0.04103213376587927,23,40,-17,0,0,0,0,0,0,0,0,1
1cyd,B,65,ASP,-3.5,111.1,-1.0,1,3,X,0.0,0.0,0.0,0.0,0.0,0.0,0.0,0.0,17,0.03310547156110714,21,20,1,0,0,0,0,0,0,0,0,1
1cyd,B,66,ALA,1.8,88.6,0.0,0,0,X,0.0,0.0,0.0,0.0,0.0,0.0,0.0,0.0,21,0.035436842797804825,11,33,-22,0,0,0,0,0,0,0,0,1
1cyd,B,67,THR,-0.7,116.1,0.0,1,1,X,0.0,0.0,0.0,0.0,0.0,0.0,0.0,0.0,30,0.048492521723311866,15,32,-17,0,0,0,0,0,0,0,0,1
1cyd,B,68,GLU,-3.5,138.4,-1.0,1,3,X,0.0,0.0,0.0,0.0,0.0,0.0,0.0,0.0,17,0.03776821403450251,11,14,-3,0,0,0,0,0,0,0,0,1
1cyd,B,69,LYS,-3.9,168.6,1.0,2,0,X,0.0,0.0,0.0,0.0,0.0,0.0,0.0,0.0,15,0.027043906345693154,0,24,-24,0,0,0,0,0,0,0,0,1
1cyd,B,70,ALA,1.8,88.6,0.0,0,0,X,0.0,0.0,0.0,0.0,0.0,0.0,0.0,0.0,26,0.03170664881908853,9,18,-9,0,0,0,0,0,0,0,0,1
1cyd,B,71,LEU,3.8,166.7,0.0,0,0,X,0.0,0.0,0.0,0.0,0.0,0.0,0.0,0.0,35,0.03170664881908853,9,13,-4,0,0,0,0,0,0,0,0,1
1cyd,B,72,GLY,-0.4,60.1,0.0,0,0,X,0.0,0.0,0.0,0.0,0.0,0.0,0.0,0.0,23,0.025645083603674543,11,13,-2,0,0,0,0,0,0,0,0,1
1cyd,B,73,GLY,-0.4,60.1,0.0,0,0,X,0.0,0.0,0.0,0.0,0.0,0.0,0.0,0.0,17,0.017718421398902413,9,10,-1,0,0,0,0,0,0,0,0,1
1cyd,B,74,ILE,4.5,166.7,0.0,0,0,X,0.0,0.0,0.0,0.0,0.0,0.0,0.0,0.0,25,0.027043906345693154,13,16,-3,0,0,0,0,0,0,0,0,1
1cyd,B,75,GLY,-0.4,60.1,0.0,0,0,X,0.0,0.0,0.0,0.0,0.0,0.0,0.0,0.0,20,0.02331371236697686,19,19,0,0,0,0,0,0,0,0,0,1
1cyd,B,76,PRO,-1.6,112.7,0.0,0,0,X,0.0,0.0,0.0,0.0,0.0,0.0,0.0,0.0,23,0.03170664881908853,30,19,11,0,0,0,0,0,0,0,0,1
1cyd,B,77,VAL,4.2,140.0,0.0,0,0,X,0.0,0.0,0.0,0.0,0.0,0.0,0.0,0.0,36,0.04616115048661418,29,18,11,0,0,0,0,0,0,0,0,1
1cyd,B,78,ASP,-3.5,111.1,-1.0,1,3,X,0.0,0.0,0.0,0.0,0.0,0.0,0.0,0.0,31,0.045228601991935104,27,8,19,0,0,0,0,0,0,0,0,1
1cyd,B,79,LEU,3.8,166.7,0.0,0,0,X,0.0,0.0,0.0,0.0,0.0,0.0,0.0,0.0,37,0.04662742473395372,20,10,10,0,0,0,0,0,0,0,0,1
1cyd,B,80,LEU,3.8,166.7,0.0,0,0,X,0.0,0.0,0.0,0.0,0.0,0.0,0.0,0.0,43,0.048492521723311866,5,6,-1,0,0,0,0,0,0,0,0,1
1cyd,B,81,VAL,4.2,140.0,0.0,0,0,X,0.0,0.0,0.0,0.0,0.0,0.0,0.0,0.0,45,0.04755997322863279,2,2,0,0,0,0,0,0,0,0,0,1
1cyd,B,82,ASN,-3.5,114.1,0.0,2,2,X,0.0,0.0,0.0,0.0,0.0,0.0,0.0,0.0,44,0.048026247475972325,4,0,4,0,0,0,0,0,0,0,0,1
1cyd,B,83,ASN,-3.5,114.1,0.0,2,2,X,0.0,0.0,0.0,0.0,0.0,0.0,0.0,0.0,40,0.04196468226055834,12,1,11,0,0,0,0,0,0,0,0,1
1cyd,B,84,ALA,1.8,88.6,0.0,0,0,X,0.0,0.0,0.0,0.0,0.0,0.0,0.0,0.0,43,0.03683566553982344,16,3,13,0,0,0,0,0,0,0,0,1
1cyd,B,85,ALA,1.8,88.6,0.0,0,0,X,0.0,0.0,0.0,0.0,0.0,0.0,0.0,0.0,35,0.03357174580844668,17,1,16,0,0,0,0,0,0,0,0,1
1cyd,B,86,LEU,3.8,166.7,0.0,0,0,X,0.0,0.0,0.0,0.0,0.0,0.0,0.0,0.0,29,0.034970568550465285,23,6,17,0,0,0,0,0,0,0,0,1
1cyd,B,87,VAL,4.2,140.0,0.0,0,0,X,0.0,0.0,0.0,0.0,0.0,0.0,0.0,0.0,28,0.03590311704514436,17,4,13,0,0,0,0,0,0,0,0,1
1cyd,B,88,ILE,4.5,166.7,0.0,0,0,X,0.0,0.0,0.0,0.0,0.0,0.0,0.0,0.0,29,0.03450429430312575,15,15,0,0,0,0,0,0,0,0,0,1
1cyd,B,89,MET,1.9,162.9,0.0,0,0,X,0.0,0.0,0.0,0.0,0.0,0.0,0.0,0.0,25,0.035436842797804825,10,6,4,0,0,0,0,0,0,0,0,1
1cyd,B,90,GLN,-3.5,143.8,0.0,2,2,X,0.0,0.0,0.0,0.0,0.0,0.0,0.0,0.0,24,0.03776821403450251,4,20,-16,0,0,0,0,0,0,0,0,1
1cyd,B,91,PRO,-1.6,112.7,0.0,0,0,X,0.0,0.0,0.0,0.0,0.0,0.0,0.0,0.0,22,0.03776821403450251,1,18,-17,0,0,0,0,0,0,0,0,1
1cyd,B,92,PHE,2.8,189.9,0.0,0,0,X,0.0,0.0,0.0,0.0,0.0,0.0,0.0,0.0,38,0.04755997322863279,14,18,-4,0,0,0,0,0,0,0,0,1
1cyd,B,93,LEU,3.8,166.7,0.0,0,0,X,0.0,0.0,0.0,0.0,0.0,0.0,0.0,0.0,25,0.03730193978716297,16,18,-2,0,0,0,0,0,0,0,0,1
1cyd,B,94,GLU,-3.5,138.4,-1.0,1,3,X,0.0,0.0,0.0,0.0,0.0,0.0,0.0,0.0,17,0.030307826077069916,7,4,3,0,0,0,0,0,0,0,0,1
1cyd,B,95,VAL,4.2,140.0,0.0,0,0,X,0.0,0.0,0.0,0.0,0.0,0.0,0.0,0.0,31,0.04476232774459557,16,22,-6,0,0,0,0,0,0,0,0,1
1cyd,B,96,THR,-0.7,116.1,0.0,1,1,X,0.0,0.0,0.0,0.0,0.0,0.0,0.0,0.0,23,0.03403802005578621,21,24,-3,0,0,0,0,0,0,0,0,1
1cyd,B,97,LYS,-3.9,168.6,1.0,2,0,X,0.0,0.0,0.0,0.0,0.0,0.0,0.0,0.0,22,0.03823448828184205,15,31,-16,0,0,0,0,0,0,0,0,1
1cyd,B,98,GLU,-3.5,138.4,-1.0,1,3,X,0.0,0.0,0.0,0.0,0.0,0.0,0.0,0.0,17,0.03170664881908853,24,10,14,0,0,0,0,0,0,0,0,1
1cyd,B,99,ALA,1.8,88.6,0.0,0,0,X,0.0,0.0,0.0,0.0,0.0,0.0,0.0,0.0,26,0.03963331102386066,23,20,3,0,0,0,0,0,0,0,0,1
1cyd,B,100,PHE,2.8,189.9,0.0,0,0,X,0.0,0.0,0.0,0.0,0.0,0.0,0.0,0.0,30,0.04942507021799094,26,19,7,0,0,0,0,0,0,0,0,1
1cyd,B,101,ASP,-3.5,111.1,-1.0,1,3,X,0.0,0.0,0.0,0.0,0.0,0.0,0.0,0.0,19,0.03730193978716297,36,9,27,0,0,0,0,0,0,0,0,1
1cyd,B,102,ARG,-4.5,173.4,1.0,5,0,X,0.0,0.0,0.0,0.0,0.0,0.0,0.0,0.0,24,0.03916703677652112,14,28,-14,0,0,0,0,0,0,0,0,1
1cyd,B,103,SER,-0.8,89.0,0.0,1,1,X,0.0,0.0,0.0,0.0,0.0,0.0,0.0,0.0,32,0.0526889899493677,25,16,9,0,0,0,0,0,0,0,0,1
1cyd,B,104,PHE,2.8,189.9,0.0,0,0,X,0.0,0.0,0.0,0.0,0.0,0.0,0.0,0.0,29,0.05129016720734909,33,16,17,0,0,0,0,0,0,0,0,1
1cyd,B,105,SER,-0.8,89.0,0.0,1,1,X,0.0,0.0,0.0,0.0,0.0,0.0,0.0,0.0,27,0.04662742473395372,29,30,-1,0,0,0,0,0,0,0,0,1
1cyd,B,106,VAL,4.2,140.0,0.0,0,0,X,0.0,0.0,0.0,0.0,0.0,0.0,0.0,0.0,37,0.048958795970651406,28,19,9,0,0,0,0,0,0,0,0,1
1cyd,B,107,ASN,-3.5,114.1,0.0,2,2,X,0.0,0.0,0.0,0.0,0.0,0.0,0.0,0.0,36,0.04755997322863279,26,3,23,0,0,0,0,0,0,0,0,1
1cyd,B,108,LEU,3.8,166.7,0.0,0,0,X,0.0,0.0,0.0,0.0,0.0,0.0,0.0,0.0,39,0.05129016720734909,22,3,19,0,0,0,0,0,0,0,0,1
1cyd,B,109,ARG,-4.5,173.4,1.0,5,0,X,0.0,0.0,0.0,0.0,0.0,0.0,0.0,0.0,29,0.05035761871267001,15,28,-13,0,0,0,0,0,0,0,0,1
1cyd,B,110,SER,-0.8,89.0,0.0,1,1,X,0.0,0.0,0.0,0.0,0.0,0.0,0.0,0.0,39,0.05222271570202816,12,10,2,0,0,0,0,0,0,0,0,1
1cyd,B,111,VAL,4.2,140.0,0.0,0,0,X,0.0,0.0,0.0,0.0,0.0,0.0,0.0,0.0,42,0.04755997322863279,9,0,9,0,0,0,0,0,0,0,0,1
1cyd,B,112,PHE,2.8,189.9,0.0,0,0,X,0.0,0.0,0.0,0.0,0.0,0.0,0.0,0.0,39,0.048492521723311866,15,6,9,0,0,0,0,0,0,0,0,1
1cyd,B,113,GLN,-3.5,143.8,0.0,2,2,X,0.0,0.0,0.0,0.0,0.0,0.0,0.0,0.0,34,0.045694876239274644,19,20,-1,0,0,0,0,0,0,0,0,1
1cyd,B,114,VAL,4.2,140.0,0.0,0,0,X,0.0,0.0,0.0,0.0,0.0,0.0,0.0,0.0,39,0.04243095650789788,8,6,2,0,0,0,0,0,0,0,0,1
1cyd,B,115,SER,-0.8,89.0,0.0,1,1,X,0.0,0.0,0.0,0.0,0.0,0.0,0.0,0.0,38,0.04476232774459557,10,2,8,0,0,0,0,0,0,0,0,1
1cyd,B,116,GLN,-3.5,143.8,0.0,2,2,X,0.0,0.0,0.0,0.0,0.0,0.0,0.0,0.0,31,0.04429605349725603,14,12,2,0,0,0,0,0,0,0,0,1
1cyd,B,117,MET,1.9,162.9,0.0,0,0,X,0.0,0.0,0.0,0.0,0.0,0.0,0.0,0.0,32,0.03776821403450251,13,17,-4,0,0,0,0,0,0,0,0,1
1cyd,B,118,VAL,4.2,140.0,0.0,0,0,X,0.0,0.0,0.0,0.0,0.0,0.0,0.0,0.0,39,0.043363505002576956,20,15,5,0,0,0,0,0,0,0,0,1
1cyd,B,119,ALA,1.8,88.6,0.0,0,0,X,0.0,0.0,0.0,0.0,0.0,0.0,0.0,0.0,35,0.04196468226055834,34,14,20,0,0,0,0,0,0,0,0,1
1cyd,B,120,ARG,-4.5,173.4,1.0,5,0,X,0.0,0.0,0.0,0.0,0.0,0.0,0.0,0.0,20,0.03450429430312575,8,11,-3,0,0,0,0,0,0,0,0,1
1cyd,B,121,ASP,-3.5,111.1,-1.0,1,3,X,0.0,0.0,0.0,0.0,0.0,0.0,0.0,0.0,26,0.04103213376587927,25,8,17,0,0,0,0,0,0,0,0,1
1cyd,B,122,MET,1.9,162.9,0.0,0,0,X,0.0,0.0,0.0,0.0,0.0,0.0,0.0,0.0,30,0.04709369898129325,40,16,24,0,0,0,0,0,0,0,0,1
1cyd,B,123,ILE,4.5,166.7,0.0,0,0,X,0.0,0.0,0.0,0.0,0.0,0.0,0.0,0.0,22,0.03916703677652112,40,9,31,0,0,0,0,0,0,0,0,1
1cyd,B,124,ASN,-3.5,114.1,0.0,2,2,X,0.0,0.0,0.0,0.0,0.0,0.0,0.0,0.0,16,0.02844272908771177,28,8,20,0,0,0,0,0,0,0,0,1
1cyd,B,125,ARG,-4.5,173.4,1.0,5,0,X,0.0,0.0,0.0,0.0,0.0,0.0,0.0,0.0,19,0.025645083603674543,8,16,-8,0,0,0,0,0,0,0,0,1
1cyd,B,126,GLY,-0.4,60.1,0.0,0,0,X,0.0,0.0,0.0,0.0,0.0,0.0,0.0,0.0,17,0.027510180593032695,31,10,21,0,0,0,0,0,0,0,0,1
1cyd,B,127,VAL,4.2,140.0,0.0,0,0,X,0.0,0.0,0.0,0.0,0.0,0.0,0.0,0.0,21,0.032172923066428064,31,16,15,0,0,0,0,0,0,0,0,1
1cyd,B,128,PRO,-1.6,112.7,0.0,0,0,X,0.0,0.0,0.0,0.0,0.0,0.0,0.0,0.0,26,0.030774100324409453,36,13,23,0,0,0,0,0,0,0,0,1
1cyd,B,129,GLY,-0.4,60.1,0.0,0,0,X,0.0,0.0,0.0,0.0,0.0,0.0,0.0,0.0,35,0.04149840801321881,30,14,16,0,0,0,0,0,0,0,0,1
1cyd,B,130,SER,-0.8,89.0,0.0,1,1,X,0.0,0.0,0.0,0.0,0.0,0.0,0.0,0.0,43,0.04662742473395372,18,12,6,0,0,0,0,0,0,0,0,1
1cyd,B,131,ILE,4.5,166.7,0.0,0,0,X,0.0,0.0,0.0,0.0,0.0,0.0,0.0,0.0,41,0.05222271570202816,13,4,9,0,0,0,0,0,0,0,0,1
1cyd,B,132,VAL,4.2,140.0,0.0,0,0,X,0.0,0.0,0.0,0.0,0.0,0.0,0.0,0.0,46,0.053155264196707235,8,1,7,0,0,0,0,0,0,0,0,1
1cyd,B,133,ASN,-3.5,114.1,0.0,2,2,X,0.0,0.0,0.0,0.0,0.0,0.0,0.0,0.0,43,0.048026247475972325,11,0,11,0,0,0,0,0,0,0,0,1
1cyd,B,134,VAL,4.2,140.0,0.0,0,0,X,0.0,0.0,0.0,0.0,0.0,0.0,0.0,0.0,40,0.04662742473395372,9,0,9,0,0,0,0,0,0,0,0,1
1cyd,B,135,SER,-0.8,89.0,0.0,1,1,X,0.0,0.0,0.0,0.0,0.0,0.0,0.0,0.0,39,0.04616115048661418,17,0,17,0,0,0,0,0,0,0,0,1
1cyd,B,136,SER,-0.8,89.0,0.0,1,1,X,0.0,0.0,0.0,0.0,0.0,0.0,0.0,0.0,38,0.045228601991935104,19,6,13,0,0,0,0,0,0,0,0,1
1cyd,B,137,MET,1.9,162.9,0.0,0,0,X,0.0,0.0,0.0,0.0,0.0,0.0,0.0,0.0,36,0.04989134446533048,26,8,18,0,0,0,0,0,0,0,0,1
1cyd,B,138,VAL,4.2,140.0,0.0,0,0,X,0.0,0.0,0.0,0.0,0.0,0.0,0.0,0.0,37,0.04989134446533048,24,1,23,0,0,0,0,0,0,0,0,1
1cyd,B,139,ALA,1.8,88.6,0.0,0,0,X,0.0,0.0,0.0,0.0,0.0,0.0,0.0,0.0,31,0.048492521723311866,25,0,25,0,0,0,0,0,0,0,0,1
1cyd,B,140,HIS,-3.2,153.2,0.1,2,1,X,0.0,0.0,0.0,0.0,0.0,0.0,0.0,0.0,25,0.035436842797804825,12,3,9,0,0,0,0,0,0,0,0,1
1cyd,B,141,VAL,4.2,140.0,0.0,0,0,X,0.0,0.0,0.0,0.0,0.0,0.0,0.0,0.0,30,0.043363505002576956,29,3,26,0,0,0,0,0,0,0,0,1
1cyd,B,142,THR,-0.7,116.1,0.0,1,1,X,0.0,0.0,0.0,0.0,0.0,0.0,0.0,0.0,34,0.048958795970651406,25,7,18,0,0,0,0,0,0,0,0,1
1cyd,B,143,PHE,2.8,189.9,0.0,0,0,X,0.0,0.0,0.0,0.0,0.0,0.0,0.0,0.0,35,0.03870076252918159,9,4,5,0,0,0,0,0,0,0,0,1
1cyd,B,144,PRO,-1.6,112.7,0.0,0,0,X,0.0,0.0,0.0,0.0,0.0,0.0,0.0,0.0,30,0.03357174580844668,2,10,-8,0,0,0,0,0,0,0,0,1
1cyd,B,145,ASN,-3.5,114.1,0.0,2,2,X,0.0,0.0,0.0,0.0,0.0,0.0,0.0,0.0,24,0.03450429430312575,4,15,-11,0,0,0,0,0,0,0,0,1
1cyd,B,146,LEU,3.8,166.7,0.0,0,0,X,0.0,0.0,0.0,0.0,0.0,0.0,0.0,0.0,37,0.048492521723311866,9,4,5,0,0,0,0,0,0,0,0,1
1cyd,B,147,ILE,4.5,166.7,0.0,0,0,X,0.0,0.0,0.0,0.0,0.0,0.0,0.0,0.0,43,0.05455408693872585,6,10,-4,0,0,0,0,0,0,0,0,1
1cyd,B,148,THR,-0.7,116.1,0.0,1,1,X,0.0,0.0,0.0,0.0,0.0,0.0,0.0,0.0,41,0.05035761871267001,15,10,5,0,0,0,0,0,0,0,0,1
1cyd,B,149,TYR,-1.3,193.6,0.0,1,1,X,0.0,0.0,0.0,0.0,0.0,0.0,0.0,0.0,39,0.048958795970651406,10,0,10,0,0,0,0,0,0,0,0,1
1cyd,B,150,SER,-0.8,89.0,0.0,1,1,X,0.0,0.0,0.0,0.0,0.0,0.0,0.0,0.0,39,0.0526889899493677,23,1,22,0,0,0,0,0,0,0,0,1
1cyd,B,151,SER,-0.8,89.0,0.0,1,1,X,0.0,0.0,0.0,0.0,0.0,0.0,0.0,0.0,30,0.05502036118606539,19,0,19,0,0,0,0,0,0,0,0,1
1cyd,B,152,THR,-0.7,116.1,0.0,1,1,X,0.0,0.0,0.0,0.0,0.0,0.0,0.0,0.0,35,0.053155264196707235,13,1,12,0,0,0,0,0,0,0,0,1
1cyd,B,153,LYS,-3.9,168.6,1.0,2,0,X,0.0,0.0,0.0,0.0,0.0,0.0,0.0,0.0,39,0.053621538444046775,9,0,9,0,0,0,0,0,0,0,0,1
1cyd,B,154,GLY,-0.4,60.1,0.0,0,0,X,0.0,0.0,0.0,0.0,0.0,0.0,0.0,0.0,27,0.053621538444046775,32,0,32,0,0,0,0,0,0,0,0,1
1cyd,B,155,ALA,1.8,88.6,0.0,0,0,X,0.0,0.0,0.0,0.0,0.0,0.0,0.0,0.0,28,0.05502036118606539,22,0,22,0,0,0,0,0,0,0,0,1
1cyd,B,156,MET,1.9,162.9,0.0,0,0,X,0.0,0.0,0.0,0.0,0.0,0.0,0.0,0.0,42,0.05035761871267001,18,0,18,0,0,0,0,0,0,0,0,1
1cyd,B,157,THR,-0.7,116.1,0.0,1,1,X,0.0,0.0,0.0,0.0,0.0,0.0,0.0,0.0,33,0.045694876239274644,34,0,34,0,0,0,0,0,0,0,0,1
1cyd,B,158,MET,1.9,162.9,0.0,0,0,X,0.0,0.0,0.0,0.0,0.0,0.0,0.0,0.0,37,0.048492521723311866,28,1,27,0,0,0,0,0,0,0,0,1
1cyd,B,159,LEU,3.8,166.7,0.0,0,0,X,0.0,0.0,0.0,0.0,0.0,0.0,0.0,0.0,43,0.048958795970651406,16,5,11,0,0,0,0,0,0,0,0,1
1cyd,B,160,THR,-0.7,116.1,0.0,1,1,X,0.0,0.0,0.0,0.0,0.0,0.0,0.0,0.0,40,0.04942507021799094,14,1,13,0,0,0,0,0,0,0,0,1
1cyd,B,161,LYS,-3.9,168.6,1.0,2,0,X,0.0,0.0,0.0,0.0,0.0,0.0,0.0,0.0,38,0.048026247475972325,8,7,1,0,0,0,0,0,0,0,0,1
1cyd,B,162,ALA,1.8,88.6,0.0,0,0,X,0.0,0.0,0.0,0.0,0.0,0.0,0.0,0.0,44,0.04989134446533048,11,9,2,0,0,0,0,0,0,0,0,1
1cyd,B,163,MET,1.9,162.9,0.0,0,0,X,0.0,0.0,0.0,0.0,0.0,0.0,0.0,0.0,43,0.04709369898129325,13,9,4,0,0,0,0,0,0,0,0,1
1cyd,B,164,ALA,1.8,88.6,0.0,0,0,X,0.0,0.0,0.0,0.0,0.0,0.0,0.0,0.0,41,0.05502036118606539,31,12,19,0,0,0,0,0,0,0,0,1
1cyd,B,165,MET,1.9,162.9,0.0,0,0,X,0.0,0.0,0.0,0.0,0.0,0.0,0.0,0.0,36,0.04662742473395372,27,10,17,0,0,0,0,0,0,0,0,1
1cyd,B,166,GLU,-3.5,138.4,-1.0,1,3,X,0.0,0.0,0.0,0.0,0.0,0.0,0.0,0.0,32,0.03916703677652112,16,1,15,0,0,0,0,0,0,0,0,1
1cyd,B,167,LEU,3.8,166.7,0.0,0,0,X,0.0,0.0,0.0,0.0,0.0,0.0,0.0,0.0,36,0.04476232774459557,29,9,20,0,0,0,0,0,0,0,0,1
1cyd,B,168,GLY,-0.4,60.1,0.0,0,0,X,0.0,0.0,0.0,0.0,0.0,0.0,0.0,0.0,33,0.048026247475972325,53,8,45,0,0,0,0,0,0,0,0,1
1cyd,B,169,PRO,-1.6,112.7,0.0,0,0,X,0.0,0.0,0.0,0.0,0.0,0.0,0.0,0.0,22,0.034970568550465285,41,8,33,0,0,0,0,0,0,0,0,1
1cyd,B,170,HIS,-3.2,153.2,0.1,2,1,X,0.0,0.0,0.0,0.0,0.0,0.0,0.0,0.0,26,0.032172923066428064,23,8,15,0,0,0,0,0,0,0,0,1
1cyd,B,171,LYS,-3.9,168.6,1.0,2,0,X,0.0,0.0,0.0,0.0,0.0,0.0,0.0,0.0,23,0.03403802005578621,31,2,29,0,0,0,0,0,0,0,0,1
1cyd,B,172,ILE,4.5,166.7,0.0,0,0,X,0.0,0.0,0.0,0.0,0.0,0.0,0.0,0.0,40,0.04662742473395372,32,9,23,0,0,0,0,0,0,0,0,1
1cyd,B,173,ARG,-4.5,173.4,1.0,5,0,X,0.0,0.0,0.0,0.0,0.0,0.0,0.0,0.0,43,0.04755997322863279,15,8,7,0,0,0,0,0,0,0,0,1
1cyd,B,174,VAL,4.2,140.0,0.0,0,0,X,0.0,0.0,0.0,0.0,0.0,0.0,0.0,0.0,45,0.053155264196707235,19,4,15,0,0,0,0,0,0,0,0,1
1cyd,B,175,ASN,-3.5,114.1,0.0,2,2,X,0.0,0.0,0.0,0.0,0.0,0.0,0.0,0.0,41,0.04755997322863279,17,1,16,0,0,0,0,0,0,0,0,1
1cyd,B,176,SER,-0.8,89.0,0.0,1,1,X,0.0,0.0,0.0,0.0,0.0,0.0,0.0,0.0,39,0.048492521723311866,12,0,12,0,0,0,0,0,0,0,0,1
1cyd,B,177,VAL,4.2,140.0,0.0,0,0,X,0.0,0.0,0.0,0.0,0.0,0.0,0.0,0.0,41,0.05175644145468863,5,6,-1,0,0,0,0,0,0,0,0,1
1cyd,B,178,ASN,-3.5,114.1,0.0,2,2,X,0.0,0.0,0.0,0.0,0.0,0.0,0.0,0.0,39,0.048492521723311866,17,8,9,0,0,0,0,0,0,0,0,1
1cyd,B,179,PRO,-1.6,112.7,0.0,0,0,X,0.0,0.0,0.0,0.0,0.0,0.0,0.0,0.0,42,0.04616115048661418,10,19,-9,0,0,0,0,0,0,0,0,1
1cyd,B,180,THR,-0.7,116.1,0.0,1,1,X,0.0,0.0,0.0,0.0,0.0,0.0,0.0,0.0,39,0.050823892960009553,18,16,2,0,0,0,0,0,0,0,0,1
1cyd,B,181,VAL,4.2,140.0,0.0,0,0,X,0.0,0.0,0.0,0.0,0.0,0.0,0.0,0.0,37,0.04289723075523742,30,13,17,0,0,0,0,0,0,0,0,1
1cyd,B,182,VAL,4.2,140.0,0.0,0,0,X,0.0,0.0,0.0,0.0,0.0,0.0,0.0,0.0,34,0.043363505002576956,14,26,-12,0,0,0,0,0,0,0,0,1
1cyd,B,183,LEU,3.8,166.7,0.0,0,0,X,0.0,0.0,0.0,0.0,0.0,0.0,0.0,0.0,21,0.0363693912924839,16,16,0,0,0,0,0,0,0,0,0,1
1cyd,B,184,THR,-0.7,116.1,0.0,1,1,X,0.0,0.0,0.0,0.0,0.0,0.0,0.0,0.0,23,0.032639197313767604,23,16,7,0,0,0,0,0,0,0,0,1
1cyd,B,185,ASP,-3.5,111.1,-1.0,1,3,X,0.0,0.0,0.0,0.0,0.0,0.0,0.0,0.0,16,0.027043906345693154,27,0,27,0,0,0,0,0,0,0,0,1
1cyd,B,186,MET,1.9,162.9,0.0,0,0,X,0.0,0.0,0.0,0.0,0.0,0.0,0.0,0.0,29,0.03357174580844668,24,8,16,0,0,0,0,0,0,0,0,1
1cyd,B,187,GLY,-0.4,60.1,0.0,0,0,X,0.0,0.0,0.0,0.0,0.0,0.0,0.0,0.0,25,0.03823448828184205,18,9,9,0,0,0,0,0,0,0,0,1
1cyd,B,188,LYS,-3.9,168.6,1.0,2,0,X,0.0,0.0,0.0,0.0,0.0,0.0,0.0,0.0,15,0.03450429430312575,8,9,-1,0,0,0,0,0,0,0,0,1
1cyd,B,189,LYS,-3.9,168.6,1.0,2,0,X,0.0,0.0,0.0,0.0,0.0,0.0,0.0,0.0,21,0.02844272908771177,8,9,-1,0,0,0,0,0,0,0,0,1
1cyd,B,190,VAL,4.2,140.0,0.0,0,0,X,0.0,0.0,0.0,0.0,0.0,0.0,0.0,0.0,30,0.034970568550465285,16,10,6,0,0,0,0,0,0,0,0,1
1cyd,B,191,SER,-0.8,89.0,0.0,1,1,X,0.0,0.0,0.0,0.0,0.0,0.0,0.0,0.0,27,0.03916703677652112,27,15,12,0,0,0,0,0,0,0,0,1
1cyd,B,192,ALA,1.8,88.6,0.0,0,0,X,0.0,0.0,0.0,0.0,0.0,0.0,0.0,0.0,20,0.02797645484037223,18,14,4,0,0,0,0,0,0,0,0,1
1cyd,B,193,ASP,-3.5,111.1,-1.0,1,3,X,0.0,0.0,0.0,0.0,0.0,0.0,0.0,0.0,17,0.024246260861655933,17,9,8,0,0,0,0,0,0,0,0,1
1cyd,B,194,PRO,-1.6,112.7,0.0,0,0,X,0.0,0.0,0.0,0.0,0.0,0.0,0.0,0.0,12,0.025178809356335007,17,17,0,0,0,0,0,0,0,0,0,1
1cyd,B,195,GLU,-3.5,138.4,-1.0,1,3,X,0.0,0.0,0.0,0.0,0.0,0.0,0.0,0.0,11,0.02797645484037223,22,13,9,0,0,0,0,0,0,0,0,1
1cyd,B,196,PHE,2.8,189.9,0.0,0,0,X,0.0,0.0,0.0,0.0,0.0,0.0,0.0,0.0,25,0.035436842797804825,32,19,13,0,0,0,0,0,0,0,0,1
1cyd,B,197,ALA,1.8,88.6,0.0,0,0,X,0.0,0.0,0.0,0.0,0.0,0.0,0.0,0.0,22,0.04289723075523742,42,24,18,0,0,0,0,0,0,0,0,1
1cyd,B,198,ARG,-4.5,173.4,1.0,5,0,X,0.0,0.0,0.0,0.0,0.0,0.0,0.0,0.0,12,0.0363693912924839,23,25,-2,0,0,0,0,0,0,0,0,1
1cyd,B,199,LYS,-3.9,168.6,1.0,2,0,X,0.0,0.0,0.0,0.0,0.0,0.0,0.0,0.0,14,0.03730193978716297,39,23,16,0,0,0,0,0,0,0,0,1
1cyd,B,200,LEU,3.8,166.7,0.0,0,0,X,0.0,0.0,0.0,0.0,0.0,0.0,0.0,0.0,29,0.04429605349725603,60,17,43,0,0,0,0,0,0,0,0,1
1cyd,B,201,LYS,-3.9,168.6,1.0,2,0,X,0.0,0.0,0.0,0.0,0.0,0.0,0.0,0.0,23,0.04149840801321881,54,12,42,0,0,0,0,0,0,0,0,1
1cyd,B,202,GLU,-3.5,138.4,-1.0,1,3,X,0.0,0.0,0.0,0.0,0.0,0.0,0.0,0.0,17,0.03916703677652112,64,4,60,0,0,0,0,0,0,0,0,1
1cyd,B,203,ARG,-4.5,173.4,1.0,5,0,X,0.0,0.0,0.0,0.0,0.0,0.0,0.0,0.0,26,0.043829779249916496,35,12,23,0,0,0,0,0,0,0,0,1
1cyd,B,204,HIS,-3.2,153.2,0.1,2,1,X,0.0,0.0,0.0,0.0,0.0,0.0,0.0,0.0,33,0.05175644145468863,49,16,33,0,0,0,0,0,0,0,0,1
1cyd,B,205,PRO,-1.6,112.7,0.0,0,0,X,0.0,0.0,0.0,0.0,0.0,0.0,0.0,0.0,38,0.05035761871267001,60,20,40,0,0,0,0,0,0,0,0,1
1cyd,B,206,LEU,3.8,166.7,0.0,0,0,X,0.0,0.0,0.0,0.0,0.0,0.0,0.0,0.0,39,0.04662742473395372,65,16,49,0,0,0,0,0,0,0,0,1
1cyd,B,207,ARG,-4.5,173.4,1.0,5,0,X,0.0,0.0,0.0,0.0,0.0,0.0,0.0,0.0,25,0.03963331102386066,46,12,34,0,0,0,0,0,0,0,0,1
1cyd,B,208,LYS,-3.9,168.6,1.0,2,0,X,0.0,0.0,0.0,0.0,0.0,0.0,0.0,0.0,29,0.03683566553982344,37,23,14,0,0,0,0,0,0,0,0,1
1cyd,B,209,PHE,2.8,189.9,0.0,0,0,X,0.0,0.0,0.0,0.0,0.0,0.0,0.0,0.0,35,0.04662742473395372,46,18,28,0,0,0,0,0,0,0,0,1
1cyd,B,210,ALA,1.8,88.6,0.0,0,0,X,0.0,0.0,0.0,0.0,0.0,0.0,0.0,0.0,31,0.048492521723311866,20,30,-10,0,0,0,0,0,0,0,0,1
1cyd,B,211,GLU,-3.5,138.4,-1.0,1,3,X,0.0,0.0,0.0,0.0,0.0,0.0,0.0,0.0,22,0.034970568550465285,8,20,-12,0,0,0,0,0,0,0,0,1
1cyd,B,212,VAL,4.2,140.0,0.0,0,0,X,0.0,0.0,0.0,0.0,0.0,0.0,0.0,0.0,30,0.03963331102386066,8,35,-27,0,0,0,0,0,0,0,0,1
1cyd,B,213,GLU,-3.5,138.4,-1.0,1,3,X,0.0,0.0,0.0,0.0,0.0,0.0,0.0,0.0,22,0.032172923066428064,12,32,-20,0,0,0,0,0,0,0,0,1
1cyd,B,214,ASP,-3.5,111.1,-1.0,1,3,X,0.0,0.0,0.0,0.0,0.0,0.0,0.0,0.0,33,0.048026247475972325,19,29,-10,0,0,0,0,0,0,0,0,1
1cyd,B,215,VAL,4.2,140.0,0.0,0,0,X,0.0,0.0,0.0,0.0,0.0,0.0,0.0,0.0,41,0.048026247475972325,3,32,-29,0,0,0,0,0,0,0,0,1
1cyd,B,216,VAL,4.2,140.0,0.0,0,0,X,0.0,0.0,0.0,0.0,0.0,0.0,0.0,0.0,34,0.04476232774459557,17,30,-13,0,0,0,0,0,0,0,0,1
1cyd,B,217,ASN,-3.5,114.1,0.0,2,2,X,0.0,0.0,0.0,0.0,0.0,0.0,0.0,0.0,29,0.043363505002576956,11,31,-20,0,0,0,0,0,0,0,0,1
1cyd,B,218,SER,-0.8,89.0,0.0,1,1,X,0.0,0.0,0.0,0.0,0.0,0.0,0.0,0.0,35,0.048958795970651406,8,16,-8,0,0,0,0,0,0,0,0,1
1cyd,B,219,ILE,4.5,166.7,0.0,0,0,X,0.0,0.0,0.0,0.0,0.0,0.0,0.0,0.0,42,0.04616115048661418,1,9,-8,0,0,0,0,0,0,0,0,1
1cyd,B,220,LEU,3.8,166.7,0.0,0,0,X,0.0,0.0,0.0,0.0,0.0,0.0,0.0,0.0,37,0.04755997322863279,13,7,6,0,0,0,0,0,0,0,0,1
1cyd,B,221,PHE,2.8,189.9,0.0,0,0,X,0.0,0.0,0.0,0.0,0.0,0.0,0.0,0.0,27,0.04429605349725603,20,10,10,0,0,0,0,0,0,0,0,1
1cyd,B,222,LEU,3.8,166.7,0.0,0,0,X,0.0,0.0,0.0,0.0,0.0,0.0,0.0,0.0,37,0.05222271570202816,17,4,13,0,0,0,0,0,0,0,0,1
1cyd,B,223,LEU,3.8,166.7,0.0,0,0,X,0.0,0.0,0.0,0.0,0.0,0.0,0.0,0.0,41,0.04709369898129325,17,12,5,0,0,0,0,0,0,0,0,1
1cyd,B,224,SER,-0.8,89.0,0.0,1,1,X,0.0,0.0,0.0,0.0,0.0,0.0,0.0,0.0,29,0.043829779249916496,18,10,8,0,0,0,0,0,0,0,0,1
1cyd,B,225,ASP,-3.5,111.1,-1.0,1,3,X,0.0,0.0,0.0,0.0,0.0,0.0,0.0,0.0,22,0.03124037457174899,18,14,4,0,0,0,0,0,0,0,0,1
1cyd,B,226,ARG,-4.5,173.4,1.0,5,0,X,0.0,0.0,0.0,0.0,0.0,0.0,0.0,0.0,22,0.03963331102386066,5,27,-22,0,0,0,0,0,0,0,0,1
1cyd,B,227,SER,-0.8,89.0,0.0,1,1,X,0.0,0.0,0.0,0.0,0.0,0.0,0.0,0.0,34,0.05129016720734909,24,20,4,0,0,0,0,0,0,0,0,1
1cyd,B,228,ALA,1.8,88.6,0.0,0,0,X,0.0,0.0,0.0,0.0,0.0,0.0,0.0,0.0,34,0.035436842797804825,33,38,-5,0,0,0,0,0,0,0,0,1
1cyd,B,229,SER,-0.8,89.0,0.0,1,1,X,0.0,0.0,0.0,0.0,0.0,0.0,0.0,0.0,42,0.04616115048661418,29,32,-3,0,0,0,0,0,0,0,0,1
1cyd,B,230,THR,-0.7,116.1,0.0,1,1,X,0.0,0.0,0.0,0.0,0.0,0.0,0.0,0.0,42,0.050823892960009553,19,20,-1,0,0,0,0,0,0,0,0,1
1cyd,B,231,SER,-0.8,89.0,0.0,1,1,X,0.0,0.0,0.0,0.0,0.0,0.0,0.0,0.0,43,0.05175644145468863,29,9,20,0,0,0,0,0,0,0,0,1
1cyd,B,232,GLY,-0.4,60.1,0.0,0,0,X,0.0,0.0,0.0,0.0,0.0,0.0,0.0,0.0,42,0.050823892960009553,18,9,9,0,0,0,0,0,0,0,0,1
1cyd,B,233,GLY,-0.4,60.1,0.0,0,0,X,0.0,0.0,0.0,0.0,0.0,0.0,0.0,0.0,36,0.04149840801321881,18,6,12,0,0,0,0,0,0,0,0,1
1cyd,B,234,GLY,-0.4,60.1,0.0,0,0,X,0.0,0.0,0.0,0.0,0.0,0.0,0.0,0.0,29,0.03963331102386066,8,3,5,0,0,0,0,0,0,0,0,1
1cyd,B,235,ILE,4.5,166.7,0.0,0,0,X,0.0,0.0,0.0,0.0,0.0,0.0,0.0,0.0,30,0.040099585271200194,3,8,-5,0,0,0,0,0,0,0,0,1
1cyd,B,236,LEU,3.8,166.7,0.0,0,0,X,0.0,0.0,0.0,0.0,0.0,0.0,0.0,0.0,35,0.045228601991935104,8,9,-1,0,0,0,0,0,0,0,0,1
1cyd,B,237,VAL,4.2,140.0,0.0,0,0,X,0.0,0.0,0.0,0.0,0.0,0.0,0.0,0.0,46,0.0526889899493677,11,25,-14,0,0,0,0,0,0,0,0,1
1cyd,B,238,ASP,-3.5,111.1,-1.0,1,3,X,0.0,0.0,0.0,0.0,0.0,0.0,0.0,0.0,43,0.05222271570202816,26,3,23,0,0,0,0,0,0,0,0,1
1cyd,B,239,ALA,1.8,88.6,0.0,0,0,X,0.0,0.0,0.0,0.0,0.0,0.0,0.0,0.0,42,0.05408781269138631,46,15,31,0,0,0,0,0,0,0,0,1
1cyd,B,240,GLY,-0.4,60.1,0.0,0,0,X,0.0,0.0,0.0,0.0,0.0,0.0,0.0,0.0,45,0.053621538444046775,51,11,40,0,0,0,0,0,0,0,0,1
1cyd,B,241,TYR,-1.3,193.6,0.0,1,1,X,0.0,0.0,0.0,0.0,0.0,0.0,0.0,0.0,32,0.045228601991935104,40,12,28,0,0,0,0,0,0,0,0,1
1cyd,B,242,LEU,3.8,166.7,0.0,0,0,X,0.0,0.0,0.0,0.0,0.0,0.0,0.0,0.0,30,0.04149840801321881,43,8,35,0,0,0,0,0,0,0,0,1
1cyd,B,243,ALA,1.8,88.6,0.0,0,0,X,0.0,0.0,0.0,0.0,0.0,0.0,0.0,0.0,33,0.048026247475972325,36,12,24,0,0,0,0,0,0,0,0,1
1cyd,B,244,SER,-0.8,89.0,0.0,1,1,X,0.0,0.0,0.0,0.0,0.0,0.0,0.0,0.0,29,0.04149840801321881,43,9,34,0,0,0,0,0,0,0,0,1
1cyd,C,3,LEU,3.8,166.7,0.0,0,0,X,0.0,0.0,0.0,0.0,0.0,0.0,0.0,0.0,21,0.021914889624958248,10,7,3,0,0,0,0,0,0,0,0,1
1cyd,C,4,ASN,-3.5,114.1,0.0,2,2,X,0.0,0.0,0.0,0.0,0.0,0.0,0.0,0.0,17,0.02471253510899547,5,6,-1,0,0,0,0,0,0,0,0,1
1cyd,C,5,PHE,2.8,189.9,0.0,0,0,X,0.0,0.0,0.0,0.0,0.0,0.0,0.0,0.0,29,0.03403802005578621,18,12,6,0,0,0,0,0,0,0,0,1
1cyd,C,6,SER,-0.8,89.0,0.0,1,1,X,0.0,0.0,0.0,0.0,0.0,0.0,0.0,0.0,16,0.025645083603674543,13,3,10,0,0,0,0,0,0,0,0,1
1cyd,C,7,GLY,-0.4,60.1,0.0,0,0,X,0.0,0.0,0.0,0.0,0.0,0.0,0.0,0.0,17,0.022381163872297785,18,7,11,0,0,0,0,0,0,0,0,1
1cyd,C,8,LEU,3.8,166.7,0.0,0,0,X,0.0,0.0,0.0,0.0,0.0,0.0,0.0,0.0,26,0.03403802005578621,20,8,12,0,0,0,0,0,0,0,0,1
1cyd,C,9,ARG,-4.5,173.4,1.0,5,0,X,0.0,0.0,0.0,0.0,0.0,0.0,0.0,0.0,28,0.04429605349725603,14,21,-7,0,0,0,0,0,0,0,0,1
1cyd,C,10,ALA,1.8,88.6,0.0,0,0,X,0.0,0.0,0.0,0.0,0.0,0.0,0.0,0.0,35,0.05035761871267001,25,17,8,0,0,0,0,0,0,0,0,1
1cyd,C,11,LEU,3.8,166.7,0.0,0,0,X,0.0,0.0,0.0,0.0,0.0,0.0,0.0,0.0,41,0.048026247475972325,15,14,1,0,0,0,0,0,0,0,0,1
1cyd,C,12,VAL,4.2,140.0,0.0,0,0,X,0.0,0.0,0.0,0.0,0.0,0.0,0.0,0.0,45,0.05222271570202816,15,7,8,0,0,0,0,0,0,0,0,1
1cyd,C,13,THR,-0.7,116.1,0.0,1,1,X,0.0,0.0,0.0,0.0,0.0,0.0,0.0,0.0,42,0.04616115048661418,7,1,6,0,0,0,0,0,0,0,0,1
1cyd,C,14,GLY,-0.4,60.1,0.0,0,0,X,0.0,0.0,0.0,0.0,0.0,0.0,0.0,0.0,35,0.040099585271200194,27,10,17,0,0,0,0,0,0,0,0,1
1cyd,C,15,ALA,1.8,88.6,0.0,0,0,X,0.0,0.0,0.0,0.0,0.0,0.0,0.0,0.0,42,0.053621538444046775,30,17,13,0,0,0,0,0,0,0,0,1
1cyd,C,16,GLY,-0.4,60.1,0.0,0,0,X,0.0,0.0,0.0,0.0,0.0,0.0,0.0,0.0,32,0.048026247475972325,32,20,12,0,0,0,0,0,0,0,0,1
1cyd,C,17,LYS,-3.9,168.6,1.0,2,0,X,0.0,0.0,0.0,0.0,0.0,0.0,0.0,0.0,26,0.032172923066428064,19,21,-2,0,0,0,0,0,0,0,0,1
1cyd,C,18,GLY,-0.4,60.1,0.0,0,0,X,0.0,0.0,0.0,0.0,0.0,0.0,0.0,0.0,32,0.035436842797804825,27,24,3,0,0,0,0,0,0,0,0,1
1cyd,C,19,ILE,4.5,166.7,0.0,0,0,X,0.0,0.0,0.0,0.0,0.0,0.0,0.0,0.0,40,0.04149840801321881,16,22,-6,0,0,0,0,0,0,0,0,1
1cyd,C,20,GLY,-0.4,60.1,0.0,0,0,X,0.0,0.0,0.0,0.0,0.0,0.0,0.0,0.0,35,0.04709369898129325,27,8,19,0,0,0,0,0,0,0,0,1
1cyd,C,21,ARG,-4.5,173.4,1.0,5,0,X,0.0,0.0,0.0,0.0,0.0,0.0,0.0,0.0,34,0.043829779249916496,19,25,-6,0,0,0,0,0,0,0,0,1
1cyd,C,22,ASP,-3.5,111.1,-1.0,1,3,X,0.0,0.0,0.0,0.0,0.0,0.0,0.0,0.0,30,0.03916703677652112,27,15,12,0,0,0,0,0,0,0,0,1
1cyd,C,23,THR,-0.7,116.1,0.0,1,1,X,0.0,0.0,0.0,0.0,0.0,0.0,0.0,0.0,42,0.04662742473395372,24,12,12,0,0,0,0,0,0,0,0,1
1cyd,C,24,VAL,4.2,140.0,0.0,0,0,X,0.0,0.0,0.0,0.0,0.0,0.0,0.0,0.0,42,0.048026247475972325,39,18,21,0,0,0,0,0,0,0,0,1
1cyd,C,25,LYS,-3.9,168.6,1.0,2,0,X,0.0,0.0,0.0,0.0,0.0,0.0,0.0,0.0,29,0.040565859518539735,24,17,7,0,0,0,0,0,0,0,0,1
1cyd,C,26,ALA,1.8,88.6,0.0,0,0,X,0.0,0.0,0.0,0.0,0.0,0.0,0.0,0.0,29,0.034970568550465285,24,11,13,0,0,0,0,0,0,0,0,1
1cyd,C,27,LEU,3.8,166.7,0.0,0,0,X,0.0,0.0,0.0,0.0,0.0,0.0,0.0,0.0,36,0.043829779249916496,28,5,23,0,0,0,0,0,0,0,0,1
1cyd,C,28,HIS,-3.2,153.2,0.1,2,1,X,0.0,0.0,0.0,0.0,0.0,0.0,0.0,0.0,27,0.03823448828184205,18,8,10,0,0,0,0,0,0,0,0,1
1cyd,C,29,ALA,1.8,88.6,0.0,0,0,X,0.0,0.0,0.0,0.0,0.0,0.0,0.0,0.0,21,0.02471253510899547,20,3,17,0,0,0,0,0,0,0,0,1
1cyd,C,30,SER,-0.8,89.0,0.0,1,1,X,0.0,0.0,0.0,0.0,0.0,0.0,0.0,0.0,21,0.03450429430312575,19,0,19,0,0,0,0,0,0,0,0,1
1cyd,C,31,GLY,-0.4,60.1,0.0,0,0,X,0.0,0.0,0.0,0.0,0.0,0.0,0.0,0.0,22,0.03590311704514436,27,0,27,0,0,0,0,0,0,0,0,1
1cyd,C,32,ALA,1.8,88.6,0.0,0,0,X,0.0,0.0,0.0,0.0,0.0,0.0,0.0,0.0,31,0.04616115048661418,31,6,25,0,0,0,0,0,0,0,0,1
1cyd,C,33,LYS,-3.9,168.6,1.0,2,0,X,0.0,0.0,0.0,0.0,0.0,0.0,0.0,0.0,29,0.040099585271200194,21,13,8,0,0,0,0,0,0,0,0,1
1cyd,C,34,VAL,4.2,140.0,0.0,0,0,X,0.0,0.0,0.0,0.0,0.0,0.0,0.0,0.0,39,0.04989134446533048,37,10,27,0,0,0,0,0,0,0,0,1
1cyd,C,35,VAL,4.2,140.0,0.0,0,0,X,0.0,0.0,0.0,0.0,0.0,0.0,0.0,0.0,37,0.050823892960009553,21,10,11,0,0,0,0,0,0,0,0,1
1cyd,C,36,ALA,1.8,88.6,0.0,0,0,X,0.0,0.0,0.0,0.0,0.0,0.0,0.0,0.0,40,0.05129016720734909,18,13,5,0,0,0,0,0,0,0,0,1
1cyd,C,37,VAL,4.2,140.0,0.0,0,0,X,0.0,0.0,0.0,0.0,0.0,0.0,0.0,0.0,40,0.04476232774459557,8,11,-3,0,0,0,0,0,0,0,0,1
1cyd,C,38,THR,-0.7,116.1,0.0,1,1,X,0.0,0.0,0.0,0.0,0.0,0.0,0.0,0.0,33,0.04616115048661418,26,17,9,0,0,0,0,0,0,0,0,1
1cyd,C,39,ARG,-4.5,173.4,1.0,5,0,X,0.0,0.0,0.0,0.0,0.0,0.0,0.0,0.0,23,0.03590311704514436,11,15,-4,0,0,0,0,0,0,0,0,1
1cyd,C,40,THR,-0.7,116.1,0.0,1,1,X,0.0,0.0,0.0,0.0,0.0,0.0,0.0,0.0,19,0.032639197313767604,21,11,10,0,0,0,0,0,0,0,0,1
1cyd,C,41,ASN,-3.5,114.1,0.0,2,2,X,0.0,0.0,0.0,0.0,0.0,0.0,0.0,0.0,19,0.030774100324409453,8,8,0,0,0,0,0,0,0,0,0,1
1cyd,C,42,SER,-0.8,89.0,0.0,1,1,X,0.0,0.0,0.0,0.0,0.0,0.0,0.0,0.0,17,0.025645083603674543,18,8,10,0,0,0,0,0,0,0,0,1
1cyd,C,43,ASP,-3.5,111.1,-1.0,1,3,X,0.0,0.0,0.0,0.0,0.0,0.0,0.0,0.0,25,0.03916703677652112,28,5,23,0,0,0,0,0,0,0,0,1
1cyd,C,44,LEU,3.8,166.7,0.0,0,0,X,0.0,0.0,0.0,0.0,0.0,0.0,0.0,0.0,30,0.048492521723311866,23,16,7,0,0,0,0,0,0,0,0,1
1cyd,C,45,VAL,4.2,140.0,0.0,0,0,X,0.0,0.0,0.0,0.0,0.0,0.0,0.0,0.0,17,0.032172923066428064,13,16,-3,0,0,0,0,0,0,0,0,1
1cyd,C,46,SER,-0.8,89.0,0.0,1,1,X,0.0,0.0,0.0,0.0,0.0,0.0,0.0,0.0,20,0.032639197313767604,22,17,5,0,0,0,0,0,0,0,0,1
1cyd,C,47,LEU,3.8,166.7,0.0,0,0,X,0.0,0.0,0.0,0.0,0.0,0.0,0.0,0.0,33,0.04196468226055834,39,26,13,0,0,0,0,0,0,0,0,1
1cyd,C,48,ALA,1.8,88.6,0.0,0,0,X,0.0,0.0,0.0,0.0,0.0,0.0,0.0,0.0,21,0.04103213376587927,22,18,4,0,0,0,0,0,0,0,0,1
1cyd,C,49,LYS,-3.9,168.6,1.0,2,0,X,0.0,0.0,0.0,0.0,0.0,0.0,0.0,0.0,14,0.027510180593032695,3,12,-9,0,0,0,0,0,0,0,0,1
1cyd,C,50,GLU,-3.5,138.4,-1.0,1,3,X,0.0,0.0,0.0,0.0,0.0,0.0,0.0,0.0,19,0.029375277582390842,34,6,28,0,0,0,0,0,0,0,0,1
1cyd,C,51,CYS,2.5,108.5,0.0,1,0,X,0.0,0.0,0.0,0.0,0.0,0.0,0.0,0.0,25,0.035436842797804825,38,13,25,0,0,0,0,0,0,0,0,1
1cyd,C,52,PRO,-1.6,112.7,0.0,0,0,X,0.0,0.0,0.0,0.0,0.0,0.0,0.0,0.0,19,0.022847438119637322,23,10,13,0,0,0,0,0,0,0,0,1
1cyd,C,53,GLY,-0.4,60.1,0.0,0,0,X,0.0,0.0,0.0,0.0,0.0,0.0,0.0,0.0,19,0.02611135785101408,24,13,11,0,0,0,0,0,0,0,0,1
1cyd,C,54,ILE,4.5,166.7,0.0,0,0,X,0.0,0.0,0.0,0.0,0.0,0.0,0.0,0.0,29,0.04196468226055834,33,15,18,0,0,0,0,0,0,0,0,1
1cyd,C,55,GLU,-3.5,138.4,-1.0,1,3,X,0.0,0.0,0.0,0.0,0.0,0.0,0.0,0.0,29,0.030774100324409453,20,0,20,0,0,0,0,0,0,0,0,1
1cyd,C,56,PRO,-1.6,112.7,0.0,0,0,X,0.0,0.0,0.0,0.0,0.0,0.0,0.0,0.0,29,0.03590311704514436,4,12,-8,0,0,0,0,0,0,0,0,1
1cyd,C,57,VAL,4.2,140.0,0.0,0,0,X,0.0,0.0,0.0,0.0,0.0,0.0,0.0,0.0,32,0.03310547156110714,10,12,-2,0,0,0,0,0,0,0,0,1
1cyd,C,58,CYS,2.5,108.5,0.0,1,0,X,0.0,0.0,0.0,0.0,0.0,0.0,0.0,0.0,25,0.03310547156110714,12,14,-2,0,0,0,0,0,0,0,0,1
1cyd,C,59,VAL,4.2,140.0,0.0,0,0,X,0.0,0.0,0.0,0.0,0.0,0.0,0.0,0.0,32,0.03776821403450251,21,23,-2,0,0,0,0,0,0,0,0,1
1cyd,C,60,ASP,-3.5,111.1,-1.0,1,3,X,0.0,0.0,0.0,0.0,0.0,0.0,0.0,0.0,25,0.03450429430312575,21,13,8,0,0,0,0,0,0,0,0,1
1cyd,C,61,LEU,3.8,166.7,0.0,0,0,X,0.0,0.0,0.0,0.0,0.0,0.0,0.0,0.0,39,0.04429605349725603,24,22,2,0,0,0,0,0,0,0,0,1
1cyd,C,62,GLY,-0.4,60.1,0.0,0,0,X,0.0,0.0,0.0,0.0,0.0,0.0,0.0,0.0,27,0.04149840801321881,30,30,0,0,0,0,0,0,0,0,0,1
1cyd,C,63,ASP,-3.5,111.1,-1.0,1,3,X,0.0,0.0,0.0,0.0,0.0,0.0,0.0,0.0,20,0.03730193978716297,27,23,4,0,0,0,0,0,0,0,0,1
1cyd,C,64,TRP,-0.9,227.8,0.0,1,0,X,0.0,0.0,0.0,0.0,0.0,0.0,0.0,0.0,27,0.04103213376587927,25,37,-12,0,0,0,0,0,0,0,0,1
1cyd,C,65,ASP,-3.5,111.1,-1.0,1,3,X,0.0,0.0,0.0,0.0,0.0,0.0,0.0,0.0,15,0.032639197313767604,19,19,0,0,0,0,0,0,0,0,0,1
1cyd,C,66,ALA,1.8,88.6,0.0,0,0,X,0.0,0.0,0.0,0.0,0.0,0.0,0.0,0.0,21,0.034970568550465285,11,33,-22,0,0,0,0,0,0,0,0,1
1cyd,C,67,THR,-0.7,116.1,0.0,1,1,X,0.0,0.0,0.0,0.0,0.0,0.0,0.0,0.0,29,0.04942507021799094,15,33,-18,0,0,0,0,0,0,0,0,1
1cyd,C,68,GLU,-3.5,138.4,-1.0,1,3,X,0.0,0.0,0.0,0.0,0.0,0.0,0.0,0.0,18,0.03776821403450251,14,15,-1,0,0,0,0,0,0,0,0,1
1cyd,C,69,LYS,-3.9,168.6,1.0,2,0,X,0.0,0.0,0.0,0.0,0.0,0.0,0.0,0.0,17,0.026577632098353617,0,25,-25,0,0,0,0,0,0,0,0,1
1cyd,C,70,ALA,1.8,88.6,0.0,0,0,X,0.0,0.0,0.0,0.0,0.0,0.0,0.0,0.0,26,0.03450429430312575,9,20,-11,0,0,0,0,0,0,0,0,1
1cyd,C,71,LEU,3.8,166.7,0.0,0,0,X,0.0,0.0,0.0,0.0,0.0,0.0,0.0,0.0,36,0.034970568550465285,12,14,-2,0,0,0,0,0,0,0,0,1
1cyd,C,72,GLY,-0.4,60.1,0.0,0,0,X,0.0,0.0,0.0,0.0,0.0,0.0,0.0,0.0,23,0.026577632098353617,14,15,-1,0,0,0,0,0,0,0,0,1
1cyd,C,73,GLY,-0.4,60.1,0.0,0,0,X,0.0,0.0,0.0,0.0,0.0,0.0,0.0,0.0,17,0.017718421398902413,10,12,-2,0,0,0,0,0,0,0,0,1
1cyd,C,74,ILE,4.5,166.7,0.0,0,0,X,0.0,0.0,0.0,0.0,0.0,0.0,0.0,0.0,26,0.02611135785101408,13,17,-4,0,0,0,0,0,0,0,0,1
1cyd,C,75,GLY,-0.4,60.1,0.0,0,0,X,0.0,0.0,0.0,0.0,0.0,0.0,0.0,0.0,22,0.023779986614316396,20,19,1,0,0,0,0,0,0,0,0,1
1cyd,C,76,PRO,-1.6,112.7,0.0,0,0,X,0.0,0.0,0.0,0.0,0.0,0.0,0.0,0.0,24,0.03124037457174899,29,19,10,0,0,0,0,0,0,0,0,1
1cyd,C,77,VAL,4.2,140.0,0.0,0,0,X,0.0,0.0,0.0,0.0,0.0,0.0,0.0,0.0,36,0.04662742473395372,28,17,11,0,0,0,0,0,0,0,0,1
1cyd,C,78,ASP,-3.5,111.1,-1.0,1,3,X,0.0,0.0,0.0,0.0,0.0,0.0,0.0,0.0,32,0.04429605349725603,25,8,17,0,0,0,0,0,0,0,0,1
1cyd,C,79,LEU,3.8,166.7,0.0,0,0,X,0.0,0.0,0.0,0.0,0.0,0.0,0.0,0.0,38,0.04709369898129325,21,10,11,0,0,0,0,0,0,0,0,1
1cyd,C,80,LEU,3.8,166.7,0.0,0,0,X,0.0,0.0,0.0,0.0,0.0,0.0,0.0,0.0,44,0.048492521723311866,5,5,0,0,0,0,0,0,0,0,0,1
1cyd,C,81,VAL,4.2,140.0,0.0,0,0,X,0.0,0.0,0.0,0.0,0.0,0.0,0.0,0.0,45,0.04755997322863279,3,2,1,0,0,0,0,0,0,0,0,1
1cyd,C,82,ASN,-3.5,114.1,0.0,2,2,X,0.0,0.0,0.0,0.0,0.0,0.0,0.0,0.0,45,0.04755997322863279,4,0,4,0,0,0,0,0,0,0,0,1
1cyd,C,83,ASN,-3.5,114.1,0.0,2,2,X,0.0,0.0,0.0,0.0,0.0,0.0,0.0,0.0,39,0.04149840801321881,12,1,11,0,0,0,0,0,0,0,0,1
1cyd,C,84,ALA,1.8,88.6,0.0,0,0,X,0.0,0.0,0.0,0.0,0.0,0.0,0.0,0.0,43,0.03730193978716297,16,3,13,0,0,0,0,0,0,0,0,1
1cyd,C,85,ALA,1.8,88.6,0.0,0,0,X,0.0,0.0,0.0,0.0,0.0,0.0,0.0,0.0,35,0.03357174580844668,17,1,16,0,0,0,0,0,0,0,0,1
1cyd,C,86,LEU,3.8,166.7,0.0,0,0,X,0.0,0.0,0.0,0.0,0.0,0.0,0.0,0.0,29,0.03450429430312575,23,7,16,0,0,0,0,0,0,0,0,1
1cyd,C,87,VAL,4.2,140.0,0.0,0,0,X,0.0,0.0,0.0,0.0,0.0,0.0,0.0,0.0,29,0.035436842797804825,19,4,15,0,0,0,0,0,0,0,0,1
1cyd,C,88,ILE,4.5,166.7,0.0,0,0,X,0.0,0.0,0.0,0.0,0.0,0.0,0.0,0.0,29,0.03450429430312575,15,15,0,0,0,0,0,0,0,0,0,1
1cyd,C,89,MET,1.9,162.9,0.0,0,0,X,0.0,0.0,0.0,0.0,0.0,0.0,0.0,0.0,25,0.0363693912924839,10,6,4,0,0,0,0,0,0,0,0,1
1cyd,C,90,GLN,-3.5,143.8,0.0,2,2,X,0.0,0.0,0.0,0.0,0.0,0.0,0.0,0.0,25,0.03823448828184205,4,16,-12,0,0,0,0,0,0,0,0,1
1cyd,C,91,PRO,-1.6,112.7,0.0,0,0,X,0.0,0.0,0.0,0.0,0.0,0.0,0.0,0.0,22,0.03823448828184205,2,18,-16,0,0,0,0,0,0,0,0,1
1cyd,C,92,PHE,2.8,189.9,0.0,0,0,X,0.0,0.0,0.0,0.0,0.0,0.0,0.0,0.0,37,0.048492521723311866,12,18,-6,0,0,0,0,0,0,0,0,1
1cyd,C,93,LEU,3.8,166.7,0.0,0,0,X,0.0,0.0,0.0,0.0,0.0,0.0,0.0,0.0,25,0.03730193978716297,17,18,-1,0,0,0,0,0,0,0,0,1
1cyd,C,94,GLU,-3.5,138.4,-1.0,1,3,X,0.0,0.0,0.0,0.0,0.0,0.0,0.0,0.0,16,0.03124037457174899,7,3,4,0,0,0,0,0,0,0,0,1
1cyd,C,95,VAL,4.2,140.0,0.0,0,0,X,0.0,0.0,0.0,0.0,0.0,0.0,0.0,0.0,30,0.04476232774459557,17,19,-2,0,0,0,0,0,0,0,0,1
1cyd,C,96,THR,-0.7,116.1,0.0,1,1,X,0.0,0.0,0.0,0.0,0.0,0.0,0.0,0.0,24,0.03310547156110714,22,25,-3,0,0,0,0,0,0,0,0,1
1cyd,C,97,LYS,-3.9,168.6,1.0,2,0,X,0.0,0.0,0.0,0.0,0.0,0.0,0.0,0.0,22,0.03776821403450251,15,32,-17,0,0,0,0,0,0,0,0,1
1cyd,C,98,GLU,-3.5,138.4,-1.0,1,3,X,0.0,0.0,0.0,0.0,0.0,0.0,0.0,0.0,17,0.030307826077069916,24,9,15,0,0,0,0,0,0,0,0,1
1cyd,C,99,ALA,1.8,88.6,0.0,0,0,X,0.0,0.0,0.0,0.0,0.0,0.0,0.0,0.0,27,0.03963331102386066,23,20,3,0,0,0,0,0,0,0,0,1
1cyd,C,100,PHE,2.8,189.9,0.0,0,0,X,0.0,0.0,0.0,0.0,0.0,0.0,0.0,0.0,30,0.04942507021799094,26,19,7,0,0,0,0,0,0,0,0,1
1cyd,C,101,ASP,-3.5,111.1,-1.0,1,3,X,0.0,0.0,0.0,0.0,0.0,0.0,0.0,0.0,19,0.03916703677652112,37,9,28,0,0,0,0,0,0,0,0,1
1cyd,C,102,ARG,-4.5,173.4,1.0,5,0,X,0.0,0.0,0.0,0.0,0.0,0.0,0.0,0.0,24,0.03776821403450251,13,28,-15,0,0,0,0,0,0,0,0,1
1cyd,C,103,SER,-0.8,89.0,0.0,1,1,X,0.0,0.0,0.0,0.0,0.0,0.0,0.0,0.0,32,0.05222271570202816,23,17,6,0,0,0,0,0,0,0,0,1
1cyd,C,104,PHE,2.8,189.9,0.0,0,0,X,0.0,0.0,0.0,0.0,0.0,0.0,0.0,0.0,29,0.050823892960009553,31,16,15,0,0,0,0,0,0,0,0,1
1cyd,C,105,SER,-0.8,89.0,0.0,1,1,X,0.0,0.0,0.0,0.0,0.0,0.0,0.0,0.0,27,0.04662742473395372,29,31,-2,0,0,0,0,0,0,0,0,1
1cyd,C,106,VAL,4.2,140.0,0.0,0,0,X,0.0,0.0,0.0,0.0,0.0,0.0,0.0,0.0,37,0.048492521723311866,28,19,9,0,0,0,0,0,0,0,0,1
1cyd,C,107,ASN,-3.5,114.1,0.0,2,2,X,0.0,0.0,0.0,0.0,0.0,0.0,0.0,0.0,36,0.048026247475972325,26,3,23,0,0,0,0,0,0,0,0,1
1cyd,C,108,LEU,3.8,166.7,0.0,0,0,X,0.0,0.0,0.0,0.0,0.0,0.0,0.0,0.0,39,0.05129016720734909,22,3,19,0,0,0,0,0,0,0,0,1
1cyd,C,109,ARG,-4.5,173.4,1.0,5,0,X,0.0,0.0,0.0,0.0,0.0,0.0,0.0,0.0,29,0.04989134446533048,16,28,-12,0,0,0,0,0,0,0,0,1
1cyd,C,110,SER,-0.8,89.0,0.0,1,1,X,0.0,0.0,0.0,0.0,0.0,0.0,0.0,0.0,40,0.0526889899493677,13,10,3,0,0,0,0,0,0,0,0,1
1cyd,C,111,VAL,4.2,140.0,0.0,0,0,X,0.0,0.0,0.0,0.0,0.0,0.0,0.0,0.0,43,0.04989134446533048,9,0,9,0,0,0,0,0,0,0,0,1
1cyd,C,112,PHE,2.8,189.9,0.0,0,0,X,0.0,0.0,0.0,0.0,0.0,0.0,0.0,0.0,40,0.048492521723311866,15,7,8,0,0,0,0,0,0,0,0,1
1cyd,C,113,GLN,-3.5,143.8,0.0,2,2,X,0.0,0.0,0.0,0.0,0.0,0.0,0.0,0.0,36,0.048026247475972325,25,19,6,0,0,0,0,0,0,0,0,1
1cyd,C,114,VAL,4.2,140.0,0.0,0,0,X,0.0,0.0,0.0,0.0,0.0,0.0,0.0,0.0,38,0.04476232774459557,11,6,5,0,0,0,0,0,0,0,0,1
1cyd,C,115,SER,-0.8,89.0,0.0,1,1,X,0.0,0.0,0.0,0.0,0.0,0.0,0.0,0.0,38,0.04243095650789788,14,3,11,0,0,0,0,0,0,0,0,1
1cyd,C,116,GLN,-3.5,143.8,0.0,2,2,X,0.0,0.0,0.0,0.0,0.0,0.0,0.0,0.0,30,0.045694876239274644,14,11,3,0,0,0,0,0,0,0,0,1
1cyd,C,117,MET,1.9,162.9,0.0,0,0,X,0.0,0.0,0.0,0.0,0.0,0.0,0.0,0.0,32,0.03870076252918159,13,17,-4,0,0,0,0,0,0,0,0,1
1cyd,C,118,VAL,4.2,140.0,0.0,0,0,X,0.0,0.0,0.0,0.0,0.0,0.0,0.0,0.0,39,0.043829779249916496,20,15,5,0,0,0,0,0,0,0,0,1
1cyd,C,119,ALA,1.8,88.6,0.0,0,0,X,0.0,0.0,0.0,0.0,0.0,0.0,0.0,0.0,37,0.043363505002576956,34,14,20,0,0,0,0,0,0,0,0,1
1cyd,C,120,ARG,-4.5,173.4,1.0,5,0,X,0.0,0.0,0.0,0.0,0.0,0.0,0.0,0.0,20,0.03590311704514436,1,15,-14,0,0,0,0,0,0,0,0,1
1cyd,C,121,ASP,-3.5,111.1,-1.0,1,3,X,0.0,0.0,0.0,0.0,0.0,0.0,0.0,0.0,27,0.040565859518539735,23,8,15,0,0,0,0,0,0,0,0,1
1cyd,C,122,MET,1.9,162.9,0.0,0,0,X,0.0,0.0,0.0,0.0,0.0,0.0,0.0,0.0,30,0.04709369898129325,40,16,24,0,0,0,0,0,0,0,0,1
1cyd,C,123,ILE,4.5,166.7,0.0,0,0,X,0.0,0.0,0.0,0.0,0.0,0.0,0.0,0.0,22,0.03916703677652112,38,10,28,0,0,0,0,0,0,0,0,1
1cyd,C,124,ASN,-3.5,114.1,0.0,2,2,X,0.0,0.0,0.0,0.0,0.0,0.0,0.0,0.0,16,0.026577632098353617,23,8,15,0,0,0,0,0,0,0,0,1
1cyd,C,125,ARG,-4.5,173.4,1.0,5,0,X,0.0,0.0,0.0,0.0,0.0,0.0,0.0,0.0,19,0.025178809356335007,8,16,-8,0,0,0,0,0,0,0,0,1
1cyd,C,126,GLY,-0.4,60.1,0.0,0,0,X,0.0,0.0,0.0,0.0,0.0,0.0,0.0,0.0,17,0.027510180593032695,31,10,21,0,0,0,0,0,0,0,0,1
1cyd,C,127,VAL,4.2,140.0,0.0,0,0,X,0.0,0.0,0.0,0.0,0.0,0.0,0.0,0.0,20,0.032172923066428064,30,16,14,0,0,0,0,0,0,0,0,1
1cyd,C,128,PRO,-1.6,112.7,0.0,0,0,X,0.0,0.0,0.0,0.0,0.0,0.0,0.0,0.0,26,0.030307826077069916,37,13,24,0,0,0,0,0,0,0,0,1
1cyd,C,129,GLY,-0.4,60.1,0.0,0,0,X,0.0,0.0,0.0,0.0,0.0,0.0,0.0,0.0,35,0.03963331102386066,30,12,18,0,0,0,0,0,0,0,0,1
1cyd,C,130,SER,-0.8,89.0,0.0,1,1,X,0.0,0.0,0.0,0.0,0.0,0.0,0.0,0.0,42,0.04709369898129325,18,12,6,0,0,0,0,0,0,0,0,1
1cyd,C,131,ILE,4.5,166.7,0.0,0,0,X,0.0,0.0,0.0,0.0,0.0,0.0,0.0,0.0,40,0.05222271570202816,13,4,9,0,0,0,0,0,0,0,0,1
1cyd,C,132,VAL,4.2,140.0,0.0,0,0,X,0.0,0.0,0.0,0.0,0.0,0.0,0.0,0.0,46,0.0526889899493677,8,1,7,0,0,0,0,0,0,0,0,1
1cyd,C,133,ASN,-3.5,114.1,0.0,2,2,X,0.0,0.0,0.0,0.0,0.0,0.0,0.0,0.0,43,0.048958795970651406,12,0,12,0,0,0,0,0,0,0,0,1
1cyd,C,134,VAL,4.2,140.0,0.0,0,0,X,0.0,0.0,0.0,0.0,0.0,0.0,0.0,0.0,40,0.04616115048661418,9,0,9,0,0,0,0,0,0,0,0,1
1cyd,C,135,SER,-0.8,89.0,0.0,1,1,X,0.0,0.0,0.0,0.0,0.0,0.0,0.0,0.0,39,0.04616115048661418,17,0,17,0,0,0,0,0,0,0,0,1
1cyd,C,136,SER,-0.8,89.0,0.0,1,1,X,0.0,0.0,0.0,0.0,0.0,0.0,0.0,0.0,41,0.043829779249916496,19,6,13,0,0,0,0,0,0,0,0,1
1cyd,C,137,MET,1.9,162.9,0.0,0,0,X,0.0,0.0,0.0,0.0,0.0,0.0,0.0,0.0,35,0.050823892960009553,24,8,16,0,0,0,0,0,0,0,0,1
1cyd,C,138,VAL,4.2,140.0,0.0,0,0,X,0.0,0.0,0.0,0.0,0.0,0.0,0.0,0.0,37,0.04942507021799094,24,1,23,0,0,0,0,0,0,0,0,1
1cyd,C,139,ALA,1.8,88.6,0.0,0,0,X,0.0,0.0,0.0,0.0,0.0,0.0,0.0,0.0,31,0.04942507021799094,25,0,25,0,0,0,0,0,0,0,0,1
1cyd,C,140,HIS,-3.2,153.2,0.1,2,1,X,0.0,0.0,0.0,0.0,0.0,0.0,0.0,0.0,24,0.03590311704514436,12,3,9,0,0,0,0,0,0,0,0,1
1cyd,C,141,VAL,4.2,140.0,0.0,0,0,X,0.0,0.0,0.0,0.0,0.0,0.0,0.0,0.0,28,0.04289723075523742,28,3,25,0,0,0,0,0,0,0,0,1
1cyd,C,142,THR,-0.7,116.1,0.0,1,1,X,0.0,0.0,0.0,0.0,0.0,0.0,0.0,0.0,33,0.04942507021799094,25,7,18,0,0,0,0,0,0,0,0,1
1cyd,C,143,PHE,2.8,189.9,0.0,0,0,X,0.0,0.0,0.0,0.0,0.0,0.0,0.0,0.0,37,0.03870076252918159,11,3,8,0,0,0,0,0,0,0,0,1
1cyd,C,144,PRO,-1.6,112.7,0.0,0,0,X,0.0,0.0,0.0,0.0,0.0,0.0,0.0,0.0,30,0.03403802005578621,4,10,-6,0,0,0,0,0,0,0,0,1
1cyd,C,145,ASN,-3.5,114.1,0.0,2,2,X,0.0,0.0,0.0,0.0,0.0,0.0,0.0,0.0,24,0.03403802005578621,4,15,-11,0,0,0,0,0,0,0,0,1
1cyd,C,146,LEU,3.8,166.7,0.0,0,0,X,0.0,0.0,0.0,0.0,0.0,0.0,0.0,0.0,36,0.048958795970651406,11,4,7,0,0,0,0,0,0,0,0,1
1cyd,C,147,ILE,4.5,166.7,0.0,0,0,X,0.0,0.0,0.0,0.0,0.0,0.0,0.0,0.0,43,0.053155264196707235,6,12,-6,0,0,0,0,0,0,0,0,1
1cyd,C,148,THR,-0.7,116.1,0.0,1,1,X,0.0,0.0,0.0,0.0,0.0,0.0,0.0,0.0,41,0.050823892960009553,15,10,5,0,0,0,0,0,0,0,0,1
1cyd,C,149,TYR,-1.3,193.6,0.0,1,1,X,0.0,0.0,0.0,0.0,0.0,0.0,0.0,0.0,39,0.048958795970651406,12,0,12,0,0,0,0,0,0,0,0,1
1cyd,C,150,SER,-0.8,89.0,0.0,1,1,X,0.0,0.0,0.0,0.0,0.0,0.0,0.0,0.0,39,0.05175644145468863,25,1,24,0,0,0,0,0,0,0,0,1
1cyd,C,151,SER,-0.8,89.0,0.0,1,1,X,0.0,0.0,0.0,0.0,0.0,0.0,0.0,0.0,30,0.05502036118606539,19,0,19,0,0,0,0,0,0,0,0,1
1cyd,C,152,THR,-0.7,116.1,0.0,1,1,X,0.0,0.0,0.0,0.0,0.0,0.0,0.0,0.0,35,0.053155264196707235,13,1,12,0,0,0,0,0,0,0,0,1
1cyd,C,153,LYS,-3.9,168.6,1.0,2,0,X,0.0,0.0,0.0,0.0,0.0,0.0,0.0,0.0,40,0.053621538444046775,9,0,9,0,0,0,0,0,0,0,0,1
1cyd,C,154,GLY,-0.4,60.1,0.0,0,0,X,0.0,0.0,0.0,0.0,0.0,0.0,0.0,0.0,26,0.0526889899493677,32,0,32,0,0,0,0,0,0,0,0,1
1cyd,C,155,ALA,1.8,88.6,0.0,0,0,X,0.0,0.0,0.0,0.0,0.0,0.0,0.0,0.0,28,0.05502036118606539,22,0,22,0,0,0,0,0,0,0,0,1
1cyd,C,156,MET,1.9,162.9,0.0,0,0,X,0.0,0.0,0.0,0.0,0.0,0.0,0.0,0.0,42,0.05035761871267001,18,0,18,0,0,0,0,0,0,0,0,1
1cyd,C,157,THR,-0.7,116.1,0.0,1,1,X,0.0,0.0,0.0,0.0,0.0,0.0,0.0,0.0,33,0.045694876239274644,33,0,33,0,0,0,0,0,0,0,0,1
1cyd,C,158,MET,1.9,162.9,0.0,0,0,X,0.0,0.0,0.0,0.0,0.0,0.0,0.0,0.0,37,0.048492521723311866,29,1,28,0,0,0,0,0,0,0,0,1
1cyd,C,159,LEU,3.8,166.7,0.0,0,0,X,0.0,0.0,0.0,0.0,0.0,0.0,0.0,0.0,43,0.04989134446533048,16,5,11,0,0,0,0,0,0,0,0,1
1cyd,C,160,THR,-0.7,116.1,0.0,1,1,X,0.0,0.0,0.0,0.0,0.0,0.0,0.0,0.0,42,0.04942507021799094,14,1,13,0,0,0,0,0,0,0,0,1
1cyd,C,161,LYS,-3.9,168.6,1.0,2,0,X,0.0,0.0,0.0,0.0,0.0,0.0,0.0,0.0,38,0.048492521723311866,8,7,1,0,0,0,0,0,0,0,0,1
1cyd,C,162,ALA,1.8,88.6,0.0,0,0,X,0.0,0.0,0.0,0.0,0.0,0.0,0.0,0.0,42,0.04942507021799094,11,9,2,0,0,0,0,0,0,0,0,1
1cyd,C,163,MET,1.9,162.9,0.0,0,0,X,0.0,0.0,0.0,0.0,0.0,0.0,0.0,0.0,42,0.04709369898129325,12,9,3,0,0,0,0,0,0,0,0,1
1cyd,C,164,ALA,1.8,88.6,0.0,0,0,X,0.0,0.0,0.0,0.0,0.0,0.0,0.0,0.0,41,0.05408781269138631,30,12,18,0,0,0,0,0,0,0,0,1
1cyd,C,165,MET,1.9,162.9,0.0,0,0,X,0.0,0.0,0.0,0.0,0.0,0.0,0.0,0.0,37,0.04709369898129325,28,10,18,0,0,0,0,0,0,0,0,1
1cyd,C,166,GLU,-3.5,138.4,-1.0,1,3,X,0.0,0.0,0.0,0.0,0.0,0.0,0.0,0.0,32,0.03963331102386066,16,1,15,0,0,0,0,0,0,0,0,1
1cyd,C,167,LEU,3.8,166.7,0.0,0,0,X,0.0,0.0,0.0,0.0,0.0,0.0,0.0,0.0,36,0.04476232774459557,28,9,19,0,0,0,0,0,0,0,0,1
1cyd,C,168,GLY,-0.4,60.1,0.0,0,0,X,0.0,0.0,0.0,0.0,0.0,0.0,0.0,0.0,33,0.048958795970651406,52,8,44,0,0,0,0,0,0,0,0,1
1cyd,C,169,PRO,-1.6,112.7,0.0,0,0,X,0.0,0.0,0.0,0.0,0.0,0.0,0.0,0.0,23,0.034970568550465285,42,9,33,0,0,0,0,0,0,0,0,1
1cyd,C,170,HIS,-3.2,153.2,0.1,2,1,X,0.0,0.0,0.0,0.0,0.0,0.0,0.0,0.0,24,0.03403802005578621,22,8,14,0,0,0,0,0,0,0,0,1
1cyd,C,171,LYS,-3.9,168.6,1.0,2,0,X,0.0,0.0,0.0,0.0,0.0,0.0,0.0,0.0,23,0.03403802005578621,29,2,27,0,0,0,0,0,0,0,0,1
1cyd,C,172,ILE,4.5,166.7,0.0,0,0,X,0.0,0.0,0.0,0.0,0.0,0.0,0.0,0.0,40,0.04662742473395372,32,9,23,0,0,0,0,0,0,0,0,1
1cyd,C,173,ARG,-4.5,173.4,1.0,5,0,X,0.0,0.0,0.0,0.0,0.0,0.0,0.0,0.0,43,0.048026247475972325,15,8,7,0,0,0,0,0,0,0,0,1
1cyd,C,174,VAL,4.2,140.0,0.0,0,0,X,0.0,0.0,0.0,0.0,0.0,0.0,0.0,0.0,45,0.053621538444046775,19,4,15,0,0,0,0,0,0,0,0,1
1cyd,C,175,ASN,-3.5,114.1,0.0,2,2,X,0.0,0.0,0.0,0.0,0.0,0.0,0.0,0.0,42,0.04662742473395372,16,1,15,0,0,0,0,0,0,0,0,1
1cyd,C,176,SER,-0.8,89.0,0.0,1,1,X,0.0,0.0,0.0,0.0,0.0,0.0,0.0,0.0,40,0.048492521723311866,14,0,14,0,0,0,0,0,0,0,0,1
1cyd,C,177,VAL,4.2,140.0,0.0,0,0,X,0.0,0.0,0.0,0.0,0.0,0.0,0.0,0.0,41,0.05129016720734909,5,6,-1,0,0,0,0,0,0,0,0,1
1cyd,C,178,ASN,-3.5,114.1,0.0,2,2,X,0.0,0.0,0.0,0.0,0.0,0.0,0.0,0.0,39,0.048026247475972325,17,8,9,0,0,0,0,0,0,0,0,1
1cyd,C,179,PRO,-1.6,112.7,0.0,0,0,X,0.0,0.0,0.0,0.0,0.0,0.0,0.0,0.0,42,0.045694876239274644,10,19,-9,0,0,0,0,0,0,0,0,1
1cyd,C,180,THR,-0.7,116.1,0.0,1,1,X,0.0,0.0,0.0,0.0,0.0,0.0,0.0,0.0,39,0.050823892960009553,20,15,5,0,0,0,0,0,0,0,0,1
1cyd,C,181,VAL,4.2,140.0,0.0,0,0,X,0.0,0.0,0.0,0.0,0.0,0.0,0.0,0.0,37,0.04243095650789788,30,14,16,0,0,0,0,0,0,0,0,1
1cyd,C,182,VAL,4.2,140.0,0.0,0,0,X,0.0,0.0,0.0,0.0,0.0,0.0,0.0,0.0,34,0.04289723075523742,13,25,-12,0,0,0,0,0,0,0,0,1
1cyd,C,183,LEU,3.8,166.7,0.0,0,0,X,0.0,0.0,0.0,0.0,0.0,0.0,0.0,0.0,21,0.035436842797804825,16,17,-1,0,0,0,0,0,0,0,0,1
1cyd,C,184,THR,-0.7,116.1,0.0,1,1,X,0.0,0.0,0.0,0.0,0.0,0.0,0.0,0.0,23,0.032639197313767604,23,16,7,0,0,0,0,0,0,0,0,1
1cyd,C,185,ASP,-3.5,111.1,-1.0,1,3,X,0.0,0.0,0.0,0.0,0.0,0.0,0.0,0.0,16,0.027043906345693154,27,0,27,0,0,0,0,0,0,0,0,1
1cyd,C,186,MET,1.9,162.9,0.0,0,0,X,0.0,0.0,0.0,0.0,0.0,0.0,0.0,0.0,29,0.03403802005578621,25,8,17,0,0,0,0,0,0,0,0,1
1cyd,C,187,GLY,-0.4,60.1,0.0,0,0,X,0.0,0.0,0.0,0.0,0.0,0.0,0.0,0.0,25,0.03823448828184205,18,9,9,0,0,0,0,0,0,0,0,1
1cyd,C,188,LYS,-3.9,168.6,1.0,2,0,X,0.0,0.0,0.0,0.0,0.0,0.0,0.0,0.0,14,0.03403802005578621,9,9,0,0,0,0,0,0,0,0,0,1
1cyd,C,189,LYS,-3.9,168.6,1.0,2,0,X,0.0,0.0,0.0,0.0,0.0,0.0,0.0,0.0,21,0.028909003335051305,9,10,-1,0,0,0,0,0,0,0,0,1
1cyd,C,190,VAL,4.2,140.0,0.0,0,0,X,0.0,0.0,0.0,0.0,0.0,0.0,0.0,0.0,30,0.03590311704514436,16,10,6,0,0,0,0,0,0,0,0,1
1cyd,C,191,SER,-0.8,89.0,0.0,1,1,X,0.0,0.0,0.0,0.0,0.0,0.0,0.0,0.0,26,0.03963331102386066,25,15,10,0,0,0,0,0,0,0,0,1
1cyd,C,192,ALA,1.8,88.6,0.0,0,0,X,0.0,0.0,0.0,0.0,0.0,0.0,0.0,0.0,20,0.02844272908771177,17,14,3,0,0,0,0,0,0,0,0,1
1cyd,C,193,ASP,-3.5,111.1,-1.0,1,3,X,0.0,0.0,0.0,0.0,0.0,0.0,0.0,0.0,17,0.025178809356335007,20,9,11,0,0,0,0,0,0,0,0,1
1cyd,C,194,PRO,-1.6,112.7,0.0,0,0,X,0.0,0.0,0.0,0.0,0.0,0.0,0.0,0.0,12,0.025178809356335007,18,17,1,0,0,0,0,0,0,0,0,1
1cyd,C,195,GLU,-3.5,138.4,-1.0,1,3,X,0.0,0.0,0.0,0.0,0.0,0.0,0.0,0.0,11,0.027510180593032695,21,12,9,0,0,0,0,0,0,0,0,1
1cyd,C,196,PHE,2.8,189.9,0.0,0,0,X,0.0,0.0,0.0,0.0,0.0,0.0,0.0,0.0,25,0.034970568550465285,29,19,10,0,0,0,0,0,0,0,0,1
1cyd,C,197,ALA,1.8,88.6,0.0,0,0,X,0.0,0.0,0.0,0.0,0.0,0.0,0.0,0.0,23,0.043363505002576956,44,25,19,0,0,0,0,0,0,0,0,1
1cyd,C,198,ARG,-4.5,173.4,1.0,5,0,X,0.0,0.0,0.0,0.0,0.0,0.0,0.0,0.0,11,0.03590311704514436,20,22,-2,0,0,0,0,0,0,0,0,1
1cyd,C,199,LYS,-3.9,168.6,1.0,2,0,X,0.0,0.0,0.0,0.0,0.0,0.0,0.0,0.0,16,0.034970568550465285,33,25,8,0,0,0,0,0,0,0,0,1
1cyd,C,200,LEU,3.8,166.7,0.0,0,0,X,0.0,0.0,0.0,0.0,0.0,0.0,0.0,0.0,30,0.04476232774459557,56,16,40,0,0,0,0,0,0,0,0,1
1cyd,C,201,LYS,-3.9,168.6,1.0,2,0,X,0.0,0.0,0.0,0.0,0.0,0.0,0.0,0.0,24,0.04289723075523742,53,13,40,0,0,0,0,0,0,0,0,1
1cyd,C,202,GLU,-3.5,138.4,-1.0,1,3,X,0.0,0.0,0.0,0.0,0.0,0.0,0.0,0.0,17,0.03776821403450251,61,3,58,0,0,0,0,0,0,0,0,1
1cyd,C,203,ARG,-4.5,173.4,1.0,5,0,X,0.0,0.0,0.0,0.0,0.0,0.0,0.0,0.0,26,0.04289723075523742,38,11,27,0,0,0,0,0,0,0,0,1
1cyd,C,204,HIS,-3.2,153.2,0.1,2,1,X,0.0,0.0,0.0,0.0,0.0,0.0,0.0,0.0,33,0.05222271570202816,49,16,33,0,0,0,0,0,0,0,0,1
1cyd,C,205,PRO,-1.6,112.7,0.0,0,0,X,0.0,0.0,0.0,0.0,0.0,0.0,0.0,0.0,38,0.050823892960009553,61,20,41,0,0,0,0,0,0,0,0,1
1cyd,C,206,LEU,3.8,166.7,0.0,0,0,X,0.0,0.0,0.0,0.0,0.0,0.0,0.0,0.0,38,0.045694876239274644,64,16,48,0,0,0,0,0,0,0,0,1
1cyd,C,207,ARG,-4.5,173.4,1.0,5,0,X,0.0,0.0,0.0,0.0,0.0,0.0,0.0,0.0,25,0.03916703677652112,49,12,37,0,0,0,0,0,0,0,0,1
1cyd,C,208,LYS,-3.9,168.6,1.0,2,0,X,0.0,0.0,0.0,0.0,0.0,0.0,0.0,0.0,29,0.03776821403450251,38,24,14,0,0,0,0,0,0,0,0,1
1cyd,C,209,PHE,2.8,189.9,0.0,0,0,X,0.0,0.0,0.0,0.0,0.0,0.0,0.0,0.0,35,0.04662742473395372,43,18,25,0,0,0,0,0,0,0,0,1
1cyd,C,210,ALA,1.8,88.6,0.0,0,0,X,0.0,0.0,0.0,0.0,0.0,0.0,0.0,0.0,31,0.048492521723311866,20,31,-11,0,0,0,0,0,0,0,0,1
1cyd,C,211,GLU,-3.5,138.4,-1.0,1,3,X,0.0,0.0,0.0,0.0,0.0,0.0,0.0,0.0,23,0.03357174580844668,9,20,-11,0,0,0,0,0,0,0,0,1
1cyd,C,212,VAL,4.2,140.0,0.0,0,0,X,0.0,0.0,0.0,0.0,0.0,0.0,0.0,0.0,32,0.03870076252918159,10,35,-25,0,0,0,0,0,0,0,0,1
1cyd,C,213,GLU,-3.5,138.4,-1.0,1,3,X,0.0,0.0,0.0,0.0,0.0,0.0,0.0,0.0,22,0.032172923066428064,12,32,-20,0,0,0,0,0,0,0,0,1
1cyd,C,214,ASP,-3.5,111.1,-1.0,1,3,X,0.0,0.0,0.0,0.0,0.0,0.0,0.0,0.0,33,0.048026247475972325,19,29,-10,0,0,0,0,0,0,0,0,1
1cyd,C,215,VAL,4.2,140.0,0.0,0,0,X,0.0,0.0,0.0,0.0,0.0,0.0,0.0,0.0,41,0.048026247475972325,4,31,-27,0,0,0,0,0,0,0,0,1
1cyd,C,216,VAL,4.2,140.0,0.0,0,0,X,0.0,0.0,0.0,0.0,0.0,0.0,0.0,0.0,34,0.043363505002576956,18,30,-12,0,0,0,0,0,0,0,0,1
1cyd,C,217,ASN,-3.5,114.1,0.0,2,2,X,0.0,0.0,0.0,0.0,0.0,0.0,0.0,0.0,28,0.043363505002576956,11,32,-21,0,0,0,0,0,0,0,0,1
1cyd,C,218,SER,-0.8,89.0,0.0,1,1,X,0.0,0.0,0.0,0.0,0.0,0.0,0.0,0.0,34,0.048492521723311866,8,14,-6,0,0,0,0,0,0,0,0,1
1cyd,C,219,ILE,4.5,166.7,0.0,0,0,X,0.0,0.0,0.0,0.0,0.0,0.0,0.0,0.0,43,0.04476232774459557,1,9,-8,0,0,0,0,0,0,0,0,1
1cyd,C,220,LEU,3.8,166.7,0.0,0,0,X,0.0,0.0,0.0,0.0,0.0,0.0,0.0,0.0,37,0.04662742473395372,11,7,4,0,0,0,0,0,0,0,0,1
1cyd,C,221,PHE,2.8,189.9,0.0,0,0,X,0.0,0.0,0.0,0.0,0.0,0.0,0.0,0.0,27,0.04476232774459557,20,10,10,0,0,0,0,0,0,0,0,1
1cyd,C,222,LEU,3.8,166.7,0.0,0,0,X,0.0,0.0,0.0,0.0,0.0,0.0,0.0,0.0,37,0.05175644145468863,17,4,13,0,0,0,0,0,0,0,0,1
1cyd,C,223,LEU,3.8,166.7,0.0,0,0,X,0.0,0.0,0.0,0.0,0.0,0.0,0.0,0.0,40,0.04709369898129325,18,12,6,0,0,0,0,0,0,0,0,1
1cyd,C,224,SER,-0.8,89.0,0.0,1,1,X,0.0,0.0,0.0,0.0,0.0,0.0,0.0,0.0,28,0.04243095650789788,18,10,8,0,0,0,0,0,0,0,0,1
1cyd,C,225,ASP,-3.5,111.1,-1.0,1,3,X,0.0,0.0,0.0,0.0,0.0,0.0,0.0,0.0,23,0.030774100324409453,18,14,4,0,0,0,0,0,0,0,0,1
1cyd,C,226,ARG,-4.5,173.4,1.0,5,0,X,0.0,0.0,0.0,0.0,0.0,0.0,0.0,0.0,22,0.040565859518539735,4,25,-21,0,0,0,0,0,0,0,0,1
1cyd,C,227,SER,-0.8,89.0,0.0,1,1,X,0.0,0.0,0.0,0.0,0.0,0.0,0.0,0.0,34,0.05129016720734909,24,22,2,0,0,0,0,0,0,0,0,1
1cyd,C,228,ALA,1.8,88.6,0.0,0,0,X,0.0,0.0,0.0,0.0,0.0,0.0,0.0,0.0,34,0.03403802005578621,33,38,-5,0,0,0,0,0,0,0,0,1
1cyd,C,229,SER,-0.8,89.0,0.0,1,1,X,0.0,0.0,0.0,0.0,0.0,0.0,0.0,0.0,41,0.04616115048661418,29,32,-3,0,0,0,0,0,0,0,0,1
1cyd,C,230,THR,-0.7,116.1,0.0,1,1,X,0.0,0.0,0.0,0.0,0.0,0.0,0.0,0.0,42,0.05129016720734909,19,20,-1,0,0,0,0,0,0,0,0,1
1cyd,C,231,SER,-0.8,89.0,0.0,1,1,X,0.0,0.0,0.0,0.0,0.0,0.0,0.0,0.0,42,0.05129016720734909,30,9,21,0,0,0,0,0,0,0,0,1
1cyd,C,232,GLY,-0.4,60.1,0.0,0,0,X,0.0,0.0,0.0,0.0,0.0,0.0,0.0,0.0,42,0.05035761871267001,18,9,9,0,0,0,0,0,0,0,0,1
1cyd,C,233,GLY,-0.4,60.1,0.0,0,0,X,0.0,0.0,0.0,0.0,0.0,0.0,0.0,0.0,36,0.04243095650789788,18,6,12,0,0,0,0,0,0,0,0,1
1cyd,C,234,GLY,-0.4,60.1,0.0,0,0,X,0.0,0.0,0.0,0.0,0.0,0.0,0.0,0.0,29,0.03963331102386066,9,3,6,0,0,0,0,0,0,0,0,1
1cyd,C,235,ILE,4.5,166.7,0.0,0,0,X,0.0,0.0,0.0,0.0,0.0,0.0,0.0,0.0,30,0.040099585271200194,3,8,-5,0,0,0,0,0,0,0,0,1
1cyd,C,236,LEU,3.8,166.7,0.0,0,0,X,0.0,0.0,0.0,0.0,0.0,0.0,0.0,0.0,35,0.045228601991935104,8,9,-1,0,0,0,0,0,0,0,0,1
1cyd,C,237,VAL,4.2,140.0,0.0,0,0,X,0.0,0.0,0.0,0.0,0.0,0.0,0.0,0.0,46,0.05222271570202816,11,25,-14,0,0,0,0,0,0,0,0,1
1cyd,C,238,ASP,-3.5,111.1,-1.0,1,3,X,0.0,0.0,0.0,0.0,0.0,0.0,0.0,0.0,44,0.0526889899493677,26,4,22,0,0,0,0,0,0,0,0,1
1cyd,C,239,ALA,1.8,88.6,0.0,0,0,X,0.0,0.0,0.0,0.0,0.0,0.0,0.0,0.0,42,0.05455408693872585,49,15,34,0,0,0,0,0,0,0,0,1
1cyd,C,240,GLY,-0.4,60.1,0.0,0,0,X,0.0,0.0,0.0,0.0,0.0,0.0,0.0,0.0,45,0.05408781269138631,51,11,40,0,0,0,0,0,0,0,0,1
1cyd,C,241,TYR,-1.3,193.6,0.0,1,1,X,0.0,0.0,0.0,0.0,0.0,0.0,0.0,0.0,33,0.04476232774459557,43,12,31,0,0,0,0,0,0,0,0,1
1cyd,C,242,LEU,3.8,166.7,0.0,0,0,X,0.0,0.0,0.0,0.0,0.0,0.0,0.0,0.0,30,0.04149840801321881,44,8,36,0,0,0,0,0,0,0,0,1
1cyd,C,243,ALA,1.8,88.6,0.0,0,0,X,0.0,0.0,0.0,0.0,0.0,0.0,0.0,0.0,33,0.04709369898129325,36,12,24,0,0,0,0,0,0,0,0,1
1cyd,C,244,SER,-0.8,89.0,0.0,1,1,X,0.0,0.0,0.0,0.0,0.0,0.0,0.0,0.0,29,0.04103213376587927,45,9,36,0,0,0,0,0,0,0,0,1
1cyd,D,3,LEU,3.8,166.7,0.0,0,0,X,0.0,0.0,0.0,0.0,0.0,0.0,0.0,0.0,21,0.021914889624958248,11,8,3,0,0,0,0,0,0,0,0,1
1cyd,D,4,ASN,-3.5,114.1,0.0,2,2,X,0.0,0.0,0.0,0.0,0.0,0.0,0.0,0.0,17,0.024246260861655933,3,5,-2,0,0,0,0,0,0,0,0,1
1cyd,D,5,PHE,2.8,189.9,0.0,0,0,X,0.0,0.0,0.0,0.0,0.0,0.0,0.0,0.0,29,0.03403802005578621,16,12,4,0,0,0,0,0,0,0,0,1
1cyd,D,6,SER,-0.8,89.0,0.0,1,1,X,0.0,0.0,0.0,0.0,0.0,0.0,0.0,0.0,16,0.02471253510899547,14,3,11,0,0,0,0,0,0,0,0,1
1cyd,D,7,GLY,-0.4,60.1,0.0,0,0,X,0.0,0.0,0.0,0.0,0.0,0.0,0.0,0.0,17,0.02098234113027917,19,7,12,0,0,0,0,0,0,0,0,1
1cyd,D,8,LEU,3.8,166.7,0.0,0,0,X,0.0,0.0,0.0,0.0,0.0,0.0,0.0,0.0,26,0.03450429430312575,23,8,15,0,0,0,0,0,0,0,0,1
1cyd,D,9,ARG,-4.5,173.4,1.0,5,0,X,0.0,0.0,0.0,0.0,0.0,0.0,0.0,0.0,28,0.04476232774459557,14,21,-7,0,0,0,0,0,0,0,0,1
1cyd,D,10,ALA,1.8,88.6,0.0,0,0,X,0.0,0.0,0.0,0.0,0.0,0.0,0.0,0.0,37,0.050823892960009553,24,17,7,0,0,0,0,0,0,0,0,1
1cyd,D,11,LEU,3.8,166.7,0.0,0,0,X,0.0,0.0,0.0,0.0,0.0,0.0,0.0,0.0,42,0.048958795970651406,16,14,2,0,0,0,0,0,0,0,0,1
1cyd,D,12,VAL,4.2,140.0,0.0,0,0,X,0.0,0.0,0.0,0.0,0.0,0.0,0.0,0.0,44,0.05222271570202816,15,7,8,0,0,0,0,0,0,0,0,1
1cyd,D,13,THR,-0.7,116.1,0.0,1,1,X,0.0,0.0,0.0,0.0,0.0,0.0,0.0,0.0,42,0.04616115048661418,7,1,6,0,0,0,0,0,0,0,0,1
1cyd,D,14,GLY,-0.4,60.1,0.0,0,0,X,0.0,0.0,0.0,0.0,0.0,0.0,0.0,0.0,35,0.040099585271200194,27,10,17,0,0,0,0,0,0,0,0,1
1cyd,D,15,ALA,1.8,88.6,0.0,0,0,X,0.0,0.0,0.0,0.0,0.0,0.0,0.0,0.0,42,0.05408781269138631,30,17,13,0,0,0,0,0,0,0,0,1
1cyd,D,16,GLY,-0.4,60.1,0.0,0,0,X,0.0,0.0,0.0,0.0,0.0,0.0,0.0,0.0,32,0.048026247475972325,31,19,12,0,0,0,0,0,0,0,0,1
1cyd,D,17,LYS,-3.9,168.6,1.0,2,0,X,0.0,0.0,0.0,0.0,0.0,0.0,0.0,0.0,24,0.032172923066428064,18,21,-3,0,0,0,0,0,0,0,0,1
1cyd,D,18,GLY,-0.4,60.1,0.0,0,0,X,0.0,0.0,0.0,0.0,0.0,0.0,0.0,0.0,30,0.035436842797804825,26,24,2,0,0,0,0,0,0,0,0,1
1cyd,D,19,ILE,4.5,166.7,0.0,0,0,X,0.0,0.0,0.0,0.0,0.0,0.0,0.0,0.0,39,0.04149840801321881,17,23,-6,0,0,0,0,0,0,0,0,1
1cyd,D,20,GLY,-0.4,60.1,0.0,0,0,X,0.0,0.0,0.0,0.0,0.0,0.0,0.0,0.0,36,0.04662742473395372,27,10,17,0,0,0,0,0,0,0,0,1
1cyd,D,21,ARG,-4.5,173.4,1.0,5,0,X,0.0,0.0,0.0,0.0,0.0,0.0,0.0,0.0,34,0.043363505002576956,19,25,-6,0,0,0,0,0,0,0,0,1
1cyd,D,22,ASP,-3.5,111.1,-1.0,1,3,X,0.0,0.0,0.0,0.0,0.0,0.0,0.0,0.0,31,0.03870076252918159,27,16,11,0,0,0,0,0,0,0,0,1
1cyd,D,23,THR,-0.7,116.1,0.0,1,1,X,0.0,0.0,0.0,0.0,0.0,0.0,0.0,0.0,41,0.04755997322863279,24,12,12,0,0,0,0,0,0,0,0,1
1cyd,D,24,VAL,4.2,140.0,0.0,0,0,X,0.0,0.0,0.0,0.0,0.0,0.0,0.0,0.0,42,0.048492521723311866,38,20,18,0,0,0,0,0,0,0,0,1
1cyd,D,25,LYS,-3.9,168.6,1.0,2,0,X,0.0,0.0,0.0,0.0,0.0,0.0,0.0,0.0,28,0.04149840801321881,25,17,8,0,0,0,0,0,0,0,0,1
1cyd,D,26,ALA,1.8,88.6,0.0,0,0,X,0.0,0.0,0.0,0.0,0.0,0.0,0.0,0.0,30,0.034970568550465285,24,11,13,0,0,0,0,0,0,0,0,1
1cyd,D,27,LEU,3.8,166.7,0.0,0,0,X,0.0,0.0,0.0,0.0,0.0,0.0,0.0,0.0,36,0.043829779249916496,29,5,24,0,0,0,0,0,0,0,0,1
1cyd,D,28,HIS,-3.2,153.2,0.1,2,1,X,0.0,0.0,0.0,0.0,0.0,0.0,0.0,0.0,26,0.03916703677652112,17,8,9,0,0,0,0,0,0,0,0,1
1cyd,D,29,ALA,1.8,88.6,0.0,0,0,X,0.0,0.0,0.0,0.0,0.0,0.0,0.0,0.0,21,0.025645083603674543,20,4,16,0,0,0,0,0,0,0,0,1
1cyd,D,30,SER,-0.8,89.0,0.0,1,1,X,0.0,0.0,0.0,0.0,0.0,0.0,0.0,0.0,23,0.03450429430312575,19,1,18,0,0,0,0,0,0,0,0,1
1cyd,D,31,GLY,-0.4,60.1,0.0,0,0,X,0.0,0.0,0.0,0.0,0.0,0.0,0.0,0.0,23,0.0363693912924839,25,0,25,0,0,0,0,0,0,0,0,1
1cyd,D,32,ALA,1.8,88.6,0.0,0,0,X,0.0,0.0,0.0,0.0,0.0,0.0,0.0,0.0,31,0.045694876239274644,31,10,21,0,0,0,0,0,0,0,0,1
1cyd,D,33,LYS,-3.9,168.6,1.0,2,0,X,0.0,0.0,0.0,0.0,0.0,0.0,0.0,0.0,26,0.040099585271200194,21,15,6,0,0,0,0,0,0,0,0,1
1cyd,D,34,VAL,4.2,140.0,0.0,0,0,X,0.0,0.0,0.0,0.0,0.0,0.0,0.0,0.0,38,0.04989134446533048,37,9,28,0,0,0,0,0,0,0,0,1
1cyd,D,35,VAL,4.2,140.0,0.0,0,0,X,0.0,0.0,0.0,0.0,0.0,0.0,0.0,0.0,36,0.048492521723311866,20,10,10,0,0,0,0,0,0,0,0,1
1cyd,D,36,ALA,1.8,88.6,0.0,0,0,X,0.0,0.0,0.0,0.0,0.0,0.0,0.0,0.0,40,0.050823892960009553,16,13,3,0,0,0,0,0,0,0,0,1
1cyd,D,37,VAL,4.2,140.0,0.0,0,0,X,0.0,0.0,0.0,0.0,0.0,0.0,0.0,0.0,39,0.045694876239274644,8,10,-2,0,0,0,0,0,0,0,0,1
1cyd,D,38,THR,-0.7,116.1,0.0,1,1,X,0.0,0.0,0.0,0.0,0.0,0.0,0.0,0.0,33,0.04662742473395372,26,18,8,0,0,0,0,0,0,0,0,1
1cyd,D,39,ARG,-4.5,173.4,1.0,5,0,X,0.0,0.0,0.0,0.0,0.0,0.0,0.0,0.0,22,0.03590311704514436,11,14,-3,0,0,0,0,0,0,0,0,1
1cyd,D,40,THR,-0.7,116.1,0.0,1,1,X,0.0,0.0,0.0,0.0,0.0,0.0,0.0,0.0,19,0.032639197313767604,21,13,8,0,0,0,0,0,0,0,0,1
1cyd,D,41,ASN,-3.5,114.1,0.0,2,2,X,0.0,0.0,0.0,0.0,0.0,0.0,0.0,0.0,17,0.03124037457174899,10,8,2,0,0,0,0,0,0,0,0,1
1cyd,D,42,SER,-0.8,89.0,0.0,1,1,X,0.0,0.0,0.0,0.0,0.0,0.0,0.0,0.0,16,0.02611135785101408,18,8,10,0,0,0,0,0,0,0,0,1
1cyd,D,43,ASP,-3.5,111.1,-1.0,1,3,X,0.0,0.0,0.0,0.0,0.0,0.0,0.0,0.0,26,0.03870076252918159,30,4,26,0,0,0,0,0,0,0,0,1
1cyd,D,44,LEU,3.8,166.7,0.0,0,0,X,0.0,0.0,0.0,0.0,0.0,0.0,0.0,0.0,30,0.04755997322863279,24,16,8,0,0,0,0,0,0,0,0,1
1cyd,D,45,VAL,4.2,140.0,0.0,0,0,X,0.0,0.0,0.0,0.0,0.0,0.0,0.0,0.0,16,0.032172923066428064,13,14,-1,0,0,0,0,0,0,0,0,1
1cyd,D,46,SER,-0.8,89.0,0.0,1,1,X,0.0,0.0,0.0,0.0,0.0,0.0,0.0,0.0,21,0.03310547156110714,23,17,6,0,0,0,0,0,0,0,0,1
1cyd,D,47,LEU,3.8,166.7,0.0,0,0,X,0.0,0.0,0.0,0.0,0.0,0.0,0.0,0.0,33,0.04289723075523742,40,26,14,0,0,0,0,0,0,0,0,1
1cyd,D,48,ALA,1.8,88.6,0.0,0,0,X,0.0,0.0,0.0,0.0,0.0,0.0,0.0,0.0,21,0.04103213376587927,23,18,5,0,0,0,0,0,0,0,0,1
1cyd,D,49,LYS,-3.9,168.6,1.0,2,0,X,0.0,0.0,0.0,0.0,0.0,0.0,0.0,0.0,13,0.02844272908771177,4,13,-9,0,0,0,0,0,0,0,0,1
1cyd,D,50,GLU,-3.5,138.4,-1.0,1,3,X,0.0,0.0,0.0,0.0,0.0,0.0,0.0,0.0,18,0.030307826077069916,34,5,29,0,0,0,0,0,0,0,0,1
1cyd,D,51,CYS,2.5,108.5,0.0,1,0,X,0.0,0.0,0.0,0.0,0.0,0.0,0.0,0.0,27,0.035436842797804825,37,15,22,0,0,0,0,0,0,0,0,1
1cyd,D,52,PRO,-1.6,112.7,0.0,0,0,X,0.0,0.0,0.0,0.0,0.0,0.0,0.0,0.0,18,0.02331371236697686,20,10,10,0,0,0,0,0,0,0,0,1
1cyd,D,53,GLY,-0.4,60.1,0.0,0,0,X,0.0,0.0,0.0,0.0,0.0,0.0,0.0,0.0,19,0.02471253510899547,24,13,11,0,0,0,0,0,0,0,0,1
1cyd,D,54,ILE,4.5,166.7,0.0,0,0,X,0.0,0.0,0.0,0.0,0.0,0.0,0.0,0.0,30,0.04149840801321881,30,17,13,0,0,0,0,0,0,0,0,1
1cyd,D,55,GLU,-3.5,138.4,-1.0,1,3,X,0.0,0.0,0.0,0.0,0.0,0.0,0.0,0.0,29,0.02984155182973038,20,0,20,0,0,0,0,0,0,0,0,1
1cyd,D,56,PRO,-1.6,112.7,0.0,0,0,X,0.0,0.0,0.0,0.0,0.0,0.0,0.0,0.0,27,0.03403802005578621,1,11,-10,0,0,0,0,0,0,0,0,1
1cyd,D,57,VAL,4.2,140.0,0.0,0,0,X,0.0,0.0,0.0,0.0,0.0,0.0,0.0,0.0,31,0.032639197313767604,8,11,-3,0,0,0,0,0,0,0,0,1
1cyd,D,58,CYS,2.5,108.5,0.0,1,0,X,0.0,0.0,0.0,0.0,0.0,0.0,0.0,0.0,23,0.032172923066428064,8,14,-6,0,0,0,0,0,0,0,0,1
1cyd,D,59,VAL,4.2,140.0,0.0,0,0,X,0.0,0.0,0.0,0.0,0.0,0.0,0.0,0.0,31,0.03730193978716297,16,22,-6,0,0,0,0,0,0,0,0,1
1cyd,D,60,ASP,-3.5,111.1,-1.0,1,3,X,0.0,0.0,0.0,0.0,0.0,0.0,0.0,0.0,24,0.03403802005578621,20,13,7,0,0,0,0,0,0,0,0,1
1cyd,D,61,LEU,3.8,166.7,0.0,0,0,X,0.0,0.0,0.0,0.0,0.0,0.0,0.0,0.0,40,0.043829779249916496,23,22,1,0,0,0,0,0,0,0,0,1
1cyd,D,62,GLY,-0.4,60.1,0.0,0,0,X,0.0,0.0,0.0,0.0,0.0,0.0,0.0,0.0,27,0.04243095650789788,30,31,-1,0,0,0,0,0,0,0,0,1
1cyd,D,63,ASP,-3.5,111.1,-1.0,1,3,X,0.0,0.0,0.0,0.0,0.0,0.0,0.0,0.0,18,0.03776821403450251,25,23,2,0,0,0,0,0,0,0,0,1
1cyd,D,64,TRP,-0.9,227.8,0.0,1,0,X,0.0,0.0,0.0,0.0,0.0,0.0,0.0,0.0,27,0.04149840801321881,25,36,-11,0,0,0,0,0,0,0,0,1
1cyd,D,65,ASP,-3.5,111.1,-1.0,1,3,X,0.0,0.0,0.0,0.0,0.0,0.0,0.0,0.0,16,0.032639197313767604,21,19,2,0,0,0,0,0,0,0,0,1
1cyd,D,66,ALA,1.8,88.6,0.0,0,0,X,0.0,0.0,0.0,0.0,0.0,0.0,0.0,0.0,21,0.034970568550465285,11,33,-22,0,0,0,0,0,0,0,0,1
1cyd,D,67,THR,-0.7,116.1,0.0,1,1,X,0.0,0.0,0.0,0.0,0.0,0.0,0.0,0.0,30,0.048026247475972325,14,32,-18,0,0,0,0,0,0,0,0,1
1cyd,D,68,GLU,-3.5,138.4,-1.0,1,3,X,0.0,0.0,0.0,0.0,0.0,0.0,0.0,0.0,18,0.03776821403450251,14,14,0,0,0,0,0,0,0,0,0,1
1cyd,D,69,LYS,-3.9,168.6,1.0,2,0,X,0.0,0.0,0.0,0.0,0.0,0.0,0.0,0.0,16,0.027043906345693154,0,25,-25,0,0,0,0,0,0,0,0,1
1cyd,D,70,ALA,1.8,88.6,0.0,0,0,X,0.0,0.0,0.0,0.0,0.0,0.0,0.0,0.0,26,0.032172923066428064,9,19,-10,0,0,0,0,0,0,0,0,1
1cyd,D,71,LEU,3.8,166.7,0.0,0,0,X,0.0,0.0,0.0,0.0,0.0,0.0,0.0,0.0,35,0.03310547156110714,10,14,-4,0,0,0,0,0,0,0,0,1
1cyd,D,72,GLY,-0.4,60.1,0.0,0,0,X,0.0,0.0,0.0,0.0,0.0,0.0,0.0,0.0,23,0.026577632098353617,11,15,-4,0,0,0,0,0,0,0,0,1
1cyd,D,73,GLY,-0.4,60.1,0.0,0,0,X,0.0,0.0,0.0,0.0,0.0,0.0,0.0,0.0,17,0.017718421398902413,9,11,-2,0,0,0,0,0,0,0,0,1
1cyd,D,74,ILE,4.5,166.7,0.0,0,0,X,0.0,0.0,0.0,0.0,0.0,0.0,0.0,0.0,26,0.027043906345693154,13,16,-3,0,0,0,0,0,0,0,0,1
1cyd,D,75,GLY,-0.4,60.1,0.0,0,0,X,0.0,0.0,0.0,0.0,0.0,0.0,0.0,0.0,21,0.023779986614316396,21,18,3,0,0,0,0,0,0,0,0,1
1cyd,D,76,PRO,-1.6,112.7,0.0,0,0,X,0.0,0.0,0.0,0.0,0.0,0.0,0.0,0.0,24,0.030774100324409453,30,19,11,0,0,0,0,0,0,0,0,1
1cyd,D,77,VAL,4.2,140.0,0.0,0,0,X,0.0,0.0,0.0,0.0,0.0,0.0,0.0,0.0,36,0.04662742473395372,30,17,13,0,0,0,0,0,0,0,0,1
1cyd,D,78,ASP,-3.5,111.1,-1.0,1,3,X,0.0,0.0,0.0,0.0,0.0,0.0,0.0,0.0,33,0.043829779249916496,26,8,18,0,0,0,0,0,0,0,0,1
1cyd,D,79,LEU,3.8,166.7,0.0,0,0,X,0.0,0.0,0.0,0.0,0.0,0.0,0.0,0.0,37,0.048026247475972325,21,10,11,0,0,0,0,0,0,0,0,1
1cyd,D,80,LEU,3.8,166.7,0.0,0,0,X,0.0,0.0,0.0,0.0,0.0,0.0,0.0,0.0,43,0.048492521723311866,5,6,-1,0,0,0,0,0,0,0,0,1
1cyd,D,81,VAL,4.2,140.0,0.0,0,0,X,0.0,0.0,0.0,0.0,0.0,0.0,0.0,0.0,46,0.04755997322863279,3,2,1,0,0,0,0,0,0,0,0,1
1cyd,D,82,ASN,-3.5,114.1,0.0,2,2,X,0.0,0.0,0.0,0.0,0.0,0.0,0.0,0.0,45,0.048958795970651406,4,0,4,0,0,0,0,0,0,0,0,1
1cyd,D,83,ASN,-3.5,114.1,0.0,2,2,X,0.0,0.0,0.0,0.0,0.0,0.0,0.0,0.0,40,0.04289723075523742,12,1,11,0,0,0,0,0,0,0,0,1
1cyd,D,84,ALA,1.8,88.6,0.0,0,0,X,0.0,0.0,0.0,0.0,0.0,0.0,0.0,0.0,43,0.03683566553982344,14,2,12,0,0,0,0,0,0,0,0,1
1cyd,D,85,ALA,1.8,88.6,0.0,0,0,X,0.0,0.0,0.0,0.0,0.0,0.0,0.0,0.0,35,0.03357174580844668,17,1,16,0,0,0,0,0,0,0,0,1
1cyd,D,86,LEU,3.8,166.7,0.0,0,0,X,0.0,0.0,0.0,0.0,0.0,0.0,0.0,0.0,31,0.03450429430312575,23,5,18,0,0,0,0,0,0,0,0,1
1cyd,D,87,VAL,4.2,140.0,0.0,0,0,X,0.0,0.0,0.0,0.0,0.0,0.0,0.0,0.0,29,0.03683566553982344,20,2,18,0,0,0,0,0,0,0,0,1
1cyd,D,88,ILE,4.5,166.7,0.0,0,0,X,0.0,0.0,0.0,0.0,0.0,0.0,0.0,0.0,29,0.03357174580844668,16,13,3,0,0,0,0,0,0,0,0,1
1cyd,D,89,MET,1.9,162.9,0.0,0,0,X,0.0,0.0,0.0,0.0,0.0,0.0,0.0,0.0,26,0.03590311704514436,11,5,6,0,0,0,0,0,0,0,0,1
1cyd,D,90,GLN,-3.5,143.8,0.0,2,2,X,0.0,0.0,0.0,0.0,0.0,0.0,0.0,0.0,25,0.03870076252918159,3,16,-13,0,0,0,0,0,0,0,0,1
1cyd,D,91,PRO,-1.6,112.7,0.0,0,0,X,0.0,0.0,0.0,0.0,0.0,0.0,0.0,0.0,22,0.03870076252918159,2,18,-16,0,0,0,0,0,0,0,0,1
1cyd,D,92,PHE,2.8,189.9,0.0,0,0,X,0.0,0.0,0.0,0.0,0.0,0.0,0.0,0.0,38,0.048958795970651406,11,18,-7,0,0,0,0,0,0,0,0,1
1cyd,D,93,LEU,3.8,166.7,0.0,0,0,X,0.0,0.0,0.0,0.0,0.0,0.0,0.0,0.0,25,0.03730193978716297,17,19,-2,0,0,0,0,0,0,0,0,1
1cyd,D,94,GLU,-3.5,138.4,-1.0,1,3,X,0.0,0.0,0.0,0.0,0.0,0.0,0.0,0.0,16,0.03170664881908853,7,3,4,0,0,0,0,0,0,0,0,1
1cyd,D,95,VAL,4.2,140.0,0.0,0,0,X,0.0,0.0,0.0,0.0,0.0,0.0,0.0,0.0,31,0.045228601991935104,17,21,-4,0,0,0,0,0,0,0,0,1
1cyd,D,96,THR,-0.7,116.1,0.0,1,1,X,0.0,0.0,0.0,0.0,0.0,0.0,0.0,0.0,24,0.03450429430312575,21,25,-4,0,0,0,0,0,0,0,0,1
1cyd,D,97,LYS,-3.9,168.6,1.0,2,0,X,0.0,0.0,0.0,0.0,0.0,0.0,0.0,0.0,21,0.03776821403450251,15,32,-17,0,0,0,0,0,0,0,0,1
1cyd,D,98,GLU,-3.5,138.4,-1.0,1,3,X,0.0,0.0,0.0,0.0,0.0,0.0,0.0,0.0,15,0.030774100324409453,23,10,13,0,0,0,0,0,0,0,0,1
1cyd,D,99,ALA,1.8,88.6,0.0,0,0,X,0.0,0.0,0.0,0.0,0.0,0.0,0.0,0.0,27,0.03963331102386066,24,20,4,0,0,0,0,0,0,0,0,1
1cyd,D,100,PHE,2.8,189.9,0.0,0,0,X,0.0,0.0,0.0,0.0,0.0,0.0,0.0,0.0,30,0.048026247475972325,26,15,11,0,0,0,0,0,0,0,0,1
1cyd,D,101,ASP,-3.5,111.1,-1.0,1,3,X,0.0,0.0,0.0,0.0,0.0,0.0,0.0,0.0,19,0.03730193978716297,37,9,28,0,0,0,0,0,0,0,0,1
1cyd,D,102,ARG,-4.5,173.4,1.0,5,0,X,0.0,0.0,0.0,0.0,0.0,0.0,0.0,0.0,24,0.03683566553982344,13,27,-14,0,0,0,0,0,0,0,0,1
1cyd,D,103,SER,-0.8,89.0,0.0,1,1,X,0.0,0.0,0.0,0.0,0.0,0.0,0.0,0.0,32,0.053155264196707235,25,14,11,0,0,0,0,0,0,0,0,1
1cyd,D,104,PHE,2.8,189.9,0.0,0,0,X,0.0,0.0,0.0,0.0,0.0,0.0,0.0,0.0,29,0.04989134446533048,32,16,16,0,0,0,0,0,0,0,0,1
1cyd,D,105,SER,-0.8,89.0,0.0,1,1,X,0.0,0.0,0.0,0.0,0.0,0.0,0.0,0.0,28,0.04662742473395372,28,30,-2,0,0,0,0,0,0,0,0,1
1cyd,D,106,VAL,4.2,140.0,0.0,0,0,X,0.0,0.0,0.0,0.0,0.0,0.0,0.0,0.0,37,0.048492521723311866,28,19,9,0,0,0,0,0,0,0,0,1
1cyd,D,107,ASN,-3.5,114.1,0.0,2,2,X,0.0,0.0,0.0,0.0,0.0,0.0,0.0,0.0,36,0.04755997322863279,26,3,23,0,0,0,0,0,0,0,0,1
1cyd,D,108,LEU,3.8,166.7,0.0,0,0,X,0.0,0.0,0.0,0.0,0.0,0.0,0.0,0.0,38,0.05175644145468863,22,3,19,0,0,0,0,0,0,0,0,1
1cyd,D,109,ARG,-4.5,173.4,1.0,5,0,X,0.0,0.0,0.0,0.0,0.0,0.0,0.0,0.0,29,0.048958795970651406,15,28,-13,0,0,0,0,0,0,0,0,1
1cyd,D,110,SER,-0.8,89.0,0.0,1,1,X,0.0,0.0,0.0,0.0,0.0,0.0,0.0,0.0,39,0.05129016720734909,13,10,3,0,0,0,0,0,0,0,0,1
1cyd,D,111,VAL,4.2,140.0,0.0,0,0,X,0.0,0.0,0.0,0.0,0.0,0.0,0.0,0.0,41,0.04709369898129325,9,0,9,0,0,0,0,0,0,0,0,1
1cyd,D,112,PHE,2.8,189.9,0.0,0,0,X,0.0,0.0,0.0,0.0,0.0,0.0,0.0,0.0,40,0.048958795970651406,15,7,8,0,0,0,0,0,0,0,0,1
1cyd,D,113,GLN,-3.5,143.8,0.0,2,2,X,0.0,0.0,0.0,0.0,0.0,0.0,0.0,0.0,35,0.04755997322863279,25,19,6,0,0,0,0,0,0,0,0,1
1cyd,D,114,VAL,4.2,140.0,0.0,0,0,X,0.0,0.0,0.0,0.0,0.0,0.0,0.0,0.0,40,0.04429605349725603,12,6,6,0,0,0,0,0,0,0,0,1
1cyd,D,115,SER,-0.8,89.0,0.0,1,1,X,0.0,0.0,0.0,0.0,0.0,0.0,0.0,0.0,38,0.045228601991935104,14,3,11,0,0,0,0,0,0,0,0,1
1cyd,D,116,GLN,-3.5,143.8,0.0,2,2,X,0.0,0.0,0.0,0.0,0.0,0.0,0.0,0.0,30,0.04616115048661418,14,11,3,0,0,0,0,0,0,0,0,1
1cyd,D,117,MET,1.9,162.9,0.0,0,0,X,0.0,0.0,0.0,0.0,0.0,0.0,0.0,0.0,32,0.03916703677652112,13,17,-4,0,0,0,0,0,0,0,0,1
1cyd,D,118,VAL,4.2,140.0,0.0,0,0,X,0.0,0.0,0.0,0.0,0.0,0.0,0.0,0.0,39,0.043829779249916496,22,15,7,0,0,0,0,0,0,0,0,1
1cyd,D,119,ALA,1.8,88.6,0.0,0,0,X,0.0,0.0,0.0,0.0,0.0,0.0,0.0,0.0,36,0.04289723075523742,34,14,20,0,0,0,0,0,0,0,0,1
1cyd,D,120,ARG,-4.5,173.4,1.0,5,0,X,0.0,0.0,0.0,0.0,0.0,0.0,0.0,0.0,21,0.0363693912924839,1,15,-14,0,0,0,0,0,0,0,0,1
1cyd,D,121,ASP,-3.5,111.1,-1.0,1,3,X,0.0,0.0,0.0,0.0,0.0,0.0,0.0,0.0,26,0.03963331102386066,23,8,15,0,0,0,0,0,0,0,0,1
1cyd,D,122,MET,1.9,162.9,0.0,0,0,X,0.0,0.0,0.0,0.0,0.0,0.0,0.0,0.0,30,0.04709369898129325,39,16,23,0,0,0,0,0,0,0,0,1
1cyd,D,123,ILE,4.5,166.7,0.0,0,0,X,0.0,0.0,0.0,0.0,0.0,0.0,0.0,0.0,22,0.03776821403450251,37,9,28,0,0,0,0,0,0,0,0,1
1cyd,D,124,ASN,-3.5,114.1,0.0,2,2,X,0.0,0.0,0.0,0.0,0.0,0.0,0.0,0.0,15,0.02611135785101408,23,8,15,0,0,0,0,0,0,0,0,1
1cyd,D,125,ARG,-4.5,173.4,1.0,5,0,X,0.0,0.0,0.0,0.0,0.0,0.0,0.0,0.0,20,0.02611135785101408,8,16,-8,0,0,0,0,0,0,0,0,1
1cyd,D,126,GLY,-0.4,60.1,0.0,0,0,X,0.0,0.0,0.0,0.0,0.0,0.0,0.0,0.0,17,0.02471253510899547,30,10,20,0,0,0,0,0,0,0,0,1
1cyd,D,127,VAL,4.2,140.0,0.0,0,0,X,0.0,0.0,0.0,0.0,0.0,0.0,0.0,0.0,20,0.03170664881908853,29,16,13,0,0,0,0,0,0,0,0,1
1cyd,D,128,PRO,-1.6,112.7,0.0,0,0,X,0.0,0.0,0.0,0.0,0.0,0.0,0.0,0.0,26,0.030307826077069916,37,12,25,0,0,0,0,0,0,0,0,1
1cyd,D,129,GLY,-0.4,60.1,0.0,0,0,X,0.0,0.0,0.0,0.0,0.0,0.0,0.0,0.0,35,0.040565859518539735,30,14,16,0,0,0,0,0,0,0,0,1
1cyd,D,130,SER,-0.8,89.0,0.0,1,1,X,0.0,0.0,0.0,0.0,0.0,0.0,0.0,0.0,43,0.045694876239274644,18,11,7,0,0,0,0,0,0,0,0,1
1cyd,D,131,ILE,4.5,166.7,0.0,0,0,X,0.0,0.0,0.0,0.0,0.0,0.0,0.0,0.0,40,0.05222271570202816,13,4,9,0,0,0,0,0,0,0,0,1
1cyd,D,132,VAL,4.2,140.0,0.0,0,0,X,0.0,0.0,0.0,0.0,0.0,0.0,0.0,0.0,46,0.053155264196707235,8,1,7,0,0,0,0,0,0,0,0,1
1cyd,D,133,ASN,-3.5,114.1,0.0,2,2,X,0.0,0.0,0.0,0.0,0.0,0.0,0.0,0.0,43,0.048958795970651406,12,0,12,0,0,0,0,0,0,0,0,1
1cyd,D,134,VAL,4.2,140.0,0.0,0,0,X,0.0,0.0,0.0,0.0,0.0,0.0,0.0,0.0,39,0.04616115048661418,9,0,9,0,0,0,0,0,0,0,0,1
1cyd,D,135,SER,-0.8,89.0,0.0,1,1,X,0.0,0.0,0.0,0.0,0.0,0.0,0.0,0.0,39,0.04755997322863279,17,0,17,0,0,0,0,0,0,0,0,1
1cyd,D,136,SER,-0.8,89.0,0.0,1,1,X,0.0,0.0,0.0,0.0,0.0,0.0,0.0,0.0,41,0.04429605349725603,19,6,13,0,0,0,0,0,0,0,0,1
1cyd,D,137,MET,1.9,162.9,0.0,0,0,X,0.0,0.0,0.0,0.0,0.0,0.0,0.0,0.0,35,0.04989134446533048,24,8,16,0,0,0,0,0,0,0,0,1
1cyd,D,138,VAL,4.2,140.0,0.0,0,0,X,0.0,0.0,0.0,0.0,0.0,0.0,0.0,0.0,37,0.04989134446533048,24,2,22,0,0,0,0,0,0,0,0,1
1cyd,D,139,ALA,1.8,88.6,0.0,0,0,X,0.0,0.0,0.0,0.0,0.0,0.0,0.0,0.0,31,0.04942507021799094,25,0,25,0,0,0,0,0,0,0,0,1
1cyd,D,140,HIS,-3.2,153.2,0.1,2,1,X,0.0,0.0,0.0,0.0,0.0,0.0,0.0,0.0,26,0.035436842797804825,13,3,10,0,0,0,0,0,0,0,0,1
1cyd,D,141,VAL,4.2,140.0,0.0,0,0,X,0.0,0.0,0.0,0.0,0.0,0.0,0.0,0.0,30,0.043829779249916496,29,3,26,0,0,0,0,0,0,0,0,1
1cyd,D,142,THR,-0.7,116.1,0.0,1,1,X,0.0,0.0,0.0,0.0,0.0,0.0,0.0,0.0,33,0.04989134446533048,25,7,18,0,0,0,0,0,0,0,0,1
1cyd,D,143,PHE,2.8,189.9,0.0,0,0,X,0.0,0.0,0.0,0.0,0.0,0.0,0.0,0.0,36,0.03916703677652112,9,4,5,0,0,0,0,0,0,0,0,1
1cyd,D,144,PRO,-1.6,112.7,0.0,0,0,X,0.0,0.0,0.0,0.0,0.0,0.0,0.0,0.0,30,0.03310547156110714,1,10,-9,0,0,0,0,0,0,0,0,1
1cyd,D,145,ASN,-3.5,114.1,0.0,2,2,X,0.0,0.0,0.0,0.0,0.0,0.0,0.0,0.0,24,0.03450429430312575,4,15,-11,0,0,0,0,0,0,0,0,1
1cyd,D,146,LEU,3.8,166.7,0.0,0,0,X,0.0,0.0,0.0,0.0,0.0,0.0,0.0,0.0,37,0.04942507021799094,10,4,6,0,0,0,0,0,0,0,0,1
1cyd,D,147,ILE,4.5,166.7,0.0,0,0,X,0.0,0.0,0.0,0.0,0.0,0.0,0.0,0.0,43,0.0526889899493677,6,11,-5,0,0,0,0,0,0,0,0,1
1cyd,D,148,THR,-0.7,116.1,0.0,1,1,X,0.0,0.0,0.0,0.0,0.0,0.0,0.0,0.0,41,0.050823892960009553,15,11,4,0,0,0,0,0,0,0,0,1
1cyd,D,149,TYR,-1.3,193.6,0.0,1,1,X,0.0,0.0,0.0,0.0,0.0,0.0,0.0,0.0,39,0.04942507021799094,10,0,10,0,0,0,0,0,0,0,0,1
1cyd,D,150,SER,-0.8,89.0,0.0,1,1,X,0.0,0.0,0.0,0.0,0.0,0.0,0.0,0.0,39,0.05129016720734909,25,1,24,0,0,0,0,0,0,0,0,1
1cyd,D,151,SER,-0.8,89.0,0.0,1,1,X,0.0,0.0,0.0,0.0,0.0,0.0,0.0,0.0,30,0.05502036118606539,19,0,19,0,0,0,0,0,0,0,0,1
1cyd,D,152,THR,-0.7,116.1,0.0,1,1,X,0.0,0.0,0.0,0.0,0.0,0.0,0.0,0.0,35,0.05408781269138631,13,1,12,0,0,0,0,0,0,0,0,1
1cyd,D,153,LYS,-3.9,168.6,1.0,2,0,X,0.0,0.0,0.0,0.0,0.0,0.0,0.0,0.0,40,0.05408781269138631,9,0,9,0,0,0,0,0,0,0,0,1
1cyd,D,154,GLY,-0.4,60.1,0.0,0,0,X,0.0,0.0,0.0,0.0,0.0,0.0,0.0,0.0,26,0.0526889899493677,32,0,32,0,0,0,0,0,0,0,0,1
1cyd,D,155,ALA,1.8,88.6,0.0,0,0,X,0.0,0.0,0.0,0.0,0.0,0.0,0.0,0.0,28,0.05548663543340492,21,0,21,0,0,0,0,0,0,0,0,1
1cyd,D,156,MET,1.9,162.9,0.0,0,0,X,0.0,0.0,0.0,0.0,0.0,0.0,0.0,0.0,42,0.050823892960009553,19,0,19,0,0,0,0,0,0,0,0,1
1cyd,D,157,THR,-0.7,116.1,0.0,1,1,X,0.0,0.0,0.0,0.0,0.0,0.0,0.0,0.0,33,0.045228601991935104,34,0,34,0,0,0,0,0,0,0,0,1
1cyd,D,158,MET,1.9,162.9,0.0,0,0,X,0.0,0.0,0.0,0.0,0.0,0.0,0.0,0.0,36,0.048026247475972325,28,1,27,0,0,0,0,0,0,0,0,1
1cyd,D,159,LEU,3.8,166.7,0.0,0,0,X,0.0,0.0,0.0,0.0,0.0,0.0,0.0,0.0,43,0.048958795970651406,16,5,11,0,0,0,0,0,0,0,0,1
1cyd,D,160,THR,-0.7,116.1,0.0,1,1,X,0.0,0.0,0.0,0.0,0.0,0.0,0.0,0.0,41,0.048958795970651406,14,1,13,0,0,0,0,0,0,0,0,1
1cyd,D,161,LYS,-3.9,168.6,1.0,2,0,X,0.0,0.0,0.0,0.0,0.0,0.0,0.0,0.0,38,0.048026247475972325,8,7,1,0,0,0,0,0,0,0,0,1
1cyd,D,162,ALA,1.8,88.6,0.0,0,0,X,0.0,0.0,0.0,0.0,0.0,0.0,0.0,0.0,43,0.050823892960009553,11,9,2,0,0,0,0,0,0,0,0,1
1cyd,D,163,MET,1.9,162.9,0.0,0,0,X,0.0,0.0,0.0,0.0,0.0,0.0,0.0,0.0,43,0.04662742473395372,13,9,4,0,0,0,0,0,0,0,0,1
1cyd,D,164,ALA,1.8,88.6,0.0,0,0,X,0.0,0.0,0.0,0.0,0.0,0.0,0.0,0.0,41,0.05455408693872585,31,12,19,0,0,0,0,0,0,0,0,1
1cyd,D,165,MET,1.9,162.9,0.0,0,0,X,0.0,0.0,0.0,0.0,0.0,0.0,0.0,0.0,36,0.04755997322863279,27,10,17,0,0,0,0,0,0,0,0,1
1cyd,D,166,GLU,-3.5,138.4,-1.0,1,3,X,0.0,0.0,0.0,0.0,0.0,0.0,0.0,0.0,32,0.03916703677652112,15,1,14,0,0,0,0,0,0,0,0,1
1cyd,D,167,LEU,3.8,166.7,0.0,0,0,X,0.0,0.0,0.0,0.0,0.0,0.0,0.0,0.0,37,0.04429605349725603,27,9,18,0,0,0,0,0,0,0,0,1
1cyd,D,168,GLY,-0.4,60.1,0.0,0,0,X,0.0,0.0,0.0,0.0,0.0,0.0,0.0,0.0,33,0.048026247475972325,51,8,43,0,0,0,0,0,0,0,0,1
1cyd,D,169,PRO,-1.6,112.7,0.0,0,0,X,0.0,0.0,0.0,0.0,0.0,0.0,0.0,0.0,22,0.03403802005578621,40,11,29,0,0,0,0,0,0,0,0,1
1cyd,D,170,HIS,-3.2,153.2,0.1,2,1,X,0.0,0.0,0.0,0.0,0.0,0.0,0.0,0.0,26,0.03310547156110714,22,8,14,0,0,0,0,0,0,0,0,1
1cyd,D,171,LYS,-3.9,168.6,1.0,2,0,X,0.0,0.0,0.0,0.0,0.0,0.0,0.0,0.0,21,0.03450429430312575,28,1,27,0,0,0,0,0,0,0,0,1
1cyd,D,172,ILE,4.5,166.7,0.0,0,0,X,0.0,0.0,0.0,0.0,0.0,0.0,0.0,0.0,40,0.045694876239274644,32,9,23,0,0,0,0,0,0,0,0,1
1cyd,D,173,ARG,-4.5,173.4,1.0,5,0,X,0.0,0.0,0.0,0.0,0.0,0.0,0.0,0.0,42,0.04662742473395372,15,8,7,0,0,0,0,0,0,0,0,1
1cyd,D,174,VAL,4.2,140.0,0.0,0,0,X,0.0,0.0,0.0,0.0,0.0,0.0,0.0,0.0,45,0.053155264196707235,19,4,15,0,0,0,0,0,0,0,0,1
1cyd,D,175,ASN,-3.5,114.1,0.0,2,2,X,0.0,0.0,0.0,0.0,0.0,0.0,0.0,0.0,41,0.04709369898129325,17,1,16,0,0,0,0,0,0,0,0,1
1cyd,D,176,SER,-0.8,89.0,0.0,1,1,X,0.0,0.0,0.0,0.0,0.0,0.0,0.0,0.0,39,0.048492521723311866,13,0,13,0,0,0,0,0,0,0,0,1
1cyd,D,177,VAL,4.2,140.0,0.0,0,0,X,0.0,0.0,0.0,0.0,0.0,0.0,0.0,0.0,41,0.05129016720734909,6,6,0,0,0,0,0,0,0,0,0,1
1cyd,D,178,ASN,-3.5,114.1,0.0,2,2,X,0.0,0.0,0.0,0.0,0.0,0.0,0.0,0.0,39,0.048026247475972325,17,8,9,0,0,0,0,0,0,0,0,1
1cyd,D,179,PRO,-1.6,112.7,0.0,0,0,X,0.0,0.0,0.0,0.0,0.0,0.0,0.0,0.0,42,0.045694876239274644,10,19,-9,0,0,0,0,0,0,0,0,1
1cyd,D,180,THR,-0.7,116.1,0.0,1,1,X,0.0,0.0,0.0,0.0,0.0,0.0,0.0,0.0,39,0.05129016720734909,18,15,3,0,0,0,0,0,0,0,0,1
1cyd,D,181,VAL,4.2,140.0,0.0,0,0,X,0.0,0.0,0.0,0.0,0.0,0.0,0.0,0.0,37,0.043363505002576956,30,13,17,0,0,0,0,0,0,0,0,1
1cyd,D,182,VAL,4.2,140.0,0.0,0,0,X,0.0,0.0,0.0,0.0,0.0,0.0,0.0,0.0,34,0.04196468226055834,14,26,-12,0,0,0,0,0,0,0,0,1
1cyd,D,183,LEU,3.8,166.7,0.0,0,0,X,0.0,0.0,0.0,0.0,0.0,0.0,0.0,0.0,21,0.03590311704514436,16,17,-1,0,0,0,0,0,0,0,0,1
1cyd,D,184,THR,-0.7,116.1,0.0,1,1,X,0.0,0.0,0.0,0.0,0.0,0.0,0.0,0.0,23,0.032172923066428064,23,16,7,0,0,0,0,0,0,0,0,1
1cyd,D,185,ASP,-3.5,111.1,-1.0,1,3,X,0.0,0.0,0.0,0.0,0.0,0.0,0.0,0.0,16,0.027043906345693154,27,0,27,0,0,0,0,0,0,0,0,1
1cyd,D,186,MET,1.9,162.9,0.0,0,0,X,0.0,0.0,0.0,0.0,0.0,0.0,0.0,0.0,28,0.03357174580844668,25,8,17,0,0,0,0,0,0,0,0,1
1cyd,D,187,GLY,-0.4,60.1,0.0,0,0,X,0.0,0.0,0.0,0.0,0.0,0.0,0.0,0.0,25,0.03776821403450251,18,9,9,0,0,0,0,0,0,0,0,1
1cyd,D,188,LYS,-3.9,168.6,1.0,2,0,X,0.0,0.0,0.0,0.0,0.0,0.0,0.0,0.0,14,0.03357174580844668,8,9,-1,0,0,0,0,0,0,0,0,1
1cyd,D,189,LYS,-3.9,168.6,1.0,2,0,X,0.0,0.0,0.0,0.0,0.0,0.0,0.0,0.0,23,0.02797645484037223,8,9,-1,0,0,0,0,0,0,0,0,1
1cyd,D,190,VAL,4.2,140.0,0.0,0,0,X,0.0,0.0,0.0,0.0,0.0,0.0,0.0,0.0,27,0.035436842797804825,16,9,7,0,0,0,0,0,0,0,0,1
1cyd,D,191,SER,-0.8,89.0,0.0,1,1,X,0.0,0.0,0.0,0.0,0.0,0.0,0.0,0.0,26,0.03916703677652112,25,15,10,0,0,0,0,0,0,0,0,1
1cyd,D,192,ALA,1.8,88.6,0.0,0,0,X,0.0,0.0,0.0,0.0,0.0,0.0,0.0,0.0,20,0.027510180593032695,16,14,2,0,0,0,0,0,0,0,0,1
1cyd,D,193,ASP,-3.5,111.1,-1.0,1,3,X,0.0,0.0,0.0,0.0,0.0,0.0,0.0,0.0,17,0.024246260861655933,17,9,8,0,0,0,0,0,0,0,0,1
1cyd,D,194,PRO,-1.6,112.7,0.0,0,0,X,0.0,0.0,0.0,0.0,0.0,0.0,0.0,0.0,12,0.025178809356335007,18,17,1,0,0,0,0,0,0,0,0,1
1cyd,D,195,GLU,-3.5,138.4,-1.0,1,3,X,0.0,0.0,0.0,0.0,0.0,0.0,0.0,0.0,11,0.027510180593032695,22,12,10,0,0,0,0,0,0,0,0,1
1cyd,D,196,PHE,2.8,189.9,0.0,0,0,X,0.0,0.0,0.0,0.0,0.0,0.0,0.0,0.0,25,0.035436842797804825,31,18,13,0,0,0,0,0,0,0,0,1
1cyd,D,197,ALA,1.8,88.6,0.0,0,0,X,0.0,0.0,0.0,0.0,0.0,0.0,0.0,0.0,22,0.04289723075523742,41,24,17,0,0,0,0,0,0,0,0,1
1cyd,D,198,ARG,-4.5,173.4,1.0,5,0,X,0.0,0.0,0.0,0.0,0.0,0.0,0.0,0.0,12,0.03683566553982344,22,25,-3,0,0,0,0,0,0,0,0,1
1cyd,D,199,LYS,-3.9,168.6,1.0,2,0,X,0.0,0.0,0.0,0.0,0.0,0.0,0.0,0.0,14,0.03730193978716297,35,25,10,0,0,0,0,0,0,0,0,1
1cyd,D,200,LEU,3.8,166.7,0.0,0,0,X,0.0,0.0,0.0,0.0,0.0,0.0,0.0,0.0,28,0.043363505002576956,59,15,44,0,0,0,0,0,0,0,0,1
1cyd,D,201,LYS,-3.9,168.6,1.0,2,0,X,0.0,0.0,0.0,0.0,0.0,0.0,0.0,0.0,24,0.04149840801321881,53,13,40,0,0,0,0,0,0,0,0,1
1cyd,D,202,GLU,-3.5,138.4,-1.0,1,3,X,0.0,0.0,0.0,0.0,0.0,0.0,0.0,0.0,17,0.03870076252918159,64,4,60,0,0,0,0,0,0,0,0,1
1cyd,D,203,ARG,-4.5,173.4,1.0,5,0,X,0.0,0.0,0.0,0.0,0.0,0.0,0.0,0.0,26,0.04289723075523742,35,11,24,0,0,0,0,0,0,0,0,1
1cyd,D,204,HIS,-3.2,153.2,0.1,2,1,X,0.0,0.0,0.0,0.0,0.0,0.0,0.0,0.0,33,0.05129016720734909,48,16,32,0,0,0,0,0,0,0,0,1
1cyd,D,205,PRO,-1.6,112.7,0.0,0,0,X,0.0,0.0,0.0,0.0,0.0,0.0,0.0,0.0,38,0.05222271570202816,61,20,41,0,0,0,0,0,0,0,0,1
1cyd,D,206,LEU,3.8,166.7,0.0,0,0,X,0.0,0.0,0.0,0.0,0.0,0.0,0.0,0.0,39,0.04476232774459557,65,17,48,0,0,0,0,0,0,0,0,1
1cyd,D,207,ARG,-4.5,173.4,1.0,5,0,X,0.0,0.0,0.0,0.0,0.0,0.0,0.0,0.0,25,0.03963331102386066,47,12,35,0,0,0,0,0,0,0,0,1
1cyd,D,208,LYS,-3.9,168.6,1.0,2,0,X,0.0,0.0,0.0,0.0,0.0,0.0,0.0,0.0,29,0.03683566553982344,38,24,14,0,0,0,0,0,0,0,0,1
1cyd,D,209,PHE,2.8,189.9,0.0,0,0,X,0.0,0.0,0.0,0.0,0.0,0.0,0.0,0.0,34,0.04616115048661418,44,18,26,0,0,0,0,0,0,0,0,1
1cyd,D,210,ALA,1.8,88.6,0.0,0,0,X,0.0,0.0,0.0,0.0,0.0,0.0,0.0,0.0,31,0.048492521723311866,20,30,-10,0,0,0,0,0,0,0,0,1
1cyd,D,211,GLU,-3.5,138.4,-1.0,1,3,X,0.0,0.0,0.0,0.0,0.0,0.0,0.0,0.0,23,0.03450429430312575,9,20,-11,0,0,0,0,0,0,0,0,1
1cyd,D,212,VAL,4.2,140.0,0.0,0,0,X,0.0,0.0,0.0,0.0,0.0,0.0,0.0,0.0,31,0.040099585271200194,9,35,-26,0,0,0,0,0,0,0,0,1
1cyd,D,213,GLU,-3.5,138.4,-1.0,1,3,X,0.0,0.0,0.0,0.0,0.0,0.0,0.0,0.0,23,0.032639197313767604,12,32,-20,0,0,0,0,0,0,0,0,1
1cyd,D,214,ASP,-3.5,111.1,-1.0,1,3,X,0.0,0.0,0.0,0.0,0.0,0.0,0.0,0.0,33,0.04755997322863279,19,29,-10,0,0,0,0,0,0,0,0,1
1cyd,D,215,VAL,4.2,140.0,0.0,0,0,X,0.0,0.0,0.0,0.0,0.0,0.0,0.0,0.0,42,0.048026247475972325,2,32,-30,0,0,0,0,0,0,0,0,1
1cyd,D,216,VAL,4.2,140.0,0.0,0,0,X,0.0,0.0,0.0,0.0,0.0,0.0,0.0,0.0,35,0.04429605349725603,17,30,-13,0,0,0,0,0,0,0,0,1
1cyd,D,217,ASN,-3.5,114.1,0.0,2,2,X,0.0,0.0,0.0,0.0,0.0,0.0,0.0,0.0,29,0.04429605349725603,11,32,-21,0,0,0,0,0,0,0,0,1
1cyd,D,218,SER,-0.8,89.0,0.0,1,1,X,0.0,0.0,0.0,0.0,0.0,0.0,0.0,0.0,35,0.048958795970651406,8,16,-8,0,0,0,0,0,0,0,0,1
1cyd,D,219,ILE,4.5,166.7,0.0,0,0,X,0.0,0.0,0.0,0.0,0.0,0.0,0.0,0.0,42,0.04616115048661418,1,9,-8,0,0,0,0,0,0,0,0,1
1cyd,D,220,LEU,3.8,166.7,0.0,0,0,X,0.0,0.0,0.0,0.0,0.0,0.0,0.0,0.0,37,0.04709369898129325,12,7,5,0,0,0,0,0,0,0,0,1
1cyd,D,221,PHE,2.8,189.9,0.0,0,0,X,0.0,0.0,0.0,0.0,0.0,0.0,0.0,0.0,27,0.04476232774459557,21,11,10,0,0,0,0,0,0,0,0,1
1cyd,D,222,LEU,3.8,166.7,0.0,0,0,X,0.0,0.0,0.0,0.0,0.0,0.0,0.0,0.0,37,0.0526889899493677,17,5,12,0,0,0,0,0,0,0,0,1
1cyd,D,223,LEU,3.8,166.7,0.0,0,0,X,0.0,0.0,0.0,0.0,0.0,0.0,0.0,0.0,41,0.04709369898129325,18,13,5,0,0,0,0,0,0,0,0,1
1cyd,D,224,SER,-0.8,89.0,0.0,1,1,X,0.0,0.0,0.0,0.0,0.0,0.0,0.0,0.0,28,0.04196468226055834,18,10,8,0,0,0,0,0,0,0,0,1
1cyd,D,225,ASP,-3.5,111.1,-1.0,1,3,X,0.0,0.0,0.0,0.0,0.0,0.0,0.0,0.0,22,0.030774100324409453,19,14,5,0,0,0,0,0,0,0,0,1
1cyd,D,226,ARG,-4.5,173.4,1.0,5,0,X,0.0,0.0,0.0,0.0,0.0,0.0,0.0,0.0,23,0.040099585271200194,5,26,-21,0,0,0,0,0,0,0,0,1
1cyd,D,227,SER,-0.8,89.0,0.0,1,1,X,0.0,0.0,0.0,0.0,0.0,0.0,0.0,0.0,33,0.05175644145468863,24,21,3,0,0,0,0,0,0,0,0,1
1cyd,D,228,ALA,1.8,88.6,0.0,0,0,X,0.0,0.0,0.0,0.0,0.0,0.0,0.0,0.0,34,0.03403802005578621,33,37,-4,0,0,0,0,0,0,0,0,1
1cyd,D,229,SER,-0.8,89.0,0.0,1,1,X,0.0,0.0,0.0,0.0,0.0,0.0,0.0,0.0,40,0.04662742473395372,30,33,-3,0,0,0,0,0,0,0,0,1
1cyd,D,230,THR,-0.7,116.1,0.0,1,1,X,0.0,0.0,0.0,0.0,0.0,0.0,0.0,0.0,41,0.050823892960009553,19,20,-1,0,0,0,0,0,0,0,0,1
1cyd,D,231,SER,-0.8,89.0,0.0,1,1,X,0.0,0.0,0.0,0.0,0.0,0.0,0.0,0.0,41,0.05175644145468863,30,9,21,0,0,0,0,0,0,0,0,1
1cyd,D,232,GLY,-0.4,60.1,0.0,0,0,X,0.0,0.0,0.0,0.0,0.0,0.0,0.0,0.0,42,0.05035761871267001,18,9,9,0,0,0,0,0,0,0,0,1
1cyd,D,233,GLY,-0.4,60.1,0.0,0,0,X,0.0,0.0,0.0,0.0,0.0,0.0,0.0,0.0,36,0.04149840801321881,18,6,12,0,0,0,0,0,0,0,0,1
1cyd,D,234,GLY,-0.4,60.1,0.0,0,0,X,0.0,0.0,0.0,0.0,0.0,0.0,0.0,0.0,29,0.04103213376587927,9,3,6,0,0,0,0,0,0,0,0,1
1cyd,D,235,ILE,4.5,166.7,0.0,0,0,X,0.0,0.0,0.0,0.0,0.0,0.0,0.0,0.0,31,0.040099585271200194,4,8,-4,0,0,0,0,0,0,0,0,1
1cyd,D,236,LEU,3.8,166.7,0.0,0,0,X,0.0,0.0,0.0,0.0,0.0,0.0,0.0,0.0,34,0.04429605349725603,8,9,-1,0,0,0,0,0,0,0,0,1
1cyd,D,237,VAL,4.2,140.0,0.0,0,0,X,0.0,0.0,0.0,0.0,0.0,0.0,0.0,0.0,46,0.05129016720734909,11,25,-14,0,0,0,0,0,0,0,0,1
1cyd,D,238,ASP,-3.5,111.1,-1.0,1,3,X,0.0,0.0,0.0,0.0,0.0,0.0,0.0,0.0,44,0.05175644145468863,27,4,23,0,0,0,0,0,0,0,0,1
1cyd,D,239,ALA,1.8,88.6,0.0,0,0,X,0.0,0.0,0.0,0.0,0.0,0.0,0.0,0.0,42,0.053621538444046775,48,15,33,0,0,0,0,0,0,0,0,1
1cyd,D,240,GLY,-0.4,60.1,0.0,0,0,X,0.0,0.0,0.0,0.0,0.0,0.0,0.0,0.0,45,0.053621538444046775,51,11,40,0,0,0,0,0,0,0,0,1
1cyd,D,241,TYR,-1.3,193.6,0.0,1,1,X,0.0,0.0,0.0,0.0,0.0,0.0,0.0,0.0,33,0.045694876239274644,44,12,32,0,0,0,0,0,0,0,0,1
1cyd,D,242,LEU,3.8,166.7,0.0,0,0,X,0.0,0.0,0.0,0.0,0.0,0.0,0.0,0.0,31,0.04196468226055834,44,8,36,0,0,0,0,0,0,0,0,1
1cyd,D,243,ALA,1.8,88.6,0.0,0,0,X,0.0,0.0,0.0,0.0,0.0,0.0,0.0,0.0,33,0.04709369898129325,37,12,25,0,0,0,0,0,0,0,0,1
1cyd,D,244,SER,-0.8,89.0,0.0,1,1,X,0.0,0.0,0.0,0.0,0.0,0.0,0.0,0.0,29,0.040565859518539735,43,9,34,0,0,0,0,0,0,0,0,1
