pdb_id,chain_id,residue_id,residue_name,hydrophobicity,volume,charge,hbond_donor,hbond_acceptor,ss_type,rel_asa,phi,psi,hse_up,hse_down,hse_ratio,residue_depth,ca_depth,neighbor_count,atom_density,pos_charged_neighbors,neg_charged_neighbors,net_charge_environment,ss_H,ss_B,ss_E,ss_G,ss_I,ss_T,ss_S,ss_ ,ss_X
1d1t,A,1,GLY,-0.4,60.1,0.0,0,0,X,0.0,0.0,0.0,0.0,0.0,0.0,0.0,0.0,9,0.011190581936148893,12,7,5,0,0,0,0,0,0,0,0,1
1d1t,A,2,THR,-0.7,116.1,0.0,1,1,X,0.0,0.0,0.0,0.0,0.0,0.0,0.0,0.0,18,0.025645083603674543,21,9,12,0,0,0,0,0,0,0,0,1
1d1t,A,3,ALA,1.8,88.6,0.0,0,0,X,0.0,0.0,0.0,0.0,0.0,0.0,0.0,0.0,17,0.02844272908771177,19,9,10,0,0,0,0,0,0,0,0,1
1d1t,A,4,GLY,-0.4,60.1,0.0,0,0,X,0.0,0.0,0.0,0.0,0.0,0.0,0.0,0.0,16,0.028909003335051305,18,7,11,0,0,0,0,0,0,0,0,1
1d1t,A,5,LYS,-3.9,168.6,1.0,2,0,X,0.0,0.0,0.0,0.0,0.0,0.0,0.0,0.0,14,0.030774100324409453,7,4,3,0,0,0,0,0,0,0,0,1
1d1t,A,6,VAL,4.2,140.0,0.0,0,0,X,0.0,0.0,0.0,0.0,0.0,0.0,0.0,0.0,22,0.03450429430312575,30,12,18,0,0,0,0,0,0,0,0,1
1d1t,A,7,ILE,4.5,166.7,0.0,0,0,X,0.0,0.0,0.0,0.0,0.0,0.0,0.0,0.0,29,0.040099585271200194,35,27,8,0,0,0,0,0,0,0,0,1
1d1t,A,8,LYS,-3.9,168.6,1.0,2,0,X,0.0,0.0,0.0,0.0,0.0,0.0,0.0,0.0,17,0.034970568550465285,12,22,-10,0,0,0,0,0,0,0,0,1
1d1t,A,9,CYS,2.5,108.5,0.0,1,0,X,0.0,0.0,0.0,0.0,0.0,0.0,0.0,0.0,29,0.03916703677652112,21,33,-12,0,0,0,0,0,0,0,0,1
1d1t,A,10,LYS,-3.9,168.6,1.0,2,0,X,0.0,0.0,0.0,0.0,0.0,0.0,0.0,0.0,23,0.04196468226055834,12,30,-18,0,0,0,0,0,0,0,0,1
1d1t,A,11,ALA,1.8,88.6,0.0,0,0,X,0.0,0.0,0.0,0.0,0.0,0.0,0.0,0.0,34,0.04755997322863279,14,31,-17,0,0,0,0,0,0,0,0,1
1d1t,A,12,ALA,1.8,88.6,0.0,0,0,X,0.0,0.0,0.0,0.0,0.0,0.0,0.0,0.0,38,0.04709369898129325,12,17,-5,0,0,0,0,0,0,0,0,1
1d1t,A,13,VAL,4.2,140.0,0.0,0,0,X,0.0,0.0,0.0,0.0,0.0,0.0,0.0,0.0,33,0.05175644145468863,12,18,-6,0,0,0,0,0,0,0,0,1
1d1t,A,14,LEU,3.8,166.7,0.0,0,0,X,0.0,0.0,0.0,0.0,0.0,0.0,0.0,0.0,33,0.05455408693872585,17,18,-1,0,0,0,0,0,0,0,0,1
1d1t,A,15,TRP,-0.9,227.8,0.0,1,0,X,0.0,0.0,0.0,0.0,0.0,0.0,0.0,0.0,25,0.040565859518539735,22,18,4,0,0,0,0,0,0,0,0,1
1d1t,A,16,GLU,-3.5,138.4,-1.0,1,3,X,0.0,0.0,0.0,0.0,0.0,0.0,0.0,0.0,15,0.03683566553982344,13,0,13,0,0,0,0,0,0,0,0,1
1d1t,A,17,GLN,-3.5,143.8,0.0,2,2,X,0.0,0.0,0.0,0.0,0.0,0.0,0.0,0.0,19,0.03776821403450251,23,10,13,0,0,0,0,0,0,0,0,1
1d1t,A,18,LYS,-3.9,168.6,1.0,2,0,X,0.0,0.0,0.0,0.0,0.0,0.0,0.0,0.0,15,0.03170664881908853,11,12,-1,0,0,0,0,0,0,0,0,1
1d1t,A,19,GLN,-3.5,143.8,0.0,2,2,X,0.0,0.0,0.0,0.0,0.0,0.0,0.0,0.0,16,0.03124037457174899,12,9,3,0,0,0,0,0,0,0,0,1
1d1t,A,20,PRO,-1.6,112.7,0.0,0,0,X,0.0,0.0,0.0,0.0,0.0,0.0,0.0,0.0,19,0.02797645484037223,7,7,0,0,0,0,0,0,0,0,0,1
1d1t,A,21,PHE,2.8,189.9,0.0,0,0,X,0.0,0.0,0.0,0.0,0.0,0.0,0.0,0.0,32,0.03730193978716297,8,21,-13,0,0,0,0,0,0,0,0,1
1d1t,A,22,SER,-0.8,89.0,0.0,1,1,X,0.0,0.0,0.0,0.0,0.0,0.0,0.0,0.0,25,0.03357174580844668,10,15,-5,0,0,0,0,0,0,0,0,1
1d1t,A,23,ILE,4.5,166.7,0.0,0,0,X,0.0,0.0,0.0,0.0,0.0,0.0,0.0,0.0,24,0.03310547156110714,20,22,-2,0,0,0,0,0,0,0,0,1
1d1t,A,24,GLU,-3.5,138.4,-1.0,1,3,X,0.0,0.0,0.0,0.0,0.0,0.0,0.0,0.0,24,0.03823448828184205,17,13,4,0,0,0,0,0,0,0,0,1
1d1t,A,25,GLU,-3.5,138.4,-1.0,1,3,X,0.0,0.0,0.0,0.0,0.0,0.0,0.0,0.0,19,0.0363693912924839,25,24,1,0,0,0,0,0,0,0,0,1
1d1t,A,26,ILE,4.5,166.7,0.0,0,0,X,0.0,0.0,0.0,0.0,0.0,0.0,0.0,0.0,31,0.045228601991935104,30,36,-6,0,0,0,0,0,0,0,0,1
1d1t,A,27,GLU,-3.5,138.4,-1.0,1,3,X,0.0,0.0,0.0,0.0,0.0,0.0,0.0,0.0,27,0.04103213376587927,32,13,19,0,0,0,0,0,0,0,0,1
1d1t,A,28,VAL,4.2,140.0,0.0,0,0,X,0.0,0.0,0.0,0.0,0.0,0.0,0.0,0.0,35,0.053155264196707235,42,22,20,0,0,0,0,0,0,0,0,1
1d1t,A,29,ALA,1.8,88.6,0.0,0,0,X,0.0,0.0,0.0,0.0,0.0,0.0,0.0,0.0,31,0.04103213376587927,44,16,28,0,0,0,0,0,0,0,0,1
1d1t,A,30,PRO,-1.6,112.7,0.0,0,0,X,0.0,0.0,0.0,0.0,0.0,0.0,0.0,0.0,29,0.043829779249916496,40,19,21,0,0,0,0,0,0,0,0,1
1d1t,A,31,PRO,-1.6,112.7,0.0,0,0,X,0.0,0.0,0.0,0.0,0.0,0.0,0.0,0.0,33,0.04942507021799094,39,30,9,0,0,0,0,0,0,0,0,1
1d1t,A,32,LYS,-3.9,168.6,1.0,2,0,X,0.0,0.0,0.0,0.0,0.0,0.0,0.0,0.0,23,0.034970568550465285,21,31,-10,0,0,0,0,0,0,0,0,1
1d1t,A,33,THR,-0.7,116.1,0.0,1,1,X,0.0,0.0,0.0,0.0,0.0,0.0,0.0,0.0,20,0.030774100324409453,25,37,-12,0,0,0,0,0,0,0,0,1
1d1t,A,34,LYS,-3.9,168.6,1.0,2,0,X,0.0,0.0,0.0,0.0,0.0,0.0,0.0,0.0,24,0.040099585271200194,14,38,-24,0,0,0,0,0,0,0,0,1
1d1t,A,35,GLU,-3.5,138.4,-1.0,1,3,X,0.0,0.0,0.0,0.0,0.0,0.0,0.0,0.0,32,0.05222271570202816,41,30,11,0,0,0,0,0,0,0,0,1
1d1t,A,36,VAL,4.2,140.0,0.0,0,0,X,0.0,0.0,0.0,0.0,0.0,0.0,0.0,0.0,45,0.05595290968074446,32,41,-9,0,0,0,0,0,0,0,0,1
1d1t,A,37,ARG,-4.5,173.4,1.0,5,0,X,0.0,0.0,0.0,0.0,0.0,0.0,0.0,0.0,35,0.053155264196707235,25,21,4,0,0,0,0,0,0,0,0,1
1d1t,A,38,ILE,4.5,166.7,0.0,0,0,X,0.0,0.0,0.0,0.0,0.0,0.0,0.0,0.0,44,0.0526889899493677,25,26,-1,0,0,0,0,0,0,0,0,1
1d1t,A,39,LYS,-3.9,168.6,1.0,2,0,X,0.0,0.0,0.0,0.0,0.0,0.0,0.0,0.0,26,0.045694876239274644,11,21,-10,0,0,0,0,0,0,0,0,1
1d1t,A,40,ILE,4.5,166.7,0.0,0,0,X,0.0,0.0,0.0,0.0,0.0,0.0,0.0,0.0,39,0.05408781269138631,17,15,2,0,0,0,0,0,0,0,0,1
1d1t,A,41,LEU,3.8,166.7,0.0,0,0,X,0.0,0.0,0.0,0.0,0.0,0.0,0.0,0.0,34,0.04149840801321881,17,17,0,0,0,0,0,0,0,0,0,1
1d1t,A,42,ALA,1.8,88.6,0.0,0,0,X,0.0,0.0,0.0,0.0,0.0,0.0,0.0,0.0,40,0.048026247475972325,18,21,-3,0,0,0,0,0,0,0,0,1
1d1t,A,43,THR,-0.7,116.1,0.0,1,1,X,0.0,0.0,0.0,0.0,0.0,0.0,0.0,0.0,42,0.05595290968074446,24,21,3,0,0,0,0,0,0,0,0,1
1d1t,A,44,GLY,-0.4,60.1,0.0,0,0,X,0.0,0.0,0.0,0.0,0.0,0.0,0.0,0.0,47,0.050823892960009553,30,20,10,0,0,0,0,0,0,0,0,1
1d1t,A,45,ILE,4.5,166.7,0.0,0,0,X,0.0,0.0,0.0,0.0,0.0,0.0,0.0,0.0,45,0.0526889899493677,39,31,8,0,0,0,0,0,0,0,0,1
1d1t,A,46,CYS,2.5,108.5,0.0,1,0,X,0.0,0.0,0.0,0.0,0.0,0.0,0.0,0.0,40,0.04429605349725603,40,25,15,0,0,0,0,0,0,0,0,1
1d1t,A,47,ARG,-4.5,173.4,1.0,5,0,X,0.0,0.0,0.0,0.0,0.0,0.0,0.0,0.0,32,0.03590311704514436,28,16,12,0,0,0,0,0,0,0,0,1
1d1t,A,48,THR,-0.7,116.1,0.0,1,1,X,0.0,0.0,0.0,0.0,0.0,0.0,0.0,0.0,35,0.03730193978716297,37,20,17,0,0,0,0,0,0,0,0,1
1d1t,A,49,ASP,-3.5,111.1,-1.0,1,3,X,0.0,0.0,0.0,0.0,0.0,0.0,0.0,0.0,35,0.0526889899493677,38,17,21,0,0,0,0,0,0,0,0,1
1d1t,A,50,ASP,-3.5,111.1,-1.0,1,3,X,0.0,0.0,0.0,0.0,0.0,0.0,0.0,0.0,27,0.04755997322863279,36,10,26,0,0,0,0,0,0,0,0,1
1d1t,A,51,HIS,-3.2,153.2,0.1,2,1,X,0.0,0.0,0.0,0.0,0.0,0.0,0.0,0.0,28,0.04196468226055834,25,16,9,0,0,0,0,0,0,0,0,1
1d1t,A,52,VAL,4.2,140.0,0.0,0,0,X,0.0,0.0,0.0,0.0,0.0,0.0,0.0,0.0,34,0.05035761871267001,37,20,17,0,0,0,0,0,0,0,0,1
1d1t,A,53,ILE,4.5,166.7,0.0,0,0,X,0.0,0.0,0.0,0.0,0.0,0.0,0.0,0.0,29,0.045228601991935104,32,22,10,0,0,0,0,0,0,0,0,1
1d1t,A,54,LYS,-3.9,168.6,1.0,2,0,X,0.0,0.0,0.0,0.0,0.0,0.0,0.0,0.0,20,0.035436842797804825,28,13,15,0,0,0,0,0,0,0,0,1
1d1t,A,55,GLY,-0.4,60.1,0.0,0,0,X,0.0,0.0,0.0,0.0,0.0,0.0,0.0,0.0,22,0.032639197313767604,30,13,17,0,0,0,0,0,0,0,0,1
1d1t,A,56,THR,-0.7,116.1,0.0,1,1,X,0.0,0.0,0.0,0.0,0.0,0.0,0.0,0.0,22,0.03310547156110714,37,11,26,0,0,0,0,0,0,0,0,1
1d1t,A,57,MET,1.9,162.9,0.0,0,0,X,0.0,0.0,0.0,0.0,0.0,0.0,0.0,0.0,32,0.03870076252918159,24,14,10,0,0,0,0,0,0,0,0,1
1d1t,A,58,VAL,4.2,140.0,0.0,0,0,X,0.0,0.0,0.0,0.0,0.0,0.0,0.0,0.0,28,0.028909003335051305,22,7,15,0,0,0,0,0,0,0,0,1
1d1t,A,59,SER,-0.8,89.0,0.0,1,1,X,0.0,0.0,0.0,0.0,0.0,0.0,0.0,0.0,31,0.0363693912924839,33,11,22,0,0,0,0,0,0,0,0,1
1d1t,A,60,LYS,-3.9,168.6,1.0,2,0,X,0.0,0.0,0.0,0.0,0.0,0.0,0.0,0.0,23,0.03124037457174899,25,3,22,0,0,0,0,0,0,0,0,1
1d1t,A,61,PHE,2.8,189.9,0.0,0,0,X,0.0,0.0,0.0,0.0,0.0,0.0,0.0,0.0,26,0.03730193978716297,25,9,16,0,0,0,0,0,0,0,0,1
1d1t,A,62,PRO,-1.6,112.7,0.0,0,0,X,0.0,0.0,0.0,0.0,0.0,0.0,0.0,0.0,31,0.043829779249916496,34,8,26,0,0,0,0,0,0,0,0,1
1d1t,A,63,VAL,4.2,140.0,0.0,0,0,X,0.0,0.0,0.0,0.0,0.0,0.0,0.0,0.0,40,0.05175644145468863,28,7,21,0,0,0,0,0,0,0,0,1
1d1t,A,64,ILE,4.5,166.7,0.0,0,0,X,0.0,0.0,0.0,0.0,0.0,0.0,0.0,0.0,44,0.05595290968074446,27,8,19,0,0,0,0,0,0,0,0,1
1d1t,A,65,VAL,4.2,140.0,0.0,0,0,X,0.0,0.0,0.0,0.0,0.0,0.0,0.0,0.0,45,0.053621538444046775,25,17,8,0,0,0,0,0,0,0,0,1
1d1t,A,66,GLY,-0.4,60.1,0.0,0,0,X,0.0,0.0,0.0,0.0,0.0,0.0,0.0,0.0,45,0.05595290968074446,19,19,0,0,0,0,0,0,0,0,0,1
1d1t,A,67,HIS,-3.2,153.2,0.1,2,1,X,0.0,0.0,0.0,0.0,0.0,0.0,0.0,0.0,40,0.062014474896158446,10,18,-8,0,0,0,0,0,0,0,0,1
1d1t,A,68,GLU,-3.5,138.4,-1.0,1,3,X,0.0,0.0,0.0,0.0,0.0,0.0,0.0,0.0,44,0.05502036118606539,25,9,16,0,0,0,0,0,0,0,0,1
1d1t,A,69,ALA,1.8,88.6,0.0,0,0,X,0.0,0.0,0.0,0.0,0.0,0.0,0.0,0.0,49,0.053621538444046775,21,15,6,0,0,0,0,0,0,0,0,1
1d1t,A,70,THR,-0.7,116.1,0.0,1,1,X,0.0,0.0,0.0,0.0,0.0,0.0,0.0,0.0,42,0.05595290968074446,22,20,2,0,0,0,0,0,0,0,0,1
1d1t,A,71,GLY,-0.4,60.1,0.0,0,0,X,0.0,0.0,0.0,0.0,0.0,0.0,0.0,0.0,41,0.048492521723311866,26,21,5,0,0,0,0,0,0,0,0,1
1d1t,A,72,ILE,4.5,166.7,0.0,0,0,X,0.0,0.0,0.0,0.0,0.0,0.0,0.0,0.0,33,0.04243095650789788,30,25,5,0,0,0,0,0,0,0,0,1
1d1t,A,73,VAL,4.2,140.0,0.0,0,0,X,0.0,0.0,0.0,0.0,0.0,0.0,0.0,0.0,33,0.05222271570202816,37,20,17,0,0,0,0,0,0,0,0,1
1d1t,A,74,GLU,-3.5,138.4,-1.0,1,3,X,0.0,0.0,0.0,0.0,0.0,0.0,0.0,0.0,32,0.043363505002576956,30,8,22,0,0,0,0,0,0,0,0,1
1d1t,A,75,SER,-0.8,89.0,0.0,1,1,X,0.0,0.0,0.0,0.0,0.0,0.0,0.0,0.0,33,0.04429605349725603,29,20,9,0,0,0,0,0,0,0,0,1
1d1t,A,76,ILE,4.5,166.7,0.0,0,0,X,0.0,0.0,0.0,0.0,0.0,0.0,0.0,0.0,29,0.045228601991935104,27,35,-8,0,0,0,0,0,0,0,0,1
1d1t,A,77,GLY,-0.4,60.1,0.0,0,0,X,0.0,0.0,0.0,0.0,0.0,0.0,0.0,0.0,26,0.04196468226055834,28,30,-2,0,0,0,0,0,0,0,0,1
1d1t,A,78,GLU,-3.5,138.4,-1.0,1,3,X,0.0,0.0,0.0,0.0,0.0,0.0,0.0,0.0,12,0.029375277582390842,15,12,3,0,0,0,0,0,0,0,0,1
1d1t,A,79,GLY,-0.4,60.1,0.0,0,0,X,0.0,0.0,0.0,0.0,0.0,0.0,0.0,0.0,14,0.027510180593032695,13,23,-10,0,0,0,0,0,0,0,0,1
1d1t,A,80,VAL,4.2,140.0,0.0,0,0,X,0.0,0.0,0.0,0.0,0.0,0.0,0.0,0.0,25,0.03916703677652112,21,28,-7,0,0,0,0,0,0,0,0,1
1d1t,A,81,THR,-0.7,116.1,0.0,1,1,X,0.0,0.0,0.0,0.0,0.0,0.0,0.0,0.0,18,0.02098234113027917,21,16,5,0,0,0,0,0,0,0,0,1
1d1t,A,82,THR,-0.7,116.1,0.0,1,1,X,0.0,0.0,0.0,0.0,0.0,0.0,0.0,0.0,25,0.02844272908771177,38,18,20,0,0,0,0,0,0,0,0,1
1d1t,A,83,VAL,4.2,140.0,0.0,0,0,X,0.0,0.0,0.0,0.0,0.0,0.0,0.0,0.0,32,0.04243095650789788,32,27,5,0,0,0,0,0,0,0,0,1
1d1t,A,84,LYS,-3.9,168.6,1.0,2,0,X,0.0,0.0,0.0,0.0,0.0,0.0,0.0,0.0,20,0.035436842797804825,12,15,-3,0,0,0,0,0,0,0,0,1
1d1t,A,85,PRO,-1.6,112.7,0.0,0,0,X,0.0,0.0,0.0,0.0,0.0,0.0,0.0,0.0,19,0.032639197313767604,18,17,1,0,0,0,0,0,0,0,0,1
1d1t,A,86,GLY,-0.4,60.1,0.0,0,0,X,0.0,0.0,0.0,0.0,0.0,0.0,0.0,0.0,20,0.026577632098353617,34,23,11,0,0,0,0,0,0,0,0,1
1d1t,A,87,ASP,-3.5,111.1,-1.0,1,3,X,0.0,0.0,0.0,0.0,0.0,0.0,0.0,0.0,26,0.03916703677652112,28,17,11,0,0,0,0,0,0,0,0,1
1d1t,A,88,LYS,-3.9,168.6,1.0,2,0,X,0.0,0.0,0.0,0.0,0.0,0.0,0.0,0.0,31,0.045228601991935104,15,25,-10,0,0,0,0,0,0,0,0,1
1d1t,A,89,VAL,4.2,140.0,0.0,0,0,X,0.0,0.0,0.0,0.0,0.0,0.0,0.0,0.0,41,0.048492521723311866,30,21,9,0,0,0,0,0,0,0,0,1
1d1t,A,90,ILE,4.5,166.7,0.0,0,0,X,0.0,0.0,0.0,0.0,0.0,0.0,0.0,0.0,49,0.048958795970651406,27,12,15,0,0,0,0,0,0,0,0,1
1d1t,A,91,PRO,-1.6,112.7,0.0,0,0,X,0.0,0.0,0.0,0.0,0.0,0.0,0.0,0.0,49,0.04989134446533048,18,12,6,0,0,0,0,0,0,0,0,1
1d1t,A,92,LEU,3.8,166.7,0.0,0,0,X,0.0,0.0,0.0,0.0,0.0,0.0,0.0,0.0,43,0.05455408693872585,23,15,8,0,0,0,0,0,0,0,0,1
1d1t,A,93,PHE,2.8,189.9,0.0,0,0,X,0.0,0.0,0.0,0.0,0.0,0.0,0.0,0.0,45,0.05035761871267001,12,15,-3,0,0,0,0,0,0,0,0,1
1d1t,A,94,LEU,3.8,166.7,0.0,0,0,X,0.0,0.0,0.0,0.0,0.0,0.0,0.0,0.0,44,0.05222271570202816,23,7,16,0,0,0,0,0,0,0,0,1
1d1t,A,95,PRO,-1.6,112.7,0.0,0,0,X,0.0,0.0,0.0,0.0,0.0,0.0,0.0,0.0,39,0.05408781269138631,31,18,13,0,0,0,0,0,0,0,0,1
1d1t,A,96,GLN,-3.5,143.8,0.0,2,2,X,0.0,0.0,0.0,0.0,0.0,0.0,0.0,0.0,35,0.05548663543340492,45,26,19,0,0,0,0,0,0,0,0,1
1d1t,A,97,CYS,2.5,108.5,0.0,1,0,X,0.0,0.0,0.0,0.0,0.0,0.0,0.0,0.0,27,0.04196468226055834,44,19,25,0,0,0,0,0,0,0,0,1
1d1t,A,98,ARG,-4.5,173.4,1.0,5,0,X,0.0,0.0,0.0,0.0,0.0,0.0,0.0,0.0,22,0.03403802005578621,31,19,12,0,0,0,0,0,0,0,0,1
1d1t,A,99,GLU,-3.5,138.4,-1.0,1,3,X,0.0,0.0,0.0,0.0,0.0,0.0,0.0,0.0,14,0.02611135785101408,30,0,30,0,0,0,0,0,0,0,0,1
1d1t,A,100,CYS,2.5,108.5,0.0,1,0,X,0.0,0.0,0.0,0.0,0.0,0.0,0.0,0.0,24,0.032639197313767604,33,9,24,0,0,0,0,0,0,0,0,1
1d1t,A,101,ASN,-3.5,114.1,0.0,2,2,X,0.0,0.0,0.0,0.0,0.0,0.0,0.0,0.0,26,0.040099585271200194,24,8,16,0,0,0,0,0,0,0,0,1
1d1t,A,102,ALA,1.8,88.6,0.0,0,0,X,0.0,0.0,0.0,0.0,0.0,0.0,0.0,0.0,30,0.05222271570202816,35,12,23,0,0,0,0,0,0,0,0,1
1d1t,A,103,CYS,2.5,108.5,0.0,1,0,X,0.0,0.0,0.0,0.0,0.0,0.0,0.0,0.0,28,0.04942507021799094,43,17,26,0,0,0,0,0,0,0,0,1
1d1t,A,104,ARG,-4.5,173.4,1.0,5,0,X,0.0,0.0,0.0,0.0,0.0,0.0,0.0,0.0,19,0.034970568550465285,12,10,2,0,0,0,0,0,0,0,0,1
1d1t,A,105,ASN,-3.5,114.1,0.0,2,2,X,0.0,0.0,0.0,0.0,0.0,0.0,0.0,0.0,22,0.032172923066428064,27,9,18,0,0,0,0,0,0,0,0,1
1d1t,A,106,PRO,-1.6,112.7,0.0,0,0,X,0.0,0.0,0.0,0.0,0.0,0.0,0.0,0.0,17,0.022847438119637322,19,8,11,0,0,0,0,0,0,0,0,1
1d1t,A,107,ASP,-3.5,111.1,-1.0,1,3,X,0.0,0.0,0.0,0.0,0.0,0.0,0.0,0.0,25,0.02984155182973038,33,0,33,0,0,0,0,0,0,0,0,1
1d1t,A,108,GLY,-0.4,60.1,0.0,0,0,X,0.0,0.0,0.0,0.0,0.0,0.0,0.0,0.0,33,0.04616115048661418,28,11,17,0,0,0,0,0,0,0,0,1
1d1t,A,109,ASN,-3.5,114.1,0.0,2,2,X,0.0,0.0,0.0,0.0,0.0,0.0,0.0,0.0,40,0.053621538444046775,19,10,9,0,0,0,0,0,0,0,0,1
1d1t,A,110,LEU,3.8,166.7,0.0,0,0,X,0.0,0.0,0.0,0.0,0.0,0.0,0.0,0.0,37,0.04662742473395372,22,6,16,0,0,0,0,0,0,0,0,1
1d1t,A,111,CYS,2.5,108.5,0.0,1,0,X,0.0,0.0,0.0,0.0,0.0,0.0,0.0,0.0,35,0.048026247475972325,34,9,25,0,0,0,0,0,0,0,0,1
1d1t,A,112,ILE,4.5,166.7,0.0,0,0,X,0.0,0.0,0.0,0.0,0.0,0.0,0.0,0.0,26,0.032172923066428064,23,9,14,0,0,0,0,0,0,0,0,1
1d1t,A,113,ARG,-4.5,173.4,1.0,5,0,X,0.0,0.0,0.0,0.0,0.0,0.0,0.0,0.0,30,0.03403802005578621,11,30,-19,0,0,0,0,0,0,0,0,1
1d1t,A,114,SER,-0.8,89.0,0.0,1,1,X,0.0,0.0,0.0,0.0,0.0,0.0,0.0,0.0,34,0.04149840801321881,19,9,10,0,0,0,0,0,0,0,0,1
1d1t,A,115,ASP,-3.5,111.1,-1.0,1,3,X,0.0,0.0,0.0,0.0,0.0,0.0,0.0,0.0,28,0.03823448828184205,26,1,25,0,0,0,0,0,0,0,0,1
1d1t,A,116,ILE,4.5,166.7,0.0,0,0,X,0.0,0.0,0.0,0.0,0.0,0.0,0.0,0.0,23,0.026577632098353617,14,8,6,0,0,0,0,0,0,0,0,1
1d1t,A,118,THR,-0.7,116.1,0.0,1,1,X,0.0,0.0,0.0,0.0,0.0,0.0,0.0,0.0,18,0.021914889624958248,18,8,10,0,0,0,0,0,0,0,0,1
1d1t,A,119,GLY,-0.4,60.1,0.0,0,0,X,0.0,0.0,0.0,0.0,0.0,0.0,0.0,0.0,20,0.03403802005578621,34,8,26,0,0,0,0,0,0,0,0,1
1d1t,A,120,ARG,-4.5,173.4,1.0,5,0,X,0.0,0.0,0.0,0.0,0.0,0.0,0.0,0.0,24,0.03357174580844668,25,13,12,0,0,0,0,0,0,0,0,1
1d1t,A,121,GLY,-0.4,60.1,0.0,0,0,X,0.0,0.0,0.0,0.0,0.0,0.0,0.0,0.0,35,0.05035761871267001,44,10,34,0,0,0,0,0,0,0,0,1
1d1t,A,122,VAL,4.2,140.0,0.0,0,0,X,0.0,0.0,0.0,0.0,0.0,0.0,0.0,0.0,31,0.04709369898129325,50,22,28,0,0,0,0,0,0,0,0,1
1d1t,A,123,LEU,3.8,166.7,0.0,0,0,X,0.0,0.0,0.0,0.0,0.0,0.0,0.0,0.0,34,0.04709369898129325,54,31,23,0,0,0,0,0,0,0,0,1
1d1t,A,124,ALA,1.8,88.6,0.0,0,0,X,0.0,0.0,0.0,0.0,0.0,0.0,0.0,0.0,26,0.029375277582390842,37,29,8,0,0,0,0,0,0,0,0,1
1d1t,A,125,ASP,-3.5,111.1,-1.0,1,3,X,0.0,0.0,0.0,0.0,0.0,0.0,0.0,0.0,15,0.02611135785101408,32,13,19,0,0,0,0,0,0,0,0,1
1d1t,A,126,GLY,-0.4,60.1,0.0,0,0,X,0.0,0.0,0.0,0.0,0.0,0.0,0.0,0.0,17,0.02611135785101408,36,15,21,0,0,0,0,0,0,0,0,1
1d1t,A,127,THR,-0.7,116.1,0.0,1,1,X,0.0,0.0,0.0,0.0,0.0,0.0,0.0,0.0,21,0.030307826077069916,40,15,25,0,0,0,0,0,0,0,0,1
1d1t,A,128,THR,-0.7,116.1,0.0,1,1,X,0.0,0.0,0.0,0.0,0.0,0.0,0.0,0.0,30,0.043363505002576956,41,13,28,0,0,0,0,0,0,0,0,1
1d1t,A,129,ARG,-4.5,173.4,1.0,5,0,X,0.0,0.0,0.0,0.0,0.0,0.0,0.0,0.0,33,0.04429605349725603,29,25,4,0,0,0,0,0,0,0,0,1
1d1t,A,130,PHE,2.8,189.9,0.0,0,0,X,0.0,0.0,0.0,0.0,0.0,0.0,0.0,0.0,43,0.04755997322863279,37,14,23,0,0,0,0,0,0,0,0,1
1d1t,A,131,THR,-0.7,116.1,0.0,1,1,X,0.0,0.0,0.0,0.0,0.0,0.0,0.0,0.0,26,0.04149840801321881,34,16,18,0,0,0,0,0,0,0,0,1
1d1t,A,132,CYS,2.5,108.5,0.0,1,0,X,0.0,0.0,0.0,0.0,0.0,0.0,0.0,0.0,25,0.04196468226055834,23,26,-3,0,0,0,0,0,0,0,0,1
1d1t,A,133,LYS,-3.9,168.6,1.0,2,0,X,0.0,0.0,0.0,0.0,0.0,0.0,0.0,0.0,15,0.023779986614316396,9,21,-12,0,0,0,0,0,0,0,0,1
1d1t,A,134,GLY,-0.4,60.1,0.0,0,0,X,0.0,0.0,0.0,0.0,0.0,0.0,0.0,0.0,13,0.020049792635600097,18,11,7,0,0,0,0,0,0,0,0,1
1d1t,A,135,LYS,-3.9,168.6,1.0,2,0,X,0.0,0.0,0.0,0.0,0.0,0.0,0.0,0.0,15,0.025178809356335007,13,2,11,0,0,0,0,0,0,0,0,1
1d1t,A,136,PRO,-1.6,112.7,0.0,0,0,X,0.0,0.0,0.0,0.0,0.0,0.0,0.0,0.0,23,0.03730193978716297,38,6,32,0,0,0,0,0,0,0,0,1
1d1t,A,137,VAL,4.2,140.0,0.0,0,0,X,0.0,0.0,0.0,0.0,0.0,0.0,0.0,0.0,35,0.048958795970651406,47,11,36,0,0,0,0,0,0,0,0,1
1d1t,A,138,HIS,-3.2,153.2,0.1,2,1,X,0.0,0.0,0.0,0.0,0.0,0.0,0.0,0.0,31,0.04989134446533048,33,2,31,0,0,0,0,0,0,0,0,1
1d1t,A,139,HIS,-3.2,153.2,0.1,2,1,X,0.0,0.0,0.0,0.0,0.0,0.0,0.0,0.0,39,0.05595290968074446,35,9,26,0,0,0,0,0,0,0,0,1
1d1t,A,140,PHE,2.8,189.9,0.0,0,0,X,0.0,0.0,0.0,0.0,0.0,0.0,0.0,0.0,41,0.0526889899493677,39,19,20,0,0,0,0,0,0,0,0,1
1d1t,A,141,LEU,3.8,166.7,0.0,0,0,X,0.0,0.0,0.0,0.0,0.0,0.0,0.0,0.0,39,0.045694876239274644,27,16,11,0,0,0,0,0,0,0,0,1
1d1t,A,142,ASN,-3.5,114.1,0.0,2,2,X,0.0,0.0,0.0,0.0,0.0,0.0,0.0,0.0,40,0.056419183928083996,39,18,21,0,0,0,0,0,0,0,0,1
1d1t,A,143,THR,-0.7,116.1,0.0,1,1,X,0.0,0.0,0.0,0.0,0.0,0.0,0.0,0.0,40,0.05548663543340492,22,19,3,0,0,0,0,0,0,0,0,1
1d1t,A,144,SER,-0.8,89.0,0.0,1,1,X,0.0,0.0,0.0,0.0,0.0,0.0,0.0,0.0,39,0.05548663543340492,29,11,18,0,0,0,0,0,0,0,0,1
1d1t,A,145,THR,-0.7,116.1,0.0,1,1,X,0.0,0.0,0.0,0.0,0.0,0.0,0.0,0.0,46,0.056419183928083996,19,18,1,0,0,0,0,0,0,0,0,1
1d1t,A,146,PHE,2.8,189.9,0.0,0,0,X,0.0,0.0,0.0,0.0,0.0,0.0,0.0,0.0,44,0.050823892960009553,14,20,-6,0,0,0,0,0,0,0,0,1
1d1t,A,147,THR,-0.7,116.1,0.0,1,1,X,0.0,0.0,0.0,0.0,0.0,0.0,0.0,0.0,44,0.05455408693872585,17,16,1,0,0,0,0,0,0,0,0,1
1d1t,A,148,GLU,-3.5,138.4,-1.0,1,3,X,0.0,0.0,0.0,0.0,0.0,0.0,0.0,0.0,29,0.045228601991935104,24,8,16,0,0,0,0,0,0,0,0,1
1d1t,A,149,TYR,-1.3,193.6,0.0,1,1,X,0.0,0.0,0.0,0.0,0.0,0.0,0.0,0.0,32,0.053155264196707235,31,22,9,0,0,0,0,0,0,0,0,1
1d1t,A,150,THR,-0.7,116.1,0.0,1,1,X,0.0,0.0,0.0,0.0,0.0,0.0,0.0,0.0,50,0.053621538444046775,35,23,12,0,0,0,0,0,0,0,0,1
1d1t,A,151,VAL,4.2,140.0,0.0,0,0,X,0.0,0.0,0.0,0.0,0.0,0.0,0.0,0.0,44,0.05408781269138631,42,28,14,0,0,0,0,0,0,0,0,1
1d1t,A,152,VAL,4.2,140.0,0.0,0,0,X,0.0,0.0,0.0,0.0,0.0,0.0,0.0,0.0,48,0.05408781269138631,30,25,5,0,0,0,0,0,0,0,0,1
1d1t,A,153,ASP,-3.5,111.1,-1.0,1,3,X,0.0,0.0,0.0,0.0,0.0,0.0,0.0,0.0,39,0.043363505002576956,43,25,18,0,0,0,0,0,0,0,0,1
1d1t,A,154,GLU,-3.5,138.4,-1.0,1,3,X,0.0,0.0,0.0,0.0,0.0,0.0,0.0,0.0,36,0.04289723075523742,32,21,11,0,0,0,0,0,0,0,0,1
1d1t,A,155,SER,-0.8,89.0,0.0,1,1,X,0.0,0.0,0.0,0.0,0.0,0.0,0.0,0.0,36,0.04429605349725603,39,27,12,0,0,0,0,0,0,0,0,1
1d1t,A,156,SER,-0.8,89.0,0.0,1,1,X,0.0,0.0,0.0,0.0,0.0,0.0,0.0,0.0,40,0.05222271570202816,26,23,3,0,0,0,0,0,0,0,0,1
1d1t,A,157,VAL,4.2,140.0,0.0,0,0,X,0.0,0.0,0.0,0.0,0.0,0.0,0.0,0.0,43,0.05129016720734909,30,28,2,0,0,0,0,0,0,0,0,1
1d1t,A,158,ALA,1.8,88.6,0.0,0,0,X,0.0,0.0,0.0,0.0,0.0,0.0,0.0,0.0,40,0.04662742473395372,33,26,7,0,0,0,0,0,0,0,0,1
1d1t,A,159,LYS,-3.9,168.6,1.0,2,0,X,0.0,0.0,0.0,0.0,0.0,0.0,0.0,0.0,25,0.040565859518539735,25,24,1,0,0,0,0,0,0,0,0,1
1d1t,A,160,ILE,4.5,166.7,0.0,0,0,X,0.0,0.0,0.0,0.0,0.0,0.0,0.0,0.0,36,0.04289723075523742,23,26,-3,0,0,0,0,0,0,0,0,1
1d1t,A,161,ASP,-3.5,111.1,-1.0,1,3,X,0.0,0.0,0.0,0.0,0.0,0.0,0.0,0.0,24,0.03357174580844668,22,13,9,0,0,0,0,0,0,0,0,1
1d1t,A,162,ASP,-3.5,111.1,-1.0,1,3,X,0.0,0.0,0.0,0.0,0.0,0.0,0.0,0.0,19,0.025645083603674543,19,16,3,0,0,0,0,0,0,0,0,1
1d1t,A,163,ALA,1.8,88.6,0.0,0,0,X,0.0,0.0,0.0,0.0,0.0,0.0,0.0,0.0,15,0.022381163872297785,9,17,-8,0,0,0,0,0,0,0,0,1
1d1t,A,164,ALA,1.8,88.6,0.0,0,0,X,0.0,0.0,0.0,0.0,0.0,0.0,0.0,0.0,26,0.03776821403450251,19,25,-6,0,0,0,0,0,0,0,0,1
1d1t,A,165,PRO,-1.6,112.7,0.0,0,0,X,0.0,0.0,0.0,0.0,0.0,0.0,0.0,0.0,24,0.03170664881908853,14,24,-10,0,0,0,0,0,0,0,0,1
1d1t,A,166,PRO,-1.6,112.7,0.0,0,0,X,0.0,0.0,0.0,0.0,0.0,0.0,0.0,0.0,36,0.04243095650789788,18,16,2,0,0,0,0,0,0,0,0,1
1d1t,A,167,GLU,-3.5,138.4,-1.0,1,3,X,0.0,0.0,0.0,0.0,0.0,0.0,0.0,0.0,28,0.04429605349725603,14,7,7,0,0,0,0,0,0,0,0,1
1d1t,A,168,LYS,-3.9,168.6,1.0,2,0,X,0.0,0.0,0.0,0.0,0.0,0.0,0.0,0.0,26,0.04289723075523742,2,25,-23,0,0,0,0,0,0,0,0,1
1d1t,A,169,VAL,4.2,140.0,0.0,0,0,X,0.0,0.0,0.0,0.0,0.0,0.0,0.0,0.0,41,0.05129016720734909,15,26,-11,0,0,0,0,0,0,0,0,1
1d1t,A,170,CYS,2.5,108.5,0.0,1,0,X,0.0,0.0,0.0,0.0,0.0,0.0,0.0,0.0,42,0.04942507021799094,22,18,4,0,0,0,0,0,0,0,0,1
1d1t,A,171,LEU,3.8,166.7,0.0,0,0,X,0.0,0.0,0.0,0.0,0.0,0.0,0.0,0.0,45,0.04989134446533048,22,21,1,0,0,0,0,0,0,0,0,1
1d1t,A,172,ILE,4.5,166.7,0.0,0,0,X,0.0,0.0,0.0,0.0,0.0,0.0,0.0,0.0,45,0.05035761871267001,12,18,-6,0,0,0,0,0,0,0,0,1
1d1t,A,173,GLY,-0.4,60.1,0.0,0,0,X,0.0,0.0,0.0,0.0,0.0,0.0,0.0,0.0,46,0.053155264196707235,18,10,8,0,0,0,0,0,0,0,0,1
1d1t,A,174,CYS,2.5,108.5,0.0,1,0,X,0.0,0.0,0.0,0.0,0.0,0.0,0.0,0.0,45,0.048026247475972325,20,13,7,0,0,0,0,0,0,0,0,1
1d1t,A,175,GLY,-0.4,60.1,0.0,0,0,X,0.0,0.0,0.0,0.0,0.0,0.0,0.0,0.0,43,0.04476232774459557,20,9,11,0,0,0,0,0,0,0,0,1
1d1t,A,176,PHE,2.8,189.9,0.0,0,0,X,0.0,0.0,0.0,0.0,0.0,0.0,0.0,0.0,41,0.05548663543340492,8,11,-3,0,0,0,0,0,0,0,0,1
1d1t,A,177,SER,-0.8,89.0,0.0,1,1,X,0.0,0.0,0.0,0.0,0.0,0.0,0.0,0.0,48,0.050823892960009553,10,12,-2,0,0,0,0,0,0,0,0,1
1d1t,A,178,THR,-0.7,116.1,0.0,1,1,X,0.0,0.0,0.0,0.0,0.0,0.0,0.0,0.0,48,0.0526889899493677,9,4,5,0,0,0,0,0,0,0,0,1
1d1t,A,179,GLY,-0.4,60.1,0.0,0,0,X,0.0,0.0,0.0,0.0,0.0,0.0,0.0,0.0,47,0.053621538444046775,8,3,5,0,0,0,0,0,0,0,0,1
1d1t,A,180,TYR,-1.3,193.6,0.0,1,1,X,0.0,0.0,0.0,0.0,0.0,0.0,0.0,0.0,40,0.0526889899493677,19,6,13,0,0,0,0,0,0,0,0,1
1d1t,A,181,GLY,-0.4,60.1,0.0,0,0,X,0.0,0.0,0.0,0.0,0.0,0.0,0.0,0.0,38,0.04989134446533048,17,3,14,0,0,0,0,0,0,0,0,1
1d1t,A,182,ALA,1.8,88.6,0.0,0,0,X,0.0,0.0,0.0,0.0,0.0,0.0,0.0,0.0,47,0.05688545817542354,22,3,19,0,0,0,0,0,0,0,0,1
1d1t,A,183,ALA,1.8,88.6,0.0,0,0,X,0.0,0.0,0.0,0.0,0.0,0.0,0.0,0.0,44,0.05502036118606539,29,0,29,0,0,0,0,0,0,0,0,1
1d1t,A,184,VAL,4.2,140.0,0.0,0,0,X,0.0,0.0,0.0,0.0,0.0,0.0,0.0,0.0,34,0.04476232774459557,26,2,24,0,0,0,0,0,0,0,0,1
1d1t,A,185,LYS,-3.9,168.6,1.0,2,0,X,0.0,0.0,0.0,0.0,0.0,0.0,0.0,0.0,30,0.030307826077069916,18,12,6,0,0,0,0,0,0,0,0,1
1d1t,A,186,THR,-0.7,116.1,0.0,1,1,X,0.0,0.0,0.0,0.0,0.0,0.0,0.0,0.0,37,0.03916703677652112,30,5,25,0,0,0,0,0,0,0,0,1
1d1t,A,187,GLY,-0.4,60.1,0.0,0,0,X,0.0,0.0,0.0,0.0,0.0,0.0,0.0,0.0,35,0.04196468226055834,34,0,34,0,0,0,0,0,0,0,0,1
1d1t,A,188,LYS,-3.9,168.6,1.0,2,0,X,0.0,0.0,0.0,0.0,0.0,0.0,0.0,0.0,21,0.03450429430312575,22,1,21,0,0,0,0,0,0,0,0,1
1d1t,A,189,VAL,4.2,140.0,0.0,0,0,X,0.0,0.0,0.0,0.0,0.0,0.0,0.0,0.0,36,0.043829779249916496,28,0,28,0,0,0,0,0,0,0,0,1
1d1t,A,190,LYS,-3.9,168.6,1.0,2,0,X,0.0,0.0,0.0,0.0,0.0,0.0,0.0,0.0,22,0.02984155182973038,7,6,1,0,0,0,0,0,0,0,0,1
1d1t,A,191,PRO,-1.6,112.7,0.0,0,0,X,0.0,0.0,0.0,0.0,0.0,0.0,0.0,0.0,17,0.025645083603674543,18,0,18,0,0,0,0,0,0,0,0,1
1d1t,A,192,GLY,-0.4,60.1,0.0,0,0,X,0.0,0.0,0.0,0.0,0.0,0.0,0.0,0.0,18,0.022847438119637322,17,0,17,0,0,0,0,0,0,0,0,1
1d1t,A,193,SER,-0.8,89.0,0.0,1,1,X,0.0,0.0,0.0,0.0,0.0,0.0,0.0,0.0,28,0.040099585271200194,23,0,23,0,0,0,0,0,0,0,0,1
1d1t,A,194,THR,-0.7,116.1,0.0,1,1,X,0.0,0.0,0.0,0.0,0.0,0.0,0.0,0.0,36,0.04616115048661418,19,2,17,0,0,0,0,0,0,0,0,1
1d1t,A,195,CYS,2.5,108.5,0.0,1,0,X,0.0,0.0,0.0,0.0,0.0,0.0,0.0,0.0,41,0.05175644145468863,17,3,14,0,0,0,0,0,0,0,0,1
1d1t,A,196,VAL,4.2,140.0,0.0,0,0,X,0.0,0.0,0.0,0.0,0.0,0.0,0.0,0.0,47,0.048958795970651406,9,13,-4,0,0,0,0,0,0,0,0,1
1d1t,A,197,VAL,4.2,140.0,0.0,0,0,X,0.0,0.0,0.0,0.0,0.0,0.0,0.0,0.0,45,0.053621538444046775,2,17,-15,0,0,0,0,0,0,0,0,1
1d1t,A,198,PHE,2.8,189.9,0.0,0,0,X,0.0,0.0,0.0,0.0,0.0,0.0,0.0,0.0,44,0.04709369898129325,5,27,-22,0,0,0,0,0,0,0,0,1
1d1t,A,199,GLY,-0.4,60.1,0.0,0,0,X,0.0,0.0,0.0,0.0,0.0,0.0,0.0,0.0,37,0.043363505002576956,10,17,-7,0,0,0,0,0,0,0,0,1
1d1t,A,200,LEU,3.8,166.7,0.0,0,0,X,0.0,0.0,0.0,0.0,0.0,0.0,0.0,0.0,39,0.04755997322863279,22,19,3,0,0,0,0,0,0,0,0,1
1d1t,A,201,GLY,-0.4,60.1,0.0,0,0,X,0.0,0.0,0.0,0.0,0.0,0.0,0.0,0.0,39,0.03730193978716297,36,8,28,0,0,0,0,0,0,0,0,1
1d1t,A,202,GLY,-0.4,60.1,0.0,0,0,X,0.0,0.0,0.0,0.0,0.0,0.0,0.0,0.0,42,0.04196468226055834,26,5,21,0,0,0,0,0,0,0,0,1
1d1t,A,203,VAL,4.2,140.0,0.0,0,0,X,0.0,0.0,0.0,0.0,0.0,0.0,0.0,0.0,43,0.04616115048661418,14,8,6,0,0,0,0,0,0,0,0,1
1d1t,A,204,GLY,-0.4,60.1,0.0,0,0,X,0.0,0.0,0.0,0.0,0.0,0.0,0.0,0.0,43,0.045694876239274644,11,7,4,0,0,0,0,0,0,0,0,1
1d1t,A,205,LEU,3.8,166.7,0.0,0,0,X,0.0,0.0,0.0,0.0,0.0,0.0,0.0,0.0,45,0.048958795970651406,24,5,19,0,0,0,0,0,0,0,0,1
1d1t,A,206,SER,-0.8,89.0,0.0,1,1,X,0.0,0.0,0.0,0.0,0.0,0.0,0.0,0.0,44,0.05035761871267001,9,3,6,0,0,0,0,0,0,0,0,1
1d1t,A,207,VAL,4.2,140.0,0.0,0,0,X,0.0,0.0,0.0,0.0,0.0,0.0,0.0,0.0,49,0.053155264196707235,6,4,2,0,0,0,0,0,0,0,0,1
1d1t,A,208,ILE,4.5,166.7,0.0,0,0,X,0.0,0.0,0.0,0.0,0.0,0.0,0.0,0.0,45,0.05129016720734909,16,2,14,0,0,0,0,0,0,0,0,1
1d1t,A,209,MET,1.9,162.9,0.0,0,0,X,0.0,0.0,0.0,0.0,0.0,0.0,0.0,0.0,40,0.04755997322863279,14,7,7,0,0,0,0,0,0,0,0,1
1d1t,A,210,GLY,-0.4,60.1,0.0,0,0,X,0.0,0.0,0.0,0.0,0.0,0.0,0.0,0.0,39,0.04989134446533048,18,0,18,0,0,0,0,0,0,0,0,1
1d1t,A,211,CYS,2.5,108.5,0.0,1,0,X,0.0,0.0,0.0,0.0,0.0,0.0,0.0,0.0,41,0.04942507021799094,24,0,24,0,0,0,0,0,0,0,0,1
1d1t,A,212,LYS,-3.9,168.6,1.0,2,0,X,0.0,0.0,0.0,0.0,0.0,0.0,0.0,0.0,29,0.034970568550465285,6,1,5,0,0,0,0,0,0,0,0,1
1d1t,A,213,SER,-0.8,89.0,0.0,1,1,X,0.0,0.0,0.0,0.0,0.0,0.0,0.0,0.0,30,0.02797645484037223,21,1,20,0,0,0,0,0,0,0,0,1
1d1t,A,214,ALA,1.8,88.6,0.0,0,0,X,0.0,0.0,0.0,0.0,0.0,0.0,0.0,0.0,27,0.03590311704514436,23,0,23,0,0,0,0,0,0,0,0,1
1d1t,A,215,GLY,-0.4,60.1,0.0,0,0,X,0.0,0.0,0.0,0.0,0.0,0.0,0.0,0.0,25,0.030307826077069916,21,0,21,0,0,0,0,0,0,0,0,1
1d1t,A,216,ALA,1.8,88.6,0.0,0,0,X,0.0,0.0,0.0,0.0,0.0,0.0,0.0,0.0,27,0.043829779249916496,22,0,22,0,0,0,0,0,0,0,0,1
1d1t,A,217,SER,-0.8,89.0,0.0,1,1,X,0.0,0.0,0.0,0.0,0.0,0.0,0.0,0.0,22,0.026577632098353617,21,2,19,0,0,0,0,0,0,0,0,1
1d1t,A,218,ARG,-4.5,173.4,1.0,5,0,X,0.0,0.0,0.0,0.0,0.0,0.0,0.0,0.0,27,0.03870076252918159,0,10,-10,0,0,0,0,0,0,0,0,1
1d1t,A,219,ILE,4.5,166.7,0.0,0,0,X,0.0,0.0,0.0,0.0,0.0,0.0,0.0,0.0,40,0.048958795970651406,18,9,9,0,0,0,0,0,0,0,0,1
1d1t,A,220,ILE,4.5,166.7,0.0,0,0,X,0.0,0.0,0.0,0.0,0.0,0.0,0.0,0.0,40,0.050823892960009553,11,10,1,0,0,0,0,0,0,0,0,1
1d1t,A,221,GLY,-0.4,60.1,0.0,0,0,X,0.0,0.0,0.0,0.0,0.0,0.0,0.0,0.0,41,0.056419183928083996,12,19,-7,0,0,0,0,0,0,0,0,1
1d1t,A,222,ILE,4.5,166.7,0.0,0,0,X,0.0,0.0,0.0,0.0,0.0,0.0,0.0,0.0,40,0.04942507021799094,9,25,-16,0,0,0,0,0,0,0,0,1
1d1t,A,223,ASP,-3.5,111.1,-1.0,1,3,X,0.0,0.0,0.0,0.0,0.0,0.0,0.0,0.0,31,0.048492521723311866,22,11,11,0,0,0,0,0,0,0,0,1
1d1t,A,224,LEU,3.8,166.7,0.0,0,0,X,0.0,0.0,0.0,0.0,0.0,0.0,0.0,0.0,19,0.03124037457174899,27,16,11,0,0,0,0,0,0,0,0,1
1d1t,A,225,ASN,-3.5,114.1,0.0,2,2,X,0.0,0.0,0.0,0.0,0.0,0.0,0.0,0.0,21,0.032639197313767604,18,17,1,0,0,0,0,0,0,0,0,1
1d1t,A,226,LYS,-3.9,168.6,1.0,2,0,X,0.0,0.0,0.0,0.0,0.0,0.0,0.0,0.0,16,0.03310547156110714,13,25,-12,0,0,0,0,0,0,0,0,1
1d1t,A,227,ASP,-3.5,111.1,-1.0,1,3,X,0.0,0.0,0.0,0.0,0.0,0.0,0.0,0.0,15,0.027510180593032695,24,16,8,0,0,0,0,0,0,0,0,1
1d1t,A,228,LYS,-3.9,168.6,1.0,2,0,X,0.0,0.0,0.0,0.0,0.0,0.0,0.0,0.0,31,0.04289723075523742,17,24,-7,0,0,0,0,0,0,0,0,1
1d1t,A,229,PHE,2.8,189.9,0.0,0,0,X,0.0,0.0,0.0,0.0,0.0,0.0,0.0,0.0,29,0.04243095650789788,24,34,-10,0,0,0,0,0,0,0,0,1
1d1t,A,230,GLU,-3.5,138.4,-1.0,1,3,X,0.0,0.0,0.0,0.0,0.0,0.0,0.0,0.0,16,0.027043906345693154,20,7,13,0,0,0,0,0,0,0,0,1
1d1t,A,231,LYS,-3.9,168.6,1.0,2,0,X,0.0,0.0,0.0,0.0,0.0,0.0,0.0,0.0,31,0.03683566553982344,12,18,-6,0,0,0,0,0,0,0,0,1
1d1t,A,232,ALA,1.8,88.6,0.0,0,0,X,0.0,0.0,0.0,0.0,0.0,0.0,0.0,0.0,35,0.04616115048661418,21,21,0,0,0,0,0,0,0,0,0,1
1d1t,A,233,MET,1.9,162.9,0.0,0,0,X,0.0,0.0,0.0,0.0,0.0,0.0,0.0,0.0,23,0.03450429430312575,13,18,-5,0,0,0,0,0,0,0,0,1
1d1t,A,234,ALA,1.8,88.6,0.0,0,0,X,0.0,0.0,0.0,0.0,0.0,0.0,0.0,0.0,19,0.027510180593032695,16,14,2,0,0,0,0,0,0,0,0,1
1d1t,A,235,VAL,4.2,140.0,0.0,0,0,X,0.0,0.0,0.0,0.0,0.0,0.0,0.0,0.0,35,0.03776821403450251,20,12,8,0,0,0,0,0,0,0,0,1
1d1t,A,236,GLY,-0.4,60.1,0.0,0,0,X,0.0,0.0,0.0,0.0,0.0,0.0,0.0,0.0,31,0.0363693912924839,20,7,13,0,0,0,0,0,0,0,0,1
1d1t,A,237,ALA,1.8,88.6,0.0,0,0,X,0.0,0.0,0.0,0.0,0.0,0.0,0.0,0.0,31,0.04289723075523742,23,13,10,0,0,0,0,0,0,0,0,1
1d1t,A,238,THR,-0.7,116.1,0.0,1,1,X,0.0,0.0,0.0,0.0,0.0,0.0,0.0,0.0,24,0.032172923066428064,15,9,6,0,0,0,0,0,0,0,0,1
1d1t,A,239,GLU,-3.5,138.4,-1.0,1,3,X,0.0,0.0,0.0,0.0,0.0,0.0,0.0,0.0,25,0.032639197313767604,11,1,10,0,0,0,0,0,0,0,0,1
1d1t,A,240,CYS,2.5,108.5,0.0,1,0,X,0.0,0.0,0.0,0.0,0.0,0.0,0.0,0.0,35,0.04196468226055834,18,27,-9,0,0,0,0,0,0,0,0,1
1d1t,A,241,ILE,4.5,166.7,0.0,0,0,X,0.0,0.0,0.0,0.0,0.0,0.0,0.0,0.0,30,0.03916703677652112,15,25,-10,0,0,0,0,0,0,0,0,1
1d1t,A,242,SER,-0.8,89.0,0.0,1,1,X,0.0,0.0,0.0,0.0,0.0,0.0,0.0,0.0,26,0.040099585271200194,19,18,1,0,0,0,0,0,0,0,0,1
1d1t,A,243,PRO,-1.6,112.7,0.0,0,0,X,0.0,0.0,0.0,0.0,0.0,0.0,0.0,0.0,26,0.03730193978716297,19,19,0,0,0,0,0,0,0,0,0,1
1d1t,A,244,LYS,-3.9,168.6,1.0,2,0,X,0.0,0.0,0.0,0.0,0.0,0.0,0.0,0.0,14,0.025178809356335007,7,12,-5,0,0,0,0,0,0,0,0,1
1d1t,A,245,ASP,-3.5,111.1,-1.0,1,3,X,0.0,0.0,0.0,0.0,0.0,0.0,0.0,0.0,16,0.022847438119637322,21,3,18,0,0,0,0,0,0,0,0,1
1d1t,A,246,SER,-0.8,89.0,0.0,1,1,X,0.0,0.0,0.0,0.0,0.0,0.0,0.0,0.0,15,0.023779986614316396,18,18,0,0,0,0,0,0,0,0,0,1
1d1t,A,247,THR,-0.7,116.1,0.0,1,1,X,0.0,0.0,0.0,0.0,0.0,0.0,0.0,0.0,10,0.01958351838826056,16,10,6,0,0,0,0,0,0,0,0,1
1d1t,A,248,LYS,-3.9,168.6,1.0,2,0,X,0.0,0.0,0.0,0.0,0.0,0.0,0.0,0.0,16,0.025178809356335007,4,21,-17,0,0,0,0,0,0,0,0,1
1d1t,A,249,PRO,-1.6,112.7,0.0,0,0,X,0.0,0.0,0.0,0.0,0.0,0.0,0.0,0.0,15,0.02797645484037223,10,22,-12,0,0,0,0,0,0,0,0,1
1d1t,A,250,ILE,4.5,166.7,0.0,0,0,X,0.0,0.0,0.0,0.0,0.0,0.0,0.0,0.0,32,0.04103213376587927,11,29,-18,0,0,0,0,0,0,0,0,1
1d1t,A,251,SER,-0.8,89.0,0.0,1,1,X,0.0,0.0,0.0,0.0,0.0,0.0,0.0,0.0,29,0.040565859518539735,15,25,-10,0,0,0,0,0,0,0,0,1
1d1t,A,252,GLU,-3.5,138.4,-1.0,1,3,X,0.0,0.0,0.0,0.0,0.0,0.0,0.0,0.0,15,0.03450429430312575,9,11,-2,0,0,0,0,0,0,0,0,1
1d1t,A,253,VAL,4.2,140.0,0.0,0,0,X,0.0,0.0,0.0,0.0,0.0,0.0,0.0,0.0,28,0.03776821403450251,11,26,-15,0,0,0,0,0,0,0,0,1
1d1t,A,254,LEU,3.8,166.7,0.0,0,0,X,0.0,0.0,0.0,0.0,0.0,0.0,0.0,0.0,38,0.04289723075523742,11,25,-14,0,0,0,0,0,0,0,0,1
1d1t,A,255,SER,-0.8,89.0,0.0,1,1,X,0.0,0.0,0.0,0.0,0.0,0.0,0.0,0.0,28,0.04196468226055834,15,18,-3,0,0,0,0,0,0,0,0,1
1d1t,A,256,GLU,-3.5,138.4,-1.0,1,3,X,0.0,0.0,0.0,0.0,0.0,0.0,0.0,0.0,17,0.030307826077069916,11,9,2,0,0,0,0,0,0,0,0,1
1d1t,A,257,MET,1.9,162.9,0.0,0,0,X,0.0,0.0,0.0,0.0,0.0,0.0,0.0,0.0,26,0.030307826077069916,9,23,-14,0,0,0,0,0,0,0,0,1
1d1t,A,258,THR,-0.7,116.1,0.0,1,1,X,0.0,0.0,0.0,0.0,0.0,0.0,0.0,0.0,26,0.03450429430312575,16,15,1,0,0,0,0,0,0,0,0,1
1d1t,A,259,GLY,-0.4,60.1,0.0,0,0,X,0.0,0.0,0.0,0.0,0.0,0.0,0.0,0.0,22,0.025645083603674543,13,11,2,0,0,0,0,0,0,0,0,1
1d1t,A,260,ASN,-3.5,114.1,0.0,2,2,X,0.0,0.0,0.0,0.0,0.0,0.0,0.0,0.0,28,0.03590311704514436,12,10,2,0,0,0,0,0,0,0,0,1
1d1t,A,261,ASN,-3.5,114.1,0.0,2,2,X,0.0,0.0,0.0,0.0,0.0,0.0,0.0,0.0,29,0.03776821403450251,21,4,17,0,0,0,0,0,0,0,0,1
1d1t,A,262,VAL,4.2,140.0,0.0,0,0,X,0.0,0.0,0.0,0.0,0.0,0.0,0.0,0.0,42,0.05408781269138631,26,5,21,0,0,0,0,0,0,0,0,1
1d1t,A,263,GLY,-0.4,60.1,0.0,0,0,X,0.0,0.0,0.0,0.0,0.0,0.0,0.0,0.0,35,0.04755997322863279,30,3,27,0,0,0,0,0,0,0,0,1
1d1t,A,264,TYR,-1.3,193.6,0.0,1,1,X,0.0,0.0,0.0,0.0,0.0,0.0,0.0,0.0,40,0.05035761871267001,26,1,25,0,0,0,0,0,0,0,0,1
1d1t,A,265,THR,-0.7,116.1,0.0,1,1,X,0.0,0.0,0.0,0.0,0.0,0.0,0.0,0.0,43,0.056419183928083996,16,13,3,0,0,0,0,0,0,0,0,1
1d1t,A,266,PHE,2.8,189.9,0.0,0,0,X,0.0,0.0,0.0,0.0,0.0,0.0,0.0,0.0,52,0.05129016720734909,6,8,-2,0,0,0,0,0,0,0,0,1
1d1t,A,267,GLU,-3.5,138.4,-1.0,1,3,X,0.0,0.0,0.0,0.0,0.0,0.0,0.0,0.0,38,0.05595290968074446,12,12,0,0,0,0,0,0,0,0,0,1
1d1t,A,268,VAL,4.2,140.0,0.0,0,0,X,0.0,0.0,0.0,0.0,0.0,0.0,0.0,0.0,37,0.04429605349725603,10,15,-5,0,0,0,0,0,0,0,0,1
1d1t,A,269,ILE,4.5,166.7,0.0,0,0,X,0.0,0.0,0.0,0.0,0.0,0.0,0.0,0.0,30,0.03916703677652112,22,22,0,0,0,0,0,0,0,0,0,1
1d1t,A,270,GLY,-0.4,60.1,0.0,0,0,X,0.0,0.0,0.0,0.0,0.0,0.0,0.0,0.0,27,0.04196468226055834,25,18,7,0,0,0,0,0,0,0,0,1
1d1t,A,271,HIS,-3.2,153.2,0.1,2,1,X,0.0,0.0,0.0,0.0,0.0,0.0,0.0,0.0,23,0.0363693912924839,8,21,-13,0,0,0,0,0,0,0,0,1
1d1t,A,272,LEU,3.8,166.7,0.0,0,0,X,0.0,0.0,0.0,0.0,0.0,0.0,0.0,0.0,26,0.04289723075523742,18,20,-2,0,0,0,0,0,0,0,0,1
1d1t,A,273,GLU,-3.5,138.4,-1.0,1,3,X,0.0,0.0,0.0,0.0,0.0,0.0,0.0,0.0,18,0.030307826077069916,12,13,-1,0,0,0,0,0,0,0,0,1
1d1t,A,274,THR,-0.7,116.1,0.0,1,1,X,0.0,0.0,0.0,0.0,0.0,0.0,0.0,0.0,32,0.04149840801321881,10,26,-16,0,0,0,0,0,0,0,0,1
1d1t,A,275,MET,1.9,162.9,0.0,0,0,X,0.0,0.0,0.0,0.0,0.0,0.0,0.0,0.0,34,0.05222271570202816,13,26,-13,0,0,0,0,0,0,0,0,1
1d1t,A,276,ILE,4.5,166.7,0.0,0,0,X,0.0,0.0,0.0,0.0,0.0,0.0,0.0,0.0,28,0.04429605349725603,10,29,-19,0,0,0,0,0,0,0,0,1
1d1t,A,277,ASP,-3.5,111.1,-1.0,1,3,X,0.0,0.0,0.0,0.0,0.0,0.0,0.0,0.0,31,0.040099585271200194,8,16,-8,0,0,0,0,0,0,0,0,1
1d1t,A,278,ALA,1.8,88.6,0.0,0,0,X,0.0,0.0,0.0,0.0,0.0,0.0,0.0,0.0,40,0.05502036118606539,12,22,-10,0,0,0,0,0,0,0,0,1
1d1t,A,279,LEU,3.8,166.7,0.0,0,0,X,0.0,0.0,0.0,0.0,0.0,0.0,0.0,0.0,41,0.050823892960009553,18,19,-1,0,0,0,0,0,0,0,0,1
1d1t,A,280,ALA,1.8,88.6,0.0,0,0,X,0.0,0.0,0.0,0.0,0.0,0.0,0.0,0.0,35,0.03916703677652112,16,23,-7,0,0,0,0,0,0,0,0,1
1d1t,A,281,SER,-0.8,89.0,0.0,1,1,X,0.0,0.0,0.0,0.0,0.0,0.0,0.0,0.0,40,0.048492521723311866,15,16,-1,0,0,0,0,0,0,0,0,1
1d1t,A,282,CYS,2.5,108.5,0.0,1,0,X,0.0,0.0,0.0,0.0,0.0,0.0,0.0,0.0,39,0.05175644145468863,21,5,16,0,0,0,0,0,0,0,0,1
1d1t,A,283,HIS,-3.2,153.2,0.1,2,1,X,0.0,0.0,0.0,0.0,0.0,0.0,0.0,0.0,38,0.048492521723311866,11,3,8,0,0,0,0,0,0,0,0,1
1d1t,A,284,MET,1.9,162.9,0.0,0,0,X,0.0,0.0,0.0,0.0,0.0,0.0,0.0,0.0,32,0.048026247475972325,21,0,21,0,0,0,0,0,0,0,0,1
1d1t,A,285,ASN,-3.5,114.1,0.0,2,2,X,0.0,0.0,0.0,0.0,0.0,0.0,0.0,0.0,40,0.04709369898129325,26,7,19,0,0,0,0,0,0,0,0,1
1d1t,A,286,TYR,-1.3,193.6,0.0,1,1,X,0.0,0.0,0.0,0.0,0.0,0.0,0.0,0.0,33,0.04662742473395372,30,8,22,0,0,0,0,0,0,0,0,1
1d1t,A,287,GLY,-0.4,60.1,0.0,0,0,X,0.0,0.0,0.0,0.0,0.0,0.0,0.0,0.0,34,0.05129016720734909,33,7,26,0,0,0,0,0,0,0,0,1
1d1t,A,288,THR,-0.7,116.1,0.0,1,1,X,0.0,0.0,0.0,0.0,0.0,0.0,0.0,0.0,38,0.05035761871267001,41,2,39,0,0,0,0,0,0,0,0,1
1d1t,A,289,SER,-0.8,89.0,0.0,1,1,X,0.0,0.0,0.0,0.0,0.0,0.0,0.0,0.0,38,0.05548663543340492,28,12,16,0,0,0,0,0,0,0,0,1
1d1t,A,290,VAL,4.2,140.0,0.0,0,0,X,0.0,0.0,0.0,0.0,0.0,0.0,0.0,0.0,46,0.04989134446533048,15,9,6,0,0,0,0,0,0,0,0,1
1d1t,A,291,VAL,4.2,140.0,0.0,0,0,X,0.0,0.0,0.0,0.0,0.0,0.0,0.0,0.0,42,0.05035761871267001,15,9,6,0,0,0,0,0,0,0,0,1
1d1t,A,292,VAL,4.2,140.0,0.0,0,0,X,0.0,0.0,0.0,0.0,0.0,0.0,0.0,0.0,44,0.048492521723311866,8,9,-1,0,0,0,0,0,0,0,0,1
1d1t,A,293,GLY,-0.4,60.1,0.0,0,0,X,0.0,0.0,0.0,0.0,0.0,0.0,0.0,0.0,38,0.04149840801321881,19,9,10,0,0,0,0,0,0,0,0,1
1d1t,A,294,VAL,4.2,140.0,0.0,0,0,X,0.0,0.0,0.0,0.0,0.0,0.0,0.0,0.0,30,0.03590311704514436,24,9,15,0,0,0,0,0,0,0,0,1
1d1t,A,295,PRO,-1.6,112.7,0.0,0,0,X,0.0,0.0,0.0,0.0,0.0,0.0,0.0,0.0,32,0.04243095650789788,22,14,8,0,0,0,0,0,0,0,0,1
1d1t,A,296,PRO,-1.6,112.7,0.0,0,0,X,0.0,0.0,0.0,0.0,0.0,0.0,0.0,0.0,24,0.034970568550465285,28,7,21,0,0,0,0,0,0,0,0,1
1d1t,A,297,SER,-0.8,89.0,0.0,1,1,X,0.0,0.0,0.0,0.0,0.0,0.0,0.0,0.0,18,0.029375277582390842,18,3,15,0,0,0,0,0,0,0,0,1
1d1t,A,298,ALA,1.8,88.6,0.0,0,0,X,0.0,0.0,0.0,0.0,0.0,0.0,0.0,0.0,15,0.018650969893581486,9,8,1,0,0,0,0,0,0,0,0,1
1d1t,A,299,LYS,-3.9,168.6,1.0,2,0,X,0.0,0.0,0.0,0.0,0.0,0.0,0.0,0.0,17,0.02844272908771177,2,11,-9,0,0,0,0,0,0,0,0,1
1d1t,A,300,MET,1.9,162.9,0.0,0,0,X,0.0,0.0,0.0,0.0,0.0,0.0,0.0,0.0,14,0.03357174580844668,9,8,1,0,0,0,0,0,0,0,0,1
1d1t,A,301,LEU,3.8,166.7,0.0,0,0,X,0.0,0.0,0.0,0.0,0.0,0.0,0.0,0.0,22,0.040099585271200194,10,22,-12,0,0,0,0,0,0,0,0,1
1d1t,A,302,THR,-0.7,116.1,0.0,1,1,X,0.0,0.0,0.0,0.0,0.0,0.0,0.0,0.0,12,0.034970568550465285,6,18,-12,0,0,0,0,0,0,0,0,1
1d1t,A,303,TYR,-1.3,193.6,0.0,1,1,X,0.0,0.0,0.0,0.0,0.0,0.0,0.0,0.0,19,0.040565859518539735,7,10,-3,0,0,0,0,0,0,0,0,1
1d1t,A,304,ASP,-3.5,111.1,-1.0,1,3,X,0.0,0.0,0.0,0.0,0.0,0.0,0.0,0.0,22,0.035436842797804825,11,0,11,0,0,0,0,0,0,0,0,1
1d1t,A,305,PRO,-1.6,112.7,0.0,0,0,X,0.0,0.0,0.0,0.0,0.0,0.0,0.0,0.0,27,0.048492521723311866,11,8,3,0,0,0,0,0,0,0,0,1
1d1t,A,306,MET,1.9,162.9,0.0,0,0,X,0.0,0.0,0.0,0.0,0.0,0.0,0.0,0.0,30,0.03450429430312575,13,8,5,0,0,0,0,0,0,0,0,1
1d1t,A,307,LEU,3.8,166.7,0.0,0,0,X,0.0,0.0,0.0,0.0,0.0,0.0,0.0,0.0,33,0.04476232774459557,16,12,4,0,0,0,0,0,0,0,0,1
1d1t,A,308,LEU,3.8,166.7,0.0,0,0,X,0.0,0.0,0.0,0.0,0.0,0.0,0.0,0.0,30,0.05502036118606539,22,8,14,0,0,0,0,0,0,0,0,1
1d1t,A,309,PHE,2.8,189.9,0.0,0,0,X,0.0,0.0,0.0,0.0,0.0,0.0,0.0,0.0,33,0.04942507021799094,13,7,6,0,0,0,0,0,0,0,0,1
1d1t,A,310,THR,-0.7,116.1,0.0,1,1,X,0.0,0.0,0.0,0.0,0.0,0.0,0.0,0.0,34,0.04662742473395372,25,5,20,0,0,0,0,0,0,0,0,1
1d1t,A,311,GLY,-0.4,60.1,0.0,0,0,X,0.0,0.0,0.0,0.0,0.0,0.0,0.0,0.0,34,0.05408781269138631,30,4,26,0,0,0,0,0,0,0,0,1
1d1t,A,312,ARG,-4.5,173.4,1.0,5,0,X,0.0,0.0,0.0,0.0,0.0,0.0,0.0,0.0,36,0.056419183928083996,17,3,14,0,0,0,0,0,0,0,0,1
1d1t,A,313,THR,-0.7,116.1,0.0,1,1,X,0.0,0.0,0.0,0.0,0.0,0.0,0.0,0.0,29,0.04709369898129325,35,2,33,0,0,0,0,0,0,0,0,1
1d1t,A,314,TRP,-0.9,227.8,0.0,1,0,X,0.0,0.0,0.0,0.0,0.0,0.0,0.0,0.0,30,0.05222271570202816,29,7,22,0,0,0,0,0,0,0,0,1
1d1t,A,315,LYS,-3.9,168.6,1.0,2,0,X,0.0,0.0,0.0,0.0,0.0,0.0,0.0,0.0,30,0.048492521723311866,18,0,18,0,0,0,0,0,0,0,0,1
1d1t,A,316,GLY,-0.4,60.1,0.0,0,0,X,0.0,0.0,0.0,0.0,0.0,0.0,0.0,0.0,42,0.048492521723311866,19,5,14,0,0,0,0,0,0,0,0,1
1d1t,A,317,CYS,2.5,108.5,0.0,1,0,X,0.0,0.0,0.0,0.0,0.0,0.0,0.0,0.0,43,0.04989134446533048,18,6,12,0,0,0,0,0,0,0,0,1
1d1t,A,318,VAL,4.2,140.0,0.0,0,0,X,0.0,0.0,0.0,0.0,0.0,0.0,0.0,0.0,40,0.04429605349725603,6,1,5,0,0,0,0,0,0,0,0,1
1d1t,A,319,PHE,2.8,189.9,0.0,0,0,X,0.0,0.0,0.0,0.0,0.0,0.0,0.0,0.0,41,0.045694876239274644,15,10,5,0,0,0,0,0,0,0,0,1
1d1t,A,320,GLY,-0.4,60.1,0.0,0,0,X,0.0,0.0,0.0,0.0,0.0,0.0,0.0,0.0,43,0.05035761871267001,16,4,12,0,0,0,0,0,0,0,0,1
1d1t,A,321,GLY,-0.4,60.1,0.0,0,0,X,0.0,0.0,0.0,0.0,0.0,0.0,0.0,0.0,41,0.04709369898129325,23,13,10,0,0,0,0,0,0,0,0,1
1d1t,A,322,LEU,3.8,166.7,0.0,0,0,X,0.0,0.0,0.0,0.0,0.0,0.0,0.0,0.0,38,0.043829779249916496,29,17,12,0,0,0,0,0,0,0,0,1
1d1t,A,323,LYS,-3.9,168.6,1.0,2,0,X,0.0,0.0,0.0,0.0,0.0,0.0,0.0,0.0,32,0.04942507021799094,30,21,9,0,0,0,0,0,0,0,0,1
1d1t,A,324,SER,-0.8,89.0,0.0,1,1,X,0.0,0.0,0.0,0.0,0.0,0.0,0.0,0.0,39,0.05175644145468863,37,17,20,0,0,0,0,0,0,0,0,1
1d1t,A,325,ARG,-4.5,173.4,1.0,5,0,X,0.0,0.0,0.0,0.0,0.0,0.0,0.0,0.0,28,0.04616115048661418,24,28,-4,0,0,0,0,0,0,0,0,1
1d1t,A,326,ASP,-3.5,111.1,-1.0,1,3,X,0.0,0.0,0.0,0.0,0.0,0.0,0.0,0.0,24,0.034970568550465285,42,8,34,0,0,0,0,0,0,0,0,1
1d1t,A,327,ASP,-3.5,111.1,-1.0,1,3,X,0.0,0.0,0.0,0.0,0.0,0.0,0.0,0.0,29,0.040565859518539735,33,14,19,0,0,0,0,0,0,0,0,1
1d1t,A,328,VAL,4.2,140.0,0.0,0,0,X,0.0,0.0,0.0,0.0,0.0,0.0,0.0,0.0,38,0.04942507021799094,28,24,4,0,0,0,0,0,0,0,0,1
1d1t,A,329,PRO,-1.6,112.7,0.0,0,0,X,0.0,0.0,0.0,0.0,0.0,0.0,0.0,0.0,31,0.040565859518539735,29,33,-4,0,0,0,0,0,0,0,0,1
1d1t,A,330,LYS,-3.9,168.6,1.0,2,0,X,0.0,0.0,0.0,0.0,0.0,0.0,0.0,0.0,24,0.032639197313767604,16,26,-10,0,0,0,0,0,0,0,0,1
1d1t,A,331,LEU,3.8,166.7,0.0,0,0,X,0.0,0.0,0.0,0.0,0.0,0.0,0.0,0.0,32,0.04476232774459557,21,20,1,0,0,0,0,0,0,0,0,1
1d1t,A,332,VAL,4.2,140.0,0.0,0,0,X,0.0,0.0,0.0,0.0,0.0,0.0,0.0,0.0,36,0.053621538444046775,23,28,-5,0,0,0,0,0,0,0,0,1
1d1t,A,333,THR,-0.7,116.1,0.0,1,1,X,0.0,0.0,0.0,0.0,0.0,0.0,0.0,0.0,23,0.03683566553982344,20,22,-2,0,0,0,0,0,0,0,0,1
1d1t,A,334,GLU,-3.5,138.4,-1.0,1,3,X,0.0,0.0,0.0,0.0,0.0,0.0,0.0,0.0,21,0.040099585271200194,24,5,19,0,0,0,0,0,0,0,0,1
1d1t,A,335,PHE,2.8,189.9,0.0,0,0,X,0.0,0.0,0.0,0.0,0.0,0.0,0.0,0.0,30,0.04616115048661418,30,28,2,0,0,0,0,0,0,0,0,1
1d1t,A,336,LEU,3.8,166.7,0.0,0,0,X,0.0,0.0,0.0,0.0,0.0,0.0,0.0,0.0,22,0.035436842797804825,22,19,3,0,0,0,0,0,0,0,0,1
1d1t,A,337,ALA,1.8,88.6,0.0,0,0,X,0.0,0.0,0.0,0.0,0.0,0.0,0.0,0.0,11,0.027043906345693154,20,11,9,0,0,0,0,0,0,0,0,1
1d1t,A,338,LYS,-3.9,168.6,1.0,2,0,X,0.0,0.0,0.0,0.0,0.0,0.0,0.0,0.0,11,0.02984155182973038,9,14,-5,0,0,0,0,0,0,0,0,1
1d1t,A,339,LYS,-3.9,168.6,1.0,2,0,X,0.0,0.0,0.0,0.0,0.0,0.0,0.0,0.0,15,0.02844272908771177,10,13,-3,0,0,0,0,0,0,0,0,1
1d1t,A,340,PHE,2.8,189.9,0.0,0,0,X,0.0,0.0,0.0,0.0,0.0,0.0,0.0,0.0,27,0.03683566553982344,23,20,3,0,0,0,0,0,0,0,0,1
1d1t,A,341,ASP,-3.5,111.1,-1.0,1,3,X,0.0,0.0,0.0,0.0,0.0,0.0,0.0,0.0,21,0.03310547156110714,26,9,17,0,0,0,0,0,0,0,0,1
1d1t,A,342,LEU,3.8,166.7,0.0,0,0,X,0.0,0.0,0.0,0.0,0.0,0.0,0.0,0.0,35,0.04243095650789788,23,25,-2,0,0,0,0,0,0,0,0,1
1d1t,A,343,ASP,-3.5,111.1,-1.0,1,3,X,0.0,0.0,0.0,0.0,0.0,0.0,0.0,0.0,20,0.032172923066428064,16,15,1,0,0,0,0,0,0,0,0,1
1d1t,A,344,GLN,-3.5,143.8,0.0,2,2,X,0.0,0.0,0.0,0.0,0.0,0.0,0.0,0.0,23,0.03450429430312575,15,19,-4,0,0,0,0,0,0,0,0,1
1d1t,A,345,LEU,3.8,166.7,0.0,0,0,X,0.0,0.0,0.0,0.0,0.0,0.0,0.0,0.0,36,0.04429605349725603,29,20,9,0,0,0,0,0,0,0,0,1
1d1t,A,346,ILE,4.5,166.7,0.0,0,0,X,0.0,0.0,0.0,0.0,0.0,0.0,0.0,0.0,28,0.04243095650789788,33,24,9,0,0,0,0,0,0,0,0,1
1d1t,A,347,THR,-0.7,116.1,0.0,1,1,X,0.0,0.0,0.0,0.0,0.0,0.0,0.0,0.0,23,0.035436842797804825,23,5,18,0,0,0,0,0,0,0,0,1
1d1t,A,348,HIS,-3.2,153.2,0.1,2,1,X,0.0,0.0,0.0,0.0,0.0,0.0,0.0,0.0,24,0.03450429430312575,11,10,1,0,0,0,0,0,0,0,0,1
1d1t,A,349,VAL,4.2,140.0,0.0,0,0,X,0.0,0.0,0.0,0.0,0.0,0.0,0.0,0.0,25,0.03357174580844668,22,10,12,0,0,0,0,0,0,0,0,1
1d1t,A,350,LEU,3.8,166.7,0.0,0,0,X,0.0,0.0,0.0,0.0,0.0,0.0,0.0,0.0,22,0.03683566553982344,30,9,21,0,0,0,0,0,0,0,0,1
1d1t,A,351,PRO,-1.6,112.7,0.0,0,0,X,0.0,0.0,0.0,0.0,0.0,0.0,0.0,0.0,20,0.03450429430312575,21,5,16,0,0,0,0,0,0,0,0,1
1d1t,A,352,PHE,2.8,189.9,0.0,0,0,X,0.0,0.0,0.0,0.0,0.0,0.0,0.0,0.0,33,0.040565859518539735,26,12,14,0,0,0,0,0,0,0,0,1
1d1t,A,353,LYS,-3.9,168.6,1.0,2,0,X,0.0,0.0,0.0,0.0,0.0,0.0,0.0,0.0,16,0.02984155182973038,14,6,8,0,0,0,0,0,0,0,0,1
1d1t,A,354,LYS,-3.9,168.6,1.0,2,0,X,0.0,0.0,0.0,0.0,0.0,0.0,0.0,0.0,19,0.03590311704514436,10,11,-1,0,0,0,0,0,0,0,0,1
1d1t,A,355,ILE,4.5,166.7,0.0,0,0,X,0.0,0.0,0.0,0.0,0.0,0.0,0.0,0.0,34,0.04616115048661418,16,15,1,0,0,0,0,0,0,0,0,1
1d1t,A,356,SER,-0.8,89.0,0.0,1,1,X,0.0,0.0,0.0,0.0,0.0,0.0,0.0,0.0,25,0.03357174580844668,13,19,-6,0,0,0,0,0,0,0,0,1
1d1t,A,357,GLU,-3.5,138.4,-1.0,1,3,X,0.0,0.0,0.0,0.0,0.0,0.0,0.0,0.0,22,0.032172923066428064,20,9,11,0,0,0,0,0,0,0,0,1
1d1t,A,358,GLY,-0.4,60.1,0.0,0,0,X,0.0,0.0,0.0,0.0,0.0,0.0,0.0,0.0,34,0.05129016720734909,25,21,4,0,0,0,0,0,0,0,0,1
1d1t,A,359,PHE,2.8,189.9,0.0,0,0,X,0.0,0.0,0.0,0.0,0.0,0.0,0.0,0.0,35,0.043829779249916496,21,33,-12,0,0,0,0,0,0,0,0,1
1d1t,A,360,GLU,-3.5,138.4,-1.0,1,3,X,0.0,0.0,0.0,0.0,0.0,0.0,0.0,0.0,19,0.03450429430312575,6,10,-4,0,0,0,0,0,0,0,0,1
1d1t,A,361,LEU,3.8,166.7,0.0,0,0,X,0.0,0.0,0.0,0.0,0.0,0.0,0.0,0.0,24,0.04196468226055834,20,18,2,0,0,0,0,0,0,0,0,1
1d1t,A,362,LEU,3.8,166.7,0.0,0,0,X,0.0,0.0,0.0,0.0,0.0,0.0,0.0,0.0,31,0.04616115048661418,32,25,7,0,0,0,0,0,0,0,0,1
1d1t,A,363,ASN,-3.5,114.1,0.0,2,2,X,0.0,0.0,0.0,0.0,0.0,0.0,0.0,0.0,22,0.02984155182973038,20,20,0,0,0,0,0,0,0,0,0,1
1d1t,A,364,SER,-0.8,89.0,0.0,1,1,X,0.0,0.0,0.0,0.0,0.0,0.0,0.0,0.0,19,0.02844272908771177,11,17,-6,0,0,0,0,0,0,0,0,1
1d1t,A,365,GLY,-0.4,60.1,0.0,0,0,X,0.0,0.0,0.0,0.0,0.0,0.0,0.0,0.0,24,0.032639197313767604,21,19,2,0,0,0,0,0,0,0,0,1
1d1t,A,366,GLN,-3.5,143.8,0.0,2,2,X,0.0,0.0,0.0,0.0,0.0,0.0,0.0,0.0,17,0.032172923066428064,13,22,-9,0,0,0,0,0,0,0,0,1
1d1t,A,367,SER,-0.8,89.0,0.0,1,1,X,0.0,0.0,0.0,0.0,0.0,0.0,0.0,0.0,31,0.03916703677652112,36,13,23,0,0,0,0,0,0,0,0,1
1d1t,A,368,ILE,4.5,166.7,0.0,0,0,X,0.0,0.0,0.0,0.0,0.0,0.0,0.0,0.0,38,0.04429605349725603,41,6,35,0,0,0,0,0,0,0,0,1
1d1t,A,369,ARG,-4.5,173.4,1.0,5,0,X,0.0,0.0,0.0,0.0,0.0,0.0,0.0,0.0,42,0.048958795970651406,18,14,4,0,0,0,0,0,0,0,0,1
1d1t,A,370,THR,-0.7,116.1,0.0,1,1,X,0.0,0.0,0.0,0.0,0.0,0.0,0.0,0.0,37,0.05222271570202816,26,19,7,0,0,0,0,0,0,0,0,1
1d1t,A,371,VAL,4.2,140.0,0.0,0,0,X,0.0,0.0,0.0,0.0,0.0,0.0,0.0,0.0,38,0.04755997322863279,28,18,10,0,0,0,0,0,0,0,0,1
1d1t,A,372,LEU,3.8,166.7,0.0,0,0,X,0.0,0.0,0.0,0.0,0.0,0.0,0.0,0.0,38,0.053155264196707235,24,16,8,0,0,0,0,0,0,0,0,1
1d1t,A,373,THR,-0.7,116.1,0.0,1,1,X,0.0,0.0,0.0,0.0,0.0,0.0,0.0,0.0,25,0.03916703677652112,16,11,5,0,0,0,0,0,0,0,0,1
1d1t,A,374,PHE,2.8,189.9,0.0,0,0,X,0.0,0.0,0.0,0.0,0.0,0.0,0.0,0.0,27,0.03310547156110714,25,10,15,0,0,0,0,0,0,0,0,1
1d1t,B,1,GLY,-0.4,60.1,0.0,0,0,X,0.0,0.0,0.0,0.0,0.0,0.0,0.0,0.0,9,0.012123130430827966,13,7,6,0,0,0,0,0,0,0,0,1
1d1t,B,2,THR,-0.7,116.1,0.0,1,1,X,0.0,0.0,0.0,0.0,0.0,0.0,0.0,0.0,17,0.02611135785101408,23,9,14,0,0,0,0,0,0,0,0,1
1d1t,B,3,ALA,1.8,88.6,0.0,0,0,X,0.0,0.0,0.0,0.0,0.0,0.0,0.0,0.0,17,0.02984155182973038,19,9,10,0,0,0,0,0,0,0,0,1
1d1t,B,4,GLY,-0.4,60.1,0.0,0,0,X,0.0,0.0,0.0,0.0,0.0,0.0,0.0,0.0,16,0.02611135785101408,18,6,12,0,0,0,0,0,0,0,0,1
1d1t,B,5,LYS,-3.9,168.6,1.0,2,0,X,0.0,0.0,0.0,0.0,0.0,0.0,0.0,0.0,14,0.03124037457174899,7,4,3,0,0,0,0,0,0,0,0,1
1d1t,B,6,VAL,4.2,140.0,0.0,0,0,X,0.0,0.0,0.0,0.0,0.0,0.0,0.0,0.0,21,0.03450429430312575,30,12,18,0,0,0,0,0,0,0,0,1
1d1t,B,7,ILE,4.5,166.7,0.0,0,0,X,0.0,0.0,0.0,0.0,0.0,0.0,0.0,0.0,29,0.040099585271200194,36,27,9,0,0,0,0,0,0,0,0,1
1d1t,B,8,LYS,-3.9,168.6,1.0,2,0,X,0.0,0.0,0.0,0.0,0.0,0.0,0.0,0.0,16,0.03357174580844668,13,23,-10,0,0,0,0,0,0,0,0,1
1d1t,B,9,CYS,2.5,108.5,0.0,1,0,X,0.0,0.0,0.0,0.0,0.0,0.0,0.0,0.0,29,0.03916703677652112,21,33,-12,0,0,0,0,0,0,0,0,1
1d1t,B,10,LYS,-3.9,168.6,1.0,2,0,X,0.0,0.0,0.0,0.0,0.0,0.0,0.0,0.0,22,0.04149840801321881,13,29,-16,0,0,0,0,0,0,0,0,1
1d1t,B,11,ALA,1.8,88.6,0.0,0,0,X,0.0,0.0,0.0,0.0,0.0,0.0,0.0,0.0,34,0.04616115048661418,16,31,-15,0,0,0,0,0,0,0,0,1
1d1t,B,12,ALA,1.8,88.6,0.0,0,0,X,0.0,0.0,0.0,0.0,0.0,0.0,0.0,0.0,38,0.048492521723311866,12,17,-5,0,0,0,0,0,0,0,0,1
1d1t,B,13,VAL,4.2,140.0,0.0,0,0,X,0.0,0.0,0.0,0.0,0.0,0.0,0.0,0.0,35,0.05222271570202816,14,17,-3,0,0,0,0,0,0,0,0,1
1d1t,B,14,LEU,3.8,166.7,0.0,0,0,X,0.0,0.0,0.0,0.0,0.0,0.0,0.0,0.0,34,0.05502036118606539,17,21,-4,0,0,0,0,0,0,0,0,1
1d1t,B,15,TRP,-0.9,227.8,0.0,1,0,X,0.0,0.0,0.0,0.0,0.0,0.0,0.0,0.0,26,0.040099585271200194,18,18,0,0,0,0,0,0,0,0,0,1
1d1t,B,16,GLU,-3.5,138.4,-1.0,1,3,X,0.0,0.0,0.0,0.0,0.0,0.0,0.0,0.0,15,0.034970568550465285,12,0,12,0,0,0,0,0,0,0,0,1
1d1t,B,17,GLN,-3.5,143.8,0.0,2,2,X,0.0,0.0,0.0,0.0,0.0,0.0,0.0,0.0,20,0.03823448828184205,23,11,12,0,0,0,0,0,0,0,0,1
1d1t,B,18,LYS,-3.9,168.6,1.0,2,0,X,0.0,0.0,0.0,0.0,0.0,0.0,0.0,0.0,14,0.029375277582390842,12,11,1,0,0,0,0,0,0,0,0,1
1d1t,B,19,GLN,-3.5,143.8,0.0,2,2,X,0.0,0.0,0.0,0.0,0.0,0.0,0.0,0.0,16,0.029375277582390842,11,9,2,0,0,0,0,0,0,0,0,1
1d1t,B,20,PRO,-1.6,112.7,0.0,0,0,X,0.0,0.0,0.0,0.0,0.0,0.0,0.0,0.0,19,0.02611135785101408,7,7,0,0,0,0,0,0,0,0,0,1
1d1t,B,21,PHE,2.8,189.9,0.0,0,0,X,0.0,0.0,0.0,0.0,0.0,0.0,0.0,0.0,33,0.03823448828184205,9,20,-11,0,0,0,0,0,0,0,0,1
1d1t,B,22,SER,-0.8,89.0,0.0,1,1,X,0.0,0.0,0.0,0.0,0.0,0.0,0.0,0.0,24,0.03403802005578621,10,15,-5,0,0,0,0,0,0,0,0,1
1d1t,B,23,ILE,4.5,166.7,0.0,0,0,X,0.0,0.0,0.0,0.0,0.0,0.0,0.0,0.0,25,0.03403802005578621,23,22,1,0,0,0,0,0,0,0,0,1
1d1t,B,24,GLU,-3.5,138.4,-1.0,1,3,X,0.0,0.0,0.0,0.0,0.0,0.0,0.0,0.0,24,0.03870076252918159,17,11,6,0,0,0,0,0,0,0,0,1
1d1t,B,25,GLU,-3.5,138.4,-1.0,1,3,X,0.0,0.0,0.0,0.0,0.0,0.0,0.0,0.0,21,0.035436842797804825,26,24,2,0,0,0,0,0,0,0,0,1
1d1t,B,26,ILE,4.5,166.7,0.0,0,0,X,0.0,0.0,0.0,0.0,0.0,0.0,0.0,0.0,32,0.04476232774459557,30,35,-5,0,0,0,0,0,0,0,0,1
1d1t,B,27,GLU,-3.5,138.4,-1.0,1,3,X,0.0,0.0,0.0,0.0,0.0,0.0,0.0,0.0,27,0.04103213376587927,31,14,17,0,0,0,0,0,0,0,0,1
1d1t,B,28,VAL,4.2,140.0,0.0,0,0,X,0.0,0.0,0.0,0.0,0.0,0.0,0.0,0.0,36,0.0526889899493677,43,22,21,0,0,0,0,0,0,0,0,1
1d1t,B,29,ALA,1.8,88.6,0.0,0,0,X,0.0,0.0,0.0,0.0,0.0,0.0,0.0,0.0,31,0.04289723075523742,43,16,27,0,0,0,0,0,0,0,0,1
1d1t,B,30,PRO,-1.6,112.7,0.0,0,0,X,0.0,0.0,0.0,0.0,0.0,0.0,0.0,0.0,29,0.043829779249916496,39,19,20,0,0,0,0,0,0,0,0,1
1d1t,B,31,PRO,-1.6,112.7,0.0,0,0,X,0.0,0.0,0.0,0.0,0.0,0.0,0.0,0.0,33,0.048958795970651406,41,30,11,0,0,0,0,0,0,0,0,1
1d1t,B,32,LYS,-3.9,168.6,1.0,2,0,X,0.0,0.0,0.0,0.0,0.0,0.0,0.0,0.0,25,0.03450429430312575,20,32,-12,0,0,0,0,0,0,0,0,1
1d1t,B,33,THR,-0.7,116.1,0.0,1,1,X,0.0,0.0,0.0,0.0,0.0,0.0,0.0,0.0,21,0.03124037457174899,24,37,-13,0,0,0,0,0,0,0,0,1
1d1t,B,34,LYS,-3.9,168.6,1.0,2,0,X,0.0,0.0,0.0,0.0,0.0,0.0,0.0,0.0,23,0.040565859518539735,14,37,-23,0,0,0,0,0,0,0,0,1
1d1t,B,35,GLU,-3.5,138.4,-1.0,1,3,X,0.0,0.0,0.0,0.0,0.0,0.0,0.0,0.0,33,0.05175644145468863,40,30,10,0,0,0,0,0,0,0,0,1
1d1t,B,36,VAL,4.2,140.0,0.0,0,0,X,0.0,0.0,0.0,0.0,0.0,0.0,0.0,0.0,44,0.05595290968074446,32,41,-9,0,0,0,0,0,0,0,0,1
1d1t,B,37,ARG,-4.5,173.4,1.0,5,0,X,0.0,0.0,0.0,0.0,0.0,0.0,0.0,0.0,35,0.053155264196707235,24,21,3,0,0,0,0,0,0,0,0,1
1d1t,B,38,ILE,4.5,166.7,0.0,0,0,X,0.0,0.0,0.0,0.0,0.0,0.0,0.0,0.0,44,0.05502036118606539,24,25,-1,0,0,0,0,0,0,0,0,1
1d1t,B,39,LYS,-3.9,168.6,1.0,2,0,X,0.0,0.0,0.0,0.0,0.0,0.0,0.0,0.0,26,0.04616115048661418,9,21,-12,0,0,0,0,0,0,0,0,1
1d1t,B,40,ILE,4.5,166.7,0.0,0,0,X,0.0,0.0,0.0,0.0,0.0,0.0,0.0,0.0,38,0.05455408693872585,18,15,3,0,0,0,0,0,0,0,0,1
1d1t,B,41,LEU,3.8,166.7,0.0,0,0,X,0.0,0.0,0.0,0.0,0.0,0.0,0.0,0.0,36,0.043363505002576956,20,18,2,0,0,0,0,0,0,0,0,1
1d1t,B,42,ALA,1.8,88.6,0.0,0,0,X,0.0,0.0,0.0,0.0,0.0,0.0,0.0,0.0,40,0.048958795970651406,20,21,-1,0,0,0,0,0,0,0,0,1
1d1t,B,43,THR,-0.7,116.1,0.0,1,1,X,0.0,0.0,0.0,0.0,0.0,0.0,0.0,0.0,43,0.05548663543340492,26,20,6,0,0,0,0,0,0,0,0,1
1d1t,B,44,GLY,-0.4,60.1,0.0,0,0,X,0.0,0.0,0.0,0.0,0.0,0.0,0.0,0.0,45,0.05129016720734909,30,21,9,0,0,0,0,0,0,0,0,1
1d1t,B,45,ILE,4.5,166.7,0.0,0,0,X,0.0,0.0,0.0,0.0,0.0,0.0,0.0,0.0,45,0.053155264196707235,40,31,9,0,0,0,0,0,0,0,0,1
1d1t,B,46,CYS,2.5,108.5,0.0,1,0,X,0.0,0.0,0.0,0.0,0.0,0.0,0.0,0.0,42,0.043829779249916496,40,25,15,0,0,0,0,0,0,0,0,1
1d1t,B,47,ARG,-4.5,173.4,1.0,5,0,X,0.0,0.0,0.0,0.0,0.0,0.0,0.0,0.0,33,0.0363693912924839,27,17,10,0,0,0,0,0,0,0,0,1
1d1t,B,48,THR,-0.7,116.1,0.0,1,1,X,0.0,0.0,0.0,0.0,0.0,0.0,0.0,0.0,35,0.03916703677652112,38,20,18,0,0,0,0,0,0,0,0,1
1d1t,B,49,ASP,-3.5,111.1,-1.0,1,3,X,0.0,0.0,0.0,0.0,0.0,0.0,0.0,0.0,35,0.0526889899493677,40,17,23,0,0,0,0,0,0,0,0,1
1d1t,B,50,ASP,-3.5,111.1,-1.0,1,3,X,0.0,0.0,0.0,0.0,0.0,0.0,0.0,0.0,28,0.04755997322863279,33,11,22,0,0,0,0,0,0,0,0,1
1d1t,B,51,HIS,-3.2,153.2,0.1,2,1,X,0.0,0.0,0.0,0.0,0.0,0.0,0.0,0.0,29,0.04289723075523742,26,16,10,0,0,0,0,0,0,0,0,1
1d1t,B,52,VAL,4.2,140.0,0.0,0,0,X,0.0,0.0,0.0,0.0,0.0,0.0,0.0,0.0,35,0.05129016720734909,37,20,17,0,0,0,0,0,0,0,0,1
1d1t,B,53,ILE,4.5,166.7,0.0,0,0,X,0.0,0.0,0.0,0.0,0.0,0.0,0.0,0.0,28,0.04662742473395372,32,21,11,0,0,0,0,0,0,0,0,1
1d1t,B,54,LYS,-3.9,168.6,1.0,2,0,X,0.0,0.0,0.0,0.0,0.0,0.0,0.0,0.0,21,0.035436842797804825,28,13,15,0,0,0,0,0,0,0,0,1
1d1t,B,55,GLY,-0.4,60.1,0.0,0,0,X,0.0,0.0,0.0,0.0,0.0,0.0,0.0,0.0,23,0.034970568550465285,31,13,18,0,0,0,0,0,0,0,0,1
1d1t,B,56,THR,-0.7,116.1,0.0,1,1,X,0.0,0.0,0.0,0.0,0.0,0.0,0.0,0.0,25,0.035436842797804825,37,12,25,0,0,0,0,0,0,0,0,1
1d1t,B,57,MET,1.9,162.9,0.0,0,0,X,0.0,0.0,0.0,0.0,0.0,0.0,0.0,0.0,33,0.040099585271200194,24,17,7,0,0,0,0,0,0,0,0,1
1d1t,B,58,VAL,4.2,140.0,0.0,0,0,X,0.0,0.0,0.0,0.0,0.0,0.0,0.0,0.0,29,0.03170664881908853,23,7,16,0,0,0,0,0,0,0,0,1
1d1t,B,59,SER,-0.8,89.0,0.0,1,1,X,0.0,0.0,0.0,0.0,0.0,0.0,0.0,0.0,31,0.03776821403450251,33,12,21,0,0,0,0,0,0,0,0,1
1d1t,B,60,LYS,-3.9,168.6,1.0,2,0,X,0.0,0.0,0.0,0.0,0.0,0.0,0.0,0.0,25,0.032172923066428064,26,4,22,0,0,0,0,0,0,0,0,1
1d1t,B,61,PHE,2.8,189.9,0.0,0,0,X,0.0,0.0,0.0,0.0,0.0,0.0,0.0,0.0,25,0.03870076252918159,24,9,15,0,0,0,0,0,0,0,0,1
1d1t,B,62,PRO,-1.6,112.7,0.0,0,0,X,0.0,0.0,0.0,0.0,0.0,0.0,0.0,0.0,28,0.045228601991935104,30,13,17,0,0,0,0,0,0,0,0,1
1d1t,B,63,VAL,4.2,140.0,0.0,0,0,X,0.0,0.0,0.0,0.0,0.0,0.0,0.0,0.0,43,0.05222271570202816,29,10,19,0,0,0,0,0,0,0,0,1
1d1t,B,64,ILE,4.5,166.7,0.0,0,0,X,0.0,0.0,0.0,0.0,0.0,0.0,0.0,0.0,49,0.05548663543340492,28,8,20,0,0,0,0,0,0,0,0,1
1d1t,B,65,VAL,4.2,140.0,0.0,0,0,X,0.0,0.0,0.0,0.0,0.0,0.0,0.0,0.0,43,0.05408781269138631,24,16,8,0,0,0,0,0,0,0,0,1
1d1t,B,66,GLY,-0.4,60.1,0.0,0,0,X,0.0,0.0,0.0,0.0,0.0,0.0,0.0,0.0,42,0.05548663543340492,19,19,0,0,0,0,0,0,0,0,0,1
1d1t,B,67,HIS,-3.2,153.2,0.1,2,1,X,0.0,0.0,0.0,0.0,0.0,0.0,0.0,0.0,41,0.06108192640147937,10,18,-8,0,0,0,0,0,0,0,0,1
1d1t,B,68,GLU,-3.5,138.4,-1.0,1,3,X,0.0,0.0,0.0,0.0,0.0,0.0,0.0,0.0,44,0.05455408693872585,25,9,16,0,0,0,0,0,0,0,0,1
1d1t,B,69,ALA,1.8,88.6,0.0,0,0,X,0.0,0.0,0.0,0.0,0.0,0.0,0.0,0.0,49,0.05408781269138631,20,15,5,0,0,0,0,0,0,0,0,1
1d1t,B,70,THR,-0.7,116.1,0.0,1,1,X,0.0,0.0,0.0,0.0,0.0,0.0,0.0,0.0,42,0.05688545817542354,24,19,5,0,0,0,0,0,0,0,0,1
1d1t,B,71,GLY,-0.4,60.1,0.0,0,0,X,0.0,0.0,0.0,0.0,0.0,0.0,0.0,0.0,40,0.048492521723311866,25,22,3,0,0,0,0,0,0,0,0,1
1d1t,B,72,ILE,4.5,166.7,0.0,0,0,X,0.0,0.0,0.0,0.0,0.0,0.0,0.0,0.0,33,0.04149840801321881,29,25,4,0,0,0,0,0,0,0,0,1
1d1t,B,73,VAL,4.2,140.0,0.0,0,0,X,0.0,0.0,0.0,0.0,0.0,0.0,0.0,0.0,34,0.05035761871267001,38,20,18,0,0,0,0,0,0,0,0,1
1d1t,B,74,GLU,-3.5,138.4,-1.0,1,3,X,0.0,0.0,0.0,0.0,0.0,0.0,0.0,0.0,32,0.04429605349725603,28,8,20,0,0,0,0,0,0,0,0,1
1d1t,B,75,SER,-0.8,89.0,0.0,1,1,X,0.0,0.0,0.0,0.0,0.0,0.0,0.0,0.0,33,0.04103213376587927,28,22,6,0,0,0,0,0,0,0,0,1
1d1t,B,76,ILE,4.5,166.7,0.0,0,0,X,0.0,0.0,0.0,0.0,0.0,0.0,0.0,0.0,29,0.045228601991935104,27,34,-7,0,0,0,0,0,0,0,0,1
1d1t,B,77,GLY,-0.4,60.1,0.0,0,0,X,0.0,0.0,0.0,0.0,0.0,0.0,0.0,0.0,27,0.04149840801321881,28,30,-2,0,0,0,0,0,0,0,0,1
1d1t,B,78,GLU,-3.5,138.4,-1.0,1,3,X,0.0,0.0,0.0,0.0,0.0,0.0,0.0,0.0,12,0.02797645484037223,16,11,5,0,0,0,0,0,0,0,0,1
1d1t,B,79,GLY,-0.4,60.1,0.0,0,0,X,0.0,0.0,0.0,0.0,0.0,0.0,0.0,0.0,14,0.027043906345693154,13,22,-9,0,0,0,0,0,0,0,0,1
1d1t,B,80,VAL,4.2,140.0,0.0,0,0,X,0.0,0.0,0.0,0.0,0.0,0.0,0.0,0.0,25,0.03776821403450251,22,28,-6,0,0,0,0,0,0,0,0,1
1d1t,B,81,THR,-0.7,116.1,0.0,1,1,X,0.0,0.0,0.0,0.0,0.0,0.0,0.0,0.0,15,0.02098234113027917,21,16,5,0,0,0,0,0,0,0,0,1
1d1t,B,82,THR,-0.7,116.1,0.0,1,1,X,0.0,0.0,0.0,0.0,0.0,0.0,0.0,0.0,26,0.02844272908771177,37,18,19,0,0,0,0,0,0,0,0,1
1d1t,B,83,VAL,4.2,140.0,0.0,0,0,X,0.0,0.0,0.0,0.0,0.0,0.0,0.0,0.0,32,0.040099585271200194,32,26,6,0,0,0,0,0,0,0,0,1
1d1t,B,84,LYS,-3.9,168.6,1.0,2,0,X,0.0,0.0,0.0,0.0,0.0,0.0,0.0,0.0,18,0.03590311704514436,13,15,-2,0,0,0,0,0,0,0,0,1
1d1t,B,85,PRO,-1.6,112.7,0.0,0,0,X,0.0,0.0,0.0,0.0,0.0,0.0,0.0,0.0,19,0.032172923066428064,21,17,4,0,0,0,0,0,0,0,0,1
1d1t,B,86,GLY,-0.4,60.1,0.0,0,0,X,0.0,0.0,0.0,0.0,0.0,0.0,0.0,0.0,20,0.027510180593032695,33,22,11,0,0,0,0,0,0,0,0,1
1d1t,B,87,ASP,-3.5,111.1,-1.0,1,3,X,0.0,0.0,0.0,0.0,0.0,0.0,0.0,0.0,24,0.04149840801321881,29,17,12,0,0,0,0,0,0,0,0,1
1d1t,B,88,LYS,-3.9,168.6,1.0,2,0,X,0.0,0.0,0.0,0.0,0.0,0.0,0.0,0.0,33,0.04662742473395372,15,26,-11,0,0,0,0,0,0,0,0,1
1d1t,B,89,VAL,4.2,140.0,0.0,0,0,X,0.0,0.0,0.0,0.0,0.0,0.0,0.0,0.0,39,0.048492521723311866,31,21,10,0,0,0,0,0,0,0,0,1
1d1t,B,90,ILE,4.5,166.7,0.0,0,0,X,0.0,0.0,0.0,0.0,0.0,0.0,0.0,0.0,49,0.04942507021799094,28,14,14,0,0,0,0,0,0,0,0,1
1d1t,B,91,PRO,-1.6,112.7,0.0,0,0,X,0.0,0.0,0.0,0.0,0.0,0.0,0.0,0.0,50,0.048492521723311866,19,11,8,0,0,0,0,0,0,0,0,1
1d1t,B,92,LEU,3.8,166.7,0.0,0,0,X,0.0,0.0,0.0,0.0,0.0,0.0,0.0,0.0,45,0.05455408693872585,23,15,8,0,0,0,0,0,0,0,0,1
1d1t,B,93,PHE,2.8,189.9,0.0,0,0,X,0.0,0.0,0.0,0.0,0.0,0.0,0.0,0.0,45,0.050823892960009553,12,15,-3,0,0,0,0,0,0,0,0,1
1d1t,B,94,LEU,3.8,166.7,0.0,0,0,X,0.0,0.0,0.0,0.0,0.0,0.0,0.0,0.0,42,0.0526889899493677,24,6,18,0,0,0,0,0,0,0,0,1
1d1t,B,95,PRO,-1.6,112.7,0.0,0,0,X,0.0,0.0,0.0,0.0,0.0,0.0,0.0,0.0,37,0.0526889899493677,31,19,12,0,0,0,0,0,0,0,0,1
1d1t,B,96,GLN,-3.5,143.8,0.0,2,2,X,0.0,0.0,0.0,0.0,0.0,0.0,0.0,0.0,34,0.053621538444046775,44,27,17,0,0,0,0,0,0,0,0,1
1d1t,B,97,CYS,2.5,108.5,0.0,1,0,X,0.0,0.0,0.0,0.0,0.0,0.0,0.0,0.0,27,0.040099585271200194,41,19,22,0,0,0,0,0,0,0,0,1
1d1t,B,98,ARG,-4.5,173.4,1.0,5,0,X,0.0,0.0,0.0,0.0,0.0,0.0,0.0,0.0,23,0.03450429430312575,32,19,13,0,0,0,0,0,0,0,0,1
1d1t,B,99,GLU,-3.5,138.4,-1.0,1,3,X,0.0,0.0,0.0,0.0,0.0,0.0,0.0,0.0,14,0.026577632098353617,29,0,29,0,0,0,0,0,0,0,0,1
1d1t,B,100,CYS,2.5,108.5,0.0,1,0,X,0.0,0.0,0.0,0.0,0.0,0.0,0.0,0.0,24,0.034970568550465285,34,9,25,0,0,0,0,0,0,0,0,1
1d1t,B,101,ASN,-3.5,114.1,0.0,2,2,X,0.0,0.0,0.0,0.0,0.0,0.0,0.0,0.0,26,0.03963331102386066,24,8,16,0,0,0,0,0,0,0,0,1
1d1t,B,102,ALA,1.8,88.6,0.0,0,0,X,0.0,0.0,0.0,0.0,0.0,0.0,0.0,0.0,32,0.04989134446533048,32,12,20,0,0,0,0,0,0,0,0,1
1d1t,B,103,CYS,2.5,108.5,0.0,1,0,X,0.0,0.0,0.0,0.0,0.0,0.0,0.0,0.0,28,0.048492521723311866,42,17,25,0,0,0,0,0,0,0,0,1
1d1t,B,104,ARG,-4.5,173.4,1.0,5,0,X,0.0,0.0,0.0,0.0,0.0,0.0,0.0,0.0,15,0.03403802005578621,12,10,2,0,0,0,0,0,0,0,0,1
1d1t,B,105,ASN,-3.5,114.1,0.0,2,2,X,0.0,0.0,0.0,0.0,0.0,0.0,0.0,0.0,23,0.032639197313767604,26,10,16,0,0,0,0,0,0,0,0,1
1d1t,B,106,PRO,-1.6,112.7,0.0,0,0,X,0.0,0.0,0.0,0.0,0.0,0.0,0.0,0.0,19,0.022847438119637322,20,9,11,0,0,0,0,0,0,0,0,1
1d1t,B,107,ASP,-3.5,111.1,-1.0,1,3,X,0.0,0.0,0.0,0.0,0.0,0.0,0.0,0.0,26,0.03170664881908853,32,0,32,0,0,0,0,0,0,0,0,1
1d1t,B,108,GLY,-0.4,60.1,0.0,0,0,X,0.0,0.0,0.0,0.0,0.0,0.0,0.0,0.0,33,0.045694876239274644,28,10,18,0,0,0,0,0,0,0,0,1
1d1t,B,109,ASN,-3.5,114.1,0.0,2,2,X,0.0,0.0,0.0,0.0,0.0,0.0,0.0,0.0,38,0.05408781269138631,18,10,8,0,0,0,0,0,0,0,0,1
1d1t,B,110,LEU,3.8,166.7,0.0,0,0,X,0.0,0.0,0.0,0.0,0.0,0.0,0.0,0.0,38,0.048026247475972325,21,6,15,0,0,0,0,0,0,0,0,1
1d1t,B,111,CYS,2.5,108.5,0.0,1,0,X,0.0,0.0,0.0,0.0,0.0,0.0,0.0,0.0,35,0.04662742473395372,28,10,18,0,0,0,0,0,0,0,0,1
1d1t,B,112,ILE,4.5,166.7,0.0,0,0,X,0.0,0.0,0.0,0.0,0.0,0.0,0.0,0.0,26,0.03124037457174899,23,10,13,0,0,0,0,0,0,0,0,1
1d1t,B,113,ARG,-4.5,173.4,1.0,5,0,X,0.0,0.0,0.0,0.0,0.0,0.0,0.0,0.0,30,0.03450429430312575,13,25,-12,0,0,0,0,0,0,0,0,1
1d1t,B,114,SER,-0.8,89.0,0.0,1,1,X,0.0,0.0,0.0,0.0,0.0,0.0,0.0,0.0,32,0.04243095650789788,17,9,8,0,0,0,0,0,0,0,0,1
1d1t,B,115,ASP,-3.5,111.1,-1.0,1,3,X,0.0,0.0,0.0,0.0,0.0,0.0,0.0,0.0,30,0.03776821403450251,26,0,26,0,0,0,0,0,0,0,0,1
1d1t,B,116,ILE,4.5,166.7,0.0,0,0,X,0.0,0.0,0.0,0.0,0.0,0.0,0.0,0.0,24,0.027510180593032695,12,8,4,0,0,0,0,0,0,0,0,1
1d1t,B,118,THR,-0.7,116.1,0.0,1,1,X,0.0,0.0,0.0,0.0,0.0,0.0,0.0,0.0,19,0.02331371236697686,20,8,12,0,0,0,0,0,0,0,0,1
1d1t,B,119,GLY,-0.4,60.1,0.0,0,0,X,0.0,0.0,0.0,0.0,0.0,0.0,0.0,0.0,22,0.03450429430312575,35,8,27,0,0,0,0,0,0,0,0,1
1d1t,B,120,ARG,-4.5,173.4,1.0,5,0,X,0.0,0.0,0.0,0.0,0.0,0.0,0.0,0.0,24,0.03403802005578621,27,14,13,0,0,0,0,0,0,0,0,1
1d1t,B,121,GLY,-0.4,60.1,0.0,0,0,X,0.0,0.0,0.0,0.0,0.0,0.0,0.0,0.0,34,0.04662742473395372,43,11,32,0,0,0,0,0,0,0,0,1
1d1t,B,122,VAL,4.2,140.0,0.0,0,0,X,0.0,0.0,0.0,0.0,0.0,0.0,0.0,0.0,30,0.045694876239274644,51,21,30,0,0,0,0,0,0,0,0,1
1d1t,B,123,LEU,3.8,166.7,0.0,0,0,X,0.0,0.0,0.0,0.0,0.0,0.0,0.0,0.0,34,0.045694876239274644,56,30,26,0,0,0,0,0,0,0,0,1
1d1t,B,124,ALA,1.8,88.6,0.0,0,0,X,0.0,0.0,0.0,0.0,0.0,0.0,0.0,0.0,26,0.02984155182973038,38,26,12,0,0,0,0,0,0,0,0,1
1d1t,B,125,ASP,-3.5,111.1,-1.0,1,3,X,0.0,0.0,0.0,0.0,0.0,0.0,0.0,0.0,16,0.02611135785101408,30,13,17,0,0,0,0,0,0,0,0,1
1d1t,B,126,GLY,-0.4,60.1,0.0,0,0,X,0.0,0.0,0.0,0.0,0.0,0.0,0.0,0.0,17,0.025178809356335007,37,15,22,0,0,0,0,0,0,0,0,1
1d1t,B,127,THR,-0.7,116.1,0.0,1,1,X,0.0,0.0,0.0,0.0,0.0,0.0,0.0,0.0,21,0.030774100324409453,42,15,27,0,0,0,0,0,0,0,0,1
1d1t,B,128,THR,-0.7,116.1,0.0,1,1,X,0.0,0.0,0.0,0.0,0.0,0.0,0.0,0.0,29,0.04429605349725603,42,13,29,0,0,0,0,0,0,0,0,1
1d1t,B,129,ARG,-4.5,173.4,1.0,5,0,X,0.0,0.0,0.0,0.0,0.0,0.0,0.0,0.0,31,0.043829779249916496,30,25,5,0,0,0,0,0,0,0,0,1
1d1t,B,130,PHE,2.8,189.9,0.0,0,0,X,0.0,0.0,0.0,0.0,0.0,0.0,0.0,0.0,42,0.045228601991935104,39,12,27,0,0,0,0,0,0,0,0,1
1d1t,B,131,THR,-0.7,116.1,0.0,1,1,X,0.0,0.0,0.0,0.0,0.0,0.0,0.0,0.0,26,0.04196468226055834,34,19,15,0,0,0,0,0,0,0,0,1
1d1t,B,132,CYS,2.5,108.5,0.0,1,0,X,0.0,0.0,0.0,0.0,0.0,0.0,0.0,0.0,24,0.04289723075523742,21,25,-4,0,0,0,0,0,0,0,0,1
1d1t,B,133,LYS,-3.9,168.6,1.0,2,0,X,0.0,0.0,0.0,0.0,0.0,0.0,0.0,0.0,16,0.02471253510899547,9,20,-11,0,0,0,0,0,0,0,0,1
1d1t,B,134,GLY,-0.4,60.1,0.0,0,0,X,0.0,0.0,0.0,0.0,0.0,0.0,0.0,0.0,13,0.020516066882939634,17,11,6,0,0,0,0,0,0,0,0,1
1d1t,B,135,LYS,-3.9,168.6,1.0,2,0,X,0.0,0.0,0.0,0.0,0.0,0.0,0.0,0.0,13,0.025178809356335007,12,3,9,0,0,0,0,0,0,0,0,1
1d1t,B,136,PRO,-1.6,112.7,0.0,0,0,X,0.0,0.0,0.0,0.0,0.0,0.0,0.0,0.0,23,0.0363693912924839,36,4,32,0,0,0,0,0,0,0,0,1
1d1t,B,137,VAL,4.2,140.0,0.0,0,0,X,0.0,0.0,0.0,0.0,0.0,0.0,0.0,0.0,34,0.05035761871267001,45,9,36,0,0,0,0,0,0,0,0,1
1d1t,B,138,HIS,-3.2,153.2,0.1,2,1,X,0.0,0.0,0.0,0.0,0.0,0.0,0.0,0.0,30,0.05222271570202816,33,2,31,0,0,0,0,0,0,0,0,1
1d1t,B,139,HIS,-3.2,153.2,0.1,2,1,X,0.0,0.0,0.0,0.0,0.0,0.0,0.0,0.0,39,0.05688545817542354,34,9,25,0,0,0,0,0,0,0,0,1
1d1t,B,140,PHE,2.8,189.9,0.0,0,0,X,0.0,0.0,0.0,0.0,0.0,0.0,0.0,0.0,41,0.053155264196707235,40,18,22,0,0,0,0,0,0,0,0,1
1d1t,B,141,LEU,3.8,166.7,0.0,0,0,X,0.0,0.0,0.0,0.0,0.0,0.0,0.0,0.0,41,0.045694876239274644,27,16,11,0,0,0,0,0,0,0,0,1
1d1t,B,142,ASN,-3.5,114.1,0.0,2,2,X,0.0,0.0,0.0,0.0,0.0,0.0,0.0,0.0,38,0.056419183928083996,37,20,17,0,0,0,0,0,0,0,0,1
1d1t,B,143,THR,-0.7,116.1,0.0,1,1,X,0.0,0.0,0.0,0.0,0.0,0.0,0.0,0.0,40,0.05455408693872585,22,18,4,0,0,0,0,0,0,0,0,1
1d1t,B,144,SER,-0.8,89.0,0.0,1,1,X,0.0,0.0,0.0,0.0,0.0,0.0,0.0,0.0,40,0.05595290968074446,28,12,16,0,0,0,0,0,0,0,0,1
1d1t,B,145,THR,-0.7,116.1,0.0,1,1,X,0.0,0.0,0.0,0.0,0.0,0.0,0.0,0.0,45,0.056419183928083996,19,17,2,0,0,0,0,0,0,0,0,1
1d1t,B,146,PHE,2.8,189.9,0.0,0,0,X,0.0,0.0,0.0,0.0,0.0,0.0,0.0,0.0,44,0.05035761871267001,14,19,-5,0,0,0,0,0,0,0,0,1
1d1t,B,147,THR,-0.7,116.1,0.0,1,1,X,0.0,0.0,0.0,0.0,0.0,0.0,0.0,0.0,41,0.0526889899493677,18,16,2,0,0,0,0,0,0,0,0,1
1d1t,B,148,GLU,-3.5,138.4,-1.0,1,3,X,0.0,0.0,0.0,0.0,0.0,0.0,0.0,0.0,32,0.045694876239274644,28,7,21,0,0,0,0,0,0,0,0,1
1d1t,B,149,TYR,-1.3,193.6,0.0,1,1,X,0.0,0.0,0.0,0.0,0.0,0.0,0.0,0.0,34,0.053155264196707235,32,22,10,0,0,0,0,0,0,0,0,1
1d1t,B,150,THR,-0.7,116.1,0.0,1,1,X,0.0,0.0,0.0,0.0,0.0,0.0,0.0,0.0,48,0.05175644145468863,35,21,14,0,0,0,0,0,0,0,0,1
1d1t,B,151,VAL,4.2,140.0,0.0,0,0,X,0.0,0.0,0.0,0.0,0.0,0.0,0.0,0.0,45,0.05502036118606539,43,28,15,0,0,0,0,0,0,0,0,1
1d1t,B,152,VAL,4.2,140.0,0.0,0,0,X,0.0,0.0,0.0,0.0,0.0,0.0,0.0,0.0,46,0.05222271570202816,33,25,8,0,0,0,0,0,0,0,0,1
1d1t,B,153,ASP,-3.5,111.1,-1.0,1,3,X,0.0,0.0,0.0,0.0,0.0,0.0,0.0,0.0,38,0.043829779249916496,44,25,19,0,0,0,0,0,0,0,0,1
1d1t,B,154,GLU,-3.5,138.4,-1.0,1,3,X,0.0,0.0,0.0,0.0,0.0,0.0,0.0,0.0,36,0.04289723075523742,33,20,13,0,0,0,0,0,0,0,0,1
1d1t,B,155,SER,-0.8,89.0,0.0,1,1,X,0.0,0.0,0.0,0.0,0.0,0.0,0.0,0.0,33,0.043363505002576956,39,25,14,0,0,0,0,0,0,0,0,1
1d1t,B,156,SER,-0.8,89.0,0.0,1,1,X,0.0,0.0,0.0,0.0,0.0,0.0,0.0,0.0,39,0.05035761871267001,25,24,1,0,0,0,0,0,0,0,0,1
1d1t,B,157,VAL,4.2,140.0,0.0,0,0,X,0.0,0.0,0.0,0.0,0.0,0.0,0.0,0.0,43,0.048958795970651406,30,27,3,0,0,0,0,0,0,0,0,1
1d1t,B,158,ALA,1.8,88.6,0.0,0,0,X,0.0,0.0,0.0,0.0,0.0,0.0,0.0,0.0,40,0.04616115048661418,31,28,3,0,0,0,0,0,0,0,0,1
1d1t,B,159,LYS,-3.9,168.6,1.0,2,0,X,0.0,0.0,0.0,0.0,0.0,0.0,0.0,0.0,28,0.03916703677652112,25,25,0,0,0,0,0,0,0,0,0,1
1d1t,B,160,ILE,4.5,166.7,0.0,0,0,X,0.0,0.0,0.0,0.0,0.0,0.0,0.0,0.0,36,0.04476232774459557,24,26,-2,0,0,0,0,0,0,0,0,1
1d1t,B,161,ASP,-3.5,111.1,-1.0,1,3,X,0.0,0.0,0.0,0.0,0.0,0.0,0.0,0.0,26,0.03310547156110714,22,15,7,0,0,0,0,0,0,0,0,1
1d1t,B,162,ASP,-3.5,111.1,-1.0,1,3,X,0.0,0.0,0.0,0.0,0.0,0.0,0.0,0.0,19,0.025178809356335007,19,16,3,0,0,0,0,0,0,0,0,1
1d1t,B,163,ALA,1.8,88.6,0.0,0,0,X,0.0,0.0,0.0,0.0,0.0,0.0,0.0,0.0,16,0.022381163872297785,9,18,-9,0,0,0,0,0,0,0,0,1
1d1t,B,164,ALA,1.8,88.6,0.0,0,0,X,0.0,0.0,0.0,0.0,0.0,0.0,0.0,0.0,28,0.03963331102386066,18,26,-8,0,0,0,0,0,0,0,0,1
1d1t,B,165,PRO,-1.6,112.7,0.0,0,0,X,0.0,0.0,0.0,0.0,0.0,0.0,0.0,0.0,27,0.03170664881908853,14,25,-11,0,0,0,0,0,0,0,0,1
1d1t,B,166,PRO,-1.6,112.7,0.0,0,0,X,0.0,0.0,0.0,0.0,0.0,0.0,0.0,0.0,39,0.04243095650789788,18,17,1,0,0,0,0,0,0,0,0,1
1d1t,B,167,GLU,-3.5,138.4,-1.0,1,3,X,0.0,0.0,0.0,0.0,0.0,0.0,0.0,0.0,35,0.043829779249916496,21,8,13,0,0,0,0,0,0,0,0,1
1d1t,B,168,LYS,-3.9,168.6,1.0,2,0,X,0.0,0.0,0.0,0.0,0.0,0.0,0.0,0.0,36,0.043363505002576956,9,30,-21,0,0,0,0,0,0,0,0,1
1d1t,B,169,VAL,4.2,140.0,0.0,0,0,X,0.0,0.0,0.0,0.0,0.0,0.0,0.0,0.0,42,0.04942507021799094,15,28,-13,0,0,0,0,0,0,0,0,1
1d1t,B,170,CYS,2.5,108.5,0.0,1,0,X,0.0,0.0,0.0,0.0,0.0,0.0,0.0,0.0,43,0.05175644145468863,21,18,3,0,0,0,0,0,0,0,0,1
1d1t,B,171,LEU,3.8,166.7,0.0,0,0,X,0.0,0.0,0.0,0.0,0.0,0.0,0.0,0.0,45,0.05035761871267001,22,24,-2,0,0,0,0,0,0,0,0,1
1d1t,B,172,ILE,4.5,166.7,0.0,0,0,X,0.0,0.0,0.0,0.0,0.0,0.0,0.0,0.0,45,0.05175644145468863,13,19,-6,0,0,0,0,0,0,0,0,1
1d1t,B,173,GLY,-0.4,60.1,0.0,0,0,X,0.0,0.0,0.0,0.0,0.0,0.0,0.0,0.0,45,0.0526889899493677,17,11,6,0,0,0,0,0,0,0,0,1
1d1t,B,174,CYS,2.5,108.5,0.0,1,0,X,0.0,0.0,0.0,0.0,0.0,0.0,0.0,0.0,45,0.04755997322863279,19,12,7,0,0,0,0,0,0,0,0,1
1d1t,B,175,GLY,-0.4,60.1,0.0,0,0,X,0.0,0.0,0.0,0.0,0.0,0.0,0.0,0.0,43,0.04662742473395372,20,10,10,0,0,0,0,0,0,0,0,1
1d1t,B,176,PHE,2.8,189.9,0.0,0,0,X,0.0,0.0,0.0,0.0,0.0,0.0,0.0,0.0,43,0.05408781269138631,9,12,-3,0,0,0,0,0,0,0,0,1
1d1t,B,177,SER,-0.8,89.0,0.0,1,1,X,0.0,0.0,0.0,0.0,0.0,0.0,0.0,0.0,47,0.050823892960009553,8,14,-6,0,0,0,0,0,0,0,0,1
1d1t,B,178,THR,-0.7,116.1,0.0,1,1,X,0.0,0.0,0.0,0.0,0.0,0.0,0.0,0.0,48,0.053621538444046775,9,4,5,0,0,0,0,0,0,0,0,1
1d1t,B,179,GLY,-0.4,60.1,0.0,0,0,X,0.0,0.0,0.0,0.0,0.0,0.0,0.0,0.0,44,0.0526889899493677,5,3,2,0,0,0,0,0,0,0,0,1
1d1t,B,180,TYR,-1.3,193.6,0.0,1,1,X,0.0,0.0,0.0,0.0,0.0,0.0,0.0,0.0,40,0.053621538444046775,17,6,11,0,0,0,0,0,0,0,0,1
1d1t,B,181,GLY,-0.4,60.1,0.0,0,0,X,0.0,0.0,0.0,0.0,0.0,0.0,0.0,0.0,38,0.048958795970651406,18,3,15,0,0,0,0,0,0,0,0,1
1d1t,B,182,ALA,1.8,88.6,0.0,0,0,X,0.0,0.0,0.0,0.0,0.0,0.0,0.0,0.0,45,0.05502036118606539,24,3,21,0,0,0,0,0,0,0,0,1
1d1t,B,183,ALA,1.8,88.6,0.0,0,0,X,0.0,0.0,0.0,0.0,0.0,0.0,0.0,0.0,44,0.05502036118606539,30,0,30,0,0,0,0,0,0,0,0,1
1d1t,B,184,VAL,4.2,140.0,0.0,0,0,X,0.0,0.0,0.0,0.0,0.0,0.0,0.0,0.0,36,0.045694876239274644,25,2,23,0,0,0,0,0,0,0,0,1
1d1t,B,185,LYS,-3.9,168.6,1.0,2,0,X,0.0,0.0,0.0,0.0,0.0,0.0,0.0,0.0,29,0.03357174580844668,15,11,4,0,0,0,0,0,0,0,0,1
1d1t,B,186,THR,-0.7,116.1,0.0,1,1,X,0.0,0.0,0.0,0.0,0.0,0.0,0.0,0.0,38,0.040099585271200194,30,6,24,0,0,0,0,0,0,0,0,1
1d1t,B,187,GLY,-0.4,60.1,0.0,0,0,X,0.0,0.0,0.0,0.0,0.0,0.0,0.0,0.0,35,0.04196468226055834,36,0,36,0,0,0,0,0,0,0,0,1
1d1t,B,188,LYS,-3.9,168.6,1.0,2,0,X,0.0,0.0,0.0,0.0,0.0,0.0,0.0,0.0,21,0.034970568550465285,22,2,20,0,0,0,0,0,0,0,0,1
1d1t,B,189,VAL,4.2,140.0,0.0,0,0,X,0.0,0.0,0.0,0.0,0.0,0.0,0.0,0.0,37,0.04476232774459557,30,0,30,0,0,0,0,0,0,0,0,1
1d1t,B,190,LYS,-3.9,168.6,1.0,2,0,X,0.0,0.0,0.0,0.0,0.0,0.0,0.0,0.0,22,0.030307826077069916,7,5,2,0,0,0,0,0,0,0,0,1
1d1t,B,191,PRO,-1.6,112.7,0.0,0,0,X,0.0,0.0,0.0,0.0,0.0,0.0,0.0,0.0,17,0.026577632098353617,18,0,18,0,0,0,0,0,0,0,0,1
1d1t,B,192,GLY,-0.4,60.1,0.0,0,0,X,0.0,0.0,0.0,0.0,0.0,0.0,0.0,0.0,18,0.022847438119637322,17,0,17,0,0,0,0,0,0,0,0,1
1d1t,B,193,SER,-0.8,89.0,0.0,1,1,X,0.0,0.0,0.0,0.0,0.0,0.0,0.0,0.0,29,0.040099585271200194,23,1,22,0,0,0,0,0,0,0,0,1
1d1t,B,194,THR,-0.7,116.1,0.0,1,1,X,0.0,0.0,0.0,0.0,0.0,0.0,0.0,0.0,35,0.045694876239274644,20,3,17,0,0,0,0,0,0,0,0,1
1d1t,B,195,CYS,2.5,108.5,0.0,1,0,X,0.0,0.0,0.0,0.0,0.0,0.0,0.0,0.0,40,0.05222271570202816,18,5,13,0,0,0,0,0,0,0,0,1
1d1t,B,196,VAL,4.2,140.0,0.0,0,0,X,0.0,0.0,0.0,0.0,0.0,0.0,0.0,0.0,49,0.04989134446533048,9,12,-3,0,0,0,0,0,0,0,0,1
1d1t,B,197,VAL,4.2,140.0,0.0,0,0,X,0.0,0.0,0.0,0.0,0.0,0.0,0.0,0.0,44,0.053621538444046775,2,16,-14,0,0,0,0,0,0,0,0,1
1d1t,B,198,PHE,2.8,189.9,0.0,0,0,X,0.0,0.0,0.0,0.0,0.0,0.0,0.0,0.0,43,0.04709369898129325,5,27,-22,0,0,0,0,0,0,0,0,1
1d1t,B,199,GLY,-0.4,60.1,0.0,0,0,X,0.0,0.0,0.0,0.0,0.0,0.0,0.0,0.0,36,0.043363505002576956,10,17,-7,0,0,0,0,0,0,0,0,1
1d1t,B,200,LEU,3.8,166.7,0.0,0,0,X,0.0,0.0,0.0,0.0,0.0,0.0,0.0,0.0,39,0.045694876239274644,20,20,0,0,0,0,0,0,0,0,0,1
1d1t,B,201,GLY,-0.4,60.1,0.0,0,0,X,0.0,0.0,0.0,0.0,0.0,0.0,0.0,0.0,38,0.03450429430312575,37,8,29,0,0,0,0,0,0,0,0,1
1d1t,B,202,GLY,-0.4,60.1,0.0,0,0,X,0.0,0.0,0.0,0.0,0.0,0.0,0.0,0.0,42,0.04243095650789788,27,5,22,0,0,0,0,0,0,0,0,1
1d1t,B,203,VAL,4.2,140.0,0.0,0,0,X,0.0,0.0,0.0,0.0,0.0,0.0,0.0,0.0,42,0.045694876239274644,13,8,5,0,0,0,0,0,0,0,0,1
1d1t,B,204,GLY,-0.4,60.1,0.0,0,0,X,0.0,0.0,0.0,0.0,0.0,0.0,0.0,0.0,41,0.045694876239274644,13,7,6,0,0,0,0,0,0,0,0,1
1d1t,B,205,LEU,3.8,166.7,0.0,0,0,X,0.0,0.0,0.0,0.0,0.0,0.0,0.0,0.0,44,0.04989134446533048,22,7,15,0,0,0,0,0,0,0,0,1
1d1t,B,206,SER,-0.8,89.0,0.0,1,1,X,0.0,0.0,0.0,0.0,0.0,0.0,0.0,0.0,43,0.04942507021799094,10,4,6,0,0,0,0,0,0,0,0,1
1d1t,B,207,VAL,4.2,140.0,0.0,0,0,X,0.0,0.0,0.0,0.0,0.0,0.0,0.0,0.0,50,0.053621538444046775,6,4,2,0,0,0,0,0,0,0,0,1
1d1t,B,208,ILE,4.5,166.7,0.0,0,0,X,0.0,0.0,0.0,0.0,0.0,0.0,0.0,0.0,46,0.05035761871267001,16,2,14,0,0,0,0,0,0,0,0,1
1d1t,B,209,MET,1.9,162.9,0.0,0,0,X,0.0,0.0,0.0,0.0,0.0,0.0,0.0,0.0,39,0.045694876239274644,12,7,5,0,0,0,0,0,0,0,0,1
1d1t,B,210,GLY,-0.4,60.1,0.0,0,0,X,0.0,0.0,0.0,0.0,0.0,0.0,0.0,0.0,38,0.048026247475972325,18,0,18,0,0,0,0,0,0,0,0,1
1d1t,B,211,CYS,2.5,108.5,0.0,1,0,X,0.0,0.0,0.0,0.0,0.0,0.0,0.0,0.0,40,0.04942507021799094,24,0,24,0,0,0,0,0,0,0,0,1
1d1t,B,212,LYS,-3.9,168.6,1.0,2,0,X,0.0,0.0,0.0,0.0,0.0,0.0,0.0,0.0,31,0.03590311704514436,5,4,1,0,0,0,0,0,0,0,0,1
1d1t,B,213,SER,-0.8,89.0,0.0,1,1,X,0.0,0.0,0.0,0.0,0.0,0.0,0.0,0.0,29,0.028909003335051305,19,1,18,0,0,0,0,0,0,0,0,1
1d1t,B,214,ALA,1.8,88.6,0.0,0,0,X,0.0,0.0,0.0,0.0,0.0,0.0,0.0,0.0,27,0.0363693912924839,23,0,23,0,0,0,0,0,0,0,0,1
1d1t,B,215,GLY,-0.4,60.1,0.0,0,0,X,0.0,0.0,0.0,0.0,0.0,0.0,0.0,0.0,24,0.032639197313767604,23,0,23,0,0,0,0,0,0,0,0,1
1d1t,B,216,ALA,1.8,88.6,0.0,0,0,X,0.0,0.0,0.0,0.0,0.0,0.0,0.0,0.0,29,0.045228601991935104,25,0,25,0,0,0,0,0,0,0,0,1
1d1t,B,217,SER,-0.8,89.0,0.0,1,1,X,0.0,0.0,0.0,0.0,0.0,0.0,0.0,0.0,21,0.02611135785101408,23,2,21,0,0,0,0,0,0,0,0,1
1d1t,B,218,ARG,-4.5,173.4,1.0,5,0,X,0.0,0.0,0.0,0.0,0.0,0.0,0.0,0.0,26,0.03823448828184205,0,11,-11,0,0,0,0,0,0,0,0,1
1d1t,B,219,ILE,4.5,166.7,0.0,0,0,X,0.0,0.0,0.0,0.0,0.0,0.0,0.0,0.0,40,0.048026247475972325,20,9,11,0,0,0,0,0,0,0,0,1
1d1t,B,220,ILE,4.5,166.7,0.0,0,0,X,0.0,0.0,0.0,0.0,0.0,0.0,0.0,0.0,38,0.048958795970651406,11,10,1,0,0,0,0,0,0,0,0,1
1d1t,B,221,GLY,-0.4,60.1,0.0,0,0,X,0.0,0.0,0.0,0.0,0.0,0.0,0.0,0.0,39,0.05548663543340492,11,19,-8,0,0,0,0,0,0,0,0,1
1d1t,B,222,ILE,4.5,166.7,0.0,0,0,X,0.0,0.0,0.0,0.0,0.0,0.0,0.0,0.0,40,0.048492521723311866,10,28,-18,0,0,0,0,0,0,0,0,1
1d1t,B,223,ASP,-3.5,111.1,-1.0,1,3,X,0.0,0.0,0.0,0.0,0.0,0.0,0.0,0.0,32,0.048026247475972325,23,10,13,0,0,0,0,0,0,0,0,1
1d1t,B,224,LEU,3.8,166.7,0.0,0,0,X,0.0,0.0,0.0,0.0,0.0,0.0,0.0,0.0,19,0.030307826077069916,27,18,9,0,0,0,0,0,0,0,0,1
1d1t,B,225,ASN,-3.5,114.1,0.0,2,2,X,0.0,0.0,0.0,0.0,0.0,0.0,0.0,0.0,22,0.032639197313767604,18,17,1,0,0,0,0,0,0,0,0,1
1d1t,B,226,LYS,-3.9,168.6,1.0,2,0,X,0.0,0.0,0.0,0.0,0.0,0.0,0.0,0.0,17,0.032172923066428064,14,25,-11,0,0,0,0,0,0,0,0,1
1d1t,B,227,ASP,-3.5,111.1,-1.0,1,3,X,0.0,0.0,0.0,0.0,0.0,0.0,0.0,0.0,15,0.027043906345693154,22,16,6,0,0,0,0,0,0,0,0,1
1d1t,B,228,LYS,-3.9,168.6,1.0,2,0,X,0.0,0.0,0.0,0.0,0.0,0.0,0.0,0.0,31,0.04196468226055834,17,24,-7,0,0,0,0,0,0,0,0,1
1d1t,B,229,PHE,2.8,189.9,0.0,0,0,X,0.0,0.0,0.0,0.0,0.0,0.0,0.0,0.0,28,0.04196468226055834,24,34,-10,0,0,0,0,0,0,0,0,1
1d1t,B,230,GLU,-3.5,138.4,-1.0,1,3,X,0.0,0.0,0.0,0.0,0.0,0.0,0.0,0.0,18,0.02844272908771177,20,8,12,0,0,0,0,0,0,0,0,1
1d1t,B,231,LYS,-3.9,168.6,1.0,2,0,X,0.0,0.0,0.0,0.0,0.0,0.0,0.0,0.0,34,0.03590311704514436,12,19,-7,0,0,0,0,0,0,0,0,1
1d1t,B,232,ALA,1.8,88.6,0.0,0,0,X,0.0,0.0,0.0,0.0,0.0,0.0,0.0,0.0,36,0.04429605349725603,19,20,-1,0,0,0,0,0,0,0,0,1
1d1t,B,233,MET,1.9,162.9,0.0,0,0,X,0.0,0.0,0.0,0.0,0.0,0.0,0.0,0.0,28,0.0363693912924839,16,18,-2,0,0,0,0,0,0,0,0,1
1d1t,B,234,ALA,1.8,88.6,0.0,0,0,X,0.0,0.0,0.0,0.0,0.0,0.0,0.0,0.0,26,0.03310547156110714,20,20,0,0,0,0,0,0,0,0,0,1
1d1t,B,235,VAL,4.2,140.0,0.0,0,0,X,0.0,0.0,0.0,0.0,0.0,0.0,0.0,0.0,37,0.040099585271200194,21,13,8,0,0,0,0,0,0,0,0,1
1d1t,B,236,GLY,-0.4,60.1,0.0,0,0,X,0.0,0.0,0.0,0.0,0.0,0.0,0.0,0.0,35,0.03730193978716297,21,9,12,0,0,0,0,0,0,0,0,1
1d1t,B,237,ALA,1.8,88.6,0.0,0,0,X,0.0,0.0,0.0,0.0,0.0,0.0,0.0,0.0,32,0.043829779249916496,24,13,11,0,0,0,0,0,0,0,0,1
1d1t,B,238,THR,-0.7,116.1,0.0,1,1,X,0.0,0.0,0.0,0.0,0.0,0.0,0.0,0.0,23,0.03170664881908853,16,9,7,0,0,0,0,0,0,0,0,1
1d1t,B,239,GLU,-3.5,138.4,-1.0,1,3,X,0.0,0.0,0.0,0.0,0.0,0.0,0.0,0.0,25,0.03403802005578621,11,1,10,0,0,0,0,0,0,0,0,1
1d1t,B,240,CYS,2.5,108.5,0.0,1,0,X,0.0,0.0,0.0,0.0,0.0,0.0,0.0,0.0,34,0.04289723075523742,19,27,-8,0,0,0,0,0,0,0,0,1
1d1t,B,241,ILE,4.5,166.7,0.0,0,0,X,0.0,0.0,0.0,0.0,0.0,0.0,0.0,0.0,30,0.03776821403450251,15,25,-10,0,0,0,0,0,0,0,0,1
1d1t,B,242,SER,-0.8,89.0,0.0,1,1,X,0.0,0.0,0.0,0.0,0.0,0.0,0.0,0.0,26,0.03963331102386066,19,18,1,0,0,0,0,0,0,0,0,1
1d1t,B,243,PRO,-1.6,112.7,0.0,0,0,X,0.0,0.0,0.0,0.0,0.0,0.0,0.0,0.0,25,0.0363693912924839,18,19,-1,0,0,0,0,0,0,0,0,1
1d1t,B,244,LYS,-3.9,168.6,1.0,2,0,X,0.0,0.0,0.0,0.0,0.0,0.0,0.0,0.0,15,0.02471253510899547,8,12,-4,0,0,0,0,0,0,0,0,1
1d1t,B,245,ASP,-3.5,111.1,-1.0,1,3,X,0.0,0.0,0.0,0.0,0.0,0.0,0.0,0.0,16,0.023779986614316396,21,3,18,0,0,0,0,0,0,0,0,1
1d1t,B,246,SER,-0.8,89.0,0.0,1,1,X,0.0,0.0,0.0,0.0,0.0,0.0,0.0,0.0,16,0.025178809356335007,18,20,-2,0,0,0,0,0,0,0,0,1
1d1t,B,247,THR,-0.7,116.1,0.0,1,1,X,0.0,0.0,0.0,0.0,0.0,0.0,0.0,0.0,10,0.018650969893581486,17,10,7,0,0,0,0,0,0,0,0,1
1d1t,B,248,LYS,-3.9,168.6,1.0,2,0,X,0.0,0.0,0.0,0.0,0.0,0.0,0.0,0.0,15,0.02611135785101408,4,21,-17,0,0,0,0,0,0,0,0,1
1d1t,B,249,PRO,-1.6,112.7,0.0,0,0,X,0.0,0.0,0.0,0.0,0.0,0.0,0.0,0.0,16,0.02844272908771177,10,23,-13,0,0,0,0,0,0,0,0,1
1d1t,B,250,ILE,4.5,166.7,0.0,0,0,X,0.0,0.0,0.0,0.0,0.0,0.0,0.0,0.0,33,0.04149840801321881,13,31,-18,0,0,0,0,0,0,0,0,1
1d1t,B,251,SER,-0.8,89.0,0.0,1,1,X,0.0,0.0,0.0,0.0,0.0,0.0,0.0,0.0,30,0.04103213376587927,16,25,-9,0,0,0,0,0,0,0,0,1
1d1t,B,252,GLU,-3.5,138.4,-1.0,1,3,X,0.0,0.0,0.0,0.0,0.0,0.0,0.0,0.0,15,0.03450429430312575,9,10,-1,0,0,0,0,0,0,0,0,1
1d1t,B,253,VAL,4.2,140.0,0.0,0,0,X,0.0,0.0,0.0,0.0,0.0,0.0,0.0,0.0,29,0.03823448828184205,11,27,-16,0,0,0,0,0,0,0,0,1
1d1t,B,254,LEU,3.8,166.7,0.0,0,0,X,0.0,0.0,0.0,0.0,0.0,0.0,0.0,0.0,36,0.045228601991935104,12,24,-12,0,0,0,0,0,0,0,0,1
1d1t,B,255,SER,-0.8,89.0,0.0,1,1,X,0.0,0.0,0.0,0.0,0.0,0.0,0.0,0.0,27,0.04103213376587927,15,18,-3,0,0,0,0,0,0,0,0,1
1d1t,B,256,GLU,-3.5,138.4,-1.0,1,3,X,0.0,0.0,0.0,0.0,0.0,0.0,0.0,0.0,17,0.029375277582390842,11,9,2,0,0,0,0,0,0,0,0,1
1d1t,B,257,MET,1.9,162.9,0.0,0,0,X,0.0,0.0,0.0,0.0,0.0,0.0,0.0,0.0,24,0.02984155182973038,9,23,-14,0,0,0,0,0,0,0,0,1
1d1t,B,258,THR,-0.7,116.1,0.0,1,1,X,0.0,0.0,0.0,0.0,0.0,0.0,0.0,0.0,25,0.034970568550465285,16,15,1,0,0,0,0,0,0,0,0,1
1d1t,B,259,GLY,-0.4,60.1,0.0,0,0,X,0.0,0.0,0.0,0.0,0.0,0.0,0.0,0.0,21,0.026577632098353617,15,12,3,0,0,0,0,0,0,0,0,1
1d1t,B,260,ASN,-3.5,114.1,0.0,2,2,X,0.0,0.0,0.0,0.0,0.0,0.0,0.0,0.0,29,0.03683566553982344,14,11,3,0,0,0,0,0,0,0,0,1
1d1t,B,261,ASN,-3.5,114.1,0.0,2,2,X,0.0,0.0,0.0,0.0,0.0,0.0,0.0,0.0,29,0.03823448828184205,24,4,20,0,0,0,0,0,0,0,0,1
1d1t,B,262,VAL,4.2,140.0,0.0,0,0,X,0.0,0.0,0.0,0.0,0.0,0.0,0.0,0.0,41,0.053621538444046775,25,3,22,0,0,0,0,0,0,0,0,1
1d1t,B,263,GLY,-0.4,60.1,0.0,0,0,X,0.0,0.0,0.0,0.0,0.0,0.0,0.0,0.0,38,0.048958795970651406,30,3,27,0,0,0,0,0,0,0,0,1
1d1t,B,264,TYR,-1.3,193.6,0.0,1,1,X,0.0,0.0,0.0,0.0,0.0,0.0,0.0,0.0,41,0.05129016720734909,26,2,24,0,0,0,0,0,0,0,0,1
1d1t,B,265,THR,-0.7,116.1,0.0,1,1,X,0.0,0.0,0.0,0.0,0.0,0.0,0.0,0.0,42,0.056419183928083996,14,13,1,0,0,0,0,0,0,0,0,1
1d1t,B,266,PHE,2.8,189.9,0.0,0,0,X,0.0,0.0,0.0,0.0,0.0,0.0,0.0,0.0,52,0.05222271570202816,6,9,-3,0,0,0,0,0,0,0,0,1
1d1t,B,267,GLU,-3.5,138.4,-1.0,1,3,X,0.0,0.0,0.0,0.0,0.0,0.0,0.0,0.0,39,0.05595290968074446,12,12,0,0,0,0,0,0,0,0,0,1
1d1t,B,268,VAL,4.2,140.0,0.0,0,0,X,0.0,0.0,0.0,0.0,0.0,0.0,0.0,0.0,38,0.043829779249916496,10,15,-5,0,0,0,0,0,0,0,0,1
1d1t,B,269,ILE,4.5,166.7,0.0,0,0,X,0.0,0.0,0.0,0.0,0.0,0.0,0.0,0.0,32,0.03870076252918159,25,24,1,0,0,0,0,0,0,0,0,1
1d1t,B,270,GLY,-0.4,60.1,0.0,0,0,X,0.0,0.0,0.0,0.0,0.0,0.0,0.0,0.0,26,0.04243095650789788,29,18,11,0,0,0,0,0,0,0,0,1
1d1t,B,271,HIS,-3.2,153.2,0.1,2,1,X,0.0,0.0,0.0,0.0,0.0,0.0,0.0,0.0,23,0.03590311704514436,11,22,-11,0,0,0,0,0,0,0,0,1
1d1t,B,272,LEU,3.8,166.7,0.0,0,0,X,0.0,0.0,0.0,0.0,0.0,0.0,0.0,0.0,26,0.04103213376587927,19,23,-4,0,0,0,0,0,0,0,0,1
1d1t,B,273,GLU,-3.5,138.4,-1.0,1,3,X,0.0,0.0,0.0,0.0,0.0,0.0,0.0,0.0,20,0.030307826077069916,12,13,-1,0,0,0,0,0,0,0,0,1
1d1t,B,274,THR,-0.7,116.1,0.0,1,1,X,0.0,0.0,0.0,0.0,0.0,0.0,0.0,0.0,33,0.04243095650789788,10,26,-16,0,0,0,0,0,0,0,0,1
1d1t,B,275,MET,1.9,162.9,0.0,0,0,X,0.0,0.0,0.0,0.0,0.0,0.0,0.0,0.0,36,0.05222271570202816,13,26,-13,0,0,0,0,0,0,0,0,1
1d1t,B,276,ILE,4.5,166.7,0.0,0,0,X,0.0,0.0,0.0,0.0,0.0,0.0,0.0,0.0,28,0.043829779249916496,10,29,-19,0,0,0,0,0,0,0,0,1
1d1t,B,277,ASP,-3.5,111.1,-1.0,1,3,X,0.0,0.0,0.0,0.0,0.0,0.0,0.0,0.0,31,0.03963331102386066,11,16,-5,0,0,0,0,0,0,0,0,1
1d1t,B,278,ALA,1.8,88.6,0.0,0,0,X,0.0,0.0,0.0,0.0,0.0,0.0,0.0,0.0,41,0.053621538444046775,12,22,-10,0,0,0,0,0,0,0,0,1
1d1t,B,279,LEU,3.8,166.7,0.0,0,0,X,0.0,0.0,0.0,0.0,0.0,0.0,0.0,0.0,41,0.050823892960009553,18,19,-1,0,0,0,0,0,0,0,0,1
1d1t,B,280,ALA,1.8,88.6,0.0,0,0,X,0.0,0.0,0.0,0.0,0.0,0.0,0.0,0.0,36,0.03870076252918159,16,21,-5,0,0,0,0,0,0,0,0,1
1d1t,B,281,SER,-0.8,89.0,0.0,1,1,X,0.0,0.0,0.0,0.0,0.0,0.0,0.0,0.0,42,0.04989134446533048,15,17,-2,0,0,0,0,0,0,0,0,1
1d1t,B,282,CYS,2.5,108.5,0.0,1,0,X,0.0,0.0,0.0,0.0,0.0,0.0,0.0,0.0,39,0.053155264196707235,21,5,16,0,0,0,0,0,0,0,0,1
1d1t,B,283,HIS,-3.2,153.2,0.1,2,1,X,0.0,0.0,0.0,0.0,0.0,0.0,0.0,0.0,37,0.04709369898129325,11,4,7,0,0,0,0,0,0,0,0,1
1d1t,B,284,MET,1.9,162.9,0.0,0,0,X,0.0,0.0,0.0,0.0,0.0,0.0,0.0,0.0,33,0.04709369898129325,21,0,21,0,0,0,0,0,0,0,0,1
1d1t,B,285,ASN,-3.5,114.1,0.0,2,2,X,0.0,0.0,0.0,0.0,0.0,0.0,0.0,0.0,41,0.04709369898129325,28,8,20,0,0,0,0,0,0,0,0,1
1d1t,B,286,TYR,-1.3,193.6,0.0,1,1,X,0.0,0.0,0.0,0.0,0.0,0.0,0.0,0.0,33,0.04709369898129325,31,8,23,0,0,0,0,0,0,0,0,1
1d1t,B,287,GLY,-0.4,60.1,0.0,0,0,X,0.0,0.0,0.0,0.0,0.0,0.0,0.0,0.0,33,0.05129016720734909,32,8,24,0,0,0,0,0,0,0,0,1
1d1t,B,288,THR,-0.7,116.1,0.0,1,1,X,0.0,0.0,0.0,0.0,0.0,0.0,0.0,0.0,38,0.050823892960009553,41,4,37,0,0,0,0,0,0,0,0,1
1d1t,B,289,SER,-0.8,89.0,0.0,1,1,X,0.0,0.0,0.0,0.0,0.0,0.0,0.0,0.0,38,0.05595290968074446,28,12,16,0,0,0,0,0,0,0,0,1
1d1t,B,290,VAL,4.2,140.0,0.0,0,0,X,0.0,0.0,0.0,0.0,0.0,0.0,0.0,0.0,44,0.050823892960009553,15,8,7,0,0,0,0,0,0,0,0,1
1d1t,B,291,VAL,4.2,140.0,0.0,0,0,X,0.0,0.0,0.0,0.0,0.0,0.0,0.0,0.0,42,0.05222271570202816,15,9,6,0,0,0,0,0,0,0,0,1
1d1t,B,292,VAL,4.2,140.0,0.0,0,0,X,0.0,0.0,0.0,0.0,0.0,0.0,0.0,0.0,45,0.048958795970651406,8,9,-1,0,0,0,0,0,0,0,0,1
1d1t,B,293,GLY,-0.4,60.1,0.0,0,0,X,0.0,0.0,0.0,0.0,0.0,0.0,0.0,0.0,39,0.04196468226055834,20,9,11,0,0,0,0,0,0,0,0,1
1d1t,B,294,VAL,4.2,140.0,0.0,0,0,X,0.0,0.0,0.0,0.0,0.0,0.0,0.0,0.0,31,0.03730193978716297,24,9,15,0,0,0,0,0,0,0,0,1
1d1t,B,295,PRO,-1.6,112.7,0.0,0,0,X,0.0,0.0,0.0,0.0,0.0,0.0,0.0,0.0,33,0.04429605349725603,21,15,6,0,0,0,0,0,0,0,0,1
1d1t,B,296,PRO,-1.6,112.7,0.0,0,0,X,0.0,0.0,0.0,0.0,0.0,0.0,0.0,0.0,25,0.035436842797804825,31,9,22,0,0,0,0,0,0,0,0,1
1d1t,B,297,SER,-0.8,89.0,0.0,1,1,X,0.0,0.0,0.0,0.0,0.0,0.0,0.0,0.0,21,0.029375277582390842,20,3,17,0,0,0,0,0,0,0,0,1
1d1t,B,298,ALA,1.8,88.6,0.0,0,0,X,0.0,0.0,0.0,0.0,0.0,0.0,0.0,0.0,15,0.01958351838826056,9,8,1,0,0,0,0,0,0,0,0,1
1d1t,B,299,LYS,-3.9,168.6,1.0,2,0,X,0.0,0.0,0.0,0.0,0.0,0.0,0.0,0.0,19,0.028909003335051305,2,11,-9,0,0,0,0,0,0,0,0,1
1d1t,B,300,MET,1.9,162.9,0.0,0,0,X,0.0,0.0,0.0,0.0,0.0,0.0,0.0,0.0,14,0.034970568550465285,9,8,1,0,0,0,0,0,0,0,0,1
1d1t,B,301,LEU,3.8,166.7,0.0,0,0,X,0.0,0.0,0.0,0.0,0.0,0.0,0.0,0.0,22,0.040565859518539735,10,22,-12,0,0,0,0,0,0,0,0,1
1d1t,B,302,THR,-0.7,116.1,0.0,1,1,X,0.0,0.0,0.0,0.0,0.0,0.0,0.0,0.0,12,0.03450429430312575,5,15,-10,0,0,0,0,0,0,0,0,1
1d1t,B,303,TYR,-1.3,193.6,0.0,1,1,X,0.0,0.0,0.0,0.0,0.0,0.0,0.0,0.0,20,0.040565859518539735,6,10,-4,0,0,0,0,0,0,0,0,1
1d1t,B,304,ASP,-3.5,111.1,-1.0,1,3,X,0.0,0.0,0.0,0.0,0.0,0.0,0.0,0.0,21,0.03450429430312575,11,0,11,0,0,0,0,0,0,0,0,1
1d1t,B,305,PRO,-1.6,112.7,0.0,0,0,X,0.0,0.0,0.0,0.0,0.0,0.0,0.0,0.0,27,0.04662742473395372,11,8,3,0,0,0,0,0,0,0,0,1
1d1t,B,306,MET,1.9,162.9,0.0,0,0,X,0.0,0.0,0.0,0.0,0.0,0.0,0.0,0.0,30,0.035436842797804825,14,8,6,0,0,0,0,0,0,0,0,1
1d1t,B,307,LEU,3.8,166.7,0.0,0,0,X,0.0,0.0,0.0,0.0,0.0,0.0,0.0,0.0,33,0.04476232774459557,17,12,5,0,0,0,0,0,0,0,0,1
1d1t,B,308,LEU,3.8,166.7,0.0,0,0,X,0.0,0.0,0.0,0.0,0.0,0.0,0.0,0.0,31,0.05502036118606539,22,7,15,0,0,0,0,0,0,0,0,1
1d1t,B,309,PHE,2.8,189.9,0.0,0,0,X,0.0,0.0,0.0,0.0,0.0,0.0,0.0,0.0,34,0.04755997322863279,14,5,9,0,0,0,0,0,0,0,0,1
1d1t,B,310,THR,-0.7,116.1,0.0,1,1,X,0.0,0.0,0.0,0.0,0.0,0.0,0.0,0.0,30,0.04662742473395372,25,3,22,0,0,0,0,0,0,0,0,1
1d1t,B,311,GLY,-0.4,60.1,0.0,0,0,X,0.0,0.0,0.0,0.0,0.0,0.0,0.0,0.0,32,0.053621538444046775,30,4,26,0,0,0,0,0,0,0,0,1
1d1t,B,312,ARG,-4.5,173.4,1.0,5,0,X,0.0,0.0,0.0,0.0,0.0,0.0,0.0,0.0,36,0.05502036118606539,18,3,15,0,0,0,0,0,0,0,0,1
1d1t,B,313,THR,-0.7,116.1,0.0,1,1,X,0.0,0.0,0.0,0.0,0.0,0.0,0.0,0.0,29,0.04709369898129325,35,1,34,0,0,0,0,0,0,0,0,1
1d1t,B,314,TRP,-0.9,227.8,0.0,1,0,X,0.0,0.0,0.0,0.0,0.0,0.0,0.0,0.0,30,0.0526889899493677,30,7,23,0,0,0,0,0,0,0,0,1
1d1t,B,315,LYS,-3.9,168.6,1.0,2,0,X,0.0,0.0,0.0,0.0,0.0,0.0,0.0,0.0,33,0.048958795970651406,17,2,15,0,0,0,0,0,0,0,0,1
1d1t,B,316,GLY,-0.4,60.1,0.0,0,0,X,0.0,0.0,0.0,0.0,0.0,0.0,0.0,0.0,43,0.04989134446533048,20,6,14,0,0,0,0,0,0,0,0,1
1d1t,B,317,CYS,2.5,108.5,0.0,1,0,X,0.0,0.0,0.0,0.0,0.0,0.0,0.0,0.0,43,0.04942507021799094,18,7,11,0,0,0,0,0,0,0,0,1
1d1t,B,318,VAL,4.2,140.0,0.0,0,0,X,0.0,0.0,0.0,0.0,0.0,0.0,0.0,0.0,42,0.045228601991935104,5,2,3,0,0,0,0,0,0,0,0,1
1d1t,B,319,PHE,2.8,189.9,0.0,0,0,X,0.0,0.0,0.0,0.0,0.0,0.0,0.0,0.0,41,0.04476232774459557,14,10,4,0,0,0,0,0,0,0,0,1
1d1t,B,320,GLY,-0.4,60.1,0.0,0,0,X,0.0,0.0,0.0,0.0,0.0,0.0,0.0,0.0,44,0.05129016720734909,18,5,13,0,0,0,0,0,0,0,0,1
1d1t,B,321,GLY,-0.4,60.1,0.0,0,0,X,0.0,0.0,0.0,0.0,0.0,0.0,0.0,0.0,40,0.04662742473395372,24,14,10,0,0,0,0,0,0,0,0,1
1d1t,B,322,LEU,3.8,166.7,0.0,0,0,X,0.0,0.0,0.0,0.0,0.0,0.0,0.0,0.0,39,0.045228601991935104,24,17,7,0,0,0,0,0,0,0,0,1
1d1t,B,323,LYS,-3.9,168.6,1.0,2,0,X,0.0,0.0,0.0,0.0,0.0,0.0,0.0,0.0,31,0.045228601991935104,30,21,9,0,0,0,0,0,0,0,0,1
1d1t,B,324,SER,-0.8,89.0,0.0,1,1,X,0.0,0.0,0.0,0.0,0.0,0.0,0.0,0.0,39,0.050823892960009553,33,17,16,0,0,0,0,0,0,0,0,1
1d1t,B,325,ARG,-4.5,173.4,1.0,5,0,X,0.0,0.0,0.0,0.0,0.0,0.0,0.0,0.0,30,0.045694876239274644,25,27,-2,0,0,0,0,0,0,0,0,1
1d1t,B,326,ASP,-3.5,111.1,-1.0,1,3,X,0.0,0.0,0.0,0.0,0.0,0.0,0.0,0.0,24,0.03357174580844668,40,8,32,0,0,0,0,0,0,0,0,1
1d1t,B,327,ASP,-3.5,111.1,-1.0,1,3,X,0.0,0.0,0.0,0.0,0.0,0.0,0.0,0.0,28,0.03916703677652112,32,13,19,0,0,0,0,0,0,0,0,1
1d1t,B,328,VAL,4.2,140.0,0.0,0,0,X,0.0,0.0,0.0,0.0,0.0,0.0,0.0,0.0,38,0.04942507021799094,28,24,4,0,0,0,0,0,0,0,0,1
1d1t,B,329,PRO,-1.6,112.7,0.0,0,0,X,0.0,0.0,0.0,0.0,0.0,0.0,0.0,0.0,32,0.040565859518539735,29,32,-3,0,0,0,0,0,0,0,0,1
1d1t,B,330,LYS,-3.9,168.6,1.0,2,0,X,0.0,0.0,0.0,0.0,0.0,0.0,0.0,0.0,22,0.03450429430312575,15,26,-11,0,0,0,0,0,0,0,0,1
1d1t,B,331,LEU,3.8,166.7,0.0,0,0,X,0.0,0.0,0.0,0.0,0.0,0.0,0.0,0.0,33,0.043363505002576956,22,21,1,0,0,0,0,0,0,0,0,1
1d1t,B,332,VAL,4.2,140.0,0.0,0,0,X,0.0,0.0,0.0,0.0,0.0,0.0,0.0,0.0,36,0.04989134446533048,25,28,-3,0,0,0,0,0,0,0,0,1
1d1t,B,333,THR,-0.7,116.1,0.0,1,1,X,0.0,0.0,0.0,0.0,0.0,0.0,0.0,0.0,22,0.03823448828184205,19,22,-3,0,0,0,0,0,0,0,0,1
1d1t,B,334,GLU,-3.5,138.4,-1.0,1,3,X,0.0,0.0,0.0,0.0,0.0,0.0,0.0,0.0,19,0.03916703677652112,23,5,18,0,0,0,0,0,0,0,0,1
1d1t,B,335,PHE,2.8,189.9,0.0,0,0,X,0.0,0.0,0.0,0.0,0.0,0.0,0.0,0.0,31,0.045694876239274644,29,24,5,0,0,0,0,0,0,0,0,1
1d1t,B,336,LEU,3.8,166.7,0.0,0,0,X,0.0,0.0,0.0,0.0,0.0,0.0,0.0,0.0,21,0.03590311704514436,22,20,2,0,0,0,0,0,0,0,0,1
1d1t,B,337,ALA,1.8,88.6,0.0,0,0,X,0.0,0.0,0.0,0.0,0.0,0.0,0.0,0.0,11,0.02611135785101408,20,10,10,0,0,0,0,0,0,0,0,1
1d1t,B,338,LYS,-3.9,168.6,1.0,2,0,X,0.0,0.0,0.0,0.0,0.0,0.0,0.0,0.0,14,0.029375277582390842,10,15,-5,0,0,0,0,0,0,0,0,1
1d1t,B,339,LYS,-3.9,168.6,1.0,2,0,X,0.0,0.0,0.0,0.0,0.0,0.0,0.0,0.0,16,0.028909003335051305,11,13,-2,0,0,0,0,0,0,0,0,1
1d1t,B,340,PHE,2.8,189.9,0.0,0,0,X,0.0,0.0,0.0,0.0,0.0,0.0,0.0,0.0,26,0.03450429430312575,21,20,1,0,0,0,0,0,0,0,0,1
1d1t,B,341,ASP,-3.5,111.1,-1.0,1,3,X,0.0,0.0,0.0,0.0,0.0,0.0,0.0,0.0,24,0.03683566553982344,31,18,13,0,0,0,0,0,0,0,0,1
1d1t,B,342,LEU,3.8,166.7,0.0,0,0,X,0.0,0.0,0.0,0.0,0.0,0.0,0.0,0.0,37,0.04755997322863279,24,31,-7,0,0,0,0,0,0,0,0,1
1d1t,B,343,ASP,-3.5,111.1,-1.0,1,3,X,0.0,0.0,0.0,0.0,0.0,0.0,0.0,0.0,27,0.04196468226055834,37,25,12,0,0,0,0,0,0,0,0,1
1d1t,B,344,GLN,-3.5,143.8,0.0,2,2,X,0.0,0.0,0.0,0.0,0.0,0.0,0.0,0.0,30,0.03823448828184205,27,27,0,0,0,0,0,0,0,0,0,1
1d1t,B,345,LEU,3.8,166.7,0.0,0,0,X,0.0,0.0,0.0,0.0,0.0,0.0,0.0,0.0,37,0.04662742473395372,30,25,5,0,0,0,0,0,0,0,0,1
1d1t,B,346,ILE,4.5,166.7,0.0,0,0,X,0.0,0.0,0.0,0.0,0.0,0.0,0.0,0.0,34,0.045694876239274644,43,34,9,0,0,0,0,0,0,0,0,1
1d1t,B,347,THR,-0.7,116.1,0.0,1,1,X,0.0,0.0,0.0,0.0,0.0,0.0,0.0,0.0,26,0.03776821403450251,40,12,28,0,0,0,0,0,0,0,0,1
1d1t,B,348,HIS,-3.2,153.2,0.1,2,1,X,0.0,0.0,0.0,0.0,0.0,0.0,0.0,0.0,26,0.03730193978716297,23,10,13,0,0,0,0,0,0,0,0,1
1d1t,B,349,VAL,4.2,140.0,0.0,0,0,X,0.0,0.0,0.0,0.0,0.0,0.0,0.0,0.0,36,0.03916703677652112,38,16,22,0,0,0,0,0,0,0,0,1
1d1t,B,350,LEU,3.8,166.7,0.0,0,0,X,0.0,0.0,0.0,0.0,0.0,0.0,0.0,0.0,29,0.03823448828184205,32,10,22,0,0,0,0,0,0,0,0,1
1d1t,B,351,PRO,-1.6,112.7,0.0,0,0,X,0.0,0.0,0.0,0.0,0.0,0.0,0.0,0.0,27,0.03963331102386066,24,8,16,0,0,0,0,0,0,0,0,1
1d1t,B,352,PHE,2.8,189.9,0.0,0,0,X,0.0,0.0,0.0,0.0,0.0,0.0,0.0,0.0,37,0.04196468226055834,25,12,13,0,0,0,0,0,0,0,0,1
1d1t,B,353,LYS,-3.9,168.6,1.0,2,0,X,0.0,0.0,0.0,0.0,0.0,0.0,0.0,0.0,21,0.028909003335051305,17,7,10,0,0,0,0,0,0,0,0,1
1d1t,B,354,LYS,-3.9,168.6,1.0,2,0,X,0.0,0.0,0.0,0.0,0.0,0.0,0.0,0.0,23,0.03590311704514436,14,11,3,0,0,0,0,0,0,0,0,1
1d1t,B,355,ILE,4.5,166.7,0.0,0,0,X,0.0,0.0,0.0,0.0,0.0,0.0,0.0,0.0,34,0.04662742473395372,16,16,0,0,0,0,0,0,0,0,0,1
1d1t,B,356,SER,-0.8,89.0,0.0,1,1,X,0.0,0.0,0.0,0.0,0.0,0.0,0.0,0.0,26,0.03357174580844668,13,20,-7,0,0,0,0,0,0,0,0,1
1d1t,B,357,GLU,-3.5,138.4,-1.0,1,3,X,0.0,0.0,0.0,0.0,0.0,0.0,0.0,0.0,22,0.032172923066428064,23,9,14,0,0,0,0,0,0,0,0,1
1d1t,B,358,GLY,-0.4,60.1,0.0,0,0,X,0.0,0.0,0.0,0.0,0.0,0.0,0.0,0.0,33,0.04989134446533048,26,22,4,0,0,0,0,0,0,0,0,1
1d1t,B,359,PHE,2.8,189.9,0.0,0,0,X,0.0,0.0,0.0,0.0,0.0,0.0,0.0,0.0,36,0.04429605349725603,22,31,-9,0,0,0,0,0,0,0,0,1
1d1t,B,360,GLU,-3.5,138.4,-1.0,1,3,X,0.0,0.0,0.0,0.0,0.0,0.0,0.0,0.0,19,0.032172923066428064,7,13,-6,0,0,0,0,0,0,0,0,1
1d1t,B,361,LEU,3.8,166.7,0.0,0,0,X,0.0,0.0,0.0,0.0,0.0,0.0,0.0,0.0,25,0.04289723075523742,20,18,2,0,0,0,0,0,0,0,0,1
1d1t,B,362,LEU,3.8,166.7,0.0,0,0,X,0.0,0.0,0.0,0.0,0.0,0.0,0.0,0.0,31,0.048026247475972325,35,25,10,0,0,0,0,0,0,0,0,1
1d1t,B,363,ASN,-3.5,114.1,0.0,2,2,X,0.0,0.0,0.0,0.0,0.0,0.0,0.0,0.0,22,0.03170664881908853,19,21,-2,0,0,0,0,0,0,0,0,1
1d1t,B,364,SER,-0.8,89.0,0.0,1,1,X,0.0,0.0,0.0,0.0,0.0,0.0,0.0,0.0,17,0.026577632098353617,11,14,-3,0,0,0,0,0,0,0,0,1
1d1t,B,365,GLY,-0.4,60.1,0.0,0,0,X,0.0,0.0,0.0,0.0,0.0,0.0,0.0,0.0,24,0.03170664881908853,19,21,-2,0,0,0,0,0,0,0,0,1
1d1t,B,366,GLN,-3.5,143.8,0.0,2,2,X,0.0,0.0,0.0,0.0,0.0,0.0,0.0,0.0,18,0.032639197313767604,14,21,-7,0,0,0,0,0,0,0,0,1
1d1t,B,367,SER,-0.8,89.0,0.0,1,1,X,0.0,0.0,0.0,0.0,0.0,0.0,0.0,0.0,31,0.04103213376587927,35,10,25,0,0,0,0,0,0,0,0,1
1d1t,B,368,ILE,4.5,166.7,0.0,0,0,X,0.0,0.0,0.0,0.0,0.0,0.0,0.0,0.0,38,0.043829779249916496,44,6,38,0,0,0,0,0,0,0,0,1
1d1t,B,369,ARG,-4.5,173.4,1.0,5,0,X,0.0,0.0,0.0,0.0,0.0,0.0,0.0,0.0,44,0.04989134446533048,21,15,6,0,0,0,0,0,0,0,0,1
1d1t,B,370,THR,-0.7,116.1,0.0,1,1,X,0.0,0.0,0.0,0.0,0.0,0.0,0.0,0.0,38,0.053621538444046775,28,21,7,0,0,0,0,0,0,0,0,1
1d1t,B,371,VAL,4.2,140.0,0.0,0,0,X,0.0,0.0,0.0,0.0,0.0,0.0,0.0,0.0,40,0.04989134446533048,36,19,17,0,0,0,0,0,0,0,0,1
1d1t,B,372,LEU,3.8,166.7,0.0,0,0,X,0.0,0.0,0.0,0.0,0.0,0.0,0.0,0.0,38,0.053155264196707235,26,16,10,0,0,0,0,0,0,0,0,1
1d1t,B,373,THR,-0.7,116.1,0.0,1,1,X,0.0,0.0,0.0,0.0,0.0,0.0,0.0,0.0,31,0.04149840801321881,19,9,10,0,0,0,0,0,0,0,0,1
1d1t,B,374,PHE,2.8,189.9,0.0,0,0,X,0.0,0.0,0.0,0.0,0.0,0.0,0.0,0.0,30,0.03916703677652112,28,10,18,0,0,0,0,0,0,0,0,1
1d1t,C,1,GLY,-0.4,60.1,0.0,0,0,X,0.0,0.0,0.0,0.0,0.0,0.0,0.0,0.0,10,0.01165685618348843,13,7,6,0,0,0,0,0,0,0,0,1
1d1t,C,2,THR,-0.7,116.1,0.0,1,1,X,0.0,0.0,0.0,0.0,0.0,0.0,0.0,0.0,19,0.027510180593032695,25,9,16,0,0,0,0,0,0,0,0,1
1d1t,C,3,ALA,1.8,88.6,0.0,0,0,X,0.0,0.0,0.0,0.0,0.0,0.0,0.0,0.0,18,0.02797645484037223,19,9,10,0,0,0,0,0,0,0,0,1
1d1t,C,4,GLY,-0.4,60.1,0.0,0,0,X,0.0,0.0,0.0,0.0,0.0,0.0,0.0,0.0,16,0.026577632098353617,18,6,12,0,0,0,0,0,0,0,0,1
1d1t,C,5,LYS,-3.9,168.6,1.0,2,0,X,0.0,0.0,0.0,0.0,0.0,0.0,0.0,0.0,14,0.02844272908771177,8,4,4,0,0,0,0,0,0,0,0,1
1d1t,C,6,VAL,4.2,140.0,0.0,0,0,X,0.0,0.0,0.0,0.0,0.0,0.0,0.0,0.0,22,0.03403802005578621,28,12,16,0,0,0,0,0,0,0,0,1
1d1t,C,7,ILE,4.5,166.7,0.0,0,0,X,0.0,0.0,0.0,0.0,0.0,0.0,0.0,0.0,29,0.040099585271200194,37,30,7,0,0,0,0,0,0,0,0,1
1d1t,C,8,LYS,-3.9,168.6,1.0,2,0,X,0.0,0.0,0.0,0.0,0.0,0.0,0.0,0.0,17,0.03450429430312575,14,24,-10,0,0,0,0,0,0,0,0,1
1d1t,C,9,CYS,2.5,108.5,0.0,1,0,X,0.0,0.0,0.0,0.0,0.0,0.0,0.0,0.0,30,0.03963331102386066,26,32,-6,0,0,0,0,0,0,0,0,1
1d1t,C,10,LYS,-3.9,168.6,1.0,2,0,X,0.0,0.0,0.0,0.0,0.0,0.0,0.0,0.0,22,0.040099585271200194,13,29,-16,0,0,0,0,0,0,0,0,1
1d1t,C,11,ALA,1.8,88.6,0.0,0,0,X,0.0,0.0,0.0,0.0,0.0,0.0,0.0,0.0,35,0.04616115048661418,15,31,-16,0,0,0,0,0,0,0,0,1
1d1t,C,12,ALA,1.8,88.6,0.0,0,0,X,0.0,0.0,0.0,0.0,0.0,0.0,0.0,0.0,37,0.04942507021799094,12,17,-5,0,0,0,0,0,0,0,0,1
1d1t,C,13,VAL,4.2,140.0,0.0,0,0,X,0.0,0.0,0.0,0.0,0.0,0.0,0.0,0.0,34,0.053621538444046775,14,17,-3,0,0,0,0,0,0,0,0,1
1d1t,C,14,LEU,3.8,166.7,0.0,0,0,X,0.0,0.0,0.0,0.0,0.0,0.0,0.0,0.0,32,0.053155264196707235,17,17,0,0,0,0,0,0,0,0,0,1
1d1t,C,15,TRP,-0.9,227.8,0.0,1,0,X,0.0,0.0,0.0,0.0,0.0,0.0,0.0,0.0,26,0.040565859518539735,22,19,3,0,0,0,0,0,0,0,0,1
1d1t,C,16,GLU,-3.5,138.4,-1.0,1,3,X,0.0,0.0,0.0,0.0,0.0,0.0,0.0,0.0,14,0.03450429430312575,11,0,11,0,0,0,0,0,0,0,0,1
1d1t,C,17,GLN,-3.5,143.8,0.0,2,2,X,0.0,0.0,0.0,0.0,0.0,0.0,0.0,0.0,19,0.0363693912924839,23,10,13,0,0,0,0,0,0,0,0,1
1d1t,C,18,LYS,-3.9,168.6,1.0,2,0,X,0.0,0.0,0.0,0.0,0.0,0.0,0.0,0.0,14,0.030774100324409453,12,12,0,0,0,0,0,0,0,0,0,1
1d1t,C,19,GLN,-3.5,143.8,0.0,2,2,X,0.0,0.0,0.0,0.0,0.0,0.0,0.0,0.0,16,0.028909003335051305,12,9,3,0,0,0,0,0,0,0,0,1
1d1t,C,20,PRO,-1.6,112.7,0.0,0,0,X,0.0,0.0,0.0,0.0,0.0,0.0,0.0,0.0,18,0.02797645484037223,7,7,0,0,0,0,0,0,0,0,0,1
1d1t,C,21,PHE,2.8,189.9,0.0,0,0,X,0.0,0.0,0.0,0.0,0.0,0.0,0.0,0.0,33,0.03590311704514436,9,20,-11,0,0,0,0,0,0,0,0,1
1d1t,C,22,SER,-0.8,89.0,0.0,1,1,X,0.0,0.0,0.0,0.0,0.0,0.0,0.0,0.0,25,0.03403802005578621,8,15,-7,0,0,0,0,0,0,0,0,1
1d1t,C,23,ILE,4.5,166.7,0.0,0,0,X,0.0,0.0,0.0,0.0,0.0,0.0,0.0,0.0,25,0.03450429430312575,21,21,0,0,0,0,0,0,0,0,0,1
1d1t,C,24,GLU,-3.5,138.4,-1.0,1,3,X,0.0,0.0,0.0,0.0,0.0,0.0,0.0,0.0,23,0.03730193978716297,17,13,4,0,0,0,0,0,0,0,0,1
1d1t,C,25,GLU,-3.5,138.4,-1.0,1,3,X,0.0,0.0,0.0,0.0,0.0,0.0,0.0,0.0,19,0.03590311704514436,25,24,1,0,0,0,0,0,0,0,0,1
1d1t,C,26,ILE,4.5,166.7,0.0,0,0,X,0.0,0.0,0.0,0.0,0.0,0.0,0.0,0.0,32,0.045228601991935104,29,35,-6,0,0,0,0,0,0,0,0,1
1d1t,C,27,GLU,-3.5,138.4,-1.0,1,3,X,0.0,0.0,0.0,0.0,0.0,0.0,0.0,0.0,27,0.040565859518539735,32,13,19,0,0,0,0,0,0,0,0,1
1d1t,C,28,VAL,4.2,140.0,0.0,0,0,X,0.0,0.0,0.0,0.0,0.0,0.0,0.0,0.0,35,0.05408781269138631,42,22,20,0,0,0,0,0,0,0,0,1
1d1t,C,29,ALA,1.8,88.6,0.0,0,0,X,0.0,0.0,0.0,0.0,0.0,0.0,0.0,0.0,32,0.04196468226055834,42,16,26,0,0,0,0,0,0,0,0,1
1d1t,C,30,PRO,-1.6,112.7,0.0,0,0,X,0.0,0.0,0.0,0.0,0.0,0.0,0.0,0.0,29,0.043829779249916496,38,18,20,0,0,0,0,0,0,0,0,1
1d1t,C,31,PRO,-1.6,112.7,0.0,0,0,X,0.0,0.0,0.0,0.0,0.0,0.0,0.0,0.0,32,0.048958795970651406,40,30,10,0,0,0,0,0,0,0,0,1
1d1t,C,32,LYS,-3.9,168.6,1.0,2,0,X,0.0,0.0,0.0,0.0,0.0,0.0,0.0,0.0,23,0.03357174580844668,20,30,-10,0,0,0,0,0,0,0,0,1
1d1t,C,33,THR,-0.7,116.1,0.0,1,1,X,0.0,0.0,0.0,0.0,0.0,0.0,0.0,0.0,21,0.030774100324409453,25,38,-13,0,0,0,0,0,0,0,0,1
1d1t,C,34,LYS,-3.9,168.6,1.0,2,0,X,0.0,0.0,0.0,0.0,0.0,0.0,0.0,0.0,23,0.040565859518539735,14,38,-24,0,0,0,0,0,0,0,0,1
1d1t,C,35,GLU,-3.5,138.4,-1.0,1,3,X,0.0,0.0,0.0,0.0,0.0,0.0,0.0,0.0,32,0.053155264196707235,39,29,10,0,0,0,0,0,0,0,0,1
1d1t,C,36,VAL,4.2,140.0,0.0,0,0,X,0.0,0.0,0.0,0.0,0.0,0.0,0.0,0.0,44,0.05502036118606539,32,41,-9,0,0,0,0,0,0,0,0,1
1d1t,C,37,ARG,-4.5,173.4,1.0,5,0,X,0.0,0.0,0.0,0.0,0.0,0.0,0.0,0.0,36,0.053155264196707235,25,21,4,0,0,0,0,0,0,0,0,1
1d1t,C,38,ILE,4.5,166.7,0.0,0,0,X,0.0,0.0,0.0,0.0,0.0,0.0,0.0,0.0,44,0.05455408693872585,25,26,-1,0,0,0,0,0,0,0,0,1
1d1t,C,39,LYS,-3.9,168.6,1.0,2,0,X,0.0,0.0,0.0,0.0,0.0,0.0,0.0,0.0,25,0.04616115048661418,10,21,-11,0,0,0,0,0,0,0,0,1
1d1t,C,40,ILE,4.5,166.7,0.0,0,0,X,0.0,0.0,0.0,0.0,0.0,0.0,0.0,0.0,40,0.05408781269138631,18,15,3,0,0,0,0,0,0,0,0,1
1d1t,C,41,LEU,3.8,166.7,0.0,0,0,X,0.0,0.0,0.0,0.0,0.0,0.0,0.0,0.0,33,0.04196468226055834,18,18,0,0,0,0,0,0,0,0,0,1
1d1t,C,42,ALA,1.8,88.6,0.0,0,0,X,0.0,0.0,0.0,0.0,0.0,0.0,0.0,0.0,39,0.04989134446533048,17,21,-4,0,0,0,0,0,0,0,0,1
1d1t,C,43,THR,-0.7,116.1,0.0,1,1,X,0.0,0.0,0.0,0.0,0.0,0.0,0.0,0.0,42,0.05502036118606539,22,20,2,0,0,0,0,0,0,0,0,1
1d1t,C,44,GLY,-0.4,60.1,0.0,0,0,X,0.0,0.0,0.0,0.0,0.0,0.0,0.0,0.0,44,0.04942507021799094,30,20,10,0,0,0,0,0,0,0,0,1
1d1t,C,45,ILE,4.5,166.7,0.0,0,0,X,0.0,0.0,0.0,0.0,0.0,0.0,0.0,0.0,45,0.053155264196707235,39,31,8,0,0,0,0,0,0,0,0,1
1d1t,C,46,CYS,2.5,108.5,0.0,1,0,X,0.0,0.0,0.0,0.0,0.0,0.0,0.0,0.0,40,0.043829779249916496,41,25,16,0,0,0,0,0,0,0,0,1
1d1t,C,47,ARG,-4.5,173.4,1.0,5,0,X,0.0,0.0,0.0,0.0,0.0,0.0,0.0,0.0,33,0.03590311704514436,26,16,10,0,0,0,0,0,0,0,0,1
1d1t,C,48,THR,-0.7,116.1,0.0,1,1,X,0.0,0.0,0.0,0.0,0.0,0.0,0.0,0.0,35,0.03916703677652112,38,21,17,0,0,0,0,0,0,0,0,1
1d1t,C,49,ASP,-3.5,111.1,-1.0,1,3,X,0.0,0.0,0.0,0.0,0.0,0.0,0.0,0.0,37,0.0526889899493677,38,17,21,0,0,0,0,0,0,0,0,1
1d1t,C,50,ASP,-3.5,111.1,-1.0,1,3,X,0.0,0.0,0.0,0.0,0.0,0.0,0.0,0.0,27,0.048026247475972325,36,10,26,0,0,0,0,0,0,0,0,1
1d1t,C,51,HIS,-3.2,153.2,0.1,2,1,X,0.0,0.0,0.0,0.0,0.0,0.0,0.0,0.0,28,0.04196468226055834,25,16,9,0,0,0,0,0,0,0,0,1
1d1t,C,52,VAL,4.2,140.0,0.0,0,0,X,0.0,0.0,0.0,0.0,0.0,0.0,0.0,0.0,33,0.050823892960009553,37,20,17,0,0,0,0,0,0,0,0,1
1d1t,C,53,ILE,4.5,166.7,0.0,0,0,X,0.0,0.0,0.0,0.0,0.0,0.0,0.0,0.0,30,0.04662742473395372,32,21,11,0,0,0,0,0,0,0,0,1
1d1t,C,54,LYS,-3.9,168.6,1.0,2,0,X,0.0,0.0,0.0,0.0,0.0,0.0,0.0,0.0,21,0.03590311704514436,28,14,14,0,0,0,0,0,0,0,0,1
1d1t,C,55,GLY,-0.4,60.1,0.0,0,0,X,0.0,0.0,0.0,0.0,0.0,0.0,0.0,0.0,23,0.03590311704514436,32,12,20,0,0,0,0,0,0,0,0,1
1d1t,C,56,THR,-0.7,116.1,0.0,1,1,X,0.0,0.0,0.0,0.0,0.0,0.0,0.0,0.0,23,0.035436842797804825,37,11,26,0,0,0,0,0,0,0,0,1
1d1t,C,57,MET,1.9,162.9,0.0,0,0,X,0.0,0.0,0.0,0.0,0.0,0.0,0.0,0.0,32,0.03916703677652112,24,17,7,0,0,0,0,0,0,0,0,1
1d1t,C,58,VAL,4.2,140.0,0.0,0,0,X,0.0,0.0,0.0,0.0,0.0,0.0,0.0,0.0,28,0.029375277582390842,23,7,16,0,0,0,0,0,0,0,0,1
1d1t,C,59,SER,-0.8,89.0,0.0,1,1,X,0.0,0.0,0.0,0.0,0.0,0.0,0.0,0.0,33,0.0363693912924839,35,11,24,0,0,0,0,0,0,0,0,1
1d1t,C,60,LYS,-3.9,168.6,1.0,2,0,X,0.0,0.0,0.0,0.0,0.0,0.0,0.0,0.0,24,0.03170664881908853,25,4,21,0,0,0,0,0,0,0,0,1
1d1t,C,61,PHE,2.8,189.9,0.0,0,0,X,0.0,0.0,0.0,0.0,0.0,0.0,0.0,0.0,25,0.03916703677652112,24,9,15,0,0,0,0,0,0,0,0,1
1d1t,C,62,PRO,-1.6,112.7,0.0,0,0,X,0.0,0.0,0.0,0.0,0.0,0.0,0.0,0.0,28,0.04476232774459557,32,12,20,0,0,0,0,0,0,0,0,1
1d1t,C,63,VAL,4.2,140.0,0.0,0,0,X,0.0,0.0,0.0,0.0,0.0,0.0,0.0,0.0,41,0.05222271570202816,28,9,19,0,0,0,0,0,0,0,0,1
1d1t,C,64,ILE,4.5,166.7,0.0,0,0,X,0.0,0.0,0.0,0.0,0.0,0.0,0.0,0.0,47,0.05455408693872585,28,7,21,0,0,0,0,0,0,0,0,1
1d1t,C,65,VAL,4.2,140.0,0.0,0,0,X,0.0,0.0,0.0,0.0,0.0,0.0,0.0,0.0,43,0.05455408693872585,25,16,9,0,0,0,0,0,0,0,0,1
1d1t,C,66,GLY,-0.4,60.1,0.0,0,0,X,0.0,0.0,0.0,0.0,0.0,0.0,0.0,0.0,44,0.05548663543340492,21,19,2,0,0,0,0,0,0,0,0,1
1d1t,C,67,HIS,-3.2,153.2,0.1,2,1,X,0.0,0.0,0.0,0.0,0.0,0.0,0.0,0.0,41,0.05921682941212122,10,18,-8,0,0,0,0,0,0,0,0,1
1d1t,C,68,GLU,-3.5,138.4,-1.0,1,3,X,0.0,0.0,0.0,0.0,0.0,0.0,0.0,0.0,45,0.05502036118606539,25,9,16,0,0,0,0,0,0,0,0,1
1d1t,C,69,ALA,1.8,88.6,0.0,0,0,X,0.0,0.0,0.0,0.0,0.0,0.0,0.0,0.0,49,0.053621538444046775,20,15,5,0,0,0,0,0,0,0,0,1
1d1t,C,70,THR,-0.7,116.1,0.0,1,1,X,0.0,0.0,0.0,0.0,0.0,0.0,0.0,0.0,41,0.056419183928083996,23,19,4,0,0,0,0,0,0,0,0,1
1d1t,C,71,GLY,-0.4,60.1,0.0,0,0,X,0.0,0.0,0.0,0.0,0.0,0.0,0.0,0.0,41,0.048958795970651406,26,22,4,0,0,0,0,0,0,0,0,1
1d1t,C,72,ILE,4.5,166.7,0.0,0,0,X,0.0,0.0,0.0,0.0,0.0,0.0,0.0,0.0,32,0.04196468226055834,29,24,5,0,0,0,0,0,0,0,0,1
1d1t,C,73,VAL,4.2,140.0,0.0,0,0,X,0.0,0.0,0.0,0.0,0.0,0.0,0.0,0.0,34,0.05175644145468863,37,20,17,0,0,0,0,0,0,0,0,1
1d1t,C,74,GLU,-3.5,138.4,-1.0,1,3,X,0.0,0.0,0.0,0.0,0.0,0.0,0.0,0.0,33,0.045694876239274644,28,8,20,0,0,0,0,0,0,0,0,1
1d1t,C,75,SER,-0.8,89.0,0.0,1,1,X,0.0,0.0,0.0,0.0,0.0,0.0,0.0,0.0,32,0.04196468226055834,28,20,8,0,0,0,0,0,0,0,0,1
1d1t,C,76,ILE,4.5,166.7,0.0,0,0,X,0.0,0.0,0.0,0.0,0.0,0.0,0.0,0.0,29,0.04429605349725603,27,36,-9,0,0,0,0,0,0,0,0,1
1d1t,C,77,GLY,-0.4,60.1,0.0,0,0,X,0.0,0.0,0.0,0.0,0.0,0.0,0.0,0.0,27,0.04103213376587927,27,30,-3,0,0,0,0,0,0,0,0,1
1d1t,C,78,GLU,-3.5,138.4,-1.0,1,3,X,0.0,0.0,0.0,0.0,0.0,0.0,0.0,0.0,12,0.028909003335051305,15,11,4,0,0,0,0,0,0,0,0,1
1d1t,C,79,GLY,-0.4,60.1,0.0,0,0,X,0.0,0.0,0.0,0.0,0.0,0.0,0.0,0.0,14,0.02797645484037223,13,23,-10,0,0,0,0,0,0,0,0,1
1d1t,C,80,VAL,4.2,140.0,0.0,0,0,X,0.0,0.0,0.0,0.0,0.0,0.0,0.0,0.0,25,0.03916703677652112,22,28,-6,0,0,0,0,0,0,0,0,1
1d1t,C,81,THR,-0.7,116.1,0.0,1,1,X,0.0,0.0,0.0,0.0,0.0,0.0,0.0,0.0,16,0.02144861537761871,20,17,3,0,0,0,0,0,0,0,0,1
1d1t,C,82,THR,-0.7,116.1,0.0,1,1,X,0.0,0.0,0.0,0.0,0.0,0.0,0.0,0.0,25,0.02844272908771177,37,19,18,0,0,0,0,0,0,0,0,1
1d1t,C,83,VAL,4.2,140.0,0.0,0,0,X,0.0,0.0,0.0,0.0,0.0,0.0,0.0,0.0,32,0.03916703677652112,31,26,5,0,0,0,0,0,0,0,0,1
1d1t,C,84,LYS,-3.9,168.6,1.0,2,0,X,0.0,0.0,0.0,0.0,0.0,0.0,0.0,0.0,18,0.035436842797804825,10,15,-5,0,0,0,0,0,0,0,0,1
1d1t,C,85,PRO,-1.6,112.7,0.0,0,0,X,0.0,0.0,0.0,0.0,0.0,0.0,0.0,0.0,20,0.032639197313767604,21,17,4,0,0,0,0,0,0,0,0,1
1d1t,C,86,GLY,-0.4,60.1,0.0,0,0,X,0.0,0.0,0.0,0.0,0.0,0.0,0.0,0.0,20,0.02797645484037223,33,23,10,0,0,0,0,0,0,0,0,1
1d1t,C,87,ASP,-3.5,111.1,-1.0,1,3,X,0.0,0.0,0.0,0.0,0.0,0.0,0.0,0.0,25,0.040565859518539735,30,17,13,0,0,0,0,0,0,0,0,1
1d1t,C,88,LYS,-3.9,168.6,1.0,2,0,X,0.0,0.0,0.0,0.0,0.0,0.0,0.0,0.0,33,0.04429605349725603,14,26,-12,0,0,0,0,0,0,0,0,1
1d1t,C,89,VAL,4.2,140.0,0.0,0,0,X,0.0,0.0,0.0,0.0,0.0,0.0,0.0,0.0,40,0.04755997322863279,29,22,7,0,0,0,0,0,0,0,0,1
1d1t,C,90,ILE,4.5,166.7,0.0,0,0,X,0.0,0.0,0.0,0.0,0.0,0.0,0.0,0.0,48,0.048958795970651406,27,12,15,0,0,0,0,0,0,0,0,1
1d1t,C,91,PRO,-1.6,112.7,0.0,0,0,X,0.0,0.0,0.0,0.0,0.0,0.0,0.0,0.0,50,0.05035761871267001,19,12,7,0,0,0,0,0,0,0,0,1
1d1t,C,92,LEU,3.8,166.7,0.0,0,0,X,0.0,0.0,0.0,0.0,0.0,0.0,0.0,0.0,43,0.05455408693872585,25,16,9,0,0,0,0,0,0,0,0,1
1d1t,C,93,PHE,2.8,189.9,0.0,0,0,X,0.0,0.0,0.0,0.0,0.0,0.0,0.0,0.0,44,0.050823892960009553,12,15,-3,0,0,0,0,0,0,0,0,1
1d1t,C,94,LEU,3.8,166.7,0.0,0,0,X,0.0,0.0,0.0,0.0,0.0,0.0,0.0,0.0,42,0.04989134446533048,23,6,17,0,0,0,0,0,0,0,0,1
1d1t,C,95,PRO,-1.6,112.7,0.0,0,0,X,0.0,0.0,0.0,0.0,0.0,0.0,0.0,0.0,38,0.05408781269138631,31,19,12,0,0,0,0,0,0,0,0,1
1d1t,C,96,GLN,-3.5,143.8,0.0,2,2,X,0.0,0.0,0.0,0.0,0.0,0.0,0.0,0.0,35,0.0526889899493677,44,26,18,0,0,0,0,0,0,0,0,1
1d1t,C,97,CYS,2.5,108.5,0.0,1,0,X,0.0,0.0,0.0,0.0,0.0,0.0,0.0,0.0,27,0.04149840801321881,42,20,22,0,0,0,0,0,0,0,0,1
1d1t,C,98,ARG,-4.5,173.4,1.0,5,0,X,0.0,0.0,0.0,0.0,0.0,0.0,0.0,0.0,22,0.03450429430312575,30,18,12,0,0,0,0,0,0,0,0,1
1d1t,C,99,GLU,-3.5,138.4,-1.0,1,3,X,0.0,0.0,0.0,0.0,0.0,0.0,0.0,0.0,14,0.025645083603674543,30,0,30,0,0,0,0,0,0,0,0,1
1d1t,C,100,CYS,2.5,108.5,0.0,1,0,X,0.0,0.0,0.0,0.0,0.0,0.0,0.0,0.0,24,0.03310547156110714,34,9,25,0,0,0,0,0,0,0,0,1
1d1t,C,101,ASN,-3.5,114.1,0.0,2,2,X,0.0,0.0,0.0,0.0,0.0,0.0,0.0,0.0,25,0.03870076252918159,24,8,16,0,0,0,0,0,0,0,0,1
1d1t,C,102,ALA,1.8,88.6,0.0,0,0,X,0.0,0.0,0.0,0.0,0.0,0.0,0.0,0.0,31,0.04989134446533048,31,12,19,0,0,0,0,0,0,0,0,1
1d1t,C,103,CYS,2.5,108.5,0.0,1,0,X,0.0,0.0,0.0,0.0,0.0,0.0,0.0,0.0,28,0.048492521723311866,39,17,22,0,0,0,0,0,0,0,0,1
1d1t,C,104,ARG,-4.5,173.4,1.0,5,0,X,0.0,0.0,0.0,0.0,0.0,0.0,0.0,0.0,14,0.03450429430312575,12,9,3,0,0,0,0,0,0,0,0,1
1d1t,C,105,ASN,-3.5,114.1,0.0,2,2,X,0.0,0.0,0.0,0.0,0.0,0.0,0.0,0.0,24,0.03124037457174899,24,9,15,0,0,0,0,0,0,0,0,1
1d1t,C,106,PRO,-1.6,112.7,0.0,0,0,X,0.0,0.0,0.0,0.0,0.0,0.0,0.0,0.0,18,0.02331371236697686,19,9,10,0,0,0,0,0,0,0,0,1
1d1t,C,107,ASP,-3.5,111.1,-1.0,1,3,X,0.0,0.0,0.0,0.0,0.0,0.0,0.0,0.0,25,0.028909003335051305,28,0,28,0,0,0,0,0,0,0,0,1
1d1t,C,108,GLY,-0.4,60.1,0.0,0,0,X,0.0,0.0,0.0,0.0,0.0,0.0,0.0,0.0,34,0.045694876239274644,27,10,17,0,0,0,0,0,0,0,0,1
1d1t,C,109,ASN,-3.5,114.1,0.0,2,2,X,0.0,0.0,0.0,0.0,0.0,0.0,0.0,0.0,40,0.0526889899493677,22,11,11,0,0,0,0,0,0,0,0,1
1d1t,C,110,LEU,3.8,166.7,0.0,0,0,X,0.0,0.0,0.0,0.0,0.0,0.0,0.0,0.0,38,0.045228601991935104,22,6,16,0,0,0,0,0,0,0,0,1
1d1t,C,111,CYS,2.5,108.5,0.0,1,0,X,0.0,0.0,0.0,0.0,0.0,0.0,0.0,0.0,35,0.04616115048661418,31,10,21,0,0,0,0,0,0,0,0,1
1d1t,C,112,ILE,4.5,166.7,0.0,0,0,X,0.0,0.0,0.0,0.0,0.0,0.0,0.0,0.0,27,0.03310547156110714,23,10,13,0,0,0,0,0,0,0,0,1
1d1t,C,113,ARG,-4.5,173.4,1.0,5,0,X,0.0,0.0,0.0,0.0,0.0,0.0,0.0,0.0,30,0.03357174580844668,13,26,-13,0,0,0,0,0,0,0,0,1
1d1t,C,114,SER,-0.8,89.0,0.0,1,1,X,0.0,0.0,0.0,0.0,0.0,0.0,0.0,0.0,33,0.04103213376587927,17,9,8,0,0,0,0,0,0,0,0,1
1d1t,C,115,ASP,-3.5,111.1,-1.0,1,3,X,0.0,0.0,0.0,0.0,0.0,0.0,0.0,0.0,28,0.03730193978716297,28,1,27,0,0,0,0,0,0,0,0,1
1d1t,C,116,ILE,4.5,166.7,0.0,0,0,X,0.0,0.0,0.0,0.0,0.0,0.0,0.0,0.0,23,0.02844272908771177,14,8,6,0,0,0,0,0,0,0,0,1
1d1t,C,118,THR,-0.7,116.1,0.0,1,1,X,0.0,0.0,0.0,0.0,0.0,0.0,0.0,0.0,18,0.021914889624958248,19,8,11,0,0,0,0,0,0,0,0,1
1d1t,C,119,GLY,-0.4,60.1,0.0,0,0,X,0.0,0.0,0.0,0.0,0.0,0.0,0.0,0.0,21,0.034970568550465285,34,8,26,0,0,0,0,0,0,0,0,1
1d1t,C,120,ARG,-4.5,173.4,1.0,5,0,X,0.0,0.0,0.0,0.0,0.0,0.0,0.0,0.0,24,0.03310547156110714,28,14,14,0,0,0,0,0,0,0,0,1
1d1t,C,121,GLY,-0.4,60.1,0.0,0,0,X,0.0,0.0,0.0,0.0,0.0,0.0,0.0,0.0,34,0.04662742473395372,45,11,34,0,0,0,0,0,0,0,0,1
1d1t,C,122,VAL,4.2,140.0,0.0,0,0,X,0.0,0.0,0.0,0.0,0.0,0.0,0.0,0.0,29,0.04709369898129325,51,22,29,0,0,0,0,0,0,0,0,1
1d1t,C,123,LEU,3.8,166.7,0.0,0,0,X,0.0,0.0,0.0,0.0,0.0,0.0,0.0,0.0,33,0.04709369898129325,60,31,29,0,0,0,0,0,0,0,0,1
1d1t,C,124,ALA,1.8,88.6,0.0,0,0,X,0.0,0.0,0.0,0.0,0.0,0.0,0.0,0.0,26,0.030774100324409453,40,26,14,0,0,0,0,0,0,0,0,1
1d1t,C,125,ASP,-3.5,111.1,-1.0,1,3,X,0.0,0.0,0.0,0.0,0.0,0.0,0.0,0.0,16,0.02471253510899547,32,13,19,0,0,0,0,0,0,0,0,1
1d1t,C,126,GLY,-0.4,60.1,0.0,0,0,X,0.0,0.0,0.0,0.0,0.0,0.0,0.0,0.0,16,0.025178809356335007,37,14,23,0,0,0,0,0,0,0,0,1
1d1t,C,127,THR,-0.7,116.1,0.0,1,1,X,0.0,0.0,0.0,0.0,0.0,0.0,0.0,0.0,20,0.03170664881908853,43,15,28,0,0,0,0,0,0,0,0,1
1d1t,C,128,THR,-0.7,116.1,0.0,1,1,X,0.0,0.0,0.0,0.0,0.0,0.0,0.0,0.0,30,0.04429605349725603,42,13,29,0,0,0,0,0,0,0,0,1
1d1t,C,129,ARG,-4.5,173.4,1.0,5,0,X,0.0,0.0,0.0,0.0,0.0,0.0,0.0,0.0,32,0.04662742473395372,30,24,6,0,0,0,0,0,0,0,0,1
1d1t,C,130,PHE,2.8,189.9,0.0,0,0,X,0.0,0.0,0.0,0.0,0.0,0.0,0.0,0.0,42,0.045228601991935104,38,12,26,0,0,0,0,0,0,0,0,1
1d1t,C,131,THR,-0.7,116.1,0.0,1,1,X,0.0,0.0,0.0,0.0,0.0,0.0,0.0,0.0,26,0.04196468226055834,33,16,17,0,0,0,0,0,0,0,0,1
1d1t,C,132,CYS,2.5,108.5,0.0,1,0,X,0.0,0.0,0.0,0.0,0.0,0.0,0.0,0.0,25,0.043363505002576956,21,25,-4,0,0,0,0,0,0,0,0,1
1d1t,C,133,LYS,-3.9,168.6,1.0,2,0,X,0.0,0.0,0.0,0.0,0.0,0.0,0.0,0.0,14,0.024246260861655933,9,21,-12,0,0,0,0,0,0,0,0,1
1d1t,C,134,GLY,-0.4,60.1,0.0,0,0,X,0.0,0.0,0.0,0.0,0.0,0.0,0.0,0.0,13,0.020516066882939634,17,11,6,0,0,0,0,0,0,0,0,1
1d1t,C,135,LYS,-3.9,168.6,1.0,2,0,X,0.0,0.0,0.0,0.0,0.0,0.0,0.0,0.0,17,0.025178809356335007,11,6,5,0,0,0,0,0,0,0,0,1
1d1t,C,136,PRO,-1.6,112.7,0.0,0,0,X,0.0,0.0,0.0,0.0,0.0,0.0,0.0,0.0,24,0.03823448828184205,35,6,29,0,0,0,0,0,0,0,0,1
1d1t,C,137,VAL,4.2,140.0,0.0,0,0,X,0.0,0.0,0.0,0.0,0.0,0.0,0.0,0.0,35,0.05175644145468863,44,12,32,0,0,0,0,0,0,0,0,1
1d1t,C,138,HIS,-3.2,153.2,0.1,2,1,X,0.0,0.0,0.0,0.0,0.0,0.0,0.0,0.0,31,0.05175644145468863,33,3,30,0,0,0,0,0,0,0,0,1
1d1t,C,139,HIS,-3.2,153.2,0.1,2,1,X,0.0,0.0,0.0,0.0,0.0,0.0,0.0,0.0,38,0.056419183928083996,35,9,26,0,0,0,0,0,0,0,0,1
1d1t,C,140,PHE,2.8,189.9,0.0,0,0,X,0.0,0.0,0.0,0.0,0.0,0.0,0.0,0.0,40,0.05222271570202816,39,19,20,0,0,0,0,0,0,0,0,1
1d1t,C,141,LEU,3.8,166.7,0.0,0,0,X,0.0,0.0,0.0,0.0,0.0,0.0,0.0,0.0,40,0.04429605349725603,28,16,12,0,0,0,0,0,0,0,0,1
1d1t,C,142,ASN,-3.5,114.1,0.0,2,2,X,0.0,0.0,0.0,0.0,0.0,0.0,0.0,0.0,38,0.05688545817542354,39,20,19,0,0,0,0,0,0,0,0,1
1d1t,C,143,THR,-0.7,116.1,0.0,1,1,X,0.0,0.0,0.0,0.0,0.0,0.0,0.0,0.0,40,0.05502036118606539,22,19,3,0,0,0,0,0,0,0,0,1
1d1t,C,144,SER,-0.8,89.0,0.0,1,1,X,0.0,0.0,0.0,0.0,0.0,0.0,0.0,0.0,42,0.05595290968074446,29,13,16,0,0,0,0,0,0,0,0,1
1d1t,C,145,THR,-0.7,116.1,0.0,1,1,X,0.0,0.0,0.0,0.0,0.0,0.0,0.0,0.0,46,0.05688545817542354,18,17,1,0,0,0,0,0,0,0,0,1
1d1t,C,146,PHE,2.8,189.9,0.0,0,0,X,0.0,0.0,0.0,0.0,0.0,0.0,0.0,0.0,44,0.05035761871267001,14,17,-3,0,0,0,0,0,0,0,0,1
1d1t,C,147,THR,-0.7,116.1,0.0,1,1,X,0.0,0.0,0.0,0.0,0.0,0.0,0.0,0.0,44,0.05222271570202816,19,16,3,0,0,0,0,0,0,0,0,1
1d1t,C,148,GLU,-3.5,138.4,-1.0,1,3,X,0.0,0.0,0.0,0.0,0.0,0.0,0.0,0.0,31,0.045694876239274644,25,11,14,0,0,0,0,0,0,0,0,1
1d1t,C,149,TYR,-1.3,193.6,0.0,1,1,X,0.0,0.0,0.0,0.0,0.0,0.0,0.0,0.0,35,0.053621538444046775,32,22,10,0,0,0,0,0,0,0,0,1
1d1t,C,150,THR,-0.7,116.1,0.0,1,1,X,0.0,0.0,0.0,0.0,0.0,0.0,0.0,0.0,51,0.0526889899493677,37,21,16,0,0,0,0,0,0,0,0,1
1d1t,C,151,VAL,4.2,140.0,0.0,0,0,X,0.0,0.0,0.0,0.0,0.0,0.0,0.0,0.0,47,0.05595290968074446,43,27,16,0,0,0,0,0,0,0,0,1
1d1t,C,152,VAL,4.2,140.0,0.0,0,0,X,0.0,0.0,0.0,0.0,0.0,0.0,0.0,0.0,47,0.053155264196707235,33,24,9,0,0,0,0,0,0,0,0,1
1d1t,C,153,ASP,-3.5,111.1,-1.0,1,3,X,0.0,0.0,0.0,0.0,0.0,0.0,0.0,0.0,40,0.043829779249916496,44,25,19,0,0,0,0,0,0,0,0,1
1d1t,C,154,GLU,-3.5,138.4,-1.0,1,3,X,0.0,0.0,0.0,0.0,0.0,0.0,0.0,0.0,36,0.04289723075523742,31,21,10,0,0,0,0,0,0,0,0,1
1d1t,C,155,SER,-0.8,89.0,0.0,1,1,X,0.0,0.0,0.0,0.0,0.0,0.0,0.0,0.0,33,0.043829779249916496,40,26,14,0,0,0,0,0,0,0,0,1
1d1t,C,156,SER,-0.8,89.0,0.0,1,1,X,0.0,0.0,0.0,0.0,0.0,0.0,0.0,0.0,39,0.050823892960009553,26,23,3,0,0,0,0,0,0,0,0,1
1d1t,C,157,VAL,4.2,140.0,0.0,0,0,X,0.0,0.0,0.0,0.0,0.0,0.0,0.0,0.0,42,0.05035761871267001,29,28,1,0,0,0,0,0,0,0,0,1
1d1t,C,158,ALA,1.8,88.6,0.0,0,0,X,0.0,0.0,0.0,0.0,0.0,0.0,0.0,0.0,41,0.04662742473395372,31,24,7,0,0,0,0,0,0,0,0,1
1d1t,C,159,LYS,-3.9,168.6,1.0,2,0,X,0.0,0.0,0.0,0.0,0.0,0.0,0.0,0.0,26,0.03776821403450251,25,25,0,0,0,0,0,0,0,0,0,1
1d1t,C,160,ILE,4.5,166.7,0.0,0,0,X,0.0,0.0,0.0,0.0,0.0,0.0,0.0,0.0,38,0.04243095650789788,23,27,-4,0,0,0,0,0,0,0,0,1
1d1t,C,161,ASP,-3.5,111.1,-1.0,1,3,X,0.0,0.0,0.0,0.0,0.0,0.0,0.0,0.0,26,0.032639197313767604,22,13,9,0,0,0,0,0,0,0,0,1
1d1t,C,162,ASP,-3.5,111.1,-1.0,1,3,X,0.0,0.0,0.0,0.0,0.0,0.0,0.0,0.0,19,0.02471253510899547,18,16,2,0,0,0,0,0,0,0,0,1
1d1t,C,163,ALA,1.8,88.6,0.0,0,0,X,0.0,0.0,0.0,0.0,0.0,0.0,0.0,0.0,16,0.022381163872297785,9,17,-8,0,0,0,0,0,0,0,0,1
1d1t,C,164,ALA,1.8,88.6,0.0,0,0,X,0.0,0.0,0.0,0.0,0.0,0.0,0.0,0.0,27,0.03870076252918159,19,25,-6,0,0,0,0,0,0,0,0,1
1d1t,C,165,PRO,-1.6,112.7,0.0,0,0,X,0.0,0.0,0.0,0.0,0.0,0.0,0.0,0.0,25,0.03124037457174899,14,25,-11,0,0,0,0,0,0,0,0,1
1d1t,C,166,PRO,-1.6,112.7,0.0,0,0,X,0.0,0.0,0.0,0.0,0.0,0.0,0.0,0.0,36,0.04243095650789788,17,17,0,0,0,0,0,0,0,0,0,1
1d1t,C,167,GLU,-3.5,138.4,-1.0,1,3,X,0.0,0.0,0.0,0.0,0.0,0.0,0.0,0.0,28,0.04476232774459557,14,6,8,0,0,0,0,0,0,0,0,1
1d1t,C,168,LYS,-3.9,168.6,1.0,2,0,X,0.0,0.0,0.0,0.0,0.0,0.0,0.0,0.0,29,0.043829779249916496,2,26,-24,0,0,0,0,0,0,0,0,1
1d1t,C,169,VAL,4.2,140.0,0.0,0,0,X,0.0,0.0,0.0,0.0,0.0,0.0,0.0,0.0,43,0.05035761871267001,15,28,-13,0,0,0,0,0,0,0,0,1
1d1t,C,170,CYS,2.5,108.5,0.0,1,0,X,0.0,0.0,0.0,0.0,0.0,0.0,0.0,0.0,42,0.05035761871267001,23,17,6,0,0,0,0,0,0,0,0,1
1d1t,C,171,LEU,3.8,166.7,0.0,0,0,X,0.0,0.0,0.0,0.0,0.0,0.0,0.0,0.0,44,0.048492521723311866,23,22,1,0,0,0,0,0,0,0,0,1
1d1t,C,172,ILE,4.5,166.7,0.0,0,0,X,0.0,0.0,0.0,0.0,0.0,0.0,0.0,0.0,45,0.04942507021799094,12,18,-6,0,0,0,0,0,0,0,0,1
1d1t,C,173,GLY,-0.4,60.1,0.0,0,0,X,0.0,0.0,0.0,0.0,0.0,0.0,0.0,0.0,44,0.05175644145468863,17,10,7,0,0,0,0,0,0,0,0,1
1d1t,C,174,CYS,2.5,108.5,0.0,1,0,X,0.0,0.0,0.0,0.0,0.0,0.0,0.0,0.0,44,0.04755997322863279,20,12,8,0,0,0,0,0,0,0,0,1
1d1t,C,175,GLY,-0.4,60.1,0.0,0,0,X,0.0,0.0,0.0,0.0,0.0,0.0,0.0,0.0,42,0.04616115048661418,20,9,11,0,0,0,0,0,0,0,0,1
1d1t,C,176,PHE,2.8,189.9,0.0,0,0,X,0.0,0.0,0.0,0.0,0.0,0.0,0.0,0.0,41,0.053621538444046775,8,11,-3,0,0,0,0,0,0,0,0,1
1d1t,C,177,SER,-0.8,89.0,0.0,1,1,X,0.0,0.0,0.0,0.0,0.0,0.0,0.0,0.0,47,0.048958795970651406,9,12,-3,0,0,0,0,0,0,0,0,1
1d1t,C,178,THR,-0.7,116.1,0.0,1,1,X,0.0,0.0,0.0,0.0,0.0,0.0,0.0,0.0,47,0.053155264196707235,7,4,3,0,0,0,0,0,0,0,0,1
1d1t,C,179,GLY,-0.4,60.1,0.0,0,0,X,0.0,0.0,0.0,0.0,0.0,0.0,0.0,0.0,44,0.05222271570202816,5,3,2,0,0,0,0,0,0,0,0,1
1d1t,C,180,TYR,-1.3,193.6,0.0,1,1,X,0.0,0.0,0.0,0.0,0.0,0.0,0.0,0.0,40,0.0526889899493677,16,8,8,0,0,0,0,0,0,0,0,1
1d1t,C,181,GLY,-0.4,60.1,0.0,0,0,X,0.0,0.0,0.0,0.0,0.0,0.0,0.0,0.0,38,0.05035761871267001,18,3,15,0,0,0,0,0,0,0,0,1
1d1t,C,182,ALA,1.8,88.6,0.0,0,0,X,0.0,0.0,0.0,0.0,0.0,0.0,0.0,0.0,47,0.056419183928083996,25,3,22,0,0,0,0,0,0,0,0,1
1d1t,C,183,ALA,1.8,88.6,0.0,0,0,X,0.0,0.0,0.0,0.0,0.0,0.0,0.0,0.0,44,0.05502036118606539,30,0,30,0,0,0,0,0,0,0,0,1
1d1t,C,184,VAL,4.2,140.0,0.0,0,0,X,0.0,0.0,0.0,0.0,0.0,0.0,0.0,0.0,35,0.04429605349725603,25,2,23,0,0,0,0,0,0,0,0,1
1d1t,C,185,LYS,-3.9,168.6,1.0,2,0,X,0.0,0.0,0.0,0.0,0.0,0.0,0.0,0.0,27,0.03170664881908853,18,11,7,0,0,0,0,0,0,0,0,1
1d1t,C,186,THR,-0.7,116.1,0.0,1,1,X,0.0,0.0,0.0,0.0,0.0,0.0,0.0,0.0,37,0.03776821403450251,30,5,25,0,0,0,0,0,0,0,0,1
1d1t,C,187,GLY,-0.4,60.1,0.0,0,0,X,0.0,0.0,0.0,0.0,0.0,0.0,0.0,0.0,35,0.04196468226055834,34,0,34,0,0,0,0,0,0,0,0,1
1d1t,C,188,LYS,-3.9,168.6,1.0,2,0,X,0.0,0.0,0.0,0.0,0.0,0.0,0.0,0.0,23,0.03357174580844668,22,1,21,0,0,0,0,0,0,0,0,1
1d1t,C,189,VAL,4.2,140.0,0.0,0,0,X,0.0,0.0,0.0,0.0,0.0,0.0,0.0,0.0,36,0.04429605349725603,29,0,29,0,0,0,0,0,0,0,0,1
1d1t,C,190,LYS,-3.9,168.6,1.0,2,0,X,0.0,0.0,0.0,0.0,0.0,0.0,0.0,0.0,24,0.030307826077069916,10,4,6,0,0,0,0,0,0,0,0,1
1d1t,C,191,PRO,-1.6,112.7,0.0,0,0,X,0.0,0.0,0.0,0.0,0.0,0.0,0.0,0.0,23,0.030774100324409453,33,1,32,0,0,0,0,0,0,0,0,1
1d1t,C,192,GLY,-0.4,60.1,0.0,0,0,X,0.0,0.0,0.0,0.0,0.0,0.0,0.0,0.0,25,0.0363693912924839,36,0,36,0,0,0,0,0,0,0,0,1
1d1t,C,193,SER,-0.8,89.0,0.0,1,1,X,0.0,0.0,0.0,0.0,0.0,0.0,0.0,0.0,31,0.04289723075523742,28,0,28,0,0,0,0,0,0,0,0,1
1d1t,C,194,THR,-0.7,116.1,0.0,1,1,X,0.0,0.0,0.0,0.0,0.0,0.0,0.0,0.0,37,0.045228601991935104,19,4,15,0,0,0,0,0,0,0,0,1
1d1t,C,195,CYS,2.5,108.5,0.0,1,0,X,0.0,0.0,0.0,0.0,0.0,0.0,0.0,0.0,40,0.05129016720734909,20,5,15,0,0,0,0,0,0,0,0,1
1d1t,C,196,VAL,4.2,140.0,0.0,0,0,X,0.0,0.0,0.0,0.0,0.0,0.0,0.0,0.0,47,0.048958795970651406,9,12,-3,0,0,0,0,0,0,0,0,1
1d1t,C,197,VAL,4.2,140.0,0.0,0,0,X,0.0,0.0,0.0,0.0,0.0,0.0,0.0,0.0,45,0.05408781269138631,2,17,-15,0,0,0,0,0,0,0,0,1
1d1t,C,198,PHE,2.8,189.9,0.0,0,0,X,0.0,0.0,0.0,0.0,0.0,0.0,0.0,0.0,44,0.048492521723311866,7,27,-20,0,0,0,0,0,0,0,0,1
1d1t,C,199,GLY,-0.4,60.1,0.0,0,0,X,0.0,0.0,0.0,0.0,0.0,0.0,0.0,0.0,36,0.043829779249916496,11,17,-6,0,0,0,0,0,0,0,0,1
1d1t,C,200,LEU,3.8,166.7,0.0,0,0,X,0.0,0.0,0.0,0.0,0.0,0.0,0.0,0.0,39,0.04662742473395372,21,19,2,0,0,0,0,0,0,0,0,1
1d1t,C,201,GLY,-0.4,60.1,0.0,0,0,X,0.0,0.0,0.0,0.0,0.0,0.0,0.0,0.0,36,0.03450429430312575,35,8,27,0,0,0,0,0,0,0,0,1
1d1t,C,202,GLY,-0.4,60.1,0.0,0,0,X,0.0,0.0,0.0,0.0,0.0,0.0,0.0,0.0,42,0.03963331102386066,26,4,22,0,0,0,0,0,0,0,0,1
1d1t,C,203,VAL,4.2,140.0,0.0,0,0,X,0.0,0.0,0.0,0.0,0.0,0.0,0.0,0.0,41,0.04429605349725603,13,8,5,0,0,0,0,0,0,0,0,1
1d1t,C,204,GLY,-0.4,60.1,0.0,0,0,X,0.0,0.0,0.0,0.0,0.0,0.0,0.0,0.0,42,0.045694876239274644,12,7,5,0,0,0,0,0,0,0,0,1
1d1t,C,205,LEU,3.8,166.7,0.0,0,0,X,0.0,0.0,0.0,0.0,0.0,0.0,0.0,0.0,43,0.048958795970651406,24,7,17,0,0,0,0,0,0,0,0,1
1d1t,C,206,SER,-0.8,89.0,0.0,1,1,X,0.0,0.0,0.0,0.0,0.0,0.0,0.0,0.0,41,0.048958795970651406,7,3,4,0,0,0,0,0,0,0,0,1
1d1t,C,207,VAL,4.2,140.0,0.0,0,0,X,0.0,0.0,0.0,0.0,0.0,0.0,0.0,0.0,50,0.053155264196707235,6,4,2,0,0,0,0,0,0,0,0,1
1d1t,C,208,ILE,4.5,166.7,0.0,0,0,X,0.0,0.0,0.0,0.0,0.0,0.0,0.0,0.0,45,0.04942507021799094,15,3,12,0,0,0,0,0,0,0,0,1
1d1t,C,209,MET,1.9,162.9,0.0,0,0,X,0.0,0.0,0.0,0.0,0.0,0.0,0.0,0.0,37,0.043829779249916496,11,7,4,0,0,0,0,0,0,0,0,1
1d1t,C,210,GLY,-0.4,60.1,0.0,0,0,X,0.0,0.0,0.0,0.0,0.0,0.0,0.0,0.0,34,0.048958795970651406,17,0,17,0,0,0,0,0,0,0,0,1
1d1t,C,211,CYS,2.5,108.5,0.0,1,0,X,0.0,0.0,0.0,0.0,0.0,0.0,0.0,0.0,40,0.04942507021799094,23,0,23,0,0,0,0,0,0,0,0,1
1d1t,C,212,LYS,-3.9,168.6,1.0,2,0,X,0.0,0.0,0.0,0.0,0.0,0.0,0.0,0.0,34,0.034970568550465285,11,0,11,0,0,0,0,0,0,0,0,1
1d1t,C,213,SER,-0.8,89.0,0.0,1,1,X,0.0,0.0,0.0,0.0,0.0,0.0,0.0,0.0,25,0.025178809356335007,17,1,16,0,0,0,0,0,0,0,0,1
1d1t,C,214,ALA,1.8,88.6,0.0,0,0,X,0.0,0.0,0.0,0.0,0.0,0.0,0.0,0.0,27,0.03590311704514436,25,0,25,0,0,0,0,0,0,0,0,1
1d1t,C,215,GLY,-0.4,60.1,0.0,0,0,X,0.0,0.0,0.0,0.0,0.0,0.0,0.0,0.0,28,0.035436842797804825,33,0,33,0,0,0,0,0,0,0,0,1
1d1t,C,216,ALA,1.8,88.6,0.0,0,0,X,0.0,0.0,0.0,0.0,0.0,0.0,0.0,0.0,31,0.04476232774459557,29,0,29,0,0,0,0,0,0,0,0,1
1d1t,C,217,SER,-0.8,89.0,0.0,1,1,X,0.0,0.0,0.0,0.0,0.0,0.0,0.0,0.0,28,0.0363693912924839,32,5,27,0,0,0,0,0,0,0,0,1
1d1t,C,218,ARG,-4.5,173.4,1.0,5,0,X,0.0,0.0,0.0,0.0,0.0,0.0,0.0,0.0,33,0.040099585271200194,6,10,-4,0,0,0,0,0,0,0,0,1
1d1t,C,219,ILE,4.5,166.7,0.0,0,0,X,0.0,0.0,0.0,0.0,0.0,0.0,0.0,0.0,42,0.050823892960009553,21,9,12,0,0,0,0,0,0,0,0,1
1d1t,C,220,ILE,4.5,166.7,0.0,0,0,X,0.0,0.0,0.0,0.0,0.0,0.0,0.0,0.0,38,0.048958795970651406,12,10,2,0,0,0,0,0,0,0,0,1
1d1t,C,221,GLY,-0.4,60.1,0.0,0,0,X,0.0,0.0,0.0,0.0,0.0,0.0,0.0,0.0,38,0.056419183928083996,12,19,-7,0,0,0,0,0,0,0,0,1
1d1t,C,222,ILE,4.5,166.7,0.0,0,0,X,0.0,0.0,0.0,0.0,0.0,0.0,0.0,0.0,41,0.048958795970651406,9,26,-17,0,0,0,0,0,0,0,0,1
1d1t,C,223,ASP,-3.5,111.1,-1.0,1,3,X,0.0,0.0,0.0,0.0,0.0,0.0,0.0,0.0,30,0.048026247475972325,22,12,10,0,0,0,0,0,0,0,0,1
1d1t,C,224,LEU,3.8,166.7,0.0,0,0,X,0.0,0.0,0.0,0.0,0.0,0.0,0.0,0.0,20,0.03124037457174899,27,19,8,0,0,0,0,0,0,0,0,1
1d1t,C,225,ASN,-3.5,114.1,0.0,2,2,X,0.0,0.0,0.0,0.0,0.0,0.0,0.0,0.0,23,0.032172923066428064,20,17,3,0,0,0,0,0,0,0,0,1
1d1t,C,226,LYS,-3.9,168.6,1.0,2,0,X,0.0,0.0,0.0,0.0,0.0,0.0,0.0,0.0,18,0.03170664881908853,14,25,-11,0,0,0,0,0,0,0,0,1
1d1t,C,227,ASP,-3.5,111.1,-1.0,1,3,X,0.0,0.0,0.0,0.0,0.0,0.0,0.0,0.0,15,0.02844272908771177,23,16,7,0,0,0,0,0,0,0,0,1
1d1t,C,228,LYS,-3.9,168.6,1.0,2,0,X,0.0,0.0,0.0,0.0,0.0,0.0,0.0,0.0,29,0.040565859518539735,16,24,-8,0,0,0,0,0,0,0,0,1
1d1t,C,229,PHE,2.8,189.9,0.0,0,0,X,0.0,0.0,0.0,0.0,0.0,0.0,0.0,0.0,29,0.04103213376587927,25,34,-9,0,0,0,0,0,0,0,0,1
1d1t,C,230,GLU,-3.5,138.4,-1.0,1,3,X,0.0,0.0,0.0,0.0,0.0,0.0,0.0,0.0,15,0.027510180593032695,20,8,12,0,0,0,0,0,0,0,0,1
1d1t,C,231,LYS,-3.9,168.6,1.0,2,0,X,0.0,0.0,0.0,0.0,0.0,0.0,0.0,0.0,32,0.03730193978716297,12,17,-5,0,0,0,0,0,0,0,0,1
1d1t,C,232,ALA,1.8,88.6,0.0,0,0,X,0.0,0.0,0.0,0.0,0.0,0.0,0.0,0.0,35,0.04709369898129325,21,23,-2,0,0,0,0,0,0,0,0,1
1d1t,C,233,MET,1.9,162.9,0.0,0,0,X,0.0,0.0,0.0,0.0,0.0,0.0,0.0,0.0,23,0.03683566553982344,16,19,-3,0,0,0,0,0,0,0,0,1
1d1t,C,234,ALA,1.8,88.6,0.0,0,0,X,0.0,0.0,0.0,0.0,0.0,0.0,0.0,0.0,18,0.02611135785101408,16,12,4,0,0,0,0,0,0,0,0,1
1d1t,C,235,VAL,4.2,140.0,0.0,0,0,X,0.0,0.0,0.0,0.0,0.0,0.0,0.0,0.0,33,0.035436842797804825,20,13,7,0,0,0,0,0,0,0,0,1
1d1t,C,236,GLY,-0.4,60.1,0.0,0,0,X,0.0,0.0,0.0,0.0,0.0,0.0,0.0,0.0,31,0.03683566553982344,20,9,11,0,0,0,0,0,0,0,0,1
1d1t,C,237,ALA,1.8,88.6,0.0,0,0,X,0.0,0.0,0.0,0.0,0.0,0.0,0.0,0.0,31,0.043363505002576956,22,13,9,0,0,0,0,0,0,0,0,1
1d1t,C,238,THR,-0.7,116.1,0.0,1,1,X,0.0,0.0,0.0,0.0,0.0,0.0,0.0,0.0,26,0.03310547156110714,20,10,10,0,0,0,0,0,0,0,0,1
1d1t,C,239,GLU,-3.5,138.4,-1.0,1,3,X,0.0,0.0,0.0,0.0,0.0,0.0,0.0,0.0,26,0.034970568550465285,14,0,14,0,0,0,0,0,0,0,0,1
1d1t,C,240,CYS,2.5,108.5,0.0,1,0,X,0.0,0.0,0.0,0.0,0.0,0.0,0.0,0.0,34,0.04196468226055834,19,28,-9,0,0,0,0,0,0,0,0,1
1d1t,C,241,ILE,4.5,166.7,0.0,0,0,X,0.0,0.0,0.0,0.0,0.0,0.0,0.0,0.0,30,0.03823448828184205,15,25,-10,0,0,0,0,0,0,0,0,1
1d1t,C,242,SER,-0.8,89.0,0.0,1,1,X,0.0,0.0,0.0,0.0,0.0,0.0,0.0,0.0,26,0.040099585271200194,19,17,2,0,0,0,0,0,0,0,0,1
1d1t,C,243,PRO,-1.6,112.7,0.0,0,0,X,0.0,0.0,0.0,0.0,0.0,0.0,0.0,0.0,25,0.03683566553982344,19,19,0,0,0,0,0,0,0,0,0,1
1d1t,C,244,LYS,-3.9,168.6,1.0,2,0,X,0.0,0.0,0.0,0.0,0.0,0.0,0.0,0.0,13,0.025178809356335007,7,12,-5,0,0,0,0,0,0,0,0,1
1d1t,C,245,ASP,-3.5,111.1,-1.0,1,3,X,0.0,0.0,0.0,0.0,0.0,0.0,0.0,0.0,16,0.023779986614316396,20,3,17,0,0,0,0,0,0,0,0,1
1d1t,C,246,SER,-0.8,89.0,0.0,1,1,X,0.0,0.0,0.0,0.0,0.0,0.0,0.0,0.0,16,0.025645083603674543,19,15,4,0,0,0,0,0,0,0,0,1
1d1t,C,247,THR,-0.7,116.1,0.0,1,1,X,0.0,0.0,0.0,0.0,0.0,0.0,0.0,0.0,10,0.019117244140921023,17,10,7,0,0,0,0,0,0,0,0,1
1d1t,C,248,LYS,-3.9,168.6,1.0,2,0,X,0.0,0.0,0.0,0.0,0.0,0.0,0.0,0.0,15,0.025178809356335007,4,21,-17,0,0,0,0,0,0,0,0,1
1d1t,C,249,PRO,-1.6,112.7,0.0,0,0,X,0.0,0.0,0.0,0.0,0.0,0.0,0.0,0.0,19,0.028909003335051305,10,24,-14,0,0,0,0,0,0,0,0,1
1d1t,C,250,ILE,4.5,166.7,0.0,0,0,X,0.0,0.0,0.0,0.0,0.0,0.0,0.0,0.0,33,0.04243095650789788,11,29,-18,0,0,0,0,0,0,0,0,1
1d1t,C,251,SER,-0.8,89.0,0.0,1,1,X,0.0,0.0,0.0,0.0,0.0,0.0,0.0,0.0,31,0.04196468226055834,15,25,-10,0,0,0,0,0,0,0,0,1
1d1t,C,252,GLU,-3.5,138.4,-1.0,1,3,X,0.0,0.0,0.0,0.0,0.0,0.0,0.0,0.0,16,0.034970568550465285,10,10,0,0,0,0,0,0,0,0,0,1
1d1t,C,253,VAL,4.2,140.0,0.0,0,0,X,0.0,0.0,0.0,0.0,0.0,0.0,0.0,0.0,27,0.03823448828184205,10,26,-16,0,0,0,0,0,0,0,0,1
1d1t,C,254,LEU,3.8,166.7,0.0,0,0,X,0.0,0.0,0.0,0.0,0.0,0.0,0.0,0.0,38,0.043829779249916496,12,24,-12,0,0,0,0,0,0,0,0,1
1d1t,C,255,SER,-0.8,89.0,0.0,1,1,X,0.0,0.0,0.0,0.0,0.0,0.0,0.0,0.0,27,0.04149840801321881,16,18,-2,0,0,0,0,0,0,0,0,1
1d1t,C,256,GLU,-3.5,138.4,-1.0,1,3,X,0.0,0.0,0.0,0.0,0.0,0.0,0.0,0.0,17,0.029375277582390842,11,9,2,0,0,0,0,0,0,0,0,1
1d1t,C,257,MET,1.9,162.9,0.0,0,0,X,0.0,0.0,0.0,0.0,0.0,0.0,0.0,0.0,27,0.030307826077069916,8,21,-13,0,0,0,0,0,0,0,0,1
1d1t,C,258,THR,-0.7,116.1,0.0,1,1,X,0.0,0.0,0.0,0.0,0.0,0.0,0.0,0.0,29,0.034970568550465285,17,17,0,0,0,0,0,0,0,0,0,1
1d1t,C,259,GLY,-0.4,60.1,0.0,0,0,X,0.0,0.0,0.0,0.0,0.0,0.0,0.0,0.0,25,0.026577632098353617,13,16,-3,0,0,0,0,0,0,0,0,1
1d1t,C,260,ASN,-3.5,114.1,0.0,2,2,X,0.0,0.0,0.0,0.0,0.0,0.0,0.0,0.0,28,0.03450429430312575,13,14,-1,0,0,0,0,0,0,0,0,1
1d1t,C,261,ASN,-3.5,114.1,0.0,2,2,X,0.0,0.0,0.0,0.0,0.0,0.0,0.0,0.0,32,0.03776821403450251,18,8,10,0,0,0,0,0,0,0,0,1
1d1t,C,262,VAL,4.2,140.0,0.0,0,0,X,0.0,0.0,0.0,0.0,0.0,0.0,0.0,0.0,42,0.053621538444046775,24,5,19,0,0,0,0,0,0,0,0,1
1d1t,C,263,GLY,-0.4,60.1,0.0,0,0,X,0.0,0.0,0.0,0.0,0.0,0.0,0.0,0.0,35,0.04709369898129325,29,3,26,0,0,0,0,0,0,0,0,1
1d1t,C,264,TYR,-1.3,193.6,0.0,1,1,X,0.0,0.0,0.0,0.0,0.0,0.0,0.0,0.0,40,0.05129016720734909,25,1,24,0,0,0,0,0,0,0,0,1
1d1t,C,265,THR,-0.7,116.1,0.0,1,1,X,0.0,0.0,0.0,0.0,0.0,0.0,0.0,0.0,42,0.05595290968074446,14,13,1,0,0,0,0,0,0,0,0,1
1d1t,C,266,PHE,2.8,189.9,0.0,0,0,X,0.0,0.0,0.0,0.0,0.0,0.0,0.0,0.0,52,0.05175644145468863,7,9,-2,0,0,0,0,0,0,0,0,1
1d1t,C,267,GLU,-3.5,138.4,-1.0,1,3,X,0.0,0.0,0.0,0.0,0.0,0.0,0.0,0.0,38,0.05735173242276307,12,12,0,0,0,0,0,0,0,0,0,1
1d1t,C,268,VAL,4.2,140.0,0.0,0,0,X,0.0,0.0,0.0,0.0,0.0,0.0,0.0,0.0,36,0.045694876239274644,10,14,-4,0,0,0,0,0,0,0,0,1
1d1t,C,269,ILE,4.5,166.7,0.0,0,0,X,0.0,0.0,0.0,0.0,0.0,0.0,0.0,0.0,31,0.03823448828184205,22,24,-2,0,0,0,0,0,0,0,0,1
1d1t,C,270,GLY,-0.4,60.1,0.0,0,0,X,0.0,0.0,0.0,0.0,0.0,0.0,0.0,0.0,26,0.04196468226055834,26,18,8,0,0,0,0,0,0,0,0,1
1d1t,C,271,HIS,-3.2,153.2,0.1,2,1,X,0.0,0.0,0.0,0.0,0.0,0.0,0.0,0.0,22,0.03683566553982344,6,22,-16,0,0,0,0,0,0,0,0,1
1d1t,C,272,LEU,3.8,166.7,0.0,0,0,X,0.0,0.0,0.0,0.0,0.0,0.0,0.0,0.0,27,0.04196468226055834,19,23,-4,0,0,0,0,0,0,0,0,1
1d1t,C,273,GLU,-3.5,138.4,-1.0,1,3,X,0.0,0.0,0.0,0.0,0.0,0.0,0.0,0.0,20,0.030774100324409453,12,13,-1,0,0,0,0,0,0,0,0,1
1d1t,C,274,THR,-0.7,116.1,0.0,1,1,X,0.0,0.0,0.0,0.0,0.0,0.0,0.0,0.0,32,0.04103213376587927,10,26,-16,0,0,0,0,0,0,0,0,1
1d1t,C,275,MET,1.9,162.9,0.0,0,0,X,0.0,0.0,0.0,0.0,0.0,0.0,0.0,0.0,37,0.05175644145468863,13,26,-13,0,0,0,0,0,0,0,0,1
1d1t,C,276,ILE,4.5,166.7,0.0,0,0,X,0.0,0.0,0.0,0.0,0.0,0.0,0.0,0.0,28,0.043829779249916496,8,29,-21,0,0,0,0,0,0,0,0,1
1d1t,C,277,ASP,-3.5,111.1,-1.0,1,3,X,0.0,0.0,0.0,0.0,0.0,0.0,0.0,0.0,31,0.040565859518539735,10,17,-7,0,0,0,0,0,0,0,0,1
1d1t,C,278,ALA,1.8,88.6,0.0,0,0,X,0.0,0.0,0.0,0.0,0.0,0.0,0.0,0.0,42,0.05502036118606539,13,21,-8,0,0,0,0,0,0,0,0,1
1d1t,C,279,LEU,3.8,166.7,0.0,0,0,X,0.0,0.0,0.0,0.0,0.0,0.0,0.0,0.0,40,0.05222271570202816,19,19,0,0,0,0,0,0,0,0,0,1
1d1t,C,280,ALA,1.8,88.6,0.0,0,0,X,0.0,0.0,0.0,0.0,0.0,0.0,0.0,0.0,37,0.03870076252918159,15,22,-7,0,0,0,0,0,0,0,0,1
1d1t,C,281,SER,-0.8,89.0,0.0,1,1,X,0.0,0.0,0.0,0.0,0.0,0.0,0.0,0.0,40,0.048026247475972325,15,16,-1,0,0,0,0,0,0,0,0,1
1d1t,C,282,CYS,2.5,108.5,0.0,1,0,X,0.0,0.0,0.0,0.0,0.0,0.0,0.0,0.0,39,0.053155264196707235,21,5,16,0,0,0,0,0,0,0,0,1
1d1t,C,283,HIS,-3.2,153.2,0.1,2,1,X,0.0,0.0,0.0,0.0,0.0,0.0,0.0,0.0,34,0.048492521723311866,11,3,8,0,0,0,0,0,0,0,0,1
1d1t,C,284,MET,1.9,162.9,0.0,0,0,X,0.0,0.0,0.0,0.0,0.0,0.0,0.0,0.0,31,0.04616115048661418,21,0,21,0,0,0,0,0,0,0,0,1
1d1t,C,285,ASN,-3.5,114.1,0.0,2,2,X,0.0,0.0,0.0,0.0,0.0,0.0,0.0,0.0,40,0.048026247475972325,26,7,19,0,0,0,0,0,0,0,0,1
1d1t,C,286,TYR,-1.3,193.6,0.0,1,1,X,0.0,0.0,0.0,0.0,0.0,0.0,0.0,0.0,33,0.04429605349725603,31,8,23,0,0,0,0,0,0,0,0,1
1d1t,C,287,GLY,-0.4,60.1,0.0,0,0,X,0.0,0.0,0.0,0.0,0.0,0.0,0.0,0.0,32,0.0526889899493677,31,6,25,0,0,0,0,0,0,0,0,1
1d1t,C,288,THR,-0.7,116.1,0.0,1,1,X,0.0,0.0,0.0,0.0,0.0,0.0,0.0,0.0,38,0.048958795970651406,40,4,36,0,0,0,0,0,0,0,0,1
1d1t,C,289,SER,-0.8,89.0,0.0,1,1,X,0.0,0.0,0.0,0.0,0.0,0.0,0.0,0.0,38,0.05502036118606539,27,12,15,0,0,0,0,0,0,0,0,1
1d1t,C,290,VAL,4.2,140.0,0.0,0,0,X,0.0,0.0,0.0,0.0,0.0,0.0,0.0,0.0,44,0.05175644145468863,15,9,6,0,0,0,0,0,0,0,0,1
1d1t,C,291,VAL,4.2,140.0,0.0,0,0,X,0.0,0.0,0.0,0.0,0.0,0.0,0.0,0.0,42,0.05129016720734909,16,9,7,0,0,0,0,0,0,0,0,1
1d1t,C,292,VAL,4.2,140.0,0.0,0,0,X,0.0,0.0,0.0,0.0,0.0,0.0,0.0,0.0,44,0.04989134446533048,7,9,-2,0,0,0,0,0,0,0,0,1
1d1t,C,293,GLY,-0.4,60.1,0.0,0,0,X,0.0,0.0,0.0,0.0,0.0,0.0,0.0,0.0,36,0.04149840801321881,18,9,9,0,0,0,0,0,0,0,0,1
1d1t,C,294,VAL,4.2,140.0,0.0,0,0,X,0.0,0.0,0.0,0.0,0.0,0.0,0.0,0.0,32,0.03776821403450251,23,9,14,0,0,0,0,0,0,0,0,1
1d1t,C,295,PRO,-1.6,112.7,0.0,0,0,X,0.0,0.0,0.0,0.0,0.0,0.0,0.0,0.0,33,0.043363505002576956,22,15,7,0,0,0,0,0,0,0,0,1
1d1t,C,296,PRO,-1.6,112.7,0.0,0,0,X,0.0,0.0,0.0,0.0,0.0,0.0,0.0,0.0,25,0.034970568550465285,29,10,19,0,0,0,0,0,0,0,0,1
1d1t,C,297,SER,-0.8,89.0,0.0,1,1,X,0.0,0.0,0.0,0.0,0.0,0.0,0.0,0.0,21,0.029375277582390842,20,3,17,0,0,0,0,0,0,0,0,1
1d1t,C,298,ALA,1.8,88.6,0.0,0,0,X,0.0,0.0,0.0,0.0,0.0,0.0,0.0,0.0,15,0.02098234113027917,9,8,1,0,0,0,0,0,0,0,0,1
1d1t,C,299,LYS,-3.9,168.6,1.0,2,0,X,0.0,0.0,0.0,0.0,0.0,0.0,0.0,0.0,19,0.029375277582390842,2,12,-10,0,0,0,0,0,0,0,0,1
1d1t,C,300,MET,1.9,162.9,0.0,0,0,X,0.0,0.0,0.0,0.0,0.0,0.0,0.0,0.0,14,0.03403802005578621,9,8,1,0,0,0,0,0,0,0,0,1
1d1t,C,301,LEU,3.8,166.7,0.0,0,0,X,0.0,0.0,0.0,0.0,0.0,0.0,0.0,0.0,21,0.04149840801321881,10,22,-12,0,0,0,0,0,0,0,0,1
1d1t,C,302,THR,-0.7,116.1,0.0,1,1,X,0.0,0.0,0.0,0.0,0.0,0.0,0.0,0.0,11,0.035436842797804825,4,16,-12,0,0,0,0,0,0,0,0,1
1d1t,C,303,TYR,-1.3,193.6,0.0,1,1,X,0.0,0.0,0.0,0.0,0.0,0.0,0.0,0.0,19,0.040099585271200194,5,10,-5,0,0,0,0,0,0,0,0,1
1d1t,C,304,ASP,-3.5,111.1,-1.0,1,3,X,0.0,0.0,0.0,0.0,0.0,0.0,0.0,0.0,22,0.034970568550465285,11,0,11,0,0,0,0,0,0,0,0,1
1d1t,C,305,PRO,-1.6,112.7,0.0,0,0,X,0.0,0.0,0.0,0.0,0.0,0.0,0.0,0.0,27,0.04709369898129325,12,8,4,0,0,0,0,0,0,0,0,1
1d1t,C,306,MET,1.9,162.9,0.0,0,0,X,0.0,0.0,0.0,0.0,0.0,0.0,0.0,0.0,29,0.03450429430312575,14,8,6,0,0,0,0,0,0,0,0,1
1d1t,C,307,LEU,3.8,166.7,0.0,0,0,X,0.0,0.0,0.0,0.0,0.0,0.0,0.0,0.0,31,0.043363505002576956,16,12,4,0,0,0,0,0,0,0,0,1
1d1t,C,308,LEU,3.8,166.7,0.0,0,0,X,0.0,0.0,0.0,0.0,0.0,0.0,0.0,0.0,31,0.05502036118606539,22,7,15,0,0,0,0,0,0,0,0,1
1d1t,C,309,PHE,2.8,189.9,0.0,0,0,X,0.0,0.0,0.0,0.0,0.0,0.0,0.0,0.0,34,0.048026247475972325,13,5,8,0,0,0,0,0,0,0,0,1
1d1t,C,310,THR,-0.7,116.1,0.0,1,1,X,0.0,0.0,0.0,0.0,0.0,0.0,0.0,0.0,31,0.04616115048661418,25,2,23,0,0,0,0,0,0,0,0,1
1d1t,C,311,GLY,-0.4,60.1,0.0,0,0,X,0.0,0.0,0.0,0.0,0.0,0.0,0.0,0.0,33,0.053621538444046775,30,4,26,0,0,0,0,0,0,0,0,1
1d1t,C,312,ARG,-4.5,173.4,1.0,5,0,X,0.0,0.0,0.0,0.0,0.0,0.0,0.0,0.0,37,0.05502036118606539,18,3,15,0,0,0,0,0,0,0,0,1
1d1t,C,313,THR,-0.7,116.1,0.0,1,1,X,0.0,0.0,0.0,0.0,0.0,0.0,0.0,0.0,28,0.04709369898129325,35,1,34,0,0,0,0,0,0,0,0,1
1d1t,C,314,TRP,-0.9,227.8,0.0,1,0,X,0.0,0.0,0.0,0.0,0.0,0.0,0.0,0.0,30,0.050823892960009553,29,10,19,0,0,0,0,0,0,0,0,1
1d1t,C,315,LYS,-3.9,168.6,1.0,2,0,X,0.0,0.0,0.0,0.0,0.0,0.0,0.0,0.0,33,0.048026247475972325,18,2,16,0,0,0,0,0,0,0,0,1
1d1t,C,316,GLY,-0.4,60.1,0.0,0,0,X,0.0,0.0,0.0,0.0,0.0,0.0,0.0,0.0,43,0.04662742473395372,19,7,12,0,0,0,0,0,0,0,0,1
1d1t,C,317,CYS,2.5,108.5,0.0,1,0,X,0.0,0.0,0.0,0.0,0.0,0.0,0.0,0.0,43,0.04989134446533048,18,6,12,0,0,0,0,0,0,0,0,1
1d1t,C,318,VAL,4.2,140.0,0.0,0,0,X,0.0,0.0,0.0,0.0,0.0,0.0,0.0,0.0,40,0.043829779249916496,5,1,4,0,0,0,0,0,0,0,0,1
1d1t,C,319,PHE,2.8,189.9,0.0,0,0,X,0.0,0.0,0.0,0.0,0.0,0.0,0.0,0.0,40,0.04662742473395372,15,10,5,0,0,0,0,0,0,0,0,1
1d1t,C,320,GLY,-0.4,60.1,0.0,0,0,X,0.0,0.0,0.0,0.0,0.0,0.0,0.0,0.0,42,0.05035761871267001,18,4,14,0,0,0,0,0,0,0,0,1
1d1t,C,321,GLY,-0.4,60.1,0.0,0,0,X,0.0,0.0,0.0,0.0,0.0,0.0,0.0,0.0,41,0.04709369898129325,25,13,12,0,0,0,0,0,0,0,0,1
1d1t,C,322,LEU,3.8,166.7,0.0,0,0,X,0.0,0.0,0.0,0.0,0.0,0.0,0.0,0.0,37,0.04755997322863279,26,15,11,0,0,0,0,0,0,0,0,1
1d1t,C,323,LYS,-3.9,168.6,1.0,2,0,X,0.0,0.0,0.0,0.0,0.0,0.0,0.0,0.0,32,0.04662742473395372,30,21,9,0,0,0,0,0,0,0,0,1
1d1t,C,324,SER,-0.8,89.0,0.0,1,1,X,0.0,0.0,0.0,0.0,0.0,0.0,0.0,0.0,39,0.05222271570202816,34,18,16,0,0,0,0,0,0,0,0,1
1d1t,C,325,ARG,-4.5,173.4,1.0,5,0,X,0.0,0.0,0.0,0.0,0.0,0.0,0.0,0.0,29,0.04616115048661418,24,27,-3,0,0,0,0,0,0,0,0,1
1d1t,C,326,ASP,-3.5,111.1,-1.0,1,3,X,0.0,0.0,0.0,0.0,0.0,0.0,0.0,0.0,23,0.03357174580844668,43,8,35,0,0,0,0,0,0,0,0,1
1d1t,C,327,ASP,-3.5,111.1,-1.0,1,3,X,0.0,0.0,0.0,0.0,0.0,0.0,0.0,0.0,27,0.03963331102386066,32,13,19,0,0,0,0,0,0,0,0,1
1d1t,C,328,VAL,4.2,140.0,0.0,0,0,X,0.0,0.0,0.0,0.0,0.0,0.0,0.0,0.0,37,0.04942507021799094,27,23,4,0,0,0,0,0,0,0,0,1
1d1t,C,329,PRO,-1.6,112.7,0.0,0,0,X,0.0,0.0,0.0,0.0,0.0,0.0,0.0,0.0,32,0.040565859518539735,29,32,-3,0,0,0,0,0,0,0,0,1
1d1t,C,330,LYS,-3.9,168.6,1.0,2,0,X,0.0,0.0,0.0,0.0,0.0,0.0,0.0,0.0,22,0.03403802005578621,16,26,-10,0,0,0,0,0,0,0,0,1
1d1t,C,331,LEU,3.8,166.7,0.0,0,0,X,0.0,0.0,0.0,0.0,0.0,0.0,0.0,0.0,31,0.04196468226055834,22,21,1,0,0,0,0,0,0,0,0,1
1d1t,C,332,VAL,4.2,140.0,0.0,0,0,X,0.0,0.0,0.0,0.0,0.0,0.0,0.0,0.0,36,0.05035761871267001,24,28,-4,0,0,0,0,0,0,0,0,1
1d1t,C,333,THR,-0.7,116.1,0.0,1,1,X,0.0,0.0,0.0,0.0,0.0,0.0,0.0,0.0,22,0.03823448828184205,20,22,-2,0,0,0,0,0,0,0,0,1
1d1t,C,334,GLU,-3.5,138.4,-1.0,1,3,X,0.0,0.0,0.0,0.0,0.0,0.0,0.0,0.0,21,0.03916703677652112,22,5,17,0,0,0,0,0,0,0,0,1
1d1t,C,335,PHE,2.8,189.9,0.0,0,0,X,0.0,0.0,0.0,0.0,0.0,0.0,0.0,0.0,29,0.04616115048661418,29,26,3,0,0,0,0,0,0,0,0,1
1d1t,C,336,LEU,3.8,166.7,0.0,0,0,X,0.0,0.0,0.0,0.0,0.0,0.0,0.0,0.0,21,0.03730193978716297,23,19,4,0,0,0,0,0,0,0,0,1
1d1t,C,337,ALA,1.8,88.6,0.0,0,0,X,0.0,0.0,0.0,0.0,0.0,0.0,0.0,0.0,11,0.025645083603674543,20,10,10,0,0,0,0,0,0,0,0,1
1d1t,C,338,LYS,-3.9,168.6,1.0,2,0,X,0.0,0.0,0.0,0.0,0.0,0.0,0.0,0.0,12,0.02984155182973038,11,12,-1,0,0,0,0,0,0,0,0,1
1d1t,C,339,LYS,-3.9,168.6,1.0,2,0,X,0.0,0.0,0.0,0.0,0.0,0.0,0.0,0.0,16,0.02797645484037223,10,13,-3,0,0,0,0,0,0,0,0,1
1d1t,C,340,PHE,2.8,189.9,0.0,0,0,X,0.0,0.0,0.0,0.0,0.0,0.0,0.0,0.0,26,0.034970568550465285,21,22,-1,0,0,0,0,0,0,0,0,1
1d1t,C,341,ASP,-3.5,111.1,-1.0,1,3,X,0.0,0.0,0.0,0.0,0.0,0.0,0.0,0.0,19,0.03310547156110714,20,10,10,0,0,0,0,0,0,0,0,1
1d1t,C,342,LEU,3.8,166.7,0.0,0,0,X,0.0,0.0,0.0,0.0,0.0,0.0,0.0,0.0,36,0.04243095650789788,23,26,-3,0,0,0,0,0,0,0,0,1
1d1t,C,343,ASP,-3.5,111.1,-1.0,1,3,X,0.0,0.0,0.0,0.0,0.0,0.0,0.0,0.0,19,0.032172923066428064,15,16,-1,0,0,0,0,0,0,0,0,1
1d1t,C,344,GLN,-3.5,143.8,0.0,2,2,X,0.0,0.0,0.0,0.0,0.0,0.0,0.0,0.0,23,0.03170664881908853,14,18,-4,0,0,0,0,0,0,0,0,1
1d1t,C,345,LEU,3.8,166.7,0.0,0,0,X,0.0,0.0,0.0,0.0,0.0,0.0,0.0,0.0,34,0.043363505002576956,27,20,7,0,0,0,0,0,0,0,0,1
1d1t,C,346,ILE,4.5,166.7,0.0,0,0,X,0.0,0.0,0.0,0.0,0.0,0.0,0.0,0.0,29,0.04196468226055834,32,25,7,0,0,0,0,0,0,0,0,1
1d1t,C,347,THR,-0.7,116.1,0.0,1,1,X,0.0,0.0,0.0,0.0,0.0,0.0,0.0,0.0,24,0.034970568550465285,26,5,21,0,0,0,0,0,0,0,0,1
1d1t,C,348,HIS,-3.2,153.2,0.1,2,1,X,0.0,0.0,0.0,0.0,0.0,0.0,0.0,0.0,25,0.03450429430312575,10,10,0,0,0,0,0,0,0,0,0,1
1d1t,C,349,VAL,4.2,140.0,0.0,0,0,X,0.0,0.0,0.0,0.0,0.0,0.0,0.0,0.0,24,0.03357174580844668,21,11,10,0,0,0,0,0,0,0,0,1
1d1t,C,350,LEU,3.8,166.7,0.0,0,0,X,0.0,0.0,0.0,0.0,0.0,0.0,0.0,0.0,25,0.0363693912924839,29,10,19,0,0,0,0,0,0,0,0,1
1d1t,C,351,PRO,-1.6,112.7,0.0,0,0,X,0.0,0.0,0.0,0.0,0.0,0.0,0.0,0.0,20,0.03403802005578621,22,8,14,0,0,0,0,0,0,0,0,1
1d1t,C,352,PHE,2.8,189.9,0.0,0,0,X,0.0,0.0,0.0,0.0,0.0,0.0,0.0,0.0,34,0.03963331102386066,26,12,14,0,0,0,0,0,0,0,0,1
1d1t,C,353,LYS,-3.9,168.6,1.0,2,0,X,0.0,0.0,0.0,0.0,0.0,0.0,0.0,0.0,15,0.028909003335051305,14,4,10,0,0,0,0,0,0,0,0,1
1d1t,C,354,LYS,-3.9,168.6,1.0,2,0,X,0.0,0.0,0.0,0.0,0.0,0.0,0.0,0.0,19,0.035436842797804825,12,13,-1,0,0,0,0,0,0,0,0,1
1d1t,C,355,ILE,4.5,166.7,0.0,0,0,X,0.0,0.0,0.0,0.0,0.0,0.0,0.0,0.0,34,0.048026247475972325,18,16,2,0,0,0,0,0,0,0,0,1
1d1t,C,356,SER,-0.8,89.0,0.0,1,1,X,0.0,0.0,0.0,0.0,0.0,0.0,0.0,0.0,26,0.03590311704514436,14,19,-5,0,0,0,0,0,0,0,0,1
1d1t,C,357,GLU,-3.5,138.4,-1.0,1,3,X,0.0,0.0,0.0,0.0,0.0,0.0,0.0,0.0,21,0.032172923066428064,23,9,14,0,0,0,0,0,0,0,0,1
1d1t,C,358,GLY,-0.4,60.1,0.0,0,0,X,0.0,0.0,0.0,0.0,0.0,0.0,0.0,0.0,34,0.048958795970651406,26,22,4,0,0,0,0,0,0,0,0,1
1d1t,C,359,PHE,2.8,189.9,0.0,0,0,X,0.0,0.0,0.0,0.0,0.0,0.0,0.0,0.0,34,0.043363505002576956,23,33,-10,0,0,0,0,0,0,0,0,1
1d1t,C,360,GLU,-3.5,138.4,-1.0,1,3,X,0.0,0.0,0.0,0.0,0.0,0.0,0.0,0.0,19,0.032639197313767604,6,12,-6,0,0,0,0,0,0,0,0,1
1d1t,C,361,LEU,3.8,166.7,0.0,0,0,X,0.0,0.0,0.0,0.0,0.0,0.0,0.0,0.0,25,0.04289723075523742,23,19,4,0,0,0,0,0,0,0,0,1
1d1t,C,362,LEU,3.8,166.7,0.0,0,0,X,0.0,0.0,0.0,0.0,0.0,0.0,0.0,0.0,31,0.04755997322863279,33,25,8,0,0,0,0,0,0,0,0,1
1d1t,C,363,ASN,-3.5,114.1,0.0,2,2,X,0.0,0.0,0.0,0.0,0.0,0.0,0.0,0.0,22,0.03170664881908853,19,20,-1,0,0,0,0,0,0,0,0,1
1d1t,C,364,SER,-0.8,89.0,0.0,1,1,X,0.0,0.0,0.0,0.0,0.0,0.0,0.0,0.0,17,0.02797645484037223,12,14,-2,0,0,0,0,0,0,0,0,1
1d1t,C,365,GLY,-0.4,60.1,0.0,0,0,X,0.0,0.0,0.0,0.0,0.0,0.0,0.0,0.0,23,0.02984155182973038,19,15,4,0,0,0,0,0,0,0,0,1
1d1t,C,366,GLN,-3.5,143.8,0.0,2,2,X,0.0,0.0,0.0,0.0,0.0,0.0,0.0,0.0,18,0.03124037457174899,14,20,-6,0,0,0,0,0,0,0,0,1
1d1t,C,367,SER,-0.8,89.0,0.0,1,1,X,0.0,0.0,0.0,0.0,0.0,0.0,0.0,0.0,31,0.03823448828184205,35,10,25,0,0,0,0,0,0,0,0,1
1d1t,C,368,ILE,4.5,166.7,0.0,0,0,X,0.0,0.0,0.0,0.0,0.0,0.0,0.0,0.0,38,0.045694876239274644,43,7,36,0,0,0,0,0,0,0,0,1
1d1t,C,369,ARG,-4.5,173.4,1.0,5,0,X,0.0,0.0,0.0,0.0,0.0,0.0,0.0,0.0,43,0.048026247475972325,19,15,4,0,0,0,0,0,0,0,0,1
1d1t,C,370,THR,-0.7,116.1,0.0,1,1,X,0.0,0.0,0.0,0.0,0.0,0.0,0.0,0.0,36,0.053621538444046775,26,21,5,0,0,0,0,0,0,0,0,1
1d1t,C,371,VAL,4.2,140.0,0.0,0,0,X,0.0,0.0,0.0,0.0,0.0,0.0,0.0,0.0,37,0.04942507021799094,25,17,8,0,0,0,0,0,0,0,0,1
1d1t,C,372,LEU,3.8,166.7,0.0,0,0,X,0.0,0.0,0.0,0.0,0.0,0.0,0.0,0.0,38,0.053155264196707235,25,18,7,0,0,0,0,0,0,0,0,1
1d1t,C,373,THR,-0.7,116.1,0.0,1,1,X,0.0,0.0,0.0,0.0,0.0,0.0,0.0,0.0,23,0.040099585271200194,16,9,7,0,0,0,0,0,0,0,0,1
1d1t,C,374,PHE,2.8,189.9,0.0,0,0,X,0.0,0.0,0.0,0.0,0.0,0.0,0.0,0.0,28,0.032639197313767604,23,12,11,0,0,0,0,0,0,0,0,1
1d1t,D,1,GLY,-0.4,60.1,0.0,0,0,X,0.0,0.0,0.0,0.0,0.0,0.0,0.0,0.0,9,0.011190581936148893,13,7,6,0,0,0,0,0,0,0,0,1
1d1t,D,2,THR,-0.7,116.1,0.0,1,1,X,0.0,0.0,0.0,0.0,0.0,0.0,0.0,0.0,18,0.025645083603674543,22,9,13,0,0,0,0,0,0,0,0,1
1d1t,D,3,ALA,1.8,88.6,0.0,0,0,X,0.0,0.0,0.0,0.0,0.0,0.0,0.0,0.0,18,0.028909003335051305,19,9,10,0,0,0,0,0,0,0,0,1
1d1t,D,4,GLY,-0.4,60.1,0.0,0,0,X,0.0,0.0,0.0,0.0,0.0,0.0,0.0,0.0,16,0.02611135785101408,18,7,11,0,0,0,0,0,0,0,0,1
1d1t,D,5,LYS,-3.9,168.6,1.0,2,0,X,0.0,0.0,0.0,0.0,0.0,0.0,0.0,0.0,14,0.02984155182973038,11,4,7,0,0,0,0,0,0,0,0,1
1d1t,D,6,VAL,4.2,140.0,0.0,0,0,X,0.0,0.0,0.0,0.0,0.0,0.0,0.0,0.0,22,0.03357174580844668,30,12,18,0,0,0,0,0,0,0,0,1
1d1t,D,7,ILE,4.5,166.7,0.0,0,0,X,0.0,0.0,0.0,0.0,0.0,0.0,0.0,0.0,29,0.03963331102386066,38,29,9,0,0,0,0,0,0,0,0,1
1d1t,D,8,LYS,-3.9,168.6,1.0,2,0,X,0.0,0.0,0.0,0.0,0.0,0.0,0.0,0.0,16,0.032639197313767604,13,23,-10,0,0,0,0,0,0,0,0,1
1d1t,D,9,CYS,2.5,108.5,0.0,1,0,X,0.0,0.0,0.0,0.0,0.0,0.0,0.0,0.0,28,0.040099585271200194,21,33,-12,0,0,0,0,0,0,0,0,1
1d1t,D,10,LYS,-3.9,168.6,1.0,2,0,X,0.0,0.0,0.0,0.0,0.0,0.0,0.0,0.0,22,0.04196468226055834,11,27,-16,0,0,0,0,0,0,0,0,1
1d1t,D,11,ALA,1.8,88.6,0.0,0,0,X,0.0,0.0,0.0,0.0,0.0,0.0,0.0,0.0,35,0.048026247475972325,15,31,-16,0,0,0,0,0,0,0,0,1
1d1t,D,12,ALA,1.8,88.6,0.0,0,0,X,0.0,0.0,0.0,0.0,0.0,0.0,0.0,0.0,37,0.04942507021799094,12,17,-5,0,0,0,0,0,0,0,0,1
1d1t,D,13,VAL,4.2,140.0,0.0,0,0,X,0.0,0.0,0.0,0.0,0.0,0.0,0.0,0.0,33,0.05222271570202816,12,18,-6,0,0,0,0,0,0,0,0,1
1d1t,D,14,LEU,3.8,166.7,0.0,0,0,X,0.0,0.0,0.0,0.0,0.0,0.0,0.0,0.0,33,0.05408781269138631,17,19,-2,0,0,0,0,0,0,0,0,1
1d1t,D,15,TRP,-0.9,227.8,0.0,1,0,X,0.0,0.0,0.0,0.0,0.0,0.0,0.0,0.0,26,0.04196468226055834,21,18,3,0,0,0,0,0,0,0,0,1
1d1t,D,16,GLU,-3.5,138.4,-1.0,1,3,X,0.0,0.0,0.0,0.0,0.0,0.0,0.0,0.0,17,0.03730193978716297,13,0,13,0,0,0,0,0,0,0,0,1
1d1t,D,17,GLN,-3.5,143.8,0.0,2,2,X,0.0,0.0,0.0,0.0,0.0,0.0,0.0,0.0,20,0.03870076252918159,23,10,13,0,0,0,0,0,0,0,0,1
1d1t,D,18,LYS,-3.9,168.6,1.0,2,0,X,0.0,0.0,0.0,0.0,0.0,0.0,0.0,0.0,15,0.03124037457174899,11,11,0,0,0,0,0,0,0,0,0,1
1d1t,D,19,GLN,-3.5,143.8,0.0,2,2,X,0.0,0.0,0.0,0.0,0.0,0.0,0.0,0.0,16,0.030307826077069916,12,9,3,0,0,0,0,0,0,0,0,1
1d1t,D,20,PRO,-1.6,112.7,0.0,0,0,X,0.0,0.0,0.0,0.0,0.0,0.0,0.0,0.0,18,0.027043906345693154,7,8,-1,0,0,0,0,0,0,0,0,1
1d1t,D,21,PHE,2.8,189.9,0.0,0,0,X,0.0,0.0,0.0,0.0,0.0,0.0,0.0,0.0,33,0.03730193978716297,10,17,-7,0,0,0,0,0,0,0,0,1
1d1t,D,22,SER,-0.8,89.0,0.0,1,1,X,0.0,0.0,0.0,0.0,0.0,0.0,0.0,0.0,25,0.03357174580844668,9,15,-6,0,0,0,0,0,0,0,0,1
1d1t,D,23,ILE,4.5,166.7,0.0,0,0,X,0.0,0.0,0.0,0.0,0.0,0.0,0.0,0.0,25,0.03403802005578621,20,22,-2,0,0,0,0,0,0,0,0,1
1d1t,D,24,GLU,-3.5,138.4,-1.0,1,3,X,0.0,0.0,0.0,0.0,0.0,0.0,0.0,0.0,24,0.03776821403450251,17,13,4,0,0,0,0,0,0,0,0,1
1d1t,D,25,GLU,-3.5,138.4,-1.0,1,3,X,0.0,0.0,0.0,0.0,0.0,0.0,0.0,0.0,19,0.03590311704514436,25,24,1,0,0,0,0,0,0,0,0,1
1d1t,D,26,ILE,4.5,166.7,0.0,0,0,X,0.0,0.0,0.0,0.0,0.0,0.0,0.0,0.0,31,0.045694876239274644,31,34,-3,0,0,0,0,0,0,0,0,1
1d1t,D,27,GLU,-3.5,138.4,-1.0,1,3,X,0.0,0.0,0.0,0.0,0.0,0.0,0.0,0.0,28,0.04103213376587927,33,13,20,0,0,0,0,0,0,0,0,1
1d1t,D,28,VAL,4.2,140.0,0.0,0,0,X,0.0,0.0,0.0,0.0,0.0,0.0,0.0,0.0,36,0.05455408693872585,44,22,22,0,0,0,0,0,0,0,0,1
1d1t,D,29,ALA,1.8,88.6,0.0,0,0,X,0.0,0.0,0.0,0.0,0.0,0.0,0.0,0.0,31,0.040565859518539735,44,16,28,0,0,0,0,0,0,0,0,1
1d1t,D,30,PRO,-1.6,112.7,0.0,0,0,X,0.0,0.0,0.0,0.0,0.0,0.0,0.0,0.0,29,0.04476232774459557,38,19,19,0,0,0,0,0,0,0,0,1
1d1t,D,31,PRO,-1.6,112.7,0.0,0,0,X,0.0,0.0,0.0,0.0,0.0,0.0,0.0,0.0,31,0.04989134446533048,40,29,11,0,0,0,0,0,0,0,0,1
1d1t,D,32,LYS,-3.9,168.6,1.0,2,0,X,0.0,0.0,0.0,0.0,0.0,0.0,0.0,0.0,24,0.034970568550465285,20,31,-11,0,0,0,0,0,0,0,0,1
1d1t,D,33,THR,-0.7,116.1,0.0,1,1,X,0.0,0.0,0.0,0.0,0.0,0.0,0.0,0.0,20,0.030307826077069916,25,37,-12,0,0,0,0,0,0,0,0,1
1d1t,D,34,LYS,-3.9,168.6,1.0,2,0,X,0.0,0.0,0.0,0.0,0.0,0.0,0.0,0.0,28,0.040565859518539735,15,41,-26,0,0,0,0,0,0,0,0,1
1d1t,D,35,GLU,-3.5,138.4,-1.0,1,3,X,0.0,0.0,0.0,0.0,0.0,0.0,0.0,0.0,34,0.05222271570202816,40,31,9,0,0,0,0,0,0,0,0,1
1d1t,D,36,VAL,4.2,140.0,0.0,0,0,X,0.0,0.0,0.0,0.0,0.0,0.0,0.0,0.0,45,0.05502036118606539,32,41,-9,0,0,0,0,0,0,0,0,1
1d1t,D,37,ARG,-4.5,173.4,1.0,5,0,X,0.0,0.0,0.0,0.0,0.0,0.0,0.0,0.0,36,0.05455408693872585,25,21,4,0,0,0,0,0,0,0,0,1
1d1t,D,38,ILE,4.5,166.7,0.0,0,0,X,0.0,0.0,0.0,0.0,0.0,0.0,0.0,0.0,44,0.05455408693872585,24,26,-2,0,0,0,0,0,0,0,0,1
1d1t,D,39,LYS,-3.9,168.6,1.0,2,0,X,0.0,0.0,0.0,0.0,0.0,0.0,0.0,0.0,25,0.045228601991935104,9,21,-12,0,0,0,0,0,0,0,0,1
1d1t,D,40,ILE,4.5,166.7,0.0,0,0,X,0.0,0.0,0.0,0.0,0.0,0.0,0.0,0.0,37,0.05408781269138631,16,15,1,0,0,0,0,0,0,0,0,1
1d1t,D,41,LEU,3.8,166.7,0.0,0,0,X,0.0,0.0,0.0,0.0,0.0,0.0,0.0,0.0,32,0.04289723075523742,17,17,0,0,0,0,0,0,0,0,0,1
1d1t,D,42,ALA,1.8,88.6,0.0,0,0,X,0.0,0.0,0.0,0.0,0.0,0.0,0.0,0.0,42,0.048492521723311866,18,21,-3,0,0,0,0,0,0,0,0,1
1d1t,D,43,THR,-0.7,116.1,0.0,1,1,X,0.0,0.0,0.0,0.0,0.0,0.0,0.0,0.0,42,0.05548663543340492,24,20,4,0,0,0,0,0,0,0,0,1
1d1t,D,44,GLY,-0.4,60.1,0.0,0,0,X,0.0,0.0,0.0,0.0,0.0,0.0,0.0,0.0,46,0.05035761871267001,30,19,11,0,0,0,0,0,0,0,0,1
1d1t,D,45,ILE,4.5,166.7,0.0,0,0,X,0.0,0.0,0.0,0.0,0.0,0.0,0.0,0.0,45,0.053155264196707235,39,31,8,0,0,0,0,0,0,0,0,1
1d1t,D,46,CYS,2.5,108.5,0.0,1,0,X,0.0,0.0,0.0,0.0,0.0,0.0,0.0,0.0,43,0.043829779249916496,40,25,15,0,0,0,0,0,0,0,0,1
1d1t,D,47,ARG,-4.5,173.4,1.0,5,0,X,0.0,0.0,0.0,0.0,0.0,0.0,0.0,0.0,33,0.0363693912924839,28,16,12,0,0,0,0,0,0,0,0,1
1d1t,D,48,THR,-0.7,116.1,0.0,1,1,X,0.0,0.0,0.0,0.0,0.0,0.0,0.0,0.0,35,0.03683566553982344,38,20,18,0,0,0,0,0,0,0,0,1
1d1t,D,49,ASP,-3.5,111.1,-1.0,1,3,X,0.0,0.0,0.0,0.0,0.0,0.0,0.0,0.0,37,0.05129016720734909,40,17,23,0,0,0,0,0,0,0,0,1
1d1t,D,50,ASP,-3.5,111.1,-1.0,1,3,X,0.0,0.0,0.0,0.0,0.0,0.0,0.0,0.0,25,0.04709369898129325,35,11,24,0,0,0,0,0,0,0,0,1
1d1t,D,51,HIS,-3.2,153.2,0.1,2,1,X,0.0,0.0,0.0,0.0,0.0,0.0,0.0,0.0,28,0.04243095650789788,23,16,7,0,0,0,0,0,0,0,0,1
1d1t,D,52,VAL,4.2,140.0,0.0,0,0,X,0.0,0.0,0.0,0.0,0.0,0.0,0.0,0.0,33,0.05035761871267001,36,20,16,0,0,0,0,0,0,0,0,1
1d1t,D,53,ILE,4.5,166.7,0.0,0,0,X,0.0,0.0,0.0,0.0,0.0,0.0,0.0,0.0,29,0.04709369898129325,32,22,10,0,0,0,0,0,0,0,0,1
1d1t,D,54,LYS,-3.9,168.6,1.0,2,0,X,0.0,0.0,0.0,0.0,0.0,0.0,0.0,0.0,21,0.034970568550465285,28,13,15,0,0,0,0,0,0,0,0,1
1d1t,D,55,GLY,-0.4,60.1,0.0,0,0,X,0.0,0.0,0.0,0.0,0.0,0.0,0.0,0.0,23,0.03450429430312575,30,12,18,0,0,0,0,0,0,0,0,1
1d1t,D,56,THR,-0.7,116.1,0.0,1,1,X,0.0,0.0,0.0,0.0,0.0,0.0,0.0,0.0,22,0.03403802005578621,36,12,24,0,0,0,0,0,0,0,0,1
1d1t,D,57,MET,1.9,162.9,0.0,0,0,X,0.0,0.0,0.0,0.0,0.0,0.0,0.0,0.0,32,0.03870076252918159,23,13,10,0,0,0,0,0,0,0,0,1
1d1t,D,58,VAL,4.2,140.0,0.0,0,0,X,0.0,0.0,0.0,0.0,0.0,0.0,0.0,0.0,28,0.028909003335051305,22,7,15,0,0,0,0,0,0,0,0,1
1d1t,D,59,SER,-0.8,89.0,0.0,1,1,X,0.0,0.0,0.0,0.0,0.0,0.0,0.0,0.0,30,0.035436842797804825,33,10,23,0,0,0,0,0,0,0,0,1
1d1t,D,60,LYS,-3.9,168.6,1.0,2,0,X,0.0,0.0,0.0,0.0,0.0,0.0,0.0,0.0,23,0.03310547156110714,23,3,20,0,0,0,0,0,0,0,0,1
1d1t,D,61,PHE,2.8,189.9,0.0,0,0,X,0.0,0.0,0.0,0.0,0.0,0.0,0.0,0.0,26,0.03683566553982344,25,9,16,0,0,0,0,0,0,0,0,1
1d1t,D,62,PRO,-1.6,112.7,0.0,0,0,X,0.0,0.0,0.0,0.0,0.0,0.0,0.0,0.0,28,0.043363505002576956,31,10,21,0,0,0,0,0,0,0,0,1
1d1t,D,63,VAL,4.2,140.0,0.0,0,0,X,0.0,0.0,0.0,0.0,0.0,0.0,0.0,0.0,39,0.05175644145468863,28,7,21,0,0,0,0,0,0,0,0,1
1d1t,D,64,ILE,4.5,166.7,0.0,0,0,X,0.0,0.0,0.0,0.0,0.0,0.0,0.0,0.0,44,0.05548663543340492,27,7,20,0,0,0,0,0,0,0,0,1
1d1t,D,65,VAL,4.2,140.0,0.0,0,0,X,0.0,0.0,0.0,0.0,0.0,0.0,0.0,0.0,44,0.053155264196707235,25,18,7,0,0,0,0,0,0,0,0,1
1d1t,D,66,GLY,-0.4,60.1,0.0,0,0,X,0.0,0.0,0.0,0.0,0.0,0.0,0.0,0.0,44,0.05548663543340492,19,19,0,0,0,0,0,0,0,0,0,1
1d1t,D,67,HIS,-3.2,153.2,0.1,2,1,X,0.0,0.0,0.0,0.0,0.0,0.0,0.0,0.0,41,0.06061565215413983,10,18,-8,0,0,0,0,0,0,0,0,1
1d1t,D,68,GLU,-3.5,138.4,-1.0,1,3,X,0.0,0.0,0.0,0.0,0.0,0.0,0.0,0.0,43,0.056419183928083996,25,9,16,0,0,0,0,0,0,0,0,1
1d1t,D,69,ALA,1.8,88.6,0.0,0,0,X,0.0,0.0,0.0,0.0,0.0,0.0,0.0,0.0,48,0.053155264196707235,18,15,3,0,0,0,0,0,0,0,0,1
1d1t,D,70,THR,-0.7,116.1,0.0,1,1,X,0.0,0.0,0.0,0.0,0.0,0.0,0.0,0.0,39,0.05408781269138631,22,19,3,0,0,0,0,0,0,0,0,1
1d1t,D,71,GLY,-0.4,60.1,0.0,0,0,X,0.0,0.0,0.0,0.0,0.0,0.0,0.0,0.0,42,0.048026247475972325,26,21,5,0,0,0,0,0,0,0,0,1
1d1t,D,72,ILE,4.5,166.7,0.0,0,0,X,0.0,0.0,0.0,0.0,0.0,0.0,0.0,0.0,33,0.04243095650789788,30,25,5,0,0,0,0,0,0,0,0,1
1d1t,D,73,VAL,4.2,140.0,0.0,0,0,X,0.0,0.0,0.0,0.0,0.0,0.0,0.0,0.0,35,0.050823892960009553,38,20,18,0,0,0,0,0,0,0,0,1
1d1t,D,74,GLU,-3.5,138.4,-1.0,1,3,X,0.0,0.0,0.0,0.0,0.0,0.0,0.0,0.0,33,0.04429605349725603,29,8,21,0,0,0,0,0,0,0,0,1
1d1t,D,75,SER,-0.8,89.0,0.0,1,1,X,0.0,0.0,0.0,0.0,0.0,0.0,0.0,0.0,34,0.04196468226055834,29,20,9,0,0,0,0,0,0,0,0,1
1d1t,D,76,ILE,4.5,166.7,0.0,0,0,X,0.0,0.0,0.0,0.0,0.0,0.0,0.0,0.0,30,0.043829779249916496,27,34,-7,0,0,0,0,0,0,0,0,1
1d1t,D,77,GLY,-0.4,60.1,0.0,0,0,X,0.0,0.0,0.0,0.0,0.0,0.0,0.0,0.0,26,0.04103213376587927,28,31,-3,0,0,0,0,0,0,0,0,1
1d1t,D,78,GLU,-3.5,138.4,-1.0,1,3,X,0.0,0.0,0.0,0.0,0.0,0.0,0.0,0.0,14,0.029375277582390842,20,12,8,0,0,0,0,0,0,0,0,1
1d1t,D,79,GLY,-0.4,60.1,0.0,0,0,X,0.0,0.0,0.0,0.0,0.0,0.0,0.0,0.0,21,0.030307826077069916,17,23,-6,0,0,0,0,0,0,0,0,1
1d1t,D,80,VAL,4.2,140.0,0.0,0,0,X,0.0,0.0,0.0,0.0,0.0,0.0,0.0,0.0,28,0.040099585271200194,23,28,-5,0,0,0,0,0,0,0,0,1
1d1t,D,81,THR,-0.7,116.1,0.0,1,1,X,0.0,0.0,0.0,0.0,0.0,0.0,0.0,0.0,26,0.02844272908771177,26,24,2,0,0,0,0,0,0,0,0,1
1d1t,D,82,THR,-0.7,116.1,0.0,1,1,X,0.0,0.0,0.0,0.0,0.0,0.0,0.0,0.0,29,0.02844272908771177,39,25,14,0,0,0,0,0,0,0,0,1
1d1t,D,83,VAL,4.2,140.0,0.0,0,0,X,0.0,0.0,0.0,0.0,0.0,0.0,0.0,0.0,32,0.040099585271200194,32,27,5,0,0,0,0,0,0,0,0,1
1d1t,D,84,LYS,-3.9,168.6,1.0,2,0,X,0.0,0.0,0.0,0.0,0.0,0.0,0.0,0.0,19,0.035436842797804825,11,15,-4,0,0,0,0,0,0,0,0,1
1d1t,D,85,PRO,-1.6,112.7,0.0,0,0,X,0.0,0.0,0.0,0.0,0.0,0.0,0.0,0.0,21,0.03170664881908853,19,18,1,0,0,0,0,0,0,0,0,1
1d1t,D,86,GLY,-0.4,60.1,0.0,0,0,X,0.0,0.0,0.0,0.0,0.0,0.0,0.0,0.0,20,0.026577632098353617,33,22,11,0,0,0,0,0,0,0,0,1
1d1t,D,87,ASP,-3.5,111.1,-1.0,1,3,X,0.0,0.0,0.0,0.0,0.0,0.0,0.0,0.0,27,0.04103213376587927,29,17,12,0,0,0,0,0,0,0,0,1
1d1t,D,88,LYS,-3.9,168.6,1.0,2,0,X,0.0,0.0,0.0,0.0,0.0,0.0,0.0,0.0,31,0.045228601991935104,15,25,-10,0,0,0,0,0,0,0,0,1
1d1t,D,89,VAL,4.2,140.0,0.0,0,0,X,0.0,0.0,0.0,0.0,0.0,0.0,0.0,0.0,40,0.04942507021799094,31,22,9,0,0,0,0,0,0,0,0,1
1d1t,D,90,ILE,4.5,166.7,0.0,0,0,X,0.0,0.0,0.0,0.0,0.0,0.0,0.0,0.0,49,0.04942507021799094,26,12,14,0,0,0,0,0,0,0,0,1
1d1t,D,91,PRO,-1.6,112.7,0.0,0,0,X,0.0,0.0,0.0,0.0,0.0,0.0,0.0,0.0,50,0.04662742473395372,18,12,6,0,0,0,0,0,0,0,0,1
1d1t,D,92,LEU,3.8,166.7,0.0,0,0,X,0.0,0.0,0.0,0.0,0.0,0.0,0.0,0.0,44,0.053621538444046775,23,15,8,0,0,0,0,0,0,0,0,1
1d1t,D,93,PHE,2.8,189.9,0.0,0,0,X,0.0,0.0,0.0,0.0,0.0,0.0,0.0,0.0,44,0.048958795970651406,12,15,-3,0,0,0,0,0,0,0,0,1
1d1t,D,94,LEU,3.8,166.7,0.0,0,0,X,0.0,0.0,0.0,0.0,0.0,0.0,0.0,0.0,43,0.0526889899493677,21,7,14,0,0,0,0,0,0,0,0,1
1d1t,D,95,PRO,-1.6,112.7,0.0,0,0,X,0.0,0.0,0.0,0.0,0.0,0.0,0.0,0.0,39,0.05408781269138631,32,18,14,0,0,0,0,0,0,0,0,1
1d1t,D,96,GLN,-3.5,143.8,0.0,2,2,X,0.0,0.0,0.0,0.0,0.0,0.0,0.0,0.0,34,0.056419183928083996,44,26,18,0,0,0,0,0,0,0,0,1
1d1t,D,97,CYS,2.5,108.5,0.0,1,0,X,0.0,0.0,0.0,0.0,0.0,0.0,0.0,0.0,30,0.04149840801321881,46,31,15,0,0,0,0,0,0,0,0,1
1d1t,D,98,ARG,-4.5,173.4,1.0,5,0,X,0.0,0.0,0.0,0.0,0.0,0.0,0.0,0.0,28,0.03683566553982344,35,24,11,0,0,0,0,0,0,0,0,1
1d1t,D,99,GLU,-3.5,138.4,-1.0,1,3,X,0.0,0.0,0.0,0.0,0.0,0.0,0.0,0.0,27,0.03450429430312575,41,18,23,0,0,0,0,0,0,0,0,1
1d1t,D,100,CYS,2.5,108.5,0.0,1,0,X,0.0,0.0,0.0,0.0,0.0,0.0,0.0,0.0,30,0.03683566553982344,36,19,17,0,0,0,0,0,0,0,0,1
1d1t,D,101,ASN,-3.5,114.1,0.0,2,2,X,0.0,0.0,0.0,0.0,0.0,0.0,0.0,0.0,28,0.03823448828184205,27,17,10,0,0,0,0,0,0,0,0,1
1d1t,D,102,ALA,1.8,88.6,0.0,0,0,X,0.0,0.0,0.0,0.0,0.0,0.0,0.0,0.0,31,0.048958795970651406,33,11,22,0,0,0,0,0,0,0,0,1
1d1t,D,103,CYS,2.5,108.5,0.0,1,0,X,0.0,0.0,0.0,0.0,0.0,0.0,0.0,0.0,32,0.04942507021799094,41,20,21,0,0,0,0,0,0,0,0,1
1d1t,D,104,ARG,-4.5,173.4,1.0,5,0,X,0.0,0.0,0.0,0.0,0.0,0.0,0.0,0.0,28,0.03590311704514436,27,24,3,0,0,0,0,0,0,0,0,1
1d1t,D,105,ASN,-3.5,114.1,0.0,2,2,X,0.0,0.0,0.0,0.0,0.0,0.0,0.0,0.0,23,0.032172923066428064,25,10,15,0,0,0,0,0,0,0,0,1
1d1t,D,106,PRO,-1.6,112.7,0.0,0,0,X,0.0,0.0,0.0,0.0,0.0,0.0,0.0,0.0,18,0.022381163872297785,19,9,10,0,0,0,0,0,0,0,0,1
1d1t,D,107,ASP,-3.5,111.1,-1.0,1,3,X,0.0,0.0,0.0,0.0,0.0,0.0,0.0,0.0,25,0.02984155182973038,27,0,27,0,0,0,0,0,0,0,0,1
1d1t,D,108,GLY,-0.4,60.1,0.0,0,0,X,0.0,0.0,0.0,0.0,0.0,0.0,0.0,0.0,35,0.045228601991935104,29,11,18,0,0,0,0,0,0,0,0,1
1d1t,D,109,ASN,-3.5,114.1,0.0,2,2,X,0.0,0.0,0.0,0.0,0.0,0.0,0.0,0.0,42,0.05175644145468863,20,9,11,0,0,0,0,0,0,0,0,1
1d1t,D,110,LEU,3.8,166.7,0.0,0,0,X,0.0,0.0,0.0,0.0,0.0,0.0,0.0,0.0,37,0.04709369898129325,21,6,15,0,0,0,0,0,0,0,0,1
1d1t,D,111,CYS,2.5,108.5,0.0,1,0,X,0.0,0.0,0.0,0.0,0.0,0.0,0.0,0.0,35,0.04709369898129325,33,9,24,0,0,0,0,0,0,0,0,1
1d1t,D,112,ILE,4.5,166.7,0.0,0,0,X,0.0,0.0,0.0,0.0,0.0,0.0,0.0,0.0,27,0.030774100324409453,19,9,10,0,0,0,0,0,0,0,0,1
1d1t,D,113,ARG,-4.5,173.4,1.0,5,0,X,0.0,0.0,0.0,0.0,0.0,0.0,0.0,0.0,33,0.03450429430312575,12,29,-17,0,0,0,0,0,0,0,0,1
1d1t,D,114,SER,-0.8,89.0,0.0,1,1,X,0.0,0.0,0.0,0.0,0.0,0.0,0.0,0.0,34,0.040099585271200194,17,9,8,0,0,0,0,0,0,0,0,1
1d1t,D,115,ASP,-3.5,111.1,-1.0,1,3,X,0.0,0.0,0.0,0.0,0.0,0.0,0.0,0.0,28,0.03730193978716297,28,1,27,0,0,0,0,0,0,0,0,1
1d1t,D,116,ILE,4.5,166.7,0.0,0,0,X,0.0,0.0,0.0,0.0,0.0,0.0,0.0,0.0,22,0.02611135785101408,14,8,6,0,0,0,0,0,0,0,0,1
1d1t,D,118,THR,-0.7,116.1,0.0,1,1,X,0.0,0.0,0.0,0.0,0.0,0.0,0.0,0.0,18,0.022381163872297785,19,8,11,0,0,0,0,0,0,0,0,1
1d1t,D,119,GLY,-0.4,60.1,0.0,0,0,X,0.0,0.0,0.0,0.0,0.0,0.0,0.0,0.0,22,0.0363693912924839,35,8,27,0,0,0,0,0,0,0,0,1
1d1t,D,120,ARG,-4.5,173.4,1.0,5,0,X,0.0,0.0,0.0,0.0,0.0,0.0,0.0,0.0,23,0.03124037457174899,25,13,12,0,0,0,0,0,0,0,0,1
1d1t,D,121,GLY,-0.4,60.1,0.0,0,0,X,0.0,0.0,0.0,0.0,0.0,0.0,0.0,0.0,35,0.048026247475972325,43,12,31,0,0,0,0,0,0,0,0,1
1d1t,D,122,VAL,4.2,140.0,0.0,0,0,X,0.0,0.0,0.0,0.0,0.0,0.0,0.0,0.0,30,0.04616115048661418,49,23,26,0,0,0,0,0,0,0,0,1
1d1t,D,123,LEU,3.8,166.7,0.0,0,0,X,0.0,0.0,0.0,0.0,0.0,0.0,0.0,0.0,34,0.04755997322863279,57,31,26,0,0,0,0,0,0,0,0,1
1d1t,D,124,ALA,1.8,88.6,0.0,0,0,X,0.0,0.0,0.0,0.0,0.0,0.0,0.0,0.0,27,0.029375277582390842,35,30,5,0,0,0,0,0,0,0,0,1
1d1t,D,125,ASP,-3.5,111.1,-1.0,1,3,X,0.0,0.0,0.0,0.0,0.0,0.0,0.0,0.0,17,0.025645083603674543,33,12,21,0,0,0,0,0,0,0,0,1
1d1t,D,126,GLY,-0.4,60.1,0.0,0,0,X,0.0,0.0,0.0,0.0,0.0,0.0,0.0,0.0,16,0.025645083603674543,35,16,19,0,0,0,0,0,0,0,0,1
1d1t,D,127,THR,-0.7,116.1,0.0,1,1,X,0.0,0.0,0.0,0.0,0.0,0.0,0.0,0.0,21,0.030774100324409453,41,15,26,0,0,0,0,0,0,0,0,1
1d1t,D,128,THR,-0.7,116.1,0.0,1,1,X,0.0,0.0,0.0,0.0,0.0,0.0,0.0,0.0,30,0.043829779249916496,42,13,29,0,0,0,0,0,0,0,0,1
1d1t,D,129,ARG,-4.5,173.4,1.0,5,0,X,0.0,0.0,0.0,0.0,0.0,0.0,0.0,0.0,33,0.045228601991935104,29,25,4,0,0,0,0,0,0,0,0,1
1d1t,D,130,PHE,2.8,189.9,0.0,0,0,X,0.0,0.0,0.0,0.0,0.0,0.0,0.0,0.0,42,0.04476232774459557,39,12,27,0,0,0,0,0,0,0,0,1
1d1t,D,131,THR,-0.7,116.1,0.0,1,1,X,0.0,0.0,0.0,0.0,0.0,0.0,0.0,0.0,26,0.040565859518539735,34,18,16,0,0,0,0,0,0,0,0,1
1d1t,D,132,CYS,2.5,108.5,0.0,1,0,X,0.0,0.0,0.0,0.0,0.0,0.0,0.0,0.0,24,0.04196468226055834,21,25,-4,0,0,0,0,0,0,0,0,1
1d1t,D,133,LYS,-3.9,168.6,1.0,2,0,X,0.0,0.0,0.0,0.0,0.0,0.0,0.0,0.0,14,0.02471253510899547,9,21,-12,0,0,0,0,0,0,0,0,1
1d1t,D,134,GLY,-0.4,60.1,0.0,0,0,X,0.0,0.0,0.0,0.0,0.0,0.0,0.0,0.0,12,0.020516066882939634,18,10,8,0,0,0,0,0,0,0,0,1
1d1t,D,135,LYS,-3.9,168.6,1.0,2,0,X,0.0,0.0,0.0,0.0,0.0,0.0,0.0,0.0,14,0.025178809356335007,12,2,10,0,0,0,0,0,0,0,0,1
1d1t,D,136,PRO,-1.6,112.7,0.0,0,0,X,0.0,0.0,0.0,0.0,0.0,0.0,0.0,0.0,23,0.03683566553982344,36,5,31,0,0,0,0,0,0,0,0,1
1d1t,D,137,VAL,4.2,140.0,0.0,0,0,X,0.0,0.0,0.0,0.0,0.0,0.0,0.0,0.0,36,0.05129016720734909,46,11,35,0,0,0,0,0,0,0,0,1
1d1t,D,138,HIS,-3.2,153.2,0.1,2,1,X,0.0,0.0,0.0,0.0,0.0,0.0,0.0,0.0,31,0.050823892960009553,34,3,31,0,0,0,0,0,0,0,0,1
1d1t,D,139,HIS,-3.2,153.2,0.1,2,1,X,0.0,0.0,0.0,0.0,0.0,0.0,0.0,0.0,39,0.058284280917442144,33,11,22,0,0,0,0,0,0,0,0,1
1d1t,D,140,PHE,2.8,189.9,0.0,0,0,X,0.0,0.0,0.0,0.0,0.0,0.0,0.0,0.0,42,0.053621538444046775,38,18,20,0,0,0,0,0,0,0,0,1
1d1t,D,141,LEU,3.8,166.7,0.0,0,0,X,0.0,0.0,0.0,0.0,0.0,0.0,0.0,0.0,39,0.04616115048661418,28,16,12,0,0,0,0,0,0,0,0,1
1d1t,D,142,ASN,-3.5,114.1,0.0,2,2,X,0.0,0.0,0.0,0.0,0.0,0.0,0.0,0.0,39,0.05595290968074446,37,18,19,0,0,0,0,0,0,0,0,1
1d1t,D,143,THR,-0.7,116.1,0.0,1,1,X,0.0,0.0,0.0,0.0,0.0,0.0,0.0,0.0,40,0.05548663543340492,22,20,2,0,0,0,0,0,0,0,0,1
1d1t,D,144,SER,-0.8,89.0,0.0,1,1,X,0.0,0.0,0.0,0.0,0.0,0.0,0.0,0.0,41,0.05595290968074446,28,12,16,0,0,0,0,0,0,0,0,1
1d1t,D,145,THR,-0.7,116.1,0.0,1,1,X,0.0,0.0,0.0,0.0,0.0,0.0,0.0,0.0,46,0.05688545817542354,18,18,0,0,0,0,0,0,0,0,0,1
1d1t,D,146,PHE,2.8,189.9,0.0,0,0,X,0.0,0.0,0.0,0.0,0.0,0.0,0.0,0.0,44,0.05129016720734909,14,18,-4,0,0,0,0,0,0,0,0,1
1d1t,D,147,THR,-0.7,116.1,0.0,1,1,X,0.0,0.0,0.0,0.0,0.0,0.0,0.0,0.0,45,0.0526889899493677,20,16,4,0,0,0,0,0,0,0,0,1
1d1t,D,148,GLU,-3.5,138.4,-1.0,1,3,X,0.0,0.0,0.0,0.0,0.0,0.0,0.0,0.0,29,0.04662742473395372,24,7,17,0,0,0,0,0,0,0,0,1
1d1t,D,149,TYR,-1.3,193.6,0.0,1,1,X,0.0,0.0,0.0,0.0,0.0,0.0,0.0,0.0,33,0.053621538444046775,31,22,9,0,0,0,0,0,0,0,0,1
1d1t,D,150,THR,-0.7,116.1,0.0,1,1,X,0.0,0.0,0.0,0.0,0.0,0.0,0.0,0.0,49,0.0526889899493677,36,23,13,0,0,0,0,0,0,0,0,1
1d1t,D,151,VAL,4.2,140.0,0.0,0,0,X,0.0,0.0,0.0,0.0,0.0,0.0,0.0,0.0,46,0.05455408693872585,41,27,14,0,0,0,0,0,0,0,0,1
1d1t,D,152,VAL,4.2,140.0,0.0,0,0,X,0.0,0.0,0.0,0.0,0.0,0.0,0.0,0.0,48,0.053155264196707235,35,24,11,0,0,0,0,0,0,0,0,1
1d1t,D,153,ASP,-3.5,111.1,-1.0,1,3,X,0.0,0.0,0.0,0.0,0.0,0.0,0.0,0.0,40,0.043829779249916496,42,25,17,0,0,0,0,0,0,0,0,1
1d1t,D,154,GLU,-3.5,138.4,-1.0,1,3,X,0.0,0.0,0.0,0.0,0.0,0.0,0.0,0.0,38,0.043363505002576956,34,20,14,0,0,0,0,0,0,0,0,1
1d1t,D,155,SER,-0.8,89.0,0.0,1,1,X,0.0,0.0,0.0,0.0,0.0,0.0,0.0,0.0,35,0.04476232774459557,39,28,11,0,0,0,0,0,0,0,0,1
1d1t,D,156,SER,-0.8,89.0,0.0,1,1,X,0.0,0.0,0.0,0.0,0.0,0.0,0.0,0.0,40,0.05129016720734909,26,24,2,0,0,0,0,0,0,0,0,1
1d1t,D,157,VAL,4.2,140.0,0.0,0,0,X,0.0,0.0,0.0,0.0,0.0,0.0,0.0,0.0,43,0.04942507021799094,31,28,3,0,0,0,0,0,0,0,0,1
1d1t,D,158,ALA,1.8,88.6,0.0,0,0,X,0.0,0.0,0.0,0.0,0.0,0.0,0.0,0.0,41,0.04662742473395372,33,29,4,0,0,0,0,0,0,0,0,1
1d1t,D,159,LYS,-3.9,168.6,1.0,2,0,X,0.0,0.0,0.0,0.0,0.0,0.0,0.0,0.0,26,0.03870076252918159,26,25,1,0,0,0,0,0,0,0,0,1
1d1t,D,160,ILE,4.5,166.7,0.0,0,0,X,0.0,0.0,0.0,0.0,0.0,0.0,0.0,0.0,36,0.043829779249916496,24,26,-2,0,0,0,0,0,0,0,0,1
1d1t,D,161,ASP,-3.5,111.1,-1.0,1,3,X,0.0,0.0,0.0,0.0,0.0,0.0,0.0,0.0,24,0.03357174580844668,22,15,7,0,0,0,0,0,0,0,0,1
1d1t,D,162,ASP,-3.5,111.1,-1.0,1,3,X,0.0,0.0,0.0,0.0,0.0,0.0,0.0,0.0,19,0.025645083603674543,19,16,3,0,0,0,0,0,0,0,0,1
1d1t,D,163,ALA,1.8,88.6,0.0,0,0,X,0.0,0.0,0.0,0.0,0.0,0.0,0.0,0.0,16,0.02144861537761871,9,17,-8,0,0,0,0,0,0,0,0,1
1d1t,D,164,ALA,1.8,88.6,0.0,0,0,X,0.0,0.0,0.0,0.0,0.0,0.0,0.0,0.0,27,0.03683566553982344,19,26,-7,0,0,0,0,0,0,0,0,1
1d1t,D,165,PRO,-1.6,112.7,0.0,0,0,X,0.0,0.0,0.0,0.0,0.0,0.0,0.0,0.0,24,0.03170664881908853,14,24,-10,0,0,0,0,0,0,0,0,1
1d1t,D,166,PRO,-1.6,112.7,0.0,0,0,X,0.0,0.0,0.0,0.0,0.0,0.0,0.0,0.0,36,0.04149840801321881,17,16,1,0,0,0,0,0,0,0,0,1
1d1t,D,167,GLU,-3.5,138.4,-1.0,1,3,X,0.0,0.0,0.0,0.0,0.0,0.0,0.0,0.0,27,0.043363505002576956,14,6,8,0,0,0,0,0,0,0,0,1
1d1t,D,168,LYS,-3.9,168.6,1.0,2,0,X,0.0,0.0,0.0,0.0,0.0,0.0,0.0,0.0,27,0.043363505002576956,2,25,-23,0,0,0,0,0,0,0,0,1
1d1t,D,169,VAL,4.2,140.0,0.0,0,0,X,0.0,0.0,0.0,0.0,0.0,0.0,0.0,0.0,42,0.048026247475972325,15,26,-11,0,0,0,0,0,0,0,0,1
1d1t,D,170,CYS,2.5,108.5,0.0,1,0,X,0.0,0.0,0.0,0.0,0.0,0.0,0.0,0.0,43,0.048492521723311866,22,18,4,0,0,0,0,0,0,0,0,1
1d1t,D,171,LEU,3.8,166.7,0.0,0,0,X,0.0,0.0,0.0,0.0,0.0,0.0,0.0,0.0,46,0.04989134446533048,22,21,1,0,0,0,0,0,0,0,0,1
1d1t,D,172,ILE,4.5,166.7,0.0,0,0,X,0.0,0.0,0.0,0.0,0.0,0.0,0.0,0.0,45,0.05129016720734909,14,17,-3,0,0,0,0,0,0,0,0,1
1d1t,D,173,GLY,-0.4,60.1,0.0,0,0,X,0.0,0.0,0.0,0.0,0.0,0.0,0.0,0.0,46,0.0526889899493677,18,12,6,0,0,0,0,0,0,0,0,1
1d1t,D,174,CYS,2.5,108.5,0.0,1,0,X,0.0,0.0,0.0,0.0,0.0,0.0,0.0,0.0,43,0.045694876239274644,21,13,8,0,0,0,0,0,0,0,0,1
1d1t,D,175,GLY,-0.4,60.1,0.0,0,0,X,0.0,0.0,0.0,0.0,0.0,0.0,0.0,0.0,42,0.04662742473395372,20,9,11,0,0,0,0,0,0,0,0,1
1d1t,D,176,PHE,2.8,189.9,0.0,0,0,X,0.0,0.0,0.0,0.0,0.0,0.0,0.0,0.0,43,0.05502036118606539,10,12,-2,0,0,0,0,0,0,0,0,1
1d1t,D,177,SER,-0.8,89.0,0.0,1,1,X,0.0,0.0,0.0,0.0,0.0,0.0,0.0,0.0,49,0.04989134446533048,12,14,-2,0,0,0,0,0,0,0,0,1
1d1t,D,178,THR,-0.7,116.1,0.0,1,1,X,0.0,0.0,0.0,0.0,0.0,0.0,0.0,0.0,47,0.053621538444046775,11,3,8,0,0,0,0,0,0,0,0,1
1d1t,D,179,GLY,-0.4,60.1,0.0,0,0,X,0.0,0.0,0.0,0.0,0.0,0.0,0.0,0.0,45,0.0526889899493677,7,2,5,0,0,0,0,0,0,0,0,1
1d1t,D,180,TYR,-1.3,193.6,0.0,1,1,X,0.0,0.0,0.0,0.0,0.0,0.0,0.0,0.0,40,0.053621538444046775,19,8,11,0,0,0,0,0,0,0,0,1
1d1t,D,181,GLY,-0.4,60.1,0.0,0,0,X,0.0,0.0,0.0,0.0,0.0,0.0,0.0,0.0,38,0.048492521723311866,17,4,13,0,0,0,0,0,0,0,0,1
1d1t,D,182,ALA,1.8,88.6,0.0,0,0,X,0.0,0.0,0.0,0.0,0.0,0.0,0.0,0.0,46,0.053621538444046775,25,3,22,0,0,0,0,0,0,0,0,1
1d1t,D,183,ALA,1.8,88.6,0.0,0,0,X,0.0,0.0,0.0,0.0,0.0,0.0,0.0,0.0,43,0.05502036118606539,31,0,31,0,0,0,0,0,0,0,0,1
1d1t,D,184,VAL,4.2,140.0,0.0,0,0,X,0.0,0.0,0.0,0.0,0.0,0.0,0.0,0.0,34,0.04662742473395372,26,1,25,0,0,0,0,0,0,0,0,1
1d1t,D,185,LYS,-3.9,168.6,1.0,2,0,X,0.0,0.0,0.0,0.0,0.0,0.0,0.0,0.0,30,0.03124037457174899,19,9,10,0,0,0,0,0,0,0,0,1
1d1t,D,186,THR,-0.7,116.1,0.0,1,1,X,0.0,0.0,0.0,0.0,0.0,0.0,0.0,0.0,39,0.03823448828184205,30,5,25,0,0,0,0,0,0,0,0,1
1d1t,D,187,GLY,-0.4,60.1,0.0,0,0,X,0.0,0.0,0.0,0.0,0.0,0.0,0.0,0.0,35,0.04243095650789788,33,0,33,0,0,0,0,0,0,0,0,1
1d1t,D,188,LYS,-3.9,168.6,1.0,2,0,X,0.0,0.0,0.0,0.0,0.0,0.0,0.0,0.0,21,0.03403802005578621,23,1,22,0,0,0,0,0,0,0,0,1
1d1t,D,189,VAL,4.2,140.0,0.0,0,0,X,0.0,0.0,0.0,0.0,0.0,0.0,0.0,0.0,36,0.04429605349725603,29,0,29,0,0,0,0,0,0,0,0,1
1d1t,D,190,LYS,-3.9,168.6,1.0,2,0,X,0.0,0.0,0.0,0.0,0.0,0.0,0.0,0.0,22,0.02984155182973038,7,6,1,0,0,0,0,0,0,0,0,1
1d1t,D,191,PRO,-1.6,112.7,0.0,0,0,X,0.0,0.0,0.0,0.0,0.0,0.0,0.0,0.0,17,0.026577632098353617,17,0,17,0,0,0,0,0,0,0,0,1
1d1t,D,192,GLY,-0.4,60.1,0.0,0,0,X,0.0,0.0,0.0,0.0,0.0,0.0,0.0,0.0,19,0.022381163872297785,18,0,18,0,0,0,0,0,0,0,0,1
1d1t,D,193,SER,-0.8,89.0,0.0,1,1,X,0.0,0.0,0.0,0.0,0.0,0.0,0.0,0.0,27,0.040099585271200194,23,0,23,0,0,0,0,0,0,0,0,1
1d1t,D,194,THR,-0.7,116.1,0.0,1,1,X,0.0,0.0,0.0,0.0,0.0,0.0,0.0,0.0,37,0.04616115048661418,19,1,18,0,0,0,0,0,0,0,0,1
1d1t,D,195,CYS,2.5,108.5,0.0,1,0,X,0.0,0.0,0.0,0.0,0.0,0.0,0.0,0.0,39,0.05175644145468863,18,4,14,0,0,0,0,0,0,0,0,1
1d1t,D,196,VAL,4.2,140.0,0.0,0,0,X,0.0,0.0,0.0,0.0,0.0,0.0,0.0,0.0,49,0.048958795970651406,8,12,-4,0,0,0,0,0,0,0,0,1
1d1t,D,197,VAL,4.2,140.0,0.0,0,0,X,0.0,0.0,0.0,0.0,0.0,0.0,0.0,0.0,46,0.053621538444046775,2,17,-15,0,0,0,0,0,0,0,0,1
1d1t,D,198,PHE,2.8,189.9,0.0,0,0,X,0.0,0.0,0.0,0.0,0.0,0.0,0.0,0.0,42,0.048026247475972325,7,27,-20,0,0,0,0,0,0,0,0,1
1d1t,D,199,GLY,-0.4,60.1,0.0,0,0,X,0.0,0.0,0.0,0.0,0.0,0.0,0.0,0.0,36,0.043829779249916496,10,17,-7,0,0,0,0,0,0,0,0,1
1d1t,D,200,LEU,3.8,166.7,0.0,0,0,X,0.0,0.0,0.0,0.0,0.0,0.0,0.0,0.0,40,0.04662742473395372,20,20,0,0,0,0,0,0,0,0,0,1
1d1t,D,201,GLY,-0.4,60.1,0.0,0,0,X,0.0,0.0,0.0,0.0,0.0,0.0,0.0,0.0,37,0.03403802005578621,35,8,27,0,0,0,0,0,0,0,0,1
1d1t,D,202,GLY,-0.4,60.1,0.0,0,0,X,0.0,0.0,0.0,0.0,0.0,0.0,0.0,0.0,42,0.04289723075523742,26,5,21,0,0,0,0,0,0,0,0,1
1d1t,D,203,VAL,4.2,140.0,0.0,0,0,X,0.0,0.0,0.0,0.0,0.0,0.0,0.0,0.0,43,0.04616115048661418,13,8,5,0,0,0,0,0,0,0,0,1
1d1t,D,204,GLY,-0.4,60.1,0.0,0,0,X,0.0,0.0,0.0,0.0,0.0,0.0,0.0,0.0,42,0.04616115048661418,12,9,3,0,0,0,0,0,0,0,0,1
1d1t,D,205,LEU,3.8,166.7,0.0,0,0,X,0.0,0.0,0.0,0.0,0.0,0.0,0.0,0.0,43,0.04989134446533048,24,7,17,0,0,0,0,0,0,0,0,1
1d1t,D,206,SER,-0.8,89.0,0.0,1,1,X,0.0,0.0,0.0,0.0,0.0,0.0,0.0,0.0,43,0.04942507021799094,10,3,7,0,0,0,0,0,0,0,0,1
1d1t,D,207,VAL,4.2,140.0,0.0,0,0,X,0.0,0.0,0.0,0.0,0.0,0.0,0.0,0.0,49,0.05222271570202816,6,4,2,0,0,0,0,0,0,0,0,1
1d1t,D,208,ILE,4.5,166.7,0.0,0,0,X,0.0,0.0,0.0,0.0,0.0,0.0,0.0,0.0,44,0.04942507021799094,16,3,13,0,0,0,0,0,0,0,0,1
1d1t,D,209,MET,1.9,162.9,0.0,0,0,X,0.0,0.0,0.0,0.0,0.0,0.0,0.0,0.0,38,0.048492521723311866,13,6,7,0,0,0,0,0,0,0,0,1
1d1t,D,210,GLY,-0.4,60.1,0.0,0,0,X,0.0,0.0,0.0,0.0,0.0,0.0,0.0,0.0,37,0.050823892960009553,19,0,19,0,0,0,0,0,0,0,0,1
1d1t,D,211,CYS,2.5,108.5,0.0,1,0,X,0.0,0.0,0.0,0.0,0.0,0.0,0.0,0.0,40,0.048958795970651406,24,0,24,0,0,0,0,0,0,0,0,1
1d1t,D,212,LYS,-3.9,168.6,1.0,2,0,X,0.0,0.0,0.0,0.0,0.0,0.0,0.0,0.0,30,0.0363693912924839,6,1,5,0,0,0,0,0,0,0,0,1
1d1t,D,213,SER,-0.8,89.0,0.0,1,1,X,0.0,0.0,0.0,0.0,0.0,0.0,0.0,0.0,30,0.028909003335051305,21,2,19,0,0,0,0,0,0,0,0,1
1d1t,D,214,ALA,1.8,88.6,0.0,0,0,X,0.0,0.0,0.0,0.0,0.0,0.0,0.0,0.0,27,0.0363693912924839,23,0,23,0,0,0,0,0,0,0,0,1
1d1t,D,215,GLY,-0.4,60.1,0.0,0,0,X,0.0,0.0,0.0,0.0,0.0,0.0,0.0,0.0,25,0.03124037457174899,21,0,21,0,0,0,0,0,0,0,0,1
1d1t,D,216,ALA,1.8,88.6,0.0,0,0,X,0.0,0.0,0.0,0.0,0.0,0.0,0.0,0.0,29,0.04289723075523742,24,0,24,0,0,0,0,0,0,0,0,1
1d1t,D,217,SER,-0.8,89.0,0.0,1,1,X,0.0,0.0,0.0,0.0,0.0,0.0,0.0,0.0,22,0.027510180593032695,20,2,18,0,0,0,0,0,0,0,0,1
1d1t,D,218,ARG,-4.5,173.4,1.0,5,0,X,0.0,0.0,0.0,0.0,0.0,0.0,0.0,0.0,25,0.03823448828184205,0,10,-10,0,0,0,0,0,0,0,0,1
1d1t,D,219,ILE,4.5,166.7,0.0,0,0,X,0.0,0.0,0.0,0.0,0.0,0.0,0.0,0.0,40,0.048492521723311866,19,9,10,0,0,0,0,0,0,0,0,1
1d1t,D,220,ILE,4.5,166.7,0.0,0,0,X,0.0,0.0,0.0,0.0,0.0,0.0,0.0,0.0,40,0.04989134446533048,11,10,1,0,0,0,0,0,0,0,0,1
1d1t,D,221,GLY,-0.4,60.1,0.0,0,0,X,0.0,0.0,0.0,0.0,0.0,0.0,0.0,0.0,41,0.05502036118606539,10,19,-9,0,0,0,0,0,0,0,0,1
1d1t,D,222,ILE,4.5,166.7,0.0,0,0,X,0.0,0.0,0.0,0.0,0.0,0.0,0.0,0.0,40,0.048026247475972325,8,25,-17,0,0,0,0,0,0,0,0,1
1d1t,D,223,ASP,-3.5,111.1,-1.0,1,3,X,0.0,0.0,0.0,0.0,0.0,0.0,0.0,0.0,33,0.048492521723311866,23,12,11,0,0,0,0,0,0,0,0,1
1d1t,D,224,LEU,3.8,166.7,0.0,0,0,X,0.0,0.0,0.0,0.0,0.0,0.0,0.0,0.0,19,0.03124037457174899,27,18,9,0,0,0,0,0,0,0,0,1
1d1t,D,225,ASN,-3.5,114.1,0.0,2,2,X,0.0,0.0,0.0,0.0,0.0,0.0,0.0,0.0,25,0.032172923066428064,21,18,3,0,0,0,0,0,0,0,0,1
1d1t,D,226,LYS,-3.9,168.6,1.0,2,0,X,0.0,0.0,0.0,0.0,0.0,0.0,0.0,0.0,17,0.032172923066428064,14,25,-11,0,0,0,0,0,0,0,0,1
1d1t,D,227,ASP,-3.5,111.1,-1.0,1,3,X,0.0,0.0,0.0,0.0,0.0,0.0,0.0,0.0,15,0.027510180593032695,22,16,6,0,0,0,0,0,0,0,0,1
1d1t,D,228,LYS,-3.9,168.6,1.0,2,0,X,0.0,0.0,0.0,0.0,0.0,0.0,0.0,0.0,32,0.04149840801321881,17,24,-7,0,0,0,0,0,0,0,0,1
1d1t,D,229,PHE,2.8,189.9,0.0,0,0,X,0.0,0.0,0.0,0.0,0.0,0.0,0.0,0.0,29,0.04243095650789788,24,34,-10,0,0,0,0,0,0,0,0,1
1d1t,D,230,GLU,-3.5,138.4,-1.0,1,3,X,0.0,0.0,0.0,0.0,0.0,0.0,0.0,0.0,16,0.02844272908771177,20,8,12,0,0,0,0,0,0,0,0,1
1d1t,D,231,LYS,-3.9,168.6,1.0,2,0,X,0.0,0.0,0.0,0.0,0.0,0.0,0.0,0.0,30,0.03776821403450251,12,18,-6,0,0,0,0,0,0,0,0,1
1d1t,D,232,ALA,1.8,88.6,0.0,0,0,X,0.0,0.0,0.0,0.0,0.0,0.0,0.0,0.0,35,0.04662742473395372,21,22,-1,0,0,0,0,0,0,0,0,1
1d1t,D,233,MET,1.9,162.9,0.0,0,0,X,0.0,0.0,0.0,0.0,0.0,0.0,0.0,0.0,23,0.03450429430312575,15,17,-2,0,0,0,0,0,0,0,0,1
1d1t,D,234,ALA,1.8,88.6,0.0,0,0,X,0.0,0.0,0.0,0.0,0.0,0.0,0.0,0.0,18,0.02797645484037223,16,12,4,0,0,0,0,0,0,0,0,1
1d1t,D,235,VAL,4.2,140.0,0.0,0,0,X,0.0,0.0,0.0,0.0,0.0,0.0,0.0,0.0,34,0.03683566553982344,20,13,7,0,0,0,0,0,0,0,0,1
1d1t,D,236,GLY,-0.4,60.1,0.0,0,0,X,0.0,0.0,0.0,0.0,0.0,0.0,0.0,0.0,31,0.035436842797804825,19,8,11,0,0,0,0,0,0,0,0,1
1d1t,D,237,ALA,1.8,88.6,0.0,0,0,X,0.0,0.0,0.0,0.0,0.0,0.0,0.0,0.0,31,0.04289723075523742,22,13,9,0,0,0,0,0,0,0,0,1
1d1t,D,238,THR,-0.7,116.1,0.0,1,1,X,0.0,0.0,0.0,0.0,0.0,0.0,0.0,0.0,24,0.032639197313767604,15,9,6,0,0,0,0,0,0,0,0,1
1d1t,D,239,GLU,-3.5,138.4,-1.0,1,3,X,0.0,0.0,0.0,0.0,0.0,0.0,0.0,0.0,26,0.032172923066428064,11,1,10,0,0,0,0,0,0,0,0,1
1d1t,D,240,CYS,2.5,108.5,0.0,1,0,X,0.0,0.0,0.0,0.0,0.0,0.0,0.0,0.0,34,0.04243095650789788,18,27,-9,0,0,0,0,0,0,0,0,1
1d1t,D,241,ILE,4.5,166.7,0.0,0,0,X,0.0,0.0,0.0,0.0,0.0,0.0,0.0,0.0,30,0.03870076252918159,16,24,-8,0,0,0,0,0,0,0,0,1
1d1t,D,242,SER,-0.8,89.0,0.0,1,1,X,0.0,0.0,0.0,0.0,0.0,0.0,0.0,0.0,25,0.040099585271200194,19,18,1,0,0,0,0,0,0,0,0,1
1d1t,D,243,PRO,-1.6,112.7,0.0,0,0,X,0.0,0.0,0.0,0.0,0.0,0.0,0.0,0.0,24,0.03776821403450251,19,19,0,0,0,0,0,0,0,0,0,1
1d1t,D,244,LYS,-3.9,168.6,1.0,2,0,X,0.0,0.0,0.0,0.0,0.0,0.0,0.0,0.0,14,0.024246260861655933,8,12,-4,0,0,0,0,0,0,0,0,1
1d1t,D,245,ASP,-3.5,111.1,-1.0,1,3,X,0.0,0.0,0.0,0.0,0.0,0.0,0.0,0.0,16,0.022847438119637322,21,3,18,0,0,0,0,0,0,0,0,1
1d1t,D,246,SER,-0.8,89.0,0.0,1,1,X,0.0,0.0,0.0,0.0,0.0,0.0,0.0,0.0,15,0.023779986614316396,18,15,3,0,0,0,0,0,0,0,0,1
1d1t,D,247,THR,-0.7,116.1,0.0,1,1,X,0.0,0.0,0.0,0.0,0.0,0.0,0.0,0.0,10,0.019117244140921023,17,10,7,0,0,0,0,0,0,0,0,1
1d1t,D,248,LYS,-3.9,168.6,1.0,2,0,X,0.0,0.0,0.0,0.0,0.0,0.0,0.0,0.0,16,0.023779986614316396,3,21,-18,0,0,0,0,0,0,0,0,1
1d1t,D,249,PRO,-1.6,112.7,0.0,0,0,X,0.0,0.0,0.0,0.0,0.0,0.0,0.0,0.0,15,0.02797645484037223,9,22,-13,0,0,0,0,0,0,0,0,1
1d1t,D,250,ILE,4.5,166.7,0.0,0,0,X,0.0,0.0,0.0,0.0,0.0,0.0,0.0,0.0,33,0.040099585271200194,12,29,-17,0,0,0,0,0,0,0,0,1
1d1t,D,251,SER,-0.8,89.0,0.0,1,1,X,0.0,0.0,0.0,0.0,0.0,0.0,0.0,0.0,29,0.04289723075523742,17,25,-8,0,0,0,0,0,0,0,0,1
1d1t,D,252,GLU,-3.5,138.4,-1.0,1,3,X,0.0,0.0,0.0,0.0,0.0,0.0,0.0,0.0,15,0.03450429430312575,10,9,1,0,0,0,0,0,0,0,0,1
1d1t,D,253,VAL,4.2,140.0,0.0,0,0,X,0.0,0.0,0.0,0.0,0.0,0.0,0.0,0.0,26,0.03823448828184205,10,28,-18,0,0,0,0,0,0,0,0,1
1d1t,D,254,LEU,3.8,166.7,0.0,0,0,X,0.0,0.0,0.0,0.0,0.0,0.0,0.0,0.0,36,0.04429605349725603,11,24,-13,0,0,0,0,0,0,0,0,1
1d1t,D,255,SER,-0.8,89.0,0.0,1,1,X,0.0,0.0,0.0,0.0,0.0,0.0,0.0,0.0,27,0.04243095650789788,16,18,-2,0,0,0,0,0,0,0,0,1
1d1t,D,256,GLU,-3.5,138.4,-1.0,1,3,X,0.0,0.0,0.0,0.0,0.0,0.0,0.0,0.0,16,0.030774100324409453,10,9,1,0,0,0,0,0,0,0,0,1
1d1t,D,257,MET,1.9,162.9,0.0,0,0,X,0.0,0.0,0.0,0.0,0.0,0.0,0.0,0.0,25,0.028909003335051305,9,23,-14,0,0,0,0,0,0,0,0,1
1d1t,D,258,THR,-0.7,116.1,0.0,1,1,X,0.0,0.0,0.0,0.0,0.0,0.0,0.0,0.0,26,0.03450429430312575,16,15,1,0,0,0,0,0,0,0,0,1
1d1t,D,259,GLY,-0.4,60.1,0.0,0,0,X,0.0,0.0,0.0,0.0,0.0,0.0,0.0,0.0,21,0.02471253510899547,13,11,2,0,0,0,0,0,0,0,0,1
1d1t,D,260,ASN,-3.5,114.1,0.0,2,2,X,0.0,0.0,0.0,0.0,0.0,0.0,0.0,0.0,27,0.0363693912924839,12,10,2,0,0,0,0,0,0,0,0,1
1d1t,D,261,ASN,-3.5,114.1,0.0,2,2,X,0.0,0.0,0.0,0.0,0.0,0.0,0.0,0.0,29,0.03963331102386066,21,4,17,0,0,0,0,0,0,0,0,1
1d1t,D,262,VAL,4.2,140.0,0.0,0,0,X,0.0,0.0,0.0,0.0,0.0,0.0,0.0,0.0,42,0.05502036118606539,26,6,20,0,0,0,0,0,0,0,0,1
1d1t,D,263,GLY,-0.4,60.1,0.0,0,0,X,0.0,0.0,0.0,0.0,0.0,0.0,0.0,0.0,38,0.048026247475972325,30,2,28,0,0,0,0,0,0,0,0,1
1d1t,D,264,TYR,-1.3,193.6,0.0,1,1,X,0.0,0.0,0.0,0.0,0.0,0.0,0.0,0.0,40,0.050823892960009553,25,1,24,0,0,0,0,0,0,0,0,1
1d1t,D,265,THR,-0.7,116.1,0.0,1,1,X,0.0,0.0,0.0,0.0,0.0,0.0,0.0,0.0,44,0.05688545817542354,14,13,1,0,0,0,0,0,0,0,0,1
1d1t,D,266,PHE,2.8,189.9,0.0,0,0,X,0.0,0.0,0.0,0.0,0.0,0.0,0.0,0.0,54,0.05129016720734909,6,8,-2,0,0,0,0,0,0,0,0,1
1d1t,D,267,GLU,-3.5,138.4,-1.0,1,3,X,0.0,0.0,0.0,0.0,0.0,0.0,0.0,0.0,38,0.05781800667010261,12,12,0,0,0,0,0,0,0,0,0,1
1d1t,D,268,VAL,4.2,140.0,0.0,0,0,X,0.0,0.0,0.0,0.0,0.0,0.0,0.0,0.0,37,0.043363505002576956,9,15,-6,0,0,0,0,0,0,0,0,1
1d1t,D,269,ILE,4.5,166.7,0.0,0,0,X,0.0,0.0,0.0,0.0,0.0,0.0,0.0,0.0,31,0.03870076252918159,23,24,-1,0,0,0,0,0,0,0,0,1
1d1t,D,270,GLY,-0.4,60.1,0.0,0,0,X,0.0,0.0,0.0,0.0,0.0,0.0,0.0,0.0,27,0.04196468226055834,27,18,9,0,0,0,0,0,0,0,0,1
1d1t,D,271,HIS,-3.2,153.2,0.1,2,1,X,0.0,0.0,0.0,0.0,0.0,0.0,0.0,0.0,23,0.0363693912924839,8,22,-14,0,0,0,0,0,0,0,0,1
1d1t,D,272,LEU,3.8,166.7,0.0,0,0,X,0.0,0.0,0.0,0.0,0.0,0.0,0.0,0.0,26,0.04149840801321881,18,23,-5,0,0,0,0,0,0,0,0,1
1d1t,D,273,GLU,-3.5,138.4,-1.0,1,3,X,0.0,0.0,0.0,0.0,0.0,0.0,0.0,0.0,19,0.02984155182973038,11,13,-2,0,0,0,0,0,0,0,0,1
1d1t,D,274,THR,-0.7,116.1,0.0,1,1,X,0.0,0.0,0.0,0.0,0.0,0.0,0.0,0.0,31,0.04243095650789788,10,26,-16,0,0,0,0,0,0,0,0,1
1d1t,D,275,MET,1.9,162.9,0.0,0,0,X,0.0,0.0,0.0,0.0,0.0,0.0,0.0,0.0,36,0.053155264196707235,13,26,-13,0,0,0,0,0,0,0,0,1
1d1t,D,276,ILE,4.5,166.7,0.0,0,0,X,0.0,0.0,0.0,0.0,0.0,0.0,0.0,0.0,28,0.043829779249916496,9,30,-21,0,0,0,0,0,0,0,0,1
1d1t,D,277,ASP,-3.5,111.1,-1.0,1,3,X,0.0,0.0,0.0,0.0,0.0,0.0,0.0,0.0,32,0.03963331102386066,10,17,-7,0,0,0,0,0,0,0,0,1
1d1t,D,278,ALA,1.8,88.6,0.0,0,0,X,0.0,0.0,0.0,0.0,0.0,0.0,0.0,0.0,39,0.056419183928083996,11,22,-11,0,0,0,0,0,0,0,0,1
1d1t,D,279,LEU,3.8,166.7,0.0,0,0,X,0.0,0.0,0.0,0.0,0.0,0.0,0.0,0.0,40,0.053155264196707235,18,20,-2,0,0,0,0,0,0,0,0,1
1d1t,D,280,ALA,1.8,88.6,0.0,0,0,X,0.0,0.0,0.0,0.0,0.0,0.0,0.0,0.0,37,0.040099585271200194,16,22,-6,0,0,0,0,0,0,0,0,1
1d1t,D,281,SER,-0.8,89.0,0.0,1,1,X,0.0,0.0,0.0,0.0,0.0,0.0,0.0,0.0,40,0.048958795970651406,15,17,-2,0,0,0,0,0,0,0,0,1
1d1t,D,282,CYS,2.5,108.5,0.0,1,0,X,0.0,0.0,0.0,0.0,0.0,0.0,0.0,0.0,39,0.05222271570202816,21,6,15,0,0,0,0,0,0,0,0,1
1d1t,D,283,HIS,-3.2,153.2,0.1,2,1,X,0.0,0.0,0.0,0.0,0.0,0.0,0.0,0.0,38,0.048492521723311866,11,3,8,0,0,0,0,0,0,0,0,1
1d1t,D,284,MET,1.9,162.9,0.0,0,0,X,0.0,0.0,0.0,0.0,0.0,0.0,0.0,0.0,34,0.048026247475972325,21,1,20,0,0,0,0,0,0,0,0,1
1d1t,D,285,ASN,-3.5,114.1,0.0,2,2,X,0.0,0.0,0.0,0.0,0.0,0.0,0.0,0.0,40,0.04755997322863279,27,6,21,0,0,0,0,0,0,0,0,1
1d1t,D,286,TYR,-1.3,193.6,0.0,1,1,X,0.0,0.0,0.0,0.0,0.0,0.0,0.0,0.0,33,0.04616115048661418,30,8,22,0,0,0,0,0,0,0,0,1
1d1t,D,287,GLY,-0.4,60.1,0.0,0,0,X,0.0,0.0,0.0,0.0,0.0,0.0,0.0,0.0,32,0.05175644145468863,32,8,24,0,0,0,0,0,0,0,0,1
1d1t,D,288,THR,-0.7,116.1,0.0,1,1,X,0.0,0.0,0.0,0.0,0.0,0.0,0.0,0.0,38,0.05035761871267001,41,3,38,0,0,0,0,0,0,0,0,1
1d1t,D,289,SER,-0.8,89.0,0.0,1,1,X,0.0,0.0,0.0,0.0,0.0,0.0,0.0,0.0,38,0.053621538444046775,26,12,14,0,0,0,0,0,0,0,0,1
1d1t,D,290,VAL,4.2,140.0,0.0,0,0,X,0.0,0.0,0.0,0.0,0.0,0.0,0.0,0.0,46,0.05035761871267001,14,9,5,0,0,0,0,0,0,0,0,1
1d1t,D,291,VAL,4.2,140.0,0.0,0,0,X,0.0,0.0,0.0,0.0,0.0,0.0,0.0,0.0,41,0.05129016720734909,16,9,7,0,0,0,0,0,0,0,0,1
1d1t,D,292,VAL,4.2,140.0,0.0,0,0,X,0.0,0.0,0.0,0.0,0.0,0.0,0.0,0.0,43,0.048492521723311866,7,9,-2,0,0,0,0,0,0,0,0,1
1d1t,D,293,GLY,-0.4,60.1,0.0,0,0,X,0.0,0.0,0.0,0.0,0.0,0.0,0.0,0.0,37,0.04243095650789788,19,9,10,0,0,0,0,0,0,0,0,1
1d1t,D,294,VAL,4.2,140.0,0.0,0,0,X,0.0,0.0,0.0,0.0,0.0,0.0,0.0,0.0,30,0.03730193978716297,26,9,17,0,0,0,0,0,0,0,0,1
1d1t,D,295,PRO,-1.6,112.7,0.0,0,0,X,0.0,0.0,0.0,0.0,0.0,0.0,0.0,0.0,31,0.043829779249916496,22,15,7,0,0,0,0,0,0,0,0,1
1d1t,D,296,PRO,-1.6,112.7,0.0,0,0,X,0.0,0.0,0.0,0.0,0.0,0.0,0.0,0.0,25,0.03590311704514436,29,7,22,0,0,0,0,0,0,0,0,1
1d1t,D,297,SER,-0.8,89.0,0.0,1,1,X,0.0,0.0,0.0,0.0,0.0,0.0,0.0,0.0,19,0.02984155182973038,20,3,17,0,0,0,0,0,0,0,0,1
1d1t,D,298,ALA,1.8,88.6,0.0,0,0,X,0.0,0.0,0.0,0.0,0.0,0.0,0.0,0.0,15,0.02144861537761871,9,8,1,0,0,0,0,0,0,0,0,1
1d1t,D,299,LYS,-3.9,168.6,1.0,2,0,X,0.0,0.0,0.0,0.0,0.0,0.0,0.0,0.0,18,0.02844272908771177,2,11,-9,0,0,0,0,0,0,0,0,1
1d1t,D,300,MET,1.9,162.9,0.0,0,0,X,0.0,0.0,0.0,0.0,0.0,0.0,0.0,0.0,14,0.03357174580844668,9,8,1,0,0,0,0,0,0,0,0,1
1d1t,D,301,LEU,3.8,166.7,0.0,0,0,X,0.0,0.0,0.0,0.0,0.0,0.0,0.0,0.0,22,0.040565859518539735,10,20,-10,0,0,0,0,0,0,0,0,1
1d1t,D,302,THR,-0.7,116.1,0.0,1,1,X,0.0,0.0,0.0,0.0,0.0,0.0,0.0,0.0,13,0.035436842797804825,5,17,-12,0,0,0,0,0,0,0,0,1
1d1t,D,303,TYR,-1.3,193.6,0.0,1,1,X,0.0,0.0,0.0,0.0,0.0,0.0,0.0,0.0,19,0.04243095650789788,4,10,-6,0,0,0,0,0,0,0,0,1
1d1t,D,304,ASP,-3.5,111.1,-1.0,1,3,X,0.0,0.0,0.0,0.0,0.0,0.0,0.0,0.0,22,0.03683566553982344,11,0,11,0,0,0,0,0,0,0,0,1
1d1t,D,305,PRO,-1.6,112.7,0.0,0,0,X,0.0,0.0,0.0,0.0,0.0,0.0,0.0,0.0,28,0.04755997322863279,12,9,3,0,0,0,0,0,0,0,0,1
1d1t,D,306,MET,1.9,162.9,0.0,0,0,X,0.0,0.0,0.0,0.0,0.0,0.0,0.0,0.0,30,0.03450429430312575,14,8,6,0,0,0,0,0,0,0,0,1
1d1t,D,307,LEU,3.8,166.7,0.0,0,0,X,0.0,0.0,0.0,0.0,0.0,0.0,0.0,0.0,31,0.04476232774459557,16,12,4,0,0,0,0,0,0,0,0,1
1d1t,D,308,LEU,3.8,166.7,0.0,0,0,X,0.0,0.0,0.0,0.0,0.0,0.0,0.0,0.0,31,0.05548663543340492,22,8,14,0,0,0,0,0,0,0,0,1
1d1t,D,309,PHE,2.8,189.9,0.0,0,0,X,0.0,0.0,0.0,0.0,0.0,0.0,0.0,0.0,33,0.04942507021799094,14,7,7,0,0,0,0,0,0,0,0,1
1d1t,D,310,THR,-0.7,116.1,0.0,1,1,X,0.0,0.0,0.0,0.0,0.0,0.0,0.0,0.0,31,0.04662742473395372,25,3,22,0,0,0,0,0,0,0,0,1
1d1t,D,311,GLY,-0.4,60.1,0.0,0,0,X,0.0,0.0,0.0,0.0,0.0,0.0,0.0,0.0,32,0.05175644145468863,30,4,26,0,0,0,0,0,0,0,0,1
1d1t,D,312,ARG,-4.5,173.4,1.0,5,0,X,0.0,0.0,0.0,0.0,0.0,0.0,0.0,0.0,36,0.05502036118606539,17,5,12,0,0,0,0,0,0,0,0,1
1d1t,D,313,THR,-0.7,116.1,0.0,1,1,X,0.0,0.0,0.0,0.0,0.0,0.0,0.0,0.0,29,0.04755997322863279,34,1,33,0,0,0,0,0,0,0,0,1
1d1t,D,314,TRP,-0.9,227.8,0.0,1,0,X,0.0,0.0,0.0,0.0,0.0,0.0,0.0,0.0,30,0.05175644145468863,29,8,21,0,0,0,0,0,0,0,0,1
1d1t,D,315,LYS,-3.9,168.6,1.0,2,0,X,0.0,0.0,0.0,0.0,0.0,0.0,0.0,0.0,30,0.04755997322863279,18,0,18,0,0,0,0,0,0,0,0,1
1d1t,D,316,GLY,-0.4,60.1,0.0,0,0,X,0.0,0.0,0.0,0.0,0.0,0.0,0.0,0.0,42,0.048958795970651406,20,4,16,0,0,0,0,0,0,0,0,1
1d1t,D,317,CYS,2.5,108.5,0.0,1,0,X,0.0,0.0,0.0,0.0,0.0,0.0,0.0,0.0,43,0.05035761871267001,18,6,12,0,0,0,0,0,0,0,0,1
1d1t,D,318,VAL,4.2,140.0,0.0,0,0,X,0.0,0.0,0.0,0.0,0.0,0.0,0.0,0.0,38,0.04429605349725603,5,0,5,0,0,0,0,0,0,0,0,1
1d1t,D,319,PHE,2.8,189.9,0.0,0,0,X,0.0,0.0,0.0,0.0,0.0,0.0,0.0,0.0,40,0.045228601991935104,16,9,7,0,0,0,0,0,0,0,0,1
1d1t,D,320,GLY,-0.4,60.1,0.0,0,0,X,0.0,0.0,0.0,0.0,0.0,0.0,0.0,0.0,43,0.050823892960009553,17,5,12,0,0,0,0,0,0,0,0,1
1d1t,D,321,GLY,-0.4,60.1,0.0,0,0,X,0.0,0.0,0.0,0.0,0.0,0.0,0.0,0.0,40,0.04755997322863279,24,13,11,0,0,0,0,0,0,0,0,1
1d1t,D,322,LEU,3.8,166.7,0.0,0,0,X,0.0,0.0,0.0,0.0,0.0,0.0,0.0,0.0,38,0.04709369898129325,27,15,12,0,0,0,0,0,0,0,0,1
1d1t,D,323,LYS,-3.9,168.6,1.0,2,0,X,0.0,0.0,0.0,0.0,0.0,0.0,0.0,0.0,33,0.048492521723311866,32,21,11,0,0,0,0,0,0,0,0,1
1d1t,D,324,SER,-0.8,89.0,0.0,1,1,X,0.0,0.0,0.0,0.0,0.0,0.0,0.0,0.0,40,0.0526889899493677,38,18,20,0,0,0,0,0,0,0,0,1
1d1t,D,325,ARG,-4.5,173.4,1.0,5,0,X,0.0,0.0,0.0,0.0,0.0,0.0,0.0,0.0,30,0.04616115048661418,25,28,-3,0,0,0,0,0,0,0,0,1
1d1t,D,326,ASP,-3.5,111.1,-1.0,1,3,X,0.0,0.0,0.0,0.0,0.0,0.0,0.0,0.0,24,0.03357174580844668,43,8,35,0,0,0,0,0,0,0,0,1
1d1t,D,327,ASP,-3.5,111.1,-1.0,1,3,X,0.0,0.0,0.0,0.0,0.0,0.0,0.0,0.0,28,0.040099585271200194,32,14,18,0,0,0,0,0,0,0,0,1
1d1t,D,328,VAL,4.2,140.0,0.0,0,0,X,0.0,0.0,0.0,0.0,0.0,0.0,0.0,0.0,39,0.04989134446533048,29,23,6,0,0,0,0,0,0,0,0,1
1d1t,D,329,PRO,-1.6,112.7,0.0,0,0,X,0.0,0.0,0.0,0.0,0.0,0.0,0.0,0.0,32,0.040565859518539735,29,32,-3,0,0,0,0,0,0,0,0,1
1d1t,D,330,LYS,-3.9,168.6,1.0,2,0,X,0.0,0.0,0.0,0.0,0.0,0.0,0.0,0.0,23,0.03403802005578621,16,26,-10,0,0,0,0,0,0,0,0,1
1d1t,D,331,LEU,3.8,166.7,0.0,0,0,X,0.0,0.0,0.0,0.0,0.0,0.0,0.0,0.0,31,0.04429605349725603,22,21,1,0,0,0,0,0,0,0,0,1
1d1t,D,332,VAL,4.2,140.0,0.0,0,0,X,0.0,0.0,0.0,0.0,0.0,0.0,0.0,0.0,37,0.05035761871267001,23,27,-4,0,0,0,0,0,0,0,0,1
1d1t,D,333,THR,-0.7,116.1,0.0,1,1,X,0.0,0.0,0.0,0.0,0.0,0.0,0.0,0.0,22,0.03590311704514436,22,22,0,0,0,0,0,0,0,0,0,1
1d1t,D,334,GLU,-3.5,138.4,-1.0,1,3,X,0.0,0.0,0.0,0.0,0.0,0.0,0.0,0.0,22,0.040565859518539735,24,6,18,0,0,0,0,0,0,0,0,1
1d1t,D,335,PHE,2.8,189.9,0.0,0,0,X,0.0,0.0,0.0,0.0,0.0,0.0,0.0,0.0,31,0.045228601991935104,28,26,2,0,0,0,0,0,0,0,0,1
1d1t,D,336,LEU,3.8,166.7,0.0,0,0,X,0.0,0.0,0.0,0.0,0.0,0.0,0.0,0.0,22,0.03590311704514436,21,19,2,0,0,0,0,0,0,0,0,1
1d1t,D,337,ALA,1.8,88.6,0.0,0,0,X,0.0,0.0,0.0,0.0,0.0,0.0,0.0,0.0,13,0.027510180593032695,20,12,8,0,0,0,0,0,0,0,0,1
1d1t,D,338,LYS,-3.9,168.6,1.0,2,0,X,0.0,0.0,0.0,0.0,0.0,0.0,0.0,0.0,11,0.029375277582390842,9,13,-4,0,0,0,0,0,0,0,0,1
1d1t,D,339,LYS,-3.9,168.6,1.0,2,0,X,0.0,0.0,0.0,0.0,0.0,0.0,0.0,0.0,15,0.028909003335051305,10,13,-3,0,0,0,0,0,0,0,0,1
1d1t,D,340,PHE,2.8,189.9,0.0,0,0,X,0.0,0.0,0.0,0.0,0.0,0.0,0.0,0.0,27,0.035436842797804825,24,19,5,0,0,0,0,0,0,0,0,1
1d1t,D,341,ASP,-3.5,111.1,-1.0,1,3,X,0.0,0.0,0.0,0.0,0.0,0.0,0.0,0.0,20,0.03403802005578621,26,10,16,0,0,0,0,0,0,0,0,1
1d1t,D,342,LEU,3.8,166.7,0.0,0,0,X,0.0,0.0,0.0,0.0,0.0,0.0,0.0,0.0,35,0.04429605349725603,20,25,-5,0,0,0,0,0,0,0,0,1
1d1t,D,343,ASP,-3.5,111.1,-1.0,1,3,X,0.0,0.0,0.0,0.0,0.0,0.0,0.0,0.0,20,0.032172923066428064,17,15,2,0,0,0,0,0,0,0,0,1
1d1t,D,344,GLN,-3.5,143.8,0.0,2,2,X,0.0,0.0,0.0,0.0,0.0,0.0,0.0,0.0,24,0.03590311704514436,13,19,-6,0,0,0,0,0,0,0,0,1
1d1t,D,345,LEU,3.8,166.7,0.0,0,0,X,0.0,0.0,0.0,0.0,0.0,0.0,0.0,0.0,37,0.04476232774459557,30,20,10,0,0,0,0,0,0,0,0,1
1d1t,D,346,ILE,4.5,166.7,0.0,0,0,X,0.0,0.0,0.0,0.0,0.0,0.0,0.0,0.0,29,0.04149840801321881,33,25,8,0,0,0,0,0,0,0,0,1
1d1t,D,347,THR,-0.7,116.1,0.0,1,1,X,0.0,0.0,0.0,0.0,0.0,0.0,0.0,0.0,23,0.034970568550465285,24,7,17,0,0,0,0,0,0,0,0,1
1d1t,D,348,HIS,-3.2,153.2,0.1,2,1,X,0.0,0.0,0.0,0.0,0.0,0.0,0.0,0.0,24,0.03310547156110714,11,11,0,0,0,0,0,0,0,0,0,1
1d1t,D,349,VAL,4.2,140.0,0.0,0,0,X,0.0,0.0,0.0,0.0,0.0,0.0,0.0,0.0,26,0.03403802005578621,26,11,15,0,0,0,0,0,0,0,0,1
1d1t,D,350,LEU,3.8,166.7,0.0,0,0,X,0.0,0.0,0.0,0.0,0.0,0.0,0.0,0.0,25,0.03730193978716297,30,10,20,0,0,0,0,0,0,0,0,1
1d1t,D,351,PRO,-1.6,112.7,0.0,0,0,X,0.0,0.0,0.0,0.0,0.0,0.0,0.0,0.0,19,0.03403802005578621,22,5,17,0,0,0,0,0,0,0,0,1
1d1t,D,352,PHE,2.8,189.9,0.0,0,0,X,0.0,0.0,0.0,0.0,0.0,0.0,0.0,0.0,35,0.040099585271200194,26,12,14,0,0,0,0,0,0,0,0,1
1d1t,D,353,LYS,-3.9,168.6,1.0,2,0,X,0.0,0.0,0.0,0.0,0.0,0.0,0.0,0.0,14,0.028909003335051305,14,3,11,0,0,0,0,0,0,0,0,1
1d1t,D,354,LYS,-3.9,168.6,1.0,2,0,X,0.0,0.0,0.0,0.0,0.0,0.0,0.0,0.0,18,0.034970568550465285,13,9,4,0,0,0,0,0,0,0,0,1
1d1t,D,355,ILE,4.5,166.7,0.0,0,0,X,0.0,0.0,0.0,0.0,0.0,0.0,0.0,0.0,35,0.045694876239274644,15,14,1,0,0,0,0,0,0,0,0,1
1d1t,D,356,SER,-0.8,89.0,0.0,1,1,X,0.0,0.0,0.0,0.0,0.0,0.0,0.0,0.0,26,0.034970568550465285,14,19,-5,0,0,0,0,0,0,0,0,1
1d1t,D,357,GLU,-3.5,138.4,-1.0,1,3,X,0.0,0.0,0.0,0.0,0.0,0.0,0.0,0.0,21,0.03170664881908853,20,9,11,0,0,0,0,0,0,0,0,1
1d1t,D,358,GLY,-0.4,60.1,0.0,0,0,X,0.0,0.0,0.0,0.0,0.0,0.0,0.0,0.0,34,0.04989134446533048,25,21,4,0,0,0,0,0,0,0,0,1
1d1t,D,359,PHE,2.8,189.9,0.0,0,0,X,0.0,0.0,0.0,0.0,0.0,0.0,0.0,0.0,35,0.04476232774459557,21,33,-12,0,0,0,0,0,0,0,0,1
1d1t,D,360,GLU,-3.5,138.4,-1.0,1,3,X,0.0,0.0,0.0,0.0,0.0,0.0,0.0,0.0,20,0.03357174580844668,9,10,-1,0,0,0,0,0,0,0,0,1
1d1t,D,361,LEU,3.8,166.7,0.0,0,0,X,0.0,0.0,0.0,0.0,0.0,0.0,0.0,0.0,23,0.043829779249916496,20,18,2,0,0,0,0,0,0,0,0,1
1d1t,D,362,LEU,3.8,166.7,0.0,0,0,X,0.0,0.0,0.0,0.0,0.0,0.0,0.0,0.0,31,0.048026247475972325,35,25,10,0,0,0,0,0,0,0,0,1
1d1t,D,363,ASN,-3.5,114.1,0.0,2,2,X,0.0,0.0,0.0,0.0,0.0,0.0,0.0,0.0,23,0.02984155182973038,22,20,2,0,0,0,0,0,0,0,0,1
1d1t,D,364,SER,-0.8,89.0,0.0,1,1,X,0.0,0.0,0.0,0.0,0.0,0.0,0.0,0.0,18,0.02611135785101408,11,17,-6,0,0,0,0,0,0,0,0,1
1d1t,D,365,GLY,-0.4,60.1,0.0,0,0,X,0.0,0.0,0.0,0.0,0.0,0.0,0.0,0.0,25,0.030307826077069916,18,20,-2,0,0,0,0,0,0,0,0,1
1d1t,D,366,GLN,-3.5,143.8,0.0,2,2,X,0.0,0.0,0.0,0.0,0.0,0.0,0.0,0.0,17,0.032639197313767604,12,23,-11,0,0,0,0,0,0,0,0,1
1d1t,D,367,SER,-0.8,89.0,0.0,1,1,X,0.0,0.0,0.0,0.0,0.0,0.0,0.0,0.0,31,0.03870076252918159,34,14,20,0,0,0,0,0,0,0,0,1
1d1t,D,368,ILE,4.5,166.7,0.0,0,0,X,0.0,0.0,0.0,0.0,0.0,0.0,0.0,0.0,38,0.043829779249916496,42,6,36,0,0,0,0,0,0,0,0,1
1d1t,D,369,ARG,-4.5,173.4,1.0,5,0,X,0.0,0.0,0.0,0.0,0.0,0.0,0.0,0.0,43,0.04942507021799094,21,13,8,0,0,0,0,0,0,0,0,1
1d1t,D,370,THR,-0.7,116.1,0.0,1,1,X,0.0,0.0,0.0,0.0,0.0,0.0,0.0,0.0,37,0.053621538444046775,26,20,6,0,0,0,0,0,0,0,0,1
1d1t,D,371,VAL,4.2,140.0,0.0,0,0,X,0.0,0.0,0.0,0.0,0.0,0.0,0.0,0.0,37,0.04942507021799094,27,17,10,0,0,0,0,0,0,0,0,1
1d1t,D,372,LEU,3.8,166.7,0.0,0,0,X,0.0,0.0,0.0,0.0,0.0,0.0,0.0,0.0,39,0.05222271570202816,23,17,6,0,0,0,0,0,0,0,0,1
1d1t,D,373,THR,-0.7,116.1,0.0,1,1,X,0.0,0.0,0.0,0.0,0.0,0.0,0.0,0.0,23,0.03916703677652112,18,9,9,0,0,0,0,0,0,0,0,1
1d1t,D,374,PHE,2.8,189.9,0.0,0,0,X,0.0,0.0,0.0,0.0,0.0,0.0,0.0,0.0,27,0.03357174580844668,25,10,15,0,0,0,0,0,0,0,0,1
