pdb_id,chain_id,residue_id,residue_name,hydrophobicity,volume,charge,hbond_donor,hbond_acceptor,ss_type,rel_asa,phi,psi,hse_up,hse_down,hse_ratio,residue_depth,ca_depth,neighbor_count,atom_density,pos_charged_neighbors,neg_charged_neighbors,net_charge_environment,ss_H,ss_B,ss_E,ss_G,ss_I,ss_T,ss_S,ss_ ,ss_X,is_binding_site
1d6z,A,7,MET,1.9,162.9,0.0,0,0,X,0.0,0.0,0.0,0.0,0.0,0.0,0.0,0.0,18,0.027510180593032695,6,8,-2,0,0,0,0,0,0,0,0,1,0
1d6z,A,8,VAL,4.2,140.0,0.0,0,0,X,0.0,0.0,0.0,0.0,0.0,0.0,0.0,0.0,22,0.032172923066428064,13,16,-3,0,0,0,0,0,0,0,0,1,0
1d6z,A,9,PRO,-1.6,112.7,0.0,0,0,X,0.0,0.0,0.0,0.0,0.0,0.0,0.0,0.0,20,0.03916703677652112,25,18,7,0,0,0,0,0,0,0,0,1,0
1d6z,A,10,MET,1.9,162.9,0.0,0,0,X,0.0,0.0,0.0,0.0,0.0,0.0,0.0,0.0,34,0.04662742473395372,23,12,11,0,0,0,0,0,0,0,0,1,0
1d6z,A,11,ASP,-3.5,111.1,-1.0,1,3,X,0.0,0.0,0.0,0.0,0.0,0.0,0.0,0.0,26,0.03450429430312575,25,12,13,0,0,0,0,0,0,0,0,1,0
1d6z,A,12,LYS,-3.9,168.6,1.0,2,0,X,0.0,0.0,0.0,0.0,0.0,0.0,0.0,0.0,15,0.03124037457174899,11,17,-6,0,0,0,0,0,0,0,0,1,0
1d6z,A,13,THR,-0.7,116.1,0.0,1,1,X,0.0,0.0,0.0,0.0,0.0,0.0,0.0,0.0,24,0.034970568550465285,17,22,-5,0,0,0,0,0,0,0,0,1,0
1d6z,A,14,LEU,3.8,166.7,0.0,0,0,X,0.0,0.0,0.0,0.0,0.0,0.0,0.0,0.0,29,0.04662742473395372,23,24,-1,0,0,0,0,0,0,0,0,1,0
1d6z,A,15,LYS,-3.9,168.6,1.0,2,0,X,0.0,0.0,0.0,0.0,0.0,0.0,0.0,0.0,17,0.034970568550465285,9,25,-16,0,0,0,0,0,0,0,0,1,0
1d6z,A,16,GLU,-3.5,138.4,-1.0,1,3,X,0.0,0.0,0.0,0.0,0.0,0.0,0.0,0.0,14,0.025645083603674543,18,5,13,0,0,0,0,0,0,0,0,1,0
1d6z,A,17,PHE,2.8,189.9,0.0,0,0,X,0.0,0.0,0.0,0.0,0.0,0.0,0.0,0.0,23,0.02984155182973038,21,21,0,0,0,0,0,0,0,0,0,1,0
1d6z,A,18,GLY,-0.4,60.1,0.0,0,0,X,0.0,0.0,0.0,0.0,0.0,0.0,0.0,0.0,21,0.02844272908771177,33,24,9,0,0,0,0,0,0,0,0,1,0
1d6z,A,19,ALA,1.8,88.6,0.0,0,0,X,0.0,0.0,0.0,0.0,0.0,0.0,0.0,0.0,23,0.043829779249916496,29,29,0,0,0,0,0,0,0,0,0,1,0
1d6z,A,20,ASP,-3.5,111.1,-1.0,1,3,X,0.0,0.0,0.0,0.0,0.0,0.0,0.0,0.0,24,0.03357174580844668,24,10,14,0,0,0,0,0,0,0,0,1,0
1d6z,A,21,VAL,4.2,140.0,0.0,0,0,X,0.0,0.0,0.0,0.0,0.0,0.0,0.0,0.0,25,0.04103213376587927,16,18,-2,0,0,0,0,0,0,0,0,1,0
1d6z,A,22,GLN,-3.5,143.8,0.0,2,2,X,0.0,0.0,0.0,0.0,0.0,0.0,0.0,0.0,23,0.032639197313767604,9,20,-11,0,0,0,0,0,0,0,0,1,0
1d6z,A,23,TRP,-0.9,227.8,0.0,1,0,X,0.0,0.0,0.0,0.0,0.0,0.0,0.0,0.0,22,0.034970568550465285,10,19,-9,0,0,0,0,0,0,0,0,1,0
1d6z,A,24,ASP,-3.5,111.1,-1.0,1,3,X,0.0,0.0,0.0,0.0,0.0,0.0,0.0,0.0,18,0.03776821403450251,18,8,10,0,0,0,0,0,0,0,0,1,0
1d6z,A,25,ASP,-3.5,111.1,-1.0,1,3,X,0.0,0.0,0.0,0.0,0.0,0.0,0.0,0.0,16,0.027510180593032695,4,8,-4,0,0,0,0,0,0,0,0,1,0
1d6z,A,26,TYR,-1.3,193.6,0.0,1,1,X,0.0,0.0,0.0,0.0,0.0,0.0,0.0,0.0,25,0.03450429430312575,18,16,2,0,0,0,0,0,0,0,0,1,0
1d6z,A,27,ALA,1.8,88.6,0.0,0,0,X,0.0,0.0,0.0,0.0,0.0,0.0,0.0,0.0,15,0.04196468226055834,25,21,4,0,0,0,0,0,0,0,0,1,0
1d6z,A,28,GLN,-3.5,143.8,0.0,2,2,X,0.0,0.0,0.0,0.0,0.0,0.0,0.0,0.0,15,0.040099585271200194,13,16,-3,0,0,0,0,0,0,0,0,1,0
1d6z,A,29,LEU,3.8,166.7,0.0,0,0,X,0.0,0.0,0.0,0.0,0.0,0.0,0.0,0.0,23,0.048958795970651406,25,20,5,0,0,0,0,0,0,0,0,1,0
1d6z,A,30,PHE,2.8,189.9,0.0,0,0,X,0.0,0.0,0.0,0.0,0.0,0.0,0.0,0.0,31,0.04942507021799094,16,21,-5,0,0,0,0,0,0,0,0,1,0
1d6z,A,31,THR,-0.7,116.1,0.0,1,1,X,0.0,0.0,0.0,0.0,0.0,0.0,0.0,0.0,28,0.04616115048661418,14,18,-4,0,0,0,0,0,0,0,0,1,0
1d6z,A,32,LEU,3.8,166.7,0.0,0,0,X,0.0,0.0,0.0,0.0,0.0,0.0,0.0,0.0,34,0.04989134446533048,18,13,5,0,0,0,0,0,0,0,0,1,0
1d6z,A,33,ILE,4.5,166.7,0.0,0,0,X,0.0,0.0,0.0,0.0,0.0,0.0,0.0,0.0,31,0.045694876239274644,20,22,-2,0,0,0,0,0,0,0,0,1,0
1d6z,A,34,LYS,-3.9,168.6,1.0,2,0,X,0.0,0.0,0.0,0.0,0.0,0.0,0.0,0.0,30,0.03963331102386066,15,22,-7,0,0,0,0,0,0,0,0,1,0
1d6z,A,35,ASP,-3.5,111.1,-1.0,1,3,X,0.0,0.0,0.0,0.0,0.0,0.0,0.0,0.0,33,0.03823448828184205,27,10,17,0,0,0,0,0,0,0,0,1,0
1d6z,A,36,GLY,-0.4,60.1,0.0,0,0,X,0.0,0.0,0.0,0.0,0.0,0.0,0.0,0.0,34,0.04429605349725603,23,30,-7,0,0,0,0,0,0,0,0,1,0
1d6z,A,37,ALA,1.8,88.6,0.0,0,0,X,0.0,0.0,0.0,0.0,0.0,0.0,0.0,0.0,40,0.04989134446533048,21,32,-11,0,0,0,0,0,0,0,0,1,0
1d6z,A,38,TYR,-1.3,193.6,0.0,1,1,X,0.0,0.0,0.0,0.0,0.0,0.0,0.0,0.0,34,0.05035761871267001,18,30,-12,0,0,0,0,0,0,0,0,1,0
1d6z,A,39,VAL,4.2,140.0,0.0,0,0,X,0.0,0.0,0.0,0.0,0.0,0.0,0.0,0.0,43,0.04942507021799094,15,15,0,0,0,0,0,0,0,0,0,1,0
1d6z,A,40,LYS,-3.9,168.6,1.0,2,0,X,0.0,0.0,0.0,0.0,0.0,0.0,0.0,0.0,30,0.04709369898129325,8,15,-7,0,0,0,0,0,0,0,0,1,0
1d6z,A,41,VAL,4.2,140.0,0.0,0,0,X,0.0,0.0,0.0,0.0,0.0,0.0,0.0,0.0,38,0.05222271570202816,18,3,15,0,0,0,0,0,0,0,0,1,0
1d6z,A,42,LYS,-3.9,168.6,1.0,2,0,X,0.0,0.0,0.0,0.0,0.0,0.0,0.0,0.0,25,0.043363505002576956,8,10,-2,0,0,0,0,0,0,0,0,1,0
1d6z,A,43,PRO,-1.6,112.7,0.0,0,0,X,0.0,0.0,0.0,0.0,0.0,0.0,0.0,0.0,29,0.040565859518539735,14,2,12,0,0,0,0,0,0,0,0,1,0
1d6z,A,44,GLY,-0.4,60.1,0.0,0,0,X,0.0,0.0,0.0,0.0,0.0,0.0,0.0,0.0,19,0.028909003335051305,9,0,9,0,0,0,0,0,0,0,0,1,0
1d6z,A,45,ALA,1.8,88.6,0.0,0,0,X,0.0,0.0,0.0,0.0,0.0,0.0,0.0,0.0,22,0.03357174580844668,11,0,11,0,0,0,0,0,0,0,0,1,0
1d6z,A,46,GLN,-3.5,143.8,0.0,2,2,X,0.0,0.0,0.0,0.0,0.0,0.0,0.0,0.0,15,0.030307826077069916,4,0,4,0,0,0,0,0,0,0,0,1,0
1d6z,A,47,THR,-0.7,116.1,0.0,1,1,X,0.0,0.0,0.0,0.0,0.0,0.0,0.0,0.0,26,0.034970568550465285,14,0,14,0,0,0,0,0,0,0,0,1,0
1d6z,A,48,ALA,1.8,88.6,0.0,0,0,X,0.0,0.0,0.0,0.0,0.0,0.0,0.0,0.0,34,0.04662742473395372,17,3,14,0,0,0,0,0,0,0,0,1,0
1d6z,A,49,ILE,4.5,166.7,0.0,0,0,X,0.0,0.0,0.0,0.0,0.0,0.0,0.0,0.0,32,0.04616115048661418,14,15,-1,0,0,0,0,0,0,0,0,1,0
1d6z,A,50,VAL,4.2,140.0,0.0,0,0,X,0.0,0.0,0.0,0.0,0.0,0.0,0.0,0.0,32,0.048492521723311866,9,17,-8,0,0,0,0,0,0,0,0,1,0
1d6z,A,51,ASN,-3.5,114.1,0.0,2,2,X,0.0,0.0,0.0,0.0,0.0,0.0,0.0,0.0,31,0.048492521723311866,25,25,0,0,0,0,0,0,0,0,0,1,0
1d6z,A,52,GLY,-0.4,60.1,0.0,0,0,X,0.0,0.0,0.0,0.0,0.0,0.0,0.0,0.0,24,0.03357174580844668,13,20,-7,0,0,0,0,0,0,0,0,1,0
1d6z,A,53,GLN,-3.5,143.8,0.0,2,2,X,0.0,0.0,0.0,0.0,0.0,0.0,0.0,0.0,20,0.027043906345693154,4,13,-9,0,0,0,0,0,0,0,0,1,0
1d6z,A,54,PRO,-1.6,112.7,0.0,0,0,X,0.0,0.0,0.0,0.0,0.0,0.0,0.0,0.0,16,0.032172923066428064,1,1,0,0,0,0,0,0,0,0,0,1,0
1d6z,A,55,LEU,3.8,166.7,0.0,0,0,X,0.0,0.0,0.0,0.0,0.0,0.0,0.0,0.0,28,0.03310547156110714,4,9,-5,0,0,0,0,0,0,0,0,1,0
1d6z,A,56,ALA,1.8,88.6,0.0,0,0,X,0.0,0.0,0.0,0.0,0.0,0.0,0.0,0.0,20,0.024246260861655933,0,7,-7,0,0,0,0,0,0,0,0,1,0
1d6z,A,57,LEU,3.8,166.7,0.0,0,0,X,0.0,0.0,0.0,0.0,0.0,0.0,0.0,0.0,27,0.03590311704514436,4,8,-4,0,0,0,0,0,0,0,0,1,0
1d6z,A,58,GLN,-3.5,143.8,0.0,2,2,X,0.0,0.0,0.0,0.0,0.0,0.0,0.0,0.0,18,0.021914889624958248,0,11,-11,0,0,0,0,0,0,0,0,1,0
1d6z,A,59,VAL,4.2,140.0,0.0,0,0,X,0.0,0.0,0.0,0.0,0.0,0.0,0.0,0.0,22,0.029375277582390842,1,10,-9,0,0,0,0,0,0,0,0,1,0
1d6z,A,60,PRO,-1.6,112.7,0.0,0,0,X,0.0,0.0,0.0,0.0,0.0,0.0,0.0,0.0,24,0.03870076252918159,5,0,5,0,0,0,0,0,0,0,0,1,0
1d6z,A,61,VAL,4.2,140.0,0.0,0,0,X,0.0,0.0,0.0,0.0,0.0,0.0,0.0,0.0,33,0.045694876239274644,14,0,14,0,0,0,0,0,0,0,0,1,0
1d6z,A,62,VAL,4.2,140.0,0.0,0,0,X,0.0,0.0,0.0,0.0,0.0,0.0,0.0,0.0,24,0.03776821403450251,17,3,14,0,0,0,0,0,0,0,0,1,0
1d6z,A,63,MET,1.9,162.9,0.0,0,0,X,0.0,0.0,0.0,0.0,0.0,0.0,0.0,0.0,20,0.03310547156110714,20,9,11,0,0,0,0,0,0,0,0,1,0
1d6z,A,64,LYS,-3.9,168.6,1.0,2,0,X,0.0,0.0,0.0,0.0,0.0,0.0,0.0,0.0,14,0.02984155182973038,9,8,1,0,0,0,0,0,0,0,0,1,0
1d6z,A,65,ASP,-3.5,111.1,-1.0,1,3,X,0.0,0.0,0.0,0.0,0.0,0.0,0.0,0.0,7,0.02098234113027917,18,0,18,0,0,0,0,0,0,0,0,1,0
1d6z,A,66,ASN,-3.5,114.1,0.0,2,2,X,0.0,0.0,0.0,0.0,0.0,0.0,0.0,0.0,13,0.021914889624958248,16,11,5,0,0,0,0,0,0,0,0,1,0
1d6z,A,67,LYS,-3.9,168.6,1.0,2,0,X,0.0,0.0,0.0,0.0,0.0,0.0,0.0,0.0,14,0.03403802005578621,12,15,-3,0,0,0,0,0,0,0,0,1,0
1d6z,A,68,ALA,1.8,88.6,0.0,0,0,X,0.0,0.0,0.0,0.0,0.0,0.0,0.0,0.0,28,0.045694876239274644,23,15,8,0,0,0,0,0,0,0,0,1,0
1d6z,A,69,TRP,-0.9,227.8,0.0,1,0,X,0.0,0.0,0.0,0.0,0.0,0.0,0.0,0.0,22,0.04662742473395372,26,15,11,0,0,0,0,0,0,0,0,1,0
1d6z,A,70,VAL,4.2,140.0,0.0,0,0,X,0.0,0.0,0.0,0.0,0.0,0.0,0.0,0.0,30,0.048026247475972325,8,14,-6,0,0,0,0,0,0,0,0,1,0
1d6z,A,71,SER,-0.8,89.0,0.0,1,1,X,0.0,0.0,0.0,0.0,0.0,0.0,0.0,0.0,22,0.0363693912924839,0,15,-15,0,0,0,0,0,0,0,0,1,0
1d6z,A,72,ASP,-3.5,111.1,-1.0,1,3,X,0.0,0.0,0.0,0.0,0.0,0.0,0.0,0.0,14,0.02797645484037223,0,6,-6,0,0,0,0,0,0,0,0,1,0
1d6z,A,73,THR,-0.7,116.1,0.0,1,1,X,0.0,0.0,0.0,0.0,0.0,0.0,0.0,0.0,16,0.028909003335051305,0,16,-16,0,0,0,0,0,0,0,0,1,0
1d6z,A,74,PHE,2.8,189.9,0.0,0,0,X,0.0,0.0,0.0,0.0,0.0,0.0,0.0,0.0,32,0.03870076252918159,0,15,-15,0,0,0,0,0,0,0,0,1,0
1d6z,A,75,ILE,4.5,166.7,0.0,0,0,X,0.0,0.0,0.0,0.0,0.0,0.0,0.0,0.0,26,0.043829779249916496,6,19,-13,0,0,0,0,0,0,0,0,1,0
1d6z,A,76,ASN,-3.5,114.1,0.0,2,2,X,0.0,0.0,0.0,0.0,0.0,0.0,0.0,0.0,14,0.03357174580844668,0,15,-15,0,0,0,0,0,0,0,0,1,0
1d6z,A,77,ASP,-3.5,111.1,-1.0,1,3,X,0.0,0.0,0.0,0.0,0.0,0.0,0.0,0.0,20,0.03683566553982344,0,6,-6,0,0,0,0,0,0,0,0,1,0
1d6z,A,78,VAL,4.2,140.0,0.0,0,0,X,0.0,0.0,0.0,0.0,0.0,0.0,0.0,0.0,34,0.043363505002576956,4,15,-11,0,0,0,0,0,0,0,0,1,0
1d6z,A,79,PHE,2.8,189.9,0.0,0,0,X,0.0,0.0,0.0,0.0,0.0,0.0,0.0,0.0,31,0.04289723075523742,10,24,-14,0,0,0,0,0,0,0,0,1,0
1d6z,A,80,GLN,-3.5,143.8,0.0,2,2,X,0.0,0.0,0.0,0.0,0.0,0.0,0.0,0.0,18,0.029375277582390842,2,16,-14,0,0,0,0,0,0,0,0,1,0
1d6z,A,81,SER,-0.8,89.0,0.0,1,1,X,0.0,0.0,0.0,0.0,0.0,0.0,0.0,0.0,23,0.032172923066428064,0,16,-16,0,0,0,0,0,0,0,0,1,0
1d6z,A,82,GLY,-0.4,60.1,0.0,0,0,X,0.0,0.0,0.0,0.0,0.0,0.0,0.0,0.0,21,0.025178809356335007,0,12,-12,0,0,0,0,0,0,0,0,1,0
1d6z,A,83,LEU,3.8,166.7,0.0,0,0,X,0.0,0.0,0.0,0.0,0.0,0.0,0.0,0.0,29,0.035436842797804825,1,14,-13,0,0,0,0,0,0,0,0,1,0
1d6z,A,84,ASP,-3.5,111.1,-1.0,1,3,X,0.0,0.0,0.0,0.0,0.0,0.0,0.0,0.0,33,0.04289723075523742,16,13,3,0,0,0,0,0,0,0,0,1,0
1d6z,A,85,GLN,-3.5,143.8,0.0,2,2,X,0.0,0.0,0.0,0.0,0.0,0.0,0.0,0.0,23,0.032172923066428064,10,11,-1,0,0,0,0,0,0,0,0,1,0
1d6z,A,86,THR,-0.7,116.1,0.0,1,1,X,0.0,0.0,0.0,0.0,0.0,0.0,0.0,0.0,32,0.045228601991935104,17,18,-1,0,0,0,0,0,0,0,0,1,0
1d6z,A,87,PHE,2.8,189.9,0.0,0,0,X,0.0,0.0,0.0,0.0,0.0,0.0,0.0,0.0,27,0.035436842797804825,4,20,-16,0,0,0,0,0,0,0,0,1,0
1d6z,A,88,GLN,-3.5,143.8,0.0,2,2,X,0.0,0.0,0.0,0.0,0.0,0.0,0.0,0.0,16,0.03124037457174899,9,16,-7,0,0,0,0,0,0,0,0,1,0
1d6z,A,89,VAL,4.2,140.0,0.0,0,0,X,0.0,0.0,0.0,0.0,0.0,0.0,0.0,0.0,14,0.022847438119637322,14,10,4,0,0,0,0,0,0,0,0,1,0
1d6z,A,90,GLU,-3.5,138.4,-1.0,1,3,X,0.0,0.0,0.0,0.0,0.0,0.0,0.0,0.0,16,0.028909003335051305,30,8,22,0,0,0,0,0,0,0,0,1,0
1d6z,A,91,LYS,-3.9,168.6,1.0,2,0,X,0.0,0.0,0.0,0.0,0.0,0.0,0.0,0.0,9,0.020516066882939634,12,9,3,0,0,0,0,0,0,0,0,1,0
1d6z,A,92,ARG,-4.5,173.4,1.0,5,0,X,0.0,0.0,0.0,0.0,0.0,0.0,0.0,0.0,16,0.024246260861655933,22,11,11,0,0,0,0,0,0,0,0,1,0
1d6z,A,93,PRO,-1.6,112.7,0.0,0,0,X,0.0,0.0,0.0,0.0,0.0,0.0,0.0,0.0,21,0.032172923066428064,39,17,22,0,0,0,0,0,0,0,0,1,0
1d6z,A,94,HIS,-3.2,153.2,0.1,2,1,X,0.0,0.0,0.0,0.0,0.0,0.0,0.0,0.0,32,0.04103213376587927,27,16,11,0,0,0,0,0,0,0,0,1,0
1d6z,A,95,PRO,-1.6,112.7,0.0,0,0,X,0.0,0.0,0.0,0.0,0.0,0.0,0.0,0.0,35,0.04196468226055834,39,13,26,0,0,0,0,0,0,0,0,1,0
1d6z,A,96,LEU,3.8,166.7,0.0,0,0,X,0.0,0.0,0.0,0.0,0.0,0.0,0.0,0.0,36,0.04103213376587927,33,20,13,0,0,0,0,0,0,0,0,1,0
1d6z,A,97,ASN,-3.5,114.1,0.0,2,2,X,0.0,0.0,0.0,0.0,0.0,0.0,0.0,0.0,28,0.04103213376587927,31,20,11,0,0,0,0,0,0,0,0,1,0
1d6z,A,98,ALA,1.8,88.6,0.0,0,0,X,0.0,0.0,0.0,0.0,0.0,0.0,0.0,0.0,34,0.03870076252918159,21,28,-7,0,0,0,0,0,0,0,0,1,0
1d6z,A,99,LEU,3.8,166.7,0.0,0,0,X,0.0,0.0,0.0,0.0,0.0,0.0,0.0,0.0,37,0.04103213376587927,18,22,-4,0,0,0,0,0,0,0,0,1,0
1d6z,A,100,THR,-0.7,116.1,0.0,1,1,X,0.0,0.0,0.0,0.0,0.0,0.0,0.0,0.0,24,0.03170664881908853,15,19,-4,0,0,0,0,0,0,0,0,1,0
1d6z,A,101,ALA,1.8,88.6,0.0,0,0,X,0.0,0.0,0.0,0.0,0.0,0.0,0.0,0.0,24,0.03590311704514436,10,25,-15,0,0,0,0,0,0,0,0,1,0
1d6z,A,102,ASP,-3.5,111.1,-1.0,1,3,X,0.0,0.0,0.0,0.0,0.0,0.0,0.0,0.0,16,0.028909003335051305,10,13,-3,0,0,0,0,0,0,0,0,1,0
1d6z,A,103,GLU,-3.5,138.4,-1.0,1,3,X,0.0,0.0,0.0,0.0,0.0,0.0,0.0,0.0,30,0.03870076252918159,24,13,11,0,0,0,0,0,0,0,0,1,0
1d6z,A,104,ILE,4.5,166.7,0.0,0,0,X,0.0,0.0,0.0,0.0,0.0,0.0,0.0,0.0,32,0.048492521723311866,10,36,-26,0,0,0,0,0,0,0,0,1,0
1d6z,A,105,LYS,-3.9,168.6,1.0,2,0,X,0.0,0.0,0.0,0.0,0.0,0.0,0.0,0.0,23,0.03823448828184205,3,25,-22,0,0,0,0,0,0,0,0,1,0
1d6z,A,106,GLN,-3.5,143.8,0.0,2,2,X,0.0,0.0,0.0,0.0,0.0,0.0,0.0,0.0,27,0.03870076252918159,20,33,-13,0,0,0,0,0,0,0,0,1,0
1d6z,A,107,ALA,1.8,88.6,0.0,0,0,X,0.0,0.0,0.0,0.0,0.0,0.0,0.0,0.0,41,0.05035761871267001,24,34,-10,0,0,0,0,0,0,0,0,1,0
1d6z,A,108,VAL,4.2,140.0,0.0,0,0,X,0.0,0.0,0.0,0.0,0.0,0.0,0.0,0.0,38,0.043363505002576956,19,21,-2,0,0,0,0,0,0,0,0,1,0
1d6z,A,109,GLU,-3.5,138.4,-1.0,1,3,X,0.0,0.0,0.0,0.0,0.0,0.0,0.0,0.0,20,0.032639197313767604,19,7,12,0,0,0,0,0,0,0,0,1,0
1d6z,A,110,ILE,4.5,166.7,0.0,0,0,X,0.0,0.0,0.0,0.0,0.0,0.0,0.0,0.0,31,0.04103213376587927,20,18,2,0,0,0,0,0,0,0,0,1,0
1d6z,A,111,VAL,4.2,140.0,0.0,0,0,X,0.0,0.0,0.0,0.0,0.0,0.0,0.0,0.0,35,0.04429605349725603,20,19,1,0,0,0,0,0,0,0,0,1,0
1d6z,A,112,LYS,-3.9,168.6,1.0,2,0,X,0.0,0.0,0.0,0.0,0.0,0.0,0.0,0.0,25,0.035436842797804825,12,13,-1,0,0,0,0,0,0,0,0,1,0
1d6z,A,113,ALA,1.8,88.6,0.0,0,0,X,0.0,0.0,0.0,0.0,0.0,0.0,0.0,0.0,18,0.025178809356335007,12,15,-3,0,0,0,0,0,0,0,0,1,0
1d6z,A,114,SER,-0.8,89.0,0.0,1,1,X,0.0,0.0,0.0,0.0,0.0,0.0,0.0,0.0,20,0.030774100324409453,16,12,4,0,0,0,0,0,0,0,0,1,0
1d6z,A,115,ALA,1.8,88.6,0.0,0,0,X,0.0,0.0,0.0,0.0,0.0,0.0,0.0,0.0,11,0.02098234113027917,14,8,6,0,0,0,0,0,0,0,0,1,0
1d6z,A,116,ASP,-3.5,111.1,-1.0,1,3,X,0.0,0.0,0.0,0.0,0.0,0.0,0.0,0.0,19,0.023779986614316396,13,4,9,0,0,0,0,0,0,0,0,1,0
1d6z,A,117,PHE,2.8,189.9,0.0,0,0,X,0.0,0.0,0.0,0.0,0.0,0.0,0.0,0.0,24,0.04149840801321881,22,19,3,0,0,0,0,0,0,0,0,1,0
1d6z,A,118,LYS,-3.9,168.6,1.0,2,0,X,0.0,0.0,0.0,0.0,0.0,0.0,0.0,0.0,17,0.029375277582390842,11,16,-5,0,0,0,0,0,0,0,0,1,0
1d6z,A,119,PRO,-1.6,112.7,0.0,0,0,X,0.0,0.0,0.0,0.0,0.0,0.0,0.0,0.0,12,0.020516066882939634,20,12,8,0,0,0,0,0,0,0,0,1,0
1d6z,A,120,ASN,-3.5,114.1,0.0,2,2,X,0.0,0.0,0.0,0.0,0.0,0.0,0.0,0.0,16,0.025178809356335007,23,12,11,0,0,0,0,0,0,0,0,1,0
1d6z,A,121,THR,-0.7,116.1,0.0,1,1,X,0.0,0.0,0.0,0.0,0.0,0.0,0.0,0.0,27,0.04103213376587927,36,11,25,0,0,0,0,0,0,0,0,1,0
1d6z,A,122,ARG,-4.5,173.4,1.0,5,0,X,0.0,0.0,0.0,0.0,0.0,0.0,0.0,0.0,32,0.04709369898129325,18,28,-10,0,0,0,0,0,0,0,0,1,0
1d6z,A,123,PHE,2.8,189.9,0.0,0,0,X,0.0,0.0,0.0,0.0,0.0,0.0,0.0,0.0,37,0.04989134446533048,20,21,-1,0,0,0,0,0,0,0,0,1,0
1d6z,A,124,THR,-0.7,116.1,0.0,1,1,X,0.0,0.0,0.0,0.0,0.0,0.0,0.0,0.0,40,0.043363505002576956,29,25,4,0,0,0,0,0,0,0,0,1,0
1d6z,A,125,GLU,-3.5,138.4,-1.0,1,3,X,0.0,0.0,0.0,0.0,0.0,0.0,0.0,0.0,36,0.04103213376587927,18,17,1,0,0,0,0,0,0,0,0,1,0
1d6z,A,126,ILE,4.5,166.7,0.0,0,0,X,0.0,0.0,0.0,0.0,0.0,0.0,0.0,0.0,42,0.043363505002576956,9,29,-20,0,0,0,0,0,0,0,0,1,0
1d6z,A,127,SER,-0.8,89.0,0.0,1,1,X,0.0,0.0,0.0,0.0,0.0,0.0,0.0,0.0,36,0.040565859518539735,14,22,-8,0,0,0,0,0,0,0,0,1,0
1d6z,A,128,LEU,3.8,166.7,0.0,0,0,X,0.0,0.0,0.0,0.0,0.0,0.0,0.0,0.0,35,0.043363505002576956,28,21,7,0,0,0,0,0,0,0,0,1,0
1d6z,A,129,LEU,3.8,166.7,0.0,0,0,X,0.0,0.0,0.0,0.0,0.0,0.0,0.0,0.0,30,0.03357174580844668,26,17,9,0,0,0,0,0,0,0,0,1,0
1d6z,A,130,PRO,-1.6,112.7,0.0,0,0,X,0.0,0.0,0.0,0.0,0.0,0.0,0.0,0.0,29,0.035436842797804825,34,19,15,0,0,0,0,0,0,0,0,1,0
1d6z,A,131,PRO,-1.6,112.7,0.0,0,0,X,0.0,0.0,0.0,0.0,0.0,0.0,0.0,0.0,28,0.03963331102386066,34,22,12,0,0,0,0,0,0,0,0,1,0
1d6z,A,132,ASP,-3.5,111.1,-1.0,1,3,X,0.0,0.0,0.0,0.0,0.0,0.0,0.0,0.0,22,0.02984155182973038,10,14,-4,0,0,0,0,0,0,0,0,1,0
1d6z,A,133,LYS,-3.9,168.6,1.0,2,0,X,0.0,0.0,0.0,0.0,0.0,0.0,0.0,0.0,31,0.040099585271200194,14,55,-41,0,0,0,0,0,0,0,0,1,0
1d6z,A,134,GLU,-3.5,138.4,-1.0,1,3,X,0.0,0.0,0.0,0.0,0.0,0.0,0.0,0.0,21,0.03124037457174899,18,20,-2,0,0,0,0,0,0,0,0,1,0
1d6z,A,135,ALA,1.8,88.6,0.0,0,0,X,0.0,0.0,0.0,0.0,0.0,0.0,0.0,0.0,24,0.040565859518539735,22,30,-8,0,0,0,0,0,0,0,0,1,0
1d6z,A,136,VAL,4.2,140.0,0.0,0,0,X,0.0,0.0,0.0,0.0,0.0,0.0,0.0,0.0,34,0.05175644145468863,35,27,8,0,0,0,0,0,0,0,0,1,0
1d6z,A,137,TRP,-0.9,227.8,0.0,1,0,X,0.0,0.0,0.0,0.0,0.0,0.0,0.0,0.0,33,0.04662742473395372,30,45,-15,0,0,0,0,0,0,0,0,1,0
1d6z,A,138,ALA,1.8,88.6,0.0,0,0,X,0.0,0.0,0.0,0.0,0.0,0.0,0.0,0.0,21,0.04196468226055834,23,24,-1,0,0,0,0,0,0,0,0,1,0
1d6z,A,139,PHE,2.8,189.9,0.0,0,0,X,0.0,0.0,0.0,0.0,0.0,0.0,0.0,0.0,28,0.04662742473395372,36,16,20,0,0,0,0,0,0,0,0,1,0
1d6z,A,140,ALA,1.8,88.6,0.0,0,0,X,0.0,0.0,0.0,0.0,0.0,0.0,0.0,0.0,30,0.04243095650789788,45,18,27,0,0,0,0,0,0,0,0,1,0
1d6z,A,141,LEU,3.8,166.7,0.0,0,0,X,0.0,0.0,0.0,0.0,0.0,0.0,0.0,0.0,23,0.032639197313767604,32,15,17,0,0,0,0,0,0,0,0,1,0
1d6z,A,142,GLU,-3.5,138.4,-1.0,1,3,X,0.0,0.0,0.0,0.0,0.0,0.0,0.0,0.0,14,0.02611135785101408,13,3,10,0,0,0,0,0,0,0,0,1,0
1d6z,A,143,ASN,-3.5,114.1,0.0,2,2,X,0.0,0.0,0.0,0.0,0.0,0.0,0.0,0.0,17,0.032172923066428064,24,9,15,0,0,0,0,0,0,0,0,1,0
1d6z,A,144,LYS,-3.9,168.6,1.0,2,0,X,0.0,0.0,0.0,0.0,0.0,0.0,0.0,0.0,17,0.032639197313767604,3,23,-20,0,0,0,0,0,0,0,0,1,0
1d6z,A,145,PRO,-1.6,112.7,0.0,0,0,X,0.0,0.0,0.0,0.0,0.0,0.0,0.0,0.0,16,0.030307826077069916,19,17,2,0,0,0,0,0,0,0,0,1,0
1d6z,A,146,VAL,4.2,140.0,0.0,0,0,X,0.0,0.0,0.0,0.0,0.0,0.0,0.0,0.0,25,0.03403802005578621,29,20,9,0,0,0,0,0,0,0,0,1,0
1d6z,A,147,ASP,-3.5,111.1,-1.0,1,3,X,0.0,0.0,0.0,0.0,0.0,0.0,0.0,0.0,11,0.020516066882939634,10,2,8,0,0,0,0,0,0,0,0,1,0
1d6z,A,148,GLN,-3.5,143.8,0.0,2,2,X,0.0,0.0,0.0,0.0,0.0,0.0,0.0,0.0,20,0.025645083603674543,20,20,0,0,0,0,0,0,0,0,0,1,0
1d6z,A,149,PRO,-1.6,112.7,0.0,0,0,X,0.0,0.0,0.0,0.0,0.0,0.0,0.0,0.0,22,0.03357174580844668,25,19,6,0,0,0,0,0,0,0,0,1,0
1d6z,A,150,ARG,-4.5,173.4,1.0,5,0,X,0.0,0.0,0.0,0.0,0.0,0.0,0.0,0.0,29,0.040565859518539735,13,19,-6,0,0,0,0,0,0,0,0,1,0
1d6z,A,151,LYS,-3.9,168.6,1.0,2,0,X,0.0,0.0,0.0,0.0,0.0,0.0,0.0,0.0,31,0.04989134446533048,17,20,-3,0,0,0,0,0,0,0,0,1,0
1d6z,A,152,ALA,1.8,88.6,0.0,0,0,X,0.0,0.0,0.0,0.0,0.0,0.0,0.0,0.0,33,0.04476232774459557,23,30,-7,0,0,0,0,0,0,0,0,1,0
1d6z,A,153,ASP,-3.5,111.1,-1.0,1,3,X,0.0,0.0,0.0,0.0,0.0,0.0,0.0,0.0,31,0.045228601991935104,14,20,-6,0,0,0,0,0,0,0,0,1,0
1d6z,A,154,VAL,4.2,140.0,0.0,0,0,X,0.0,0.0,0.0,0.0,0.0,0.0,0.0,0.0,43,0.04662742473395372,8,29,-21,0,0,0,0,0,0,0,0,1,0
1d6z,A,155,ILE,4.5,166.7,0.0,0,0,X,0.0,0.0,0.0,0.0,0.0,0.0,0.0,0.0,32,0.048958795970651406,17,27,-10,0,0,0,0,0,0,0,0,1,0
1d6z,A,156,MET,1.9,162.9,0.0,0,0,X,0.0,0.0,0.0,0.0,0.0,0.0,0.0,0.0,38,0.05175644145468863,27,29,-2,0,0,0,0,0,0,0,0,1,0
1d6z,A,157,LEU,3.8,166.7,0.0,0,0,X,0.0,0.0,0.0,0.0,0.0,0.0,0.0,0.0,32,0.05129016720734909,44,22,22,0,0,0,0,0,0,0,0,1,0
1d6z,A,158,ASP,-3.5,111.1,-1.0,1,3,X,0.0,0.0,0.0,0.0,0.0,0.0,0.0,0.0,24,0.04196468226055834,42,9,33,0,0,0,0,0,0,0,0,1,0
1d6z,A,159,GLY,-0.4,60.1,0.0,0,0,X,0.0,0.0,0.0,0.0,0.0,0.0,0.0,0.0,29,0.03683566553982344,52,25,27,0,0,0,0,0,0,0,0,1,0
1d6z,A,160,LYS,-3.9,168.6,1.0,2,0,X,0.0,0.0,0.0,0.0,0.0,0.0,0.0,0.0,27,0.04196468226055834,41,35,6,0,0,0,0,0,0,0,0,1,0
1d6z,A,161,HIS,-3.2,153.2,0.1,2,1,X,0.0,0.0,0.0,0.0,0.0,0.0,0.0,0.0,23,0.03916703677652112,42,25,17,0,0,0,0,0,0,0,0,1,0
1d6z,A,162,ILE,4.5,166.7,0.0,0,0,X,0.0,0.0,0.0,0.0,0.0,0.0,0.0,0.0,30,0.0526889899493677,48,23,25,0,0,0,0,0,0,0,0,1,0
1d6z,A,163,ILE,4.5,166.7,0.0,0,0,X,0.0,0.0,0.0,0.0,0.0,0.0,0.0,0.0,32,0.04616115048661418,22,25,-3,0,0,0,0,0,0,0,0,1,0
1d6z,A,164,GLU,-3.5,138.4,-1.0,1,3,X,0.0,0.0,0.0,0.0,0.0,0.0,0.0,0.0,26,0.05035761871267001,8,12,-4,0,0,0,0,0,0,0,0,1,0
1d6z,A,165,ALA,1.8,88.6,0.0,0,0,X,0.0,0.0,0.0,0.0,0.0,0.0,0.0,0.0,36,0.048492521723311866,8,20,-12,0,0,0,0,0,0,0,0,1,0
1d6z,A,166,VAL,4.2,140.0,0.0,0,0,X,0.0,0.0,0.0,0.0,0.0,0.0,0.0,0.0,27,0.04289723075523742,19,24,-5,0,0,0,0,0,0,0,0,1,0
1d6z,A,167,VAL,4.2,140.0,0.0,0,0,X,0.0,0.0,0.0,0.0,0.0,0.0,0.0,0.0,35,0.053621538444046775,24,26,-2,0,0,0,0,0,0,0,0,1,0
1d6z,A,168,ASP,-3.5,111.1,-1.0,1,3,X,0.0,0.0,0.0,0.0,0.0,0.0,0.0,0.0,21,0.048958795970651406,26,2,24,0,0,0,0,0,0,0,0,1,0
1d6z,A,169,LEU,3.8,166.7,0.0,0,0,X,0.0,0.0,0.0,0.0,0.0,0.0,0.0,0.0,30,0.04755997322863279,32,23,9,0,0,0,0,0,0,0,0,1,0
1d6z,A,170,GLN,-3.5,143.8,0.0,2,2,X,0.0,0.0,0.0,0.0,0.0,0.0,0.0,0.0,16,0.032172923066428064,27,15,12,0,0,0,0,0,0,0,0,1,0
1d6z,A,171,ASN,-3.5,114.1,0.0,2,2,X,0.0,0.0,0.0,0.0,0.0,0.0,0.0,0.0,14,0.027510180593032695,21,8,13,0,0,0,0,0,0,0,0,1,0
1d6z,A,172,ASN,-3.5,114.1,0.0,2,2,X,0.0,0.0,0.0,0.0,0.0,0.0,0.0,0.0,21,0.03310547156110714,12,19,-7,0,0,0,0,0,0,0,0,1,0
1d6z,A,173,LYS,-3.9,168.6,1.0,2,0,X,0.0,0.0,0.0,0.0,0.0,0.0,0.0,0.0,17,0.03357174580844668,9,8,1,0,0,0,0,0,0,0,0,1,0
1d6z,A,174,LEU,3.8,166.7,0.0,0,0,X,0.0,0.0,0.0,0.0,0.0,0.0,0.0,0.0,28,0.035436842797804825,13,13,0,0,0,0,0,0,0,0,0,1,0
1d6z,A,175,LEU,3.8,166.7,0.0,0,0,X,0.0,0.0,0.0,0.0,0.0,0.0,0.0,0.0,22,0.028909003335051305,19,13,6,0,0,0,0,0,0,0,0,1,0
1d6z,A,176,SER,-0.8,89.0,0.0,1,1,X,0.0,0.0,0.0,0.0,0.0,0.0,0.0,0.0,22,0.027510180593032695,8,18,-10,0,0,0,0,0,0,0,0,1,0
1d6z,A,177,TRP,-0.9,227.8,0.0,1,0,X,0.0,0.0,0.0,0.0,0.0,0.0,0.0,0.0,26,0.0363693912924839,5,15,-10,0,0,0,0,0,0,0,0,1,0
1d6z,A,178,GLN,-3.5,143.8,0.0,2,2,X,0.0,0.0,0.0,0.0,0.0,0.0,0.0,0.0,16,0.03124037457174899,3,10,-7,0,0,0,0,0,0,0,0,1,0
1d6z,A,179,PRO,-1.6,112.7,0.0,0,0,X,0.0,0.0,0.0,0.0,0.0,0.0,0.0,0.0,17,0.032172923066428064,18,16,2,0,0,0,0,0,0,0,0,1,0
1d6z,A,180,ILE,4.5,166.7,0.0,0,0,X,0.0,0.0,0.0,0.0,0.0,0.0,0.0,0.0,19,0.03590311704514436,30,17,13,0,0,0,0,0,0,0,0,1,0
1d6z,A,181,LYS,-3.9,168.6,1.0,2,0,X,0.0,0.0,0.0,0.0,0.0,0.0,0.0,0.0,12,0.022381163872297785,19,13,6,0,0,0,0,0,0,0,0,1,0
1d6z,A,182,ASP,-3.5,111.1,-1.0,1,3,X,0.0,0.0,0.0,0.0,0.0,0.0,0.0,0.0,18,0.024246260861655933,38,8,30,0,0,0,0,0,0,0,0,1,0
1d6z,A,183,ALA,1.8,88.6,0.0,0,0,X,0.0,0.0,0.0,0.0,0.0,0.0,0.0,0.0,29,0.035436842797804825,57,19,38,0,0,0,0,0,0,0,0,1,0
1d6z,A,184,HIS,-3.2,153.2,0.1,2,1,X,0.0,0.0,0.0,0.0,0.0,0.0,0.0,0.0,34,0.045694876239274644,50,19,31,0,0,0,0,0,0,0,0,1,0
1d6z,A,185,GLY,-0.4,60.1,0.0,0,0,X,0.0,0.0,0.0,0.0,0.0,0.0,0.0,0.0,37,0.048958795970651406,51,20,31,0,0,0,0,0,0,0,0,1,0
1d6z,A,186,MET,1.9,162.9,0.0,0,0,X,0.0,0.0,0.0,0.0,0.0,0.0,0.0,0.0,41,0.045694876239274644,36,25,11,0,0,0,0,0,0,0,0,1,0
1d6z,A,187,VAL,4.2,140.0,0.0,0,0,X,0.0,0.0,0.0,0.0,0.0,0.0,0.0,0.0,37,0.04709369898129325,16,28,-12,0,0,0,0,0,0,0,0,1,0
1d6z,A,188,LEU,3.8,166.7,0.0,0,0,X,0.0,0.0,0.0,0.0,0.0,0.0,0.0,0.0,33,0.048492521723311866,17,27,-10,0,0,0,0,0,0,0,0,1,0
1d6z,A,189,LEU,3.8,166.7,0.0,0,0,X,0.0,0.0,0.0,0.0,0.0,0.0,0.0,0.0,23,0.03357174580844668,8,25,-17,0,0,0,0,0,0,0,0,1,0
1d6z,A,190,ASP,-3.5,111.1,-1.0,1,3,X,0.0,0.0,0.0,0.0,0.0,0.0,0.0,0.0,22,0.032639197313767604,17,8,9,0,0,0,0,0,0,0,0,1,0
1d6z,A,191,ASP,-3.5,111.1,-1.0,1,3,X,0.0,0.0,0.0,0.0,0.0,0.0,0.0,0.0,33,0.04429605349725603,21,13,8,0,0,0,0,0,0,0,0,1,0
1d6z,A,192,PHE,2.8,189.9,0.0,0,0,X,0.0,0.0,0.0,0.0,0.0,0.0,0.0,0.0,30,0.03963331102386066,3,18,-15,0,0,0,0,0,0,0,0,1,0
1d6z,A,193,ALA,1.8,88.6,0.0,0,0,X,0.0,0.0,0.0,0.0,0.0,0.0,0.0,0.0,23,0.030307826077069916,3,16,-13,0,0,0,0,0,0,0,0,1,0
1d6z,A,194,SER,-0.8,89.0,0.0,1,1,X,0.0,0.0,0.0,0.0,0.0,0.0,0.0,0.0,28,0.03683566553982344,16,22,-6,0,0,0,0,0,0,0,0,1,0
1d6z,A,195,VAL,4.2,140.0,0.0,0,0,X,0.0,0.0,0.0,0.0,0.0,0.0,0.0,0.0,36,0.048958795970651406,16,16,0,0,0,0,0,0,0,0,0,1,0
1d6z,A,196,GLN,-3.5,143.8,0.0,2,2,X,0.0,0.0,0.0,0.0,0.0,0.0,0.0,0.0,27,0.04103213376587927,9,4,5,0,0,0,0,0,0,0,0,1,0
1d6z,A,197,ASN,-3.5,114.1,0.0,2,2,X,0.0,0.0,0.0,0.0,0.0,0.0,0.0,0.0,18,0.032639197313767604,10,4,6,0,0,0,0,0,0,0,0,1,0
1d6z,A,198,ILE,4.5,166.7,0.0,0,0,X,0.0,0.0,0.0,0.0,0.0,0.0,0.0,0.0,28,0.04149840801321881,16,14,2,0,0,0,0,0,0,0,0,1,0
1d6z,A,199,ILE,4.5,166.7,0.0,0,0,X,0.0,0.0,0.0,0.0,0.0,0.0,0.0,0.0,38,0.04662742473395372,11,12,-1,0,0,0,0,0,0,0,0,1,0
1d6z,A,200,ASN,-3.5,114.1,0.0,2,2,X,0.0,0.0,0.0,0.0,0.0,0.0,0.0,0.0,24,0.03730193978716297,12,7,5,0,0,0,0,0,0,0,0,1,0
1d6z,A,201,ASN,-3.5,114.1,0.0,2,2,X,0.0,0.0,0.0,0.0,0.0,0.0,0.0,0.0,18,0.027510180593032695,8,12,-4,0,0,0,0,0,0,0,0,1,0
1d6z,A,202,SER,-0.8,89.0,0.0,1,1,X,0.0,0.0,0.0,0.0,0.0,0.0,0.0,0.0,23,0.035436842797804825,9,18,-9,0,0,0,0,0,0,0,0,1,0
1d6z,A,203,GLU,-3.5,138.4,-1.0,1,3,X,0.0,0.0,0.0,0.0,0.0,0.0,0.0,0.0,15,0.02471253510899547,1,9,-8,0,0,0,0,0,0,0,0,1,0
1d6z,A,204,GLU,-3.5,138.4,-1.0,1,3,X,0.0,0.0,0.0,0.0,0.0,0.0,0.0,0.0,18,0.027510180593032695,7,13,-6,0,0,0,0,0,0,0,0,1,0
1d6z,A,205,PHE,2.8,189.9,0.0,0,0,X,0.0,0.0,0.0,0.0,0.0,0.0,0.0,0.0,37,0.04103213376587927,15,26,-11,0,0,0,0,0,0,0,0,1,0
1d6z,A,206,ALA,1.8,88.6,0.0,0,0,X,0.0,0.0,0.0,0.0,0.0,0.0,0.0,0.0,25,0.03823448828184205,23,26,-3,0,0,0,0,0,0,0,0,1,0
1d6z,A,207,ALA,1.8,88.6,0.0,0,0,X,0.0,0.0,0.0,0.0,0.0,0.0,0.0,0.0,18,0.02984155182973038,26,22,4,0,0,0,0,0,0,0,0,1,0
1d6z,A,208,ALA,1.8,88.6,0.0,0,0,X,0.0,0.0,0.0,0.0,0.0,0.0,0.0,0.0,28,0.03683566553982344,29,26,3,0,0,0,0,0,0,0,0,1,0
1d6z,A,209,VAL,4.2,140.0,0.0,0,0,X,0.0,0.0,0.0,0.0,0.0,0.0,0.0,0.0,33,0.043363505002576956,34,20,14,0,0,0,0,0,0,0,0,1,0
1d6z,A,210,LYS,-3.9,168.6,1.0,2,0,X,0.0,0.0,0.0,0.0,0.0,0.0,0.0,0.0,19,0.03357174580844668,16,9,7,0,0,0,0,0,0,0,0,1,0
1d6z,A,211,LYS,-3.9,168.6,1.0,2,0,X,0.0,0.0,0.0,0.0,0.0,0.0,0.0,0.0,20,0.02984155182973038,20,12,8,0,0,0,0,0,0,0,0,1,0
1d6z,A,212,ARG,-4.5,173.4,1.0,5,0,X,0.0,0.0,0.0,0.0,0.0,0.0,0.0,0.0,29,0.03916703677652112,19,18,1,0,0,0,0,0,0,0,0,1,0
1d6z,A,213,GLY,-0.4,60.1,0.0,0,0,X,0.0,0.0,0.0,0.0,0.0,0.0,0.0,0.0,22,0.029375277582390842,26,5,21,0,0,0,0,0,0,0,0,1,0
1d6z,A,214,ILE,4.5,166.7,0.0,0,0,X,0.0,0.0,0.0,0.0,0.0,0.0,0.0,0.0,30,0.034970568550465285,36,10,26,0,0,0,0,0,0,0,0,1,0
1d6z,A,215,THR,-0.7,116.1,0.0,1,1,X,0.0,0.0,0.0,0.0,0.0,0.0,0.0,0.0,15,0.02471253510899547,32,9,23,0,0,0,0,0,0,0,0,1,0
1d6z,A,216,ASP,-3.5,111.1,-1.0,1,3,X,0.0,0.0,0.0,0.0,0.0,0.0,0.0,0.0,16,0.027510180593032695,25,6,19,0,0,0,0,0,0,0,0,1,0
1d6z,A,217,ALA,1.8,88.6,0.0,0,0,X,0.0,0.0,0.0,0.0,0.0,0.0,0.0,0.0,27,0.03870076252918159,27,14,13,0,0,0,0,0,0,0,0,1,0
1d6z,A,218,LYS,-3.9,168.6,1.0,2,0,X,0.0,0.0,0.0,0.0,0.0,0.0,0.0,0.0,15,0.02471253510899547,9,15,-6,0,0,0,0,0,0,0,0,1,0
1d6z,A,219,LYS,-3.9,168.6,1.0,2,0,X,0.0,0.0,0.0,0.0,0.0,0.0,0.0,0.0,21,0.03357174580844668,12,16,-4,0,0,0,0,0,0,0,0,1,0
1d6z,A,220,VAL,4.2,140.0,0.0,0,0,X,0.0,0.0,0.0,0.0,0.0,0.0,0.0,0.0,31,0.043829779249916496,22,16,6,0,0,0,0,0,0,0,0,1,0
1d6z,A,221,ILE,4.5,166.7,0.0,0,0,X,0.0,0.0,0.0,0.0,0.0,0.0,0.0,0.0,31,0.04196468226055834,19,12,7,0,0,0,0,0,0,0,0,1,0
1d6z,A,222,THR,-0.7,116.1,0.0,1,1,X,0.0,0.0,0.0,0.0,0.0,0.0,0.0,0.0,35,0.04476232774459557,6,5,1,0,0,0,0,0,0,0,0,1,0
1d6z,A,223,THR,-0.7,116.1,0.0,1,1,X,0.0,0.0,0.0,0.0,0.0,0.0,0.0,0.0,36,0.043363505002576956,10,3,7,0,0,0,0,0,0,0,0,1,0
1d6z,A,224,PRO,-1.6,112.7,0.0,0,0,X,0.0,0.0,0.0,0.0,0.0,0.0,0.0,0.0,38,0.045228601991935104,6,13,-7,0,0,0,0,0,0,0,0,1,0
1d6z,A,225,LEU,3.8,166.7,0.0,0,0,X,0.0,0.0,0.0,0.0,0.0,0.0,0.0,0.0,37,0.04476232774459557,18,6,12,0,0,0,0,0,0,0,0,1,0
1d6z,A,226,THR,-0.7,116.1,0.0,1,1,X,0.0,0.0,0.0,0.0,0.0,0.0,0.0,0.0,36,0.048492521723311866,37,12,25,0,0,0,0,0,0,0,0,1,0
1d6z,A,227,VAL,4.2,140.0,0.0,0,0,X,0.0,0.0,0.0,0.0,0.0,0.0,0.0,0.0,38,0.048026247475972325,44,14,30,0,0,0,0,0,0,0,0,1,0
1d6z,A,228,GLY,-0.4,60.1,0.0,0,0,X,0.0,0.0,0.0,0.0,0.0,0.0,0.0,0.0,35,0.04616115048661418,40,15,25,0,0,0,0,0,0,0,0,1,0
1d6z,A,229,TYR,-1.3,193.6,0.0,1,1,X,0.0,0.0,0.0,0.0,0.0,0.0,0.0,0.0,26,0.048492521723311866,49,19,30,0,0,0,0,0,0,0,0,1,0
1d6z,A,230,PHE,2.8,189.9,0.0,0,0,X,0.0,0.0,0.0,0.0,0.0,0.0,0.0,0.0,29,0.043363505002576956,40,27,13,0,0,0,0,0,0,0,0,1,0
1d6z,A,231,ASP,-3.5,111.1,-1.0,1,3,X,0.0,0.0,0.0,0.0,0.0,0.0,0.0,0.0,18,0.03124037457174899,13,9,4,0,0,0,0,0,0,0,0,1,0
1d6z,A,232,GLY,-0.4,60.1,0.0,0,0,X,0.0,0.0,0.0,0.0,0.0,0.0,0.0,0.0,17,0.03124037457174899,22,16,6,0,0,0,0,0,0,0,0,1,0
1d6z,A,233,LYS,-3.9,168.6,1.0,2,0,X,0.0,0.0,0.0,0.0,0.0,0.0,0.0,0.0,14,0.02844272908771177,5,16,-11,0,0,0,0,0,0,0,0,1,0
1d6z,A,234,ASP,-3.5,111.1,-1.0,1,3,X,0.0,0.0,0.0,0.0,0.0,0.0,0.0,0.0,24,0.03403802005578621,30,13,17,0,0,0,0,0,0,0,0,1,0
1d6z,A,235,GLY,-0.4,60.1,0.0,0,0,X,0.0,0.0,0.0,0.0,0.0,0.0,0.0,0.0,20,0.022381163872297785,30,17,13,0,0,0,0,0,0,0,0,1,0
1d6z,A,236,LEU,3.8,166.7,0.0,0,0,X,0.0,0.0,0.0,0.0,0.0,0.0,0.0,0.0,28,0.03310547156110714,45,21,24,0,0,0,0,0,0,0,0,1,0
1d6z,A,237,LYS,-3.9,168.6,1.0,2,0,X,0.0,0.0,0.0,0.0,0.0,0.0,0.0,0.0,18,0.02797645484037223,20,19,1,0,0,0,0,0,0,0,0,1,0
1d6z,A,238,GLN,-3.5,143.8,0.0,2,2,X,0.0,0.0,0.0,0.0,0.0,0.0,0.0,0.0,22,0.030774100324409453,36,26,10,0,0,0,0,0,0,0,0,1,0
1d6z,A,239,ASP,-3.5,111.1,-1.0,1,3,X,0.0,0.0,0.0,0.0,0.0,0.0,0.0,0.0,16,0.02844272908771177,53,17,36,0,0,0,0,0,0,0,0,1,0
1d6z,A,240,ALA,1.8,88.6,0.0,0,0,X,0.0,0.0,0.0,0.0,0.0,0.0,0.0,0.0,26,0.03776821403450251,50,25,25,0,0,0,0,0,0,0,0,1,0
1d6z,A,241,ARG,-4.5,173.4,1.0,5,0,X,0.0,0.0,0.0,0.0,0.0,0.0,0.0,0.0,36,0.04662742473395372,45,35,10,0,0,0,0,0,0,0,0,1,0
1d6z,A,242,LEU,3.8,166.7,0.0,0,0,X,0.0,0.0,0.0,0.0,0.0,0.0,0.0,0.0,36,0.045228601991935104,59,27,32,0,0,0,0,0,0,0,0,1,0
1d6z,A,243,LEU,3.8,166.7,0.0,0,0,X,0.0,0.0,0.0,0.0,0.0,0.0,0.0,0.0,41,0.04942507021799094,29,19,10,0,0,0,0,0,0,0,0,1,0
1d6z,A,244,LYS,-3.9,168.6,1.0,2,0,X,0.0,0.0,0.0,0.0,0.0,0.0,0.0,0.0,39,0.048026247475972325,25,17,8,0,0,0,0,0,0,0,0,1,0
1d6z,A,245,VAL,4.2,140.0,0.0,0,0,X,0.0,0.0,0.0,0.0,0.0,0.0,0.0,0.0,41,0.048958795970651406,13,7,6,0,0,0,0,0,0,0,0,1,0
1d6z,A,246,ILE,4.5,166.7,0.0,0,0,X,0.0,0.0,0.0,0.0,0.0,0.0,0.0,0.0,36,0.045694876239274644,17,10,7,0,0,0,0,0,0,0,0,1,0
1d6z,A,247,SER,-0.8,89.0,0.0,1,1,X,0.0,0.0,0.0,0.0,0.0,0.0,0.0,0.0,35,0.048026247475972325,14,11,3,0,0,0,0,0,0,0,0,1,0
1d6z,A,248,TYR,-1.3,193.6,0.0,1,1,X,0.0,0.0,0.0,0.0,0.0,0.0,0.0,0.0,39,0.053155264196707235,17,17,0,0,0,0,0,0,0,0,0,1,0
1d6z,A,249,LEU,3.8,166.7,0.0,0,0,X,0.0,0.0,0.0,0.0,0.0,0.0,0.0,0.0,31,0.05129016720734909,25,21,4,0,0,0,0,0,0,0,0,1,0
1d6z,A,250,ASP,-3.5,111.1,-1.0,1,3,X,0.0,0.0,0.0,0.0,0.0,0.0,0.0,0.0,26,0.043363505002576956,26,14,12,0,0,0,0,0,0,0,0,1,0
1d6z,A,251,VAL,4.2,140.0,0.0,0,0,X,0.0,0.0,0.0,0.0,0.0,0.0,0.0,0.0,24,0.03357174580844668,30,17,13,0,0,0,0,0,0,0,0,1,0
1d6z,A,252,GLY,-0.4,60.1,0.0,0,0,X,0.0,0.0,0.0,0.0,0.0,0.0,0.0,0.0,20,0.022381163872297785,24,19,5,0,0,0,0,0,0,0,0,1,0
1d6z,A,253,ASP,-3.5,111.1,-1.0,1,3,X,0.0,0.0,0.0,0.0,0.0,0.0,0.0,0.0,23,0.034970568550465285,26,20,6,0,0,0,0,0,0,0,0,1,0
1d6z,A,254,GLY,-0.4,60.1,0.0,0,0,X,0.0,0.0,0.0,0.0,0.0,0.0,0.0,0.0,27,0.03963331102386066,27,33,-6,0,0,0,0,0,0,0,0,1,0
1d6z,A,255,ASN,-3.5,114.1,0.0,2,2,X,0.0,0.0,0.0,0.0,0.0,0.0,0.0,0.0,34,0.05408781269138631,30,31,-1,0,0,0,0,0,0,0,0,1,0
1d6z,A,256,TYR,-1.3,193.6,0.0,1,1,X,0.0,0.0,0.0,0.0,0.0,0.0,0.0,0.0,33,0.05222271570202816,19,24,-5,0,0,0,0,0,0,0,0,1,0
1d6z,A,257,TRP,-0.9,227.8,0.0,1,0,X,0.0,0.0,0.0,0.0,0.0,0.0,0.0,0.0,37,0.053621538444046775,19,20,-1,0,0,0,0,0,0,0,0,1,0
1d6z,A,258,ALA,1.8,88.6,0.0,0,0,X,0.0,0.0,0.0,0.0,0.0,0.0,0.0,0.0,37,0.05502036118606539,28,25,3,0,0,0,0,0,0,0,0,1,0
1d6z,A,259,HIS,-3.2,153.2,0.1,2,1,X,0.0,0.0,0.0,0.0,0.0,0.0,0.0,0.0,36,0.05502036118606539,13,19,-6,0,0,0,0,0,0,0,0,1,0
1d6z,A,260,PRO,-1.6,112.7,0.0,0,0,X,0.0,0.0,0.0,0.0,0.0,0.0,0.0,0.0,37,0.05175644145468863,22,12,10,0,0,0,0,0,0,0,0,1,0
1d6z,A,261,ILE,4.5,166.7,0.0,0,0,X,0.0,0.0,0.0,0.0,0.0,0.0,0.0,0.0,42,0.04942507021799094,26,11,15,0,0,0,0,0,0,0,0,1,0
1d6z,A,262,GLU,-3.5,138.4,-1.0,1,3,X,0.0,0.0,0.0,0.0,0.0,0.0,0.0,0.0,37,0.048958795970651406,26,14,12,0,0,0,0,0,0,0,0,1,0
1d6z,A,263,ASN,-3.5,114.1,0.0,2,2,X,0.0,0.0,0.0,0.0,0.0,0.0,0.0,0.0,29,0.045228601991935104,20,36,-16,0,0,0,0,0,0,0,0,1,0
1d6z,A,264,LEU,3.8,166.7,0.0,0,0,X,0.0,0.0,0.0,0.0,0.0,0.0,0.0,0.0,39,0.04989134446533048,22,28,-6,0,0,0,0,0,0,0,0,1,0
1d6z,A,265,VAL,4.2,140.0,0.0,0,0,X,0.0,0.0,0.0,0.0,0.0,0.0,0.0,0.0,34,0.048492521723311866,25,26,-1,0,0,0,0,0,0,0,0,1,0
1d6z,A,266,ALA,1.8,88.6,0.0,0,0,X,0.0,0.0,0.0,0.0,0.0,0.0,0.0,0.0,37,0.04709369898129325,21,18,3,0,0,0,0,0,0,0,0,1,0
1d6z,A,267,VAL,4.2,140.0,0.0,0,0,X,0.0,0.0,0.0,0.0,0.0,0.0,0.0,0.0,35,0.04616115048661418,31,21,10,0,0,0,0,0,0,0,0,1,0
1d6z,A,268,VAL,4.2,140.0,0.0,0,0,X,0.0,0.0,0.0,0.0,0.0,0.0,0.0,0.0,35,0.05222271570202816,38,19,19,0,0,0,0,0,0,0,0,1,0
1d6z,A,269,ASP,-3.5,111.1,-1.0,1,3,X,0.0,0.0,0.0,0.0,0.0,0.0,0.0,0.0,28,0.04616115048661418,49,13,36,0,0,0,0,0,0,0,0,1,0
1d6z,A,270,LEU,3.8,166.7,0.0,0,0,X,0.0,0.0,0.0,0.0,0.0,0.0,0.0,0.0,34,0.04662742473395372,41,32,9,0,0,0,0,0,0,0,0,1,0
1d6z,A,271,GLU,-3.5,138.4,-1.0,1,3,X,0.0,0.0,0.0,0.0,0.0,0.0,0.0,0.0,22,0.03357174580844668,50,22,28,0,0,0,0,0,0,0,0,1,0
1d6z,A,272,GLN,-3.5,143.8,0.0,2,2,X,0.0,0.0,0.0,0.0,0.0,0.0,0.0,0.0,16,0.025645083603674543,30,17,13,0,0,0,0,0,0,0,0,1,0
1d6z,A,273,LYS,-3.9,168.6,1.0,2,0,X,0.0,0.0,0.0,0.0,0.0,0.0,0.0,0.0,19,0.03357174580844668,10,23,-13,0,0,0,0,0,0,0,0,1,0
1d6z,A,274,LYS,-3.9,168.6,1.0,2,0,X,0.0,0.0,0.0,0.0,0.0,0.0,0.0,0.0,20,0.0363693912924839,14,20,-6,0,0,0,0,0,0,0,0,1,0
1d6z,A,275,ILE,4.5,166.7,0.0,0,0,X,0.0,0.0,0.0,0.0,0.0,0.0,0.0,0.0,29,0.04289723075523742,23,26,-3,0,0,0,0,0,0,0,0,1,0
1d6z,A,276,VAL,4.2,140.0,0.0,0,0,X,0.0,0.0,0.0,0.0,0.0,0.0,0.0,0.0,27,0.03310547156110714,32,16,16,0,0,0,0,0,0,0,0,1,0
1d6z,A,277,LYS,-3.9,168.6,1.0,2,0,X,0.0,0.0,0.0,0.0,0.0,0.0,0.0,0.0,24,0.02797645484037223,11,24,-13,0,0,0,0,0,0,0,0,1,0
1d6z,A,278,ILE,4.5,166.7,0.0,0,0,X,0.0,0.0,0.0,0.0,0.0,0.0,0.0,0.0,27,0.03776821403450251,18,30,-12,0,0,0,0,0,0,0,0,1,0
1d6z,A,279,GLU,-3.5,138.4,-1.0,1,3,X,0.0,0.0,0.0,0.0,0.0,0.0,0.0,0.0,29,0.032639197313767604,19,16,3,0,0,0,0,0,0,0,0,1,0
1d6z,A,280,GLU,-3.5,138.4,-1.0,1,3,X,0.0,0.0,0.0,0.0,0.0,0.0,0.0,0.0,20,0.03403802005578621,23,13,10,0,0,0,0,0,0,0,0,1,0
1d6z,A,281,GLY,-0.4,60.1,0.0,0,0,X,0.0,0.0,0.0,0.0,0.0,0.0,0.0,0.0,18,0.029375277582390842,17,31,-14,0,0,0,0,0,0,0,0,1,0
1d6z,A,282,PRO,-1.6,112.7,0.0,0,0,X,0.0,0.0,0.0,0.0,0.0,0.0,0.0,0.0,19,0.024246260861655933,18,26,-8,0,0,0,0,0,0,0,0,1,0
1d6z,A,283,VAL,4.2,140.0,0.0,0,0,X,0.0,0.0,0.0,0.0,0.0,0.0,0.0,0.0,21,0.03310547156110714,29,14,15,0,0,0,0,0,0,0,0,1,0
1d6z,A,284,VAL,4.2,140.0,0.0,0,0,X,0.0,0.0,0.0,0.0,0.0,0.0,0.0,0.0,25,0.040099585271200194,30,12,18,0,0,0,0,0,0,0,0,1,0
1d6z,A,285,PRO,-1.6,112.7,0.0,0,0,X,0.0,0.0,0.0,0.0,0.0,0.0,0.0,0.0,25,0.03310547156110714,30,8,22,0,0,0,0,0,0,0,0,1,0
1d6z,A,286,VAL,4.2,140.0,0.0,0,0,X,0.0,0.0,0.0,0.0,0.0,0.0,0.0,0.0,30,0.04103213376587927,24,11,13,0,0,0,0,0,0,0,0,1,0
1d6z,A,287,PRO,-1.6,112.7,0.0,0,0,X,0.0,0.0,0.0,0.0,0.0,0.0,0.0,0.0,36,0.04196468226055834,36,15,21,0,0,0,0,0,0,0,0,1,0
1d6z,A,288,MET,1.9,162.9,0.0,0,0,X,0.0,0.0,0.0,0.0,0.0,0.0,0.0,0.0,25,0.030774100324409453,21,10,11,0,0,0,0,0,0,0,0,1,0
1d6z,A,289,THR,-0.7,116.1,0.0,1,1,X,0.0,0.0,0.0,0.0,0.0,0.0,0.0,0.0,22,0.027510180593032695,36,13,23,0,0,0,0,0,0,0,0,1,0
1d6z,A,290,ALA,1.8,88.6,0.0,0,0,X,0.0,0.0,0.0,0.0,0.0,0.0,0.0,0.0,26,0.03450429430312575,29,19,10,0,0,0,0,0,0,0,0,1,0
1d6z,A,291,ARG,-4.5,173.4,1.0,5,0,X,0.0,0.0,0.0,0.0,0.0,0.0,0.0,0.0,32,0.04289723075523742,28,31,-3,0,0,0,0,0,0,0,0,1,0
1d6z,A,292,PRO,-1.6,112.7,0.0,0,0,X,0.0,0.0,0.0,0.0,0.0,0.0,0.0,0.0,30,0.045228601991935104,36,28,8,0,0,0,0,0,0,0,0,1,0
1d6z,A,293,PHE,2.8,189.9,0.0,0,0,X,0.0,0.0,0.0,0.0,0.0,0.0,0.0,0.0,38,0.04755997322863279,37,30,7,0,0,0,0,0,0,0,0,1,0
1d6z,A,294,ASP,-3.5,111.1,-1.0,1,3,X,0.0,0.0,0.0,0.0,0.0,0.0,0.0,0.0,24,0.03590311704514436,32,17,15,0,0,0,0,0,0,0,0,1,0
1d6z,A,295,GLY,-0.4,60.1,0.0,0,0,X,0.0,0.0,0.0,0.0,0.0,0.0,0.0,0.0,23,0.0363693912924839,31,18,13,0,0,0,0,0,0,0,0,1,0
1d6z,A,296,ARG,-4.5,173.4,1.0,5,0,X,0.0,0.0,0.0,0.0,0.0,0.0,0.0,0.0,18,0.026577632098353617,22,24,-2,0,0,0,0,0,0,0,0,1,0
1d6z,A,297,ASP,-3.5,111.1,-1.0,1,3,X,0.0,0.0,0.0,0.0,0.0,0.0,0.0,0.0,20,0.0363693912924839,47,15,32,0,0,0,0,0,0,0,0,1,0
1d6z,A,298,ARG,-4.5,173.4,1.0,5,0,X,0.0,0.0,0.0,0.0,0.0,0.0,0.0,0.0,25,0.035436842797804825,27,20,7,0,0,0,0,0,0,0,0,1,0
1d6z,A,299,VAL,4.2,140.0,0.0,0,0,X,0.0,0.0,0.0,0.0,0.0,0.0,0.0,0.0,15,0.027510180593032695,24,9,15,0,0,0,0,0,0,0,0,1,0
1d6z,A,300,ALA,1.8,88.6,0.0,0,0,X,0.0,0.0,0.0,0.0,0.0,0.0,0.0,0.0,17,0.022381163872297785,14,5,9,0,0,0,0,0,0,0,0,1,0
1d6z,A,301,PRO,-1.6,112.7,0.0,0,0,X,0.0,0.0,0.0,0.0,0.0,0.0,0.0,0.0,16,0.017718421398902413,16,5,11,0,0,0,0,0,0,0,0,1,0
1d6z,A,302,ALA,1.8,88.6,0.0,0,0,X,0.0,0.0,0.0,0.0,0.0,0.0,0.0,0.0,11,0.016319598656883802,19,3,16,0,0,0,0,0,0,0,0,1,0
1d6z,A,303,VAL,4.2,140.0,0.0,0,0,X,0.0,0.0,0.0,0.0,0.0,0.0,0.0,0.0,18,0.02797645484037223,29,24,5,0,0,0,0,0,0,0,0,1,0
1d6z,A,304,LYS,-3.9,168.6,1.0,2,0,X,0.0,0.0,0.0,0.0,0.0,0.0,0.0,0.0,24,0.034970568550465285,18,23,-5,0,0,0,0,0,0,0,0,1,0
1d6z,A,305,PRO,-1.6,112.7,0.0,0,0,X,0.0,0.0,0.0,0.0,0.0,0.0,0.0,0.0,22,0.03357174580844668,23,24,-1,0,0,0,0,0,0,0,0,1,0
1d6z,A,306,MET,1.9,162.9,0.0,0,0,X,0.0,0.0,0.0,0.0,0.0,0.0,0.0,0.0,24,0.03870076252918159,30,26,4,0,0,0,0,0,0,0,0,1,0
1d6z,A,307,GLN,-3.5,143.8,0.0,2,2,X,0.0,0.0,0.0,0.0,0.0,0.0,0.0,0.0,19,0.03683566553982344,5,19,-14,0,0,0,0,0,0,0,0,1,0
1d6z,A,308,ILE,4.5,166.7,0.0,0,0,X,0.0,0.0,0.0,0.0,0.0,0.0,0.0,0.0,22,0.04149840801321881,13,18,-5,0,0,0,0,0,0,0,0,1,0
1d6z,A,309,ILE,4.5,166.7,0.0,0,0,X,0.0,0.0,0.0,0.0,0.0,0.0,0.0,0.0,21,0.04662742473395372,6,17,-11,0,0,0,0,0,0,0,0,1,0
1d6z,A,310,GLU,-3.5,138.4,-1.0,1,3,X,0.0,0.0,0.0,0.0,0.0,0.0,0.0,0.0,31,0.04616115048661418,26,23,3,0,0,0,0,0,0,0,0,1,0
1d6z,A,311,PRO,-1.6,112.7,0.0,0,0,X,0.0,0.0,0.0,0.0,0.0,0.0,0.0,0.0,28,0.04149840801321881,25,21,4,0,0,0,0,0,0,0,0,1,0
1d6z,A,312,GLU,-3.5,138.4,-1.0,1,3,X,0.0,0.0,0.0,0.0,0.0,0.0,0.0,0.0,23,0.03683566553982344,21,10,11,0,0,0,0,0,0,0,0,1,0
1d6z,A,313,GLY,-0.4,60.1,0.0,0,0,X,0.0,0.0,0.0,0.0,0.0,0.0,0.0,0.0,34,0.05129016720734909,20,33,-13,0,0,0,0,0,0,0,0,1,0
1d6z,A,314,LYS,-3.9,168.6,1.0,2,0,X,0.0,0.0,0.0,0.0,0.0,0.0,0.0,0.0,39,0.04429605349725603,16,38,-22,0,0,0,0,0,0,0,0,1,0
1d6z,A,315,ASN,-3.5,114.1,0.0,2,2,X,0.0,0.0,0.0,0.0,0.0,0.0,0.0,0.0,29,0.043363505002576956,49,29,20,0,0,0,0,0,0,0,0,1,0
1d6z,A,316,TYR,-1.3,193.6,0.0,1,1,X,0.0,0.0,0.0,0.0,0.0,0.0,0.0,0.0,38,0.04662742473395372,34,22,12,0,0,0,0,0,0,0,0,1,0
1d6z,A,317,THR,-0.7,116.1,0.0,1,1,X,0.0,0.0,0.0,0.0,0.0,0.0,0.0,0.0,26,0.04476232774459557,23,12,11,0,0,0,0,0,0,0,0,1,0
1d6z,A,318,ILE,4.5,166.7,0.0,0,0,X,0.0,0.0,0.0,0.0,0.0,0.0,0.0,0.0,28,0.04289723075523742,14,20,-6,0,0,0,0,0,0,0,0,1,0
1d6z,A,319,THR,-0.7,116.1,0.0,1,1,X,0.0,0.0,0.0,0.0,0.0,0.0,0.0,0.0,25,0.03963331102386066,32,18,14,0,0,0,0,0,0,0,0,1,0
1d6z,A,320,GLY,-0.4,60.1,0.0,0,0,X,0.0,0.0,0.0,0.0,0.0,0.0,0.0,0.0,25,0.03310547156110714,24,20,4,0,0,0,0,0,0,0,0,1,0
1d6z,A,321,ASP,-3.5,111.1,-1.0,1,3,X,0.0,0.0,0.0,0.0,0.0,0.0,0.0,0.0,33,0.043363505002576956,22,16,6,0,0,0,0,0,0,0,0,1,0
1d6z,A,322,MET,1.9,162.9,0.0,0,0,X,0.0,0.0,0.0,0.0,0.0,0.0,0.0,0.0,31,0.045228601991935104,35,25,10,0,0,0,0,0,0,0,0,1,0
1d6z,A,323,ILE,4.5,166.7,0.0,0,0,X,0.0,0.0,0.0,0.0,0.0,0.0,0.0,0.0,34,0.048026247475972325,24,16,8,0,0,0,0,0,0,0,0,1,0
1d6z,A,324,HIS,-3.2,153.2,0.1,2,1,X,0.0,0.0,0.0,0.0,0.0,0.0,0.0,0.0,22,0.043829779249916496,15,8,7,0,0,0,0,0,0,0,0,1,0
1d6z,A,325,TRP,-0.9,227.8,0.0,1,0,X,0.0,0.0,0.0,0.0,0.0,0.0,0.0,0.0,32,0.04429605349725603,42,33,9,0,0,0,0,0,0,0,0,1,0
1d6z,A,326,ARG,-4.5,173.4,1.0,5,0,X,0.0,0.0,0.0,0.0,0.0,0.0,0.0,0.0,29,0.03823448828184205,34,23,11,0,0,0,0,0,0,0,0,1,0
1d6z,A,327,ASN,-3.5,114.1,0.0,2,2,X,0.0,0.0,0.0,0.0,0.0,0.0,0.0,0.0,28,0.040565859518539735,35,25,10,0,0,0,0,0,0,0,0,1,0
1d6z,A,328,TRP,-0.9,227.8,0.0,1,0,X,0.0,0.0,0.0,0.0,0.0,0.0,0.0,0.0,36,0.0526889899493677,35,20,15,0,0,0,0,0,0,0,0,1,0
1d6z,A,329,ASP,-3.5,111.1,-1.0,1,3,X,0.0,0.0,0.0,0.0,0.0,0.0,0.0,0.0,34,0.048492521723311866,39,3,36,0,0,0,0,0,0,0,0,1,0
1d6z,A,330,PHE,2.8,189.9,0.0,0,0,X,0.0,0.0,0.0,0.0,0.0,0.0,0.0,0.0,37,0.04989134446533048,24,13,11,0,0,0,0,0,0,0,0,1,0
1d6z,A,331,HIS,-3.2,153.2,0.1,2,1,X,0.0,0.0,0.0,0.0,0.0,0.0,0.0,0.0,37,0.050823892960009553,11,26,-15,0,0,0,0,0,0,0,0,1,0
1d6z,A,332,LEU,3.8,166.7,0.0,0,0,X,0.0,0.0,0.0,0.0,0.0,0.0,0.0,0.0,39,0.045228601991935104,20,16,4,0,0,0,0,0,0,0,0,1,0
1d6z,A,333,SER,-0.8,89.0,0.0,1,1,X,0.0,0.0,0.0,0.0,0.0,0.0,0.0,0.0,34,0.04243095650789788,17,21,-4,0,0,0,0,0,0,0,0,1,0
1d6z,A,334,MET,1.9,162.9,0.0,0,0,X,0.0,0.0,0.0,0.0,0.0,0.0,0.0,0.0,38,0.043363505002576956,8,14,-6,0,0,0,0,0,0,0,0,1,0
1d6z,A,335,ASN,-3.5,114.1,0.0,2,2,X,0.0,0.0,0.0,0.0,0.0,0.0,0.0,0.0,39,0.040565859518539735,14,13,1,0,0,0,0,0,0,0,0,1,0
1d6z,A,336,SER,-0.8,89.0,0.0,1,1,X,0.0,0.0,0.0,0.0,0.0,0.0,0.0,0.0,40,0.045694876239274644,10,17,-7,0,0,0,0,0,0,0,0,1,0
1d6z,A,337,ARG,-4.5,173.4,1.0,5,0,X,0.0,0.0,0.0,0.0,0.0,0.0,0.0,0.0,37,0.045228601991935104,16,29,-13,0,0,0,0,0,0,0,0,1,0
1d6z,A,338,VAL,4.2,140.0,0.0,0,0,X,0.0,0.0,0.0,0.0,0.0,0.0,0.0,0.0,40,0.04989134446533048,26,11,15,0,0,0,0,0,0,0,0,1,0
1d6z,A,339,GLY,-0.4,60.1,0.0,0,0,X,0.0,0.0,0.0,0.0,0.0,0.0,0.0,0.0,37,0.04942507021799094,8,10,-2,0,0,0,0,0,0,0,0,1,0
1d6z,A,340,PRO,-1.6,112.7,0.0,0,0,X,0.0,0.0,0.0,0.0,0.0,0.0,0.0,0.0,36,0.04755997322863279,11,9,2,0,0,0,0,0,0,0,0,1,0
1d6z,A,341,MET,1.9,162.9,0.0,0,0,X,0.0,0.0,0.0,0.0,0.0,0.0,0.0,0.0,35,0.045228601991935104,23,16,7,0,0,0,0,0,0,0,0,1,0
1d6z,A,342,ILE,4.5,166.7,0.0,0,0,X,0.0,0.0,0.0,0.0,0.0,0.0,0.0,0.0,40,0.05175644145468863,16,19,-3,0,0,0,0,0,0,0,0,1,0
1d6z,A,343,SER,-0.8,89.0,0.0,1,1,X,0.0,0.0,0.0,0.0,0.0,0.0,0.0,0.0,34,0.05175644145468863,21,26,-5,0,0,0,0,0,0,0,0,1,0
1d6z,A,344,THR,-0.7,116.1,0.0,1,1,X,0.0,0.0,0.0,0.0,0.0,0.0,0.0,0.0,37,0.05502036118606539,39,27,12,0,0,0,0,0,0,0,0,1,0
1d6z,A,345,VAL,4.2,140.0,0.0,0,0,X,0.0,0.0,0.0,0.0,0.0,0.0,0.0,0.0,39,0.05035761871267001,28,27,1,0,0,0,0,0,0,0,0,1,0
1d6z,A,346,THR,-0.7,116.1,0.0,1,1,X,0.0,0.0,0.0,0.0,0.0,0.0,0.0,0.0,36,0.05129016720734909,35,19,16,0,0,0,0,0,0,0,0,1,0
1d6z,A,347,TYR,-1.3,193.6,0.0,1,1,X,0.0,0.0,0.0,0.0,0.0,0.0,0.0,0.0,33,0.05502036118606539,35,26,9,0,0,0,0,0,0,0,0,1,0
1d6z,A,348,ASN,-3.5,114.1,0.0,2,2,X,0.0,0.0,0.0,0.0,0.0,0.0,0.0,0.0,22,0.04429605349725603,31,17,14,0,0,0,0,0,0,0,0,1,0
1d6z,A,349,ASP,-3.5,111.1,-1.0,1,3,X,0.0,0.0,0.0,0.0,0.0,0.0,0.0,0.0,22,0.03870076252918159,20,15,5,0,0,0,0,0,0,0,0,1,0
1d6z,A,350,ASN,-3.5,114.1,0.0,2,2,X,0.0,0.0,0.0,0.0,0.0,0.0,0.0,0.0,17,0.023779986614316396,9,11,-2,0,0,0,0,0,0,0,0,1,0
1d6z,A,351,GLY,-0.4,60.1,0.0,0,0,X,0.0,0.0,0.0,0.0,0.0,0.0,0.0,0.0,12,0.01958351838826056,16,9,7,0,0,0,0,0,0,0,0,1,0
1d6z,A,352,THR,-0.7,116.1,0.0,1,1,X,0.0,0.0,0.0,0.0,0.0,0.0,0.0,0.0,16,0.025178809356335007,23,12,11,0,0,0,0,0,0,0,0,1,0
1d6z,A,353,LYS,-3.9,168.6,1.0,2,0,X,0.0,0.0,0.0,0.0,0.0,0.0,0.0,0.0,26,0.03590311704514436,20,20,0,0,0,0,0,0,0,0,0,1,0
1d6z,A,354,ARG,-4.5,173.4,1.0,5,0,X,0.0,0.0,0.0,0.0,0.0,0.0,0.0,0.0,32,0.043829779249916496,20,21,-1,0,0,0,0,0,0,0,0,1,0
1d6z,A,355,LYS,-3.9,168.6,1.0,2,0,X,0.0,0.0,0.0,0.0,0.0,0.0,0.0,0.0,34,0.048492521723311866,27,27,0,0,0,0,0,0,0,0,0,1,0
1d6z,A,356,VAL,4.2,140.0,0.0,0,0,X,0.0,0.0,0.0,0.0,0.0,0.0,0.0,0.0,43,0.053621538444046775,26,33,-7,0,0,0,0,0,0,0,0,1,0
1d6z,A,357,MET,1.9,162.9,0.0,0,0,X,0.0,0.0,0.0,0.0,0.0,0.0,0.0,0.0,41,0.050823892960009553,23,29,-6,0,0,0,0,0,0,0,0,1,0
1d6z,A,358,TYR,-1.3,193.6,0.0,1,1,X,0.0,0.0,0.0,0.0,0.0,0.0,0.0,0.0,39,0.053621538444046775,35,42,-7,0,0,0,0,0,0,0,0,1,0
1d6z,A,359,GLU,-3.5,138.4,-1.0,1,3,X,0.0,0.0,0.0,0.0,0.0,0.0,0.0,0.0,37,0.05035761871267001,40,18,22,0,0,0,0,0,0,0,0,1,0
1d6z,A,360,GLY,-0.4,60.1,0.0,0,0,X,0.0,0.0,0.0,0.0,0.0,0.0,0.0,0.0,34,0.05129016720734909,23,17,6,0,0,0,0,0,0,0,0,1,0
1d6z,A,361,SER,-0.8,89.0,0.0,1,1,X,0.0,0.0,0.0,0.0,0.0,0.0,0.0,0.0,35,0.048492521723311866,24,14,10,0,0,0,0,0,0,0,0,1,0
1d6z,A,362,LEU,3.8,166.7,0.0,0,0,X,0.0,0.0,0.0,0.0,0.0,0.0,0.0,0.0,40,0.04989134446533048,23,8,15,0,0,0,0,0,0,0,0,1,0
1d6z,A,363,GLY,-0.4,60.1,0.0,0,0,X,0.0,0.0,0.0,0.0,0.0,0.0,0.0,0.0,39,0.05035761871267001,32,12,20,0,0,0,0,0,0,0,0,1,0
1d6z,A,364,GLY,-0.4,60.1,0.0,0,0,X,0.0,0.0,0.0,0.0,0.0,0.0,0.0,0.0,38,0.05548663543340492,22,17,5,0,0,0,0,0,0,0,0,1,0
1d6z,A,365,MET,1.9,162.9,0.0,0,0,X,0.0,0.0,0.0,0.0,0.0,0.0,0.0,0.0,39,0.0526889899493677,15,20,-5,0,0,0,0,0,0,0,0,1,0
1d6z,A,366,ILE,4.5,166.7,0.0,0,0,X,0.0,0.0,0.0,0.0,0.0,0.0,0.0,0.0,41,0.05175644145468863,23,21,2,0,0,0,0,0,0,0,0,1,0
1d6z,A,367,VAL,4.2,140.0,0.0,0,0,X,0.0,0.0,0.0,0.0,0.0,0.0,0.0,0.0,36,0.05455408693872585,32,7,25,0,0,0,0,0,0,0,0,1,0
1d6z,A,368,PRO,-1.6,112.7,0.0,0,0,X,0.0,0.0,0.0,0.0,0.0,0.0,0.0,0.0,36,0.04989134446533048,37,5,32,0,0,0,0,0,0,0,0,1,0
1d6z,A,369,TYR,-1.3,193.6,0.0,1,1,X,0.0,0.0,0.0,0.0,0.0,0.0,0.0,0.0,36,0.05455408693872585,42,12,30,0,0,0,0,0,0,0,0,1,1
1d6z,A,370,GLY,-0.4,60.1,0.0,0,0,X,0.0,0.0,0.0,0.0,0.0,0.0,0.0,0.0,38,0.05595290968074446,41,20,21,0,0,0,0,0,0,0,0,1,0
1d6z,A,371,ASP,-3.5,111.1,-1.0,1,3,X,0.0,0.0,0.0,0.0,0.0,0.0,0.0,0.0,37,0.0526889899493677,39,16,23,0,0,0,0,0,0,0,0,1,0
1d6z,A,372,PRO,-1.6,112.7,0.0,0,0,X,0.0,0.0,0.0,0.0,0.0,0.0,0.0,0.0,34,0.0526889899493677,26,20,6,0,0,0,0,0,0,0,0,1,0
1d6z,A,373,ASP,-3.5,111.1,-1.0,1,3,X,0.0,0.0,0.0,0.0,0.0,0.0,0.0,0.0,34,0.04149840801321881,21,19,2,0,0,0,0,0,0,0,0,1,0
1d6z,A,374,ILE,4.5,166.7,0.0,0,0,X,0.0,0.0,0.0,0.0,0.0,0.0,0.0,0.0,32,0.04243095650789788,18,41,-23,0,0,0,0,0,0,0,0,1,0
1d6z,A,375,GLY,-0.4,60.1,0.0,0,0,X,0.0,0.0,0.0,0.0,0.0,0.0,0.0,0.0,37,0.05548663543340492,27,37,-10,0,0,0,0,0,0,0,0,1,0
1d6z,A,376,TRP,-0.9,227.8,0.0,1,0,X,0.0,0.0,0.0,0.0,0.0,0.0,0.0,0.0,36,0.05175644145468863,27,24,3,0,0,0,0,0,0,0,0,1,0
1d6z,A,377,TYR,-1.3,193.6,0.0,1,1,X,0.0,0.0,0.0,0.0,0.0,0.0,0.0,0.0,35,0.05222271570202816,29,32,-3,0,0,0,0,0,0,0,0,1,0
1d6z,A,378,PHE,2.8,189.9,0.0,0,0,X,0.0,0.0,0.0,0.0,0.0,0.0,0.0,0.0,35,0.04662742473395372,27,21,6,0,0,0,0,0,0,0,0,1,0
1d6z,A,379,LYS,-3.9,168.6,1.0,2,0,X,0.0,0.0,0.0,0.0,0.0,0.0,0.0,0.0,40,0.048026247475972325,21,13,8,0,0,0,0,0,0,0,0,1,0
1d6z,A,380,ALA,1.8,88.6,0.0,0,0,X,0.0,0.0,0.0,0.0,0.0,0.0,0.0,0.0,36,0.04709369898129325,24,12,12,0,0,0,0,0,0,0,0,1,0
1d6z,A,381,TYR,-1.3,193.6,0.0,1,1,X,0.0,0.0,0.0,0.0,0.0,0.0,0.0,0.0,37,0.04476232774459557,17,16,1,0,0,0,0,0,0,0,0,1,1
1d6z,A,382,LEU,3.8,166.7,0.0,0,0,X,0.0,0.0,0.0,0.0,0.0,0.0,0.0,0.0,42,0.04989134446533048,18,25,-7,0,0,0,0,0,0,0,0,1,0
1d6z,A,383,ASP,-3.5,111.1,-1.0,1,3,X,0.0,0.0,0.0,0.0,0.0,0.0,0.0,0.0,40,0.048026247475972325,7,15,-8,0,0,0,0,0,0,0,0,1,0
1d6z,A,384,SER,-0.8,89.0,0.0,1,1,X,0.0,0.0,0.0,0.0,0.0,0.0,0.0,0.0,41,0.0526889899493677,14,26,-12,0,0,0,0,0,0,0,0,1,0
1d6z,A,385,GLY,-0.4,60.1,0.0,0,0,X,0.0,0.0,0.0,0.0,0.0,0.0,0.0,0.0,43,0.053155264196707235,21,29,-8,0,0,0,0,0,0,0,0,1,0
1d6z,A,386,ASP,-3.5,111.1,-1.0,1,3,X,0.0,0.0,0.0,0.0,0.0,0.0,0.0,0.0,40,0.04709369898129325,27,17,10,0,0,0,0,0,0,0,0,1,0
1d6z,A,387,TYR,-1.3,193.6,0.0,1,1,X,0.0,0.0,0.0,0.0,0.0,0.0,0.0,0.0,34,0.04616115048661418,4,21,-17,0,0,0,0,0,0,0,0,1,0
1d6z,A,388,GLY,-0.4,60.1,0.0,0,0,X,0.0,0.0,0.0,0.0,0.0,0.0,0.0,0.0,36,0.048026247475972325,11,24,-13,0,0,0,0,0,0,0,0,1,0
1d6z,A,389,MET,1.9,162.9,0.0,0,0,X,0.0,0.0,0.0,0.0,0.0,0.0,0.0,0.0,38,0.053621538444046775,8,17,-9,0,0,0,0,0,0,0,0,1,0
1d6z,A,390,GLY,-0.4,60.1,0.0,0,0,X,0.0,0.0,0.0,0.0,0.0,0.0,0.0,0.0,39,0.050823892960009553,7,12,-5,0,0,0,0,0,0,0,0,1,0
1d6z,A,391,THR,-0.7,116.1,0.0,1,1,X,0.0,0.0,0.0,0.0,0.0,0.0,0.0,0.0,41,0.040565859518539735,6,19,-13,0,0,0,0,0,0,0,0,1,0
1d6z,A,392,LEU,3.8,166.7,0.0,0,0,X,0.0,0.0,0.0,0.0,0.0,0.0,0.0,0.0,37,0.040565859518539735,4,11,-7,0,0,0,0,0,0,0,0,1,0
1d6z,A,393,THR,-0.7,116.1,0.0,1,1,X,0.0,0.0,0.0,0.0,0.0,0.0,0.0,0.0,37,0.048492521723311866,12,9,3,0,0,0,0,0,0,0,0,1,0
1d6z,A,394,SER,-0.8,89.0,0.0,1,1,X,0.0,0.0,0.0,0.0,0.0,0.0,0.0,0.0,34,0.045228601991935104,27,17,10,0,0,0,0,0,0,0,0,1,0
1d6z,A,395,PRO,-1.6,112.7,0.0,0,0,X,0.0,0.0,0.0,0.0,0.0,0.0,0.0,0.0,37,0.04196468226055834,21,11,10,0,0,0,0,0,0,0,0,1,0
1d6z,A,396,ILE,4.5,166.7,0.0,0,0,X,0.0,0.0,0.0,0.0,0.0,0.0,0.0,0.0,35,0.048492521723311866,45,9,36,0,0,0,0,0,0,0,0,1,0
1d6z,A,397,ALA,1.8,88.6,0.0,0,0,X,0.0,0.0,0.0,0.0,0.0,0.0,0.0,0.0,30,0.03870076252918159,40,13,27,0,0,0,0,0,0,0,0,1,0
1d6z,A,398,ARG,-4.5,173.4,1.0,5,0,X,0.0,0.0,0.0,0.0,0.0,0.0,0.0,0.0,27,0.03683566553982344,29,22,7,0,0,0,0,0,0,0,0,1,0
1d6z,A,399,GLY,-0.4,60.1,0.0,0,0,X,0.0,0.0,0.0,0.0,0.0,0.0,0.0,0.0,30,0.03590311704514436,31,19,12,0,0,0,0,0,0,0,0,1,0
1d6z,A,400,LYS,-3.9,168.6,1.0,2,0,X,0.0,0.0,0.0,0.0,0.0,0.0,0.0,0.0,26,0.04196468226055834,26,21,5,0,0,0,0,0,0,0,0,1,0
1d6z,A,401,ASP,-3.5,111.1,-1.0,1,3,X,0.0,0.0,0.0,0.0,0.0,0.0,0.0,0.0,43,0.05035761871267001,47,18,29,0,0,0,0,0,0,0,0,1,0
1d6z,A,402,ALA,1.8,88.6,0.0,0,0,X,0.0,0.0,0.0,0.0,0.0,0.0,0.0,0.0,39,0.050823892960009553,41,22,19,0,0,0,0,0,0,0,0,1,0
1d6z,A,403,PRO,-1.6,112.7,0.0,0,0,X,0.0,0.0,0.0,0.0,0.0,0.0,0.0,0.0,34,0.043363505002576956,41,22,19,0,0,0,0,0,0,0,0,1,0
1d6z,A,404,SER,-0.8,89.0,0.0,1,1,X,0.0,0.0,0.0,0.0,0.0,0.0,0.0,0.0,31,0.03683566553982344,24,27,-3,0,0,0,0,0,0,0,0,1,0
1d6z,A,405,ASN,-3.5,114.1,0.0,2,2,X,0.0,0.0,0.0,0.0,0.0,0.0,0.0,0.0,35,0.043829779249916496,22,26,-4,0,0,0,0,0,0,0,0,1,0
1d6z,A,406,ALA,1.8,88.6,0.0,0,0,X,0.0,0.0,0.0,0.0,0.0,0.0,0.0,0.0,39,0.048492521723311866,35,23,12,0,0,0,0,0,0,0,0,1,0
1d6z,A,407,VAL,4.2,140.0,0.0,0,0,X,0.0,0.0,0.0,0.0,0.0,0.0,0.0,0.0,36,0.045694876239274644,32,18,14,0,0,0,0,0,0,0,0,1,0
1d6z,A,408,LEU,3.8,166.7,0.0,0,0,X,0.0,0.0,0.0,0.0,0.0,0.0,0.0,0.0,35,0.045694876239274644,37,13,24,0,0,0,0,0,0,0,0,1,0
1d6z,A,409,LEU,3.8,166.7,0.0,0,0,X,0.0,0.0,0.0,0.0,0.0,0.0,0.0,0.0,33,0.03916703677652112,15,25,-10,0,0,0,0,0,0,0,0,1,0
1d6z,A,410,ASN,-3.5,114.1,0.0,2,2,X,0.0,0.0,0.0,0.0,0.0,0.0,0.0,0.0,24,0.034970568550465285,13,23,-10,0,0,0,0,0,0,0,0,1,0
1d6z,A,411,GLU,-3.5,138.4,-1.0,1,3,X,0.0,0.0,0.0,0.0,0.0,0.0,0.0,0.0,29,0.040565859518539735,5,15,-10,0,0,0,0,0,0,0,0,1,0
1d6z,A,412,THR,-0.7,116.1,0.0,1,1,X,0.0,0.0,0.0,0.0,0.0,0.0,0.0,0.0,29,0.03870076252918159,0,26,-26,0,0,0,0,0,0,0,0,1,0
1d6z,A,413,ILE,4.5,166.7,0.0,0,0,X,0.0,0.0,0.0,0.0,0.0,0.0,0.0,0.0,36,0.04709369898129325,2,29,-27,0,0,0,0,0,0,0,0,1,0
1d6z,A,414,ALA,1.8,88.6,0.0,0,0,X,0.0,0.0,0.0,0.0,0.0,0.0,0.0,0.0,37,0.04476232774459557,6,25,-19,0,0,0,0,0,0,0,0,1,0
1d6z,A,415,ASP,-3.5,111.1,-1.0,1,3,X,0.0,0.0,0.0,0.0,0.0,0.0,0.0,0.0,25,0.04149840801321881,7,8,-1,0,0,0,0,0,0,0,0,1,0
1d6z,A,416,TYR,-1.3,193.6,0.0,1,1,X,0.0,0.0,0.0,0.0,0.0,0.0,0.0,0.0,23,0.045694876239274644,11,25,-14,0,0,0,0,0,0,0,0,1,0
1d6z,A,417,THR,-0.7,116.1,0.0,1,1,X,0.0,0.0,0.0,0.0,0.0,0.0,0.0,0.0,25,0.03403802005578621,15,15,0,0,0,0,0,0,0,0,0,1,0
1d6z,A,418,GLY,-0.4,60.1,0.0,0,0,X,0.0,0.0,0.0,0.0,0.0,0.0,0.0,0.0,29,0.04476232774459557,19,17,2,0,0,0,0,0,0,0,0,1,0
1d6z,A,419,VAL,4.2,140.0,0.0,0,0,X,0.0,0.0,0.0,0.0,0.0,0.0,0.0,0.0,20,0.032172923066428064,11,11,0,0,0,0,0,0,0,0,0,1,0
1d6z,A,420,PRO,-1.6,112.7,0.0,0,0,X,0.0,0.0,0.0,0.0,0.0,0.0,0.0,0.0,22,0.03683566553982344,9,30,-21,0,0,0,0,0,0,0,0,1,0
1d6z,A,421,MET,1.9,162.9,0.0,0,0,X,0.0,0.0,0.0,0.0,0.0,0.0,0.0,0.0,25,0.032172923066428064,0,22,-22,0,0,0,0,0,0,0,0,1,0
1d6z,A,422,GLU,-3.5,138.4,-1.0,1,3,X,0.0,0.0,0.0,0.0,0.0,0.0,0.0,0.0,17,0.030774100324409453,6,9,-3,0,0,0,0,0,0,0,0,1,0
1d6z,A,423,ILE,4.5,166.7,0.0,0,0,X,0.0,0.0,0.0,0.0,0.0,0.0,0.0,0.0,27,0.04243095650789788,11,18,-7,0,0,0,0,0,0,0,0,1,0
1d6z,A,424,PRO,-1.6,112.7,0.0,0,0,X,0.0,0.0,0.0,0.0,0.0,0.0,0.0,0.0,20,0.03403802005578621,12,17,-5,0,0,0,0,0,0,0,0,1,0
1d6z,A,425,ARG,-4.5,173.4,1.0,5,0,X,0.0,0.0,0.0,0.0,0.0,0.0,0.0,0.0,28,0.04289723075523742,16,16,0,0,0,0,0,0,0,0,0,1,0
1d6z,A,426,ALA,1.8,88.6,0.0,0,0,X,0.0,0.0,0.0,0.0,0.0,0.0,0.0,0.0,35,0.05595290968074446,18,17,1,0,0,0,0,0,0,0,0,1,0
1d6z,A,427,ILE,4.5,166.7,0.0,0,0,X,0.0,0.0,0.0,0.0,0.0,0.0,0.0,0.0,38,0.05175644145468863,15,12,3,0,0,0,0,0,0,0,0,1,0
1d6z,A,428,ALA,1.8,88.6,0.0,0,0,X,0.0,0.0,0.0,0.0,0.0,0.0,0.0,0.0,41,0.05222271570202816,25,21,4,0,0,0,0,0,0,0,0,1,0
1d6z,A,429,VAL,4.2,140.0,0.0,0,0,X,0.0,0.0,0.0,0.0,0.0,0.0,0.0,0.0,39,0.048492521723311866,18,22,-4,0,0,0,0,0,0,0,0,1,0
1d6z,A,430,PHE,2.8,189.9,0.0,0,0,X,0.0,0.0,0.0,0.0,0.0,0.0,0.0,0.0,34,0.05129016720734909,27,30,-3,0,0,0,0,0,0,0,0,1,0
1d6z,A,431,GLU,-3.5,138.4,-1.0,1,3,X,0.0,0.0,0.0,0.0,0.0,0.0,0.0,0.0,34,0.05455408693872585,50,24,26,0,0,0,0,0,0,0,0,1,0
1d6z,A,432,ARG,-4.5,173.4,1.0,5,0,X,0.0,0.0,0.0,0.0,0.0,0.0,0.0,0.0,25,0.04476232774459557,30,24,6,0,0,0,0,0,0,0,0,1,0
1d6z,A,433,TYR,-1.3,193.6,0.0,1,1,X,0.0,0.0,0.0,0.0,0.0,0.0,0.0,0.0,28,0.040099585271200194,48,37,11,0,0,0,0,0,0,0,0,1,0
1d6z,A,434,ALA,1.8,88.6,0.0,0,0,X,0.0,0.0,0.0,0.0,0.0,0.0,0.0,0.0,33,0.03916703677652112,56,42,14,0,0,0,0,0,0,0,0,1,0
1d6z,A,435,GLY,-0.4,60.1,0.0,0,0,X,0.0,0.0,0.0,0.0,0.0,0.0,0.0,0.0,33,0.045694876239274644,53,38,15,0,0,0,0,0,0,0,0,1,0
1d6z,A,436,PRO,-1.6,112.7,0.0,0,0,X,0.0,0.0,0.0,0.0,0.0,0.0,0.0,0.0,39,0.05548663543340492,39,36,3,0,0,0,0,0,0,0,0,1,0
1d6z,A,437,GLU,-3.5,138.4,-1.0,1,3,X,0.0,0.0,0.0,0.0,0.0,0.0,0.0,0.0,37,0.048026247475972325,38,31,7,0,0,0,0,0,0,0,0,1,0
1d6z,A,438,TYR,-1.3,193.6,0.0,1,1,X,0.0,0.0,0.0,0.0,0.0,0.0,0.0,0.0,39,0.053155264196707235,33,32,1,0,0,0,0,0,0,0,0,1,0
1d6z,A,439,LYS,-3.9,168.6,1.0,2,0,X,0.0,0.0,0.0,0.0,0.0,0.0,0.0,0.0,39,0.05781800667010261,17,28,-11,0,0,0,0,0,0,0,0,1,0
1d6z,A,440,HIS,-3.2,153.2,0.1,2,1,X,0.0,0.0,0.0,0.0,0.0,0.0,0.0,0.0,35,0.0526889899493677,9,24,-15,0,0,0,0,0,0,0,0,1,0
1d6z,A,441,GLN,-3.5,143.8,0.0,2,2,X,0.0,0.0,0.0,0.0,0.0,0.0,0.0,0.0,32,0.04616115048661418,20,19,1,0,0,0,0,0,0,0,0,1,0
1d6z,A,442,GLU,-3.5,138.4,-1.0,1,3,X,0.0,0.0,0.0,0.0,0.0,0.0,0.0,0.0,25,0.043829779249916496,12,6,6,0,0,0,0,0,0,0,0,1,0
1d6z,A,443,MET,1.9,162.9,0.0,0,0,X,0.0,0.0,0.0,0.0,0.0,0.0,0.0,0.0,24,0.026577632098353617,7,10,-3,0,0,0,0,0,0,0,0,1,0
1d6z,A,444,GLY,-0.4,60.1,0.0,0,0,X,0.0,0.0,0.0,0.0,0.0,0.0,0.0,0.0,10,0.019117244140921023,4,9,-5,0,0,0,0,0,0,0,0,1,0
1d6z,A,445,GLN,-3.5,143.8,0.0,2,2,X,0.0,0.0,0.0,0.0,0.0,0.0,0.0,0.0,15,0.02331371236697686,10,12,-2,0,0,0,0,0,0,0,0,1,0
1d6z,A,446,PRO,-1.6,112.7,0.0,0,0,X,0.0,0.0,0.0,0.0,0.0,0.0,0.0,0.0,14,0.023779986614316396,12,17,-5,0,0,0,0,0,0,0,0,1,0
1d6z,A,447,ASN,-3.5,114.1,0.0,2,2,X,0.0,0.0,0.0,0.0,0.0,0.0,0.0,0.0,26,0.032639197313767604,30,23,7,0,0,0,0,0,0,0,0,1,0
1d6z,A,448,VAL,4.2,140.0,0.0,0,0,X,0.0,0.0,0.0,0.0,0.0,0.0,0.0,0.0,30,0.04289723075523742,26,26,0,0,0,0,0,0,0,0,0,1,0
1d6z,A,449,SER,-0.8,89.0,0.0,1,1,X,0.0,0.0,0.0,0.0,0.0,0.0,0.0,0.0,32,0.04243095650789788,30,31,-1,0,0,0,0,0,0,0,0,1,0
1d6z,A,450,THR,-0.7,116.1,0.0,1,1,X,0.0,0.0,0.0,0.0,0.0,0.0,0.0,0.0,32,0.03916703677652112,37,34,3,0,0,0,0,0,0,0,0,1,0
1d6z,A,451,GLU,-3.5,138.4,-1.0,1,3,X,0.0,0.0,0.0,0.0,0.0,0.0,0.0,0.0,29,0.045228601991935104,41,27,14,0,0,0,0,0,0,0,0,1,0
1d6z,A,452,ARG,-4.5,173.4,1.0,5,0,X,0.0,0.0,0.0,0.0,0.0,0.0,0.0,0.0,36,0.048958795970651406,36,41,-5,0,0,0,0,0,0,0,0,1,0
1d6z,A,453,ARG,-4.5,173.4,1.0,5,0,X,0.0,0.0,0.0,0.0,0.0,0.0,0.0,0.0,33,0.0526889899493677,38,46,-8,0,0,0,0,0,0,0,0,1,0
1d6z,A,454,GLU,-3.5,138.4,-1.0,1,3,X,0.0,0.0,0.0,0.0,0.0,0.0,0.0,0.0,29,0.05548663543340492,46,28,18,0,0,0,0,0,0,0,0,1,0
1d6z,A,455,LEU,3.8,166.7,0.0,0,0,X,0.0,0.0,0.0,0.0,0.0,0.0,0.0,0.0,37,0.05548663543340492,46,33,13,0,0,0,0,0,0,0,0,1,0
1d6z,A,456,VAL,4.2,140.0,0.0,0,0,X,0.0,0.0,0.0,0.0,0.0,0.0,0.0,0.0,37,0.0526889899493677,30,31,-1,0,0,0,0,0,0,0,0,1,0
1d6z,A,457,VAL,4.2,140.0,0.0,0,0,X,0.0,0.0,0.0,0.0,0.0,0.0,0.0,0.0,40,0.05129016720734909,17,15,2,0,0,0,0,0,0,0,0,1,0
1d6z,A,458,ARG,-4.5,173.4,1.0,5,0,X,0.0,0.0,0.0,0.0,0.0,0.0,0.0,0.0,42,0.05035761871267001,11,24,-13,0,0,0,0,0,0,0,0,1,0
1d6z,A,459,TRP,-0.9,227.8,0.0,1,0,X,0.0,0.0,0.0,0.0,0.0,0.0,0.0,0.0,46,0.04989134446533048,13,14,-1,0,0,0,0,0,0,0,0,1,0
1d6z,A,460,ILE,4.5,166.7,0.0,0,0,X,0.0,0.0,0.0,0.0,0.0,0.0,0.0,0.0,41,0.05222271570202816,27,21,6,0,0,0,0,0,0,0,0,1,0
1d6z,A,461,SER,-0.8,89.0,0.0,1,1,X,0.0,0.0,0.0,0.0,0.0,0.0,0.0,0.0,41,0.050823892960009553,12,16,-4,0,0,0,0,0,0,0,0,1,0
1d6z,A,462,THR,-0.7,116.1,0.0,1,1,X,0.0,0.0,0.0,0.0,0.0,0.0,0.0,0.0,34,0.04755997322863279,18,24,-6,0,0,0,0,0,0,0,0,1,1
1d6z,A,463,VAL,4.2,140.0,0.0,0,0,X,0.0,0.0,0.0,0.0,0.0,0.0,0.0,0.0,37,0.04243095650789788,4,27,-23,0,0,0,0,0,0,0,0,1,1
1d6z,A,464,GLY,-0.4,60.1,0.0,0,0,X,0.0,0.0,0.0,0.0,0.0,0.0,0.0,0.0,31,0.03776821403450251,11,26,-15,0,0,0,0,0,0,0,0,1,1
1d6z,A,465,ASN,-3.5,114.1,0.0,2,2,X,0.0,0.0,0.0,0.0,0.0,0.0,0.0,0.0,36,0.03963331102386066,20,28,-8,0,0,0,0,0,0,0,0,1,1
1d6z,A,467,ASP,-3.5,111.1,-1.0,1,3,X,0.0,0.0,0.0,0.0,0.0,0.0,0.0,0.0,42,0.05035761871267001,22,16,6,0,0,0,0,0,0,0,0,1,1
1d6z,A,468,TYR,-1.3,193.6,0.0,1,1,X,0.0,0.0,0.0,0.0,0.0,0.0,0.0,0.0,37,0.04755997322863279,17,21,-4,0,0,0,0,0,0,0,0,1,1
1d6z,A,469,ILE,4.5,166.7,0.0,0,0,X,0.0,0.0,0.0,0.0,0.0,0.0,0.0,0.0,37,0.050823892960009553,20,35,-15,0,0,0,0,0,0,0,0,1,0
1d6z,A,470,PHE,2.8,189.9,0.0,0,0,X,0.0,0.0,0.0,0.0,0.0,0.0,0.0,0.0,37,0.05035761871267001,10,20,-10,0,0,0,0,0,0,0,0,1,0
1d6z,A,471,ASP,-3.5,111.1,-1.0,1,3,X,0.0,0.0,0.0,0.0,0.0,0.0,0.0,0.0,38,0.05129016720734909,26,12,14,0,0,0,0,0,0,0,0,1,0
1d6z,A,472,TRP,-0.9,227.8,0.0,1,0,X,0.0,0.0,0.0,0.0,0.0,0.0,0.0,0.0,39,0.04616115048661418,10,18,-8,0,0,0,0,0,0,0,0,1,0
1d6z,A,473,ILE,4.5,166.7,0.0,0,0,X,0.0,0.0,0.0,0.0,0.0,0.0,0.0,0.0,34,0.05175644145468863,34,29,5,0,0,0,0,0,0,0,0,1,0
1d6z,A,474,PHE,2.8,189.9,0.0,0,0,X,0.0,0.0,0.0,0.0,0.0,0.0,0.0,0.0,40,0.05222271570202816,20,25,-5,0,0,0,0,0,0,0,0,1,0
1d6z,A,475,HIS,-3.2,153.2,0.1,2,1,X,0.0,0.0,0.0,0.0,0.0,0.0,0.0,0.0,34,0.0526889899493677,34,26,8,0,0,0,0,0,0,0,0,1,0
1d6z,A,476,GLU,-3.5,138.4,-1.0,1,3,X,0.0,0.0,0.0,0.0,0.0,0.0,0.0,0.0,33,0.05502036118606539,44,28,16,0,0,0,0,0,0,0,0,1,0
1d6z,A,477,ASN,-3.5,114.1,0.0,2,2,X,0.0,0.0,0.0,0.0,0.0,0.0,0.0,0.0,40,0.048958795970651406,41,42,-1,0,0,0,0,0,0,0,0,1,0
1d6z,A,478,GLY,-0.4,60.1,0.0,0,0,X,0.0,0.0,0.0,0.0,0.0,0.0,0.0,0.0,38,0.05175644145468863,28,19,9,0,0,0,0,0,0,0,0,1,0
1d6z,A,479,THR,-0.7,116.1,0.0,1,1,X,0.0,0.0,0.0,0.0,0.0,0.0,0.0,0.0,39,0.048958795970651406,32,22,10,0,0,0,0,0,0,0,0,1,0
1d6z,A,480,ILE,4.5,166.7,0.0,0,0,X,0.0,0.0,0.0,0.0,0.0,0.0,0.0,0.0,34,0.048492521723311866,18,12,6,0,0,0,0,0,0,0,0,1,0
1d6z,A,481,GLY,-0.4,60.1,0.0,0,0,X,0.0,0.0,0.0,0.0,0.0,0.0,0.0,0.0,35,0.04942507021799094,28,23,5,0,0,0,0,0,0,0,0,1,0
1d6z,A,482,ILE,4.5,166.7,0.0,0,0,X,0.0,0.0,0.0,0.0,0.0,0.0,0.0,0.0,38,0.048026247475972325,17,16,1,0,0,0,0,0,0,0,0,1,0
1d6z,A,483,ASP,-3.5,111.1,-1.0,1,3,X,0.0,0.0,0.0,0.0,0.0,0.0,0.0,0.0,35,0.04942507021799094,26,13,13,0,0,0,0,0,0,0,0,1,0
1d6z,A,484,ALA,1.8,88.6,0.0,0,0,X,0.0,0.0,0.0,0.0,0.0,0.0,0.0,0.0,36,0.05129016720734909,22,24,-2,0,0,0,0,0,0,0,0,1,0
1d6z,A,485,GLY,-0.4,60.1,0.0,0,0,X,0.0,0.0,0.0,0.0,0.0,0.0,0.0,0.0,36,0.04709369898129325,33,32,1,0,0,0,0,0,0,0,0,1,0
1d6z,A,486,ALA,1.8,88.6,0.0,0,0,X,0.0,0.0,0.0,0.0,0.0,0.0,0.0,0.0,37,0.04709369898129325,37,28,9,0,0,0,0,0,0,0,0,1,0
1d6z,A,487,THR,-0.7,116.1,0.0,1,1,X,0.0,0.0,0.0,0.0,0.0,0.0,0.0,0.0,39,0.05035761871267001,33,39,-6,0,0,0,0,0,0,0,0,1,0
1d6z,A,488,GLY,-0.4,60.1,0.0,0,0,X,0.0,0.0,0.0,0.0,0.0,0.0,0.0,0.0,38,0.05035761871267001,23,36,-13,0,0,0,0,0,0,0,0,1,0
1d6z,A,489,ILE,4.5,166.7,0.0,0,0,X,0.0,0.0,0.0,0.0,0.0,0.0,0.0,0.0,37,0.05222271570202816,20,28,-8,0,0,0,0,0,0,0,0,1,0
1d6z,A,490,GLU,-3.5,138.4,-1.0,1,3,X,0.0,0.0,0.0,0.0,0.0,0.0,0.0,0.0,42,0.04709369898129325,31,15,16,0,0,0,0,0,0,0,0,1,0
1d6z,A,491,ALA,1.8,88.6,0.0,0,0,X,0.0,0.0,0.0,0.0,0.0,0.0,0.0,0.0,40,0.04616115048661418,30,13,17,0,0,0,0,0,0,0,0,1,0
1d6z,A,492,VAL,4.2,140.0,0.0,0,0,X,0.0,0.0,0.0,0.0,0.0,0.0,0.0,0.0,41,0.04942507021799094,22,25,-3,0,0,0,0,0,0,0,0,1,0
1d6z,A,493,LYS,-3.9,168.6,1.0,2,0,X,0.0,0.0,0.0,0.0,0.0,0.0,0.0,0.0,44,0.04429605349725603,9,37,-28,0,0,0,0,0,0,0,0,1,0
1d6z,A,494,GLY,-0.4,60.1,0.0,0,0,X,0.0,0.0,0.0,0.0,0.0,0.0,0.0,0.0,40,0.05222271570202816,27,26,1,0,0,0,0,0,0,0,0,1,0
1d6z,A,495,VAL,4.2,140.0,0.0,0,0,X,0.0,0.0,0.0,0.0,0.0,0.0,0.0,0.0,39,0.04616115048661418,33,32,1,0,0,0,0,0,0,0,0,1,0
1d6z,A,496,LYS,-3.9,168.6,1.0,2,0,X,0.0,0.0,0.0,0.0,0.0,0.0,0.0,0.0,25,0.034970568550465285,12,28,-16,0,0,0,0,0,0,0,0,1,0
1d6z,A,497,ALA,1.8,88.6,0.0,0,0,X,0.0,0.0,0.0,0.0,0.0,0.0,0.0,0.0,30,0.04616115048661418,40,32,8,0,0,0,0,0,0,0,0,1,0
1d6z,A,498,LYS,-3.9,168.6,1.0,2,0,X,0.0,0.0,0.0,0.0,0.0,0.0,0.0,0.0,23,0.040565859518539735,34,19,15,0,0,0,0,0,0,0,0,1,0
1d6z,A,499,THR,-0.7,116.1,0.0,1,1,X,0.0,0.0,0.0,0.0,0.0,0.0,0.0,0.0,26,0.045228601991935104,43,25,18,0,0,0,0,0,0,0,0,1,0
1d6z,A,500,MET,1.9,162.9,0.0,0,0,X,0.0,0.0,0.0,0.0,0.0,0.0,0.0,0.0,32,0.03823448828184205,29,31,-2,0,0,0,0,0,0,0,0,1,0
1d6z,A,501,HIS,-3.2,153.2,0.1,2,1,X,0.0,0.0,0.0,0.0,0.0,0.0,0.0,0.0,17,0.02611135785101408,8,20,-12,0,0,0,0,0,0,0,0,1,0
1d6z,A,502,ASP,-3.5,111.1,-1.0,1,3,X,0.0,0.0,0.0,0.0,0.0,0.0,0.0,0.0,19,0.030774100324409453,32,16,16,0,0,0,0,0,0,0,0,1,0
1d6z,A,503,GLU,-3.5,138.4,-1.0,1,3,X,0.0,0.0,0.0,0.0,0.0,0.0,0.0,0.0,12,0.021914889624958248,18,18,0,0,0,0,0,0,0,0,0,1,0
1d6z,A,504,THR,-0.7,116.1,0.0,1,1,X,0.0,0.0,0.0,0.0,0.0,0.0,0.0,0.0,20,0.03357174580844668,29,33,-4,0,0,0,0,0,0,0,0,1,0
1d6z,A,505,ALA,1.8,88.6,0.0,0,0,X,0.0,0.0,0.0,0.0,0.0,0.0,0.0,0.0,25,0.043829779249916496,38,32,6,0,0,0,0,0,0,0,0,1,0
1d6z,A,506,LYS,-3.9,168.6,1.0,2,0,X,0.0,0.0,0.0,0.0,0.0,0.0,0.0,0.0,17,0.032172923066428064,12,25,-13,0,0,0,0,0,0,0,0,1,0
1d6z,A,507,ASP,-3.5,111.1,-1.0,1,3,X,0.0,0.0,0.0,0.0,0.0,0.0,0.0,0.0,20,0.02844272908771177,27,19,8,0,0,0,0,0,0,0,0,1,0
1d6z,A,508,ASP,-3.5,111.1,-1.0,1,3,X,0.0,0.0,0.0,0.0,0.0,0.0,0.0,0.0,32,0.048026247475972325,39,30,9,0,0,0,0,0,0,0,0,1,0
1d6z,A,509,THR,-0.7,116.1,0.0,1,1,X,0.0,0.0,0.0,0.0,0.0,0.0,0.0,0.0,32,0.04149840801321881,25,21,4,0,0,0,0,0,0,0,0,1,0
1d6z,A,510,ARG,-4.5,173.4,1.0,5,0,X,0.0,0.0,0.0,0.0,0.0,0.0,0.0,0.0,27,0.03683566553982344,17,26,-9,0,0,0,0,0,0,0,0,1,0
1d6z,A,511,TYR,-1.3,193.6,0.0,1,1,X,0.0,0.0,0.0,0.0,0.0,0.0,0.0,0.0,34,0.048958795970651406,30,30,0,0,0,0,0,0,0,0,0,1,0
1d6z,A,512,GLY,-0.4,60.1,0.0,0,0,X,0.0,0.0,0.0,0.0,0.0,0.0,0.0,0.0,41,0.043363505002576956,32,19,13,0,0,0,0,0,0,0,0,1,0
1d6z,A,513,THR,-0.7,116.1,0.0,1,1,X,0.0,0.0,0.0,0.0,0.0,0.0,0.0,0.0,39,0.04429605349725603,26,23,3,0,0,0,0,0,0,0,0,1,0
1d6z,A,514,LEU,3.8,166.7,0.0,0,0,X,0.0,0.0,0.0,0.0,0.0,0.0,0.0,0.0,41,0.0526889899493677,45,22,23,0,0,0,0,0,0,0,0,1,0
1d6z,A,515,ILE,4.5,166.7,0.0,0,0,X,0.0,0.0,0.0,0.0,0.0,0.0,0.0,0.0,41,0.058284280917442144,40,46,-6,0,0,0,0,0,0,0,0,1,0
1d6z,A,516,ASP,-3.5,111.1,-1.0,1,3,X,0.0,0.0,0.0,0.0,0.0,0.0,0.0,0.0,39,0.05129016720734909,45,17,28,0,0,0,0,0,0,0,0,1,0
1d6z,A,517,HIS,-3.2,153.2,0.1,2,1,X,0.0,0.0,0.0,0.0,0.0,0.0,0.0,0.0,25,0.04662742473395372,30,18,12,0,0,0,0,0,0,0,0,1,0
1d6z,A,518,ASN,-3.5,114.1,0.0,2,2,X,0.0,0.0,0.0,0.0,0.0,0.0,0.0,0.0,36,0.045694876239274644,42,22,20,0,0,0,0,0,0,0,0,1,0
1d6z,A,519,ILE,4.5,166.7,0.0,0,0,X,0.0,0.0,0.0,0.0,0.0,0.0,0.0,0.0,43,0.05129016720734909,45,24,21,0,0,0,0,0,0,0,0,1,0
1d6z,A,520,VAL,4.2,140.0,0.0,0,0,X,0.0,0.0,0.0,0.0,0.0,0.0,0.0,0.0,41,0.05175644145468863,25,34,-9,0,0,0,0,0,0,0,0,1,0
1d6z,A,521,GLY,-0.4,60.1,0.0,0,0,X,0.0,0.0,0.0,0.0,0.0,0.0,0.0,0.0,35,0.05548663543340492,39,32,7,0,0,0,0,0,0,0,0,1,0
1d6z,A,522,THR,-0.7,116.1,0.0,1,1,X,0.0,0.0,0.0,0.0,0.0,0.0,0.0,0.0,40,0.05455408693872585,40,25,15,0,0,0,0,0,0,0,0,1,0
1d6z,A,523,THR,-0.7,116.1,0.0,1,1,X,0.0,0.0,0.0,0.0,0.0,0.0,0.0,0.0,42,0.05175644145468863,34,14,20,0,0,0,0,0,0,0,0,1,0
1d6z,A,524,HIS,-3.2,153.2,0.1,2,1,X,0.0,0.0,0.0,0.0,0.0,0.0,0.0,0.0,40,0.048958795970651406,32,14,18,0,0,0,0,0,0,0,0,1,0
1d6z,A,525,GLN,-3.5,143.8,0.0,2,2,X,0.0,0.0,0.0,0.0,0.0,0.0,0.0,0.0,38,0.053621538444046775,36,0,36,0,0,0,0,0,0,0,0,1,0
1d6z,A,526,HIS,-3.2,153.2,0.1,2,1,X,0.0,0.0,0.0,0.0,0.0,0.0,0.0,0.0,37,0.050823892960009553,30,13,17,0,0,0,0,0,0,0,0,1,1
1d6z,A,527,ILE,4.5,166.7,0.0,0,0,X,0.0,0.0,0.0,0.0,0.0,0.0,0.0,0.0,43,0.05222271570202816,22,6,16,0,0,0,0,0,0,0,0,1,0
1d6z,A,528,TYR,-1.3,193.6,0.0,1,1,X,0.0,0.0,0.0,0.0,0.0,0.0,0.0,0.0,39,0.04709369898129325,14,10,4,0,0,0,0,0,0,0,0,1,0
1d6z,A,529,ASN,-3.5,114.1,0.0,2,2,X,0.0,0.0,0.0,0.0,0.0,0.0,0.0,0.0,42,0.053155264196707235,16,9,7,0,0,0,0,0,0,0,0,1,0
1d6z,A,530,PHE,2.8,189.9,0.0,0,0,X,0.0,0.0,0.0,0.0,0.0,0.0,0.0,0.0,42,0.04989134446533048,10,9,1,0,0,0,0,0,0,0,0,1,0
1d6z,A,531,ARG,-4.5,173.4,1.0,5,0,X,0.0,0.0,0.0,0.0,0.0,0.0,0.0,0.0,40,0.05502036118606539,18,24,-6,0,0,0,0,0,0,0,0,1,0
1d6z,A,532,LEU,3.8,166.7,0.0,0,0,X,0.0,0.0,0.0,0.0,0.0,0.0,0.0,0.0,35,0.05175644145468863,13,19,-6,0,0,0,0,0,0,0,0,1,0
1d6z,A,533,ASP,-3.5,111.1,-1.0,1,3,X,0.0,0.0,0.0,0.0,0.0,0.0,0.0,0.0,38,0.0526889899493677,32,32,0,0,0,0,0,0,0,0,0,1,0
1d6z,A,534,LEU,3.8,166.7,0.0,0,0,X,0.0,0.0,0.0,0.0,0.0,0.0,0.0,0.0,46,0.05129016720734909,18,36,-18,0,0,0,0,0,0,0,0,1,0
1d6z,A,535,ASP,-3.5,111.1,-1.0,1,3,X,0.0,0.0,0.0,0.0,0.0,0.0,0.0,0.0,35,0.05502036118606539,21,39,-18,0,0,0,0,0,0,0,0,1,0
1d6z,A,536,VAL,4.2,140.0,0.0,0,0,X,0.0,0.0,0.0,0.0,0.0,0.0,0.0,0.0,41,0.05548663543340492,32,28,4,0,0,0,0,0,0,0,0,1,0
1d6z,A,537,ASP,-3.5,111.1,-1.0,1,3,X,0.0,0.0,0.0,0.0,0.0,0.0,0.0,0.0,34,0.043829779249916496,34,20,14,0,0,0,0,0,0,0,0,1,0
1d6z,A,538,GLY,-0.4,60.1,0.0,0,0,X,0.0,0.0,0.0,0.0,0.0,0.0,0.0,0.0,33,0.04103213376587927,33,37,-4,0,0,0,0,0,0,0,0,1,0
1d6z,A,539,GLU,-3.5,138.4,-1.0,1,3,X,0.0,0.0,0.0,0.0,0.0,0.0,0.0,0.0,28,0.040099585271200194,18,34,-16,0,0,0,0,0,0,0,0,1,0
1d6z,A,540,ASN,-3.5,114.1,0.0,2,2,X,0.0,0.0,0.0,0.0,0.0,0.0,0.0,0.0,24,0.043829779249916496,15,38,-23,0,0,0,0,0,0,0,0,1,0
1d6z,A,541,ASN,-3.5,114.1,0.0,2,2,X,0.0,0.0,0.0,0.0,0.0,0.0,0.0,0.0,40,0.05408781269138631,9,41,-32,0,0,0,0,0,0,0,0,1,0
1d6z,A,542,SER,-0.8,89.0,0.0,1,1,X,0.0,0.0,0.0,0.0,0.0,0.0,0.0,0.0,38,0.04942507021799094,1,14,-13,0,0,0,0,0,0,0,0,1,0
1d6z,A,543,LEU,3.8,166.7,0.0,0,0,X,0.0,0.0,0.0,0.0,0.0,0.0,0.0,0.0,39,0.04429605349725603,11,15,-4,0,0,0,0,0,0,0,0,1,0
1d6z,A,544,VAL,4.2,140.0,0.0,0,0,X,0.0,0.0,0.0,0.0,0.0,0.0,0.0,0.0,32,0.04662742473395372,11,6,5,0,0,0,0,0,0,0,0,1,0
1d6z,A,545,ALA,1.8,88.6,0.0,0,0,X,0.0,0.0,0.0,0.0,0.0,0.0,0.0,0.0,24,0.04989134446533048,11,9,2,0,0,0,0,0,0,0,0,1,0
1d6z,A,546,MET,1.9,162.9,0.0,0,0,X,0.0,0.0,0.0,0.0,0.0,0.0,0.0,0.0,32,0.04942507021799094,11,9,2,0,0,0,0,0,0,0,0,1,0
1d6z,A,547,ASP,-3.5,111.1,-1.0,1,3,X,0.0,0.0,0.0,0.0,0.0,0.0,0.0,0.0,27,0.04243095650789788,15,8,7,0,0,0,0,0,0,0,0,1,0
1d6z,A,548,PRO,-1.6,112.7,0.0,0,0,X,0.0,0.0,0.0,0.0,0.0,0.0,0.0,0.0,32,0.040565859518539735,21,15,6,0,0,0,0,0,0,0,0,1,0
1d6z,A,549,VAL,4.2,140.0,0.0,0,0,X,0.0,0.0,0.0,0.0,0.0,0.0,0.0,0.0,26,0.034970568550465285,13,8,5,0,0,0,0,0,0,0,0,1,0
1d6z,A,550,VAL,4.2,140.0,0.0,0,0,X,0.0,0.0,0.0,0.0,0.0,0.0,0.0,0.0,27,0.03823448828184205,14,6,8,0,0,0,0,0,0,0,0,1,0
1d6z,A,551,LYS,-3.9,168.6,1.0,2,0,X,0.0,0.0,0.0,0.0,0.0,0.0,0.0,0.0,21,0.032639197313767604,9,2,7,0,0,0,0,0,0,0,0,1,0
1d6z,A,552,PRO,-1.6,112.7,0.0,0,0,X,0.0,0.0,0.0,0.0,0.0,0.0,0.0,0.0,21,0.028909003335051305,14,7,7,0,0,0,0,0,0,0,0,1,0
1d6z,A,553,ASN,-3.5,114.1,0.0,2,2,X,0.0,0.0,0.0,0.0,0.0,0.0,0.0,0.0,24,0.03916703677652112,21,16,5,0,0,0,0,0,0,0,0,1,0
1d6z,A,554,THR,-0.7,116.1,0.0,1,1,X,0.0,0.0,0.0,0.0,0.0,0.0,0.0,0.0,15,0.021914889624958248,18,3,15,0,0,0,0,0,0,0,0,1,0
1d6z,A,555,ALA,1.8,88.6,0.0,0,0,X,0.0,0.0,0.0,0.0,0.0,0.0,0.0,0.0,21,0.02331371236697686,12,14,-2,0,0,0,0,0,0,0,0,1,0
1d6z,A,556,GLY,-0.4,60.1,0.0,0,0,X,0.0,0.0,0.0,0.0,0.0,0.0,0.0,0.0,17,0.02144861537761871,11,11,0,0,0,0,0,0,0,0,0,1,0
1d6z,A,557,GLY,-0.4,60.1,0.0,0,0,X,0.0,0.0,0.0,0.0,0.0,0.0,0.0,0.0,22,0.02844272908771177,19,19,0,0,0,0,0,0,0,0,0,1,0
1d6z,A,558,PRO,-1.6,112.7,0.0,0,0,X,0.0,0.0,0.0,0.0,0.0,0.0,0.0,0.0,28,0.03590311704514436,22,33,-11,0,0,0,0,0,0,0,0,1,0
1d6z,A,559,ARG,-4.5,173.4,1.0,5,0,X,0.0,0.0,0.0,0.0,0.0,0.0,0.0,0.0,37,0.045694876239274644,12,29,-17,0,0,0,0,0,0,0,0,1,0
1d6z,A,560,THR,-0.7,116.1,0.0,1,1,X,0.0,0.0,0.0,0.0,0.0,0.0,0.0,0.0,27,0.03590311704514436,20,17,3,0,0,0,0,0,0,0,0,1,0
1d6z,A,561,SER,-0.8,89.0,0.0,1,1,X,0.0,0.0,0.0,0.0,0.0,0.0,0.0,0.0,32,0.04709369898129325,18,21,-3,0,0,0,0,0,0,0,0,1,0
1d6z,A,562,THR,-0.7,116.1,0.0,1,1,X,0.0,0.0,0.0,0.0,0.0,0.0,0.0,0.0,30,0.056419183928083996,28,14,14,0,0,0,0,0,0,0,0,1,0
1d6z,A,563,MET,1.9,162.9,0.0,0,0,X,0.0,0.0,0.0,0.0,0.0,0.0,0.0,0.0,39,0.05035761871267001,34,13,21,0,0,0,0,0,0,0,0,1,0
1d6z,A,564,GLN,-3.5,143.8,0.0,2,2,X,0.0,0.0,0.0,0.0,0.0,0.0,0.0,0.0,27,0.045228601991935104,23,12,11,0,0,0,0,0,0,0,0,1,0
1d6z,A,565,VAL,4.2,140.0,0.0,0,0,X,0.0,0.0,0.0,0.0,0.0,0.0,0.0,0.0,31,0.03963331102386066,18,8,10,0,0,0,0,0,0,0,0,1,0
1d6z,A,566,ASN,-3.5,114.1,0.0,2,2,X,0.0,0.0,0.0,0.0,0.0,0.0,0.0,0.0,18,0.0363693912924839,10,8,2,0,0,0,0,0,0,0,0,1,0
1d6z,A,567,GLN,-3.5,143.8,0.0,2,2,X,0.0,0.0,0.0,0.0,0.0,0.0,0.0,0.0,23,0.032172923066428064,3,8,-5,0,0,0,0,0,0,0,0,1,0
1d6z,A,568,TYR,-1.3,193.6,0.0,1,1,X,0.0,0.0,0.0,0.0,0.0,0.0,0.0,0.0,19,0.029375277582390842,10,11,-1,0,0,0,0,0,0,0,0,1,0
1d6z,A,569,ASN,-3.5,114.1,0.0,2,2,X,0.0,0.0,0.0,0.0,0.0,0.0,0.0,0.0,22,0.03124037457174899,2,10,-8,0,0,0,0,0,0,0,0,1,0
1d6z,A,570,ILE,4.5,166.7,0.0,0,0,X,0.0,0.0,0.0,0.0,0.0,0.0,0.0,0.0,32,0.040565859518539735,9,22,-13,0,0,0,0,0,0,0,0,1,0
1d6z,A,571,GLY,-0.4,60.1,0.0,0,0,X,0.0,0.0,0.0,0.0,0.0,0.0,0.0,0.0,25,0.03683566553982344,3,30,-27,0,0,0,0,0,0,0,0,1,0
1d6z,A,572,ASN,-3.5,114.1,0.0,2,2,X,0.0,0.0,0.0,0.0,0.0,0.0,0.0,0.0,22,0.03963331102386066,5,37,-32,0,0,0,0,0,0,0,0,1,0
1d6z,A,573,GLU,-3.5,138.4,-1.0,1,3,X,0.0,0.0,0.0,0.0,0.0,0.0,0.0,0.0,34,0.05548663543340492,20,30,-10,0,0,0,0,0,0,0,0,1,0
1d6z,A,574,GLN,-3.5,143.8,0.0,2,2,X,0.0,0.0,0.0,0.0,0.0,0.0,0.0,0.0,24,0.03683566553982344,11,31,-20,0,0,0,0,0,0,0,0,1,0
1d6z,A,575,ASP,-3.5,111.1,-1.0,1,3,X,0.0,0.0,0.0,0.0,0.0,0.0,0.0,0.0,23,0.032172923066428064,5,12,-7,0,0,0,0,0,0,0,0,1,0
1d6z,A,576,ALA,1.8,88.6,0.0,0,0,X,0.0,0.0,0.0,0.0,0.0,0.0,0.0,0.0,36,0.045228601991935104,19,20,-1,0,0,0,0,0,0,0,0,1,0
1d6z,A,577,ALA,1.8,88.6,0.0,0,0,X,0.0,0.0,0.0,0.0,0.0,0.0,0.0,0.0,28,0.043363505002576956,21,22,-1,0,0,0,0,0,0,0,0,1,0
1d6z,A,578,GLN,-3.5,143.8,0.0,2,2,X,0.0,0.0,0.0,0.0,0.0,0.0,0.0,0.0,28,0.03916703677652112,27,19,8,0,0,0,0,0,0,0,0,1,0
1d6z,A,579,LYS,-3.9,168.6,1.0,2,0,X,0.0,0.0,0.0,0.0,0.0,0.0,0.0,0.0,24,0.030307826077069916,21,17,4,0,0,0,0,0,0,0,0,1,0
1d6z,A,580,PHE,2.8,189.9,0.0,0,0,X,0.0,0.0,0.0,0.0,0.0,0.0,0.0,0.0,32,0.04243095650789788,28,9,19,0,0,0,0,0,0,0,0,1,0
1d6z,A,581,ASP,-3.5,111.1,-1.0,1,3,X,0.0,0.0,0.0,0.0,0.0,0.0,0.0,0.0,21,0.029375277582390842,24,7,17,0,0,0,0,0,0,0,0,1,0
1d6z,A,582,PRO,-1.6,112.7,0.0,0,0,X,0.0,0.0,0.0,0.0,0.0,0.0,0.0,0.0,28,0.040565859518539735,25,9,16,0,0,0,0,0,0,0,0,1,0
1d6z,A,583,GLY,-0.4,60.1,0.0,0,0,X,0.0,0.0,0.0,0.0,0.0,0.0,0.0,0.0,28,0.04149840801321881,26,16,10,0,0,0,0,0,0,0,0,1,0
1d6z,A,584,THR,-0.7,116.1,0.0,1,1,X,0.0,0.0,0.0,0.0,0.0,0.0,0.0,0.0,34,0.043829779249916496,21,16,5,0,0,0,0,0,0,0,0,1,0
1d6z,A,585,ILE,4.5,166.7,0.0,0,0,X,0.0,0.0,0.0,0.0,0.0,0.0,0.0,0.0,40,0.04942507021799094,19,16,3,0,0,0,0,0,0,0,0,1,0
1d6z,A,586,ARG,-4.5,173.4,1.0,5,0,X,0.0,0.0,0.0,0.0,0.0,0.0,0.0,0.0,37,0.048958795970651406,4,17,-13,0,0,0,0,0,0,0,0,1,0
1d6z,A,587,LEU,3.8,166.7,0.0,0,0,X,0.0,0.0,0.0,0.0,0.0,0.0,0.0,0.0,35,0.04989134446533048,16,2,14,0,0,0,0,0,0,0,0,1,0
1d6z,A,588,LEU,3.8,166.7,0.0,0,0,X,0.0,0.0,0.0,0.0,0.0,0.0,0.0,0.0,44,0.04662742473395372,10,18,-8,0,0,0,0,0,0,0,0,1,0
1d6z,A,589,SER,-0.8,89.0,0.0,1,1,X,0.0,0.0,0.0,0.0,0.0,0.0,0.0,0.0,42,0.04616115048661418,10,16,-6,0,0,0,0,0,0,0,0,1,0
1d6z,A,590,ASN,-3.5,114.1,0.0,2,2,X,0.0,0.0,0.0,0.0,0.0,0.0,0.0,0.0,32,0.053155264196707235,14,28,-14,0,0,0,0,0,0,0,0,1,0
1d6z,A,591,PRO,-1.6,112.7,0.0,0,0,X,0.0,0.0,0.0,0.0,0.0,0.0,0.0,0.0,25,0.03823448828184205,8,22,-14,0,0,0,0,0,0,0,0,1,0
1d6z,A,592,ASN,-3.5,114.1,0.0,2,2,X,0.0,0.0,0.0,0.0,0.0,0.0,0.0,0.0,18,0.025645083603674543,9,23,-14,0,0,0,0,0,0,0,0,1,0
1d6z,A,593,LYS,-3.9,168.6,1.0,2,0,X,0.0,0.0,0.0,0.0,0.0,0.0,0.0,0.0,24,0.03357174580844668,11,22,-11,0,0,0,0,0,0,0,0,1,0
1d6z,A,594,GLU,-3.5,138.4,-1.0,1,3,X,0.0,0.0,0.0,0.0,0.0,0.0,0.0,0.0,23,0.040565859518539735,24,6,18,0,0,0,0,0,0,0,0,1,0
1d6z,A,595,ASN,-3.5,114.1,0.0,2,2,X,0.0,0.0,0.0,0.0,0.0,0.0,0.0,0.0,31,0.043829779249916496,35,33,2,0,0,0,0,0,0,0,0,1,0
1d6z,A,596,ARG,-4.5,173.4,1.0,5,0,X,0.0,0.0,0.0,0.0,0.0,0.0,0.0,0.0,22,0.032639197313767604,22,30,-8,0,0,0,0,0,0,0,0,1,0
1d6z,A,597,MET,1.9,162.9,0.0,0,0,X,0.0,0.0,0.0,0.0,0.0,0.0,0.0,0.0,34,0.050823892960009553,42,32,10,0,0,0,0,0,0,0,0,1,0
1d6z,A,598,GLY,-0.4,60.1,0.0,0,0,X,0.0,0.0,0.0,0.0,0.0,0.0,0.0,0.0,31,0.03963331102386066,31,23,8,0,0,0,0,0,0,0,0,1,0
1d6z,A,599,ASN,-3.5,114.1,0.0,2,2,X,0.0,0.0,0.0,0.0,0.0,0.0,0.0,0.0,34,0.04149840801321881,25,19,6,0,0,0,0,0,0,0,0,1,0
1d6z,A,600,PRO,-1.6,112.7,0.0,0,0,X,0.0,0.0,0.0,0.0,0.0,0.0,0.0,0.0,35,0.04429605349725603,14,13,1,0,0,0,0,0,0,0,0,1,0
1d6z,A,601,VAL,4.2,140.0,0.0,0,0,X,0.0,0.0,0.0,0.0,0.0,0.0,0.0,0.0,36,0.05688545817542354,21,27,-6,0,0,0,0,0,0,0,0,1,0
1d6z,A,602,SER,-0.8,89.0,0.0,1,1,X,0.0,0.0,0.0,0.0,0.0,0.0,0.0,0.0,39,0.05548663543340492,24,18,6,0,0,0,0,0,0,0,0,1,0
1d6z,A,603,TYR,-1.3,193.6,0.0,1,1,X,0.0,0.0,0.0,0.0,0.0,0.0,0.0,0.0,37,0.05455408693872585,21,14,7,0,0,0,0,0,0,0,0,1,0
1d6z,A,604,GLN,-3.5,143.8,0.0,2,2,X,0.0,0.0,0.0,0.0,0.0,0.0,0.0,0.0,40,0.050823892960009553,32,8,24,0,0,0,0,0,0,0,0,1,0
1d6z,A,605,ILE,4.5,166.7,0.0,0,0,X,0.0,0.0,0.0,0.0,0.0,0.0,0.0,0.0,40,0.04755997322863279,17,1,16,0,0,0,0,0,0,0,0,1,0
1d6z,A,606,ILE,4.5,166.7,0.0,0,0,X,0.0,0.0,0.0,0.0,0.0,0.0,0.0,0.0,39,0.04476232774459557,26,4,22,0,0,0,0,0,0,0,0,1,0
1d6z,A,607,PRO,-1.6,112.7,0.0,0,0,X,0.0,0.0,0.0,0.0,0.0,0.0,0.0,0.0,37,0.04709369898129325,19,4,15,0,0,0,0,0,0,0,0,1,0
1d6z,A,608,TYR,-1.3,193.6,0.0,1,1,X,0.0,0.0,0.0,0.0,0.0,0.0,0.0,0.0,28,0.04755997322863279,19,6,13,0,0,0,0,0,0,0,0,1,0
1d6z,A,609,ALA,1.8,88.6,0.0,0,0,X,0.0,0.0,0.0,0.0,0.0,0.0,0.0,0.0,26,0.04662742473395372,27,6,21,0,0,0,0,0,0,0,0,1,0
1d6z,A,610,GLY,-0.4,60.1,0.0,0,0,X,0.0,0.0,0.0,0.0,0.0,0.0,0.0,0.0,24,0.04243095650789788,26,8,18,0,0,0,0,0,0,0,0,1,0
1d6z,A,611,GLY,-0.4,60.1,0.0,0,0,X,0.0,0.0,0.0,0.0,0.0,0.0,0.0,0.0,28,0.04289723075523742,34,12,22,0,0,0,0,0,0,0,0,1,0
1d6z,A,612,THR,-0.7,116.1,0.0,1,1,X,0.0,0.0,0.0,0.0,0.0,0.0,0.0,0.0,35,0.03963331102386066,45,11,34,0,0,0,0,0,0,0,0,1,0
1d6z,A,613,HIS,-3.2,153.2,0.1,2,1,X,0.0,0.0,0.0,0.0,0.0,0.0,0.0,0.0,39,0.04476232774459557,38,15,23,0,0,0,0,0,0,0,0,1,0
1d6z,A,614,PRO,-1.6,112.7,0.0,0,0,X,0.0,0.0,0.0,0.0,0.0,0.0,0.0,0.0,40,0.04755997322863279,40,15,25,0,0,0,0,0,0,0,0,1,0
1d6z,A,615,VAL,4.2,140.0,0.0,0,0,X,0.0,0.0,0.0,0.0,0.0,0.0,0.0,0.0,35,0.04289723075523742,26,8,18,0,0,0,0,0,0,0,0,1,0
1d6z,A,616,ALA,1.8,88.6,0.0,0,0,X,0.0,0.0,0.0,0.0,0.0,0.0,0.0,0.0,34,0.04289723075523742,31,12,19,0,0,0,0,0,0,0,0,1,0
1d6z,A,617,LYS,-3.9,168.6,1.0,2,0,X,0.0,0.0,0.0,0.0,0.0,0.0,0.0,0.0,24,0.03357174580844668,12,18,-6,0,0,0,0,0,0,0,0,1,0
1d6z,A,618,GLY,-0.4,60.1,0.0,0,0,X,0.0,0.0,0.0,0.0,0.0,0.0,0.0,0.0,32,0.03870076252918159,27,8,19,0,0,0,0,0,0,0,0,1,0
1d6z,A,619,ALA,1.8,88.6,0.0,0,0,X,0.0,0.0,0.0,0.0,0.0,0.0,0.0,0.0,36,0.04196468226055834,24,13,11,0,0,0,0,0,0,0,0,1,0
1d6z,A,620,GLN,-3.5,143.8,0.0,2,2,X,0.0,0.0,0.0,0.0,0.0,0.0,0.0,0.0,37,0.03823448828184205,22,12,10,0,0,0,0,0,0,0,0,1,0
1d6z,A,621,PHE,2.8,189.9,0.0,0,0,X,0.0,0.0,0.0,0.0,0.0,0.0,0.0,0.0,37,0.048492521723311866,19,23,-4,0,0,0,0,0,0,0,0,1,0
1d6z,A,622,ALA,1.8,88.6,0.0,0,0,X,0.0,0.0,0.0,0.0,0.0,0.0,0.0,0.0,23,0.0363693912924839,17,21,-4,0,0,0,0,0,0,0,0,1,0
1d6z,A,623,PRO,-1.6,112.7,0.0,0,0,X,0.0,0.0,0.0,0.0,0.0,0.0,0.0,0.0,15,0.026577632098353617,9,21,-12,0,0,0,0,0,0,0,0,1,0
1d6z,A,624,ASP,-3.5,111.1,-1.0,1,3,X,0.0,0.0,0.0,0.0,0.0,0.0,0.0,0.0,17,0.03170664881908853,17,9,8,0,0,0,0,0,0,0,0,1,0
1d6z,A,625,GLU,-3.5,138.4,-1.0,1,3,X,0.0,0.0,0.0,0.0,0.0,0.0,0.0,0.0,29,0.04709369898129325,26,8,18,0,0,0,0,0,0,0,0,1,0
1d6z,A,626,TRP,-0.9,227.8,0.0,1,0,X,0.0,0.0,0.0,0.0,0.0,0.0,0.0,0.0,26,0.045228601991935104,40,29,11,0,0,0,0,0,0,0,0,1,0
1d6z,A,627,ILE,4.5,166.7,0.0,0,0,X,0.0,0.0,0.0,0.0,0.0,0.0,0.0,0.0,42,0.045228601991935104,33,19,14,0,0,0,0,0,0,0,0,1,0
1d6z,A,628,TYR,-1.3,193.6,0.0,1,1,X,0.0,0.0,0.0,0.0,0.0,0.0,0.0,0.0,26,0.04989134446533048,22,28,-6,0,0,0,0,0,0,0,0,1,0
1d6z,A,629,HIS,-3.2,153.2,0.1,2,1,X,0.0,0.0,0.0,0.0,0.0,0.0,0.0,0.0,18,0.04149840801321881,21,19,2,0,0,0,0,0,0,0,0,1,0
1d6z,A,630,ARG,-4.5,173.4,1.0,5,0,X,0.0,0.0,0.0,0.0,0.0,0.0,0.0,0.0,32,0.04709369898129325,26,24,2,0,0,0,0,0,0,0,0,1,0
1d6z,A,631,LEU,3.8,166.7,0.0,0,0,X,0.0,0.0,0.0,0.0,0.0,0.0,0.0,0.0,39,0.05129016720734909,27,25,2,0,0,0,0,0,0,0,0,1,0
1d6z,A,632,SER,-0.8,89.0,0.0,1,1,X,0.0,0.0,0.0,0.0,0.0,0.0,0.0,0.0,36,0.048492521723311866,29,22,7,0,0,0,0,0,0,0,0,1,0
1d6z,A,633,PHE,2.8,189.9,0.0,0,0,X,0.0,0.0,0.0,0.0,0.0,0.0,0.0,0.0,41,0.04662742473395372,15,22,-7,0,0,0,0,0,0,0,0,1,0
1d6z,A,634,MET,1.9,162.9,0.0,0,0,X,0.0,0.0,0.0,0.0,0.0,0.0,0.0,0.0,39,0.050823892960009553,28,13,15,0,0,0,0,0,0,0,0,1,0
1d6z,A,635,ASP,-3.5,111.1,-1.0,1,3,X,0.0,0.0,0.0,0.0,0.0,0.0,0.0,0.0,26,0.04289723075523742,25,0,25,0,0,0,0,0,0,0,0,1,0
1d6z,A,636,LYS,-3.9,168.6,1.0,2,0,X,0.0,0.0,0.0,0.0,0.0,0.0,0.0,0.0,32,0.045694876239274644,13,11,2,0,0,0,0,0,0,0,0,1,0
1d6z,A,637,GLN,-3.5,143.8,0.0,2,2,X,0.0,0.0,0.0,0.0,0.0,0.0,0.0,0.0,34,0.05222271570202816,25,13,12,0,0,0,0,0,0,0,0,1,0
1d6z,A,638,LEU,3.8,166.7,0.0,0,0,X,0.0,0.0,0.0,0.0,0.0,0.0,0.0,0.0,37,0.053155264196707235,27,10,17,0,0,0,0,0,0,0,0,1,0
1d6z,A,639,TRP,-0.9,227.8,0.0,1,0,X,0.0,0.0,0.0,0.0,0.0,0.0,0.0,0.0,40,0.05129016720734909,15,20,-5,0,0,0,0,0,0,0,0,1,0
1d6z,A,640,VAL,4.2,140.0,0.0,0,0,X,0.0,0.0,0.0,0.0,0.0,0.0,0.0,0.0,43,0.04662742473395372,10,26,-16,0,0,0,0,0,0,0,0,1,0
1d6z,A,641,THR,-0.7,116.1,0.0,1,1,X,0.0,0.0,0.0,0.0,0.0,0.0,0.0,0.0,37,0.056419183928083996,32,46,-14,0,0,0,0,0,0,0,0,1,0
1d6z,A,642,ARG,-4.5,173.4,1.0,5,0,X,0.0,0.0,0.0,0.0,0.0,0.0,0.0,0.0,29,0.04755997322863279,11,46,-35,0,0,0,0,0,0,0,0,1,0
1d6z,A,643,TYR,-1.3,193.6,0.0,1,1,X,0.0,0.0,0.0,0.0,0.0,0.0,0.0,0.0,29,0.04476232774459557,44,52,-8,0,0,0,0,0,0,0,0,1,0
1d6z,A,644,HIS,-3.2,153.2,0.1,2,1,X,0.0,0.0,0.0,0.0,0.0,0.0,0.0,0.0,23,0.030774100324409453,25,33,-8,0,0,0,0,0,0,0,0,1,0
1d6z,A,645,PRO,-1.6,112.7,0.0,0,0,X,0.0,0.0,0.0,0.0,0.0,0.0,0.0,0.0,21,0.030307826077069916,36,27,9,0,0,0,0,0,0,0,0,1,0
1d6z,A,646,GLY,-0.4,60.1,0.0,0,0,X,0.0,0.0,0.0,0.0,0.0,0.0,0.0,0.0,22,0.02797645484037223,36,15,21,0,0,0,0,0,0,0,0,1,0
1d6z,A,647,GLU,-3.5,138.4,-1.0,1,3,X,0.0,0.0,0.0,0.0,0.0,0.0,0.0,0.0,24,0.04103213376587927,39,7,32,0,0,0,0,0,0,0,0,1,0
1d6z,A,648,ARG,-4.5,173.4,1.0,5,0,X,0.0,0.0,0.0,0.0,0.0,0.0,0.0,0.0,35,0.043829779249916496,32,28,4,0,0,0,0,0,0,0,0,1,0
1d6z,A,649,PHE,2.8,189.9,0.0,0,0,X,0.0,0.0,0.0,0.0,0.0,0.0,0.0,0.0,35,0.050823892960009553,42,20,22,0,0,0,0,0,0,0,0,1,0
1d6z,A,650,PRO,-1.6,112.7,0.0,0,0,X,0.0,0.0,0.0,0.0,0.0,0.0,0.0,0.0,43,0.05595290968074446,26,22,4,0,0,0,0,0,0,0,0,1,0
1d6z,A,651,GLU,-3.5,138.4,-1.0,1,3,X,0.0,0.0,0.0,0.0,0.0,0.0,0.0,0.0,39,0.05781800667010261,28,18,10,0,0,0,0,0,0,0,0,1,0
1d6z,A,652,GLY,-0.4,60.1,0.0,0,0,X,0.0,0.0,0.0,0.0,0.0,0.0,0.0,0.0,35,0.04989134446533048,34,28,6,0,0,0,0,0,0,0,0,1,0
1d6z,A,653,LYS,-3.9,168.6,1.0,2,0,X,0.0,0.0,0.0,0.0,0.0,0.0,0.0,0.0,30,0.03776821403450251,18,29,-11,0,0,0,0,0,0,0,0,1,0
1d6z,A,654,TYR,-1.3,193.6,0.0,1,1,X,0.0,0.0,0.0,0.0,0.0,0.0,0.0,0.0,34,0.04289723075523742,36,25,11,0,0,0,0,0,0,0,0,1,0
1d6z,A,655,PRO,-1.6,112.7,0.0,0,0,X,0.0,0.0,0.0,0.0,0.0,0.0,0.0,0.0,37,0.045694876239274644,43,25,18,0,0,0,0,0,0,0,0,1,0
1d6z,A,656,ASN,-3.5,114.1,0.0,2,2,X,0.0,0.0,0.0,0.0,0.0,0.0,0.0,0.0,36,0.045228601991935104,43,13,30,0,0,0,0,0,0,0,0,1,0
1d6z,A,657,ARG,-4.5,173.4,1.0,5,0,X,0.0,0.0,0.0,0.0,0.0,0.0,0.0,0.0,31,0.045694876239274644,34,19,15,0,0,0,0,0,0,0,0,1,0
1d6z,A,658,SER,-0.8,89.0,0.0,1,1,X,0.0,0.0,0.0,0.0,0.0,0.0,0.0,0.0,29,0.04709369898129325,55,22,33,0,0,0,0,0,0,0,0,1,0
1d6z,A,659,THR,-0.7,116.1,0.0,1,1,X,0.0,0.0,0.0,0.0,0.0,0.0,0.0,0.0,22,0.03963331102386066,44,20,24,0,0,0,0,0,0,0,0,1,0
1d6z,A,660,HIS,-3.2,153.2,0.1,2,1,X,0.0,0.0,0.0,0.0,0.0,0.0,0.0,0.0,23,0.03357174580844668,27,12,15,0,0,0,0,0,0,0,0,1,0
1d6z,A,661,ASP,-3.5,111.1,-1.0,1,3,X,0.0,0.0,0.0,0.0,0.0,0.0,0.0,0.0,28,0.04476232774459557,38,8,30,0,0,0,0,0,0,0,0,1,0
1d6z,A,662,THR,-0.7,116.1,0.0,1,1,X,0.0,0.0,0.0,0.0,0.0,0.0,0.0,0.0,28,0.03963331102386066,34,23,11,0,0,0,0,0,0,0,0,1,0
1d6z,A,663,GLY,-0.4,60.1,0.0,0,0,X,0.0,0.0,0.0,0.0,0.0,0.0,0.0,0.0,32,0.05175644145468863,33,27,6,0,0,0,0,0,0,0,0,1,0
1d6z,A,664,LEU,3.8,166.7,0.0,0,0,X,0.0,0.0,0.0,0.0,0.0,0.0,0.0,0.0,41,0.053621538444046775,23,36,-13,0,0,0,0,0,0,0,0,1,0
1d6z,A,665,GLY,-0.4,60.1,0.0,0,0,X,0.0,0.0,0.0,0.0,0.0,0.0,0.0,0.0,30,0.04196468226055834,28,31,-3,0,0,0,0,0,0,0,0,1,0
1d6z,A,666,GLN,-3.5,143.8,0.0,2,2,X,0.0,0.0,0.0,0.0,0.0,0.0,0.0,0.0,28,0.03730193978716297,26,31,-5,0,0,0,0,0,0,0,0,1,0
1d6z,A,667,TYR,-1.3,193.6,0.0,1,1,X,0.0,0.0,0.0,0.0,0.0,0.0,0.0,0.0,34,0.045694876239274644,35,34,1,0,0,0,0,0,0,0,0,1,0
1d6z,A,668,SER,-0.8,89.0,0.0,1,1,X,0.0,0.0,0.0,0.0,0.0,0.0,0.0,0.0,29,0.04662742473395372,18,40,-22,0,0,0,0,0,0,0,0,1,0
1d6z,A,669,LYS,-3.9,168.6,1.0,2,0,X,0.0,0.0,0.0,0.0,0.0,0.0,0.0,0.0,16,0.02984155182973038,0,30,-30,0,0,0,0,0,0,0,0,1,0
1d6z,A,670,ASP,-3.5,111.1,-1.0,1,3,X,0.0,0.0,0.0,0.0,0.0,0.0,0.0,0.0,19,0.028909003335051305,23,21,2,0,0,0,0,0,0,0,0,1,0
1d6z,A,671,ASN,-3.5,114.1,0.0,2,2,X,0.0,0.0,0.0,0.0,0.0,0.0,0.0,0.0,20,0.035436842797804825,12,34,-22,0,0,0,0,0,0,0,0,1,0
1d6z,A,672,GLU,-3.5,138.4,-1.0,1,3,X,0.0,0.0,0.0,0.0,0.0,0.0,0.0,0.0,23,0.03870076252918159,22,24,-2,0,0,0,0,0,0,0,0,1,0
1d6z,A,673,SER,-0.8,89.0,0.0,1,1,X,0.0,0.0,0.0,0.0,0.0,0.0,0.0,0.0,24,0.03590311704514436,13,39,-26,0,0,0,0,0,0,0,0,1,0
1d6z,A,674,LEU,3.8,166.7,0.0,0,0,X,0.0,0.0,0.0,0.0,0.0,0.0,0.0,0.0,34,0.05129016720734909,11,41,-30,0,0,0,0,0,0,0,0,1,0
1d6z,A,675,ASP,-3.5,111.1,-1.0,1,3,X,0.0,0.0,0.0,0.0,0.0,0.0,0.0,0.0,23,0.03450429430312575,5,9,-4,0,0,0,0,0,0,0,0,1,0
1d6z,A,676,ASN,-3.5,114.1,0.0,2,2,X,0.0,0.0,0.0,0.0,0.0,0.0,0.0,0.0,21,0.03683566553982344,5,23,-18,0,0,0,0,0,0,0,0,1,0
1d6z,A,677,THR,-0.7,116.1,0.0,1,1,X,0.0,0.0,0.0,0.0,0.0,0.0,0.0,0.0,31,0.04103213376587927,14,37,-23,0,0,0,0,0,0,0,0,1,0
1d6z,A,678,ASP,-3.5,111.1,-1.0,1,3,X,0.0,0.0,0.0,0.0,0.0,0.0,0.0,0.0,32,0.048492521723311866,30,30,0,0,0,0,0,0,0,0,0,1,0
1d6z,A,679,ALA,1.8,88.6,0.0,0,0,X,0.0,0.0,0.0,0.0,0.0,0.0,0.0,0.0,39,0.05595290968074446,26,42,-16,0,0,0,0,0,0,0,0,1,0
1d6z,A,680,VAL,4.2,140.0,0.0,0,0,X,0.0,0.0,0.0,0.0,0.0,0.0,0.0,0.0,38,0.050823892960009553,38,42,-4,0,0,0,0,0,0,0,0,1,0
1d6z,A,681,VAL,4.2,140.0,0.0,0,0,X,0.0,0.0,0.0,0.0,0.0,0.0,0.0,0.0,42,0.050823892960009553,17,16,1,0,0,0,0,0,0,0,0,1,0
1d6z,A,682,TRP,-0.9,227.8,0.0,1,0,X,0.0,0.0,0.0,0.0,0.0,0.0,0.0,0.0,42,0.053155264196707235,25,19,6,0,0,0,0,0,0,0,0,1,0
1d6z,A,683,MET,1.9,162.9,0.0,0,0,X,0.0,0.0,0.0,0.0,0.0,0.0,0.0,0.0,40,0.0526889899493677,12,1,11,0,0,0,0,0,0,0,0,1,0
1d6z,A,684,THR,-0.7,116.1,0.0,1,1,X,0.0,0.0,0.0,0.0,0.0,0.0,0.0,0.0,44,0.05129016720734909,24,5,19,0,0,0,0,0,0,0,0,1,0
1d6z,A,685,THR,-0.7,116.1,0.0,1,1,X,0.0,0.0,0.0,0.0,0.0,0.0,0.0,0.0,42,0.050823892960009553,20,4,16,0,0,0,0,0,0,0,0,1,0
1d6z,A,686,GLY,-0.4,60.1,0.0,0,0,X,0.0,0.0,0.0,0.0,0.0,0.0,0.0,0.0,42,0.04476232774459557,34,1,33,0,0,0,0,0,0,0,0,1,0
1d6z,A,687,THR,-0.7,116.1,0.0,1,1,X,0.0,0.0,0.0,0.0,0.0,0.0,0.0,0.0,40,0.045694876239274644,46,7,39,0,0,0,0,0,0,0,0,1,0
1d6z,A,688,THR,-0.7,116.1,0.0,1,1,X,0.0,0.0,0.0,0.0,0.0,0.0,0.0,0.0,38,0.05035761871267001,46,2,44,0,0,0,0,0,0,0,0,1,0
1d6z,A,689,HIS,-3.2,153.2,0.1,2,1,X,0.0,0.0,0.0,0.0,0.0,0.0,0.0,0.0,40,0.045694876239274644,42,23,19,0,0,0,0,0,0,0,0,1,0
1d6z,A,690,VAL,4.2,140.0,0.0,0,0,X,0.0,0.0,0.0,0.0,0.0,0.0,0.0,0.0,42,0.04616115048661418,43,14,29,0,0,0,0,0,0,0,0,1,0
1d6z,A,691,ALA,1.8,88.6,0.0,0,0,X,0.0,0.0,0.0,0.0,0.0,0.0,0.0,0.0,37,0.050823892960009553,39,30,9,0,0,0,0,0,0,0,0,1,0
1d6z,A,692,ARG,-4.5,173.4,1.0,5,0,X,0.0,0.0,0.0,0.0,0.0,0.0,0.0,0.0,38,0.04989134446533048,25,37,-12,0,0,0,0,0,0,0,0,1,0
1d6z,A,693,ALA,1.8,88.6,0.0,0,0,X,0.0,0.0,0.0,0.0,0.0,0.0,0.0,0.0,36,0.05735173242276307,24,48,-24,0,0,0,0,0,0,0,0,1,0
1d6z,A,694,GLU,-3.5,138.4,-1.0,1,3,X,0.0,0.0,0.0,0.0,0.0,0.0,0.0,0.0,42,0.05548663543340492,24,33,-9,0,0,0,0,0,0,0,0,1,0
1d6z,A,695,GLU,-3.5,138.4,-1.0,1,3,X,0.0,0.0,0.0,0.0,0.0,0.0,0.0,0.0,41,0.053155264196707235,33,35,-2,0,0,0,0,0,0,0,0,1,0
1d6z,A,696,TRP,-0.9,227.8,0.0,1,0,X,0.0,0.0,0.0,0.0,0.0,0.0,0.0,0.0,44,0.0526889899493677,31,43,-12,0,0,0,0,0,0,0,0,1,0
1d6z,A,697,PRO,-1.6,112.7,0.0,0,0,X,0.0,0.0,0.0,0.0,0.0,0.0,0.0,0.0,41,0.05222271570202816,25,46,-21,0,0,0,0,0,0,0,0,1,0
1d6z,A,698,ILE,4.5,166.7,0.0,0,0,X,0.0,0.0,0.0,0.0,0.0,0.0,0.0,0.0,38,0.05735173242276307,22,46,-24,0,0,0,0,0,0,0,0,1,0
1d6z,A,699,MET,1.9,162.9,0.0,0,0,X,0.0,0.0,0.0,0.0,0.0,0.0,0.0,0.0,42,0.05408781269138631,46,50,-4,0,0,0,0,0,0,0,0,1,0
1d6z,A,700,PRO,-1.6,112.7,0.0,0,0,X,0.0,0.0,0.0,0.0,0.0,0.0,0.0,0.0,40,0.05222271570202816,36,44,-8,0,0,0,0,0,0,0,0,1,0
1d6z,A,701,THR,-0.7,116.1,0.0,1,1,X,0.0,0.0,0.0,0.0,0.0,0.0,0.0,0.0,39,0.048492521723311866,34,36,-2,0,0,0,0,0,0,0,0,1,0
1d6z,A,702,GLU,-3.5,138.4,-1.0,1,3,X,0.0,0.0,0.0,0.0,0.0,0.0,0.0,0.0,41,0.043829779249916496,46,16,30,0,0,0,0,0,0,0,0,1,0
1d6z,A,703,TRP,-0.9,227.8,0.0,1,0,X,0.0,0.0,0.0,0.0,0.0,0.0,0.0,0.0,35,0.04243095650789788,32,31,1,0,0,0,0,0,0,0,0,1,0
1d6z,A,704,VAL,4.2,140.0,0.0,0,0,X,0.0,0.0,0.0,0.0,0.0,0.0,0.0,0.0,36,0.050823892960009553,24,20,4,0,0,0,0,0,0,0,0,1,0
1d6z,A,705,HIS,-3.2,153.2,0.1,2,1,X,0.0,0.0,0.0,0.0,0.0,0.0,0.0,0.0,31,0.043829779249916496,4,18,-14,0,0,0,0,0,0,0,0,1,0
1d6z,A,706,THR,-0.7,116.1,0.0,1,1,X,0.0,0.0,0.0,0.0,0.0,0.0,0.0,0.0,34,0.04709369898129325,16,13,3,0,0,0,0,0,0,0,0,1,0
1d6z,A,707,LEU,3.8,166.7,0.0,0,0,X,0.0,0.0,0.0,0.0,0.0,0.0,0.0,0.0,35,0.04942507021799094,31,11,20,0,0,0,0,0,0,0,0,1,0
1d6z,A,708,LEU,3.8,166.7,0.0,0,0,X,0.0,0.0,0.0,0.0,0.0,0.0,0.0,0.0,37,0.048492521723311866,20,0,20,0,0,0,0,0,0,0,0,1,0
1d6z,A,709,LYS,-3.9,168.6,1.0,2,0,X,0.0,0.0,0.0,0.0,0.0,0.0,0.0,0.0,36,0.04942507021799094,27,20,7,0,0,0,0,0,0,0,0,1,0
1d6z,A,710,PRO,-1.6,112.7,0.0,0,0,X,0.0,0.0,0.0,0.0,0.0,0.0,0.0,0.0,38,0.053155264196707235,28,24,4,0,0,0,0,0,0,0,0,1,0
1d6z,A,711,TRP,-0.9,227.8,0.0,1,0,X,0.0,0.0,0.0,0.0,0.0,0.0,0.0,0.0,37,0.05548663543340492,28,16,12,0,0,0,0,0,0,0,0,1,0
1d6z,A,712,ASN,-3.5,114.1,0.0,2,2,X,0.0,0.0,0.0,0.0,0.0,0.0,0.0,0.0,39,0.058284280917442144,23,35,-12,0,0,0,0,0,0,0,0,1,0
1d6z,A,713,PHE,2.8,189.9,0.0,0,0,X,0.0,0.0,0.0,0.0,0.0,0.0,0.0,0.0,41,0.05408781269138631,32,38,-6,0,0,0,0,0,0,0,0,1,0
1d6z,A,714,PHE,2.8,189.9,0.0,0,0,X,0.0,0.0,0.0,0.0,0.0,0.0,0.0,0.0,40,0.048492521723311866,26,44,-18,0,0,0,0,0,0,0,0,1,0
1d6z,A,715,ASP,-3.5,111.1,-1.0,1,3,X,0.0,0.0,0.0,0.0,0.0,0.0,0.0,0.0,29,0.045694876239274644,33,36,-3,0,0,0,0,0,0,0,0,1,0
1d6z,A,716,GLU,-3.5,138.4,-1.0,1,3,X,0.0,0.0,0.0,0.0,0.0,0.0,0.0,0.0,35,0.04662742473395372,28,33,-5,0,0,0,0,0,0,0,0,1,0
1d6z,A,717,THR,-0.7,116.1,0.0,1,1,X,0.0,0.0,0.0,0.0,0.0,0.0,0.0,0.0,35,0.0526889899493677,15,41,-26,0,0,0,0,0,0,0,0,1,0
1d6z,A,718,PRO,-1.6,112.7,0.0,0,0,X,0.0,0.0,0.0,0.0,0.0,0.0,0.0,0.0,35,0.04662742473395372,13,51,-38,0,0,0,0,0,0,0,0,1,0
1d6z,A,719,THR,-0.7,116.1,0.0,1,1,X,0.0,0.0,0.0,0.0,0.0,0.0,0.0,0.0,33,0.03776821403450251,28,37,-9,0,0,0,0,0,0,0,0,1,0
1d6z,A,720,LEU,3.8,166.7,0.0,0,0,X,0.0,0.0,0.0,0.0,0.0,0.0,0.0,0.0,35,0.03916703677652112,17,32,-15,0,0,0,0,0,0,0,0,1,0
1d6z,A,721,GLY,-0.4,60.1,0.0,0,0,X,0.0,0.0,0.0,0.0,0.0,0.0,0.0,0.0,28,0.03357174580844668,19,22,-3,0,0,0,0,0,0,0,0,1,0
1d6z,A,722,ALA,1.8,88.6,0.0,0,0,X,0.0,0.0,0.0,0.0,0.0,0.0,0.0,0.0,20,0.029375277582390842,22,15,7,0,0,0,0,0,0,0,0,1,0
1d6z,A,723,LEU,3.8,166.7,0.0,0,0,X,0.0,0.0,0.0,0.0,0.0,0.0,0.0,0.0,13,0.02797645484037223,25,12,13,0,0,0,0,0,0,0,0,1,0
1d6z,A,724,LYS,-3.9,168.6,1.0,2,0,X,0.0,0.0,0.0,0.0,0.0,0.0,0.0,0.0,10,0.02331371236697686,17,8,9,0,0,0,0,0,0,0,0,1,0
1d6z,B,6,HIS,-3.2,153.2,0.1,2,1,X,0.0,0.0,0.0,0.0,0.0,0.0,0.0,0.0,12,0.01678587290422334,1,8,-7,0,0,0,0,0,0,0,0,1,0
1d6z,B,7,MET,1.9,162.9,0.0,0,0,X,0.0,0.0,0.0,0.0,0.0,0.0,0.0,0.0,20,0.032639197313767604,16,8,8,0,0,0,0,0,0,0,0,1,0
1d6z,B,8,VAL,4.2,140.0,0.0,0,0,X,0.0,0.0,0.0,0.0,0.0,0.0,0.0,0.0,22,0.03683566553982344,25,14,11,0,0,0,0,0,0,0,0,1,0
1d6z,B,9,PRO,-1.6,112.7,0.0,0,0,X,0.0,0.0,0.0,0.0,0.0,0.0,0.0,0.0,21,0.03916703677652112,28,17,11,0,0,0,0,0,0,0,0,1,0
1d6z,B,10,MET,1.9,162.9,0.0,0,0,X,0.0,0.0,0.0,0.0,0.0,0.0,0.0,0.0,34,0.04755997322863279,24,13,11,0,0,0,0,0,0,0,0,1,0
1d6z,B,11,ASP,-3.5,111.1,-1.0,1,3,X,0.0,0.0,0.0,0.0,0.0,0.0,0.0,0.0,25,0.03590311704514436,26,11,15,0,0,0,0,0,0,0,0,1,0
1d6z,B,12,LYS,-3.9,168.6,1.0,2,0,X,0.0,0.0,0.0,0.0,0.0,0.0,0.0,0.0,16,0.030774100324409453,11,17,-6,0,0,0,0,0,0,0,0,1,0
1d6z,B,13,THR,-0.7,116.1,0.0,1,1,X,0.0,0.0,0.0,0.0,0.0,0.0,0.0,0.0,24,0.0363693912924839,18,22,-4,0,0,0,0,0,0,0,0,1,0
1d6z,B,14,LEU,3.8,166.7,0.0,0,0,X,0.0,0.0,0.0,0.0,0.0,0.0,0.0,0.0,30,0.04662742473395372,23,24,-1,0,0,0,0,0,0,0,0,1,0
1d6z,B,15,LYS,-3.9,168.6,1.0,2,0,X,0.0,0.0,0.0,0.0,0.0,0.0,0.0,0.0,18,0.034970568550465285,12,25,-13,0,0,0,0,0,0,0,0,1,0
1d6z,B,16,GLU,-3.5,138.4,-1.0,1,3,X,0.0,0.0,0.0,0.0,0.0,0.0,0.0,0.0,14,0.027043906345693154,19,5,14,0,0,0,0,0,0,0,0,1,0
1d6z,B,17,PHE,2.8,189.9,0.0,0,0,X,0.0,0.0,0.0,0.0,0.0,0.0,0.0,0.0,23,0.028909003335051305,23,21,2,0,0,0,0,0,0,0,0,1,0
1d6z,B,18,GLY,-0.4,60.1,0.0,0,0,X,0.0,0.0,0.0,0.0,0.0,0.0,0.0,0.0,23,0.03124037457174899,38,26,12,0,0,0,0,0,0,0,0,1,0
1d6z,B,19,ALA,1.8,88.6,0.0,0,0,X,0.0,0.0,0.0,0.0,0.0,0.0,0.0,0.0,24,0.04616115048661418,32,29,3,0,0,0,0,0,0,0,0,1,0
1d6z,B,20,ASP,-3.5,111.1,-1.0,1,3,X,0.0,0.0,0.0,0.0,0.0,0.0,0.0,0.0,25,0.03403802005578621,26,9,17,0,0,0,0,0,0,0,0,1,0
1d6z,B,21,VAL,4.2,140.0,0.0,0,0,X,0.0,0.0,0.0,0.0,0.0,0.0,0.0,0.0,24,0.04196468226055834,16,18,-2,0,0,0,0,0,0,0,0,1,0
1d6z,B,22,GLN,-3.5,143.8,0.0,2,2,X,0.0,0.0,0.0,0.0,0.0,0.0,0.0,0.0,24,0.03357174580844668,11,20,-9,0,0,0,0,0,0,0,0,1,0
1d6z,B,23,TRP,-0.9,227.8,0.0,1,0,X,0.0,0.0,0.0,0.0,0.0,0.0,0.0,0.0,22,0.03403802005578621,10,20,-10,0,0,0,0,0,0,0,0,1,0
1d6z,B,24,ASP,-3.5,111.1,-1.0,1,3,X,0.0,0.0,0.0,0.0,0.0,0.0,0.0,0.0,18,0.03683566553982344,20,8,12,0,0,0,0,0,0,0,0,1,0
1d6z,B,25,ASP,-3.5,111.1,-1.0,1,3,X,0.0,0.0,0.0,0.0,0.0,0.0,0.0,0.0,17,0.02797645484037223,7,8,-1,0,0,0,0,0,0,0,0,1,0
1d6z,B,26,TYR,-1.3,193.6,0.0,1,1,X,0.0,0.0,0.0,0.0,0.0,0.0,0.0,0.0,24,0.03403802005578621,19,16,3,0,0,0,0,0,0,0,0,1,0
1d6z,B,27,ALA,1.8,88.6,0.0,0,0,X,0.0,0.0,0.0,0.0,0.0,0.0,0.0,0.0,15,0.04103213376587927,25,21,4,0,0,0,0,0,0,0,0,1,0
1d6z,B,28,GLN,-3.5,143.8,0.0,2,2,X,0.0,0.0,0.0,0.0,0.0,0.0,0.0,0.0,15,0.040099585271200194,13,16,-3,0,0,0,0,0,0,0,0,1,0
1d6z,B,29,LEU,3.8,166.7,0.0,0,0,X,0.0,0.0,0.0,0.0,0.0,0.0,0.0,0.0,23,0.048958795970651406,25,20,5,0,0,0,0,0,0,0,0,1,0
1d6z,B,30,PHE,2.8,189.9,0.0,0,0,X,0.0,0.0,0.0,0.0,0.0,0.0,0.0,0.0,31,0.05035761871267001,17,20,-3,0,0,0,0,0,0,0,0,1,0
1d6z,B,31,THR,-0.7,116.1,0.0,1,1,X,0.0,0.0,0.0,0.0,0.0,0.0,0.0,0.0,28,0.04616115048661418,14,17,-3,0,0,0,0,0,0,0,0,1,0
1d6z,B,32,LEU,3.8,166.7,0.0,0,0,X,0.0,0.0,0.0,0.0,0.0,0.0,0.0,0.0,34,0.050823892960009553,19,13,6,0,0,0,0,0,0,0,0,1,0
1d6z,B,33,ILE,4.5,166.7,0.0,0,0,X,0.0,0.0,0.0,0.0,0.0,0.0,0.0,0.0,32,0.04476232774459557,22,22,0,0,0,0,0,0,0,0,0,1,0
1d6z,B,34,LYS,-3.9,168.6,1.0,2,0,X,0.0,0.0,0.0,0.0,0.0,0.0,0.0,0.0,32,0.03870076252918159,16,22,-6,0,0,0,0,0,0,0,0,1,0
1d6z,B,35,ASP,-3.5,111.1,-1.0,1,3,X,0.0,0.0,0.0,0.0,0.0,0.0,0.0,0.0,35,0.03916703677652112,28,10,18,0,0,0,0,0,0,0,0,1,0
1d6z,B,36,GLY,-0.4,60.1,0.0,0,0,X,0.0,0.0,0.0,0.0,0.0,0.0,0.0,0.0,33,0.04429605349725603,21,30,-9,0,0,0,0,0,0,0,0,1,0
1d6z,B,37,ALA,1.8,88.6,0.0,0,0,X,0.0,0.0,0.0,0.0,0.0,0.0,0.0,0.0,41,0.05035761871267001,19,32,-13,0,0,0,0,0,0,0,0,1,0
1d6z,B,38,TYR,-1.3,193.6,0.0,1,1,X,0.0,0.0,0.0,0.0,0.0,0.0,0.0,0.0,34,0.05129016720734909,18,30,-12,0,0,0,0,0,0,0,0,1,0
1d6z,B,39,VAL,4.2,140.0,0.0,0,0,X,0.0,0.0,0.0,0.0,0.0,0.0,0.0,0.0,41,0.048958795970651406,16,16,0,0,0,0,0,0,0,0,0,1,0
1d6z,B,40,LYS,-3.9,168.6,1.0,2,0,X,0.0,0.0,0.0,0.0,0.0,0.0,0.0,0.0,31,0.04662742473395372,9,14,-5,0,0,0,0,0,0,0,0,1,0
1d6z,B,41,VAL,4.2,140.0,0.0,0,0,X,0.0,0.0,0.0,0.0,0.0,0.0,0.0,0.0,37,0.05175644145468863,18,3,15,0,0,0,0,0,0,0,0,1,0
1d6z,B,42,LYS,-3.9,168.6,1.0,2,0,X,0.0,0.0,0.0,0.0,0.0,0.0,0.0,0.0,25,0.043363505002576956,8,10,-2,0,0,0,0,0,0,0,0,1,0
1d6z,B,43,PRO,-1.6,112.7,0.0,0,0,X,0.0,0.0,0.0,0.0,0.0,0.0,0.0,0.0,28,0.040099585271200194,14,2,12,0,0,0,0,0,0,0,0,1,0
1d6z,B,44,GLY,-0.4,60.1,0.0,0,0,X,0.0,0.0,0.0,0.0,0.0,0.0,0.0,0.0,19,0.028909003335051305,9,0,9,0,0,0,0,0,0,0,0,1,0
1d6z,B,45,ALA,1.8,88.6,0.0,0,0,X,0.0,0.0,0.0,0.0,0.0,0.0,0.0,0.0,23,0.03310547156110714,11,0,11,0,0,0,0,0,0,0,0,1,0
1d6z,B,46,GLN,-3.5,143.8,0.0,2,2,X,0.0,0.0,0.0,0.0,0.0,0.0,0.0,0.0,15,0.030774100324409453,5,0,5,0,0,0,0,0,0,0,0,1,0
1d6z,B,47,THR,-0.7,116.1,0.0,1,1,X,0.0,0.0,0.0,0.0,0.0,0.0,0.0,0.0,26,0.03683566553982344,13,0,13,0,0,0,0,0,0,0,0,1,0
1d6z,B,48,ALA,1.8,88.6,0.0,0,0,X,0.0,0.0,0.0,0.0,0.0,0.0,0.0,0.0,34,0.04709369898129325,16,4,12,0,0,0,0,0,0,0,0,1,0
1d6z,B,49,ILE,4.5,166.7,0.0,0,0,X,0.0,0.0,0.0,0.0,0.0,0.0,0.0,0.0,32,0.045228601991935104,14,13,1,0,0,0,0,0,0,0,0,1,0
1d6z,B,50,VAL,4.2,140.0,0.0,0,0,X,0.0,0.0,0.0,0.0,0.0,0.0,0.0,0.0,33,0.048026247475972325,10,17,-7,0,0,0,0,0,0,0,0,1,0
1d6z,B,51,ASN,-3.5,114.1,0.0,2,2,X,0.0,0.0,0.0,0.0,0.0,0.0,0.0,0.0,31,0.04616115048661418,23,25,-2,0,0,0,0,0,0,0,0,1,0
1d6z,B,52,GLY,-0.4,60.1,0.0,0,0,X,0.0,0.0,0.0,0.0,0.0,0.0,0.0,0.0,22,0.03310547156110714,12,18,-6,0,0,0,0,0,0,0,0,1,0
1d6z,B,53,GLN,-3.5,143.8,0.0,2,2,X,0.0,0.0,0.0,0.0,0.0,0.0,0.0,0.0,21,0.027043906345693154,2,13,-11,0,0,0,0,0,0,0,0,1,0
1d6z,B,54,PRO,-1.6,112.7,0.0,0,0,X,0.0,0.0,0.0,0.0,0.0,0.0,0.0,0.0,15,0.032639197313767604,1,0,1,0,0,0,0,0,0,0,0,1,0
1d6z,B,55,LEU,3.8,166.7,0.0,0,0,X,0.0,0.0,0.0,0.0,0.0,0.0,0.0,0.0,28,0.03450429430312575,4,9,-5,0,0,0,0,0,0,0,0,1,0
1d6z,B,56,ALA,1.8,88.6,0.0,0,0,X,0.0,0.0,0.0,0.0,0.0,0.0,0.0,0.0,20,0.025178809356335007,0,8,-8,0,0,0,0,0,0,0,0,1,0
1d6z,B,57,LEU,3.8,166.7,0.0,0,0,X,0.0,0.0,0.0,0.0,0.0,0.0,0.0,0.0,28,0.03916703677652112,4,8,-4,0,0,0,0,0,0,0,0,1,0
1d6z,B,58,GLN,-3.5,143.8,0.0,2,2,X,0.0,0.0,0.0,0.0,0.0,0.0,0.0,0.0,18,0.02331371236697686,1,14,-13,0,0,0,0,0,0,0,0,1,0
1d6z,B,59,VAL,4.2,140.0,0.0,0,0,X,0.0,0.0,0.0,0.0,0.0,0.0,0.0,0.0,25,0.03310547156110714,5,12,-7,0,0,0,0,0,0,0,0,1,0
1d6z,B,60,PRO,-1.6,112.7,0.0,0,0,X,0.0,0.0,0.0,0.0,0.0,0.0,0.0,0.0,26,0.040099585271200194,5,1,4,0,0,0,0,0,0,0,0,1,0
1d6z,B,61,VAL,4.2,140.0,0.0,0,0,X,0.0,0.0,0.0,0.0,0.0,0.0,0.0,0.0,34,0.04662742473395372,14,0,14,0,0,0,0,0,0,0,0,1,0
1d6z,B,62,VAL,4.2,140.0,0.0,0,0,X,0.0,0.0,0.0,0.0,0.0,0.0,0.0,0.0,24,0.03870076252918159,18,3,15,0,0,0,0,0,0,0,0,1,0
1d6z,B,63,MET,1.9,162.9,0.0,0,0,X,0.0,0.0,0.0,0.0,0.0,0.0,0.0,0.0,20,0.035436842797804825,20,9,11,0,0,0,0,0,0,0,0,1,0
1d6z,B,64,LYS,-3.9,168.6,1.0,2,0,X,0.0,0.0,0.0,0.0,0.0,0.0,0.0,0.0,14,0.028909003335051305,9,8,1,0,0,0,0,0,0,0,0,1,0
1d6z,B,65,ASP,-3.5,111.1,-1.0,1,3,X,0.0,0.0,0.0,0.0,0.0,0.0,0.0,0.0,7,0.020049792635600097,18,0,18,0,0,0,0,0,0,0,0,1,0
1d6z,B,66,ASN,-3.5,114.1,0.0,2,2,X,0.0,0.0,0.0,0.0,0.0,0.0,0.0,0.0,13,0.022381163872297785,17,11,6,0,0,0,0,0,0,0,0,1,0
1d6z,B,67,LYS,-3.9,168.6,1.0,2,0,X,0.0,0.0,0.0,0.0,0.0,0.0,0.0,0.0,15,0.03310547156110714,12,15,-3,0,0,0,0,0,0,0,0,1,0
1d6z,B,68,ALA,1.8,88.6,0.0,0,0,X,0.0,0.0,0.0,0.0,0.0,0.0,0.0,0.0,28,0.048026247475972325,23,13,10,0,0,0,0,0,0,0,0,1,0
1d6z,B,69,TRP,-0.9,227.8,0.0,1,0,X,0.0,0.0,0.0,0.0,0.0,0.0,0.0,0.0,22,0.04755997322863279,28,14,14,0,0,0,0,0,0,0,0,1,0
1d6z,B,70,VAL,4.2,140.0,0.0,0,0,X,0.0,0.0,0.0,0.0,0.0,0.0,0.0,0.0,31,0.048958795970651406,16,15,1,0,0,0,0,0,0,0,0,1,0
1d6z,B,71,SER,-0.8,89.0,0.0,1,1,X,0.0,0.0,0.0,0.0,0.0,0.0,0.0,0.0,23,0.04103213376587927,10,15,-5,0,0,0,0,0,0,0,0,1,0
1d6z,B,72,ASP,-3.5,111.1,-1.0,1,3,X,0.0,0.0,0.0,0.0,0.0,0.0,0.0,0.0,15,0.035436842797804825,10,6,4,0,0,0,0,0,0,0,0,1,0
1d6z,B,73,THR,-0.7,116.1,0.0,1,1,X,0.0,0.0,0.0,0.0,0.0,0.0,0.0,0.0,19,0.030774100324409453,8,16,-8,0,0,0,0,0,0,0,0,1,0
1d6z,B,74,PHE,2.8,189.9,0.0,0,0,X,0.0,0.0,0.0,0.0,0.0,0.0,0.0,0.0,33,0.04243095650789788,1,15,-14,0,0,0,0,0,0,0,0,1,0
1d6z,B,75,ILE,4.5,166.7,0.0,0,0,X,0.0,0.0,0.0,0.0,0.0,0.0,0.0,0.0,26,0.043363505002576956,6,20,-14,0,0,0,0,0,0,0,0,1,0
1d6z,B,76,ASN,-3.5,114.1,0.0,2,2,X,0.0,0.0,0.0,0.0,0.0,0.0,0.0,0.0,16,0.03357174580844668,0,16,-16,0,0,0,0,0,0,0,0,1,0
1d6z,B,77,ASP,-3.5,111.1,-1.0,1,3,X,0.0,0.0,0.0,0.0,0.0,0.0,0.0,0.0,20,0.03730193978716297,0,4,-4,0,0,0,0,0,0,0,0,1,0
1d6z,B,78,VAL,4.2,140.0,0.0,0,0,X,0.0,0.0,0.0,0.0,0.0,0.0,0.0,0.0,37,0.04243095650789788,7,14,-7,0,0,0,0,0,0,0,0,1,0
1d6z,B,79,PHE,2.8,189.9,0.0,0,0,X,0.0,0.0,0.0,0.0,0.0,0.0,0.0,0.0,31,0.040565859518539735,10,25,-15,0,0,0,0,0,0,0,0,1,0
1d6z,B,80,GLN,-3.5,143.8,0.0,2,2,X,0.0,0.0,0.0,0.0,0.0,0.0,0.0,0.0,17,0.02844272908771177,4,16,-12,0,0,0,0,0,0,0,0,1,0
1d6z,B,81,SER,-0.8,89.0,0.0,1,1,X,0.0,0.0,0.0,0.0,0.0,0.0,0.0,0.0,24,0.02844272908771177,0,16,-16,0,0,0,0,0,0,0,0,1,0
1d6z,B,82,GLY,-0.4,60.1,0.0,0,0,X,0.0,0.0,0.0,0.0,0.0,0.0,0.0,0.0,19,0.025645083603674543,0,11,-11,0,0,0,0,0,0,0,0,1,0
1d6z,B,83,LEU,3.8,166.7,0.0,0,0,X,0.0,0.0,0.0,0.0,0.0,0.0,0.0,0.0,28,0.03357174580844668,1,13,-12,0,0,0,0,0,0,0,0,1,0
1d6z,B,84,ASP,-3.5,111.1,-1.0,1,3,X,0.0,0.0,0.0,0.0,0.0,0.0,0.0,0.0,33,0.040565859518539735,16,13,3,0,0,0,0,0,0,0,0,1,0
1d6z,B,85,GLN,-3.5,143.8,0.0,2,2,X,0.0,0.0,0.0,0.0,0.0,0.0,0.0,0.0,22,0.02984155182973038,10,11,-1,0,0,0,0,0,0,0,0,1,0
1d6z,B,86,THR,-0.7,116.1,0.0,1,1,X,0.0,0.0,0.0,0.0,0.0,0.0,0.0,0.0,32,0.045694876239274644,17,18,-1,0,0,0,0,0,0,0,0,1,0
1d6z,B,87,PHE,2.8,189.9,0.0,0,0,X,0.0,0.0,0.0,0.0,0.0,0.0,0.0,0.0,28,0.035436842797804825,6,21,-15,0,0,0,0,0,0,0,0,1,0
1d6z,B,88,GLN,-3.5,143.8,0.0,2,2,X,0.0,0.0,0.0,0.0,0.0,0.0,0.0,0.0,16,0.030307826077069916,4,15,-11,0,0,0,0,0,0,0,0,1,0
1d6z,B,89,VAL,4.2,140.0,0.0,0,0,X,0.0,0.0,0.0,0.0,0.0,0.0,0.0,0.0,14,0.021914889624958248,13,10,3,0,0,0,0,0,0,0,0,1,0
1d6z,B,90,GLU,-3.5,138.4,-1.0,1,3,X,0.0,0.0,0.0,0.0,0.0,0.0,0.0,0.0,16,0.027043906345693154,31,8,23,0,0,0,0,0,0,0,0,1,0
1d6z,B,91,LYS,-3.9,168.6,1.0,2,0,X,0.0,0.0,0.0,0.0,0.0,0.0,0.0,0.0,10,0.01958351838826056,12,9,3,0,0,0,0,0,0,0,0,1,0
1d6z,B,92,ARG,-4.5,173.4,1.0,5,0,X,0.0,0.0,0.0,0.0,0.0,0.0,0.0,0.0,15,0.02471253510899547,20,11,9,0,0,0,0,0,0,0,0,1,0
1d6z,B,93,PRO,-1.6,112.7,0.0,0,0,X,0.0,0.0,0.0,0.0,0.0,0.0,0.0,0.0,22,0.02797645484037223,38,14,24,0,0,0,0,0,0,0,0,1,0
1d6z,B,94,HIS,-3.2,153.2,0.1,2,1,X,0.0,0.0,0.0,0.0,0.0,0.0,0.0,0.0,32,0.03870076252918159,25,15,10,0,0,0,0,0,0,0,0,1,0
1d6z,B,95,PRO,-1.6,112.7,0.0,0,0,X,0.0,0.0,0.0,0.0,0.0,0.0,0.0,0.0,36,0.040565859518539735,39,14,25,0,0,0,0,0,0,0,0,1,0
1d6z,B,96,LEU,3.8,166.7,0.0,0,0,X,0.0,0.0,0.0,0.0,0.0,0.0,0.0,0.0,35,0.040565859518539735,32,21,11,0,0,0,0,0,0,0,0,1,0
1d6z,B,97,ASN,-3.5,114.1,0.0,2,2,X,0.0,0.0,0.0,0.0,0.0,0.0,0.0,0.0,28,0.040099585271200194,29,19,10,0,0,0,0,0,0,0,0,1,0
1d6z,B,98,ALA,1.8,88.6,0.0,0,0,X,0.0,0.0,0.0,0.0,0.0,0.0,0.0,0.0,33,0.03776821403450251,21,26,-5,0,0,0,0,0,0,0,0,1,0
1d6z,B,99,LEU,3.8,166.7,0.0,0,0,X,0.0,0.0,0.0,0.0,0.0,0.0,0.0,0.0,35,0.03963331102386066,18,21,-3,0,0,0,0,0,0,0,0,1,0
1d6z,B,100,THR,-0.7,116.1,0.0,1,1,X,0.0,0.0,0.0,0.0,0.0,0.0,0.0,0.0,22,0.03124037457174899,15,19,-4,0,0,0,0,0,0,0,0,1,0
1d6z,B,101,ALA,1.8,88.6,0.0,0,0,X,0.0,0.0,0.0,0.0,0.0,0.0,0.0,0.0,24,0.03590311704514436,10,25,-15,0,0,0,0,0,0,0,0,1,0
1d6z,B,102,ASP,-3.5,111.1,-1.0,1,3,X,0.0,0.0,0.0,0.0,0.0,0.0,0.0,0.0,16,0.028909003335051305,10,13,-3,0,0,0,0,0,0,0,0,1,0
1d6z,B,103,GLU,-3.5,138.4,-1.0,1,3,X,0.0,0.0,0.0,0.0,0.0,0.0,0.0,0.0,29,0.03870076252918159,24,12,12,0,0,0,0,0,0,0,0,1,0
1d6z,B,104,ILE,4.5,166.7,0.0,0,0,X,0.0,0.0,0.0,0.0,0.0,0.0,0.0,0.0,33,0.048026247475972325,10,35,-25,0,0,0,0,0,0,0,0,1,0
1d6z,B,105,LYS,-3.9,168.6,1.0,2,0,X,0.0,0.0,0.0,0.0,0.0,0.0,0.0,0.0,23,0.03870076252918159,3,25,-22,0,0,0,0,0,0,0,0,1,0
1d6z,B,106,GLN,-3.5,143.8,0.0,2,2,X,0.0,0.0,0.0,0.0,0.0,0.0,0.0,0.0,28,0.03916703677652112,19,33,-14,0,0,0,0,0,0,0,0,1,0
1d6z,B,107,ALA,1.8,88.6,0.0,0,0,X,0.0,0.0,0.0,0.0,0.0,0.0,0.0,0.0,40,0.04989134446533048,24,34,-10,0,0,0,0,0,0,0,0,1,0
1d6z,B,108,VAL,4.2,140.0,0.0,0,0,X,0.0,0.0,0.0,0.0,0.0,0.0,0.0,0.0,37,0.04476232774459557,19,21,-2,0,0,0,0,0,0,0,0,1,0
1d6z,B,109,GLU,-3.5,138.4,-1.0,1,3,X,0.0,0.0,0.0,0.0,0.0,0.0,0.0,0.0,20,0.032172923066428064,19,7,12,0,0,0,0,0,0,0,0,1,0
1d6z,B,110,ILE,4.5,166.7,0.0,0,0,X,0.0,0.0,0.0,0.0,0.0,0.0,0.0,0.0,31,0.04196468226055834,21,19,2,0,0,0,0,0,0,0,0,1,0
1d6z,B,111,VAL,4.2,140.0,0.0,0,0,X,0.0,0.0,0.0,0.0,0.0,0.0,0.0,0.0,36,0.045694876239274644,20,18,2,0,0,0,0,0,0,0,0,1,0
1d6z,B,112,LYS,-3.9,168.6,1.0,2,0,X,0.0,0.0,0.0,0.0,0.0,0.0,0.0,0.0,25,0.035436842797804825,8,13,-5,0,0,0,0,0,0,0,0,1,0
1d6z,B,113,ALA,1.8,88.6,0.0,0,0,X,0.0,0.0,0.0,0.0,0.0,0.0,0.0,0.0,18,0.02471253510899547,11,15,-4,0,0,0,0,0,0,0,0,1,0
1d6z,B,114,SER,-0.8,89.0,0.0,1,1,X,0.0,0.0,0.0,0.0,0.0,0.0,0.0,0.0,19,0.03124037457174899,15,12,3,0,0,0,0,0,0,0,0,1,0
1d6z,B,115,ALA,1.8,88.6,0.0,0,0,X,0.0,0.0,0.0,0.0,0.0,0.0,0.0,0.0,10,0.01958351838826056,13,8,5,0,0,0,0,0,0,0,0,1,0
1d6z,B,116,ASP,-3.5,111.1,-1.0,1,3,X,0.0,0.0,0.0,0.0,0.0,0.0,0.0,0.0,18,0.025178809356335007,13,4,9,0,0,0,0,0,0,0,0,1,0
1d6z,B,117,PHE,2.8,189.9,0.0,0,0,X,0.0,0.0,0.0,0.0,0.0,0.0,0.0,0.0,24,0.040099585271200194,22,19,3,0,0,0,0,0,0,0,0,1,0
1d6z,B,118,LYS,-3.9,168.6,1.0,2,0,X,0.0,0.0,0.0,0.0,0.0,0.0,0.0,0.0,20,0.03170664881908853,18,17,1,0,0,0,0,0,0,0,0,1,0
1d6z,B,119,PRO,-1.6,112.7,0.0,0,0,X,0.0,0.0,0.0,0.0,0.0,0.0,0.0,0.0,11,0.02098234113027917,24,10,14,0,0,0,0,0,0,0,0,1,0
1d6z,B,120,ASN,-3.5,114.1,0.0,2,2,X,0.0,0.0,0.0,0.0,0.0,0.0,0.0,0.0,20,0.02797645484037223,28,19,9,0,0,0,0,0,0,0,0,1,0
1d6z,B,121,THR,-0.7,116.1,0.0,1,1,X,0.0,0.0,0.0,0.0,0.0,0.0,0.0,0.0,28,0.043363505002576956,34,12,22,0,0,0,0,0,0,0,0,1,0
1d6z,B,122,ARG,-4.5,173.4,1.0,5,0,X,0.0,0.0,0.0,0.0,0.0,0.0,0.0,0.0,31,0.048026247475972325,20,29,-9,0,0,0,0,0,0,0,0,1,0
1d6z,B,123,PHE,2.8,189.9,0.0,0,0,X,0.0,0.0,0.0,0.0,0.0,0.0,0.0,0.0,38,0.04989134446533048,20,21,-1,0,0,0,0,0,0,0,0,1,0
1d6z,B,124,THR,-0.7,116.1,0.0,1,1,X,0.0,0.0,0.0,0.0,0.0,0.0,0.0,0.0,41,0.043363505002576956,29,26,3,0,0,0,0,0,0,0,0,1,0
1d6z,B,125,GLU,-3.5,138.4,-1.0,1,3,X,0.0,0.0,0.0,0.0,0.0,0.0,0.0,0.0,36,0.04149840801321881,18,17,1,0,0,0,0,0,0,0,0,1,0
1d6z,B,126,ILE,4.5,166.7,0.0,0,0,X,0.0,0.0,0.0,0.0,0.0,0.0,0.0,0.0,42,0.04476232774459557,9,28,-19,0,0,0,0,0,0,0,0,1,0
1d6z,B,127,SER,-0.8,89.0,0.0,1,1,X,0.0,0.0,0.0,0.0,0.0,0.0,0.0,0.0,37,0.04103213376587927,14,21,-7,0,0,0,0,0,0,0,0,1,0
1d6z,B,128,LEU,3.8,166.7,0.0,0,0,X,0.0,0.0,0.0,0.0,0.0,0.0,0.0,0.0,33,0.04243095650789788,26,22,4,0,0,0,0,0,0,0,0,1,0
1d6z,B,129,LEU,3.8,166.7,0.0,0,0,X,0.0,0.0,0.0,0.0,0.0,0.0,0.0,0.0,29,0.032639197313767604,24,18,6,0,0,0,0,0,0,0,0,1,0
1d6z,B,130,PRO,-1.6,112.7,0.0,0,0,X,0.0,0.0,0.0,0.0,0.0,0.0,0.0,0.0,31,0.03683566553982344,30,20,10,0,0,0,0,0,0,0,0,1,0
1d6z,B,131,PRO,-1.6,112.7,0.0,0,0,X,0.0,0.0,0.0,0.0,0.0,0.0,0.0,0.0,28,0.03823448828184205,31,20,11,0,0,0,0,0,0,0,0,1,0
1d6z,B,132,ASP,-3.5,111.1,-1.0,1,3,X,0.0,0.0,0.0,0.0,0.0,0.0,0.0,0.0,22,0.029375277582390842,11,15,-4,0,0,0,0,0,0,0,0,1,0
1d6z,B,133,LYS,-3.9,168.6,1.0,2,0,X,0.0,0.0,0.0,0.0,0.0,0.0,0.0,0.0,32,0.04196468226055834,15,55,-40,0,0,0,0,0,0,0,0,1,0
1d6z,B,134,GLU,-3.5,138.4,-1.0,1,3,X,0.0,0.0,0.0,0.0,0.0,0.0,0.0,0.0,21,0.03170664881908853,18,22,-4,0,0,0,0,0,0,0,0,1,0
1d6z,B,135,ALA,1.8,88.6,0.0,0,0,X,0.0,0.0,0.0,0.0,0.0,0.0,0.0,0.0,26,0.040565859518539735,22,35,-13,0,0,0,0,0,0,0,0,1,0
1d6z,B,136,VAL,4.2,140.0,0.0,0,0,X,0.0,0.0,0.0,0.0,0.0,0.0,0.0,0.0,35,0.05175644145468863,35,30,5,0,0,0,0,0,0,0,0,1,0
1d6z,B,137,TRP,-0.9,227.8,0.0,1,0,X,0.0,0.0,0.0,0.0,0.0,0.0,0.0,0.0,33,0.048492521723311866,30,45,-15,0,0,0,0,0,0,0,0,1,0
1d6z,B,138,ALA,1.8,88.6,0.0,0,0,X,0.0,0.0,0.0,0.0,0.0,0.0,0.0,0.0,21,0.04196468226055834,22,26,-4,0,0,0,0,0,0,0,0,1,0
1d6z,B,139,PHE,2.8,189.9,0.0,0,0,X,0.0,0.0,0.0,0.0,0.0,0.0,0.0,0.0,28,0.04662742473395372,35,17,18,0,0,0,0,0,0,0,0,1,0
1d6z,B,140,ALA,1.8,88.6,0.0,0,0,X,0.0,0.0,0.0,0.0,0.0,0.0,0.0,0.0,29,0.04149840801321881,39,18,21,0,0,0,0,0,0,0,0,1,0
1d6z,B,141,LEU,3.8,166.7,0.0,0,0,X,0.0,0.0,0.0,0.0,0.0,0.0,0.0,0.0,24,0.032172923066428064,32,17,15,0,0,0,0,0,0,0,0,1,0
1d6z,B,142,GLU,-3.5,138.4,-1.0,1,3,X,0.0,0.0,0.0,0.0,0.0,0.0,0.0,0.0,13,0.026577632098353617,13,3,10,0,0,0,0,0,0,0,0,1,0
1d6z,B,143,ASN,-3.5,114.1,0.0,2,2,X,0.0,0.0,0.0,0.0,0.0,0.0,0.0,0.0,16,0.032172923066428064,24,9,15,0,0,0,0,0,0,0,0,1,0
1d6z,B,144,LYS,-3.9,168.6,1.0,2,0,X,0.0,0.0,0.0,0.0,0.0,0.0,0.0,0.0,17,0.032639197313767604,2,25,-23,0,0,0,0,0,0,0,0,1,0
1d6z,B,145,PRO,-1.6,112.7,0.0,0,0,X,0.0,0.0,0.0,0.0,0.0,0.0,0.0,0.0,16,0.03124037457174899,19,17,2,0,0,0,0,0,0,0,0,1,0
1d6z,B,146,VAL,4.2,140.0,0.0,0,0,X,0.0,0.0,0.0,0.0,0.0,0.0,0.0,0.0,25,0.03170664881908853,28,20,8,0,0,0,0,0,0,0,0,1,0
1d6z,B,147,ASP,-3.5,111.1,-1.0,1,3,X,0.0,0.0,0.0,0.0,0.0,0.0,0.0,0.0,13,0.020516066882939634,10,5,5,0,0,0,0,0,0,0,0,1,0
1d6z,B,148,GLN,-3.5,143.8,0.0,2,2,X,0.0,0.0,0.0,0.0,0.0,0.0,0.0,0.0,20,0.02611135785101408,18,20,-2,0,0,0,0,0,0,0,0,1,0
1d6z,B,149,PRO,-1.6,112.7,0.0,0,0,X,0.0,0.0,0.0,0.0,0.0,0.0,0.0,0.0,22,0.03403802005578621,22,19,3,0,0,0,0,0,0,0,0,1,0
1d6z,B,150,ARG,-4.5,173.4,1.0,5,0,X,0.0,0.0,0.0,0.0,0.0,0.0,0.0,0.0,28,0.04196468226055834,13,19,-6,0,0,0,0,0,0,0,0,1,0
1d6z,B,151,LYS,-3.9,168.6,1.0,2,0,X,0.0,0.0,0.0,0.0,0.0,0.0,0.0,0.0,31,0.05035761871267001,15,19,-4,0,0,0,0,0,0,0,0,1,0
1d6z,B,152,ALA,1.8,88.6,0.0,0,0,X,0.0,0.0,0.0,0.0,0.0,0.0,0.0,0.0,33,0.04476232774459557,23,32,-9,0,0,0,0,0,0,0,0,1,0
1d6z,B,153,ASP,-3.5,111.1,-1.0,1,3,X,0.0,0.0,0.0,0.0,0.0,0.0,0.0,0.0,31,0.045228601991935104,13,20,-7,0,0,0,0,0,0,0,0,1,0
1d6z,B,154,VAL,4.2,140.0,0.0,0,0,X,0.0,0.0,0.0,0.0,0.0,0.0,0.0,0.0,43,0.048492521723311866,8,29,-21,0,0,0,0,0,0,0,0,1,0
1d6z,B,155,ILE,4.5,166.7,0.0,0,0,X,0.0,0.0,0.0,0.0,0.0,0.0,0.0,0.0,32,0.04755997322863279,18,27,-9,0,0,0,0,0,0,0,0,1,0
1d6z,B,156,MET,1.9,162.9,0.0,0,0,X,0.0,0.0,0.0,0.0,0.0,0.0,0.0,0.0,39,0.05222271570202816,25,28,-3,0,0,0,0,0,0,0,0,1,0
1d6z,B,157,LEU,3.8,166.7,0.0,0,0,X,0.0,0.0,0.0,0.0,0.0,0.0,0.0,0.0,34,0.05129016720734909,47,23,24,0,0,0,0,0,0,0,0,1,0
1d6z,B,158,ASP,-3.5,111.1,-1.0,1,3,X,0.0,0.0,0.0,0.0,0.0,0.0,0.0,0.0,25,0.04616115048661418,43,10,33,0,0,0,0,0,0,0,0,1,0
1d6z,B,159,GLY,-0.4,60.1,0.0,0,0,X,0.0,0.0,0.0,0.0,0.0,0.0,0.0,0.0,29,0.03823448828184205,56,25,31,0,0,0,0,0,0,0,0,1,0
1d6z,B,160,LYS,-3.9,168.6,1.0,2,0,X,0.0,0.0,0.0,0.0,0.0,0.0,0.0,0.0,28,0.04196468226055834,41,35,6,0,0,0,0,0,0,0,0,1,0
1d6z,B,161,HIS,-3.2,153.2,0.1,2,1,X,0.0,0.0,0.0,0.0,0.0,0.0,0.0,0.0,25,0.040565859518539735,38,24,14,0,0,0,0,0,0,0,0,1,0
1d6z,B,162,ILE,4.5,166.7,0.0,0,0,X,0.0,0.0,0.0,0.0,0.0,0.0,0.0,0.0,30,0.05175644145468863,49,23,26,0,0,0,0,0,0,0,0,1,0
1d6z,B,163,ILE,4.5,166.7,0.0,0,0,X,0.0,0.0,0.0,0.0,0.0,0.0,0.0,0.0,33,0.04755997322863279,25,25,0,0,0,0,0,0,0,0,0,1,0
1d6z,B,164,GLU,-3.5,138.4,-1.0,1,3,X,0.0,0.0,0.0,0.0,0.0,0.0,0.0,0.0,26,0.05035761871267001,10,12,-2,0,0,0,0,0,0,0,0,1,0
1d6z,B,165,ALA,1.8,88.6,0.0,0,0,X,0.0,0.0,0.0,0.0,0.0,0.0,0.0,0.0,36,0.048958795970651406,7,22,-15,0,0,0,0,0,0,0,0,1,0
1d6z,B,166,VAL,4.2,140.0,0.0,0,0,X,0.0,0.0,0.0,0.0,0.0,0.0,0.0,0.0,26,0.04289723075523742,17,25,-8,0,0,0,0,0,0,0,0,1,0
1d6z,B,167,VAL,4.2,140.0,0.0,0,0,X,0.0,0.0,0.0,0.0,0.0,0.0,0.0,0.0,36,0.053155264196707235,24,26,-2,0,0,0,0,0,0,0,0,1,0
1d6z,B,168,ASP,-3.5,111.1,-1.0,1,3,X,0.0,0.0,0.0,0.0,0.0,0.0,0.0,0.0,21,0.04989134446533048,26,2,24,0,0,0,0,0,0,0,0,1,0
1d6z,B,169,LEU,3.8,166.7,0.0,0,0,X,0.0,0.0,0.0,0.0,0.0,0.0,0.0,0.0,31,0.04662742473395372,32,23,9,0,0,0,0,0,0,0,0,1,0
1d6z,B,170,GLN,-3.5,143.8,0.0,2,2,X,0.0,0.0,0.0,0.0,0.0,0.0,0.0,0.0,17,0.032639197313767604,27,14,13,0,0,0,0,0,0,0,0,1,0
1d6z,B,171,ASN,-3.5,114.1,0.0,2,2,X,0.0,0.0,0.0,0.0,0.0,0.0,0.0,0.0,14,0.027043906345693154,21,8,13,0,0,0,0,0,0,0,0,1,0
1d6z,B,172,ASN,-3.5,114.1,0.0,2,2,X,0.0,0.0,0.0,0.0,0.0,0.0,0.0,0.0,20,0.03310547156110714,12,19,-7,0,0,0,0,0,0,0,0,1,0
1d6z,B,173,LYS,-3.9,168.6,1.0,2,0,X,0.0,0.0,0.0,0.0,0.0,0.0,0.0,0.0,17,0.03403802005578621,6,8,-2,0,0,0,0,0,0,0,0,1,0
1d6z,B,174,LEU,3.8,166.7,0.0,0,0,X,0.0,0.0,0.0,0.0,0.0,0.0,0.0,0.0,27,0.03776821403450251,14,13,1,0,0,0,0,0,0,0,0,1,0
1d6z,B,175,LEU,3.8,166.7,0.0,0,0,X,0.0,0.0,0.0,0.0,0.0,0.0,0.0,0.0,21,0.02844272908771177,19,13,6,0,0,0,0,0,0,0,0,1,0
1d6z,B,176,SER,-0.8,89.0,0.0,1,1,X,0.0,0.0,0.0,0.0,0.0,0.0,0.0,0.0,22,0.02797645484037223,9,18,-9,0,0,0,0,0,0,0,0,1,0
1d6z,B,177,TRP,-0.9,227.8,0.0,1,0,X,0.0,0.0,0.0,0.0,0.0,0.0,0.0,0.0,27,0.03683566553982344,5,17,-12,0,0,0,0,0,0,0,0,1,0
1d6z,B,178,GLN,-3.5,143.8,0.0,2,2,X,0.0,0.0,0.0,0.0,0.0,0.0,0.0,0.0,18,0.03170664881908853,6,10,-4,0,0,0,0,0,0,0,0,1,0
1d6z,B,179,PRO,-1.6,112.7,0.0,0,0,X,0.0,0.0,0.0,0.0,0.0,0.0,0.0,0.0,17,0.03357174580844668,18,17,1,0,0,0,0,0,0,0,0,1,0
1d6z,B,180,ILE,4.5,166.7,0.0,0,0,X,0.0,0.0,0.0,0.0,0.0,0.0,0.0,0.0,19,0.03590311704514436,31,17,14,0,0,0,0,0,0,0,0,1,0
1d6z,B,181,LYS,-3.9,168.6,1.0,2,0,X,0.0,0.0,0.0,0.0,0.0,0.0,0.0,0.0,13,0.023779986614316396,10,12,-2,0,0,0,0,0,0,0,0,1,0
1d6z,B,182,ASP,-3.5,111.1,-1.0,1,3,X,0.0,0.0,0.0,0.0,0.0,0.0,0.0,0.0,19,0.022847438119637322,39,8,31,0,0,0,0,0,0,0,0,1,0
1d6z,B,183,ALA,1.8,88.6,0.0,0,0,X,0.0,0.0,0.0,0.0,0.0,0.0,0.0,0.0,29,0.03683566553982344,58,18,40,0,0,0,0,0,0,0,0,1,0
1d6z,B,184,HIS,-3.2,153.2,0.1,2,1,X,0.0,0.0,0.0,0.0,0.0,0.0,0.0,0.0,34,0.04662742473395372,50,21,29,0,0,0,0,0,0,0,0,1,0
1d6z,B,185,GLY,-0.4,60.1,0.0,0,0,X,0.0,0.0,0.0,0.0,0.0,0.0,0.0,0.0,38,0.04942507021799094,54,20,34,0,0,0,0,0,0,0,0,1,0
1d6z,B,186,MET,1.9,162.9,0.0,0,0,X,0.0,0.0,0.0,0.0,0.0,0.0,0.0,0.0,41,0.045228601991935104,37,25,12,0,0,0,0,0,0,0,0,1,0
1d6z,B,187,VAL,4.2,140.0,0.0,0,0,X,0.0,0.0,0.0,0.0,0.0,0.0,0.0,0.0,36,0.045228601991935104,16,28,-12,0,0,0,0,0,0,0,0,1,0
1d6z,B,188,LEU,3.8,166.7,0.0,0,0,X,0.0,0.0,0.0,0.0,0.0,0.0,0.0,0.0,35,0.048492521723311866,17,27,-10,0,0,0,0,0,0,0,0,1,0
1d6z,B,189,LEU,3.8,166.7,0.0,0,0,X,0.0,0.0,0.0,0.0,0.0,0.0,0.0,0.0,23,0.03357174580844668,7,25,-18,0,0,0,0,0,0,0,0,1,0
1d6z,B,190,ASP,-3.5,111.1,-1.0,1,3,X,0.0,0.0,0.0,0.0,0.0,0.0,0.0,0.0,24,0.03310547156110714,18,9,9,0,0,0,0,0,0,0,0,1,0
1d6z,B,191,ASP,-3.5,111.1,-1.0,1,3,X,0.0,0.0,0.0,0.0,0.0,0.0,0.0,0.0,33,0.04243095650789788,22,13,9,0,0,0,0,0,0,0,0,1,0
1d6z,B,192,PHE,2.8,189.9,0.0,0,0,X,0.0,0.0,0.0,0.0,0.0,0.0,0.0,0.0,31,0.03916703677652112,3,18,-15,0,0,0,0,0,0,0,0,1,0
1d6z,B,193,ALA,1.8,88.6,0.0,0,0,X,0.0,0.0,0.0,0.0,0.0,0.0,0.0,0.0,23,0.02984155182973038,5,16,-11,0,0,0,0,0,0,0,0,1,0
1d6z,B,194,SER,-0.8,89.0,0.0,1,1,X,0.0,0.0,0.0,0.0,0.0,0.0,0.0,0.0,28,0.03590311704514436,16,23,-7,0,0,0,0,0,0,0,0,1,0
1d6z,B,195,VAL,4.2,140.0,0.0,0,0,X,0.0,0.0,0.0,0.0,0.0,0.0,0.0,0.0,36,0.04616115048661418,16,17,-1,0,0,0,0,0,0,0,0,1,0
1d6z,B,196,GLN,-3.5,143.8,0.0,2,2,X,0.0,0.0,0.0,0.0,0.0,0.0,0.0,0.0,27,0.04103213376587927,9,4,5,0,0,0,0,0,0,0,0,1,0
1d6z,B,197,ASN,-3.5,114.1,0.0,2,2,X,0.0,0.0,0.0,0.0,0.0,0.0,0.0,0.0,18,0.03357174580844668,10,5,5,0,0,0,0,0,0,0,0,1,0
1d6z,B,198,ILE,4.5,166.7,0.0,0,0,X,0.0,0.0,0.0,0.0,0.0,0.0,0.0,0.0,27,0.04103213376587927,17,13,4,0,0,0,0,0,0,0,0,1,0
1d6z,B,199,ILE,4.5,166.7,0.0,0,0,X,0.0,0.0,0.0,0.0,0.0,0.0,0.0,0.0,36,0.04616115048661418,11,12,-1,0,0,0,0,0,0,0,0,1,0
1d6z,B,200,ASN,-3.5,114.1,0.0,2,2,X,0.0,0.0,0.0,0.0,0.0,0.0,0.0,0.0,24,0.03823448828184205,12,8,4,0,0,0,0,0,0,0,0,1,0
1d6z,B,201,ASN,-3.5,114.1,0.0,2,2,X,0.0,0.0,0.0,0.0,0.0,0.0,0.0,0.0,18,0.02797645484037223,10,12,-2,0,0,0,0,0,0,0,0,1,0
1d6z,B,202,SER,-0.8,89.0,0.0,1,1,X,0.0,0.0,0.0,0.0,0.0,0.0,0.0,0.0,23,0.03450429430312575,11,18,-7,0,0,0,0,0,0,0,0,1,0
1d6z,B,203,GLU,-3.5,138.4,-1.0,1,3,X,0.0,0.0,0.0,0.0,0.0,0.0,0.0,0.0,14,0.024246260861655933,3,9,-6,0,0,0,0,0,0,0,0,1,0
1d6z,B,204,GLU,-3.5,138.4,-1.0,1,3,X,0.0,0.0,0.0,0.0,0.0,0.0,0.0,0.0,19,0.027510180593032695,9,13,-4,0,0,0,0,0,0,0,0,1,0
1d6z,B,205,PHE,2.8,189.9,0.0,0,0,X,0.0,0.0,0.0,0.0,0.0,0.0,0.0,0.0,37,0.040565859518539735,16,26,-10,0,0,0,0,0,0,0,0,1,0
1d6z,B,206,ALA,1.8,88.6,0.0,0,0,X,0.0,0.0,0.0,0.0,0.0,0.0,0.0,0.0,25,0.03823448828184205,25,25,0,0,0,0,0,0,0,0,0,1,0
1d6z,B,207,ALA,1.8,88.6,0.0,0,0,X,0.0,0.0,0.0,0.0,0.0,0.0,0.0,0.0,18,0.02984155182973038,26,22,4,0,0,0,0,0,0,0,0,1,0
1d6z,B,208,ALA,1.8,88.6,0.0,0,0,X,0.0,0.0,0.0,0.0,0.0,0.0,0.0,0.0,28,0.03776821403450251,29,25,4,0,0,0,0,0,0,0,0,1,0
1d6z,B,209,VAL,4.2,140.0,0.0,0,0,X,0.0,0.0,0.0,0.0,0.0,0.0,0.0,0.0,33,0.043829779249916496,33,19,14,0,0,0,0,0,0,0,0,1,0
1d6z,B,210,LYS,-3.9,168.6,1.0,2,0,X,0.0,0.0,0.0,0.0,0.0,0.0,0.0,0.0,17,0.03403802005578621,18,10,8,0,0,0,0,0,0,0,0,1,0
1d6z,B,211,LYS,-3.9,168.6,1.0,2,0,X,0.0,0.0,0.0,0.0,0.0,0.0,0.0,0.0,21,0.028909003335051305,20,10,10,0,0,0,0,0,0,0,0,1,0
1d6z,B,212,ARG,-4.5,173.4,1.0,5,0,X,0.0,0.0,0.0,0.0,0.0,0.0,0.0,0.0,29,0.03823448828184205,15,18,-3,0,0,0,0,0,0,0,0,1,0
1d6z,B,213,GLY,-0.4,60.1,0.0,0,0,X,0.0,0.0,0.0,0.0,0.0,0.0,0.0,0.0,22,0.02797645484037223,28,5,23,0,0,0,0,0,0,0,0,1,0
1d6z,B,214,ILE,4.5,166.7,0.0,0,0,X,0.0,0.0,0.0,0.0,0.0,0.0,0.0,0.0,30,0.032639197313767604,36,10,26,0,0,0,0,0,0,0,0,1,0
1d6z,B,215,THR,-0.7,116.1,0.0,1,1,X,0.0,0.0,0.0,0.0,0.0,0.0,0.0,0.0,16,0.02471253510899547,34,8,26,0,0,0,0,0,0,0,0,1,0
1d6z,B,216,ASP,-3.5,111.1,-1.0,1,3,X,0.0,0.0,0.0,0.0,0.0,0.0,0.0,0.0,16,0.025645083603674543,25,6,19,0,0,0,0,0,0,0,0,1,0
1d6z,B,217,ALA,1.8,88.6,0.0,0,0,X,0.0,0.0,0.0,0.0,0.0,0.0,0.0,0.0,26,0.03776821403450251,27,13,14,0,0,0,0,0,0,0,0,1,0
1d6z,B,218,LYS,-3.9,168.6,1.0,2,0,X,0.0,0.0,0.0,0.0,0.0,0.0,0.0,0.0,16,0.02471253510899547,10,11,-1,0,0,0,0,0,0,0,0,1,0
1d6z,B,219,LYS,-3.9,168.6,1.0,2,0,X,0.0,0.0,0.0,0.0,0.0,0.0,0.0,0.0,19,0.032639197313767604,10,16,-6,0,0,0,0,0,0,0,0,1,0
1d6z,B,220,VAL,4.2,140.0,0.0,0,0,X,0.0,0.0,0.0,0.0,0.0,0.0,0.0,0.0,31,0.04429605349725603,21,16,5,0,0,0,0,0,0,0,0,1,0
1d6z,B,221,ILE,4.5,166.7,0.0,0,0,X,0.0,0.0,0.0,0.0,0.0,0.0,0.0,0.0,32,0.04289723075523742,19,13,6,0,0,0,0,0,0,0,0,1,0
1d6z,B,222,THR,-0.7,116.1,0.0,1,1,X,0.0,0.0,0.0,0.0,0.0,0.0,0.0,0.0,33,0.045228601991935104,7,4,3,0,0,0,0,0,0,0,0,1,0
1d6z,B,223,THR,-0.7,116.1,0.0,1,1,X,0.0,0.0,0.0,0.0,0.0,0.0,0.0,0.0,35,0.043363505002576956,9,3,6,0,0,0,0,0,0,0,0,1,0
1d6z,B,224,PRO,-1.6,112.7,0.0,0,0,X,0.0,0.0,0.0,0.0,0.0,0.0,0.0,0.0,38,0.043363505002576956,6,14,-8,0,0,0,0,0,0,0,0,1,0
1d6z,B,225,LEU,3.8,166.7,0.0,0,0,X,0.0,0.0,0.0,0.0,0.0,0.0,0.0,0.0,37,0.043829779249916496,18,5,13,0,0,0,0,0,0,0,0,1,0
1d6z,B,226,THR,-0.7,116.1,0.0,1,1,X,0.0,0.0,0.0,0.0,0.0,0.0,0.0,0.0,36,0.048026247475972325,35,12,23,0,0,0,0,0,0,0,0,1,0
1d6z,B,227,VAL,4.2,140.0,0.0,0,0,X,0.0,0.0,0.0,0.0,0.0,0.0,0.0,0.0,39,0.04709369898129325,42,15,27,0,0,0,0,0,0,0,0,1,0
1d6z,B,228,GLY,-0.4,60.1,0.0,0,0,X,0.0,0.0,0.0,0.0,0.0,0.0,0.0,0.0,34,0.04709369898129325,39,15,24,0,0,0,0,0,0,0,0,1,0
1d6z,B,229,TYR,-1.3,193.6,0.0,1,1,X,0.0,0.0,0.0,0.0,0.0,0.0,0.0,0.0,26,0.048958795970651406,49,19,30,0,0,0,0,0,0,0,0,1,0
1d6z,B,230,PHE,2.8,189.9,0.0,0,0,X,0.0,0.0,0.0,0.0,0.0,0.0,0.0,0.0,30,0.04289723075523742,40,27,13,0,0,0,0,0,0,0,0,1,0
1d6z,B,231,ASP,-3.5,111.1,-1.0,1,3,X,0.0,0.0,0.0,0.0,0.0,0.0,0.0,0.0,17,0.030307826077069916,14,8,6,0,0,0,0,0,0,0,0,1,0
1d6z,B,232,GLY,-0.4,60.1,0.0,0,0,X,0.0,0.0,0.0,0.0,0.0,0.0,0.0,0.0,17,0.03170664881908853,21,16,5,0,0,0,0,0,0,0,0,1,0
1d6z,B,233,LYS,-3.9,168.6,1.0,2,0,X,0.0,0.0,0.0,0.0,0.0,0.0,0.0,0.0,17,0.029375277582390842,8,18,-10,0,0,0,0,0,0,0,0,1,0
1d6z,B,234,ASP,-3.5,111.1,-1.0,1,3,X,0.0,0.0,0.0,0.0,0.0,0.0,0.0,0.0,24,0.034970568550465285,29,12,17,0,0,0,0,0,0,0,0,1,0
1d6z,B,235,GLY,-0.4,60.1,0.0,0,0,X,0.0,0.0,0.0,0.0,0.0,0.0,0.0,0.0,20,0.022847438119637322,30,18,12,0,0,0,0,0,0,0,0,1,0
1d6z,B,236,LEU,3.8,166.7,0.0,0,0,X,0.0,0.0,0.0,0.0,0.0,0.0,0.0,0.0,28,0.032639197313767604,42,22,20,0,0,0,0,0,0,0,0,1,0
1d6z,B,237,LYS,-3.9,168.6,1.0,2,0,X,0.0,0.0,0.0,0.0,0.0,0.0,0.0,0.0,18,0.026577632098353617,20,16,4,0,0,0,0,0,0,0,0,1,0
1d6z,B,238,GLN,-3.5,143.8,0.0,2,2,X,0.0,0.0,0.0,0.0,0.0,0.0,0.0,0.0,22,0.03170664881908853,35,25,10,0,0,0,0,0,0,0,0,1,0
1d6z,B,239,ASP,-3.5,111.1,-1.0,1,3,X,0.0,0.0,0.0,0.0,0.0,0.0,0.0,0.0,15,0.027510180593032695,49,17,32,0,0,0,0,0,0,0,0,1,0
1d6z,B,240,ALA,1.8,88.6,0.0,0,0,X,0.0,0.0,0.0,0.0,0.0,0.0,0.0,0.0,25,0.03683566553982344,52,26,26,0,0,0,0,0,0,0,0,1,0
1d6z,B,241,ARG,-4.5,173.4,1.0,5,0,X,0.0,0.0,0.0,0.0,0.0,0.0,0.0,0.0,36,0.04662742473395372,47,36,11,0,0,0,0,0,0,0,0,1,0
1d6z,B,242,LEU,3.8,166.7,0.0,0,0,X,0.0,0.0,0.0,0.0,0.0,0.0,0.0,0.0,35,0.04662742473395372,57,25,32,0,0,0,0,0,0,0,0,1,0
1d6z,B,243,LEU,3.8,166.7,0.0,0,0,X,0.0,0.0,0.0,0.0,0.0,0.0,0.0,0.0,41,0.048026247475972325,30,19,11,0,0,0,0,0,0,0,0,1,0
1d6z,B,244,LYS,-3.9,168.6,1.0,2,0,X,0.0,0.0,0.0,0.0,0.0,0.0,0.0,0.0,39,0.04709369898129325,25,18,7,0,0,0,0,0,0,0,0,1,0
1d6z,B,245,VAL,4.2,140.0,0.0,0,0,X,0.0,0.0,0.0,0.0,0.0,0.0,0.0,0.0,40,0.048492521723311866,13,7,6,0,0,0,0,0,0,0,0,1,0
1d6z,B,246,ILE,4.5,166.7,0.0,0,0,X,0.0,0.0,0.0,0.0,0.0,0.0,0.0,0.0,36,0.045694876239274644,16,10,6,0,0,0,0,0,0,0,0,1,0
1d6z,B,247,SER,-0.8,89.0,0.0,1,1,X,0.0,0.0,0.0,0.0,0.0,0.0,0.0,0.0,35,0.048492521723311866,13,11,2,0,0,0,0,0,0,0,0,1,0
1d6z,B,248,TYR,-1.3,193.6,0.0,1,1,X,0.0,0.0,0.0,0.0,0.0,0.0,0.0,0.0,38,0.05222271570202816,16,17,-1,0,0,0,0,0,0,0,0,1,0
1d6z,B,249,LEU,3.8,166.7,0.0,0,0,X,0.0,0.0,0.0,0.0,0.0,0.0,0.0,0.0,31,0.05129016720734909,24,21,3,0,0,0,0,0,0,0,0,1,0
1d6z,B,250,ASP,-3.5,111.1,-1.0,1,3,X,0.0,0.0,0.0,0.0,0.0,0.0,0.0,0.0,26,0.043829779249916496,25,15,10,0,0,0,0,0,0,0,0,1,0
1d6z,B,251,VAL,4.2,140.0,0.0,0,0,X,0.0,0.0,0.0,0.0,0.0,0.0,0.0,0.0,23,0.035436842797804825,28,16,12,0,0,0,0,0,0,0,0,1,0
1d6z,B,252,GLY,-0.4,60.1,0.0,0,0,X,0.0,0.0,0.0,0.0,0.0,0.0,0.0,0.0,20,0.024246260861655933,26,19,7,0,0,0,0,0,0,0,0,1,0
1d6z,B,253,ASP,-3.5,111.1,-1.0,1,3,X,0.0,0.0,0.0,0.0,0.0,0.0,0.0,0.0,23,0.0363693912924839,26,20,6,0,0,0,0,0,0,0,0,1,0
1d6z,B,254,GLY,-0.4,60.1,0.0,0,0,X,0.0,0.0,0.0,0.0,0.0,0.0,0.0,0.0,26,0.03870076252918159,27,33,-6,0,0,0,0,0,0,0,0,1,0
1d6z,B,255,ASN,-3.5,114.1,0.0,2,2,X,0.0,0.0,0.0,0.0,0.0,0.0,0.0,0.0,36,0.0526889899493677,31,32,-1,0,0,0,0,0,0,0,0,1,0
1d6z,B,256,TYR,-1.3,193.6,0.0,1,1,X,0.0,0.0,0.0,0.0,0.0,0.0,0.0,0.0,33,0.05222271570202816,19,26,-7,0,0,0,0,0,0,0,0,1,0
1d6z,B,257,TRP,-0.9,227.8,0.0,1,0,X,0.0,0.0,0.0,0.0,0.0,0.0,0.0,0.0,37,0.053155264196707235,19,20,-1,0,0,0,0,0,0,0,0,1,0
1d6z,B,258,ALA,1.8,88.6,0.0,0,0,X,0.0,0.0,0.0,0.0,0.0,0.0,0.0,0.0,38,0.053621538444046775,28,26,2,0,0,0,0,0,0,0,0,1,0
1d6z,B,259,HIS,-3.2,153.2,0.1,2,1,X,0.0,0.0,0.0,0.0,0.0,0.0,0.0,0.0,37,0.05455408693872585,14,19,-5,0,0,0,0,0,0,0,0,1,0
1d6z,B,260,PRO,-1.6,112.7,0.0,0,0,X,0.0,0.0,0.0,0.0,0.0,0.0,0.0,0.0,38,0.05129016720734909,22,12,10,0,0,0,0,0,0,0,0,1,0
1d6z,B,261,ILE,4.5,166.7,0.0,0,0,X,0.0,0.0,0.0,0.0,0.0,0.0,0.0,0.0,43,0.05035761871267001,24,11,13,0,0,0,0,0,0,0,0,1,0
1d6z,B,262,GLU,-3.5,138.4,-1.0,1,3,X,0.0,0.0,0.0,0.0,0.0,0.0,0.0,0.0,36,0.04942507021799094,25,14,11,0,0,0,0,0,0,0,0,1,0
1d6z,B,263,ASN,-3.5,114.1,0.0,2,2,X,0.0,0.0,0.0,0.0,0.0,0.0,0.0,0.0,29,0.045694876239274644,16,36,-20,0,0,0,0,0,0,0,0,1,0
1d6z,B,264,LEU,3.8,166.7,0.0,0,0,X,0.0,0.0,0.0,0.0,0.0,0.0,0.0,0.0,39,0.05129016720734909,21,28,-7,0,0,0,0,0,0,0,0,1,0
1d6z,B,265,VAL,4.2,140.0,0.0,0,0,X,0.0,0.0,0.0,0.0,0.0,0.0,0.0,0.0,32,0.048958795970651406,23,26,-3,0,0,0,0,0,0,0,0,1,0
1d6z,B,266,ALA,1.8,88.6,0.0,0,0,X,0.0,0.0,0.0,0.0,0.0,0.0,0.0,0.0,35,0.04755997322863279,21,17,4,0,0,0,0,0,0,0,0,1,0
1d6z,B,267,VAL,4.2,140.0,0.0,0,0,X,0.0,0.0,0.0,0.0,0.0,0.0,0.0,0.0,34,0.04709369898129325,31,22,9,0,0,0,0,0,0,0,0,1,0
1d6z,B,268,VAL,4.2,140.0,0.0,0,0,X,0.0,0.0,0.0,0.0,0.0,0.0,0.0,0.0,36,0.05175644145468863,39,19,20,0,0,0,0,0,0,0,0,1,0
1d6z,B,269,ASP,-3.5,111.1,-1.0,1,3,X,0.0,0.0,0.0,0.0,0.0,0.0,0.0,0.0,27,0.045694876239274644,48,13,35,0,0,0,0,0,0,0,0,1,0
1d6z,B,270,LEU,3.8,166.7,0.0,0,0,X,0.0,0.0,0.0,0.0,0.0,0.0,0.0,0.0,33,0.04755997322863279,42,32,10,0,0,0,0,0,0,0,0,1,0
1d6z,B,271,GLU,-3.5,138.4,-1.0,1,3,X,0.0,0.0,0.0,0.0,0.0,0.0,0.0,0.0,22,0.03170664881908853,47,23,24,0,0,0,0,0,0,0,0,1,0
1d6z,B,272,GLN,-3.5,143.8,0.0,2,2,X,0.0,0.0,0.0,0.0,0.0,0.0,0.0,0.0,17,0.025645083603674543,27,17,10,0,0,0,0,0,0,0,0,1,0
1d6z,B,273,LYS,-3.9,168.6,1.0,2,0,X,0.0,0.0,0.0,0.0,0.0,0.0,0.0,0.0,20,0.032639197313767604,12,27,-15,0,0,0,0,0,0,0,0,1,0
1d6z,B,274,LYS,-3.9,168.6,1.0,2,0,X,0.0,0.0,0.0,0.0,0.0,0.0,0.0,0.0,21,0.0363693912924839,13,22,-9,0,0,0,0,0,0,0,0,1,0
1d6z,B,275,ILE,4.5,166.7,0.0,0,0,X,0.0,0.0,0.0,0.0,0.0,0.0,0.0,0.0,29,0.04243095650789788,23,25,-2,0,0,0,0,0,0,0,0,1,0
1d6z,B,276,VAL,4.2,140.0,0.0,0,0,X,0.0,0.0,0.0,0.0,0.0,0.0,0.0,0.0,24,0.03310547156110714,30,13,17,0,0,0,0,0,0,0,0,1,0
1d6z,B,277,LYS,-3.9,168.6,1.0,2,0,X,0.0,0.0,0.0,0.0,0.0,0.0,0.0,0.0,23,0.029375277582390842,12,27,-15,0,0,0,0,0,0,0,0,1,0
1d6z,B,278,ILE,4.5,166.7,0.0,0,0,X,0.0,0.0,0.0,0.0,0.0,0.0,0.0,0.0,27,0.03730193978716297,20,29,-9,0,0,0,0,0,0,0,0,1,0
1d6z,B,279,GLU,-3.5,138.4,-1.0,1,3,X,0.0,0.0,0.0,0.0,0.0,0.0,0.0,0.0,29,0.032639197313767604,19,16,3,0,0,0,0,0,0,0,0,1,0
1d6z,B,280,GLU,-3.5,138.4,-1.0,1,3,X,0.0,0.0,0.0,0.0,0.0,0.0,0.0,0.0,20,0.03403802005578621,23,15,8,0,0,0,0,0,0,0,0,1,0
1d6z,B,281,GLY,-0.4,60.1,0.0,0,0,X,0.0,0.0,0.0,0.0,0.0,0.0,0.0,0.0,17,0.02797645484037223,14,31,-17,0,0,0,0,0,0,0,0,1,0
1d6z,B,282,PRO,-1.6,112.7,0.0,0,0,X,0.0,0.0,0.0,0.0,0.0,0.0,0.0,0.0,19,0.023779986614316396,17,24,-7,0,0,0,0,0,0,0,0,1,0
1d6z,B,283,VAL,4.2,140.0,0.0,0,0,X,0.0,0.0,0.0,0.0,0.0,0.0,0.0,0.0,22,0.032172923066428064,29,14,15,0,0,0,0,0,0,0,0,1,0
1d6z,B,284,VAL,4.2,140.0,0.0,0,0,X,0.0,0.0,0.0,0.0,0.0,0.0,0.0,0.0,25,0.03916703677652112,31,12,19,0,0,0,0,0,0,0,0,1,0
1d6z,B,285,PRO,-1.6,112.7,0.0,0,0,X,0.0,0.0,0.0,0.0,0.0,0.0,0.0,0.0,25,0.032172923066428064,31,8,23,0,0,0,0,0,0,0,0,1,0
1d6z,B,286,VAL,4.2,140.0,0.0,0,0,X,0.0,0.0,0.0,0.0,0.0,0.0,0.0,0.0,30,0.04103213376587927,24,11,13,0,0,0,0,0,0,0,0,1,0
1d6z,B,287,PRO,-1.6,112.7,0.0,0,0,X,0.0,0.0,0.0,0.0,0.0,0.0,0.0,0.0,36,0.04196468226055834,37,16,21,0,0,0,0,0,0,0,0,1,0
1d6z,B,288,MET,1.9,162.9,0.0,0,0,X,0.0,0.0,0.0,0.0,0.0,0.0,0.0,0.0,24,0.03124037457174899,21,9,12,0,0,0,0,0,0,0,0,1,0
1d6z,B,289,THR,-0.7,116.1,0.0,1,1,X,0.0,0.0,0.0,0.0,0.0,0.0,0.0,0.0,21,0.02797645484037223,35,13,22,0,0,0,0,0,0,0,0,1,0
1d6z,B,290,ALA,1.8,88.6,0.0,0,0,X,0.0,0.0,0.0,0.0,0.0,0.0,0.0,0.0,26,0.03403802005578621,29,19,10,0,0,0,0,0,0,0,0,1,0
1d6z,B,291,ARG,-4.5,173.4,1.0,5,0,X,0.0,0.0,0.0,0.0,0.0,0.0,0.0,0.0,35,0.043829779249916496,27,30,-3,0,0,0,0,0,0,0,0,1,0
1d6z,B,292,PRO,-1.6,112.7,0.0,0,0,X,0.0,0.0,0.0,0.0,0.0,0.0,0.0,0.0,30,0.04616115048661418,36,29,7,0,0,0,0,0,0,0,0,1,0
1d6z,B,293,PHE,2.8,189.9,0.0,0,0,X,0.0,0.0,0.0,0.0,0.0,0.0,0.0,0.0,38,0.04662742473395372,37,29,8,0,0,0,0,0,0,0,0,1,0
1d6z,B,294,ASP,-3.5,111.1,-1.0,1,3,X,0.0,0.0,0.0,0.0,0.0,0.0,0.0,0.0,24,0.034970568550465285,34,15,19,0,0,0,0,0,0,0,0,1,0
1d6z,B,295,GLY,-0.4,60.1,0.0,0,0,X,0.0,0.0,0.0,0.0,0.0,0.0,0.0,0.0,24,0.03730193978716297,32,18,14,0,0,0,0,0,0,0,0,1,0
1d6z,B,296,ARG,-4.5,173.4,1.0,5,0,X,0.0,0.0,0.0,0.0,0.0,0.0,0.0,0.0,17,0.026577632098353617,19,24,-5,0,0,0,0,0,0,0,0,1,0
1d6z,B,297,ASP,-3.5,111.1,-1.0,1,3,X,0.0,0.0,0.0,0.0,0.0,0.0,0.0,0.0,18,0.03124037457174899,38,15,23,0,0,0,0,0,0,0,0,1,0
1d6z,B,298,ARG,-4.5,173.4,1.0,5,0,X,0.0,0.0,0.0,0.0,0.0,0.0,0.0,0.0,24,0.0363693912924839,20,20,0,0,0,0,0,0,0,0,0,1,0
1d6z,B,299,VAL,4.2,140.0,0.0,0,0,X,0.0,0.0,0.0,0.0,0.0,0.0,0.0,0.0,14,0.028909003335051305,24,8,16,0,0,0,0,0,0,0,0,1,0
1d6z,B,300,ALA,1.8,88.6,0.0,0,0,X,0.0,0.0,0.0,0.0,0.0,0.0,0.0,0.0,15,0.01958351838826056,18,2,16,0,0,0,0,0,0,0,0,1,0
1d6z,B,301,PRO,-1.6,112.7,0.0,0,0,X,0.0,0.0,0.0,0.0,0.0,0.0,0.0,0.0,15,0.016319598656883802,16,3,13,0,0,0,0,0,0,0,0,1,0
1d6z,B,302,ALA,1.8,88.6,0.0,0,0,X,0.0,0.0,0.0,0.0,0.0,0.0,0.0,0.0,11,0.015387050162204726,19,2,17,0,0,0,0,0,0,0,0,1,0
1d6z,B,303,VAL,4.2,140.0,0.0,0,0,X,0.0,0.0,0.0,0.0,0.0,0.0,0.0,0.0,18,0.026577632098353617,29,25,4,0,0,0,0,0,0,0,0,1,0
1d6z,B,304,LYS,-3.9,168.6,1.0,2,0,X,0.0,0.0,0.0,0.0,0.0,0.0,0.0,0.0,24,0.034970568550465285,18,23,-5,0,0,0,0,0,0,0,0,1,0
1d6z,B,305,PRO,-1.6,112.7,0.0,0,0,X,0.0,0.0,0.0,0.0,0.0,0.0,0.0,0.0,23,0.03450429430312575,25,25,0,0,0,0,0,0,0,0,0,1,0
1d6z,B,306,MET,1.9,162.9,0.0,0,0,X,0.0,0.0,0.0,0.0,0.0,0.0,0.0,0.0,26,0.03870076252918159,35,28,7,0,0,0,0,0,0,0,0,1,0
1d6z,B,307,GLN,-3.5,143.8,0.0,2,2,X,0.0,0.0,0.0,0.0,0.0,0.0,0.0,0.0,19,0.03683566553982344,6,19,-13,0,0,0,0,0,0,0,0,1,0
1d6z,B,308,ILE,4.5,166.7,0.0,0,0,X,0.0,0.0,0.0,0.0,0.0,0.0,0.0,0.0,21,0.04196468226055834,13,19,-6,0,0,0,0,0,0,0,0,1,0
1d6z,B,309,ILE,4.5,166.7,0.0,0,0,X,0.0,0.0,0.0,0.0,0.0,0.0,0.0,0.0,24,0.04662742473395372,5,17,-12,0,0,0,0,0,0,0,0,1,0
1d6z,B,310,GLU,-3.5,138.4,-1.0,1,3,X,0.0,0.0,0.0,0.0,0.0,0.0,0.0,0.0,31,0.04709369898129325,26,23,3,0,0,0,0,0,0,0,0,1,0
1d6z,B,311,PRO,-1.6,112.7,0.0,0,0,X,0.0,0.0,0.0,0.0,0.0,0.0,0.0,0.0,28,0.04103213376587927,25,21,4,0,0,0,0,0,0,0,0,1,0
1d6z,B,312,GLU,-3.5,138.4,-1.0,1,3,X,0.0,0.0,0.0,0.0,0.0,0.0,0.0,0.0,23,0.035436842797804825,19,10,9,0,0,0,0,0,0,0,0,1,0
1d6z,B,313,GLY,-0.4,60.1,0.0,0,0,X,0.0,0.0,0.0,0.0,0.0,0.0,0.0,0.0,34,0.05175644145468863,20,33,-13,0,0,0,0,0,0,0,0,1,0
1d6z,B,314,LYS,-3.9,168.6,1.0,2,0,X,0.0,0.0,0.0,0.0,0.0,0.0,0.0,0.0,38,0.04243095650789788,15,37,-22,0,0,0,0,0,0,0,0,1,0
1d6z,B,315,ASN,-3.5,114.1,0.0,2,2,X,0.0,0.0,0.0,0.0,0.0,0.0,0.0,0.0,29,0.04243095650789788,48,26,22,0,0,0,0,0,0,0,0,1,0
1d6z,B,316,TYR,-1.3,193.6,0.0,1,1,X,0.0,0.0,0.0,0.0,0.0,0.0,0.0,0.0,37,0.043829779249916496,34,21,13,0,0,0,0,0,0,0,0,1,0
1d6z,B,317,THR,-0.7,116.1,0.0,1,1,X,0.0,0.0,0.0,0.0,0.0,0.0,0.0,0.0,26,0.04429605349725603,21,11,10,0,0,0,0,0,0,0,0,1,0
1d6z,B,318,ILE,4.5,166.7,0.0,0,0,X,0.0,0.0,0.0,0.0,0.0,0.0,0.0,0.0,28,0.04289723075523742,11,18,-7,0,0,0,0,0,0,0,0,1,0
1d6z,B,319,THR,-0.7,116.1,0.0,1,1,X,0.0,0.0,0.0,0.0,0.0,0.0,0.0,0.0,23,0.03870076252918159,29,18,11,0,0,0,0,0,0,0,0,1,0
1d6z,B,320,GLY,-0.4,60.1,0.0,0,0,X,0.0,0.0,0.0,0.0,0.0,0.0,0.0,0.0,25,0.03357174580844668,25,20,5,0,0,0,0,0,0,0,0,1,0
1d6z,B,321,ASP,-3.5,111.1,-1.0,1,3,X,0.0,0.0,0.0,0.0,0.0,0.0,0.0,0.0,31,0.043363505002576956,22,14,8,0,0,0,0,0,0,0,0,1,0
1d6z,B,322,MET,1.9,162.9,0.0,0,0,X,0.0,0.0,0.0,0.0,0.0,0.0,0.0,0.0,34,0.045228601991935104,33,24,9,0,0,0,0,0,0,0,0,1,0
1d6z,B,323,ILE,4.5,166.7,0.0,0,0,X,0.0,0.0,0.0,0.0,0.0,0.0,0.0,0.0,34,0.04755997322863279,22,15,7,0,0,0,0,0,0,0,0,1,0
1d6z,B,324,HIS,-3.2,153.2,0.1,2,1,X,0.0,0.0,0.0,0.0,0.0,0.0,0.0,0.0,22,0.04476232774459557,15,8,7,0,0,0,0,0,0,0,0,1,0
1d6z,B,325,TRP,-0.9,227.8,0.0,1,0,X,0.0,0.0,0.0,0.0,0.0,0.0,0.0,0.0,32,0.043829779249916496,42,33,9,0,0,0,0,0,0,0,0,1,0
1d6z,B,326,ARG,-4.5,173.4,1.0,5,0,X,0.0,0.0,0.0,0.0,0.0,0.0,0.0,0.0,30,0.040565859518539735,33,22,11,0,0,0,0,0,0,0,0,1,0
1d6z,B,327,ASN,-3.5,114.1,0.0,2,2,X,0.0,0.0,0.0,0.0,0.0,0.0,0.0,0.0,27,0.040099585271200194,37,25,12,0,0,0,0,0,0,0,0,1,0
1d6z,B,328,TRP,-0.9,227.8,0.0,1,0,X,0.0,0.0,0.0,0.0,0.0,0.0,0.0,0.0,36,0.0526889899493677,35,20,15,0,0,0,0,0,0,0,0,1,0
1d6z,B,329,ASP,-3.5,111.1,-1.0,1,3,X,0.0,0.0,0.0,0.0,0.0,0.0,0.0,0.0,34,0.048958795970651406,38,3,35,0,0,0,0,0,0,0,0,1,0
1d6z,B,330,PHE,2.8,189.9,0.0,0,0,X,0.0,0.0,0.0,0.0,0.0,0.0,0.0,0.0,37,0.04942507021799094,25,13,12,0,0,0,0,0,0,0,0,1,0
1d6z,B,331,HIS,-3.2,153.2,0.1,2,1,X,0.0,0.0,0.0,0.0,0.0,0.0,0.0,0.0,38,0.05035761871267001,11,26,-15,0,0,0,0,0,0,0,0,1,0
1d6z,B,332,LEU,3.8,166.7,0.0,0,0,X,0.0,0.0,0.0,0.0,0.0,0.0,0.0,0.0,38,0.045228601991935104,19,15,4,0,0,0,0,0,0,0,0,1,0
1d6z,B,333,SER,-0.8,89.0,0.0,1,1,X,0.0,0.0,0.0,0.0,0.0,0.0,0.0,0.0,36,0.04289723075523742,14,19,-5,0,0,0,0,0,0,0,0,1,0
1d6z,B,334,MET,1.9,162.9,0.0,0,0,X,0.0,0.0,0.0,0.0,0.0,0.0,0.0,0.0,37,0.04196468226055834,9,14,-5,0,0,0,0,0,0,0,0,1,0
1d6z,B,335,ASN,-3.5,114.1,0.0,2,2,X,0.0,0.0,0.0,0.0,0.0,0.0,0.0,0.0,38,0.040565859518539735,14,13,1,0,0,0,0,0,0,0,0,1,0
1d6z,B,336,SER,-0.8,89.0,0.0,1,1,X,0.0,0.0,0.0,0.0,0.0,0.0,0.0,0.0,41,0.045694876239274644,10,16,-6,0,0,0,0,0,0,0,0,1,0
1d6z,B,337,ARG,-4.5,173.4,1.0,5,0,X,0.0,0.0,0.0,0.0,0.0,0.0,0.0,0.0,37,0.04476232774459557,16,29,-13,0,0,0,0,0,0,0,0,1,0
1d6z,B,338,VAL,4.2,140.0,0.0,0,0,X,0.0,0.0,0.0,0.0,0.0,0.0,0.0,0.0,40,0.04942507021799094,26,11,15,0,0,0,0,0,0,0,0,1,0
1d6z,B,339,GLY,-0.4,60.1,0.0,0,0,X,0.0,0.0,0.0,0.0,0.0,0.0,0.0,0.0,38,0.048492521723311866,8,9,-1,0,0,0,0,0,0,0,0,1,0
1d6z,B,340,PRO,-1.6,112.7,0.0,0,0,X,0.0,0.0,0.0,0.0,0.0,0.0,0.0,0.0,36,0.04709369898129325,10,9,1,0,0,0,0,0,0,0,0,1,0
1d6z,B,341,MET,1.9,162.9,0.0,0,0,X,0.0,0.0,0.0,0.0,0.0,0.0,0.0,0.0,37,0.045228601991935104,24,14,10,0,0,0,0,0,0,0,0,1,0
1d6z,B,342,ILE,4.5,166.7,0.0,0,0,X,0.0,0.0,0.0,0.0,0.0,0.0,0.0,0.0,39,0.0526889899493677,14,19,-5,0,0,0,0,0,0,0,0,1,0
1d6z,B,343,SER,-0.8,89.0,0.0,1,1,X,0.0,0.0,0.0,0.0,0.0,0.0,0.0,0.0,34,0.0526889899493677,19,26,-7,0,0,0,0,0,0,0,0,1,0
1d6z,B,344,THR,-0.7,116.1,0.0,1,1,X,0.0,0.0,0.0,0.0,0.0,0.0,0.0,0.0,37,0.056419183928083996,40,27,13,0,0,0,0,0,0,0,0,1,0
1d6z,B,345,VAL,4.2,140.0,0.0,0,0,X,0.0,0.0,0.0,0.0,0.0,0.0,0.0,0.0,40,0.05129016720734909,30,27,3,0,0,0,0,0,0,0,0,1,0
1d6z,B,346,THR,-0.7,116.1,0.0,1,1,X,0.0,0.0,0.0,0.0,0.0,0.0,0.0,0.0,35,0.05129016720734909,36,17,19,0,0,0,0,0,0,0,0,1,0
1d6z,B,347,TYR,-1.3,193.6,0.0,1,1,X,0.0,0.0,0.0,0.0,0.0,0.0,0.0,0.0,32,0.0526889899493677,35,26,9,0,0,0,0,0,0,0,0,1,0
1d6z,B,348,ASN,-3.5,114.1,0.0,2,2,X,0.0,0.0,0.0,0.0,0.0,0.0,0.0,0.0,22,0.04476232774459557,31,17,14,0,0,0,0,0,0,0,0,1,0
1d6z,B,349,ASP,-3.5,111.1,-1.0,1,3,X,0.0,0.0,0.0,0.0,0.0,0.0,0.0,0.0,18,0.0363693912924839,19,13,6,0,0,0,0,0,0,0,0,1,0
1d6z,B,350,ASN,-3.5,114.1,0.0,2,2,X,0.0,0.0,0.0,0.0,0.0,0.0,0.0,0.0,16,0.02144861537761871,12,12,0,0,0,0,0,0,0,0,0,1,0
1d6z,B,351,GLY,-0.4,60.1,0.0,0,0,X,0.0,0.0,0.0,0.0,0.0,0.0,0.0,0.0,11,0.020049792635600097,17,9,8,0,0,0,0,0,0,0,0,1,0
1d6z,B,352,THR,-0.7,116.1,0.0,1,1,X,0.0,0.0,0.0,0.0,0.0,0.0,0.0,0.0,16,0.023779986614316396,23,12,11,0,0,0,0,0,0,0,0,1,0
1d6z,B,353,LYS,-3.9,168.6,1.0,2,0,X,0.0,0.0,0.0,0.0,0.0,0.0,0.0,0.0,26,0.03683566553982344,19,21,-2,0,0,0,0,0,0,0,0,1,0
1d6z,B,354,ARG,-4.5,173.4,1.0,5,0,X,0.0,0.0,0.0,0.0,0.0,0.0,0.0,0.0,32,0.04289723075523742,21,21,0,0,0,0,0,0,0,0,0,1,0
1d6z,B,355,LYS,-3.9,168.6,1.0,2,0,X,0.0,0.0,0.0,0.0,0.0,0.0,0.0,0.0,35,0.04942507021799094,27,30,-3,0,0,0,0,0,0,0,0,1,0
1d6z,B,356,VAL,4.2,140.0,0.0,0,0,X,0.0,0.0,0.0,0.0,0.0,0.0,0.0,0.0,43,0.053621538444046775,26,34,-8,0,0,0,0,0,0,0,0,1,0
1d6z,B,357,MET,1.9,162.9,0.0,0,0,X,0.0,0.0,0.0,0.0,0.0,0.0,0.0,0.0,43,0.050823892960009553,21,30,-9,0,0,0,0,0,0,0,0,1,0
1d6z,B,358,TYR,-1.3,193.6,0.0,1,1,X,0.0,0.0,0.0,0.0,0.0,0.0,0.0,0.0,40,0.05455408693872585,34,45,-11,0,0,0,0,0,0,0,0,1,0
1d6z,B,359,GLU,-3.5,138.4,-1.0,1,3,X,0.0,0.0,0.0,0.0,0.0,0.0,0.0,0.0,37,0.050823892960009553,40,18,22,0,0,0,0,0,0,0,0,1,0
1d6z,B,360,GLY,-0.4,60.1,0.0,0,0,X,0.0,0.0,0.0,0.0,0.0,0.0,0.0,0.0,34,0.05035761871267001,25,17,8,0,0,0,0,0,0,0,0,1,0
1d6z,B,361,SER,-0.8,89.0,0.0,1,1,X,0.0,0.0,0.0,0.0,0.0,0.0,0.0,0.0,34,0.04942507021799094,24,14,10,0,0,0,0,0,0,0,0,1,0
1d6z,B,362,LEU,3.8,166.7,0.0,0,0,X,0.0,0.0,0.0,0.0,0.0,0.0,0.0,0.0,39,0.05035761871267001,23,7,16,0,0,0,0,0,0,0,0,1,0
1d6z,B,363,GLY,-0.4,60.1,0.0,0,0,X,0.0,0.0,0.0,0.0,0.0,0.0,0.0,0.0,39,0.050823892960009553,32,12,20,0,0,0,0,0,0,0,0,1,0
1d6z,B,364,GLY,-0.4,60.1,0.0,0,0,X,0.0,0.0,0.0,0.0,0.0,0.0,0.0,0.0,38,0.056419183928083996,22,17,5,0,0,0,0,0,0,0,0,1,0
1d6z,B,365,MET,1.9,162.9,0.0,0,0,X,0.0,0.0,0.0,0.0,0.0,0.0,0.0,0.0,39,0.05222271570202816,15,20,-5,0,0,0,0,0,0,0,0,1,0
1d6z,B,366,ILE,4.5,166.7,0.0,0,0,X,0.0,0.0,0.0,0.0,0.0,0.0,0.0,0.0,44,0.05222271570202816,21,20,1,0,0,0,0,0,0,0,0,1,0
1d6z,B,367,VAL,4.2,140.0,0.0,0,0,X,0.0,0.0,0.0,0.0,0.0,0.0,0.0,0.0,38,0.05408781269138631,32,8,24,0,0,0,0,0,0,0,0,1,0
1d6z,B,368,PRO,-1.6,112.7,0.0,0,0,X,0.0,0.0,0.0,0.0,0.0,0.0,0.0,0.0,37,0.05129016720734909,37,4,33,0,0,0,0,0,0,0,0,1,0
1d6z,B,369,TYR,-1.3,193.6,0.0,1,1,X,0.0,0.0,0.0,0.0,0.0,0.0,0.0,0.0,37,0.05408781269138631,42,15,27,0,0,0,0,0,0,0,0,1,1
1d6z,B,370,GLY,-0.4,60.1,0.0,0,0,X,0.0,0.0,0.0,0.0,0.0,0.0,0.0,0.0,39,0.05548663543340492,44,20,24,0,0,0,0,0,0,0,0,1,0
1d6z,B,371,ASP,-3.5,111.1,-1.0,1,3,X,0.0,0.0,0.0,0.0,0.0,0.0,0.0,0.0,37,0.053155264196707235,39,16,23,0,0,0,0,0,0,0,0,1,0
1d6z,B,372,PRO,-1.6,112.7,0.0,0,0,X,0.0,0.0,0.0,0.0,0.0,0.0,0.0,0.0,34,0.0526889899493677,25,20,5,0,0,0,0,0,0,0,0,1,0
1d6z,B,373,ASP,-3.5,111.1,-1.0,1,3,X,0.0,0.0,0.0,0.0,0.0,0.0,0.0,0.0,34,0.040565859518539735,20,21,-1,0,0,0,0,0,0,0,0,1,0
1d6z,B,374,ILE,4.5,166.7,0.0,0,0,X,0.0,0.0,0.0,0.0,0.0,0.0,0.0,0.0,31,0.04476232774459557,19,39,-20,0,0,0,0,0,0,0,0,1,0
1d6z,B,375,GLY,-0.4,60.1,0.0,0,0,X,0.0,0.0,0.0,0.0,0.0,0.0,0.0,0.0,36,0.053621538444046775,27,37,-10,0,0,0,0,0,0,0,0,1,0
1d6z,B,376,TRP,-0.9,227.8,0.0,1,0,X,0.0,0.0,0.0,0.0,0.0,0.0,0.0,0.0,35,0.05175644145468863,27,24,3,0,0,0,0,0,0,0,0,1,0
1d6z,B,377,TYR,-1.3,193.6,0.0,1,1,X,0.0,0.0,0.0,0.0,0.0,0.0,0.0,0.0,35,0.05222271570202816,31,32,-1,0,0,0,0,0,0,0,0,1,0
1d6z,B,378,PHE,2.8,189.9,0.0,0,0,X,0.0,0.0,0.0,0.0,0.0,0.0,0.0,0.0,36,0.04662742473395372,27,23,4,0,0,0,0,0,0,0,0,1,0
1d6z,B,379,LYS,-3.9,168.6,1.0,2,0,X,0.0,0.0,0.0,0.0,0.0,0.0,0.0,0.0,40,0.048026247475972325,23,13,10,0,0,0,0,0,0,0,0,1,0
1d6z,B,380,ALA,1.8,88.6,0.0,0,0,X,0.0,0.0,0.0,0.0,0.0,0.0,0.0,0.0,37,0.04755997322863279,25,10,15,0,0,0,0,0,0,0,0,1,0
1d6z,B,381,TYR,-1.3,193.6,0.0,1,1,X,0.0,0.0,0.0,0.0,0.0,0.0,0.0,0.0,35,0.045228601991935104,17,16,1,0,0,0,0,0,0,0,0,1,1
1d6z,B,382,LEU,3.8,166.7,0.0,0,0,X,0.0,0.0,0.0,0.0,0.0,0.0,0.0,0.0,43,0.050823892960009553,19,25,-6,0,0,0,0,0,0,0,0,1,0
1d6z,B,383,ASP,-3.5,111.1,-1.0,1,3,X,0.0,0.0,0.0,0.0,0.0,0.0,0.0,0.0,41,0.04755997322863279,9,16,-7,0,0,0,0,0,0,0,0,1,0
1d6z,B,384,SER,-0.8,89.0,0.0,1,1,X,0.0,0.0,0.0,0.0,0.0,0.0,0.0,0.0,40,0.050823892960009553,14,26,-12,0,0,0,0,0,0,0,0,1,0
1d6z,B,385,GLY,-0.4,60.1,0.0,0,0,X,0.0,0.0,0.0,0.0,0.0,0.0,0.0,0.0,43,0.05408781269138631,21,29,-8,0,0,0,0,0,0,0,0,1,0
1d6z,B,386,ASP,-3.5,111.1,-1.0,1,3,X,0.0,0.0,0.0,0.0,0.0,0.0,0.0,0.0,40,0.04755997322863279,28,17,11,0,0,0,0,0,0,0,0,1,0
1d6z,B,387,TYR,-1.3,193.6,0.0,1,1,X,0.0,0.0,0.0,0.0,0.0,0.0,0.0,0.0,35,0.045694876239274644,5,19,-14,0,0,0,0,0,0,0,0,1,0
1d6z,B,388,GLY,-0.4,60.1,0.0,0,0,X,0.0,0.0,0.0,0.0,0.0,0.0,0.0,0.0,38,0.048492521723311866,11,23,-12,0,0,0,0,0,0,0,0,1,0
1d6z,B,389,MET,1.9,162.9,0.0,0,0,X,0.0,0.0,0.0,0.0,0.0,0.0,0.0,0.0,38,0.0526889899493677,8,16,-8,0,0,0,0,0,0,0,0,1,0
1d6z,B,390,GLY,-0.4,60.1,0.0,0,0,X,0.0,0.0,0.0,0.0,0.0,0.0,0.0,0.0,39,0.05035761871267001,7,11,-4,0,0,0,0,0,0,0,0,1,0
1d6z,B,391,THR,-0.7,116.1,0.0,1,1,X,0.0,0.0,0.0,0.0,0.0,0.0,0.0,0.0,40,0.03823448828184205,6,19,-13,0,0,0,0,0,0,0,0,1,0
1d6z,B,392,LEU,3.8,166.7,0.0,0,0,X,0.0,0.0,0.0,0.0,0.0,0.0,0.0,0.0,37,0.03870076252918159,4,11,-7,0,0,0,0,0,0,0,0,1,0
1d6z,B,393,THR,-0.7,116.1,0.0,1,1,X,0.0,0.0,0.0,0.0,0.0,0.0,0.0,0.0,38,0.048492521723311866,12,9,3,0,0,0,0,0,0,0,0,1,0
1d6z,B,394,SER,-0.8,89.0,0.0,1,1,X,0.0,0.0,0.0,0.0,0.0,0.0,0.0,0.0,35,0.04476232774459557,27,17,10,0,0,0,0,0,0,0,0,1,0
1d6z,B,395,PRO,-1.6,112.7,0.0,0,0,X,0.0,0.0,0.0,0.0,0.0,0.0,0.0,0.0,37,0.040565859518539735,22,12,10,0,0,0,0,0,0,0,0,1,0
1d6z,B,396,ILE,4.5,166.7,0.0,0,0,X,0.0,0.0,0.0,0.0,0.0,0.0,0.0,0.0,35,0.04755997322863279,44,9,35,0,0,0,0,0,0,0,0,1,0
1d6z,B,397,ALA,1.8,88.6,0.0,0,0,X,0.0,0.0,0.0,0.0,0.0,0.0,0.0,0.0,29,0.03916703677652112,40,12,28,0,0,0,0,0,0,0,0,1,0
1d6z,B,398,ARG,-4.5,173.4,1.0,5,0,X,0.0,0.0,0.0,0.0,0.0,0.0,0.0,0.0,29,0.0363693912924839,30,23,7,0,0,0,0,0,0,0,0,1,0
1d6z,B,399,GLY,-0.4,60.1,0.0,0,0,X,0.0,0.0,0.0,0.0,0.0,0.0,0.0,0.0,30,0.03403802005578621,30,21,9,0,0,0,0,0,0,0,0,1,0
1d6z,B,400,LYS,-3.9,168.6,1.0,2,0,X,0.0,0.0,0.0,0.0,0.0,0.0,0.0,0.0,25,0.04243095650789788,24,21,3,0,0,0,0,0,0,0,0,1,0
1d6z,B,401,ASP,-3.5,111.1,-1.0,1,3,X,0.0,0.0,0.0,0.0,0.0,0.0,0.0,0.0,43,0.04989134446533048,46,17,29,0,0,0,0,0,0,0,0,1,0
1d6z,B,402,ALA,1.8,88.6,0.0,0,0,X,0.0,0.0,0.0,0.0,0.0,0.0,0.0,0.0,39,0.048492521723311866,41,22,19,0,0,0,0,0,0,0,0,1,0
1d6z,B,403,PRO,-1.6,112.7,0.0,0,0,X,0.0,0.0,0.0,0.0,0.0,0.0,0.0,0.0,34,0.04289723075523742,37,21,16,0,0,0,0,0,0,0,0,1,0
1d6z,B,404,SER,-0.8,89.0,0.0,1,1,X,0.0,0.0,0.0,0.0,0.0,0.0,0.0,0.0,31,0.03730193978716297,23,30,-7,0,0,0,0,0,0,0,0,1,0
1d6z,B,405,ASN,-3.5,114.1,0.0,2,2,X,0.0,0.0,0.0,0.0,0.0,0.0,0.0,0.0,35,0.043363505002576956,22,26,-4,0,0,0,0,0,0,0,0,1,0
1d6z,B,406,ALA,1.8,88.6,0.0,0,0,X,0.0,0.0,0.0,0.0,0.0,0.0,0.0,0.0,38,0.04709369898129325,36,24,12,0,0,0,0,0,0,0,0,1,0
1d6z,B,407,VAL,4.2,140.0,0.0,0,0,X,0.0,0.0,0.0,0.0,0.0,0.0,0.0,0.0,36,0.04476232774459557,33,18,15,0,0,0,0,0,0,0,0,1,0
1d6z,B,408,LEU,3.8,166.7,0.0,0,0,X,0.0,0.0,0.0,0.0,0.0,0.0,0.0,0.0,35,0.045694876239274644,37,15,22,0,0,0,0,0,0,0,0,1,0
1d6z,B,409,LEU,3.8,166.7,0.0,0,0,X,0.0,0.0,0.0,0.0,0.0,0.0,0.0,0.0,34,0.03963331102386066,16,25,-9,0,0,0,0,0,0,0,0,1,0
1d6z,B,410,ASN,-3.5,114.1,0.0,2,2,X,0.0,0.0,0.0,0.0,0.0,0.0,0.0,0.0,23,0.035436842797804825,14,22,-8,0,0,0,0,0,0,0,0,1,0
1d6z,B,411,GLU,-3.5,138.4,-1.0,1,3,X,0.0,0.0,0.0,0.0,0.0,0.0,0.0,0.0,29,0.04103213376587927,5,14,-9,0,0,0,0,0,0,0,0,1,0
1d6z,B,412,THR,-0.7,116.1,0.0,1,1,X,0.0,0.0,0.0,0.0,0.0,0.0,0.0,0.0,29,0.03870076252918159,0,26,-26,0,0,0,0,0,0,0,0,1,0
1d6z,B,413,ILE,4.5,166.7,0.0,0,0,X,0.0,0.0,0.0,0.0,0.0,0.0,0.0,0.0,36,0.045694876239274644,2,29,-27,0,0,0,0,0,0,0,0,1,0
1d6z,B,414,ALA,1.8,88.6,0.0,0,0,X,0.0,0.0,0.0,0.0,0.0,0.0,0.0,0.0,36,0.04616115048661418,6,25,-19,0,0,0,0,0,0,0,0,1,0
1d6z,B,415,ASP,-3.5,111.1,-1.0,1,3,X,0.0,0.0,0.0,0.0,0.0,0.0,0.0,0.0,25,0.040565859518539735,8,8,0,0,0,0,0,0,0,0,0,1,0
1d6z,B,416,TYR,-1.3,193.6,0.0,1,1,X,0.0,0.0,0.0,0.0,0.0,0.0,0.0,0.0,23,0.04476232774459557,11,25,-14,0,0,0,0,0,0,0,0,1,0
1d6z,B,417,THR,-0.7,116.1,0.0,1,1,X,0.0,0.0,0.0,0.0,0.0,0.0,0.0,0.0,23,0.03450429430312575,14,15,-1,0,0,0,0,0,0,0,0,1,0
1d6z,B,418,GLY,-0.4,60.1,0.0,0,0,X,0.0,0.0,0.0,0.0,0.0,0.0,0.0,0.0,31,0.04476232774459557,19,18,1,0,0,0,0,0,0,0,0,1,0
1d6z,B,419,VAL,4.2,140.0,0.0,0,0,X,0.0,0.0,0.0,0.0,0.0,0.0,0.0,0.0,20,0.032172923066428064,11,11,0,0,0,0,0,0,0,0,0,1,0
1d6z,B,420,PRO,-1.6,112.7,0.0,0,0,X,0.0,0.0,0.0,0.0,0.0,0.0,0.0,0.0,22,0.03730193978716297,9,29,-20,0,0,0,0,0,0,0,0,1,0
1d6z,B,421,MET,1.9,162.9,0.0,0,0,X,0.0,0.0,0.0,0.0,0.0,0.0,0.0,0.0,25,0.032639197313767604,0,23,-23,0,0,0,0,0,0,0,0,1,0
1d6z,B,422,GLU,-3.5,138.4,-1.0,1,3,X,0.0,0.0,0.0,0.0,0.0,0.0,0.0,0.0,17,0.030774100324409453,7,9,-2,0,0,0,0,0,0,0,0,1,0
1d6z,B,423,ILE,4.5,166.7,0.0,0,0,X,0.0,0.0,0.0,0.0,0.0,0.0,0.0,0.0,27,0.04243095650789788,11,18,-7,0,0,0,0,0,0,0,0,1,0
1d6z,B,424,PRO,-1.6,112.7,0.0,0,0,X,0.0,0.0,0.0,0.0,0.0,0.0,0.0,0.0,18,0.03450429430312575,14,17,-3,0,0,0,0,0,0,0,0,1,0
1d6z,B,425,ARG,-4.5,173.4,1.0,5,0,X,0.0,0.0,0.0,0.0,0.0,0.0,0.0,0.0,29,0.04243095650789788,17,18,-1,0,0,0,0,0,0,0,0,1,0
1d6z,B,426,ALA,1.8,88.6,0.0,0,0,X,0.0,0.0,0.0,0.0,0.0,0.0,0.0,0.0,36,0.05502036118606539,19,17,2,0,0,0,0,0,0,0,0,1,0
1d6z,B,427,ILE,4.5,166.7,0.0,0,0,X,0.0,0.0,0.0,0.0,0.0,0.0,0.0,0.0,41,0.05129016720734909,15,13,2,0,0,0,0,0,0,0,0,1,0
1d6z,B,428,ALA,1.8,88.6,0.0,0,0,X,0.0,0.0,0.0,0.0,0.0,0.0,0.0,0.0,43,0.050823892960009553,24,20,4,0,0,0,0,0,0,0,0,1,0
1d6z,B,429,VAL,4.2,140.0,0.0,0,0,X,0.0,0.0,0.0,0.0,0.0,0.0,0.0,0.0,39,0.04709369898129325,17,21,-4,0,0,0,0,0,0,0,0,1,0
1d6z,B,430,PHE,2.8,189.9,0.0,0,0,X,0.0,0.0,0.0,0.0,0.0,0.0,0.0,0.0,34,0.04989134446533048,27,29,-2,0,0,0,0,0,0,0,0,1,0
1d6z,B,431,GLU,-3.5,138.4,-1.0,1,3,X,0.0,0.0,0.0,0.0,0.0,0.0,0.0,0.0,35,0.05408781269138631,51,24,27,0,0,0,0,0,0,0,0,1,0
1d6z,B,432,ARG,-4.5,173.4,1.0,5,0,X,0.0,0.0,0.0,0.0,0.0,0.0,0.0,0.0,26,0.045694876239274644,30,26,4,0,0,0,0,0,0,0,0,1,0
1d6z,B,433,TYR,-1.3,193.6,0.0,1,1,X,0.0,0.0,0.0,0.0,0.0,0.0,0.0,0.0,27,0.040565859518539735,50,35,15,0,0,0,0,0,0,0,0,1,0
1d6z,B,434,ALA,1.8,88.6,0.0,0,0,X,0.0,0.0,0.0,0.0,0.0,0.0,0.0,0.0,33,0.03916703677652112,55,40,15,0,0,0,0,0,0,0,0,1,0
1d6z,B,435,GLY,-0.4,60.1,0.0,0,0,X,0.0,0.0,0.0,0.0,0.0,0.0,0.0,0.0,32,0.04755997322863279,53,37,16,0,0,0,0,0,0,0,0,1,0
1d6z,B,436,PRO,-1.6,112.7,0.0,0,0,X,0.0,0.0,0.0,0.0,0.0,0.0,0.0,0.0,40,0.056419183928083996,42,36,6,0,0,0,0,0,0,0,0,1,0
1d6z,B,437,GLU,-3.5,138.4,-1.0,1,3,X,0.0,0.0,0.0,0.0,0.0,0.0,0.0,0.0,38,0.04662742473395372,39,32,7,0,0,0,0,0,0,0,0,1,0
1d6z,B,438,TYR,-1.3,193.6,0.0,1,1,X,0.0,0.0,0.0,0.0,0.0,0.0,0.0,0.0,39,0.053155264196707235,34,33,1,0,0,0,0,0,0,0,0,1,0
1d6z,B,439,LYS,-3.9,168.6,1.0,2,0,X,0.0,0.0,0.0,0.0,0.0,0.0,0.0,0.0,39,0.05781800667010261,19,29,-10,0,0,0,0,0,0,0,0,1,0
1d6z,B,440,HIS,-3.2,153.2,0.1,2,1,X,0.0,0.0,0.0,0.0,0.0,0.0,0.0,0.0,35,0.053621538444046775,9,25,-16,0,0,0,0,0,0,0,0,1,0
1d6z,B,441,GLN,-3.5,143.8,0.0,2,2,X,0.0,0.0,0.0,0.0,0.0,0.0,0.0,0.0,32,0.04662742473395372,20,19,1,0,0,0,0,0,0,0,0,1,0
1d6z,B,442,GLU,-3.5,138.4,-1.0,1,3,X,0.0,0.0,0.0,0.0,0.0,0.0,0.0,0.0,25,0.043363505002576956,12,7,5,0,0,0,0,0,0,0,0,1,0
1d6z,B,443,MET,1.9,162.9,0.0,0,0,X,0.0,0.0,0.0,0.0,0.0,0.0,0.0,0.0,23,0.02611135785101408,7,10,-3,0,0,0,0,0,0,0,0,1,0
1d6z,B,444,GLY,-0.4,60.1,0.0,0,0,X,0.0,0.0,0.0,0.0,0.0,0.0,0.0,0.0,9,0.019117244140921023,3,9,-6,0,0,0,0,0,0,0,0,1,0
1d6z,B,445,GLN,-3.5,143.8,0.0,2,2,X,0.0,0.0,0.0,0.0,0.0,0.0,0.0,0.0,15,0.02331371236697686,10,12,-2,0,0,0,0,0,0,0,0,1,0
1d6z,B,446,PRO,-1.6,112.7,0.0,0,0,X,0.0,0.0,0.0,0.0,0.0,0.0,0.0,0.0,14,0.023779986614316396,11,17,-6,0,0,0,0,0,0,0,0,1,0
1d6z,B,447,ASN,-3.5,114.1,0.0,2,2,X,0.0,0.0,0.0,0.0,0.0,0.0,0.0,0.0,26,0.03310547156110714,28,23,5,0,0,0,0,0,0,0,0,1,0
1d6z,B,448,VAL,4.2,140.0,0.0,0,0,X,0.0,0.0,0.0,0.0,0.0,0.0,0.0,0.0,31,0.04289723075523742,25,26,-1,0,0,0,0,0,0,0,0,1,0
1d6z,B,449,SER,-0.8,89.0,0.0,1,1,X,0.0,0.0,0.0,0.0,0.0,0.0,0.0,0.0,32,0.04243095650789788,30,31,-1,0,0,0,0,0,0,0,0,1,0
1d6z,B,450,THR,-0.7,116.1,0.0,1,1,X,0.0,0.0,0.0,0.0,0.0,0.0,0.0,0.0,35,0.03916703677652112,39,34,5,0,0,0,0,0,0,0,0,1,0
1d6z,B,451,GLU,-3.5,138.4,-1.0,1,3,X,0.0,0.0,0.0,0.0,0.0,0.0,0.0,0.0,29,0.045694876239274644,42,26,16,0,0,0,0,0,0,0,0,1,0
1d6z,B,452,ARG,-4.5,173.4,1.0,5,0,X,0.0,0.0,0.0,0.0,0.0,0.0,0.0,0.0,35,0.048958795970651406,41,43,-2,0,0,0,0,0,0,0,0,1,0
1d6z,B,453,ARG,-4.5,173.4,1.0,5,0,X,0.0,0.0,0.0,0.0,0.0,0.0,0.0,0.0,32,0.053621538444046775,37,46,-9,0,0,0,0,0,0,0,0,1,0
1d6z,B,454,GLU,-3.5,138.4,-1.0,1,3,X,0.0,0.0,0.0,0.0,0.0,0.0,0.0,0.0,30,0.05595290968074446,48,27,21,0,0,0,0,0,0,0,0,1,0
1d6z,B,455,LEU,3.8,166.7,0.0,0,0,X,0.0,0.0,0.0,0.0,0.0,0.0,0.0,0.0,37,0.05502036118606539,46,30,16,0,0,0,0,0,0,0,0,1,0
1d6z,B,456,VAL,4.2,140.0,0.0,0,0,X,0.0,0.0,0.0,0.0,0.0,0.0,0.0,0.0,36,0.0526889899493677,30,31,-1,0,0,0,0,0,0,0,0,1,0
1d6z,B,457,VAL,4.2,140.0,0.0,0,0,X,0.0,0.0,0.0,0.0,0.0,0.0,0.0,0.0,40,0.050823892960009553,17,16,1,0,0,0,0,0,0,0,0,1,0
1d6z,B,458,ARG,-4.5,173.4,1.0,5,0,X,0.0,0.0,0.0,0.0,0.0,0.0,0.0,0.0,40,0.05175644145468863,10,23,-13,0,0,0,0,0,0,0,0,1,0
1d6z,B,459,TRP,-0.9,227.8,0.0,1,0,X,0.0,0.0,0.0,0.0,0.0,0.0,0.0,0.0,46,0.05129016720734909,13,15,-2,0,0,0,0,0,0,0,0,1,0
1d6z,B,460,ILE,4.5,166.7,0.0,0,0,X,0.0,0.0,0.0,0.0,0.0,0.0,0.0,0.0,41,0.05222271570202816,27,22,5,0,0,0,0,0,0,0,0,1,0
1d6z,B,461,SER,-0.8,89.0,0.0,1,1,X,0.0,0.0,0.0,0.0,0.0,0.0,0.0,0.0,40,0.050823892960009553,12,15,-3,0,0,0,0,0,0,0,0,1,0
1d6z,B,462,THR,-0.7,116.1,0.0,1,1,X,0.0,0.0,0.0,0.0,0.0,0.0,0.0,0.0,34,0.04662742473395372,18,24,-6,0,0,0,0,0,0,0,0,1,1
1d6z,B,463,VAL,4.2,140.0,0.0,0,0,X,0.0,0.0,0.0,0.0,0.0,0.0,0.0,0.0,36,0.04196468226055834,4,27,-23,0,0,0,0,0,0,0,0,1,1
1d6z,B,464,GLY,-0.4,60.1,0.0,0,0,X,0.0,0.0,0.0,0.0,0.0,0.0,0.0,0.0,30,0.03823448828184205,11,26,-15,0,0,0,0,0,0,0,0,1,1
1d6z,B,465,ASN,-3.5,114.1,0.0,2,2,X,0.0,0.0,0.0,0.0,0.0,0.0,0.0,0.0,37,0.03916703677652112,20,27,-7,0,0,0,0,0,0,0,0,1,1
1d6z,B,467,ASP,-3.5,111.1,-1.0,1,3,X,0.0,0.0,0.0,0.0,0.0,0.0,0.0,0.0,41,0.04989134446533048,22,15,7,0,0,0,0,0,0,0,0,1,1
1d6z,B,468,TYR,-1.3,193.6,0.0,1,1,X,0.0,0.0,0.0,0.0,0.0,0.0,0.0,0.0,37,0.04616115048661418,17,21,-4,0,0,0,0,0,0,0,0,1,1
1d6z,B,469,ILE,4.5,166.7,0.0,0,0,X,0.0,0.0,0.0,0.0,0.0,0.0,0.0,0.0,38,0.05222271570202816,20,36,-16,0,0,0,0,0,0,0,0,1,0
1d6z,B,470,PHE,2.8,189.9,0.0,0,0,X,0.0,0.0,0.0,0.0,0.0,0.0,0.0,0.0,38,0.050823892960009553,10,20,-10,0,0,0,0,0,0,0,0,1,0
1d6z,B,471,ASP,-3.5,111.1,-1.0,1,3,X,0.0,0.0,0.0,0.0,0.0,0.0,0.0,0.0,39,0.05129016720734909,26,12,14,0,0,0,0,0,0,0,0,1,0
1d6z,B,472,TRP,-0.9,227.8,0.0,1,0,X,0.0,0.0,0.0,0.0,0.0,0.0,0.0,0.0,38,0.045694876239274644,10,17,-7,0,0,0,0,0,0,0,0,1,0
1d6z,B,473,ILE,4.5,166.7,0.0,0,0,X,0.0,0.0,0.0,0.0,0.0,0.0,0.0,0.0,34,0.0526889899493677,34,28,6,0,0,0,0,0,0,0,0,1,0
1d6z,B,474,PHE,2.8,189.9,0.0,0,0,X,0.0,0.0,0.0,0.0,0.0,0.0,0.0,0.0,38,0.053155264196707235,19,24,-5,0,0,0,0,0,0,0,0,1,0
1d6z,B,475,HIS,-3.2,153.2,0.1,2,1,X,0.0,0.0,0.0,0.0,0.0,0.0,0.0,0.0,34,0.05035761871267001,33,25,8,0,0,0,0,0,0,0,0,1,0
1d6z,B,476,GLU,-3.5,138.4,-1.0,1,3,X,0.0,0.0,0.0,0.0,0.0,0.0,0.0,0.0,33,0.05502036118606539,43,26,17,0,0,0,0,0,0,0,0,1,0
1d6z,B,477,ASN,-3.5,114.1,0.0,2,2,X,0.0,0.0,0.0,0.0,0.0,0.0,0.0,0.0,40,0.048492521723311866,41,42,-1,0,0,0,0,0,0,0,0,1,0
1d6z,B,478,GLY,-0.4,60.1,0.0,0,0,X,0.0,0.0,0.0,0.0,0.0,0.0,0.0,0.0,38,0.05175644145468863,27,19,8,0,0,0,0,0,0,0,0,1,0
1d6z,B,479,THR,-0.7,116.1,0.0,1,1,X,0.0,0.0,0.0,0.0,0.0,0.0,0.0,0.0,39,0.048958795970651406,32,23,9,0,0,0,0,0,0,0,0,1,0
1d6z,B,480,ILE,4.5,166.7,0.0,0,0,X,0.0,0.0,0.0,0.0,0.0,0.0,0.0,0.0,34,0.048958795970651406,18,12,6,0,0,0,0,0,0,0,0,1,0
1d6z,B,481,GLY,-0.4,60.1,0.0,0,0,X,0.0,0.0,0.0,0.0,0.0,0.0,0.0,0.0,35,0.048492521723311866,28,23,5,0,0,0,0,0,0,0,0,1,0
1d6z,B,482,ILE,4.5,166.7,0.0,0,0,X,0.0,0.0,0.0,0.0,0.0,0.0,0.0,0.0,38,0.048026247475972325,17,16,1,0,0,0,0,0,0,0,0,1,0
1d6z,B,483,ASP,-3.5,111.1,-1.0,1,3,X,0.0,0.0,0.0,0.0,0.0,0.0,0.0,0.0,35,0.048958795970651406,26,13,13,0,0,0,0,0,0,0,0,1,0
1d6z,B,484,ALA,1.8,88.6,0.0,0,0,X,0.0,0.0,0.0,0.0,0.0,0.0,0.0,0.0,37,0.050823892960009553,22,24,-2,0,0,0,0,0,0,0,0,1,0
1d6z,B,485,GLY,-0.4,60.1,0.0,0,0,X,0.0,0.0,0.0,0.0,0.0,0.0,0.0,0.0,35,0.04755997322863279,32,31,1,0,0,0,0,0,0,0,0,1,0
1d6z,B,486,ALA,1.8,88.6,0.0,0,0,X,0.0,0.0,0.0,0.0,0.0,0.0,0.0,0.0,37,0.048026247475972325,38,26,12,0,0,0,0,0,0,0,0,1,0
1d6z,B,487,THR,-0.7,116.1,0.0,1,1,X,0.0,0.0,0.0,0.0,0.0,0.0,0.0,0.0,39,0.04989134446533048,33,38,-5,0,0,0,0,0,0,0,0,1,0
1d6z,B,488,GLY,-0.4,60.1,0.0,0,0,X,0.0,0.0,0.0,0.0,0.0,0.0,0.0,0.0,41,0.04989134446533048,24,36,-12,0,0,0,0,0,0,0,0,1,0
1d6z,B,489,ILE,4.5,166.7,0.0,0,0,X,0.0,0.0,0.0,0.0,0.0,0.0,0.0,0.0,37,0.05175644145468863,20,28,-8,0,0,0,0,0,0,0,0,1,0
1d6z,B,490,GLU,-3.5,138.4,-1.0,1,3,X,0.0,0.0,0.0,0.0,0.0,0.0,0.0,0.0,41,0.04709369898129325,34,12,22,0,0,0,0,0,0,0,0,1,0
1d6z,B,491,ALA,1.8,88.6,0.0,0,0,X,0.0,0.0,0.0,0.0,0.0,0.0,0.0,0.0,41,0.04476232774459557,30,14,16,0,0,0,0,0,0,0,0,1,0
1d6z,B,492,VAL,4.2,140.0,0.0,0,0,X,0.0,0.0,0.0,0.0,0.0,0.0,0.0,0.0,42,0.04942507021799094,22,25,-3,0,0,0,0,0,0,0,0,1,0
1d6z,B,493,LYS,-3.9,168.6,1.0,2,0,X,0.0,0.0,0.0,0.0,0.0,0.0,0.0,0.0,42,0.04429605349725603,8,37,-29,0,0,0,0,0,0,0,0,1,0
1d6z,B,494,GLY,-0.4,60.1,0.0,0,0,X,0.0,0.0,0.0,0.0,0.0,0.0,0.0,0.0,39,0.0526889899493677,27,24,3,0,0,0,0,0,0,0,0,1,0
1d6z,B,495,VAL,4.2,140.0,0.0,0,0,X,0.0,0.0,0.0,0.0,0.0,0.0,0.0,0.0,38,0.043829779249916496,34,32,2,0,0,0,0,0,0,0,0,1,0
1d6z,B,496,LYS,-3.9,168.6,1.0,2,0,X,0.0,0.0,0.0,0.0,0.0,0.0,0.0,0.0,25,0.0363693912924839,12,27,-15,0,0,0,0,0,0,0,0,1,0
1d6z,B,497,ALA,1.8,88.6,0.0,0,0,X,0.0,0.0,0.0,0.0,0.0,0.0,0.0,0.0,30,0.04755997322863279,41,33,8,0,0,0,0,0,0,0,0,1,0
1d6z,B,498,LYS,-3.9,168.6,1.0,2,0,X,0.0,0.0,0.0,0.0,0.0,0.0,0.0,0.0,23,0.040565859518539735,35,20,15,0,0,0,0,0,0,0,0,1,0
1d6z,B,499,THR,-0.7,116.1,0.0,1,1,X,0.0,0.0,0.0,0.0,0.0,0.0,0.0,0.0,26,0.043363505002576956,43,26,17,0,0,0,0,0,0,0,0,1,0
1d6z,B,500,MET,1.9,162.9,0.0,0,0,X,0.0,0.0,0.0,0.0,0.0,0.0,0.0,0.0,33,0.03916703677652112,28,31,-3,0,0,0,0,0,0,0,0,1,0
1d6z,B,501,HIS,-3.2,153.2,0.1,2,1,X,0.0,0.0,0.0,0.0,0.0,0.0,0.0,0.0,17,0.02797645484037223,9,20,-11,0,0,0,0,0,0,0,0,1,0
1d6z,B,502,ASP,-3.5,111.1,-1.0,1,3,X,0.0,0.0,0.0,0.0,0.0,0.0,0.0,0.0,20,0.030774100324409453,34,16,18,0,0,0,0,0,0,0,0,1,0
1d6z,B,503,GLU,-3.5,138.4,-1.0,1,3,X,0.0,0.0,0.0,0.0,0.0,0.0,0.0,0.0,12,0.021914889624958248,18,19,-1,0,0,0,0,0,0,0,0,1,0
1d6z,B,504,THR,-0.7,116.1,0.0,1,1,X,0.0,0.0,0.0,0.0,0.0,0.0,0.0,0.0,20,0.03403802005578621,27,33,-6,0,0,0,0,0,0,0,0,1,0
1d6z,B,505,ALA,1.8,88.6,0.0,0,0,X,0.0,0.0,0.0,0.0,0.0,0.0,0.0,0.0,25,0.04429605349725603,36,32,4,0,0,0,0,0,0,0,0,1,0
1d6z,B,506,LYS,-3.9,168.6,1.0,2,0,X,0.0,0.0,0.0,0.0,0.0,0.0,0.0,0.0,17,0.032172923066428064,13,25,-12,0,0,0,0,0,0,0,0,1,0
1d6z,B,507,ASP,-3.5,111.1,-1.0,1,3,X,0.0,0.0,0.0,0.0,0.0,0.0,0.0,0.0,21,0.02844272908771177,25,19,6,0,0,0,0,0,0,0,0,1,0
1d6z,B,508,ASP,-3.5,111.1,-1.0,1,3,X,0.0,0.0,0.0,0.0,0.0,0.0,0.0,0.0,31,0.048492521723311866,39,29,10,0,0,0,0,0,0,0,0,1,0
1d6z,B,509,THR,-0.7,116.1,0.0,1,1,X,0.0,0.0,0.0,0.0,0.0,0.0,0.0,0.0,33,0.04243095650789788,26,21,5,0,0,0,0,0,0,0,0,1,0
1d6z,B,510,ARG,-4.5,173.4,1.0,5,0,X,0.0,0.0,0.0,0.0,0.0,0.0,0.0,0.0,28,0.03776821403450251,18,26,-8,0,0,0,0,0,0,0,0,1,0
1d6z,B,511,TYR,-1.3,193.6,0.0,1,1,X,0.0,0.0,0.0,0.0,0.0,0.0,0.0,0.0,34,0.048492521723311866,32,30,2,0,0,0,0,0,0,0,0,1,0
1d6z,B,512,GLY,-0.4,60.1,0.0,0,0,X,0.0,0.0,0.0,0.0,0.0,0.0,0.0,0.0,40,0.043363505002576956,32,22,10,0,0,0,0,0,0,0,0,1,0
1d6z,B,513,THR,-0.7,116.1,0.0,1,1,X,0.0,0.0,0.0,0.0,0.0,0.0,0.0,0.0,39,0.04476232774459557,25,23,2,0,0,0,0,0,0,0,0,1,0
1d6z,B,514,LEU,3.8,166.7,0.0,0,0,X,0.0,0.0,0.0,0.0,0.0,0.0,0.0,0.0,40,0.053155264196707235,44,22,22,0,0,0,0,0,0,0,0,1,0
1d6z,B,515,ILE,4.5,166.7,0.0,0,0,X,0.0,0.0,0.0,0.0,0.0,0.0,0.0,0.0,41,0.056419183928083996,42,46,-4,0,0,0,0,0,0,0,0,1,0
1d6z,B,516,ASP,-3.5,111.1,-1.0,1,3,X,0.0,0.0,0.0,0.0,0.0,0.0,0.0,0.0,41,0.05129016720734909,44,19,25,0,0,0,0,0,0,0,0,1,0
1d6z,B,517,HIS,-3.2,153.2,0.1,2,1,X,0.0,0.0,0.0,0.0,0.0,0.0,0.0,0.0,25,0.04755997322863279,31,18,13,0,0,0,0,0,0,0,0,1,0
1d6z,B,518,ASN,-3.5,114.1,0.0,2,2,X,0.0,0.0,0.0,0.0,0.0,0.0,0.0,0.0,35,0.045228601991935104,41,20,21,0,0,0,0,0,0,0,0,1,0
1d6z,B,519,ILE,4.5,166.7,0.0,0,0,X,0.0,0.0,0.0,0.0,0.0,0.0,0.0,0.0,43,0.05175644145468863,46,24,22,0,0,0,0,0,0,0,0,1,0
1d6z,B,520,VAL,4.2,140.0,0.0,0,0,X,0.0,0.0,0.0,0.0,0.0,0.0,0.0,0.0,42,0.05175644145468863,26,35,-9,0,0,0,0,0,0,0,0,1,0
1d6z,B,521,GLY,-0.4,60.1,0.0,0,0,X,0.0,0.0,0.0,0.0,0.0,0.0,0.0,0.0,36,0.05595290968074446,39,33,6,0,0,0,0,0,0,0,0,1,0
1d6z,B,522,THR,-0.7,116.1,0.0,1,1,X,0.0,0.0,0.0,0.0,0.0,0.0,0.0,0.0,40,0.05502036118606539,40,25,15,0,0,0,0,0,0,0,0,1,0
1d6z,B,523,THR,-0.7,116.1,0.0,1,1,X,0.0,0.0,0.0,0.0,0.0,0.0,0.0,0.0,41,0.053155264196707235,35,15,20,0,0,0,0,0,0,0,0,1,0
1d6z,B,524,HIS,-3.2,153.2,0.1,2,1,X,0.0,0.0,0.0,0.0,0.0,0.0,0.0,0.0,41,0.04989134446533048,33,14,19,0,0,0,0,0,0,0,0,1,0
1d6z,B,525,GLN,-3.5,143.8,0.0,2,2,X,0.0,0.0,0.0,0.0,0.0,0.0,0.0,0.0,37,0.0526889899493677,37,0,37,0,0,0,0,0,0,0,0,1,0
1d6z,B,526,HIS,-3.2,153.2,0.1,2,1,X,0.0,0.0,0.0,0.0,0.0,0.0,0.0,0.0,37,0.04989134446533048,29,14,15,0,0,0,0,0,0,0,0,1,1
1d6z,B,527,ILE,4.5,166.7,0.0,0,0,X,0.0,0.0,0.0,0.0,0.0,0.0,0.0,0.0,44,0.05222271570202816,23,6,17,0,0,0,0,0,0,0,0,1,0
1d6z,B,528,TYR,-1.3,193.6,0.0,1,1,X,0.0,0.0,0.0,0.0,0.0,0.0,0.0,0.0,39,0.04662742473395372,14,10,4,0,0,0,0,0,0,0,0,1,0
1d6z,B,529,ASN,-3.5,114.1,0.0,2,2,X,0.0,0.0,0.0,0.0,0.0,0.0,0.0,0.0,40,0.05222271570202816,16,8,8,0,0,0,0,0,0,0,0,1,0
1d6z,B,530,PHE,2.8,189.9,0.0,0,0,X,0.0,0.0,0.0,0.0,0.0,0.0,0.0,0.0,43,0.04942507021799094,10,9,1,0,0,0,0,0,0,0,0,1,0
1d6z,B,531,ARG,-4.5,173.4,1.0,5,0,X,0.0,0.0,0.0,0.0,0.0,0.0,0.0,0.0,38,0.05455408693872585,18,24,-6,0,0,0,0,0,0,0,0,1,0
1d6z,B,532,LEU,3.8,166.7,0.0,0,0,X,0.0,0.0,0.0,0.0,0.0,0.0,0.0,0.0,36,0.05222271570202816,13,19,-6,0,0,0,0,0,0,0,0,1,0
1d6z,B,533,ASP,-3.5,111.1,-1.0,1,3,X,0.0,0.0,0.0,0.0,0.0,0.0,0.0,0.0,38,0.05175644145468863,32,35,-3,0,0,0,0,0,0,0,0,1,0
1d6z,B,534,LEU,3.8,166.7,0.0,0,0,X,0.0,0.0,0.0,0.0,0.0,0.0,0.0,0.0,46,0.05455408693872585,18,40,-22,0,0,0,0,0,0,0,0,1,0
1d6z,B,535,ASP,-3.5,111.1,-1.0,1,3,X,0.0,0.0,0.0,0.0,0.0,0.0,0.0,0.0,35,0.056419183928083996,20,38,-18,0,0,0,0,0,0,0,0,1,0
1d6z,B,536,VAL,4.2,140.0,0.0,0,0,X,0.0,0.0,0.0,0.0,0.0,0.0,0.0,0.0,38,0.05595290968074446,30,31,-1,0,0,0,0,0,0,0,0,1,0
1d6z,B,537,ASP,-3.5,111.1,-1.0,1,3,X,0.0,0.0,0.0,0.0,0.0,0.0,0.0,0.0,34,0.045228601991935104,34,24,10,0,0,0,0,0,0,0,0,1,0
1d6z,B,538,GLY,-0.4,60.1,0.0,0,0,X,0.0,0.0,0.0,0.0,0.0,0.0,0.0,0.0,33,0.04149840801321881,33,37,-4,0,0,0,0,0,0,0,0,1,0
1d6z,B,539,GLU,-3.5,138.4,-1.0,1,3,X,0.0,0.0,0.0,0.0,0.0,0.0,0.0,0.0,29,0.043363505002576956,21,38,-17,0,0,0,0,0,0,0,0,1,0
1d6z,B,540,ASN,-3.5,114.1,0.0,2,2,X,0.0,0.0,0.0,0.0,0.0,0.0,0.0,0.0,24,0.043363505002576956,15,38,-23,0,0,0,0,0,0,0,0,1,0
1d6z,B,541,ASN,-3.5,114.1,0.0,2,2,X,0.0,0.0,0.0,0.0,0.0,0.0,0.0,0.0,41,0.05455408693872585,10,40,-30,0,0,0,0,0,0,0,0,1,0
1d6z,B,542,SER,-0.8,89.0,0.0,1,1,X,0.0,0.0,0.0,0.0,0.0,0.0,0.0,0.0,37,0.04989134446533048,1,14,-13,0,0,0,0,0,0,0,0,1,0
1d6z,B,543,LEU,3.8,166.7,0.0,0,0,X,0.0,0.0,0.0,0.0,0.0,0.0,0.0,0.0,39,0.04476232774459557,11,16,-5,0,0,0,0,0,0,0,0,1,0
1d6z,B,544,VAL,4.2,140.0,0.0,0,0,X,0.0,0.0,0.0,0.0,0.0,0.0,0.0,0.0,32,0.048026247475972325,11,6,5,0,0,0,0,0,0,0,0,1,0
1d6z,B,545,ALA,1.8,88.6,0.0,0,0,X,0.0,0.0,0.0,0.0,0.0,0.0,0.0,0.0,24,0.04989134446533048,11,9,2,0,0,0,0,0,0,0,0,1,0
1d6z,B,546,MET,1.9,162.9,0.0,0,0,X,0.0,0.0,0.0,0.0,0.0,0.0,0.0,0.0,32,0.04989134446533048,11,9,2,0,0,0,0,0,0,0,0,1,0
1d6z,B,547,ASP,-3.5,111.1,-1.0,1,3,X,0.0,0.0,0.0,0.0,0.0,0.0,0.0,0.0,26,0.04103213376587927,11,8,3,0,0,0,0,0,0,0,0,1,0
1d6z,B,548,PRO,-1.6,112.7,0.0,0,0,X,0.0,0.0,0.0,0.0,0.0,0.0,0.0,0.0,32,0.040099585271200194,18,15,3,0,0,0,0,0,0,0,0,1,0
1d6z,B,549,VAL,4.2,140.0,0.0,0,0,X,0.0,0.0,0.0,0.0,0.0,0.0,0.0,0.0,25,0.034970568550465285,11,8,3,0,0,0,0,0,0,0,0,1,0
1d6z,B,550,VAL,4.2,140.0,0.0,0,0,X,0.0,0.0,0.0,0.0,0.0,0.0,0.0,0.0,27,0.03916703677652112,12,6,6,0,0,0,0,0,0,0,0,1,0
1d6z,B,551,LYS,-3.9,168.6,1.0,2,0,X,0.0,0.0,0.0,0.0,0.0,0.0,0.0,0.0,20,0.032172923066428064,9,2,7,0,0,0,0,0,0,0,0,1,0
1d6z,B,552,PRO,-1.6,112.7,0.0,0,0,X,0.0,0.0,0.0,0.0,0.0,0.0,0.0,0.0,21,0.02844272908771177,14,7,7,0,0,0,0,0,0,0,0,1,0
1d6z,B,553,ASN,-3.5,114.1,0.0,2,2,X,0.0,0.0,0.0,0.0,0.0,0.0,0.0,0.0,24,0.03823448828184205,22,15,7,0,0,0,0,0,0,0,0,1,0
1d6z,B,554,THR,-0.7,116.1,0.0,1,1,X,0.0,0.0,0.0,0.0,0.0,0.0,0.0,0.0,15,0.021914889624958248,20,2,18,0,0,0,0,0,0,0,0,1,0
1d6z,B,555,ALA,1.8,88.6,0.0,0,0,X,0.0,0.0,0.0,0.0,0.0,0.0,0.0,0.0,20,0.02331371236697686,12,14,-2,0,0,0,0,0,0,0,0,1,0
1d6z,B,556,GLY,-0.4,60.1,0.0,0,0,X,0.0,0.0,0.0,0.0,0.0,0.0,0.0,0.0,17,0.02098234113027917,9,11,-2,0,0,0,0,0,0,0,0,1,0
1d6z,B,557,GLY,-0.4,60.1,0.0,0,0,X,0.0,0.0,0.0,0.0,0.0,0.0,0.0,0.0,21,0.026577632098353617,19,19,0,0,0,0,0,0,0,0,0,1,0
1d6z,B,558,PRO,-1.6,112.7,0.0,0,0,X,0.0,0.0,0.0,0.0,0.0,0.0,0.0,0.0,28,0.034970568550465285,22,29,-7,0,0,0,0,0,0,0,0,1,0
1d6z,B,559,ARG,-4.5,173.4,1.0,5,0,X,0.0,0.0,0.0,0.0,0.0,0.0,0.0,0.0,36,0.043363505002576956,8,30,-22,0,0,0,0,0,0,0,0,1,0
1d6z,B,560,THR,-0.7,116.1,0.0,1,1,X,0.0,0.0,0.0,0.0,0.0,0.0,0.0,0.0,26,0.034970568550465285,16,17,-1,0,0,0,0,0,0,0,0,1,0
1d6z,B,561,SER,-0.8,89.0,0.0,1,1,X,0.0,0.0,0.0,0.0,0.0,0.0,0.0,0.0,33,0.04662742473395372,18,23,-5,0,0,0,0,0,0,0,0,1,0
1d6z,B,562,THR,-0.7,116.1,0.0,1,1,X,0.0,0.0,0.0,0.0,0.0,0.0,0.0,0.0,30,0.05548663543340492,28,15,13,0,0,0,0,0,0,0,0,1,0
1d6z,B,563,MET,1.9,162.9,0.0,0,0,X,0.0,0.0,0.0,0.0,0.0,0.0,0.0,0.0,37,0.05129016720734909,35,13,22,0,0,0,0,0,0,0,0,1,0
1d6z,B,564,GLN,-3.5,143.8,0.0,2,2,X,0.0,0.0,0.0,0.0,0.0,0.0,0.0,0.0,27,0.04662742473395372,22,12,10,0,0,0,0,0,0,0,0,1,0
1d6z,B,565,VAL,4.2,140.0,0.0,0,0,X,0.0,0.0,0.0,0.0,0.0,0.0,0.0,0.0,29,0.03916703677652112,17,8,9,0,0,0,0,0,0,0,0,1,0
1d6z,B,566,ASN,-3.5,114.1,0.0,2,2,X,0.0,0.0,0.0,0.0,0.0,0.0,0.0,0.0,18,0.035436842797804825,11,8,3,0,0,0,0,0,0,0,0,1,0
1d6z,B,567,GLN,-3.5,143.8,0.0,2,2,X,0.0,0.0,0.0,0.0,0.0,0.0,0.0,0.0,22,0.032172923066428064,3,8,-5,0,0,0,0,0,0,0,0,1,0
1d6z,B,568,TYR,-1.3,193.6,0.0,1,1,X,0.0,0.0,0.0,0.0,0.0,0.0,0.0,0.0,19,0.02844272908771177,10,13,-3,0,0,0,0,0,0,0,0,1,0
1d6z,B,569,ASN,-3.5,114.1,0.0,2,2,X,0.0,0.0,0.0,0.0,0.0,0.0,0.0,0.0,20,0.03124037457174899,2,10,-8,0,0,0,0,0,0,0,0,1,0
1d6z,B,570,ILE,4.5,166.7,0.0,0,0,X,0.0,0.0,0.0,0.0,0.0,0.0,0.0,0.0,32,0.04149840801321881,9,22,-13,0,0,0,0,0,0,0,0,1,0
1d6z,B,571,GLY,-0.4,60.1,0.0,0,0,X,0.0,0.0,0.0,0.0,0.0,0.0,0.0,0.0,24,0.03683566553982344,3,30,-27,0,0,0,0,0,0,0,0,1,0
1d6z,B,572,ASN,-3.5,114.1,0.0,2,2,X,0.0,0.0,0.0,0.0,0.0,0.0,0.0,0.0,21,0.04103213376587927,2,34,-32,0,0,0,0,0,0,0,0,1,0
1d6z,B,573,GLU,-3.5,138.4,-1.0,1,3,X,0.0,0.0,0.0,0.0,0.0,0.0,0.0,0.0,34,0.053155264196707235,21,30,-9,0,0,0,0,0,0,0,0,1,0
1d6z,B,574,GLN,-3.5,143.8,0.0,2,2,X,0.0,0.0,0.0,0.0,0.0,0.0,0.0,0.0,24,0.03776821403450251,13,28,-15,0,0,0,0,0,0,0,0,1,0
1d6z,B,575,ASP,-3.5,111.1,-1.0,1,3,X,0.0,0.0,0.0,0.0,0.0,0.0,0.0,0.0,23,0.03124037457174899,4,11,-7,0,0,0,0,0,0,0,0,1,0
1d6z,B,576,ALA,1.8,88.6,0.0,0,0,X,0.0,0.0,0.0,0.0,0.0,0.0,0.0,0.0,35,0.04476232774459557,18,20,-2,0,0,0,0,0,0,0,0,1,0
1d6z,B,577,ALA,1.8,88.6,0.0,0,0,X,0.0,0.0,0.0,0.0,0.0,0.0,0.0,0.0,28,0.043829779249916496,21,22,-1,0,0,0,0,0,0,0,0,1,0
1d6z,B,578,GLN,-3.5,143.8,0.0,2,2,X,0.0,0.0,0.0,0.0,0.0,0.0,0.0,0.0,27,0.03776821403450251,27,20,7,0,0,0,0,0,0,0,0,1,0
1d6z,B,579,LYS,-3.9,168.6,1.0,2,0,X,0.0,0.0,0.0,0.0,0.0,0.0,0.0,0.0,25,0.030774100324409453,18,17,1,0,0,0,0,0,0,0,0,1,0
1d6z,B,580,PHE,2.8,189.9,0.0,0,0,X,0.0,0.0,0.0,0.0,0.0,0.0,0.0,0.0,32,0.04243095650789788,28,9,19,0,0,0,0,0,0,0,0,1,0
1d6z,B,581,ASP,-3.5,111.1,-1.0,1,3,X,0.0,0.0,0.0,0.0,0.0,0.0,0.0,0.0,22,0.029375277582390842,23,7,16,0,0,0,0,0,0,0,0,1,0
1d6z,B,582,PRO,-1.6,112.7,0.0,0,0,X,0.0,0.0,0.0,0.0,0.0,0.0,0.0,0.0,28,0.04103213376587927,24,9,15,0,0,0,0,0,0,0,0,1,0
1d6z,B,583,GLY,-0.4,60.1,0.0,0,0,X,0.0,0.0,0.0,0.0,0.0,0.0,0.0,0.0,28,0.04196468226055834,25,16,9,0,0,0,0,0,0,0,0,1,0
1d6z,B,584,THR,-0.7,116.1,0.0,1,1,X,0.0,0.0,0.0,0.0,0.0,0.0,0.0,0.0,33,0.04243095650789788,21,16,5,0,0,0,0,0,0,0,0,1,0
1d6z,B,585,ILE,4.5,166.7,0.0,0,0,X,0.0,0.0,0.0,0.0,0.0,0.0,0.0,0.0,40,0.04942507021799094,18,15,3,0,0,0,0,0,0,0,0,1,0
1d6z,B,586,ARG,-4.5,173.4,1.0,5,0,X,0.0,0.0,0.0,0.0,0.0,0.0,0.0,0.0,36,0.048958795970651406,4,17,-13,0,0,0,0,0,0,0,0,1,0
1d6z,B,587,LEU,3.8,166.7,0.0,0,0,X,0.0,0.0,0.0,0.0,0.0,0.0,0.0,0.0,36,0.05129016720734909,16,2,14,0,0,0,0,0,0,0,0,1,0
1d6z,B,588,LEU,3.8,166.7,0.0,0,0,X,0.0,0.0,0.0,0.0,0.0,0.0,0.0,0.0,43,0.04709369898129325,10,21,-11,0,0,0,0,0,0,0,0,1,0
1d6z,B,589,SER,-0.8,89.0,0.0,1,1,X,0.0,0.0,0.0,0.0,0.0,0.0,0.0,0.0,42,0.048026247475972325,10,17,-7,0,0,0,0,0,0,0,0,1,0
1d6z,B,590,ASN,-3.5,114.1,0.0,2,2,X,0.0,0.0,0.0,0.0,0.0,0.0,0.0,0.0,32,0.053621538444046775,13,28,-15,0,0,0,0,0,0,0,0,1,0
1d6z,B,591,PRO,-1.6,112.7,0.0,0,0,X,0.0,0.0,0.0,0.0,0.0,0.0,0.0,0.0,25,0.03823448828184205,8,22,-14,0,0,0,0,0,0,0,0,1,0
1d6z,B,592,ASN,-3.5,114.1,0.0,2,2,X,0.0,0.0,0.0,0.0,0.0,0.0,0.0,0.0,18,0.02611135785101408,9,22,-13,0,0,0,0,0,0,0,0,1,0
1d6z,B,593,LYS,-3.9,168.6,1.0,2,0,X,0.0,0.0,0.0,0.0,0.0,0.0,0.0,0.0,24,0.03310547156110714,11,21,-10,0,0,0,0,0,0,0,0,1,0
1d6z,B,594,GLU,-3.5,138.4,-1.0,1,3,X,0.0,0.0,0.0,0.0,0.0,0.0,0.0,0.0,23,0.040565859518539735,24,6,18,0,0,0,0,0,0,0,0,1,0
1d6z,B,595,ASN,-3.5,114.1,0.0,2,2,X,0.0,0.0,0.0,0.0,0.0,0.0,0.0,0.0,31,0.043829779249916496,36,33,3,0,0,0,0,0,0,0,0,1,0
1d6z,B,596,ARG,-4.5,173.4,1.0,5,0,X,0.0,0.0,0.0,0.0,0.0,0.0,0.0,0.0,22,0.032639197313767604,23,30,-7,0,0,0,0,0,0,0,0,1,0
1d6z,B,597,MET,1.9,162.9,0.0,0,0,X,0.0,0.0,0.0,0.0,0.0,0.0,0.0,0.0,33,0.05035761871267001,42,32,10,0,0,0,0,0,0,0,0,1,0
1d6z,B,598,GLY,-0.4,60.1,0.0,0,0,X,0.0,0.0,0.0,0.0,0.0,0.0,0.0,0.0,31,0.040099585271200194,32,22,10,0,0,0,0,0,0,0,0,1,0
1d6z,B,599,ASN,-3.5,114.1,0.0,2,2,X,0.0,0.0,0.0,0.0,0.0,0.0,0.0,0.0,34,0.04243095650789788,25,20,5,0,0,0,0,0,0,0,0,1,0
1d6z,B,600,PRO,-1.6,112.7,0.0,0,0,X,0.0,0.0,0.0,0.0,0.0,0.0,0.0,0.0,35,0.043363505002576956,15,13,2,0,0,0,0,0,0,0,0,1,0
1d6z,B,601,VAL,4.2,140.0,0.0,0,0,X,0.0,0.0,0.0,0.0,0.0,0.0,0.0,0.0,37,0.05595290968074446,20,27,-7,0,0,0,0,0,0,0,0,1,0
1d6z,B,602,SER,-0.8,89.0,0.0,1,1,X,0.0,0.0,0.0,0.0,0.0,0.0,0.0,0.0,38,0.05455408693872585,25,18,7,0,0,0,0,0,0,0,0,1,0
1d6z,B,603,TYR,-1.3,193.6,0.0,1,1,X,0.0,0.0,0.0,0.0,0.0,0.0,0.0,0.0,37,0.05502036118606539,23,14,9,0,0,0,0,0,0,0,0,1,0
1d6z,B,604,GLN,-3.5,143.8,0.0,2,2,X,0.0,0.0,0.0,0.0,0.0,0.0,0.0,0.0,42,0.05175644145468863,32,8,24,0,0,0,0,0,0,0,0,1,0
1d6z,B,605,ILE,4.5,166.7,0.0,0,0,X,0.0,0.0,0.0,0.0,0.0,0.0,0.0,0.0,41,0.04709369898129325,17,1,16,0,0,0,0,0,0,0,0,1,0
1d6z,B,606,ILE,4.5,166.7,0.0,0,0,X,0.0,0.0,0.0,0.0,0.0,0.0,0.0,0.0,39,0.04429605349725603,26,4,22,0,0,0,0,0,0,0,0,1,0
1d6z,B,607,PRO,-1.6,112.7,0.0,0,0,X,0.0,0.0,0.0,0.0,0.0,0.0,0.0,0.0,36,0.048026247475972325,19,4,15,0,0,0,0,0,0,0,0,1,0
1d6z,B,608,TYR,-1.3,193.6,0.0,1,1,X,0.0,0.0,0.0,0.0,0.0,0.0,0.0,0.0,28,0.04616115048661418,18,7,11,0,0,0,0,0,0,0,0,1,0
1d6z,B,609,ALA,1.8,88.6,0.0,0,0,X,0.0,0.0,0.0,0.0,0.0,0.0,0.0,0.0,26,0.04662742473395372,27,6,21,0,0,0,0,0,0,0,0,1,0
1d6z,B,610,GLY,-0.4,60.1,0.0,0,0,X,0.0,0.0,0.0,0.0,0.0,0.0,0.0,0.0,24,0.043363505002576956,25,8,17,0,0,0,0,0,0,0,0,1,0
1d6z,B,611,GLY,-0.4,60.1,0.0,0,0,X,0.0,0.0,0.0,0.0,0.0,0.0,0.0,0.0,28,0.043829779249916496,34,15,19,0,0,0,0,0,0,0,0,1,0
1d6z,B,612,THR,-0.7,116.1,0.0,1,1,X,0.0,0.0,0.0,0.0,0.0,0.0,0.0,0.0,34,0.040099585271200194,43,11,32,0,0,0,0,0,0,0,0,1,0
1d6z,B,613,HIS,-3.2,153.2,0.1,2,1,X,0.0,0.0,0.0,0.0,0.0,0.0,0.0,0.0,39,0.04476232774459557,39,15,24,0,0,0,0,0,0,0,0,1,0
1d6z,B,614,PRO,-1.6,112.7,0.0,0,0,X,0.0,0.0,0.0,0.0,0.0,0.0,0.0,0.0,40,0.04709369898129325,41,14,27,0,0,0,0,0,0,0,0,1,0
1d6z,B,615,VAL,4.2,140.0,0.0,0,0,X,0.0,0.0,0.0,0.0,0.0,0.0,0.0,0.0,34,0.04289723075523742,23,8,15,0,0,0,0,0,0,0,0,1,0
1d6z,B,616,ALA,1.8,88.6,0.0,0,0,X,0.0,0.0,0.0,0.0,0.0,0.0,0.0,0.0,37,0.04289723075523742,31,10,21,0,0,0,0,0,0,0,0,1,0
1d6z,B,617,LYS,-3.9,168.6,1.0,2,0,X,0.0,0.0,0.0,0.0,0.0,0.0,0.0,0.0,27,0.032172923066428064,10,16,-6,0,0,0,0,0,0,0,0,1,0
1d6z,B,618,GLY,-0.4,60.1,0.0,0,0,X,0.0,0.0,0.0,0.0,0.0,0.0,0.0,0.0,32,0.03916703677652112,27,8,19,0,0,0,0,0,0,0,0,1,0
1d6z,B,619,ALA,1.8,88.6,0.0,0,0,X,0.0,0.0,0.0,0.0,0.0,0.0,0.0,0.0,36,0.04243095650789788,23,12,11,0,0,0,0,0,0,0,0,1,0
1d6z,B,620,GLN,-3.5,143.8,0.0,2,2,X,0.0,0.0,0.0,0.0,0.0,0.0,0.0,0.0,36,0.03730193978716297,25,12,13,0,0,0,0,0,0,0,0,1,0
1d6z,B,621,PHE,2.8,189.9,0.0,0,0,X,0.0,0.0,0.0,0.0,0.0,0.0,0.0,0.0,35,0.05035761871267001,19,24,-5,0,0,0,0,0,0,0,0,1,0
1d6z,B,622,ALA,1.8,88.6,0.0,0,0,X,0.0,0.0,0.0,0.0,0.0,0.0,0.0,0.0,24,0.03776821403450251,17,20,-3,0,0,0,0,0,0,0,0,1,0
1d6z,B,623,PRO,-1.6,112.7,0.0,0,0,X,0.0,0.0,0.0,0.0,0.0,0.0,0.0,0.0,14,0.025645083603674543,6,21,-15,0,0,0,0,0,0,0,0,1,0
1d6z,B,624,ASP,-3.5,111.1,-1.0,1,3,X,0.0,0.0,0.0,0.0,0.0,0.0,0.0,0.0,18,0.030307826077069916,17,9,8,0,0,0,0,0,0,0,0,1,0
1d6z,B,625,GLU,-3.5,138.4,-1.0,1,3,X,0.0,0.0,0.0,0.0,0.0,0.0,0.0,0.0,31,0.04709369898129325,29,8,21,0,0,0,0,0,0,0,0,1,0
1d6z,B,626,TRP,-0.9,227.8,0.0,1,0,X,0.0,0.0,0.0,0.0,0.0,0.0,0.0,0.0,24,0.04429605349725603,38,29,9,0,0,0,0,0,0,0,0,1,0
1d6z,B,627,ILE,4.5,166.7,0.0,0,0,X,0.0,0.0,0.0,0.0,0.0,0.0,0.0,0.0,41,0.04429605349725603,32,17,15,0,0,0,0,0,0,0,0,1,0
1d6z,B,628,TYR,-1.3,193.6,0.0,1,1,X,0.0,0.0,0.0,0.0,0.0,0.0,0.0,0.0,26,0.048492521723311866,21,27,-6,0,0,0,0,0,0,0,0,1,0
1d6z,B,629,HIS,-3.2,153.2,0.1,2,1,X,0.0,0.0,0.0,0.0,0.0,0.0,0.0,0.0,20,0.04103213376587927,21,21,0,0,0,0,0,0,0,0,0,1,0
1d6z,B,630,ARG,-4.5,173.4,1.0,5,0,X,0.0,0.0,0.0,0.0,0.0,0.0,0.0,0.0,34,0.04616115048661418,26,22,4,0,0,0,0,0,0,0,0,1,0
1d6z,B,631,LEU,3.8,166.7,0.0,0,0,X,0.0,0.0,0.0,0.0,0.0,0.0,0.0,0.0,36,0.04942507021799094,27,23,4,0,0,0,0,0,0,0,0,1,0
1d6z,B,632,SER,-0.8,89.0,0.0,1,1,X,0.0,0.0,0.0,0.0,0.0,0.0,0.0,0.0,36,0.04755997322863279,30,22,8,0,0,0,0,0,0,0,0,1,0
1d6z,B,633,PHE,2.8,189.9,0.0,0,0,X,0.0,0.0,0.0,0.0,0.0,0.0,0.0,0.0,42,0.04662742473395372,16,22,-6,0,0,0,0,0,0,0,0,1,0
1d6z,B,634,MET,1.9,162.9,0.0,0,0,X,0.0,0.0,0.0,0.0,0.0,0.0,0.0,0.0,40,0.04755997322863279,29,13,16,0,0,0,0,0,0,0,0,1,0
1d6z,B,635,ASP,-3.5,111.1,-1.0,1,3,X,0.0,0.0,0.0,0.0,0.0,0.0,0.0,0.0,26,0.04243095650789788,25,0,25,0,0,0,0,0,0,0,0,1,0
1d6z,B,636,LYS,-3.9,168.6,1.0,2,0,X,0.0,0.0,0.0,0.0,0.0,0.0,0.0,0.0,32,0.045228601991935104,12,11,1,0,0,0,0,0,0,0,0,1,0
1d6z,B,637,GLN,-3.5,143.8,0.0,2,2,X,0.0,0.0,0.0,0.0,0.0,0.0,0.0,0.0,35,0.0526889899493677,25,13,12,0,0,0,0,0,0,0,0,1,0
1d6z,B,638,LEU,3.8,166.7,0.0,0,0,X,0.0,0.0,0.0,0.0,0.0,0.0,0.0,0.0,37,0.0526889899493677,27,11,16,0,0,0,0,0,0,0,0,1,0
1d6z,B,639,TRP,-0.9,227.8,0.0,1,0,X,0.0,0.0,0.0,0.0,0.0,0.0,0.0,0.0,38,0.05129016720734909,15,21,-6,0,0,0,0,0,0,0,0,1,0
1d6z,B,640,VAL,4.2,140.0,0.0,0,0,X,0.0,0.0,0.0,0.0,0.0,0.0,0.0,0.0,43,0.048026247475972325,10,26,-16,0,0,0,0,0,0,0,0,1,0
1d6z,B,641,THR,-0.7,116.1,0.0,1,1,X,0.0,0.0,0.0,0.0,0.0,0.0,0.0,0.0,38,0.053621538444046775,32,41,-9,0,0,0,0,0,0,0,0,1,0
1d6z,B,642,ARG,-4.5,173.4,1.0,5,0,X,0.0,0.0,0.0,0.0,0.0,0.0,0.0,0.0,29,0.04755997322863279,11,41,-30,0,0,0,0,0,0,0,0,1,0
1d6z,B,643,TYR,-1.3,193.6,0.0,1,1,X,0.0,0.0,0.0,0.0,0.0,0.0,0.0,0.0,29,0.04476232774459557,44,51,-7,0,0,0,0,0,0,0,0,1,0
1d6z,B,644,HIS,-3.2,153.2,0.1,2,1,X,0.0,0.0,0.0,0.0,0.0,0.0,0.0,0.0,22,0.03124037457174899,25,31,-6,0,0,0,0,0,0,0,0,1,0
1d6z,B,645,PRO,-1.6,112.7,0.0,0,0,X,0.0,0.0,0.0,0.0,0.0,0.0,0.0,0.0,21,0.032639197313767604,37,26,11,0,0,0,0,0,0,0,0,1,0
1d6z,B,646,GLY,-0.4,60.1,0.0,0,0,X,0.0,0.0,0.0,0.0,0.0,0.0,0.0,0.0,22,0.025645083603674543,36,16,20,0,0,0,0,0,0,0,0,1,0
1d6z,B,647,GLU,-3.5,138.4,-1.0,1,3,X,0.0,0.0,0.0,0.0,0.0,0.0,0.0,0.0,24,0.04196468226055834,39,5,34,0,0,0,0,0,0,0,0,1,0
1d6z,B,648,ARG,-4.5,173.4,1.0,5,0,X,0.0,0.0,0.0,0.0,0.0,0.0,0.0,0.0,36,0.043829779249916496,32,28,4,0,0,0,0,0,0,0,0,1,0
1d6z,B,649,PHE,2.8,189.9,0.0,0,0,X,0.0,0.0,0.0,0.0,0.0,0.0,0.0,0.0,36,0.04989134446533048,42,20,22,0,0,0,0,0,0,0,0,1,0
1d6z,B,650,PRO,-1.6,112.7,0.0,0,0,X,0.0,0.0,0.0,0.0,0.0,0.0,0.0,0.0,43,0.05455408693872585,26,20,6,0,0,0,0,0,0,0,0,1,0
1d6z,B,651,GLU,-3.5,138.4,-1.0,1,3,X,0.0,0.0,0.0,0.0,0.0,0.0,0.0,0.0,40,0.058284280917442144,27,19,8,0,0,0,0,0,0,0,0,1,0
1d6z,B,652,GLY,-0.4,60.1,0.0,0,0,X,0.0,0.0,0.0,0.0,0.0,0.0,0.0,0.0,35,0.048492521723311866,33,28,5,0,0,0,0,0,0,0,0,1,0
1d6z,B,653,LYS,-3.9,168.6,1.0,2,0,X,0.0,0.0,0.0,0.0,0.0,0.0,0.0,0.0,30,0.03916703677652112,19,26,-7,0,0,0,0,0,0,0,0,1,0
1d6z,B,654,TYR,-1.3,193.6,0.0,1,1,X,0.0,0.0,0.0,0.0,0.0,0.0,0.0,0.0,35,0.04196468226055834,36,25,11,0,0,0,0,0,0,0,0,1,0
1d6z,B,655,PRO,-1.6,112.7,0.0,0,0,X,0.0,0.0,0.0,0.0,0.0,0.0,0.0,0.0,39,0.04476232774459557,43,24,19,0,0,0,0,0,0,0,0,1,0
1d6z,B,656,ASN,-3.5,114.1,0.0,2,2,X,0.0,0.0,0.0,0.0,0.0,0.0,0.0,0.0,36,0.045228601991935104,43,13,30,0,0,0,0,0,0,0,0,1,0
1d6z,B,657,ARG,-4.5,173.4,1.0,5,0,X,0.0,0.0,0.0,0.0,0.0,0.0,0.0,0.0,31,0.045694876239274644,36,19,17,0,0,0,0,0,0,0,0,1,0
1d6z,B,658,SER,-0.8,89.0,0.0,1,1,X,0.0,0.0,0.0,0.0,0.0,0.0,0.0,0.0,29,0.045694876239274644,55,21,34,0,0,0,0,0,0,0,0,1,0
1d6z,B,659,THR,-0.7,116.1,0.0,1,1,X,0.0,0.0,0.0,0.0,0.0,0.0,0.0,0.0,23,0.03916703677652112,44,20,24,0,0,0,0,0,0,0,0,1,0
1d6z,B,660,HIS,-3.2,153.2,0.1,2,1,X,0.0,0.0,0.0,0.0,0.0,0.0,0.0,0.0,20,0.03310547156110714,23,15,8,0,0,0,0,0,0,0,0,1,0
1d6z,B,661,ASP,-3.5,111.1,-1.0,1,3,X,0.0,0.0,0.0,0.0,0.0,0.0,0.0,0.0,28,0.04289723075523742,38,7,31,0,0,0,0,0,0,0,0,1,0
1d6z,B,662,THR,-0.7,116.1,0.0,1,1,X,0.0,0.0,0.0,0.0,0.0,0.0,0.0,0.0,29,0.03916703677652112,31,22,9,0,0,0,0,0,0,0,0,1,0
1d6z,B,663,GLY,-0.4,60.1,0.0,0,0,X,0.0,0.0,0.0,0.0,0.0,0.0,0.0,0.0,31,0.05129016720734909,35,26,9,0,0,0,0,0,0,0,0,1,0
1d6z,B,664,LEU,3.8,166.7,0.0,0,0,X,0.0,0.0,0.0,0.0,0.0,0.0,0.0,0.0,41,0.05455408693872585,26,34,-8,0,0,0,0,0,0,0,0,1,0
1d6z,B,665,GLY,-0.4,60.1,0.0,0,0,X,0.0,0.0,0.0,0.0,0.0,0.0,0.0,0.0,30,0.040099585271200194,25,31,-6,0,0,0,0,0,0,0,0,1,0
1d6z,B,666,GLN,-3.5,143.8,0.0,2,2,X,0.0,0.0,0.0,0.0,0.0,0.0,0.0,0.0,27,0.0363693912924839,24,31,-7,0,0,0,0,0,0,0,0,1,0
1d6z,B,667,TYR,-1.3,193.6,0.0,1,1,X,0.0,0.0,0.0,0.0,0.0,0.0,0.0,0.0,33,0.045228601991935104,36,34,2,0,0,0,0,0,0,0,0,1,0
1d6z,B,668,SER,-0.8,89.0,0.0,1,1,X,0.0,0.0,0.0,0.0,0.0,0.0,0.0,0.0,28,0.048026247475972325,17,40,-23,0,0,0,0,0,0,0,0,1,0
1d6z,B,669,LYS,-3.9,168.6,1.0,2,0,X,0.0,0.0,0.0,0.0,0.0,0.0,0.0,0.0,17,0.030307826077069916,0,31,-31,0,0,0,0,0,0,0,0,1,0
1d6z,B,670,ASP,-3.5,111.1,-1.0,1,3,X,0.0,0.0,0.0,0.0,0.0,0.0,0.0,0.0,16,0.02797645484037223,15,21,-6,0,0,0,0,0,0,0,0,1,0
1d6z,B,671,ASN,-3.5,114.1,0.0,2,2,X,0.0,0.0,0.0,0.0,0.0,0.0,0.0,0.0,21,0.03590311704514436,14,34,-20,0,0,0,0,0,0,0,0,1,0
1d6z,B,672,GLU,-3.5,138.4,-1.0,1,3,X,0.0,0.0,0.0,0.0,0.0,0.0,0.0,0.0,22,0.03916703677652112,22,25,-3,0,0,0,0,0,0,0,0,1,0
1d6z,B,673,SER,-0.8,89.0,0.0,1,1,X,0.0,0.0,0.0,0.0,0.0,0.0,0.0,0.0,24,0.035436842797804825,12,36,-24,0,0,0,0,0,0,0,0,1,0
1d6z,B,674,LEU,3.8,166.7,0.0,0,0,X,0.0,0.0,0.0,0.0,0.0,0.0,0.0,0.0,34,0.05129016720734909,11,40,-29,0,0,0,0,0,0,0,0,1,0
1d6z,B,675,ASP,-3.5,111.1,-1.0,1,3,X,0.0,0.0,0.0,0.0,0.0,0.0,0.0,0.0,24,0.03590311704514436,5,9,-4,0,0,0,0,0,0,0,0,1,0
1d6z,B,676,ASN,-3.5,114.1,0.0,2,2,X,0.0,0.0,0.0,0.0,0.0,0.0,0.0,0.0,21,0.03730193978716297,6,19,-13,0,0,0,0,0,0,0,0,1,0
1d6z,B,677,THR,-0.7,116.1,0.0,1,1,X,0.0,0.0,0.0,0.0,0.0,0.0,0.0,0.0,31,0.040099585271200194,14,36,-22,0,0,0,0,0,0,0,0,1,0
1d6z,B,678,ASP,-3.5,111.1,-1.0,1,3,X,0.0,0.0,0.0,0.0,0.0,0.0,0.0,0.0,32,0.048492521723311866,30,30,0,0,0,0,0,0,0,0,0,1,0
1d6z,B,679,ALA,1.8,88.6,0.0,0,0,X,0.0,0.0,0.0,0.0,0.0,0.0,0.0,0.0,39,0.05548663543340492,25,42,-17,0,0,0,0,0,0,0,0,1,0
1d6z,B,680,VAL,4.2,140.0,0.0,0,0,X,0.0,0.0,0.0,0.0,0.0,0.0,0.0,0.0,38,0.05175644145468863,38,44,-6,0,0,0,0,0,0,0,0,1,0
1d6z,B,681,VAL,4.2,140.0,0.0,0,0,X,0.0,0.0,0.0,0.0,0.0,0.0,0.0,0.0,42,0.05035761871267001,16,16,0,0,0,0,0,0,0,0,0,1,0
1d6z,B,682,TRP,-0.9,227.8,0.0,1,0,X,0.0,0.0,0.0,0.0,0.0,0.0,0.0,0.0,42,0.0526889899493677,25,18,7,0,0,0,0,0,0,0,0,1,0
1d6z,B,683,MET,1.9,162.9,0.0,0,0,X,0.0,0.0,0.0,0.0,0.0,0.0,0.0,0.0,40,0.05175644145468863,12,1,11,0,0,0,0,0,0,0,0,1,0
1d6z,B,684,THR,-0.7,116.1,0.0,1,1,X,0.0,0.0,0.0,0.0,0.0,0.0,0.0,0.0,43,0.050823892960009553,23,5,18,0,0,0,0,0,0,0,0,1,0
1d6z,B,685,THR,-0.7,116.1,0.0,1,1,X,0.0,0.0,0.0,0.0,0.0,0.0,0.0,0.0,42,0.048958795970651406,20,4,16,0,0,0,0,0,0,0,0,1,0
1d6z,B,686,GLY,-0.4,60.1,0.0,0,0,X,0.0,0.0,0.0,0.0,0.0,0.0,0.0,0.0,42,0.045694876239274644,34,1,33,0,0,0,0,0,0,0,0,1,0
1d6z,B,687,THR,-0.7,116.1,0.0,1,1,X,0.0,0.0,0.0,0.0,0.0,0.0,0.0,0.0,39,0.04662742473395372,46,8,38,0,0,0,0,0,0,0,0,1,0
1d6z,B,688,THR,-0.7,116.1,0.0,1,1,X,0.0,0.0,0.0,0.0,0.0,0.0,0.0,0.0,37,0.050823892960009553,48,2,46,0,0,0,0,0,0,0,0,1,0
1d6z,B,689,HIS,-3.2,153.2,0.1,2,1,X,0.0,0.0,0.0,0.0,0.0,0.0,0.0,0.0,39,0.04709369898129325,42,24,18,0,0,0,0,0,0,0,0,1,0
1d6z,B,690,VAL,4.2,140.0,0.0,0,0,X,0.0,0.0,0.0,0.0,0.0,0.0,0.0,0.0,40,0.048492521723311866,44,14,30,0,0,0,0,0,0,0,0,1,0
1d6z,B,691,ALA,1.8,88.6,0.0,0,0,X,0.0,0.0,0.0,0.0,0.0,0.0,0.0,0.0,37,0.05129016720734909,38,29,9,0,0,0,0,0,0,0,0,1,0
1d6z,B,692,ARG,-4.5,173.4,1.0,5,0,X,0.0,0.0,0.0,0.0,0.0,0.0,0.0,0.0,39,0.05035761871267001,25,37,-12,0,0,0,0,0,0,0,0,1,0
1d6z,B,693,ALA,1.8,88.6,0.0,0,0,X,0.0,0.0,0.0,0.0,0.0,0.0,0.0,0.0,33,0.05735173242276307,24,48,-24,0,0,0,0,0,0,0,0,1,0
1d6z,B,694,GLU,-3.5,138.4,-1.0,1,3,X,0.0,0.0,0.0,0.0,0.0,0.0,0.0,0.0,40,0.053155264196707235,24,30,-6,0,0,0,0,0,0,0,0,1,0
1d6z,B,695,GLU,-3.5,138.4,-1.0,1,3,X,0.0,0.0,0.0,0.0,0.0,0.0,0.0,0.0,40,0.053155264196707235,32,35,-3,0,0,0,0,0,0,0,0,1,0
1d6z,B,696,TRP,-0.9,227.8,0.0,1,0,X,0.0,0.0,0.0,0.0,0.0,0.0,0.0,0.0,44,0.050823892960009553,31,44,-13,0,0,0,0,0,0,0,0,1,0
1d6z,B,697,PRO,-1.6,112.7,0.0,0,0,X,0.0,0.0,0.0,0.0,0.0,0.0,0.0,0.0,39,0.0526889899493677,25,45,-20,0,0,0,0,0,0,0,0,1,0
1d6z,B,698,ILE,4.5,166.7,0.0,0,0,X,0.0,0.0,0.0,0.0,0.0,0.0,0.0,0.0,38,0.05688545817542354,24,45,-21,0,0,0,0,0,0,0,0,1,0
1d6z,B,699,MET,1.9,162.9,0.0,0,0,X,0.0,0.0,0.0,0.0,0.0,0.0,0.0,0.0,42,0.0526889899493677,44,50,-6,0,0,0,0,0,0,0,0,1,0
1d6z,B,700,PRO,-1.6,112.7,0.0,0,0,X,0.0,0.0,0.0,0.0,0.0,0.0,0.0,0.0,40,0.05129016720734909,36,43,-7,0,0,0,0,0,0,0,0,1,0
1d6z,B,701,THR,-0.7,116.1,0.0,1,1,X,0.0,0.0,0.0,0.0,0.0,0.0,0.0,0.0,39,0.048958795970651406,34,35,-1,0,0,0,0,0,0,0,0,1,0
1d6z,B,702,GLU,-3.5,138.4,-1.0,1,3,X,0.0,0.0,0.0,0.0,0.0,0.0,0.0,0.0,38,0.04476232774459557,46,15,31,0,0,0,0,0,0,0,0,1,0
1d6z,B,703,TRP,-0.9,227.8,0.0,1,0,X,0.0,0.0,0.0,0.0,0.0,0.0,0.0,0.0,35,0.043829779249916496,32,31,1,0,0,0,0,0,0,0,0,1,0
1d6z,B,704,VAL,4.2,140.0,0.0,0,0,X,0.0,0.0,0.0,0.0,0.0,0.0,0.0,0.0,36,0.04942507021799094,24,19,5,0,0,0,0,0,0,0,0,1,0
1d6z,B,705,HIS,-3.2,153.2,0.1,2,1,X,0.0,0.0,0.0,0.0,0.0,0.0,0.0,0.0,30,0.04289723075523742,4,18,-14,0,0,0,0,0,0,0,0,1,0
1d6z,B,706,THR,-0.7,116.1,0.0,1,1,X,0.0,0.0,0.0,0.0,0.0,0.0,0.0,0.0,36,0.048026247475972325,16,13,3,0,0,0,0,0,0,0,0,1,0
1d6z,B,707,LEU,3.8,166.7,0.0,0,0,X,0.0,0.0,0.0,0.0,0.0,0.0,0.0,0.0,35,0.04942507021799094,33,11,22,0,0,0,0,0,0,0,0,1,0
1d6z,B,708,LEU,3.8,166.7,0.0,0,0,X,0.0,0.0,0.0,0.0,0.0,0.0,0.0,0.0,38,0.048492521723311866,21,0,21,0,0,0,0,0,0,0,0,1,0
1d6z,B,709,LYS,-3.9,168.6,1.0,2,0,X,0.0,0.0,0.0,0.0,0.0,0.0,0.0,0.0,35,0.048958795970651406,28,20,8,0,0,0,0,0,0,0,0,1,0
1d6z,B,710,PRO,-1.6,112.7,0.0,0,0,X,0.0,0.0,0.0,0.0,0.0,0.0,0.0,0.0,38,0.053155264196707235,28,25,3,0,0,0,0,0,0,0,0,1,0
1d6z,B,711,TRP,-0.9,227.8,0.0,1,0,X,0.0,0.0,0.0,0.0,0.0,0.0,0.0,0.0,37,0.05502036118606539,28,16,12,0,0,0,0,0,0,0,0,1,0
1d6z,B,712,ASN,-3.5,114.1,0.0,2,2,X,0.0,0.0,0.0,0.0,0.0,0.0,0.0,0.0,40,0.058284280917442144,23,35,-12,0,0,0,0,0,0,0,0,1,0
1d6z,B,713,PHE,2.8,189.9,0.0,0,0,X,0.0,0.0,0.0,0.0,0.0,0.0,0.0,0.0,41,0.05408781269138631,32,36,-4,0,0,0,0,0,0,0,0,1,0
1d6z,B,714,PHE,2.8,189.9,0.0,0,0,X,0.0,0.0,0.0,0.0,0.0,0.0,0.0,0.0,40,0.048026247475972325,24,44,-20,0,0,0,0,0,0,0,0,1,0
1d6z,B,715,ASP,-3.5,111.1,-1.0,1,3,X,0.0,0.0,0.0,0.0,0.0,0.0,0.0,0.0,30,0.043829779249916496,32,35,-3,0,0,0,0,0,0,0,0,1,0
1d6z,B,716,GLU,-3.5,138.4,-1.0,1,3,X,0.0,0.0,0.0,0.0,0.0,0.0,0.0,0.0,35,0.04662742473395372,28,33,-5,0,0,0,0,0,0,0,0,1,0
1d6z,B,717,THR,-0.7,116.1,0.0,1,1,X,0.0,0.0,0.0,0.0,0.0,0.0,0.0,0.0,34,0.05175644145468863,17,43,-26,0,0,0,0,0,0,0,0,1,0
1d6z,B,718,PRO,-1.6,112.7,0.0,0,0,X,0.0,0.0,0.0,0.0,0.0,0.0,0.0,0.0,35,0.045694876239274644,15,51,-36,0,0,0,0,0,0,0,0,1,0
1d6z,B,719,THR,-0.7,116.1,0.0,1,1,X,0.0,0.0,0.0,0.0,0.0,0.0,0.0,0.0,35,0.03776821403450251,28,38,-10,0,0,0,0,0,0,0,0,1,0
1d6z,B,720,LEU,3.8,166.7,0.0,0,0,X,0.0,0.0,0.0,0.0,0.0,0.0,0.0,0.0,36,0.03870076252918159,17,36,-19,0,0,0,0,0,0,0,0,1,0
1d6z,B,721,GLY,-0.4,60.1,0.0,0,0,X,0.0,0.0,0.0,0.0,0.0,0.0,0.0,0.0,28,0.03450429430312575,19,22,-3,0,0,0,0,0,0,0,0,1,0
1d6z,B,722,ALA,1.8,88.6,0.0,0,0,X,0.0,0.0,0.0,0.0,0.0,0.0,0.0,0.0,19,0.02984155182973038,28,12,16,0,0,0,0,0,0,0,0,1,0
1d6z,B,723,LEU,3.8,166.7,0.0,0,0,X,0.0,0.0,0.0,0.0,0.0,0.0,0.0,0.0,15,0.030307826077069916,34,12,22,0,0,0,0,0,0,0,0,1,0
1d6z,B,724,LYS,-3.9,168.6,1.0,2,0,X,0.0,0.0,0.0,0.0,0.0,0.0,0.0,0.0,12,0.02844272908771177,27,8,19,0,0,0,0,0,0,0,0,1,0
1d6z,B,725,LYS,-3.9,168.6,1.0,2,0,X,0.0,0.0,0.0,0.0,0.0,0.0,0.0,0.0,9,0.016319598656883802,23,8,15,0,0,0,0,0,0,0,0,1,0
