pdb_id,chain_id,residue_id,residue_name,hydrophobicity,volume,charge,hbond_donor,hbond_acceptor,ss_type,rel_asa,phi,psi,hse_up,hse_down,hse_ratio,residue_depth,ca_depth,neighbor_count,atom_density,pos_charged_neighbors,neg_charged_neighbors,net_charge_environment,ss_H,ss_B,ss_E,ss_G,ss_I,ss_T,ss_S,ss_ ,ss_X
1dfo,A,2,LEU,3.8,166.7,0.0,0,0,X,0.0,0.0,0.0,0.0,0.0,0.0,0.0,0.0,27,0.035436842797804825,42,11,31,0,0,0,0,0,0,0,0,1
1dfo,A,3,LYS,-3.9,168.6,1.0,2,0,X,0.0,0.0,0.0,0.0,0.0,0.0,0.0,0.0,17,0.028909003335051305,22,11,11,0,0,0,0,0,0,0,0,1
1dfo,A,4,ARG,-4.5,173.4,1.0,5,0,X,0.0,0.0,0.0,0.0,0.0,0.0,0.0,0.0,18,0.030774100324409453,11,13,-2,0,0,0,0,0,0,0,0,1
1dfo,A,5,GLU,-3.5,138.4,-1.0,1,3,X,0.0,0.0,0.0,0.0,0.0,0.0,0.0,0.0,12,0.02144861537761871,21,4,17,0,0,0,0,0,0,0,0,1
1dfo,A,6,MET,1.9,162.9,0.0,0,0,X,0.0,0.0,0.0,0.0,0.0,0.0,0.0,0.0,23,0.03310547156110714,26,23,3,0,0,0,0,0,0,0,0,1
1dfo,A,7,ASN,-3.5,114.1,0.0,2,2,X,0.0,0.0,0.0,0.0,0.0,0.0,0.0,0.0,20,0.04103213376587927,19,25,-6,0,0,0,0,0,0,0,0,1
1dfo,A,8,ILE,4.5,166.7,0.0,0,0,X,0.0,0.0,0.0,0.0,0.0,0.0,0.0,0.0,33,0.048958795970651406,18,31,-13,0,0,0,0,0,0,0,0,1
1dfo,A,9,ALA,1.8,88.6,0.0,0,0,X,0.0,0.0,0.0,0.0,0.0,0.0,0.0,0.0,19,0.03357174580844668,10,29,-19,0,0,0,0,0,0,0,0,1
1dfo,A,10,ASP,-3.5,111.1,-1.0,1,3,X,0.0,0.0,0.0,0.0,0.0,0.0,0.0,0.0,14,0.025178809356335007,10,15,-5,0,0,0,0,0,0,0,0,1
1dfo,A,11,TYR,-1.3,193.6,0.0,1,1,X,0.0,0.0,0.0,0.0,0.0,0.0,0.0,0.0,26,0.032172923066428064,25,37,-12,0,0,0,0,0,0,0,0,1
1dfo,A,12,ASP,-3.5,111.1,-1.0,1,3,X,0.0,0.0,0.0,0.0,0.0,0.0,0.0,0.0,26,0.043363505002576956,25,24,1,0,0,0,0,0,0,0,0,1
1dfo,A,13,ALA,1.8,88.6,0.0,0,0,X,0.0,0.0,0.0,0.0,0.0,0.0,0.0,0.0,19,0.03357174580844668,8,27,-19,0,0,0,0,0,0,0,0,1
1dfo,A,14,GLU,-3.5,138.4,-1.0,1,3,X,0.0,0.0,0.0,0.0,0.0,0.0,0.0,0.0,21,0.030774100324409453,11,9,2,0,0,0,0,0,0,0,0,1
1dfo,A,15,LEU,3.8,166.7,0.0,0,0,X,0.0,0.0,0.0,0.0,0.0,0.0,0.0,0.0,39,0.04755997322863279,21,29,-8,0,0,0,0,0,0,0,0,1
1dfo,A,16,TRP,-0.9,227.8,0.0,1,0,X,0.0,0.0,0.0,0.0,0.0,0.0,0.0,0.0,25,0.04103213376587927,8,31,-23,0,0,0,0,0,0,0,0,1
1dfo,A,17,GLN,-3.5,143.8,0.0,2,2,X,0.0,0.0,0.0,0.0,0.0,0.0,0.0,0.0,18,0.034970568550465285,1,27,-26,0,0,0,0,0,0,0,0,1
1dfo,A,18,ALA,1.8,88.6,0.0,0,0,X,0.0,0.0,0.0,0.0,0.0,0.0,0.0,0.0,27,0.04662742473395372,9,42,-33,0,0,0,0,0,0,0,0,1
1dfo,A,19,MET,1.9,162.9,0.0,0,0,X,0.0,0.0,0.0,0.0,0.0,0.0,0.0,0.0,37,0.048958795970651406,16,30,-14,0,0,0,0,0,0,0,0,1
1dfo,A,20,GLU,-3.5,138.4,-1.0,1,3,X,0.0,0.0,0.0,0.0,0.0,0.0,0.0,0.0,23,0.03730193978716297,15,11,4,0,0,0,0,0,0,0,0,1
1dfo,A,21,GLN,-3.5,143.8,0.0,2,2,X,0.0,0.0,0.0,0.0,0.0,0.0,0.0,0.0,24,0.03823448828184205,18,33,-15,0,0,0,0,0,0,0,0,1
1dfo,A,22,GLU,-3.5,138.4,-1.0,1,3,X,0.0,0.0,0.0,0.0,0.0,0.0,0.0,0.0,35,0.048958795970651406,36,36,0,0,0,0,0,0,0,0,0,1
1dfo,A,23,LYS,-3.9,168.6,1.0,2,0,X,0.0,0.0,0.0,0.0,0.0,0.0,0.0,0.0,22,0.043829779249916496,15,30,-15,0,0,0,0,0,0,0,0,1
1dfo,A,24,VAL,4.2,140.0,0.0,0,0,X,0.0,0.0,0.0,0.0,0.0,0.0,0.0,0.0,21,0.03823448828184205,36,36,0,0,0,0,0,0,0,0,0,1
1dfo,A,25,ARG,-4.5,173.4,1.0,5,0,X,0.0,0.0,0.0,0.0,0.0,0.0,0.0,0.0,34,0.04289723075523742,27,51,-24,0,0,0,0,0,0,0,0,1
1dfo,A,26,GLN,-3.5,143.8,0.0,2,2,X,0.0,0.0,0.0,0.0,0.0,0.0,0.0,0.0,37,0.05035761871267001,47,43,4,0,0,0,0,0,0,0,0,1
1dfo,A,27,GLU,-3.5,138.4,-1.0,1,3,X,0.0,0.0,0.0,0.0,0.0,0.0,0.0,0.0,29,0.045228601991935104,45,21,24,0,0,0,0,0,0,0,0,1
1dfo,A,28,GLU,-3.5,138.4,-1.0,1,3,X,0.0,0.0,0.0,0.0,0.0,0.0,0.0,0.0,33,0.04196468226055834,40,22,18,0,0,0,0,0,0,0,0,1
1dfo,A,29,HIS,-3.2,153.2,0.1,2,1,X,0.0,0.0,0.0,0.0,0.0,0.0,0.0,0.0,35,0.04989134446533048,35,37,-2,0,0,0,0,0,0,0,0,1
1dfo,A,30,ILE,4.5,166.7,0.0,0,0,X,0.0,0.0,0.0,0.0,0.0,0.0,0.0,0.0,42,0.0526889899493677,30,23,7,0,0,0,0,0,0,0,0,1
1dfo,A,31,GLU,-3.5,138.4,-1.0,1,3,X,0.0,0.0,0.0,0.0,0.0,0.0,0.0,0.0,40,0.048492521723311866,36,21,15,0,0,0,0,0,0,0,0,1
1dfo,A,32,LEU,3.8,166.7,0.0,0,0,X,0.0,0.0,0.0,0.0,0.0,0.0,0.0,0.0,39,0.05035761871267001,20,19,1,0,0,0,0,0,0,0,0,1
1dfo,A,33,ILE,4.5,166.7,0.0,0,0,X,0.0,0.0,0.0,0.0,0.0,0.0,0.0,0.0,41,0.05222271570202816,41,20,21,0,0,0,0,0,0,0,0,1
1dfo,A,34,ALA,1.8,88.6,0.0,0,0,X,0.0,0.0,0.0,0.0,0.0,0.0,0.0,0.0,39,0.053155264196707235,43,16,27,0,0,0,0,0,0,0,0,1
1dfo,A,35,SER,-0.8,89.0,0.0,1,1,X,0.0,0.0,0.0,0.0,0.0,0.0,0.0,0.0,43,0.04989134446533048,62,20,42,0,0,0,0,0,0,0,0,1
1dfo,A,36,GLU,-3.5,138.4,-1.0,1,3,X,0.0,0.0,0.0,0.0,0.0,0.0,0.0,0.0,41,0.0526889899493677,47,10,37,0,0,0,0,0,0,0,0,1
1dfo,A,37,ASN,-3.5,114.1,0.0,2,2,X,0.0,0.0,0.0,0.0,0.0,0.0,0.0,0.0,40,0.050823892960009553,40,17,23,0,0,0,0,0,0,0,0,1
1dfo,A,38,TYR,-1.3,193.6,0.0,1,1,X,0.0,0.0,0.0,0.0,0.0,0.0,0.0,0.0,40,0.048026247475972325,37,28,9,0,0,0,0,0,0,0,0,1
1dfo,A,39,THR,-0.7,116.1,0.0,1,1,X,0.0,0.0,0.0,0.0,0.0,0.0,0.0,0.0,39,0.04942507021799094,33,8,25,0,0,0,0,0,0,0,0,1
1dfo,A,40,SER,-0.8,89.0,0.0,1,1,X,0.0,0.0,0.0,0.0,0.0,0.0,0.0,0.0,37,0.04662742473395372,30,12,18,0,0,0,0,0,0,0,0,1
1dfo,A,41,PRO,-1.6,112.7,0.0,0,0,X,0.0,0.0,0.0,0.0,0.0,0.0,0.0,0.0,30,0.04942507021799094,32,11,21,0,0,0,0,0,0,0,0,1
1dfo,A,42,ARG,-4.5,173.4,1.0,5,0,X,0.0,0.0,0.0,0.0,0.0,0.0,0.0,0.0,36,0.048958795970651406,21,33,-12,0,0,0,0,0,0,0,0,1
1dfo,A,43,VAL,4.2,140.0,0.0,0,0,X,0.0,0.0,0.0,0.0,0.0,0.0,0.0,0.0,41,0.05222271570202816,34,7,27,0,0,0,0,0,0,0,0,1
1dfo,A,44,MET,1.9,162.9,0.0,0,0,X,0.0,0.0,0.0,0.0,0.0,0.0,0.0,0.0,31,0.04429605349725603,27,3,24,0,0,0,0,0,0,0,0,1
1dfo,A,45,GLN,-3.5,143.8,0.0,2,2,X,0.0,0.0,0.0,0.0,0.0,0.0,0.0,0.0,26,0.03963331102386066,15,6,9,0,0,0,0,0,0,0,0,1
1dfo,A,46,ALA,1.8,88.6,0.0,0,0,X,0.0,0.0,0.0,0.0,0.0,0.0,0.0,0.0,31,0.048026247475972325,24,0,24,0,0,0,0,0,0,0,0,1
1dfo,A,47,GLN,-3.5,143.8,0.0,2,2,X,0.0,0.0,0.0,0.0,0.0,0.0,0.0,0.0,29,0.053621538444046775,39,0,39,0,0,0,0,0,0,0,0,1
1dfo,A,48,GLY,-0.4,60.1,0.0,0,0,X,0.0,0.0,0.0,0.0,0.0,0.0,0.0,0.0,23,0.04289723075523742,22,0,22,0,0,0,0,0,0,0,0,1
1dfo,A,49,SER,-0.8,89.0,0.0,1,1,X,0.0,0.0,0.0,0.0,0.0,0.0,0.0,0.0,33,0.03963331102386066,22,10,12,0,0,0,0,0,0,0,0,1
1dfo,A,50,GLN,-3.5,143.8,0.0,2,2,X,0.0,0.0,0.0,0.0,0.0,0.0,0.0,0.0,33,0.04476232774459557,34,21,13,0,0,0,0,0,0,0,0,1
1dfo,A,51,LEU,3.8,166.7,0.0,0,0,X,0.0,0.0,0.0,0.0,0.0,0.0,0.0,0.0,39,0.04942507021799094,36,16,20,0,0,0,0,0,0,0,0,1
1dfo,A,52,THR,-0.7,116.1,0.0,1,1,X,0.0,0.0,0.0,0.0,0.0,0.0,0.0,0.0,37,0.04989134446533048,38,10,28,0,0,0,0,0,0,0,0,1
1dfo,A,53,ASN,-3.5,114.1,0.0,2,2,X,0.0,0.0,0.0,0.0,0.0,0.0,0.0,0.0,39,0.050823892960009553,48,22,26,0,0,0,0,0,0,0,0,1
1dfo,A,54,LYS,-3.9,168.6,1.0,2,0,X,0.0,0.0,0.0,0.0,0.0,0.0,0.0,0.0,36,0.048492521723311866,34,36,-2,0,0,0,0,0,0,0,0,1
1dfo,A,55,TYR,-1.3,193.6,0.0,1,1,X,0.0,0.0,0.0,0.0,0.0,0.0,0.0,0.0,36,0.04709369898129325,53,20,33,0,0,0,0,0,0,0,0,1
1dfo,A,56,ALA,1.8,88.6,0.0,0,0,X,0.0,0.0,0.0,0.0,0.0,0.0,0.0,0.0,38,0.05688545817542354,31,29,2,0,0,0,0,0,0,0,0,1
1dfo,A,57,GLU,-3.5,138.4,-1.0,1,3,X,0.0,0.0,0.0,0.0,0.0,0.0,0.0,0.0,38,0.04942507021799094,34,7,27,0,0,0,0,0,0,0,0,1
1dfo,A,58,GLY,-0.4,60.1,0.0,0,0,X,0.0,0.0,0.0,0.0,0.0,0.0,0.0,0.0,32,0.04616115048661418,22,20,2,0,0,0,0,0,0,0,0,1
1dfo,A,59,TYR,-1.3,193.6,0.0,1,1,X,0.0,0.0,0.0,0.0,0.0,0.0,0.0,0.0,33,0.03963331102386066,23,20,3,0,0,0,0,0,0,0,0,1
1dfo,A,60,PRO,-1.6,112.7,0.0,0,0,X,0.0,0.0,0.0,0.0,0.0,0.0,0.0,0.0,28,0.03870076252918159,20,26,-6,0,0,0,0,0,0,0,0,1
1dfo,A,61,GLY,-0.4,60.1,0.0,0,0,X,0.0,0.0,0.0,0.0,0.0,0.0,0.0,0.0,19,0.023779986614316396,24,22,2,0,0,0,0,0,0,0,0,1
1dfo,A,62,LYS,-3.9,168.6,1.0,2,0,X,0.0,0.0,0.0,0.0,0.0,0.0,0.0,0.0,19,0.02984155182973038,15,11,4,0,0,0,0,0,0,0,0,1
1dfo,A,63,ARG,-4.5,173.4,1.0,5,0,X,0.0,0.0,0.0,0.0,0.0,0.0,0.0,0.0,28,0.04429605349725603,18,32,-14,0,0,0,0,0,0,0,0,1
1dfo,A,64,TYR,-1.3,193.6,0.0,1,1,X,0.0,0.0,0.0,0.0,0.0,0.0,0.0,0.0,31,0.04709369898129325,32,12,20,0,0,0,0,0,0,0,0,1
1dfo,A,65,TYR,-1.3,193.6,0.0,1,1,X,0.0,0.0,0.0,0.0,0.0,0.0,0.0,0.0,36,0.04709369898129325,43,24,19,0,0,0,0,0,0,0,0,1
1dfo,A,66,GLY,-0.4,60.1,0.0,0,0,X,0.0,0.0,0.0,0.0,0.0,0.0,0.0,0.0,36,0.04196468226055834,41,39,2,0,0,0,0,0,0,0,0,1
1dfo,A,67,GLY,-0.4,60.1,0.0,0,0,X,0.0,0.0,0.0,0.0,0.0,0.0,0.0,0.0,32,0.04149840801321881,41,42,-1,0,0,0,0,0,0,0,0,1
1dfo,A,68,CYS,2.5,108.5,0.0,1,0,X,0.0,0.0,0.0,0.0,0.0,0.0,0.0,0.0,34,0.04149840801321881,35,42,-7,0,0,0,0,0,0,0,0,1
1dfo,A,69,GLU,-3.5,138.4,-1.0,1,3,X,0.0,0.0,0.0,0.0,0.0,0.0,0.0,0.0,24,0.02984155182973038,31,18,13,0,0,0,0,0,0,0,0,1
1dfo,A,70,TYR,-1.3,193.6,0.0,1,1,X,0.0,0.0,0.0,0.0,0.0,0.0,0.0,0.0,26,0.04662742473395372,25,33,-8,0,0,0,0,0,0,0,0,1
1dfo,A,71,VAL,4.2,140.0,0.0,0,0,X,0.0,0.0,0.0,0.0,0.0,0.0,0.0,0.0,41,0.04709369898129325,28,38,-10,0,0,0,0,0,0,0,0,1
1dfo,A,72,ASP,-3.5,111.1,-1.0,1,3,X,0.0,0.0,0.0,0.0,0.0,0.0,0.0,0.0,32,0.04243095650789788,20,24,-4,0,0,0,0,0,0,0,0,1
1dfo,A,73,ILE,4.5,166.7,0.0,0,0,X,0.0,0.0,0.0,0.0,0.0,0.0,0.0,0.0,31,0.03823448828184205,4,39,-35,0,0,0,0,0,0,0,0,1
1dfo,A,74,VAL,4.2,140.0,0.0,0,0,X,0.0,0.0,0.0,0.0,0.0,0.0,0.0,0.0,40,0.05035761871267001,21,38,-17,0,0,0,0,0,0,0,0,1
1dfo,A,75,GLU,-3.5,138.4,-1.0,1,3,X,0.0,0.0,0.0,0.0,0.0,0.0,0.0,0.0,39,0.05129016720734909,16,17,-1,0,0,0,0,0,0,0,0,1
1dfo,A,76,GLN,-3.5,143.8,0.0,2,2,X,0.0,0.0,0.0,0.0,0.0,0.0,0.0,0.0,25,0.03870076252918159,19,27,-8,0,0,0,0,0,0,0,0,1
1dfo,A,77,LEU,3.8,166.7,0.0,0,0,X,0.0,0.0,0.0,0.0,0.0,0.0,0.0,0.0,33,0.04476232774459557,24,37,-13,0,0,0,0,0,0,0,0,1
1dfo,A,78,ALA,1.8,88.6,0.0,0,0,X,0.0,0.0,0.0,0.0,0.0,0.0,0.0,0.0,38,0.0526889899493677,31,23,8,0,0,0,0,0,0,0,0,1
1dfo,A,79,ILE,4.5,166.7,0.0,0,0,X,0.0,0.0,0.0,0.0,0.0,0.0,0.0,0.0,32,0.04476232774459557,23,26,-3,0,0,0,0,0,0,0,0,1
1dfo,A,80,ASP,-3.5,111.1,-1.0,1,3,X,0.0,0.0,0.0,0.0,0.0,0.0,0.0,0.0,26,0.03590311704514436,20,23,-3,0,0,0,0,0,0,0,0,1
1dfo,A,81,ARG,-4.5,173.4,1.0,5,0,X,0.0,0.0,0.0,0.0,0.0,0.0,0.0,0.0,32,0.043829779249916496,22,38,-16,0,0,0,0,0,0,0,0,1
1dfo,A,82,ALA,1.8,88.6,0.0,0,0,X,0.0,0.0,0.0,0.0,0.0,0.0,0.0,0.0,35,0.04942507021799094,26,23,3,0,0,0,0,0,0,0,0,1
1dfo,A,83,LYS,-3.9,168.6,1.0,2,0,X,0.0,0.0,0.0,0.0,0.0,0.0,0.0,0.0,27,0.043829779249916496,14,26,-12,0,0,0,0,0,0,0,0,1
1dfo,A,84,GLU,-3.5,138.4,-1.0,1,3,X,0.0,0.0,0.0,0.0,0.0,0.0,0.0,0.0,18,0.029375277582390842,20,10,10,0,0,0,0,0,0,0,0,1
1dfo,A,85,LEU,3.8,166.7,0.0,0,0,X,0.0,0.0,0.0,0.0,0.0,0.0,0.0,0.0,35,0.035436842797804825,20,19,1,0,0,0,0,0,0,0,0,1
1dfo,A,86,PHE,2.8,189.9,0.0,0,0,X,0.0,0.0,0.0,0.0,0.0,0.0,0.0,0.0,42,0.0363693912924839,15,10,5,0,0,0,0,0,0,0,0,1
1dfo,A,87,GLY,-0.4,60.1,0.0,0,0,X,0.0,0.0,0.0,0.0,0.0,0.0,0.0,0.0,26,0.03124037457174899,22,19,3,0,0,0,0,0,0,0,0,1
1dfo,A,88,ALA,1.8,88.6,0.0,0,0,X,0.0,0.0,0.0,0.0,0.0,0.0,0.0,0.0,28,0.043363505002576956,23,20,3,0,0,0,0,0,0,0,0,1
1dfo,A,89,ASP,-3.5,111.1,-1.0,1,3,X,0.0,0.0,0.0,0.0,0.0,0.0,0.0,0.0,24,0.03170664881908853,19,6,13,0,0,0,0,0,0,0,0,1
1dfo,A,90,TYR,-1.3,193.6,0.0,1,1,X,0.0,0.0,0.0,0.0,0.0,0.0,0.0,0.0,34,0.03870076252918159,26,15,11,0,0,0,0,0,0,0,0,1
1dfo,A,91,ALA,1.8,88.6,0.0,0,0,X,0.0,0.0,0.0,0.0,0.0,0.0,0.0,0.0,37,0.04662742473395372,15,21,-6,0,0,0,0,0,0,0,0,1
1dfo,A,92,ASN,-3.5,114.1,0.0,2,2,X,0.0,0.0,0.0,0.0,0.0,0.0,0.0,0.0,42,0.048026247475972325,11,9,2,0,0,0,0,0,0,0,0,1
1dfo,A,93,VAL,4.2,140.0,0.0,0,0,X,0.0,0.0,0.0,0.0,0.0,0.0,0.0,0.0,44,0.04709369898129325,21,12,9,0,0,0,0,0,0,0,0,1
1dfo,A,94,GLN,-3.5,143.8,0.0,2,2,X,0.0,0.0,0.0,0.0,0.0,0.0,0.0,0.0,41,0.048026247475972325,20,15,5,0,0,0,0,0,0,0,0,1
1dfo,A,95,PRO,-1.6,112.7,0.0,0,0,X,0.0,0.0,0.0,0.0,0.0,0.0,0.0,0.0,41,0.04942507021799094,22,2,20,0,0,0,0,0,0,0,0,1
1dfo,A,96,HIS,-3.2,153.2,0.1,2,1,X,0.0,0.0,0.0,0.0,0.0,0.0,0.0,0.0,26,0.04755997322863279,18,0,18,0,0,0,0,0,0,0,0,1
1dfo,A,97,SER,-0.8,89.0,0.0,1,1,X,0.0,0.0,0.0,0.0,0.0,0.0,0.0,0.0,40,0.04755997322863279,47,3,44,0,0,0,0,0,0,0,0,1
1dfo,A,98,GLY,-0.4,60.1,0.0,0,0,X,0.0,0.0,0.0,0.0,0.0,0.0,0.0,0.0,44,0.05035761871267001,40,8,32,0,0,0,0,0,0,0,0,1
1dfo,A,99,SER,-0.8,89.0,0.0,1,1,X,0.0,0.0,0.0,0.0,0.0,0.0,0.0,0.0,39,0.04243095650789788,31,6,25,0,0,0,0,0,0,0,0,1
1dfo,A,100,GLN,-3.5,143.8,0.0,2,2,X,0.0,0.0,0.0,0.0,0.0,0.0,0.0,0.0,32,0.050823892960009553,22,0,22,0,0,0,0,0,0,0,0,1
1dfo,A,101,ALA,1.8,88.6,0.0,0,0,X,0.0,0.0,0.0,0.0,0.0,0.0,0.0,0.0,41,0.05222271570202816,12,6,6,0,0,0,0,0,0,0,0,1
1dfo,A,102,ASN,-3.5,114.1,0.0,2,2,X,0.0,0.0,0.0,0.0,0.0,0.0,0.0,0.0,41,0.04709369898129325,18,8,10,0,0,0,0,0,0,0,0,1
1dfo,A,103,PHE,2.8,189.9,0.0,0,0,X,0.0,0.0,0.0,0.0,0.0,0.0,0.0,0.0,31,0.048026247475972325,0,0,0,0,0,0,0,0,0,0,0,1
1dfo,A,104,ALA,1.8,88.6,0.0,0,0,X,0.0,0.0,0.0,0.0,0.0,0.0,0.0,0.0,40,0.04942507021799094,7,0,7,0,0,0,0,0,0,0,0,1
1dfo,A,105,VAL,4.2,140.0,0.0,0,0,X,0.0,0.0,0.0,0.0,0.0,0.0,0.0,0.0,39,0.048958795970651406,8,5,3,0,0,0,0,0,0,0,0,1
1dfo,A,106,TYR,-1.3,193.6,0.0,1,1,X,0.0,0.0,0.0,0.0,0.0,0.0,0.0,0.0,43,0.045228601991935104,10,12,-2,0,0,0,0,0,0,0,0,1
1dfo,A,107,THR,-0.7,116.1,0.0,1,1,X,0.0,0.0,0.0,0.0,0.0,0.0,0.0,0.0,32,0.040565859518539735,15,10,5,0,0,0,0,0,0,0,0,1
1dfo,A,108,ALA,1.8,88.6,0.0,0,0,X,0.0,0.0,0.0,0.0,0.0,0.0,0.0,0.0,32,0.03963331102386066,20,12,8,0,0,0,0,0,0,0,0,1
1dfo,A,109,LEU,3.8,166.7,0.0,0,0,X,0.0,0.0,0.0,0.0,0.0,0.0,0.0,0.0,29,0.03916703677652112,26,14,12,0,0,0,0,0,0,0,0,1
1dfo,A,110,LEU,3.8,166.7,0.0,0,0,X,0.0,0.0,0.0,0.0,0.0,0.0,0.0,0.0,28,0.043363505002576956,12,17,-5,0,0,0,0,0,0,0,0,1
1dfo,A,111,GLU,-3.5,138.4,-1.0,1,3,X,0.0,0.0,0.0,0.0,0.0,0.0,0.0,0.0,17,0.03124037457174899,13,8,5,0,0,0,0,0,0,0,0,1
1dfo,A,112,PRO,-1.6,112.7,0.0,0,0,X,0.0,0.0,0.0,0.0,0.0,0.0,0.0,0.0,17,0.030774100324409453,12,17,-5,0,0,0,0,0,0,0,0,1
1dfo,A,113,GLY,-0.4,60.1,0.0,0,0,X,0.0,0.0,0.0,0.0,0.0,0.0,0.0,0.0,17,0.02984155182973038,13,17,-4,0,0,0,0,0,0,0,0,1
1dfo,A,114,ASP,-3.5,111.1,-1.0,1,3,X,0.0,0.0,0.0,0.0,0.0,0.0,0.0,0.0,21,0.03730193978716297,12,9,3,0,0,0,0,0,0,0,0,1
1dfo,A,115,THR,-0.7,116.1,0.0,1,1,X,0.0,0.0,0.0,0.0,0.0,0.0,0.0,0.0,28,0.043363505002576956,29,15,14,0,0,0,0,0,0,0,0,1
1dfo,A,116,VAL,4.2,140.0,0.0,0,0,X,0.0,0.0,0.0,0.0,0.0,0.0,0.0,0.0,36,0.0526889899493677,27,10,17,0,0,0,0,0,0,0,0,1
1dfo,A,117,LEU,3.8,166.7,0.0,0,0,X,0.0,0.0,0.0,0.0,0.0,0.0,0.0,0.0,40,0.050823892960009553,29,9,20,0,0,0,0,0,0,0,0,1
1dfo,A,118,GLY,-0.4,60.1,0.0,0,0,X,0.0,0.0,0.0,0.0,0.0,0.0,0.0,0.0,37,0.05129016720734909,17,1,16,0,0,0,0,0,0,0,0,1
1dfo,A,119,MET,1.9,162.9,0.0,0,0,X,0.0,0.0,0.0,0.0,0.0,0.0,0.0,0.0,38,0.0526889899493677,27,2,25,0,0,0,0,0,0,0,0,1
1dfo,A,120,ASN,-3.5,114.1,0.0,2,2,X,0.0,0.0,0.0,0.0,0.0,0.0,0.0,0.0,32,0.043829779249916496,24,8,16,0,0,0,0,0,0,0,0,1
1dfo,A,121,LEU,3.8,166.7,0.0,0,0,X,0.0,0.0,0.0,0.0,0.0,0.0,0.0,0.0,37,0.04103213376587927,32,4,28,0,0,0,0,0,0,0,0,1
1dfo,A,122,ALA,1.8,88.6,0.0,0,0,X,0.0,0.0,0.0,0.0,0.0,0.0,0.0,0.0,31,0.03730193978716297,17,9,8,0,0,0,0,0,0,0,0,1
1dfo,A,123,HIS,-3.2,153.2,0.1,2,1,X,0.0,0.0,0.0,0.0,0.0,0.0,0.0,0.0,30,0.04429605349725603,5,15,-10,0,0,0,0,0,0,0,0,1
1dfo,A,124,GLY,-0.4,60.1,0.0,0,0,X,0.0,0.0,0.0,0.0,0.0,0.0,0.0,0.0,34,0.04942507021799094,41,0,41,0,0,0,0,0,0,0,0,1
1dfo,A,125,GLY,-0.4,60.1,0.0,0,0,X,0.0,0.0,0.0,0.0,0.0,0.0,0.0,0.0,34,0.04709369898129325,36,5,31,0,0,0,0,0,0,0,0,1
1dfo,A,126,HIS,-3.2,153.2,0.1,2,1,X,0.0,0.0,0.0,0.0,0.0,0.0,0.0,0.0,42,0.04429605349725603,23,12,11,0,0,0,0,0,0,0,0,1
1dfo,A,127,LEU,3.8,166.7,0.0,0,0,X,0.0,0.0,0.0,0.0,0.0,0.0,0.0,0.0,36,0.043829779249916496,21,6,15,0,0,0,0,0,0,0,0,1
1dfo,A,128,THR,-0.7,116.1,0.0,1,1,X,0.0,0.0,0.0,0.0,0.0,0.0,0.0,0.0,43,0.04989134446533048,21,9,12,0,0,0,0,0,0,0,0,1
1dfo,A,129,HIS,-3.2,153.2,0.1,2,1,X,0.0,0.0,0.0,0.0,0.0,0.0,0.0,0.0,42,0.0526889899493677,10,8,2,0,0,0,0,0,0,0,0,1
1dfo,A,130,GLY,-0.4,60.1,0.0,0,0,X,0.0,0.0,0.0,0.0,0.0,0.0,0.0,0.0,34,0.05502036118606539,28,0,28,0,0,0,0,0,0,0,0,1
1dfo,A,131,SER,-0.8,89.0,0.0,1,1,X,0.0,0.0,0.0,0.0,0.0,0.0,0.0,0.0,28,0.040099585271200194,27,0,27,0,0,0,0,0,0,0,0,1
1dfo,A,132,PRO,-1.6,112.7,0.0,0,0,X,0.0,0.0,0.0,0.0,0.0,0.0,0.0,0.0,26,0.02984155182973038,17,1,16,0,0,0,0,0,0,0,0,1
1dfo,A,133,VAL,4.2,140.0,0.0,0,0,X,0.0,0.0,0.0,0.0,0.0,0.0,0.0,0.0,29,0.03310547156110714,15,3,12,0,0,0,0,0,0,0,0,1
1dfo,A,134,ASN,-3.5,114.1,0.0,2,2,X,0.0,0.0,0.0,0.0,0.0,0.0,0.0,0.0,30,0.045228601991935104,25,0,25,0,0,0,0,0,0,0,0,1
1dfo,A,135,PHE,2.8,189.9,0.0,0,0,X,0.0,0.0,0.0,0.0,0.0,0.0,0.0,0.0,34,0.04616115048661418,18,0,18,0,0,0,0,0,0,0,0,1
1dfo,A,136,SER,-0.8,89.0,0.0,1,1,X,0.0,0.0,0.0,0.0,0.0,0.0,0.0,0.0,34,0.050823892960009553,24,1,23,0,0,0,0,0,0,0,0,1
1dfo,A,137,GLY,-0.4,60.1,0.0,0,0,X,0.0,0.0,0.0,0.0,0.0,0.0,0.0,0.0,28,0.04476232774459557,16,2,14,0,0,0,0,0,0,0,0,1
1dfo,A,138,LYS,-3.9,168.6,1.0,2,0,X,0.0,0.0,0.0,0.0,0.0,0.0,0.0,0.0,27,0.03357174580844668,2,8,-6,0,0,0,0,0,0,0,0,1
1dfo,A,139,LEU,3.8,166.7,0.0,0,0,X,0.0,0.0,0.0,0.0,0.0,0.0,0.0,0.0,21,0.034970568550465285,9,17,-8,0,0,0,0,0,0,0,0,1
1dfo,A,140,TYR,-1.3,193.6,0.0,1,1,X,0.0,0.0,0.0,0.0,0.0,0.0,0.0,0.0,31,0.04476232774459557,12,16,-4,0,0,0,0,0,0,0,0,1
1dfo,A,141,ASN,-3.5,114.1,0.0,2,2,X,0.0,0.0,0.0,0.0,0.0,0.0,0.0,0.0,26,0.035436842797804825,32,10,22,0,0,0,0,0,0,0,0,1
1dfo,A,142,ILE,4.5,166.7,0.0,0,0,X,0.0,0.0,0.0,0.0,0.0,0.0,0.0,0.0,38,0.04243095650789788,22,6,16,0,0,0,0,0,0,0,0,1
1dfo,A,143,VAL,4.2,140.0,0.0,0,0,X,0.0,0.0,0.0,0.0,0.0,0.0,0.0,0.0,34,0.045228601991935104,32,10,22,0,0,0,0,0,0,0,0,1
1dfo,A,144,PRO,-1.6,112.7,0.0,0,0,X,0.0,0.0,0.0,0.0,0.0,0.0,0.0,0.0,36,0.04289723075523742,23,12,11,0,0,0,0,0,0,0,0,1
1dfo,A,145,TYR,-1.3,193.6,0.0,1,1,X,0.0,0.0,0.0,0.0,0.0,0.0,0.0,0.0,39,0.04289723075523742,20,16,4,0,0,0,0,0,0,0,0,1
1dfo,A,146,GLY,-0.4,60.1,0.0,0,0,X,0.0,0.0,0.0,0.0,0.0,0.0,0.0,0.0,32,0.03963331102386066,15,26,-11,0,0,0,0,0,0,0,0,1
1dfo,A,147,ILE,4.5,166.7,0.0,0,0,X,0.0,0.0,0.0,0.0,0.0,0.0,0.0,0.0,29,0.040565859518539735,20,19,1,0,0,0,0,0,0,0,0,1
1dfo,A,148,ASP,-3.5,111.1,-1.0,1,3,X,0.0,0.0,0.0,0.0,0.0,0.0,0.0,0.0,20,0.027510180593032695,17,14,3,0,0,0,0,0,0,0,0,1
1dfo,A,149,ALA,1.8,88.6,0.0,0,0,X,0.0,0.0,0.0,0.0,0.0,0.0,0.0,0.0,15,0.017718421398902413,17,12,5,0,0,0,0,0,0,0,0,1
1dfo,A,150,THR,-0.7,116.1,0.0,1,1,X,0.0,0.0,0.0,0.0,0.0,0.0,0.0,0.0,16,0.02331371236697686,12,13,-1,0,0,0,0,0,0,0,0,1
1dfo,A,151,GLY,-0.4,60.1,0.0,0,0,X,0.0,0.0,0.0,0.0,0.0,0.0,0.0,0.0,26,0.035436842797804825,21,12,9,0,0,0,0,0,0,0,0,1
1dfo,A,152,HIS,-3.2,153.2,0.1,2,1,X,0.0,0.0,0.0,0.0,0.0,0.0,0.0,0.0,24,0.03776821403450251,2,20,-18,0,0,0,0,0,0,0,0,1
1dfo,A,153,ILE,4.5,166.7,0.0,0,0,X,0.0,0.0,0.0,0.0,0.0,0.0,0.0,0.0,33,0.043363505002576956,19,31,-12,0,0,0,0,0,0,0,0,1
1dfo,A,154,ASP,-3.5,111.1,-1.0,1,3,X,0.0,0.0,0.0,0.0,0.0,0.0,0.0,0.0,19,0.03450429430312575,15,23,-8,0,0,0,0,0,0,0,0,1
1dfo,A,155,TYR,-1.3,193.6,0.0,1,1,X,0.0,0.0,0.0,0.0,0.0,0.0,0.0,0.0,25,0.03590311704514436,18,41,-23,0,0,0,0,0,0,0,0,1
1dfo,A,156,ALA,1.8,88.6,0.0,0,0,X,0.0,0.0,0.0,0.0,0.0,0.0,0.0,0.0,16,0.027510180593032695,18,28,-10,0,0,0,0,0,0,0,0,1
1dfo,A,157,ASP,-3.5,111.1,-1.0,1,3,X,0.0,0.0,0.0,0.0,0.0,0.0,0.0,0.0,22,0.028909003335051305,14,28,-14,0,0,0,0,0,0,0,0,1
1dfo,A,158,LEU,3.8,166.7,0.0,0,0,X,0.0,0.0,0.0,0.0,0.0,0.0,0.0,0.0,36,0.043829779249916496,24,28,-4,0,0,0,0,0,0,0,0,1
1dfo,A,159,GLU,-3.5,138.4,-1.0,1,3,X,0.0,0.0,0.0,0.0,0.0,0.0,0.0,0.0,23,0.03916703677652112,24,29,-5,0,0,0,0,0,0,0,0,1
1dfo,A,160,LYS,-3.9,168.6,1.0,2,0,X,0.0,0.0,0.0,0.0,0.0,0.0,0.0,0.0,21,0.03403802005578621,25,32,-7,0,0,0,0,0,0,0,0,1
1dfo,A,161,GLN,-3.5,143.8,0.0,2,2,X,0.0,0.0,0.0,0.0,0.0,0.0,0.0,0.0,27,0.04103213376587927,34,31,3,0,0,0,0,0,0,0,0,1
1dfo,A,162,ALA,1.8,88.6,0.0,0,0,X,0.0,0.0,0.0,0.0,0.0,0.0,0.0,0.0,31,0.04709369898129325,32,30,2,0,0,0,0,0,0,0,0,1
1dfo,A,163,LYS,-3.9,168.6,1.0,2,0,X,0.0,0.0,0.0,0.0,0.0,0.0,0.0,0.0,22,0.03357174580844668,18,26,-8,0,0,0,0,0,0,0,0,1
1dfo,A,164,GLU,-3.5,138.4,-1.0,1,3,X,0.0,0.0,0.0,0.0,0.0,0.0,0.0,0.0,15,0.02797645484037223,46,12,34,0,0,0,0,0,0,0,0,1
1dfo,A,165,HIS,-3.2,153.2,0.1,2,1,X,0.0,0.0,0.0,0.0,0.0,0.0,0.0,0.0,22,0.03310547156110714,36,19,17,0,0,0,0,0,0,0,0,1
1dfo,A,166,LYS,-3.9,168.6,1.0,2,0,X,0.0,0.0,0.0,0.0,0.0,0.0,0.0,0.0,25,0.03124037457174899,27,13,14,0,0,0,0,0,0,0,0,1
1dfo,A,167,PRO,-1.6,112.7,0.0,0,0,X,0.0,0.0,0.0,0.0,0.0,0.0,0.0,0.0,32,0.043829779249916496,31,16,15,0,0,0,0,0,0,0,0,1
1dfo,A,168,LYS,-3.9,168.6,1.0,2,0,X,0.0,0.0,0.0,0.0,0.0,0.0,0.0,0.0,25,0.04149840801321881,7,16,-9,0,0,0,0,0,0,0,0,1
1dfo,A,169,MET,1.9,162.9,0.0,0,0,X,0.0,0.0,0.0,0.0,0.0,0.0,0.0,0.0,37,0.05035761871267001,23,10,13,0,0,0,0,0,0,0,0,1
1dfo,A,170,ILE,4.5,166.7,0.0,0,0,X,0.0,0.0,0.0,0.0,0.0,0.0,0.0,0.0,44,0.05035761871267001,29,9,20,0,0,0,0,0,0,0,0,1
1dfo,A,171,ILE,4.5,166.7,0.0,0,0,X,0.0,0.0,0.0,0.0,0.0,0.0,0.0,0.0,43,0.04989134446533048,17,8,9,0,0,0,0,0,0,0,0,1
1dfo,A,172,GLY,-0.4,60.1,0.0,0,0,X,0.0,0.0,0.0,0.0,0.0,0.0,0.0,0.0,43,0.048492521723311866,16,12,4,0,0,0,0,0,0,0,0,1
1dfo,A,173,GLY,-0.4,60.1,0.0,0,0,X,0.0,0.0,0.0,0.0,0.0,0.0,0.0,0.0,44,0.04662742473395372,27,9,18,0,0,0,0,0,0,0,0,1
1dfo,A,174,PHE,2.8,189.9,0.0,0,0,X,0.0,0.0,0.0,0.0,0.0,0.0,0.0,0.0,37,0.04755997322863279,39,8,31,0,0,0,0,0,0,0,0,1
1dfo,A,175,SER,-0.8,89.0,0.0,1,1,X,0.0,0.0,0.0,0.0,0.0,0.0,0.0,0.0,39,0.043363505002576956,50,9,41,0,0,0,0,0,0,0,0,1
1dfo,A,176,ALA,1.8,88.6,0.0,0,0,X,0.0,0.0,0.0,0.0,0.0,0.0,0.0,0.0,41,0.045694876239274644,42,0,42,0,0,0,0,0,0,0,0,1
1dfo,A,177,TYR,-1.3,193.6,0.0,1,1,X,0.0,0.0,0.0,0.0,0.0,0.0,0.0,0.0,43,0.04616115048661418,22,11,11,0,0,0,0,0,0,0,0,1
1dfo,A,178,SER,-0.8,89.0,0.0,1,1,X,0.0,0.0,0.0,0.0,0.0,0.0,0.0,0.0,37,0.050823892960009553,29,8,21,0,0,0,0,0,0,0,0,1
1dfo,A,179,GLY,-0.4,60.1,0.0,0,0,X,0.0,0.0,0.0,0.0,0.0,0.0,0.0,0.0,32,0.04243095650789788,20,11,9,0,0,0,0,0,0,0,0,1
1dfo,A,180,VAL,4.2,140.0,0.0,0,0,X,0.0,0.0,0.0,0.0,0.0,0.0,0.0,0.0,24,0.040565859518539735,9,16,-7,0,0,0,0,0,0,0,0,1
1dfo,A,181,VAL,4.2,140.0,0.0,0,0,X,0.0,0.0,0.0,0.0,0.0,0.0,0.0,0.0,34,0.04103213376587927,15,15,0,0,0,0,0,0,0,0,0,1
1dfo,A,182,ASP,-3.5,111.1,-1.0,1,3,X,0.0,0.0,0.0,0.0,0.0,0.0,0.0,0.0,23,0.03403802005578621,22,9,13,0,0,0,0,0,0,0,0,1
1dfo,A,183,TRP,-0.9,227.8,0.0,1,0,X,0.0,0.0,0.0,0.0,0.0,0.0,0.0,0.0,37,0.04616115048661418,23,13,10,0,0,0,0,0,0,0,0,1
1dfo,A,184,ALA,1.8,88.6,0.0,0,0,X,0.0,0.0,0.0,0.0,0.0,0.0,0.0,0.0,20,0.034970568550465285,30,22,8,0,0,0,0,0,0,0,0,1
1dfo,A,185,LYS,-3.9,168.6,1.0,2,0,X,0.0,0.0,0.0,0.0,0.0,0.0,0.0,0.0,20,0.03590311704514436,12,31,-19,0,0,0,0,0,0,0,0,1
1dfo,A,186,MET,1.9,162.9,0.0,0,0,X,0.0,0.0,0.0,0.0,0.0,0.0,0.0,0.0,35,0.04662742473395372,32,30,2,0,0,0,0,0,0,0,0,1
1dfo,A,187,ARG,-4.5,173.4,1.0,5,0,X,0.0,0.0,0.0,0.0,0.0,0.0,0.0,0.0,26,0.04755997322863279,28,20,8,0,0,0,0,0,0,0,0,1
1dfo,A,188,GLU,-3.5,138.4,-1.0,1,3,X,0.0,0.0,0.0,0.0,0.0,0.0,0.0,0.0,18,0.03310547156110714,29,22,7,0,0,0,0,0,0,0,0,1
1dfo,A,189,ILE,4.5,166.7,0.0,0,0,X,0.0,0.0,0.0,0.0,0.0,0.0,0.0,0.0,30,0.04662742473395372,31,34,-3,0,0,0,0,0,0,0,0,1
1dfo,A,190,ALA,1.8,88.6,0.0,0,0,X,0.0,0.0,0.0,0.0,0.0,0.0,0.0,0.0,29,0.04616115048661418,40,25,15,0,0,0,0,0,0,0,0,1
1dfo,A,191,ASP,-3.5,111.1,-1.0,1,3,X,0.0,0.0,0.0,0.0,0.0,0.0,0.0,0.0,20,0.03357174580844668,24,9,15,0,0,0,0,0,0,0,0,1
1dfo,A,192,SER,-0.8,89.0,0.0,1,1,X,0.0,0.0,0.0,0.0,0.0,0.0,0.0,0.0,19,0.026577632098353617,24,26,-2,0,0,0,0,0,0,0,0,1
1dfo,A,193,ILE,4.5,166.7,0.0,0,0,X,0.0,0.0,0.0,0.0,0.0,0.0,0.0,0.0,26,0.03170664881908853,31,23,8,0,0,0,0,0,0,0,0,1
1dfo,A,194,GLY,-0.4,60.1,0.0,0,0,X,0.0,0.0,0.0,0.0,0.0,0.0,0.0,0.0,18,0.025178809356335007,27,11,16,0,0,0,0,0,0,0,0,1
1dfo,A,195,ALA,1.8,88.6,0.0,0,0,X,0.0,0.0,0.0,0.0,0.0,0.0,0.0,0.0,27,0.04196468226055834,33,12,21,0,0,0,0,0,0,0,0,1
1dfo,A,196,TYR,-1.3,193.6,0.0,1,1,X,0.0,0.0,0.0,0.0,0.0,0.0,0.0,0.0,29,0.043829779249916496,28,6,22,0,0,0,0,0,0,0,0,1
1dfo,A,197,LEU,3.8,166.7,0.0,0,0,X,0.0,0.0,0.0,0.0,0.0,0.0,0.0,0.0,38,0.053621538444046775,35,15,20,0,0,0,0,0,0,0,0,1
1dfo,A,198,PHE,2.8,189.9,0.0,0,0,X,0.0,0.0,0.0,0.0,0.0,0.0,0.0,0.0,44,0.04709369898129325,23,8,15,0,0,0,0,0,0,0,0,1
1dfo,A,199,VAL,4.2,140.0,0.0,0,0,X,0.0,0.0,0.0,0.0,0.0,0.0,0.0,0.0,42,0.05175644145468863,22,10,12,0,0,0,0,0,0,0,0,1
1dfo,A,200,ASP,-3.5,111.1,-1.0,1,3,X,0.0,0.0,0.0,0.0,0.0,0.0,0.0,0.0,42,0.04755997322863279,31,0,31,0,0,0,0,0,0,0,0,1
1dfo,A,201,MET,1.9,162.9,0.0,0,0,X,0.0,0.0,0.0,0.0,0.0,0.0,0.0,0.0,38,0.05035761871267001,17,8,9,0,0,0,0,0,0,0,0,1
1dfo,A,202,ALA,1.8,88.6,0.0,0,0,X,0.0,0.0,0.0,0.0,0.0,0.0,0.0,0.0,47,0.04429605349725603,45,8,37,0,0,0,0,0,0,0,0,1
1dfo,A,203,HIS,-3.2,153.2,0.1,2,1,X,0.0,0.0,0.0,0.0,0.0,0.0,0.0,0.0,41,0.050823892960009553,43,11,32,0,0,0,0,0,0,0,0,1
1dfo,A,204,VAL,4.2,140.0,0.0,0,0,X,0.0,0.0,0.0,0.0,0.0,0.0,0.0,0.0,42,0.050823892960009553,29,9,20,0,0,0,0,0,0,0,0,1
1dfo,A,205,ALA,1.8,88.6,0.0,0,0,X,0.0,0.0,0.0,0.0,0.0,0.0,0.0,0.0,42,0.050823892960009553,27,4,23,0,0,0,0,0,0,0,0,1
1dfo,A,206,GLY,-0.4,60.1,0.0,0,0,X,0.0,0.0,0.0,0.0,0.0,0.0,0.0,0.0,42,0.04755997322863279,28,2,26,0,0,0,0,0,0,0,0,1
1dfo,A,207,LEU,3.8,166.7,0.0,0,0,X,0.0,0.0,0.0,0.0,0.0,0.0,0.0,0.0,39,0.04942507021799094,26,3,23,0,0,0,0,0,0,0,0,1
1dfo,A,208,VAL,4.2,140.0,0.0,0,0,X,0.0,0.0,0.0,0.0,0.0,0.0,0.0,0.0,30,0.048026247475972325,5,0,5,0,0,0,0,0,0,0,0,1
1dfo,A,209,ALA,1.8,88.6,0.0,0,0,X,0.0,0.0,0.0,0.0,0.0,0.0,0.0,0.0,35,0.04476232774459557,10,7,3,0,0,0,0,0,0,0,0,1
1dfo,A,210,ALA,1.8,88.6,0.0,0,0,X,0.0,0.0,0.0,0.0,0.0,0.0,0.0,0.0,29,0.043363505002576956,9,9,0,0,0,0,0,0,0,0,0,1
1dfo,A,211,GLY,-0.4,60.1,0.0,0,0,X,0.0,0.0,0.0,0.0,0.0,0.0,0.0,0.0,21,0.028909003335051305,9,1,8,0,0,0,0,0,0,0,0,1
1dfo,A,212,VAL,4.2,140.0,0.0,0,0,X,0.0,0.0,0.0,0.0,0.0,0.0,0.0,0.0,27,0.034970568550465285,17,4,13,0,0,0,0,0,0,0,0,1
1dfo,A,213,TYR,-1.3,193.6,0.0,1,1,X,0.0,0.0,0.0,0.0,0.0,0.0,0.0,0.0,30,0.03683566553982344,12,11,1,0,0,0,0,0,0,0,0,1
1dfo,A,214,PRO,-1.6,112.7,0.0,0,0,X,0.0,0.0,0.0,0.0,0.0,0.0,0.0,0.0,25,0.03590311704514436,6,11,-5,0,0,0,0,0,0,0,0,1
1dfo,A,215,ASN,-3.5,114.1,0.0,2,2,X,0.0,0.0,0.0,0.0,0.0,0.0,0.0,0.0,27,0.040099585271200194,15,0,15,0,0,0,0,0,0,0,0,1
1dfo,A,216,PRO,-1.6,112.7,0.0,0,0,X,0.0,0.0,0.0,0.0,0.0,0.0,0.0,0.0,36,0.04476232774459557,24,10,14,0,0,0,0,0,0,0,0,1
1dfo,A,217,VAL,4.2,140.0,0.0,0,0,X,0.0,0.0,0.0,0.0,0.0,0.0,0.0,0.0,32,0.04989134446533048,28,7,21,0,0,0,0,0,0,0,0,1
1dfo,A,218,PRO,-1.6,112.7,0.0,0,0,X,0.0,0.0,0.0,0.0,0.0,0.0,0.0,0.0,23,0.030774100324409453,32,2,30,0,0,0,0,0,0,0,0,1
1dfo,A,219,HIS,-3.2,153.2,0.1,2,1,X,0.0,0.0,0.0,0.0,0.0,0.0,0.0,0.0,22,0.04103213376587927,35,16,19,0,0,0,0,0,0,0,0,1
1dfo,A,220,ALA,1.8,88.6,0.0,0,0,X,0.0,0.0,0.0,0.0,0.0,0.0,0.0,0.0,34,0.05222271570202816,39,6,33,0,0,0,0,0,0,0,0,1
1dfo,A,221,HIS,-3.2,153.2,0.1,2,1,X,0.0,0.0,0.0,0.0,0.0,0.0,0.0,0.0,33,0.045228601991935104,25,7,18,0,0,0,0,0,0,0,0,1
1dfo,A,222,VAL,4.2,140.0,0.0,0,0,X,0.0,0.0,0.0,0.0,0.0,0.0,0.0,0.0,39,0.048958795970651406,22,4,18,0,0,0,0,0,0,0,0,1
1dfo,A,223,VAL,4.2,140.0,0.0,0,0,X,0.0,0.0,0.0,0.0,0.0,0.0,0.0,0.0,40,0.05175644145468863,17,8,9,0,0,0,0,0,0,0,0,1
1dfo,A,224,THR,-0.7,116.1,0.0,1,1,X,0.0,0.0,0.0,0.0,0.0,0.0,0.0,0.0,45,0.05175644145468863,9,8,1,0,0,0,0,0,0,0,0,1
1dfo,A,225,THR,-0.7,116.1,0.0,1,1,X,0.0,0.0,0.0,0.0,0.0,0.0,0.0,0.0,43,0.04989134446533048,30,8,22,0,0,0,0,0,0,0,0,1
1dfo,A,226,THR,-0.7,116.1,0.0,1,1,X,0.0,0.0,0.0,0.0,0.0,0.0,0.0,0.0,39,0.04989134446533048,51,7,44,0,0,0,0,0,0,0,0,1
1dfo,A,227,THR,-0.7,116.1,0.0,1,1,X,0.0,0.0,0.0,0.0,0.0,0.0,0.0,0.0,48,0.04989134446533048,44,0,44,0,0,0,0,0,0,0,0,1
1dfo,A,228,HIS,-3.2,153.2,0.1,2,1,X,0.0,0.0,0.0,0.0,0.0,0.0,0.0,0.0,40,0.05175644145468863,43,8,35,0,0,0,0,0,0,0,0,1
1dfo,A,229,LYS,-3.9,168.6,1.0,2,0,X,0.0,0.0,0.0,0.0,0.0,0.0,0.0,0.0,40,0.05502036118606539,40,10,30,0,0,0,0,0,0,0,0,1
1dfo,A,230,THR,-0.7,116.1,0.0,1,1,X,0.0,0.0,0.0,0.0,0.0,0.0,0.0,0.0,42,0.05455408693872585,45,5,40,0,0,0,0,0,0,0,0,1
1dfo,A,231,LEU,3.8,166.7,0.0,0,0,X,0.0,0.0,0.0,0.0,0.0,0.0,0.0,0.0,44,0.048492521723311866,38,9,29,0,0,0,0,0,0,0,0,1
1dfo,A,232,ALA,1.8,88.6,0.0,0,0,X,0.0,0.0,0.0,0.0,0.0,0.0,0.0,0.0,42,0.048492521723311866,37,14,23,0,0,0,0,0,0,0,0,1
1dfo,A,233,GLY,-0.4,60.1,0.0,0,0,X,0.0,0.0,0.0,0.0,0.0,0.0,0.0,0.0,44,0.05222271570202816,48,11,37,0,0,0,0,0,0,0,0,1
1dfo,A,234,PRO,-1.6,112.7,0.0,0,0,X,0.0,0.0,0.0,0.0,0.0,0.0,0.0,0.0,42,0.05129016720734909,50,2,48,0,0,0,0,0,0,0,0,1
1dfo,A,235,ARG,-4.5,173.4,1.0,5,0,X,0.0,0.0,0.0,0.0,0.0,0.0,0.0,0.0,35,0.04662742473395372,48,7,41,0,0,0,0,0,0,0,0,1
1dfo,A,236,GLY,-0.4,60.1,0.0,0,0,X,0.0,0.0,0.0,0.0,0.0,0.0,0.0,0.0,40,0.04709369898129325,54,0,54,0,0,0,0,0,0,0,0,1
1dfo,A,237,GLY,-0.4,60.1,0.0,0,0,X,0.0,0.0,0.0,0.0,0.0,0.0,0.0,0.0,39,0.05175644145468863,38,1,37,0,0,0,0,0,0,0,0,1
1dfo,A,238,LEU,3.8,166.7,0.0,0,0,X,0.0,0.0,0.0,0.0,0.0,0.0,0.0,0.0,46,0.04989134446533048,21,1,20,0,0,0,0,0,0,0,0,1
1dfo,A,239,ILE,4.5,166.7,0.0,0,0,X,0.0,0.0,0.0,0.0,0.0,0.0,0.0,0.0,49,0.05035761871267001,8,1,7,0,0,0,0,0,0,0,0,1
1dfo,A,240,LEU,3.8,166.7,0.0,0,0,X,0.0,0.0,0.0,0.0,0.0,0.0,0.0,0.0,44,0.05175644145468863,21,12,9,0,0,0,0,0,0,0,0,1
1dfo,A,241,ALA,1.8,88.6,0.0,0,0,X,0.0,0.0,0.0,0.0,0.0,0.0,0.0,0.0,33,0.050823892960009553,28,8,20,0,0,0,0,0,0,0,0,1
1dfo,A,242,LYS,-3.9,168.6,1.0,2,0,X,0.0,0.0,0.0,0.0,0.0,0.0,0.0,0.0,24,0.03870076252918159,23,8,15,0,0,0,0,0,0,0,0,1
1dfo,A,243,GLY,-0.4,60.1,0.0,0,0,X,0.0,0.0,0.0,0.0,0.0,0.0,0.0,0.0,21,0.023779986614316396,27,12,15,0,0,0,0,0,0,0,0,1
1dfo,A,244,GLY,-0.4,60.1,0.0,0,0,X,0.0,0.0,0.0,0.0,0.0,0.0,0.0,0.0,20,0.030307826077069916,21,18,3,0,0,0,0,0,0,0,0,1
1dfo,A,245,SER,-0.8,89.0,0.0,1,1,X,0.0,0.0,0.0,0.0,0.0,0.0,0.0,0.0,17,0.02098234113027917,23,15,8,0,0,0,0,0,0,0,0,1
1dfo,A,246,GLU,-3.5,138.4,-1.0,1,3,X,0.0,0.0,0.0,0.0,0.0,0.0,0.0,0.0,12,0.02098234113027917,12,9,3,0,0,0,0,0,0,0,0,1
1dfo,A,247,GLU,-3.5,138.4,-1.0,1,3,X,0.0,0.0,0.0,0.0,0.0,0.0,0.0,0.0,14,0.022847438119637322,14,5,9,0,0,0,0,0,0,0,0,1
1dfo,A,248,LEU,3.8,166.7,0.0,0,0,X,0.0,0.0,0.0,0.0,0.0,0.0,0.0,0.0,25,0.035436842797804825,27,11,16,0,0,0,0,0,0,0,0,1
1dfo,A,249,TYR,-1.3,193.6,0.0,1,1,X,0.0,0.0,0.0,0.0,0.0,0.0,0.0,0.0,25,0.03683566553982344,24,18,6,0,0,0,0,0,0,0,0,1
1dfo,A,250,LYS,-3.9,168.6,1.0,2,0,X,0.0,0.0,0.0,0.0,0.0,0.0,0.0,0.0,20,0.03124037457174899,10,10,0,0,0,0,0,0,0,0,0,1
1dfo,A,251,LYS,-3.9,168.6,1.0,2,0,X,0.0,0.0,0.0,0.0,0.0,0.0,0.0,0.0,24,0.035436842797804825,7,11,-4,0,0,0,0,0,0,0,0,1
1dfo,A,252,LEU,3.8,166.7,0.0,0,0,X,0.0,0.0,0.0,0.0,0.0,0.0,0.0,0.0,35,0.04989134446533048,16,8,8,0,0,0,0,0,0,0,0,1
1dfo,A,253,ASN,-3.5,114.1,0.0,2,2,X,0.0,0.0,0.0,0.0,0.0,0.0,0.0,0.0,30,0.04196468226055834,14,7,7,0,0,0,0,0,0,0,0,1
1dfo,A,254,SER,-0.8,89.0,0.0,1,1,X,0.0,0.0,0.0,0.0,0.0,0.0,0.0,0.0,32,0.03730193978716297,17,3,14,0,0,0,0,0,0,0,0,1
1dfo,A,255,ALA,1.8,88.6,0.0,0,0,X,0.0,0.0,0.0,0.0,0.0,0.0,0.0,0.0,34,0.045228601991935104,16,0,16,0,0,0,0,0,0,0,0,1
1dfo,A,256,VAL,4.2,140.0,0.0,0,0,X,0.0,0.0,0.0,0.0,0.0,0.0,0.0,0.0,40,0.05175644145468863,14,1,13,0,0,0,0,0,0,0,0,1
1dfo,A,257,PHE,2.8,189.9,0.0,0,0,X,0.0,0.0,0.0,0.0,0.0,0.0,0.0,0.0,35,0.04476232774459557,13,10,3,0,0,0,0,0,0,0,0,1
1dfo,A,258,PRO,-1.6,112.7,0.0,0,0,X,0.0,0.0,0.0,0.0,0.0,0.0,0.0,0.0,33,0.04429605349725603,12,8,4,0,0,0,0,0,0,0,0,1
1dfo,A,259,GLY,-0.4,60.1,0.0,0,0,X,0.0,0.0,0.0,0.0,0.0,0.0,0.0,0.0,32,0.04616115048661418,12,1,11,0,0,0,0,0,0,0,0,1
1dfo,A,260,GLY,-0.4,60.1,0.0,0,0,X,0.0,0.0,0.0,0.0,0.0,0.0,0.0,0.0,36,0.05129016720734909,14,1,13,0,0,0,0,0,0,0,0,1
1dfo,A,261,GLN,-3.5,143.8,0.0,2,2,X,0.0,0.0,0.0,0.0,0.0,0.0,0.0,0.0,36,0.04755997322863279,19,7,12,0,0,0,0,0,0,0,0,1
1dfo,A,262,GLY,-0.4,60.1,0.0,0,0,X,0.0,0.0,0.0,0.0,0.0,0.0,0.0,0.0,37,0.04616115048661418,30,9,21,0,0,0,0,0,0,0,0,1
1dfo,A,263,GLY,-0.4,60.1,0.0,0,0,X,0.0,0.0,0.0,0.0,0.0,0.0,0.0,0.0,39,0.04616115048661418,44,11,33,0,0,0,0,0,0,0,0,1
1dfo,A,264,PRO,-1.6,112.7,0.0,0,0,X,0.0,0.0,0.0,0.0,0.0,0.0,0.0,0.0,37,0.050823892960009553,51,15,36,0,0,0,0,0,0,0,0,1
1dfo,A,265,LEU,3.8,166.7,0.0,0,0,X,0.0,0.0,0.0,0.0,0.0,0.0,0.0,0.0,31,0.04476232774459557,61,1,60,0,0,0,0,0,0,0,0,1
1dfo,A,266,MET,1.9,162.9,0.0,0,0,X,0.0,0.0,0.0,0.0,0.0,0.0,0.0,0.0,40,0.05129016720734909,39,23,16,0,0,0,0,0,0,0,0,1
1dfo,A,267,HIS,-3.2,153.2,0.1,2,1,X,0.0,0.0,0.0,0.0,0.0,0.0,0.0,0.0,29,0.050823892960009553,26,0,26,0,0,0,0,0,0,0,0,1
1dfo,A,268,VAL,4.2,140.0,0.0,0,0,X,0.0,0.0,0.0,0.0,0.0,0.0,0.0,0.0,36,0.04662742473395372,46,0,46,0,0,0,0,0,0,0,0,1
1dfo,A,269,ILE,4.5,166.7,0.0,0,0,X,0.0,0.0,0.0,0.0,0.0,0.0,0.0,0.0,44,0.048492521723311866,31,13,18,0,0,0,0,0,0,0,0,1
1dfo,A,270,ALA,1.8,88.6,0.0,0,0,X,0.0,0.0,0.0,0.0,0.0,0.0,0.0,0.0,43,0.05035761871267001,29,13,16,0,0,0,0,0,0,0,0,1
1dfo,A,271,GLY,-0.4,60.1,0.0,0,0,X,0.0,0.0,0.0,0.0,0.0,0.0,0.0,0.0,44,0.05175644145468863,38,11,27,0,0,0,0,0,0,0,0,1
1dfo,A,272,LYS,-3.9,168.6,1.0,2,0,X,0.0,0.0,0.0,0.0,0.0,0.0,0.0,0.0,43,0.048958795970651406,28,7,21,0,0,0,0,0,0,0,0,1
1dfo,A,273,ALA,1.8,88.6,0.0,0,0,X,0.0,0.0,0.0,0.0,0.0,0.0,0.0,0.0,42,0.05129016720734909,36,31,5,0,0,0,0,0,0,0,0,1
1dfo,A,274,VAL,4.2,140.0,0.0,0,0,X,0.0,0.0,0.0,0.0,0.0,0.0,0.0,0.0,42,0.05408781269138631,36,21,15,0,0,0,0,0,0,0,0,1
1dfo,A,275,ALA,1.8,88.6,0.0,0,0,X,0.0,0.0,0.0,0.0,0.0,0.0,0.0,0.0,44,0.0526889899493677,43,18,25,0,0,0,0,0,0,0,0,1
1dfo,A,276,LEU,3.8,166.7,0.0,0,0,X,0.0,0.0,0.0,0.0,0.0,0.0,0.0,0.0,43,0.04989134446533048,32,27,5,0,0,0,0,0,0,0,0,1
1dfo,A,277,LYS,-3.9,168.6,1.0,2,0,X,0.0,0.0,0.0,0.0,0.0,0.0,0.0,0.0,31,0.04429605349725603,21,38,-17,0,0,0,0,0,0,0,0,1
1dfo,A,278,GLU,-3.5,138.4,-1.0,1,3,X,0.0,0.0,0.0,0.0,0.0,0.0,0.0,0.0,37,0.04243095650789788,36,24,12,0,0,0,0,0,0,0,0,1
1dfo,A,279,ALA,1.8,88.6,0.0,0,0,X,0.0,0.0,0.0,0.0,0.0,0.0,0.0,0.0,36,0.04429605349725603,30,29,1,0,0,0,0,0,0,0,0,1
1dfo,A,280,MET,1.9,162.9,0.0,0,0,X,0.0,0.0,0.0,0.0,0.0,0.0,0.0,0.0,23,0.03730193978716297,26,34,-8,0,0,0,0,0,0,0,0,1
1dfo,A,281,GLU,-3.5,138.4,-1.0,1,3,X,0.0,0.0,0.0,0.0,0.0,0.0,0.0,0.0,19,0.030307826077069916,19,18,1,0,0,0,0,0,0,0,0,1
1dfo,A,282,PRO,-1.6,112.7,0.0,0,0,X,0.0,0.0,0.0,0.0,0.0,0.0,0.0,0.0,15,0.025645083603674543,11,23,-12,0,0,0,0,0,0,0,0,1
1dfo,A,283,GLU,-3.5,138.4,-1.0,1,3,X,0.0,0.0,0.0,0.0,0.0,0.0,0.0,0.0,15,0.027043906345693154,11,15,-4,0,0,0,0,0,0,0,0,1
1dfo,A,284,PHE,2.8,189.9,0.0,0,0,X,0.0,0.0,0.0,0.0,0.0,0.0,0.0,0.0,34,0.04103213376587927,22,27,-5,0,0,0,0,0,0,0,0,1
1dfo,A,285,LYS,-3.9,168.6,1.0,2,0,X,0.0,0.0,0.0,0.0,0.0,0.0,0.0,0.0,22,0.045228601991935104,0,15,-15,0,0,0,0,0,0,0,0,1
1dfo,A,286,THR,-0.7,116.1,0.0,1,1,X,0.0,0.0,0.0,0.0,0.0,0.0,0.0,0.0,17,0.03403802005578621,17,14,3,0,0,0,0,0,0,0,0,1
1dfo,A,287,TYR,-1.3,193.6,0.0,1,1,X,0.0,0.0,0.0,0.0,0.0,0.0,0.0,0.0,36,0.04196468226055834,25,9,16,0,0,0,0,0,0,0,0,1
1dfo,A,288,GLN,-3.5,143.8,0.0,2,2,X,0.0,0.0,0.0,0.0,0.0,0.0,0.0,0.0,37,0.04942507021799094,35,5,30,0,0,0,0,0,0,0,0,1
1dfo,A,289,GLN,-3.5,143.8,0.0,2,2,X,0.0,0.0,0.0,0.0,0.0,0.0,0.0,0.0,20,0.04149840801321881,18,7,11,0,0,0,0,0,0,0,0,1
1dfo,A,290,GLN,-3.5,143.8,0.0,2,2,X,0.0,0.0,0.0,0.0,0.0,0.0,0.0,0.0,30,0.04476232774459557,29,11,18,0,0,0,0,0,0,0,0,1
1dfo,A,291,VAL,4.2,140.0,0.0,0,0,X,0.0,0.0,0.0,0.0,0.0,0.0,0.0,0.0,40,0.0526889899493677,41,8,33,0,0,0,0,0,0,0,0,1
1dfo,A,292,ALA,1.8,88.6,0.0,0,0,X,0.0,0.0,0.0,0.0,0.0,0.0,0.0,0.0,34,0.04989134446533048,30,14,16,0,0,0,0,0,0,0,0,1
1dfo,A,293,LYS,-3.9,168.6,1.0,2,0,X,0.0,0.0,0.0,0.0,0.0,0.0,0.0,0.0,27,0.03823448828184205,22,11,11,0,0,0,0,0,0,0,0,1
1dfo,A,294,ASN,-3.5,114.1,0.0,2,2,X,0.0,0.0,0.0,0.0,0.0,0.0,0.0,0.0,39,0.05035761871267001,40,21,19,0,0,0,0,0,0,0,0,1
1dfo,A,295,ALA,1.8,88.6,0.0,0,0,X,0.0,0.0,0.0,0.0,0.0,0.0,0.0,0.0,37,0.05455408693872585,33,23,10,0,0,0,0,0,0,0,0,1
1dfo,A,296,LYS,-3.9,168.6,1.0,2,0,X,0.0,0.0,0.0,0.0,0.0,0.0,0.0,0.0,27,0.04149840801321881,16,22,-6,0,0,0,0,0,0,0,0,1
1dfo,A,297,ALA,1.8,88.6,0.0,0,0,X,0.0,0.0,0.0,0.0,0.0,0.0,0.0,0.0,30,0.04289723075523742,29,28,1,0,0,0,0,0,0,0,0,1
1dfo,A,298,MET,1.9,162.9,0.0,0,0,X,0.0,0.0,0.0,0.0,0.0,0.0,0.0,0.0,41,0.050823892960009553,25,25,0,0,0,0,0,0,0,0,0,1
1dfo,A,299,VAL,4.2,140.0,0.0,0,0,X,0.0,0.0,0.0,0.0,0.0,0.0,0.0,0.0,36,0.04476232774459557,28,17,11,0,0,0,0,0,0,0,0,1
1dfo,A,300,GLU,-3.5,138.4,-1.0,1,3,X,0.0,0.0,0.0,0.0,0.0,0.0,0.0,0.0,23,0.03403802005578621,24,15,9,0,0,0,0,0,0,0,0,1
1dfo,A,301,VAL,4.2,140.0,0.0,0,0,X,0.0,0.0,0.0,0.0,0.0,0.0,0.0,0.0,28,0.04429605349725603,24,26,-2,0,0,0,0,0,0,0,0,1
1dfo,A,302,PHE,2.8,189.9,0.0,0,0,X,0.0,0.0,0.0,0.0,0.0,0.0,0.0,0.0,38,0.048958795970651406,24,24,0,0,0,0,0,0,0,0,0,1
1dfo,A,303,LEU,3.8,166.7,0.0,0,0,X,0.0,0.0,0.0,0.0,0.0,0.0,0.0,0.0,24,0.0363693912924839,18,18,0,0,0,0,0,0,0,0,0,1
1dfo,A,304,GLU,-3.5,138.4,-1.0,1,3,X,0.0,0.0,0.0,0.0,0.0,0.0,0.0,0.0,16,0.02611135785101408,18,9,9,0,0,0,0,0,0,0,0,1
1dfo,A,305,ARG,-4.5,173.4,1.0,5,0,X,0.0,0.0,0.0,0.0,0.0,0.0,0.0,0.0,24,0.03403802005578621,5,28,-23,0,0,0,0,0,0,0,0,1
1dfo,A,306,GLY,-0.4,60.1,0.0,0,0,X,0.0,0.0,0.0,0.0,0.0,0.0,0.0,0.0,18,0.027043906345693154,25,26,-1,0,0,0,0,0,0,0,0,1
1dfo,A,307,TYR,-1.3,193.6,0.0,1,1,X,0.0,0.0,0.0,0.0,0.0,0.0,0.0,0.0,31,0.040099585271200194,27,33,-6,0,0,0,0,0,0,0,0,1
1dfo,A,308,LYS,-3.9,168.6,1.0,2,0,X,0.0,0.0,0.0,0.0,0.0,0.0,0.0,0.0,25,0.03870076252918159,7,16,-9,0,0,0,0,0,0,0,0,1
1dfo,A,309,VAL,4.2,140.0,0.0,0,0,X,0.0,0.0,0.0,0.0,0.0,0.0,0.0,0.0,32,0.04289723075523742,11,14,-3,0,0,0,0,0,0,0,0,1
1dfo,A,310,VAL,4.2,140.0,0.0,0,0,X,0.0,0.0,0.0,0.0,0.0,0.0,0.0,0.0,36,0.040565859518539735,23,11,12,0,0,0,0,0,0,0,0,1
1dfo,A,311,SER,-0.8,89.0,0.0,1,1,X,0.0,0.0,0.0,0.0,0.0,0.0,0.0,0.0,29,0.03403802005578621,19,15,4,0,0,0,0,0,0,0,0,1
1dfo,A,312,GLY,-0.4,60.1,0.0,0,0,X,0.0,0.0,0.0,0.0,0.0,0.0,0.0,0.0,24,0.02611135785101408,20,10,10,0,0,0,0,0,0,0,0,1
1dfo,A,313,GLY,-0.4,60.1,0.0,0,0,X,0.0,0.0,0.0,0.0,0.0,0.0,0.0,0.0,30,0.03683566553982344,22,13,9,0,0,0,0,0,0,0,0,1
1dfo,A,314,THR,-0.7,116.1,0.0,1,1,X,0.0,0.0,0.0,0.0,0.0,0.0,0.0,0.0,32,0.043363505002576956,25,11,14,0,0,0,0,0,0,0,0,1
1dfo,A,315,ASP,-3.5,111.1,-1.0,1,3,X,0.0,0.0,0.0,0.0,0.0,0.0,0.0,0.0,27,0.03310547156110714,23,0,23,0,0,0,0,0,0,0,0,1
1dfo,A,316,ASN,-3.5,114.1,0.0,2,2,X,0.0,0.0,0.0,0.0,0.0,0.0,0.0,0.0,39,0.05035761871267001,30,8,22,0,0,0,0,0,0,0,0,1
1dfo,A,317,HIS,-3.2,153.2,0.1,2,1,X,0.0,0.0,0.0,0.0,0.0,0.0,0.0,0.0,47,0.050823892960009553,29,9,20,0,0,0,0,0,0,0,0,1
1dfo,A,318,LEU,3.8,166.7,0.0,0,0,X,0.0,0.0,0.0,0.0,0.0,0.0,0.0,0.0,42,0.053155264196707235,33,6,27,0,0,0,0,0,0,0,0,1
1dfo,A,319,PHE,2.8,189.9,0.0,0,0,X,0.0,0.0,0.0,0.0,0.0,0.0,0.0,0.0,45,0.053155264196707235,28,7,21,0,0,0,0,0,0,0,0,1
1dfo,A,320,LEU,3.8,166.7,0.0,0,0,X,0.0,0.0,0.0,0.0,0.0,0.0,0.0,0.0,42,0.04989134446533048,28,9,19,0,0,0,0,0,0,0,0,1
1dfo,A,321,VAL,4.2,140.0,0.0,0,0,X,0.0,0.0,0.0,0.0,0.0,0.0,0.0,0.0,42,0.04989134446533048,23,13,10,0,0,0,0,0,0,0,0,1
1dfo,A,322,ASP,-3.5,111.1,-1.0,1,3,X,0.0,0.0,0.0,0.0,0.0,0.0,0.0,0.0,33,0.048958795970651406,19,15,4,0,0,0,0,0,0,0,0,1
1dfo,A,323,LEU,3.8,166.7,0.0,0,0,X,0.0,0.0,0.0,0.0,0.0,0.0,0.0,0.0,36,0.04709369898129325,25,27,-2,0,0,0,0,0,0,0,0,1
1dfo,A,324,VAL,4.2,140.0,0.0,0,0,X,0.0,0.0,0.0,0.0,0.0,0.0,0.0,0.0,24,0.03870076252918159,25,25,0,0,0,0,0,0,0,0,0,1
1dfo,A,325,ASP,-3.5,111.1,-1.0,1,3,X,0.0,0.0,0.0,0.0,0.0,0.0,0.0,0.0,13,0.025645083603674543,18,8,10,0,0,0,0,0,0,0,0,1
1dfo,A,326,LYS,-3.9,168.6,1.0,2,0,X,0.0,0.0,0.0,0.0,0.0,0.0,0.0,0.0,20,0.027510180593032695,9,24,-15,0,0,0,0,0,0,0,0,1
1dfo,A,327,ASN,-3.5,114.1,0.0,2,2,X,0.0,0.0,0.0,0.0,0.0,0.0,0.0,0.0,15,0.02471253510899547,12,16,-4,0,0,0,0,0,0,0,0,1
1dfo,A,328,LEU,3.8,166.7,0.0,0,0,X,0.0,0.0,0.0,0.0,0.0,0.0,0.0,0.0,26,0.03823448828184205,18,29,-11,0,0,0,0,0,0,0,0,1
1dfo,A,329,THR,-0.7,116.1,0.0,1,1,X,0.0,0.0,0.0,0.0,0.0,0.0,0.0,0.0,31,0.04289723075523742,31,21,10,0,0,0,0,0,0,0,0,1
1dfo,A,330,GLY,-0.4,60.1,0.0,0,0,X,0.0,0.0,0.0,0.0,0.0,0.0,0.0,0.0,34,0.053155264196707235,29,24,5,0,0,0,0,0,0,0,0,1
1dfo,A,331,LYS,-3.9,168.6,1.0,2,0,X,0.0,0.0,0.0,0.0,0.0,0.0,0.0,0.0,28,0.04103213376587927,16,17,-1,0,0,0,0,0,0,0,0,1
1dfo,A,332,GLU,-3.5,138.4,-1.0,1,3,X,0.0,0.0,0.0,0.0,0.0,0.0,0.0,0.0,25,0.03310547156110714,22,8,14,0,0,0,0,0,0,0,0,1
1dfo,A,333,ALA,1.8,88.6,0.0,0,0,X,0.0,0.0,0.0,0.0,0.0,0.0,0.0,0.0,39,0.04662742473395372,26,18,8,0,0,0,0,0,0,0,0,1
1dfo,A,334,ASP,-3.5,111.1,-1.0,1,3,X,0.0,0.0,0.0,0.0,0.0,0.0,0.0,0.0,37,0.043363505002576956,32,8,24,0,0,0,0,0,0,0,0,1
1dfo,A,335,ALA,1.8,88.6,0.0,0,0,X,0.0,0.0,0.0,0.0,0.0,0.0,0.0,0.0,27,0.030307826077069916,27,19,8,0,0,0,0,0,0,0,0,1
1dfo,A,336,ALA,1.8,88.6,0.0,0,0,X,0.0,0.0,0.0,0.0,0.0,0.0,0.0,0.0,34,0.040099585271200194,16,28,-12,0,0,0,0,0,0,0,0,1
1dfo,A,337,LEU,3.8,166.7,0.0,0,0,X,0.0,0.0,0.0,0.0,0.0,0.0,0.0,0.0,44,0.048492521723311866,20,18,2,0,0,0,0,0,0,0,0,1
1dfo,A,338,GLY,-0.4,60.1,0.0,0,0,X,0.0,0.0,0.0,0.0,0.0,0.0,0.0,0.0,31,0.043829779249916496,33,19,14,0,0,0,0,0,0,0,0,1
1dfo,A,339,ARG,-4.5,173.4,1.0,5,0,X,0.0,0.0,0.0,0.0,0.0,0.0,0.0,0.0,24,0.03357174580844668,10,27,-17,0,0,0,0,0,0,0,0,1
1dfo,A,340,ALA,1.8,88.6,0.0,0,0,X,0.0,0.0,0.0,0.0,0.0,0.0,0.0,0.0,35,0.04616115048661418,42,19,23,0,0,0,0,0,0,0,0,1
1dfo,A,341,ASN,-3.5,114.1,0.0,2,2,X,0.0,0.0,0.0,0.0,0.0,0.0,0.0,0.0,38,0.04616115048661418,47,30,17,0,0,0,0,0,0,0,0,1
1dfo,A,342,ILE,4.5,166.7,0.0,0,0,X,0.0,0.0,0.0,0.0,0.0,0.0,0.0,0.0,43,0.048492521723311866,27,19,8,0,0,0,0,0,0,0,0,1
1dfo,A,343,THR,-0.7,116.1,0.0,1,1,X,0.0,0.0,0.0,0.0,0.0,0.0,0.0,0.0,43,0.04989134446533048,31,27,4,0,0,0,0,0,0,0,0,1
1dfo,A,344,VAL,4.2,140.0,0.0,0,0,X,0.0,0.0,0.0,0.0,0.0,0.0,0.0,0.0,41,0.05455408693872585,31,24,7,0,0,0,0,0,0,0,0,1
1dfo,A,345,ASN,-3.5,114.1,0.0,2,2,X,0.0,0.0,0.0,0.0,0.0,0.0,0.0,0.0,44,0.04989134446533048,31,19,12,0,0,0,0,0,0,0,0,1
1dfo,A,346,LYS,-3.9,168.6,1.0,2,0,X,0.0,0.0,0.0,0.0,0.0,0.0,0.0,0.0,32,0.0526889899493677,28,18,10,0,0,0,0,0,0,0,0,1
1dfo,A,347,ASN,-3.5,114.1,0.0,2,2,X,0.0,0.0,0.0,0.0,0.0,0.0,0.0,0.0,41,0.04662742473395372,26,14,12,0,0,0,0,0,0,0,0,1
1dfo,A,348,SER,-0.8,89.0,0.0,1,1,X,0.0,0.0,0.0,0.0,0.0,0.0,0.0,0.0,36,0.048958795970651406,33,15,18,0,0,0,0,0,0,0,0,1
1dfo,A,349,VAL,4.2,140.0,0.0,0,0,X,0.0,0.0,0.0,0.0,0.0,0.0,0.0,0.0,36,0.04989134446533048,30,16,14,0,0,0,0,0,0,0,0,1
1dfo,A,350,PRO,-1.6,112.7,0.0,0,0,X,0.0,0.0,0.0,0.0,0.0,0.0,0.0,0.0,34,0.034970568550465285,17,20,-3,0,0,0,0,0,0,0,0,1
1dfo,A,351,ASN,-3.5,114.1,0.0,2,2,X,0.0,0.0,0.0,0.0,0.0,0.0,0.0,0.0,22,0.02611135785101408,22,18,4,0,0,0,0,0,0,0,0,1
1dfo,A,352,ASP,-3.5,111.1,-1.0,1,3,X,0.0,0.0,0.0,0.0,0.0,0.0,0.0,0.0,31,0.03776821403450251,17,7,10,0,0,0,0,0,0,0,0,1
1dfo,A,353,PRO,-1.6,112.7,0.0,0,0,X,0.0,0.0,0.0,0.0,0.0,0.0,0.0,0.0,27,0.02797645484037223,20,14,6,0,0,0,0,0,0,0,0,1
1dfo,A,354,LYS,-3.9,168.6,1.0,2,0,X,0.0,0.0,0.0,0.0,0.0,0.0,0.0,0.0,26,0.0363693912924839,12,13,-1,0,0,0,0,0,0,0,0,1
1dfo,A,355,SER,-0.8,89.0,0.0,1,1,X,0.0,0.0,0.0,0.0,0.0,0.0,0.0,0.0,28,0.03403802005578621,23,19,4,0,0,0,0,0,0,0,0,1
1dfo,A,356,PRO,-1.6,112.7,0.0,0,0,X,0.0,0.0,0.0,0.0,0.0,0.0,0.0,0.0,29,0.03683566553982344,20,13,7,0,0,0,0,0,0,0,0,1
1dfo,A,357,PHE,2.8,189.9,0.0,0,0,X,0.0,0.0,0.0,0.0,0.0,0.0,0.0,0.0,26,0.035436842797804825,33,16,17,0,0,0,0,0,0,0,0,1
1dfo,A,358,VAL,4.2,140.0,0.0,0,0,X,0.0,0.0,0.0,0.0,0.0,0.0,0.0,0.0,28,0.04289723075523742,28,22,6,0,0,0,0,0,0,0,0,1
1dfo,A,359,THR,-0.7,116.1,0.0,1,1,X,0.0,0.0,0.0,0.0,0.0,0.0,0.0,0.0,34,0.05222271570202816,28,24,4,0,0,0,0,0,0,0,0,1
1dfo,A,360,SER,-0.8,89.0,0.0,1,1,X,0.0,0.0,0.0,0.0,0.0,0.0,0.0,0.0,36,0.05455408693872585,30,30,0,0,0,0,0,0,0,0,0,1
1dfo,A,361,GLY,-0.4,60.1,0.0,0,0,X,0.0,0.0,0.0,0.0,0.0,0.0,0.0,0.0,41,0.053621538444046775,32,31,1,0,0,0,0,0,0,0,0,1
1dfo,A,362,ILE,4.5,166.7,0.0,0,0,X,0.0,0.0,0.0,0.0,0.0,0.0,0.0,0.0,43,0.053155264196707235,23,20,3,0,0,0,0,0,0,0,0,1
1dfo,A,363,ARG,-4.5,173.4,1.0,5,0,X,0.0,0.0,0.0,0.0,0.0,0.0,0.0,0.0,38,0.04989134446533048,22,5,17,0,0,0,0,0,0,0,0,1
1dfo,A,364,VAL,4.2,140.0,0.0,0,0,X,0.0,0.0,0.0,0.0,0.0,0.0,0.0,0.0,43,0.05175644145468863,28,4,24,0,0,0,0,0,0,0,0,1
1dfo,A,365,GLY,-0.4,60.1,0.0,0,0,X,0.0,0.0,0.0,0.0,0.0,0.0,0.0,0.0,43,0.05129016720734909,27,16,11,0,0,0,0,0,0,0,0,1
1dfo,A,366,THR,-0.7,116.1,0.0,1,1,X,0.0,0.0,0.0,0.0,0.0,0.0,0.0,0.0,44,0.05408781269138631,32,10,22,0,0,0,0,0,0,0,0,1
1dfo,A,367,PRO,-1.6,112.7,0.0,0,0,X,0.0,0.0,0.0,0.0,0.0,0.0,0.0,0.0,40,0.056419183928083996,42,14,28,0,0,0,0,0,0,0,0,1
1dfo,A,368,ALA,1.8,88.6,0.0,0,0,X,0.0,0.0,0.0,0.0,0.0,0.0,0.0,0.0,39,0.0526889899493677,32,17,15,0,0,0,0,0,0,0,0,1
1dfo,A,369,ILE,4.5,166.7,0.0,0,0,X,0.0,0.0,0.0,0.0,0.0,0.0,0.0,0.0,38,0.04989134446533048,28,20,8,0,0,0,0,0,0,0,0,1
1dfo,A,370,THR,-0.7,116.1,0.0,1,1,X,0.0,0.0,0.0,0.0,0.0,0.0,0.0,0.0,36,0.05035761871267001,36,13,23,0,0,0,0,0,0,0,0,1
1dfo,A,371,ARG,-4.5,173.4,1.0,5,0,X,0.0,0.0,0.0,0.0,0.0,0.0,0.0,0.0,36,0.04289723075523742,11,9,2,0,0,0,0,0,0,0,0,1
1dfo,A,372,ARG,-4.5,173.4,1.0,5,0,X,0.0,0.0,0.0,0.0,0.0,0.0,0.0,0.0,34,0.04709369898129325,20,22,-2,0,0,0,0,0,0,0,0,1
1dfo,A,373,GLY,-0.4,60.1,0.0,0,0,X,0.0,0.0,0.0,0.0,0.0,0.0,0.0,0.0,27,0.03870076252918159,32,13,19,0,0,0,0,0,0,0,0,1
1dfo,A,374,PHE,2.8,189.9,0.0,0,0,X,0.0,0.0,0.0,0.0,0.0,0.0,0.0,0.0,37,0.045694876239274644,39,27,12,0,0,0,0,0,0,0,0,1
1dfo,A,375,LYS,-3.9,168.6,1.0,2,0,X,0.0,0.0,0.0,0.0,0.0,0.0,0.0,0.0,23,0.04103213376587927,21,18,3,0,0,0,0,0,0,0,0,1
1dfo,A,376,GLU,-3.5,138.4,-1.0,1,3,X,0.0,0.0,0.0,0.0,0.0,0.0,0.0,0.0,24,0.03870076252918159,34,15,19,0,0,0,0,0,0,0,0,1
1dfo,A,377,ALA,1.8,88.6,0.0,0,0,X,0.0,0.0,0.0,0.0,0.0,0.0,0.0,0.0,22,0.027510180593032695,20,27,-7,0,0,0,0,0,0,0,0,1
1dfo,A,378,GLU,-3.5,138.4,-1.0,1,3,X,0.0,0.0,0.0,0.0,0.0,0.0,0.0,0.0,23,0.040099585271200194,26,18,8,0,0,0,0,0,0,0,0,1
1dfo,A,379,ALA,1.8,88.6,0.0,0,0,X,0.0,0.0,0.0,0.0,0.0,0.0,0.0,0.0,34,0.04989134446533048,24,31,-7,0,0,0,0,0,0,0,0,1
1dfo,A,380,LYS,-3.9,168.6,1.0,2,0,X,0.0,0.0,0.0,0.0,0.0,0.0,0.0,0.0,24,0.040565859518539735,13,41,-28,0,0,0,0,0,0,0,0,1
1dfo,A,381,GLU,-3.5,138.4,-1.0,1,3,X,0.0,0.0,0.0,0.0,0.0,0.0,0.0,0.0,26,0.03450429430312575,22,16,6,0,0,0,0,0,0,0,0,1
1dfo,A,382,LEU,3.8,166.7,0.0,0,0,X,0.0,0.0,0.0,0.0,0.0,0.0,0.0,0.0,41,0.045694876239274644,17,27,-10,0,0,0,0,0,0,0,0,1
1dfo,A,383,ALA,1.8,88.6,0.0,0,0,X,0.0,0.0,0.0,0.0,0.0,0.0,0.0,0.0,40,0.045694876239274644,19,30,-11,0,0,0,0,0,0,0,0,1
1dfo,A,384,GLY,-0.4,60.1,0.0,0,0,X,0.0,0.0,0.0,0.0,0.0,0.0,0.0,0.0,30,0.04149840801321881,21,29,-8,0,0,0,0,0,0,0,0,1
1dfo,A,385,TRP,-0.9,227.8,0.0,1,0,X,0.0,0.0,0.0,0.0,0.0,0.0,0.0,0.0,36,0.043829779249916496,27,25,2,0,0,0,0,0,0,0,0,1
1dfo,A,386,MET,1.9,162.9,0.0,0,0,X,0.0,0.0,0.0,0.0,0.0,0.0,0.0,0.0,39,0.04709369898129325,11,22,-11,0,0,0,0,0,0,0,0,1
1dfo,A,387,CYS,2.5,108.5,0.0,1,0,X,0.0,0.0,0.0,0.0,0.0,0.0,0.0,0.0,30,0.04662742473395372,17,23,-6,0,0,0,0,0,0,0,0,1
1dfo,A,388,ASP,-3.5,111.1,-1.0,1,3,X,0.0,0.0,0.0,0.0,0.0,0.0,0.0,0.0,28,0.040099585271200194,20,14,6,0,0,0,0,0,0,0,0,1
1dfo,A,389,VAL,4.2,140.0,0.0,0,0,X,0.0,0.0,0.0,0.0,0.0,0.0,0.0,0.0,38,0.04989134446533048,20,37,-17,0,0,0,0,0,0,0,0,1
1dfo,A,390,LEU,3.8,166.7,0.0,0,0,X,0.0,0.0,0.0,0.0,0.0,0.0,0.0,0.0,39,0.04289723075523742,19,26,-7,0,0,0,0,0,0,0,0,1
1dfo,A,391,ASP,-3.5,111.1,-1.0,1,3,X,0.0,0.0,0.0,0.0,0.0,0.0,0.0,0.0,22,0.03403802005578621,19,14,5,0,0,0,0,0,0,0,0,1
1dfo,A,392,SER,-0.8,89.0,0.0,1,1,X,0.0,0.0,0.0,0.0,0.0,0.0,0.0,0.0,23,0.03170664881908853,3,30,-27,0,0,0,0,0,0,0,0,1
1dfo,A,393,ILE,4.5,166.7,0.0,0,0,X,0.0,0.0,0.0,0.0,0.0,0.0,0.0,0.0,29,0.03730193978716297,12,39,-27,0,0,0,0,0,0,0,0,1
1dfo,A,394,ASN,-3.5,114.1,0.0,2,2,X,0.0,0.0,0.0,0.0,0.0,0.0,0.0,0.0,15,0.02331371236697686,5,25,-20,0,0,0,0,0,0,0,0,1
1dfo,A,395,ASP,-3.5,111.1,-1.0,1,3,X,0.0,0.0,0.0,0.0,0.0,0.0,0.0,0.0,16,0.02797645484037223,7,19,-12,0,0,0,0,0,0,0,0,1
1dfo,A,396,GLU,-3.5,138.4,-1.0,1,3,X,0.0,0.0,0.0,0.0,0.0,0.0,0.0,0.0,16,0.027510180593032695,17,18,-1,0,0,0,0,0,0,0,0,1
1dfo,A,397,ALA,1.8,88.6,0.0,0,0,X,0.0,0.0,0.0,0.0,0.0,0.0,0.0,0.0,16,0.02331371236697686,9,24,-15,0,0,0,0,0,0,0,0,1
1dfo,A,398,VAL,4.2,140.0,0.0,0,0,X,0.0,0.0,0.0,0.0,0.0,0.0,0.0,0.0,24,0.03403802005578621,17,37,-20,0,0,0,0,0,0,0,0,1
1dfo,A,399,ILE,4.5,166.7,0.0,0,0,X,0.0,0.0,0.0,0.0,0.0,0.0,0.0,0.0,29,0.048026247475972325,26,30,-4,0,0,0,0,0,0,0,0,1
1dfo,A,400,GLU,-3.5,138.4,-1.0,1,3,X,0.0,0.0,0.0,0.0,0.0,0.0,0.0,0.0,17,0.03310547156110714,28,11,17,0,0,0,0,0,0,0,0,1
1dfo,A,401,ARG,-4.5,173.4,1.0,5,0,X,0.0,0.0,0.0,0.0,0.0,0.0,0.0,0.0,20,0.02984155182973038,19,27,-8,0,0,0,0,0,0,0,0,1
1dfo,A,402,ILE,4.5,166.7,0.0,0,0,X,0.0,0.0,0.0,0.0,0.0,0.0,0.0,0.0,33,0.04429605349725603,27,26,1,0,0,0,0,0,0,0,0,1
1dfo,A,403,LYS,-3.9,168.6,1.0,2,0,X,0.0,0.0,0.0,0.0,0.0,0.0,0.0,0.0,26,0.04429605349725603,28,23,5,0,0,0,0,0,0,0,0,1
1dfo,A,404,GLY,-0.4,60.1,0.0,0,0,X,0.0,0.0,0.0,0.0,0.0,0.0,0.0,0.0,22,0.03357174580844668,26,20,6,0,0,0,0,0,0,0,0,1
1dfo,A,405,LYS,-3.9,168.6,1.0,2,0,X,0.0,0.0,0.0,0.0,0.0,0.0,0.0,0.0,25,0.0363693912924839,17,24,-7,0,0,0,0,0,0,0,0,1
1dfo,A,406,VAL,4.2,140.0,0.0,0,0,X,0.0,0.0,0.0,0.0,0.0,0.0,0.0,0.0,35,0.04989134446533048,43,29,14,0,0,0,0,0,0,0,0,1
1dfo,A,407,LEU,3.8,166.7,0.0,0,0,X,0.0,0.0,0.0,0.0,0.0,0.0,0.0,0.0,26,0.04149840801321881,39,25,14,0,0,0,0,0,0,0,0,1
1dfo,A,408,ASP,-3.5,111.1,-1.0,1,3,X,0.0,0.0,0.0,0.0,0.0,0.0,0.0,0.0,19,0.03170664881908853,28,7,21,0,0,0,0,0,0,0,0,1
1dfo,A,409,ILE,4.5,166.7,0.0,0,0,X,0.0,0.0,0.0,0.0,0.0,0.0,0.0,0.0,27,0.04103213376587927,33,31,2,0,0,0,0,0,0,0,0,1
1dfo,A,410,CYS,2.5,108.5,0.0,1,0,X,0.0,0.0,0.0,0.0,0.0,0.0,0.0,0.0,32,0.04942507021799094,37,28,9,0,0,0,0,0,0,0,0,1
1dfo,A,411,ALA,1.8,88.6,0.0,0,0,X,0.0,0.0,0.0,0.0,0.0,0.0,0.0,0.0,20,0.03357174580844668,21,25,-4,0,0,0,0,0,0,0,0,1
1dfo,A,412,ARG,-4.5,173.4,1.0,5,0,X,0.0,0.0,0.0,0.0,0.0,0.0,0.0,0.0,17,0.02844272908771177,10,15,-5,0,0,0,0,0,0,0,0,1
1dfo,A,413,TYR,-1.3,193.6,0.0,1,1,X,0.0,0.0,0.0,0.0,0.0,0.0,0.0,0.0,24,0.040565859518539735,35,18,17,0,0,0,0,0,0,0,0,1
1dfo,A,414,PRO,-1.6,112.7,0.0,0,0,X,0.0,0.0,0.0,0.0,0.0,0.0,0.0,0.0,25,0.03823448828184205,25,12,13,0,0,0,0,0,0,0,0,1
1dfo,A,415,VAL,4.2,140.0,0.0,0,0,X,0.0,0.0,0.0,0.0,0.0,0.0,0.0,0.0,36,0.045694876239274644,47,16,31,0,0,0,0,0,0,0,0,1
1dfo,A,416,TYR,-1.3,193.6,0.0,1,1,X,0.0,0.0,0.0,0.0,0.0,0.0,0.0,0.0,28,0.03916703677652112,45,11,34,0,0,0,0,0,0,0,0,1
1dfo,A,417,ALA,1.8,88.6,0.0,0,0,X,0.0,0.0,0.0,0.0,0.0,0.0,0.0,0.0,15,0.028909003335051305,18,14,4,0,0,0,0,0,0,0,0,1
1dfo,B,1,MET,1.9,162.9,0.0,0,0,X,0.0,0.0,0.0,0.0,0.0,0.0,0.0,0.0,21,0.034970568550465285,32,8,24,0,0,0,0,0,0,0,0,1
1dfo,B,2,LEU,3.8,166.7,0.0,0,0,X,0.0,0.0,0.0,0.0,0.0,0.0,0.0,0.0,28,0.03730193978716297,42,14,28,0,0,0,0,0,0,0,0,1
1dfo,B,3,LYS,-3.9,168.6,1.0,2,0,X,0.0,0.0,0.0,0.0,0.0,0.0,0.0,0.0,17,0.03170664881908853,20,11,9,0,0,0,0,0,0,0,0,1
1dfo,B,4,ARG,-4.5,173.4,1.0,5,0,X,0.0,0.0,0.0,0.0,0.0,0.0,0.0,0.0,20,0.032172923066428064,12,13,-1,0,0,0,0,0,0,0,0,1
1dfo,B,5,GLU,-3.5,138.4,-1.0,1,3,X,0.0,0.0,0.0,0.0,0.0,0.0,0.0,0.0,13,0.02331371236697686,22,4,18,0,0,0,0,0,0,0,0,1
1dfo,B,6,MET,1.9,162.9,0.0,0,0,X,0.0,0.0,0.0,0.0,0.0,0.0,0.0,0.0,24,0.0363693912924839,25,23,2,0,0,0,0,0,0,0,0,1
1dfo,B,7,ASN,-3.5,114.1,0.0,2,2,X,0.0,0.0,0.0,0.0,0.0,0.0,0.0,0.0,19,0.040565859518539735,19,25,-6,0,0,0,0,0,0,0,0,1
1dfo,B,8,ILE,4.5,166.7,0.0,0,0,X,0.0,0.0,0.0,0.0,0.0,0.0,0.0,0.0,33,0.04942507021799094,18,31,-13,0,0,0,0,0,0,0,0,1
1dfo,B,9,ALA,1.8,88.6,0.0,0,0,X,0.0,0.0,0.0,0.0,0.0,0.0,0.0,0.0,19,0.03357174580844668,10,29,-19,0,0,0,0,0,0,0,0,1
1dfo,B,10,ASP,-3.5,111.1,-1.0,1,3,X,0.0,0.0,0.0,0.0,0.0,0.0,0.0,0.0,14,0.025178809356335007,10,15,-5,0,0,0,0,0,0,0,0,1
1dfo,B,11,TYR,-1.3,193.6,0.0,1,1,X,0.0,0.0,0.0,0.0,0.0,0.0,0.0,0.0,26,0.032172923066428064,25,38,-13,0,0,0,0,0,0,0,0,1
1dfo,B,12,ASP,-3.5,111.1,-1.0,1,3,X,0.0,0.0,0.0,0.0,0.0,0.0,0.0,0.0,26,0.04289723075523742,25,24,1,0,0,0,0,0,0,0,0,1
1dfo,B,13,ALA,1.8,88.6,0.0,0,0,X,0.0,0.0,0.0,0.0,0.0,0.0,0.0,0.0,19,0.03310547156110714,8,27,-19,0,0,0,0,0,0,0,0,1
1dfo,B,14,GLU,-3.5,138.4,-1.0,1,3,X,0.0,0.0,0.0,0.0,0.0,0.0,0.0,0.0,21,0.030307826077069916,11,9,2,0,0,0,0,0,0,0,0,1
1dfo,B,15,LEU,3.8,166.7,0.0,0,0,X,0.0,0.0,0.0,0.0,0.0,0.0,0.0,0.0,39,0.048026247475972325,20,29,-9,0,0,0,0,0,0,0,0,1
1dfo,B,16,TRP,-0.9,227.8,0.0,1,0,X,0.0,0.0,0.0,0.0,0.0,0.0,0.0,0.0,25,0.04103213376587927,8,31,-23,0,0,0,0,0,0,0,0,1
1dfo,B,17,GLN,-3.5,143.8,0.0,2,2,X,0.0,0.0,0.0,0.0,0.0,0.0,0.0,0.0,18,0.035436842797804825,1,27,-26,0,0,0,0,0,0,0,0,1
1dfo,B,18,ALA,1.8,88.6,0.0,0,0,X,0.0,0.0,0.0,0.0,0.0,0.0,0.0,0.0,27,0.04709369898129325,9,41,-32,0,0,0,0,0,0,0,0,1
1dfo,B,19,MET,1.9,162.9,0.0,0,0,X,0.0,0.0,0.0,0.0,0.0,0.0,0.0,0.0,37,0.04942507021799094,16,29,-13,0,0,0,0,0,0,0,0,1
1dfo,B,20,GLU,-3.5,138.4,-1.0,1,3,X,0.0,0.0,0.0,0.0,0.0,0.0,0.0,0.0,23,0.03730193978716297,15,11,4,0,0,0,0,0,0,0,0,1
1dfo,B,21,GLN,-3.5,143.8,0.0,2,2,X,0.0,0.0,0.0,0.0,0.0,0.0,0.0,0.0,24,0.03823448828184205,18,33,-15,0,0,0,0,0,0,0,0,1
1dfo,B,22,GLU,-3.5,138.4,-1.0,1,3,X,0.0,0.0,0.0,0.0,0.0,0.0,0.0,0.0,35,0.05035761871267001,36,35,1,0,0,0,0,0,0,0,0,1
1dfo,B,23,LYS,-3.9,168.6,1.0,2,0,X,0.0,0.0,0.0,0.0,0.0,0.0,0.0,0.0,21,0.043829779249916496,15,30,-15,0,0,0,0,0,0,0,0,1
1dfo,B,24,VAL,4.2,140.0,0.0,0,0,X,0.0,0.0,0.0,0.0,0.0,0.0,0.0,0.0,21,0.03870076252918159,36,36,0,0,0,0,0,0,0,0,0,1
1dfo,B,25,ARG,-4.5,173.4,1.0,5,0,X,0.0,0.0,0.0,0.0,0.0,0.0,0.0,0.0,34,0.04289723075523742,27,51,-24,0,0,0,0,0,0,0,0,1
1dfo,B,26,GLN,-3.5,143.8,0.0,2,2,X,0.0,0.0,0.0,0.0,0.0,0.0,0.0,0.0,37,0.05035761871267001,47,43,4,0,0,0,0,0,0,0,0,1
1dfo,B,27,GLU,-3.5,138.4,-1.0,1,3,X,0.0,0.0,0.0,0.0,0.0,0.0,0.0,0.0,28,0.045228601991935104,44,21,23,0,0,0,0,0,0,0,0,1
1dfo,B,28,GLU,-3.5,138.4,-1.0,1,3,X,0.0,0.0,0.0,0.0,0.0,0.0,0.0,0.0,31,0.04196468226055834,39,21,18,0,0,0,0,0,0,0,0,1
1dfo,B,29,HIS,-3.2,153.2,0.1,2,1,X,0.0,0.0,0.0,0.0,0.0,0.0,0.0,0.0,35,0.04989134446533048,35,37,-2,0,0,0,0,0,0,0,0,1
1dfo,B,30,ILE,4.5,166.7,0.0,0,0,X,0.0,0.0,0.0,0.0,0.0,0.0,0.0,0.0,42,0.053155264196707235,31,23,8,0,0,0,0,0,0,0,0,1
1dfo,B,31,GLU,-3.5,138.4,-1.0,1,3,X,0.0,0.0,0.0,0.0,0.0,0.0,0.0,0.0,40,0.048492521723311866,36,21,15,0,0,0,0,0,0,0,0,1
1dfo,B,32,LEU,3.8,166.7,0.0,0,0,X,0.0,0.0,0.0,0.0,0.0,0.0,0.0,0.0,39,0.05035761871267001,20,19,1,0,0,0,0,0,0,0,0,1
1dfo,B,33,ILE,4.5,166.7,0.0,0,0,X,0.0,0.0,0.0,0.0,0.0,0.0,0.0,0.0,41,0.05222271570202816,41,20,21,0,0,0,0,0,0,0,0,1
1dfo,B,34,ALA,1.8,88.6,0.0,0,0,X,0.0,0.0,0.0,0.0,0.0,0.0,0.0,0.0,39,0.053621538444046775,43,16,27,0,0,0,0,0,0,0,0,1
1dfo,B,35,SER,-0.8,89.0,0.0,1,1,X,0.0,0.0,0.0,0.0,0.0,0.0,0.0,0.0,42,0.04989134446533048,62,20,42,0,0,0,0,0,0,0,0,1
1dfo,B,36,GLU,-3.5,138.4,-1.0,1,3,X,0.0,0.0,0.0,0.0,0.0,0.0,0.0,0.0,41,0.0526889899493677,47,10,37,0,0,0,0,0,0,0,0,1
1dfo,B,37,ASN,-3.5,114.1,0.0,2,2,X,0.0,0.0,0.0,0.0,0.0,0.0,0.0,0.0,40,0.050823892960009553,40,17,23,0,0,0,0,0,0,0,0,1
1dfo,B,38,TYR,-1.3,193.6,0.0,1,1,X,0.0,0.0,0.0,0.0,0.0,0.0,0.0,0.0,39,0.048026247475972325,36,28,8,0,0,0,0,0,0,0,0,1
1dfo,B,39,THR,-0.7,116.1,0.0,1,1,X,0.0,0.0,0.0,0.0,0.0,0.0,0.0,0.0,39,0.048958795970651406,33,8,25,0,0,0,0,0,0,0,0,1
1dfo,B,40,SER,-0.8,89.0,0.0,1,1,X,0.0,0.0,0.0,0.0,0.0,0.0,0.0,0.0,36,0.04662742473395372,31,12,19,0,0,0,0,0,0,0,0,1
1dfo,B,41,PRO,-1.6,112.7,0.0,0,0,X,0.0,0.0,0.0,0.0,0.0,0.0,0.0,0.0,29,0.048026247475972325,31,11,20,0,0,0,0,0,0,0,0,1
1dfo,B,42,ARG,-4.5,173.4,1.0,5,0,X,0.0,0.0,0.0,0.0,0.0,0.0,0.0,0.0,37,0.04942507021799094,21,33,-12,0,0,0,0,0,0,0,0,1
1dfo,B,43,VAL,4.2,140.0,0.0,0,0,X,0.0,0.0,0.0,0.0,0.0,0.0,0.0,0.0,42,0.0526889899493677,34,8,26,0,0,0,0,0,0,0,0,1
1dfo,B,44,MET,1.9,162.9,0.0,0,0,X,0.0,0.0,0.0,0.0,0.0,0.0,0.0,0.0,32,0.04476232774459557,24,3,21,0,0,0,0,0,0,0,0,1
1dfo,B,45,GLN,-3.5,143.8,0.0,2,2,X,0.0,0.0,0.0,0.0,0.0,0.0,0.0,0.0,25,0.040099585271200194,15,4,11,0,0,0,0,0,0,0,0,1
1dfo,B,46,ALA,1.8,88.6,0.0,0,0,X,0.0,0.0,0.0,0.0,0.0,0.0,0.0,0.0,31,0.048026247475972325,24,0,24,0,0,0,0,0,0,0,0,1
1dfo,B,47,GLN,-3.5,143.8,0.0,2,2,X,0.0,0.0,0.0,0.0,0.0,0.0,0.0,0.0,29,0.053621538444046775,39,0,39,0,0,0,0,0,0,0,0,1
1dfo,B,48,GLY,-0.4,60.1,0.0,0,0,X,0.0,0.0,0.0,0.0,0.0,0.0,0.0,0.0,24,0.04289723075523742,24,0,24,0,0,0,0,0,0,0,0,1
1dfo,B,49,SER,-0.8,89.0,0.0,1,1,X,0.0,0.0,0.0,0.0,0.0,0.0,0.0,0.0,34,0.040099585271200194,23,10,13,0,0,0,0,0,0,0,0,1
1dfo,B,50,GLN,-3.5,143.8,0.0,2,2,X,0.0,0.0,0.0,0.0,0.0,0.0,0.0,0.0,32,0.04429605349725603,34,21,13,0,0,0,0,0,0,0,0,1
1dfo,B,51,LEU,3.8,166.7,0.0,0,0,X,0.0,0.0,0.0,0.0,0.0,0.0,0.0,0.0,39,0.05035761871267001,37,16,21,0,0,0,0,0,0,0,0,1
1dfo,B,52,THR,-0.7,116.1,0.0,1,1,X,0.0,0.0,0.0,0.0,0.0,0.0,0.0,0.0,37,0.04989134446533048,38,10,28,0,0,0,0,0,0,0,0,1
1dfo,B,53,ASN,-3.5,114.1,0.0,2,2,X,0.0,0.0,0.0,0.0,0.0,0.0,0.0,0.0,38,0.05129016720734909,48,22,26,0,0,0,0,0,0,0,0,1
1dfo,B,54,LYS,-3.9,168.6,1.0,2,0,X,0.0,0.0,0.0,0.0,0.0,0.0,0.0,0.0,36,0.048492521723311866,34,36,-2,0,0,0,0,0,0,0,0,1
1dfo,B,55,TYR,-1.3,193.6,0.0,1,1,X,0.0,0.0,0.0,0.0,0.0,0.0,0.0,0.0,35,0.048026247475972325,54,20,34,0,0,0,0,0,0,0,0,1
1dfo,B,56,ALA,1.8,88.6,0.0,0,0,X,0.0,0.0,0.0,0.0,0.0,0.0,0.0,0.0,39,0.05781800667010261,33,29,4,0,0,0,0,0,0,0,0,1
1dfo,B,57,GLU,-3.5,138.4,-1.0,1,3,X,0.0,0.0,0.0,0.0,0.0,0.0,0.0,0.0,38,0.048958795970651406,35,7,28,0,0,0,0,0,0,0,0,1
1dfo,B,58,GLY,-0.4,60.1,0.0,0,0,X,0.0,0.0,0.0,0.0,0.0,0.0,0.0,0.0,32,0.045694876239274644,18,20,-2,0,0,0,0,0,0,0,0,1
1dfo,B,59,TYR,-1.3,193.6,0.0,1,1,X,0.0,0.0,0.0,0.0,0.0,0.0,0.0,0.0,33,0.03776821403450251,19,20,-1,0,0,0,0,0,0,0,0,1
1dfo,B,60,PRO,-1.6,112.7,0.0,0,0,X,0.0,0.0,0.0,0.0,0.0,0.0,0.0,0.0,28,0.03683566553982344,16,26,-10,0,0,0,0,0,0,0,0,1
1dfo,B,61,GLY,-0.4,60.1,0.0,0,0,X,0.0,0.0,0.0,0.0,0.0,0.0,0.0,0.0,19,0.021914889624958248,20,22,-2,0,0,0,0,0,0,0,0,1
1dfo,B,62,LYS,-3.9,168.6,1.0,2,0,X,0.0,0.0,0.0,0.0,0.0,0.0,0.0,0.0,21,0.02797645484037223,18,16,2,0,0,0,0,0,0,0,0,1
1dfo,B,63,ARG,-4.5,173.4,1.0,5,0,X,0.0,0.0,0.0,0.0,0.0,0.0,0.0,0.0,28,0.043829779249916496,15,32,-17,0,0,0,0,0,0,0,0,1
1dfo,B,64,TYR,-1.3,193.6,0.0,1,1,X,0.0,0.0,0.0,0.0,0.0,0.0,0.0,0.0,31,0.04709369898129325,30,12,18,0,0,0,0,0,0,0,0,1
1dfo,B,65,TYR,-1.3,193.6,0.0,1,1,X,0.0,0.0,0.0,0.0,0.0,0.0,0.0,0.0,36,0.04755997322863279,44,24,20,0,0,0,0,0,0,0,0,1
1dfo,B,66,GLY,-0.4,60.1,0.0,0,0,X,0.0,0.0,0.0,0.0,0.0,0.0,0.0,0.0,37,0.04243095650789788,42,39,3,0,0,0,0,0,0,0,0,1
1dfo,B,67,GLY,-0.4,60.1,0.0,0,0,X,0.0,0.0,0.0,0.0,0.0,0.0,0.0,0.0,33,0.04103213376587927,41,42,-1,0,0,0,0,0,0,0,0,1
1dfo,B,68,CYS,2.5,108.5,0.0,1,0,X,0.0,0.0,0.0,0.0,0.0,0.0,0.0,0.0,33,0.04149840801321881,35,42,-7,0,0,0,0,0,0,0,0,1
1dfo,B,69,GLU,-3.5,138.4,-1.0,1,3,X,0.0,0.0,0.0,0.0,0.0,0.0,0.0,0.0,23,0.030307826077069916,29,18,11,0,0,0,0,0,0,0,0,1
1dfo,B,70,TYR,-1.3,193.6,0.0,1,1,X,0.0,0.0,0.0,0.0,0.0,0.0,0.0,0.0,27,0.04662742473395372,25,34,-9,0,0,0,0,0,0,0,0,1
1dfo,B,71,VAL,4.2,140.0,0.0,0,0,X,0.0,0.0,0.0,0.0,0.0,0.0,0.0,0.0,41,0.04709369898129325,28,38,-10,0,0,0,0,0,0,0,0,1
1dfo,B,72,ASP,-3.5,111.1,-1.0,1,3,X,0.0,0.0,0.0,0.0,0.0,0.0,0.0,0.0,32,0.04196468226055834,19,24,-5,0,0,0,0,0,0,0,0,1
1dfo,B,73,ILE,4.5,166.7,0.0,0,0,X,0.0,0.0,0.0,0.0,0.0,0.0,0.0,0.0,31,0.03776821403450251,4,39,-35,0,0,0,0,0,0,0,0,1
1dfo,B,74,VAL,4.2,140.0,0.0,0,0,X,0.0,0.0,0.0,0.0,0.0,0.0,0.0,0.0,40,0.05035761871267001,21,40,-19,0,0,0,0,0,0,0,0,1
1dfo,B,75,GLU,-3.5,138.4,-1.0,1,3,X,0.0,0.0,0.0,0.0,0.0,0.0,0.0,0.0,39,0.05129016720734909,16,17,-1,0,0,0,0,0,0,0,0,1
1dfo,B,76,GLN,-3.5,143.8,0.0,2,2,X,0.0,0.0,0.0,0.0,0.0,0.0,0.0,0.0,25,0.03870076252918159,19,28,-9,0,0,0,0,0,0,0,0,1
1dfo,B,77,LEU,3.8,166.7,0.0,0,0,X,0.0,0.0,0.0,0.0,0.0,0.0,0.0,0.0,33,0.04476232774459557,24,37,-13,0,0,0,0,0,0,0,0,1
1dfo,B,78,ALA,1.8,88.6,0.0,0,0,X,0.0,0.0,0.0,0.0,0.0,0.0,0.0,0.0,38,0.0526889899493677,31,23,8,0,0,0,0,0,0,0,0,1
1dfo,B,79,ILE,4.5,166.7,0.0,0,0,X,0.0,0.0,0.0,0.0,0.0,0.0,0.0,0.0,32,0.04476232774459557,23,26,-3,0,0,0,0,0,0,0,0,1
1dfo,B,80,ASP,-3.5,111.1,-1.0,1,3,X,0.0,0.0,0.0,0.0,0.0,0.0,0.0,0.0,26,0.03590311704514436,20,23,-3,0,0,0,0,0,0,0,0,1
1dfo,B,81,ARG,-4.5,173.4,1.0,5,0,X,0.0,0.0,0.0,0.0,0.0,0.0,0.0,0.0,32,0.043829779249916496,22,38,-16,0,0,0,0,0,0,0,0,1
1dfo,B,82,ALA,1.8,88.6,0.0,0,0,X,0.0,0.0,0.0,0.0,0.0,0.0,0.0,0.0,35,0.04942507021799094,26,23,3,0,0,0,0,0,0,0,0,1
1dfo,B,83,LYS,-3.9,168.6,1.0,2,0,X,0.0,0.0,0.0,0.0,0.0,0.0,0.0,0.0,27,0.043829779249916496,14,26,-12,0,0,0,0,0,0,0,0,1
1dfo,B,84,GLU,-3.5,138.4,-1.0,1,3,X,0.0,0.0,0.0,0.0,0.0,0.0,0.0,0.0,18,0.029375277582390842,20,10,10,0,0,0,0,0,0,0,0,1
1dfo,B,85,LEU,3.8,166.7,0.0,0,0,X,0.0,0.0,0.0,0.0,0.0,0.0,0.0,0.0,35,0.034970568550465285,20,19,1,0,0,0,0,0,0,0,0,1
1dfo,B,86,PHE,2.8,189.9,0.0,0,0,X,0.0,0.0,0.0,0.0,0.0,0.0,0.0,0.0,42,0.035436842797804825,15,9,6,0,0,0,0,0,0,0,0,1
1dfo,B,87,GLY,-0.4,60.1,0.0,0,0,X,0.0,0.0,0.0,0.0,0.0,0.0,0.0,0.0,26,0.03124037457174899,22,19,3,0,0,0,0,0,0,0,0,1
1dfo,B,88,ALA,1.8,88.6,0.0,0,0,X,0.0,0.0,0.0,0.0,0.0,0.0,0.0,0.0,28,0.043363505002576956,23,20,3,0,0,0,0,0,0,0,0,1
1dfo,B,89,ASP,-3.5,111.1,-1.0,1,3,X,0.0,0.0,0.0,0.0,0.0,0.0,0.0,0.0,28,0.03170664881908853,23,6,17,0,0,0,0,0,0,0,0,1
1dfo,B,90,TYR,-1.3,193.6,0.0,1,1,X,0.0,0.0,0.0,0.0,0.0,0.0,0.0,0.0,34,0.03776821403450251,26,15,11,0,0,0,0,0,0,0,0,1
1dfo,B,91,ALA,1.8,88.6,0.0,0,0,X,0.0,0.0,0.0,0.0,0.0,0.0,0.0,0.0,36,0.04709369898129325,15,21,-6,0,0,0,0,0,0,0,0,1
1dfo,B,92,ASN,-3.5,114.1,0.0,2,2,X,0.0,0.0,0.0,0.0,0.0,0.0,0.0,0.0,42,0.048026247475972325,11,9,2,0,0,0,0,0,0,0,0,1
1dfo,B,93,VAL,4.2,140.0,0.0,0,0,X,0.0,0.0,0.0,0.0,0.0,0.0,0.0,0.0,44,0.04709369898129325,21,12,9,0,0,0,0,0,0,0,0,1
1dfo,B,94,GLN,-3.5,143.8,0.0,2,2,X,0.0,0.0,0.0,0.0,0.0,0.0,0.0,0.0,43,0.048492521723311866,20,15,5,0,0,0,0,0,0,0,0,1
1dfo,B,95,PRO,-1.6,112.7,0.0,0,0,X,0.0,0.0,0.0,0.0,0.0,0.0,0.0,0.0,42,0.04942507021799094,22,2,20,0,0,0,0,0,0,0,0,1
1dfo,B,96,HIS,-3.2,153.2,0.1,2,1,X,0.0,0.0,0.0,0.0,0.0,0.0,0.0,0.0,26,0.04755997322863279,18,0,18,0,0,0,0,0,0,0,0,1
1dfo,B,97,SER,-0.8,89.0,0.0,1,1,X,0.0,0.0,0.0,0.0,0.0,0.0,0.0,0.0,40,0.04709369898129325,47,3,44,0,0,0,0,0,0,0,0,1
1dfo,B,98,GLY,-0.4,60.1,0.0,0,0,X,0.0,0.0,0.0,0.0,0.0,0.0,0.0,0.0,43,0.05035761871267001,40,8,32,0,0,0,0,0,0,0,0,1
1dfo,B,99,SER,-0.8,89.0,0.0,1,1,X,0.0,0.0,0.0,0.0,0.0,0.0,0.0,0.0,39,0.04243095650789788,31,6,25,0,0,0,0,0,0,0,0,1
1dfo,B,100,GLN,-3.5,143.8,0.0,2,2,X,0.0,0.0,0.0,0.0,0.0,0.0,0.0,0.0,32,0.050823892960009553,22,0,22,0,0,0,0,0,0,0,0,1
1dfo,B,101,ALA,1.8,88.6,0.0,0,0,X,0.0,0.0,0.0,0.0,0.0,0.0,0.0,0.0,42,0.05222271570202816,12,6,6,0,0,0,0,0,0,0,0,1
1dfo,B,102,ASN,-3.5,114.1,0.0,2,2,X,0.0,0.0,0.0,0.0,0.0,0.0,0.0,0.0,41,0.04709369898129325,18,8,10,0,0,0,0,0,0,0,0,1
1dfo,B,103,PHE,2.8,189.9,0.0,0,0,X,0.0,0.0,0.0,0.0,0.0,0.0,0.0,0.0,31,0.04709369898129325,0,0,0,0,0,0,0,0,0,0,0,1
1dfo,B,104,ALA,1.8,88.6,0.0,0,0,X,0.0,0.0,0.0,0.0,0.0,0.0,0.0,0.0,40,0.04989134446533048,7,0,7,0,0,0,0,0,0,0,0,1
1dfo,B,105,VAL,4.2,140.0,0.0,0,0,X,0.0,0.0,0.0,0.0,0.0,0.0,0.0,0.0,39,0.04942507021799094,8,5,3,0,0,0,0,0,0,0,0,1
1dfo,B,106,TYR,-1.3,193.6,0.0,1,1,X,0.0,0.0,0.0,0.0,0.0,0.0,0.0,0.0,43,0.045228601991935104,10,12,-2,0,0,0,0,0,0,0,0,1
1dfo,B,107,THR,-0.7,116.1,0.0,1,1,X,0.0,0.0,0.0,0.0,0.0,0.0,0.0,0.0,32,0.040565859518539735,15,10,5,0,0,0,0,0,0,0,0,1
1dfo,B,108,ALA,1.8,88.6,0.0,0,0,X,0.0,0.0,0.0,0.0,0.0,0.0,0.0,0.0,32,0.03963331102386066,20,12,8,0,0,0,0,0,0,0,0,1
1dfo,B,109,LEU,3.8,166.7,0.0,0,0,X,0.0,0.0,0.0,0.0,0.0,0.0,0.0,0.0,29,0.03870076252918159,26,14,12,0,0,0,0,0,0,0,0,1
1dfo,B,110,LEU,3.8,166.7,0.0,0,0,X,0.0,0.0,0.0,0.0,0.0,0.0,0.0,0.0,28,0.043363505002576956,12,17,-5,0,0,0,0,0,0,0,0,1
1dfo,B,111,GLU,-3.5,138.4,-1.0,1,3,X,0.0,0.0,0.0,0.0,0.0,0.0,0.0,0.0,18,0.032172923066428064,13,8,5,0,0,0,0,0,0,0,0,1
1dfo,B,112,PRO,-1.6,112.7,0.0,0,0,X,0.0,0.0,0.0,0.0,0.0,0.0,0.0,0.0,17,0.030774100324409453,12,20,-8,0,0,0,0,0,0,0,0,1
1dfo,B,113,GLY,-0.4,60.1,0.0,0,0,X,0.0,0.0,0.0,0.0,0.0,0.0,0.0,0.0,16,0.029375277582390842,11,17,-6,0,0,0,0,0,0,0,0,1
1dfo,B,114,ASP,-3.5,111.1,-1.0,1,3,X,0.0,0.0,0.0,0.0,0.0,0.0,0.0,0.0,21,0.03730193978716297,12,9,3,0,0,0,0,0,0,0,0,1
1dfo,B,115,THR,-0.7,116.1,0.0,1,1,X,0.0,0.0,0.0,0.0,0.0,0.0,0.0,0.0,28,0.04289723075523742,28,15,13,0,0,0,0,0,0,0,0,1
1dfo,B,116,VAL,4.2,140.0,0.0,0,0,X,0.0,0.0,0.0,0.0,0.0,0.0,0.0,0.0,36,0.0526889899493677,25,10,15,0,0,0,0,0,0,0,0,1
1dfo,B,117,LEU,3.8,166.7,0.0,0,0,X,0.0,0.0,0.0,0.0,0.0,0.0,0.0,0.0,39,0.05129016720734909,27,9,18,0,0,0,0,0,0,0,0,1
1dfo,B,118,GLY,-0.4,60.1,0.0,0,0,X,0.0,0.0,0.0,0.0,0.0,0.0,0.0,0.0,35,0.05129016720734909,17,0,17,0,0,0,0,0,0,0,0,1
1dfo,B,119,MET,1.9,162.9,0.0,0,0,X,0.0,0.0,0.0,0.0,0.0,0.0,0.0,0.0,38,0.0526889899493677,27,2,25,0,0,0,0,0,0,0,0,1
1dfo,B,120,ASN,-3.5,114.1,0.0,2,2,X,0.0,0.0,0.0,0.0,0.0,0.0,0.0,0.0,29,0.043829779249916496,24,1,23,0,0,0,0,0,0,0,0,1
1dfo,B,121,LEU,3.8,166.7,0.0,0,0,X,0.0,0.0,0.0,0.0,0.0,0.0,0.0,0.0,37,0.04103213376587927,32,4,28,0,0,0,0,0,0,0,0,1
1dfo,B,122,ALA,1.8,88.6,0.0,0,0,X,0.0,0.0,0.0,0.0,0.0,0.0,0.0,0.0,31,0.03776821403450251,17,9,8,0,0,0,0,0,0,0,0,1
1dfo,B,123,HIS,-3.2,153.2,0.1,2,1,X,0.0,0.0,0.0,0.0,0.0,0.0,0.0,0.0,29,0.04429605349725603,5,11,-6,0,0,0,0,0,0,0,0,1
1dfo,B,124,GLY,-0.4,60.1,0.0,0,0,X,0.0,0.0,0.0,0.0,0.0,0.0,0.0,0.0,34,0.04942507021799094,41,0,41,0,0,0,0,0,0,0,0,1
1dfo,B,125,GLY,-0.4,60.1,0.0,0,0,X,0.0,0.0,0.0,0.0,0.0,0.0,0.0,0.0,34,0.04662742473395372,36,5,31,0,0,0,0,0,0,0,0,1
1dfo,B,126,HIS,-3.2,153.2,0.1,2,1,X,0.0,0.0,0.0,0.0,0.0,0.0,0.0,0.0,42,0.043829779249916496,23,12,11,0,0,0,0,0,0,0,0,1
1dfo,B,127,LEU,3.8,166.7,0.0,0,0,X,0.0,0.0,0.0,0.0,0.0,0.0,0.0,0.0,36,0.043829779249916496,21,6,15,0,0,0,0,0,0,0,0,1
1dfo,B,128,THR,-0.7,116.1,0.0,1,1,X,0.0,0.0,0.0,0.0,0.0,0.0,0.0,0.0,43,0.04989134446533048,21,9,12,0,0,0,0,0,0,0,0,1
1dfo,B,129,HIS,-3.2,153.2,0.1,2,1,X,0.0,0.0,0.0,0.0,0.0,0.0,0.0,0.0,42,0.05222271570202816,10,8,2,0,0,0,0,0,0,0,0,1
1dfo,B,130,GLY,-0.4,60.1,0.0,0,0,X,0.0,0.0,0.0,0.0,0.0,0.0,0.0,0.0,32,0.05455408693872585,27,0,27,0,0,0,0,0,0,0,0,1
1dfo,B,131,SER,-0.8,89.0,0.0,1,1,X,0.0,0.0,0.0,0.0,0.0,0.0,0.0,0.0,26,0.040099585271200194,27,0,27,0,0,0,0,0,0,0,0,1
1dfo,B,132,PRO,-1.6,112.7,0.0,0,0,X,0.0,0.0,0.0,0.0,0.0,0.0,0.0,0.0,20,0.02844272908771177,15,0,15,0,0,0,0,0,0,0,0,1
1dfo,B,133,VAL,4.2,140.0,0.0,0,0,X,0.0,0.0,0.0,0.0,0.0,0.0,0.0,0.0,24,0.032639197313767604,11,0,11,0,0,0,0,0,0,0,0,1
1dfo,B,134,ASN,-3.5,114.1,0.0,2,2,X,0.0,0.0,0.0,0.0,0.0,0.0,0.0,0.0,30,0.045228601991935104,25,0,25,0,0,0,0,0,0,0,0,1
1dfo,B,135,PHE,2.8,189.9,0.0,0,0,X,0.0,0.0,0.0,0.0,0.0,0.0,0.0,0.0,34,0.04616115048661418,18,0,18,0,0,0,0,0,0,0,0,1
1dfo,B,136,SER,-0.8,89.0,0.0,1,1,X,0.0,0.0,0.0,0.0,0.0,0.0,0.0,0.0,33,0.050823892960009553,24,1,23,0,0,0,0,0,0,0,0,1
1dfo,B,137,GLY,-0.4,60.1,0.0,0,0,X,0.0,0.0,0.0,0.0,0.0,0.0,0.0,0.0,25,0.04476232774459557,15,3,12,0,0,0,0,0,0,0,0,1
1dfo,B,138,LYS,-3.9,168.6,1.0,2,0,X,0.0,0.0,0.0,0.0,0.0,0.0,0.0,0.0,25,0.03310547156110714,0,7,-7,0,0,0,0,0,0,0,0,1
1dfo,B,139,LEU,3.8,166.7,0.0,0,0,X,0.0,0.0,0.0,0.0,0.0,0.0,0.0,0.0,21,0.034970568550465285,9,17,-8,0,0,0,0,0,0,0,0,1
1dfo,B,140,TYR,-1.3,193.6,0.0,1,1,X,0.0,0.0,0.0,0.0,0.0,0.0,0.0,0.0,31,0.04429605349725603,12,16,-4,0,0,0,0,0,0,0,0,1
1dfo,B,141,ASN,-3.5,114.1,0.0,2,2,X,0.0,0.0,0.0,0.0,0.0,0.0,0.0,0.0,24,0.032639197313767604,18,10,8,0,0,0,0,0,0,0,0,1
1dfo,B,142,ILE,4.5,166.7,0.0,0,0,X,0.0,0.0,0.0,0.0,0.0,0.0,0.0,0.0,32,0.03730193978716297,16,5,11,0,0,0,0,0,0,0,0,1
1dfo,B,143,VAL,4.2,140.0,0.0,0,0,X,0.0,0.0,0.0,0.0,0.0,0.0,0.0,0.0,27,0.0363693912924839,17,8,9,0,0,0,0,0,0,0,0,1
1dfo,B,144,PRO,-1.6,112.7,0.0,0,0,X,0.0,0.0,0.0,0.0,0.0,0.0,0.0,0.0,26,0.034970568550465285,17,3,14,0,0,0,0,0,0,0,0,1
1dfo,B,145,TYR,-1.3,193.6,0.0,1,1,X,0.0,0.0,0.0,0.0,0.0,0.0,0.0,0.0,37,0.04103213376587927,20,15,5,0,0,0,0,0,0,0,0,1
1dfo,B,146,GLY,-0.4,60.1,0.0,0,0,X,0.0,0.0,0.0,0.0,0.0,0.0,0.0,0.0,30,0.040099585271200194,15,24,-9,0,0,0,0,0,0,0,0,1
1dfo,B,147,ILE,4.5,166.7,0.0,0,0,X,0.0,0.0,0.0,0.0,0.0,0.0,0.0,0.0,29,0.040565859518539735,20,19,1,0,0,0,0,0,0,0,0,1
1dfo,B,148,ASP,-3.5,111.1,-1.0,1,3,X,0.0,0.0,0.0,0.0,0.0,0.0,0.0,0.0,20,0.027510180593032695,17,14,3,0,0,0,0,0,0,0,0,1
1dfo,B,149,ALA,1.8,88.6,0.0,0,0,X,0.0,0.0,0.0,0.0,0.0,0.0,0.0,0.0,15,0.017718421398902413,17,12,5,0,0,0,0,0,0,0,0,1
1dfo,B,150,THR,-0.7,116.1,0.0,1,1,X,0.0,0.0,0.0,0.0,0.0,0.0,0.0,0.0,16,0.02331371236697686,12,13,-1,0,0,0,0,0,0,0,0,1
1dfo,B,151,GLY,-0.4,60.1,0.0,0,0,X,0.0,0.0,0.0,0.0,0.0,0.0,0.0,0.0,27,0.03590311704514436,21,12,9,0,0,0,0,0,0,0,0,1
1dfo,B,152,HIS,-3.2,153.2,0.1,2,1,X,0.0,0.0,0.0,0.0,0.0,0.0,0.0,0.0,24,0.03776821403450251,2,20,-18,0,0,0,0,0,0,0,0,1
1dfo,B,153,ILE,4.5,166.7,0.0,0,0,X,0.0,0.0,0.0,0.0,0.0,0.0,0.0,0.0,33,0.043363505002576956,19,31,-12,0,0,0,0,0,0,0,0,1
1dfo,B,154,ASP,-3.5,111.1,-1.0,1,3,X,0.0,0.0,0.0,0.0,0.0,0.0,0.0,0.0,19,0.03450429430312575,15,23,-8,0,0,0,0,0,0,0,0,1
1dfo,B,155,TYR,-1.3,193.6,0.0,1,1,X,0.0,0.0,0.0,0.0,0.0,0.0,0.0,0.0,26,0.03590311704514436,18,38,-20,0,0,0,0,0,0,0,0,1
1dfo,B,156,ALA,1.8,88.6,0.0,0,0,X,0.0,0.0,0.0,0.0,0.0,0.0,0.0,0.0,16,0.027510180593032695,18,28,-10,0,0,0,0,0,0,0,0,1
1dfo,B,157,ASP,-3.5,111.1,-1.0,1,3,X,0.0,0.0,0.0,0.0,0.0,0.0,0.0,0.0,21,0.028909003335051305,11,27,-16,0,0,0,0,0,0,0,0,1
1dfo,B,158,LEU,3.8,166.7,0.0,0,0,X,0.0,0.0,0.0,0.0,0.0,0.0,0.0,0.0,36,0.043829779249916496,24,28,-4,0,0,0,0,0,0,0,0,1
1dfo,B,159,GLU,-3.5,138.4,-1.0,1,3,X,0.0,0.0,0.0,0.0,0.0,0.0,0.0,0.0,23,0.03963331102386066,26,32,-6,0,0,0,0,0,0,0,0,1
1dfo,B,160,LYS,-3.9,168.6,1.0,2,0,X,0.0,0.0,0.0,0.0,0.0,0.0,0.0,0.0,21,0.03590311704514436,23,37,-14,0,0,0,0,0,0,0,0,1
1dfo,B,161,GLN,-3.5,143.8,0.0,2,2,X,0.0,0.0,0.0,0.0,0.0,0.0,0.0,0.0,25,0.03870076252918159,26,30,-4,0,0,0,0,0,0,0,0,1
1dfo,B,162,ALA,1.8,88.6,0.0,0,0,X,0.0,0.0,0.0,0.0,0.0,0.0,0.0,0.0,31,0.048958795970651406,41,34,7,0,0,0,0,0,0,0,0,1
1dfo,B,163,LYS,-3.9,168.6,1.0,2,0,X,0.0,0.0,0.0,0.0,0.0,0.0,0.0,0.0,24,0.04243095650789788,36,35,1,0,0,0,0,0,0,0,0,1
1dfo,B,164,GLU,-3.5,138.4,-1.0,1,3,X,0.0,0.0,0.0,0.0,0.0,0.0,0.0,0.0,14,0.029375277582390842,39,7,32,0,0,0,0,0,0,0,0,1
1dfo,B,165,HIS,-3.2,153.2,0.1,2,1,X,0.0,0.0,0.0,0.0,0.0,0.0,0.0,0.0,21,0.03170664881908853,20,12,8,0,0,0,0,0,0,0,0,1
1dfo,B,166,LYS,-3.9,168.6,1.0,2,0,X,0.0,0.0,0.0,0.0,0.0,0.0,0.0,0.0,29,0.03683566553982344,38,12,26,0,0,0,0,0,0,0,0,1
1dfo,B,167,PRO,-1.6,112.7,0.0,0,0,X,0.0,0.0,0.0,0.0,0.0,0.0,0.0,0.0,32,0.04616115048661418,37,16,21,0,0,0,0,0,0,0,0,1
1dfo,B,168,LYS,-3.9,168.6,1.0,2,0,X,0.0,0.0,0.0,0.0,0.0,0.0,0.0,0.0,28,0.04429605349725603,11,16,-5,0,0,0,0,0,0,0,0,1
1dfo,B,169,MET,1.9,162.9,0.0,0,0,X,0.0,0.0,0.0,0.0,0.0,0.0,0.0,0.0,37,0.04989134446533048,23,10,13,0,0,0,0,0,0,0,0,1
1dfo,B,170,ILE,4.5,166.7,0.0,0,0,X,0.0,0.0,0.0,0.0,0.0,0.0,0.0,0.0,44,0.05035761871267001,29,9,20,0,0,0,0,0,0,0,0,1
1dfo,B,171,ILE,4.5,166.7,0.0,0,0,X,0.0,0.0,0.0,0.0,0.0,0.0,0.0,0.0,43,0.04989134446533048,17,8,9,0,0,0,0,0,0,0,0,1
1dfo,B,172,GLY,-0.4,60.1,0.0,0,0,X,0.0,0.0,0.0,0.0,0.0,0.0,0.0,0.0,43,0.048492521723311866,16,12,4,0,0,0,0,0,0,0,0,1
1dfo,B,173,GLY,-0.4,60.1,0.0,0,0,X,0.0,0.0,0.0,0.0,0.0,0.0,0.0,0.0,44,0.04662742473395372,27,9,18,0,0,0,0,0,0,0,0,1
1dfo,B,174,PHE,2.8,189.9,0.0,0,0,X,0.0,0.0,0.0,0.0,0.0,0.0,0.0,0.0,37,0.04709369898129325,39,8,31,0,0,0,0,0,0,0,0,1
1dfo,B,175,SER,-0.8,89.0,0.0,1,1,X,0.0,0.0,0.0,0.0,0.0,0.0,0.0,0.0,39,0.043363505002576956,50,9,41,0,0,0,0,0,0,0,0,1
1dfo,B,176,ALA,1.8,88.6,0.0,0,0,X,0.0,0.0,0.0,0.0,0.0,0.0,0.0,0.0,41,0.045228601991935104,42,0,42,0,0,0,0,0,0,0,0,1
1dfo,B,177,TYR,-1.3,193.6,0.0,1,1,X,0.0,0.0,0.0,0.0,0.0,0.0,0.0,0.0,43,0.04616115048661418,22,11,11,0,0,0,0,0,0,0,0,1
1dfo,B,178,SER,-0.8,89.0,0.0,1,1,X,0.0,0.0,0.0,0.0,0.0,0.0,0.0,0.0,37,0.050823892960009553,29,8,21,0,0,0,0,0,0,0,0,1
1dfo,B,179,GLY,-0.4,60.1,0.0,0,0,X,0.0,0.0,0.0,0.0,0.0,0.0,0.0,0.0,32,0.04289723075523742,20,11,9,0,0,0,0,0,0,0,0,1
1dfo,B,180,VAL,4.2,140.0,0.0,0,0,X,0.0,0.0,0.0,0.0,0.0,0.0,0.0,0.0,23,0.040565859518539735,9,16,-7,0,0,0,0,0,0,0,0,1
1dfo,B,181,VAL,4.2,140.0,0.0,0,0,X,0.0,0.0,0.0,0.0,0.0,0.0,0.0,0.0,34,0.04149840801321881,15,15,0,0,0,0,0,0,0,0,0,1
1dfo,B,182,ASP,-3.5,111.1,-1.0,1,3,X,0.0,0.0,0.0,0.0,0.0,0.0,0.0,0.0,23,0.03450429430312575,22,9,13,0,0,0,0,0,0,0,0,1
1dfo,B,183,TRP,-0.9,227.8,0.0,1,0,X,0.0,0.0,0.0,0.0,0.0,0.0,0.0,0.0,37,0.04616115048661418,23,13,10,0,0,0,0,0,0,0,0,1
1dfo,B,184,ALA,1.8,88.6,0.0,0,0,X,0.0,0.0,0.0,0.0,0.0,0.0,0.0,0.0,20,0.034970568550465285,30,22,8,0,0,0,0,0,0,0,0,1
1dfo,B,185,LYS,-3.9,168.6,1.0,2,0,X,0.0,0.0,0.0,0.0,0.0,0.0,0.0,0.0,20,0.03590311704514436,12,32,-20,0,0,0,0,0,0,0,0,1
1dfo,B,186,MET,1.9,162.9,0.0,0,0,X,0.0,0.0,0.0,0.0,0.0,0.0,0.0,0.0,35,0.04662742473395372,32,30,2,0,0,0,0,0,0,0,0,1
1dfo,B,187,ARG,-4.5,173.4,1.0,5,0,X,0.0,0.0,0.0,0.0,0.0,0.0,0.0,0.0,28,0.04755997322863279,28,21,7,0,0,0,0,0,0,0,0,1
1dfo,B,188,GLU,-3.5,138.4,-1.0,1,3,X,0.0,0.0,0.0,0.0,0.0,0.0,0.0,0.0,19,0.03310547156110714,29,22,7,0,0,0,0,0,0,0,0,1
1dfo,B,189,ILE,4.5,166.7,0.0,0,0,X,0.0,0.0,0.0,0.0,0.0,0.0,0.0,0.0,30,0.04709369898129325,31,34,-3,0,0,0,0,0,0,0,0,1
1dfo,B,190,ALA,1.8,88.6,0.0,0,0,X,0.0,0.0,0.0,0.0,0.0,0.0,0.0,0.0,30,0.04616115048661418,44,25,19,0,0,0,0,0,0,0,0,1
1dfo,B,191,ASP,-3.5,111.1,-1.0,1,3,X,0.0,0.0,0.0,0.0,0.0,0.0,0.0,0.0,29,0.03683566553982344,29,9,20,0,0,0,0,0,0,0,0,1
1dfo,B,192,SER,-0.8,89.0,0.0,1,1,X,0.0,0.0,0.0,0.0,0.0,0.0,0.0,0.0,29,0.03683566553982344,34,32,2,0,0,0,0,0,0,0,0,1
1dfo,B,193,ILE,4.5,166.7,0.0,0,0,X,0.0,0.0,0.0,0.0,0.0,0.0,0.0,0.0,33,0.04476232774459557,42,24,18,0,0,0,0,0,0,0,0,1
1dfo,B,194,GLY,-0.4,60.1,0.0,0,0,X,0.0,0.0,0.0,0.0,0.0,0.0,0.0,0.0,33,0.03730193978716297,33,12,21,0,0,0,0,0,0,0,0,1
1dfo,B,195,ALA,1.8,88.6,0.0,0,0,X,0.0,0.0,0.0,0.0,0.0,0.0,0.0,0.0,33,0.04429605349725603,37,12,25,0,0,0,0,0,0,0,0,1
1dfo,B,196,TYR,-1.3,193.6,0.0,1,1,X,0.0,0.0,0.0,0.0,0.0,0.0,0.0,0.0,30,0.043829779249916496,28,6,22,0,0,0,0,0,0,0,0,1
1dfo,B,197,LEU,3.8,166.7,0.0,0,0,X,0.0,0.0,0.0,0.0,0.0,0.0,0.0,0.0,38,0.053621538444046775,35,15,20,0,0,0,0,0,0,0,0,1
1dfo,B,198,PHE,2.8,189.9,0.0,0,0,X,0.0,0.0,0.0,0.0,0.0,0.0,0.0,0.0,44,0.04709369898129325,23,8,15,0,0,0,0,0,0,0,0,1
1dfo,B,199,VAL,4.2,140.0,0.0,0,0,X,0.0,0.0,0.0,0.0,0.0,0.0,0.0,0.0,42,0.05175644145468863,23,10,13,0,0,0,0,0,0,0,0,1
1dfo,B,200,ASP,-3.5,111.1,-1.0,1,3,X,0.0,0.0,0.0,0.0,0.0,0.0,0.0,0.0,42,0.048026247475972325,31,0,31,0,0,0,0,0,0,0,0,1
1dfo,B,201,MET,1.9,162.9,0.0,0,0,X,0.0,0.0,0.0,0.0,0.0,0.0,0.0,0.0,38,0.05035761871267001,17,8,9,0,0,0,0,0,0,0,0,1
1dfo,B,202,ALA,1.8,88.6,0.0,0,0,X,0.0,0.0,0.0,0.0,0.0,0.0,0.0,0.0,47,0.045228601991935104,45,8,37,0,0,0,0,0,0,0,0,1
1dfo,B,203,HIS,-3.2,153.2,0.1,2,1,X,0.0,0.0,0.0,0.0,0.0,0.0,0.0,0.0,41,0.05035761871267001,43,11,32,0,0,0,0,0,0,0,0,1
1dfo,B,204,VAL,4.2,140.0,0.0,0,0,X,0.0,0.0,0.0,0.0,0.0,0.0,0.0,0.0,42,0.050823892960009553,29,9,20,0,0,0,0,0,0,0,0,1
1dfo,B,205,ALA,1.8,88.6,0.0,0,0,X,0.0,0.0,0.0,0.0,0.0,0.0,0.0,0.0,42,0.05035761871267001,27,4,23,0,0,0,0,0,0,0,0,1
1dfo,B,206,GLY,-0.4,60.1,0.0,0,0,X,0.0,0.0,0.0,0.0,0.0,0.0,0.0,0.0,42,0.048026247475972325,28,2,26,0,0,0,0,0,0,0,0,1
1dfo,B,207,LEU,3.8,166.7,0.0,0,0,X,0.0,0.0,0.0,0.0,0.0,0.0,0.0,0.0,39,0.04942507021799094,26,3,23,0,0,0,0,0,0,0,0,1
1dfo,B,208,VAL,4.2,140.0,0.0,0,0,X,0.0,0.0,0.0,0.0,0.0,0.0,0.0,0.0,30,0.048026247475972325,5,0,5,0,0,0,0,0,0,0,0,1
1dfo,B,209,ALA,1.8,88.6,0.0,0,0,X,0.0,0.0,0.0,0.0,0.0,0.0,0.0,0.0,36,0.04429605349725603,10,7,3,0,0,0,0,0,0,0,0,1
1dfo,B,210,ALA,1.8,88.6,0.0,0,0,X,0.0,0.0,0.0,0.0,0.0,0.0,0.0,0.0,29,0.043363505002576956,9,9,0,0,0,0,0,0,0,0,0,1
1dfo,B,211,GLY,-0.4,60.1,0.0,0,0,X,0.0,0.0,0.0,0.0,0.0,0.0,0.0,0.0,21,0.028909003335051305,9,1,8,0,0,0,0,0,0,0,0,1
1dfo,B,212,VAL,4.2,140.0,0.0,0,0,X,0.0,0.0,0.0,0.0,0.0,0.0,0.0,0.0,27,0.034970568550465285,17,4,13,0,0,0,0,0,0,0,0,1
1dfo,B,213,TYR,-1.3,193.6,0.0,1,1,X,0.0,0.0,0.0,0.0,0.0,0.0,0.0,0.0,30,0.03683566553982344,12,11,1,0,0,0,0,0,0,0,0,1
1dfo,B,214,PRO,-1.6,112.7,0.0,0,0,X,0.0,0.0,0.0,0.0,0.0,0.0,0.0,0.0,25,0.035436842797804825,6,11,-5,0,0,0,0,0,0,0,0,1
1dfo,B,215,ASN,-3.5,114.1,0.0,2,2,X,0.0,0.0,0.0,0.0,0.0,0.0,0.0,0.0,27,0.040099585271200194,15,0,15,0,0,0,0,0,0,0,0,1
1dfo,B,216,PRO,-1.6,112.7,0.0,0,0,X,0.0,0.0,0.0,0.0,0.0,0.0,0.0,0.0,36,0.04476232774459557,24,10,14,0,0,0,0,0,0,0,0,1
1dfo,B,217,VAL,4.2,140.0,0.0,0,0,X,0.0,0.0,0.0,0.0,0.0,0.0,0.0,0.0,32,0.04989134446533048,28,7,21,0,0,0,0,0,0,0,0,1
1dfo,B,218,PRO,-1.6,112.7,0.0,0,0,X,0.0,0.0,0.0,0.0,0.0,0.0,0.0,0.0,24,0.030774100324409453,32,2,30,0,0,0,0,0,0,0,0,1
1dfo,B,219,HIS,-3.2,153.2,0.1,2,1,X,0.0,0.0,0.0,0.0,0.0,0.0,0.0,0.0,22,0.04103213376587927,35,16,19,0,0,0,0,0,0,0,0,1
1dfo,B,220,ALA,1.8,88.6,0.0,0,0,X,0.0,0.0,0.0,0.0,0.0,0.0,0.0,0.0,35,0.05129016720734909,39,6,33,0,0,0,0,0,0,0,0,1
1dfo,B,221,HIS,-3.2,153.2,0.1,2,1,X,0.0,0.0,0.0,0.0,0.0,0.0,0.0,0.0,33,0.045228601991935104,25,7,18,0,0,0,0,0,0,0,0,1
1dfo,B,222,VAL,4.2,140.0,0.0,0,0,X,0.0,0.0,0.0,0.0,0.0,0.0,0.0,0.0,39,0.04942507021799094,22,4,18,0,0,0,0,0,0,0,0,1
1dfo,B,223,VAL,4.2,140.0,0.0,0,0,X,0.0,0.0,0.0,0.0,0.0,0.0,0.0,0.0,39,0.05175644145468863,17,8,9,0,0,0,0,0,0,0,0,1
1dfo,B,224,THR,-0.7,116.1,0.0,1,1,X,0.0,0.0,0.0,0.0,0.0,0.0,0.0,0.0,45,0.05175644145468863,9,8,1,0,0,0,0,0,0,0,0,1
1dfo,B,225,THR,-0.7,116.1,0.0,1,1,X,0.0,0.0,0.0,0.0,0.0,0.0,0.0,0.0,43,0.05035761871267001,30,8,22,0,0,0,0,0,0,0,0,1
1dfo,B,226,THR,-0.7,116.1,0.0,1,1,X,0.0,0.0,0.0,0.0,0.0,0.0,0.0,0.0,39,0.05035761871267001,51,7,44,0,0,0,0,0,0,0,0,1
1dfo,B,227,THR,-0.7,116.1,0.0,1,1,X,0.0,0.0,0.0,0.0,0.0,0.0,0.0,0.0,48,0.04989134446533048,44,0,44,0,0,0,0,0,0,0,0,1
1dfo,B,228,HIS,-3.2,153.2,0.1,2,1,X,0.0,0.0,0.0,0.0,0.0,0.0,0.0,0.0,40,0.05175644145468863,43,8,35,0,0,0,0,0,0,0,0,1
1dfo,B,229,LYS,-3.9,168.6,1.0,2,0,X,0.0,0.0,0.0,0.0,0.0,0.0,0.0,0.0,40,0.05595290968074446,40,10,30,0,0,0,0,0,0,0,0,1
1dfo,B,230,THR,-0.7,116.1,0.0,1,1,X,0.0,0.0,0.0,0.0,0.0,0.0,0.0,0.0,42,0.05455408693872585,45,5,40,0,0,0,0,0,0,0,0,1
1dfo,B,231,LEU,3.8,166.7,0.0,0,0,X,0.0,0.0,0.0,0.0,0.0,0.0,0.0,0.0,45,0.048026247475972325,39,9,30,0,0,0,0,0,0,0,0,1
1dfo,B,232,ALA,1.8,88.6,0.0,0,0,X,0.0,0.0,0.0,0.0,0.0,0.0,0.0,0.0,42,0.048492521723311866,38,14,24,0,0,0,0,0,0,0,0,1
1dfo,B,233,GLY,-0.4,60.1,0.0,0,0,X,0.0,0.0,0.0,0.0,0.0,0.0,0.0,0.0,44,0.05222271570202816,48,11,37,0,0,0,0,0,0,0,0,1
1dfo,B,234,PRO,-1.6,112.7,0.0,0,0,X,0.0,0.0,0.0,0.0,0.0,0.0,0.0,0.0,42,0.05175644145468863,50,2,48,0,0,0,0,0,0,0,0,1
1dfo,B,235,ARG,-4.5,173.4,1.0,5,0,X,0.0,0.0,0.0,0.0,0.0,0.0,0.0,0.0,35,0.04662742473395372,47,7,40,0,0,0,0,0,0,0,0,1
1dfo,B,236,GLY,-0.4,60.1,0.0,0,0,X,0.0,0.0,0.0,0.0,0.0,0.0,0.0,0.0,40,0.04709369898129325,54,0,54,0,0,0,0,0,0,0,0,1
1dfo,B,237,GLY,-0.4,60.1,0.0,0,0,X,0.0,0.0,0.0,0.0,0.0,0.0,0.0,0.0,39,0.050823892960009553,38,1,37,0,0,0,0,0,0,0,0,1
1dfo,B,238,LEU,3.8,166.7,0.0,0,0,X,0.0,0.0,0.0,0.0,0.0,0.0,0.0,0.0,46,0.05035761871267001,21,1,20,0,0,0,0,0,0,0,0,1
1dfo,B,239,ILE,4.5,166.7,0.0,0,0,X,0.0,0.0,0.0,0.0,0.0,0.0,0.0,0.0,49,0.04989134446533048,8,1,7,0,0,0,0,0,0,0,0,1
1dfo,B,240,LEU,3.8,166.7,0.0,0,0,X,0.0,0.0,0.0,0.0,0.0,0.0,0.0,0.0,44,0.05222271570202816,21,12,9,0,0,0,0,0,0,0,0,1
1dfo,B,241,ALA,1.8,88.6,0.0,0,0,X,0.0,0.0,0.0,0.0,0.0,0.0,0.0,0.0,34,0.050823892960009553,28,8,20,0,0,0,0,0,0,0,0,1
1dfo,B,242,LYS,-3.9,168.6,1.0,2,0,X,0.0,0.0,0.0,0.0,0.0,0.0,0.0,0.0,28,0.03963331102386066,32,10,22,0,0,0,0,0,0,0,0,1
1dfo,B,243,GLY,-0.4,60.1,0.0,0,0,X,0.0,0.0,0.0,0.0,0.0,0.0,0.0,0.0,29,0.03450429430312575,36,18,18,0,0,0,0,0,0,0,0,1
1dfo,B,244,GLY,-0.4,60.1,0.0,0,0,X,0.0,0.0,0.0,0.0,0.0,0.0,0.0,0.0,28,0.03590311704514436,29,22,7,0,0,0,0,0,0,0,0,1
1dfo,B,245,SER,-0.8,89.0,0.0,1,1,X,0.0,0.0,0.0,0.0,0.0,0.0,0.0,0.0,25,0.030307826077069916,27,19,8,0,0,0,0,0,0,0,0,1
1dfo,B,246,GLU,-3.5,138.4,-1.0,1,3,X,0.0,0.0,0.0,0.0,0.0,0.0,0.0,0.0,19,0.024246260861655933,12,13,-1,0,0,0,0,0,0,0,0,1
1dfo,B,247,GLU,-3.5,138.4,-1.0,1,3,X,0.0,0.0,0.0,0.0,0.0,0.0,0.0,0.0,20,0.025645083603674543,24,5,19,0,0,0,0,0,0,0,0,1
1dfo,B,248,LEU,3.8,166.7,0.0,0,0,X,0.0,0.0,0.0,0.0,0.0,0.0,0.0,0.0,27,0.03730193978716297,27,15,12,0,0,0,0,0,0,0,0,1
1dfo,B,249,TYR,-1.3,193.6,0.0,1,1,X,0.0,0.0,0.0,0.0,0.0,0.0,0.0,0.0,26,0.03870076252918159,24,22,2,0,0,0,0,0,0,0,0,1
1dfo,B,250,LYS,-3.9,168.6,1.0,2,0,X,0.0,0.0,0.0,0.0,0.0,0.0,0.0,0.0,19,0.03357174580844668,9,17,-8,0,0,0,0,0,0,0,0,1
1dfo,B,251,LYS,-3.9,168.6,1.0,2,0,X,0.0,0.0,0.0,0.0,0.0,0.0,0.0,0.0,25,0.03730193978716297,7,15,-8,0,0,0,0,0,0,0,0,1
1dfo,B,252,LEU,3.8,166.7,0.0,0,0,X,0.0,0.0,0.0,0.0,0.0,0.0,0.0,0.0,35,0.04989134446533048,16,8,8,0,0,0,0,0,0,0,0,1
1dfo,B,253,ASN,-3.5,114.1,0.0,2,2,X,0.0,0.0,0.0,0.0,0.0,0.0,0.0,0.0,28,0.04243095650789788,12,7,5,0,0,0,0,0,0,0,0,1
1dfo,B,254,SER,-0.8,89.0,0.0,1,1,X,0.0,0.0,0.0,0.0,0.0,0.0,0.0,0.0,32,0.03683566553982344,18,5,13,0,0,0,0,0,0,0,0,1
1dfo,B,255,ALA,1.8,88.6,0.0,0,0,X,0.0,0.0,0.0,0.0,0.0,0.0,0.0,0.0,34,0.045228601991935104,16,0,16,0,0,0,0,0,0,0,0,1
1dfo,B,256,VAL,4.2,140.0,0.0,0,0,X,0.0,0.0,0.0,0.0,0.0,0.0,0.0,0.0,40,0.05175644145468863,14,1,13,0,0,0,0,0,0,0,0,1
1dfo,B,257,PHE,2.8,189.9,0.0,0,0,X,0.0,0.0,0.0,0.0,0.0,0.0,0.0,0.0,35,0.045228601991935104,13,10,3,0,0,0,0,0,0,0,0,1
1dfo,B,258,PRO,-1.6,112.7,0.0,0,0,X,0.0,0.0,0.0,0.0,0.0,0.0,0.0,0.0,35,0.04429605349725603,12,9,3,0,0,0,0,0,0,0,0,1
1dfo,B,259,GLY,-0.4,60.1,0.0,0,0,X,0.0,0.0,0.0,0.0,0.0,0.0,0.0,0.0,32,0.04662742473395372,12,1,11,0,0,0,0,0,0,0,0,1
1dfo,B,260,GLY,-0.4,60.1,0.0,0,0,X,0.0,0.0,0.0,0.0,0.0,0.0,0.0,0.0,36,0.05129016720734909,14,1,13,0,0,0,0,0,0,0,0,1
1dfo,B,261,GLN,-3.5,143.8,0.0,2,2,X,0.0,0.0,0.0,0.0,0.0,0.0,0.0,0.0,36,0.04755997322863279,19,7,12,0,0,0,0,0,0,0,0,1
1dfo,B,262,GLY,-0.4,60.1,0.0,0,0,X,0.0,0.0,0.0,0.0,0.0,0.0,0.0,0.0,37,0.04616115048661418,30,9,21,0,0,0,0,0,0,0,0,1
1dfo,B,263,GLY,-0.4,60.1,0.0,0,0,X,0.0,0.0,0.0,0.0,0.0,0.0,0.0,0.0,39,0.04616115048661418,44,11,33,0,0,0,0,0,0,0,0,1
1dfo,B,264,PRO,-1.6,112.7,0.0,0,0,X,0.0,0.0,0.0,0.0,0.0,0.0,0.0,0.0,38,0.05035761871267001,51,16,35,0,0,0,0,0,0,0,0,1
1dfo,B,265,LEU,3.8,166.7,0.0,0,0,X,0.0,0.0,0.0,0.0,0.0,0.0,0.0,0.0,31,0.043829779249916496,61,1,60,0,0,0,0,0,0,0,0,1
1dfo,B,266,MET,1.9,162.9,0.0,0,0,X,0.0,0.0,0.0,0.0,0.0,0.0,0.0,0.0,40,0.05035761871267001,39,23,16,0,0,0,0,0,0,0,0,1
1dfo,B,267,HIS,-3.2,153.2,0.1,2,1,X,0.0,0.0,0.0,0.0,0.0,0.0,0.0,0.0,29,0.050823892960009553,26,0,26,0,0,0,0,0,0,0,0,1
1dfo,B,268,VAL,4.2,140.0,0.0,0,0,X,0.0,0.0,0.0,0.0,0.0,0.0,0.0,0.0,37,0.04662742473395372,46,0,46,0,0,0,0,0,0,0,0,1
1dfo,B,269,ILE,4.5,166.7,0.0,0,0,X,0.0,0.0,0.0,0.0,0.0,0.0,0.0,0.0,44,0.048492521723311866,31,13,18,0,0,0,0,0,0,0,0,1
1dfo,B,270,ALA,1.8,88.6,0.0,0,0,X,0.0,0.0,0.0,0.0,0.0,0.0,0.0,0.0,43,0.050823892960009553,28,13,15,0,0,0,0,0,0,0,0,1
1dfo,B,271,GLY,-0.4,60.1,0.0,0,0,X,0.0,0.0,0.0,0.0,0.0,0.0,0.0,0.0,44,0.05175644145468863,38,11,27,0,0,0,0,0,0,0,0,1
1dfo,B,272,LYS,-3.9,168.6,1.0,2,0,X,0.0,0.0,0.0,0.0,0.0,0.0,0.0,0.0,43,0.048958795970651406,28,7,21,0,0,0,0,0,0,0,0,1
1dfo,B,273,ALA,1.8,88.6,0.0,0,0,X,0.0,0.0,0.0,0.0,0.0,0.0,0.0,0.0,42,0.05129016720734909,36,32,4,0,0,0,0,0,0,0,0,1
1dfo,B,274,VAL,4.2,140.0,0.0,0,0,X,0.0,0.0,0.0,0.0,0.0,0.0,0.0,0.0,42,0.0526889899493677,36,21,15,0,0,0,0,0,0,0,0,1
1dfo,B,275,ALA,1.8,88.6,0.0,0,0,X,0.0,0.0,0.0,0.0,0.0,0.0,0.0,0.0,44,0.0526889899493677,43,18,25,0,0,0,0,0,0,0,0,1
1dfo,B,276,LEU,3.8,166.7,0.0,0,0,X,0.0,0.0,0.0,0.0,0.0,0.0,0.0,0.0,43,0.04989134446533048,32,28,4,0,0,0,0,0,0,0,0,1
1dfo,B,277,LYS,-3.9,168.6,1.0,2,0,X,0.0,0.0,0.0,0.0,0.0,0.0,0.0,0.0,31,0.04429605349725603,21,39,-18,0,0,0,0,0,0,0,0,1
1dfo,B,278,GLU,-3.5,138.4,-1.0,1,3,X,0.0,0.0,0.0,0.0,0.0,0.0,0.0,0.0,38,0.04196468226055834,36,24,12,0,0,0,0,0,0,0,0,1
1dfo,B,279,ALA,1.8,88.6,0.0,0,0,X,0.0,0.0,0.0,0.0,0.0,0.0,0.0,0.0,36,0.04429605349725603,30,30,0,0,0,0,0,0,0,0,0,1
1dfo,B,280,MET,1.9,162.9,0.0,0,0,X,0.0,0.0,0.0,0.0,0.0,0.0,0.0,0.0,24,0.03730193978716297,27,34,-7,0,0,0,0,0,0,0,0,1
1dfo,B,281,GLU,-3.5,138.4,-1.0,1,3,X,0.0,0.0,0.0,0.0,0.0,0.0,0.0,0.0,19,0.030307826077069916,19,18,1,0,0,0,0,0,0,0,0,1
1dfo,B,282,PRO,-1.6,112.7,0.0,0,0,X,0.0,0.0,0.0,0.0,0.0,0.0,0.0,0.0,15,0.025645083603674543,11,23,-12,0,0,0,0,0,0,0,0,1
1dfo,B,283,GLU,-3.5,138.4,-1.0,1,3,X,0.0,0.0,0.0,0.0,0.0,0.0,0.0,0.0,16,0.027043906345693154,11,15,-4,0,0,0,0,0,0,0,0,1
1dfo,B,284,PHE,2.8,189.9,0.0,0,0,X,0.0,0.0,0.0,0.0,0.0,0.0,0.0,0.0,34,0.04149840801321881,22,27,-5,0,0,0,0,0,0,0,0,1
1dfo,B,285,LYS,-3.9,168.6,1.0,2,0,X,0.0,0.0,0.0,0.0,0.0,0.0,0.0,0.0,22,0.045228601991935104,0,15,-15,0,0,0,0,0,0,0,0,1
1dfo,B,286,THR,-0.7,116.1,0.0,1,1,X,0.0,0.0,0.0,0.0,0.0,0.0,0.0,0.0,17,0.03403802005578621,16,14,2,0,0,0,0,0,0,0,0,1
1dfo,B,287,TYR,-1.3,193.6,0.0,1,1,X,0.0,0.0,0.0,0.0,0.0,0.0,0.0,0.0,36,0.04196468226055834,25,9,16,0,0,0,0,0,0,0,0,1
1dfo,B,288,GLN,-3.5,143.8,0.0,2,2,X,0.0,0.0,0.0,0.0,0.0,0.0,0.0,0.0,37,0.04942507021799094,36,6,30,0,0,0,0,0,0,0,0,1
1dfo,B,289,GLN,-3.5,143.8,0.0,2,2,X,0.0,0.0,0.0,0.0,0.0,0.0,0.0,0.0,20,0.04149840801321881,18,7,11,0,0,0,0,0,0,0,0,1
1dfo,B,290,GLN,-3.5,143.8,0.0,2,2,X,0.0,0.0,0.0,0.0,0.0,0.0,0.0,0.0,30,0.04476232774459557,29,11,18,0,0,0,0,0,0,0,0,1
1dfo,B,291,VAL,4.2,140.0,0.0,0,0,X,0.0,0.0,0.0,0.0,0.0,0.0,0.0,0.0,40,0.0526889899493677,42,8,34,0,0,0,0,0,0,0,0,1
1dfo,B,292,ALA,1.8,88.6,0.0,0,0,X,0.0,0.0,0.0,0.0,0.0,0.0,0.0,0.0,34,0.04989134446533048,30,14,16,0,0,0,0,0,0,0,0,1
1dfo,B,293,LYS,-3.9,168.6,1.0,2,0,X,0.0,0.0,0.0,0.0,0.0,0.0,0.0,0.0,27,0.03823448828184205,22,11,11,0,0,0,0,0,0,0,0,1
1dfo,B,294,ASN,-3.5,114.1,0.0,2,2,X,0.0,0.0,0.0,0.0,0.0,0.0,0.0,0.0,39,0.05035761871267001,40,21,19,0,0,0,0,0,0,0,0,1
1dfo,B,295,ALA,1.8,88.6,0.0,0,0,X,0.0,0.0,0.0,0.0,0.0,0.0,0.0,0.0,37,0.05455408693872585,32,23,9,0,0,0,0,0,0,0,0,1
1dfo,B,296,LYS,-3.9,168.6,1.0,2,0,X,0.0,0.0,0.0,0.0,0.0,0.0,0.0,0.0,27,0.04149840801321881,16,22,-6,0,0,0,0,0,0,0,0,1
1dfo,B,297,ALA,1.8,88.6,0.0,0,0,X,0.0,0.0,0.0,0.0,0.0,0.0,0.0,0.0,30,0.04289723075523742,29,28,1,0,0,0,0,0,0,0,0,1
1dfo,B,298,MET,1.9,162.9,0.0,0,0,X,0.0,0.0,0.0,0.0,0.0,0.0,0.0,0.0,41,0.04989134446533048,25,25,0,0,0,0,0,0,0,0,0,1
1dfo,B,299,VAL,4.2,140.0,0.0,0,0,X,0.0,0.0,0.0,0.0,0.0,0.0,0.0,0.0,36,0.04476232774459557,28,17,11,0,0,0,0,0,0,0,0,1
1dfo,B,300,GLU,-3.5,138.4,-1.0,1,3,X,0.0,0.0,0.0,0.0,0.0,0.0,0.0,0.0,23,0.03403802005578621,24,15,9,0,0,0,0,0,0,0,0,1
1dfo,B,301,VAL,4.2,140.0,0.0,0,0,X,0.0,0.0,0.0,0.0,0.0,0.0,0.0,0.0,28,0.04429605349725603,24,26,-2,0,0,0,0,0,0,0,0,1
1dfo,B,302,PHE,2.8,189.9,0.0,0,0,X,0.0,0.0,0.0,0.0,0.0,0.0,0.0,0.0,38,0.048958795970651406,24,24,0,0,0,0,0,0,0,0,0,1
1dfo,B,303,LEU,3.8,166.7,0.0,0,0,X,0.0,0.0,0.0,0.0,0.0,0.0,0.0,0.0,24,0.0363693912924839,18,18,0,0,0,0,0,0,0,0,0,1
1dfo,B,304,GLU,-3.5,138.4,-1.0,1,3,X,0.0,0.0,0.0,0.0,0.0,0.0,0.0,0.0,16,0.02611135785101408,18,9,9,0,0,0,0,0,0,0,0,1
1dfo,B,305,ARG,-4.5,173.4,1.0,5,0,X,0.0,0.0,0.0,0.0,0.0,0.0,0.0,0.0,24,0.03450429430312575,5,28,-23,0,0,0,0,0,0,0,0,1
1dfo,B,306,GLY,-0.4,60.1,0.0,0,0,X,0.0,0.0,0.0,0.0,0.0,0.0,0.0,0.0,18,0.027043906345693154,25,26,-1,0,0,0,0,0,0,0,0,1
1dfo,B,307,TYR,-1.3,193.6,0.0,1,1,X,0.0,0.0,0.0,0.0,0.0,0.0,0.0,0.0,31,0.040099585271200194,27,33,-6,0,0,0,0,0,0,0,0,1
1dfo,B,308,LYS,-3.9,168.6,1.0,2,0,X,0.0,0.0,0.0,0.0,0.0,0.0,0.0,0.0,25,0.03870076252918159,7,16,-9,0,0,0,0,0,0,0,0,1
1dfo,B,309,VAL,4.2,140.0,0.0,0,0,X,0.0,0.0,0.0,0.0,0.0,0.0,0.0,0.0,32,0.04289723075523742,11,14,-3,0,0,0,0,0,0,0,0,1
1dfo,B,310,VAL,4.2,140.0,0.0,0,0,X,0.0,0.0,0.0,0.0,0.0,0.0,0.0,0.0,37,0.040565859518539735,23,11,12,0,0,0,0,0,0,0,0,1
1dfo,B,311,SER,-0.8,89.0,0.0,1,1,X,0.0,0.0,0.0,0.0,0.0,0.0,0.0,0.0,29,0.03403802005578621,19,15,4,0,0,0,0,0,0,0,0,1
1dfo,B,312,GLY,-0.4,60.1,0.0,0,0,X,0.0,0.0,0.0,0.0,0.0,0.0,0.0,0.0,25,0.02611135785101408,20,11,9,0,0,0,0,0,0,0,0,1
1dfo,B,313,GLY,-0.4,60.1,0.0,0,0,X,0.0,0.0,0.0,0.0,0.0,0.0,0.0,0.0,30,0.03683566553982344,22,13,9,0,0,0,0,0,0,0,0,1
1dfo,B,314,THR,-0.7,116.1,0.0,1,1,X,0.0,0.0,0.0,0.0,0.0,0.0,0.0,0.0,32,0.04289723075523742,25,11,14,0,0,0,0,0,0,0,0,1
1dfo,B,315,ASP,-3.5,111.1,-1.0,1,3,X,0.0,0.0,0.0,0.0,0.0,0.0,0.0,0.0,27,0.03310547156110714,23,0,23,0,0,0,0,0,0,0,0,1
1dfo,B,316,ASN,-3.5,114.1,0.0,2,2,X,0.0,0.0,0.0,0.0,0.0,0.0,0.0,0.0,39,0.04989134446533048,30,8,22,0,0,0,0,0,0,0,0,1
1dfo,B,317,HIS,-3.2,153.2,0.1,2,1,X,0.0,0.0,0.0,0.0,0.0,0.0,0.0,0.0,47,0.050823892960009553,29,9,20,0,0,0,0,0,0,0,0,1
1dfo,B,318,LEU,3.8,166.7,0.0,0,0,X,0.0,0.0,0.0,0.0,0.0,0.0,0.0,0.0,42,0.0526889899493677,33,6,27,0,0,0,0,0,0,0,0,1
1dfo,B,319,PHE,2.8,189.9,0.0,0,0,X,0.0,0.0,0.0,0.0,0.0,0.0,0.0,0.0,45,0.053155264196707235,28,6,22,0,0,0,0,0,0,0,0,1
1dfo,B,320,LEU,3.8,166.7,0.0,0,0,X,0.0,0.0,0.0,0.0,0.0,0.0,0.0,0.0,42,0.04989134446533048,29,9,20,0,0,0,0,0,0,0,0,1
1dfo,B,321,VAL,4.2,140.0,0.0,0,0,X,0.0,0.0,0.0,0.0,0.0,0.0,0.0,0.0,42,0.04942507021799094,23,13,10,0,0,0,0,0,0,0,0,1
1dfo,B,322,ASP,-3.5,111.1,-1.0,1,3,X,0.0,0.0,0.0,0.0,0.0,0.0,0.0,0.0,33,0.048958795970651406,19,15,4,0,0,0,0,0,0,0,0,1
1dfo,B,323,LEU,3.8,166.7,0.0,0,0,X,0.0,0.0,0.0,0.0,0.0,0.0,0.0,0.0,36,0.04709369898129325,25,27,-2,0,0,0,0,0,0,0,0,1
1dfo,B,324,VAL,4.2,140.0,0.0,0,0,X,0.0,0.0,0.0,0.0,0.0,0.0,0.0,0.0,24,0.03730193978716297,25,25,0,0,0,0,0,0,0,0,0,1
1dfo,B,325,ASP,-3.5,111.1,-1.0,1,3,X,0.0,0.0,0.0,0.0,0.0,0.0,0.0,0.0,13,0.024246260861655933,18,8,10,0,0,0,0,0,0,0,0,1
1dfo,B,326,LYS,-3.9,168.6,1.0,2,0,X,0.0,0.0,0.0,0.0,0.0,0.0,0.0,0.0,20,0.02611135785101408,9,24,-15,0,0,0,0,0,0,0,0,1
1dfo,B,327,ASN,-3.5,114.1,0.0,2,2,X,0.0,0.0,0.0,0.0,0.0,0.0,0.0,0.0,18,0.02331371236697686,13,18,-5,0,0,0,0,0,0,0,0,1
1dfo,B,328,LEU,3.8,166.7,0.0,0,0,X,0.0,0.0,0.0,0.0,0.0,0.0,0.0,0.0,26,0.03730193978716297,18,29,-11,0,0,0,0,0,0,0,0,1
1dfo,B,329,THR,-0.7,116.1,0.0,1,1,X,0.0,0.0,0.0,0.0,0.0,0.0,0.0,0.0,31,0.04289723075523742,31,21,10,0,0,0,0,0,0,0,0,1
1dfo,B,330,GLY,-0.4,60.1,0.0,0,0,X,0.0,0.0,0.0,0.0,0.0,0.0,0.0,0.0,34,0.053155264196707235,29,24,5,0,0,0,0,0,0,0,0,1
1dfo,B,331,LYS,-3.9,168.6,1.0,2,0,X,0.0,0.0,0.0,0.0,0.0,0.0,0.0,0.0,28,0.04103213376587927,16,17,-1,0,0,0,0,0,0,0,0,1
1dfo,B,332,GLU,-3.5,138.4,-1.0,1,3,X,0.0,0.0,0.0,0.0,0.0,0.0,0.0,0.0,25,0.03310547156110714,22,8,14,0,0,0,0,0,0,0,0,1
1dfo,B,333,ALA,1.8,88.6,0.0,0,0,X,0.0,0.0,0.0,0.0,0.0,0.0,0.0,0.0,39,0.04662742473395372,27,18,9,0,0,0,0,0,0,0,0,1
1dfo,B,334,ASP,-3.5,111.1,-1.0,1,3,X,0.0,0.0,0.0,0.0,0.0,0.0,0.0,0.0,37,0.043363505002576956,32,8,24,0,0,0,0,0,0,0,0,1
1dfo,B,335,ALA,1.8,88.6,0.0,0,0,X,0.0,0.0,0.0,0.0,0.0,0.0,0.0,0.0,28,0.03124037457174899,27,20,7,0,0,0,0,0,0,0,0,1
1dfo,B,336,ALA,1.8,88.6,0.0,0,0,X,0.0,0.0,0.0,0.0,0.0,0.0,0.0,0.0,34,0.040565859518539735,16,32,-16,0,0,0,0,0,0,0,0,1
1dfo,B,337,LEU,3.8,166.7,0.0,0,0,X,0.0,0.0,0.0,0.0,0.0,0.0,0.0,0.0,44,0.048958795970651406,20,18,2,0,0,0,0,0,0,0,0,1
1dfo,B,338,GLY,-0.4,60.1,0.0,0,0,X,0.0,0.0,0.0,0.0,0.0,0.0,0.0,0.0,32,0.043829779249916496,33,20,13,0,0,0,0,0,0,0,0,1
1dfo,B,339,ARG,-4.5,173.4,1.0,5,0,X,0.0,0.0,0.0,0.0,0.0,0.0,0.0,0.0,24,0.03450429430312575,10,31,-21,0,0,0,0,0,0,0,0,1
1dfo,B,340,ALA,1.8,88.6,0.0,0,0,X,0.0,0.0,0.0,0.0,0.0,0.0,0.0,0.0,34,0.04616115048661418,42,20,22,0,0,0,0,0,0,0,0,1
1dfo,B,341,ASN,-3.5,114.1,0.0,2,2,X,0.0,0.0,0.0,0.0,0.0,0.0,0.0,0.0,37,0.04616115048661418,47,30,17,0,0,0,0,0,0,0,0,1
1dfo,B,342,ILE,4.5,166.7,0.0,0,0,X,0.0,0.0,0.0,0.0,0.0,0.0,0.0,0.0,43,0.048026247475972325,27,20,7,0,0,0,0,0,0,0,0,1
1dfo,B,343,THR,-0.7,116.1,0.0,1,1,X,0.0,0.0,0.0,0.0,0.0,0.0,0.0,0.0,43,0.04989134446533048,31,27,4,0,0,0,0,0,0,0,0,1
1dfo,B,344,VAL,4.2,140.0,0.0,0,0,X,0.0,0.0,0.0,0.0,0.0,0.0,0.0,0.0,41,0.05502036118606539,31,24,7,0,0,0,0,0,0,0,0,1
1dfo,B,345,ASN,-3.5,114.1,0.0,2,2,X,0.0,0.0,0.0,0.0,0.0,0.0,0.0,0.0,43,0.04989134446533048,30,19,11,0,0,0,0,0,0,0,0,1
1dfo,B,346,LYS,-3.9,168.6,1.0,2,0,X,0.0,0.0,0.0,0.0,0.0,0.0,0.0,0.0,32,0.0526889899493677,28,18,10,0,0,0,0,0,0,0,0,1
1dfo,B,347,ASN,-3.5,114.1,0.0,2,2,X,0.0,0.0,0.0,0.0,0.0,0.0,0.0,0.0,41,0.04709369898129325,26,15,11,0,0,0,0,0,0,0,0,1
1dfo,B,348,SER,-0.8,89.0,0.0,1,1,X,0.0,0.0,0.0,0.0,0.0,0.0,0.0,0.0,36,0.04942507021799094,32,15,17,0,0,0,0,0,0,0,0,1
1dfo,B,349,VAL,4.2,140.0,0.0,0,0,X,0.0,0.0,0.0,0.0,0.0,0.0,0.0,0.0,36,0.04942507021799094,30,16,14,0,0,0,0,0,0,0,0,1
1dfo,B,350,PRO,-1.6,112.7,0.0,0,0,X,0.0,0.0,0.0,0.0,0.0,0.0,0.0,0.0,34,0.034970568550465285,17,20,-3,0,0,0,0,0,0,0,0,1
1dfo,B,351,ASN,-3.5,114.1,0.0,2,2,X,0.0,0.0,0.0,0.0,0.0,0.0,0.0,0.0,20,0.025645083603674543,17,14,3,0,0,0,0,0,0,0,0,1
1dfo,B,352,ASP,-3.5,111.1,-1.0,1,3,X,0.0,0.0,0.0,0.0,0.0,0.0,0.0,0.0,28,0.03776821403450251,15,7,8,0,0,0,0,0,0,0,0,1
1dfo,B,353,PRO,-1.6,112.7,0.0,0,0,X,0.0,0.0,0.0,0.0,0.0,0.0,0.0,0.0,21,0.022381163872297785,9,12,-3,0,0,0,0,0,0,0,0,1
1dfo,B,354,LYS,-3.9,168.6,1.0,2,0,X,0.0,0.0,0.0,0.0,0.0,0.0,0.0,0.0,20,0.030774100324409453,4,9,-5,0,0,0,0,0,0,0,0,1
1dfo,B,355,SER,-0.8,89.0,0.0,1,1,X,0.0,0.0,0.0,0.0,0.0,0.0,0.0,0.0,19,0.026577632098353617,20,8,12,0,0,0,0,0,0,0,0,1
1dfo,B,356,PRO,-1.6,112.7,0.0,0,0,X,0.0,0.0,0.0,0.0,0.0,0.0,0.0,0.0,24,0.03403802005578621,20,8,12,0,0,0,0,0,0,0,0,1
1dfo,B,357,PHE,2.8,189.9,0.0,0,0,X,0.0,0.0,0.0,0.0,0.0,0.0,0.0,0.0,22,0.03357174580844668,36,7,29,0,0,0,0,0,0,0,0,1
1dfo,B,358,VAL,4.2,140.0,0.0,0,0,X,0.0,0.0,0.0,0.0,0.0,0.0,0.0,0.0,23,0.04289723075523742,28,18,10,0,0,0,0,0,0,0,0,1
1dfo,B,359,THR,-0.7,116.1,0.0,1,1,X,0.0,0.0,0.0,0.0,0.0,0.0,0.0,0.0,33,0.05222271570202816,28,24,4,0,0,0,0,0,0,0,0,1
1dfo,B,360,SER,-0.8,89.0,0.0,1,1,X,0.0,0.0,0.0,0.0,0.0,0.0,0.0,0.0,36,0.05455408693872585,30,30,0,0,0,0,0,0,0,0,0,1
1dfo,B,361,GLY,-0.4,60.1,0.0,0,0,X,0.0,0.0,0.0,0.0,0.0,0.0,0.0,0.0,41,0.053621538444046775,32,31,1,0,0,0,0,0,0,0,0,1
1dfo,B,362,ILE,4.5,166.7,0.0,0,0,X,0.0,0.0,0.0,0.0,0.0,0.0,0.0,0.0,42,0.053155264196707235,23,20,3,0,0,0,0,0,0,0,0,1
1dfo,B,363,ARG,-4.5,173.4,1.0,5,0,X,0.0,0.0,0.0,0.0,0.0,0.0,0.0,0.0,38,0.05035761871267001,22,6,16,0,0,0,0,0,0,0,0,1
1dfo,B,364,VAL,4.2,140.0,0.0,0,0,X,0.0,0.0,0.0,0.0,0.0,0.0,0.0,0.0,43,0.05222271570202816,28,4,24,0,0,0,0,0,0,0,0,1
1dfo,B,365,GLY,-0.4,60.1,0.0,0,0,X,0.0,0.0,0.0,0.0,0.0,0.0,0.0,0.0,43,0.05129016720734909,27,16,11,0,0,0,0,0,0,0,0,1
1dfo,B,366,THR,-0.7,116.1,0.0,1,1,X,0.0,0.0,0.0,0.0,0.0,0.0,0.0,0.0,44,0.05408781269138631,32,10,22,0,0,0,0,0,0,0,0,1
1dfo,B,367,PRO,-1.6,112.7,0.0,0,0,X,0.0,0.0,0.0,0.0,0.0,0.0,0.0,0.0,40,0.05688545817542354,43,14,29,0,0,0,0,0,0,0,0,1
1dfo,B,368,ALA,1.8,88.6,0.0,0,0,X,0.0,0.0,0.0,0.0,0.0,0.0,0.0,0.0,39,0.0526889899493677,32,17,15,0,0,0,0,0,0,0,0,1
1dfo,B,369,ILE,4.5,166.7,0.0,0,0,X,0.0,0.0,0.0,0.0,0.0,0.0,0.0,0.0,39,0.05129016720734909,28,20,8,0,0,0,0,0,0,0,0,1
1dfo,B,370,THR,-0.7,116.1,0.0,1,1,X,0.0,0.0,0.0,0.0,0.0,0.0,0.0,0.0,35,0.05035761871267001,36,13,23,0,0,0,0,0,0,0,0,1
1dfo,B,371,ARG,-4.5,173.4,1.0,5,0,X,0.0,0.0,0.0,0.0,0.0,0.0,0.0,0.0,34,0.04243095650789788,11,9,2,0,0,0,0,0,0,0,0,1
1dfo,B,372,ARG,-4.5,173.4,1.0,5,0,X,0.0,0.0,0.0,0.0,0.0,0.0,0.0,0.0,34,0.045228601991935104,20,22,-2,0,0,0,0,0,0,0,0,1
1dfo,B,373,GLY,-0.4,60.1,0.0,0,0,X,0.0,0.0,0.0,0.0,0.0,0.0,0.0,0.0,26,0.0363693912924839,32,13,19,0,0,0,0,0,0,0,0,1
1dfo,B,374,PHE,2.8,189.9,0.0,0,0,X,0.0,0.0,0.0,0.0,0.0,0.0,0.0,0.0,36,0.045694876239274644,38,26,12,0,0,0,0,0,0,0,0,1
1dfo,B,375,LYS,-3.9,168.6,1.0,2,0,X,0.0,0.0,0.0,0.0,0.0,0.0,0.0,0.0,23,0.04103213376587927,21,18,3,0,0,0,0,0,0,0,0,1
1dfo,B,376,GLU,-3.5,138.4,-1.0,1,3,X,0.0,0.0,0.0,0.0,0.0,0.0,0.0,0.0,24,0.03870076252918159,34,16,18,0,0,0,0,0,0,0,0,1
1dfo,B,377,ALA,1.8,88.6,0.0,0,0,X,0.0,0.0,0.0,0.0,0.0,0.0,0.0,0.0,22,0.02797645484037223,20,27,-7,0,0,0,0,0,0,0,0,1
1dfo,B,378,GLU,-3.5,138.4,-1.0,1,3,X,0.0,0.0,0.0,0.0,0.0,0.0,0.0,0.0,23,0.040565859518539735,25,18,7,0,0,0,0,0,0,0,0,1
1dfo,B,379,ALA,1.8,88.6,0.0,0,0,X,0.0,0.0,0.0,0.0,0.0,0.0,0.0,0.0,35,0.04942507021799094,24,31,-7,0,0,0,0,0,0,0,0,1
1dfo,B,380,LYS,-3.9,168.6,1.0,2,0,X,0.0,0.0,0.0,0.0,0.0,0.0,0.0,0.0,24,0.040565859518539735,13,41,-28,0,0,0,0,0,0,0,0,1
1dfo,B,381,GLU,-3.5,138.4,-1.0,1,3,X,0.0,0.0,0.0,0.0,0.0,0.0,0.0,0.0,26,0.03450429430312575,23,16,7,0,0,0,0,0,0,0,0,1
1dfo,B,382,LEU,3.8,166.7,0.0,0,0,X,0.0,0.0,0.0,0.0,0.0,0.0,0.0,0.0,41,0.045228601991935104,17,27,-10,0,0,0,0,0,0,0,0,1
1dfo,B,383,ALA,1.8,88.6,0.0,0,0,X,0.0,0.0,0.0,0.0,0.0,0.0,0.0,0.0,40,0.045694876239274644,19,30,-11,0,0,0,0,0,0,0,0,1
1dfo,B,384,GLY,-0.4,60.1,0.0,0,0,X,0.0,0.0,0.0,0.0,0.0,0.0,0.0,0.0,30,0.04196468226055834,22,29,-7,0,0,0,0,0,0,0,0,1
1dfo,B,385,TRP,-0.9,227.8,0.0,1,0,X,0.0,0.0,0.0,0.0,0.0,0.0,0.0,0.0,36,0.043829779249916496,30,25,5,0,0,0,0,0,0,0,0,1
1dfo,B,386,MET,1.9,162.9,0.0,0,0,X,0.0,0.0,0.0,0.0,0.0,0.0,0.0,0.0,39,0.04662742473395372,11,22,-11,0,0,0,0,0,0,0,0,1
1dfo,B,387,CYS,2.5,108.5,0.0,1,0,X,0.0,0.0,0.0,0.0,0.0,0.0,0.0,0.0,30,0.04616115048661418,17,23,-6,0,0,0,0,0,0,0,0,1
1dfo,B,388,ASP,-3.5,111.1,-1.0,1,3,X,0.0,0.0,0.0,0.0,0.0,0.0,0.0,0.0,28,0.040099585271200194,27,13,14,0,0,0,0,0,0,0,0,1
1dfo,B,389,VAL,4.2,140.0,0.0,0,0,X,0.0,0.0,0.0,0.0,0.0,0.0,0.0,0.0,38,0.04989134446533048,20,38,-18,0,0,0,0,0,0,0,0,1
1dfo,B,390,LEU,3.8,166.7,0.0,0,0,X,0.0,0.0,0.0,0.0,0.0,0.0,0.0,0.0,39,0.04289723075523742,18,26,-8,0,0,0,0,0,0,0,0,1
1dfo,B,391,ASP,-3.5,111.1,-1.0,1,3,X,0.0,0.0,0.0,0.0,0.0,0.0,0.0,0.0,22,0.03403802005578621,19,14,5,0,0,0,0,0,0,0,0,1
1dfo,B,392,SER,-0.8,89.0,0.0,1,1,X,0.0,0.0,0.0,0.0,0.0,0.0,0.0,0.0,24,0.03170664881908853,6,32,-26,0,0,0,0,0,0,0,0,1
1dfo,B,393,ILE,4.5,166.7,0.0,0,0,X,0.0,0.0,0.0,0.0,0.0,0.0,0.0,0.0,29,0.03776821403450251,12,43,-31,0,0,0,0,0,0,0,0,1
1dfo,B,394,ASN,-3.5,114.1,0.0,2,2,X,0.0,0.0,0.0,0.0,0.0,0.0,0.0,0.0,15,0.025178809356335007,5,29,-24,0,0,0,0,0,0,0,0,1
1dfo,B,395,ASP,-3.5,111.1,-1.0,1,3,X,0.0,0.0,0.0,0.0,0.0,0.0,0.0,0.0,16,0.029375277582390842,12,23,-11,0,0,0,0,0,0,0,0,1
1dfo,B,396,GLU,-3.5,138.4,-1.0,1,3,X,0.0,0.0,0.0,0.0,0.0,0.0,0.0,0.0,16,0.028909003335051305,18,17,1,0,0,0,0,0,0,0,0,1
1dfo,B,397,ALA,1.8,88.6,0.0,0,0,X,0.0,0.0,0.0,0.0,0.0,0.0,0.0,0.0,16,0.02797645484037223,15,28,-13,0,0,0,0,0,0,0,0,1
1dfo,B,398,VAL,4.2,140.0,0.0,0,0,X,0.0,0.0,0.0,0.0,0.0,0.0,0.0,0.0,24,0.03776821403450251,22,41,-19,0,0,0,0,0,0,0,0,1
1dfo,B,399,ILE,4.5,166.7,0.0,0,0,X,0.0,0.0,0.0,0.0,0.0,0.0,0.0,0.0,29,0.05175644145468863,34,34,0,0,0,0,0,0,0,0,0,1
1dfo,B,400,GLU,-3.5,138.4,-1.0,1,3,X,0.0,0.0,0.0,0.0,0.0,0.0,0.0,0.0,17,0.03683566553982344,35,15,20,0,0,0,0,0,0,0,0,1
1dfo,B,401,ARG,-4.5,173.4,1.0,5,0,X,0.0,0.0,0.0,0.0,0.0,0.0,0.0,0.0,16,0.032639197313767604,15,27,-12,0,0,0,0,0,0,0,0,1
1dfo,B,402,ILE,4.5,166.7,0.0,0,0,X,0.0,0.0,0.0,0.0,0.0,0.0,0.0,0.0,32,0.04662742473395372,33,26,7,0,0,0,0,0,0,0,0,1
1dfo,B,403,LYS,-3.9,168.6,1.0,2,0,X,0.0,0.0,0.0,0.0,0.0,0.0,0.0,0.0,26,0.045228601991935104,29,23,6,0,0,0,0,0,0,0,0,1
1dfo,B,404,GLY,-0.4,60.1,0.0,0,0,X,0.0,0.0,0.0,0.0,0.0,0.0,0.0,0.0,22,0.03357174580844668,29,20,9,0,0,0,0,0,0,0,0,1
1dfo,B,405,LYS,-3.9,168.6,1.0,2,0,X,0.0,0.0,0.0,0.0,0.0,0.0,0.0,0.0,25,0.03683566553982344,19,23,-4,0,0,0,0,0,0,0,0,1
1dfo,B,406,VAL,4.2,140.0,0.0,0,0,X,0.0,0.0,0.0,0.0,0.0,0.0,0.0,0.0,34,0.04942507021799094,44,29,15,0,0,0,0,0,0,0,0,1
1dfo,B,407,LEU,3.8,166.7,0.0,0,0,X,0.0,0.0,0.0,0.0,0.0,0.0,0.0,0.0,26,0.04103213376587927,38,25,13,0,0,0,0,0,0,0,0,1
1dfo,B,408,ASP,-3.5,111.1,-1.0,1,3,X,0.0,0.0,0.0,0.0,0.0,0.0,0.0,0.0,19,0.032172923066428064,26,7,19,0,0,0,0,0,0,0,0,1
1dfo,B,409,ILE,4.5,166.7,0.0,0,0,X,0.0,0.0,0.0,0.0,0.0,0.0,0.0,0.0,28,0.04103213376587927,36,31,5,0,0,0,0,0,0,0,0,1
1dfo,B,410,CYS,2.5,108.5,0.0,1,0,X,0.0,0.0,0.0,0.0,0.0,0.0,0.0,0.0,31,0.048958795970651406,37,28,9,0,0,0,0,0,0,0,0,1
1dfo,B,411,ALA,1.8,88.6,0.0,0,0,X,0.0,0.0,0.0,0.0,0.0,0.0,0.0,0.0,18,0.03357174580844668,21,25,-4,0,0,0,0,0,0,0,0,1
1dfo,B,412,ARG,-4.5,173.4,1.0,5,0,X,0.0,0.0,0.0,0.0,0.0,0.0,0.0,0.0,18,0.028909003335051305,10,16,-6,0,0,0,0,0,0,0,0,1
1dfo,B,413,TYR,-1.3,193.6,0.0,1,1,X,0.0,0.0,0.0,0.0,0.0,0.0,0.0,0.0,25,0.03870076252918159,35,19,16,0,0,0,0,0,0,0,0,1
1dfo,B,414,PRO,-1.6,112.7,0.0,0,0,X,0.0,0.0,0.0,0.0,0.0,0.0,0.0,0.0,24,0.035436842797804825,31,13,18,0,0,0,0,0,0,0,0,1
1dfo,B,415,VAL,4.2,140.0,0.0,0,0,X,0.0,0.0,0.0,0.0,0.0,0.0,0.0,0.0,35,0.04289723075523742,48,16,32,0,0,0,0,0,0,0,0,1
1dfo,B,416,TYR,-1.3,193.6,0.0,1,1,X,0.0,0.0,0.0,0.0,0.0,0.0,0.0,0.0,27,0.035436842797804825,45,12,33,0,0,0,0,0,0,0,0,1
1dfo,B,417,ALA,1.8,88.6,0.0,0,0,X,0.0,0.0,0.0,0.0,0.0,0.0,0.0,0.0,13,0.023779986614316396,17,13,4,0,0,0,0,0,0,0,0,1
1dfo,C,1,MET,1.9,162.9,0.0,0,0,X,0.0,0.0,0.0,0.0,0.0,0.0,0.0,0.0,20,0.03403802005578621,38,8,30,0,0,0,0,0,0,0,0,1
1dfo,C,2,LEU,3.8,166.7,0.0,0,0,X,0.0,0.0,0.0,0.0,0.0,0.0,0.0,0.0,28,0.03963331102386066,46,13,33,0,0,0,0,0,0,0,0,1
1dfo,C,3,LYS,-3.9,168.6,1.0,2,0,X,0.0,0.0,0.0,0.0,0.0,0.0,0.0,0.0,13,0.03403802005578621,16,9,7,0,0,0,0,0,0,0,0,1
1dfo,C,4,ARG,-4.5,173.4,1.0,5,0,X,0.0,0.0,0.0,0.0,0.0,0.0,0.0,0.0,19,0.032639197313767604,14,13,1,0,0,0,0,0,0,0,0,1
1dfo,C,5,GLU,-3.5,138.4,-1.0,1,3,X,0.0,0.0,0.0,0.0,0.0,0.0,0.0,0.0,13,0.024246260861655933,25,4,21,0,0,0,0,0,0,0,0,1
1dfo,C,6,MET,1.9,162.9,0.0,0,0,X,0.0,0.0,0.0,0.0,0.0,0.0,0.0,0.0,24,0.03776821403450251,29,23,6,0,0,0,0,0,0,0,0,1
1dfo,C,7,ASN,-3.5,114.1,0.0,2,2,X,0.0,0.0,0.0,0.0,0.0,0.0,0.0,0.0,21,0.040565859518539735,20,25,-5,0,0,0,0,0,0,0,0,1
1dfo,C,8,ILE,4.5,166.7,0.0,0,0,X,0.0,0.0,0.0,0.0,0.0,0.0,0.0,0.0,33,0.04989134446533048,18,31,-13,0,0,0,0,0,0,0,0,1
1dfo,C,9,ALA,1.8,88.6,0.0,0,0,X,0.0,0.0,0.0,0.0,0.0,0.0,0.0,0.0,19,0.03403802005578621,10,29,-19,0,0,0,0,0,0,0,0,1
1dfo,C,10,ASP,-3.5,111.1,-1.0,1,3,X,0.0,0.0,0.0,0.0,0.0,0.0,0.0,0.0,14,0.025645083603674543,10,16,-6,0,0,0,0,0,0,0,0,1
1dfo,C,11,TYR,-1.3,193.6,0.0,1,1,X,0.0,0.0,0.0,0.0,0.0,0.0,0.0,0.0,26,0.032172923066428064,25,38,-13,0,0,0,0,0,0,0,0,1
1dfo,C,12,ASP,-3.5,111.1,-1.0,1,3,X,0.0,0.0,0.0,0.0,0.0,0.0,0.0,0.0,26,0.043363505002576956,25,24,1,0,0,0,0,0,0,0,0,1
1dfo,C,13,ALA,1.8,88.6,0.0,0,0,X,0.0,0.0,0.0,0.0,0.0,0.0,0.0,0.0,19,0.03357174580844668,8,27,-19,0,0,0,0,0,0,0,0,1
1dfo,C,14,GLU,-3.5,138.4,-1.0,1,3,X,0.0,0.0,0.0,0.0,0.0,0.0,0.0,0.0,21,0.030774100324409453,12,9,3,0,0,0,0,0,0,0,0,1
1dfo,C,15,LEU,3.8,166.7,0.0,0,0,X,0.0,0.0,0.0,0.0,0.0,0.0,0.0,0.0,40,0.04755997322863279,20,30,-10,0,0,0,0,0,0,0,0,1
1dfo,C,16,TRP,-0.9,227.8,0.0,1,0,X,0.0,0.0,0.0,0.0,0.0,0.0,0.0,0.0,25,0.040565859518539735,8,31,-23,0,0,0,0,0,0,0,0,1
1dfo,C,17,GLN,-3.5,143.8,0.0,2,2,X,0.0,0.0,0.0,0.0,0.0,0.0,0.0,0.0,18,0.034970568550465285,1,27,-26,0,0,0,0,0,0,0,0,1
1dfo,C,18,ALA,1.8,88.6,0.0,0,0,X,0.0,0.0,0.0,0.0,0.0,0.0,0.0,0.0,27,0.04662742473395372,9,40,-31,0,0,0,0,0,0,0,0,1
1dfo,C,19,MET,1.9,162.9,0.0,0,0,X,0.0,0.0,0.0,0.0,0.0,0.0,0.0,0.0,37,0.048958795970651406,16,30,-14,0,0,0,0,0,0,0,0,1
1dfo,C,20,GLU,-3.5,138.4,-1.0,1,3,X,0.0,0.0,0.0,0.0,0.0,0.0,0.0,0.0,22,0.03730193978716297,12,11,1,0,0,0,0,0,0,0,0,1
1dfo,C,21,GLN,-3.5,143.8,0.0,2,2,X,0.0,0.0,0.0,0.0,0.0,0.0,0.0,0.0,24,0.03870076252918159,18,33,-15,0,0,0,0,0,0,0,0,1
1dfo,C,22,GLU,-3.5,138.4,-1.0,1,3,X,0.0,0.0,0.0,0.0,0.0,0.0,0.0,0.0,35,0.04942507021799094,36,36,0,0,0,0,0,0,0,0,0,1
1dfo,C,23,LYS,-3.9,168.6,1.0,2,0,X,0.0,0.0,0.0,0.0,0.0,0.0,0.0,0.0,20,0.04289723075523742,9,31,-22,0,0,0,0,0,0,0,0,1
1dfo,C,24,VAL,4.2,140.0,0.0,0,0,X,0.0,0.0,0.0,0.0,0.0,0.0,0.0,0.0,20,0.03823448828184205,33,36,-3,0,0,0,0,0,0,0,0,1
1dfo,C,25,ARG,-4.5,173.4,1.0,5,0,X,0.0,0.0,0.0,0.0,0.0,0.0,0.0,0.0,34,0.04243095650789788,27,51,-24,0,0,0,0,0,0,0,0,1
1dfo,C,26,GLN,-3.5,143.8,0.0,2,2,X,0.0,0.0,0.0,0.0,0.0,0.0,0.0,0.0,36,0.04989134446533048,44,43,1,0,0,0,0,0,0,0,0,1
1dfo,C,27,GLU,-3.5,138.4,-1.0,1,3,X,0.0,0.0,0.0,0.0,0.0,0.0,0.0,0.0,27,0.045694876239274644,40,21,19,0,0,0,0,0,0,0,0,1
1dfo,C,28,GLU,-3.5,138.4,-1.0,1,3,X,0.0,0.0,0.0,0.0,0.0,0.0,0.0,0.0,32,0.04196468226055834,39,22,17,0,0,0,0,0,0,0,0,1
1dfo,C,29,HIS,-3.2,153.2,0.1,2,1,X,0.0,0.0,0.0,0.0,0.0,0.0,0.0,0.0,36,0.04989134446533048,35,37,-2,0,0,0,0,0,0,0,0,1
1dfo,C,30,ILE,4.5,166.7,0.0,0,0,X,0.0,0.0,0.0,0.0,0.0,0.0,0.0,0.0,42,0.053155264196707235,30,23,7,0,0,0,0,0,0,0,0,1
1dfo,C,31,GLU,-3.5,138.4,-1.0,1,3,X,0.0,0.0,0.0,0.0,0.0,0.0,0.0,0.0,41,0.048958795970651406,36,21,15,0,0,0,0,0,0,0,0,1
1dfo,C,32,LEU,3.8,166.7,0.0,0,0,X,0.0,0.0,0.0,0.0,0.0,0.0,0.0,0.0,39,0.05035761871267001,20,19,1,0,0,0,0,0,0,0,0,1
1dfo,C,33,ILE,4.5,166.7,0.0,0,0,X,0.0,0.0,0.0,0.0,0.0,0.0,0.0,0.0,40,0.05222271570202816,41,20,21,0,0,0,0,0,0,0,0,1
1dfo,C,34,ALA,1.8,88.6,0.0,0,0,X,0.0,0.0,0.0,0.0,0.0,0.0,0.0,0.0,39,0.053621538444046775,43,16,27,0,0,0,0,0,0,0,0,1
1dfo,C,35,SER,-0.8,89.0,0.0,1,1,X,0.0,0.0,0.0,0.0,0.0,0.0,0.0,0.0,43,0.048958795970651406,62,20,42,0,0,0,0,0,0,0,0,1
1dfo,C,36,GLU,-3.5,138.4,-1.0,1,3,X,0.0,0.0,0.0,0.0,0.0,0.0,0.0,0.0,41,0.0526889899493677,47,10,37,0,0,0,0,0,0,0,0,1
1dfo,C,37,ASN,-3.5,114.1,0.0,2,2,X,0.0,0.0,0.0,0.0,0.0,0.0,0.0,0.0,40,0.050823892960009553,39,17,22,0,0,0,0,0,0,0,0,1
1dfo,C,38,TYR,-1.3,193.6,0.0,1,1,X,0.0,0.0,0.0,0.0,0.0,0.0,0.0,0.0,39,0.048026247475972325,38,28,10,0,0,0,0,0,0,0,0,1
1dfo,C,39,THR,-0.7,116.1,0.0,1,1,X,0.0,0.0,0.0,0.0,0.0,0.0,0.0,0.0,40,0.048492521723311866,34,8,26,0,0,0,0,0,0,0,0,1
1dfo,C,40,SER,-0.8,89.0,0.0,1,1,X,0.0,0.0,0.0,0.0,0.0,0.0,0.0,0.0,36,0.04709369898129325,28,13,15,0,0,0,0,0,0,0,0,1
1dfo,C,41,PRO,-1.6,112.7,0.0,0,0,X,0.0,0.0,0.0,0.0,0.0,0.0,0.0,0.0,29,0.04662742473395372,25,11,14,0,0,0,0,0,0,0,0,1
1dfo,C,42,ARG,-4.5,173.4,1.0,5,0,X,0.0,0.0,0.0,0.0,0.0,0.0,0.0,0.0,37,0.04709369898129325,21,33,-12,0,0,0,0,0,0,0,0,1
1dfo,C,43,VAL,4.2,140.0,0.0,0,0,X,0.0,0.0,0.0,0.0,0.0,0.0,0.0,0.0,42,0.0526889899493677,34,8,26,0,0,0,0,0,0,0,0,1
1dfo,C,44,MET,1.9,162.9,0.0,0,0,X,0.0,0.0,0.0,0.0,0.0,0.0,0.0,0.0,31,0.04476232774459557,22,3,19,0,0,0,0,0,0,0,0,1
1dfo,C,45,GLN,-3.5,143.8,0.0,2,2,X,0.0,0.0,0.0,0.0,0.0,0.0,0.0,0.0,25,0.03963331102386066,15,4,11,0,0,0,0,0,0,0,0,1
1dfo,C,46,ALA,1.8,88.6,0.0,0,0,X,0.0,0.0,0.0,0.0,0.0,0.0,0.0,0.0,32,0.048026247475972325,24,0,24,0,0,0,0,0,0,0,0,1
1dfo,C,47,GLN,-3.5,143.8,0.0,2,2,X,0.0,0.0,0.0,0.0,0.0,0.0,0.0,0.0,29,0.053621538444046775,39,0,39,0,0,0,0,0,0,0,0,1
1dfo,C,48,GLY,-0.4,60.1,0.0,0,0,X,0.0,0.0,0.0,0.0,0.0,0.0,0.0,0.0,23,0.04289723075523742,22,0,22,0,0,0,0,0,0,0,0,1
1dfo,C,49,SER,-0.8,89.0,0.0,1,1,X,0.0,0.0,0.0,0.0,0.0,0.0,0.0,0.0,33,0.03916703677652112,23,10,13,0,0,0,0,0,0,0,0,1
1dfo,C,50,GLN,-3.5,143.8,0.0,2,2,X,0.0,0.0,0.0,0.0,0.0,0.0,0.0,0.0,32,0.04429605349725603,34,21,13,0,0,0,0,0,0,0,0,1
1dfo,C,51,LEU,3.8,166.7,0.0,0,0,X,0.0,0.0,0.0,0.0,0.0,0.0,0.0,0.0,39,0.05035761871267001,36,16,20,0,0,0,0,0,0,0,0,1
1dfo,C,52,THR,-0.7,116.1,0.0,1,1,X,0.0,0.0,0.0,0.0,0.0,0.0,0.0,0.0,37,0.04942507021799094,38,10,28,0,0,0,0,0,0,0,0,1
1dfo,C,53,ASN,-3.5,114.1,0.0,2,2,X,0.0,0.0,0.0,0.0,0.0,0.0,0.0,0.0,39,0.05129016720734909,48,22,26,0,0,0,0,0,0,0,0,1
1dfo,C,54,LYS,-3.9,168.6,1.0,2,0,X,0.0,0.0,0.0,0.0,0.0,0.0,0.0,0.0,36,0.048958795970651406,34,36,-2,0,0,0,0,0,0,0,0,1
1dfo,C,55,TYR,-1.3,193.6,0.0,1,1,X,0.0,0.0,0.0,0.0,0.0,0.0,0.0,0.0,36,0.04709369898129325,52,20,32,0,0,0,0,0,0,0,0,1
1dfo,C,56,ALA,1.8,88.6,0.0,0,0,X,0.0,0.0,0.0,0.0,0.0,0.0,0.0,0.0,38,0.05735173242276307,32,29,3,0,0,0,0,0,0,0,0,1
1dfo,C,57,GLU,-3.5,138.4,-1.0,1,3,X,0.0,0.0,0.0,0.0,0.0,0.0,0.0,0.0,39,0.04989134446533048,34,7,27,0,0,0,0,0,0,0,0,1
1dfo,C,58,GLY,-0.4,60.1,0.0,0,0,X,0.0,0.0,0.0,0.0,0.0,0.0,0.0,0.0,32,0.045694876239274644,18,20,-2,0,0,0,0,0,0,0,0,1
1dfo,C,59,TYR,-1.3,193.6,0.0,1,1,X,0.0,0.0,0.0,0.0,0.0,0.0,0.0,0.0,33,0.03823448828184205,19,20,-1,0,0,0,0,0,0,0,0,1
1dfo,C,60,PRO,-1.6,112.7,0.0,0,0,X,0.0,0.0,0.0,0.0,0.0,0.0,0.0,0.0,28,0.03683566553982344,16,26,-10,0,0,0,0,0,0,0,0,1
1dfo,C,61,GLY,-0.4,60.1,0.0,0,0,X,0.0,0.0,0.0,0.0,0.0,0.0,0.0,0.0,19,0.021914889624958248,20,22,-2,0,0,0,0,0,0,0,0,1
1dfo,C,62,LYS,-3.9,168.6,1.0,2,0,X,0.0,0.0,0.0,0.0,0.0,0.0,0.0,0.0,19,0.02797645484037223,17,13,4,0,0,0,0,0,0,0,0,1
1dfo,C,63,ARG,-4.5,173.4,1.0,5,0,X,0.0,0.0,0.0,0.0,0.0,0.0,0.0,0.0,28,0.04289723075523742,15,32,-17,0,0,0,0,0,0,0,0,1
1dfo,C,64,TYR,-1.3,193.6,0.0,1,1,X,0.0,0.0,0.0,0.0,0.0,0.0,0.0,0.0,31,0.04662742473395372,30,12,18,0,0,0,0,0,0,0,0,1
1dfo,C,65,TYR,-1.3,193.6,0.0,1,1,X,0.0,0.0,0.0,0.0,0.0,0.0,0.0,0.0,36,0.04709369898129325,43,24,19,0,0,0,0,0,0,0,0,1
1dfo,C,66,GLY,-0.4,60.1,0.0,0,0,X,0.0,0.0,0.0,0.0,0.0,0.0,0.0,0.0,36,0.04196468226055834,42,39,3,0,0,0,0,0,0,0,0,1
1dfo,C,67,GLY,-0.4,60.1,0.0,0,0,X,0.0,0.0,0.0,0.0,0.0,0.0,0.0,0.0,32,0.04103213376587927,41,41,0,0,0,0,0,0,0,0,0,1
1dfo,C,68,CYS,2.5,108.5,0.0,1,0,X,0.0,0.0,0.0,0.0,0.0,0.0,0.0,0.0,34,0.04149840801321881,35,41,-6,0,0,0,0,0,0,0,0,1
1dfo,C,69,GLU,-3.5,138.4,-1.0,1,3,X,0.0,0.0,0.0,0.0,0.0,0.0,0.0,0.0,23,0.030774100324409453,29,18,11,0,0,0,0,0,0,0,0,1
1dfo,C,70,TYR,-1.3,193.6,0.0,1,1,X,0.0,0.0,0.0,0.0,0.0,0.0,0.0,0.0,26,0.04662742473395372,25,33,-8,0,0,0,0,0,0,0,0,1
1dfo,C,71,VAL,4.2,140.0,0.0,0,0,X,0.0,0.0,0.0,0.0,0.0,0.0,0.0,0.0,41,0.04709369898129325,28,38,-10,0,0,0,0,0,0,0,0,1
1dfo,C,72,ASP,-3.5,111.1,-1.0,1,3,X,0.0,0.0,0.0,0.0,0.0,0.0,0.0,0.0,32,0.04243095650789788,19,24,-5,0,0,0,0,0,0,0,0,1
1dfo,C,73,ILE,4.5,166.7,0.0,0,0,X,0.0,0.0,0.0,0.0,0.0,0.0,0.0,0.0,31,0.03776821403450251,4,39,-35,0,0,0,0,0,0,0,0,1
1dfo,C,74,VAL,4.2,140.0,0.0,0,0,X,0.0,0.0,0.0,0.0,0.0,0.0,0.0,0.0,40,0.05035761871267001,21,39,-18,0,0,0,0,0,0,0,0,1
1dfo,C,75,GLU,-3.5,138.4,-1.0,1,3,X,0.0,0.0,0.0,0.0,0.0,0.0,0.0,0.0,39,0.05129016720734909,16,17,-1,0,0,0,0,0,0,0,0,1
1dfo,C,76,GLN,-3.5,143.8,0.0,2,2,X,0.0,0.0,0.0,0.0,0.0,0.0,0.0,0.0,25,0.03870076252918159,19,28,-9,0,0,0,0,0,0,0,0,1
1dfo,C,77,LEU,3.8,166.7,0.0,0,0,X,0.0,0.0,0.0,0.0,0.0,0.0,0.0,0.0,34,0.04429605349725603,24,37,-13,0,0,0,0,0,0,0,0,1
1dfo,C,78,ALA,1.8,88.6,0.0,0,0,X,0.0,0.0,0.0,0.0,0.0,0.0,0.0,0.0,38,0.0526889899493677,31,23,8,0,0,0,0,0,0,0,0,1
1dfo,C,79,ILE,4.5,166.7,0.0,0,0,X,0.0,0.0,0.0,0.0,0.0,0.0,0.0,0.0,32,0.04476232774459557,23,26,-3,0,0,0,0,0,0,0,0,1
1dfo,C,80,ASP,-3.5,111.1,-1.0,1,3,X,0.0,0.0,0.0,0.0,0.0,0.0,0.0,0.0,26,0.03590311704514436,20,23,-3,0,0,0,0,0,0,0,0,1
1dfo,C,81,ARG,-4.5,173.4,1.0,5,0,X,0.0,0.0,0.0,0.0,0.0,0.0,0.0,0.0,32,0.04429605349725603,22,38,-16,0,0,0,0,0,0,0,0,1
1dfo,C,82,ALA,1.8,88.6,0.0,0,0,X,0.0,0.0,0.0,0.0,0.0,0.0,0.0,0.0,35,0.04989134446533048,26,23,3,0,0,0,0,0,0,0,0,1
1dfo,C,83,LYS,-3.9,168.6,1.0,2,0,X,0.0,0.0,0.0,0.0,0.0,0.0,0.0,0.0,27,0.043829779249916496,14,26,-12,0,0,0,0,0,0,0,0,1
1dfo,C,84,GLU,-3.5,138.4,-1.0,1,3,X,0.0,0.0,0.0,0.0,0.0,0.0,0.0,0.0,18,0.029375277582390842,23,10,13,0,0,0,0,0,0,0,0,1
1dfo,C,85,LEU,3.8,166.7,0.0,0,0,X,0.0,0.0,0.0,0.0,0.0,0.0,0.0,0.0,35,0.035436842797804825,20,19,1,0,0,0,0,0,0,0,0,1
1dfo,C,86,PHE,2.8,189.9,0.0,0,0,X,0.0,0.0,0.0,0.0,0.0,0.0,0.0,0.0,42,0.0363693912924839,15,10,5,0,0,0,0,0,0,0,0,1
1dfo,C,87,GLY,-0.4,60.1,0.0,0,0,X,0.0,0.0,0.0,0.0,0.0,0.0,0.0,0.0,26,0.03124037457174899,22,19,3,0,0,0,0,0,0,0,0,1
1dfo,C,88,ALA,1.8,88.6,0.0,0,0,X,0.0,0.0,0.0,0.0,0.0,0.0,0.0,0.0,28,0.043829779249916496,23,21,2,0,0,0,0,0,0,0,0,1
1dfo,C,89,ASP,-3.5,111.1,-1.0,1,3,X,0.0,0.0,0.0,0.0,0.0,0.0,0.0,0.0,24,0.03170664881908853,19,6,13,0,0,0,0,0,0,0,0,1
1dfo,C,90,TYR,-1.3,193.6,0.0,1,1,X,0.0,0.0,0.0,0.0,0.0,0.0,0.0,0.0,34,0.03870076252918159,26,15,11,0,0,0,0,0,0,0,0,1
1dfo,C,91,ALA,1.8,88.6,0.0,0,0,X,0.0,0.0,0.0,0.0,0.0,0.0,0.0,0.0,37,0.04662742473395372,15,21,-6,0,0,0,0,0,0,0,0,1
1dfo,C,92,ASN,-3.5,114.1,0.0,2,2,X,0.0,0.0,0.0,0.0,0.0,0.0,0.0,0.0,42,0.048026247475972325,11,9,2,0,0,0,0,0,0,0,0,1
1dfo,C,93,VAL,4.2,140.0,0.0,0,0,X,0.0,0.0,0.0,0.0,0.0,0.0,0.0,0.0,44,0.04709369898129325,21,12,9,0,0,0,0,0,0,0,0,1
1dfo,C,94,GLN,-3.5,143.8,0.0,2,2,X,0.0,0.0,0.0,0.0,0.0,0.0,0.0,0.0,41,0.048492521723311866,20,15,5,0,0,0,0,0,0,0,0,1
1dfo,C,95,PRO,-1.6,112.7,0.0,0,0,X,0.0,0.0,0.0,0.0,0.0,0.0,0.0,0.0,42,0.04942507021799094,22,2,20,0,0,0,0,0,0,0,0,1
1dfo,C,96,HIS,-3.2,153.2,0.1,2,1,X,0.0,0.0,0.0,0.0,0.0,0.0,0.0,0.0,26,0.04755997322863279,18,0,18,0,0,0,0,0,0,0,0,1
1dfo,C,97,SER,-0.8,89.0,0.0,1,1,X,0.0,0.0,0.0,0.0,0.0,0.0,0.0,0.0,40,0.04755997322863279,46,3,43,0,0,0,0,0,0,0,0,1
1dfo,C,98,GLY,-0.4,60.1,0.0,0,0,X,0.0,0.0,0.0,0.0,0.0,0.0,0.0,0.0,43,0.05035761871267001,40,8,32,0,0,0,0,0,0,0,0,1
1dfo,C,99,SER,-0.8,89.0,0.0,1,1,X,0.0,0.0,0.0,0.0,0.0,0.0,0.0,0.0,39,0.04243095650789788,32,6,26,0,0,0,0,0,0,0,0,1
1dfo,C,100,GLN,-3.5,143.8,0.0,2,2,X,0.0,0.0,0.0,0.0,0.0,0.0,0.0,0.0,32,0.050823892960009553,22,0,22,0,0,0,0,0,0,0,0,1
1dfo,C,101,ALA,1.8,88.6,0.0,0,0,X,0.0,0.0,0.0,0.0,0.0,0.0,0.0,0.0,41,0.05222271570202816,12,6,6,0,0,0,0,0,0,0,0,1
1dfo,C,102,ASN,-3.5,114.1,0.0,2,2,X,0.0,0.0,0.0,0.0,0.0,0.0,0.0,0.0,42,0.04709369898129325,18,8,10,0,0,0,0,0,0,0,0,1
1dfo,C,103,PHE,2.8,189.9,0.0,0,0,X,0.0,0.0,0.0,0.0,0.0,0.0,0.0,0.0,31,0.048026247475972325,0,0,0,0,0,0,0,0,0,0,0,1
1dfo,C,104,ALA,1.8,88.6,0.0,0,0,X,0.0,0.0,0.0,0.0,0.0,0.0,0.0,0.0,40,0.04942507021799094,7,0,7,0,0,0,0,0,0,0,0,1
1dfo,C,105,VAL,4.2,140.0,0.0,0,0,X,0.0,0.0,0.0,0.0,0.0,0.0,0.0,0.0,39,0.048958795970651406,8,5,3,0,0,0,0,0,0,0,0,1
1dfo,C,106,TYR,-1.3,193.6,0.0,1,1,X,0.0,0.0,0.0,0.0,0.0,0.0,0.0,0.0,43,0.045228601991935104,11,12,-1,0,0,0,0,0,0,0,0,1
1dfo,C,107,THR,-0.7,116.1,0.0,1,1,X,0.0,0.0,0.0,0.0,0.0,0.0,0.0,0.0,32,0.040565859518539735,15,10,5,0,0,0,0,0,0,0,0,1
1dfo,C,108,ALA,1.8,88.6,0.0,0,0,X,0.0,0.0,0.0,0.0,0.0,0.0,0.0,0.0,31,0.03963331102386066,17,12,5,0,0,0,0,0,0,0,0,1
1dfo,C,109,LEU,3.8,166.7,0.0,0,0,X,0.0,0.0,0.0,0.0,0.0,0.0,0.0,0.0,29,0.03730193978716297,22,14,8,0,0,0,0,0,0,0,0,1
1dfo,C,110,LEU,3.8,166.7,0.0,0,0,X,0.0,0.0,0.0,0.0,0.0,0.0,0.0,0.0,28,0.04149840801321881,8,17,-9,0,0,0,0,0,0,0,0,1
1dfo,C,111,GLU,-3.5,138.4,-1.0,1,3,X,0.0,0.0,0.0,0.0,0.0,0.0,0.0,0.0,17,0.029375277582390842,9,8,1,0,0,0,0,0,0,0,0,1
1dfo,C,112,PRO,-1.6,112.7,0.0,0,0,X,0.0,0.0,0.0,0.0,0.0,0.0,0.0,0.0,16,0.03124037457174899,9,17,-8,0,0,0,0,0,0,0,0,1
1dfo,C,113,GLY,-0.4,60.1,0.0,0,0,X,0.0,0.0,0.0,0.0,0.0,0.0,0.0,0.0,17,0.029375277582390842,9,17,-8,0,0,0,0,0,0,0,0,1
1dfo,C,114,ASP,-3.5,111.1,-1.0,1,3,X,0.0,0.0,0.0,0.0,0.0,0.0,0.0,0.0,21,0.035436842797804825,8,9,-1,0,0,0,0,0,0,0,0,1
1dfo,C,115,THR,-0.7,116.1,0.0,1,1,X,0.0,0.0,0.0,0.0,0.0,0.0,0.0,0.0,28,0.04243095650789788,25,15,10,0,0,0,0,0,0,0,0,1
1dfo,C,116,VAL,4.2,140.0,0.0,0,0,X,0.0,0.0,0.0,0.0,0.0,0.0,0.0,0.0,36,0.05222271570202816,25,10,15,0,0,0,0,0,0,0,0,1
1dfo,C,117,LEU,3.8,166.7,0.0,0,0,X,0.0,0.0,0.0,0.0,0.0,0.0,0.0,0.0,41,0.05175644145468863,29,10,19,0,0,0,0,0,0,0,0,1
1dfo,C,118,GLY,-0.4,60.1,0.0,0,0,X,0.0,0.0,0.0,0.0,0.0,0.0,0.0,0.0,37,0.05175644145468863,17,1,16,0,0,0,0,0,0,0,0,1
1dfo,C,119,MET,1.9,162.9,0.0,0,0,X,0.0,0.0,0.0,0.0,0.0,0.0,0.0,0.0,38,0.0526889899493677,27,2,25,0,0,0,0,0,0,0,0,1
1dfo,C,120,ASN,-3.5,114.1,0.0,2,2,X,0.0,0.0,0.0,0.0,0.0,0.0,0.0,0.0,32,0.043829779249916496,24,8,16,0,0,0,0,0,0,0,0,1
1dfo,C,121,LEU,3.8,166.7,0.0,0,0,X,0.0,0.0,0.0,0.0,0.0,0.0,0.0,0.0,37,0.04103213376587927,32,4,28,0,0,0,0,0,0,0,0,1
1dfo,C,122,ALA,1.8,88.6,0.0,0,0,X,0.0,0.0,0.0,0.0,0.0,0.0,0.0,0.0,31,0.03730193978716297,17,9,8,0,0,0,0,0,0,0,0,1
1dfo,C,123,HIS,-3.2,153.2,0.1,2,1,X,0.0,0.0,0.0,0.0,0.0,0.0,0.0,0.0,30,0.04429605349725603,5,15,-10,0,0,0,0,0,0,0,0,1
1dfo,C,124,GLY,-0.4,60.1,0.0,0,0,X,0.0,0.0,0.0,0.0,0.0,0.0,0.0,0.0,34,0.04942507021799094,41,0,41,0,0,0,0,0,0,0,0,1
1dfo,C,125,GLY,-0.4,60.1,0.0,0,0,X,0.0,0.0,0.0,0.0,0.0,0.0,0.0,0.0,34,0.04709369898129325,36,5,31,0,0,0,0,0,0,0,0,1
1dfo,C,126,HIS,-3.2,153.2,0.1,2,1,X,0.0,0.0,0.0,0.0,0.0,0.0,0.0,0.0,42,0.04429605349725603,23,12,11,0,0,0,0,0,0,0,0,1
1dfo,C,127,LEU,3.8,166.7,0.0,0,0,X,0.0,0.0,0.0,0.0,0.0,0.0,0.0,0.0,36,0.04429605349725603,21,6,15,0,0,0,0,0,0,0,0,1
1dfo,C,128,THR,-0.7,116.1,0.0,1,1,X,0.0,0.0,0.0,0.0,0.0,0.0,0.0,0.0,45,0.04989134446533048,21,9,12,0,0,0,0,0,0,0,0,1
1dfo,C,129,HIS,-3.2,153.2,0.1,2,1,X,0.0,0.0,0.0,0.0,0.0,0.0,0.0,0.0,42,0.0526889899493677,10,8,2,0,0,0,0,0,0,0,0,1
1dfo,C,130,GLY,-0.4,60.1,0.0,0,0,X,0.0,0.0,0.0,0.0,0.0,0.0,0.0,0.0,34,0.05502036118606539,28,0,28,0,0,0,0,0,0,0,0,1
1dfo,C,131,SER,-0.8,89.0,0.0,1,1,X,0.0,0.0,0.0,0.0,0.0,0.0,0.0,0.0,28,0.040099585271200194,27,0,27,0,0,0,0,0,0,0,0,1
1dfo,C,132,PRO,-1.6,112.7,0.0,0,0,X,0.0,0.0,0.0,0.0,0.0,0.0,0.0,0.0,27,0.02984155182973038,21,1,20,0,0,0,0,0,0,0,0,1
1dfo,C,133,VAL,4.2,140.0,0.0,0,0,X,0.0,0.0,0.0,0.0,0.0,0.0,0.0,0.0,30,0.03357174580844668,14,7,7,0,0,0,0,0,0,0,0,1
1dfo,C,134,ASN,-3.5,114.1,0.0,2,2,X,0.0,0.0,0.0,0.0,0.0,0.0,0.0,0.0,30,0.045228601991935104,25,0,25,0,0,0,0,0,0,0,0,1
1dfo,C,135,PHE,2.8,189.9,0.0,0,0,X,0.0,0.0,0.0,0.0,0.0,0.0,0.0,0.0,34,0.04616115048661418,18,0,18,0,0,0,0,0,0,0,0,1
1dfo,C,136,SER,-0.8,89.0,0.0,1,1,X,0.0,0.0,0.0,0.0,0.0,0.0,0.0,0.0,34,0.050823892960009553,24,1,23,0,0,0,0,0,0,0,0,1
1dfo,C,137,GLY,-0.4,60.1,0.0,0,0,X,0.0,0.0,0.0,0.0,0.0,0.0,0.0,0.0,29,0.04476232774459557,19,2,17,0,0,0,0,0,0,0,0,1
1dfo,C,138,LYS,-3.9,168.6,1.0,2,0,X,0.0,0.0,0.0,0.0,0.0,0.0,0.0,0.0,28,0.03403802005578621,5,8,-3,0,0,0,0,0,0,0,0,1
1dfo,C,139,LEU,3.8,166.7,0.0,0,0,X,0.0,0.0,0.0,0.0,0.0,0.0,0.0,0.0,21,0.034970568550465285,9,17,-8,0,0,0,0,0,0,0,0,1
1dfo,C,140,TYR,-1.3,193.6,0.0,1,1,X,0.0,0.0,0.0,0.0,0.0,0.0,0.0,0.0,31,0.04476232774459557,11,16,-5,0,0,0,0,0,0,0,0,1
1dfo,C,141,ASN,-3.5,114.1,0.0,2,2,X,0.0,0.0,0.0,0.0,0.0,0.0,0.0,0.0,26,0.035436842797804825,35,10,25,0,0,0,0,0,0,0,0,1
1dfo,C,142,ILE,4.5,166.7,0.0,0,0,X,0.0,0.0,0.0,0.0,0.0,0.0,0.0,0.0,38,0.04196468226055834,22,6,16,0,0,0,0,0,0,0,0,1
1dfo,C,143,VAL,4.2,140.0,0.0,0,0,X,0.0,0.0,0.0,0.0,0.0,0.0,0.0,0.0,34,0.045228601991935104,31,10,21,0,0,0,0,0,0,0,0,1
1dfo,C,144,PRO,-1.6,112.7,0.0,0,0,X,0.0,0.0,0.0,0.0,0.0,0.0,0.0,0.0,36,0.04289723075523742,23,12,11,0,0,0,0,0,0,0,0,1
1dfo,C,145,TYR,-1.3,193.6,0.0,1,1,X,0.0,0.0,0.0,0.0,0.0,0.0,0.0,0.0,39,0.04289723075523742,20,16,4,0,0,0,0,0,0,0,0,1
1dfo,C,146,GLY,-0.4,60.1,0.0,0,0,X,0.0,0.0,0.0,0.0,0.0,0.0,0.0,0.0,32,0.03963331102386066,15,26,-11,0,0,0,0,0,0,0,0,1
1dfo,C,147,ILE,4.5,166.7,0.0,0,0,X,0.0,0.0,0.0,0.0,0.0,0.0,0.0,0.0,29,0.040565859518539735,20,19,1,0,0,0,0,0,0,0,0,1
1dfo,C,148,ASP,-3.5,111.1,-1.0,1,3,X,0.0,0.0,0.0,0.0,0.0,0.0,0.0,0.0,20,0.027510180593032695,17,14,3,0,0,0,0,0,0,0,0,1
1dfo,C,149,ALA,1.8,88.6,0.0,0,0,X,0.0,0.0,0.0,0.0,0.0,0.0,0.0,0.0,15,0.017718421398902413,17,12,5,0,0,0,0,0,0,0,0,1
1dfo,C,150,THR,-0.7,116.1,0.0,1,1,X,0.0,0.0,0.0,0.0,0.0,0.0,0.0,0.0,16,0.02331371236697686,12,13,-1,0,0,0,0,0,0,0,0,1
1dfo,C,151,GLY,-0.4,60.1,0.0,0,0,X,0.0,0.0,0.0,0.0,0.0,0.0,0.0,0.0,27,0.035436842797804825,21,12,9,0,0,0,0,0,0,0,0,1
1dfo,C,152,HIS,-3.2,153.2,0.1,2,1,X,0.0,0.0,0.0,0.0,0.0,0.0,0.0,0.0,24,0.03776821403450251,2,19,-17,0,0,0,0,0,0,0,0,1
1dfo,C,153,ILE,4.5,166.7,0.0,0,0,X,0.0,0.0,0.0,0.0,0.0,0.0,0.0,0.0,33,0.043363505002576956,19,31,-12,0,0,0,0,0,0,0,0,1
1dfo,C,154,ASP,-3.5,111.1,-1.0,1,3,X,0.0,0.0,0.0,0.0,0.0,0.0,0.0,0.0,19,0.03450429430312575,15,23,-8,0,0,0,0,0,0,0,0,1
1dfo,C,155,TYR,-1.3,193.6,0.0,1,1,X,0.0,0.0,0.0,0.0,0.0,0.0,0.0,0.0,25,0.03590311704514436,18,41,-23,0,0,0,0,0,0,0,0,1
1dfo,C,156,ALA,1.8,88.6,0.0,0,0,X,0.0,0.0,0.0,0.0,0.0,0.0,0.0,0.0,16,0.027510180593032695,14,28,-14,0,0,0,0,0,0,0,0,1
1dfo,C,157,ASP,-3.5,111.1,-1.0,1,3,X,0.0,0.0,0.0,0.0,0.0,0.0,0.0,0.0,22,0.028909003335051305,15,28,-13,0,0,0,0,0,0,0,0,1
1dfo,C,158,LEU,3.8,166.7,0.0,0,0,X,0.0,0.0,0.0,0.0,0.0,0.0,0.0,0.0,36,0.043829779249916496,21,28,-7,0,0,0,0,0,0,0,0,1
1dfo,C,159,GLU,-3.5,138.4,-1.0,1,3,X,0.0,0.0,0.0,0.0,0.0,0.0,0.0,0.0,23,0.03730193978716297,20,29,-9,0,0,0,0,0,0,0,0,1
1dfo,C,160,LYS,-3.9,168.6,1.0,2,0,X,0.0,0.0,0.0,0.0,0.0,0.0,0.0,0.0,21,0.032172923066428064,21,32,-11,0,0,0,0,0,0,0,0,1
1dfo,C,161,GLN,-3.5,143.8,0.0,2,2,X,0.0,0.0,0.0,0.0,0.0,0.0,0.0,0.0,27,0.040099585271200194,32,31,1,0,0,0,0,0,0,0,0,1
1dfo,C,162,ALA,1.8,88.6,0.0,0,0,X,0.0,0.0,0.0,0.0,0.0,0.0,0.0,0.0,31,0.045228601991935104,28,30,-2,0,0,0,0,0,0,0,0,1
1dfo,C,163,LYS,-3.9,168.6,1.0,2,0,X,0.0,0.0,0.0,0.0,0.0,0.0,0.0,0.0,20,0.032172923066428064,20,21,-1,0,0,0,0,0,0,0,0,1
1dfo,C,164,GLU,-3.5,138.4,-1.0,1,3,X,0.0,0.0,0.0,0.0,0.0,0.0,0.0,0.0,15,0.027510180593032695,42,12,30,0,0,0,0,0,0,0,0,1
1dfo,C,165,HIS,-3.2,153.2,0.1,2,1,X,0.0,0.0,0.0,0.0,0.0,0.0,0.0,0.0,22,0.03310547156110714,35,19,16,0,0,0,0,0,0,0,0,1
1dfo,C,166,LYS,-3.9,168.6,1.0,2,0,X,0.0,0.0,0.0,0.0,0.0,0.0,0.0,0.0,25,0.030774100324409453,23,13,10,0,0,0,0,0,0,0,0,1
1dfo,C,167,PRO,-1.6,112.7,0.0,0,0,X,0.0,0.0,0.0,0.0,0.0,0.0,0.0,0.0,32,0.043363505002576956,27,16,11,0,0,0,0,0,0,0,0,1
1dfo,C,168,LYS,-3.9,168.6,1.0,2,0,X,0.0,0.0,0.0,0.0,0.0,0.0,0.0,0.0,27,0.03963331102386066,11,13,-2,0,0,0,0,0,0,0,0,1
1dfo,C,169,MET,1.9,162.9,0.0,0,0,X,0.0,0.0,0.0,0.0,0.0,0.0,0.0,0.0,37,0.048958795970651406,19,10,9,0,0,0,0,0,0,0,0,1
1dfo,C,170,ILE,4.5,166.7,0.0,0,0,X,0.0,0.0,0.0,0.0,0.0,0.0,0.0,0.0,44,0.050823892960009553,28,9,19,0,0,0,0,0,0,0,0,1
1dfo,C,171,ILE,4.5,166.7,0.0,0,0,X,0.0,0.0,0.0,0.0,0.0,0.0,0.0,0.0,43,0.04989134446533048,17,8,9,0,0,0,0,0,0,0,0,1
1dfo,C,172,GLY,-0.4,60.1,0.0,0,0,X,0.0,0.0,0.0,0.0,0.0,0.0,0.0,0.0,43,0.048492521723311866,16,12,4,0,0,0,0,0,0,0,0,1
1dfo,C,173,GLY,-0.4,60.1,0.0,0,0,X,0.0,0.0,0.0,0.0,0.0,0.0,0.0,0.0,44,0.04662742473395372,27,9,18,0,0,0,0,0,0,0,0,1
1dfo,C,174,PHE,2.8,189.9,0.0,0,0,X,0.0,0.0,0.0,0.0,0.0,0.0,0.0,0.0,37,0.04709369898129325,39,8,31,0,0,0,0,0,0,0,0,1
1dfo,C,175,SER,-0.8,89.0,0.0,1,1,X,0.0,0.0,0.0,0.0,0.0,0.0,0.0,0.0,39,0.04289723075523742,50,9,41,0,0,0,0,0,0,0,0,1
1dfo,C,176,ALA,1.8,88.6,0.0,0,0,X,0.0,0.0,0.0,0.0,0.0,0.0,0.0,0.0,41,0.045228601991935104,42,0,42,0,0,0,0,0,0,0,0,1
1dfo,C,177,TYR,-1.3,193.6,0.0,1,1,X,0.0,0.0,0.0,0.0,0.0,0.0,0.0,0.0,43,0.04616115048661418,22,11,11,0,0,0,0,0,0,0,0,1
1dfo,C,178,SER,-0.8,89.0,0.0,1,1,X,0.0,0.0,0.0,0.0,0.0,0.0,0.0,0.0,37,0.05129016720734909,30,8,22,0,0,0,0,0,0,0,0,1
1dfo,C,179,GLY,-0.4,60.1,0.0,0,0,X,0.0,0.0,0.0,0.0,0.0,0.0,0.0,0.0,32,0.04196468226055834,20,10,10,0,0,0,0,0,0,0,0,1
1dfo,C,180,VAL,4.2,140.0,0.0,0,0,X,0.0,0.0,0.0,0.0,0.0,0.0,0.0,0.0,24,0.040565859518539735,9,16,-7,0,0,0,0,0,0,0,0,1
1dfo,C,181,VAL,4.2,140.0,0.0,0,0,X,0.0,0.0,0.0,0.0,0.0,0.0,0.0,0.0,34,0.04103213376587927,15,15,0,0,0,0,0,0,0,0,0,1
1dfo,C,182,ASP,-3.5,111.1,-1.0,1,3,X,0.0,0.0,0.0,0.0,0.0,0.0,0.0,0.0,23,0.03403802005578621,22,9,13,0,0,0,0,0,0,0,0,1
1dfo,C,183,TRP,-0.9,227.8,0.0,1,0,X,0.0,0.0,0.0,0.0,0.0,0.0,0.0,0.0,37,0.04616115048661418,23,13,10,0,0,0,0,0,0,0,0,1
1dfo,C,184,ALA,1.8,88.6,0.0,0,0,X,0.0,0.0,0.0,0.0,0.0,0.0,0.0,0.0,20,0.034970568550465285,30,22,8,0,0,0,0,0,0,0,0,1
1dfo,C,185,LYS,-3.9,168.6,1.0,2,0,X,0.0,0.0,0.0,0.0,0.0,0.0,0.0,0.0,20,0.03590311704514436,12,32,-20,0,0,0,0,0,0,0,0,1
1dfo,C,186,MET,1.9,162.9,0.0,0,0,X,0.0,0.0,0.0,0.0,0.0,0.0,0.0,0.0,35,0.04662742473395372,32,30,2,0,0,0,0,0,0,0,0,1
1dfo,C,187,ARG,-4.5,173.4,1.0,5,0,X,0.0,0.0,0.0,0.0,0.0,0.0,0.0,0.0,26,0.04755997322863279,28,20,8,0,0,0,0,0,0,0,0,1
1dfo,C,188,GLU,-3.5,138.4,-1.0,1,3,X,0.0,0.0,0.0,0.0,0.0,0.0,0.0,0.0,17,0.03310547156110714,27,22,5,0,0,0,0,0,0,0,0,1
1dfo,C,189,ILE,4.5,166.7,0.0,0,0,X,0.0,0.0,0.0,0.0,0.0,0.0,0.0,0.0,30,0.045694876239274644,27,34,-7,0,0,0,0,0,0,0,0,1
1dfo,C,190,ALA,1.8,88.6,0.0,0,0,X,0.0,0.0,0.0,0.0,0.0,0.0,0.0,0.0,29,0.045694876239274644,36,25,11,0,0,0,0,0,0,0,0,1
1dfo,C,191,ASP,-3.5,111.1,-1.0,1,3,X,0.0,0.0,0.0,0.0,0.0,0.0,0.0,0.0,19,0.03357174580844668,23,9,14,0,0,0,0,0,0,0,0,1
1dfo,C,192,SER,-0.8,89.0,0.0,1,1,X,0.0,0.0,0.0,0.0,0.0,0.0,0.0,0.0,19,0.025178809356335007,20,26,-6,0,0,0,0,0,0,0,0,1
1dfo,C,193,ILE,4.5,166.7,0.0,0,0,X,0.0,0.0,0.0,0.0,0.0,0.0,0.0,0.0,26,0.02984155182973038,26,23,3,0,0,0,0,0,0,0,0,1
1dfo,C,194,GLY,-0.4,60.1,0.0,0,0,X,0.0,0.0,0.0,0.0,0.0,0.0,0.0,0.0,18,0.025178809356335007,24,11,13,0,0,0,0,0,0,0,0,1
1dfo,C,195,ALA,1.8,88.6,0.0,0,0,X,0.0,0.0,0.0,0.0,0.0,0.0,0.0,0.0,27,0.040565859518539735,30,12,18,0,0,0,0,0,0,0,0,1
1dfo,C,196,TYR,-1.3,193.6,0.0,1,1,X,0.0,0.0,0.0,0.0,0.0,0.0,0.0,0.0,29,0.043363505002576956,24,6,18,0,0,0,0,0,0,0,0,1
1dfo,C,197,LEU,3.8,166.7,0.0,0,0,X,0.0,0.0,0.0,0.0,0.0,0.0,0.0,0.0,38,0.053621538444046775,35,15,20,0,0,0,0,0,0,0,0,1
1dfo,C,198,PHE,2.8,189.9,0.0,0,0,X,0.0,0.0,0.0,0.0,0.0,0.0,0.0,0.0,43,0.04755997322863279,23,8,15,0,0,0,0,0,0,0,0,1
1dfo,C,199,VAL,4.2,140.0,0.0,0,0,X,0.0,0.0,0.0,0.0,0.0,0.0,0.0,0.0,42,0.05129016720734909,22,10,12,0,0,0,0,0,0,0,0,1
1dfo,C,200,ASP,-3.5,111.1,-1.0,1,3,X,0.0,0.0,0.0,0.0,0.0,0.0,0.0,0.0,42,0.048026247475972325,31,0,31,0,0,0,0,0,0,0,0,1
1dfo,C,201,MET,1.9,162.9,0.0,0,0,X,0.0,0.0,0.0,0.0,0.0,0.0,0.0,0.0,38,0.05035761871267001,17,8,9,0,0,0,0,0,0,0,0,1
1dfo,C,202,ALA,1.8,88.6,0.0,0,0,X,0.0,0.0,0.0,0.0,0.0,0.0,0.0,0.0,47,0.04429605349725603,45,8,37,0,0,0,0,0,0,0,0,1
1dfo,C,203,HIS,-3.2,153.2,0.1,2,1,X,0.0,0.0,0.0,0.0,0.0,0.0,0.0,0.0,41,0.050823892960009553,43,11,32,0,0,0,0,0,0,0,0,1
1dfo,C,204,VAL,4.2,140.0,0.0,0,0,X,0.0,0.0,0.0,0.0,0.0,0.0,0.0,0.0,42,0.05035761871267001,29,9,20,0,0,0,0,0,0,0,0,1
1dfo,C,205,ALA,1.8,88.6,0.0,0,0,X,0.0,0.0,0.0,0.0,0.0,0.0,0.0,0.0,42,0.050823892960009553,27,4,23,0,0,0,0,0,0,0,0,1
1dfo,C,206,GLY,-0.4,60.1,0.0,0,0,X,0.0,0.0,0.0,0.0,0.0,0.0,0.0,0.0,42,0.04755997322863279,28,2,26,0,0,0,0,0,0,0,0,1
1dfo,C,207,LEU,3.8,166.7,0.0,0,0,X,0.0,0.0,0.0,0.0,0.0,0.0,0.0,0.0,39,0.048492521723311866,26,3,23,0,0,0,0,0,0,0,0,1
1dfo,C,208,VAL,4.2,140.0,0.0,0,0,X,0.0,0.0,0.0,0.0,0.0,0.0,0.0,0.0,30,0.048026247475972325,6,0,6,0,0,0,0,0,0,0,0,1
1dfo,C,209,ALA,1.8,88.6,0.0,0,0,X,0.0,0.0,0.0,0.0,0.0,0.0,0.0,0.0,36,0.04429605349725603,10,7,3,0,0,0,0,0,0,0,0,1
1dfo,C,210,ALA,1.8,88.6,0.0,0,0,X,0.0,0.0,0.0,0.0,0.0,0.0,0.0,0.0,29,0.043363505002576956,9,9,0,0,0,0,0,0,0,0,0,1
1dfo,C,211,GLY,-0.4,60.1,0.0,0,0,X,0.0,0.0,0.0,0.0,0.0,0.0,0.0,0.0,22,0.028909003335051305,9,1,8,0,0,0,0,0,0,0,0,1
1dfo,C,212,VAL,4.2,140.0,0.0,0,0,X,0.0,0.0,0.0,0.0,0.0,0.0,0.0,0.0,27,0.03450429430312575,16,4,12,0,0,0,0,0,0,0,0,1
1dfo,C,213,TYR,-1.3,193.6,0.0,1,1,X,0.0,0.0,0.0,0.0,0.0,0.0,0.0,0.0,30,0.03683566553982344,12,11,1,0,0,0,0,0,0,0,0,1
1dfo,C,214,PRO,-1.6,112.7,0.0,0,0,X,0.0,0.0,0.0,0.0,0.0,0.0,0.0,0.0,25,0.03590311704514436,6,11,-5,0,0,0,0,0,0,0,0,1
1dfo,C,215,ASN,-3.5,114.1,0.0,2,2,X,0.0,0.0,0.0,0.0,0.0,0.0,0.0,0.0,27,0.040099585271200194,15,0,15,0,0,0,0,0,0,0,0,1
1dfo,C,216,PRO,-1.6,112.7,0.0,0,0,X,0.0,0.0,0.0,0.0,0.0,0.0,0.0,0.0,36,0.04476232774459557,24,10,14,0,0,0,0,0,0,0,0,1
1dfo,C,217,VAL,4.2,140.0,0.0,0,0,X,0.0,0.0,0.0,0.0,0.0,0.0,0.0,0.0,33,0.04989134446533048,28,8,20,0,0,0,0,0,0,0,0,1
1dfo,C,218,PRO,-1.6,112.7,0.0,0,0,X,0.0,0.0,0.0,0.0,0.0,0.0,0.0,0.0,23,0.030307826077069916,32,2,30,0,0,0,0,0,0,0,0,1
1dfo,C,219,HIS,-3.2,153.2,0.1,2,1,X,0.0,0.0,0.0,0.0,0.0,0.0,0.0,0.0,22,0.04103213376587927,35,16,19,0,0,0,0,0,0,0,0,1
1dfo,C,220,ALA,1.8,88.6,0.0,0,0,X,0.0,0.0,0.0,0.0,0.0,0.0,0.0,0.0,34,0.05129016720734909,39,6,33,0,0,0,0,0,0,0,0,1
1dfo,C,221,HIS,-3.2,153.2,0.1,2,1,X,0.0,0.0,0.0,0.0,0.0,0.0,0.0,0.0,33,0.045228601991935104,25,7,18,0,0,0,0,0,0,0,0,1
1dfo,C,222,VAL,4.2,140.0,0.0,0,0,X,0.0,0.0,0.0,0.0,0.0,0.0,0.0,0.0,39,0.04942507021799094,22,4,18,0,0,0,0,0,0,0,0,1
1dfo,C,223,VAL,4.2,140.0,0.0,0,0,X,0.0,0.0,0.0,0.0,0.0,0.0,0.0,0.0,39,0.05175644145468863,17,8,9,0,0,0,0,0,0,0,0,1
1dfo,C,224,THR,-0.7,116.1,0.0,1,1,X,0.0,0.0,0.0,0.0,0.0,0.0,0.0,0.0,45,0.05175644145468863,9,8,1,0,0,0,0,0,0,0,0,1
1dfo,C,225,THR,-0.7,116.1,0.0,1,1,X,0.0,0.0,0.0,0.0,0.0,0.0,0.0,0.0,42,0.04989134446533048,29,8,21,0,0,0,0,0,0,0,0,1
1dfo,C,226,THR,-0.7,116.1,0.0,1,1,X,0.0,0.0,0.0,0.0,0.0,0.0,0.0,0.0,39,0.05035761871267001,51,7,44,0,0,0,0,0,0,0,0,1
1dfo,C,227,THR,-0.7,116.1,0.0,1,1,X,0.0,0.0,0.0,0.0,0.0,0.0,0.0,0.0,48,0.04989134446533048,44,0,44,0,0,0,0,0,0,0,0,1
1dfo,C,228,HIS,-3.2,153.2,0.1,2,1,X,0.0,0.0,0.0,0.0,0.0,0.0,0.0,0.0,41,0.05175644145468863,43,8,35,0,0,0,0,0,0,0,0,1
1dfo,C,229,LYS,-3.9,168.6,1.0,2,0,X,0.0,0.0,0.0,0.0,0.0,0.0,0.0,0.0,40,0.05502036118606539,40,10,30,0,0,0,0,0,0,0,0,1
1dfo,C,230,THR,-0.7,116.1,0.0,1,1,X,0.0,0.0,0.0,0.0,0.0,0.0,0.0,0.0,42,0.05455408693872585,44,5,39,0,0,0,0,0,0,0,0,1
1dfo,C,231,LEU,3.8,166.7,0.0,0,0,X,0.0,0.0,0.0,0.0,0.0,0.0,0.0,0.0,45,0.048026247475972325,37,9,28,0,0,0,0,0,0,0,0,1
1dfo,C,232,ALA,1.8,88.6,0.0,0,0,X,0.0,0.0,0.0,0.0,0.0,0.0,0.0,0.0,43,0.048026247475972325,37,14,23,0,0,0,0,0,0,0,0,1
1dfo,C,233,GLY,-0.4,60.1,0.0,0,0,X,0.0,0.0,0.0,0.0,0.0,0.0,0.0,0.0,44,0.05222271570202816,48,11,37,0,0,0,0,0,0,0,0,1
1dfo,C,234,PRO,-1.6,112.7,0.0,0,0,X,0.0,0.0,0.0,0.0,0.0,0.0,0.0,0.0,42,0.05129016720734909,50,2,48,0,0,0,0,0,0,0,0,1
1dfo,C,235,ARG,-4.5,173.4,1.0,5,0,X,0.0,0.0,0.0,0.0,0.0,0.0,0.0,0.0,35,0.04662742473395372,48,7,41,0,0,0,0,0,0,0,0,1
1dfo,C,236,GLY,-0.4,60.1,0.0,0,0,X,0.0,0.0,0.0,0.0,0.0,0.0,0.0,0.0,40,0.04709369898129325,54,0,54,0,0,0,0,0,0,0,0,1
1dfo,C,237,GLY,-0.4,60.1,0.0,0,0,X,0.0,0.0,0.0,0.0,0.0,0.0,0.0,0.0,39,0.05129016720734909,38,1,37,0,0,0,0,0,0,0,0,1
1dfo,C,238,LEU,3.8,166.7,0.0,0,0,X,0.0,0.0,0.0,0.0,0.0,0.0,0.0,0.0,46,0.04989134446533048,21,1,20,0,0,0,0,0,0,0,0,1
1dfo,C,239,ILE,4.5,166.7,0.0,0,0,X,0.0,0.0,0.0,0.0,0.0,0.0,0.0,0.0,49,0.05035761871267001,8,1,7,0,0,0,0,0,0,0,0,1
1dfo,C,240,LEU,3.8,166.7,0.0,0,0,X,0.0,0.0,0.0,0.0,0.0,0.0,0.0,0.0,44,0.05175644145468863,21,12,9,0,0,0,0,0,0,0,0,1
1dfo,C,241,ALA,1.8,88.6,0.0,0,0,X,0.0,0.0,0.0,0.0,0.0,0.0,0.0,0.0,33,0.050823892960009553,28,8,20,0,0,0,0,0,0,0,0,1
1dfo,C,242,LYS,-3.9,168.6,1.0,2,0,X,0.0,0.0,0.0,0.0,0.0,0.0,0.0,0.0,24,0.03870076252918159,23,8,15,0,0,0,0,0,0,0,0,1
1dfo,C,243,GLY,-0.4,60.1,0.0,0,0,X,0.0,0.0,0.0,0.0,0.0,0.0,0.0,0.0,21,0.023779986614316396,27,12,15,0,0,0,0,0,0,0,0,1
1dfo,C,244,GLY,-0.4,60.1,0.0,0,0,X,0.0,0.0,0.0,0.0,0.0,0.0,0.0,0.0,20,0.030307826077069916,21,18,3,0,0,0,0,0,0,0,0,1
1dfo,C,245,SER,-0.8,89.0,0.0,1,1,X,0.0,0.0,0.0,0.0,0.0,0.0,0.0,0.0,17,0.021914889624958248,22,15,7,0,0,0,0,0,0,0,0,1
1dfo,C,246,GLU,-3.5,138.4,-1.0,1,3,X,0.0,0.0,0.0,0.0,0.0,0.0,0.0,0.0,12,0.02098234113027917,12,9,3,0,0,0,0,0,0,0,0,1
1dfo,C,247,GLU,-3.5,138.4,-1.0,1,3,X,0.0,0.0,0.0,0.0,0.0,0.0,0.0,0.0,14,0.022847438119637322,14,5,9,0,0,0,0,0,0,0,0,1
1dfo,C,248,LEU,3.8,166.7,0.0,0,0,X,0.0,0.0,0.0,0.0,0.0,0.0,0.0,0.0,25,0.035436842797804825,27,11,16,0,0,0,0,0,0,0,0,1
1dfo,C,249,TYR,-1.3,193.6,0.0,1,1,X,0.0,0.0,0.0,0.0,0.0,0.0,0.0,0.0,25,0.03683566553982344,24,18,6,0,0,0,0,0,0,0,0,1
1dfo,C,250,LYS,-3.9,168.6,1.0,2,0,X,0.0,0.0,0.0,0.0,0.0,0.0,0.0,0.0,19,0.03170664881908853,9,10,-1,0,0,0,0,0,0,0,0,1
1dfo,C,251,LYS,-3.9,168.6,1.0,2,0,X,0.0,0.0,0.0,0.0,0.0,0.0,0.0,0.0,24,0.035436842797804825,7,11,-4,0,0,0,0,0,0,0,0,1
1dfo,C,252,LEU,3.8,166.7,0.0,0,0,X,0.0,0.0,0.0,0.0,0.0,0.0,0.0,0.0,35,0.04989134446533048,16,8,8,0,0,0,0,0,0,0,0,1
1dfo,C,253,ASN,-3.5,114.1,0.0,2,2,X,0.0,0.0,0.0,0.0,0.0,0.0,0.0,0.0,29,0.043363505002576956,12,7,5,0,0,0,0,0,0,0,0,1
1dfo,C,254,SER,-0.8,89.0,0.0,1,1,X,0.0,0.0,0.0,0.0,0.0,0.0,0.0,0.0,32,0.03683566553982344,17,3,14,0,0,0,0,0,0,0,0,1
1dfo,C,255,ALA,1.8,88.6,0.0,0,0,X,0.0,0.0,0.0,0.0,0.0,0.0,0.0,0.0,34,0.045228601991935104,16,0,16,0,0,0,0,0,0,0,0,1
1dfo,C,256,VAL,4.2,140.0,0.0,0,0,X,0.0,0.0,0.0,0.0,0.0,0.0,0.0,0.0,41,0.05129016720734909,14,1,13,0,0,0,0,0,0,0,0,1
1dfo,C,257,PHE,2.8,189.9,0.0,0,0,X,0.0,0.0,0.0,0.0,0.0,0.0,0.0,0.0,36,0.04476232774459557,13,10,3,0,0,0,0,0,0,0,0,1
1dfo,C,258,PRO,-1.6,112.7,0.0,0,0,X,0.0,0.0,0.0,0.0,0.0,0.0,0.0,0.0,33,0.043829779249916496,12,8,4,0,0,0,0,0,0,0,0,1
1dfo,C,259,GLY,-0.4,60.1,0.0,0,0,X,0.0,0.0,0.0,0.0,0.0,0.0,0.0,0.0,32,0.04616115048661418,12,1,11,0,0,0,0,0,0,0,0,1
1dfo,C,260,GLY,-0.4,60.1,0.0,0,0,X,0.0,0.0,0.0,0.0,0.0,0.0,0.0,0.0,36,0.05129016720734909,14,1,13,0,0,0,0,0,0,0,0,1
1dfo,C,261,GLN,-3.5,143.8,0.0,2,2,X,0.0,0.0,0.0,0.0,0.0,0.0,0.0,0.0,36,0.04755997322863279,19,7,12,0,0,0,0,0,0,0,0,1
1dfo,C,262,GLY,-0.4,60.1,0.0,0,0,X,0.0,0.0,0.0,0.0,0.0,0.0,0.0,0.0,37,0.04616115048661418,30,9,21,0,0,0,0,0,0,0,0,1
1dfo,C,263,GLY,-0.4,60.1,0.0,0,0,X,0.0,0.0,0.0,0.0,0.0,0.0,0.0,0.0,39,0.04616115048661418,44,11,33,0,0,0,0,0,0,0,0,1
1dfo,C,264,PRO,-1.6,112.7,0.0,0,0,X,0.0,0.0,0.0,0.0,0.0,0.0,0.0,0.0,37,0.050823892960009553,50,15,35,0,0,0,0,0,0,0,0,1
1dfo,C,265,LEU,3.8,166.7,0.0,0,0,X,0.0,0.0,0.0,0.0,0.0,0.0,0.0,0.0,31,0.043829779249916496,62,2,60,0,0,0,0,0,0,0,0,1
1dfo,C,266,MET,1.9,162.9,0.0,0,0,X,0.0,0.0,0.0,0.0,0.0,0.0,0.0,0.0,40,0.050823892960009553,39,23,16,0,0,0,0,0,0,0,0,1
1dfo,C,267,HIS,-3.2,153.2,0.1,2,1,X,0.0,0.0,0.0,0.0,0.0,0.0,0.0,0.0,29,0.050823892960009553,26,0,26,0,0,0,0,0,0,0,0,1
1dfo,C,268,VAL,4.2,140.0,0.0,0,0,X,0.0,0.0,0.0,0.0,0.0,0.0,0.0,0.0,36,0.04662742473395372,46,0,46,0,0,0,0,0,0,0,0,1
1dfo,C,269,ILE,4.5,166.7,0.0,0,0,X,0.0,0.0,0.0,0.0,0.0,0.0,0.0,0.0,44,0.048958795970651406,31,13,18,0,0,0,0,0,0,0,0,1
1dfo,C,270,ALA,1.8,88.6,0.0,0,0,X,0.0,0.0,0.0,0.0,0.0,0.0,0.0,0.0,43,0.050823892960009553,28,13,15,0,0,0,0,0,0,0,0,1
1dfo,C,271,GLY,-0.4,60.1,0.0,0,0,X,0.0,0.0,0.0,0.0,0.0,0.0,0.0,0.0,44,0.05175644145468863,38,11,27,0,0,0,0,0,0,0,0,1
1dfo,C,272,LYS,-3.9,168.6,1.0,2,0,X,0.0,0.0,0.0,0.0,0.0,0.0,0.0,0.0,43,0.048492521723311866,28,7,21,0,0,0,0,0,0,0,0,1
1dfo,C,273,ALA,1.8,88.6,0.0,0,0,X,0.0,0.0,0.0,0.0,0.0,0.0,0.0,0.0,42,0.05129016720734909,36,31,5,0,0,0,0,0,0,0,0,1
1dfo,C,274,VAL,4.2,140.0,0.0,0,0,X,0.0,0.0,0.0,0.0,0.0,0.0,0.0,0.0,42,0.053621538444046775,36,20,16,0,0,0,0,0,0,0,0,1
1dfo,C,275,ALA,1.8,88.6,0.0,0,0,X,0.0,0.0,0.0,0.0,0.0,0.0,0.0,0.0,44,0.0526889899493677,43,18,25,0,0,0,0,0,0,0,0,1
1dfo,C,276,LEU,3.8,166.7,0.0,0,0,X,0.0,0.0,0.0,0.0,0.0,0.0,0.0,0.0,43,0.04989134446533048,32,28,4,0,0,0,0,0,0,0,0,1
1dfo,C,277,LYS,-3.9,168.6,1.0,2,0,X,0.0,0.0,0.0,0.0,0.0,0.0,0.0,0.0,30,0.04429605349725603,21,37,-16,0,0,0,0,0,0,0,0,1
1dfo,C,278,GLU,-3.5,138.4,-1.0,1,3,X,0.0,0.0,0.0,0.0,0.0,0.0,0.0,0.0,37,0.04243095650789788,36,24,12,0,0,0,0,0,0,0,0,1
1dfo,C,279,ALA,1.8,88.6,0.0,0,0,X,0.0,0.0,0.0,0.0,0.0,0.0,0.0,0.0,36,0.04429605349725603,30,30,0,0,0,0,0,0,0,0,0,1
1dfo,C,280,MET,1.9,162.9,0.0,0,0,X,0.0,0.0,0.0,0.0,0.0,0.0,0.0,0.0,23,0.03730193978716297,26,34,-8,0,0,0,0,0,0,0,0,1
1dfo,C,281,GLU,-3.5,138.4,-1.0,1,3,X,0.0,0.0,0.0,0.0,0.0,0.0,0.0,0.0,19,0.030307826077069916,19,18,1,0,0,0,0,0,0,0,0,1
1dfo,C,282,PRO,-1.6,112.7,0.0,0,0,X,0.0,0.0,0.0,0.0,0.0,0.0,0.0,0.0,15,0.025645083603674543,11,23,-12,0,0,0,0,0,0,0,0,1
1dfo,C,283,GLU,-3.5,138.4,-1.0,1,3,X,0.0,0.0,0.0,0.0,0.0,0.0,0.0,0.0,16,0.027043906345693154,11,15,-4,0,0,0,0,0,0,0,0,1
1dfo,C,284,PHE,2.8,189.9,0.0,0,0,X,0.0,0.0,0.0,0.0,0.0,0.0,0.0,0.0,34,0.04149840801321881,22,27,-5,0,0,0,0,0,0,0,0,1
1dfo,C,285,LYS,-3.9,168.6,1.0,2,0,X,0.0,0.0,0.0,0.0,0.0,0.0,0.0,0.0,22,0.045228601991935104,0,15,-15,0,0,0,0,0,0,0,0,1
1dfo,C,286,THR,-0.7,116.1,0.0,1,1,X,0.0,0.0,0.0,0.0,0.0,0.0,0.0,0.0,17,0.03310547156110714,12,14,-2,0,0,0,0,0,0,0,0,1
1dfo,C,287,TYR,-1.3,193.6,0.0,1,1,X,0.0,0.0,0.0,0.0,0.0,0.0,0.0,0.0,36,0.04196468226055834,25,9,16,0,0,0,0,0,0,0,0,1
1dfo,C,288,GLN,-3.5,143.8,0.0,2,2,X,0.0,0.0,0.0,0.0,0.0,0.0,0.0,0.0,37,0.04942507021799094,33,5,28,0,0,0,0,0,0,0,0,1
1dfo,C,289,GLN,-3.5,143.8,0.0,2,2,X,0.0,0.0,0.0,0.0,0.0,0.0,0.0,0.0,20,0.03963331102386066,14,7,7,0,0,0,0,0,0,0,0,1
1dfo,C,290,GLN,-3.5,143.8,0.0,2,2,X,0.0,0.0,0.0,0.0,0.0,0.0,0.0,0.0,30,0.043363505002576956,25,11,14,0,0,0,0,0,0,0,0,1
1dfo,C,291,VAL,4.2,140.0,0.0,0,0,X,0.0,0.0,0.0,0.0,0.0,0.0,0.0,0.0,40,0.05129016720734909,37,8,29,0,0,0,0,0,0,0,0,1
1dfo,C,292,ALA,1.8,88.6,0.0,0,0,X,0.0,0.0,0.0,0.0,0.0,0.0,0.0,0.0,34,0.048026247475972325,26,14,12,0,0,0,0,0,0,0,0,1
1dfo,C,293,LYS,-3.9,168.6,1.0,2,0,X,0.0,0.0,0.0,0.0,0.0,0.0,0.0,0.0,32,0.03590311704514436,26,18,8,0,0,0,0,0,0,0,0,1
1dfo,C,294,ASN,-3.5,114.1,0.0,2,2,X,0.0,0.0,0.0,0.0,0.0,0.0,0.0,0.0,39,0.04942507021799094,36,21,15,0,0,0,0,0,0,0,0,1
1dfo,C,295,ALA,1.8,88.6,0.0,0,0,X,0.0,0.0,0.0,0.0,0.0,0.0,0.0,0.0,37,0.05408781269138631,30,23,7,0,0,0,0,0,0,0,0,1
1dfo,C,296,LYS,-3.9,168.6,1.0,2,0,X,0.0,0.0,0.0,0.0,0.0,0.0,0.0,0.0,27,0.04103213376587927,13,22,-9,0,0,0,0,0,0,0,0,1
1dfo,C,297,ALA,1.8,88.6,0.0,0,0,X,0.0,0.0,0.0,0.0,0.0,0.0,0.0,0.0,30,0.04196468226055834,27,28,-1,0,0,0,0,0,0,0,0,1
1dfo,C,298,MET,1.9,162.9,0.0,0,0,X,0.0,0.0,0.0,0.0,0.0,0.0,0.0,0.0,41,0.05035761871267001,25,25,0,0,0,0,0,0,0,0,0,1
1dfo,C,299,VAL,4.2,140.0,0.0,0,0,X,0.0,0.0,0.0,0.0,0.0,0.0,0.0,0.0,36,0.04476232774459557,28,17,11,0,0,0,0,0,0,0,0,1
1dfo,C,300,GLU,-3.5,138.4,-1.0,1,3,X,0.0,0.0,0.0,0.0,0.0,0.0,0.0,0.0,23,0.03403802005578621,24,15,9,0,0,0,0,0,0,0,0,1
1dfo,C,301,VAL,4.2,140.0,0.0,0,0,X,0.0,0.0,0.0,0.0,0.0,0.0,0.0,0.0,28,0.04429605349725603,24,26,-2,0,0,0,0,0,0,0,0,1
1dfo,C,302,PHE,2.8,189.9,0.0,0,0,X,0.0,0.0,0.0,0.0,0.0,0.0,0.0,0.0,38,0.048958795970651406,24,24,0,0,0,0,0,0,0,0,0,1
1dfo,C,303,LEU,3.8,166.7,0.0,0,0,X,0.0,0.0,0.0,0.0,0.0,0.0,0.0,0.0,24,0.0363693912924839,18,18,0,0,0,0,0,0,0,0,0,1
1dfo,C,304,GLU,-3.5,138.4,-1.0,1,3,X,0.0,0.0,0.0,0.0,0.0,0.0,0.0,0.0,16,0.02611135785101408,18,9,9,0,0,0,0,0,0,0,0,1
1dfo,C,305,ARG,-4.5,173.4,1.0,5,0,X,0.0,0.0,0.0,0.0,0.0,0.0,0.0,0.0,24,0.03403802005578621,5,28,-23,0,0,0,0,0,0,0,0,1
1dfo,C,306,GLY,-0.4,60.1,0.0,0,0,X,0.0,0.0,0.0,0.0,0.0,0.0,0.0,0.0,18,0.027043906345693154,25,26,-1,0,0,0,0,0,0,0,0,1
1dfo,C,307,TYR,-1.3,193.6,0.0,1,1,X,0.0,0.0,0.0,0.0,0.0,0.0,0.0,0.0,31,0.040099585271200194,27,33,-6,0,0,0,0,0,0,0,0,1
1dfo,C,308,LYS,-3.9,168.6,1.0,2,0,X,0.0,0.0,0.0,0.0,0.0,0.0,0.0,0.0,25,0.03870076252918159,7,16,-9,0,0,0,0,0,0,0,0,1
1dfo,C,309,VAL,4.2,140.0,0.0,0,0,X,0.0,0.0,0.0,0.0,0.0,0.0,0.0,0.0,32,0.04289723075523742,11,14,-3,0,0,0,0,0,0,0,0,1
1dfo,C,310,VAL,4.2,140.0,0.0,0,0,X,0.0,0.0,0.0,0.0,0.0,0.0,0.0,0.0,35,0.040565859518539735,23,11,12,0,0,0,0,0,0,0,0,1
1dfo,C,311,SER,-0.8,89.0,0.0,1,1,X,0.0,0.0,0.0,0.0,0.0,0.0,0.0,0.0,29,0.03357174580844668,19,15,4,0,0,0,0,0,0,0,0,1
1dfo,C,312,GLY,-0.4,60.1,0.0,0,0,X,0.0,0.0,0.0,0.0,0.0,0.0,0.0,0.0,24,0.02611135785101408,20,9,11,0,0,0,0,0,0,0,0,1
1dfo,C,313,GLY,-0.4,60.1,0.0,0,0,X,0.0,0.0,0.0,0.0,0.0,0.0,0.0,0.0,30,0.03730193978716297,23,13,10,0,0,0,0,0,0,0,0,1
1dfo,C,314,THR,-0.7,116.1,0.0,1,1,X,0.0,0.0,0.0,0.0,0.0,0.0,0.0,0.0,32,0.043363505002576956,25,11,14,0,0,0,0,0,0,0,0,1
1dfo,C,315,ASP,-3.5,111.1,-1.0,1,3,X,0.0,0.0,0.0,0.0,0.0,0.0,0.0,0.0,27,0.03310547156110714,23,0,23,0,0,0,0,0,0,0,0,1
1dfo,C,316,ASN,-3.5,114.1,0.0,2,2,X,0.0,0.0,0.0,0.0,0.0,0.0,0.0,0.0,39,0.05035761871267001,30,8,22,0,0,0,0,0,0,0,0,1
1dfo,C,317,HIS,-3.2,153.2,0.1,2,1,X,0.0,0.0,0.0,0.0,0.0,0.0,0.0,0.0,47,0.050823892960009553,29,9,20,0,0,0,0,0,0,0,0,1
1dfo,C,318,LEU,3.8,166.7,0.0,0,0,X,0.0,0.0,0.0,0.0,0.0,0.0,0.0,0.0,42,0.053155264196707235,33,6,27,0,0,0,0,0,0,0,0,1
1dfo,C,319,PHE,2.8,189.9,0.0,0,0,X,0.0,0.0,0.0,0.0,0.0,0.0,0.0,0.0,45,0.053155264196707235,28,7,21,0,0,0,0,0,0,0,0,1
1dfo,C,320,LEU,3.8,166.7,0.0,0,0,X,0.0,0.0,0.0,0.0,0.0,0.0,0.0,0.0,42,0.04989134446533048,28,9,19,0,0,0,0,0,0,0,0,1
1dfo,C,321,VAL,4.2,140.0,0.0,0,0,X,0.0,0.0,0.0,0.0,0.0,0.0,0.0,0.0,42,0.04942507021799094,23,13,10,0,0,0,0,0,0,0,0,1
1dfo,C,322,ASP,-3.5,111.1,-1.0,1,3,X,0.0,0.0,0.0,0.0,0.0,0.0,0.0,0.0,33,0.048492521723311866,19,15,4,0,0,0,0,0,0,0,0,1
1dfo,C,323,LEU,3.8,166.7,0.0,0,0,X,0.0,0.0,0.0,0.0,0.0,0.0,0.0,0.0,36,0.04709369898129325,25,27,-2,0,0,0,0,0,0,0,0,1
1dfo,C,324,VAL,4.2,140.0,0.0,0,0,X,0.0,0.0,0.0,0.0,0.0,0.0,0.0,0.0,24,0.03870076252918159,25,25,0,0,0,0,0,0,0,0,0,1
1dfo,C,325,ASP,-3.5,111.1,-1.0,1,3,X,0.0,0.0,0.0,0.0,0.0,0.0,0.0,0.0,13,0.025645083603674543,18,8,10,0,0,0,0,0,0,0,0,1
1dfo,C,326,LYS,-3.9,168.6,1.0,2,0,X,0.0,0.0,0.0,0.0,0.0,0.0,0.0,0.0,20,0.027510180593032695,9,24,-15,0,0,0,0,0,0,0,0,1
1dfo,C,327,ASN,-3.5,114.1,0.0,2,2,X,0.0,0.0,0.0,0.0,0.0,0.0,0.0,0.0,14,0.02471253510899547,12,16,-4,0,0,0,0,0,0,0,0,1
1dfo,C,328,LEU,3.8,166.7,0.0,0,0,X,0.0,0.0,0.0,0.0,0.0,0.0,0.0,0.0,26,0.03870076252918159,18,29,-11,0,0,0,0,0,0,0,0,1
1dfo,C,329,THR,-0.7,116.1,0.0,1,1,X,0.0,0.0,0.0,0.0,0.0,0.0,0.0,0.0,31,0.04289723075523742,31,21,10,0,0,0,0,0,0,0,0,1
1dfo,C,330,GLY,-0.4,60.1,0.0,0,0,X,0.0,0.0,0.0,0.0,0.0,0.0,0.0,0.0,34,0.053155264196707235,29,24,5,0,0,0,0,0,0,0,0,1
1dfo,C,331,LYS,-3.9,168.6,1.0,2,0,X,0.0,0.0,0.0,0.0,0.0,0.0,0.0,0.0,28,0.04103213376587927,16,17,-1,0,0,0,0,0,0,0,0,1
1dfo,C,332,GLU,-3.5,138.4,-1.0,1,3,X,0.0,0.0,0.0,0.0,0.0,0.0,0.0,0.0,25,0.03310547156110714,22,8,14,0,0,0,0,0,0,0,0,1
1dfo,C,333,ALA,1.8,88.6,0.0,0,0,X,0.0,0.0,0.0,0.0,0.0,0.0,0.0,0.0,38,0.04662742473395372,27,18,9,0,0,0,0,0,0,0,0,1
1dfo,C,334,ASP,-3.5,111.1,-1.0,1,3,X,0.0,0.0,0.0,0.0,0.0,0.0,0.0,0.0,37,0.043363505002576956,32,8,24,0,0,0,0,0,0,0,0,1
1dfo,C,335,ALA,1.8,88.6,0.0,0,0,X,0.0,0.0,0.0,0.0,0.0,0.0,0.0,0.0,27,0.03124037457174899,27,19,8,0,0,0,0,0,0,0,0,1
1dfo,C,336,ALA,1.8,88.6,0.0,0,0,X,0.0,0.0,0.0,0.0,0.0,0.0,0.0,0.0,33,0.040099585271200194,15,28,-13,0,0,0,0,0,0,0,0,1
1dfo,C,337,LEU,3.8,166.7,0.0,0,0,X,0.0,0.0,0.0,0.0,0.0,0.0,0.0,0.0,44,0.048958795970651406,20,18,2,0,0,0,0,0,0,0,0,1
1dfo,C,338,GLY,-0.4,60.1,0.0,0,0,X,0.0,0.0,0.0,0.0,0.0,0.0,0.0,0.0,31,0.043829779249916496,33,19,14,0,0,0,0,0,0,0,0,1
1dfo,C,339,ARG,-4.5,173.4,1.0,5,0,X,0.0,0.0,0.0,0.0,0.0,0.0,0.0,0.0,25,0.03403802005578621,11,23,-12,0,0,0,0,0,0,0,0,1
1dfo,C,340,ALA,1.8,88.6,0.0,0,0,X,0.0,0.0,0.0,0.0,0.0,0.0,0.0,0.0,35,0.04476232774459557,41,15,26,0,0,0,0,0,0,0,0,1
1dfo,C,341,ASN,-3.5,114.1,0.0,2,2,X,0.0,0.0,0.0,0.0,0.0,0.0,0.0,0.0,38,0.04662742473395372,47,29,18,0,0,0,0,0,0,0,0,1
1dfo,C,342,ILE,4.5,166.7,0.0,0,0,X,0.0,0.0,0.0,0.0,0.0,0.0,0.0,0.0,43,0.04755997322863279,27,19,8,0,0,0,0,0,0,0,0,1
1dfo,C,343,THR,-0.7,116.1,0.0,1,1,X,0.0,0.0,0.0,0.0,0.0,0.0,0.0,0.0,42,0.04989134446533048,31,27,4,0,0,0,0,0,0,0,0,1
1dfo,C,344,VAL,4.2,140.0,0.0,0,0,X,0.0,0.0,0.0,0.0,0.0,0.0,0.0,0.0,41,0.05502036118606539,30,24,6,0,0,0,0,0,0,0,0,1
1dfo,C,345,ASN,-3.5,114.1,0.0,2,2,X,0.0,0.0,0.0,0.0,0.0,0.0,0.0,0.0,44,0.04942507021799094,31,19,12,0,0,0,0,0,0,0,0,1
1dfo,C,346,LYS,-3.9,168.6,1.0,2,0,X,0.0,0.0,0.0,0.0,0.0,0.0,0.0,0.0,32,0.05222271570202816,28,17,11,0,0,0,0,0,0,0,0,1
1dfo,C,347,ASN,-3.5,114.1,0.0,2,2,X,0.0,0.0,0.0,0.0,0.0,0.0,0.0,0.0,41,0.04662742473395372,26,14,12,0,0,0,0,0,0,0,0,1
1dfo,C,348,SER,-0.8,89.0,0.0,1,1,X,0.0,0.0,0.0,0.0,0.0,0.0,0.0,0.0,36,0.048958795970651406,33,15,18,0,0,0,0,0,0,0,0,1
1dfo,C,349,VAL,4.2,140.0,0.0,0,0,X,0.0,0.0,0.0,0.0,0.0,0.0,0.0,0.0,36,0.048958795970651406,30,16,14,0,0,0,0,0,0,0,0,1
1dfo,C,350,PRO,-1.6,112.7,0.0,0,0,X,0.0,0.0,0.0,0.0,0.0,0.0,0.0,0.0,34,0.034970568550465285,17,20,-3,0,0,0,0,0,0,0,0,1
1dfo,C,351,ASN,-3.5,114.1,0.0,2,2,X,0.0,0.0,0.0,0.0,0.0,0.0,0.0,0.0,22,0.02611135785101408,23,18,5,0,0,0,0,0,0,0,0,1
1dfo,C,352,ASP,-3.5,111.1,-1.0,1,3,X,0.0,0.0,0.0,0.0,0.0,0.0,0.0,0.0,31,0.03776821403450251,17,7,10,0,0,0,0,0,0,0,0,1
1dfo,C,353,PRO,-1.6,112.7,0.0,0,0,X,0.0,0.0,0.0,0.0,0.0,0.0,0.0,0.0,27,0.02797645484037223,20,14,6,0,0,0,0,0,0,0,0,1
1dfo,C,354,LYS,-3.9,168.6,1.0,2,0,X,0.0,0.0,0.0,0.0,0.0,0.0,0.0,0.0,26,0.0363693912924839,12,13,-1,0,0,0,0,0,0,0,0,1
1dfo,C,355,SER,-0.8,89.0,0.0,1,1,X,0.0,0.0,0.0,0.0,0.0,0.0,0.0,0.0,28,0.03403802005578621,23,16,7,0,0,0,0,0,0,0,0,1
1dfo,C,356,PRO,-1.6,112.7,0.0,0,0,X,0.0,0.0,0.0,0.0,0.0,0.0,0.0,0.0,29,0.0363693912924839,20,13,7,0,0,0,0,0,0,0,0,1
1dfo,C,357,PHE,2.8,189.9,0.0,0,0,X,0.0,0.0,0.0,0.0,0.0,0.0,0.0,0.0,26,0.034970568550465285,33,12,21,0,0,0,0,0,0,0,0,1
1dfo,C,358,VAL,4.2,140.0,0.0,0,0,X,0.0,0.0,0.0,0.0,0.0,0.0,0.0,0.0,28,0.04289723075523742,28,20,8,0,0,0,0,0,0,0,0,1
1dfo,C,359,THR,-0.7,116.1,0.0,1,1,X,0.0,0.0,0.0,0.0,0.0,0.0,0.0,0.0,34,0.05129016720734909,28,24,4,0,0,0,0,0,0,0,0,1
1dfo,C,360,SER,-0.8,89.0,0.0,1,1,X,0.0,0.0,0.0,0.0,0.0,0.0,0.0,0.0,36,0.05455408693872585,30,30,0,0,0,0,0,0,0,0,0,1
1dfo,C,361,GLY,-0.4,60.1,0.0,0,0,X,0.0,0.0,0.0,0.0,0.0,0.0,0.0,0.0,42,0.05408781269138631,32,31,1,0,0,0,0,0,0,0,0,1
1dfo,C,362,ILE,4.5,166.7,0.0,0,0,X,0.0,0.0,0.0,0.0,0.0,0.0,0.0,0.0,42,0.053621538444046775,23,20,3,0,0,0,0,0,0,0,0,1
1dfo,C,363,ARG,-4.5,173.4,1.0,5,0,X,0.0,0.0,0.0,0.0,0.0,0.0,0.0,0.0,38,0.04989134446533048,22,6,16,0,0,0,0,0,0,0,0,1
1dfo,C,364,VAL,4.2,140.0,0.0,0,0,X,0.0,0.0,0.0,0.0,0.0,0.0,0.0,0.0,43,0.05175644145468863,28,4,24,0,0,0,0,0,0,0,0,1
1dfo,C,365,GLY,-0.4,60.1,0.0,0,0,X,0.0,0.0,0.0,0.0,0.0,0.0,0.0,0.0,43,0.05129016720734909,27,16,11,0,0,0,0,0,0,0,0,1
1dfo,C,366,THR,-0.7,116.1,0.0,1,1,X,0.0,0.0,0.0,0.0,0.0,0.0,0.0,0.0,44,0.05408781269138631,32,10,22,0,0,0,0,0,0,0,0,1
1dfo,C,367,PRO,-1.6,112.7,0.0,0,0,X,0.0,0.0,0.0,0.0,0.0,0.0,0.0,0.0,40,0.056419183928083996,42,14,28,0,0,0,0,0,0,0,0,1
1dfo,C,368,ALA,1.8,88.6,0.0,0,0,X,0.0,0.0,0.0,0.0,0.0,0.0,0.0,0.0,38,0.05222271570202816,32,17,15,0,0,0,0,0,0,0,0,1
1dfo,C,369,ILE,4.5,166.7,0.0,0,0,X,0.0,0.0,0.0,0.0,0.0,0.0,0.0,0.0,38,0.050823892960009553,28,20,8,0,0,0,0,0,0,0,0,1
1dfo,C,370,THR,-0.7,116.1,0.0,1,1,X,0.0,0.0,0.0,0.0,0.0,0.0,0.0,0.0,35,0.050823892960009553,36,13,23,0,0,0,0,0,0,0,0,1
1dfo,C,371,ARG,-4.5,173.4,1.0,5,0,X,0.0,0.0,0.0,0.0,0.0,0.0,0.0,0.0,34,0.04289723075523742,11,9,2,0,0,0,0,0,0,0,0,1
1dfo,C,372,ARG,-4.5,173.4,1.0,5,0,X,0.0,0.0,0.0,0.0,0.0,0.0,0.0,0.0,34,0.045228601991935104,20,22,-2,0,0,0,0,0,0,0,0,1
1dfo,C,373,GLY,-0.4,60.1,0.0,0,0,X,0.0,0.0,0.0,0.0,0.0,0.0,0.0,0.0,26,0.0363693912924839,32,13,19,0,0,0,0,0,0,0,0,1
1dfo,C,374,PHE,2.8,189.9,0.0,0,0,X,0.0,0.0,0.0,0.0,0.0,0.0,0.0,0.0,36,0.04616115048661418,39,27,12,0,0,0,0,0,0,0,0,1
1dfo,C,375,LYS,-3.9,168.6,1.0,2,0,X,0.0,0.0,0.0,0.0,0.0,0.0,0.0,0.0,23,0.04103213376587927,17,18,-1,0,0,0,0,0,0,0,0,1
1dfo,C,376,GLU,-3.5,138.4,-1.0,1,3,X,0.0,0.0,0.0,0.0,0.0,0.0,0.0,0.0,25,0.03776821403450251,30,15,15,0,0,0,0,0,0,0,0,1
1dfo,C,377,ALA,1.8,88.6,0.0,0,0,X,0.0,0.0,0.0,0.0,0.0,0.0,0.0,0.0,22,0.02797645484037223,20,27,-7,0,0,0,0,0,0,0,0,1
1dfo,C,378,GLU,-3.5,138.4,-1.0,1,3,X,0.0,0.0,0.0,0.0,0.0,0.0,0.0,0.0,22,0.04103213376587927,26,18,8,0,0,0,0,0,0,0,0,1
1dfo,C,379,ALA,1.8,88.6,0.0,0,0,X,0.0,0.0,0.0,0.0,0.0,0.0,0.0,0.0,35,0.04989134446533048,24,31,-7,0,0,0,0,0,0,0,0,1
1dfo,C,380,LYS,-3.9,168.6,1.0,2,0,X,0.0,0.0,0.0,0.0,0.0,0.0,0.0,0.0,24,0.040565859518539735,13,41,-28,0,0,0,0,0,0,0,0,1
1dfo,C,381,GLU,-3.5,138.4,-1.0,1,3,X,0.0,0.0,0.0,0.0,0.0,0.0,0.0,0.0,26,0.03450429430312575,23,16,7,0,0,0,0,0,0,0,0,1
1dfo,C,382,LEU,3.8,166.7,0.0,0,0,X,0.0,0.0,0.0,0.0,0.0,0.0,0.0,0.0,41,0.045694876239274644,17,27,-10,0,0,0,0,0,0,0,0,1
1dfo,C,383,ALA,1.8,88.6,0.0,0,0,X,0.0,0.0,0.0,0.0,0.0,0.0,0.0,0.0,40,0.045694876239274644,19,30,-11,0,0,0,0,0,0,0,0,1
1dfo,C,384,GLY,-0.4,60.1,0.0,0,0,X,0.0,0.0,0.0,0.0,0.0,0.0,0.0,0.0,30,0.04149840801321881,23,29,-6,0,0,0,0,0,0,0,0,1
1dfo,C,385,TRP,-0.9,227.8,0.0,1,0,X,0.0,0.0,0.0,0.0,0.0,0.0,0.0,0.0,36,0.04429605349725603,28,24,4,0,0,0,0,0,0,0,0,1
1dfo,C,386,MET,1.9,162.9,0.0,0,0,X,0.0,0.0,0.0,0.0,0.0,0.0,0.0,0.0,39,0.04662742473395372,11,22,-11,0,0,0,0,0,0,0,0,1
1dfo,C,387,CYS,2.5,108.5,0.0,1,0,X,0.0,0.0,0.0,0.0,0.0,0.0,0.0,0.0,30,0.04662742473395372,17,23,-6,0,0,0,0,0,0,0,0,1
1dfo,C,388,ASP,-3.5,111.1,-1.0,1,3,X,0.0,0.0,0.0,0.0,0.0,0.0,0.0,0.0,28,0.040099585271200194,21,14,7,0,0,0,0,0,0,0,0,1
1dfo,C,389,VAL,4.2,140.0,0.0,0,0,X,0.0,0.0,0.0,0.0,0.0,0.0,0.0,0.0,38,0.04989134446533048,19,37,-18,0,0,0,0,0,0,0,0,1
1dfo,C,390,LEU,3.8,166.7,0.0,0,0,X,0.0,0.0,0.0,0.0,0.0,0.0,0.0,0.0,39,0.04289723075523742,19,26,-7,0,0,0,0,0,0,0,0,1
1dfo,C,391,ASP,-3.5,111.1,-1.0,1,3,X,0.0,0.0,0.0,0.0,0.0,0.0,0.0,0.0,21,0.03403802005578621,19,14,5,0,0,0,0,0,0,0,0,1
1dfo,C,392,SER,-0.8,89.0,0.0,1,1,X,0.0,0.0,0.0,0.0,0.0,0.0,0.0,0.0,23,0.03170664881908853,3,30,-27,0,0,0,0,0,0,0,0,1
1dfo,C,393,ILE,4.5,166.7,0.0,0,0,X,0.0,0.0,0.0,0.0,0.0,0.0,0.0,0.0,29,0.03730193978716297,12,39,-27,0,0,0,0,0,0,0,0,1
1dfo,C,394,ASN,-3.5,114.1,0.0,2,2,X,0.0,0.0,0.0,0.0,0.0,0.0,0.0,0.0,15,0.02331371236697686,5,25,-20,0,0,0,0,0,0,0,0,1
1dfo,C,395,ASP,-3.5,111.1,-1.0,1,3,X,0.0,0.0,0.0,0.0,0.0,0.0,0.0,0.0,16,0.027510180593032695,7,18,-11,0,0,0,0,0,0,0,0,1
1dfo,C,396,GLU,-3.5,138.4,-1.0,1,3,X,0.0,0.0,0.0,0.0,0.0,0.0,0.0,0.0,16,0.025178809356335007,17,14,3,0,0,0,0,0,0,0,0,1
1dfo,C,397,ALA,1.8,88.6,0.0,0,0,X,0.0,0.0,0.0,0.0,0.0,0.0,0.0,0.0,16,0.02144861537761871,9,20,-11,0,0,0,0,0,0,0,0,1
1dfo,C,398,VAL,4.2,140.0,0.0,0,0,X,0.0,0.0,0.0,0.0,0.0,0.0,0.0,0.0,24,0.03357174580844668,17,33,-16,0,0,0,0,0,0,0,0,1
1dfo,C,399,ILE,4.5,166.7,0.0,0,0,X,0.0,0.0,0.0,0.0,0.0,0.0,0.0,0.0,29,0.04662742473395372,26,26,0,0,0,0,0,0,0,0,0,1
1dfo,C,400,GLU,-3.5,138.4,-1.0,1,3,X,0.0,0.0,0.0,0.0,0.0,0.0,0.0,0.0,19,0.03170664881908853,30,13,17,0,0,0,0,0,0,0,0,1
1dfo,C,401,ARG,-4.5,173.4,1.0,5,0,X,0.0,0.0,0.0,0.0,0.0,0.0,0.0,0.0,20,0.02844272908771177,20,23,-3,0,0,0,0,0,0,0,0,1
1dfo,C,402,ILE,4.5,166.7,0.0,0,0,X,0.0,0.0,0.0,0.0,0.0,0.0,0.0,0.0,32,0.043363505002576956,28,24,4,0,0,0,0,0,0,0,0,1
1dfo,C,403,LYS,-3.9,168.6,1.0,2,0,X,0.0,0.0,0.0,0.0,0.0,0.0,0.0,0.0,26,0.040565859518539735,28,19,9,0,0,0,0,0,0,0,0,1
1dfo,C,404,GLY,-0.4,60.1,0.0,0,0,X,0.0,0.0,0.0,0.0,0.0,0.0,0.0,0.0,22,0.03124037457174899,26,16,10,0,0,0,0,0,0,0,0,1
1dfo,C,405,LYS,-3.9,168.6,1.0,2,0,X,0.0,0.0,0.0,0.0,0.0,0.0,0.0,0.0,25,0.0363693912924839,16,23,-7,0,0,0,0,0,0,0,0,1
1dfo,C,406,VAL,4.2,140.0,0.0,0,0,X,0.0,0.0,0.0,0.0,0.0,0.0,0.0,0.0,35,0.04989134446533048,46,29,17,0,0,0,0,0,0,0,0,1
1dfo,C,407,LEU,3.8,166.7,0.0,0,0,X,0.0,0.0,0.0,0.0,0.0,0.0,0.0,0.0,26,0.04103213376587927,39,24,15,0,0,0,0,0,0,0,0,1
1dfo,C,408,ASP,-3.5,111.1,-1.0,1,3,X,0.0,0.0,0.0,0.0,0.0,0.0,0.0,0.0,19,0.032172923066428064,25,6,19,0,0,0,0,0,0,0,0,1
1dfo,C,409,ILE,4.5,166.7,0.0,0,0,X,0.0,0.0,0.0,0.0,0.0,0.0,0.0,0.0,27,0.04103213376587927,33,31,2,0,0,0,0,0,0,0,0,1
1dfo,C,410,CYS,2.5,108.5,0.0,1,0,X,0.0,0.0,0.0,0.0,0.0,0.0,0.0,0.0,32,0.048958795970651406,37,28,9,0,0,0,0,0,0,0,0,1
1dfo,C,411,ALA,1.8,88.6,0.0,0,0,X,0.0,0.0,0.0,0.0,0.0,0.0,0.0,0.0,18,0.03357174580844668,21,25,-4,0,0,0,0,0,0,0,0,1
1dfo,C,412,ARG,-4.5,173.4,1.0,5,0,X,0.0,0.0,0.0,0.0,0.0,0.0,0.0,0.0,17,0.028909003335051305,10,16,-6,0,0,0,0,0,0,0,0,1
1dfo,C,413,TYR,-1.3,193.6,0.0,1,1,X,0.0,0.0,0.0,0.0,0.0,0.0,0.0,0.0,24,0.03776821403450251,35,19,16,0,0,0,0,0,0,0,0,1
1dfo,C,414,PRO,-1.6,112.7,0.0,0,0,X,0.0,0.0,0.0,0.0,0.0,0.0,0.0,0.0,24,0.03450429430312575,26,13,13,0,0,0,0,0,0,0,0,1
1dfo,C,415,VAL,4.2,140.0,0.0,0,0,X,0.0,0.0,0.0,0.0,0.0,0.0,0.0,0.0,34,0.04149840801321881,41,15,26,0,0,0,0,0,0,0,0,1
1dfo,C,416,TYR,-1.3,193.6,0.0,1,1,X,0.0,0.0,0.0,0.0,0.0,0.0,0.0,0.0,27,0.03357174580844668,39,12,27,0,0,0,0,0,0,0,0,1
1dfo,C,417,ALA,1.8,88.6,0.0,0,0,X,0.0,0.0,0.0,0.0,0.0,0.0,0.0,0.0,13,0.02144861537761871,11,13,-2,0,0,0,0,0,0,0,0,1
1dfo,D,2,LEU,3.8,166.7,0.0,0,0,X,0.0,0.0,0.0,0.0,0.0,0.0,0.0,0.0,27,0.03357174580844668,37,12,25,0,0,0,0,0,0,0,0,1
1dfo,D,3,LYS,-3.9,168.6,1.0,2,0,X,0.0,0.0,0.0,0.0,0.0,0.0,0.0,0.0,17,0.026577632098353617,16,11,5,0,0,0,0,0,0,0,0,1
1dfo,D,4,ARG,-4.5,173.4,1.0,5,0,X,0.0,0.0,0.0,0.0,0.0,0.0,0.0,0.0,17,0.029375277582390842,14,10,4,0,0,0,0,0,0,0,0,1
1dfo,D,5,GLU,-3.5,138.4,-1.0,1,3,X,0.0,0.0,0.0,0.0,0.0,0.0,0.0,0.0,12,0.020516066882939634,17,4,13,0,0,0,0,0,0,0,0,1
1dfo,D,6,MET,1.9,162.9,0.0,0,0,X,0.0,0.0,0.0,0.0,0.0,0.0,0.0,0.0,23,0.03450429430312575,23,23,0,0,0,0,0,0,0,0,0,1
1dfo,D,7,ASN,-3.5,114.1,0.0,2,2,X,0.0,0.0,0.0,0.0,0.0,0.0,0.0,0.0,22,0.03916703677652112,19,28,-9,0,0,0,0,0,0,0,0,1
1dfo,D,8,ILE,4.5,166.7,0.0,0,0,X,0.0,0.0,0.0,0.0,0.0,0.0,0.0,0.0,32,0.048958795970651406,18,31,-13,0,0,0,0,0,0,0,0,1
1dfo,D,9,ALA,1.8,88.6,0.0,0,0,X,0.0,0.0,0.0,0.0,0.0,0.0,0.0,0.0,19,0.03310547156110714,10,29,-19,0,0,0,0,0,0,0,0,1
1dfo,D,10,ASP,-3.5,111.1,-1.0,1,3,X,0.0,0.0,0.0,0.0,0.0,0.0,0.0,0.0,14,0.02331371236697686,10,15,-5,0,0,0,0,0,0,0,0,1
1dfo,D,11,TYR,-1.3,193.6,0.0,1,1,X,0.0,0.0,0.0,0.0,0.0,0.0,0.0,0.0,26,0.030774100324409453,25,38,-13,0,0,0,0,0,0,0,0,1
1dfo,D,12,ASP,-3.5,111.1,-1.0,1,3,X,0.0,0.0,0.0,0.0,0.0,0.0,0.0,0.0,26,0.043363505002576956,25,24,1,0,0,0,0,0,0,0,0,1
1dfo,D,13,ALA,1.8,88.6,0.0,0,0,X,0.0,0.0,0.0,0.0,0.0,0.0,0.0,0.0,19,0.03357174580844668,8,27,-19,0,0,0,0,0,0,0,0,1
1dfo,D,14,GLU,-3.5,138.4,-1.0,1,3,X,0.0,0.0,0.0,0.0,0.0,0.0,0.0,0.0,21,0.030774100324409453,11,9,2,0,0,0,0,0,0,0,0,1
1dfo,D,15,LEU,3.8,166.7,0.0,0,0,X,0.0,0.0,0.0,0.0,0.0,0.0,0.0,0.0,39,0.04709369898129325,20,29,-9,0,0,0,0,0,0,0,0,1
1dfo,D,16,TRP,-0.9,227.8,0.0,1,0,X,0.0,0.0,0.0,0.0,0.0,0.0,0.0,0.0,24,0.04149840801321881,8,30,-22,0,0,0,0,0,0,0,0,1
1dfo,D,17,GLN,-3.5,143.8,0.0,2,2,X,0.0,0.0,0.0,0.0,0.0,0.0,0.0,0.0,18,0.034970568550465285,1,27,-26,0,0,0,0,0,0,0,0,1
1dfo,D,18,ALA,1.8,88.6,0.0,0,0,X,0.0,0.0,0.0,0.0,0.0,0.0,0.0,0.0,27,0.04709369898129325,9,42,-33,0,0,0,0,0,0,0,0,1
1dfo,D,19,MET,1.9,162.9,0.0,0,0,X,0.0,0.0,0.0,0.0,0.0,0.0,0.0,0.0,37,0.048958795970651406,16,29,-13,0,0,0,0,0,0,0,0,1
1dfo,D,20,GLU,-3.5,138.4,-1.0,1,3,X,0.0,0.0,0.0,0.0,0.0,0.0,0.0,0.0,22,0.03730193978716297,16,10,6,0,0,0,0,0,0,0,0,1
1dfo,D,21,GLN,-3.5,143.8,0.0,2,2,X,0.0,0.0,0.0,0.0,0.0,0.0,0.0,0.0,24,0.03823448828184205,18,33,-15,0,0,0,0,0,0,0,0,1
1dfo,D,22,GLU,-3.5,138.4,-1.0,1,3,X,0.0,0.0,0.0,0.0,0.0,0.0,0.0,0.0,35,0.04989134446533048,36,37,-1,0,0,0,0,0,0,0,0,1
1dfo,D,23,LYS,-3.9,168.6,1.0,2,0,X,0.0,0.0,0.0,0.0,0.0,0.0,0.0,0.0,22,0.043829779249916496,15,30,-15,0,0,0,0,0,0,0,0,1
1dfo,D,24,VAL,4.2,140.0,0.0,0,0,X,0.0,0.0,0.0,0.0,0.0,0.0,0.0,0.0,21,0.03870076252918159,36,36,0,0,0,0,0,0,0,0,0,1
1dfo,D,25,ARG,-4.5,173.4,1.0,5,0,X,0.0,0.0,0.0,0.0,0.0,0.0,0.0,0.0,34,0.04289723075523742,27,51,-24,0,0,0,0,0,0,0,0,1
1dfo,D,26,GLN,-3.5,143.8,0.0,2,2,X,0.0,0.0,0.0,0.0,0.0,0.0,0.0,0.0,37,0.05035761871267001,46,43,3,0,0,0,0,0,0,0,0,1
1dfo,D,27,GLU,-3.5,138.4,-1.0,1,3,X,0.0,0.0,0.0,0.0,0.0,0.0,0.0,0.0,29,0.045228601991935104,45,21,24,0,0,0,0,0,0,0,0,1
1dfo,D,28,GLU,-3.5,138.4,-1.0,1,3,X,0.0,0.0,0.0,0.0,0.0,0.0,0.0,0.0,32,0.04243095650789788,39,22,17,0,0,0,0,0,0,0,0,1
1dfo,D,29,HIS,-3.2,153.2,0.1,2,1,X,0.0,0.0,0.0,0.0,0.0,0.0,0.0,0.0,36,0.05035761871267001,35,37,-2,0,0,0,0,0,0,0,0,1
1dfo,D,30,ILE,4.5,166.7,0.0,0,0,X,0.0,0.0,0.0,0.0,0.0,0.0,0.0,0.0,42,0.053155264196707235,30,23,7,0,0,0,0,0,0,0,0,1
1dfo,D,31,GLU,-3.5,138.4,-1.0,1,3,X,0.0,0.0,0.0,0.0,0.0,0.0,0.0,0.0,41,0.048026247475972325,36,21,15,0,0,0,0,0,0,0,0,1
1dfo,D,32,LEU,3.8,166.7,0.0,0,0,X,0.0,0.0,0.0,0.0,0.0,0.0,0.0,0.0,39,0.05035761871267001,20,19,1,0,0,0,0,0,0,0,0,1
1dfo,D,33,ILE,4.5,166.7,0.0,0,0,X,0.0,0.0,0.0,0.0,0.0,0.0,0.0,0.0,41,0.05222271570202816,41,21,20,0,0,0,0,0,0,0,0,1
1dfo,D,34,ALA,1.8,88.6,0.0,0,0,X,0.0,0.0,0.0,0.0,0.0,0.0,0.0,0.0,39,0.053621538444046775,43,16,27,0,0,0,0,0,0,0,0,1
1dfo,D,35,SER,-0.8,89.0,0.0,1,1,X,0.0,0.0,0.0,0.0,0.0,0.0,0.0,0.0,43,0.04942507021799094,62,20,42,0,0,0,0,0,0,0,0,1
1dfo,D,36,GLU,-3.5,138.4,-1.0,1,3,X,0.0,0.0,0.0,0.0,0.0,0.0,0.0,0.0,41,0.0526889899493677,47,10,37,0,0,0,0,0,0,0,0,1
1dfo,D,37,ASN,-3.5,114.1,0.0,2,2,X,0.0,0.0,0.0,0.0,0.0,0.0,0.0,0.0,40,0.050823892960009553,39,17,22,0,0,0,0,0,0,0,0,1
1dfo,D,38,TYR,-1.3,193.6,0.0,1,1,X,0.0,0.0,0.0,0.0,0.0,0.0,0.0,0.0,40,0.048026247475972325,36,28,8,0,0,0,0,0,0,0,0,1
1dfo,D,39,THR,-0.7,116.1,0.0,1,1,X,0.0,0.0,0.0,0.0,0.0,0.0,0.0,0.0,40,0.04942507021799094,34,8,26,0,0,0,0,0,0,0,0,1
1dfo,D,40,SER,-0.8,89.0,0.0,1,1,X,0.0,0.0,0.0,0.0,0.0,0.0,0.0,0.0,37,0.04662742473395372,29,11,18,0,0,0,0,0,0,0,0,1
1dfo,D,41,PRO,-1.6,112.7,0.0,0,0,X,0.0,0.0,0.0,0.0,0.0,0.0,0.0,0.0,30,0.048026247475972325,33,11,22,0,0,0,0,0,0,0,0,1
1dfo,D,42,ARG,-4.5,173.4,1.0,5,0,X,0.0,0.0,0.0,0.0,0.0,0.0,0.0,0.0,36,0.048958795970651406,21,33,-12,0,0,0,0,0,0,0,0,1
1dfo,D,43,VAL,4.2,140.0,0.0,0,0,X,0.0,0.0,0.0,0.0,0.0,0.0,0.0,0.0,41,0.05222271570202816,34,7,27,0,0,0,0,0,0,0,0,1
1dfo,D,44,MET,1.9,162.9,0.0,0,0,X,0.0,0.0,0.0,0.0,0.0,0.0,0.0,0.0,31,0.04476232774459557,27,3,24,0,0,0,0,0,0,0,0,1
1dfo,D,45,GLN,-3.5,143.8,0.0,2,2,X,0.0,0.0,0.0,0.0,0.0,0.0,0.0,0.0,26,0.040099585271200194,15,6,9,0,0,0,0,0,0,0,0,1
1dfo,D,46,ALA,1.8,88.6,0.0,0,0,X,0.0,0.0,0.0,0.0,0.0,0.0,0.0,0.0,32,0.048026247475972325,24,0,24,0,0,0,0,0,0,0,0,1
1dfo,D,47,GLN,-3.5,143.8,0.0,2,2,X,0.0,0.0,0.0,0.0,0.0,0.0,0.0,0.0,29,0.053621538444046775,39,0,39,0,0,0,0,0,0,0,0,1
1dfo,D,48,GLY,-0.4,60.1,0.0,0,0,X,0.0,0.0,0.0,0.0,0.0,0.0,0.0,0.0,23,0.04289723075523742,22,0,22,0,0,0,0,0,0,0,0,1
1dfo,D,49,SER,-0.8,89.0,0.0,1,1,X,0.0,0.0,0.0,0.0,0.0,0.0,0.0,0.0,32,0.03963331102386066,20,10,10,0,0,0,0,0,0,0,0,1
1dfo,D,50,GLN,-3.5,143.8,0.0,2,2,X,0.0,0.0,0.0,0.0,0.0,0.0,0.0,0.0,33,0.04429605349725603,28,21,7,0,0,0,0,0,0,0,0,1
1dfo,D,51,LEU,3.8,166.7,0.0,0,0,X,0.0,0.0,0.0,0.0,0.0,0.0,0.0,0.0,39,0.05035761871267001,36,16,20,0,0,0,0,0,0,0,0,1
1dfo,D,52,THR,-0.7,116.1,0.0,1,1,X,0.0,0.0,0.0,0.0,0.0,0.0,0.0,0.0,37,0.04989134446533048,38,10,28,0,0,0,0,0,0,0,0,1
1dfo,D,53,ASN,-3.5,114.1,0.0,2,2,X,0.0,0.0,0.0,0.0,0.0,0.0,0.0,0.0,38,0.05129016720734909,48,22,26,0,0,0,0,0,0,0,0,1
1dfo,D,54,LYS,-3.9,168.6,1.0,2,0,X,0.0,0.0,0.0,0.0,0.0,0.0,0.0,0.0,36,0.048492521723311866,35,36,-1,0,0,0,0,0,0,0,0,1
1dfo,D,55,TYR,-1.3,193.6,0.0,1,1,X,0.0,0.0,0.0,0.0,0.0,0.0,0.0,0.0,36,0.048026247475972325,54,20,34,0,0,0,0,0,0,0,0,1
1dfo,D,56,ALA,1.8,88.6,0.0,0,0,X,0.0,0.0,0.0,0.0,0.0,0.0,0.0,0.0,38,0.05781800667010261,32,29,3,0,0,0,0,0,0,0,0,1
1dfo,D,57,GLU,-3.5,138.4,-1.0,1,3,X,0.0,0.0,0.0,0.0,0.0,0.0,0.0,0.0,38,0.04989134446533048,35,7,28,0,0,0,0,0,0,0,0,1
1dfo,D,58,GLY,-0.4,60.1,0.0,0,0,X,0.0,0.0,0.0,0.0,0.0,0.0,0.0,0.0,32,0.045694876239274644,18,20,-2,0,0,0,0,0,0,0,0,1
1dfo,D,59,TYR,-1.3,193.6,0.0,1,1,X,0.0,0.0,0.0,0.0,0.0,0.0,0.0,0.0,33,0.03776821403450251,19,20,-1,0,0,0,0,0,0,0,0,1
1dfo,D,60,PRO,-1.6,112.7,0.0,0,0,X,0.0,0.0,0.0,0.0,0.0,0.0,0.0,0.0,28,0.03683566553982344,16,26,-10,0,0,0,0,0,0,0,0,1
1dfo,D,61,GLY,-0.4,60.1,0.0,0,0,X,0.0,0.0,0.0,0.0,0.0,0.0,0.0,0.0,19,0.022381163872297785,20,22,-2,0,0,0,0,0,0,0,0,1
1dfo,D,62,LYS,-3.9,168.6,1.0,2,0,X,0.0,0.0,0.0,0.0,0.0,0.0,0.0,0.0,20,0.02797645484037223,18,13,5,0,0,0,0,0,0,0,0,1
1dfo,D,63,ARG,-4.5,173.4,1.0,5,0,X,0.0,0.0,0.0,0.0,0.0,0.0,0.0,0.0,28,0.04289723075523742,15,32,-17,0,0,0,0,0,0,0,0,1
1dfo,D,64,TYR,-1.3,193.6,0.0,1,1,X,0.0,0.0,0.0,0.0,0.0,0.0,0.0,0.0,31,0.04709369898129325,30,12,18,0,0,0,0,0,0,0,0,1
1dfo,D,65,TYR,-1.3,193.6,0.0,1,1,X,0.0,0.0,0.0,0.0,0.0,0.0,0.0,0.0,36,0.04755997322863279,44,24,20,0,0,0,0,0,0,0,0,1
1dfo,D,66,GLY,-0.4,60.1,0.0,0,0,X,0.0,0.0,0.0,0.0,0.0,0.0,0.0,0.0,38,0.04289723075523742,43,39,4,0,0,0,0,0,0,0,0,1
1dfo,D,67,GLY,-0.4,60.1,0.0,0,0,X,0.0,0.0,0.0,0.0,0.0,0.0,0.0,0.0,32,0.04103213376587927,41,42,-1,0,0,0,0,0,0,0,0,1
1dfo,D,68,CYS,2.5,108.5,0.0,1,0,X,0.0,0.0,0.0,0.0,0.0,0.0,0.0,0.0,33,0.04149840801321881,35,41,-6,0,0,0,0,0,0,0,0,1
1dfo,D,69,GLU,-3.5,138.4,-1.0,1,3,X,0.0,0.0,0.0,0.0,0.0,0.0,0.0,0.0,23,0.030307826077069916,29,18,11,0,0,0,0,0,0,0,0,1
1dfo,D,70,TYR,-1.3,193.6,0.0,1,1,X,0.0,0.0,0.0,0.0,0.0,0.0,0.0,0.0,26,0.04662742473395372,25,33,-8,0,0,0,0,0,0,0,0,1
1dfo,D,71,VAL,4.2,140.0,0.0,0,0,X,0.0,0.0,0.0,0.0,0.0,0.0,0.0,0.0,41,0.04662742473395372,28,38,-10,0,0,0,0,0,0,0,0,1
1dfo,D,72,ASP,-3.5,111.1,-1.0,1,3,X,0.0,0.0,0.0,0.0,0.0,0.0,0.0,0.0,32,0.04196468226055834,19,24,-5,0,0,0,0,0,0,0,0,1
1dfo,D,73,ILE,4.5,166.7,0.0,0,0,X,0.0,0.0,0.0,0.0,0.0,0.0,0.0,0.0,31,0.03776821403450251,4,39,-35,0,0,0,0,0,0,0,0,1
1dfo,D,74,VAL,4.2,140.0,0.0,0,0,X,0.0,0.0,0.0,0.0,0.0,0.0,0.0,0.0,40,0.05035761871267001,21,37,-16,0,0,0,0,0,0,0,0,1
1dfo,D,75,GLU,-3.5,138.4,-1.0,1,3,X,0.0,0.0,0.0,0.0,0.0,0.0,0.0,0.0,39,0.05129016720734909,16,17,-1,0,0,0,0,0,0,0,0,1
1dfo,D,76,GLN,-3.5,143.8,0.0,2,2,X,0.0,0.0,0.0,0.0,0.0,0.0,0.0,0.0,25,0.03870076252918159,19,27,-8,0,0,0,0,0,0,0,0,1
1dfo,D,77,LEU,3.8,166.7,0.0,0,0,X,0.0,0.0,0.0,0.0,0.0,0.0,0.0,0.0,34,0.04429605349725603,24,37,-13,0,0,0,0,0,0,0,0,1
1dfo,D,78,ALA,1.8,88.6,0.0,0,0,X,0.0,0.0,0.0,0.0,0.0,0.0,0.0,0.0,38,0.0526889899493677,31,23,8,0,0,0,0,0,0,0,0,1
1dfo,D,79,ILE,4.5,166.7,0.0,0,0,X,0.0,0.0,0.0,0.0,0.0,0.0,0.0,0.0,32,0.04476232774459557,23,26,-3,0,0,0,0,0,0,0,0,1
1dfo,D,80,ASP,-3.5,111.1,-1.0,1,3,X,0.0,0.0,0.0,0.0,0.0,0.0,0.0,0.0,26,0.03590311704514436,20,23,-3,0,0,0,0,0,0,0,0,1
1dfo,D,81,ARG,-4.5,173.4,1.0,5,0,X,0.0,0.0,0.0,0.0,0.0,0.0,0.0,0.0,32,0.043829779249916496,22,38,-16,0,0,0,0,0,0,0,0,1
1dfo,D,82,ALA,1.8,88.6,0.0,0,0,X,0.0,0.0,0.0,0.0,0.0,0.0,0.0,0.0,35,0.04942507021799094,26,23,3,0,0,0,0,0,0,0,0,1
1dfo,D,83,LYS,-3.9,168.6,1.0,2,0,X,0.0,0.0,0.0,0.0,0.0,0.0,0.0,0.0,27,0.043363505002576956,14,26,-12,0,0,0,0,0,0,0,0,1
1dfo,D,84,GLU,-3.5,138.4,-1.0,1,3,X,0.0,0.0,0.0,0.0,0.0,0.0,0.0,0.0,18,0.029375277582390842,23,10,13,0,0,0,0,0,0,0,0,1
1dfo,D,85,LEU,3.8,166.7,0.0,0,0,X,0.0,0.0,0.0,0.0,0.0,0.0,0.0,0.0,35,0.034970568550465285,20,19,1,0,0,0,0,0,0,0,0,1
1dfo,D,86,PHE,2.8,189.9,0.0,0,0,X,0.0,0.0,0.0,0.0,0.0,0.0,0.0,0.0,42,0.035436842797804825,15,9,6,0,0,0,0,0,0,0,0,1
1dfo,D,87,GLY,-0.4,60.1,0.0,0,0,X,0.0,0.0,0.0,0.0,0.0,0.0,0.0,0.0,26,0.03124037457174899,22,19,3,0,0,0,0,0,0,0,0,1
1dfo,D,88,ALA,1.8,88.6,0.0,0,0,X,0.0,0.0,0.0,0.0,0.0,0.0,0.0,0.0,28,0.043363505002576956,23,20,3,0,0,0,0,0,0,0,0,1
1dfo,D,89,ASP,-3.5,111.1,-1.0,1,3,X,0.0,0.0,0.0,0.0,0.0,0.0,0.0,0.0,28,0.03170664881908853,24,6,18,0,0,0,0,0,0,0,0,1
1dfo,D,90,TYR,-1.3,193.6,0.0,1,1,X,0.0,0.0,0.0,0.0,0.0,0.0,0.0,0.0,34,0.03870076252918159,26,15,11,0,0,0,0,0,0,0,0,1
1dfo,D,91,ALA,1.8,88.6,0.0,0,0,X,0.0,0.0,0.0,0.0,0.0,0.0,0.0,0.0,37,0.04709369898129325,15,21,-6,0,0,0,0,0,0,0,0,1
1dfo,D,92,ASN,-3.5,114.1,0.0,2,2,X,0.0,0.0,0.0,0.0,0.0,0.0,0.0,0.0,42,0.048492521723311866,11,9,2,0,0,0,0,0,0,0,0,1
1dfo,D,93,VAL,4.2,140.0,0.0,0,0,X,0.0,0.0,0.0,0.0,0.0,0.0,0.0,0.0,44,0.04709369898129325,21,12,9,0,0,0,0,0,0,0,0,1
1dfo,D,94,GLN,-3.5,143.8,0.0,2,2,X,0.0,0.0,0.0,0.0,0.0,0.0,0.0,0.0,43,0.048958795970651406,20,15,5,0,0,0,0,0,0,0,0,1
1dfo,D,95,PRO,-1.6,112.7,0.0,0,0,X,0.0,0.0,0.0,0.0,0.0,0.0,0.0,0.0,42,0.04942507021799094,22,2,20,0,0,0,0,0,0,0,0,1
1dfo,D,96,HIS,-3.2,153.2,0.1,2,1,X,0.0,0.0,0.0,0.0,0.0,0.0,0.0,0.0,26,0.04755997322863279,18,0,18,0,0,0,0,0,0,0,0,1
1dfo,D,97,SER,-0.8,89.0,0.0,1,1,X,0.0,0.0,0.0,0.0,0.0,0.0,0.0,0.0,40,0.04709369898129325,47,3,44,0,0,0,0,0,0,0,0,1
1dfo,D,98,GLY,-0.4,60.1,0.0,0,0,X,0.0,0.0,0.0,0.0,0.0,0.0,0.0,0.0,43,0.05035761871267001,40,8,32,0,0,0,0,0,0,0,0,1
1dfo,D,99,SER,-0.8,89.0,0.0,1,1,X,0.0,0.0,0.0,0.0,0.0,0.0,0.0,0.0,39,0.04243095650789788,31,6,25,0,0,0,0,0,0,0,0,1
1dfo,D,100,GLN,-3.5,143.8,0.0,2,2,X,0.0,0.0,0.0,0.0,0.0,0.0,0.0,0.0,32,0.050823892960009553,22,0,22,0,0,0,0,0,0,0,0,1
1dfo,D,101,ALA,1.8,88.6,0.0,0,0,X,0.0,0.0,0.0,0.0,0.0,0.0,0.0,0.0,41,0.05222271570202816,12,6,6,0,0,0,0,0,0,0,0,1
1dfo,D,102,ASN,-3.5,114.1,0.0,2,2,X,0.0,0.0,0.0,0.0,0.0,0.0,0.0,0.0,41,0.04709369898129325,18,8,10,0,0,0,0,0,0,0,0,1
1dfo,D,103,PHE,2.8,189.9,0.0,0,0,X,0.0,0.0,0.0,0.0,0.0,0.0,0.0,0.0,31,0.04709369898129325,0,0,0,0,0,0,0,0,0,0,0,1
1dfo,D,104,ALA,1.8,88.6,0.0,0,0,X,0.0,0.0,0.0,0.0,0.0,0.0,0.0,0.0,40,0.04989134446533048,7,0,7,0,0,0,0,0,0,0,0,1
1dfo,D,105,VAL,4.2,140.0,0.0,0,0,X,0.0,0.0,0.0,0.0,0.0,0.0,0.0,0.0,39,0.048958795970651406,8,5,3,0,0,0,0,0,0,0,0,1
1dfo,D,106,TYR,-1.3,193.6,0.0,1,1,X,0.0,0.0,0.0,0.0,0.0,0.0,0.0,0.0,43,0.045228601991935104,10,12,-2,0,0,0,0,0,0,0,0,1
1dfo,D,107,THR,-0.7,116.1,0.0,1,1,X,0.0,0.0,0.0,0.0,0.0,0.0,0.0,0.0,32,0.040565859518539735,15,10,5,0,0,0,0,0,0,0,0,1
1dfo,D,108,ALA,1.8,88.6,0.0,0,0,X,0.0,0.0,0.0,0.0,0.0,0.0,0.0,0.0,31,0.03963331102386066,17,12,5,0,0,0,0,0,0,0,0,1
1dfo,D,109,LEU,3.8,166.7,0.0,0,0,X,0.0,0.0,0.0,0.0,0.0,0.0,0.0,0.0,29,0.03730193978716297,22,14,8,0,0,0,0,0,0,0,0,1
1dfo,D,110,LEU,3.8,166.7,0.0,0,0,X,0.0,0.0,0.0,0.0,0.0,0.0,0.0,0.0,28,0.04149840801321881,8,17,-9,0,0,0,0,0,0,0,0,1
1dfo,D,111,GLU,-3.5,138.4,-1.0,1,3,X,0.0,0.0,0.0,0.0,0.0,0.0,0.0,0.0,18,0.030307826077069916,9,8,1,0,0,0,0,0,0,0,0,1
1dfo,D,112,PRO,-1.6,112.7,0.0,0,0,X,0.0,0.0,0.0,0.0,0.0,0.0,0.0,0.0,16,0.030774100324409453,9,20,-11,0,0,0,0,0,0,0,0,1
1dfo,D,113,GLY,-0.4,60.1,0.0,0,0,X,0.0,0.0,0.0,0.0,0.0,0.0,0.0,0.0,16,0.029375277582390842,7,17,-10,0,0,0,0,0,0,0,0,1
1dfo,D,114,ASP,-3.5,111.1,-1.0,1,3,X,0.0,0.0,0.0,0.0,0.0,0.0,0.0,0.0,21,0.035436842797804825,8,9,-1,0,0,0,0,0,0,0,0,1
1dfo,D,115,THR,-0.7,116.1,0.0,1,1,X,0.0,0.0,0.0,0.0,0.0,0.0,0.0,0.0,28,0.04149840801321881,24,15,9,0,0,0,0,0,0,0,0,1
1dfo,D,116,VAL,4.2,140.0,0.0,0,0,X,0.0,0.0,0.0,0.0,0.0,0.0,0.0,0.0,36,0.05222271570202816,22,10,12,0,0,0,0,0,0,0,0,1
1dfo,D,117,LEU,3.8,166.7,0.0,0,0,X,0.0,0.0,0.0,0.0,0.0,0.0,0.0,0.0,39,0.05129016720734909,27,9,18,0,0,0,0,0,0,0,0,1
1dfo,D,118,GLY,-0.4,60.1,0.0,0,0,X,0.0,0.0,0.0,0.0,0.0,0.0,0.0,0.0,35,0.05175644145468863,17,0,17,0,0,0,0,0,0,0,0,1
1dfo,D,119,MET,1.9,162.9,0.0,0,0,X,0.0,0.0,0.0,0.0,0.0,0.0,0.0,0.0,38,0.0526889899493677,27,2,25,0,0,0,0,0,0,0,0,1
1dfo,D,120,ASN,-3.5,114.1,0.0,2,2,X,0.0,0.0,0.0,0.0,0.0,0.0,0.0,0.0,29,0.043829779249916496,24,1,23,0,0,0,0,0,0,0,0,1
1dfo,D,121,LEU,3.8,166.7,0.0,0,0,X,0.0,0.0,0.0,0.0,0.0,0.0,0.0,0.0,37,0.04103213376587927,32,4,28,0,0,0,0,0,0,0,0,1
1dfo,D,122,ALA,1.8,88.6,0.0,0,0,X,0.0,0.0,0.0,0.0,0.0,0.0,0.0,0.0,31,0.03730193978716297,17,9,8,0,0,0,0,0,0,0,0,1
1dfo,D,123,HIS,-3.2,153.2,0.1,2,1,X,0.0,0.0,0.0,0.0,0.0,0.0,0.0,0.0,29,0.04429605349725603,5,11,-6,0,0,0,0,0,0,0,0,1
1dfo,D,124,GLY,-0.4,60.1,0.0,0,0,X,0.0,0.0,0.0,0.0,0.0,0.0,0.0,0.0,34,0.04942507021799094,41,0,41,0,0,0,0,0,0,0,0,1
1dfo,D,125,GLY,-0.4,60.1,0.0,0,0,X,0.0,0.0,0.0,0.0,0.0,0.0,0.0,0.0,34,0.04662742473395372,36,5,31,0,0,0,0,0,0,0,0,1
1dfo,D,126,HIS,-3.2,153.2,0.1,2,1,X,0.0,0.0,0.0,0.0,0.0,0.0,0.0,0.0,42,0.043363505002576956,23,12,11,0,0,0,0,0,0,0,0,1
1dfo,D,127,LEU,3.8,166.7,0.0,0,0,X,0.0,0.0,0.0,0.0,0.0,0.0,0.0,0.0,36,0.043829779249916496,21,6,15,0,0,0,0,0,0,0,0,1
1dfo,D,128,THR,-0.7,116.1,0.0,1,1,X,0.0,0.0,0.0,0.0,0.0,0.0,0.0,0.0,44,0.04989134446533048,21,9,12,0,0,0,0,0,0,0,0,1
1dfo,D,129,HIS,-3.2,153.2,0.1,2,1,X,0.0,0.0,0.0,0.0,0.0,0.0,0.0,0.0,42,0.05222271570202816,10,8,2,0,0,0,0,0,0,0,0,1
1dfo,D,130,GLY,-0.4,60.1,0.0,0,0,X,0.0,0.0,0.0,0.0,0.0,0.0,0.0,0.0,32,0.05455408693872585,27,0,27,0,0,0,0,0,0,0,0,1
1dfo,D,131,SER,-0.8,89.0,0.0,1,1,X,0.0,0.0,0.0,0.0,0.0,0.0,0.0,0.0,26,0.040565859518539735,27,0,27,0,0,0,0,0,0,0,0,1
1dfo,D,132,PRO,-1.6,112.7,0.0,0,0,X,0.0,0.0,0.0,0.0,0.0,0.0,0.0,0.0,20,0.02844272908771177,15,0,15,0,0,0,0,0,0,0,0,1
1dfo,D,133,VAL,4.2,140.0,0.0,0,0,X,0.0,0.0,0.0,0.0,0.0,0.0,0.0,0.0,24,0.032639197313767604,11,0,11,0,0,0,0,0,0,0,0,1
1dfo,D,134,ASN,-3.5,114.1,0.0,2,2,X,0.0,0.0,0.0,0.0,0.0,0.0,0.0,0.0,30,0.04476232774459557,25,0,25,0,0,0,0,0,0,0,0,1
1dfo,D,135,PHE,2.8,189.9,0.0,0,0,X,0.0,0.0,0.0,0.0,0.0,0.0,0.0,0.0,34,0.04616115048661418,18,0,18,0,0,0,0,0,0,0,0,1
1dfo,D,136,SER,-0.8,89.0,0.0,1,1,X,0.0,0.0,0.0,0.0,0.0,0.0,0.0,0.0,34,0.050823892960009553,24,1,23,0,0,0,0,0,0,0,0,1
1dfo,D,137,GLY,-0.4,60.1,0.0,0,0,X,0.0,0.0,0.0,0.0,0.0,0.0,0.0,0.0,25,0.04476232774459557,15,3,12,0,0,0,0,0,0,0,0,1
1dfo,D,138,LYS,-3.9,168.6,1.0,2,0,X,0.0,0.0,0.0,0.0,0.0,0.0,0.0,0.0,25,0.03310547156110714,0,7,-7,0,0,0,0,0,0,0,0,1
1dfo,D,139,LEU,3.8,166.7,0.0,0,0,X,0.0,0.0,0.0,0.0,0.0,0.0,0.0,0.0,21,0.034970568550465285,9,17,-8,0,0,0,0,0,0,0,0,1
1dfo,D,140,TYR,-1.3,193.6,0.0,1,1,X,0.0,0.0,0.0,0.0,0.0,0.0,0.0,0.0,31,0.04429605349725603,11,16,-5,0,0,0,0,0,0,0,0,1
1dfo,D,141,ASN,-3.5,114.1,0.0,2,2,X,0.0,0.0,0.0,0.0,0.0,0.0,0.0,0.0,24,0.032639197313767604,18,10,8,0,0,0,0,0,0,0,0,1
1dfo,D,142,ILE,4.5,166.7,0.0,0,0,X,0.0,0.0,0.0,0.0,0.0,0.0,0.0,0.0,32,0.03683566553982344,16,5,11,0,0,0,0,0,0,0,0,1
1dfo,D,143,VAL,4.2,140.0,0.0,0,0,X,0.0,0.0,0.0,0.0,0.0,0.0,0.0,0.0,28,0.0363693912924839,19,8,11,0,0,0,0,0,0,0,0,1
1dfo,D,144,PRO,-1.6,112.7,0.0,0,0,X,0.0,0.0,0.0,0.0,0.0,0.0,0.0,0.0,26,0.034970568550465285,17,3,14,0,0,0,0,0,0,0,0,1
1dfo,D,145,TYR,-1.3,193.6,0.0,1,1,X,0.0,0.0,0.0,0.0,0.0,0.0,0.0,0.0,37,0.04103213376587927,20,15,5,0,0,0,0,0,0,0,0,1
1dfo,D,146,GLY,-0.4,60.1,0.0,0,0,X,0.0,0.0,0.0,0.0,0.0,0.0,0.0,0.0,30,0.040099585271200194,15,24,-9,0,0,0,0,0,0,0,0,1
1dfo,D,147,ILE,4.5,166.7,0.0,0,0,X,0.0,0.0,0.0,0.0,0.0,0.0,0.0,0.0,29,0.040565859518539735,20,19,1,0,0,0,0,0,0,0,0,1
1dfo,D,148,ASP,-3.5,111.1,-1.0,1,3,X,0.0,0.0,0.0,0.0,0.0,0.0,0.0,0.0,20,0.027510180593032695,17,14,3,0,0,0,0,0,0,0,0,1
1dfo,D,149,ALA,1.8,88.6,0.0,0,0,X,0.0,0.0,0.0,0.0,0.0,0.0,0.0,0.0,15,0.017718421398902413,17,12,5,0,0,0,0,0,0,0,0,1
1dfo,D,150,THR,-0.7,116.1,0.0,1,1,X,0.0,0.0,0.0,0.0,0.0,0.0,0.0,0.0,16,0.02331371236697686,12,13,-1,0,0,0,0,0,0,0,0,1
1dfo,D,151,GLY,-0.4,60.1,0.0,0,0,X,0.0,0.0,0.0,0.0,0.0,0.0,0.0,0.0,26,0.035436842797804825,21,12,9,0,0,0,0,0,0,0,0,1
1dfo,D,152,HIS,-3.2,153.2,0.1,2,1,X,0.0,0.0,0.0,0.0,0.0,0.0,0.0,0.0,24,0.03776821403450251,2,20,-18,0,0,0,0,0,0,0,0,1
1dfo,D,153,ILE,4.5,166.7,0.0,0,0,X,0.0,0.0,0.0,0.0,0.0,0.0,0.0,0.0,33,0.043363505002576956,19,31,-12,0,0,0,0,0,0,0,0,1
1dfo,D,154,ASP,-3.5,111.1,-1.0,1,3,X,0.0,0.0,0.0,0.0,0.0,0.0,0.0,0.0,19,0.03450429430312575,19,23,-4,0,0,0,0,0,0,0,0,1
1dfo,D,155,TYR,-1.3,193.6,0.0,1,1,X,0.0,0.0,0.0,0.0,0.0,0.0,0.0,0.0,26,0.03590311704514436,18,38,-20,0,0,0,0,0,0,0,0,1
1dfo,D,156,ALA,1.8,88.6,0.0,0,0,X,0.0,0.0,0.0,0.0,0.0,0.0,0.0,0.0,16,0.029375277582390842,22,28,-6,0,0,0,0,0,0,0,0,1
1dfo,D,157,ASP,-3.5,111.1,-1.0,1,3,X,0.0,0.0,0.0,0.0,0.0,0.0,0.0,0.0,21,0.030774100324409453,15,27,-12,0,0,0,0,0,0,0,0,1
1dfo,D,158,LEU,3.8,166.7,0.0,0,0,X,0.0,0.0,0.0,0.0,0.0,0.0,0.0,0.0,36,0.04476232774459557,28,28,0,0,0,0,0,0,0,0,0,1
1dfo,D,159,GLU,-3.5,138.4,-1.0,1,3,X,0.0,0.0,0.0,0.0,0.0,0.0,0.0,0.0,23,0.04149840801321881,31,33,-2,0,0,0,0,0,0,0,0,1
1dfo,D,160,LYS,-3.9,168.6,1.0,2,0,X,0.0,0.0,0.0,0.0,0.0,0.0,0.0,0.0,13,0.03776821403450251,15,38,-23,0,0,0,0,0,0,0,0,1
1dfo,D,161,GLN,-3.5,143.8,0.0,2,2,X,0.0,0.0,0.0,0.0,0.0,0.0,0.0,0.0,25,0.040099585271200194,30,30,0,0,0,0,0,0,0,0,0,1
1dfo,D,162,ALA,1.8,88.6,0.0,0,0,X,0.0,0.0,0.0,0.0,0.0,0.0,0.0,0.0,31,0.04942507021799094,43,34,9,0,0,0,0,0,0,0,0,1
1dfo,D,163,LYS,-3.9,168.6,1.0,2,0,X,0.0,0.0,0.0,0.0,0.0,0.0,0.0,0.0,24,0.04289723075523742,40,35,5,0,0,0,0,0,0,0,0,1
1dfo,D,164,GLU,-3.5,138.4,-1.0,1,3,X,0.0,0.0,0.0,0.0,0.0,0.0,0.0,0.0,14,0.02984155182973038,43,7,36,0,0,0,0,0,0,0,0,1
1dfo,D,165,HIS,-3.2,153.2,0.1,2,1,X,0.0,0.0,0.0,0.0,0.0,0.0,0.0,0.0,21,0.03170664881908853,20,12,8,0,0,0,0,0,0,0,0,1
1dfo,D,166,LYS,-3.9,168.6,1.0,2,0,X,0.0,0.0,0.0,0.0,0.0,0.0,0.0,0.0,29,0.03683566553982344,35,12,23,0,0,0,0,0,0,0,0,1
1dfo,D,167,PRO,-1.6,112.7,0.0,0,0,X,0.0,0.0,0.0,0.0,0.0,0.0,0.0,0.0,32,0.04616115048661418,34,16,18,0,0,0,0,0,0,0,0,1
1dfo,D,168,LYS,-3.9,168.6,1.0,2,0,X,0.0,0.0,0.0,0.0,0.0,0.0,0.0,0.0,28,0.04196468226055834,15,13,2,0,0,0,0,0,0,0,0,1
1dfo,D,169,MET,1.9,162.9,0.0,0,0,X,0.0,0.0,0.0,0.0,0.0,0.0,0.0,0.0,37,0.048492521723311866,19,10,9,0,0,0,0,0,0,0,0,1
1dfo,D,170,ILE,4.5,166.7,0.0,0,0,X,0.0,0.0,0.0,0.0,0.0,0.0,0.0,0.0,44,0.05035761871267001,28,9,19,0,0,0,0,0,0,0,0,1
1dfo,D,171,ILE,4.5,166.7,0.0,0,0,X,0.0,0.0,0.0,0.0,0.0,0.0,0.0,0.0,43,0.04989134446533048,17,8,9,0,0,0,0,0,0,0,0,1
1dfo,D,172,GLY,-0.4,60.1,0.0,0,0,X,0.0,0.0,0.0,0.0,0.0,0.0,0.0,0.0,43,0.048492521723311866,16,12,4,0,0,0,0,0,0,0,0,1
1dfo,D,173,GLY,-0.4,60.1,0.0,0,0,X,0.0,0.0,0.0,0.0,0.0,0.0,0.0,0.0,44,0.04662742473395372,27,9,18,0,0,0,0,0,0,0,0,1
1dfo,D,174,PHE,2.8,189.9,0.0,0,0,X,0.0,0.0,0.0,0.0,0.0,0.0,0.0,0.0,37,0.04709369898129325,39,8,31,0,0,0,0,0,0,0,0,1
1dfo,D,175,SER,-0.8,89.0,0.0,1,1,X,0.0,0.0,0.0,0.0,0.0,0.0,0.0,0.0,39,0.043363505002576956,50,9,41,0,0,0,0,0,0,0,0,1
1dfo,D,176,ALA,1.8,88.6,0.0,0,0,X,0.0,0.0,0.0,0.0,0.0,0.0,0.0,0.0,41,0.045228601991935104,43,0,43,0,0,0,0,0,0,0,0,1
1dfo,D,177,TYR,-1.3,193.6,0.0,1,1,X,0.0,0.0,0.0,0.0,0.0,0.0,0.0,0.0,43,0.04616115048661418,22,11,11,0,0,0,0,0,0,0,0,1
1dfo,D,178,SER,-0.8,89.0,0.0,1,1,X,0.0,0.0,0.0,0.0,0.0,0.0,0.0,0.0,37,0.05129016720734909,30,8,22,0,0,0,0,0,0,0,0,1
1dfo,D,179,GLY,-0.4,60.1,0.0,0,0,X,0.0,0.0,0.0,0.0,0.0,0.0,0.0,0.0,32,0.04289723075523742,20,11,9,0,0,0,0,0,0,0,0,1
1dfo,D,180,VAL,4.2,140.0,0.0,0,0,X,0.0,0.0,0.0,0.0,0.0,0.0,0.0,0.0,23,0.040565859518539735,9,16,-7,0,0,0,0,0,0,0,0,1
1dfo,D,181,VAL,4.2,140.0,0.0,0,0,X,0.0,0.0,0.0,0.0,0.0,0.0,0.0,0.0,34,0.04149840801321881,15,15,0,0,0,0,0,0,0,0,0,1
1dfo,D,182,ASP,-3.5,111.1,-1.0,1,3,X,0.0,0.0,0.0,0.0,0.0,0.0,0.0,0.0,23,0.03450429430312575,22,9,13,0,0,0,0,0,0,0,0,1
1dfo,D,183,TRP,-0.9,227.8,0.0,1,0,X,0.0,0.0,0.0,0.0,0.0,0.0,0.0,0.0,37,0.04616115048661418,23,13,10,0,0,0,0,0,0,0,0,1
1dfo,D,184,ALA,1.8,88.6,0.0,0,0,X,0.0,0.0,0.0,0.0,0.0,0.0,0.0,0.0,20,0.034970568550465285,30,22,8,0,0,0,0,0,0,0,0,1
1dfo,D,185,LYS,-3.9,168.6,1.0,2,0,X,0.0,0.0,0.0,0.0,0.0,0.0,0.0,0.0,20,0.03590311704514436,12,32,-20,0,0,0,0,0,0,0,0,1
1dfo,D,186,MET,1.9,162.9,0.0,0,0,X,0.0,0.0,0.0,0.0,0.0,0.0,0.0,0.0,35,0.04662742473395372,32,30,2,0,0,0,0,0,0,0,0,1
1dfo,D,187,ARG,-4.5,173.4,1.0,5,0,X,0.0,0.0,0.0,0.0,0.0,0.0,0.0,0.0,28,0.04755997322863279,28,21,7,0,0,0,0,0,0,0,0,1
1dfo,D,188,GLU,-3.5,138.4,-1.0,1,3,X,0.0,0.0,0.0,0.0,0.0,0.0,0.0,0.0,19,0.03357174580844668,29,22,7,0,0,0,0,0,0,0,0,1
1dfo,D,189,ILE,4.5,166.7,0.0,0,0,X,0.0,0.0,0.0,0.0,0.0,0.0,0.0,0.0,30,0.04709369898129325,31,34,-3,0,0,0,0,0,0,0,0,1
1dfo,D,190,ALA,1.8,88.6,0.0,0,0,X,0.0,0.0,0.0,0.0,0.0,0.0,0.0,0.0,30,0.04662742473395372,45,25,20,0,0,0,0,0,0,0,0,1
1dfo,D,191,ASP,-3.5,111.1,-1.0,1,3,X,0.0,0.0,0.0,0.0,0.0,0.0,0.0,0.0,30,0.03683566553982344,29,9,20,0,0,0,0,0,0,0,0,1
1dfo,D,192,SER,-0.8,89.0,0.0,1,1,X,0.0,0.0,0.0,0.0,0.0,0.0,0.0,0.0,29,0.03683566553982344,34,33,1,0,0,0,0,0,0,0,0,1
1dfo,D,193,ILE,4.5,166.7,0.0,0,0,X,0.0,0.0,0.0,0.0,0.0,0.0,0.0,0.0,33,0.045228601991935104,40,24,16,0,0,0,0,0,0,0,0,1
1dfo,D,194,GLY,-0.4,60.1,0.0,0,0,X,0.0,0.0,0.0,0.0,0.0,0.0,0.0,0.0,33,0.03776821403450251,30,11,19,0,0,0,0,0,0,0,0,1
1dfo,D,195,ALA,1.8,88.6,0.0,0,0,X,0.0,0.0,0.0,0.0,0.0,0.0,0.0,0.0,33,0.04289723075523742,34,12,22,0,0,0,0,0,0,0,0,1
1dfo,D,196,TYR,-1.3,193.6,0.0,1,1,X,0.0,0.0,0.0,0.0,0.0,0.0,0.0,0.0,30,0.043363505002576956,24,6,18,0,0,0,0,0,0,0,0,1
1dfo,D,197,LEU,3.8,166.7,0.0,0,0,X,0.0,0.0,0.0,0.0,0.0,0.0,0.0,0.0,38,0.053621538444046775,35,15,20,0,0,0,0,0,0,0,0,1
1dfo,D,198,PHE,2.8,189.9,0.0,0,0,X,0.0,0.0,0.0,0.0,0.0,0.0,0.0,0.0,44,0.04755997322863279,23,8,15,0,0,0,0,0,0,0,0,1
1dfo,D,199,VAL,4.2,140.0,0.0,0,0,X,0.0,0.0,0.0,0.0,0.0,0.0,0.0,0.0,42,0.05129016720734909,22,10,12,0,0,0,0,0,0,0,0,1
1dfo,D,200,ASP,-3.5,111.1,-1.0,1,3,X,0.0,0.0,0.0,0.0,0.0,0.0,0.0,0.0,42,0.048026247475972325,31,0,31,0,0,0,0,0,0,0,0,1
1dfo,D,201,MET,1.9,162.9,0.0,0,0,X,0.0,0.0,0.0,0.0,0.0,0.0,0.0,0.0,37,0.05035761871267001,17,8,9,0,0,0,0,0,0,0,0,1
1dfo,D,202,ALA,1.8,88.6,0.0,0,0,X,0.0,0.0,0.0,0.0,0.0,0.0,0.0,0.0,47,0.04476232774459557,45,8,37,0,0,0,0,0,0,0,0,1
1dfo,D,203,HIS,-3.2,153.2,0.1,2,1,X,0.0,0.0,0.0,0.0,0.0,0.0,0.0,0.0,41,0.05035761871267001,43,11,32,0,0,0,0,0,0,0,0,1
1dfo,D,204,VAL,4.2,140.0,0.0,0,0,X,0.0,0.0,0.0,0.0,0.0,0.0,0.0,0.0,42,0.05129016720734909,29,9,20,0,0,0,0,0,0,0,0,1
1dfo,D,205,ALA,1.8,88.6,0.0,0,0,X,0.0,0.0,0.0,0.0,0.0,0.0,0.0,0.0,42,0.050823892960009553,27,4,23,0,0,0,0,0,0,0,0,1
1dfo,D,206,GLY,-0.4,60.1,0.0,0,0,X,0.0,0.0,0.0,0.0,0.0,0.0,0.0,0.0,42,0.04755997322863279,28,2,26,0,0,0,0,0,0,0,0,1
1dfo,D,207,LEU,3.8,166.7,0.0,0,0,X,0.0,0.0,0.0,0.0,0.0,0.0,0.0,0.0,39,0.048958795970651406,26,3,23,0,0,0,0,0,0,0,0,1
1dfo,D,208,VAL,4.2,140.0,0.0,0,0,X,0.0,0.0,0.0,0.0,0.0,0.0,0.0,0.0,30,0.048026247475972325,5,0,5,0,0,0,0,0,0,0,0,1
1dfo,D,209,ALA,1.8,88.6,0.0,0,0,X,0.0,0.0,0.0,0.0,0.0,0.0,0.0,0.0,36,0.04429605349725603,10,7,3,0,0,0,0,0,0,0,0,1
1dfo,D,210,ALA,1.8,88.6,0.0,0,0,X,0.0,0.0,0.0,0.0,0.0,0.0,0.0,0.0,29,0.043363505002576956,9,9,0,0,0,0,0,0,0,0,0,1
1dfo,D,211,GLY,-0.4,60.1,0.0,0,0,X,0.0,0.0,0.0,0.0,0.0,0.0,0.0,0.0,22,0.028909003335051305,9,1,8,0,0,0,0,0,0,0,0,1
1dfo,D,212,VAL,4.2,140.0,0.0,0,0,X,0.0,0.0,0.0,0.0,0.0,0.0,0.0,0.0,27,0.035436842797804825,16,4,12,0,0,0,0,0,0,0,0,1
1dfo,D,213,TYR,-1.3,193.6,0.0,1,1,X,0.0,0.0,0.0,0.0,0.0,0.0,0.0,0.0,30,0.03683566553982344,12,11,1,0,0,0,0,0,0,0,0,1
1dfo,D,214,PRO,-1.6,112.7,0.0,0,0,X,0.0,0.0,0.0,0.0,0.0,0.0,0.0,0.0,25,0.03590311704514436,6,11,-5,0,0,0,0,0,0,0,0,1
1dfo,D,215,ASN,-3.5,114.1,0.0,2,2,X,0.0,0.0,0.0,0.0,0.0,0.0,0.0,0.0,27,0.040099585271200194,15,0,15,0,0,0,0,0,0,0,0,1
1dfo,D,216,PRO,-1.6,112.7,0.0,0,0,X,0.0,0.0,0.0,0.0,0.0,0.0,0.0,0.0,36,0.04476232774459557,24,10,14,0,0,0,0,0,0,0,0,1
1dfo,D,217,VAL,4.2,140.0,0.0,0,0,X,0.0,0.0,0.0,0.0,0.0,0.0,0.0,0.0,32,0.04989134446533048,28,7,21,0,0,0,0,0,0,0,0,1
1dfo,D,218,PRO,-1.6,112.7,0.0,0,0,X,0.0,0.0,0.0,0.0,0.0,0.0,0.0,0.0,24,0.030774100324409453,32,2,30,0,0,0,0,0,0,0,0,1
1dfo,D,219,HIS,-3.2,153.2,0.1,2,1,X,0.0,0.0,0.0,0.0,0.0,0.0,0.0,0.0,22,0.04103213376587927,35,16,19,0,0,0,0,0,0,0,0,1
1dfo,D,220,ALA,1.8,88.6,0.0,0,0,X,0.0,0.0,0.0,0.0,0.0,0.0,0.0,0.0,34,0.05129016720734909,39,6,33,0,0,0,0,0,0,0,0,1
1dfo,D,221,HIS,-3.2,153.2,0.1,2,1,X,0.0,0.0,0.0,0.0,0.0,0.0,0.0,0.0,33,0.045228601991935104,25,7,18,0,0,0,0,0,0,0,0,1
1dfo,D,222,VAL,4.2,140.0,0.0,0,0,X,0.0,0.0,0.0,0.0,0.0,0.0,0.0,0.0,39,0.04942507021799094,22,4,18,0,0,0,0,0,0,0,0,1
1dfo,D,223,VAL,4.2,140.0,0.0,0,0,X,0.0,0.0,0.0,0.0,0.0,0.0,0.0,0.0,39,0.05175644145468863,17,8,9,0,0,0,0,0,0,0,0,1
1dfo,D,224,THR,-0.7,116.1,0.0,1,1,X,0.0,0.0,0.0,0.0,0.0,0.0,0.0,0.0,45,0.05175644145468863,9,8,1,0,0,0,0,0,0,0,0,1
1dfo,D,225,THR,-0.7,116.1,0.0,1,1,X,0.0,0.0,0.0,0.0,0.0,0.0,0.0,0.0,42,0.050823892960009553,29,8,21,0,0,0,0,0,0,0,0,1
1dfo,D,226,THR,-0.7,116.1,0.0,1,1,X,0.0,0.0,0.0,0.0,0.0,0.0,0.0,0.0,39,0.050823892960009553,51,7,44,0,0,0,0,0,0,0,0,1
1dfo,D,227,THR,-0.7,116.1,0.0,1,1,X,0.0,0.0,0.0,0.0,0.0,0.0,0.0,0.0,48,0.04942507021799094,43,0,43,0,0,0,0,0,0,0,0,1
1dfo,D,228,HIS,-3.2,153.2,0.1,2,1,X,0.0,0.0,0.0,0.0,0.0,0.0,0.0,0.0,41,0.05175644145468863,43,8,35,0,0,0,0,0,0,0,0,1
1dfo,D,229,LYS,-3.9,168.6,1.0,2,0,X,0.0,0.0,0.0,0.0,0.0,0.0,0.0,0.0,40,0.05548663543340492,40,10,30,0,0,0,0,0,0,0,0,1
1dfo,D,230,THR,-0.7,116.1,0.0,1,1,X,0.0,0.0,0.0,0.0,0.0,0.0,0.0,0.0,42,0.05455408693872585,45,5,40,0,0,0,0,0,0,0,0,1
1dfo,D,231,LEU,3.8,166.7,0.0,0,0,X,0.0,0.0,0.0,0.0,0.0,0.0,0.0,0.0,45,0.048026247475972325,39,9,30,0,0,0,0,0,0,0,0,1
1dfo,D,232,ALA,1.8,88.6,0.0,0,0,X,0.0,0.0,0.0,0.0,0.0,0.0,0.0,0.0,42,0.048026247475972325,37,14,23,0,0,0,0,0,0,0,0,1
1dfo,D,233,GLY,-0.4,60.1,0.0,0,0,X,0.0,0.0,0.0,0.0,0.0,0.0,0.0,0.0,43,0.05222271570202816,48,11,37,0,0,0,0,0,0,0,0,1
1dfo,D,234,PRO,-1.6,112.7,0.0,0,0,X,0.0,0.0,0.0,0.0,0.0,0.0,0.0,0.0,42,0.05129016720734909,50,2,48,0,0,0,0,0,0,0,0,1
1dfo,D,235,ARG,-4.5,173.4,1.0,5,0,X,0.0,0.0,0.0,0.0,0.0,0.0,0.0,0.0,35,0.04662742473395372,48,7,41,0,0,0,0,0,0,0,0,1
1dfo,D,236,GLY,-0.4,60.1,0.0,0,0,X,0.0,0.0,0.0,0.0,0.0,0.0,0.0,0.0,40,0.04709369898129325,54,0,54,0,0,0,0,0,0,0,0,1
1dfo,D,237,GLY,-0.4,60.1,0.0,0,0,X,0.0,0.0,0.0,0.0,0.0,0.0,0.0,0.0,39,0.05129016720734909,38,1,37,0,0,0,0,0,0,0,0,1
1dfo,D,238,LEU,3.8,166.7,0.0,0,0,X,0.0,0.0,0.0,0.0,0.0,0.0,0.0,0.0,45,0.05035761871267001,21,1,20,0,0,0,0,0,0,0,0,1
1dfo,D,239,ILE,4.5,166.7,0.0,0,0,X,0.0,0.0,0.0,0.0,0.0,0.0,0.0,0.0,49,0.05035761871267001,8,1,7,0,0,0,0,0,0,0,0,1
1dfo,D,240,LEU,3.8,166.7,0.0,0,0,X,0.0,0.0,0.0,0.0,0.0,0.0,0.0,0.0,44,0.05222271570202816,21,12,9,0,0,0,0,0,0,0,0,1
1dfo,D,241,ALA,1.8,88.6,0.0,0,0,X,0.0,0.0,0.0,0.0,0.0,0.0,0.0,0.0,34,0.050823892960009553,28,8,20,0,0,0,0,0,0,0,0,1
1dfo,D,242,LYS,-3.9,168.6,1.0,2,0,X,0.0,0.0,0.0,0.0,0.0,0.0,0.0,0.0,28,0.03963331102386066,32,10,22,0,0,0,0,0,0,0,0,1
1dfo,D,243,GLY,-0.4,60.1,0.0,0,0,X,0.0,0.0,0.0,0.0,0.0,0.0,0.0,0.0,30,0.03450429430312575,36,20,16,0,0,0,0,0,0,0,0,1
1dfo,D,244,GLY,-0.4,60.1,0.0,0,0,X,0.0,0.0,0.0,0.0,0.0,0.0,0.0,0.0,28,0.03683566553982344,29,24,5,0,0,0,0,0,0,0,0,1
1dfo,D,245,SER,-0.8,89.0,0.0,1,1,X,0.0,0.0,0.0,0.0,0.0,0.0,0.0,0.0,25,0.032172923066428064,27,19,8,0,0,0,0,0,0,0,0,1
1dfo,D,246,GLU,-3.5,138.4,-1.0,1,3,X,0.0,0.0,0.0,0.0,0.0,0.0,0.0,0.0,19,0.024246260861655933,11,8,3,0,0,0,0,0,0,0,0,1
1dfo,D,247,GLU,-3.5,138.4,-1.0,1,3,X,0.0,0.0,0.0,0.0,0.0,0.0,0.0,0.0,20,0.025645083603674543,18,9,9,0,0,0,0,0,0,0,0,1
1dfo,D,248,LEU,3.8,166.7,0.0,0,0,X,0.0,0.0,0.0,0.0,0.0,0.0,0.0,0.0,27,0.03590311704514436,27,12,15,0,0,0,0,0,0,0,0,1
1dfo,D,249,TYR,-1.3,193.6,0.0,1,1,X,0.0,0.0,0.0,0.0,0.0,0.0,0.0,0.0,26,0.03730193978716297,24,22,2,0,0,0,0,0,0,0,0,1
1dfo,D,250,LYS,-3.9,168.6,1.0,2,0,X,0.0,0.0,0.0,0.0,0.0,0.0,0.0,0.0,19,0.03357174580844668,9,20,-11,0,0,0,0,0,0,0,0,1
1dfo,D,251,LYS,-3.9,168.6,1.0,2,0,X,0.0,0.0,0.0,0.0,0.0,0.0,0.0,0.0,25,0.03683566553982344,7,15,-8,0,0,0,0,0,0,0,0,1
1dfo,D,252,LEU,3.8,166.7,0.0,0,0,X,0.0,0.0,0.0,0.0,0.0,0.0,0.0,0.0,35,0.04989134446533048,16,8,8,0,0,0,0,0,0,0,0,1
1dfo,D,253,ASN,-3.5,114.1,0.0,2,2,X,0.0,0.0,0.0,0.0,0.0,0.0,0.0,0.0,28,0.04289723075523742,12,11,1,0,0,0,0,0,0,0,0,1
1dfo,D,254,SER,-0.8,89.0,0.0,1,1,X,0.0,0.0,0.0,0.0,0.0,0.0,0.0,0.0,31,0.03870076252918159,18,8,10,0,0,0,0,0,0,0,0,1
1dfo,D,255,ALA,1.8,88.6,0.0,0,0,X,0.0,0.0,0.0,0.0,0.0,0.0,0.0,0.0,34,0.045228601991935104,17,0,17,0,0,0,0,0,0,0,0,1
1dfo,D,256,VAL,4.2,140.0,0.0,0,0,X,0.0,0.0,0.0,0.0,0.0,0.0,0.0,0.0,40,0.05175644145468863,14,1,13,0,0,0,0,0,0,0,0,1
1dfo,D,257,PHE,2.8,189.9,0.0,0,0,X,0.0,0.0,0.0,0.0,0.0,0.0,0.0,0.0,36,0.045228601991935104,13,10,3,0,0,0,0,0,0,0,0,1
1dfo,D,258,PRO,-1.6,112.7,0.0,0,0,X,0.0,0.0,0.0,0.0,0.0,0.0,0.0,0.0,35,0.04429605349725603,12,12,0,0,0,0,0,0,0,0,0,1
1dfo,D,259,GLY,-0.4,60.1,0.0,0,0,X,0.0,0.0,0.0,0.0,0.0,0.0,0.0,0.0,32,0.04662742473395372,12,1,11,0,0,0,0,0,0,0,0,1
1dfo,D,260,GLY,-0.4,60.1,0.0,0,0,X,0.0,0.0,0.0,0.0,0.0,0.0,0.0,0.0,36,0.05129016720734909,14,1,13,0,0,0,0,0,0,0,0,1
1dfo,D,261,GLN,-3.5,143.8,0.0,2,2,X,0.0,0.0,0.0,0.0,0.0,0.0,0.0,0.0,36,0.048026247475972325,19,7,12,0,0,0,0,0,0,0,0,1
1dfo,D,262,GLY,-0.4,60.1,0.0,0,0,X,0.0,0.0,0.0,0.0,0.0,0.0,0.0,0.0,37,0.04616115048661418,30,9,21,0,0,0,0,0,0,0,0,1
1dfo,D,263,GLY,-0.4,60.1,0.0,0,0,X,0.0,0.0,0.0,0.0,0.0,0.0,0.0,0.0,39,0.04616115048661418,44,11,33,0,0,0,0,0,0,0,0,1
1dfo,D,264,PRO,-1.6,112.7,0.0,0,0,X,0.0,0.0,0.0,0.0,0.0,0.0,0.0,0.0,38,0.050823892960009553,51,16,35,0,0,0,0,0,0,0,0,1
1dfo,D,265,LEU,3.8,166.7,0.0,0,0,X,0.0,0.0,0.0,0.0,0.0,0.0,0.0,0.0,31,0.043829779249916496,62,1,61,0,0,0,0,0,0,0,0,1
1dfo,D,266,MET,1.9,162.9,0.0,0,0,X,0.0,0.0,0.0,0.0,0.0,0.0,0.0,0.0,40,0.05035761871267001,39,23,16,0,0,0,0,0,0,0,0,1
1dfo,D,267,HIS,-3.2,153.2,0.1,2,1,X,0.0,0.0,0.0,0.0,0.0,0.0,0.0,0.0,29,0.050823892960009553,26,0,26,0,0,0,0,0,0,0,0,1
1dfo,D,268,VAL,4.2,140.0,0.0,0,0,X,0.0,0.0,0.0,0.0,0.0,0.0,0.0,0.0,36,0.04662742473395372,46,0,46,0,0,0,0,0,0,0,0,1
1dfo,D,269,ILE,4.5,166.7,0.0,0,0,X,0.0,0.0,0.0,0.0,0.0,0.0,0.0,0.0,44,0.048958795970651406,31,13,18,0,0,0,0,0,0,0,0,1
1dfo,D,270,ALA,1.8,88.6,0.0,0,0,X,0.0,0.0,0.0,0.0,0.0,0.0,0.0,0.0,42,0.05035761871267001,28,12,16,0,0,0,0,0,0,0,0,1
1dfo,D,271,GLY,-0.4,60.1,0.0,0,0,X,0.0,0.0,0.0,0.0,0.0,0.0,0.0,0.0,44,0.05175644145468863,38,11,27,0,0,0,0,0,0,0,0,1
1dfo,D,272,LYS,-3.9,168.6,1.0,2,0,X,0.0,0.0,0.0,0.0,0.0,0.0,0.0,0.0,43,0.048492521723311866,28,7,21,0,0,0,0,0,0,0,0,1
1dfo,D,273,ALA,1.8,88.6,0.0,0,0,X,0.0,0.0,0.0,0.0,0.0,0.0,0.0,0.0,42,0.05129016720734909,36,30,6,0,0,0,0,0,0,0,0,1
1dfo,D,274,VAL,4.2,140.0,0.0,0,0,X,0.0,0.0,0.0,0.0,0.0,0.0,0.0,0.0,42,0.053155264196707235,36,21,15,0,0,0,0,0,0,0,0,1
1dfo,D,275,ALA,1.8,88.6,0.0,0,0,X,0.0,0.0,0.0,0.0,0.0,0.0,0.0,0.0,44,0.05222271570202816,43,18,25,0,0,0,0,0,0,0,0,1
1dfo,D,276,LEU,3.8,166.7,0.0,0,0,X,0.0,0.0,0.0,0.0,0.0,0.0,0.0,0.0,43,0.04942507021799094,32,27,5,0,0,0,0,0,0,0,0,1
1dfo,D,277,LYS,-3.9,168.6,1.0,2,0,X,0.0,0.0,0.0,0.0,0.0,0.0,0.0,0.0,30,0.04429605349725603,21,39,-18,0,0,0,0,0,0,0,0,1
1dfo,D,278,GLU,-3.5,138.4,-1.0,1,3,X,0.0,0.0,0.0,0.0,0.0,0.0,0.0,0.0,37,0.04196468226055834,36,24,12,0,0,0,0,0,0,0,0,1
1dfo,D,279,ALA,1.8,88.6,0.0,0,0,X,0.0,0.0,0.0,0.0,0.0,0.0,0.0,0.0,36,0.04429605349725603,29,30,-1,0,0,0,0,0,0,0,0,1
1dfo,D,280,MET,1.9,162.9,0.0,0,0,X,0.0,0.0,0.0,0.0,0.0,0.0,0.0,0.0,24,0.03730193978716297,27,34,-7,0,0,0,0,0,0,0,0,1
1dfo,D,281,GLU,-3.5,138.4,-1.0,1,3,X,0.0,0.0,0.0,0.0,0.0,0.0,0.0,0.0,17,0.02984155182973038,19,18,1,0,0,0,0,0,0,0,0,1
1dfo,D,282,PRO,-1.6,112.7,0.0,0,0,X,0.0,0.0,0.0,0.0,0.0,0.0,0.0,0.0,15,0.025645083603674543,11,23,-12,0,0,0,0,0,0,0,0,1
1dfo,D,283,GLU,-3.5,138.4,-1.0,1,3,X,0.0,0.0,0.0,0.0,0.0,0.0,0.0,0.0,15,0.027043906345693154,11,15,-4,0,0,0,0,0,0,0,0,1
1dfo,D,284,PHE,2.8,189.9,0.0,0,0,X,0.0,0.0,0.0,0.0,0.0,0.0,0.0,0.0,34,0.04103213376587927,22,27,-5,0,0,0,0,0,0,0,0,1
1dfo,D,285,LYS,-3.9,168.6,1.0,2,0,X,0.0,0.0,0.0,0.0,0.0,0.0,0.0,0.0,22,0.045228601991935104,0,15,-15,0,0,0,0,0,0,0,0,1
1dfo,D,286,THR,-0.7,116.1,0.0,1,1,X,0.0,0.0,0.0,0.0,0.0,0.0,0.0,0.0,17,0.03310547156110714,12,14,-2,0,0,0,0,0,0,0,0,1
1dfo,D,287,TYR,-1.3,193.6,0.0,1,1,X,0.0,0.0,0.0,0.0,0.0,0.0,0.0,0.0,35,0.04196468226055834,25,9,16,0,0,0,0,0,0,0,0,1
1dfo,D,288,GLN,-3.5,143.8,0.0,2,2,X,0.0,0.0,0.0,0.0,0.0,0.0,0.0,0.0,37,0.04942507021799094,33,5,28,0,0,0,0,0,0,0,0,1
1dfo,D,289,GLN,-3.5,143.8,0.0,2,2,X,0.0,0.0,0.0,0.0,0.0,0.0,0.0,0.0,20,0.03963331102386066,14,7,7,0,0,0,0,0,0,0,0,1
1dfo,D,290,GLN,-3.5,143.8,0.0,2,2,X,0.0,0.0,0.0,0.0,0.0,0.0,0.0,0.0,30,0.04289723075523742,24,11,13,0,0,0,0,0,0,0,0,1
1dfo,D,291,VAL,4.2,140.0,0.0,0,0,X,0.0,0.0,0.0,0.0,0.0,0.0,0.0,0.0,40,0.05129016720734909,37,8,29,0,0,0,0,0,0,0,0,1
1dfo,D,292,ALA,1.8,88.6,0.0,0,0,X,0.0,0.0,0.0,0.0,0.0,0.0,0.0,0.0,34,0.048492521723311866,26,14,12,0,0,0,0,0,0,0,0,1
1dfo,D,293,LYS,-3.9,168.6,1.0,2,0,X,0.0,0.0,0.0,0.0,0.0,0.0,0.0,0.0,32,0.0363693912924839,26,18,8,0,0,0,0,0,0,0,0,1
1dfo,D,294,ASN,-3.5,114.1,0.0,2,2,X,0.0,0.0,0.0,0.0,0.0,0.0,0.0,0.0,39,0.04942507021799094,36,21,15,0,0,0,0,0,0,0,0,1
1dfo,D,295,ALA,1.8,88.6,0.0,0,0,X,0.0,0.0,0.0,0.0,0.0,0.0,0.0,0.0,37,0.05408781269138631,30,23,7,0,0,0,0,0,0,0,0,1
1dfo,D,296,LYS,-3.9,168.6,1.0,2,0,X,0.0,0.0,0.0,0.0,0.0,0.0,0.0,0.0,27,0.04103213376587927,13,22,-9,0,0,0,0,0,0,0,0,1
1dfo,D,297,ALA,1.8,88.6,0.0,0,0,X,0.0,0.0,0.0,0.0,0.0,0.0,0.0,0.0,30,0.04196468226055834,27,28,-1,0,0,0,0,0,0,0,0,1
1dfo,D,298,MET,1.9,162.9,0.0,0,0,X,0.0,0.0,0.0,0.0,0.0,0.0,0.0,0.0,41,0.04989134446533048,25,25,0,0,0,0,0,0,0,0,0,1
1dfo,D,299,VAL,4.2,140.0,0.0,0,0,X,0.0,0.0,0.0,0.0,0.0,0.0,0.0,0.0,36,0.04476232774459557,28,17,11,0,0,0,0,0,0,0,0,1
1dfo,D,300,GLU,-3.5,138.4,-1.0,1,3,X,0.0,0.0,0.0,0.0,0.0,0.0,0.0,0.0,23,0.03403802005578621,24,15,9,0,0,0,0,0,0,0,0,1
1dfo,D,301,VAL,4.2,140.0,0.0,0,0,X,0.0,0.0,0.0,0.0,0.0,0.0,0.0,0.0,28,0.04429605349725603,24,26,-2,0,0,0,0,0,0,0,0,1
1dfo,D,302,PHE,2.8,189.9,0.0,0,0,X,0.0,0.0,0.0,0.0,0.0,0.0,0.0,0.0,38,0.04942507021799094,24,24,0,0,0,0,0,0,0,0,0,1
1dfo,D,303,LEU,3.8,166.7,0.0,0,0,X,0.0,0.0,0.0,0.0,0.0,0.0,0.0,0.0,24,0.0363693912924839,18,18,0,0,0,0,0,0,0,0,0,1
1dfo,D,304,GLU,-3.5,138.4,-1.0,1,3,X,0.0,0.0,0.0,0.0,0.0,0.0,0.0,0.0,16,0.02611135785101408,18,9,9,0,0,0,0,0,0,0,0,1
1dfo,D,305,ARG,-4.5,173.4,1.0,5,0,X,0.0,0.0,0.0,0.0,0.0,0.0,0.0,0.0,24,0.03403802005578621,5,28,-23,0,0,0,0,0,0,0,0,1
1dfo,D,306,GLY,-0.4,60.1,0.0,0,0,X,0.0,0.0,0.0,0.0,0.0,0.0,0.0,0.0,18,0.027043906345693154,25,26,-1,0,0,0,0,0,0,0,0,1
1dfo,D,307,TYR,-1.3,193.6,0.0,1,1,X,0.0,0.0,0.0,0.0,0.0,0.0,0.0,0.0,31,0.040099585271200194,27,33,-6,0,0,0,0,0,0,0,0,1
1dfo,D,308,LYS,-3.9,168.6,1.0,2,0,X,0.0,0.0,0.0,0.0,0.0,0.0,0.0,0.0,25,0.03870076252918159,7,16,-9,0,0,0,0,0,0,0,0,1
1dfo,D,309,VAL,4.2,140.0,0.0,0,0,X,0.0,0.0,0.0,0.0,0.0,0.0,0.0,0.0,32,0.04289723075523742,11,14,-3,0,0,0,0,0,0,0,0,1
1dfo,D,310,VAL,4.2,140.0,0.0,0,0,X,0.0,0.0,0.0,0.0,0.0,0.0,0.0,0.0,37,0.040565859518539735,23,11,12,0,0,0,0,0,0,0,0,1
1dfo,D,311,SER,-0.8,89.0,0.0,1,1,X,0.0,0.0,0.0,0.0,0.0,0.0,0.0,0.0,29,0.03403802005578621,19,15,4,0,0,0,0,0,0,0,0,1
1dfo,D,312,GLY,-0.4,60.1,0.0,0,0,X,0.0,0.0,0.0,0.0,0.0,0.0,0.0,0.0,24,0.02611135785101408,20,9,11,0,0,0,0,0,0,0,0,1
1dfo,D,313,GLY,-0.4,60.1,0.0,0,0,X,0.0,0.0,0.0,0.0,0.0,0.0,0.0,0.0,30,0.03683566553982344,23,13,10,0,0,0,0,0,0,0,0,1
1dfo,D,314,THR,-0.7,116.1,0.0,1,1,X,0.0,0.0,0.0,0.0,0.0,0.0,0.0,0.0,32,0.04289723075523742,25,11,14,0,0,0,0,0,0,0,0,1
1dfo,D,315,ASP,-3.5,111.1,-1.0,1,3,X,0.0,0.0,0.0,0.0,0.0,0.0,0.0,0.0,27,0.03310547156110714,23,0,23,0,0,0,0,0,0,0,0,1
1dfo,D,316,ASN,-3.5,114.1,0.0,2,2,X,0.0,0.0,0.0,0.0,0.0,0.0,0.0,0.0,39,0.04989134446533048,30,8,22,0,0,0,0,0,0,0,0,1
1dfo,D,317,HIS,-3.2,153.2,0.1,2,1,X,0.0,0.0,0.0,0.0,0.0,0.0,0.0,0.0,47,0.050823892960009553,29,9,20,0,0,0,0,0,0,0,0,1
1dfo,D,318,LEU,3.8,166.7,0.0,0,0,X,0.0,0.0,0.0,0.0,0.0,0.0,0.0,0.0,42,0.053155264196707235,33,6,27,0,0,0,0,0,0,0,0,1
1dfo,D,319,PHE,2.8,189.9,0.0,0,0,X,0.0,0.0,0.0,0.0,0.0,0.0,0.0,0.0,45,0.053155264196707235,28,6,22,0,0,0,0,0,0,0,0,1
1dfo,D,320,LEU,3.8,166.7,0.0,0,0,X,0.0,0.0,0.0,0.0,0.0,0.0,0.0,0.0,43,0.04989134446533048,29,9,20,0,0,0,0,0,0,0,0,1
1dfo,D,321,VAL,4.2,140.0,0.0,0,0,X,0.0,0.0,0.0,0.0,0.0,0.0,0.0,0.0,42,0.04942507021799094,23,13,10,0,0,0,0,0,0,0,0,1
1dfo,D,322,ASP,-3.5,111.1,-1.0,1,3,X,0.0,0.0,0.0,0.0,0.0,0.0,0.0,0.0,33,0.048492521723311866,19,15,4,0,0,0,0,0,0,0,0,1
1dfo,D,323,LEU,3.8,166.7,0.0,0,0,X,0.0,0.0,0.0,0.0,0.0,0.0,0.0,0.0,36,0.04709369898129325,25,27,-2,0,0,0,0,0,0,0,0,1
1dfo,D,324,VAL,4.2,140.0,0.0,0,0,X,0.0,0.0,0.0,0.0,0.0,0.0,0.0,0.0,24,0.03870076252918159,24,25,-1,0,0,0,0,0,0,0,0,1
1dfo,D,325,ASP,-3.5,111.1,-1.0,1,3,X,0.0,0.0,0.0,0.0,0.0,0.0,0.0,0.0,13,0.025645083603674543,18,8,10,0,0,0,0,0,0,0,0,1
1dfo,D,326,LYS,-3.9,168.6,1.0,2,0,X,0.0,0.0,0.0,0.0,0.0,0.0,0.0,0.0,20,0.027510180593032695,9,24,-15,0,0,0,0,0,0,0,0,1
1dfo,D,327,ASN,-3.5,114.1,0.0,2,2,X,0.0,0.0,0.0,0.0,0.0,0.0,0.0,0.0,14,0.025178809356335007,12,16,-4,0,0,0,0,0,0,0,0,1
1dfo,D,328,LEU,3.8,166.7,0.0,0,0,X,0.0,0.0,0.0,0.0,0.0,0.0,0.0,0.0,26,0.03870076252918159,18,29,-11,0,0,0,0,0,0,0,0,1
1dfo,D,329,THR,-0.7,116.1,0.0,1,1,X,0.0,0.0,0.0,0.0,0.0,0.0,0.0,0.0,31,0.04289723075523742,31,21,10,0,0,0,0,0,0,0,0,1
1dfo,D,330,GLY,-0.4,60.1,0.0,0,0,X,0.0,0.0,0.0,0.0,0.0,0.0,0.0,0.0,34,0.053155264196707235,29,24,5,0,0,0,0,0,0,0,0,1
1dfo,D,331,LYS,-3.9,168.6,1.0,2,0,X,0.0,0.0,0.0,0.0,0.0,0.0,0.0,0.0,28,0.04103213376587927,16,17,-1,0,0,0,0,0,0,0,0,1
1dfo,D,332,GLU,-3.5,138.4,-1.0,1,3,X,0.0,0.0,0.0,0.0,0.0,0.0,0.0,0.0,25,0.032639197313767604,22,8,14,0,0,0,0,0,0,0,0,1
1dfo,D,333,ALA,1.8,88.6,0.0,0,0,X,0.0,0.0,0.0,0.0,0.0,0.0,0.0,0.0,38,0.04662742473395372,27,18,9,0,0,0,0,0,0,0,0,1
1dfo,D,334,ASP,-3.5,111.1,-1.0,1,3,X,0.0,0.0,0.0,0.0,0.0,0.0,0.0,0.0,37,0.043363505002576956,32,8,24,0,0,0,0,0,0,0,0,1
1dfo,D,335,ALA,1.8,88.6,0.0,0,0,X,0.0,0.0,0.0,0.0,0.0,0.0,0.0,0.0,27,0.030774100324409453,27,19,8,0,0,0,0,0,0,0,0,1
1dfo,D,336,ALA,1.8,88.6,0.0,0,0,X,0.0,0.0,0.0,0.0,0.0,0.0,0.0,0.0,34,0.040099585271200194,16,28,-12,0,0,0,0,0,0,0,0,1
1dfo,D,337,LEU,3.8,166.7,0.0,0,0,X,0.0,0.0,0.0,0.0,0.0,0.0,0.0,0.0,44,0.048958795970651406,20,18,2,0,0,0,0,0,0,0,0,1
1dfo,D,338,GLY,-0.4,60.1,0.0,0,0,X,0.0,0.0,0.0,0.0,0.0,0.0,0.0,0.0,31,0.043829779249916496,33,19,14,0,0,0,0,0,0,0,0,1
1dfo,D,339,ARG,-4.5,173.4,1.0,5,0,X,0.0,0.0,0.0,0.0,0.0,0.0,0.0,0.0,25,0.03357174580844668,11,27,-16,0,0,0,0,0,0,0,0,1
1dfo,D,340,ALA,1.8,88.6,0.0,0,0,X,0.0,0.0,0.0,0.0,0.0,0.0,0.0,0.0,35,0.04616115048661418,41,19,22,0,0,0,0,0,0,0,0,1
1dfo,D,341,ASN,-3.5,114.1,0.0,2,2,X,0.0,0.0,0.0,0.0,0.0,0.0,0.0,0.0,37,0.04616115048661418,45,30,15,0,0,0,0,0,0,0,0,1
1dfo,D,342,ILE,4.5,166.7,0.0,0,0,X,0.0,0.0,0.0,0.0,0.0,0.0,0.0,0.0,43,0.048026247475972325,27,20,7,0,0,0,0,0,0,0,0,1
1dfo,D,343,THR,-0.7,116.1,0.0,1,1,X,0.0,0.0,0.0,0.0,0.0,0.0,0.0,0.0,43,0.04942507021799094,31,27,4,0,0,0,0,0,0,0,0,1
1dfo,D,344,VAL,4.2,140.0,0.0,0,0,X,0.0,0.0,0.0,0.0,0.0,0.0,0.0,0.0,41,0.05502036118606539,30,24,6,0,0,0,0,0,0,0,0,1
1dfo,D,345,ASN,-3.5,114.1,0.0,2,2,X,0.0,0.0,0.0,0.0,0.0,0.0,0.0,0.0,44,0.04989134446533048,30,19,11,0,0,0,0,0,0,0,0,1
1dfo,D,346,LYS,-3.9,168.6,1.0,2,0,X,0.0,0.0,0.0,0.0,0.0,0.0,0.0,0.0,32,0.05222271570202816,28,18,10,0,0,0,0,0,0,0,0,1
1dfo,D,347,ASN,-3.5,114.1,0.0,2,2,X,0.0,0.0,0.0,0.0,0.0,0.0,0.0,0.0,41,0.04662742473395372,26,15,11,0,0,0,0,0,0,0,0,1
1dfo,D,348,SER,-0.8,89.0,0.0,1,1,X,0.0,0.0,0.0,0.0,0.0,0.0,0.0,0.0,36,0.048958795970651406,32,15,17,0,0,0,0,0,0,0,0,1
1dfo,D,349,VAL,4.2,140.0,0.0,0,0,X,0.0,0.0,0.0,0.0,0.0,0.0,0.0,0.0,36,0.04942507021799094,30,16,14,0,0,0,0,0,0,0,0,1
1dfo,D,350,PRO,-1.6,112.7,0.0,0,0,X,0.0,0.0,0.0,0.0,0.0,0.0,0.0,0.0,34,0.034970568550465285,17,20,-3,0,0,0,0,0,0,0,0,1
1dfo,D,351,ASN,-3.5,114.1,0.0,2,2,X,0.0,0.0,0.0,0.0,0.0,0.0,0.0,0.0,20,0.025178809356335007,17,14,3,0,0,0,0,0,0,0,0,1
1dfo,D,352,ASP,-3.5,111.1,-1.0,1,3,X,0.0,0.0,0.0,0.0,0.0,0.0,0.0,0.0,28,0.03776821403450251,15,7,8,0,0,0,0,0,0,0,0,1
1dfo,D,353,PRO,-1.6,112.7,0.0,0,0,X,0.0,0.0,0.0,0.0,0.0,0.0,0.0,0.0,21,0.022381163872297785,9,12,-3,0,0,0,0,0,0,0,0,1
1dfo,D,354,LYS,-3.9,168.6,1.0,2,0,X,0.0,0.0,0.0,0.0,0.0,0.0,0.0,0.0,20,0.030774100324409453,4,9,-5,0,0,0,0,0,0,0,0,1
1dfo,D,355,SER,-0.8,89.0,0.0,1,1,X,0.0,0.0,0.0,0.0,0.0,0.0,0.0,0.0,19,0.026577632098353617,20,8,12,0,0,0,0,0,0,0,0,1
1dfo,D,356,PRO,-1.6,112.7,0.0,0,0,X,0.0,0.0,0.0,0.0,0.0,0.0,0.0,0.0,24,0.03403802005578621,20,8,12,0,0,0,0,0,0,0,0,1
1dfo,D,357,PHE,2.8,189.9,0.0,0,0,X,0.0,0.0,0.0,0.0,0.0,0.0,0.0,0.0,22,0.03357174580844668,33,7,26,0,0,0,0,0,0,0,0,1
1dfo,D,358,VAL,4.2,140.0,0.0,0,0,X,0.0,0.0,0.0,0.0,0.0,0.0,0.0,0.0,23,0.04289723075523742,28,18,10,0,0,0,0,0,0,0,0,1
1dfo,D,359,THR,-0.7,116.1,0.0,1,1,X,0.0,0.0,0.0,0.0,0.0,0.0,0.0,0.0,33,0.05175644145468863,28,24,4,0,0,0,0,0,0,0,0,1
1dfo,D,360,SER,-0.8,89.0,0.0,1,1,X,0.0,0.0,0.0,0.0,0.0,0.0,0.0,0.0,36,0.05455408693872585,30,30,0,0,0,0,0,0,0,0,0,1
1dfo,D,361,GLY,-0.4,60.1,0.0,0,0,X,0.0,0.0,0.0,0.0,0.0,0.0,0.0,0.0,41,0.053621538444046775,32,31,1,0,0,0,0,0,0,0,0,1
1dfo,D,362,ILE,4.5,166.7,0.0,0,0,X,0.0,0.0,0.0,0.0,0.0,0.0,0.0,0.0,42,0.05408781269138631,23,20,3,0,0,0,0,0,0,0,0,1
1dfo,D,363,ARG,-4.5,173.4,1.0,5,0,X,0.0,0.0,0.0,0.0,0.0,0.0,0.0,0.0,38,0.04989134446533048,22,6,16,0,0,0,0,0,0,0,0,1
1dfo,D,364,VAL,4.2,140.0,0.0,0,0,X,0.0,0.0,0.0,0.0,0.0,0.0,0.0,0.0,43,0.05175644145468863,28,4,24,0,0,0,0,0,0,0,0,1
1dfo,D,365,GLY,-0.4,60.1,0.0,0,0,X,0.0,0.0,0.0,0.0,0.0,0.0,0.0,0.0,43,0.05129016720734909,27,16,11,0,0,0,0,0,0,0,0,1
1dfo,D,366,THR,-0.7,116.1,0.0,1,1,X,0.0,0.0,0.0,0.0,0.0,0.0,0.0,0.0,44,0.05408781269138631,32,10,22,0,0,0,0,0,0,0,0,1
1dfo,D,367,PRO,-1.6,112.7,0.0,0,0,X,0.0,0.0,0.0,0.0,0.0,0.0,0.0,0.0,40,0.05595290968074446,43,14,29,0,0,0,0,0,0,0,0,1
1dfo,D,368,ALA,1.8,88.6,0.0,0,0,X,0.0,0.0,0.0,0.0,0.0,0.0,0.0,0.0,39,0.05222271570202816,32,17,15,0,0,0,0,0,0,0,0,1
1dfo,D,369,ILE,4.5,166.7,0.0,0,0,X,0.0,0.0,0.0,0.0,0.0,0.0,0.0,0.0,38,0.050823892960009553,28,20,8,0,0,0,0,0,0,0,0,1
1dfo,D,370,THR,-0.7,116.1,0.0,1,1,X,0.0,0.0,0.0,0.0,0.0,0.0,0.0,0.0,36,0.05035761871267001,36,13,23,0,0,0,0,0,0,0,0,1
1dfo,D,371,ARG,-4.5,173.4,1.0,5,0,X,0.0,0.0,0.0,0.0,0.0,0.0,0.0,0.0,36,0.04289723075523742,11,9,2,0,0,0,0,0,0,0,0,1
1dfo,D,372,ARG,-4.5,173.4,1.0,5,0,X,0.0,0.0,0.0,0.0,0.0,0.0,0.0,0.0,34,0.04709369898129325,20,22,-2,0,0,0,0,0,0,0,0,1
1dfo,D,373,GLY,-0.4,60.1,0.0,0,0,X,0.0,0.0,0.0,0.0,0.0,0.0,0.0,0.0,27,0.03776821403450251,33,13,20,0,0,0,0,0,0,0,0,1
1dfo,D,374,PHE,2.8,189.9,0.0,0,0,X,0.0,0.0,0.0,0.0,0.0,0.0,0.0,0.0,35,0.045228601991935104,39,27,12,0,0,0,0,0,0,0,0,1
1dfo,D,375,LYS,-3.9,168.6,1.0,2,0,X,0.0,0.0,0.0,0.0,0.0,0.0,0.0,0.0,23,0.04103213376587927,17,18,-1,0,0,0,0,0,0,0,0,1
1dfo,D,376,GLU,-3.5,138.4,-1.0,1,3,X,0.0,0.0,0.0,0.0,0.0,0.0,0.0,0.0,24,0.03823448828184205,30,15,15,0,0,0,0,0,0,0,0,1
1dfo,D,377,ALA,1.8,88.6,0.0,0,0,X,0.0,0.0,0.0,0.0,0.0,0.0,0.0,0.0,22,0.027510180593032695,20,27,-7,0,0,0,0,0,0,0,0,1
1dfo,D,378,GLU,-3.5,138.4,-1.0,1,3,X,0.0,0.0,0.0,0.0,0.0,0.0,0.0,0.0,22,0.040099585271200194,26,18,8,0,0,0,0,0,0,0,0,1
1dfo,D,379,ALA,1.8,88.6,0.0,0,0,X,0.0,0.0,0.0,0.0,0.0,0.0,0.0,0.0,35,0.04989134446533048,24,31,-7,0,0,0,0,0,0,0,0,1
1dfo,D,380,LYS,-3.9,168.6,1.0,2,0,X,0.0,0.0,0.0,0.0,0.0,0.0,0.0,0.0,24,0.040565859518539735,13,41,-28,0,0,0,0,0,0,0,0,1
1dfo,D,381,GLU,-3.5,138.4,-1.0,1,3,X,0.0,0.0,0.0,0.0,0.0,0.0,0.0,0.0,26,0.03450429430312575,23,16,7,0,0,0,0,0,0,0,0,1
1dfo,D,382,LEU,3.8,166.7,0.0,0,0,X,0.0,0.0,0.0,0.0,0.0,0.0,0.0,0.0,41,0.045694876239274644,17,27,-10,0,0,0,0,0,0,0,0,1
1dfo,D,383,ALA,1.8,88.6,0.0,0,0,X,0.0,0.0,0.0,0.0,0.0,0.0,0.0,0.0,40,0.045694876239274644,19,30,-11,0,0,0,0,0,0,0,0,1
1dfo,D,384,GLY,-0.4,60.1,0.0,0,0,X,0.0,0.0,0.0,0.0,0.0,0.0,0.0,0.0,30,0.04149840801321881,22,29,-7,0,0,0,0,0,0,0,0,1
1dfo,D,385,TRP,-0.9,227.8,0.0,1,0,X,0.0,0.0,0.0,0.0,0.0,0.0,0.0,0.0,36,0.04429605349725603,30,25,5,0,0,0,0,0,0,0,0,1
1dfo,D,386,MET,1.9,162.9,0.0,0,0,X,0.0,0.0,0.0,0.0,0.0,0.0,0.0,0.0,39,0.04662742473395372,11,21,-10,0,0,0,0,0,0,0,0,1
1dfo,D,387,CYS,2.5,108.5,0.0,1,0,X,0.0,0.0,0.0,0.0,0.0,0.0,0.0,0.0,30,0.04616115048661418,17,23,-6,0,0,0,0,0,0,0,0,1
1dfo,D,388,ASP,-3.5,111.1,-1.0,1,3,X,0.0,0.0,0.0,0.0,0.0,0.0,0.0,0.0,28,0.040099585271200194,26,13,13,0,0,0,0,0,0,0,0,1
1dfo,D,389,VAL,4.2,140.0,0.0,0,0,X,0.0,0.0,0.0,0.0,0.0,0.0,0.0,0.0,38,0.04989134446533048,19,37,-18,0,0,0,0,0,0,0,0,1
1dfo,D,390,LEU,3.8,166.7,0.0,0,0,X,0.0,0.0,0.0,0.0,0.0,0.0,0.0,0.0,39,0.04289723075523742,18,26,-8,0,0,0,0,0,0,0,0,1
1dfo,D,391,ASP,-3.5,111.1,-1.0,1,3,X,0.0,0.0,0.0,0.0,0.0,0.0,0.0,0.0,22,0.03403802005578621,19,14,5,0,0,0,0,0,0,0,0,1
1dfo,D,392,SER,-0.8,89.0,0.0,1,1,X,0.0,0.0,0.0,0.0,0.0,0.0,0.0,0.0,24,0.03170664881908853,6,30,-24,0,0,0,0,0,0,0,0,1
1dfo,D,393,ILE,4.5,166.7,0.0,0,0,X,0.0,0.0,0.0,0.0,0.0,0.0,0.0,0.0,29,0.03730193978716297,12,39,-27,0,0,0,0,0,0,0,0,1
1dfo,D,394,ASN,-3.5,114.1,0.0,2,2,X,0.0,0.0,0.0,0.0,0.0,0.0,0.0,0.0,15,0.02331371236697686,5,25,-20,0,0,0,0,0,0,0,0,1
1dfo,D,395,ASP,-3.5,111.1,-1.0,1,3,X,0.0,0.0,0.0,0.0,0.0,0.0,0.0,0.0,16,0.027510180593032695,13,19,-6,0,0,0,0,0,0,0,0,1
1dfo,D,396,GLU,-3.5,138.4,-1.0,1,3,X,0.0,0.0,0.0,0.0,0.0,0.0,0.0,0.0,16,0.027043906345693154,23,18,5,0,0,0,0,0,0,0,0,1
1dfo,D,397,ALA,1.8,88.6,0.0,0,0,X,0.0,0.0,0.0,0.0,0.0,0.0,0.0,0.0,16,0.02611135785101408,15,24,-9,0,0,0,0,0,0,0,0,1
1dfo,D,398,VAL,4.2,140.0,0.0,0,0,X,0.0,0.0,0.0,0.0,0.0,0.0,0.0,0.0,24,0.03683566553982344,23,37,-14,0,0,0,0,0,0,0,0,1
1dfo,D,399,ILE,4.5,166.7,0.0,0,0,X,0.0,0.0,0.0,0.0,0.0,0.0,0.0,0.0,29,0.04989134446533048,32,30,2,0,0,0,0,0,0,0,0,1
1dfo,D,400,GLU,-3.5,138.4,-1.0,1,3,X,0.0,0.0,0.0,0.0,0.0,0.0,0.0,0.0,17,0.035436842797804825,34,11,23,0,0,0,0,0,0,0,0,1
1dfo,D,401,ARG,-4.5,173.4,1.0,5,0,X,0.0,0.0,0.0,0.0,0.0,0.0,0.0,0.0,16,0.032639197313767604,14,28,-14,0,0,0,0,0,0,0,0,1
1dfo,D,402,ILE,4.5,166.7,0.0,0,0,X,0.0,0.0,0.0,0.0,0.0,0.0,0.0,0.0,33,0.04616115048661418,33,26,7,0,0,0,0,0,0,0,0,1
1dfo,D,403,LYS,-3.9,168.6,1.0,2,0,X,0.0,0.0,0.0,0.0,0.0,0.0,0.0,0.0,26,0.04429605349725603,29,22,7,0,0,0,0,0,0,0,0,1
1dfo,D,404,GLY,-0.4,60.1,0.0,0,0,X,0.0,0.0,0.0,0.0,0.0,0.0,0.0,0.0,22,0.03310547156110714,29,20,9,0,0,0,0,0,0,0,0,1
1dfo,D,405,LYS,-3.9,168.6,1.0,2,0,X,0.0,0.0,0.0,0.0,0.0,0.0,0.0,0.0,25,0.03730193978716297,22,23,-1,0,0,0,0,0,0,0,0,1
1dfo,D,406,VAL,4.2,140.0,0.0,0,0,X,0.0,0.0,0.0,0.0,0.0,0.0,0.0,0.0,36,0.048958795970651406,45,29,16,0,0,0,0,0,0,0,0,1
1dfo,D,407,LEU,3.8,166.7,0.0,0,0,X,0.0,0.0,0.0,0.0,0.0,0.0,0.0,0.0,26,0.04103213376587927,39,25,14,0,0,0,0,0,0,0,0,1
1dfo,D,408,ASP,-3.5,111.1,-1.0,1,3,X,0.0,0.0,0.0,0.0,0.0,0.0,0.0,0.0,19,0.032172923066428064,25,6,19,0,0,0,0,0,0,0,0,1
1dfo,D,409,ILE,4.5,166.7,0.0,0,0,X,0.0,0.0,0.0,0.0,0.0,0.0,0.0,0.0,28,0.040565859518539735,33,31,2,0,0,0,0,0,0,0,0,1
1dfo,D,410,CYS,2.5,108.5,0.0,1,0,X,0.0,0.0,0.0,0.0,0.0,0.0,0.0,0.0,31,0.04942507021799094,37,28,9,0,0,0,0,0,0,0,0,1
1dfo,D,411,ALA,1.8,88.6,0.0,0,0,X,0.0,0.0,0.0,0.0,0.0,0.0,0.0,0.0,20,0.03450429430312575,22,25,-3,0,0,0,0,0,0,0,0,1
1dfo,D,412,ARG,-4.5,173.4,1.0,5,0,X,0.0,0.0,0.0,0.0,0.0,0.0,0.0,0.0,18,0.02984155182973038,10,17,-7,0,0,0,0,0,0,0,0,1
1dfo,D,413,TYR,-1.3,193.6,0.0,1,1,X,0.0,0.0,0.0,0.0,0.0,0.0,0.0,0.0,25,0.040565859518539735,35,19,16,0,0,0,0,0,0,0,0,1
1dfo,D,414,PRO,-1.6,112.7,0.0,0,0,X,0.0,0.0,0.0,0.0,0.0,0.0,0.0,0.0,26,0.03776821403450251,29,13,16,0,0,0,0,0,0,0,0,1
1dfo,D,415,VAL,4.2,140.0,0.0,0,0,X,0.0,0.0,0.0,0.0,0.0,0.0,0.0,0.0,36,0.04476232774459557,47,16,31,0,0,0,0,0,0,0,0,1
1dfo,D,416,TYR,-1.3,193.6,0.0,1,1,X,0.0,0.0,0.0,0.0,0.0,0.0,0.0,0.0,28,0.040099585271200194,47,11,36,0,0,0,0,0,0,0,0,1
1dfo,D,417,ALA,1.8,88.6,0.0,0,0,X,0.0,0.0,0.0,0.0,0.0,0.0,0.0,0.0,15,0.030307826077069916,22,14,8,0,0,0,0,0,0,0,0,1
