pdb_id,chain_id,residue_id,residue_name,hydrophobicity,volume,charge,hbond_donor,hbond_acceptor,ss_type,rel_asa,phi,psi,hse_up,hse_down,hse_ratio,residue_depth,ca_depth,neighbor_count,atom_density,pos_charged_neighbors,neg_charged_neighbors,net_charge_environment,ss_H,ss_B,ss_E,ss_G,ss_I,ss_T,ss_S,ss_ ,ss_X,is_binding_site
1dwv,A,77,GLN,-3.5,143.8,0.0,2,2,X,0.0,0.0,0.0,0.0,0.0,0.0,0.0,0.0,9,0.017252147151562876,22,6,16,0,0,0,0,0,0,0,0,1,0
1dwv,A,78,TYR,-1.3,193.6,0.0,1,1,X,0.0,0.0,0.0,0.0,0.0,0.0,0.0,0.0,15,0.032639197313767604,33,8,25,0,0,0,0,0,0,0,0,1,0
1dwv,A,79,VAL,4.2,140.0,0.0,0,0,X,0.0,0.0,0.0,0.0,0.0,0.0,0.0,0.0,21,0.03450429430312575,41,13,28,0,0,0,0,0,0,0,0,1,0
1dwv,A,80,ARG,-4.5,173.4,1.0,5,0,X,0.0,0.0,0.0,0.0,0.0,0.0,0.0,0.0,14,0.03450429430312575,19,12,7,0,0,0,0,0,0,0,0,1,0
1dwv,A,81,ILE,4.5,166.7,0.0,0,0,X,0.0,0.0,0.0,0.0,0.0,0.0,0.0,0.0,26,0.045228601991935104,32,25,7,0,0,0,0,0,0,0,0,1,0
1dwv,A,82,LYS,-3.9,168.6,1.0,2,0,X,0.0,0.0,0.0,0.0,0.0,0.0,0.0,0.0,17,0.04476232774459557,20,18,2,0,0,0,0,0,0,0,0,1,0
1dwv,A,83,ASN,-3.5,114.1,0.0,2,2,X,0.0,0.0,0.0,0.0,0.0,0.0,0.0,0.0,21,0.04662742473395372,19,18,1,0,0,0,0,0,0,0,0,1,0
1dwv,A,84,TRP,-0.9,227.8,0.0,1,0,X,0.0,0.0,0.0,0.0,0.0,0.0,0.0,0.0,16,0.035436842797804825,19,14,5,0,0,0,0,0,0,0,0,1,0
1dwv,A,85,GLY,-0.4,60.1,0.0,0,0,X,0.0,0.0,0.0,0.0,0.0,0.0,0.0,0.0,16,0.025645083603674543,18,9,9,0,0,0,0,0,0,0,0,1,0
1dwv,A,86,SER,-0.8,89.0,0.0,1,1,X,0.0,0.0,0.0,0.0,0.0,0.0,0.0,0.0,14,0.020049792635600097,19,9,10,0,0,0,0,0,0,0,0,1,0
1dwv,A,87,GLY,-0.4,60.1,0.0,0,0,X,0.0,0.0,0.0,0.0,0.0,0.0,0.0,0.0,12,0.02611135785101408,14,13,1,0,0,0,0,0,0,0,0,1,0
1dwv,A,88,GLU,-3.5,138.4,-1.0,1,3,X,0.0,0.0,0.0,0.0,0.0,0.0,0.0,0.0,18,0.028909003335051305,16,2,14,0,0,0,0,0,0,0,0,1,0
1dwv,A,89,ILE,4.5,166.7,0.0,0,0,X,0.0,0.0,0.0,0.0,0.0,0.0,0.0,0.0,16,0.03357174580844668,30,17,13,0,0,0,0,0,0,0,0,1,0
1dwv,A,90,LEU,3.8,166.7,0.0,0,0,X,0.0,0.0,0.0,0.0,0.0,0.0,0.0,0.0,27,0.0363693912924839,29,27,2,0,0,0,0,0,0,0,0,1,0
1dwv,A,91,HIS,-3.2,153.2,0.1,2,1,X,0.0,0.0,0.0,0.0,0.0,0.0,0.0,0.0,18,0.04289723075523742,18,12,6,0,0,0,0,0,0,0,0,1,0
1dwv,A,92,ASP,-3.5,111.1,-1.0,1,3,X,0.0,0.0,0.0,0.0,0.0,0.0,0.0,0.0,31,0.05455408693872585,44,4,40,0,0,0,0,0,0,0,0,1,0
1dwv,A,93,THR,-0.7,116.1,0.0,1,1,X,0.0,0.0,0.0,0.0,0.0,0.0,0.0,0.0,24,0.04429605349725603,47,10,37,0,0,0,0,0,0,0,0,1,0
1dwv,A,94,LEU,3.8,166.7,0.0,0,0,X,0.0,0.0,0.0,0.0,0.0,0.0,0.0,0.0,31,0.045228601991935104,44,16,28,0,0,0,0,0,0,0,0,1,0
1dwv,A,95,HIS,-3.2,153.2,0.1,2,1,X,0.0,0.0,0.0,0.0,0.0,0.0,0.0,0.0,25,0.04616115048661418,25,8,17,0,0,0,0,0,0,0,0,1,0
1dwv,A,96,HIS,-3.2,153.2,0.1,2,1,X,0.0,0.0,0.0,0.0,0.0,0.0,0.0,0.0,15,0.028909003335051305,20,8,12,0,0,0,0,0,0,0,0,1,0
1dwv,A,97,LYS,-3.9,168.6,1.0,2,0,X,0.0,0.0,0.0,0.0,0.0,0.0,0.0,0.0,20,0.028909003335051305,30,11,19,0,0,0,0,0,0,0,0,1,0
1dwv,A,98,ALA,1.8,88.6,0.0,0,0,X,0.0,0.0,0.0,0.0,0.0,0.0,0.0,0.0,20,0.03403802005578621,29,11,18,0,0,0,0,0,0,0,0,1,0
1dwv,A,99,THR,-0.7,116.1,0.0,1,1,X,0.0,0.0,0.0,0.0,0.0,0.0,0.0,0.0,23,0.028909003335051305,22,15,7,0,0,0,0,0,0,0,0,1,0
1dwv,A,100,SER,-0.8,89.0,0.0,1,1,X,0.0,0.0,0.0,0.0,0.0,0.0,0.0,0.0,14,0.014454501667525653,10,8,2,0,0,0,0,0,0,0,0,1,0
1dwv,A,101,ASP,-3.5,111.1,-1.0,1,3,X,0.0,0.0,0.0,0.0,0.0,0.0,0.0,0.0,14,0.022381163872297785,11,0,11,0,0,0,0,0,0,0,0,1,0
1dwv,A,102,PHE,2.8,189.9,0.0,0,0,X,0.0,0.0,0.0,0.0,0.0,0.0,0.0,0.0,30,0.03310547156110714,14,11,3,0,0,0,0,0,0,0,0,1,0
1dwv,A,103,THR,-0.7,116.1,0.0,1,1,X,0.0,0.0,0.0,0.0,0.0,0.0,0.0,0.0,24,0.03730193978716297,18,11,7,0,0,0,0,0,0,0,0,1,0
1dwv,A,104,CYS,2.5,108.5,0.0,1,0,X,0.0,0.0,0.0,0.0,0.0,0.0,0.0,0.0,18,0.029375277582390842,15,8,7,0,0,0,0,0,0,0,0,1,0
1dwv,A,105,LYS,-3.9,168.6,1.0,2,0,X,0.0,0.0,0.0,0.0,0.0,0.0,0.0,0.0,9,0.02331371236697686,9,6,3,0,0,0,0,0,0,0,0,1,0
1dwv,A,106,SER,-0.8,89.0,0.0,1,1,X,0.0,0.0,0.0,0.0,0.0,0.0,0.0,0.0,8,0.01678587290422334,18,1,17,0,0,0,0,0,0,0,0,1,0
1dwv,A,107,LYS,-3.9,168.6,1.0,2,0,X,0.0,0.0,0.0,0.0,0.0,0.0,0.0,0.0,6,0.016319598656883802,9,0,9,0,0,0,0,0,0,0,0,1,0
1dwv,A,108,SER,-0.8,89.0,0.0,1,1,X,0.0,0.0,0.0,0.0,0.0,0.0,0.0,0.0,10,0.022381163872297785,17,0,17,0,0,0,0,0,0,0,0,1,0
1dwv,A,109,CYS,2.5,108.5,0.0,1,0,X,0.0,0.0,0.0,0.0,0.0,0.0,0.0,0.0,12,0.025178809356335007,12,0,12,0,0,0,0,0,0,0,0,1,0
1dwv,A,110,LEU,3.8,166.7,0.0,0,0,X,0.0,0.0,0.0,0.0,0.0,0.0,0.0,0.0,19,0.027510180593032695,13,0,13,0,0,0,0,0,0,0,0,1,0
1dwv,A,111,GLY,-0.4,60.1,0.0,0,0,X,0.0,0.0,0.0,0.0,0.0,0.0,0.0,0.0,21,0.032172923066428064,7,8,-1,0,0,0,0,0,0,0,0,1,0
1dwv,A,112,SER,-0.8,89.0,0.0,1,1,X,0.0,0.0,0.0,0.0,0.0,0.0,0.0,0.0,16,0.02471253510899547,5,4,1,0,0,0,0,0,0,0,0,1,1
1dwv,A,113,ILE,4.5,166.7,0.0,0,0,X,0.0,0.0,0.0,0.0,0.0,0.0,0.0,0.0,20,0.028909003335051305,9,3,6,0,0,0,0,0,0,0,0,1,0
1dwv,A,114,MET,1.9,162.9,0.0,0,0,X,0.0,0.0,0.0,0.0,0.0,0.0,0.0,0.0,17,0.029375277582390842,11,3,8,0,0,0,0,0,0,0,0,1,1
1dwv,A,115,ASN,-3.5,114.1,0.0,2,2,X,0.0,0.0,0.0,0.0,0.0,0.0,0.0,0.0,20,0.032172923066428064,14,5,9,0,0,0,0,0,0,0,0,1,0
1dwv,A,116,PRO,-1.6,112.7,0.0,0,0,X,0.0,0.0,0.0,0.0,0.0,0.0,0.0,0.0,24,0.0363693912924839,16,2,14,0,0,0,0,0,0,0,0,1,0
1dwv,A,117,LYS,-3.9,168.6,1.0,2,0,X,0.0,0.0,0.0,0.0,0.0,0.0,0.0,0.0,16,0.025178809356335007,5,3,2,0,0,0,0,0,0,0,0,1,0
1dwv,A,118,SER,-0.8,89.0,0.0,1,1,X,0.0,0.0,0.0,0.0,0.0,0.0,0.0,0.0,26,0.03403802005578621,21,8,13,0,0,0,0,0,0,0,0,1,0
1dwv,A,119,LEU,3.8,166.7,0.0,0,0,X,0.0,0.0,0.0,0.0,0.0,0.0,0.0,0.0,33,0.045694876239274644,26,5,21,0,0,0,0,0,0,0,0,1,0
1dwv,A,120,THR,-0.7,116.1,0.0,1,1,X,0.0,0.0,0.0,0.0,0.0,0.0,0.0,0.0,26,0.04289723075523742,23,3,20,0,0,0,0,0,0,0,0,1,0
1dwv,A,121,ARG,-4.5,173.4,1.0,5,0,X,0.0,0.0,0.0,0.0,0.0,0.0,0.0,0.0,29,0.04103213376587927,21,18,3,0,0,0,0,0,0,0,0,1,0
1dwv,A,122,GLY,-0.4,60.1,0.0,0,0,X,0.0,0.0,0.0,0.0,0.0,0.0,0.0,0.0,22,0.03357174580844668,40,16,24,0,0,0,0,0,0,0,0,1,0
1dwv,A,123,PRO,-1.6,112.7,0.0,0,0,X,0.0,0.0,0.0,0.0,0.0,0.0,0.0,0.0,23,0.03310547156110714,44,25,19,0,0,0,0,0,0,0,0,1,0
1dwv,A,124,ARG,-4.5,173.4,1.0,5,0,X,0.0,0.0,0.0,0.0,0.0,0.0,0.0,0.0,24,0.030774100324409453,38,33,5,0,0,0,0,0,0,0,0,1,0
1dwv,A,125,ASP,-3.5,111.1,-1.0,1,3,X,0.0,0.0,0.0,0.0,0.0,0.0,0.0,0.0,14,0.02611135785101408,37,11,26,0,0,0,0,0,0,0,0,1,0
1dwv,A,126,LYS,-3.9,168.6,1.0,2,0,X,0.0,0.0,0.0,0.0,0.0,0.0,0.0,0.0,11,0.029375277582390842,20,16,4,0,0,0,0,0,0,0,0,1,0
1dwv,A,127,PRO,-1.6,112.7,0.0,0,0,X,0.0,0.0,0.0,0.0,0.0,0.0,0.0,0.0,21,0.03450429430312575,36,24,12,0,0,0,0,0,0,0,0,1,0
1dwv,A,128,THR,-0.7,116.1,0.0,1,1,X,0.0,0.0,0.0,0.0,0.0,0.0,0.0,0.0,27,0.03590311704514436,31,34,-3,0,0,0,0,0,0,0,0,1,0
1dwv,A,129,PRO,-1.6,112.7,0.0,0,0,X,0.0,0.0,0.0,0.0,0.0,0.0,0.0,0.0,16,0.029375277582390842,18,18,0,0,0,0,0,0,0,0,0,1,0
1dwv,A,130,LEU,3.8,166.7,0.0,0,0,X,0.0,0.0,0.0,0.0,0.0,0.0,0.0,0.0,21,0.03403802005578621,1,28,-27,0,0,0,0,0,0,0,0,1,0
1dwv,A,131,GLU,-3.5,138.4,-1.0,1,3,X,0.0,0.0,0.0,0.0,0.0,0.0,0.0,0.0,11,0.026577632098353617,7,9,-2,0,0,0,0,0,0,0,0,1,0
1dwv,A,132,GLU,-3.5,138.4,-1.0,1,3,X,0.0,0.0,0.0,0.0,0.0,0.0,0.0,0.0,19,0.032172923066428064,16,10,6,0,0,0,0,0,0,0,0,1,0
1dwv,A,133,LEU,3.8,166.7,0.0,0,0,X,0.0,0.0,0.0,0.0,0.0,0.0,0.0,0.0,30,0.04616115048661418,14,30,-16,0,0,0,0,0,0,0,0,1,0
1dwv,A,134,LEU,3.8,166.7,0.0,0,0,X,0.0,0.0,0.0,0.0,0.0,0.0,0.0,0.0,27,0.04149840801321881,13,28,-15,0,0,0,0,0,0,0,0,1,0
1dwv,A,135,PRO,-1.6,112.7,0.0,0,0,X,0.0,0.0,0.0,0.0,0.0,0.0,0.0,0.0,21,0.03170664881908853,10,25,-15,0,0,0,0,0,0,0,0,1,0
1dwv,A,136,HIS,-3.2,153.2,0.1,2,1,X,0.0,0.0,0.0,0.0,0.0,0.0,0.0,0.0,27,0.040099585271200194,4,31,-27,0,0,0,0,0,0,0,0,1,0
1dwv,A,137,ALA,1.8,88.6,0.0,0,0,X,0.0,0.0,0.0,0.0,0.0,0.0,0.0,0.0,32,0.05175644145468863,18,22,-4,0,0,0,0,0,0,0,0,1,0
1dwv,A,138,ILE,4.5,166.7,0.0,0,0,X,0.0,0.0,0.0,0.0,0.0,0.0,0.0,0.0,27,0.043363505002576956,23,16,7,0,0,0,0,0,0,0,0,1,0
1dwv,A,139,GLU,-3.5,138.4,-1.0,1,3,X,0.0,0.0,0.0,0.0,0.0,0.0,0.0,0.0,24,0.034970568550465285,19,4,15,0,0,0,0,0,0,0,0,1,0
1dwv,A,140,PHE,2.8,189.9,0.0,0,0,X,0.0,0.0,0.0,0.0,0.0,0.0,0.0,0.0,42,0.04709369898129325,15,26,-11,0,0,0,0,0,0,0,0,1,0
1dwv,A,141,ILE,4.5,166.7,0.0,0,0,X,0.0,0.0,0.0,0.0,0.0,0.0,0.0,0.0,34,0.05502036118606539,26,22,4,0,0,0,0,0,0,0,0,1,0
1dwv,A,142,ASN,-3.5,114.1,0.0,2,2,X,0.0,0.0,0.0,0.0,0.0,0.0,0.0,0.0,23,0.03776821403450251,18,11,7,0,0,0,0,0,0,0,0,1,0
1dwv,A,143,GLN,-3.5,143.8,0.0,2,2,X,0.0,0.0,0.0,0.0,0.0,0.0,0.0,0.0,28,0.03776821403450251,19,14,5,0,0,0,0,0,0,0,0,1,0
1dwv,A,144,TYR,-1.3,193.6,0.0,1,1,X,0.0,0.0,0.0,0.0,0.0,0.0,0.0,0.0,30,0.04942507021799094,28,23,5,0,0,0,0,0,0,0,0,1,0
1dwv,A,145,TYR,-1.3,193.6,0.0,1,1,X,0.0,0.0,0.0,0.0,0.0,0.0,0.0,0.0,28,0.048026247475972325,30,32,-2,0,0,0,0,0,0,0,0,1,0
1dwv,A,146,GLY,-0.4,60.1,0.0,0,0,X,0.0,0.0,0.0,0.0,0.0,0.0,0.0,0.0,18,0.030307826077069916,21,6,15,0,0,0,0,0,0,0,0,1,0
1dwv,A,147,SER,-0.8,89.0,0.0,1,1,X,0.0,0.0,0.0,0.0,0.0,0.0,0.0,0.0,18,0.02984155182973038,17,7,10,0,0,0,0,0,0,0,0,1,0
1dwv,A,148,PHE,2.8,189.9,0.0,0,0,X,0.0,0.0,0.0,0.0,0.0,0.0,0.0,0.0,17,0.026577632098353617,24,22,2,0,0,0,0,0,0,0,0,1,0
1dwv,A,149,LYS,-3.9,168.6,1.0,2,0,X,0.0,0.0,0.0,0.0,0.0,0.0,0.0,0.0,7,0.019117244140921023,2,9,-7,0,0,0,0,0,0,0,0,1,0
1dwv,A,150,GLU,-3.5,138.4,-1.0,1,3,X,0.0,0.0,0.0,0.0,0.0,0.0,0.0,0.0,9,0.01958351838826056,18,1,17,0,0,0,0,0,0,0,0,1,0
1dwv,A,151,ALA,1.8,88.6,0.0,0,0,X,0.0,0.0,0.0,0.0,0.0,0.0,0.0,0.0,14,0.032639197313767604,25,27,-2,0,0,0,0,0,0,0,0,1,0
1dwv,A,152,LYS,-3.9,168.6,1.0,2,0,X,0.0,0.0,0.0,0.0,0.0,0.0,0.0,0.0,17,0.034970568550465285,18,27,-9,0,0,0,0,0,0,0,0,1,0
1dwv,A,153,ILE,4.5,166.7,0.0,0,0,X,0.0,0.0,0.0,0.0,0.0,0.0,0.0,0.0,14,0.03170664881908853,20,22,-2,0,0,0,0,0,0,0,0,1,0
1dwv,A,154,GLU,-3.5,138.4,-1.0,1,3,X,0.0,0.0,0.0,0.0,0.0,0.0,0.0,0.0,10,0.026577632098353617,22,11,11,0,0,0,0,0,0,0,0,1,0
1dwv,A,155,GLU,-3.5,138.4,-1.0,1,3,X,0.0,0.0,0.0,0.0,0.0,0.0,0.0,0.0,17,0.03357174580844668,27,13,14,0,0,0,0,0,0,0,0,1,0
1dwv,A,156,HIS,-3.2,153.2,0.1,2,1,X,0.0,0.0,0.0,0.0,0.0,0.0,0.0,0.0,26,0.048026247475972325,17,25,-8,0,0,0,0,0,0,0,0,1,0
1dwv,A,157,LEU,3.8,166.7,0.0,0,0,X,0.0,0.0,0.0,0.0,0.0,0.0,0.0,0.0,17,0.03357174580844668,22,25,-3,0,0,0,0,0,0,0,0,1,0
1dwv,A,158,ALA,1.8,88.6,0.0,0,0,X,0.0,0.0,0.0,0.0,0.0,0.0,0.0,0.0,16,0.03170664881908853,30,27,3,0,0,0,0,0,0,0,0,1,0
1dwv,A,159,ARG,-4.5,173.4,1.0,5,0,X,0.0,0.0,0.0,0.0,0.0,0.0,0.0,0.0,28,0.03963331102386066,16,32,-16,0,0,0,0,0,0,0,0,1,0
1dwv,A,160,LEU,3.8,166.7,0.0,0,0,X,0.0,0.0,0.0,0.0,0.0,0.0,0.0,0.0,28,0.045694876239274644,25,25,0,0,0,0,0,0,0,0,0,1,0
1dwv,A,161,GLU,-3.5,138.4,-1.0,1,3,X,0.0,0.0,0.0,0.0,0.0,0.0,0.0,0.0,17,0.03124037457174899,23,13,10,0,0,0,0,0,0,0,0,1,0
1dwv,A,162,ALA,1.8,88.6,0.0,0,0,X,0.0,0.0,0.0,0.0,0.0,0.0,0.0,0.0,26,0.032172923066428064,22,31,-9,0,0,0,0,0,0,0,0,1,0
1dwv,A,163,VAL,4.2,140.0,0.0,0,0,X,0.0,0.0,0.0,0.0,0.0,0.0,0.0,0.0,34,0.04755997322863279,24,32,-8,0,0,0,0,0,0,0,0,1,0
1dwv,A,164,THR,-0.7,116.1,0.0,1,1,X,0.0,0.0,0.0,0.0,0.0,0.0,0.0,0.0,23,0.04103213376587927,19,27,-8,0,0,0,0,0,0,0,0,1,0
1dwv,A,165,LYS,-3.9,168.6,1.0,2,0,X,0.0,0.0,0.0,0.0,0.0,0.0,0.0,0.0,17,0.03450429430312575,4,27,-23,0,0,0,0,0,0,0,0,1,0
1dwv,A,166,GLU,-3.5,138.4,-1.0,1,3,X,0.0,0.0,0.0,0.0,0.0,0.0,0.0,0.0,24,0.03963331102386066,18,14,4,0,0,0,0,0,0,0,0,1,0
1dwv,A,167,ILE,4.5,166.7,0.0,0,0,X,0.0,0.0,0.0,0.0,0.0,0.0,0.0,0.0,29,0.048492521723311866,8,27,-19,0,0,0,0,0,0,0,0,1,0
1dwv,A,168,GLU,-3.5,138.4,-1.0,1,3,X,0.0,0.0,0.0,0.0,0.0,0.0,0.0,0.0,16,0.030307826077069916,9,12,-3,0,0,0,0,0,0,0,0,1,0
1dwv,A,169,THR,-0.7,116.1,0.0,1,1,X,0.0,0.0,0.0,0.0,0.0,0.0,0.0,0.0,13,0.025178809356335007,9,19,-10,0,0,0,0,0,0,0,0,1,0
1dwv,A,170,THR,-0.7,116.1,0.0,1,1,X,0.0,0.0,0.0,0.0,0.0,0.0,0.0,0.0,17,0.02471253510899547,6,16,-10,0,0,0,0,0,0,0,0,1,0
1dwv,A,171,GLY,-0.4,60.1,0.0,0,0,X,0.0,0.0,0.0,0.0,0.0,0.0,0.0,0.0,25,0.02844272908771177,5,20,-15,0,0,0,0,0,0,0,0,1,0
1dwv,A,172,THR,-0.7,116.1,0.0,1,1,X,0.0,0.0,0.0,0.0,0.0,0.0,0.0,0.0,29,0.03916703677652112,7,17,-10,0,0,0,0,0,0,0,0,1,0
1dwv,A,173,TYR,-1.3,193.6,0.0,1,1,X,0.0,0.0,0.0,0.0,0.0,0.0,0.0,0.0,33,0.04103213376587927,21,16,5,0,0,0,0,0,0,0,0,1,0
1dwv,A,174,GLN,-3.5,143.8,0.0,2,2,X,0.0,0.0,0.0,0.0,0.0,0.0,0.0,0.0,25,0.032639197313767604,17,17,0,0,0,0,0,0,0,0,0,1,0
1dwv,A,175,LEU,3.8,166.7,0.0,0,0,X,0.0,0.0,0.0,0.0,0.0,0.0,0.0,0.0,31,0.04196468226055834,14,24,-10,0,0,0,0,0,0,0,0,1,0
1dwv,A,176,THR,-0.7,116.1,0.0,1,1,X,0.0,0.0,0.0,0.0,0.0,0.0,0.0,0.0,25,0.032172923066428064,16,24,-8,0,0,0,0,0,0,0,0,1,0
1dwv,A,177,LEU,3.8,166.7,0.0,0,0,X,0.0,0.0,0.0,0.0,0.0,0.0,0.0,0.0,19,0.03124037457174899,9,25,-16,0,0,0,0,0,0,0,0,1,0
1dwv,A,178,ASP,-3.5,111.1,-1.0,1,3,X,0.0,0.0,0.0,0.0,0.0,0.0,0.0,0.0,20,0.03170664881908853,14,10,4,0,0,0,0,0,0,0,0,1,0
1dwv,A,179,GLU,-3.5,138.4,-1.0,1,3,X,0.0,0.0,0.0,0.0,0.0,0.0,0.0,0.0,29,0.045228601991935104,16,8,8,0,0,0,0,0,0,0,0,1,0
1dwv,A,180,LEU,3.8,166.7,0.0,0,0,X,0.0,0.0,0.0,0.0,0.0,0.0,0.0,0.0,36,0.04709369898129325,17,27,-10,0,0,0,0,0,0,0,0,1,0
1dwv,A,181,ILE,4.5,166.7,0.0,0,0,X,0.0,0.0,0.0,0.0,0.0,0.0,0.0,0.0,28,0.04103213376587927,13,21,-8,0,0,0,0,0,0,0,0,1,0
1dwv,A,182,PHE,2.8,189.9,0.0,0,0,X,0.0,0.0,0.0,0.0,0.0,0.0,0.0,0.0,34,0.04429605349725603,19,17,2,0,0,0,0,0,0,0,0,1,0
1dwv,A,183,ALA,1.8,88.6,0.0,0,0,X,0.0,0.0,0.0,0.0,0.0,0.0,0.0,0.0,33,0.0526889899493677,16,23,-7,0,0,0,0,0,0,0,0,1,0
1dwv,A,184,THR,-0.7,116.1,0.0,1,1,X,0.0,0.0,0.0,0.0,0.0,0.0,0.0,0.0,38,0.04662742473395372,15,12,3,0,0,0,0,0,0,0,0,1,0
1dwv,A,185,LYS,-3.9,168.6,1.0,2,0,X,0.0,0.0,0.0,0.0,0.0,0.0,0.0,0.0,30,0.05548663543340492,16,6,10,0,0,0,0,0,0,0,0,1,0
1dwv,A,186,MET,1.9,162.9,0.0,0,0,X,0.0,0.0,0.0,0.0,0.0,0.0,0.0,0.0,33,0.05222271570202816,35,8,27,0,0,0,0,0,0,0,0,1,0
1dwv,A,187,ALA,1.8,88.6,0.0,0,0,X,0.0,0.0,0.0,0.0,0.0,0.0,0.0,0.0,37,0.05129016720734909,29,10,19,0,0,0,0,0,0,0,0,1,0
1dwv,A,188,TRP,-0.9,227.8,0.0,1,0,X,0.0,0.0,0.0,0.0,0.0,0.0,0.0,0.0,37,0.05129016720734909,38,1,37,0,0,0,0,0,0,0,0,1,1
1dwv,A,189,ARG,-4.5,173.4,1.0,5,0,X,0.0,0.0,0.0,0.0,0.0,0.0,0.0,0.0,36,0.05408781269138631,39,9,30,0,0,0,0,0,0,0,0,1,0
1dwv,A,190,ASN,-3.5,114.1,0.0,2,2,X,0.0,0.0,0.0,0.0,0.0,0.0,0.0,0.0,38,0.05502036118606539,37,8,29,0,0,0,0,0,0,0,0,1,0
1dwv,A,191,ALA,1.8,88.6,0.0,0,0,X,0.0,0.0,0.0,0.0,0.0,0.0,0.0,0.0,39,0.04755997322863279,38,9,29,0,0,0,0,0,0,0,0,1,0
1dwv,A,192,PRO,-1.6,112.7,0.0,0,0,X,0.0,0.0,0.0,0.0,0.0,0.0,0.0,0.0,35,0.04709369898129325,28,8,20,0,0,0,0,0,0,0,0,1,0
1dwv,A,193,ARG,-4.5,173.4,1.0,5,0,X,0.0,0.0,0.0,0.0,0.0,0.0,0.0,0.0,31,0.04289723075523742,5,8,-3,0,0,0,0,0,0,0,0,1,1
1dwv,A,194,CYS,2.5,108.5,0.0,1,0,X,0.0,0.0,0.0,0.0,0.0,0.0,0.0,0.0,33,0.03870076252918159,30,10,20,0,0,0,0,0,0,0,0,1,1
1dwv,A,195,ILE,4.5,166.7,0.0,0,0,X,0.0,0.0,0.0,0.0,0.0,0.0,0.0,0.0,40,0.03963331102386066,36,13,23,0,0,0,0,0,0,0,0,1,0
1dwv,A,196,GLY,-0.4,60.1,0.0,0,0,X,0.0,0.0,0.0,0.0,0.0,0.0,0.0,0.0,32,0.04429605349725603,29,2,27,0,0,0,0,0,0,0,0,1,1
1dwv,A,197,ARG,-4.5,173.4,1.0,5,0,X,0.0,0.0,0.0,0.0,0.0,0.0,0.0,0.0,34,0.05035761871267001,33,8,25,0,0,0,0,0,0,0,0,1,0
1dwv,A,198,ILE,4.5,166.7,0.0,0,0,X,0.0,0.0,0.0,0.0,0.0,0.0,0.0,0.0,26,0.04196468226055834,35,11,24,0,0,0,0,0,0,0,0,1,0
1dwv,A,199,GLN,-3.5,143.8,0.0,2,2,X,0.0,0.0,0.0,0.0,0.0,0.0,0.0,0.0,24,0.03683566553982344,23,0,23,0,0,0,0,0,0,0,0,1,0
1dwv,A,200,TRP,-0.9,227.8,0.0,1,0,X,0.0,0.0,0.0,0.0,0.0,0.0,0.0,0.0,24,0.048492521723311866,44,7,37,0,0,0,0,0,0,0,0,1,0
1dwv,A,201,SER,-0.8,89.0,0.0,1,1,X,0.0,0.0,0.0,0.0,0.0,0.0,0.0,0.0,18,0.030307826077069916,24,0,24,0,0,0,0,0,0,0,0,1,0
1dwv,A,202,ASN,-3.5,114.1,0.0,2,2,X,0.0,0.0,0.0,0.0,0.0,0.0,0.0,0.0,20,0.030307826077069916,19,0,19,0,0,0,0,0,0,0,0,1,0
1dwv,A,203,LEU,3.8,166.7,0.0,0,0,X,0.0,0.0,0.0,0.0,0.0,0.0,0.0,0.0,30,0.04243095650789788,20,0,20,0,0,0,0,0,0,0,0,1,1
1dwv,A,204,GLN,-3.5,143.8,0.0,2,2,X,0.0,0.0,0.0,0.0,0.0,0.0,0.0,0.0,24,0.03776821403450251,33,3,30,0,0,0,0,0,0,0,0,1,0
1dwv,A,205,VAL,4.2,140.0,0.0,0,0,X,0.0,0.0,0.0,0.0,0.0,0.0,0.0,0.0,32,0.04289723075523742,22,16,6,0,0,0,0,0,0,0,0,1,0
1dwv,A,206,PHE,2.8,189.9,0.0,0,0,X,0.0,0.0,0.0,0.0,0.0,0.0,0.0,0.0,30,0.03870076252918159,33,8,25,0,0,0,0,0,0,0,0,1,0
1dwv,A,207,ASP,-3.5,111.1,-1.0,1,3,X,0.0,0.0,0.0,0.0,0.0,0.0,0.0,0.0,25,0.03730193978716297,22,1,21,0,0,0,0,0,0,0,0,1,0
1dwv,A,208,ALA,1.8,88.6,0.0,0,0,X,0.0,0.0,0.0,0.0,0.0,0.0,0.0,0.0,29,0.040099585271200194,23,16,7,0,0,0,0,0,0,0,0,1,0
1dwv,A,209,ARG,-4.5,173.4,1.0,5,0,X,0.0,0.0,0.0,0.0,0.0,0.0,0.0,0.0,27,0.04243095650789788,5,9,-4,0,0,0,0,0,0,0,0,1,0
1dwv,A,210,ASN,-3.5,114.1,0.0,2,2,X,0.0,0.0,0.0,0.0,0.0,0.0,0.0,0.0,17,0.027510180593032695,17,16,1,0,0,0,0,0,0,0,0,1,0
1dwv,A,211,CYS,2.5,108.5,0.0,1,0,X,0.0,0.0,0.0,0.0,0.0,0.0,0.0,0.0,26,0.04149840801321881,18,21,-3,0,0,0,0,0,0,0,0,1,0
1dwv,A,212,SER,-0.8,89.0,0.0,1,1,X,0.0,0.0,0.0,0.0,0.0,0.0,0.0,0.0,23,0.03357174580844668,9,20,-11,0,0,0,0,0,0,0,0,1,0
1dwv,A,213,THR,-0.7,116.1,0.0,1,1,X,0.0,0.0,0.0,0.0,0.0,0.0,0.0,0.0,23,0.03450429430312575,5,25,-20,0,0,0,0,0,0,0,0,1,0
1dwv,A,214,ALA,1.8,88.6,0.0,0,0,X,0.0,0.0,0.0,0.0,0.0,0.0,0.0,0.0,28,0.04476232774459557,9,27,-18,0,0,0,0,0,0,0,0,1,0
1dwv,A,215,GLN,-3.5,143.8,0.0,2,2,X,0.0,0.0,0.0,0.0,0.0,0.0,0.0,0.0,18,0.035436842797804825,7,20,-13,0,0,0,0,0,0,0,0,1,0
1dwv,A,216,GLU,-3.5,138.4,-1.0,1,3,X,0.0,0.0,0.0,0.0,0.0,0.0,0.0,0.0,20,0.03963331102386066,13,3,10,0,0,0,0,0,0,0,0,1,0
1dwv,A,217,MET,1.9,162.9,0.0,0,0,X,0.0,0.0,0.0,0.0,0.0,0.0,0.0,0.0,37,0.053621538444046775,17,22,-5,0,0,0,0,0,0,0,0,1,0
1dwv,A,218,PHE,2.8,189.9,0.0,0,0,X,0.0,0.0,0.0,0.0,0.0,0.0,0.0,0.0,28,0.04662742473395372,15,18,-3,0,0,0,0,0,0,0,0,1,0
1dwv,A,219,GLN,-3.5,143.8,0.0,2,2,X,0.0,0.0,0.0,0.0,0.0,0.0,0.0,0.0,20,0.03683566553982344,21,9,12,0,0,0,0,0,0,0,0,1,0
1dwv,A,220,HIS,-3.2,153.2,0.1,2,1,X,0.0,0.0,0.0,0.0,0.0,0.0,0.0,0.0,30,0.04103213376587927,24,16,8,0,0,0,0,0,0,0,0,1,0
1dwv,A,221,ILE,4.5,166.7,0.0,0,0,X,0.0,0.0,0.0,0.0,0.0,0.0,0.0,0.0,43,0.04616115048661418,28,7,21,0,0,0,0,0,0,0,0,1,0
1dwv,A,222,CYS,2.5,108.5,0.0,1,0,X,0.0,0.0,0.0,0.0,0.0,0.0,0.0,0.0,31,0.040565859518539735,30,7,23,0,0,0,0,0,0,0,0,1,0
1dwv,A,223,ARG,-4.5,173.4,1.0,5,0,X,0.0,0.0,0.0,0.0,0.0,0.0,0.0,0.0,24,0.03823448828184205,23,5,18,0,0,0,0,0,0,0,0,1,0
1dwv,A,224,HIS,-3.2,153.2,0.1,2,1,X,0.0,0.0,0.0,0.0,0.0,0.0,0.0,0.0,41,0.048958795970651406,26,1,25,0,0,0,0,0,0,0,0,1,0
1dwv,A,225,ILE,4.5,166.7,0.0,0,0,X,0.0,0.0,0.0,0.0,0.0,0.0,0.0,0.0,37,0.04429605349725603,24,4,20,0,0,0,0,0,0,0,0,1,0
1dwv,A,226,LEU,3.8,166.7,0.0,0,0,X,0.0,0.0,0.0,0.0,0.0,0.0,0.0,0.0,24,0.03590311704514436,30,5,25,0,0,0,0,0,0,0,0,1,0
1dwv,A,227,TYR,-1.3,193.6,0.0,1,1,X,0.0,0.0,0.0,0.0,0.0,0.0,0.0,0.0,24,0.04289723075523742,33,0,33,0,0,0,0,0,0,0,0,1,0
1dwv,A,228,ALA,1.8,88.6,0.0,0,0,X,0.0,0.0,0.0,0.0,0.0,0.0,0.0,0.0,35,0.05175644145468863,27,0,27,0,0,0,0,0,0,0,0,1,0
1dwv,A,229,THR,-0.7,116.1,0.0,1,1,X,0.0,0.0,0.0,0.0,0.0,0.0,0.0,0.0,33,0.048492521723311866,23,4,19,0,0,0,0,0,0,0,0,1,0
1dwv,A,230,ASN,-3.5,114.1,0.0,2,2,X,0.0,0.0,0.0,0.0,0.0,0.0,0.0,0.0,20,0.03776821403450251,14,0,14,0,0,0,0,0,0,0,0,1,0
1dwv,A,231,ASN,-3.5,114.1,0.0,2,2,X,0.0,0.0,0.0,0.0,0.0,0.0,0.0,0.0,20,0.026577632098353617,6,3,3,0,0,0,0,0,0,0,0,1,0
1dwv,A,232,GLY,-0.4,60.1,0.0,0,0,X,0.0,0.0,0.0,0.0,0.0,0.0,0.0,0.0,29,0.03963331102386066,10,4,6,0,0,0,0,0,0,0,0,1,0
1dwv,A,233,ASN,-3.5,114.1,0.0,2,2,X,0.0,0.0,0.0,0.0,0.0,0.0,0.0,0.0,20,0.03450429430312575,11,0,11,0,0,0,0,0,0,0,0,1,0
1dwv,A,234,ILE,4.5,166.7,0.0,0,0,X,0.0,0.0,0.0,0.0,0.0,0.0,0.0,0.0,28,0.05035761871267001,12,0,12,0,0,0,0,0,0,0,0,1,0
1dwv,A,235,ARG,-4.5,173.4,1.0,5,0,X,0.0,0.0,0.0,0.0,0.0,0.0,0.0,0.0,26,0.048026247475972325,9,0,9,0,0,0,0,0,0,0,0,1,0
1dwv,A,236,SER,-0.8,89.0,0.0,1,1,X,0.0,0.0,0.0,0.0,0.0,0.0,0.0,0.0,33,0.04709369898129325,22,0,22,0,0,0,0,0,0,0,0,1,1
1dwv,A,237,ALA,1.8,88.6,0.0,0,0,X,0.0,0.0,0.0,0.0,0.0,0.0,0.0,0.0,37,0.0526889899493677,25,1,24,0,0,0,0,0,0,0,0,1,0
1dwv,A,238,ILE,4.5,166.7,0.0,0,0,X,0.0,0.0,0.0,0.0,0.0,0.0,0.0,0.0,37,0.05129016720734909,18,4,14,0,0,0,0,0,0,0,0,1,0
1dwv,A,239,THR,-0.7,116.1,0.0,1,1,X,0.0,0.0,0.0,0.0,0.0,0.0,0.0,0.0,41,0.04989134446533048,35,9,26,0,0,0,0,0,0,0,0,1,0
1dwv,A,240,VAL,4.2,140.0,0.0,0,0,X,0.0,0.0,0.0,0.0,0.0,0.0,0.0,0.0,39,0.050823892960009553,27,10,17,0,0,0,0,0,0,0,0,1,0
1dwv,A,241,PHE,2.8,189.9,0.0,0,0,X,0.0,0.0,0.0,0.0,0.0,0.0,0.0,0.0,41,0.05408781269138631,30,17,13,0,0,0,0,0,0,0,0,1,0
1dwv,A,242,PRO,-1.6,112.7,0.0,0,0,X,0.0,0.0,0.0,0.0,0.0,0.0,0.0,0.0,33,0.04709369898129325,27,25,2,0,0,0,0,0,0,0,0,1,0
1dwv,A,243,GLN,-3.5,143.8,0.0,2,2,X,0.0,0.0,0.0,0.0,0.0,0.0,0.0,0.0,34,0.045694876239274644,26,23,3,0,0,0,0,0,0,0,0,1,0
1dwv,A,244,ARG,-4.5,173.4,1.0,5,0,X,0.0,0.0,0.0,0.0,0.0,0.0,0.0,0.0,32,0.04755997322863279,45,32,13,0,0,0,0,0,0,0,0,1,0
1dwv,A,245,SER,-0.8,89.0,0.0,1,1,X,0.0,0.0,0.0,0.0,0.0,0.0,0.0,0.0,27,0.034970568550465285,45,36,9,0,0,0,0,0,0,0,0,1,0
1dwv,A,246,ASP,-3.5,111.1,-1.0,1,3,X,0.0,0.0,0.0,0.0,0.0,0.0,0.0,0.0,18,0.03776821403450251,49,23,26,0,0,0,0,0,0,0,0,1,0
1dwv,A,247,GLY,-0.4,60.1,0.0,0,0,X,0.0,0.0,0.0,0.0,0.0,0.0,0.0,0.0,28,0.043829779249916496,52,38,14,0,0,0,0,0,0,0,0,1,0
1dwv,A,248,LYS,-3.9,168.6,1.0,2,0,X,0.0,0.0,0.0,0.0,0.0,0.0,0.0,0.0,20,0.03403802005578621,34,30,4,0,0,0,0,0,0,0,0,1,0
1dwv,A,249,HIS,-3.2,153.2,0.1,2,1,X,0.0,0.0,0.0,0.0,0.0,0.0,0.0,0.0,23,0.03916703677652112,23,27,-4,0,0,0,0,0,0,0,0,1,0
1dwv,A,250,ASP,-3.5,111.1,-1.0,1,3,X,0.0,0.0,0.0,0.0,0.0,0.0,0.0,0.0,33,0.05175644145468863,52,24,28,0,0,0,0,0,0,0,0,1,0
1dwv,A,251,PHE,2.8,189.9,0.0,0,0,X,0.0,0.0,0.0,0.0,0.0,0.0,0.0,0.0,38,0.053155264196707235,38,22,16,0,0,0,0,0,0,0,0,1,0
1dwv,A,252,ARG,-4.5,173.4,1.0,5,0,X,0.0,0.0,0.0,0.0,0.0,0.0,0.0,0.0,40,0.04942507021799094,23,17,6,0,0,0,0,0,0,0,0,1,0
1dwv,A,253,LEU,3.8,166.7,0.0,0,0,X,0.0,0.0,0.0,0.0,0.0,0.0,0.0,0.0,40,0.053621538444046775,11,5,6,0,0,0,0,0,0,0,0,1,0
1dwv,A,254,TRP,-0.9,227.8,0.0,1,0,X,0.0,0.0,0.0,0.0,0.0,0.0,0.0,0.0,35,0.053155264196707235,25,21,4,0,0,0,0,0,0,0,0,1,0
1dwv,A,255,ASN,-3.5,114.1,0.0,2,2,X,0.0,0.0,0.0,0.0,0.0,0.0,0.0,0.0,34,0.04616115048661418,17,3,14,0,0,0,0,0,0,0,0,1,0
1dwv,A,256,SER,-0.8,89.0,0.0,1,1,X,0.0,0.0,0.0,0.0,0.0,0.0,0.0,0.0,31,0.03870076252918159,12,7,5,0,0,0,0,0,0,0,0,1,0
1dwv,A,257,GLN,-3.5,143.8,0.0,2,2,X,0.0,0.0,0.0,0.0,0.0,0.0,0.0,0.0,33,0.04196468226055834,15,6,9,0,0,0,0,0,0,0,0,1,1
1dwv,A,258,LEU,3.8,166.7,0.0,0,0,X,0.0,0.0,0.0,0.0,0.0,0.0,0.0,0.0,42,0.04989134446533048,20,0,20,0,0,0,0,0,0,0,0,1,0
1dwv,A,259,ILE,4.5,166.7,0.0,0,0,X,0.0,0.0,0.0,0.0,0.0,0.0,0.0,0.0,36,0.04709369898129325,11,10,1,0,0,0,0,0,0,0,0,1,0
1dwv,A,260,ARG,-4.5,173.4,1.0,5,0,X,0.0,0.0,0.0,0.0,0.0,0.0,0.0,0.0,38,0.050823892960009553,8,17,-9,0,0,0,0,0,0,0,0,1,0
1dwv,A,261,TYR,-1.3,193.6,0.0,1,1,X,0.0,0.0,0.0,0.0,0.0,0.0,0.0,0.0,37,0.05455408693872585,33,29,4,0,0,0,0,0,0,0,0,1,0
1dwv,A,262,ALA,1.8,88.6,0.0,0,0,X,0.0,0.0,0.0,0.0,0.0,0.0,0.0,0.0,36,0.058750555164781684,38,19,19,0,0,0,0,0,0,0,0,1,0
1dwv,A,263,GLY,-0.4,60.1,0.0,0,0,X,0.0,0.0,0.0,0.0,0.0,0.0,0.0,0.0,35,0.05035761871267001,23,21,2,0,0,0,0,0,0,0,0,1,0
1dwv,A,264,TYR,-1.3,193.6,0.0,1,1,X,0.0,0.0,0.0,0.0,0.0,0.0,0.0,0.0,33,0.048492521723311866,25,14,11,0,0,0,0,0,0,0,0,1,0
1dwv,A,265,GLN,-3.5,143.8,0.0,2,2,X,0.0,0.0,0.0,0.0,0.0,0.0,0.0,0.0,21,0.03170664881908853,13,11,2,0,0,0,0,0,0,0,0,1,0
1dwv,A,266,MET,1.9,162.9,0.0,0,0,X,0.0,0.0,0.0,0.0,0.0,0.0,0.0,0.0,15,0.03730193978716297,13,8,5,0,0,0,0,0,0,0,0,1,0
1dwv,A,267,PRO,-1.6,112.7,0.0,0,0,X,0.0,0.0,0.0,0.0,0.0,0.0,0.0,0.0,14,0.02844272908771177,15,9,6,0,0,0,0,0,0,0,0,1,0
1dwv,A,268,ASP,-3.5,111.1,-1.0,1,3,X,0.0,0.0,0.0,0.0,0.0,0.0,0.0,0.0,11,0.019117244140921023,9,0,9,0,0,0,0,0,0,0,0,1,0
1dwv,A,269,GLY,-0.4,60.1,0.0,0,0,X,0.0,0.0,0.0,0.0,0.0,0.0,0.0,0.0,11,0.02098234113027917,5,8,-3,0,0,0,0,0,0,0,0,1,0
1dwv,A,270,THR,-0.7,116.1,0.0,1,1,X,0.0,0.0,0.0,0.0,0.0,0.0,0.0,0.0,12,0.025178809356335007,10,8,2,0,0,0,0,0,0,0,0,1,0
1dwv,A,271,ILE,4.5,166.7,0.0,0,0,X,0.0,0.0,0.0,0.0,0.0,0.0,0.0,0.0,24,0.03450429430312575,20,15,5,0,0,0,0,0,0,0,0,1,0
1dwv,A,272,ARG,-4.5,173.4,1.0,5,0,X,0.0,0.0,0.0,0.0,0.0,0.0,0.0,0.0,22,0.04196468226055834,15,15,0,0,0,0,0,0,0,0,0,1,0
1dwv,A,273,GLY,-0.4,60.1,0.0,0,0,X,0.0,0.0,0.0,0.0,0.0,0.0,0.0,0.0,34,0.053621538444046775,38,18,20,0,0,0,0,0,0,0,0,1,0
1dwv,A,274,ASP,-3.5,111.1,-1.0,1,3,X,0.0,0.0,0.0,0.0,0.0,0.0,0.0,0.0,36,0.053621538444046775,35,16,19,0,0,0,0,0,0,0,0,1,0
1dwv,A,275,ALA,1.8,88.6,0.0,0,0,X,0.0,0.0,0.0,0.0,0.0,0.0,0.0,0.0,29,0.043363505002576956,24,19,5,0,0,0,0,0,0,0,0,1,0
1dwv,A,276,ALA,1.8,88.6,0.0,0,0,X,0.0,0.0,0.0,0.0,0.0,0.0,0.0,0.0,28,0.03450429430312575,23,25,-2,0,0,0,0,0,0,0,0,1,0
1dwv,A,277,THR,-0.7,116.1,0.0,1,1,X,0.0,0.0,0.0,0.0,0.0,0.0,0.0,0.0,37,0.04289723075523742,25,20,5,0,0,0,0,0,0,0,0,1,0
1dwv,A,278,LEU,3.8,166.7,0.0,0,0,X,0.0,0.0,0.0,0.0,0.0,0.0,0.0,0.0,24,0.03916703677652112,8,17,-9,0,0,0,0,0,0,0,0,1,0
1dwv,A,279,GLU,-3.5,138.4,-1.0,1,3,X,0.0,0.0,0.0,0.0,0.0,0.0,0.0,0.0,19,0.03170664881908853,5,9,-4,0,0,0,0,0,0,0,0,1,0
1dwv,A,280,PHE,2.8,189.9,0.0,0,0,X,0.0,0.0,0.0,0.0,0.0,0.0,0.0,0.0,32,0.03870076252918159,11,18,-7,0,0,0,0,0,0,0,0,1,0
1dwv,A,281,THR,-0.7,116.1,0.0,1,1,X,0.0,0.0,0.0,0.0,0.0,0.0,0.0,0.0,34,0.048958795970651406,11,25,-14,0,0,0,0,0,0,0,0,1,0
1dwv,A,282,GLN,-3.5,143.8,0.0,2,2,X,0.0,0.0,0.0,0.0,0.0,0.0,0.0,0.0,18,0.03590311704514436,0,25,-25,0,0,0,0,0,0,0,0,1,0
1dwv,A,283,LEU,3.8,166.7,0.0,0,0,X,0.0,0.0,0.0,0.0,0.0,0.0,0.0,0.0,23,0.04103213376587927,1,20,-19,0,0,0,0,0,0,0,0,1,0
1dwv,A,284,CYS,2.5,108.5,0.0,1,0,X,0.0,0.0,0.0,0.0,0.0,0.0,0.0,0.0,32,0.048958795970651406,6,16,-10,0,0,0,0,0,0,0,0,1,0
1dwv,A,285,ILE,4.5,166.7,0.0,0,0,X,0.0,0.0,0.0,0.0,0.0,0.0,0.0,0.0,23,0.04103213376587927,10,17,-7,0,0,0,0,0,0,0,0,1,0
1dwv,A,286,ASP,-3.5,111.1,-1.0,1,3,X,0.0,0.0,0.0,0.0,0.0,0.0,0.0,0.0,15,0.02984155182973038,1,2,-1,0,0,0,0,0,0,0,0,1,0
1dwv,A,287,LEU,3.8,166.7,0.0,0,0,X,0.0,0.0,0.0,0.0,0.0,0.0,0.0,0.0,22,0.02984155182973038,2,22,-20,0,0,0,0,0,0,0,0,1,0
1dwv,A,288,GLY,-0.4,60.1,0.0,0,0,X,0.0,0.0,0.0,0.0,0.0,0.0,0.0,0.0,17,0.027043906345693154,9,14,-5,0,0,0,0,0,0,0,0,1,0
1dwv,A,289,TRP,-0.9,227.8,0.0,1,0,X,0.0,0.0,0.0,0.0,0.0,0.0,0.0,0.0,27,0.034970568550465285,18,21,-3,0,0,0,0,0,0,0,0,1,0
1dwv,A,290,LYS,-3.9,168.6,1.0,2,0,X,0.0,0.0,0.0,0.0,0.0,0.0,0.0,0.0,18,0.027510180593032695,10,7,3,0,0,0,0,0,0,0,0,1,0
1dwv,A,291,PRO,-1.6,112.7,0.0,0,0,X,0.0,0.0,0.0,0.0,0.0,0.0,0.0,0.0,24,0.0363693912924839,20,12,8,0,0,0,0,0,0,0,0,1,0
1dwv,A,292,ARG,-4.5,173.4,1.0,5,0,X,0.0,0.0,0.0,0.0,0.0,0.0,0.0,0.0,21,0.032639197313767604,16,13,3,0,0,0,0,0,0,0,0,1,0
1dwv,A,293,TYR,-1.3,193.6,0.0,1,1,X,0.0,0.0,0.0,0.0,0.0,0.0,0.0,0.0,20,0.03916703677652112,28,13,15,0,0,0,0,0,0,0,0,1,0
1dwv,A,294,GLY,-0.4,60.1,0.0,0,0,X,0.0,0.0,0.0,0.0,0.0,0.0,0.0,0.0,26,0.03823448828184205,36,13,23,0,0,0,0,0,0,0,0,1,0
1dwv,A,295,ARG,-4.5,173.4,1.0,5,0,X,0.0,0.0,0.0,0.0,0.0,0.0,0.0,0.0,24,0.04196468226055834,23,13,10,0,0,0,0,0,0,0,0,1,0
1dwv,A,296,PHE,2.8,189.9,0.0,0,0,X,0.0,0.0,0.0,0.0,0.0,0.0,0.0,0.0,29,0.048492521723311866,36,22,14,0,0,0,0,0,0,0,0,1,0
1dwv,A,297,ASP,-3.5,111.1,-1.0,1,3,X,0.0,0.0,0.0,0.0,0.0,0.0,0.0,0.0,29,0.043363505002576956,41,13,28,0,0,0,0,0,0,0,0,1,0
1dwv,A,298,VAL,4.2,140.0,0.0,0,0,X,0.0,0.0,0.0,0.0,0.0,0.0,0.0,0.0,37,0.045228601991935104,24,23,1,0,0,0,0,0,0,0,0,1,0
1dwv,A,299,LEU,3.8,166.7,0.0,0,0,X,0.0,0.0,0.0,0.0,0.0,0.0,0.0,0.0,38,0.050823892960009553,19,24,-5,0,0,0,0,0,0,0,0,1,0
1dwv,A,300,PRO,-1.6,112.7,0.0,0,0,X,0.0,0.0,0.0,0.0,0.0,0.0,0.0,0.0,36,0.04476232774459557,11,16,-5,0,0,0,0,0,0,0,0,1,0
1dwv,A,301,LEU,3.8,166.7,0.0,0,0,X,0.0,0.0,0.0,0.0,0.0,0.0,0.0,0.0,35,0.048492521723311866,6,13,-7,0,0,0,0,0,0,0,0,1,0
1dwv,A,302,VAL,4.2,140.0,0.0,0,0,X,0.0,0.0,0.0,0.0,0.0,0.0,0.0,0.0,35,0.05035761871267001,5,14,-9,0,0,0,0,0,0,0,0,1,0
1dwv,A,303,LEU,3.8,166.7,0.0,0,0,X,0.0,0.0,0.0,0.0,0.0,0.0,0.0,0.0,36,0.05735173242276307,7,22,-15,0,0,0,0,0,0,0,0,1,0
1dwv,A,304,GLN,-3.5,143.8,0.0,2,2,X,0.0,0.0,0.0,0.0,0.0,0.0,0.0,0.0,36,0.05688545817542354,28,32,-4,0,0,0,0,0,0,0,0,1,0
1dwv,A,305,ALA,1.8,88.6,0.0,0,0,X,0.0,0.0,0.0,0.0,0.0,0.0,0.0,0.0,31,0.04942507021799094,23,39,-16,0,0,0,0,0,0,0,0,1,0
1dwv,A,306,ASP,-3.5,111.1,-1.0,1,3,X,0.0,0.0,0.0,0.0,0.0,0.0,0.0,0.0,28,0.03870076252918159,24,19,5,0,0,0,0,0,0,0,0,1,0
1dwv,A,307,GLY,-0.4,60.1,0.0,0,0,X,0.0,0.0,0.0,0.0,0.0,0.0,0.0,0.0,28,0.043829779249916496,35,30,5,0,0,0,0,0,0,0,0,1,0
1dwv,A,308,GLN,-3.5,143.8,0.0,2,2,X,0.0,0.0,0.0,0.0,0.0,0.0,0.0,0.0,22,0.03683566553982344,22,28,-6,0,0,0,0,0,0,0,0,1,0
1dwv,A,309,ASP,-3.5,111.1,-1.0,1,3,X,0.0,0.0,0.0,0.0,0.0,0.0,0.0,0.0,22,0.043363505002576956,12,14,-2,0,0,0,0,0,0,0,0,1,0
1dwv,A,310,PRO,-1.6,112.7,0.0,0,0,X,0.0,0.0,0.0,0.0,0.0,0.0,0.0,0.0,30,0.04662742473395372,14,21,-7,0,0,0,0,0,0,0,0,1,0
1dwv,A,311,GLU,-3.5,138.4,-1.0,1,3,X,0.0,0.0,0.0,0.0,0.0,0.0,0.0,0.0,25,0.03450429430312575,2,11,-9,0,0,0,0,0,0,0,0,1,0
1dwv,A,312,VAL,4.2,140.0,0.0,0,0,X,0.0,0.0,0.0,0.0,0.0,0.0,0.0,0.0,27,0.040099585271200194,1,23,-22,0,0,0,0,0,0,0,0,1,0
1dwv,A,313,PHE,2.8,189.9,0.0,0,0,X,0.0,0.0,0.0,0.0,0.0,0.0,0.0,0.0,25,0.03776821403450251,0,22,-22,0,0,0,0,0,0,0,0,1,0
1dwv,A,314,GLU,-3.5,138.4,-1.0,1,3,X,0.0,0.0,0.0,0.0,0.0,0.0,0.0,0.0,22,0.034970568550465285,12,5,7,0,0,0,0,0,0,0,0,1,0
1dwv,A,315,ILE,4.5,166.7,0.0,0,0,X,0.0,0.0,0.0,0.0,0.0,0.0,0.0,0.0,27,0.04103213376587927,4,18,-14,0,0,0,0,0,0,0,0,1,0
1dwv,A,316,PRO,-1.6,112.7,0.0,0,0,X,0.0,0.0,0.0,0.0,0.0,0.0,0.0,0.0,19,0.027043906345693154,1,17,-16,0,0,0,0,0,0,0,0,1,0
1dwv,A,317,PRO,-1.6,112.7,0.0,0,0,X,0.0,0.0,0.0,0.0,0.0,0.0,0.0,0.0,16,0.025178809356335007,6,23,-17,0,0,0,0,0,0,0,0,1,0
1dwv,A,318,ASP,-3.5,111.1,-1.0,1,3,X,0.0,0.0,0.0,0.0,0.0,0.0,0.0,0.0,12,0.020049792635600097,0,1,-1,0,0,0,0,0,0,0,0,1,0
1dwv,A,319,LEU,3.8,166.7,0.0,0,0,X,0.0,0.0,0.0,0.0,0.0,0.0,0.0,0.0,25,0.03450429430312575,10,12,-2,0,0,0,0,0,0,0,0,1,0
1dwv,A,320,VAL,4.2,140.0,0.0,0,0,X,0.0,0.0,0.0,0.0,0.0,0.0,0.0,0.0,26,0.03963331102386066,7,19,-12,0,0,0,0,0,0,0,0,1,0
1dwv,A,321,LEU,3.8,166.7,0.0,0,0,X,0.0,0.0,0.0,0.0,0.0,0.0,0.0,0.0,32,0.034970568550465285,5,14,-9,0,0,0,0,0,0,0,0,1,0
1dwv,A,322,GLU,-3.5,138.4,-1.0,1,3,X,0.0,0.0,0.0,0.0,0.0,0.0,0.0,0.0,24,0.03823448828184205,9,6,3,0,0,0,0,0,0,0,0,1,0
1dwv,A,323,VAL,4.2,140.0,0.0,0,0,X,0.0,0.0,0.0,0.0,0.0,0.0,0.0,0.0,31,0.045228601991935104,19,18,1,0,0,0,0,0,0,0,0,1,0
1dwv,A,324,THR,-0.7,116.1,0.0,1,1,X,0.0,0.0,0.0,0.0,0.0,0.0,0.0,0.0,27,0.03590311704514436,21,19,2,0,0,0,0,0,0,0,0,1,0
1dwv,A,325,MET,1.9,162.9,0.0,0,0,X,0.0,0.0,0.0,0.0,0.0,0.0,0.0,0.0,36,0.048958795970651406,26,18,8,0,0,0,0,0,0,0,0,1,0
1dwv,A,326,GLU,-3.5,138.4,-1.0,1,3,X,0.0,0.0,0.0,0.0,0.0,0.0,0.0,0.0,28,0.048492521723311866,37,11,26,0,0,0,0,0,0,0,0,1,0
1dwv,A,327,HIS,-3.2,153.2,0.1,2,1,X,0.0,0.0,0.0,0.0,0.0,0.0,0.0,0.0,26,0.04942507021799094,21,27,-6,0,0,0,0,0,0,0,0,1,0
1dwv,A,328,PRO,-1.6,112.7,0.0,0,0,X,0.0,0.0,0.0,0.0,0.0,0.0,0.0,0.0,20,0.03310547156110714,36,26,10,0,0,0,0,0,0,0,0,1,0
1dwv,A,329,LYS,-3.9,168.6,1.0,2,0,X,0.0,0.0,0.0,0.0,0.0,0.0,0.0,0.0,10,0.025645083603674543,16,17,-1,0,0,0,0,0,0,0,0,1,0
1dwv,A,330,TYR,-1.3,193.6,0.0,1,1,X,0.0,0.0,0.0,0.0,0.0,0.0,0.0,0.0,22,0.035436842797804825,28,22,6,0,0,0,0,0,0,0,0,1,0
1dwv,A,331,GLU,-3.5,138.4,-1.0,1,3,X,0.0,0.0,0.0,0.0,0.0,0.0,0.0,0.0,12,0.03357174580844668,19,17,2,0,0,0,0,0,0,0,0,1,0
1dwv,A,332,TRP,-0.9,227.8,0.0,1,0,X,0.0,0.0,0.0,0.0,0.0,0.0,0.0,0.0,22,0.034970568550465285,31,33,-2,0,0,0,0,0,0,0,0,1,0
1dwv,A,333,PHE,2.8,189.9,0.0,0,0,X,0.0,0.0,0.0,0.0,0.0,0.0,0.0,0.0,31,0.04662742473395372,32,37,-5,0,0,0,0,0,0,0,0,1,0
1dwv,A,334,GLN,-3.5,143.8,0.0,2,2,X,0.0,0.0,0.0,0.0,0.0,0.0,0.0,0.0,20,0.04196468226055834,12,27,-15,0,0,0,0,0,0,0,0,1,0
1dwv,A,335,GLU,-3.5,138.4,-1.0,1,3,X,0.0,0.0,0.0,0.0,0.0,0.0,0.0,0.0,14,0.027510180593032695,10,11,-1,0,0,0,0,0,0,0,0,1,0
1dwv,A,336,LEU,3.8,166.7,0.0,0,0,X,0.0,0.0,0.0,0.0,0.0,0.0,0.0,0.0,22,0.03357174580844668,19,25,-6,0,0,0,0,0,0,0,0,1,0
1dwv,A,337,GLY,-0.4,60.1,0.0,0,0,X,0.0,0.0,0.0,0.0,0.0,0.0,0.0,0.0,20,0.02844272908771177,26,15,11,0,0,0,0,0,0,0,0,1,0
1dwv,A,338,LEU,3.8,166.7,0.0,0,0,X,0.0,0.0,0.0,0.0,0.0,0.0,0.0,0.0,29,0.04103213376587927,20,18,2,0,0,0,0,0,0,0,0,1,0
1dwv,A,339,LYS,-3.9,168.6,1.0,2,0,X,0.0,0.0,0.0,0.0,0.0,0.0,0.0,0.0,26,0.043829779249916496,11,14,-3,0,0,0,0,0,0,0,0,1,0
1dwv,A,340,TRP,-0.9,227.8,0.0,1,0,X,0.0,0.0,0.0,0.0,0.0,0.0,0.0,0.0,36,0.05455408693872585,28,29,-1,0,0,0,0,0,0,0,0,1,0
1dwv,A,341,TYR,-1.3,193.6,0.0,1,1,X,0.0,0.0,0.0,0.0,0.0,0.0,0.0,0.0,35,0.05222271570202816,23,24,-1,0,0,0,0,0,0,0,0,1,0
1dwv,A,342,ALA,1.8,88.6,0.0,0,0,X,0.0,0.0,0.0,0.0,0.0,0.0,0.0,0.0,40,0.05455408693872585,4,11,-7,0,0,0,0,0,0,0,0,1,0
1dwv,A,343,LEU,3.8,166.7,0.0,0,0,X,0.0,0.0,0.0,0.0,0.0,0.0,0.0,0.0,41,0.05175644145468863,16,6,10,0,0,0,0,0,0,0,0,1,0
1dwv,A,344,PRO,-1.6,112.7,0.0,0,0,X,0.0,0.0,0.0,0.0,0.0,0.0,0.0,0.0,35,0.045228601991935104,10,9,1,0,0,0,0,0,0,0,0,1,1
1dwv,A,345,ALA,1.8,88.6,0.0,0,0,X,0.0,0.0,0.0,0.0,0.0,0.0,0.0,0.0,37,0.04709369898129325,17,3,14,0,0,0,0,0,0,0,0,1,0
1dwv,A,346,VAL,4.2,140.0,0.0,0,0,X,0.0,0.0,0.0,0.0,0.0,0.0,0.0,0.0,31,0.04149840801321881,6,1,5,0,0,0,0,0,0,0,0,1,0
1dwv,A,347,ALA,1.8,88.6,0.0,0,0,X,0.0,0.0,0.0,0.0,0.0,0.0,0.0,0.0,36,0.048026247475972325,18,0,18,0,0,0,0,0,0,0,0,1,0
1dwv,A,348,ASN,-3.5,114.1,0.0,2,2,X,0.0,0.0,0.0,0.0,0.0,0.0,0.0,0.0,34,0.048958795970651406,13,9,4,0,0,0,0,0,0,0,0,1,0
1dwv,A,349,MET,1.9,162.9,0.0,0,0,X,0.0,0.0,0.0,0.0,0.0,0.0,0.0,0.0,30,0.04942507021799094,11,3,8,0,0,0,0,0,0,0,0,1,1
1dwv,A,350,LEU,3.8,166.7,0.0,0,0,X,0.0,0.0,0.0,0.0,0.0,0.0,0.0,0.0,37,0.05129016720734909,28,22,6,0,0,0,0,0,0,0,0,1,0
1dwv,A,351,LEU,3.8,166.7,0.0,0,0,X,0.0,0.0,0.0,0.0,0.0,0.0,0.0,0.0,43,0.05455408693872585,11,19,-8,0,0,0,0,0,0,0,0,1,0
1dwv,A,352,GLU,-3.5,138.4,-1.0,1,3,X,0.0,0.0,0.0,0.0,0.0,0.0,0.0,0.0,33,0.053621538444046775,21,9,12,0,0,0,0,0,0,0,0,1,0
1dwv,A,353,VAL,4.2,140.0,0.0,0,0,X,0.0,0.0,0.0,0.0,0.0,0.0,0.0,0.0,41,0.04616115048661418,14,27,-13,0,0,0,0,0,0,0,0,1,0
1dwv,A,354,GLY,-0.4,60.1,0.0,0,0,X,0.0,0.0,0.0,0.0,0.0,0.0,0.0,0.0,36,0.048958795970651406,14,34,-20,0,0,0,0,0,0,0,0,1,0
1dwv,A,355,GLY,-0.4,60.1,0.0,0,0,X,0.0,0.0,0.0,0.0,0.0,0.0,0.0,0.0,37,0.04243095650789788,28,33,-5,0,0,0,0,0,0,0,0,1,0
1dwv,A,356,LEU,3.8,166.7,0.0,0,0,X,0.0,0.0,0.0,0.0,0.0,0.0,0.0,0.0,37,0.045694876239274644,28,20,8,0,0,0,0,0,0,0,0,1,0
1dwv,A,357,GLU,-3.5,138.4,-1.0,1,3,X,0.0,0.0,0.0,0.0,0.0,0.0,0.0,0.0,38,0.04989134446533048,34,18,16,0,0,0,0,0,0,0,0,1,0
1dwv,A,358,PHE,2.8,189.9,0.0,0,0,X,0.0,0.0,0.0,0.0,0.0,0.0,0.0,0.0,42,0.05035761871267001,25,23,2,0,0,0,0,0,0,0,0,1,0
1dwv,A,359,PRO,-1.6,112.7,0.0,0,0,X,0.0,0.0,0.0,0.0,0.0,0.0,0.0,0.0,38,0.05222271570202816,34,21,13,0,0,0,0,0,0,0,0,1,0
1dwv,A,360,ALA,1.8,88.6,0.0,0,0,X,0.0,0.0,0.0,0.0,0.0,0.0,0.0,0.0,40,0.053621538444046775,23,14,9,0,0,0,0,0,0,0,0,1,0
1dwv,A,361,CYS,2.5,108.5,0.0,1,0,X,0.0,0.0,0.0,0.0,0.0,0.0,0.0,0.0,41,0.053155264196707235,14,5,9,0,0,0,0,0,0,0,0,1,0
1dwv,A,362,PRO,-1.6,112.7,0.0,0,0,X,0.0,0.0,0.0,0.0,0.0,0.0,0.0,0.0,46,0.04942507021799094,17,0,17,0,0,0,0,0,0,0,0,1,0
1dwv,A,363,PHE,2.8,189.9,0.0,0,0,X,0.0,0.0,0.0,0.0,0.0,0.0,0.0,0.0,36,0.045694876239274644,7,0,7,0,0,0,0,0,0,0,0,1,1
1dwv,A,364,ASN,-3.5,114.1,0.0,2,2,X,0.0,0.0,0.0,0.0,0.0,0.0,0.0,0.0,34,0.04196468226055834,18,0,18,0,0,0,0,0,0,0,0,1,1
1dwv,A,365,GLY,-0.4,60.1,0.0,0,0,X,0.0,0.0,0.0,0.0,0.0,0.0,0.0,0.0,35,0.043363505002576956,12,3,9,0,0,0,0,0,0,0,0,1,1
1dwv,A,366,TRP,-0.9,227.8,0.0,1,0,X,0.0,0.0,0.0,0.0,0.0,0.0,0.0,0.0,32,0.045694876239274644,7,5,2,0,0,0,0,0,0,0,0,1,1
1dwv,A,367,TYR,-1.3,193.6,0.0,1,1,X,0.0,0.0,0.0,0.0,0.0,0.0,0.0,0.0,31,0.04476232774459557,0,16,-16,0,0,0,0,0,0,0,0,1,1
1dwv,A,368,MET,1.9,162.9,0.0,0,0,X,0.0,0.0,0.0,0.0,0.0,0.0,0.0,0.0,35,0.04149840801321881,19,18,1,0,0,0,0,0,0,0,0,1,0
1dwv,A,369,GLY,-0.4,60.1,0.0,0,0,X,0.0,0.0,0.0,0.0,0.0,0.0,0.0,0.0,38,0.0526889899493677,19,23,-4,0,0,0,0,0,0,0,0,1,0
1dwv,A,370,THR,-0.7,116.1,0.0,1,1,X,0.0,0.0,0.0,0.0,0.0,0.0,0.0,0.0,33,0.048958795970651406,25,24,1,0,0,0,0,0,0,0,0,1,0
1dwv,A,371,GLU,-3.5,138.4,-1.0,1,3,X,0.0,0.0,0.0,0.0,0.0,0.0,0.0,0.0,29,0.040099585271200194,20,12,8,0,0,0,0,0,0,0,0,1,1
1dwv,A,372,ILE,4.5,166.7,0.0,0,0,X,0.0,0.0,0.0,0.0,0.0,0.0,0.0,0.0,40,0.05129016720734909,18,18,0,0,0,0,0,0,0,0,0,1,0
1dwv,A,373,GLY,-0.4,60.1,0.0,0,0,X,0.0,0.0,0.0,0.0,0.0,0.0,0.0,0.0,38,0.05175644145468863,19,27,-8,0,0,0,0,0,0,0,0,1,0
1dwv,A,374,VAL,4.2,140.0,0.0,0,0,X,0.0,0.0,0.0,0.0,0.0,0.0,0.0,0.0,32,0.04942507021799094,23,26,-3,0,0,0,0,0,0,0,0,1,0
1dwv,A,375,ARG,-4.5,173.4,1.0,5,0,X,0.0,0.0,0.0,0.0,0.0,0.0,0.0,0.0,29,0.04149840801321881,12,26,-14,0,0,0,0,0,0,0,0,1,1
1dwv,A,376,ASP,-3.5,111.1,-1.0,1,3,X,0.0,0.0,0.0,0.0,0.0,0.0,0.0,0.0,35,0.050823892960009553,30,24,6,0,0,0,0,0,0,0,0,1,1
1dwv,A,377,PHE,2.8,189.9,0.0,0,0,X,0.0,0.0,0.0,0.0,0.0,0.0,0.0,0.0,40,0.05175644145468863,25,27,-2,0,0,0,0,0,0,0,0,1,0
1dwv,A,378,CYS,2.5,108.5,0.0,1,0,X,0.0,0.0,0.0,0.0,0.0,0.0,0.0,0.0,30,0.048958795970651406,30,25,5,0,0,0,0,0,0,0,0,1,0
1dwv,A,379,ASP,-3.5,111.1,-1.0,1,3,X,0.0,0.0,0.0,0.0,0.0,0.0,0.0,0.0,23,0.040099585271200194,23,14,9,0,0,0,0,0,0,0,0,1,0
1dwv,A,380,THR,-0.7,116.1,0.0,1,1,X,0.0,0.0,0.0,0.0,0.0,0.0,0.0,0.0,17,0.026577632098353617,17,14,3,0,0,0,0,0,0,0,0,1,0
1dwv,A,381,GLN,-3.5,143.8,0.0,2,2,X,0.0,0.0,0.0,0.0,0.0,0.0,0.0,0.0,20,0.027043906345693154,23,22,1,0,0,0,0,0,0,0,0,1,0
1dwv,A,382,ARG,-4.5,173.4,1.0,5,0,X,0.0,0.0,0.0,0.0,0.0,0.0,0.0,0.0,31,0.04616115048661418,19,27,-8,0,0,0,0,0,0,0,0,1,0
1dwv,A,383,TYR,-1.3,193.6,0.0,1,1,X,0.0,0.0,0.0,0.0,0.0,0.0,0.0,0.0,37,0.04662742473395372,40,25,15,0,0,0,0,0,0,0,0,1,0
1dwv,A,384,ASN,-3.5,114.1,0.0,2,2,X,0.0,0.0,0.0,0.0,0.0,0.0,0.0,0.0,22,0.0363693912924839,13,29,-16,0,0,0,0,0,0,0,0,1,0
1dwv,A,385,ILE,4.5,166.7,0.0,0,0,X,0.0,0.0,0.0,0.0,0.0,0.0,0.0,0.0,30,0.03870076252918159,14,26,-12,0,0,0,0,0,0,0,0,1,0
1dwv,A,386,LEU,3.8,166.7,0.0,0,0,X,0.0,0.0,0.0,0.0,0.0,0.0,0.0,0.0,34,0.043829779249916496,22,31,-9,0,0,0,0,0,0,0,0,1,0
1dwv,A,387,GLU,-3.5,138.4,-1.0,1,3,X,0.0,0.0,0.0,0.0,0.0,0.0,0.0,0.0,20,0.03730193978716297,32,11,21,0,0,0,0,0,0,0,0,1,0
1dwv,A,388,GLU,-3.5,138.4,-1.0,1,3,X,0.0,0.0,0.0,0.0,0.0,0.0,0.0,0.0,24,0.0363693912924839,23,11,12,0,0,0,0,0,0,0,0,1,0
1dwv,A,389,VAL,4.2,140.0,0.0,0,0,X,0.0,0.0,0.0,0.0,0.0,0.0,0.0,0.0,31,0.045694876239274644,34,25,9,0,0,0,0,0,0,0,0,1,0
1dwv,A,390,GLY,-0.4,60.1,0.0,0,0,X,0.0,0.0,0.0,0.0,0.0,0.0,0.0,0.0,27,0.053621538444046775,38,31,7,0,0,0,0,0,0,0,0,1,0
1dwv,A,391,ARG,-4.5,173.4,1.0,5,0,X,0.0,0.0,0.0,0.0,0.0,0.0,0.0,0.0,16,0.03870076252918159,19,22,-3,0,0,0,0,0,0,0,0,1,0
1dwv,A,392,ARG,-4.5,173.4,1.0,5,0,X,0.0,0.0,0.0,0.0,0.0,0.0,0.0,0.0,19,0.03403802005578621,10,26,-16,0,0,0,0,0,0,0,0,1,0
1dwv,A,393,MET,1.9,162.9,0.0,0,0,X,0.0,0.0,0.0,0.0,0.0,0.0,0.0,0.0,27,0.032639197313767604,35,23,12,0,0,0,0,0,0,0,0,1,0
1dwv,A,394,GLY,-0.4,60.1,0.0,0,0,X,0.0,0.0,0.0,0.0,0.0,0.0,0.0,0.0,17,0.022381163872297785,23,14,9,0,0,0,0,0,0,0,0,1,0
1dwv,A,395,LEU,3.8,166.7,0.0,0,0,X,0.0,0.0,0.0,0.0,0.0,0.0,0.0,0.0,25,0.0363693912924839,37,20,17,0,0,0,0,0,0,0,0,1,0
1dwv,A,396,GLU,-3.5,138.4,-1.0,1,3,X,0.0,0.0,0.0,0.0,0.0,0.0,0.0,0.0,15,0.03310547156110714,25,0,25,0,0,0,0,0,0,0,0,1,0
1dwv,A,397,THR,-0.7,116.1,0.0,1,1,X,0.0,0.0,0.0,0.0,0.0,0.0,0.0,0.0,20,0.04149840801321881,32,23,9,0,0,0,0,0,0,0,0,1,0
1dwv,A,398,HIS,-3.2,153.2,0.1,2,1,X,0.0,0.0,0.0,0.0,0.0,0.0,0.0,0.0,12,0.024246260861655933,10,17,-7,0,0,0,0,0,0,0,0,1,0
1dwv,A,399,THR,-0.7,116.1,0.0,1,1,X,0.0,0.0,0.0,0.0,0.0,0.0,0.0,0.0,10,0.028909003335051305,17,9,8,0,0,0,0,0,0,0,0,1,0
1dwv,A,400,LEU,3.8,166.7,0.0,0,0,X,0.0,0.0,0.0,0.0,0.0,0.0,0.0,0.0,10,0.030774100324409453,16,14,2,0,0,0,0,0,0,0,0,1,0
1dwv,A,401,ALA,1.8,88.6,0.0,0,0,X,0.0,0.0,0.0,0.0,0.0,0.0,0.0,0.0,11,0.020049792635600097,14,14,0,0,0,0,0,0,0,0,0,1,0
1dwv,A,402,SER,-0.8,89.0,0.0,1,1,X,0.0,0.0,0.0,0.0,0.0,0.0,0.0,0.0,14,0.030774100324409453,23,17,6,0,0,0,0,0,0,0,0,1,0
1dwv,A,403,LEU,3.8,166.7,0.0,0,0,X,0.0,0.0,0.0,0.0,0.0,0.0,0.0,0.0,14,0.03310547156110714,20,17,3,0,0,0,0,0,0,0,0,1,0
1dwv,A,404,TRP,-0.9,227.8,0.0,1,0,X,0.0,0.0,0.0,0.0,0.0,0.0,0.0,0.0,26,0.048958795970651406,38,30,8,0,0,0,0,0,0,0,0,1,0
1dwv,A,405,LYS,-3.9,168.6,1.0,2,0,X,0.0,0.0,0.0,0.0,0.0,0.0,0.0,0.0,29,0.03776821403450251,11,21,-10,0,0,0,0,0,0,0,0,1,0
1dwv,A,406,ASP,-3.5,111.1,-1.0,1,3,X,0.0,0.0,0.0,0.0,0.0,0.0,0.0,0.0,21,0.03124037457174899,20,5,15,0,0,0,0,0,0,0,0,1,0
1dwv,A,407,ARG,-4.5,173.4,1.0,5,0,X,0.0,0.0,0.0,0.0,0.0,0.0,0.0,0.0,21,0.0363693912924839,6,25,-19,0,0,0,0,0,0,0,0,1,0
1dwv,A,408,ALA,1.8,88.6,0.0,0,0,X,0.0,0.0,0.0,0.0,0.0,0.0,0.0,0.0,34,0.04709369898129325,29,25,4,0,0,0,0,0,0,0,0,1,0
1dwv,A,409,VAL,4.2,140.0,0.0,0,0,X,0.0,0.0,0.0,0.0,0.0,0.0,0.0,0.0,35,0.04429605349725603,20,19,1,0,0,0,0,0,0,0,0,1,0
1dwv,A,410,THR,-0.7,116.1,0.0,1,1,X,0.0,0.0,0.0,0.0,0.0,0.0,0.0,0.0,29,0.035436842797804825,26,17,9,0,0,0,0,0,0,0,0,1,0
1dwv,A,411,GLU,-3.5,138.4,-1.0,1,3,X,0.0,0.0,0.0,0.0,0.0,0.0,0.0,0.0,28,0.04149840801321881,27,6,21,0,0,0,0,0,0,0,0,1,0
1dwv,A,412,ILE,4.5,166.7,0.0,0,0,X,0.0,0.0,0.0,0.0,0.0,0.0,0.0,0.0,40,0.04942507021799094,18,18,0,0,0,0,0,0,0,0,0,1,0
1dwv,A,413,ASN,-3.5,114.1,0.0,2,2,X,0.0,0.0,0.0,0.0,0.0,0.0,0.0,0.0,39,0.045694876239274644,23,22,1,0,0,0,0,0,0,0,0,1,0
1dwv,A,414,VAL,4.2,140.0,0.0,0,0,X,0.0,0.0,0.0,0.0,0.0,0.0,0.0,0.0,27,0.03963331102386066,28,15,13,0,0,0,0,0,0,0,0,1,0
1dwv,A,415,ALA,1.8,88.6,0.0,0,0,X,0.0,0.0,0.0,0.0,0.0,0.0,0.0,0.0,35,0.05035761871267001,28,18,10,0,0,0,0,0,0,0,0,1,0
1dwv,A,416,VAL,4.2,140.0,0.0,0,0,X,0.0,0.0,0.0,0.0,0.0,0.0,0.0,0.0,42,0.053155264196707235,24,20,4,0,0,0,0,0,0,0,0,1,0
1dwv,A,417,LEU,3.8,166.7,0.0,0,0,X,0.0,0.0,0.0,0.0,0.0,0.0,0.0,0.0,34,0.04429605349725603,24,15,9,0,0,0,0,0,0,0,0,1,0
1dwv,A,418,HIS,-3.2,153.2,0.1,2,1,X,0.0,0.0,0.0,0.0,0.0,0.0,0.0,0.0,24,0.04103213376587927,23,11,12,0,0,0,0,0,0,0,0,1,0
1dwv,A,419,SER,-0.8,89.0,0.0,1,1,X,0.0,0.0,0.0,0.0,0.0,0.0,0.0,0.0,30,0.053155264196707235,30,12,18,0,0,0,0,0,0,0,0,1,0
1dwv,A,420,PHE,2.8,189.9,0.0,0,0,X,0.0,0.0,0.0,0.0,0.0,0.0,0.0,0.0,39,0.048026247475972325,18,9,9,0,0,0,0,0,0,0,0,1,0
1dwv,A,421,GLN,-3.5,143.8,0.0,2,2,X,0.0,0.0,0.0,0.0,0.0,0.0,0.0,0.0,19,0.03963331102386066,19,6,13,0,0,0,0,0,0,0,0,1,0
1dwv,A,422,LYS,-3.9,168.6,1.0,2,0,X,0.0,0.0,0.0,0.0,0.0,0.0,0.0,0.0,17,0.03124037457174899,14,9,5,0,0,0,0,0,0,0,0,1,0
1dwv,A,423,GLN,-3.5,143.8,0.0,2,2,X,0.0,0.0,0.0,0.0,0.0,0.0,0.0,0.0,22,0.030307826077069916,19,13,6,0,0,0,0,0,0,0,0,1,0
1dwv,A,424,ASN,-3.5,114.1,0.0,2,2,X,0.0,0.0,0.0,0.0,0.0,0.0,0.0,0.0,20,0.029375277582390842,9,1,8,0,0,0,0,0,0,0,0,1,0
1dwv,A,425,VAL,4.2,140.0,0.0,0,0,X,0.0,0.0,0.0,0.0,0.0,0.0,0.0,0.0,33,0.04476232774459557,11,5,6,0,0,0,0,0,0,0,0,1,0
1dwv,A,426,THR,-0.7,116.1,0.0,1,1,X,0.0,0.0,0.0,0.0,0.0,0.0,0.0,0.0,34,0.04149840801321881,7,1,6,0,0,0,0,0,0,0,0,1,0
1dwv,A,427,ILE,4.5,166.7,0.0,0,0,X,0.0,0.0,0.0,0.0,0.0,0.0,0.0,0.0,35,0.04429605349725603,8,13,-5,0,0,0,0,0,0,0,0,1,0
1dwv,A,428,MET,1.9,162.9,0.0,0,0,X,0.0,0.0,0.0,0.0,0.0,0.0,0.0,0.0,27,0.03823448828184205,16,13,3,0,0,0,0,0,0,0,0,1,0
1dwv,A,429,ASP,-3.5,111.1,-1.0,1,3,X,0.0,0.0,0.0,0.0,0.0,0.0,0.0,0.0,25,0.03916703677652112,21,9,12,0,0,0,0,0,0,0,0,1,0
1dwv,A,430,HIS,-3.2,153.2,0.1,2,1,X,0.0,0.0,0.0,0.0,0.0,0.0,0.0,0.0,29,0.04429605349725603,10,18,-8,0,0,0,0,0,0,0,0,1,0
1dwv,A,431,HIS,-3.2,153.2,0.1,2,1,X,0.0,0.0,0.0,0.0,0.0,0.0,0.0,0.0,23,0.03823448828184205,10,17,-7,0,0,0,0,0,0,0,0,1,0
1dwv,A,432,THR,-0.7,116.1,0.0,1,1,X,0.0,0.0,0.0,0.0,0.0,0.0,0.0,0.0,22,0.03170664881908853,20,17,3,0,0,0,0,0,0,0,0,1,0
1dwv,A,433,ALA,1.8,88.6,0.0,0,0,X,0.0,0.0,0.0,0.0,0.0,0.0,0.0,0.0,30,0.040565859518539735,28,17,11,0,0,0,0,0,0,0,0,1,0
1dwv,A,434,SER,-0.8,89.0,0.0,1,1,X,0.0,0.0,0.0,0.0,0.0,0.0,0.0,0.0,36,0.04942507021799094,29,17,12,0,0,0,0,0,0,0,0,1,0
1dwv,A,435,GLU,-3.5,138.4,-1.0,1,3,X,0.0,0.0,0.0,0.0,0.0,0.0,0.0,0.0,20,0.03730193978716297,25,5,20,0,0,0,0,0,0,0,0,1,0
1dwv,A,436,SER,-0.8,89.0,0.0,1,1,X,0.0,0.0,0.0,0.0,0.0,0.0,0.0,0.0,26,0.0363693912924839,32,12,20,0,0,0,0,0,0,0,0,1,0
1dwv,A,437,PHE,2.8,189.9,0.0,0,0,X,0.0,0.0,0.0,0.0,0.0,0.0,0.0,0.0,44,0.04942507021799094,35,16,19,0,0,0,0,0,0,0,0,1,0
1dwv,A,438,MET,1.9,162.9,0.0,0,0,X,0.0,0.0,0.0,0.0,0.0,0.0,0.0,0.0,33,0.043363505002576956,28,16,12,0,0,0,0,0,0,0,0,1,0
1dwv,A,439,LYS,-3.9,168.6,1.0,2,0,X,0.0,0.0,0.0,0.0,0.0,0.0,0.0,0.0,17,0.035436842797804825,15,14,1,0,0,0,0,0,0,0,0,1,0
1dwv,A,440,HIS,-3.2,153.2,0.1,2,1,X,0.0,0.0,0.0,0.0,0.0,0.0,0.0,0.0,33,0.045228601991935104,39,12,27,0,0,0,0,0,0,0,0,1,0
1dwv,A,441,MET,1.9,162.9,0.0,0,0,X,0.0,0.0,0.0,0.0,0.0,0.0,0.0,0.0,38,0.048958795970651406,36,21,15,0,0,0,0,0,0,0,0,1,0
1dwv,A,442,GLN,-3.5,143.8,0.0,2,2,X,0.0,0.0,0.0,0.0,0.0,0.0,0.0,0.0,22,0.040099585271200194,28,18,10,0,0,0,0,0,0,0,0,1,0
1dwv,A,443,ASN,-3.5,114.1,0.0,2,2,X,0.0,0.0,0.0,0.0,0.0,0.0,0.0,0.0,22,0.03683566553982344,45,11,34,0,0,0,0,0,0,0,0,1,0
1dwv,A,444,GLU,-3.5,138.4,-1.0,1,3,X,0.0,0.0,0.0,0.0,0.0,0.0,0.0,0.0,27,0.045694876239274644,53,2,51,0,0,0,0,0,0,0,0,1,0
1dwv,A,445,TYR,-1.3,193.6,0.0,1,1,X,0.0,0.0,0.0,0.0,0.0,0.0,0.0,0.0,35,0.04616115048661418,43,22,21,0,0,0,0,0,0,0,0,1,0
1dwv,A,446,ARG,-4.5,173.4,1.0,5,0,X,0.0,0.0,0.0,0.0,0.0,0.0,0.0,0.0,14,0.02844272908771177,10,8,2,0,0,0,0,0,0,0,0,1,0
1dwv,A,447,ALA,1.8,88.6,0.0,0,0,X,0.0,0.0,0.0,0.0,0.0,0.0,0.0,0.0,16,0.025645083603674543,33,9,24,0,0,0,0,0,0,0,0,1,0
1dwv,A,448,ARG,-4.5,173.4,1.0,5,0,X,0.0,0.0,0.0,0.0,0.0,0.0,0.0,0.0,29,0.03124037457174899,34,15,19,0,0,0,0,0,0,0,0,1,0
1dwv,A,449,GLY,-0.4,60.1,0.0,0,0,X,0.0,0.0,0.0,0.0,0.0,0.0,0.0,0.0,28,0.03823448828184205,49,17,32,0,0,0,0,0,0,0,0,1,0
1dwv,A,450,GLY,-0.4,60.1,0.0,0,0,X,0.0,0.0,0.0,0.0,0.0,0.0,0.0,0.0,31,0.05175644145468863,55,17,38,0,0,0,0,0,0,0,0,1,0
1dwv,A,451,CYS,2.5,108.5,0.0,1,0,X,0.0,0.0,0.0,0.0,0.0,0.0,0.0,0.0,41,0.05455408693872585,50,22,28,0,0,0,0,0,0,0,0,1,0
1dwv,A,452,PRO,-1.6,112.7,0.0,0,0,X,0.0,0.0,0.0,0.0,0.0,0.0,0.0,0.0,38,0.053621538444046775,40,21,19,0,0,0,0,0,0,0,0,1,0
1dwv,A,453,ALA,1.8,88.6,0.0,0,0,X,0.0,0.0,0.0,0.0,0.0,0.0,0.0,0.0,36,0.05175644145468863,20,17,3,0,0,0,0,0,0,0,0,1,0
1dwv,A,454,ASP,-3.5,111.1,-1.0,1,3,X,0.0,0.0,0.0,0.0,0.0,0.0,0.0,0.0,33,0.04709369898129325,16,1,15,0,0,0,0,0,0,0,0,1,0
1dwv,A,455,TRP,-0.9,227.8,0.0,1,0,X,0.0,0.0,0.0,0.0,0.0,0.0,0.0,0.0,23,0.04289723075523742,7,14,-7,0,0,0,0,0,0,0,0,1,0
1dwv,A,456,ILE,4.5,166.7,0.0,0,0,X,0.0,0.0,0.0,0.0,0.0,0.0,0.0,0.0,21,0.034970568550465285,12,8,4,0,0,0,0,0,0,0,0,1,1
1dwv,A,457,TRP,-0.9,227.8,0.0,1,0,X,0.0,0.0,0.0,0.0,0.0,0.0,0.0,0.0,26,0.03823448828184205,18,11,7,0,0,0,0,0,0,0,0,1,1
1dwv,A,458,LEU,3.8,166.7,0.0,0,0,X,0.0,0.0,0.0,0.0,0.0,0.0,0.0,0.0,31,0.048958795970651406,18,8,10,0,0,0,0,0,0,0,0,1,0
1dwv,A,459,VAL,4.2,140.0,0.0,0,0,X,0.0,0.0,0.0,0.0,0.0,0.0,0.0,0.0,29,0.045228601991935104,13,7,6,0,0,0,0,0,0,0,0,1,0
1dwv,A,460,PRO,-1.6,112.7,0.0,0,0,X,0.0,0.0,0.0,0.0,0.0,0.0,0.0,0.0,30,0.04103213376587927,26,8,18,0,0,0,0,0,0,0,0,1,0
1dwv,A,461,PRO,-1.6,112.7,0.0,0,0,X,0.0,0.0,0.0,0.0,0.0,0.0,0.0,0.0,26,0.030774100324409453,21,12,9,0,0,0,0,0,0,0,0,1,0
1dwv,A,462,VAL,4.2,140.0,0.0,0,0,X,0.0,0.0,0.0,0.0,0.0,0.0,0.0,0.0,26,0.026577632098353617,25,10,15,0,0,0,0,0,0,0,0,1,0
1dwv,A,463,SER,-0.8,89.0,0.0,1,1,X,0.0,0.0,0.0,0.0,0.0,0.0,0.0,0.0,21,0.030307826077069916,20,5,15,0,0,0,0,0,0,0,0,1,0
1dwv,A,464,GLY,-0.4,60.1,0.0,0,0,X,0.0,0.0,0.0,0.0,0.0,0.0,0.0,0.0,19,0.03870076252918159,26,0,26,0,0,0,0,0,0,0,0,1,0
1dwv,A,465,SER,-0.8,89.0,0.0,1,1,X,0.0,0.0,0.0,0.0,0.0,0.0,0.0,0.0,17,0.03124037457174899,14,0,14,0,0,0,0,0,0,0,0,1,0
1dwv,A,466,ILE,4.5,166.7,0.0,0,0,X,0.0,0.0,0.0,0.0,0.0,0.0,0.0,0.0,15,0.027043906345693154,26,2,24,0,0,0,0,0,0,0,0,1,0
1dwv,A,467,THR,-0.7,116.1,0.0,1,1,X,0.0,0.0,0.0,0.0,0.0,0.0,0.0,0.0,29,0.04709369898129325,30,11,19,0,0,0,0,0,0,0,0,1,0
1dwv,A,468,PRO,-1.6,112.7,0.0,0,0,X,0.0,0.0,0.0,0.0,0.0,0.0,0.0,0.0,32,0.03776821403450251,23,10,13,0,0,0,0,0,0,0,0,1,0
1dwv,A,469,VAL,4.2,140.0,0.0,0,0,X,0.0,0.0,0.0,0.0,0.0,0.0,0.0,0.0,36,0.050823892960009553,19,15,4,0,0,0,0,0,0,0,0,1,0
1dwv,A,470,PHE,2.8,189.9,0.0,0,0,X,0.0,0.0,0.0,0.0,0.0,0.0,0.0,0.0,23,0.045228601991935104,11,5,6,0,0,0,0,0,0,0,0,1,0
1dwv,A,471,HIS,-3.2,153.2,0.1,2,1,X,0.0,0.0,0.0,0.0,0.0,0.0,0.0,0.0,20,0.04476232774459557,6,8,-2,0,0,0,0,0,0,0,0,1,0
1dwv,A,472,GLN,-3.5,143.8,0.0,2,2,X,0.0,0.0,0.0,0.0,0.0,0.0,0.0,0.0,31,0.04755997322863279,20,18,2,0,0,0,0,0,0,0,0,1,0
1dwv,A,473,GLU,-3.5,138.4,-1.0,1,3,X,0.0,0.0,0.0,0.0,0.0,0.0,0.0,0.0,25,0.03823448828184205,23,5,18,0,0,0,0,0,0,0,0,1,0
1dwv,A,474,MET,1.9,162.9,0.0,0,0,X,0.0,0.0,0.0,0.0,0.0,0.0,0.0,0.0,33,0.03963331102386066,13,21,-8,0,0,0,0,0,0,0,0,1,0
1dwv,A,475,LEU,3.8,166.7,0.0,0,0,X,0.0,0.0,0.0,0.0,0.0,0.0,0.0,0.0,32,0.03870076252918159,20,22,-2,0,0,0,0,0,0,0,0,1,0
1dwv,A,476,ASN,-3.5,114.1,0.0,2,2,X,0.0,0.0,0.0,0.0,0.0,0.0,0.0,0.0,35,0.03683566553982344,19,12,7,0,0,0,0,0,0,0,0,1,0
1dwv,A,477,TYR,-1.3,193.6,0.0,1,1,X,0.0,0.0,0.0,0.0,0.0,0.0,0.0,0.0,34,0.04429605349725603,34,10,24,0,0,0,0,0,0,0,0,1,0
1dwv,A,478,VAL,4.2,140.0,0.0,0,0,X,0.0,0.0,0.0,0.0,0.0,0.0,0.0,0.0,31,0.04709369898129325,17,9,8,0,0,0,0,0,0,0,0,1,0
1dwv,A,479,LEU,3.8,166.7,0.0,0,0,X,0.0,0.0,0.0,0.0,0.0,0.0,0.0,0.0,36,0.04429605349725603,31,12,19,0,0,0,0,0,0,0,0,1,0
1dwv,A,480,SER,-0.8,89.0,0.0,1,1,X,0.0,0.0,0.0,0.0,0.0,0.0,0.0,0.0,35,0.045228601991935104,24,18,6,0,0,0,0,0,0,0,0,1,0
1dwv,A,481,PRO,-1.6,112.7,0.0,0,0,X,0.0,0.0,0.0,0.0,0.0,0.0,0.0,0.0,38,0.0526889899493677,19,16,3,0,0,0,0,0,0,0,0,1,0
1dwv,A,482,PHE,2.8,189.9,0.0,0,0,X,0.0,0.0,0.0,0.0,0.0,0.0,0.0,0.0,34,0.053155264196707235,18,9,9,0,0,0,0,0,0,0,0,1,0
1dwv,A,483,TYR,-1.3,193.6,0.0,1,1,X,0.0,0.0,0.0,0.0,0.0,0.0,0.0,0.0,37,0.04709369898129325,12,8,4,0,0,0,0,0,0,0,0,1,1
1dwv,A,484,TYR,-1.3,193.6,0.0,1,1,X,0.0,0.0,0.0,0.0,0.0,0.0,0.0,0.0,36,0.05035761871267001,15,18,-3,0,0,0,0,0,0,0,0,1,0
1dwv,A,485,TYR,-1.3,193.6,0.0,1,1,X,0.0,0.0,0.0,0.0,0.0,0.0,0.0,0.0,28,0.04289723075523742,19,2,17,0,0,0,0,0,0,0,0,1,1
1dwv,A,486,GLN,-3.5,143.8,0.0,2,2,X,0.0,0.0,0.0,0.0,0.0,0.0,0.0,0.0,33,0.04476232774459557,23,17,6,0,0,0,0,0,0,0,0,1,0
1dwv,A,487,ILE,4.5,166.7,0.0,0,0,X,0.0,0.0,0.0,0.0,0.0,0.0,0.0,0.0,24,0.03403802005578621,31,10,21,0,0,0,0,0,0,0,0,1,0
1dwv,A,488,GLU,-3.5,138.4,-1.0,1,3,X,0.0,0.0,0.0,0.0,0.0,0.0,0.0,0.0,20,0.03823448828184205,17,6,11,0,0,0,0,0,0,0,0,1,0
1dwv,A,489,PRO,-1.6,112.7,0.0,0,0,X,0.0,0.0,0.0,0.0,0.0,0.0,0.0,0.0,29,0.04616115048661418,31,15,16,0,0,0,0,0,0,0,0,1,0
1dwv,A,490,TRP,-0.9,227.8,0.0,1,0,X,0.0,0.0,0.0,0.0,0.0,0.0,0.0,0.0,24,0.040565859518539735,23,18,5,0,0,0,0,0,0,0,0,1,0
1dwv,A,491,LYS,-3.9,168.6,1.0,2,0,X,0.0,0.0,0.0,0.0,0.0,0.0,0.0,0.0,13,0.02844272908771177,9,13,-4,0,0,0,0,0,0,0,0,1,0
1dwv,A,492,THR,-0.7,116.1,0.0,1,1,X,0.0,0.0,0.0,0.0,0.0,0.0,0.0,0.0,19,0.028909003335051305,31,11,20,0,0,0,0,0,0,0,0,1,0
1dwv,A,493,HIS,-3.2,153.2,0.1,2,1,X,0.0,0.0,0.0,0.0,0.0,0.0,0.0,0.0,22,0.032172923066428064,17,17,0,0,0,0,0,0,0,0,0,1,0
1dwv,A,494,ILE,4.5,166.7,0.0,0,0,X,0.0,0.0,0.0,0.0,0.0,0.0,0.0,0.0,18,0.027043906345693154,21,11,10,0,0,0,0,0,0,0,0,1,0
1dwv,A,495,TRP,-0.9,227.8,0.0,1,0,X,0.0,0.0,0.0,0.0,0.0,0.0,0.0,0.0,17,0.023779986614316396,12,10,2,0,0,0,0,0,0,0,0,1,0
1dwv,A,496,GLN,-3.5,143.8,0.0,2,2,X,0.0,0.0,0.0,0.0,0.0,0.0,0.0,0.0,8,0.017252147151562876,9,9,0,0,0,0,0,0,0,0,0,1,0
1dwv,B,77,GLN,-3.5,143.8,0.0,2,2,X,0.0,0.0,0.0,0.0,0.0,0.0,0.0,0.0,9,0.019117244140921023,25,5,20,0,0,0,0,0,0,0,0,1,0
1dwv,B,78,TYR,-1.3,193.6,0.0,1,1,X,0.0,0.0,0.0,0.0,0.0,0.0,0.0,0.0,15,0.03403802005578621,32,8,24,0,0,0,0,0,0,0,0,1,0
1dwv,B,79,VAL,4.2,140.0,0.0,0,0,X,0.0,0.0,0.0,0.0,0.0,0.0,0.0,0.0,20,0.035436842797804825,40,13,27,0,0,0,0,0,0,0,0,1,0
1dwv,B,80,ARG,-4.5,173.4,1.0,5,0,X,0.0,0.0,0.0,0.0,0.0,0.0,0.0,0.0,17,0.03403802005578621,19,14,5,0,0,0,0,0,0,0,0,1,0
1dwv,B,81,ILE,4.5,166.7,0.0,0,0,X,0.0,0.0,0.0,0.0,0.0,0.0,0.0,0.0,25,0.043829779249916496,33,25,8,0,0,0,0,0,0,0,0,1,0
1dwv,B,82,LYS,-3.9,168.6,1.0,2,0,X,0.0,0.0,0.0,0.0,0.0,0.0,0.0,0.0,17,0.04476232774459557,19,18,1,0,0,0,0,0,0,0,0,1,0
1dwv,B,83,ASN,-3.5,114.1,0.0,2,2,X,0.0,0.0,0.0,0.0,0.0,0.0,0.0,0.0,20,0.04662742473395372,19,18,1,0,0,0,0,0,0,0,0,1,0
1dwv,B,84,TRP,-0.9,227.8,0.0,1,0,X,0.0,0.0,0.0,0.0,0.0,0.0,0.0,0.0,14,0.034970568550465285,20,14,6,0,0,0,0,0,0,0,0,1,0
1dwv,B,85,GLY,-0.4,60.1,0.0,0,0,X,0.0,0.0,0.0,0.0,0.0,0.0,0.0,0.0,16,0.025645083603674543,18,9,9,0,0,0,0,0,0,0,0,1,0
1dwv,B,86,SER,-0.8,89.0,0.0,1,1,X,0.0,0.0,0.0,0.0,0.0,0.0,0.0,0.0,13,0.020516066882939634,18,9,9,0,0,0,0,0,0,0,0,1,0
1dwv,B,87,GLY,-0.4,60.1,0.0,0,0,X,0.0,0.0,0.0,0.0,0.0,0.0,0.0,0.0,13,0.027510180593032695,16,13,3,0,0,0,0,0,0,0,0,1,0
1dwv,B,88,GLU,-3.5,138.4,-1.0,1,3,X,0.0,0.0,0.0,0.0,0.0,0.0,0.0,0.0,18,0.028909003335051305,18,2,16,0,0,0,0,0,0,0,0,1,0
1dwv,B,89,ILE,4.5,166.7,0.0,0,0,X,0.0,0.0,0.0,0.0,0.0,0.0,0.0,0.0,17,0.03450429430312575,30,17,13,0,0,0,0,0,0,0,0,1,0
1dwv,B,90,LEU,3.8,166.7,0.0,0,0,X,0.0,0.0,0.0,0.0,0.0,0.0,0.0,0.0,26,0.0363693912924839,31,29,2,0,0,0,0,0,0,0,0,1,0
1dwv,B,91,HIS,-3.2,153.2,0.1,2,1,X,0.0,0.0,0.0,0.0,0.0,0.0,0.0,0.0,18,0.043829779249916496,19,12,7,0,0,0,0,0,0,0,0,1,0
1dwv,B,92,ASP,-3.5,111.1,-1.0,1,3,X,0.0,0.0,0.0,0.0,0.0,0.0,0.0,0.0,30,0.0526889899493677,46,5,41,0,0,0,0,0,0,0,0,1,0
1dwv,B,93,THR,-0.7,116.1,0.0,1,1,X,0.0,0.0,0.0,0.0,0.0,0.0,0.0,0.0,24,0.04243095650789788,48,10,38,0,0,0,0,0,0,0,0,1,0
1dwv,B,94,LEU,3.8,166.7,0.0,0,0,X,0.0,0.0,0.0,0.0,0.0,0.0,0.0,0.0,29,0.04476232774459557,47,16,31,0,0,0,0,0,0,0,0,1,0
1dwv,B,95,HIS,-3.2,153.2,0.1,2,1,X,0.0,0.0,0.0,0.0,0.0,0.0,0.0,0.0,24,0.045694876239274644,25,8,17,0,0,0,0,0,0,0,0,1,0
1dwv,B,96,HIS,-3.2,153.2,0.1,2,1,X,0.0,0.0,0.0,0.0,0.0,0.0,0.0,0.0,15,0.028909003335051305,20,8,12,0,0,0,0,0,0,0,0,1,0
1dwv,B,97,LYS,-3.9,168.6,1.0,2,0,X,0.0,0.0,0.0,0.0,0.0,0.0,0.0,0.0,19,0.030307826077069916,30,12,18,0,0,0,0,0,0,0,0,1,0
1dwv,B,98,ALA,1.8,88.6,0.0,0,0,X,0.0,0.0,0.0,0.0,0.0,0.0,0.0,0.0,20,0.03310547156110714,29,12,17,0,0,0,0,0,0,0,0,1,0
1dwv,B,99,THR,-0.7,116.1,0.0,1,1,X,0.0,0.0,0.0,0.0,0.0,0.0,0.0,0.0,23,0.028909003335051305,22,15,7,0,0,0,0,0,0,0,0,1,0
1dwv,B,100,SER,-0.8,89.0,0.0,1,1,X,0.0,0.0,0.0,0.0,0.0,0.0,0.0,0.0,17,0.016319598656883802,12,9,3,0,0,0,0,0,0,0,0,1,0
1dwv,B,101,ASP,-3.5,111.1,-1.0,1,3,X,0.0,0.0,0.0,0.0,0.0,0.0,0.0,0.0,14,0.023779986614316396,8,0,8,0,0,0,0,0,0,0,0,1,0
1dwv,B,102,PHE,2.8,189.9,0.0,0,0,X,0.0,0.0,0.0,0.0,0.0,0.0,0.0,0.0,29,0.03357174580844668,13,11,2,0,0,0,0,0,0,0,0,1,0
1dwv,B,103,THR,-0.7,116.1,0.0,1,1,X,0.0,0.0,0.0,0.0,0.0,0.0,0.0,0.0,23,0.035436842797804825,18,9,9,0,0,0,0,0,0,0,0,1,0
1dwv,B,104,CYS,2.5,108.5,0.0,1,0,X,0.0,0.0,0.0,0.0,0.0,0.0,0.0,0.0,18,0.030307826077069916,15,8,7,0,0,0,0,0,0,0,0,1,0
1dwv,B,105,LYS,-3.9,168.6,1.0,2,0,X,0.0,0.0,0.0,0.0,0.0,0.0,0.0,0.0,10,0.025178809356335007,9,5,4,0,0,0,0,0,0,0,0,1,0
1dwv,B,106,SER,-0.8,89.0,0.0,1,1,X,0.0,0.0,0.0,0.0,0.0,0.0,0.0,0.0,7,0.01678587290422334,18,0,18,0,0,0,0,0,0,0,0,1,0
1dwv,B,107,LYS,-3.9,168.6,1.0,2,0,X,0.0,0.0,0.0,0.0,0.0,0.0,0.0,0.0,6,0.015853324409544265,9,0,9,0,0,0,0,0,0,0,0,1,0
1dwv,B,108,SER,-0.8,89.0,0.0,1,1,X,0.0,0.0,0.0,0.0,0.0,0.0,0.0,0.0,10,0.021914889624958248,18,0,18,0,0,0,0,0,0,0,0,1,0
1dwv,B,109,CYS,2.5,108.5,0.0,1,0,X,0.0,0.0,0.0,0.0,0.0,0.0,0.0,0.0,12,0.024246260861655933,12,0,12,0,0,0,0,0,0,0,0,1,0
1dwv,B,110,LEU,3.8,166.7,0.0,0,0,X,0.0,0.0,0.0,0.0,0.0,0.0,0.0,0.0,20,0.02844272908771177,13,0,13,0,0,0,0,0,0,0,0,1,0
1dwv,B,111,GLY,-0.4,60.1,0.0,0,0,X,0.0,0.0,0.0,0.0,0.0,0.0,0.0,0.0,21,0.03170664881908853,7,8,-1,0,0,0,0,0,0,0,0,1,0
1dwv,B,112,SER,-0.8,89.0,0.0,1,1,X,0.0,0.0,0.0,0.0,0.0,0.0,0.0,0.0,17,0.024246260861655933,5,4,1,0,0,0,0,0,0,0,0,1,1
1dwv,B,113,ILE,4.5,166.7,0.0,0,0,X,0.0,0.0,0.0,0.0,0.0,0.0,0.0,0.0,20,0.027510180593032695,10,3,7,0,0,0,0,0,0,0,0,1,0
1dwv,B,114,MET,1.9,162.9,0.0,0,0,X,0.0,0.0,0.0,0.0,0.0,0.0,0.0,0.0,16,0.02984155182973038,11,3,8,0,0,0,0,0,0,0,0,1,1
1dwv,B,115,ASN,-3.5,114.1,0.0,2,2,X,0.0,0.0,0.0,0.0,0.0,0.0,0.0,0.0,21,0.032639197313767604,14,5,9,0,0,0,0,0,0,0,0,1,0
1dwv,B,116,PRO,-1.6,112.7,0.0,0,0,X,0.0,0.0,0.0,0.0,0.0,0.0,0.0,0.0,24,0.03590311704514436,17,3,14,0,0,0,0,0,0,0,0,1,0
1dwv,B,117,LYS,-3.9,168.6,1.0,2,0,X,0.0,0.0,0.0,0.0,0.0,0.0,0.0,0.0,17,0.02611135785101408,5,2,3,0,0,0,0,0,0,0,0,1,0
1dwv,B,118,SER,-0.8,89.0,0.0,1,1,X,0.0,0.0,0.0,0.0,0.0,0.0,0.0,0.0,26,0.03357174580844668,21,8,13,0,0,0,0,0,0,0,0,1,0
1dwv,B,119,LEU,3.8,166.7,0.0,0,0,X,0.0,0.0,0.0,0.0,0.0,0.0,0.0,0.0,32,0.04662742473395372,26,5,21,0,0,0,0,0,0,0,0,1,0
1dwv,B,120,THR,-0.7,116.1,0.0,1,1,X,0.0,0.0,0.0,0.0,0.0,0.0,0.0,0.0,25,0.04429605349725603,22,3,19,0,0,0,0,0,0,0,0,1,0
1dwv,B,121,ARG,-4.5,173.4,1.0,5,0,X,0.0,0.0,0.0,0.0,0.0,0.0,0.0,0.0,31,0.04243095650789788,22,20,2,0,0,0,0,0,0,0,0,1,0
1dwv,B,122,GLY,-0.4,60.1,0.0,0,0,X,0.0,0.0,0.0,0.0,0.0,0.0,0.0,0.0,22,0.032639197313767604,40,16,24,0,0,0,0,0,0,0,0,1,0
1dwv,B,123,PRO,-1.6,112.7,0.0,0,0,X,0.0,0.0,0.0,0.0,0.0,0.0,0.0,0.0,23,0.032172923066428064,43,25,18,0,0,0,0,0,0,0,0,1,0
1dwv,B,124,ARG,-4.5,173.4,1.0,5,0,X,0.0,0.0,0.0,0.0,0.0,0.0,0.0,0.0,23,0.032639197313767604,36,35,1,0,0,0,0,0,0,0,0,1,0
1dwv,B,125,ASP,-3.5,111.1,-1.0,1,3,X,0.0,0.0,0.0,0.0,0.0,0.0,0.0,0.0,15,0.027043906345693154,35,11,24,0,0,0,0,0,0,0,0,1,0
1dwv,B,126,LYS,-3.9,168.6,1.0,2,0,X,0.0,0.0,0.0,0.0,0.0,0.0,0.0,0.0,13,0.027510180593032695,20,17,3,0,0,0,0,0,0,0,0,1,0
1dwv,B,127,PRO,-1.6,112.7,0.0,0,0,X,0.0,0.0,0.0,0.0,0.0,0.0,0.0,0.0,20,0.03403802005578621,33,22,11,0,0,0,0,0,0,0,0,1,0
1dwv,B,128,THR,-0.7,116.1,0.0,1,1,X,0.0,0.0,0.0,0.0,0.0,0.0,0.0,0.0,27,0.03683566553982344,35,35,0,0,0,0,0,0,0,0,0,1,0
1dwv,B,129,PRO,-1.6,112.7,0.0,0,0,X,0.0,0.0,0.0,0.0,0.0,0.0,0.0,0.0,17,0.030307826077069916,20,19,1,0,0,0,0,0,0,0,0,1,0
1dwv,B,130,LEU,3.8,166.7,0.0,0,0,X,0.0,0.0,0.0,0.0,0.0,0.0,0.0,0.0,21,0.03403802005578621,5,29,-24,0,0,0,0,0,0,0,0,1,0
1dwv,B,131,GLU,-3.5,138.4,-1.0,1,3,X,0.0,0.0,0.0,0.0,0.0,0.0,0.0,0.0,12,0.02611135785101408,8,9,-1,0,0,0,0,0,0,0,0,1,0
1dwv,B,132,GLU,-3.5,138.4,-1.0,1,3,X,0.0,0.0,0.0,0.0,0.0,0.0,0.0,0.0,20,0.03310547156110714,19,14,5,0,0,0,0,0,0,0,0,1,0
1dwv,B,133,LEU,3.8,166.7,0.0,0,0,X,0.0,0.0,0.0,0.0,0.0,0.0,0.0,0.0,30,0.04616115048661418,15,32,-17,0,0,0,0,0,0,0,0,1,0
1dwv,B,134,LEU,3.8,166.7,0.0,0,0,X,0.0,0.0,0.0,0.0,0.0,0.0,0.0,0.0,29,0.045694876239274644,14,34,-20,0,0,0,0,0,0,0,0,1,0
1dwv,B,135,PRO,-1.6,112.7,0.0,0,0,X,0.0,0.0,0.0,0.0,0.0,0.0,0.0,0.0,23,0.030307826077069916,10,27,-17,0,0,0,0,0,0,0,0,1,0
1dwv,B,136,HIS,-3.2,153.2,0.1,2,1,X,0.0,0.0,0.0,0.0,0.0,0.0,0.0,0.0,30,0.04196468226055834,4,33,-29,0,0,0,0,0,0,0,0,1,0
1dwv,B,137,ALA,1.8,88.6,0.0,0,0,X,0.0,0.0,0.0,0.0,0.0,0.0,0.0,0.0,36,0.05175644145468863,21,22,-1,0,0,0,0,0,0,0,0,1,0
1dwv,B,138,ILE,4.5,166.7,0.0,0,0,X,0.0,0.0,0.0,0.0,0.0,0.0,0.0,0.0,27,0.04289723075523742,22,15,7,0,0,0,0,0,0,0,0,1,0
1dwv,B,139,GLU,-3.5,138.4,-1.0,1,3,X,0.0,0.0,0.0,0.0,0.0,0.0,0.0,0.0,27,0.03450429430312575,21,4,17,0,0,0,0,0,0,0,0,1,0
1dwv,B,140,PHE,2.8,189.9,0.0,0,0,X,0.0,0.0,0.0,0.0,0.0,0.0,0.0,0.0,41,0.04662742473395372,15,25,-10,0,0,0,0,0,0,0,0,1,0
1dwv,B,141,ILE,4.5,166.7,0.0,0,0,X,0.0,0.0,0.0,0.0,0.0,0.0,0.0,0.0,35,0.05688545817542354,26,23,3,0,0,0,0,0,0,0,0,1,0
1dwv,B,142,ASN,-3.5,114.1,0.0,2,2,X,0.0,0.0,0.0,0.0,0.0,0.0,0.0,0.0,25,0.040565859518539735,22,13,9,0,0,0,0,0,0,0,0,1,0
1dwv,B,143,GLN,-3.5,143.8,0.0,2,2,X,0.0,0.0,0.0,0.0,0.0,0.0,0.0,0.0,28,0.040565859518539735,20,14,6,0,0,0,0,0,0,0,0,1,0
1dwv,B,144,TYR,-1.3,193.6,0.0,1,1,X,0.0,0.0,0.0,0.0,0.0,0.0,0.0,0.0,27,0.04942507021799094,27,23,4,0,0,0,0,0,0,0,0,1,0
1dwv,B,145,TYR,-1.3,193.6,0.0,1,1,X,0.0,0.0,0.0,0.0,0.0,0.0,0.0,0.0,28,0.04755997322863279,30,29,1,0,0,0,0,0,0,0,0,1,0
1dwv,B,146,GLY,-0.4,60.1,0.0,0,0,X,0.0,0.0,0.0,0.0,0.0,0.0,0.0,0.0,19,0.032639197313767604,22,7,15,0,0,0,0,0,0,0,0,1,0
1dwv,B,147,SER,-0.8,89.0,0.0,1,1,X,0.0,0.0,0.0,0.0,0.0,0.0,0.0,0.0,18,0.02797645484037223,17,8,9,0,0,0,0,0,0,0,0,1,0
1dwv,B,148,PHE,2.8,189.9,0.0,0,0,X,0.0,0.0,0.0,0.0,0.0,0.0,0.0,0.0,16,0.024246260861655933,24,17,7,0,0,0,0,0,0,0,0,1,0
1dwv,B,149,LYS,-3.9,168.6,1.0,2,0,X,0.0,0.0,0.0,0.0,0.0,0.0,0.0,0.0,7,0.018650969893581486,2,9,-7,0,0,0,0,0,0,0,0,1,0
1dwv,B,150,GLU,-3.5,138.4,-1.0,1,3,X,0.0,0.0,0.0,0.0,0.0,0.0,0.0,0.0,9,0.020516066882939634,18,1,17,0,0,0,0,0,0,0,0,1,0
1dwv,B,151,ALA,1.8,88.6,0.0,0,0,X,0.0,0.0,0.0,0.0,0.0,0.0,0.0,0.0,14,0.02984155182973038,25,23,2,0,0,0,0,0,0,0,0,1,0
1dwv,B,152,LYS,-3.9,168.6,1.0,2,0,X,0.0,0.0,0.0,0.0,0.0,0.0,0.0,0.0,17,0.032639197313767604,18,26,-8,0,0,0,0,0,0,0,0,1,0
1dwv,B,153,ILE,4.5,166.7,0.0,0,0,X,0.0,0.0,0.0,0.0,0.0,0.0,0.0,0.0,13,0.030307826077069916,20,22,-2,0,0,0,0,0,0,0,0,1,0
1dwv,B,154,GLU,-3.5,138.4,-1.0,1,3,X,0.0,0.0,0.0,0.0,0.0,0.0,0.0,0.0,11,0.026577632098353617,21,10,11,0,0,0,0,0,0,0,0,1,0
1dwv,B,155,GLU,-3.5,138.4,-1.0,1,3,X,0.0,0.0,0.0,0.0,0.0,0.0,0.0,0.0,17,0.032639197313767604,27,13,14,0,0,0,0,0,0,0,0,1,0
1dwv,B,156,HIS,-3.2,153.2,0.1,2,1,X,0.0,0.0,0.0,0.0,0.0,0.0,0.0,0.0,26,0.04755997322863279,17,24,-7,0,0,0,0,0,0,0,0,1,0
1dwv,B,157,LEU,3.8,166.7,0.0,0,0,X,0.0,0.0,0.0,0.0,0.0,0.0,0.0,0.0,15,0.034970568550465285,22,25,-3,0,0,0,0,0,0,0,0,1,0
1dwv,B,158,ALA,1.8,88.6,0.0,0,0,X,0.0,0.0,0.0,0.0,0.0,0.0,0.0,0.0,16,0.032172923066428064,31,28,3,0,0,0,0,0,0,0,0,1,0
1dwv,B,159,ARG,-4.5,173.4,1.0,5,0,X,0.0,0.0,0.0,0.0,0.0,0.0,0.0,0.0,26,0.03870076252918159,17,32,-15,0,0,0,0,0,0,0,0,1,0
1dwv,B,160,LEU,3.8,166.7,0.0,0,0,X,0.0,0.0,0.0,0.0,0.0,0.0,0.0,0.0,28,0.045694876239274644,28,24,4,0,0,0,0,0,0,0,0,1,0
1dwv,B,161,GLU,-3.5,138.4,-1.0,1,3,X,0.0,0.0,0.0,0.0,0.0,0.0,0.0,0.0,17,0.032172923066428064,23,12,11,0,0,0,0,0,0,0,0,1,0
1dwv,B,162,ALA,1.8,88.6,0.0,0,0,X,0.0,0.0,0.0,0.0,0.0,0.0,0.0,0.0,25,0.032639197313767604,23,30,-7,0,0,0,0,0,0,0,0,1,0
1dwv,B,163,VAL,4.2,140.0,0.0,0,0,X,0.0,0.0,0.0,0.0,0.0,0.0,0.0,0.0,36,0.045694876239274644,23,30,-7,0,0,0,0,0,0,0,0,1,0
1dwv,B,164,THR,-0.7,116.1,0.0,1,1,X,0.0,0.0,0.0,0.0,0.0,0.0,0.0,0.0,24,0.04149840801321881,20,27,-7,0,0,0,0,0,0,0,0,1,0
1dwv,B,165,LYS,-3.9,168.6,1.0,2,0,X,0.0,0.0,0.0,0.0,0.0,0.0,0.0,0.0,17,0.03450429430312575,5,27,-22,0,0,0,0,0,0,0,0,1,0
1dwv,B,166,GLU,-3.5,138.4,-1.0,1,3,X,0.0,0.0,0.0,0.0,0.0,0.0,0.0,0.0,23,0.03963331102386066,15,13,2,0,0,0,0,0,0,0,0,1,0
1dwv,B,167,ILE,4.5,166.7,0.0,0,0,X,0.0,0.0,0.0,0.0,0.0,0.0,0.0,0.0,30,0.048492521723311866,11,26,-15,0,0,0,0,0,0,0,0,1,0
1dwv,B,168,GLU,-3.5,138.4,-1.0,1,3,X,0.0,0.0,0.0,0.0,0.0,0.0,0.0,0.0,18,0.032639197313767604,9,12,-3,0,0,0,0,0,0,0,0,1,0
1dwv,B,169,THR,-0.7,116.1,0.0,1,1,X,0.0,0.0,0.0,0.0,0.0,0.0,0.0,0.0,14,0.024246260861655933,8,19,-11,0,0,0,0,0,0,0,0,1,0
1dwv,B,170,THR,-0.7,116.1,0.0,1,1,X,0.0,0.0,0.0,0.0,0.0,0.0,0.0,0.0,17,0.023779986614316396,5,17,-12,0,0,0,0,0,0,0,0,1,0
1dwv,B,171,GLY,-0.4,60.1,0.0,0,0,X,0.0,0.0,0.0,0.0,0.0,0.0,0.0,0.0,24,0.03170664881908853,5,19,-14,0,0,0,0,0,0,0,0,1,0
1dwv,B,172,THR,-0.7,116.1,0.0,1,1,X,0.0,0.0,0.0,0.0,0.0,0.0,0.0,0.0,28,0.040099585271200194,7,17,-10,0,0,0,0,0,0,0,0,1,0
1dwv,B,173,TYR,-1.3,193.6,0.0,1,1,X,0.0,0.0,0.0,0.0,0.0,0.0,0.0,0.0,34,0.040565859518539735,20,16,4,0,0,0,0,0,0,0,0,1,0
1dwv,B,174,GLN,-3.5,143.8,0.0,2,2,X,0.0,0.0,0.0,0.0,0.0,0.0,0.0,0.0,23,0.032639197313767604,17,16,1,0,0,0,0,0,0,0,0,1,0
1dwv,B,175,LEU,3.8,166.7,0.0,0,0,X,0.0,0.0,0.0,0.0,0.0,0.0,0.0,0.0,31,0.04196468226055834,14,22,-8,0,0,0,0,0,0,0,0,1,0
1dwv,B,176,THR,-0.7,116.1,0.0,1,1,X,0.0,0.0,0.0,0.0,0.0,0.0,0.0,0.0,24,0.03310547156110714,15,24,-9,0,0,0,0,0,0,0,0,1,0
1dwv,B,177,LEU,3.8,166.7,0.0,0,0,X,0.0,0.0,0.0,0.0,0.0,0.0,0.0,0.0,18,0.030774100324409453,9,25,-16,0,0,0,0,0,0,0,0,1,0
1dwv,B,178,ASP,-3.5,111.1,-1.0,1,3,X,0.0,0.0,0.0,0.0,0.0,0.0,0.0,0.0,20,0.030307826077069916,14,10,4,0,0,0,0,0,0,0,0,1,0
1dwv,B,179,GLU,-3.5,138.4,-1.0,1,3,X,0.0,0.0,0.0,0.0,0.0,0.0,0.0,0.0,29,0.045228601991935104,17,8,9,0,0,0,0,0,0,0,0,1,0
1dwv,B,180,LEU,3.8,166.7,0.0,0,0,X,0.0,0.0,0.0,0.0,0.0,0.0,0.0,0.0,37,0.04755997322863279,17,27,-10,0,0,0,0,0,0,0,0,1,0
1dwv,B,181,ILE,4.5,166.7,0.0,0,0,X,0.0,0.0,0.0,0.0,0.0,0.0,0.0,0.0,29,0.04103213376587927,13,22,-9,0,0,0,0,0,0,0,0,1,0
1dwv,B,182,PHE,2.8,189.9,0.0,0,0,X,0.0,0.0,0.0,0.0,0.0,0.0,0.0,0.0,36,0.04429605349725603,18,18,0,0,0,0,0,0,0,0,0,1,0
1dwv,B,183,ALA,1.8,88.6,0.0,0,0,X,0.0,0.0,0.0,0.0,0.0,0.0,0.0,0.0,33,0.0526889899493677,15,21,-6,0,0,0,0,0,0,0,0,1,0
1dwv,B,184,THR,-0.7,116.1,0.0,1,1,X,0.0,0.0,0.0,0.0,0.0,0.0,0.0,0.0,37,0.048492521723311866,13,11,2,0,0,0,0,0,0,0,0,1,0
1dwv,B,185,LYS,-3.9,168.6,1.0,2,0,X,0.0,0.0,0.0,0.0,0.0,0.0,0.0,0.0,29,0.053155264196707235,12,6,6,0,0,0,0,0,0,0,0,1,0
1dwv,B,186,MET,1.9,162.9,0.0,0,0,X,0.0,0.0,0.0,0.0,0.0,0.0,0.0,0.0,34,0.0526889899493677,33,9,24,0,0,0,0,0,0,0,0,1,0
1dwv,B,187,ALA,1.8,88.6,0.0,0,0,X,0.0,0.0,0.0,0.0,0.0,0.0,0.0,0.0,36,0.0526889899493677,28,9,19,0,0,0,0,0,0,0,0,1,0
1dwv,B,188,TRP,-0.9,227.8,0.0,1,0,X,0.0,0.0,0.0,0.0,0.0,0.0,0.0,0.0,36,0.0526889899493677,37,1,36,0,0,0,0,0,0,0,0,1,1
1dwv,B,189,ARG,-4.5,173.4,1.0,5,0,X,0.0,0.0,0.0,0.0,0.0,0.0,0.0,0.0,36,0.05175644145468863,38,9,29,0,0,0,0,0,0,0,0,1,0
1dwv,B,190,ASN,-3.5,114.1,0.0,2,2,X,0.0,0.0,0.0,0.0,0.0,0.0,0.0,0.0,36,0.05408781269138631,38,8,30,0,0,0,0,0,0,0,0,1,0
1dwv,B,191,ALA,1.8,88.6,0.0,0,0,X,0.0,0.0,0.0,0.0,0.0,0.0,0.0,0.0,39,0.04616115048661418,35,8,27,0,0,0,0,0,0,0,0,1,1
1dwv,B,192,PRO,-1.6,112.7,0.0,0,0,X,0.0,0.0,0.0,0.0,0.0,0.0,0.0,0.0,35,0.04709369898129325,28,8,20,0,0,0,0,0,0,0,0,1,0
1dwv,B,193,ARG,-4.5,173.4,1.0,5,0,X,0.0,0.0,0.0,0.0,0.0,0.0,0.0,0.0,29,0.04429605349725603,6,8,-2,0,0,0,0,0,0,0,0,1,1
1dwv,B,194,CYS,2.5,108.5,0.0,1,0,X,0.0,0.0,0.0,0.0,0.0,0.0,0.0,0.0,34,0.03776821403450251,31,10,21,0,0,0,0,0,0,0,0,1,1
1dwv,B,195,ILE,4.5,166.7,0.0,0,0,X,0.0,0.0,0.0,0.0,0.0,0.0,0.0,0.0,41,0.03963331102386066,35,14,21,0,0,0,0,0,0,0,0,1,0
1dwv,B,196,GLY,-0.4,60.1,0.0,0,0,X,0.0,0.0,0.0,0.0,0.0,0.0,0.0,0.0,32,0.043363505002576956,30,3,27,0,0,0,0,0,0,0,0,1,1
1dwv,B,197,ARG,-4.5,173.4,1.0,5,0,X,0.0,0.0,0.0,0.0,0.0,0.0,0.0,0.0,32,0.05129016720734909,33,8,25,0,0,0,0,0,0,0,0,1,0
1dwv,B,198,ILE,4.5,166.7,0.0,0,0,X,0.0,0.0,0.0,0.0,0.0,0.0,0.0,0.0,26,0.04289723075523742,36,10,26,0,0,0,0,0,0,0,0,1,0
1dwv,B,199,GLN,-3.5,143.8,0.0,2,2,X,0.0,0.0,0.0,0.0,0.0,0.0,0.0,0.0,24,0.0363693912924839,24,0,24,0,0,0,0,0,0,0,0,1,0
1dwv,B,200,TRP,-0.9,227.8,0.0,1,0,X,0.0,0.0,0.0,0.0,0.0,0.0,0.0,0.0,24,0.04989134446533048,43,7,36,0,0,0,0,0,0,0,0,1,0
1dwv,B,201,SER,-0.8,89.0,0.0,1,1,X,0.0,0.0,0.0,0.0,0.0,0.0,0.0,0.0,19,0.032639197313767604,25,1,24,0,0,0,0,0,0,0,0,1,0
1dwv,B,202,ASN,-3.5,114.1,0.0,2,2,X,0.0,0.0,0.0,0.0,0.0,0.0,0.0,0.0,20,0.030774100324409453,19,0,19,0,0,0,0,0,0,0,0,1,0
1dwv,B,203,LEU,3.8,166.7,0.0,0,0,X,0.0,0.0,0.0,0.0,0.0,0.0,0.0,0.0,31,0.04289723075523742,19,0,19,0,0,0,0,0,0,0,0,1,1
1dwv,B,204,GLN,-3.5,143.8,0.0,2,2,X,0.0,0.0,0.0,0.0,0.0,0.0,0.0,0.0,24,0.03730193978716297,33,3,30,0,0,0,0,0,0,0,0,1,0
1dwv,B,205,VAL,4.2,140.0,0.0,0,0,X,0.0,0.0,0.0,0.0,0.0,0.0,0.0,0.0,31,0.043363505002576956,22,14,8,0,0,0,0,0,0,0,0,1,0
1dwv,B,206,PHE,2.8,189.9,0.0,0,0,X,0.0,0.0,0.0,0.0,0.0,0.0,0.0,0.0,31,0.040099585271200194,33,8,25,0,0,0,0,0,0,0,0,1,0
1dwv,B,207,ASP,-3.5,111.1,-1.0,1,3,X,0.0,0.0,0.0,0.0,0.0,0.0,0.0,0.0,25,0.03870076252918159,22,1,21,0,0,0,0,0,0,0,0,1,0
1dwv,B,208,ALA,1.8,88.6,0.0,0,0,X,0.0,0.0,0.0,0.0,0.0,0.0,0.0,0.0,29,0.040099585271200194,23,16,7,0,0,0,0,0,0,0,0,1,0
1dwv,B,209,ARG,-4.5,173.4,1.0,5,0,X,0.0,0.0,0.0,0.0,0.0,0.0,0.0,0.0,28,0.040099585271200194,5,9,-4,0,0,0,0,0,0,0,0,1,0
1dwv,B,210,ASN,-3.5,114.1,0.0,2,2,X,0.0,0.0,0.0,0.0,0.0,0.0,0.0,0.0,16,0.027043906345693154,17,16,1,0,0,0,0,0,0,0,0,1,0
1dwv,B,211,CYS,2.5,108.5,0.0,1,0,X,0.0,0.0,0.0,0.0,0.0,0.0,0.0,0.0,26,0.03963331102386066,18,22,-4,0,0,0,0,0,0,0,0,1,0
1dwv,B,212,SER,-0.8,89.0,0.0,1,1,X,0.0,0.0,0.0,0.0,0.0,0.0,0.0,0.0,22,0.03310547156110714,9,19,-10,0,0,0,0,0,0,0,0,1,0
1dwv,B,213,THR,-0.7,116.1,0.0,1,1,X,0.0,0.0,0.0,0.0,0.0,0.0,0.0,0.0,23,0.03403802005578621,6,23,-17,0,0,0,0,0,0,0,0,1,0
1dwv,B,214,ALA,1.8,88.6,0.0,0,0,X,0.0,0.0,0.0,0.0,0.0,0.0,0.0,0.0,28,0.045694876239274644,10,27,-17,0,0,0,0,0,0,0,0,1,0
1dwv,B,215,GLN,-3.5,143.8,0.0,2,2,X,0.0,0.0,0.0,0.0,0.0,0.0,0.0,0.0,18,0.035436842797804825,7,18,-11,0,0,0,0,0,0,0,0,1,0
1dwv,B,216,GLU,-3.5,138.4,-1.0,1,3,X,0.0,0.0,0.0,0.0,0.0,0.0,0.0,0.0,20,0.03963331102386066,13,1,12,0,0,0,0,0,0,0,0,1,0
1dwv,B,217,MET,1.9,162.9,0.0,0,0,X,0.0,0.0,0.0,0.0,0.0,0.0,0.0,0.0,38,0.053155264196707235,18,22,-4,0,0,0,0,0,0,0,0,1,0
1dwv,B,218,PHE,2.8,189.9,0.0,0,0,X,0.0,0.0,0.0,0.0,0.0,0.0,0.0,0.0,27,0.04755997322863279,14,18,-4,0,0,0,0,0,0,0,0,1,0
1dwv,B,219,GLN,-3.5,143.8,0.0,2,2,X,0.0,0.0,0.0,0.0,0.0,0.0,0.0,0.0,20,0.03683566553982344,20,9,11,0,0,0,0,0,0,0,0,1,0
1dwv,B,220,HIS,-3.2,153.2,0.1,2,1,X,0.0,0.0,0.0,0.0,0.0,0.0,0.0,0.0,30,0.04149840801321881,24,16,8,0,0,0,0,0,0,0,0,1,0
1dwv,B,221,ILE,4.5,166.7,0.0,0,0,X,0.0,0.0,0.0,0.0,0.0,0.0,0.0,0.0,43,0.04755997322863279,28,7,21,0,0,0,0,0,0,0,0,1,0
1dwv,B,222,CYS,2.5,108.5,0.0,1,0,X,0.0,0.0,0.0,0.0,0.0,0.0,0.0,0.0,32,0.040565859518539735,30,7,23,0,0,0,0,0,0,0,0,1,0
1dwv,B,223,ARG,-4.5,173.4,1.0,5,0,X,0.0,0.0,0.0,0.0,0.0,0.0,0.0,0.0,24,0.03823448828184205,23,5,18,0,0,0,0,0,0,0,0,1,0
1dwv,B,224,HIS,-3.2,153.2,0.1,2,1,X,0.0,0.0,0.0,0.0,0.0,0.0,0.0,0.0,41,0.04989134446533048,26,1,25,0,0,0,0,0,0,0,0,1,0
1dwv,B,225,ILE,4.5,166.7,0.0,0,0,X,0.0,0.0,0.0,0.0,0.0,0.0,0.0,0.0,37,0.04476232774459557,26,3,23,0,0,0,0,0,0,0,0,1,0
1dwv,B,226,LEU,3.8,166.7,0.0,0,0,X,0.0,0.0,0.0,0.0,0.0,0.0,0.0,0.0,25,0.03730193978716297,32,4,28,0,0,0,0,0,0,0,0,1,0
1dwv,B,227,TYR,-1.3,193.6,0.0,1,1,X,0.0,0.0,0.0,0.0,0.0,0.0,0.0,0.0,24,0.043363505002576956,33,0,33,0,0,0,0,0,0,0,0,1,0
1dwv,B,228,ALA,1.8,88.6,0.0,0,0,X,0.0,0.0,0.0,0.0,0.0,0.0,0.0,0.0,35,0.0526889899493677,28,0,28,0,0,0,0,0,0,0,0,1,0
1dwv,B,229,THR,-0.7,116.1,0.0,1,1,X,0.0,0.0,0.0,0.0,0.0,0.0,0.0,0.0,33,0.048026247475972325,23,4,19,0,0,0,0,0,0,0,0,1,0
1dwv,B,230,ASN,-3.5,114.1,0.0,2,2,X,0.0,0.0,0.0,0.0,0.0,0.0,0.0,0.0,21,0.03776821403450251,14,0,14,0,0,0,0,0,0,0,0,1,0
1dwv,B,231,ASN,-3.5,114.1,0.0,2,2,X,0.0,0.0,0.0,0.0,0.0,0.0,0.0,0.0,20,0.025645083603674543,6,4,2,0,0,0,0,0,0,0,0,1,0
1dwv,B,232,GLY,-0.4,60.1,0.0,0,0,X,0.0,0.0,0.0,0.0,0.0,0.0,0.0,0.0,30,0.03963331102386066,11,4,7,0,0,0,0,0,0,0,0,1,0
1dwv,B,233,ASN,-3.5,114.1,0.0,2,2,X,0.0,0.0,0.0,0.0,0.0,0.0,0.0,0.0,21,0.03403802005578621,11,0,11,0,0,0,0,0,0,0,0,1,0
1dwv,B,234,ILE,4.5,166.7,0.0,0,0,X,0.0,0.0,0.0,0.0,0.0,0.0,0.0,0.0,28,0.05035761871267001,13,0,13,0,0,0,0,0,0,0,0,1,0
1dwv,B,235,ARG,-4.5,173.4,1.0,5,0,X,0.0,0.0,0.0,0.0,0.0,0.0,0.0,0.0,25,0.04755997322863279,10,0,10,0,0,0,0,0,0,0,0,1,0
1dwv,B,236,SER,-0.8,89.0,0.0,1,1,X,0.0,0.0,0.0,0.0,0.0,0.0,0.0,0.0,33,0.04755997322863279,23,0,23,0,0,0,0,0,0,0,0,1,1
1dwv,B,237,ALA,1.8,88.6,0.0,0,0,X,0.0,0.0,0.0,0.0,0.0,0.0,0.0,0.0,38,0.053155264196707235,26,1,25,0,0,0,0,0,0,0,0,1,0
1dwv,B,238,ILE,4.5,166.7,0.0,0,0,X,0.0,0.0,0.0,0.0,0.0,0.0,0.0,0.0,38,0.05035761871267001,20,5,15,0,0,0,0,0,0,0,0,1,0
1dwv,B,239,THR,-0.7,116.1,0.0,1,1,X,0.0,0.0,0.0,0.0,0.0,0.0,0.0,0.0,41,0.04942507021799094,33,9,24,0,0,0,0,0,0,0,0,1,0
1dwv,B,240,VAL,4.2,140.0,0.0,0,0,X,0.0,0.0,0.0,0.0,0.0,0.0,0.0,0.0,39,0.050823892960009553,27,10,17,0,0,0,0,0,0,0,0,1,0
1dwv,B,241,PHE,2.8,189.9,0.0,0,0,X,0.0,0.0,0.0,0.0,0.0,0.0,0.0,0.0,42,0.05548663543340492,30,18,12,0,0,0,0,0,0,0,0,1,0
1dwv,B,242,PRO,-1.6,112.7,0.0,0,0,X,0.0,0.0,0.0,0.0,0.0,0.0,0.0,0.0,34,0.04709369898129325,26,25,1,0,0,0,0,0,0,0,0,1,0
1dwv,B,243,GLN,-3.5,143.8,0.0,2,2,X,0.0,0.0,0.0,0.0,0.0,0.0,0.0,0.0,33,0.045694876239274644,24,21,3,0,0,0,0,0,0,0,0,1,0
1dwv,B,244,ARG,-4.5,173.4,1.0,5,0,X,0.0,0.0,0.0,0.0,0.0,0.0,0.0,0.0,33,0.048026247475972325,45,34,11,0,0,0,0,0,0,0,0,1,0
1dwv,B,245,SER,-0.8,89.0,0.0,1,1,X,0.0,0.0,0.0,0.0,0.0,0.0,0.0,0.0,26,0.03403802005578621,43,36,7,0,0,0,0,0,0,0,0,1,0
1dwv,B,246,ASP,-3.5,111.1,-1.0,1,3,X,0.0,0.0,0.0,0.0,0.0,0.0,0.0,0.0,18,0.035436842797804825,46,23,23,0,0,0,0,0,0,0,0,1,0
1dwv,B,247,GLY,-0.4,60.1,0.0,0,0,X,0.0,0.0,0.0,0.0,0.0,0.0,0.0,0.0,27,0.04149840801321881,51,37,14,0,0,0,0,0,0,0,0,1,0
1dwv,B,248,LYS,-3.9,168.6,1.0,2,0,X,0.0,0.0,0.0,0.0,0.0,0.0,0.0,0.0,18,0.03450429430312575,32,31,1,0,0,0,0,0,0,0,0,1,0
1dwv,B,249,HIS,-3.2,153.2,0.1,2,1,X,0.0,0.0,0.0,0.0,0.0,0.0,0.0,0.0,22,0.03916703677652112,22,27,-5,0,0,0,0,0,0,0,0,1,0
1dwv,B,250,ASP,-3.5,111.1,-1.0,1,3,X,0.0,0.0,0.0,0.0,0.0,0.0,0.0,0.0,32,0.05175644145468863,52,24,28,0,0,0,0,0,0,0,0,1,0
1dwv,B,251,PHE,2.8,189.9,0.0,0,0,X,0.0,0.0,0.0,0.0,0.0,0.0,0.0,0.0,38,0.05129016720734909,37,21,16,0,0,0,0,0,0,0,0,1,0
1dwv,B,252,ARG,-4.5,173.4,1.0,5,0,X,0.0,0.0,0.0,0.0,0.0,0.0,0.0,0.0,41,0.04989134446533048,22,17,5,0,0,0,0,0,0,0,0,1,0
1dwv,B,253,LEU,3.8,166.7,0.0,0,0,X,0.0,0.0,0.0,0.0,0.0,0.0,0.0,0.0,39,0.0526889899493677,11,5,6,0,0,0,0,0,0,0,0,1,0
1dwv,B,254,TRP,-0.9,227.8,0.0,1,0,X,0.0,0.0,0.0,0.0,0.0,0.0,0.0,0.0,34,0.053155264196707235,25,19,6,0,0,0,0,0,0,0,0,1,0
1dwv,B,255,ASN,-3.5,114.1,0.0,2,2,X,0.0,0.0,0.0,0.0,0.0,0.0,0.0,0.0,35,0.04662742473395372,17,2,15,0,0,0,0,0,0,0,0,1,0
1dwv,B,256,SER,-0.8,89.0,0.0,1,1,X,0.0,0.0,0.0,0.0,0.0,0.0,0.0,0.0,32,0.03870076252918159,13,6,7,0,0,0,0,0,0,0,0,1,0
1dwv,B,257,GLN,-3.5,143.8,0.0,2,2,X,0.0,0.0,0.0,0.0,0.0,0.0,0.0,0.0,33,0.04103213376587927,15,6,9,0,0,0,0,0,0,0,0,1,1
1dwv,B,258,LEU,3.8,166.7,0.0,0,0,X,0.0,0.0,0.0,0.0,0.0,0.0,0.0,0.0,42,0.05035761871267001,20,0,20,0,0,0,0,0,0,0,0,1,0
1dwv,B,259,ILE,4.5,166.7,0.0,0,0,X,0.0,0.0,0.0,0.0,0.0,0.0,0.0,0.0,35,0.04755997322863279,10,10,0,0,0,0,0,0,0,0,0,1,0
1dwv,B,260,ARG,-4.5,173.4,1.0,5,0,X,0.0,0.0,0.0,0.0,0.0,0.0,0.0,0.0,37,0.05035761871267001,8,17,-9,0,0,0,0,0,0,0,0,1,0
1dwv,B,261,TYR,-1.3,193.6,0.0,1,1,X,0.0,0.0,0.0,0.0,0.0,0.0,0.0,0.0,38,0.05502036118606539,36,28,8,0,0,0,0,0,0,0,0,1,0
1dwv,B,262,ALA,1.8,88.6,0.0,0,0,X,0.0,0.0,0.0,0.0,0.0,0.0,0.0,0.0,36,0.05595290968074446,40,18,22,0,0,0,0,0,0,0,0,1,0
1dwv,B,263,GLY,-0.4,60.1,0.0,0,0,X,0.0,0.0,0.0,0.0,0.0,0.0,0.0,0.0,36,0.05129016720734909,25,21,4,0,0,0,0,0,0,0,0,1,0
1dwv,B,264,TYR,-1.3,193.6,0.0,1,1,X,0.0,0.0,0.0,0.0,0.0,0.0,0.0,0.0,32,0.04942507021799094,27,14,13,0,0,0,0,0,0,0,0,1,0
1dwv,B,265,GLN,-3.5,143.8,0.0,2,2,X,0.0,0.0,0.0,0.0,0.0,0.0,0.0,0.0,21,0.034970568550465285,13,11,2,0,0,0,0,0,0,0,0,1,0
1dwv,B,266,MET,1.9,162.9,0.0,0,0,X,0.0,0.0,0.0,0.0,0.0,0.0,0.0,0.0,14,0.0363693912924839,11,8,3,0,0,0,0,0,0,0,0,1,0
1dwv,B,267,PRO,-1.6,112.7,0.0,0,0,X,0.0,0.0,0.0,0.0,0.0,0.0,0.0,0.0,14,0.030774100324409453,13,9,4,0,0,0,0,0,0,0,0,1,0
1dwv,B,268,ASP,-3.5,111.1,-1.0,1,3,X,0.0,0.0,0.0,0.0,0.0,0.0,0.0,0.0,11,0.019117244140921023,8,0,8,0,0,0,0,0,0,0,0,1,0
1dwv,B,269,GLY,-0.4,60.1,0.0,0,0,X,0.0,0.0,0.0,0.0,0.0,0.0,0.0,0.0,12,0.02098234113027917,5,8,-3,0,0,0,0,0,0,0,0,1,0
1dwv,B,270,THR,-0.7,116.1,0.0,1,1,X,0.0,0.0,0.0,0.0,0.0,0.0,0.0,0.0,11,0.02611135785101408,10,8,2,0,0,0,0,0,0,0,0,1,0
1dwv,B,271,ILE,4.5,166.7,0.0,0,0,X,0.0,0.0,0.0,0.0,0.0,0.0,0.0,0.0,23,0.035436842797804825,19,15,4,0,0,0,0,0,0,0,0,1,0
1dwv,B,272,ARG,-4.5,173.4,1.0,5,0,X,0.0,0.0,0.0,0.0,0.0,0.0,0.0,0.0,22,0.04149840801321881,14,14,0,0,0,0,0,0,0,0,0,1,0
1dwv,B,273,GLY,-0.4,60.1,0.0,0,0,X,0.0,0.0,0.0,0.0,0.0,0.0,0.0,0.0,33,0.05035761871267001,37,18,19,0,0,0,0,0,0,0,0,1,0
1dwv,B,274,ASP,-3.5,111.1,-1.0,1,3,X,0.0,0.0,0.0,0.0,0.0,0.0,0.0,0.0,35,0.053155264196707235,36,17,19,0,0,0,0,0,0,0,0,1,0
1dwv,B,275,ALA,1.8,88.6,0.0,0,0,X,0.0,0.0,0.0,0.0,0.0,0.0,0.0,0.0,28,0.043829779249916496,24,20,4,0,0,0,0,0,0,0,0,1,0
1dwv,B,276,ALA,1.8,88.6,0.0,0,0,X,0.0,0.0,0.0,0.0,0.0,0.0,0.0,0.0,29,0.03450429430312575,23,25,-2,0,0,0,0,0,0,0,0,1,0
1dwv,B,277,THR,-0.7,116.1,0.0,1,1,X,0.0,0.0,0.0,0.0,0.0,0.0,0.0,0.0,37,0.04196468226055834,25,19,6,0,0,0,0,0,0,0,0,1,0
1dwv,B,278,LEU,3.8,166.7,0.0,0,0,X,0.0,0.0,0.0,0.0,0.0,0.0,0.0,0.0,24,0.04103213376587927,6,17,-11,0,0,0,0,0,0,0,0,1,0
1dwv,B,279,GLU,-3.5,138.4,-1.0,1,3,X,0.0,0.0,0.0,0.0,0.0,0.0,0.0,0.0,19,0.032172923066428064,5,10,-5,0,0,0,0,0,0,0,0,1,0
1dwv,B,280,PHE,2.8,189.9,0.0,0,0,X,0.0,0.0,0.0,0.0,0.0,0.0,0.0,0.0,31,0.03870076252918159,11,20,-9,0,0,0,0,0,0,0,0,1,0
1dwv,B,281,THR,-0.7,116.1,0.0,1,1,X,0.0,0.0,0.0,0.0,0.0,0.0,0.0,0.0,34,0.04989134446533048,10,25,-15,0,0,0,0,0,0,0,0,1,0
1dwv,B,282,GLN,-3.5,143.8,0.0,2,2,X,0.0,0.0,0.0,0.0,0.0,0.0,0.0,0.0,19,0.03590311704514436,0,25,-25,0,0,0,0,0,0,0,0,1,0
1dwv,B,283,LEU,3.8,166.7,0.0,0,0,X,0.0,0.0,0.0,0.0,0.0,0.0,0.0,0.0,23,0.04103213376587927,1,20,-19,0,0,0,0,0,0,0,0,1,0
1dwv,B,284,CYS,2.5,108.5,0.0,1,0,X,0.0,0.0,0.0,0.0,0.0,0.0,0.0,0.0,32,0.04755997322863279,7,17,-10,0,0,0,0,0,0,0,0,1,0
1dwv,B,285,ILE,4.5,166.7,0.0,0,0,X,0.0,0.0,0.0,0.0,0.0,0.0,0.0,0.0,23,0.04196468226055834,10,16,-6,0,0,0,0,0,0,0,0,1,0
1dwv,B,286,ASP,-3.5,111.1,-1.0,1,3,X,0.0,0.0,0.0,0.0,0.0,0.0,0.0,0.0,17,0.030307826077069916,1,2,-1,0,0,0,0,0,0,0,0,1,0
1dwv,B,287,LEU,3.8,166.7,0.0,0,0,X,0.0,0.0,0.0,0.0,0.0,0.0,0.0,0.0,22,0.02984155182973038,3,21,-18,0,0,0,0,0,0,0,0,1,0
1dwv,B,288,GLY,-0.4,60.1,0.0,0,0,X,0.0,0.0,0.0,0.0,0.0,0.0,0.0,0.0,17,0.027510180593032695,9,14,-5,0,0,0,0,0,0,0,0,1,0
1dwv,B,289,TRP,-0.9,227.8,0.0,1,0,X,0.0,0.0,0.0,0.0,0.0,0.0,0.0,0.0,27,0.03590311704514436,20,21,-1,0,0,0,0,0,0,0,0,1,0
1dwv,B,290,LYS,-3.9,168.6,1.0,2,0,X,0.0,0.0,0.0,0.0,0.0,0.0,0.0,0.0,19,0.029375277582390842,11,9,2,0,0,0,0,0,0,0,0,1,0
1dwv,B,291,PRO,-1.6,112.7,0.0,0,0,X,0.0,0.0,0.0,0.0,0.0,0.0,0.0,0.0,24,0.03823448828184205,20,13,7,0,0,0,0,0,0,0,0,1,0
1dwv,B,292,ARG,-4.5,173.4,1.0,5,0,X,0.0,0.0,0.0,0.0,0.0,0.0,0.0,0.0,21,0.032172923066428064,13,13,0,0,0,0,0,0,0,0,0,1,0
1dwv,B,293,TYR,-1.3,193.6,0.0,1,1,X,0.0,0.0,0.0,0.0,0.0,0.0,0.0,0.0,21,0.03823448828184205,28,13,15,0,0,0,0,0,0,0,0,1,0
1dwv,B,294,GLY,-0.4,60.1,0.0,0,0,X,0.0,0.0,0.0,0.0,0.0,0.0,0.0,0.0,26,0.0363693912924839,36,13,23,0,0,0,0,0,0,0,0,1,0
1dwv,B,295,ARG,-4.5,173.4,1.0,5,0,X,0.0,0.0,0.0,0.0,0.0,0.0,0.0,0.0,25,0.04149840801321881,21,14,7,0,0,0,0,0,0,0,0,1,0
1dwv,B,296,PHE,2.8,189.9,0.0,0,0,X,0.0,0.0,0.0,0.0,0.0,0.0,0.0,0.0,29,0.04755997322863279,36,22,14,0,0,0,0,0,0,0,0,1,0
1dwv,B,297,ASP,-3.5,111.1,-1.0,1,3,X,0.0,0.0,0.0,0.0,0.0,0.0,0.0,0.0,29,0.043363505002576956,40,13,27,0,0,0,0,0,0,0,0,1,0
1dwv,B,298,VAL,4.2,140.0,0.0,0,0,X,0.0,0.0,0.0,0.0,0.0,0.0,0.0,0.0,37,0.04709369898129325,25,23,2,0,0,0,0,0,0,0,0,1,0
1dwv,B,299,LEU,3.8,166.7,0.0,0,0,X,0.0,0.0,0.0,0.0,0.0,0.0,0.0,0.0,39,0.05222271570202816,23,23,0,0,0,0,0,0,0,0,0,1,0
1dwv,B,300,PRO,-1.6,112.7,0.0,0,0,X,0.0,0.0,0.0,0.0,0.0,0.0,0.0,0.0,37,0.045694876239274644,16,16,0,0,0,0,0,0,0,0,0,1,0
1dwv,B,301,LEU,3.8,166.7,0.0,0,0,X,0.0,0.0,0.0,0.0,0.0,0.0,0.0,0.0,35,0.048958795970651406,6,14,-8,0,0,0,0,0,0,0,0,1,0
1dwv,B,302,VAL,4.2,140.0,0.0,0,0,X,0.0,0.0,0.0,0.0,0.0,0.0,0.0,0.0,35,0.05035761871267001,5,14,-9,0,0,0,0,0,0,0,0,1,0
1dwv,B,303,LEU,3.8,166.7,0.0,0,0,X,0.0,0.0,0.0,0.0,0.0,0.0,0.0,0.0,38,0.05781800667010261,8,21,-13,0,0,0,0,0,0,0,0,1,0
1dwv,B,304,GLN,-3.5,143.8,0.0,2,2,X,0.0,0.0,0.0,0.0,0.0,0.0,0.0,0.0,35,0.05408781269138631,26,31,-5,0,0,0,0,0,0,0,0,1,0
1dwv,B,305,ALA,1.8,88.6,0.0,0,0,X,0.0,0.0,0.0,0.0,0.0,0.0,0.0,0.0,30,0.04989134446533048,21,38,-17,0,0,0,0,0,0,0,0,1,0
1dwv,B,306,ASP,-3.5,111.1,-1.0,1,3,X,0.0,0.0,0.0,0.0,0.0,0.0,0.0,0.0,23,0.03776821403450251,22,17,5,0,0,0,0,0,0,0,0,1,0
1dwv,B,307,GLY,-0.4,60.1,0.0,0,0,X,0.0,0.0,0.0,0.0,0.0,0.0,0.0,0.0,27,0.04103213376587927,36,29,7,0,0,0,0,0,0,0,0,1,0
1dwv,B,308,GLN,-3.5,143.8,0.0,2,2,X,0.0,0.0,0.0,0.0,0.0,0.0,0.0,0.0,22,0.03403802005578621,22,28,-6,0,0,0,0,0,0,0,0,1,0
1dwv,B,309,ASP,-3.5,111.1,-1.0,1,3,X,0.0,0.0,0.0,0.0,0.0,0.0,0.0,0.0,20,0.04243095650789788,12,15,-3,0,0,0,0,0,0,0,0,1,0
1dwv,B,310,PRO,-1.6,112.7,0.0,0,0,X,0.0,0.0,0.0,0.0,0.0,0.0,0.0,0.0,30,0.04662742473395372,14,20,-6,0,0,0,0,0,0,0,0,1,0
1dwv,B,311,GLU,-3.5,138.4,-1.0,1,3,X,0.0,0.0,0.0,0.0,0.0,0.0,0.0,0.0,21,0.03403802005578621,1,10,-9,0,0,0,0,0,0,0,0,1,0
1dwv,B,312,VAL,4.2,140.0,0.0,0,0,X,0.0,0.0,0.0,0.0,0.0,0.0,0.0,0.0,26,0.04149840801321881,1,23,-22,0,0,0,0,0,0,0,0,1,0
1dwv,B,313,PHE,2.8,189.9,0.0,0,0,X,0.0,0.0,0.0,0.0,0.0,0.0,0.0,0.0,25,0.03916703677652112,0,23,-23,0,0,0,0,0,0,0,0,1,0
1dwv,B,314,GLU,-3.5,138.4,-1.0,1,3,X,0.0,0.0,0.0,0.0,0.0,0.0,0.0,0.0,23,0.0363693912924839,12,5,7,0,0,0,0,0,0,0,0,1,0
1dwv,B,315,ILE,4.5,166.7,0.0,0,0,X,0.0,0.0,0.0,0.0,0.0,0.0,0.0,0.0,27,0.04196468226055834,8,16,-8,0,0,0,0,0,0,0,0,1,0
1dwv,B,316,PRO,-1.6,112.7,0.0,0,0,X,0.0,0.0,0.0,0.0,0.0,0.0,0.0,0.0,21,0.02797645484037223,2,17,-15,0,0,0,0,0,0,0,0,1,0
1dwv,B,317,PRO,-1.6,112.7,0.0,0,0,X,0.0,0.0,0.0,0.0,0.0,0.0,0.0,0.0,15,0.025178809356335007,4,23,-19,0,0,0,0,0,0,0,0,1,0
1dwv,B,318,ASP,-3.5,111.1,-1.0,1,3,X,0.0,0.0,0.0,0.0,0.0,0.0,0.0,0.0,11,0.01958351838826056,0,1,-1,0,0,0,0,0,0,0,0,1,0
1dwv,B,319,LEU,3.8,166.7,0.0,0,0,X,0.0,0.0,0.0,0.0,0.0,0.0,0.0,0.0,24,0.03450429430312575,10,12,-2,0,0,0,0,0,0,0,0,1,0
1dwv,B,320,VAL,4.2,140.0,0.0,0,0,X,0.0,0.0,0.0,0.0,0.0,0.0,0.0,0.0,27,0.03870076252918159,8,19,-11,0,0,0,0,0,0,0,0,1,0
1dwv,B,321,LEU,3.8,166.7,0.0,0,0,X,0.0,0.0,0.0,0.0,0.0,0.0,0.0,0.0,32,0.034970568550465285,6,14,-8,0,0,0,0,0,0,0,0,1,0
1dwv,B,322,GLU,-3.5,138.4,-1.0,1,3,X,0.0,0.0,0.0,0.0,0.0,0.0,0.0,0.0,24,0.03776821403450251,9,5,4,0,0,0,0,0,0,0,0,1,0
1dwv,B,323,VAL,4.2,140.0,0.0,0,0,X,0.0,0.0,0.0,0.0,0.0,0.0,0.0,0.0,31,0.04429605349725603,19,17,2,0,0,0,0,0,0,0,0,1,0
1dwv,B,324,THR,-0.7,116.1,0.0,1,1,X,0.0,0.0,0.0,0.0,0.0,0.0,0.0,0.0,28,0.03683566553982344,22,19,3,0,0,0,0,0,0,0,0,1,0
1dwv,B,325,MET,1.9,162.9,0.0,0,0,X,0.0,0.0,0.0,0.0,0.0,0.0,0.0,0.0,37,0.04942507021799094,27,18,9,0,0,0,0,0,0,0,0,1,0
1dwv,B,326,GLU,-3.5,138.4,-1.0,1,3,X,0.0,0.0,0.0,0.0,0.0,0.0,0.0,0.0,28,0.05035761871267001,36,13,23,0,0,0,0,0,0,0,0,1,0
1dwv,B,327,HIS,-3.2,153.2,0.1,2,1,X,0.0,0.0,0.0,0.0,0.0,0.0,0.0,0.0,26,0.05129016720734909,21,28,-7,0,0,0,0,0,0,0,0,1,0
1dwv,B,328,PRO,-1.6,112.7,0.0,0,0,X,0.0,0.0,0.0,0.0,0.0,0.0,0.0,0.0,20,0.03403802005578621,36,26,10,0,0,0,0,0,0,0,0,1,0
1dwv,B,329,LYS,-3.9,168.6,1.0,2,0,X,0.0,0.0,0.0,0.0,0.0,0.0,0.0,0.0,12,0.025645083603674543,17,18,-1,0,0,0,0,0,0,0,0,1,0
1dwv,B,330,TYR,-1.3,193.6,0.0,1,1,X,0.0,0.0,0.0,0.0,0.0,0.0,0.0,0.0,21,0.03403802005578621,28,22,6,0,0,0,0,0,0,0,0,1,0
1dwv,B,331,GLU,-3.5,138.4,-1.0,1,3,X,0.0,0.0,0.0,0.0,0.0,0.0,0.0,0.0,14,0.03357174580844668,23,17,6,0,0,0,0,0,0,0,0,1,0
1dwv,B,332,TRP,-0.9,227.8,0.0,1,0,X,0.0,0.0,0.0,0.0,0.0,0.0,0.0,0.0,23,0.035436842797804825,31,34,-3,0,0,0,0,0,0,0,0,1,0
1dwv,B,333,PHE,2.8,189.9,0.0,0,0,X,0.0,0.0,0.0,0.0,0.0,0.0,0.0,0.0,31,0.048958795970651406,31,41,-10,0,0,0,0,0,0,0,0,1,0
1dwv,B,334,GLN,-3.5,143.8,0.0,2,2,X,0.0,0.0,0.0,0.0,0.0,0.0,0.0,0.0,21,0.04289723075523742,16,27,-11,0,0,0,0,0,0,0,0,1,0
1dwv,B,335,GLU,-3.5,138.4,-1.0,1,3,X,0.0,0.0,0.0,0.0,0.0,0.0,0.0,0.0,14,0.026577632098353617,12,13,-1,0,0,0,0,0,0,0,0,1,0
1dwv,B,336,LEU,3.8,166.7,0.0,0,0,X,0.0,0.0,0.0,0.0,0.0,0.0,0.0,0.0,22,0.03403802005578621,20,25,-5,0,0,0,0,0,0,0,0,1,0
1dwv,B,337,GLY,-0.4,60.1,0.0,0,0,X,0.0,0.0,0.0,0.0,0.0,0.0,0.0,0.0,20,0.03124037457174899,24,11,13,0,0,0,0,0,0,0,0,1,0
1dwv,B,338,LEU,3.8,166.7,0.0,0,0,X,0.0,0.0,0.0,0.0,0.0,0.0,0.0,0.0,29,0.03963331102386066,20,14,6,0,0,0,0,0,0,0,0,1,0
1dwv,B,339,LYS,-3.9,168.6,1.0,2,0,X,0.0,0.0,0.0,0.0,0.0,0.0,0.0,0.0,27,0.04289723075523742,11,14,-3,0,0,0,0,0,0,0,0,1,0
1dwv,B,340,TRP,-0.9,227.8,0.0,1,0,X,0.0,0.0,0.0,0.0,0.0,0.0,0.0,0.0,35,0.053621538444046775,28,29,-1,0,0,0,0,0,0,0,0,1,0
1dwv,B,341,TYR,-1.3,193.6,0.0,1,1,X,0.0,0.0,0.0,0.0,0.0,0.0,0.0,0.0,35,0.05175644145468863,23,23,0,0,0,0,0,0,0,0,0,1,1
1dwv,B,342,ALA,1.8,88.6,0.0,0,0,X,0.0,0.0,0.0,0.0,0.0,0.0,0.0,0.0,40,0.053621538444046775,3,11,-8,0,0,0,0,0,0,0,0,1,0
1dwv,B,343,LEU,3.8,166.7,0.0,0,0,X,0.0,0.0,0.0,0.0,0.0,0.0,0.0,0.0,41,0.05129016720734909,16,6,10,0,0,0,0,0,0,0,0,1,0
1dwv,B,344,PRO,-1.6,112.7,0.0,0,0,X,0.0,0.0,0.0,0.0,0.0,0.0,0.0,0.0,35,0.04616115048661418,11,9,2,0,0,0,0,0,0,0,0,1,1
1dwv,B,345,ALA,1.8,88.6,0.0,0,0,X,0.0,0.0,0.0,0.0,0.0,0.0,0.0,0.0,36,0.04709369898129325,17,2,15,0,0,0,0,0,0,0,0,1,0
1dwv,B,346,VAL,4.2,140.0,0.0,0,0,X,0.0,0.0,0.0,0.0,0.0,0.0,0.0,0.0,31,0.040565859518539735,7,1,6,0,0,0,0,0,0,0,0,1,1
1dwv,B,347,ALA,1.8,88.6,0.0,0,0,X,0.0,0.0,0.0,0.0,0.0,0.0,0.0,0.0,39,0.04709369898129325,18,0,18,0,0,0,0,0,0,0,0,1,0
1dwv,B,348,ASN,-3.5,114.1,0.0,2,2,X,0.0,0.0,0.0,0.0,0.0,0.0,0.0,0.0,33,0.04989134446533048,13,8,5,0,0,0,0,0,0,0,0,1,0
1dwv,B,349,MET,1.9,162.9,0.0,0,0,X,0.0,0.0,0.0,0.0,0.0,0.0,0.0,0.0,31,0.04989134446533048,11,3,8,0,0,0,0,0,0,0,0,1,0
1dwv,B,350,LEU,3.8,166.7,0.0,0,0,X,0.0,0.0,0.0,0.0,0.0,0.0,0.0,0.0,39,0.05502036118606539,29,21,8,0,0,0,0,0,0,0,0,1,0
1dwv,B,351,LEU,3.8,166.7,0.0,0,0,X,0.0,0.0,0.0,0.0,0.0,0.0,0.0,0.0,39,0.05548663543340492,10,18,-8,0,0,0,0,0,0,0,0,1,0
1dwv,B,352,GLU,-3.5,138.4,-1.0,1,3,X,0.0,0.0,0.0,0.0,0.0,0.0,0.0,0.0,39,0.05408781269138631,23,10,13,0,0,0,0,0,0,0,0,1,0
1dwv,B,353,VAL,4.2,140.0,0.0,0,0,X,0.0,0.0,0.0,0.0,0.0,0.0,0.0,0.0,39,0.04709369898129325,15,29,-14,0,0,0,0,0,0,0,0,1,0
1dwv,B,354,GLY,-0.4,60.1,0.0,0,0,X,0.0,0.0,0.0,0.0,0.0,0.0,0.0,0.0,35,0.05035761871267001,13,37,-24,0,0,0,0,0,0,0,0,1,0
1dwv,B,355,GLY,-0.4,60.1,0.0,0,0,X,0.0,0.0,0.0,0.0,0.0,0.0,0.0,0.0,36,0.04429605349725603,30,33,-3,0,0,0,0,0,0,0,0,1,0
1dwv,B,356,LEU,3.8,166.7,0.0,0,0,X,0.0,0.0,0.0,0.0,0.0,0.0,0.0,0.0,38,0.04709369898129325,29,21,8,0,0,0,0,0,0,0,0,1,0
1dwv,B,357,GLU,-3.5,138.4,-1.0,1,3,X,0.0,0.0,0.0,0.0,0.0,0.0,0.0,0.0,39,0.050823892960009553,34,19,15,0,0,0,0,0,0,0,0,1,0
1dwv,B,358,PHE,2.8,189.9,0.0,0,0,X,0.0,0.0,0.0,0.0,0.0,0.0,0.0,0.0,42,0.05222271570202816,25,22,3,0,0,0,0,0,0,0,0,1,0
1dwv,B,359,PRO,-1.6,112.7,0.0,0,0,X,0.0,0.0,0.0,0.0,0.0,0.0,0.0,0.0,39,0.05175644145468863,35,21,14,0,0,0,0,0,0,0,0,1,0
1dwv,B,360,ALA,1.8,88.6,0.0,0,0,X,0.0,0.0,0.0,0.0,0.0,0.0,0.0,0.0,40,0.05502036118606539,22,15,7,0,0,0,0,0,0,0,0,1,0
1dwv,B,361,CYS,2.5,108.5,0.0,1,0,X,0.0,0.0,0.0,0.0,0.0,0.0,0.0,0.0,42,0.05455408693872585,14,5,9,0,0,0,0,0,0,0,0,1,0
1dwv,B,362,PRO,-1.6,112.7,0.0,0,0,X,0.0,0.0,0.0,0.0,0.0,0.0,0.0,0.0,45,0.04989134446533048,18,0,18,0,0,0,0,0,0,0,0,1,0
1dwv,B,363,PHE,2.8,189.9,0.0,0,0,X,0.0,0.0,0.0,0.0,0.0,0.0,0.0,0.0,36,0.045228601991935104,7,0,7,0,0,0,0,0,0,0,0,1,1
1dwv,B,364,ASN,-3.5,114.1,0.0,2,2,X,0.0,0.0,0.0,0.0,0.0,0.0,0.0,0.0,34,0.04289723075523742,16,0,16,0,0,0,0,0,0,0,0,1,1
1dwv,B,365,GLY,-0.4,60.1,0.0,0,0,X,0.0,0.0,0.0,0.0,0.0,0.0,0.0,0.0,34,0.04196468226055834,12,3,9,0,0,0,0,0,0,0,0,1,1
1dwv,B,366,TRP,-0.9,227.8,0.0,1,0,X,0.0,0.0,0.0,0.0,0.0,0.0,0.0,0.0,32,0.045694876239274644,7,5,2,0,0,0,0,0,0,0,0,1,1
1dwv,B,367,TYR,-1.3,193.6,0.0,1,1,X,0.0,0.0,0.0,0.0,0.0,0.0,0.0,0.0,31,0.045228601991935104,0,15,-15,0,0,0,0,0,0,0,0,1,1
1dwv,B,368,MET,1.9,162.9,0.0,0,0,X,0.0,0.0,0.0,0.0,0.0,0.0,0.0,0.0,36,0.04149840801321881,19,18,1,0,0,0,0,0,0,0,0,1,1
1dwv,B,369,GLY,-0.4,60.1,0.0,0,0,X,0.0,0.0,0.0,0.0,0.0,0.0,0.0,0.0,36,0.05222271570202816,19,23,-4,0,0,0,0,0,0,0,0,1,0
1dwv,B,370,THR,-0.7,116.1,0.0,1,1,X,0.0,0.0,0.0,0.0,0.0,0.0,0.0,0.0,34,0.04755997322863279,25,24,1,0,0,0,0,0,0,0,0,1,0
1dwv,B,371,GLU,-3.5,138.4,-1.0,1,3,X,0.0,0.0,0.0,0.0,0.0,0.0,0.0,0.0,32,0.04103213376587927,19,11,8,0,0,0,0,0,0,0,0,1,1
1dwv,B,372,ILE,4.5,166.7,0.0,0,0,X,0.0,0.0,0.0,0.0,0.0,0.0,0.0,0.0,39,0.04989134446533048,18,19,-1,0,0,0,0,0,0,0,0,1,0
1dwv,B,373,GLY,-0.4,60.1,0.0,0,0,X,0.0,0.0,0.0,0.0,0.0,0.0,0.0,0.0,38,0.05129016720734909,19,27,-8,0,0,0,0,0,0,0,0,1,0
1dwv,B,374,VAL,4.2,140.0,0.0,0,0,X,0.0,0.0,0.0,0.0,0.0,0.0,0.0,0.0,31,0.04989134446533048,22,25,-3,0,0,0,0,0,0,0,0,1,0
1dwv,B,375,ARG,-4.5,173.4,1.0,5,0,X,0.0,0.0,0.0,0.0,0.0,0.0,0.0,0.0,29,0.04289723075523742,11,26,-15,0,0,0,0,0,0,0,0,1,1
1dwv,B,376,ASP,-3.5,111.1,-1.0,1,3,X,0.0,0.0,0.0,0.0,0.0,0.0,0.0,0.0,35,0.05129016720734909,30,25,5,0,0,0,0,0,0,0,0,1,1
1dwv,B,377,PHE,2.8,189.9,0.0,0,0,X,0.0,0.0,0.0,0.0,0.0,0.0,0.0,0.0,39,0.0526889899493677,25,28,-3,0,0,0,0,0,0,0,0,1,0
1dwv,B,378,CYS,2.5,108.5,0.0,1,0,X,0.0,0.0,0.0,0.0,0.0,0.0,0.0,0.0,30,0.048492521723311866,30,25,5,0,0,0,0,0,0,0,0,1,0
1dwv,B,379,ASP,-3.5,111.1,-1.0,1,3,X,0.0,0.0,0.0,0.0,0.0,0.0,0.0,0.0,23,0.03963331102386066,23,14,9,0,0,0,0,0,0,0,0,1,0
1dwv,B,380,THR,-0.7,116.1,0.0,1,1,X,0.0,0.0,0.0,0.0,0.0,0.0,0.0,0.0,17,0.02611135785101408,18,13,5,0,0,0,0,0,0,0,0,1,0
1dwv,B,381,GLN,-3.5,143.8,0.0,2,2,X,0.0,0.0,0.0,0.0,0.0,0.0,0.0,0.0,20,0.02797645484037223,23,21,2,0,0,0,0,0,0,0,0,1,0
1dwv,B,382,ARG,-4.5,173.4,1.0,5,0,X,0.0,0.0,0.0,0.0,0.0,0.0,0.0,0.0,31,0.045694876239274644,20,26,-6,0,0,0,0,0,0,0,0,1,0
1dwv,B,383,TYR,-1.3,193.6,0.0,1,1,X,0.0,0.0,0.0,0.0,0.0,0.0,0.0,0.0,36,0.04616115048661418,40,25,15,0,0,0,0,0,0,0,0,1,0
1dwv,B,384,ASN,-3.5,114.1,0.0,2,2,X,0.0,0.0,0.0,0.0,0.0,0.0,0.0,0.0,23,0.03590311704514436,13,27,-14,0,0,0,0,0,0,0,0,1,0
1dwv,B,385,ILE,4.5,166.7,0.0,0,0,X,0.0,0.0,0.0,0.0,0.0,0.0,0.0,0.0,29,0.03823448828184205,13,27,-14,0,0,0,0,0,0,0,0,1,0
1dwv,B,386,LEU,3.8,166.7,0.0,0,0,X,0.0,0.0,0.0,0.0,0.0,0.0,0.0,0.0,34,0.043829779249916496,22,29,-7,0,0,0,0,0,0,0,0,1,0
1dwv,B,387,GLU,-3.5,138.4,-1.0,1,3,X,0.0,0.0,0.0,0.0,0.0,0.0,0.0,0.0,19,0.03776821403450251,32,11,21,0,0,0,0,0,0,0,0,1,0
1dwv,B,388,GLU,-3.5,138.4,-1.0,1,3,X,0.0,0.0,0.0,0.0,0.0,0.0,0.0,0.0,22,0.03450429430312575,23,11,12,0,0,0,0,0,0,0,0,1,0
1dwv,B,389,VAL,4.2,140.0,0.0,0,0,X,0.0,0.0,0.0,0.0,0.0,0.0,0.0,0.0,31,0.04616115048661418,34,26,8,0,0,0,0,0,0,0,0,1,0
1dwv,B,390,GLY,-0.4,60.1,0.0,0,0,X,0.0,0.0,0.0,0.0,0.0,0.0,0.0,0.0,27,0.0526889899493677,39,28,11,0,0,0,0,0,0,0,0,1,0
1dwv,B,391,ARG,-4.5,173.4,1.0,5,0,X,0.0,0.0,0.0,0.0,0.0,0.0,0.0,0.0,16,0.03963331102386066,18,23,-5,0,0,0,0,0,0,0,0,1,0
1dwv,B,392,ARG,-4.5,173.4,1.0,5,0,X,0.0,0.0,0.0,0.0,0.0,0.0,0.0,0.0,18,0.03590311704514436,8,27,-19,0,0,0,0,0,0,0,0,1,0
1dwv,B,393,MET,1.9,162.9,0.0,0,0,X,0.0,0.0,0.0,0.0,0.0,0.0,0.0,0.0,26,0.032172923066428064,34,20,14,0,0,0,0,0,0,0,0,1,0
1dwv,B,394,GLY,-0.4,60.1,0.0,0,0,X,0.0,0.0,0.0,0.0,0.0,0.0,0.0,0.0,17,0.022381163872297785,25,13,12,0,0,0,0,0,0,0,0,1,0
1dwv,B,395,LEU,3.8,166.7,0.0,0,0,X,0.0,0.0,0.0,0.0,0.0,0.0,0.0,0.0,24,0.03590311704514436,39,20,19,0,0,0,0,0,0,0,0,1,0
1dwv,B,396,GLU,-3.5,138.4,-1.0,1,3,X,0.0,0.0,0.0,0.0,0.0,0.0,0.0,0.0,15,0.032639197313767604,23,0,23,0,0,0,0,0,0,0,0,1,0
1dwv,B,397,THR,-0.7,116.1,0.0,1,1,X,0.0,0.0,0.0,0.0,0.0,0.0,0.0,0.0,20,0.04103213376587927,32,22,10,0,0,0,0,0,0,0,0,1,0
1dwv,B,398,HIS,-3.2,153.2,0.1,2,1,X,0.0,0.0,0.0,0.0,0.0,0.0,0.0,0.0,12,0.02611135785101408,10,17,-7,0,0,0,0,0,0,0,0,1,0
1dwv,B,399,THR,-0.7,116.1,0.0,1,1,X,0.0,0.0,0.0,0.0,0.0,0.0,0.0,0.0,10,0.02797645484037223,17,9,8,0,0,0,0,0,0,0,0,1,0
1dwv,B,400,LEU,3.8,166.7,0.0,0,0,X,0.0,0.0,0.0,0.0,0.0,0.0,0.0,0.0,11,0.030307826077069916,15,15,0,0,0,0,0,0,0,0,0,1,0
1dwv,B,401,ALA,1.8,88.6,0.0,0,0,X,0.0,0.0,0.0,0.0,0.0,0.0,0.0,0.0,11,0.020516066882939634,12,14,-2,0,0,0,0,0,0,0,0,1,0
1dwv,B,402,SER,-0.8,89.0,0.0,1,1,X,0.0,0.0,0.0,0.0,0.0,0.0,0.0,0.0,14,0.02984155182973038,23,17,6,0,0,0,0,0,0,0,0,1,0
1dwv,B,403,LEU,3.8,166.7,0.0,0,0,X,0.0,0.0,0.0,0.0,0.0,0.0,0.0,0.0,15,0.03403802005578621,20,17,3,0,0,0,0,0,0,0,0,1,0
1dwv,B,404,TRP,-0.9,227.8,0.0,1,0,X,0.0,0.0,0.0,0.0,0.0,0.0,0.0,0.0,26,0.048958795970651406,37,30,7,0,0,0,0,0,0,0,0,1,0
1dwv,B,405,LYS,-3.9,168.6,1.0,2,0,X,0.0,0.0,0.0,0.0,0.0,0.0,0.0,0.0,28,0.03776821403450251,11,19,-8,0,0,0,0,0,0,0,0,1,0
1dwv,B,406,ASP,-3.5,111.1,-1.0,1,3,X,0.0,0.0,0.0,0.0,0.0,0.0,0.0,0.0,20,0.030774100324409453,20,5,15,0,0,0,0,0,0,0,0,1,0
1dwv,B,407,ARG,-4.5,173.4,1.0,5,0,X,0.0,0.0,0.0,0.0,0.0,0.0,0.0,0.0,21,0.0363693912924839,6,24,-18,0,0,0,0,0,0,0,0,1,0
1dwv,B,408,ALA,1.8,88.6,0.0,0,0,X,0.0,0.0,0.0,0.0,0.0,0.0,0.0,0.0,34,0.04755997322863279,28,26,2,0,0,0,0,0,0,0,0,1,0
1dwv,B,409,VAL,4.2,140.0,0.0,0,0,X,0.0,0.0,0.0,0.0,0.0,0.0,0.0,0.0,35,0.04289723075523742,22,19,3,0,0,0,0,0,0,0,0,1,0
1dwv,B,410,THR,-0.7,116.1,0.0,1,1,X,0.0,0.0,0.0,0.0,0.0,0.0,0.0,0.0,29,0.0363693912924839,26,17,9,0,0,0,0,0,0,0,0,1,0
1dwv,B,411,GLU,-3.5,138.4,-1.0,1,3,X,0.0,0.0,0.0,0.0,0.0,0.0,0.0,0.0,28,0.04289723075523742,27,6,21,0,0,0,0,0,0,0,0,1,0
1dwv,B,412,ILE,4.5,166.7,0.0,0,0,X,0.0,0.0,0.0,0.0,0.0,0.0,0.0,0.0,41,0.04989134446533048,18,18,0,0,0,0,0,0,0,0,0,1,0
1dwv,B,413,ASN,-3.5,114.1,0.0,2,2,X,0.0,0.0,0.0,0.0,0.0,0.0,0.0,0.0,40,0.04709369898129325,23,22,1,0,0,0,0,0,0,0,0,1,0
1dwv,B,414,VAL,4.2,140.0,0.0,0,0,X,0.0,0.0,0.0,0.0,0.0,0.0,0.0,0.0,27,0.03776821403450251,29,16,13,0,0,0,0,0,0,0,0,1,0
1dwv,B,415,ALA,1.8,88.6,0.0,0,0,X,0.0,0.0,0.0,0.0,0.0,0.0,0.0,0.0,34,0.04942507021799094,28,18,10,0,0,0,0,0,0,0,0,1,0
1dwv,B,416,VAL,4.2,140.0,0.0,0,0,X,0.0,0.0,0.0,0.0,0.0,0.0,0.0,0.0,42,0.0526889899493677,25,20,5,0,0,0,0,0,0,0,0,1,0
1dwv,B,417,LEU,3.8,166.7,0.0,0,0,X,0.0,0.0,0.0,0.0,0.0,0.0,0.0,0.0,34,0.04476232774459557,22,15,7,0,0,0,0,0,0,0,0,1,0
1dwv,B,418,HIS,-3.2,153.2,0.1,2,1,X,0.0,0.0,0.0,0.0,0.0,0.0,0.0,0.0,25,0.040565859518539735,26,12,14,0,0,0,0,0,0,0,0,1,0
1dwv,B,419,SER,-0.8,89.0,0.0,1,1,X,0.0,0.0,0.0,0.0,0.0,0.0,0.0,0.0,30,0.05129016720734909,31,12,19,0,0,0,0,0,0,0,0,1,0
1dwv,B,420,PHE,2.8,189.9,0.0,0,0,X,0.0,0.0,0.0,0.0,0.0,0.0,0.0,0.0,39,0.04755997322863279,18,9,9,0,0,0,0,0,0,0,0,1,0
1dwv,B,421,GLN,-3.5,143.8,0.0,2,2,X,0.0,0.0,0.0,0.0,0.0,0.0,0.0,0.0,19,0.040099585271200194,18,2,16,0,0,0,0,0,0,0,0,1,0
1dwv,B,422,LYS,-3.9,168.6,1.0,2,0,X,0.0,0.0,0.0,0.0,0.0,0.0,0.0,0.0,18,0.03170664881908853,14,9,5,0,0,0,0,0,0,0,0,1,0
1dwv,B,423,GLN,-3.5,143.8,0.0,2,2,X,0.0,0.0,0.0,0.0,0.0,0.0,0.0,0.0,22,0.030774100324409453,19,14,5,0,0,0,0,0,0,0,0,1,0
1dwv,B,424,ASN,-3.5,114.1,0.0,2,2,X,0.0,0.0,0.0,0.0,0.0,0.0,0.0,0.0,19,0.030307826077069916,9,0,9,0,0,0,0,0,0,0,0,1,0
1dwv,B,425,VAL,4.2,140.0,0.0,0,0,X,0.0,0.0,0.0,0.0,0.0,0.0,0.0,0.0,33,0.043363505002576956,11,4,7,0,0,0,0,0,0,0,0,1,0
1dwv,B,426,THR,-0.7,116.1,0.0,1,1,X,0.0,0.0,0.0,0.0,0.0,0.0,0.0,0.0,34,0.040565859518539735,7,1,6,0,0,0,0,0,0,0,0,1,0
1dwv,B,427,ILE,4.5,166.7,0.0,0,0,X,0.0,0.0,0.0,0.0,0.0,0.0,0.0,0.0,36,0.04289723075523742,8,13,-5,0,0,0,0,0,0,0,0,1,0
1dwv,B,428,MET,1.9,162.9,0.0,0,0,X,0.0,0.0,0.0,0.0,0.0,0.0,0.0,0.0,27,0.03683566553982344,16,14,2,0,0,0,0,0,0,0,0,1,0
1dwv,B,429,ASP,-3.5,111.1,-1.0,1,3,X,0.0,0.0,0.0,0.0,0.0,0.0,0.0,0.0,26,0.03823448828184205,21,8,13,0,0,0,0,0,0,0,0,1,0
1dwv,B,430,HIS,-3.2,153.2,0.1,2,1,X,0.0,0.0,0.0,0.0,0.0,0.0,0.0,0.0,30,0.04429605349725603,10,18,-8,0,0,0,0,0,0,0,0,1,0
1dwv,B,431,HIS,-3.2,153.2,0.1,2,1,X,0.0,0.0,0.0,0.0,0.0,0.0,0.0,0.0,24,0.03823448828184205,10,16,-6,0,0,0,0,0,0,0,0,1,0
1dwv,B,432,THR,-0.7,116.1,0.0,1,1,X,0.0,0.0,0.0,0.0,0.0,0.0,0.0,0.0,23,0.032639197313767604,21,17,4,0,0,0,0,0,0,0,0,1,0
1dwv,B,433,ALA,1.8,88.6,0.0,0,0,X,0.0,0.0,0.0,0.0,0.0,0.0,0.0,0.0,30,0.04103213376587927,28,17,11,0,0,0,0,0,0,0,0,1,0
1dwv,B,434,SER,-0.8,89.0,0.0,1,1,X,0.0,0.0,0.0,0.0,0.0,0.0,0.0,0.0,34,0.04989134446533048,29,17,12,0,0,0,0,0,0,0,0,1,0
1dwv,B,435,GLU,-3.5,138.4,-1.0,1,3,X,0.0,0.0,0.0,0.0,0.0,0.0,0.0,0.0,18,0.0363693912924839,25,5,20,0,0,0,0,0,0,0,0,1,0
1dwv,B,436,SER,-0.8,89.0,0.0,1,1,X,0.0,0.0,0.0,0.0,0.0,0.0,0.0,0.0,25,0.03823448828184205,32,11,21,0,0,0,0,0,0,0,0,1,0
1dwv,B,437,PHE,2.8,189.9,0.0,0,0,X,0.0,0.0,0.0,0.0,0.0,0.0,0.0,0.0,42,0.04942507021799094,35,17,18,0,0,0,0,0,0,0,0,1,0
1dwv,B,438,MET,1.9,162.9,0.0,0,0,X,0.0,0.0,0.0,0.0,0.0,0.0,0.0,0.0,33,0.04149840801321881,28,17,11,0,0,0,0,0,0,0,0,1,0
1dwv,B,439,LYS,-3.9,168.6,1.0,2,0,X,0.0,0.0,0.0,0.0,0.0,0.0,0.0,0.0,17,0.035436842797804825,15,16,-1,0,0,0,0,0,0,0,0,1,0
1dwv,B,440,HIS,-3.2,153.2,0.1,2,1,X,0.0,0.0,0.0,0.0,0.0,0.0,0.0,0.0,33,0.04616115048661418,38,12,26,0,0,0,0,0,0,0,0,1,0
1dwv,B,441,MET,1.9,162.9,0.0,0,0,X,0.0,0.0,0.0,0.0,0.0,0.0,0.0,0.0,38,0.048492521723311866,37,22,15,0,0,0,0,0,0,0,0,1,0
1dwv,B,442,GLN,-3.5,143.8,0.0,2,2,X,0.0,0.0,0.0,0.0,0.0,0.0,0.0,0.0,20,0.04103213376587927,31,15,16,0,0,0,0,0,0,0,0,1,0
1dwv,B,443,ASN,-3.5,114.1,0.0,2,2,X,0.0,0.0,0.0,0.0,0.0,0.0,0.0,0.0,22,0.03683566553982344,44,11,33,0,0,0,0,0,0,0,0,1,0
1dwv,B,444,GLU,-3.5,138.4,-1.0,1,3,X,0.0,0.0,0.0,0.0,0.0,0.0,0.0,0.0,27,0.04662742473395372,54,2,52,0,0,0,0,0,0,0,0,1,0
1dwv,B,445,TYR,-1.3,193.6,0.0,1,1,X,0.0,0.0,0.0,0.0,0.0,0.0,0.0,0.0,35,0.04429605349725603,43,22,21,0,0,0,0,0,0,0,0,1,0
1dwv,B,446,ARG,-4.5,173.4,1.0,5,0,X,0.0,0.0,0.0,0.0,0.0,0.0,0.0,0.0,13,0.02984155182973038,11,8,3,0,0,0,0,0,0,0,0,1,0
1dwv,B,447,ALA,1.8,88.6,0.0,0,0,X,0.0,0.0,0.0,0.0,0.0,0.0,0.0,0.0,17,0.027043906345693154,34,9,25,0,0,0,0,0,0,0,0,1,0
1dwv,B,448,ARG,-4.5,173.4,1.0,5,0,X,0.0,0.0,0.0,0.0,0.0,0.0,0.0,0.0,28,0.03124037457174899,32,15,17,0,0,0,0,0,0,0,0,1,0
1dwv,B,449,GLY,-0.4,60.1,0.0,0,0,X,0.0,0.0,0.0,0.0,0.0,0.0,0.0,0.0,28,0.03823448828184205,50,17,33,0,0,0,0,0,0,0,0,1,0
1dwv,B,450,GLY,-0.4,60.1,0.0,0,0,X,0.0,0.0,0.0,0.0,0.0,0.0,0.0,0.0,31,0.05129016720734909,54,17,37,0,0,0,0,0,0,0,0,1,0
1dwv,B,451,CYS,2.5,108.5,0.0,1,0,X,0.0,0.0,0.0,0.0,0.0,0.0,0.0,0.0,41,0.05455408693872585,51,22,29,0,0,0,0,0,0,0,0,1,0
1dwv,B,452,PRO,-1.6,112.7,0.0,0,0,X,0.0,0.0,0.0,0.0,0.0,0.0,0.0,0.0,38,0.053621538444046775,40,21,19,0,0,0,0,0,0,0,0,1,0
1dwv,B,453,ALA,1.8,88.6,0.0,0,0,X,0.0,0.0,0.0,0.0,0.0,0.0,0.0,0.0,37,0.050823892960009553,19,18,1,0,0,0,0,0,0,0,0,1,0
1dwv,B,454,ASP,-3.5,111.1,-1.0,1,3,X,0.0,0.0,0.0,0.0,0.0,0.0,0.0,0.0,33,0.04755997322863279,15,1,14,0,0,0,0,0,0,0,0,1,0
1dwv,B,455,TRP,-0.9,227.8,0.0,1,0,X,0.0,0.0,0.0,0.0,0.0,0.0,0.0,0.0,23,0.04243095650789788,6,14,-8,0,0,0,0,0,0,0,0,1,0
1dwv,B,456,ILE,4.5,166.7,0.0,0,0,X,0.0,0.0,0.0,0.0,0.0,0.0,0.0,0.0,21,0.03403802005578621,12,8,4,0,0,0,0,0,0,0,0,1,1
1dwv,B,457,TRP,-0.9,227.8,0.0,1,0,X,0.0,0.0,0.0,0.0,0.0,0.0,0.0,0.0,27,0.03776821403450251,18,11,7,0,0,0,0,0,0,0,0,1,1
1dwv,B,458,LEU,3.8,166.7,0.0,0,0,X,0.0,0.0,0.0,0.0,0.0,0.0,0.0,0.0,31,0.04942507021799094,17,8,9,0,0,0,0,0,0,0,0,1,0
1dwv,B,459,VAL,4.2,140.0,0.0,0,0,X,0.0,0.0,0.0,0.0,0.0,0.0,0.0,0.0,29,0.04616115048661418,13,8,5,0,0,0,0,0,0,0,0,1,0
1dwv,B,460,PRO,-1.6,112.7,0.0,0,0,X,0.0,0.0,0.0,0.0,0.0,0.0,0.0,0.0,31,0.040565859518539735,25,8,17,0,0,0,0,0,0,0,0,1,0
1dwv,B,461,PRO,-1.6,112.7,0.0,0,0,X,0.0,0.0,0.0,0.0,0.0,0.0,0.0,0.0,27,0.030307826077069916,21,12,9,0,0,0,0,0,0,0,0,1,0
1dwv,B,462,VAL,4.2,140.0,0.0,0,0,X,0.0,0.0,0.0,0.0,0.0,0.0,0.0,0.0,27,0.02797645484037223,25,10,15,0,0,0,0,0,0,0,0,1,0
1dwv,B,463,SER,-0.8,89.0,0.0,1,1,X,0.0,0.0,0.0,0.0,0.0,0.0,0.0,0.0,22,0.02984155182973038,20,7,13,0,0,0,0,0,0,0,0,1,0
1dwv,B,464,GLY,-0.4,60.1,0.0,0,0,X,0.0,0.0,0.0,0.0,0.0,0.0,0.0,0.0,19,0.03916703677652112,26,0,26,0,0,0,0,0,0,0,0,1,0
1dwv,B,465,SER,-0.8,89.0,0.0,1,1,X,0.0,0.0,0.0,0.0,0.0,0.0,0.0,0.0,17,0.03124037457174899,15,0,15,0,0,0,0,0,0,0,0,1,0
1dwv,B,466,ILE,4.5,166.7,0.0,0,0,X,0.0,0.0,0.0,0.0,0.0,0.0,0.0,0.0,15,0.027510180593032695,26,2,24,0,0,0,0,0,0,0,0,1,0
1dwv,B,467,THR,-0.7,116.1,0.0,1,1,X,0.0,0.0,0.0,0.0,0.0,0.0,0.0,0.0,29,0.04755997322863279,30,11,19,0,0,0,0,0,0,0,0,1,0
1dwv,B,468,PRO,-1.6,112.7,0.0,0,0,X,0.0,0.0,0.0,0.0,0.0,0.0,0.0,0.0,31,0.03823448828184205,23,10,13,0,0,0,0,0,0,0,0,1,0
1dwv,B,469,VAL,4.2,140.0,0.0,0,0,X,0.0,0.0,0.0,0.0,0.0,0.0,0.0,0.0,34,0.0526889899493677,18,15,3,0,0,0,0,0,0,0,0,1,0
1dwv,B,470,PHE,2.8,189.9,0.0,0,0,X,0.0,0.0,0.0,0.0,0.0,0.0,0.0,0.0,23,0.045694876239274644,11,5,6,0,0,0,0,0,0,0,0,1,0
1dwv,B,471,HIS,-3.2,153.2,0.1,2,1,X,0.0,0.0,0.0,0.0,0.0,0.0,0.0,0.0,20,0.045694876239274644,6,8,-2,0,0,0,0,0,0,0,0,1,0
1dwv,B,472,GLN,-3.5,143.8,0.0,2,2,X,0.0,0.0,0.0,0.0,0.0,0.0,0.0,0.0,32,0.04662742473395372,21,19,2,0,0,0,0,0,0,0,0,1,0
1dwv,B,473,GLU,-3.5,138.4,-1.0,1,3,X,0.0,0.0,0.0,0.0,0.0,0.0,0.0,0.0,25,0.03870076252918159,23,4,19,0,0,0,0,0,0,0,0,1,0
1dwv,B,474,MET,1.9,162.9,0.0,0,0,X,0.0,0.0,0.0,0.0,0.0,0.0,0.0,0.0,33,0.040565859518539735,13,21,-8,0,0,0,0,0,0,0,0,1,0
1dwv,B,475,LEU,3.8,166.7,0.0,0,0,X,0.0,0.0,0.0,0.0,0.0,0.0,0.0,0.0,32,0.0363693912924839,20,23,-3,0,0,0,0,0,0,0,0,1,0
1dwv,B,476,ASN,-3.5,114.1,0.0,2,2,X,0.0,0.0,0.0,0.0,0.0,0.0,0.0,0.0,35,0.0363693912924839,19,12,7,0,0,0,0,0,0,0,0,1,0
1dwv,B,477,TYR,-1.3,193.6,0.0,1,1,X,0.0,0.0,0.0,0.0,0.0,0.0,0.0,0.0,33,0.043363505002576956,33,10,23,0,0,0,0,0,0,0,0,1,0
1dwv,B,478,VAL,4.2,140.0,0.0,0,0,X,0.0,0.0,0.0,0.0,0.0,0.0,0.0,0.0,31,0.04755997322863279,15,9,6,0,0,0,0,0,0,0,0,1,0
1dwv,B,479,LEU,3.8,166.7,0.0,0,0,X,0.0,0.0,0.0,0.0,0.0,0.0,0.0,0.0,34,0.045228601991935104,32,11,21,0,0,0,0,0,0,0,0,1,0
1dwv,B,480,SER,-0.8,89.0,0.0,1,1,X,0.0,0.0,0.0,0.0,0.0,0.0,0.0,0.0,39,0.045694876239274644,30,18,12,0,0,0,0,0,0,0,0,1,0
1dwv,B,481,PRO,-1.6,112.7,0.0,0,0,X,0.0,0.0,0.0,0.0,0.0,0.0,0.0,0.0,38,0.053621538444046775,20,18,2,0,0,0,0,0,0,0,0,1,0
1dwv,B,482,PHE,2.8,189.9,0.0,0,0,X,0.0,0.0,0.0,0.0,0.0,0.0,0.0,0.0,36,0.0526889899493677,20,9,11,0,0,0,0,0,0,0,0,1,0
1dwv,B,483,TYR,-1.3,193.6,0.0,1,1,X,0.0,0.0,0.0,0.0,0.0,0.0,0.0,0.0,38,0.04709369898129325,11,8,3,0,0,0,0,0,0,0,0,1,1
1dwv,B,484,TYR,-1.3,193.6,0.0,1,1,X,0.0,0.0,0.0,0.0,0.0,0.0,0.0,0.0,37,0.05035761871267001,17,18,-1,0,0,0,0,0,0,0,0,1,0
1dwv,B,485,TYR,-1.3,193.6,0.0,1,1,X,0.0,0.0,0.0,0.0,0.0,0.0,0.0,0.0,28,0.04243095650789788,18,2,16,0,0,0,0,0,0,0,0,1,1
1dwv,B,486,GLN,-3.5,143.8,0.0,2,2,X,0.0,0.0,0.0,0.0,0.0,0.0,0.0,0.0,34,0.043829779249916496,23,18,5,0,0,0,0,0,0,0,0,1,0
1dwv,B,487,ILE,4.5,166.7,0.0,0,0,X,0.0,0.0,0.0,0.0,0.0,0.0,0.0,0.0,23,0.03403802005578621,31,10,21,0,0,0,0,0,0,0,0,1,0
1dwv,B,488,GLU,-3.5,138.4,-1.0,1,3,X,0.0,0.0,0.0,0.0,0.0,0.0,0.0,0.0,20,0.03683566553982344,16,6,10,0,0,0,0,0,0,0,0,1,0
1dwv,B,489,PRO,-1.6,112.7,0.0,0,0,X,0.0,0.0,0.0,0.0,0.0,0.0,0.0,0.0,27,0.045694876239274644,31,16,15,0,0,0,0,0,0,0,0,1,0
1dwv,B,490,TRP,-0.9,227.8,0.0,1,0,X,0.0,0.0,0.0,0.0,0.0,0.0,0.0,0.0,24,0.040565859518539735,24,18,6,0,0,0,0,0,0,0,0,1,0
1dwv,B,491,LYS,-3.9,168.6,1.0,2,0,X,0.0,0.0,0.0,0.0,0.0,0.0,0.0,0.0,14,0.02844272908771177,11,14,-3,0,0,0,0,0,0,0,0,1,0
1dwv,B,492,THR,-0.7,116.1,0.0,1,1,X,0.0,0.0,0.0,0.0,0.0,0.0,0.0,0.0,19,0.02844272908771177,31,11,20,0,0,0,0,0,0,0,0,1,0
1dwv,B,493,HIS,-3.2,153.2,0.1,2,1,X,0.0,0.0,0.0,0.0,0.0,0.0,0.0,0.0,22,0.03124037457174899,18,14,4,0,0,0,0,0,0,0,0,1,0
1dwv,B,494,ILE,4.5,166.7,0.0,0,0,X,0.0,0.0,0.0,0.0,0.0,0.0,0.0,0.0,19,0.024246260861655933,23,10,13,0,0,0,0,0,0,0,0,1,0
1dwv,B,495,TRP,-0.9,227.8,0.0,1,0,X,0.0,0.0,0.0,0.0,0.0,0.0,0.0,0.0,15,0.025178809356335007,14,8,6,0,0,0,0,0,0,0,0,1,0
1dwv,B,496,GLN,-3.5,143.8,0.0,2,2,X,0.0,0.0,0.0,0.0,0.0,0.0,0.0,0.0,8,0.015853324409544265,7,8,-1,0,0,0,0,0,0,0,0,1,0
