pdb_id,chain_id,residue_id,residue_name,hydrophobicity,volume,charge,hbond_donor,hbond_acceptor,ss_type,rel_asa,phi,psi,hse_up,hse_down,hse_ratio,residue_depth,ca_depth,neighbor_count,atom_density,pos_charged_neighbors,neg_charged_neighbors,net_charge_environment,ss_H,ss_B,ss_E,ss_G,ss_I,ss_T,ss_S,ss_ ,ss_X
1e4n,A,13,LEU,3.8,166.7,0.0,0,0,X,0.0,0.0,0.0,0.0,0.0,0.0,0.0,0.0,18,0.02471253510899547,12,17,-5,0,0,0,0,0,0,0,0,1
1e4n,A,14,SER,-0.8,89.0,0.0,1,1,X,0.0,0.0,0.0,0.0,0.0,0.0,0.0,0.0,12,0.020516066882939634,5,10,-5,0,0,0,0,0,0,0,0,1
1e4n,A,15,PRO,-1.6,112.7,0.0,0,0,X,0.0,0.0,0.0,0.0,0.0,0.0,0.0,0.0,10,0.02098234113027917,0,9,-9,0,0,0,0,0,0,0,0,1
1e4n,A,16,SER,-0.8,89.0,0.0,1,1,X,0.0,0.0,0.0,0.0,0.0,0.0,0.0,0.0,9,0.02331371236697686,0,9,-9,0,0,0,0,0,0,0,0,1
1e4n,A,17,GLU,-3.5,138.4,-1.0,1,3,X,0.0,0.0,0.0,0.0,0.0,0.0,0.0,0.0,14,0.030307826077069916,11,6,5,0,0,0,0,0,0,0,0,1
1e4n,A,18,ILE,4.5,166.7,0.0,0,0,X,0.0,0.0,0.0,0.0,0.0,0.0,0.0,0.0,21,0.04149840801321881,13,19,-6,0,0,0,0,0,0,0,0,1
1e4n,A,19,PRO,-1.6,112.7,0.0,0,0,X,0.0,0.0,0.0,0.0,0.0,0.0,0.0,0.0,30,0.048958795970651406,25,24,1,0,0,0,0,0,0,0,0,1
1e4n,A,20,GLN,-3.5,143.8,0.0,2,2,X,0.0,0.0,0.0,0.0,0.0,0.0,0.0,0.0,22,0.03963331102386066,15,19,-4,0,0,0,0,0,0,0,0,1
1e4n,A,21,ARG,-4.5,173.4,1.0,5,0,X,0.0,0.0,0.0,0.0,0.0,0.0,0.0,0.0,25,0.04289723075523742,2,21,-19,0,0,0,0,0,0,0,0,1
1e4n,A,22,ASP,-3.5,111.1,-1.0,1,3,X,0.0,0.0,0.0,0.0,0.0,0.0,0.0,0.0,13,0.02844272908771177,16,0,16,0,0,0,0,0,0,0,0,1
1e4n,A,23,TRP,-0.9,227.8,0.0,1,0,X,0.0,0.0,0.0,0.0,0.0,0.0,0.0,0.0,23,0.03683566553982344,19,23,-4,0,0,0,0,0,0,0,0,1
1e4n,A,24,PHE,2.8,189.9,0.0,0,0,X,0.0,0.0,0.0,0.0,0.0,0.0,0.0,0.0,29,0.04289723075523742,22,23,-1,0,0,0,0,0,0,0,0,1
1e4n,A,25,PRO,-1.6,112.7,0.0,0,0,X,0.0,0.0,0.0,0.0,0.0,0.0,0.0,0.0,19,0.028909003335051305,17,18,-1,0,0,0,0,0,0,0,0,1
1e4n,A,26,SER,-0.8,89.0,0.0,1,1,X,0.0,0.0,0.0,0.0,0.0,0.0,0.0,0.0,11,0.022847438119637322,10,17,-7,0,0,0,0,0,0,0,0,1
1e4n,A,27,ASP,-3.5,111.1,-1.0,1,3,X,0.0,0.0,0.0,0.0,0.0,0.0,0.0,0.0,16,0.022847438119637322,9,4,5,0,0,0,0,0,0,0,0,1
1e4n,A,28,PHE,2.8,189.9,0.0,0,0,X,0.0,0.0,0.0,0.0,0.0,0.0,0.0,0.0,31,0.040565859518539735,16,19,-3,0,0,0,0,0,0,0,0,1
1e4n,A,29,THR,-0.7,116.1,0.0,1,1,X,0.0,0.0,0.0,0.0,0.0,0.0,0.0,0.0,33,0.04476232774459557,9,23,-14,0,0,0,0,0,0,0,0,1
1e4n,A,30,PHE,2.8,189.9,0.0,0,0,X,0.0,0.0,0.0,0.0,0.0,0.0,0.0,0.0,37,0.04755997322863279,12,13,-1,0,0,0,0,0,0,0,0,1
1e4n,A,31,GLY,-0.4,60.1,0.0,0,0,X,0.0,0.0,0.0,0.0,0.0,0.0,0.0,0.0,41,0.04942507021799094,11,16,-5,0,0,0,0,0,0,0,0,1
1e4n,A,32,ALA,1.8,88.6,0.0,0,0,X,0.0,0.0,0.0,0.0,0.0,0.0,0.0,0.0,43,0.053155264196707235,12,16,-4,0,0,0,0,0,0,0,0,1
1e4n,A,33,ALA,1.8,88.6,0.0,0,0,X,0.0,0.0,0.0,0.0,0.0,0.0,0.0,0.0,41,0.05408781269138631,15,12,3,0,0,0,0,0,0,0,0,1
1e4n,A,34,THR,-0.7,116.1,0.0,1,1,X,0.0,0.0,0.0,0.0,0.0,0.0,0.0,0.0,44,0.05688545817542354,20,24,-4,0,0,0,0,0,0,0,0,1
1e4n,A,35,SER,-0.8,89.0,0.0,1,1,X,0.0,0.0,0.0,0.0,0.0,0.0,0.0,0.0,40,0.0526889899493677,21,25,-4,0,0,0,0,0,0,0,0,1
1e4n,A,36,ALA,1.8,88.6,0.0,0,0,X,0.0,0.0,0.0,0.0,0.0,0.0,0.0,0.0,45,0.05035761871267001,25,19,6,0,0,0,0,0,0,0,0,1
1e4n,A,37,TYR,-1.3,193.6,0.0,1,1,X,0.0,0.0,0.0,0.0,0.0,0.0,0.0,0.0,46,0.05175644145468863,22,38,-16,0,0,0,0,0,0,0,0,1
1e4n,A,38,GLN,-3.5,143.8,0.0,2,2,X,0.0,0.0,0.0,0.0,0.0,0.0,0.0,0.0,38,0.05455408693872585,9,32,-23,0,0,0,0,0,0,0,0,1
1e4n,A,39,ILE,4.5,166.7,0.0,0,0,X,0.0,0.0,0.0,0.0,0.0,0.0,0.0,0.0,45,0.05502036118606539,15,27,-12,0,0,0,0,0,0,0,0,1
1e4n,A,40,GLU,-3.5,138.4,-1.0,1,3,X,0.0,0.0,0.0,0.0,0.0,0.0,0.0,0.0,43,0.05222271570202816,25,21,4,0,0,0,0,0,0,0,0,1
1e4n,A,41,GLY,-0.4,60.1,0.0,0,0,X,0.0,0.0,0.0,0.0,0.0,0.0,0.0,0.0,36,0.053621538444046775,24,32,-8,0,0,0,0,0,0,0,0,1
1e4n,A,42,ALA,1.8,88.6,0.0,0,0,X,0.0,0.0,0.0,0.0,0.0,0.0,0.0,0.0,29,0.04942507021799094,29,38,-9,0,0,0,0,0,0,0,0,1
1e4n,A,43,TRP,-0.9,227.8,0.0,1,0,X,0.0,0.0,0.0,0.0,0.0,0.0,0.0,0.0,25,0.04709369898129325,25,39,-14,0,0,0,0,0,0,0,0,1
1e4n,A,44,ASN,-3.5,114.1,0.0,2,2,X,0.0,0.0,0.0,0.0,0.0,0.0,0.0,0.0,20,0.03450429430312575,21,36,-15,0,0,0,0,0,0,0,0,1
1e4n,A,45,GLU,-3.5,138.4,-1.0,1,3,X,0.0,0.0,0.0,0.0,0.0,0.0,0.0,0.0,20,0.03403802005578621,25,26,-1,0,0,0,0,0,0,0,0,1
1e4n,A,46,ASP,-3.5,111.1,-1.0,1,3,X,0.0,0.0,0.0,0.0,0.0,0.0,0.0,0.0,21,0.028909003335051305,32,17,15,0,0,0,0,0,0,0,0,1
1e4n,A,47,GLY,-0.4,60.1,0.0,0,0,X,0.0,0.0,0.0,0.0,0.0,0.0,0.0,0.0,25,0.03124037457174899,23,28,-5,0,0,0,0,0,0,0,0,1
1e4n,A,48,LYS,-3.9,168.6,1.0,2,0,X,0.0,0.0,0.0,0.0,0.0,0.0,0.0,0.0,35,0.048958795970651406,14,49,-35,0,0,0,0,0,0,0,0,1
1e4n,A,49,GLY,-0.4,60.1,0.0,0,0,X,0.0,0.0,0.0,0.0,0.0,0.0,0.0,0.0,35,0.045228601991935104,30,31,-1,0,0,0,0,0,0,0,0,1
1e4n,A,50,GLU,-3.5,138.4,-1.0,1,3,X,0.0,0.0,0.0,0.0,0.0,0.0,0.0,0.0,32,0.04429605349725603,35,25,10,0,0,0,0,0,0,0,0,1
1e4n,A,51,SER,-0.8,89.0,0.0,1,1,X,0.0,0.0,0.0,0.0,0.0,0.0,0.0,0.0,35,0.053621538444046775,30,38,-8,0,0,0,0,0,0,0,0,1
1e4n,A,52,ASN,-3.5,114.1,0.0,2,2,X,0.0,0.0,0.0,0.0,0.0,0.0,0.0,0.0,36,0.05222271570202816,16,38,-22,0,0,0,0,0,0,0,0,1
1e4n,A,53,TRP,-0.9,227.8,0.0,1,0,X,0.0,0.0,0.0,0.0,0.0,0.0,0.0,0.0,43,0.05175644145468863,28,25,3,0,0,0,0,0,0,0,0,1
1e4n,A,54,ASP,-3.5,111.1,-1.0,1,3,X,0.0,0.0,0.0,0.0,0.0,0.0,0.0,0.0,33,0.05502036118606539,28,24,4,0,0,0,0,0,0,0,0,1
1e4n,A,55,HIS,-3.2,153.2,0.1,2,1,X,0.0,0.0,0.0,0.0,0.0,0.0,0.0,0.0,23,0.04429605349725603,20,33,-13,0,0,0,0,0,0,0,0,1
1e4n,A,56,PHE,2.8,189.9,0.0,0,0,X,0.0,0.0,0.0,0.0,0.0,0.0,0.0,0.0,34,0.05408781269138631,44,19,25,0,0,0,0,0,0,0,0,1
1e4n,A,57,CYS,2.5,108.5,0.0,1,0,X,0.0,0.0,0.0,0.0,0.0,0.0,0.0,0.0,31,0.05595290968074446,37,29,8,0,0,0,0,0,0,0,0,1
1e4n,A,58,HIS,-3.2,153.2,0.1,2,1,X,0.0,0.0,0.0,0.0,0.0,0.0,0.0,0.0,22,0.03776821403450251,19,24,-5,0,0,0,0,0,0,0,0,1
1e4n,A,59,ASN,-3.5,114.1,0.0,2,2,X,0.0,0.0,0.0,0.0,0.0,0.0,0.0,0.0,20,0.03170664881908853,34,17,17,0,0,0,0,0,0,0,0,1
1e4n,A,60,HIS,-3.2,153.2,0.1,2,1,X,0.0,0.0,0.0,0.0,0.0,0.0,0.0,0.0,24,0.03776821403450251,29,11,18,0,0,0,0,0,0,0,0,1
1e4n,A,61,PRO,-1.6,112.7,0.0,0,0,X,0.0,0.0,0.0,0.0,0.0,0.0,0.0,0.0,20,0.03963331102386066,32,18,14,0,0,0,0,0,0,0,0,1
1e4n,A,62,GLU,-3.5,138.4,-1.0,1,3,X,0.0,0.0,0.0,0.0,0.0,0.0,0.0,0.0,20,0.027043906345693154,26,7,19,0,0,0,0,0,0,0,0,1
1e4n,A,63,ARG,-4.5,173.4,1.0,5,0,X,0.0,0.0,0.0,0.0,0.0,0.0,0.0,0.0,29,0.040099585271200194,11,18,-7,0,0,0,0,0,0,0,0,1
1e4n,A,64,ILE,4.5,166.7,0.0,0,0,X,0.0,0.0,0.0,0.0,0.0,0.0,0.0,0.0,28,0.048958795970651406,22,22,0,0,0,0,0,0,0,0,0,1
1e4n,A,65,LEU,3.8,166.7,0.0,0,0,X,0.0,0.0,0.0,0.0,0.0,0.0,0.0,0.0,23,0.03170664881908853,10,29,-19,0,0,0,0,0,0,0,0,1
1e4n,A,66,ASP,-3.5,111.1,-1.0,1,3,X,0.0,0.0,0.0,0.0,0.0,0.0,0.0,0.0,25,0.032172923066428064,16,17,-1,0,0,0,0,0,0,0,0,1
1e4n,A,67,GLY,-0.4,60.1,0.0,0,0,X,0.0,0.0,0.0,0.0,0.0,0.0,0.0,0.0,23,0.03357174580844668,17,18,-1,0,0,0,0,0,0,0,0,1
1e4n,A,68,SER,-0.8,89.0,0.0,1,1,X,0.0,0.0,0.0,0.0,0.0,0.0,0.0,0.0,29,0.0363693912924839,22,25,-3,0,0,0,0,0,0,0,0,1
1e4n,A,69,ASN,-3.5,114.1,0.0,2,2,X,0.0,0.0,0.0,0.0,0.0,0.0,0.0,0.0,31,0.045694876239274644,19,25,-6,0,0,0,0,0,0,0,0,1
1e4n,A,70,SER,-0.8,89.0,0.0,1,1,X,0.0,0.0,0.0,0.0,0.0,0.0,0.0,0.0,35,0.050823892960009553,17,27,-10,0,0,0,0,0,0,0,0,1
1e4n,A,71,ASP,-3.5,111.1,-1.0,1,3,X,0.0,0.0,0.0,0.0,0.0,0.0,0.0,0.0,27,0.040099585271200194,14,18,-4,0,0,0,0,0,0,0,0,1
1e4n,A,72,ILE,4.5,166.7,0.0,0,0,X,0.0,0.0,0.0,0.0,0.0,0.0,0.0,0.0,32,0.03823448828184205,23,19,4,0,0,0,0,0,0,0,0,1
1e4n,A,73,GLY,-0.4,60.1,0.0,0,0,X,0.0,0.0,0.0,0.0,0.0,0.0,0.0,0.0,35,0.04989134446533048,17,25,-8,0,0,0,0,0,0,0,0,1
1e4n,A,74,ALA,1.8,88.6,0.0,0,0,X,0.0,0.0,0.0,0.0,0.0,0.0,0.0,0.0,41,0.05408781269138631,28,28,0,0,0,0,0,0,0,0,0,1
1e4n,A,75,ASN,-3.5,114.1,0.0,2,2,X,0.0,0.0,0.0,0.0,0.0,0.0,0.0,0.0,36,0.048958795970651406,27,23,4,0,0,0,0,0,0,0,0,1
1e4n,A,76,SER,-0.8,89.0,0.0,1,1,X,0.0,0.0,0.0,0.0,0.0,0.0,0.0,0.0,38,0.05129016720734909,28,20,8,0,0,0,0,0,0,0,0,1
1e4n,A,77,TYR,-1.3,193.6,0.0,1,1,X,0.0,0.0,0.0,0.0,0.0,0.0,0.0,0.0,32,0.04942507021799094,35,35,0,0,0,0,0,0,0,0,0,1
1e4n,A,78,HIS,-3.2,153.2,0.1,2,1,X,0.0,0.0,0.0,0.0,0.0,0.0,0.0,0.0,23,0.03683566553982344,14,23,-9,0,0,0,0,0,0,0,0,1
1e4n,A,79,MET,1.9,162.9,0.0,0,0,X,0.0,0.0,0.0,0.0,0.0,0.0,0.0,0.0,29,0.04103213376587927,29,14,15,0,0,0,0,0,0,0,0,1
1e4n,A,80,TYR,-1.3,193.6,0.0,1,1,X,0.0,0.0,0.0,0.0,0.0,0.0,0.0,0.0,28,0.045228601991935104,35,14,21,0,0,0,0,0,0,0,0,1
1e4n,A,81,LYS,-3.9,168.6,1.0,2,0,X,0.0,0.0,0.0,0.0,0.0,0.0,0.0,0.0,20,0.0363693912924839,20,11,9,0,0,0,0,0,0,0,0,1
1e4n,A,82,THR,-0.7,116.1,0.0,1,1,X,0.0,0.0,0.0,0.0,0.0,0.0,0.0,0.0,29,0.0363693912924839,38,14,24,0,0,0,0,0,0,0,0,1
1e4n,A,83,ASP,-3.5,111.1,-1.0,1,3,X,0.0,0.0,0.0,0.0,0.0,0.0,0.0,0.0,38,0.048492521723311866,36,5,31,0,0,0,0,0,0,0,0,1
1e4n,A,84,VAL,4.2,140.0,0.0,0,0,X,0.0,0.0,0.0,0.0,0.0,0.0,0.0,0.0,32,0.05175644145468863,31,26,5,0,0,0,0,0,0,0,0,1
1e4n,A,85,ARG,-4.5,173.4,1.0,5,0,X,0.0,0.0,0.0,0.0,0.0,0.0,0.0,0.0,21,0.03870076252918159,20,19,1,0,0,0,0,0,0,0,0,1
1e4n,A,86,LEU,3.8,166.7,0.0,0,0,X,0.0,0.0,0.0,0.0,0.0,0.0,0.0,0.0,30,0.043829779249916496,43,17,26,0,0,0,0,0,0,0,0,1
1e4n,A,87,LEU,3.8,166.7,0.0,0,0,X,0.0,0.0,0.0,0.0,0.0,0.0,0.0,0.0,39,0.048492521723311866,30,26,4,0,0,0,0,0,0,0,0,1
1e4n,A,88,LYS,-3.9,168.6,1.0,2,0,X,0.0,0.0,0.0,0.0,0.0,0.0,0.0,0.0,25,0.04149840801321881,19,22,-3,0,0,0,0,0,0,0,0,1
1e4n,A,89,GLU,-3.5,138.4,-1.0,1,3,X,0.0,0.0,0.0,0.0,0.0,0.0,0.0,0.0,23,0.03357174580844668,34,5,29,0,0,0,0,0,0,0,0,1
1e4n,A,90,MET,1.9,162.9,0.0,0,0,X,0.0,0.0,0.0,0.0,0.0,0.0,0.0,0.0,33,0.04662742473395372,33,24,9,0,0,0,0,0,0,0,0,1
1e4n,A,91,GLY,-0.4,60.1,0.0,0,0,X,0.0,0.0,0.0,0.0,0.0,0.0,0.0,0.0,32,0.03963331102386066,28,21,7,0,0,0,0,0,0,0,0,1
1e4n,A,92,MET,1.9,162.9,0.0,0,0,X,0.0,0.0,0.0,0.0,0.0,0.0,0.0,0.0,39,0.045228601991935104,24,22,2,0,0,0,0,0,0,0,0,1
1e4n,A,93,ASP,-3.5,111.1,-1.0,1,3,X,0.0,0.0,0.0,0.0,0.0,0.0,0.0,0.0,33,0.03776821403450251,13,14,-1,0,0,0,0,0,0,0,0,1
1e4n,A,94,ALA,1.8,88.6,0.0,0,0,X,0.0,0.0,0.0,0.0,0.0,0.0,0.0,0.0,34,0.05035761871267001,9,17,-8,0,0,0,0,0,0,0,0,1
1e4n,A,95,TYR,-1.3,193.6,0.0,1,1,X,0.0,0.0,0.0,0.0,0.0,0.0,0.0,0.0,42,0.05408781269138631,13,18,-5,0,0,0,0,0,0,0,0,1
1e4n,A,96,ARG,-4.5,173.4,1.0,5,0,X,0.0,0.0,0.0,0.0,0.0,0.0,0.0,0.0,46,0.05222271570202816,8,12,-4,0,0,0,0,0,0,0,0,1
1e4n,A,97,PHE,2.8,189.9,0.0,0,0,X,0.0,0.0,0.0,0.0,0.0,0.0,0.0,0.0,42,0.048492521723311866,15,9,6,0,0,0,0,0,0,0,0,1
1e4n,A,98,SER,-0.8,89.0,0.0,1,1,X,0.0,0.0,0.0,0.0,0.0,0.0,0.0,0.0,39,0.05175644145468863,24,16,8,0,0,0,0,0,0,0,0,1
1e4n,A,99,ILE,4.5,166.7,0.0,0,0,X,0.0,0.0,0.0,0.0,0.0,0.0,0.0,0.0,40,0.05502036118606539,19,13,6,0,0,0,0,0,0,0,0,1
1e4n,A,100,SER,-0.8,89.0,0.0,1,1,X,0.0,0.0,0.0,0.0,0.0,0.0,0.0,0.0,43,0.0526889899493677,26,25,1,0,0,0,0,0,0,0,0,1
1e4n,A,101,TRP,-0.9,227.8,0.0,1,0,X,0.0,0.0,0.0,0.0,0.0,0.0,0.0,0.0,47,0.053621538444046775,17,22,-5,0,0,0,0,0,0,0,0,1
1e4n,A,102,PRO,-1.6,112.7,0.0,0,0,X,0.0,0.0,0.0,0.0,0.0,0.0,0.0,0.0,40,0.058750555164781684,26,27,-1,0,0,0,0,0,0,0,0,1
1e4n,A,103,ARG,-4.5,173.4,1.0,5,0,X,0.0,0.0,0.0,0.0,0.0,0.0,0.0,0.0,38,0.05222271570202816,14,45,-31,0,0,0,0,0,0,0,0,1
1e4n,A,104,ILE,4.5,166.7,0.0,0,0,X,0.0,0.0,0.0,0.0,0.0,0.0,0.0,0.0,42,0.05968310365946076,29,13,16,0,0,0,0,0,0,0,0,1
1e4n,A,105,LEU,3.8,166.7,0.0,0,0,X,0.0,0.0,0.0,0.0,0.0,0.0,0.0,0.0,38,0.05455408693872585,28,16,12,0,0,0,0,0,0,0,0,1
1e4n,A,106,PRO,-1.6,112.7,0.0,0,0,X,0.0,0.0,0.0,0.0,0.0,0.0,0.0,0.0,34,0.048492521723311866,30,14,16,0,0,0,0,0,0,0,0,1
1e4n,A,107,LYS,-3.9,168.6,1.0,2,0,X,0.0,0.0,0.0,0.0,0.0,0.0,0.0,0.0,27,0.040099585271200194,14,19,-5,0,0,0,0,0,0,0,0,1
1e4n,A,108,GLY,-0.4,60.1,0.0,0,0,X,0.0,0.0,0.0,0.0,0.0,0.0,0.0,0.0,36,0.053155264196707235,24,26,-2,0,0,0,0,0,0,0,0,1
1e4n,A,109,THR,-0.7,116.1,0.0,1,1,X,0.0,0.0,0.0,0.0,0.0,0.0,0.0,0.0,26,0.04616115048661418,23,21,2,0,0,0,0,0,0,0,0,1
1e4n,A,110,LYS,-3.9,168.6,1.0,2,0,X,0.0,0.0,0.0,0.0,0.0,0.0,0.0,0.0,18,0.03357174580844668,10,22,-12,0,0,0,0,0,0,0,0,1
1e4n,A,111,GLU,-3.5,138.4,-1.0,1,3,X,0.0,0.0,0.0,0.0,0.0,0.0,0.0,0.0,12,0.02098234113027917,21,5,16,0,0,0,0,0,0,0,0,1
1e4n,A,112,GLY,-0.4,60.1,0.0,0,0,X,0.0,0.0,0.0,0.0,0.0,0.0,0.0,0.0,21,0.02844272908771177,18,11,7,0,0,0,0,0,0,0,0,1
1e4n,A,113,GLY,-0.4,60.1,0.0,0,0,X,0.0,0.0,0.0,0.0,0.0,0.0,0.0,0.0,21,0.03357174580844668,21,9,12,0,0,0,0,0,0,0,0,1
1e4n,A,114,ILE,4.5,166.7,0.0,0,0,X,0.0,0.0,0.0,0.0,0.0,0.0,0.0,0.0,28,0.0363693912924839,18,12,6,0,0,0,0,0,0,0,0,1
1e4n,A,115,ASN,-3.5,114.1,0.0,2,2,X,0.0,0.0,0.0,0.0,0.0,0.0,0.0,0.0,29,0.040565859518539735,25,19,6,0,0,0,0,0,0,0,0,1
1e4n,A,116,PRO,-1.6,112.7,0.0,0,0,X,0.0,0.0,0.0,0.0,0.0,0.0,0.0,0.0,22,0.027510180593032695,18,17,1,0,0,0,0,0,0,0,0,1
1e4n,A,117,ASP,-3.5,111.1,-1.0,1,3,X,0.0,0.0,0.0,0.0,0.0,0.0,0.0,0.0,22,0.03870076252918159,29,14,15,0,0,0,0,0,0,0,0,1
1e4n,A,118,GLY,-0.4,60.1,0.0,0,0,X,0.0,0.0,0.0,0.0,0.0,0.0,0.0,0.0,32,0.05502036118606539,34,22,12,0,0,0,0,0,0,0,0,1
1e4n,A,119,ILE,4.5,166.7,0.0,0,0,X,0.0,0.0,0.0,0.0,0.0,0.0,0.0,0.0,29,0.04616115048661418,27,14,13,0,0,0,0,0,0,0,0,1
1e4n,A,120,LYS,-3.9,168.6,1.0,2,0,X,0.0,0.0,0.0,0.0,0.0,0.0,0.0,0.0,19,0.03683566553982344,11,14,-3,0,0,0,0,0,0,0,0,1
1e4n,A,121,TYR,-1.3,193.6,0.0,1,1,X,0.0,0.0,0.0,0.0,0.0,0.0,0.0,0.0,37,0.04616115048661418,39,20,19,0,0,0,0,0,0,0,0,1
1e4n,A,122,TYR,-1.3,193.6,0.0,1,1,X,0.0,0.0,0.0,0.0,0.0,0.0,0.0,0.0,38,0.04942507021799094,26,12,14,0,0,0,0,0,0,0,0,1
1e4n,A,123,ARG,-4.5,173.4,1.0,5,0,X,0.0,0.0,0.0,0.0,0.0,0.0,0.0,0.0,31,0.043829779249916496,17,12,5,0,0,0,0,0,0,0,0,1
1e4n,A,124,ASN,-3.5,114.1,0.0,2,2,X,0.0,0.0,0.0,0.0,0.0,0.0,0.0,0.0,24,0.040565859518539735,29,8,21,0,0,0,0,0,0,0,0,1
1e4n,A,125,LEU,3.8,166.7,0.0,0,0,X,0.0,0.0,0.0,0.0,0.0,0.0,0.0,0.0,40,0.04942507021799094,24,18,6,0,0,0,0,0,0,0,0,1
1e4n,A,126,ILE,4.5,166.7,0.0,0,0,X,0.0,0.0,0.0,0.0,0.0,0.0,0.0,0.0,33,0.05035761871267001,24,22,2,0,0,0,0,0,0,0,0,1
1e4n,A,127,ASN,-3.5,114.1,0.0,2,2,X,0.0,0.0,0.0,0.0,0.0,0.0,0.0,0.0,24,0.04103213376587927,23,14,9,0,0,0,0,0,0,0,0,1
1e4n,A,128,LEU,3.8,166.7,0.0,0,0,X,0.0,0.0,0.0,0.0,0.0,0.0,0.0,0.0,24,0.043829779249916496,28,14,14,0,0,0,0,0,0,0,0,1
1e4n,A,129,LEU,3.8,166.7,0.0,0,0,X,0.0,0.0,0.0,0.0,0.0,0.0,0.0,0.0,32,0.048492521723311866,27,26,1,0,0,0,0,0,0,0,0,1
1e4n,A,130,LEU,3.8,166.7,0.0,0,0,X,0.0,0.0,0.0,0.0,0.0,0.0,0.0,0.0,24,0.040099585271200194,17,22,-5,0,0,0,0,0,0,0,0,1
1e4n,A,131,GLU,-3.5,138.4,-1.0,1,3,X,0.0,0.0,0.0,0.0,0.0,0.0,0.0,0.0,15,0.027510180593032695,13,0,13,0,0,0,0,0,0,0,0,1
1e4n,A,132,ASN,-3.5,114.1,0.0,2,2,X,0.0,0.0,0.0,0.0,0.0,0.0,0.0,0.0,22,0.03310547156110714,22,19,3,0,0,0,0,0,0,0,0,1
1e4n,A,133,GLY,-0.4,60.1,0.0,0,0,X,0.0,0.0,0.0,0.0,0.0,0.0,0.0,0.0,22,0.027510180593032695,10,25,-15,0,0,0,0,0,0,0,0,1
1e4n,A,134,ILE,4.5,166.7,0.0,0,0,X,0.0,0.0,0.0,0.0,0.0,0.0,0.0,0.0,32,0.04476232774459557,17,26,-9,0,0,0,0,0,0,0,0,1
1e4n,A,135,GLU,-3.5,138.4,-1.0,1,3,X,0.0,0.0,0.0,0.0,0.0,0.0,0.0,0.0,31,0.04196468226055834,19,11,8,0,0,0,0,0,0,0,0,1
1e4n,A,136,PRO,-1.6,112.7,0.0,0,0,X,0.0,0.0,0.0,0.0,0.0,0.0,0.0,0.0,38,0.056419183928083996,25,15,10,0,0,0,0,0,0,0,0,1
1e4n,A,137,TYR,-1.3,193.6,0.0,1,1,X,0.0,0.0,0.0,0.0,0.0,0.0,0.0,0.0,36,0.0526889899493677,31,14,17,0,0,0,0,0,0,0,0,1
1e4n,A,138,VAL,4.2,140.0,0.0,0,0,X,0.0,0.0,0.0,0.0,0.0,0.0,0.0,0.0,41,0.05035761871267001,22,5,17,0,0,0,0,0,0,0,0,1
1e4n,A,139,THR,-0.7,116.1,0.0,1,1,X,0.0,0.0,0.0,0.0,0.0,0.0,0.0,0.0,42,0.0526889899493677,21,8,13,0,0,0,0,0,0,0,0,1
1e4n,A,140,ILE,4.5,166.7,0.0,0,0,X,0.0,0.0,0.0,0.0,0.0,0.0,0.0,0.0,42,0.05455408693872585,17,6,11,0,0,0,0,0,0,0,0,1
1e4n,A,141,PHE,2.8,189.9,0.0,0,0,X,0.0,0.0,0.0,0.0,0.0,0.0,0.0,0.0,38,0.056419183928083996,14,13,1,0,0,0,0,0,0,0,0,1
1e4n,A,142,HIS,-3.2,153.2,0.1,2,1,X,0.0,0.0,0.0,0.0,0.0,0.0,0.0,0.0,39,0.05502036118606539,8,21,-13,0,0,0,0,0,0,0,0,1
1e4n,A,143,TRP,-0.9,227.8,0.0,1,0,X,0.0,0.0,0.0,0.0,0.0,0.0,0.0,0.0,40,0.04942507021799094,11,23,-12,0,0,0,0,0,0,0,0,1
1e4n,A,144,ASP,-3.5,111.1,-1.0,1,3,X,0.0,0.0,0.0,0.0,0.0,0.0,0.0,0.0,40,0.05548663543340492,19,16,3,0,0,0,0,0,0,0,0,1
1e4n,A,145,VAL,4.2,140.0,0.0,0,0,X,0.0,0.0,0.0,0.0,0.0,0.0,0.0,0.0,45,0.05408781269138631,12,31,-19,0,0,0,0,0,0,0,0,1
1e4n,A,146,PRO,-1.6,112.7,0.0,0,0,X,0.0,0.0,0.0,0.0,0.0,0.0,0.0,0.0,38,0.05735173242276307,23,46,-23,0,0,0,0,0,0,0,0,1
1e4n,A,147,GLN,-3.5,143.8,0.0,2,2,X,0.0,0.0,0.0,0.0,0.0,0.0,0.0,0.0,30,0.048958795970651406,21,38,-17,0,0,0,0,0,0,0,0,1
1e4n,A,148,ALA,1.8,88.6,0.0,0,0,X,0.0,0.0,0.0,0.0,0.0,0.0,0.0,0.0,25,0.040099585271200194,24,31,-7,0,0,0,0,0,0,0,0,1
1e4n,A,149,LEU,3.8,166.7,0.0,0,0,X,0.0,0.0,0.0,0.0,0.0,0.0,0.0,0.0,32,0.05129016720734909,17,37,-20,0,0,0,0,0,0,0,0,1
1e4n,A,150,GLU,-3.5,138.4,-1.0,1,3,X,0.0,0.0,0.0,0.0,0.0,0.0,0.0,0.0,31,0.043363505002576956,21,21,0,0,0,0,0,0,0,0,0,1
1e4n,A,151,GLU,-3.5,138.4,-1.0,1,3,X,0.0,0.0,0.0,0.0,0.0,0.0,0.0,0.0,16,0.02844272908771177,17,16,1,0,0,0,0,0,0,0,0,1
1e4n,A,152,LYS,-3.9,168.6,1.0,2,0,X,0.0,0.0,0.0,0.0,0.0,0.0,0.0,0.0,20,0.025645083603674543,4,28,-24,0,0,0,0,0,0,0,0,1
1e4n,A,153,TYR,-1.3,193.6,0.0,1,1,X,0.0,0.0,0.0,0.0,0.0,0.0,0.0,0.0,29,0.035436842797804825,25,34,-9,0,0,0,0,0,0,0,0,1
1e4n,A,154,GLY,-0.4,60.1,0.0,0,0,X,0.0,0.0,0.0,0.0,0.0,0.0,0.0,0.0,28,0.03963331102386066,23,31,-8,0,0,0,0,0,0,0,0,1
1e4n,A,155,GLY,-0.4,60.1,0.0,0,0,X,0.0,0.0,0.0,0.0,0.0,0.0,0.0,0.0,36,0.0526889899493677,24,31,-7,0,0,0,0,0,0,0,0,1
1e4n,A,156,PHE,2.8,189.9,0.0,0,0,X,0.0,0.0,0.0,0.0,0.0,0.0,0.0,0.0,45,0.04942507021799094,19,28,-9,0,0,0,0,0,0,0,0,1
1e4n,A,157,LEU,3.8,166.7,0.0,0,0,X,0.0,0.0,0.0,0.0,0.0,0.0,0.0,0.0,32,0.04662742473395372,30,27,3,0,0,0,0,0,0,0,0,1
1e4n,A,158,ASP,-3.5,111.1,-1.0,1,3,X,0.0,0.0,0.0,0.0,0.0,0.0,0.0,0.0,26,0.04709369898129325,41,11,30,0,0,0,0,0,0,0,0,1
1e4n,A,159,LYS,-3.9,168.6,1.0,2,0,X,0.0,0.0,0.0,0.0,0.0,0.0,0.0,0.0,19,0.02797645484037223,14,16,-2,0,0,0,0,0,0,0,0,1
1e4n,A,160,SER,-0.8,89.0,0.0,1,1,X,0.0,0.0,0.0,0.0,0.0,0.0,0.0,0.0,17,0.024246260861655933,29,14,15,0,0,0,0,0,0,0,0,1
1e4n,A,161,HIS,-3.2,153.2,0.1,2,1,X,0.0,0.0,0.0,0.0,0.0,0.0,0.0,0.0,28,0.03916703677652112,30,9,21,0,0,0,0,0,0,0,0,1
1e4n,A,162,LYS,-3.9,168.6,1.0,2,0,X,0.0,0.0,0.0,0.0,0.0,0.0,0.0,0.0,19,0.03403802005578621,18,28,-10,0,0,0,0,0,0,0,0,1
1e4n,A,163,SER,-0.8,89.0,0.0,1,1,X,0.0,0.0,0.0,0.0,0.0,0.0,0.0,0.0,26,0.03963331102386066,30,26,4,0,0,0,0,0,0,0,0,1
1e4n,A,164,ILE,4.5,166.7,0.0,0,0,X,0.0,0.0,0.0,0.0,0.0,0.0,0.0,0.0,40,0.05548663543340492,27,30,-3,0,0,0,0,0,0,0,0,1
1e4n,A,165,VAL,4.2,140.0,0.0,0,0,X,0.0,0.0,0.0,0.0,0.0,0.0,0.0,0.0,32,0.0526889899493677,26,34,-8,0,0,0,0,0,0,0,0,1
1e4n,A,166,GLU,-3.5,138.4,-1.0,1,3,X,0.0,0.0,0.0,0.0,0.0,0.0,0.0,0.0,25,0.03730193978716297,21,23,-2,0,0,0,0,0,0,0,0,1
1e4n,A,167,ASP,-3.5,111.1,-1.0,1,3,X,0.0,0.0,0.0,0.0,0.0,0.0,0.0,0.0,31,0.04755997322863279,27,19,8,0,0,0,0,0,0,0,0,1
1e4n,A,168,TYR,-1.3,193.6,0.0,1,1,X,0.0,0.0,0.0,0.0,0.0,0.0,0.0,0.0,43,0.05175644145468863,14,22,-8,0,0,0,0,0,0,0,0,1
1e4n,A,169,THR,-0.7,116.1,0.0,1,1,X,0.0,0.0,0.0,0.0,0.0,0.0,0.0,0.0,35,0.048492521723311866,19,33,-14,0,0,0,0,0,0,0,0,1
1e4n,A,170,TYR,-1.3,193.6,0.0,1,1,X,0.0,0.0,0.0,0.0,0.0,0.0,0.0,0.0,28,0.04289723075523742,18,29,-11,0,0,0,0,0,0,0,0,1
1e4n,A,171,PHE,2.8,189.9,0.0,0,0,X,0.0,0.0,0.0,0.0,0.0,0.0,0.0,0.0,48,0.05408781269138631,15,16,-1,0,0,0,0,0,0,0,0,1
1e4n,A,172,ALA,1.8,88.6,0.0,0,0,X,0.0,0.0,0.0,0.0,0.0,0.0,0.0,0.0,39,0.04942507021799094,13,21,-8,0,0,0,0,0,0,0,0,1
1e4n,A,173,LYS,-3.9,168.6,1.0,2,0,X,0.0,0.0,0.0,0.0,0.0,0.0,0.0,0.0,26,0.043829779249916496,16,14,2,0,0,0,0,0,0,0,0,1
1e4n,A,174,VAL,4.2,140.0,0.0,0,0,X,0.0,0.0,0.0,0.0,0.0,0.0,0.0,0.0,32,0.04755997322863279,17,10,7,0,0,0,0,0,0,0,0,1
1e4n,A,175,CYS,2.5,108.5,0.0,1,0,X,0.0,0.0,0.0,0.0,0.0,0.0,0.0,0.0,39,0.048958795970651406,14,10,4,0,0,0,0,0,0,0,0,1
1e4n,A,176,PHE,2.8,189.9,0.0,0,0,X,0.0,0.0,0.0,0.0,0.0,0.0,0.0,0.0,38,0.04942507021799094,29,17,12,0,0,0,0,0,0,0,0,1
1e4n,A,177,ASP,-3.5,111.1,-1.0,1,3,X,0.0,0.0,0.0,0.0,0.0,0.0,0.0,0.0,22,0.034970568550465285,18,7,11,0,0,0,0,0,0,0,0,1
1e4n,A,178,ASN,-3.5,114.1,0.0,2,2,X,0.0,0.0,0.0,0.0,0.0,0.0,0.0,0.0,28,0.035436842797804825,28,15,13,0,0,0,0,0,0,0,0,1
1e4n,A,179,PHE,2.8,189.9,0.0,0,0,X,0.0,0.0,0.0,0.0,0.0,0.0,0.0,0.0,35,0.04616115048661418,30,16,14,0,0,0,0,0,0,0,0,1
1e4n,A,180,GLY,-0.4,60.1,0.0,0,0,X,0.0,0.0,0.0,0.0,0.0,0.0,0.0,0.0,29,0.048492521723311866,42,20,22,0,0,0,0,0,0,0,0,1
1e4n,A,181,ASP,-3.5,111.1,-1.0,1,3,X,0.0,0.0,0.0,0.0,0.0,0.0,0.0,0.0,20,0.02844272908771177,32,8,24,0,0,0,0,0,0,0,0,1
1e4n,A,182,LYS,-3.9,168.6,1.0,2,0,X,0.0,0.0,0.0,0.0,0.0,0.0,0.0,0.0,28,0.03683566553982344,24,18,6,0,0,0,0,0,0,0,0,1
1e4n,A,183,VAL,4.2,140.0,0.0,0,0,X,0.0,0.0,0.0,0.0,0.0,0.0,0.0,0.0,36,0.048492521723311866,35,25,10,0,0,0,0,0,0,0,0,1
1e4n,A,184,LYS,-3.9,168.6,1.0,2,0,X,0.0,0.0,0.0,0.0,0.0,0.0,0.0,0.0,26,0.05035761871267001,34,26,8,0,0,0,0,0,0,0,0,1
1e4n,A,185,ASN,-3.5,114.1,0.0,2,2,X,0.0,0.0,0.0,0.0,0.0,0.0,0.0,0.0,35,0.053621538444046775,33,17,16,0,0,0,0,0,0,0,0,1
1e4n,A,186,TRP,-0.9,227.8,0.0,1,0,X,0.0,0.0,0.0,0.0,0.0,0.0,0.0,0.0,43,0.05175644145468863,29,5,24,0,0,0,0,0,0,0,0,1
1e4n,A,187,LEU,3.8,166.7,0.0,0,0,X,0.0,0.0,0.0,0.0,0.0,0.0,0.0,0.0,43,0.053621538444046775,29,1,28,0,0,0,0,0,0,0,0,1
1e4n,A,188,THR,-0.7,116.1,0.0,1,1,X,0.0,0.0,0.0,0.0,0.0,0.0,0.0,0.0,43,0.05222271570202816,17,6,11,0,0,0,0,0,0,0,0,1
1e4n,A,189,PHE,2.8,189.9,0.0,0,0,X,0.0,0.0,0.0,0.0,0.0,0.0,0.0,0.0,44,0.05455408693872585,21,10,11,0,0,0,0,0,0,0,0,1
1e4n,A,190,ASN,-3.5,114.1,0.0,2,2,X,0.0,0.0,0.0,0.0,0.0,0.0,0.0,0.0,39,0.05735173242276307,19,25,-6,0,0,0,0,0,0,0,0,1
1e4n,A,191,ASP,-3.5,111.1,-1.0,1,3,X,0.0,0.0,0.0,0.0,0.0,0.0,0.0,0.0,37,0.0526889899493677,14,13,1,0,0,0,0,0,0,0,0,1
1e4n,A,192,PRO,-1.6,112.7,0.0,0,0,X,0.0,0.0,0.0,0.0,0.0,0.0,0.0,0.0,38,0.058750555164781684,13,16,-3,0,0,0,0,0,0,0,0,1
1e4n,A,193,GLN,-3.5,143.8,0.0,2,2,X,0.0,0.0,0.0,0.0,0.0,0.0,0.0,0.0,39,0.05129016720734909,2,18,-16,0,0,0,0,0,0,0,0,1
1e4n,A,194,THR,-0.7,116.1,0.0,1,1,X,0.0,0.0,0.0,0.0,0.0,0.0,0.0,0.0,38,0.04662742473395372,6,19,-13,0,0,0,0,0,0,0,0,1
1e4n,A,195,PHE,2.8,189.9,0.0,0,0,X,0.0,0.0,0.0,0.0,0.0,0.0,0.0,0.0,39,0.05548663543340492,10,22,-12,0,0,0,0,0,0,0,0,1
1e4n,A,196,THR,-0.7,116.1,0.0,1,1,X,0.0,0.0,0.0,0.0,0.0,0.0,0.0,0.0,41,0.058284280917442144,4,19,-15,0,0,0,0,0,0,0,0,1
1e4n,A,197,SER,-0.8,89.0,0.0,1,1,X,0.0,0.0,0.0,0.0,0.0,0.0,0.0,0.0,38,0.05502036118606539,3,14,-11,0,0,0,0,0,0,0,0,1
1e4n,A,198,PHE,2.8,189.9,0.0,0,0,X,0.0,0.0,0.0,0.0,0.0,0.0,0.0,0.0,31,0.048026247475972325,3,10,-7,0,0,0,0,0,0,0,0,1
1e4n,A,199,SER,-0.8,89.0,0.0,1,1,X,0.0,0.0,0.0,0.0,0.0,0.0,0.0,0.0,43,0.05688545817542354,9,14,-5,0,0,0,0,0,0,0,0,1
1e4n,A,200,TYR,-1.3,193.6,0.0,1,1,X,0.0,0.0,0.0,0.0,0.0,0.0,0.0,0.0,44,0.06014937790680029,11,14,-3,0,0,0,0,0,0,0,0,1
1e4n,A,201,GLY,-0.4,60.1,0.0,0,0,X,0.0,0.0,0.0,0.0,0.0,0.0,0.0,0.0,41,0.056419183928083996,8,16,-8,0,0,0,0,0,0,0,0,1
1e4n,A,202,THR,-0.7,116.1,0.0,1,1,X,0.0,0.0,0.0,0.0,0.0,0.0,0.0,0.0,35,0.04429605349725603,7,9,-2,0,0,0,0,0,0,0,0,1
1e4n,A,203,GLY,-0.4,60.1,0.0,0,0,X,0.0,0.0,0.0,0.0,0.0,0.0,0.0,0.0,34,0.0526889899493677,18,9,9,0,0,0,0,0,0,0,0,1
1e4n,A,204,VAL,4.2,140.0,0.0,0,0,X,0.0,0.0,0.0,0.0,0.0,0.0,0.0,0.0,32,0.048958795970651406,17,11,6,0,0,0,0,0,0,0,0,1
1e4n,A,205,PHE,2.8,189.9,0.0,0,0,X,0.0,0.0,0.0,0.0,0.0,0.0,0.0,0.0,34,0.050823892960009553,13,8,5,0,0,0,0,0,0,0,0,1
1e4n,A,206,ALA,1.8,88.6,0.0,0,0,X,0.0,0.0,0.0,0.0,0.0,0.0,0.0,0.0,42,0.05129016720734909,31,13,18,0,0,0,0,0,0,0,0,1
1e4n,A,207,PRO,-1.6,112.7,0.0,0,0,X,0.0,0.0,0.0,0.0,0.0,0.0,0.0,0.0,40,0.05175644145468863,32,15,17,0,0,0,0,0,0,0,0,1
1e4n,A,208,GLY,-0.4,60.1,0.0,0,0,X,0.0,0.0,0.0,0.0,0.0,0.0,0.0,0.0,37,0.053621538444046775,33,12,21,0,0,0,0,0,0,0,0,1
1e4n,A,209,ARG,-4.5,173.4,1.0,5,0,X,0.0,0.0,0.0,0.0,0.0,0.0,0.0,0.0,34,0.058750555164781684,0,13,-13,0,0,0,0,0,0,0,0,1
1e4n,A,210,CYS,2.5,108.5,0.0,1,0,X,0.0,0.0,0.0,0.0,0.0,0.0,0.0,0.0,35,0.05968310365946076,14,15,-1,0,0,0,0,0,0,0,0,1
1e4n,A,211,SER,-0.8,89.0,0.0,1,1,X,0.0,0.0,0.0,0.0,0.0,0.0,0.0,0.0,27,0.04196468226055834,11,12,-1,0,0,0,0,0,0,0,0,1
1e4n,A,212,PRO,-1.6,112.7,0.0,0,0,X,0.0,0.0,0.0,0.0,0.0,0.0,0.0,0.0,18,0.026577632098353617,5,4,1,0,0,0,0,0,0,0,0,1
1e4n,A,213,GLY,-0.4,60.1,0.0,0,0,X,0.0,0.0,0.0,0.0,0.0,0.0,0.0,0.0,15,0.01958351838826056,0,8,-8,0,0,0,0,0,0,0,0,1
1e4n,A,214,LEU,3.8,166.7,0.0,0,0,X,0.0,0.0,0.0,0.0,0.0,0.0,0.0,0.0,24,0.029375277582390842,8,8,0,0,0,0,0,0,0,0,0,1
1e4n,A,215,ASP,-3.5,111.1,-1.0,1,3,X,0.0,0.0,0.0,0.0,0.0,0.0,0.0,0.0,19,0.02611135785101408,13,3,10,0,0,0,0,0,0,0,0,1
1e4n,A,216,CYS,2.5,108.5,0.0,1,0,X,0.0,0.0,0.0,0.0,0.0,0.0,0.0,0.0,27,0.040099585271200194,25,13,12,0,0,0,0,0,0,0,0,1
1e4n,A,217,ALA,1.8,88.6,0.0,0,0,X,0.0,0.0,0.0,0.0,0.0,0.0,0.0,0.0,24,0.03870076252918159,31,17,14,0,0,0,0,0,0,0,0,1
1e4n,A,218,TYR,-1.3,193.6,0.0,1,1,X,0.0,0.0,0.0,0.0,0.0,0.0,0.0,0.0,25,0.03730193978716297,28,6,22,0,0,0,0,0,0,0,0,1
1e4n,A,219,PRO,-1.6,112.7,0.0,0,0,X,0.0,0.0,0.0,0.0,0.0,0.0,0.0,0.0,23,0.040099585271200194,16,10,6,0,0,0,0,0,0,0,0,1
1e4n,A,220,THR,-0.7,116.1,0.0,1,1,X,0.0,0.0,0.0,0.0,0.0,0.0,0.0,0.0,18,0.03124037457174899,11,5,6,0,0,0,0,0,0,0,0,1
1e4n,A,221,GLY,-0.4,60.1,0.0,0,0,X,0.0,0.0,0.0,0.0,0.0,0.0,0.0,0.0,27,0.03916703677652112,13,9,4,0,0,0,0,0,0,0,0,1
1e4n,A,222,ASN,-3.5,114.1,0.0,2,2,X,0.0,0.0,0.0,0.0,0.0,0.0,0.0,0.0,28,0.040565859518539735,22,10,12,0,0,0,0,0,0,0,0,1
1e4n,A,223,SER,-0.8,89.0,0.0,1,1,X,0.0,0.0,0.0,0.0,0.0,0.0,0.0,0.0,36,0.053155264196707235,18,19,-1,0,0,0,0,0,0,0,0,1
1e4n,A,224,LEU,3.8,166.7,0.0,0,0,X,0.0,0.0,0.0,0.0,0.0,0.0,0.0,0.0,31,0.05035761871267001,12,28,-16,0,0,0,0,0,0,0,0,1
1e4n,A,225,VAL,4.2,140.0,0.0,0,0,X,0.0,0.0,0.0,0.0,0.0,0.0,0.0,0.0,31,0.043363505002576956,21,20,1,0,0,0,0,0,0,0,0,1
1e4n,A,226,GLU,-3.5,138.4,-1.0,1,3,X,0.0,0.0,0.0,0.0,0.0,0.0,0.0,0.0,39,0.048958795970651406,26,4,22,0,0,0,0,0,0,0,0,1
1e4n,A,227,PRO,-1.6,112.7,0.0,0,0,X,0.0,0.0,0.0,0.0,0.0,0.0,0.0,0.0,43,0.05455408693872585,18,11,7,0,0,0,0,0,0,0,0,1
1e4n,A,228,TYR,-1.3,193.6,0.0,1,1,X,0.0,0.0,0.0,0.0,0.0,0.0,0.0,0.0,39,0.05408781269138631,30,18,12,0,0,0,0,0,0,0,0,1
1e4n,A,229,THR,-0.7,116.1,0.0,1,1,X,0.0,0.0,0.0,0.0,0.0,0.0,0.0,0.0,36,0.048958795970651406,32,19,13,0,0,0,0,0,0,0,0,1
1e4n,A,230,ALA,1.8,88.6,0.0,0,0,X,0.0,0.0,0.0,0.0,0.0,0.0,0.0,0.0,41,0.05548663543340492,21,17,4,0,0,0,0,0,0,0,0,1
1e4n,A,231,GLY,-0.4,60.1,0.0,0,0,X,0.0,0.0,0.0,0.0,0.0,0.0,0.0,0.0,42,0.056419183928083996,21,9,12,0,0,0,0,0,0,0,0,1
1e4n,A,232,HIS,-3.2,153.2,0.1,2,1,X,0.0,0.0,0.0,0.0,0.0,0.0,0.0,0.0,40,0.0526889899493677,24,10,14,0,0,0,0,0,0,0,0,1
1e4n,A,233,ASN,-3.5,114.1,0.0,2,2,X,0.0,0.0,0.0,0.0,0.0,0.0,0.0,0.0,39,0.05548663543340492,35,12,23,0,0,0,0,0,0,0,0,1
1e4n,A,234,ILE,4.5,166.7,0.0,0,0,X,0.0,0.0,0.0,0.0,0.0,0.0,0.0,0.0,45,0.0526889899493677,22,6,16,0,0,0,0,0,0,0,0,1
1e4n,A,235,LEU,3.8,166.7,0.0,0,0,X,0.0,0.0,0.0,0.0,0.0,0.0,0.0,0.0,45,0.0526889899493677,28,13,15,0,0,0,0,0,0,0,0,1
1e4n,A,236,LEU,3.8,166.7,0.0,0,0,X,0.0,0.0,0.0,0.0,0.0,0.0,0.0,0.0,41,0.04989134446533048,56,16,40,0,0,0,0,0,0,0,0,1
1e4n,A,237,ALA,1.8,88.6,0.0,0,0,X,0.0,0.0,0.0,0.0,0.0,0.0,0.0,0.0,41,0.0526889899493677,30,23,7,0,0,0,0,0,0,0,0,1
1e4n,A,238,HIS,-3.2,153.2,0.1,2,1,X,0.0,0.0,0.0,0.0,0.0,0.0,0.0,0.0,49,0.04989134446533048,9,14,-5,0,0,0,0,0,0,0,0,1
1e4n,A,239,ALA,1.8,88.6,0.0,0,0,X,0.0,0.0,0.0,0.0,0.0,0.0,0.0,0.0,37,0.048958795970651406,24,24,0,0,0,0,0,0,0,0,0,1
1e4n,A,240,GLU,-3.5,138.4,-1.0,1,3,X,0.0,0.0,0.0,0.0,0.0,0.0,0.0,0.0,33,0.04243095650789788,26,22,4,0,0,0,0,0,0,0,0,1
1e4n,A,241,ALA,1.8,88.6,0.0,0,0,X,0.0,0.0,0.0,0.0,0.0,0.0,0.0,0.0,37,0.05129016720734909,33,23,10,0,0,0,0,0,0,0,0,1
1e4n,A,242,VAL,4.2,140.0,0.0,0,0,X,0.0,0.0,0.0,0.0,0.0,0.0,0.0,0.0,38,0.04755997322863279,37,19,18,0,0,0,0,0,0,0,0,1
1e4n,A,243,ASP,-3.5,111.1,-1.0,1,3,X,0.0,0.0,0.0,0.0,0.0,0.0,0.0,0.0,26,0.03823448828184205,37,13,24,0,0,0,0,0,0,0,0,1
1e4n,A,244,LEU,3.8,166.7,0.0,0,0,X,0.0,0.0,0.0,0.0,0.0,0.0,0.0,0.0,26,0.04755997322863279,36,21,15,0,0,0,0,0,0,0,0,1
1e4n,A,245,TYR,-1.3,193.6,0.0,1,1,X,0.0,0.0,0.0,0.0,0.0,0.0,0.0,0.0,38,0.048026247475972325,52,13,39,0,0,0,0,0,0,0,0,1
1e4n,A,246,ASN,-3.5,114.1,0.0,2,2,X,0.0,0.0,0.0,0.0,0.0,0.0,0.0,0.0,25,0.03870076252918159,39,12,27,0,0,0,0,0,0,0,0,1
1e4n,A,247,LYS,-3.9,168.6,1.0,2,0,X,0.0,0.0,0.0,0.0,0.0,0.0,0.0,0.0,13,0.030774100324409453,21,12,9,0,0,0,0,0,0,0,0,1
1e4n,A,248,HIS,-3.2,153.2,0.1,2,1,X,0.0,0.0,0.0,0.0,0.0,0.0,0.0,0.0,14,0.028909003335051305,23,14,9,0,0,0,0,0,0,0,0,1
1e4n,A,249,TYR,-1.3,193.6,0.0,1,1,X,0.0,0.0,0.0,0.0,0.0,0.0,0.0,0.0,25,0.04103213376587927,43,17,26,0,0,0,0,0,0,0,0,1
1e4n,A,250,LYS,-3.9,168.6,1.0,2,0,X,0.0,0.0,0.0,0.0,0.0,0.0,0.0,0.0,22,0.040565859518539735,35,18,17,0,0,0,0,0,0,0,0,1
1e4n,A,251,ARG,-4.5,173.4,1.0,5,0,X,0.0,0.0,0.0,0.0,0.0,0.0,0.0,0.0,20,0.02797645484037223,32,22,10,0,0,0,0,0,0,0,0,1
1e4n,A,252,ASP,-3.5,111.1,-1.0,1,3,X,0.0,0.0,0.0,0.0,0.0,0.0,0.0,0.0,9,0.019117244140921023,30,8,22,0,0,0,0,0,0,0,0,1
1e4n,A,253,ASP,-3.5,111.1,-1.0,1,3,X,0.0,0.0,0.0,0.0,0.0,0.0,0.0,0.0,17,0.025645083603674543,42,15,27,0,0,0,0,0,0,0,0,1
1e4n,A,254,THR,-0.7,116.1,0.0,1,1,X,0.0,0.0,0.0,0.0,0.0,0.0,0.0,0.0,23,0.04476232774459557,43,22,21,0,0,0,0,0,0,0,0,1
1e4n,A,255,ARG,-4.5,173.4,1.0,5,0,X,0.0,0.0,0.0,0.0,0.0,0.0,0.0,0.0,29,0.045694876239274644,21,15,6,0,0,0,0,0,0,0,0,1
1e4n,A,256,ILE,4.5,166.7,0.0,0,0,X,0.0,0.0,0.0,0.0,0.0,0.0,0.0,0.0,36,0.0526889899493677,34,6,28,0,0,0,0,0,0,0,0,1
1e4n,A,257,GLY,-0.4,60.1,0.0,0,0,X,0.0,0.0,0.0,0.0,0.0,0.0,0.0,0.0,39,0.04989134446533048,22,0,22,0,0,0,0,0,0,0,0,1
1e4n,A,258,LEU,3.8,166.7,0.0,0,0,X,0.0,0.0,0.0,0.0,0.0,0.0,0.0,0.0,45,0.04989134446533048,14,8,6,0,0,0,0,0,0,0,0,1
1e4n,A,259,ALA,1.8,88.6,0.0,0,0,X,0.0,0.0,0.0,0.0,0.0,0.0,0.0,0.0,42,0.05222271570202816,19,25,-6,0,0,0,0,0,0,0,0,1
1e4n,A,260,PHE,2.8,189.9,0.0,0,0,X,0.0,0.0,0.0,0.0,0.0,0.0,0.0,0.0,41,0.056419183928083996,5,18,-13,0,0,0,0,0,0,0,0,1
1e4n,A,261,ASP,-3.5,111.1,-1.0,1,3,X,0.0,0.0,0.0,0.0,0.0,0.0,0.0,0.0,39,0.05222271570202816,6,17,-11,0,0,0,0,0,0,0,0,1
1e4n,A,262,VAL,4.2,140.0,0.0,0,0,X,0.0,0.0,0.0,0.0,0.0,0.0,0.0,0.0,38,0.048026247475972325,11,24,-13,0,0,0,0,0,0,0,0,1
1e4n,A,263,MET,1.9,162.9,0.0,0,0,X,0.0,0.0,0.0,0.0,0.0,0.0,0.0,0.0,34,0.04942507021799094,22,12,10,0,0,0,0,0,0,0,0,1
1e4n,A,264,GLY,-0.4,60.1,0.0,0,0,X,0.0,0.0,0.0,0.0,0.0,0.0,0.0,0.0,35,0.056419183928083996,25,28,-3,0,0,0,0,0,0,0,0,1
1e4n,A,265,ARG,-4.5,173.4,1.0,5,0,X,0.0,0.0,0.0,0.0,0.0,0.0,0.0,0.0,39,0.05408781269138631,19,34,-15,0,0,0,0,0,0,0,0,1
1e4n,A,266,VAL,4.2,140.0,0.0,0,0,X,0.0,0.0,0.0,0.0,0.0,0.0,0.0,0.0,34,0.045228601991935104,29,37,-8,0,0,0,0,0,0,0,0,1
1e4n,A,267,PRO,-1.6,112.7,0.0,0,0,X,0.0,0.0,0.0,0.0,0.0,0.0,0.0,0.0,32,0.045228601991935104,29,29,0,0,0,0,0,0,0,0,0,1
1e4n,A,268,TYR,-1.3,193.6,0.0,1,1,X,0.0,0.0,0.0,0.0,0.0,0.0,0.0,0.0,27,0.04616115048661418,17,25,-8,0,0,0,0,0,0,0,0,1
1e4n,A,269,GLY,-0.4,60.1,0.0,0,0,X,0.0,0.0,0.0,0.0,0.0,0.0,0.0,0.0,21,0.03310547156110714,16,18,-2,0,0,0,0,0,0,0,0,1
1e4n,A,270,THR,-0.7,116.1,0.0,1,1,X,0.0,0.0,0.0,0.0,0.0,0.0,0.0,0.0,13,0.02144861537761871,7,8,-1,0,0,0,0,0,0,0,0,1
1e4n,A,271,SER,-0.8,89.0,0.0,1,1,X,0.0,0.0,0.0,0.0,0.0,0.0,0.0,0.0,21,0.024246260861655933,28,11,17,0,0,0,0,0,0,0,0,1
1e4n,A,272,PHE,2.8,189.9,0.0,0,0,X,0.0,0.0,0.0,0.0,0.0,0.0,0.0,0.0,26,0.03357174580844668,29,25,4,0,0,0,0,0,0,0,0,1
1e4n,A,273,LEU,3.8,166.7,0.0,0,0,X,0.0,0.0,0.0,0.0,0.0,0.0,0.0,0.0,30,0.03963331102386066,38,26,12,0,0,0,0,0,0,0,0,1
1e4n,A,274,ASP,-3.5,111.1,-1.0,1,3,X,0.0,0.0,0.0,0.0,0.0,0.0,0.0,0.0,30,0.05035761871267001,30,17,13,0,0,0,0,0,0,0,0,1
1e4n,A,275,LYS,-3.9,168.6,1.0,2,0,X,0.0,0.0,0.0,0.0,0.0,0.0,0.0,0.0,22,0.04289723075523742,21,28,-7,0,0,0,0,0,0,0,0,1
1e4n,A,276,GLN,-3.5,143.8,0.0,2,2,X,0.0,0.0,0.0,0.0,0.0,0.0,0.0,0.0,28,0.04289723075523742,33,42,-9,0,0,0,0,0,0,0,0,1
1e4n,A,277,ALA,1.8,88.6,0.0,0,0,X,0.0,0.0,0.0,0.0,0.0,0.0,0.0,0.0,35,0.056419183928083996,39,38,1,0,0,0,0,0,0,0,0,1
1e4n,A,278,GLU,-3.5,138.4,-1.0,1,3,X,0.0,0.0,0.0,0.0,0.0,0.0,0.0,0.0,33,0.05735173242276307,41,27,14,0,0,0,0,0,0,0,0,1
1e4n,A,279,GLU,-3.5,138.4,-1.0,1,3,X,0.0,0.0,0.0,0.0,0.0,0.0,0.0,0.0,27,0.04243095650789788,33,22,11,0,0,0,0,0,0,0,0,1
1e4n,A,280,ARG,-4.5,173.4,1.0,5,0,X,0.0,0.0,0.0,0.0,0.0,0.0,0.0,0.0,34,0.048026247475972325,14,41,-27,0,0,0,0,0,0,0,0,1
1e4n,A,281,SER,-0.8,89.0,0.0,1,1,X,0.0,0.0,0.0,0.0,0.0,0.0,0.0,0.0,42,0.05175644145468863,35,38,-3,0,0,0,0,0,0,0,0,1
1e4n,A,282,TRP,-0.9,227.8,0.0,1,0,X,0.0,0.0,0.0,0.0,0.0,0.0,0.0,0.0,38,0.05175644145468863,32,37,-5,0,0,0,0,0,0,0,0,1
1e4n,A,283,ASP,-3.5,111.1,-1.0,1,3,X,0.0,0.0,0.0,0.0,0.0,0.0,0.0,0.0,36,0.048958795970651406,23,26,-3,0,0,0,0,0,0,0,0,1
1e4n,A,284,ILE,4.5,166.7,0.0,0,0,X,0.0,0.0,0.0,0.0,0.0,0.0,0.0,0.0,39,0.050823892960009553,16,29,-13,0,0,0,0,0,0,0,0,1
1e4n,A,285,ASN,-3.5,114.1,0.0,2,2,X,0.0,0.0,0.0,0.0,0.0,0.0,0.0,0.0,36,0.05129016720734909,13,24,-11,0,0,0,0,0,0,0,0,1
1e4n,A,286,LEU,3.8,166.7,0.0,0,0,X,0.0,0.0,0.0,0.0,0.0,0.0,0.0,0.0,37,0.0526889899493677,13,28,-15,0,0,0,0,0,0,0,0,1
1e4n,A,287,GLY,-0.4,60.1,0.0,0,0,X,0.0,0.0,0.0,0.0,0.0,0.0,0.0,0.0,37,0.0526889899493677,13,26,-13,0,0,0,0,0,0,0,0,1
1e4n,A,288,TRP,-0.9,227.8,0.0,1,0,X,0.0,0.0,0.0,0.0,0.0,0.0,0.0,0.0,45,0.05502036118606539,10,22,-12,0,0,0,0,0,0,0,0,1
1e4n,A,289,PHE,2.8,189.9,0.0,0,0,X,0.0,0.0,0.0,0.0,0.0,0.0,0.0,0.0,43,0.05408781269138631,15,26,-11,0,0,0,0,0,0,0,0,1
1e4n,A,290,LEU,3.8,166.7,0.0,0,0,X,0.0,0.0,0.0,0.0,0.0,0.0,0.0,0.0,44,0.04709369898129325,17,22,-5,0,0,0,0,0,0,0,0,1
1e4n,A,291,GLU,-3.5,138.4,-1.0,1,3,X,0.0,0.0,0.0,0.0,0.0,0.0,0.0,0.0,37,0.05035761871267001,20,19,1,0,0,0,0,0,0,0,0,1
1e4n,A,292,PRO,-1.6,112.7,0.0,0,0,X,0.0,0.0,0.0,0.0,0.0,0.0,0.0,0.0,40,0.05595290968074446,34,19,15,0,0,0,0,0,0,0,0,1
1e4n,A,293,VAL,4.2,140.0,0.0,0,0,X,0.0,0.0,0.0,0.0,0.0,0.0,0.0,0.0,39,0.053621538444046775,26,17,9,0,0,0,0,0,0,0,0,1
1e4n,A,294,VAL,4.2,140.0,0.0,0,0,X,0.0,0.0,0.0,0.0,0.0,0.0,0.0,0.0,34,0.04429605349725603,21,15,6,0,0,0,0,0,0,0,0,1
1e4n,A,295,ARG,-4.5,173.4,1.0,5,0,X,0.0,0.0,0.0,0.0,0.0,0.0,0.0,0.0,29,0.03683566553982344,14,24,-10,0,0,0,0,0,0,0,0,1
1e4n,A,296,GLY,-0.4,60.1,0.0,0,0,X,0.0,0.0,0.0,0.0,0.0,0.0,0.0,0.0,35,0.04755997322863279,35,39,-4,0,0,0,0,0,0,0,0,1
1e4n,A,297,ASP,-3.5,111.1,-1.0,1,3,X,0.0,0.0,0.0,0.0,0.0,0.0,0.0,0.0,35,0.05035761871267001,37,20,17,0,0,0,0,0,0,0,0,1
1e4n,A,298,TYR,-1.3,193.6,0.0,1,1,X,0.0,0.0,0.0,0.0,0.0,0.0,0.0,0.0,36,0.05129016720734909,43,24,19,0,0,0,0,0,0,0,0,1
1e4n,A,299,PRO,-1.6,112.7,0.0,0,0,X,0.0,0.0,0.0,0.0,0.0,0.0,0.0,0.0,38,0.048958795970651406,31,32,-1,0,0,0,0,0,0,0,0,1
1e4n,A,300,PHE,2.8,189.9,0.0,0,0,X,0.0,0.0,0.0,0.0,0.0,0.0,0.0,0.0,28,0.04755997322863279,29,24,5,0,0,0,0,0,0,0,0,1
1e4n,A,301,SER,-0.8,89.0,0.0,1,1,X,0.0,0.0,0.0,0.0,0.0,0.0,0.0,0.0,33,0.04196468226055834,36,28,8,0,0,0,0,0,0,0,0,1
1e4n,A,302,MET,1.9,162.9,0.0,0,0,X,0.0,0.0,0.0,0.0,0.0,0.0,0.0,0.0,36,0.05175644145468863,36,32,4,0,0,0,0,0,0,0,0,1
1e4n,A,303,ARG,-4.5,173.4,1.0,5,0,X,0.0,0.0,0.0,0.0,0.0,0.0,0.0,0.0,30,0.050823892960009553,23,25,-2,0,0,0,0,0,0,0,0,1
1e4n,A,304,SER,-0.8,89.0,0.0,1,1,X,0.0,0.0,0.0,0.0,0.0,0.0,0.0,0.0,22,0.045228601991935104,47,14,33,0,0,0,0,0,0,0,0,1
1e4n,A,305,LEU,3.8,166.7,0.0,0,0,X,0.0,0.0,0.0,0.0,0.0,0.0,0.0,0.0,26,0.04709369898129325,50,20,30,0,0,0,0,0,0,0,0,1
1e4n,A,306,ALA,1.8,88.6,0.0,0,0,X,0.0,0.0,0.0,0.0,0.0,0.0,0.0,0.0,29,0.04942507021799094,39,21,18,0,0,0,0,0,0,0,0,1
1e4n,A,307,ARG,-4.5,173.4,1.0,5,0,X,0.0,0.0,0.0,0.0,0.0,0.0,0.0,0.0,17,0.040099585271200194,23,17,6,0,0,0,0,0,0,0,0,1
1e4n,A,308,GLU,-3.5,138.4,-1.0,1,3,X,0.0,0.0,0.0,0.0,0.0,0.0,0.0,0.0,15,0.02844272908771177,35,3,32,0,0,0,0,0,0,0,0,1
1e4n,A,309,ARG,-4.5,173.4,1.0,5,0,X,0.0,0.0,0.0,0.0,0.0,0.0,0.0,0.0,26,0.03730193978716297,16,22,-6,0,0,0,0,0,0,0,0,1
1e4n,A,310,LEU,3.8,166.7,0.0,0,0,X,0.0,0.0,0.0,0.0,0.0,0.0,0.0,0.0,33,0.05129016720734909,41,22,19,0,0,0,0,0,0,0,0,1
1e4n,A,311,PRO,-1.6,112.7,0.0,0,0,X,0.0,0.0,0.0,0.0,0.0,0.0,0.0,0.0,29,0.040565859518539735,42,13,29,0,0,0,0,0,0,0,0,1
1e4n,A,312,PHE,2.8,189.9,0.0,0,0,X,0.0,0.0,0.0,0.0,0.0,0.0,0.0,0.0,23,0.03916703677652112,39,18,21,0,0,0,0,0,0,0,0,1
1e4n,A,313,PHE,2.8,189.9,0.0,0,0,X,0.0,0.0,0.0,0.0,0.0,0.0,0.0,0.0,32,0.04103213376587927,46,27,19,0,0,0,0,0,0,0,0,1
1e4n,A,314,LYS,-3.9,168.6,1.0,2,0,X,0.0,0.0,0.0,0.0,0.0,0.0,0.0,0.0,17,0.02844272908771177,25,22,3,0,0,0,0,0,0,0,0,1
1e4n,A,315,ASP,-3.5,111.1,-1.0,1,3,X,0.0,0.0,0.0,0.0,0.0,0.0,0.0,0.0,14,0.02797645484037223,22,21,1,0,0,0,0,0,0,0,0,1
1e4n,A,316,GLU,-3.5,138.4,-1.0,1,3,X,0.0,0.0,0.0,0.0,0.0,0.0,0.0,0.0,12,0.02984155182973038,26,22,4,0,0,0,0,0,0,0,0,1
1e4n,A,317,GLN,-3.5,143.8,0.0,2,2,X,0.0,0.0,0.0,0.0,0.0,0.0,0.0,0.0,26,0.043363505002576956,42,39,3,0,0,0,0,0,0,0,0,1
1e4n,A,318,LYS,-3.9,168.6,1.0,2,0,X,0.0,0.0,0.0,0.0,0.0,0.0,0.0,0.0,27,0.043363505002576956,32,39,-7,0,0,0,0,0,0,0,0,1
1e4n,A,319,GLU,-3.5,138.4,-1.0,1,3,X,0.0,0.0,0.0,0.0,0.0,0.0,0.0,0.0,19,0.028909003335051305,28,21,7,0,0,0,0,0,0,0,0,1
1e4n,A,320,LYS,-3.9,168.6,1.0,2,0,X,0.0,0.0,0.0,0.0,0.0,0.0,0.0,0.0,27,0.03870076252918159,24,39,-15,0,0,0,0,0,0,0,0,1
1e4n,A,321,LEU,3.8,166.7,0.0,0,0,X,0.0,0.0,0.0,0.0,0.0,0.0,0.0,0.0,35,0.05455408693872585,40,37,3,0,0,0,0,0,0,0,0,1
1e4n,A,322,ALA,1.8,88.6,0.0,0,0,X,0.0,0.0,0.0,0.0,0.0,0.0,0.0,0.0,24,0.03963331102386066,25,21,4,0,0,0,0,0,0,0,0,1
1e4n,A,323,GLY,-0.4,60.1,0.0,0,0,X,0.0,0.0,0.0,0.0,0.0,0.0,0.0,0.0,29,0.03170664881908853,22,10,12,0,0,0,0,0,0,0,0,1
1e4n,A,324,SER,-0.8,89.0,0.0,1,1,X,0.0,0.0,0.0,0.0,0.0,0.0,0.0,0.0,38,0.045228601991935104,24,17,7,0,0,0,0,0,0,0,0,1
1e4n,A,325,TYR,-1.3,193.6,0.0,1,1,X,0.0,0.0,0.0,0.0,0.0,0.0,0.0,0.0,35,0.04196468226055834,14,4,10,0,0,0,0,0,0,0,0,1
1e4n,A,326,ASN,-3.5,114.1,0.0,2,2,X,0.0,0.0,0.0,0.0,0.0,0.0,0.0,0.0,30,0.03776821403450251,24,6,18,0,0,0,0,0,0,0,0,1
1e4n,A,327,MET,1.9,162.9,0.0,0,0,X,0.0,0.0,0.0,0.0,0.0,0.0,0.0,0.0,37,0.04662742473395372,18,0,18,0,0,0,0,0,0,0,0,1
1e4n,A,328,LEU,3.8,166.7,0.0,0,0,X,0.0,0.0,0.0,0.0,0.0,0.0,0.0,0.0,40,0.05175644145468863,9,1,8,0,0,0,0,0,0,0,0,1
1e4n,A,329,GLY,-0.4,60.1,0.0,0,0,X,0.0,0.0,0.0,0.0,0.0,0.0,0.0,0.0,41,0.050823892960009553,6,20,-14,0,0,0,0,0,0,0,0,1
1e4n,A,330,LEU,3.8,166.7,0.0,0,0,X,0.0,0.0,0.0,0.0,0.0,0.0,0.0,0.0,40,0.05035761871267001,4,19,-15,0,0,0,0,0,0,0,0,1
1e4n,A,331,ASN,-3.5,114.1,0.0,2,2,X,0.0,0.0,0.0,0.0,0.0,0.0,0.0,0.0,41,0.05129016720734909,9,25,-16,0,0,0,0,0,0,0,0,1
1e4n,A,332,TYR,-1.3,193.6,0.0,1,1,X,0.0,0.0,0.0,0.0,0.0,0.0,0.0,0.0,38,0.05595290968074446,18,23,-5,0,0,0,0,0,0,0,0,1
1e4n,A,333,TYR,-1.3,193.6,0.0,1,1,X,0.0,0.0,0.0,0.0,0.0,0.0,0.0,0.0,39,0.05129016720734909,8,21,-13,0,0,0,0,0,0,0,0,1
1e4n,A,334,THR,-0.7,116.1,0.0,1,1,X,0.0,0.0,0.0,0.0,0.0,0.0,0.0,0.0,39,0.05502036118606539,26,7,19,0,0,0,0,0,0,0,0,1
1e4n,A,335,SER,-0.8,89.0,0.0,1,1,X,0.0,0.0,0.0,0.0,0.0,0.0,0.0,0.0,36,0.05408781269138631,26,15,11,0,0,0,0,0,0,0,0,1
1e4n,A,336,ARG,-4.5,173.4,1.0,5,0,X,0.0,0.0,0.0,0.0,0.0,0.0,0.0,0.0,32,0.05222271570202816,12,9,3,0,0,0,0,0,0,0,0,1
1e4n,A,337,PHE,2.8,189.9,0.0,0,0,X,0.0,0.0,0.0,0.0,0.0,0.0,0.0,0.0,31,0.05595290968074446,34,26,8,0,0,0,0,0,0,0,0,1
1e4n,A,338,SER,-0.8,89.0,0.0,1,1,X,0.0,0.0,0.0,0.0,0.0,0.0,0.0,0.0,37,0.06108192640147937,46,32,14,0,0,0,0,0,0,0,0,1
1e4n,A,339,LYS,-3.9,168.6,1.0,2,0,X,0.0,0.0,0.0,0.0,0.0,0.0,0.0,0.0,30,0.050823892960009553,5,25,-20,0,0,0,0,0,0,0,0,1
1e4n,A,340,ASN,-3.5,114.1,0.0,2,2,X,0.0,0.0,0.0,0.0,0.0,0.0,0.0,0.0,30,0.048492521723311866,28,24,4,0,0,0,0,0,0,0,0,1
1e4n,A,341,ILE,4.5,166.7,0.0,0,0,X,0.0,0.0,0.0,0.0,0.0,0.0,0.0,0.0,29,0.03870076252918159,19,28,-9,0,0,0,0,0,0,0,0,1
1e4n,A,342,ASP,-3.5,111.1,-1.0,1,3,X,0.0,0.0,0.0,0.0,0.0,0.0,0.0,0.0,30,0.040099585271200194,30,12,18,0,0,0,0,0,0,0,0,1
1e4n,A,343,ILE,4.5,166.7,0.0,0,0,X,0.0,0.0,0.0,0.0,0.0,0.0,0.0,0.0,32,0.04429605349725603,33,18,15,0,0,0,0,0,0,0,0,1
1e4n,A,344,SER,-0.8,89.0,0.0,1,1,X,0.0,0.0,0.0,0.0,0.0,0.0,0.0,0.0,19,0.03450429430312575,17,15,2,0,0,0,0,0,0,0,0,1
1e4n,A,345,PRO,-1.6,112.7,0.0,0,0,X,0.0,0.0,0.0,0.0,0.0,0.0,0.0,0.0,19,0.020516066882939634,12,9,3,0,0,0,0,0,0,0,0,1
1e4n,A,346,ASN,-3.5,114.1,0.0,2,2,X,0.0,0.0,0.0,0.0,0.0,0.0,0.0,0.0,13,0.017252147151562876,2,10,-8,0,0,0,0,0,0,0,0,1
1e4n,A,347,TYR,-1.3,193.6,0.0,1,1,X,0.0,0.0,0.0,0.0,0.0,0.0,0.0,0.0,23,0.02984155182973038,1,21,-20,0,0,0,0,0,0,0,0,1
1e4n,A,348,SER,-0.8,89.0,0.0,1,1,X,0.0,0.0,0.0,0.0,0.0,0.0,0.0,0.0,16,0.02611135785101408,4,17,-13,0,0,0,0,0,0,0,0,1
1e4n,A,349,PRO,-1.6,112.7,0.0,0,0,X,0.0,0.0,0.0,0.0,0.0,0.0,0.0,0.0,28,0.03730193978716297,10,17,-7,0,0,0,0,0,0,0,0,1
1e4n,A,350,VAL,4.2,140.0,0.0,0,0,X,0.0,0.0,0.0,0.0,0.0,0.0,0.0,0.0,22,0.03357174580844668,5,14,-9,0,0,0,0,0,0,0,0,1
1e4n,A,351,LEU,3.8,166.7,0.0,0,0,X,0.0,0.0,0.0,0.0,0.0,0.0,0.0,0.0,31,0.04476232774459557,5,15,-10,0,0,0,0,0,0,0,0,1
1e4n,A,352,ASN,-3.5,114.1,0.0,2,2,X,0.0,0.0,0.0,0.0,0.0,0.0,0.0,0.0,38,0.05548663543340492,10,21,-11,0,0,0,0,0,0,0,0,1
1e4n,A,353,THR,-0.7,116.1,0.0,1,1,X,0.0,0.0,0.0,0.0,0.0,0.0,0.0,0.0,34,0.0363693912924839,9,18,-9,0,0,0,0,0,0,0,0,1
1e4n,A,354,ASP,-3.5,111.1,-1.0,1,3,X,0.0,0.0,0.0,0.0,0.0,0.0,0.0,0.0,24,0.045228601991935104,4,8,-4,0,0,0,0,0,0,0,0,1
1e4n,A,355,ASP,-3.5,111.1,-1.0,1,3,X,0.0,0.0,0.0,0.0,0.0,0.0,0.0,0.0,33,0.04989134446533048,35,9,26,0,0,0,0,0,0,0,0,1
1e4n,A,356,ALA,1.8,88.6,0.0,0,0,X,0.0,0.0,0.0,0.0,0.0,0.0,0.0,0.0,38,0.0526889899493677,23,37,-14,0,0,0,0,0,0,0,0,1
1e4n,A,357,TYR,-1.3,193.6,0.0,1,1,X,0.0,0.0,0.0,0.0,0.0,0.0,0.0,0.0,33,0.05129016720734909,22,24,-2,0,0,0,0,0,0,0,0,1
1e4n,A,358,ALA,1.8,88.6,0.0,0,0,X,0.0,0.0,0.0,0.0,0.0,0.0,0.0,0.0,35,0.050823892960009553,29,42,-13,0,0,0,0,0,0,0,0,1
1e4n,A,359,SER,-0.8,89.0,0.0,1,1,X,0.0,0.0,0.0,0.0,0.0,0.0,0.0,0.0,27,0.03590311704514436,27,27,0,0,0,0,0,0,0,0,0,1
1e4n,A,360,GLN,-3.5,143.8,0.0,2,2,X,0.0,0.0,0.0,0.0,0.0,0.0,0.0,0.0,32,0.03823448828184205,31,22,9,0,0,0,0,0,0,0,0,1
1e4n,A,361,GLU,-3.5,138.4,-1.0,1,3,X,0.0,0.0,0.0,0.0,0.0,0.0,0.0,0.0,27,0.043363505002576956,25,3,22,0,0,0,0,0,0,0,0,1
1e4n,A,362,VAL,4.2,140.0,0.0,0,0,X,0.0,0.0,0.0,0.0,0.0,0.0,0.0,0.0,30,0.04149840801321881,17,10,7,0,0,0,0,0,0,0,0,1
1e4n,A,363,ASN,-3.5,114.1,0.0,2,2,X,0.0,0.0,0.0,0.0,0.0,0.0,0.0,0.0,18,0.043829779249916496,20,17,3,0,0,0,0,0,0,0,0,1
1e4n,A,364,GLY,-0.4,60.1,0.0,0,0,X,0.0,0.0,0.0,0.0,0.0,0.0,0.0,0.0,20,0.043363505002576956,19,18,1,0,0,0,0,0,0,0,0,1
1e4n,A,365,PRO,-1.6,112.7,0.0,0,0,X,0.0,0.0,0.0,0.0,0.0,0.0,0.0,0.0,17,0.026577632098353617,14,17,-3,0,0,0,0,0,0,0,0,1
1e4n,A,366,ASP,-3.5,111.1,-1.0,1,3,X,0.0,0.0,0.0,0.0,0.0,0.0,0.0,0.0,10,0.01958351838826056,9,0,9,0,0,0,0,0,0,0,0,1
1e4n,A,367,GLY,-0.4,60.1,0.0,0,0,X,0.0,0.0,0.0,0.0,0.0,0.0,0.0,0.0,12,0.024246260861655933,9,13,-4,0,0,0,0,0,0,0,0,1
1e4n,A,368,LYS,-3.9,168.6,1.0,2,0,X,0.0,0.0,0.0,0.0,0.0,0.0,0.0,0.0,12,0.02797645484037223,0,8,-8,0,0,0,0,0,0,0,0,1
1e4n,A,369,PRO,-1.6,112.7,0.0,0,0,X,0.0,0.0,0.0,0.0,0.0,0.0,0.0,0.0,22,0.03730193978716297,15,12,3,0,0,0,0,0,0,0,0,1
1e4n,A,370,ILE,4.5,166.7,0.0,0,0,X,0.0,0.0,0.0,0.0,0.0,0.0,0.0,0.0,34,0.045694876239274644,22,15,7,0,0,0,0,0,0,0,0,1
1e4n,A,371,GLY,-0.4,60.1,0.0,0,0,X,0.0,0.0,0.0,0.0,0.0,0.0,0.0,0.0,27,0.03776821403450251,15,5,10,0,0,0,0,0,0,0,0,1
1e4n,A,372,PRO,-1.6,112.7,0.0,0,0,X,0.0,0.0,0.0,0.0,0.0,0.0,0.0,0.0,24,0.029375277582390842,18,4,14,0,0,0,0,0,0,0,0,1
1e4n,A,373,PRO,-1.6,112.7,0.0,0,0,X,0.0,0.0,0.0,0.0,0.0,0.0,0.0,0.0,22,0.03403802005578621,9,1,8,0,0,0,0,0,0,0,0,1
1e4n,A,374,MET,1.9,162.9,0.0,0,0,X,0.0,0.0,0.0,0.0,0.0,0.0,0.0,0.0,30,0.045228601991935104,26,15,11,0,0,0,0,0,0,0,0,1
1e4n,A,375,GLY,-0.4,60.1,0.0,0,0,X,0.0,0.0,0.0,0.0,0.0,0.0,0.0,0.0,23,0.03683566553982344,12,16,-4,0,0,0,0,0,0,0,0,1
1e4n,A,376,ASN,-3.5,114.1,0.0,2,2,X,0.0,0.0,0.0,0.0,0.0,0.0,0.0,0.0,29,0.0363693912924839,12,19,-7,0,0,0,0,0,0,0,0,1
1e4n,A,377,PRO,-1.6,112.7,0.0,0,0,X,0.0,0.0,0.0,0.0,0.0,0.0,0.0,0.0,19,0.024246260861655933,4,7,-3,0,0,0,0,0,0,0,0,1
1e4n,A,378,TRP,-0.9,227.8,0.0,1,0,X,0.0,0.0,0.0,0.0,0.0,0.0,0.0,0.0,27,0.032639197313767604,6,6,0,0,0,0,0,0,0,0,0,1
1e4n,A,379,ILE,4.5,166.7,0.0,0,0,X,0.0,0.0,0.0,0.0,0.0,0.0,0.0,0.0,31,0.053621538444046775,15,8,7,0,0,0,0,0,0,0,0,1
1e4n,A,380,TYR,-1.3,193.6,0.0,1,1,X,0.0,0.0,0.0,0.0,0.0,0.0,0.0,0.0,26,0.05502036118606539,12,3,9,0,0,0,0,0,0,0,0,1
1e4n,A,381,MET,1.9,162.9,0.0,0,0,X,0.0,0.0,0.0,0.0,0.0,0.0,0.0,0.0,31,0.05175644145468863,32,12,20,0,0,0,0,0,0,0,0,1
1e4n,A,382,TYR,-1.3,193.6,0.0,1,1,X,0.0,0.0,0.0,0.0,0.0,0.0,0.0,0.0,31,0.04616115048661418,25,17,8,0,0,0,0,0,0,0,0,1
1e4n,A,383,PRO,-1.6,112.7,0.0,0,0,X,0.0,0.0,0.0,0.0,0.0,0.0,0.0,0.0,32,0.04942507021799094,30,23,7,0,0,0,0,0,0,0,0,1
1e4n,A,384,GLU,-3.5,138.4,-1.0,1,3,X,0.0,0.0,0.0,0.0,0.0,0.0,0.0,0.0,25,0.034970568550465285,21,15,6,0,0,0,0,0,0,0,0,1
1e4n,A,385,GLY,-0.4,60.1,0.0,0,0,X,0.0,0.0,0.0,0.0,0.0,0.0,0.0,0.0,33,0.04989134446533048,29,18,11,0,0,0,0,0,0,0,0,1
1e4n,A,386,LEU,3.8,166.7,0.0,0,0,X,0.0,0.0,0.0,0.0,0.0,0.0,0.0,0.0,41,0.05502036118606539,23,23,0,0,0,0,0,0,0,0,0,1
1e4n,A,387,LYS,-3.9,168.6,1.0,2,0,X,0.0,0.0,0.0,0.0,0.0,0.0,0.0,0.0,28,0.045694876239274644,12,27,-15,0,0,0,0,0,0,0,0,1
1e4n,A,388,ASP,-3.5,111.1,-1.0,1,3,X,0.0,0.0,0.0,0.0,0.0,0.0,0.0,0.0,31,0.04149840801321881,17,14,3,0,0,0,0,0,0,0,0,1
1e4n,A,389,LEU,3.8,166.7,0.0,0,0,X,0.0,0.0,0.0,0.0,0.0,0.0,0.0,0.0,41,0.04616115048661418,19,15,4,0,0,0,0,0,0,0,0,1
1e4n,A,390,LEU,3.8,166.7,0.0,0,0,X,0.0,0.0,0.0,0.0,0.0,0.0,0.0,0.0,39,0.04755997322863279,21,17,4,0,0,0,0,0,0,0,0,1
1e4n,A,391,MET,1.9,162.9,0.0,0,0,X,0.0,0.0,0.0,0.0,0.0,0.0,0.0,0.0,24,0.040099585271200194,24,15,9,0,0,0,0,0,0,0,0,1
1e4n,A,392,ILE,4.5,166.7,0.0,0,0,X,0.0,0.0,0.0,0.0,0.0,0.0,0.0,0.0,30,0.043829779249916496,27,17,10,0,0,0,0,0,0,0,0,1
1e4n,A,393,MET,1.9,162.9,0.0,0,0,X,0.0,0.0,0.0,0.0,0.0,0.0,0.0,0.0,34,0.05035761871267001,20,5,15,0,0,0,0,0,0,0,0,1
1e4n,A,394,LYS,-3.9,168.6,1.0,2,0,X,0.0,0.0,0.0,0.0,0.0,0.0,0.0,0.0,23,0.04429605349725603,8,5,3,0,0,0,0,0,0,0,0,1
1e4n,A,395,ASN,-3.5,114.1,0.0,2,2,X,0.0,0.0,0.0,0.0,0.0,0.0,0.0,0.0,19,0.02984155182973038,19,3,16,0,0,0,0,0,0,0,0,1
1e4n,A,396,LYS,-3.9,168.6,1.0,2,0,X,0.0,0.0,0.0,0.0,0.0,0.0,0.0,0.0,27,0.03310547156110714,13,16,-3,0,0,0,0,0,0,0,0,1
1e4n,A,397,TYR,-1.3,193.6,0.0,1,1,X,0.0,0.0,0.0,0.0,0.0,0.0,0.0,0.0,35,0.03730193978716297,21,14,7,0,0,0,0,0,0,0,0,1
1e4n,A,398,GLY,-0.4,60.1,0.0,0,0,X,0.0,0.0,0.0,0.0,0.0,0.0,0.0,0.0,20,0.026577632098353617,16,0,16,0,0,0,0,0,0,0,0,1
1e4n,A,399,ASN,-3.5,114.1,0.0,2,2,X,0.0,0.0,0.0,0.0,0.0,0.0,0.0,0.0,23,0.040099585271200194,14,0,14,0,0,0,0,0,0,0,0,1
1e4n,A,400,PRO,-1.6,112.7,0.0,0,0,X,0.0,0.0,0.0,0.0,0.0,0.0,0.0,0.0,30,0.03963331102386066,12,0,12,0,0,0,0,0,0,0,0,1
1e4n,A,401,PRO,-1.6,112.7,0.0,0,0,X,0.0,0.0,0.0,0.0,0.0,0.0,0.0,0.0,28,0.04429605349725603,10,0,10,0,0,0,0,0,0,0,0,1
1e4n,A,402,ILE,4.5,166.7,0.0,0,0,X,0.0,0.0,0.0,0.0,0.0,0.0,0.0,0.0,40,0.05175644145468863,7,0,7,0,0,0,0,0,0,0,0,1
1e4n,A,403,TYR,-1.3,193.6,0.0,1,1,X,0.0,0.0,0.0,0.0,0.0,0.0,0.0,0.0,35,0.05408781269138631,11,3,8,0,0,0,0,0,0,0,0,1
1e4n,A,404,ILE,4.5,166.7,0.0,0,0,X,0.0,0.0,0.0,0.0,0.0,0.0,0.0,0.0,40,0.05502036118606539,13,9,4,0,0,0,0,0,0,0,0,1
1e4n,A,405,THR,-0.7,116.1,0.0,1,1,X,0.0,0.0,0.0,0.0,0.0,0.0,0.0,0.0,41,0.05548663543340492,13,16,-3,0,0,0,0,0,0,0,0,1
1e4n,A,406,GLU,-3.5,138.4,-1.0,1,3,X,0.0,0.0,0.0,0.0,0.0,0.0,0.0,0.0,41,0.05735173242276307,15,15,0,0,0,0,0,0,0,0,0,1
1e4n,A,407,ASN,-3.5,114.1,0.0,2,2,X,0.0,0.0,0.0,0.0,0.0,0.0,0.0,0.0,42,0.05595290968074446,23,10,13,0,0,0,0,0,0,0,0,1
1e4n,A,408,GLY,-0.4,60.1,0.0,0,0,X,0.0,0.0,0.0,0.0,0.0,0.0,0.0,0.0,41,0.05455408693872585,24,21,3,0,0,0,0,0,0,0,0,1
1e4n,A,409,ILE,4.5,166.7,0.0,0,0,X,0.0,0.0,0.0,0.0,0.0,0.0,0.0,0.0,41,0.05502036118606539,33,33,0,0,0,0,0,0,0,0,0,1
1e4n,A,410,GLY,-0.4,60.1,0.0,0,0,X,0.0,0.0,0.0,0.0,0.0,0.0,0.0,0.0,35,0.050823892960009553,30,37,-7,0,0,0,0,0,0,0,0,1
1e4n,A,411,ASP,-3.5,111.1,-1.0,1,3,X,0.0,0.0,0.0,0.0,0.0,0.0,0.0,0.0,37,0.045694876239274644,36,34,2,0,0,0,0,0,0,0,0,1
1e4n,A,412,VAL,4.2,140.0,0.0,0,0,X,0.0,0.0,0.0,0.0,0.0,0.0,0.0,0.0,27,0.03916703677652112,17,29,-12,0,0,0,0,0,0,0,0,1
1e4n,A,413,ASP,-3.5,111.1,-1.0,1,3,X,0.0,0.0,0.0,0.0,0.0,0.0,0.0,0.0,29,0.03963331102386066,22,34,-12,0,0,0,0,0,0,0,0,1
1e4n,A,414,THR,-0.7,116.1,0.0,1,1,X,0.0,0.0,0.0,0.0,0.0,0.0,0.0,0.0,18,0.03403802005578621,16,36,-20,0,0,0,0,0,0,0,0,1
1e4n,A,415,LYS,-3.9,168.6,1.0,2,0,X,0.0,0.0,0.0,0.0,0.0,0.0,0.0,0.0,10,0.02471253510899547,0,25,-25,0,0,0,0,0,0,0,0,1
1e4n,A,416,GLU,-3.5,138.4,-1.0,1,3,X,0.0,0.0,0.0,0.0,0.0,0.0,0.0,0.0,10,0.018650969893581486,9,9,0,0,0,0,0,0,0,0,0,1
1e4n,A,417,THR,-0.7,116.1,0.0,1,1,X,0.0,0.0,0.0,0.0,0.0,0.0,0.0,0.0,10,0.02471253510899547,7,19,-12,0,0,0,0,0,0,0,0,1
1e4n,A,418,PRO,-1.6,112.7,0.0,0,0,X,0.0,0.0,0.0,0.0,0.0,0.0,0.0,0.0,16,0.02844272908771177,11,19,-8,0,0,0,0,0,0,0,0,1
1e4n,A,419,LEU,3.8,166.7,0.0,0,0,X,0.0,0.0,0.0,0.0,0.0,0.0,0.0,0.0,27,0.035436842797804825,19,35,-16,0,0,0,0,0,0,0,0,1
1e4n,A,420,PRO,-1.6,112.7,0.0,0,0,X,0.0,0.0,0.0,0.0,0.0,0.0,0.0,0.0,15,0.027043906345693154,6,18,-12,0,0,0,0,0,0,0,0,1
1e4n,A,421,MET,1.9,162.9,0.0,0,0,X,0.0,0.0,0.0,0.0,0.0,0.0,0.0,0.0,23,0.032639197313767604,15,24,-9,0,0,0,0,0,0,0,0,1
1e4n,A,422,GLU,-3.5,138.4,-1.0,1,3,X,0.0,0.0,0.0,0.0,0.0,0.0,0.0,0.0,11,0.027043906345693154,0,5,-5,0,0,0,0,0,0,0,0,1
1e4n,A,423,ALA,1.8,88.6,0.0,0,0,X,0.0,0.0,0.0,0.0,0.0,0.0,0.0,0.0,19,0.02984155182973038,15,34,-19,0,0,0,0,0,0,0,0,1
1e4n,A,424,ALA,1.8,88.6,0.0,0,0,X,0.0,0.0,0.0,0.0,0.0,0.0,0.0,0.0,29,0.04942507021799094,29,43,-14,0,0,0,0,0,0,0,0,1
1e4n,A,425,LEU,3.8,166.7,0.0,0,0,X,0.0,0.0,0.0,0.0,0.0,0.0,0.0,0.0,26,0.048492521723311866,27,32,-5,0,0,0,0,0,0,0,0,1
1e4n,A,426,ASN,-3.5,114.1,0.0,2,2,X,0.0,0.0,0.0,0.0,0.0,0.0,0.0,0.0,20,0.03683566553982344,22,30,-8,0,0,0,0,0,0,0,0,1
1e4n,A,427,ASP,-3.5,111.1,-1.0,1,3,X,0.0,0.0,0.0,0.0,0.0,0.0,0.0,0.0,35,0.048026247475972325,40,26,14,0,0,0,0,0,0,0,0,1
1e4n,A,428,TYR,-1.3,193.6,0.0,1,1,X,0.0,0.0,0.0,0.0,0.0,0.0,0.0,0.0,20,0.0363693912924839,26,31,-5,0,0,0,0,0,0,0,0,1
1e4n,A,429,LYS,-3.9,168.6,1.0,2,0,X,0.0,0.0,0.0,0.0,0.0,0.0,0.0,0.0,24,0.035436842797804825,16,23,-7,0,0,0,0,0,0,0,0,1
1e4n,A,430,ARG,-4.5,173.4,1.0,5,0,X,0.0,0.0,0.0,0.0,0.0,0.0,0.0,0.0,41,0.048026247475972325,25,32,-7,0,0,0,0,0,0,0,0,1
1e4n,A,431,LEU,3.8,166.7,0.0,0,0,X,0.0,0.0,0.0,0.0,0.0,0.0,0.0,0.0,30,0.048958795970651406,40,26,14,0,0,0,0,0,0,0,0,1
1e4n,A,432,ASP,-3.5,111.1,-1.0,1,3,X,0.0,0.0,0.0,0.0,0.0,0.0,0.0,0.0,25,0.04103213376587927,35,7,28,0,0,0,0,0,0,0,0,1
1e4n,A,433,TYR,-1.3,193.6,0.0,1,1,X,0.0,0.0,0.0,0.0,0.0,0.0,0.0,0.0,40,0.05175644145468863,40,13,27,0,0,0,0,0,0,0,0,1
1e4n,A,434,ILE,4.5,166.7,0.0,0,0,X,0.0,0.0,0.0,0.0,0.0,0.0,0.0,0.0,43,0.05408781269138631,34,18,16,0,0,0,0,0,0,0,0,1
1e4n,A,435,GLN,-3.5,143.8,0.0,2,2,X,0.0,0.0,0.0,0.0,0.0,0.0,0.0,0.0,34,0.05175644145468863,30,19,11,0,0,0,0,0,0,0,0,1
1e4n,A,436,ARG,-4.5,173.4,1.0,5,0,X,0.0,0.0,0.0,0.0,0.0,0.0,0.0,0.0,29,0.04662742473395372,17,22,-5,0,0,0,0,0,0,0,0,1
1e4n,A,437,HIS,-3.2,153.2,0.1,2,1,X,0.0,0.0,0.0,0.0,0.0,0.0,0.0,0.0,41,0.04942507021799094,18,19,-1,0,0,0,0,0,0,0,0,1
1e4n,A,438,ILE,4.5,166.7,0.0,0,0,X,0.0,0.0,0.0,0.0,0.0,0.0,0.0,0.0,40,0.048958795970651406,30,12,18,0,0,0,0,0,0,0,0,1
1e4n,A,439,ALA,1.8,88.6,0.0,0,0,X,0.0,0.0,0.0,0.0,0.0,0.0,0.0,0.0,33,0.04476232774459557,36,25,11,0,0,0,0,0,0,0,0,1
1e4n,A,440,THR,-0.7,116.1,0.0,1,1,X,0.0,0.0,0.0,0.0,0.0,0.0,0.0,0.0,34,0.04662742473395372,35,26,9,0,0,0,0,0,0,0,0,1
1e4n,A,441,LEU,3.8,166.7,0.0,0,0,X,0.0,0.0,0.0,0.0,0.0,0.0,0.0,0.0,38,0.04989134446533048,31,16,15,0,0,0,0,0,0,0,0,1
1e4n,A,442,LYS,-3.9,168.6,1.0,2,0,X,0.0,0.0,0.0,0.0,0.0,0.0,0.0,0.0,29,0.04476232774459557,7,23,-16,0,0,0,0,0,0,0,0,1
1e4n,A,443,GLU,-3.5,138.4,-1.0,1,3,X,0.0,0.0,0.0,0.0,0.0,0.0,0.0,0.0,26,0.03730193978716297,25,19,6,0,0,0,0,0,0,0,0,1
1e4n,A,444,SER,-0.8,89.0,0.0,1,1,X,0.0,0.0,0.0,0.0,0.0,0.0,0.0,0.0,30,0.048958795970651406,27,25,2,0,0,0,0,0,0,0,0,1
1e4n,A,445,ILE,4.5,166.7,0.0,0,0,X,0.0,0.0,0.0,0.0,0.0,0.0,0.0,0.0,25,0.03963331102386066,16,16,0,0,0,0,0,0,0,0,0,1
1e4n,A,446,ASP,-3.5,111.1,-1.0,1,3,X,0.0,0.0,0.0,0.0,0.0,0.0,0.0,0.0,17,0.026577632098353617,14,9,5,0,0,0,0,0,0,0,0,1
1e4n,A,447,LEU,3.8,166.7,0.0,0,0,X,0.0,0.0,0.0,0.0,0.0,0.0,0.0,0.0,17,0.025178809356335007,23,16,7,0,0,0,0,0,0,0,0,1
1e4n,A,448,GLY,-0.4,60.1,0.0,0,0,X,0.0,0.0,0.0,0.0,0.0,0.0,0.0,0.0,21,0.02611135785101408,13,12,1,0,0,0,0,0,0,0,0,1
1e4n,A,449,SER,-0.8,89.0,0.0,1,1,X,0.0,0.0,0.0,0.0,0.0,0.0,0.0,0.0,32,0.04429605349725603,18,13,5,0,0,0,0,0,0,0,0,1
1e4n,A,450,ASN,-3.5,114.1,0.0,2,2,X,0.0,0.0,0.0,0.0,0.0,0.0,0.0,0.0,29,0.04196468226055834,10,2,8,0,0,0,0,0,0,0,0,1
1e4n,A,451,VAL,4.2,140.0,0.0,0,0,X,0.0,0.0,0.0,0.0,0.0,0.0,0.0,0.0,38,0.04755997322863279,12,8,4,0,0,0,0,0,0,0,0,1
1e4n,A,452,GLN,-3.5,143.8,0.0,2,2,X,0.0,0.0,0.0,0.0,0.0,0.0,0.0,0.0,29,0.04429605349725603,6,8,-2,0,0,0,0,0,0,0,0,1
1e4n,A,453,GLY,-0.4,60.1,0.0,0,0,X,0.0,0.0,0.0,0.0,0.0,0.0,0.0,0.0,38,0.05222271570202816,8,11,-3,0,0,0,0,0,0,0,0,1
1e4n,A,454,TYR,-1.3,193.6,0.0,1,1,X,0.0,0.0,0.0,0.0,0.0,0.0,0.0,0.0,43,0.053155264196707235,14,7,7,0,0,0,0,0,0,0,0,1
1e4n,A,455,PHE,2.8,189.9,0.0,0,0,X,0.0,0.0,0.0,0.0,0.0,0.0,0.0,0.0,45,0.053155264196707235,11,18,-7,0,0,0,0,0,0,0,0,1
1e4n,A,456,ALA,1.8,88.6,0.0,0,0,X,0.0,0.0,0.0,0.0,0.0,0.0,0.0,0.0,43,0.048492521723311866,17,9,8,0,0,0,0,0,0,0,0,1
1e4n,A,457,TRP,-0.9,227.8,0.0,1,0,X,0.0,0.0,0.0,0.0,0.0,0.0,0.0,0.0,44,0.05455408693872585,22,20,2,0,0,0,0,0,0,0,0,1
1e4n,A,458,SER,-0.8,89.0,0.0,1,1,X,0.0,0.0,0.0,0.0,0.0,0.0,0.0,0.0,45,0.05548663543340492,22,24,-2,0,0,0,0,0,0,0,0,1
1e4n,A,459,LEU,3.8,166.7,0.0,0,0,X,0.0,0.0,0.0,0.0,0.0,0.0,0.0,0.0,43,0.050823892960009553,26,16,10,0,0,0,0,0,0,0,0,1
1e4n,A,460,LEU,3.8,166.7,0.0,0,0,X,0.0,0.0,0.0,0.0,0.0,0.0,0.0,0.0,47,0.053621538444046775,26,22,4,0,0,0,0,0,0,0,0,1
1e4n,A,461,ASP,-3.5,111.1,-1.0,1,3,X,0.0,0.0,0.0,0.0,0.0,0.0,0.0,0.0,43,0.05129016720734909,42,29,13,0,0,0,0,0,0,0,0,1
1e4n,A,462,ASN,-3.5,114.1,0.0,2,2,X,0.0,0.0,0.0,0.0,0.0,0.0,0.0,0.0,45,0.05548663543340492,24,28,-4,0,0,0,0,0,0,0,0,1
1e4n,A,463,PHE,2.8,189.9,0.0,0,0,X,0.0,0.0,0.0,0.0,0.0,0.0,0.0,0.0,39,0.05688545817542354,6,35,-29,0,0,0,0,0,0,0,0,1
1e4n,A,464,GLU,-3.5,138.4,-1.0,1,3,X,0.0,0.0,0.0,0.0,0.0,0.0,0.0,0.0,38,0.053155264196707235,9,22,-13,0,0,0,0,0,0,0,0,1
1e4n,A,465,TRP,-0.9,227.8,0.0,1,0,X,0.0,0.0,0.0,0.0,0.0,0.0,0.0,0.0,35,0.04989134446533048,10,17,-7,0,0,0,0,0,0,0,0,1
1e4n,A,466,PHE,2.8,189.9,0.0,0,0,X,0.0,0.0,0.0,0.0,0.0,0.0,0.0,0.0,32,0.045694876239274644,8,22,-14,0,0,0,0,0,0,0,0,1
1e4n,A,467,ALA,1.8,88.6,0.0,0,0,X,0.0,0.0,0.0,0.0,0.0,0.0,0.0,0.0,31,0.04429605349725603,6,30,-24,0,0,0,0,0,0,0,0,1
1e4n,A,468,GLY,-0.4,60.1,0.0,0,0,X,0.0,0.0,0.0,0.0,0.0,0.0,0.0,0.0,31,0.050823892960009553,12,34,-22,0,0,0,0,0,0,0,0,1
1e4n,A,469,PHE,2.8,189.9,0.0,0,0,X,0.0,0.0,0.0,0.0,0.0,0.0,0.0,0.0,35,0.048026247475972325,21,42,-21,0,0,0,0,0,0,0,0,1
1e4n,A,470,THR,-0.7,116.1,0.0,1,1,X,0.0,0.0,0.0,0.0,0.0,0.0,0.0,0.0,30,0.04289723075523742,19,43,-24,0,0,0,0,0,0,0,0,1
1e4n,A,471,GLU,-3.5,138.4,-1.0,1,3,X,0.0,0.0,0.0,0.0,0.0,0.0,0.0,0.0,35,0.0526889899493677,17,36,-19,0,0,0,0,0,0,0,0,1
1e4n,A,472,ARG,-4.5,173.4,1.0,5,0,X,0.0,0.0,0.0,0.0,0.0,0.0,0.0,0.0,38,0.05408781269138631,19,47,-28,0,0,0,0,0,0,0,0,1
1e4n,A,473,TYR,-1.3,193.6,0.0,1,1,X,0.0,0.0,0.0,0.0,0.0,0.0,0.0,0.0,39,0.056419183928083996,18,41,-23,0,0,0,0,0,0,0,0,1
1e4n,A,474,GLY,-0.4,60.1,0.0,0,0,X,0.0,0.0,0.0,0.0,0.0,0.0,0.0,0.0,39,0.056419183928083996,31,34,-3,0,0,0,0,0,0,0,0,1
1e4n,A,475,ILE,4.5,166.7,0.0,0,0,X,0.0,0.0,0.0,0.0,0.0,0.0,0.0,0.0,43,0.056419183928083996,34,23,11,0,0,0,0,0,0,0,0,1
1e4n,A,476,VAL,4.2,140.0,0.0,0,0,X,0.0,0.0,0.0,0.0,0.0,0.0,0.0,0.0,41,0.05455408693872585,40,25,15,0,0,0,0,0,0,0,0,1
1e4n,A,477,TYR,-1.3,193.6,0.0,1,1,X,0.0,0.0,0.0,0.0,0.0,0.0,0.0,0.0,33,0.0526889899493677,43,33,10,0,0,0,0,0,0,0,0,1
1e4n,A,478,VAL,4.2,140.0,0.0,0,0,X,0.0,0.0,0.0,0.0,0.0,0.0,0.0,0.0,40,0.053621538444046775,37,21,16,0,0,0,0,0,0,0,0,1
1e4n,A,479,ASP,-3.5,111.1,-1.0,1,3,X,0.0,0.0,0.0,0.0,0.0,0.0,0.0,0.0,21,0.04616115048661418,27,7,20,0,0,0,0,0,0,0,0,1
1e4n,A,480,ARG,-4.5,173.4,1.0,5,0,X,0.0,0.0,0.0,0.0,0.0,0.0,0.0,0.0,26,0.03590311704514436,12,19,-7,0,0,0,0,0,0,0,0,1
1e4n,A,481,ASN,-3.5,114.1,0.0,2,2,X,0.0,0.0,0.0,0.0,0.0,0.0,0.0,0.0,12,0.02611135785101408,15,9,6,0,0,0,0,0,0,0,0,1
1e4n,A,482,ASN,-3.5,114.1,0.0,2,2,X,0.0,0.0,0.0,0.0,0.0,0.0,0.0,0.0,12,0.02611135785101408,11,8,3,0,0,0,0,0,0,0,0,1
1e4n,A,483,ASN,-3.5,114.1,0.0,2,2,X,0.0,0.0,0.0,0.0,0.0,0.0,0.0,0.0,15,0.027043906345693154,15,8,7,0,0,0,0,0,0,0,0,1
1e4n,A,484,CYS,2.5,108.5,0.0,1,0,X,0.0,0.0,0.0,0.0,0.0,0.0,0.0,0.0,27,0.04196468226055834,28,19,9,0,0,0,0,0,0,0,0,1
1e4n,A,485,THR,-0.7,116.1,0.0,1,1,X,0.0,0.0,0.0,0.0,0.0,0.0,0.0,0.0,23,0.040099585271200194,21,10,11,0,0,0,0,0,0,0,0,1
1e4n,A,486,ARG,-4.5,173.4,1.0,5,0,X,0.0,0.0,0.0,0.0,0.0,0.0,0.0,0.0,35,0.04289723075523742,19,25,-6,0,0,0,0,0,0,0,0,1
1e4n,A,487,TYR,-1.3,193.6,0.0,1,1,X,0.0,0.0,0.0,0.0,0.0,0.0,0.0,0.0,23,0.03916703677652112,25,12,13,0,0,0,0,0,0,0,0,1
1e4n,A,488,MET,1.9,162.9,0.0,0,0,X,0.0,0.0,0.0,0.0,0.0,0.0,0.0,0.0,29,0.04196468226055834,34,21,13,0,0,0,0,0,0,0,0,1
1e4n,A,489,LYS,-3.9,168.6,1.0,2,0,X,0.0,0.0,0.0,0.0,0.0,0.0,0.0,0.0,37,0.04942507021799094,34,31,3,0,0,0,0,0,0,0,0,1
1e4n,A,490,GLU,-3.5,138.4,-1.0,1,3,X,0.0,0.0,0.0,0.0,0.0,0.0,0.0,0.0,29,0.04429605349725603,29,16,13,0,0,0,0,0,0,0,0,1
1e4n,A,491,SER,-0.8,89.0,0.0,1,1,X,0.0,0.0,0.0,0.0,0.0,0.0,0.0,0.0,38,0.05502036118606539,38,26,12,0,0,0,0,0,0,0,0,1
1e4n,A,492,ALA,1.8,88.6,0.0,0,0,X,0.0,0.0,0.0,0.0,0.0,0.0,0.0,0.0,32,0.04989134446533048,35,30,5,0,0,0,0,0,0,0,0,1
1e4n,A,493,LYS,-3.9,168.6,1.0,2,0,X,0.0,0.0,0.0,0.0,0.0,0.0,0.0,0.0,22,0.040565859518539735,16,30,-14,0,0,0,0,0,0,0,0,1
1e4n,A,494,TRP,-0.9,227.8,0.0,1,0,X,0.0,0.0,0.0,0.0,0.0,0.0,0.0,0.0,32,0.03916703677652112,23,23,0,0,0,0,0,0,0,0,0,1
1e4n,A,495,LEU,3.8,166.7,0.0,0,0,X,0.0,0.0,0.0,0.0,0.0,0.0,0.0,0.0,37,0.050823892960009553,29,21,8,0,0,0,0,0,0,0,0,1
1e4n,A,496,LYS,-3.9,168.6,1.0,2,0,X,0.0,0.0,0.0,0.0,0.0,0.0,0.0,0.0,22,0.04709369898129325,19,21,-2,0,0,0,0,0,0,0,0,1
1e4n,A,497,GLU,-3.5,138.4,-1.0,1,3,X,0.0,0.0,0.0,0.0,0.0,0.0,0.0,0.0,20,0.034970568550465285,20,4,16,0,0,0,0,0,0,0,0,1
1e4n,A,498,PHE,2.8,189.9,0.0,0,0,X,0.0,0.0,0.0,0.0,0.0,0.0,0.0,0.0,30,0.043829779249916496,19,21,-2,0,0,0,0,0,0,0,0,1
1e4n,A,499,ASN,-3.5,114.1,0.0,2,2,X,0.0,0.0,0.0,0.0,0.0,0.0,0.0,0.0,30,0.043829779249916496,25,21,4,0,0,0,0,0,0,0,0,1
1e4n,A,500,THR,-0.7,116.1,0.0,1,1,X,0.0,0.0,0.0,0.0,0.0,0.0,0.0,0.0,18,0.026577632098353617,20,15,5,0,0,0,0,0,0,0,0,1
1e4n,A,501,ALA,1.8,88.6,0.0,0,0,X,0.0,0.0,0.0,0.0,0.0,0.0,0.0,0.0,13,0.017252147151562876,15,15,0,0,0,0,0,0,0,0,0,1
1e4n,B,13,LEU,3.8,166.7,0.0,0,0,X,0.0,0.0,0.0,0.0,0.0,0.0,0.0,0.0,17,0.024246260861655933,11,17,-6,0,0,0,0,0,0,0,0,1
1e4n,B,14,SER,-0.8,89.0,0.0,1,1,X,0.0,0.0,0.0,0.0,0.0,0.0,0.0,0.0,12,0.02098234113027917,5,11,-6,0,0,0,0,0,0,0,0,1
1e4n,B,15,PRO,-1.6,112.7,0.0,0,0,X,0.0,0.0,0.0,0.0,0.0,0.0,0.0,0.0,10,0.02144861537761871,0,9,-9,0,0,0,0,0,0,0,0,1
1e4n,B,16,SER,-0.8,89.0,0.0,1,1,X,0.0,0.0,0.0,0.0,0.0,0.0,0.0,0.0,9,0.022847438119637322,0,9,-9,0,0,0,0,0,0,0,0,1
1e4n,B,17,GLU,-3.5,138.4,-1.0,1,3,X,0.0,0.0,0.0,0.0,0.0,0.0,0.0,0.0,14,0.030774100324409453,11,6,5,0,0,0,0,0,0,0,0,1
1e4n,B,18,ILE,4.5,166.7,0.0,0,0,X,0.0,0.0,0.0,0.0,0.0,0.0,0.0,0.0,21,0.04196468226055834,10,20,-10,0,0,0,0,0,0,0,0,1
1e4n,B,19,PRO,-1.6,112.7,0.0,0,0,X,0.0,0.0,0.0,0.0,0.0,0.0,0.0,0.0,30,0.048492521723311866,25,25,0,0,0,0,0,0,0,0,0,1
1e4n,B,20,GLN,-3.5,143.8,0.0,2,2,X,0.0,0.0,0.0,0.0,0.0,0.0,0.0,0.0,21,0.03823448828184205,15,19,-4,0,0,0,0,0,0,0,0,1
1e4n,B,21,ARG,-4.5,173.4,1.0,5,0,X,0.0,0.0,0.0,0.0,0.0,0.0,0.0,0.0,24,0.043363505002576956,2,20,-18,0,0,0,0,0,0,0,0,1
1e4n,B,22,ASP,-3.5,111.1,-1.0,1,3,X,0.0,0.0,0.0,0.0,0.0,0.0,0.0,0.0,13,0.02844272908771177,16,0,16,0,0,0,0,0,0,0,0,1
1e4n,B,23,TRP,-0.9,227.8,0.0,1,0,X,0.0,0.0,0.0,0.0,0.0,0.0,0.0,0.0,23,0.03590311704514436,19,23,-4,0,0,0,0,0,0,0,0,1
1e4n,B,24,PHE,2.8,189.9,0.0,0,0,X,0.0,0.0,0.0,0.0,0.0,0.0,0.0,0.0,29,0.04196468226055834,22,25,-3,0,0,0,0,0,0,0,0,1
1e4n,B,25,PRO,-1.6,112.7,0.0,0,0,X,0.0,0.0,0.0,0.0,0.0,0.0,0.0,0.0,19,0.028909003335051305,18,19,-1,0,0,0,0,0,0,0,0,1
1e4n,B,26,SER,-0.8,89.0,0.0,1,1,X,0.0,0.0,0.0,0.0,0.0,0.0,0.0,0.0,11,0.021914889624958248,10,17,-7,0,0,0,0,0,0,0,0,1
1e4n,B,27,ASP,-3.5,111.1,-1.0,1,3,X,0.0,0.0,0.0,0.0,0.0,0.0,0.0,0.0,15,0.02331371236697686,10,4,6,0,0,0,0,0,0,0,0,1
1e4n,B,28,PHE,2.8,189.9,0.0,0,0,X,0.0,0.0,0.0,0.0,0.0,0.0,0.0,0.0,31,0.040565859518539735,17,19,-2,0,0,0,0,0,0,0,0,1
1e4n,B,29,THR,-0.7,116.1,0.0,1,1,X,0.0,0.0,0.0,0.0,0.0,0.0,0.0,0.0,33,0.04476232774459557,9,24,-15,0,0,0,0,0,0,0,0,1
1e4n,B,30,PHE,2.8,189.9,0.0,0,0,X,0.0,0.0,0.0,0.0,0.0,0.0,0.0,0.0,37,0.04755997322863279,12,13,-1,0,0,0,0,0,0,0,0,1
1e4n,B,31,GLY,-0.4,60.1,0.0,0,0,X,0.0,0.0,0.0,0.0,0.0,0.0,0.0,0.0,40,0.04942507021799094,12,16,-4,0,0,0,0,0,0,0,0,1
1e4n,B,32,ALA,1.8,88.6,0.0,0,0,X,0.0,0.0,0.0,0.0,0.0,0.0,0.0,0.0,42,0.0526889899493677,12,16,-4,0,0,0,0,0,0,0,0,1
1e4n,B,33,ALA,1.8,88.6,0.0,0,0,X,0.0,0.0,0.0,0.0,0.0,0.0,0.0,0.0,42,0.05548663543340492,15,12,3,0,0,0,0,0,0,0,0,1
1e4n,B,34,THR,-0.7,116.1,0.0,1,1,X,0.0,0.0,0.0,0.0,0.0,0.0,0.0,0.0,44,0.05688545817542354,20,25,-5,0,0,0,0,0,0,0,0,1
1e4n,B,35,SER,-0.8,89.0,0.0,1,1,X,0.0,0.0,0.0,0.0,0.0,0.0,0.0,0.0,42,0.053155264196707235,21,28,-7,0,0,0,0,0,0,0,0,1
1e4n,B,36,ALA,1.8,88.6,0.0,0,0,X,0.0,0.0,0.0,0.0,0.0,0.0,0.0,0.0,45,0.05175644145468863,26,19,7,0,0,0,0,0,0,0,0,1
1e4n,B,37,TYR,-1.3,193.6,0.0,1,1,X,0.0,0.0,0.0,0.0,0.0,0.0,0.0,0.0,46,0.05222271570202816,22,38,-16,0,0,0,0,0,0,0,0,1
1e4n,B,38,GLN,-3.5,143.8,0.0,2,2,X,0.0,0.0,0.0,0.0,0.0,0.0,0.0,0.0,40,0.05455408693872585,9,31,-22,0,0,0,0,0,0,0,0,1
1e4n,B,39,ILE,4.5,166.7,0.0,0,0,X,0.0,0.0,0.0,0.0,0.0,0.0,0.0,0.0,45,0.05595290968074446,13,26,-13,0,0,0,0,0,0,0,0,1
1e4n,B,40,GLU,-3.5,138.4,-1.0,1,3,X,0.0,0.0,0.0,0.0,0.0,0.0,0.0,0.0,42,0.053155264196707235,25,20,5,0,0,0,0,0,0,0,0,1
1e4n,B,41,GLY,-0.4,60.1,0.0,0,0,X,0.0,0.0,0.0,0.0,0.0,0.0,0.0,0.0,37,0.05455408693872585,26,34,-8,0,0,0,0,0,0,0,0,1
1e4n,B,42,ALA,1.8,88.6,0.0,0,0,X,0.0,0.0,0.0,0.0,0.0,0.0,0.0,0.0,30,0.05035761871267001,31,38,-7,0,0,0,0,0,0,0,0,1
1e4n,B,43,TRP,-0.9,227.8,0.0,1,0,X,0.0,0.0,0.0,0.0,0.0,0.0,0.0,0.0,25,0.05035761871267001,26,39,-13,0,0,0,0,0,0,0,0,1
1e4n,B,44,ASN,-3.5,114.1,0.0,2,2,X,0.0,0.0,0.0,0.0,0.0,0.0,0.0,0.0,20,0.034970568550465285,24,36,-12,0,0,0,0,0,0,0,0,1
1e4n,B,45,GLU,-3.5,138.4,-1.0,1,3,X,0.0,0.0,0.0,0.0,0.0,0.0,0.0,0.0,18,0.03590311704514436,26,24,2,0,0,0,0,0,0,0,0,1
1e4n,B,46,ASP,-3.5,111.1,-1.0,1,3,X,0.0,0.0,0.0,0.0,0.0,0.0,0.0,0.0,21,0.030774100324409453,30,17,13,0,0,0,0,0,0,0,0,1
1e4n,B,47,GLY,-0.4,60.1,0.0,0,0,X,0.0,0.0,0.0,0.0,0.0,0.0,0.0,0.0,26,0.032639197313767604,26,29,-3,0,0,0,0,0,0,0,0,1
1e4n,B,48,LYS,-3.9,168.6,1.0,2,0,X,0.0,0.0,0.0,0.0,0.0,0.0,0.0,0.0,36,0.04989134446533048,14,49,-35,0,0,0,0,0,0,0,0,1
1e4n,B,49,GLY,-0.4,60.1,0.0,0,0,X,0.0,0.0,0.0,0.0,0.0,0.0,0.0,0.0,35,0.04616115048661418,31,33,-2,0,0,0,0,0,0,0,0,1
1e4n,B,50,GLU,-3.5,138.4,-1.0,1,3,X,0.0,0.0,0.0,0.0,0.0,0.0,0.0,0.0,32,0.045694876239274644,35,26,9,0,0,0,0,0,0,0,0,1
1e4n,B,51,SER,-0.8,89.0,0.0,1,1,X,0.0,0.0,0.0,0.0,0.0,0.0,0.0,0.0,36,0.053155264196707235,30,38,-8,0,0,0,0,0,0,0,0,1
1e4n,B,52,ASN,-3.5,114.1,0.0,2,2,X,0.0,0.0,0.0,0.0,0.0,0.0,0.0,0.0,36,0.05175644145468863,16,38,-22,0,0,0,0,0,0,0,0,1
1e4n,B,53,TRP,-0.9,227.8,0.0,1,0,X,0.0,0.0,0.0,0.0,0.0,0.0,0.0,0.0,44,0.05175644145468863,28,26,2,0,0,0,0,0,0,0,0,1
1e4n,B,54,ASP,-3.5,111.1,-1.0,1,3,X,0.0,0.0,0.0,0.0,0.0,0.0,0.0,0.0,35,0.05548663543340492,29,25,4,0,0,0,0,0,0,0,0,1
1e4n,B,55,HIS,-3.2,153.2,0.1,2,1,X,0.0,0.0,0.0,0.0,0.0,0.0,0.0,0.0,23,0.043363505002576956,20,32,-12,0,0,0,0,0,0,0,0,1
1e4n,B,56,PHE,2.8,189.9,0.0,0,0,X,0.0,0.0,0.0,0.0,0.0,0.0,0.0,0.0,34,0.05455408693872585,44,18,26,0,0,0,0,0,0,0,0,1
1e4n,B,57,CYS,2.5,108.5,0.0,1,0,X,0.0,0.0,0.0,0.0,0.0,0.0,0.0,0.0,31,0.05455408693872585,37,29,8,0,0,0,0,0,0,0,0,1
1e4n,B,58,HIS,-3.2,153.2,0.1,2,1,X,0.0,0.0,0.0,0.0,0.0,0.0,0.0,0.0,22,0.0363693912924839,19,24,-5,0,0,0,0,0,0,0,0,1
1e4n,B,59,ASN,-3.5,114.1,0.0,2,2,X,0.0,0.0,0.0,0.0,0.0,0.0,0.0,0.0,21,0.03124037457174899,34,18,16,0,0,0,0,0,0,0,0,1
1e4n,B,60,HIS,-3.2,153.2,0.1,2,1,X,0.0,0.0,0.0,0.0,0.0,0.0,0.0,0.0,24,0.03730193978716297,30,11,19,0,0,0,0,0,0,0,0,1
1e4n,B,61,PRO,-1.6,112.7,0.0,0,0,X,0.0,0.0,0.0,0.0,0.0,0.0,0.0,0.0,20,0.03870076252918159,31,17,14,0,0,0,0,0,0,0,0,1
1e4n,B,62,GLU,-3.5,138.4,-1.0,1,3,X,0.0,0.0,0.0,0.0,0.0,0.0,0.0,0.0,18,0.027510180593032695,25,7,18,0,0,0,0,0,0,0,0,1
1e4n,B,63,ARG,-4.5,173.4,1.0,5,0,X,0.0,0.0,0.0,0.0,0.0,0.0,0.0,0.0,30,0.03963331102386066,11,18,-7,0,0,0,0,0,0,0,0,1
1e4n,B,64,ILE,4.5,166.7,0.0,0,0,X,0.0,0.0,0.0,0.0,0.0,0.0,0.0,0.0,27,0.048958795970651406,22,22,0,0,0,0,0,0,0,0,0,1
1e4n,B,65,LEU,3.8,166.7,0.0,0,0,X,0.0,0.0,0.0,0.0,0.0,0.0,0.0,0.0,23,0.032172923066428064,10,30,-20,0,0,0,0,0,0,0,0,1
1e4n,B,66,ASP,-3.5,111.1,-1.0,1,3,X,0.0,0.0,0.0,0.0,0.0,0.0,0.0,0.0,25,0.035436842797804825,16,18,-2,0,0,0,0,0,0,0,0,1
1e4n,B,67,GLY,-0.4,60.1,0.0,0,0,X,0.0,0.0,0.0,0.0,0.0,0.0,0.0,0.0,22,0.032639197313767604,19,17,2,0,0,0,0,0,0,0,0,1
1e4n,B,68,SER,-0.8,89.0,0.0,1,1,X,0.0,0.0,0.0,0.0,0.0,0.0,0.0,0.0,29,0.035436842797804825,22,25,-3,0,0,0,0,0,0,0,0,1
1e4n,B,69,ASN,-3.5,114.1,0.0,2,2,X,0.0,0.0,0.0,0.0,0.0,0.0,0.0,0.0,29,0.045694876239274644,19,25,-6,0,0,0,0,0,0,0,0,1
1e4n,B,70,SER,-0.8,89.0,0.0,1,1,X,0.0,0.0,0.0,0.0,0.0,0.0,0.0,0.0,35,0.05035761871267001,18,27,-9,0,0,0,0,0,0,0,0,1
1e4n,B,71,ASP,-3.5,111.1,-1.0,1,3,X,0.0,0.0,0.0,0.0,0.0,0.0,0.0,0.0,27,0.040099585271200194,13,19,-6,0,0,0,0,0,0,0,0,1
1e4n,B,72,ILE,4.5,166.7,0.0,0,0,X,0.0,0.0,0.0,0.0,0.0,0.0,0.0,0.0,32,0.03730193978716297,23,19,4,0,0,0,0,0,0,0,0,1
1e4n,B,73,GLY,-0.4,60.1,0.0,0,0,X,0.0,0.0,0.0,0.0,0.0,0.0,0.0,0.0,36,0.050823892960009553,18,24,-6,0,0,0,0,0,0,0,0,1
1e4n,B,74,ALA,1.8,88.6,0.0,0,0,X,0.0,0.0,0.0,0.0,0.0,0.0,0.0,0.0,40,0.05408781269138631,28,29,-1,0,0,0,0,0,0,0,0,1
1e4n,B,75,ASN,-3.5,114.1,0.0,2,2,X,0.0,0.0,0.0,0.0,0.0,0.0,0.0,0.0,35,0.048026247475972325,27,24,3,0,0,0,0,0,0,0,0,1
1e4n,B,76,SER,-0.8,89.0,0.0,1,1,X,0.0,0.0,0.0,0.0,0.0,0.0,0.0,0.0,38,0.050823892960009553,28,19,9,0,0,0,0,0,0,0,0,1
1e4n,B,77,TYR,-1.3,193.6,0.0,1,1,X,0.0,0.0,0.0,0.0,0.0,0.0,0.0,0.0,33,0.048958795970651406,34,35,-1,0,0,0,0,0,0,0,0,1
1e4n,B,78,HIS,-3.2,153.2,0.1,2,1,X,0.0,0.0,0.0,0.0,0.0,0.0,0.0,0.0,23,0.03450429430312575,14,23,-9,0,0,0,0,0,0,0,0,1
1e4n,B,79,MET,1.9,162.9,0.0,0,0,X,0.0,0.0,0.0,0.0,0.0,0.0,0.0,0.0,27,0.03916703677652112,34,12,22,0,0,0,0,0,0,0,0,1
1e4n,B,80,TYR,-1.3,193.6,0.0,1,1,X,0.0,0.0,0.0,0.0,0.0,0.0,0.0,0.0,26,0.04616115048661418,30,11,19,0,0,0,0,0,0,0,0,1
1e4n,B,81,LYS,-3.9,168.6,1.0,2,0,X,0.0,0.0,0.0,0.0,0.0,0.0,0.0,0.0,21,0.03450429430312575,17,9,8,0,0,0,0,0,0,0,0,1
1e4n,B,82,THR,-0.7,116.1,0.0,1,1,X,0.0,0.0,0.0,0.0,0.0,0.0,0.0,0.0,29,0.035436842797804825,38,14,24,0,0,0,0,0,0,0,0,1
1e4n,B,83,ASP,-3.5,111.1,-1.0,1,3,X,0.0,0.0,0.0,0.0,0.0,0.0,0.0,0.0,38,0.048026247475972325,36,5,31,0,0,0,0,0,0,0,0,1
1e4n,B,84,VAL,4.2,140.0,0.0,0,0,X,0.0,0.0,0.0,0.0,0.0,0.0,0.0,0.0,32,0.050823892960009553,31,22,9,0,0,0,0,0,0,0,0,1
1e4n,B,85,ARG,-4.5,173.4,1.0,5,0,X,0.0,0.0,0.0,0.0,0.0,0.0,0.0,0.0,22,0.03823448828184205,26,17,9,0,0,0,0,0,0,0,0,1
1e4n,B,86,LEU,3.8,166.7,0.0,0,0,X,0.0,0.0,0.0,0.0,0.0,0.0,0.0,0.0,31,0.04243095650789788,40,17,23,0,0,0,0,0,0,0,0,1
1e4n,B,87,LEU,3.8,166.7,0.0,0,0,X,0.0,0.0,0.0,0.0,0.0,0.0,0.0,0.0,39,0.048026247475972325,29,26,3,0,0,0,0,0,0,0,0,1
1e4n,B,88,LYS,-3.9,168.6,1.0,2,0,X,0.0,0.0,0.0,0.0,0.0,0.0,0.0,0.0,25,0.040099585271200194,17,22,-5,0,0,0,0,0,0,0,0,1
1e4n,B,89,GLU,-3.5,138.4,-1.0,1,3,X,0.0,0.0,0.0,0.0,0.0,0.0,0.0,0.0,23,0.03450429430312575,34,5,29,0,0,0,0,0,0,0,0,1
1e4n,B,90,MET,1.9,162.9,0.0,0,0,X,0.0,0.0,0.0,0.0,0.0,0.0,0.0,0.0,33,0.045694876239274644,34,21,13,0,0,0,0,0,0,0,0,1
1e4n,B,91,GLY,-0.4,60.1,0.0,0,0,X,0.0,0.0,0.0,0.0,0.0,0.0,0.0,0.0,32,0.03963331102386066,25,22,3,0,0,0,0,0,0,0,0,1
1e4n,B,92,MET,1.9,162.9,0.0,0,0,X,0.0,0.0,0.0,0.0,0.0,0.0,0.0,0.0,39,0.045694876239274644,19,22,-3,0,0,0,0,0,0,0,0,1
1e4n,B,93,ASP,-3.5,111.1,-1.0,1,3,X,0.0,0.0,0.0,0.0,0.0,0.0,0.0,0.0,33,0.035436842797804825,13,14,-1,0,0,0,0,0,0,0,0,1
1e4n,B,94,ALA,1.8,88.6,0.0,0,0,X,0.0,0.0,0.0,0.0,0.0,0.0,0.0,0.0,34,0.050823892960009553,11,17,-6,0,0,0,0,0,0,0,0,1
1e4n,B,95,TYR,-1.3,193.6,0.0,1,1,X,0.0,0.0,0.0,0.0,0.0,0.0,0.0,0.0,43,0.05455408693872585,13,18,-5,0,0,0,0,0,0,0,0,1
1e4n,B,96,ARG,-4.5,173.4,1.0,5,0,X,0.0,0.0,0.0,0.0,0.0,0.0,0.0,0.0,46,0.0526889899493677,7,13,-6,0,0,0,0,0,0,0,0,1
1e4n,B,97,PHE,2.8,189.9,0.0,0,0,X,0.0,0.0,0.0,0.0,0.0,0.0,0.0,0.0,42,0.048958795970651406,15,9,6,0,0,0,0,0,0,0,0,1
1e4n,B,98,SER,-0.8,89.0,0.0,1,1,X,0.0,0.0,0.0,0.0,0.0,0.0,0.0,0.0,39,0.0526889899493677,24,16,8,0,0,0,0,0,0,0,0,1
1e4n,B,99,ILE,4.5,166.7,0.0,0,0,X,0.0,0.0,0.0,0.0,0.0,0.0,0.0,0.0,40,0.053621538444046775,19,13,6,0,0,0,0,0,0,0,0,1
1e4n,B,100,SER,-0.8,89.0,0.0,1,1,X,0.0,0.0,0.0,0.0,0.0,0.0,0.0,0.0,42,0.053621538444046775,26,23,3,0,0,0,0,0,0,0,0,1
1e4n,B,101,TRP,-0.9,227.8,0.0,1,0,X,0.0,0.0,0.0,0.0,0.0,0.0,0.0,0.0,46,0.05408781269138631,19,24,-5,0,0,0,0,0,0,0,0,1
1e4n,B,102,PRO,-1.6,112.7,0.0,0,0,X,0.0,0.0,0.0,0.0,0.0,0.0,0.0,0.0,41,0.05688545817542354,27,27,0,0,0,0,0,0,0,0,0,1
1e4n,B,103,ARG,-4.5,173.4,1.0,5,0,X,0.0,0.0,0.0,0.0,0.0,0.0,0.0,0.0,37,0.0526889899493677,12,45,-33,0,0,0,0,0,0,0,0,1
1e4n,B,104,ILE,4.5,166.7,0.0,0,0,X,0.0,0.0,0.0,0.0,0.0,0.0,0.0,0.0,39,0.058750555164781684,27,13,14,0,0,0,0,0,0,0,0,1
1e4n,B,105,LEU,3.8,166.7,0.0,0,0,X,0.0,0.0,0.0,0.0,0.0,0.0,0.0,0.0,37,0.05502036118606539,28,15,13,0,0,0,0,0,0,0,0,1
1e4n,B,106,PRO,-1.6,112.7,0.0,0,0,X,0.0,0.0,0.0,0.0,0.0,0.0,0.0,0.0,33,0.048492521723311866,29,14,15,0,0,0,0,0,0,0,0,1
1e4n,B,107,LYS,-3.9,168.6,1.0,2,0,X,0.0,0.0,0.0,0.0,0.0,0.0,0.0,0.0,26,0.04149840801321881,16,20,-4,0,0,0,0,0,0,0,0,1
1e4n,B,108,GLY,-0.4,60.1,0.0,0,0,X,0.0,0.0,0.0,0.0,0.0,0.0,0.0,0.0,38,0.05455408693872585,25,23,2,0,0,0,0,0,0,0,0,1
1e4n,B,109,THR,-0.7,116.1,0.0,1,1,X,0.0,0.0,0.0,0.0,0.0,0.0,0.0,0.0,27,0.04616115048661418,23,22,1,0,0,0,0,0,0,0,0,1
1e4n,B,110,LYS,-3.9,168.6,1.0,2,0,X,0.0,0.0,0.0,0.0,0.0,0.0,0.0,0.0,18,0.032639197313767604,12,23,-11,0,0,0,0,0,0,0,0,1
1e4n,B,111,GLU,-3.5,138.4,-1.0,1,3,X,0.0,0.0,0.0,0.0,0.0,0.0,0.0,0.0,12,0.02098234113027917,21,3,18,0,0,0,0,0,0,0,0,1
1e4n,B,112,GLY,-0.4,60.1,0.0,0,0,X,0.0,0.0,0.0,0.0,0.0,0.0,0.0,0.0,20,0.02797645484037223,19,10,9,0,0,0,0,0,0,0,0,1
1e4n,B,113,GLY,-0.4,60.1,0.0,0,0,X,0.0,0.0,0.0,0.0,0.0,0.0,0.0,0.0,20,0.032172923066428064,20,9,11,0,0,0,0,0,0,0,0,1
1e4n,B,114,ILE,4.5,166.7,0.0,0,0,X,0.0,0.0,0.0,0.0,0.0,0.0,0.0,0.0,29,0.03590311704514436,20,11,9,0,0,0,0,0,0,0,0,1
1e4n,B,115,ASN,-3.5,114.1,0.0,2,2,X,0.0,0.0,0.0,0.0,0.0,0.0,0.0,0.0,29,0.040565859518539735,24,19,5,0,0,0,0,0,0,0,0,1
1e4n,B,116,PRO,-1.6,112.7,0.0,0,0,X,0.0,0.0,0.0,0.0,0.0,0.0,0.0,0.0,22,0.02797645484037223,19,17,2,0,0,0,0,0,0,0,0,1
1e4n,B,117,ASP,-3.5,111.1,-1.0,1,3,X,0.0,0.0,0.0,0.0,0.0,0.0,0.0,0.0,20,0.03683566553982344,27,14,13,0,0,0,0,0,0,0,0,1
1e4n,B,118,GLY,-0.4,60.1,0.0,0,0,X,0.0,0.0,0.0,0.0,0.0,0.0,0.0,0.0,33,0.05595290968074446,33,22,11,0,0,0,0,0,0,0,0,1
1e4n,B,119,ILE,4.5,166.7,0.0,0,0,X,0.0,0.0,0.0,0.0,0.0,0.0,0.0,0.0,28,0.04755997322863279,27,13,14,0,0,0,0,0,0,0,0,1
1e4n,B,120,LYS,-3.9,168.6,1.0,2,0,X,0.0,0.0,0.0,0.0,0.0,0.0,0.0,0.0,19,0.03590311704514436,11,13,-2,0,0,0,0,0,0,0,0,1
1e4n,B,121,TYR,-1.3,193.6,0.0,1,1,X,0.0,0.0,0.0,0.0,0.0,0.0,0.0,0.0,37,0.04662742473395372,39,21,18,0,0,0,0,0,0,0,0,1
1e4n,B,122,TYR,-1.3,193.6,0.0,1,1,X,0.0,0.0,0.0,0.0,0.0,0.0,0.0,0.0,37,0.048958795970651406,25,11,14,0,0,0,0,0,0,0,0,1
1e4n,B,123,ARG,-4.5,173.4,1.0,5,0,X,0.0,0.0,0.0,0.0,0.0,0.0,0.0,0.0,30,0.04243095650789788,17,11,6,0,0,0,0,0,0,0,0,1
1e4n,B,124,ASN,-3.5,114.1,0.0,2,2,X,0.0,0.0,0.0,0.0,0.0,0.0,0.0,0.0,22,0.040565859518539735,29,4,25,0,0,0,0,0,0,0,0,1
1e4n,B,125,LEU,3.8,166.7,0.0,0,0,X,0.0,0.0,0.0,0.0,0.0,0.0,0.0,0.0,40,0.048958795970651406,23,14,9,0,0,0,0,0,0,0,0,1
1e4n,B,126,ILE,4.5,166.7,0.0,0,0,X,0.0,0.0,0.0,0.0,0.0,0.0,0.0,0.0,33,0.050823892960009553,24,20,4,0,0,0,0,0,0,0,0,1
1e4n,B,127,ASN,-3.5,114.1,0.0,2,2,X,0.0,0.0,0.0,0.0,0.0,0.0,0.0,0.0,24,0.040099585271200194,23,14,9,0,0,0,0,0,0,0,0,1
1e4n,B,128,LEU,3.8,166.7,0.0,0,0,X,0.0,0.0,0.0,0.0,0.0,0.0,0.0,0.0,24,0.04243095650789788,23,14,9,0,0,0,0,0,0,0,0,1
1e4n,B,129,LEU,3.8,166.7,0.0,0,0,X,0.0,0.0,0.0,0.0,0.0,0.0,0.0,0.0,33,0.048026247475972325,27,26,1,0,0,0,0,0,0,0,0,1
1e4n,B,130,LEU,3.8,166.7,0.0,0,0,X,0.0,0.0,0.0,0.0,0.0,0.0,0.0,0.0,24,0.040099585271200194,17,22,-5,0,0,0,0,0,0,0,0,1
1e4n,B,131,GLU,-3.5,138.4,-1.0,1,3,X,0.0,0.0,0.0,0.0,0.0,0.0,0.0,0.0,13,0.027510180593032695,7,0,7,0,0,0,0,0,0,0,0,1
1e4n,B,132,ASN,-3.5,114.1,0.0,2,2,X,0.0,0.0,0.0,0.0,0.0,0.0,0.0,0.0,22,0.032172923066428064,18,18,0,0,0,0,0,0,0,0,0,1
1e4n,B,133,GLY,-0.4,60.1,0.0,0,0,X,0.0,0.0,0.0,0.0,0.0,0.0,0.0,0.0,21,0.027043906345693154,9,26,-17,0,0,0,0,0,0,0,0,1
1e4n,B,134,ILE,4.5,166.7,0.0,0,0,X,0.0,0.0,0.0,0.0,0.0,0.0,0.0,0.0,32,0.04476232774459557,15,25,-10,0,0,0,0,0,0,0,0,1
1e4n,B,135,GLU,-3.5,138.4,-1.0,1,3,X,0.0,0.0,0.0,0.0,0.0,0.0,0.0,0.0,32,0.04103213376587927,20,10,10,0,0,0,0,0,0,0,0,1
1e4n,B,136,PRO,-1.6,112.7,0.0,0,0,X,0.0,0.0,0.0,0.0,0.0,0.0,0.0,0.0,35,0.056419183928083996,25,16,9,0,0,0,0,0,0,0,0,1
1e4n,B,137,TYR,-1.3,193.6,0.0,1,1,X,0.0,0.0,0.0,0.0,0.0,0.0,0.0,0.0,36,0.05408781269138631,30,14,16,0,0,0,0,0,0,0,0,1
1e4n,B,138,VAL,4.2,140.0,0.0,0,0,X,0.0,0.0,0.0,0.0,0.0,0.0,0.0,0.0,41,0.050823892960009553,21,6,15,0,0,0,0,0,0,0,0,1
1e4n,B,139,THR,-0.7,116.1,0.0,1,1,X,0.0,0.0,0.0,0.0,0.0,0.0,0.0,0.0,41,0.0526889899493677,21,8,13,0,0,0,0,0,0,0,0,1
1e4n,B,140,ILE,4.5,166.7,0.0,0,0,X,0.0,0.0,0.0,0.0,0.0,0.0,0.0,0.0,40,0.05455408693872585,17,5,12,0,0,0,0,0,0,0,0,1
1e4n,B,141,PHE,2.8,189.9,0.0,0,0,X,0.0,0.0,0.0,0.0,0.0,0.0,0.0,0.0,39,0.056419183928083996,14,14,0,0,0,0,0,0,0,0,0,1
1e4n,B,142,HIS,-3.2,153.2,0.1,2,1,X,0.0,0.0,0.0,0.0,0.0,0.0,0.0,0.0,38,0.05688545817542354,8,20,-12,0,0,0,0,0,0,0,0,1
1e4n,B,143,TRP,-0.9,227.8,0.0,1,0,X,0.0,0.0,0.0,0.0,0.0,0.0,0.0,0.0,40,0.048026247475972325,11,23,-12,0,0,0,0,0,0,0,0,1
1e4n,B,144,ASP,-3.5,111.1,-1.0,1,3,X,0.0,0.0,0.0,0.0,0.0,0.0,0.0,0.0,40,0.05688545817542354,19,18,1,0,0,0,0,0,0,0,0,1
1e4n,B,145,VAL,4.2,140.0,0.0,0,0,X,0.0,0.0,0.0,0.0,0.0,0.0,0.0,0.0,46,0.0526889899493677,14,31,-17,0,0,0,0,0,0,0,0,1
1e4n,B,146,PRO,-1.6,112.7,0.0,0,0,X,0.0,0.0,0.0,0.0,0.0,0.0,0.0,0.0,38,0.058284280917442144,25,46,-21,0,0,0,0,0,0,0,0,1
1e4n,B,147,GLN,-3.5,143.8,0.0,2,2,X,0.0,0.0,0.0,0.0,0.0,0.0,0.0,0.0,30,0.048958795970651406,22,38,-16,0,0,0,0,0,0,0,0,1
1e4n,B,148,ALA,1.8,88.6,0.0,0,0,X,0.0,0.0,0.0,0.0,0.0,0.0,0.0,0.0,25,0.040099585271200194,24,31,-7,0,0,0,0,0,0,0,0,1
1e4n,B,149,LEU,3.8,166.7,0.0,0,0,X,0.0,0.0,0.0,0.0,0.0,0.0,0.0,0.0,33,0.05035761871267001,17,37,-20,0,0,0,0,0,0,0,0,1
1e4n,B,150,GLU,-3.5,138.4,-1.0,1,3,X,0.0,0.0,0.0,0.0,0.0,0.0,0.0,0.0,34,0.043829779249916496,21,22,-1,0,0,0,0,0,0,0,0,1
1e4n,B,151,GLU,-3.5,138.4,-1.0,1,3,X,0.0,0.0,0.0,0.0,0.0,0.0,0.0,0.0,17,0.028909003335051305,17,16,1,0,0,0,0,0,0,0,0,1
1e4n,B,152,LYS,-3.9,168.6,1.0,2,0,X,0.0,0.0,0.0,0.0,0.0,0.0,0.0,0.0,19,0.02611135785101408,5,27,-22,0,0,0,0,0,0,0,0,1
1e4n,B,153,TYR,-1.3,193.6,0.0,1,1,X,0.0,0.0,0.0,0.0,0.0,0.0,0.0,0.0,29,0.034970568550465285,24,34,-10,0,0,0,0,0,0,0,0,1
1e4n,B,154,GLY,-0.4,60.1,0.0,0,0,X,0.0,0.0,0.0,0.0,0.0,0.0,0.0,0.0,27,0.03870076252918159,23,30,-7,0,0,0,0,0,0,0,0,1
1e4n,B,155,GLY,-0.4,60.1,0.0,0,0,X,0.0,0.0,0.0,0.0,0.0,0.0,0.0,0.0,37,0.05175644145468863,23,32,-9,0,0,0,0,0,0,0,0,1
1e4n,B,156,PHE,2.8,189.9,0.0,0,0,X,0.0,0.0,0.0,0.0,0.0,0.0,0.0,0.0,45,0.05035761871267001,18,28,-10,0,0,0,0,0,0,0,0,1
1e4n,B,157,LEU,3.8,166.7,0.0,0,0,X,0.0,0.0,0.0,0.0,0.0,0.0,0.0,0.0,33,0.04755997322863279,31,27,4,0,0,0,0,0,0,0,0,1
1e4n,B,158,ASP,-3.5,111.1,-1.0,1,3,X,0.0,0.0,0.0,0.0,0.0,0.0,0.0,0.0,26,0.04616115048661418,40,13,27,0,0,0,0,0,0,0,0,1
1e4n,B,159,LYS,-3.9,168.6,1.0,2,0,X,0.0,0.0,0.0,0.0,0.0,0.0,0.0,0.0,18,0.027043906345693154,12,17,-5,0,0,0,0,0,0,0,0,1
1e4n,B,160,SER,-0.8,89.0,0.0,1,1,X,0.0,0.0,0.0,0.0,0.0,0.0,0.0,0.0,18,0.025645083603674543,32,11,21,0,0,0,0,0,0,0,0,1
1e4n,B,161,HIS,-3.2,153.2,0.1,2,1,X,0.0,0.0,0.0,0.0,0.0,0.0,0.0,0.0,28,0.04149840801321881,31,9,22,0,0,0,0,0,0,0,0,1
1e4n,B,162,LYS,-3.9,168.6,1.0,2,0,X,0.0,0.0,0.0,0.0,0.0,0.0,0.0,0.0,19,0.03310547156110714,19,28,-9,0,0,0,0,0,0,0,0,1
1e4n,B,163,SER,-0.8,89.0,0.0,1,1,X,0.0,0.0,0.0,0.0,0.0,0.0,0.0,0.0,25,0.03823448828184205,29,25,4,0,0,0,0,0,0,0,0,1
1e4n,B,164,ILE,4.5,166.7,0.0,0,0,X,0.0,0.0,0.0,0.0,0.0,0.0,0.0,0.0,40,0.053621538444046775,28,31,-3,0,0,0,0,0,0,0,0,1
1e4n,B,165,VAL,4.2,140.0,0.0,0,0,X,0.0,0.0,0.0,0.0,0.0,0.0,0.0,0.0,32,0.05455408693872585,26,34,-8,0,0,0,0,0,0,0,0,1
1e4n,B,166,GLU,-3.5,138.4,-1.0,1,3,X,0.0,0.0,0.0,0.0,0.0,0.0,0.0,0.0,25,0.03776821403450251,20,21,-1,0,0,0,0,0,0,0,0,1
1e4n,B,167,ASP,-3.5,111.1,-1.0,1,3,X,0.0,0.0,0.0,0.0,0.0,0.0,0.0,0.0,31,0.04755997322863279,23,17,6,0,0,0,0,0,0,0,0,1
1e4n,B,168,TYR,-1.3,193.6,0.0,1,1,X,0.0,0.0,0.0,0.0,0.0,0.0,0.0,0.0,43,0.05222271570202816,15,23,-8,0,0,0,0,0,0,0,0,1
1e4n,B,169,THR,-0.7,116.1,0.0,1,1,X,0.0,0.0,0.0,0.0,0.0,0.0,0.0,0.0,36,0.048958795970651406,20,33,-13,0,0,0,0,0,0,0,0,1
1e4n,B,170,TYR,-1.3,193.6,0.0,1,1,X,0.0,0.0,0.0,0.0,0.0,0.0,0.0,0.0,28,0.043829779249916496,18,26,-8,0,0,0,0,0,0,0,0,1
1e4n,B,171,PHE,2.8,189.9,0.0,0,0,X,0.0,0.0,0.0,0.0,0.0,0.0,0.0,0.0,47,0.053621538444046775,14,15,-1,0,0,0,0,0,0,0,0,1
1e4n,B,172,ALA,1.8,88.6,0.0,0,0,X,0.0,0.0,0.0,0.0,0.0,0.0,0.0,0.0,38,0.04989134446533048,13,18,-5,0,0,0,0,0,0,0,0,1
1e4n,B,173,LYS,-3.9,168.6,1.0,2,0,X,0.0,0.0,0.0,0.0,0.0,0.0,0.0,0.0,26,0.04476232774459557,16,15,1,0,0,0,0,0,0,0,0,1
1e4n,B,174,VAL,4.2,140.0,0.0,0,0,X,0.0,0.0,0.0,0.0,0.0,0.0,0.0,0.0,30,0.04709369898129325,16,10,6,0,0,0,0,0,0,0,0,1
1e4n,B,175,CYS,2.5,108.5,0.0,1,0,X,0.0,0.0,0.0,0.0,0.0,0.0,0.0,0.0,37,0.04989134446533048,12,10,2,0,0,0,0,0,0,0,0,1
1e4n,B,176,PHE,2.8,189.9,0.0,0,0,X,0.0,0.0,0.0,0.0,0.0,0.0,0.0,0.0,38,0.04942507021799094,28,17,11,0,0,0,0,0,0,0,0,1
1e4n,B,177,ASP,-3.5,111.1,-1.0,1,3,X,0.0,0.0,0.0,0.0,0.0,0.0,0.0,0.0,23,0.03450429430312575,20,6,14,0,0,0,0,0,0,0,0,1
1e4n,B,178,ASN,-3.5,114.1,0.0,2,2,X,0.0,0.0,0.0,0.0,0.0,0.0,0.0,0.0,28,0.035436842797804825,26,15,11,0,0,0,0,0,0,0,0,1
1e4n,B,179,PHE,2.8,189.9,0.0,0,0,X,0.0,0.0,0.0,0.0,0.0,0.0,0.0,0.0,35,0.04755997322863279,29,16,13,0,0,0,0,0,0,0,0,1
1e4n,B,180,GLY,-0.4,60.1,0.0,0,0,X,0.0,0.0,0.0,0.0,0.0,0.0,0.0,0.0,30,0.04662742473395372,42,20,22,0,0,0,0,0,0,0,0,1
1e4n,B,181,ASP,-3.5,111.1,-1.0,1,3,X,0.0,0.0,0.0,0.0,0.0,0.0,0.0,0.0,20,0.027043906345693154,33,6,27,0,0,0,0,0,0,0,0,1
1e4n,B,182,LYS,-3.9,168.6,1.0,2,0,X,0.0,0.0,0.0,0.0,0.0,0.0,0.0,0.0,28,0.03730193978716297,24,19,5,0,0,0,0,0,0,0,0,1
1e4n,B,183,VAL,4.2,140.0,0.0,0,0,X,0.0,0.0,0.0,0.0,0.0,0.0,0.0,0.0,37,0.04942507021799094,37,25,12,0,0,0,0,0,0,0,0,1
1e4n,B,184,LYS,-3.9,168.6,1.0,2,0,X,0.0,0.0,0.0,0.0,0.0,0.0,0.0,0.0,25,0.048958795970651406,34,26,8,0,0,0,0,0,0,0,0,1
1e4n,B,185,ASN,-3.5,114.1,0.0,2,2,X,0.0,0.0,0.0,0.0,0.0,0.0,0.0,0.0,36,0.053155264196707235,33,15,18,0,0,0,0,0,0,0,0,1
1e4n,B,186,TRP,-0.9,227.8,0.0,1,0,X,0.0,0.0,0.0,0.0,0.0,0.0,0.0,0.0,44,0.05175644145468863,30,4,26,0,0,0,0,0,0,0,0,1
1e4n,B,187,LEU,3.8,166.7,0.0,0,0,X,0.0,0.0,0.0,0.0,0.0,0.0,0.0,0.0,43,0.053155264196707235,29,1,28,0,0,0,0,0,0,0,0,1
1e4n,B,188,THR,-0.7,116.1,0.0,1,1,X,0.0,0.0,0.0,0.0,0.0,0.0,0.0,0.0,45,0.0526889899493677,16,6,10,0,0,0,0,0,0,0,0,1
1e4n,B,189,PHE,2.8,189.9,0.0,0,0,X,0.0,0.0,0.0,0.0,0.0,0.0,0.0,0.0,45,0.05502036118606539,20,11,9,0,0,0,0,0,0,0,0,1
1e4n,B,190,ASN,-3.5,114.1,0.0,2,2,X,0.0,0.0,0.0,0.0,0.0,0.0,0.0,0.0,40,0.05735173242276307,19,25,-6,0,0,0,0,0,0,0,0,1
1e4n,B,191,ASP,-3.5,111.1,-1.0,1,3,X,0.0,0.0,0.0,0.0,0.0,0.0,0.0,0.0,37,0.05129016720734909,14,17,-3,0,0,0,0,0,0,0,0,1
1e4n,B,192,PRO,-1.6,112.7,0.0,0,0,X,0.0,0.0,0.0,0.0,0.0,0.0,0.0,0.0,39,0.058750555164781684,13,17,-4,0,0,0,0,0,0,0,0,1
1e4n,B,193,GLN,-3.5,143.8,0.0,2,2,X,0.0,0.0,0.0,0.0,0.0,0.0,0.0,0.0,38,0.05035761871267001,2,18,-16,0,0,0,0,0,0,0,0,1
1e4n,B,194,THR,-0.7,116.1,0.0,1,1,X,0.0,0.0,0.0,0.0,0.0,0.0,0.0,0.0,37,0.04662742473395372,6,19,-13,0,0,0,0,0,0,0,0,1
1e4n,B,195,PHE,2.8,189.9,0.0,0,0,X,0.0,0.0,0.0,0.0,0.0,0.0,0.0,0.0,39,0.05548663543340492,10,23,-13,0,0,0,0,0,0,0,0,1
1e4n,B,196,THR,-0.7,116.1,0.0,1,1,X,0.0,0.0,0.0,0.0,0.0,0.0,0.0,0.0,41,0.05735173242276307,4,16,-12,0,0,0,0,0,0,0,0,1
1e4n,B,197,SER,-0.8,89.0,0.0,1,1,X,0.0,0.0,0.0,0.0,0.0,0.0,0.0,0.0,38,0.05502036118606539,3,11,-8,0,0,0,0,0,0,0,0,1
1e4n,B,198,PHE,2.8,189.9,0.0,0,0,X,0.0,0.0,0.0,0.0,0.0,0.0,0.0,0.0,29,0.04755997322863279,3,7,-4,0,0,0,0,0,0,0,0,1
1e4n,B,199,SER,-0.8,89.0,0.0,1,1,X,0.0,0.0,0.0,0.0,0.0,0.0,0.0,0.0,43,0.05688545817542354,9,13,-4,0,0,0,0,0,0,0,0,1
1e4n,B,200,TYR,-1.3,193.6,0.0,1,1,X,0.0,0.0,0.0,0.0,0.0,0.0,0.0,0.0,44,0.06014937790680029,11,14,-3,0,0,0,0,0,0,0,0,1
1e4n,B,201,GLY,-0.4,60.1,0.0,0,0,X,0.0,0.0,0.0,0.0,0.0,0.0,0.0,0.0,42,0.05688545817542354,8,16,-8,0,0,0,0,0,0,0,0,1
1e4n,B,202,THR,-0.7,116.1,0.0,1,1,X,0.0,0.0,0.0,0.0,0.0,0.0,0.0,0.0,34,0.04429605349725603,6,8,-2,0,0,0,0,0,0,0,0,1
1e4n,B,203,GLY,-0.4,60.1,0.0,0,0,X,0.0,0.0,0.0,0.0,0.0,0.0,0.0,0.0,34,0.053155264196707235,18,9,9,0,0,0,0,0,0,0,0,1
1e4n,B,204,VAL,4.2,140.0,0.0,0,0,X,0.0,0.0,0.0,0.0,0.0,0.0,0.0,0.0,33,0.048492521723311866,17,11,6,0,0,0,0,0,0,0,0,1
1e4n,B,205,PHE,2.8,189.9,0.0,0,0,X,0.0,0.0,0.0,0.0,0.0,0.0,0.0,0.0,34,0.050823892960009553,13,5,8,0,0,0,0,0,0,0,0,1
1e4n,B,206,ALA,1.8,88.6,0.0,0,0,X,0.0,0.0,0.0,0.0,0.0,0.0,0.0,0.0,42,0.04989134446533048,28,13,15,0,0,0,0,0,0,0,0,1
1e4n,B,207,PRO,-1.6,112.7,0.0,0,0,X,0.0,0.0,0.0,0.0,0.0,0.0,0.0,0.0,40,0.05408781269138631,30,16,14,0,0,0,0,0,0,0,0,1
1e4n,B,208,GLY,-0.4,60.1,0.0,0,0,X,0.0,0.0,0.0,0.0,0.0,0.0,0.0,0.0,37,0.053155264196707235,33,11,22,0,0,0,0,0,0,0,0,1
1e4n,B,209,ARG,-4.5,173.4,1.0,5,0,X,0.0,0.0,0.0,0.0,0.0,0.0,0.0,0.0,33,0.058750555164781684,0,12,-12,0,0,0,0,0,0,0,0,1
1e4n,B,210,CYS,2.5,108.5,0.0,1,0,X,0.0,0.0,0.0,0.0,0.0,0.0,0.0,0.0,35,0.05921682941212122,14,15,-1,0,0,0,0,0,0,0,0,1
1e4n,B,211,SER,-0.8,89.0,0.0,1,1,X,0.0,0.0,0.0,0.0,0.0,0.0,0.0,0.0,28,0.040565859518539735,11,12,-1,0,0,0,0,0,0,0,0,1
1e4n,B,212,PRO,-1.6,112.7,0.0,0,0,X,0.0,0.0,0.0,0.0,0.0,0.0,0.0,0.0,17,0.026577632098353617,5,3,2,0,0,0,0,0,0,0,0,1
1e4n,B,213,GLY,-0.4,60.1,0.0,0,0,X,0.0,0.0,0.0,0.0,0.0,0.0,0.0,0.0,17,0.01958351838826056,1,8,-7,0,0,0,0,0,0,0,0,1
1e4n,B,214,LEU,3.8,166.7,0.0,0,0,X,0.0,0.0,0.0,0.0,0.0,0.0,0.0,0.0,24,0.028909003335051305,8,8,0,0,0,0,0,0,0,0,0,1
1e4n,B,215,ASP,-3.5,111.1,-1.0,1,3,X,0.0,0.0,0.0,0.0,0.0,0.0,0.0,0.0,19,0.025645083603674543,13,2,11,0,0,0,0,0,0,0,0,1
1e4n,B,216,CYS,2.5,108.5,0.0,1,0,X,0.0,0.0,0.0,0.0,0.0,0.0,0.0,0.0,29,0.040565859518539735,24,13,11,0,0,0,0,0,0,0,0,1
1e4n,B,217,ALA,1.8,88.6,0.0,0,0,X,0.0,0.0,0.0,0.0,0.0,0.0,0.0,0.0,25,0.03870076252918159,31,17,14,0,0,0,0,0,0,0,0,1
1e4n,B,218,TYR,-1.3,193.6,0.0,1,1,X,0.0,0.0,0.0,0.0,0.0,0.0,0.0,0.0,25,0.03683566553982344,28,6,22,0,0,0,0,0,0,0,0,1
1e4n,B,219,PRO,-1.6,112.7,0.0,0,0,X,0.0,0.0,0.0,0.0,0.0,0.0,0.0,0.0,22,0.03916703677652112,15,11,4,0,0,0,0,0,0,0,0,1
1e4n,B,220,THR,-0.7,116.1,0.0,1,1,X,0.0,0.0,0.0,0.0,0.0,0.0,0.0,0.0,18,0.03170664881908853,11,5,6,0,0,0,0,0,0,0,0,1
1e4n,B,221,GLY,-0.4,60.1,0.0,0,0,X,0.0,0.0,0.0,0.0,0.0,0.0,0.0,0.0,27,0.03870076252918159,13,9,4,0,0,0,0,0,0,0,0,1
1e4n,B,222,ASN,-3.5,114.1,0.0,2,2,X,0.0,0.0,0.0,0.0,0.0,0.0,0.0,0.0,28,0.040099585271200194,22,10,12,0,0,0,0,0,0,0,0,1
1e4n,B,223,SER,-0.8,89.0,0.0,1,1,X,0.0,0.0,0.0,0.0,0.0,0.0,0.0,0.0,35,0.05222271570202816,15,19,-4,0,0,0,0,0,0,0,0,1
1e4n,B,224,LEU,3.8,166.7,0.0,0,0,X,0.0,0.0,0.0,0.0,0.0,0.0,0.0,0.0,31,0.048958795970651406,12,28,-16,0,0,0,0,0,0,0,0,1
1e4n,B,225,VAL,4.2,140.0,0.0,0,0,X,0.0,0.0,0.0,0.0,0.0,0.0,0.0,0.0,31,0.043829779249916496,23,20,3,0,0,0,0,0,0,0,0,1
1e4n,B,226,GLU,-3.5,138.4,-1.0,1,3,X,0.0,0.0,0.0,0.0,0.0,0.0,0.0,0.0,39,0.04942507021799094,26,4,22,0,0,0,0,0,0,0,0,1
1e4n,B,227,PRO,-1.6,112.7,0.0,0,0,X,0.0,0.0,0.0,0.0,0.0,0.0,0.0,0.0,44,0.05408781269138631,19,11,8,0,0,0,0,0,0,0,0,1
1e4n,B,228,TYR,-1.3,193.6,0.0,1,1,X,0.0,0.0,0.0,0.0,0.0,0.0,0.0,0.0,39,0.05455408693872585,32,18,14,0,0,0,0,0,0,0,0,1
1e4n,B,229,THR,-0.7,116.1,0.0,1,1,X,0.0,0.0,0.0,0.0,0.0,0.0,0.0,0.0,36,0.05035761871267001,33,19,14,0,0,0,0,0,0,0,0,1
1e4n,B,230,ALA,1.8,88.6,0.0,0,0,X,0.0,0.0,0.0,0.0,0.0,0.0,0.0,0.0,42,0.05595290968074446,23,17,6,0,0,0,0,0,0,0,0,1
1e4n,B,231,GLY,-0.4,60.1,0.0,0,0,X,0.0,0.0,0.0,0.0,0.0,0.0,0.0,0.0,41,0.05735173242276307,21,9,12,0,0,0,0,0,0,0,0,1
1e4n,B,232,HIS,-3.2,153.2,0.1,2,1,X,0.0,0.0,0.0,0.0,0.0,0.0,0.0,0.0,39,0.053155264196707235,24,11,13,0,0,0,0,0,0,0,0,1
1e4n,B,233,ASN,-3.5,114.1,0.0,2,2,X,0.0,0.0,0.0,0.0,0.0,0.0,0.0,0.0,39,0.05688545817542354,37,13,24,0,0,0,0,0,0,0,0,1
1e4n,B,234,ILE,4.5,166.7,0.0,0,0,X,0.0,0.0,0.0,0.0,0.0,0.0,0.0,0.0,44,0.053155264196707235,22,6,16,0,0,0,0,0,0,0,0,1
1e4n,B,235,LEU,3.8,166.7,0.0,0,0,X,0.0,0.0,0.0,0.0,0.0,0.0,0.0,0.0,45,0.053621538444046775,31,13,18,0,0,0,0,0,0,0,0,1
1e4n,B,236,LEU,3.8,166.7,0.0,0,0,X,0.0,0.0,0.0,0.0,0.0,0.0,0.0,0.0,40,0.050823892960009553,59,16,43,0,0,0,0,0,0,0,0,1
1e4n,B,237,ALA,1.8,88.6,0.0,0,0,X,0.0,0.0,0.0,0.0,0.0,0.0,0.0,0.0,40,0.05408781269138631,31,23,8,0,0,0,0,0,0,0,0,1
1e4n,B,238,HIS,-3.2,153.2,0.1,2,1,X,0.0,0.0,0.0,0.0,0.0,0.0,0.0,0.0,49,0.04942507021799094,9,14,-5,0,0,0,0,0,0,0,0,1
1e4n,B,239,ALA,1.8,88.6,0.0,0,0,X,0.0,0.0,0.0,0.0,0.0,0.0,0.0,0.0,37,0.04989134446533048,25,24,1,0,0,0,0,0,0,0,0,1
1e4n,B,240,GLU,-3.5,138.4,-1.0,1,3,X,0.0,0.0,0.0,0.0,0.0,0.0,0.0,0.0,34,0.04149840801321881,30,22,8,0,0,0,0,0,0,0,0,1
1e4n,B,241,ALA,1.8,88.6,0.0,0,0,X,0.0,0.0,0.0,0.0,0.0,0.0,0.0,0.0,37,0.05175644145468863,32,23,9,0,0,0,0,0,0,0,0,1
1e4n,B,242,VAL,4.2,140.0,0.0,0,0,X,0.0,0.0,0.0,0.0,0.0,0.0,0.0,0.0,37,0.04755997322863279,36,19,17,0,0,0,0,0,0,0,0,1
1e4n,B,243,ASP,-3.5,111.1,-1.0,1,3,X,0.0,0.0,0.0,0.0,0.0,0.0,0.0,0.0,26,0.03823448828184205,37,13,24,0,0,0,0,0,0,0,0,1
1e4n,B,244,LEU,3.8,166.7,0.0,0,0,X,0.0,0.0,0.0,0.0,0.0,0.0,0.0,0.0,28,0.048492521723311866,36,22,14,0,0,0,0,0,0,0,0,1
1e4n,B,245,TYR,-1.3,193.6,0.0,1,1,X,0.0,0.0,0.0,0.0,0.0,0.0,0.0,0.0,38,0.04942507021799094,53,15,38,0,0,0,0,0,0,0,0,1
1e4n,B,246,ASN,-3.5,114.1,0.0,2,2,X,0.0,0.0,0.0,0.0,0.0,0.0,0.0,0.0,22,0.03963331102386066,39,12,27,0,0,0,0,0,0,0,0,1
1e4n,B,247,LYS,-3.9,168.6,1.0,2,0,X,0.0,0.0,0.0,0.0,0.0,0.0,0.0,0.0,13,0.03124037457174899,21,12,9,0,0,0,0,0,0,0,0,1
1e4n,B,248,HIS,-3.2,153.2,0.1,2,1,X,0.0,0.0,0.0,0.0,0.0,0.0,0.0,0.0,14,0.029375277582390842,24,15,9,0,0,0,0,0,0,0,0,1
1e4n,B,249,TYR,-1.3,193.6,0.0,1,1,X,0.0,0.0,0.0,0.0,0.0,0.0,0.0,0.0,26,0.04103213376587927,43,17,26,0,0,0,0,0,0,0,0,1
1e4n,B,250,LYS,-3.9,168.6,1.0,2,0,X,0.0,0.0,0.0,0.0,0.0,0.0,0.0,0.0,23,0.04103213376587927,36,20,16,0,0,0,0,0,0,0,0,1
1e4n,B,251,ARG,-4.5,173.4,1.0,5,0,X,0.0,0.0,0.0,0.0,0.0,0.0,0.0,0.0,20,0.027510180593032695,32,22,10,0,0,0,0,0,0,0,0,1
1e4n,B,252,ASP,-3.5,111.1,-1.0,1,3,X,0.0,0.0,0.0,0.0,0.0,0.0,0.0,0.0,9,0.019117244140921023,31,8,23,0,0,0,0,0,0,0,0,1
1e4n,B,253,ASP,-3.5,111.1,-1.0,1,3,X,0.0,0.0,0.0,0.0,0.0,0.0,0.0,0.0,17,0.025645083603674543,42,14,28,0,0,0,0,0,0,0,0,1
1e4n,B,254,THR,-0.7,116.1,0.0,1,1,X,0.0,0.0,0.0,0.0,0.0,0.0,0.0,0.0,22,0.04476232774459557,44,22,22,0,0,0,0,0,0,0,0,1
1e4n,B,255,ARG,-4.5,173.4,1.0,5,0,X,0.0,0.0,0.0,0.0,0.0,0.0,0.0,0.0,29,0.045228601991935104,20,16,4,0,0,0,0,0,0,0,0,1
1e4n,B,256,ILE,4.5,166.7,0.0,0,0,X,0.0,0.0,0.0,0.0,0.0,0.0,0.0,0.0,38,0.053155264196707235,35,6,29,0,0,0,0,0,0,0,0,1
1e4n,B,257,GLY,-0.4,60.1,0.0,0,0,X,0.0,0.0,0.0,0.0,0.0,0.0,0.0,0.0,39,0.05035761871267001,22,0,22,0,0,0,0,0,0,0,0,1
1e4n,B,258,LEU,3.8,166.7,0.0,0,0,X,0.0,0.0,0.0,0.0,0.0,0.0,0.0,0.0,45,0.05035761871267001,13,10,3,0,0,0,0,0,0,0,0,1
1e4n,B,259,ALA,1.8,88.6,0.0,0,0,X,0.0,0.0,0.0,0.0,0.0,0.0,0.0,0.0,42,0.05408781269138631,18,25,-7,0,0,0,0,0,0,0,0,1
1e4n,B,260,PHE,2.8,189.9,0.0,0,0,X,0.0,0.0,0.0,0.0,0.0,0.0,0.0,0.0,40,0.056419183928083996,5,18,-13,0,0,0,0,0,0,0,0,1
1e4n,B,261,ASP,-3.5,111.1,-1.0,1,3,X,0.0,0.0,0.0,0.0,0.0,0.0,0.0,0.0,38,0.05175644145468863,5,17,-12,0,0,0,0,0,0,0,0,1
1e4n,B,262,VAL,4.2,140.0,0.0,0,0,X,0.0,0.0,0.0,0.0,0.0,0.0,0.0,0.0,38,0.04755997322863279,11,25,-14,0,0,0,0,0,0,0,0,1
1e4n,B,263,MET,1.9,162.9,0.0,0,0,X,0.0,0.0,0.0,0.0,0.0,0.0,0.0,0.0,33,0.048958795970651406,22,11,11,0,0,0,0,0,0,0,0,1
1e4n,B,264,GLY,-0.4,60.1,0.0,0,0,X,0.0,0.0,0.0,0.0,0.0,0.0,0.0,0.0,36,0.056419183928083996,25,28,-3,0,0,0,0,0,0,0,0,1
1e4n,B,265,ARG,-4.5,173.4,1.0,5,0,X,0.0,0.0,0.0,0.0,0.0,0.0,0.0,0.0,40,0.05455408693872585,19,34,-15,0,0,0,0,0,0,0,0,1
1e4n,B,266,VAL,4.2,140.0,0.0,0,0,X,0.0,0.0,0.0,0.0,0.0,0.0,0.0,0.0,35,0.04616115048661418,30,36,-6,0,0,0,0,0,0,0,0,1
1e4n,B,267,PRO,-1.6,112.7,0.0,0,0,X,0.0,0.0,0.0,0.0,0.0,0.0,0.0,0.0,31,0.04476232774459557,28,28,0,0,0,0,0,0,0,0,0,1
1e4n,B,268,TYR,-1.3,193.6,0.0,1,1,X,0.0,0.0,0.0,0.0,0.0,0.0,0.0,0.0,27,0.04476232774459557,17,26,-9,0,0,0,0,0,0,0,0,1
1e4n,B,269,GLY,-0.4,60.1,0.0,0,0,X,0.0,0.0,0.0,0.0,0.0,0.0,0.0,0.0,21,0.03310547156110714,16,17,-1,0,0,0,0,0,0,0,0,1
1e4n,B,270,THR,-0.7,116.1,0.0,1,1,X,0.0,0.0,0.0,0.0,0.0,0.0,0.0,0.0,14,0.021914889624958248,7,8,-1,0,0,0,0,0,0,0,0,1
1e4n,B,271,SER,-0.8,89.0,0.0,1,1,X,0.0,0.0,0.0,0.0,0.0,0.0,0.0,0.0,19,0.025645083603674543,28,12,16,0,0,0,0,0,0,0,0,1
1e4n,B,272,PHE,2.8,189.9,0.0,0,0,X,0.0,0.0,0.0,0.0,0.0,0.0,0.0,0.0,27,0.03357174580844668,29,26,3,0,0,0,0,0,0,0,0,1
1e4n,B,273,LEU,3.8,166.7,0.0,0,0,X,0.0,0.0,0.0,0.0,0.0,0.0,0.0,0.0,29,0.03916703677652112,37,25,12,0,0,0,0,0,0,0,0,1
1e4n,B,274,ASP,-3.5,111.1,-1.0,1,3,X,0.0,0.0,0.0,0.0,0.0,0.0,0.0,0.0,29,0.04989134446533048,29,17,12,0,0,0,0,0,0,0,0,1
1e4n,B,275,LYS,-3.9,168.6,1.0,2,0,X,0.0,0.0,0.0,0.0,0.0,0.0,0.0,0.0,21,0.043829779249916496,20,28,-8,0,0,0,0,0,0,0,0,1
1e4n,B,276,GLN,-3.5,143.8,0.0,2,2,X,0.0,0.0,0.0,0.0,0.0,0.0,0.0,0.0,30,0.04196468226055834,33,43,-10,0,0,0,0,0,0,0,0,1
1e4n,B,277,ALA,1.8,88.6,0.0,0,0,X,0.0,0.0,0.0,0.0,0.0,0.0,0.0,0.0,34,0.05595290968074446,39,37,2,0,0,0,0,0,0,0,0,1
1e4n,B,278,GLU,-3.5,138.4,-1.0,1,3,X,0.0,0.0,0.0,0.0,0.0,0.0,0.0,0.0,33,0.05688545817542354,41,27,14,0,0,0,0,0,0,0,0,1
1e4n,B,279,GLU,-3.5,138.4,-1.0,1,3,X,0.0,0.0,0.0,0.0,0.0,0.0,0.0,0.0,27,0.04289723075523742,33,22,11,0,0,0,0,0,0,0,0,1
1e4n,B,280,ARG,-4.5,173.4,1.0,5,0,X,0.0,0.0,0.0,0.0,0.0,0.0,0.0,0.0,34,0.04755997322863279,14,41,-27,0,0,0,0,0,0,0,0,1
1e4n,B,281,SER,-0.8,89.0,0.0,1,1,X,0.0,0.0,0.0,0.0,0.0,0.0,0.0,0.0,41,0.05129016720734909,36,38,-2,0,0,0,0,0,0,0,0,1
1e4n,B,282,TRP,-0.9,227.8,0.0,1,0,X,0.0,0.0,0.0,0.0,0.0,0.0,0.0,0.0,38,0.05175644145468863,32,37,-5,0,0,0,0,0,0,0,0,1
1e4n,B,283,ASP,-3.5,111.1,-1.0,1,3,X,0.0,0.0,0.0,0.0,0.0,0.0,0.0,0.0,36,0.048026247475972325,23,26,-3,0,0,0,0,0,0,0,0,1
1e4n,B,284,ILE,4.5,166.7,0.0,0,0,X,0.0,0.0,0.0,0.0,0.0,0.0,0.0,0.0,39,0.050823892960009553,16,29,-13,0,0,0,0,0,0,0,0,1
1e4n,B,285,ASN,-3.5,114.1,0.0,2,2,X,0.0,0.0,0.0,0.0,0.0,0.0,0.0,0.0,37,0.05175644145468863,13,24,-11,0,0,0,0,0,0,0,0,1
1e4n,B,286,LEU,3.8,166.7,0.0,0,0,X,0.0,0.0,0.0,0.0,0.0,0.0,0.0,0.0,37,0.05408781269138631,13,29,-16,0,0,0,0,0,0,0,0,1
1e4n,B,287,GLY,-0.4,60.1,0.0,0,0,X,0.0,0.0,0.0,0.0,0.0,0.0,0.0,0.0,36,0.05222271570202816,13,27,-14,0,0,0,0,0,0,0,0,1
1e4n,B,288,TRP,-0.9,227.8,0.0,1,0,X,0.0,0.0,0.0,0.0,0.0,0.0,0.0,0.0,44,0.05502036118606539,9,22,-13,0,0,0,0,0,0,0,0,1
1e4n,B,289,PHE,2.8,189.9,0.0,0,0,X,0.0,0.0,0.0,0.0,0.0,0.0,0.0,0.0,43,0.05455408693872585,15,24,-9,0,0,0,0,0,0,0,0,1
1e4n,B,290,LEU,3.8,166.7,0.0,0,0,X,0.0,0.0,0.0,0.0,0.0,0.0,0.0,0.0,44,0.048026247475972325,17,22,-5,0,0,0,0,0,0,0,0,1
1e4n,B,291,GLU,-3.5,138.4,-1.0,1,3,X,0.0,0.0,0.0,0.0,0.0,0.0,0.0,0.0,37,0.050823892960009553,21,19,2,0,0,0,0,0,0,0,0,1
1e4n,B,292,PRO,-1.6,112.7,0.0,0,0,X,0.0,0.0,0.0,0.0,0.0,0.0,0.0,0.0,40,0.05688545817542354,36,19,17,0,0,0,0,0,0,0,0,1
1e4n,B,293,VAL,4.2,140.0,0.0,0,0,X,0.0,0.0,0.0,0.0,0.0,0.0,0.0,0.0,40,0.053621538444046775,27,16,11,0,0,0,0,0,0,0,0,1
1e4n,B,294,VAL,4.2,140.0,0.0,0,0,X,0.0,0.0,0.0,0.0,0.0,0.0,0.0,0.0,35,0.04476232774459557,22,15,7,0,0,0,0,0,0,0,0,1
1e4n,B,295,ARG,-4.5,173.4,1.0,5,0,X,0.0,0.0,0.0,0.0,0.0,0.0,0.0,0.0,29,0.0363693912924839,15,24,-9,0,0,0,0,0,0,0,0,1
1e4n,B,296,GLY,-0.4,60.1,0.0,0,0,X,0.0,0.0,0.0,0.0,0.0,0.0,0.0,0.0,34,0.04662742473395372,34,40,-6,0,0,0,0,0,0,0,0,1
1e4n,B,297,ASP,-3.5,111.1,-1.0,1,3,X,0.0,0.0,0.0,0.0,0.0,0.0,0.0,0.0,35,0.05175644145468863,37,22,15,0,0,0,0,0,0,0,0,1
1e4n,B,298,TYR,-1.3,193.6,0.0,1,1,X,0.0,0.0,0.0,0.0,0.0,0.0,0.0,0.0,37,0.05129016720734909,42,24,18,0,0,0,0,0,0,0,0,1
1e4n,B,299,PRO,-1.6,112.7,0.0,0,0,X,0.0,0.0,0.0,0.0,0.0,0.0,0.0,0.0,39,0.04989134446533048,30,32,-2,0,0,0,0,0,0,0,0,1
1e4n,B,300,PHE,2.8,189.9,0.0,0,0,X,0.0,0.0,0.0,0.0,0.0,0.0,0.0,0.0,29,0.045228601991935104,32,24,8,0,0,0,0,0,0,0,0,1
1e4n,B,301,SER,-0.8,89.0,0.0,1,1,X,0.0,0.0,0.0,0.0,0.0,0.0,0.0,0.0,32,0.040099585271200194,38,26,12,0,0,0,0,0,0,0,0,1
1e4n,B,302,MET,1.9,162.9,0.0,0,0,X,0.0,0.0,0.0,0.0,0.0,0.0,0.0,0.0,36,0.05222271570202816,36,32,4,0,0,0,0,0,0,0,0,1
1e4n,B,303,ARG,-4.5,173.4,1.0,5,0,X,0.0,0.0,0.0,0.0,0.0,0.0,0.0,0.0,30,0.05129016720734909,24,24,0,0,0,0,0,0,0,0,0,1
1e4n,B,304,SER,-0.8,89.0,0.0,1,1,X,0.0,0.0,0.0,0.0,0.0,0.0,0.0,0.0,21,0.04476232774459557,47,14,33,0,0,0,0,0,0,0,0,1
1e4n,B,305,LEU,3.8,166.7,0.0,0,0,X,0.0,0.0,0.0,0.0,0.0,0.0,0.0,0.0,26,0.04616115048661418,49,20,29,0,0,0,0,0,0,0,0,1
1e4n,B,306,ALA,1.8,88.6,0.0,0,0,X,0.0,0.0,0.0,0.0,0.0,0.0,0.0,0.0,28,0.04755997322863279,38,20,18,0,0,0,0,0,0,0,0,1
1e4n,B,307,ARG,-4.5,173.4,1.0,5,0,X,0.0,0.0,0.0,0.0,0.0,0.0,0.0,0.0,18,0.03963331102386066,24,17,7,0,0,0,0,0,0,0,0,1
1e4n,B,308,GLU,-3.5,138.4,-1.0,1,3,X,0.0,0.0,0.0,0.0,0.0,0.0,0.0,0.0,16,0.02844272908771177,35,3,32,0,0,0,0,0,0,0,0,1
1e4n,B,309,ARG,-4.5,173.4,1.0,5,0,X,0.0,0.0,0.0,0.0,0.0,0.0,0.0,0.0,26,0.03776821403450251,16,22,-6,0,0,0,0,0,0,0,0,1
1e4n,B,310,LEU,3.8,166.7,0.0,0,0,X,0.0,0.0,0.0,0.0,0.0,0.0,0.0,0.0,33,0.05175644145468863,42,22,20,0,0,0,0,0,0,0,0,1
1e4n,B,311,PRO,-1.6,112.7,0.0,0,0,X,0.0,0.0,0.0,0.0,0.0,0.0,0.0,0.0,29,0.040565859518539735,43,13,30,0,0,0,0,0,0,0,0,1
1e4n,B,312,PHE,2.8,189.9,0.0,0,0,X,0.0,0.0,0.0,0.0,0.0,0.0,0.0,0.0,23,0.03916703677652112,38,18,20,0,0,0,0,0,0,0,0,1
1e4n,B,313,PHE,2.8,189.9,0.0,0,0,X,0.0,0.0,0.0,0.0,0.0,0.0,0.0,0.0,32,0.04149840801321881,46,27,19,0,0,0,0,0,0,0,0,1
1e4n,B,314,LYS,-3.9,168.6,1.0,2,0,X,0.0,0.0,0.0,0.0,0.0,0.0,0.0,0.0,19,0.029375277582390842,29,23,6,0,0,0,0,0,0,0,0,1
1e4n,B,315,ASP,-3.5,111.1,-1.0,1,3,X,0.0,0.0,0.0,0.0,0.0,0.0,0.0,0.0,15,0.027043906345693154,21,23,-2,0,0,0,0,0,0,0,0,1
1e4n,B,316,GLU,-3.5,138.4,-1.0,1,3,X,0.0,0.0,0.0,0.0,0.0,0.0,0.0,0.0,15,0.030307826077069916,29,22,7,0,0,0,0,0,0,0,0,1
1e4n,B,317,GLN,-3.5,143.8,0.0,2,2,X,0.0,0.0,0.0,0.0,0.0,0.0,0.0,0.0,27,0.04243095650789788,48,37,11,0,0,0,0,0,0,0,0,1
1e4n,B,318,LYS,-3.9,168.6,1.0,2,0,X,0.0,0.0,0.0,0.0,0.0,0.0,0.0,0.0,28,0.04429605349725603,33,39,-6,0,0,0,0,0,0,0,0,1
1e4n,B,319,GLU,-3.5,138.4,-1.0,1,3,X,0.0,0.0,0.0,0.0,0.0,0.0,0.0,0.0,19,0.02984155182973038,27,22,5,0,0,0,0,0,0,0,0,1
1e4n,B,320,LYS,-3.9,168.6,1.0,2,0,X,0.0,0.0,0.0,0.0,0.0,0.0,0.0,0.0,27,0.03963331102386066,25,39,-14,0,0,0,0,0,0,0,0,1
1e4n,B,321,LEU,3.8,166.7,0.0,0,0,X,0.0,0.0,0.0,0.0,0.0,0.0,0.0,0.0,35,0.053155264196707235,40,40,0,0,0,0,0,0,0,0,0,1
1e4n,B,322,ALA,1.8,88.6,0.0,0,0,X,0.0,0.0,0.0,0.0,0.0,0.0,0.0,0.0,24,0.040099585271200194,26,22,4,0,0,0,0,0,0,0,0,1
1e4n,B,323,GLY,-0.4,60.1,0.0,0,0,X,0.0,0.0,0.0,0.0,0.0,0.0,0.0,0.0,28,0.030774100324409453,22,12,10,0,0,0,0,0,0,0,0,1
1e4n,B,324,SER,-0.8,89.0,0.0,1,1,X,0.0,0.0,0.0,0.0,0.0,0.0,0.0,0.0,37,0.04429605349725603,23,17,6,0,0,0,0,0,0,0,0,1
1e4n,B,325,TYR,-1.3,193.6,0.0,1,1,X,0.0,0.0,0.0,0.0,0.0,0.0,0.0,0.0,37,0.04243095650789788,16,3,13,0,0,0,0,0,0,0,0,1
1e4n,B,326,ASN,-3.5,114.1,0.0,2,2,X,0.0,0.0,0.0,0.0,0.0,0.0,0.0,0.0,30,0.03730193978716297,24,6,18,0,0,0,0,0,0,0,0,1
1e4n,B,327,MET,1.9,162.9,0.0,0,0,X,0.0,0.0,0.0,0.0,0.0,0.0,0.0,0.0,37,0.048026247475972325,19,1,18,0,0,0,0,0,0,0,0,1
1e4n,B,328,LEU,3.8,166.7,0.0,0,0,X,0.0,0.0,0.0,0.0,0.0,0.0,0.0,0.0,39,0.05222271570202816,10,0,10,0,0,0,0,0,0,0,0,1
1e4n,B,329,GLY,-0.4,60.1,0.0,0,0,X,0.0,0.0,0.0,0.0,0.0,0.0,0.0,0.0,43,0.050823892960009553,6,22,-16,0,0,0,0,0,0,0,0,1
1e4n,B,330,LEU,3.8,166.7,0.0,0,0,X,0.0,0.0,0.0,0.0,0.0,0.0,0.0,0.0,41,0.050823892960009553,3,22,-19,0,0,0,0,0,0,0,0,1
1e4n,B,331,ASN,-3.5,114.1,0.0,2,2,X,0.0,0.0,0.0,0.0,0.0,0.0,0.0,0.0,40,0.05222271570202816,9,25,-16,0,0,0,0,0,0,0,0,1
1e4n,B,332,TYR,-1.3,193.6,0.0,1,1,X,0.0,0.0,0.0,0.0,0.0,0.0,0.0,0.0,40,0.05502036118606539,18,23,-5,0,0,0,0,0,0,0,0,1
1e4n,B,333,TYR,-1.3,193.6,0.0,1,1,X,0.0,0.0,0.0,0.0,0.0,0.0,0.0,0.0,40,0.05175644145468863,9,22,-13,0,0,0,0,0,0,0,0,1
1e4n,B,334,THR,-0.7,116.1,0.0,1,1,X,0.0,0.0,0.0,0.0,0.0,0.0,0.0,0.0,39,0.05595290968074446,26,7,19,0,0,0,0,0,0,0,0,1
1e4n,B,335,SER,-0.8,89.0,0.0,1,1,X,0.0,0.0,0.0,0.0,0.0,0.0,0.0,0.0,37,0.053621538444046775,26,15,11,0,0,0,0,0,0,0,0,1
1e4n,B,336,ARG,-4.5,173.4,1.0,5,0,X,0.0,0.0,0.0,0.0,0.0,0.0,0.0,0.0,32,0.05175644145468863,12,9,3,0,0,0,0,0,0,0,0,1
1e4n,B,337,PHE,2.8,189.9,0.0,0,0,X,0.0,0.0,0.0,0.0,0.0,0.0,0.0,0.0,30,0.05595290968074446,34,26,8,0,0,0,0,0,0,0,0,1
1e4n,B,338,SER,-0.8,89.0,0.0,1,1,X,0.0,0.0,0.0,0.0,0.0,0.0,0.0,0.0,37,0.062014474896158446,46,32,14,0,0,0,0,0,0,0,0,1
1e4n,B,339,LYS,-3.9,168.6,1.0,2,0,X,0.0,0.0,0.0,0.0,0.0,0.0,0.0,0.0,30,0.05035761871267001,5,23,-18,0,0,0,0,0,0,0,0,1
1e4n,B,340,ASN,-3.5,114.1,0.0,2,2,X,0.0,0.0,0.0,0.0,0.0,0.0,0.0,0.0,30,0.04755997322863279,28,24,4,0,0,0,0,0,0,0,0,1
1e4n,B,341,ILE,4.5,166.7,0.0,0,0,X,0.0,0.0,0.0,0.0,0.0,0.0,0.0,0.0,29,0.03916703677652112,19,28,-9,0,0,0,0,0,0,0,0,1
1e4n,B,342,ASP,-3.5,111.1,-1.0,1,3,X,0.0,0.0,0.0,0.0,0.0,0.0,0.0,0.0,30,0.040099585271200194,29,11,18,0,0,0,0,0,0,0,0,1
1e4n,B,343,ILE,4.5,166.7,0.0,0,0,X,0.0,0.0,0.0,0.0,0.0,0.0,0.0,0.0,32,0.04196468226055834,33,19,14,0,0,0,0,0,0,0,0,1
1e4n,B,344,SER,-0.8,89.0,0.0,1,1,X,0.0,0.0,0.0,0.0,0.0,0.0,0.0,0.0,19,0.03403802005578621,14,15,-1,0,0,0,0,0,0,0,0,1
1e4n,B,345,PRO,-1.6,112.7,0.0,0,0,X,0.0,0.0,0.0,0.0,0.0,0.0,0.0,0.0,16,0.020049792635600097,8,8,0,0,0,0,0,0,0,0,0,1
1e4n,B,346,ASN,-3.5,114.1,0.0,2,2,X,0.0,0.0,0.0,0.0,0.0,0.0,0.0,0.0,12,0.017252147151562876,2,11,-9,0,0,0,0,0,0,0,0,1
1e4n,B,347,TYR,-1.3,193.6,0.0,1,1,X,0.0,0.0,0.0,0.0,0.0,0.0,0.0,0.0,20,0.029375277582390842,0,21,-21,0,0,0,0,0,0,0,0,1
1e4n,B,348,SER,-0.8,89.0,0.0,1,1,X,0.0,0.0,0.0,0.0,0.0,0.0,0.0,0.0,15,0.025178809356335007,3,16,-13,0,0,0,0,0,0,0,0,1
1e4n,B,349,PRO,-1.6,112.7,0.0,0,0,X,0.0,0.0,0.0,0.0,0.0,0.0,0.0,0.0,27,0.03730193978716297,8,17,-9,0,0,0,0,0,0,0,0,1
1e4n,B,350,VAL,4.2,140.0,0.0,0,0,X,0.0,0.0,0.0,0.0,0.0,0.0,0.0,0.0,22,0.030774100324409453,5,14,-9,0,0,0,0,0,0,0,0,1
1e4n,B,351,LEU,3.8,166.7,0.0,0,0,X,0.0,0.0,0.0,0.0,0.0,0.0,0.0,0.0,32,0.04429605349725603,5,16,-11,0,0,0,0,0,0,0,0,1
1e4n,B,352,ASN,-3.5,114.1,0.0,2,2,X,0.0,0.0,0.0,0.0,0.0,0.0,0.0,0.0,36,0.05455408693872585,9,21,-12,0,0,0,0,0,0,0,0,1
1e4n,B,353,THR,-0.7,116.1,0.0,1,1,X,0.0,0.0,0.0,0.0,0.0,0.0,0.0,0.0,34,0.03730193978716297,9,18,-9,0,0,0,0,0,0,0,0,1
1e4n,B,354,ASP,-3.5,111.1,-1.0,1,3,X,0.0,0.0,0.0,0.0,0.0,0.0,0.0,0.0,24,0.04429605349725603,5,8,-3,0,0,0,0,0,0,0,0,1
1e4n,B,355,ASP,-3.5,111.1,-1.0,1,3,X,0.0,0.0,0.0,0.0,0.0,0.0,0.0,0.0,34,0.048958795970651406,33,9,24,0,0,0,0,0,0,0,0,1
1e4n,B,356,ALA,1.8,88.6,0.0,0,0,X,0.0,0.0,0.0,0.0,0.0,0.0,0.0,0.0,36,0.05129016720734909,21,37,-16,0,0,0,0,0,0,0,0,1
1e4n,B,357,TYR,-1.3,193.6,0.0,1,1,X,0.0,0.0,0.0,0.0,0.0,0.0,0.0,0.0,33,0.05129016720734909,20,24,-4,0,0,0,0,0,0,0,0,1
1e4n,B,358,ALA,1.8,88.6,0.0,0,0,X,0.0,0.0,0.0,0.0,0.0,0.0,0.0,0.0,35,0.050823892960009553,27,41,-14,0,0,0,0,0,0,0,0,1
1e4n,B,359,SER,-0.8,89.0,0.0,1,1,X,0.0,0.0,0.0,0.0,0.0,0.0,0.0,0.0,26,0.03403802005578621,24,27,-3,0,0,0,0,0,0,0,0,1
1e4n,B,360,GLN,-3.5,143.8,0.0,2,2,X,0.0,0.0,0.0,0.0,0.0,0.0,0.0,0.0,32,0.03730193978716297,31,22,9,0,0,0,0,0,0,0,0,1
1e4n,B,361,GLU,-3.5,138.4,-1.0,1,3,X,0.0,0.0,0.0,0.0,0.0,0.0,0.0,0.0,27,0.043363505002576956,25,3,22,0,0,0,0,0,0,0,0,1
1e4n,B,362,VAL,4.2,140.0,0.0,0,0,X,0.0,0.0,0.0,0.0,0.0,0.0,0.0,0.0,30,0.04243095650789788,17,10,7,0,0,0,0,0,0,0,0,1
1e4n,B,363,ASN,-3.5,114.1,0.0,2,2,X,0.0,0.0,0.0,0.0,0.0,0.0,0.0,0.0,19,0.04196468226055834,20,17,3,0,0,0,0,0,0,0,0,1
1e4n,B,364,GLY,-0.4,60.1,0.0,0,0,X,0.0,0.0,0.0,0.0,0.0,0.0,0.0,0.0,20,0.043363505002576956,18,18,0,0,0,0,0,0,0,0,0,1
1e4n,B,365,PRO,-1.6,112.7,0.0,0,0,X,0.0,0.0,0.0,0.0,0.0,0.0,0.0,0.0,17,0.026577632098353617,14,18,-4,0,0,0,0,0,0,0,0,1
1e4n,B,366,ASP,-3.5,111.1,-1.0,1,3,X,0.0,0.0,0.0,0.0,0.0,0.0,0.0,0.0,11,0.01958351838826056,9,0,9,0,0,0,0,0,0,0,0,1
1e4n,B,367,GLY,-0.4,60.1,0.0,0,0,X,0.0,0.0,0.0,0.0,0.0,0.0,0.0,0.0,12,0.024246260861655933,9,15,-6,0,0,0,0,0,0,0,0,1
1e4n,B,368,LYS,-3.9,168.6,1.0,2,0,X,0.0,0.0,0.0,0.0,0.0,0.0,0.0,0.0,13,0.027043906345693154,0,8,-8,0,0,0,0,0,0,0,0,1
1e4n,B,369,PRO,-1.6,112.7,0.0,0,0,X,0.0,0.0,0.0,0.0,0.0,0.0,0.0,0.0,21,0.03730193978716297,15,12,3,0,0,0,0,0,0,0,0,1
1e4n,B,370,ILE,4.5,166.7,0.0,0,0,X,0.0,0.0,0.0,0.0,0.0,0.0,0.0,0.0,34,0.045694876239274644,22,15,7,0,0,0,0,0,0,0,0,1
1e4n,B,371,GLY,-0.4,60.1,0.0,0,0,X,0.0,0.0,0.0,0.0,0.0,0.0,0.0,0.0,27,0.03823448828184205,15,5,10,0,0,0,0,0,0,0,0,1
1e4n,B,372,PRO,-1.6,112.7,0.0,0,0,X,0.0,0.0,0.0,0.0,0.0,0.0,0.0,0.0,24,0.029375277582390842,17,3,14,0,0,0,0,0,0,0,0,1
1e4n,B,373,PRO,-1.6,112.7,0.0,0,0,X,0.0,0.0,0.0,0.0,0.0,0.0,0.0,0.0,22,0.034970568550465285,9,0,9,0,0,0,0,0,0,0,0,1
1e4n,B,374,MET,1.9,162.9,0.0,0,0,X,0.0,0.0,0.0,0.0,0.0,0.0,0.0,0.0,30,0.04429605349725603,24,16,8,0,0,0,0,0,0,0,0,1
1e4n,B,375,GLY,-0.4,60.1,0.0,0,0,X,0.0,0.0,0.0,0.0,0.0,0.0,0.0,0.0,22,0.03730193978716297,10,15,-5,0,0,0,0,0,0,0,0,1
1e4n,B,376,ASN,-3.5,114.1,0.0,2,2,X,0.0,0.0,0.0,0.0,0.0,0.0,0.0,0.0,29,0.03730193978716297,12,19,-7,0,0,0,0,0,0,0,0,1
1e4n,B,377,PRO,-1.6,112.7,0.0,0,0,X,0.0,0.0,0.0,0.0,0.0,0.0,0.0,0.0,19,0.024246260861655933,4,6,-2,0,0,0,0,0,0,0,0,1
1e4n,B,378,TRP,-0.9,227.8,0.0,1,0,X,0.0,0.0,0.0,0.0,0.0,0.0,0.0,0.0,27,0.03310547156110714,6,6,0,0,0,0,0,0,0,0,0,1
1e4n,B,379,ILE,4.5,166.7,0.0,0,0,X,0.0,0.0,0.0,0.0,0.0,0.0,0.0,0.0,30,0.053155264196707235,13,7,6,0,0,0,0,0,0,0,0,1
1e4n,B,380,TYR,-1.3,193.6,0.0,1,1,X,0.0,0.0,0.0,0.0,0.0,0.0,0.0,0.0,26,0.05595290968074446,12,3,9,0,0,0,0,0,0,0,0,1
1e4n,B,381,MET,1.9,162.9,0.0,0,0,X,0.0,0.0,0.0,0.0,0.0,0.0,0.0,0.0,31,0.05222271570202816,32,12,20,0,0,0,0,0,0,0,0,1
1e4n,B,382,TYR,-1.3,193.6,0.0,1,1,X,0.0,0.0,0.0,0.0,0.0,0.0,0.0,0.0,31,0.04709369898129325,26,17,9,0,0,0,0,0,0,0,0,1
1e4n,B,383,PRO,-1.6,112.7,0.0,0,0,X,0.0,0.0,0.0,0.0,0.0,0.0,0.0,0.0,32,0.048026247475972325,30,23,7,0,0,0,0,0,0,0,0,1
1e4n,B,384,GLU,-3.5,138.4,-1.0,1,3,X,0.0,0.0,0.0,0.0,0.0,0.0,0.0,0.0,26,0.03403802005578621,23,13,10,0,0,0,0,0,0,0,0,1
1e4n,B,385,GLY,-0.4,60.1,0.0,0,0,X,0.0,0.0,0.0,0.0,0.0,0.0,0.0,0.0,33,0.05035761871267001,29,18,11,0,0,0,0,0,0,0,0,1
1e4n,B,386,LEU,3.8,166.7,0.0,0,0,X,0.0,0.0,0.0,0.0,0.0,0.0,0.0,0.0,41,0.053621538444046775,23,24,-1,0,0,0,0,0,0,0,0,1
1e4n,B,387,LYS,-3.9,168.6,1.0,2,0,X,0.0,0.0,0.0,0.0,0.0,0.0,0.0,0.0,28,0.04429605349725603,13,27,-14,0,0,0,0,0,0,0,0,1
1e4n,B,388,ASP,-3.5,111.1,-1.0,1,3,X,0.0,0.0,0.0,0.0,0.0,0.0,0.0,0.0,31,0.04149840801321881,18,14,4,0,0,0,0,0,0,0,0,1
1e4n,B,389,LEU,3.8,166.7,0.0,0,0,X,0.0,0.0,0.0,0.0,0.0,0.0,0.0,0.0,41,0.048492521723311866,20,15,5,0,0,0,0,0,0,0,0,1
1e4n,B,390,LEU,3.8,166.7,0.0,0,0,X,0.0,0.0,0.0,0.0,0.0,0.0,0.0,0.0,39,0.04709369898129325,21,16,5,0,0,0,0,0,0,0,0,1
1e4n,B,391,MET,1.9,162.9,0.0,0,0,X,0.0,0.0,0.0,0.0,0.0,0.0,0.0,0.0,24,0.04103213376587927,24,14,10,0,0,0,0,0,0,0,0,1
1e4n,B,392,ILE,4.5,166.7,0.0,0,0,X,0.0,0.0,0.0,0.0,0.0,0.0,0.0,0.0,31,0.043363505002576956,27,18,9,0,0,0,0,0,0,0,0,1
1e4n,B,393,MET,1.9,162.9,0.0,0,0,X,0.0,0.0,0.0,0.0,0.0,0.0,0.0,0.0,36,0.05129016720734909,20,5,15,0,0,0,0,0,0,0,0,1
1e4n,B,394,LYS,-3.9,168.6,1.0,2,0,X,0.0,0.0,0.0,0.0,0.0,0.0,0.0,0.0,23,0.045228601991935104,8,5,3,0,0,0,0,0,0,0,0,1
1e4n,B,395,ASN,-3.5,114.1,0.0,2,2,X,0.0,0.0,0.0,0.0,0.0,0.0,0.0,0.0,19,0.029375277582390842,19,2,17,0,0,0,0,0,0,0,0,1
1e4n,B,396,LYS,-3.9,168.6,1.0,2,0,X,0.0,0.0,0.0,0.0,0.0,0.0,0.0,0.0,28,0.032172923066428064,13,16,-3,0,0,0,0,0,0,0,0,1
1e4n,B,397,TYR,-1.3,193.6,0.0,1,1,X,0.0,0.0,0.0,0.0,0.0,0.0,0.0,0.0,35,0.03776821403450251,21,14,7,0,0,0,0,0,0,0,0,1
1e4n,B,398,GLY,-0.4,60.1,0.0,0,0,X,0.0,0.0,0.0,0.0,0.0,0.0,0.0,0.0,20,0.027510180593032695,16,0,16,0,0,0,0,0,0,0,0,1
1e4n,B,399,ASN,-3.5,114.1,0.0,2,2,X,0.0,0.0,0.0,0.0,0.0,0.0,0.0,0.0,24,0.040565859518539735,14,0,14,0,0,0,0,0,0,0,0,1
1e4n,B,400,PRO,-1.6,112.7,0.0,0,0,X,0.0,0.0,0.0,0.0,0.0,0.0,0.0,0.0,30,0.040099585271200194,12,0,12,0,0,0,0,0,0,0,0,1
1e4n,B,401,PRO,-1.6,112.7,0.0,0,0,X,0.0,0.0,0.0,0.0,0.0,0.0,0.0,0.0,28,0.04429605349725603,11,0,11,0,0,0,0,0,0,0,0,1
1e4n,B,402,ILE,4.5,166.7,0.0,0,0,X,0.0,0.0,0.0,0.0,0.0,0.0,0.0,0.0,40,0.05222271570202816,7,0,7,0,0,0,0,0,0,0,0,1
1e4n,B,403,TYR,-1.3,193.6,0.0,1,1,X,0.0,0.0,0.0,0.0,0.0,0.0,0.0,0.0,35,0.05455408693872585,12,3,9,0,0,0,0,0,0,0,0,1
1e4n,B,404,ILE,4.5,166.7,0.0,0,0,X,0.0,0.0,0.0,0.0,0.0,0.0,0.0,0.0,41,0.05502036118606539,12,9,3,0,0,0,0,0,0,0,0,1
1e4n,B,405,THR,-0.7,116.1,0.0,1,1,X,0.0,0.0,0.0,0.0,0.0,0.0,0.0,0.0,41,0.05595290968074446,13,19,-6,0,0,0,0,0,0,0,0,1
1e4n,B,406,GLU,-3.5,138.4,-1.0,1,3,X,0.0,0.0,0.0,0.0,0.0,0.0,0.0,0.0,41,0.058750555164781684,15,15,0,0,0,0,0,0,0,0,0,1
1e4n,B,407,ASN,-3.5,114.1,0.0,2,2,X,0.0,0.0,0.0,0.0,0.0,0.0,0.0,0.0,41,0.05688545817542354,23,9,14,0,0,0,0,0,0,0,0,1
1e4n,B,408,GLY,-0.4,60.1,0.0,0,0,X,0.0,0.0,0.0,0.0,0.0,0.0,0.0,0.0,40,0.05502036118606539,24,20,4,0,0,0,0,0,0,0,0,1
1e4n,B,409,ILE,4.5,166.7,0.0,0,0,X,0.0,0.0,0.0,0.0,0.0,0.0,0.0,0.0,41,0.05548663543340492,32,31,1,0,0,0,0,0,0,0,0,1
1e4n,B,410,GLY,-0.4,60.1,0.0,0,0,X,0.0,0.0,0.0,0.0,0.0,0.0,0.0,0.0,35,0.04942507021799094,30,38,-8,0,0,0,0,0,0,0,0,1
1e4n,B,411,ASP,-3.5,111.1,-1.0,1,3,X,0.0,0.0,0.0,0.0,0.0,0.0,0.0,0.0,37,0.045694876239274644,36,34,2,0,0,0,0,0,0,0,0,1
1e4n,B,412,VAL,4.2,140.0,0.0,0,0,X,0.0,0.0,0.0,0.0,0.0,0.0,0.0,0.0,26,0.04103213376587927,17,31,-14,0,0,0,0,0,0,0,0,1
1e4n,B,413,ASP,-3.5,111.1,-1.0,1,3,X,0.0,0.0,0.0,0.0,0.0,0.0,0.0,0.0,29,0.040565859518539735,23,35,-12,0,0,0,0,0,0,0,0,1
1e4n,B,414,THR,-0.7,116.1,0.0,1,1,X,0.0,0.0,0.0,0.0,0.0,0.0,0.0,0.0,18,0.03590311704514436,16,36,-20,0,0,0,0,0,0,0,0,1
1e4n,B,415,LYS,-3.9,168.6,1.0,2,0,X,0.0,0.0,0.0,0.0,0.0,0.0,0.0,0.0,11,0.02331371236697686,0,25,-25,0,0,0,0,0,0,0,0,1
1e4n,B,416,GLU,-3.5,138.4,-1.0,1,3,X,0.0,0.0,0.0,0.0,0.0,0.0,0.0,0.0,10,0.018650969893581486,9,12,-3,0,0,0,0,0,0,0,0,1
1e4n,B,417,THR,-0.7,116.1,0.0,1,1,X,0.0,0.0,0.0,0.0,0.0,0.0,0.0,0.0,10,0.02471253510899547,7,19,-12,0,0,0,0,0,0,0,0,1
1e4n,B,418,PRO,-1.6,112.7,0.0,0,0,X,0.0,0.0,0.0,0.0,0.0,0.0,0.0,0.0,16,0.029375277582390842,12,19,-7,0,0,0,0,0,0,0,0,1
1e4n,B,419,LEU,3.8,166.7,0.0,0,0,X,0.0,0.0,0.0,0.0,0.0,0.0,0.0,0.0,25,0.03403802005578621,19,34,-15,0,0,0,0,0,0,0,0,1
1e4n,B,420,PRO,-1.6,112.7,0.0,0,0,X,0.0,0.0,0.0,0.0,0.0,0.0,0.0,0.0,15,0.026577632098353617,6,19,-13,0,0,0,0,0,0,0,0,1
1e4n,B,421,MET,1.9,162.9,0.0,0,0,X,0.0,0.0,0.0,0.0,0.0,0.0,0.0,0.0,22,0.032172923066428064,16,24,-8,0,0,0,0,0,0,0,0,1
1e4n,B,422,GLU,-3.5,138.4,-1.0,1,3,X,0.0,0.0,0.0,0.0,0.0,0.0,0.0,0.0,11,0.027043906345693154,0,5,-5,0,0,0,0,0,0,0,0,1
1e4n,B,423,ALA,1.8,88.6,0.0,0,0,X,0.0,0.0,0.0,0.0,0.0,0.0,0.0,0.0,19,0.02984155182973038,15,34,-19,0,0,0,0,0,0,0,0,1
1e4n,B,424,ALA,1.8,88.6,0.0,0,0,X,0.0,0.0,0.0,0.0,0.0,0.0,0.0,0.0,29,0.048026247475972325,30,42,-12,0,0,0,0,0,0,0,0,1
1e4n,B,425,LEU,3.8,166.7,0.0,0,0,X,0.0,0.0,0.0,0.0,0.0,0.0,0.0,0.0,26,0.04476232774459557,30,33,-3,0,0,0,0,0,0,0,0,1
1e4n,B,426,ASN,-3.5,114.1,0.0,2,2,X,0.0,0.0,0.0,0.0,0.0,0.0,0.0,0.0,20,0.0363693912924839,23,29,-6,0,0,0,0,0,0,0,0,1
1e4n,B,427,ASP,-3.5,111.1,-1.0,1,3,X,0.0,0.0,0.0,0.0,0.0,0.0,0.0,0.0,36,0.04755997322863279,41,26,15,0,0,0,0,0,0,0,0,1
1e4n,B,428,TYR,-1.3,193.6,0.0,1,1,X,0.0,0.0,0.0,0.0,0.0,0.0,0.0,0.0,20,0.03590311704514436,26,29,-3,0,0,0,0,0,0,0,0,1
1e4n,B,429,LYS,-3.9,168.6,1.0,2,0,X,0.0,0.0,0.0,0.0,0.0,0.0,0.0,0.0,25,0.03590311704514436,16,23,-7,0,0,0,0,0,0,0,0,1
1e4n,B,430,ARG,-4.5,173.4,1.0,5,0,X,0.0,0.0,0.0,0.0,0.0,0.0,0.0,0.0,41,0.04662742473395372,24,32,-8,0,0,0,0,0,0,0,0,1
1e4n,B,431,LEU,3.8,166.7,0.0,0,0,X,0.0,0.0,0.0,0.0,0.0,0.0,0.0,0.0,32,0.048026247475972325,40,25,15,0,0,0,0,0,0,0,0,1
1e4n,B,432,ASP,-3.5,111.1,-1.0,1,3,X,0.0,0.0,0.0,0.0,0.0,0.0,0.0,0.0,25,0.040099585271200194,35,7,28,0,0,0,0,0,0,0,0,1
1e4n,B,433,TYR,-1.3,193.6,0.0,1,1,X,0.0,0.0,0.0,0.0,0.0,0.0,0.0,0.0,39,0.050823892960009553,40,13,27,0,0,0,0,0,0,0,0,1
1e4n,B,434,ILE,4.5,166.7,0.0,0,0,X,0.0,0.0,0.0,0.0,0.0,0.0,0.0,0.0,42,0.053621538444046775,36,18,18,0,0,0,0,0,0,0,0,1
1e4n,B,435,GLN,-3.5,143.8,0.0,2,2,X,0.0,0.0,0.0,0.0,0.0,0.0,0.0,0.0,34,0.0526889899493677,31,19,12,0,0,0,0,0,0,0,0,1
1e4n,B,436,ARG,-4.5,173.4,1.0,5,0,X,0.0,0.0,0.0,0.0,0.0,0.0,0.0,0.0,29,0.04616115048661418,17,23,-6,0,0,0,0,0,0,0,0,1
1e4n,B,437,HIS,-3.2,153.2,0.1,2,1,X,0.0,0.0,0.0,0.0,0.0,0.0,0.0,0.0,41,0.04942507021799094,17,18,-1,0,0,0,0,0,0,0,0,1
1e4n,B,438,ILE,4.5,166.7,0.0,0,0,X,0.0,0.0,0.0,0.0,0.0,0.0,0.0,0.0,40,0.04755997322863279,30,11,19,0,0,0,0,0,0,0,0,1
1e4n,B,439,ALA,1.8,88.6,0.0,0,0,X,0.0,0.0,0.0,0.0,0.0,0.0,0.0,0.0,33,0.04476232774459557,36,22,14,0,0,0,0,0,0,0,0,1
1e4n,B,440,THR,-0.7,116.1,0.0,1,1,X,0.0,0.0,0.0,0.0,0.0,0.0,0.0,0.0,34,0.045228601991935104,35,22,13,0,0,0,0,0,0,0,0,1
1e4n,B,441,LEU,3.8,166.7,0.0,0,0,X,0.0,0.0,0.0,0.0,0.0,0.0,0.0,0.0,38,0.04942507021799094,31,15,16,0,0,0,0,0,0,0,0,1
1e4n,B,442,LYS,-3.9,168.6,1.0,2,0,X,0.0,0.0,0.0,0.0,0.0,0.0,0.0,0.0,29,0.045694876239274644,8,23,-15,0,0,0,0,0,0,0,0,1
1e4n,B,443,GLU,-3.5,138.4,-1.0,1,3,X,0.0,0.0,0.0,0.0,0.0,0.0,0.0,0.0,26,0.03590311704514436,25,18,7,0,0,0,0,0,0,0,0,1
1e4n,B,444,SER,-0.8,89.0,0.0,1,1,X,0.0,0.0,0.0,0.0,0.0,0.0,0.0,0.0,31,0.048026247475972325,28,25,3,0,0,0,0,0,0,0,0,1
1e4n,B,445,ILE,4.5,166.7,0.0,0,0,X,0.0,0.0,0.0,0.0,0.0,0.0,0.0,0.0,25,0.04103213376587927,17,16,1,0,0,0,0,0,0,0,0,1
1e4n,B,446,ASP,-3.5,111.1,-1.0,1,3,X,0.0,0.0,0.0,0.0,0.0,0.0,0.0,0.0,17,0.02611135785101408,13,9,4,0,0,0,0,0,0,0,0,1
1e4n,B,447,LEU,3.8,166.7,0.0,0,0,X,0.0,0.0,0.0,0.0,0.0,0.0,0.0,0.0,17,0.025645083603674543,24,16,8,0,0,0,0,0,0,0,0,1
1e4n,B,448,GLY,-0.4,60.1,0.0,0,0,X,0.0,0.0,0.0,0.0,0.0,0.0,0.0,0.0,21,0.027510180593032695,13,12,1,0,0,0,0,0,0,0,0,1
1e4n,B,449,SER,-0.8,89.0,0.0,1,1,X,0.0,0.0,0.0,0.0,0.0,0.0,0.0,0.0,33,0.045694876239274644,20,13,7,0,0,0,0,0,0,0,0,1
1e4n,B,450,ASN,-3.5,114.1,0.0,2,2,X,0.0,0.0,0.0,0.0,0.0,0.0,0.0,0.0,29,0.04196468226055834,10,2,8,0,0,0,0,0,0,0,0,1
1e4n,B,451,VAL,4.2,140.0,0.0,0,0,X,0.0,0.0,0.0,0.0,0.0,0.0,0.0,0.0,38,0.04942507021799094,12,8,4,0,0,0,0,0,0,0,0,1
1e4n,B,452,GLN,-3.5,143.8,0.0,2,2,X,0.0,0.0,0.0,0.0,0.0,0.0,0.0,0.0,29,0.045694876239274644,7,8,-1,0,0,0,0,0,0,0,0,1
1e4n,B,453,GLY,-0.4,60.1,0.0,0,0,X,0.0,0.0,0.0,0.0,0.0,0.0,0.0,0.0,39,0.0526889899493677,9,11,-2,0,0,0,0,0,0,0,0,1
1e4n,B,454,TYR,-1.3,193.6,0.0,1,1,X,0.0,0.0,0.0,0.0,0.0,0.0,0.0,0.0,45,0.053621538444046775,14,7,7,0,0,0,0,0,0,0,0,1
1e4n,B,455,PHE,2.8,189.9,0.0,0,0,X,0.0,0.0,0.0,0.0,0.0,0.0,0.0,0.0,46,0.053621538444046775,11,18,-7,0,0,0,0,0,0,0,0,1
1e4n,B,456,ALA,1.8,88.6,0.0,0,0,X,0.0,0.0,0.0,0.0,0.0,0.0,0.0,0.0,44,0.048958795970651406,16,9,7,0,0,0,0,0,0,0,0,1
1e4n,B,457,TRP,-0.9,227.8,0.0,1,0,X,0.0,0.0,0.0,0.0,0.0,0.0,0.0,0.0,45,0.05548663543340492,22,22,0,0,0,0,0,0,0,0,0,1
1e4n,B,458,SER,-0.8,89.0,0.0,1,1,X,0.0,0.0,0.0,0.0,0.0,0.0,0.0,0.0,46,0.05688545817542354,22,26,-4,0,0,0,0,0,0,0,0,1
1e4n,B,459,LEU,3.8,166.7,0.0,0,0,X,0.0,0.0,0.0,0.0,0.0,0.0,0.0,0.0,43,0.05035761871267001,24,16,8,0,0,0,0,0,0,0,0,1
1e4n,B,460,LEU,3.8,166.7,0.0,0,0,X,0.0,0.0,0.0,0.0,0.0,0.0,0.0,0.0,46,0.0526889899493677,27,22,5,0,0,0,0,0,0,0,0,1
1e4n,B,461,ASP,-3.5,111.1,-1.0,1,3,X,0.0,0.0,0.0,0.0,0.0,0.0,0.0,0.0,43,0.05175644145468863,42,29,13,0,0,0,0,0,0,0,0,1
1e4n,B,462,ASN,-3.5,114.1,0.0,2,2,X,0.0,0.0,0.0,0.0,0.0,0.0,0.0,0.0,43,0.05595290968074446,23,27,-4,0,0,0,0,0,0,0,0,1
1e4n,B,463,PHE,2.8,189.9,0.0,0,0,X,0.0,0.0,0.0,0.0,0.0,0.0,0.0,0.0,38,0.05595290968074446,6,31,-25,0,0,0,0,0,0,0,0,1
1e4n,B,464,GLU,-3.5,138.4,-1.0,1,3,X,0.0,0.0,0.0,0.0,0.0,0.0,0.0,0.0,37,0.053155264196707235,9,22,-13,0,0,0,0,0,0,0,0,1
1e4n,B,465,TRP,-0.9,227.8,0.0,1,0,X,0.0,0.0,0.0,0.0,0.0,0.0,0.0,0.0,36,0.04989134446533048,10,16,-6,0,0,0,0,0,0,0,0,1
1e4n,B,466,PHE,2.8,189.9,0.0,0,0,X,0.0,0.0,0.0,0.0,0.0,0.0,0.0,0.0,32,0.045228601991935104,8,21,-13,0,0,0,0,0,0,0,0,1
1e4n,B,467,ALA,1.8,88.6,0.0,0,0,X,0.0,0.0,0.0,0.0,0.0,0.0,0.0,0.0,32,0.04429605349725603,5,31,-26,0,0,0,0,0,0,0,0,1
1e4n,B,468,GLY,-0.4,60.1,0.0,0,0,X,0.0,0.0,0.0,0.0,0.0,0.0,0.0,0.0,31,0.05129016720734909,12,35,-23,0,0,0,0,0,0,0,0,1
1e4n,B,469,PHE,2.8,189.9,0.0,0,0,X,0.0,0.0,0.0,0.0,0.0,0.0,0.0,0.0,34,0.048026247475972325,21,42,-21,0,0,0,0,0,0,0,0,1
1e4n,B,470,THR,-0.7,116.1,0.0,1,1,X,0.0,0.0,0.0,0.0,0.0,0.0,0.0,0.0,29,0.04149840801321881,19,46,-27,0,0,0,0,0,0,0,0,1
1e4n,B,471,GLU,-3.5,138.4,-1.0,1,3,X,0.0,0.0,0.0,0.0,0.0,0.0,0.0,0.0,35,0.053621538444046775,17,35,-18,0,0,0,0,0,0,0,0,1
1e4n,B,472,ARG,-4.5,173.4,1.0,5,0,X,0.0,0.0,0.0,0.0,0.0,0.0,0.0,0.0,39,0.053155264196707235,18,48,-30,0,0,0,0,0,0,0,0,1
1e4n,B,473,TYR,-1.3,193.6,0.0,1,1,X,0.0,0.0,0.0,0.0,0.0,0.0,0.0,0.0,41,0.056419183928083996,18,41,-23,0,0,0,0,0,0,0,0,1
1e4n,B,474,GLY,-0.4,60.1,0.0,0,0,X,0.0,0.0,0.0,0.0,0.0,0.0,0.0,0.0,40,0.05548663543340492,32,34,-2,0,0,0,0,0,0,0,0,1
1e4n,B,475,ILE,4.5,166.7,0.0,0,0,X,0.0,0.0,0.0,0.0,0.0,0.0,0.0,0.0,43,0.05595290968074446,36,23,13,0,0,0,0,0,0,0,0,1
1e4n,B,476,VAL,4.2,140.0,0.0,0,0,X,0.0,0.0,0.0,0.0,0.0,0.0,0.0,0.0,41,0.05455408693872585,40,25,15,0,0,0,0,0,0,0,0,1
1e4n,B,477,TYR,-1.3,193.6,0.0,1,1,X,0.0,0.0,0.0,0.0,0.0,0.0,0.0,0.0,35,0.05455408693872585,42,32,10,0,0,0,0,0,0,0,0,1
1e4n,B,478,VAL,4.2,140.0,0.0,0,0,X,0.0,0.0,0.0,0.0,0.0,0.0,0.0,0.0,40,0.053155264196707235,38,21,17,0,0,0,0,0,0,0,0,1
1e4n,B,479,ASP,-3.5,111.1,-1.0,1,3,X,0.0,0.0,0.0,0.0,0.0,0.0,0.0,0.0,21,0.04662742473395372,27,7,20,0,0,0,0,0,0,0,0,1
1e4n,B,480,ARG,-4.5,173.4,1.0,5,0,X,0.0,0.0,0.0,0.0,0.0,0.0,0.0,0.0,26,0.034970568550465285,9,20,-11,0,0,0,0,0,0,0,0,1
1e4n,B,481,ASN,-3.5,114.1,0.0,2,2,X,0.0,0.0,0.0,0.0,0.0,0.0,0.0,0.0,11,0.025645083603674543,15,8,7,0,0,0,0,0,0,0,0,1
1e4n,B,482,ASN,-3.5,114.1,0.0,2,2,X,0.0,0.0,0.0,0.0,0.0,0.0,0.0,0.0,12,0.02611135785101408,11,8,3,0,0,0,0,0,0,0,0,1
1e4n,B,483,ASN,-3.5,114.1,0.0,2,2,X,0.0,0.0,0.0,0.0,0.0,0.0,0.0,0.0,15,0.027510180593032695,17,8,9,0,0,0,0,0,0,0,0,1
1e4n,B,484,CYS,2.5,108.5,0.0,1,0,X,0.0,0.0,0.0,0.0,0.0,0.0,0.0,0.0,29,0.04243095650789788,27,19,8,0,0,0,0,0,0,0,0,1
1e4n,B,485,THR,-0.7,116.1,0.0,1,1,X,0.0,0.0,0.0,0.0,0.0,0.0,0.0,0.0,24,0.03963331102386066,23,10,13,0,0,0,0,0,0,0,0,1
1e4n,B,486,ARG,-4.5,173.4,1.0,5,0,X,0.0,0.0,0.0,0.0,0.0,0.0,0.0,0.0,35,0.043363505002576956,23,25,-2,0,0,0,0,0,0,0,0,1
1e4n,B,487,TYR,-1.3,193.6,0.0,1,1,X,0.0,0.0,0.0,0.0,0.0,0.0,0.0,0.0,25,0.03916703677652112,28,13,15,0,0,0,0,0,0,0,0,1
1e4n,B,488,MET,1.9,162.9,0.0,0,0,X,0.0,0.0,0.0,0.0,0.0,0.0,0.0,0.0,27,0.04196468226055834,38,21,17,0,0,0,0,0,0,0,0,1
1e4n,B,489,LYS,-3.9,168.6,1.0,2,0,X,0.0,0.0,0.0,0.0,0.0,0.0,0.0,0.0,38,0.05035761871267001,34,31,3,0,0,0,0,0,0,0,0,1
1e4n,B,490,GLU,-3.5,138.4,-1.0,1,3,X,0.0,0.0,0.0,0.0,0.0,0.0,0.0,0.0,27,0.043363505002576956,28,15,13,0,0,0,0,0,0,0,0,1
1e4n,B,491,SER,-0.8,89.0,0.0,1,1,X,0.0,0.0,0.0,0.0,0.0,0.0,0.0,0.0,38,0.05408781269138631,38,25,13,0,0,0,0,0,0,0,0,1
1e4n,B,492,ALA,1.8,88.6,0.0,0,0,X,0.0,0.0,0.0,0.0,0.0,0.0,0.0,0.0,32,0.048958795970651406,35,30,5,0,0,0,0,0,0,0,0,1
1e4n,B,493,LYS,-3.9,168.6,1.0,2,0,X,0.0,0.0,0.0,0.0,0.0,0.0,0.0,0.0,22,0.03963331102386066,16,28,-12,0,0,0,0,0,0,0,0,1
1e4n,B,494,TRP,-0.9,227.8,0.0,1,0,X,0.0,0.0,0.0,0.0,0.0,0.0,0.0,0.0,34,0.040099585271200194,23,24,-1,0,0,0,0,0,0,0,0,1
1e4n,B,495,LEU,3.8,166.7,0.0,0,0,X,0.0,0.0,0.0,0.0,0.0,0.0,0.0,0.0,38,0.04942507021799094,28,20,8,0,0,0,0,0,0,0,0,1
1e4n,B,496,LYS,-3.9,168.6,1.0,2,0,X,0.0,0.0,0.0,0.0,0.0,0.0,0.0,0.0,22,0.04662742473395372,17,21,-4,0,0,0,0,0,0,0,0,1
1e4n,B,497,GLU,-3.5,138.4,-1.0,1,3,X,0.0,0.0,0.0,0.0,0.0,0.0,0.0,0.0,20,0.03403802005578621,20,4,16,0,0,0,0,0,0,0,0,1
1e4n,B,498,PHE,2.8,189.9,0.0,0,0,X,0.0,0.0,0.0,0.0,0.0,0.0,0.0,0.0,30,0.04429605349725603,19,21,-2,0,0,0,0,0,0,0,0,1
1e4n,B,499,ASN,-3.5,114.1,0.0,2,2,X,0.0,0.0,0.0,0.0,0.0,0.0,0.0,0.0,29,0.04289723075523742,25,20,5,0,0,0,0,0,0,0,0,1
1e4n,B,500,THR,-0.7,116.1,0.0,1,1,X,0.0,0.0,0.0,0.0,0.0,0.0,0.0,0.0,18,0.025178809356335007,19,14,5,0,0,0,0,0,0,0,0,1
1e4n,B,501,ALA,1.8,88.6,0.0,0,0,X,0.0,0.0,0.0,0.0,0.0,0.0,0.0,0.0,11,0.01678587290422334,15,15,0,0,0,0,0,0,0,0,0,1
