pdb_id,chain_id,residue_id,residue_name,hydrophobicity,volume,charge,hbond_donor,hbond_acceptor,ss_type,rel_asa,phi,psi,hse_up,hse_down,hse_ratio,residue_depth,ca_depth,neighbor_count,atom_density,pos_charged_neighbors,neg_charged_neighbors,net_charge_environment,ss_H,ss_B,ss_E,ss_G,ss_I,ss_T,ss_S,ss_ ,ss_X,is_binding_site
1e5v,A,3,LEU,3.8,166.7,0.0,0,0,X,0.0,0.0,0.0,0.0,0.0,0.0,0.0,0.0,10,0.017252147151562876,6,11,-5,0,0,0,0,0,0,0,0,1,0
1e5v,A,4,ALA,1.8,88.6,0.0,0,0,X,0.0,0.0,0.0,0.0,0.0,0.0,0.0,0.0,17,0.023779986614316396,7,14,-7,0,0,0,0,0,0,0,0,1,0
1e5v,A,5,ASN,-3.5,114.1,0.0,2,2,X,0.0,0.0,0.0,0.0,0.0,0.0,0.0,0.0,15,0.025645083603674543,5,9,-4,0,0,0,0,0,0,0,0,1,0
1e5v,A,6,GLY,-0.4,60.1,0.0,0,0,X,0.0,0.0,0.0,0.0,0.0,0.0,0.0,0.0,20,0.02331371236697686,5,9,-4,0,0,0,0,0,0,0,0,1,0
1e5v,A,7,THR,-0.7,116.1,0.0,1,1,X,0.0,0.0,0.0,0.0,0.0,0.0,0.0,0.0,21,0.02471253510899547,7,3,4,0,0,0,0,0,0,0,0,1,0
1e5v,A,8,VAL,4.2,140.0,0.0,0,0,X,0.0,0.0,0.0,0.0,0.0,0.0,0.0,0.0,32,0.035436842797804825,16,2,14,0,0,0,0,0,0,0,0,1,0
1e5v,A,9,MET,1.9,162.9,0.0,0,0,X,0.0,0.0,0.0,0.0,0.0,0.0,0.0,0.0,31,0.040565859518539735,13,7,6,0,0,0,0,0,0,0,0,1,0
1e5v,A,10,SER,-0.8,89.0,0.0,1,1,X,0.0,0.0,0.0,0.0,0.0,0.0,0.0,0.0,41,0.050823892960009553,17,10,7,0,0,0,0,0,0,0,0,1,0
1e5v,A,11,GLY,-0.4,60.1,0.0,0,0,X,0.0,0.0,0.0,0.0,0.0,0.0,0.0,0.0,41,0.04662742473395372,19,16,3,0,0,0,0,0,0,0,0,1,0
1e5v,A,12,SER,-0.8,89.0,0.0,1,1,X,0.0,0.0,0.0,0.0,0.0,0.0,0.0,0.0,41,0.05035761871267001,16,7,9,0,0,0,0,0,0,0,0,1,0
1e5v,A,13,HIS,-3.2,153.2,0.1,2,1,X,0.0,0.0,0.0,0.0,0.0,0.0,0.0,0.0,39,0.05035761871267001,18,8,10,0,0,0,0,0,0,0,0,1,0
1e5v,A,14,TRP,-0.9,227.8,0.0,1,0,X,0.0,0.0,0.0,0.0,0.0,0.0,0.0,0.0,41,0.05175644145468863,23,1,22,0,0,0,0,0,0,0,0,1,0
1e5v,A,15,GLY,-0.4,60.1,0.0,0,0,X,0.0,0.0,0.0,0.0,0.0,0.0,0.0,0.0,40,0.05175644145468863,19,13,6,0,0,0,0,0,0,0,0,1,0
1e5v,A,16,VAL,4.2,140.0,0.0,0,0,X,0.0,0.0,0.0,0.0,0.0,0.0,0.0,0.0,39,0.050823892960009553,20,20,0,0,0,0,0,0,0,0,0,1,0
1e5v,A,17,PHE,2.8,189.9,0.0,0,0,X,0.0,0.0,0.0,0.0,0.0,0.0,0.0,0.0,37,0.048958795970651406,7,4,3,0,0,0,0,0,0,0,0,1,0
1e5v,A,18,THR,-0.7,116.1,0.0,1,1,X,0.0,0.0,0.0,0.0,0.0,0.0,0.0,0.0,24,0.04429605349725603,3,3,0,0,0,0,0,0,0,0,0,1,0
1e5v,A,19,ALA,1.8,88.6,0.0,0,0,X,0.0,0.0,0.0,0.0,0.0,0.0,0.0,0.0,29,0.048492521723311866,11,6,5,0,0,0,0,0,0,0,0,1,0
1e5v,A,20,THR,-0.7,116.1,0.0,1,1,X,0.0,0.0,0.0,0.0,0.0,0.0,0.0,0.0,23,0.03823448828184205,7,9,-2,0,0,0,0,0,0,0,0,1,0
1e5v,A,21,VAL,4.2,140.0,0.0,0,0,X,0.0,0.0,0.0,0.0,0.0,0.0,0.0,0.0,24,0.045228601991935104,10,10,0,0,0,0,0,0,0,0,0,1,0
1e5v,A,22,GLU,-3.5,138.4,-1.0,1,3,X,0.0,0.0,0.0,0.0,0.0,0.0,0.0,0.0,17,0.034970568550465285,10,0,10,0,0,0,0,0,0,0,0,1,0
1e5v,A,23,ASN,-3.5,114.1,0.0,2,2,X,0.0,0.0,0.0,0.0,0.0,0.0,0.0,0.0,13,0.026577632098353617,10,9,1,0,0,0,0,0,0,0,0,1,0
1e5v,A,24,GLY,-0.4,60.1,0.0,0,0,X,0.0,0.0,0.0,0.0,0.0,0.0,0.0,0.0,21,0.03310547156110714,12,18,-6,0,0,0,0,0,0,0,0,1,0
1e5v,A,25,ARG,-4.5,173.4,1.0,5,0,X,0.0,0.0,0.0,0.0,0.0,0.0,0.0,0.0,21,0.034970568550465285,0,13,-13,0,0,0,0,0,0,0,0,1,0
1e5v,A,26,ALA,1.8,88.6,0.0,0,0,X,0.0,0.0,0.0,0.0,0.0,0.0,0.0,0.0,30,0.04662742473395372,11,16,-5,0,0,0,0,0,0,0,0,1,0
1e5v,A,27,THR,-0.7,116.1,0.0,1,1,X,0.0,0.0,0.0,0.0,0.0,0.0,0.0,0.0,23,0.03170664881908853,11,11,0,0,0,0,0,0,0,0,0,1,0
1e5v,A,28,ALA,1.8,88.6,0.0,0,0,X,0.0,0.0,0.0,0.0,0.0,0.0,0.0,0.0,25,0.03124037457174899,6,9,-3,0,0,0,0,0,0,0,0,1,0
1e5v,A,29,PHE,2.8,189.9,0.0,0,0,X,0.0,0.0,0.0,0.0,0.0,0.0,0.0,0.0,35,0.04289723075523742,2,4,-2,0,0,0,0,0,0,0,0,1,0
1e5v,A,30,THR,-0.7,116.1,0.0,1,1,X,0.0,0.0,0.0,0.0,0.0,0.0,0.0,0.0,23,0.030774100324409453,1,8,-7,0,0,0,0,0,0,0,0,1,0
1e5v,A,31,PRO,-1.6,112.7,0.0,0,0,X,0.0,0.0,0.0,0.0,0.0,0.0,0.0,0.0,23,0.03823448828184205,12,16,-4,0,0,0,0,0,0,0,0,1,0
1e5v,A,32,TRP,-0.9,227.8,0.0,1,0,X,0.0,0.0,0.0,0.0,0.0,0.0,0.0,0.0,27,0.040565859518539735,18,27,-9,0,0,0,0,0,0,0,0,1,0
1e5v,A,33,GLU,-3.5,138.4,-1.0,1,3,X,0.0,0.0,0.0,0.0,0.0,0.0,0.0,0.0,13,0.02471253510899547,9,11,-2,0,0,0,0,0,0,0,0,1,0
1e5v,A,34,LYS,-3.9,168.6,1.0,2,0,X,0.0,0.0,0.0,0.0,0.0,0.0,0.0,0.0,14,0.025178809356335007,1,28,-27,0,0,0,0,0,0,0,0,1,0
1e5v,A,35,ASP,-3.5,111.1,-1.0,1,3,X,0.0,0.0,0.0,0.0,0.0,0.0,0.0,0.0,24,0.03916703677652112,28,16,12,0,0,0,0,0,0,0,0,1,0
1e5v,A,36,PRO,-1.6,112.7,0.0,0,0,X,0.0,0.0,0.0,0.0,0.0,0.0,0.0,0.0,20,0.03310547156110714,27,26,1,0,0,0,0,0,0,0,0,1,0
1e5v,A,37,HIS,-3.2,153.2,0.1,2,1,X,0.0,0.0,0.0,0.0,0.0,0.0,0.0,0.0,27,0.03357174580844668,14,17,-3,0,0,0,0,0,0,0,0,1,0
1e5v,A,38,PRO,-1.6,112.7,0.0,0,0,X,0.0,0.0,0.0,0.0,0.0,0.0,0.0,0.0,25,0.04149840801321881,24,15,9,0,0,0,0,0,0,0,0,1,0
1e5v,A,39,SER,-0.8,89.0,0.0,1,1,X,0.0,0.0,0.0,0.0,0.0,0.0,0.0,0.0,34,0.03916703677652112,26,7,19,0,0,0,0,0,0,0,0,1,0
1e5v,A,40,PRO,-1.6,112.7,0.0,0,0,X,0.0,0.0,0.0,0.0,0.0,0.0,0.0,0.0,23,0.027043906345693154,18,1,17,0,0,0,0,0,0,0,0,1,0
1e5v,A,41,MET,1.9,162.9,0.0,0,0,X,0.0,0.0,0.0,0.0,0.0,0.0,0.0,0.0,32,0.04149840801321881,17,1,16,0,0,0,0,0,0,0,0,1,1
1e5v,A,42,LEU,3.8,166.7,0.0,0,0,X,0.0,0.0,0.0,0.0,0.0,0.0,0.0,0.0,33,0.04662742473395372,8,5,3,0,0,0,0,0,0,0,0,1,0
1e5v,A,43,ALA,1.8,88.6,0.0,0,0,X,0.0,0.0,0.0,0.0,0.0,0.0,0.0,0.0,24,0.0363693912924839,1,8,-7,0,0,0,0,0,0,0,0,1,0
1e5v,A,44,GLY,-0.4,60.1,0.0,0,0,X,0.0,0.0,0.0,0.0,0.0,0.0,0.0,0.0,30,0.045228601991935104,8,8,0,0,0,0,0,0,0,0,0,1,0
1e5v,A,45,VAL,4.2,140.0,0.0,0,0,X,0.0,0.0,0.0,0.0,0.0,0.0,0.0,0.0,37,0.045694876239274644,4,8,-4,0,0,0,0,0,0,0,0,1,0
1e5v,A,46,LEU,3.8,166.7,0.0,0,0,X,0.0,0.0,0.0,0.0,0.0,0.0,0.0,0.0,31,0.04662742473395372,10,8,2,0,0,0,0,0,0,0,0,1,0
1e5v,A,47,ASP,-3.5,111.1,-1.0,1,3,X,0.0,0.0,0.0,0.0,0.0,0.0,0.0,0.0,29,0.04196468226055834,11,0,11,0,0,0,0,0,0,0,0,1,0
1e5v,A,48,SER,-0.8,89.0,0.0,1,1,X,0.0,0.0,0.0,0.0,0.0,0.0,0.0,0.0,35,0.05175644145468863,11,13,-2,0,0,0,0,0,0,0,0,1,0
1e5v,A,49,ILE,4.5,166.7,0.0,0,0,X,0.0,0.0,0.0,0.0,0.0,0.0,0.0,0.0,37,0.045694876239274644,20,18,2,0,0,0,0,0,0,0,0,1,0
1e5v,A,50,TYR,-1.3,193.6,0.0,1,1,X,0.0,0.0,0.0,0.0,0.0,0.0,0.0,0.0,29,0.040565859518539735,23,14,9,0,0,0,0,0,0,0,0,1,0
1e5v,A,51,SER,-0.8,89.0,0.0,1,1,X,0.0,0.0,0.0,0.0,0.0,0.0,0.0,0.0,33,0.0363693912924839,22,9,13,0,0,0,0,0,0,0,0,1,0
1e5v,A,52,PRO,-1.6,112.7,0.0,0,0,X,0.0,0.0,0.0,0.0,0.0,0.0,0.0,0.0,29,0.02984155182973038,20,16,4,0,0,0,0,0,0,0,0,1,0
1e5v,A,53,THR,-0.7,116.1,0.0,1,1,X,0.0,0.0,0.0,0.0,0.0,0.0,0.0,0.0,32,0.04709369898129325,26,15,11,0,0,0,0,0,0,0,0,1,0
1e5v,A,54,ARG,-4.5,173.4,1.0,5,0,X,0.0,0.0,0.0,0.0,0.0,0.0,0.0,0.0,35,0.048492521723311866,10,20,-10,0,0,0,0,0,0,0,0,1,0
1e5v,A,55,ILE,4.5,166.7,0.0,0,0,X,0.0,0.0,0.0,0.0,0.0,0.0,0.0,0.0,39,0.05455408693872585,31,19,12,0,0,0,0,0,0,0,0,1,0
1e5v,A,56,LYS,-3.9,168.6,1.0,2,0,X,0.0,0.0,0.0,0.0,0.0,0.0,0.0,0.0,30,0.048492521723311866,19,20,-1,0,0,0,0,0,0,0,0,1,0
1e5v,A,57,TYR,-1.3,193.6,0.0,1,1,X,0.0,0.0,0.0,0.0,0.0,0.0,0.0,0.0,26,0.05175644145468863,27,17,10,0,0,0,0,0,0,0,0,1,0
1e5v,A,58,PRO,-1.6,112.7,0.0,0,0,X,0.0,0.0,0.0,0.0,0.0,0.0,0.0,0.0,33,0.053155264196707235,27,15,12,0,0,0,0,0,0,0,0,1,0
1e5v,A,59,MET,1.9,162.9,0.0,0,0,X,0.0,0.0,0.0,0.0,0.0,0.0,0.0,0.0,35,0.04942507021799094,31,12,19,0,0,0,0,0,0,0,0,1,0
1e5v,A,60,VAL,4.2,140.0,0.0,0,0,X,0.0,0.0,0.0,0.0,0.0,0.0,0.0,0.0,32,0.050823892960009553,28,27,1,0,0,0,0,0,0,0,0,1,0
1e5v,A,61,ARG,-4.5,173.4,1.0,5,0,X,0.0,0.0,0.0,0.0,0.0,0.0,0.0,0.0,33,0.053155264196707235,42,43,-1,0,0,0,0,0,0,0,0,1,0
1e5v,A,62,ARG,-4.5,173.4,1.0,5,0,X,0.0,0.0,0.0,0.0,0.0,0.0,0.0,0.0,19,0.04149840801321881,21,27,-6,0,0,0,0,0,0,0,0,1,0
1e5v,A,63,GLU,-3.5,138.4,-1.0,1,3,X,0.0,0.0,0.0,0.0,0.0,0.0,0.0,0.0,24,0.043363505002576956,49,33,16,0,0,0,0,0,0,0,0,1,0
1e5v,A,64,PHE,2.8,189.9,0.0,0,0,X,0.0,0.0,0.0,0.0,0.0,0.0,0.0,0.0,33,0.04755997322863279,42,43,-1,0,0,0,0,0,0,0,0,1,0
1e5v,A,65,LEU,3.8,166.7,0.0,0,0,X,0.0,0.0,0.0,0.0,0.0,0.0,0.0,0.0,21,0.03403802005578621,34,26,8,0,0,0,0,0,0,0,0,1,0
1e5v,A,66,GLU,-3.5,138.4,-1.0,1,3,X,0.0,0.0,0.0,0.0,0.0,0.0,0.0,0.0,14,0.026577632098353617,30,14,16,0,0,0,0,0,0,0,0,1,0
1e5v,A,67,LYS,-3.9,168.6,1.0,2,0,X,0.0,0.0,0.0,0.0,0.0,0.0,0.0,0.0,12,0.029375277582390842,17,25,-8,0,0,0,0,0,0,0,0,1,0
1e5v,A,68,GLY,-0.4,60.1,0.0,0,0,X,0.0,0.0,0.0,0.0,0.0,0.0,0.0,0.0,23,0.03590311704514436,41,41,0,0,0,0,0,0,0,0,0,1,0
1e5v,A,69,VAL,4.2,140.0,0.0,0,0,X,0.0,0.0,0.0,0.0,0.0,0.0,0.0,0.0,24,0.03357174580844668,33,27,6,0,0,0,0,0,0,0,0,1,0
1e5v,A,70,ASN,-3.5,114.1,0.0,2,2,X,0.0,0.0,0.0,0.0,0.0,0.0,0.0,0.0,13,0.024246260861655933,21,24,-3,0,0,0,0,0,0,0,0,1,0
1e5v,A,71,ALA,1.8,88.6,0.0,0,0,X,0.0,0.0,0.0,0.0,0.0,0.0,0.0,0.0,20,0.03963331102386066,43,44,-1,0,0,0,0,0,0,0,0,1,0
1e5v,A,72,ASP,-3.5,111.1,-1.0,1,3,X,0.0,0.0,0.0,0.0,0.0,0.0,0.0,0.0,23,0.03124037457174899,40,23,17,0,0,0,0,0,0,0,0,1,0
1e5v,A,73,ARG,-4.5,173.4,1.0,5,0,X,0.0,0.0,0.0,0.0,0.0,0.0,0.0,0.0,25,0.03776821403450251,34,39,-5,0,0,0,0,0,0,0,0,1,0
1e5v,A,74,SER,-0.8,89.0,0.0,1,1,X,0.0,0.0,0.0,0.0,0.0,0.0,0.0,0.0,21,0.03450429430312575,40,31,9,0,0,0,0,0,0,0,0,1,0
1e5v,A,75,THR,-0.7,116.1,0.0,1,1,X,0.0,0.0,0.0,0.0,0.0,0.0,0.0,0.0,24,0.03683566553982344,44,39,5,0,0,0,0,0,0,0,0,1,0
1e5v,A,76,ARG,-4.5,173.4,1.0,5,0,X,0.0,0.0,0.0,0.0,0.0,0.0,0.0,0.0,39,0.045228601991935104,45,40,5,0,0,0,0,0,0,0,0,1,0
1e5v,A,77,GLY,-0.4,60.1,0.0,0,0,X,0.0,0.0,0.0,0.0,0.0,0.0,0.0,0.0,35,0.040099585271200194,45,25,20,0,0,0,0,0,0,0,0,1,0
1e5v,A,78,ASN,-3.5,114.1,0.0,2,2,X,0.0,0.0,0.0,0.0,0.0,0.0,0.0,0.0,24,0.03450429430312575,47,25,22,0,0,0,0,0,0,0,0,1,0
1e5v,A,79,GLY,-0.4,60.1,0.0,0,0,X,0.0,0.0,0.0,0.0,0.0,0.0,0.0,0.0,26,0.03403802005578621,53,13,40,0,0,0,0,0,0,0,0,1,0
1e5v,A,80,ASP,-3.5,111.1,-1.0,1,3,X,0.0,0.0,0.0,0.0,0.0,0.0,0.0,0.0,26,0.03590311704514436,34,15,19,0,0,0,0,0,0,0,0,1,0
1e5v,A,81,PHE,2.8,189.9,0.0,0,0,X,0.0,0.0,0.0,0.0,0.0,0.0,0.0,0.0,34,0.043829779249916496,52,24,28,0,0,0,0,0,0,0,0,1,0
1e5v,A,82,VAL,4.2,140.0,0.0,0,0,X,0.0,0.0,0.0,0.0,0.0,0.0,0.0,0.0,27,0.03823448828184205,29,21,8,0,0,0,0,0,0,0,0,1,0
1e5v,A,83,ARG,-4.5,173.4,1.0,5,0,X,0.0,0.0,0.0,0.0,0.0,0.0,0.0,0.0,21,0.035436842797804825,9,12,-3,0,0,0,0,0,0,0,0,1,0
1e5v,A,84,VAL,4.2,140.0,0.0,0,0,X,0.0,0.0,0.0,0.0,0.0,0.0,0.0,0.0,25,0.03730193978716297,16,12,4,0,0,0,0,0,0,0,0,1,0
1e5v,A,85,SER,-0.8,89.0,0.0,1,1,X,0.0,0.0,0.0,0.0,0.0,0.0,0.0,0.0,20,0.03357174580844668,17,21,-4,0,0,0,0,0,0,0,0,1,0
1e5v,A,86,TRP,-0.9,227.8,0.0,1,0,X,0.0,0.0,0.0,0.0,0.0,0.0,0.0,0.0,32,0.03776821403450251,24,24,0,0,0,0,0,0,0,0,0,1,0
1e5v,A,87,ASP,-3.5,111.1,-1.0,1,3,X,0.0,0.0,0.0,0.0,0.0,0.0,0.0,0.0,16,0.03170664881908853,12,9,3,0,0,0,0,0,0,0,0,1,0
1e5v,A,88,GLN,-3.5,143.8,0.0,2,2,X,0.0,0.0,0.0,0.0,0.0,0.0,0.0,0.0,19,0.032172923066428064,10,17,-7,0,0,0,0,0,0,0,0,1,0
1e5v,A,89,ALA,1.8,88.6,0.0,0,0,X,0.0,0.0,0.0,0.0,0.0,0.0,0.0,0.0,33,0.04755997322863279,16,21,-5,0,0,0,0,0,0,0,0,1,0
1e5v,A,90,LEU,3.8,166.7,0.0,0,0,X,0.0,0.0,0.0,0.0,0.0,0.0,0.0,0.0,34,0.043363505002576956,21,24,-3,0,0,0,0,0,0,0,0,1,0
1e5v,A,91,ASP,-3.5,111.1,-1.0,1,3,X,0.0,0.0,0.0,0.0,0.0,0.0,0.0,0.0,21,0.03403802005578621,11,13,-2,0,0,0,0,0,0,0,0,1,0
1e5v,A,92,LEU,3.8,166.7,0.0,0,0,X,0.0,0.0,0.0,0.0,0.0,0.0,0.0,0.0,31,0.03357174580844668,13,25,-12,0,0,0,0,0,0,0,0,1,0
1e5v,A,93,VAL,4.2,140.0,0.0,0,0,X,0.0,0.0,0.0,0.0,0.0,0.0,0.0,0.0,39,0.04196468226055834,22,22,0,0,0,0,0,0,0,0,0,1,0
1e5v,A,94,ALA,1.8,88.6,0.0,0,0,X,0.0,0.0,0.0,0.0,0.0,0.0,0.0,0.0,33,0.04149840801321881,27,26,1,0,0,0,0,0,0,0,0,1,0
1e5v,A,95,ALA,1.8,88.6,0.0,0,0,X,0.0,0.0,0.0,0.0,0.0,0.0,0.0,0.0,25,0.03310547156110714,27,25,2,0,0,0,0,0,0,0,0,1,0
1e5v,A,96,GLU,-3.5,138.4,-1.0,1,3,X,0.0,0.0,0.0,0.0,0.0,0.0,0.0,0.0,33,0.03776821403450251,22,22,0,0,0,0,0,0,0,0,0,1,0
1e5v,A,97,VAL,4.2,140.0,0.0,0,0,X,0.0,0.0,0.0,0.0,0.0,0.0,0.0,0.0,39,0.043829779249916496,23,27,-4,0,0,0,0,0,0,0,0,1,0
1e5v,A,98,LYS,-3.9,168.6,1.0,2,0,X,0.0,0.0,0.0,0.0,0.0,0.0,0.0,0.0,26,0.03730193978716297,17,27,-10,0,0,0,0,0,0,0,0,1,0
1e5v,A,99,ARG,-4.5,173.4,1.0,5,0,X,0.0,0.0,0.0,0.0,0.0,0.0,0.0,0.0,22,0.03590311704514436,15,35,-20,0,0,0,0,0,0,0,0,1,0
1e5v,A,100,VAL,4.2,140.0,0.0,0,0,X,0.0,0.0,0.0,0.0,0.0,0.0,0.0,0.0,30,0.04989134446533048,28,43,-15,0,0,0,0,0,0,0,0,1,0
1e5v,A,101,GLU,-3.5,138.4,-1.0,1,3,X,0.0,0.0,0.0,0.0,0.0,0.0,0.0,0.0,29,0.04709369898129325,21,23,-2,0,0,0,0,0,0,0,0,1,0
1e5v,A,102,GLU,-3.5,138.4,-1.0,1,3,X,0.0,0.0,0.0,0.0,0.0,0.0,0.0,0.0,16,0.028909003335051305,18,11,7,0,0,0,0,0,0,0,0,1,0
1e5v,A,103,THR,-0.7,116.1,0.0,1,1,X,0.0,0.0,0.0,0.0,0.0,0.0,0.0,0.0,17,0.02611135785101408,24,27,-3,0,0,0,0,0,0,0,0,1,0
1e5v,A,104,TYR,-1.3,193.6,0.0,1,1,X,0.0,0.0,0.0,0.0,0.0,0.0,0.0,0.0,21,0.034970568550465285,24,40,-16,0,0,0,0,0,0,0,0,1,0
1e5v,A,105,GLY,-0.4,60.1,0.0,0,0,X,0.0,0.0,0.0,0.0,0.0,0.0,0.0,0.0,25,0.03403802005578621,15,34,-19,0,0,0,0,0,0,0,0,1,0
1e5v,A,106,PRO,-1.6,112.7,0.0,0,0,X,0.0,0.0,0.0,0.0,0.0,0.0,0.0,0.0,29,0.03403802005578621,3,26,-23,0,0,0,0,0,0,0,0,1,0
1e5v,A,107,GLU,-3.5,138.4,-1.0,1,3,X,0.0,0.0,0.0,0.0,0.0,0.0,0.0,0.0,26,0.040565859518539735,7,20,-13,0,0,0,0,0,0,0,0,1,0
1e5v,A,108,GLY,-0.4,60.1,0.0,0,0,X,0.0,0.0,0.0,0.0,0.0,0.0,0.0,0.0,37,0.05222271570202816,19,39,-20,0,0,0,0,0,0,0,0,1,0
1e5v,A,109,VAL,4.2,140.0,0.0,0,0,X,0.0,0.0,0.0,0.0,0.0,0.0,0.0,0.0,42,0.05129016720734909,11,25,-14,0,0,0,0,0,0,0,0,1,0
1e5v,A,110,PHE,2.8,189.9,0.0,0,0,X,0.0,0.0,0.0,0.0,0.0,0.0,0.0,0.0,43,0.048958795970651406,11,6,5,0,0,0,0,0,0,0,0,1,0
1e5v,A,111,GLY,-0.4,60.1,0.0,0,0,X,0.0,0.0,0.0,0.0,0.0,0.0,0.0,0.0,40,0.05222271570202816,12,2,10,0,0,0,0,0,0,0,0,1,0
1e5v,A,112,GLY,-0.4,60.1,0.0,0,0,X,0.0,0.0,0.0,0.0,0.0,0.0,0.0,0.0,35,0.04476232774459557,13,0,13,0,0,0,0,0,0,0,0,1,0
1e5v,A,113,SER,-0.8,89.0,0.0,1,1,X,0.0,0.0,0.0,0.0,0.0,0.0,0.0,0.0,40,0.04709369898129325,22,0,22,0,0,0,0,0,0,0,0,1,0
1e5v,A,114,TYR,-1.3,193.6,0.0,1,1,X,0.0,0.0,0.0,0.0,0.0,0.0,0.0,0.0,32,0.04289723075523742,31,8,23,0,0,0,0,0,0,0,0,1,1
1e5v,A,115,GLY,-0.4,60.1,0.0,0,0,X,0.0,0.0,0.0,0.0,0.0,0.0,0.0,0.0,30,0.04149840801321881,31,5,26,0,0,0,0,0,0,0,0,1,1
1e5v,A,116,TRP,-0.9,227.8,0.0,1,0,X,0.0,0.0,0.0,0.0,0.0,0.0,0.0,0.0,30,0.04149840801321881,34,7,27,0,0,0,0,0,0,0,0,1,1
1e5v,A,117,LYS,-3.9,168.6,1.0,2,0,X,0.0,0.0,0.0,0.0,0.0,0.0,0.0,0.0,37,0.04103213376587927,27,9,18,0,0,0,0,0,0,0,0,1,1
1e5v,A,118,SER,-0.8,89.0,0.0,1,1,X,0.0,0.0,0.0,0.0,0.0,0.0,0.0,0.0,37,0.04289723075523742,39,14,25,0,0,0,0,0,0,0,0,1,1
1e5v,A,119,PRO,-1.6,112.7,0.0,0,0,X,0.0,0.0,0.0,0.0,0.0,0.0,0.0,0.0,37,0.05455408693872585,43,20,23,0,0,0,0,0,0,0,0,1,0
1e5v,A,120,GLY,-0.4,60.1,0.0,0,0,X,0.0,0.0,0.0,0.0,0.0,0.0,0.0,0.0,34,0.048026247475972325,41,17,24,0,0,0,0,0,0,0,0,1,0
1e5v,A,121,ARG,-4.5,173.4,1.0,5,0,X,0.0,0.0,0.0,0.0,0.0,0.0,0.0,0.0,31,0.048026247475972325,11,17,-6,0,0,0,0,0,0,0,0,1,0
1e5v,A,122,LEU,3.8,166.7,0.0,0,0,X,0.0,0.0,0.0,0.0,0.0,0.0,0.0,0.0,36,0.05455408693872585,39,34,5,0,0,0,0,0,0,0,0,1,0
1e5v,A,123,HIS,-3.2,153.2,0.1,2,1,X,0.0,0.0,0.0,0.0,0.0,0.0,0.0,0.0,39,0.04709369898129325,27,40,-13,0,0,0,0,0,0,0,0,1,0
1e5v,A,124,ASN,-3.5,114.1,0.0,2,2,X,0.0,0.0,0.0,0.0,0.0,0.0,0.0,0.0,35,0.04709369898129325,50,19,31,0,0,0,0,0,0,0,0,1,0
1e5v,A,125,CYS,2.5,108.5,0.0,1,0,X,0.0,0.0,0.0,0.0,0.0,0.0,0.0,0.0,43,0.04755997322863279,50,12,38,0,0,0,0,0,0,0,0,1,1
1e5v,A,126,THR,-0.7,116.1,0.0,1,1,X,0.0,0.0,0.0,0.0,0.0,0.0,0.0,0.0,35,0.04709369898129325,34,12,22,0,0,0,0,0,0,0,0,1,0
1e5v,A,127,THR,-0.7,116.1,0.0,1,1,X,0.0,0.0,0.0,0.0,0.0,0.0,0.0,0.0,32,0.04243095650789788,39,11,28,0,0,0,0,0,0,0,0,1,0
1e5v,A,128,LEU,3.8,166.7,0.0,0,0,X,0.0,0.0,0.0,0.0,0.0,0.0,0.0,0.0,36,0.05688545817542354,41,20,21,0,0,0,0,0,0,0,0,1,0
1e5v,A,129,LEU,3.8,166.7,0.0,0,0,X,0.0,0.0,0.0,0.0,0.0,0.0,0.0,0.0,41,0.05408781269138631,25,15,10,0,0,0,0,0,0,0,0,1,0
1e5v,A,130,ARG,-4.5,173.4,1.0,5,0,X,0.0,0.0,0.0,0.0,0.0,0.0,0.0,0.0,32,0.050823892960009553,9,8,1,0,0,0,0,0,0,0,0,1,0
1e5v,A,131,ARG,-4.5,173.4,1.0,5,0,X,0.0,0.0,0.0,0.0,0.0,0.0,0.0,0.0,33,0.053155264196707235,13,20,-7,0,0,0,0,0,0,0,0,1,0
1e5v,A,132,MET,1.9,162.9,0.0,0,0,X,0.0,0.0,0.0,0.0,0.0,0.0,0.0,0.0,43,0.050823892960009553,30,15,15,0,0,0,0,0,0,0,0,1,0
1e5v,A,133,LEU,3.8,166.7,0.0,0,0,X,0.0,0.0,0.0,0.0,0.0,0.0,0.0,0.0,38,0.045694876239274644,19,14,5,0,0,0,0,0,0,0,0,1,0
1e5v,A,134,THR,-0.7,116.1,0.0,1,1,X,0.0,0.0,0.0,0.0,0.0,0.0,0.0,0.0,27,0.03963331102386066,25,16,9,0,0,0,0,0,0,0,0,1,0
1e5v,A,135,LEU,3.8,166.7,0.0,0,0,X,0.0,0.0,0.0,0.0,0.0,0.0,0.0,0.0,29,0.034970568550465285,28,19,9,0,0,0,0,0,0,0,0,1,0
1e5v,A,136,ALA,1.8,88.6,0.0,0,0,X,0.0,0.0,0.0,0.0,0.0,0.0,0.0,0.0,29,0.03823448828184205,28,18,10,0,0,0,0,0,0,0,0,1,0
1e5v,A,137,GLY,-0.4,60.1,0.0,0,0,X,0.0,0.0,0.0,0.0,0.0,0.0,0.0,0.0,24,0.02984155182973038,15,21,-6,0,0,0,0,0,0,0,0,1,0
1e5v,A,138,GLY,-0.4,60.1,0.0,0,0,X,0.0,0.0,0.0,0.0,0.0,0.0,0.0,0.0,31,0.035436842797804825,12,20,-8,0,0,0,0,0,0,0,0,1,0
1e5v,A,139,TYR,-1.3,193.6,0.0,1,1,X,0.0,0.0,0.0,0.0,0.0,0.0,0.0,0.0,34,0.04476232774459557,16,17,-1,0,0,0,0,0,0,0,0,1,0
1e5v,A,140,VAL,4.2,140.0,0.0,0,0,X,0.0,0.0,0.0,0.0,0.0,0.0,0.0,0.0,36,0.04755997322863279,8,16,-8,0,0,0,0,0,0,0,0,1,0
1e5v,A,141,ASN,-3.5,114.1,0.0,2,2,X,0.0,0.0,0.0,0.0,0.0,0.0,0.0,0.0,28,0.04103213376587927,11,2,9,0,0,0,0,0,0,0,0,1,0
1e5v,A,142,GLY,-0.4,60.1,0.0,0,0,X,0.0,0.0,0.0,0.0,0.0,0.0,0.0,0.0,28,0.04103213376587927,12,5,7,0,0,0,0,0,0,0,0,1,0
1e5v,A,143,ALA,1.8,88.6,0.0,0,0,X,0.0,0.0,0.0,0.0,0.0,0.0,0.0,0.0,26,0.029375277582390842,8,8,0,0,0,0,0,0,0,0,0,1,0
1e5v,A,144,GLY,-0.4,60.1,0.0,0,0,X,0.0,0.0,0.0,0.0,0.0,0.0,0.0,0.0,29,0.032172923066428064,2,8,-6,0,0,0,0,0,0,0,0,1,0
1e5v,A,145,ASP,-3.5,111.1,-1.0,1,3,X,0.0,0.0,0.0,0.0,0.0,0.0,0.0,0.0,30,0.03776821403450251,7,0,7,0,0,0,0,0,0,0,0,1,0
1e5v,A,146,TYR,-1.3,193.6,0.0,1,1,X,0.0,0.0,0.0,0.0,0.0,0.0,0.0,0.0,37,0.043829779249916496,44,14,30,0,0,0,0,0,0,0,0,1,1
1e5v,A,147,SER,-0.8,89.0,0.0,1,1,X,0.0,0.0,0.0,0.0,0.0,0.0,0.0,0.0,31,0.03963331102386066,27,9,18,0,0,0,0,0,0,0,0,1,1
1e5v,A,148,THR,-0.7,116.1,0.0,1,1,X,0.0,0.0,0.0,0.0,0.0,0.0,0.0,0.0,36,0.04662742473395372,19,16,3,0,0,0,0,0,0,0,0,1,0
1e5v,A,149,GLY,-0.4,60.1,0.0,0,0,X,0.0,0.0,0.0,0.0,0.0,0.0,0.0,0.0,39,0.05035761871267001,14,17,-3,0,0,0,0,0,0,0,0,1,0
1e5v,A,150,ALA,1.8,88.6,0.0,0,0,X,0.0,0.0,0.0,0.0,0.0,0.0,0.0,0.0,44,0.05129016720734909,30,17,13,0,0,0,0,0,0,0,0,1,0
1e5v,A,151,ALA,1.8,88.6,0.0,0,0,X,0.0,0.0,0.0,0.0,0.0,0.0,0.0,0.0,38,0.04989134446533048,19,22,-3,0,0,0,0,0,0,0,0,1,0
1e5v,A,152,GLN,-3.5,143.8,0.0,2,2,X,0.0,0.0,0.0,0.0,0.0,0.0,0.0,0.0,33,0.043829779249916496,4,20,-16,0,0,0,0,0,0,0,0,1,0
1e5v,A,153,VAL,4.2,140.0,0.0,0,0,X,0.0,0.0,0.0,0.0,0.0,0.0,0.0,0.0,36,0.043363505002576956,12,11,1,0,0,0,0,0,0,0,0,1,0
1e5v,A,154,ILE,4.5,166.7,0.0,0,0,X,0.0,0.0,0.0,0.0,0.0,0.0,0.0,0.0,42,0.05035761871267001,22,15,7,0,0,0,0,0,0,0,0,1,0
1e5v,A,155,MET,1.9,162.9,0.0,0,0,X,0.0,0.0,0.0,0.0,0.0,0.0,0.0,0.0,39,0.05129016720734909,22,24,-2,0,0,0,0,0,0,0,0,1,0
1e5v,A,156,PRO,-1.6,112.7,0.0,0,0,X,0.0,0.0,0.0,0.0,0.0,0.0,0.0,0.0,28,0.04196468226055834,10,16,-6,0,0,0,0,0,0,0,0,1,0
1e5v,A,157,HIS,-3.2,153.2,0.1,2,1,X,0.0,0.0,0.0,0.0,0.0,0.0,0.0,0.0,35,0.048026247475972325,4,12,-8,0,0,0,0,0,0,0,0,1,0
1e5v,A,158,VAL,4.2,140.0,0.0,0,0,X,0.0,0.0,0.0,0.0,0.0,0.0,0.0,0.0,46,0.04942507021799094,16,16,0,0,0,0,0,0,0,0,0,1,0
1e5v,A,159,VAL,4.2,140.0,0.0,0,0,X,0.0,0.0,0.0,0.0,0.0,0.0,0.0,0.0,37,0.050823892960009553,16,22,-6,0,0,0,0,0,0,0,0,1,0
1e5v,A,160,GLY,-0.4,60.1,0.0,0,0,X,0.0,0.0,0.0,0.0,0.0,0.0,0.0,0.0,27,0.03776821403450251,12,19,-7,0,0,0,0,0,0,0,0,1,0
1e5v,A,161,THR,-0.7,116.1,0.0,1,1,X,0.0,0.0,0.0,0.0,0.0,0.0,0.0,0.0,24,0.034970568550465285,11,18,-7,0,0,0,0,0,0,0,0,1,0
1e5v,A,162,LEU,3.8,166.7,0.0,0,0,X,0.0,0.0,0.0,0.0,0.0,0.0,0.0,0.0,25,0.040565859518539735,6,19,-13,0,0,0,0,0,0,0,0,1,0
1e5v,A,163,GLU,-3.5,138.4,-1.0,1,3,X,0.0,0.0,0.0,0.0,0.0,0.0,0.0,0.0,33,0.04755997322863279,16,9,7,0,0,0,0,0,0,0,0,1,0
1e5v,A,164,VAL,4.2,140.0,0.0,0,0,X,0.0,0.0,0.0,0.0,0.0,0.0,0.0,0.0,34,0.048026247475972325,16,21,-5,0,0,0,0,0,0,0,0,1,0
1e5v,A,165,TYR,-1.3,193.6,0.0,1,1,X,0.0,0.0,0.0,0.0,0.0,0.0,0.0,0.0,29,0.03916703677652112,4,30,-26,0,0,0,0,0,0,0,0,1,0
1e5v,A,166,GLU,-3.5,138.4,-1.0,1,3,X,0.0,0.0,0.0,0.0,0.0,0.0,0.0,0.0,23,0.03870076252918159,10,10,0,0,0,0,0,0,0,0,0,1,0
1e5v,A,167,GLN,-3.5,143.8,0.0,2,2,X,0.0,0.0,0.0,0.0,0.0,0.0,0.0,0.0,33,0.043363505002576956,10,21,-11,0,0,0,0,0,0,0,0,1,0
1e5v,A,168,GLN,-3.5,143.8,0.0,2,2,X,0.0,0.0,0.0,0.0,0.0,0.0,0.0,0.0,37,0.05222271570202816,15,18,-3,0,0,0,0,0,0,0,0,1,0
1e5v,A,169,THR,-0.7,116.1,0.0,1,1,X,0.0,0.0,0.0,0.0,0.0,0.0,0.0,0.0,40,0.05129016720734909,11,8,3,0,0,0,0,0,0,0,0,1,0
1e5v,A,170,ALA,1.8,88.6,0.0,0,0,X,0.0,0.0,0.0,0.0,0.0,0.0,0.0,0.0,34,0.05129016720734909,7,14,-7,0,0,0,0,0,0,0,0,1,0
1e5v,A,171,TRP,-0.9,227.8,0.0,1,0,X,0.0,0.0,0.0,0.0,0.0,0.0,0.0,0.0,39,0.045694876239274644,5,6,-1,0,0,0,0,0,0,0,0,1,0
1e5v,A,172,PRO,-1.6,112.7,0.0,0,0,X,0.0,0.0,0.0,0.0,0.0,0.0,0.0,0.0,30,0.03403802005578621,4,18,-14,0,0,0,0,0,0,0,0,1,0
1e5v,A,173,VAL,4.2,140.0,0.0,0,0,X,0.0,0.0,0.0,0.0,0.0,0.0,0.0,0.0,29,0.043829779249916496,5,18,-13,0,0,0,0,0,0,0,0,1,0
1e5v,A,174,LEU,3.8,166.7,0.0,0,0,X,0.0,0.0,0.0,0.0,0.0,0.0,0.0,0.0,39,0.04662742473395372,13,15,-2,0,0,0,0,0,0,0,0,1,0
1e5v,A,175,ALA,1.8,88.6,0.0,0,0,X,0.0,0.0,0.0,0.0,0.0,0.0,0.0,0.0,27,0.04289723075523742,14,19,-5,0,0,0,0,0,0,0,0,1,0
1e5v,A,176,GLU,-3.5,138.4,-1.0,1,3,X,0.0,0.0,0.0,0.0,0.0,0.0,0.0,0.0,18,0.027043906345693154,10,4,6,0,0,0,0,0,0,0,0,1,0
1e5v,A,177,ASN,-3.5,114.1,0.0,2,2,X,0.0,0.0,0.0,0.0,0.0,0.0,0.0,0.0,24,0.03683566553982344,17,18,-1,0,0,0,0,0,0,0,0,1,0
1e5v,A,178,THR,-0.7,116.1,0.0,1,1,X,0.0,0.0,0.0,0.0,0.0,0.0,0.0,0.0,32,0.048026247475972325,31,17,14,0,0,0,0,0,0,0,0,1,0
1e5v,A,179,GLU,-3.5,138.4,-1.0,1,3,X,0.0,0.0,0.0,0.0,0.0,0.0,0.0,0.0,27,0.03683566553982344,30,6,24,0,0,0,0,0,0,0,0,1,0
1e5v,A,180,VAL,4.2,140.0,0.0,0,0,X,0.0,0.0,0.0,0.0,0.0,0.0,0.0,0.0,32,0.048958795970651406,27,13,14,0,0,0,0,0,0,0,0,1,0
1e5v,A,181,MET,1.9,162.9,0.0,0,0,X,0.0,0.0,0.0,0.0,0.0,0.0,0.0,0.0,41,0.05035761871267001,14,6,8,0,0,0,0,0,0,0,0,1,0
1e5v,A,182,VAL,4.2,140.0,0.0,0,0,X,0.0,0.0,0.0,0.0,0.0,0.0,0.0,0.0,43,0.04942507021799094,10,7,3,0,0,0,0,0,0,0,0,1,0
1e5v,A,183,PHE,2.8,189.9,0.0,0,0,X,0.0,0.0,0.0,0.0,0.0,0.0,0.0,0.0,38,0.048958795970651406,11,15,-4,0,0,0,0,0,0,0,0,1,0
1e5v,A,184,TRP,-0.9,227.8,0.0,1,0,X,0.0,0.0,0.0,0.0,0.0,0.0,0.0,0.0,38,0.045694876239274644,8,15,-7,0,0,0,0,0,0,0,0,1,0
1e5v,A,185,ALA,1.8,88.6,0.0,0,0,X,0.0,0.0,0.0,0.0,0.0,0.0,0.0,0.0,39,0.04103213376587927,21,22,-1,0,0,0,0,0,0,0,0,1,1
1e5v,A,186,ALA,1.8,88.6,0.0,0,0,X,0.0,0.0,0.0,0.0,0.0,0.0,0.0,0.0,41,0.04662742473395372,24,17,7,0,0,0,0,0,0,0,0,1,0
1e5v,A,187,ASP,-3.5,111.1,-1.0,1,3,X,0.0,0.0,0.0,0.0,0.0,0.0,0.0,0.0,38,0.04709369898129325,38,8,30,0,0,0,0,0,0,0,0,1,0
1e5v,A,188,PRO,-1.6,112.7,0.0,0,0,X,0.0,0.0,0.0,0.0,0.0,0.0,0.0,0.0,40,0.045694876239274644,26,9,17,0,0,0,0,0,0,0,0,1,0
1e5v,A,189,ILE,4.5,166.7,0.0,0,0,X,0.0,0.0,0.0,0.0,0.0,0.0,0.0,0.0,27,0.04989134446533048,32,17,15,0,0,0,0,0,0,0,0,1,0
1e5v,A,190,LYS,-3.9,168.6,1.0,2,0,X,0.0,0.0,0.0,0.0,0.0,0.0,0.0,0.0,28,0.04429605349725603,30,9,21,0,0,0,0,0,0,0,0,1,1
1e5v,A,191,THR,-0.7,116.1,0.0,1,1,X,0.0,0.0,0.0,0.0,0.0,0.0,0.0,0.0,36,0.045228601991935104,37,8,29,0,0,0,0,0,0,0,0,1,1
1e5v,A,192,SER,-0.8,89.0,0.0,1,1,X,0.0,0.0,0.0,0.0,0.0,0.0,0.0,0.0,36,0.05129016720734909,39,17,22,0,0,0,0,0,0,0,0,1,0
1e5v,A,193,GLN,-3.5,143.8,0.0,2,2,X,0.0,0.0,0.0,0.0,0.0,0.0,0.0,0.0,36,0.045694876239274644,41,7,34,0,0,0,0,0,0,0,0,1,1
1e5v,A,194,ILE,4.5,166.7,0.0,0,0,X,0.0,0.0,0.0,0.0,0.0,0.0,0.0,0.0,37,0.05129016720734909,43,8,35,0,0,0,0,0,0,0,0,1,1
1e5v,A,195,GLY,-0.4,60.1,0.0,0,0,X,0.0,0.0,0.0,0.0,0.0,0.0,0.0,0.0,35,0.053621538444046775,24,19,5,0,0,0,0,0,0,0,0,1,0
1e5v,A,196,TRP,-0.9,227.8,0.0,1,0,X,0.0,0.0,0.0,0.0,0.0,0.0,0.0,0.0,29,0.04616115048661418,26,14,12,0,0,0,0,0,0,0,0,1,0
1e5v,A,197,VAL,4.2,140.0,0.0,0,0,X,0.0,0.0,0.0,0.0,0.0,0.0,0.0,0.0,36,0.05035761871267001,22,23,-1,0,0,0,0,0,0,0,0,1,0
1e5v,A,198,ILE,4.5,166.7,0.0,0,0,X,0.0,0.0,0.0,0.0,0.0,0.0,0.0,0.0,41,0.053155264196707235,21,27,-6,0,0,0,0,0,0,0,0,1,0
1e5v,A,199,PRO,-1.6,112.7,0.0,0,0,X,0.0,0.0,0.0,0.0,0.0,0.0,0.0,0.0,43,0.05455408693872585,23,28,-5,0,0,0,0,0,0,0,0,1,0
1e5v,A,200,GLU,-3.5,138.4,-1.0,1,3,X,0.0,0.0,0.0,0.0,0.0,0.0,0.0,0.0,41,0.04476232774459557,20,16,4,0,0,0,0,0,0,0,0,1,0
1e5v,A,201,HIS,-3.2,153.2,0.1,2,1,X,0.0,0.0,0.0,0.0,0.0,0.0,0.0,0.0,42,0.048492521723311866,17,18,-1,0,0,0,0,0,0,0,0,1,0
1e5v,A,202,GLY,-0.4,60.1,0.0,0,0,X,0.0,0.0,0.0,0.0,0.0,0.0,0.0,0.0,36,0.04476232774459557,22,24,-2,0,0,0,0,0,0,0,0,1,0
1e5v,A,203,ALA,1.8,88.6,0.0,0,0,X,0.0,0.0,0.0,0.0,0.0,0.0,0.0,0.0,40,0.048492521723311866,26,20,6,0,0,0,0,0,0,0,0,1,0
1e5v,A,204,TYR,-1.3,193.6,0.0,1,1,X,0.0,0.0,0.0,0.0,0.0,0.0,0.0,0.0,31,0.04616115048661418,27,25,2,0,0,0,0,0,0,0,0,1,0
1e5v,A,205,PRO,-1.6,112.7,0.0,0,0,X,0.0,0.0,0.0,0.0,0.0,0.0,0.0,0.0,26,0.03170664881908853,19,17,2,0,0,0,0,0,0,0,0,1,0
1e5v,A,206,GLY,-0.4,60.1,0.0,0,0,X,0.0,0.0,0.0,0.0,0.0,0.0,0.0,0.0,34,0.04289723075523742,11,10,1,0,0,0,0,0,0,0,0,1,0
1e5v,A,207,LEU,3.8,166.7,0.0,0,0,X,0.0,0.0,0.0,0.0,0.0,0.0,0.0,0.0,31,0.043829779249916496,21,10,11,0,0,0,0,0,0,0,0,1,0
1e5v,A,208,GLU,-3.5,138.4,-1.0,1,3,X,0.0,0.0,0.0,0.0,0.0,0.0,0.0,0.0,19,0.03450429430312575,21,0,21,0,0,0,0,0,0,0,0,1,0
1e5v,A,209,ALA,1.8,88.6,0.0,0,0,X,0.0,0.0,0.0,0.0,0.0,0.0,0.0,0.0,23,0.035436842797804825,18,17,1,0,0,0,0,0,0,0,0,1,0
1e5v,A,210,LEU,3.8,166.7,0.0,0,0,X,0.0,0.0,0.0,0.0,0.0,0.0,0.0,0.0,31,0.04243095650789788,23,14,9,0,0,0,0,0,0,0,0,1,0
1e5v,A,211,LYS,-3.9,168.6,1.0,2,0,X,0.0,0.0,0.0,0.0,0.0,0.0,0.0,0.0,21,0.03730193978716297,10,11,-1,0,0,0,0,0,0,0,0,1,0
1e5v,A,212,ALA,1.8,88.6,0.0,0,0,X,0.0,0.0,0.0,0.0,0.0,0.0,0.0,0.0,15,0.022381163872297785,19,8,11,0,0,0,0,0,0,0,0,1,0
1e5v,A,213,LYS,-3.9,168.6,1.0,2,0,X,0.0,0.0,0.0,0.0,0.0,0.0,0.0,0.0,21,0.023779986614316396,8,17,-9,0,0,0,0,0,0,0,0,1,0
1e5v,A,214,GLY,-0.4,60.1,0.0,0,0,X,0.0,0.0,0.0,0.0,0.0,0.0,0.0,0.0,17,0.02098234113027917,25,8,17,0,0,0,0,0,0,0,0,1,0
1e5v,A,215,THR,-0.7,116.1,0.0,1,1,X,0.0,0.0,0.0,0.0,0.0,0.0,0.0,0.0,27,0.0363693912924839,29,15,14,0,0,0,0,0,0,0,0,1,0
1e5v,A,216,LYS,-3.9,168.6,1.0,2,0,X,0.0,0.0,0.0,0.0,0.0,0.0,0.0,0.0,25,0.03170664881908853,11,16,-5,0,0,0,0,0,0,0,0,1,0
1e5v,A,217,VAL,4.2,140.0,0.0,0,0,X,0.0,0.0,0.0,0.0,0.0,0.0,0.0,0.0,31,0.045228601991935104,19,16,3,0,0,0,0,0,0,0,0,1,0
1e5v,A,218,ILE,4.5,166.7,0.0,0,0,X,0.0,0.0,0.0,0.0,0.0,0.0,0.0,0.0,32,0.048492521723311866,18,14,4,0,0,0,0,0,0,0,0,1,0
1e5v,A,219,VAL,4.2,140.0,0.0,0,0,X,0.0,0.0,0.0,0.0,0.0,0.0,0.0,0.0,34,0.0526889899493677,23,27,-4,0,0,0,0,0,0,0,0,1,0
1e5v,A,220,ILE,4.5,166.7,0.0,0,0,X,0.0,0.0,0.0,0.0,0.0,0.0,0.0,0.0,40,0.048958795970651406,12,25,-13,0,0,0,0,0,0,0,0,1,1
1e5v,A,221,ASP,-3.5,111.1,-1.0,1,3,X,0.0,0.0,0.0,0.0,0.0,0.0,0.0,0.0,38,0.04662742473395372,23,13,10,0,0,0,0,0,0,0,0,1,1
1e5v,A,222,PRO,-1.6,112.7,0.0,0,0,X,0.0,0.0,0.0,0.0,0.0,0.0,0.0,0.0,41,0.04103213376587927,34,14,20,0,0,0,0,0,0,0,0,1,1
1e5v,A,223,VAL,4.2,140.0,0.0,0,0,X,0.0,0.0,0.0,0.0,0.0,0.0,0.0,0.0,33,0.03916703677652112,28,23,5,0,0,0,0,0,0,0,0,1,0
1e5v,A,224,ARG,-4.5,173.4,1.0,5,0,X,0.0,0.0,0.0,0.0,0.0,0.0,0.0,0.0,24,0.03963331102386066,17,26,-9,0,0,0,0,0,0,0,0,1,0
1e5v,A,225,THR,-0.7,116.1,0.0,1,1,X,0.0,0.0,0.0,0.0,0.0,0.0,0.0,0.0,34,0.04289723075523742,35,27,8,0,0,0,0,0,0,0,0,1,1
1e5v,A,226,LYS,-3.9,168.6,1.0,2,0,X,0.0,0.0,0.0,0.0,0.0,0.0,0.0,0.0,22,0.03730193978716297,20,17,3,0,0,0,0,0,0,0,0,1,0
1e5v,A,227,THR,-0.7,116.1,0.0,1,1,X,0.0,0.0,0.0,0.0,0.0,0.0,0.0,0.0,34,0.05035761871267001,33,26,7,0,0,0,0,0,0,0,0,1,0
1e5v,A,228,VAL,4.2,140.0,0.0,0,0,X,0.0,0.0,0.0,0.0,0.0,0.0,0.0,0.0,25,0.048026247475972325,28,30,-2,0,0,0,0,0,0,0,0,1,0
1e5v,A,229,GLU,-3.5,138.4,-1.0,1,3,X,0.0,0.0,0.0,0.0,0.0,0.0,0.0,0.0,17,0.032639197313767604,28,3,25,0,0,0,0,0,0,0,0,1,0
1e5v,A,230,PHE,2.8,189.9,0.0,0,0,X,0.0,0.0,0.0,0.0,0.0,0.0,0.0,0.0,25,0.032172923066428064,21,18,3,0,0,0,0,0,0,0,0,1,0
1e5v,A,231,PHE,2.8,189.9,0.0,0,0,X,0.0,0.0,0.0,0.0,0.0,0.0,0.0,0.0,30,0.03403802005578621,21,17,4,0,0,0,0,0,0,0,0,1,0
1e5v,A,232,GLY,-0.4,60.1,0.0,0,0,X,0.0,0.0,0.0,0.0,0.0,0.0,0.0,0.0,17,0.02331371236697686,29,17,12,0,0,0,0,0,0,0,0,1,0
1e5v,A,233,ALA,1.8,88.6,0.0,0,0,X,0.0,0.0,0.0,0.0,0.0,0.0,0.0,0.0,23,0.03963331102386066,28,17,11,0,0,0,0,0,0,0,0,1,0
1e5v,A,234,GLU,-3.5,138.4,-1.0,1,3,X,0.0,0.0,0.0,0.0,0.0,0.0,0.0,0.0,23,0.03170664881908853,19,3,16,0,0,0,0,0,0,0,0,1,0
1e5v,A,235,HIS,-3.2,153.2,0.1,2,1,X,0.0,0.0,0.0,0.0,0.0,0.0,0.0,0.0,26,0.03823448828184205,10,22,-12,0,0,0,0,0,0,0,0,1,0
1e5v,A,236,ILE,4.5,166.7,0.0,0,0,X,0.0,0.0,0.0,0.0,0.0,0.0,0.0,0.0,31,0.03730193978716297,13,19,-6,0,0,0,0,0,0,0,0,1,0
1e5v,A,237,THR,-0.7,116.1,0.0,1,1,X,0.0,0.0,0.0,0.0,0.0,0.0,0.0,0.0,30,0.03870076252918159,28,14,14,0,0,0,0,0,0,0,0,1,0
1e5v,A,238,PRO,-1.6,112.7,0.0,0,0,X,0.0,0.0,0.0,0.0,0.0,0.0,0.0,0.0,33,0.04476232774459557,23,17,6,0,0,0,0,0,0,0,0,1,0
1e5v,A,239,LYS,-3.9,168.6,1.0,2,0,X,0.0,0.0,0.0,0.0,0.0,0.0,0.0,0.0,31,0.04616115048661418,26,22,4,0,0,0,0,0,0,0,0,1,0
1e5v,A,240,PRO,-1.6,112.7,0.0,0,0,X,0.0,0.0,0.0,0.0,0.0,0.0,0.0,0.0,42,0.04149840801321881,31,21,10,0,0,0,0,0,0,0,0,1,1
1e5v,A,241,GLN,-3.5,143.8,0.0,2,2,X,0.0,0.0,0.0,0.0,0.0,0.0,0.0,0.0,38,0.04196468226055834,48,25,23,0,0,0,0,0,0,0,0,1,1
1e5v,A,242,THR,-0.7,116.1,0.0,1,1,X,0.0,0.0,0.0,0.0,0.0,0.0,0.0,0.0,35,0.045694876239274644,20,16,4,0,0,0,0,0,0,0,0,1,0
1e5v,A,243,ASP,-3.5,111.1,-1.0,1,3,X,0.0,0.0,0.0,0.0,0.0,0.0,0.0,0.0,37,0.04289723075523742,11,3,8,0,0,0,0,0,0,0,0,1,1
1e5v,A,244,VAL,4.2,140.0,0.0,0,0,X,0.0,0.0,0.0,0.0,0.0,0.0,0.0,0.0,39,0.04662742473395372,16,11,5,0,0,0,0,0,0,0,0,1,0
1e5v,A,245,ALA,1.8,88.6,0.0,0,0,X,0.0,0.0,0.0,0.0,0.0,0.0,0.0,0.0,38,0.05222271570202816,18,17,1,0,0,0,0,0,0,0,0,1,0
1e5v,A,246,ILE,4.5,166.7,0.0,0,0,X,0.0,0.0,0.0,0.0,0.0,0.0,0.0,0.0,43,0.05035761871267001,11,17,-6,0,0,0,0,0,0,0,0,1,0
1e5v,A,247,MET,1.9,162.9,0.0,0,0,X,0.0,0.0,0.0,0.0,0.0,0.0,0.0,0.0,40,0.043363505002576956,9,8,1,0,0,0,0,0,0,0,0,1,0
1e5v,A,248,LEU,3.8,166.7,0.0,0,0,X,0.0,0.0,0.0,0.0,0.0,0.0,0.0,0.0,43,0.05129016720734909,21,8,13,0,0,0,0,0,0,0,0,1,0
1e5v,A,249,GLY,-0.4,60.1,0.0,0,0,X,0.0,0.0,0.0,0.0,0.0,0.0,0.0,0.0,42,0.05735173242276307,28,18,10,0,0,0,0,0,0,0,0,1,0
1e5v,A,250,MET,1.9,162.9,0.0,0,0,X,0.0,0.0,0.0,0.0,0.0,0.0,0.0,0.0,45,0.05035761871267001,29,15,14,0,0,0,0,0,0,0,0,1,0
1e5v,A,251,ALA,1.8,88.6,0.0,0,0,X,0.0,0.0,0.0,0.0,0.0,0.0,0.0,0.0,44,0.04709369898129325,24,12,12,0,0,0,0,0,0,0,0,1,0
1e5v,A,252,HIS,-3.2,153.2,0.1,2,1,X,0.0,0.0,0.0,0.0,0.0,0.0,0.0,0.0,37,0.045694876239274644,16,26,-10,0,0,0,0,0,0,0,0,1,0
1e5v,A,253,THR,-0.7,116.1,0.0,1,1,X,0.0,0.0,0.0,0.0,0.0,0.0,0.0,0.0,35,0.04942507021799094,35,30,5,0,0,0,0,0,0,0,0,1,0
1e5v,A,254,LEU,3.8,166.7,0.0,0,0,X,0.0,0.0,0.0,0.0,0.0,0.0,0.0,0.0,36,0.04989134446533048,31,33,-2,0,0,0,0,0,0,0,0,1,0
1e5v,A,255,VAL,4.2,140.0,0.0,0,0,X,0.0,0.0,0.0,0.0,0.0,0.0,0.0,0.0,24,0.04429605349725603,19,28,-9,0,0,0,0,0,0,0,0,1,0
1e5v,A,256,ALA,1.8,88.6,0.0,0,0,X,0.0,0.0,0.0,0.0,0.0,0.0,0.0,0.0,21,0.028909003335051305,22,23,-1,0,0,0,0,0,0,0,0,1,0
1e5v,A,257,GLU,-3.5,138.4,-1.0,1,3,X,0.0,0.0,0.0,0.0,0.0,0.0,0.0,0.0,18,0.027510180593032695,31,12,19,0,0,0,0,0,0,0,0,1,0
1e5v,A,258,ASP,-3.5,111.1,-1.0,1,3,X,0.0,0.0,0.0,0.0,0.0,0.0,0.0,0.0,13,0.029375277582390842,9,16,-7,0,0,0,0,0,0,0,0,1,0
1e5v,A,259,LEU,3.8,166.7,0.0,0,0,X,0.0,0.0,0.0,0.0,0.0,0.0,0.0,0.0,21,0.034970568550465285,20,34,-14,0,0,0,0,0,0,0,0,1,0
1e5v,A,260,TYR,-1.3,193.6,0.0,1,1,X,0.0,0.0,0.0,0.0,0.0,0.0,0.0,0.0,28,0.04429605349725603,13,34,-21,0,0,0,0,0,0,0,0,1,0
1e5v,A,261,ASP,-3.5,111.1,-1.0,1,3,X,0.0,0.0,0.0,0.0,0.0,0.0,0.0,0.0,25,0.03963331102386066,13,19,-6,0,0,0,0,0,0,0,0,1,0
1e5v,A,262,LYS,-3.9,168.6,1.0,2,0,X,0.0,0.0,0.0,0.0,0.0,0.0,0.0,0.0,19,0.03170664881908853,0,27,-27,0,0,0,0,0,0,0,0,1,0
1e5v,A,263,ASP,-3.5,111.1,-1.0,1,3,X,0.0,0.0,0.0,0.0,0.0,0.0,0.0,0.0,14,0.027510180593032695,13,8,5,0,0,0,0,0,0,0,0,1,0
1e5v,A,264,PHE,2.8,189.9,0.0,0,0,X,0.0,0.0,0.0,0.0,0.0,0.0,0.0,0.0,30,0.043363505002576956,17,18,-1,0,0,0,0,0,0,0,0,1,0
1e5v,A,265,ILE,4.5,166.7,0.0,0,0,X,0.0,0.0,0.0,0.0,0.0,0.0,0.0,0.0,29,0.04709369898129325,8,21,-13,0,0,0,0,0,0,0,0,1,0
1e5v,A,266,ALA,1.8,88.6,0.0,0,0,X,0.0,0.0,0.0,0.0,0.0,0.0,0.0,0.0,18,0.030307826077069916,7,20,-13,0,0,0,0,0,0,0,0,1,0
1e5v,A,267,ASN,-3.5,114.1,0.0,2,2,X,0.0,0.0,0.0,0.0,0.0,0.0,0.0,0.0,16,0.03170664881908853,13,15,-2,0,0,0,0,0,0,0,0,1,0
1e5v,A,268,TYR,-1.3,193.6,0.0,1,1,X,0.0,0.0,0.0,0.0,0.0,0.0,0.0,0.0,29,0.043363505002576956,13,24,-11,0,0,0,0,0,0,0,0,1,0
1e5v,A,269,THR,-0.7,116.1,0.0,1,1,X,0.0,0.0,0.0,0.0,0.0,0.0,0.0,0.0,33,0.04616115048661418,3,20,-17,0,0,0,0,0,0,0,0,1,0
1e5v,A,270,SER,-0.8,89.0,0.0,1,1,X,0.0,0.0,0.0,0.0,0.0,0.0,0.0,0.0,31,0.03916703677652112,17,17,0,0,0,0,0,0,0,0,0,1,0
1e5v,A,271,GLY,-0.4,60.1,0.0,0,0,X,0.0,0.0,0.0,0.0,0.0,0.0,0.0,0.0,25,0.040565859518539735,25,17,8,0,0,0,0,0,0,0,0,1,0
1e5v,A,272,PHE,2.8,189.9,0.0,0,0,X,0.0,0.0,0.0,0.0,0.0,0.0,0.0,0.0,30,0.04289723075523742,17,17,0,0,0,0,0,0,0,0,0,1,0
1e5v,A,273,ASP,-3.5,111.1,-1.0,1,3,X,0.0,0.0,0.0,0.0,0.0,0.0,0.0,0.0,17,0.027043906345693154,15,1,14,0,0,0,0,0,0,0,0,1,0
1e5v,A,274,LYS,-3.9,168.6,1.0,2,0,X,0.0,0.0,0.0,0.0,0.0,0.0,0.0,0.0,18,0.035436842797804825,17,14,3,0,0,0,0,0,0,0,0,1,0
1e5v,A,275,PHE,2.8,189.9,0.0,0,0,X,0.0,0.0,0.0,0.0,0.0,0.0,0.0,0.0,35,0.04989134446533048,25,17,8,0,0,0,0,0,0,0,0,1,0
1e5v,A,276,LEU,3.8,166.7,0.0,0,0,X,0.0,0.0,0.0,0.0,0.0,0.0,0.0,0.0,24,0.03963331102386066,24,24,0,0,0,0,0,0,0,0,0,1,0
1e5v,A,277,PRO,-1.6,112.7,0.0,0,0,X,0.0,0.0,0.0,0.0,0.0,0.0,0.0,0.0,21,0.03683566553982344,19,32,-13,0,0,0,0,0,0,0,0,1,0
1e5v,A,278,TYR,-1.3,193.6,0.0,1,1,X,0.0,0.0,0.0,0.0,0.0,0.0,0.0,0.0,33,0.048026247475972325,28,25,3,0,0,0,0,0,0,0,0,1,0
1e5v,A,279,LEU,3.8,166.7,0.0,0,0,X,0.0,0.0,0.0,0.0,0.0,0.0,0.0,0.0,38,0.05222271570202816,27,22,5,0,0,0,0,0,0,0,0,1,0
1e5v,A,280,ASP,-3.5,111.1,-1.0,1,3,X,0.0,0.0,0.0,0.0,0.0,0.0,0.0,0.0,23,0.04243095650789788,21,17,4,0,0,0,0,0,0,0,0,1,0
1e5v,A,281,GLY,-0.4,60.1,0.0,0,0,X,0.0,0.0,0.0,0.0,0.0,0.0,0.0,0.0,15,0.04149840801321881,14,25,-11,0,0,0,0,0,0,0,0,1,0
1e5v,A,282,GLU,-3.5,138.4,-1.0,1,3,X,0.0,0.0,0.0,0.0,0.0,0.0,0.0,0.0,15,0.032172923066428064,4,17,-13,0,0,0,0,0,0,0,0,1,0
1e5v,A,283,THR,-0.7,116.1,0.0,1,1,X,0.0,0.0,0.0,0.0,0.0,0.0,0.0,0.0,16,0.025178809356335007,11,23,-12,0,0,0,0,0,0,0,0,1,0
1e5v,A,284,ASP,-3.5,111.1,-1.0,1,3,X,0.0,0.0,0.0,0.0,0.0,0.0,0.0,0.0,16,0.024246260861655933,9,13,-4,0,0,0,0,0,0,0,0,1,0
1e5v,A,285,SER,-0.8,89.0,0.0,1,1,X,0.0,0.0,0.0,0.0,0.0,0.0,0.0,0.0,12,0.02331371236697686,6,20,-14,0,0,0,0,0,0,0,0,1,0
1e5v,A,286,THR,-0.7,116.1,0.0,1,1,X,0.0,0.0,0.0,0.0,0.0,0.0,0.0,0.0,18,0.032172923066428064,13,19,-6,0,0,0,0,0,0,0,0,1,0
1e5v,A,287,PRO,-1.6,112.7,0.0,0,0,X,0.0,0.0,0.0,0.0,0.0,0.0,0.0,0.0,21,0.03963331102386066,19,32,-13,0,0,0,0,0,0,0,0,1,0
1e5v,A,288,LYS,-3.9,168.6,1.0,2,0,X,0.0,0.0,0.0,0.0,0.0,0.0,0.0,0.0,35,0.05129016720734909,11,25,-14,0,0,0,0,0,0,0,0,1,0
1e5v,A,289,THR,-0.7,116.1,0.0,1,1,X,0.0,0.0,0.0,0.0,0.0,0.0,0.0,0.0,30,0.04429605349725603,26,22,4,0,0,0,0,0,0,0,0,1,0
1e5v,A,290,ALA,1.8,88.6,0.0,0,0,X,0.0,0.0,0.0,0.0,0.0,0.0,0.0,0.0,34,0.05129016720734909,27,29,-2,0,0,0,0,0,0,0,0,1,0
1e5v,A,291,GLU,-3.5,138.4,-1.0,1,3,X,0.0,0.0,0.0,0.0,0.0,0.0,0.0,0.0,22,0.032639197313767604,18,17,1,0,0,0,0,0,0,0,0,1,0
1e5v,A,292,TRP,-0.9,227.8,0.0,1,0,X,0.0,0.0,0.0,0.0,0.0,0.0,0.0,0.0,31,0.03823448828184205,19,19,0,0,0,0,0,0,0,0,0,1,0
1e5v,A,293,ALA,1.8,88.6,0.0,0,0,X,0.0,0.0,0.0,0.0,0.0,0.0,0.0,0.0,34,0.053621538444046775,19,23,-4,0,0,0,0,0,0,0,0,1,0
1e5v,A,294,GLU,-3.5,138.4,-1.0,1,3,X,0.0,0.0,0.0,0.0,0.0,0.0,0.0,0.0,21,0.04289723075523742,7,13,-6,0,0,0,0,0,0,0,0,1,0
1e5v,A,295,GLY,-0.4,60.1,0.0,0,0,X,0.0,0.0,0.0,0.0,0.0,0.0,0.0,0.0,24,0.02797645484037223,12,22,-10,0,0,0,0,0,0,0,0,1,0
1e5v,A,296,ILE,4.5,166.7,0.0,0,0,X,0.0,0.0,0.0,0.0,0.0,0.0,0.0,0.0,31,0.04196468226055834,20,30,-10,0,0,0,0,0,0,0,0,1,0
1e5v,A,297,SER,-0.8,89.0,0.0,1,1,X,0.0,0.0,0.0,0.0,0.0,0.0,0.0,0.0,31,0.04755997322863279,15,27,-12,0,0,0,0,0,0,0,0,1,0
1e5v,A,298,GLY,-0.4,60.1,0.0,0,0,X,0.0,0.0,0.0,0.0,0.0,0.0,0.0,0.0,27,0.03310547156110714,11,16,-5,0,0,0,0,0,0,0,0,1,0
1e5v,A,299,VAL,4.2,140.0,0.0,0,0,X,0.0,0.0,0.0,0.0,0.0,0.0,0.0,0.0,30,0.040565859518539735,12,22,-10,0,0,0,0,0,0,0,0,1,0
1e5v,A,300,PRO,-1.6,112.7,0.0,0,0,X,0.0,0.0,0.0,0.0,0.0,0.0,0.0,0.0,22,0.02984155182973038,9,34,-25,0,0,0,0,0,0,0,0,1,0
1e5v,A,301,ALA,1.8,88.6,0.0,0,0,X,0.0,0.0,0.0,0.0,0.0,0.0,0.0,0.0,24,0.04149840801321881,12,36,-24,0,0,0,0,0,0,0,0,1,0
1e5v,A,302,GLU,-3.5,138.4,-1.0,1,3,X,0.0,0.0,0.0,0.0,0.0,0.0,0.0,0.0,15,0.032172923066428064,17,24,-7,0,0,0,0,0,0,0,0,1,0
1e5v,A,303,THR,-0.7,116.1,0.0,1,1,X,0.0,0.0,0.0,0.0,0.0,0.0,0.0,0.0,27,0.034970568550465285,19,31,-12,0,0,0,0,0,0,0,0,1,0
1e5v,A,304,ILE,4.5,166.7,0.0,0,0,X,0.0,0.0,0.0,0.0,0.0,0.0,0.0,0.0,40,0.048492521723311866,25,39,-14,0,0,0,0,0,0,0,0,1,0
1e5v,A,305,LYS,-3.9,168.6,1.0,2,0,X,0.0,0.0,0.0,0.0,0.0,0.0,0.0,0.0,28,0.04755997322863279,20,35,-15,0,0,0,0,0,0,0,0,1,0
1e5v,A,306,GLU,-3.5,138.4,-1.0,1,3,X,0.0,0.0,0.0,0.0,0.0,0.0,0.0,0.0,21,0.03776821403450251,21,16,5,0,0,0,0,0,0,0,0,1,0
1e5v,A,307,LEU,3.8,166.7,0.0,0,0,X,0.0,0.0,0.0,0.0,0.0,0.0,0.0,0.0,35,0.03963331102386066,21,25,-4,0,0,0,0,0,0,0,0,1,0
1e5v,A,308,ALA,1.8,88.6,0.0,0,0,X,0.0,0.0,0.0,0.0,0.0,0.0,0.0,0.0,37,0.048026247475972325,27,25,2,0,0,0,0,0,0,0,0,1,0
1e5v,A,309,ARG,-4.5,173.4,1.0,5,0,X,0.0,0.0,0.0,0.0,0.0,0.0,0.0,0.0,26,0.04103213376587927,11,37,-26,0,0,0,0,0,0,0,0,1,0
1e5v,A,310,LEU,3.8,166.7,0.0,0,0,X,0.0,0.0,0.0,0.0,0.0,0.0,0.0,0.0,27,0.03590311704514436,34,28,6,0,0,0,0,0,0,0,0,1,0
1e5v,A,311,PHE,2.8,189.9,0.0,0,0,X,0.0,0.0,0.0,0.0,0.0,0.0,0.0,0.0,36,0.04616115048661418,28,17,11,0,0,0,0,0,0,0,0,1,0
1e5v,A,312,GLU,-3.5,138.4,-1.0,1,3,X,0.0,0.0,0.0,0.0,0.0,0.0,0.0,0.0,28,0.040565859518539735,23,12,11,0,0,0,0,0,0,0,0,1,0
1e5v,A,313,SER,-0.8,89.0,0.0,1,1,X,0.0,0.0,0.0,0.0,0.0,0.0,0.0,0.0,16,0.02797645484037223,25,20,5,0,0,0,0,0,0,0,0,1,0
1e5v,A,314,LYS,-3.9,168.6,1.0,2,0,X,0.0,0.0,0.0,0.0,0.0,0.0,0.0,0.0,23,0.03590311704514436,23,19,4,0,0,0,0,0,0,0,0,1,0
1e5v,A,315,ARG,-4.5,173.4,1.0,5,0,X,0.0,0.0,0.0,0.0,0.0,0.0,0.0,0.0,28,0.04289723075523742,11,16,-5,0,0,0,0,0,0,0,0,1,0
1e5v,A,316,THR,-0.7,116.1,0.0,1,1,X,0.0,0.0,0.0,0.0,0.0,0.0,0.0,0.0,36,0.05408781269138631,27,18,9,0,0,0,0,0,0,0,0,1,0
1e5v,A,317,MET,1.9,162.9,0.0,0,0,X,0.0,0.0,0.0,0.0,0.0,0.0,0.0,0.0,41,0.04709369898129325,11,5,6,0,0,0,0,0,0,0,0,1,0
1e5v,A,318,LEU,3.8,166.7,0.0,0,0,X,0.0,0.0,0.0,0.0,0.0,0.0,0.0,0.0,41,0.048026247475972325,6,0,6,0,0,0,0,0,0,0,0,1,0
1e5v,A,319,ALA,1.8,88.6,0.0,0,0,X,0.0,0.0,0.0,0.0,0.0,0.0,0.0,0.0,39,0.05222271570202816,13,3,10,0,0,0,0,0,0,0,0,1,0
1e5v,A,320,ALA,1.8,88.6,0.0,0,0,X,0.0,0.0,0.0,0.0,0.0,0.0,0.0,0.0,38,0.050823892960009553,20,7,13,0,0,0,0,0,0,0,0,1,0
1e5v,A,321,GLY,-0.4,60.1,0.0,0,0,X,0.0,0.0,0.0,0.0,0.0,0.0,0.0,0.0,36,0.048026247475972325,26,11,15,0,0,0,0,0,0,0,0,1,1
1e5v,A,322,TRP,-0.9,227.8,0.0,1,0,X,0.0,0.0,0.0,0.0,0.0,0.0,0.0,0.0,36,0.04476232774459557,34,8,26,0,0,0,0,0,0,0,0,1,1
1e5v,A,323,SER,-0.8,89.0,0.0,1,1,X,0.0,0.0,0.0,0.0,0.0,0.0,0.0,0.0,39,0.040099585271200194,35,11,24,0,0,0,0,0,0,0,0,1,1
1e5v,A,324,MET,1.9,162.9,0.0,0,0,X,0.0,0.0,0.0,0.0,0.0,0.0,0.0,0.0,40,0.045694876239274644,30,14,16,0,0,0,0,0,0,0,0,1,0
1e5v,A,325,GLN,-3.5,143.8,0.0,2,2,X,0.0,0.0,0.0,0.0,0.0,0.0,0.0,0.0,41,0.05175644145468863,31,13,18,0,0,0,0,0,0,0,0,1,0
1e5v,A,326,ARG,-4.5,173.4,1.0,5,0,X,0.0,0.0,0.0,0.0,0.0,0.0,0.0,0.0,40,0.05129016720734909,18,10,8,0,0,0,0,0,0,0,0,1,1
1e5v,A,327,MET,1.9,162.9,0.0,0,0,X,0.0,0.0,0.0,0.0,0.0,0.0,0.0,0.0,43,0.05129016720734909,39,15,24,0,0,0,0,0,0,0,0,1,1
1e5v,A,328,HIS,-3.2,153.2,0.1,2,1,X,0.0,0.0,0.0,0.0,0.0,0.0,0.0,0.0,34,0.04942507021799094,20,30,-10,0,0,0,0,0,0,0,0,1,0
1e5v,A,329,HIS,-3.2,153.2,0.1,2,1,X,0.0,0.0,0.0,0.0,0.0,0.0,0.0,0.0,35,0.04709369898129325,15,30,-15,0,0,0,0,0,0,0,0,1,0
1e5v,A,330,GLY,-0.4,60.1,0.0,0,0,X,0.0,0.0,0.0,0.0,0.0,0.0,0.0,0.0,44,0.04989134446533048,37,13,24,0,0,0,0,0,0,0,0,1,0
1e5v,A,331,GLU,-3.5,138.4,-1.0,1,3,X,0.0,0.0,0.0,0.0,0.0,0.0,0.0,0.0,43,0.053155264196707235,41,8,33,0,0,0,0,0,0,0,0,1,0
1e5v,A,332,GLN,-3.5,143.8,0.0,2,2,X,0.0,0.0,0.0,0.0,0.0,0.0,0.0,0.0,41,0.04709369898129325,31,15,16,0,0,0,0,0,0,0,0,1,0
1e5v,A,333,ALA,1.8,88.6,0.0,0,0,X,0.0,0.0,0.0,0.0,0.0,0.0,0.0,0.0,39,0.043829779249916496,20,16,4,0,0,0,0,0,0,0,0,1,0
1e5v,A,334,HIS,-3.2,153.2,0.1,2,1,X,0.0,0.0,0.0,0.0,0.0,0.0,0.0,0.0,44,0.04429605349725603,4,15,-11,0,0,0,0,0,0,0,0,1,0
1e5v,A,335,TRP,-0.9,227.8,0.0,1,0,X,0.0,0.0,0.0,0.0,0.0,0.0,0.0,0.0,40,0.048492521723311866,27,15,12,0,0,0,0,0,0,0,0,1,0
1e5v,A,336,MET,1.9,162.9,0.0,0,0,X,0.0,0.0,0.0,0.0,0.0,0.0,0.0,0.0,39,0.05129016720734909,17,9,8,0,0,0,0,0,0,0,0,1,0
1e5v,A,337,LEU,3.8,166.7,0.0,0,0,X,0.0,0.0,0.0,0.0,0.0,0.0,0.0,0.0,38,0.048026247475972325,10,9,1,0,0,0,0,0,0,0,0,1,0
1e5v,A,338,VAL,4.2,140.0,0.0,0,0,X,0.0,0.0,0.0,0.0,0.0,0.0,0.0,0.0,37,0.04476232774459557,9,11,-2,0,0,0,0,0,0,0,0,1,0
1e5v,A,339,THR,-0.7,116.1,0.0,1,1,X,0.0,0.0,0.0,0.0,0.0,0.0,0.0,0.0,41,0.045694876239274644,10,5,5,0,0,0,0,0,0,0,0,1,0
1e5v,A,340,LEU,3.8,166.7,0.0,0,0,X,0.0,0.0,0.0,0.0,0.0,0.0,0.0,0.0,41,0.045228601991935104,5,9,-4,0,0,0,0,0,0,0,0,1,0
1e5v,A,341,ALA,1.8,88.6,0.0,0,0,X,0.0,0.0,0.0,0.0,0.0,0.0,0.0,0.0,37,0.04662742473395372,3,12,-9,0,0,0,0,0,0,0,0,1,0
1e5v,A,342,SER,-0.8,89.0,0.0,1,1,X,0.0,0.0,0.0,0.0,0.0,0.0,0.0,0.0,40,0.048958795970651406,8,18,-10,0,0,0,0,0,0,0,0,1,0
1e5v,A,343,MET,1.9,162.9,0.0,0,0,X,0.0,0.0,0.0,0.0,0.0,0.0,0.0,0.0,38,0.05129016720734909,12,20,-8,0,0,0,0,0,0,0,0,1,0
1e5v,A,344,LEU,3.8,166.7,0.0,0,0,X,0.0,0.0,0.0,0.0,0.0,0.0,0.0,0.0,37,0.04662742473395372,18,17,1,0,0,0,0,0,0,0,0,1,0
1e5v,A,345,GLY,-0.4,60.1,0.0,0,0,X,0.0,0.0,0.0,0.0,0.0,0.0,0.0,0.0,35,0.04476232774459557,21,23,-2,0,0,0,0,0,0,0,0,1,0
1e5v,A,346,GLN,-3.5,143.8,0.0,2,2,X,0.0,0.0,0.0,0.0,0.0,0.0,0.0,0.0,31,0.045228601991935104,24,18,6,0,0,0,0,0,0,0,0,1,0
1e5v,A,347,ILE,4.5,166.7,0.0,0,0,X,0.0,0.0,0.0,0.0,0.0,0.0,0.0,0.0,40,0.04709369898129325,21,7,14,0,0,0,0,0,0,0,0,1,0
1e5v,A,348,GLY,-0.4,60.1,0.0,0,0,X,0.0,0.0,0.0,0.0,0.0,0.0,0.0,0.0,28,0.04616115048661418,25,7,18,0,0,0,0,0,0,0,0,1,0
1e5v,A,349,LEU,3.8,166.7,0.0,0,0,X,0.0,0.0,0.0,0.0,0.0,0.0,0.0,0.0,30,0.03823448828184205,29,3,26,0,0,0,0,0,0,0,0,1,0
1e5v,A,350,PRO,-1.6,112.7,0.0,0,0,X,0.0,0.0,0.0,0.0,0.0,0.0,0.0,0.0,28,0.03776821403450251,23,10,13,0,0,0,0,0,0,0,0,1,0
1e5v,A,351,GLY,-0.4,60.1,0.0,0,0,X,0.0,0.0,0.0,0.0,0.0,0.0,0.0,0.0,36,0.04989134446533048,19,13,6,0,0,0,0,0,0,0,0,1,0
1e5v,A,352,GLY,-0.4,60.1,0.0,0,0,X,0.0,0.0,0.0,0.0,0.0,0.0,0.0,0.0,37,0.048026247475972325,25,2,23,0,0,0,0,0,0,0,0,1,0
1e5v,A,353,GLY,-0.4,60.1,0.0,0,0,X,0.0,0.0,0.0,0.0,0.0,0.0,0.0,0.0,41,0.04662742473395372,22,2,20,0,0,0,0,0,0,0,0,1,0
1e5v,A,354,PHE,2.8,189.9,0.0,0,0,X,0.0,0.0,0.0,0.0,0.0,0.0,0.0,0.0,39,0.043829779249916496,18,8,10,0,0,0,0,0,0,0,0,1,0
1e5v,A,355,GLY,-0.4,60.1,0.0,0,0,X,0.0,0.0,0.0,0.0,0.0,0.0,0.0,0.0,41,0.04662742473395372,28,13,15,0,0,0,0,0,0,0,0,1,0
1e5v,A,356,LEU,3.8,166.7,0.0,0,0,X,0.0,0.0,0.0,0.0,0.0,0.0,0.0,0.0,42,0.05175644145468863,26,17,9,0,0,0,0,0,0,0,0,1,0
1e5v,A,357,SER,-0.8,89.0,0.0,1,1,X,0.0,0.0,0.0,0.0,0.0,0.0,0.0,0.0,38,0.05595290968074446,18,15,3,0,0,0,0,0,0,0,0,1,0
1e5v,A,358,TYR,-1.3,193.6,0.0,1,1,X,0.0,0.0,0.0,0.0,0.0,0.0,0.0,0.0,43,0.05175644145468863,14,4,10,0,0,0,0,0,0,0,0,1,0
1e5v,A,359,HIS,-3.2,153.2,0.1,2,1,X,0.0,0.0,0.0,0.0,0.0,0.0,0.0,0.0,40,0.05035761871267001,16,8,8,0,0,0,0,0,0,0,0,1,1
1e5v,A,360,TYR,-1.3,193.6,0.0,1,1,X,0.0,0.0,0.0,0.0,0.0,0.0,0.0,0.0,37,0.043829779249916496,15,15,0,0,0,0,0,0,0,0,0,1,0
1e5v,A,361,SER,-0.8,89.0,0.0,1,1,X,0.0,0.0,0.0,0.0,0.0,0.0,0.0,0.0,39,0.05175644145468863,22,20,2,0,0,0,0,0,0,0,0,1,0
1e5v,A,362,GLY,-0.4,60.1,0.0,0,0,X,0.0,0.0,0.0,0.0,0.0,0.0,0.0,0.0,44,0.056419183928083996,18,19,-1,0,0,0,0,0,0,0,0,1,0
1e5v,A,363,GLY,-0.4,60.1,0.0,0,0,X,0.0,0.0,0.0,0.0,0.0,0.0,0.0,0.0,44,0.05548663543340492,15,20,-5,0,0,0,0,0,0,0,0,1,0
1e5v,A,364,GLY,-0.4,60.1,0.0,0,0,X,0.0,0.0,0.0,0.0,0.0,0.0,0.0,0.0,41,0.056419183928083996,7,11,-4,0,0,0,0,0,0,0,0,1,0
1e5v,A,365,THR,-0.7,116.1,0.0,1,1,X,0.0,0.0,0.0,0.0,0.0,0.0,0.0,0.0,36,0.04709369898129325,5,15,-10,0,0,0,0,0,0,0,0,1,0
1e5v,A,366,PRO,-1.6,112.7,0.0,0,0,X,0.0,0.0,0.0,0.0,0.0,0.0,0.0,0.0,33,0.04243095650789788,0,16,-16,0,0,0,0,0,0,0,0,1,0
1e5v,A,367,SER,-0.8,89.0,0.0,1,1,X,0.0,0.0,0.0,0.0,0.0,0.0,0.0,0.0,32,0.03963331102386066,0,18,-18,0,0,0,0,0,0,0,0,1,0
1e5v,A,368,THR,-0.7,116.1,0.0,1,1,X,0.0,0.0,0.0,0.0,0.0,0.0,0.0,0.0,29,0.04243095650789788,0,16,-16,0,0,0,0,0,0,0,0,1,0
1e5v,A,369,SER,-0.8,89.0,0.0,1,1,X,0.0,0.0,0.0,0.0,0.0,0.0,0.0,0.0,25,0.03590311704514436,0,10,-10,0,0,0,0,0,0,0,0,1,0
1e5v,A,370,GLY,-0.4,60.1,0.0,0,0,X,0.0,0.0,0.0,0.0,0.0,0.0,0.0,0.0,33,0.04149840801321881,1,4,-3,0,0,0,0,0,0,0,0,1,0
1e5v,A,371,PRO,-1.6,112.7,0.0,0,0,X,0.0,0.0,0.0,0.0,0.0,0.0,0.0,0.0,32,0.03590311704514436,9,9,0,0,0,0,0,0,0,0,0,1,0
1e5v,A,372,ALA,1.8,88.6,0.0,0,0,X,0.0,0.0,0.0,0.0,0.0,0.0,0.0,0.0,27,0.02471253510899547,5,12,-7,0,0,0,0,0,0,0,0,1,0
1e5v,A,373,LEU,3.8,166.7,0.0,0,0,X,0.0,0.0,0.0,0.0,0.0,0.0,0.0,0.0,34,0.03870076252918159,12,22,-10,0,0,0,0,0,0,0,0,1,0
1e5v,A,374,ALA,1.8,88.6,0.0,0,0,X,0.0,0.0,0.0,0.0,0.0,0.0,0.0,0.0,27,0.028909003335051305,13,21,-8,0,0,0,0,0,0,0,0,1,0
1e5v,A,375,GLY,-0.4,60.1,0.0,0,0,X,0.0,0.0,0.0,0.0,0.0,0.0,0.0,0.0,27,0.03776821403450251,20,15,5,0,0,0,0,0,0,0,0,1,0
1e5v,A,376,ILE,4.5,166.7,0.0,0,0,X,0.0,0.0,0.0,0.0,0.0,0.0,0.0,0.0,30,0.043829779249916496,35,16,19,0,0,0,0,0,0,0,0,1,0
1e5v,A,377,THR,-0.7,116.1,0.0,1,1,X,0.0,0.0,0.0,0.0,0.0,0.0,0.0,0.0,25,0.02797645484037223,28,12,16,0,0,0,0,0,0,0,0,1,0
1e5v,A,378,ASP,-3.5,111.1,-1.0,1,3,X,0.0,0.0,0.0,0.0,0.0,0.0,0.0,0.0,21,0.0363693912924839,22,0,22,0,0,0,0,0,0,0,0,1,0
1e5v,A,379,GLY,-0.4,60.1,0.0,0,0,X,0.0,0.0,0.0,0.0,0.0,0.0,0.0,0.0,22,0.025178809356335007,26,14,12,0,0,0,0,0,0,0,0,1,0
1e5v,A,380,GLY,-0.4,60.1,0.0,0,0,X,0.0,0.0,0.0,0.0,0.0,0.0,0.0,0.0,15,0.016319598656883802,22,8,14,0,0,0,0,0,0,0,0,1,0
1e5v,A,394,ALA,1.8,88.6,0.0,0,0,X,0.0,0.0,0.0,0.0,0.0,0.0,0.0,0.0,27,0.028909003335051305,11,15,-4,0,0,0,0,0,0,0,0,1,0
1e5v,A,395,SER,-0.8,89.0,0.0,1,1,X,0.0,0.0,0.0,0.0,0.0,0.0,0.0,0.0,25,0.02844272908771177,4,10,-6,0,0,0,0,0,0,0,0,1,0
1e5v,A,396,VAL,4.2,140.0,0.0,0,0,X,0.0,0.0,0.0,0.0,0.0,0.0,0.0,0.0,23,0.03357174580844668,6,0,6,0,0,0,0,0,0,0,0,1,0
1e5v,A,397,ILE,4.5,166.7,0.0,0,0,X,0.0,0.0,0.0,0.0,0.0,0.0,0.0,0.0,34,0.04616115048661418,14,7,7,0,0,0,0,0,0,0,0,1,0
1e5v,A,398,PRO,-1.6,112.7,0.0,0,0,X,0.0,0.0,0.0,0.0,0.0,0.0,0.0,0.0,39,0.04196468226055834,13,14,-1,0,0,0,0,0,0,0,0,1,0
1e5v,A,399,VAL,4.2,140.0,0.0,0,0,X,0.0,0.0,0.0,0.0,0.0,0.0,0.0,0.0,35,0.04476232774459557,25,9,16,0,0,0,0,0,0,0,0,1,0
1e5v,A,400,ALA,1.8,88.6,0.0,0,0,X,0.0,0.0,0.0,0.0,0.0,0.0,0.0,0.0,38,0.04989134446533048,30,21,9,0,0,0,0,0,0,0,0,1,0
1e5v,A,401,ARG,-4.5,173.4,1.0,5,0,X,0.0,0.0,0.0,0.0,0.0,0.0,0.0,0.0,34,0.04989134446533048,11,22,-11,0,0,0,0,0,0,0,0,1,0
1e5v,A,402,VAL,4.2,140.0,0.0,0,0,X,0.0,0.0,0.0,0.0,0.0,0.0,0.0,0.0,35,0.04709369898129325,29,22,7,0,0,0,0,0,0,0,0,1,0
1e5v,A,403,VAL,4.2,140.0,0.0,0,0,X,0.0,0.0,0.0,0.0,0.0,0.0,0.0,0.0,34,0.048958795970651406,46,34,12,0,0,0,0,0,0,0,0,1,0
1e5v,A,404,ASP,-3.5,111.1,-1.0,1,3,X,0.0,0.0,0.0,0.0,0.0,0.0,0.0,0.0,26,0.04289723075523742,25,20,5,0,0,0,0,0,0,0,0,1,0
1e5v,A,405,MET,1.9,162.9,0.0,0,0,X,0.0,0.0,0.0,0.0,0.0,0.0,0.0,0.0,37,0.05129016720734909,29,28,1,0,0,0,0,0,0,0,0,1,0
1e5v,A,406,LEU,3.8,166.7,0.0,0,0,X,0.0,0.0,0.0,0.0,0.0,0.0,0.0,0.0,33,0.048492521723311866,37,33,4,0,0,0,0,0,0,0,0,1,0
1e5v,A,407,GLU,-3.5,138.4,-1.0,1,3,X,0.0,0.0,0.0,0.0,0.0,0.0,0.0,0.0,20,0.03310547156110714,31,14,17,0,0,0,0,0,0,0,0,1,0
1e5v,A,408,ASN,-3.5,114.1,0.0,2,2,X,0.0,0.0,0.0,0.0,0.0,0.0,0.0,0.0,20,0.032639197313767604,18,28,-10,0,0,0,0,0,0,0,0,1,0
1e5v,A,409,PRO,-1.6,112.7,0.0,0,0,X,0.0,0.0,0.0,0.0,0.0,0.0,0.0,0.0,19,0.03823448828184205,18,25,-7,0,0,0,0,0,0,0,0,1,0
1e5v,A,410,GLY,-0.4,60.1,0.0,0,0,X,0.0,0.0,0.0,0.0,0.0,0.0,0.0,0.0,18,0.02797645484037223,12,23,-11,0,0,0,0,0,0,0,0,1,0
1e5v,A,411,ALA,1.8,88.6,0.0,0,0,X,0.0,0.0,0.0,0.0,0.0,0.0,0.0,0.0,18,0.030307826077069916,19,23,-4,0,0,0,0,0,0,0,0,1,0
1e5v,A,412,GLU,-3.5,138.4,-1.0,1,3,X,0.0,0.0,0.0,0.0,0.0,0.0,0.0,0.0,15,0.03590311704514436,20,8,12,0,0,0,0,0,0,0,0,1,0
1e5v,A,413,PHE,2.8,189.9,0.0,0,0,X,0.0,0.0,0.0,0.0,0.0,0.0,0.0,0.0,28,0.03963331102386066,36,23,13,0,0,0,0,0,0,0,0,1,0
1e5v,A,414,ASP,-3.5,111.1,-1.0,1,3,X,0.0,0.0,0.0,0.0,0.0,0.0,0.0,0.0,23,0.043829779249916496,25,14,11,0,0,0,0,0,0,0,0,1,0
1e5v,A,415,PHE,2.8,189.9,0.0,0,0,X,0.0,0.0,0.0,0.0,0.0,0.0,0.0,0.0,30,0.04755997322863279,21,9,12,0,0,0,0,0,0,0,0,1,0
1e5v,A,416,ASN,-3.5,114.1,0.0,2,2,X,0.0,0.0,0.0,0.0,0.0,0.0,0.0,0.0,26,0.03730193978716297,16,10,6,0,0,0,0,0,0,0,0,1,0
1e5v,A,417,GLY,-0.4,60.1,0.0,0,0,X,0.0,0.0,0.0,0.0,0.0,0.0,0.0,0.0,19,0.03310547156110714,26,8,18,0,0,0,0,0,0,0,0,1,0
1e5v,A,418,THR,-0.7,116.1,0.0,1,1,X,0.0,0.0,0.0,0.0,0.0,0.0,0.0,0.0,17,0.027510180593032695,17,15,2,0,0,0,0,0,0,0,0,1,0
1e5v,A,419,ARG,-4.5,173.4,1.0,5,0,X,0.0,0.0,0.0,0.0,0.0,0.0,0.0,0.0,17,0.03310547156110714,15,17,-2,0,0,0,0,0,0,0,0,1,0
1e5v,A,420,SER,-0.8,89.0,0.0,1,1,X,0.0,0.0,0.0,0.0,0.0,0.0,0.0,0.0,21,0.03357174580844668,20,17,3,0,0,0,0,0,0,0,0,1,0
1e5v,A,421,LYS,-3.9,168.6,1.0,2,0,X,0.0,0.0,0.0,0.0,0.0,0.0,0.0,0.0,17,0.03683566553982344,11,14,-3,0,0,0,0,0,0,0,0,1,0
1e5v,A,422,PHE,2.8,189.9,0.0,0,0,X,0.0,0.0,0.0,0.0,0.0,0.0,0.0,0.0,30,0.04662742473395372,21,33,-12,0,0,0,0,0,0,0,0,1,0
1e5v,A,423,PRO,-1.6,112.7,0.0,0,0,X,0.0,0.0,0.0,0.0,0.0,0.0,0.0,0.0,34,0.040565859518539735,17,23,-6,0,0,0,0,0,0,0,0,1,0
1e5v,A,424,ASP,-3.5,111.1,-1.0,1,3,X,0.0,0.0,0.0,0.0,0.0,0.0,0.0,0.0,27,0.03730193978716297,20,16,4,0,0,0,0,0,0,0,0,1,0
1e5v,A,425,VAL,4.2,140.0,0.0,0,0,X,0.0,0.0,0.0,0.0,0.0,0.0,0.0,0.0,36,0.04942507021799094,18,29,-11,0,0,0,0,0,0,0,0,1,0
1e5v,A,426,LYS,-3.9,168.6,1.0,2,0,X,0.0,0.0,0.0,0.0,0.0,0.0,0.0,0.0,32,0.045694876239274644,23,28,-5,0,0,0,0,0,0,0,0,1,0
1e5v,A,427,MET,1.9,162.9,0.0,0,0,X,0.0,0.0,0.0,0.0,0.0,0.0,0.0,0.0,43,0.04616115048661418,26,34,-8,0,0,0,0,0,0,0,0,1,0
1e5v,A,428,ALA,1.8,88.6,0.0,0,0,X,0.0,0.0,0.0,0.0,0.0,0.0,0.0,0.0,40,0.05175644145468863,15,17,-2,0,0,0,0,0,0,0,0,1,0
1e5v,A,429,TYR,-1.3,193.6,0.0,1,1,X,0.0,0.0,0.0,0.0,0.0,0.0,0.0,0.0,36,0.050823892960009553,15,7,8,0,0,0,0,0,0,0,0,1,0
1e5v,A,430,TRP,-0.9,227.8,0.0,1,0,X,0.0,0.0,0.0,0.0,0.0,0.0,0.0,0.0,40,0.0526889899493677,17,4,13,0,0,0,0,0,0,0,0,1,0
1e5v,A,431,VAL,4.2,140.0,0.0,0,0,X,0.0,0.0,0.0,0.0,0.0,0.0,0.0,0.0,39,0.04942507021799094,27,16,11,0,0,0,0,0,0,0,0,1,0
1e5v,A,432,GLY,-0.4,60.1,0.0,0,0,X,0.0,0.0,0.0,0.0,0.0,0.0,0.0,0.0,40,0.04196468226055834,32,12,20,0,0,0,0,0,0,0,0,1,1
1e5v,A,433,GLY,-0.4,60.1,0.0,0,0,X,0.0,0.0,0.0,0.0,0.0,0.0,0.0,0.0,38,0.045228601991935104,28,9,19,0,0,0,0,0,0,0,0,1,1
1e5v,A,434,ASN,-3.5,114.1,0.0,2,2,X,0.0,0.0,0.0,0.0,0.0,0.0,0.0,0.0,40,0.045694876239274644,38,11,27,0,0,0,0,0,0,0,0,1,1
1e5v,A,435,PRO,-1.6,112.7,0.0,0,0,X,0.0,0.0,0.0,0.0,0.0,0.0,0.0,0.0,36,0.04942507021799094,36,4,32,0,0,0,0,0,0,0,0,1,0
1e5v,A,436,PHE,2.8,189.9,0.0,0,0,X,0.0,0.0,0.0,0.0,0.0,0.0,0.0,0.0,39,0.05502036118606539,55,8,47,0,0,0,0,0,0,0,0,1,0
1e5v,A,437,VAL,4.2,140.0,0.0,0,0,X,0.0,0.0,0.0,0.0,0.0,0.0,0.0,0.0,38,0.05595290968074446,43,23,20,0,0,0,0,0,0,0,0,1,0
1e5v,A,438,HIS,-3.2,153.2,0.1,2,1,X,0.0,0.0,0.0,0.0,0.0,0.0,0.0,0.0,37,0.04662742473395372,25,12,13,0,0,0,0,0,0,0,0,1,1
1e5v,A,439,HIS,-3.2,153.2,0.1,2,1,X,0.0,0.0,0.0,0.0,0.0,0.0,0.0,0.0,35,0.048026247475972325,40,20,20,0,0,0,0,0,0,0,0,1,0
1e5v,A,440,GLN,-3.5,143.8,0.0,2,2,X,0.0,0.0,0.0,0.0,0.0,0.0,0.0,0.0,38,0.0526889899493677,55,22,33,0,0,0,0,0,0,0,0,1,1
1e5v,A,441,ASP,-3.5,111.1,-1.0,1,3,X,0.0,0.0,0.0,0.0,0.0,0.0,0.0,0.0,34,0.05455408693872585,49,19,30,0,0,0,0,0,0,0,0,1,0
1e5v,A,442,ARG,-4.5,173.4,1.0,5,0,X,0.0,0.0,0.0,0.0,0.0,0.0,0.0,0.0,38,0.0526889899493677,37,28,9,0,0,0,0,0,0,0,0,1,0
1e5v,A,443,ASN,-3.5,114.1,0.0,2,2,X,0.0,0.0,0.0,0.0,0.0,0.0,0.0,0.0,36,0.03963331102386066,38,23,15,0,0,0,0,0,0,0,0,1,0
1e5v,A,444,ARG,-4.5,173.4,1.0,5,0,X,0.0,0.0,0.0,0.0,0.0,0.0,0.0,0.0,26,0.03450429430312575,36,33,3,0,0,0,0,0,0,0,0,1,0
1e5v,A,445,MET,1.9,162.9,0.0,0,0,X,0.0,0.0,0.0,0.0,0.0,0.0,0.0,0.0,36,0.050823892960009553,53,27,26,0,0,0,0,0,0,0,0,1,0
1e5v,A,446,VAL,4.2,140.0,0.0,0,0,X,0.0,0.0,0.0,0.0,0.0,0.0,0.0,0.0,36,0.04243095650789788,52,23,29,0,0,0,0,0,0,0,0,1,0
1e5v,A,447,LYS,-3.9,168.6,1.0,2,0,X,0.0,0.0,0.0,0.0,0.0,0.0,0.0,0.0,22,0.030307826077069916,22,19,3,0,0,0,0,0,0,0,0,1,0
1e5v,A,448,ALA,1.8,88.6,0.0,0,0,X,0.0,0.0,0.0,0.0,0.0,0.0,0.0,0.0,26,0.04429605349725603,45,27,18,0,0,0,0,0,0,0,0,1,0
1e5v,A,449,TRP,-0.9,227.8,0.0,1,0,X,0.0,0.0,0.0,0.0,0.0,0.0,0.0,0.0,38,0.045694876239274644,57,21,36,0,0,0,0,0,0,0,0,1,0
1e5v,A,450,GLU,-3.5,138.4,-1.0,1,3,X,0.0,0.0,0.0,0.0,0.0,0.0,0.0,0.0,25,0.03730193978716297,47,18,29,0,0,0,0,0,0,0,0,1,0
1e5v,A,451,LYS,-3.9,168.6,1.0,2,0,X,0.0,0.0,0.0,0.0,0.0,0.0,0.0,0.0,27,0.03590311704514436,22,35,-13,0,0,0,0,0,0,0,0,1,0
1e5v,A,452,LEU,3.8,166.7,0.0,0,0,X,0.0,0.0,0.0,0.0,0.0,0.0,0.0,0.0,37,0.04755997322863279,41,28,13,0,0,0,0,0,0,0,0,1,0
1e5v,A,453,GLU,-3.5,138.4,-1.0,1,3,X,0.0,0.0,0.0,0.0,0.0,0.0,0.0,0.0,28,0.04429605349725603,45,19,26,0,0,0,0,0,0,0,0,1,0
1e5v,A,454,THR,-0.7,116.1,0.0,1,1,X,0.0,0.0,0.0,0.0,0.0,0.0,0.0,0.0,38,0.05129016720734909,39,28,11,0,0,0,0,0,0,0,0,1,0
1e5v,A,455,PHE,2.8,189.9,0.0,0,0,X,0.0,0.0,0.0,0.0,0.0,0.0,0.0,0.0,37,0.050823892960009553,37,15,22,0,0,0,0,0,0,0,0,1,0
1e5v,A,456,VAL,4.2,140.0,0.0,0,0,X,0.0,0.0,0.0,0.0,0.0,0.0,0.0,0.0,41,0.04942507021799094,18,19,-1,0,0,0,0,0,0,0,0,1,0
1e5v,A,457,VAL,4.2,140.0,0.0,0,0,X,0.0,0.0,0.0,0.0,0.0,0.0,0.0,0.0,40,0.05222271570202816,20,17,3,0,0,0,0,0,0,0,0,1,0
1e5v,A,458,HIS,-3.2,153.2,0.1,2,1,X,0.0,0.0,0.0,0.0,0.0,0.0,0.0,0.0,41,0.05035761871267001,6,18,-12,0,0,0,0,0,0,0,0,1,1
1e5v,A,459,ASP,-3.5,111.1,-1.0,1,3,X,0.0,0.0,0.0,0.0,0.0,0.0,0.0,0.0,41,0.04662742473395372,30,6,24,0,0,0,0,0,0,0,0,1,1
1e5v,A,460,PHE,2.8,189.9,0.0,0,0,X,0.0,0.0,0.0,0.0,0.0,0.0,0.0,0.0,42,0.043363505002576956,29,18,11,0,0,0,0,0,0,0,0,1,1
1e5v,A,461,GLN,-3.5,143.8,0.0,2,2,X,0.0,0.0,0.0,0.0,0.0,0.0,0.0,0.0,41,0.045694876239274644,22,10,12,0,0,0,0,0,0,0,0,1,0
1e5v,A,462,TRP,-0.9,227.8,0.0,1,0,X,0.0,0.0,0.0,0.0,0.0,0.0,0.0,0.0,39,0.05129016720734909,32,13,19,0,0,0,0,0,0,0,0,1,0
1e5v,A,463,THR,-0.7,116.1,0.0,1,1,X,0.0,0.0,0.0,0.0,0.0,0.0,0.0,0.0,38,0.04755997322863279,28,9,19,0,0,0,0,0,0,0,0,1,1
1e5v,A,464,PRO,-1.6,112.7,0.0,0,0,X,0.0,0.0,0.0,0.0,0.0,0.0,0.0,0.0,41,0.053155264196707235,32,20,12,0,0,0,0,0,0,0,0,1,0
1e5v,A,465,THR,-0.7,116.1,0.0,1,1,X,0.0,0.0,0.0,0.0,0.0,0.0,0.0,0.0,36,0.048492521723311866,40,8,32,0,0,0,0,0,0,0,0,1,0
1e5v,A,466,ALA,1.8,88.6,0.0,0,0,X,0.0,0.0,0.0,0.0,0.0,0.0,0.0,0.0,38,0.05408781269138631,33,13,20,0,0,0,0,0,0,0,0,1,0
1e5v,A,467,ARG,-4.5,173.4,1.0,5,0,X,0.0,0.0,0.0,0.0,0.0,0.0,0.0,0.0,38,0.048492521723311866,15,11,4,0,0,0,0,0,0,0,0,1,0
1e5v,A,468,HIS,-3.2,153.2,0.1,2,1,X,0.0,0.0,0.0,0.0,0.0,0.0,0.0,0.0,36,0.048492521723311866,38,10,28,0,0,0,0,0,0,0,0,1,0
1e5v,A,469,ALA,1.8,88.6,0.0,0,0,X,0.0,0.0,0.0,0.0,0.0,0.0,0.0,0.0,39,0.0526889899493677,43,14,29,0,0,0,0,0,0,0,0,1,0
1e5v,A,470,ASP,-3.5,111.1,-1.0,1,3,X,0.0,0.0,0.0,0.0,0.0,0.0,0.0,0.0,40,0.05129016720734909,48,23,25,0,0,0,0,0,0,0,0,1,0
1e5v,A,471,ILE,4.5,166.7,0.0,0,0,X,0.0,0.0,0.0,0.0,0.0,0.0,0.0,0.0,42,0.04942507021799094,29,17,12,0,0,0,0,0,0,0,0,1,0
1e5v,A,472,VAL,4.2,140.0,0.0,0,0,X,0.0,0.0,0.0,0.0,0.0,0.0,0.0,0.0,40,0.0526889899493677,34,15,19,0,0,0,0,0,0,0,0,1,0
1e5v,A,473,LEU,3.8,166.7,0.0,0,0,X,0.0,0.0,0.0,0.0,0.0,0.0,0.0,0.0,41,0.04662742473395372,24,22,2,0,0,0,0,0,0,0,0,1,0
1e5v,A,474,PRO,-1.6,112.7,0.0,0,0,X,0.0,0.0,0.0,0.0,0.0,0.0,0.0,0.0,35,0.05548663543340492,37,27,10,0,0,0,0,0,0,0,0,1,0
1e5v,A,475,ALA,1.8,88.6,0.0,0,0,X,0.0,0.0,0.0,0.0,0.0,0.0,0.0,0.0,39,0.053155264196707235,39,35,4,0,0,0,0,0,0,0,0,1,1
1e5v,A,476,THR,-0.7,116.1,0.0,1,1,X,0.0,0.0,0.0,0.0,0.0,0.0,0.0,0.0,37,0.050823892960009553,41,39,2,0,0,0,0,0,0,0,0,1,0
1e5v,A,477,THR,-0.7,116.1,0.0,1,1,X,0.0,0.0,0.0,0.0,0.0,0.0,0.0,0.0,41,0.04103213376587927,36,22,14,0,0,0,0,0,0,0,0,1,0
1e5v,A,478,SER,-0.8,89.0,0.0,1,1,X,0.0,0.0,0.0,0.0,0.0,0.0,0.0,0.0,39,0.048026247475972325,41,21,20,0,0,0,0,0,0,0,0,1,0
1e5v,A,479,TYR,-1.3,193.6,0.0,1,1,X,0.0,0.0,0.0,0.0,0.0,0.0,0.0,0.0,39,0.04755997322863279,28,16,12,0,0,0,0,0,0,0,0,1,0
1e5v,A,480,GLU,-3.5,138.4,-1.0,1,3,X,0.0,0.0,0.0,0.0,0.0,0.0,0.0,0.0,33,0.04942507021799094,39,14,25,0,0,0,0,0,0,0,0,1,0
1e5v,A,481,ARG,-4.5,173.4,1.0,5,0,X,0.0,0.0,0.0,0.0,0.0,0.0,0.0,0.0,38,0.045228601991935104,31,38,-7,0,0,0,0,0,0,0,0,1,1
1e5v,A,482,ASN,-3.5,114.1,0.0,2,2,X,0.0,0.0,0.0,0.0,0.0,0.0,0.0,0.0,34,0.04755997322863279,39,25,14,0,0,0,0,0,0,0,0,1,0
1e5v,A,483,ASP,-3.5,111.1,-1.0,1,3,X,0.0,0.0,0.0,0.0,0.0,0.0,0.0,0.0,39,0.05408781269138631,41,21,20,0,0,0,0,0,0,0,0,1,0
1e5v,A,484,ILE,4.5,166.7,0.0,0,0,X,0.0,0.0,0.0,0.0,0.0,0.0,0.0,0.0,40,0.05129016720734909,27,21,6,0,0,0,0,0,0,0,0,1,0
1e5v,A,485,GLU,-3.5,138.4,-1.0,1,3,X,0.0,0.0,0.0,0.0,0.0,0.0,0.0,0.0,41,0.04942507021799094,20,13,7,0,0,0,0,0,0,0,0,1,0
1e5v,A,486,THR,-0.7,116.1,0.0,1,1,X,0.0,0.0,0.0,0.0,0.0,0.0,0.0,0.0,37,0.048958795970651406,9,23,-14,0,0,0,0,0,0,0,0,1,0
1e5v,A,487,ILE,4.5,166.7,0.0,0,0,X,0.0,0.0,0.0,0.0,0.0,0.0,0.0,0.0,41,0.05129016720734909,2,35,-33,0,0,0,0,0,0,0,0,1,0
1e5v,A,488,GLY,-0.4,60.1,0.0,0,0,X,0.0,0.0,0.0,0.0,0.0,0.0,0.0,0.0,36,0.04989134446533048,3,25,-22,0,0,0,0,0,0,0,0,1,0
1e5v,A,489,ASP,-3.5,111.1,-1.0,1,3,X,0.0,0.0,0.0,0.0,0.0,0.0,0.0,0.0,32,0.04243095650789788,5,17,-12,0,0,0,0,0,0,0,0,1,0
1e5v,A,490,TYR,-1.3,193.6,0.0,1,1,X,0.0,0.0,0.0,0.0,0.0,0.0,0.0,0.0,37,0.043363505002576956,3,22,-19,0,0,0,0,0,0,0,0,1,0
1e5v,A,491,SER,-0.8,89.0,0.0,1,1,X,0.0,0.0,0.0,0.0,0.0,0.0,0.0,0.0,33,0.043829779249916496,3,17,-14,0,0,0,0,0,0,0,0,1,0
1e5v,A,492,ASN,-3.5,114.1,0.0,2,2,X,0.0,0.0,0.0,0.0,0.0,0.0,0.0,0.0,31,0.045694876239274644,0,21,-21,0,0,0,0,0,0,0,0,1,0
1e5v,A,493,THR,-0.7,116.1,0.0,1,1,X,0.0,0.0,0.0,0.0,0.0,0.0,0.0,0.0,33,0.045694876239274644,6,24,-18,0,0,0,0,0,0,0,0,1,0
1e5v,A,494,GLY,-0.4,60.1,0.0,0,0,X,0.0,0.0,0.0,0.0,0.0,0.0,0.0,0.0,36,0.045228601991935104,0,26,-26,0,0,0,0,0,0,0,0,1,0
1e5v,A,495,ILE,4.5,166.7,0.0,0,0,X,0.0,0.0,0.0,0.0,0.0,0.0,0.0,0.0,40,0.05222271570202816,3,20,-17,0,0,0,0,0,0,0,0,1,0
1e5v,A,496,LEU,3.8,166.7,0.0,0,0,X,0.0,0.0,0.0,0.0,0.0,0.0,0.0,0.0,37,0.048026247475972325,11,25,-14,0,0,0,0,0,0,0,0,1,0
1e5v,A,497,ALA,1.8,88.6,0.0,0,0,X,0.0,0.0,0.0,0.0,0.0,0.0,0.0,0.0,38,0.0526889899493677,17,20,-3,0,0,0,0,0,0,0,0,1,0
1e5v,A,498,MET,1.9,162.9,0.0,0,0,X,0.0,0.0,0.0,0.0,0.0,0.0,0.0,0.0,41,0.050823892960009553,41,24,17,0,0,0,0,0,0,0,0,1,0
1e5v,A,499,LYS,-3.9,168.6,1.0,2,0,X,0.0,0.0,0.0,0.0,0.0,0.0,0.0,0.0,31,0.045228601991935104,14,13,1,0,0,0,0,0,0,0,0,1,0
1e5v,A,500,LYS,-3.9,168.6,1.0,2,0,X,0.0,0.0,0.0,0.0,0.0,0.0,0.0,0.0,26,0.04149840801321881,18,27,-9,0,0,0,0,0,0,0,0,1,0
1e5v,A,501,ILE,4.5,166.7,0.0,0,0,X,0.0,0.0,0.0,0.0,0.0,0.0,0.0,0.0,35,0.043363505002576956,27,19,8,0,0,0,0,0,0,0,0,1,0
1e5v,A,502,VAL,4.2,140.0,0.0,0,0,X,0.0,0.0,0.0,0.0,0.0,0.0,0.0,0.0,30,0.03963331102386066,29,21,8,0,0,0,0,0,0,0,0,1,0
1e5v,A,503,GLU,-3.5,138.4,-1.0,1,3,X,0.0,0.0,0.0,0.0,0.0,0.0,0.0,0.0,23,0.028909003335051305,18,9,9,0,0,0,0,0,0,0,0,1,0
1e5v,A,504,PRO,-1.6,112.7,0.0,0,0,X,0.0,0.0,0.0,0.0,0.0,0.0,0.0,0.0,25,0.03870076252918159,29,25,4,0,0,0,0,0,0,0,0,1,0
1e5v,A,505,LEU,3.8,166.7,0.0,0,0,X,0.0,0.0,0.0,0.0,0.0,0.0,0.0,0.0,24,0.03590311704514436,29,23,6,0,0,0,0,0,0,0,0,1,0
1e5v,A,506,TYR,-1.3,193.6,0.0,1,1,X,0.0,0.0,0.0,0.0,0.0,0.0,0.0,0.0,26,0.03310547156110714,26,19,7,0,0,0,0,0,0,0,0,1,0
1e5v,A,507,GLU,-3.5,138.4,-1.0,1,3,X,0.0,0.0,0.0,0.0,0.0,0.0,0.0,0.0,24,0.04103213376587927,29,2,27,0,0,0,0,0,0,0,0,1,0
1e5v,A,508,ALA,1.8,88.6,0.0,0,0,X,0.0,0.0,0.0,0.0,0.0,0.0,0.0,0.0,27,0.05222271570202816,30,35,-5,0,0,0,0,0,0,0,0,1,0
1e5v,A,509,ARG,-4.5,173.4,1.0,5,0,X,0.0,0.0,0.0,0.0,0.0,0.0,0.0,0.0,29,0.04476232774459557,10,29,-19,0,0,0,0,0,0,0,0,1,0
1e5v,A,510,SER,-0.8,89.0,0.0,1,1,X,0.0,0.0,0.0,0.0,0.0,0.0,0.0,0.0,33,0.043829779249916496,39,34,5,0,0,0,0,0,0,0,0,1,0
1e5v,A,511,ASP,-3.5,111.1,-1.0,1,3,X,0.0,0.0,0.0,0.0,0.0,0.0,0.0,0.0,38,0.050823892960009553,36,13,23,0,0,0,0,0,0,0,0,1,1
1e5v,A,512,TYR,-1.3,193.6,0.0,1,1,X,0.0,0.0,0.0,0.0,0.0,0.0,0.0,0.0,37,0.048026247475972325,34,35,-1,0,0,0,0,0,0,0,0,1,0
1e5v,A,513,ASP,-3.5,111.1,-1.0,1,3,X,0.0,0.0,0.0,0.0,0.0,0.0,0.0,0.0,28,0.03590311704514436,28,17,11,0,0,0,0,0,0,0,0,1,0
1e5v,A,514,ILE,4.5,166.7,0.0,0,0,X,0.0,0.0,0.0,0.0,0.0,0.0,0.0,0.0,38,0.04616115048661418,26,20,6,0,0,0,0,0,0,0,0,1,0
1e5v,A,515,PHE,2.8,189.9,0.0,0,0,X,0.0,0.0,0.0,0.0,0.0,0.0,0.0,0.0,39,0.04942507021799094,24,16,8,0,0,0,0,0,0,0,0,1,0
1e5v,A,516,ALA,1.8,88.6,0.0,0,0,X,0.0,0.0,0.0,0.0,0.0,0.0,0.0,0.0,31,0.043363505002576956,26,27,-1,0,0,0,0,0,0,0,0,1,0
1e5v,A,517,ALA,1.8,88.6,0.0,0,0,X,0.0,0.0,0.0,0.0,0.0,0.0,0.0,0.0,30,0.03730193978716297,25,33,-8,0,0,0,0,0,0,0,0,1,0
1e5v,A,518,VAL,4.2,140.0,0.0,0,0,X,0.0,0.0,0.0,0.0,0.0,0.0,0.0,0.0,38,0.04755997322863279,27,25,2,0,0,0,0,0,0,0,0,1,0
1e5v,A,519,ALA,1.8,88.6,0.0,0,0,X,0.0,0.0,0.0,0.0,0.0,0.0,0.0,0.0,30,0.04989134446533048,27,20,7,0,0,0,0,0,0,0,0,1,0
1e5v,A,520,GLU,-3.5,138.4,-1.0,1,3,X,0.0,0.0,0.0,0.0,0.0,0.0,0.0,0.0,21,0.03450429430312575,19,8,11,0,0,0,0,0,0,0,0,1,0
1e5v,A,521,ARG,-4.5,173.4,1.0,5,0,X,0.0,0.0,0.0,0.0,0.0,0.0,0.0,0.0,25,0.03357174580844668,6,26,-20,0,0,0,0,0,0,0,0,1,0
1e5v,A,522,LEU,3.8,166.7,0.0,0,0,X,0.0,0.0,0.0,0.0,0.0,0.0,0.0,0.0,30,0.032639197313767604,29,23,6,0,0,0,0,0,0,0,0,1,0
1e5v,A,523,GLY,-0.4,60.1,0.0,0,0,X,0.0,0.0,0.0,0.0,0.0,0.0,0.0,0.0,18,0.02331371236697686,20,17,3,0,0,0,0,0,0,0,0,1,0
1e5v,A,524,LYS,-3.9,168.6,1.0,2,0,X,0.0,0.0,0.0,0.0,0.0,0.0,0.0,0.0,24,0.034970568550465285,13,19,-6,0,0,0,0,0,0,0,0,1,0
1e5v,A,525,GLY,-0.4,60.1,0.0,0,0,X,0.0,0.0,0.0,0.0,0.0,0.0,0.0,0.0,23,0.03963331102386066,23,28,-5,0,0,0,0,0,0,0,0,1,0
1e5v,A,526,ALA,1.8,88.6,0.0,0,0,X,0.0,0.0,0.0,0.0,0.0,0.0,0.0,0.0,17,0.030774100324409453,26,27,-1,0,0,0,0,0,0,0,0,1,0
1e5v,A,527,GLU,-3.5,138.4,-1.0,1,3,X,0.0,0.0,0.0,0.0,0.0,0.0,0.0,0.0,23,0.032639197313767604,29,19,10,0,0,0,0,0,0,0,0,1,0
1e5v,A,528,PHE,2.8,189.9,0.0,0,0,X,0.0,0.0,0.0,0.0,0.0,0.0,0.0,0.0,38,0.04616115048661418,29,37,-8,0,0,0,0,0,0,0,0,1,0
1e5v,A,529,THR,-0.7,116.1,0.0,1,1,X,0.0,0.0,0.0,0.0,0.0,0.0,0.0,0.0,24,0.04289723075523742,21,38,-17,0,0,0,0,0,0,0,0,1,0
1e5v,A,530,GLU,-3.5,138.4,-1.0,1,3,X,0.0,0.0,0.0,0.0,0.0,0.0,0.0,0.0,19,0.030774100324409453,27,17,10,0,0,0,0,0,0,0,0,1,0
1e5v,A,531,GLY,-0.4,60.1,0.0,0,0,X,0.0,0.0,0.0,0.0,0.0,0.0,0.0,0.0,13,0.02471253510899547,11,24,-13,0,0,0,0,0,0,0,0,1,0
1e5v,A,532,LYS,-3.9,168.6,1.0,2,0,X,0.0,0.0,0.0,0.0,0.0,0.0,0.0,0.0,20,0.032172923066428064,8,27,-19,0,0,0,0,0,0,0,0,1,0
1e5v,A,533,ASP,-3.5,111.1,-1.0,1,3,X,0.0,0.0,0.0,0.0,0.0,0.0,0.0,0.0,16,0.032172923066428064,14,16,-2,0,0,0,0,0,0,0,0,1,0
1e5v,A,534,GLU,-3.5,138.4,-1.0,1,3,X,0.0,0.0,0.0,0.0,0.0,0.0,0.0,0.0,24,0.03823448828184205,33,24,9,0,0,0,0,0,0,0,0,1,0
1e5v,A,535,MET,1.9,162.9,0.0,0,0,X,0.0,0.0,0.0,0.0,0.0,0.0,0.0,0.0,21,0.034970568550465285,19,29,-10,0,0,0,0,0,0,0,0,1,0
1e5v,A,536,GLY,-0.4,60.1,0.0,0,0,X,0.0,0.0,0.0,0.0,0.0,0.0,0.0,0.0,21,0.034970568550465285,18,27,-9,0,0,0,0,0,0,0,0,1,0
1e5v,A,537,TRP,-0.9,227.8,0.0,1,0,X,0.0,0.0,0.0,0.0,0.0,0.0,0.0,0.0,29,0.04429605349725603,32,28,4,0,0,0,0,0,0,0,0,1,0
1e5v,A,538,ILE,4.5,166.7,0.0,0,0,X,0.0,0.0,0.0,0.0,0.0,0.0,0.0,0.0,32,0.05175644145468863,32,34,-2,0,0,0,0,0,0,0,0,1,0
1e5v,A,539,LYS,-3.9,168.6,1.0,2,0,X,0.0,0.0,0.0,0.0,0.0,0.0,0.0,0.0,22,0.04196468226055834,5,27,-22,0,0,0,0,0,0,0,0,1,0
1e5v,A,540,SER,-0.8,89.0,0.0,1,1,X,0.0,0.0,0.0,0.0,0.0,0.0,0.0,0.0,24,0.0363693912924839,20,20,0,0,0,0,0,0,0,0,0,1,0
1e5v,A,541,PHE,2.8,189.9,0.0,0,0,X,0.0,0.0,0.0,0.0,0.0,0.0,0.0,0.0,31,0.045694876239274644,23,30,-7,0,0,0,0,0,0,0,0,1,0
1e5v,A,542,TYR,-1.3,193.6,0.0,1,1,X,0.0,0.0,0.0,0.0,0.0,0.0,0.0,0.0,34,0.048492521723311866,13,22,-9,0,0,0,0,0,0,0,0,1,0
1e5v,A,543,ASP,-3.5,111.1,-1.0,1,3,X,0.0,0.0,0.0,0.0,0.0,0.0,0.0,0.0,24,0.03730193978716297,18,9,9,0,0,0,0,0,0,0,0,1,0
1e5v,A,544,ASP,-3.5,111.1,-1.0,1,3,X,0.0,0.0,0.0,0.0,0.0,0.0,0.0,0.0,21,0.035436842797804825,17,8,9,0,0,0,0,0,0,0,0,1,0
1e5v,A,545,ALA,1.8,88.6,0.0,0,0,X,0.0,0.0,0.0,0.0,0.0,0.0,0.0,0.0,31,0.045694876239274644,17,16,1,0,0,0,0,0,0,0,0,1,0
1e5v,A,546,ALA,1.8,88.6,0.0,0,0,X,0.0,0.0,0.0,0.0,0.0,0.0,0.0,0.0,29,0.043829779249916496,20,16,4,0,0,0,0,0,0,0,0,1,0
1e5v,A,547,LYS,-3.9,168.6,1.0,2,0,X,0.0,0.0,0.0,0.0,0.0,0.0,0.0,0.0,17,0.03124037457174899,10,16,-6,0,0,0,0,0,0,0,0,1,0
1e5v,A,548,GLN,-3.5,143.8,0.0,2,2,X,0.0,0.0,0.0,0.0,0.0,0.0,0.0,0.0,23,0.032639197313767604,16,12,4,0,0,0,0,0,0,0,0,1,0
1e5v,A,549,GLY,-0.4,60.1,0.0,0,0,X,0.0,0.0,0.0,0.0,0.0,0.0,0.0,0.0,23,0.04149840801321881,18,7,11,0,0,0,0,0,0,0,0,1,0
1e5v,A,550,LYS,-3.9,168.6,1.0,2,0,X,0.0,0.0,0.0,0.0,0.0,0.0,0.0,0.0,15,0.03170664881908853,9,4,5,0,0,0,0,0,0,0,0,1,0
1e5v,A,551,ALA,1.8,88.6,0.0,0,0,X,0.0,0.0,0.0,0.0,0.0,0.0,0.0,0.0,14,0.020516066882939634,18,1,17,0,0,0,0,0,0,0,0,1,0
1e5v,A,552,ALA,1.8,88.6,0.0,0,0,X,0.0,0.0,0.0,0.0,0.0,0.0,0.0,0.0,17,0.024246260861655933,12,0,12,0,0,0,0,0,0,0,0,1,0
1e5v,A,553,GLY,-0.4,60.1,0.0,0,0,X,0.0,0.0,0.0,0.0,0.0,0.0,0.0,0.0,17,0.020049792635600097,10,0,10,0,0,0,0,0,0,0,0,1,0
1e5v,A,554,VAL,4.2,140.0,0.0,0,0,X,0.0,0.0,0.0,0.0,0.0,0.0,0.0,0.0,24,0.03310547156110714,12,4,8,0,0,0,0,0,0,0,0,1,0
1e5v,A,555,GLN,-3.5,143.8,0.0,2,2,X,0.0,0.0,0.0,0.0,0.0,0.0,0.0,0.0,16,0.02611135785101408,9,1,8,0,0,0,0,0,0,0,0,1,0
1e5v,A,556,MET,1.9,162.9,0.0,0,0,X,0.0,0.0,0.0,0.0,0.0,0.0,0.0,0.0,27,0.030307826077069916,13,17,-4,0,0,0,0,0,0,0,0,1,0
1e5v,A,557,PRO,-1.6,112.7,0.0,0,0,X,0.0,0.0,0.0,0.0,0.0,0.0,0.0,0.0,22,0.027510180593032695,1,19,-18,0,0,0,0,0,0,0,0,1,0
1e5v,A,558,ALA,1.8,88.6,0.0,0,0,X,0.0,0.0,0.0,0.0,0.0,0.0,0.0,0.0,16,0.02844272908771177,8,22,-14,0,0,0,0,0,0,0,0,1,0
1e5v,A,559,PHE,2.8,189.9,0.0,0,0,X,0.0,0.0,0.0,0.0,0.0,0.0,0.0,0.0,28,0.040565859518539735,10,20,-10,0,0,0,0,0,0,0,0,1,0
1e5v,A,560,ASP,-3.5,111.1,-1.0,1,3,X,0.0,0.0,0.0,0.0,0.0,0.0,0.0,0.0,15,0.028909003335051305,8,9,-1,0,0,0,0,0,0,0,0,1,0
1e5v,A,561,ALA,1.8,88.6,0.0,0,0,X,0.0,0.0,0.0,0.0,0.0,0.0,0.0,0.0,15,0.02984155182973038,2,17,-15,0,0,0,0,0,0,0,0,1,0
1e5v,A,562,PHE,2.8,189.9,0.0,0,0,X,0.0,0.0,0.0,0.0,0.0,0.0,0.0,0.0,31,0.04616115048661418,9,24,-15,0,0,0,0,0,0,0,0,1,0
1e5v,A,563,TRP,-0.9,227.8,0.0,1,0,X,0.0,0.0,0.0,0.0,0.0,0.0,0.0,0.0,28,0.04149840801321881,18,24,-6,0,0,0,0,0,0,0,0,1,0
1e5v,A,564,ALA,1.8,88.6,0.0,0,0,X,0.0,0.0,0.0,0.0,0.0,0.0,0.0,0.0,14,0.02797645484037223,5,17,-12,0,0,0,0,0,0,0,0,1,0
1e5v,A,565,GLU,-3.5,138.4,-1.0,1,3,X,0.0,0.0,0.0,0.0,0.0,0.0,0.0,0.0,19,0.027510180593032695,3,10,-7,0,0,0,0,0,0,0,0,1,0
1e5v,A,566,GLY,-0.4,60.1,0.0,0,0,X,0.0,0.0,0.0,0.0,0.0,0.0,0.0,0.0,30,0.04196468226055834,8,22,-14,0,0,0,0,0,0,0,0,1,0
1e5v,A,567,ILE,4.5,166.7,0.0,0,0,X,0.0,0.0,0.0,0.0,0.0,0.0,0.0,0.0,29,0.040565859518539735,8,22,-14,0,0,0,0,0,0,0,0,1,0
1e5v,A,568,VAL,4.2,140.0,0.0,0,0,X,0.0,0.0,0.0,0.0,0.0,0.0,0.0,0.0,35,0.04196468226055834,1,20,-19,0,0,0,0,0,0,0,0,1,0
1e5v,A,569,GLU,-3.5,138.4,-1.0,1,3,X,0.0,0.0,0.0,0.0,0.0,0.0,0.0,0.0,24,0.032639197313767604,5,6,-1,0,0,0,0,0,0,0,0,1,0
1e5v,A,570,PHE,2.8,189.9,0.0,0,0,X,0.0,0.0,0.0,0.0,0.0,0.0,0.0,0.0,29,0.03870076252918159,0,9,-9,0,0,0,0,0,0,0,0,1,0
1e5v,A,571,PRO,-1.6,112.7,0.0,0,0,X,0.0,0.0,0.0,0.0,0.0,0.0,0.0,0.0,22,0.027043906345693154,0,12,-12,0,0,0,0,0,0,0,0,1,0
1e5v,A,572,VAL,4.2,140.0,0.0,0,0,X,0.0,0.0,0.0,0.0,0.0,0.0,0.0,0.0,19,0.02984155182973038,0,14,-14,0,0,0,0,0,0,0,0,1,0
1e5v,A,573,THR,-0.7,116.1,0.0,1,1,X,0.0,0.0,0.0,0.0,0.0,0.0,0.0,0.0,14,0.02331371236697686,0,15,-15,0,0,0,0,0,0,0,0,1,0
1e5v,A,574,ASP,-3.5,111.1,-1.0,1,3,X,0.0,0.0,0.0,0.0,0.0,0.0,0.0,0.0,13,0.02331371236697686,0,8,-8,0,0,0,0,0,0,0,0,1,0
1e5v,A,575,GLY,-0.4,60.1,0.0,0,0,X,0.0,0.0,0.0,0.0,0.0,0.0,0.0,0.0,23,0.03730193978716297,0,16,-16,0,0,0,0,0,0,0,0,1,0
1e5v,A,576,ALA,1.8,88.6,0.0,0,0,X,0.0,0.0,0.0,0.0,0.0,0.0,0.0,0.0,21,0.03730193978716297,0,17,-17,0,0,0,0,0,0,0,0,1,0
1e5v,A,577,ASP,-3.5,111.1,-1.0,1,3,X,0.0,0.0,0.0,0.0,0.0,0.0,0.0,0.0,22,0.02984155182973038,1,10,-9,0,0,0,0,0,0,0,0,1,0
1e5v,A,578,PHE,2.8,189.9,0.0,0,0,X,0.0,0.0,0.0,0.0,0.0,0.0,0.0,0.0,29,0.03590311704514436,11,20,-9,0,0,0,0,0,0,0,0,1,0
1e5v,A,579,VAL,4.2,140.0,0.0,0,0,X,0.0,0.0,0.0,0.0,0.0,0.0,0.0,0.0,31,0.03916703677652112,14,9,5,0,0,0,0,0,0,0,0,1,0
1e5v,A,580,ARG,-4.5,173.4,1.0,5,0,X,0.0,0.0,0.0,0.0,0.0,0.0,0.0,0.0,32,0.03870076252918159,1,19,-18,0,0,0,0,0,0,0,0,1,0
1e5v,A,581,TYR,-1.3,193.6,0.0,1,1,X,0.0,0.0,0.0,0.0,0.0,0.0,0.0,0.0,35,0.03823448828184205,20,14,6,0,0,0,0,0,0,0,0,1,0
1e5v,A,582,ALA,1.8,88.6,0.0,0,0,X,0.0,0.0,0.0,0.0,0.0,0.0,0.0,0.0,22,0.035436842797804825,18,16,2,0,0,0,0,0,0,0,0,1,0
1e5v,A,583,SER,-0.8,89.0,0.0,1,1,X,0.0,0.0,0.0,0.0,0.0,0.0,0.0,0.0,19,0.030307826077069916,14,17,-3,0,0,0,0,0,0,0,0,1,0
1e5v,A,584,PHE,2.8,189.9,0.0,0,0,X,0.0,0.0,0.0,0.0,0.0,0.0,0.0,0.0,27,0.048026247475972325,14,16,-2,0,0,0,0,0,0,0,0,1,0
1e5v,A,585,ARG,-4.5,173.4,1.0,5,0,X,0.0,0.0,0.0,0.0,0.0,0.0,0.0,0.0,23,0.04243095650789788,2,19,-17,0,0,0,0,0,0,0,0,1,0
1e5v,A,586,GLU,-3.5,138.4,-1.0,1,3,X,0.0,0.0,0.0,0.0,0.0,0.0,0.0,0.0,14,0.030774100324409453,9,8,1,0,0,0,0,0,0,0,0,1,0
1e5v,A,587,ASP,-3.5,111.1,-1.0,1,3,X,0.0,0.0,0.0,0.0,0.0,0.0,0.0,0.0,16,0.03590311704514436,7,9,-2,0,0,0,0,0,0,0,0,1,0
1e5v,A,588,PRO,-1.6,112.7,0.0,0,0,X,0.0,0.0,0.0,0.0,0.0,0.0,0.0,0.0,21,0.04476232774459557,7,17,-10,0,0,0,0,0,0,0,0,1,0
1e5v,A,589,LEU,3.8,166.7,0.0,0,0,X,0.0,0.0,0.0,0.0,0.0,0.0,0.0,0.0,15,0.025178809356335007,2,12,-10,0,0,0,0,0,0,0,0,1,0
1e5v,A,590,LEU,3.8,166.7,0.0,0,0,X,0.0,0.0,0.0,0.0,0.0,0.0,0.0,0.0,10,0.024246260861655933,3,17,-14,0,0,0,0,0,0,0,0,1,0
1e5v,A,591,ASN,-3.5,114.1,0.0,2,2,X,0.0,0.0,0.0,0.0,0.0,0.0,0.0,0.0,16,0.03310547156110714,5,17,-12,0,0,0,0,0,0,0,0,1,0
1e5v,A,592,PRO,-1.6,112.7,0.0,0,0,X,0.0,0.0,0.0,0.0,0.0,0.0,0.0,0.0,20,0.0363693912924839,1,8,-7,0,0,0,0,0,0,0,0,1,0
1e5v,A,593,LEU,3.8,166.7,0.0,0,0,X,0.0,0.0,0.0,0.0,0.0,0.0,0.0,0.0,30,0.03870076252918159,4,10,-6,0,0,0,0,0,0,0,0,1,0
1e5v,A,594,GLY,-0.4,60.1,0.0,0,0,X,0.0,0.0,0.0,0.0,0.0,0.0,0.0,0.0,21,0.02844272908771177,7,7,0,0,0,0,0,0,0,0,0,1,0
1e5v,A,595,THR,-0.7,116.1,0.0,1,1,X,0.0,0.0,0.0,0.0,0.0,0.0,0.0,0.0,29,0.03776821403450251,10,9,1,0,0,0,0,0,0,0,0,1,0
1e5v,A,596,PRO,-1.6,112.7,0.0,0,0,X,0.0,0.0,0.0,0.0,0.0,0.0,0.0,0.0,20,0.02144861537761871,17,9,8,0,0,0,0,0,0,0,0,1,0
1e5v,A,597,THR,-0.7,116.1,0.0,1,1,X,0.0,0.0,0.0,0.0,0.0,0.0,0.0,0.0,26,0.025178809356335007,9,9,0,0,0,0,0,0,0,0,0,1,0
1e5v,A,598,GLY,-0.4,60.1,0.0,0,0,X,0.0,0.0,0.0,0.0,0.0,0.0,0.0,0.0,25,0.035436842797804825,2,10,-8,0,0,0,0,0,0,0,0,1,0
1e5v,A,599,LEU,3.8,166.7,0.0,0,0,X,0.0,0.0,0.0,0.0,0.0,0.0,0.0,0.0,29,0.048492521723311866,2,9,-7,0,0,0,0,0,0,0,0,1,0
1e5v,A,600,ILE,4.5,166.7,0.0,0,0,X,0.0,0.0,0.0,0.0,0.0,0.0,0.0,0.0,40,0.048958795970651406,3,10,-7,0,0,0,0,0,0,0,0,1,0
1e5v,A,601,GLU,-3.5,138.4,-1.0,1,3,X,0.0,0.0,0.0,0.0,0.0,0.0,0.0,0.0,35,0.04989134446533048,23,0,23,0,0,0,0,0,0,0,0,1,0
1e5v,A,602,ILE,4.5,166.7,0.0,0,0,X,0.0,0.0,0.0,0.0,0.0,0.0,0.0,0.0,36,0.05548663543340492,23,16,7,0,0,0,0,0,0,0,0,1,0
1e5v,A,603,TYR,-1.3,193.6,0.0,1,1,X,0.0,0.0,0.0,0.0,0.0,0.0,0.0,0.0,29,0.053621538444046775,31,26,5,0,0,0,0,0,0,0,0,1,0
1e5v,A,604,SER,-0.8,89.0,0.0,1,1,X,0.0,0.0,0.0,0.0,0.0,0.0,0.0,0.0,31,0.048026247475972325,41,18,23,0,0,0,0,0,0,0,0,1,0
1e5v,A,605,LYS,-3.9,168.6,1.0,2,0,X,0.0,0.0,0.0,0.0,0.0,0.0,0.0,0.0,18,0.035436842797804825,17,17,0,0,0,0,0,0,0,0,0,1,0
1e5v,A,606,ASN,-3.5,114.1,0.0,2,2,X,0.0,0.0,0.0,0.0,0.0,0.0,0.0,0.0,24,0.03357174580844668,27,14,13,0,0,0,0,0,0,0,0,1,0
1e5v,A,607,ILE,4.5,166.7,0.0,0,0,X,0.0,0.0,0.0,0.0,0.0,0.0,0.0,0.0,33,0.04662742473395372,35,19,16,0,0,0,0,0,0,0,0,1,0
1e5v,A,608,GLU,-3.5,138.4,-1.0,1,3,X,0.0,0.0,0.0,0.0,0.0,0.0,0.0,0.0,15,0.03730193978716297,28,0,28,0,0,0,0,0,0,0,0,1,0
1e5v,A,609,LYS,-3.9,168.6,1.0,2,0,X,0.0,0.0,0.0,0.0,0.0,0.0,0.0,0.0,11,0.025178809356335007,8,9,-1,0,0,0,0,0,0,0,0,1,0
1e5v,A,610,MET,1.9,162.9,0.0,0,0,X,0.0,0.0,0.0,0.0,0.0,0.0,0.0,0.0,23,0.02844272908771177,29,19,10,0,0,0,0,0,0,0,0,1,0
1e5v,A,611,GLY,-0.4,60.1,0.0,0,0,X,0.0,0.0,0.0,0.0,0.0,0.0,0.0,0.0,17,0.025645083603674543,18,29,-11,0,0,0,0,0,0,0,0,1,0
1e5v,A,612,TYR,-1.3,193.6,0.0,1,1,X,0.0,0.0,0.0,0.0,0.0,0.0,0.0,0.0,27,0.03776821403450251,19,33,-14,0,0,0,0,0,0,0,0,1,0
1e5v,A,613,ASP,-3.5,111.1,-1.0,1,3,X,0.0,0.0,0.0,0.0,0.0,0.0,0.0,0.0,17,0.023779986614316396,18,10,8,0,0,0,0,0,0,0,0,1,0
1e5v,A,614,ASP,-3.5,111.1,-1.0,1,3,X,0.0,0.0,0.0,0.0,0.0,0.0,0.0,0.0,24,0.0363693912924839,28,22,6,0,0,0,0,0,0,0,0,1,0
1e5v,A,615,CYS,2.5,108.5,0.0,1,0,X,0.0,0.0,0.0,0.0,0.0,0.0,0.0,0.0,32,0.05129016720734909,32,30,2,0,0,0,0,0,0,0,0,1,0
1e5v,A,616,PRO,-1.6,112.7,0.0,0,0,X,0.0,0.0,0.0,0.0,0.0,0.0,0.0,0.0,29,0.04196468226055834,21,33,-12,0,0,0,0,0,0,0,0,1,0
1e5v,A,617,ALA,1.8,88.6,0.0,0,0,X,0.0,0.0,0.0,0.0,0.0,0.0,0.0,0.0,31,0.04429605349725603,37,18,19,0,0,0,0,0,0,0,0,1,0
1e5v,A,618,HIS,-3.2,153.2,0.1,2,1,X,0.0,0.0,0.0,0.0,0.0,0.0,0.0,0.0,33,0.048026247475972325,10,11,-1,0,0,0,0,0,0,0,0,1,0
1e5v,A,619,PRO,-1.6,112.7,0.0,0,0,X,0.0,0.0,0.0,0.0,0.0,0.0,0.0,0.0,38,0.048958795970651406,19,7,12,0,0,0,0,0,0,0,0,1,0
1e5v,A,620,THR,-0.7,116.1,0.0,1,1,X,0.0,0.0,0.0,0.0,0.0,0.0,0.0,0.0,28,0.04243095650789788,24,16,8,0,0,0,0,0,0,0,0,1,0
1e5v,A,621,TRP,-0.9,227.8,0.0,1,0,X,0.0,0.0,0.0,0.0,0.0,0.0,0.0,0.0,29,0.03730193978716297,24,15,9,0,0,0,0,0,0,0,0,1,0
1e5v,A,622,MET,1.9,162.9,0.0,0,0,X,0.0,0.0,0.0,0.0,0.0,0.0,0.0,0.0,28,0.03124037457174899,28,26,2,0,0,0,0,0,0,0,0,1,0
1e5v,A,623,GLU,-3.5,138.4,-1.0,1,3,X,0.0,0.0,0.0,0.0,0.0,0.0,0.0,0.0,20,0.03170664881908853,28,7,21,0,0,0,0,0,0,0,0,1,0
1e5v,A,624,PRO,-1.6,112.7,0.0,0,0,X,0.0,0.0,0.0,0.0,0.0,0.0,0.0,0.0,29,0.03776821403450251,33,19,14,0,0,0,0,0,0,0,0,1,0
1e5v,A,625,LEU,3.8,166.7,0.0,0,0,X,0.0,0.0,0.0,0.0,0.0,0.0,0.0,0.0,26,0.029375277582390842,31,19,12,0,0,0,0,0,0,0,0,1,0
1e5v,A,626,GLU,-3.5,138.4,-1.0,1,3,X,0.0,0.0,0.0,0.0,0.0,0.0,0.0,0.0,33,0.03916703677652112,41,10,31,0,0,0,0,0,0,0,0,1,0
1e5v,A,627,ARG,-4.5,173.4,1.0,5,0,X,0.0,0.0,0.0,0.0,0.0,0.0,0.0,0.0,30,0.048492521723311866,21,27,-6,0,0,0,0,0,0,0,0,1,0
1e5v,A,628,LEU,3.8,166.7,0.0,0,0,X,0.0,0.0,0.0,0.0,0.0,0.0,0.0,0.0,32,0.04616115048661418,37,17,20,0,0,0,0,0,0,0,0,1,0
1e5v,A,629,ASP,-3.5,111.1,-1.0,1,3,X,0.0,0.0,0.0,0.0,0.0,0.0,0.0,0.0,26,0.028909003335051305,32,7,25,0,0,0,0,0,0,0,0,1,0
1e5v,A,630,GLY,-0.4,60.1,0.0,0,0,X,0.0,0.0,0.0,0.0,0.0,0.0,0.0,0.0,21,0.03124037457174899,21,21,0,0,0,0,0,0,0,0,0,1,0
1e5v,A,631,PRO,-1.6,112.7,0.0,0,0,X,0.0,0.0,0.0,0.0,0.0,0.0,0.0,0.0,16,0.01818469564624195,13,22,-9,0,0,0,0,0,0,0,0,1,0
1e5v,A,632,GLY,-0.4,60.1,0.0,0,0,X,0.0,0.0,0.0,0.0,0.0,0.0,0.0,0.0,14,0.013988227420186116,17,15,2,0,0,0,0,0,0,0,0,1,0
1e5v,A,633,ALA,1.8,88.6,0.0,0,0,X,0.0,0.0,0.0,0.0,0.0,0.0,0.0,0.0,17,0.030307826077069916,20,19,1,0,0,0,0,0,0,0,0,1,0
1e5v,A,634,LYS,-3.9,168.6,1.0,2,0,X,0.0,0.0,0.0,0.0,0.0,0.0,0.0,0.0,17,0.022847438119637322,9,21,-12,0,0,0,0,0,0,0,0,1,0
1e5v,A,635,TYR,-1.3,193.6,0.0,1,1,X,0.0,0.0,0.0,0.0,0.0,0.0,0.0,0.0,24,0.03823448828184205,34,25,9,0,0,0,0,0,0,0,0,1,0
1e5v,A,636,PRO,-1.6,112.7,0.0,0,0,X,0.0,0.0,0.0,0.0,0.0,0.0,0.0,0.0,26,0.03730193978716297,34,23,11,0,0,0,0,0,0,0,0,1,0
1e5v,A,637,LEU,3.8,166.7,0.0,0,0,X,0.0,0.0,0.0,0.0,0.0,0.0,0.0,0.0,38,0.04709369898129325,36,24,12,0,0,0,0,0,0,0,0,1,0
1e5v,A,638,HIS,-3.2,153.2,0.1,2,1,X,0.0,0.0,0.0,0.0,0.0,0.0,0.0,0.0,40,0.04942507021799094,17,12,5,0,0,0,0,0,0,0,0,1,0
1e5v,A,639,ILE,4.5,166.7,0.0,0,0,X,0.0,0.0,0.0,0.0,0.0,0.0,0.0,0.0,45,0.048958795970651406,14,10,4,0,0,0,0,0,0,0,0,1,0
1e5v,A,640,ALA,1.8,88.6,0.0,0,0,X,0.0,0.0,0.0,0.0,0.0,0.0,0.0,0.0,34,0.04616115048661418,19,9,10,0,0,0,0,0,0,0,0,1,0
1e5v,A,641,ALA,1.8,88.6,0.0,0,0,X,0.0,0.0,0.0,0.0,0.0,0.0,0.0,0.0,40,0.045694876239274644,33,13,20,0,0,0,0,0,0,0,0,1,1
1e5v,A,642,SER,-0.8,89.0,0.0,1,1,X,0.0,0.0,0.0,0.0,0.0,0.0,0.0,0.0,37,0.04196468226055834,34,18,16,0,0,0,0,0,0,0,0,1,1
1e5v,A,643,HIS,-3.2,153.2,0.1,2,1,X,0.0,0.0,0.0,0.0,0.0,0.0,0.0,0.0,35,0.04243095650789788,39,16,23,0,0,0,0,0,0,0,0,1,1
1e5v,A,644,PRO,-1.6,112.7,0.0,0,0,X,0.0,0.0,0.0,0.0,0.0,0.0,0.0,0.0,31,0.04942507021799094,40,14,26,0,0,0,0,0,0,0,0,1,1
1e5v,A,645,PHE,2.8,189.9,0.0,0,0,X,0.0,0.0,0.0,0.0,0.0,0.0,0.0,0.0,27,0.034970568550465285,30,7,23,0,0,0,0,0,0,0,0,1,1
1e5v,A,646,ASN,-3.5,114.1,0.0,2,2,X,0.0,0.0,0.0,0.0,0.0,0.0,0.0,0.0,32,0.04429605349725603,34,6,28,0,0,0,0,0,0,0,0,1,0
1e5v,A,647,ARG,-4.5,173.4,1.0,5,0,X,0.0,0.0,0.0,0.0,0.0,0.0,0.0,0.0,34,0.048958795970651406,27,15,12,0,0,0,0,0,0,0,0,1,1
1e5v,A,648,LEU,3.8,166.7,0.0,0,0,X,0.0,0.0,0.0,0.0,0.0,0.0,0.0,0.0,30,0.04755997322863279,46,6,40,0,0,0,0,0,0,0,0,1,1
1e5v,A,649,HIS,-3.2,153.2,0.1,2,1,X,0.0,0.0,0.0,0.0,0.0,0.0,0.0,0.0,36,0.04243095650789788,39,9,30,0,0,0,0,0,0,0,0,1,1
1e5v,A,650,SER,-0.8,89.0,0.0,1,1,X,0.0,0.0,0.0,0.0,0.0,0.0,0.0,0.0,37,0.05035761871267001,28,20,8,0,0,0,0,0,0,0,0,1,1
1e5v,A,651,GLN,-3.5,143.8,0.0,2,2,X,0.0,0.0,0.0,0.0,0.0,0.0,0.0,0.0,36,0.04243095650789788,36,7,29,0,0,0,0,0,0,0,0,1,1
1e5v,A,652,LEU,3.8,166.7,0.0,0,0,X,0.0,0.0,0.0,0.0,0.0,0.0,0.0,0.0,36,0.05455408693872585,24,8,16,0,0,0,0,0,0,0,0,1,0
1e5v,A,653,ASN,-3.5,114.1,0.0,2,2,X,0.0,0.0,0.0,0.0,0.0,0.0,0.0,0.0,41,0.0526889899493677,30,12,18,0,0,0,0,0,0,0,0,1,0
1e5v,A,654,GLY,-0.4,60.1,0.0,0,0,X,0.0,0.0,0.0,0.0,0.0,0.0,0.0,0.0,37,0.04989134446533048,23,11,12,0,0,0,0,0,0,0,0,1,0
1e5v,A,655,THR,-0.7,116.1,0.0,1,1,X,0.0,0.0,0.0,0.0,0.0,0.0,0.0,0.0,31,0.045228601991935104,19,14,5,0,0,0,0,0,0,0,0,1,0
1e5v,A,656,VAL,4.2,140.0,0.0,0,0,X,0.0,0.0,0.0,0.0,0.0,0.0,0.0,0.0,21,0.032172923066428064,11,17,-6,0,0,0,0,0,0,0,0,1,0
1e5v,A,657,LEU,3.8,166.7,0.0,0,0,X,0.0,0.0,0.0,0.0,0.0,0.0,0.0,0.0,27,0.04243095650789788,21,16,5,0,0,0,0,0,0,0,0,1,0
1e5v,A,658,ARG,-4.5,173.4,1.0,5,0,X,0.0,0.0,0.0,0.0,0.0,0.0,0.0,0.0,31,0.045228601991935104,12,19,-7,0,0,0,0,0,0,0,0,1,0
1e5v,A,659,GLU,-3.5,138.4,-1.0,1,3,X,0.0,0.0,0.0,0.0,0.0,0.0,0.0,0.0,13,0.027043906345693154,13,0,13,0,0,0,0,0,0,0,0,1,0
1e5v,A,660,GLY,-0.4,60.1,0.0,0,0,X,0.0,0.0,0.0,0.0,0.0,0.0,0.0,0.0,17,0.024246260861655933,17,10,7,0,0,0,0,0,0,0,0,1,0
1e5v,A,661,TYR,-1.3,193.6,0.0,1,1,X,0.0,0.0,0.0,0.0,0.0,0.0,0.0,0.0,30,0.02984155182973038,31,18,13,0,0,0,0,0,0,0,0,1,0
1e5v,A,662,ALA,1.8,88.6,0.0,0,0,X,0.0,0.0,0.0,0.0,0.0,0.0,0.0,0.0,26,0.043363505002576956,30,18,12,0,0,0,0,0,0,0,0,1,0
1e5v,A,663,VAL,4.2,140.0,0.0,0,0,X,0.0,0.0,0.0,0.0,0.0,0.0,0.0,0.0,27,0.03916703677652112,26,28,-2,0,0,0,0,0,0,0,0,1,0
1e5v,A,664,GLN,-3.5,143.8,0.0,2,2,X,0.0,0.0,0.0,0.0,0.0,0.0,0.0,0.0,23,0.025178809356335007,11,14,-3,0,0,0,0,0,0,0,0,1,0
1e5v,A,665,GLY,-0.4,60.1,0.0,0,0,X,0.0,0.0,0.0,0.0,0.0,0.0,0.0,0.0,27,0.035436842797804825,25,19,6,0,0,0,0,0,0,0,0,1,0
1e5v,A,666,HIS,-3.2,153.2,0.1,2,1,X,0.0,0.0,0.0,0.0,0.0,0.0,0.0,0.0,33,0.04942507021799094,15,24,-9,0,0,0,0,0,0,0,0,1,0
1e5v,A,667,GLU,-3.5,138.4,-1.0,1,3,X,0.0,0.0,0.0,0.0,0.0,0.0,0.0,0.0,39,0.05455408693872585,34,16,18,0,0,0,0,0,0,0,0,1,0
1e5v,A,668,PRO,-1.6,112.7,0.0,0,0,X,0.0,0.0,0.0,0.0,0.0,0.0,0.0,0.0,38,0.048492521723311866,26,14,12,0,0,0,0,0,0,0,0,1,0
1e5v,A,669,CYS,2.5,108.5,0.0,1,0,X,0.0,0.0,0.0,0.0,0.0,0.0,0.0,0.0,41,0.045694876239274644,22,19,3,0,0,0,0,0,0,0,0,1,0
1e5v,A,670,LEU,3.8,166.7,0.0,0,0,X,0.0,0.0,0.0,0.0,0.0,0.0,0.0,0.0,35,0.045694876239274644,19,13,6,0,0,0,0,0,0,0,0,1,0
1e5v,A,671,MET,1.9,162.9,0.0,0,0,X,0.0,0.0,0.0,0.0,0.0,0.0,0.0,0.0,38,0.053621538444046775,33,30,3,0,0,0,0,0,0,0,0,1,0
1e5v,A,672,HIS,-3.2,153.2,0.1,2,1,X,0.0,0.0,0.0,0.0,0.0,0.0,0.0,0.0,25,0.050823892960009553,14,24,-10,0,0,0,0,0,0,0,0,1,0
1e5v,A,673,PRO,-1.6,112.7,0.0,0,0,X,0.0,0.0,0.0,0.0,0.0,0.0,0.0,0.0,24,0.03403802005578621,23,29,-6,0,0,0,0,0,0,0,0,1,0
1e5v,A,674,ASP,-3.5,111.1,-1.0,1,3,X,0.0,0.0,0.0,0.0,0.0,0.0,0.0,0.0,19,0.02844272908771177,28,12,16,0,0,0,0,0,0,0,0,1,0
1e5v,A,675,ASP,-3.5,111.1,-1.0,1,3,X,0.0,0.0,0.0,0.0,0.0,0.0,0.0,0.0,30,0.040099585271200194,33,13,20,0,0,0,0,0,0,0,0,1,0
1e5v,A,676,ALA,1.8,88.6,0.0,0,0,X,0.0,0.0,0.0,0.0,0.0,0.0,0.0,0.0,28,0.04243095650789788,34,30,4,0,0,0,0,0,0,0,0,1,0
1e5v,A,677,ALA,1.8,88.6,0.0,0,0,X,0.0,0.0,0.0,0.0,0.0,0.0,0.0,0.0,16,0.02797645484037223,22,18,4,0,0,0,0,0,0,0,0,1,0
1e5v,A,678,ALA,1.8,88.6,0.0,0,0,X,0.0,0.0,0.0,0.0,0.0,0.0,0.0,0.0,17,0.023779986614316396,18,21,-3,0,0,0,0,0,0,0,0,1,0
1e5v,A,679,ARG,-4.5,173.4,1.0,5,0,X,0.0,0.0,0.0,0.0,0.0,0.0,0.0,0.0,25,0.028909003335051305,13,31,-18,0,0,0,0,0,0,0,0,1,0
1e5v,A,680,GLY,-0.4,60.1,0.0,0,0,X,0.0,0.0,0.0,0.0,0.0,0.0,0.0,0.0,22,0.022381163872297785,20,22,-2,0,0,0,0,0,0,0,0,1,0
1e5v,A,681,ILE,4.5,166.7,0.0,0,0,X,0.0,0.0,0.0,0.0,0.0,0.0,0.0,0.0,28,0.03683566553982344,30,32,-2,0,0,0,0,0,0,0,0,1,0
1e5v,A,682,ALA,1.8,88.6,0.0,0,0,X,0.0,0.0,0.0,0.0,0.0,0.0,0.0,0.0,26,0.02844272908771177,19,19,0,0,0,0,0,0,0,0,0,1,0
1e5v,A,683,ASP,-3.5,111.1,-1.0,1,3,X,0.0,0.0,0.0,0.0,0.0,0.0,0.0,0.0,19,0.025645083603674543,9,8,1,0,0,0,0,0,0,0,0,1,0
1e5v,A,684,GLY,-0.4,60.1,0.0,0,0,X,0.0,0.0,0.0,0.0,0.0,0.0,0.0,0.0,24,0.032172923066428064,19,17,2,0,0,0,0,0,0,0,0,1,0
1e5v,A,685,ASP,-3.5,111.1,-1.0,1,3,X,0.0,0.0,0.0,0.0,0.0,0.0,0.0,0.0,25,0.03776821403450251,21,12,9,0,0,0,0,0,0,0,0,1,0
1e5v,A,686,VAL,4.2,140.0,0.0,0,0,X,0.0,0.0,0.0,0.0,0.0,0.0,0.0,0.0,34,0.04476232774459557,29,21,8,0,0,0,0,0,0,0,0,1,0
1e5v,A,687,VAL,4.2,140.0,0.0,0,0,X,0.0,0.0,0.0,0.0,0.0,0.0,0.0,0.0,41,0.04942507021799094,40,25,15,0,0,0,0,0,0,0,0,1,0
1e5v,A,688,ARG,-4.5,173.4,1.0,5,0,X,0.0,0.0,0.0,0.0,0.0,0.0,0.0,0.0,24,0.05129016720734909,16,22,-6,0,0,0,0,0,0,0,0,1,0
1e5v,A,689,VAL,4.2,140.0,0.0,0,0,X,0.0,0.0,0.0,0.0,0.0,0.0,0.0,0.0,40,0.05175644145468863,27,30,-3,0,0,0,0,0,0,0,0,1,0
1e5v,A,690,HIS,-3.2,153.2,0.1,2,1,X,0.0,0.0,0.0,0.0,0.0,0.0,0.0,0.0,27,0.048492521723311866,27,26,1,0,0,0,0,0,0,0,0,1,0
1e5v,A,691,ASN,-3.5,114.1,0.0,2,2,X,0.0,0.0,0.0,0.0,0.0,0.0,0.0,0.0,28,0.043829779249916496,37,23,14,0,0,0,0,0,0,0,0,1,0
1e5v,A,692,ASP,-3.5,111.1,-1.0,1,3,X,0.0,0.0,0.0,0.0,0.0,0.0,0.0,0.0,18,0.025178809356335007,31,9,22,0,0,0,0,0,0,0,0,1,0
1e5v,A,693,ARG,-4.5,173.4,1.0,5,0,X,0.0,0.0,0.0,0.0,0.0,0.0,0.0,0.0,28,0.03450429430312575,17,26,-9,0,0,0,0,0,0,0,0,1,0
1e5v,A,694,GLY,-0.4,60.1,0.0,0,0,X,0.0,0.0,0.0,0.0,0.0,0.0,0.0,0.0,32,0.043363505002576956,38,28,10,0,0,0,0,0,0,0,0,1,0
1e5v,A,695,GLN,-3.5,143.8,0.0,2,2,X,0.0,0.0,0.0,0.0,0.0,0.0,0.0,0.0,32,0.04942507021799094,31,24,7,0,0,0,0,0,0,0,0,1,0
1e5v,A,696,ILE,4.5,166.7,0.0,0,0,X,0.0,0.0,0.0,0.0,0.0,0.0,0.0,0.0,43,0.0526889899493677,37,31,6,0,0,0,0,0,0,0,0,1,0
1e5v,A,697,LEU,3.8,166.7,0.0,0,0,X,0.0,0.0,0.0,0.0,0.0,0.0,0.0,0.0,41,0.05175644145468863,35,33,2,0,0,0,0,0,0,0,0,1,0
1e5v,A,698,THR,-0.7,116.1,0.0,1,1,X,0.0,0.0,0.0,0.0,0.0,0.0,0.0,0.0,44,0.05548663543340492,28,31,-3,0,0,0,0,0,0,0,0,1,0
1e5v,A,699,GLY,-0.4,60.1,0.0,0,0,X,0.0,0.0,0.0,0.0,0.0,0.0,0.0,0.0,34,0.04989134446533048,25,26,-1,0,0,0,0,0,0,0,0,1,0
1e5v,A,700,VAL,4.2,140.0,0.0,0,0,X,0.0,0.0,0.0,0.0,0.0,0.0,0.0,0.0,34,0.05175644145468863,25,22,3,0,0,0,0,0,0,0,0,1,0
1e5v,A,701,LYS,-3.9,168.6,1.0,2,0,X,0.0,0.0,0.0,0.0,0.0,0.0,0.0,0.0,28,0.03823448828184205,4,16,-12,0,0,0,0,0,0,0,0,1,0
1e5v,A,702,VAL,4.2,140.0,0.0,0,0,X,0.0,0.0,0.0,0.0,0.0,0.0,0.0,0.0,24,0.03870076252918159,19,32,-13,0,0,0,0,0,0,0,0,1,0
1e5v,A,703,THR,-0.7,116.1,0.0,1,1,X,0.0,0.0,0.0,0.0,0.0,0.0,0.0,0.0,24,0.03590311704514436,32,20,12,0,0,0,0,0,0,0,0,1,0
1e5v,A,704,ASP,-3.5,111.1,-1.0,1,3,X,0.0,0.0,0.0,0.0,0.0,0.0,0.0,0.0,19,0.03170664881908853,28,7,21,0,0,0,0,0,0,0,0,1,0
1e5v,A,705,ALA,1.8,88.6,0.0,0,0,X,0.0,0.0,0.0,0.0,0.0,0.0,0.0,0.0,24,0.035436842797804825,35,17,18,0,0,0,0,0,0,0,0,1,0
1e5v,A,706,VAL,4.2,140.0,0.0,0,0,X,0.0,0.0,0.0,0.0,0.0,0.0,0.0,0.0,31,0.05175644145468863,38,19,19,0,0,0,0,0,0,0,0,1,0
1e5v,A,707,MET,1.9,162.9,0.0,0,0,X,0.0,0.0,0.0,0.0,0.0,0.0,0.0,0.0,33,0.040565859518539735,45,20,25,0,0,0,0,0,0,0,0,1,0
1e5v,A,708,LYS,-3.9,168.6,1.0,2,0,X,0.0,0.0,0.0,0.0,0.0,0.0,0.0,0.0,25,0.03310547156110714,22,23,-1,0,0,0,0,0,0,0,0,1,0
1e5v,A,709,GLY,-0.4,60.1,0.0,0,0,X,0.0,0.0,0.0,0.0,0.0,0.0,0.0,0.0,34,0.040099585271200194,44,20,24,0,0,0,0,0,0,0,0,1,0
1e5v,A,710,VAL,4.2,140.0,0.0,0,0,X,0.0,0.0,0.0,0.0,0.0,0.0,0.0,0.0,36,0.048026247475972325,37,13,24,0,0,0,0,0,0,0,0,1,0
1e5v,A,711,ILE,4.5,166.7,0.0,0,0,X,0.0,0.0,0.0,0.0,0.0,0.0,0.0,0.0,43,0.04755997322863279,28,13,15,0,0,0,0,0,0,0,0,1,0
1e5v,A,712,GLN,-3.5,143.8,0.0,2,2,X,0.0,0.0,0.0,0.0,0.0,0.0,0.0,0.0,37,0.04429605349725603,24,11,13,0,0,0,0,0,0,0,0,1,0
1e5v,A,713,ILE,4.5,166.7,0.0,0,0,X,0.0,0.0,0.0,0.0,0.0,0.0,0.0,0.0,42,0.050823892960009553,13,23,-10,0,0,0,0,0,0,0,0,1,0
1e5v,A,714,TYR,-1.3,193.6,0.0,1,1,X,0.0,0.0,0.0,0.0,0.0,0.0,0.0,0.0,32,0.045228601991935104,31,19,12,0,0,0,0,0,0,0,0,1,0
1e5v,A,715,GLU,-3.5,138.4,-1.0,1,3,X,0.0,0.0,0.0,0.0,0.0,0.0,0.0,0.0,36,0.05222271570202816,51,13,38,0,0,0,0,0,0,0,0,1,1
1e5v,A,716,GLY,-0.4,60.1,0.0,0,0,X,0.0,0.0,0.0,0.0,0.0,0.0,0.0,0.0,40,0.053621538444046775,43,26,17,0,0,0,0,0,0,0,0,1,0
1e5v,A,717,GLY,-0.4,60.1,0.0,0,0,X,0.0,0.0,0.0,0.0,0.0,0.0,0.0,0.0,43,0.05408781269138631,33,37,-4,0,0,0,0,0,0,0,0,1,0
1e5v,A,718,TRP,-0.9,227.8,0.0,1,0,X,0.0,0.0,0.0,0.0,0.0,0.0,0.0,0.0,41,0.058750555164781684,26,27,-1,0,0,0,0,0,0,0,0,1,0
1e5v,A,719,TYR,-1.3,193.6,0.0,1,1,X,0.0,0.0,0.0,0.0,0.0,0.0,0.0,0.0,43,0.05222271570202816,37,30,7,0,0,0,0,0,0,0,0,1,0
1e5v,A,720,ASP,-3.5,111.1,-1.0,1,3,X,0.0,0.0,0.0,0.0,0.0,0.0,0.0,0.0,36,0.048958795970651406,24,19,5,0,0,0,0,0,0,0,0,1,0
1e5v,A,721,PRO,-1.6,112.7,0.0,0,0,X,0.0,0.0,0.0,0.0,0.0,0.0,0.0,0.0,35,0.03916703677652112,26,37,-11,0,0,0,0,0,0,0,0,1,0
1e5v,A,722,SER,-0.8,89.0,0.0,1,1,X,0.0,0.0,0.0,0.0,0.0,0.0,0.0,0.0,26,0.034970568550465285,9,33,-24,0,0,0,0,0,0,0,0,1,0
1e5v,A,723,ASP,-3.5,111.1,-1.0,1,3,X,0.0,0.0,0.0,0.0,0.0,0.0,0.0,0.0,22,0.02984155182973038,7,14,-7,0,0,0,0,0,0,0,0,1,0
1e5v,A,724,VAL,4.2,140.0,0.0,0,0,X,0.0,0.0,0.0,0.0,0.0,0.0,0.0,0.0,28,0.040099585271200194,23,27,-4,0,0,0,0,0,0,0,0,1,0
1e5v,A,725,THR,-0.7,116.1,0.0,1,1,X,0.0,0.0,0.0,0.0,0.0,0.0,0.0,0.0,19,0.027510180593032695,8,25,-17,0,0,0,0,0,0,0,0,1,0
1e5v,A,726,GLU,-3.5,138.4,-1.0,1,3,X,0.0,0.0,0.0,0.0,0.0,0.0,0.0,0.0,15,0.02471253510899547,0,9,-9,0,0,0,0,0,0,0,0,1,0
1e5v,A,727,PRO,-1.6,112.7,0.0,0,0,X,0.0,0.0,0.0,0.0,0.0,0.0,0.0,0.0,18,0.02331371236697686,9,18,-9,0,0,0,0,0,0,0,0,1,0
1e5v,A,728,GLY,-0.4,60.1,0.0,0,0,X,0.0,0.0,0.0,0.0,0.0,0.0,0.0,0.0,25,0.02844272908771177,15,25,-10,0,0,0,0,0,0,0,0,1,0
1e5v,A,729,THR,-0.7,116.1,0.0,1,1,X,0.0,0.0,0.0,0.0,0.0,0.0,0.0,0.0,23,0.040099585271200194,15,30,-15,0,0,0,0,0,0,0,0,1,0
1e5v,A,730,LEU,3.8,166.7,0.0,0,0,X,0.0,0.0,0.0,0.0,0.0,0.0,0.0,0.0,33,0.04662742473395372,25,31,-6,0,0,0,0,0,0,0,0,1,0
1e5v,A,731,ASP,-3.5,111.1,-1.0,1,3,X,0.0,0.0,0.0,0.0,0.0,0.0,0.0,0.0,37,0.05455408693872585,29,23,6,0,0,0,0,0,0,0,0,1,0
1e5v,A,732,LYS,-3.9,168.6,1.0,2,0,X,0.0,0.0,0.0,0.0,0.0,0.0,0.0,0.0,30,0.05129016720734909,9,22,-13,0,0,0,0,0,0,0,0,1,0
1e5v,A,733,TYR,-1.3,193.6,0.0,1,1,X,0.0,0.0,0.0,0.0,0.0,0.0,0.0,0.0,40,0.05455408693872585,33,34,-1,0,0,0,0,0,0,0,0,1,0
1e5v,A,734,GLY,-0.4,60.1,0.0,0,0,X,0.0,0.0,0.0,0.0,0.0,0.0,0.0,0.0,43,0.05735173242276307,25,38,-13,0,0,0,0,0,0,0,0,1,0
1e5v,A,735,ASP,-3.5,111.1,-1.0,1,3,X,0.0,0.0,0.0,0.0,0.0,0.0,0.0,0.0,43,0.056419183928083996,28,33,-5,0,0,0,0,0,0,0,0,1,0
1e5v,A,736,VAL,4.2,140.0,0.0,0,0,X,0.0,0.0,0.0,0.0,0.0,0.0,0.0,0.0,44,0.04616115048661418,20,32,-12,0,0,0,0,0,0,0,0,1,0
1e5v,A,737,ASN,-3.5,114.1,0.0,2,2,X,0.0,0.0,0.0,0.0,0.0,0.0,0.0,0.0,42,0.05035761871267001,35,34,1,0,0,0,0,0,0,0,0,1,1
1e5v,A,738,VAL,4.2,140.0,0.0,0,0,X,0.0,0.0,0.0,0.0,0.0,0.0,0.0,0.0,41,0.05548663543340492,35,28,7,0,0,0,0,0,0,0,0,1,0
1e5v,A,739,LEU,3.8,166.7,0.0,0,0,X,0.0,0.0,0.0,0.0,0.0,0.0,0.0,0.0,41,0.05502036118606539,30,33,-3,0,0,0,0,0,0,0,0,1,0
1e5v,A,740,SER,-0.8,89.0,0.0,1,1,X,0.0,0.0,0.0,0.0,0.0,0.0,0.0,0.0,36,0.050823892960009553,40,30,10,0,0,0,0,0,0,0,0,1,0
1e5v,A,741,ALA,1.8,88.6,0.0,0,0,X,0.0,0.0,0.0,0.0,0.0,0.0,0.0,0.0,37,0.04429605349725603,46,26,20,0,0,0,0,0,0,0,0,1,0
1e5v,A,742,ASP,-3.5,111.1,-1.0,1,3,X,0.0,0.0,0.0,0.0,0.0,0.0,0.0,0.0,33,0.04429605349725603,46,20,26,0,0,0,0,0,0,0,0,1,0
1e5v,A,743,ILE,4.5,166.7,0.0,0,0,X,0.0,0.0,0.0,0.0,0.0,0.0,0.0,0.0,31,0.0363693912924839,41,25,16,0,0,0,0,0,0,0,0,1,0
1e5v,A,744,GLY,-0.4,60.1,0.0,0,0,X,0.0,0.0,0.0,0.0,0.0,0.0,0.0,0.0,34,0.04429605349725603,43,25,18,0,0,0,0,0,0,0,0,1,0
1e5v,A,745,THR,-0.7,116.1,0.0,1,1,X,0.0,0.0,0.0,0.0,0.0,0.0,0.0,0.0,41,0.053155264196707235,39,20,19,0,0,0,0,0,0,0,0,1,0
1e5v,A,746,SER,-0.8,89.0,0.0,1,1,X,0.0,0.0,0.0,0.0,0.0,0.0,0.0,0.0,36,0.05035761871267001,35,32,3,0,0,0,0,0,0,0,0,1,0
1e5v,A,747,LYS,-3.9,168.6,1.0,2,0,X,0.0,0.0,0.0,0.0,0.0,0.0,0.0,0.0,29,0.048492521723311866,17,30,-13,0,0,0,0,0,0,0,0,1,0
1e5v,A,748,LEU,3.8,166.7,0.0,0,0,X,0.0,0.0,0.0,0.0,0.0,0.0,0.0,0.0,37,0.05408781269138631,20,28,-8,0,0,0,0,0,0,0,0,1,0
1e5v,A,749,ALA,1.8,88.6,0.0,0,0,X,0.0,0.0,0.0,0.0,0.0,0.0,0.0,0.0,42,0.048958795970651406,21,22,-1,0,0,0,0,0,0,0,0,1,0
1e5v,A,750,GLN,-3.5,143.8,0.0,2,2,X,0.0,0.0,0.0,0.0,0.0,0.0,0.0,0.0,38,0.048492521723311866,22,24,-2,0,0,0,0,0,0,0,0,1,0
1e5v,A,751,GLY,-0.4,60.1,0.0,0,0,X,0.0,0.0,0.0,0.0,0.0,0.0,0.0,0.0,44,0.056419183928083996,37,25,12,0,0,0,0,0,0,0,0,1,0
1e5v,A,752,ASN,-3.5,114.1,0.0,2,2,X,0.0,0.0,0.0,0.0,0.0,0.0,0.0,0.0,43,0.053621538444046775,44,19,25,0,0,0,0,0,0,0,0,1,0
1e5v,A,753,CYS,2.5,108.5,0.0,1,0,X,0.0,0.0,0.0,0.0,0.0,0.0,0.0,0.0,42,0.04942507021799094,42,18,24,0,0,0,0,0,0,0,0,1,0
1e5v,A,754,GLY,-0.4,60.1,0.0,0,0,X,0.0,0.0,0.0,0.0,0.0,0.0,0.0,0.0,41,0.04709369898129325,36,18,18,0,0,0,0,0,0,0,0,1,1
1e5v,A,755,GLN,-3.5,143.8,0.0,2,2,X,0.0,0.0,0.0,0.0,0.0,0.0,0.0,0.0,36,0.04755997322863279,32,7,25,0,0,0,0,0,0,0,0,1,1
1e5v,A,756,THR,-0.7,116.1,0.0,1,1,X,0.0,0.0,0.0,0.0,0.0,0.0,0.0,0.0,39,0.0526889899493677,44,13,31,0,0,0,0,0,0,0,0,1,0
1e5v,A,757,VAL,4.2,140.0,0.0,0,0,X,0.0,0.0,0.0,0.0,0.0,0.0,0.0,0.0,40,0.048492521723311866,28,11,17,0,0,0,0,0,0,0,0,1,0
1e5v,A,758,LEU,3.8,166.7,0.0,0,0,X,0.0,0.0,0.0,0.0,0.0,0.0,0.0,0.0,35,0.05129016720734909,37,26,11,0,0,0,0,0,0,0,0,1,0
1e5v,A,759,ALA,1.8,88.6,0.0,0,0,X,0.0,0.0,0.0,0.0,0.0,0.0,0.0,0.0,35,0.05129016720734909,44,23,21,0,0,0,0,0,0,0,0,1,0
1e5v,A,760,GLU,-3.5,138.4,-1.0,1,3,X,0.0,0.0,0.0,0.0,0.0,0.0,0.0,0.0,25,0.04429605349725603,44,15,29,0,0,0,0,0,0,0,0,1,0
1e5v,A,761,VAL,4.2,140.0,0.0,0,0,X,0.0,0.0,0.0,0.0,0.0,0.0,0.0,0.0,34,0.04429605349725603,40,27,13,0,0,0,0,0,0,0,0,1,0
1e5v,A,762,GLU,-3.5,138.4,-1.0,1,3,X,0.0,0.0,0.0,0.0,0.0,0.0,0.0,0.0,25,0.04149840801321881,40,11,29,0,0,0,0,0,0,0,0,1,0
1e5v,A,763,LYS,-3.9,168.6,1.0,2,0,X,0.0,0.0,0.0,0.0,0.0,0.0,0.0,0.0,21,0.03916703677652112,15,17,-2,0,0,0,0,0,0,0,0,1,0
1e5v,A,764,TYR,-1.3,193.6,0.0,1,1,X,0.0,0.0,0.0,0.0,0.0,0.0,0.0,0.0,23,0.03590311704514436,31,15,16,0,0,0,0,0,0,0,0,1,0
1e5v,A,765,THR,-0.7,116.1,0.0,1,1,X,0.0,0.0,0.0,0.0,0.0,0.0,0.0,0.0,11,0.02331371236697686,18,9,9,0,0,0,0,0,0,0,0,1,0
1e5v,A,766,GLY,-0.4,60.1,0.0,0,0,X,0.0,0.0,0.0,0.0,0.0,0.0,0.0,0.0,13,0.020049792635600097,13,4,9,0,0,0,0,0,0,0,0,1,0
1e5v,A,767,PRO,-1.6,112.7,0.0,0,0,X,0.0,0.0,0.0,0.0,0.0,0.0,0.0,0.0,12,0.017252147151562876,3,0,3,0,0,0,0,0,0,0,0,1,0
1e5v,A,768,ALA,1.8,88.6,0.0,0,0,X,0.0,0.0,0.0,0.0,0.0,0.0,0.0,0.0,13,0.01678587290422334,8,0,8,0,0,0,0,0,0,0,0,1,0
1e5v,A,769,VAL,4.2,140.0,0.0,0,0,X,0.0,0.0,0.0,0.0,0.0,0.0,0.0,0.0,19,0.02611135785101408,17,10,7,0,0,0,0,0,0,0,0,1,0
1e5v,A,770,THR,-0.7,116.1,0.0,1,1,X,0.0,0.0,0.0,0.0,0.0,0.0,0.0,0.0,17,0.020049792635600097,13,7,6,0,0,0,0,0,0,0,0,1,0
1e5v,A,771,LEU,3.8,166.7,0.0,0,0,X,0.0,0.0,0.0,0.0,0.0,0.0,0.0,0.0,25,0.032639197313767604,27,14,13,0,0,0,0,0,0,0,0,1,0
1e5v,A,772,THR,-0.7,116.1,0.0,1,1,X,0.0,0.0,0.0,0.0,0.0,0.0,0.0,0.0,24,0.030307826077069916,19,11,8,0,0,0,0,0,0,0,0,1,0
1e5v,A,773,GLY,-0.4,60.1,0.0,0,0,X,0.0,0.0,0.0,0.0,0.0,0.0,0.0,0.0,28,0.04429605349725603,24,9,15,0,0,0,0,0,0,0,0,1,0
1e5v,A,774,PHE,2.8,189.9,0.0,0,0,X,0.0,0.0,0.0,0.0,0.0,0.0,0.0,0.0,34,0.03963331102386066,23,9,14,0,0,0,0,0,0,0,0,1,0
1e5v,A,775,VAL,4.2,140.0,0.0,0,0,X,0.0,0.0,0.0,0.0,0.0,0.0,0.0,0.0,23,0.03310547156110714,22,10,12,0,0,0,0,0,0,0,0,1,0
1e5v,A,776,ALA,1.8,88.6,0.0,0,0,X,0.0,0.0,0.0,0.0,0.0,0.0,0.0,0.0,24,0.04243095650789788,29,10,19,0,0,0,0,0,0,0,0,1,0
1e5v,A,777,PRO,-1.6,112.7,0.0,0,0,X,0.0,0.0,0.0,0.0,0.0,0.0,0.0,0.0,29,0.0363693912924839,28,16,12,0,0,0,0,0,0,0,0,1,0
1e5v,A,778,LYS,-3.9,168.6,1.0,2,0,X,0.0,0.0,0.0,0.0,0.0,0.0,0.0,0.0,13,0.02331371236697686,1,15,-14,0,0,0,0,0,0,0,0,1,0
1e5v,A,779,ALA,1.8,88.6,0.0,0,0,X,0.0,0.0,0.0,0.0,0.0,0.0,0.0,0.0,18,0.030774100324409453,29,17,12,0,0,0,0,0,0,0,0,1,0
1e5v,A,780,ALA,1.8,88.6,0.0,0,0,X,0.0,0.0,0.0,0.0,0.0,0.0,0.0,0.0,26,0.04476232774459557,35,11,24,0,0,0,0,0,0,0,0,1,0
1e5v,A,781,GLU,-3.5,138.4,-1.0,1,3,X,0.0,0.0,0.0,0.0,0.0,0.0,0.0,0.0,17,0.027510180593032695,26,0,26,0,0,0,0,0,0,0,0,1,0
1e5v,C,3,LEU,3.8,166.7,0.0,0,0,X,0.0,0.0,0.0,0.0,0.0,0.0,0.0,0.0,10,0.01678587290422334,5,10,-5,0,0,0,0,0,0,0,0,1,0
1e5v,C,4,ALA,1.8,88.6,0.0,0,0,X,0.0,0.0,0.0,0.0,0.0,0.0,0.0,0.0,16,0.023779986614316396,7,14,-7,0,0,0,0,0,0,0,0,1,0
1e5v,C,5,ASN,-3.5,114.1,0.0,2,2,X,0.0,0.0,0.0,0.0,0.0,0.0,0.0,0.0,15,0.025645083603674543,5,9,-4,0,0,0,0,0,0,0,0,1,0
1e5v,C,6,GLY,-0.4,60.1,0.0,0,0,X,0.0,0.0,0.0,0.0,0.0,0.0,0.0,0.0,20,0.022847438119637322,5,9,-4,0,0,0,0,0,0,0,0,1,0
1e5v,C,7,THR,-0.7,116.1,0.0,1,1,X,0.0,0.0,0.0,0.0,0.0,0.0,0.0,0.0,21,0.025645083603674543,7,3,4,0,0,0,0,0,0,0,0,1,0
1e5v,C,8,VAL,4.2,140.0,0.0,0,0,X,0.0,0.0,0.0,0.0,0.0,0.0,0.0,0.0,30,0.034970568550465285,16,1,15,0,0,0,0,0,0,0,0,1,0
1e5v,C,9,MET,1.9,162.9,0.0,0,0,X,0.0,0.0,0.0,0.0,0.0,0.0,0.0,0.0,33,0.03916703677652112,13,7,6,0,0,0,0,0,0,0,0,1,0
1e5v,C,10,SER,-0.8,89.0,0.0,1,1,X,0.0,0.0,0.0,0.0,0.0,0.0,0.0,0.0,38,0.05035761871267001,18,11,7,0,0,0,0,0,0,0,0,1,0
1e5v,C,11,GLY,-0.4,60.1,0.0,0,0,X,0.0,0.0,0.0,0.0,0.0,0.0,0.0,0.0,41,0.04616115048661418,19,16,3,0,0,0,0,0,0,0,0,1,0
1e5v,C,12,SER,-0.8,89.0,0.0,1,1,X,0.0,0.0,0.0,0.0,0.0,0.0,0.0,0.0,41,0.04989134446533048,16,7,9,0,0,0,0,0,0,0,0,1,0
1e5v,C,13,HIS,-3.2,153.2,0.1,2,1,X,0.0,0.0,0.0,0.0,0.0,0.0,0.0,0.0,38,0.05035761871267001,17,8,9,0,0,0,0,0,0,0,0,1,0
1e5v,C,14,TRP,-0.9,227.8,0.0,1,0,X,0.0,0.0,0.0,0.0,0.0,0.0,0.0,0.0,40,0.05175644145468863,23,1,22,0,0,0,0,0,0,0,0,1,0
1e5v,C,15,GLY,-0.4,60.1,0.0,0,0,X,0.0,0.0,0.0,0.0,0.0,0.0,0.0,0.0,40,0.0526889899493677,19,14,5,0,0,0,0,0,0,0,0,1,0
1e5v,C,16,VAL,4.2,140.0,0.0,0,0,X,0.0,0.0,0.0,0.0,0.0,0.0,0.0,0.0,39,0.05035761871267001,20,19,1,0,0,0,0,0,0,0,0,1,0
1e5v,C,17,PHE,2.8,189.9,0.0,0,0,X,0.0,0.0,0.0,0.0,0.0,0.0,0.0,0.0,37,0.048026247475972325,7,4,3,0,0,0,0,0,0,0,0,1,0
1e5v,C,18,THR,-0.7,116.1,0.0,1,1,X,0.0,0.0,0.0,0.0,0.0,0.0,0.0,0.0,24,0.045228601991935104,1,4,-3,0,0,0,0,0,0,0,0,1,0
1e5v,C,19,ALA,1.8,88.6,0.0,0,0,X,0.0,0.0,0.0,0.0,0.0,0.0,0.0,0.0,30,0.048492521723311866,10,6,4,0,0,0,0,0,0,0,0,1,0
1e5v,C,20,THR,-0.7,116.1,0.0,1,1,X,0.0,0.0,0.0,0.0,0.0,0.0,0.0,0.0,23,0.03870076252918159,6,9,-3,0,0,0,0,0,0,0,0,1,0
1e5v,C,21,VAL,4.2,140.0,0.0,0,0,X,0.0,0.0,0.0,0.0,0.0,0.0,0.0,0.0,25,0.045228601991935104,10,10,0,0,0,0,0,0,0,0,0,1,0
1e5v,C,22,GLU,-3.5,138.4,-1.0,1,3,X,0.0,0.0,0.0,0.0,0.0,0.0,0.0,0.0,16,0.03450429430312575,9,0,9,0,0,0,0,0,0,0,0,1,0
1e5v,C,23,ASN,-3.5,114.1,0.0,2,2,X,0.0,0.0,0.0,0.0,0.0,0.0,0.0,0.0,13,0.026577632098353617,10,9,1,0,0,0,0,0,0,0,0,1,0
1e5v,C,24,GLY,-0.4,60.1,0.0,0,0,X,0.0,0.0,0.0,0.0,0.0,0.0,0.0,0.0,20,0.03310547156110714,11,18,-7,0,0,0,0,0,0,0,0,1,0
1e5v,C,25,ARG,-4.5,173.4,1.0,5,0,X,0.0,0.0,0.0,0.0,0.0,0.0,0.0,0.0,21,0.03357174580844668,0,15,-15,0,0,0,0,0,0,0,0,1,0
1e5v,C,26,ALA,1.8,88.6,0.0,0,0,X,0.0,0.0,0.0,0.0,0.0,0.0,0.0,0.0,29,0.04662742473395372,11,16,-5,0,0,0,0,0,0,0,0,1,0
1e5v,C,27,THR,-0.7,116.1,0.0,1,1,X,0.0,0.0,0.0,0.0,0.0,0.0,0.0,0.0,23,0.032639197313767604,11,11,0,0,0,0,0,0,0,0,0,1,0
1e5v,C,28,ALA,1.8,88.6,0.0,0,0,X,0.0,0.0,0.0,0.0,0.0,0.0,0.0,0.0,25,0.02984155182973038,7,9,-2,0,0,0,0,0,0,0,0,1,0
1e5v,C,29,PHE,2.8,189.9,0.0,0,0,X,0.0,0.0,0.0,0.0,0.0,0.0,0.0,0.0,34,0.04103213376587927,2,4,-2,0,0,0,0,0,0,0,0,1,0
1e5v,C,30,THR,-0.7,116.1,0.0,1,1,X,0.0,0.0,0.0,0.0,0.0,0.0,0.0,0.0,23,0.030307826077069916,1,7,-6,0,0,0,0,0,0,0,0,1,0
1e5v,C,31,PRO,-1.6,112.7,0.0,0,0,X,0.0,0.0,0.0,0.0,0.0,0.0,0.0,0.0,23,0.03776821403450251,12,16,-4,0,0,0,0,0,0,0,0,1,0
1e5v,C,32,TRP,-0.9,227.8,0.0,1,0,X,0.0,0.0,0.0,0.0,0.0,0.0,0.0,0.0,27,0.040565859518539735,17,28,-11,0,0,0,0,0,0,0,0,1,0
1e5v,C,33,GLU,-3.5,138.4,-1.0,1,3,X,0.0,0.0,0.0,0.0,0.0,0.0,0.0,0.0,13,0.024246260861655933,9,11,-2,0,0,0,0,0,0,0,0,1,0
1e5v,C,34,LYS,-3.9,168.6,1.0,2,0,X,0.0,0.0,0.0,0.0,0.0,0.0,0.0,0.0,14,0.025645083603674543,1,28,-27,0,0,0,0,0,0,0,0,1,0
1e5v,C,35,ASP,-3.5,111.1,-1.0,1,3,X,0.0,0.0,0.0,0.0,0.0,0.0,0.0,0.0,25,0.03916703677652112,28,15,13,0,0,0,0,0,0,0,0,1,0
1e5v,C,36,PRO,-1.6,112.7,0.0,0,0,X,0.0,0.0,0.0,0.0,0.0,0.0,0.0,0.0,20,0.03310547156110714,28,26,2,0,0,0,0,0,0,0,0,1,0
1e5v,C,37,HIS,-3.2,153.2,0.1,2,1,X,0.0,0.0,0.0,0.0,0.0,0.0,0.0,0.0,27,0.03310547156110714,14,17,-3,0,0,0,0,0,0,0,0,1,0
1e5v,C,38,PRO,-1.6,112.7,0.0,0,0,X,0.0,0.0,0.0,0.0,0.0,0.0,0.0,0.0,25,0.04149840801321881,24,15,9,0,0,0,0,0,0,0,0,1,0
1e5v,C,39,SER,-0.8,89.0,0.0,1,1,X,0.0,0.0,0.0,0.0,0.0,0.0,0.0,0.0,34,0.03870076252918159,26,7,19,0,0,0,0,0,0,0,0,1,0
1e5v,C,40,PRO,-1.6,112.7,0.0,0,0,X,0.0,0.0,0.0,0.0,0.0,0.0,0.0,0.0,20,0.02611135785101408,15,0,15,0,0,0,0,0,0,0,0,1,0
1e5v,C,41,MET,1.9,162.9,0.0,0,0,X,0.0,0.0,0.0,0.0,0.0,0.0,0.0,0.0,34,0.04243095650789788,18,1,17,0,0,0,0,0,0,0,0,1,1
1e5v,C,42,LEU,3.8,166.7,0.0,0,0,X,0.0,0.0,0.0,0.0,0.0,0.0,0.0,0.0,34,0.045694876239274644,8,6,2,0,0,0,0,0,0,0,0,1,0
1e5v,C,43,ALA,1.8,88.6,0.0,0,0,X,0.0,0.0,0.0,0.0,0.0,0.0,0.0,0.0,23,0.03590311704514436,1,8,-7,0,0,0,0,0,0,0,0,1,0
1e5v,C,44,GLY,-0.4,60.1,0.0,0,0,X,0.0,0.0,0.0,0.0,0.0,0.0,0.0,0.0,30,0.045228601991935104,8,8,0,0,0,0,0,0,0,0,0,1,0
1e5v,C,45,VAL,4.2,140.0,0.0,0,0,X,0.0,0.0,0.0,0.0,0.0,0.0,0.0,0.0,37,0.04662742473395372,4,8,-4,0,0,0,0,0,0,0,0,1,0
1e5v,C,46,LEU,3.8,166.7,0.0,0,0,X,0.0,0.0,0.0,0.0,0.0,0.0,0.0,0.0,31,0.04709369898129325,11,8,3,0,0,0,0,0,0,0,0,1,0
1e5v,C,47,ASP,-3.5,111.1,-1.0,1,3,X,0.0,0.0,0.0,0.0,0.0,0.0,0.0,0.0,29,0.04196468226055834,12,0,12,0,0,0,0,0,0,0,0,1,0
1e5v,C,48,SER,-0.8,89.0,0.0,1,1,X,0.0,0.0,0.0,0.0,0.0,0.0,0.0,0.0,37,0.04942507021799094,12,12,0,0,0,0,0,0,0,0,0,1,0
1e5v,C,49,ILE,4.5,166.7,0.0,0,0,X,0.0,0.0,0.0,0.0,0.0,0.0,0.0,0.0,37,0.04709369898129325,20,18,2,0,0,0,0,0,0,0,0,1,0
1e5v,C,50,TYR,-1.3,193.6,0.0,1,1,X,0.0,0.0,0.0,0.0,0.0,0.0,0.0,0.0,29,0.03870076252918159,23,13,10,0,0,0,0,0,0,0,0,1,0
1e5v,C,51,SER,-0.8,89.0,0.0,1,1,X,0.0,0.0,0.0,0.0,0.0,0.0,0.0,0.0,32,0.03683566553982344,22,9,13,0,0,0,0,0,0,0,0,1,0
1e5v,C,52,PRO,-1.6,112.7,0.0,0,0,X,0.0,0.0,0.0,0.0,0.0,0.0,0.0,0.0,30,0.03124037457174899,20,16,4,0,0,0,0,0,0,0,0,1,0
1e5v,C,53,THR,-0.7,116.1,0.0,1,1,X,0.0,0.0,0.0,0.0,0.0,0.0,0.0,0.0,33,0.045694876239274644,26,15,11,0,0,0,0,0,0,0,0,1,0
1e5v,C,54,ARG,-4.5,173.4,1.0,5,0,X,0.0,0.0,0.0,0.0,0.0,0.0,0.0,0.0,35,0.048958795970651406,10,20,-10,0,0,0,0,0,0,0,0,1,0
1e5v,C,55,ILE,4.5,166.7,0.0,0,0,X,0.0,0.0,0.0,0.0,0.0,0.0,0.0,0.0,39,0.05222271570202816,30,19,11,0,0,0,0,0,0,0,0,1,0
1e5v,C,56,LYS,-3.9,168.6,1.0,2,0,X,0.0,0.0,0.0,0.0,0.0,0.0,0.0,0.0,30,0.04942507021799094,19,20,-1,0,0,0,0,0,0,0,0,1,0
1e5v,C,57,TYR,-1.3,193.6,0.0,1,1,X,0.0,0.0,0.0,0.0,0.0,0.0,0.0,0.0,25,0.050823892960009553,27,16,11,0,0,0,0,0,0,0,0,1,0
1e5v,C,58,PRO,-1.6,112.7,0.0,0,0,X,0.0,0.0,0.0,0.0,0.0,0.0,0.0,0.0,34,0.05222271570202816,27,14,13,0,0,0,0,0,0,0,0,1,0
1e5v,C,59,MET,1.9,162.9,0.0,0,0,X,0.0,0.0,0.0,0.0,0.0,0.0,0.0,0.0,34,0.04942507021799094,31,12,19,0,0,0,0,0,0,0,0,1,0
1e5v,C,60,VAL,4.2,140.0,0.0,0,0,X,0.0,0.0,0.0,0.0,0.0,0.0,0.0,0.0,31,0.048958795970651406,28,27,1,0,0,0,0,0,0,0,0,1,0
1e5v,C,61,ARG,-4.5,173.4,1.0,5,0,X,0.0,0.0,0.0,0.0,0.0,0.0,0.0,0.0,33,0.053155264196707235,45,43,2,0,0,0,0,0,0,0,0,1,0
1e5v,C,62,ARG,-4.5,173.4,1.0,5,0,X,0.0,0.0,0.0,0.0,0.0,0.0,0.0,0.0,19,0.04103213376587927,22,27,-5,0,0,0,0,0,0,0,0,1,0
1e5v,C,63,GLU,-3.5,138.4,-1.0,1,3,X,0.0,0.0,0.0,0.0,0.0,0.0,0.0,0.0,24,0.043829779249916496,48,33,15,0,0,0,0,0,0,0,0,1,0
1e5v,C,64,PHE,2.8,189.9,0.0,0,0,X,0.0,0.0,0.0,0.0,0.0,0.0,0.0,0.0,30,0.04755997322863279,43,44,-1,0,0,0,0,0,0,0,0,1,0
1e5v,C,65,LEU,3.8,166.7,0.0,0,0,X,0.0,0.0,0.0,0.0,0.0,0.0,0.0,0.0,21,0.035436842797804825,33,25,8,0,0,0,0,0,0,0,0,1,0
1e5v,C,66,GLU,-3.5,138.4,-1.0,1,3,X,0.0,0.0,0.0,0.0,0.0,0.0,0.0,0.0,14,0.026577632098353617,29,14,15,0,0,0,0,0,0,0,0,1,0
1e5v,C,67,LYS,-3.9,168.6,1.0,2,0,X,0.0,0.0,0.0,0.0,0.0,0.0,0.0,0.0,13,0.02984155182973038,17,26,-9,0,0,0,0,0,0,0,0,1,0
1e5v,C,68,GLY,-0.4,60.1,0.0,0,0,X,0.0,0.0,0.0,0.0,0.0,0.0,0.0,0.0,23,0.0363693912924839,42,42,0,0,0,0,0,0,0,0,0,1,0
1e5v,C,69,VAL,4.2,140.0,0.0,0,0,X,0.0,0.0,0.0,0.0,0.0,0.0,0.0,0.0,23,0.03357174580844668,35,27,8,0,0,0,0,0,0,0,0,1,0
1e5v,C,70,ASN,-3.5,114.1,0.0,2,2,X,0.0,0.0,0.0,0.0,0.0,0.0,0.0,0.0,14,0.02471253510899547,20,24,-4,0,0,0,0,0,0,0,0,1,0
1e5v,C,71,ALA,1.8,88.6,0.0,0,0,X,0.0,0.0,0.0,0.0,0.0,0.0,0.0,0.0,20,0.03916703677652112,42,43,-1,0,0,0,0,0,0,0,0,1,0
1e5v,C,72,ASP,-3.5,111.1,-1.0,1,3,X,0.0,0.0,0.0,0.0,0.0,0.0,0.0,0.0,21,0.030774100324409453,40,21,19,0,0,0,0,0,0,0,0,1,0
1e5v,C,73,ARG,-4.5,173.4,1.0,5,0,X,0.0,0.0,0.0,0.0,0.0,0.0,0.0,0.0,25,0.03730193978716297,34,39,-5,0,0,0,0,0,0,0,0,1,0
1e5v,C,74,SER,-0.8,89.0,0.0,1,1,X,0.0,0.0,0.0,0.0,0.0,0.0,0.0,0.0,22,0.03403802005578621,40,31,9,0,0,0,0,0,0,0,0,1,0
1e5v,C,75,THR,-0.7,116.1,0.0,1,1,X,0.0,0.0,0.0,0.0,0.0,0.0,0.0,0.0,24,0.03730193978716297,44,40,4,0,0,0,0,0,0,0,0,1,0
1e5v,C,76,ARG,-4.5,173.4,1.0,5,0,X,0.0,0.0,0.0,0.0,0.0,0.0,0.0,0.0,39,0.04662742473395372,45,40,5,0,0,0,0,0,0,0,0,1,0
1e5v,C,77,GLY,-0.4,60.1,0.0,0,0,X,0.0,0.0,0.0,0.0,0.0,0.0,0.0,0.0,33,0.040099585271200194,42,25,17,0,0,0,0,0,0,0,0,1,0
1e5v,C,78,ASN,-3.5,114.1,0.0,2,2,X,0.0,0.0,0.0,0.0,0.0,0.0,0.0,0.0,22,0.035436842797804825,45,25,20,0,0,0,0,0,0,0,0,1,0
1e5v,C,79,GLY,-0.4,60.1,0.0,0,0,X,0.0,0.0,0.0,0.0,0.0,0.0,0.0,0.0,26,0.03403802005578621,53,13,40,0,0,0,0,0,0,0,0,1,0
1e5v,C,80,ASP,-3.5,111.1,-1.0,1,3,X,0.0,0.0,0.0,0.0,0.0,0.0,0.0,0.0,26,0.034970568550465285,36,14,22,0,0,0,0,0,0,0,0,1,0
1e5v,C,81,PHE,2.8,189.9,0.0,0,0,X,0.0,0.0,0.0,0.0,0.0,0.0,0.0,0.0,33,0.043829779249916496,52,24,28,0,0,0,0,0,0,0,0,1,0
1e5v,C,82,VAL,4.2,140.0,0.0,0,0,X,0.0,0.0,0.0,0.0,0.0,0.0,0.0,0.0,26,0.03776821403450251,29,19,10,0,0,0,0,0,0,0,0,1,0
1e5v,C,83,ARG,-4.5,173.4,1.0,5,0,X,0.0,0.0,0.0,0.0,0.0,0.0,0.0,0.0,21,0.03683566553982344,9,12,-3,0,0,0,0,0,0,0,0,1,0
1e5v,C,84,VAL,4.2,140.0,0.0,0,0,X,0.0,0.0,0.0,0.0,0.0,0.0,0.0,0.0,25,0.03683566553982344,17,13,4,0,0,0,0,0,0,0,0,1,0
1e5v,C,85,SER,-0.8,89.0,0.0,1,1,X,0.0,0.0,0.0,0.0,0.0,0.0,0.0,0.0,21,0.03310547156110714,18,20,-2,0,0,0,0,0,0,0,0,1,0
1e5v,C,86,TRP,-0.9,227.8,0.0,1,0,X,0.0,0.0,0.0,0.0,0.0,0.0,0.0,0.0,32,0.03823448828184205,24,24,0,0,0,0,0,0,0,0,0,1,0
1e5v,C,87,ASP,-3.5,111.1,-1.0,1,3,X,0.0,0.0,0.0,0.0,0.0,0.0,0.0,0.0,15,0.03170664881908853,12,9,3,0,0,0,0,0,0,0,0,1,0
1e5v,C,88,GLN,-3.5,143.8,0.0,2,2,X,0.0,0.0,0.0,0.0,0.0,0.0,0.0,0.0,18,0.03310547156110714,9,16,-7,0,0,0,0,0,0,0,0,1,0
1e5v,C,89,ALA,1.8,88.6,0.0,0,0,X,0.0,0.0,0.0,0.0,0.0,0.0,0.0,0.0,33,0.048958795970651406,16,21,-5,0,0,0,0,0,0,0,0,1,0
1e5v,C,90,LEU,3.8,166.7,0.0,0,0,X,0.0,0.0,0.0,0.0,0.0,0.0,0.0,0.0,32,0.04476232774459557,21,23,-2,0,0,0,0,0,0,0,0,1,0
1e5v,C,91,ASP,-3.5,111.1,-1.0,1,3,X,0.0,0.0,0.0,0.0,0.0,0.0,0.0,0.0,20,0.03450429430312575,11,13,-2,0,0,0,0,0,0,0,0,1,0
1e5v,C,92,LEU,3.8,166.7,0.0,0,0,X,0.0,0.0,0.0,0.0,0.0,0.0,0.0,0.0,30,0.03357174580844668,11,25,-14,0,0,0,0,0,0,0,0,1,0
1e5v,C,93,VAL,4.2,140.0,0.0,0,0,X,0.0,0.0,0.0,0.0,0.0,0.0,0.0,0.0,39,0.04196468226055834,22,22,0,0,0,0,0,0,0,0,0,1,0
1e5v,C,94,ALA,1.8,88.6,0.0,0,0,X,0.0,0.0,0.0,0.0,0.0,0.0,0.0,0.0,32,0.04243095650789788,27,27,0,0,0,0,0,0,0,0,0,1,0
1e5v,C,95,ALA,1.8,88.6,0.0,0,0,X,0.0,0.0,0.0,0.0,0.0,0.0,0.0,0.0,22,0.03357174580844668,28,25,3,0,0,0,0,0,0,0,0,1,0
1e5v,C,96,GLU,-3.5,138.4,-1.0,1,3,X,0.0,0.0,0.0,0.0,0.0,0.0,0.0,0.0,32,0.03776821403450251,21,23,-2,0,0,0,0,0,0,0,0,1,0
1e5v,C,97,VAL,4.2,140.0,0.0,0,0,X,0.0,0.0,0.0,0.0,0.0,0.0,0.0,0.0,39,0.04429605349725603,23,27,-4,0,0,0,0,0,0,0,0,1,0
1e5v,C,98,LYS,-3.9,168.6,1.0,2,0,X,0.0,0.0,0.0,0.0,0.0,0.0,0.0,0.0,28,0.03776821403450251,16,28,-12,0,0,0,0,0,0,0,0,1,0
1e5v,C,99,ARG,-4.5,173.4,1.0,5,0,X,0.0,0.0,0.0,0.0,0.0,0.0,0.0,0.0,22,0.03590311704514436,15,34,-19,0,0,0,0,0,0,0,0,1,0
1e5v,C,100,VAL,4.2,140.0,0.0,0,0,X,0.0,0.0,0.0,0.0,0.0,0.0,0.0,0.0,31,0.050823892960009553,29,44,-15,0,0,0,0,0,0,0,0,1,0
1e5v,C,101,GLU,-3.5,138.4,-1.0,1,3,X,0.0,0.0,0.0,0.0,0.0,0.0,0.0,0.0,30,0.04662742473395372,20,23,-3,0,0,0,0,0,0,0,0,1,0
1e5v,C,102,GLU,-3.5,138.4,-1.0,1,3,X,0.0,0.0,0.0,0.0,0.0,0.0,0.0,0.0,16,0.029375277582390842,18,11,7,0,0,0,0,0,0,0,0,1,0
1e5v,C,103,THR,-0.7,116.1,0.0,1,1,X,0.0,0.0,0.0,0.0,0.0,0.0,0.0,0.0,18,0.025645083603674543,24,28,-4,0,0,0,0,0,0,0,0,1,0
1e5v,C,104,TYR,-1.3,193.6,0.0,1,1,X,0.0,0.0,0.0,0.0,0.0,0.0,0.0,0.0,21,0.03450429430312575,24,39,-15,0,0,0,0,0,0,0,0,1,0
1e5v,C,105,GLY,-0.4,60.1,0.0,0,0,X,0.0,0.0,0.0,0.0,0.0,0.0,0.0,0.0,25,0.0363693912924839,16,34,-18,0,0,0,0,0,0,0,0,1,0
1e5v,C,106,PRO,-1.6,112.7,0.0,0,0,X,0.0,0.0,0.0,0.0,0.0,0.0,0.0,0.0,29,0.03450429430312575,3,26,-23,0,0,0,0,0,0,0,0,1,0
1e5v,C,107,GLU,-3.5,138.4,-1.0,1,3,X,0.0,0.0,0.0,0.0,0.0,0.0,0.0,0.0,27,0.040565859518539735,8,20,-12,0,0,0,0,0,0,0,0,1,0
1e5v,C,108,GLY,-0.4,60.1,0.0,0,0,X,0.0,0.0,0.0,0.0,0.0,0.0,0.0,0.0,37,0.05222271570202816,19,39,-20,0,0,0,0,0,0,0,0,1,0
1e5v,C,109,VAL,4.2,140.0,0.0,0,0,X,0.0,0.0,0.0,0.0,0.0,0.0,0.0,0.0,41,0.04989134446533048,12,25,-13,0,0,0,0,0,0,0,0,1,0
1e5v,C,110,PHE,2.8,189.9,0.0,0,0,X,0.0,0.0,0.0,0.0,0.0,0.0,0.0,0.0,43,0.04755997322863279,11,6,5,0,0,0,0,0,0,0,0,1,0
1e5v,C,111,GLY,-0.4,60.1,0.0,0,0,X,0.0,0.0,0.0,0.0,0.0,0.0,0.0,0.0,42,0.05175644145468863,12,3,9,0,0,0,0,0,0,0,0,1,0
1e5v,C,112,GLY,-0.4,60.1,0.0,0,0,X,0.0,0.0,0.0,0.0,0.0,0.0,0.0,0.0,37,0.04476232774459557,13,1,12,0,0,0,0,0,0,0,0,1,0
1e5v,C,113,SER,-0.8,89.0,0.0,1,1,X,0.0,0.0,0.0,0.0,0.0,0.0,0.0,0.0,40,0.04662742473395372,22,0,22,0,0,0,0,0,0,0,0,1,0
1e5v,C,114,TYR,-1.3,193.6,0.0,1,1,X,0.0,0.0,0.0,0.0,0.0,0.0,0.0,0.0,31,0.04243095650789788,31,8,23,0,0,0,0,0,0,0,0,1,1
1e5v,C,115,GLY,-0.4,60.1,0.0,0,0,X,0.0,0.0,0.0,0.0,0.0,0.0,0.0,0.0,31,0.04149840801321881,31,6,25,0,0,0,0,0,0,0,0,1,1
1e5v,C,116,TRP,-0.9,227.8,0.0,1,0,X,0.0,0.0,0.0,0.0,0.0,0.0,0.0,0.0,30,0.04103213376587927,35,7,28,0,0,0,0,0,0,0,0,1,1
1e5v,C,117,LYS,-3.9,168.6,1.0,2,0,X,0.0,0.0,0.0,0.0,0.0,0.0,0.0,0.0,38,0.04103213376587927,26,10,16,0,0,0,0,0,0,0,0,1,1
1e5v,C,118,SER,-0.8,89.0,0.0,1,1,X,0.0,0.0,0.0,0.0,0.0,0.0,0.0,0.0,37,0.043829779249916496,38,14,24,0,0,0,0,0,0,0,0,1,1
1e5v,C,119,PRO,-1.6,112.7,0.0,0,0,X,0.0,0.0,0.0,0.0,0.0,0.0,0.0,0.0,36,0.053621538444046775,43,20,23,0,0,0,0,0,0,0,0,1,0
1e5v,C,120,GLY,-0.4,60.1,0.0,0,0,X,0.0,0.0,0.0,0.0,0.0,0.0,0.0,0.0,34,0.04662742473395372,41,17,24,0,0,0,0,0,0,0,0,1,0
1e5v,C,121,ARG,-4.5,173.4,1.0,5,0,X,0.0,0.0,0.0,0.0,0.0,0.0,0.0,0.0,31,0.04755997322863279,12,17,-5,0,0,0,0,0,0,0,0,1,0
1e5v,C,122,LEU,3.8,166.7,0.0,0,0,X,0.0,0.0,0.0,0.0,0.0,0.0,0.0,0.0,37,0.053155264196707235,39,34,5,0,0,0,0,0,0,0,0,1,0
1e5v,C,123,HIS,-3.2,153.2,0.1,2,1,X,0.0,0.0,0.0,0.0,0.0,0.0,0.0,0.0,38,0.04662742473395372,28,38,-10,0,0,0,0,0,0,0,0,1,0
1e5v,C,124,ASN,-3.5,114.1,0.0,2,2,X,0.0,0.0,0.0,0.0,0.0,0.0,0.0,0.0,35,0.04709369898129325,50,19,31,0,0,0,0,0,0,0,0,1,0
1e5v,C,125,CYS,2.5,108.5,0.0,1,0,X,0.0,0.0,0.0,0.0,0.0,0.0,0.0,0.0,42,0.048026247475972325,49,12,37,0,0,0,0,0,0,0,0,1,1
1e5v,C,126,THR,-0.7,116.1,0.0,1,1,X,0.0,0.0,0.0,0.0,0.0,0.0,0.0,0.0,35,0.04709369898129325,33,12,21,0,0,0,0,0,0,0,0,1,0
1e5v,C,127,THR,-0.7,116.1,0.0,1,1,X,0.0,0.0,0.0,0.0,0.0,0.0,0.0,0.0,32,0.04243095650789788,39,11,28,0,0,0,0,0,0,0,0,1,0
1e5v,C,128,LEU,3.8,166.7,0.0,0,0,X,0.0,0.0,0.0,0.0,0.0,0.0,0.0,0.0,36,0.05688545817542354,40,20,20,0,0,0,0,0,0,0,0,1,0
1e5v,C,129,LEU,3.8,166.7,0.0,0,0,X,0.0,0.0,0.0,0.0,0.0,0.0,0.0,0.0,41,0.05455408693872585,26,15,11,0,0,0,0,0,0,0,0,1,0
1e5v,C,130,ARG,-4.5,173.4,1.0,5,0,X,0.0,0.0,0.0,0.0,0.0,0.0,0.0,0.0,33,0.05035761871267001,9,8,1,0,0,0,0,0,0,0,0,1,0
1e5v,C,131,ARG,-4.5,173.4,1.0,5,0,X,0.0,0.0,0.0,0.0,0.0,0.0,0.0,0.0,32,0.05408781269138631,12,20,-8,0,0,0,0,0,0,0,0,1,0
1e5v,C,132,MET,1.9,162.9,0.0,0,0,X,0.0,0.0,0.0,0.0,0.0,0.0,0.0,0.0,44,0.05175644145468863,30,14,16,0,0,0,0,0,0,0,0,1,0
1e5v,C,133,LEU,3.8,166.7,0.0,0,0,X,0.0,0.0,0.0,0.0,0.0,0.0,0.0,0.0,39,0.045228601991935104,22,14,8,0,0,0,0,0,0,0,0,1,0
1e5v,C,134,THR,-0.7,116.1,0.0,1,1,X,0.0,0.0,0.0,0.0,0.0,0.0,0.0,0.0,26,0.03870076252918159,25,16,9,0,0,0,0,0,0,0,0,1,0
1e5v,C,135,LEU,3.8,166.7,0.0,0,0,X,0.0,0.0,0.0,0.0,0.0,0.0,0.0,0.0,30,0.03683566553982344,28,19,9,0,0,0,0,0,0,0,0,1,0
1e5v,C,136,ALA,1.8,88.6,0.0,0,0,X,0.0,0.0,0.0,0.0,0.0,0.0,0.0,0.0,27,0.03963331102386066,28,18,10,0,0,0,0,0,0,0,0,1,0
1e5v,C,137,GLY,-0.4,60.1,0.0,0,0,X,0.0,0.0,0.0,0.0,0.0,0.0,0.0,0.0,24,0.029375277582390842,15,22,-7,0,0,0,0,0,0,0,0,1,0
1e5v,C,138,GLY,-0.4,60.1,0.0,0,0,X,0.0,0.0,0.0,0.0,0.0,0.0,0.0,0.0,31,0.03590311704514436,13,20,-7,0,0,0,0,0,0,0,0,1,0
1e5v,C,139,TYR,-1.3,193.6,0.0,1,1,X,0.0,0.0,0.0,0.0,0.0,0.0,0.0,0.0,33,0.045694876239274644,16,17,-1,0,0,0,0,0,0,0,0,1,0
1e5v,C,140,VAL,4.2,140.0,0.0,0,0,X,0.0,0.0,0.0,0.0,0.0,0.0,0.0,0.0,35,0.048026247475972325,8,16,-8,0,0,0,0,0,0,0,0,1,0
1e5v,C,141,ASN,-3.5,114.1,0.0,2,2,X,0.0,0.0,0.0,0.0,0.0,0.0,0.0,0.0,28,0.040565859518539735,11,2,9,0,0,0,0,0,0,0,0,1,0
1e5v,C,142,GLY,-0.4,60.1,0.0,0,0,X,0.0,0.0,0.0,0.0,0.0,0.0,0.0,0.0,28,0.040565859518539735,12,5,7,0,0,0,0,0,0,0,0,1,0
1e5v,C,143,ALA,1.8,88.6,0.0,0,0,X,0.0,0.0,0.0,0.0,0.0,0.0,0.0,0.0,28,0.029375277582390842,6,8,-2,0,0,0,0,0,0,0,0,1,0
1e5v,C,144,GLY,-0.4,60.1,0.0,0,0,X,0.0,0.0,0.0,0.0,0.0,0.0,0.0,0.0,28,0.03310547156110714,1,8,-7,0,0,0,0,0,0,0,0,1,0
1e5v,C,145,ASP,-3.5,111.1,-1.0,1,3,X,0.0,0.0,0.0,0.0,0.0,0.0,0.0,0.0,33,0.03823448828184205,11,0,11,0,0,0,0,0,0,0,0,1,0
1e5v,C,146,TYR,-1.3,193.6,0.0,1,1,X,0.0,0.0,0.0,0.0,0.0,0.0,0.0,0.0,37,0.043363505002576956,44,13,31,0,0,0,0,0,0,0,0,1,1
1e5v,C,147,SER,-0.8,89.0,0.0,1,1,X,0.0,0.0,0.0,0.0,0.0,0.0,0.0,0.0,31,0.040099585271200194,27,9,18,0,0,0,0,0,0,0,0,1,1
1e5v,C,148,THR,-0.7,116.1,0.0,1,1,X,0.0,0.0,0.0,0.0,0.0,0.0,0.0,0.0,39,0.04662742473395372,20,15,5,0,0,0,0,0,0,0,0,1,0
1e5v,C,149,GLY,-0.4,60.1,0.0,0,0,X,0.0,0.0,0.0,0.0,0.0,0.0,0.0,0.0,39,0.05035761871267001,14,17,-3,0,0,0,0,0,0,0,0,1,0
1e5v,C,150,ALA,1.8,88.6,0.0,0,0,X,0.0,0.0,0.0,0.0,0.0,0.0,0.0,0.0,44,0.05129016720734909,30,17,13,0,0,0,0,0,0,0,0,1,0
1e5v,C,151,ALA,1.8,88.6,0.0,0,0,X,0.0,0.0,0.0,0.0,0.0,0.0,0.0,0.0,39,0.05175644145468863,20,22,-2,0,0,0,0,0,0,0,0,1,0
1e5v,C,152,GLN,-3.5,143.8,0.0,2,2,X,0.0,0.0,0.0,0.0,0.0,0.0,0.0,0.0,33,0.04289723075523742,4,20,-16,0,0,0,0,0,0,0,0,1,0
1e5v,C,153,VAL,4.2,140.0,0.0,0,0,X,0.0,0.0,0.0,0.0,0.0,0.0,0.0,0.0,35,0.043829779249916496,12,12,0,0,0,0,0,0,0,0,0,1,0
1e5v,C,154,ILE,4.5,166.7,0.0,0,0,X,0.0,0.0,0.0,0.0,0.0,0.0,0.0,0.0,41,0.04989134446533048,21,17,4,0,0,0,0,0,0,0,0,1,0
1e5v,C,155,MET,1.9,162.9,0.0,0,0,X,0.0,0.0,0.0,0.0,0.0,0.0,0.0,0.0,39,0.050823892960009553,22,23,-1,0,0,0,0,0,0,0,0,1,0
1e5v,C,156,PRO,-1.6,112.7,0.0,0,0,X,0.0,0.0,0.0,0.0,0.0,0.0,0.0,0.0,28,0.04196468226055834,10,16,-6,0,0,0,0,0,0,0,0,1,0
1e5v,C,157,HIS,-3.2,153.2,0.1,2,1,X,0.0,0.0,0.0,0.0,0.0,0.0,0.0,0.0,35,0.048026247475972325,4,12,-8,0,0,0,0,0,0,0,0,1,0
1e5v,C,158,VAL,4.2,140.0,0.0,0,0,X,0.0,0.0,0.0,0.0,0.0,0.0,0.0,0.0,46,0.05035761871267001,17,16,1,0,0,0,0,0,0,0,0,1,0
1e5v,C,159,VAL,4.2,140.0,0.0,0,0,X,0.0,0.0,0.0,0.0,0.0,0.0,0.0,0.0,37,0.05129016720734909,15,21,-6,0,0,0,0,0,0,0,0,1,0
1e5v,C,160,GLY,-0.4,60.1,0.0,0,0,X,0.0,0.0,0.0,0.0,0.0,0.0,0.0,0.0,27,0.03963331102386066,12,19,-7,0,0,0,0,0,0,0,0,1,0
1e5v,C,161,THR,-0.7,116.1,0.0,1,1,X,0.0,0.0,0.0,0.0,0.0,0.0,0.0,0.0,23,0.03450429430312575,11,18,-7,0,0,0,0,0,0,0,0,1,0
1e5v,C,162,LEU,3.8,166.7,0.0,0,0,X,0.0,0.0,0.0,0.0,0.0,0.0,0.0,0.0,26,0.040565859518539735,6,20,-14,0,0,0,0,0,0,0,0,1,0
1e5v,C,163,GLU,-3.5,138.4,-1.0,1,3,X,0.0,0.0,0.0,0.0,0.0,0.0,0.0,0.0,32,0.048026247475972325,16,9,7,0,0,0,0,0,0,0,0,1,0
1e5v,C,164,VAL,4.2,140.0,0.0,0,0,X,0.0,0.0,0.0,0.0,0.0,0.0,0.0,0.0,34,0.048958795970651406,16,21,-5,0,0,0,0,0,0,0,0,1,0
1e5v,C,165,TYR,-1.3,193.6,0.0,1,1,X,0.0,0.0,0.0,0.0,0.0,0.0,0.0,0.0,28,0.03823448828184205,3,30,-27,0,0,0,0,0,0,0,0,1,0
1e5v,C,166,GLU,-3.5,138.4,-1.0,1,3,X,0.0,0.0,0.0,0.0,0.0,0.0,0.0,0.0,24,0.03823448828184205,10,10,0,0,0,0,0,0,0,0,0,1,0
1e5v,C,167,GLN,-3.5,143.8,0.0,2,2,X,0.0,0.0,0.0,0.0,0.0,0.0,0.0,0.0,34,0.043363505002576956,10,21,-11,0,0,0,0,0,0,0,0,1,0
1e5v,C,168,GLN,-3.5,143.8,0.0,2,2,X,0.0,0.0,0.0,0.0,0.0,0.0,0.0,0.0,38,0.05175644145468863,15,18,-3,0,0,0,0,0,0,0,0,1,0
1e5v,C,169,THR,-0.7,116.1,0.0,1,1,X,0.0,0.0,0.0,0.0,0.0,0.0,0.0,0.0,40,0.05129016720734909,11,8,3,0,0,0,0,0,0,0,0,1,0
1e5v,C,170,ALA,1.8,88.6,0.0,0,0,X,0.0,0.0,0.0,0.0,0.0,0.0,0.0,0.0,34,0.0526889899493677,7,14,-7,0,0,0,0,0,0,0,0,1,0
1e5v,C,171,TRP,-0.9,227.8,0.0,1,0,X,0.0,0.0,0.0,0.0,0.0,0.0,0.0,0.0,40,0.04662742473395372,5,7,-2,0,0,0,0,0,0,0,0,1,0
1e5v,C,172,PRO,-1.6,112.7,0.0,0,0,X,0.0,0.0,0.0,0.0,0.0,0.0,0.0,0.0,31,0.035436842797804825,4,18,-14,0,0,0,0,0,0,0,0,1,0
1e5v,C,173,VAL,4.2,140.0,0.0,0,0,X,0.0,0.0,0.0,0.0,0.0,0.0,0.0,0.0,29,0.043829779249916496,6,18,-12,0,0,0,0,0,0,0,0,1,0
1e5v,C,174,LEU,3.8,166.7,0.0,0,0,X,0.0,0.0,0.0,0.0,0.0,0.0,0.0,0.0,39,0.04616115048661418,12,14,-2,0,0,0,0,0,0,0,0,1,0
1e5v,C,175,ALA,1.8,88.6,0.0,0,0,X,0.0,0.0,0.0,0.0,0.0,0.0,0.0,0.0,27,0.04243095650789788,14,19,-5,0,0,0,0,0,0,0,0,1,0
1e5v,C,176,GLU,-3.5,138.4,-1.0,1,3,X,0.0,0.0,0.0,0.0,0.0,0.0,0.0,0.0,18,0.02611135785101408,10,4,6,0,0,0,0,0,0,0,0,1,0
1e5v,C,177,ASN,-3.5,114.1,0.0,2,2,X,0.0,0.0,0.0,0.0,0.0,0.0,0.0,0.0,24,0.03730193978716297,17,18,-1,0,0,0,0,0,0,0,0,1,0
1e5v,C,178,THR,-0.7,116.1,0.0,1,1,X,0.0,0.0,0.0,0.0,0.0,0.0,0.0,0.0,32,0.048026247475972325,31,17,14,0,0,0,0,0,0,0,0,1,0
1e5v,C,179,GLU,-3.5,138.4,-1.0,1,3,X,0.0,0.0,0.0,0.0,0.0,0.0,0.0,0.0,27,0.03776821403450251,31,5,26,0,0,0,0,0,0,0,0,1,0
1e5v,C,180,VAL,4.2,140.0,0.0,0,0,X,0.0,0.0,0.0,0.0,0.0,0.0,0.0,0.0,32,0.048958795970651406,28,13,15,0,0,0,0,0,0,0,0,1,0
1e5v,C,181,MET,1.9,162.9,0.0,0,0,X,0.0,0.0,0.0,0.0,0.0,0.0,0.0,0.0,41,0.04942507021799094,13,6,7,0,0,0,0,0,0,0,0,1,0
1e5v,C,182,VAL,4.2,140.0,0.0,0,0,X,0.0,0.0,0.0,0.0,0.0,0.0,0.0,0.0,43,0.04989134446533048,9,7,2,0,0,0,0,0,0,0,0,1,0
1e5v,C,183,PHE,2.8,189.9,0.0,0,0,X,0.0,0.0,0.0,0.0,0.0,0.0,0.0,0.0,38,0.04942507021799094,11,15,-4,0,0,0,0,0,0,0,0,1,0
1e5v,C,184,TRP,-0.9,227.8,0.0,1,0,X,0.0,0.0,0.0,0.0,0.0,0.0,0.0,0.0,37,0.04476232774459557,7,16,-9,0,0,0,0,0,0,0,0,1,0
1e5v,C,185,ALA,1.8,88.6,0.0,0,0,X,0.0,0.0,0.0,0.0,0.0,0.0,0.0,0.0,40,0.040099585271200194,20,22,-2,0,0,0,0,0,0,0,0,1,1
1e5v,C,186,ALA,1.8,88.6,0.0,0,0,X,0.0,0.0,0.0,0.0,0.0,0.0,0.0,0.0,41,0.04709369898129325,23,17,6,0,0,0,0,0,0,0,0,1,0
1e5v,C,187,ASP,-3.5,111.1,-1.0,1,3,X,0.0,0.0,0.0,0.0,0.0,0.0,0.0,0.0,38,0.04662742473395372,38,8,30,0,0,0,0,0,0,0,0,1,0
1e5v,C,188,PRO,-1.6,112.7,0.0,0,0,X,0.0,0.0,0.0,0.0,0.0,0.0,0.0,0.0,39,0.045228601991935104,25,10,15,0,0,0,0,0,0,0,0,1,0
1e5v,C,189,ILE,4.5,166.7,0.0,0,0,X,0.0,0.0,0.0,0.0,0.0,0.0,0.0,0.0,28,0.048958795970651406,32,17,15,0,0,0,0,0,0,0,0,1,0
1e5v,C,190,LYS,-3.9,168.6,1.0,2,0,X,0.0,0.0,0.0,0.0,0.0,0.0,0.0,0.0,28,0.04476232774459557,30,10,20,0,0,0,0,0,0,0,0,1,1
1e5v,C,191,THR,-0.7,116.1,0.0,1,1,X,0.0,0.0,0.0,0.0,0.0,0.0,0.0,0.0,33,0.04476232774459557,35,8,27,0,0,0,0,0,0,0,0,1,1
1e5v,C,192,SER,-0.8,89.0,0.0,1,1,X,0.0,0.0,0.0,0.0,0.0,0.0,0.0,0.0,36,0.05175644145468863,40,17,23,0,0,0,0,0,0,0,0,1,0
1e5v,C,193,GLN,-3.5,143.8,0.0,2,2,X,0.0,0.0,0.0,0.0,0.0,0.0,0.0,0.0,34,0.04709369898129325,38,7,31,0,0,0,0,0,0,0,0,1,1
1e5v,C,194,ILE,4.5,166.7,0.0,0,0,X,0.0,0.0,0.0,0.0,0.0,0.0,0.0,0.0,36,0.05129016720734909,43,9,34,0,0,0,0,0,0,0,0,1,1
1e5v,C,195,GLY,-0.4,60.1,0.0,0,0,X,0.0,0.0,0.0,0.0,0.0,0.0,0.0,0.0,35,0.0526889899493677,24,19,5,0,0,0,0,0,0,0,0,1,0
1e5v,C,196,TRP,-0.9,227.8,0.0,1,0,X,0.0,0.0,0.0,0.0,0.0,0.0,0.0,0.0,29,0.04616115048661418,26,14,12,0,0,0,0,0,0,0,0,1,0
1e5v,C,197,VAL,4.2,140.0,0.0,0,0,X,0.0,0.0,0.0,0.0,0.0,0.0,0.0,0.0,35,0.050823892960009553,21,24,-3,0,0,0,0,0,0,0,0,1,0
1e5v,C,198,ILE,4.5,166.7,0.0,0,0,X,0.0,0.0,0.0,0.0,0.0,0.0,0.0,0.0,41,0.053155264196707235,21,27,-6,0,0,0,0,0,0,0,0,1,0
1e5v,C,199,PRO,-1.6,112.7,0.0,0,0,X,0.0,0.0,0.0,0.0,0.0,0.0,0.0,0.0,45,0.053155264196707235,24,26,-2,0,0,0,0,0,0,0,0,1,0
1e5v,C,200,GLU,-3.5,138.4,-1.0,1,3,X,0.0,0.0,0.0,0.0,0.0,0.0,0.0,0.0,43,0.043829779249916496,20,16,4,0,0,0,0,0,0,0,0,1,0
1e5v,C,201,HIS,-3.2,153.2,0.1,2,1,X,0.0,0.0,0.0,0.0,0.0,0.0,0.0,0.0,41,0.048492521723311866,17,17,0,0,0,0,0,0,0,0,0,1,0
1e5v,C,202,GLY,-0.4,60.1,0.0,0,0,X,0.0,0.0,0.0,0.0,0.0,0.0,0.0,0.0,36,0.043829779249916496,22,23,-1,0,0,0,0,0,0,0,0,1,0
1e5v,C,203,ALA,1.8,88.6,0.0,0,0,X,0.0,0.0,0.0,0.0,0.0,0.0,0.0,0.0,40,0.048492521723311866,26,20,6,0,0,0,0,0,0,0,0,1,0
1e5v,C,204,TYR,-1.3,193.6,0.0,1,1,X,0.0,0.0,0.0,0.0,0.0,0.0,0.0,0.0,31,0.04709369898129325,27,23,4,0,0,0,0,0,0,0,0,1,0
1e5v,C,205,PRO,-1.6,112.7,0.0,0,0,X,0.0,0.0,0.0,0.0,0.0,0.0,0.0,0.0,26,0.03170664881908853,19,17,2,0,0,0,0,0,0,0,0,1,0
1e5v,C,206,GLY,-0.4,60.1,0.0,0,0,X,0.0,0.0,0.0,0.0,0.0,0.0,0.0,0.0,34,0.04243095650789788,11,10,1,0,0,0,0,0,0,0,0,1,0
1e5v,C,207,LEU,3.8,166.7,0.0,0,0,X,0.0,0.0,0.0,0.0,0.0,0.0,0.0,0.0,31,0.043829779249916496,20,10,10,0,0,0,0,0,0,0,0,1,0
1e5v,C,208,GLU,-3.5,138.4,-1.0,1,3,X,0.0,0.0,0.0,0.0,0.0,0.0,0.0,0.0,19,0.03403802005578621,20,0,20,0,0,0,0,0,0,0,0,1,0
1e5v,C,209,ALA,1.8,88.6,0.0,0,0,X,0.0,0.0,0.0,0.0,0.0,0.0,0.0,0.0,23,0.03450429430312575,18,17,1,0,0,0,0,0,0,0,0,1,0
1e5v,C,210,LEU,3.8,166.7,0.0,0,0,X,0.0,0.0,0.0,0.0,0.0,0.0,0.0,0.0,31,0.045228601991935104,22,15,7,0,0,0,0,0,0,0,0,1,0
1e5v,C,211,LYS,-3.9,168.6,1.0,2,0,X,0.0,0.0,0.0,0.0,0.0,0.0,0.0,0.0,22,0.03730193978716297,10,11,-1,0,0,0,0,0,0,0,0,1,0
1e5v,C,212,ALA,1.8,88.6,0.0,0,0,X,0.0,0.0,0.0,0.0,0.0,0.0,0.0,0.0,16,0.02144861537761871,19,9,10,0,0,0,0,0,0,0,0,1,0
1e5v,C,213,LYS,-3.9,168.6,1.0,2,0,X,0.0,0.0,0.0,0.0,0.0,0.0,0.0,0.0,19,0.02331371236697686,7,19,-12,0,0,0,0,0,0,0,0,1,0
1e5v,C,214,GLY,-0.4,60.1,0.0,0,0,X,0.0,0.0,0.0,0.0,0.0,0.0,0.0,0.0,17,0.020516066882939634,25,8,17,0,0,0,0,0,0,0,0,1,0
1e5v,C,215,THR,-0.7,116.1,0.0,1,1,X,0.0,0.0,0.0,0.0,0.0,0.0,0.0,0.0,28,0.03683566553982344,29,15,14,0,0,0,0,0,0,0,0,1,0
1e5v,C,216,LYS,-3.9,168.6,1.0,2,0,X,0.0,0.0,0.0,0.0,0.0,0.0,0.0,0.0,24,0.032172923066428064,11,16,-5,0,0,0,0,0,0,0,0,1,0
1e5v,C,217,VAL,4.2,140.0,0.0,0,0,X,0.0,0.0,0.0,0.0,0.0,0.0,0.0,0.0,31,0.04616115048661418,20,16,4,0,0,0,0,0,0,0,0,1,0
1e5v,C,218,ILE,4.5,166.7,0.0,0,0,X,0.0,0.0,0.0,0.0,0.0,0.0,0.0,0.0,32,0.04755997322863279,18,14,4,0,0,0,0,0,0,0,0,1,0
1e5v,C,219,VAL,4.2,140.0,0.0,0,0,X,0.0,0.0,0.0,0.0,0.0,0.0,0.0,0.0,33,0.0526889899493677,23,27,-4,0,0,0,0,0,0,0,0,1,0
1e5v,C,220,ILE,4.5,166.7,0.0,0,0,X,0.0,0.0,0.0,0.0,0.0,0.0,0.0,0.0,39,0.048026247475972325,12,25,-13,0,0,0,0,0,0,0,0,1,1
1e5v,C,221,ASP,-3.5,111.1,-1.0,1,3,X,0.0,0.0,0.0,0.0,0.0,0.0,0.0,0.0,38,0.04616115048661418,23,14,9,0,0,0,0,0,0,0,0,1,1
1e5v,C,222,PRO,-1.6,112.7,0.0,0,0,X,0.0,0.0,0.0,0.0,0.0,0.0,0.0,0.0,40,0.04149840801321881,34,13,21,0,0,0,0,0,0,0,0,1,1
1e5v,C,223,VAL,4.2,140.0,0.0,0,0,X,0.0,0.0,0.0,0.0,0.0,0.0,0.0,0.0,33,0.03963331102386066,28,23,5,0,0,0,0,0,0,0,0,1,0
1e5v,C,224,ARG,-4.5,173.4,1.0,5,0,X,0.0,0.0,0.0,0.0,0.0,0.0,0.0,0.0,24,0.040099585271200194,18,26,-8,0,0,0,0,0,0,0,0,1,0
1e5v,C,225,THR,-0.7,116.1,0.0,1,1,X,0.0,0.0,0.0,0.0,0.0,0.0,0.0,0.0,32,0.04289723075523742,35,25,10,0,0,0,0,0,0,0,0,1,1
1e5v,C,226,LYS,-3.9,168.6,1.0,2,0,X,0.0,0.0,0.0,0.0,0.0,0.0,0.0,0.0,23,0.03590311704514436,21,18,3,0,0,0,0,0,0,0,0,1,0
1e5v,C,227,THR,-0.7,116.1,0.0,1,1,X,0.0,0.0,0.0,0.0,0.0,0.0,0.0,0.0,34,0.05035761871267001,32,26,6,0,0,0,0,0,0,0,0,1,0
1e5v,C,228,VAL,4.2,140.0,0.0,0,0,X,0.0,0.0,0.0,0.0,0.0,0.0,0.0,0.0,25,0.04755997322863279,28,30,-2,0,0,0,0,0,0,0,0,1,0
1e5v,C,229,GLU,-3.5,138.4,-1.0,1,3,X,0.0,0.0,0.0,0.0,0.0,0.0,0.0,0.0,17,0.032172923066428064,28,3,25,0,0,0,0,0,0,0,0,1,0
1e5v,C,230,PHE,2.8,189.9,0.0,0,0,X,0.0,0.0,0.0,0.0,0.0,0.0,0.0,0.0,25,0.03170664881908853,21,18,3,0,0,0,0,0,0,0,0,1,0
1e5v,C,231,PHE,2.8,189.9,0.0,0,0,X,0.0,0.0,0.0,0.0,0.0,0.0,0.0,0.0,30,0.034970568550465285,21,16,5,0,0,0,0,0,0,0,0,1,0
1e5v,C,232,GLY,-0.4,60.1,0.0,0,0,X,0.0,0.0,0.0,0.0,0.0,0.0,0.0,0.0,19,0.025178809356335007,30,17,13,0,0,0,0,0,0,0,0,1,0
1e5v,C,233,ALA,1.8,88.6,0.0,0,0,X,0.0,0.0,0.0,0.0,0.0,0.0,0.0,0.0,22,0.040565859518539735,27,17,10,0,0,0,0,0,0,0,0,1,0
1e5v,C,234,GLU,-3.5,138.4,-1.0,1,3,X,0.0,0.0,0.0,0.0,0.0,0.0,0.0,0.0,23,0.03124037457174899,19,2,17,0,0,0,0,0,0,0,0,1,0
1e5v,C,235,HIS,-3.2,153.2,0.1,2,1,X,0.0,0.0,0.0,0.0,0.0,0.0,0.0,0.0,26,0.03776821403450251,11,22,-11,0,0,0,0,0,0,0,0,1,0
1e5v,C,236,ILE,4.5,166.7,0.0,0,0,X,0.0,0.0,0.0,0.0,0.0,0.0,0.0,0.0,32,0.03823448828184205,14,20,-6,0,0,0,0,0,0,0,0,1,0
1e5v,C,237,THR,-0.7,116.1,0.0,1,1,X,0.0,0.0,0.0,0.0,0.0,0.0,0.0,0.0,30,0.03870076252918159,28,15,13,0,0,0,0,0,0,0,0,1,0
1e5v,C,238,PRO,-1.6,112.7,0.0,0,0,X,0.0,0.0,0.0,0.0,0.0,0.0,0.0,0.0,34,0.045694876239274644,23,17,6,0,0,0,0,0,0,0,0,1,0
1e5v,C,239,LYS,-3.9,168.6,1.0,2,0,X,0.0,0.0,0.0,0.0,0.0,0.0,0.0,0.0,32,0.04709369898129325,24,22,2,0,0,0,0,0,0,0,0,1,0
1e5v,C,240,PRO,-1.6,112.7,0.0,0,0,X,0.0,0.0,0.0,0.0,0.0,0.0,0.0,0.0,42,0.04196468226055834,31,22,9,0,0,0,0,0,0,0,0,1,1
1e5v,C,241,GLN,-3.5,143.8,0.0,2,2,X,0.0,0.0,0.0,0.0,0.0,0.0,0.0,0.0,39,0.04243095650789788,47,26,21,0,0,0,0,0,0,0,0,1,1
1e5v,C,242,THR,-0.7,116.1,0.0,1,1,X,0.0,0.0,0.0,0.0,0.0,0.0,0.0,0.0,35,0.04476232774459557,20,16,4,0,0,0,0,0,0,0,0,1,0
1e5v,C,243,ASP,-3.5,111.1,-1.0,1,3,X,0.0,0.0,0.0,0.0,0.0,0.0,0.0,0.0,38,0.043829779249916496,11,3,8,0,0,0,0,0,0,0,0,1,1
1e5v,C,244,VAL,4.2,140.0,0.0,0,0,X,0.0,0.0,0.0,0.0,0.0,0.0,0.0,0.0,42,0.04616115048661418,14,10,4,0,0,0,0,0,0,0,0,1,0
1e5v,C,245,ALA,1.8,88.6,0.0,0,0,X,0.0,0.0,0.0,0.0,0.0,0.0,0.0,0.0,39,0.05129016720734909,17,18,-1,0,0,0,0,0,0,0,0,1,0
1e5v,C,246,ILE,4.5,166.7,0.0,0,0,X,0.0,0.0,0.0,0.0,0.0,0.0,0.0,0.0,43,0.050823892960009553,10,17,-7,0,0,0,0,0,0,0,0,1,0
1e5v,C,247,MET,1.9,162.9,0.0,0,0,X,0.0,0.0,0.0,0.0,0.0,0.0,0.0,0.0,39,0.04289723075523742,9,8,1,0,0,0,0,0,0,0,0,1,0
1e5v,C,248,LEU,3.8,166.7,0.0,0,0,X,0.0,0.0,0.0,0.0,0.0,0.0,0.0,0.0,41,0.05175644145468863,21,8,13,0,0,0,0,0,0,0,0,1,0
1e5v,C,249,GLY,-0.4,60.1,0.0,0,0,X,0.0,0.0,0.0,0.0,0.0,0.0,0.0,0.0,40,0.05688545817542354,28,16,12,0,0,0,0,0,0,0,0,1,0
1e5v,C,250,MET,1.9,162.9,0.0,0,0,X,0.0,0.0,0.0,0.0,0.0,0.0,0.0,0.0,44,0.050823892960009553,27,14,13,0,0,0,0,0,0,0,0,1,0
1e5v,C,251,ALA,1.8,88.6,0.0,0,0,X,0.0,0.0,0.0,0.0,0.0,0.0,0.0,0.0,41,0.04709369898129325,23,14,9,0,0,0,0,0,0,0,0,1,0
1e5v,C,252,HIS,-3.2,153.2,0.1,2,1,X,0.0,0.0,0.0,0.0,0.0,0.0,0.0,0.0,36,0.045228601991935104,16,26,-10,0,0,0,0,0,0,0,0,1,0
1e5v,C,253,THR,-0.7,116.1,0.0,1,1,X,0.0,0.0,0.0,0.0,0.0,0.0,0.0,0.0,34,0.048492521723311866,35,33,2,0,0,0,0,0,0,0,0,1,0
1e5v,C,254,LEU,3.8,166.7,0.0,0,0,X,0.0,0.0,0.0,0.0,0.0,0.0,0.0,0.0,37,0.04942507021799094,31,33,-2,0,0,0,0,0,0,0,0,1,0
1e5v,C,255,VAL,4.2,140.0,0.0,0,0,X,0.0,0.0,0.0,0.0,0.0,0.0,0.0,0.0,24,0.043829779249916496,18,29,-11,0,0,0,0,0,0,0,0,1,0
1e5v,C,256,ALA,1.8,88.6,0.0,0,0,X,0.0,0.0,0.0,0.0,0.0,0.0,0.0,0.0,23,0.028909003335051305,22,23,-1,0,0,0,0,0,0,0,0,1,0
1e5v,C,257,GLU,-3.5,138.4,-1.0,1,3,X,0.0,0.0,0.0,0.0,0.0,0.0,0.0,0.0,17,0.027043906345693154,30,14,16,0,0,0,0,0,0,0,0,1,0
1e5v,C,258,ASP,-3.5,111.1,-1.0,1,3,X,0.0,0.0,0.0,0.0,0.0,0.0,0.0,0.0,13,0.029375277582390842,9,16,-7,0,0,0,0,0,0,0,0,1,0
1e5v,C,259,LEU,3.8,166.7,0.0,0,0,X,0.0,0.0,0.0,0.0,0.0,0.0,0.0,0.0,21,0.035436842797804825,20,33,-13,0,0,0,0,0,0,0,0,1,0
1e5v,C,260,TYR,-1.3,193.6,0.0,1,1,X,0.0,0.0,0.0,0.0,0.0,0.0,0.0,0.0,26,0.04476232774459557,13,35,-22,0,0,0,0,0,0,0,0,1,0
1e5v,C,261,ASP,-3.5,111.1,-1.0,1,3,X,0.0,0.0,0.0,0.0,0.0,0.0,0.0,0.0,25,0.03963331102386066,13,19,-6,0,0,0,0,0,0,0,0,1,0
1e5v,C,262,LYS,-3.9,168.6,1.0,2,0,X,0.0,0.0,0.0,0.0,0.0,0.0,0.0,0.0,19,0.030774100324409453,0,27,-27,0,0,0,0,0,0,0,0,1,0
1e5v,C,263,ASP,-3.5,111.1,-1.0,1,3,X,0.0,0.0,0.0,0.0,0.0,0.0,0.0,0.0,15,0.027510180593032695,12,8,4,0,0,0,0,0,0,0,0,1,0
1e5v,C,264,PHE,2.8,189.9,0.0,0,0,X,0.0,0.0,0.0,0.0,0.0,0.0,0.0,0.0,30,0.04429605349725603,17,18,-1,0,0,0,0,0,0,0,0,1,0
1e5v,C,265,ILE,4.5,166.7,0.0,0,0,X,0.0,0.0,0.0,0.0,0.0,0.0,0.0,0.0,29,0.04755997322863279,8,21,-13,0,0,0,0,0,0,0,0,1,0
1e5v,C,266,ALA,1.8,88.6,0.0,0,0,X,0.0,0.0,0.0,0.0,0.0,0.0,0.0,0.0,18,0.02984155182973038,7,20,-13,0,0,0,0,0,0,0,0,1,0
1e5v,C,267,ASN,-3.5,114.1,0.0,2,2,X,0.0,0.0,0.0,0.0,0.0,0.0,0.0,0.0,17,0.03170664881908853,12,16,-4,0,0,0,0,0,0,0,0,1,0
1e5v,C,268,TYR,-1.3,193.6,0.0,1,1,X,0.0,0.0,0.0,0.0,0.0,0.0,0.0,0.0,30,0.043829779249916496,13,23,-10,0,0,0,0,0,0,0,0,1,0
1e5v,C,269,THR,-0.7,116.1,0.0,1,1,X,0.0,0.0,0.0,0.0,0.0,0.0,0.0,0.0,32,0.04616115048661418,3,20,-17,0,0,0,0,0,0,0,0,1,0
1e5v,C,270,SER,-0.8,89.0,0.0,1,1,X,0.0,0.0,0.0,0.0,0.0,0.0,0.0,0.0,31,0.03916703677652112,17,17,0,0,0,0,0,0,0,0,0,1,0
1e5v,C,271,GLY,-0.4,60.1,0.0,0,0,X,0.0,0.0,0.0,0.0,0.0,0.0,0.0,0.0,24,0.03916703677652112,25,17,8,0,0,0,0,0,0,0,0,1,0
1e5v,C,272,PHE,2.8,189.9,0.0,0,0,X,0.0,0.0,0.0,0.0,0.0,0.0,0.0,0.0,30,0.04196468226055834,17,18,-1,0,0,0,0,0,0,0,0,1,0
1e5v,C,273,ASP,-3.5,111.1,-1.0,1,3,X,0.0,0.0,0.0,0.0,0.0,0.0,0.0,0.0,17,0.027510180593032695,14,1,13,0,0,0,0,0,0,0,0,1,0
1e5v,C,274,LYS,-3.9,168.6,1.0,2,0,X,0.0,0.0,0.0,0.0,0.0,0.0,0.0,0.0,19,0.03590311704514436,17,14,3,0,0,0,0,0,0,0,0,1,0
1e5v,C,275,PHE,2.8,189.9,0.0,0,0,X,0.0,0.0,0.0,0.0,0.0,0.0,0.0,0.0,34,0.050823892960009553,25,17,8,0,0,0,0,0,0,0,0,1,0
1e5v,C,276,LEU,3.8,166.7,0.0,0,0,X,0.0,0.0,0.0,0.0,0.0,0.0,0.0,0.0,24,0.040099585271200194,21,24,-3,0,0,0,0,0,0,0,0,1,0
1e5v,C,277,PRO,-1.6,112.7,0.0,0,0,X,0.0,0.0,0.0,0.0,0.0,0.0,0.0,0.0,22,0.0363693912924839,19,32,-13,0,0,0,0,0,0,0,0,1,0
1e5v,C,278,TYR,-1.3,193.6,0.0,1,1,X,0.0,0.0,0.0,0.0,0.0,0.0,0.0,0.0,30,0.048026247475972325,26,25,1,0,0,0,0,0,0,0,0,1,0
1e5v,C,279,LEU,3.8,166.7,0.0,0,0,X,0.0,0.0,0.0,0.0,0.0,0.0,0.0,0.0,38,0.05175644145468863,27,22,5,0,0,0,0,0,0,0,0,1,0
1e5v,C,280,ASP,-3.5,111.1,-1.0,1,3,X,0.0,0.0,0.0,0.0,0.0,0.0,0.0,0.0,23,0.04243095650789788,21,16,5,0,0,0,0,0,0,0,0,1,0
1e5v,C,281,GLY,-0.4,60.1,0.0,0,0,X,0.0,0.0,0.0,0.0,0.0,0.0,0.0,0.0,16,0.04149840801321881,15,25,-10,0,0,0,0,0,0,0,0,1,0
1e5v,C,282,GLU,-3.5,138.4,-1.0,1,3,X,0.0,0.0,0.0,0.0,0.0,0.0,0.0,0.0,15,0.032639197313767604,4,17,-13,0,0,0,0,0,0,0,0,1,0
1e5v,C,283,THR,-0.7,116.1,0.0,1,1,X,0.0,0.0,0.0,0.0,0.0,0.0,0.0,0.0,16,0.026577632098353617,11,23,-12,0,0,0,0,0,0,0,0,1,0
1e5v,C,284,ASP,-3.5,111.1,-1.0,1,3,X,0.0,0.0,0.0,0.0,0.0,0.0,0.0,0.0,16,0.02471253510899547,9,13,-4,0,0,0,0,0,0,0,0,1,0
1e5v,C,285,SER,-0.8,89.0,0.0,1,1,X,0.0,0.0,0.0,0.0,0.0,0.0,0.0,0.0,12,0.023779986614316396,6,20,-14,0,0,0,0,0,0,0,0,1,0
1e5v,C,286,THR,-0.7,116.1,0.0,1,1,X,0.0,0.0,0.0,0.0,0.0,0.0,0.0,0.0,18,0.032172923066428064,13,20,-7,0,0,0,0,0,0,0,0,1,0
1e5v,C,287,PRO,-1.6,112.7,0.0,0,0,X,0.0,0.0,0.0,0.0,0.0,0.0,0.0,0.0,21,0.040565859518539735,19,32,-13,0,0,0,0,0,0,0,0,1,0
1e5v,C,288,LYS,-3.9,168.6,1.0,2,0,X,0.0,0.0,0.0,0.0,0.0,0.0,0.0,0.0,35,0.050823892960009553,11,25,-14,0,0,0,0,0,0,0,0,1,0
1e5v,C,289,THR,-0.7,116.1,0.0,1,1,X,0.0,0.0,0.0,0.0,0.0,0.0,0.0,0.0,29,0.04476232774459557,26,21,5,0,0,0,0,0,0,0,0,1,0
1e5v,C,290,ALA,1.8,88.6,0.0,0,0,X,0.0,0.0,0.0,0.0,0.0,0.0,0.0,0.0,35,0.05175644145468863,27,29,-2,0,0,0,0,0,0,0,0,1,0
1e5v,C,291,GLU,-3.5,138.4,-1.0,1,3,X,0.0,0.0,0.0,0.0,0.0,0.0,0.0,0.0,23,0.03310547156110714,19,18,1,0,0,0,0,0,0,0,0,1,0
1e5v,C,292,TRP,-0.9,227.8,0.0,1,0,X,0.0,0.0,0.0,0.0,0.0,0.0,0.0,0.0,32,0.03683566553982344,17,18,-1,0,0,0,0,0,0,0,0,1,0
1e5v,C,293,ALA,1.8,88.6,0.0,0,0,X,0.0,0.0,0.0,0.0,0.0,0.0,0.0,0.0,34,0.053621538444046775,18,23,-5,0,0,0,0,0,0,0,0,1,0
1e5v,C,294,GLU,-3.5,138.4,-1.0,1,3,X,0.0,0.0,0.0,0.0,0.0,0.0,0.0,0.0,21,0.04289723075523742,6,14,-8,0,0,0,0,0,0,0,0,1,0
1e5v,C,295,GLY,-0.4,60.1,0.0,0,0,X,0.0,0.0,0.0,0.0,0.0,0.0,0.0,0.0,22,0.028909003335051305,12,22,-10,0,0,0,0,0,0,0,0,1,0
1e5v,C,296,ILE,4.5,166.7,0.0,0,0,X,0.0,0.0,0.0,0.0,0.0,0.0,0.0,0.0,33,0.043829779249916496,18,29,-11,0,0,0,0,0,0,0,0,1,0
1e5v,C,297,SER,-0.8,89.0,0.0,1,1,X,0.0,0.0,0.0,0.0,0.0,0.0,0.0,0.0,33,0.04709369898129325,15,27,-12,0,0,0,0,0,0,0,0,1,0
1e5v,C,298,GLY,-0.4,60.1,0.0,0,0,X,0.0,0.0,0.0,0.0,0.0,0.0,0.0,0.0,27,0.03403802005578621,11,16,-5,0,0,0,0,0,0,0,0,1,0
1e5v,C,299,VAL,4.2,140.0,0.0,0,0,X,0.0,0.0,0.0,0.0,0.0,0.0,0.0,0.0,32,0.040099585271200194,12,22,-10,0,0,0,0,0,0,0,0,1,0
1e5v,C,300,PRO,-1.6,112.7,0.0,0,0,X,0.0,0.0,0.0,0.0,0.0,0.0,0.0,0.0,21,0.030307826077069916,8,34,-26,0,0,0,0,0,0,0,0,1,0
1e5v,C,301,ALA,1.8,88.6,0.0,0,0,X,0.0,0.0,0.0,0.0,0.0,0.0,0.0,0.0,25,0.04149840801321881,13,36,-23,0,0,0,0,0,0,0,0,1,0
1e5v,C,302,GLU,-3.5,138.4,-1.0,1,3,X,0.0,0.0,0.0,0.0,0.0,0.0,0.0,0.0,16,0.032639197313767604,17,24,-7,0,0,0,0,0,0,0,0,1,0
1e5v,C,303,THR,-0.7,116.1,0.0,1,1,X,0.0,0.0,0.0,0.0,0.0,0.0,0.0,0.0,27,0.035436842797804825,18,31,-13,0,0,0,0,0,0,0,0,1,0
1e5v,C,304,ILE,4.5,166.7,0.0,0,0,X,0.0,0.0,0.0,0.0,0.0,0.0,0.0,0.0,39,0.048492521723311866,25,38,-13,0,0,0,0,0,0,0,0,1,0
1e5v,C,305,LYS,-3.9,168.6,1.0,2,0,X,0.0,0.0,0.0,0.0,0.0,0.0,0.0,0.0,29,0.04709369898129325,19,36,-17,0,0,0,0,0,0,0,0,1,0
1e5v,C,306,GLU,-3.5,138.4,-1.0,1,3,X,0.0,0.0,0.0,0.0,0.0,0.0,0.0,0.0,20,0.03730193978716297,20,16,4,0,0,0,0,0,0,0,0,1,0
1e5v,C,307,LEU,3.8,166.7,0.0,0,0,X,0.0,0.0,0.0,0.0,0.0,0.0,0.0,0.0,35,0.03963331102386066,22,25,-3,0,0,0,0,0,0,0,0,1,0
1e5v,C,308,ALA,1.8,88.6,0.0,0,0,X,0.0,0.0,0.0,0.0,0.0,0.0,0.0,0.0,37,0.048492521723311866,27,27,0,0,0,0,0,0,0,0,0,1,0
1e5v,C,309,ARG,-4.5,173.4,1.0,5,0,X,0.0,0.0,0.0,0.0,0.0,0.0,0.0,0.0,26,0.04196468226055834,11,37,-26,0,0,0,0,0,0,0,0,1,0
1e5v,C,310,LEU,3.8,166.7,0.0,0,0,X,0.0,0.0,0.0,0.0,0.0,0.0,0.0,0.0,27,0.035436842797804825,35,28,7,0,0,0,0,0,0,0,0,1,0
1e5v,C,311,PHE,2.8,189.9,0.0,0,0,X,0.0,0.0,0.0,0.0,0.0,0.0,0.0,0.0,35,0.045694876239274644,28,18,10,0,0,0,0,0,0,0,0,1,0
1e5v,C,312,GLU,-3.5,138.4,-1.0,1,3,X,0.0,0.0,0.0,0.0,0.0,0.0,0.0,0.0,29,0.040565859518539735,23,13,10,0,0,0,0,0,0,0,0,1,0
1e5v,C,313,SER,-0.8,89.0,0.0,1,1,X,0.0,0.0,0.0,0.0,0.0,0.0,0.0,0.0,16,0.026577632098353617,26,20,6,0,0,0,0,0,0,0,0,1,0
1e5v,C,314,LYS,-3.9,168.6,1.0,2,0,X,0.0,0.0,0.0,0.0,0.0,0.0,0.0,0.0,22,0.035436842797804825,23,18,5,0,0,0,0,0,0,0,0,1,0
1e5v,C,315,ARG,-4.5,173.4,1.0,5,0,X,0.0,0.0,0.0,0.0,0.0,0.0,0.0,0.0,28,0.04196468226055834,12,16,-4,0,0,0,0,0,0,0,0,1,0
1e5v,C,316,THR,-0.7,116.1,0.0,1,1,X,0.0,0.0,0.0,0.0,0.0,0.0,0.0,0.0,36,0.05408781269138631,27,18,9,0,0,0,0,0,0,0,0,1,0
1e5v,C,317,MET,1.9,162.9,0.0,0,0,X,0.0,0.0,0.0,0.0,0.0,0.0,0.0,0.0,42,0.04662742473395372,12,5,7,0,0,0,0,0,0,0,0,1,0
1e5v,C,318,LEU,3.8,166.7,0.0,0,0,X,0.0,0.0,0.0,0.0,0.0,0.0,0.0,0.0,41,0.04709369898129325,6,0,6,0,0,0,0,0,0,0,0,1,0
1e5v,C,319,ALA,1.8,88.6,0.0,0,0,X,0.0,0.0,0.0,0.0,0.0,0.0,0.0,0.0,39,0.05222271570202816,13,3,10,0,0,0,0,0,0,0,0,1,0
1e5v,C,320,ALA,1.8,88.6,0.0,0,0,X,0.0,0.0,0.0,0.0,0.0,0.0,0.0,0.0,38,0.05222271570202816,20,7,13,0,0,0,0,0,0,0,0,1,0
1e5v,C,321,GLY,-0.4,60.1,0.0,0,0,X,0.0,0.0,0.0,0.0,0.0,0.0,0.0,0.0,35,0.04709369898129325,26,12,14,0,0,0,0,0,0,0,0,1,1
1e5v,C,322,TRP,-0.9,227.8,0.0,1,0,X,0.0,0.0,0.0,0.0,0.0,0.0,0.0,0.0,37,0.045228601991935104,34,9,25,0,0,0,0,0,0,0,0,1,1
1e5v,C,323,SER,-0.8,89.0,0.0,1,1,X,0.0,0.0,0.0,0.0,0.0,0.0,0.0,0.0,39,0.04103213376587927,35,11,24,0,0,0,0,0,0,0,0,1,1
1e5v,C,324,MET,1.9,162.9,0.0,0,0,X,0.0,0.0,0.0,0.0,0.0,0.0,0.0,0.0,40,0.045228601991935104,30,13,17,0,0,0,0,0,0,0,0,1,0
1e5v,C,325,GLN,-3.5,143.8,0.0,2,2,X,0.0,0.0,0.0,0.0,0.0,0.0,0.0,0.0,40,0.050823892960009553,31,13,18,0,0,0,0,0,0,0,0,1,0
1e5v,C,326,ARG,-4.5,173.4,1.0,5,0,X,0.0,0.0,0.0,0.0,0.0,0.0,0.0,0.0,38,0.05222271570202816,17,10,7,0,0,0,0,0,0,0,0,1,1
1e5v,C,327,MET,1.9,162.9,0.0,0,0,X,0.0,0.0,0.0,0.0,0.0,0.0,0.0,0.0,43,0.0526889899493677,40,15,25,0,0,0,0,0,0,0,0,1,1
1e5v,C,328,HIS,-3.2,153.2,0.1,2,1,X,0.0,0.0,0.0,0.0,0.0,0.0,0.0,0.0,34,0.04942507021799094,20,32,-12,0,0,0,0,0,0,0,0,1,0
1e5v,C,329,HIS,-3.2,153.2,0.1,2,1,X,0.0,0.0,0.0,0.0,0.0,0.0,0.0,0.0,34,0.048026247475972325,16,30,-14,0,0,0,0,0,0,0,0,1,0
1e5v,C,330,GLY,-0.4,60.1,0.0,0,0,X,0.0,0.0,0.0,0.0,0.0,0.0,0.0,0.0,43,0.05175644145468863,37,11,26,0,0,0,0,0,0,0,0,1,0
1e5v,C,331,GLU,-3.5,138.4,-1.0,1,3,X,0.0,0.0,0.0,0.0,0.0,0.0,0.0,0.0,43,0.053155264196707235,40,8,32,0,0,0,0,0,0,0,0,1,0
1e5v,C,332,GLN,-3.5,143.8,0.0,2,2,X,0.0,0.0,0.0,0.0,0.0,0.0,0.0,0.0,41,0.04755997322863279,31,15,16,0,0,0,0,0,0,0,0,1,0
1e5v,C,333,ALA,1.8,88.6,0.0,0,0,X,0.0,0.0,0.0,0.0,0.0,0.0,0.0,0.0,40,0.043363505002576956,20,16,4,0,0,0,0,0,0,0,0,1,0
1e5v,C,334,HIS,-3.2,153.2,0.1,2,1,X,0.0,0.0,0.0,0.0,0.0,0.0,0.0,0.0,44,0.045228601991935104,4,16,-12,0,0,0,0,0,0,0,0,1,0
1e5v,C,335,TRP,-0.9,227.8,0.0,1,0,X,0.0,0.0,0.0,0.0,0.0,0.0,0.0,0.0,39,0.048958795970651406,27,15,12,0,0,0,0,0,0,0,0,1,0
1e5v,C,336,MET,1.9,162.9,0.0,0,0,X,0.0,0.0,0.0,0.0,0.0,0.0,0.0,0.0,39,0.04989134446533048,17,8,9,0,0,0,0,0,0,0,0,1,0
1e5v,C,337,LEU,3.8,166.7,0.0,0,0,X,0.0,0.0,0.0,0.0,0.0,0.0,0.0,0.0,39,0.04709369898129325,10,8,2,0,0,0,0,0,0,0,0,1,0
1e5v,C,338,VAL,4.2,140.0,0.0,0,0,X,0.0,0.0,0.0,0.0,0.0,0.0,0.0,0.0,38,0.043829779249916496,9,11,-2,0,0,0,0,0,0,0,0,1,0
1e5v,C,339,THR,-0.7,116.1,0.0,1,1,X,0.0,0.0,0.0,0.0,0.0,0.0,0.0,0.0,40,0.045694876239274644,11,5,6,0,0,0,0,0,0,0,0,1,0
1e5v,C,340,LEU,3.8,166.7,0.0,0,0,X,0.0,0.0,0.0,0.0,0.0,0.0,0.0,0.0,41,0.04476232774459557,4,9,-5,0,0,0,0,0,0,0,0,1,0
1e5v,C,341,ALA,1.8,88.6,0.0,0,0,X,0.0,0.0,0.0,0.0,0.0,0.0,0.0,0.0,38,0.04709369898129325,3,12,-9,0,0,0,0,0,0,0,0,1,0
1e5v,C,342,SER,-0.8,89.0,0.0,1,1,X,0.0,0.0,0.0,0.0,0.0,0.0,0.0,0.0,40,0.04989134446533048,7,18,-11,0,0,0,0,0,0,0,0,1,0
1e5v,C,343,MET,1.9,162.9,0.0,0,0,X,0.0,0.0,0.0,0.0,0.0,0.0,0.0,0.0,39,0.050823892960009553,12,19,-7,0,0,0,0,0,0,0,0,1,0
1e5v,C,344,LEU,3.8,166.7,0.0,0,0,X,0.0,0.0,0.0,0.0,0.0,0.0,0.0,0.0,37,0.04662742473395372,18,17,1,0,0,0,0,0,0,0,0,1,0
1e5v,C,345,GLY,-0.4,60.1,0.0,0,0,X,0.0,0.0,0.0,0.0,0.0,0.0,0.0,0.0,35,0.045228601991935104,21,24,-3,0,0,0,0,0,0,0,0,1,0
1e5v,C,346,GLN,-3.5,143.8,0.0,2,2,X,0.0,0.0,0.0,0.0,0.0,0.0,0.0,0.0,32,0.04476232774459557,24,17,7,0,0,0,0,0,0,0,0,1,0
1e5v,C,347,ILE,4.5,166.7,0.0,0,0,X,0.0,0.0,0.0,0.0,0.0,0.0,0.0,0.0,40,0.048026247475972325,21,7,14,0,0,0,0,0,0,0,0,1,0
1e5v,C,348,GLY,-0.4,60.1,0.0,0,0,X,0.0,0.0,0.0,0.0,0.0,0.0,0.0,0.0,29,0.04616115048661418,25,8,17,0,0,0,0,0,0,0,0,1,0
1e5v,C,349,LEU,3.8,166.7,0.0,0,0,X,0.0,0.0,0.0,0.0,0.0,0.0,0.0,0.0,31,0.03870076252918159,29,3,26,0,0,0,0,0,0,0,0,1,0
1e5v,C,350,PRO,-1.6,112.7,0.0,0,0,X,0.0,0.0,0.0,0.0,0.0,0.0,0.0,0.0,28,0.03730193978716297,23,11,12,0,0,0,0,0,0,0,0,1,0
1e5v,C,351,GLY,-0.4,60.1,0.0,0,0,X,0.0,0.0,0.0,0.0,0.0,0.0,0.0,0.0,35,0.050823892960009553,19,13,6,0,0,0,0,0,0,0,0,1,0
1e5v,C,352,GLY,-0.4,60.1,0.0,0,0,X,0.0,0.0,0.0,0.0,0.0,0.0,0.0,0.0,37,0.04942507021799094,26,3,23,0,0,0,0,0,0,0,0,1,0
1e5v,C,353,GLY,-0.4,60.1,0.0,0,0,X,0.0,0.0,0.0,0.0,0.0,0.0,0.0,0.0,41,0.04709369898129325,21,1,20,0,0,0,0,0,0,0,0,1,0
1e5v,C,354,PHE,2.8,189.9,0.0,0,0,X,0.0,0.0,0.0,0.0,0.0,0.0,0.0,0.0,40,0.04289723075523742,18,10,8,0,0,0,0,0,0,0,0,1,0
1e5v,C,355,GLY,-0.4,60.1,0.0,0,0,X,0.0,0.0,0.0,0.0,0.0,0.0,0.0,0.0,41,0.04662742473395372,27,13,14,0,0,0,0,0,0,0,0,1,0
1e5v,C,356,LEU,3.8,166.7,0.0,0,0,X,0.0,0.0,0.0,0.0,0.0,0.0,0.0,0.0,42,0.05175644145468863,26,17,9,0,0,0,0,0,0,0,0,1,0
1e5v,C,357,SER,-0.8,89.0,0.0,1,1,X,0.0,0.0,0.0,0.0,0.0,0.0,0.0,0.0,38,0.05502036118606539,17,15,2,0,0,0,0,0,0,0,0,1,0
1e5v,C,358,TYR,-1.3,193.6,0.0,1,1,X,0.0,0.0,0.0,0.0,0.0,0.0,0.0,0.0,44,0.05129016720734909,14,4,10,0,0,0,0,0,0,0,0,1,0
1e5v,C,359,HIS,-3.2,153.2,0.1,2,1,X,0.0,0.0,0.0,0.0,0.0,0.0,0.0,0.0,41,0.05035761871267001,15,8,7,0,0,0,0,0,0,0,0,1,1
1e5v,C,360,TYR,-1.3,193.6,0.0,1,1,X,0.0,0.0,0.0,0.0,0.0,0.0,0.0,0.0,37,0.043829779249916496,15,14,1,0,0,0,0,0,0,0,0,1,0
1e5v,C,361,SER,-0.8,89.0,0.0,1,1,X,0.0,0.0,0.0,0.0,0.0,0.0,0.0,0.0,39,0.050823892960009553,22,20,2,0,0,0,0,0,0,0,0,1,0
1e5v,C,362,GLY,-0.4,60.1,0.0,0,0,X,0.0,0.0,0.0,0.0,0.0,0.0,0.0,0.0,44,0.05595290968074446,18,19,-1,0,0,0,0,0,0,0,0,1,0
1e5v,C,363,GLY,-0.4,60.1,0.0,0,0,X,0.0,0.0,0.0,0.0,0.0,0.0,0.0,0.0,44,0.056419183928083996,15,19,-4,0,0,0,0,0,0,0,0,1,0
1e5v,C,364,GLY,-0.4,60.1,0.0,0,0,X,0.0,0.0,0.0,0.0,0.0,0.0,0.0,0.0,41,0.05735173242276307,9,10,-1,0,0,0,0,0,0,0,0,1,0
1e5v,C,365,THR,-0.7,116.1,0.0,1,1,X,0.0,0.0,0.0,0.0,0.0,0.0,0.0,0.0,36,0.04709369898129325,5,14,-9,0,0,0,0,0,0,0,0,1,0
1e5v,C,366,PRO,-1.6,112.7,0.0,0,0,X,0.0,0.0,0.0,0.0,0.0,0.0,0.0,0.0,33,0.04243095650789788,0,18,-18,0,0,0,0,0,0,0,0,1,0
1e5v,C,367,SER,-0.8,89.0,0.0,1,1,X,0.0,0.0,0.0,0.0,0.0,0.0,0.0,0.0,32,0.03963331102386066,0,18,-18,0,0,0,0,0,0,0,0,1,0
1e5v,C,368,THR,-0.7,116.1,0.0,1,1,X,0.0,0.0,0.0,0.0,0.0,0.0,0.0,0.0,29,0.04289723075523742,0,16,-16,0,0,0,0,0,0,0,0,1,0
1e5v,C,369,SER,-0.8,89.0,0.0,1,1,X,0.0,0.0,0.0,0.0,0.0,0.0,0.0,0.0,25,0.03683566553982344,0,10,-10,0,0,0,0,0,0,0,0,1,0
1e5v,C,370,GLY,-0.4,60.1,0.0,0,0,X,0.0,0.0,0.0,0.0,0.0,0.0,0.0,0.0,32,0.04149840801321881,1,4,-3,0,0,0,0,0,0,0,0,1,0
1e5v,C,371,PRO,-1.6,112.7,0.0,0,0,X,0.0,0.0,0.0,0.0,0.0,0.0,0.0,0.0,32,0.03590311704514436,10,9,1,0,0,0,0,0,0,0,0,1,0
1e5v,C,372,ALA,1.8,88.6,0.0,0,0,X,0.0,0.0,0.0,0.0,0.0,0.0,0.0,0.0,27,0.025178809356335007,5,13,-8,0,0,0,0,0,0,0,0,1,0
1e5v,C,373,LEU,3.8,166.7,0.0,0,0,X,0.0,0.0,0.0,0.0,0.0,0.0,0.0,0.0,34,0.03776821403450251,12,22,-10,0,0,0,0,0,0,0,0,1,0
1e5v,C,374,ALA,1.8,88.6,0.0,0,0,X,0.0,0.0,0.0,0.0,0.0,0.0,0.0,0.0,27,0.02844272908771177,13,22,-9,0,0,0,0,0,0,0,0,1,0
1e5v,C,375,GLY,-0.4,60.1,0.0,0,0,X,0.0,0.0,0.0,0.0,0.0,0.0,0.0,0.0,27,0.03683566553982344,20,15,5,0,0,0,0,0,0,0,0,1,0
1e5v,C,376,ILE,4.5,166.7,0.0,0,0,X,0.0,0.0,0.0,0.0,0.0,0.0,0.0,0.0,30,0.04243095650789788,36,16,20,0,0,0,0,0,0,0,0,1,0
1e5v,C,377,THR,-0.7,116.1,0.0,1,1,X,0.0,0.0,0.0,0.0,0.0,0.0,0.0,0.0,24,0.02797645484037223,24,12,12,0,0,0,0,0,0,0,0,1,0
1e5v,C,378,ASP,-3.5,111.1,-1.0,1,3,X,0.0,0.0,0.0,0.0,0.0,0.0,0.0,0.0,22,0.03776821403450251,22,1,21,0,0,0,0,0,0,0,0,1,0
1e5v,C,379,GLY,-0.4,60.1,0.0,0,0,X,0.0,0.0,0.0,0.0,0.0,0.0,0.0,0.0,18,0.023779986614316396,18,13,5,0,0,0,0,0,0,0,0,1,0
1e5v,C,380,GLY,-0.4,60.1,0.0,0,0,X,0.0,0.0,0.0,0.0,0.0,0.0,0.0,0.0,11,0.01678587290422334,16,8,8,0,0,0,0,0,0,0,0,1,0
1e5v,C,394,ALA,1.8,88.6,0.0,0,0,X,0.0,0.0,0.0,0.0,0.0,0.0,0.0,0.0,25,0.02797645484037223,11,14,-3,0,0,0,0,0,0,0,0,1,0
1e5v,C,395,SER,-0.8,89.0,0.0,1,1,X,0.0,0.0,0.0,0.0,0.0,0.0,0.0,0.0,25,0.027043906345693154,4,10,-6,0,0,0,0,0,0,0,0,1,0
1e5v,C,396,VAL,4.2,140.0,0.0,0,0,X,0.0,0.0,0.0,0.0,0.0,0.0,0.0,0.0,23,0.03310547156110714,5,0,5,0,0,0,0,0,0,0,0,1,0
1e5v,C,397,ILE,4.5,166.7,0.0,0,0,X,0.0,0.0,0.0,0.0,0.0,0.0,0.0,0.0,34,0.04709369898129325,14,9,5,0,0,0,0,0,0,0,0,1,0
1e5v,C,398,PRO,-1.6,112.7,0.0,0,0,X,0.0,0.0,0.0,0.0,0.0,0.0,0.0,0.0,40,0.04196468226055834,14,14,0,0,0,0,0,0,0,0,0,1,0
1e5v,C,399,VAL,4.2,140.0,0.0,0,0,X,0.0,0.0,0.0,0.0,0.0,0.0,0.0,0.0,38,0.04616115048661418,24,10,14,0,0,0,0,0,0,0,0,1,0
1e5v,C,400,ALA,1.8,88.6,0.0,0,0,X,0.0,0.0,0.0,0.0,0.0,0.0,0.0,0.0,37,0.05035761871267001,32,21,11,0,0,0,0,0,0,0,0,1,0
1e5v,C,401,ARG,-4.5,173.4,1.0,5,0,X,0.0,0.0,0.0,0.0,0.0,0.0,0.0,0.0,35,0.04989134446533048,11,24,-13,0,0,0,0,0,0,0,0,1,0
1e5v,C,402,VAL,4.2,140.0,0.0,0,0,X,0.0,0.0,0.0,0.0,0.0,0.0,0.0,0.0,36,0.04755997322863279,30,23,7,0,0,0,0,0,0,0,0,1,0
1e5v,C,403,VAL,4.2,140.0,0.0,0,0,X,0.0,0.0,0.0,0.0,0.0,0.0,0.0,0.0,33,0.04942507021799094,47,34,13,0,0,0,0,0,0,0,0,1,0
1e5v,C,404,ASP,-3.5,111.1,-1.0,1,3,X,0.0,0.0,0.0,0.0,0.0,0.0,0.0,0.0,26,0.043363505002576956,25,20,5,0,0,0,0,0,0,0,0,1,0
1e5v,C,405,MET,1.9,162.9,0.0,0,0,X,0.0,0.0,0.0,0.0,0.0,0.0,0.0,0.0,36,0.05035761871267001,28,29,-1,0,0,0,0,0,0,0,0,1,0
1e5v,C,406,LEU,3.8,166.7,0.0,0,0,X,0.0,0.0,0.0,0.0,0.0,0.0,0.0,0.0,32,0.04755997322863279,35,32,3,0,0,0,0,0,0,0,0,1,0
1e5v,C,407,GLU,-3.5,138.4,-1.0,1,3,X,0.0,0.0,0.0,0.0,0.0,0.0,0.0,0.0,20,0.03450429430312575,32,15,17,0,0,0,0,0,0,0,0,1,0
1e5v,C,408,ASN,-3.5,114.1,0.0,2,2,X,0.0,0.0,0.0,0.0,0.0,0.0,0.0,0.0,21,0.032639197313767604,20,27,-7,0,0,0,0,0,0,0,0,1,0
1e5v,C,409,PRO,-1.6,112.7,0.0,0,0,X,0.0,0.0,0.0,0.0,0.0,0.0,0.0,0.0,19,0.03823448828184205,18,26,-8,0,0,0,0,0,0,0,0,1,0
1e5v,C,410,GLY,-0.4,60.1,0.0,0,0,X,0.0,0.0,0.0,0.0,0.0,0.0,0.0,0.0,18,0.02844272908771177,12,23,-11,0,0,0,0,0,0,0,0,1,0
1e5v,C,411,ALA,1.8,88.6,0.0,0,0,X,0.0,0.0,0.0,0.0,0.0,0.0,0.0,0.0,18,0.030774100324409453,19,24,-5,0,0,0,0,0,0,0,0,1,0
1e5v,C,412,GLU,-3.5,138.4,-1.0,1,3,X,0.0,0.0,0.0,0.0,0.0,0.0,0.0,0.0,15,0.03590311704514436,20,8,12,0,0,0,0,0,0,0,0,1,0
1e5v,C,413,PHE,2.8,189.9,0.0,0,0,X,0.0,0.0,0.0,0.0,0.0,0.0,0.0,0.0,27,0.03916703677652112,37,24,13,0,0,0,0,0,0,0,0,1,0
1e5v,C,414,ASP,-3.5,111.1,-1.0,1,3,X,0.0,0.0,0.0,0.0,0.0,0.0,0.0,0.0,23,0.043829779249916496,25,14,11,0,0,0,0,0,0,0,0,1,0
1e5v,C,415,PHE,2.8,189.9,0.0,0,0,X,0.0,0.0,0.0,0.0,0.0,0.0,0.0,0.0,29,0.04755997322863279,21,9,12,0,0,0,0,0,0,0,0,1,0
1e5v,C,416,ASN,-3.5,114.1,0.0,2,2,X,0.0,0.0,0.0,0.0,0.0,0.0,0.0,0.0,26,0.03776821403450251,16,10,6,0,0,0,0,0,0,0,0,1,0
1e5v,C,417,GLY,-0.4,60.1,0.0,0,0,X,0.0,0.0,0.0,0.0,0.0,0.0,0.0,0.0,20,0.03403802005578621,25,9,16,0,0,0,0,0,0,0,0,1,0
1e5v,C,418,THR,-0.7,116.1,0.0,1,1,X,0.0,0.0,0.0,0.0,0.0,0.0,0.0,0.0,16,0.026577632098353617,16,14,2,0,0,0,0,0,0,0,0,1,0
1e5v,C,419,ARG,-4.5,173.4,1.0,5,0,X,0.0,0.0,0.0,0.0,0.0,0.0,0.0,0.0,16,0.032172923066428064,15,17,-2,0,0,0,0,0,0,0,0,1,0
1e5v,C,420,SER,-0.8,89.0,0.0,1,1,X,0.0,0.0,0.0,0.0,0.0,0.0,0.0,0.0,21,0.035436842797804825,20,17,3,0,0,0,0,0,0,0,0,1,0
1e5v,C,421,LYS,-3.9,168.6,1.0,2,0,X,0.0,0.0,0.0,0.0,0.0,0.0,0.0,0.0,18,0.0363693912924839,11,13,-2,0,0,0,0,0,0,0,0,1,0
1e5v,C,422,PHE,2.8,189.9,0.0,0,0,X,0.0,0.0,0.0,0.0,0.0,0.0,0.0,0.0,30,0.04662742473395372,22,33,-11,0,0,0,0,0,0,0,0,1,0
1e5v,C,423,PRO,-1.6,112.7,0.0,0,0,X,0.0,0.0,0.0,0.0,0.0,0.0,0.0,0.0,34,0.03963331102386066,19,23,-4,0,0,0,0,0,0,0,0,1,0
1e5v,C,424,ASP,-3.5,111.1,-1.0,1,3,X,0.0,0.0,0.0,0.0,0.0,0.0,0.0,0.0,27,0.03730193978716297,20,16,4,0,0,0,0,0,0,0,0,1,0
1e5v,C,425,VAL,4.2,140.0,0.0,0,0,X,0.0,0.0,0.0,0.0,0.0,0.0,0.0,0.0,35,0.048958795970651406,18,29,-11,0,0,0,0,0,0,0,0,1,0
1e5v,C,426,LYS,-3.9,168.6,1.0,2,0,X,0.0,0.0,0.0,0.0,0.0,0.0,0.0,0.0,32,0.04662742473395372,22,28,-6,0,0,0,0,0,0,0,0,1,0
1e5v,C,427,MET,1.9,162.9,0.0,0,0,X,0.0,0.0,0.0,0.0,0.0,0.0,0.0,0.0,44,0.04476232774459557,27,34,-7,0,0,0,0,0,0,0,0,1,0
1e5v,C,428,ALA,1.8,88.6,0.0,0,0,X,0.0,0.0,0.0,0.0,0.0,0.0,0.0,0.0,39,0.05035761871267001,14,16,-2,0,0,0,0,0,0,0,0,1,0
1e5v,C,429,TYR,-1.3,193.6,0.0,1,1,X,0.0,0.0,0.0,0.0,0.0,0.0,0.0,0.0,36,0.048026247475972325,15,7,8,0,0,0,0,0,0,0,0,1,0
1e5v,C,430,TRP,-0.9,227.8,0.0,1,0,X,0.0,0.0,0.0,0.0,0.0,0.0,0.0,0.0,40,0.053155264196707235,17,4,13,0,0,0,0,0,0,0,0,1,0
1e5v,C,431,VAL,4.2,140.0,0.0,0,0,X,0.0,0.0,0.0,0.0,0.0,0.0,0.0,0.0,39,0.04942507021799094,28,16,12,0,0,0,0,0,0,0,0,1,0
1e5v,C,432,GLY,-0.4,60.1,0.0,0,0,X,0.0,0.0,0.0,0.0,0.0,0.0,0.0,0.0,40,0.043829779249916496,31,12,19,0,0,0,0,0,0,0,0,1,1
1e5v,C,433,GLY,-0.4,60.1,0.0,0,0,X,0.0,0.0,0.0,0.0,0.0,0.0,0.0,0.0,37,0.045694876239274644,26,9,17,0,0,0,0,0,0,0,0,1,1
1e5v,C,434,ASN,-3.5,114.1,0.0,2,2,X,0.0,0.0,0.0,0.0,0.0,0.0,0.0,0.0,41,0.04662742473395372,38,12,26,0,0,0,0,0,0,0,0,1,1
1e5v,C,435,PRO,-1.6,112.7,0.0,0,0,X,0.0,0.0,0.0,0.0,0.0,0.0,0.0,0.0,37,0.048958795970651406,36,4,32,0,0,0,0,0,0,0,0,1,0
1e5v,C,436,PHE,2.8,189.9,0.0,0,0,X,0.0,0.0,0.0,0.0,0.0,0.0,0.0,0.0,39,0.05595290968074446,54,8,46,0,0,0,0,0,0,0,0,1,0
1e5v,C,437,VAL,4.2,140.0,0.0,0,0,X,0.0,0.0,0.0,0.0,0.0,0.0,0.0,0.0,37,0.05502036118606539,43,23,20,0,0,0,0,0,0,0,0,1,0
1e5v,C,438,HIS,-3.2,153.2,0.1,2,1,X,0.0,0.0,0.0,0.0,0.0,0.0,0.0,0.0,37,0.04662742473395372,26,13,13,0,0,0,0,0,0,0,0,1,1
1e5v,C,439,HIS,-3.2,153.2,0.1,2,1,X,0.0,0.0,0.0,0.0,0.0,0.0,0.0,0.0,36,0.048026247475972325,40,21,19,0,0,0,0,0,0,0,0,1,0
1e5v,C,440,GLN,-3.5,143.8,0.0,2,2,X,0.0,0.0,0.0,0.0,0.0,0.0,0.0,0.0,38,0.053155264196707235,58,22,36,0,0,0,0,0,0,0,0,1,1
1e5v,C,441,ASP,-3.5,111.1,-1.0,1,3,X,0.0,0.0,0.0,0.0,0.0,0.0,0.0,0.0,35,0.05455408693872585,49,18,31,0,0,0,0,0,0,0,0,1,0
1e5v,C,442,ARG,-4.5,173.4,1.0,5,0,X,0.0,0.0,0.0,0.0,0.0,0.0,0.0,0.0,38,0.053155264196707235,37,29,8,0,0,0,0,0,0,0,0,1,0
1e5v,C,443,ASN,-3.5,114.1,0.0,2,2,X,0.0,0.0,0.0,0.0,0.0,0.0,0.0,0.0,35,0.040099585271200194,38,23,15,0,0,0,0,0,0,0,0,1,0
1e5v,C,444,ARG,-4.5,173.4,1.0,5,0,X,0.0,0.0,0.0,0.0,0.0,0.0,0.0,0.0,26,0.03450429430312575,36,33,3,0,0,0,0,0,0,0,0,1,0
1e5v,C,445,MET,1.9,162.9,0.0,0,0,X,0.0,0.0,0.0,0.0,0.0,0.0,0.0,0.0,35,0.04989134446533048,51,27,24,0,0,0,0,0,0,0,0,1,0
1e5v,C,446,VAL,4.2,140.0,0.0,0,0,X,0.0,0.0,0.0,0.0,0.0,0.0,0.0,0.0,33,0.04243095650789788,53,23,30,0,0,0,0,0,0,0,0,1,0
1e5v,C,447,LYS,-3.9,168.6,1.0,2,0,X,0.0,0.0,0.0,0.0,0.0,0.0,0.0,0.0,23,0.030307826077069916,21,20,1,0,0,0,0,0,0,0,0,1,0
1e5v,C,448,ALA,1.8,88.6,0.0,0,0,X,0.0,0.0,0.0,0.0,0.0,0.0,0.0,0.0,26,0.04289723075523742,44,25,19,0,0,0,0,0,0,0,0,1,0
1e5v,C,449,TRP,-0.9,227.8,0.0,1,0,X,0.0,0.0,0.0,0.0,0.0,0.0,0.0,0.0,37,0.04616115048661418,58,21,37,0,0,0,0,0,0,0,0,1,0
1e5v,C,450,GLU,-3.5,138.4,-1.0,1,3,X,0.0,0.0,0.0,0.0,0.0,0.0,0.0,0.0,24,0.03730193978716297,45,15,30,0,0,0,0,0,0,0,0,1,0
1e5v,C,451,LYS,-3.9,168.6,1.0,2,0,X,0.0,0.0,0.0,0.0,0.0,0.0,0.0,0.0,27,0.035436842797804825,23,34,-11,0,0,0,0,0,0,0,0,1,0
1e5v,C,452,LEU,3.8,166.7,0.0,0,0,X,0.0,0.0,0.0,0.0,0.0,0.0,0.0,0.0,37,0.04755997322863279,41,28,13,0,0,0,0,0,0,0,0,1,0
1e5v,C,453,GLU,-3.5,138.4,-1.0,1,3,X,0.0,0.0,0.0,0.0,0.0,0.0,0.0,0.0,29,0.04616115048661418,45,19,26,0,0,0,0,0,0,0,0,1,0
1e5v,C,454,THR,-0.7,116.1,0.0,1,1,X,0.0,0.0,0.0,0.0,0.0,0.0,0.0,0.0,37,0.05129016720734909,38,28,10,0,0,0,0,0,0,0,0,1,0
1e5v,C,455,PHE,2.8,189.9,0.0,0,0,X,0.0,0.0,0.0,0.0,0.0,0.0,0.0,0.0,38,0.05035761871267001,34,14,20,0,0,0,0,0,0,0,0,1,0
1e5v,C,456,VAL,4.2,140.0,0.0,0,0,X,0.0,0.0,0.0,0.0,0.0,0.0,0.0,0.0,42,0.04989134446533048,18,17,1,0,0,0,0,0,0,0,0,1,0
1e5v,C,457,VAL,4.2,140.0,0.0,0,0,X,0.0,0.0,0.0,0.0,0.0,0.0,0.0,0.0,41,0.05222271570202816,20,17,3,0,0,0,0,0,0,0,0,1,0
1e5v,C,458,HIS,-3.2,153.2,0.1,2,1,X,0.0,0.0,0.0,0.0,0.0,0.0,0.0,0.0,41,0.05035761871267001,6,18,-12,0,0,0,0,0,0,0,0,1,1
1e5v,C,459,ASP,-3.5,111.1,-1.0,1,3,X,0.0,0.0,0.0,0.0,0.0,0.0,0.0,0.0,41,0.04616115048661418,30,6,24,0,0,0,0,0,0,0,0,1,1
1e5v,C,460,PHE,2.8,189.9,0.0,0,0,X,0.0,0.0,0.0,0.0,0.0,0.0,0.0,0.0,44,0.043829779249916496,29,20,9,0,0,0,0,0,0,0,0,1,1
1e5v,C,461,GLN,-3.5,143.8,0.0,2,2,X,0.0,0.0,0.0,0.0,0.0,0.0,0.0,0.0,41,0.043363505002576956,20,10,10,0,0,0,0,0,0,0,0,1,0
1e5v,C,462,TRP,-0.9,227.8,0.0,1,0,X,0.0,0.0,0.0,0.0,0.0,0.0,0.0,0.0,38,0.05129016720734909,32,11,21,0,0,0,0,0,0,0,0,1,0
1e5v,C,463,THR,-0.7,116.1,0.0,1,1,X,0.0,0.0,0.0,0.0,0.0,0.0,0.0,0.0,39,0.048958795970651406,28,9,19,0,0,0,0,0,0,0,0,1,1
1e5v,C,464,PRO,-1.6,112.7,0.0,0,0,X,0.0,0.0,0.0,0.0,0.0,0.0,0.0,0.0,42,0.05408781269138631,32,20,12,0,0,0,0,0,0,0,0,1,0
1e5v,C,465,THR,-0.7,116.1,0.0,1,1,X,0.0,0.0,0.0,0.0,0.0,0.0,0.0,0.0,39,0.04709369898129325,40,9,31,0,0,0,0,0,0,0,0,1,0
1e5v,C,466,ALA,1.8,88.6,0.0,0,0,X,0.0,0.0,0.0,0.0,0.0,0.0,0.0,0.0,39,0.05548663543340492,36,13,23,0,0,0,0,0,0,0,0,1,0
1e5v,C,467,ARG,-4.5,173.4,1.0,5,0,X,0.0,0.0,0.0,0.0,0.0,0.0,0.0,0.0,37,0.04709369898129325,15,10,5,0,0,0,0,0,0,0,0,1,0
1e5v,C,468,HIS,-3.2,153.2,0.1,2,1,X,0.0,0.0,0.0,0.0,0.0,0.0,0.0,0.0,37,0.048958795970651406,38,9,29,0,0,0,0,0,0,0,0,1,0
1e5v,C,469,ALA,1.8,88.6,0.0,0,0,X,0.0,0.0,0.0,0.0,0.0,0.0,0.0,0.0,39,0.0526889899493677,43,14,29,0,0,0,0,0,0,0,0,1,0
1e5v,C,470,ASP,-3.5,111.1,-1.0,1,3,X,0.0,0.0,0.0,0.0,0.0,0.0,0.0,0.0,41,0.050823892960009553,48,22,26,0,0,0,0,0,0,0,0,1,0
1e5v,C,471,ILE,4.5,166.7,0.0,0,0,X,0.0,0.0,0.0,0.0,0.0,0.0,0.0,0.0,42,0.04989134446533048,29,17,12,0,0,0,0,0,0,0,0,1,0
1e5v,C,472,VAL,4.2,140.0,0.0,0,0,X,0.0,0.0,0.0,0.0,0.0,0.0,0.0,0.0,40,0.0526889899493677,34,14,20,0,0,0,0,0,0,0,0,1,0
1e5v,C,473,LEU,3.8,166.7,0.0,0,0,X,0.0,0.0,0.0,0.0,0.0,0.0,0.0,0.0,41,0.048026247475972325,24,22,2,0,0,0,0,0,0,0,0,1,0
1e5v,C,474,PRO,-1.6,112.7,0.0,0,0,X,0.0,0.0,0.0,0.0,0.0,0.0,0.0,0.0,34,0.05502036118606539,38,26,12,0,0,0,0,0,0,0,0,1,0
1e5v,C,475,ALA,1.8,88.6,0.0,0,0,X,0.0,0.0,0.0,0.0,0.0,0.0,0.0,0.0,39,0.053155264196707235,38,35,3,0,0,0,0,0,0,0,0,1,1
1e5v,C,476,THR,-0.7,116.1,0.0,1,1,X,0.0,0.0,0.0,0.0,0.0,0.0,0.0,0.0,37,0.04989134446533048,43,39,4,0,0,0,0,0,0,0,0,1,0
1e5v,C,477,THR,-0.7,116.1,0.0,1,1,X,0.0,0.0,0.0,0.0,0.0,0.0,0.0,0.0,41,0.04149840801321881,38,21,17,0,0,0,0,0,0,0,0,1,0
1e5v,C,478,SER,-0.8,89.0,0.0,1,1,X,0.0,0.0,0.0,0.0,0.0,0.0,0.0,0.0,43,0.048492521723311866,42,22,20,0,0,0,0,0,0,0,0,1,0
1e5v,C,479,TYR,-1.3,193.6,0.0,1,1,X,0.0,0.0,0.0,0.0,0.0,0.0,0.0,0.0,39,0.048026247475972325,29,15,14,0,0,0,0,0,0,0,0,1,0
1e5v,C,480,GLU,-3.5,138.4,-1.0,1,3,X,0.0,0.0,0.0,0.0,0.0,0.0,0.0,0.0,34,0.048958795970651406,39,15,24,0,0,0,0,0,0,0,0,1,0
1e5v,C,481,ARG,-4.5,173.4,1.0,5,0,X,0.0,0.0,0.0,0.0,0.0,0.0,0.0,0.0,38,0.045694876239274644,30,40,-10,0,0,0,0,0,0,0,0,1,1
1e5v,C,482,ASN,-3.5,114.1,0.0,2,2,X,0.0,0.0,0.0,0.0,0.0,0.0,0.0,0.0,33,0.048492521723311866,38,25,13,0,0,0,0,0,0,0,0,1,0
1e5v,C,483,ASP,-3.5,111.1,-1.0,1,3,X,0.0,0.0,0.0,0.0,0.0,0.0,0.0,0.0,39,0.05548663543340492,41,21,20,0,0,0,0,0,0,0,0,1,0
1e5v,C,484,ILE,4.5,166.7,0.0,0,0,X,0.0,0.0,0.0,0.0,0.0,0.0,0.0,0.0,41,0.05175644145468863,27,21,6,0,0,0,0,0,0,0,0,1,0
1e5v,C,485,GLU,-3.5,138.4,-1.0,1,3,X,0.0,0.0,0.0,0.0,0.0,0.0,0.0,0.0,41,0.048958795970651406,19,13,6,0,0,0,0,0,0,0,0,1,0
1e5v,C,486,THR,-0.7,116.1,0.0,1,1,X,0.0,0.0,0.0,0.0,0.0,0.0,0.0,0.0,36,0.04989134446533048,9,23,-14,0,0,0,0,0,0,0,0,1,0
1e5v,C,487,ILE,4.5,166.7,0.0,0,0,X,0.0,0.0,0.0,0.0,0.0,0.0,0.0,0.0,40,0.05129016720734909,2,35,-33,0,0,0,0,0,0,0,0,1,0
1e5v,C,488,GLY,-0.4,60.1,0.0,0,0,X,0.0,0.0,0.0,0.0,0.0,0.0,0.0,0.0,35,0.04989134446533048,3,25,-22,0,0,0,0,0,0,0,0,1,0
1e5v,C,489,ASP,-3.5,111.1,-1.0,1,3,X,0.0,0.0,0.0,0.0,0.0,0.0,0.0,0.0,32,0.04243095650789788,4,17,-13,0,0,0,0,0,0,0,0,1,0
1e5v,C,490,TYR,-1.3,193.6,0.0,1,1,X,0.0,0.0,0.0,0.0,0.0,0.0,0.0,0.0,37,0.04243095650789788,3,22,-19,0,0,0,0,0,0,0,0,1,0
1e5v,C,491,SER,-0.8,89.0,0.0,1,1,X,0.0,0.0,0.0,0.0,0.0,0.0,0.0,0.0,33,0.04289723075523742,2,17,-15,0,0,0,0,0,0,0,0,1,0
1e5v,C,492,ASN,-3.5,114.1,0.0,2,2,X,0.0,0.0,0.0,0.0,0.0,0.0,0.0,0.0,32,0.04662742473395372,0,22,-22,0,0,0,0,0,0,0,0,1,0
1e5v,C,493,THR,-0.7,116.1,0.0,1,1,X,0.0,0.0,0.0,0.0,0.0,0.0,0.0,0.0,33,0.04616115048661418,6,24,-18,0,0,0,0,0,0,0,0,1,0
1e5v,C,494,GLY,-0.4,60.1,0.0,0,0,X,0.0,0.0,0.0,0.0,0.0,0.0,0.0,0.0,36,0.04476232774459557,0,26,-26,0,0,0,0,0,0,0,0,1,0
1e5v,C,495,ILE,4.5,166.7,0.0,0,0,X,0.0,0.0,0.0,0.0,0.0,0.0,0.0,0.0,40,0.05175644145468863,3,20,-17,0,0,0,0,0,0,0,0,1,0
1e5v,C,496,LEU,3.8,166.7,0.0,0,0,X,0.0,0.0,0.0,0.0,0.0,0.0,0.0,0.0,38,0.048958795970651406,11,23,-12,0,0,0,0,0,0,0,0,1,0
1e5v,C,497,ALA,1.8,88.6,0.0,0,0,X,0.0,0.0,0.0,0.0,0.0,0.0,0.0,0.0,37,0.05222271570202816,16,20,-4,0,0,0,0,0,0,0,0,1,0
1e5v,C,498,MET,1.9,162.9,0.0,0,0,X,0.0,0.0,0.0,0.0,0.0,0.0,0.0,0.0,41,0.05035761871267001,42,24,18,0,0,0,0,0,0,0,0,1,0
1e5v,C,499,LYS,-3.9,168.6,1.0,2,0,X,0.0,0.0,0.0,0.0,0.0,0.0,0.0,0.0,31,0.045228601991935104,14,13,1,0,0,0,0,0,0,0,0,1,0
1e5v,C,500,LYS,-3.9,168.6,1.0,2,0,X,0.0,0.0,0.0,0.0,0.0,0.0,0.0,0.0,26,0.04103213376587927,19,27,-8,0,0,0,0,0,0,0,0,1,0
1e5v,C,501,ILE,4.5,166.7,0.0,0,0,X,0.0,0.0,0.0,0.0,0.0,0.0,0.0,0.0,35,0.043363505002576956,27,19,8,0,0,0,0,0,0,0,0,1,0
1e5v,C,502,VAL,4.2,140.0,0.0,0,0,X,0.0,0.0,0.0,0.0,0.0,0.0,0.0,0.0,31,0.03870076252918159,28,21,7,0,0,0,0,0,0,0,0,1,0
1e5v,C,503,GLU,-3.5,138.4,-1.0,1,3,X,0.0,0.0,0.0,0.0,0.0,0.0,0.0,0.0,23,0.02797645484037223,19,9,10,0,0,0,0,0,0,0,0,1,0
1e5v,C,504,PRO,-1.6,112.7,0.0,0,0,X,0.0,0.0,0.0,0.0,0.0,0.0,0.0,0.0,24,0.03916703677652112,29,26,3,0,0,0,0,0,0,0,0,1,0
1e5v,C,505,LEU,3.8,166.7,0.0,0,0,X,0.0,0.0,0.0,0.0,0.0,0.0,0.0,0.0,24,0.03590311704514436,27,23,4,0,0,0,0,0,0,0,0,1,0
1e5v,C,506,TYR,-1.3,193.6,0.0,1,1,X,0.0,0.0,0.0,0.0,0.0,0.0,0.0,0.0,25,0.032172923066428064,26,20,6,0,0,0,0,0,0,0,0,1,0
1e5v,C,507,GLU,-3.5,138.4,-1.0,1,3,X,0.0,0.0,0.0,0.0,0.0,0.0,0.0,0.0,23,0.03963331102386066,28,2,26,0,0,0,0,0,0,0,0,1,0
1e5v,C,508,ALA,1.8,88.6,0.0,0,0,X,0.0,0.0,0.0,0.0,0.0,0.0,0.0,0.0,26,0.0526889899493677,30,34,-4,0,0,0,0,0,0,0,0,1,0
1e5v,C,509,ARG,-4.5,173.4,1.0,5,0,X,0.0,0.0,0.0,0.0,0.0,0.0,0.0,0.0,30,0.04616115048661418,10,28,-18,0,0,0,0,0,0,0,0,1,0
1e5v,C,510,SER,-0.8,89.0,0.0,1,1,X,0.0,0.0,0.0,0.0,0.0,0.0,0.0,0.0,33,0.043363505002576956,38,35,3,0,0,0,0,0,0,0,0,1,0
1e5v,C,511,ASP,-3.5,111.1,-1.0,1,3,X,0.0,0.0,0.0,0.0,0.0,0.0,0.0,0.0,37,0.0526889899493677,36,13,23,0,0,0,0,0,0,0,0,1,1
1e5v,C,512,TYR,-1.3,193.6,0.0,1,1,X,0.0,0.0,0.0,0.0,0.0,0.0,0.0,0.0,36,0.04942507021799094,35,32,3,0,0,0,0,0,0,0,0,1,0
1e5v,C,513,ASP,-3.5,111.1,-1.0,1,3,X,0.0,0.0,0.0,0.0,0.0,0.0,0.0,0.0,28,0.034970568550465285,28,17,11,0,0,0,0,0,0,0,0,1,0
1e5v,C,514,ILE,4.5,166.7,0.0,0,0,X,0.0,0.0,0.0,0.0,0.0,0.0,0.0,0.0,38,0.04616115048661418,25,20,5,0,0,0,0,0,0,0,0,1,0
1e5v,C,515,PHE,2.8,189.9,0.0,0,0,X,0.0,0.0,0.0,0.0,0.0,0.0,0.0,0.0,38,0.048492521723311866,24,16,8,0,0,0,0,0,0,0,0,1,0
1e5v,C,516,ALA,1.8,88.6,0.0,0,0,X,0.0,0.0,0.0,0.0,0.0,0.0,0.0,0.0,32,0.043829779249916496,25,27,-2,0,0,0,0,0,0,0,0,1,0
1e5v,C,517,ALA,1.8,88.6,0.0,0,0,X,0.0,0.0,0.0,0.0,0.0,0.0,0.0,0.0,30,0.03683566553982344,25,32,-7,0,0,0,0,0,0,0,0,1,0
1e5v,C,518,VAL,4.2,140.0,0.0,0,0,X,0.0,0.0,0.0,0.0,0.0,0.0,0.0,0.0,39,0.04709369898129325,28,25,3,0,0,0,0,0,0,0,0,1,0
1e5v,C,519,ALA,1.8,88.6,0.0,0,0,X,0.0,0.0,0.0,0.0,0.0,0.0,0.0,0.0,30,0.04989134446533048,27,20,7,0,0,0,0,0,0,0,0,1,0
1e5v,C,520,GLU,-3.5,138.4,-1.0,1,3,X,0.0,0.0,0.0,0.0,0.0,0.0,0.0,0.0,21,0.03403802005578621,19,9,10,0,0,0,0,0,0,0,0,1,0
1e5v,C,521,ARG,-4.5,173.4,1.0,5,0,X,0.0,0.0,0.0,0.0,0.0,0.0,0.0,0.0,27,0.03357174580844668,6,27,-21,0,0,0,0,0,0,0,0,1,0
1e5v,C,522,LEU,3.8,166.7,0.0,0,0,X,0.0,0.0,0.0,0.0,0.0,0.0,0.0,0.0,30,0.03357174580844668,29,24,5,0,0,0,0,0,0,0,0,1,0
1e5v,C,523,GLY,-0.4,60.1,0.0,0,0,X,0.0,0.0,0.0,0.0,0.0,0.0,0.0,0.0,18,0.023779986614316396,20,17,3,0,0,0,0,0,0,0,0,1,0
1e5v,C,524,LYS,-3.9,168.6,1.0,2,0,X,0.0,0.0,0.0,0.0,0.0,0.0,0.0,0.0,22,0.034970568550465285,11,18,-7,0,0,0,0,0,0,0,0,1,0
1e5v,C,525,GLY,-0.4,60.1,0.0,0,0,X,0.0,0.0,0.0,0.0,0.0,0.0,0.0,0.0,23,0.040099585271200194,23,27,-4,0,0,0,0,0,0,0,0,1,0
1e5v,C,526,ALA,1.8,88.6,0.0,0,0,X,0.0,0.0,0.0,0.0,0.0,0.0,0.0,0.0,16,0.030307826077069916,18,27,-9,0,0,0,0,0,0,0,0,1,0
1e5v,C,527,GLU,-3.5,138.4,-1.0,1,3,X,0.0,0.0,0.0,0.0,0.0,0.0,0.0,0.0,19,0.030774100324409453,19,17,2,0,0,0,0,0,0,0,0,1,0
1e5v,C,528,PHE,2.8,189.9,0.0,0,0,X,0.0,0.0,0.0,0.0,0.0,0.0,0.0,0.0,37,0.04616115048661418,28,37,-9,0,0,0,0,0,0,0,0,1,0
1e5v,C,529,THR,-0.7,116.1,0.0,1,1,X,0.0,0.0,0.0,0.0,0.0,0.0,0.0,0.0,24,0.04243095650789788,20,37,-17,0,0,0,0,0,0,0,0,1,0
1e5v,C,530,GLU,-3.5,138.4,-1.0,1,3,X,0.0,0.0,0.0,0.0,0.0,0.0,0.0,0.0,17,0.030307826077069916,17,13,4,0,0,0,0,0,0,0,0,1,0
1e5v,C,531,GLY,-0.4,60.1,0.0,0,0,X,0.0,0.0,0.0,0.0,0.0,0.0,0.0,0.0,13,0.02471253510899547,11,24,-13,0,0,0,0,0,0,0,0,1,0
1e5v,C,532,LYS,-3.9,168.6,1.0,2,0,X,0.0,0.0,0.0,0.0,0.0,0.0,0.0,0.0,20,0.03124037457174899,8,27,-19,0,0,0,0,0,0,0,0,1,0
1e5v,C,533,ASP,-3.5,111.1,-1.0,1,3,X,0.0,0.0,0.0,0.0,0.0,0.0,0.0,0.0,16,0.03124037457174899,14,16,-2,0,0,0,0,0,0,0,0,1,0
1e5v,C,534,GLU,-3.5,138.4,-1.0,1,3,X,0.0,0.0,0.0,0.0,0.0,0.0,0.0,0.0,23,0.03823448828184205,34,24,10,0,0,0,0,0,0,0,0,1,0
1e5v,C,535,MET,1.9,162.9,0.0,0,0,X,0.0,0.0,0.0,0.0,0.0,0.0,0.0,0.0,22,0.03590311704514436,20,26,-6,0,0,0,0,0,0,0,0,1,0
1e5v,C,536,GLY,-0.4,60.1,0.0,0,0,X,0.0,0.0,0.0,0.0,0.0,0.0,0.0,0.0,20,0.034970568550465285,18,27,-9,0,0,0,0,0,0,0,0,1,0
1e5v,C,537,TRP,-0.9,227.8,0.0,1,0,X,0.0,0.0,0.0,0.0,0.0,0.0,0.0,0.0,28,0.043363505002576956,31,28,3,0,0,0,0,0,0,0,0,1,0
1e5v,C,538,ILE,4.5,166.7,0.0,0,0,X,0.0,0.0,0.0,0.0,0.0,0.0,0.0,0.0,32,0.05175644145468863,29,34,-5,0,0,0,0,0,0,0,0,1,0
1e5v,C,539,LYS,-3.9,168.6,1.0,2,0,X,0.0,0.0,0.0,0.0,0.0,0.0,0.0,0.0,24,0.04196468226055834,5,25,-20,0,0,0,0,0,0,0,0,1,0
1e5v,C,540,SER,-0.8,89.0,0.0,1,1,X,0.0,0.0,0.0,0.0,0.0,0.0,0.0,0.0,24,0.03683566553982344,22,20,2,0,0,0,0,0,0,0,0,1,0
1e5v,C,541,PHE,2.8,189.9,0.0,0,0,X,0.0,0.0,0.0,0.0,0.0,0.0,0.0,0.0,31,0.045228601991935104,23,31,-8,0,0,0,0,0,0,0,0,1,0
1e5v,C,542,TYR,-1.3,193.6,0.0,1,1,X,0.0,0.0,0.0,0.0,0.0,0.0,0.0,0.0,35,0.048958795970651406,14,22,-8,0,0,0,0,0,0,0,0,1,0
1e5v,C,543,ASP,-3.5,111.1,-1.0,1,3,X,0.0,0.0,0.0,0.0,0.0,0.0,0.0,0.0,25,0.03730193978716297,20,9,11,0,0,0,0,0,0,0,0,1,0
1e5v,C,544,ASP,-3.5,111.1,-1.0,1,3,X,0.0,0.0,0.0,0.0,0.0,0.0,0.0,0.0,22,0.03403802005578621,16,8,8,0,0,0,0,0,0,0,0,1,0
1e5v,C,545,ALA,1.8,88.6,0.0,0,0,X,0.0,0.0,0.0,0.0,0.0,0.0,0.0,0.0,33,0.04616115048661418,18,16,2,0,0,0,0,0,0,0,0,1,0
1e5v,C,546,ALA,1.8,88.6,0.0,0,0,X,0.0,0.0,0.0,0.0,0.0,0.0,0.0,0.0,29,0.04476232774459557,20,16,4,0,0,0,0,0,0,0,0,1,0
1e5v,C,547,LYS,-3.9,168.6,1.0,2,0,X,0.0,0.0,0.0,0.0,0.0,0.0,0.0,0.0,17,0.03124037457174899,10,16,-6,0,0,0,0,0,0,0,0,1,0
1e5v,C,548,GLN,-3.5,143.8,0.0,2,2,X,0.0,0.0,0.0,0.0,0.0,0.0,0.0,0.0,23,0.03310547156110714,16,12,4,0,0,0,0,0,0,0,0,1,0
1e5v,C,549,GLY,-0.4,60.1,0.0,0,0,X,0.0,0.0,0.0,0.0,0.0,0.0,0.0,0.0,23,0.040565859518539735,18,7,11,0,0,0,0,0,0,0,0,1,0
1e5v,C,550,LYS,-3.9,168.6,1.0,2,0,X,0.0,0.0,0.0,0.0,0.0,0.0,0.0,0.0,15,0.032172923066428064,9,4,5,0,0,0,0,0,0,0,0,1,0
1e5v,C,551,ALA,1.8,88.6,0.0,0,0,X,0.0,0.0,0.0,0.0,0.0,0.0,0.0,0.0,14,0.02144861537761871,17,1,16,0,0,0,0,0,0,0,0,1,0
1e5v,C,552,ALA,1.8,88.6,0.0,0,0,X,0.0,0.0,0.0,0.0,0.0,0.0,0.0,0.0,17,0.022847438119637322,11,0,11,0,0,0,0,0,0,0,0,1,0
1e5v,C,553,GLY,-0.4,60.1,0.0,0,0,X,0.0,0.0,0.0,0.0,0.0,0.0,0.0,0.0,17,0.020049792635600097,11,0,11,0,0,0,0,0,0,0,0,1,0
1e5v,C,554,VAL,4.2,140.0,0.0,0,0,X,0.0,0.0,0.0,0.0,0.0,0.0,0.0,0.0,25,0.03403802005578621,12,3,9,0,0,0,0,0,0,0,0,1,0
1e5v,C,555,GLN,-3.5,143.8,0.0,2,2,X,0.0,0.0,0.0,0.0,0.0,0.0,0.0,0.0,17,0.025645083603674543,9,2,7,0,0,0,0,0,0,0,0,1,0
1e5v,C,556,MET,1.9,162.9,0.0,0,0,X,0.0,0.0,0.0,0.0,0.0,0.0,0.0,0.0,28,0.03170664881908853,14,17,-3,0,0,0,0,0,0,0,0,1,0
1e5v,C,557,PRO,-1.6,112.7,0.0,0,0,X,0.0,0.0,0.0,0.0,0.0,0.0,0.0,0.0,23,0.027510180593032695,3,19,-16,0,0,0,0,0,0,0,0,1,0
1e5v,C,558,ALA,1.8,88.6,0.0,0,0,X,0.0,0.0,0.0,0.0,0.0,0.0,0.0,0.0,16,0.029375277582390842,9,22,-13,0,0,0,0,0,0,0,0,1,0
1e5v,C,559,PHE,2.8,189.9,0.0,0,0,X,0.0,0.0,0.0,0.0,0.0,0.0,0.0,0.0,27,0.04103213376587927,10,19,-9,0,0,0,0,0,0,0,0,1,0
1e5v,C,560,ASP,-3.5,111.1,-1.0,1,3,X,0.0,0.0,0.0,0.0,0.0,0.0,0.0,0.0,14,0.028909003335051305,8,10,-2,0,0,0,0,0,0,0,0,1,0
1e5v,C,561,ALA,1.8,88.6,0.0,0,0,X,0.0,0.0,0.0,0.0,0.0,0.0,0.0,0.0,16,0.02984155182973038,3,17,-14,0,0,0,0,0,0,0,0,1,0
1e5v,C,562,PHE,2.8,189.9,0.0,0,0,X,0.0,0.0,0.0,0.0,0.0,0.0,0.0,0.0,31,0.04616115048661418,12,24,-12,0,0,0,0,0,0,0,0,1,0
1e5v,C,563,TRP,-0.9,227.8,0.0,1,0,X,0.0,0.0,0.0,0.0,0.0,0.0,0.0,0.0,27,0.040099585271200194,19,21,-2,0,0,0,0,0,0,0,0,1,0
1e5v,C,564,ALA,1.8,88.6,0.0,0,0,X,0.0,0.0,0.0,0.0,0.0,0.0,0.0,0.0,14,0.026577632098353617,5,17,-12,0,0,0,0,0,0,0,0,1,0
1e5v,C,565,GLU,-3.5,138.4,-1.0,1,3,X,0.0,0.0,0.0,0.0,0.0,0.0,0.0,0.0,18,0.027043906345693154,3,9,-6,0,0,0,0,0,0,0,0,1,0
1e5v,C,566,GLY,-0.4,60.1,0.0,0,0,X,0.0,0.0,0.0,0.0,0.0,0.0,0.0,0.0,30,0.04196468226055834,9,21,-12,0,0,0,0,0,0,0,0,1,0
1e5v,C,567,ILE,4.5,166.7,0.0,0,0,X,0.0,0.0,0.0,0.0,0.0,0.0,0.0,0.0,27,0.040565859518539735,9,21,-12,0,0,0,0,0,0,0,0,1,0
1e5v,C,568,VAL,4.2,140.0,0.0,0,0,X,0.0,0.0,0.0,0.0,0.0,0.0,0.0,0.0,35,0.04289723075523742,1,20,-19,0,0,0,0,0,0,0,0,1,0
1e5v,C,569,GLU,-3.5,138.4,-1.0,1,3,X,0.0,0.0,0.0,0.0,0.0,0.0,0.0,0.0,24,0.03310547156110714,5,4,1,0,0,0,0,0,0,0,0,1,0
1e5v,C,570,PHE,2.8,189.9,0.0,0,0,X,0.0,0.0,0.0,0.0,0.0,0.0,0.0,0.0,31,0.040099585271200194,0,9,-9,0,0,0,0,0,0,0,0,1,0
1e5v,C,571,PRO,-1.6,112.7,0.0,0,0,X,0.0,0.0,0.0,0.0,0.0,0.0,0.0,0.0,22,0.027510180593032695,0,12,-12,0,0,0,0,0,0,0,0,1,0
1e5v,C,572,VAL,4.2,140.0,0.0,0,0,X,0.0,0.0,0.0,0.0,0.0,0.0,0.0,0.0,18,0.030307826077069916,0,16,-16,0,0,0,0,0,0,0,0,1,0
1e5v,C,573,THR,-0.7,116.1,0.0,1,1,X,0.0,0.0,0.0,0.0,0.0,0.0,0.0,0.0,14,0.022847438119637322,0,15,-15,0,0,0,0,0,0,0,0,1,0
1e5v,C,574,ASP,-3.5,111.1,-1.0,1,3,X,0.0,0.0,0.0,0.0,0.0,0.0,0.0,0.0,14,0.022381163872297785,0,8,-8,0,0,0,0,0,0,0,0,1,0
1e5v,C,575,GLY,-0.4,60.1,0.0,0,0,X,0.0,0.0,0.0,0.0,0.0,0.0,0.0,0.0,23,0.03683566553982344,0,16,-16,0,0,0,0,0,0,0,0,1,0
1e5v,C,576,ALA,1.8,88.6,0.0,0,0,X,0.0,0.0,0.0,0.0,0.0,0.0,0.0,0.0,21,0.03730193978716297,0,17,-17,0,0,0,0,0,0,0,0,1,0
1e5v,C,577,ASP,-3.5,111.1,-1.0,1,3,X,0.0,0.0,0.0,0.0,0.0,0.0,0.0,0.0,22,0.030307826077069916,1,10,-9,0,0,0,0,0,0,0,0,1,0
1e5v,C,578,PHE,2.8,189.9,0.0,0,0,X,0.0,0.0,0.0,0.0,0.0,0.0,0.0,0.0,28,0.03683566553982344,11,20,-9,0,0,0,0,0,0,0,0,1,0
1e5v,C,579,VAL,4.2,140.0,0.0,0,0,X,0.0,0.0,0.0,0.0,0.0,0.0,0.0,0.0,32,0.03870076252918159,15,10,5,0,0,0,0,0,0,0,0,1,0
1e5v,C,580,ARG,-4.5,173.4,1.0,5,0,X,0.0,0.0,0.0,0.0,0.0,0.0,0.0,0.0,32,0.040565859518539735,1,19,-18,0,0,0,0,0,0,0,0,1,0
1e5v,C,581,TYR,-1.3,193.6,0.0,1,1,X,0.0,0.0,0.0,0.0,0.0,0.0,0.0,0.0,35,0.03776821403450251,20,13,7,0,0,0,0,0,0,0,0,1,0
1e5v,C,582,ALA,1.8,88.6,0.0,0,0,X,0.0,0.0,0.0,0.0,0.0,0.0,0.0,0.0,22,0.03590311704514436,19,16,3,0,0,0,0,0,0,0,0,1,0
1e5v,C,583,SER,-0.8,89.0,0.0,1,1,X,0.0,0.0,0.0,0.0,0.0,0.0,0.0,0.0,19,0.03124037457174899,14,17,-3,0,0,0,0,0,0,0,0,1,0
1e5v,C,584,PHE,2.8,189.9,0.0,0,0,X,0.0,0.0,0.0,0.0,0.0,0.0,0.0,0.0,28,0.04662742473395372,13,16,-3,0,0,0,0,0,0,0,0,1,0
1e5v,C,585,ARG,-4.5,173.4,1.0,5,0,X,0.0,0.0,0.0,0.0,0.0,0.0,0.0,0.0,23,0.04196468226055834,2,19,-17,0,0,0,0,0,0,0,0,1,0
1e5v,C,586,GLU,-3.5,138.4,-1.0,1,3,X,0.0,0.0,0.0,0.0,0.0,0.0,0.0,0.0,14,0.02844272908771177,11,8,3,0,0,0,0,0,0,0,0,1,0
1e5v,C,587,ASP,-3.5,111.1,-1.0,1,3,X,0.0,0.0,0.0,0.0,0.0,0.0,0.0,0.0,16,0.0363693912924839,7,9,-2,0,0,0,0,0,0,0,0,1,0
1e5v,C,588,PRO,-1.6,112.7,0.0,0,0,X,0.0,0.0,0.0,0.0,0.0,0.0,0.0,0.0,21,0.04429605349725603,7,15,-8,0,0,0,0,0,0,0,0,1,0
1e5v,C,589,LEU,3.8,166.7,0.0,0,0,X,0.0,0.0,0.0,0.0,0.0,0.0,0.0,0.0,15,0.02471253510899547,2,12,-10,0,0,0,0,0,0,0,0,1,0
1e5v,C,590,LEU,3.8,166.7,0.0,0,0,X,0.0,0.0,0.0,0.0,0.0,0.0,0.0,0.0,10,0.024246260861655933,3,17,-14,0,0,0,0,0,0,0,0,1,0
1e5v,C,591,ASN,-3.5,114.1,0.0,2,2,X,0.0,0.0,0.0,0.0,0.0,0.0,0.0,0.0,16,0.032172923066428064,5,17,-12,0,0,0,0,0,0,0,0,1,0
1e5v,C,592,PRO,-1.6,112.7,0.0,0,0,X,0.0,0.0,0.0,0.0,0.0,0.0,0.0,0.0,20,0.035436842797804825,1,8,-7,0,0,0,0,0,0,0,0,1,0
1e5v,C,593,LEU,3.8,166.7,0.0,0,0,X,0.0,0.0,0.0,0.0,0.0,0.0,0.0,0.0,31,0.03916703677652112,5,10,-5,0,0,0,0,0,0,0,0,1,0
1e5v,C,594,GLY,-0.4,60.1,0.0,0,0,X,0.0,0.0,0.0,0.0,0.0,0.0,0.0,0.0,21,0.029375277582390842,7,7,0,0,0,0,0,0,0,0,0,1,0
1e5v,C,595,THR,-0.7,116.1,0.0,1,1,X,0.0,0.0,0.0,0.0,0.0,0.0,0.0,0.0,29,0.03730193978716297,10,9,1,0,0,0,0,0,0,0,0,1,0
1e5v,C,596,PRO,-1.6,112.7,0.0,0,0,X,0.0,0.0,0.0,0.0,0.0,0.0,0.0,0.0,22,0.021914889624958248,17,9,8,0,0,0,0,0,0,0,0,1,0
1e5v,C,597,THR,-0.7,116.1,0.0,1,1,X,0.0,0.0,0.0,0.0,0.0,0.0,0.0,0.0,28,0.026577632098353617,8,9,-1,0,0,0,0,0,0,0,0,1,0
1e5v,C,598,GLY,-0.4,60.1,0.0,0,0,X,0.0,0.0,0.0,0.0,0.0,0.0,0.0,0.0,26,0.035436842797804825,2,10,-8,0,0,0,0,0,0,0,0,1,0
1e5v,C,599,LEU,3.8,166.7,0.0,0,0,X,0.0,0.0,0.0,0.0,0.0,0.0,0.0,0.0,29,0.048492521723311866,2,9,-7,0,0,0,0,0,0,0,0,1,0
1e5v,C,600,ILE,4.5,166.7,0.0,0,0,X,0.0,0.0,0.0,0.0,0.0,0.0,0.0,0.0,39,0.04989134446533048,3,9,-6,0,0,0,0,0,0,0,0,1,0
1e5v,C,601,GLU,-3.5,138.4,-1.0,1,3,X,0.0,0.0,0.0,0.0,0.0,0.0,0.0,0.0,35,0.04942507021799094,21,0,21,0,0,0,0,0,0,0,0,1,0
1e5v,C,602,ILE,4.5,166.7,0.0,0,0,X,0.0,0.0,0.0,0.0,0.0,0.0,0.0,0.0,37,0.05595290968074446,23,17,6,0,0,0,0,0,0,0,0,1,0
1e5v,C,603,TYR,-1.3,193.6,0.0,1,1,X,0.0,0.0,0.0,0.0,0.0,0.0,0.0,0.0,29,0.0526889899493677,30,26,4,0,0,0,0,0,0,0,0,1,0
1e5v,C,604,SER,-0.8,89.0,0.0,1,1,X,0.0,0.0,0.0,0.0,0.0,0.0,0.0,0.0,31,0.048026247475972325,41,18,23,0,0,0,0,0,0,0,0,1,0
1e5v,C,605,LYS,-3.9,168.6,1.0,2,0,X,0.0,0.0,0.0,0.0,0.0,0.0,0.0,0.0,20,0.035436842797804825,16,20,-4,0,0,0,0,0,0,0,0,1,0
1e5v,C,606,ASN,-3.5,114.1,0.0,2,2,X,0.0,0.0,0.0,0.0,0.0,0.0,0.0,0.0,26,0.032639197313767604,28,16,12,0,0,0,0,0,0,0,0,1,0
1e5v,C,607,ILE,4.5,166.7,0.0,0,0,X,0.0,0.0,0.0,0.0,0.0,0.0,0.0,0.0,33,0.04662742473395372,34,20,14,0,0,0,0,0,0,0,0,1,0
1e5v,C,608,GLU,-3.5,138.4,-1.0,1,3,X,0.0,0.0,0.0,0.0,0.0,0.0,0.0,0.0,17,0.03823448828184205,28,5,23,0,0,0,0,0,0,0,0,1,0
1e5v,C,609,LYS,-3.9,168.6,1.0,2,0,X,0.0,0.0,0.0,0.0,0.0,0.0,0.0,0.0,19,0.02797645484037223,12,26,-14,0,0,0,0,0,0,0,0,1,0
1e5v,C,610,MET,1.9,162.9,0.0,0,0,X,0.0,0.0,0.0,0.0,0.0,0.0,0.0,0.0,24,0.028909003335051305,31,23,8,0,0,0,0,0,0,0,0,1,0
1e5v,C,611,GLY,-0.4,60.1,0.0,0,0,X,0.0,0.0,0.0,0.0,0.0,0.0,0.0,0.0,17,0.026577632098353617,18,29,-11,0,0,0,0,0,0,0,0,1,0
1e5v,C,612,TYR,-1.3,193.6,0.0,1,1,X,0.0,0.0,0.0,0.0,0.0,0.0,0.0,0.0,25,0.03683566553982344,20,33,-13,0,0,0,0,0,0,0,0,1,0
1e5v,C,613,ASP,-3.5,111.1,-1.0,1,3,X,0.0,0.0,0.0,0.0,0.0,0.0,0.0,0.0,17,0.024246260861655933,16,9,7,0,0,0,0,0,0,0,0,1,0
1e5v,C,614,ASP,-3.5,111.1,-1.0,1,3,X,0.0,0.0,0.0,0.0,0.0,0.0,0.0,0.0,25,0.0363693912924839,28,21,7,0,0,0,0,0,0,0,0,1,0
1e5v,C,615,CYS,2.5,108.5,0.0,1,0,X,0.0,0.0,0.0,0.0,0.0,0.0,0.0,0.0,32,0.050823892960009553,32,30,2,0,0,0,0,0,0,0,0,1,0
1e5v,C,616,PRO,-1.6,112.7,0.0,0,0,X,0.0,0.0,0.0,0.0,0.0,0.0,0.0,0.0,29,0.04149840801321881,21,32,-11,0,0,0,0,0,0,0,0,1,0
1e5v,C,617,ALA,1.8,88.6,0.0,0,0,X,0.0,0.0,0.0,0.0,0.0,0.0,0.0,0.0,31,0.04476232774459557,36,19,17,0,0,0,0,0,0,0,0,1,0
1e5v,C,618,HIS,-3.2,153.2,0.1,2,1,X,0.0,0.0,0.0,0.0,0.0,0.0,0.0,0.0,34,0.048492521723311866,10,9,1,0,0,0,0,0,0,0,0,1,0
1e5v,C,619,PRO,-1.6,112.7,0.0,0,0,X,0.0,0.0,0.0,0.0,0.0,0.0,0.0,0.0,38,0.04942507021799094,19,7,12,0,0,0,0,0,0,0,0,1,0
1e5v,C,620,THR,-0.7,116.1,0.0,1,1,X,0.0,0.0,0.0,0.0,0.0,0.0,0.0,0.0,29,0.03963331102386066,24,15,9,0,0,0,0,0,0,0,0,1,0
1e5v,C,621,TRP,-0.9,227.8,0.0,1,0,X,0.0,0.0,0.0,0.0,0.0,0.0,0.0,0.0,30,0.040565859518539735,24,15,9,0,0,0,0,0,0,0,0,1,0
1e5v,C,622,MET,1.9,162.9,0.0,0,0,X,0.0,0.0,0.0,0.0,0.0,0.0,0.0,0.0,30,0.03170664881908853,28,24,4,0,0,0,0,0,0,0,0,1,0
1e5v,C,623,GLU,-3.5,138.4,-1.0,1,3,X,0.0,0.0,0.0,0.0,0.0,0.0,0.0,0.0,21,0.03170664881908853,28,7,21,0,0,0,0,0,0,0,0,1,0
1e5v,C,624,PRO,-1.6,112.7,0.0,0,0,X,0.0,0.0,0.0,0.0,0.0,0.0,0.0,0.0,30,0.03963331102386066,33,19,14,0,0,0,0,0,0,0,0,1,0
1e5v,C,625,LEU,3.8,166.7,0.0,0,0,X,0.0,0.0,0.0,0.0,0.0,0.0,0.0,0.0,27,0.02984155182973038,31,19,12,0,0,0,0,0,0,0,0,1,0
1e5v,C,626,GLU,-3.5,138.4,-1.0,1,3,X,0.0,0.0,0.0,0.0,0.0,0.0,0.0,0.0,33,0.040565859518539735,40,10,30,0,0,0,0,0,0,0,0,1,0
1e5v,C,627,ARG,-4.5,173.4,1.0,5,0,X,0.0,0.0,0.0,0.0,0.0,0.0,0.0,0.0,31,0.04989134446533048,21,26,-5,0,0,0,0,0,0,0,0,1,0
1e5v,C,628,LEU,3.8,166.7,0.0,0,0,X,0.0,0.0,0.0,0.0,0.0,0.0,0.0,0.0,34,0.045694876239274644,37,17,20,0,0,0,0,0,0,0,0,1,0
1e5v,C,629,ASP,-3.5,111.1,-1.0,1,3,X,0.0,0.0,0.0,0.0,0.0,0.0,0.0,0.0,26,0.02797645484037223,29,7,22,0,0,0,0,0,0,0,0,1,0
1e5v,C,630,GLY,-0.4,60.1,0.0,0,0,X,0.0,0.0,0.0,0.0,0.0,0.0,0.0,0.0,21,0.03170664881908853,21,21,0,0,0,0,0,0,0,0,0,1,0
1e5v,C,631,PRO,-1.6,112.7,0.0,0,0,X,0.0,0.0,0.0,0.0,0.0,0.0,0.0,0.0,15,0.019117244140921023,13,21,-8,0,0,0,0,0,0,0,0,1,0
1e5v,C,632,GLY,-0.4,60.1,0.0,0,0,X,0.0,0.0,0.0,0.0,0.0,0.0,0.0,0.0,14,0.01305567892550704,18,17,1,0,0,0,0,0,0,0,0,1,0
1e5v,C,633,ALA,1.8,88.6,0.0,0,0,X,0.0,0.0,0.0,0.0,0.0,0.0,0.0,0.0,16,0.029375277582390842,20,18,2,0,0,0,0,0,0,0,0,1,0
1e5v,C,634,LYS,-3.9,168.6,1.0,2,0,X,0.0,0.0,0.0,0.0,0.0,0.0,0.0,0.0,17,0.022381163872297785,10,21,-11,0,0,0,0,0,0,0,0,1,0
1e5v,C,635,TYR,-1.3,193.6,0.0,1,1,X,0.0,0.0,0.0,0.0,0.0,0.0,0.0,0.0,23,0.03730193978716297,34,24,10,0,0,0,0,0,0,0,0,1,0
1e5v,C,636,PRO,-1.6,112.7,0.0,0,0,X,0.0,0.0,0.0,0.0,0.0,0.0,0.0,0.0,25,0.0363693912924839,32,24,8,0,0,0,0,0,0,0,0,1,0
1e5v,C,637,LEU,3.8,166.7,0.0,0,0,X,0.0,0.0,0.0,0.0,0.0,0.0,0.0,0.0,36,0.04709369898129325,34,24,10,0,0,0,0,0,0,0,0,1,0
1e5v,C,638,HIS,-3.2,153.2,0.1,2,1,X,0.0,0.0,0.0,0.0,0.0,0.0,0.0,0.0,38,0.05035761871267001,17,10,7,0,0,0,0,0,0,0,0,1,0
1e5v,C,639,ILE,4.5,166.7,0.0,0,0,X,0.0,0.0,0.0,0.0,0.0,0.0,0.0,0.0,45,0.048492521723311866,14,12,2,0,0,0,0,0,0,0,0,1,0
1e5v,C,640,ALA,1.8,88.6,0.0,0,0,X,0.0,0.0,0.0,0.0,0.0,0.0,0.0,0.0,34,0.045694876239274644,19,9,10,0,0,0,0,0,0,0,0,1,0
1e5v,C,641,ALA,1.8,88.6,0.0,0,0,X,0.0,0.0,0.0,0.0,0.0,0.0,0.0,0.0,40,0.04709369898129325,33,13,20,0,0,0,0,0,0,0,0,1,1
1e5v,C,642,SER,-0.8,89.0,0.0,1,1,X,0.0,0.0,0.0,0.0,0.0,0.0,0.0,0.0,36,0.04243095650789788,35,18,17,0,0,0,0,0,0,0,0,1,1
1e5v,C,643,HIS,-3.2,153.2,0.1,2,1,X,0.0,0.0,0.0,0.0,0.0,0.0,0.0,0.0,34,0.04103213376587927,38,16,22,0,0,0,0,0,0,0,0,1,1
1e5v,C,644,PRO,-1.6,112.7,0.0,0,0,X,0.0,0.0,0.0,0.0,0.0,0.0,0.0,0.0,31,0.04942507021799094,40,15,25,0,0,0,0,0,0,0,0,1,1
1e5v,C,645,PHE,2.8,189.9,0.0,0,0,X,0.0,0.0,0.0,0.0,0.0,0.0,0.0,0.0,27,0.0363693912924839,33,7,26,0,0,0,0,0,0,0,0,1,1
1e5v,C,646,ASN,-3.5,114.1,0.0,2,2,X,0.0,0.0,0.0,0.0,0.0,0.0,0.0,0.0,32,0.043829779249916496,34,6,28,0,0,0,0,0,0,0,0,1,0
1e5v,C,647,ARG,-4.5,173.4,1.0,5,0,X,0.0,0.0,0.0,0.0,0.0,0.0,0.0,0.0,33,0.048026247475972325,28,15,13,0,0,0,0,0,0,0,0,1,1
1e5v,C,648,LEU,3.8,166.7,0.0,0,0,X,0.0,0.0,0.0,0.0,0.0,0.0,0.0,0.0,30,0.048026247475972325,46,6,40,0,0,0,0,0,0,0,0,1,1
1e5v,C,649,HIS,-3.2,153.2,0.1,2,1,X,0.0,0.0,0.0,0.0,0.0,0.0,0.0,0.0,35,0.04196468226055834,37,9,28,0,0,0,0,0,0,0,0,1,1
1e5v,C,650,SER,-0.8,89.0,0.0,1,1,X,0.0,0.0,0.0,0.0,0.0,0.0,0.0,0.0,38,0.05035761871267001,30,20,10,0,0,0,0,0,0,0,0,1,1
1e5v,C,651,GLN,-3.5,143.8,0.0,2,2,X,0.0,0.0,0.0,0.0,0.0,0.0,0.0,0.0,36,0.04243095650789788,36,8,28,0,0,0,0,0,0,0,0,1,1
1e5v,C,652,LEU,3.8,166.7,0.0,0,0,X,0.0,0.0,0.0,0.0,0.0,0.0,0.0,0.0,37,0.05455408693872585,24,8,16,0,0,0,0,0,0,0,0,1,0
1e5v,C,653,ASN,-3.5,114.1,0.0,2,2,X,0.0,0.0,0.0,0.0,0.0,0.0,0.0,0.0,40,0.053155264196707235,30,12,18,0,0,0,0,0,0,0,0,1,0
1e5v,C,654,GLY,-0.4,60.1,0.0,0,0,X,0.0,0.0,0.0,0.0,0.0,0.0,0.0,0.0,37,0.050823892960009553,23,11,12,0,0,0,0,0,0,0,0,1,0
1e5v,C,655,THR,-0.7,116.1,0.0,1,1,X,0.0,0.0,0.0,0.0,0.0,0.0,0.0,0.0,31,0.04709369898129325,19,13,6,0,0,0,0,0,0,0,0,1,0
1e5v,C,656,VAL,4.2,140.0,0.0,0,0,X,0.0,0.0,0.0,0.0,0.0,0.0,0.0,0.0,23,0.032172923066428064,11,17,-6,0,0,0,0,0,0,0,0,1,0
1e5v,C,657,LEU,3.8,166.7,0.0,0,0,X,0.0,0.0,0.0,0.0,0.0,0.0,0.0,0.0,27,0.04196468226055834,21,16,5,0,0,0,0,0,0,0,0,1,0
1e5v,C,658,ARG,-4.5,173.4,1.0,5,0,X,0.0,0.0,0.0,0.0,0.0,0.0,0.0,0.0,30,0.04429605349725603,12,19,-7,0,0,0,0,0,0,0,0,1,0
1e5v,C,659,GLU,-3.5,138.4,-1.0,1,3,X,0.0,0.0,0.0,0.0,0.0,0.0,0.0,0.0,14,0.027043906345693154,14,0,14,0,0,0,0,0,0,0,0,1,0
1e5v,C,660,GLY,-0.4,60.1,0.0,0,0,X,0.0,0.0,0.0,0.0,0.0,0.0,0.0,0.0,18,0.024246260861655933,17,10,7,0,0,0,0,0,0,0,0,1,0
1e5v,C,661,TYR,-1.3,193.6,0.0,1,1,X,0.0,0.0,0.0,0.0,0.0,0.0,0.0,0.0,30,0.030307826077069916,30,17,13,0,0,0,0,0,0,0,0,1,0
1e5v,C,662,ALA,1.8,88.6,0.0,0,0,X,0.0,0.0,0.0,0.0,0.0,0.0,0.0,0.0,25,0.04289723075523742,30,18,12,0,0,0,0,0,0,0,0,1,0
1e5v,C,663,VAL,4.2,140.0,0.0,0,0,X,0.0,0.0,0.0,0.0,0.0,0.0,0.0,0.0,27,0.03963331102386066,25,28,-3,0,0,0,0,0,0,0,0,1,0
1e5v,C,664,GLN,-3.5,143.8,0.0,2,2,X,0.0,0.0,0.0,0.0,0.0,0.0,0.0,0.0,24,0.026577632098353617,12,13,-1,0,0,0,0,0,0,0,0,1,0
1e5v,C,665,GLY,-0.4,60.1,0.0,0,0,X,0.0,0.0,0.0,0.0,0.0,0.0,0.0,0.0,27,0.03403802005578621,25,20,5,0,0,0,0,0,0,0,0,1,0
1e5v,C,666,HIS,-3.2,153.2,0.1,2,1,X,0.0,0.0,0.0,0.0,0.0,0.0,0.0,0.0,34,0.048958795970651406,14,25,-11,0,0,0,0,0,0,0,0,1,0
1e5v,C,667,GLU,-3.5,138.4,-1.0,1,3,X,0.0,0.0,0.0,0.0,0.0,0.0,0.0,0.0,39,0.05455408693872585,33,15,18,0,0,0,0,0,0,0,0,1,0
1e5v,C,668,PRO,-1.6,112.7,0.0,0,0,X,0.0,0.0,0.0,0.0,0.0,0.0,0.0,0.0,38,0.048958795970651406,26,13,13,0,0,0,0,0,0,0,0,1,0
1e5v,C,669,CYS,2.5,108.5,0.0,1,0,X,0.0,0.0,0.0,0.0,0.0,0.0,0.0,0.0,41,0.04616115048661418,20,18,2,0,0,0,0,0,0,0,0,1,0
1e5v,C,670,LEU,3.8,166.7,0.0,0,0,X,0.0,0.0,0.0,0.0,0.0,0.0,0.0,0.0,35,0.04429605349725603,19,11,8,0,0,0,0,0,0,0,0,1,0
1e5v,C,671,MET,1.9,162.9,0.0,0,0,X,0.0,0.0,0.0,0.0,0.0,0.0,0.0,0.0,38,0.053621538444046775,34,28,6,0,0,0,0,0,0,0,0,1,0
1e5v,C,672,HIS,-3.2,153.2,0.1,2,1,X,0.0,0.0,0.0,0.0,0.0,0.0,0.0,0.0,25,0.05129016720734909,14,24,-10,0,0,0,0,0,0,0,0,1,0
1e5v,C,673,PRO,-1.6,112.7,0.0,0,0,X,0.0,0.0,0.0,0.0,0.0,0.0,0.0,0.0,24,0.03450429430312575,23,29,-6,0,0,0,0,0,0,0,0,1,0
1e5v,C,674,ASP,-3.5,111.1,-1.0,1,3,X,0.0,0.0,0.0,0.0,0.0,0.0,0.0,0.0,19,0.028909003335051305,28,12,16,0,0,0,0,0,0,0,0,1,0
1e5v,C,675,ASP,-3.5,111.1,-1.0,1,3,X,0.0,0.0,0.0,0.0,0.0,0.0,0.0,0.0,30,0.040565859518539735,33,12,21,0,0,0,0,0,0,0,0,1,0
1e5v,C,676,ALA,1.8,88.6,0.0,0,0,X,0.0,0.0,0.0,0.0,0.0,0.0,0.0,0.0,30,0.04289723075523742,34,29,5,0,0,0,0,0,0,0,0,1,0
1e5v,C,677,ALA,1.8,88.6,0.0,0,0,X,0.0,0.0,0.0,0.0,0.0,0.0,0.0,0.0,17,0.027510180593032695,22,18,4,0,0,0,0,0,0,0,0,1,0
1e5v,C,678,ALA,1.8,88.6,0.0,0,0,X,0.0,0.0,0.0,0.0,0.0,0.0,0.0,0.0,17,0.024246260861655933,18,23,-5,0,0,0,0,0,0,0,0,1,0
1e5v,C,679,ARG,-4.5,173.4,1.0,5,0,X,0.0,0.0,0.0,0.0,0.0,0.0,0.0,0.0,26,0.02984155182973038,15,31,-16,0,0,0,0,0,0,0,0,1,0
1e5v,C,680,GLY,-0.4,60.1,0.0,0,0,X,0.0,0.0,0.0,0.0,0.0,0.0,0.0,0.0,22,0.022847438119637322,20,21,-1,0,0,0,0,0,0,0,0,1,0
1e5v,C,681,ILE,4.5,166.7,0.0,0,0,X,0.0,0.0,0.0,0.0,0.0,0.0,0.0,0.0,27,0.03776821403450251,30,30,0,0,0,0,0,0,0,0,0,1,0
1e5v,C,682,ALA,1.8,88.6,0.0,0,0,X,0.0,0.0,0.0,0.0,0.0,0.0,0.0,0.0,25,0.028909003335051305,21,18,3,0,0,0,0,0,0,0,0,1,0
1e5v,C,683,ASP,-3.5,111.1,-1.0,1,3,X,0.0,0.0,0.0,0.0,0.0,0.0,0.0,0.0,20,0.025645083603674543,10,8,2,0,0,0,0,0,0,0,0,1,0
1e5v,C,684,GLY,-0.4,60.1,0.0,0,0,X,0.0,0.0,0.0,0.0,0.0,0.0,0.0,0.0,23,0.032172923066428064,20,17,3,0,0,0,0,0,0,0,0,1,0
1e5v,C,685,ASP,-3.5,111.1,-1.0,1,3,X,0.0,0.0,0.0,0.0,0.0,0.0,0.0,0.0,25,0.03963331102386066,24,12,12,0,0,0,0,0,0,0,0,1,0
1e5v,C,686,VAL,4.2,140.0,0.0,0,0,X,0.0,0.0,0.0,0.0,0.0,0.0,0.0,0.0,34,0.04616115048661418,29,21,8,0,0,0,0,0,0,0,0,1,0
1e5v,C,687,VAL,4.2,140.0,0.0,0,0,X,0.0,0.0,0.0,0.0,0.0,0.0,0.0,0.0,41,0.04942507021799094,42,25,17,0,0,0,0,0,0,0,0,1,0
1e5v,C,688,ARG,-4.5,173.4,1.0,5,0,X,0.0,0.0,0.0,0.0,0.0,0.0,0.0,0.0,24,0.05035761871267001,16,21,-5,0,0,0,0,0,0,0,0,1,0
1e5v,C,689,VAL,4.2,140.0,0.0,0,0,X,0.0,0.0,0.0,0.0,0.0,0.0,0.0,0.0,39,0.05222271570202816,27,30,-3,0,0,0,0,0,0,0,0,1,0
1e5v,C,690,HIS,-3.2,153.2,0.1,2,1,X,0.0,0.0,0.0,0.0,0.0,0.0,0.0,0.0,27,0.04942507021799094,24,26,-2,0,0,0,0,0,0,0,0,1,0
1e5v,C,691,ASN,-3.5,114.1,0.0,2,2,X,0.0,0.0,0.0,0.0,0.0,0.0,0.0,0.0,28,0.04243095650789788,38,25,13,0,0,0,0,0,0,0,0,1,0
1e5v,C,692,ASP,-3.5,111.1,-1.0,1,3,X,0.0,0.0,0.0,0.0,0.0,0.0,0.0,0.0,18,0.025178809356335007,31,9,22,0,0,0,0,0,0,0,0,1,0
1e5v,C,693,ARG,-4.5,173.4,1.0,5,0,X,0.0,0.0,0.0,0.0,0.0,0.0,0.0,0.0,28,0.034970568550465285,18,26,-8,0,0,0,0,0,0,0,0,1,0
1e5v,C,694,GLY,-0.4,60.1,0.0,0,0,X,0.0,0.0,0.0,0.0,0.0,0.0,0.0,0.0,32,0.043829779249916496,38,30,8,0,0,0,0,0,0,0,0,1,0
1e5v,C,695,GLN,-3.5,143.8,0.0,2,2,X,0.0,0.0,0.0,0.0,0.0,0.0,0.0,0.0,32,0.04942507021799094,31,25,6,0,0,0,0,0,0,0,0,1,0
1e5v,C,696,ILE,4.5,166.7,0.0,0,0,X,0.0,0.0,0.0,0.0,0.0,0.0,0.0,0.0,45,0.05175644145468863,37,32,5,0,0,0,0,0,0,0,0,1,0
1e5v,C,697,LEU,3.8,166.7,0.0,0,0,X,0.0,0.0,0.0,0.0,0.0,0.0,0.0,0.0,41,0.05222271570202816,37,33,4,0,0,0,0,0,0,0,0,1,0
1e5v,C,698,THR,-0.7,116.1,0.0,1,1,X,0.0,0.0,0.0,0.0,0.0,0.0,0.0,0.0,44,0.05548663543340492,28,30,-2,0,0,0,0,0,0,0,0,1,0
1e5v,C,699,GLY,-0.4,60.1,0.0,0,0,X,0.0,0.0,0.0,0.0,0.0,0.0,0.0,0.0,35,0.050823892960009553,25,26,-1,0,0,0,0,0,0,0,0,1,0
1e5v,C,700,VAL,4.2,140.0,0.0,0,0,X,0.0,0.0,0.0,0.0,0.0,0.0,0.0,0.0,35,0.05222271570202816,27,22,5,0,0,0,0,0,0,0,0,1,0
1e5v,C,701,LYS,-3.9,168.6,1.0,2,0,X,0.0,0.0,0.0,0.0,0.0,0.0,0.0,0.0,29,0.03776821403450251,4,17,-13,0,0,0,0,0,0,0,0,1,0
1e5v,C,702,VAL,4.2,140.0,0.0,0,0,X,0.0,0.0,0.0,0.0,0.0,0.0,0.0,0.0,23,0.03823448828184205,18,30,-12,0,0,0,0,0,0,0,0,1,0
1e5v,C,703,THR,-0.7,116.1,0.0,1,1,X,0.0,0.0,0.0,0.0,0.0,0.0,0.0,0.0,23,0.035436842797804825,31,20,11,0,0,0,0,0,0,0,0,1,0
1e5v,C,704,ASP,-3.5,111.1,-1.0,1,3,X,0.0,0.0,0.0,0.0,0.0,0.0,0.0,0.0,20,0.03170664881908853,31,9,22,0,0,0,0,0,0,0,0,1,0
1e5v,C,705,ALA,1.8,88.6,0.0,0,0,X,0.0,0.0,0.0,0.0,0.0,0.0,0.0,0.0,24,0.03450429430312575,34,17,17,0,0,0,0,0,0,0,0,1,0
1e5v,C,706,VAL,4.2,140.0,0.0,0,0,X,0.0,0.0,0.0,0.0,0.0,0.0,0.0,0.0,30,0.05222271570202816,38,19,19,0,0,0,0,0,0,0,0,1,0
1e5v,C,707,MET,1.9,162.9,0.0,0,0,X,0.0,0.0,0.0,0.0,0.0,0.0,0.0,0.0,33,0.03963331102386066,45,20,25,0,0,0,0,0,0,0,0,1,0
1e5v,C,708,LYS,-3.9,168.6,1.0,2,0,X,0.0,0.0,0.0,0.0,0.0,0.0,0.0,0.0,25,0.032639197313767604,19,24,-5,0,0,0,0,0,0,0,0,1,0
1e5v,C,709,GLY,-0.4,60.1,0.0,0,0,X,0.0,0.0,0.0,0.0,0.0,0.0,0.0,0.0,33,0.03916703677652112,45,21,24,0,0,0,0,0,0,0,0,1,0
1e5v,C,710,VAL,4.2,140.0,0.0,0,0,X,0.0,0.0,0.0,0.0,0.0,0.0,0.0,0.0,35,0.048492521723311866,36,13,23,0,0,0,0,0,0,0,0,1,0
1e5v,C,711,ILE,4.5,166.7,0.0,0,0,X,0.0,0.0,0.0,0.0,0.0,0.0,0.0,0.0,43,0.048958795970651406,28,13,15,0,0,0,0,0,0,0,0,1,0
1e5v,C,712,GLN,-3.5,143.8,0.0,2,2,X,0.0,0.0,0.0,0.0,0.0,0.0,0.0,0.0,36,0.043829779249916496,25,11,14,0,0,0,0,0,0,0,0,1,0
1e5v,C,713,ILE,4.5,166.7,0.0,0,0,X,0.0,0.0,0.0,0.0,0.0,0.0,0.0,0.0,41,0.05129016720734909,14,23,-9,0,0,0,0,0,0,0,0,1,0
1e5v,C,714,TYR,-1.3,193.6,0.0,1,1,X,0.0,0.0,0.0,0.0,0.0,0.0,0.0,0.0,32,0.045694876239274644,31,19,12,0,0,0,0,0,0,0,0,1,0
1e5v,C,715,GLU,-3.5,138.4,-1.0,1,3,X,0.0,0.0,0.0,0.0,0.0,0.0,0.0,0.0,36,0.05222271570202816,53,13,40,0,0,0,0,0,0,0,0,1,1
1e5v,C,716,GLY,-0.4,60.1,0.0,0,0,X,0.0,0.0,0.0,0.0,0.0,0.0,0.0,0.0,40,0.05408781269138631,43,26,17,0,0,0,0,0,0,0,0,1,0
1e5v,C,717,GLY,-0.4,60.1,0.0,0,0,X,0.0,0.0,0.0,0.0,0.0,0.0,0.0,0.0,43,0.05548663543340492,31,37,-6,0,0,0,0,0,0,0,0,1,0
1e5v,C,718,TRP,-0.9,227.8,0.0,1,0,X,0.0,0.0,0.0,0.0,0.0,0.0,0.0,0.0,40,0.05735173242276307,27,25,2,0,0,0,0,0,0,0,0,1,0
1e5v,C,719,TYR,-1.3,193.6,0.0,1,1,X,0.0,0.0,0.0,0.0,0.0,0.0,0.0,0.0,44,0.050823892960009553,38,30,8,0,0,0,0,0,0,0,0,1,0
1e5v,C,720,ASP,-3.5,111.1,-1.0,1,3,X,0.0,0.0,0.0,0.0,0.0,0.0,0.0,0.0,37,0.04942507021799094,24,19,5,0,0,0,0,0,0,0,0,1,0
1e5v,C,721,PRO,-1.6,112.7,0.0,0,0,X,0.0,0.0,0.0,0.0,0.0,0.0,0.0,0.0,35,0.03916703677652112,27,36,-9,0,0,0,0,0,0,0,0,1,0
1e5v,C,722,SER,-0.8,89.0,0.0,1,1,X,0.0,0.0,0.0,0.0,0.0,0.0,0.0,0.0,25,0.03590311704514436,9,33,-24,0,0,0,0,0,0,0,0,1,0
1e5v,C,723,ASP,-3.5,111.1,-1.0,1,3,X,0.0,0.0,0.0,0.0,0.0,0.0,0.0,0.0,22,0.030307826077069916,7,14,-7,0,0,0,0,0,0,0,0,1,0
1e5v,C,724,VAL,4.2,140.0,0.0,0,0,X,0.0,0.0,0.0,0.0,0.0,0.0,0.0,0.0,28,0.040099585271200194,25,26,-1,0,0,0,0,0,0,0,0,1,0
1e5v,C,725,THR,-0.7,116.1,0.0,1,1,X,0.0,0.0,0.0,0.0,0.0,0.0,0.0,0.0,19,0.02797645484037223,8,25,-17,0,0,0,0,0,0,0,0,1,0
1e5v,C,726,GLU,-3.5,138.4,-1.0,1,3,X,0.0,0.0,0.0,0.0,0.0,0.0,0.0,0.0,15,0.024246260861655933,0,9,-9,0,0,0,0,0,0,0,0,1,0
1e5v,C,727,PRO,-1.6,112.7,0.0,0,0,X,0.0,0.0,0.0,0.0,0.0,0.0,0.0,0.0,18,0.02331371236697686,9,18,-9,0,0,0,0,0,0,0,0,1,0
1e5v,C,728,GLY,-0.4,60.1,0.0,0,0,X,0.0,0.0,0.0,0.0,0.0,0.0,0.0,0.0,27,0.028909003335051305,16,25,-9,0,0,0,0,0,0,0,0,1,0
1e5v,C,729,THR,-0.7,116.1,0.0,1,1,X,0.0,0.0,0.0,0.0,0.0,0.0,0.0,0.0,22,0.03963331102386066,14,30,-16,0,0,0,0,0,0,0,0,1,0
1e5v,C,730,LEU,3.8,166.7,0.0,0,0,X,0.0,0.0,0.0,0.0,0.0,0.0,0.0,0.0,33,0.045228601991935104,25,32,-7,0,0,0,0,0,0,0,0,1,0
1e5v,C,731,ASP,-3.5,111.1,-1.0,1,3,X,0.0,0.0,0.0,0.0,0.0,0.0,0.0,0.0,37,0.053621538444046775,29,22,7,0,0,0,0,0,0,0,0,1,0
1e5v,C,732,LYS,-3.9,168.6,1.0,2,0,X,0.0,0.0,0.0,0.0,0.0,0.0,0.0,0.0,31,0.050823892960009553,9,24,-15,0,0,0,0,0,0,0,0,1,0
1e5v,C,733,TYR,-1.3,193.6,0.0,1,1,X,0.0,0.0,0.0,0.0,0.0,0.0,0.0,0.0,41,0.05502036118606539,34,34,0,0,0,0,0,0,0,0,0,1,0
1e5v,C,734,GLY,-0.4,60.1,0.0,0,0,X,0.0,0.0,0.0,0.0,0.0,0.0,0.0,0.0,41,0.05688545817542354,24,38,-14,0,0,0,0,0,0,0,0,1,0
1e5v,C,735,ASP,-3.5,111.1,-1.0,1,3,X,0.0,0.0,0.0,0.0,0.0,0.0,0.0,0.0,43,0.05688545817542354,28,33,-5,0,0,0,0,0,0,0,0,1,0
1e5v,C,736,VAL,4.2,140.0,0.0,0,0,X,0.0,0.0,0.0,0.0,0.0,0.0,0.0,0.0,46,0.04616115048661418,20,30,-10,0,0,0,0,0,0,0,0,1,0
1e5v,C,737,ASN,-3.5,114.1,0.0,2,2,X,0.0,0.0,0.0,0.0,0.0,0.0,0.0,0.0,41,0.04989134446533048,38,34,4,0,0,0,0,0,0,0,0,1,1
1e5v,C,738,VAL,4.2,140.0,0.0,0,0,X,0.0,0.0,0.0,0.0,0.0,0.0,0.0,0.0,41,0.05548663543340492,35,28,7,0,0,0,0,0,0,0,0,1,0
1e5v,C,739,LEU,3.8,166.7,0.0,0,0,X,0.0,0.0,0.0,0.0,0.0,0.0,0.0,0.0,41,0.05548663543340492,30,33,-3,0,0,0,0,0,0,0,0,1,0
1e5v,C,740,SER,-0.8,89.0,0.0,1,1,X,0.0,0.0,0.0,0.0,0.0,0.0,0.0,0.0,36,0.05129016720734909,41,30,11,0,0,0,0,0,0,0,0,1,0
1e5v,C,741,ALA,1.8,88.6,0.0,0,0,X,0.0,0.0,0.0,0.0,0.0,0.0,0.0,0.0,37,0.04476232774459557,46,25,21,0,0,0,0,0,0,0,0,1,0
1e5v,C,742,ASP,-3.5,111.1,-1.0,1,3,X,0.0,0.0,0.0,0.0,0.0,0.0,0.0,0.0,34,0.043829779249916496,46,21,25,0,0,0,0,0,0,0,0,1,0
1e5v,C,743,ILE,4.5,166.7,0.0,0,0,X,0.0,0.0,0.0,0.0,0.0,0.0,0.0,0.0,31,0.03776821403450251,41,26,15,0,0,0,0,0,0,0,0,1,0
1e5v,C,744,GLY,-0.4,60.1,0.0,0,0,X,0.0,0.0,0.0,0.0,0.0,0.0,0.0,0.0,34,0.04429605349725603,44,25,19,0,0,0,0,0,0,0,0,1,0
1e5v,C,745,THR,-0.7,116.1,0.0,1,1,X,0.0,0.0,0.0,0.0,0.0,0.0,0.0,0.0,41,0.053621538444046775,39,20,19,0,0,0,0,0,0,0,0,1,0
1e5v,C,746,SER,-0.8,89.0,0.0,1,1,X,0.0,0.0,0.0,0.0,0.0,0.0,0.0,0.0,35,0.048958795970651406,35,32,3,0,0,0,0,0,0,0,0,1,0
1e5v,C,747,LYS,-3.9,168.6,1.0,2,0,X,0.0,0.0,0.0,0.0,0.0,0.0,0.0,0.0,29,0.04755997322863279,14,30,-16,0,0,0,0,0,0,0,0,1,0
1e5v,C,748,LEU,3.8,166.7,0.0,0,0,X,0.0,0.0,0.0,0.0,0.0,0.0,0.0,0.0,37,0.05222271570202816,20,28,-8,0,0,0,0,0,0,0,0,1,0
1e5v,C,749,ALA,1.8,88.6,0.0,0,0,X,0.0,0.0,0.0,0.0,0.0,0.0,0.0,0.0,42,0.04942507021799094,21,22,-1,0,0,0,0,0,0,0,0,1,0
1e5v,C,750,GLN,-3.5,143.8,0.0,2,2,X,0.0,0.0,0.0,0.0,0.0,0.0,0.0,0.0,38,0.04942507021799094,23,24,-1,0,0,0,0,0,0,0,0,1,0
1e5v,C,751,GLY,-0.4,60.1,0.0,0,0,X,0.0,0.0,0.0,0.0,0.0,0.0,0.0,0.0,43,0.05688545817542354,37,24,13,0,0,0,0,0,0,0,0,1,0
1e5v,C,752,ASN,-3.5,114.1,0.0,2,2,X,0.0,0.0,0.0,0.0,0.0,0.0,0.0,0.0,44,0.053155264196707235,46,18,28,0,0,0,0,0,0,0,0,1,0
1e5v,C,753,CYS,2.5,108.5,0.0,1,0,X,0.0,0.0,0.0,0.0,0.0,0.0,0.0,0.0,42,0.04989134446533048,40,18,22,0,0,0,0,0,0,0,0,1,0
1e5v,C,754,GLY,-0.4,60.1,0.0,0,0,X,0.0,0.0,0.0,0.0,0.0,0.0,0.0,0.0,43,0.04662742473395372,38,18,20,0,0,0,0,0,0,0,0,1,1
1e5v,C,755,GLN,-3.5,143.8,0.0,2,2,X,0.0,0.0,0.0,0.0,0.0,0.0,0.0,0.0,36,0.04755997322863279,31,6,25,0,0,0,0,0,0,0,0,1,1
1e5v,C,756,THR,-0.7,116.1,0.0,1,1,X,0.0,0.0,0.0,0.0,0.0,0.0,0.0,0.0,39,0.053155264196707235,43,13,30,0,0,0,0,0,0,0,0,1,0
1e5v,C,757,VAL,4.2,140.0,0.0,0,0,X,0.0,0.0,0.0,0.0,0.0,0.0,0.0,0.0,41,0.048492521723311866,27,12,15,0,0,0,0,0,0,0,0,1,0
1e5v,C,758,LEU,3.8,166.7,0.0,0,0,X,0.0,0.0,0.0,0.0,0.0,0.0,0.0,0.0,35,0.05129016720734909,35,26,9,0,0,0,0,0,0,0,0,1,0
1e5v,C,759,ALA,1.8,88.6,0.0,0,0,X,0.0,0.0,0.0,0.0,0.0,0.0,0.0,0.0,36,0.05129016720734909,42,22,20,0,0,0,0,0,0,0,0,1,0
1e5v,C,760,GLU,-3.5,138.4,-1.0,1,3,X,0.0,0.0,0.0,0.0,0.0,0.0,0.0,0.0,25,0.04476232774459557,43,15,28,0,0,0,0,0,0,0,0,1,0
1e5v,C,761,VAL,4.2,140.0,0.0,0,0,X,0.0,0.0,0.0,0.0,0.0,0.0,0.0,0.0,35,0.04476232774459557,40,26,14,0,0,0,0,0,0,0,0,1,0
1e5v,C,762,GLU,-3.5,138.4,-1.0,1,3,X,0.0,0.0,0.0,0.0,0.0,0.0,0.0,0.0,26,0.04103213376587927,40,10,30,0,0,0,0,0,0,0,0,1,0
1e5v,C,763,LYS,-3.9,168.6,1.0,2,0,X,0.0,0.0,0.0,0.0,0.0,0.0,0.0,0.0,23,0.03870076252918159,16,18,-2,0,0,0,0,0,0,0,0,1,0
1e5v,C,764,TYR,-1.3,193.6,0.0,1,1,X,0.0,0.0,0.0,0.0,0.0,0.0,0.0,0.0,24,0.035436842797804825,28,16,12,0,0,0,0,0,0,0,0,1,0
1e5v,C,765,THR,-0.7,116.1,0.0,1,1,X,0.0,0.0,0.0,0.0,0.0,0.0,0.0,0.0,11,0.021914889624958248,17,11,6,0,0,0,0,0,0,0,0,1,0
1e5v,C,766,GLY,-0.4,60.1,0.0,0,0,X,0.0,0.0,0.0,0.0,0.0,0.0,0.0,0.0,12,0.020049792635600097,12,4,8,0,0,0,0,0,0,0,0,1,0
1e5v,C,767,PRO,-1.6,112.7,0.0,0,0,X,0.0,0.0,0.0,0.0,0.0,0.0,0.0,0.0,12,0.01678587290422334,3,0,3,0,0,0,0,0,0,0,0,1,0
1e5v,C,768,ALA,1.8,88.6,0.0,0,0,X,0.0,0.0,0.0,0.0,0.0,0.0,0.0,0.0,14,0.017252147151562876,11,0,11,0,0,0,0,0,0,0,0,1,0
1e5v,C,769,VAL,4.2,140.0,0.0,0,0,X,0.0,0.0,0.0,0.0,0.0,0.0,0.0,0.0,19,0.025645083603674543,17,10,7,0,0,0,0,0,0,0,0,1,0
1e5v,C,770,THR,-0.7,116.1,0.0,1,1,X,0.0,0.0,0.0,0.0,0.0,0.0,0.0,0.0,18,0.01958351838826056,13,7,6,0,0,0,0,0,0,0,0,1,0
1e5v,C,771,LEU,3.8,166.7,0.0,0,0,X,0.0,0.0,0.0,0.0,0.0,0.0,0.0,0.0,25,0.032639197313767604,27,14,13,0,0,0,0,0,0,0,0,1,0
1e5v,C,772,THR,-0.7,116.1,0.0,1,1,X,0.0,0.0,0.0,0.0,0.0,0.0,0.0,0.0,24,0.02984155182973038,21,11,10,0,0,0,0,0,0,0,0,1,0
1e5v,C,773,GLY,-0.4,60.1,0.0,0,0,X,0.0,0.0,0.0,0.0,0.0,0.0,0.0,0.0,28,0.04476232774459557,24,9,15,0,0,0,0,0,0,0,0,1,0
1e5v,C,774,PHE,2.8,189.9,0.0,0,0,X,0.0,0.0,0.0,0.0,0.0,0.0,0.0,0.0,34,0.03916703677652112,23,9,14,0,0,0,0,0,0,0,0,1,0
1e5v,C,775,VAL,4.2,140.0,0.0,0,0,X,0.0,0.0,0.0,0.0,0.0,0.0,0.0,0.0,23,0.03357174580844668,22,10,12,0,0,0,0,0,0,0,0,1,0
1e5v,C,776,ALA,1.8,88.6,0.0,0,0,X,0.0,0.0,0.0,0.0,0.0,0.0,0.0,0.0,25,0.04149840801321881,30,10,20,0,0,0,0,0,0,0,0,1,0
1e5v,C,777,PRO,-1.6,112.7,0.0,0,0,X,0.0,0.0,0.0,0.0,0.0,0.0,0.0,0.0,28,0.03776821403450251,30,16,14,0,0,0,0,0,0,0,0,1,0
1e5v,C,778,LYS,-3.9,168.6,1.0,2,0,X,0.0,0.0,0.0,0.0,0.0,0.0,0.0,0.0,13,0.023779986614316396,3,16,-13,0,0,0,0,0,0,0,0,1,0
1e5v,C,779,ALA,1.8,88.6,0.0,0,0,X,0.0,0.0,0.0,0.0,0.0,0.0,0.0,0.0,18,0.030307826077069916,30,17,13,0,0,0,0,0,0,0,0,1,0
1e5v,C,780,ALA,1.8,88.6,0.0,0,0,X,0.0,0.0,0.0,0.0,0.0,0.0,0.0,0.0,26,0.04616115048661418,35,11,24,0,0,0,0,0,0,0,0,1,0
1e5v,C,781,GLU,-3.5,138.4,-1.0,1,3,X,0.0,0.0,0.0,0.0,0.0,0.0,0.0,0.0,17,0.029375277582390842,27,0,27,0,0,0,0,0,0,0,0,1,0
