pdb_id,chain_id,residue_id,residue_name,hydrophobicity,volume,charge,hbond_donor,hbond_acceptor,ss_type,rel_asa,phi,psi,hse_up,hse_down,hse_ratio,residue_depth,ca_depth,neighbor_count,atom_density,pos_charged_neighbors,neg_charged_neighbors,net_charge_environment,ss_H,ss_B,ss_E,ss_G,ss_I,ss_T,ss_S,ss_ ,ss_X,is_binding_site
1e7v,A,143,ALA,1.8,88.6,0.0,0,0,X,0.0,0.0,0.0,0.0,0.0,0.0,0.0,0.0,9,0.013521953172846577,3,14,-11,0,0,0,0,0,0,0,0,1,0
1e7v,A,144,SER,-0.8,89.0,0.0,1,1,X,0.0,0.0,0.0,0.0,0.0,0.0,0.0,0.0,10,0.020516066882939634,8,18,-10,0,0,0,0,0,0,0,0,1,0
1e7v,A,145,GLU,-3.5,138.4,-1.0,1,3,X,0.0,0.0,0.0,0.0,0.0,0.0,0.0,0.0,11,0.022847438119637322,10,9,1,0,0,0,0,0,0,0,0,1,0
1e7v,A,146,GLU,-3.5,138.4,-1.0,1,3,X,0.0,0.0,0.0,0.0,0.0,0.0,0.0,0.0,12,0.02984155182973038,17,9,8,0,0,0,0,0,0,0,0,1,0
1e7v,A,147,THR,-0.7,116.1,0.0,1,1,X,0.0,0.0,0.0,0.0,0.0,0.0,0.0,0.0,18,0.03730193978716297,30,26,4,0,0,0,0,0,0,0,0,1,0
1e7v,A,148,LEU,3.8,166.7,0.0,0,0,X,0.0,0.0,0.0,0.0,0.0,0.0,0.0,0.0,15,0.032639197313767604,16,18,-2,0,0,0,0,0,0,0,0,1,0
1e7v,A,149,ALA,1.8,88.6,0.0,0,0,X,0.0,0.0,0.0,0.0,0.0,0.0,0.0,0.0,16,0.035436842797804825,21,18,3,0,0,0,0,0,0,0,0,1,0
1e7v,A,150,PHE,2.8,189.9,0.0,0,0,X,0.0,0.0,0.0,0.0,0.0,0.0,0.0,0.0,26,0.03823448828184205,41,21,20,0,0,0,0,0,0,0,0,1,0
1e7v,A,151,GLN,-3.5,143.8,0.0,2,2,X,0.0,0.0,0.0,0.0,0.0,0.0,0.0,0.0,26,0.04149840801321881,26,22,4,0,0,0,0,0,0,0,0,1,0
1e7v,A,152,ARG,-4.5,173.4,1.0,5,0,X,0.0,0.0,0.0,0.0,0.0,0.0,0.0,0.0,13,0.035436842797804825,0,8,-8,0,0,0,0,0,0,0,0,1,0
1e7v,A,153,GLN,-3.5,143.8,0.0,2,2,X,0.0,0.0,0.0,0.0,0.0,0.0,0.0,0.0,22,0.034970568550465285,22,3,19,0,0,0,0,0,0,0,0,1,0
1e7v,A,154,LEU,3.8,166.7,0.0,0,0,X,0.0,0.0,0.0,0.0,0.0,0.0,0.0,0.0,33,0.04616115048661418,28,15,13,0,0,0,0,0,0,0,0,1,0
1e7v,A,155,ASN,-3.5,114.1,0.0,2,2,X,0.0,0.0,0.0,0.0,0.0,0.0,0.0,0.0,26,0.04429605349725603,18,20,-2,0,0,0,0,0,0,0,0,1,0
1e7v,A,156,ALA,1.8,88.6,0.0,0,0,X,0.0,0.0,0.0,0.0,0.0,0.0,0.0,0.0,24,0.03124037457174899,17,10,7,0,0,0,0,0,0,0,0,1,0
1e7v,A,157,LEU,3.8,166.7,0.0,0,0,X,0.0,0.0,0.0,0.0,0.0,0.0,0.0,0.0,32,0.04196468226055834,20,13,7,0,0,0,0,0,0,0,0,1,0
1e7v,A,158,ILE,4.5,166.7,0.0,0,0,X,0.0,0.0,0.0,0.0,0.0,0.0,0.0,0.0,36,0.048958795970651406,15,19,-4,0,0,0,0,0,0,0,0,1,0
1e7v,A,159,GLY,-0.4,60.1,0.0,0,0,X,0.0,0.0,0.0,0.0,0.0,0.0,0.0,0.0,31,0.032639197313767604,13,16,-3,0,0,0,0,0,0,0,0,1,0
1e7v,A,160,TYR,-1.3,193.6,0.0,1,1,X,0.0,0.0,0.0,0.0,0.0,0.0,0.0,0.0,32,0.03870076252918159,11,23,-12,0,0,0,0,0,0,0,0,1,0
1e7v,A,161,ASP,-3.5,111.1,-1.0,1,3,X,0.0,0.0,0.0,0.0,0.0,0.0,0.0,0.0,25,0.03403802005578621,11,14,-3,0,0,0,0,0,0,0,0,1,0
1e7v,A,162,VAL,4.2,140.0,0.0,0,0,X,0.0,0.0,0.0,0.0,0.0,0.0,0.0,0.0,28,0.04662742473395372,22,34,-12,0,0,0,0,0,0,0,0,1,0
1e7v,A,163,THR,-0.7,116.1,0.0,1,1,X,0.0,0.0,0.0,0.0,0.0,0.0,0.0,0.0,22,0.03310547156110714,12,30,-18,0,0,0,0,0,0,0,0,1,0
1e7v,A,164,ASP,-3.5,111.1,-1.0,1,3,X,0.0,0.0,0.0,0.0,0.0,0.0,0.0,0.0,19,0.028909003335051305,5,14,-9,0,0,0,0,0,0,0,0,1,0
1e7v,A,165,VAL,4.2,140.0,0.0,0,0,X,0.0,0.0,0.0,0.0,0.0,0.0,0.0,0.0,17,0.026577632098353617,7,32,-25,0,0,0,0,0,0,0,0,1,0
1e7v,A,166,SER,-0.8,89.0,0.0,1,1,X,0.0,0.0,0.0,0.0,0.0,0.0,0.0,0.0,18,0.02098234113027917,13,16,-3,0,0,0,0,0,0,0,0,1,0
1e7v,A,167,ASN,-3.5,114.1,0.0,2,2,X,0.0,0.0,0.0,0.0,0.0,0.0,0.0,0.0,27,0.03357174580844668,31,19,12,0,0,0,0,0,0,0,0,1,0
1e7v,A,168,VAL,4.2,140.0,0.0,0,0,X,0.0,0.0,0.0,0.0,0.0,0.0,0.0,0.0,27,0.03450429430312575,20,34,-14,0,0,0,0,0,0,0,0,1,0
1e7v,A,169,HIS,-3.2,153.2,0.1,2,1,X,0.0,0.0,0.0,0.0,0.0,0.0,0.0,0.0,29,0.026577632098353617,18,26,-8,0,0,0,0,0,0,0,0,1,0
1e7v,A,170,ASP,-3.5,111.1,-1.0,1,3,X,0.0,0.0,0.0,0.0,0.0,0.0,0.0,0.0,26,0.026577632098353617,38,30,8,0,0,0,0,0,0,0,0,1,0
1e7v,A,171,ASP,-3.5,111.1,-1.0,1,3,X,0.0,0.0,0.0,0.0,0.0,0.0,0.0,0.0,17,0.034970568550465285,48,33,15,0,0,0,0,0,0,0,0,1,0
1e7v,A,172,GLU,-3.5,138.4,-1.0,1,3,X,0.0,0.0,0.0,0.0,0.0,0.0,0.0,0.0,29,0.04196468226055834,66,39,27,0,0,0,0,0,0,0,0,1,0
1e7v,A,173,LEU,3.8,166.7,0.0,0,0,X,0.0,0.0,0.0,0.0,0.0,0.0,0.0,0.0,35,0.04709369898129325,48,48,0,0,0,0,0,0,0,0,0,1,0
1e7v,A,174,GLU,-3.5,138.4,-1.0,1,3,X,0.0,0.0,0.0,0.0,0.0,0.0,0.0,0.0,22,0.03776821403450251,37,26,11,0,0,0,0,0,0,0,0,1,0
1e7v,A,175,PHE,2.8,189.9,0.0,0,0,X,0.0,0.0,0.0,0.0,0.0,0.0,0.0,0.0,20,0.04103213376587927,61,46,15,0,0,0,0,0,0,0,0,1,0
1e7v,A,176,THR,-0.7,116.1,0.0,1,1,X,0.0,0.0,0.0,0.0,0.0,0.0,0.0,0.0,31,0.05129016720734909,71,38,33,0,0,0,0,0,0,0,0,1,0
1e7v,A,177,ARG,-4.5,173.4,1.0,5,0,X,0.0,0.0,0.0,0.0,0.0,0.0,0.0,0.0,32,0.04429605349725603,31,31,0,0,0,0,0,0,0,0,0,1,0
1e7v,A,178,ARG,-4.5,173.4,1.0,5,0,X,0.0,0.0,0.0,0.0,0.0,0.0,0.0,0.0,20,0.03823448828184205,29,25,4,0,0,0,0,0,0,0,0,1,0
1e7v,A,179,ARG,-4.5,173.4,1.0,5,0,X,0.0,0.0,0.0,0.0,0.0,0.0,0.0,0.0,22,0.03916703677652112,39,14,25,0,0,0,0,0,0,0,0,1,0
1e7v,A,180,LEU,3.8,166.7,0.0,0,0,X,0.0,0.0,0.0,0.0,0.0,0.0,0.0,0.0,33,0.043829779249916496,60,21,39,0,0,0,0,0,0,0,0,1,0
1e7v,A,181,VAL,4.2,140.0,0.0,0,0,X,0.0,0.0,0.0,0.0,0.0,0.0,0.0,0.0,25,0.03730193978716297,53,17,36,0,0,0,0,0,0,0,0,1,0
1e7v,A,182,THR,-0.7,116.1,0.0,1,1,X,0.0,0.0,0.0,0.0,0.0,0.0,0.0,0.0,18,0.030307826077069916,37,9,28,0,0,0,0,0,0,0,0,1,0
1e7v,A,183,PRO,-1.6,112.7,0.0,0,0,X,0.0,0.0,0.0,0.0,0.0,0.0,0.0,0.0,27,0.03870076252918159,46,12,34,0,0,0,0,0,0,0,0,1,0
1e7v,A,184,ARG,-4.5,173.4,1.0,5,0,X,0.0,0.0,0.0,0.0,0.0,0.0,0.0,0.0,33,0.048958795970651406,35,25,10,0,0,0,0,0,0,0,0,1,0
1e7v,A,185,MET,1.9,162.9,0.0,0,0,X,0.0,0.0,0.0,0.0,0.0,0.0,0.0,0.0,23,0.03730193978716297,26,17,9,0,0,0,0,0,0,0,0,1,0
1e7v,A,186,ALA,1.8,88.6,0.0,0,0,X,0.0,0.0,0.0,0.0,0.0,0.0,0.0,0.0,18,0.028909003335051305,37,9,28,0,0,0,0,0,0,0,0,1,0
1e7v,A,187,GLU,-3.5,138.4,-1.0,1,3,X,0.0,0.0,0.0,0.0,0.0,0.0,0.0,0.0,28,0.04196468226055834,49,3,46,0,0,0,0,0,0,0,0,1,0
1e7v,A,188,VAL,4.2,140.0,0.0,0,0,X,0.0,0.0,0.0,0.0,0.0,0.0,0.0,0.0,29,0.03916703677652112,36,21,15,0,0,0,0,0,0,0,0,1,0
1e7v,A,189,ALA,1.8,88.6,0.0,0,0,X,0.0,0.0,0.0,0.0,0.0,0.0,0.0,0.0,15,0.022847438119637322,19,15,4,0,0,0,0,0,0,0,0,1,0
1e7v,A,190,GLY,-0.4,60.1,0.0,0,0,X,0.0,0.0,0.0,0.0,0.0,0.0,0.0,0.0,14,0.022381163872297785,26,17,9,0,0,0,0,0,0,0,0,1,0
1e7v,A,191,ARG,-4.5,173.4,1.0,5,0,X,0.0,0.0,0.0,0.0,0.0,0.0,0.0,0.0,30,0.03590311704514436,33,28,5,0,0,0,0,0,0,0,0,1,0
1e7v,A,192,ASP,-3.5,111.1,-1.0,1,3,X,0.0,0.0,0.0,0.0,0.0,0.0,0.0,0.0,18,0.026577632098353617,28,5,23,0,0,0,0,0,0,0,0,1,0
1e7v,A,193,PRO,-1.6,112.7,0.0,0,0,X,0.0,0.0,0.0,0.0,0.0,0.0,0.0,0.0,22,0.03590311704514436,25,25,0,0,0,0,0,0,0,0,0,1,0
1e7v,A,194,LYS,-3.9,168.6,1.0,2,0,X,0.0,0.0,0.0,0.0,0.0,0.0,0.0,0.0,17,0.03450429430312575,6,18,-12,0,0,0,0,0,0,0,0,1,0
1e7v,A,195,LEU,3.8,166.7,0.0,0,0,X,0.0,0.0,0.0,0.0,0.0,0.0,0.0,0.0,27,0.03590311704514436,35,14,21,0,0,0,0,0,0,0,0,1,0
1e7v,A,196,TYR,-1.3,193.6,0.0,1,1,X,0.0,0.0,0.0,0.0,0.0,0.0,0.0,0.0,38,0.04755997322863279,50,26,24,0,0,0,0,0,0,0,0,1,0
1e7v,A,197,ALA,1.8,88.6,0.0,0,0,X,0.0,0.0,0.0,0.0,0.0,0.0,0.0,0.0,32,0.04616115048661418,40,31,9,0,0,0,0,0,0,0,0,1,0
1e7v,A,198,MET,1.9,162.9,0.0,0,0,X,0.0,0.0,0.0,0.0,0.0,0.0,0.0,0.0,30,0.045694876239274644,31,29,2,0,0,0,0,0,0,0,0,1,0
1e7v,A,199,HIS,-3.2,153.2,0.1,2,1,X,0.0,0.0,0.0,0.0,0.0,0.0,0.0,0.0,33,0.04476232774459557,36,24,12,0,0,0,0,0,0,0,0,1,0
1e7v,A,200,PRO,-1.6,112.7,0.0,0,0,X,0.0,0.0,0.0,0.0,0.0,0.0,0.0,0.0,33,0.04709369898129325,28,21,7,0,0,0,0,0,0,0,0,1,0
1e7v,A,201,TRP,-0.9,227.8,0.0,1,0,X,0.0,0.0,0.0,0.0,0.0,0.0,0.0,0.0,32,0.04662742473395372,30,32,-2,0,0,0,0,0,0,0,0,1,0
1e7v,A,202,VAL,4.2,140.0,0.0,0,0,X,0.0,0.0,0.0,0.0,0.0,0.0,0.0,0.0,32,0.04243095650789788,23,33,-10,0,0,0,0,0,0,0,0,1,0
1e7v,A,203,THR,-0.7,116.1,0.0,1,1,X,0.0,0.0,0.0,0.0,0.0,0.0,0.0,0.0,24,0.04149840801321881,28,32,-4,0,0,0,0,0,0,0,0,1,0
1e7v,A,204,SER,-0.8,89.0,0.0,1,1,X,0.0,0.0,0.0,0.0,0.0,0.0,0.0,0.0,20,0.027510180593032695,18,28,-10,0,0,0,0,0,0,0,0,1,0
1e7v,A,205,LYS,-3.9,168.6,1.0,2,0,X,0.0,0.0,0.0,0.0,0.0,0.0,0.0,0.0,20,0.02611135785101408,11,32,-21,0,0,0,0,0,0,0,0,1,0
1e7v,A,206,PRO,-1.6,112.7,0.0,0,0,X,0.0,0.0,0.0,0.0,0.0,0.0,0.0,0.0,18,0.025178809356335007,23,15,8,0,0,0,0,0,0,0,0,1,0
1e7v,A,207,LEU,3.8,166.7,0.0,0,0,X,0.0,0.0,0.0,0.0,0.0,0.0,0.0,0.0,26,0.035436842797804825,35,17,18,0,0,0,0,0,0,0,0,1,0
1e7v,A,208,PRO,-1.6,112.7,0.0,0,0,X,0.0,0.0,0.0,0.0,0.0,0.0,0.0,0.0,26,0.04149840801321881,37,28,9,0,0,0,0,0,0,0,0,1,0
1e7v,A,209,GLU,-3.5,138.4,-1.0,1,3,X,0.0,0.0,0.0,0.0,0.0,0.0,0.0,0.0,16,0.032639197313767604,14,13,1,0,0,0,0,0,0,0,0,1,0
1e7v,A,210,TYR,-1.3,193.6,0.0,1,1,X,0.0,0.0,0.0,0.0,0.0,0.0,0.0,0.0,25,0.0363693912924839,33,32,1,0,0,0,0,0,0,0,0,1,0
1e7v,A,211,LEU,3.8,166.7,0.0,0,0,X,0.0,0.0,0.0,0.0,0.0,0.0,0.0,0.0,24,0.04243095650789788,42,21,21,0,0,0,0,0,0,0,0,1,0
1e7v,A,212,LEU,3.8,166.7,0.0,0,0,X,0.0,0.0,0.0,0.0,0.0,0.0,0.0,0.0,17,0.03124037457174899,22,9,13,0,0,0,0,0,0,0,0,1,0
1e7v,A,213,LYS,-3.9,168.6,1.0,2,0,X,0.0,0.0,0.0,0.0,0.0,0.0,0.0,0.0,10,0.027510180593032695,9,9,0,0,0,0,0,0,0,0,0,1,0
1e7v,A,214,LYS,-3.9,168.6,1.0,2,0,X,0.0,0.0,0.0,0.0,0.0,0.0,0.0,0.0,21,0.027510180593032695,18,7,11,0,0,0,0,0,0,0,0,1,0
1e7v,A,215,ILE,4.5,166.7,0.0,0,0,X,0.0,0.0,0.0,0.0,0.0,0.0,0.0,0.0,24,0.032172923066428064,24,4,20,0,0,0,0,0,0,0,0,1,0
1e7v,A,216,THR,-0.7,116.1,0.0,1,1,X,0.0,0.0,0.0,0.0,0.0,0.0,0.0,0.0,15,0.022847438119637322,16,0,16,0,0,0,0,0,0,0,0,1,0
1e7v,A,217,ASN,-3.5,114.1,0.0,2,2,X,0.0,0.0,0.0,0.0,0.0,0.0,0.0,0.0,13,0.01818469564624195,5,1,4,0,0,0,0,0,0,0,0,1,0
1e7v,A,218,ASN,-3.5,114.1,0.0,2,2,X,0.0,0.0,0.0,0.0,0.0,0.0,0.0,0.0,18,0.028909003335051305,11,14,-3,0,0,0,0,0,0,0,0,1,0
1e7v,A,219,CYS,2.5,108.5,0.0,1,0,X,0.0,0.0,0.0,0.0,0.0,0.0,0.0,0.0,19,0.03683566553982344,13,11,2,0,0,0,0,0,0,0,0,1,0
1e7v,A,220,VAL,4.2,140.0,0.0,0,0,X,0.0,0.0,0.0,0.0,0.0,0.0,0.0,0.0,28,0.03963331102386066,19,13,6,0,0,0,0,0,0,0,0,1,0
1e7v,A,221,PHE,2.8,189.9,0.0,0,0,X,0.0,0.0,0.0,0.0,0.0,0.0,0.0,0.0,21,0.03450429430312575,11,9,2,0,0,0,0,0,0,0,0,1,0
1e7v,A,222,ILE,4.5,166.7,0.0,0,0,X,0.0,0.0,0.0,0.0,0.0,0.0,0.0,0.0,29,0.04196468226055834,23,11,12,0,0,0,0,0,0,0,0,1,0
1e7v,A,223,VAL,4.2,140.0,0.0,0,0,X,0.0,0.0,0.0,0.0,0.0,0.0,0.0,0.0,28,0.045228601991935104,25,11,14,0,0,0,0,0,0,0,0,1,0
1e7v,A,224,ILE,4.5,166.7,0.0,0,0,X,0.0,0.0,0.0,0.0,0.0,0.0,0.0,0.0,30,0.04616115048661418,33,1,32,0,0,0,0,0,0,0,0,1,0
1e7v,A,225,HIS,-3.2,153.2,0.1,2,1,X,0.0,0.0,0.0,0.0,0.0,0.0,0.0,0.0,25,0.04103213376587927,22,2,20,0,0,0,0,0,0,0,0,1,0
1e7v,A,226,ARG,-4.5,173.4,1.0,5,0,X,0.0,0.0,0.0,0.0,0.0,0.0,0.0,0.0,18,0.032172923066428064,8,7,1,0,0,0,0,0,0,0,0,1,0
1e7v,A,227,SER,-0.8,89.0,0.0,1,1,X,0.0,0.0,0.0,0.0,0.0,0.0,0.0,0.0,10,0.017718421398902413,20,0,20,0,0,0,0,0,0,0,0,1,0
1e7v,A,228,THR,-0.7,116.1,0.0,1,1,X,0.0,0.0,0.0,0.0,0.0,0.0,0.0,0.0,9,0.01818469564624195,17,0,17,0,0,0,0,0,0,0,0,1,0
1e7v,A,229,THR,-0.7,116.1,0.0,1,1,X,0.0,0.0,0.0,0.0,0.0,0.0,0.0,0.0,14,0.024246260861655933,21,0,21,0,0,0,0,0,0,0,0,1,0
1e7v,A,230,SER,-0.8,89.0,0.0,1,1,X,0.0,0.0,0.0,0.0,0.0,0.0,0.0,0.0,18,0.03124037457174899,25,0,25,0,0,0,0,0,0,0,0,1,0
1e7v,A,231,GLN,-3.5,143.8,0.0,2,2,X,0.0,0.0,0.0,0.0,0.0,0.0,0.0,0.0,16,0.028909003335051305,21,0,21,0,0,0,0,0,0,0,0,1,0
1e7v,A,232,THR,-0.7,116.1,0.0,1,1,X,0.0,0.0,0.0,0.0,0.0,0.0,0.0,0.0,18,0.030307826077069916,23,6,17,0,0,0,0,0,0,0,0,1,0
1e7v,A,233,ILE,4.5,166.7,0.0,0,0,X,0.0,0.0,0.0,0.0,0.0,0.0,0.0,0.0,25,0.03357174580844668,19,2,17,0,0,0,0,0,0,0,0,1,0
1e7v,A,234,LYS,-3.9,168.6,1.0,2,0,X,0.0,0.0,0.0,0.0,0.0,0.0,0.0,0.0,18,0.03170664881908853,3,2,1,0,0,0,0,0,0,0,0,1,0
1e7v,A,235,VAL,4.2,140.0,0.0,0,0,X,0.0,0.0,0.0,0.0,0.0,0.0,0.0,0.0,28,0.03590311704514436,12,15,-3,0,0,0,0,0,0,0,0,1,0
1e7v,A,236,SER,-0.8,89.0,0.0,1,1,X,0.0,0.0,0.0,0.0,0.0,0.0,0.0,0.0,22,0.032172923066428064,14,16,-2,0,0,0,0,0,0,0,0,1,0
1e7v,A,237,ALA,1.8,88.6,0.0,0,0,X,0.0,0.0,0.0,0.0,0.0,0.0,0.0,0.0,27,0.04103213376587927,16,16,0,0,0,0,0,0,0,0,0,1,0
1e7v,A,238,ASP,-3.5,111.1,-1.0,1,3,X,0.0,0.0,0.0,0.0,0.0,0.0,0.0,0.0,20,0.03357174580844668,9,8,1,0,0,0,0,0,0,0,0,1,0
1e7v,A,239,ASP,-3.5,111.1,-1.0,1,3,X,0.0,0.0,0.0,0.0,0.0,0.0,0.0,0.0,27,0.03870076252918159,11,9,2,0,0,0,0,0,0,0,0,1,0
1e7v,A,240,THR,-0.7,116.1,0.0,1,1,X,0.0,0.0,0.0,0.0,0.0,0.0,0.0,0.0,23,0.040565859518539735,2,24,-22,0,0,0,0,0,0,0,0,1,0
1e7v,A,241,PRO,-1.6,112.7,0.0,0,0,X,0.0,0.0,0.0,0.0,0.0,0.0,0.0,0.0,32,0.045228601991935104,2,20,-18,0,0,0,0,0,0,0,0,1,0
1e7v,A,242,GLY,-0.4,60.1,0.0,0,0,X,0.0,0.0,0.0,0.0,0.0,0.0,0.0,0.0,24,0.030307826077069916,0,19,-19,0,0,0,0,0,0,0,0,1,0
1e7v,A,243,THR,-0.7,116.1,0.0,1,1,X,0.0,0.0,0.0,0.0,0.0,0.0,0.0,0.0,22,0.032639197313767604,0,16,-16,0,0,0,0,0,0,0,0,1,0
1e7v,A,244,ILE,4.5,166.7,0.0,0,0,X,0.0,0.0,0.0,0.0,0.0,0.0,0.0,0.0,31,0.040565859518539735,6,12,-6,0,0,0,0,0,0,0,0,1,0
1e7v,A,245,LEU,3.8,166.7,0.0,0,0,X,0.0,0.0,0.0,0.0,0.0,0.0,0.0,0.0,26,0.0363693912924839,3,7,-4,0,0,0,0,0,0,0,0,1,0
1e7v,A,246,GLN,-3.5,143.8,0.0,2,2,X,0.0,0.0,0.0,0.0,0.0,0.0,0.0,0.0,12,0.030774100324409453,4,3,1,0,0,0,0,0,0,0,0,1,0
1e7v,A,247,SER,-0.8,89.0,0.0,1,1,X,0.0,0.0,0.0,0.0,0.0,0.0,0.0,0.0,18,0.032639197313767604,11,4,7,0,0,0,0,0,0,0,0,1,0
1e7v,A,248,PHE,2.8,189.9,0.0,0,0,X,0.0,0.0,0.0,0.0,0.0,0.0,0.0,0.0,23,0.03730193978716297,16,0,16,0,0,0,0,0,0,0,0,1,0
1e7v,A,249,PHE,2.8,189.9,0.0,0,0,X,0.0,0.0,0.0,0.0,0.0,0.0,0.0,0.0,18,0.030774100324409453,10,3,7,0,0,0,0,0,0,0,0,1,0
1e7v,A,250,THR,-0.7,116.1,0.0,1,1,X,0.0,0.0,0.0,0.0,0.0,0.0,0.0,0.0,11,0.025178809356335007,9,0,9,0,0,0,0,0,0,0,0,1,0
1e7v,A,251,LYS,-3.9,168.6,1.0,2,0,X,0.0,0.0,0.0,0.0,0.0,0.0,0.0,0.0,16,0.02471253510899547,2,0,2,0,0,0,0,0,0,0,0,1,0
1e7v,A,252,MET,1.9,162.9,0.0,0,0,X,0.0,0.0,0.0,0.0,0.0,0.0,0.0,0.0,14,0.020049792635600097,13,0,13,0,0,0,0,0,0,0,0,1,0
1e7v,A,253,ALA,1.8,88.6,0.0,0,0,X,0.0,0.0,0.0,0.0,0.0,0.0,0.0,0.0,6,0.01305567892550704,9,0,9,0,0,0,0,0,0,0,0,1,0
1e7v,A,269,ASP,-3.5,111.1,-1.0,1,3,X,0.0,0.0,0.0,0.0,0.0,0.0,0.0,0.0,10,0.019117244140921023,0,5,-5,0,0,0,0,0,0,0,0,1,0
1e7v,A,270,PHE,2.8,189.9,0.0,0,0,X,0.0,0.0,0.0,0.0,0.0,0.0,0.0,0.0,16,0.030307826077069916,9,16,-7,0,0,0,0,0,0,0,0,1,0
1e7v,A,271,VAL,4.2,140.0,0.0,0,0,X,0.0,0.0,0.0,0.0,0.0,0.0,0.0,0.0,24,0.043829779249916496,12,19,-7,0,0,0,0,0,0,0,0,1,0
1e7v,A,272,LEU,3.8,166.7,0.0,0,0,X,0.0,0.0,0.0,0.0,0.0,0.0,0.0,0.0,36,0.04755997322863279,17,14,3,0,0,0,0,0,0,0,0,1,0
1e7v,A,273,ARG,-4.5,173.4,1.0,5,0,X,0.0,0.0,0.0,0.0,0.0,0.0,0.0,0.0,30,0.05175644145468863,18,31,-13,0,0,0,0,0,0,0,0,1,0
1e7v,A,274,VAL,4.2,140.0,0.0,0,0,X,0.0,0.0,0.0,0.0,0.0,0.0,0.0,0.0,31,0.048492521723311866,36,28,8,0,0,0,0,0,0,0,0,1,0
1e7v,A,275,CYS,2.5,108.5,0.0,1,0,X,0.0,0.0,0.0,0.0,0.0,0.0,0.0,0.0,30,0.04662742473395372,43,27,16,0,0,0,0,0,0,0,0,1,0
1e7v,A,276,GLY,-0.4,60.1,0.0,0,0,X,0.0,0.0,0.0,0.0,0.0,0.0,0.0,0.0,29,0.045694876239274644,37,29,8,0,0,0,0,0,0,0,0,1,0
1e7v,A,277,ARG,-4.5,173.4,1.0,5,0,X,0.0,0.0,0.0,0.0,0.0,0.0,0.0,0.0,31,0.04616115048661418,28,33,-5,0,0,0,0,0,0,0,0,1,0
1e7v,A,278,ASP,-3.5,111.1,-1.0,1,3,X,0.0,0.0,0.0,0.0,0.0,0.0,0.0,0.0,31,0.04243095650789788,54,25,29,0,0,0,0,0,0,0,0,1,0
1e7v,A,279,GLU,-3.5,138.4,-1.0,1,3,X,0.0,0.0,0.0,0.0,0.0,0.0,0.0,0.0,32,0.04662742473395372,44,14,30,0,0,0,0,0,0,0,0,1,0
1e7v,A,280,TYR,-1.3,193.6,0.0,1,1,X,0.0,0.0,0.0,0.0,0.0,0.0,0.0,0.0,32,0.04942507021799094,34,26,8,0,0,0,0,0,0,0,0,1,0
1e7v,A,281,LEU,3.8,166.7,0.0,0,0,X,0.0,0.0,0.0,0.0,0.0,0.0,0.0,0.0,40,0.04662742473395372,14,15,-1,0,0,0,0,0,0,0,0,1,0
1e7v,A,282,VAL,4.2,140.0,0.0,0,0,X,0.0,0.0,0.0,0.0,0.0,0.0,0.0,0.0,29,0.04103213376587927,18,16,2,0,0,0,0,0,0,0,0,1,0
1e7v,A,283,GLY,-0.4,60.1,0.0,0,0,X,0.0,0.0,0.0,0.0,0.0,0.0,0.0,0.0,26,0.030307826077069916,4,12,-8,0,0,0,0,0,0,0,0,1,0
1e7v,A,284,GLU,-3.5,138.4,-1.0,1,3,X,0.0,0.0,0.0,0.0,0.0,0.0,0.0,0.0,17,0.02098234113027917,0,4,-4,0,0,0,0,0,0,0,0,1,0
1e7v,A,285,THR,-0.7,116.1,0.0,1,1,X,0.0,0.0,0.0,0.0,0.0,0.0,0.0,0.0,27,0.03683566553982344,9,21,-12,0,0,0,0,0,0,0,0,1,0
1e7v,A,286,PRO,-1.6,112.7,0.0,0,0,X,0.0,0.0,0.0,0.0,0.0,0.0,0.0,0.0,28,0.04149840801321881,16,25,-9,0,0,0,0,0,0,0,0,1,0
1e7v,A,287,ILE,4.5,166.7,0.0,0,0,X,0.0,0.0,0.0,0.0,0.0,0.0,0.0,0.0,37,0.04755997322863279,17,18,-1,0,0,0,0,0,0,0,0,1,0
1e7v,A,288,LYS,-3.9,168.6,1.0,2,0,X,0.0,0.0,0.0,0.0,0.0,0.0,0.0,0.0,29,0.045228601991935104,15,14,1,0,0,0,0,0,0,0,0,1,0
1e7v,A,289,ASN,-3.5,114.1,0.0,2,2,X,0.0,0.0,0.0,0.0,0.0,0.0,0.0,0.0,32,0.05035761871267001,26,23,3,0,0,0,0,0,0,0,0,1,0
1e7v,A,290,PHE,2.8,189.9,0.0,0,0,X,0.0,0.0,0.0,0.0,0.0,0.0,0.0,0.0,33,0.04989134446533048,20,15,5,0,0,0,0,0,0,0,0,1,0
1e7v,A,291,GLN,-3.5,143.8,0.0,2,2,X,0.0,0.0,0.0,0.0,0.0,0.0,0.0,0.0,30,0.045228601991935104,34,17,17,0,0,0,0,0,0,0,0,1,0
1e7v,A,292,TRP,-0.9,227.8,0.0,1,0,X,0.0,0.0,0.0,0.0,0.0,0.0,0.0,0.0,29,0.04289723075523742,30,26,4,0,0,0,0,0,0,0,0,1,0
1e7v,A,293,VAL,4.2,140.0,0.0,0,0,X,0.0,0.0,0.0,0.0,0.0,0.0,0.0,0.0,31,0.045228601991935104,25,10,15,0,0,0,0,0,0,0,0,1,0
1e7v,A,294,ARG,-4.5,173.4,1.0,5,0,X,0.0,0.0,0.0,0.0,0.0,0.0,0.0,0.0,31,0.04476232774459557,23,9,14,0,0,0,0,0,0,0,0,1,0
1e7v,A,295,GLN,-3.5,143.8,0.0,2,2,X,0.0,0.0,0.0,0.0,0.0,0.0,0.0,0.0,21,0.04149840801321881,23,14,9,0,0,0,0,0,0,0,0,1,0
1e7v,A,296,CYS,2.5,108.5,0.0,1,0,X,0.0,0.0,0.0,0.0,0.0,0.0,0.0,0.0,22,0.043829779249916496,29,16,13,0,0,0,0,0,0,0,0,1,0
1e7v,A,297,LEU,3.8,166.7,0.0,0,0,X,0.0,0.0,0.0,0.0,0.0,0.0,0.0,0.0,30,0.04196468226055834,36,15,21,0,0,0,0,0,0,0,0,1,0
1e7v,A,298,LYS,-3.9,168.6,1.0,2,0,X,0.0,0.0,0.0,0.0,0.0,0.0,0.0,0.0,26,0.03776821403450251,19,22,-3,0,0,0,0,0,0,0,0,1,0
1e7v,A,299,ASN,-3.5,114.1,0.0,2,2,X,0.0,0.0,0.0,0.0,0.0,0.0,0.0,0.0,21,0.02844272908771177,25,16,9,0,0,0,0,0,0,0,0,1,0
1e7v,A,300,GLY,-0.4,60.1,0.0,0,0,X,0.0,0.0,0.0,0.0,0.0,0.0,0.0,0.0,16,0.025178809356335007,22,18,4,0,0,0,0,0,0,0,0,1,0
1e7v,A,301,GLU,-3.5,138.4,-1.0,1,3,X,0.0,0.0,0.0,0.0,0.0,0.0,0.0,0.0,16,0.02844272908771177,23,9,14,0,0,0,0,0,0,0,0,1,0
1e7v,A,302,GLU,-3.5,138.4,-1.0,1,3,X,0.0,0.0,0.0,0.0,0.0,0.0,0.0,0.0,19,0.030307826077069916,14,9,5,0,0,0,0,0,0,0,0,1,0
1e7v,A,303,ILE,4.5,166.7,0.0,0,0,X,0.0,0.0,0.0,0.0,0.0,0.0,0.0,0.0,31,0.04243095650789788,22,17,5,0,0,0,0,0,0,0,0,1,0
1e7v,A,304,HIS,-3.2,153.2,0.1,2,1,X,0.0,0.0,0.0,0.0,0.0,0.0,0.0,0.0,25,0.04429605349725603,13,17,-4,0,0,0,0,0,0,0,0,1,0
1e7v,A,305,LEU,3.8,166.7,0.0,0,0,X,0.0,0.0,0.0,0.0,0.0,0.0,0.0,0.0,34,0.04709369898129325,38,15,23,0,0,0,0,0,0,0,0,1,0
1e7v,A,306,VAL,4.2,140.0,0.0,0,0,X,0.0,0.0,0.0,0.0,0.0,0.0,0.0,0.0,32,0.04709369898129325,41,16,25,0,0,0,0,0,0,0,0,1,0
1e7v,A,307,LEU,3.8,166.7,0.0,0,0,X,0.0,0.0,0.0,0.0,0.0,0.0,0.0,0.0,25,0.04289723075523742,30,15,15,0,0,0,0,0,0,0,0,1,0
1e7v,A,308,ASP,-3.5,111.1,-1.0,1,3,X,0.0,0.0,0.0,0.0,0.0,0.0,0.0,0.0,27,0.03823448828184205,26,14,12,0,0,0,0,0,0,0,0,1,0
1e7v,A,309,THR,-0.7,116.1,0.0,1,1,X,0.0,0.0,0.0,0.0,0.0,0.0,0.0,0.0,14,0.032172923066428064,9,20,-11,0,0,0,0,0,0,0,0,1,0
1e7v,A,310,PRO,-1.6,112.7,0.0,0,0,X,0.0,0.0,0.0,0.0,0.0,0.0,0.0,0.0,22,0.03310547156110714,16,25,-9,0,0,0,0,0,0,0,0,1,0
1e7v,A,311,PRO,-1.6,112.7,0.0,0,0,X,0.0,0.0,0.0,0.0,0.0,0.0,0.0,0.0,25,0.030307826077069916,24,30,-6,0,0,0,0,0,0,0,0,1,0
1e7v,A,312,ASP,-3.5,111.1,-1.0,1,3,X,0.0,0.0,0.0,0.0,0.0,0.0,0.0,0.0,15,0.023779986614316396,9,11,-2,0,0,0,0,0,0,0,0,1,0
1e7v,A,313,PRO,-1.6,112.7,0.0,0,0,X,0.0,0.0,0.0,0.0,0.0,0.0,0.0,0.0,17,0.03730193978716297,14,29,-15,0,0,0,0,0,0,0,0,1,0
1e7v,A,314,ALA,1.8,88.6,0.0,0,0,X,0.0,0.0,0.0,0.0,0.0,0.0,0.0,0.0,16,0.025178809356335007,5,25,-20,0,0,0,0,0,0,0,0,1,0
1e7v,A,315,LEU,3.8,166.7,0.0,0,0,X,0.0,0.0,0.0,0.0,0.0,0.0,0.0,0.0,20,0.03124037457174899,8,27,-19,0,0,0,0,0,0,0,0,1,0
1e7v,A,316,ASP,-3.5,111.1,-1.0,1,3,X,0.0,0.0,0.0,0.0,0.0,0.0,0.0,0.0,28,0.043829779249916496,21,20,1,0,0,0,0,0,0,0,0,1,0
1e7v,A,317,GLU,-3.5,138.4,-1.0,1,3,X,0.0,0.0,0.0,0.0,0.0,0.0,0.0,0.0,20,0.029375277582390842,19,12,7,0,0,0,0,0,0,0,0,1,0
1e7v,A,318,VAL,4.2,140.0,0.0,0,0,X,0.0,0.0,0.0,0.0,0.0,0.0,0.0,0.0,26,0.030774100324409453,41,24,17,0,0,0,0,0,0,0,0,1,0
1e7v,A,319,ARG,-4.5,173.4,1.0,5,0,X,0.0,0.0,0.0,0.0,0.0,0.0,0.0,0.0,20,0.027510180593032695,24,27,-3,0,0,0,0,0,0,0,0,1,0
1e7v,A,320,LYS,-3.9,168.6,1.0,2,0,X,0.0,0.0,0.0,0.0,0.0,0.0,0.0,0.0,12,0.01958351838826056,16,23,-7,0,0,0,0,0,0,0,0,1,0
1e7v,A,321,GLU,-3.5,138.4,-1.0,1,3,X,0.0,0.0,0.0,0.0,0.0,0.0,0.0,0.0,13,0.02144861537761871,39,0,39,0,0,0,0,0,0,0,0,1,0
1e7v,A,354,LEU,3.8,166.7,0.0,0,0,X,0.0,0.0,0.0,0.0,0.0,0.0,0.0,0.0,19,0.035436842797804825,12,13,-1,0,0,0,0,0,0,0,0,1,0
1e7v,A,355,TRP,-0.9,227.8,0.0,1,0,X,0.0,0.0,0.0,0.0,0.0,0.0,0.0,0.0,24,0.0363693912924839,21,27,-6,0,0,0,0,0,0,0,0,1,0
1e7v,A,356,ASP,-3.5,111.1,-1.0,1,3,X,0.0,0.0,0.0,0.0,0.0,0.0,0.0,0.0,16,0.023779986614316396,18,9,9,0,0,0,0,0,0,0,0,1,0
1e7v,A,357,CYS,2.5,108.5,0.0,1,0,X,0.0,0.0,0.0,0.0,0.0,0.0,0.0,0.0,20,0.03310547156110714,36,23,13,0,0,0,0,0,0,0,0,1,0
1e7v,A,358,ASP,-3.5,111.1,-1.0,1,3,X,0.0,0.0,0.0,0.0,0.0,0.0,0.0,0.0,17,0.034970568550465285,37,17,20,0,0,0,0,0,0,0,0,1,0
1e7v,A,359,ARG,-4.5,173.4,1.0,5,0,X,0.0,0.0,0.0,0.0,0.0,0.0,0.0,0.0,15,0.030307826077069916,31,21,10,0,0,0,0,0,0,0,0,1,0
1e7v,A,360,LYS,-3.9,168.6,1.0,2,0,X,0.0,0.0,0.0,0.0,0.0,0.0,0.0,0.0,19,0.03963331102386066,40,24,16,0,0,0,0,0,0,0,0,1,0
1e7v,A,361,PHE,2.8,189.9,0.0,0,0,X,0.0,0.0,0.0,0.0,0.0,0.0,0.0,0.0,32,0.04662742473395372,47,22,25,0,0,0,0,0,0,0,0,1,0
1e7v,A,362,ARG,-4.5,173.4,1.0,5,0,X,0.0,0.0,0.0,0.0,0.0,0.0,0.0,0.0,21,0.045228601991935104,30,17,13,0,0,0,0,0,0,0,0,1,0
1e7v,A,363,VAL,4.2,140.0,0.0,0,0,X,0.0,0.0,0.0,0.0,0.0,0.0,0.0,0.0,37,0.05175644145468863,39,18,21,0,0,0,0,0,0,0,0,1,0
1e7v,A,364,LYS,-3.9,168.6,1.0,2,0,X,0.0,0.0,0.0,0.0,0.0,0.0,0.0,0.0,27,0.04942507021799094,22,16,6,0,0,0,0,0,0,0,0,1,0
1e7v,A,365,ILE,4.5,166.7,0.0,0,0,X,0.0,0.0,0.0,0.0,0.0,0.0,0.0,0.0,36,0.05502036118606539,30,7,23,0,0,0,0,0,0,0,0,1,0
1e7v,A,366,ARG,-4.5,173.4,1.0,5,0,X,0.0,0.0,0.0,0.0,0.0,0.0,0.0,0.0,22,0.045228601991935104,9,11,-2,0,0,0,0,0,0,0,0,1,0
1e7v,A,367,GLY,-0.4,60.1,0.0,0,0,X,0.0,0.0,0.0,0.0,0.0,0.0,0.0,0.0,32,0.04662742473395372,22,23,-1,0,0,0,0,0,0,0,0,1,0
1e7v,A,368,ILE,4.5,166.7,0.0,0,0,X,0.0,0.0,0.0,0.0,0.0,0.0,0.0,0.0,35,0.04755997322863279,9,22,-13,0,0,0,0,0,0,0,0,1,0
1e7v,A,369,ASP,-3.5,111.1,-1.0,1,3,X,0.0,0.0,0.0,0.0,0.0,0.0,0.0,0.0,27,0.040099585271200194,13,18,-5,0,0,0,0,0,0,0,0,1,0
1e7v,A,370,ILE,4.5,166.7,0.0,0,0,X,0.0,0.0,0.0,0.0,0.0,0.0,0.0,0.0,25,0.04196468226055834,6,29,-23,0,0,0,0,0,0,0,0,1,0
1e7v,A,371,PRO,-1.6,112.7,0.0,0,0,X,0.0,0.0,0.0,0.0,0.0,0.0,0.0,0.0,19,0.027510180593032695,5,29,-24,0,0,0,0,0,0,0,0,1,0
1e7v,A,372,VAL,4.2,140.0,0.0,0,0,X,0.0,0.0,0.0,0.0,0.0,0.0,0.0,0.0,15,0.024246260861655933,2,17,-15,0,0,0,0,0,0,0,0,1,0
1e7v,A,373,LEU,3.8,166.7,0.0,0,0,X,0.0,0.0,0.0,0.0,0.0,0.0,0.0,0.0,19,0.030774100324409453,7,13,-6,0,0,0,0,0,0,0,0,1,0
1e7v,A,374,PRO,-1.6,112.7,0.0,0,0,X,0.0,0.0,0.0,0.0,0.0,0.0,0.0,0.0,18,0.02098234113027917,11,7,4,0,0,0,0,0,0,0,0,1,0
1e7v,A,375,ARG,-4.5,173.4,1.0,5,0,X,0.0,0.0,0.0,0.0,0.0,0.0,0.0,0.0,6,0.018650969893581486,0,1,-1,0,0,0,0,0,0,0,0,1,0
1e7v,A,376,THR,-0.7,116.1,0.0,1,1,X,0.0,0.0,0.0,0.0,0.0,0.0,0.0,0.0,10,0.02144861537761871,11,8,3,0,0,0,0,0,0,0,0,1,0
1e7v,A,377,ALA,1.8,88.6,0.0,0,0,X,0.0,0.0,0.0,0.0,0.0,0.0,0.0,0.0,11,0.025178809356335007,8,8,0,0,0,0,0,0,0,0,0,1,0
1e7v,A,378,ASP,-3.5,111.1,-1.0,1,3,X,0.0,0.0,0.0,0.0,0.0,0.0,0.0,0.0,13,0.020049792635600097,5,0,5,0,0,0,0,0,0,0,0,1,0
1e7v,A,379,LEU,3.8,166.7,0.0,0,0,X,0.0,0.0,0.0,0.0,0.0,0.0,0.0,0.0,20,0.03170664881908853,9,9,0,0,0,0,0,0,0,0,0,1,0
1e7v,A,380,THR,-0.7,116.1,0.0,1,1,X,0.0,0.0,0.0,0.0,0.0,0.0,0.0,0.0,22,0.03357174580844668,7,7,0,0,0,0,0,0,0,0,0,1,0
1e7v,A,381,VAL,4.2,140.0,0.0,0,0,X,0.0,0.0,0.0,0.0,0.0,0.0,0.0,0.0,28,0.04755997322863279,9,6,3,0,0,0,0,0,0,0,0,1,0
1e7v,A,382,PHE,2.8,189.9,0.0,0,0,X,0.0,0.0,0.0,0.0,0.0,0.0,0.0,0.0,30,0.048958795970651406,21,9,12,0,0,0,0,0,0,0,0,1,0
1e7v,A,383,VAL,4.2,140.0,0.0,0,0,X,0.0,0.0,0.0,0.0,0.0,0.0,0.0,0.0,42,0.05175644145468863,28,9,19,0,0,0,0,0,0,0,0,1,0
1e7v,A,384,GLU,-3.5,138.4,-1.0,1,3,X,0.0,0.0,0.0,0.0,0.0,0.0,0.0,0.0,31,0.053621538444046775,19,0,19,0,0,0,0,0,0,0,0,1,0
1e7v,A,385,ALA,1.8,88.6,0.0,0,0,X,0.0,0.0,0.0,0.0,0.0,0.0,0.0,0.0,35,0.05129016720734909,27,13,14,0,0,0,0,0,0,0,0,1,0
1e7v,A,386,ASN,-3.5,114.1,0.0,2,2,X,0.0,0.0,0.0,0.0,0.0,0.0,0.0,0.0,35,0.0526889899493677,20,9,11,0,0,0,0,0,0,0,0,1,0
1e7v,A,387,ILE,4.5,166.7,0.0,0,0,X,0.0,0.0,0.0,0.0,0.0,0.0,0.0,0.0,36,0.05035761871267001,15,6,9,0,0,0,0,0,0,0,0,1,0
1e7v,A,388,GLN,-3.5,143.8,0.0,2,2,X,0.0,0.0,0.0,0.0,0.0,0.0,0.0,0.0,31,0.04709369898129325,6,2,4,0,0,0,0,0,0,0,0,1,0
1e7v,A,389,TYR,-1.3,193.6,0.0,1,1,X,0.0,0.0,0.0,0.0,0.0,0.0,0.0,0.0,40,0.04662742473395372,11,12,-1,0,0,0,0,0,0,0,0,1,0
1e7v,A,390,GLY,-0.4,60.1,0.0,0,0,X,0.0,0.0,0.0,0.0,0.0,0.0,0.0,0.0,27,0.04103213376587927,6,12,-6,0,0,0,0,0,0,0,0,1,0
1e7v,A,391,GLN,-3.5,143.8,0.0,2,2,X,0.0,0.0,0.0,0.0,0.0,0.0,0.0,0.0,25,0.03170664881908853,10,7,3,0,0,0,0,0,0,0,0,1,0
1e7v,A,392,GLN,-3.5,143.8,0.0,2,2,X,0.0,0.0,0.0,0.0,0.0,0.0,0.0,0.0,25,0.027510180593032695,8,0,8,0,0,0,0,0,0,0,0,1,0
1e7v,A,393,VAL,4.2,140.0,0.0,0,0,X,0.0,0.0,0.0,0.0,0.0,0.0,0.0,0.0,17,0.03450429430312575,1,4,-3,0,0,0,0,0,0,0,0,1,0
1e7v,A,394,LEU,3.8,166.7,0.0,0,0,X,0.0,0.0,0.0,0.0,0.0,0.0,0.0,0.0,30,0.032172923066428064,10,6,4,0,0,0,0,0,0,0,0,1,0
1e7v,A,395,CYS,2.5,108.5,0.0,1,0,X,0.0,0.0,0.0,0.0,0.0,0.0,0.0,0.0,26,0.03823448828184205,13,10,3,0,0,0,0,0,0,0,0,1,0
1e7v,A,396,GLN,-3.5,143.8,0.0,2,2,X,0.0,0.0,0.0,0.0,0.0,0.0,0.0,0.0,22,0.03963331102386066,22,11,11,0,0,0,0,0,0,0,0,1,0
1e7v,A,397,ARG,-4.5,173.4,1.0,5,0,X,0.0,0.0,0.0,0.0,0.0,0.0,0.0,0.0,24,0.03823448828184205,13,17,-4,0,0,0,0,0,0,0,0,1,0
1e7v,A,398,ARG,-4.5,173.4,1.0,5,0,X,0.0,0.0,0.0,0.0,0.0,0.0,0.0,0.0,20,0.03870076252918159,10,9,1,0,0,0,0,0,0,0,0,1,0
1e7v,A,399,THR,-0.7,116.1,0.0,1,1,X,0.0,0.0,0.0,0.0,0.0,0.0,0.0,0.0,30,0.03963331102386066,31,8,23,0,0,0,0,0,0,0,0,1,0
1e7v,A,400,SER,-0.8,89.0,0.0,1,1,X,0.0,0.0,0.0,0.0,0.0,0.0,0.0,0.0,18,0.027043906345693154,17,1,16,0,0,0,0,0,0,0,0,1,0
1e7v,A,401,PRO,-1.6,112.7,0.0,0,0,X,0.0,0.0,0.0,0.0,0.0,0.0,0.0,0.0,17,0.03310547156110714,18,0,18,0,0,0,0,0,0,0,0,1,0
1e7v,A,402,LYS,-3.9,168.6,1.0,2,0,X,0.0,0.0,0.0,0.0,0.0,0.0,0.0,0.0,21,0.034970568550465285,1,3,-2,0,0,0,0,0,0,0,0,1,0
1e7v,A,403,PRO,-1.6,112.7,0.0,0,0,X,0.0,0.0,0.0,0.0,0.0,0.0,0.0,0.0,20,0.030774100324409453,9,13,-4,0,0,0,0,0,0,0,0,1,0
1e7v,A,404,PHE,2.8,189.9,0.0,0,0,X,0.0,0.0,0.0,0.0,0.0,0.0,0.0,0.0,29,0.03823448828184205,9,20,-11,0,0,0,0,0,0,0,0,1,0
1e7v,A,405,THR,-0.7,116.1,0.0,1,1,X,0.0,0.0,0.0,0.0,0.0,0.0,0.0,0.0,21,0.03124037457174899,7,29,-22,0,0,0,0,0,0,0,0,1,0
1e7v,A,406,GLU,-3.5,138.4,-1.0,1,3,X,0.0,0.0,0.0,0.0,0.0,0.0,0.0,0.0,14,0.03590311704514436,0,17,-17,0,0,0,0,0,0,0,0,1,0
1e7v,A,407,GLU,-3.5,138.4,-1.0,1,3,X,0.0,0.0,0.0,0.0,0.0,0.0,0.0,0.0,18,0.03357174580844668,4,17,-13,0,0,0,0,0,0,0,0,1,0
1e7v,A,408,VAL,4.2,140.0,0.0,0,0,X,0.0,0.0,0.0,0.0,0.0,0.0,0.0,0.0,28,0.04289723075523742,14,23,-9,0,0,0,0,0,0,0,0,1,0
1e7v,A,409,LEU,3.8,166.7,0.0,0,0,X,0.0,0.0,0.0,0.0,0.0,0.0,0.0,0.0,19,0.03357174580844668,16,17,-1,0,0,0,0,0,0,0,0,1,0
1e7v,A,410,TRP,-0.9,227.8,0.0,1,0,X,0.0,0.0,0.0,0.0,0.0,0.0,0.0,0.0,27,0.03823448828184205,26,6,20,0,0,0,0,0,0,0,0,1,0
1e7v,A,411,ASN,-3.5,114.1,0.0,2,2,X,0.0,0.0,0.0,0.0,0.0,0.0,0.0,0.0,17,0.03310547156110714,23,0,23,0,0,0,0,0,0,0,0,1,0
1e7v,A,412,VAL,4.2,140.0,0.0,0,0,X,0.0,0.0,0.0,0.0,0.0,0.0,0.0,0.0,23,0.034970568550465285,29,3,26,0,0,0,0,0,0,0,0,1,0
1e7v,A,413,TRP,-0.9,227.8,0.0,1,0,X,0.0,0.0,0.0,0.0,0.0,0.0,0.0,0.0,19,0.03823448828184205,29,16,13,0,0,0,0,0,0,0,0,1,0
1e7v,A,414,LEU,3.8,166.7,0.0,0,0,X,0.0,0.0,0.0,0.0,0.0,0.0,0.0,0.0,30,0.04662742473395372,38,18,20,0,0,0,0,0,0,0,0,1,0
1e7v,A,415,GLU,-3.5,138.4,-1.0,1,3,X,0.0,0.0,0.0,0.0,0.0,0.0,0.0,0.0,18,0.03963331102386066,44,4,40,0,0,0,0,0,0,0,0,1,0
1e7v,A,416,PHE,2.8,189.9,0.0,0,0,X,0.0,0.0,0.0,0.0,0.0,0.0,0.0,0.0,30,0.04289723075523742,40,12,28,0,0,0,0,0,0,0,0,1,0
1e7v,A,417,SER,-0.8,89.0,0.0,1,1,X,0.0,0.0,0.0,0.0,0.0,0.0,0.0,0.0,19,0.03357174580844668,36,16,20,0,0,0,0,0,0,0,0,1,0
1e7v,A,418,ILE,4.5,166.7,0.0,0,0,X,0.0,0.0,0.0,0.0,0.0,0.0,0.0,0.0,30,0.04476232774459557,37,16,21,0,0,0,0,0,0,0,0,1,0
1e7v,A,419,LYS,-3.9,168.6,1.0,2,0,X,0.0,0.0,0.0,0.0,0.0,0.0,0.0,0.0,21,0.04289723075523742,29,25,4,0,0,0,0,0,0,0,0,1,0
1e7v,A,420,ILE,4.5,166.7,0.0,0,0,X,0.0,0.0,0.0,0.0,0.0,0.0,0.0,0.0,30,0.04616115048661418,41,27,14,0,0,0,0,0,0,0,0,1,0
1e7v,A,421,LYS,-3.9,168.6,1.0,2,0,X,0.0,0.0,0.0,0.0,0.0,0.0,0.0,0.0,26,0.045694876239274644,20,32,-12,0,0,0,0,0,0,0,0,1,0
1e7v,A,422,ASP,-3.5,111.1,-1.0,1,3,X,0.0,0.0,0.0,0.0,0.0,0.0,0.0,0.0,31,0.04476232774459557,31,18,13,0,0,0,0,0,0,0,0,1,0
1e7v,A,423,LEU,3.8,166.7,0.0,0,0,X,0.0,0.0,0.0,0.0,0.0,0.0,0.0,0.0,39,0.04429605349725603,28,8,20,0,0,0,0,0,0,0,0,1,0
1e7v,A,424,PRO,-1.6,112.7,0.0,0,0,X,0.0,0.0,0.0,0.0,0.0,0.0,0.0,0.0,39,0.04196468226055834,22,17,5,0,0,0,0,0,0,0,0,1,0
1e7v,A,425,LYS,-3.9,168.6,1.0,2,0,X,0.0,0.0,0.0,0.0,0.0,0.0,0.0,0.0,32,0.04289723075523742,15,28,-13,0,0,0,0,0,0,0,0,1,0
1e7v,A,426,GLY,-0.4,60.1,0.0,0,0,X,0.0,0.0,0.0,0.0,0.0,0.0,0.0,0.0,38,0.04942507021799094,15,28,-13,0,0,0,0,0,0,0,0,1,0
1e7v,A,427,ALA,1.8,88.6,0.0,0,0,X,0.0,0.0,0.0,0.0,0.0,0.0,0.0,0.0,35,0.04942507021799094,12,8,4,0,0,0,0,0,0,0,0,1,0
1e7v,A,428,LEU,3.8,166.7,0.0,0,0,X,0.0,0.0,0.0,0.0,0.0,0.0,0.0,0.0,35,0.045694876239274644,8,2,6,0,0,0,0,0,0,0,0,1,0
1e7v,A,429,LEU,3.8,166.7,0.0,0,0,X,0.0,0.0,0.0,0.0,0.0,0.0,0.0,0.0,39,0.050823892960009553,13,3,10,0,0,0,0,0,0,0,0,1,0
1e7v,A,430,ASN,-3.5,114.1,0.0,2,2,X,0.0,0.0,0.0,0.0,0.0,0.0,0.0,0.0,37,0.045694876239274644,10,9,1,0,0,0,0,0,0,0,0,1,0
1e7v,A,431,LEU,3.8,166.7,0.0,0,0,X,0.0,0.0,0.0,0.0,0.0,0.0,0.0,0.0,41,0.04942507021799094,11,9,2,0,0,0,0,0,0,0,0,1,0
1e7v,A,432,GLN,-3.5,143.8,0.0,2,2,X,0.0,0.0,0.0,0.0,0.0,0.0,0.0,0.0,30,0.05222271570202816,17,9,8,0,0,0,0,0,0,0,0,1,0
1e7v,A,433,ILE,4.5,166.7,0.0,0,0,X,0.0,0.0,0.0,0.0,0.0,0.0,0.0,0.0,34,0.053621538444046775,3,10,-7,0,0,0,0,0,0,0,0,1,0
1e7v,A,434,TYR,-1.3,193.6,0.0,1,1,X,0.0,0.0,0.0,0.0,0.0,0.0,0.0,0.0,26,0.043363505002576956,10,9,1,0,0,0,0,0,0,0,0,1,0
1e7v,A,435,CYS,2.5,108.5,0.0,1,0,X,0.0,0.0,0.0,0.0,0.0,0.0,0.0,0.0,23,0.03776821403450251,4,3,1,0,0,0,0,0,0,0,0,1,0
1e7v,A,459,GLN,-3.5,143.8,0.0,2,2,X,0.0,0.0,0.0,0.0,0.0,0.0,0.0,0.0,15,0.022381163872297785,0,0,0,0,0,0,0,0,0,0,0,1,0
1e7v,A,460,LEU,3.8,166.7,0.0,0,0,X,0.0,0.0,0.0,0.0,0.0,0.0,0.0,0.0,23,0.0363693912924839,6,8,-2,0,0,0,0,0,0,0,0,1,0
1e7v,A,461,LEU,3.8,166.7,0.0,0,0,X,0.0,0.0,0.0,0.0,0.0,0.0,0.0,0.0,25,0.04149840801321881,1,0,1,0,0,0,0,0,0,0,0,1,0
1e7v,A,462,TYR,-1.3,193.6,0.0,1,1,X,0.0,0.0,0.0,0.0,0.0,0.0,0.0,0.0,32,0.04942507021799094,3,3,0,0,0,0,0,0,0,0,0,1,0
1e7v,A,463,TYR,-1.3,193.6,0.0,1,1,X,0.0,0.0,0.0,0.0,0.0,0.0,0.0,0.0,35,0.05455408693872585,20,9,11,0,0,0,0,0,0,0,0,1,0
1e7v,A,464,VAL,4.2,140.0,0.0,0,0,X,0.0,0.0,0.0,0.0,0.0,0.0,0.0,0.0,41,0.053621538444046775,21,4,17,0,0,0,0,0,0,0,0,1,0
1e7v,A,465,ASN,-3.5,114.1,0.0,2,2,X,0.0,0.0,0.0,0.0,0.0,0.0,0.0,0.0,36,0.048958795970651406,19,4,15,0,0,0,0,0,0,0,0,1,0
1e7v,A,466,LEU,3.8,166.7,0.0,0,0,X,0.0,0.0,0.0,0.0,0.0,0.0,0.0,0.0,36,0.045694876239274644,24,11,13,0,0,0,0,0,0,0,0,1,0
1e7v,A,467,LEU,3.8,166.7,0.0,0,0,X,0.0,0.0,0.0,0.0,0.0,0.0,0.0,0.0,37,0.04662742473395372,43,20,23,0,0,0,0,0,0,0,0,1,0
1e7v,A,468,LEU,3.8,166.7,0.0,0,0,X,0.0,0.0,0.0,0.0,0.0,0.0,0.0,0.0,37,0.04755997322863279,27,9,18,0,0,0,0,0,0,0,0,1,0
1e7v,A,469,ILE,4.5,166.7,0.0,0,0,X,0.0,0.0,0.0,0.0,0.0,0.0,0.0,0.0,31,0.050823892960009553,37,15,22,0,0,0,0,0,0,0,0,1,0
1e7v,A,470,ASP,-3.5,111.1,-1.0,1,3,X,0.0,0.0,0.0,0.0,0.0,0.0,0.0,0.0,26,0.04616115048661418,46,24,22,0,0,0,0,0,0,0,0,1,0
1e7v,A,471,HIS,-3.2,153.2,0.1,2,1,X,0.0,0.0,0.0,0.0,0.0,0.0,0.0,0.0,24,0.048026247475972325,39,48,-9,0,0,0,0,0,0,0,0,1,0
1e7v,A,472,ARG,-4.5,173.4,1.0,5,0,X,0.0,0.0,0.0,0.0,0.0,0.0,0.0,0.0,18,0.032639197313767604,26,31,-5,0,0,0,0,0,0,0,0,1,0
1e7v,A,473,PHE,2.8,189.9,0.0,0,0,X,0.0,0.0,0.0,0.0,0.0,0.0,0.0,0.0,23,0.04243095650789788,34,13,21,0,0,0,0,0,0,0,0,1,0
1e7v,A,474,LEU,3.8,166.7,0.0,0,0,X,0.0,0.0,0.0,0.0,0.0,0.0,0.0,0.0,22,0.04149840801321881,53,9,44,0,0,0,0,0,0,0,0,1,0
1e7v,A,475,LEU,3.8,166.7,0.0,0,0,X,0.0,0.0,0.0,0.0,0.0,0.0,0.0,0.0,32,0.043829779249916496,38,15,23,0,0,0,0,0,0,0,0,1,0
1e7v,A,476,ARG,-4.5,173.4,1.0,5,0,X,0.0,0.0,0.0,0.0,0.0,0.0,0.0,0.0,32,0.040565859518539735,27,24,3,0,0,0,0,0,0,0,0,1,0
1e7v,A,477,HIS,-3.2,153.2,0.1,2,1,X,0.0,0.0,0.0,0.0,0.0,0.0,0.0,0.0,22,0.03870076252918159,23,17,6,0,0,0,0,0,0,0,0,1,0
1e7v,A,478,GLY,-0.4,60.1,0.0,0,0,X,0.0,0.0,0.0,0.0,0.0,0.0,0.0,0.0,23,0.03310547156110714,34,17,17,0,0,0,0,0,0,0,0,1,0
1e7v,A,479,GLU,-3.5,138.4,-1.0,1,3,X,0.0,0.0,0.0,0.0,0.0,0.0,0.0,0.0,20,0.032172923066428064,29,1,28,0,0,0,0,0,0,0,0,1,0
1e7v,A,480,TYR,-1.3,193.6,0.0,1,1,X,0.0,0.0,0.0,0.0,0.0,0.0,0.0,0.0,26,0.03683566553982344,35,15,20,0,0,0,0,0,0,0,0,1,0
1e7v,A,481,VAL,4.2,140.0,0.0,0,0,X,0.0,0.0,0.0,0.0,0.0,0.0,0.0,0.0,27,0.03357174580844668,31,15,16,0,0,0,0,0,0,0,0,1,0
1e7v,A,482,LEU,3.8,166.7,0.0,0,0,X,0.0,0.0,0.0,0.0,0.0,0.0,0.0,0.0,34,0.04476232774459557,24,8,16,0,0,0,0,0,0,0,0,1,0
1e7v,A,483,HIS,-3.2,153.2,0.1,2,1,X,0.0,0.0,0.0,0.0,0.0,0.0,0.0,0.0,30,0.05129016720734909,13,18,-5,0,0,0,0,0,0,0,0,1,0
1e7v,A,484,MET,1.9,162.9,0.0,0,0,X,0.0,0.0,0.0,0.0,0.0,0.0,0.0,0.0,35,0.05548663543340492,14,7,7,0,0,0,0,0,0,0,0,1,0
1e7v,A,485,TRP,-0.9,227.8,0.0,1,0,X,0.0,0.0,0.0,0.0,0.0,0.0,0.0,0.0,34,0.048026247475972325,37,14,23,0,0,0,0,0,0,0,0,1,0
1e7v,A,486,GLN,-3.5,143.8,0.0,2,2,X,0.0,0.0,0.0,0.0,0.0,0.0,0.0,0.0,19,0.03870076252918159,10,0,10,0,0,0,0,0,0,0,0,1,0
1e7v,A,487,LEU,3.8,166.7,0.0,0,0,X,0.0,0.0,0.0,0.0,0.0,0.0,0.0,0.0,22,0.032639197313767604,11,5,6,0,0,0,0,0,0,0,0,1,0
1e7v,A,488,SER,-0.8,89.0,0.0,1,1,X,0.0,0.0,0.0,0.0,0.0,0.0,0.0,0.0,14,0.015387050162204726,1,0,1,0,0,0,0,0,0,0,0,1,0
1e7v,A,497,PHE,2.8,189.9,0.0,0,0,X,0.0,0.0,0.0,0.0,0.0,0.0,0.0,0.0,24,0.03310547156110714,17,10,7,0,0,0,0,0,0,0,0,1,0
1e7v,A,498,ASN,-3.5,114.1,0.0,2,2,X,0.0,0.0,0.0,0.0,0.0,0.0,0.0,0.0,29,0.04476232774459557,22,8,14,0,0,0,0,0,0,0,0,1,0
1e7v,A,499,ALA,1.8,88.6,0.0,0,0,X,0.0,0.0,0.0,0.0,0.0,0.0,0.0,0.0,36,0.04709369898129325,29,14,15,0,0,0,0,0,0,0,0,1,0
1e7v,A,500,ASP,-3.5,111.1,-1.0,1,3,X,0.0,0.0,0.0,0.0,0.0,0.0,0.0,0.0,34,0.04429605349725603,38,1,37,0,0,0,0,0,0,0,0,1,0
1e7v,A,501,LYS,-3.9,168.6,1.0,2,0,X,0.0,0.0,0.0,0.0,0.0,0.0,0.0,0.0,32,0.043829779249916496,7,8,-1,0,0,0,0,0,0,0,0,1,0
1e7v,A,502,LEU,3.8,166.7,0.0,0,0,X,0.0,0.0,0.0,0.0,0.0,0.0,0.0,0.0,40,0.04289723075523742,26,15,11,0,0,0,0,0,0,0,0,1,0
1e7v,A,503,THR,-0.7,116.1,0.0,1,1,X,0.0,0.0,0.0,0.0,0.0,0.0,0.0,0.0,38,0.045694876239274644,50,13,37,0,0,0,0,0,0,0,0,1,0
1e7v,A,504,SER,-0.8,89.0,0.0,1,1,X,0.0,0.0,0.0,0.0,0.0,0.0,0.0,0.0,39,0.043363505002576956,44,16,28,0,0,0,0,0,0,0,0,1,0
1e7v,A,505,ALA,1.8,88.6,0.0,0,0,X,0.0,0.0,0.0,0.0,0.0,0.0,0.0,0.0,36,0.04709369898129325,48,12,36,0,0,0,0,0,0,0,0,1,0
1e7v,A,506,THR,-0.7,116.1,0.0,1,1,X,0.0,0.0,0.0,0.0,0.0,0.0,0.0,0.0,34,0.04989134446533048,43,7,36,0,0,0,0,0,0,0,0,1,0
1e7v,A,507,ASN,-3.5,114.1,0.0,2,2,X,0.0,0.0,0.0,0.0,0.0,0.0,0.0,0.0,29,0.048958795970651406,40,11,29,0,0,0,0,0,0,0,0,1,0
1e7v,A,508,PRO,-1.6,112.7,0.0,0,0,X,0.0,0.0,0.0,0.0,0.0,0.0,0.0,0.0,22,0.03823448828184205,36,17,19,0,0,0,0,0,0,0,0,1,0
1e7v,A,509,ASP,-3.5,111.1,-1.0,1,3,X,0.0,0.0,0.0,0.0,0.0,0.0,0.0,0.0,16,0.03450429430312575,26,9,17,0,0,0,0,0,0,0,0,1,0
1e7v,A,510,LYS,-3.9,168.6,1.0,2,0,X,0.0,0.0,0.0,0.0,0.0,0.0,0.0,0.0,19,0.034970568550465285,10,18,-8,0,0,0,0,0,0,0,0,1,0
1e7v,A,511,GLU,-3.5,138.4,-1.0,1,3,X,0.0,0.0,0.0,0.0,0.0,0.0,0.0,0.0,11,0.02331371236697686,15,8,7,0,0,0,0,0,0,0,0,1,0
1e7v,A,512,ASN,-3.5,114.1,0.0,2,2,X,0.0,0.0,0.0,0.0,0.0,0.0,0.0,0.0,17,0.030307826077069916,11,19,-8,0,0,0,0,0,0,0,0,1,0
1e7v,A,513,SER,-0.8,89.0,0.0,1,1,X,0.0,0.0,0.0,0.0,0.0,0.0,0.0,0.0,24,0.048958795970651406,19,21,-2,0,0,0,0,0,0,0,0,1,0
1e7v,A,514,MET,1.9,162.9,0.0,0,0,X,0.0,0.0,0.0,0.0,0.0,0.0,0.0,0.0,39,0.04755997322863279,14,22,-8,0,0,0,0,0,0,0,0,1,0
1e7v,A,515,SER,-0.8,89.0,0.0,1,1,X,0.0,0.0,0.0,0.0,0.0,0.0,0.0,0.0,36,0.04616115048661418,21,21,0,0,0,0,0,0,0,0,0,1,0
1e7v,A,516,ILE,4.5,166.7,0.0,0,0,X,0.0,0.0,0.0,0.0,0.0,0.0,0.0,0.0,36,0.050823892960009553,20,14,6,0,0,0,0,0,0,0,0,1,0
1e7v,A,517,SER,-0.8,89.0,0.0,1,1,X,0.0,0.0,0.0,0.0,0.0,0.0,0.0,0.0,30,0.04196468226055834,26,19,7,0,0,0,0,0,0,0,0,1,0
1e7v,A,518,ILE,4.5,166.7,0.0,0,0,X,0.0,0.0,0.0,0.0,0.0,0.0,0.0,0.0,32,0.04942507021799094,31,10,21,0,0,0,0,0,0,0,0,1,0
1e7v,A,519,LEU,3.8,166.7,0.0,0,0,X,0.0,0.0,0.0,0.0,0.0,0.0,0.0,0.0,26,0.04662742473395372,41,17,24,0,0,0,0,0,0,0,0,1,0
1e7v,A,520,LEU,3.8,166.7,0.0,0,0,X,0.0,0.0,0.0,0.0,0.0,0.0,0.0,0.0,30,0.04662742473395372,39,17,22,0,0,0,0,0,0,0,0,1,0
1e7v,A,521,ASP,-3.5,111.1,-1.0,1,3,X,0.0,0.0,0.0,0.0,0.0,0.0,0.0,0.0,25,0.03870076252918159,46,6,40,0,0,0,0,0,0,0,0,1,0
1e7v,A,522,ASN,-3.5,114.1,0.0,2,2,X,0.0,0.0,0.0,0.0,0.0,0.0,0.0,0.0,14,0.02797645484037223,25,11,14,0,0,0,0,0,0,0,0,1,0
1e7v,A,523,TYR,-1.3,193.6,0.0,1,1,X,0.0,0.0,0.0,0.0,0.0,0.0,0.0,0.0,16,0.02611135785101408,27,9,18,0,0,0,0,0,0,0,0,1,0
1e7v,A,524,CYS,2.5,108.5,0.0,1,0,X,0.0,0.0,0.0,0.0,0.0,0.0,0.0,0.0,15,0.024246260861655933,22,7,15,0,0,0,0,0,0,0,0,1,0
1e7v,A,525,HIS,-3.2,153.2,0.1,2,1,X,0.0,0.0,0.0,0.0,0.0,0.0,0.0,0.0,15,0.02984155182973038,14,3,11,0,0,0,0,0,0,0,0,1,0
1e7v,A,526,PRO,-1.6,112.7,0.0,0,0,X,0.0,0.0,0.0,0.0,0.0,0.0,0.0,0.0,24,0.03823448828184205,27,15,12,0,0,0,0,0,0,0,0,1,0
1e7v,A,527,ILE,4.5,166.7,0.0,0,0,X,0.0,0.0,0.0,0.0,0.0,0.0,0.0,0.0,19,0.03590311704514436,16,9,7,0,0,0,0,0,0,0,0,1,0
1e7v,A,528,ALA,1.8,88.6,0.0,0,0,X,0.0,0.0,0.0,0.0,0.0,0.0,0.0,0.0,26,0.04289723075523742,31,11,20,0,0,0,0,0,0,0,0,1,0
1e7v,A,529,LEU,3.8,166.7,0.0,0,0,X,0.0,0.0,0.0,0.0,0.0,0.0,0.0,0.0,15,0.032172923066428064,14,2,12,0,0,0,0,0,0,0,0,1,0
1e7v,A,530,PRO,-1.6,112.7,0.0,0,0,X,0.0,0.0,0.0,0.0,0.0,0.0,0.0,0.0,15,0.02331371236697686,17,2,15,0,0,0,0,0,0,0,0,1,0
1e7v,A,531,LYS,-3.9,168.6,1.0,2,0,X,0.0,0.0,0.0,0.0,0.0,0.0,0.0,0.0,17,0.01818469564624195,6,2,4,0,0,0,0,0,0,0,0,1,0
1e7v,A,546,GLU,-3.5,138.4,-1.0,1,3,X,0.0,0.0,0.0,0.0,0.0,0.0,0.0,0.0,8,0.015387050162204726,5,4,1,0,0,0,0,0,0,0,0,1,0
1e7v,A,547,MET,1.9,162.9,0.0,0,0,X,0.0,0.0,0.0,0.0,0.0,0.0,0.0,0.0,16,0.02611135785101408,22,22,0,0,0,0,0,0,0,0,0,1,0
1e7v,A,548,PRO,-1.6,112.7,0.0,0,0,X,0.0,0.0,0.0,0.0,0.0,0.0,0.0,0.0,13,0.026577632098353617,18,10,8,0,0,0,0,0,0,0,0,1,0
1e7v,A,549,ASN,-3.5,114.1,0.0,2,2,X,0.0,0.0,0.0,0.0,0.0,0.0,0.0,0.0,10,0.02797645484037223,20,8,12,0,0,0,0,0,0,0,0,1,0
1e7v,A,550,GLN,-3.5,143.8,0.0,2,2,X,0.0,0.0,0.0,0.0,0.0,0.0,0.0,0.0,11,0.028909003335051305,17,6,11,0,0,0,0,0,0,0,0,1,0
1e7v,A,551,LEU,3.8,166.7,0.0,0,0,X,0.0,0.0,0.0,0.0,0.0,0.0,0.0,0.0,18,0.03683566553982344,23,16,7,0,0,0,0,0,0,0,0,1,0
1e7v,A,552,ARG,-4.5,173.4,1.0,5,0,X,0.0,0.0,0.0,0.0,0.0,0.0,0.0,0.0,17,0.043829779249916496,12,22,-10,0,0,0,0,0,0,0,0,1,0
1e7v,A,553,LYS,-3.9,168.6,1.0,2,0,X,0.0,0.0,0.0,0.0,0.0,0.0,0.0,0.0,13,0.03403802005578621,11,9,2,0,0,0,0,0,0,0,0,1,0
1e7v,A,554,GLN,-3.5,143.8,0.0,2,2,X,0.0,0.0,0.0,0.0,0.0,0.0,0.0,0.0,19,0.034970568550465285,16,24,-8,0,0,0,0,0,0,0,0,1,0
1e7v,A,555,LEU,3.8,166.7,0.0,0,0,X,0.0,0.0,0.0,0.0,0.0,0.0,0.0,0.0,32,0.043829779249916496,32,32,0,0,0,0,0,0,0,0,0,1,0
1e7v,A,556,GLU,-3.5,138.4,-1.0,1,3,X,0.0,0.0,0.0,0.0,0.0,0.0,0.0,0.0,20,0.03357174580844668,20,9,11,0,0,0,0,0,0,0,0,1,0
1e7v,A,557,ALA,1.8,88.6,0.0,0,0,X,0.0,0.0,0.0,0.0,0.0,0.0,0.0,0.0,17,0.02984155182973038,18,18,0,0,0,0,0,0,0,0,0,1,0
1e7v,A,558,ILE,4.5,166.7,0.0,0,0,X,0.0,0.0,0.0,0.0,0.0,0.0,0.0,0.0,30,0.03823448828184205,23,24,-1,0,0,0,0,0,0,0,0,1,0
1e7v,A,559,ILE,4.5,166.7,0.0,0,0,X,0.0,0.0,0.0,0.0,0.0,0.0,0.0,0.0,28,0.03823448828184205,27,25,2,0,0,0,0,0,0,0,0,1,0
1e7v,A,560,ALA,1.8,88.6,0.0,0,0,X,0.0,0.0,0.0,0.0,0.0,0.0,0.0,0.0,18,0.02797645484037223,16,21,-5,0,0,0,0,0,0,0,0,1,0
1e7v,A,561,THR,-0.7,116.1,0.0,1,1,X,0.0,0.0,0.0,0.0,0.0,0.0,0.0,0.0,24,0.03310547156110714,16,17,-1,0,0,0,0,0,0,0,0,1,0
1e7v,A,562,ASP,-3.5,111.1,-1.0,1,3,X,0.0,0.0,0.0,0.0,0.0,0.0,0.0,0.0,25,0.03683566553982344,17,7,10,0,0,0,0,0,0,0,0,1,0
1e7v,A,563,PRO,-1.6,112.7,0.0,0,0,X,0.0,0.0,0.0,0.0,0.0,0.0,0.0,0.0,33,0.03450429430312575,16,13,3,0,0,0,0,0,0,0,0,1,0
1e7v,A,564,LEU,3.8,166.7,0.0,0,0,X,0.0,0.0,0.0,0.0,0.0,0.0,0.0,0.0,28,0.0363693912924839,21,27,-6,0,0,0,0,0,0,0,0,1,0
1e7v,A,565,ASN,-3.5,114.1,0.0,2,2,X,0.0,0.0,0.0,0.0,0.0,0.0,0.0,0.0,17,0.02844272908771177,13,17,-4,0,0,0,0,0,0,0,0,1,0
1e7v,A,566,PRO,-1.6,112.7,0.0,0,0,X,0.0,0.0,0.0,0.0,0.0,0.0,0.0,0.0,17,0.02331371236697686,18,19,-1,0,0,0,0,0,0,0,0,1,0
1e7v,A,567,LEU,3.8,166.7,0.0,0,0,X,0.0,0.0,0.0,0.0,0.0,0.0,0.0,0.0,26,0.03310547156110714,18,17,1,0,0,0,0,0,0,0,0,1,0
1e7v,A,568,THR,-0.7,116.1,0.0,1,1,X,0.0,0.0,0.0,0.0,0.0,0.0,0.0,0.0,14,0.02331371236697686,10,25,-15,0,0,0,0,0,0,0,0,1,0
1e7v,A,569,ALA,1.8,88.6,0.0,0,0,X,0.0,0.0,0.0,0.0,0.0,0.0,0.0,0.0,14,0.02331371236697686,13,26,-13,0,0,0,0,0,0,0,0,1,0
1e7v,A,570,GLU,-3.5,138.4,-1.0,1,3,X,0.0,0.0,0.0,0.0,0.0,0.0,0.0,0.0,14,0.027043906345693154,8,17,-9,0,0,0,0,0,0,0,0,1,0
1e7v,A,571,ASP,-3.5,111.1,-1.0,1,3,X,0.0,0.0,0.0,0.0,0.0,0.0,0.0,0.0,23,0.03776821403450251,18,19,-1,0,0,0,0,0,0,0,0,1,0
1e7v,A,572,LYS,-3.9,168.6,1.0,2,0,X,0.0,0.0,0.0,0.0,0.0,0.0,0.0,0.0,23,0.045228601991935104,18,23,-5,0,0,0,0,0,0,0,0,1,0
1e7v,A,573,GLU,-3.5,138.4,-1.0,1,3,X,0.0,0.0,0.0,0.0,0.0,0.0,0.0,0.0,16,0.035436842797804825,25,17,8,0,0,0,0,0,0,0,0,1,0
1e7v,A,574,LEU,3.8,166.7,0.0,0,0,X,0.0,0.0,0.0,0.0,0.0,0.0,0.0,0.0,26,0.04243095650789788,24,29,-5,0,0,0,0,0,0,0,0,1,0
1e7v,A,575,LEU,3.8,166.7,0.0,0,0,X,0.0,0.0,0.0,0.0,0.0,0.0,0.0,0.0,34,0.048958795970651406,34,29,5,0,0,0,0,0,0,0,0,1,0
1e7v,A,576,TRP,-0.9,227.8,0.0,1,0,X,0.0,0.0,0.0,0.0,0.0,0.0,0.0,0.0,28,0.04429605349725603,48,14,34,0,0,0,0,0,0,0,0,1,0
1e7v,A,577,HIS,-3.2,153.2,0.1,2,1,X,0.0,0.0,0.0,0.0,0.0,0.0,0.0,0.0,19,0.03310547156110714,16,15,1,0,0,0,0,0,0,0,0,1,0
1e7v,A,578,PHE,2.8,189.9,0.0,0,0,X,0.0,0.0,0.0,0.0,0.0,0.0,0.0,0.0,23,0.04196468226055834,34,21,13,0,0,0,0,0,0,0,0,1,0
1e7v,A,579,ARG,-4.5,173.4,1.0,5,0,X,0.0,0.0,0.0,0.0,0.0,0.0,0.0,0.0,26,0.043363505002576956,22,10,12,0,0,0,0,0,0,0,0,1,0
1e7v,A,580,TYR,-1.3,193.6,0.0,1,1,X,0.0,0.0,0.0,0.0,0.0,0.0,0.0,0.0,21,0.035436842797804825,37,9,28,0,0,0,0,0,0,0,0,1,0
1e7v,A,581,GLU,-3.5,138.4,-1.0,1,3,X,0.0,0.0,0.0,0.0,0.0,0.0,0.0,0.0,22,0.034970568550465285,31,14,17,0,0,0,0,0,0,0,0,1,0
1e7v,A,582,SER,-0.8,89.0,0.0,1,1,X,0.0,0.0,0.0,0.0,0.0,0.0,0.0,0.0,28,0.04476232774459557,39,21,18,0,0,0,0,0,0,0,0,1,0
1e7v,A,583,LEU,3.8,166.7,0.0,0,0,X,0.0,0.0,0.0,0.0,0.0,0.0,0.0,0.0,30,0.04616115048661418,36,24,12,0,0,0,0,0,0,0,0,1,0
1e7v,A,584,LYS,-3.9,168.6,1.0,2,0,X,0.0,0.0,0.0,0.0,0.0,0.0,0.0,0.0,21,0.032172923066428064,11,22,-11,0,0,0,0,0,0,0,0,1,0
1e7v,A,585,ASP,-3.5,111.1,-1.0,1,3,X,0.0,0.0,0.0,0.0,0.0,0.0,0.0,0.0,23,0.03590311704514436,21,16,5,0,0,0,0,0,0,0,0,1,0
1e7v,A,586,PRO,-1.6,112.7,0.0,0,0,X,0.0,0.0,0.0,0.0,0.0,0.0,0.0,0.0,29,0.040565859518539735,23,23,0,0,0,0,0,0,0,0,0,1,0
1e7v,A,587,LYS,-3.9,168.6,1.0,2,0,X,0.0,0.0,0.0,0.0,0.0,0.0,0.0,0.0,27,0.03590311704514436,11,17,-6,0,0,0,0,0,0,0,0,1,0
1e7v,A,588,ALA,1.8,88.6,0.0,0,0,X,0.0,0.0,0.0,0.0,0.0,0.0,0.0,0.0,31,0.045228601991935104,26,15,11,0,0,0,0,0,0,0,0,1,0
1e7v,A,589,TYR,-1.3,193.6,0.0,1,1,X,0.0,0.0,0.0,0.0,0.0,0.0,0.0,0.0,36,0.04709369898129325,31,11,20,0,0,0,0,0,0,0,0,1,0
1e7v,A,590,PRO,-1.6,112.7,0.0,0,0,X,0.0,0.0,0.0,0.0,0.0,0.0,0.0,0.0,37,0.045228601991935104,15,9,6,0,0,0,0,0,0,0,0,1,0
1e7v,A,591,LYS,-3.9,168.6,1.0,2,0,X,0.0,0.0,0.0,0.0,0.0,0.0,0.0,0.0,36,0.040565859518539735,14,15,-1,0,0,0,0,0,0,0,0,1,0
1e7v,A,592,LEU,3.8,166.7,0.0,0,0,X,0.0,0.0,0.0,0.0,0.0,0.0,0.0,0.0,38,0.048958795970651406,34,12,22,0,0,0,0,0,0,0,0,1,0
1e7v,A,593,PHE,2.8,189.9,0.0,0,0,X,0.0,0.0,0.0,0.0,0.0,0.0,0.0,0.0,39,0.04196468226055834,19,9,10,0,0,0,0,0,0,0,0,1,0
1e7v,A,594,SER,-0.8,89.0,0.0,1,1,X,0.0,0.0,0.0,0.0,0.0,0.0,0.0,0.0,31,0.040565859518539735,23,6,17,0,0,0,0,0,0,0,0,1,0
1e7v,A,595,SER,-0.8,89.0,0.0,1,1,X,0.0,0.0,0.0,0.0,0.0,0.0,0.0,0.0,31,0.045228601991935104,34,19,15,0,0,0,0,0,0,0,0,1,0
1e7v,A,596,VAL,4.2,140.0,0.0,0,0,X,0.0,0.0,0.0,0.0,0.0,0.0,0.0,0.0,35,0.043363505002576956,31,8,23,0,0,0,0,0,0,0,0,1,0
1e7v,A,597,LYS,-3.9,168.6,1.0,2,0,X,0.0,0.0,0.0,0.0,0.0,0.0,0.0,0.0,24,0.03590311704514436,10,21,-11,0,0,0,0,0,0,0,0,1,0
1e7v,A,598,TRP,-0.9,227.8,0.0,1,0,X,0.0,0.0,0.0,0.0,0.0,0.0,0.0,0.0,37,0.045694876239274644,16,15,1,0,0,0,0,0,0,0,0,1,0
1e7v,A,599,GLY,-0.4,60.1,0.0,0,0,X,0.0,0.0,0.0,0.0,0.0,0.0,0.0,0.0,27,0.045228601991935104,25,17,8,0,0,0,0,0,0,0,0,1,0
1e7v,A,600,GLN,-3.5,143.8,0.0,2,2,X,0.0,0.0,0.0,0.0,0.0,0.0,0.0,0.0,21,0.04103213376587927,31,17,14,0,0,0,0,0,0,0,0,1,0
1e7v,A,601,GLN,-3.5,143.8,0.0,2,2,X,0.0,0.0,0.0,0.0,0.0,0.0,0.0,0.0,27,0.04616115048661418,34,20,14,0,0,0,0,0,0,0,0,1,0
1e7v,A,602,GLU,-3.5,138.4,-1.0,1,3,X,0.0,0.0,0.0,0.0,0.0,0.0,0.0,0.0,20,0.032172923066428064,30,9,21,0,0,0,0,0,0,0,0,1,0
1e7v,A,603,ILE,4.5,166.7,0.0,0,0,X,0.0,0.0,0.0,0.0,0.0,0.0,0.0,0.0,21,0.04429605349725603,27,16,11,0,0,0,0,0,0,0,0,1,0
1e7v,A,604,VAL,4.2,140.0,0.0,0,0,X,0.0,0.0,0.0,0.0,0.0,0.0,0.0,0.0,28,0.048958795970651406,28,21,7,0,0,0,0,0,0,0,0,1,0
1e7v,A,605,ALA,1.8,88.6,0.0,0,0,X,0.0,0.0,0.0,0.0,0.0,0.0,0.0,0.0,23,0.03870076252918159,25,11,14,0,0,0,0,0,0,0,0,1,0
1e7v,A,606,LYS,-3.9,168.6,1.0,2,0,X,0.0,0.0,0.0,0.0,0.0,0.0,0.0,0.0,18,0.040099585271200194,16,9,7,0,0,0,0,0,0,0,0,1,0
1e7v,A,607,THR,-0.7,116.1,0.0,1,1,X,0.0,0.0,0.0,0.0,0.0,0.0,0.0,0.0,27,0.04662742473395372,29,8,21,0,0,0,0,0,0,0,0,1,0
1e7v,A,608,TYR,-1.3,193.6,0.0,1,1,X,0.0,0.0,0.0,0.0,0.0,0.0,0.0,0.0,29,0.03916703677652112,21,17,4,0,0,0,0,0,0,0,0,1,0
1e7v,A,609,GLN,-3.5,143.8,0.0,2,2,X,0.0,0.0,0.0,0.0,0.0,0.0,0.0,0.0,17,0.032172923066428064,32,2,30,0,0,0,0,0,0,0,0,1,0
1e7v,A,610,LEU,3.8,166.7,0.0,0,0,X,0.0,0.0,0.0,0.0,0.0,0.0,0.0,0.0,30,0.043363505002576956,37,4,33,0,0,0,0,0,0,0,0,1,0
1e7v,A,611,LEU,3.8,166.7,0.0,0,0,X,0.0,0.0,0.0,0.0,0.0,0.0,0.0,0.0,29,0.03870076252918159,26,12,14,0,0,0,0,0,0,0,0,1,0
1e7v,A,612,ALA,1.8,88.6,0.0,0,0,X,0.0,0.0,0.0,0.0,0.0,0.0,0.0,0.0,18,0.026577632098353617,22,12,10,0,0,0,0,0,0,0,0,1,0
1e7v,A,613,LYS,-3.9,168.6,1.0,2,0,X,0.0,0.0,0.0,0.0,0.0,0.0,0.0,0.0,16,0.028909003335051305,13,13,0,0,0,0,0,0,0,0,0,1,0
1e7v,A,614,ARG,-4.5,173.4,1.0,5,0,X,0.0,0.0,0.0,0.0,0.0,0.0,0.0,0.0,23,0.03916703677652112,14,17,-3,0,0,0,0,0,0,0,0,1,0
1e7v,A,615,GLU,-3.5,138.4,-1.0,1,3,X,0.0,0.0,0.0,0.0,0.0,0.0,0.0,0.0,13,0.030307826077069916,24,8,16,0,0,0,0,0,0,0,0,1,0
1e7v,A,616,VAL,4.2,140.0,0.0,0,0,X,0.0,0.0,0.0,0.0,0.0,0.0,0.0,0.0,23,0.03870076252918159,31,26,5,0,0,0,0,0,0,0,0,1,0
1e7v,A,617,TRP,-0.9,227.8,0.0,1,0,X,0.0,0.0,0.0,0.0,0.0,0.0,0.0,0.0,34,0.04662742473395372,32,25,7,0,0,0,0,0,0,0,0,1,0
1e7v,A,618,ASP,-3.5,111.1,-1.0,1,3,X,0.0,0.0,0.0,0.0,0.0,0.0,0.0,0.0,20,0.03590311704514436,25,9,16,0,0,0,0,0,0,0,0,1,0
1e7v,A,619,GLN,-3.5,143.8,0.0,2,2,X,0.0,0.0,0.0,0.0,0.0,0.0,0.0,0.0,15,0.025178809356335007,12,17,-5,0,0,0,0,0,0,0,0,1,0
1e7v,A,620,SER,-0.8,89.0,0.0,1,1,X,0.0,0.0,0.0,0.0,0.0,0.0,0.0,0.0,21,0.028909003335051305,19,25,-6,0,0,0,0,0,0,0,0,1,0
1e7v,A,621,ALA,1.8,88.6,0.0,0,0,X,0.0,0.0,0.0,0.0,0.0,0.0,0.0,0.0,15,0.020516066882939634,14,14,0,0,0,0,0,0,0,0,0,1,0
1e7v,A,622,LEU,3.8,166.7,0.0,0,0,X,0.0,0.0,0.0,0.0,0.0,0.0,0.0,0.0,25,0.03170664881908853,10,21,-11,0,0,0,0,0,0,0,0,1,0
1e7v,A,623,ASP,-3.5,111.1,-1.0,1,3,X,0.0,0.0,0.0,0.0,0.0,0.0,0.0,0.0,25,0.030774100324409453,25,0,25,0,0,0,0,0,0,0,0,1,0
1e7v,A,624,VAL,4.2,140.0,0.0,0,0,X,0.0,0.0,0.0,0.0,0.0,0.0,0.0,0.0,32,0.035436842797804825,16,16,0,0,0,0,0,0,0,0,0,1,0
1e7v,A,625,GLY,-0.4,60.1,0.0,0,0,X,0.0,0.0,0.0,0.0,0.0,0.0,0.0,0.0,33,0.04289723075523742,16,9,7,0,0,0,0,0,0,0,0,1,0
1e7v,A,626,LEU,3.8,166.7,0.0,0,0,X,0.0,0.0,0.0,0.0,0.0,0.0,0.0,0.0,31,0.045694876239274644,18,11,7,0,0,0,0,0,0,0,0,1,0
1e7v,A,627,THR,-0.7,116.1,0.0,1,1,X,0.0,0.0,0.0,0.0,0.0,0.0,0.0,0.0,36,0.04989134446533048,15,14,1,0,0,0,0,0,0,0,0,1,0
1e7v,A,628,MET,1.9,162.9,0.0,0,0,X,0.0,0.0,0.0,0.0,0.0,0.0,0.0,0.0,40,0.04429605349725603,5,15,-10,0,0,0,0,0,0,0,0,1,0
1e7v,A,629,GLN,-3.5,143.8,0.0,2,2,X,0.0,0.0,0.0,0.0,0.0,0.0,0.0,0.0,38,0.043829779249916496,15,18,-3,0,0,0,0,0,0,0,0,1,0
1e7v,A,630,LEU,3.8,166.7,0.0,0,0,X,0.0,0.0,0.0,0.0,0.0,0.0,0.0,0.0,40,0.05408781269138631,17,19,-2,0,0,0,0,0,0,0,0,1,0
1e7v,A,631,LEU,3.8,166.7,0.0,0,0,X,0.0,0.0,0.0,0.0,0.0,0.0,0.0,0.0,41,0.05408781269138631,15,21,-6,0,0,0,0,0,0,0,0,1,0
1e7v,A,632,ASP,-3.5,111.1,-1.0,1,3,X,0.0,0.0,0.0,0.0,0.0,0.0,0.0,0.0,39,0.045228601991935104,14,6,8,0,0,0,0,0,0,0,0,1,0
1e7v,A,633,CYS,2.5,108.5,0.0,1,0,X,0.0,0.0,0.0,0.0,0.0,0.0,0.0,0.0,33,0.040099585271200194,11,14,-3,0,0,0,0,0,0,0,0,1,0
1e7v,A,634,ASN,-3.5,114.1,0.0,2,2,X,0.0,0.0,0.0,0.0,0.0,0.0,0.0,0.0,29,0.03683566553982344,9,9,0,0,0,0,0,0,0,0,0,1,0
1e7v,A,635,PHE,2.8,189.9,0.0,0,0,X,0.0,0.0,0.0,0.0,0.0,0.0,0.0,0.0,37,0.050823892960009553,15,25,-10,0,0,0,0,0,0,0,0,1,0
1e7v,A,636,SER,-0.8,89.0,0.0,1,1,X,0.0,0.0,0.0,0.0,0.0,0.0,0.0,0.0,32,0.04942507021799094,21,32,-11,0,0,0,0,0,0,0,0,1,0
1e7v,A,637,ASP,-3.5,111.1,-1.0,1,3,X,0.0,0.0,0.0,0.0,0.0,0.0,0.0,0.0,30,0.048026247475972325,21,15,6,0,0,0,0,0,0,0,0,1,0
1e7v,A,638,GLU,-3.5,138.4,-1.0,1,3,X,0.0,0.0,0.0,0.0,0.0,0.0,0.0,0.0,28,0.03870076252918159,21,22,-1,0,0,0,0,0,0,0,0,1,0
1e7v,A,639,ASN,-3.5,114.1,0.0,2,2,X,0.0,0.0,0.0,0.0,0.0,0.0,0.0,0.0,27,0.03310547156110714,25,18,7,0,0,0,0,0,0,0,0,1,0
1e7v,A,640,VAL,4.2,140.0,0.0,0,0,X,0.0,0.0,0.0,0.0,0.0,0.0,0.0,0.0,33,0.045228601991935104,16,21,-5,0,0,0,0,0,0,0,0,1,0
1e7v,A,641,ARG,-4.5,173.4,1.0,5,0,X,0.0,0.0,0.0,0.0,0.0,0.0,0.0,0.0,38,0.04755997322863279,2,35,-33,0,0,0,0,0,0,0,0,1,0
1e7v,A,642,ALA,1.8,88.6,0.0,0,0,X,0.0,0.0,0.0,0.0,0.0,0.0,0.0,0.0,29,0.040565859518539735,23,26,-3,0,0,0,0,0,0,0,0,1,0
1e7v,A,643,ILE,4.5,166.7,0.0,0,0,X,0.0,0.0,0.0,0.0,0.0,0.0,0.0,0.0,31,0.043363505002576956,28,17,11,0,0,0,0,0,0,0,0,1,0
1e7v,A,644,ALA,1.8,88.6,0.0,0,0,X,0.0,0.0,0.0,0.0,0.0,0.0,0.0,0.0,39,0.04989134446533048,25,19,6,0,0,0,0,0,0,0,0,1,0
1e7v,A,645,VAL,4.2,140.0,0.0,0,0,X,0.0,0.0,0.0,0.0,0.0,0.0,0.0,0.0,32,0.04616115048661418,33,15,18,0,0,0,0,0,0,0,0,1,0
1e7v,A,646,GLN,-3.5,143.8,0.0,2,2,X,0.0,0.0,0.0,0.0,0.0,0.0,0.0,0.0,24,0.03916703677652112,22,17,5,0,0,0,0,0,0,0,0,1,0
1e7v,A,647,LYS,-3.9,168.6,1.0,2,0,X,0.0,0.0,0.0,0.0,0.0,0.0,0.0,0.0,29,0.04709369898129325,8,24,-16,0,0,0,0,0,0,0,0,1,0
1e7v,A,648,LEU,3.8,166.7,0.0,0,0,X,0.0,0.0,0.0,0.0,0.0,0.0,0.0,0.0,30,0.04429605349725603,20,23,-3,0,0,0,0,0,0,0,0,1,0
1e7v,A,649,GLU,-3.5,138.4,-1.0,1,3,X,0.0,0.0,0.0,0.0,0.0,0.0,0.0,0.0,24,0.03730193978716297,34,6,28,0,0,0,0,0,0,0,0,1,0
1e7v,A,650,SER,-0.8,89.0,0.0,1,1,X,0.0,0.0,0.0,0.0,0.0,0.0,0.0,0.0,23,0.029375277582390842,16,31,-15,0,0,0,0,0,0,0,0,1,0
1e7v,A,651,LEU,3.8,166.7,0.0,0,0,X,0.0,0.0,0.0,0.0,0.0,0.0,0.0,0.0,27,0.035436842797804825,24,45,-21,0,0,0,0,0,0,0,0,1,0
1e7v,A,652,GLU,-3.5,138.4,-1.0,1,3,X,0.0,0.0,0.0,0.0,0.0,0.0,0.0,0.0,26,0.03403802005578621,21,27,-6,0,0,0,0,0,0,0,0,1,0
1e7v,A,653,ASP,-3.5,111.1,-1.0,1,3,X,0.0,0.0,0.0,0.0,0.0,0.0,0.0,0.0,30,0.04103213376587927,46,27,19,0,0,0,0,0,0,0,0,1,0
1e7v,A,654,ASP,-3.5,111.1,-1.0,1,3,X,0.0,0.0,0.0,0.0,0.0,0.0,0.0,0.0,26,0.04616115048661418,28,28,0,0,0,0,0,0,0,0,0,1,0
1e7v,A,655,ASP,-3.5,111.1,-1.0,1,3,X,0.0,0.0,0.0,0.0,0.0,0.0,0.0,0.0,29,0.040099585271200194,22,28,-6,0,0,0,0,0,0,0,0,1,0
1e7v,A,656,VAL,4.2,140.0,0.0,0,0,X,0.0,0.0,0.0,0.0,0.0,0.0,0.0,0.0,35,0.04709369898129325,30,37,-7,0,0,0,0,0,0,0,0,1,0
1e7v,A,657,LEU,3.8,166.7,0.0,0,0,X,0.0,0.0,0.0,0.0,0.0,0.0,0.0,0.0,31,0.045228601991935104,41,30,11,0,0,0,0,0,0,0,0,1,0
1e7v,A,658,HIS,-3.2,153.2,0.1,2,1,X,0.0,0.0,0.0,0.0,0.0,0.0,0.0,0.0,34,0.043363505002576956,18,34,-16,0,0,0,0,0,0,0,0,1,0
1e7v,A,659,TYR,-1.3,193.6,0.0,1,1,X,0.0,0.0,0.0,0.0,0.0,0.0,0.0,0.0,34,0.045228601991935104,18,19,-1,0,0,0,0,0,0,0,0,1,0
1e7v,A,660,LEU,3.8,166.7,0.0,0,0,X,0.0,0.0,0.0,0.0,0.0,0.0,0.0,0.0,37,0.04616115048661418,19,11,8,0,0,0,0,0,0,0,0,1,0
1e7v,A,661,LEU,3.8,166.7,0.0,0,0,X,0.0,0.0,0.0,0.0,0.0,0.0,0.0,0.0,40,0.045228601991935104,14,8,6,0,0,0,0,0,0,0,0,1,0
1e7v,A,662,GLN,-3.5,143.8,0.0,2,2,X,0.0,0.0,0.0,0.0,0.0,0.0,0.0,0.0,39,0.045228601991935104,8,2,6,0,0,0,0,0,0,0,0,1,0
1e7v,A,663,LEU,3.8,166.7,0.0,0,0,X,0.0,0.0,0.0,0.0,0.0,0.0,0.0,0.0,42,0.040565859518539735,8,5,3,0,0,0,0,0,0,0,0,1,0
1e7v,A,664,VAL,4.2,140.0,0.0,0,0,X,0.0,0.0,0.0,0.0,0.0,0.0,0.0,0.0,37,0.048026247475972325,10,8,2,0,0,0,0,0,0,0,0,1,0
1e7v,A,665,GLN,-3.5,143.8,0.0,2,2,X,0.0,0.0,0.0,0.0,0.0,0.0,0.0,0.0,36,0.04709369898129325,18,11,7,0,0,0,0,0,0,0,0,1,0
1e7v,A,666,ALA,1.8,88.6,0.0,0,0,X,0.0,0.0,0.0,0.0,0.0,0.0,0.0,0.0,41,0.05035761871267001,21,18,3,0,0,0,0,0,0,0,0,1,0
1e7v,A,667,VAL,4.2,140.0,0.0,0,0,X,0.0,0.0,0.0,0.0,0.0,0.0,0.0,0.0,34,0.05035761871267001,35,21,14,0,0,0,0,0,0,0,0,1,0
1e7v,A,668,LYS,-3.9,168.6,1.0,2,0,X,0.0,0.0,0.0,0.0,0.0,0.0,0.0,0.0,38,0.04755997322863279,25,28,-3,0,0,0,0,0,0,0,0,1,0
1e7v,A,669,PHE,2.8,189.9,0.0,0,0,X,0.0,0.0,0.0,0.0,0.0,0.0,0.0,0.0,40,0.048492521723311866,23,21,2,0,0,0,0,0,0,0,0,1,0
1e7v,A,670,GLU,-3.5,138.4,-1.0,1,3,X,0.0,0.0,0.0,0.0,0.0,0.0,0.0,0.0,38,0.04429605349725603,36,24,12,0,0,0,0,0,0,0,0,1,0
1e7v,A,671,PRO,-1.6,112.7,0.0,0,0,X,0.0,0.0,0.0,0.0,0.0,0.0,0.0,0.0,39,0.045694876239274644,41,36,5,0,0,0,0,0,0,0,0,1,0
1e7v,A,672,TYR,-1.3,193.6,0.0,1,1,X,0.0,0.0,0.0,0.0,0.0,0.0,0.0,0.0,36,0.03916703677652112,47,48,-1,0,0,0,0,0,0,0,0,1,0
1e7v,A,673,HIS,-3.2,153.2,0.1,2,1,X,0.0,0.0,0.0,0.0,0.0,0.0,0.0,0.0,34,0.04662742473395372,28,36,-8,0,0,0,0,0,0,0,0,1,0
1e7v,A,674,ASP,-3.5,111.1,-1.0,1,3,X,0.0,0.0,0.0,0.0,0.0,0.0,0.0,0.0,29,0.04709369898129325,62,23,39,0,0,0,0,0,0,0,0,1,0
1e7v,A,675,SER,-0.8,89.0,0.0,1,1,X,0.0,0.0,0.0,0.0,0.0,0.0,0.0,0.0,30,0.034970568550465285,47,28,19,0,0,0,0,0,0,0,0,1,0
1e7v,A,676,ALA,1.8,88.6,0.0,0,0,X,0.0,0.0,0.0,0.0,0.0,0.0,0.0,0.0,33,0.03590311704514436,33,30,3,0,0,0,0,0,0,0,0,1,0
1e7v,A,677,LEU,3.8,166.7,0.0,0,0,X,0.0,0.0,0.0,0.0,0.0,0.0,0.0,0.0,41,0.045228601991935104,35,22,13,0,0,0,0,0,0,0,0,1,0
1e7v,A,678,ALA,1.8,88.6,0.0,0,0,X,0.0,0.0,0.0,0.0,0.0,0.0,0.0,0.0,37,0.04476232774459557,41,16,25,0,0,0,0,0,0,0,0,1,0
1e7v,A,679,ARG,-4.5,173.4,1.0,5,0,X,0.0,0.0,0.0,0.0,0.0,0.0,0.0,0.0,29,0.043829779249916496,31,15,16,0,0,0,0,0,0,0,0,1,0
1e7v,A,680,PHE,2.8,189.9,0.0,0,0,X,0.0,0.0,0.0,0.0,0.0,0.0,0.0,0.0,34,0.04103213376587927,38,13,25,0,0,0,0,0,0,0,0,1,0
1e7v,A,681,LEU,3.8,166.7,0.0,0,0,X,0.0,0.0,0.0,0.0,0.0,0.0,0.0,0.0,38,0.045228601991935104,27,3,24,0,0,0,0,0,0,0,0,1,0
1e7v,A,682,LEU,3.8,166.7,0.0,0,0,X,0.0,0.0,0.0,0.0,0.0,0.0,0.0,0.0,41,0.05035761871267001,52,14,38,0,0,0,0,0,0,0,0,1,0
1e7v,A,683,LYS,-3.9,168.6,1.0,2,0,X,0.0,0.0,0.0,0.0,0.0,0.0,0.0,0.0,31,0.04616115048661418,40,19,21,0,0,0,0,0,0,0,0,1,0
1e7v,A,684,ARG,-4.5,173.4,1.0,5,0,X,0.0,0.0,0.0,0.0,0.0,0.0,0.0,0.0,31,0.05035761871267001,26,37,-11,0,0,0,0,0,0,0,0,1,0
1e7v,A,685,GLY,-0.4,60.1,0.0,0,0,X,0.0,0.0,0.0,0.0,0.0,0.0,0.0,0.0,39,0.05455408693872585,60,14,46,0,0,0,0,0,0,0,0,1,0
1e7v,A,686,LEU,3.8,166.7,0.0,0,0,X,0.0,0.0,0.0,0.0,0.0,0.0,0.0,0.0,43,0.05595290968074446,64,12,52,0,0,0,0,0,0,0,0,1,0
1e7v,A,687,ARG,-4.5,173.4,1.0,5,0,X,0.0,0.0,0.0,0.0,0.0,0.0,0.0,0.0,31,0.04662742473395372,38,27,11,0,0,0,0,0,0,0,0,1,0
1e7v,A,688,ASN,-3.5,114.1,0.0,2,2,X,0.0,0.0,0.0,0.0,0.0,0.0,0.0,0.0,34,0.048026247475972325,67,17,50,0,0,0,0,0,0,0,0,1,0
1e7v,A,689,LYS,-3.9,168.6,1.0,2,0,X,0.0,0.0,0.0,0.0,0.0,0.0,0.0,0.0,39,0.048026247475972325,51,19,32,0,0,0,0,0,0,0,0,1,0
1e7v,A,690,ARG,-4.5,173.4,1.0,5,0,X,0.0,0.0,0.0,0.0,0.0,0.0,0.0,0.0,36,0.045694876239274644,34,29,5,0,0,0,0,0,0,0,0,1,0
1e7v,A,691,ILE,4.5,166.7,0.0,0,0,X,0.0,0.0,0.0,0.0,0.0,0.0,0.0,0.0,38,0.048958795970651406,58,18,40,0,0,0,0,0,0,0,0,1,0
1e7v,A,692,GLY,-0.4,60.1,0.0,0,0,X,0.0,0.0,0.0,0.0,0.0,0.0,0.0,0.0,38,0.053621538444046775,45,1,44,0,0,0,0,0,0,0,0,1,0
1e7v,A,693,HIS,-3.2,153.2,0.1,2,1,X,0.0,0.0,0.0,0.0,0.0,0.0,0.0,0.0,32,0.05035761871267001,35,12,23,0,0,0,0,0,0,0,0,1,0
1e7v,A,694,PHE,2.8,189.9,0.0,0,0,X,0.0,0.0,0.0,0.0,0.0,0.0,0.0,0.0,34,0.04755997322863279,32,6,26,0,0,0,0,0,0,0,0,1,0
1e7v,A,695,LEU,3.8,166.7,0.0,0,0,X,0.0,0.0,0.0,0.0,0.0,0.0,0.0,0.0,41,0.05035761871267001,32,1,31,0,0,0,0,0,0,0,0,1,0
1e7v,A,696,PHE,2.8,189.9,0.0,0,0,X,0.0,0.0,0.0,0.0,0.0,0.0,0.0,0.0,40,0.05222271570202816,23,9,14,0,0,0,0,0,0,0,0,1,0
1e7v,A,697,TRP,-0.9,227.8,0.0,1,0,X,0.0,0.0,0.0,0.0,0.0,0.0,0.0,0.0,39,0.053155264196707235,25,4,21,0,0,0,0,0,0,0,0,1,0
1e7v,A,698,PHE,2.8,189.9,0.0,0,0,X,0.0,0.0,0.0,0.0,0.0,0.0,0.0,0.0,36,0.05129016720734909,24,8,16,0,0,0,0,0,0,0,0,1,0
1e7v,A,699,LEU,3.8,166.7,0.0,0,0,X,0.0,0.0,0.0,0.0,0.0,0.0,0.0,0.0,41,0.04755997322863279,20,11,9,0,0,0,0,0,0,0,0,1,0
1e7v,A,700,ARG,-4.5,173.4,1.0,5,0,X,0.0,0.0,0.0,0.0,0.0,0.0,0.0,0.0,38,0.05129016720734909,1,11,-10,0,0,0,0,0,0,0,0,1,0
1e7v,A,701,SER,-0.8,89.0,0.0,1,1,X,0.0,0.0,0.0,0.0,0.0,0.0,0.0,0.0,40,0.04989134446533048,26,16,10,0,0,0,0,0,0,0,0,1,0
1e7v,A,702,GLU,-3.5,138.4,-1.0,1,3,X,0.0,0.0,0.0,0.0,0.0,0.0,0.0,0.0,37,0.04942507021799094,40,8,32,0,0,0,0,0,0,0,0,1,0
1e7v,A,703,ILE,4.5,166.7,0.0,0,0,X,0.0,0.0,0.0,0.0,0.0,0.0,0.0,0.0,38,0.05129016720734909,31,14,17,0,0,0,0,0,0,0,0,1,0
1e7v,A,704,ALA,1.8,88.6,0.0,0,0,X,0.0,0.0,0.0,0.0,0.0,0.0,0.0,0.0,29,0.03776821403450251,27,18,9,0,0,0,0,0,0,0,0,1,0
1e7v,A,705,GLN,-3.5,143.8,0.0,2,2,X,0.0,0.0,0.0,0.0,0.0,0.0,0.0,0.0,33,0.03683566553982344,39,29,10,0,0,0,0,0,0,0,0,1,0
1e7v,A,706,SER,-0.8,89.0,0.0,1,1,X,0.0,0.0,0.0,0.0,0.0,0.0,0.0,0.0,31,0.04196468226055834,40,24,16,0,0,0,0,0,0,0,0,1,0
1e7v,A,707,ARG,-4.5,173.4,1.0,5,0,X,0.0,0.0,0.0,0.0,0.0,0.0,0.0,0.0,24,0.040099585271200194,13,19,-6,0,0,0,0,0,0,0,0,1,0
1e7v,A,708,HIS,-3.2,153.2,0.1,2,1,X,0.0,0.0,0.0,0.0,0.0,0.0,0.0,0.0,30,0.04755997322863279,30,14,16,0,0,0,0,0,0,0,0,1,0
1e7v,A,709,TYR,-1.3,193.6,0.0,1,1,X,0.0,0.0,0.0,0.0,0.0,0.0,0.0,0.0,39,0.05129016720734909,49,22,27,0,0,0,0,0,0,0,0,1,0
1e7v,A,710,GLN,-3.5,143.8,0.0,2,2,X,0.0,0.0,0.0,0.0,0.0,0.0,0.0,0.0,32,0.04942507021799094,32,15,17,0,0,0,0,0,0,0,0,1,0
1e7v,A,711,GLN,-3.5,143.8,0.0,2,2,X,0.0,0.0,0.0,0.0,0.0,0.0,0.0,0.0,35,0.04709369898129325,33,23,10,0,0,0,0,0,0,0,0,1,0
1e7v,A,712,ARG,-4.5,173.4,1.0,5,0,X,0.0,0.0,0.0,0.0,0.0,0.0,0.0,0.0,39,0.04709369898129325,26,25,1,0,0,0,0,0,0,0,0,1,0
1e7v,A,713,PHE,2.8,189.9,0.0,0,0,X,0.0,0.0,0.0,0.0,0.0,0.0,0.0,0.0,39,0.04709369898129325,42,10,32,0,0,0,0,0,0,0,0,1,0
1e7v,A,714,ALA,1.8,88.6,0.0,0,0,X,0.0,0.0,0.0,0.0,0.0,0.0,0.0,0.0,36,0.05548663543340492,28,22,6,0,0,0,0,0,0,0,0,1,0
1e7v,A,715,VAL,4.2,140.0,0.0,0,0,X,0.0,0.0,0.0,0.0,0.0,0.0,0.0,0.0,39,0.04989134446533048,39,26,13,0,0,0,0,0,0,0,0,1,0
1e7v,A,716,ILE,4.5,166.7,0.0,0,0,X,0.0,0.0,0.0,0.0,0.0,0.0,0.0,0.0,37,0.04662742473395372,33,14,19,0,0,0,0,0,0,0,0,1,0
1e7v,A,717,LEU,3.8,166.7,0.0,0,0,X,0.0,0.0,0.0,0.0,0.0,0.0,0.0,0.0,41,0.04942507021799094,21,9,12,0,0,0,0,0,0,0,0,1,0
1e7v,A,718,GLU,-3.5,138.4,-1.0,1,3,X,0.0,0.0,0.0,0.0,0.0,0.0,0.0,0.0,41,0.04755997322863279,34,8,26,0,0,0,0,0,0,0,0,1,0
1e7v,A,719,ALA,1.8,88.6,0.0,0,0,X,0.0,0.0,0.0,0.0,0.0,0.0,0.0,0.0,42,0.04942507021799094,47,13,34,0,0,0,0,0,0,0,0,1,0
1e7v,A,720,TYR,-1.3,193.6,0.0,1,1,X,0.0,0.0,0.0,0.0,0.0,0.0,0.0,0.0,43,0.048026247475972325,47,8,39,0,0,0,0,0,0,0,0,1,0
1e7v,A,721,LEU,3.8,166.7,0.0,0,0,X,0.0,0.0,0.0,0.0,0.0,0.0,0.0,0.0,38,0.04989134446533048,20,9,11,0,0,0,0,0,0,0,0,1,0
1e7v,A,722,ARG,-4.5,173.4,1.0,5,0,X,0.0,0.0,0.0,0.0,0.0,0.0,0.0,0.0,34,0.04429605349725603,37,19,18,0,0,0,0,0,0,0,0,1,0
1e7v,A,723,GLY,-0.4,60.1,0.0,0,0,X,0.0,0.0,0.0,0.0,0.0,0.0,0.0,0.0,40,0.04755997322863279,42,27,15,0,0,0,0,0,0,0,0,1,0
1e7v,A,724,CYS,2.5,108.5,0.0,1,0,X,0.0,0.0,0.0,0.0,0.0,0.0,0.0,0.0,39,0.053621538444046775,38,22,16,0,0,0,0,0,0,0,0,1,0
1e7v,A,725,GLY,-0.4,60.1,0.0,0,0,X,0.0,0.0,0.0,0.0,0.0,0.0,0.0,0.0,32,0.045228601991935104,30,23,7,0,0,0,0,0,0,0,0,1,0
1e7v,A,726,THR,-0.7,116.1,0.0,1,1,X,0.0,0.0,0.0,0.0,0.0,0.0,0.0,0.0,26,0.03590311704514436,25,25,0,0,0,0,0,0,0,0,0,1,0
1e7v,A,727,ALA,1.8,88.6,0.0,0,0,X,0.0,0.0,0.0,0.0,0.0,0.0,0.0,0.0,28,0.0363693912924839,23,23,0,0,0,0,0,0,0,0,0,1,0
1e7v,A,728,MET,1.9,162.9,0.0,0,0,X,0.0,0.0,0.0,0.0,0.0,0.0,0.0,0.0,37,0.04103213376587927,49,20,29,0,0,0,0,0,0,0,0,1,0
1e7v,A,729,LEU,3.8,166.7,0.0,0,0,X,0.0,0.0,0.0,0.0,0.0,0.0,0.0,0.0,31,0.04476232774459557,22,19,3,0,0,0,0,0,0,0,0,1,0
1e7v,A,730,HIS,-3.2,153.2,0.1,2,1,X,0.0,0.0,0.0,0.0,0.0,0.0,0.0,0.0,22,0.034970568550465285,8,8,0,0,0,0,0,0,0,0,0,1,0
1e7v,A,731,ASP,-3.5,111.1,-1.0,1,3,X,0.0,0.0,0.0,0.0,0.0,0.0,0.0,0.0,32,0.043829779249916496,38,2,36,0,0,0,0,0,0,0,0,1,0
1e7v,A,732,PHE,2.8,189.9,0.0,0,0,X,0.0,0.0,0.0,0.0,0.0,0.0,0.0,0.0,34,0.048958795970651406,39,8,31,0,0,0,0,0,0,0,0,1,0
1e7v,A,733,THR,-0.7,116.1,0.0,1,1,X,0.0,0.0,0.0,0.0,0.0,0.0,0.0,0.0,29,0.040099585271200194,17,12,5,0,0,0,0,0,0,0,0,1,0
1e7v,A,734,GLN,-3.5,143.8,0.0,2,2,X,0.0,0.0,0.0,0.0,0.0,0.0,0.0,0.0,26,0.04755997322863279,21,10,11,0,0,0,0,0,0,0,0,1,0
1e7v,A,735,GLN,-3.5,143.8,0.0,2,2,X,0.0,0.0,0.0,0.0,0.0,0.0,0.0,0.0,36,0.0526889899493677,38,16,22,0,0,0,0,0,0,0,0,1,0
1e7v,A,736,VAL,4.2,140.0,0.0,0,0,X,0.0,0.0,0.0,0.0,0.0,0.0,0.0,0.0,30,0.04616115048661418,11,13,-2,0,0,0,0,0,0,0,0,1,0
1e7v,A,737,GLN,-3.5,143.8,0.0,2,2,X,0.0,0.0,0.0,0.0,0.0,0.0,0.0,0.0,26,0.040565859518539735,5,11,-6,0,0,0,0,0,0,0,0,1,0
1e7v,A,738,VAL,4.2,140.0,0.0,0,0,X,0.0,0.0,0.0,0.0,0.0,0.0,0.0,0.0,36,0.04662742473395372,5,10,-5,0,0,0,0,0,0,0,0,1,0
1e7v,A,739,ILE,4.5,166.7,0.0,0,0,X,0.0,0.0,0.0,0.0,0.0,0.0,0.0,0.0,35,0.04289723075523742,11,9,2,0,0,0,0,0,0,0,0,1,0
1e7v,A,740,ASP,-3.5,111.1,-1.0,1,3,X,0.0,0.0,0.0,0.0,0.0,0.0,0.0,0.0,26,0.03403802005578621,13,0,13,0,0,0,0,0,0,0,0,1,0
1e7v,A,741,MET,1.9,162.9,0.0,0,0,X,0.0,0.0,0.0,0.0,0.0,0.0,0.0,0.0,28,0.03730193978716297,13,9,4,0,0,0,0,0,0,0,0,1,0
1e7v,A,742,LEU,3.8,166.7,0.0,0,0,X,0.0,0.0,0.0,0.0,0.0,0.0,0.0,0.0,36,0.04149840801321881,14,12,2,0,0,0,0,0,0,0,0,1,0
1e7v,A,743,GLN,-3.5,143.8,0.0,2,2,X,0.0,0.0,0.0,0.0,0.0,0.0,0.0,0.0,31,0.04196468226055834,23,18,5,0,0,0,0,0,0,0,0,1,0
1e7v,A,744,LYS,-3.9,168.6,1.0,2,0,X,0.0,0.0,0.0,0.0,0.0,0.0,0.0,0.0,18,0.03450429430312575,9,15,-6,0,0,0,0,0,0,0,0,1,0
1e7v,A,745,VAL,4.2,140.0,0.0,0,0,X,0.0,0.0,0.0,0.0,0.0,0.0,0.0,0.0,35,0.040565859518539735,31,13,18,0,0,0,0,0,0,0,0,1,0
1e7v,A,746,THR,-0.7,116.1,0.0,1,1,X,0.0,0.0,0.0,0.0,0.0,0.0,0.0,0.0,37,0.050823892960009553,53,10,43,0,0,0,0,0,0,0,0,1,0
1e7v,A,747,ILE,4.5,166.7,0.0,0,0,X,0.0,0.0,0.0,0.0,0.0,0.0,0.0,0.0,25,0.040099585271200194,45,11,34,0,0,0,0,0,0,0,0,1,0
1e7v,A,748,ASP,-3.5,111.1,-1.0,1,3,X,0.0,0.0,0.0,0.0,0.0,0.0,0.0,0.0,20,0.03310547156110714,29,1,28,0,0,0,0,0,0,0,0,1,0
1e7v,A,749,ILE,4.5,166.7,0.0,0,0,X,0.0,0.0,0.0,0.0,0.0,0.0,0.0,0.0,33,0.045228601991935104,38,8,30,0,0,0,0,0,0,0,0,1,0
1e7v,A,750,LYS,-3.9,168.6,1.0,2,0,X,0.0,0.0,0.0,0.0,0.0,0.0,0.0,0.0,28,0.04243095650789788,39,10,29,0,0,0,0,0,0,0,0,1,0
1e7v,A,751,SER,-0.8,89.0,0.0,1,1,X,0.0,0.0,0.0,0.0,0.0,0.0,0.0,0.0,19,0.026577632098353617,29,9,20,0,0,0,0,0,0,0,0,1,0
1e7v,A,752,LEU,3.8,166.7,0.0,0,0,X,0.0,0.0,0.0,0.0,0.0,0.0,0.0,0.0,22,0.026577632098353617,20,13,7,0,0,0,0,0,0,0,0,1,0
1e7v,A,753,SER,-0.8,89.0,0.0,1,1,X,0.0,0.0,0.0,0.0,0.0,0.0,0.0,0.0,21,0.02984155182973038,34,19,15,0,0,0,0,0,0,0,0,1,0
1e7v,A,754,ALA,1.8,88.6,0.0,0,0,X,0.0,0.0,0.0,0.0,0.0,0.0,0.0,0.0,17,0.03170664881908853,42,14,28,0,0,0,0,0,0,0,0,1,0
1e7v,A,755,GLU,-3.5,138.4,-1.0,1,3,X,0.0,0.0,0.0,0.0,0.0,0.0,0.0,0.0,10,0.02144861537761871,18,3,15,0,0,0,0,0,0,0,0,1,0
1e7v,A,756,LYS,-3.9,168.6,1.0,2,0,X,0.0,0.0,0.0,0.0,0.0,0.0,0.0,0.0,10,0.026577632098353617,10,17,-7,0,0,0,0,0,0,0,0,1,0
1e7v,A,757,TYR,-1.3,193.6,0.0,1,1,X,0.0,0.0,0.0,0.0,0.0,0.0,0.0,0.0,14,0.0363693912924839,28,16,12,0,0,0,0,0,0,0,0,1,0
1e7v,A,758,ASP,-3.5,111.1,-1.0,1,3,X,0.0,0.0,0.0,0.0,0.0,0.0,0.0,0.0,17,0.025645083603674543,13,4,9,0,0,0,0,0,0,0,0,1,0
1e7v,A,759,VAL,4.2,140.0,0.0,0,0,X,0.0,0.0,0.0,0.0,0.0,0.0,0.0,0.0,20,0.03357174580844668,20,8,12,0,0,0,0,0,0,0,0,1,0
1e7v,A,760,SER,-0.8,89.0,0.0,1,1,X,0.0,0.0,0.0,0.0,0.0,0.0,0.0,0.0,17,0.027043906345693154,6,8,-2,0,0,0,0,0,0,0,0,1,0
1e7v,A,761,SER,-0.8,89.0,0.0,1,1,X,0.0,0.0,0.0,0.0,0.0,0.0,0.0,0.0,11,0.022847438119637322,2,7,-5,0,0,0,0,0,0,0,0,1,0
1e7v,A,762,GLN,-3.5,143.8,0.0,2,2,X,0.0,0.0,0.0,0.0,0.0,0.0,0.0,0.0,13,0.02471253510899547,1,3,-2,0,0,0,0,0,0,0,0,1,0
1e7v,A,763,VAL,4.2,140.0,0.0,0,0,X,0.0,0.0,0.0,0.0,0.0,0.0,0.0,0.0,25,0.03870076252918159,28,8,20,0,0,0,0,0,0,0,0,1,0
1e7v,A,764,ILE,4.5,166.7,0.0,0,0,X,0.0,0.0,0.0,0.0,0.0,0.0,0.0,0.0,23,0.03870076252918159,19,4,15,0,0,0,0,0,0,0,0,1,0
1e7v,A,765,SER,-0.8,89.0,0.0,1,1,X,0.0,0.0,0.0,0.0,0.0,0.0,0.0,0.0,19,0.030307826077069916,17,5,12,0,0,0,0,0,0,0,0,1,0
1e7v,A,766,GLN,-3.5,143.8,0.0,2,2,X,0.0,0.0,0.0,0.0,0.0,0.0,0.0,0.0,21,0.034970568550465285,18,6,12,0,0,0,0,0,0,0,0,1,0
1e7v,A,767,LEU,3.8,166.7,0.0,0,0,X,0.0,0.0,0.0,0.0,0.0,0.0,0.0,0.0,34,0.045694876239274644,28,16,12,0,0,0,0,0,0,0,0,1,0
1e7v,A,768,LYS,-3.9,168.6,1.0,2,0,X,0.0,0.0,0.0,0.0,0.0,0.0,0.0,0.0,25,0.043363505002576956,18,17,1,0,0,0,0,0,0,0,0,1,0
1e7v,A,769,GLN,-3.5,143.8,0.0,2,2,X,0.0,0.0,0.0,0.0,0.0,0.0,0.0,0.0,17,0.03590311704514436,18,9,9,0,0,0,0,0,0,0,0,1,0
1e7v,A,770,LYS,-3.9,168.6,1.0,2,0,X,0.0,0.0,0.0,0.0,0.0,0.0,0.0,0.0,28,0.0363693912924839,15,17,-2,0,0,0,0,0,0,0,0,1,0
1e7v,A,771,LEU,3.8,166.7,0.0,0,0,X,0.0,0.0,0.0,0.0,0.0,0.0,0.0,0.0,32,0.04476232774459557,21,14,7,0,0,0,0,0,0,0,0,1,0
1e7v,A,772,GLU,-3.5,138.4,-1.0,1,3,X,0.0,0.0,0.0,0.0,0.0,0.0,0.0,0.0,19,0.03590311704514436,14,3,11,0,0,0,0,0,0,0,0,1,0
1e7v,A,773,ASN,-3.5,114.1,0.0,2,2,X,0.0,0.0,0.0,0.0,0.0,0.0,0.0,0.0,17,0.030307826077069916,13,9,4,0,0,0,0,0,0,0,0,1,0
1e7v,A,774,LEU,3.8,166.7,0.0,0,0,X,0.0,0.0,0.0,0.0,0.0,0.0,0.0,0.0,24,0.03823448828184205,19,10,9,0,0,0,0,0,0,0,0,1,0
1e7v,A,775,GLN,-3.5,143.8,0.0,2,2,X,0.0,0.0,0.0,0.0,0.0,0.0,0.0,0.0,23,0.040099585271200194,5,9,-4,0,0,0,0,0,0,0,0,1,0
1e7v,A,776,ASN,-3.5,114.1,0.0,2,2,X,0.0,0.0,0.0,0.0,0.0,0.0,0.0,0.0,13,0.02844272908771177,3,9,-6,0,0,0,0,0,0,0,0,1,0
1e7v,A,777,LEU,3.8,166.7,0.0,0,0,X,0.0,0.0,0.0,0.0,0.0,0.0,0.0,0.0,11,0.02611135785101408,0,2,-2,0,0,0,0,0,0,0,0,1,0
1e7v,A,778,ASN,-3.5,114.1,0.0,2,2,X,0.0,0.0,0.0,0.0,0.0,0.0,0.0,0.0,15,0.028909003335051305,1,3,-2,0,0,0,0,0,0,0,0,1,0
1e7v,A,779,LEU,3.8,166.7,0.0,0,0,X,0.0,0.0,0.0,0.0,0.0,0.0,0.0,0.0,28,0.040565859518539735,2,6,-4,0,0,0,0,0,0,0,0,1,0
1e7v,A,780,PRO,-1.6,112.7,0.0,0,0,X,0.0,0.0,0.0,0.0,0.0,0.0,0.0,0.0,29,0.03683566553982344,10,4,6,0,0,0,0,0,0,0,0,1,0
1e7v,A,781,GLN,-3.5,143.8,0.0,2,2,X,0.0,0.0,0.0,0.0,0.0,0.0,0.0,0.0,21,0.030774100324409453,6,0,6,0,0,0,0,0,0,0,0,1,0
1e7v,A,782,SER,-0.8,89.0,0.0,1,1,X,0.0,0.0,0.0,0.0,0.0,0.0,0.0,0.0,26,0.03590311704514436,31,11,20,0,0,0,0,0,0,0,0,1,0
1e7v,A,783,PHE,2.8,189.9,0.0,0,0,X,0.0,0.0,0.0,0.0,0.0,0.0,0.0,0.0,37,0.04755997322863279,26,10,16,0,0,0,0,0,0,0,0,1,0
1e7v,A,784,ARG,-4.5,173.4,1.0,5,0,X,0.0,0.0,0.0,0.0,0.0,0.0,0.0,0.0,31,0.04942507021799094,36,26,10,0,0,0,0,0,0,0,0,1,0
1e7v,A,785,VAL,4.2,140.0,0.0,0,0,X,0.0,0.0,0.0,0.0,0.0,0.0,0.0,0.0,35,0.050823892960009553,33,18,15,0,0,0,0,0,0,0,0,1,0
1e7v,A,786,PRO,-1.6,112.7,0.0,0,0,X,0.0,0.0,0.0,0.0,0.0,0.0,0.0,0.0,37,0.04942507021799094,25,14,11,0,0,0,0,0,0,0,0,1,0
1e7v,A,787,TYR,-1.3,193.6,0.0,1,1,X,0.0,0.0,0.0,0.0,0.0,0.0,0.0,0.0,38,0.04616115048661418,20,17,3,0,0,0,0,0,0,0,0,1,0
1e7v,A,788,ASP,-3.5,111.1,-1.0,1,3,X,0.0,0.0,0.0,0.0,0.0,0.0,0.0,0.0,33,0.04103213376587927,42,16,26,0,0,0,0,0,0,0,0,1,0
1e7v,A,789,PRO,-1.6,112.7,0.0,0,0,X,0.0,0.0,0.0,0.0,0.0,0.0,0.0,0.0,29,0.04709369898129325,63,27,36,0,0,0,0,0,0,0,0,1,0
1e7v,A,790,GLY,-0.4,60.1,0.0,0,0,X,0.0,0.0,0.0,0.0,0.0,0.0,0.0,0.0,30,0.04196468226055834,57,32,25,0,0,0,0,0,0,0,0,1,0
1e7v,A,791,LEU,3.8,166.7,0.0,0,0,X,0.0,0.0,0.0,0.0,0.0,0.0,0.0,0.0,33,0.04476232774459557,38,31,7,0,0,0,0,0,0,0,0,1,0
1e7v,A,792,LYS,-3.9,168.6,1.0,2,0,X,0.0,0.0,0.0,0.0,0.0,0.0,0.0,0.0,29,0.048958795970651406,25,29,-4,0,0,0,0,0,0,0,0,1,0
1e7v,A,793,ALA,1.8,88.6,0.0,0,0,X,0.0,0.0,0.0,0.0,0.0,0.0,0.0,0.0,37,0.048026247475972325,26,15,11,0,0,0,0,0,0,0,0,1,0
1e7v,A,794,GLY,-0.4,60.1,0.0,0,0,X,0.0,0.0,0.0,0.0,0.0,0.0,0.0,0.0,25,0.040565859518539735,22,10,12,0,0,0,0,0,0,0,0,1,0
1e7v,A,795,ALA,1.8,88.6,0.0,0,0,X,0.0,0.0,0.0,0.0,0.0,0.0,0.0,0.0,25,0.03730193978716297,11,8,3,0,0,0,0,0,0,0,0,1,0
1e7v,A,796,LEU,3.8,166.7,0.0,0,0,X,0.0,0.0,0.0,0.0,0.0,0.0,0.0,0.0,32,0.03870076252918159,24,26,-2,0,0,0,0,0,0,0,0,1,0
1e7v,A,797,VAL,4.2,140.0,0.0,0,0,X,0.0,0.0,0.0,0.0,0.0,0.0,0.0,0.0,23,0.03823448828184205,25,21,4,0,0,0,0,0,0,0,0,1,0
1e7v,A,798,ILE,4.5,166.7,0.0,0,0,X,0.0,0.0,0.0,0.0,0.0,0.0,0.0,0.0,24,0.03963331102386066,31,26,5,0,0,0,0,0,0,0,0,1,0
1e7v,A,799,GLU,-3.5,138.4,-1.0,1,3,X,0.0,0.0,0.0,0.0,0.0,0.0,0.0,0.0,17,0.02331371236697686,24,13,11,0,0,0,0,0,0,0,0,1,0
1e7v,A,800,LYS,-3.9,168.6,1.0,2,0,X,0.0,0.0,0.0,0.0,0.0,0.0,0.0,0.0,21,0.034970568550465285,19,20,-1,0,0,0,0,0,0,0,0,1,0
1e7v,A,801,CYS,2.5,108.5,0.0,1,0,X,0.0,0.0,0.0,0.0,0.0,0.0,0.0,0.0,29,0.04709369898129325,27,19,8,0,0,0,0,0,0,0,0,1,0
1e7v,A,802,LYS,-3.9,168.6,1.0,2,0,X,0.0,0.0,0.0,0.0,0.0,0.0,0.0,0.0,26,0.043363505002576956,18,11,7,0,0,0,0,0,0,0,0,1,0
1e7v,A,803,VAL,4.2,140.0,0.0,0,0,X,0.0,0.0,0.0,0.0,0.0,0.0,0.0,0.0,34,0.04196468226055834,38,4,34,0,0,0,0,0,0,0,0,1,0
1e7v,A,804,MET,1.9,162.9,0.0,0,0,X,0.0,0.0,0.0,0.0,0.0,0.0,0.0,0.0,23,0.034970568550465285,36,0,36,0,0,0,0,0,0,0,0,1,1
1e7v,A,805,ALA,1.8,88.6,0.0,0,0,X,0.0,0.0,0.0,0.0,0.0,0.0,0.0,0.0,20,0.03124037457174899,38,10,28,0,0,0,0,0,0,0,0,1,0
1e7v,A,806,SER,-0.8,89.0,0.0,1,1,X,0.0,0.0,0.0,0.0,0.0,0.0,0.0,0.0,25,0.032172923066428064,42,14,28,0,0,0,0,0,0,0,0,1,0
1e7v,A,807,LYS,-3.9,168.6,1.0,2,0,X,0.0,0.0,0.0,0.0,0.0,0.0,0.0,0.0,23,0.03357174580844668,30,17,13,0,0,0,0,0,0,0,0,1,0
1e7v,A,808,LYS,-3.9,168.6,1.0,2,0,X,0.0,0.0,0.0,0.0,0.0,0.0,0.0,0.0,26,0.03590311704514436,49,15,34,0,0,0,0,0,0,0,0,1,0
1e7v,A,809,LYS,-3.9,168.6,1.0,2,0,X,0.0,0.0,0.0,0.0,0.0,0.0,0.0,0.0,32,0.04709369898129325,43,13,30,0,0,0,0,0,0,0,0,1,0
1e7v,A,810,PRO,-1.6,112.7,0.0,0,0,X,0.0,0.0,0.0,0.0,0.0,0.0,0.0,0.0,31,0.04709369898129325,56,5,51,0,0,0,0,0,0,0,0,1,0
1e7v,A,811,LEU,3.8,166.7,0.0,0,0,X,0.0,0.0,0.0,0.0,0.0,0.0,0.0,0.0,39,0.048492521723311866,41,4,37,0,0,0,0,0,0,0,0,1,0
1e7v,A,812,TRP,-0.9,227.8,0.0,1,0,X,0.0,0.0,0.0,0.0,0.0,0.0,0.0,0.0,28,0.048492521723311866,22,14,8,0,0,0,0,0,0,0,0,1,1
1e7v,A,813,LEU,3.8,166.7,0.0,0,0,X,0.0,0.0,0.0,0.0,0.0,0.0,0.0,0.0,37,0.05408781269138631,18,13,5,0,0,0,0,0,0,0,0,1,0
1e7v,A,814,GLU,-3.5,138.4,-1.0,1,3,X,0.0,0.0,0.0,0.0,0.0,0.0,0.0,0.0,27,0.0526889899493677,30,12,18,0,0,0,0,0,0,0,0,1,0
1e7v,A,815,PHE,2.8,189.9,0.0,0,0,X,0.0,0.0,0.0,0.0,0.0,0.0,0.0,0.0,39,0.043829779249916496,24,12,12,0,0,0,0,0,0,0,0,1,0
1e7v,A,816,LYS,-3.9,168.6,1.0,2,0,X,0.0,0.0,0.0,0.0,0.0,0.0,0.0,0.0,27,0.03823448828184205,7,18,-11,0,0,0,0,0,0,0,0,1,0
1e7v,A,817,CYS,2.5,108.5,0.0,1,0,X,0.0,0.0,0.0,0.0,0.0,0.0,0.0,0.0,30,0.04243095650789788,22,15,7,0,0,0,0,0,0,0,0,1,0
1e7v,A,818,ALA,1.8,88.6,0.0,0,0,X,0.0,0.0,0.0,0.0,0.0,0.0,0.0,0.0,27,0.03403802005578621,26,13,13,0,0,0,0,0,0,0,0,1,0
1e7v,A,819,ASP,-3.5,111.1,-1.0,1,3,X,0.0,0.0,0.0,0.0,0.0,0.0,0.0,0.0,25,0.03403802005578621,30,9,21,0,0,0,0,0,0,0,0,1,0
1e7v,A,820,PRO,-1.6,112.7,0.0,0,0,X,0.0,0.0,0.0,0.0,0.0,0.0,0.0,0.0,17,0.02098234113027917,14,8,6,0,0,0,0,0,0,0,0,1,0
1e7v,A,821,THR,-0.7,116.1,0.0,1,1,X,0.0,0.0,0.0,0.0,0.0,0.0,0.0,0.0,23,0.028909003335051305,34,19,15,0,0,0,0,0,0,0,0,1,0
1e7v,A,822,ALA,1.8,88.6,0.0,0,0,X,0.0,0.0,0.0,0.0,0.0,0.0,0.0,0.0,22,0.032639197313767604,26,15,11,0,0,0,0,0,0,0,0,1,0
1e7v,A,823,LEU,3.8,166.7,0.0,0,0,X,0.0,0.0,0.0,0.0,0.0,0.0,0.0,0.0,22,0.02471253510899547,19,18,1,0,0,0,0,0,0,0,0,1,0
1e7v,A,824,SER,-0.8,89.0,0.0,1,1,X,0.0,0.0,0.0,0.0,0.0,0.0,0.0,0.0,15,0.019117244140921023,3,13,-10,0,0,0,0,0,0,0,0,1,0
1e7v,A,825,ASN,-3.5,114.1,0.0,2,2,X,0.0,0.0,0.0,0.0,0.0,0.0,0.0,0.0,15,0.020516066882939634,11,11,0,0,0,0,0,0,0,0,0,1,0
1e7v,A,826,GLU,-3.5,138.4,-1.0,1,3,X,0.0,0.0,0.0,0.0,0.0,0.0,0.0,0.0,16,0.02331371236697686,17,9,8,0,0,0,0,0,0,0,0,1,0
1e7v,A,827,THR,-0.7,116.1,0.0,1,1,X,0.0,0.0,0.0,0.0,0.0,0.0,0.0,0.0,27,0.034970568550465285,26,19,7,0,0,0,0,0,0,0,0,1,0
1e7v,A,828,ILE,4.5,166.7,0.0,0,0,X,0.0,0.0,0.0,0.0,0.0,0.0,0.0,0.0,34,0.04196468226055834,26,30,-4,0,0,0,0,0,0,0,0,1,0
1e7v,A,829,GLY,-0.4,60.1,0.0,0,0,X,0.0,0.0,0.0,0.0,0.0,0.0,0.0,0.0,33,0.04662742473395372,18,26,-8,0,0,0,0,0,0,0,0,1,0
1e7v,A,830,ILE,4.5,166.7,0.0,0,0,X,0.0,0.0,0.0,0.0,0.0,0.0,0.0,0.0,37,0.05408781269138631,6,18,-12,0,0,0,0,0,0,0,0,1,0
1e7v,A,831,ILE,4.5,166.7,0.0,0,0,X,0.0,0.0,0.0,0.0,0.0,0.0,0.0,0.0,31,0.048958795970651406,16,11,5,0,0,0,0,0,0,0,0,1,0
1e7v,A,832,PHE,2.8,189.9,0.0,0,0,X,0.0,0.0,0.0,0.0,0.0,0.0,0.0,0.0,41,0.05175644145468863,26,7,19,0,0,0,0,0,0,0,0,1,0
1e7v,A,833,LYS,-3.9,168.6,1.0,2,0,X,0.0,0.0,0.0,0.0,0.0,0.0,0.0,0.0,35,0.050823892960009553,40,26,14,0,0,0,0,0,0,0,0,1,0
1e7v,A,834,HIS,-3.2,153.2,0.1,2,1,X,0.0,0.0,0.0,0.0,0.0,0.0,0.0,0.0,28,0.04616115048661418,47,22,25,0,0,0,0,0,0,0,0,1,0
1e7v,A,835,GLY,-0.4,60.1,0.0,0,0,X,0.0,0.0,0.0,0.0,0.0,0.0,0.0,0.0,25,0.03124037457174899,59,28,31,0,0,0,0,0,0,0,0,1,0
1e7v,A,836,ASP,-3.5,111.1,-1.0,1,3,X,0.0,0.0,0.0,0.0,0.0,0.0,0.0,0.0,28,0.03963331102386066,54,26,28,0,0,0,0,0,0,0,0,1,0
1e7v,A,837,ASP,-3.5,111.1,-1.0,1,3,X,0.0,0.0,0.0,0.0,0.0,0.0,0.0,0.0,33,0.04662742473395372,39,27,12,0,0,0,0,0,0,0,0,1,0
1e7v,A,838,LEU,3.8,166.7,0.0,0,0,X,0.0,0.0,0.0,0.0,0.0,0.0,0.0,0.0,34,0.05408781269138631,37,36,1,0,0,0,0,0,0,0,0,1,0
1e7v,A,839,ARG,-4.5,173.4,1.0,5,0,X,0.0,0.0,0.0,0.0,0.0,0.0,0.0,0.0,38,0.04709369898129325,15,35,-20,0,0,0,0,0,0,0,0,1,0
1e7v,A,840,GLN,-3.5,143.8,0.0,2,2,X,0.0,0.0,0.0,0.0,0.0,0.0,0.0,0.0,29,0.04616115048661418,25,28,-3,0,0,0,0,0,0,0,0,1,0
1e7v,A,841,ASP,-3.5,111.1,-1.0,1,3,X,0.0,0.0,0.0,0.0,0.0,0.0,0.0,0.0,36,0.04662742473395372,20,24,-4,0,0,0,0,0,0,0,0,1,0
1e7v,A,842,MET,1.9,162.9,0.0,0,0,X,0.0,0.0,0.0,0.0,0.0,0.0,0.0,0.0,37,0.04755997322863279,14,17,-3,0,0,0,0,0,0,0,0,1,0
1e7v,A,843,LEU,3.8,166.7,0.0,0,0,X,0.0,0.0,0.0,0.0,0.0,0.0,0.0,0.0,37,0.04243095650789788,13,14,-1,0,0,0,0,0,0,0,0,1,0
1e7v,A,844,ILE,4.5,166.7,0.0,0,0,X,0.0,0.0,0.0,0.0,0.0,0.0,0.0,0.0,38,0.04243095650789788,18,13,5,0,0,0,0,0,0,0,0,1,0
1e7v,A,845,LEU,3.8,166.7,0.0,0,0,X,0.0,0.0,0.0,0.0,0.0,0.0,0.0,0.0,36,0.05129016720734909,20,15,5,0,0,0,0,0,0,0,0,1,0
1e7v,A,846,GLN,-3.5,143.8,0.0,2,2,X,0.0,0.0,0.0,0.0,0.0,0.0,0.0,0.0,33,0.045694876239274644,22,10,12,0,0,0,0,0,0,0,0,1,0
1e7v,A,847,ILE,4.5,166.7,0.0,0,0,X,0.0,0.0,0.0,0.0,0.0,0.0,0.0,0.0,38,0.043829779249916496,16,9,7,0,0,0,0,0,0,0,0,1,0
1e7v,A,848,LEU,3.8,166.7,0.0,0,0,X,0.0,0.0,0.0,0.0,0.0,0.0,0.0,0.0,36,0.04755997322863279,18,11,7,0,0,0,0,0,0,0,0,1,0
1e7v,A,849,ARG,-4.5,173.4,1.0,5,0,X,0.0,0.0,0.0,0.0,0.0,0.0,0.0,0.0,34,0.04243095650789788,12,12,0,0,0,0,0,0,0,0,0,1,0
1e7v,A,850,ILE,4.5,166.7,0.0,0,0,X,0.0,0.0,0.0,0.0,0.0,0.0,0.0,0.0,32,0.043829779249916496,27,19,8,0,0,0,0,0,0,0,0,1,0
1e7v,A,851,MET,1.9,162.9,0.0,0,0,X,0.0,0.0,0.0,0.0,0.0,0.0,0.0,0.0,37,0.04289723075523742,22,12,10,0,0,0,0,0,0,0,0,1,0
1e7v,A,852,GLU,-3.5,138.4,-1.0,1,3,X,0.0,0.0,0.0,0.0,0.0,0.0,0.0,0.0,27,0.048026247475972325,21,17,4,0,0,0,0,0,0,0,0,1,0
1e7v,A,853,SER,-0.8,89.0,0.0,1,1,X,0.0,0.0,0.0,0.0,0.0,0.0,0.0,0.0,32,0.03963331102386066,30,37,-7,0,0,0,0,0,0,0,0,1,0
1e7v,A,854,ILE,4.5,166.7,0.0,0,0,X,0.0,0.0,0.0,0.0,0.0,0.0,0.0,0.0,33,0.04243095650789788,36,27,9,0,0,0,0,0,0,0,0,1,0
1e7v,A,855,TRP,-0.9,227.8,0.0,1,0,X,0.0,0.0,0.0,0.0,0.0,0.0,0.0,0.0,37,0.05222271570202816,20,34,-14,0,0,0,0,0,0,0,0,1,0
1e7v,A,856,GLU,-3.5,138.4,-1.0,1,3,X,0.0,0.0,0.0,0.0,0.0,0.0,0.0,0.0,29,0.040099585271200194,29,30,-1,0,0,0,0,0,0,0,0,1,0
1e7v,A,857,THR,-0.7,116.1,0.0,1,1,X,0.0,0.0,0.0,0.0,0.0,0.0,0.0,0.0,21,0.034970568550465285,20,27,-7,0,0,0,0,0,0,0,0,1,0
1e7v,A,858,GLU,-3.5,138.4,-1.0,1,3,X,0.0,0.0,0.0,0.0,0.0,0.0,0.0,0.0,25,0.03170664881908853,30,16,14,0,0,0,0,0,0,0,0,1,0
1e7v,A,859,SER,-0.8,89.0,0.0,1,1,X,0.0,0.0,0.0,0.0,0.0,0.0,0.0,0.0,20,0.03963331102386066,7,37,-30,0,0,0,0,0,0,0,0,1,0
1e7v,A,860,LEU,3.8,166.7,0.0,0,0,X,0.0,0.0,0.0,0.0,0.0,0.0,0.0,0.0,29,0.043363505002576956,11,42,-31,0,0,0,0,0,0,0,0,1,0
1e7v,A,861,ASP,-3.5,111.1,-1.0,1,3,X,0.0,0.0,0.0,0.0,0.0,0.0,0.0,0.0,31,0.03963331102386066,20,22,-2,0,0,0,0,0,0,0,0,1,0
1e7v,A,862,LEU,3.8,166.7,0.0,0,0,X,0.0,0.0,0.0,0.0,0.0,0.0,0.0,0.0,39,0.04662742473395372,18,21,-3,0,0,0,0,0,0,0,0,1,0
1e7v,A,863,CYS,2.5,108.5,0.0,1,0,X,0.0,0.0,0.0,0.0,0.0,0.0,0.0,0.0,29,0.043829779249916496,19,20,-1,0,0,0,0,0,0,0,0,1,0
1e7v,A,864,LEU,3.8,166.7,0.0,0,0,X,0.0,0.0,0.0,0.0,0.0,0.0,0.0,0.0,34,0.04662742473395372,25,17,8,0,0,0,0,0,0,0,0,1,0
1e7v,A,865,LEU,3.8,166.7,0.0,0,0,X,0.0,0.0,0.0,0.0,0.0,0.0,0.0,0.0,32,0.040099585271200194,20,13,7,0,0,0,0,0,0,0,0,1,0
1e7v,A,866,PRO,-1.6,112.7,0.0,0,0,X,0.0,0.0,0.0,0.0,0.0,0.0,0.0,0.0,29,0.04196468226055834,17,18,-1,0,0,0,0,0,0,0,0,1,0
1e7v,A,867,TYR,-1.3,193.6,0.0,1,1,X,0.0,0.0,0.0,0.0,0.0,0.0,0.0,0.0,29,0.04149840801321881,11,21,-10,0,0,0,0,0,0,0,0,1,1
1e7v,A,868,GLY,-0.4,60.1,0.0,0,0,X,0.0,0.0,0.0,0.0,0.0,0.0,0.0,0.0,32,0.03823448828184205,8,23,-15,0,0,0,0,0,0,0,0,1,0
1e7v,A,869,CYS,2.5,108.5,0.0,1,0,X,0.0,0.0,0.0,0.0,0.0,0.0,0.0,0.0,37,0.04942507021799094,12,23,-11,0,0,0,0,0,0,0,0,1,0
1e7v,A,870,ILE,4.5,166.7,0.0,0,0,X,0.0,0.0,0.0,0.0,0.0,0.0,0.0,0.0,41,0.048026247475972325,20,12,8,0,0,0,0,0,0,0,0,1,0
1e7v,A,871,SER,-0.8,89.0,0.0,1,1,X,0.0,0.0,0.0,0.0,0.0,0.0,0.0,0.0,38,0.048492521723311866,29,32,-3,0,0,0,0,0,0,0,0,1,0
1e7v,A,872,THR,-0.7,116.1,0.0,1,1,X,0.0,0.0,0.0,0.0,0.0,0.0,0.0,0.0,39,0.04662742473395372,29,19,10,0,0,0,0,0,0,0,0,1,0
1e7v,A,873,GLY,-0.4,60.1,0.0,0,0,X,0.0,0.0,0.0,0.0,0.0,0.0,0.0,0.0,31,0.03776821403450251,40,29,11,0,0,0,0,0,0,0,0,1,0
1e7v,A,874,ASP,-3.5,111.1,-1.0,1,3,X,0.0,0.0,0.0,0.0,0.0,0.0,0.0,0.0,22,0.03403802005578621,30,13,17,0,0,0,0,0,0,0,0,1,0
1e7v,A,875,LYS,-3.9,168.6,1.0,2,0,X,0.0,0.0,0.0,0.0,0.0,0.0,0.0,0.0,23,0.03823448828184205,37,25,12,0,0,0,0,0,0,0,0,1,0
1e7v,A,876,ILE,4.5,166.7,0.0,0,0,X,0.0,0.0,0.0,0.0,0.0,0.0,0.0,0.0,31,0.04989134446533048,37,24,13,0,0,0,0,0,0,0,0,1,0
1e7v,A,877,GLY,-0.4,60.1,0.0,0,0,X,0.0,0.0,0.0,0.0,0.0,0.0,0.0,0.0,36,0.048492521723311866,27,21,6,0,0,0,0,0,0,0,0,1,0
1e7v,A,878,MET,1.9,162.9,0.0,0,0,X,0.0,0.0,0.0,0.0,0.0,0.0,0.0,0.0,36,0.04989134446533048,10,8,2,0,0,0,0,0,0,0,0,1,0
1e7v,A,879,ILE,4.5,166.7,0.0,0,0,X,0.0,0.0,0.0,0.0,0.0,0.0,0.0,0.0,35,0.04755997322863279,10,21,-11,0,0,0,0,0,0,0,0,1,1
1e7v,A,880,GLU,-3.5,138.4,-1.0,1,3,X,0.0,0.0,0.0,0.0,0.0,0.0,0.0,0.0,28,0.043363505002576956,13,8,5,0,0,0,0,0,0,0,0,1,1
1e7v,A,881,ILE,4.5,166.7,0.0,0,0,X,0.0,0.0,0.0,0.0,0.0,0.0,0.0,0.0,28,0.040565859518539735,9,21,-12,0,0,0,0,0,0,0,0,1,1
1e7v,A,882,VAL,4.2,140.0,0.0,0,0,X,0.0,0.0,0.0,0.0,0.0,0.0,0.0,0.0,29,0.032639197313767604,10,20,-10,0,0,0,0,0,0,0,0,1,1
1e7v,A,883,LYS,-3.9,168.6,1.0,2,0,X,0.0,0.0,0.0,0.0,0.0,0.0,0.0,0.0,22,0.025178809356335007,2,37,-35,0,0,0,0,0,0,0,0,1,0
1e7v,A,884,ASP,-3.5,111.1,-1.0,1,3,X,0.0,0.0,0.0,0.0,0.0,0.0,0.0,0.0,19,0.02797645484037223,17,14,3,0,0,0,0,0,0,0,0,1,0
1e7v,A,885,ALA,1.8,88.6,0.0,0,0,X,0.0,0.0,0.0,0.0,0.0,0.0,0.0,0.0,26,0.03963331102386066,16,18,-2,0,0,0,0,0,0,0,0,1,0
1e7v,A,886,THR,-0.7,116.1,0.0,1,1,X,0.0,0.0,0.0,0.0,0.0,0.0,0.0,0.0,29,0.03776821403450251,17,21,-4,0,0,0,0,0,0,0,0,1,0
1e7v,A,887,THR,-0.7,116.1,0.0,1,1,X,0.0,0.0,0.0,0.0,0.0,0.0,0.0,0.0,25,0.04196468226055834,14,11,3,0,0,0,0,0,0,0,0,1,1
1e7v,A,888,ILE,4.5,166.7,0.0,0,0,X,0.0,0.0,0.0,0.0,0.0,0.0,0.0,0.0,36,0.04942507021799094,22,16,6,0,0,0,0,0,0,0,0,1,0
1e7v,A,889,ALA,1.8,88.6,0.0,0,0,X,0.0,0.0,0.0,0.0,0.0,0.0,0.0,0.0,34,0.043829779249916496,19,12,7,0,0,0,0,0,0,0,0,1,0
1e7v,A,890,LYS,-3.9,168.6,1.0,2,0,X,0.0,0.0,0.0,0.0,0.0,0.0,0.0,0.0,23,0.03450429430312575,1,8,-7,0,0,0,0,0,0,0,0,1,0
1e7v,A,891,ILE,4.5,166.7,0.0,0,0,X,0.0,0.0,0.0,0.0,0.0,0.0,0.0,0.0,32,0.04616115048661418,23,14,9,0,0,0,0,0,0,0,0,1,0
1e7v,A,892,GLN,-3.5,143.8,0.0,2,2,X,0.0,0.0,0.0,0.0,0.0,0.0,0.0,0.0,31,0.050823892960009553,16,24,-8,0,0,0,0,0,0,0,0,1,0
1e7v,A,893,GLN,-3.5,143.8,0.0,2,2,X,0.0,0.0,0.0,0.0,0.0,0.0,0.0,0.0,22,0.03916703677652112,12,6,6,0,0,0,0,0,0,0,0,1,0
1e7v,A,894,SER,-0.8,89.0,0.0,1,1,X,0.0,0.0,0.0,0.0,0.0,0.0,0.0,0.0,18,0.02844272908771177,9,1,8,0,0,0,0,0,0,0,0,1,0
1e7v,A,895,THR,-0.7,116.1,0.0,1,1,X,0.0,0.0,0.0,0.0,0.0,0.0,0.0,0.0,22,0.027043906345693154,24,14,10,0,0,0,0,0,0,0,0,1,0
1e7v,A,896,VAL,4.2,140.0,0.0,0,0,X,0.0,0.0,0.0,0.0,0.0,0.0,0.0,0.0,18,0.032172923066428064,12,2,10,0,0,0,0,0,0,0,0,1,0
1e7v,A,897,GLY,-0.4,60.1,0.0,0,0,X,0.0,0.0,0.0,0.0,0.0,0.0,0.0,0.0,17,0.027510180593032695,13,0,13,0,0,0,0,0,0,0,0,1,0
1e7v,A,898,ASN,-3.5,114.1,0.0,2,2,X,0.0,0.0,0.0,0.0,0.0,0.0,0.0,0.0,15,0.023779986614316396,9,0,9,0,0,0,0,0,0,0,0,1,0
1e7v,A,899,THR,-0.7,116.1,0.0,1,1,X,0.0,0.0,0.0,0.0,0.0,0.0,0.0,0.0,18,0.028909003335051305,2,0,2,0,0,0,0,0,0,0,0,1,0
1e7v,A,900,GLY,-0.4,60.1,0.0,0,0,X,0.0,0.0,0.0,0.0,0.0,0.0,0.0,0.0,23,0.03124037457174899,9,0,9,0,0,0,0,0,0,0,0,1,0
1e7v,A,901,ALA,1.8,88.6,0.0,0,0,X,0.0,0.0,0.0,0.0,0.0,0.0,0.0,0.0,20,0.027510180593032695,9,5,4,0,0,0,0,0,0,0,0,1,0
1e7v,A,902,PHE,2.8,189.9,0.0,0,0,X,0.0,0.0,0.0,0.0,0.0,0.0,0.0,0.0,32,0.03776821403450251,12,16,-4,0,0,0,0,0,0,0,0,1,0
1e7v,A,903,LYS,-3.9,168.6,1.0,2,0,X,0.0,0.0,0.0,0.0,0.0,0.0,0.0,0.0,21,0.03823448828184205,6,24,-18,0,0,0,0,0,0,0,0,1,0
1e7v,A,904,ASP,-3.5,111.1,-1.0,1,3,X,0.0,0.0,0.0,0.0,0.0,0.0,0.0,0.0,24,0.04149840801321881,17,17,0,0,0,0,0,0,0,0,0,1,0
1e7v,A,905,GLU,-3.5,138.4,-1.0,1,3,X,0.0,0.0,0.0,0.0,0.0,0.0,0.0,0.0,21,0.03870076252918159,19,16,3,0,0,0,0,0,0,0,0,1,0
1e7v,A,906,VAL,4.2,140.0,0.0,0,0,X,0.0,0.0,0.0,0.0,0.0,0.0,0.0,0.0,30,0.04662742473395372,23,27,-4,0,0,0,0,0,0,0,0,1,0
1e7v,A,907,LEU,3.8,166.7,0.0,0,0,X,0.0,0.0,0.0,0.0,0.0,0.0,0.0,0.0,37,0.05175644145468863,23,25,-2,0,0,0,0,0,0,0,0,1,0
1e7v,A,908,SER,-0.8,89.0,0.0,1,1,X,0.0,0.0,0.0,0.0,0.0,0.0,0.0,0.0,28,0.04243095650789788,25,29,-4,0,0,0,0,0,0,0,0,1,0
1e7v,A,909,HIS,-3.2,153.2,0.1,2,1,X,0.0,0.0,0.0,0.0,0.0,0.0,0.0,0.0,18,0.03683566553982344,19,25,-6,0,0,0,0,0,0,0,0,1,0
1e7v,A,910,TRP,-0.9,227.8,0.0,1,0,X,0.0,0.0,0.0,0.0,0.0,0.0,0.0,0.0,30,0.04103213376587927,28,24,4,0,0,0,0,0,0,0,0,1,0
1e7v,A,911,LEU,3.8,166.7,0.0,0,0,X,0.0,0.0,0.0,0.0,0.0,0.0,0.0,0.0,33,0.04989134446533048,30,23,7,0,0,0,0,0,0,0,0,1,0
1e7v,A,912,LYS,-3.9,168.6,1.0,2,0,X,0.0,0.0,0.0,0.0,0.0,0.0,0.0,0.0,21,0.03963331102386066,22,21,1,0,0,0,0,0,0,0,0,1,0
1e7v,A,913,GLU,-3.5,138.4,-1.0,1,3,X,0.0,0.0,0.0,0.0,0.0,0.0,0.0,0.0,15,0.030774100324409453,26,8,18,0,0,0,0,0,0,0,0,1,0
1e7v,A,914,LYS,-3.9,168.6,1.0,2,0,X,0.0,0.0,0.0,0.0,0.0,0.0,0.0,0.0,23,0.034970568550465285,16,25,-9,0,0,0,0,0,0,0,0,1,0
1e7v,A,915,CYS,2.5,108.5,0.0,1,0,X,0.0,0.0,0.0,0.0,0.0,0.0,0.0,0.0,21,0.040565859518539735,30,32,-2,0,0,0,0,0,0,0,0,1,0
1e7v,A,916,PRO,-1.6,112.7,0.0,0,0,X,0.0,0.0,0.0,0.0,0.0,0.0,0.0,0.0,15,0.030307826077069916,26,26,0,0,0,0,0,0,0,0,0,1,0
1e7v,A,917,ILE,4.5,166.7,0.0,0,0,X,0.0,0.0,0.0,0.0,0.0,0.0,0.0,0.0,14,0.027510180593032695,20,23,-3,0,0,0,0,0,0,0,0,1,0
1e7v,A,918,GLU,-3.5,138.4,-1.0,1,3,X,0.0,0.0,0.0,0.0,0.0,0.0,0.0,0.0,13,0.032172923066428064,17,10,7,0,0,0,0,0,0,0,0,1,0
1e7v,A,919,GLU,-3.5,138.4,-1.0,1,3,X,0.0,0.0,0.0,0.0,0.0,0.0,0.0,0.0,9,0.027510180593032695,9,9,0,0,0,0,0,0,0,0,0,1,0
1e7v,A,920,LYS,-3.9,168.6,1.0,2,0,X,0.0,0.0,0.0,0.0,0.0,0.0,0.0,0.0,18,0.03450429430312575,10,23,-13,0,0,0,0,0,0,0,0,1,0
1e7v,A,921,PHE,2.8,189.9,0.0,0,0,X,0.0,0.0,0.0,0.0,0.0,0.0,0.0,0.0,26,0.04476232774459557,31,26,5,0,0,0,0,0,0,0,0,1,0
1e7v,A,922,GLN,-3.5,143.8,0.0,2,2,X,0.0,0.0,0.0,0.0,0.0,0.0,0.0,0.0,18,0.03450429430312575,21,27,-6,0,0,0,0,0,0,0,0,1,0
1e7v,A,923,ALA,1.8,88.6,0.0,0,0,X,0.0,0.0,0.0,0.0,0.0,0.0,0.0,0.0,21,0.032172923066428064,24,25,-1,0,0,0,0,0,0,0,0,1,0
1e7v,A,924,ALA,1.8,88.6,0.0,0,0,X,0.0,0.0,0.0,0.0,0.0,0.0,0.0,0.0,31,0.043829779249916496,34,22,12,0,0,0,0,0,0,0,0,1,0
1e7v,A,925,VAL,4.2,140.0,0.0,0,0,X,0.0,0.0,0.0,0.0,0.0,0.0,0.0,0.0,34,0.04476232774459557,30,15,15,0,0,0,0,0,0,0,0,1,0
1e7v,A,926,GLU,-3.5,138.4,-1.0,1,3,X,0.0,0.0,0.0,0.0,0.0,0.0,0.0,0.0,26,0.03870076252918159,32,2,30,0,0,0,0,0,0,0,0,1,0
1e7v,A,927,ARG,-4.5,173.4,1.0,5,0,X,0.0,0.0,0.0,0.0,0.0,0.0,0.0,0.0,31,0.045694876239274644,6,20,-14,0,0,0,0,0,0,0,0,1,0
1e7v,A,928,PHE,2.8,189.9,0.0,0,0,X,0.0,0.0,0.0,0.0,0.0,0.0,0.0,0.0,42,0.05035761871267001,15,13,2,0,0,0,0,0,0,0,0,1,0
1e7v,A,929,VAL,4.2,140.0,0.0,0,0,X,0.0,0.0,0.0,0.0,0.0,0.0,0.0,0.0,37,0.0526889899493677,27,15,12,0,0,0,0,0,0,0,0,1,0
1e7v,A,930,TYR,-1.3,193.6,0.0,1,1,X,0.0,0.0,0.0,0.0,0.0,0.0,0.0,0.0,32,0.050823892960009553,31,24,7,0,0,0,0,0,0,0,0,1,0
1e7v,A,931,SER,-0.8,89.0,0.0,1,1,X,0.0,0.0,0.0,0.0,0.0,0.0,0.0,0.0,37,0.05455408693872585,17,12,5,0,0,0,0,0,0,0,0,1,0
1e7v,A,932,CYS,2.5,108.5,0.0,1,0,X,0.0,0.0,0.0,0.0,0.0,0.0,0.0,0.0,44,0.04989134446533048,16,3,13,0,0,0,0,0,0,0,0,1,0
1e7v,A,933,ALA,1.8,88.6,0.0,0,0,X,0.0,0.0,0.0,0.0,0.0,0.0,0.0,0.0,42,0.04942507021799094,16,8,8,0,0,0,0,0,0,0,0,1,0
1e7v,A,934,GLY,-0.4,60.1,0.0,0,0,X,0.0,0.0,0.0,0.0,0.0,0.0,0.0,0.0,39,0.04989134446533048,10,11,-1,0,0,0,0,0,0,0,0,1,0
1e7v,A,935,TYR,-1.3,193.6,0.0,1,1,X,0.0,0.0,0.0,0.0,0.0,0.0,0.0,0.0,43,0.048492521723311866,14,4,10,0,0,0,0,0,0,0,0,1,0
1e7v,A,936,CYS,2.5,108.5,0.0,1,0,X,0.0,0.0,0.0,0.0,0.0,0.0,0.0,0.0,43,0.04989134446533048,7,1,6,0,0,0,0,0,0,0,0,1,0
1e7v,A,937,VAL,4.2,140.0,0.0,0,0,X,0.0,0.0,0.0,0.0,0.0,0.0,0.0,0.0,41,0.050823892960009553,8,0,8,0,0,0,0,0,0,0,0,1,0
1e7v,A,938,ALA,1.8,88.6,0.0,0,0,X,0.0,0.0,0.0,0.0,0.0,0.0,0.0,0.0,37,0.043829779249916496,8,3,5,0,0,0,0,0,0,0,0,1,0
1e7v,A,939,THR,-0.7,116.1,0.0,1,1,X,0.0,0.0,0.0,0.0,0.0,0.0,0.0,0.0,36,0.048026247475972325,18,6,12,0,0,0,0,0,0,0,0,1,0
1e7v,A,940,PHE,2.8,189.9,0.0,0,0,X,0.0,0.0,0.0,0.0,0.0,0.0,0.0,0.0,32,0.04755997322863279,2,8,-6,0,0,0,0,0,0,0,0,1,0
1e7v,A,941,VAL,4.2,140.0,0.0,0,0,X,0.0,0.0,0.0,0.0,0.0,0.0,0.0,0.0,38,0.04709369898129325,10,6,4,0,0,0,0,0,0,0,0,1,0
1e7v,A,942,LEU,3.8,166.7,0.0,0,0,X,0.0,0.0,0.0,0.0,0.0,0.0,0.0,0.0,38,0.04103213376587927,2,2,0,0,0,0,0,0,0,0,0,1,0
1e7v,A,943,GLY,-0.4,60.1,0.0,0,0,X,0.0,0.0,0.0,0.0,0.0,0.0,0.0,0.0,28,0.03683566553982344,9,9,0,0,0,0,0,0,0,0,0,1,0
1e7v,A,944,ILE,4.5,166.7,0.0,0,0,X,0.0,0.0,0.0,0.0,0.0,0.0,0.0,0.0,35,0.03823448828184205,24,10,14,0,0,0,0,0,0,0,0,1,0
1e7v,A,945,GLY,-0.4,60.1,0.0,0,0,X,0.0,0.0,0.0,0.0,0.0,0.0,0.0,0.0,30,0.048492521723311866,27,8,19,0,0,0,0,0,0,0,0,1,0
1e7v,A,946,ASP,-3.5,111.1,-1.0,1,3,X,0.0,0.0,0.0,0.0,0.0,0.0,0.0,0.0,28,0.04243095650789788,38,5,33,0,0,0,0,0,0,0,0,1,0
1e7v,A,947,ARG,-4.5,173.4,1.0,5,0,X,0.0,0.0,0.0,0.0,0.0,0.0,0.0,0.0,27,0.04243095650789788,24,21,3,0,0,0,0,0,0,0,0,1,0
1e7v,A,948,HIS,-3.2,153.2,0.1,2,1,X,0.0,0.0,0.0,0.0,0.0,0.0,0.0,0.0,30,0.04289723075523742,21,18,3,0,0,0,0,0,0,0,0,1,0
1e7v,A,949,ASN,-3.5,114.1,0.0,2,2,X,0.0,0.0,0.0,0.0,0.0,0.0,0.0,0.0,37,0.045694876239274644,31,14,17,0,0,0,0,0,0,0,0,1,0
1e7v,A,950,ASP,-3.5,111.1,-1.0,1,3,X,0.0,0.0,0.0,0.0,0.0,0.0,0.0,0.0,28,0.03776821403450251,36,8,28,0,0,0,0,0,0,0,0,1,0
1e7v,A,951,ASN,-3.5,114.1,0.0,2,2,X,0.0,0.0,0.0,0.0,0.0,0.0,0.0,0.0,32,0.045228601991935104,39,22,17,0,0,0,0,0,0,0,0,1,0
1e7v,A,952,ILE,4.5,166.7,0.0,0,0,X,0.0,0.0,0.0,0.0,0.0,0.0,0.0,0.0,36,0.05408781269138631,32,18,14,0,0,0,0,0,0,0,0,1,0
1e7v,A,953,MET,1.9,162.9,0.0,0,0,X,0.0,0.0,0.0,0.0,0.0,0.0,0.0,0.0,33,0.048492521723311866,17,16,1,0,0,0,0,0,0,0,0,1,1
1e7v,A,954,ILE,4.5,166.7,0.0,0,0,X,0.0,0.0,0.0,0.0,0.0,0.0,0.0,0.0,36,0.053155264196707235,15,15,0,0,0,0,0,0,0,0,0,1,0
1e7v,A,955,SER,-0.8,89.0,0.0,1,1,X,0.0,0.0,0.0,0.0,0.0,0.0,0.0,0.0,30,0.04616115048661418,24,17,7,0,0,0,0,0,0,0,0,1,0
1e7v,A,956,GLU,-3.5,138.4,-1.0,1,3,X,0.0,0.0,0.0,0.0,0.0,0.0,0.0,0.0,21,0.04149840801321881,26,17,9,0,0,0,0,0,0,0,0,1,0
1e7v,A,957,THR,-0.7,116.1,0.0,1,1,X,0.0,0.0,0.0,0.0,0.0,0.0,0.0,0.0,30,0.03916703677652112,31,24,7,0,0,0,0,0,0,0,0,1,0
1e7v,A,958,GLY,-0.4,60.1,0.0,0,0,X,0.0,0.0,0.0,0.0,0.0,0.0,0.0,0.0,38,0.048026247475972325,19,16,3,0,0,0,0,0,0,0,0,1,0
1e7v,A,959,ASN,-3.5,114.1,0.0,2,2,X,0.0,0.0,0.0,0.0,0.0,0.0,0.0,0.0,38,0.05455408693872585,16,14,2,0,0,0,0,0,0,0,0,1,0
1e7v,A,960,LEU,3.8,166.7,0.0,0,0,X,0.0,0.0,0.0,0.0,0.0,0.0,0.0,0.0,43,0.05502036118606539,18,2,16,0,0,0,0,0,0,0,0,1,0
1e7v,A,961,PHE,2.8,189.9,0.0,0,0,X,0.0,0.0,0.0,0.0,0.0,0.0,0.0,0.0,38,0.05222271570202816,14,8,6,0,0,0,0,0,0,0,0,1,1
1e7v,A,962,HIS,-3.2,153.2,0.1,2,1,X,0.0,0.0,0.0,0.0,0.0,0.0,0.0,0.0,40,0.04709369898129325,15,13,2,0,0,0,0,0,0,0,0,1,0
1e7v,A,963,ILE,4.5,166.7,0.0,0,0,X,0.0,0.0,0.0,0.0,0.0,0.0,0.0,0.0,36,0.045228601991935104,25,24,1,0,0,0,0,0,0,0,0,1,1
1e7v,A,964,ASP,-3.5,111.1,-1.0,1,3,X,0.0,0.0,0.0,0.0,0.0,0.0,0.0,0.0,33,0.035436842797804825,39,27,12,0,0,0,0,0,0,0,0,1,1
1e7v,A,965,PHE,2.8,189.9,0.0,0,0,X,0.0,0.0,0.0,0.0,0.0,0.0,0.0,0.0,35,0.045228601991935104,31,23,8,0,0,0,0,0,0,0,0,1,0
1e7v,A,966,GLY,-0.4,60.1,0.0,0,0,X,0.0,0.0,0.0,0.0,0.0,0.0,0.0,0.0,29,0.04243095650789788,32,32,0,0,0,0,0,0,0,0,0,1,0
1e7v,A,967,HIS,-3.2,153.2,0.1,2,1,X,0.0,0.0,0.0,0.0,0.0,0.0,0.0,0.0,21,0.02611135785101408,13,29,-16,0,0,0,0,0,0,0,0,1,0
1e7v,A,968,ILE,4.5,166.7,0.0,0,0,X,0.0,0.0,0.0,0.0,0.0,0.0,0.0,0.0,26,0.02471253510899547,22,22,0,0,0,0,0,0,0,0,0,1,0
1e7v,A,979,ASN,-3.5,114.1,0.0,2,2,X,0.0,0.0,0.0,0.0,0.0,0.0,0.0,0.0,4,0.012123130430827966,18,9,9,0,0,0,0,0,0,0,0,1,0
1e7v,A,980,LYS,-3.9,168.6,1.0,2,0,X,0.0,0.0,0.0,0.0,0.0,0.0,0.0,0.0,11,0.017718421398902413,19,13,6,0,0,0,0,0,0,0,0,1,0
1e7v,A,981,GLU,-3.5,138.4,-1.0,1,3,X,0.0,0.0,0.0,0.0,0.0,0.0,0.0,0.0,17,0.02797645484037223,29,7,22,0,0,0,0,0,0,0,0,1,0
1e7v,A,982,ARG,-4.5,173.4,1.0,5,0,X,0.0,0.0,0.0,0.0,0.0,0.0,0.0,0.0,16,0.030774100324409453,15,17,-2,0,0,0,0,0,0,0,0,1,0
1e7v,A,983,VAL,4.2,140.0,0.0,0,0,X,0.0,0.0,0.0,0.0,0.0,0.0,0.0,0.0,33,0.03776821403450251,35,25,10,0,0,0,0,0,0,0,0,1,0
1e7v,A,984,PRO,-1.6,112.7,0.0,0,0,X,0.0,0.0,0.0,0.0,0.0,0.0,0.0,0.0,32,0.03963331102386066,15,18,-3,0,0,0,0,0,0,0,0,1,0
1e7v,A,985,PHE,2.8,189.9,0.0,0,0,X,0.0,0.0,0.0,0.0,0.0,0.0,0.0,0.0,41,0.045228601991935104,14,16,-2,0,0,0,0,0,0,0,0,1,0
1e7v,A,986,VAL,4.2,140.0,0.0,0,0,X,0.0,0.0,0.0,0.0,0.0,0.0,0.0,0.0,43,0.048958795970651406,25,13,12,0,0,0,0,0,0,0,0,1,0
1e7v,A,987,LEU,3.8,166.7,0.0,0,0,X,0.0,0.0,0.0,0.0,0.0,0.0,0.0,0.0,42,0.04476232774459557,18,15,3,0,0,0,0,0,0,0,0,1,0
1e7v,A,988,THR,-0.7,116.1,0.0,1,1,X,0.0,0.0,0.0,0.0,0.0,0.0,0.0,0.0,40,0.045228601991935104,17,17,0,0,0,0,0,0,0,0,0,1,0
1e7v,A,989,PRO,-1.6,112.7,0.0,0,0,X,0.0,0.0,0.0,0.0,0.0,0.0,0.0,0.0,31,0.04616115048661418,24,27,-3,0,0,0,0,0,0,0,0,1,0
1e7v,A,990,ASP,-3.5,111.1,-1.0,1,3,X,0.0,0.0,0.0,0.0,0.0,0.0,0.0,0.0,34,0.05502036118606539,7,17,-10,0,0,0,0,0,0,0,0,1,0
1e7v,A,991,PHE,2.8,189.9,0.0,0,0,X,0.0,0.0,0.0,0.0,0.0,0.0,0.0,0.0,42,0.04709369898129325,3,16,-13,0,0,0,0,0,0,0,0,1,0
1e7v,A,992,LEU,3.8,166.7,0.0,0,0,X,0.0,0.0,0.0,0.0,0.0,0.0,0.0,0.0,33,0.05222271570202816,29,15,14,0,0,0,0,0,0,0,0,1,0
1e7v,A,993,PHE,2.8,189.9,0.0,0,0,X,0.0,0.0,0.0,0.0,0.0,0.0,0.0,0.0,28,0.045228601991935104,17,25,-8,0,0,0,0,0,0,0,0,1,0
1e7v,A,994,VAL,4.2,140.0,0.0,0,0,X,0.0,0.0,0.0,0.0,0.0,0.0,0.0,0.0,34,0.04429605349725603,20,22,-2,0,0,0,0,0,0,0,0,1,0
1e7v,A,995,MET,1.9,162.9,0.0,0,0,X,0.0,0.0,0.0,0.0,0.0,0.0,0.0,0.0,34,0.04755997322863279,25,10,15,0,0,0,0,0,0,0,0,1,0
1e7v,A,996,GLY,-0.4,60.1,0.0,0,0,X,0.0,0.0,0.0,0.0,0.0,0.0,0.0,0.0,25,0.040099585271200194,26,4,22,0,0,0,0,0,0,0,0,1,0
1e7v,A,997,THR,-0.7,116.1,0.0,1,1,X,0.0,0.0,0.0,0.0,0.0,0.0,0.0,0.0,24,0.04429605349725603,33,8,25,0,0,0,0,0,0,0,0,1,0
1e7v,A,998,SER,-0.8,89.0,0.0,1,1,X,0.0,0.0,0.0,0.0,0.0,0.0,0.0,0.0,18,0.02844272908771177,21,19,2,0,0,0,0,0,0,0,0,1,0
1e7v,A,999,GLY,-0.4,60.1,0.0,0,0,X,0.0,0.0,0.0,0.0,0.0,0.0,0.0,0.0,21,0.027043906345693154,29,10,19,0,0,0,0,0,0,0,0,1,0
1e7v,A,1000,LYS,-3.9,168.6,1.0,2,0,X,0.0,0.0,0.0,0.0,0.0,0.0,0.0,0.0,18,0.02611135785101408,21,16,5,0,0,0,0,0,0,0,0,1,0
1e7v,A,1001,LYS,-3.9,168.6,1.0,2,0,X,0.0,0.0,0.0,0.0,0.0,0.0,0.0,0.0,13,0.026577632098353617,15,0,15,0,0,0,0,0,0,0,0,1,0
1e7v,A,1002,THR,-0.7,116.1,0.0,1,1,X,0.0,0.0,0.0,0.0,0.0,0.0,0.0,0.0,17,0.032639197313767604,26,1,25,0,0,0,0,0,0,0,0,1,0
1e7v,A,1003,SER,-0.8,89.0,0.0,1,1,X,0.0,0.0,0.0,0.0,0.0,0.0,0.0,0.0,20,0.034970568550465285,33,0,33,0,0,0,0,0,0,0,0,1,0
1e7v,A,1004,LEU,3.8,166.7,0.0,0,0,X,0.0,0.0,0.0,0.0,0.0,0.0,0.0,0.0,18,0.028909003335051305,20,2,18,0,0,0,0,0,0,0,0,1,0
1e7v,A,1005,HIS,-3.2,153.2,0.1,2,1,X,0.0,0.0,0.0,0.0,0.0,0.0,0.0,0.0,25,0.03823448828184205,11,9,2,0,0,0,0,0,0,0,0,1,0
1e7v,A,1006,PHE,2.8,189.9,0.0,0,0,X,0.0,0.0,0.0,0.0,0.0,0.0,0.0,0.0,30,0.05175644145468863,32,5,27,0,0,0,0,0,0,0,0,1,0
1e7v,A,1007,GLN,-3.5,143.8,0.0,2,2,X,0.0,0.0,0.0,0.0,0.0,0.0,0.0,0.0,17,0.03870076252918159,23,8,15,0,0,0,0,0,0,0,0,1,0
1e7v,A,1008,LYS,-3.9,168.6,1.0,2,0,X,0.0,0.0,0.0,0.0,0.0,0.0,0.0,0.0,21,0.04149840801321881,17,17,0,0,0,0,0,0,0,0,0,1,0
1e7v,A,1009,PHE,2.8,189.9,0.0,0,0,X,0.0,0.0,0.0,0.0,0.0,0.0,0.0,0.0,38,0.05035761871267001,20,9,11,0,0,0,0,0,0,0,0,1,0
1e7v,A,1010,GLN,-3.5,143.8,0.0,2,2,X,0.0,0.0,0.0,0.0,0.0,0.0,0.0,0.0,30,0.043829779249916496,28,13,15,0,0,0,0,0,0,0,0,1,0
1e7v,A,1011,ASP,-3.5,111.1,-1.0,1,3,X,0.0,0.0,0.0,0.0,0.0,0.0,0.0,0.0,23,0.03683566553982344,25,0,25,0,0,0,0,0,0,0,0,1,0
1e7v,A,1012,VAL,4.2,140.0,0.0,0,0,X,0.0,0.0,0.0,0.0,0.0,0.0,0.0,0.0,35,0.045228601991935104,20,14,6,0,0,0,0,0,0,0,0,1,0
1e7v,A,1013,CYS,2.5,108.5,0.0,1,0,X,0.0,0.0,0.0,0.0,0.0,0.0,0.0,0.0,38,0.048026247475972325,22,9,13,0,0,0,0,0,0,0,0,1,0
1e7v,A,1014,VAL,4.2,140.0,0.0,0,0,X,0.0,0.0,0.0,0.0,0.0,0.0,0.0,0.0,31,0.045694876239274644,32,21,11,0,0,0,0,0,0,0,0,1,0
1e7v,A,1015,LYS,-3.9,168.6,1.0,2,0,X,0.0,0.0,0.0,0.0,0.0,0.0,0.0,0.0,27,0.03590311704514436,14,25,-11,0,0,0,0,0,0,0,0,1,0
1e7v,A,1016,ALA,1.8,88.6,0.0,0,0,X,0.0,0.0,0.0,0.0,0.0,0.0,0.0,0.0,37,0.048958795970651406,24,22,2,0,0,0,0,0,0,0,0,1,0
1e7v,A,1017,TYR,-1.3,193.6,0.0,1,1,X,0.0,0.0,0.0,0.0,0.0,0.0,0.0,0.0,44,0.04662742473395372,36,16,20,0,0,0,0,0,0,0,0,1,0
1e7v,A,1018,LEU,3.8,166.7,0.0,0,0,X,0.0,0.0,0.0,0.0,0.0,0.0,0.0,0.0,31,0.045694876239274644,42,24,18,0,0,0,0,0,0,0,0,1,0
1e7v,A,1019,ALA,1.8,88.6,0.0,0,0,X,0.0,0.0,0.0,0.0,0.0,0.0,0.0,0.0,29,0.04662742473395372,38,21,17,0,0,0,0,0,0,0,0,1,0
1e7v,A,1020,LEU,3.8,166.7,0.0,0,0,X,0.0,0.0,0.0,0.0,0.0,0.0,0.0,0.0,39,0.05129016720734909,35,13,22,0,0,0,0,0,0,0,0,1,0
1e7v,A,1021,ARG,-4.5,173.4,1.0,5,0,X,0.0,0.0,0.0,0.0,0.0,0.0,0.0,0.0,34,0.045694876239274644,34,20,14,0,0,0,0,0,0,0,0,1,0
1e7v,A,1022,HIS,-3.2,153.2,0.1,2,1,X,0.0,0.0,0.0,0.0,0.0,0.0,0.0,0.0,20,0.03124037457174899,23,16,7,0,0,0,0,0,0,0,0,1,0
1e7v,A,1023,HIS,-3.2,153.2,0.1,2,1,X,0.0,0.0,0.0,0.0,0.0,0.0,0.0,0.0,28,0.035436842797804825,18,11,7,0,0,0,0,0,0,0,0,1,0
1e7v,A,1024,THR,-0.7,116.1,0.0,1,1,X,0.0,0.0,0.0,0.0,0.0,0.0,0.0,0.0,30,0.03870076252918159,37,9,28,0,0,0,0,0,0,0,0,1,0
1e7v,A,1025,ASN,-3.5,114.1,0.0,2,2,X,0.0,0.0,0.0,0.0,0.0,0.0,0.0,0.0,32,0.03823448828184205,32,15,17,0,0,0,0,0,0,0,0,1,0
1e7v,A,1026,LEU,3.8,166.7,0.0,0,0,X,0.0,0.0,0.0,0.0,0.0,0.0,0.0,0.0,30,0.04662742473395372,18,8,10,0,0,0,0,0,0,0,0,1,0
1e7v,A,1027,LEU,3.8,166.7,0.0,0,0,X,0.0,0.0,0.0,0.0,0.0,0.0,0.0,0.0,37,0.043363505002576956,22,0,22,0,0,0,0,0,0,0,0,1,0
1e7v,A,1028,ILE,4.5,166.7,0.0,0,0,X,0.0,0.0,0.0,0.0,0.0,0.0,0.0,0.0,36,0.048958795970651406,15,18,-3,0,0,0,0,0,0,0,0,1,0
1e7v,A,1029,ILE,4.5,166.7,0.0,0,0,X,0.0,0.0,0.0,0.0,0.0,0.0,0.0,0.0,38,0.04662742473395372,2,10,-8,0,0,0,0,0,0,0,0,1,0
1e7v,A,1030,LEU,3.8,166.7,0.0,0,0,X,0.0,0.0,0.0,0.0,0.0,0.0,0.0,0.0,39,0.04243095650789788,4,2,2,0,0,0,0,0,0,0,0,1,0
1e7v,A,1031,PHE,2.8,189.9,0.0,0,0,X,0.0,0.0,0.0,0.0,0.0,0.0,0.0,0.0,38,0.04662742473395372,4,14,-10,0,0,0,0,0,0,0,0,1,0
1e7v,A,1032,SER,-0.8,89.0,0.0,1,1,X,0.0,0.0,0.0,0.0,0.0,0.0,0.0,0.0,35,0.04476232774459557,4,15,-11,0,0,0,0,0,0,0,0,1,0
1e7v,A,1033,MET,1.9,162.9,0.0,0,0,X,0.0,0.0,0.0,0.0,0.0,0.0,0.0,0.0,38,0.048958795970651406,8,8,0,0,0,0,0,0,0,0,0,1,0
1e7v,A,1034,MET,1.9,162.9,0.0,0,0,X,0.0,0.0,0.0,0.0,0.0,0.0,0.0,0.0,34,0.04616115048661418,5,4,1,0,0,0,0,0,0,0,0,1,0
1e7v,A,1035,LEU,3.8,166.7,0.0,0,0,X,0.0,0.0,0.0,0.0,0.0,0.0,0.0,0.0,35,0.045228601991935104,4,11,-7,0,0,0,0,0,0,0,0,1,0
1e7v,A,1036,MET,1.9,162.9,0.0,0,0,X,0.0,0.0,0.0,0.0,0.0,0.0,0.0,0.0,37,0.04662742473395372,14,16,-2,0,0,0,0,0,0,0,0,1,0
1e7v,A,1037,THR,-0.7,116.1,0.0,1,1,X,0.0,0.0,0.0,0.0,0.0,0.0,0.0,0.0,37,0.04476232774459557,20,14,6,0,0,0,0,0,0,0,0,1,0
1e7v,A,1038,GLY,-0.4,60.1,0.0,0,0,X,0.0,0.0,0.0,0.0,0.0,0.0,0.0,0.0,37,0.043363505002576956,17,19,-2,0,0,0,0,0,0,0,0,1,0
1e7v,A,1039,MET,1.9,162.9,0.0,0,0,X,0.0,0.0,0.0,0.0,0.0,0.0,0.0,0.0,31,0.035436842797804825,19,16,3,0,0,0,0,0,0,0,0,1,0
1e7v,A,1040,PRO,-1.6,112.7,0.0,0,0,X,0.0,0.0,0.0,0.0,0.0,0.0,0.0,0.0,24,0.027043906345693154,17,12,5,0,0,0,0,0,0,0,0,1,0
1e7v,A,1041,GLN,-3.5,143.8,0.0,2,2,X,0.0,0.0,0.0,0.0,0.0,0.0,0.0,0.0,21,0.026577632098353617,5,7,-2,0,0,0,0,0,0,0,0,1,0
1e7v,A,1042,LEU,3.8,166.7,0.0,0,0,X,0.0,0.0,0.0,0.0,0.0,0.0,0.0,0.0,20,0.030307826077069916,9,11,-2,0,0,0,0,0,0,0,0,1,0
1e7v,A,1043,THR,-0.7,116.1,0.0,1,1,X,0.0,0.0,0.0,0.0,0.0,0.0,0.0,0.0,23,0.040565859518539735,11,18,-7,0,0,0,0,0,0,0,0,1,0
1e7v,A,1044,SER,-0.8,89.0,0.0,1,1,X,0.0,0.0,0.0,0.0,0.0,0.0,0.0,0.0,18,0.03170664881908853,9,25,-16,0,0,0,0,0,0,0,0,1,0
1e7v,A,1045,LYS,-3.9,168.6,1.0,2,0,X,0.0,0.0,0.0,0.0,0.0,0.0,0.0,0.0,17,0.02797645484037223,2,26,-24,0,0,0,0,0,0,0,0,1,0
1e7v,A,1046,GLU,-3.5,138.4,-1.0,1,3,X,0.0,0.0,0.0,0.0,0.0,0.0,0.0,0.0,15,0.026577632098353617,12,18,-6,0,0,0,0,0,0,0,0,1,0
1e7v,A,1047,ASP,-3.5,111.1,-1.0,1,3,X,0.0,0.0,0.0,0.0,0.0,0.0,0.0,0.0,21,0.032172923066428064,10,19,-9,0,0,0,0,0,0,0,0,1,0
1e7v,A,1048,ILE,4.5,166.7,0.0,0,0,X,0.0,0.0,0.0,0.0,0.0,0.0,0.0,0.0,28,0.04476232774459557,18,30,-12,0,0,0,0,0,0,0,0,1,0
1e7v,A,1049,GLU,-3.5,138.4,-1.0,1,3,X,0.0,0.0,0.0,0.0,0.0,0.0,0.0,0.0,20,0.03963331102386066,19,29,-10,0,0,0,0,0,0,0,0,1,0
1e7v,A,1050,TYR,-1.3,193.6,0.0,1,1,X,0.0,0.0,0.0,0.0,0.0,0.0,0.0,0.0,26,0.03916703677652112,13,28,-15,0,0,0,0,0,0,0,0,1,0
1e7v,A,1051,ILE,4.5,166.7,0.0,0,0,X,0.0,0.0,0.0,0.0,0.0,0.0,0.0,0.0,37,0.05035761871267001,14,26,-12,0,0,0,0,0,0,0,0,1,0
1e7v,A,1052,ARG,-4.5,173.4,1.0,5,0,X,0.0,0.0,0.0,0.0,0.0,0.0,0.0,0.0,25,0.045228601991935104,5,32,-27,0,0,0,0,0,0,0,0,1,0
1e7v,A,1053,ASP,-3.5,111.1,-1.0,1,3,X,0.0,0.0,0.0,0.0,0.0,0.0,0.0,0.0,23,0.03730193978716297,16,14,2,0,0,0,0,0,0,0,0,1,0
1e7v,A,1054,ALA,1.8,88.6,0.0,0,0,X,0.0,0.0,0.0,0.0,0.0,0.0,0.0,0.0,32,0.04243095650789788,21,11,10,0,0,0,0,0,0,0,0,1,0
1e7v,A,1055,LEU,3.8,166.7,0.0,0,0,X,0.0,0.0,0.0,0.0,0.0,0.0,0.0,0.0,36,0.04755997322863279,38,12,26,0,0,0,0,0,0,0,0,1,0
1e7v,A,1056,THR,-0.7,116.1,0.0,1,1,X,0.0,0.0,0.0,0.0,0.0,0.0,0.0,0.0,28,0.04243095650789788,36,25,11,0,0,0,0,0,0,0,0,1,0
1e7v,A,1057,VAL,4.2,140.0,0.0,0,0,X,0.0,0.0,0.0,0.0,0.0,0.0,0.0,0.0,25,0.03590311704514436,32,19,13,0,0,0,0,0,0,0,0,1,0
1e7v,A,1058,GLY,-0.4,60.1,0.0,0,0,X,0.0,0.0,0.0,0.0,0.0,0.0,0.0,0.0,15,0.019117244140921023,26,20,6,0,0,0,0,0,0,0,0,1,0
1e7v,A,1059,LYS,-3.9,168.6,1.0,2,0,X,0.0,0.0,0.0,0.0,0.0,0.0,0.0,0.0,17,0.027043906345693154,13,24,-11,0,0,0,0,0,0,0,0,1,0
1e7v,A,1060,SER,-0.8,89.0,0.0,1,1,X,0.0,0.0,0.0,0.0,0.0,0.0,0.0,0.0,16,0.027510180593032695,31,26,5,0,0,0,0,0,0,0,0,1,0
1e7v,A,1061,GLU,-3.5,138.4,-1.0,1,3,X,0.0,0.0,0.0,0.0,0.0,0.0,0.0,0.0,19,0.030774100324409453,43,17,26,0,0,0,0,0,0,0,0,1,0
1e7v,A,1062,GLU,-3.5,138.4,-1.0,1,3,X,0.0,0.0,0.0,0.0,0.0,0.0,0.0,0.0,13,0.029375277582390842,28,17,11,0,0,0,0,0,0,0,0,1,0
1e7v,A,1063,ASP,-3.5,111.1,-1.0,1,3,X,0.0,0.0,0.0,0.0,0.0,0.0,0.0,0.0,18,0.03403802005578621,30,19,11,0,0,0,0,0,0,0,0,1,0
1e7v,A,1064,ALA,1.8,88.6,0.0,0,0,X,0.0,0.0,0.0,0.0,0.0,0.0,0.0,0.0,24,0.04989134446533048,37,33,4,0,0,0,0,0,0,0,0,1,0
1e7v,A,1065,LYS,-3.9,168.6,1.0,2,0,X,0.0,0.0,0.0,0.0,0.0,0.0,0.0,0.0,23,0.048026247475972325,21,36,-15,0,0,0,0,0,0,0,0,1,0
1e7v,A,1066,LYS,-3.9,168.6,1.0,2,0,X,0.0,0.0,0.0,0.0,0.0,0.0,0.0,0.0,16,0.034970568550465285,11,30,-19,0,0,0,0,0,0,0,0,1,0
1e7v,A,1067,TYR,-1.3,193.6,0.0,1,1,X,0.0,0.0,0.0,0.0,0.0,0.0,0.0,0.0,29,0.03916703677652112,26,26,0,0,0,0,0,0,0,0,0,1,0
1e7v,A,1068,PHE,2.8,189.9,0.0,0,0,X,0.0,0.0,0.0,0.0,0.0,0.0,0.0,0.0,38,0.04989134446533048,20,20,0,0,0,0,0,0,0,0,0,1,0
1e7v,A,1069,LEU,3.8,166.7,0.0,0,0,X,0.0,0.0,0.0,0.0,0.0,0.0,0.0,0.0,26,0.043363505002576956,23,25,-2,0,0,0,0,0,0,0,0,1,0
1e7v,A,1070,ASP,-3.5,111.1,-1.0,1,3,X,0.0,0.0,0.0,0.0,0.0,0.0,0.0,0.0,20,0.03590311704514436,16,16,0,0,0,0,0,0,0,0,0,1,0
1e7v,A,1071,GLN,-3.5,143.8,0.0,2,2,X,0.0,0.0,0.0,0.0,0.0,0.0,0.0,0.0,27,0.04662742473395372,14,21,-7,0,0,0,0,0,0,0,0,1,0
1e7v,A,1072,ILE,4.5,166.7,0.0,0,0,X,0.0,0.0,0.0,0.0,0.0,0.0,0.0,0.0,31,0.053155264196707235,15,24,-9,0,0,0,0,0,0,0,0,1,0
1e7v,A,1073,GLU,-3.5,138.4,-1.0,1,3,X,0.0,0.0,0.0,0.0,0.0,0.0,0.0,0.0,22,0.03776821403450251,28,16,12,0,0,0,0,0,0,0,0,1,0
1e7v,A,1074,VAL,4.2,140.0,0.0,0,0,X,0.0,0.0,0.0,0.0,0.0,0.0,0.0,0.0,22,0.03870076252918159,22,29,-7,0,0,0,0,0,0,0,0,1,0
1e7v,A,1075,CYS,2.5,108.5,0.0,1,0,X,0.0,0.0,0.0,0.0,0.0,0.0,0.0,0.0,32,0.05222271570202816,26,23,3,0,0,0,0,0,0,0,0,1,0
1e7v,A,1076,ARG,-4.5,173.4,1.0,5,0,X,0.0,0.0,0.0,0.0,0.0,0.0,0.0,0.0,26,0.04243095650789788,21,20,1,0,0,0,0,0,0,0,0,1,0
1e7v,A,1077,ASP,-3.5,111.1,-1.0,1,3,X,0.0,0.0,0.0,0.0,0.0,0.0,0.0,0.0,21,0.027510180593032695,27,14,13,0,0,0,0,0,0,0,0,1,0
1e7v,A,1078,LYS,-3.9,168.6,1.0,2,0,X,0.0,0.0,0.0,0.0,0.0,0.0,0.0,0.0,25,0.035436842797804825,16,27,-11,0,0,0,0,0,0,0,0,1,0
1e7v,A,1079,GLY,-0.4,60.1,0.0,0,0,X,0.0,0.0,0.0,0.0,0.0,0.0,0.0,0.0,30,0.03916703677652112,23,22,1,0,0,0,0,0,0,0,0,1,0
1e7v,A,1080,TRP,-0.9,227.8,0.0,1,0,X,0.0,0.0,0.0,0.0,0.0,0.0,0.0,0.0,28,0.04103213376587927,17,19,-2,0,0,0,0,0,0,0,0,1,0
1e7v,A,1081,THR,-0.7,116.1,0.0,1,1,X,0.0,0.0,0.0,0.0,0.0,0.0,0.0,0.0,23,0.03170664881908853,17,17,0,0,0,0,0,0,0,0,0,1,0
1e7v,A,1082,VAL,4.2,140.0,0.0,0,0,X,0.0,0.0,0.0,0.0,0.0,0.0,0.0,0.0,30,0.04196468226055834,39,19,20,0,0,0,0,0,0,0,0,1,0
1e7v,A,1083,GLN,-3.5,143.8,0.0,2,2,X,0.0,0.0,0.0,0.0,0.0,0.0,0.0,0.0,36,0.048958795970651406,23,14,9,0,0,0,0,0,0,0,0,1,0
1e7v,A,1084,PHE,2.8,189.9,0.0,0,0,X,0.0,0.0,0.0,0.0,0.0,0.0,0.0,0.0,20,0.04289723075523742,8,0,8,0,0,0,0,0,0,0,0,1,0
1e7v,A,1085,ASN,-3.5,114.1,0.0,2,2,X,0.0,0.0,0.0,0.0,0.0,0.0,0.0,0.0,23,0.03823448828184205,35,12,23,0,0,0,0,0,0,0,0,1,0
1e7v,A,1086,TRP,-0.9,227.8,0.0,1,0,X,0.0,0.0,0.0,0.0,0.0,0.0,0.0,0.0,27,0.04662742473395372,40,16,24,0,0,0,0,0,0,0,0,1,0
1e7v,A,1087,PHE,2.8,189.9,0.0,0,0,X,0.0,0.0,0.0,0.0,0.0,0.0,0.0,0.0,25,0.048026247475972325,15,2,13,0,0,0,0,0,0,0,0,1,0
1e7v,A,1088,LEU,3.8,166.7,0.0,0,0,X,0.0,0.0,0.0,0.0,0.0,0.0,0.0,0.0,18,0.04289723075523742,15,0,15,0,0,0,0,0,0,0,0,1,0
1e7v,A,1089,HIS,-3.2,153.2,0.1,2,1,X,0.0,0.0,0.0,0.0,0.0,0.0,0.0,0.0,14,0.0363693912924839,11,0,11,0,0,0,0,0,0,0,0,1,0
1e7v,A,1090,LEU,3.8,166.7,0.0,0,0,X,0.0,0.0,0.0,0.0,0.0,0.0,0.0,0.0,21,0.03450429430312575,29,5,24,0,0,0,0,0,0,0,0,1,0
1e7v,A,1091,VAL,4.2,140.0,0.0,0,0,X,0.0,0.0,0.0,0.0,0.0,0.0,0.0,0.0,20,0.030307826077069916,18,3,15,0,0,0,0,0,0,0,0,1,0
1e7v,A,1092,LEU,3.8,166.7,0.0,0,0,X,0.0,0.0,0.0,0.0,0.0,0.0,0.0,0.0,15,0.02797645484037223,11,0,11,0,0,0,0,0,0,0,0,1,0
1e7v,A,1093,GLY,-0.4,60.1,0.0,0,0,X,0.0,0.0,0.0,0.0,0.0,0.0,0.0,0.0,11,0.024246260861655933,11,0,11,0,0,0,0,0,0,0,0,1,0
1e7v,A,1094,ILE,4.5,166.7,0.0,0,0,X,0.0,0.0,0.0,0.0,0.0,0.0,0.0,0.0,10,0.022381163872297785,10,0,10,0,0,0,0,0,0,0,0,1,0
