pdb_id,chain_id,residue_id,residue_name,hydrophobicity,volume,charge,hbond_donor,hbond_acceptor,ss_type,rel_asa,phi,psi,hse_up,hse_down,hse_ratio,residue_depth,ca_depth,neighbor_count,atom_density,pos_charged_neighbors,neg_charged_neighbors,net_charge_environment,ss_H,ss_B,ss_E,ss_G,ss_I,ss_T,ss_S,ss_ ,ss_X,is_binding_site
1e8c,A,3,ARG,-4.5,173.4,1.0,5,0,X,0.0,0.0,0.0,0.0,0.0,0.0,0.0,0.0,21,0.03450429430312575,37,13,24,0,0,0,0,0,0,0,0,1,0
1e8c,A,4,ASN,-3.5,114.1,0.0,2,2,X,0.0,0.0,0.0,0.0,0.0,0.0,0.0,0.0,20,0.03963331102386066,37,8,29,0,0,0,0,0,0,0,0,1,0
1e8c,A,5,LEU,3.8,166.7,0.0,0,0,X,0.0,0.0,0.0,0.0,0.0,0.0,0.0,0.0,35,0.04942507021799094,34,15,19,0,0,0,0,0,0,0,0,1,0
1e8c,A,6,ARG,-4.5,173.4,1.0,5,0,X,0.0,0.0,0.0,0.0,0.0,0.0,0.0,0.0,18,0.04289723075523742,19,13,6,0,0,0,0,0,0,0,0,1,0
1e8c,A,7,ASP,-3.5,111.1,-1.0,1,3,X,0.0,0.0,0.0,0.0,0.0,0.0,0.0,0.0,20,0.03590311704514436,41,0,41,0,0,0,0,0,0,0,0,1,0
1e8c,A,8,LEU,3.8,166.7,0.0,0,0,X,0.0,0.0,0.0,0.0,0.0,0.0,0.0,0.0,32,0.045694876239274644,41,9,32,0,0,0,0,0,0,0,0,1,0
1e8c,A,9,LEU,3.8,166.7,0.0,0,0,X,0.0,0.0,0.0,0.0,0.0,0.0,0.0,0.0,34,0.048958795970651406,29,17,12,0,0,0,0,0,0,0,0,1,0
1e8c,A,10,ALA,1.8,88.6,0.0,0,0,X,0.0,0.0,0.0,0.0,0.0,0.0,0.0,0.0,18,0.03870076252918159,20,15,5,0,0,0,0,0,0,0,0,1,0
1e8c,A,11,PRO,-1.6,112.7,0.0,0,0,X,0.0,0.0,0.0,0.0,0.0,0.0,0.0,0.0,17,0.027510180593032695,16,10,6,0,0,0,0,0,0,0,0,1,0
1e8c,A,12,TRP,-0.9,227.8,0.0,1,0,X,0.0,0.0,0.0,0.0,0.0,0.0,0.0,0.0,23,0.02984155182973038,20,11,9,0,0,0,0,0,0,0,0,1,0
1e8c,A,13,VAL,4.2,140.0,0.0,0,0,X,0.0,0.0,0.0,0.0,0.0,0.0,0.0,0.0,24,0.03683566553982344,10,24,-14,0,0,0,0,0,0,0,0,1,0
1e8c,A,14,PRO,-1.6,112.7,0.0,0,0,X,0.0,0.0,0.0,0.0,0.0,0.0,0.0,0.0,16,0.025645083603674543,8,12,-4,0,0,0,0,0,0,0,0,1,0
1e8c,A,15,ASP,-3.5,111.1,-1.0,1,3,X,0.0,0.0,0.0,0.0,0.0,0.0,0.0,0.0,20,0.024246260861655933,8,9,-1,0,0,0,0,0,0,0,0,1,0
1e8c,A,16,ALA,1.8,88.6,0.0,0,0,X,0.0,0.0,0.0,0.0,0.0,0.0,0.0,0.0,26,0.03870076252918159,23,20,3,0,0,0,0,0,0,0,0,1,0
1e8c,A,17,PRO,-1.6,112.7,0.0,0,0,X,0.0,0.0,0.0,0.0,0.0,0.0,0.0,0.0,27,0.03450429430312575,26,19,7,0,0,0,0,0,0,0,0,1,0
1e8c,A,18,SER,-0.8,89.0,0.0,1,1,X,0.0,0.0,0.0,0.0,0.0,0.0,0.0,0.0,17,0.030774100324409453,24,8,16,0,0,0,0,0,0,0,0,1,0
1e8c,A,19,ARG,-4.5,173.4,1.0,5,0,X,0.0,0.0,0.0,0.0,0.0,0.0,0.0,0.0,24,0.03450429430312575,13,7,6,0,0,0,0,0,0,0,0,1,0
1e8c,A,20,ALA,1.8,88.6,0.0,0,0,X,0.0,0.0,0.0,0.0,0.0,0.0,0.0,0.0,22,0.027510180593032695,36,11,25,0,0,0,0,0,0,0,0,1,0
1e8c,A,21,LEU,3.8,166.7,0.0,0,0,X,0.0,0.0,0.0,0.0,0.0,0.0,0.0,0.0,28,0.04149840801321881,33,20,13,0,0,0,0,0,0,0,0,1,0
1e8c,A,22,ARG,-4.5,173.4,1.0,5,0,X,0.0,0.0,0.0,0.0,0.0,0.0,0.0,0.0,17,0.02984155182973038,7,17,-10,0,0,0,0,0,0,0,0,1,0
1e8c,A,23,GLU,-3.5,138.4,-1.0,1,3,X,0.0,0.0,0.0,0.0,0.0,0.0,0.0,0.0,22,0.035436842797804825,27,9,18,0,0,0,0,0,0,0,0,1,0
1e8c,A,25,THR,-0.7,116.1,0.0,1,1,X,0.0,0.0,0.0,0.0,0.0,0.0,0.0,0.0,31,0.043363505002576956,14,31,-17,0,0,0,0,0,0,0,0,1,0
1e8c,A,26,LEU,3.8,166.7,0.0,0,0,X,0.0,0.0,0.0,0.0,0.0,0.0,0.0,0.0,30,0.03590311704514436,5,18,-13,0,0,0,0,0,0,0,0,1,0
1e8c,A,27,ASP,-3.5,111.1,-1.0,1,3,X,0.0,0.0,0.0,0.0,0.0,0.0,0.0,0.0,22,0.03403802005578621,11,5,6,0,0,0,0,0,0,0,0,1,0
1e8c,A,28,SER,-0.8,89.0,0.0,1,1,X,0.0,0.0,0.0,0.0,0.0,0.0,0.0,0.0,27,0.04476232774459557,19,12,7,0,0,0,0,0,0,0,0,1,0
1e8c,A,29,ARG,-4.5,173.4,1.0,5,0,X,0.0,0.0,0.0,0.0,0.0,0.0,0.0,0.0,12,0.026577632098353617,0,8,-8,0,0,0,0,0,0,0,0,1,0
1e8c,A,30,VAL,4.2,140.0,0.0,0,0,X,0.0,0.0,0.0,0.0,0.0,0.0,0.0,0.0,17,0.02471253510899547,13,23,-10,0,0,0,0,0,0,0,0,1,0
1e8c,A,31,ALA,1.8,88.6,0.0,0,0,X,0.0,0.0,0.0,0.0,0.0,0.0,0.0,0.0,27,0.04429605349725603,11,22,-11,0,0,0,0,0,0,0,0,1,0
1e8c,A,32,ALA,1.8,88.6,0.0,0,0,X,0.0,0.0,0.0,0.0,0.0,0.0,0.0,0.0,23,0.03170664881908853,15,19,-4,0,0,0,0,0,0,0,0,1,0
1e8c,A,33,ALA,1.8,88.6,0.0,0,0,X,0.0,0.0,0.0,0.0,0.0,0.0,0.0,0.0,22,0.027043906345693154,11,14,-3,0,0,0,0,0,0,0,0,1,0
1e8c,A,34,GLY,-0.4,60.1,0.0,0,0,X,0.0,0.0,0.0,0.0,0.0,0.0,0.0,0.0,24,0.03590311704514436,21,17,4,0,0,0,0,0,0,0,0,1,0
1e8c,A,35,ASP,-3.5,111.1,-1.0,1,3,X,0.0,0.0,0.0,0.0,0.0,0.0,0.0,0.0,29,0.045694876239274644,14,12,2,0,0,0,0,0,0,0,0,1,0
1e8c,A,36,LEU,3.8,166.7,0.0,0,0,X,0.0,0.0,0.0,0.0,0.0,0.0,0.0,0.0,40,0.048492521723311866,17,19,-2,0,0,0,0,0,0,0,0,1,0
1e8c,A,37,PHE,2.8,189.9,0.0,0,0,X,0.0,0.0,0.0,0.0,0.0,0.0,0.0,0.0,41,0.048492521723311866,13,21,-8,0,0,0,0,0,0,0,0,1,0
1e8c,A,38,VAL,4.2,140.0,0.0,0,0,X,0.0,0.0,0.0,0.0,0.0,0.0,0.0,0.0,38,0.045694876239274644,8,19,-11,0,0,0,0,0,0,0,0,1,0
1e8c,A,39,ALA,1.8,88.6,0.0,0,0,X,0.0,0.0,0.0,0.0,0.0,0.0,0.0,0.0,35,0.04942507021799094,18,21,-3,0,0,0,0,0,0,0,0,1,0
1e8c,A,40,VAL,4.2,140.0,0.0,0,0,X,0.0,0.0,0.0,0.0,0.0,0.0,0.0,0.0,33,0.045228601991935104,19,21,-2,0,0,0,0,0,0,0,0,1,0
1e8c,A,41,VAL,4.2,140.0,0.0,0,0,X,0.0,0.0,0.0,0.0,0.0,0.0,0.0,0.0,27,0.03450429430312575,44,28,16,0,0,0,0,0,0,0,0,1,0
1e8c,A,42,GLY,-0.4,60.1,0.0,0,0,X,0.0,0.0,0.0,0.0,0.0,0.0,0.0,0.0,19,0.02797645484037223,33,19,14,0,0,0,0,0,0,0,0,1,0
1e8c,A,43,HIS,-3.2,153.2,0.1,2,1,X,0.0,0.0,0.0,0.0,0.0,0.0,0.0,0.0,16,0.022847438119637322,25,10,15,0,0,0,0,0,0,0,0,1,0
1e8c,A,44,GLN,-3.5,143.8,0.0,2,2,X,0.0,0.0,0.0,0.0,0.0,0.0,0.0,0.0,16,0.020516066882939634,30,13,17,0,0,0,0,0,0,0,0,1,0
1e8c,A,45,ALA,1.8,88.6,0.0,0,0,X,0.0,0.0,0.0,0.0,0.0,0.0,0.0,0.0,16,0.02984155182973038,36,19,17,0,0,0,0,0,0,0,0,1,0
1e8c,A,46,ASP,-3.5,111.1,-1.0,1,3,X,0.0,0.0,0.0,0.0,0.0,0.0,0.0,0.0,24,0.03823448828184205,35,21,14,0,0,0,0,0,0,0,0,1,0
1e8c,A,47,GLY,-0.4,60.1,0.0,0,0,X,0.0,0.0,0.0,0.0,0.0,0.0,0.0,0.0,29,0.04243095650789788,24,23,1,0,0,0,0,0,0,0,0,1,0
1e8c,A,48,ARG,-4.5,173.4,1.0,5,0,X,0.0,0.0,0.0,0.0,0.0,0.0,0.0,0.0,30,0.04149840801321881,19,37,-18,0,0,0,0,0,0,0,0,1,0
1e8c,A,49,ARG,-4.5,173.4,1.0,5,0,X,0.0,0.0,0.0,0.0,0.0,0.0,0.0,0.0,20,0.03310547156110714,18,28,-10,0,0,0,0,0,0,0,0,1,0
1e8c,A,50,TYR,-1.3,193.6,0.0,1,1,X,0.0,0.0,0.0,0.0,0.0,0.0,0.0,0.0,23,0.03683566553982344,26,19,7,0,0,0,0,0,0,0,0,1,0
1e8c,A,51,ILE,4.5,166.7,0.0,0,0,X,0.0,0.0,0.0,0.0,0.0,0.0,0.0,0.0,29,0.03916703677652112,20,5,15,0,0,0,0,0,0,0,0,1,0
1e8c,A,52,PRO,-1.6,112.7,0.0,0,0,X,0.0,0.0,0.0,0.0,0.0,0.0,0.0,0.0,20,0.029375277582390842,19,1,18,0,0,0,0,0,0,0,0,1,0
1e8c,A,53,GLN,-3.5,143.8,0.0,2,2,X,0.0,0.0,0.0,0.0,0.0,0.0,0.0,0.0,19,0.03124037457174899,15,3,12,0,0,0,0,0,0,0,0,1,0
1e8c,A,54,ALA,1.8,88.6,0.0,0,0,X,0.0,0.0,0.0,0.0,0.0,0.0,0.0,0.0,32,0.04709369898129325,16,12,4,0,0,0,0,0,0,0,0,1,0
1e8c,A,55,ILE,4.5,166.7,0.0,0,0,X,0.0,0.0,0.0,0.0,0.0,0.0,0.0,0.0,26,0.040565859518539735,11,3,8,0,0,0,0,0,0,0,0,1,0
1e8c,A,56,ALA,1.8,88.6,0.0,0,0,X,0.0,0.0,0.0,0.0,0.0,0.0,0.0,0.0,17,0.02611135785101408,9,0,9,0,0,0,0,0,0,0,0,1,0
1e8c,A,57,GLN,-3.5,143.8,0.0,2,2,X,0.0,0.0,0.0,0.0,0.0,0.0,0.0,0.0,23,0.02844272908771177,6,10,-4,0,0,0,0,0,0,0,0,1,0
1e8c,A,58,GLY,-0.4,60.1,0.0,0,0,X,0.0,0.0,0.0,0.0,0.0,0.0,0.0,0.0,26,0.030307826077069916,9,8,1,0,0,0,0,0,0,0,0,1,0
1e8c,A,59,VAL,4.2,140.0,0.0,0,0,X,0.0,0.0,0.0,0.0,0.0,0.0,0.0,0.0,35,0.045228601991935104,13,13,0,0,0,0,0,0,0,0,0,1,0
1e8c,A,60,ALA,1.8,88.6,0.0,0,0,X,0.0,0.0,0.0,0.0,0.0,0.0,0.0,0.0,34,0.043829779249916496,23,15,8,0,0,0,0,0,0,0,0,1,0
1e8c,A,61,ALA,1.8,88.6,0.0,0,0,X,0.0,0.0,0.0,0.0,0.0,0.0,0.0,0.0,41,0.048492521723311866,18,15,3,0,0,0,0,0,0,0,0,1,0
1e8c,A,62,ILE,4.5,166.7,0.0,0,0,X,0.0,0.0,0.0,0.0,0.0,0.0,0.0,0.0,38,0.05035761871267001,14,15,-1,0,0,0,0,0,0,0,0,1,0
1e8c,A,63,ILE,4.5,166.7,0.0,0,0,X,0.0,0.0,0.0,0.0,0.0,0.0,0.0,0.0,40,0.04989134446533048,9,12,-3,0,0,0,0,0,0,0,0,1,0
1e8c,A,64,ALA,1.8,88.6,0.0,0,0,X,0.0,0.0,0.0,0.0,0.0,0.0,0.0,0.0,39,0.05175644145468863,27,31,-4,0,0,0,0,0,0,0,0,1,0
1e8c,A,65,GLU,-3.5,138.4,-1.0,1,3,X,0.0,0.0,0.0,0.0,0.0,0.0,0.0,0.0,32,0.04989134446533048,25,29,-4,0,0,0,0,0,0,0,0,1,0
1e8c,A,66,ALA,1.8,88.6,0.0,0,0,X,0.0,0.0,0.0,0.0,0.0,0.0,0.0,0.0,29,0.048026247475972325,26,46,-20,0,0,0,0,0,0,0,0,1,0
1e8c,A,67,LYS,-3.9,168.6,1.0,2,0,X,0.0,0.0,0.0,0.0,0.0,0.0,0.0,0.0,27,0.032172923066428064,14,44,-30,0,0,0,0,0,0,0,0,1,0
1e8c,A,68,ASP,-3.5,111.1,-1.0,1,3,X,0.0,0.0,0.0,0.0,0.0,0.0,0.0,0.0,31,0.03590311704514436,34,40,-6,0,0,0,0,0,0,0,0,1,0
1e8c,A,69,GLU,-3.5,138.4,-1.0,1,3,X,0.0,0.0,0.0,0.0,0.0,0.0,0.0,0.0,28,0.03683566553982344,38,36,2,0,0,0,0,0,0,0,0,1,0
1e8c,A,70,ALA,1.8,88.6,0.0,0,0,X,0.0,0.0,0.0,0.0,0.0,0.0,0.0,0.0,28,0.043363505002576956,34,43,-9,0,0,0,0,0,0,0,0,1,0
1e8c,A,71,THR,-0.7,116.1,0.0,1,1,X,0.0,0.0,0.0,0.0,0.0,0.0,0.0,0.0,32,0.03916703677652112,15,37,-22,0,0,0,0,0,0,0,0,1,0
1e8c,A,72,ASP,-3.5,111.1,-1.0,1,3,X,0.0,0.0,0.0,0.0,0.0,0.0,0.0,0.0,27,0.035436842797804825,8,24,-16,0,0,0,0,0,0,0,0,1,0
1e8c,A,73,GLY,-0.4,60.1,0.0,0,0,X,0.0,0.0,0.0,0.0,0.0,0.0,0.0,0.0,27,0.040099585271200194,13,28,-15,0,0,0,0,0,0,0,0,1,0
1e8c,A,74,GLU,-3.5,138.4,-1.0,1,3,X,0.0,0.0,0.0,0.0,0.0,0.0,0.0,0.0,27,0.03870076252918159,12,25,-13,0,0,0,0,0,0,0,0,1,0
1e8c,A,75,ILE,4.5,166.7,0.0,0,0,X,0.0,0.0,0.0,0.0,0.0,0.0,0.0,0.0,22,0.03963331102386066,11,30,-19,0,0,0,0,0,0,0,0,1,0
1e8c,A,76,ARG,-4.5,173.4,1.0,5,0,X,0.0,0.0,0.0,0.0,0.0,0.0,0.0,0.0,18,0.030774100324409453,0,27,-27,0,0,0,0,0,0,0,0,1,0
1e8c,A,77,GLU,-3.5,138.4,-1.0,1,3,X,0.0,0.0,0.0,0.0,0.0,0.0,0.0,0.0,17,0.02611135785101408,24,4,20,0,0,0,0,0,0,0,0,1,0
1e8c,A,79,HIS,-3.2,153.2,0.1,2,1,X,0.0,0.0,0.0,0.0,0.0,0.0,0.0,0.0,16,0.016319598656883802,2,8,-6,0,0,0,0,0,0,0,0,1,0
1e8c,A,80,GLY,-0.4,60.1,0.0,0,0,X,0.0,0.0,0.0,0.0,0.0,0.0,0.0,0.0,14,0.020516066882939634,22,9,13,0,0,0,0,0,0,0,0,1,0
1e8c,A,81,VAL,4.2,140.0,0.0,0,0,X,0.0,0.0,0.0,0.0,0.0,0.0,0.0,0.0,26,0.035436842797804825,22,11,11,0,0,0,0,0,0,0,0,1,0
1e8c,A,82,PRO,-1.6,112.7,0.0,0,0,X,0.0,0.0,0.0,0.0,0.0,0.0,0.0,0.0,31,0.04149840801321881,24,14,10,0,0,0,0,0,0,0,0,1,0
1e8c,A,83,VAL,4.2,140.0,0.0,0,0,X,0.0,0.0,0.0,0.0,0.0,0.0,0.0,0.0,34,0.04755997322863279,18,23,-5,0,0,0,0,0,0,0,0,1,0
1e8c,A,84,ILE,4.5,166.7,0.0,0,0,X,0.0,0.0,0.0,0.0,0.0,0.0,0.0,0.0,38,0.048026247475972325,11,36,-25,0,0,0,0,0,0,0,0,1,0
1e8c,A,85,TYR,-1.3,193.6,0.0,1,1,X,0.0,0.0,0.0,0.0,0.0,0.0,0.0,0.0,29,0.056419183928083996,24,41,-17,0,0,0,0,0,0,0,0,1,0
1e8c,A,86,LEU,3.8,166.7,0.0,0,0,X,0.0,0.0,0.0,0.0,0.0,0.0,0.0,0.0,30,0.04755997322863279,16,25,-9,0,0,0,0,0,0,0,0,1,0
1e8c,A,87,SER,-0.8,89.0,0.0,1,1,X,0.0,0.0,0.0,0.0,0.0,0.0,0.0,0.0,26,0.03683566553982344,19,31,-12,0,0,0,0,0,0,0,0,1,0
1e8c,A,88,GLN,-3.5,143.8,0.0,2,2,X,0.0,0.0,0.0,0.0,0.0,0.0,0.0,0.0,16,0.032639197313767604,25,24,1,0,0,0,0,0,0,0,0,1,0
1e8c,A,89,LEU,3.8,166.7,0.0,0,0,X,0.0,0.0,0.0,0.0,0.0,0.0,0.0,0.0,32,0.04616115048661418,23,22,1,0,0,0,0,0,0,0,0,1,0
1e8c,A,90,ASN,-3.5,114.1,0.0,2,2,X,0.0,0.0,0.0,0.0,0.0,0.0,0.0,0.0,28,0.03963331102386066,30,17,13,0,0,0,0,0,0,0,0,1,0
1e8c,A,91,GLU,-3.5,138.4,-1.0,1,3,X,0.0,0.0,0.0,0.0,0.0,0.0,0.0,0.0,20,0.03450429430312575,23,3,20,0,0,0,0,0,0,0,0,1,0
1e8c,A,92,ARG,-4.5,173.4,1.0,5,0,X,0.0,0.0,0.0,0.0,0.0,0.0,0.0,0.0,30,0.03916703677652112,8,19,-11,0,0,0,0,0,0,0,0,1,0
1e8c,A,93,LEU,3.8,166.7,0.0,0,0,X,0.0,0.0,0.0,0.0,0.0,0.0,0.0,0.0,37,0.04429605349725603,28,10,18,0,0,0,0,0,0,0,0,1,0
1e8c,A,94,SER,-0.8,89.0,0.0,1,1,X,0.0,0.0,0.0,0.0,0.0,0.0,0.0,0.0,36,0.04662742473395372,32,14,18,0,0,0,0,0,0,0,0,1,0
1e8c,A,95,ALA,1.8,88.6,0.0,0,0,X,0.0,0.0,0.0,0.0,0.0,0.0,0.0,0.0,32,0.035436842797804825,30,12,18,0,0,0,0,0,0,0,0,1,0
1e8c,A,96,LEU,3.8,166.7,0.0,0,0,X,0.0,0.0,0.0,0.0,0.0,0.0,0.0,0.0,33,0.04196468226055834,27,9,18,0,0,0,0,0,0,0,0,1,0
1e8c,A,97,ALA,1.8,88.6,0.0,0,0,X,0.0,0.0,0.0,0.0,0.0,0.0,0.0,0.0,38,0.048958795970651406,41,17,24,0,0,0,0,0,0,0,0,1,0
1e8c,A,98,GLY,-0.4,60.1,0.0,0,0,X,0.0,0.0,0.0,0.0,0.0,0.0,0.0,0.0,28,0.045228601991935104,38,13,25,0,0,0,0,0,0,0,0,1,0
1e8c,A,99,ARG,-4.5,173.4,1.0,5,0,X,0.0,0.0,0.0,0.0,0.0,0.0,0.0,0.0,24,0.045694876239274644,22,17,5,0,0,0,0,0,0,0,0,1,0
1e8c,A,100,PHE,2.8,189.9,0.0,0,0,X,0.0,0.0,0.0,0.0,0.0,0.0,0.0,0.0,32,0.043829779249916496,47,22,25,0,0,0,0,0,0,0,0,1,0
1e8c,A,101,TYR,-1.3,193.6,0.0,1,1,X,0.0,0.0,0.0,0.0,0.0,0.0,0.0,0.0,32,0.043363505002576956,40,32,8,0,0,0,0,0,0,0,0,1,0
1e8c,A,102,HIS,-3.2,153.2,0.1,2,1,X,0.0,0.0,0.0,0.0,0.0,0.0,0.0,0.0,20,0.03124037457174899,21,21,0,0,0,0,0,0,0,0,0,1,0
1e8c,A,103,GLU,-3.5,138.4,-1.0,1,3,X,0.0,0.0,0.0,0.0,0.0,0.0,0.0,0.0,22,0.03916703677652112,35,8,27,0,0,0,0,0,0,0,0,1,0
1e8c,A,104,PRO,-1.6,112.7,0.0,0,0,X,0.0,0.0,0.0,0.0,0.0,0.0,0.0,0.0,31,0.04429605349725603,28,29,-1,0,0,0,0,0,0,0,0,1,0
1e8c,A,105,SER,-0.8,89.0,0.0,1,1,X,0.0,0.0,0.0,0.0,0.0,0.0,0.0,0.0,29,0.04429605349725603,28,18,10,0,0,0,0,0,0,0,0,1,0
1e8c,A,106,ASP,-3.5,111.1,-1.0,1,3,X,0.0,0.0,0.0,0.0,0.0,0.0,0.0,0.0,20,0.028909003335051305,25,9,16,0,0,0,0,0,0,0,0,1,0
1e8c,A,107,ASN,-3.5,114.1,0.0,2,2,X,0.0,0.0,0.0,0.0,0.0,0.0,0.0,0.0,19,0.029375277582390842,16,20,-4,0,0,0,0,0,0,0,0,1,0
1e8c,A,108,LEU,3.8,166.7,0.0,0,0,X,0.0,0.0,0.0,0.0,0.0,0.0,0.0,0.0,31,0.03870076252918159,16,19,-3,0,0,0,0,0,0,0,0,1,0
1e8c,A,109,ARG,-4.5,173.4,1.0,5,0,X,0.0,0.0,0.0,0.0,0.0,0.0,0.0,0.0,29,0.04196468226055834,2,12,-10,0,0,0,0,0,0,0,0,1,0
1e8c,A,110,LEU,3.8,166.7,0.0,0,0,X,0.0,0.0,0.0,0.0,0.0,0.0,0.0,0.0,39,0.045694876239274644,22,8,14,0,0,0,0,0,0,0,0,1,0
1e8c,A,111,VAL,4.2,140.0,0.0,0,0,X,0.0,0.0,0.0,0.0,0.0,0.0,0.0,0.0,44,0.04476232774459557,16,6,10,0,0,0,0,0,0,0,0,1,0
1e8c,A,112,GLY,-0.4,60.1,0.0,0,0,X,0.0,0.0,0.0,0.0,0.0,0.0,0.0,0.0,40,0.04429605349725603,14,7,7,0,0,0,0,0,0,0,0,1,0
1e8c,A,113,VAL,4.2,140.0,0.0,0,0,X,0.0,0.0,0.0,0.0,0.0,0.0,0.0,0.0,40,0.04942507021799094,9,9,0,0,0,0,0,0,0,0,0,1,0
1e8c,A,114,THR,-0.7,116.1,0.0,1,1,X,0.0,0.0,0.0,0.0,0.0,0.0,0.0,0.0,41,0.048492521723311866,10,9,1,0,0,0,0,0,0,0,0,1,1
1e8c,A,115,GLY,-0.4,60.1,0.0,0,0,X,0.0,0.0,0.0,0.0,0.0,0.0,0.0,0.0,42,0.043829779249916496,19,19,0,0,0,0,0,0,0,0,0,1,1
1e8c,A,116,THR,-0.7,116.1,0.0,1,1,X,0.0,0.0,0.0,0.0,0.0,0.0,0.0,0.0,33,0.045228601991935104,39,21,18,0,0,0,0,0,0,0,0,1,1
1e8c,A,117,ASN,-3.5,114.1,0.0,2,2,X,0.0,0.0,0.0,0.0,0.0,0.0,0.0,0.0,37,0.03870076252918159,38,20,18,0,0,0,0,0,0,0,0,1,0
1e8c,A,118,GLY,-0.4,60.1,0.0,0,0,X,0.0,0.0,0.0,0.0,0.0,0.0,0.0,0.0,38,0.04476232774459557,22,10,12,0,0,0,0,0,0,0,0,1,0
1e8c,A,119,LYS,-3.9,168.6,1.0,2,0,X,0.0,0.0,0.0,0.0,0.0,0.0,0.0,0.0,37,0.048026247475972325,11,10,1,0,0,0,0,0,0,0,0,1,1
1e8c,A,120,THR,-0.7,116.1,0.0,1,1,X,0.0,0.0,0.0,0.0,0.0,0.0,0.0,0.0,37,0.04476232774459557,27,9,18,0,0,0,0,0,0,0,0,1,0
1e8c,A,121,THR,-0.7,116.1,0.0,1,1,X,0.0,0.0,0.0,0.0,0.0,0.0,0.0,0.0,38,0.04709369898129325,19,6,13,0,0,0,0,0,0,0,0,1,0
1e8c,A,122,THR,-0.7,116.1,0.0,1,1,X,0.0,0.0,0.0,0.0,0.0,0.0,0.0,0.0,43,0.048026247475972325,9,8,1,0,0,0,0,0,0,0,0,1,0
1e8c,A,123,THR,-0.7,116.1,0.0,1,1,X,0.0,0.0,0.0,0.0,0.0,0.0,0.0,0.0,39,0.04989134446533048,9,9,0,0,0,0,0,0,0,0,0,1,0
1e8c,A,124,GLN,-3.5,143.8,0.0,2,2,X,0.0,0.0,0.0,0.0,0.0,0.0,0.0,0.0,38,0.04476232774459557,12,7,5,0,0,0,0,0,0,0,0,1,0
1e8c,A,125,LEU,3.8,166.7,0.0,0,0,X,0.0,0.0,0.0,0.0,0.0,0.0,0.0,0.0,40,0.05175644145468863,5,0,5,0,0,0,0,0,0,0,0,1,0
1e8c,A,126,LEU,3.8,166.7,0.0,0,0,X,0.0,0.0,0.0,0.0,0.0,0.0,0.0,0.0,45,0.05222271570202816,4,2,2,0,0,0,0,0,0,0,0,1,0
1e8c,A,127,ALA,1.8,88.6,0.0,0,0,X,0.0,0.0,0.0,0.0,0.0,0.0,0.0,0.0,35,0.05408781269138631,1,8,-7,0,0,0,0,0,0,0,0,1,0
1e8c,A,128,GLN,-3.5,143.8,0.0,2,2,X,0.0,0.0,0.0,0.0,0.0,0.0,0.0,0.0,32,0.045694876239274644,8,1,7,0,0,0,0,0,0,0,0,1,0
1e8c,A,129,TRP,-0.9,227.8,0.0,1,0,X,0.0,0.0,0.0,0.0,0.0,0.0,0.0,0.0,43,0.05222271570202816,15,6,9,0,0,0,0,0,0,0,0,1,0
1e8c,A,130,SER,-0.8,89.0,0.0,1,1,X,0.0,0.0,0.0,0.0,0.0,0.0,0.0,0.0,33,0.050823892960009553,8,11,-3,0,0,0,0,0,0,0,0,1,0
1e8c,A,131,GLN,-3.5,143.8,0.0,2,2,X,0.0,0.0,0.0,0.0,0.0,0.0,0.0,0.0,28,0.04196468226055834,1,9,-8,0,0,0,0,0,0,0,0,1,0
1e8c,A,132,LEU,3.8,166.7,0.0,0,0,X,0.0,0.0,0.0,0.0,0.0,0.0,0.0,0.0,26,0.03357174580844668,16,13,3,0,0,0,0,0,0,0,0,1,0
1e8c,A,133,LEU,3.8,166.7,0.0,0,0,X,0.0,0.0,0.0,0.0,0.0,0.0,0.0,0.0,29,0.0363693912924839,11,17,-6,0,0,0,0,0,0,0,0,1,0
1e8c,A,134,GLY,-0.4,60.1,0.0,0,0,X,0.0,0.0,0.0,0.0,0.0,0.0,0.0,0.0,19,0.024246260861655933,1,12,-11,0,0,0,0,0,0,0,0,1,0
1e8c,A,135,GLU,-3.5,138.4,-1.0,1,3,X,0.0,0.0,0.0,0.0,0.0,0.0,0.0,0.0,23,0.03683566553982344,11,0,11,0,0,0,0,0,0,0,0,1,0
1e8c,A,136,ILE,4.5,166.7,0.0,0,0,X,0.0,0.0,0.0,0.0,0.0,0.0,0.0,0.0,28,0.03730193978716297,3,10,-7,0,0,0,0,0,0,0,0,1,0
1e8c,A,137,SER,-0.8,89.0,0.0,1,1,X,0.0,0.0,0.0,0.0,0.0,0.0,0.0,0.0,33,0.05222271570202816,6,9,-3,0,0,0,0,0,0,0,0,1,0
1e8c,A,138,ALA,1.8,88.6,0.0,0,0,X,0.0,0.0,0.0,0.0,0.0,0.0,0.0,0.0,39,0.04289723075523742,10,9,1,0,0,0,0,0,0,0,0,1,0
1e8c,A,139,VAL,4.2,140.0,0.0,0,0,X,0.0,0.0,0.0,0.0,0.0,0.0,0.0,0.0,41,0.04243095650789788,7,13,-6,0,0,0,0,0,0,0,0,1,0
1e8c,A,141,GLY,-0.4,60.1,0.0,0,0,X,0.0,0.0,0.0,0.0,0.0,0.0,0.0,0.0,33,0.04196468226055834,18,16,2,0,0,0,0,0,0,0,0,1,0
1e8c,A,142,THR,-0.7,116.1,0.0,1,1,X,0.0,0.0,0.0,0.0,0.0,0.0,0.0,0.0,33,0.03916703677652112,29,21,8,0,0,0,0,0,0,0,0,1,0
1e8c,A,143,VAL,4.2,140.0,0.0,0,0,X,0.0,0.0,0.0,0.0,0.0,0.0,0.0,0.0,32,0.040099585271200194,22,15,7,0,0,0,0,0,0,0,0,1,0
1e8c,A,144,GLY,-0.4,60.1,0.0,0,0,X,0.0,0.0,0.0,0.0,0.0,0.0,0.0,0.0,31,0.03683566553982344,11,17,-6,0,0,0,0,0,0,0,0,1,0
1e8c,A,145,ASN,-3.5,114.1,0.0,2,2,X,0.0,0.0,0.0,0.0,0.0,0.0,0.0,0.0,29,0.03916703677652112,5,22,-17,0,0,0,0,0,0,0,0,1,0
1e8c,A,146,GLY,-0.4,60.1,0.0,0,0,X,0.0,0.0,0.0,0.0,0.0,0.0,0.0,0.0,30,0.03916703677652112,9,8,1,0,0,0,0,0,0,0,0,1,0
1e8c,A,147,LEU,3.8,166.7,0.0,0,0,X,0.0,0.0,0.0,0.0,0.0,0.0,0.0,0.0,27,0.040099585271200194,9,5,4,0,0,0,0,0,0,0,0,1,0
1e8c,A,148,LEU,3.8,166.7,0.0,0,0,X,0.0,0.0,0.0,0.0,0.0,0.0,0.0,0.0,29,0.03403802005578621,9,2,7,0,0,0,0,0,0,0,0,1,0
1e8c,A,149,GLY,-0.4,60.1,0.0,0,0,X,0.0,0.0,0.0,0.0,0.0,0.0,0.0,0.0,16,0.019117244140921023,9,0,9,0,0,0,0,0,0,0,0,1,0
1e8c,A,150,LYS,-3.9,168.6,1.0,2,0,X,0.0,0.0,0.0,0.0,0.0,0.0,0.0,0.0,14,0.021914889624958248,0,0,0,0,0,0,0,0,0,0,0,1,0
1e8c,A,151,VAL,4.2,140.0,0.0,0,0,X,0.0,0.0,0.0,0.0,0.0,0.0,0.0,0.0,20,0.03357174580844668,8,1,7,0,0,0,0,0,0,0,0,1,0
1e8c,A,152,ILE,4.5,166.7,0.0,0,0,X,0.0,0.0,0.0,0.0,0.0,0.0,0.0,0.0,17,0.025178809356335007,7,6,1,0,0,0,0,0,0,0,0,1,0
1e8c,A,153,PRO,-1.6,112.7,0.0,0,0,X,0.0,0.0,0.0,0.0,0.0,0.0,0.0,0.0,17,0.027510180593032695,11,17,-6,0,0,0,0,0,0,0,0,1,0
1e8c,A,154,THR,-0.7,116.1,0.0,1,1,X,0.0,0.0,0.0,0.0,0.0,0.0,0.0,0.0,22,0.03170664881908853,9,19,-10,0,0,0,0,0,0,0,0,1,0
1e8c,A,155,GLU,-3.5,138.4,-1.0,1,3,X,0.0,0.0,0.0,0.0,0.0,0.0,0.0,0.0,19,0.02144861537761871,9,5,4,0,0,0,0,0,0,0,0,1,0
1e8c,A,156,ASN,-3.5,114.1,0.0,2,2,X,0.0,0.0,0.0,0.0,0.0,0.0,0.0,0.0,27,0.027510180593032695,15,18,-3,0,0,0,0,0,0,0,0,1,0
1e8c,A,157,THR,-0.7,116.1,0.0,1,1,X,0.0,0.0,0.0,0.0,0.0,0.0,0.0,0.0,32,0.03590311704514436,33,14,19,0,0,0,0,0,0,0,0,1,0
1e8c,A,158,THR,-0.7,116.1,0.0,1,1,X,0.0,0.0,0.0,0.0,0.0,0.0,0.0,0.0,32,0.04149840801321881,29,23,6,0,0,0,0,0,0,0,0,1,0
1e8c,A,159,GLY,-0.4,60.1,0.0,0,0,X,0.0,0.0,0.0,0.0,0.0,0.0,0.0,0.0,31,0.03823448828184205,21,25,-4,0,0,0,0,0,0,0,0,1,0
1e8c,A,160,SER,-0.8,89.0,0.0,1,1,X,0.0,0.0,0.0,0.0,0.0,0.0,0.0,0.0,27,0.03403802005578621,22,17,5,0,0,0,0,0,0,0,0,1,0
1e8c,A,161,ALA,1.8,88.6,0.0,0,0,X,0.0,0.0,0.0,0.0,0.0,0.0,0.0,0.0,33,0.04755997322863279,27,17,10,0,0,0,0,0,0,0,0,1,0
1e8c,A,162,VAL,4.2,140.0,0.0,0,0,X,0.0,0.0,0.0,0.0,0.0,0.0,0.0,0.0,33,0.045228601991935104,22,23,-1,0,0,0,0,0,0,0,0,1,0
1e8c,A,163,ASP,-3.5,111.1,-1.0,1,3,X,0.0,0.0,0.0,0.0,0.0,0.0,0.0,0.0,25,0.034970568550465285,17,13,4,0,0,0,0,0,0,0,0,1,0
1e8c,A,164,VAL,4.2,140.0,0.0,0,0,X,0.0,0.0,0.0,0.0,0.0,0.0,0.0,0.0,35,0.04243095650789788,20,18,2,0,0,0,0,0,0,0,0,1,0
1e8c,A,165,GLN,-3.5,143.8,0.0,2,2,X,0.0,0.0,0.0,0.0,0.0,0.0,0.0,0.0,36,0.04989134446533048,27,26,1,0,0,0,0,0,0,0,0,1,0
1e8c,A,166,HIS,-3.2,153.2,0.1,2,1,X,0.0,0.0,0.0,0.0,0.0,0.0,0.0,0.0,25,0.04289723075523742,3,30,-27,0,0,0,0,0,0,0,0,1,0
1e8c,A,167,GLU,-3.5,138.4,-1.0,1,3,X,0.0,0.0,0.0,0.0,0.0,0.0,0.0,0.0,31,0.03730193978716297,10,10,0,0,0,0,0,0,0,0,0,1,0
1e8c,A,168,LEU,3.8,166.7,0.0,0,0,X,0.0,0.0,0.0,0.0,0.0,0.0,0.0,0.0,39,0.040565859518539735,18,28,-10,0,0,0,0,0,0,0,0,1,0
1e8c,A,169,ALA,1.8,88.6,0.0,0,0,X,0.0,0.0,0.0,0.0,0.0,0.0,0.0,0.0,27,0.04476232774459557,17,28,-11,0,0,0,0,0,0,0,0,1,0
1e8c,A,170,GLY,-0.4,60.1,0.0,0,0,X,0.0,0.0,0.0,0.0,0.0,0.0,0.0,0.0,23,0.03403802005578621,10,21,-11,0,0,0,0,0,0,0,0,1,0
1e8c,A,171,LEU,3.8,166.7,0.0,0,0,X,0.0,0.0,0.0,0.0,0.0,0.0,0.0,0.0,32,0.040565859518539735,10,18,-8,0,0,0,0,0,0,0,0,1,0
1e8c,A,172,VAL,4.2,140.0,0.0,0,0,X,0.0,0.0,0.0,0.0,0.0,0.0,0.0,0.0,26,0.03870076252918159,6,19,-13,0,0,0,0,0,0,0,0,1,0
1e8c,A,173,ASP,-3.5,111.1,-1.0,1,3,X,0.0,0.0,0.0,0.0,0.0,0.0,0.0,0.0,17,0.022847438119637322,4,3,1,0,0,0,0,0,0,0,0,1,0
1e8c,A,174,GLN,-3.5,143.8,0.0,2,2,X,0.0,0.0,0.0,0.0,0.0,0.0,0.0,0.0,19,0.025178809356335007,9,11,-2,0,0,0,0,0,0,0,0,1,0
1e8c,A,175,GLY,-0.4,60.1,0.0,0,0,X,0.0,0.0,0.0,0.0,0.0,0.0,0.0,0.0,20,0.027043906345693154,1,13,-12,0,0,0,0,0,0,0,0,1,0
1e8c,A,176,ALA,1.8,88.6,0.0,0,0,X,0.0,0.0,0.0,0.0,0.0,0.0,0.0,0.0,29,0.043829779249916496,6,19,-13,0,0,0,0,0,0,0,0,1,0
1e8c,A,177,THR,-0.7,116.1,0.0,1,1,X,0.0,0.0,0.0,0.0,0.0,0.0,0.0,0.0,28,0.040099585271200194,10,12,-2,0,0,0,0,0,0,0,0,1,0
1e8c,A,178,PHE,2.8,189.9,0.0,0,0,X,0.0,0.0,0.0,0.0,0.0,0.0,0.0,0.0,40,0.048026247475972325,11,9,2,0,0,0,0,0,0,0,0,1,0
1e8c,A,179,CYS,2.5,108.5,0.0,1,0,X,0.0,0.0,0.0,0.0,0.0,0.0,0.0,0.0,44,0.04476232774459557,9,8,1,0,0,0,0,0,0,0,0,1,0
1e8c,A,180,ALA,1.8,88.6,0.0,0,0,X,0.0,0.0,0.0,0.0,0.0,0.0,0.0,0.0,45,0.04476232774459557,9,9,0,0,0,0,0,0,0,0,0,1,0
1e8c,A,182,GLU,-3.5,138.4,-1.0,1,3,X,0.0,0.0,0.0,0.0,0.0,0.0,0.0,0.0,41,0.04243095650789788,13,0,13,0,0,0,0,0,0,0,0,1,0
1e8c,A,183,VAL,4.2,140.0,0.0,0,0,X,0.0,0.0,0.0,0.0,0.0,0.0,0.0,0.0,39,0.04429605349725603,32,9,23,0,0,0,0,0,0,0,0,1,0
1e8c,A,184,SER,-0.8,89.0,0.0,1,1,X,0.0,0.0,0.0,0.0,0.0,0.0,0.0,0.0,33,0.04289723075523742,43,9,34,0,0,0,0,0,0,0,0,1,1
1e8c,A,185,SER,-0.8,89.0,0.0,1,1,X,0.0,0.0,0.0,0.0,0.0,0.0,0.0,0.0,34,0.04755997322863279,46,10,36,0,0,0,0,0,0,0,0,1,1
1e8c,A,186,HIS,-3.2,153.2,0.1,2,1,X,0.0,0.0,0.0,0.0,0.0,0.0,0.0,0.0,27,0.04149840801321881,40,9,31,0,0,0,0,0,0,0,0,1,0
1e8c,A,187,GLY,-0.4,60.1,0.0,0,0,X,0.0,0.0,0.0,0.0,0.0,0.0,0.0,0.0,31,0.045694876239274644,43,3,40,0,0,0,0,0,0,0,0,1,0
1e8c,A,188,LEU,3.8,166.7,0.0,0,0,X,0.0,0.0,0.0,0.0,0.0,0.0,0.0,0.0,34,0.05035761871267001,45,12,33,0,0,0,0,0,0,0,0,1,1
1e8c,A,189,VAL,4.2,140.0,0.0,0,0,X,0.0,0.0,0.0,0.0,0.0,0.0,0.0,0.0,25,0.03683566553982344,50,6,44,0,0,0,0,0,0,0,0,1,0
1e8c,A,190,GLN,-3.5,143.8,0.0,2,2,X,0.0,0.0,0.0,0.0,0.0,0.0,0.0,0.0,26,0.03403802005578621,44,5,39,0,0,0,0,0,0,0,0,1,0
1e8c,A,191,HIS,-3.2,153.2,0.1,2,1,X,0.0,0.0,0.0,0.0,0.0,0.0,0.0,0.0,28,0.040565859518539735,26,14,12,0,0,0,0,0,0,0,0,1,0
1e8c,A,192,ARG,-4.5,173.4,1.0,5,0,X,0.0,0.0,0.0,0.0,0.0,0.0,0.0,0.0,31,0.048026247475972325,24,7,17,0,0,0,0,0,0,0,0,1,0
1e8c,A,193,VAL,4.2,140.0,0.0,0,0,X,0.0,0.0,0.0,0.0,0.0,0.0,0.0,0.0,40,0.045694876239274644,40,10,30,0,0,0,0,0,0,0,0,1,0
1e8c,A,194,ALA,1.8,88.6,0.0,0,0,X,0.0,0.0,0.0,0.0,0.0,0.0,0.0,0.0,36,0.03916703677652112,43,14,29,0,0,0,0,0,0,0,0,1,0
1e8c,A,195,ALA,1.8,88.6,0.0,0,0,X,0.0,0.0,0.0,0.0,0.0,0.0,0.0,0.0,29,0.03730193978716297,49,17,32,0,0,0,0,0,0,0,0,1,0
1e8c,A,196,LEU,3.8,166.7,0.0,0,0,X,0.0,0.0,0.0,0.0,0.0,0.0,0.0,0.0,37,0.04429605349725603,37,17,20,0,0,0,0,0,0,0,0,1,0
1e8c,A,197,LYS,-3.9,168.6,1.0,2,0,X,0.0,0.0,0.0,0.0,0.0,0.0,0.0,0.0,25,0.03916703677652112,19,17,2,0,0,0,0,0,0,0,0,1,0
1e8c,A,198,PHE,2.8,189.9,0.0,0,0,X,0.0,0.0,0.0,0.0,0.0,0.0,0.0,0.0,35,0.04476232774459557,34,7,27,0,0,0,0,0,0,0,0,1,0
1e8c,A,199,ALA,1.8,88.6,0.0,0,0,X,0.0,0.0,0.0,0.0,0.0,0.0,0.0,0.0,32,0.040099585271200194,28,3,25,0,0,0,0,0,0,0,0,1,0
1e8c,A,200,ALA,1.8,88.6,0.0,0,0,X,0.0,0.0,0.0,0.0,0.0,0.0,0.0,0.0,38,0.04616115048661418,26,0,26,0,0,0,0,0,0,0,0,1,0
1e8c,A,201,SER,-0.8,89.0,0.0,1,1,X,0.0,0.0,0.0,0.0,0.0,0.0,0.0,0.0,39,0.053621538444046775,16,0,16,0,0,0,0,0,0,0,0,1,0
1e8c,A,202,VAL,4.2,140.0,0.0,0,0,X,0.0,0.0,0.0,0.0,0.0,0.0,0.0,0.0,44,0.04989134446533048,8,3,5,0,0,0,0,0,0,0,0,1,0
1e8c,A,203,PHE,2.8,189.9,0.0,0,0,X,0.0,0.0,0.0,0.0,0.0,0.0,0.0,0.0,42,0.048026247475972325,10,19,-9,0,0,0,0,0,0,0,0,1,0
1e8c,A,204,THR,-0.7,116.1,0.0,1,1,X,0.0,0.0,0.0,0.0,0.0,0.0,0.0,0.0,42,0.05129016720734909,11,14,-3,0,0,0,0,0,0,0,0,1,0
1e8c,A,205,ASN,-3.5,114.1,0.0,2,2,X,0.0,0.0,0.0,0.0,0.0,0.0,0.0,0.0,34,0.045694876239274644,16,26,-10,0,0,0,0,0,0,0,0,1,0
1e8c,A,206,LEU,3.8,166.7,0.0,0,0,X,0.0,0.0,0.0,0.0,0.0,0.0,0.0,0.0,34,0.04243095650789788,22,43,-21,0,0,0,0,0,0,0,0,1,1
1e8c,A,207,SER,-0.8,89.0,0.0,1,1,X,0.0,0.0,0.0,0.0,0.0,0.0,0.0,0.0,28,0.035436842797804825,30,26,4,0,0,0,0,0,0,0,0,1,0
1e8c,A,208,ARG,-4.5,173.4,1.0,5,0,X,0.0,0.0,0.0,0.0,0.0,0.0,0.0,0.0,26,0.03916703677652112,29,32,-3,0,0,0,0,0,0,0,0,1,0
1e8c,A,209,ASP,-3.5,111.1,-1.0,1,3,X,0.0,0.0,0.0,0.0,0.0,0.0,0.0,0.0,31,0.04149840801321881,65,22,43,0,0,0,0,0,0,0,0,1,0
1e8c,A,210,HIS,-3.2,153.2,0.1,2,1,X,0.0,0.0,0.0,0.0,0.0,0.0,0.0,0.0,32,0.04709369898129325,58,30,28,0,0,0,0,0,0,0,0,1,1
1e8c,A,211,LEU,3.8,166.7,0.0,0,0,X,0.0,0.0,0.0,0.0,0.0,0.0,0.0,0.0,25,0.048492521723311866,59,36,23,0,0,0,0,0,0,0,0,1,0
1e8c,A,212,ASP,-3.5,111.1,-1.0,1,3,X,0.0,0.0,0.0,0.0,0.0,0.0,0.0,0.0,26,0.04243095650789788,58,27,31,0,0,0,0,0,0,0,0,1,0
1e8c,A,213,TYR,-1.3,193.6,0.0,1,1,X,0.0,0.0,0.0,0.0,0.0,0.0,0.0,0.0,27,0.03450429430312575,51,14,37,0,0,0,0,0,0,0,0,1,0
1e8c,A,214,HIS,-3.2,153.2,0.1,2,1,X,0.0,0.0,0.0,0.0,0.0,0.0,0.0,0.0,30,0.04476232774459557,31,38,-7,0,0,0,0,0,0,0,0,1,0
1e8c,A,215,GLY,-0.4,60.1,0.0,0,0,X,0.0,0.0,0.0,0.0,0.0,0.0,0.0,0.0,23,0.040565859518539735,45,38,7,0,0,0,0,0,0,0,0,1,0
1e8c,A,216,ASP,-3.5,111.1,-1.0,1,3,X,0.0,0.0,0.0,0.0,0.0,0.0,0.0,0.0,23,0.03683566553982344,35,26,9,0,0,0,0,0,0,0,0,1,0
1e8c,A,218,GLU,-3.5,138.4,-1.0,1,3,X,0.0,0.0,0.0,0.0,0.0,0.0,0.0,0.0,15,0.025645083603674543,21,20,1,0,0,0,0,0,0,0,0,1,0
1e8c,A,219,HIS,-3.2,153.2,0.1,2,1,X,0.0,0.0,0.0,0.0,0.0,0.0,0.0,0.0,20,0.03310547156110714,19,34,-15,0,0,0,0,0,0,0,0,1,0
1e8c,A,220,TYR,-1.3,193.6,0.0,1,1,X,0.0,0.0,0.0,0.0,0.0,0.0,0.0,0.0,32,0.043363505002576956,46,34,12,0,0,0,0,0,0,0,0,1,1
1e8c,A,221,GLU,-3.5,138.4,-1.0,1,3,X,0.0,0.0,0.0,0.0,0.0,0.0,0.0,0.0,24,0.03870076252918159,28,20,8,0,0,0,0,0,0,0,0,1,1
1e8c,A,222,ALA,1.8,88.6,0.0,0,0,X,0.0,0.0,0.0,0.0,0.0,0.0,0.0,0.0,23,0.032639197313767604,23,29,-6,0,0,0,0,0,0,0,0,1,1
1e8c,A,223,ALA,1.8,88.6,0.0,0,0,X,0.0,0.0,0.0,0.0,0.0,0.0,0.0,0.0,29,0.03963331102386066,31,21,10,0,0,0,0,0,0,0,0,1,1
1e8c,A,225,TRP,-0.9,227.8,0.0,1,0,X,0.0,0.0,0.0,0.0,0.0,0.0,0.0,0.0,25,0.04289723075523742,24,18,6,0,0,0,0,0,0,0,0,1,1
1e8c,A,226,LEU,3.8,166.7,0.0,0,0,X,0.0,0.0,0.0,0.0,0.0,0.0,0.0,0.0,27,0.04149840801321881,26,14,12,0,0,0,0,0,0,0,0,1,1
1e8c,A,227,LEU,3.8,166.7,0.0,0,0,X,0.0,0.0,0.0,0.0,0.0,0.0,0.0,0.0,37,0.04709369898129325,17,10,7,0,0,0,0,0,0,0,0,1,1
1e8c,A,228,TYR,-1.3,193.6,0.0,1,1,X,0.0,0.0,0.0,0.0,0.0,0.0,0.0,0.0,32,0.04196468226055834,22,8,14,0,0,0,0,0,0,0,0,1,0
1e8c,A,229,SER,-0.8,89.0,0.0,1,1,X,0.0,0.0,0.0,0.0,0.0,0.0,0.0,0.0,16,0.029375277582390842,19,10,9,0,0,0,0,0,0,0,0,1,0
1e8c,A,230,GLU,-3.5,138.4,-1.0,1,3,X,0.0,0.0,0.0,0.0,0.0,0.0,0.0,0.0,16,0.027043906345693154,21,0,21,0,0,0,0,0,0,0,0,1,0
1e8c,A,231,HIS,-3.2,153.2,0.1,2,1,X,0.0,0.0,0.0,0.0,0.0,0.0,0.0,0.0,24,0.03963331102386066,29,9,20,0,0,0,0,0,0,0,0,1,0
1e8c,A,232,HIS,-3.2,153.2,0.1,2,1,X,0.0,0.0,0.0,0.0,0.0,0.0,0.0,0.0,21,0.03683566553982344,19,8,11,0,0,0,0,0,0,0,0,1,0
1e8c,A,233,CYS,2.5,108.5,0.0,1,0,X,0.0,0.0,0.0,0.0,0.0,0.0,0.0,0.0,28,0.045694876239274644,26,5,21,0,0,0,0,0,0,0,0,1,0
1e8c,A,234,GLY,-0.4,60.1,0.0,0,0,X,0.0,0.0,0.0,0.0,0.0,0.0,0.0,0.0,27,0.03124037457174899,25,6,19,0,0,0,0,0,0,0,0,1,0
1e8c,A,235,GLN,-3.5,143.8,0.0,2,2,X,0.0,0.0,0.0,0.0,0.0,0.0,0.0,0.0,29,0.03590311704514436,15,8,7,0,0,0,0,0,0,0,0,1,0
1e8c,A,236,ALA,1.8,88.6,0.0,0,0,X,0.0,0.0,0.0,0.0,0.0,0.0,0.0,0.0,35,0.04616115048661418,13,8,5,0,0,0,0,0,0,0,0,1,0
1e8c,A,237,ILE,4.5,166.7,0.0,0,0,X,0.0,0.0,0.0,0.0,0.0,0.0,0.0,0.0,47,0.050823892960009553,9,3,6,0,0,0,0,0,0,0,0,1,0
1e8c,A,238,ILE,4.5,166.7,0.0,0,0,X,0.0,0.0,0.0,0.0,0.0,0.0,0.0,0.0,39,0.0526889899493677,21,17,4,0,0,0,0,0,0,0,0,1,0
1e8c,A,239,ASN,-3.5,114.1,0.0,2,2,X,0.0,0.0,0.0,0.0,0.0,0.0,0.0,0.0,39,0.050823892960009553,25,27,-2,0,0,0,0,0,0,0,0,1,0
1e8c,A,240,ALA,1.8,88.6,0.0,0,0,X,0.0,0.0,0.0,0.0,0.0,0.0,0.0,0.0,32,0.053155264196707235,36,36,0,0,0,0,0,0,0,0,0,1,0
1e8c,A,241,ASP,-3.5,111.1,-1.0,1,3,X,0.0,0.0,0.0,0.0,0.0,0.0,0.0,0.0,29,0.04103213376587927,26,30,-4,0,0,0,0,0,0,0,0,1,0
1e8c,A,242,ASP,-3.5,111.1,-1.0,1,3,X,0.0,0.0,0.0,0.0,0.0,0.0,0.0,0.0,27,0.04196468226055834,30,29,1,0,0,0,0,0,0,0,0,1,0
1e8c,A,243,GLU,-3.5,138.4,-1.0,1,3,X,0.0,0.0,0.0,0.0,0.0,0.0,0.0,0.0,16,0.03170664881908853,28,18,10,0,0,0,0,0,0,0,0,1,0
1e8c,A,244,VAL,4.2,140.0,0.0,0,0,X,0.0,0.0,0.0,0.0,0.0,0.0,0.0,0.0,24,0.04243095650789788,26,30,-4,0,0,0,0,0,0,0,0,1,0
1e8c,A,245,GLY,-0.4,60.1,0.0,0,0,X,0.0,0.0,0.0,0.0,0.0,0.0,0.0,0.0,29,0.05175644145468863,41,29,12,0,0,0,0,0,0,0,0,1,0
1e8c,A,246,ARG,-4.5,173.4,1.0,5,0,X,0.0,0.0,0.0,0.0,0.0,0.0,0.0,0.0,22,0.045228601991935104,26,29,-3,0,0,0,0,0,0,0,0,1,0
1e8c,A,247,ARG,-4.5,173.4,1.0,5,0,X,0.0,0.0,0.0,0.0,0.0,0.0,0.0,0.0,17,0.032639197313767604,18,25,-7,0,0,0,0,0,0,0,0,1,0
1e8c,A,248,TRP,-0.9,227.8,0.0,1,0,X,0.0,0.0,0.0,0.0,0.0,0.0,0.0,0.0,32,0.045694876239274644,26,21,5,0,0,0,0,0,0,0,0,1,1
1e8c,A,249,LEU,3.8,166.7,0.0,0,0,X,0.0,0.0,0.0,0.0,0.0,0.0,0.0,0.0,33,0.04476232774459557,39,12,27,0,0,0,0,0,0,0,0,1,0
1e8c,A,250,ALA,1.8,88.6,0.0,0,0,X,0.0,0.0,0.0,0.0,0.0,0.0,0.0,0.0,17,0.028909003335051305,33,3,30,0,0,0,0,0,0,0,0,1,0
1e8c,A,251,LYS,-3.9,168.6,1.0,2,0,X,0.0,0.0,0.0,0.0,0.0,0.0,0.0,0.0,17,0.026577632098353617,14,3,11,0,0,0,0,0,0,0,0,1,0
1e8c,A,252,LEU,3.8,166.7,0.0,0,0,X,0.0,0.0,0.0,0.0,0.0,0.0,0.0,0.0,27,0.030774100324409453,22,8,14,0,0,0,0,0,0,0,0,1,0
1e8c,A,253,PRO,-1.6,112.7,0.0,0,0,X,0.0,0.0,0.0,0.0,0.0,0.0,0.0,0.0,17,0.025178809356335007,24,8,16,0,0,0,0,0,0,0,0,1,0
1e8c,A,254,ASP,-3.5,111.1,-1.0,1,3,X,0.0,0.0,0.0,0.0,0.0,0.0,0.0,0.0,18,0.028909003335051305,19,0,19,0,0,0,0,0,0,0,0,1,0
1e8c,A,255,ALA,1.8,88.6,0.0,0,0,X,0.0,0.0,0.0,0.0,0.0,0.0,0.0,0.0,32,0.04755997322863279,26,8,18,0,0,0,0,0,0,0,0,1,0
1e8c,A,256,VAL,4.2,140.0,0.0,0,0,X,0.0,0.0,0.0,0.0,0.0,0.0,0.0,0.0,41,0.04989134446533048,22,7,15,0,0,0,0,0,0,0,0,1,0
1e8c,A,257,ALA,1.8,88.6,0.0,0,0,X,0.0,0.0,0.0,0.0,0.0,0.0,0.0,0.0,40,0.050823892960009553,41,9,32,0,0,0,0,0,0,0,0,1,0
1e8c,A,258,VAL,4.2,140.0,0.0,0,0,X,0.0,0.0,0.0,0.0,0.0,0.0,0.0,0.0,42,0.05408781269138631,28,18,10,0,0,0,0,0,0,0,0,1,0
1e8c,A,259,SER,-0.8,89.0,0.0,1,1,X,0.0,0.0,0.0,0.0,0.0,0.0,0.0,0.0,35,0.048492521723311866,32,29,3,0,0,0,0,0,0,0,0,1,0
1e8c,A,261,GLU,-3.5,138.4,-1.0,1,3,X,0.0,0.0,0.0,0.0,0.0,0.0,0.0,0.0,21,0.024246260861655933,22,22,0,0,0,0,0,0,0,0,0,1,0
1e8c,A,262,ASP,-3.5,111.1,-1.0,1,3,X,0.0,0.0,0.0,0.0,0.0,0.0,0.0,0.0,15,0.027510180593032695,25,17,8,0,0,0,0,0,0,0,0,1,0
1e8c,A,263,HIS,-3.2,153.2,0.1,2,1,X,0.0,0.0,0.0,0.0,0.0,0.0,0.0,0.0,21,0.03590311704514436,21,36,-15,0,0,0,0,0,0,0,0,1,0
1e8c,A,264,ILE,4.5,166.7,0.0,0,0,X,0.0,0.0,0.0,0.0,0.0,0.0,0.0,0.0,28,0.04616115048661418,38,19,19,0,0,0,0,0,0,0,0,1,0
1e8c,A,265,ASN,-3.5,114.1,0.0,2,2,X,0.0,0.0,0.0,0.0,0.0,0.0,0.0,0.0,16,0.030774100324409453,28,6,22,0,0,0,0,0,0,0,0,1,0
1e8c,A,266,PRO,-1.6,112.7,0.0,0,0,X,0.0,0.0,0.0,0.0,0.0,0.0,0.0,0.0,14,0.032639197313767604,22,0,22,0,0,0,0,0,0,0,0,1,0
1e8c,A,267,ASN,-3.5,114.1,0.0,2,2,X,0.0,0.0,0.0,0.0,0.0,0.0,0.0,0.0,8,0.020516066882939634,11,0,11,0,0,0,0,0,0,0,0,1,0
1e8c,A,268,CYS,2.5,108.5,0.0,1,0,X,0.0,0.0,0.0,0.0,0.0,0.0,0.0,0.0,18,0.022381163872297785,18,1,17,0,0,0,0,0,0,0,0,1,0
1e8c,A,269,HIS,-3.2,153.2,0.1,2,1,X,0.0,0.0,0.0,0.0,0.0,0.0,0.0,0.0,29,0.04289723075523742,25,4,21,0,0,0,0,0,0,0,0,1,0
1e8c,A,270,GLY,-0.4,60.1,0.0,0,0,X,0.0,0.0,0.0,0.0,0.0,0.0,0.0,0.0,21,0.03357174580844668,21,8,13,0,0,0,0,0,0,0,0,1,0
1e8c,A,271,ARG,-4.5,173.4,1.0,5,0,X,0.0,0.0,0.0,0.0,0.0,0.0,0.0,0.0,27,0.040565859518539735,8,8,0,0,0,0,0,0,0,0,0,1,0
1e8c,A,272,TRP,-0.9,227.8,0.0,1,0,X,0.0,0.0,0.0,0.0,0.0,0.0,0.0,0.0,28,0.05129016720734909,29,5,24,0,0,0,0,0,0,0,0,1,0
1e8c,A,273,LEU,3.8,166.7,0.0,0,0,X,0.0,0.0,0.0,0.0,0.0,0.0,0.0,0.0,39,0.053621538444046775,21,7,14,0,0,0,0,0,0,0,0,1,0
1e8c,A,274,LYS,-3.9,168.6,1.0,2,0,X,0.0,0.0,0.0,0.0,0.0,0.0,0.0,0.0,32,0.045694876239274644,17,26,-9,0,0,0,0,0,0,0,0,1,0
1e8c,A,275,ALA,1.8,88.6,0.0,0,0,X,0.0,0.0,0.0,0.0,0.0,0.0,0.0,0.0,28,0.040565859518539735,22,29,-7,0,0,0,0,0,0,0,0,1,0
1e8c,A,276,THR,-0.7,116.1,0.0,1,1,X,0.0,0.0,0.0,0.0,0.0,0.0,0.0,0.0,22,0.030307826077069916,20,28,-8,0,0,0,0,0,0,0,0,1,0
1e8c,A,277,GLU,-3.5,138.4,-1.0,1,3,X,0.0,0.0,0.0,0.0,0.0,0.0,0.0,0.0,14,0.02797645484037223,14,8,6,0,0,0,0,0,0,0,0,1,0
1e8c,A,278,VAL,4.2,140.0,0.0,0,0,X,0.0,0.0,0.0,0.0,0.0,0.0,0.0,0.0,25,0.035436842797804825,18,13,5,0,0,0,0,0,0,0,0,1,0
1e8c,A,279,ASN,-3.5,114.1,0.0,2,2,X,0.0,0.0,0.0,0.0,0.0,0.0,0.0,0.0,17,0.02844272908771177,15,20,-5,0,0,0,0,0,0,0,0,1,0
1e8c,A,280,TYR,-1.3,193.6,0.0,1,1,X,0.0,0.0,0.0,0.0,0.0,0.0,0.0,0.0,22,0.03310547156110714,13,7,6,0,0,0,0,0,0,0,0,1,0
1e8c,A,281,HIS,-3.2,153.2,0.1,2,1,X,0.0,0.0,0.0,0.0,0.0,0.0,0.0,0.0,18,0.028909003335051305,16,16,0,0,0,0,0,0,0,0,0,1,0
1e8c,A,282,ASP,-3.5,111.1,-1.0,1,3,X,0.0,0.0,0.0,0.0,0.0,0.0,0.0,0.0,18,0.020049792635600097,34,1,33,0,0,0,0,0,0,0,0,1,0
1e8c,A,283,SER,-0.8,89.0,0.0,1,1,X,0.0,0.0,0.0,0.0,0.0,0.0,0.0,0.0,29,0.030307826077069916,42,13,29,0,0,0,0,0,0,0,0,1,0
1e8c,A,284,GLY,-0.4,60.1,0.0,0,0,X,0.0,0.0,0.0,0.0,0.0,0.0,0.0,0.0,25,0.0363693912924839,26,17,9,0,0,0,0,0,0,0,0,1,0
1e8c,A,285,ALA,1.8,88.6,0.0,0,0,X,0.0,0.0,0.0,0.0,0.0,0.0,0.0,0.0,26,0.048492521723311866,23,24,-1,0,0,0,0,0,0,0,0,1,0
1e8c,A,286,THR,-0.7,116.1,0.0,1,1,X,0.0,0.0,0.0,0.0,0.0,0.0,0.0,0.0,22,0.04429605349725603,23,28,-5,0,0,0,0,0,0,0,0,1,0
1e8c,A,287,ILE,4.5,166.7,0.0,0,0,X,0.0,0.0,0.0,0.0,0.0,0.0,0.0,0.0,34,0.048492521723311866,18,26,-8,0,0,0,0,0,0,0,0,1,0
1e8c,A,288,ARG,-4.5,173.4,1.0,5,0,X,0.0,0.0,0.0,0.0,0.0,0.0,0.0,0.0,20,0.043363505002576956,4,29,-25,0,0,0,0,0,0,0,0,1,0
1e8c,A,289,PHE,2.8,189.9,0.0,0,0,X,0.0,0.0,0.0,0.0,0.0,0.0,0.0,0.0,32,0.04709369898129325,20,24,-4,0,0,0,0,0,0,0,0,1,0
1e8c,A,290,SER,-0.8,89.0,0.0,1,1,X,0.0,0.0,0.0,0.0,0.0,0.0,0.0,0.0,26,0.040099585271200194,20,13,7,0,0,0,0,0,0,0,0,1,0
1e8c,A,291,SER,-0.8,89.0,0.0,1,1,X,0.0,0.0,0.0,0.0,0.0,0.0,0.0,0.0,28,0.045228601991935104,18,8,10,0,0,0,0,0,0,0,0,1,0
1e8c,A,292,SER,-0.8,89.0,0.0,1,1,X,0.0,0.0,0.0,0.0,0.0,0.0,0.0,0.0,21,0.03170664881908853,22,7,15,0,0,0,0,0,0,0,0,1,0
1e8c,A,293,TRP,-0.9,227.8,0.0,1,0,X,0.0,0.0,0.0,0.0,0.0,0.0,0.0,0.0,29,0.027043906345693154,12,6,6,0,0,0,0,0,0,0,0,1,0
1e8c,A,294,GLY,-0.4,60.1,0.0,0,0,X,0.0,0.0,0.0,0.0,0.0,0.0,0.0,0.0,19,0.027043906345693154,6,9,-3,0,0,0,0,0,0,0,0,1,0
1e8c,A,295,ASP,-3.5,111.1,-1.0,1,3,X,0.0,0.0,0.0,0.0,0.0,0.0,0.0,0.0,20,0.029375277582390842,18,5,13,0,0,0,0,0,0,0,0,1,0
1e8c,A,296,GLY,-0.4,60.1,0.0,0,0,X,0.0,0.0,0.0,0.0,0.0,0.0,0.0,0.0,25,0.032172923066428064,14,24,-10,0,0,0,0,0,0,0,0,1,0
1e8c,A,297,GLU,-3.5,138.4,-1.0,1,3,X,0.0,0.0,0.0,0.0,0.0,0.0,0.0,0.0,21,0.03403802005578621,13,21,-8,0,0,0,0,0,0,0,0,1,0
1e8c,A,298,ILE,4.5,166.7,0.0,0,0,X,0.0,0.0,0.0,0.0,0.0,0.0,0.0,0.0,33,0.04243095650789788,23,22,1,0,0,0,0,0,0,0,0,1,0
1e8c,A,299,GLU,-3.5,138.4,-1.0,1,3,X,0.0,0.0,0.0,0.0,0.0,0.0,0.0,0.0,27,0.03683566553982344,25,11,14,0,0,0,0,0,0,0,0,1,0
1e8c,A,300,SER,-0.8,89.0,0.0,1,1,X,0.0,0.0,0.0,0.0,0.0,0.0,0.0,0.0,32,0.04196468226055834,25,18,7,0,0,0,0,0,0,0,0,1,0
1e8c,A,301,HIS,-3.2,153.2,0.1,2,1,X,0.0,0.0,0.0,0.0,0.0,0.0,0.0,0.0,26,0.03683566553982344,22,16,6,0,0,0,0,0,0,0,0,1,0
1e8c,A,302,LEU,3.8,166.7,0.0,0,0,X,0.0,0.0,0.0,0.0,0.0,0.0,0.0,0.0,36,0.03916703677652112,26,9,17,0,0,0,0,0,0,0,0,1,0
1e8c,A,304,GLY,-0.4,60.1,0.0,0,0,X,0.0,0.0,0.0,0.0,0.0,0.0,0.0,0.0,33,0.03590311704514436,21,3,18,0,0,0,0,0,0,0,0,1,0
1e8c,A,305,ALA,1.8,88.6,0.0,0,0,X,0.0,0.0,0.0,0.0,0.0,0.0,0.0,0.0,26,0.029375277582390842,9,10,-1,0,0,0,0,0,0,0,0,1,0
1e8c,A,306,PHE,2.8,189.9,0.0,0,0,X,0.0,0.0,0.0,0.0,0.0,0.0,0.0,0.0,34,0.030307826077069916,18,14,4,0,0,0,0,0,0,0,0,1,0
1e8c,A,307,ASN,-3.5,114.1,0.0,2,2,X,0.0,0.0,0.0,0.0,0.0,0.0,0.0,0.0,34,0.03590311704514436,17,3,14,0,0,0,0,0,0,0,0,1,0
1e8c,A,308,VAL,4.2,140.0,0.0,0,0,X,0.0,0.0,0.0,0.0,0.0,0.0,0.0,0.0,39,0.04149840801321881,6,7,-1,0,0,0,0,0,0,0,0,1,0
1e8c,A,309,SER,-0.8,89.0,0.0,1,1,X,0.0,0.0,0.0,0.0,0.0,0.0,0.0,0.0,39,0.04243095650789788,6,15,-9,0,0,0,0,0,0,0,0,1,0
1e8c,A,310,ASN,-3.5,114.1,0.0,2,2,X,0.0,0.0,0.0,0.0,0.0,0.0,0.0,0.0,39,0.04942507021799094,10,0,10,0,0,0,0,0,0,0,0,1,0
1e8c,A,311,LEU,3.8,166.7,0.0,0,0,X,0.0,0.0,0.0,0.0,0.0,0.0,0.0,0.0,37,0.04942507021799094,3,4,-1,0,0,0,0,0,0,0,0,1,0
1e8c,A,312,LEU,3.8,166.7,0.0,0,0,X,0.0,0.0,0.0,0.0,0.0,0.0,0.0,0.0,44,0.04616115048661418,10,4,6,0,0,0,0,0,0,0,0,1,0
1e8c,A,313,LEU,3.8,166.7,0.0,0,0,X,0.0,0.0,0.0,0.0,0.0,0.0,0.0,0.0,44,0.053621538444046775,4,2,2,0,0,0,0,0,0,0,0,1,0
1e8c,A,314,ALA,1.8,88.6,0.0,0,0,X,0.0,0.0,0.0,0.0,0.0,0.0,0.0,0.0,40,0.05129016720734909,0,0,0,0,0,0,0,0,0,0,0,1,0
1e8c,A,315,LEU,3.8,166.7,0.0,0,0,X,0.0,0.0,0.0,0.0,0.0,0.0,0.0,0.0,42,0.045694876239274644,4,2,2,0,0,0,0,0,0,0,0,1,0
1e8c,A,316,ALA,1.8,88.6,0.0,0,0,X,0.0,0.0,0.0,0.0,0.0,0.0,0.0,0.0,42,0.048958795970651406,12,0,12,0,0,0,0,0,0,0,0,1,0
1e8c,A,317,THR,-0.7,116.1,0.0,1,1,X,0.0,0.0,0.0,0.0,0.0,0.0,0.0,0.0,41,0.05035761871267001,7,0,7,0,0,0,0,0,0,0,0,1,0
1e8c,A,318,LEU,3.8,166.7,0.0,0,0,X,0.0,0.0,0.0,0.0,0.0,0.0,0.0,0.0,38,0.04755997322863279,6,6,0,0,0,0,0,0,0,0,0,1,0
1e8c,A,319,LEU,3.8,166.7,0.0,0,0,X,0.0,0.0,0.0,0.0,0.0,0.0,0.0,0.0,34,0.04476232774459557,8,2,6,0,0,0,0,0,0,0,0,1,0
1e8c,A,320,ALA,1.8,88.6,0.0,0,0,X,0.0,0.0,0.0,0.0,0.0,0.0,0.0,0.0,34,0.04196468226055834,14,2,12,0,0,0,0,0,0,0,0,1,0
1e8c,A,321,LEU,3.8,166.7,0.0,0,0,X,0.0,0.0,0.0,0.0,0.0,0.0,0.0,0.0,31,0.03590311704514436,14,4,10,0,0,0,0,0,0,0,0,1,0
1e8c,A,322,GLY,-0.4,60.1,0.0,0,0,X,0.0,0.0,0.0,0.0,0.0,0.0,0.0,0.0,20,0.029375277582390842,7,3,4,0,0,0,0,0,0,0,0,1,0
1e8c,A,323,TYR,-1.3,193.6,0.0,1,1,X,0.0,0.0,0.0,0.0,0.0,0.0,0.0,0.0,28,0.03730193978716297,7,15,-8,0,0,0,0,0,0,0,0,1,0
1e8c,A,324,PRO,-1.6,112.7,0.0,0,0,X,0.0,0.0,0.0,0.0,0.0,0.0,0.0,0.0,18,0.030307826077069916,7,8,-1,0,0,0,0,0,0,0,0,1,0
1e8c,A,325,LEU,3.8,166.7,0.0,0,0,X,0.0,0.0,0.0,0.0,0.0,0.0,0.0,0.0,27,0.03776821403450251,7,19,-12,0,0,0,0,0,0,0,0,1,0
1e8c,A,326,ALA,1.8,88.6,0.0,0,0,X,0.0,0.0,0.0,0.0,0.0,0.0,0.0,0.0,20,0.027043906345693154,9,12,-3,0,0,0,0,0,0,0,0,1,0
1e8c,A,327,ASP,-3.5,111.1,-1.0,1,3,X,0.0,0.0,0.0,0.0,0.0,0.0,0.0,0.0,20,0.034970568550465285,11,0,11,0,0,0,0,0,0,0,0,1,0
1e8c,A,328,LEU,3.8,166.7,0.0,0,0,X,0.0,0.0,0.0,0.0,0.0,0.0,0.0,0.0,35,0.048026247475972325,10,9,1,0,0,0,0,0,0,0,0,1,0
1e8c,A,329,LEU,3.8,166.7,0.0,0,0,X,0.0,0.0,0.0,0.0,0.0,0.0,0.0,0.0,25,0.04103213376587927,13,26,-13,0,0,0,0,0,0,0,0,1,0
1e8c,A,330,LYS,-3.9,168.6,1.0,2,0,X,0.0,0.0,0.0,0.0,0.0,0.0,0.0,0.0,15,0.02984155182973038,8,9,-1,0,0,0,0,0,0,0,0,1,0
1e8c,A,331,THR,-0.7,116.1,0.0,1,1,X,0.0,0.0,0.0,0.0,0.0,0.0,0.0,0.0,26,0.040099585271200194,21,12,9,0,0,0,0,0,0,0,0,1,0
1e8c,A,332,ALA,1.8,88.6,0.0,0,0,X,0.0,0.0,0.0,0.0,0.0,0.0,0.0,0.0,29,0.04616115048661418,27,16,11,0,0,0,0,0,0,0,0,1,0
1e8c,A,333,ALA,1.8,88.6,0.0,0,0,X,0.0,0.0,0.0,0.0,0.0,0.0,0.0,0.0,22,0.03683566553982344,27,12,15,0,0,0,0,0,0,0,0,1,0
1e8c,A,334,ARG,-4.5,173.4,1.0,5,0,X,0.0,0.0,0.0,0.0,0.0,0.0,0.0,0.0,17,0.029375277582390842,13,5,8,0,0,0,0,0,0,0,0,1,0
1e8c,A,335,LEU,3.8,166.7,0.0,0,0,X,0.0,0.0,0.0,0.0,0.0,0.0,0.0,0.0,32,0.04709369898129325,23,5,18,0,0,0,0,0,0,0,0,1,0
1e8c,A,336,GLN,-3.5,143.8,0.0,2,2,X,0.0,0.0,0.0,0.0,0.0,0.0,0.0,0.0,25,0.0363693912924839,31,1,30,0,0,0,0,0,0,0,0,1,0
1e8c,A,337,PRO,-1.6,112.7,0.0,0,0,X,0.0,0.0,0.0,0.0,0.0,0.0,0.0,0.0,27,0.04243095650789788,35,9,26,0,0,0,0,0,0,0,0,1,0
1e8c,A,338,VAL,4.2,140.0,0.0,0,0,X,0.0,0.0,0.0,0.0,0.0,0.0,0.0,0.0,34,0.040565859518539735,37,13,24,0,0,0,0,0,0,0,0,1,0
1e8c,A,339,CYS,2.5,108.5,0.0,1,0,X,0.0,0.0,0.0,0.0,0.0,0.0,0.0,0.0,28,0.03590311704514436,43,20,23,0,0,0,0,0,0,0,0,1,0
1e8c,A,340,GLY,-0.4,60.1,0.0,0,0,X,0.0,0.0,0.0,0.0,0.0,0.0,0.0,0.0,34,0.04662742473395372,45,33,12,0,0,0,0,0,0,0,0,1,0
1e8c,A,341,ARG,-4.5,173.4,1.0,5,0,X,0.0,0.0,0.0,0.0,0.0,0.0,0.0,0.0,37,0.04429605349725603,33,22,11,0,0,0,0,0,0,0,0,1,0
1e8c,A,343,GLU,-3.5,138.4,-1.0,1,3,X,0.0,0.0,0.0,0.0,0.0,0.0,0.0,0.0,33,0.045694876239274644,40,12,28,0,0,0,0,0,0,0,0,1,0
1e8c,A,344,VAL,4.2,140.0,0.0,0,0,X,0.0,0.0,0.0,0.0,0.0,0.0,0.0,0.0,33,0.043363505002576956,32,14,18,0,0,0,0,0,0,0,0,1,0
1e8c,A,345,PHE,2.8,189.9,0.0,0,0,X,0.0,0.0,0.0,0.0,0.0,0.0,0.0,0.0,33,0.048492521723311866,36,14,22,0,0,0,0,0,0,0,0,1,0
1e8c,A,346,THR,-0.7,116.1,0.0,1,1,X,0.0,0.0,0.0,0.0,0.0,0.0,0.0,0.0,26,0.04149840801321881,25,8,17,0,0,0,0,0,0,0,0,1,0
1e8c,A,347,ALA,1.8,88.6,0.0,0,0,X,0.0,0.0,0.0,0.0,0.0,0.0,0.0,0.0,22,0.03310547156110714,20,10,10,0,0,0,0,0,0,0,0,1,0
1e8c,A,348,PRO,-1.6,112.7,0.0,0,0,X,0.0,0.0,0.0,0.0,0.0,0.0,0.0,0.0,13,0.019117244140921023,14,9,5,0,0,0,0,0,0,0,0,1,0
1e8c,A,349,GLY,-0.4,60.1,0.0,0,0,X,0.0,0.0,0.0,0.0,0.0,0.0,0.0,0.0,15,0.020049792635600097,15,11,4,0,0,0,0,0,0,0,0,1,0
1e8c,A,350,LYS,-3.9,168.6,1.0,2,0,X,0.0,0.0,0.0,0.0,0.0,0.0,0.0,0.0,24,0.03823448828184205,7,14,-7,0,0,0,0,0,0,0,0,1,0
1e8c,A,351,PRO,-1.6,112.7,0.0,0,0,X,0.0,0.0,0.0,0.0,0.0,0.0,0.0,0.0,31,0.05035761871267001,19,17,2,0,0,0,0,0,0,0,0,1,0
1e8c,A,352,THR,-0.7,116.1,0.0,1,1,X,0.0,0.0,0.0,0.0,0.0,0.0,0.0,0.0,36,0.045228601991935104,25,18,7,0,0,0,0,0,0,0,0,1,0
1e8c,A,353,VAL,4.2,140.0,0.0,0,0,X,0.0,0.0,0.0,0.0,0.0,0.0,0.0,0.0,40,0.04709369898129325,14,21,-7,0,0,0,0,0,0,0,0,1,0
1e8c,A,354,VAL,4.2,140.0,0.0,0,0,X,0.0,0.0,0.0,0.0,0.0,0.0,0.0,0.0,41,0.043829779249916496,13,24,-11,0,0,0,0,0,0,0,0,1,0
1e8c,A,355,VAL,4.2,140.0,0.0,0,0,X,0.0,0.0,0.0,0.0,0.0,0.0,0.0,0.0,39,0.05129016720734909,41,27,14,0,0,0,0,0,0,0,0,1,0
1e8c,A,356,ASP,-3.5,111.1,-1.0,1,3,X,0.0,0.0,0.0,0.0,0.0,0.0,0.0,0.0,42,0.04616115048661418,42,13,29,0,0,0,0,0,0,0,0,1,0
1e8c,A,357,TYR,-1.3,193.6,0.0,1,1,X,0.0,0.0,0.0,0.0,0.0,0.0,0.0,0.0,37,0.043363505002576956,44,27,17,0,0,0,0,0,0,0,0,1,1
1e8c,A,358,ALA,1.8,88.6,0.0,0,0,X,0.0,0.0,0.0,0.0,0.0,0.0,0.0,0.0,39,0.04243095650789788,40,29,11,0,0,0,0,0,0,0,0,1,0
1e8c,A,359,HIS,-3.2,153.2,0.1,2,1,X,0.0,0.0,0.0,0.0,0.0,0.0,0.0,0.0,36,0.04243095650789788,39,30,9,0,0,0,0,0,0,0,0,1,1
1e8c,A,360,THR,-0.7,116.1,0.0,1,1,X,0.0,0.0,0.0,0.0,0.0,0.0,0.0,0.0,33,0.03916703677652112,44,28,16,0,0,0,0,0,0,0,0,1,0
1e8c,A,361,PRO,-1.6,112.7,0.0,0,0,X,0.0,0.0,0.0,0.0,0.0,0.0,0.0,0.0,29,0.04196468226055834,41,27,14,0,0,0,0,0,0,0,0,1,0
1e8c,A,362,ASP,-3.5,111.1,-1.0,1,3,X,0.0,0.0,0.0,0.0,0.0,0.0,0.0,0.0,25,0.03450429430312575,19,17,2,0,0,0,0,0,0,0,0,1,0
1e8c,A,363,ALA,1.8,88.6,0.0,0,0,X,0.0,0.0,0.0,0.0,0.0,0.0,0.0,0.0,27,0.043363505002576956,22,27,-5,0,0,0,0,0,0,0,0,1,0
1e8c,A,364,LEU,3.8,166.7,0.0,0,0,X,0.0,0.0,0.0,0.0,0.0,0.0,0.0,0.0,37,0.04616115048661418,16,27,-11,0,0,0,0,0,0,0,0,1,0
1e8c,A,365,GLU,-3.5,138.4,-1.0,1,3,X,0.0,0.0,0.0,0.0,0.0,0.0,0.0,0.0,25,0.04196468226055834,9,18,-9,0,0,0,0,0,0,0,0,1,0
1e8c,A,366,LYS,-3.9,168.6,1.0,2,0,X,0.0,0.0,0.0,0.0,0.0,0.0,0.0,0.0,29,0.04103213376587927,0,24,-24,0,0,0,0,0,0,0,0,1,0
1e8c,A,367,ALA,1.8,88.6,0.0,0,0,X,0.0,0.0,0.0,0.0,0.0,0.0,0.0,0.0,37,0.03683566553982344,17,23,-6,0,0,0,0,0,0,0,0,1,0
1e8c,A,368,LEU,3.8,166.7,0.0,0,0,X,0.0,0.0,0.0,0.0,0.0,0.0,0.0,0.0,35,0.043363505002576956,18,29,-11,0,0,0,0,0,0,0,0,1,0
1e8c,A,369,GLN,-3.5,143.8,0.0,2,2,X,0.0,0.0,0.0,0.0,0.0,0.0,0.0,0.0,23,0.035436842797804825,21,16,5,0,0,0,0,0,0,0,0,1,0
1e8c,A,370,ALA,1.8,88.6,0.0,0,0,X,0.0,0.0,0.0,0.0,0.0,0.0,0.0,0.0,28,0.03357174580844668,27,9,18,0,0,0,0,0,0,0,0,1,0
1e8c,A,371,ALA,1.8,88.6,0.0,0,0,X,0.0,0.0,0.0,0.0,0.0,0.0,0.0,0.0,36,0.040565859518539735,30,8,22,0,0,0,0,0,0,0,0,1,0
1e8c,A,372,ARG,-4.5,173.4,1.0,5,0,X,0.0,0.0,0.0,0.0,0.0,0.0,0.0,0.0,25,0.03590311704514436,14,12,2,0,0,0,0,0,0,0,0,1,0
1e8c,A,373,LEU,3.8,166.7,0.0,0,0,X,0.0,0.0,0.0,0.0,0.0,0.0,0.0,0.0,20,0.025645083603674543,27,3,24,0,0,0,0,0,0,0,0,1,0
1e8c,A,374,HIS,-3.2,153.2,0.1,2,1,X,0.0,0.0,0.0,0.0,0.0,0.0,0.0,0.0,26,0.02611135785101408,12,14,-2,0,0,0,0,0,0,0,0,1,0
1e8c,A,375,CYS,2.5,108.5,0.0,1,0,X,0.0,0.0,0.0,0.0,0.0,0.0,0.0,0.0,22,0.03730193978716297,28,15,13,0,0,0,0,0,0,0,0,1,0
1e8c,A,376,ALA,1.8,88.6,0.0,0,0,X,0.0,0.0,0.0,0.0,0.0,0.0,0.0,0.0,15,0.025178809356335007,31,15,16,0,0,0,0,0,0,0,0,1,0
1e8c,A,377,GLY,-0.4,60.1,0.0,0,0,X,0.0,0.0,0.0,0.0,0.0,0.0,0.0,0.0,20,0.030307826077069916,37,20,17,0,0,0,0,0,0,0,0,1,0
1e8c,A,378,LYS,-3.9,168.6,1.0,2,0,X,0.0,0.0,0.0,0.0,0.0,0.0,0.0,0.0,23,0.04103213376587927,16,18,-2,0,0,0,0,0,0,0,0,1,0
1e8c,A,379,LEU,3.8,166.7,0.0,0,0,X,0.0,0.0,0.0,0.0,0.0,0.0,0.0,0.0,35,0.05129016720734909,23,19,4,0,0,0,0,0,0,0,0,1,0
1e8c,A,380,TRP,-0.9,227.8,0.0,1,0,X,0.0,0.0,0.0,0.0,0.0,0.0,0.0,0.0,34,0.04989134446533048,26,16,10,0,0,0,0,0,0,0,0,1,0
1e8c,A,381,CYS,2.5,108.5,0.0,1,0,X,0.0,0.0,0.0,0.0,0.0,0.0,0.0,0.0,38,0.05175644145468863,13,13,0,0,0,0,0,0,0,0,0,1,0
1e8c,A,382,VAL,4.2,140.0,0.0,0,0,X,0.0,0.0,0.0,0.0,0.0,0.0,0.0,0.0,43,0.05035761871267001,19,17,2,0,0,0,0,0,0,0,0,1,0
1e8c,A,383,PHE,2.8,189.9,0.0,0,0,X,0.0,0.0,0.0,0.0,0.0,0.0,0.0,0.0,44,0.04616115048661418,21,16,5,0,0,0,0,0,0,0,0,1,0
1e8c,A,384,GLY,-0.4,60.1,0.0,0,0,X,0.0,0.0,0.0,0.0,0.0,0.0,0.0,0.0,37,0.04289723075523742,42,20,22,0,0,0,0,0,0,0,0,1,0
1e8c,A,385,CYS,2.5,108.5,0.0,1,0,X,0.0,0.0,0.0,0.0,0.0,0.0,0.0,0.0,44,0.043829779249916496,57,38,19,0,0,0,0,0,0,0,0,1,0
1e8c,A,386,GLY,-0.4,60.1,0.0,0,0,X,0.0,0.0,0.0,0.0,0.0,0.0,0.0,0.0,36,0.04476232774459557,62,52,10,0,0,0,0,0,0,0,0,1,1
1e8c,A,387,GLY,-0.4,60.1,0.0,0,0,X,0.0,0.0,0.0,0.0,0.0,0.0,0.0,0.0,26,0.04755997322863279,42,43,-1,0,0,0,0,0,0,0,0,1,0
1e8c,A,388,ASP,-3.5,111.1,-1.0,1,3,X,0.0,0.0,0.0,0.0,0.0,0.0,0.0,0.0,21,0.03730193978716297,34,26,8,0,0,0,0,0,0,0,0,1,0
1e8c,A,389,ARG,-4.5,173.4,1.0,5,0,X,0.0,0.0,0.0,0.0,0.0,0.0,0.0,0.0,26,0.03963331102386066,49,41,8,0,0,0,0,0,0,0,0,1,1
1e8c,A,390,ASP,-3.5,111.1,-1.0,1,3,X,0.0,0.0,0.0,0.0,0.0,0.0,0.0,0.0,31,0.045694876239274644,66,27,39,0,0,0,0,0,0,0,0,1,0
1e8c,A,391,LYS,-3.9,168.6,1.0,2,0,X,0.0,0.0,0.0,0.0,0.0,0.0,0.0,0.0,22,0.03823448828184205,31,37,-6,0,0,0,0,0,0,0,0,1,0
1e8c,A,392,GLY,-0.4,60.1,0.0,0,0,X,0.0,0.0,0.0,0.0,0.0,0.0,0.0,0.0,24,0.032639197313767604,48,27,21,0,0,0,0,0,0,0,0,1,0
1e8c,A,393,LYS,-3.9,168.6,1.0,2,0,X,0.0,0.0,0.0,0.0,0.0,0.0,0.0,0.0,32,0.03730193978716297,53,31,22,0,0,0,0,0,0,0,0,1,0
1e8c,A,394,ARG,-4.5,173.4,1.0,5,0,X,0.0,0.0,0.0,0.0,0.0,0.0,0.0,0.0,35,0.045228601991935104,33,26,7,0,0,0,0,0,0,0,0,1,0
1e8c,A,395,PRO,-1.6,112.7,0.0,0,0,X,0.0,0.0,0.0,0.0,0.0,0.0,0.0,0.0,24,0.03590311704514436,29,13,16,0,0,0,0,0,0,0,0,1,0
1e8c,A,396,LEU,3.8,166.7,0.0,0,0,X,0.0,0.0,0.0,0.0,0.0,0.0,0.0,0.0,25,0.03124037457174899,31,19,12,0,0,0,0,0,0,0,0,1,0
1e8c,A,398,GLY,-0.4,60.1,0.0,0,0,X,0.0,0.0,0.0,0.0,0.0,0.0,0.0,0.0,36,0.04243095650789788,10,29,-19,0,0,0,0,0,0,0,0,1,0
1e8c,A,399,ALA,1.8,88.6,0.0,0,0,X,0.0,0.0,0.0,0.0,0.0,0.0,0.0,0.0,27,0.03590311704514436,6,31,-25,0,0,0,0,0,0,0,0,1,0
1e8c,A,400,ILE,4.5,166.7,0.0,0,0,X,0.0,0.0,0.0,0.0,0.0,0.0,0.0,0.0,27,0.04103213376587927,7,32,-25,0,0,0,0,0,0,0,0,1,0
1e8c,A,401,ALA,1.8,88.6,0.0,0,0,X,0.0,0.0,0.0,0.0,0.0,0.0,0.0,0.0,36,0.04289723075523742,7,34,-27,0,0,0,0,0,0,0,0,1,0
1e8c,A,402,GLU,-3.5,138.4,-1.0,1,3,X,0.0,0.0,0.0,0.0,0.0,0.0,0.0,0.0,29,0.03823448828184205,11,23,-12,0,0,0,0,0,0,0,0,1,0
1e8c,A,403,GLU,-3.5,138.4,-1.0,1,3,X,0.0,0.0,0.0,0.0,0.0,0.0,0.0,0.0,16,0.02844272908771177,4,22,-18,0,0,0,0,0,0,0,0,1,0
1e8c,A,404,PHE,2.8,189.9,0.0,0,0,X,0.0,0.0,0.0,0.0,0.0,0.0,0.0,0.0,25,0.040565859518539735,14,34,-20,0,0,0,0,0,0,0,0,1,0
1e8c,A,405,ALA,1.8,88.6,0.0,0,0,X,0.0,0.0,0.0,0.0,0.0,0.0,0.0,0.0,30,0.04149840801321881,21,28,-7,0,0,0,0,0,0,0,0,1,0
1e8c,A,406,ASP,-3.5,111.1,-1.0,1,3,X,0.0,0.0,0.0,0.0,0.0,0.0,0.0,0.0,22,0.03590311704514436,26,16,10,0,0,0,0,0,0,0,0,1,0
1e8c,A,407,VAL,4.2,140.0,0.0,0,0,X,0.0,0.0,0.0,0.0,0.0,0.0,0.0,0.0,29,0.04243095650789788,30,20,10,0,0,0,0,0,0,0,0,1,0
1e8c,A,408,ALA,1.8,88.6,0.0,0,0,X,0.0,0.0,0.0,0.0,0.0,0.0,0.0,0.0,34,0.04476232774459557,19,21,-2,0,0,0,0,0,0,0,0,1,0
1e8c,A,409,VAL,4.2,140.0,0.0,0,0,X,0.0,0.0,0.0,0.0,0.0,0.0,0.0,0.0,37,0.04429605349725603,18,13,5,0,0,0,0,0,0,0,0,1,0
1e8c,A,410,VAL,4.2,140.0,0.0,0,0,X,0.0,0.0,0.0,0.0,0.0,0.0,0.0,0.0,34,0.04243095650789788,27,21,6,0,0,0,0,0,0,0,0,1,0
1e8c,A,411,THR,-0.7,116.1,0.0,1,1,X,0.0,0.0,0.0,0.0,0.0,0.0,0.0,0.0,36,0.045694876239274644,28,35,-7,0,0,0,0,0,0,0,0,1,0
1e8c,A,412,ASP,-3.5,111.1,-1.0,1,3,X,0.0,0.0,0.0,0.0,0.0,0.0,0.0,0.0,36,0.04755997322863279,24,30,-6,0,0,0,0,0,0,0,0,1,0
1e8c,A,413,ASP,-3.5,111.1,-1.0,1,3,X,0.0,0.0,0.0,0.0,0.0,0.0,0.0,0.0,38,0.04616115048661418,46,18,28,0,0,0,0,0,0,0,0,1,1
1e8c,A,414,ASN,-3.5,114.1,0.0,2,2,X,0.0,0.0,0.0,0.0,0.0,0.0,0.0,0.0,33,0.04429605349725603,46,38,8,0,0,0,0,0,0,0,0,1,1
1e8c,A,415,PRO,-1.6,112.7,0.0,0,0,X,0.0,0.0,0.0,0.0,0.0,0.0,0.0,0.0,32,0.053621538444046775,30,43,-13,0,0,0,0,0,0,0,0,1,0
1e8c,A,416,ARG,-4.5,173.4,1.0,5,0,X,0.0,0.0,0.0,0.0,0.0,0.0,0.0,0.0,25,0.043363505002576956,21,31,-10,0,0,0,0,0,0,0,0,1,1
1e8c,A,417,THR,-0.7,116.1,0.0,1,1,X,0.0,0.0,0.0,0.0,0.0,0.0,0.0,0.0,18,0.032639197313767604,16,24,-8,0,0,0,0,0,0,0,0,1,0
1e8c,A,418,GLU,-3.5,138.4,-1.0,1,3,X,0.0,0.0,0.0,0.0,0.0,0.0,0.0,0.0,23,0.0363693912924839,35,24,11,0,0,0,0,0,0,0,0,1,0
1e8c,A,419,GLU,-3.5,138.4,-1.0,1,3,X,0.0,0.0,0.0,0.0,0.0,0.0,0.0,0.0,16,0.028909003335051305,15,20,-5,0,0,0,0,0,0,0,0,1,0
1e8c,A,420,PRO,-1.6,112.7,0.0,0,0,X,0.0,0.0,0.0,0.0,0.0,0.0,0.0,0.0,29,0.03823448828184205,20,43,-23,0,0,0,0,0,0,0,0,1,0
1e8c,A,421,ARG,-4.5,173.4,1.0,5,0,X,0.0,0.0,0.0,0.0,0.0,0.0,0.0,0.0,16,0.032172923066428064,0,33,-33,0,0,0,0,0,0,0,0,1,0
1e8c,A,422,ALA,1.8,88.6,0.0,0,0,X,0.0,0.0,0.0,0.0,0.0,0.0,0.0,0.0,24,0.03403802005578621,23,33,-10,0,0,0,0,0,0,0,0,1,0
1e8c,A,423,ILE,4.5,166.7,0.0,0,0,X,0.0,0.0,0.0,0.0,0.0,0.0,0.0,0.0,33,0.04616115048661418,39,51,-12,0,0,0,0,0,0,0,0,1,0
1e8c,A,424,ILE,4.5,166.7,0.0,0,0,X,0.0,0.0,0.0,0.0,0.0,0.0,0.0,0.0,31,0.048492521723311866,23,34,-11,0,0,0,0,0,0,0,0,1,0
1e8c,A,425,ASN,-3.5,114.1,0.0,2,2,X,0.0,0.0,0.0,0.0,0.0,0.0,0.0,0.0,18,0.03450429430312575,20,15,5,0,0,0,0,0,0,0,0,1,0
1e8c,A,426,ASP,-3.5,111.1,-1.0,1,3,X,0.0,0.0,0.0,0.0,0.0,0.0,0.0,0.0,24,0.03776821403450251,32,9,23,0,0,0,0,0,0,0,0,1,0
1e8c,A,427,ILE,4.5,166.7,0.0,0,0,X,0.0,0.0,0.0,0.0,0.0,0.0,0.0,0.0,34,0.045228601991935104,24,11,13,0,0,0,0,0,0,0,0,1,0
1e8c,A,428,LEU,3.8,166.7,0.0,0,0,X,0.0,0.0,0.0,0.0,0.0,0.0,0.0,0.0,30,0.03590311704514436,24,22,2,0,0,0,0,0,0,0,0,1,0
1e8c,A,429,ALA,1.8,88.6,0.0,0,0,X,0.0,0.0,0.0,0.0,0.0,0.0,0.0,0.0,21,0.02611135785101408,10,15,-5,0,0,0,0,0,0,0,0,1,0
1e8c,A,430,GLY,-0.4,60.1,0.0,0,0,X,0.0,0.0,0.0,0.0,0.0,0.0,0.0,0.0,24,0.03170664881908853,9,21,-12,0,0,0,0,0,0,0,0,1,0
1e8c,A,432,LEU,3.8,166.7,0.0,0,0,X,0.0,0.0,0.0,0.0,0.0,0.0,0.0,0.0,14,0.017252147151562876,5,23,-18,0,0,0,0,0,0,0,0,1,0
1e8c,A,433,ASP,-3.5,111.1,-1.0,1,3,X,0.0,0.0,0.0,0.0,0.0,0.0,0.0,0.0,13,0.021914889624958248,11,9,2,0,0,0,0,0,0,0,0,1,0
1e8c,A,434,ALA,1.8,88.6,0.0,0,0,X,0.0,0.0,0.0,0.0,0.0,0.0,0.0,0.0,20,0.027043906345693154,17,16,1,0,0,0,0,0,0,0,0,1,0
1e8c,A,435,GLY,-0.4,60.1,0.0,0,0,X,0.0,0.0,0.0,0.0,0.0,0.0,0.0,0.0,12,0.01818469564624195,19,13,6,0,0,0,0,0,0,0,0,1,0
1e8c,A,436,HIS,-3.2,153.2,0.1,2,1,X,0.0,0.0,0.0,0.0,0.0,0.0,0.0,0.0,16,0.02144861537761871,9,23,-14,0,0,0,0,0,0,0,0,1,0
1e8c,A,437,ALA,1.8,88.6,0.0,0,0,X,0.0,0.0,0.0,0.0,0.0,0.0,0.0,0.0,23,0.0363693912924839,21,19,2,0,0,0,0,0,0,0,0,1,0
1e8c,A,438,LYS,-3.9,168.6,1.0,2,0,X,0.0,0.0,0.0,0.0,0.0,0.0,0.0,0.0,22,0.027043906345693154,10,4,6,0,0,0,0,0,0,0,0,1,0
1e8c,A,439,VAL,4.2,140.0,0.0,0,0,X,0.0,0.0,0.0,0.0,0.0,0.0,0.0,0.0,21,0.02844272908771177,23,14,9,0,0,0,0,0,0,0,0,1,0
1e8c,A,441,GLU,-3.5,138.4,-1.0,1,3,X,0.0,0.0,0.0,0.0,0.0,0.0,0.0,0.0,21,0.032172923066428064,19,20,-1,0,0,0,0,0,0,0,0,1,0
1e8c,A,442,GLY,-0.4,60.1,0.0,0,0,X,0.0,0.0,0.0,0.0,0.0,0.0,0.0,0.0,24,0.026577632098353617,12,31,-19,0,0,0,0,0,0,0,0,1,0
1e8c,A,443,ARG,-4.5,173.4,1.0,5,0,X,0.0,0.0,0.0,0.0,0.0,0.0,0.0,0.0,38,0.040565859518539735,9,41,-32,0,0,0,0,0,0,0,0,1,0
1e8c,A,444,ALA,1.8,88.6,0.0,0,0,X,0.0,0.0,0.0,0.0,0.0,0.0,0.0,0.0,25,0.035436842797804825,13,30,-17,0,0,0,0,0,0,0,0,1,0
1e8c,A,445,GLU,-3.5,138.4,-1.0,1,3,X,0.0,0.0,0.0,0.0,0.0,0.0,0.0,0.0,18,0.027510180593032695,8,12,-4,0,0,0,0,0,0,0,0,1,0
1e8c,A,446,ALA,1.8,88.6,0.0,0,0,X,0.0,0.0,0.0,0.0,0.0,0.0,0.0,0.0,30,0.03916703677652112,17,24,-7,0,0,0,0,0,0,0,0,1,0
1e8c,A,447,VAL,4.2,140.0,0.0,0,0,X,0.0,0.0,0.0,0.0,0.0,0.0,0.0,0.0,36,0.04662742473395372,15,20,-5,0,0,0,0,0,0,0,0,1,0
1e8c,A,448,THR,-0.7,116.1,0.0,1,1,X,0.0,0.0,0.0,0.0,0.0,0.0,0.0,0.0,26,0.03124037457174899,10,11,-1,0,0,0,0,0,0,0,0,1,0
1e8c,A,449,CYS,2.5,108.5,0.0,1,0,X,0.0,0.0,0.0,0.0,0.0,0.0,0.0,0.0,22,0.02797645484037223,9,9,0,0,0,0,0,0,0,0,0,1,0
1e8c,A,450,ALA,1.8,88.6,0.0,0,0,X,0.0,0.0,0.0,0.0,0.0,0.0,0.0,0.0,33,0.040099585271200194,12,9,3,0,0,0,0,0,0,0,0,1,0
1e8c,A,451,VAL,4.2,140.0,0.0,0,0,X,0.0,0.0,0.0,0.0,0.0,0.0,0.0,0.0,32,0.045694876239274644,16,10,6,0,0,0,0,0,0,0,0,1,0
1e8c,A,453,GLN,-3.5,143.8,0.0,2,2,X,0.0,0.0,0.0,0.0,0.0,0.0,0.0,0.0,18,0.026577632098353617,14,6,8,0,0,0,0,0,0,0,0,1,0
1e8c,A,454,ALA,1.8,88.6,0.0,0,0,X,0.0,0.0,0.0,0.0,0.0,0.0,0.0,0.0,28,0.04103213376587927,27,14,13,0,0,0,0,0,0,0,0,1,0
1e8c,A,455,LYS,-3.9,168.6,1.0,2,0,X,0.0,0.0,0.0,0.0,0.0,0.0,0.0,0.0,18,0.03357174580844668,14,17,-3,0,0,0,0,0,0,0,0,1,0
1e8c,A,456,GLU,-3.5,138.4,-1.0,1,3,X,0.0,0.0,0.0,0.0,0.0,0.0,0.0,0.0,20,0.030774100324409453,18,8,10,0,0,0,0,0,0,0,0,1,0
1e8c,A,457,ASN,-3.5,114.1,0.0,2,2,X,0.0,0.0,0.0,0.0,0.0,0.0,0.0,0.0,19,0.03357174580844668,28,18,10,0,0,0,0,0,0,0,0,1,0
1e8c,A,458,ASP,-3.5,111.1,-1.0,1,3,X,0.0,0.0,0.0,0.0,0.0,0.0,0.0,0.0,27,0.048492521723311866,30,12,18,0,0,0,0,0,0,0,0,1,0
1e8c,A,459,VAL,4.2,140.0,0.0,0,0,X,0.0,0.0,0.0,0.0,0.0,0.0,0.0,0.0,39,0.05129016720734909,35,18,17,0,0,0,0,0,0,0,0,1,0
1e8c,A,460,VAL,4.2,140.0,0.0,0,0,X,0.0,0.0,0.0,0.0,0.0,0.0,0.0,0.0,42,0.05222271570202816,12,12,0,0,0,0,0,0,0,0,0,1,0
1e8c,A,461,LEU,3.8,166.7,0.0,0,0,X,0.0,0.0,0.0,0.0,0.0,0.0,0.0,0.0,48,0.04709369898129325,9,18,-9,0,0,0,0,0,0,0,0,1,0
1e8c,A,462,VAL,4.2,140.0,0.0,0,0,X,0.0,0.0,0.0,0.0,0.0,0.0,0.0,0.0,45,0.04709369898129325,26,23,3,0,0,0,0,0,0,0,0,1,0
1e8c,A,463,ALA,1.8,88.6,0.0,0,0,X,0.0,0.0,0.0,0.0,0.0,0.0,0.0,0.0,41,0.048958795970651406,28,28,0,0,0,0,0,0,0,0,0,1,0
1e8c,A,464,GLY,-0.4,60.1,0.0,0,0,X,0.0,0.0,0.0,0.0,0.0,0.0,0.0,0.0,35,0.04709369898129325,44,34,10,0,0,0,0,0,0,0,0,1,1
1e8c,A,465,LYS,-3.9,168.6,1.0,2,0,X,0.0,0.0,0.0,0.0,0.0,0.0,0.0,0.0,35,0.050823892960009553,38,41,-3,0,0,0,0,0,0,0,0,1,0
1e8c,A,466,GLY,-0.4,60.1,0.0,0,0,X,0.0,0.0,0.0,0.0,0.0,0.0,0.0,0.0,34,0.053155264196707235,53,44,9,0,0,0,0,0,0,0,0,1,0
1e8c,A,467,HIS,-3.2,153.2,0.1,2,1,X,0.0,0.0,0.0,0.0,0.0,0.0,0.0,0.0,30,0.048492521723311866,31,33,-2,0,0,0,0,0,0,0,0,1,0
1e8c,A,468,GLU,-3.5,138.4,-1.0,1,3,X,0.0,0.0,0.0,0.0,0.0,0.0,0.0,0.0,31,0.04149840801321881,46,28,18,0,0,0,0,0,0,0,0,1,1
1e8c,A,469,ASP,-3.5,111.1,-1.0,1,3,X,0.0,0.0,0.0,0.0,0.0,0.0,0.0,0.0,21,0.040565859518539735,37,25,12,0,0,0,0,0,0,0,0,1,0
1e8c,A,470,TYR,-1.3,193.6,0.0,1,1,X,0.0,0.0,0.0,0.0,0.0,0.0,0.0,0.0,26,0.04429605349725603,36,42,-6,0,0,0,0,0,0,0,0,1,0
1e8c,A,471,GLN,-3.5,143.8,0.0,2,2,X,0.0,0.0,0.0,0.0,0.0,0.0,0.0,0.0,24,0.05222271570202816,40,43,-3,0,0,0,0,0,0,0,0,1,0
1e8c,A,472,ILE,4.5,166.7,0.0,0,0,X,0.0,0.0,0.0,0.0,0.0,0.0,0.0,0.0,27,0.04709369898129325,31,28,3,0,0,0,0,0,0,0,0,1,0
1e8c,A,473,VAL,4.2,140.0,0.0,0,0,X,0.0,0.0,0.0,0.0,0.0,0.0,0.0,0.0,24,0.03823448828184205,19,21,-2,0,0,0,0,0,0,0,0,1,0
1e8c,A,474,GLY,-0.4,60.1,0.0,0,0,X,0.0,0.0,0.0,0.0,0.0,0.0,0.0,0.0,18,0.029375277582390842,18,15,3,0,0,0,0,0,0,0,0,1,0
1e8c,A,475,ASN,-3.5,114.1,0.0,2,2,X,0.0,0.0,0.0,0.0,0.0,0.0,0.0,0.0,12,0.025178809356335007,16,5,11,0,0,0,0,0,0,0,0,1,0
1e8c,A,476,GLN,-3.5,143.8,0.0,2,2,X,0.0,0.0,0.0,0.0,0.0,0.0,0.0,0.0,11,0.025645083603674543,16,2,14,0,0,0,0,0,0,0,0,1,0
1e8c,A,477,ARG,-4.5,173.4,1.0,5,0,X,0.0,0.0,0.0,0.0,0.0,0.0,0.0,0.0,16,0.03403802005578621,5,28,-23,0,0,0,0,0,0,0,0,1,0
1e8c,A,478,LEU,3.8,166.7,0.0,0,0,X,0.0,0.0,0.0,0.0,0.0,0.0,0.0,0.0,16,0.03357174580844668,14,15,-1,0,0,0,0,0,0,0,0,1,0
1e8c,A,479,ASP,-3.5,111.1,-1.0,1,3,X,0.0,0.0,0.0,0.0,0.0,0.0,0.0,0.0,16,0.025645083603674543,15,12,3,0,0,0,0,0,0,0,0,1,0
1e8c,A,480,TYR,-1.3,193.6,0.0,1,1,X,0.0,0.0,0.0,0.0,0.0,0.0,0.0,0.0,29,0.03870076252918159,31,44,-13,0,0,0,0,0,0,0,0,1,0
1e8c,A,481,SER,-0.8,89.0,0.0,1,1,X,0.0,0.0,0.0,0.0,0.0,0.0,0.0,0.0,26,0.043363505002576956,44,33,11,0,0,0,0,0,0,0,0,1,0
1e8c,A,482,ASP,-3.5,111.1,-1.0,1,3,X,0.0,0.0,0.0,0.0,0.0,0.0,0.0,0.0,41,0.048492521723311866,37,30,7,0,0,0,0,0,0,0,0,1,0
1e8c,A,483,ARG,-4.5,173.4,1.0,5,0,X,0.0,0.0,0.0,0.0,0.0,0.0,0.0,0.0,30,0.04243095650789788,27,33,-6,0,0,0,0,0,0,0,0,1,0
1e8c,A,484,VAL,4.2,140.0,0.0,0,0,X,0.0,0.0,0.0,0.0,0.0,0.0,0.0,0.0,23,0.032172923066428064,24,24,0,0,0,0,0,0,0,0,0,1,0
1e8c,A,485,THR,-0.7,116.1,0.0,1,1,X,0.0,0.0,0.0,0.0,0.0,0.0,0.0,0.0,26,0.03963331102386066,25,14,11,0,0,0,0,0,0,0,0,1,0
1e8c,A,486,VAL,4.2,140.0,0.0,0,0,X,0.0,0.0,0.0,0.0,0.0,0.0,0.0,0.0,33,0.04662742473395372,26,15,11,0,0,0,0,0,0,0,0,1,0
1e8c,A,487,ALA,1.8,88.6,0.0,0,0,X,0.0,0.0,0.0,0.0,0.0,0.0,0.0,0.0,24,0.040565859518539735,26,9,17,0,0,0,0,0,0,0,0,1,0
1e8c,A,488,ARG,-4.5,173.4,1.0,5,0,X,0.0,0.0,0.0,0.0,0.0,0.0,0.0,0.0,15,0.030307826077069916,5,4,1,0,0,0,0,0,0,0,0,1,0
1e8c,A,489,LEU,3.8,166.7,0.0,0,0,X,0.0,0.0,0.0,0.0,0.0,0.0,0.0,0.0,23,0.02984155182973038,20,2,18,0,0,0,0,0,0,0,0,1,0
1e8c,A,490,LEU,3.8,166.7,0.0,0,0,X,0.0,0.0,0.0,0.0,0.0,0.0,0.0,0.0,26,0.03823448828184205,18,1,17,0,0,0,0,0,0,0,0,1,0
1e8c,A,491,GLY,-0.4,60.1,0.0,0,0,X,0.0,0.0,0.0,0.0,0.0,0.0,0.0,0.0,16,0.02331371236697686,14,0,14,0,0,0,0,0,0,0,0,1,0
1e8c,A,492,VAL,4.2,140.0,0.0,0,0,X,0.0,0.0,0.0,0.0,0.0,0.0,0.0,0.0,22,0.028909003335051305,23,1,22,0,0,0,0,0,0,0,0,1,0
1e8c,A,493,ILE,4.5,166.7,0.0,0,0,X,0.0,0.0,0.0,0.0,0.0,0.0,0.0,0.0,18,0.030774100324409453,31,8,23,0,0,0,0,0,0,0,0,1,0
1e8c,A,494,ALA,1.8,88.6,0.0,0,0,X,0.0,0.0,0.0,0.0,0.0,0.0,0.0,0.0,27,0.03916703677652112,32,9,23,0,0,0,0,0,0,0,0,1,0
1e8c,A,495,ARG,-4.5,173.4,1.0,5,0,X,0.0,0.0,0.0,0.0,0.0,0.0,0.0,0.0,17,0.032172923066428064,8,5,3,0,0,0,0,0,0,0,0,1,0
1e8c,A,496,SER,-0.8,89.0,0.0,1,1,X,0.0,0.0,0.0,0.0,0.0,0.0,0.0,0.0,27,0.03357174580844668,36,13,23,0,0,0,0,0,0,0,0,1,0
1e8c,A,497,HIS,-3.2,153.2,0.1,2,1,X,0.0,0.0,0.0,0.0,0.0,0.0,0.0,0.0,21,0.03310547156110714,25,9,16,0,0,0,0,0,0,0,0,1,0
1e8c,B,2,ASP,-3.5,111.1,-1.0,1,3,X,0.0,0.0,0.0,0.0,0.0,0.0,0.0,0.0,16,0.022381163872297785,31,13,18,0,0,0,0,0,0,0,0,1,0
1e8c,B,3,ARG,-4.5,173.4,1.0,5,0,X,0.0,0.0,0.0,0.0,0.0,0.0,0.0,0.0,22,0.03963331102386066,34,20,14,0,0,0,0,0,0,0,0,1,0
1e8c,B,4,ASN,-3.5,114.1,0.0,2,2,X,0.0,0.0,0.0,0.0,0.0,0.0,0.0,0.0,22,0.03963331102386066,36,15,21,0,0,0,0,0,0,0,0,1,0
1e8c,B,5,LEU,3.8,166.7,0.0,0,0,X,0.0,0.0,0.0,0.0,0.0,0.0,0.0,0.0,33,0.048492521723311866,35,13,22,0,0,0,0,0,0,0,0,1,0
1e8c,B,6,ARG,-4.5,173.4,1.0,5,0,X,0.0,0.0,0.0,0.0,0.0,0.0,0.0,0.0,19,0.04289723075523742,11,16,-5,0,0,0,0,0,0,0,0,1,0
1e8c,B,7,ASP,-3.5,111.1,-1.0,1,3,X,0.0,0.0,0.0,0.0,0.0,0.0,0.0,0.0,20,0.03357174580844668,39,2,37,0,0,0,0,0,0,0,0,1,0
1e8c,B,8,LEU,3.8,166.7,0.0,0,0,X,0.0,0.0,0.0,0.0,0.0,0.0,0.0,0.0,31,0.04662742473395372,39,11,28,0,0,0,0,0,0,0,0,1,0
1e8c,B,9,LEU,3.8,166.7,0.0,0,0,X,0.0,0.0,0.0,0.0,0.0,0.0,0.0,0.0,33,0.04755997322863279,29,16,13,0,0,0,0,0,0,0,0,1,0
1e8c,B,10,ALA,1.8,88.6,0.0,0,0,X,0.0,0.0,0.0,0.0,0.0,0.0,0.0,0.0,20,0.040099585271200194,21,15,6,0,0,0,0,0,0,0,0,1,0
1e8c,B,11,PRO,-1.6,112.7,0.0,0,0,X,0.0,0.0,0.0,0.0,0.0,0.0,0.0,0.0,16,0.02611135785101408,21,7,14,0,0,0,0,0,0,0,0,1,0
1e8c,B,12,TRP,-0.9,227.8,0.0,1,0,X,0.0,0.0,0.0,0.0,0.0,0.0,0.0,0.0,21,0.029375277582390842,20,7,13,0,0,0,0,0,0,0,0,1,0
1e8c,B,13,VAL,4.2,140.0,0.0,0,0,X,0.0,0.0,0.0,0.0,0.0,0.0,0.0,0.0,25,0.03963331102386066,15,24,-9,0,0,0,0,0,0,0,0,1,0
1e8c,B,14,PRO,-1.6,112.7,0.0,0,0,X,0.0,0.0,0.0,0.0,0.0,0.0,0.0,0.0,16,0.026577632098353617,10,13,-3,0,0,0,0,0,0,0,0,1,0
1e8c,B,15,ASP,-3.5,111.1,-1.0,1,3,X,0.0,0.0,0.0,0.0,0.0,0.0,0.0,0.0,18,0.02471253510899547,14,8,6,0,0,0,0,0,0,0,0,1,0
1e8c,B,16,ALA,1.8,88.6,0.0,0,0,X,0.0,0.0,0.0,0.0,0.0,0.0,0.0,0.0,26,0.03963331102386066,22,20,2,0,0,0,0,0,0,0,0,1,0
1e8c,B,17,PRO,-1.6,112.7,0.0,0,0,X,0.0,0.0,0.0,0.0,0.0,0.0,0.0,0.0,28,0.034970568550465285,26,20,6,0,0,0,0,0,0,0,0,1,0
1e8c,B,18,SER,-0.8,89.0,0.0,1,1,X,0.0,0.0,0.0,0.0,0.0,0.0,0.0,0.0,19,0.030307826077069916,24,11,13,0,0,0,0,0,0,0,0,1,0
1e8c,B,19,ARG,-4.5,173.4,1.0,5,0,X,0.0,0.0,0.0,0.0,0.0,0.0,0.0,0.0,26,0.032172923066428064,10,9,1,0,0,0,0,0,0,0,0,1,0
1e8c,B,20,ALA,1.8,88.6,0.0,0,0,X,0.0,0.0,0.0,0.0,0.0,0.0,0.0,0.0,23,0.029375277582390842,31,21,10,0,0,0,0,0,0,0,0,1,0
1e8c,B,21,LEU,3.8,166.7,0.0,0,0,X,0.0,0.0,0.0,0.0,0.0,0.0,0.0,0.0,29,0.04289723075523742,33,31,2,0,0,0,0,0,0,0,0,1,0
1e8c,B,22,ARG,-4.5,173.4,1.0,5,0,X,0.0,0.0,0.0,0.0,0.0,0.0,0.0,0.0,18,0.03310547156110714,6,25,-19,0,0,0,0,0,0,0,0,1,0
1e8c,B,23,GLU,-3.5,138.4,-1.0,1,3,X,0.0,0.0,0.0,0.0,0.0,0.0,0.0,0.0,23,0.035436842797804825,26,16,10,0,0,0,0,0,0,0,0,1,0
1e8c,B,25,THR,-0.7,116.1,0.0,1,1,X,0.0,0.0,0.0,0.0,0.0,0.0,0.0,0.0,31,0.043829779249916496,17,32,-15,0,0,0,0,0,0,0,0,1,0
1e8c,B,26,LEU,3.8,166.7,0.0,0,0,X,0.0,0.0,0.0,0.0,0.0,0.0,0.0,0.0,30,0.034970568550465285,6,17,-11,0,0,0,0,0,0,0,0,1,0
1e8c,B,27,ASP,-3.5,111.1,-1.0,1,3,X,0.0,0.0,0.0,0.0,0.0,0.0,0.0,0.0,22,0.03403802005578621,11,6,5,0,0,0,0,0,0,0,0,1,0
1e8c,B,28,SER,-0.8,89.0,0.0,1,1,X,0.0,0.0,0.0,0.0,0.0,0.0,0.0,0.0,27,0.045228601991935104,19,12,7,0,0,0,0,0,0,0,0,1,0
1e8c,B,29,ARG,-4.5,173.4,1.0,5,0,X,0.0,0.0,0.0,0.0,0.0,0.0,0.0,0.0,12,0.027043906345693154,0,8,-8,0,0,0,0,0,0,0,0,1,0
1e8c,B,30,VAL,4.2,140.0,0.0,0,0,X,0.0,0.0,0.0,0.0,0.0,0.0,0.0,0.0,17,0.025178809356335007,13,23,-10,0,0,0,0,0,0,0,0,1,0
1e8c,B,31,ALA,1.8,88.6,0.0,0,0,X,0.0,0.0,0.0,0.0,0.0,0.0,0.0,0.0,27,0.04662742473395372,9,22,-13,0,0,0,0,0,0,0,0,1,0
1e8c,B,32,ALA,1.8,88.6,0.0,0,0,X,0.0,0.0,0.0,0.0,0.0,0.0,0.0,0.0,23,0.032639197313767604,15,17,-2,0,0,0,0,0,0,0,0,1,0
1e8c,B,33,ALA,1.8,88.6,0.0,0,0,X,0.0,0.0,0.0,0.0,0.0,0.0,0.0,0.0,22,0.027043906345693154,11,14,-3,0,0,0,0,0,0,0,0,1,0
1e8c,B,34,GLY,-0.4,60.1,0.0,0,0,X,0.0,0.0,0.0,0.0,0.0,0.0,0.0,0.0,26,0.03590311704514436,19,18,1,0,0,0,0,0,0,0,0,1,0
1e8c,B,35,ASP,-3.5,111.1,-1.0,1,3,X,0.0,0.0,0.0,0.0,0.0,0.0,0.0,0.0,31,0.045694876239274644,15,13,2,0,0,0,0,0,0,0,0,1,0
1e8c,B,36,LEU,3.8,166.7,0.0,0,0,X,0.0,0.0,0.0,0.0,0.0,0.0,0.0,0.0,40,0.048958795970651406,13,19,-6,0,0,0,0,0,0,0,0,1,0
1e8c,B,37,PHE,2.8,189.9,0.0,0,0,X,0.0,0.0,0.0,0.0,0.0,0.0,0.0,0.0,40,0.048492521723311866,12,21,-9,0,0,0,0,0,0,0,0,1,0
1e8c,B,38,VAL,4.2,140.0,0.0,0,0,X,0.0,0.0,0.0,0.0,0.0,0.0,0.0,0.0,36,0.045228601991935104,6,19,-13,0,0,0,0,0,0,0,0,1,0
1e8c,B,39,ALA,1.8,88.6,0.0,0,0,X,0.0,0.0,0.0,0.0,0.0,0.0,0.0,0.0,34,0.04942507021799094,18,22,-4,0,0,0,0,0,0,0,0,1,0
1e8c,B,40,VAL,4.2,140.0,0.0,0,0,X,0.0,0.0,0.0,0.0,0.0,0.0,0.0,0.0,32,0.045228601991935104,18,22,-4,0,0,0,0,0,0,0,0,1,0
1e8c,B,41,VAL,4.2,140.0,0.0,0,0,X,0.0,0.0,0.0,0.0,0.0,0.0,0.0,0.0,24,0.03124037457174899,38,21,17,0,0,0,0,0,0,0,0,1,0
1e8c,B,42,GLY,-0.4,60.1,0.0,0,0,X,0.0,0.0,0.0,0.0,0.0,0.0,0.0,0.0,15,0.025645083603674543,18,12,6,0,0,0,0,0,0,0,0,1,0
1e8c,B,43,HIS,-3.2,153.2,0.1,2,1,X,0.0,0.0,0.0,0.0,0.0,0.0,0.0,0.0,11,0.01678587290422334,4,2,2,0,0,0,0,0,0,0,0,1,0
1e8c,B,44,GLN,-3.5,143.8,0.0,2,2,X,0.0,0.0,0.0,0.0,0.0,0.0,0.0,0.0,9,0.01492077591486519,12,5,7,0,0,0,0,0,0,0,0,1,0
1e8c,B,45,ALA,1.8,88.6,0.0,0,0,X,0.0,0.0,0.0,0.0,0.0,0.0,0.0,0.0,13,0.026577632098353617,30,8,22,0,0,0,0,0,0,0,0,1,0
1e8c,B,46,ASP,-3.5,111.1,-1.0,1,3,X,0.0,0.0,0.0,0.0,0.0,0.0,0.0,0.0,22,0.034970568550465285,29,10,19,0,0,0,0,0,0,0,0,1,0
1e8c,B,47,GLY,-0.4,60.1,0.0,0,0,X,0.0,0.0,0.0,0.0,0.0,0.0,0.0,0.0,29,0.04196468226055834,24,22,2,0,0,0,0,0,0,0,0,1,0
1e8c,B,48,ARG,-4.5,173.4,1.0,5,0,X,0.0,0.0,0.0,0.0,0.0,0.0,0.0,0.0,28,0.04149840801321881,18,33,-15,0,0,0,0,0,0,0,0,1,0
1e8c,B,49,ARG,-4.5,173.4,1.0,5,0,X,0.0,0.0,0.0,0.0,0.0,0.0,0.0,0.0,15,0.030307826077069916,11,9,2,0,0,0,0,0,0,0,0,1,0
1e8c,B,50,TYR,-1.3,193.6,0.0,1,1,X,0.0,0.0,0.0,0.0,0.0,0.0,0.0,0.0,20,0.03590311704514436,27,16,11,0,0,0,0,0,0,0,0,1,0
1e8c,B,51,ILE,4.5,166.7,0.0,0,0,X,0.0,0.0,0.0,0.0,0.0,0.0,0.0,0.0,29,0.03916703677652112,18,5,13,0,0,0,0,0,0,0,0,1,0
1e8c,B,52,PRO,-1.6,112.7,0.0,0,0,X,0.0,0.0,0.0,0.0,0.0,0.0,0.0,0.0,19,0.02797645484037223,18,0,18,0,0,0,0,0,0,0,0,1,0
1e8c,B,53,GLN,-3.5,143.8,0.0,2,2,X,0.0,0.0,0.0,0.0,0.0,0.0,0.0,0.0,19,0.032639197313767604,16,3,13,0,0,0,0,0,0,0,0,1,0
1e8c,B,54,ALA,1.8,88.6,0.0,0,0,X,0.0,0.0,0.0,0.0,0.0,0.0,0.0,0.0,33,0.048026247475972325,13,12,1,0,0,0,0,0,0,0,0,1,0
1e8c,B,55,ILE,4.5,166.7,0.0,0,0,X,0.0,0.0,0.0,0.0,0.0,0.0,0.0,0.0,26,0.03916703677652112,11,3,8,0,0,0,0,0,0,0,0,1,0
1e8c,B,56,ALA,1.8,88.6,0.0,0,0,X,0.0,0.0,0.0,0.0,0.0,0.0,0.0,0.0,17,0.025645083603674543,8,0,8,0,0,0,0,0,0,0,0,1,0
1e8c,B,57,GLN,-3.5,143.8,0.0,2,2,X,0.0,0.0,0.0,0.0,0.0,0.0,0.0,0.0,23,0.02844272908771177,6,10,-4,0,0,0,0,0,0,0,0,1,0
1e8c,B,58,GLY,-0.4,60.1,0.0,0,0,X,0.0,0.0,0.0,0.0,0.0,0.0,0.0,0.0,26,0.030774100324409453,7,8,-1,0,0,0,0,0,0,0,0,1,0
1e8c,B,59,VAL,4.2,140.0,0.0,0,0,X,0.0,0.0,0.0,0.0,0.0,0.0,0.0,0.0,35,0.04476232774459557,12,12,0,0,0,0,0,0,0,0,0,1,0
1e8c,B,60,ALA,1.8,88.6,0.0,0,0,X,0.0,0.0,0.0,0.0,0.0,0.0,0.0,0.0,34,0.043829779249916496,23,15,8,0,0,0,0,0,0,0,0,1,0
1e8c,B,61,ALA,1.8,88.6,0.0,0,0,X,0.0,0.0,0.0,0.0,0.0,0.0,0.0,0.0,41,0.04755997322863279,18,16,2,0,0,0,0,0,0,0,0,1,0
1e8c,B,62,ILE,4.5,166.7,0.0,0,0,X,0.0,0.0,0.0,0.0,0.0,0.0,0.0,0.0,40,0.05035761871267001,14,13,1,0,0,0,0,0,0,0,0,1,0
1e8c,B,63,ILE,4.5,166.7,0.0,0,0,X,0.0,0.0,0.0,0.0,0.0,0.0,0.0,0.0,41,0.04989134446533048,7,12,-5,0,0,0,0,0,0,0,0,1,0
1e8c,B,64,ALA,1.8,88.6,0.0,0,0,X,0.0,0.0,0.0,0.0,0.0,0.0,0.0,0.0,39,0.05175644145468863,25,31,-6,0,0,0,0,0,0,0,0,1,0
1e8c,B,65,GLU,-3.5,138.4,-1.0,1,3,X,0.0,0.0,0.0,0.0,0.0,0.0,0.0,0.0,31,0.050823892960009553,24,32,-8,0,0,0,0,0,0,0,0,1,0
1e8c,B,66,ALA,1.8,88.6,0.0,0,0,X,0.0,0.0,0.0,0.0,0.0,0.0,0.0,0.0,26,0.04755997322863279,23,46,-23,0,0,0,0,0,0,0,0,1,0
1e8c,B,67,LYS,-3.9,168.6,1.0,2,0,X,0.0,0.0,0.0,0.0,0.0,0.0,0.0,0.0,20,0.030774100324409453,6,31,-25,0,0,0,0,0,0,0,0,1,0
1e8c,B,68,ASP,-3.5,111.1,-1.0,1,3,X,0.0,0.0,0.0,0.0,0.0,0.0,0.0,0.0,11,0.02098234113027917,16,20,-4,0,0,0,0,0,0,0,0,1,0
1e8c,B,69,GLU,-3.5,138.4,-1.0,1,3,X,0.0,0.0,0.0,0.0,0.0,0.0,0.0,0.0,16,0.02797645484037223,24,28,-4,0,0,0,0,0,0,0,0,1,0
1e8c,B,70,ALA,1.8,88.6,0.0,0,0,X,0.0,0.0,0.0,0.0,0.0,0.0,0.0,0.0,19,0.034970568550465285,21,43,-22,0,0,0,0,0,0,0,0,1,0
1e8c,B,71,THR,-0.7,116.1,0.0,1,1,X,0.0,0.0,0.0,0.0,0.0,0.0,0.0,0.0,17,0.028909003335051305,12,32,-20,0,0,0,0,0,0,0,0,1,0
1e8c,B,72,ASP,-3.5,111.1,-1.0,1,3,X,0.0,0.0,0.0,0.0,0.0,0.0,0.0,0.0,22,0.03310547156110714,8,18,-10,0,0,0,0,0,0,0,0,1,0
1e8c,B,73,GLY,-0.4,60.1,0.0,0,0,X,0.0,0.0,0.0,0.0,0.0,0.0,0.0,0.0,24,0.040099585271200194,13,27,-14,0,0,0,0,0,0,0,0,1,0
1e8c,B,74,GLU,-3.5,138.4,-1.0,1,3,X,0.0,0.0,0.0,0.0,0.0,0.0,0.0,0.0,21,0.03823448828184205,12,25,-13,0,0,0,0,0,0,0,0,1,0
1e8c,B,75,ILE,4.5,166.7,0.0,0,0,X,0.0,0.0,0.0,0.0,0.0,0.0,0.0,0.0,23,0.03916703677652112,12,30,-18,0,0,0,0,0,0,0,0,1,0
1e8c,B,76,ARG,-4.5,173.4,1.0,5,0,X,0.0,0.0,0.0,0.0,0.0,0.0,0.0,0.0,20,0.030774100324409453,1,27,-26,0,0,0,0,0,0,0,0,1,0
1e8c,B,77,GLU,-3.5,138.4,-1.0,1,3,X,0.0,0.0,0.0,0.0,0.0,0.0,0.0,0.0,17,0.026577632098353617,24,1,23,0,0,0,0,0,0,0,0,1,0
1e8c,B,79,HIS,-3.2,153.2,0.1,2,1,X,0.0,0.0,0.0,0.0,0.0,0.0,0.0,0.0,13,0.017252147151562876,2,9,-7,0,0,0,0,0,0,0,0,1,0
1e8c,B,80,GLY,-0.4,60.1,0.0,0,0,X,0.0,0.0,0.0,0.0,0.0,0.0,0.0,0.0,16,0.01958351838826056,22,9,13,0,0,0,0,0,0,0,0,1,0
1e8c,B,81,VAL,4.2,140.0,0.0,0,0,X,0.0,0.0,0.0,0.0,0.0,0.0,0.0,0.0,27,0.0363693912924839,23,11,12,0,0,0,0,0,0,0,0,1,0
1e8c,B,82,PRO,-1.6,112.7,0.0,0,0,X,0.0,0.0,0.0,0.0,0.0,0.0,0.0,0.0,31,0.04243095650789788,24,14,10,0,0,0,0,0,0,0,0,1,0
1e8c,B,83,VAL,4.2,140.0,0.0,0,0,X,0.0,0.0,0.0,0.0,0.0,0.0,0.0,0.0,34,0.04709369898129325,21,23,-2,0,0,0,0,0,0,0,0,1,0
1e8c,B,84,ILE,4.5,166.7,0.0,0,0,X,0.0,0.0,0.0,0.0,0.0,0.0,0.0,0.0,37,0.04942507021799094,9,31,-22,0,0,0,0,0,0,0,0,1,0
1e8c,B,85,TYR,-1.3,193.6,0.0,1,1,X,0.0,0.0,0.0,0.0,0.0,0.0,0.0,0.0,28,0.05688545817542354,24,41,-17,0,0,0,0,0,0,0,0,1,0
1e8c,B,86,LEU,3.8,166.7,0.0,0,0,X,0.0,0.0,0.0,0.0,0.0,0.0,0.0,0.0,30,0.04709369898129325,16,26,-10,0,0,0,0,0,0,0,0,1,0
1e8c,B,87,SER,-0.8,89.0,0.0,1,1,X,0.0,0.0,0.0,0.0,0.0,0.0,0.0,0.0,24,0.03730193978716297,19,30,-11,0,0,0,0,0,0,0,0,1,0
1e8c,B,88,GLN,-3.5,143.8,0.0,2,2,X,0.0,0.0,0.0,0.0,0.0,0.0,0.0,0.0,15,0.032639197313767604,24,24,0,0,0,0,0,0,0,0,0,1,0
1e8c,B,89,LEU,3.8,166.7,0.0,0,0,X,0.0,0.0,0.0,0.0,0.0,0.0,0.0,0.0,31,0.04476232774459557,24,22,2,0,0,0,0,0,0,0,0,1,0
1e8c,B,90,ASN,-3.5,114.1,0.0,2,2,X,0.0,0.0,0.0,0.0,0.0,0.0,0.0,0.0,29,0.03823448828184205,30,17,13,0,0,0,0,0,0,0,0,1,0
1e8c,B,91,GLU,-3.5,138.4,-1.0,1,3,X,0.0,0.0,0.0,0.0,0.0,0.0,0.0,0.0,24,0.034970568550465285,24,6,18,0,0,0,0,0,0,0,0,1,0
1e8c,B,92,ARG,-4.5,173.4,1.0,5,0,X,0.0,0.0,0.0,0.0,0.0,0.0,0.0,0.0,26,0.03730193978716297,5,17,-12,0,0,0,0,0,0,0,0,1,0
1e8c,B,93,LEU,3.8,166.7,0.0,0,0,X,0.0,0.0,0.0,0.0,0.0,0.0,0.0,0.0,37,0.04243095650789788,27,13,14,0,0,0,0,0,0,0,0,1,0
1e8c,B,94,SER,-0.8,89.0,0.0,1,1,X,0.0,0.0,0.0,0.0,0.0,0.0,0.0,0.0,37,0.04662742473395372,30,15,15,0,0,0,0,0,0,0,0,1,0
1e8c,B,95,ALA,1.8,88.6,0.0,0,0,X,0.0,0.0,0.0,0.0,0.0,0.0,0.0,0.0,31,0.034970568550465285,28,13,15,0,0,0,0,0,0,0,0,1,0
1e8c,B,96,LEU,3.8,166.7,0.0,0,0,X,0.0,0.0,0.0,0.0,0.0,0.0,0.0,0.0,34,0.03916703677652112,27,9,18,0,0,0,0,0,0,0,0,1,0
1e8c,B,97,ALA,1.8,88.6,0.0,0,0,X,0.0,0.0,0.0,0.0,0.0,0.0,0.0,0.0,38,0.048492521723311866,38,18,20,0,0,0,0,0,0,0,0,1,0
1e8c,B,98,GLY,-0.4,60.1,0.0,0,0,X,0.0,0.0,0.0,0.0,0.0,0.0,0.0,0.0,29,0.04476232774459557,36,13,23,0,0,0,0,0,0,0,0,1,0
1e8c,B,99,ARG,-4.5,173.4,1.0,5,0,X,0.0,0.0,0.0,0.0,0.0,0.0,0.0,0.0,24,0.04476232774459557,25,16,9,0,0,0,0,0,0,0,0,1,0
1e8c,B,100,PHE,2.8,189.9,0.0,0,0,X,0.0,0.0,0.0,0.0,0.0,0.0,0.0,0.0,33,0.04429605349725603,46,28,18,0,0,0,0,0,0,0,0,1,0
1e8c,B,101,TYR,-1.3,193.6,0.0,1,1,X,0.0,0.0,0.0,0.0,0.0,0.0,0.0,0.0,35,0.045694876239274644,40,38,2,0,0,0,0,0,0,0,0,1,0
1e8c,B,102,HIS,-3.2,153.2,0.1,2,1,X,0.0,0.0,0.0,0.0,0.0,0.0,0.0,0.0,21,0.032172923066428064,21,23,-2,0,0,0,0,0,0,0,0,1,0
1e8c,B,103,GLU,-3.5,138.4,-1.0,1,3,X,0.0,0.0,0.0,0.0,0.0,0.0,0.0,0.0,23,0.03916703677652112,35,8,27,0,0,0,0,0,0,0,0,1,0
1e8c,B,104,PRO,-1.6,112.7,0.0,0,0,X,0.0,0.0,0.0,0.0,0.0,0.0,0.0,0.0,31,0.045694876239274644,30,29,1,0,0,0,0,0,0,0,0,1,0
1e8c,B,105,SER,-0.8,89.0,0.0,1,1,X,0.0,0.0,0.0,0.0,0.0,0.0,0.0,0.0,29,0.043829779249916496,25,18,7,0,0,0,0,0,0,0,0,1,0
1e8c,B,106,ASP,-3.5,111.1,-1.0,1,3,X,0.0,0.0,0.0,0.0,0.0,0.0,0.0,0.0,19,0.028909003335051305,22,9,13,0,0,0,0,0,0,0,0,1,0
1e8c,B,107,ASN,-3.5,114.1,0.0,2,2,X,0.0,0.0,0.0,0.0,0.0,0.0,0.0,0.0,20,0.02797645484037223,16,20,-4,0,0,0,0,0,0,0,0,1,0
1e8c,B,108,LEU,3.8,166.7,0.0,0,0,X,0.0,0.0,0.0,0.0,0.0,0.0,0.0,0.0,32,0.03683566553982344,16,18,-2,0,0,0,0,0,0,0,0,1,0
1e8c,B,109,ARG,-4.5,173.4,1.0,5,0,X,0.0,0.0,0.0,0.0,0.0,0.0,0.0,0.0,29,0.04149840801321881,2,10,-8,0,0,0,0,0,0,0,0,1,0
1e8c,B,110,LEU,3.8,166.7,0.0,0,0,X,0.0,0.0,0.0,0.0,0.0,0.0,0.0,0.0,39,0.04616115048661418,19,9,10,0,0,0,0,0,0,0,0,1,0
1e8c,B,111,VAL,4.2,140.0,0.0,0,0,X,0.0,0.0,0.0,0.0,0.0,0.0,0.0,0.0,44,0.045228601991935104,16,6,10,0,0,0,0,0,0,0,0,1,0
1e8c,B,112,GLY,-0.4,60.1,0.0,0,0,X,0.0,0.0,0.0,0.0,0.0,0.0,0.0,0.0,40,0.04429605349725603,15,7,8,0,0,0,0,0,0,0,0,1,0
1e8c,B,113,VAL,4.2,140.0,0.0,0,0,X,0.0,0.0,0.0,0.0,0.0,0.0,0.0,0.0,41,0.04942507021799094,9,9,0,0,0,0,0,0,0,0,0,1,0
1e8c,B,114,THR,-0.7,116.1,0.0,1,1,X,0.0,0.0,0.0,0.0,0.0,0.0,0.0,0.0,41,0.048958795970651406,10,9,1,0,0,0,0,0,0,0,0,1,1
1e8c,B,115,GLY,-0.4,60.1,0.0,0,0,X,0.0,0.0,0.0,0.0,0.0,0.0,0.0,0.0,41,0.04476232774459557,18,20,-2,0,0,0,0,0,0,0,0,1,1
1e8c,B,116,THR,-0.7,116.1,0.0,1,1,X,0.0,0.0,0.0,0.0,0.0,0.0,0.0,0.0,33,0.04476232774459557,36,24,12,0,0,0,0,0,0,0,0,1,1
1e8c,B,117,ASN,-3.5,114.1,0.0,2,2,X,0.0,0.0,0.0,0.0,0.0,0.0,0.0,0.0,37,0.03730193978716297,36,20,16,0,0,0,0,0,0,0,0,1,0
1e8c,B,118,GLY,-0.4,60.1,0.0,0,0,X,0.0,0.0,0.0,0.0,0.0,0.0,0.0,0.0,38,0.04616115048661418,21,9,12,0,0,0,0,0,0,0,0,1,0
1e8c,B,119,LYS,-3.9,168.6,1.0,2,0,X,0.0,0.0,0.0,0.0,0.0,0.0,0.0,0.0,37,0.04755997322863279,10,10,0,0,0,0,0,0,0,0,0,1,1
1e8c,B,120,THR,-0.7,116.1,0.0,1,1,X,0.0,0.0,0.0,0.0,0.0,0.0,0.0,0.0,36,0.04429605349725603,27,9,18,0,0,0,0,0,0,0,0,1,0
1e8c,B,121,THR,-0.7,116.1,0.0,1,1,X,0.0,0.0,0.0,0.0,0.0,0.0,0.0,0.0,38,0.04709369898129325,20,6,14,0,0,0,0,0,0,0,0,1,0
1e8c,B,122,THR,-0.7,116.1,0.0,1,1,X,0.0,0.0,0.0,0.0,0.0,0.0,0.0,0.0,44,0.04755997322863279,9,8,1,0,0,0,0,0,0,0,0,1,0
1e8c,B,123,THR,-0.7,116.1,0.0,1,1,X,0.0,0.0,0.0,0.0,0.0,0.0,0.0,0.0,39,0.04989134446533048,9,9,0,0,0,0,0,0,0,0,0,1,0
1e8c,B,124,GLN,-3.5,143.8,0.0,2,2,X,0.0,0.0,0.0,0.0,0.0,0.0,0.0,0.0,39,0.045694876239274644,11,7,4,0,0,0,0,0,0,0,0,1,0
1e8c,B,125,LEU,3.8,166.7,0.0,0,0,X,0.0,0.0,0.0,0.0,0.0,0.0,0.0,0.0,41,0.05175644145468863,5,0,5,0,0,0,0,0,0,0,0,1,0
1e8c,B,126,LEU,3.8,166.7,0.0,0,0,X,0.0,0.0,0.0,0.0,0.0,0.0,0.0,0.0,43,0.05222271570202816,4,0,4,0,0,0,0,0,0,0,0,1,0
1e8c,B,127,ALA,1.8,88.6,0.0,0,0,X,0.0,0.0,0.0,0.0,0.0,0.0,0.0,0.0,36,0.053621538444046775,1,9,-8,0,0,0,0,0,0,0,0,1,0
1e8c,B,128,GLN,-3.5,143.8,0.0,2,2,X,0.0,0.0,0.0,0.0,0.0,0.0,0.0,0.0,34,0.04616115048661418,9,1,8,0,0,0,0,0,0,0,0,1,0
1e8c,B,129,TRP,-0.9,227.8,0.0,1,0,X,0.0,0.0,0.0,0.0,0.0,0.0,0.0,0.0,41,0.04989134446533048,14,5,9,0,0,0,0,0,0,0,0,1,0
1e8c,B,130,SER,-0.8,89.0,0.0,1,1,X,0.0,0.0,0.0,0.0,0.0,0.0,0.0,0.0,32,0.05129016720734909,4,10,-6,0,0,0,0,0,0,0,0,1,0
1e8c,B,131,GLN,-3.5,143.8,0.0,2,2,X,0.0,0.0,0.0,0.0,0.0,0.0,0.0,0.0,25,0.04103213376587927,6,9,-3,0,0,0,0,0,0,0,0,1,0
1e8c,B,132,LEU,3.8,166.7,0.0,0,0,X,0.0,0.0,0.0,0.0,0.0,0.0,0.0,0.0,26,0.035436842797804825,16,12,4,0,0,0,0,0,0,0,0,1,0
1e8c,B,133,LEU,3.8,166.7,0.0,0,0,X,0.0,0.0,0.0,0.0,0.0,0.0,0.0,0.0,28,0.03590311704514436,11,17,-6,0,0,0,0,0,0,0,0,1,0
1e8c,B,134,GLY,-0.4,60.1,0.0,0,0,X,0.0,0.0,0.0,0.0,0.0,0.0,0.0,0.0,17,0.022381163872297785,1,12,-11,0,0,0,0,0,0,0,0,1,0
1e8c,B,135,GLU,-3.5,138.4,-1.0,1,3,X,0.0,0.0,0.0,0.0,0.0,0.0,0.0,0.0,23,0.03590311704514436,10,0,10,0,0,0,0,0,0,0,0,1,0
1e8c,B,136,ILE,4.5,166.7,0.0,0,0,X,0.0,0.0,0.0,0.0,0.0,0.0,0.0,0.0,27,0.03730193978716297,4,10,-6,0,0,0,0,0,0,0,0,1,0
1e8c,B,137,SER,-0.8,89.0,0.0,1,1,X,0.0,0.0,0.0,0.0,0.0,0.0,0.0,0.0,33,0.05222271570202816,11,9,2,0,0,0,0,0,0,0,0,1,0
1e8c,B,138,ALA,1.8,88.6,0.0,0,0,X,0.0,0.0,0.0,0.0,0.0,0.0,0.0,0.0,39,0.04289723075523742,12,9,3,0,0,0,0,0,0,0,0,1,0
1e8c,B,139,VAL,4.2,140.0,0.0,0,0,X,0.0,0.0,0.0,0.0,0.0,0.0,0.0,0.0,42,0.04476232774459557,7,13,-6,0,0,0,0,0,0,0,0,1,0
1e8c,B,141,GLY,-0.4,60.1,0.0,0,0,X,0.0,0.0,0.0,0.0,0.0,0.0,0.0,0.0,33,0.04196468226055834,17,17,0,0,0,0,0,0,0,0,0,1,0
1e8c,B,142,THR,-0.7,116.1,0.0,1,1,X,0.0,0.0,0.0,0.0,0.0,0.0,0.0,0.0,33,0.03870076252918159,29,21,8,0,0,0,0,0,0,0,0,1,0
1e8c,B,143,VAL,4.2,140.0,0.0,0,0,X,0.0,0.0,0.0,0.0,0.0,0.0,0.0,0.0,32,0.03963331102386066,22,15,7,0,0,0,0,0,0,0,0,1,0
1e8c,B,144,GLY,-0.4,60.1,0.0,0,0,X,0.0,0.0,0.0,0.0,0.0,0.0,0.0,0.0,31,0.03730193978716297,11,17,-6,0,0,0,0,0,0,0,0,1,0
1e8c,B,145,ASN,-3.5,114.1,0.0,2,2,X,0.0,0.0,0.0,0.0,0.0,0.0,0.0,0.0,31,0.03776821403450251,6,22,-16,0,0,0,0,0,0,0,0,1,0
1e8c,B,146,GLY,-0.4,60.1,0.0,0,0,X,0.0,0.0,0.0,0.0,0.0,0.0,0.0,0.0,30,0.03916703677652112,9,9,0,0,0,0,0,0,0,0,0,1,0
1e8c,B,147,LEU,3.8,166.7,0.0,0,0,X,0.0,0.0,0.0,0.0,0.0,0.0,0.0,0.0,29,0.040565859518539735,9,5,4,0,0,0,0,0,0,0,0,1,0
1e8c,B,148,LEU,3.8,166.7,0.0,0,0,X,0.0,0.0,0.0,0.0,0.0,0.0,0.0,0.0,30,0.03590311704514436,11,2,9,0,0,0,0,0,0,0,0,1,0
1e8c,B,149,GLY,-0.4,60.1,0.0,0,0,X,0.0,0.0,0.0,0.0,0.0,0.0,0.0,0.0,18,0.02098234113027917,14,0,14,0,0,0,0,0,0,0,0,1,0
1e8c,B,150,LYS,-3.9,168.6,1.0,2,0,X,0.0,0.0,0.0,0.0,0.0,0.0,0.0,0.0,14,0.022847438119637322,0,0,0,0,0,0,0,0,0,0,0,1,0
1e8c,B,151,VAL,4.2,140.0,0.0,0,0,X,0.0,0.0,0.0,0.0,0.0,0.0,0.0,0.0,20,0.03403802005578621,8,2,6,0,0,0,0,0,0,0,0,1,0
1e8c,B,152,ILE,4.5,166.7,0.0,0,0,X,0.0,0.0,0.0,0.0,0.0,0.0,0.0,0.0,17,0.025178809356335007,7,6,1,0,0,0,0,0,0,0,0,1,0
1e8c,B,153,PRO,-1.6,112.7,0.0,0,0,X,0.0,0.0,0.0,0.0,0.0,0.0,0.0,0.0,18,0.02797645484037223,12,16,-4,0,0,0,0,0,0,0,0,1,0
1e8c,B,154,THR,-0.7,116.1,0.0,1,1,X,0.0,0.0,0.0,0.0,0.0,0.0,0.0,0.0,23,0.032639197313767604,9,19,-10,0,0,0,0,0,0,0,0,1,0
1e8c,B,155,GLU,-3.5,138.4,-1.0,1,3,X,0.0,0.0,0.0,0.0,0.0,0.0,0.0,0.0,19,0.02098234113027917,9,3,6,0,0,0,0,0,0,0,0,1,0
1e8c,B,156,ASN,-3.5,114.1,0.0,2,2,X,0.0,0.0,0.0,0.0,0.0,0.0,0.0,0.0,27,0.02984155182973038,16,20,-4,0,0,0,0,0,0,0,0,1,0
1e8c,B,157,THR,-0.7,116.1,0.0,1,1,X,0.0,0.0,0.0,0.0,0.0,0.0,0.0,0.0,32,0.035436842797804825,32,15,17,0,0,0,0,0,0,0,0,1,0
1e8c,B,158,THR,-0.7,116.1,0.0,1,1,X,0.0,0.0,0.0,0.0,0.0,0.0,0.0,0.0,32,0.04196468226055834,29,25,4,0,0,0,0,0,0,0,0,1,0
1e8c,B,159,GLY,-0.4,60.1,0.0,0,0,X,0.0,0.0,0.0,0.0,0.0,0.0,0.0,0.0,31,0.03776821403450251,21,25,-4,0,0,0,0,0,0,0,0,1,0
1e8c,B,160,SER,-0.8,89.0,0.0,1,1,X,0.0,0.0,0.0,0.0,0.0,0.0,0.0,0.0,28,0.03310547156110714,22,17,5,0,0,0,0,0,0,0,0,1,0
1e8c,B,161,ALA,1.8,88.6,0.0,0,0,X,0.0,0.0,0.0,0.0,0.0,0.0,0.0,0.0,33,0.04755997322863279,28,16,12,0,0,0,0,0,0,0,0,1,0
1e8c,B,162,VAL,4.2,140.0,0.0,0,0,X,0.0,0.0,0.0,0.0,0.0,0.0,0.0,0.0,34,0.04429605349725603,22,23,-1,0,0,0,0,0,0,0,0,1,0
1e8c,B,163,ASP,-3.5,111.1,-1.0,1,3,X,0.0,0.0,0.0,0.0,0.0,0.0,0.0,0.0,24,0.03450429430312575,17,13,4,0,0,0,0,0,0,0,0,1,0
1e8c,B,164,VAL,4.2,140.0,0.0,0,0,X,0.0,0.0,0.0,0.0,0.0,0.0,0.0,0.0,35,0.04196468226055834,20,19,1,0,0,0,0,0,0,0,0,1,0
1e8c,B,165,GLN,-3.5,143.8,0.0,2,2,X,0.0,0.0,0.0,0.0,0.0,0.0,0.0,0.0,37,0.04989134446533048,27,26,1,0,0,0,0,0,0,0,0,1,0
1e8c,B,166,HIS,-3.2,153.2,0.1,2,1,X,0.0,0.0,0.0,0.0,0.0,0.0,0.0,0.0,25,0.04243095650789788,3,30,-27,0,0,0,0,0,0,0,0,1,0
1e8c,B,167,GLU,-3.5,138.4,-1.0,1,3,X,0.0,0.0,0.0,0.0,0.0,0.0,0.0,0.0,31,0.03730193978716297,10,10,0,0,0,0,0,0,0,0,0,1,0
1e8c,B,168,LEU,3.8,166.7,0.0,0,0,X,0.0,0.0,0.0,0.0,0.0,0.0,0.0,0.0,39,0.04289723075523742,17,28,-11,0,0,0,0,0,0,0,0,1,0
1e8c,B,169,ALA,1.8,88.6,0.0,0,0,X,0.0,0.0,0.0,0.0,0.0,0.0,0.0,0.0,28,0.04429605349725603,18,29,-11,0,0,0,0,0,0,0,0,1,0
1e8c,B,170,GLY,-0.4,60.1,0.0,0,0,X,0.0,0.0,0.0,0.0,0.0,0.0,0.0,0.0,22,0.03310547156110714,10,21,-11,0,0,0,0,0,0,0,0,1,0
1e8c,B,171,LEU,3.8,166.7,0.0,0,0,X,0.0,0.0,0.0,0.0,0.0,0.0,0.0,0.0,32,0.04149840801321881,8,18,-10,0,0,0,0,0,0,0,0,1,0
1e8c,B,172,VAL,4.2,140.0,0.0,0,0,X,0.0,0.0,0.0,0.0,0.0,0.0,0.0,0.0,26,0.03776821403450251,6,19,-13,0,0,0,0,0,0,0,0,1,0
1e8c,B,173,ASP,-3.5,111.1,-1.0,1,3,X,0.0,0.0,0.0,0.0,0.0,0.0,0.0,0.0,18,0.023779986614316396,4,5,-1,0,0,0,0,0,0,0,0,1,0
1e8c,B,174,GLN,-3.5,143.8,0.0,2,2,X,0.0,0.0,0.0,0.0,0.0,0.0,0.0,0.0,19,0.025178809356335007,7,11,-4,0,0,0,0,0,0,0,0,1,0
1e8c,B,175,GLY,-0.4,60.1,0.0,0,0,X,0.0,0.0,0.0,0.0,0.0,0.0,0.0,0.0,20,0.026577632098353617,1,13,-12,0,0,0,0,0,0,0,0,1,0
1e8c,B,176,ALA,1.8,88.6,0.0,0,0,X,0.0,0.0,0.0,0.0,0.0,0.0,0.0,0.0,28,0.043829779249916496,5,19,-14,0,0,0,0,0,0,0,0,1,0
1e8c,B,177,THR,-0.7,116.1,0.0,1,1,X,0.0,0.0,0.0,0.0,0.0,0.0,0.0,0.0,27,0.03870076252918159,10,12,-2,0,0,0,0,0,0,0,0,1,0
1e8c,B,178,PHE,2.8,189.9,0.0,0,0,X,0.0,0.0,0.0,0.0,0.0,0.0,0.0,0.0,39,0.04709369898129325,11,9,2,0,0,0,0,0,0,0,0,1,0
1e8c,B,179,CYS,2.5,108.5,0.0,1,0,X,0.0,0.0,0.0,0.0,0.0,0.0,0.0,0.0,43,0.04476232774459557,9,7,2,0,0,0,0,0,0,0,0,1,0
1e8c,B,180,ALA,1.8,88.6,0.0,0,0,X,0.0,0.0,0.0,0.0,0.0,0.0,0.0,0.0,46,0.043829779249916496,9,9,0,0,0,0,0,0,0,0,0,1,0
1e8c,B,182,GLU,-3.5,138.4,-1.0,1,3,X,0.0,0.0,0.0,0.0,0.0,0.0,0.0,0.0,41,0.04196468226055834,14,0,14,0,0,0,0,0,0,0,0,1,0
1e8c,B,183,VAL,4.2,140.0,0.0,0,0,X,0.0,0.0,0.0,0.0,0.0,0.0,0.0,0.0,39,0.043829779249916496,32,9,23,0,0,0,0,0,0,0,0,1,0
1e8c,B,184,SER,-0.8,89.0,0.0,1,1,X,0.0,0.0,0.0,0.0,0.0,0.0,0.0,0.0,33,0.04289723075523742,43,9,34,0,0,0,0,0,0,0,0,1,1
1e8c,B,185,SER,-0.8,89.0,0.0,1,1,X,0.0,0.0,0.0,0.0,0.0,0.0,0.0,0.0,34,0.04755997322863279,48,11,37,0,0,0,0,0,0,0,0,1,1
1e8c,B,186,HIS,-3.2,153.2,0.1,2,1,X,0.0,0.0,0.0,0.0,0.0,0.0,0.0,0.0,27,0.04196468226055834,41,10,31,0,0,0,0,0,0,0,0,1,0
1e8c,B,187,GLY,-0.4,60.1,0.0,0,0,X,0.0,0.0,0.0,0.0,0.0,0.0,0.0,0.0,32,0.045694876239274644,43,3,40,0,0,0,0,0,0,0,0,1,0
1e8c,B,188,LEU,3.8,166.7,0.0,0,0,X,0.0,0.0,0.0,0.0,0.0,0.0,0.0,0.0,34,0.050823892960009553,45,13,32,0,0,0,0,0,0,0,0,1,1
1e8c,B,189,VAL,4.2,140.0,0.0,0,0,X,0.0,0.0,0.0,0.0,0.0,0.0,0.0,0.0,25,0.03683566553982344,51,8,43,0,0,0,0,0,0,0,0,1,0
1e8c,B,190,GLN,-3.5,143.8,0.0,2,2,X,0.0,0.0,0.0,0.0,0.0,0.0,0.0,0.0,28,0.034970568550465285,43,8,35,0,0,0,0,0,0,0,0,1,0
1e8c,B,191,HIS,-3.2,153.2,0.1,2,1,X,0.0,0.0,0.0,0.0,0.0,0.0,0.0,0.0,29,0.04103213376587927,26,16,10,0,0,0,0,0,0,0,0,1,0
1e8c,B,192,ARG,-4.5,173.4,1.0,5,0,X,0.0,0.0,0.0,0.0,0.0,0.0,0.0,0.0,31,0.04709369898129325,24,9,15,0,0,0,0,0,0,0,0,1,0
1e8c,B,193,VAL,4.2,140.0,0.0,0,0,X,0.0,0.0,0.0,0.0,0.0,0.0,0.0,0.0,40,0.045694876239274644,42,9,33,0,0,0,0,0,0,0,0,1,0
1e8c,B,194,ALA,1.8,88.6,0.0,0,0,X,0.0,0.0,0.0,0.0,0.0,0.0,0.0,0.0,36,0.04103213376587927,47,15,32,0,0,0,0,0,0,0,0,1,0
1e8c,B,195,ALA,1.8,88.6,0.0,0,0,X,0.0,0.0,0.0,0.0,0.0,0.0,0.0,0.0,29,0.03776821403450251,48,17,31,0,0,0,0,0,0,0,0,1,0
1e8c,B,196,LEU,3.8,166.7,0.0,0,0,X,0.0,0.0,0.0,0.0,0.0,0.0,0.0,0.0,37,0.043363505002576956,37,17,20,0,0,0,0,0,0,0,0,1,0
1e8c,B,197,LYS,-3.9,168.6,1.0,2,0,X,0.0,0.0,0.0,0.0,0.0,0.0,0.0,0.0,25,0.03963331102386066,19,17,2,0,0,0,0,0,0,0,0,1,0
1e8c,B,198,PHE,2.8,189.9,0.0,0,0,X,0.0,0.0,0.0,0.0,0.0,0.0,0.0,0.0,36,0.04289723075523742,34,8,26,0,0,0,0,0,0,0,0,1,0
1e8c,B,199,ALA,1.8,88.6,0.0,0,0,X,0.0,0.0,0.0,0.0,0.0,0.0,0.0,0.0,31,0.03870076252918159,24,3,21,0,0,0,0,0,0,0,0,1,0
1e8c,B,200,ALA,1.8,88.6,0.0,0,0,X,0.0,0.0,0.0,0.0,0.0,0.0,0.0,0.0,37,0.04429605349725603,23,0,23,0,0,0,0,0,0,0,0,1,0
1e8c,B,201,SER,-0.8,89.0,0.0,1,1,X,0.0,0.0,0.0,0.0,0.0,0.0,0.0,0.0,39,0.05408781269138631,13,0,13,0,0,0,0,0,0,0,0,1,0
1e8c,B,202,VAL,4.2,140.0,0.0,0,0,X,0.0,0.0,0.0,0.0,0.0,0.0,0.0,0.0,46,0.05035761871267001,8,3,5,0,0,0,0,0,0,0,0,1,0
1e8c,B,203,PHE,2.8,189.9,0.0,0,0,X,0.0,0.0,0.0,0.0,0.0,0.0,0.0,0.0,42,0.048492521723311866,10,22,-12,0,0,0,0,0,0,0,0,1,0
1e8c,B,204,THR,-0.7,116.1,0.0,1,1,X,0.0,0.0,0.0,0.0,0.0,0.0,0.0,0.0,40,0.05129016720734909,11,14,-3,0,0,0,0,0,0,0,0,1,0
1e8c,B,205,ASN,-3.5,114.1,0.0,2,2,X,0.0,0.0,0.0,0.0,0.0,0.0,0.0,0.0,35,0.04476232774459557,16,28,-12,0,0,0,0,0,0,0,0,1,0
1e8c,B,206,LEU,3.8,166.7,0.0,0,0,X,0.0,0.0,0.0,0.0,0.0,0.0,0.0,0.0,35,0.04476232774459557,21,51,-30,0,0,0,0,0,0,0,0,1,1
1e8c,B,207,SER,-0.8,89.0,0.0,1,1,X,0.0,0.0,0.0,0.0,0.0,0.0,0.0,0.0,31,0.04149840801321881,37,37,0,0,0,0,0,0,0,0,0,1,0
1e8c,B,208,ARG,-4.5,173.4,1.0,5,0,X,0.0,0.0,0.0,0.0,0.0,0.0,0.0,0.0,33,0.045694876239274644,42,49,-7,0,0,0,0,0,0,0,0,1,0
1e8c,B,209,ASP,-3.5,111.1,-1.0,1,3,X,0.0,0.0,0.0,0.0,0.0,0.0,0.0,0.0,32,0.043829779249916496,65,30,35,0,0,0,0,0,0,0,0,1,0
1e8c,B,210,HIS,-3.2,153.2,0.1,2,1,X,0.0,0.0,0.0,0.0,0.0,0.0,0.0,0.0,30,0.045228601991935104,57,31,26,0,0,0,0,0,0,0,0,1,0
1e8c,B,211,LEU,3.8,166.7,0.0,0,0,X,0.0,0.0,0.0,0.0,0.0,0.0,0.0,0.0,23,0.04289723075523742,61,44,17,0,0,0,0,0,0,0,0,1,0
1e8c,B,212,ASP,-3.5,111.1,-1.0,1,3,X,0.0,0.0,0.0,0.0,0.0,0.0,0.0,0.0,21,0.032172923066428064,57,28,29,0,0,0,0,0,0,0,0,1,0
1e8c,B,213,TYR,-1.3,193.6,0.0,1,1,X,0.0,0.0,0.0,0.0,0.0,0.0,0.0,0.0,22,0.02844272908771177,49,17,32,0,0,0,0,0,0,0,0,1,0
1e8c,B,214,HIS,-3.2,153.2,0.1,2,1,X,0.0,0.0,0.0,0.0,0.0,0.0,0.0,0.0,23,0.040565859518539735,30,36,-6,0,0,0,0,0,0,0,0,1,0
1e8c,B,215,GLY,-0.4,60.1,0.0,0,0,X,0.0,0.0,0.0,0.0,0.0,0.0,0.0,0.0,15,0.027510180593032695,33,37,-4,0,0,0,0,0,0,0,0,1,0
1e8c,B,216,ASP,-3.5,111.1,-1.0,1,3,X,0.0,0.0,0.0,0.0,0.0,0.0,0.0,0.0,20,0.030774100324409453,39,28,11,0,0,0,0,0,0,0,0,1,0
1e8c,B,218,GLU,-3.5,138.4,-1.0,1,3,X,0.0,0.0,0.0,0.0,0.0,0.0,0.0,0.0,17,0.02984155182973038,31,25,6,0,0,0,0,0,0,0,0,1,0
1e8c,B,219,HIS,-3.2,153.2,0.1,2,1,X,0.0,0.0,0.0,0.0,0.0,0.0,0.0,0.0,16,0.03310547156110714,18,25,-7,0,0,0,0,0,0,0,0,1,0
1e8c,B,220,TYR,-1.3,193.6,0.0,1,1,X,0.0,0.0,0.0,0.0,0.0,0.0,0.0,0.0,35,0.043363505002576956,45,39,6,0,0,0,0,0,0,0,0,1,1
1e8c,B,221,GLU,-3.5,138.4,-1.0,1,3,X,0.0,0.0,0.0,0.0,0.0,0.0,0.0,0.0,30,0.040099585271200194,32,24,8,0,0,0,0,0,0,0,0,1,1
1e8c,B,222,ALA,1.8,88.6,0.0,0,0,X,0.0,0.0,0.0,0.0,0.0,0.0,0.0,0.0,23,0.032639197313767604,26,26,0,0,0,0,0,0,0,0,0,1,1
1e8c,B,223,ALA,1.8,88.6,0.0,0,0,X,0.0,0.0,0.0,0.0,0.0,0.0,0.0,0.0,31,0.040099585271200194,33,20,13,0,0,0,0,0,0,0,0,1,1
1e8c,B,225,TRP,-0.9,227.8,0.0,1,0,X,0.0,0.0,0.0,0.0,0.0,0.0,0.0,0.0,25,0.04149840801321881,24,18,6,0,0,0,0,0,0,0,0,1,1
1e8c,B,226,LEU,3.8,166.7,0.0,0,0,X,0.0,0.0,0.0,0.0,0.0,0.0,0.0,0.0,27,0.04149840801321881,27,14,13,0,0,0,0,0,0,0,0,1,1
1e8c,B,227,LEU,3.8,166.7,0.0,0,0,X,0.0,0.0,0.0,0.0,0.0,0.0,0.0,0.0,37,0.04662742473395372,17,10,7,0,0,0,0,0,0,0,0,1,1
1e8c,B,228,TYR,-1.3,193.6,0.0,1,1,X,0.0,0.0,0.0,0.0,0.0,0.0,0.0,0.0,31,0.04103213376587927,21,7,14,0,0,0,0,0,0,0,0,1,0
1e8c,B,229,SER,-0.8,89.0,0.0,1,1,X,0.0,0.0,0.0,0.0,0.0,0.0,0.0,0.0,16,0.029375277582390842,19,10,9,0,0,0,0,0,0,0,0,1,0
1e8c,B,230,GLU,-3.5,138.4,-1.0,1,3,X,0.0,0.0,0.0,0.0,0.0,0.0,0.0,0.0,16,0.027510180593032695,27,0,27,0,0,0,0,0,0,0,0,1,0
1e8c,B,231,HIS,-3.2,153.2,0.1,2,1,X,0.0,0.0,0.0,0.0,0.0,0.0,0.0,0.0,24,0.040099585271200194,28,9,19,0,0,0,0,0,0,0,0,1,0
1e8c,B,232,HIS,-3.2,153.2,0.1,2,1,X,0.0,0.0,0.0,0.0,0.0,0.0,0.0,0.0,22,0.03590311704514436,19,10,9,0,0,0,0,0,0,0,0,1,0
1e8c,B,233,CYS,2.5,108.5,0.0,1,0,X,0.0,0.0,0.0,0.0,0.0,0.0,0.0,0.0,29,0.04476232774459557,27,5,22,0,0,0,0,0,0,0,0,1,0
1e8c,B,234,GLY,-0.4,60.1,0.0,0,0,X,0.0,0.0,0.0,0.0,0.0,0.0,0.0,0.0,27,0.030774100324409453,24,5,19,0,0,0,0,0,0,0,0,1,0
1e8c,B,235,GLN,-3.5,143.8,0.0,2,2,X,0.0,0.0,0.0,0.0,0.0,0.0,0.0,0.0,29,0.035436842797804825,13,8,5,0,0,0,0,0,0,0,0,1,0
1e8c,B,236,ALA,1.8,88.6,0.0,0,0,X,0.0,0.0,0.0,0.0,0.0,0.0,0.0,0.0,35,0.04616115048661418,13,8,5,0,0,0,0,0,0,0,0,1,0
1e8c,B,237,ILE,4.5,166.7,0.0,0,0,X,0.0,0.0,0.0,0.0,0.0,0.0,0.0,0.0,46,0.04989134446533048,9,3,6,0,0,0,0,0,0,0,0,1,0
1e8c,B,238,ILE,4.5,166.7,0.0,0,0,X,0.0,0.0,0.0,0.0,0.0,0.0,0.0,0.0,41,0.0526889899493677,19,17,2,0,0,0,0,0,0,0,0,1,0
1e8c,B,239,ASN,-3.5,114.1,0.0,2,2,X,0.0,0.0,0.0,0.0,0.0,0.0,0.0,0.0,40,0.05035761871267001,25,27,-2,0,0,0,0,0,0,0,0,1,0
1e8c,B,240,ALA,1.8,88.6,0.0,0,0,X,0.0,0.0,0.0,0.0,0.0,0.0,0.0,0.0,32,0.0526889899493677,35,36,-1,0,0,0,0,0,0,0,0,1,0
1e8c,B,241,ASP,-3.5,111.1,-1.0,1,3,X,0.0,0.0,0.0,0.0,0.0,0.0,0.0,0.0,30,0.040565859518539735,26,29,-3,0,0,0,0,0,0,0,0,1,0
1e8c,B,242,ASP,-3.5,111.1,-1.0,1,3,X,0.0,0.0,0.0,0.0,0.0,0.0,0.0,0.0,29,0.04243095650789788,33,30,3,0,0,0,0,0,0,0,0,1,0
1e8c,B,243,GLU,-3.5,138.4,-1.0,1,3,X,0.0,0.0,0.0,0.0,0.0,0.0,0.0,0.0,28,0.03357174580844668,45,26,19,0,0,0,0,0,0,0,0,1,0
1e8c,B,244,VAL,4.2,140.0,0.0,0,0,X,0.0,0.0,0.0,0.0,0.0,0.0,0.0,0.0,31,0.04289723075523742,35,31,4,0,0,0,0,0,0,0,0,1,0
1e8c,B,245,GLY,-0.4,60.1,0.0,0,0,X,0.0,0.0,0.0,0.0,0.0,0.0,0.0,0.0,31,0.05455408693872585,42,29,13,0,0,0,0,0,0,0,0,1,0
1e8c,B,246,ARG,-4.5,173.4,1.0,5,0,X,0.0,0.0,0.0,0.0,0.0,0.0,0.0,0.0,27,0.045694876239274644,37,29,8,0,0,0,0,0,0,0,0,1,0
1e8c,B,247,ARG,-4.5,173.4,1.0,5,0,X,0.0,0.0,0.0,0.0,0.0,0.0,0.0,0.0,24,0.04149840801321881,29,28,1,0,0,0,0,0,0,0,0,1,0
1e8c,B,248,TRP,-0.9,227.8,0.0,1,0,X,0.0,0.0,0.0,0.0,0.0,0.0,0.0,0.0,32,0.043829779249916496,26,25,1,0,0,0,0,0,0,0,0,1,1
1e8c,B,249,LEU,3.8,166.7,0.0,0,0,X,0.0,0.0,0.0,0.0,0.0,0.0,0.0,0.0,33,0.04476232774459557,40,12,28,0,0,0,0,0,0,0,0,1,0
1e8c,B,250,ALA,1.8,88.6,0.0,0,0,X,0.0,0.0,0.0,0.0,0.0,0.0,0.0,0.0,20,0.02984155182973038,37,2,35,0,0,0,0,0,0,0,0,1,0
1e8c,B,251,LYS,-3.9,168.6,1.0,2,0,X,0.0,0.0,0.0,0.0,0.0,0.0,0.0,0.0,19,0.026577632098353617,16,3,13,0,0,0,0,0,0,0,0,1,0
1e8c,B,252,LEU,3.8,166.7,0.0,0,0,X,0.0,0.0,0.0,0.0,0.0,0.0,0.0,0.0,27,0.02984155182973038,24,8,16,0,0,0,0,0,0,0,0,1,0
1e8c,B,253,PRO,-1.6,112.7,0.0,0,0,X,0.0,0.0,0.0,0.0,0.0,0.0,0.0,0.0,19,0.02471253510899547,26,8,18,0,0,0,0,0,0,0,0,1,0
1e8c,B,254,ASP,-3.5,111.1,-1.0,1,3,X,0.0,0.0,0.0,0.0,0.0,0.0,0.0,0.0,18,0.02984155182973038,21,0,21,0,0,0,0,0,0,0,0,1,0
1e8c,B,255,ALA,1.8,88.6,0.0,0,0,X,0.0,0.0,0.0,0.0,0.0,0.0,0.0,0.0,33,0.04755997322863279,27,8,19,0,0,0,0,0,0,0,0,1,0
1e8c,B,256,VAL,4.2,140.0,0.0,0,0,X,0.0,0.0,0.0,0.0,0.0,0.0,0.0,0.0,41,0.04989134446533048,22,7,15,0,0,0,0,0,0,0,0,1,0
1e8c,B,257,ALA,1.8,88.6,0.0,0,0,X,0.0,0.0,0.0,0.0,0.0,0.0,0.0,0.0,42,0.05035761871267001,40,11,29,0,0,0,0,0,0,0,0,1,0
1e8c,B,258,VAL,4.2,140.0,0.0,0,0,X,0.0,0.0,0.0,0.0,0.0,0.0,0.0,0.0,42,0.05455408693872585,26,19,7,0,0,0,0,0,0,0,0,1,0
1e8c,B,259,SER,-0.8,89.0,0.0,1,1,X,0.0,0.0,0.0,0.0,0.0,0.0,0.0,0.0,37,0.048026247475972325,32,30,2,0,0,0,0,0,0,0,0,1,0
1e8c,B,261,GLU,-3.5,138.4,-1.0,1,3,X,0.0,0.0,0.0,0.0,0.0,0.0,0.0,0.0,20,0.025645083603674543,23,21,2,0,0,0,0,0,0,0,0,1,0
1e8c,B,262,ASP,-3.5,111.1,-1.0,1,3,X,0.0,0.0,0.0,0.0,0.0,0.0,0.0,0.0,22,0.032639197313767604,36,24,12,0,0,0,0,0,0,0,0,1,0
1e8c,B,263,HIS,-3.2,153.2,0.1,2,1,X,0.0,0.0,0.0,0.0,0.0,0.0,0.0,0.0,24,0.03776821403450251,29,35,-6,0,0,0,0,0,0,0,0,1,0
1e8c,B,264,ILE,4.5,166.7,0.0,0,0,X,0.0,0.0,0.0,0.0,0.0,0.0,0.0,0.0,34,0.048958795970651406,46,24,22,0,0,0,0,0,0,0,0,1,0
1e8c,B,265,ASN,-3.5,114.1,0.0,2,2,X,0.0,0.0,0.0,0.0,0.0,0.0,0.0,0.0,25,0.04149840801321881,44,22,22,0,0,0,0,0,0,0,0,1,0
1e8c,B,266,PRO,-1.6,112.7,0.0,0,0,X,0.0,0.0,0.0,0.0,0.0,0.0,0.0,0.0,24,0.03776821403450251,36,15,21,0,0,0,0,0,0,0,0,1,0
1e8c,B,267,ASN,-3.5,114.1,0.0,2,2,X,0.0,0.0,0.0,0.0,0.0,0.0,0.0,0.0,23,0.03683566553982344,40,27,13,0,0,0,0,0,0,0,0,1,0
1e8c,B,268,CYS,2.5,108.5,0.0,1,0,X,0.0,0.0,0.0,0.0,0.0,0.0,0.0,0.0,29,0.02984155182973038,34,20,14,0,0,0,0,0,0,0,0,1,0
1e8c,B,269,HIS,-3.2,153.2,0.1,2,1,X,0.0,0.0,0.0,0.0,0.0,0.0,0.0,0.0,33,0.043829779249916496,22,7,15,0,0,0,0,0,0,0,0,1,0
1e8c,B,270,GLY,-0.4,60.1,0.0,0,0,X,0.0,0.0,0.0,0.0,0.0,0.0,0.0,0.0,20,0.03310547156110714,21,8,13,0,0,0,0,0,0,0,0,1,0
1e8c,B,271,ARG,-4.5,173.4,1.0,5,0,X,0.0,0.0,0.0,0.0,0.0,0.0,0.0,0.0,28,0.040099585271200194,9,8,1,0,0,0,0,0,0,0,0,1,0
1e8c,B,272,TRP,-0.9,227.8,0.0,1,0,X,0.0,0.0,0.0,0.0,0.0,0.0,0.0,0.0,29,0.050823892960009553,30,6,24,0,0,0,0,0,0,0,0,1,0
1e8c,B,273,LEU,3.8,166.7,0.0,0,0,X,0.0,0.0,0.0,0.0,0.0,0.0,0.0,0.0,42,0.05222271570202816,22,8,14,0,0,0,0,0,0,0,0,1,0
1e8c,B,274,LYS,-3.9,168.6,1.0,2,0,X,0.0,0.0,0.0,0.0,0.0,0.0,0.0,0.0,31,0.04755997322863279,19,30,-11,0,0,0,0,0,0,0,0,1,0
1e8c,B,275,ALA,1.8,88.6,0.0,0,0,X,0.0,0.0,0.0,0.0,0.0,0.0,0.0,0.0,31,0.04149840801321881,24,29,-5,0,0,0,0,0,0,0,0,1,0
1e8c,B,276,THR,-0.7,116.1,0.0,1,1,X,0.0,0.0,0.0,0.0,0.0,0.0,0.0,0.0,23,0.03170664881908853,20,32,-12,0,0,0,0,0,0,0,0,1,0
1e8c,B,277,GLU,-3.5,138.4,-1.0,1,3,X,0.0,0.0,0.0,0.0,0.0,0.0,0.0,0.0,14,0.02797645484037223,15,6,9,0,0,0,0,0,0,0,0,1,0
1e8c,B,278,VAL,4.2,140.0,0.0,0,0,X,0.0,0.0,0.0,0.0,0.0,0.0,0.0,0.0,25,0.0363693912924839,20,16,4,0,0,0,0,0,0,0,0,1,0
1e8c,B,279,ASN,-3.5,114.1,0.0,2,2,X,0.0,0.0,0.0,0.0,0.0,0.0,0.0,0.0,17,0.02984155182973038,21,20,1,0,0,0,0,0,0,0,0,1,0
1e8c,B,280,TYR,-1.3,193.6,0.0,1,1,X,0.0,0.0,0.0,0.0,0.0,0.0,0.0,0.0,22,0.03403802005578621,13,9,4,0,0,0,0,0,0,0,0,1,0
1e8c,B,281,HIS,-3.2,153.2,0.1,2,1,X,0.0,0.0,0.0,0.0,0.0,0.0,0.0,0.0,17,0.023779986614316396,11,16,-5,0,0,0,0,0,0,0,0,1,0
1e8c,B,282,ASP,-3.5,111.1,-1.0,1,3,X,0.0,0.0,0.0,0.0,0.0,0.0,0.0,0.0,16,0.020516066882939634,33,5,28,0,0,0,0,0,0,0,0,1,0
1e8c,B,283,SER,-0.8,89.0,0.0,1,1,X,0.0,0.0,0.0,0.0,0.0,0.0,0.0,0.0,29,0.030307826077069916,44,13,31,0,0,0,0,0,0,0,0,1,0
1e8c,B,284,GLY,-0.4,60.1,0.0,0,0,X,0.0,0.0,0.0,0.0,0.0,0.0,0.0,0.0,25,0.03730193978716297,23,17,6,0,0,0,0,0,0,0,0,1,0
1e8c,B,285,ALA,1.8,88.6,0.0,0,0,X,0.0,0.0,0.0,0.0,0.0,0.0,0.0,0.0,24,0.048958795970651406,22,25,-3,0,0,0,0,0,0,0,0,1,0
1e8c,B,286,THR,-0.7,116.1,0.0,1,1,X,0.0,0.0,0.0,0.0,0.0,0.0,0.0,0.0,23,0.043829779249916496,24,30,-6,0,0,0,0,0,0,0,0,1,0
1e8c,B,287,ILE,4.5,166.7,0.0,0,0,X,0.0,0.0,0.0,0.0,0.0,0.0,0.0,0.0,34,0.048958795970651406,19,26,-7,0,0,0,0,0,0,0,0,1,0
1e8c,B,288,ARG,-4.5,173.4,1.0,5,0,X,0.0,0.0,0.0,0.0,0.0,0.0,0.0,0.0,16,0.043829779249916496,2,26,-24,0,0,0,0,0,0,0,0,1,0
1e8c,B,289,PHE,2.8,189.9,0.0,0,0,X,0.0,0.0,0.0,0.0,0.0,0.0,0.0,0.0,31,0.04616115048661418,16,23,-7,0,0,0,0,0,0,0,0,1,0
1e8c,B,290,SER,-0.8,89.0,0.0,1,1,X,0.0,0.0,0.0,0.0,0.0,0.0,0.0,0.0,25,0.03963331102386066,17,12,5,0,0,0,0,0,0,0,0,1,0
1e8c,B,291,SER,-0.8,89.0,0.0,1,1,X,0.0,0.0,0.0,0.0,0.0,0.0,0.0,0.0,27,0.043363505002576956,19,8,11,0,0,0,0,0,0,0,0,1,0
1e8c,B,292,SER,-0.8,89.0,0.0,1,1,X,0.0,0.0,0.0,0.0,0.0,0.0,0.0,0.0,21,0.03170664881908853,17,8,9,0,0,0,0,0,0,0,0,1,0
1e8c,B,293,TRP,-0.9,227.8,0.0,1,0,X,0.0,0.0,0.0,0.0,0.0,0.0,0.0,0.0,27,0.027043906345693154,12,5,7,0,0,0,0,0,0,0,0,1,0
1e8c,B,294,GLY,-0.4,60.1,0.0,0,0,X,0.0,0.0,0.0,0.0,0.0,0.0,0.0,0.0,19,0.027043906345693154,6,10,-4,0,0,0,0,0,0,0,0,1,0
1e8c,B,295,ASP,-3.5,111.1,-1.0,1,3,X,0.0,0.0,0.0,0.0,0.0,0.0,0.0,0.0,19,0.028909003335051305,13,7,6,0,0,0,0,0,0,0,0,1,0
1e8c,B,296,GLY,-0.4,60.1,0.0,0,0,X,0.0,0.0,0.0,0.0,0.0,0.0,0.0,0.0,25,0.03170664881908853,13,23,-10,0,0,0,0,0,0,0,0,1,0
1e8c,B,297,GLU,-3.5,138.4,-1.0,1,3,X,0.0,0.0,0.0,0.0,0.0,0.0,0.0,0.0,21,0.032639197313767604,13,22,-9,0,0,0,0,0,0,0,0,1,0
1e8c,B,298,ILE,4.5,166.7,0.0,0,0,X,0.0,0.0,0.0,0.0,0.0,0.0,0.0,0.0,35,0.04196468226055834,22,22,0,0,0,0,0,0,0,0,0,1,0
1e8c,B,299,GLU,-3.5,138.4,-1.0,1,3,X,0.0,0.0,0.0,0.0,0.0,0.0,0.0,0.0,26,0.03683566553982344,24,16,8,0,0,0,0,0,0,0,0,1,0
1e8c,B,300,SER,-0.8,89.0,0.0,1,1,X,0.0,0.0,0.0,0.0,0.0,0.0,0.0,0.0,31,0.04196468226055834,25,19,6,0,0,0,0,0,0,0,0,1,0
1e8c,B,301,HIS,-3.2,153.2,0.1,2,1,X,0.0,0.0,0.0,0.0,0.0,0.0,0.0,0.0,26,0.03870076252918159,25,17,8,0,0,0,0,0,0,0,0,1,0
1e8c,B,302,LEU,3.8,166.7,0.0,0,0,X,0.0,0.0,0.0,0.0,0.0,0.0,0.0,0.0,36,0.03823448828184205,27,8,19,0,0,0,0,0,0,0,0,1,0
1e8c,B,304,GLY,-0.4,60.1,0.0,0,0,X,0.0,0.0,0.0,0.0,0.0,0.0,0.0,0.0,32,0.034970568550465285,19,3,16,0,0,0,0,0,0,0,0,1,0
1e8c,B,305,ALA,1.8,88.6,0.0,0,0,X,0.0,0.0,0.0,0.0,0.0,0.0,0.0,0.0,27,0.029375277582390842,9,9,0,0,0,0,0,0,0,0,0,1,0
1e8c,B,306,PHE,2.8,189.9,0.0,0,0,X,0.0,0.0,0.0,0.0,0.0,0.0,0.0,0.0,33,0.02984155182973038,19,13,6,0,0,0,0,0,0,0,0,1,0
1e8c,B,307,ASN,-3.5,114.1,0.0,2,2,X,0.0,0.0,0.0,0.0,0.0,0.0,0.0,0.0,34,0.03730193978716297,20,3,17,0,0,0,0,0,0,0,0,1,0
1e8c,B,308,VAL,4.2,140.0,0.0,0,0,X,0.0,0.0,0.0,0.0,0.0,0.0,0.0,0.0,39,0.04103213376587927,7,7,0,0,0,0,0,0,0,0,0,1,0
1e8c,B,309,SER,-0.8,89.0,0.0,1,1,X,0.0,0.0,0.0,0.0,0.0,0.0,0.0,0.0,40,0.04243095650789788,6,15,-9,0,0,0,0,0,0,0,0,1,0
1e8c,B,310,ASN,-3.5,114.1,0.0,2,2,X,0.0,0.0,0.0,0.0,0.0,0.0,0.0,0.0,40,0.04942507021799094,9,1,8,0,0,0,0,0,0,0,0,1,0
1e8c,B,311,LEU,3.8,166.7,0.0,0,0,X,0.0,0.0,0.0,0.0,0.0,0.0,0.0,0.0,38,0.048958795970651406,3,4,-1,0,0,0,0,0,0,0,0,1,0
1e8c,B,312,LEU,3.8,166.7,0.0,0,0,X,0.0,0.0,0.0,0.0,0.0,0.0,0.0,0.0,45,0.045694876239274644,10,4,6,0,0,0,0,0,0,0,0,1,0
1e8c,B,313,LEU,3.8,166.7,0.0,0,0,X,0.0,0.0,0.0,0.0,0.0,0.0,0.0,0.0,44,0.053621538444046775,4,3,1,0,0,0,0,0,0,0,0,1,0
1e8c,B,314,ALA,1.8,88.6,0.0,0,0,X,0.0,0.0,0.0,0.0,0.0,0.0,0.0,0.0,43,0.050823892960009553,1,0,1,0,0,0,0,0,0,0,0,1,0
1e8c,B,315,LEU,3.8,166.7,0.0,0,0,X,0.0,0.0,0.0,0.0,0.0,0.0,0.0,0.0,41,0.045228601991935104,2,1,1,0,0,0,0,0,0,0,0,1,0
1e8c,B,316,ALA,1.8,88.6,0.0,0,0,X,0.0,0.0,0.0,0.0,0.0,0.0,0.0,0.0,43,0.05035761871267001,12,0,12,0,0,0,0,0,0,0,0,1,0
1e8c,B,317,THR,-0.7,116.1,0.0,1,1,X,0.0,0.0,0.0,0.0,0.0,0.0,0.0,0.0,42,0.04942507021799094,9,0,9,0,0,0,0,0,0,0,0,1,0
1e8c,B,318,LEU,3.8,166.7,0.0,0,0,X,0.0,0.0,0.0,0.0,0.0,0.0,0.0,0.0,40,0.048026247475972325,7,6,1,0,0,0,0,0,0,0,0,1,0
1e8c,B,319,LEU,3.8,166.7,0.0,0,0,X,0.0,0.0,0.0,0.0,0.0,0.0,0.0,0.0,34,0.04476232774459557,10,2,8,0,0,0,0,0,0,0,0,1,0
1e8c,B,320,ALA,1.8,88.6,0.0,0,0,X,0.0,0.0,0.0,0.0,0.0,0.0,0.0,0.0,34,0.04196468226055834,16,2,14,0,0,0,0,0,0,0,0,1,0
1e8c,B,321,LEU,3.8,166.7,0.0,0,0,X,0.0,0.0,0.0,0.0,0.0,0.0,0.0,0.0,31,0.035436842797804825,15,3,12,0,0,0,0,0,0,0,0,1,0
1e8c,B,322,GLY,-0.4,60.1,0.0,0,0,X,0.0,0.0,0.0,0.0,0.0,0.0,0.0,0.0,19,0.02844272908771177,7,5,2,0,0,0,0,0,0,0,0,1,0
1e8c,B,323,TYR,-1.3,193.6,0.0,1,1,X,0.0,0.0,0.0,0.0,0.0,0.0,0.0,0.0,28,0.03870076252918159,7,15,-8,0,0,0,0,0,0,0,0,1,0
1e8c,B,324,PRO,-1.6,112.7,0.0,0,0,X,0.0,0.0,0.0,0.0,0.0,0.0,0.0,0.0,17,0.030307826077069916,7,8,-1,0,0,0,0,0,0,0,0,1,0
1e8c,B,325,LEU,3.8,166.7,0.0,0,0,X,0.0,0.0,0.0,0.0,0.0,0.0,0.0,0.0,28,0.03870076252918159,8,17,-9,0,0,0,0,0,0,0,0,1,0
1e8c,B,326,ALA,1.8,88.6,0.0,0,0,X,0.0,0.0,0.0,0.0,0.0,0.0,0.0,0.0,19,0.027043906345693154,9,12,-3,0,0,0,0,0,0,0,0,1,0
1e8c,B,327,ASP,-3.5,111.1,-1.0,1,3,X,0.0,0.0,0.0,0.0,0.0,0.0,0.0,0.0,19,0.03450429430312575,10,0,10,0,0,0,0,0,0,0,0,1,0
1e8c,B,328,LEU,3.8,166.7,0.0,0,0,X,0.0,0.0,0.0,0.0,0.0,0.0,0.0,0.0,35,0.048958795970651406,10,10,0,0,0,0,0,0,0,0,0,1,0
1e8c,B,329,LEU,3.8,166.7,0.0,0,0,X,0.0,0.0,0.0,0.0,0.0,0.0,0.0,0.0,25,0.040565859518539735,10,23,-13,0,0,0,0,0,0,0,0,1,0
1e8c,B,330,LYS,-3.9,168.6,1.0,2,0,X,0.0,0.0,0.0,0.0,0.0,0.0,0.0,0.0,15,0.028909003335051305,8,9,-1,0,0,0,0,0,0,0,0,1,0
1e8c,B,331,THR,-0.7,116.1,0.0,1,1,X,0.0,0.0,0.0,0.0,0.0,0.0,0.0,0.0,26,0.03963331102386066,22,12,10,0,0,0,0,0,0,0,0,1,0
1e8c,B,332,ALA,1.8,88.6,0.0,0,0,X,0.0,0.0,0.0,0.0,0.0,0.0,0.0,0.0,29,0.045694876239274644,27,16,11,0,0,0,0,0,0,0,0,1,0
1e8c,B,333,ALA,1.8,88.6,0.0,0,0,X,0.0,0.0,0.0,0.0,0.0,0.0,0.0,0.0,22,0.035436842797804825,27,12,15,0,0,0,0,0,0,0,0,1,0
1e8c,B,334,ARG,-4.5,173.4,1.0,5,0,X,0.0,0.0,0.0,0.0,0.0,0.0,0.0,0.0,16,0.02984155182973038,12,2,10,0,0,0,0,0,0,0,0,1,0
1e8c,B,335,LEU,3.8,166.7,0.0,0,0,X,0.0,0.0,0.0,0.0,0.0,0.0,0.0,0.0,32,0.04709369898129325,23,5,18,0,0,0,0,0,0,0,0,1,0
1e8c,B,336,GLN,-3.5,143.8,0.0,2,2,X,0.0,0.0,0.0,0.0,0.0,0.0,0.0,0.0,24,0.03870076252918159,41,1,40,0,0,0,0,0,0,0,0,1,0
1e8c,B,337,PRO,-1.6,112.7,0.0,0,0,X,0.0,0.0,0.0,0.0,0.0,0.0,0.0,0.0,26,0.040565859518539735,44,8,36,0,0,0,0,0,0,0,0,1,0
1e8c,B,338,VAL,4.2,140.0,0.0,0,0,X,0.0,0.0,0.0,0.0,0.0,0.0,0.0,0.0,34,0.040565859518539735,44,12,32,0,0,0,0,0,0,0,0,1,0
1e8c,B,339,CYS,2.5,108.5,0.0,1,0,X,0.0,0.0,0.0,0.0,0.0,0.0,0.0,0.0,30,0.03450429430312575,49,22,27,0,0,0,0,0,0,0,0,1,0
1e8c,B,340,GLY,-0.4,60.1,0.0,0,0,X,0.0,0.0,0.0,0.0,0.0,0.0,0.0,0.0,32,0.04476232774459557,46,33,13,0,0,0,0,0,0,0,0,1,0
1e8c,B,341,ARG,-4.5,173.4,1.0,5,0,X,0.0,0.0,0.0,0.0,0.0,0.0,0.0,0.0,37,0.04243095650789788,31,21,10,0,0,0,0,0,0,0,0,1,0
1e8c,B,343,GLU,-3.5,138.4,-1.0,1,3,X,0.0,0.0,0.0,0.0,0.0,0.0,0.0,0.0,33,0.043363505002576956,40,12,28,0,0,0,0,0,0,0,0,1,0
1e8c,B,344,VAL,4.2,140.0,0.0,0,0,X,0.0,0.0,0.0,0.0,0.0,0.0,0.0,0.0,31,0.04429605349725603,30,14,16,0,0,0,0,0,0,0,0,1,0
1e8c,B,345,PHE,2.8,189.9,0.0,0,0,X,0.0,0.0,0.0,0.0,0.0,0.0,0.0,0.0,33,0.048026247475972325,34,14,20,0,0,0,0,0,0,0,0,1,0
1e8c,B,346,THR,-0.7,116.1,0.0,1,1,X,0.0,0.0,0.0,0.0,0.0,0.0,0.0,0.0,23,0.03870076252918159,23,9,14,0,0,0,0,0,0,0,0,1,0
1e8c,B,347,ALA,1.8,88.6,0.0,0,0,X,0.0,0.0,0.0,0.0,0.0,0.0,0.0,0.0,23,0.032172923066428064,15,10,5,0,0,0,0,0,0,0,0,1,0
1e8c,B,348,PRO,-1.6,112.7,0.0,0,0,X,0.0,0.0,0.0,0.0,0.0,0.0,0.0,0.0,12,0.019117244140921023,9,9,0,0,0,0,0,0,0,0,0,1,0
1e8c,B,349,GLY,-0.4,60.1,0.0,0,0,X,0.0,0.0,0.0,0.0,0.0,0.0,0.0,0.0,14,0.020049792635600097,15,11,4,0,0,0,0,0,0,0,0,1,0
1e8c,B,350,LYS,-3.9,168.6,1.0,2,0,X,0.0,0.0,0.0,0.0,0.0,0.0,0.0,0.0,25,0.03776821403450251,7,14,-7,0,0,0,0,0,0,0,0,1,0
1e8c,B,351,PRO,-1.6,112.7,0.0,0,0,X,0.0,0.0,0.0,0.0,0.0,0.0,0.0,0.0,32,0.050823892960009553,22,17,5,0,0,0,0,0,0,0,0,1,0
1e8c,B,352,THR,-0.7,116.1,0.0,1,1,X,0.0,0.0,0.0,0.0,0.0,0.0,0.0,0.0,33,0.045228601991935104,24,18,6,0,0,0,0,0,0,0,0,1,0
1e8c,B,353,VAL,4.2,140.0,0.0,0,0,X,0.0,0.0,0.0,0.0,0.0,0.0,0.0,0.0,40,0.048026247475972325,19,20,-1,0,0,0,0,0,0,0,0,1,0
1e8c,B,354,VAL,4.2,140.0,0.0,0,0,X,0.0,0.0,0.0,0.0,0.0,0.0,0.0,0.0,40,0.045228601991935104,20,24,-4,0,0,0,0,0,0,0,0,1,0
1e8c,B,355,VAL,4.2,140.0,0.0,0,0,X,0.0,0.0,0.0,0.0,0.0,0.0,0.0,0.0,39,0.050823892960009553,43,27,16,0,0,0,0,0,0,0,0,1,0
1e8c,B,356,ASP,-3.5,111.1,-1.0,1,3,X,0.0,0.0,0.0,0.0,0.0,0.0,0.0,0.0,42,0.04476232774459557,44,13,31,0,0,0,0,0,0,0,0,1,0
1e8c,B,357,TYR,-1.3,193.6,0.0,1,1,X,0.0,0.0,0.0,0.0,0.0,0.0,0.0,0.0,38,0.04289723075523742,45,26,19,0,0,0,0,0,0,0,0,1,1
1e8c,B,358,ALA,1.8,88.6,0.0,0,0,X,0.0,0.0,0.0,0.0,0.0,0.0,0.0,0.0,39,0.043829779249916496,40,26,14,0,0,0,0,0,0,0,0,1,0
1e8c,B,359,HIS,-3.2,153.2,0.1,2,1,X,0.0,0.0,0.0,0.0,0.0,0.0,0.0,0.0,38,0.04196468226055834,38,31,7,0,0,0,0,0,0,0,0,1,1
1e8c,B,360,THR,-0.7,116.1,0.0,1,1,X,0.0,0.0,0.0,0.0,0.0,0.0,0.0,0.0,35,0.03916703677652112,43,32,11,0,0,0,0,0,0,0,0,1,0
1e8c,B,361,PRO,-1.6,112.7,0.0,0,0,X,0.0,0.0,0.0,0.0,0.0,0.0,0.0,0.0,36,0.04196468226055834,43,41,2,0,0,0,0,0,0,0,0,1,0
1e8c,B,362,ASP,-3.5,111.1,-1.0,1,3,X,0.0,0.0,0.0,0.0,0.0,0.0,0.0,0.0,26,0.034970568550465285,28,22,6,0,0,0,0,0,0,0,0,1,0
1e8c,B,363,ALA,1.8,88.6,0.0,0,0,X,0.0,0.0,0.0,0.0,0.0,0.0,0.0,0.0,28,0.04196468226055834,24,27,-3,0,0,0,0,0,0,0,0,1,0
1e8c,B,364,LEU,3.8,166.7,0.0,0,0,X,0.0,0.0,0.0,0.0,0.0,0.0,0.0,0.0,37,0.045694876239274644,17,27,-10,0,0,0,0,0,0,0,0,1,0
1e8c,B,365,GLU,-3.5,138.4,-1.0,1,3,X,0.0,0.0,0.0,0.0,0.0,0.0,0.0,0.0,25,0.04196468226055834,9,18,-9,0,0,0,0,0,0,0,0,1,0
1e8c,B,366,LYS,-3.9,168.6,1.0,2,0,X,0.0,0.0,0.0,0.0,0.0,0.0,0.0,0.0,29,0.03963331102386066,0,24,-24,0,0,0,0,0,0,0,0,1,0
1e8c,B,367,ALA,1.8,88.6,0.0,0,0,X,0.0,0.0,0.0,0.0,0.0,0.0,0.0,0.0,37,0.03683566553982344,17,23,-6,0,0,0,0,0,0,0,0,1,0
1e8c,B,368,LEU,3.8,166.7,0.0,0,0,X,0.0,0.0,0.0,0.0,0.0,0.0,0.0,0.0,36,0.04289723075523742,19,28,-9,0,0,0,0,0,0,0,0,1,0
1e8c,B,369,GLN,-3.5,143.8,0.0,2,2,X,0.0,0.0,0.0,0.0,0.0,0.0,0.0,0.0,23,0.0363693912924839,21,14,7,0,0,0,0,0,0,0,0,1,0
1e8c,B,370,ALA,1.8,88.6,0.0,0,0,X,0.0,0.0,0.0,0.0,0.0,0.0,0.0,0.0,28,0.03357174580844668,28,10,18,0,0,0,0,0,0,0,0,1,0
1e8c,B,371,ALA,1.8,88.6,0.0,0,0,X,0.0,0.0,0.0,0.0,0.0,0.0,0.0,0.0,35,0.04196468226055834,29,9,20,0,0,0,0,0,0,0,0,1,0
1e8c,B,372,ARG,-4.5,173.4,1.0,5,0,X,0.0,0.0,0.0,0.0,0.0,0.0,0.0,0.0,25,0.03683566553982344,15,13,2,0,0,0,0,0,0,0,0,1,0
1e8c,B,373,LEU,3.8,166.7,0.0,0,0,X,0.0,0.0,0.0,0.0,0.0,0.0,0.0,0.0,19,0.024246260861655933,27,0,27,0,0,0,0,0,0,0,0,1,0
1e8c,B,374,HIS,-3.2,153.2,0.1,2,1,X,0.0,0.0,0.0,0.0,0.0,0.0,0.0,0.0,30,0.02797645484037223,14,10,4,0,0,0,0,0,0,0,0,1,0
1e8c,B,375,CYS,2.5,108.5,0.0,1,0,X,0.0,0.0,0.0,0.0,0.0,0.0,0.0,0.0,24,0.03730193978716297,28,15,13,0,0,0,0,0,0,0,0,1,0
1e8c,B,376,ALA,1.8,88.6,0.0,0,0,X,0.0,0.0,0.0,0.0,0.0,0.0,0.0,0.0,15,0.02471253510899547,32,15,17,0,0,0,0,0,0,0,0,1,0
1e8c,B,377,GLY,-0.4,60.1,0.0,0,0,X,0.0,0.0,0.0,0.0,0.0,0.0,0.0,0.0,20,0.030774100324409453,35,20,15,0,0,0,0,0,0,0,0,1,0
1e8c,B,378,LYS,-3.9,168.6,1.0,2,0,X,0.0,0.0,0.0,0.0,0.0,0.0,0.0,0.0,22,0.040099585271200194,18,20,-2,0,0,0,0,0,0,0,0,1,0
1e8c,B,379,LEU,3.8,166.7,0.0,0,0,X,0.0,0.0,0.0,0.0,0.0,0.0,0.0,0.0,35,0.05222271570202816,26,20,6,0,0,0,0,0,0,0,0,1,0
1e8c,B,380,TRP,-0.9,227.8,0.0,1,0,X,0.0,0.0,0.0,0.0,0.0,0.0,0.0,0.0,37,0.05035761871267001,28,17,11,0,0,0,0,0,0,0,0,1,0
1e8c,B,381,CYS,2.5,108.5,0.0,1,0,X,0.0,0.0,0.0,0.0,0.0,0.0,0.0,0.0,39,0.05129016720734909,13,14,-1,0,0,0,0,0,0,0,0,1,0
1e8c,B,382,VAL,4.2,140.0,0.0,0,0,X,0.0,0.0,0.0,0.0,0.0,0.0,0.0,0.0,43,0.04989134446533048,19,17,2,0,0,0,0,0,0,0,0,1,0
1e8c,B,383,PHE,2.8,189.9,0.0,0,0,X,0.0,0.0,0.0,0.0,0.0,0.0,0.0,0.0,44,0.04616115048661418,22,17,5,0,0,0,0,0,0,0,0,1,0
1e8c,B,384,GLY,-0.4,60.1,0.0,0,0,X,0.0,0.0,0.0,0.0,0.0,0.0,0.0,0.0,38,0.04149840801321881,41,20,21,0,0,0,0,0,0,0,0,1,0
1e8c,B,385,CYS,2.5,108.5,0.0,1,0,X,0.0,0.0,0.0,0.0,0.0,0.0,0.0,0.0,42,0.043363505002576956,58,38,20,0,0,0,0,0,0,0,0,1,0
1e8c,B,386,GLY,-0.4,60.1,0.0,0,0,X,0.0,0.0,0.0,0.0,0.0,0.0,0.0,0.0,35,0.043363505002576956,61,51,10,0,0,0,0,0,0,0,0,1,1
1e8c,B,387,GLY,-0.4,60.1,0.0,0,0,X,0.0,0.0,0.0,0.0,0.0,0.0,0.0,0.0,26,0.04755997322863279,42,43,-1,0,0,0,0,0,0,0,0,1,0
1e8c,B,388,ASP,-3.5,111.1,-1.0,1,3,X,0.0,0.0,0.0,0.0,0.0,0.0,0.0,0.0,17,0.03730193978716297,34,26,8,0,0,0,0,0,0,0,0,1,0
1e8c,B,389,ARG,-4.5,173.4,1.0,5,0,X,0.0,0.0,0.0,0.0,0.0,0.0,0.0,0.0,24,0.03916703677652112,49,41,8,0,0,0,0,0,0,0,0,1,1
1e8c,B,390,ASP,-3.5,111.1,-1.0,1,3,X,0.0,0.0,0.0,0.0,0.0,0.0,0.0,0.0,29,0.043363505002576956,67,30,37,0,0,0,0,0,0,0,0,1,0
1e8c,B,391,LYS,-3.9,168.6,1.0,2,0,X,0.0,0.0,0.0,0.0,0.0,0.0,0.0,0.0,20,0.034970568550465285,32,37,-5,0,0,0,0,0,0,0,0,1,0
1e8c,B,392,GLY,-0.4,60.1,0.0,0,0,X,0.0,0.0,0.0,0.0,0.0,0.0,0.0,0.0,29,0.03590311704514436,52,41,11,0,0,0,0,0,0,0,0,1,0
1e8c,B,393,LYS,-3.9,168.6,1.0,2,0,X,0.0,0.0,0.0,0.0,0.0,0.0,0.0,0.0,33,0.03963331102386066,51,38,13,0,0,0,0,0,0,0,0,1,0
1e8c,B,394,ARG,-4.5,173.4,1.0,5,0,X,0.0,0.0,0.0,0.0,0.0,0.0,0.0,0.0,35,0.04616115048661418,32,26,6,0,0,0,0,0,0,0,0,1,0
1e8c,B,395,PRO,-1.6,112.7,0.0,0,0,X,0.0,0.0,0.0,0.0,0.0,0.0,0.0,0.0,31,0.03916703677652112,34,23,11,0,0,0,0,0,0,0,0,1,0
1e8c,B,396,LEU,3.8,166.7,0.0,0,0,X,0.0,0.0,0.0,0.0,0.0,0.0,0.0,0.0,36,0.03963331102386066,38,44,-6,0,0,0,0,0,0,0,0,1,0
1e8c,B,398,GLY,-0.4,60.1,0.0,0,0,X,0.0,0.0,0.0,0.0,0.0,0.0,0.0,0.0,37,0.04196468226055834,11,26,-15,0,0,0,0,0,0,0,0,1,0
1e8c,B,399,ALA,1.8,88.6,0.0,0,0,X,0.0,0.0,0.0,0.0,0.0,0.0,0.0,0.0,32,0.03823448828184205,6,36,-30,0,0,0,0,0,0,0,0,1,0
1e8c,B,400,ILE,4.5,166.7,0.0,0,0,X,0.0,0.0,0.0,0.0,0.0,0.0,0.0,0.0,30,0.04196468226055834,7,34,-27,0,0,0,0,0,0,0,0,1,0
1e8c,B,401,ALA,1.8,88.6,0.0,0,0,X,0.0,0.0,0.0,0.0,0.0,0.0,0.0,0.0,33,0.04289723075523742,3,33,-30,0,0,0,0,0,0,0,0,1,0
1e8c,B,402,GLU,-3.5,138.4,-1.0,1,3,X,0.0,0.0,0.0,0.0,0.0,0.0,0.0,0.0,30,0.0363693912924839,11,23,-12,0,0,0,0,0,0,0,0,1,0
1e8c,B,403,GLU,-3.5,138.4,-1.0,1,3,X,0.0,0.0,0.0,0.0,0.0,0.0,0.0,0.0,20,0.02797645484037223,3,24,-21,0,0,0,0,0,0,0,0,1,0
1e8c,B,404,PHE,2.8,189.9,0.0,0,0,X,0.0,0.0,0.0,0.0,0.0,0.0,0.0,0.0,25,0.040565859518539735,15,34,-19,0,0,0,0,0,0,0,0,1,0
1e8c,B,405,ALA,1.8,88.6,0.0,0,0,X,0.0,0.0,0.0,0.0,0.0,0.0,0.0,0.0,30,0.040099585271200194,22,27,-5,0,0,0,0,0,0,0,0,1,0
1e8c,B,406,ASP,-3.5,111.1,-1.0,1,3,X,0.0,0.0,0.0,0.0,0.0,0.0,0.0,0.0,21,0.0363693912924839,26,17,9,0,0,0,0,0,0,0,0,1,0
1e8c,B,407,VAL,4.2,140.0,0.0,0,0,X,0.0,0.0,0.0,0.0,0.0,0.0,0.0,0.0,29,0.04289723075523742,31,20,11,0,0,0,0,0,0,0,0,1,0
1e8c,B,408,ALA,1.8,88.6,0.0,0,0,X,0.0,0.0,0.0,0.0,0.0,0.0,0.0,0.0,33,0.04616115048661418,19,21,-2,0,0,0,0,0,0,0,0,1,0
1e8c,B,409,VAL,4.2,140.0,0.0,0,0,X,0.0,0.0,0.0,0.0,0.0,0.0,0.0,0.0,37,0.045694876239274644,18,12,6,0,0,0,0,0,0,0,0,1,0
1e8c,B,410,VAL,4.2,140.0,0.0,0,0,X,0.0,0.0,0.0,0.0,0.0,0.0,0.0,0.0,35,0.043829779249916496,25,22,3,0,0,0,0,0,0,0,0,1,0
1e8c,B,411,THR,-0.7,116.1,0.0,1,1,X,0.0,0.0,0.0,0.0,0.0,0.0,0.0,0.0,37,0.04476232774459557,27,35,-8,0,0,0,0,0,0,0,0,1,0
1e8c,B,412,ASP,-3.5,111.1,-1.0,1,3,X,0.0,0.0,0.0,0.0,0.0,0.0,0.0,0.0,37,0.04755997322863279,25,29,-4,0,0,0,0,0,0,0,0,1,0
1e8c,B,413,ASP,-3.5,111.1,-1.0,1,3,X,0.0,0.0,0.0,0.0,0.0,0.0,0.0,0.0,39,0.04662742473395372,47,18,29,0,0,0,0,0,0,0,0,1,1
1e8c,B,414,ASN,-3.5,114.1,0.0,2,2,X,0.0,0.0,0.0,0.0,0.0,0.0,0.0,0.0,33,0.04429605349725603,48,35,13,0,0,0,0,0,0,0,0,1,1
1e8c,B,415,PRO,-1.6,112.7,0.0,0,0,X,0.0,0.0,0.0,0.0,0.0,0.0,0.0,0.0,31,0.053155264196707235,31,39,-8,0,0,0,0,0,0,0,0,1,0
1e8c,B,416,ARG,-4.5,173.4,1.0,5,0,X,0.0,0.0,0.0,0.0,0.0,0.0,0.0,0.0,25,0.04243095650789788,20,33,-13,0,0,0,0,0,0,0,0,1,1
1e8c,B,417,THR,-0.7,116.1,0.0,1,1,X,0.0,0.0,0.0,0.0,0.0,0.0,0.0,0.0,18,0.03170664881908853,14,23,-9,0,0,0,0,0,0,0,0,1,0
1e8c,B,418,GLU,-3.5,138.4,-1.0,1,3,X,0.0,0.0,0.0,0.0,0.0,0.0,0.0,0.0,23,0.0363693912924839,36,23,13,0,0,0,0,0,0,0,0,1,0
1e8c,B,419,GLU,-3.5,138.4,-1.0,1,3,X,0.0,0.0,0.0,0.0,0.0,0.0,0.0,0.0,17,0.027510180593032695,17,23,-6,0,0,0,0,0,0,0,0,1,0
1e8c,B,420,PRO,-1.6,112.7,0.0,0,0,X,0.0,0.0,0.0,0.0,0.0,0.0,0.0,0.0,29,0.03916703677652112,20,43,-23,0,0,0,0,0,0,0,0,1,0
1e8c,B,421,ARG,-4.5,173.4,1.0,5,0,X,0.0,0.0,0.0,0.0,0.0,0.0,0.0,0.0,16,0.032172923066428064,0,32,-32,0,0,0,0,0,0,0,0,1,0
1e8c,B,422,ALA,1.8,88.6,0.0,0,0,X,0.0,0.0,0.0,0.0,0.0,0.0,0.0,0.0,24,0.03403802005578621,25,33,-8,0,0,0,0,0,0,0,0,1,0
1e8c,B,423,ILE,4.5,166.7,0.0,0,0,X,0.0,0.0,0.0,0.0,0.0,0.0,0.0,0.0,33,0.048958795970651406,38,52,-14,0,0,0,0,0,0,0,0,1,0
1e8c,B,424,ILE,4.5,166.7,0.0,0,0,X,0.0,0.0,0.0,0.0,0.0,0.0,0.0,0.0,31,0.04942507021799094,23,36,-13,0,0,0,0,0,0,0,0,1,0
1e8c,B,425,ASN,-3.5,114.1,0.0,2,2,X,0.0,0.0,0.0,0.0,0.0,0.0,0.0,0.0,18,0.035436842797804825,20,19,1,0,0,0,0,0,0,0,0,1,0
1e8c,B,426,ASP,-3.5,111.1,-1.0,1,3,X,0.0,0.0,0.0,0.0,0.0,0.0,0.0,0.0,24,0.03870076252918159,33,9,24,0,0,0,0,0,0,0,0,1,0
1e8c,B,427,ILE,4.5,166.7,0.0,0,0,X,0.0,0.0,0.0,0.0,0.0,0.0,0.0,0.0,36,0.04616115048661418,24,13,11,0,0,0,0,0,0,0,0,1,0
1e8c,B,428,LEU,3.8,166.7,0.0,0,0,X,0.0,0.0,0.0,0.0,0.0,0.0,0.0,0.0,29,0.03590311704514436,23,20,3,0,0,0,0,0,0,0,0,1,0
1e8c,B,429,ALA,1.8,88.6,0.0,0,0,X,0.0,0.0,0.0,0.0,0.0,0.0,0.0,0.0,23,0.02611135785101408,10,19,-9,0,0,0,0,0,0,0,0,1,0
1e8c,B,430,GLY,-0.4,60.1,0.0,0,0,X,0.0,0.0,0.0,0.0,0.0,0.0,0.0,0.0,29,0.03730193978716297,9,34,-25,0,0,0,0,0,0,0,0,1,0
1e8c,B,432,LEU,3.8,166.7,0.0,0,0,X,0.0,0.0,0.0,0.0,0.0,0.0,0.0,0.0,17,0.017252147151562876,4,25,-21,0,0,0,0,0,0,0,0,1,0
1e8c,B,433,ASP,-3.5,111.1,-1.0,1,3,X,0.0,0.0,0.0,0.0,0.0,0.0,0.0,0.0,11,0.020516066882939634,10,10,0,0,0,0,0,0,0,0,0,1,0
1e8c,B,434,ALA,1.8,88.6,0.0,0,0,X,0.0,0.0,0.0,0.0,0.0,0.0,0.0,0.0,19,0.027043906345693154,14,17,-3,0,0,0,0,0,0,0,0,1,0
1e8c,B,435,GLY,-0.4,60.1,0.0,0,0,X,0.0,0.0,0.0,0.0,0.0,0.0,0.0,0.0,11,0.01818469564624195,18,13,5,0,0,0,0,0,0,0,0,1,0
1e8c,B,436,HIS,-3.2,153.2,0.1,2,1,X,0.0,0.0,0.0,0.0,0.0,0.0,0.0,0.0,16,0.020516066882939634,9,22,-13,0,0,0,0,0,0,0,0,1,0
1e8c,B,437,ALA,1.8,88.6,0.0,0,0,X,0.0,0.0,0.0,0.0,0.0,0.0,0.0,0.0,24,0.035436842797804825,20,18,2,0,0,0,0,0,0,0,0,1,0
1e8c,B,438,LYS,-3.9,168.6,1.0,2,0,X,0.0,0.0,0.0,0.0,0.0,0.0,0.0,0.0,22,0.02797645484037223,10,4,6,0,0,0,0,0,0,0,0,1,0
1e8c,B,439,VAL,4.2,140.0,0.0,0,0,X,0.0,0.0,0.0,0.0,0.0,0.0,0.0,0.0,21,0.028909003335051305,24,13,11,0,0,0,0,0,0,0,0,1,0
1e8c,B,441,GLU,-3.5,138.4,-1.0,1,3,X,0.0,0.0,0.0,0.0,0.0,0.0,0.0,0.0,20,0.03170664881908853,19,20,-1,0,0,0,0,0,0,0,0,1,0
1e8c,B,442,GLY,-0.4,60.1,0.0,0,0,X,0.0,0.0,0.0,0.0,0.0,0.0,0.0,0.0,27,0.026577632098353617,14,31,-17,0,0,0,0,0,0,0,0,1,0
1e8c,B,443,ARG,-4.5,173.4,1.0,5,0,X,0.0,0.0,0.0,0.0,0.0,0.0,0.0,0.0,37,0.04103213376587927,9,40,-31,0,0,0,0,0,0,0,0,1,0
1e8c,B,444,ALA,1.8,88.6,0.0,0,0,X,0.0,0.0,0.0,0.0,0.0,0.0,0.0,0.0,25,0.035436842797804825,13,29,-16,0,0,0,0,0,0,0,0,1,0
1e8c,B,445,GLU,-3.5,138.4,-1.0,1,3,X,0.0,0.0,0.0,0.0,0.0,0.0,0.0,0.0,18,0.027043906345693154,8,12,-4,0,0,0,0,0,0,0,0,1,0
1e8c,B,446,ALA,1.8,88.6,0.0,0,0,X,0.0,0.0,0.0,0.0,0.0,0.0,0.0,0.0,32,0.03870076252918159,17,25,-8,0,0,0,0,0,0,0,0,1,0
1e8c,B,447,VAL,4.2,140.0,0.0,0,0,X,0.0,0.0,0.0,0.0,0.0,0.0,0.0,0.0,36,0.048026247475972325,13,19,-6,0,0,0,0,0,0,0,0,1,0
1e8c,B,448,THR,-0.7,116.1,0.0,1,1,X,0.0,0.0,0.0,0.0,0.0,0.0,0.0,0.0,25,0.032639197313767604,11,11,0,0,0,0,0,0,0,0,0,1,0
1e8c,B,449,CYS,2.5,108.5,0.0,1,0,X,0.0,0.0,0.0,0.0,0.0,0.0,0.0,0.0,21,0.02797645484037223,11,9,2,0,0,0,0,0,0,0,0,1,0
1e8c,B,450,ALA,1.8,88.6,0.0,0,0,X,0.0,0.0,0.0,0.0,0.0,0.0,0.0,0.0,34,0.040099585271200194,14,9,5,0,0,0,0,0,0,0,0,1,0
1e8c,B,451,VAL,4.2,140.0,0.0,0,0,X,0.0,0.0,0.0,0.0,0.0,0.0,0.0,0.0,33,0.043829779249916496,17,10,7,0,0,0,0,0,0,0,0,1,0
1e8c,B,453,GLN,-3.5,143.8,0.0,2,2,X,0.0,0.0,0.0,0.0,0.0,0.0,0.0,0.0,18,0.02471253510899547,13,5,8,0,0,0,0,0,0,0,0,1,0
1e8c,B,454,ALA,1.8,88.6,0.0,0,0,X,0.0,0.0,0.0,0.0,0.0,0.0,0.0,0.0,27,0.03963331102386066,27,14,13,0,0,0,0,0,0,0,0,1,0
1e8c,B,455,LYS,-3.9,168.6,1.0,2,0,X,0.0,0.0,0.0,0.0,0.0,0.0,0.0,0.0,19,0.03403802005578621,15,17,-2,0,0,0,0,0,0,0,0,1,0
1e8c,B,456,GLU,-3.5,138.4,-1.0,1,3,X,0.0,0.0,0.0,0.0,0.0,0.0,0.0,0.0,19,0.030307826077069916,18,8,10,0,0,0,0,0,0,0,0,1,0
1e8c,B,457,ASN,-3.5,114.1,0.0,2,2,X,0.0,0.0,0.0,0.0,0.0,0.0,0.0,0.0,19,0.03357174580844668,25,18,7,0,0,0,0,0,0,0,0,1,0
1e8c,B,458,ASP,-3.5,111.1,-1.0,1,3,X,0.0,0.0,0.0,0.0,0.0,0.0,0.0,0.0,27,0.048026247475972325,31,15,16,0,0,0,0,0,0,0,0,1,0
1e8c,B,459,VAL,4.2,140.0,0.0,0,0,X,0.0,0.0,0.0,0.0,0.0,0.0,0.0,0.0,39,0.05455408693872585,35,18,17,0,0,0,0,0,0,0,0,1,0
1e8c,B,460,VAL,4.2,140.0,0.0,0,0,X,0.0,0.0,0.0,0.0,0.0,0.0,0.0,0.0,43,0.050823892960009553,17,12,5,0,0,0,0,0,0,0,0,1,0
1e8c,B,461,LEU,3.8,166.7,0.0,0,0,X,0.0,0.0,0.0,0.0,0.0,0.0,0.0,0.0,48,0.04662742473395372,10,19,-9,0,0,0,0,0,0,0,0,1,0
1e8c,B,462,VAL,4.2,140.0,0.0,0,0,X,0.0,0.0,0.0,0.0,0.0,0.0,0.0,0.0,44,0.04616115048661418,26,23,3,0,0,0,0,0,0,0,0,1,0
1e8c,B,463,ALA,1.8,88.6,0.0,0,0,X,0.0,0.0,0.0,0.0,0.0,0.0,0.0,0.0,39,0.048492521723311866,27,28,-1,0,0,0,0,0,0,0,0,1,0
1e8c,B,464,GLY,-0.4,60.1,0.0,0,0,X,0.0,0.0,0.0,0.0,0.0,0.0,0.0,0.0,34,0.048492521723311866,44,34,10,0,0,0,0,0,0,0,0,1,1
1e8c,B,465,LYS,-3.9,168.6,1.0,2,0,X,0.0,0.0,0.0,0.0,0.0,0.0,0.0,0.0,35,0.048958795970651406,38,41,-3,0,0,0,0,0,0,0,0,1,0
1e8c,B,466,GLY,-0.4,60.1,0.0,0,0,X,0.0,0.0,0.0,0.0,0.0,0.0,0.0,0.0,32,0.053621538444046775,55,43,12,0,0,0,0,0,0,0,0,1,0
1e8c,B,467,HIS,-3.2,153.2,0.1,2,1,X,0.0,0.0,0.0,0.0,0.0,0.0,0.0,0.0,31,0.04662742473395372,31,31,0,0,0,0,0,0,0,0,0,1,0
1e8c,B,468,GLU,-3.5,138.4,-1.0,1,3,X,0.0,0.0,0.0,0.0,0.0,0.0,0.0,0.0,31,0.04196468226055834,47,28,19,0,0,0,0,0,0,0,0,1,1
1e8c,B,469,ASP,-3.5,111.1,-1.0,1,3,X,0.0,0.0,0.0,0.0,0.0,0.0,0.0,0.0,21,0.03963331102386066,38,24,14,0,0,0,0,0,0,0,0,1,0
1e8c,B,470,TYR,-1.3,193.6,0.0,1,1,X,0.0,0.0,0.0,0.0,0.0,0.0,0.0,0.0,24,0.043829779249916496,35,39,-4,0,0,0,0,0,0,0,0,1,0
1e8c,B,471,GLN,-3.5,143.8,0.0,2,2,X,0.0,0.0,0.0,0.0,0.0,0.0,0.0,0.0,24,0.05129016720734909,40,44,-4,0,0,0,0,0,0,0,0,1,0
1e8c,B,472,ILE,4.5,166.7,0.0,0,0,X,0.0,0.0,0.0,0.0,0.0,0.0,0.0,0.0,25,0.04662742473395372,31,26,5,0,0,0,0,0,0,0,0,1,0
1e8c,B,473,VAL,4.2,140.0,0.0,0,0,X,0.0,0.0,0.0,0.0,0.0,0.0,0.0,0.0,23,0.03870076252918159,19,19,0,0,0,0,0,0,0,0,0,1,0
1e8c,B,474,GLY,-0.4,60.1,0.0,0,0,X,0.0,0.0,0.0,0.0,0.0,0.0,0.0,0.0,17,0.029375277582390842,17,14,3,0,0,0,0,0,0,0,0,1,0
1e8c,B,475,ASN,-3.5,114.1,0.0,2,2,X,0.0,0.0,0.0,0.0,0.0,0.0,0.0,0.0,11,0.02331371236697686,16,1,15,0,0,0,0,0,0,0,0,1,0
1e8c,B,476,GLN,-3.5,143.8,0.0,2,2,X,0.0,0.0,0.0,0.0,0.0,0.0,0.0,0.0,12,0.025178809356335007,14,2,12,0,0,0,0,0,0,0,0,1,0
1e8c,B,477,ARG,-4.5,173.4,1.0,5,0,X,0.0,0.0,0.0,0.0,0.0,0.0,0.0,0.0,17,0.03450429430312575,5,29,-24,0,0,0,0,0,0,0,0,1,0
1e8c,B,478,LEU,3.8,166.7,0.0,0,0,X,0.0,0.0,0.0,0.0,0.0,0.0,0.0,0.0,16,0.03310547156110714,12,14,-2,0,0,0,0,0,0,0,0,1,0
1e8c,B,479,ASP,-3.5,111.1,-1.0,1,3,X,0.0,0.0,0.0,0.0,0.0,0.0,0.0,0.0,16,0.025645083603674543,13,11,2,0,0,0,0,0,0,0,0,1,0
1e8c,B,480,TYR,-1.3,193.6,0.0,1,1,X,0.0,0.0,0.0,0.0,0.0,0.0,0.0,0.0,29,0.03776821403450251,32,44,-12,0,0,0,0,0,0,0,0,1,0
1e8c,B,481,SER,-0.8,89.0,0.0,1,1,X,0.0,0.0,0.0,0.0,0.0,0.0,0.0,0.0,26,0.04243095650789788,44,33,11,0,0,0,0,0,0,0,0,1,0
1e8c,B,482,ASP,-3.5,111.1,-1.0,1,3,X,0.0,0.0,0.0,0.0,0.0,0.0,0.0,0.0,41,0.048492521723311866,37,28,9,0,0,0,0,0,0,0,0,1,0
1e8c,B,483,ARG,-4.5,173.4,1.0,5,0,X,0.0,0.0,0.0,0.0,0.0,0.0,0.0,0.0,30,0.04243095650789788,26,34,-8,0,0,0,0,0,0,0,0,1,0
1e8c,B,484,VAL,4.2,140.0,0.0,0,0,X,0.0,0.0,0.0,0.0,0.0,0.0,0.0,0.0,23,0.032172923066428064,24,25,-1,0,0,0,0,0,0,0,0,1,0
1e8c,B,485,THR,-0.7,116.1,0.0,1,1,X,0.0,0.0,0.0,0.0,0.0,0.0,0.0,0.0,26,0.03963331102386066,28,15,13,0,0,0,0,0,0,0,0,1,0
1e8c,B,486,VAL,4.2,140.0,0.0,0,0,X,0.0,0.0,0.0,0.0,0.0,0.0,0.0,0.0,34,0.04709369898129325,25,16,9,0,0,0,0,0,0,0,0,1,0
1e8c,B,487,ALA,1.8,88.6,0.0,0,0,X,0.0,0.0,0.0,0.0,0.0,0.0,0.0,0.0,24,0.04149840801321881,25,9,16,0,0,0,0,0,0,0,0,1,0
1e8c,B,488,ARG,-4.5,173.4,1.0,5,0,X,0.0,0.0,0.0,0.0,0.0,0.0,0.0,0.0,15,0.030307826077069916,5,4,1,0,0,0,0,0,0,0,0,1,0
1e8c,B,489,LEU,3.8,166.7,0.0,0,0,X,0.0,0.0,0.0,0.0,0.0,0.0,0.0,0.0,23,0.030307826077069916,21,2,19,0,0,0,0,0,0,0,0,1,0
1e8c,B,490,LEU,3.8,166.7,0.0,0,0,X,0.0,0.0,0.0,0.0,0.0,0.0,0.0,0.0,25,0.03870076252918159,17,1,16,0,0,0,0,0,0,0,0,1,0
1e8c,B,491,GLY,-0.4,60.1,0.0,0,0,X,0.0,0.0,0.0,0.0,0.0,0.0,0.0,0.0,16,0.022847438119637322,14,0,14,0,0,0,0,0,0,0,0,1,0
1e8c,B,492,VAL,4.2,140.0,0.0,0,0,X,0.0,0.0,0.0,0.0,0.0,0.0,0.0,0.0,22,0.028909003335051305,19,1,18,0,0,0,0,0,0,0,0,1,0
1e8c,B,493,ILE,4.5,166.7,0.0,0,0,X,0.0,0.0,0.0,0.0,0.0,0.0,0.0,0.0,18,0.029375277582390842,37,8,29,0,0,0,0,0,0,0,0,1,0
1e8c,B,494,ALA,1.8,88.6,0.0,0,0,X,0.0,0.0,0.0,0.0,0.0,0.0,0.0,0.0,27,0.03963331102386066,39,9,30,0,0,0,0,0,0,0,0,1,0
1e8c,B,495,ARG,-4.5,173.4,1.0,5,0,X,0.0,0.0,0.0,0.0,0.0,0.0,0.0,0.0,13,0.03310547156110714,13,5,8,0,0,0,0,0,0,0,0,1,0
1e8c,B,496,SER,-0.8,89.0,0.0,1,1,X,0.0,0.0,0.0,0.0,0.0,0.0,0.0,0.0,27,0.03450429430312575,45,13,32,0,0,0,0,0,0,0,0,1,0
1e8c,B,497,HIS,-3.2,153.2,0.1,2,1,X,0.0,0.0,0.0,0.0,0.0,0.0,0.0,0.0,22,0.0363693912924839,35,9,26,0,0,0,0,0,0,0,0,1,0
1e8c,B,498,HIS,-3.2,153.2,0.1,2,1,X,0.0,0.0,0.0,0.0,0.0,0.0,0.0,0.0,14,0.022847438119637322,19,4,15,0,0,0,0,0,0,0,0,1,0
