pdb_id,chain_id,residue_id,residue_name,hydrophobicity,volume,charge,hbond_donor,hbond_acceptor,ss_type,rel_asa,phi,psi,hse_up,hse_down,hse_ratio,residue_depth,ca_depth,neighbor_count,atom_density,pos_charged_neighbors,neg_charged_neighbors,net_charge_environment,ss_H,ss_B,ss_E,ss_G,ss_I,ss_T,ss_S,ss_ ,ss_X,is_binding_site
1e8g,A,6,GLU,-3.5,138.4,-1.0,1,3,X,0.0,0.0,0.0,0.0,0.0,0.0,0.0,0.0,20,0.032639197313767604,11,11,0,0,0,0,0,0,0,0,0,1,0
1e8g,A,7,PHE,2.8,189.9,0.0,0,0,X,0.0,0.0,0.0,0.0,0.0,0.0,0.0,0.0,13,0.032639197313767604,11,6,5,0,0,0,0,0,0,0,0,1,0
1e8g,A,8,ARG,-4.5,173.4,1.0,5,0,X,0.0,0.0,0.0,0.0,0.0,0.0,0.0,0.0,14,0.03590311704514436,0,5,-5,0,0,0,0,0,0,0,0,1,0
1e8g,A,9,PRO,-1.6,112.7,0.0,0,0,X,0.0,0.0,0.0,0.0,0.0,0.0,0.0,0.0,26,0.03963331102386066,10,7,3,0,0,0,0,0,0,0,0,1,0
1e8g,A,10,LEU,3.8,166.7,0.0,0,0,X,0.0,0.0,0.0,0.0,0.0,0.0,0.0,0.0,20,0.028909003335051305,7,8,-1,0,0,0,0,0,0,0,0,1,0
1e8g,A,11,THR,-0.7,116.1,0.0,1,1,X,0.0,0.0,0.0,0.0,0.0,0.0,0.0,0.0,29,0.03776821403450251,4,8,-4,0,0,0,0,0,0,0,0,1,0
1e8g,A,12,LEU,3.8,166.7,0.0,0,0,X,0.0,0.0,0.0,0.0,0.0,0.0,0.0,0.0,30,0.043363505002576956,10,5,5,0,0,0,0,0,0,0,0,1,0
1e8g,A,13,PRO,-1.6,112.7,0.0,0,0,X,0.0,0.0,0.0,0.0,0.0,0.0,0.0,0.0,29,0.04476232774459557,9,4,5,0,0,0,0,0,0,0,0,1,0
1e8g,A,14,PRO,-1.6,112.7,0.0,0,0,X,0.0,0.0,0.0,0.0,0.0,0.0,0.0,0.0,25,0.03170664881908853,9,0,9,0,0,0,0,0,0,0,0,1,0
1e8g,A,15,LYS,-3.9,168.6,1.0,2,0,X,0.0,0.0,0.0,0.0,0.0,0.0,0.0,0.0,17,0.019117244140921023,0,1,-1,0,0,0,0,0,0,0,0,1,0
1e8g,A,16,LEU,3.8,166.7,0.0,0,0,X,0.0,0.0,0.0,0.0,0.0,0.0,0.0,0.0,26,0.03870076252918159,10,11,-1,0,0,0,0,0,0,0,0,1,0
1e8g,A,17,SER,-0.8,89.0,0.0,1,1,X,0.0,0.0,0.0,0.0,0.0,0.0,0.0,0.0,17,0.027043906345693154,6,15,-9,0,0,0,0,0,0,0,0,1,0
1e8g,A,18,LEU,3.8,166.7,0.0,0,0,X,0.0,0.0,0.0,0.0,0.0,0.0,0.0,0.0,21,0.03310547156110714,11,14,-3,0,0,0,0,0,0,0,0,1,0
1e8g,A,19,SER,-0.8,89.0,0.0,1,1,X,0.0,0.0,0.0,0.0,0.0,0.0,0.0,0.0,15,0.02797645484037223,0,18,-18,0,0,0,0,0,0,0,0,1,0
1e8g,A,20,ASP,-3.5,111.1,-1.0,1,3,X,0.0,0.0,0.0,0.0,0.0,0.0,0.0,0.0,21,0.03730193978716297,10,13,-3,0,0,0,0,0,0,0,0,1,0
1e8g,A,21,PHE,2.8,189.9,0.0,0,0,X,0.0,0.0,0.0,0.0,0.0,0.0,0.0,0.0,36,0.050823892960009553,6,24,-18,0,0,0,0,0,0,0,0,1,0
1e8g,A,22,ASN,-3.5,114.1,0.0,2,2,X,0.0,0.0,0.0,0.0,0.0,0.0,0.0,0.0,23,0.04196468226055834,11,29,-18,0,0,0,0,0,0,0,0,1,0
1e8g,A,23,GLU,-3.5,138.4,-1.0,1,3,X,0.0,0.0,0.0,0.0,0.0,0.0,0.0,0.0,18,0.03870076252918159,13,16,-3,0,0,0,0,0,0,0,0,1,0
1e8g,A,24,PHE,2.8,189.9,0.0,0,0,X,0.0,0.0,0.0,0.0,0.0,0.0,0.0,0.0,39,0.048026247475972325,11,26,-15,0,0,0,0,0,0,0,0,1,0
1e8g,A,25,ILE,4.5,166.7,0.0,0,0,X,0.0,0.0,0.0,0.0,0.0,0.0,0.0,0.0,37,0.04616115048661418,9,30,-21,0,0,0,0,0,0,0,0,1,0
1e8g,A,26,GLN,-3.5,143.8,0.0,2,2,X,0.0,0.0,0.0,0.0,0.0,0.0,0.0,0.0,21,0.03823448828184205,11,24,-13,0,0,0,0,0,0,0,0,1,0
1e8g,A,27,ASP,-3.5,111.1,-1.0,1,3,X,0.0,0.0,0.0,0.0,0.0,0.0,0.0,0.0,22,0.040565859518539735,16,12,4,0,0,0,0,0,0,0,0,1,0
1e8g,A,28,ILE,4.5,166.7,0.0,0,0,X,0.0,0.0,0.0,0.0,0.0,0.0,0.0,0.0,38,0.048492521723311866,14,23,-9,0,0,0,0,0,0,0,0,1,0
1e8g,A,29,ILE,4.5,166.7,0.0,0,0,X,0.0,0.0,0.0,0.0,0.0,0.0,0.0,0.0,25,0.04289723075523742,12,27,-15,0,0,0,0,0,0,0,0,1,0
1e8g,A,30,ARG,-4.5,173.4,1.0,5,0,X,0.0,0.0,0.0,0.0,0.0,0.0,0.0,0.0,14,0.030774100324409453,0,12,-12,0,0,0,0,0,0,0,0,1,0
1e8g,A,31,ILE,4.5,166.7,0.0,0,0,X,0.0,0.0,0.0,0.0,0.0,0.0,0.0,0.0,25,0.03310547156110714,20,16,4,0,0,0,0,0,0,0,0,1,0
1e8g,A,32,VAL,4.2,140.0,0.0,0,0,X,0.0,0.0,0.0,0.0,0.0,0.0,0.0,0.0,29,0.04289723075523742,20,21,-1,0,0,0,0,0,0,0,0,1,0
1e8g,A,33,GLY,-0.4,60.1,0.0,0,0,X,0.0,0.0,0.0,0.0,0.0,0.0,0.0,0.0,22,0.03357174580844668,18,19,-1,0,0,0,0,0,0,0,0,1,0
1e8g,A,34,SER,-0.8,89.0,0.0,1,1,X,0.0,0.0,0.0,0.0,0.0,0.0,0.0,0.0,19,0.025645083603674543,8,17,-9,0,0,0,0,0,0,0,0,1,0
1e8g,A,35,GLU,-3.5,138.4,-1.0,1,3,X,0.0,0.0,0.0,0.0,0.0,0.0,0.0,0.0,12,0.021914889624958248,6,6,0,0,0,0,0,0,0,0,0,1,0
1e8g,A,36,ASN,-3.5,114.1,0.0,2,2,X,0.0,0.0,0.0,0.0,0.0,0.0,0.0,0.0,26,0.03823448828184205,23,29,-6,0,0,0,0,0,0,0,0,1,0
1e8g,A,37,VAL,4.2,140.0,0.0,0,0,X,0.0,0.0,0.0,0.0,0.0,0.0,0.0,0.0,31,0.045694876239274644,7,29,-22,0,0,0,0,0,0,0,0,1,0
1e8g,A,38,GLU,-3.5,138.4,-1.0,1,3,X,0.0,0.0,0.0,0.0,0.0,0.0,0.0,0.0,25,0.03357174580844668,11,12,-1,0,0,0,0,0,0,0,0,1,0
1e8g,A,39,VAL,4.2,140.0,0.0,0,0,X,0.0,0.0,0.0,0.0,0.0,0.0,0.0,0.0,27,0.03916703677652112,8,14,-6,0,0,0,0,0,0,0,0,1,0
1e8g,A,40,ILE,4.5,166.7,0.0,0,0,X,0.0,0.0,0.0,0.0,0.0,0.0,0.0,0.0,28,0.03823448828184205,16,13,3,0,0,0,0,0,0,0,0,1,0
1e8g,A,41,SER,-0.8,89.0,0.0,1,1,X,0.0,0.0,0.0,0.0,0.0,0.0,0.0,0.0,16,0.02471253510899547,11,13,-2,0,0,0,0,0,0,0,0,1,0
1e8g,A,47,VAL,4.2,140.0,0.0,0,0,X,0.0,0.0,0.0,0.0,0.0,0.0,0.0,0.0,16,0.017252147151562876,21,13,8,0,0,0,0,0,0,0,0,1,0
1e8g,A,48,ASP,-3.5,111.1,-1.0,1,3,X,0.0,0.0,0.0,0.0,0.0,0.0,0.0,0.0,21,0.03124037457174899,37,8,29,0,0,0,0,0,0,0,0,1,0
1e8g,A,49,GLY,-0.4,60.1,0.0,0,0,X,0.0,0.0,0.0,0.0,0.0,0.0,0.0,0.0,17,0.026577632098353617,20,10,10,0,0,0,0,0,0,0,0,1,0
1e8g,A,50,SER,-0.8,89.0,0.0,1,1,X,0.0,0.0,0.0,0.0,0.0,0.0,0.0,0.0,17,0.026577632098353617,22,8,14,0,0,0,0,0,0,0,0,1,0
1e8g,A,51,TYR,-1.3,193.6,0.0,1,1,X,0.0,0.0,0.0,0.0,0.0,0.0,0.0,0.0,28,0.030307826077069916,23,6,17,0,0,0,0,0,0,0,0,1,0
1e8g,A,52,MET,1.9,162.9,0.0,0,0,X,0.0,0.0,0.0,0.0,0.0,0.0,0.0,0.0,14,0.02471253510899547,17,1,16,0,0,0,0,0,0,0,0,1,0
1e8g,A,53,LYS,-3.9,168.6,1.0,2,0,X,0.0,0.0,0.0,0.0,0.0,0.0,0.0,0.0,12,0.026577632098353617,13,3,10,0,0,0,0,0,0,0,0,1,0
1e8g,A,54,PRO,-1.6,112.7,0.0,0,0,X,0.0,0.0,0.0,0.0,0.0,0.0,0.0,0.0,24,0.03916703677652112,35,9,26,0,0,0,0,0,0,0,0,1,0
1e8g,A,55,THR,-0.7,116.1,0.0,1,1,X,0.0,0.0,0.0,0.0,0.0,0.0,0.0,0.0,34,0.040565859518539735,34,19,15,0,0,0,0,0,0,0,0,1,0
1e8g,A,56,HIS,-3.2,153.2,0.1,2,1,X,0.0,0.0,0.0,0.0,0.0,0.0,0.0,0.0,38,0.04149840801321881,25,21,4,0,0,0,0,0,0,0,0,1,0
1e8g,A,57,THR,-0.7,116.1,0.0,1,1,X,0.0,0.0,0.0,0.0,0.0,0.0,0.0,0.0,36,0.045228601991935104,20,22,-2,0,0,0,0,0,0,0,0,1,0
1e8g,A,58,HIS,-3.2,153.2,0.1,2,1,X,0.0,0.0,0.0,0.0,0.0,0.0,0.0,0.0,34,0.04476232774459557,20,22,-2,0,0,0,0,0,0,0,0,1,0
1e8g,A,59,ASP,-3.5,111.1,-1.0,1,3,X,0.0,0.0,0.0,0.0,0.0,0.0,0.0,0.0,37,0.04755997322863279,45,14,31,0,0,0,0,0,0,0,0,1,0
1e8g,A,60,PRO,-1.6,112.7,0.0,0,0,X,0.0,0.0,0.0,0.0,0.0,0.0,0.0,0.0,39,0.03730193978716297,51,16,35,0,0,0,0,0,0,0,0,1,0
1e8g,A,61,THR,-0.7,116.1,0.0,1,1,X,0.0,0.0,0.0,0.0,0.0,0.0,0.0,0.0,35,0.04755997322863279,51,16,35,0,0,0,0,0,0,0,0,1,0
1e8g,A,62,HIS,-3.2,153.2,0.1,2,1,X,0.0,0.0,0.0,0.0,0.0,0.0,0.0,0.0,30,0.04196468226055834,44,29,15,0,0,0,0,0,0,0,0,1,0
1e8g,A,63,VAL,4.2,140.0,0.0,0,0,X,0.0,0.0,0.0,0.0,0.0,0.0,0.0,0.0,37,0.045694876239274644,54,17,37,0,0,0,0,0,0,0,0,1,0
1e8g,A,64,MET,1.9,162.9,0.0,0,0,X,0.0,0.0,0.0,0.0,0.0,0.0,0.0,0.0,24,0.03776821403450251,39,21,18,0,0,0,0,0,0,0,0,1,0
1e8g,A,65,ASP,-3.5,111.1,-1.0,1,3,X,0.0,0.0,0.0,0.0,0.0,0.0,0.0,0.0,15,0.029375277582390842,17,12,5,0,0,0,0,0,0,0,0,1,0
1e8g,A,66,GLN,-3.5,143.8,0.0,2,2,X,0.0,0.0,0.0,0.0,0.0,0.0,0.0,0.0,16,0.02331371236697686,20,22,-2,0,0,0,0,0,0,0,0,1,0
1e8g,A,67,ASP,-3.5,111.1,-1.0,1,3,X,0.0,0.0,0.0,0.0,0.0,0.0,0.0,0.0,19,0.030307826077069916,6,9,-3,0,0,0,0,0,0,0,0,1,0
1e8g,A,68,TYR,-1.3,193.6,0.0,1,1,X,0.0,0.0,0.0,0.0,0.0,0.0,0.0,0.0,26,0.03963331102386066,20,21,-1,0,0,0,0,0,0,0,0,1,0
1e8g,A,69,PHE,2.8,189.9,0.0,0,0,X,0.0,0.0,0.0,0.0,0.0,0.0,0.0,0.0,37,0.04755997322863279,34,22,12,0,0,0,0,0,0,0,0,1,0
1e8g,A,70,LEU,3.8,166.7,0.0,0,0,X,0.0,0.0,0.0,0.0,0.0,0.0,0.0,0.0,32,0.05035761871267001,17,15,2,0,0,0,0,0,0,0,0,1,0
1e8g,A,71,ALA,1.8,88.6,0.0,0,0,X,0.0,0.0,0.0,0.0,0.0,0.0,0.0,0.0,38,0.05175644145468863,19,18,1,0,0,0,0,0,0,0,0,1,0
1e8g,A,72,SER,-0.8,89.0,0.0,1,1,X,0.0,0.0,0.0,0.0,0.0,0.0,0.0,0.0,40,0.05735173242276307,8,11,-3,0,0,0,0,0,0,0,0,1,0
1e8g,A,73,ALA,1.8,88.6,0.0,0,0,X,0.0,0.0,0.0,0.0,0.0,0.0,0.0,0.0,40,0.048492521723311866,9,16,-7,0,0,0,0,0,0,0,0,1,0
1e8g,A,74,ILE,4.5,166.7,0.0,0,0,X,0.0,0.0,0.0,0.0,0.0,0.0,0.0,0.0,38,0.048026247475972325,16,19,-3,0,0,0,0,0,0,0,0,1,0
1e8g,A,75,VAL,4.2,140.0,0.0,0,0,X,0.0,0.0,0.0,0.0,0.0,0.0,0.0,0.0,40,0.04476232774459557,15,26,-11,0,0,0,0,0,0,0,0,1,0
1e8g,A,76,ALA,1.8,88.6,0.0,0,0,X,0.0,0.0,0.0,0.0,0.0,0.0,0.0,0.0,31,0.050823892960009553,24,26,-2,0,0,0,0,0,0,0,0,1,0
1e8g,A,77,PRO,-1.6,112.7,0.0,0,0,X,0.0,0.0,0.0,0.0,0.0,0.0,0.0,0.0,37,0.05595290968074446,20,19,1,0,0,0,0,0,0,0,0,1,0
1e8g,A,78,ARG,-4.5,173.4,1.0,5,0,X,0.0,0.0,0.0,0.0,0.0,0.0,0.0,0.0,27,0.03870076252918159,10,12,-2,0,0,0,0,0,0,0,0,1,0
1e8g,A,79,ASN,-3.5,114.1,0.0,2,2,X,0.0,0.0,0.0,0.0,0.0,0.0,0.0,0.0,28,0.03916703677652112,22,28,-6,0,0,0,0,0,0,0,0,1,0
1e8g,A,80,VAL,4.2,140.0,0.0,0,0,X,0.0,0.0,0.0,0.0,0.0,0.0,0.0,0.0,36,0.04149840801321881,27,39,-12,0,0,0,0,0,0,0,0,1,0
1e8g,A,81,ALA,1.8,88.6,0.0,0,0,X,0.0,0.0,0.0,0.0,0.0,0.0,0.0,0.0,25,0.03357174580844668,19,22,-3,0,0,0,0,0,0,0,0,1,0
1e8g,A,82,ASP,-3.5,111.1,-1.0,1,3,X,0.0,0.0,0.0,0.0,0.0,0.0,0.0,0.0,32,0.043829779249916496,15,7,8,0,0,0,0,0,0,0,0,1,0
1e8g,A,83,VAL,4.2,140.0,0.0,0,0,X,0.0,0.0,0.0,0.0,0.0,0.0,0.0,0.0,41,0.045228601991935104,5,21,-16,0,0,0,0,0,0,0,0,1,0
1e8g,A,84,GLN,-3.5,143.8,0.0,2,2,X,0.0,0.0,0.0,0.0,0.0,0.0,0.0,0.0,33,0.040099585271200194,3,23,-20,0,0,0,0,0,0,0,0,1,0
1e8g,A,85,SER,-0.8,89.0,0.0,1,1,X,0.0,0.0,0.0,0.0,0.0,0.0,0.0,0.0,30,0.032172923066428064,6,15,-9,0,0,0,0,0,0,0,0,1,0
1e8g,A,86,ILE,4.5,166.7,0.0,0,0,X,0.0,0.0,0.0,0.0,0.0,0.0,0.0,0.0,43,0.04103213376587927,3,14,-11,0,0,0,0,0,0,0,0,1,0
1e8g,A,87,VAL,4.2,140.0,0.0,0,0,X,0.0,0.0,0.0,0.0,0.0,0.0,0.0,0.0,33,0.04429605349725603,4,14,-10,0,0,0,0,0,0,0,0,1,0
1e8g,A,88,GLY,-0.4,60.1,0.0,0,0,X,0.0,0.0,0.0,0.0,0.0,0.0,0.0,0.0,28,0.03357174580844668,9,7,2,0,0,0,0,0,0,0,0,1,0
1e8g,A,89,LEU,3.8,166.7,0.0,0,0,X,0.0,0.0,0.0,0.0,0.0,0.0,0.0,0.0,27,0.04196468226055834,9,20,-11,0,0,0,0,0,0,0,0,1,0
1e8g,A,90,ALA,1.8,88.6,0.0,0,0,X,0.0,0.0,0.0,0.0,0.0,0.0,0.0,0.0,32,0.04989134446533048,9,6,3,0,0,0,0,0,0,0,0,1,0
1e8g,A,91,ASN,-3.5,114.1,0.0,2,2,X,0.0,0.0,0.0,0.0,0.0,0.0,0.0,0.0,26,0.03730193978716297,9,8,1,0,0,0,0,0,0,0,0,1,0
1e8g,A,92,LYS,-3.9,168.6,1.0,2,0,X,0.0,0.0,0.0,0.0,0.0,0.0,0.0,0.0,17,0.02844272908771177,0,18,-18,0,0,0,0,0,0,0,0,1,0
1e8g,A,93,PHE,2.8,189.9,0.0,0,0,X,0.0,0.0,0.0,0.0,0.0,0.0,0.0,0.0,27,0.03590311704514436,11,23,-12,0,0,0,0,0,0,0,0,1,0
1e8g,A,94,SER,-0.8,89.0,0.0,1,1,X,0.0,0.0,0.0,0.0,0.0,0.0,0.0,0.0,27,0.03963331102386066,16,10,6,0,0,0,0,0,0,0,0,1,0
1e8g,A,95,PHE,2.8,189.9,0.0,0,0,X,0.0,0.0,0.0,0.0,0.0,0.0,0.0,0.0,42,0.048958795970651406,10,6,4,0,0,0,0,0,0,0,0,1,0
1e8g,A,96,PRO,-1.6,112.7,0.0,0,0,X,0.0,0.0,0.0,0.0,0.0,0.0,0.0,0.0,46,0.050823892960009553,7,3,4,0,0,0,0,0,0,0,0,1,0
1e8g,A,97,LEU,3.8,166.7,0.0,0,0,X,0.0,0.0,0.0,0.0,0.0,0.0,0.0,0.0,43,0.04942507021799094,2,4,-2,0,0,0,0,0,0,0,0,1,0
1e8g,A,98,TRP,-0.9,227.8,0.0,1,0,X,0.0,0.0,0.0,0.0,0.0,0.0,0.0,0.0,42,0.048492521723311866,18,3,15,0,0,0,0,0,0,0,0,1,0
1e8g,A,99,PRO,-1.6,112.7,0.0,0,0,X,0.0,0.0,0.0,0.0,0.0,0.0,0.0,0.0,40,0.04149840801321881,7,7,0,0,0,0,0,0,0,0,0,1,1
1e8g,A,100,ILE,4.5,166.7,0.0,0,0,X,0.0,0.0,0.0,0.0,0.0,0.0,0.0,0.0,36,0.04103213376587927,18,8,10,0,0,0,0,0,0,0,0,1,0
1e8g,A,101,SER,-0.8,89.0,0.0,1,1,X,0.0,0.0,0.0,0.0,0.0,0.0,0.0,0.0,40,0.04289723075523742,18,14,4,0,0,0,0,0,0,0,0,1,1
1e8g,A,102,ILE,4.5,166.7,0.0,0,0,X,0.0,0.0,0.0,0.0,0.0,0.0,0.0,0.0,40,0.04429605349725603,29,12,17,0,0,0,0,0,0,0,0,1,1
1e8g,A,103,GLY,-0.4,60.1,0.0,0,0,X,0.0,0.0,0.0,0.0,0.0,0.0,0.0,0.0,39,0.04243095650789788,30,8,22,0,0,0,0,0,0,0,0,1,1
1e8g,A,104,ARG,-4.5,173.4,1.0,5,0,X,0.0,0.0,0.0,0.0,0.0,0.0,0.0,0.0,33,0.03776821403450251,14,0,14,0,0,0,0,0,0,0,0,1,1
1e8g,A,105,ASN,-3.5,114.1,0.0,2,2,X,0.0,0.0,0.0,0.0,0.0,0.0,0.0,0.0,37,0.03170664881908853,36,14,22,0,0,0,0,0,0,0,0,1,1
1e8g,A,106,SER,-0.8,89.0,0.0,1,1,X,0.0,0.0,0.0,0.0,0.0,0.0,0.0,0.0,33,0.03823448828184205,32,8,24,0,0,0,0,0,0,0,0,1,0
1e8g,A,107,GLY,-0.4,60.1,0.0,0,0,X,0.0,0.0,0.0,0.0,0.0,0.0,0.0,0.0,37,0.045694876239274644,38,7,31,0,0,0,0,0,0,0,0,1,0
1e8g,A,108,TYR,-1.3,193.6,0.0,1,1,X,0.0,0.0,0.0,0.0,0.0,0.0,0.0,0.0,34,0.04755997322863279,36,12,24,0,0,0,0,0,0,0,0,1,1
1e8g,A,109,GLY,-0.4,60.1,0.0,0,0,X,0.0,0.0,0.0,0.0,0.0,0.0,0.0,0.0,37,0.048492521723311866,48,10,38,0,0,0,0,0,0,0,0,1,0
1e8g,A,110,GLY,-0.4,60.1,0.0,0,0,X,0.0,0.0,0.0,0.0,0.0,0.0,0.0,0.0,39,0.04476232774459557,45,13,32,0,0,0,0,0,0,0,0,1,0
1e8g,A,111,ALA,1.8,88.6,0.0,0,0,X,0.0,0.0,0.0,0.0,0.0,0.0,0.0,0.0,36,0.050823892960009553,29,15,14,0,0,0,0,0,0,0,0,1,0
1e8g,A,112,ALA,1.8,88.6,0.0,0,0,X,0.0,0.0,0.0,0.0,0.0,0.0,0.0,0.0,39,0.050823892960009553,36,8,28,0,0,0,0,0,0,0,0,1,0
1e8g,A,113,PRO,-1.6,112.7,0.0,0,0,X,0.0,0.0,0.0,0.0,0.0,0.0,0.0,0.0,42,0.05175644145468863,26,8,18,0,0,0,0,0,0,0,0,1,0
1e8g,A,114,ARG,-4.5,173.4,1.0,5,0,X,0.0,0.0,0.0,0.0,0.0,0.0,0.0,0.0,36,0.04942507021799094,20,8,12,0,0,0,0,0,0,0,0,1,0
1e8g,A,115,VAL,4.2,140.0,0.0,0,0,X,0.0,0.0,0.0,0.0,0.0,0.0,0.0,0.0,37,0.05222271570202816,15,2,13,0,0,0,0,0,0,0,0,1,0
1e8g,A,116,SER,-0.8,89.0,0.0,1,1,X,0.0,0.0,0.0,0.0,0.0,0.0,0.0,0.0,32,0.04662742473395372,14,9,5,0,0,0,0,0,0,0,0,1,0
1e8g,A,117,GLY,-0.4,60.1,0.0,0,0,X,0.0,0.0,0.0,0.0,0.0,0.0,0.0,0.0,37,0.048958795970651406,5,3,2,0,0,0,0,0,0,0,0,1,0
1e8g,A,118,SER,-0.8,89.0,0.0,1,1,X,0.0,0.0,0.0,0.0,0.0,0.0,0.0,0.0,45,0.056419183928083996,8,1,7,0,0,0,0,0,0,0,0,1,0
1e8g,A,119,VAL,4.2,140.0,0.0,0,0,X,0.0,0.0,0.0,0.0,0.0,0.0,0.0,0.0,48,0.053621538444046775,3,9,-6,0,0,0,0,0,0,0,0,1,0
1e8g,A,120,VAL,4.2,140.0,0.0,0,0,X,0.0,0.0,0.0,0.0,0.0,0.0,0.0,0.0,41,0.05595290968074446,14,15,-1,0,0,0,0,0,0,0,0,1,0
1e8g,A,121,LEU,3.8,166.7,0.0,0,0,X,0.0,0.0,0.0,0.0,0.0,0.0,0.0,0.0,45,0.04709369898129325,10,12,-2,0,0,0,0,0,0,0,0,1,0
1e8g,A,122,ASP,-3.5,111.1,-1.0,1,3,X,0.0,0.0,0.0,0.0,0.0,0.0,0.0,0.0,35,0.04942507021799094,22,4,18,0,0,0,0,0,0,0,0,1,0
1e8g,A,123,MET,1.9,162.9,0.0,0,0,X,0.0,0.0,0.0,0.0,0.0,0.0,0.0,0.0,37,0.04989134446533048,16,21,-5,0,0,0,0,0,0,0,0,1,0
1e8g,A,124,GLY,-0.4,60.1,0.0,0,0,X,0.0,0.0,0.0,0.0,0.0,0.0,0.0,0.0,35,0.048958795970651406,25,19,6,0,0,0,0,0,0,0,0,1,0
1e8g,A,125,LYS,-3.9,168.6,1.0,2,0,X,0.0,0.0,0.0,0.0,0.0,0.0,0.0,0.0,24,0.032639197313767604,14,12,2,0,0,0,0,0,0,0,0,1,0
1e8g,A,126,ASN,-3.5,114.1,0.0,2,2,X,0.0,0.0,0.0,0.0,0.0,0.0,0.0,0.0,23,0.0363693912924839,27,19,8,0,0,0,0,0,0,0,0,1,0
1e8g,A,127,MET,1.9,162.9,0.0,0,0,X,0.0,0.0,0.0,0.0,0.0,0.0,0.0,0.0,33,0.04662742473395372,31,24,7,0,0,0,0,0,0,0,0,1,0
1e8g,A,128,ASN,-3.5,114.1,0.0,2,2,X,0.0,0.0,0.0,0.0,0.0,0.0,0.0,0.0,24,0.03776821403450251,21,19,2,0,0,0,0,0,0,0,0,1,0
1e8g,A,129,ARG,-4.5,173.4,1.0,5,0,X,0.0,0.0,0.0,0.0,0.0,0.0,0.0,0.0,23,0.03590311704514436,11,18,-7,0,0,0,0,0,0,0,0,1,0
1e8g,A,130,VAL,4.2,140.0,0.0,0,0,X,0.0,0.0,0.0,0.0,0.0,0.0,0.0,0.0,27,0.04103213376587927,12,25,-13,0,0,0,0,0,0,0,0,1,0
1e8g,A,131,LEU,3.8,166.7,0.0,0,0,X,0.0,0.0,0.0,0.0,0.0,0.0,0.0,0.0,28,0.034970568550465285,26,25,1,0,0,0,0,0,0,0,0,1,0
1e8g,A,132,GLU,-3.5,138.4,-1.0,1,3,X,0.0,0.0,0.0,0.0,0.0,0.0,0.0,0.0,27,0.03403802005578621,12,2,10,0,0,0,0,0,0,0,0,1,0
1e8g,A,133,VAL,4.2,140.0,0.0,0,0,X,0.0,0.0,0.0,0.0,0.0,0.0,0.0,0.0,25,0.04149840801321881,4,12,-8,0,0,0,0,0,0,0,0,1,0
1e8g,A,134,ASN,-3.5,114.1,0.0,2,2,X,0.0,0.0,0.0,0.0,0.0,0.0,0.0,0.0,25,0.03450429430312575,28,18,10,0,0,0,0,0,0,0,0,1,0
1e8g,A,135,VAL,4.2,140.0,0.0,0,0,X,0.0,0.0,0.0,0.0,0.0,0.0,0.0,0.0,23,0.03403802005578621,20,16,4,0,0,0,0,0,0,0,0,1,0
1e8g,A,136,GLU,-3.5,138.4,-1.0,1,3,X,0.0,0.0,0.0,0.0,0.0,0.0,0.0,0.0,24,0.027510180593032695,28,17,11,0,0,0,0,0,0,0,0,1,0
1e8g,A,137,GLY,-0.4,60.1,0.0,0,0,X,0.0,0.0,0.0,0.0,0.0,0.0,0.0,0.0,32,0.04616115048661418,40,17,23,0,0,0,0,0,0,0,0,1,0
1e8g,A,138,ALA,1.8,88.6,0.0,0,0,X,0.0,0.0,0.0,0.0,0.0,0.0,0.0,0.0,31,0.04755997322863279,31,15,16,0,0,0,0,0,0,0,0,1,0
1e8g,A,139,TYR,-1.3,193.6,0.0,1,1,X,0.0,0.0,0.0,0.0,0.0,0.0,0.0,0.0,34,0.05175644145468863,26,17,9,0,0,0,0,0,0,0,0,1,0
1e8g,A,140,CYS,2.5,108.5,0.0,1,0,X,0.0,0.0,0.0,0.0,0.0,0.0,0.0,0.0,37,0.04989134446533048,22,12,10,0,0,0,0,0,0,0,0,1,0
1e8g,A,141,VAL,4.2,140.0,0.0,0,0,X,0.0,0.0,0.0,0.0,0.0,0.0,0.0,0.0,32,0.05035761871267001,25,20,5,0,0,0,0,0,0,0,0,1,0
1e8g,A,142,VAL,4.2,140.0,0.0,0,0,X,0.0,0.0,0.0,0.0,0.0,0.0,0.0,0.0,38,0.0526889899493677,24,21,3,0,0,0,0,0,0,0,0,1,0
1e8g,A,143,GLU,-3.5,138.4,-1.0,1,3,X,0.0,0.0,0.0,0.0,0.0,0.0,0.0,0.0,35,0.053155264196707235,26,9,17,0,0,0,0,0,0,0,0,1,0
1e8g,A,144,PRO,-1.6,112.7,0.0,0,0,X,0.0,0.0,0.0,0.0,0.0,0.0,0.0,0.0,39,0.053155264196707235,22,18,4,0,0,0,0,0,0,0,0,1,0
1e8g,A,145,GLY,-0.4,60.1,0.0,0,0,X,0.0,0.0,0.0,0.0,0.0,0.0,0.0,0.0,33,0.05035761871267001,18,24,-6,0,0,0,0,0,0,0,0,1,0
1e8g,A,146,VAL,4.2,140.0,0.0,0,0,X,0.0,0.0,0.0,0.0,0.0,0.0,0.0,0.0,39,0.05129016720734909,17,17,0,0,0,0,0,0,0,0,0,1,0
1e8g,A,147,THR,-0.7,116.1,0.0,1,1,X,0.0,0.0,0.0,0.0,0.0,0.0,0.0,0.0,36,0.04429605349725603,27,12,15,0,0,0,0,0,0,0,0,1,0
1e8g,A,148,TYR,-1.3,193.6,0.0,1,1,X,0.0,0.0,0.0,0.0,0.0,0.0,0.0,0.0,40,0.05129016720734909,25,21,4,0,0,0,0,0,0,0,0,1,0
1e8g,A,149,HIS,-3.2,153.2,0.1,2,1,X,0.0,0.0,0.0,0.0,0.0,0.0,0.0,0.0,26,0.04429605349725603,13,13,0,0,0,0,0,0,0,0,0,1,0
1e8g,A,150,ASP,-3.5,111.1,-1.0,1,3,X,0.0,0.0,0.0,0.0,0.0,0.0,0.0,0.0,29,0.0363693912924839,25,2,23,0,0,0,0,0,0,0,0,1,0
1e8g,A,151,LEU,3.8,166.7,0.0,0,0,X,0.0,0.0,0.0,0.0,0.0,0.0,0.0,0.0,40,0.04476232774459557,23,24,-1,0,0,0,0,0,0,0,0,1,0
1e8g,A,152,HIS,-3.2,153.2,0.1,2,1,X,0.0,0.0,0.0,0.0,0.0,0.0,0.0,0.0,30,0.045228601991935104,22,17,5,0,0,0,0,0,0,0,0,1,0
1e8g,A,153,ASN,-3.5,114.1,0.0,2,2,X,0.0,0.0,0.0,0.0,0.0,0.0,0.0,0.0,20,0.0363693912924839,22,17,5,0,0,0,0,0,0,0,0,1,0
1e8g,A,154,TYR,-1.3,193.6,0.0,1,1,X,0.0,0.0,0.0,0.0,0.0,0.0,0.0,0.0,28,0.03776821403450251,14,19,-5,0,0,0,0,0,0,0,0,1,0
1e8g,A,155,LEU,3.8,166.7,0.0,0,0,X,0.0,0.0,0.0,0.0,0.0,0.0,0.0,0.0,30,0.04755997322863279,30,23,7,0,0,0,0,0,0,0,0,1,0
1e8g,A,156,GLU,-3.5,138.4,-1.0,1,3,X,0.0,0.0,0.0,0.0,0.0,0.0,0.0,0.0,21,0.03776821403450251,26,9,17,0,0,0,0,0,0,0,0,1,0
1e8g,A,157,ALA,1.8,88.6,0.0,0,0,X,0.0,0.0,0.0,0.0,0.0,0.0,0.0,0.0,11,0.02797645484037223,15,11,4,0,0,0,0,0,0,0,0,1,0
1e8g,A,158,ASN,-3.5,114.1,0.0,2,2,X,0.0,0.0,0.0,0.0,0.0,0.0,0.0,0.0,16,0.02611135785101408,10,10,0,0,0,0,0,0,0,0,0,1,0
1e8g,A,159,ASN,-3.5,114.1,0.0,2,2,X,0.0,0.0,0.0,0.0,0.0,0.0,0.0,0.0,13,0.030774100324409453,19,17,2,0,0,0,0,0,0,0,0,1,0
1e8g,A,160,LEU,3.8,166.7,0.0,0,0,X,0.0,0.0,0.0,0.0,0.0,0.0,0.0,0.0,23,0.040565859518539735,23,17,6,0,0,0,0,0,0,0,0,1,0
1e8g,A,161,ARG,-4.5,173.4,1.0,5,0,X,0.0,0.0,0.0,0.0,0.0,0.0,0.0,0.0,22,0.04103213376587927,17,17,0,0,0,0,0,0,0,0,0,1,0
1e8g,A,162,ASP,-3.5,111.1,-1.0,1,3,X,0.0,0.0,0.0,0.0,0.0,0.0,0.0,0.0,15,0.029375277582390842,20,9,11,0,0,0,0,0,0,0,0,1,0
1e8g,A,163,LYS,-3.9,168.6,1.0,2,0,X,0.0,0.0,0.0,0.0,0.0,0.0,0.0,0.0,19,0.03450429430312575,10,11,-1,0,0,0,0,0,0,0,0,1,0
1e8g,A,164,LEU,3.8,166.7,0.0,0,0,X,0.0,0.0,0.0,0.0,0.0,0.0,0.0,0.0,34,0.04662742473395372,22,14,8,0,0,0,0,0,0,0,0,1,0
1e8g,A,165,TRP,-0.9,227.8,0.0,1,0,X,0.0,0.0,0.0,0.0,0.0,0.0,0.0,0.0,31,0.04616115048661418,22,16,6,0,0,0,0,0,0,0,0,1,0
1e8g,A,166,LEU,3.8,166.7,0.0,0,0,X,0.0,0.0,0.0,0.0,0.0,0.0,0.0,0.0,41,0.045228601991935104,31,14,17,0,0,0,0,0,0,0,0,1,0
1e8g,A,167,ASP,-3.5,111.1,-1.0,1,3,X,0.0,0.0,0.0,0.0,0.0,0.0,0.0,0.0,37,0.05035761871267001,12,7,5,0,0,0,0,0,0,0,0,1,0
1e8g,A,168,VAL,4.2,140.0,0.0,0,0,X,0.0,0.0,0.0,0.0,0.0,0.0,0.0,0.0,39,0.05222271570202816,28,17,11,0,0,0,0,0,0,0,0,1,0
1e8g,A,169,PRO,-1.6,112.7,0.0,0,0,X,0.0,0.0,0.0,0.0,0.0,0.0,0.0,0.0,36,0.04196468226055834,19,21,-2,0,0,0,0,0,0,0,0,1,1
1e8g,A,170,ASP,-3.5,111.1,-1.0,1,3,X,0.0,0.0,0.0,0.0,0.0,0.0,0.0,0.0,37,0.03963331102386066,22,19,3,0,0,0,0,0,0,0,0,1,1
1e8g,A,171,LEU,3.8,166.7,0.0,0,0,X,0.0,0.0,0.0,0.0,0.0,0.0,0.0,0.0,33,0.045228601991935104,19,24,-5,0,0,0,0,0,0,0,0,1,1
1e8g,A,172,GLY,-0.4,60.1,0.0,0,0,X,0.0,0.0,0.0,0.0,0.0,0.0,0.0,0.0,32,0.04755997322863279,25,18,7,0,0,0,0,0,0,0,0,1,0
1e8g,A,173,GLY,-0.4,60.1,0.0,0,0,X,0.0,0.0,0.0,0.0,0.0,0.0,0.0,0.0,32,0.043363505002576956,22,11,11,0,0,0,0,0,0,0,0,1,0
1e8g,A,174,GLY,-0.4,60.1,0.0,0,0,X,0.0,0.0,0.0,0.0,0.0,0.0,0.0,0.0,35,0.04709369898129325,22,13,9,0,0,0,0,0,0,0,0,1,1
1e8g,A,175,SER,-0.8,89.0,0.0,1,1,X,0.0,0.0,0.0,0.0,0.0,0.0,0.0,0.0,37,0.048026247475972325,18,15,3,0,0,0,0,0,0,0,0,1,1
1e8g,A,176,VAL,4.2,140.0,0.0,0,0,X,0.0,0.0,0.0,0.0,0.0,0.0,0.0,0.0,42,0.05035761871267001,17,18,-1,0,0,0,0,0,0,0,0,1,0
1e8g,A,177,LEU,3.8,166.7,0.0,0,0,X,0.0,0.0,0.0,0.0,0.0,0.0,0.0,0.0,39,0.04662742473395372,17,14,3,0,0,0,0,0,0,0,0,1,0
1e8g,A,178,GLY,-0.4,60.1,0.0,0,0,X,0.0,0.0,0.0,0.0,0.0,0.0,0.0,0.0,39,0.040099585271200194,26,11,15,0,0,0,0,0,0,0,0,1,0
1e8g,A,179,ASN,-3.5,114.1,0.0,2,2,X,0.0,0.0,0.0,0.0,0.0,0.0,0.0,0.0,37,0.04476232774459557,28,18,10,0,0,0,0,0,0,0,0,1,1
1e8g,A,180,ALA,1.8,88.6,0.0,0,0,X,0.0,0.0,0.0,0.0,0.0,0.0,0.0,0.0,39,0.048958795970651406,36,18,18,0,0,0,0,0,0,0,0,1,0
1e8g,A,181,VAL,4.2,140.0,0.0,0,0,X,0.0,0.0,0.0,0.0,0.0,0.0,0.0,0.0,39,0.048026247475972325,37,12,25,0,0,0,0,0,0,0,0,1,0
1e8g,A,182,GLU,-3.5,138.4,-1.0,1,3,X,0.0,0.0,0.0,0.0,0.0,0.0,0.0,0.0,33,0.04429605349725603,32,0,32,0,0,0,0,0,0,0,0,1,1
1e8g,A,183,ARG,-4.5,173.4,1.0,5,0,X,0.0,0.0,0.0,0.0,0.0,0.0,0.0,0.0,37,0.05688545817542354,27,20,7,0,0,0,0,0,0,0,0,1,0
1e8g,A,184,GLY,-0.4,60.1,0.0,0,0,X,0.0,0.0,0.0,0.0,0.0,0.0,0.0,0.0,37,0.045228601991935104,36,25,11,0,0,0,0,0,0,0,0,1,1
1e8g,A,185,VAL,4.2,140.0,0.0,0,0,X,0.0,0.0,0.0,0.0,0.0,0.0,0.0,0.0,40,0.043363505002576956,36,29,7,0,0,0,0,0,0,0,0,1,1
1e8g,A,186,GLY,-0.4,60.1,0.0,0,0,X,0.0,0.0,0.0,0.0,0.0,0.0,0.0,0.0,38,0.04755997322863279,25,24,1,0,0,0,0,0,0,0,0,1,0
1e8g,A,187,TYR,-1.3,193.6,0.0,1,1,X,0.0,0.0,0.0,0.0,0.0,0.0,0.0,0.0,44,0.05595290968074446,25,23,2,0,0,0,0,0,0,0,0,1,1
1e8g,A,188,THR,-0.7,116.1,0.0,1,1,X,0.0,0.0,0.0,0.0,0.0,0.0,0.0,0.0,39,0.050823892960009553,15,14,1,0,0,0,0,0,0,0,0,1,0
1e8g,A,189,PRO,-1.6,112.7,0.0,0,0,X,0.0,0.0,0.0,0.0,0.0,0.0,0.0,0.0,36,0.03963331102386066,9,13,-4,0,0,0,0,0,0,0,0,1,0
1e8g,A,190,TYR,-1.3,193.6,0.0,1,1,X,0.0,0.0,0.0,0.0,0.0,0.0,0.0,0.0,33,0.043363505002576956,18,16,2,0,0,0,0,0,0,0,0,1,0
1e8g,A,191,GLY,-0.4,60.1,0.0,0,0,X,0.0,0.0,0.0,0.0,0.0,0.0,0.0,0.0,39,0.04616115048661418,22,17,5,0,0,0,0,0,0,0,0,1,0
1e8g,A,192,ASP,-3.5,111.1,-1.0,1,3,X,0.0,0.0,0.0,0.0,0.0,0.0,0.0,0.0,34,0.04243095650789788,32,10,22,0,0,0,0,0,0,0,0,1,0
1e8g,A,193,HIS,-3.2,153.2,0.1,2,1,X,0.0,0.0,0.0,0.0,0.0,0.0,0.0,0.0,37,0.050823892960009553,16,21,-5,0,0,0,0,0,0,0,0,1,0
1e8g,A,194,TRP,-0.9,227.8,0.0,1,0,X,0.0,0.0,0.0,0.0,0.0,0.0,0.0,0.0,36,0.048958795970651406,29,21,8,0,0,0,0,0,0,0,0,1,0
1e8g,A,195,MET,1.9,162.9,0.0,0,0,X,0.0,0.0,0.0,0.0,0.0,0.0,0.0,0.0,22,0.03730193978716297,25,12,13,0,0,0,0,0,0,0,0,1,0
1e8g,A,196,MET,1.9,162.9,0.0,0,0,X,0.0,0.0,0.0,0.0,0.0,0.0,0.0,0.0,31,0.045694876239274644,28,15,13,0,0,0,0,0,0,0,0,1,0
1e8g,A,197,HIS,-3.2,153.2,0.1,2,1,X,0.0,0.0,0.0,0.0,0.0,0.0,0.0,0.0,36,0.04942507021799094,18,13,5,0,0,0,0,0,0,0,0,1,0
1e8g,A,198,SER,-0.8,89.0,0.0,1,1,X,0.0,0.0,0.0,0.0,0.0,0.0,0.0,0.0,39,0.05408781269138631,31,6,25,0,0,0,0,0,0,0,0,1,0
1e8g,A,199,GLY,-0.4,60.1,0.0,0,0,X,0.0,0.0,0.0,0.0,0.0,0.0,0.0,0.0,39,0.05455408693872585,38,16,22,0,0,0,0,0,0,0,0,1,0
1e8g,A,200,MET,1.9,162.9,0.0,0,0,X,0.0,0.0,0.0,0.0,0.0,0.0,0.0,0.0,42,0.05408781269138631,36,17,19,0,0,0,0,0,0,0,0,1,0
1e8g,A,201,GLU,-3.5,138.4,-1.0,1,3,X,0.0,0.0,0.0,0.0,0.0,0.0,0.0,0.0,42,0.050823892960009553,24,20,4,0,0,0,0,0,0,0,0,1,0
1e8g,A,202,VAL,4.2,140.0,0.0,0,0,X,0.0,0.0,0.0,0.0,0.0,0.0,0.0,0.0,37,0.05035761871267001,19,16,3,0,0,0,0,0,0,0,0,1,0
1e8g,A,203,VAL,4.2,140.0,0.0,0,0,X,0.0,0.0,0.0,0.0,0.0,0.0,0.0,0.0,41,0.05035761871267001,4,22,-18,0,0,0,0,0,0,0,0,1,0
1e8g,A,204,LEU,3.8,166.7,0.0,0,0,X,0.0,0.0,0.0,0.0,0.0,0.0,0.0,0.0,35,0.04616115048661418,5,20,-15,0,0,0,0,0,0,0,0,1,0
1e8g,A,205,ALA,1.8,88.6,0.0,0,0,X,0.0,0.0,0.0,0.0,0.0,0.0,0.0,0.0,36,0.04662742473395372,8,17,-9,0,0,0,0,0,0,0,0,1,0
1e8g,A,206,ASN,-3.5,114.1,0.0,2,2,X,0.0,0.0,0.0,0.0,0.0,0.0,0.0,0.0,28,0.032172923066428064,3,17,-14,0,0,0,0,0,0,0,0,1,0
1e8g,A,207,GLY,-0.4,60.1,0.0,0,0,X,0.0,0.0,0.0,0.0,0.0,0.0,0.0,0.0,30,0.03730193978716297,0,12,-12,0,0,0,0,0,0,0,0,1,0
1e8g,A,208,GLU,-3.5,138.4,-1.0,1,3,X,0.0,0.0,0.0,0.0,0.0,0.0,0.0,0.0,24,0.032639197313767604,8,0,8,0,0,0,0,0,0,0,0,1,0
1e8g,A,209,LEU,3.8,166.7,0.0,0,0,X,0.0,0.0,0.0,0.0,0.0,0.0,0.0,0.0,33,0.048958795970651406,20,28,-8,0,0,0,0,0,0,0,0,1,0
1e8g,A,210,LEU,3.8,166.7,0.0,0,0,X,0.0,0.0,0.0,0.0,0.0,0.0,0.0,0.0,41,0.05129016720734909,18,22,-4,0,0,0,0,0,0,0,0,1,0
1e8g,A,211,ARG,-4.5,173.4,1.0,5,0,X,0.0,0.0,0.0,0.0,0.0,0.0,0.0,0.0,41,0.05129016720734909,16,21,-5,0,0,0,0,0,0,0,0,1,0
1e8g,A,212,THR,-0.7,116.1,0.0,1,1,X,0.0,0.0,0.0,0.0,0.0,0.0,0.0,0.0,41,0.048492521723311866,27,16,11,0,0,0,0,0,0,0,0,1,0
1e8g,A,213,GLY,-0.4,60.1,0.0,0,0,X,0.0,0.0,0.0,0.0,0.0,0.0,0.0,0.0,42,0.05688545817542354,22,11,11,0,0,0,0,0,0,0,0,1,0
1e8g,A,214,MET,1.9,162.9,0.0,0,0,X,0.0,0.0,0.0,0.0,0.0,0.0,0.0,0.0,41,0.04942507021799094,23,11,12,0,0,0,0,0,0,0,0,1,0
1e8g,A,215,GLY,-0.4,60.1,0.0,0,0,X,0.0,0.0,0.0,0.0,0.0,0.0,0.0,0.0,40,0.05595290968074446,24,16,8,0,0,0,0,0,0,0,0,1,0
1e8g,A,216,ALA,1.8,88.6,0.0,0,0,X,0.0,0.0,0.0,0.0,0.0,0.0,0.0,0.0,41,0.053621538444046775,11,9,2,0,0,0,0,0,0,0,0,1,0
1e8g,A,217,LEU,3.8,166.7,0.0,0,0,X,0.0,0.0,0.0,0.0,0.0,0.0,0.0,0.0,37,0.05035761871267001,14,19,-5,0,0,0,0,0,0,0,0,1,0
1e8g,A,218,PRO,-1.6,112.7,0.0,0,0,X,0.0,0.0,0.0,0.0,0.0,0.0,0.0,0.0,32,0.04429605349725603,18,11,7,0,0,0,0,0,0,0,0,1,0
1e8g,A,219,ASP,-3.5,111.1,-1.0,1,3,X,0.0,0.0,0.0,0.0,0.0,0.0,0.0,0.0,28,0.03916703677652112,32,1,31,0,0,0,0,0,0,0,0,1,0
1e8g,A,220,PRO,-1.6,112.7,0.0,0,0,X,0.0,0.0,0.0,0.0,0.0,0.0,0.0,0.0,25,0.02844272908771177,27,11,16,0,0,0,0,0,0,0,0,1,0
1e8g,A,221,LYS,-3.9,168.6,1.0,2,0,X,0.0,0.0,0.0,0.0,0.0,0.0,0.0,0.0,14,0.027043906345693154,11,12,-1,0,0,0,0,0,0,0,0,1,0
1e8g,A,222,ARG,-4.5,173.4,1.0,5,0,X,0.0,0.0,0.0,0.0,0.0,0.0,0.0,0.0,14,0.027043906345693154,8,17,-9,0,0,0,0,0,0,0,0,1,0
1e8g,A,223,PRO,-1.6,112.7,0.0,0,0,X,0.0,0.0,0.0,0.0,0.0,0.0,0.0,0.0,8,0.021914889624958248,18,9,9,0,0,0,0,0,0,0,0,1,0
1e8g,A,224,GLU,-3.5,138.4,-1.0,1,3,X,0.0,0.0,0.0,0.0,0.0,0.0,0.0,0.0,10,0.02098234113027917,16,1,15,0,0,0,0,0,0,0,0,1,0
1e8g,A,225,THR,-0.7,116.1,0.0,1,1,X,0.0,0.0,0.0,0.0,0.0,0.0,0.0,0.0,14,0.03450429430312575,23,22,1,0,0,0,0,0,0,0,0,1,0
1e8g,A,226,MET,1.9,162.9,0.0,0,0,X,0.0,0.0,0.0,0.0,0.0,0.0,0.0,0.0,12,0.02611135785101408,23,10,13,0,0,0,0,0,0,0,0,1,0
1e8g,A,227,GLY,-0.4,60.1,0.0,0,0,X,0.0,0.0,0.0,0.0,0.0,0.0,0.0,0.0,13,0.01818469564624195,15,12,3,0,0,0,0,0,0,0,0,1,0
1e8g,A,228,LEU,3.8,166.7,0.0,0,0,X,0.0,0.0,0.0,0.0,0.0,0.0,0.0,0.0,14,0.029375277582390842,15,22,-7,0,0,0,0,0,0,0,0,1,0
1e8g,A,229,LYS,-3.9,168.6,1.0,2,0,X,0.0,0.0,0.0,0.0,0.0,0.0,0.0,0.0,19,0.02611135785101408,2,20,-18,0,0,0,0,0,0,0,0,1,0
1e8g,A,230,PRO,-1.6,112.7,0.0,0,0,X,0.0,0.0,0.0,0.0,0.0,0.0,0.0,0.0,23,0.040099585271200194,20,24,-4,0,0,0,0,0,0,0,0,1,0
1e8g,A,231,GLU,-3.5,138.4,-1.0,1,3,X,0.0,0.0,0.0,0.0,0.0,0.0,0.0,0.0,30,0.04149840801321881,24,20,4,0,0,0,0,0,0,0,0,1,0
1e8g,A,232,ASP,-3.5,111.1,-1.0,1,3,X,0.0,0.0,0.0,0.0,0.0,0.0,0.0,0.0,22,0.03450429430312575,23,15,8,0,0,0,0,0,0,0,0,1,0
1e8g,A,233,GLN,-3.5,143.8,0.0,2,2,X,0.0,0.0,0.0,0.0,0.0,0.0,0.0,0.0,25,0.040099585271200194,23,32,-9,0,0,0,0,0,0,0,0,1,0
1e8g,A,234,PRO,-1.6,112.7,0.0,0,0,X,0.0,0.0,0.0,0.0,0.0,0.0,0.0,0.0,29,0.03357174580844668,31,30,1,0,0,0,0,0,0,0,0,1,0
1e8g,A,235,TRP,-0.9,227.8,0.0,1,0,X,0.0,0.0,0.0,0.0,0.0,0.0,0.0,0.0,35,0.04196468226055834,35,32,3,0,0,0,0,0,0,0,0,1,0
1e8g,A,236,SER,-0.8,89.0,0.0,1,1,X,0.0,0.0,0.0,0.0,0.0,0.0,0.0,0.0,36,0.043829779249916496,33,13,20,0,0,0,0,0,0,0,0,1,0
1e8g,A,237,LYS,-3.9,168.6,1.0,2,0,X,0.0,0.0,0.0,0.0,0.0,0.0,0.0,0.0,37,0.03823448828184205,18,21,-3,0,0,0,0,0,0,0,0,1,0
1e8g,A,238,ILE,4.5,166.7,0.0,0,0,X,0.0,0.0,0.0,0.0,0.0,0.0,0.0,0.0,40,0.048958795970651406,35,19,16,0,0,0,0,0,0,0,0,1,0
1e8g,A,239,ALA,1.8,88.6,0.0,0,0,X,0.0,0.0,0.0,0.0,0.0,0.0,0.0,0.0,42,0.050823892960009553,37,11,26,0,0,0,0,0,0,0,0,1,0
1e8g,A,240,HIS,-3.2,153.2,0.1,2,1,X,0.0,0.0,0.0,0.0,0.0,0.0,0.0,0.0,38,0.053621538444046775,31,11,20,0,0,0,0,0,0,0,0,1,0
1e8g,A,241,LEU,3.8,166.7,0.0,0,0,X,0.0,0.0,0.0,0.0,0.0,0.0,0.0,0.0,39,0.05035761871267001,39,18,21,0,0,0,0,0,0,0,0,1,0
1e8g,A,242,PHE,2.8,189.9,0.0,0,0,X,0.0,0.0,0.0,0.0,0.0,0.0,0.0,0.0,39,0.050823892960009553,36,19,17,0,0,0,0,0,0,0,0,1,0
1e8g,A,243,PRO,-1.6,112.7,0.0,0,0,X,0.0,0.0,0.0,0.0,0.0,0.0,0.0,0.0,34,0.04989134446533048,32,18,14,0,0,0,0,0,0,0,0,1,0
1e8g,A,244,TYR,-1.3,193.6,0.0,1,1,X,0.0,0.0,0.0,0.0,0.0,0.0,0.0,0.0,40,0.04289723075523742,25,23,2,0,0,0,0,0,0,0,0,1,0
1e8g,A,245,GLY,-0.4,60.1,0.0,0,0,X,0.0,0.0,0.0,0.0,0.0,0.0,0.0,0.0,42,0.05548663543340492,22,14,8,0,0,0,0,0,0,0,0,1,0
1e8g,A,246,PHE,2.8,189.9,0.0,0,0,X,0.0,0.0,0.0,0.0,0.0,0.0,0.0,0.0,40,0.05035761871267001,24,21,3,0,0,0,0,0,0,0,0,1,0
1e8g,A,247,GLY,-0.4,60.1,0.0,0,0,X,0.0,0.0,0.0,0.0,0.0,0.0,0.0,0.0,39,0.048958795970651406,24,13,11,0,0,0,0,0,0,0,0,1,0
1e8g,A,248,PRO,-1.6,112.7,0.0,0,0,X,0.0,0.0,0.0,0.0,0.0,0.0,0.0,0.0,36,0.04709369898129325,17,10,7,0,0,0,0,0,0,0,0,1,0
1e8g,A,249,TYR,-1.3,193.6,0.0,1,1,X,0.0,0.0,0.0,0.0,0.0,0.0,0.0,0.0,29,0.05222271570202816,18,15,3,0,0,0,0,0,0,0,0,1,0
1e8g,A,250,ILE,4.5,166.7,0.0,0,0,X,0.0,0.0,0.0,0.0,0.0,0.0,0.0,0.0,32,0.04662742473395372,10,12,-2,0,0,0,0,0,0,0,0,1,0
1e8g,A,251,ASP,-3.5,111.1,-1.0,1,3,X,0.0,0.0,0.0,0.0,0.0,0.0,0.0,0.0,34,0.04662742473395372,16,4,12,0,0,0,0,0,0,0,0,1,0
1e8g,A,252,GLY,-0.4,60.1,0.0,0,0,X,0.0,0.0,0.0,0.0,0.0,0.0,0.0,0.0,31,0.053155264196707235,14,17,-3,0,0,0,0,0,0,0,0,1,0
1e8g,A,253,LEU,3.8,166.7,0.0,0,0,X,0.0,0.0,0.0,0.0,0.0,0.0,0.0,0.0,28,0.048958795970651406,5,14,-9,0,0,0,0,0,0,0,0,1,0
1e8g,A,254,PHE,2.8,189.9,0.0,0,0,X,0.0,0.0,0.0,0.0,0.0,0.0,0.0,0.0,36,0.048958795970651406,10,12,-2,0,0,0,0,0,0,0,0,1,0
1e8g,A,255,SER,-0.8,89.0,0.0,1,1,X,0.0,0.0,0.0,0.0,0.0,0.0,0.0,0.0,36,0.04942507021799094,21,17,4,0,0,0,0,0,0,0,0,1,0
1e8g,A,256,GLN,-3.5,143.8,0.0,2,2,X,0.0,0.0,0.0,0.0,0.0,0.0,0.0,0.0,41,0.04429605349725603,31,12,19,0,0,0,0,0,0,0,0,1,0
1e8g,A,257,SER,-0.8,89.0,0.0,1,1,X,0.0,0.0,0.0,0.0,0.0,0.0,0.0,0.0,37,0.04616115048661418,23,11,12,0,0,0,0,0,0,0,0,1,0
1e8g,A,258,ASN,-3.5,114.1,0.0,2,2,X,0.0,0.0,0.0,0.0,0.0,0.0,0.0,0.0,37,0.04755997322863279,19,12,7,0,0,0,0,0,0,0,0,1,0
1e8g,A,259,MET,1.9,162.9,0.0,0,0,X,0.0,0.0,0.0,0.0,0.0,0.0,0.0,0.0,37,0.045694876239274644,12,14,-2,0,0,0,0,0,0,0,0,1,0
1e8g,A,260,GLY,-0.4,60.1,0.0,0,0,X,0.0,0.0,0.0,0.0,0.0,0.0,0.0,0.0,39,0.04476232774459557,7,12,-5,0,0,0,0,0,0,0,0,1,1
1e8g,A,261,ILE,4.5,166.7,0.0,0,0,X,0.0,0.0,0.0,0.0,0.0,0.0,0.0,0.0,42,0.03963331102386066,4,13,-9,0,0,0,0,0,0,0,0,1,1
1e8g,A,262,VAL,4.2,140.0,0.0,0,0,X,0.0,0.0,0.0,0.0,0.0,0.0,0.0,0.0,41,0.04476232774459557,9,17,-8,0,0,0,0,0,0,0,0,1,1
1e8g,A,263,THR,-0.7,116.1,0.0,1,1,X,0.0,0.0,0.0,0.0,0.0,0.0,0.0,0.0,42,0.04616115048661418,21,26,-5,0,0,0,0,0,0,0,0,1,0
1e8g,A,264,LYS,-3.9,168.6,1.0,2,0,X,0.0,0.0,0.0,0.0,0.0,0.0,0.0,0.0,39,0.048958795970651406,24,30,-6,0,0,0,0,0,0,0,0,1,0
1e8g,A,265,ILE,4.5,166.7,0.0,0,0,X,0.0,0.0,0.0,0.0,0.0,0.0,0.0,0.0,40,0.05222271570202816,33,17,16,0,0,0,0,0,0,0,0,1,0
1e8g,A,266,GLY,-0.4,60.1,0.0,0,0,X,0.0,0.0,0.0,0.0,0.0,0.0,0.0,0.0,40,0.05129016720734909,31,17,14,0,0,0,0,0,0,0,0,1,0
1e8g,A,267,ILE,4.5,166.7,0.0,0,0,X,0.0,0.0,0.0,0.0,0.0,0.0,0.0,0.0,40,0.05129016720734909,37,11,26,0,0,0,0,0,0,0,0,1,0
1e8g,A,268,TRP,-0.9,227.8,0.0,1,0,X,0.0,0.0,0.0,0.0,0.0,0.0,0.0,0.0,33,0.04755997322863279,33,4,29,0,0,0,0,0,0,0,0,1,0
1e8g,A,269,LEU,3.8,166.7,0.0,0,0,X,0.0,0.0,0.0,0.0,0.0,0.0,0.0,0.0,32,0.04942507021799094,15,11,4,0,0,0,0,0,0,0,0,1,0
1e8g,A,270,MET,1.9,162.9,0.0,0,0,X,0.0,0.0,0.0,0.0,0.0,0.0,0.0,0.0,36,0.045694876239274644,11,10,1,0,0,0,0,0,0,0,0,1,0
1e8g,A,271,PRO,-1.6,112.7,0.0,0,0,X,0.0,0.0,0.0,0.0,0.0,0.0,0.0,0.0,33,0.04196468226055834,23,8,15,0,0,0,0,0,0,0,0,1,0
1e8g,A,272,ASN,-3.5,114.1,0.0,2,2,X,0.0,0.0,0.0,0.0,0.0,0.0,0.0,0.0,20,0.03450429430312575,16,8,8,0,0,0,0,0,0,0,0,1,0
1e8g,A,273,PRO,-1.6,112.7,0.0,0,0,X,0.0,0.0,0.0,0.0,0.0,0.0,0.0,0.0,28,0.034970568550465285,11,4,7,0,0,0,0,0,0,0,0,1,0
1e8g,A,274,GLY,-0.4,60.1,0.0,0,0,X,0.0,0.0,0.0,0.0,0.0,0.0,0.0,0.0,19,0.02471253510899547,10,8,2,0,0,0,0,0,0,0,0,1,0
1e8g,A,275,GLY,-0.4,60.1,0.0,0,0,X,0.0,0.0,0.0,0.0,0.0,0.0,0.0,0.0,22,0.032172923066428064,11,6,5,0,0,0,0,0,0,0,0,1,0
1e8g,A,276,TYR,-1.3,193.6,0.0,1,1,X,0.0,0.0,0.0,0.0,0.0,0.0,0.0,0.0,33,0.043829779249916496,15,9,6,0,0,0,0,0,0,0,0,1,0
1e8g,A,277,GLN,-3.5,143.8,0.0,2,2,X,0.0,0.0,0.0,0.0,0.0,0.0,0.0,0.0,27,0.04196468226055834,14,19,-5,0,0,0,0,0,0,0,0,1,0
1e8g,A,278,SER,-0.8,89.0,0.0,1,1,X,0.0,0.0,0.0,0.0,0.0,0.0,0.0,0.0,32,0.05455408693872585,25,17,8,0,0,0,0,0,0,0,0,1,0
1e8g,A,279,TYR,-1.3,193.6,0.0,1,1,X,0.0,0.0,0.0,0.0,0.0,0.0,0.0,0.0,35,0.0526889899493677,13,5,8,0,0,0,0,0,0,0,0,1,0
1e8g,A,280,LEU,3.8,166.7,0.0,0,0,X,0.0,0.0,0.0,0.0,0.0,0.0,0.0,0.0,39,0.05408781269138631,20,12,8,0,0,0,0,0,0,0,0,1,0
1e8g,A,281,ILE,4.5,166.7,0.0,0,0,X,0.0,0.0,0.0,0.0,0.0,0.0,0.0,0.0,37,0.05408781269138631,17,0,17,0,0,0,0,0,0,0,0,1,0
1e8g,A,282,THR,-0.7,116.1,0.0,1,1,X,0.0,0.0,0.0,0.0,0.0,0.0,0.0,0.0,32,0.050823892960009553,22,4,18,0,0,0,0,0,0,0,0,1,0
1e8g,A,283,LEU,3.8,166.7,0.0,0,0,X,0.0,0.0,0.0,0.0,0.0,0.0,0.0,0.0,37,0.050823892960009553,32,14,18,0,0,0,0,0,0,0,0,1,0
1e8g,A,284,PRO,-1.6,112.7,0.0,0,0,X,0.0,0.0,0.0,0.0,0.0,0.0,0.0,0.0,26,0.03823448828184205,31,23,8,0,0,0,0,0,0,0,0,1,0
1e8g,A,285,LYS,-3.9,168.6,1.0,2,0,X,0.0,0.0,0.0,0.0,0.0,0.0,0.0,0.0,21,0.03357174580844668,12,28,-16,0,0,0,0,0,0,0,0,1,0
1e8g,A,286,ASP,-3.5,111.1,-1.0,1,3,X,0.0,0.0,0.0,0.0,0.0,0.0,0.0,0.0,27,0.03916703677652112,39,23,16,0,0,0,0,0,0,0,0,1,0
1e8g,A,287,GLY,-0.4,60.1,0.0,0,0,X,0.0,0.0,0.0,0.0,0.0,0.0,0.0,0.0,21,0.02844272908771177,30,20,10,0,0,0,0,0,0,0,0,1,0
1e8g,A,288,ASP,-3.5,111.1,-1.0,1,3,X,0.0,0.0,0.0,0.0,0.0,0.0,0.0,0.0,28,0.04196468226055834,26,9,17,0,0,0,0,0,0,0,0,1,0
1e8g,A,289,LEU,3.8,166.7,0.0,0,0,X,0.0,0.0,0.0,0.0,0.0,0.0,0.0,0.0,39,0.048026247475972325,33,31,2,0,0,0,0,0,0,0,0,1,0
1e8g,A,290,LYS,-3.9,168.6,1.0,2,0,X,0.0,0.0,0.0,0.0,0.0,0.0,0.0,0.0,23,0.03963331102386066,1,32,-31,0,0,0,0,0,0,0,0,1,0
1e8g,A,291,GLN,-3.5,143.8,0.0,2,2,X,0.0,0.0,0.0,0.0,0.0,0.0,0.0,0.0,24,0.03590311704514436,11,18,-7,0,0,0,0,0,0,0,0,1,0
1e8g,A,292,ALA,1.8,88.6,0.0,0,0,X,0.0,0.0,0.0,0.0,0.0,0.0,0.0,0.0,39,0.045694876239274644,15,18,-3,0,0,0,0,0,0,0,0,1,0
1e8g,A,293,VAL,4.2,140.0,0.0,0,0,X,0.0,0.0,0.0,0.0,0.0,0.0,0.0,0.0,35,0.048958795970651406,26,26,0,0,0,0,0,0,0,0,0,1,0
1e8g,A,294,ASP,-3.5,111.1,-1.0,1,3,X,0.0,0.0,0.0,0.0,0.0,0.0,0.0,0.0,26,0.03963331102386066,22,20,2,0,0,0,0,0,0,0,0,1,0
1e8g,A,295,ILE,4.5,166.7,0.0,0,0,X,0.0,0.0,0.0,0.0,0.0,0.0,0.0,0.0,29,0.04103213376587927,24,14,10,0,0,0,0,0,0,0,0,1,0
1e8g,A,296,ILE,4.5,166.7,0.0,0,0,X,0.0,0.0,0.0,0.0,0.0,0.0,0.0,0.0,40,0.04476232774459557,27,11,16,0,0,0,0,0,0,0,0,1,0
1e8g,A,297,ARG,-4.5,173.4,1.0,5,0,X,0.0,0.0,0.0,0.0,0.0,0.0,0.0,0.0,30,0.043363505002576956,25,19,6,0,0,0,0,0,0,0,0,1,0
1e8g,A,298,PRO,-1.6,112.7,0.0,0,0,X,0.0,0.0,0.0,0.0,0.0,0.0,0.0,0.0,27,0.03170664881908853,19,12,7,0,0,0,0,0,0,0,0,1,0
1e8g,A,299,LEU,3.8,166.7,0.0,0,0,X,0.0,0.0,0.0,0.0,0.0,0.0,0.0,0.0,32,0.03823448828184205,22,5,17,0,0,0,0,0,0,0,0,1,0
1e8g,A,300,ARG,-4.5,173.4,1.0,5,0,X,0.0,0.0,0.0,0.0,0.0,0.0,0.0,0.0,32,0.048492521723311866,19,8,11,0,0,0,0,0,0,0,0,1,0
1e8g,A,301,LEU,3.8,166.7,0.0,0,0,X,0.0,0.0,0.0,0.0,0.0,0.0,0.0,0.0,31,0.04289723075523742,34,6,28,0,0,0,0,0,0,0,0,1,0
1e8g,A,302,GLY,-0.4,60.1,0.0,0,0,X,0.0,0.0,0.0,0.0,0.0,0.0,0.0,0.0,29,0.032639197313767604,18,0,18,0,0,0,0,0,0,0,0,1,0
1e8g,A,303,MET,1.9,162.9,0.0,0,0,X,0.0,0.0,0.0,0.0,0.0,0.0,0.0,0.0,26,0.028909003335051305,14,0,14,0,0,0,0,0,0,0,0,1,0
1e8g,A,304,ALA,1.8,88.6,0.0,0,0,X,0.0,0.0,0.0,0.0,0.0,0.0,0.0,0.0,33,0.03823448828184205,23,4,19,0,0,0,0,0,0,0,0,1,0
1e8g,A,305,LEU,3.8,166.7,0.0,0,0,X,0.0,0.0,0.0,0.0,0.0,0.0,0.0,0.0,34,0.048492521723311866,15,0,15,0,0,0,0,0,0,0,0,1,0
1e8g,A,306,GLN,-3.5,143.8,0.0,2,2,X,0.0,0.0,0.0,0.0,0.0,0.0,0.0,0.0,33,0.043363505002576956,16,0,16,0,0,0,0,0,0,0,0,1,0
1e8g,A,307,ASN,-3.5,114.1,0.0,2,2,X,0.0,0.0,0.0,0.0,0.0,0.0,0.0,0.0,38,0.04662742473395372,12,5,7,0,0,0,0,0,0,0,0,1,0
1e8g,A,308,VAL,4.2,140.0,0.0,0,0,X,0.0,0.0,0.0,0.0,0.0,0.0,0.0,0.0,39,0.050823892960009553,26,15,11,0,0,0,0,0,0,0,0,1,0
1e8g,A,309,PRO,-1.6,112.7,0.0,0,0,X,0.0,0.0,0.0,0.0,0.0,0.0,0.0,0.0,39,0.05595290968074446,21,2,19,0,0,0,0,0,0,0,0,1,0
1e8g,A,310,THR,-0.7,116.1,0.0,1,1,X,0.0,0.0,0.0,0.0,0.0,0.0,0.0,0.0,41,0.050823892960009553,30,9,21,0,0,0,0,0,0,0,0,1,0
1e8g,A,311,ILE,4.5,166.7,0.0,0,0,X,0.0,0.0,0.0,0.0,0.0,0.0,0.0,0.0,39,0.05175644145468863,37,5,32,0,0,0,0,0,0,0,0,1,0
1e8g,A,312,ARG,-4.5,173.4,1.0,5,0,X,0.0,0.0,0.0,0.0,0.0,0.0,0.0,0.0,37,0.053621538444046775,22,18,4,0,0,0,0,0,0,0,0,1,0
1e8g,A,313,HIS,-3.2,153.2,0.1,2,1,X,0.0,0.0,0.0,0.0,0.0,0.0,0.0,0.0,37,0.053621538444046775,32,24,8,0,0,0,0,0,0,0,0,1,0
1e8g,A,314,ILE,4.5,166.7,0.0,0,0,X,0.0,0.0,0.0,0.0,0.0,0.0,0.0,0.0,40,0.053621538444046775,38,23,15,0,0,0,0,0,0,0,0,1,0
1e8g,A,315,LEU,3.8,166.7,0.0,0,0,X,0.0,0.0,0.0,0.0,0.0,0.0,0.0,0.0,37,0.048958795970651406,36,24,12,0,0,0,0,0,0,0,0,1,0
1e8g,A,316,LEU,3.8,166.7,0.0,0,0,X,0.0,0.0,0.0,0.0,0.0,0.0,0.0,0.0,39,0.05175644145468863,33,23,10,0,0,0,0,0,0,0,0,1,0
1e8g,A,317,ASP,-3.5,111.1,-1.0,1,3,X,0.0,0.0,0.0,0.0,0.0,0.0,0.0,0.0,41,0.048492521723311866,31,12,19,0,0,0,0,0,0,0,0,1,0
1e8g,A,318,ALA,1.8,88.6,0.0,0,0,X,0.0,0.0,0.0,0.0,0.0,0.0,0.0,0.0,33,0.04616115048661418,24,16,8,0,0,0,0,0,0,0,0,1,0
1e8g,A,319,ALA,1.8,88.6,0.0,0,0,X,0.0,0.0,0.0,0.0,0.0,0.0,0.0,0.0,35,0.053155264196707235,23,34,-11,0,0,0,0,0,0,0,0,1,0
1e8g,A,320,VAL,4.2,140.0,0.0,0,0,X,0.0,0.0,0.0,0.0,0.0,0.0,0.0,0.0,35,0.045228601991935104,18,38,-20,0,0,0,0,0,0,0,0,1,0
1e8g,A,321,LEU,3.8,166.7,0.0,0,0,X,0.0,0.0,0.0,0.0,0.0,0.0,0.0,0.0,30,0.03403802005578621,11,25,-14,0,0,0,0,0,0,0,0,1,0
1e8g,A,322,GLY,-0.4,60.1,0.0,0,0,X,0.0,0.0,0.0,0.0,0.0,0.0,0.0,0.0,28,0.03776821403450251,22,22,0,0,0,0,0,0,0,0,0,1,0
1e8g,A,323,ASP,-3.5,111.1,-1.0,1,3,X,0.0,0.0,0.0,0.0,0.0,0.0,0.0,0.0,23,0.04616115048661418,28,8,20,0,0,0,0,0,0,0,0,1,0
1e8g,A,324,LYS,-3.9,168.6,1.0,2,0,X,0.0,0.0,0.0,0.0,0.0,0.0,0.0,0.0,29,0.045228601991935104,19,28,-9,0,0,0,0,0,0,0,0,1,0
1e8g,A,325,ARG,-4.5,173.4,1.0,5,0,X,0.0,0.0,0.0,0.0,0.0,0.0,0.0,0.0,13,0.03310547156110714,14,10,4,0,0,0,0,0,0,0,0,1,0
1e8g,A,326,SER,-0.8,89.0,0.0,1,1,X,0.0,0.0,0.0,0.0,0.0,0.0,0.0,0.0,17,0.025645083603674543,20,9,11,0,0,0,0,0,0,0,0,1,0
1e8g,A,327,TYR,-1.3,193.6,0.0,1,1,X,0.0,0.0,0.0,0.0,0.0,0.0,0.0,0.0,24,0.03124037457174899,24,18,6,0,0,0,0,0,0,0,0,1,0
1e8g,A,328,SER,-0.8,89.0,0.0,1,1,X,0.0,0.0,0.0,0.0,0.0,0.0,0.0,0.0,22,0.03170664881908853,33,24,9,0,0,0,0,0,0,0,0,1,0
1e8g,A,329,SER,-0.8,89.0,0.0,1,1,X,0.0,0.0,0.0,0.0,0.0,0.0,0.0,0.0,13,0.02471253510899547,30,12,18,0,0,0,0,0,0,0,0,1,0
1e8g,A,330,ARG,-4.5,173.4,1.0,5,0,X,0.0,0.0,0.0,0.0,0.0,0.0,0.0,0.0,20,0.02611135785101408,12,24,-12,0,0,0,0,0,0,0,0,1,0
1e8g,A,331,THR,-0.7,116.1,0.0,1,1,X,0.0,0.0,0.0,0.0,0.0,0.0,0.0,0.0,19,0.024246260861655933,25,17,8,0,0,0,0,0,0,0,0,1,0
1e8g,A,332,GLU,-3.5,138.4,-1.0,1,3,X,0.0,0.0,0.0,0.0,0.0,0.0,0.0,0.0,19,0.030774100324409453,18,14,4,0,0,0,0,0,0,0,0,1,0
1e8g,A,333,PRO,-1.6,112.7,0.0,0,0,X,0.0,0.0,0.0,0.0,0.0,0.0,0.0,0.0,25,0.040099585271200194,19,28,-9,0,0,0,0,0,0,0,0,1,0
1e8g,A,334,LEU,3.8,166.7,0.0,0,0,X,0.0,0.0,0.0,0.0,0.0,0.0,0.0,0.0,30,0.04149840801321881,34,43,-9,0,0,0,0,0,0,0,0,1,0
1e8g,A,335,SER,-0.8,89.0,0.0,1,1,X,0.0,0.0,0.0,0.0,0.0,0.0,0.0,0.0,21,0.03403802005578621,25,42,-17,0,0,0,0,0,0,0,0,1,0
1e8g,A,336,ASP,-3.5,111.1,-1.0,1,3,X,0.0,0.0,0.0,0.0,0.0,0.0,0.0,0.0,23,0.032172923066428064,33,35,-2,0,0,0,0,0,0,0,0,1,0
1e8g,A,337,GLU,-3.5,138.4,-1.0,1,3,X,0.0,0.0,0.0,0.0,0.0,0.0,0.0,0.0,12,0.030774100324409453,19,25,-6,0,0,0,0,0,0,0,0,1,0
1e8g,A,338,GLU,-3.5,138.4,-1.0,1,3,X,0.0,0.0,0.0,0.0,0.0,0.0,0.0,0.0,24,0.03823448828184205,31,30,1,0,0,0,0,0,0,0,0,1,0
1e8g,A,339,LEU,3.8,166.7,0.0,0,0,X,0.0,0.0,0.0,0.0,0.0,0.0,0.0,0.0,35,0.048026247475972325,43,46,-3,0,0,0,0,0,0,0,0,1,0
1e8g,A,340,ASP,-3.5,111.1,-1.0,1,3,X,0.0,0.0,0.0,0.0,0.0,0.0,0.0,0.0,23,0.040565859518539735,40,31,9,0,0,0,0,0,0,0,0,1,0
1e8g,A,341,LYS,-3.9,168.6,1.0,2,0,X,0.0,0.0,0.0,0.0,0.0,0.0,0.0,0.0,18,0.032639197313767604,15,30,-15,0,0,0,0,0,0,0,0,1,0
1e8g,A,342,ILE,4.5,166.7,0.0,0,0,X,0.0,0.0,0.0,0.0,0.0,0.0,0.0,0.0,32,0.043829779249916496,33,30,3,0,0,0,0,0,0,0,0,1,0
1e8g,A,343,ALA,1.8,88.6,0.0,0,0,X,0.0,0.0,0.0,0.0,0.0,0.0,0.0,0.0,29,0.04662742473395372,31,20,11,0,0,0,0,0,0,0,0,1,0
1e8g,A,344,LYS,-3.9,168.6,1.0,2,0,X,0.0,0.0,0.0,0.0,0.0,0.0,0.0,0.0,18,0.03310547156110714,13,15,-2,0,0,0,0,0,0,0,0,1,0
1e8g,A,345,GLN,-3.5,143.8,0.0,2,2,X,0.0,0.0,0.0,0.0,0.0,0.0,0.0,0.0,16,0.028909003335051305,18,9,9,0,0,0,0,0,0,0,0,1,0
1e8g,A,346,LEU,3.8,166.7,0.0,0,0,X,0.0,0.0,0.0,0.0,0.0,0.0,0.0,0.0,30,0.030774100324409453,14,11,3,0,0,0,0,0,0,0,0,1,0
1e8g,A,347,ASN,-3.5,114.1,0.0,2,2,X,0.0,0.0,0.0,0.0,0.0,0.0,0.0,0.0,22,0.02984155182973038,20,3,17,0,0,0,0,0,0,0,0,1,0
1e8g,A,348,LEU,3.8,166.7,0.0,0,0,X,0.0,0.0,0.0,0.0,0.0,0.0,0.0,0.0,37,0.043363505002576956,35,12,23,0,0,0,0,0,0,0,0,1,0
1e8g,A,349,GLY,-0.4,60.1,0.0,0,0,X,0.0,0.0,0.0,0.0,0.0,0.0,0.0,0.0,35,0.043363505002576956,52,27,25,0,0,0,0,0,0,0,0,1,0
1e8g,A,350,ARG,-4.5,173.4,1.0,5,0,X,0.0,0.0,0.0,0.0,0.0,0.0,0.0,0.0,30,0.053621538444046775,31,39,-8,0,0,0,0,0,0,0,0,1,0
1e8g,A,351,TRP,-0.9,227.8,0.0,1,0,X,0.0,0.0,0.0,0.0,0.0,0.0,0.0,0.0,41,0.05688545817542354,43,20,23,0,0,0,0,0,0,0,0,1,0
1e8g,A,352,ASN,-3.5,114.1,0.0,2,2,X,0.0,0.0,0.0,0.0,0.0,0.0,0.0,0.0,39,0.05408781269138631,37,9,28,0,0,0,0,0,0,0,0,1,0
1e8g,A,353,PHE,2.8,189.9,0.0,0,0,X,0.0,0.0,0.0,0.0,0.0,0.0,0.0,0.0,43,0.05222271570202816,14,1,13,0,0,0,0,0,0,0,0,1,0
1e8g,A,354,TYR,-1.3,193.6,0.0,1,1,X,0.0,0.0,0.0,0.0,0.0,0.0,0.0,0.0,40,0.053155264196707235,30,15,15,0,0,0,0,0,0,0,0,1,0
1e8g,A,355,GLY,-0.4,60.1,0.0,0,0,X,0.0,0.0,0.0,0.0,0.0,0.0,0.0,0.0,38,0.05222271570202816,13,7,6,0,0,0,0,0,0,0,0,1,0
1e8g,A,356,ALA,1.8,88.6,0.0,0,0,X,0.0,0.0,0.0,0.0,0.0,0.0,0.0,0.0,39,0.05175644145468863,13,7,6,0,0,0,0,0,0,0,0,1,0
1e8g,A,357,LEU,3.8,166.7,0.0,0,0,X,0.0,0.0,0.0,0.0,0.0,0.0,0.0,0.0,33,0.0526889899493677,16,8,8,0,0,0,0,0,0,0,0,1,0
1e8g,A,358,TYR,-1.3,193.6,0.0,1,1,X,0.0,0.0,0.0,0.0,0.0,0.0,0.0,0.0,36,0.04429605349725603,11,2,9,0,0,0,0,0,0,0,0,1,0
1e8g,A,359,GLY,-0.4,60.1,0.0,0,0,X,0.0,0.0,0.0,0.0,0.0,0.0,0.0,0.0,24,0.03683566553982344,14,9,5,0,0,0,0,0,0,0,0,1,0
1e8g,A,360,PRO,-1.6,112.7,0.0,0,0,X,0.0,0.0,0.0,0.0,0.0,0.0,0.0,0.0,20,0.030774100324409453,15,9,6,0,0,0,0,0,0,0,0,1,0
1e8g,A,361,GLU,-3.5,138.4,-1.0,1,3,X,0.0,0.0,0.0,0.0,0.0,0.0,0.0,0.0,16,0.028909003335051305,22,3,19,0,0,0,0,0,0,0,0,1,0
1e8g,A,362,PRO,-1.6,112.7,0.0,0,0,X,0.0,0.0,0.0,0.0,0.0,0.0,0.0,0.0,14,0.032639197313767604,29,13,16,0,0,0,0,0,0,0,0,1,0
1e8g,A,363,ILE,4.5,166.7,0.0,0,0,X,0.0,0.0,0.0,0.0,0.0,0.0,0.0,0.0,20,0.04103213376587927,27,13,14,0,0,0,0,0,0,0,0,1,0
1e8g,A,364,ARG,-4.5,173.4,1.0,5,0,X,0.0,0.0,0.0,0.0,0.0,0.0,0.0,0.0,24,0.04755997322863279,8,11,-3,0,0,0,0,0,0,0,0,1,0
1e8g,A,365,ARG,-4.5,173.4,1.0,5,0,X,0.0,0.0,0.0,0.0,0.0,0.0,0.0,0.0,12,0.03963331102386066,13,18,-5,0,0,0,0,0,0,0,0,1,0
1e8g,A,366,VAL,4.2,140.0,0.0,0,0,X,0.0,0.0,0.0,0.0,0.0,0.0,0.0,0.0,16,0.03776821403450251,21,23,-2,0,0,0,0,0,0,0,0,1,0
1e8g,A,367,LEU,3.8,166.7,0.0,0,0,X,0.0,0.0,0.0,0.0,0.0,0.0,0.0,0.0,24,0.04149840801321881,20,14,6,0,0,0,0,0,0,0,0,1,0
1e8g,A,368,TRP,-0.9,227.8,0.0,1,0,X,0.0,0.0,0.0,0.0,0.0,0.0,0.0,0.0,30,0.04429605349725603,24,15,9,0,0,0,0,0,0,0,0,1,0
1e8g,A,369,GLU,-3.5,138.4,-1.0,1,3,X,0.0,0.0,0.0,0.0,0.0,0.0,0.0,0.0,16,0.035436842797804825,25,10,15,0,0,0,0,0,0,0,0,1,0
1e8g,A,370,THR,-0.7,116.1,0.0,1,1,X,0.0,0.0,0.0,0.0,0.0,0.0,0.0,0.0,25,0.03403802005578621,16,17,-1,0,0,0,0,0,0,0,0,1,0
1e8g,A,371,ILE,4.5,166.7,0.0,0,0,X,0.0,0.0,0.0,0.0,0.0,0.0,0.0,0.0,31,0.04709369898129325,17,16,1,0,0,0,0,0,0,0,0,1,0
1e8g,A,372,LYS,-3.9,168.6,1.0,2,0,X,0.0,0.0,0.0,0.0,0.0,0.0,0.0,0.0,23,0.04149840801321881,8,17,-9,0,0,0,0,0,0,0,0,1,0
1e8g,A,373,ASP,-3.5,111.1,-1.0,1,3,X,0.0,0.0,0.0,0.0,0.0,0.0,0.0,0.0,17,0.028909003335051305,9,9,0,0,0,0,0,0,0,0,0,1,0
1e8g,A,374,ALA,1.8,88.6,0.0,0,0,X,0.0,0.0,0.0,0.0,0.0,0.0,0.0,0.0,24,0.032639197313767604,7,15,-8,0,0,0,0,0,0,0,0,1,0
1e8g,A,375,PHE,2.8,189.9,0.0,0,0,X,0.0,0.0,0.0,0.0,0.0,0.0,0.0,0.0,34,0.04429605349725603,13,16,-3,0,0,0,0,0,0,0,0,1,0
1e8g,A,376,SER,-0.8,89.0,0.0,1,1,X,0.0,0.0,0.0,0.0,0.0,0.0,0.0,0.0,21,0.03357174580844668,12,10,2,0,0,0,0,0,0,0,0,1,0
1e8g,A,377,ALA,1.8,88.6,0.0,0,0,X,0.0,0.0,0.0,0.0,0.0,0.0,0.0,0.0,18,0.026577632098353617,3,13,-10,0,0,0,0,0,0,0,0,1,0
1e8g,A,378,ILE,4.5,166.7,0.0,0,0,X,0.0,0.0,0.0,0.0,0.0,0.0,0.0,0.0,25,0.03450429430312575,17,10,7,0,0,0,0,0,0,0,0,1,0
1e8g,A,379,PRO,-1.6,112.7,0.0,0,0,X,0.0,0.0,0.0,0.0,0.0,0.0,0.0,0.0,16,0.02471253510899547,12,8,4,0,0,0,0,0,0,0,0,1,0
1e8g,A,380,GLY,-0.4,60.1,0.0,0,0,X,0.0,0.0,0.0,0.0,0.0,0.0,0.0,0.0,19,0.02331371236697686,19,5,14,0,0,0,0,0,0,0,0,1,0
1e8g,A,381,VAL,4.2,140.0,0.0,0,0,X,0.0,0.0,0.0,0.0,0.0,0.0,0.0,0.0,28,0.04103213376587927,17,7,10,0,0,0,0,0,0,0,0,1,0
1e8g,A,382,LYS,-3.9,168.6,1.0,2,0,X,0.0,0.0,0.0,0.0,0.0,0.0,0.0,0.0,20,0.032172923066428064,0,3,-3,0,0,0,0,0,0,0,0,1,0
1e8g,A,383,PHE,2.8,189.9,0.0,0,0,X,0.0,0.0,0.0,0.0,0.0,0.0,0.0,0.0,23,0.04196468226055834,17,7,10,0,0,0,0,0,0,0,0,1,0
1e8g,A,384,TYR,-1.3,193.6,0.0,1,1,X,0.0,0.0,0.0,0.0,0.0,0.0,0.0,0.0,28,0.043829779249916496,11,14,-3,0,0,0,0,0,0,0,0,1,0
1e8g,A,385,PHE,2.8,189.9,0.0,0,0,X,0.0,0.0,0.0,0.0,0.0,0.0,0.0,0.0,22,0.04289723075523742,9,21,-12,0,0,0,0,0,0,0,0,1,0
1e8g,A,386,PRO,-1.6,112.7,0.0,0,0,X,0.0,0.0,0.0,0.0,0.0,0.0,0.0,0.0,25,0.04476232774459557,19,29,-10,0,0,0,0,0,0,0,0,1,0
1e8g,A,387,GLU,-3.5,138.4,-1.0,1,3,X,0.0,0.0,0.0,0.0,0.0,0.0,0.0,0.0,15,0.026577632098353617,11,14,-3,0,0,0,0,0,0,0,0,1,0
1e8g,A,388,ASP,-3.5,111.1,-1.0,1,3,X,0.0,0.0,0.0,0.0,0.0,0.0,0.0,0.0,17,0.029375277582390842,9,10,-1,0,0,0,0,0,0,0,0,1,0
1e8g,A,389,THR,-0.7,116.1,0.0,1,1,X,0.0,0.0,0.0,0.0,0.0,0.0,0.0,0.0,22,0.03776821403450251,11,24,-13,0,0,0,0,0,0,0,0,1,0
1e8g,A,390,PRO,-1.6,112.7,0.0,0,0,X,0.0,0.0,0.0,0.0,0.0,0.0,0.0,0.0,19,0.025178809356335007,10,21,-11,0,0,0,0,0,0,0,0,1,0
1e8g,A,391,GLU,-3.5,138.4,-1.0,1,3,X,0.0,0.0,0.0,0.0,0.0,0.0,0.0,0.0,12,0.021914889624958248,13,4,9,0,0,0,0,0,0,0,0,1,0
1e8g,A,392,ASN,-3.5,114.1,0.0,2,2,X,0.0,0.0,0.0,0.0,0.0,0.0,0.0,0.0,18,0.027043906345693154,11,16,-5,0,0,0,0,0,0,0,0,1,0
1e8g,A,393,SER,-0.8,89.0,0.0,1,1,X,0.0,0.0,0.0,0.0,0.0,0.0,0.0,0.0,27,0.03730193978716297,22,34,-12,0,0,0,0,0,0,0,0,1,0
1e8g,A,394,VAL,4.2,140.0,0.0,0,0,X,0.0,0.0,0.0,0.0,0.0,0.0,0.0,0.0,36,0.045694876239274644,31,37,-6,0,0,0,0,0,0,0,0,1,0
1e8g,A,395,LEU,3.8,166.7,0.0,0,0,X,0.0,0.0,0.0,0.0,0.0,0.0,0.0,0.0,36,0.04942507021799094,34,33,1,0,0,0,0,0,0,0,0,1,0
1e8g,A,396,ARG,-4.5,173.4,1.0,5,0,X,0.0,0.0,0.0,0.0,0.0,0.0,0.0,0.0,22,0.04289723075523742,13,35,-22,0,0,0,0,0,0,0,0,1,0
1e8g,A,397,VAL,4.2,140.0,0.0,0,0,X,0.0,0.0,0.0,0.0,0.0,0.0,0.0,0.0,32,0.04289723075523742,35,36,-1,0,0,0,0,0,0,0,0,1,0
1e8g,A,398,ARG,-4.5,173.4,1.0,5,0,X,0.0,0.0,0.0,0.0,0.0,0.0,0.0,0.0,44,0.048958795970651406,23,33,-10,0,0,0,0,0,0,0,0,1,0
1e8g,A,399,ASP,-3.5,111.1,-1.0,1,3,X,0.0,0.0,0.0,0.0,0.0,0.0,0.0,0.0,31,0.048492521723311866,30,6,24,0,0,0,0,0,0,0,0,1,0
1e8g,A,400,LYS,-3.9,168.6,1.0,2,0,X,0.0,0.0,0.0,0.0,0.0,0.0,0.0,0.0,25,0.04243095650789788,24,16,8,0,0,0,0,0,0,0,0,1,0
1e8g,A,401,THR,-0.7,116.1,0.0,1,1,X,0.0,0.0,0.0,0.0,0.0,0.0,0.0,0.0,39,0.05502036118606539,26,34,-8,0,0,0,0,0,0,0,0,1,0
1e8g,A,402,MET,1.9,162.9,0.0,0,0,X,0.0,0.0,0.0,0.0,0.0,0.0,0.0,0.0,42,0.05781800667010261,22,20,2,0,0,0,0,0,0,0,0,1,0
1e8g,A,403,GLN,-3.5,143.8,0.0,2,2,X,0.0,0.0,0.0,0.0,0.0,0.0,0.0,0.0,33,0.04942507021799094,29,14,15,0,0,0,0,0,0,0,0,1,0
1e8g,A,404,GLY,-0.4,60.1,0.0,0,0,X,0.0,0.0,0.0,0.0,0.0,0.0,0.0,0.0,36,0.048958795970651406,32,19,13,0,0,0,0,0,0,0,0,1,0
1e8g,A,405,ILE,4.5,166.7,0.0,0,0,X,0.0,0.0,0.0,0.0,0.0,0.0,0.0,0.0,32,0.040565859518539735,43,19,24,0,0,0,0,0,0,0,0,1,0
1e8g,A,406,PRO,-1.6,112.7,0.0,0,0,X,0.0,0.0,0.0,0.0,0.0,0.0,0.0,0.0,30,0.048492521723311866,30,21,9,0,0,0,0,0,0,0,0,1,0
1e8g,A,407,THR,-0.7,116.1,0.0,1,1,X,0.0,0.0,0.0,0.0,0.0,0.0,0.0,0.0,27,0.040565859518539735,33,28,5,0,0,0,0,0,0,0,0,1,0
1e8g,A,408,TYR,-1.3,193.6,0.0,1,1,X,0.0,0.0,0.0,0.0,0.0,0.0,0.0,0.0,22,0.034970568550465285,17,20,-3,0,0,0,0,0,0,0,0,1,0
1e8g,A,409,ASP,-3.5,111.1,-1.0,1,3,X,0.0,0.0,0.0,0.0,0.0,0.0,0.0,0.0,27,0.02984155182973038,28,18,10,0,0,0,0,0,0,0,0,1,0
1e8g,A,410,GLU,-3.5,138.4,-1.0,1,3,X,0.0,0.0,0.0,0.0,0.0,0.0,0.0,0.0,32,0.043363505002576956,24,24,0,0,0,0,0,0,0,0,0,1,0
1e8g,A,411,LEU,3.8,166.7,0.0,0,0,X,0.0,0.0,0.0,0.0,0.0,0.0,0.0,0.0,24,0.04243095650789788,17,31,-14,0,0,0,0,0,0,0,0,1,0
1e8g,A,412,LYS,-3.9,168.6,1.0,2,0,X,0.0,0.0,0.0,0.0,0.0,0.0,0.0,0.0,21,0.03870076252918159,1,34,-33,0,0,0,0,0,0,0,0,1,0
1e8g,A,413,TRP,-0.9,227.8,0.0,1,0,X,0.0,0.0,0.0,0.0,0.0,0.0,0.0,0.0,38,0.05222271570202816,24,29,-5,0,0,0,0,0,0,0,0,1,1
1e8g,A,414,ILE,4.5,166.7,0.0,0,0,X,0.0,0.0,0.0,0.0,0.0,0.0,0.0,0.0,33,0.04429605349725603,21,17,4,0,0,0,0,0,0,0,0,1,1
1e8g,A,415,ASP,-3.5,111.1,-1.0,1,3,X,0.0,0.0,0.0,0.0,0.0,0.0,0.0,0.0,26,0.04149840801321881,21,11,10,0,0,0,0,0,0,0,0,1,0
1e8g,A,416,TRP,-0.9,227.8,0.0,1,0,X,0.0,0.0,0.0,0.0,0.0,0.0,0.0,0.0,41,0.048026247475972325,22,28,-6,0,0,0,0,0,0,0,0,1,0
1e8g,A,417,LEU,3.8,166.7,0.0,0,0,X,0.0,0.0,0.0,0.0,0.0,0.0,0.0,0.0,32,0.04429605349725603,30,26,4,0,0,0,0,0,0,0,0,1,0
1e8g,A,418,PRO,-1.6,112.7,0.0,0,0,X,0.0,0.0,0.0,0.0,0.0,0.0,0.0,0.0,18,0.02844272908771177,30,21,9,0,0,0,0,0,0,0,0,1,0
1e8g,A,419,ASN,-3.5,114.1,0.0,2,2,X,0.0,0.0,0.0,0.0,0.0,0.0,0.0,0.0,20,0.034970568550465285,27,17,10,0,0,0,0,0,0,0,0,1,0
1e8g,A,420,GLY,-0.4,60.1,0.0,0,0,X,0.0,0.0,0.0,0.0,0.0,0.0,0.0,0.0,26,0.048026247475972325,39,14,25,0,0,0,0,0,0,0,0,1,0
1e8g,A,421,ALA,1.8,88.6,0.0,0,0,X,0.0,0.0,0.0,0.0,0.0,0.0,0.0,0.0,34,0.045228601991935104,41,17,24,0,0,0,0,0,0,0,0,1,0
1e8g,A,422,HIS,-3.2,153.2,0.1,2,1,X,0.0,0.0,0.0,0.0,0.0,0.0,0.0,0.0,37,0.04989134446533048,19,8,11,0,0,0,0,0,0,0,0,1,1
1e8g,A,423,LEU,3.8,166.7,0.0,0,0,X,0.0,0.0,0.0,0.0,0.0,0.0,0.0,0.0,40,0.05129016720734909,28,3,25,0,0,0,0,0,0,0,0,1,0
1e8g,A,424,PHE,2.8,189.9,0.0,0,0,X,0.0,0.0,0.0,0.0,0.0,0.0,0.0,0.0,33,0.04942507021799094,32,1,31,0,0,0,0,0,0,0,0,1,1
1e8g,A,425,PHE,2.8,189.9,0.0,0,0,X,0.0,0.0,0.0,0.0,0.0,0.0,0.0,0.0,43,0.048492521723311866,24,13,11,0,0,0,0,0,0,0,0,1,0
1e8g,A,426,SER,-0.8,89.0,0.0,1,1,X,0.0,0.0,0.0,0.0,0.0,0.0,0.0,0.0,41,0.053155264196707235,33,10,23,0,0,0,0,0,0,0,0,1,0
1e8g,A,427,PRO,-1.6,112.7,0.0,0,0,X,0.0,0.0,0.0,0.0,0.0,0.0,0.0,0.0,42,0.04989134446533048,26,15,11,0,0,0,0,0,0,0,0,1,0
1e8g,A,428,ILE,4.5,166.7,0.0,0,0,X,0.0,0.0,0.0,0.0,0.0,0.0,0.0,0.0,38,0.053621538444046775,40,23,17,0,0,0,0,0,0,0,0,1,0
1e8g,A,429,ALA,1.8,88.6,0.0,0,0,X,0.0,0.0,0.0,0.0,0.0,0.0,0.0,0.0,41,0.053621538444046775,43,24,19,0,0,0,0,0,0,0,0,1,0
1e8g,A,430,LYS,-3.9,168.6,1.0,2,0,X,0.0,0.0,0.0,0.0,0.0,0.0,0.0,0.0,34,0.04476232774459557,23,37,-14,0,0,0,0,0,0,0,0,1,0
1e8g,A,431,VAL,4.2,140.0,0.0,0,0,X,0.0,0.0,0.0,0.0,0.0,0.0,0.0,0.0,40,0.05035761871267001,41,38,3,0,0,0,0,0,0,0,0,1,0
1e8g,A,432,SER,-0.8,89.0,0.0,1,1,X,0.0,0.0,0.0,0.0,0.0,0.0,0.0,0.0,31,0.04196468226055834,36,37,-1,0,0,0,0,0,0,0,0,1,0
1e8g,A,433,GLY,-0.4,60.1,0.0,0,0,X,0.0,0.0,0.0,0.0,0.0,0.0,0.0,0.0,28,0.043363505002576956,24,33,-9,0,0,0,0,0,0,0,0,1,0
1e8g,A,434,GLU,-3.5,138.4,-1.0,1,3,X,0.0,0.0,0.0,0.0,0.0,0.0,0.0,0.0,18,0.03357174580844668,21,18,3,0,0,0,0,0,0,0,0,1,0
1e8g,A,435,ASP,-3.5,111.1,-1.0,1,3,X,0.0,0.0,0.0,0.0,0.0,0.0,0.0,0.0,31,0.04289723075523742,31,17,14,0,0,0,0,0,0,0,0,1,0
1e8g,A,436,ALA,1.8,88.6,0.0,0,0,X,0.0,0.0,0.0,0.0,0.0,0.0,0.0,0.0,35,0.053155264196707235,31,25,6,0,0,0,0,0,0,0,0,1,0
1e8g,A,437,MET,1.9,162.9,0.0,0,0,X,0.0,0.0,0.0,0.0,0.0,0.0,0.0,0.0,29,0.04103213376587927,19,32,-13,0,0,0,0,0,0,0,0,1,0
1e8g,A,438,MET,1.9,162.9,0.0,0,0,X,0.0,0.0,0.0,0.0,0.0,0.0,0.0,0.0,24,0.03683566553982344,11,19,-8,0,0,0,0,0,0,0,0,1,0
1e8g,A,439,GLN,-3.5,143.8,0.0,2,2,X,0.0,0.0,0.0,0.0,0.0,0.0,0.0,0.0,40,0.04662742473395372,29,19,10,0,0,0,0,0,0,0,0,1,0
1e8g,A,440,TYR,-1.3,193.6,0.0,1,1,X,0.0,0.0,0.0,0.0,0.0,0.0,0.0,0.0,33,0.04709369898129325,35,13,22,0,0,0,0,0,0,0,0,1,0
1e8g,A,441,ALA,1.8,88.6,0.0,0,0,X,0.0,0.0,0.0,0.0,0.0,0.0,0.0,0.0,28,0.03450429430312575,29,11,18,0,0,0,0,0,0,0,0,1,0
1e8g,A,442,VAL,4.2,140.0,0.0,0,0,X,0.0,0.0,0.0,0.0,0.0,0.0,0.0,0.0,29,0.040565859518539735,33,16,17,0,0,0,0,0,0,0,0,1,0
1e8g,A,443,THR,-0.7,116.1,0.0,1,1,X,0.0,0.0,0.0,0.0,0.0,0.0,0.0,0.0,37,0.048958795970651406,37,16,21,0,0,0,0,0,0,0,0,1,0
1e8g,A,444,LYS,-3.9,168.6,1.0,2,0,X,0.0,0.0,0.0,0.0,0.0,0.0,0.0,0.0,31,0.04196468226055834,27,23,4,0,0,0,0,0,0,0,0,1,0
1e8g,A,445,LYS,-3.9,168.6,1.0,2,0,X,0.0,0.0,0.0,0.0,0.0,0.0,0.0,0.0,19,0.03683566553982344,20,13,7,0,0,0,0,0,0,0,0,1,0
1e8g,A,446,ARG,-4.5,173.4,1.0,5,0,X,0.0,0.0,0.0,0.0,0.0,0.0,0.0,0.0,25,0.04616115048661418,20,20,0,0,0,0,0,0,0,0,0,1,0
1e8g,A,447,CYS,2.5,108.5,0.0,1,0,X,0.0,0.0,0.0,0.0,0.0,0.0,0.0,0.0,31,0.04755997322863279,31,20,11,0,0,0,0,0,0,0,0,1,0
1e8g,A,448,GLN,-3.5,143.8,0.0,2,2,X,0.0,0.0,0.0,0.0,0.0,0.0,0.0,0.0,26,0.03730193978716297,28,28,0,0,0,0,0,0,0,0,0,1,0
1e8g,A,449,GLU,-3.5,138.4,-1.0,1,3,X,0.0,0.0,0.0,0.0,0.0,0.0,0.0,0.0,19,0.032172923066428064,34,5,29,0,0,0,0,0,0,0,0,1,0
1e8g,A,450,ALA,1.8,88.6,0.0,0,0,X,0.0,0.0,0.0,0.0,0.0,0.0,0.0,0.0,29,0.03916703677652112,33,21,12,0,0,0,0,0,0,0,0,1,0
1e8g,A,451,GLY,-0.4,60.1,0.0,0,0,X,0.0,0.0,0.0,0.0,0.0,0.0,0.0,0.0,28,0.032639197313767604,25,25,0,0,0,0,0,0,0,0,0,1,0
1e8g,A,452,LEU,3.8,166.7,0.0,0,0,X,0.0,0.0,0.0,0.0,0.0,0.0,0.0,0.0,33,0.04476232774459557,25,23,2,0,0,0,0,0,0,0,0,1,0
1e8g,A,453,ASP,-3.5,111.1,-1.0,1,3,X,0.0,0.0,0.0,0.0,0.0,0.0,0.0,0.0,37,0.045228601991935104,30,12,18,0,0,0,0,0,0,0,0,1,0
1e8g,A,454,PHE,2.8,189.9,0.0,0,0,X,0.0,0.0,0.0,0.0,0.0,0.0,0.0,0.0,39,0.045228601991935104,40,12,28,0,0,0,0,0,0,0,0,1,0
1e8g,A,455,ILE,4.5,166.7,0.0,0,0,X,0.0,0.0,0.0,0.0,0.0,0.0,0.0,0.0,38,0.04616115048661418,25,11,14,0,0,0,0,0,0,0,0,1,0
1e8g,A,456,GLY,-0.4,60.1,0.0,0,0,X,0.0,0.0,0.0,0.0,0.0,0.0,0.0,0.0,35,0.04942507021799094,35,12,23,0,0,0,0,0,0,0,0,1,0
1e8g,A,457,THR,-0.7,116.1,0.0,1,1,X,0.0,0.0,0.0,0.0,0.0,0.0,0.0,0.0,39,0.04989134446533048,43,11,32,0,0,0,0,0,0,0,0,1,0
1e8g,A,458,PHE,2.8,189.9,0.0,0,0,X,0.0,0.0,0.0,0.0,0.0,0.0,0.0,0.0,40,0.04616115048661418,35,6,29,0,0,0,0,0,0,0,0,1,0
1e8g,A,459,THR,-0.7,116.1,0.0,1,1,X,0.0,0.0,0.0,0.0,0.0,0.0,0.0,0.0,37,0.04989134446533048,34,12,22,0,0,0,0,0,0,0,0,1,0
1e8g,A,460,VAL,4.2,140.0,0.0,0,0,X,0.0,0.0,0.0,0.0,0.0,0.0,0.0,0.0,36,0.04989134446533048,37,9,28,0,0,0,0,0,0,0,0,1,0
1e8g,A,461,GLY,-0.4,60.1,0.0,0,0,X,0.0,0.0,0.0,0.0,0.0,0.0,0.0,0.0,38,0.04149840801321881,42,15,27,0,0,0,0,0,0,0,0,1,0
1e8g,A,462,MET,1.9,162.9,0.0,0,0,X,0.0,0.0,0.0,0.0,0.0,0.0,0.0,0.0,34,0.03590311704514436,31,13,18,0,0,0,0,0,0,0,0,1,0
1e8g,A,463,ARG,-4.5,173.4,1.0,5,0,X,0.0,0.0,0.0,0.0,0.0,0.0,0.0,0.0,38,0.05035761871267001,36,15,21,0,0,0,0,0,0,0,0,1,0
1e8g,A,464,GLU,-3.5,138.4,-1.0,1,3,X,0.0,0.0,0.0,0.0,0.0,0.0,0.0,0.0,36,0.045694876239274644,40,4,36,0,0,0,0,0,0,0,0,1,0
1e8g,A,465,MET,1.9,162.9,0.0,0,0,X,0.0,0.0,0.0,0.0,0.0,0.0,0.0,0.0,36,0.04942507021799094,42,17,25,0,0,0,0,0,0,0,0,1,0
1e8g,A,466,HIS,-3.2,153.2,0.1,2,1,X,0.0,0.0,0.0,0.0,0.0,0.0,0.0,0.0,42,0.05455408693872585,28,20,8,0,0,0,0,0,0,0,0,1,0
1e8g,A,467,HIS,-3.2,153.2,0.1,2,1,X,0.0,0.0,0.0,0.0,0.0,0.0,0.0,0.0,42,0.050823892960009553,16,10,6,0,0,0,0,0,0,0,0,1,0
1e8g,A,468,ILE,4.5,166.7,0.0,0,0,X,0.0,0.0,0.0,0.0,0.0,0.0,0.0,0.0,36,0.048958795970651406,31,4,27,0,0,0,0,0,0,0,0,1,1
1e8g,A,469,VAL,4.2,140.0,0.0,0,0,X,0.0,0.0,0.0,0.0,0.0,0.0,0.0,0.0,36,0.04616115048661418,23,5,18,0,0,0,0,0,0,0,0,1,0
1e8g,A,470,CYS,2.5,108.5,0.0,1,0,X,0.0,0.0,0.0,0.0,0.0,0.0,0.0,0.0,35,0.04616115048661418,24,6,18,0,0,0,0,0,0,0,0,1,0
1e8g,A,471,ILE,4.5,166.7,0.0,0,0,X,0.0,0.0,0.0,0.0,0.0,0.0,0.0,0.0,39,0.04709369898129325,15,5,10,0,0,0,0,0,0,0,0,1,0
1e8g,A,472,VAL,4.2,140.0,0.0,0,0,X,0.0,0.0,0.0,0.0,0.0,0.0,0.0,0.0,35,0.050823892960009553,20,13,7,0,0,0,0,0,0,0,0,1,0
1e8g,A,473,PHE,2.8,189.9,0.0,0,0,X,0.0,0.0,0.0,0.0,0.0,0.0,0.0,0.0,36,0.04755997322863279,51,13,38,0,0,0,0,0,0,0,0,1,0
1e8g,A,474,ASN,-3.5,114.1,0.0,2,2,X,0.0,0.0,0.0,0.0,0.0,0.0,0.0,0.0,23,0.04709369898129325,38,10,28,0,0,0,0,0,0,0,0,1,0
1e8g,A,475,LYS,-3.9,168.6,1.0,2,0,X,0.0,0.0,0.0,0.0,0.0,0.0,0.0,0.0,25,0.04476232774459557,35,24,11,0,0,0,0,0,0,0,0,1,0
1e8g,A,476,LYS,-3.9,168.6,1.0,2,0,X,0.0,0.0,0.0,0.0,0.0,0.0,0.0,0.0,16,0.03124037457174899,26,11,15,0,0,0,0,0,0,0,0,1,0
1e8g,A,477,ASP,-3.5,111.1,-1.0,1,3,X,0.0,0.0,0.0,0.0,0.0,0.0,0.0,0.0,20,0.03450429430312575,45,0,45,0,0,0,0,0,0,0,0,1,0
1e8g,A,478,LEU,3.8,166.7,0.0,0,0,X,0.0,0.0,0.0,0.0,0.0,0.0,0.0,0.0,16,0.02844272908771177,41,13,28,0,0,0,0,0,0,0,0,1,0
1e8g,A,479,ILE,4.5,166.7,0.0,0,0,X,0.0,0.0,0.0,0.0,0.0,0.0,0.0,0.0,11,0.028909003335051305,33,8,25,0,0,0,0,0,0,0,0,1,0
1e8g,A,480,GLN,-3.5,143.8,0.0,2,2,X,0.0,0.0,0.0,0.0,0.0,0.0,0.0,0.0,30,0.04103213376587927,40,11,29,0,0,0,0,0,0,0,0,1,0
1e8g,A,481,LYS,-3.9,168.6,1.0,2,0,X,0.0,0.0,0.0,0.0,0.0,0.0,0.0,0.0,27,0.04989134446533048,41,15,26,0,0,0,0,0,0,0,0,1,0
1e8g,A,482,ARG,-4.5,173.4,1.0,5,0,X,0.0,0.0,0.0,0.0,0.0,0.0,0.0,0.0,15,0.03450429430312575,19,12,7,0,0,0,0,0,0,0,0,1,0
1e8g,A,483,LYS,-3.9,168.6,1.0,2,0,X,0.0,0.0,0.0,0.0,0.0,0.0,0.0,0.0,23,0.04103213376587927,20,13,7,0,0,0,0,0,0,0,0,1,0
1e8g,A,484,VAL,4.2,140.0,0.0,0,0,X,0.0,0.0,0.0,0.0,0.0,0.0,0.0,0.0,36,0.04989134446533048,41,3,38,0,0,0,0,0,0,0,0,1,0
1e8g,A,485,GLN,-3.5,143.8,0.0,2,2,X,0.0,0.0,0.0,0.0,0.0,0.0,0.0,0.0,29,0.04289723075523742,41,4,37,0,0,0,0,0,0,0,0,1,0
1e8g,A,486,TRP,-0.9,227.8,0.0,1,0,X,0.0,0.0,0.0,0.0,0.0,0.0,0.0,0.0,26,0.03683566553982344,38,16,22,0,0,0,0,0,0,0,0,1,0
1e8g,A,487,LEU,3.8,166.7,0.0,0,0,X,0.0,0.0,0.0,0.0,0.0,0.0,0.0,0.0,36,0.04662742473395372,40,16,24,0,0,0,0,0,0,0,0,1,0
1e8g,A,488,MET,1.9,162.9,0.0,0,0,X,0.0,0.0,0.0,0.0,0.0,0.0,0.0,0.0,39,0.048492521723311866,29,15,14,0,0,0,0,0,0,0,0,1,0
1e8g,A,489,ARG,-4.5,173.4,1.0,5,0,X,0.0,0.0,0.0,0.0,0.0,0.0,0.0,0.0,28,0.04289723075523742,6,14,-8,0,0,0,0,0,0,0,0,1,0
1e8g,A,490,THR,-0.7,116.1,0.0,1,1,X,0.0,0.0,0.0,0.0,0.0,0.0,0.0,0.0,26,0.04149840801321881,26,22,4,0,0,0,0,0,0,0,0,1,0
1e8g,A,491,LEU,3.8,166.7,0.0,0,0,X,0.0,0.0,0.0,0.0,0.0,0.0,0.0,0.0,40,0.048026247475972325,31,23,8,0,0,0,0,0,0,0,0,1,0
1e8g,A,492,ILE,4.5,166.7,0.0,0,0,X,0.0,0.0,0.0,0.0,0.0,0.0,0.0,0.0,38,0.048958795970651406,13,33,-20,0,0,0,0,0,0,0,0,1,0
1e8g,A,493,ASP,-3.5,111.1,-1.0,1,3,X,0.0,0.0,0.0,0.0,0.0,0.0,0.0,0.0,23,0.035436842797804825,15,16,-1,0,0,0,0,0,0,0,0,1,0
1e8g,A,494,ASP,-3.5,111.1,-1.0,1,3,X,0.0,0.0,0.0,0.0,0.0,0.0,0.0,0.0,27,0.03730193978716297,20,13,7,0,0,0,0,0,0,0,0,1,0
1e8g,A,495,CYS,2.5,108.5,0.0,1,0,X,0.0,0.0,0.0,0.0,0.0,0.0,0.0,0.0,37,0.048026247475972325,11,27,-16,0,0,0,0,0,0,0,0,1,0
1e8g,A,496,ALA,1.8,88.6,0.0,0,0,X,0.0,0.0,0.0,0.0,0.0,0.0,0.0,0.0,34,0.04196468226055834,7,31,-24,0,0,0,0,0,0,0,0,1,0
1e8g,A,497,ALA,1.8,88.6,0.0,0,0,X,0.0,0.0,0.0,0.0,0.0,0.0,0.0,0.0,22,0.02844272908771177,10,24,-14,0,0,0,0,0,0,0,0,1,0
1e8g,A,498,ASN,-3.5,114.1,0.0,2,2,X,0.0,0.0,0.0,0.0,0.0,0.0,0.0,0.0,28,0.032172923066428064,9,27,-18,0,0,0,0,0,0,0,0,1,0
1e8g,A,499,GLY,-0.4,60.1,0.0,0,0,X,0.0,0.0,0.0,0.0,0.0,0.0,0.0,0.0,32,0.045228601991935104,17,26,-9,0,0,0,0,0,0,0,0,1,0
1e8g,A,500,TRP,-0.9,227.8,0.0,1,0,X,0.0,0.0,0.0,0.0,0.0,0.0,0.0,0.0,39,0.05455408693872585,24,29,-5,0,0,0,0,0,0,0,0,1,0
1e8g,A,501,GLY,-0.4,60.1,0.0,0,0,X,0.0,0.0,0.0,0.0,0.0,0.0,0.0,0.0,44,0.05408781269138631,23,16,7,0,0,0,0,0,0,0,0,1,0
1e8g,A,502,GLU,-3.5,138.4,-1.0,1,3,X,0.0,0.0,0.0,0.0,0.0,0.0,0.0,0.0,43,0.05129016720734909,20,6,14,0,0,0,0,0,0,0,0,1,0
1e8g,A,503,TYR,-1.3,193.6,0.0,1,1,X,0.0,0.0,0.0,0.0,0.0,0.0,0.0,0.0,35,0.05408781269138631,39,23,16,0,0,0,0,0,0,0,0,1,1
1e8g,A,504,ARG,-4.5,173.4,1.0,5,0,X,0.0,0.0,0.0,0.0,0.0,0.0,0.0,0.0,38,0.04755997322863279,27,15,12,0,0,0,0,0,0,0,0,1,1
1e8g,A,505,THR,-0.7,116.1,0.0,1,1,X,0.0,0.0,0.0,0.0,0.0,0.0,0.0,0.0,37,0.05502036118606539,29,19,10,0,0,0,0,0,0,0,0,1,0
1e8g,A,506,HIS,-3.2,153.2,0.1,2,1,X,0.0,0.0,0.0,0.0,0.0,0.0,0.0,0.0,41,0.045694876239274644,27,9,18,0,0,0,0,0,0,0,0,1,0
1e8g,A,507,LEU,3.8,166.7,0.0,0,0,X,0.0,0.0,0.0,0.0,0.0,0.0,0.0,0.0,42,0.048026247475972325,34,16,18,0,0,0,0,0,0,0,0,1,0
1e8g,A,508,ALA,1.8,88.6,0.0,0,0,X,0.0,0.0,0.0,0.0,0.0,0.0,0.0,0.0,34,0.04616115048661418,34,13,21,0,0,0,0,0,0,0,0,1,0
1e8g,A,509,PHE,2.8,189.9,0.0,0,0,X,0.0,0.0,0.0,0.0,0.0,0.0,0.0,0.0,37,0.048958795970651406,29,14,15,0,0,0,0,0,0,0,0,1,0
1e8g,A,510,MET,1.9,162.9,0.0,0,0,X,0.0,0.0,0.0,0.0,0.0,0.0,0.0,0.0,39,0.05175644145468863,44,16,28,0,0,0,0,0,0,0,0,1,0
1e8g,A,511,ASP,-3.5,111.1,-1.0,1,3,X,0.0,0.0,0.0,0.0,0.0,0.0,0.0,0.0,29,0.04989134446533048,36,10,26,0,0,0,0,0,0,0,0,1,0
1e8g,A,512,GLN,-3.5,143.8,0.0,2,2,X,0.0,0.0,0.0,0.0,0.0,0.0,0.0,0.0,28,0.03963331102386066,19,32,-13,0,0,0,0,0,0,0,0,1,0
1e8g,A,513,ILE,4.5,166.7,0.0,0,0,X,0.0,0.0,0.0,0.0,0.0,0.0,0.0,0.0,38,0.048026247475972325,20,32,-12,0,0,0,0,0,0,0,0,1,0
1e8g,A,514,MET,1.9,162.9,0.0,0,0,X,0.0,0.0,0.0,0.0,0.0,0.0,0.0,0.0,36,0.048026247475972325,12,26,-14,0,0,0,0,0,0,0,0,1,0
1e8g,A,515,GLU,-3.5,138.4,-1.0,1,3,X,0.0,0.0,0.0,0.0,0.0,0.0,0.0,0.0,27,0.03403802005578621,8,11,-3,0,0,0,0,0,0,0,0,1,0
1e8g,A,516,THR,-0.7,116.1,0.0,1,1,X,0.0,0.0,0.0,0.0,0.0,0.0,0.0,0.0,34,0.04196468226055834,0,33,-33,0,0,0,0,0,0,0,0,1,0
1e8g,A,517,TYR,-1.3,193.6,0.0,1,1,X,0.0,0.0,0.0,0.0,0.0,0.0,0.0,0.0,40,0.05129016720734909,4,20,-16,0,0,0,0,0,0,0,0,1,0
1e8g,A,518,ASN,-3.5,114.1,0.0,2,2,X,0.0,0.0,0.0,0.0,0.0,0.0,0.0,0.0,26,0.04476232774459557,7,12,-5,0,0,0,0,0,0,0,0,1,0
1e8g,A,519,TRP,-0.9,227.8,0.0,1,0,X,0.0,0.0,0.0,0.0,0.0,0.0,0.0,0.0,33,0.043363505002576956,13,22,-9,0,0,0,0,0,0,0,0,1,0
1e8g,A,520,ASN,-3.5,114.1,0.0,2,2,X,0.0,0.0,0.0,0.0,0.0,0.0,0.0,0.0,27,0.035436842797804825,19,16,3,0,0,0,0,0,0,0,0,1,0
1e8g,A,521,ASN,-3.5,114.1,0.0,2,2,X,0.0,0.0,0.0,0.0,0.0,0.0,0.0,0.0,17,0.025178809356335007,9,11,-2,0,0,0,0,0,0,0,0,1,0
1e8g,A,522,SER,-0.8,89.0,0.0,1,1,X,0.0,0.0,0.0,0.0,0.0,0.0,0.0,0.0,24,0.04103213376587927,15,19,-4,0,0,0,0,0,0,0,0,1,0
1e8g,A,523,SER,-0.8,89.0,0.0,1,1,X,0.0,0.0,0.0,0.0,0.0,0.0,0.0,0.0,28,0.048492521723311866,18,16,2,0,0,0,0,0,0,0,0,1,0
1e8g,A,524,PHE,2.8,189.9,0.0,0,0,X,0.0,0.0,0.0,0.0,0.0,0.0,0.0,0.0,41,0.05035761871267001,17,15,2,0,0,0,0,0,0,0,0,1,0
1e8g,A,525,LEU,3.8,166.7,0.0,0,0,X,0.0,0.0,0.0,0.0,0.0,0.0,0.0,0.0,36,0.043363505002576956,23,22,1,0,0,0,0,0,0,0,0,1,0
1e8g,A,526,ARG,-4.5,173.4,1.0,5,0,X,0.0,0.0,0.0,0.0,0.0,0.0,0.0,0.0,27,0.03590311704514436,7,15,-8,0,0,0,0,0,0,0,0,1,0
1e8g,A,527,PHE,2.8,189.9,0.0,0,0,X,0.0,0.0,0.0,0.0,0.0,0.0,0.0,0.0,33,0.043363505002576956,15,18,-3,0,0,0,0,0,0,0,0,1,0
1e8g,A,528,ASN,-3.5,114.1,0.0,2,2,X,0.0,0.0,0.0,0.0,0.0,0.0,0.0,0.0,36,0.045694876239274644,20,10,10,0,0,0,0,0,0,0,0,1,0
1e8g,A,529,GLU,-3.5,138.4,-1.0,1,3,X,0.0,0.0,0.0,0.0,0.0,0.0,0.0,0.0,28,0.04616115048661418,29,0,29,0,0,0,0,0,0,0,0,1,0
1e8g,A,530,VAL,4.2,140.0,0.0,0,0,X,0.0,0.0,0.0,0.0,0.0,0.0,0.0,0.0,24,0.035436842797804825,19,13,6,0,0,0,0,0,0,0,0,1,0
1e8g,A,531,LEU,3.8,166.7,0.0,0,0,X,0.0,0.0,0.0,0.0,0.0,0.0,0.0,0.0,22,0.04709369898129325,17,14,3,0,0,0,0,0,0,0,0,1,0
1e8g,A,532,LYS,-3.9,168.6,1.0,2,0,X,0.0,0.0,0.0,0.0,0.0,0.0,0.0,0.0,34,0.048026247475972325,6,17,-11,0,0,0,0,0,0,0,0,1,0
1e8g,A,533,ASN,-3.5,114.1,0.0,2,2,X,0.0,0.0,0.0,0.0,0.0,0.0,0.0,0.0,24,0.04103213376587927,11,17,-6,0,0,0,0,0,0,0,0,1,0
1e8g,A,534,ALA,1.8,88.6,0.0,0,0,X,0.0,0.0,0.0,0.0,0.0,0.0,0.0,0.0,19,0.035436842797804825,14,15,-1,0,0,0,0,0,0,0,0,1,0
1e8g,A,535,VAL,4.2,140.0,0.0,0,0,X,0.0,0.0,0.0,0.0,0.0,0.0,0.0,0.0,28,0.043363505002576956,12,13,-1,0,0,0,0,0,0,0,0,1,0
1e8g,A,536,ASP,-3.5,111.1,-1.0,1,3,X,0.0,0.0,0.0,0.0,0.0,0.0,0.0,0.0,36,0.045694876239274644,9,2,7,0,0,0,0,0,0,0,0,1,0
1e8g,A,537,PRO,-1.6,112.7,0.0,0,0,X,0.0,0.0,0.0,0.0,0.0,0.0,0.0,0.0,19,0.030774100324409453,9,9,0,0,0,0,0,0,0,0,0,1,0
1e8g,A,538,ASN,-3.5,114.1,0.0,2,2,X,0.0,0.0,0.0,0.0,0.0,0.0,0.0,0.0,26,0.032639197313767604,10,8,2,0,0,0,0,0,0,0,0,1,0
1e8g,A,539,GLY,-0.4,60.1,0.0,0,0,X,0.0,0.0,0.0,0.0,0.0,0.0,0.0,0.0,33,0.0526889899493677,9,8,1,0,0,0,0,0,0,0,0,1,0
1e8g,A,540,ILE,4.5,166.7,0.0,0,0,X,0.0,0.0,0.0,0.0,0.0,0.0,0.0,0.0,41,0.05129016720734909,8,8,0,0,0,0,0,0,0,0,0,1,0
1e8g,A,541,ILE,4.5,166.7,0.0,0,0,X,0.0,0.0,0.0,0.0,0.0,0.0,0.0,0.0,41,0.048492521723311866,14,8,6,0,0,0,0,0,0,0,0,1,0
1e8g,A,542,ALA,1.8,88.6,0.0,0,0,X,0.0,0.0,0.0,0.0,0.0,0.0,0.0,0.0,37,0.05222271570202816,22,5,17,0,0,0,0,0,0,0,0,1,0
1e8g,A,543,PRO,-1.6,112.7,0.0,0,0,X,0.0,0.0,0.0,0.0,0.0,0.0,0.0,0.0,39,0.053155264196707235,24,6,18,0,0,0,0,0,0,0,0,1,0
1e8g,A,544,GLY,-0.4,60.1,0.0,0,0,X,0.0,0.0,0.0,0.0,0.0,0.0,0.0,0.0,42,0.053155264196707235,37,10,27,0,0,0,0,0,0,0,0,1,0
1e8g,A,545,LYS,-3.9,168.6,1.0,2,0,X,0.0,0.0,0.0,0.0,0.0,0.0,0.0,0.0,43,0.048026247475972325,23,11,12,0,0,0,0,0,0,0,0,1,1
1e8g,A,546,SER,-0.8,89.0,0.0,1,1,X,0.0,0.0,0.0,0.0,0.0,0.0,0.0,0.0,40,0.050823892960009553,30,15,15,0,0,0,0,0,0,0,0,1,0
1e8g,A,547,GLY,-0.4,60.1,0.0,0,0,X,0.0,0.0,0.0,0.0,0.0,0.0,0.0,0.0,40,0.04755997322863279,41,20,21,0,0,0,0,0,0,0,0,1,0
1e8g,A,548,VAL,4.2,140.0,0.0,0,0,X,0.0,0.0,0.0,0.0,0.0,0.0,0.0,0.0,36,0.04989134446533048,38,18,20,0,0,0,0,0,0,0,0,1,0
1e8g,A,549,TRP,-0.9,227.8,0.0,1,0,X,0.0,0.0,0.0,0.0,0.0,0.0,0.0,0.0,33,0.05222271570202816,42,16,26,0,0,0,0,0,0,0,0,1,0
1e8g,A,550,PRO,-1.6,112.7,0.0,0,0,X,0.0,0.0,0.0,0.0,0.0,0.0,0.0,0.0,32,0.05222271570202816,22,17,5,0,0,0,0,0,0,0,0,1,0
1e8g,A,551,SER,-0.8,89.0,0.0,1,1,X,0.0,0.0,0.0,0.0,0.0,0.0,0.0,0.0,20,0.029375277582390842,17,14,3,0,0,0,0,0,0,0,0,1,0
1e8g,A,552,GLN,-3.5,143.8,0.0,2,2,X,0.0,0.0,0.0,0.0,0.0,0.0,0.0,0.0,22,0.02797645484037223,15,7,8,0,0,0,0,0,0,0,0,1,0
1e8g,A,553,TYR,-1.3,193.6,0.0,1,1,X,0.0,0.0,0.0,0.0,0.0,0.0,0.0,0.0,34,0.043829779249916496,30,2,28,0,0,0,0,0,0,0,0,1,0
1e8g,A,554,SER,-0.8,89.0,0.0,1,1,X,0.0,0.0,0.0,0.0,0.0,0.0,0.0,0.0,13,0.032639197313767604,22,0,22,0,0,0,0,0,0,0,0,1,0
1e8g,A,555,HIS,-3.2,153.2,0.1,2,1,X,0.0,0.0,0.0,0.0,0.0,0.0,0.0,0.0,20,0.03403802005578621,15,11,4,0,0,0,0,0,0,0,0,1,0
1e8g,A,556,VAL,4.2,140.0,0.0,0,0,X,0.0,0.0,0.0,0.0,0.0,0.0,0.0,0.0,8,0.021914889624958248,19,0,19,0,0,0,0,0,0,0,0,1,0
1e8g,A,557,THR,-0.7,116.1,0.0,1,1,X,0.0,0.0,0.0,0.0,0.0,0.0,0.0,0.0,15,0.022847438119637322,22,1,21,0,0,0,0,0,0,0,0,1,0
1e8g,A,558,TRP,-0.9,227.8,0.0,1,0,X,0.0,0.0,0.0,0.0,0.0,0.0,0.0,0.0,24,0.03916703677652112,29,5,24,0,0,0,0,0,0,0,0,1,0
1e8g,A,559,LYS,-3.9,168.6,1.0,2,0,X,0.0,0.0,0.0,0.0,0.0,0.0,0.0,0.0,26,0.034970568550465285,20,15,5,0,0,0,0,0,0,0,0,1,0
1e8g,A,560,LEU,3.8,166.7,0.0,0,0,X,0.0,0.0,0.0,0.0,0.0,0.0,0.0,0.0,22,0.03450429430312575,32,8,24,0,0,0,0,0,0,0,0,1,0
1e8g,B,6,GLU,-3.5,138.4,-1.0,1,3,X,0.0,0.0,0.0,0.0,0.0,0.0,0.0,0.0,20,0.03310547156110714,11,11,0,0,0,0,0,0,0,0,0,1,0
1e8g,B,7,PHE,2.8,189.9,0.0,0,0,X,0.0,0.0,0.0,0.0,0.0,0.0,0.0,0.0,13,0.032639197313767604,11,6,5,0,0,0,0,0,0,0,0,1,0
1e8g,B,8,ARG,-4.5,173.4,1.0,5,0,X,0.0,0.0,0.0,0.0,0.0,0.0,0.0,0.0,13,0.035436842797804825,0,5,-5,0,0,0,0,0,0,0,0,1,0
1e8g,B,9,PRO,-1.6,112.7,0.0,0,0,X,0.0,0.0,0.0,0.0,0.0,0.0,0.0,0.0,26,0.03963331102386066,10,7,3,0,0,0,0,0,0,0,0,1,0
1e8g,B,10,LEU,3.8,166.7,0.0,0,0,X,0.0,0.0,0.0,0.0,0.0,0.0,0.0,0.0,20,0.028909003335051305,7,8,-1,0,0,0,0,0,0,0,0,1,0
1e8g,B,11,THR,-0.7,116.1,0.0,1,1,X,0.0,0.0,0.0,0.0,0.0,0.0,0.0,0.0,29,0.03730193978716297,4,8,-4,0,0,0,0,0,0,0,0,1,0
1e8g,B,12,LEU,3.8,166.7,0.0,0,0,X,0.0,0.0,0.0,0.0,0.0,0.0,0.0,0.0,30,0.043363505002576956,10,5,5,0,0,0,0,0,0,0,0,1,0
1e8g,B,13,PRO,-1.6,112.7,0.0,0,0,X,0.0,0.0,0.0,0.0,0.0,0.0,0.0,0.0,29,0.04476232774459557,9,4,5,0,0,0,0,0,0,0,0,1,0
1e8g,B,14,PRO,-1.6,112.7,0.0,0,0,X,0.0,0.0,0.0,0.0,0.0,0.0,0.0,0.0,25,0.03124037457174899,9,0,9,0,0,0,0,0,0,0,0,1,0
1e8g,B,15,LYS,-3.9,168.6,1.0,2,0,X,0.0,0.0,0.0,0.0,0.0,0.0,0.0,0.0,16,0.020049792635600097,0,1,-1,0,0,0,0,0,0,0,0,1,0
1e8g,B,16,LEU,3.8,166.7,0.0,0,0,X,0.0,0.0,0.0,0.0,0.0,0.0,0.0,0.0,25,0.03823448828184205,10,10,0,0,0,0,0,0,0,0,0,1,0
1e8g,B,17,SER,-0.8,89.0,0.0,1,1,X,0.0,0.0,0.0,0.0,0.0,0.0,0.0,0.0,17,0.027043906345693154,6,15,-9,0,0,0,0,0,0,0,0,1,0
1e8g,B,18,LEU,3.8,166.7,0.0,0,0,X,0.0,0.0,0.0,0.0,0.0,0.0,0.0,0.0,20,0.03310547156110714,11,14,-3,0,0,0,0,0,0,0,0,1,0
1e8g,B,19,SER,-0.8,89.0,0.0,1,1,X,0.0,0.0,0.0,0.0,0.0,0.0,0.0,0.0,16,0.02797645484037223,0,18,-18,0,0,0,0,0,0,0,0,1,0
1e8g,B,20,ASP,-3.5,111.1,-1.0,1,3,X,0.0,0.0,0.0,0.0,0.0,0.0,0.0,0.0,21,0.03730193978716297,10,12,-2,0,0,0,0,0,0,0,0,1,0
1e8g,B,21,PHE,2.8,189.9,0.0,0,0,X,0.0,0.0,0.0,0.0,0.0,0.0,0.0,0.0,37,0.050823892960009553,6,24,-18,0,0,0,0,0,0,0,0,1,0
1e8g,B,22,ASN,-3.5,114.1,0.0,2,2,X,0.0,0.0,0.0,0.0,0.0,0.0,0.0,0.0,23,0.04196468226055834,11,29,-18,0,0,0,0,0,0,0,0,1,0
1e8g,B,23,GLU,-3.5,138.4,-1.0,1,3,X,0.0,0.0,0.0,0.0,0.0,0.0,0.0,0.0,18,0.03870076252918159,13,16,-3,0,0,0,0,0,0,0,0,1,0
1e8g,B,24,PHE,2.8,189.9,0.0,0,0,X,0.0,0.0,0.0,0.0,0.0,0.0,0.0,0.0,39,0.048026247475972325,11,26,-15,0,0,0,0,0,0,0,0,1,0
1e8g,B,25,ILE,4.5,166.7,0.0,0,0,X,0.0,0.0,0.0,0.0,0.0,0.0,0.0,0.0,37,0.04616115048661418,9,29,-20,0,0,0,0,0,0,0,0,1,0
1e8g,B,26,GLN,-3.5,143.8,0.0,2,2,X,0.0,0.0,0.0,0.0,0.0,0.0,0.0,0.0,21,0.03776821403450251,11,24,-13,0,0,0,0,0,0,0,0,1,0
1e8g,B,27,ASP,-3.5,111.1,-1.0,1,3,X,0.0,0.0,0.0,0.0,0.0,0.0,0.0,0.0,22,0.040565859518539735,16,12,4,0,0,0,0,0,0,0,0,1,0
1e8g,B,28,ILE,4.5,166.7,0.0,0,0,X,0.0,0.0,0.0,0.0,0.0,0.0,0.0,0.0,38,0.048026247475972325,14,23,-9,0,0,0,0,0,0,0,0,1,0
1e8g,B,29,ILE,4.5,166.7,0.0,0,0,X,0.0,0.0,0.0,0.0,0.0,0.0,0.0,0.0,24,0.04289723075523742,11,27,-16,0,0,0,0,0,0,0,0,1,0
1e8g,B,30,ARG,-4.5,173.4,1.0,5,0,X,0.0,0.0,0.0,0.0,0.0,0.0,0.0,0.0,14,0.030774100324409453,0,12,-12,0,0,0,0,0,0,0,0,1,0
1e8g,B,31,ILE,4.5,166.7,0.0,0,0,X,0.0,0.0,0.0,0.0,0.0,0.0,0.0,0.0,25,0.032639197313767604,20,16,4,0,0,0,0,0,0,0,0,1,0
1e8g,B,32,VAL,4.2,140.0,0.0,0,0,X,0.0,0.0,0.0,0.0,0.0,0.0,0.0,0.0,29,0.04243095650789788,20,21,-1,0,0,0,0,0,0,0,0,1,0
1e8g,B,33,GLY,-0.4,60.1,0.0,0,0,X,0.0,0.0,0.0,0.0,0.0,0.0,0.0,0.0,22,0.03357174580844668,18,19,-1,0,0,0,0,0,0,0,0,1,0
1e8g,B,34,SER,-0.8,89.0,0.0,1,1,X,0.0,0.0,0.0,0.0,0.0,0.0,0.0,0.0,19,0.025645083603674543,8,18,-10,0,0,0,0,0,0,0,0,1,0
1e8g,B,35,GLU,-3.5,138.4,-1.0,1,3,X,0.0,0.0,0.0,0.0,0.0,0.0,0.0,0.0,12,0.022381163872297785,6,5,1,0,0,0,0,0,0,0,0,1,0
1e8g,B,36,ASN,-3.5,114.1,0.0,2,2,X,0.0,0.0,0.0,0.0,0.0,0.0,0.0,0.0,26,0.03823448828184205,23,29,-6,0,0,0,0,0,0,0,0,1,0
1e8g,B,37,VAL,4.2,140.0,0.0,0,0,X,0.0,0.0,0.0,0.0,0.0,0.0,0.0,0.0,31,0.045228601991935104,6,28,-22,0,0,0,0,0,0,0,0,1,0
1e8g,B,38,GLU,-3.5,138.4,-1.0,1,3,X,0.0,0.0,0.0,0.0,0.0,0.0,0.0,0.0,25,0.03357174580844668,11,13,-2,0,0,0,0,0,0,0,0,1,0
1e8g,B,39,VAL,4.2,140.0,0.0,0,0,X,0.0,0.0,0.0,0.0,0.0,0.0,0.0,0.0,27,0.03963331102386066,8,14,-6,0,0,0,0,0,0,0,0,1,0
1e8g,B,40,ILE,4.5,166.7,0.0,0,0,X,0.0,0.0,0.0,0.0,0.0,0.0,0.0,0.0,28,0.03823448828184205,16,13,3,0,0,0,0,0,0,0,0,1,0
1e8g,B,41,SER,-0.8,89.0,0.0,1,1,X,0.0,0.0,0.0,0.0,0.0,0.0,0.0,0.0,17,0.02471253510899547,11,13,-2,0,0,0,0,0,0,0,0,1,0
1e8g,B,47,VAL,4.2,140.0,0.0,0,0,X,0.0,0.0,0.0,0.0,0.0,0.0,0.0,0.0,16,0.017252147151562876,21,13,8,0,0,0,0,0,0,0,0,1,0
1e8g,B,48,ASP,-3.5,111.1,-1.0,1,3,X,0.0,0.0,0.0,0.0,0.0,0.0,0.0,0.0,20,0.03124037457174899,37,8,29,0,0,0,0,0,0,0,0,1,0
1e8g,B,49,GLY,-0.4,60.1,0.0,0,0,X,0.0,0.0,0.0,0.0,0.0,0.0,0.0,0.0,17,0.026577632098353617,20,10,10,0,0,0,0,0,0,0,0,1,0
1e8g,B,50,SER,-0.8,89.0,0.0,1,1,X,0.0,0.0,0.0,0.0,0.0,0.0,0.0,0.0,19,0.026577632098353617,23,8,15,0,0,0,0,0,0,0,0,1,0
1e8g,B,51,TYR,-1.3,193.6,0.0,1,1,X,0.0,0.0,0.0,0.0,0.0,0.0,0.0,0.0,28,0.030774100324409453,23,6,17,0,0,0,0,0,0,0,0,1,0
1e8g,B,52,MET,1.9,162.9,0.0,0,0,X,0.0,0.0,0.0,0.0,0.0,0.0,0.0,0.0,15,0.025178809356335007,17,1,16,0,0,0,0,0,0,0,0,1,0
1e8g,B,53,LYS,-3.9,168.6,1.0,2,0,X,0.0,0.0,0.0,0.0,0.0,0.0,0.0,0.0,12,0.027043906345693154,13,3,10,0,0,0,0,0,0,0,0,1,0
1e8g,B,54,PRO,-1.6,112.7,0.0,0,0,X,0.0,0.0,0.0,0.0,0.0,0.0,0.0,0.0,24,0.03916703677652112,35,9,26,0,0,0,0,0,0,0,0,1,0
1e8g,B,55,THR,-0.7,116.1,0.0,1,1,X,0.0,0.0,0.0,0.0,0.0,0.0,0.0,0.0,34,0.040565859518539735,36,19,17,0,0,0,0,0,0,0,0,1,0
1e8g,B,56,HIS,-3.2,153.2,0.1,2,1,X,0.0,0.0,0.0,0.0,0.0,0.0,0.0,0.0,38,0.04149840801321881,26,21,5,0,0,0,0,0,0,0,0,1,0
1e8g,B,57,THR,-0.7,116.1,0.0,1,1,X,0.0,0.0,0.0,0.0,0.0,0.0,0.0,0.0,36,0.04476232774459557,20,22,-2,0,0,0,0,0,0,0,0,1,0
1e8g,B,58,HIS,-3.2,153.2,0.1,2,1,X,0.0,0.0,0.0,0.0,0.0,0.0,0.0,0.0,35,0.045228601991935104,19,22,-3,0,0,0,0,0,0,0,0,1,0
1e8g,B,59,ASP,-3.5,111.1,-1.0,1,3,X,0.0,0.0,0.0,0.0,0.0,0.0,0.0,0.0,37,0.04755997322863279,46,14,32,0,0,0,0,0,0,0,0,1,0
1e8g,B,60,PRO,-1.6,112.7,0.0,0,0,X,0.0,0.0,0.0,0.0,0.0,0.0,0.0,0.0,38,0.03776821403450251,50,16,34,0,0,0,0,0,0,0,0,1,0
1e8g,B,61,THR,-0.7,116.1,0.0,1,1,X,0.0,0.0,0.0,0.0,0.0,0.0,0.0,0.0,35,0.048026247475972325,51,16,35,0,0,0,0,0,0,0,0,1,0
1e8g,B,62,HIS,-3.2,153.2,0.1,2,1,X,0.0,0.0,0.0,0.0,0.0,0.0,0.0,0.0,30,0.04289723075523742,44,29,15,0,0,0,0,0,0,0,0,1,0
1e8g,B,63,VAL,4.2,140.0,0.0,0,0,X,0.0,0.0,0.0,0.0,0.0,0.0,0.0,0.0,37,0.04616115048661418,54,18,36,0,0,0,0,0,0,0,0,1,0
1e8g,B,64,MET,1.9,162.9,0.0,0,0,X,0.0,0.0,0.0,0.0,0.0,0.0,0.0,0.0,24,0.03870076252918159,39,21,18,0,0,0,0,0,0,0,0,1,0
1e8g,B,65,ASP,-3.5,111.1,-1.0,1,3,X,0.0,0.0,0.0,0.0,0.0,0.0,0.0,0.0,16,0.030307826077069916,21,12,9,0,0,0,0,0,0,0,0,1,0
1e8g,B,66,GLN,-3.5,143.8,0.0,2,2,X,0.0,0.0,0.0,0.0,0.0,0.0,0.0,0.0,16,0.02331371236697686,20,24,-4,0,0,0,0,0,0,0,0,1,0
1e8g,B,67,ASP,-3.5,111.1,-1.0,1,3,X,0.0,0.0,0.0,0.0,0.0,0.0,0.0,0.0,18,0.029375277582390842,4,9,-5,0,0,0,0,0,0,0,0,1,0
1e8g,B,68,TYR,-1.3,193.6,0.0,1,1,X,0.0,0.0,0.0,0.0,0.0,0.0,0.0,0.0,26,0.03823448828184205,20,21,-1,0,0,0,0,0,0,0,0,1,0
1e8g,B,69,PHE,2.8,189.9,0.0,0,0,X,0.0,0.0,0.0,0.0,0.0,0.0,0.0,0.0,36,0.04662742473395372,34,21,13,0,0,0,0,0,0,0,0,1,0
1e8g,B,70,LEU,3.8,166.7,0.0,0,0,X,0.0,0.0,0.0,0.0,0.0,0.0,0.0,0.0,32,0.05035761871267001,17,15,2,0,0,0,0,0,0,0,0,1,0
1e8g,B,71,ALA,1.8,88.6,0.0,0,0,X,0.0,0.0,0.0,0.0,0.0,0.0,0.0,0.0,38,0.053155264196707235,18,17,1,0,0,0,0,0,0,0,0,1,0
1e8g,B,72,SER,-0.8,89.0,0.0,1,1,X,0.0,0.0,0.0,0.0,0.0,0.0,0.0,0.0,39,0.056419183928083996,8,11,-3,0,0,0,0,0,0,0,0,1,0
1e8g,B,73,ALA,1.8,88.6,0.0,0,0,X,0.0,0.0,0.0,0.0,0.0,0.0,0.0,0.0,40,0.048958795970651406,8,17,-9,0,0,0,0,0,0,0,0,1,0
1e8g,B,74,ILE,4.5,166.7,0.0,0,0,X,0.0,0.0,0.0,0.0,0.0,0.0,0.0,0.0,38,0.04709369898129325,16,19,-3,0,0,0,0,0,0,0,0,1,0
1e8g,B,75,VAL,4.2,140.0,0.0,0,0,X,0.0,0.0,0.0,0.0,0.0,0.0,0.0,0.0,40,0.045228601991935104,15,26,-11,0,0,0,0,0,0,0,0,1,0
1e8g,B,76,ALA,1.8,88.6,0.0,0,0,X,0.0,0.0,0.0,0.0,0.0,0.0,0.0,0.0,31,0.05035761871267001,23,26,-3,0,0,0,0,0,0,0,0,1,0
1e8g,B,77,PRO,-1.6,112.7,0.0,0,0,X,0.0,0.0,0.0,0.0,0.0,0.0,0.0,0.0,37,0.05595290968074446,20,19,1,0,0,0,0,0,0,0,0,1,0
1e8g,B,78,ARG,-4.5,173.4,1.0,5,0,X,0.0,0.0,0.0,0.0,0.0,0.0,0.0,0.0,26,0.03823448828184205,10,11,-1,0,0,0,0,0,0,0,0,1,0
1e8g,B,79,ASN,-3.5,114.1,0.0,2,2,X,0.0,0.0,0.0,0.0,0.0,0.0,0.0,0.0,28,0.03916703677652112,22,28,-6,0,0,0,0,0,0,0,0,1,0
1e8g,B,80,VAL,4.2,140.0,0.0,0,0,X,0.0,0.0,0.0,0.0,0.0,0.0,0.0,0.0,35,0.04149840801321881,27,40,-13,0,0,0,0,0,0,0,0,1,0
1e8g,B,81,ALA,1.8,88.6,0.0,0,0,X,0.0,0.0,0.0,0.0,0.0,0.0,0.0,0.0,25,0.03357174580844668,19,22,-3,0,0,0,0,0,0,0,0,1,0
1e8g,B,82,ASP,-3.5,111.1,-1.0,1,3,X,0.0,0.0,0.0,0.0,0.0,0.0,0.0,0.0,32,0.043363505002576956,15,7,8,0,0,0,0,0,0,0,0,1,0
1e8g,B,83,VAL,4.2,140.0,0.0,0,0,X,0.0,0.0,0.0,0.0,0.0,0.0,0.0,0.0,39,0.045228601991935104,5,21,-16,0,0,0,0,0,0,0,0,1,0
1e8g,B,84,GLN,-3.5,143.8,0.0,2,2,X,0.0,0.0,0.0,0.0,0.0,0.0,0.0,0.0,33,0.040099585271200194,4,24,-20,0,0,0,0,0,0,0,0,1,0
1e8g,B,85,SER,-0.8,89.0,0.0,1,1,X,0.0,0.0,0.0,0.0,0.0,0.0,0.0,0.0,30,0.032639197313767604,5,15,-10,0,0,0,0,0,0,0,0,1,0
1e8g,B,86,ILE,4.5,166.7,0.0,0,0,X,0.0,0.0,0.0,0.0,0.0,0.0,0.0,0.0,43,0.040565859518539735,3,15,-12,0,0,0,0,0,0,0,0,1,0
1e8g,B,87,VAL,4.2,140.0,0.0,0,0,X,0.0,0.0,0.0,0.0,0.0,0.0,0.0,0.0,33,0.04476232774459557,4,14,-10,0,0,0,0,0,0,0,0,1,0
1e8g,B,88,GLY,-0.4,60.1,0.0,0,0,X,0.0,0.0,0.0,0.0,0.0,0.0,0.0,0.0,28,0.03357174580844668,9,7,2,0,0,0,0,0,0,0,0,1,0
1e8g,B,89,LEU,3.8,166.7,0.0,0,0,X,0.0,0.0,0.0,0.0,0.0,0.0,0.0,0.0,29,0.04289723075523742,9,20,-11,0,0,0,0,0,0,0,0,1,0
1e8g,B,90,ALA,1.8,88.6,0.0,0,0,X,0.0,0.0,0.0,0.0,0.0,0.0,0.0,0.0,32,0.04942507021799094,9,4,5,0,0,0,0,0,0,0,0,1,0
1e8g,B,91,ASN,-3.5,114.1,0.0,2,2,X,0.0,0.0,0.0,0.0,0.0,0.0,0.0,0.0,27,0.03730193978716297,9,8,1,0,0,0,0,0,0,0,0,1,0
1e8g,B,92,LYS,-3.9,168.6,1.0,2,0,X,0.0,0.0,0.0,0.0,0.0,0.0,0.0,0.0,17,0.02844272908771177,0,18,-18,0,0,0,0,0,0,0,0,1,0
1e8g,B,93,PHE,2.8,189.9,0.0,0,0,X,0.0,0.0,0.0,0.0,0.0,0.0,0.0,0.0,27,0.03590311704514436,11,23,-12,0,0,0,0,0,0,0,0,1,0
1e8g,B,94,SER,-0.8,89.0,0.0,1,1,X,0.0,0.0,0.0,0.0,0.0,0.0,0.0,0.0,28,0.040099585271200194,16,8,8,0,0,0,0,0,0,0,0,1,0
1e8g,B,95,PHE,2.8,189.9,0.0,0,0,X,0.0,0.0,0.0,0.0,0.0,0.0,0.0,0.0,43,0.048492521723311866,10,7,3,0,0,0,0,0,0,0,0,1,0
1e8g,B,96,PRO,-1.6,112.7,0.0,0,0,X,0.0,0.0,0.0,0.0,0.0,0.0,0.0,0.0,46,0.050823892960009553,6,3,3,0,0,0,0,0,0,0,0,1,0
1e8g,B,97,LEU,3.8,166.7,0.0,0,0,X,0.0,0.0,0.0,0.0,0.0,0.0,0.0,0.0,43,0.048492521723311866,2,4,-2,0,0,0,0,0,0,0,0,1,0
1e8g,B,98,TRP,-0.9,227.8,0.0,1,0,X,0.0,0.0,0.0,0.0,0.0,0.0,0.0,0.0,43,0.048492521723311866,18,3,15,0,0,0,0,0,0,0,0,1,0
1e8g,B,99,PRO,-1.6,112.7,0.0,0,0,X,0.0,0.0,0.0,0.0,0.0,0.0,0.0,0.0,41,0.04103213376587927,7,7,0,0,0,0,0,0,0,0,0,1,1
1e8g,B,100,ILE,4.5,166.7,0.0,0,0,X,0.0,0.0,0.0,0.0,0.0,0.0,0.0,0.0,38,0.040565859518539735,17,9,8,0,0,0,0,0,0,0,0,1,0
1e8g,B,101,SER,-0.8,89.0,0.0,1,1,X,0.0,0.0,0.0,0.0,0.0,0.0,0.0,0.0,41,0.04289723075523742,18,14,4,0,0,0,0,0,0,0,0,1,1
1e8g,B,102,ILE,4.5,166.7,0.0,0,0,X,0.0,0.0,0.0,0.0,0.0,0.0,0.0,0.0,40,0.04476232774459557,29,12,17,0,0,0,0,0,0,0,0,1,1
1e8g,B,103,GLY,-0.4,60.1,0.0,0,0,X,0.0,0.0,0.0,0.0,0.0,0.0,0.0,0.0,39,0.04289723075523742,30,8,22,0,0,0,0,0,0,0,0,1,1
1e8g,B,104,ARG,-4.5,173.4,1.0,5,0,X,0.0,0.0,0.0,0.0,0.0,0.0,0.0,0.0,33,0.03776821403450251,14,0,14,0,0,0,0,0,0,0,0,1,1
1e8g,B,105,ASN,-3.5,114.1,0.0,2,2,X,0.0,0.0,0.0,0.0,0.0,0.0,0.0,0.0,36,0.032172923066428064,35,14,21,0,0,0,0,0,0,0,0,1,1
1e8g,B,106,SER,-0.8,89.0,0.0,1,1,X,0.0,0.0,0.0,0.0,0.0,0.0,0.0,0.0,33,0.03916703677652112,32,8,24,0,0,0,0,0,0,0,0,1,0
1e8g,B,107,GLY,-0.4,60.1,0.0,0,0,X,0.0,0.0,0.0,0.0,0.0,0.0,0.0,0.0,37,0.04616115048661418,37,7,30,0,0,0,0,0,0,0,0,1,0
1e8g,B,108,TYR,-1.3,193.6,0.0,1,1,X,0.0,0.0,0.0,0.0,0.0,0.0,0.0,0.0,34,0.048026247475972325,36,12,24,0,0,0,0,0,0,0,0,1,1
1e8g,B,109,GLY,-0.4,60.1,0.0,0,0,X,0.0,0.0,0.0,0.0,0.0,0.0,0.0,0.0,37,0.048026247475972325,47,10,37,0,0,0,0,0,0,0,0,1,0
1e8g,B,110,GLY,-0.4,60.1,0.0,0,0,X,0.0,0.0,0.0,0.0,0.0,0.0,0.0,0.0,38,0.045694876239274644,45,13,32,0,0,0,0,0,0,0,0,1,0
1e8g,B,111,ALA,1.8,88.6,0.0,0,0,X,0.0,0.0,0.0,0.0,0.0,0.0,0.0,0.0,36,0.04989134446533048,30,15,15,0,0,0,0,0,0,0,0,1,0
1e8g,B,112,ALA,1.8,88.6,0.0,0,0,X,0.0,0.0,0.0,0.0,0.0,0.0,0.0,0.0,39,0.050823892960009553,37,8,29,0,0,0,0,0,0,0,0,1,0
1e8g,B,113,PRO,-1.6,112.7,0.0,0,0,X,0.0,0.0,0.0,0.0,0.0,0.0,0.0,0.0,42,0.05222271570202816,27,9,18,0,0,0,0,0,0,0,0,1,0
1e8g,B,114,ARG,-4.5,173.4,1.0,5,0,X,0.0,0.0,0.0,0.0,0.0,0.0,0.0,0.0,36,0.048958795970651406,21,8,13,0,0,0,0,0,0,0,0,1,0
1e8g,B,115,VAL,4.2,140.0,0.0,0,0,X,0.0,0.0,0.0,0.0,0.0,0.0,0.0,0.0,35,0.053155264196707235,14,2,12,0,0,0,0,0,0,0,0,1,0
1e8g,B,116,SER,-0.8,89.0,0.0,1,1,X,0.0,0.0,0.0,0.0,0.0,0.0,0.0,0.0,32,0.04662742473395372,14,9,5,0,0,0,0,0,0,0,0,1,0
1e8g,B,117,GLY,-0.4,60.1,0.0,0,0,X,0.0,0.0,0.0,0.0,0.0,0.0,0.0,0.0,37,0.048958795970651406,5,3,2,0,0,0,0,0,0,0,0,1,0
1e8g,B,118,SER,-0.8,89.0,0.0,1,1,X,0.0,0.0,0.0,0.0,0.0,0.0,0.0,0.0,44,0.056419183928083996,8,0,8,0,0,0,0,0,0,0,0,1,0
1e8g,B,119,VAL,4.2,140.0,0.0,0,0,X,0.0,0.0,0.0,0.0,0.0,0.0,0.0,0.0,49,0.05408781269138631,3,8,-5,0,0,0,0,0,0,0,0,1,0
1e8g,B,120,VAL,4.2,140.0,0.0,0,0,X,0.0,0.0,0.0,0.0,0.0,0.0,0.0,0.0,41,0.05595290968074446,14,16,-2,0,0,0,0,0,0,0,0,1,0
1e8g,B,121,LEU,3.8,166.7,0.0,0,0,X,0.0,0.0,0.0,0.0,0.0,0.0,0.0,0.0,45,0.04709369898129325,10,12,-2,0,0,0,0,0,0,0,0,1,0
1e8g,B,122,ASP,-3.5,111.1,-1.0,1,3,X,0.0,0.0,0.0,0.0,0.0,0.0,0.0,0.0,34,0.048492521723311866,22,4,18,0,0,0,0,0,0,0,0,1,0
1e8g,B,123,MET,1.9,162.9,0.0,0,0,X,0.0,0.0,0.0,0.0,0.0,0.0,0.0,0.0,38,0.048026247475972325,17,21,-4,0,0,0,0,0,0,0,0,1,0
1e8g,B,124,GLY,-0.4,60.1,0.0,0,0,X,0.0,0.0,0.0,0.0,0.0,0.0,0.0,0.0,35,0.048958795970651406,25,19,6,0,0,0,0,0,0,0,0,1,0
1e8g,B,125,LYS,-3.9,168.6,1.0,2,0,X,0.0,0.0,0.0,0.0,0.0,0.0,0.0,0.0,24,0.03310547156110714,14,12,2,0,0,0,0,0,0,0,0,1,0
1e8g,B,126,ASN,-3.5,114.1,0.0,2,2,X,0.0,0.0,0.0,0.0,0.0,0.0,0.0,0.0,23,0.0363693912924839,27,19,8,0,0,0,0,0,0,0,0,1,0
1e8g,B,127,MET,1.9,162.9,0.0,0,0,X,0.0,0.0,0.0,0.0,0.0,0.0,0.0,0.0,35,0.04662742473395372,31,24,7,0,0,0,0,0,0,0,0,1,0
1e8g,B,128,ASN,-3.5,114.1,0.0,2,2,X,0.0,0.0,0.0,0.0,0.0,0.0,0.0,0.0,23,0.03776821403450251,21,19,2,0,0,0,0,0,0,0,0,1,0
1e8g,B,129,ARG,-4.5,173.4,1.0,5,0,X,0.0,0.0,0.0,0.0,0.0,0.0,0.0,0.0,23,0.0363693912924839,11,18,-7,0,0,0,0,0,0,0,0,1,0
1e8g,B,130,VAL,4.2,140.0,0.0,0,0,X,0.0,0.0,0.0,0.0,0.0,0.0,0.0,0.0,27,0.040565859518539735,12,25,-13,0,0,0,0,0,0,0,0,1,0
1e8g,B,131,LEU,3.8,166.7,0.0,0,0,X,0.0,0.0,0.0,0.0,0.0,0.0,0.0,0.0,28,0.035436842797804825,26,25,1,0,0,0,0,0,0,0,0,1,0
1e8g,B,132,GLU,-3.5,138.4,-1.0,1,3,X,0.0,0.0,0.0,0.0,0.0,0.0,0.0,0.0,27,0.03403802005578621,13,2,11,0,0,0,0,0,0,0,0,1,0
1e8g,B,133,VAL,4.2,140.0,0.0,0,0,X,0.0,0.0,0.0,0.0,0.0,0.0,0.0,0.0,25,0.04103213376587927,3,12,-9,0,0,0,0,0,0,0,0,1,0
1e8g,B,134,ASN,-3.5,114.1,0.0,2,2,X,0.0,0.0,0.0,0.0,0.0,0.0,0.0,0.0,25,0.03403802005578621,27,18,9,0,0,0,0,0,0,0,0,1,0
1e8g,B,135,VAL,4.2,140.0,0.0,0,0,X,0.0,0.0,0.0,0.0,0.0,0.0,0.0,0.0,23,0.03450429430312575,19,16,3,0,0,0,0,0,0,0,0,1,0
1e8g,B,136,GLU,-3.5,138.4,-1.0,1,3,X,0.0,0.0,0.0,0.0,0.0,0.0,0.0,0.0,24,0.027510180593032695,28,15,13,0,0,0,0,0,0,0,0,1,0
1e8g,B,137,GLY,-0.4,60.1,0.0,0,0,X,0.0,0.0,0.0,0.0,0.0,0.0,0.0,0.0,32,0.04616115048661418,38,17,21,0,0,0,0,0,0,0,0,1,0
1e8g,B,138,ALA,1.8,88.6,0.0,0,0,X,0.0,0.0,0.0,0.0,0.0,0.0,0.0,0.0,31,0.04755997322863279,29,15,14,0,0,0,0,0,0,0,0,1,0
1e8g,B,139,TYR,-1.3,193.6,0.0,1,1,X,0.0,0.0,0.0,0.0,0.0,0.0,0.0,0.0,34,0.05175644145468863,25,17,8,0,0,0,0,0,0,0,0,1,0
1e8g,B,140,CYS,2.5,108.5,0.0,1,0,X,0.0,0.0,0.0,0.0,0.0,0.0,0.0,0.0,37,0.05035761871267001,22,12,10,0,0,0,0,0,0,0,0,1,0
1e8g,B,141,VAL,4.2,140.0,0.0,0,0,X,0.0,0.0,0.0,0.0,0.0,0.0,0.0,0.0,31,0.05035761871267001,24,20,4,0,0,0,0,0,0,0,0,1,0
1e8g,B,142,VAL,4.2,140.0,0.0,0,0,X,0.0,0.0,0.0,0.0,0.0,0.0,0.0,0.0,38,0.05222271570202816,24,21,3,0,0,0,0,0,0,0,0,1,0
1e8g,B,143,GLU,-3.5,138.4,-1.0,1,3,X,0.0,0.0,0.0,0.0,0.0,0.0,0.0,0.0,35,0.0526889899493677,26,9,17,0,0,0,0,0,0,0,0,1,0
1e8g,B,144,PRO,-1.6,112.7,0.0,0,0,X,0.0,0.0,0.0,0.0,0.0,0.0,0.0,0.0,39,0.05408781269138631,22,18,4,0,0,0,0,0,0,0,0,1,0
1e8g,B,145,GLY,-0.4,60.1,0.0,0,0,X,0.0,0.0,0.0,0.0,0.0,0.0,0.0,0.0,33,0.05035761871267001,18,24,-6,0,0,0,0,0,0,0,0,1,0
1e8g,B,146,VAL,4.2,140.0,0.0,0,0,X,0.0,0.0,0.0,0.0,0.0,0.0,0.0,0.0,39,0.05129016720734909,18,17,1,0,0,0,0,0,0,0,0,1,0
1e8g,B,147,THR,-0.7,116.1,0.0,1,1,X,0.0,0.0,0.0,0.0,0.0,0.0,0.0,0.0,36,0.043829779249916496,27,12,15,0,0,0,0,0,0,0,0,1,0
1e8g,B,148,TYR,-1.3,193.6,0.0,1,1,X,0.0,0.0,0.0,0.0,0.0,0.0,0.0,0.0,40,0.05129016720734909,25,20,5,0,0,0,0,0,0,0,0,1,0
1e8g,B,149,HIS,-3.2,153.2,0.1,2,1,X,0.0,0.0,0.0,0.0,0.0,0.0,0.0,0.0,25,0.04429605349725603,13,13,0,0,0,0,0,0,0,0,0,1,0
1e8g,B,150,ASP,-3.5,111.1,-1.0,1,3,X,0.0,0.0,0.0,0.0,0.0,0.0,0.0,0.0,28,0.03730193978716297,25,2,23,0,0,0,0,0,0,0,0,1,0
1e8g,B,151,LEU,3.8,166.7,0.0,0,0,X,0.0,0.0,0.0,0.0,0.0,0.0,0.0,0.0,40,0.04476232774459557,23,24,-1,0,0,0,0,0,0,0,0,1,0
1e8g,B,152,HIS,-3.2,153.2,0.1,2,1,X,0.0,0.0,0.0,0.0,0.0,0.0,0.0,0.0,30,0.045228601991935104,22,17,5,0,0,0,0,0,0,0,0,1,0
1e8g,B,153,ASN,-3.5,114.1,0.0,2,2,X,0.0,0.0,0.0,0.0,0.0,0.0,0.0,0.0,20,0.0363693912924839,22,17,5,0,0,0,0,0,0,0,0,1,0
1e8g,B,154,TYR,-1.3,193.6,0.0,1,1,X,0.0,0.0,0.0,0.0,0.0,0.0,0.0,0.0,28,0.03776821403450251,15,18,-3,0,0,0,0,0,0,0,0,1,0
1e8g,B,155,LEU,3.8,166.7,0.0,0,0,X,0.0,0.0,0.0,0.0,0.0,0.0,0.0,0.0,28,0.04662742473395372,31,23,8,0,0,0,0,0,0,0,0,1,0
1e8g,B,156,GLU,-3.5,138.4,-1.0,1,3,X,0.0,0.0,0.0,0.0,0.0,0.0,0.0,0.0,21,0.03776821403450251,26,9,17,0,0,0,0,0,0,0,0,1,0
1e8g,B,157,ALA,1.8,88.6,0.0,0,0,X,0.0,0.0,0.0,0.0,0.0,0.0,0.0,0.0,11,0.02797645484037223,15,11,4,0,0,0,0,0,0,0,0,1,0
1e8g,B,158,ASN,-3.5,114.1,0.0,2,2,X,0.0,0.0,0.0,0.0,0.0,0.0,0.0,0.0,16,0.025645083603674543,11,10,1,0,0,0,0,0,0,0,0,1,0
1e8g,B,159,ASN,-3.5,114.1,0.0,2,2,X,0.0,0.0,0.0,0.0,0.0,0.0,0.0,0.0,12,0.03170664881908853,19,17,2,0,0,0,0,0,0,0,0,1,0
1e8g,B,160,LEU,3.8,166.7,0.0,0,0,X,0.0,0.0,0.0,0.0,0.0,0.0,0.0,0.0,23,0.04103213376587927,23,17,6,0,0,0,0,0,0,0,0,1,0
1e8g,B,161,ARG,-4.5,173.4,1.0,5,0,X,0.0,0.0,0.0,0.0,0.0,0.0,0.0,0.0,22,0.040565859518539735,17,17,0,0,0,0,0,0,0,0,0,1,0
1e8g,B,162,ASP,-3.5,111.1,-1.0,1,3,X,0.0,0.0,0.0,0.0,0.0,0.0,0.0,0.0,15,0.02984155182973038,20,9,11,0,0,0,0,0,0,0,0,1,0
1e8g,B,163,LYS,-3.9,168.6,1.0,2,0,X,0.0,0.0,0.0,0.0,0.0,0.0,0.0,0.0,19,0.03403802005578621,10,11,-1,0,0,0,0,0,0,0,0,1,0
1e8g,B,164,LEU,3.8,166.7,0.0,0,0,X,0.0,0.0,0.0,0.0,0.0,0.0,0.0,0.0,34,0.04662742473395372,22,13,9,0,0,0,0,0,0,0,0,1,0
1e8g,B,165,TRP,-0.9,227.8,0.0,1,0,X,0.0,0.0,0.0,0.0,0.0,0.0,0.0,0.0,31,0.04616115048661418,23,15,8,0,0,0,0,0,0,0,0,1,0
1e8g,B,166,LEU,3.8,166.7,0.0,0,0,X,0.0,0.0,0.0,0.0,0.0,0.0,0.0,0.0,41,0.045228601991935104,31,14,17,0,0,0,0,0,0,0,0,1,0
1e8g,B,167,ASP,-3.5,111.1,-1.0,1,3,X,0.0,0.0,0.0,0.0,0.0,0.0,0.0,0.0,36,0.050823892960009553,12,7,5,0,0,0,0,0,0,0,0,1,0
1e8g,B,168,VAL,4.2,140.0,0.0,0,0,X,0.0,0.0,0.0,0.0,0.0,0.0,0.0,0.0,39,0.0526889899493677,28,17,11,0,0,0,0,0,0,0,0,1,0
1e8g,B,169,PRO,-1.6,112.7,0.0,0,0,X,0.0,0.0,0.0,0.0,0.0,0.0,0.0,0.0,36,0.04196468226055834,19,21,-2,0,0,0,0,0,0,0,0,1,1
1e8g,B,170,ASP,-3.5,111.1,-1.0,1,3,X,0.0,0.0,0.0,0.0,0.0,0.0,0.0,0.0,37,0.040565859518539735,22,19,3,0,0,0,0,0,0,0,0,1,1
1e8g,B,171,LEU,3.8,166.7,0.0,0,0,X,0.0,0.0,0.0,0.0,0.0,0.0,0.0,0.0,33,0.045694876239274644,19,24,-5,0,0,0,0,0,0,0,0,1,1
1e8g,B,172,GLY,-0.4,60.1,0.0,0,0,X,0.0,0.0,0.0,0.0,0.0,0.0,0.0,0.0,32,0.048492521723311866,25,19,6,0,0,0,0,0,0,0,0,1,0
1e8g,B,173,GLY,-0.4,60.1,0.0,0,0,X,0.0,0.0,0.0,0.0,0.0,0.0,0.0,0.0,32,0.04429605349725603,22,11,11,0,0,0,0,0,0,0,0,1,0
1e8g,B,174,GLY,-0.4,60.1,0.0,0,0,X,0.0,0.0,0.0,0.0,0.0,0.0,0.0,0.0,35,0.04709369898129325,23,13,10,0,0,0,0,0,0,0,0,1,1
1e8g,B,175,SER,-0.8,89.0,0.0,1,1,X,0.0,0.0,0.0,0.0,0.0,0.0,0.0,0.0,37,0.048026247475972325,17,15,2,0,0,0,0,0,0,0,0,1,1
1e8g,B,176,VAL,4.2,140.0,0.0,0,0,X,0.0,0.0,0.0,0.0,0.0,0.0,0.0,0.0,42,0.048958795970651406,17,18,-1,0,0,0,0,0,0,0,0,1,0
1e8g,B,177,LEU,3.8,166.7,0.0,0,0,X,0.0,0.0,0.0,0.0,0.0,0.0,0.0,0.0,39,0.04662742473395372,17,14,3,0,0,0,0,0,0,0,0,1,0
1e8g,B,178,GLY,-0.4,60.1,0.0,0,0,X,0.0,0.0,0.0,0.0,0.0,0.0,0.0,0.0,39,0.04103213376587927,25,11,14,0,0,0,0,0,0,0,0,1,0
1e8g,B,179,ASN,-3.5,114.1,0.0,2,2,X,0.0,0.0,0.0,0.0,0.0,0.0,0.0,0.0,37,0.043829779249916496,28,17,11,0,0,0,0,0,0,0,0,1,1
1e8g,B,180,ALA,1.8,88.6,0.0,0,0,X,0.0,0.0,0.0,0.0,0.0,0.0,0.0,0.0,38,0.048492521723311866,35,18,17,0,0,0,0,0,0,0,0,1,0
1e8g,B,181,VAL,4.2,140.0,0.0,0,0,X,0.0,0.0,0.0,0.0,0.0,0.0,0.0,0.0,38,0.048026247475972325,38,12,26,0,0,0,0,0,0,0,0,1,0
1e8g,B,182,GLU,-3.5,138.4,-1.0,1,3,X,0.0,0.0,0.0,0.0,0.0,0.0,0.0,0.0,33,0.043829779249916496,32,0,32,0,0,0,0,0,0,0,0,1,1
1e8g,B,183,ARG,-4.5,173.4,1.0,5,0,X,0.0,0.0,0.0,0.0,0.0,0.0,0.0,0.0,38,0.05595290968074446,27,20,7,0,0,0,0,0,0,0,0,1,0
1e8g,B,184,GLY,-0.4,60.1,0.0,0,0,X,0.0,0.0,0.0,0.0,0.0,0.0,0.0,0.0,38,0.045228601991935104,36,25,11,0,0,0,0,0,0,0,0,1,1
1e8g,B,185,VAL,4.2,140.0,0.0,0,0,X,0.0,0.0,0.0,0.0,0.0,0.0,0.0,0.0,40,0.043363505002576956,36,29,7,0,0,0,0,0,0,0,0,1,1
1e8g,B,186,GLY,-0.4,60.1,0.0,0,0,X,0.0,0.0,0.0,0.0,0.0,0.0,0.0,0.0,38,0.04755997322863279,25,24,1,0,0,0,0,0,0,0,0,1,0
1e8g,B,187,TYR,-1.3,193.6,0.0,1,1,X,0.0,0.0,0.0,0.0,0.0,0.0,0.0,0.0,44,0.05502036118606539,25,23,2,0,0,0,0,0,0,0,0,1,1
1e8g,B,188,THR,-0.7,116.1,0.0,1,1,X,0.0,0.0,0.0,0.0,0.0,0.0,0.0,0.0,38,0.05035761871267001,15,14,1,0,0,0,0,0,0,0,0,1,0
1e8g,B,189,PRO,-1.6,112.7,0.0,0,0,X,0.0,0.0,0.0,0.0,0.0,0.0,0.0,0.0,35,0.040099585271200194,8,13,-5,0,0,0,0,0,0,0,0,1,0
1e8g,B,190,TYR,-1.3,193.6,0.0,1,1,X,0.0,0.0,0.0,0.0,0.0,0.0,0.0,0.0,33,0.043363505002576956,18,15,3,0,0,0,0,0,0,0,0,1,0
1e8g,B,191,GLY,-0.4,60.1,0.0,0,0,X,0.0,0.0,0.0,0.0,0.0,0.0,0.0,0.0,38,0.04616115048661418,23,17,6,0,0,0,0,0,0,0,0,1,0
1e8g,B,192,ASP,-3.5,111.1,-1.0,1,3,X,0.0,0.0,0.0,0.0,0.0,0.0,0.0,0.0,35,0.04243095650789788,33,11,22,0,0,0,0,0,0,0,0,1,0
1e8g,B,193,HIS,-3.2,153.2,0.1,2,1,X,0.0,0.0,0.0,0.0,0.0,0.0,0.0,0.0,37,0.05175644145468863,16,21,-5,0,0,0,0,0,0,0,0,1,0
1e8g,B,194,TRP,-0.9,227.8,0.0,1,0,X,0.0,0.0,0.0,0.0,0.0,0.0,0.0,0.0,36,0.048958795970651406,29,21,8,0,0,0,0,0,0,0,0,1,0
1e8g,B,195,MET,1.9,162.9,0.0,0,0,X,0.0,0.0,0.0,0.0,0.0,0.0,0.0,0.0,22,0.03683566553982344,25,12,13,0,0,0,0,0,0,0,0,1,0
1e8g,B,196,MET,1.9,162.9,0.0,0,0,X,0.0,0.0,0.0,0.0,0.0,0.0,0.0,0.0,31,0.04616115048661418,28,15,13,0,0,0,0,0,0,0,0,1,0
1e8g,B,197,HIS,-3.2,153.2,0.1,2,1,X,0.0,0.0,0.0,0.0,0.0,0.0,0.0,0.0,36,0.05175644145468863,18,13,5,0,0,0,0,0,0,0,0,1,0
1e8g,B,198,SER,-0.8,89.0,0.0,1,1,X,0.0,0.0,0.0,0.0,0.0,0.0,0.0,0.0,38,0.05408781269138631,31,6,25,0,0,0,0,0,0,0,0,1,0
1e8g,B,199,GLY,-0.4,60.1,0.0,0,0,X,0.0,0.0,0.0,0.0,0.0,0.0,0.0,0.0,40,0.05455408693872585,38,16,22,0,0,0,0,0,0,0,0,1,0
1e8g,B,200,MET,1.9,162.9,0.0,0,0,X,0.0,0.0,0.0,0.0,0.0,0.0,0.0,0.0,42,0.05455408693872585,35,17,18,0,0,0,0,0,0,0,0,1,0
1e8g,B,201,GLU,-3.5,138.4,-1.0,1,3,X,0.0,0.0,0.0,0.0,0.0,0.0,0.0,0.0,41,0.050823892960009553,23,20,3,0,0,0,0,0,0,0,0,1,0
1e8g,B,202,VAL,4.2,140.0,0.0,0,0,X,0.0,0.0,0.0,0.0,0.0,0.0,0.0,0.0,37,0.04989134446533048,18,17,1,0,0,0,0,0,0,0,0,1,0
1e8g,B,203,VAL,4.2,140.0,0.0,0,0,X,0.0,0.0,0.0,0.0,0.0,0.0,0.0,0.0,42,0.04942507021799094,5,22,-17,0,0,0,0,0,0,0,0,1,0
1e8g,B,204,LEU,3.8,166.7,0.0,0,0,X,0.0,0.0,0.0,0.0,0.0,0.0,0.0,0.0,35,0.04662742473395372,5,20,-15,0,0,0,0,0,0,0,0,1,0
1e8g,B,205,ALA,1.8,88.6,0.0,0,0,X,0.0,0.0,0.0,0.0,0.0,0.0,0.0,0.0,36,0.04709369898129325,8,17,-9,0,0,0,0,0,0,0,0,1,0
1e8g,B,206,ASN,-3.5,114.1,0.0,2,2,X,0.0,0.0,0.0,0.0,0.0,0.0,0.0,0.0,28,0.032172923066428064,3,17,-14,0,0,0,0,0,0,0,0,1,0
1e8g,B,207,GLY,-0.4,60.1,0.0,0,0,X,0.0,0.0,0.0,0.0,0.0,0.0,0.0,0.0,31,0.03776821403450251,0,13,-13,0,0,0,0,0,0,0,0,1,0
1e8g,B,208,GLU,-3.5,138.4,-1.0,1,3,X,0.0,0.0,0.0,0.0,0.0,0.0,0.0,0.0,24,0.03310547156110714,8,0,8,0,0,0,0,0,0,0,0,1,0
1e8g,B,209,LEU,3.8,166.7,0.0,0,0,X,0.0,0.0,0.0,0.0,0.0,0.0,0.0,0.0,33,0.04755997322863279,20,28,-8,0,0,0,0,0,0,0,0,1,0
1e8g,B,210,LEU,3.8,166.7,0.0,0,0,X,0.0,0.0,0.0,0.0,0.0,0.0,0.0,0.0,41,0.05129016720734909,16,22,-6,0,0,0,0,0,0,0,0,1,0
1e8g,B,211,ARG,-4.5,173.4,1.0,5,0,X,0.0,0.0,0.0,0.0,0.0,0.0,0.0,0.0,40,0.05129016720734909,16,21,-5,0,0,0,0,0,0,0,0,1,0
1e8g,B,212,THR,-0.7,116.1,0.0,1,1,X,0.0,0.0,0.0,0.0,0.0,0.0,0.0,0.0,41,0.048492521723311866,27,16,11,0,0,0,0,0,0,0,0,1,0
1e8g,B,213,GLY,-0.4,60.1,0.0,0,0,X,0.0,0.0,0.0,0.0,0.0,0.0,0.0,0.0,42,0.05688545817542354,21,10,11,0,0,0,0,0,0,0,0,1,0
1e8g,B,214,MET,1.9,162.9,0.0,0,0,X,0.0,0.0,0.0,0.0,0.0,0.0,0.0,0.0,41,0.04942507021799094,23,11,12,0,0,0,0,0,0,0,0,1,0
1e8g,B,215,GLY,-0.4,60.1,0.0,0,0,X,0.0,0.0,0.0,0.0,0.0,0.0,0.0,0.0,39,0.056419183928083996,24,16,8,0,0,0,0,0,0,0,0,1,0
1e8g,B,216,ALA,1.8,88.6,0.0,0,0,X,0.0,0.0,0.0,0.0,0.0,0.0,0.0,0.0,41,0.053155264196707235,10,9,1,0,0,0,0,0,0,0,0,1,0
1e8g,B,217,LEU,3.8,166.7,0.0,0,0,X,0.0,0.0,0.0,0.0,0.0,0.0,0.0,0.0,38,0.050823892960009553,15,19,-4,0,0,0,0,0,0,0,0,1,0
1e8g,B,218,PRO,-1.6,112.7,0.0,0,0,X,0.0,0.0,0.0,0.0,0.0,0.0,0.0,0.0,32,0.043829779249916496,18,10,8,0,0,0,0,0,0,0,0,1,0
1e8g,B,219,ASP,-3.5,111.1,-1.0,1,3,X,0.0,0.0,0.0,0.0,0.0,0.0,0.0,0.0,28,0.03916703677652112,32,1,31,0,0,0,0,0,0,0,0,1,0
1e8g,B,220,PRO,-1.6,112.7,0.0,0,0,X,0.0,0.0,0.0,0.0,0.0,0.0,0.0,0.0,24,0.02844272908771177,27,10,17,0,0,0,0,0,0,0,0,1,0
1e8g,B,221,LYS,-3.9,168.6,1.0,2,0,X,0.0,0.0,0.0,0.0,0.0,0.0,0.0,0.0,14,0.027043906345693154,11,12,-1,0,0,0,0,0,0,0,0,1,0
1e8g,B,222,ARG,-4.5,173.4,1.0,5,0,X,0.0,0.0,0.0,0.0,0.0,0.0,0.0,0.0,14,0.026577632098353617,8,17,-9,0,0,0,0,0,0,0,0,1,0
1e8g,B,223,PRO,-1.6,112.7,0.0,0,0,X,0.0,0.0,0.0,0.0,0.0,0.0,0.0,0.0,9,0.021914889624958248,18,10,8,0,0,0,0,0,0,0,0,1,0
1e8g,B,224,GLU,-3.5,138.4,-1.0,1,3,X,0.0,0.0,0.0,0.0,0.0,0.0,0.0,0.0,10,0.02144861537761871,16,1,15,0,0,0,0,0,0,0,0,1,0
1e8g,B,225,THR,-0.7,116.1,0.0,1,1,X,0.0,0.0,0.0,0.0,0.0,0.0,0.0,0.0,14,0.034970568550465285,24,21,3,0,0,0,0,0,0,0,0,1,0
1e8g,B,226,MET,1.9,162.9,0.0,0,0,X,0.0,0.0,0.0,0.0,0.0,0.0,0.0,0.0,12,0.025645083603674543,23,10,13,0,0,0,0,0,0,0,0,1,0
1e8g,B,227,GLY,-0.4,60.1,0.0,0,0,X,0.0,0.0,0.0,0.0,0.0,0.0,0.0,0.0,13,0.01818469564624195,15,12,3,0,0,0,0,0,0,0,0,1,0
1e8g,B,228,LEU,3.8,166.7,0.0,0,0,X,0.0,0.0,0.0,0.0,0.0,0.0,0.0,0.0,14,0.028909003335051305,15,22,-7,0,0,0,0,0,0,0,0,1,0
1e8g,B,229,LYS,-3.9,168.6,1.0,2,0,X,0.0,0.0,0.0,0.0,0.0,0.0,0.0,0.0,19,0.026577632098353617,2,20,-18,0,0,0,0,0,0,0,0,1,0
1e8g,B,230,PRO,-1.6,112.7,0.0,0,0,X,0.0,0.0,0.0,0.0,0.0,0.0,0.0,0.0,22,0.040565859518539735,20,24,-4,0,0,0,0,0,0,0,0,1,0
1e8g,B,231,GLU,-3.5,138.4,-1.0,1,3,X,0.0,0.0,0.0,0.0,0.0,0.0,0.0,0.0,30,0.040565859518539735,25,20,5,0,0,0,0,0,0,0,0,1,0
1e8g,B,232,ASP,-3.5,111.1,-1.0,1,3,X,0.0,0.0,0.0,0.0,0.0,0.0,0.0,0.0,22,0.03450429430312575,23,15,8,0,0,0,0,0,0,0,0,1,0
1e8g,B,233,GLN,-3.5,143.8,0.0,2,2,X,0.0,0.0,0.0,0.0,0.0,0.0,0.0,0.0,25,0.040099585271200194,23,32,-9,0,0,0,0,0,0,0,0,1,0
1e8g,B,234,PRO,-1.6,112.7,0.0,0,0,X,0.0,0.0,0.0,0.0,0.0,0.0,0.0,0.0,29,0.03310547156110714,31,28,3,0,0,0,0,0,0,0,0,1,0
1e8g,B,235,TRP,-0.9,227.8,0.0,1,0,X,0.0,0.0,0.0,0.0,0.0,0.0,0.0,0.0,35,0.04289723075523742,35,32,3,0,0,0,0,0,0,0,0,1,0
1e8g,B,236,SER,-0.8,89.0,0.0,1,1,X,0.0,0.0,0.0,0.0,0.0,0.0,0.0,0.0,35,0.04429605349725603,33,12,21,0,0,0,0,0,0,0,0,1,0
1e8g,B,237,LYS,-3.9,168.6,1.0,2,0,X,0.0,0.0,0.0,0.0,0.0,0.0,0.0,0.0,37,0.0363693912924839,18,22,-4,0,0,0,0,0,0,0,0,1,0
1e8g,B,238,ILE,4.5,166.7,0.0,0,0,X,0.0,0.0,0.0,0.0,0.0,0.0,0.0,0.0,40,0.048958795970651406,35,18,17,0,0,0,0,0,0,0,0,1,0
1e8g,B,239,ALA,1.8,88.6,0.0,0,0,X,0.0,0.0,0.0,0.0,0.0,0.0,0.0,0.0,42,0.05175644145468863,36,11,25,0,0,0,0,0,0,0,0,1,0
1e8g,B,240,HIS,-3.2,153.2,0.1,2,1,X,0.0,0.0,0.0,0.0,0.0,0.0,0.0,0.0,38,0.05455408693872585,30,11,19,0,0,0,0,0,0,0,0,1,0
1e8g,B,241,LEU,3.8,166.7,0.0,0,0,X,0.0,0.0,0.0,0.0,0.0,0.0,0.0,0.0,39,0.05035761871267001,39,18,21,0,0,0,0,0,0,0,0,1,0
1e8g,B,242,PHE,2.8,189.9,0.0,0,0,X,0.0,0.0,0.0,0.0,0.0,0.0,0.0,0.0,39,0.050823892960009553,35,19,16,0,0,0,0,0,0,0,0,1,0
1e8g,B,243,PRO,-1.6,112.7,0.0,0,0,X,0.0,0.0,0.0,0.0,0.0,0.0,0.0,0.0,34,0.04942507021799094,31,18,13,0,0,0,0,0,0,0,0,1,0
1e8g,B,244,TYR,-1.3,193.6,0.0,1,1,X,0.0,0.0,0.0,0.0,0.0,0.0,0.0,0.0,40,0.043363505002576956,25,23,2,0,0,0,0,0,0,0,0,1,0
1e8g,B,245,GLY,-0.4,60.1,0.0,0,0,X,0.0,0.0,0.0,0.0,0.0,0.0,0.0,0.0,41,0.05455408693872585,22,15,7,0,0,0,0,0,0,0,0,1,0
1e8g,B,246,PHE,2.8,189.9,0.0,0,0,X,0.0,0.0,0.0,0.0,0.0,0.0,0.0,0.0,42,0.05222271570202816,23,21,2,0,0,0,0,0,0,0,0,1,0
1e8g,B,247,GLY,-0.4,60.1,0.0,0,0,X,0.0,0.0,0.0,0.0,0.0,0.0,0.0,0.0,39,0.048026247475972325,25,13,12,0,0,0,0,0,0,0,0,1,0
1e8g,B,248,PRO,-1.6,112.7,0.0,0,0,X,0.0,0.0,0.0,0.0,0.0,0.0,0.0,0.0,36,0.04709369898129325,17,10,7,0,0,0,0,0,0,0,0,1,0
1e8g,B,249,TYR,-1.3,193.6,0.0,1,1,X,0.0,0.0,0.0,0.0,0.0,0.0,0.0,0.0,29,0.053155264196707235,18,15,3,0,0,0,0,0,0,0,0,1,0
1e8g,B,250,ILE,4.5,166.7,0.0,0,0,X,0.0,0.0,0.0,0.0,0.0,0.0,0.0,0.0,32,0.04662742473395372,10,12,-2,0,0,0,0,0,0,0,0,1,0
1e8g,B,251,ASP,-3.5,111.1,-1.0,1,3,X,0.0,0.0,0.0,0.0,0.0,0.0,0.0,0.0,33,0.04755997322863279,16,4,12,0,0,0,0,0,0,0,0,1,0
1e8g,B,252,GLY,-0.4,60.1,0.0,0,0,X,0.0,0.0,0.0,0.0,0.0,0.0,0.0,0.0,29,0.053621538444046775,15,17,-2,0,0,0,0,0,0,0,0,1,0
1e8g,B,253,LEU,3.8,166.7,0.0,0,0,X,0.0,0.0,0.0,0.0,0.0,0.0,0.0,0.0,28,0.04942507021799094,5,14,-9,0,0,0,0,0,0,0,0,1,0
1e8g,B,254,PHE,2.8,189.9,0.0,0,0,X,0.0,0.0,0.0,0.0,0.0,0.0,0.0,0.0,35,0.048958795970651406,10,12,-2,0,0,0,0,0,0,0,0,1,0
1e8g,B,255,SER,-0.8,89.0,0.0,1,1,X,0.0,0.0,0.0,0.0,0.0,0.0,0.0,0.0,36,0.04942507021799094,22,17,5,0,0,0,0,0,0,0,0,1,0
1e8g,B,256,GLN,-3.5,143.8,0.0,2,2,X,0.0,0.0,0.0,0.0,0.0,0.0,0.0,0.0,40,0.045228601991935104,31,12,19,0,0,0,0,0,0,0,0,1,0
1e8g,B,257,SER,-0.8,89.0,0.0,1,1,X,0.0,0.0,0.0,0.0,0.0,0.0,0.0,0.0,37,0.04616115048661418,23,11,12,0,0,0,0,0,0,0,0,1,0
1e8g,B,258,ASN,-3.5,114.1,0.0,2,2,X,0.0,0.0,0.0,0.0,0.0,0.0,0.0,0.0,36,0.04755997322863279,19,12,7,0,0,0,0,0,0,0,0,1,0
1e8g,B,259,MET,1.9,162.9,0.0,0,0,X,0.0,0.0,0.0,0.0,0.0,0.0,0.0,0.0,37,0.04616115048661418,12,14,-2,0,0,0,0,0,0,0,0,1,0
1e8g,B,260,GLY,-0.4,60.1,0.0,0,0,X,0.0,0.0,0.0,0.0,0.0,0.0,0.0,0.0,38,0.04476232774459557,7,12,-5,0,0,0,0,0,0,0,0,1,1
1e8g,B,261,ILE,4.5,166.7,0.0,0,0,X,0.0,0.0,0.0,0.0,0.0,0.0,0.0,0.0,40,0.03823448828184205,3,13,-10,0,0,0,0,0,0,0,0,1,0
1e8g,B,262,VAL,4.2,140.0,0.0,0,0,X,0.0,0.0,0.0,0.0,0.0,0.0,0.0,0.0,41,0.045228601991935104,9,17,-8,0,0,0,0,0,0,0,0,1,1
1e8g,B,263,THR,-0.7,116.1,0.0,1,1,X,0.0,0.0,0.0,0.0,0.0,0.0,0.0,0.0,44,0.045694876239274644,21,27,-6,0,0,0,0,0,0,0,0,1,0
1e8g,B,264,LYS,-3.9,168.6,1.0,2,0,X,0.0,0.0,0.0,0.0,0.0,0.0,0.0,0.0,39,0.048492521723311866,24,29,-5,0,0,0,0,0,0,0,0,1,0
1e8g,B,265,ILE,4.5,166.7,0.0,0,0,X,0.0,0.0,0.0,0.0,0.0,0.0,0.0,0.0,40,0.05222271570202816,33,18,15,0,0,0,0,0,0,0,0,1,0
1e8g,B,266,GLY,-0.4,60.1,0.0,0,0,X,0.0,0.0,0.0,0.0,0.0,0.0,0.0,0.0,40,0.05129016720734909,31,18,13,0,0,0,0,0,0,0,0,1,0
1e8g,B,267,ILE,4.5,166.7,0.0,0,0,X,0.0,0.0,0.0,0.0,0.0,0.0,0.0,0.0,40,0.05129016720734909,37,11,26,0,0,0,0,0,0,0,0,1,0
1e8g,B,268,TRP,-0.9,227.8,0.0,1,0,X,0.0,0.0,0.0,0.0,0.0,0.0,0.0,0.0,33,0.04755997322863279,34,4,30,0,0,0,0,0,0,0,0,1,0
1e8g,B,269,LEU,3.8,166.7,0.0,0,0,X,0.0,0.0,0.0,0.0,0.0,0.0,0.0,0.0,32,0.048958795970651406,13,12,1,0,0,0,0,0,0,0,0,1,0
1e8g,B,270,MET,1.9,162.9,0.0,0,0,X,0.0,0.0,0.0,0.0,0.0,0.0,0.0,0.0,36,0.045228601991935104,12,9,3,0,0,0,0,0,0,0,0,1,0
1e8g,B,271,PRO,-1.6,112.7,0.0,0,0,X,0.0,0.0,0.0,0.0,0.0,0.0,0.0,0.0,33,0.04149840801321881,23,8,15,0,0,0,0,0,0,0,0,1,0
1e8g,B,272,ASN,-3.5,114.1,0.0,2,2,X,0.0,0.0,0.0,0.0,0.0,0.0,0.0,0.0,20,0.03450429430312575,16,8,8,0,0,0,0,0,0,0,0,1,0
1e8g,B,273,PRO,-1.6,112.7,0.0,0,0,X,0.0,0.0,0.0,0.0,0.0,0.0,0.0,0.0,28,0.034970568550465285,12,4,8,0,0,0,0,0,0,0,0,1,0
1e8g,B,274,GLY,-0.4,60.1,0.0,0,0,X,0.0,0.0,0.0,0.0,0.0,0.0,0.0,0.0,20,0.02471253510899547,11,9,2,0,0,0,0,0,0,0,0,1,0
1e8g,B,275,GLY,-0.4,60.1,0.0,0,0,X,0.0,0.0,0.0,0.0,0.0,0.0,0.0,0.0,22,0.032639197313767604,11,7,4,0,0,0,0,0,0,0,0,1,0
1e8g,B,276,TYR,-1.3,193.6,0.0,1,1,X,0.0,0.0,0.0,0.0,0.0,0.0,0.0,0.0,33,0.04476232774459557,15,9,6,0,0,0,0,0,0,0,0,1,0
1e8g,B,277,GLN,-3.5,143.8,0.0,2,2,X,0.0,0.0,0.0,0.0,0.0,0.0,0.0,0.0,26,0.04149840801321881,14,20,-6,0,0,0,0,0,0,0,0,1,0
1e8g,B,278,SER,-0.8,89.0,0.0,1,1,X,0.0,0.0,0.0,0.0,0.0,0.0,0.0,0.0,33,0.05502036118606539,25,17,8,0,0,0,0,0,0,0,0,1,0
1e8g,B,279,TYR,-1.3,193.6,0.0,1,1,X,0.0,0.0,0.0,0.0,0.0,0.0,0.0,0.0,35,0.053621538444046775,14,5,9,0,0,0,0,0,0,0,0,1,0
1e8g,B,280,LEU,3.8,166.7,0.0,0,0,X,0.0,0.0,0.0,0.0,0.0,0.0,0.0,0.0,39,0.05408781269138631,20,12,8,0,0,0,0,0,0,0,0,1,0
1e8g,B,281,ILE,4.5,166.7,0.0,0,0,X,0.0,0.0,0.0,0.0,0.0,0.0,0.0,0.0,37,0.053621538444046775,17,0,17,0,0,0,0,0,0,0,0,1,0
1e8g,B,282,THR,-0.7,116.1,0.0,1,1,X,0.0,0.0,0.0,0.0,0.0,0.0,0.0,0.0,32,0.04989134446533048,21,4,17,0,0,0,0,0,0,0,0,1,0
1e8g,B,283,LEU,3.8,166.7,0.0,0,0,X,0.0,0.0,0.0,0.0,0.0,0.0,0.0,0.0,37,0.05035761871267001,32,14,18,0,0,0,0,0,0,0,0,1,0
1e8g,B,284,PRO,-1.6,112.7,0.0,0,0,X,0.0,0.0,0.0,0.0,0.0,0.0,0.0,0.0,26,0.03776821403450251,30,23,7,0,0,0,0,0,0,0,0,1,0
1e8g,B,285,LYS,-3.9,168.6,1.0,2,0,X,0.0,0.0,0.0,0.0,0.0,0.0,0.0,0.0,20,0.03403802005578621,12,29,-17,0,0,0,0,0,0,0,0,1,0
1e8g,B,286,ASP,-3.5,111.1,-1.0,1,3,X,0.0,0.0,0.0,0.0,0.0,0.0,0.0,0.0,26,0.040099585271200194,38,23,15,0,0,0,0,0,0,0,0,1,0
1e8g,B,287,GLY,-0.4,60.1,0.0,0,0,X,0.0,0.0,0.0,0.0,0.0,0.0,0.0,0.0,21,0.029375277582390842,30,20,10,0,0,0,0,0,0,0,0,1,0
1e8g,B,288,ASP,-3.5,111.1,-1.0,1,3,X,0.0,0.0,0.0,0.0,0.0,0.0,0.0,0.0,28,0.04103213376587927,26,9,17,0,0,0,0,0,0,0,0,1,0
1e8g,B,289,LEU,3.8,166.7,0.0,0,0,X,0.0,0.0,0.0,0.0,0.0,0.0,0.0,0.0,39,0.04755997322863279,33,31,2,0,0,0,0,0,0,0,0,1,0
1e8g,B,290,LYS,-3.9,168.6,1.0,2,0,X,0.0,0.0,0.0,0.0,0.0,0.0,0.0,0.0,24,0.03963331102386066,1,32,-31,0,0,0,0,0,0,0,0,1,0
1e8g,B,291,GLN,-3.5,143.8,0.0,2,2,X,0.0,0.0,0.0,0.0,0.0,0.0,0.0,0.0,24,0.0363693912924839,11,18,-7,0,0,0,0,0,0,0,0,1,0
1e8g,B,292,ALA,1.8,88.6,0.0,0,0,X,0.0,0.0,0.0,0.0,0.0,0.0,0.0,0.0,40,0.04616115048661418,15,18,-3,0,0,0,0,0,0,0,0,1,0
1e8g,B,293,VAL,4.2,140.0,0.0,0,0,X,0.0,0.0,0.0,0.0,0.0,0.0,0.0,0.0,36,0.04942507021799094,28,27,1,0,0,0,0,0,0,0,0,1,0
1e8g,B,294,ASP,-3.5,111.1,-1.0,1,3,X,0.0,0.0,0.0,0.0,0.0,0.0,0.0,0.0,26,0.040099585271200194,22,20,2,0,0,0,0,0,0,0,0,1,0
1e8g,B,295,ILE,4.5,166.7,0.0,0,0,X,0.0,0.0,0.0,0.0,0.0,0.0,0.0,0.0,29,0.04103213376587927,24,14,10,0,0,0,0,0,0,0,0,1,0
1e8g,B,296,ILE,4.5,166.7,0.0,0,0,X,0.0,0.0,0.0,0.0,0.0,0.0,0.0,0.0,39,0.04429605349725603,28,11,17,0,0,0,0,0,0,0,0,1,0
1e8g,B,297,ARG,-4.5,173.4,1.0,5,0,X,0.0,0.0,0.0,0.0,0.0,0.0,0.0,0.0,31,0.043363505002576956,25,19,6,0,0,0,0,0,0,0,0,1,0
1e8g,B,298,PRO,-1.6,112.7,0.0,0,0,X,0.0,0.0,0.0,0.0,0.0,0.0,0.0,0.0,28,0.03170664881908853,19,12,7,0,0,0,0,0,0,0,0,1,0
1e8g,B,299,LEU,3.8,166.7,0.0,0,0,X,0.0,0.0,0.0,0.0,0.0,0.0,0.0,0.0,32,0.03776821403450251,22,5,17,0,0,0,0,0,0,0,0,1,0
1e8g,B,300,ARG,-4.5,173.4,1.0,5,0,X,0.0,0.0,0.0,0.0,0.0,0.0,0.0,0.0,32,0.048492521723311866,19,8,11,0,0,0,0,0,0,0,0,1,0
1e8g,B,301,LEU,3.8,166.7,0.0,0,0,X,0.0,0.0,0.0,0.0,0.0,0.0,0.0,0.0,31,0.04289723075523742,34,6,28,0,0,0,0,0,0,0,0,1,0
1e8g,B,302,GLY,-0.4,60.1,0.0,0,0,X,0.0,0.0,0.0,0.0,0.0,0.0,0.0,0.0,29,0.032172923066428064,18,0,18,0,0,0,0,0,0,0,0,1,0
1e8g,B,303,MET,1.9,162.9,0.0,0,0,X,0.0,0.0,0.0,0.0,0.0,0.0,0.0,0.0,27,0.028909003335051305,14,0,14,0,0,0,0,0,0,0,0,1,0
1e8g,B,304,ALA,1.8,88.6,0.0,0,0,X,0.0,0.0,0.0,0.0,0.0,0.0,0.0,0.0,33,0.03776821403450251,21,4,17,0,0,0,0,0,0,0,0,1,0
1e8g,B,305,LEU,3.8,166.7,0.0,0,0,X,0.0,0.0,0.0,0.0,0.0,0.0,0.0,0.0,34,0.048026247475972325,15,0,15,0,0,0,0,0,0,0,0,1,0
1e8g,B,306,GLN,-3.5,143.8,0.0,2,2,X,0.0,0.0,0.0,0.0,0.0,0.0,0.0,0.0,33,0.04243095650789788,16,0,16,0,0,0,0,0,0,0,0,1,0
1e8g,B,307,ASN,-3.5,114.1,0.0,2,2,X,0.0,0.0,0.0,0.0,0.0,0.0,0.0,0.0,38,0.04662742473395372,12,5,7,0,0,0,0,0,0,0,0,1,0
1e8g,B,308,VAL,4.2,140.0,0.0,0,0,X,0.0,0.0,0.0,0.0,0.0,0.0,0.0,0.0,39,0.050823892960009553,26,15,11,0,0,0,0,0,0,0,0,1,0
1e8g,B,309,PRO,-1.6,112.7,0.0,0,0,X,0.0,0.0,0.0,0.0,0.0,0.0,0.0,0.0,39,0.05408781269138631,21,2,19,0,0,0,0,0,0,0,0,1,0
1e8g,B,310,THR,-0.7,116.1,0.0,1,1,X,0.0,0.0,0.0,0.0,0.0,0.0,0.0,0.0,41,0.04989134446533048,29,9,20,0,0,0,0,0,0,0,0,1,0
1e8g,B,311,ILE,4.5,166.7,0.0,0,0,X,0.0,0.0,0.0,0.0,0.0,0.0,0.0,0.0,39,0.05175644145468863,37,5,32,0,0,0,0,0,0,0,0,1,0
1e8g,B,312,ARG,-4.5,173.4,1.0,5,0,X,0.0,0.0,0.0,0.0,0.0,0.0,0.0,0.0,38,0.05408781269138631,22,18,4,0,0,0,0,0,0,0,0,1,0
1e8g,B,313,HIS,-3.2,153.2,0.1,2,1,X,0.0,0.0,0.0,0.0,0.0,0.0,0.0,0.0,37,0.05408781269138631,32,24,8,0,0,0,0,0,0,0,0,1,0
1e8g,B,314,ILE,4.5,166.7,0.0,0,0,X,0.0,0.0,0.0,0.0,0.0,0.0,0.0,0.0,41,0.05548663543340492,40,24,16,0,0,0,0,0,0,0,0,1,0
1e8g,B,315,LEU,3.8,166.7,0.0,0,0,X,0.0,0.0,0.0,0.0,0.0,0.0,0.0,0.0,38,0.048492521723311866,36,24,12,0,0,0,0,0,0,0,0,1,0
1e8g,B,316,LEU,3.8,166.7,0.0,0,0,X,0.0,0.0,0.0,0.0,0.0,0.0,0.0,0.0,40,0.05129016720734909,33,21,12,0,0,0,0,0,0,0,0,1,0
1e8g,B,317,ASP,-3.5,111.1,-1.0,1,3,X,0.0,0.0,0.0,0.0,0.0,0.0,0.0,0.0,41,0.048026247475972325,31,12,19,0,0,0,0,0,0,0,0,1,0
1e8g,B,318,ALA,1.8,88.6,0.0,0,0,X,0.0,0.0,0.0,0.0,0.0,0.0,0.0,0.0,34,0.04616115048661418,22,17,5,0,0,0,0,0,0,0,0,1,0
1e8g,B,319,ALA,1.8,88.6,0.0,0,0,X,0.0,0.0,0.0,0.0,0.0,0.0,0.0,0.0,34,0.0526889899493677,23,33,-10,0,0,0,0,0,0,0,0,1,0
1e8g,B,320,VAL,4.2,140.0,0.0,0,0,X,0.0,0.0,0.0,0.0,0.0,0.0,0.0,0.0,35,0.045694876239274644,17,38,-21,0,0,0,0,0,0,0,0,1,0
1e8g,B,321,LEU,3.8,166.7,0.0,0,0,X,0.0,0.0,0.0,0.0,0.0,0.0,0.0,0.0,30,0.032639197313767604,11,24,-13,0,0,0,0,0,0,0,0,1,0
1e8g,B,322,GLY,-0.4,60.1,0.0,0,0,X,0.0,0.0,0.0,0.0,0.0,0.0,0.0,0.0,28,0.03776821403450251,22,22,0,0,0,0,0,0,0,0,0,1,0
1e8g,B,323,ASP,-3.5,111.1,-1.0,1,3,X,0.0,0.0,0.0,0.0,0.0,0.0,0.0,0.0,24,0.04662742473395372,28,8,20,0,0,0,0,0,0,0,0,1,0
1e8g,B,324,LYS,-3.9,168.6,1.0,2,0,X,0.0,0.0,0.0,0.0,0.0,0.0,0.0,0.0,29,0.045694876239274644,19,28,-9,0,0,0,0,0,0,0,0,1,0
1e8g,B,325,ARG,-4.5,173.4,1.0,5,0,X,0.0,0.0,0.0,0.0,0.0,0.0,0.0,0.0,13,0.03357174580844668,14,10,4,0,0,0,0,0,0,0,0,1,0
1e8g,B,326,SER,-0.8,89.0,0.0,1,1,X,0.0,0.0,0.0,0.0,0.0,0.0,0.0,0.0,17,0.026577632098353617,20,9,11,0,0,0,0,0,0,0,0,1,0
1e8g,B,327,TYR,-1.3,193.6,0.0,1,1,X,0.0,0.0,0.0,0.0,0.0,0.0,0.0,0.0,25,0.032639197313767604,25,18,7,0,0,0,0,0,0,0,0,1,0
1e8g,B,328,SER,-0.8,89.0,0.0,1,1,X,0.0,0.0,0.0,0.0,0.0,0.0,0.0,0.0,22,0.03170664881908853,32,24,8,0,0,0,0,0,0,0,0,1,0
1e8g,B,329,SER,-0.8,89.0,0.0,1,1,X,0.0,0.0,0.0,0.0,0.0,0.0,0.0,0.0,12,0.025178809356335007,30,12,18,0,0,0,0,0,0,0,0,1,0
1e8g,B,330,ARG,-4.5,173.4,1.0,5,0,X,0.0,0.0,0.0,0.0,0.0,0.0,0.0,0.0,20,0.02611135785101408,12,25,-13,0,0,0,0,0,0,0,0,1,0
1e8g,B,331,THR,-0.7,116.1,0.0,1,1,X,0.0,0.0,0.0,0.0,0.0,0.0,0.0,0.0,19,0.023779986614316396,25,15,10,0,0,0,0,0,0,0,0,1,0
1e8g,B,332,GLU,-3.5,138.4,-1.0,1,3,X,0.0,0.0,0.0,0.0,0.0,0.0,0.0,0.0,20,0.02984155182973038,18,14,4,0,0,0,0,0,0,0,0,1,0
1e8g,B,333,PRO,-1.6,112.7,0.0,0,0,X,0.0,0.0,0.0,0.0,0.0,0.0,0.0,0.0,24,0.040099585271200194,18,30,-12,0,0,0,0,0,0,0,0,1,0
1e8g,B,334,LEU,3.8,166.7,0.0,0,0,X,0.0,0.0,0.0,0.0,0.0,0.0,0.0,0.0,30,0.04149840801321881,35,43,-8,0,0,0,0,0,0,0,0,1,0
1e8g,B,335,SER,-0.8,89.0,0.0,1,1,X,0.0,0.0,0.0,0.0,0.0,0.0,0.0,0.0,21,0.03403802005578621,26,43,-17,0,0,0,0,0,0,0,0,1,0
1e8g,B,336,ASP,-3.5,111.1,-1.0,1,3,X,0.0,0.0,0.0,0.0,0.0,0.0,0.0,0.0,23,0.032172923066428064,35,35,0,0,0,0,0,0,0,0,0,1,0
1e8g,B,337,GLU,-3.5,138.4,-1.0,1,3,X,0.0,0.0,0.0,0.0,0.0,0.0,0.0,0.0,11,0.03124037457174899,20,25,-5,0,0,0,0,0,0,0,0,1,0
1e8g,B,338,GLU,-3.5,138.4,-1.0,1,3,X,0.0,0.0,0.0,0.0,0.0,0.0,0.0,0.0,24,0.03823448828184205,33,30,3,0,0,0,0,0,0,0,0,1,0
1e8g,B,339,LEU,3.8,166.7,0.0,0,0,X,0.0,0.0,0.0,0.0,0.0,0.0,0.0,0.0,34,0.048492521723311866,42,46,-4,0,0,0,0,0,0,0,0,1,0
1e8g,B,340,ASP,-3.5,111.1,-1.0,1,3,X,0.0,0.0,0.0,0.0,0.0,0.0,0.0,0.0,23,0.040565859518539735,40,32,8,0,0,0,0,0,0,0,0,1,0
1e8g,B,341,LYS,-3.9,168.6,1.0,2,0,X,0.0,0.0,0.0,0.0,0.0,0.0,0.0,0.0,18,0.032639197313767604,15,30,-15,0,0,0,0,0,0,0,0,1,0
1e8g,B,342,ILE,4.5,166.7,0.0,0,0,X,0.0,0.0,0.0,0.0,0.0,0.0,0.0,0.0,32,0.04429605349725603,34,30,4,0,0,0,0,0,0,0,0,1,0
1e8g,B,343,ALA,1.8,88.6,0.0,0,0,X,0.0,0.0,0.0,0.0,0.0,0.0,0.0,0.0,27,0.045694876239274644,31,23,8,0,0,0,0,0,0,0,0,1,0
1e8g,B,344,LYS,-3.9,168.6,1.0,2,0,X,0.0,0.0,0.0,0.0,0.0,0.0,0.0,0.0,17,0.03310547156110714,13,14,-1,0,0,0,0,0,0,0,0,1,0
1e8g,B,345,GLN,-3.5,143.8,0.0,2,2,X,0.0,0.0,0.0,0.0,0.0,0.0,0.0,0.0,16,0.028909003335051305,18,9,9,0,0,0,0,0,0,0,0,1,0
1e8g,B,346,LEU,3.8,166.7,0.0,0,0,X,0.0,0.0,0.0,0.0,0.0,0.0,0.0,0.0,31,0.03124037457174899,14,12,2,0,0,0,0,0,0,0,0,1,0
1e8g,B,347,ASN,-3.5,114.1,0.0,2,2,X,0.0,0.0,0.0,0.0,0.0,0.0,0.0,0.0,22,0.030307826077069916,19,3,16,0,0,0,0,0,0,0,0,1,0
1e8g,B,348,LEU,3.8,166.7,0.0,0,0,X,0.0,0.0,0.0,0.0,0.0,0.0,0.0,0.0,37,0.043363505002576956,35,12,23,0,0,0,0,0,0,0,0,1,0
1e8g,B,349,GLY,-0.4,60.1,0.0,0,0,X,0.0,0.0,0.0,0.0,0.0,0.0,0.0,0.0,35,0.043363505002576956,52,27,25,0,0,0,0,0,0,0,0,1,0
1e8g,B,350,ARG,-4.5,173.4,1.0,5,0,X,0.0,0.0,0.0,0.0,0.0,0.0,0.0,0.0,30,0.05408781269138631,31,39,-8,0,0,0,0,0,0,0,0,1,0
1e8g,B,351,TRP,-0.9,227.8,0.0,1,0,X,0.0,0.0,0.0,0.0,0.0,0.0,0.0,0.0,42,0.05735173242276307,43,20,23,0,0,0,0,0,0,0,0,1,0
1e8g,B,352,ASN,-3.5,114.1,0.0,2,2,X,0.0,0.0,0.0,0.0,0.0,0.0,0.0,0.0,39,0.05408781269138631,37,9,28,0,0,0,0,0,0,0,0,1,0
1e8g,B,353,PHE,2.8,189.9,0.0,0,0,X,0.0,0.0,0.0,0.0,0.0,0.0,0.0,0.0,44,0.0526889899493677,14,2,12,0,0,0,0,0,0,0,0,1,0
1e8g,B,354,TYR,-1.3,193.6,0.0,1,1,X,0.0,0.0,0.0,0.0,0.0,0.0,0.0,0.0,40,0.05408781269138631,30,15,15,0,0,0,0,0,0,0,0,1,0
1e8g,B,355,GLY,-0.4,60.1,0.0,0,0,X,0.0,0.0,0.0,0.0,0.0,0.0,0.0,0.0,38,0.0526889899493677,13,7,6,0,0,0,0,0,0,0,0,1,0
1e8g,B,356,ALA,1.8,88.6,0.0,0,0,X,0.0,0.0,0.0,0.0,0.0,0.0,0.0,0.0,39,0.04989134446533048,12,7,5,0,0,0,0,0,0,0,0,1,0
1e8g,B,357,LEU,3.8,166.7,0.0,0,0,X,0.0,0.0,0.0,0.0,0.0,0.0,0.0,0.0,34,0.053621538444046775,16,8,8,0,0,0,0,0,0,0,0,1,0
1e8g,B,358,TYR,-1.3,193.6,0.0,1,1,X,0.0,0.0,0.0,0.0,0.0,0.0,0.0,0.0,36,0.04476232774459557,11,2,9,0,0,0,0,0,0,0,0,1,0
1e8g,B,359,GLY,-0.4,60.1,0.0,0,0,X,0.0,0.0,0.0,0.0,0.0,0.0,0.0,0.0,24,0.03776821403450251,14,9,5,0,0,0,0,0,0,0,0,1,0
1e8g,B,360,PRO,-1.6,112.7,0.0,0,0,X,0.0,0.0,0.0,0.0,0.0,0.0,0.0,0.0,20,0.030307826077069916,15,9,6,0,0,0,0,0,0,0,0,1,0
1e8g,B,361,GLU,-3.5,138.4,-1.0,1,3,X,0.0,0.0,0.0,0.0,0.0,0.0,0.0,0.0,16,0.028909003335051305,22,3,19,0,0,0,0,0,0,0,0,1,0
1e8g,B,362,PRO,-1.6,112.7,0.0,0,0,X,0.0,0.0,0.0,0.0,0.0,0.0,0.0,0.0,14,0.032639197313767604,29,13,16,0,0,0,0,0,0,0,0,1,0
1e8g,B,363,ILE,4.5,166.7,0.0,0,0,X,0.0,0.0,0.0,0.0,0.0,0.0,0.0,0.0,20,0.04103213376587927,28,13,15,0,0,0,0,0,0,0,0,1,0
1e8g,B,364,ARG,-4.5,173.4,1.0,5,0,X,0.0,0.0,0.0,0.0,0.0,0.0,0.0,0.0,24,0.04755997322863279,8,11,-3,0,0,0,0,0,0,0,0,1,0
1e8g,B,365,ARG,-4.5,173.4,1.0,5,0,X,0.0,0.0,0.0,0.0,0.0,0.0,0.0,0.0,12,0.03963331102386066,13,18,-5,0,0,0,0,0,0,0,0,1,0
1e8g,B,366,VAL,4.2,140.0,0.0,0,0,X,0.0,0.0,0.0,0.0,0.0,0.0,0.0,0.0,16,0.03776821403450251,21,23,-2,0,0,0,0,0,0,0,0,1,0
1e8g,B,367,LEU,3.8,166.7,0.0,0,0,X,0.0,0.0,0.0,0.0,0.0,0.0,0.0,0.0,24,0.04149840801321881,20,14,6,0,0,0,0,0,0,0,0,1,0
1e8g,B,368,TRP,-0.9,227.8,0.0,1,0,X,0.0,0.0,0.0,0.0,0.0,0.0,0.0,0.0,30,0.043363505002576956,25,15,10,0,0,0,0,0,0,0,0,1,0
1e8g,B,369,GLU,-3.5,138.4,-1.0,1,3,X,0.0,0.0,0.0,0.0,0.0,0.0,0.0,0.0,17,0.03590311704514436,25,10,15,0,0,0,0,0,0,0,0,1,0
1e8g,B,370,THR,-0.7,116.1,0.0,1,1,X,0.0,0.0,0.0,0.0,0.0,0.0,0.0,0.0,25,0.03403802005578621,15,17,-2,0,0,0,0,0,0,0,0,1,0
1e8g,B,371,ILE,4.5,166.7,0.0,0,0,X,0.0,0.0,0.0,0.0,0.0,0.0,0.0,0.0,30,0.04662742473395372,16,16,0,0,0,0,0,0,0,0,0,1,0
1e8g,B,372,LYS,-3.9,168.6,1.0,2,0,X,0.0,0.0,0.0,0.0,0.0,0.0,0.0,0.0,23,0.04149840801321881,8,17,-9,0,0,0,0,0,0,0,0,1,0
1e8g,B,373,ASP,-3.5,111.1,-1.0,1,3,X,0.0,0.0,0.0,0.0,0.0,0.0,0.0,0.0,16,0.028909003335051305,9,8,1,0,0,0,0,0,0,0,0,1,0
1e8g,B,374,ALA,1.8,88.6,0.0,0,0,X,0.0,0.0,0.0,0.0,0.0,0.0,0.0,0.0,24,0.03310547156110714,7,16,-9,0,0,0,0,0,0,0,0,1,0
1e8g,B,375,PHE,2.8,189.9,0.0,0,0,X,0.0,0.0,0.0,0.0,0.0,0.0,0.0,0.0,34,0.04476232774459557,13,17,-4,0,0,0,0,0,0,0,0,1,0
1e8g,B,376,SER,-0.8,89.0,0.0,1,1,X,0.0,0.0,0.0,0.0,0.0,0.0,0.0,0.0,21,0.03357174580844668,12,10,2,0,0,0,0,0,0,0,0,1,0
1e8g,B,377,ALA,1.8,88.6,0.0,0,0,X,0.0,0.0,0.0,0.0,0.0,0.0,0.0,0.0,18,0.02611135785101408,3,13,-10,0,0,0,0,0,0,0,0,1,0
1e8g,B,378,ILE,4.5,166.7,0.0,0,0,X,0.0,0.0,0.0,0.0,0.0,0.0,0.0,0.0,25,0.034970568550465285,17,10,7,0,0,0,0,0,0,0,0,1,0
1e8g,B,379,PRO,-1.6,112.7,0.0,0,0,X,0.0,0.0,0.0,0.0,0.0,0.0,0.0,0.0,15,0.022847438119637322,12,8,4,0,0,0,0,0,0,0,0,1,0
1e8g,B,380,GLY,-0.4,60.1,0.0,0,0,X,0.0,0.0,0.0,0.0,0.0,0.0,0.0,0.0,18,0.022381163872297785,17,4,13,0,0,0,0,0,0,0,0,1,0
1e8g,B,381,VAL,4.2,140.0,0.0,0,0,X,0.0,0.0,0.0,0.0,0.0,0.0,0.0,0.0,27,0.040099585271200194,17,7,10,0,0,0,0,0,0,0,0,1,0
1e8g,B,382,LYS,-3.9,168.6,1.0,2,0,X,0.0,0.0,0.0,0.0,0.0,0.0,0.0,0.0,20,0.03170664881908853,0,3,-3,0,0,0,0,0,0,0,0,1,0
1e8g,B,383,PHE,2.8,189.9,0.0,0,0,X,0.0,0.0,0.0,0.0,0.0,0.0,0.0,0.0,23,0.04289723075523742,17,7,10,0,0,0,0,0,0,0,0,1,0
1e8g,B,384,TYR,-1.3,193.6,0.0,1,1,X,0.0,0.0,0.0,0.0,0.0,0.0,0.0,0.0,28,0.04429605349725603,11,14,-3,0,0,0,0,0,0,0,0,1,0
1e8g,B,385,PHE,2.8,189.9,0.0,0,0,X,0.0,0.0,0.0,0.0,0.0,0.0,0.0,0.0,22,0.043363505002576956,10,21,-11,0,0,0,0,0,0,0,0,1,0
1e8g,B,386,PRO,-1.6,112.7,0.0,0,0,X,0.0,0.0,0.0,0.0,0.0,0.0,0.0,0.0,25,0.045694876239274644,20,29,-9,0,0,0,0,0,0,0,0,1,0
1e8g,B,387,GLU,-3.5,138.4,-1.0,1,3,X,0.0,0.0,0.0,0.0,0.0,0.0,0.0,0.0,15,0.026577632098353617,11,14,-3,0,0,0,0,0,0,0,0,1,0
1e8g,B,388,ASP,-3.5,111.1,-1.0,1,3,X,0.0,0.0,0.0,0.0,0.0,0.0,0.0,0.0,17,0.02984155182973038,9,10,-1,0,0,0,0,0,0,0,0,1,0
1e8g,B,389,THR,-0.7,116.1,0.0,1,1,X,0.0,0.0,0.0,0.0,0.0,0.0,0.0,0.0,22,0.03776821403450251,11,24,-13,0,0,0,0,0,0,0,0,1,0
1e8g,B,390,PRO,-1.6,112.7,0.0,0,0,X,0.0,0.0,0.0,0.0,0.0,0.0,0.0,0.0,19,0.025645083603674543,10,21,-11,0,0,0,0,0,0,0,0,1,0
1e8g,B,391,GLU,-3.5,138.4,-1.0,1,3,X,0.0,0.0,0.0,0.0,0.0,0.0,0.0,0.0,13,0.021914889624958248,13,5,8,0,0,0,0,0,0,0,0,1,0
1e8g,B,392,ASN,-3.5,114.1,0.0,2,2,X,0.0,0.0,0.0,0.0,0.0,0.0,0.0,0.0,18,0.027510180593032695,11,15,-4,0,0,0,0,0,0,0,0,1,0
1e8g,B,393,SER,-0.8,89.0,0.0,1,1,X,0.0,0.0,0.0,0.0,0.0,0.0,0.0,0.0,27,0.03776821403450251,21,34,-13,0,0,0,0,0,0,0,0,1,0
1e8g,B,394,VAL,4.2,140.0,0.0,0,0,X,0.0,0.0,0.0,0.0,0.0,0.0,0.0,0.0,36,0.04616115048661418,31,36,-5,0,0,0,0,0,0,0,0,1,0
1e8g,B,395,LEU,3.8,166.7,0.0,0,0,X,0.0,0.0,0.0,0.0,0.0,0.0,0.0,0.0,36,0.04942507021799094,34,34,0,0,0,0,0,0,0,0,0,1,0
1e8g,B,396,ARG,-4.5,173.4,1.0,5,0,X,0.0,0.0,0.0,0.0,0.0,0.0,0.0,0.0,22,0.04289723075523742,13,35,-22,0,0,0,0,0,0,0,0,1,0
1e8g,B,397,VAL,4.2,140.0,0.0,0,0,X,0.0,0.0,0.0,0.0,0.0,0.0,0.0,0.0,33,0.04243095650789788,35,36,-1,0,0,0,0,0,0,0,0,1,0
1e8g,B,398,ARG,-4.5,173.4,1.0,5,0,X,0.0,0.0,0.0,0.0,0.0,0.0,0.0,0.0,44,0.04942507021799094,23,33,-10,0,0,0,0,0,0,0,0,1,0
1e8g,B,399,ASP,-3.5,111.1,-1.0,1,3,X,0.0,0.0,0.0,0.0,0.0,0.0,0.0,0.0,31,0.048492521723311866,30,6,24,0,0,0,0,0,0,0,0,1,0
1e8g,B,400,LYS,-3.9,168.6,1.0,2,0,X,0.0,0.0,0.0,0.0,0.0,0.0,0.0,0.0,25,0.04243095650789788,24,16,8,0,0,0,0,0,0,0,0,1,0
1e8g,B,401,THR,-0.7,116.1,0.0,1,1,X,0.0,0.0,0.0,0.0,0.0,0.0,0.0,0.0,39,0.05548663543340492,26,34,-8,0,0,0,0,0,0,0,0,1,0
1e8g,B,402,MET,1.9,162.9,0.0,0,0,X,0.0,0.0,0.0,0.0,0.0,0.0,0.0,0.0,41,0.05735173242276307,22,20,2,0,0,0,0,0,0,0,0,1,0
1e8g,B,403,GLN,-3.5,143.8,0.0,2,2,X,0.0,0.0,0.0,0.0,0.0,0.0,0.0,0.0,34,0.048492521723311866,29,15,14,0,0,0,0,0,0,0,0,1,0
1e8g,B,404,GLY,-0.4,60.1,0.0,0,0,X,0.0,0.0,0.0,0.0,0.0,0.0,0.0,0.0,36,0.048026247475972325,33,17,16,0,0,0,0,0,0,0,0,1,0
1e8g,B,405,ILE,4.5,166.7,0.0,0,0,X,0.0,0.0,0.0,0.0,0.0,0.0,0.0,0.0,32,0.04149840801321881,43,19,24,0,0,0,0,0,0,0,0,1,0
1e8g,B,406,PRO,-1.6,112.7,0.0,0,0,X,0.0,0.0,0.0,0.0,0.0,0.0,0.0,0.0,30,0.048492521723311866,30,22,8,0,0,0,0,0,0,0,0,1,0
1e8g,B,407,THR,-0.7,116.1,0.0,1,1,X,0.0,0.0,0.0,0.0,0.0,0.0,0.0,0.0,26,0.04103213376587927,33,28,5,0,0,0,0,0,0,0,0,1,0
1e8g,B,408,TYR,-1.3,193.6,0.0,1,1,X,0.0,0.0,0.0,0.0,0.0,0.0,0.0,0.0,22,0.035436842797804825,17,20,-3,0,0,0,0,0,0,0,0,1,0
1e8g,B,409,ASP,-3.5,111.1,-1.0,1,3,X,0.0,0.0,0.0,0.0,0.0,0.0,0.0,0.0,27,0.030307826077069916,28,18,10,0,0,0,0,0,0,0,0,1,0
1e8g,B,410,GLU,-3.5,138.4,-1.0,1,3,X,0.0,0.0,0.0,0.0,0.0,0.0,0.0,0.0,32,0.04289723075523742,25,24,1,0,0,0,0,0,0,0,0,1,0
1e8g,B,411,LEU,3.8,166.7,0.0,0,0,X,0.0,0.0,0.0,0.0,0.0,0.0,0.0,0.0,24,0.04243095650789788,18,31,-13,0,0,0,0,0,0,0,0,1,0
1e8g,B,412,LYS,-3.9,168.6,1.0,2,0,X,0.0,0.0,0.0,0.0,0.0,0.0,0.0,0.0,21,0.03870076252918159,1,34,-33,0,0,0,0,0,0,0,0,1,0
1e8g,B,413,TRP,-0.9,227.8,0.0,1,0,X,0.0,0.0,0.0,0.0,0.0,0.0,0.0,0.0,38,0.05222271570202816,24,29,-5,0,0,0,0,0,0,0,0,1,1
1e8g,B,414,ILE,4.5,166.7,0.0,0,0,X,0.0,0.0,0.0,0.0,0.0,0.0,0.0,0.0,33,0.04429605349725603,21,17,4,0,0,0,0,0,0,0,0,1,0
1e8g,B,415,ASP,-3.5,111.1,-1.0,1,3,X,0.0,0.0,0.0,0.0,0.0,0.0,0.0,0.0,26,0.04149840801321881,22,11,11,0,0,0,0,0,0,0,0,1,0
1e8g,B,416,TRP,-0.9,227.8,0.0,1,0,X,0.0,0.0,0.0,0.0,0.0,0.0,0.0,0.0,41,0.048492521723311866,22,28,-6,0,0,0,0,0,0,0,0,1,0
1e8g,B,417,LEU,3.8,166.7,0.0,0,0,X,0.0,0.0,0.0,0.0,0.0,0.0,0.0,0.0,32,0.043829779249916496,30,26,4,0,0,0,0,0,0,0,0,1,0
1e8g,B,418,PRO,-1.6,112.7,0.0,0,0,X,0.0,0.0,0.0,0.0,0.0,0.0,0.0,0.0,18,0.028909003335051305,30,21,9,0,0,0,0,0,0,0,0,1,0
1e8g,B,419,ASN,-3.5,114.1,0.0,2,2,X,0.0,0.0,0.0,0.0,0.0,0.0,0.0,0.0,21,0.034970568550465285,27,19,8,0,0,0,0,0,0,0,0,1,0
1e8g,B,420,GLY,-0.4,60.1,0.0,0,0,X,0.0,0.0,0.0,0.0,0.0,0.0,0.0,0.0,26,0.048492521723311866,38,14,24,0,0,0,0,0,0,0,0,1,0
1e8g,B,421,ALA,1.8,88.6,0.0,0,0,X,0.0,0.0,0.0,0.0,0.0,0.0,0.0,0.0,34,0.045694876239274644,41,17,24,0,0,0,0,0,0,0,0,1,0
1e8g,B,422,HIS,-3.2,153.2,0.1,2,1,X,0.0,0.0,0.0,0.0,0.0,0.0,0.0,0.0,37,0.04942507021799094,19,9,10,0,0,0,0,0,0,0,0,1,1
1e8g,B,423,LEU,3.8,166.7,0.0,0,0,X,0.0,0.0,0.0,0.0,0.0,0.0,0.0,0.0,40,0.05129016720734909,28,3,25,0,0,0,0,0,0,0,0,1,0
1e8g,B,424,PHE,2.8,189.9,0.0,0,0,X,0.0,0.0,0.0,0.0,0.0,0.0,0.0,0.0,33,0.04942507021799094,32,1,31,0,0,0,0,0,0,0,0,1,1
1e8g,B,425,PHE,2.8,189.9,0.0,0,0,X,0.0,0.0,0.0,0.0,0.0,0.0,0.0,0.0,43,0.048958795970651406,24,13,11,0,0,0,0,0,0,0,0,1,0
1e8g,B,426,SER,-0.8,89.0,0.0,1,1,X,0.0,0.0,0.0,0.0,0.0,0.0,0.0,0.0,40,0.053155264196707235,33,10,23,0,0,0,0,0,0,0,0,1,0
1e8g,B,427,PRO,-1.6,112.7,0.0,0,0,X,0.0,0.0,0.0,0.0,0.0,0.0,0.0,0.0,43,0.050823892960009553,26,15,11,0,0,0,0,0,0,0,0,1,0
1e8g,B,428,ILE,4.5,166.7,0.0,0,0,X,0.0,0.0,0.0,0.0,0.0,0.0,0.0,0.0,39,0.05408781269138631,41,24,17,0,0,0,0,0,0,0,0,1,0
1e8g,B,429,ALA,1.8,88.6,0.0,0,0,X,0.0,0.0,0.0,0.0,0.0,0.0,0.0,0.0,41,0.05455408693872585,43,24,19,0,0,0,0,0,0,0,0,1,0
1e8g,B,430,LYS,-3.9,168.6,1.0,2,0,X,0.0,0.0,0.0,0.0,0.0,0.0,0.0,0.0,34,0.04755997322863279,24,37,-13,0,0,0,0,0,0,0,0,1,0
1e8g,B,431,VAL,4.2,140.0,0.0,0,0,X,0.0,0.0,0.0,0.0,0.0,0.0,0.0,0.0,40,0.050823892960009553,41,38,3,0,0,0,0,0,0,0,0,1,0
1e8g,B,432,SER,-0.8,89.0,0.0,1,1,X,0.0,0.0,0.0,0.0,0.0,0.0,0.0,0.0,32,0.04289723075523742,36,38,-2,0,0,0,0,0,0,0,0,1,0
1e8g,B,433,GLY,-0.4,60.1,0.0,0,0,X,0.0,0.0,0.0,0.0,0.0,0.0,0.0,0.0,27,0.043829779249916496,24,33,-9,0,0,0,0,0,0,0,0,1,0
1e8g,B,434,GLU,-3.5,138.4,-1.0,1,3,X,0.0,0.0,0.0,0.0,0.0,0.0,0.0,0.0,18,0.03403802005578621,21,18,3,0,0,0,0,0,0,0,0,1,0
1e8g,B,435,ASP,-3.5,111.1,-1.0,1,3,X,0.0,0.0,0.0,0.0,0.0,0.0,0.0,0.0,31,0.043363505002576956,31,16,15,0,0,0,0,0,0,0,0,1,0
1e8g,B,436,ALA,1.8,88.6,0.0,0,0,X,0.0,0.0,0.0,0.0,0.0,0.0,0.0,0.0,35,0.053155264196707235,31,25,6,0,0,0,0,0,0,0,0,1,0
1e8g,B,437,MET,1.9,162.9,0.0,0,0,X,0.0,0.0,0.0,0.0,0.0,0.0,0.0,0.0,29,0.04149840801321881,19,32,-13,0,0,0,0,0,0,0,0,1,0
1e8g,B,438,MET,1.9,162.9,0.0,0,0,X,0.0,0.0,0.0,0.0,0.0,0.0,0.0,0.0,25,0.03730193978716297,13,19,-6,0,0,0,0,0,0,0,0,1,0
1e8g,B,439,GLN,-3.5,143.8,0.0,2,2,X,0.0,0.0,0.0,0.0,0.0,0.0,0.0,0.0,40,0.04662742473395372,28,18,10,0,0,0,0,0,0,0,0,1,0
1e8g,B,440,TYR,-1.3,193.6,0.0,1,1,X,0.0,0.0,0.0,0.0,0.0,0.0,0.0,0.0,32,0.04709369898129325,35,13,22,0,0,0,0,0,0,0,0,1,0
1e8g,B,441,ALA,1.8,88.6,0.0,0,0,X,0.0,0.0,0.0,0.0,0.0,0.0,0.0,0.0,27,0.03450429430312575,29,11,18,0,0,0,0,0,0,0,0,1,0
1e8g,B,442,VAL,4.2,140.0,0.0,0,0,X,0.0,0.0,0.0,0.0,0.0,0.0,0.0,0.0,30,0.040099585271200194,33,16,17,0,0,0,0,0,0,0,0,1,0
1e8g,B,443,THR,-0.7,116.1,0.0,1,1,X,0.0,0.0,0.0,0.0,0.0,0.0,0.0,0.0,37,0.04755997322863279,37,16,21,0,0,0,0,0,0,0,0,1,0
1e8g,B,444,LYS,-3.9,168.6,1.0,2,0,X,0.0,0.0,0.0,0.0,0.0,0.0,0.0,0.0,31,0.04243095650789788,27,23,4,0,0,0,0,0,0,0,0,1,0
1e8g,B,445,LYS,-3.9,168.6,1.0,2,0,X,0.0,0.0,0.0,0.0,0.0,0.0,0.0,0.0,19,0.0363693912924839,20,13,7,0,0,0,0,0,0,0,0,1,0
1e8g,B,446,ARG,-4.5,173.4,1.0,5,0,X,0.0,0.0,0.0,0.0,0.0,0.0,0.0,0.0,25,0.045228601991935104,20,21,-1,0,0,0,0,0,0,0,0,1,0
1e8g,B,447,CYS,2.5,108.5,0.0,1,0,X,0.0,0.0,0.0,0.0,0.0,0.0,0.0,0.0,31,0.048026247475972325,31,20,11,0,0,0,0,0,0,0,0,1,0
1e8g,B,448,GLN,-3.5,143.8,0.0,2,2,X,0.0,0.0,0.0,0.0,0.0,0.0,0.0,0.0,26,0.03730193978716297,28,27,1,0,0,0,0,0,0,0,0,1,0
1e8g,B,449,GLU,-3.5,138.4,-1.0,1,3,X,0.0,0.0,0.0,0.0,0.0,0.0,0.0,0.0,19,0.03170664881908853,34,5,29,0,0,0,0,0,0,0,0,1,0
1e8g,B,450,ALA,1.8,88.6,0.0,0,0,X,0.0,0.0,0.0,0.0,0.0,0.0,0.0,0.0,29,0.03963331102386066,32,21,11,0,0,0,0,0,0,0,0,1,0
1e8g,B,451,GLY,-0.4,60.1,0.0,0,0,X,0.0,0.0,0.0,0.0,0.0,0.0,0.0,0.0,28,0.032639197313767604,25,25,0,0,0,0,0,0,0,0,0,1,0
1e8g,B,452,LEU,3.8,166.7,0.0,0,0,X,0.0,0.0,0.0,0.0,0.0,0.0,0.0,0.0,33,0.04429605349725603,25,23,2,0,0,0,0,0,0,0,0,1,0
1e8g,B,453,ASP,-3.5,111.1,-1.0,1,3,X,0.0,0.0,0.0,0.0,0.0,0.0,0.0,0.0,37,0.04429605349725603,29,12,17,0,0,0,0,0,0,0,0,1,0
1e8g,B,454,PHE,2.8,189.9,0.0,0,0,X,0.0,0.0,0.0,0.0,0.0,0.0,0.0,0.0,39,0.04476232774459557,39,12,27,0,0,0,0,0,0,0,0,1,0
1e8g,B,455,ILE,4.5,166.7,0.0,0,0,X,0.0,0.0,0.0,0.0,0.0,0.0,0.0,0.0,38,0.04662742473395372,26,11,15,0,0,0,0,0,0,0,0,1,0
1e8g,B,456,GLY,-0.4,60.1,0.0,0,0,X,0.0,0.0,0.0,0.0,0.0,0.0,0.0,0.0,35,0.048958795970651406,35,12,23,0,0,0,0,0,0,0,0,1,0
1e8g,B,457,THR,-0.7,116.1,0.0,1,1,X,0.0,0.0,0.0,0.0,0.0,0.0,0.0,0.0,39,0.04989134446533048,43,11,32,0,0,0,0,0,0,0,0,1,0
1e8g,B,458,PHE,2.8,189.9,0.0,0,0,X,0.0,0.0,0.0,0.0,0.0,0.0,0.0,0.0,40,0.04616115048661418,35,6,29,0,0,0,0,0,0,0,0,1,0
1e8g,B,459,THR,-0.7,116.1,0.0,1,1,X,0.0,0.0,0.0,0.0,0.0,0.0,0.0,0.0,37,0.04989134446533048,34,12,22,0,0,0,0,0,0,0,0,1,0
1e8g,B,460,VAL,4.2,140.0,0.0,0,0,X,0.0,0.0,0.0,0.0,0.0,0.0,0.0,0.0,36,0.04989134446533048,37,9,28,0,0,0,0,0,0,0,0,1,0
1e8g,B,461,GLY,-0.4,60.1,0.0,0,0,X,0.0,0.0,0.0,0.0,0.0,0.0,0.0,0.0,38,0.04149840801321881,42,15,27,0,0,0,0,0,0,0,0,1,0
1e8g,B,462,MET,1.9,162.9,0.0,0,0,X,0.0,0.0,0.0,0.0,0.0,0.0,0.0,0.0,34,0.0363693912924839,31,13,18,0,0,0,0,0,0,0,0,1,0
1e8g,B,463,ARG,-4.5,173.4,1.0,5,0,X,0.0,0.0,0.0,0.0,0.0,0.0,0.0,0.0,38,0.050823892960009553,35,16,19,0,0,0,0,0,0,0,0,1,0
1e8g,B,464,GLU,-3.5,138.4,-1.0,1,3,X,0.0,0.0,0.0,0.0,0.0,0.0,0.0,0.0,37,0.04616115048661418,40,5,35,0,0,0,0,0,0,0,0,1,0
1e8g,B,465,MET,1.9,162.9,0.0,0,0,X,0.0,0.0,0.0,0.0,0.0,0.0,0.0,0.0,36,0.048958795970651406,42,17,25,0,0,0,0,0,0,0,0,1,0
1e8g,B,466,HIS,-3.2,153.2,0.1,2,1,X,0.0,0.0,0.0,0.0,0.0,0.0,0.0,0.0,42,0.053621538444046775,28,19,9,0,0,0,0,0,0,0,0,1,0
1e8g,B,467,HIS,-3.2,153.2,0.1,2,1,X,0.0,0.0,0.0,0.0,0.0,0.0,0.0,0.0,42,0.050823892960009553,16,10,6,0,0,0,0,0,0,0,0,1,0
1e8g,B,468,ILE,4.5,166.7,0.0,0,0,X,0.0,0.0,0.0,0.0,0.0,0.0,0.0,0.0,35,0.048492521723311866,33,4,29,0,0,0,0,0,0,0,0,1,1
1e8g,B,469,VAL,4.2,140.0,0.0,0,0,X,0.0,0.0,0.0,0.0,0.0,0.0,0.0,0.0,36,0.04709369898129325,24,5,19,0,0,0,0,0,0,0,0,1,0
1e8g,B,470,CYS,2.5,108.5,0.0,1,0,X,0.0,0.0,0.0,0.0,0.0,0.0,0.0,0.0,34,0.04662742473395372,24,5,19,0,0,0,0,0,0,0,0,1,0
1e8g,B,471,ILE,4.5,166.7,0.0,0,0,X,0.0,0.0,0.0,0.0,0.0,0.0,0.0,0.0,39,0.04709369898129325,15,5,10,0,0,0,0,0,0,0,0,1,0
1e8g,B,472,VAL,4.2,140.0,0.0,0,0,X,0.0,0.0,0.0,0.0,0.0,0.0,0.0,0.0,36,0.04989134446533048,19,14,5,0,0,0,0,0,0,0,0,1,0
1e8g,B,473,PHE,2.8,189.9,0.0,0,0,X,0.0,0.0,0.0,0.0,0.0,0.0,0.0,0.0,36,0.04755997322863279,51,13,38,0,0,0,0,0,0,0,0,1,0
1e8g,B,474,ASN,-3.5,114.1,0.0,2,2,X,0.0,0.0,0.0,0.0,0.0,0.0,0.0,0.0,24,0.04709369898129325,38,10,28,0,0,0,0,0,0,0,0,1,0
1e8g,B,475,LYS,-3.9,168.6,1.0,2,0,X,0.0,0.0,0.0,0.0,0.0,0.0,0.0,0.0,25,0.045228601991935104,35,24,11,0,0,0,0,0,0,0,0,1,0
1e8g,B,476,LYS,-3.9,168.6,1.0,2,0,X,0.0,0.0,0.0,0.0,0.0,0.0,0.0,0.0,16,0.030774100324409453,26,11,15,0,0,0,0,0,0,0,0,1,0
1e8g,B,477,ASP,-3.5,111.1,-1.0,1,3,X,0.0,0.0,0.0,0.0,0.0,0.0,0.0,0.0,20,0.03403802005578621,45,0,45,0,0,0,0,0,0,0,0,1,0
1e8g,B,478,LEU,3.8,166.7,0.0,0,0,X,0.0,0.0,0.0,0.0,0.0,0.0,0.0,0.0,16,0.02844272908771177,41,14,27,0,0,0,0,0,0,0,0,1,0
1e8g,B,479,ILE,4.5,166.7,0.0,0,0,X,0.0,0.0,0.0,0.0,0.0,0.0,0.0,0.0,12,0.02984155182973038,33,8,25,0,0,0,0,0,0,0,0,1,0
1e8g,B,480,GLN,-3.5,143.8,0.0,2,2,X,0.0,0.0,0.0,0.0,0.0,0.0,0.0,0.0,30,0.04103213376587927,40,10,30,0,0,0,0,0,0,0,0,1,0
1e8g,B,481,LYS,-3.9,168.6,1.0,2,0,X,0.0,0.0,0.0,0.0,0.0,0.0,0.0,0.0,28,0.04989134446533048,41,16,25,0,0,0,0,0,0,0,0,1,0
1e8g,B,482,ARG,-4.5,173.4,1.0,5,0,X,0.0,0.0,0.0,0.0,0.0,0.0,0.0,0.0,15,0.03450429430312575,19,13,6,0,0,0,0,0,0,0,0,1,0
1e8g,B,483,LYS,-3.9,168.6,1.0,2,0,X,0.0,0.0,0.0,0.0,0.0,0.0,0.0,0.0,23,0.040565859518539735,20,13,7,0,0,0,0,0,0,0,0,1,0
1e8g,B,484,VAL,4.2,140.0,0.0,0,0,X,0.0,0.0,0.0,0.0,0.0,0.0,0.0,0.0,35,0.04989134446533048,39,3,36,0,0,0,0,0,0,0,0,1,0
1e8g,B,485,GLN,-3.5,143.8,0.0,2,2,X,0.0,0.0,0.0,0.0,0.0,0.0,0.0,0.0,29,0.04243095650789788,41,4,37,0,0,0,0,0,0,0,0,1,0
1e8g,B,486,TRP,-0.9,227.8,0.0,1,0,X,0.0,0.0,0.0,0.0,0.0,0.0,0.0,0.0,26,0.03683566553982344,38,15,23,0,0,0,0,0,0,0,0,1,0
1e8g,B,487,LEU,3.8,166.7,0.0,0,0,X,0.0,0.0,0.0,0.0,0.0,0.0,0.0,0.0,36,0.04616115048661418,41,16,25,0,0,0,0,0,0,0,0,1,0
1e8g,B,488,MET,1.9,162.9,0.0,0,0,X,0.0,0.0,0.0,0.0,0.0,0.0,0.0,0.0,39,0.048492521723311866,31,14,17,0,0,0,0,0,0,0,0,1,0
1e8g,B,489,ARG,-4.5,173.4,1.0,5,0,X,0.0,0.0,0.0,0.0,0.0,0.0,0.0,0.0,28,0.04289723075523742,6,14,-8,0,0,0,0,0,0,0,0,1,0
1e8g,B,490,THR,-0.7,116.1,0.0,1,1,X,0.0,0.0,0.0,0.0,0.0,0.0,0.0,0.0,27,0.04149840801321881,26,22,4,0,0,0,0,0,0,0,0,1,0
1e8g,B,491,LEU,3.8,166.7,0.0,0,0,X,0.0,0.0,0.0,0.0,0.0,0.0,0.0,0.0,41,0.04755997322863279,31,23,8,0,0,0,0,0,0,0,0,1,0
1e8g,B,492,ILE,4.5,166.7,0.0,0,0,X,0.0,0.0,0.0,0.0,0.0,0.0,0.0,0.0,39,0.048492521723311866,13,33,-20,0,0,0,0,0,0,0,0,1,0
1e8g,B,493,ASP,-3.5,111.1,-1.0,1,3,X,0.0,0.0,0.0,0.0,0.0,0.0,0.0,0.0,24,0.035436842797804825,15,17,-2,0,0,0,0,0,0,0,0,1,0
1e8g,B,494,ASP,-3.5,111.1,-1.0,1,3,X,0.0,0.0,0.0,0.0,0.0,0.0,0.0,0.0,26,0.03683566553982344,20,13,7,0,0,0,0,0,0,0,0,1,0
1e8g,B,495,CYS,2.5,108.5,0.0,1,0,X,0.0,0.0,0.0,0.0,0.0,0.0,0.0,0.0,37,0.04942507021799094,11,27,-16,0,0,0,0,0,0,0,0,1,0
1e8g,B,496,ALA,1.8,88.6,0.0,0,0,X,0.0,0.0,0.0,0.0,0.0,0.0,0.0,0.0,34,0.04196468226055834,7,31,-24,0,0,0,0,0,0,0,0,1,0
1e8g,B,497,ALA,1.8,88.6,0.0,0,0,X,0.0,0.0,0.0,0.0,0.0,0.0,0.0,0.0,23,0.028909003335051305,12,24,-12,0,0,0,0,0,0,0,0,1,0
1e8g,B,498,ASN,-3.5,114.1,0.0,2,2,X,0.0,0.0,0.0,0.0,0.0,0.0,0.0,0.0,27,0.03310547156110714,9,27,-18,0,0,0,0,0,0,0,0,1,0
1e8g,B,499,GLY,-0.4,60.1,0.0,0,0,X,0.0,0.0,0.0,0.0,0.0,0.0,0.0,0.0,33,0.045694876239274644,17,26,-9,0,0,0,0,0,0,0,0,1,0
1e8g,B,500,TRP,-0.9,227.8,0.0,1,0,X,0.0,0.0,0.0,0.0,0.0,0.0,0.0,0.0,39,0.05408781269138631,23,29,-6,0,0,0,0,0,0,0,0,1,0
1e8g,B,501,GLY,-0.4,60.1,0.0,0,0,X,0.0,0.0,0.0,0.0,0.0,0.0,0.0,0.0,44,0.05455408693872585,22,16,6,0,0,0,0,0,0,0,0,1,0
1e8g,B,502,GLU,-3.5,138.4,-1.0,1,3,X,0.0,0.0,0.0,0.0,0.0,0.0,0.0,0.0,43,0.05129016720734909,19,6,13,0,0,0,0,0,0,0,0,1,0
1e8g,B,503,TYR,-1.3,193.6,0.0,1,1,X,0.0,0.0,0.0,0.0,0.0,0.0,0.0,0.0,35,0.05408781269138631,39,23,16,0,0,0,0,0,0,0,0,1,1
1e8g,B,504,ARG,-4.5,173.4,1.0,5,0,X,0.0,0.0,0.0,0.0,0.0,0.0,0.0,0.0,38,0.048026247475972325,27,15,12,0,0,0,0,0,0,0,0,1,1
1e8g,B,505,THR,-0.7,116.1,0.0,1,1,X,0.0,0.0,0.0,0.0,0.0,0.0,0.0,0.0,36,0.05548663543340492,30,19,11,0,0,0,0,0,0,0,0,1,0
1e8g,B,506,HIS,-3.2,153.2,0.1,2,1,X,0.0,0.0,0.0,0.0,0.0,0.0,0.0,0.0,42,0.04616115048661418,27,9,18,0,0,0,0,0,0,0,0,1,0
1e8g,B,507,LEU,3.8,166.7,0.0,0,0,X,0.0,0.0,0.0,0.0,0.0,0.0,0.0,0.0,41,0.04709369898129325,33,16,17,0,0,0,0,0,0,0,0,1,0
1e8g,B,508,ALA,1.8,88.6,0.0,0,0,X,0.0,0.0,0.0,0.0,0.0,0.0,0.0,0.0,33,0.045694876239274644,34,13,21,0,0,0,0,0,0,0,0,1,0
1e8g,B,509,PHE,2.8,189.9,0.0,0,0,X,0.0,0.0,0.0,0.0,0.0,0.0,0.0,0.0,36,0.048492521723311866,29,13,16,0,0,0,0,0,0,0,0,1,0
1e8g,B,510,MET,1.9,162.9,0.0,0,0,X,0.0,0.0,0.0,0.0,0.0,0.0,0.0,0.0,40,0.04942507021799094,44,16,28,0,0,0,0,0,0,0,0,1,0
1e8g,B,511,ASP,-3.5,111.1,-1.0,1,3,X,0.0,0.0,0.0,0.0,0.0,0.0,0.0,0.0,29,0.04942507021799094,37,10,27,0,0,0,0,0,0,0,0,1,0
1e8g,B,512,GLN,-3.5,143.8,0.0,2,2,X,0.0,0.0,0.0,0.0,0.0,0.0,0.0,0.0,27,0.040099585271200194,20,32,-12,0,0,0,0,0,0,0,0,1,0
1e8g,B,513,ILE,4.5,166.7,0.0,0,0,X,0.0,0.0,0.0,0.0,0.0,0.0,0.0,0.0,38,0.048026247475972325,20,31,-11,0,0,0,0,0,0,0,0,1,0
1e8g,B,514,MET,1.9,162.9,0.0,0,0,X,0.0,0.0,0.0,0.0,0.0,0.0,0.0,0.0,37,0.04755997322863279,12,25,-13,0,0,0,0,0,0,0,0,1,0
1e8g,B,515,GLU,-3.5,138.4,-1.0,1,3,X,0.0,0.0,0.0,0.0,0.0,0.0,0.0,0.0,27,0.03403802005578621,8,11,-3,0,0,0,0,0,0,0,0,1,0
1e8g,B,516,THR,-0.7,116.1,0.0,1,1,X,0.0,0.0,0.0,0.0,0.0,0.0,0.0,0.0,35,0.04243095650789788,1,33,-32,0,0,0,0,0,0,0,0,1,0
1e8g,B,517,TYR,-1.3,193.6,0.0,1,1,X,0.0,0.0,0.0,0.0,0.0,0.0,0.0,0.0,40,0.05035761871267001,5,20,-15,0,0,0,0,0,0,0,0,1,0
1e8g,B,518,ASN,-3.5,114.1,0.0,2,2,X,0.0,0.0,0.0,0.0,0.0,0.0,0.0,0.0,26,0.04429605349725603,7,12,-5,0,0,0,0,0,0,0,0,1,0
1e8g,B,519,TRP,-0.9,227.8,0.0,1,0,X,0.0,0.0,0.0,0.0,0.0,0.0,0.0,0.0,33,0.04429605349725603,13,22,-9,0,0,0,0,0,0,0,0,1,0
1e8g,B,520,ASN,-3.5,114.1,0.0,2,2,X,0.0,0.0,0.0,0.0,0.0,0.0,0.0,0.0,26,0.03590311704514436,19,16,3,0,0,0,0,0,0,0,0,1,0
1e8g,B,521,ASN,-3.5,114.1,0.0,2,2,X,0.0,0.0,0.0,0.0,0.0,0.0,0.0,0.0,17,0.025178809356335007,9,11,-2,0,0,0,0,0,0,0,0,1,0
1e8g,B,522,SER,-0.8,89.0,0.0,1,1,X,0.0,0.0,0.0,0.0,0.0,0.0,0.0,0.0,24,0.04149840801321881,15,19,-4,0,0,0,0,0,0,0,0,1,0
1e8g,B,523,SER,-0.8,89.0,0.0,1,1,X,0.0,0.0,0.0,0.0,0.0,0.0,0.0,0.0,28,0.048026247475972325,18,16,2,0,0,0,0,0,0,0,0,1,0
1e8g,B,524,PHE,2.8,189.9,0.0,0,0,X,0.0,0.0,0.0,0.0,0.0,0.0,0.0,0.0,42,0.05129016720734909,17,15,2,0,0,0,0,0,0,0,0,1,0
1e8g,B,525,LEU,3.8,166.7,0.0,0,0,X,0.0,0.0,0.0,0.0,0.0,0.0,0.0,0.0,36,0.043363505002576956,23,22,1,0,0,0,0,0,0,0,0,1,0
1e8g,B,526,ARG,-4.5,173.4,1.0,5,0,X,0.0,0.0,0.0,0.0,0.0,0.0,0.0,0.0,27,0.03590311704514436,7,15,-8,0,0,0,0,0,0,0,0,1,0
1e8g,B,527,PHE,2.8,189.9,0.0,0,0,X,0.0,0.0,0.0,0.0,0.0,0.0,0.0,0.0,33,0.043829779249916496,15,18,-3,0,0,0,0,0,0,0,0,1,0
1e8g,B,528,ASN,-3.5,114.1,0.0,2,2,X,0.0,0.0,0.0,0.0,0.0,0.0,0.0,0.0,36,0.045694876239274644,20,10,10,0,0,0,0,0,0,0,0,1,0
1e8g,B,529,GLU,-3.5,138.4,-1.0,1,3,X,0.0,0.0,0.0,0.0,0.0,0.0,0.0,0.0,28,0.045694876239274644,29,0,29,0,0,0,0,0,0,0,0,1,0
1e8g,B,530,VAL,4.2,140.0,0.0,0,0,X,0.0,0.0,0.0,0.0,0.0,0.0,0.0,0.0,24,0.035436842797804825,19,13,6,0,0,0,0,0,0,0,0,1,0
1e8g,B,531,LEU,3.8,166.7,0.0,0,0,X,0.0,0.0,0.0,0.0,0.0,0.0,0.0,0.0,22,0.04709369898129325,17,14,3,0,0,0,0,0,0,0,0,1,0
1e8g,B,532,LYS,-3.9,168.6,1.0,2,0,X,0.0,0.0,0.0,0.0,0.0,0.0,0.0,0.0,35,0.048026247475972325,6,17,-11,0,0,0,0,0,0,0,0,1,0
1e8g,B,533,ASN,-3.5,114.1,0.0,2,2,X,0.0,0.0,0.0,0.0,0.0,0.0,0.0,0.0,24,0.04196468226055834,11,17,-6,0,0,0,0,0,0,0,0,1,0
1e8g,B,534,ALA,1.8,88.6,0.0,0,0,X,0.0,0.0,0.0,0.0,0.0,0.0,0.0,0.0,19,0.035436842797804825,14,15,-1,0,0,0,0,0,0,0,0,1,0
1e8g,B,535,VAL,4.2,140.0,0.0,0,0,X,0.0,0.0,0.0,0.0,0.0,0.0,0.0,0.0,29,0.04289723075523742,12,13,-1,0,0,0,0,0,0,0,0,1,0
1e8g,B,536,ASP,-3.5,111.1,-1.0,1,3,X,0.0,0.0,0.0,0.0,0.0,0.0,0.0,0.0,34,0.045228601991935104,9,2,7,0,0,0,0,0,0,0,0,1,0
1e8g,B,537,PRO,-1.6,112.7,0.0,0,0,X,0.0,0.0,0.0,0.0,0.0,0.0,0.0,0.0,20,0.030774100324409453,9,9,0,0,0,0,0,0,0,0,0,1,0
1e8g,B,538,ASN,-3.5,114.1,0.0,2,2,X,0.0,0.0,0.0,0.0,0.0,0.0,0.0,0.0,26,0.03357174580844668,10,8,2,0,0,0,0,0,0,0,0,1,0
1e8g,B,539,GLY,-0.4,60.1,0.0,0,0,X,0.0,0.0,0.0,0.0,0.0,0.0,0.0,0.0,33,0.05129016720734909,9,8,1,0,0,0,0,0,0,0,0,1,0
1e8g,B,540,ILE,4.5,166.7,0.0,0,0,X,0.0,0.0,0.0,0.0,0.0,0.0,0.0,0.0,41,0.05175644145468863,8,8,0,0,0,0,0,0,0,0,0,1,0
1e8g,B,541,ILE,4.5,166.7,0.0,0,0,X,0.0,0.0,0.0,0.0,0.0,0.0,0.0,0.0,41,0.04942507021799094,13,8,5,0,0,0,0,0,0,0,0,1,0
1e8g,B,542,ALA,1.8,88.6,0.0,0,0,X,0.0,0.0,0.0,0.0,0.0,0.0,0.0,0.0,36,0.05129016720734909,22,5,17,0,0,0,0,0,0,0,0,1,0
1e8g,B,543,PRO,-1.6,112.7,0.0,0,0,X,0.0,0.0,0.0,0.0,0.0,0.0,0.0,0.0,37,0.053155264196707235,24,6,18,0,0,0,0,0,0,0,0,1,0
1e8g,B,544,GLY,-0.4,60.1,0.0,0,0,X,0.0,0.0,0.0,0.0,0.0,0.0,0.0,0.0,41,0.05222271570202816,37,11,26,0,0,0,0,0,0,0,0,1,0
1e8g,B,545,LYS,-3.9,168.6,1.0,2,0,X,0.0,0.0,0.0,0.0,0.0,0.0,0.0,0.0,43,0.048958795970651406,22,11,11,0,0,0,0,0,0,0,0,1,1
1e8g,B,546,SER,-0.8,89.0,0.0,1,1,X,0.0,0.0,0.0,0.0,0.0,0.0,0.0,0.0,41,0.05035761871267001,31,14,17,0,0,0,0,0,0,0,0,1,0
1e8g,B,547,GLY,-0.4,60.1,0.0,0,0,X,0.0,0.0,0.0,0.0,0.0,0.0,0.0,0.0,40,0.04709369898129325,41,20,21,0,0,0,0,0,0,0,0,1,0
1e8g,B,548,VAL,4.2,140.0,0.0,0,0,X,0.0,0.0,0.0,0.0,0.0,0.0,0.0,0.0,36,0.04942507021799094,38,18,20,0,0,0,0,0,0,0,0,1,0
1e8g,B,549,TRP,-0.9,227.8,0.0,1,0,X,0.0,0.0,0.0,0.0,0.0,0.0,0.0,0.0,33,0.05222271570202816,42,16,26,0,0,0,0,0,0,0,0,1,0
1e8g,B,550,PRO,-1.6,112.7,0.0,0,0,X,0.0,0.0,0.0,0.0,0.0,0.0,0.0,0.0,32,0.0526889899493677,22,17,5,0,0,0,0,0,0,0,0,1,0
1e8g,B,551,SER,-0.8,89.0,0.0,1,1,X,0.0,0.0,0.0,0.0,0.0,0.0,0.0,0.0,20,0.028909003335051305,18,14,4,0,0,0,0,0,0,0,0,1,0
1e8g,B,552,GLN,-3.5,143.8,0.0,2,2,X,0.0,0.0,0.0,0.0,0.0,0.0,0.0,0.0,22,0.027510180593032695,14,7,7,0,0,0,0,0,0,0,0,1,0
1e8g,B,553,TYR,-1.3,193.6,0.0,1,1,X,0.0,0.0,0.0,0.0,0.0,0.0,0.0,0.0,34,0.04289723075523742,31,2,29,0,0,0,0,0,0,0,0,1,0
1e8g,B,554,SER,-0.8,89.0,0.0,1,1,X,0.0,0.0,0.0,0.0,0.0,0.0,0.0,0.0,12,0.032639197313767604,22,0,22,0,0,0,0,0,0,0,0,1,0
1e8g,B,555,HIS,-3.2,153.2,0.1,2,1,X,0.0,0.0,0.0,0.0,0.0,0.0,0.0,0.0,20,0.032639197313767604,15,11,4,0,0,0,0,0,0,0,0,1,0
1e8g,B,556,VAL,4.2,140.0,0.0,0,0,X,0.0,0.0,0.0,0.0,0.0,0.0,0.0,0.0,8,0.021914889624958248,19,0,19,0,0,0,0,0,0,0,0,1,0
1e8g,B,557,THR,-0.7,116.1,0.0,1,1,X,0.0,0.0,0.0,0.0,0.0,0.0,0.0,0.0,15,0.02331371236697686,22,1,21,0,0,0,0,0,0,0,0,1,0
1e8g,B,558,TRP,-0.9,227.8,0.0,1,0,X,0.0,0.0,0.0,0.0,0.0,0.0,0.0,0.0,24,0.03870076252918159,29,5,24,0,0,0,0,0,0,0,0,1,0
1e8g,B,559,LYS,-3.9,168.6,1.0,2,0,X,0.0,0.0,0.0,0.0,0.0,0.0,0.0,0.0,26,0.034970568550465285,20,15,5,0,0,0,0,0,0,0,0,1,0
1e8g,B,560,LEU,3.8,166.7,0.0,0,0,X,0.0,0.0,0.0,0.0,0.0,0.0,0.0,0.0,23,0.03403802005578621,32,8,24,0,0,0,0,0,0,0,0,1,0
